0.0	132.26	140.84	143.68	144.22	144.93333333333334	145.16	144.97333333333333	145.23333333333332	145.34666666666666	145.24666666666667	145.24666666666667	145.12	145.42	145.24	145.09333333333333	145.28	145.15333333333334	145.40666666666667	145.21333333333334	145.28	145.50666666666666	145.25333333333333	145.30666666666667	145.11333333333334	145.54	145.14666666666668	145.42666666666668	144.99333333333334	145.22666666666666	145.10666666666665	145.23333333333332	145.12	145.47333333333333	145.23333333333332	145.34666666666666	145.6	145.56	145.24666666666667	145.32666666666665	144.92	145.47333333333333	145.14666666666668	145.34666666666666	145.33333333333334	145.63333333333333	145.36	145.6	145.36	145.07333333333332	145.25333333333333	145.51333333333332	145.38	145.34666666666666	145.66	145.54	144.99333333333334	145.48666666666668	145.57333333333332	145.56666666666666	145.58	145.28	145.01333333333332	145.36666666666667	144.98666666666668	145.29333333333332	145.18666666666667	144.69333333333333	144.28666666666666	143.33333333333334	141.26	132.75333333333333	0.0
0.0	132.84666666666666	141.04	143.33333333333334	144.26	144.60666666666665	145.53333333333333	145.84666666666666	145.3	145.65333333333334	145.65333333333334	145.55333333333334	145.40666666666667	145.51333333333332	145.55333333333334	146.12	145.6	145.47333333333333	145.43333333333334	145.42666666666668	145.36	145.17333333333335	145.3	145.50666666666666	145.46	145.50666666666666	145.26666666666668	145.17333333333335	145.27333333333334	145.55333333333334	145.68	145.53333333333333	145.68666666666667	145.46666666666667	145.78666666666666	145.76666666666668	145.58	145.78666666666666	145.82666666666665	145.55333333333334	145.66	145.72	145.18666666666667	145.78666666666666	145.56666666666666	145.71333333333334	145.3	145.22666666666666	145.22666666666666	145.18	145.37333333333333	145.36	145.44	145.52666666666667	145.44	145.48666666666668	145.34666666666666	145.56	145.7	145.86666666666667	145.64666666666668	145.28666666666666	145.86666666666667	145.44	145.4	145.42	145.17333333333335	145.12666666666667	144.56	143.60666666666665	141.41333333333333	132.93333333333334	0.0
0.0	132.97333333333333	140.86	143.43333333333334	144.2	144.74	145.00666666666666	145.36	145.24666666666667	145.3	145.30666666666667	145.32	145.3	145.58666666666667	145.57333333333332	145.23333333333332	145.30666666666667	145.12	145.49333333333334	145.32666666666665	145.19333333333333	145.23333333333332	145.22666666666666	144.91333333333333	145.52	145.28666666666666	145.22666666666666	145.33333333333334	144.97333333333333	145.47333333333333	145.25333333333333	145.14	145.13333333333333	145.23333333333332	145.18	145.48666666666668	145.04666666666665	145.38666666666666	145.21333333333334	145.17333333333335	145.22666666666666	145.39333333333335	145.30666666666667	145.39333333333335	145.33333333333334	145.20666666666668	145.38666666666666	145.3	145.20666666666668	144.84	145.11333333333334	145.20666666666668	145.07333333333332	145.07333333333332	145.04666666666665	145.16666666666666	145.09333333333333	145.19333333333333	144.91333333333333	145.08666666666667	145.04666666666665	145.09333333333333	144.88	144.90666666666667	145.08666666666667	144.9	144.76666666666668	144.49333333333334	144.08666666666667	143.34	141.04	132.36666666666667	0.0
0.0	132.50666666666666	141.22666666666666	143.48	144.61333333333334	144.68	145.18	145.28	145.26	145.3	145.25333333333333	145.64	145.54	145.43333333333334	145.44666666666666	145.36	145.83333333333334	145.48666666666668	145.64666666666668	145.64666666666668	145.70666666666668	145.74	145.73333333333332	145.64	145.46	145.58666666666667	145.32666666666665	145.44	145.38	145.59333333333333	145.41333333333333	145.34	145.82	145.62666666666667	145.24666666666667	145.36666666666667	145.54	145.42	145.34666666666666	145.28666666666666	145.34	145.40666666666667	145.40666666666667	145.39333333333335	145.26	145.28666666666666	145.38	145.56	145.27333333333334	145.46666666666667	145.62	145.80666666666667	145.43333333333334	145.25333333333333	145.48666666666668	145.5	145.14	144.92666666666668	145.16666666666666	145.41333333333333	145.46666666666667	145.55333333333334	145.45333333333335	145.2	145.12	145.01333333333332	144.66666666666666	144.78	144.43333333333334	143.39333333333335	140.80666666666667	132.44	0.0
0.0	132.40666666666667	141.02666666666667	143.48	144.79333333333332	145.0	145.40666666666667	145.64	145.33333333333334	145.64	145.48666666666668	145.46666666666667	145.63333333333333	145.72666666666666	145.52666666666667	145.70666666666668	145.48666666666668	145.7	145.8	145.81333333333333	145.53333333333333	145.29333333333332	145.27333333333334	145.33333333333334	145.3	145.34	145.30666666666667	145.34666666666666	145.53333333333333	145.56666666666666	145.4	145.44666666666666	145.20666666666668	145.38	145.26666666666668	145.36666666666667	145.74	145.55333333333334	145.56	145.47333333333333	145.58666666666667	145.58666666666667	145.50666666666666	145.85333333333332	145.66	145.34	145.42	145.56	145.49333333333334	145.61333333333334	145.48	145.40666666666667	145.46	145.50666666666666	145.44666666666666	145.32	145.6	145.62666666666667	145.36	145.66666666666666	145.17333333333335	145.11333333333334	145.40666666666667	145.38	145.30666666666667	145.34666666666666	145.23333333333332	145.13333333333333	144.56666666666666	143.43333333333334	140.78	133.08666666666667	0.0
0.0	132.28666666666666	141.21333333333334	143.45333333333335	144.38666666666666	144.98	145.32	145.32666666666665	145.4	145.28666666666666	145.23333333333332	145.11333333333334	145.33333333333334	145.44666666666666	145.43333333333334	145.30666666666667	145.34666666666666	145.32666666666665	145.48666666666668	145.80666666666667	145.72666666666666	145.64666666666668	145.56666666666666	145.39333333333335	145.23333333333332	145.95333333333335	145.37333333333333	145.35333333333332	145.24	145.31333333333333	145.48	145.54	145.69333333333333	145.46666666666667	145.43333333333334	145.42666666666668	145.62	145.88666666666666	145.72666666666666	145.65333333333334	145.40666666666667	145.82666666666665	145.54	145.61333333333334	145.76	145.5	145.31333333333333	145.54666666666665	145.71333333333334	145.68666666666667	145.68	145.56666666666666	145.56666666666666	145.4	145.38666666666666	145.36666666666667	145.35333333333332	145.79333333333332	145.76	145.89333333333335	145.76	145.74	145.60666666666665	145.45333333333335	145.66	145.6	145.54666666666665	145.12	144.72666666666666	143.66666666666666	141.36666666666667	132.90666666666667	0.0
0.0	132.87333333333333	140.95333333333335	143.06	144.34666666666666	144.74	145.55333333333334	145.19333333333333	144.99333333333334	145.14	145.19333333333333	145.44666666666666	145.52666666666667	145.5	145.22	145.17333333333335	145.38	145.2	145.61333333333334	145.26	145.24	145.1	145.0	145.38	145.38	145.31333333333333	145.54666666666665	145.54	145.22	145.60666666666665	145.48666666666668	145.26	145.12	145.23333333333332	144.96666666666667	145.37333333333333	145.48666666666668	145.34666666666666	145.30666666666667	145.06	145.21333333333334	145.35333333333332	145.28	145.28	145.23333333333332	145.28666666666666	145.45333333333335	145.28666666666666	145.2	145.02	145.48666666666668	145.32	145.49333333333334	145.22666666666666	145.28666666666666	145.19333333333333	145.38	145.11333333333334	145.41333333333333	145.14666666666668	145.26666666666668	145.2	145.25333333333333	145.17333333333335	144.95333333333335	145.07333333333332	144.82666666666665	144.78666666666666	144.32666666666665	143.65333333333334	140.92666666666668	132.9	0.0
0.0	132.68666666666667	141.03333333333333	143.36	144.28666666666666	144.79333333333332	145.33333333333334	145.16666666666666	145.12666666666667	145.18666666666667	145.26	145.15333333333334	145.27333333333334	145.08	145.49333333333334	145.15333333333334	145.43333333333334	145.78666666666666	145.49333333333334	145.58	145.60666666666665	145.49333333333334	145.38666666666666	145.22666666666666	145.08	145.09333333333333	144.94	144.92	145.14666666666668	145.16	145.12666666666667	144.88	144.95333333333335	144.74	145.20666666666668	145.13333333333333	145.58666666666667	145.40666666666667	145.22	145.34	145.18	144.91333333333333	145.13333333333333	145.36666666666667	145.36	145.52	145.30666666666667	145.35333333333332	145.38	145.58666666666667	145.24666666666667	145.42	145.22	145.50666666666666	145.12666666666667	145.22	145.14666666666668	145.42	145.17333333333335	145.48	145.58666666666667	145.66	145.14666666666668	145.44	145.21333333333334	145.4	145.18	144.96666666666667	144.32666666666665	143.50666666666666	141.10666666666665	132.26	0.0
0.0	132.58666666666667	140.52666666666667	142.99333333333334	144.03333333333333	144.51333333333332	144.78	144.8	144.63333333333333	144.94666666666666	144.64	145.06	144.88666666666666	144.80666666666667	145.03333333333333	144.9	144.94666666666666	144.64666666666668	144.98	144.84666666666666	144.66666666666666	144.72666666666666	144.92666666666668	145.12	145.23333333333332	145.14666666666668	145.07333333333332	145.19333333333333	144.88	144.88666666666666	144.67333333333335	145.23333333333332	144.90666666666667	144.85333333333332	145.16666666666666	144.82	145.09333333333333	144.94666666666666	144.83333333333334	144.98666666666668	144.92666666666668	144.8	144.95333333333335	144.96666666666667	145.07333333333332	144.92666666666668	144.89333333333335	144.94666666666666	144.74	145.22	145.10666666666665	144.75333333333333	144.8	145.12	144.74666666666667	145.18666666666667	145.1	144.7	144.96666666666667	145.16	144.93333333333334	144.86	145.07333333333332	145.06	144.8	144.87333333333333	144.65333333333334	144.7	143.96666666666667	143.39333333333335	140.90666666666667	132.72	0.0
0.0	132.60666666666665	141.06	143.68666666666667	144.18	145.06666666666666	145.22666666666666	145.27333333333334	145.36666666666667	145.88	145.74666666666667	145.64666666666668	145.76	145.8	145.72666666666666	145.68	145.53333333333333	145.61333333333334	145.86	145.47333333333333	145.68666666666667	145.52666666666667	145.45333333333335	145.68	146.09333333333333	145.64	145.76	145.62666666666667	145.60666666666665	145.74	145.82	145.85333333333332	145.97333333333333	145.63333333333333	145.66	145.31333333333333	145.88666666666666	145.33333333333334	145.68	145.69333333333333	145.66	145.83333333333334	145.84	145.97333333333333	145.57333333333332	145.52	145.52	145.49333333333334	145.70666666666668	145.48666666666668	145.7	145.68666666666667	145.5	145.75333333333333	145.56	146.01333333333332	145.73333333333332	145.29333333333332	145.68666666666667	145.79333333333332	145.38	145.56	145.39333333333335	145.66	145.38	145.41333333333333	145.09333333333333	144.86666666666667	144.50666666666666	143.51333333333332	141.38666666666666	132.92666666666668	0.0
0.0	132.2	140.82	143.18666666666667	143.96	144.61333333333334	144.88666666666666	144.94666666666666	145.31333333333333	145.02	145.21333333333334	145.18666666666667	144.98	144.97333333333333	145.05333333333334	145.01333333333332	145.06	145.04666666666665	145.24666666666667	145.28666666666666	145.13333333333333	145.18666666666667	145.1	145.49333333333334	145.20666666666668	145.21333333333334	145.37333333333333	145.43333333333334	145.23333333333332	145.14	144.81333333333333	145.20666666666668	145.08666666666667	145.02666666666667	145.34666666666666	145.46	145.05333333333334	145.29333333333332	145.1	145.22666666666666	145.17333333333335	145.13333333333333	145.32	144.96666666666667	145.28	145.47333333333333	145.36666666666667	145.47333333333333	145.49333333333334	145.32666666666665	145.04	145.29333333333332	145.34666666666666	145.34666666666666	145.15333333333334	145.6	145.41333333333333	145.28666666666666	145.22	145.12666666666667	145.14	145.20666666666668	145.06666666666666	145.19333333333333	144.85333333333332	145.09333333333333	144.96666666666667	144.75333333333333	144.33333333333334	142.98	140.97333333333333	131.91333333333333	0.0
0.0	132.58	141.30666666666667	143.64666666666668	144.56666666666666	144.6	145.14666666666668	145.14	145.21333333333334	145.45333333333335	145.4	145.24	145.36666666666667	145.16666666666666	145.2	145.66666666666666	145.7	145.42666666666668	145.39333333333335	145.62	145.56666666666666	145.50666666666666	145.64666666666668	145.52666666666667	145.4	145.32	145.43333333333334	145.34666666666666	145.34	145.25333333333333	145.44666666666666	145.36666666666667	145.12666666666667	144.98	144.91333333333333	145.25333333333333	145.24	145.21333333333334	145.34666666666666	145.37333333333333	145.14666666666668	145.26	145.02	145.43333333333334	145.34	145.44666666666666	145.16666666666666	145.47333333333333	145.55333333333334	145.07333333333332	145.15333333333334	145.62	145.47333333333333	145.31333333333333	145.31333333333333	145.60666666666665	145.4	145.12	145.57333333333332	145.70666666666668	145.36666666666667	145.54666666666665	145.32	145.27333333333334	145.17333333333335	145.26	145.06666666666666	144.88	144.07333333333332	143.42	141.09333333333333	132.78666666666666	0.0
0.0	132.7	141.13333333333333	143.85333333333332	144.62	145.37333333333333	145.54666666666665	145.72666666666666	145.36666666666667	145.56	145.78666666666666	145.86	145.72	145.8	145.92666666666668	145.91333333333333	145.69333333333333	145.80666666666667	145.94	146.14	145.94	145.63333333333333	145.71333333333334	145.57333333333332	145.92666666666668	145.80666666666667	145.67333333333335	145.46	145.76666666666668	145.84	145.75333333333333	145.68	145.70666666666668	145.71333333333334	145.63333333333333	145.69333333333333	145.66	145.61333333333334	145.66666666666666	145.79333333333332	145.75333333333333	145.96	145.70666666666668	145.79333333333332	146.01333333333332	145.77333333333334	145.90666666666667	145.97333333333333	145.66	145.80666666666667	145.54666666666665	145.62666666666667	145.87333333333333	145.7	145.99333333333334	145.79333333333332	145.71333333333334	145.69333333333333	145.62666666666667	145.61333333333334	145.7	145.22	145.49333333333334	145.67333333333335	145.64666666666668	145.84666666666666	145.61333333333334	145.47333333333333	144.86666666666667	143.72	141.26	132.6	0.0
0.0	132.57333333333332	140.77333333333334	143.44	144.36666666666667	144.84666666666666	145.15333333333334	145.24666666666667	145.38666666666666	145.24	145.12666666666667	145.02666666666667	145.23333333333332	145.32666666666665	145.46666666666667	145.34	145.21333333333334	145.37333333333333	145.51333333333332	145.2	145.32666666666665	145.14666666666668	144.95333333333335	145.24	145.06	145.28	145.45333333333335	145.33333333333334	145.11333333333334	145.16	145.22	145.18666666666667	145.31333333333333	145.11333333333334	145.55333333333334	145.02666666666667	145.40666666666667	145.79333333333332	145.62666666666667	145.48	145.48	145.64	145.57333333333332	145.35333333333332	145.51333333333332	145.30666666666667	145.34	145.27333333333334	145.28666666666666	145.36666666666667	145.36666666666667	145.22	145.09333333333333	145.07333333333332	145.37333333333333	145.26	145.32	145.32666666666665	145.44666666666666	145.57333333333332	145.52	145.34	145.3	145.20666666666668	145.25333333333333	145.18666666666667	144.98	144.78666666666666	144.54666666666665	143.67333333333335	140.69333333333333	132.63333333333333	0.0
0.0	132.72666666666666	140.81333333333333	143.54	144.65333333333334	145.00666666666666	145.27333333333334	145.48	145.20666666666668	145.57333333333332	145.36666666666667	145.76	145.93333333333334	145.56	145.59333333333333	145.74666666666667	145.63333333333333	145.88666666666666	145.83333333333334	145.39333333333335	145.70666666666668	145.96	145.74666666666667	145.78	145.37333333333333	145.6	145.72	145.78666666666666	145.64	145.68	145.56	145.62	145.35333333333332	145.36666666666667	145.7	145.62	145.58666666666667	145.50666666666666	145.82	145.50666666666666	145.74	145.50666666666666	145.78	145.72	145.6	145.78666666666666	145.76	145.64	145.42666666666668	145.72666666666666	145.43333333333334	145.4	145.44666666666666	145.46	145.56666666666666	145.33333333333334	145.41333333333333	145.65333333333334	145.76666666666668	145.67333333333335	145.69333333333333	145.46666666666667	145.48666666666668	145.70666666666668	145.5	145.22666666666666	145.0	145.06666666666666	144.72	143.64666666666668	141.51333333333332	132.81333333333333	0.0
0.0	132.38	141.29333333333332	143.40666666666667	144.6	144.63333333333333	145.23333333333332	145.08	145.14666666666668	145.52666666666667	145.24666666666667	145.66	145.44	145.94666666666666	145.83333333333334	145.57333333333332	145.65333333333334	145.32666666666665	145.50666666666666	145.34666666666666	145.70666666666668	145.72666666666666	145.14	145.27333333333334	145.65333333333334	145.38666666666666	145.48	145.51333333333332	145.36	145.38	145.59333333333333	145.61333333333334	145.61333333333334	145.28666666666666	145.33333333333334	145.62666666666667	145.45333333333335	145.24666666666667	145.32	145.27333333333334	145.61333333333334	145.44666666666666	145.15333333333334	145.43333333333334	145.46	145.44	145.56666666666666	145.58	145.39333333333335	145.28666666666666	145.3	145.4	145.41333333333333	145.4	145.64	145.52	145.46666666666667	145.31333333333333	145.24666666666667	145.5	145.18	145.54	145.46666666666667	145.52	145.59333333333333	145.34	145.22666666666666	145.12666666666667	144.57333333333332	143.3	140.87333333333333	132.36	0.0
0.0	132.88	140.92	143.18	144.08666666666667	144.64	144.78666666666666	144.93333333333334	144.81333333333333	145.16	144.85333333333332	144.68666666666667	144.94	145.00666666666666	144.94	145.18	145.08666666666667	145.21333333333334	144.90666666666667	144.94666666666666	144.95333333333335	145.12666666666667	144.84666666666666	144.98666666666668	144.84	145.10666666666665	144.91333333333333	145.14666666666668	145.12	145.38666666666666	145.31333333333333	144.91333333333333	145.4	145.11333333333334	144.95333333333335	145.02	144.85333333333332	144.58	144.98	144.98666666666668	145.09333333333333	145.02666666666667	144.96666666666667	145.02666666666667	144.8	145.21333333333334	144.93333333333334	145.37333333333333	144.82666666666665	145.13333333333333	145.05333333333334	144.96666666666667	145.14666666666668	145.34	144.80666666666667	144.89333333333335	144.90666666666667	145.3	144.81333333333333	144.99333333333334	145.13333333333333	145.08	145.04	144.90666666666667	145.02	145.14666666666668	144.62666666666667	144.44	144.18	143.12	140.8	132.6	0.0
0.0	132.86	141.01333333333332	143.56	144.32666666666665	144.92666666666668	144.92	145.02	145.5	145.37333333333333	145.32	145.54666666666665	145.66	145.4	145.51333333333332	145.46	145.96	145.54666666666665	145.72666666666666	145.34666666666666	145.42666666666668	145.53333333333333	145.78666666666666	145.84	145.60666666666665	145.54666666666665	145.54666666666665	145.06	145.64666666666668	145.75333333333333	145.44666666666666	145.4	145.44666666666666	145.44	145.44666666666666	145.35333333333332	145.34666666666666	145.31333333333333	145.80666666666667	145.62666666666667	145.76	145.31333333333333	145.62666666666667	145.70666666666668	145.28	145.48	145.51333333333332	145.38666666666666	145.33333333333334	145.5	145.44666666666666	145.38666666666666	145.45333333333335	145.51333333333332	145.51333333333332	145.62666666666667	145.28	145.39333333333335	145.54666666666665	145.66666666666666	145.36666666666667	145.1	145.34	145.51333333333332	145.54	145.22666666666666	145.02	144.94666666666666	144.57333333333332	143.55333333333334	141.10666666666665	132.78666666666666	0.0
0.0	132.97333333333333	141.21333333333334	143.58666666666667	144.41333333333333	145.06666666666666	145.00666666666666	145.38	145.51333333333332	145.86666666666667	145.48	145.64666666666668	145.44	145.26666666666668	145.52	145.66666666666666	145.80666666666667	145.88	145.54	145.39333333333335	145.46666666666667	145.69333333333333	145.60666666666665	145.68	145.7	145.72	145.67333333333335	145.46666666666667	145.83333333333334	145.8	145.21333333333334	145.32	145.49333333333334	145.53333333333333	145.50666666666666	145.66	145.51333333333332	145.03333333333333	145.52	145.45333333333335	145.69333333333333	145.52	145.54666666666665	145.94666666666666	145.58	145.65333333333334	145.50666666666666	145.62	145.74	145.30666666666667	145.4	145.66666666666666	145.41333333333333	145.51333333333332	145.65333333333334	145.58666666666667	145.58	145.58	145.42666666666668	145.64	145.73333333333332	145.59333333333333	145.41333333333333	145.48666666666668	145.53333333333333	145.09333333333333	145.04	145.21333333333334	144.72666666666666	143.64666666666668	141.14666666666668	132.7	0.0
0.0	132.84	141.4	143.54666666666665	144.55333333333334	144.84	145.12666666666667	145.41333333333333	145.48	145.42666666666668	145.3	145.77333333333334	145.5	145.41333333333333	145.68666666666667	145.49333333333334	145.59333333333333	145.62	145.66666666666666	145.57333333333332	145.66	145.87333333333333	145.65333333333334	145.78666666666666	145.61333333333334	146.00666666666666	145.9	145.85333333333332	145.79333333333332	145.56666666666666	145.44	145.49333333333334	145.74666666666667	145.74	145.86666666666667	145.55333333333334	145.61333333333334	145.62666666666667	145.76	145.67333333333335	145.85333333333332	145.76	145.38666666666666	145.7	145.80666666666667	145.66	145.16666666666666	145.52666666666667	145.86	145.40666666666667	145.67333333333335	145.73333333333332	145.68666666666667	145.48	145.36666666666667	145.49333333333334	145.51333333333332	145.48666666666668	145.69333333333333	145.78	145.5	145.52	145.61333333333334	145.47333333333333	145.74666666666667	145.60666666666665	145.42	144.94	144.67333333333335	143.98	141.37333333333333	132.66666666666666	0.0
0.0	132.72	141.16	143.53333333333333	144.12666666666667	145.02666666666667	145.08	144.96	145.40666666666667	145.1	145.00666666666666	145.26666666666668	145.28666666666666	144.96	145.32	145.09333333333333	144.99333333333334	145.26	145.2	145.26666666666668	145.22666666666666	145.28	145.28	145.27333333333334	144.98666666666668	145.2	145.16666666666666	145.11333333333334	144.95333333333335	145.26666666666668	144.96666666666667	145.34	145.22	144.97333333333333	144.78666666666666	144.90666666666667	145.00666666666666	145.24	144.87333333333333	145.20666666666668	145.06666666666666	145.10666666666665	145.27333333333334	145.33333333333334	144.97333333333333	144.92666666666668	144.98666666666668	144.9	144.94	144.99333333333334	145.14	145.17333333333335	145.07333333333332	145.28	145.08666666666667	145.3	145.20666666666668	144.76666666666668	145.06	145.40666666666667	145.23333333333332	145.13333333333333	145.04	144.98666666666668	145.16666666666666	144.67333333333335	144.80666666666667	144.49333333333334	144.10666666666665	143.58	140.74666666666667	132.77333333333334	0.0
0.0	132.74666666666667	140.69333333333333	143.11333333333334	144.32	144.62	144.76	144.96	145.58	145.36	145.43333333333334	145.28	145.36	145.30666666666667	145.37333333333333	145.20666666666668	145.40666666666667	145.40666666666667	145.62	145.49333333333334	145.23333333333332	145.07333333333332	145.28666666666666	145.22666666666666	145.42666666666668	145.14	145.16666666666666	145.29333333333332	145.52666666666667	145.18666666666667	145.39333333333335	145.26666666666668	145.15333333333334	145.19333333333333	145.39333333333335	145.18	145.26	145.37333333333333	145.39333333333335	145.19333333333333	145.22	145.48666666666668	145.28666666666666	145.36	145.48	145.24	145.32666666666665	145.54666666666665	145.22	145.48666666666668	145.36666666666667	145.44	145.61333333333334	145.47333333333333	145.52	145.44666666666666	145.37333333333333	145.70666666666668	145.40666666666667	145.31333333333333	145.28666666666666	145.28	145.09333333333333	145.52	145.43333333333334	145.36666666666667	145.24	145.18666666666667	144.32	143.53333333333333	140.7	132.73333333333332	0.0
0.0	132.75333333333333	140.70666666666668	143.19333333333333	144.03333333333333	144.68	144.66666666666666	145.26666666666668	145.10666666666665	145.10666666666665	145.44	145.03333333333333	145.41333333333333	145.35333333333332	145.16	145.08666666666667	145.21333333333334	145.09333333333333	145.06666666666666	145.0	145.21333333333334	145.14666666666668	145.44	145.18	145.12	145.26	145.31333333333333	144.86	144.92	144.95333333333335	145.05333333333334	145.14	145.03333333333333	145.36666666666667	145.42	145.15333333333334	145.24	145.24	145.45333333333335	144.99333333333334	145.61333333333334	145.28	145.46	144.95333333333335	145.56666666666666	145.48666666666668	145.25333333333333	145.34	145.40666666666667	145.33333333333334	145.32666666666665	145.08	145.14666666666668	145.3	145.22666666666666	145.17333333333335	145.42	145.30666666666667	145.24666666666667	145.32666666666665	145.15333333333334	145.08666666666667	145.20666666666668	145.18	144.84666666666666	144.91333333333333	144.95333333333335	144.76	144.23333333333332	143.37333333333333	140.8	132.63333333333333	0.0
0.0	132.68666666666667	141.26	143.44	144.58666666666667	144.98666666666668	144.78	145.03333333333333	145.30666666666667	145.14666666666668	145.45333333333335	145.22666666666666	145.47333333333333	145.50666666666666	145.42666666666668	145.4	145.52666666666667	145.22	145.4	145.31333333333333	145.16	145.27333333333334	145.4	145.44	145.38	145.20666666666668	145.52666666666667	145.18	145.52	145.60666666666665	145.45333333333335	145.62	145.74	145.59333333333333	145.23333333333332	145.26666666666668	145.36	145.1	145.04666666666665	145.20666666666668	145.52	145.03333333333333	145.30666666666667	145.28666666666666	145.48	145.23333333333332	145.40666666666667	145.07333333333332	145.68666666666667	145.53333333333333	145.51333333333332	145.47333333333333	145.41333333333333	145.05333333333334	145.23333333333332	145.46666666666667	145.41333333333333	145.28666666666666	145.38666666666666	145.70666666666668	145.75333333333333	145.51333333333332	145.4	145.17333333333335	145.39333333333335	145.48666666666668	145.26666666666668	145.11333333333334	144.50666666666666	143.44666666666666	140.85333333333332	132.82666666666665	0.0
0.0	132.6	140.95333333333335	143.46	144.44	144.97333333333333	144.96	145.57333333333332	145.54666666666665	145.78	145.54666666666665	145.78666666666666	145.91333333333333	145.81333333333333	145.71333333333334	145.99333333333334	146.1	145.76666666666668	145.80666666666667	145.85333333333332	145.56666666666666	145.71333333333334	145.6	145.82	146.06666666666666	145.91333333333333	145.74666666666667	145.62666666666667	145.68666666666667	145.72666666666666	145.6	145.72	145.6	145.68	145.88	145.72666666666666	145.84	146.08	145.96	145.42666666666668	145.63333333333333	145.53333333333333	145.64	145.68	145.66666666666666	145.76	145.96666666666667	145.98	145.75333333333333	146.06666666666666	145.74	145.53333333333333	145.76	145.63333333333333	145.95333333333335	145.64	145.78666666666666	145.85333333333332	145.87333333333333	145.76666666666668	145.89333333333335	145.72	145.67333333333335	145.52666666666667	145.56666666666666	145.38	145.36	144.64666666666668	144.54	143.66666666666666	140.95333333333335	133.04666666666665	0.0
0.0	132.40666666666667	140.95333333333335	143.31333333333333	144.08	144.49333333333334	144.98	145.20666666666668	145.3	145.12	145.28666666666666	145.19333333333333	145.40666666666667	144.99333333333334	145.18666666666667	145.27333333333334	145.24	145.44	145.13333333333333	145.32	145.42666666666668	145.33333333333334	145.2	145.30666666666667	145.18666666666667	145.26666666666668	145.04666666666665	145.13333333333333	145.16	145.46666666666667	145.50666666666666	145.11333333333334	145.05333333333334	145.34666666666666	145.16	145.36	145.22	145.35333333333332	145.36	145.36	145.26666666666668	145.12	145.26666666666668	145.31333333333333	145.29333333333332	145.36666666666667	145.33333333333334	145.34	145.26	145.52666666666667	145.21333333333334	145.26666666666668	145.08666666666667	145.34	145.24666666666667	145.2	145.32666666666665	145.27333333333334	145.36666666666667	145.46	145.49333333333334	145.3	145.16	145.16	145.14666666666668	145.08	145.03333333333333	144.86	144.2	143.58	140.76	132.74	0.0
0.0	133.08	141.35333333333332	144.09333333333333	144.54	145.00666666666666	145.16	145.42	145.09333333333333	145.38	145.71333333333334	145.70666666666668	145.57333333333332	145.23333333333332	145.42	145.38	145.46666666666667	145.46	145.50666666666666	145.36	145.44666666666666	145.53333333333333	145.39333333333335	145.72666666666666	145.80666666666667	145.64666666666668	145.53333333333333	145.8	145.75333333333333	145.64666666666668	145.54	145.39333333333335	145.62	145.42666666666668	145.63333333333333	145.38666666666666	145.42	145.43333333333334	145.33333333333334	145.7	145.83333333333334	145.51333333333332	145.42	145.77333333333334	145.64	145.54666666666665	145.71333333333334	145.52	145.61333333333334	145.35333333333332	145.36666666666667	145.33333333333334	145.27333333333334	145.38666666666666	145.34	145.81333333333333	145.41333333333333	145.70666666666668	145.49333333333334	145.54666666666665	145.65333333333334	145.25333333333333	145.28666666666666	145.26	145.46666666666667	145.56	144.80666666666667	145.27333333333334	144.52	143.48	140.83333333333334	133.04666666666665	0.0
0.0	132.42	140.50666666666666	143.01333333333332	144.24	144.94	145.27333333333334	145.18	145.19333333333333	145.34666666666666	145.08666666666667	145.31333333333333	145.19333333333333	145.26	145.08666666666667	145.03333333333333	145.48666666666668	145.18	145.32	145.53333333333333	145.43333333333334	145.28666666666666	145.54	145.42	145.64	145.39333333333335	145.53333333333333	145.38666666666666	145.11333333333334	145.36	145.35333333333332	145.12666666666667	145.20666666666668	145.24	145.7	145.25333333333333	145.18666666666667	145.38666666666666	145.52666666666667	145.65333333333334	145.45333333333335	145.4	145.23333333333332	145.18	145.29333333333332	145.68666666666667	145.44	145.37333333333333	145.44	145.28666666666666	145.28	145.38	145.34666666666666	145.49333333333334	145.62	145.60666666666665	145.40666666666667	145.58	145.24	145.31333333333333	145.22	145.52666666666667	145.4	145.17333333333335	145.22666666666666	145.3	145.06	145.01333333333332	144.32	143.38666666666666	140.82	132.27333333333334	0.0
0.0	132.44	140.67333333333335	143.12	143.9	144.32	144.46	144.62	144.96666666666667	145.26	144.96	144.73333333333332	144.98666666666668	144.88	144.72666666666666	144.74	144.86	144.65333333333334	144.47333333333333	144.68	144.76	144.81333333333333	144.92666666666668	144.64666666666668	145.14	144.79333333333332	144.88666666666666	144.82666666666665	144.86666666666667	145.05333333333334	145.26666666666668	144.95333333333335	144.88666666666666	144.97333333333333	145.05333333333334	144.83333333333334	144.81333333333333	144.94666666666666	144.88666666666666	144.89333333333335	144.70666666666668	144.58666666666667	144.74	144.78666666666666	144.83333333333334	145.16666666666666	145.04	144.86	144.88	144.68	144.94666666666666	144.95333333333335	145.14	144.84	144.85333333333332	144.72	144.85333333333332	144.7	144.96666666666667	144.99333333333334	144.81333333333333	144.68666666666667	145.02	144.64666666666668	144.81333333333333	144.30666666666667	144.30666666666667	144.10666666666665	143.76666666666668	143.24666666666667	140.25333333333333	132.22	0.0
0.0	132.91333333333333	141.06666666666666	143.44	144.32666666666665	144.69333333333333	144.8	145.02	144.92666666666668	145.35333333333332	145.1	144.98666666666668	145.32	145.4	145.37333333333333	145.29333333333332	145.23333333333332	145.38	145.45333333333335	144.88666666666666	145.08	145.34	144.95333333333335	145.25333333333333	145.40666666666667	145.42666666666668	145.53333333333333	145.26	145.77333333333334	145.40666666666667	145.22666666666666	145.24	145.17333333333335	145.25333333333333	144.96666666666667	144.96666666666667	145.21333333333334	145.04	145.17333333333335	145.21333333333334	145.27333333333334	145.4	145.50666666666666	145.45333333333335	145.28	145.5	145.38	145.48666666666668	145.26	145.06666666666666	144.96	145.16666666666666	144.85333333333332	145.19333333333333	145.2	145.44666666666666	145.32666666666665	145.71333333333334	145.24666666666667	145.34666666666666	145.36	145.38666666666666	145.48	145.33333333333334	145.22	145.33333333333334	144.98666666666668	144.95333333333335	144.28666666666666	143.45333333333335	140.93333333333334	132.99333333333334	0.0
0.0	132.7	140.66666666666666	143.22666666666666	144.44666666666666	144.73333333333332	144.87333333333333	145.03333333333333	145.19333333333333	145.50666666666666	145.21333333333334	145.80666666666667	145.91333333333333	145.82	145.42	145.42	145.55333333333334	145.54666666666665	145.52	145.50666666666666	145.4	145.44	145.46	145.61333333333334	145.34666666666666	145.74666666666667	145.66	145.50666666666666	145.40666666666667	145.43333333333334	145.44	145.54	145.47333333333333	145.26	145.71333333333334	145.76	145.66	145.99333333333334	145.78666666666666	145.43333333333334	145.45333333333335	145.5	145.33333333333334	145.34	145.45333333333335	145.55333333333334	145.58666666666667	145.34	145.72	145.58666666666667	145.64	145.44666666666666	145.54666666666665	145.54666666666665	145.5	145.19333333333333	145.46666666666667	145.25333333333333	145.44666666666666	145.5	145.48666666666668	145.12	145.30666666666667	145.03333333333333	145.18666666666667	145.24	145.09333333333333	144.98666666666668	144.64	143.42	140.92666666666668	133.11333333333334	0.0
0.0	132.64	140.74666666666667	143.46666666666667	144.22666666666666	144.71333333333334	145.11333333333334	144.87333333333333	145.27333333333334	145.3	145.09333333333333	144.92	145.36666666666667	145.15333333333334	145.00666666666666	145.57333333333332	145.15333333333334	145.18666666666667	145.09333333333333	145.22666666666666	145.00666666666666	145.32	144.98	145.4	145.29333333333332	145.26	145.25333333333333	145.06666666666666	145.3	145.38	145.09333333333333	144.96666666666667	144.73333333333332	145.22666666666666	145.08666666666667	144.85333333333332	145.07333333333332	145.24	145.56	144.82	145.12666666666667	145.03333333333333	145.26666666666668	145.02666666666667	145.04	144.86666666666667	145.17333333333335	144.91333333333333	144.85333333333332	145.00666666666666	145.0	145.08	145.46	145.22666666666666	145.19333333333333	145.10666666666665	144.76666666666668	145.16666666666666	145.23333333333332	145.02666666666667	145.36666666666667	145.20666666666668	145.1	144.97333333333333	144.86666666666667	144.88666666666666	144.62666666666667	144.62	144.23333333333332	143.18666666666667	140.88666666666666	132.69333333333333	0.0
0.0	132.62666666666667	140.94	143.64666666666668	144.28666666666666	145.01333333333332	145.18	145.33333333333334	145.34666666666666	145.42	145.45333333333335	145.35333333333332	145.29333333333332	145.47333333333333	145.50666666666666	145.5	145.1	145.44	145.46	145.52	145.63333333333333	145.4	145.38666666666666	145.22	145.24666666666667	145.39333333333335	145.3	145.49333333333334	145.37333333333333	145.27333333333334	145.38666666666666	145.24	145.40666666666667	145.16	145.41333333333333	145.36	145.07333333333332	145.37333333333333	145.24	145.44	145.44	145.36666666666667	145.50666666666666	145.32	145.68	145.46666666666667	145.55333333333334	145.32	145.46666666666667	145.63333333333333	145.35333333333332	145.4	145.34	145.26666666666668	145.34666666666666	145.30666666666667	145.49333333333334	145.64666666666668	145.48666666666668	145.72666666666666	145.53333333333333	145.3	145.25333333333333	145.44	145.18666666666667	144.76	144.93333333333334	144.69333333333333	144.52666666666667	143.27333333333334	141.02	132.78	0.0
0.0	132.39333333333335	141.06666666666666	143.59333333333333	144.58	144.92666666666668	145.42	145.24666666666667	145.52666666666667	145.48666666666668	145.46666666666667	145.39333333333335	145.66	145.57333333333332	145.44666666666666	145.53333333333333	145.56	145.41333333333333	145.24666666666667	145.46666666666667	145.60666666666665	145.57333333333332	145.63333333333333	146.04666666666665	145.49333333333334	145.58666666666667	145.56666666666666	145.62	145.59333333333333	145.40666666666667	145.65333333333334	145.68	145.62666666666667	145.86	145.68666666666667	145.28	145.18666666666667	145.56	145.63333333333333	145.72666666666666	145.76	145.66666666666666	145.47333333333333	145.48666666666668	145.4	145.32666666666665	145.36666666666667	145.20666666666668	145.6	145.36	145.42666666666668	145.48	145.4	145.52666666666667	145.39333333333335	145.58	145.48	145.48666666666668	145.44	145.5	145.46	145.7	145.32	145.45333333333335	145.46	145.35333333333332	145.09333333333333	145.1	144.68666666666667	143.45333333333335	140.74	132.46	0.0
0.0	132.82666666666665	141.56666666666666	143.21333333333334	144.18666666666667	144.92666666666668	145.07333333333332	145.03333333333333	145.24666666666667	145.69333333333333	145.64	145.46666666666667	145.59333333333333	145.48666666666668	145.61333333333334	145.70666666666668	145.56666666666666	145.65333333333334	145.84	145.76666666666668	145.66	145.50666666666666	145.40666666666667	145.37333333333333	145.39333333333335	145.42	145.32	145.36666666666667	145.62	145.32666666666665	145.22	145.46	145.66666666666666	145.58	145.73333333333332	145.93333333333334	145.38666666666666	145.43333333333334	145.47333333333333	145.28666666666666	145.32	145.57333333333332	145.52666666666667	145.62	145.8	145.58666666666667	145.57333333333332	145.57333333333332	145.54666666666665	145.62	145.44	145.38666666666666	145.49333333333334	145.77333333333334	145.81333333333333	145.75333333333333	145.18	145.34	145.78	145.34666666666666	145.62	145.82	145.48666666666668	145.14	145.46	145.28666666666666	145.25333333333333	144.96666666666667	144.34666666666666	143.56	140.7	132.81333333333333	0.0
0.0	132.7	141.44	144.20666666666668	144.95333333333335	145.11333333333334	145.5	145.86	145.62	145.81333333333333	145.90666666666667	145.73333333333332	145.8	146.05333333333334	145.83333333333334	145.71333333333334	145.80666666666667	145.87333333333333	145.77333333333334	145.90666666666667	145.98666666666668	145.94666666666666	145.8	145.84666666666666	146.00666666666666	145.85333333333332	146.03333333333333	145.78	145.77333333333334	145.6	145.64	145.46666666666667	145.81333333333333	145.71333333333334	145.7	145.79333333333332	145.58	146.03333333333333	145.63333333333333	145.84666666666666	145.86	145.81333333333333	145.97333333333333	145.56	145.62	145.52666666666667	145.92666666666668	145.76	145.76666666666668	146.07333333333332	146.05333333333334	145.82	145.94666666666666	145.99333333333334	146.17333333333335	145.60666666666665	146.21333333333334	146.00666666666666	145.66	145.88	145.62	145.59333333333333	145.84	145.60666666666665	145.51333333333332	145.70666666666668	145.62	145.37333333333333	144.51333333333332	143.79333333333332	140.96666666666667	132.79333333333332	0.0
0.0	133.02	141.05333333333334	143.34	144.30666666666667	144.94666666666666	144.88	145.14	145.28	145.04666666666665	145.20666666666668	145.19333333333333	145.45333333333335	145.06	145.24	145.18666666666667	145.32	145.53333333333333	145.42	145.48	145.11333333333334	145.27333333333334	145.05333333333334	145.1	145.18	145.05333333333334	145.06	145.22	145.25333333333333	145.26	145.29333333333332	145.48	145.12666666666667	145.22666666666666	145.20666666666668	145.31333333333333	145.35333333333332	145.16	145.15333333333334	145.08666666666667	145.11333333333334	145.36666666666667	145.27333333333334	145.5	145.08	145.12666666666667	145.14666666666668	145.27333333333334	145.28	145.43333333333334	145.34666666666666	145.09333333333333	145.44666666666666	145.42	145.22666666666666	145.39333333333335	145.41333333333333	145.30666666666667	145.34	145.11333333333334	145.29333333333332	145.16666666666666	145.21333333333334	145.26	145.14	145.12666666666667	145.12666666666667	144.72666666666666	144.65333333333334	143.14666666666668	140.8	132.71333333333334	0.0
0.0	132.88	141.31333333333333	143.52666666666667	144.76666666666668	145.28	145.37333333333333	145.61333333333334	145.77333333333334	145.62	145.64666666666668	145.78666666666666	145.81333333333333	145.64	145.72	145.95333333333335	145.93333333333334	145.82	145.85333333333332	146.18	146.25333333333333	145.9	145.56666666666666	145.58666666666667	145.54666666666665	145.55333333333334	145.52	145.98666666666668	146.04666666666665	145.66	145.66666666666666	145.82	145.94	145.88666666666666	145.64666666666668	145.71333333333334	145.64666666666668	145.80666666666667	145.54	145.61333333333334	145.77333333333334	145.61333333333334	145.56	145.61333333333334	145.76666666666668	145.74	146.03333333333333	145.98666666666668	145.9	145.81333333333333	145.68	145.95333333333335	145.6	145.68666666666667	145.84	145.71333333333334	145.82666666666665	145.53333333333333	145.67333333333335	145.69333333333333	145.44	145.59333333333333	145.34	145.66	145.36666666666667	145.48666666666668	145.36	145.06	144.63333333333333	143.57333333333332	140.82	132.66	0.0
0.0	132.67333333333335	140.9	143.42	144.58	144.87333333333333	145.20666666666668	145.3	145.64666666666668	145.50666666666666	145.43333333333334	145.72	145.56666666666666	145.82	145.65333333333334	145.61333333333334	145.53333333333333	145.6	145.50666666666666	145.54	145.18	145.24	145.48	145.36	145.28	145.52	145.66666666666666	145.49333333333334	145.62	145.98666666666668	145.79333333333332	145.90666666666667	145.74666666666667	145.92	145.74666666666667	145.3	145.44	145.38	145.58	145.79333333333332	145.57333333333332	145.68666666666667	145.43333333333334	145.57333333333332	145.39333333333335	145.64	145.56666666666666	145.7	145.40666666666667	145.82	145.75333333333333	145.63333333333333	145.51333333333332	145.38	145.47333333333333	145.20666666666668	145.09333333333333	145.42666666666668	145.5	145.4	145.46666666666667	145.5	145.02666666666667	145.39333333333335	145.26666666666668	145.46	145.01333333333332	145.22666666666666	144.66	143.8	141.19333333333333	132.80666666666667	0.0
0.0	132.45333333333335	140.68	143.61333333333334	144.31333333333333	144.81333333333333	144.97333333333333	145.24	144.98	144.92666666666668	145.24666666666667	145.13333333333333	144.91333333333333	145.1	145.23333333333332	145.03333333333333	145.14666666666668	145.22666666666666	145.42666666666668	145.42666666666668	145.25333333333333	145.20666666666668	145.11333333333334	145.00666666666666	144.87333333333333	145.27333333333334	145.40666666666667	145.34	145.37333333333333	145.29333333333332	145.05333333333334	145.24666666666667	145.11333333333334	145.00666666666666	145.12666666666667	145.32	144.90666666666667	145.44666666666666	145.23333333333332	145.40666666666667	145.56666666666666	145.32	145.4	145.34	145.2	145.41333333333333	145.32	145.29333333333332	145.32666666666665	145.51333333333332	145.16	145.35333333333332	144.92666666666668	145.08666666666667	145.25333333333333	145.16666666666666	145.14	144.92	145.07333333333332	145.28666666666666	145.14	145.12666666666667	145.17333333333335	145.16	144.66	145.26666666666668	144.91333333333333	144.85333333333332	144.46666666666667	143.25333333333333	141.0	132.65333333333334	0.0
0.0	132.84666666666666	141.02666666666667	143.62	144.50666666666666	144.86	144.88666666666666	145.29333333333332	145.5	144.98666666666668	145.40666666666667	145.56	145.44666666666666	145.68	145.56	145.59333333333333	145.64666666666668	145.88666666666666	145.40666666666667	145.61333333333334	145.30666666666667	145.55333333333334	145.53333333333333	145.47333333333333	145.29333333333332	145.62666666666667	145.72	145.53333333333333	145.49333333333334	145.47333333333333	145.46666666666667	145.29333333333332	145.58666666666667	145.51333333333332	145.32	145.25333333333333	145.38	145.53333333333333	145.38	145.36666666666667	145.46666666666667	145.64	145.4	145.54	145.48666666666668	145.82666666666665	145.90666666666667	145.57333333333332	145.59333333333333	145.57333333333332	145.48666666666668	145.50666666666666	145.78	145.60666666666665	145.57333333333332	145.62666666666667	145.42666666666668	145.19333333333333	145.38666666666666	145.63333333333333	145.26	145.42666666666668	145.12666666666667	145.02	145.16	145.15333333333334	145.08	144.79333333333332	144.62666666666667	143.63333333333333	141.22666666666666	132.88	0.0
0.0	132.8	140.92666666666668	143.44666666666666	144.56666666666666	144.96666666666667	145.38	145.10666666666665	145.06	145.27333333333334	145.32	145.42	145.16666666666666	145.35333333333332	145.32	145.44666666666666	145.11333333333334	145.43333333333334	145.32	145.32666666666665	145.48	145.36666666666667	145.6	145.37333333333333	145.53333333333333	145.59333333333333	145.43333333333334	145.46666666666667	145.26	145.25333333333333	145.14666666666668	145.2	145.34666666666666	145.4	145.45333333333335	145.65333333333334	145.52	145.36	145.39333333333335	145.42666666666668	145.35333333333332	145.22	145.18666666666667	145.12	145.04	145.18	145.47333333333333	145.42666666666668	145.11333333333334	145.26666666666668	145.39333333333335	145.29333333333332	145.40666666666667	145.38666666666666	145.29333333333332	145.34	145.25333333333333	144.94	145.38666666666666	145.5	145.37333333333333	144.91333333333333	145.4	145.28666666666666	144.98666666666668	145.29333333333332	144.99333333333334	144.74	144.48	143.24666666666667	141.14	132.71333333333334	0.0
0.0	132.45333333333335	140.76	143.2	144.20666666666668	144.32	144.56666666666666	144.97333333333333	144.79333333333332	145.04	144.82	144.98	145.41333333333333	145.27333333333334	145.06	145.22	145.4	145.26666666666668	145.15333333333334	144.94666666666666	144.89333333333335	145.14666666666668	145.04	145.22	145.17333333333335	145.14	145.31333333333333	145.01333333333332	145.24666666666667	144.97333333333333	145.06	145.22	145.06	145.18	145.19333333333333	145.10666666666665	145.02666666666667	144.81333333333333	145.15333333333334	145.02	145.3	145.05333333333334	145.04	145.10666666666665	145.38	145.08666666666667	144.98666666666668	145.04	144.94666666666666	145.38666666666666	145.08666666666667	145.16666666666666	145.14666666666668	145.10666666666665	145.17333333333335	145.23333333333332	145.04	145.03333333333333	145.14666666666668	145.30666666666667	145.31333333333333	144.85333333333332	144.8	145.13333333333333	144.80666666666667	144.61333333333334	144.68	144.36666666666667	144.08	143.1	140.42	132.08666666666667	0.0
0.0	132.51333333333332	141.00666666666666	143.37333333333333	144.42	144.74	144.96	145.24666666666667	145.03333333333333	145.06	145.41333333333333	145.24666666666667	145.44666666666666	145.25333333333333	145.28	145.32666666666665	145.46	145.3	145.19333333333333	145.23333333333332	145.3	145.43333333333334	145.55333333333334	145.36666666666667	145.43333333333334	145.52	145.36666666666667	145.48	145.63333333333333	145.26666666666668	145.36666666666667	145.38666666666666	145.31333333333333	145.41333333333333	145.50666666666666	145.59333333333333	145.55333333333334	145.27333333333334	145.04666666666665	145.50666666666666	145.36666666666667	145.36	145.16	145.35333333333332	145.42	145.56666666666666	145.48	145.54	145.71333333333334	145.58	145.36	145.47333333333333	145.77333333333334	145.43333333333334	145.44	145.48	145.33333333333334	145.29333333333332	145.02666666666667	145.52	145.44	145.26666666666668	145.14	145.32666666666665	145.31333333333333	145.27333333333334	144.88	144.80666666666667	144.41333333333333	143.58	141.06666666666666	132.7	0.0
0.0	132.54	140.85333333333332	143.35333333333332	144.42	144.81333333333333	144.98666666666668	144.96	145.31333333333333	145.18666666666667	145.37333333333333	145.22666666666666	145.1	145.22666666666666	145.33333333333334	145.31333333333333	144.98	145.06666666666666	145.26666666666668	145.3	145.36666666666667	145.20666666666668	145.1	145.12	144.74666666666667	145.18	144.96	145.26	145.51333333333332	145.15333333333334	145.2	145.18	145.15333333333334	145.20666666666668	145.1	145.45333333333335	145.18	145.20666666666668	145.57333333333332	145.46	145.45333333333335	145.51333333333332	145.28	145.20666666666668	145.26666666666668	145.24666666666667	145.36	145.15333333333334	145.44666666666666	145.14	145.33333333333334	145.09333333333333	145.34666666666666	145.06666666666666	144.99333333333334	145.26666666666668	145.0	145.36666666666667	145.18666666666667	144.95333333333335	145.27333333333334	145.12	145.37333333333333	145.14666666666668	145.04	144.99333333333334	144.98	144.62666666666667	144.5	143.26666666666668	141.12	132.6	0.0
0.0	132.84666666666666	140.73333333333332	143.29333333333332	144.12	144.62666666666667	145.21333333333334	144.9	144.58666666666667	144.84	144.9	144.91333333333333	145.27333333333334	144.86666666666667	144.98	145.10666666666665	145.2	145.18666666666667	145.23333333333332	145.46666666666667	145.30666666666667	145.16	145.12666666666667	144.99333333333334	145.29333333333332	145.1	145.22666666666666	145.44666666666666	145.19333333333333	145.34666666666666	145.06	145.15333333333334	145.27333333333334	144.98	145.04	145.05333333333334	145.21333333333334	144.99333333333334	145.14666666666668	144.95333333333335	145.18666666666667	144.99333333333334	144.97333333333333	145.14	145.12	145.05333333333334	145.18	145.13333333333333	145.30666666666667	145.44666666666666	144.88	144.96	145.25333333333333	145.50666666666666	145.34666666666666	145.08666666666667	145.0	144.9	145.08666666666667	144.98	144.98	144.99333333333334	144.98666666666668	144.92666666666668	144.68666666666667	144.84666666666666	144.53333333333333	144.85333333333332	144.10666666666665	143.36	140.9	132.66	0.0
0.0	132.6	140.44	143.02	144.16666666666666	144.58	144.91333333333333	145.14666666666668	145.06	145.11333333333334	145.21333333333334	145.32	145.34	145.32	145.1	144.89333333333335	145.14666666666668	145.31333333333333	145.34666666666666	145.29333333333332	145.06666666666666	145.22666666666666	145.09333333333333	145.32	145.21333333333334	145.18666666666667	145.24	145.16	145.15333333333334	145.26666666666668	145.18666666666667	145.29333333333332	145.29333333333332	145.26	145.2	145.20666666666668	145.22666666666666	145.24	145.17333333333335	145.69333333333333	145.33333333333334	145.39333333333335	145.03333333333333	145.13333333333333	145.19333333333333	145.27333333333334	145.04666666666665	145.38	145.34666666666666	145.46666666666667	145.36	145.12666666666667	145.25333333333333	145.06666666666666	145.10666666666665	144.92666666666668	145.04	145.37333333333333	145.33333333333334	145.28666666666666	145.42666666666668	145.04	144.94666666666666	145.31333333333333	145.18666666666667	145.2	144.80666666666667	144.57333333333332	144.4	143.37333333333333	140.62666666666667	132.40666666666667	0.0
0.0	132.88666666666666	141.12666666666667	143.81333333333333	144.34	144.58666666666667	144.93333333333334	145.20666666666668	145.28666666666666	145.3	145.29333333333332	145.18666666666667	144.84666666666666	145.04666666666665	145.11333333333334	145.36	145.12	145.30666666666667	145.29333333333332	145.37333333333333	145.38	145.22666666666666	145.07333333333332	145.04666666666665	145.10666666666665	145.20666666666668	145.22	145.05333333333334	145.26	145.18	145.09333333333333	145.31333333333333	145.17333333333335	145.38	145.06666666666666	145.11333333333334	145.34	145.22	145.16	145.37333333333333	145.13333333333333	145.37333333333333	145.56666666666666	145.66666666666666	145.2	145.26666666666668	145.2	145.46666666666667	145.33333333333334	145.51333333333332	145.19333333333333	145.12	145.36	145.02666666666667	145.25333333333333	145.46	145.1	145.2	145.46666666666667	145.32	145.08	144.97333333333333	145.09333333333333	145.04666666666665	145.02666666666667	145.08666666666667	144.87333333333333	144.59333333333333	144.23333333333332	143.36	141.03333333333333	132.82666666666665	0.0
0.0	132.46666666666667	140.62666666666667	143.38	144.17333333333335	144.62666666666667	144.59333333333333	145.06	144.87333333333333	145.16666666666666	145.01333333333332	144.72666666666666	145.06666666666666	145.29333333333332	145.12	144.80666666666667	145.13333333333333	145.28	145.38	145.11333333333334	145.48	145.02666666666667	145.28	145.16666666666666	145.4	145.46	145.15333333333334	145.20666666666668	144.76	144.96	144.93333333333334	144.94666666666666	145.12	145.13333333333333	145.02666666666667	144.78	145.17333333333335	144.98666666666668	144.91333333333333	145.08	145.25333333333333	145.22	144.93333333333334	145.10666666666665	144.77333333333334	144.96	145.08666666666667	144.82	144.78	144.94	144.79333333333332	145.23333333333332	145.19333333333333	145.1	145.27333333333334	144.97333333333333	144.85333333333332	144.90666666666667	144.76	145.00666666666666	145.05333333333334	144.69333333333333	145.24666666666667	144.91333333333333	144.85333333333332	144.56666666666666	144.78	144.48	143.93333333333334	143.19333333333333	140.63333333333333	132.88	0.0
0.0	132.76	141.16	143.60666666666665	144.55333333333334	144.66	144.92666666666668	145.28666666666666	145.14666666666668	145.56	145.29333333333332	145.48666666666668	145.88	145.54666666666665	145.64	145.51333333333332	145.38666666666666	145.43333333333334	145.59333333333333	145.40666666666667	145.58	145.58	145.50666666666666	145.67333333333335	145.48	145.55333333333334	145.51333333333332	145.32	145.66	145.36	145.3	145.46	145.41333333333333	145.58666666666667	145.68	145.38	145.54666666666665	145.68666666666667	145.32666666666665	145.11333333333334	145.36	145.34	145.55333333333334	145.49333333333334	145.57333333333332	145.28666666666666	145.54666666666665	145.72	145.54	145.48666666666668	145.58666666666667	145.32	145.42	145.25333333333333	145.35333333333332	145.48666666666668	145.52666666666667	145.58666666666667	145.56	145.50666666666666	145.62666666666667	145.32666666666665	145.46	145.45333333333335	145.5	145.20666666666668	145.39333333333335	145.02	144.47333333333333	143.66	140.82	132.94	0.0
0.0	132.37333333333333	140.66	143.47333333333333	144.30666666666667	144.76	144.84	144.86	145.11333333333334	144.98	145.22666666666666	145.00666666666666	145.21333333333334	145.56666666666666	145.32	145.36666666666667	145.25333333333333	145.29333333333332	145.4	145.5	145.05333333333334	145.14	145.38666666666666	145.55333333333334	144.98666666666668	145.06	145.07333333333332	144.86	145.43333333333334	145.30666666666667	144.96666666666667	145.17333333333335	145.35333333333332	145.4	145.44	145.14	145.20666666666668	145.36	145.38	145.36	145.29333333333332	145.4	145.27333333333334	145.34	145.4	145.28	145.65333333333334	145.48	145.36666666666667	145.32	145.42666666666668	145.38666666666666	144.92	145.59333333333333	145.54666666666665	145.51333333333332	145.34	145.12666666666667	145.16	145.12666666666667	145.32666666666665	144.93333333333334	144.90666666666667	145.07333333333332	145.29333333333332	145.14666666666668	145.14	144.71333333333334	144.35333333333332	143.45333333333335	140.77333333333334	132.40666666666667	0.0
0.0	132.46	141.04666666666665	143.68	144.71333333333334	144.93333333333334	145.51333333333332	145.49333333333334	145.65333333333334	145.64	145.55333333333334	145.56	145.67333333333335	145.78	145.49333333333334	145.68	145.44	145.73333333333332	145.45333333333335	145.53333333333333	145.58666666666667	145.42	145.48666666666668	145.43333333333334	145.31333333333333	145.56666666666666	145.57333333333332	145.57333333333332	145.52	145.56	145.78	145.45333333333335	145.41333333333333	145.57333333333332	145.54666666666665	145.61333333333334	145.44	145.62	145.48666666666668	145.78666666666666	145.64666666666668	145.31333333333333	145.76	145.60666666666665	145.26666666666668	145.74	145.78666666666666	145.64	145.31333333333333	145.86	145.62	145.79333333333332	145.95333333333335	145.58	145.35333333333332	145.56666666666666	145.37333333333333	145.71333333333334	145.58	145.60666666666665	145.41333333333333	145.78666666666666	145.78666666666666	145.63333333333333	145.47333333333333	145.15333333333334	145.18	145.03333333333333	144.47333333333333	143.45333333333335	141.34	132.73333333333332	0.0
0.0	132.90666666666667	140.97333333333333	143.35333333333332	144.50666666666666	144.89333333333335	145.03333333333333	145.27333333333334	145.44666666666666	145.54666666666665	145.39333333333335	145.30666666666667	145.2	145.27333333333334	145.18	145.52666666666667	145.38	145.58666666666667	145.74666666666667	145.35333333333332	145.64	145.44666666666666	145.38666666666666	145.36	145.70666666666668	145.24666666666667	145.59333333333333	145.46666666666667	145.46	145.5	145.39333333333335	145.28	145.08	145.17333333333335	145.32	145.39333333333335	145.31333333333333	145.20666666666668	145.32	145.64	145.48666666666668	145.12	145.72	145.26	145.18	145.25333333333333	145.27333333333334	145.45333333333335	145.1	145.38666666666666	145.47333333333333	145.75333333333333	145.23333333333332	145.28	145.58	145.66666666666666	145.27333333333334	145.36666666666667	145.26666666666668	145.17333333333335	145.58666666666667	145.42	145.62666666666667	145.50666666666666	145.43333333333334	145.6	145.24666666666667	145.0	144.19333333333333	143.62	141.20666666666668	132.98	0.0
0.0	132.92	140.97333333333333	143.3	144.24	144.46	145.1	145.06	145.38	145.33333333333334	145.05333333333334	145.36666666666667	145.42666666666668	145.51333333333332	145.17333333333335	145.41333333333333	145.28666666666666	145.63333333333333	145.35333333333332	145.46	145.54	145.34666666666666	145.2	145.06	145.01333333333332	145.04666666666665	145.07333333333332	145.23333333333332	145.36	145.07333333333332	145.32	145.22666666666666	145.38	145.22666666666666	145.09333333333333	145.12666666666667	145.20666666666668	145.19333333333333	145.16666666666666	145.57333333333332	145.16666666666666	145.08666666666667	145.18	145.2	145.29333333333332	145.5	145.18	145.43333333333334	145.28	145.2	145.19333333333333	145.74666666666667	145.27333333333334	145.14	145.12	145.27333333333334	145.62	145.42	145.5	145.37333333333333	145.37333333333333	145.26666666666668	145.4	145.24	145.49333333333334	144.99333333333334	144.94666666666666	144.76	144.23333333333332	143.38666666666666	140.67333333333335	132.57333333333332	0.0
0.0	132.68666666666667	140.95333333333335	143.59333333333333	144.56	144.87333333333333	145.03333333333333	145.23333333333332	145.26666666666668	145.36666666666667	145.22666666666666	145.31333333333333	145.32	145.21333333333334	145.16666666666666	144.88	145.44	145.22666666666666	145.16	145.01333333333332	145.48666666666668	145.00666666666666	145.26	145.36	145.32666666666665	145.3	145.45333333333335	145.5	145.2	145.46666666666667	145.34	145.46	145.20666666666668	145.02666666666667	145.43333333333334	145.63333333333333	145.58	145.35333333333332	145.2	144.95333333333335	145.18666666666667	145.42666666666668	145.08666666666667	145.5	145.25333333333333	145.45333333333335	145.22666666666666	145.39333333333335	145.48666666666668	145.16666666666666	145.53333333333333	145.64	145.7	145.23333333333332	145.34666666666666	145.2	145.09333333333333	145.33333333333334	145.35333333333332	145.25333333333333	145.56666666666666	145.28666666666666	145.43333333333334	145.66	145.44666666666666	145.22	145.1	144.82	144.38	143.26	141.02666666666667	132.86666666666667	0.0
0.0	132.80666666666667	141.1	143.55333333333334	144.63333333333333	145.08	145.54666666666665	145.64	145.62666666666667	145.65333333333334	145.48666666666668	145.71333333333334	145.7	145.42666666666668	145.59333333333333	145.58	145.69333333333333	145.71333333333334	145.74666666666667	145.50666666666666	145.74	145.79333333333332	145.60666666666665	145.54666666666665	145.59333333333333	145.32666666666665	145.53333333333333	145.55333333333334	146.08666666666667	145.98	145.47333333333333	145.64666666666668	145.94	145.89333333333335	145.45333333333335	145.69333333333333	145.68666666666667	145.70666666666668	145.99333333333334	145.69333333333333	145.95333333333335	145.61333333333334	145.93333333333334	145.9	145.84666666666666	145.98666666666668	145.51333333333332	145.81333333333333	145.69333333333333	145.79333333333332	145.9	145.72	145.8	145.87333333333333	145.56	145.77333333333334	145.64666666666668	145.66	145.56666666666666	145.57333333333332	145.58	145.55333333333334	145.37333333333333	145.55333333333334	145.63333333333333	145.25333333333333	145.28	144.92666666666668	144.48666666666668	143.48	141.11333333333334	133.0	0.0
0.0	132.78	140.78666666666666	143.69333333333333	144.78	144.72666666666666	144.76666666666668	145.12666666666667	145.4	145.2	145.3	145.04666666666665	145.63333333333333	145.74666666666667	145.23333333333332	145.48	145.38	145.42	145.22	145.41333333333333	145.38666666666666	145.27333333333334	145.48	145.48	145.56	145.4	145.52666666666667	145.79333333333332	145.64666666666668	145.5	145.57333333333332	145.63333333333333	145.72666666666666	145.68	145.34	145.54	145.60666666666665	145.63333333333333	145.75333333333333	145.82	145.78666666666666	145.99333333333334	145.70666666666668	145.56666666666666	145.33333333333334	145.5	145.52	145.32666666666665	145.18	145.46666666666667	145.42666666666668	145.52666666666667	145.42666666666668	145.58	145.42	145.78666666666666	145.50666666666666	145.16666666666666	145.31333333333333	145.78	145.56	145.38666666666666	145.27333333333334	145.26	145.41333333333333	145.14666666666668	145.41333333333333	144.98	144.4	143.43333333333334	140.89333333333335	133.00666666666666	0.0
0.0	132.7	140.85333333333332	143.28666666666666	143.87333333333333	144.56666666666666	144.79333333333332	144.69333333333333	145.24	145.14666666666668	145.19333333333333	145.02666666666667	144.91333333333333	144.85333333333332	144.92	145.18	145.15333333333334	144.68	145.2	144.93333333333334	144.88666666666666	145.07333333333332	145.07333333333332	145.01333333333332	145.00666666666666	144.96	145.14	145.10666666666665	145.0	144.76	144.92	145.0	144.98	144.97333333333333	145.08	145.24	145.0	144.96666666666667	145.16	145.16	145.17333333333335	144.92	145.14	144.78666666666666	145.20666666666668	145.02	145.06	145.28666666666666	145.27333333333334	145.26666666666668	144.78666666666666	144.88	144.87333333333333	145.09333333333333	145.14666666666668	144.87333333333333	145.01333333333332	145.4	145.12666666666667	145.3	145.02666666666667	144.83333333333334	144.74666666666667	145.12	144.87333333333333	144.79333333333332	144.89333333333335	144.5	143.84666666666666	143.35333333333332	141.02666666666667	132.77333333333334	0.0
0.0	132.68	140.71333333333334	143.54	144.38666666666666	144.92	145.06	145.07333333333332	145.11333333333334	145.22	145.38	145.16	145.41333333333333	145.25333333333333	145.46	145.32	145.44	145.4	145.59333333333333	145.52	145.12666666666667	145.18	145.21333333333334	145.49333333333334	145.28	145.39333333333335	145.26	145.18666666666667	145.6	145.47333333333333	145.49333333333334	145.31333333333333	145.59333333333333	145.41333333333333	145.25333333333333	145.22	145.59333333333333	145.30666666666667	145.12	145.26	145.5	145.17333333333335	145.44666666666666	145.13333333333333	145.33333333333334	145.29333333333332	145.11333333333334	145.34	145.15333333333334	145.14666666666668	145.16	145.35333333333332	145.34666666666666	145.39333333333335	145.38	144.93333333333334	145.35333333333332	145.32666666666665	145.23333333333332	145.21333333333334	145.0	145.24	145.31333333333333	145.37333333333333	145.26	145.15333333333334	145.39333333333335	144.61333333333334	144.28666666666666	143.09333333333333	140.81333333333333	132.81333333333333	0.0
0.0	132.54666666666665	140.72666666666666	143.26666666666668	144.20666666666668	144.70666666666668	145.01333333333332	144.96666666666667	144.97333333333333	145.06	145.28666666666666	145.27333333333334	145.06	144.96	145.26	144.96	145.06	145.21333333333334	145.00666666666666	145.24	145.03333333333333	145.2	145.26666666666668	145.18666666666667	145.56666666666666	145.18	145.16666666666666	145.30666666666667	144.98	144.95333333333335	145.23333333333332	145.0	144.89333333333335	145.02666666666667	144.94666666666666	145.24666666666667	145.34666666666666	145.44666666666666	145.43333333333334	144.76666666666668	144.90666666666667	145.02	145.16	145.05333333333334	145.29333333333332	145.16	145.03333333333333	145.24666666666667	145.22	145.12	144.96666666666667	144.99333333333334	145.19333333333333	145.09333333333333	144.9	145.01333333333332	145.30666666666667	145.27333333333334	145.21333333333334	145.18	145.02666666666667	145.0	145.13333333333333	145.07333333333332	145.45333333333335	144.95333333333335	144.99333333333334	144.65333333333334	144.41333333333333	143.29333333333332	140.95333333333335	132.74666666666667	0.0
0.0	132.94	140.8	142.98666666666668	144.28	144.37333333333333	144.58	144.72666666666666	144.96	144.95333333333335	145.04666666666665	144.97333333333333	144.79333333333332	145.02666666666667	145.22666666666666	145.08	145.21333333333334	145.07333333333332	145.03333333333333	144.83333333333334	145.15333333333334	145.05333333333334	145.03333333333333	145.22666666666666	145.01333333333332	144.83333333333334	144.82666666666665	145.04	145.31333333333333	145.19333333333333	145.08	145.3	145.52	145.37333333333333	145.16666666666666	145.2	145.11333333333334	145.13333333333333	145.14666666666668	145.07333333333332	145.27333333333334	145.30666666666667	145.13333333333333	144.78666666666666	145.06666666666666	145.00666666666666	145.15333333333334	144.86	145.20666666666668	144.90666666666667	144.81333333333333	145.07333333333332	144.94	145.03333333333333	144.79333333333332	145.08666666666667	144.89333333333335	145.10666666666665	145.02666666666667	145.04	145.00666666666666	144.79333333333332	145.18	144.91333333333333	145.28666666666666	144.66	144.55333333333334	144.41333333333333	143.89333333333335	143.03333333333333	140.53333333333333	132.84666666666666	0.0
0.0	132.46666666666667	140.86666666666667	143.37333333333333	144.43333333333334	144.82666666666665	145.07333333333332	145.03333333333333	145.07333333333332	145.29333333333332	145.06666666666666	145.01333333333332	145.32666666666665	145.24666666666667	145.2	145.26	145.42	145.30666666666667	145.26	145.10666666666665	145.12	145.16666666666666	145.50666666666666	145.70666666666668	145.68	145.47333333333333	145.34666666666666	145.29333333333332	145.51333333333332	145.32	145.50666666666666	145.23333333333332	145.45333333333335	145.50666666666666	145.76	145.31333333333333	145.10666666666665	145.40666666666667	145.59333333333333	145.35333333333332	145.26	145.14666666666668	145.32666666666665	145.22	145.22	145.23333333333332	145.28666666666666	145.26666666666668	145.44666666666666	145.44	145.41333333333333	145.2	145.13333333333333	145.22666666666666	145.6	145.43333333333334	145.12666666666667	145.40666666666667	145.24666666666667	145.48	145.14666666666668	145.32666666666665	145.23333333333332	145.14	145.06	144.89333333333335	145.06	144.98	144.22666666666666	143.64666666666668	141.10666666666665	132.94666666666666	0.0
0.0	132.58666666666667	141.16	143.49333333333334	144.78666666666666	145.08	145.24	145.44666666666666	145.44	145.48666666666668	145.29333333333332	145.66	145.61333333333334	145.98666666666668	146.02	145.59333333333333	146.00666666666666	145.67333333333335	145.92	145.83333333333334	145.68666666666667	145.85333333333332	145.51333333333332	145.56	145.65333333333334	145.76	145.67333333333335	145.55333333333334	145.47333333333333	145.48666666666668	145.51333333333332	145.66	145.28666666666666	145.46666666666667	145.88666666666666	145.78666666666666	145.57333333333332	145.68	145.66666666666666	145.68666666666667	145.54	145.68666666666667	145.6	145.43333333333334	145.92	145.62	145.54666666666665	145.57333333333332	145.52666666666667	145.42666666666668	145.46	145.54666666666665	145.97333333333333	145.82666666666665	145.44	145.66666666666666	145.88	145.73333333333332	145.72	145.64	145.77333333333334	145.52666666666667	145.56666666666666	145.66	145.53333333333333	145.42666666666668	145.04666666666665	145.02666666666667	144.57333333333332	143.62	141.0	132.83333333333334	0.0
0.0	133.24666666666667	140.86	143.60666666666665	144.41333333333333	144.68666666666667	144.91333333333333	144.94	145.30666666666667	145.44666666666666	145.04	145.0	144.93333333333334	145.18666666666667	145.14666666666668	145.22	145.34666666666666	145.08666666666667	145.35333333333332	145.34666666666666	145.28666666666666	145.18	145.49333333333334	145.31333333333333	145.16	145.10666666666665	145.12666666666667	144.91333333333333	145.28666666666666	145.56	145.58666666666667	145.08666666666667	145.22666666666666	145.08	145.38666666666666	145.02	145.15333333333334	145.14	145.01333333333332	145.16666666666666	145.20666666666668	145.24	145.23333333333332	145.32	145.29333333333332	145.3	145.48666666666668	145.17333333333335	145.12666666666667	145.14666666666668	145.18666666666667	144.9	145.00666666666666	145.05333333333334	144.72666666666666	144.72	144.99333333333334	145.28666666666666	144.88	145.10666666666665	145.16	145.26	144.86	145.13333333333333	145.05333333333334	145.20666666666668	145.06	144.9	144.25333333333333	143.37333333333333	140.7	132.42666666666668	0.0
0.0	132.63333333333333	140.97333333333333	143.34666666666666	144.65333333333334	145.43333333333334	145.26666666666668	145.11333333333334	145.28	145.42	145.4	145.62	145.21333333333334	145.42666666666668	145.56	145.18	145.3	145.47333333333333	145.30666666666667	145.29333333333332	145.46	145.39333333333335	145.4	145.55333333333334	145.6	145.44	145.48666666666668	145.62	145.4	145.64666666666668	145.59333333333333	145.35333333333332	145.31333333333333	145.30666666666667	145.84	145.38666666666666	145.40666666666667	145.61333333333334	145.59333333333333	145.68	145.64	145.62666666666667	145.66666666666666	145.54666666666665	145.54	145.32	145.52666666666667	145.42	145.44666666666666	145.44	145.32666666666665	145.46666666666667	145.51333333333332	145.4	145.16666666666666	145.1	145.29333333333332	145.59333333333333	145.50666666666666	145.20666666666668	145.34	145.75333333333333	145.66	145.64	145.63333333333333	145.18666666666667	145.11333333333334	145.08666666666667	144.63333333333333	143.5	141.02	132.82666666666665	0.0
0.0	132.71333333333334	140.99333333333334	143.34666666666666	144.25333333333333	144.72666666666666	144.99333333333334	145.32666666666665	145.14666666666668	145.00666666666666	145.27333333333334	145.3	145.21333333333334	145.37333333333333	145.24	145.50666666666666	145.36	145.32666666666665	145.06666666666666	145.26666666666668	145.53333333333333	145.28	145.52	145.12	145.09333333333333	145.32	145.16666666666666	145.16666666666666	145.34666666666666	145.3	145.27333333333334	145.22666666666666	145.07333333333332	145.38666666666666	145.47333333333333	145.74666666666667	145.46	145.09333333333333	145.24	145.33333333333334	145.09333333333333	145.19333333333333	145.29333333333332	145.31333333333333	145.14666666666668	145.36666666666667	144.84666666666666	145.19333333333333	145.26666666666668	145.26666666666668	145.05333333333334	145.38	145.42	145.24666666666667	144.9	145.21333333333334	145.45333333333335	144.94666666666666	145.14	145.26666666666668	145.2	145.06	145.60666666666665	145.24	144.88666666666666	145.14	144.96	144.61333333333334	144.48666666666668	143.59333333333333	140.83333333333334	132.28666666666666	0.0
0.0	132.40666666666667	140.95333333333335	143.56666666666666	144.4	144.76	145.06	145.31333333333333	145.16666666666666	145.14666666666668	145.56	145.44	145.06	145.6	145.29333333333332	145.22666666666666	145.15333333333334	145.21333333333334	145.22666666666666	145.52	145.35333333333332	145.33333333333334	145.33333333333334	145.46	145.47333333333333	145.36	145.34666666666666	145.28	145.36666666666667	145.36	145.22	145.16	145.21333333333334	145.18	145.2	145.17333333333335	145.08666666666667	145.18666666666667	145.20666666666668	145.64	145.46666666666667	145.56666666666666	145.28666666666666	145.48	145.27333333333334	145.24666666666667	145.29333333333332	145.41333333333333	145.28666666666666	145.21333333333334	145.20666666666668	145.13333333333333	145.54666666666665	145.36666666666667	145.44	144.92666666666668	145.22	145.23333333333332	145.13333333333333	145.14	145.18	145.04	145.39333333333335	145.57333333333332	145.09333333333333	145.31333333333333	144.92	144.98666666666668	144.28	143.64	140.90666666666667	132.82	0.0
0.0	132.46	140.76666666666668	143.51333333333332	144.21333333333334	144.82666666666665	144.95333333333335	145.22666666666666	145.28666666666666	145.20666666666668	145.22666666666666	145.22	145.31333333333333	145.16666666666666	145.23333333333332	145.09333333333333	145.02	145.06666666666666	145.06	145.38666666666666	145.29333333333332	145.24666666666667	145.21333333333334	145.4	145.43333333333334	145.45333333333335	145.53333333333333	145.5	145.44	145.35333333333332	145.20666666666668	145.38666666666666	145.4	145.04666666666665	145.1	144.90666666666667	145.0	144.95333333333335	145.22666666666666	145.5	145.29333333333332	145.33333333333334	145.44	145.09333333333333	145.46666666666667	145.43333333333334	145.15333333333334	144.94	144.89333333333335	145.09333333333333	145.28	145.24	145.33333333333334	145.30666666666667	145.33333333333334	145.45333333333335	145.21333333333334	145.52666666666667	144.96	145.02666666666667	145.19333333333333	145.04	145.29333333333332	145.36	145.22	145.08666666666667	144.68	144.78	144.34	143.43333333333334	140.54	132.78666666666666	0.0
0.0	132.55333333333334	140.79333333333332	143.36666666666667	144.26	144.37333333333333	144.81333333333333	144.80666666666667	144.81333333333333	144.89333333333335	145.25333333333333	144.89333333333335	145.24	144.97333333333333	145.38	145.01333333333332	145.28	145.34666666666666	145.26	145.22666666666666	145.16	145.02	144.87333333333333	145.44666666666666	145.16	145.36	145.34	145.24	145.15333333333334	145.08	145.39333333333335	145.13333333333333	145.29333333333332	145.13333333333333	145.13333333333333	145.19333333333333	145.08	145.30666666666667	145.05333333333334	144.96	145.2	145.12	144.89333333333335	145.01333333333332	144.94666666666666	144.84	145.0	145.30666666666667	145.12	144.99333333333334	145.07333333333332	144.86666666666667	144.69333333333333	145.14	145.15333333333334	145.16	144.87333333333333	145.30666666666667	145.35333333333332	145.02666666666667	145.26	145.26666666666668	145.29333333333332	145.28	145.23333333333332	144.99333333333334	144.74	144.84666666666666	144.11333333333334	143.14666666666668	140.76	132.80666666666667	0.0
0.0	133.22	141.10666666666665	143.59333333333333	144.47333333333333	145.0	145.43333333333334	145.24666666666667	145.41333333333333	145.54	145.4	145.35333333333332	145.45333333333335	145.52666666666667	145.48666666666668	145.22	145.27333333333334	145.57333333333332	145.56666666666666	145.28	145.48	145.54666666666665	145.40666666666667	145.26	145.39333333333335	145.17333333333335	145.33333333333334	145.1	145.48666666666668	145.08	145.30666666666667	145.04666666666665	145.36	145.25333333333333	145.28	145.30666666666667	145.20666666666668	145.62	145.76666666666668	145.53333333333333	145.12666666666667	145.22666666666666	145.29333333333332	145.4	145.30666666666667	145.54666666666665	145.36666666666667	145.48	145.54666666666665	145.61333333333334	145.44	145.54	145.53333333333333	145.56666666666666	145.76666666666668	145.68666666666667	145.56	145.6	145.52	145.49333333333334	145.3	145.16	145.2	145.32666666666665	145.06	145.27333333333334	145.02	144.8	144.44	143.5	140.81333333333333	132.56	0.0
0.0	132.66666666666666	140.87333333333333	143.33333333333334	144.66666666666666	144.78	144.90666666666667	144.92666666666668	145.26	145.14	145.27333333333334	144.81333333333333	145.34	145.54	145.24666666666667	145.32	145.1	145.35333333333332	145.45333333333335	145.20666666666668	145.32666666666665	145.37333333333333	145.07333333333332	145.39333333333335	145.08	145.38	145.16	145.47333333333333	145.48666666666668	145.02666666666667	145.19333333333333	145.36	145.12	145.11333333333334	145.26	145.23333333333332	145.29333333333332	145.44666666666666	145.31333333333333	145.34	145.26666666666668	145.24666666666667	145.19333333333333	145.16666666666666	145.20666666666668	145.40666666666667	145.21333333333334	145.03333333333333	145.26666666666668	145.12666666666667	145.04666666666665	145.24666666666667	145.26666666666668	145.31333333333333	145.07333333333332	145.28	145.46	145.76	145.40666666666667	145.18666666666667	145.45333333333335	144.93333333333334	145.28	145.08	145.01333333333332	144.88666666666666	145.12666666666667	144.79333333333332	144.34	143.32666666666665	140.87333333333333	132.61333333333334	0.0
0.0	132.86	140.94	143.44666666666666	144.61333333333334	145.12	145.40666666666667	145.47333333333333	145.90666666666667	145.51333333333332	145.39333333333335	145.65333333333334	145.19333333333333	145.83333333333334	145.49333333333334	145.38	145.56	145.27333333333334	145.57333333333332	145.42666666666668	145.49333333333334	145.45333333333335	145.90666666666667	145.65333333333334	145.39333333333335	145.42666666666668	145.43333333333334	145.64666666666668	145.5	145.64666666666668	145.54666666666665	145.45333333333335	145.52666666666667	145.36	145.33333333333334	145.42	145.42	145.62	145.43333333333334	145.21333333333334	145.69333333333333	145.42	145.59333333333333	145.37333333333333	145.14666666666668	145.45333333333335	145.12666666666667	145.58	145.52666666666667	145.19333333333333	145.29333333333332	145.29333333333332	145.47333333333333	145.41333333333333	145.28	145.55333333333334	145.36	145.27333333333334	145.50666666666666	145.32	145.54	145.34666666666666	145.54	145.44666666666666	145.22	145.18	145.02666666666667	144.57333333333332	144.23333333333332	143.48666666666668	140.74	132.84666666666666	0.0
0.0	132.44	140.62666666666667	143.21333333333334	144.28666666666666	144.40666666666667	144.72666666666666	144.83333333333334	144.83333333333334	145.18	144.93333333333334	144.90666666666667	145.03333333333333	145.14666666666668	145.07333333333332	145.05333333333334	145.30666666666667	145.19333333333333	145.32666666666665	144.9	144.74	145.09333333333333	145.11333333333334	144.71333333333334	145.02	145.09333333333333	145.26666666666668	145.22	144.94666666666666	144.74666666666667	145.12	145.35333333333332	145.20666666666668	145.03333333333333	145.34666666666666	145.11333333333334	145.36	145.08666666666667	145.3	144.95333333333335	145.24	144.98666666666668	145.25333333333333	145.50666666666666	145.3	145.14666666666668	145.12	144.98	145.20666666666668	145.35333333333332	145.12	145.02666666666667	144.85333333333332	144.87333333333333	145.12	145.02666666666667	144.85333333333332	145.0	145.09333333333333	145.06666666666666	145.22666666666666	144.96666666666667	145.02	145.14	145.10666666666665	145.10666666666665	144.86	144.64	144.32	143.40666666666667	140.71333333333334	132.66666666666666	0.0
0.0	132.69333333333333	140.68666666666667	143.14	144.12	144.28	144.8	144.96	145.1	145.30666666666667	145.08	145.14666666666668	144.96	145.02666666666667	145.0	144.98	145.08	145.16	144.91333333333333	145.13333333333333	144.81333333333333	144.68	144.86	144.99333333333334	144.78666666666666	144.86	144.93333333333334	144.66	144.98666666666668	144.96	145.01333333333332	144.78	145.12666666666667	145.13333333333333	145.02	145.22666666666666	145.01333333333332	145.31333333333333	145.11333333333334	144.8	144.70666666666668	144.76	145.16666666666666	144.93333333333334	144.7	144.9	144.85333333333332	144.90666666666667	144.71333333333334	144.91333333333333	144.96	145.07333333333332	144.87333333333333	144.86666666666667	145.00666666666666	145.18	145.13333333333333	145.12	145.09333333333333	145.32666666666665	144.91333333333333	145.15333333333334	145.02	145.23333333333332	144.95333333333335	144.83333333333334	144.69333333333333	144.38	144.22	143.06666666666666	140.73333333333332	132.46	0.0
0.0	132.40666666666667	140.68666666666667	142.86666666666667	143.79333333333332	144.36666666666667	144.71333333333334	144.76	144.94666666666666	144.74666666666667	144.88666666666666	144.91333333333333	145.16666666666666	144.99333333333334	145.00666666666666	145.15333333333334	145.17333333333335	145.06666666666666	145.00666666666666	145.02	144.96	144.85333333333332	144.84	144.88	144.98	145.02666666666667	144.98	145.0	144.76	144.92666666666668	145.04666666666665	144.88666666666666	144.59333333333333	144.85333333333332	144.87333333333333	145.14	145.0	145.09333333333333	145.02666666666667	144.86666666666667	145.0	144.84	144.81333333333333	145.12	145.02666666666667	145.11333333333334	145.2	144.94666666666666	145.05333333333334	144.6	145.01333333333332	145.13333333333333	144.72666666666666	144.9	144.78666666666666	144.76666666666668	145.01333333333332	144.77333333333334	144.92666666666668	144.84666666666666	144.94	144.92666666666668	144.70666666666668	144.84666666666666	144.5	144.62666666666667	144.84	144.43333333333334	143.99333333333334	143.09333333333333	140.49333333333334	132.61333333333334	0.0
0.0	132.58	140.68666666666667	143.38	144.12666666666667	144.68	144.86666666666667	144.86666666666667	145.09333333333333	145.16666666666666	145.26	145.35333333333332	145.34666666666666	145.02	145.21333333333334	145.03333333333333	145.28666666666666	144.98666666666668	144.74666666666667	144.9	145.22666666666666	145.12	145.31333333333333	145.11333333333334	145.31333333333333	145.14666666666668	145.16666666666666	144.92666666666668	144.8	144.98666666666668	145.12	145.21333333333334	145.39333333333335	145.07333333333332	144.95333333333335	145.04666666666665	145.15333333333334	144.64	145.00666666666666	145.00666666666666	145.04	145.14666666666668	145.18666666666667	144.85333333333332	145.15333333333334	144.94666666666666	145.56666666666666	145.20666666666668	144.94666666666666	145.18666666666667	145.25333333333333	145.04666666666665	144.78666666666666	145.08666666666667	144.94666666666666	145.09333333333333	145.20666666666668	145.15333333333334	145.25333333333333	145.10666666666665	145.02666666666667	145.08	144.91333333333333	144.86	145.16	145.02	144.87333333333333	144.7	144.22666666666666	143.26	140.77333333333334	132.76666666666668	0.0
0.0	132.68666666666667	141.0	143.09333333333333	144.21333333333334	144.45333333333335	144.77333333333334	144.82	145.16666666666666	145.22666666666666	145.11333333333334	145.06	145.08666666666667	145.24666666666667	144.95333333333335	145.03333333333333	144.96	145.2	144.88	144.98666666666668	145.16	144.90666666666667	145.01333333333332	145.36	145.18	145.2	145.16	145.04	145.20666666666668	144.9	145.41333333333333	144.95333333333335	145.40666666666667	144.73333333333332	144.80666666666667	144.87333333333333	145.11333333333334	145.2	144.8	145.5	145.15333333333334	145.18	145.02666666666667	145.24	145.18666666666667	145.07333333333332	145.28666666666666	145.45333333333335	144.98	145.33333333333334	145.18666666666667	145.06	144.94	144.80666666666667	145.26	145.3	145.31333333333333	145.0	145.1	145.16	145.00666666666666	145.18666666666667	145.03333333333333	145.37333333333333	144.88666666666666	145.28666666666666	144.54	144.42	143.71333333333334	143.06	141.04666666666665	132.76666666666668	0.0
0.0	132.54	140.5	143.22666666666666	144.12	144.77333333333334	144.55333333333334	145.00666666666666	145.2	145.28666666666666	145.09333333333333	145.04666666666665	145.22	145.34	144.99333333333334	145.17333333333335	144.99333333333334	144.98	144.97333333333333	145.03333333333333	145.05333333333334	145.00666666666666	144.98666666666668	145.18	144.91333333333333	144.72666666666666	145.20666666666668	145.18	145.18666666666667	145.03333333333333	145.33333333333334	144.96666666666667	145.18	145.06666666666666	145.03333333333333	145.27333333333334	144.99333333333334	145.21333333333334	145.22	145.09333333333333	145.30666666666667	145.24	145.13333333333333	145.14666666666668	145.26	145.24	145.47333333333333	145.42666666666668	145.07333333333332	145.04666666666665	145.02666666666667	145.17333333333335	145.22	145.00666666666666	145.02666666666667	144.86666666666667	144.78	145.15333333333334	144.86	144.90666666666667	144.94666666666666	145.27333333333334	145.09333333333333	144.85333333333332	144.99333333333334	144.84	144.7	144.59333333333333	143.9	143.34	140.80666666666667	132.24	0.0
0.0	132.54	140.96	143.43333333333334	144.42	144.8	145.16666666666666	145.26666666666668	145.24666666666667	145.38666666666666	145.69333333333333	145.4	145.79333333333332	145.68	145.52666666666667	145.31333333333333	145.5	145.29333333333332	145.32	145.50666666666666	145.14666666666668	145.36	145.74	145.26	145.36	145.46666666666667	145.58	145.34666666666666	145.62666666666667	145.42666666666668	145.66	145.62666666666667	145.49333333333334	145.34666666666666	145.38666666666666	145.18	145.39333333333335	145.43333333333334	145.26666666666668	145.3	145.75333333333333	145.52	145.37333333333333	145.42666666666668	145.20666666666668	145.27333333333334	145.52	145.29333333333332	145.46	145.47333333333333	145.3	145.20666666666668	145.01333333333332	145.56666666666666	145.28666666666666	145.37333333333333	145.55333333333334	145.56666666666666	145.54666666666665	145.78666666666666	145.74666666666667	145.62	145.62666666666667	145.47333333333333	145.16666666666666	145.46	145.26666666666668	144.96	144.60666666666665	143.5	141.24	132.57333333333332	0.0
0.0	132.63333333333333	141.35333333333332	143.56666666666666	144.5	145.14	145.12666666666667	145.27333333333334	145.28666666666666	145.14	145.30666666666667	145.35333333333332	145.22	145.54666666666665	145.62	145.54	145.60666666666665	145.57333333333332	145.66666666666666	145.42666666666668	145.57333333333332	145.32	145.44	145.54	145.60666666666665	145.74	145.58666666666667	146.00666666666666	145.72666666666666	145.67333333333335	145.59333333333333	145.63333333333333	145.58	145.51333333333332	145.72	145.38	145.58666666666667	145.52666666666667	145.45333333333335	145.50666666666666	145.16666666666666	145.32666666666665	145.64666666666668	145.60666666666665	145.44	145.35333333333332	145.45333333333335	145.26666666666668	145.20666666666668	145.21333333333334	145.26	145.42666666666668	145.32666666666665	145.38	145.53333333333333	145.30666666666667	145.96666666666667	145.60666666666665	145.68	145.48	145.59333333333333	145.43333333333334	145.01333333333332	145.49333333333334	145.40666666666667	145.44666666666666	145.48666666666668	145.16	144.77333333333334	143.32	141.1	132.68666666666667	0.0
0.0	132.94	141.1	143.71333333333334	144.48666666666668	144.85333333333332	145.04666666666665	145.46666666666667	145.74666666666667	145.82	145.96666666666667	145.54	145.8	145.81333333333333	145.74	145.5	145.52	145.59333333333333	145.51333333333332	145.57333333333332	145.56	145.56666666666666	145.62666666666667	145.59333333333333	145.41333333333333	145.44666666666666	145.75333333333333	145.44666666666666	145.59333333333333	145.65333333333334	145.64666666666668	145.58	145.66666666666666	145.24666666666667	145.69333333333333	145.71333333333334	145.5	145.25333333333333	145.31333333333333	145.71333333333334	145.44	145.68	145.58	145.65333333333334	145.89333333333335	145.81333333333333	145.72666666666666	145.98	145.67333333333335	145.64	145.72666666666666	145.52	145.98666666666668	145.23333333333332	145.34666666666666	145.60666666666665	145.60666666666665	145.78	145.66	145.41333333333333	145.35333333333332	145.33333333333334	145.38666666666666	145.4	145.34	145.39333333333335	145.42666666666668	145.23333333333332	144.60666666666665	143.68	141.14	132.92666666666668	0.0
0.0	132.63333333333333	140.99333333333334	143.37333333333333	144.52666666666667	144.68666666666667	144.94666666666666	145.3	145.34	145.58666666666667	145.58	145.26	145.46666666666667	145.46666666666667	145.51333333333332	145.34666666666666	145.56666666666666	145.69333333333333	145.48	145.01333333333332	145.24666666666667	145.44666666666666	145.37333333333333	145.56666666666666	145.53333333333333	145.52	145.25333333333333	145.32	145.07333333333332	145.23333333333332	145.42	145.09333333333333	145.65333333333334	145.57333333333332	145.40666666666667	145.44666666666666	145.38666666666666	145.28666666666666	145.32	145.52	145.62666666666667	145.48	145.65333333333334	145.52	145.63333333333333	145.46666666666667	145.7	145.61333333333334	145.46	145.26666666666668	145.45333333333335	145.31333333333333	145.43333333333334	145.45333333333335	145.76	145.32666666666665	145.72	145.24	145.41333333333333	145.58	145.26666666666668	145.56	145.50666666666666	145.16	145.22666666666666	145.32666666666665	145.12	144.78	144.50666666666666	143.20666666666668	141.24666666666667	132.62666666666667	0.0
0.0	132.55333333333334	141.14	143.3	144.26	144.75333333333333	144.86	145.1	145.06666666666666	145.62666666666667	145.32	145.36	145.45333333333335	145.05333333333334	145.50666666666666	145.30666666666667	145.04	145.40666666666667	145.32666666666665	145.60666666666665	145.16	145.28666666666666	145.42	145.47333333333333	145.32666666666665	145.46	145.38666666666666	145.30666666666667	145.36666666666667	144.9	145.13333333333333	145.28666666666666	145.71333333333334	145.37333333333333	145.23333333333332	145.36666666666667	145.48	145.72666666666666	145.30666666666667	145.55333333333334	145.20666666666668	145.23333333333332	145.14666666666668	145.46	145.23333333333332	145.13333333333333	145.14666666666668	144.90666666666667	145.48666666666668	145.12666666666667	145.38	145.17333333333335	145.34666666666666	145.00666666666666	145.28666666666666	145.15333333333334	145.15333333333334	145.43333333333334	145.01333333333332	145.17333333333335	145.35333333333332	145.22666666666666	145.35333333333332	145.4	145.28	145.16	145.02	144.73333333333332	144.3	143.30666666666667	140.96666666666667	132.57333333333332	0.0
0.0	133.04	141.38666666666666	143.71333333333334	144.76666666666668	145.14666666666668	145.50666666666666	145.26	145.68	145.72	145.81333333333333	145.6	145.68666666666667	145.17333333333335	145.74	145.72	145.56666666666666	145.72666666666666	145.17333333333335	145.41333333333333	145.43333333333334	145.38	145.42666666666668	145.66	145.8	145.62666666666667	145.60666666666665	145.68	145.58	145.37333333333333	145.59333333333333	145.52666666666667	145.33333333333334	145.46666666666667	145.56666666666666	145.69333333333333	145.32666666666665	145.58666666666667	145.68	145.77333333333334	145.67333333333335	145.66	145.66	145.25333333333333	145.33333333333334	145.24666666666667	145.5	145.36	145.63333333333333	145.64666666666668	145.72666666666666	145.62666666666667	145.14666666666668	145.51333333333332	145.71333333333334	145.64666666666668	145.76	145.76666666666668	145.52	145.28	145.27333333333334	145.34	145.76	145.61333333333334	145.47333333333333	145.21333333333334	145.3	144.72	144.42666666666668	143.45333333333335	141.28666666666666	133.12666666666667	0.0
0.0	132.5	140.45333333333335	143.21333333333334	144.33333333333334	144.44666666666666	144.72	144.66666666666666	144.9	144.89333333333335	144.99333333333334	145.26	145.08666666666667	145.08	145.22666666666666	144.76666666666668	144.97333333333333	144.88	145.16	145.12666666666667	144.9	145.15333333333334	145.34	144.91333333333333	144.84666666666666	144.89333333333335	144.98	144.79333333333332	144.95333333333335	145.18666666666667	144.92666666666668	144.96666666666667	144.99333333333334	145.08666666666667	144.95333333333335	145.06666666666666	144.97333333333333	144.86666666666667	144.82	144.64666666666668	144.86	145.08666666666667	145.12666666666667	145.09333333333333	144.8	145.07333333333332	144.88666666666666	144.98666666666668	144.92666666666668	145.06666666666666	144.92	144.91333333333333	145.28666666666666	144.88	145.09333333333333	144.82	144.92666666666668	144.96	145.38	144.94666666666666	145.44666666666666	144.8	145.13333333333333	144.65333333333334	144.54	144.71333333333334	144.56666666666666	144.56666666666666	143.8	142.86666666666667	140.54666666666665	132.47333333333333	0.0
0.0	132.52666666666667	141.18666666666667	143.28	144.17333333333335	144.38	144.96666666666667	145.00666666666666	145.16	145.36666666666667	145.18666666666667	145.16	145.16	145.22	145.4	145.14	145.12	145.58	145.35333333333332	145.26666666666668	145.44666666666666	145.22666666666666	145.21333333333334	144.82666666666665	144.90666666666667	145.28	145.19333333333333	145.19333333333333	145.24666666666667	145.22	145.14	145.23333333333332	145.07333333333332	145.36	145.34666666666666	145.2	145.38	145.08	145.12666666666667	145.48666666666668	145.20666666666668	145.26	145.2	145.29333333333332	145.33333333333334	145.42666666666668	145.20666666666668	145.6	145.06	145.31333333333333	145.05333333333334	145.16	145.22666666666666	145.17333333333335	144.97333333333333	145.4	144.96	145.25333333333333	145.34	145.38666666666666	145.18666666666667	145.03333333333333	145.33333333333334	145.39333333333335	145.23333333333332	145.16666666666666	145.15333333333334	144.66666666666666	144.12	143.26	140.76	132.77333333333334	0.0
0.0	132.94666666666666	141.07333333333332	143.44	144.76666666666668	145.16666666666666	145.52	145.26666666666668	145.4	145.45333333333335	145.56666666666666	145.54	145.55333333333334	145.62	145.36666666666667	145.5	145.58666666666667	145.43333333333334	145.56666666666666	145.60666666666665	145.66666666666666	145.64	145.50666666666666	145.51333333333332	145.5	145.40666666666667	145.36	145.26666666666668	145.30666666666667	145.46	145.22666666666666	145.38	145.44666666666666	145.51333333333332	145.68	145.54	145.33333333333334	145.64666666666668	145.76	145.60666666666665	145.23333333333332	145.44	145.34666666666666	145.69333333333333	145.55333333333334	145.5	145.66	145.2	145.46	145.64666666666668	145.49333333333334	145.55333333333334	145.46	145.57333333333332	145.48	145.92	145.57333333333332	145.67333333333335	145.36666666666667	145.45333333333335	145.72666666666666	145.48	145.48	145.55333333333334	145.32666666666665	145.24666666666667	145.08666666666667	144.82666666666665	144.53333333333333	143.40666666666667	140.84	132.58666666666667	0.0
0.0	132.94666666666666	140.80666666666667	143.24666666666667	144.22	144.79333333333332	145.21333333333334	144.94666666666666	145.14	145.29333333333332	145.12	145.28	145.32	145.54666666666665	145.7	145.22666666666666	145.34	145.28	145.16	145.06666666666666	145.27333333333334	145.44	145.20666666666668	145.28666666666666	145.16666666666666	144.76	145.28666666666666	145.2	145.36666666666667	145.44666666666666	145.26	145.23333333333332	145.5	145.61333333333334	145.58	145.59333333333333	145.17333333333335	145.48666666666668	145.72	145.54666666666665	145.41333333333333	145.27333333333334	145.2	145.32666666666665	145.16666666666666	145.34666666666666	145.15333333333334	145.2	145.12666666666667	145.13333333333333	145.18	145.04	145.34	145.35333333333332	145.38	145.36666666666667	145.19333333333333	145.34666666666666	145.16	145.04666666666665	145.08666666666667	144.92666666666668	144.94666666666666	144.96666666666667	144.88	144.84666666666666	144.85333333333332	145.02666666666667	144.38666666666666	143.54666666666665	140.82	132.93333333333334	0.0
0.0	132.40666666666667	141.06666666666666	143.31333333333333	144.4	145.02	145.25333333333333	145.59333333333333	145.46666666666667	145.26	145.52	145.47333333333333	145.42666666666668	145.64	145.64666666666668	145.22	145.3	145.2	145.29333333333332	145.56	145.52666666666667	145.21333333333334	145.13333333333333	145.64	145.71333333333334	145.64666666666668	145.78	145.61333333333334	145.74	145.78	145.25333333333333	145.52666666666667	145.36	145.36	145.65333333333334	145.48	145.55333333333334	145.17333333333335	145.28666666666666	145.36	145.29333333333332	145.28666666666666	145.01333333333332	145.02666666666667	144.93333333333334	145.42	145.48	145.46	145.37333333333333	145.42666666666668	145.20666666666668	145.47333333333333	145.25333333333333	145.56666666666666	145.53333333333333	145.32	145.19333333333333	145.23333333333332	145.46666666666667	145.46	145.40666666666667	145.48666666666668	145.62	145.31333333333333	145.52	145.11333333333334	145.3	144.64666666666668	144.11333333333334	143.6	141.12666666666667	132.33333333333334	0.0
0.0	132.47333333333333	140.82	143.42666666666668	144.37333333333333	144.64	145.26666666666668	145.01333333333332	145.22666666666666	145.07333333333332	145.21333333333334	145.12	145.22	145.34666666666666	145.28666666666666	145.41333333333333	145.2	145.32666666666665	145.26666666666668	144.98	145.50666666666666	145.33333333333334	145.48666666666668	145.36666666666667	145.50666666666666	145.18666666666667	145.38	145.15333333333334	145.43333333333334	145.38666666666666	145.14666666666668	145.16	145.35333333333332	145.34	145.09333333333333	145.22	145.37333333333333	145.03333333333333	145.33333333333334	145.20666666666668	145.28	145.01333333333332	145.22666666666666	145.42666666666668	145.45333333333335	145.15333333333334	145.22666666666666	144.92	145.01333333333332	145.04666666666665	144.99333333333334	145.32666666666665	145.26	145.01333333333332	145.31333333333333	145.24666666666667	145.43333333333334	145.24666666666667	145.22666666666666	145.44	145.30666666666667	145.27333333333334	145.22	144.9	145.40666666666667	145.24	144.94666666666666	144.90666666666667	144.36	143.41333333333333	140.82666666666665	133.0	0.0
0.0	133.01333333333332	140.71333333333334	143.17333333333335	144.26666666666668	144.75333333333333	144.66	144.86	144.98	145.06666666666666	145.09333333333333	145.14666666666668	145.04666666666665	145.04	144.8	144.88666666666666	145.16	145.20666666666668	145.02666666666667	145.11333333333334	144.86	145.09333333333333	144.92	144.70666666666668	144.94	145.06	145.12	145.14666666666668	144.99333333333334	145.01333333333332	145.11333333333334	145.14666666666668	145.22666666666666	145.31333333333333	145.1	144.86	145.08666666666667	144.91333333333333	144.78	145.22666666666666	145.1	144.84666666666666	144.52	145.06666666666666	145.08	145.08	145.16666666666666	145.22	145.28	145.15333333333334	145.27333333333334	144.82666666666665	145.02	145.13333333333333	145.06	145.11333333333334	145.23333333333332	145.07333333333332	145.13333333333333	144.91333333333333	145.02	144.73333333333332	144.94	144.99333333333334	145.04666666666665	144.95333333333335	144.7	144.36666666666667	143.92	142.97333333333333	140.83333333333334	132.66	0.0
0.0	133.15333333333334	141.24	143.83333333333334	144.4	144.76666666666668	145.19333333333333	145.23333333333332	145.23333333333332	145.34666666666666	145.54	145.72	145.52	145.35333333333332	145.68666666666667	145.34	145.4	145.4	145.50666666666666	145.52666666666667	145.70666666666668	145.68	145.53333333333333	145.68666666666667	145.66	145.62	145.46666666666667	145.64666666666668	145.83333333333334	145.43333333333334	145.38666666666666	145.48	145.73333333333332	145.56666666666666	145.54666666666665	145.48666666666668	145.39333333333335	145.28	145.46666666666667	145.73333333333332	145.42	145.58	145.52	145.48666666666668	145.66666666666666	145.32666666666665	145.26666666666668	145.33333333333334	145.39333333333335	145.36666666666667	145.24666666666667	145.30666666666667	145.23333333333332	145.20666666666668	145.35333333333332	145.47333333333333	145.5	145.58	145.7	145.68	145.37333333333333	145.14666666666668	145.02666666666667	145.54666666666665	145.34	145.40666666666667	145.2	144.86666666666667	144.64	143.59333333333333	140.78	133.01333333333332	0.0
0.0	132.90666666666667	140.95333333333335	143.52666666666667	144.41333333333333	145.15333333333334	145.26666666666668	145.46666666666667	145.57333333333332	145.86666666666667	145.72666666666666	145.55333333333334	145.32666666666665	145.18	145.33333333333334	145.64	145.72	145.72	145.60666666666665	145.8	145.73333333333332	145.50666666666666	145.7	145.47333333333333	145.6	145.43333333333334	145.14666666666668	145.14666666666668	145.64	145.42666666666668	145.65333333333334	145.5	145.66	145.84	145.67333333333335	145.43333333333334	145.42	145.7	145.85333333333332	145.44	145.83333333333334	145.84	145.69333333333333	145.59333333333333	145.56666666666666	145.52666666666667	145.92666666666668	145.36	145.58666666666667	145.6	145.58	145.57333333333332	145.52	145.58	145.72666666666666	145.48	145.89333333333335	145.71333333333334	146.09333333333333	145.85333333333332	145.78666666666666	145.62	145.48	145.3	145.42666666666668	145.26666666666668	144.96	145.04	144.65333333333334	143.64	141.03333333333333	132.96666666666667	0.0
0.0	132.88	141.02666666666667	143.56	144.32666666666665	145.02	144.94	145.37333333333333	145.29333333333332	145.25333333333333	145.16	145.31333333333333	145.16	144.96	145.38	145.12	145.30666666666667	145.30666666666667	145.45333333333335	145.22666666666666	145.28	145.47333333333333	145.30666666666667	145.36	145.12666666666667	145.01333333333332	145.25333333333333	145.2	145.12	145.39333333333335	145.3	145.48	145.16	145.5	145.18666666666667	145.33333333333334	145.23333333333332	145.35333333333332	145.22	145.34666666666666	145.36	145.33333333333334	145.46666666666667	145.36666666666667	145.48666666666668	145.03333333333333	145.21333333333334	144.95333333333335	145.13333333333333	145.62	145.28666666666666	145.10666666666665	145.02666666666667	144.94	145.28666666666666	145.47333333333333	145.23333333333332	145.35333333333332	145.23333333333332	145.56	145.34666666666666	145.36666666666667	145.34666666666666	145.24666666666667	145.26666666666668	145.1	145.19333333333333	144.68	144.49333333333334	143.30666666666667	140.91333333333333	133.21333333333334	0.0
0.0	132.98	141.01333333333332	143.18666666666667	144.16666666666666	144.93333333333334	144.94666666666666	145.00666666666666	144.99333333333334	145.16	144.9	145.06666666666666	145.2	145.18666666666667	145.28	145.21333333333334	145.48	145.2	145.14666666666668	145.18	145.24	144.84666666666666	145.49333333333334	145.02	144.96666666666667	145.19333333333333	145.1	145.34	145.32	145.68	144.98666666666668	145.14666666666668	145.15333333333334	144.79333333333332	144.95333333333335	145.14666666666668	144.98666666666668	145.06	145.1	145.07333333333332	145.18666666666667	145.24666666666667	145.24666666666667	144.81333333333333	145.46666666666667	145.14	145.12666666666667	144.97333333333333	144.88	145.05333333333334	145.21333333333334	145.03333333333333	144.97333333333333	145.02666666666667	145.01333333333332	145.2	145.19333333333333	145.24666666666667	145.16	145.11333333333334	145.1	144.98666666666668	145.1	145.23333333333332	145.34	144.83333333333334	144.92	145.0	143.92	143.09333333333333	140.81333333333333	132.88666666666666	0.0
0.0	132.67333333333335	141.17333333333335	143.6	144.82	145.1	145.22666666666666	145.28666666666666	145.8	145.44	145.4	145.41333333333333	145.39333333333335	145.71333333333334	145.59333333333333	145.35333333333332	146.02	145.72666666666666	145.76	145.54	145.22666666666666	145.22	145.51333333333332	145.59333333333333	145.58	145.74666666666667	145.76	145.49333333333334	145.38666666666666	145.72666666666666	145.3	145.7	145.48	145.64	145.54666666666665	145.44	145.39333333333335	145.28	145.34666666666666	145.18666666666667	145.38	145.31333333333333	145.69333333333333	145.39333333333335	145.51333333333332	145.75333333333333	145.57333333333332	146.1	145.68	145.66	145.47333333333333	145.53333333333333	145.36	145.52	145.52	145.42666666666668	145.45333333333335	145.63333333333333	145.42	145.54666666666665	145.56666666666666	145.33333333333334	145.12	145.19333333333333	145.59333333333333	145.55333333333334	145.02	145.3	144.36666666666667	143.58666666666667	140.96666666666667	133.15333333333334	0.0
0.0	132.7	140.99333333333334	143.40666666666667	144.36	144.66	144.79333333333332	144.7	145.11333333333334	145.02	144.98666666666668	145.12	145.0	144.98666666666668	145.06666666666666	145.18666666666667	145.38	145.31333333333333	145.0	145.24	145.29333333333332	145.12	145.14	145.14666666666668	145.22	145.26666666666668	145.18666666666667	145.28666666666666	145.16666666666666	145.39333333333335	145.50666666666666	145.16666666666666	145.38	145.53333333333333	145.16666666666666	145.24	145.18	145.20666666666668	145.12666666666667	145.26	145.14666666666668	144.98	145.37333333333333	145.22666666666666	145.12666666666667	145.11333333333334	145.31333333333333	145.28666666666666	145.46666666666667	144.99333333333334	145.3	145.40666666666667	145.25333333333333	145.24	145.34666666666666	145.24	145.12666666666667	145.16	145.16666666666666	145.08	145.10666666666665	145.26	145.2	145.02	145.09333333333333	145.08666666666667	145.16	144.56	144.56666666666666	143.5	140.94	132.38666666666666	0.0
0.0	132.74	141.09333333333333	143.6	144.56	145.25333333333333	145.22	145.21333333333334	145.54666666666665	145.0	145.14666666666668	145.15333333333334	145.39333333333335	145.39333333333335	145.34666666666666	145.37333333333333	145.42666666666668	145.32666666666665	145.65333333333334	145.5	145.60666666666665	145.54666666666665	145.43333333333334	145.37333333333333	145.53333333333333	145.54	145.37333333333333	145.54666666666665	145.35333333333332	145.44	145.86666666666667	145.78666666666666	145.7	145.77333333333334	145.63333333333333	145.81333333333333	145.73333333333332	145.83333333333334	145.6	145.91333333333333	145.54666666666665	145.42666666666668	145.64	145.50666666666666	145.44666666666666	145.38	145.47333333333333	145.51333333333332	145.83333333333334	145.82666666666665	145.48666666666668	145.46	145.49333333333334	145.76	145.6	145.58	145.52666666666667	145.45333333333335	145.76	145.36666666666667	145.6	145.39333333333335	145.45333333333335	145.31333333333333	145.43333333333334	145.20666666666668	145.40666666666667	144.90666666666667	144.52	143.42666666666668	140.88	132.61333333333334	0.0
0.0	132.6	140.65333333333334	143.5	144.09333333333333	144.78666666666666	144.87333333333333	144.92666666666668	145.04666666666665	145.18666666666667	145.01333333333332	145.28666666666666	145.16	145.33333333333334	145.25333333333333	145.03333333333333	145.31333333333333	145.16	145.54	145.21333333333334	145.28666666666666	145.44666666666666	145.54	145.31333333333333	145.3	145.45333333333335	145.48666666666668	145.49333333333334	145.11333333333334	145.18	144.91333333333333	145.05333333333334	145.17333333333335	145.12666666666667	145.4	145.48666666666668	145.16666666666666	145.13333333333333	145.22	145.01333333333332	145.36666666666667	145.58	145.48666666666668	144.98	145.26	145.3	145.16666666666666	145.05333333333334	145.32	145.12	144.93333333333334	145.28666666666666	145.34	145.58666666666667	145.67333333333335	145.3	145.01333333333332	145.3	145.32666666666665	145.34	145.15333333333334	145.3	145.29333333333332	145.32	145.33333333333334	145.12	145.05333333333334	144.82	144.47333333333333	143.18666666666667	140.73333333333332	132.11333333333334	0.0
0.0	133.06666666666666	141.18	143.57333333333332	144.40666666666667	144.66	145.0	145.14666666666668	145.29333333333332	145.17333333333335	145.08	145.17333333333335	145.31333333333333	145.05333333333334	145.10666666666665	145.2	145.20666666666668	145.24666666666667	145.34666666666666	145.42	145.32	145.51333333333332	145.52666666666667	145.24	145.20666666666668	145.01333333333332	145.02666666666667	144.98	145.0	145.24666666666667	145.17333333333335	145.08	145.1	145.31333333333333	145.48666666666668	145.06666666666666	145.51333333333332	145.13333333333333	145.1	145.20666666666668	145.36	145.18	145.1	145.17333333333335	145.30666666666667	145.48	145.57333333333332	145.42	145.24	145.66666666666666	145.4	145.21333333333334	145.32	145.34666666666666	145.33333333333334	145.35333333333332	145.46	145.25333333333333	145.12	144.98666666666668	145.27333333333334	145.18666666666667	145.10666666666665	145.07333333333332	144.94	144.86666666666667	144.64	144.68666666666667	144.22666666666666	143.43333333333334	140.72666666666666	132.71333333333334	0.0
0.0	132.54666666666665	141.01333333333332	143.67333333333335	144.41333333333333	144.72	144.86	145.27333333333334	145.38	145.51333333333332	145.51333333333332	145.72666666666666	145.50666666666666	145.59333333333333	145.67333333333335	145.56666666666666	145.46	145.66666666666666	145.40666666666667	145.82	145.42666666666668	145.7	145.67333333333335	145.48	145.61333333333334	145.39333333333335	145.5	145.51333333333332	145.61333333333334	145.35333333333332	145.34666666666666	145.32	145.84666666666666	145.60666666666665	145.25333333333333	145.49333333333334	145.36	145.38	145.18	145.74666666666667	145.6	145.60666666666665	145.15333333333334	145.60666666666665	145.12666666666667	145.20666666666668	145.48666666666668	145.49333333333334	145.52	145.13333333333333	145.34666666666666	145.34666666666666	145.34	145.43333333333334	145.42	145.68666666666667	145.37333333333333	145.49333333333334	145.21333333333334	145.04	145.49333333333334	145.18666666666667	145.38666666666666	145.40666666666667	145.44	145.33333333333334	145.01333333333332	144.93333333333334	144.37333333333333	143.61333333333334	141.00666666666666	132.71333333333334	0.0
0.0	132.68666666666667	140.76666666666668	143.36666666666667	144.48	144.76666666666668	145.46	145.22666666666666	145.47333333333333	145.28	145.04	145.44	145.10666666666665	145.19333333333333	145.32	145.43333333333334	145.30666666666667	145.2	145.11333333333334	145.54666666666665	145.48	145.4	145.56666666666666	145.20666666666668	145.37333333333333	145.24666666666667	145.07333333333332	145.59333333333333	145.72	145.50666666666666	145.29333333333332	145.23333333333332	145.20666666666668	145.42	145.49333333333334	145.43333333333334	145.46666666666667	145.47333333333333	145.24666666666667	145.13333333333333	145.08666666666667	145.56666666666666	145.36	145.36666666666667	145.29333333333332	145.46666666666667	145.06666666666666	145.58666666666667	145.43333333333334	145.36	145.34666666666666	145.29333333333332	145.42	145.47333333333333	145.63333333333333	145.72	145.54666666666665	145.42666666666668	145.66	145.54666666666665	145.24	145.53333333333333	145.40666666666667	145.39333333333335	145.5	145.49333333333334	145.12	144.92666666666668	144.36666666666667	143.62666666666667	141.28666666666666	132.94	0.0
0.0	132.43333333333334	140.62666666666667	143.6	144.57333333333332	144.9	145.04	145.52	145.24	145.33333333333334	145.08	145.22666666666666	145.29333333333332	145.20666666666668	145.35333333333332	145.39333333333335	145.33333333333334	145.14666666666668	145.22	145.52	145.28666666666666	145.51333333333332	145.34666666666666	145.53333333333333	145.24666666666667	145.22666666666666	145.3	145.14	145.05333333333334	145.16	145.32666666666665	145.23333333333332	145.43333333333334	145.16	145.35333333333332	145.35333333333332	145.63333333333333	145.40666666666667	144.99333333333334	145.06666666666666	145.28	145.30666666666667	145.69333333333333	145.34666666666666	145.16666666666666	145.33333333333334	145.19333333333333	145.21333333333334	145.12	145.26666666666668	145.28	145.42666666666668	145.35333333333332	145.32666666666665	145.3	145.44666666666666	145.47333333333333	145.17333333333335	145.32666666666665	145.12666666666667	145.36	145.27333333333334	145.43333333333334	145.14666666666668	145.17333333333335	145.22	145.0	144.96	144.49333333333334	143.16666666666666	140.82	132.98	0.0
0.0	132.38666666666666	140.64	143.39333333333335	144.34	144.57333333333332	145.16	145.47333333333333	145.46	145.42	145.3	145.35333333333332	145.31333333333333	145.23333333333332	145.23333333333332	145.12666666666667	145.38666666666666	145.44666666666666	144.98	145.4	145.22	145.14	145.35333333333332	145.48	145.13333333333333	145.45333333333335	145.33333333333334	145.32	145.72	145.45333333333335	145.20666666666668	145.61333333333334	145.56666666666666	145.61333333333334	145.68666666666667	145.51333333333332	145.22	145.38666666666666	145.45333333333335	145.49333333333334	145.43333333333334	145.58666666666667	145.31333333333333	145.68666666666667	145.33333333333334	145.38	145.30666666666667	145.48666666666668	145.2	145.38	145.55333333333334	145.14666666666668	145.42	145.02	145.22	145.24666666666667	145.03333333333333	145.13333333333333	145.36666666666667	145.35333333333332	145.01333333333332	145.24	145.08666666666667	145.36	145.39333333333335	145.18	145.25333333333333	144.76	144.4	143.46	141.08	132.95333333333335	0.0
0.0	132.49333333333334	140.65333333333334	143.26666666666668	144.06	144.62	144.90666666666667	144.92666666666668	145.04	144.84	145.12	145.08	145.35333333333332	145.40666666666667	145.28666666666666	145.03333333333333	144.92	145.16	145.15333333333334	145.28666666666666	145.22	145.32666666666665	145.52666666666667	145.26	145.12666666666667	145.52	145.39333333333335	145.37333333333333	145.32	145.41333333333333	145.02	145.02	145.17333333333335	144.97333333333333	145.04666666666665	145.47333333333333	145.32	145.32	145.38666666666666	145.44666666666666	145.26666666666668	145.50666666666666	145.19333333333333	145.12	145.32666666666665	145.32	145.14	145.10666666666665	145.35333333333332	145.58666666666667	145.18666666666667	145.29333333333332	145.37333333333333	145.42666666666668	145.30666666666667	145.42666666666668	145.32	145.30666666666667	145.37333333333333	145.37333333333333	145.42666666666668	145.22666666666666	145.26666666666668	145.19333333333333	145.02	145.03333333333333	145.06	144.61333333333334	143.96666666666667	143.31333333333333	141.04	132.64	0.0
0.0	132.98	140.9	143.22	144.26	144.91333333333333	144.93333333333334	144.99333333333334	145.43333333333334	145.11333333333334	145.44	145.28666666666666	145.11333333333334	145.21333333333334	145.01333333333332	145.28	145.14	144.94	145.05333333333334	145.05333333333334	145.4	145.33333333333334	145.42666666666668	145.46666666666667	145.33333333333334	145.42	145.29333333333332	145.32	145.04666666666665	145.36	144.96	145.22	145.4	145.20666666666668	145.28666666666666	145.39333333333335	145.05333333333334	145.2	145.07333333333332	145.34666666666666	145.1	145.2	145.15333333333334	145.06	145.54	145.00666666666666	145.24	145.12	145.21333333333334	144.92666666666668	145.14	145.40666666666667	145.3	145.12	145.02	145.00666666666666	145.32666666666665	145.25333333333333	144.84666666666666	145.03333333333333	145.22	145.02	145.04666666666665	144.8	144.98	144.55333333333334	144.97333333333333	144.81333333333333	143.96	143.03333333333333	140.68	132.49333333333334	0.0
0.0	132.52	140.42	142.73333333333332	144.0	144.34	144.45333333333335	144.86	144.90666666666667	144.98	144.76	144.83333333333334	144.76666666666668	144.49333333333334	144.92666666666668	144.59333333333333	145.10666666666665	144.66	144.68666666666667	145.02	144.88	144.50666666666666	144.81333333333333	144.74666666666667	144.98	144.98	145.0	144.99333333333334	144.74	144.69333333333333	144.61333333333334	144.55333333333334	144.52	145.04666666666665	145.08666666666667	144.93333333333334	144.98666666666668	145.10666666666665	144.72666666666666	144.8	144.76	144.86	144.82666666666665	144.92666666666668	144.9	144.98666666666668	145.06	144.88666666666666	144.93333333333334	144.70666666666668	144.63333333333333	144.97333333333333	144.72	144.72	144.96666666666667	144.81333333333333	145.06666666666666	144.84666666666666	144.94666666666666	145.24	144.94	145.06	144.72666666666666	144.74	144.86666666666667	144.48666666666668	144.54666666666665	144.32	143.91333333333333	143.02	140.6	132.56666666666666	0.0
0.0	132.84666666666666	141.04	143.30666666666667	144.37333333333333	144.64	145.07333333333332	144.86	145.17333333333335	145.00666666666666	145.34	145.5	145.34	145.62	145.77333333333334	145.5	145.45333333333335	145.52666666666667	145.35333333333332	145.47333333333333	145.08	145.47333333333333	145.3	145.52666666666667	145.46	145.29333333333332	145.21333333333334	145.50666666666666	145.68	145.21333333333334	145.52666666666667	145.17333333333335	145.07333333333332	145.43333333333334	145.41333333333333	145.44666666666666	145.27333333333334	145.4	145.23333333333332	145.38666666666666	145.30666666666667	145.4	145.32	145.66	145.72	145.56666666666666	145.61333333333334	145.24	145.06	145.24	145.05333333333334	145.38	144.92	145.33333333333334	145.48666666666668	145.26	145.47333333333333	145.48666666666668	145.08666666666667	145.27333333333334	145.12666666666667	145.34	145.37333333333333	145.36	145.30666666666667	145.15333333333334	145.02666666666667	144.77333333333334	144.89333333333335	143.71333333333334	141.10666666666665	132.19333333333333	0.0
0.0	132.40666666666667	140.87333333333333	143.39333333333335	144.17333333333335	144.45333333333335	144.79333333333332	145.28666666666666	145.10666666666665	145.24	144.74666666666667	145.12666666666667	145.01333333333332	145.02	144.8	145.19333333333333	145.17333333333335	145.5	145.27333333333334	144.73333333333332	145.07333333333332	144.92	144.78	145.08	144.99333333333334	145.02	144.92	144.80666666666667	145.22666666666666	145.14	144.98	144.8	144.9	145.34	145.08666666666667	145.14	145.26666666666668	144.73333333333332	144.94666666666666	144.88666666666666	145.02	144.96	145.20666666666668	145.06	145.26666666666668	145.17333333333335	145.08	145.0	145.08	145.14666666666668	145.12666666666667	145.13333333333333	145.01333333333332	145.06	144.92	145.14	145.12666666666667	145.26666666666668	144.91333333333333	145.01333333333332	145.16	144.9	145.34	144.68	145.27333333333334	145.14	144.85333333333332	144.49333333333334	143.89333333333335	143.11333333333334	141.01333333333332	132.48666666666668	0.0
0.0	132.70666666666668	141.04	143.74	144.62666666666667	145.18666666666667	145.25333333333333	145.20666666666668	145.40666666666667	145.44666666666666	145.52666666666667	145.64	145.39333333333335	145.41333333333333	145.46	145.68666666666667	145.69333333333333	145.65333333333334	145.62	145.54	146.01333333333332	145.71333333333334	145.31333333333333	145.66666666666666	145.58	145.54	145.56666666666666	145.69333333333333	145.75333333333333	145.94666666666666	145.64666666666668	145.64666666666668	145.72666666666666	145.3	145.51333333333332	145.16	145.55333333333334	145.36666666666667	145.20666666666668	145.55333333333334	145.66666666666666	145.4	145.33333333333334	145.37333333333333	145.56	145.48666666666668	145.08	145.68666666666667	145.5	145.62666666666667	145.52	145.53333333333333	145.52	145.36666666666667	145.64666666666668	145.44	145.87333333333333	145.49333333333334	145.59333333333333	145.72666666666666	145.39333333333335	145.37333333333333	145.76	145.52666666666667	145.51333333333332	145.16666666666666	145.18	144.80666666666667	144.46	143.64	141.00666666666666	132.48	0.0
0.0	132.02666666666667	140.64	143.36666666666667	144.14	145.04666666666665	145.30666666666667	145.44666666666666	145.36666666666667	145.44	145.44666666666666	145.31333333333333	145.26666666666668	145.22666666666666	145.25333333333333	145.45333333333335	145.67333333333335	145.6	145.5	145.38	145.15333333333334	145.26	145.41333333333333	145.34	145.05333333333334	145.36666666666667	145.48666666666668	145.34666666666666	145.4	145.50666666666666	145.2	145.26	145.62666666666667	145.18	145.34	145.12666666666667	145.32	145.04666666666665	144.88666666666666	145.54	145.16666666666666	145.4	145.48666666666668	145.21333333333334	145.28666666666666	145.14	145.23333333333332	144.93333333333334	145.38	145.66	145.44666666666666	145.53333333333333	145.12	145.28666666666666	144.98	145.18666666666667	145.40666666666667	145.44666666666666	145.48	145.47333333333333	145.70666666666668	145.45333333333335	145.27333333333334	145.3	145.22666666666666	145.13333333333333	145.01333333333332	144.93333333333334	144.46	143.34	140.70666666666668	132.75333333333333	0.0
0.0	133.02666666666667	141.32	143.87333333333333	144.71333333333334	144.84	145.15333333333334	145.20666666666668	144.98666666666668	145.31333333333333	145.08	145.2	145.48	145.16	145.18666666666667	145.42	145.46	145.4	145.38	145.26666666666668	145.24	145.54	145.44666666666666	145.64666666666668	145.59333333333333	145.72	145.31333333333333	145.32666666666665	145.32	145.24	145.44	145.48666666666668	145.54	145.29333333333332	145.45333333333335	145.54666666666665	145.58666666666667	145.44666666666666	145.63333333333333	145.29333333333332	145.56666666666666	145.38	145.53333333333333	145.41333333333333	145.75333333333333	145.60666666666665	145.4	145.26666666666668	145.7	145.28666666666666	145.42	145.38666666666666	145.38666666666666	145.28	145.23333333333332	145.08666666666667	145.46	145.26666666666668	145.50666666666666	145.42666666666668	145.37333333333333	145.45333333333335	145.37333333333333	145.36666666666667	145.15333333333334	145.02666666666667	144.98	144.98666666666668	144.34	143.28	140.87333333333333	132.16666666666666	0.0
0.0	132.54666666666665	140.83333333333334	143.50666666666666	144.54	144.78	144.86	145.14666666666668	145.19333333333333	145.3	145.03333333333333	145.45333333333335	145.18666666666667	145.18	145.39333333333335	145.16666666666666	145.58	145.40666666666667	145.5	145.31333333333333	145.22666666666666	145.52666666666667	145.36	145.46	145.42	145.30666666666667	145.34666666666666	145.53333333333333	145.42	145.28	145.24666666666667	145.35333333333332	145.16	145.15333333333334	145.26666666666668	145.26	145.04	145.07333333333332	145.63333333333333	145.40666666666667	145.42	145.18666666666667	145.25333333333333	145.51333333333332	145.42	145.49333333333334	145.39333333333335	145.5	145.60666666666665	145.72	145.42666666666668	145.62666666666667	145.48	145.42	145.38666666666666	145.21333333333334	145.27333333333334	145.1	145.31333333333333	145.20666666666668	145.12666666666667	145.27333333333334	145.20666666666668	145.24666666666667	145.00666666666666	144.78666666666666	144.87333333333333	144.62	144.15333333333334	143.24666666666667	141.28	132.92666666666668	0.0
0.0	132.80666666666667	141.0	143.75333333333333	144.62	144.98666666666668	145.40666666666667	145.42	145.41333333333333	145.44666666666666	145.49333333333334	145.45333333333335	145.51333333333332	145.41333333333333	145.35333333333332	145.45333333333335	145.53333333333333	145.39333333333335	145.23333333333332	145.46	145.46	145.65333333333334	145.83333333333334	145.72666666666666	145.24	145.41333333333333	145.43333333333334	145.46666666666667	145.5	145.51333333333332	145.32666666666665	145.31333333333333	145.22	145.54	145.55333333333334	145.33333333333334	145.53333333333333	145.14666666666668	145.44666666666666	145.48	145.23333333333332	145.26	145.33333333333334	145.44	145.6	145.59333333333333	145.32666666666665	145.47333333333333	145.31333333333333	145.24666666666667	145.42666666666668	145.39333333333335	145.34	145.64	145.56	145.58666666666667	145.34	145.77333333333334	145.23333333333332	145.61333333333334	145.45333333333335	145.38	145.53333333333333	145.72666666666666	145.47333333333333	145.53333333333333	145.5	145.40666666666667	144.68666666666667	143.42	141.2	132.57333333333332	0.0
0.0	132.61333333333334	140.77333333333334	143.62666666666667	144.53333333333333	145.05333333333334	145.06	145.28666666666666	145.31333333333333	145.28666666666666	145.66	145.56666666666666	145.42666666666668	145.44	145.48	145.21333333333334	145.40666666666667	145.23333333333332	145.5	145.46666666666667	145.56	145.59333333333333	145.54	145.56666666666666	145.52666666666667	145.59333333333333	145.67333333333335	145.27333333333334	145.38666666666666	145.60666666666665	145.24666666666667	145.35333333333332	145.54666666666665	145.52666666666667	145.22	145.0	145.57333333333332	145.35333333333332	145.50666666666666	145.58666666666667	145.46666666666667	145.47333333333333	145.23333333333332	145.48666666666668	145.66	145.5	145.34	145.60666666666665	145.45333333333335	145.54	145.79333333333332	145.49333333333334	145.53333333333333	145.41333333333333	145.36	145.31333333333333	145.34	145.38	145.34666666666666	145.44	145.31333333333333	145.24	145.48	145.28	145.44666666666666	145.48666666666668	145.53333333333333	145.18666666666667	144.66	143.61333333333334	141.19333333333333	132.60666666666665	0.0
0.0	132.54666666666665	140.7	143.12	144.31333333333333	145.04666666666665	144.98	145.15333333333334	144.98666666666668	145.05333333333334	145.43333333333334	144.89333333333335	145.54	145.19333333333333	145.16666666666666	145.16	145.3	145.24666666666667	145.06666666666666	145.29333333333332	145.00666666666666	145.31333333333333	145.20666666666668	145.35333333333332	145.33333333333334	145.42	145.18666666666667	145.26666666666668	145.65333333333334	145.51333333333332	145.34666666666666	145.61333333333334	145.46666666666667	145.46666666666667	145.48	145.46	145.08	145.45333333333335	145.36	145.25333333333333	145.43333333333334	145.19333333333333	145.37333333333333	145.18	145.49333333333334	145.18	145.24	145.24	145.36	145.18	145.58666666666667	144.96	145.24	145.26666666666668	145.23333333333332	145.29333333333332	145.22	145.46	145.32	145.32666666666665	145.01333333333332	145.20666666666668	145.1	144.92666666666668	145.07333333333332	145.02	145.2	144.84666666666666	144.28	143.29333333333332	140.44	132.46	0.0
0.0	132.54	140.77333333333334	143.32666666666665	144.48	144.77333333333334	144.87333333333333	145.18666666666667	145.48	145.09333333333333	145.48666666666668	145.5	145.55333333333334	145.71333333333334	145.43333333333334	145.64666666666668	145.38666666666666	145.49333333333334	145.66666666666666	145.29333333333332	145.46	145.61333333333334	145.63333333333333	145.90666666666667	145.3	145.4	145.76666666666668	145.48	145.28	145.36666666666667	145.36666666666667	145.52666666666667	145.04	145.38666666666666	145.56666666666666	145.35333333333332	145.33333333333334	145.47333333333333	145.62666666666667	145.41333333333333	145.55333333333334	145.73333333333332	145.46	145.65333333333334	145.49333333333334	145.76	145.76	145.84	145.64666666666668	145.32666666666665	145.46	145.77333333333334	145.66	145.38	145.42	145.61333333333334	145.36666666666667	145.60666666666665	145.31333333333333	145.64666666666668	145.41333333333333	145.66	145.28666666666666	145.02	145.12	145.54666666666665	144.91333333333333	144.91333333333333	144.53333333333333	143.38	140.64	132.46666666666667	0.0
0.0	132.82	141.08666666666667	143.34666666666666	144.43333333333334	144.58666666666667	144.80666666666667	145.14	144.98666666666668	145.02666666666667	145.03333333333333	145.05333333333334	145.15333333333334	144.94666666666666	144.94666666666666	145.06666666666666	145.17333333333335	145.10666666666665	145.08666666666667	145.32	145.05333333333334	145.03333333333333	145.24666666666667	145.16	145.28666666666666	145.12	145.08	144.97333333333333	145.02666666666667	144.83333333333334	145.02666666666667	145.17333333333335	144.90666666666667	145.36	145.17333333333335	145.04666666666665	145.32	145.42666666666668	144.68666666666667	144.72666666666666	145.2	145.18666666666667	145.32	145.18	145.1	145.28666666666666	144.90666666666667	145.28	145.22666666666666	145.27333333333334	145.17333333333335	145.02666666666667	144.83333333333334	145.06666666666666	145.18	145.02	145.06	145.08	145.06	144.91333333333333	144.84	144.96	144.76666666666668	145.11333333333334	144.97333333333333	144.80666666666667	144.64666666666668	144.38	144.12	143.14	140.73333333333332	132.95333333333335	0.0
0.0	132.78666666666666	140.59333333333333	143.46	144.81333333333333	144.9	144.94	145.22	145.43333333333334	145.40666666666667	145.44666666666666	145.4	145.25333333333333	145.38	145.37333333333333	145.42666666666668	145.24666666666667	145.16666666666666	145.46	145.44	145.28666666666666	145.3	145.25333333333333	145.00666666666666	145.55333333333334	145.47333333333333	145.3	145.09333333333333	144.94666666666666	145.58666666666667	145.6	145.4	145.59333333333333	145.46	145.22	145.24	145.40666666666667	145.23333333333332	145.18	145.29333333333332	145.04	145.02666666666667	145.32	145.31333333333333	145.5	145.26666666666668	145.16	145.41333333333333	145.19333333333333	145.44	145.42	145.19333333333333	145.32666666666665	145.4	145.25333333333333	145.28666666666666	145.44666666666666	145.27333333333334	145.26666666666668	145.24	145.08	145.29333333333332	145.28	145.23333333333332	144.88	144.83333333333334	144.78666666666666	144.52666666666667	144.1	143.25333333333333	140.82666666666665	132.36	0.0
0.0	132.98666666666668	140.92	143.37333333333333	144.49333333333334	144.61333333333334	145.18	145.46666666666667	145.42666666666668	145.44	145.06666666666666	144.98	145.23333333333332	145.26	145.47333333333333	145.56	145.4	145.2	145.16	145.16	145.20666666666668	145.40666666666667	145.42	145.46	145.45333333333335	145.34666666666666	145.50666666666666	145.41333333333333	145.32	145.48	145.06666666666666	145.54	145.56666666666666	145.48	145.35333333333332	145.2	145.60666666666665	145.52	145.62666666666667	145.23333333333332	145.39333333333335	145.22666666666666	145.56	145.58	145.6	145.14	145.29333333333332	145.51333333333332	145.72	145.45333333333335	145.49333333333334	145.42666666666668	145.32	145.2	145.23333333333332	145.26	145.76	145.52666666666667	145.49333333333334	145.61333333333334	145.31333333333333	145.28	145.30666666666667	145.28	145.41333333333333	145.28	144.96	144.82666666666665	144.48666666666668	143.88	141.24666666666667	132.62666666666667	0.0
0.0	132.80666666666667	141.32666666666665	143.52666666666667	144.38	145.03333333333333	145.08	145.15333333333334	145.08666666666667	145.34666666666666	145.18	145.56	145.35333333333332	145.56666666666666	145.09333333333333	145.38666666666666	145.26	145.50666666666666	145.34	145.33333333333334	144.96	145.34	145.48	145.52	145.45333333333335	145.52666666666667	145.58666666666667	145.24666666666667	145.48666666666668	145.35333333333332	145.4	145.58666666666667	145.48	145.36666666666667	145.34	145.74666666666667	145.75333333333333	145.38	145.67333333333335	145.61333333333334	145.44	145.38666666666666	145.33333333333334	145.08	145.18666666666667	145.01333333333332	145.41333333333333	145.55333333333334	145.42	145.56	145.31333333333333	145.52666666666667	145.29333333333332	145.35333333333332	145.31333333333333	145.18	145.14	145.34666666666666	145.18666666666667	145.28666666666666	145.08666666666667	145.24666666666667	145.30666666666667	145.44666666666666	145.38	145.44	145.09333333333333	144.71333333333334	144.63333333333333	143.68	141.18666666666667	133.00666666666666	0.0
0.0	133.02	140.71333333333334	143.10666666666665	144.38	144.5	144.76	145.28	145.26	145.16	145.55333333333334	145.48666666666668	145.06	145.24666666666667	145.12666666666667	145.46	145.12666666666667	145.32666666666665	145.36	145.32666666666665	145.27333333333334	145.23333333333332	145.23333333333332	145.18	145.25333333333333	145.41333333333333	145.08	145.24666666666667	145.08	145.29333333333332	145.47333333333333	145.54666666666665	145.16	145.72	145.36666666666667	145.24	145.34	145.6	145.4	145.44	145.34666666666666	145.14666666666668	145.15333333333334	145.12	145.20666666666668	145.50666666666666	145.35333333333332	145.49333333333334	145.4	145.12	145.24666666666667	145.12	145.28666666666666	145.47333333333333	145.64	145.68666666666667	145.39333333333335	145.12	145.26	145.4	145.5	145.71333333333334	145.18	145.1	145.44666666666666	145.18666666666667	145.17333333333335	144.74666666666667	144.46666666666667	143.44666666666666	140.8	132.78666666666666	0.0
0.0	133.03333333333333	140.87333333333333	143.18	144.43333333333334	144.91333333333333	144.88	145.01333333333332	145.05333333333334	144.72666666666666	144.85333333333332	145.18	145.20666666666668	145.34	145.04	145.27333333333334	145.61333333333334	145.14	145.30666666666667	145.18	145.22666666666666	145.18	145.37333333333333	145.45333333333335	145.29333333333332	144.87333333333333	145.40666666666667	145.36666666666667	145.47333333333333	145.58	145.66666666666666	145.64	145.42666666666668	145.2	145.28	145.34666666666666	145.57333333333332	144.97333333333333	145.16	145.58666666666667	145.28666666666666	145.51333333333332	145.42	145.21333333333334	145.16	145.30666666666667	145.5	145.43333333333334	145.3	145.22	145.12666666666667	145.51333333333332	145.06	145.02	145.44666666666666	145.35333333333332	145.34	145.33333333333334	145.08	145.00666666666666	144.94666666666666	145.21333333333334	145.14	144.91333333333333	144.82666666666665	145.26	145.01333333333332	144.84	144.10666666666665	143.26666666666668	140.73333333333332	132.49333333333334	0.0
0.0	132.72	140.77333333333334	143.52	144.46	145.08666666666667	144.99333333333334	145.37333333333333	145.32	145.27333333333334	145.41333333333333	145.54666666666665	145.42	145.44	145.54666666666665	145.4	145.16	144.90666666666667	145.14666666666668	145.27333333333334	145.48	145.6	145.57333333333332	145.50666666666666	145.52	145.66	145.44666666666666	145.29333333333332	145.79333333333332	145.73333333333332	145.41333333333333	145.34	145.35333333333332	145.54	145.48666666666668	145.51333333333332	145.44	145.54666666666665	145.34	145.78666666666666	145.56666666666666	145.55333333333334	145.45333333333335	145.80666666666667	145.40666666666667	145.56	145.39333333333335	145.72	145.34666666666666	145.42	145.58	145.32	145.39333333333335	145.5	145.54666666666665	145.46666666666667	145.68	145.70666666666668	145.62	145.64	145.43333333333334	145.5	145.24	145.28666666666666	145.30666666666667	145.29333333333332	145.06666666666666	144.86	144.65333333333334	143.68	141.24666666666667	133.00666666666666	0.0
0.0	132.58	140.74666666666667	143.30666666666667	144.38	144.72666666666666	144.56666666666666	144.82666666666665	144.9	145.28	145.3	145.36	145.17333333333335	145.18666666666667	145.3	145.32666666666665	145.17333333333335	145.41333333333333	145.52666666666667	145.44	145.50666666666666	145.41333333333333	145.20666666666668	144.94	145.22	145.18	144.98	145.23333333333332	145.45333333333335	145.26666666666668	145.06	145.02	145.21333333333334	145.24	144.72666666666666	145.17333333333335	145.35333333333332	145.36	145.14666666666668	144.90666666666667	145.23333333333332	145.40666666666667	145.06666666666666	145.23333333333332	145.07333333333332	145.32	145.02	144.99333333333334	145.01333333333332	145.18	145.22666666666666	145.32	145.38	145.06666666666666	145.30666666666667	145.3	145.41333333333333	145.27333333333334	145.12	144.96666666666667	145.15333333333334	145.14	144.97333333333333	145.17333333333335	145.11333333333334	145.07333333333332	144.98666666666668	144.99333333333334	144.56666666666666	143.62	140.75333333333333	132.73333333333332	0.0
0.0	132.68666666666667	140.62666666666667	143.22	144.3	144.76	144.75333333333333	144.96666666666667	145.20666666666668	145.11333333333334	144.88666666666666	145.02666666666667	144.92	145.16666666666666	145.18	145.38666666666666	145.26	145.43333333333334	144.93333333333334	145.40666666666667	145.33333333333334	145.15333333333334	145.14	145.18666666666667	144.93333333333334	145.22666666666666	145.28	145.42666666666668	145.20666666666668	145.41333333333333	145.16666666666666	145.04	145.32666666666665	145.30666666666667	145.14666666666668	145.23333333333332	145.30666666666667	145.48666666666668	145.42666666666668	145.28666666666666	145.3	145.24	145.22666666666666	145.15333333333334	145.04666666666665	145.28	145.38666666666666	145.05333333333334	145.17333333333335	145.14	145.21333333333334	145.14	145.16666666666666	145.14	144.94666666666666	145.36	145.33333333333334	145.28666666666666	145.03333333333333	145.27333333333334	145.25333333333333	145.3	144.94	145.4	145.21333333333334	145.14	144.84	144.45333333333335	144.23333333333332	143.16666666666666	140.74666666666667	132.56	0.0
0.0	133.14	141.14	143.46	144.32	144.60666666666665	144.97333333333333	144.78	145.16	145.20666666666668	145.36666666666667	145.41333333333333	145.55333333333334	145.47333333333333	145.42	145.23333333333332	145.49333333333334	145.52	145.41333333333333	145.55333333333334	145.4	145.25333333333333	145.34	145.32	145.57333333333332	145.47333333333333	145.48666666666668	144.97333333333333	145.25333333333333	145.26666666666668	145.05333333333334	145.12666666666667	145.33333333333334	145.38	145.21333333333334	145.32	145.3	145.30666666666667	145.13333333333333	145.46666666666667	145.24666666666667	145.34	145.48666666666668	145.02	145.50666666666666	145.29333333333332	145.18	145.17333333333335	145.38	145.19333333333333	145.08666666666667	145.34666666666666	145.18666666666667	145.42	145.65333333333334	145.61333333333334	145.40666666666667	145.4	145.28	145.31333333333333	145.2	145.16	145.15333333333334	144.99333333333334	145.14666666666668	145.16	145.01333333333332	144.70666666666668	144.38	143.57333333333332	141.01333333333332	133.18	0.0
0.0	132.78666666666666	140.96666666666667	143.6	144.75333333333333	145.14666666666668	145.25333333333333	145.55333333333334	145.51333333333332	145.46	145.49333333333334	145.57333333333332	145.59333333333333	145.51333333333332	145.67333333333335	145.5	145.72666666666666	145.86	145.50666666666666	145.30666666666667	145.44666666666666	145.44	145.70666666666668	145.3	145.58	145.44666666666666	145.5	145.54	145.42	145.77333333333334	145.32666666666665	145.7	145.73333333333332	145.66	145.36	145.55333333333334	145.56	145.23333333333332	145.42	145.42	145.38666666666666	145.65333333333334	145.51333333333332	145.41333333333333	145.66666666666666	145.62666666666667	145.20666666666668	145.49333333333334	145.74	145.61333333333334	145.7	145.69333333333333	145.83333333333334	145.68	145.60666666666665	145.60666666666665	145.44	145.36	145.5	145.82	145.48666666666668	145.37333333333333	145.65333333333334	145.59333333333333	145.63333333333333	145.52	145.2	144.96	144.84	143.75333333333333	140.61333333333334	132.31333333333333	0.0
0.0	132.58	140.81333333333333	143.33333333333334	144.22666666666666	144.56666666666666	144.73333333333332	144.83333333333334	145.18666666666667	145.09333333333333	145.07333333333332	145.16	145.32666666666665	145.05333333333334	145.15333333333334	145.35333333333332	145.5	145.34666666666666	145.16	145.13333333333333	145.26	145.12666666666667	145.47333333333333	145.14666666666668	145.5	145.52666666666667	145.15333333333334	145.15333333333334	145.51333333333332	145.42	145.40666666666667	145.32	145.44666666666666	145.6	145.04	145.11333333333334	145.18	145.28	145.36666666666667	145.16666666666666	145.02666666666667	145.21333333333334	145.4	145.14666666666668	145.22	145.32666666666665	145.42666666666668	145.18666666666667	145.08	144.94666666666666	145.4	145.24	145.27333333333334	145.6	145.08	145.21333333333334	145.15333333333334	145.2	145.24	145.44	145.01333333333332	145.14	145.34666666666666	145.06	145.23333333333332	144.82666666666665	145.02666666666667	144.73333333333332	144.19333333333333	143.51333333333332	140.98666666666668	132.66666666666666	0.0
0.0	132.96	140.75333333333333	142.92666666666668	144.13333333333333	144.31333333333333	144.61333333333334	144.92666666666668	144.84	144.91333333333333	145.19333333333333	145.22666666666666	145.22	145.13333333333333	145.22666666666666	144.86666666666667	145.21333333333334	144.78666666666666	145.20666666666668	145.10666666666665	144.84	145.0	145.12	144.94666666666666	145.12	144.92	145.32666666666665	144.95333333333335	145.09333333333333	145.24666666666667	145.12666666666667	144.88666666666666	145.23333333333332	145.32	145.46	145.06	145.31333333333333	145.01333333333332	145.06666666666666	145.09333333333333	145.15333333333334	145.2	145.06	144.99333333333334	145.16	145.00666666666666	144.74	144.74666666666667	144.95333333333335	145.1	145.16666666666666	144.98	145.41333333333333	144.79333333333332	145.06666666666666	144.96	145.19333333333333	145.3	145.32666666666665	144.94666666666666	144.96666666666667	145.12666666666667	145.09333333333333	145.15333333333334	145.0	145.28	145.02666666666667	144.29333333333332	144.16	143.08	140.58	132.82	0.0
0.0	132.84666666666666	140.64666666666668	143.36	144.33333333333334	144.83333333333334	145.07333333333332	145.03333333333333	145.14	144.87333333333333	144.92	145.33333333333334	145.09333333333333	145.36666666666667	145.12	145.20666666666668	145.49333333333334	145.34	145.4	145.56	145.25333333333333	145.38666666666666	145.40666666666667	145.38	145.36666666666667	145.12666666666667	145.40666666666667	145.32666666666665	145.3	145.43333333333334	145.55333333333334	145.55333333333334	145.61333333333334	145.53333333333333	145.58	145.43333333333334	145.51333333333332	145.78	145.75333333333333	145.48666666666668	145.48666666666668	145.68666666666667	145.36	145.37333333333333	145.44666666666666	145.18666666666667	145.33333333333334	145.42666666666668	145.64	145.28	145.16	145.42666666666668	145.48666666666668	145.31333333333333	145.39333333333335	145.40666666666667	145.30666666666667	145.1	145.25333333333333	145.30666666666667	145.24	145.15333333333334	145.04	145.25333333333333	145.1	144.96	145.14	144.72666666666666	144.52	143.20666666666668	140.7	132.81333333333333	0.0
0.0	132.59333333333333	140.88666666666666	143.38	144.18666666666667	145.01333333333332	144.86666666666667	145.20666666666668	145.54	145.30666666666667	145.25333333333333	145.36666666666667	145.36	145.55333333333334	145.50666666666666	145.14666666666668	145.14	145.20666666666668	145.16666666666666	145.46	145.51333333333332	145.11333333333334	145.18	145.38	145.67333333333335	145.23333333333332	145.45333333333335	145.38	145.52	145.22	145.26	145.04	145.14666666666668	145.30666666666667	144.94	145.11333333333334	145.15333333333334	145.38666666666666	145.55333333333334	145.46	145.28666666666666	145.7	145.28	145.42	145.33333333333334	145.62666666666667	145.36666666666667	145.56	145.46666666666667	145.64666666666668	144.92	145.25333333333333	145.49333333333334	145.35333333333332	145.30666666666667	145.18	145.32666666666665	145.27333333333334	145.24666666666667	145.18	145.4	145.24	145.28666666666666	145.73333333333332	145.16666666666666	145.22	145.18666666666667	145.04	144.50666666666666	143.45333333333335	140.91333333333333	132.75333333333333	0.0
0.0	132.74	141.08666666666667	143.21333333333334	144.26666666666668	144.82666666666665	145.04	144.86	144.99333333333334	145.06	144.77333333333334	145.14666666666668	145.6	145.20666666666668	145.24666666666667	145.38666666666666	145.14	145.18	145.35333333333332	144.98666666666668	145.15333333333334	145.25333333333333	145.06	145.11333333333334	145.06666666666666	145.06	145.16	144.84666666666666	145.12666666666667	144.99333333333334	145.15333333333334	145.11333333333334	145.16666666666666	145.18666666666667	145.32666666666665	145.22	145.21333333333334	145.44666666666666	145.11333333333334	145.22666666666666	145.22666666666666	145.43333333333334	145.42	145.26	145.42666666666668	145.4	145.28666666666666	145.30666666666667	145.46666666666667	145.1	145.15333333333334	145.25333333333333	145.26	145.3	145.44	145.20666666666668	145.04666666666665	145.12666666666667	145.09333333333333	145.21333333333334	144.96	145.20666666666668	145.06666666666666	145.24	145.06666666666666	144.98666666666668	145.08	144.56	144.12	143.5	141.21333333333334	132.67333333333335	0.0
0.0	132.37333333333333	140.90666666666667	143.06	144.44	144.92	145.5	145.39333333333335	145.46666666666667	145.49333333333334	145.24	145.26666666666668	145.56666666666666	145.34666666666666	145.26	145.04666666666665	145.36666666666667	145.22666666666666	145.16	145.47333333333333	145.32	145.52666666666667	145.37333333333333	145.61333333333334	145.59333333333333	145.38	145.24666666666667	145.3	145.08	145.57333333333332	145.28666666666666	145.26	145.11333333333334	145.41333333333333	145.60666666666665	145.50666666666666	145.8	145.0	145.39333333333335	145.26666666666668	145.16666666666666	145.34	145.57333333333332	144.92666666666668	145.40666666666667	144.97333333333333	145.27333333333334	145.22	144.98666666666668	145.44	145.38666666666666	145.51333333333332	145.47333333333333	145.44666666666666	145.69333333333333	145.52666666666667	145.45333333333335	145.56	145.54666666666665	145.4	145.48666666666668	145.43333333333334	145.23333333333332	145.37333333333333	145.2	145.28666666666666	144.98666666666668	144.97333333333333	144.6	143.48	140.77333333333334	132.88	0.0
0.0	132.63333333333333	141.08	143.76666666666668	144.24666666666667	144.84666666666666	145.15333333333334	145.32	145.12	145.18666666666667	145.16	145.71333333333334	145.46	145.64	145.78	145.22666666666666	145.64666666666668	145.3	145.42666666666668	145.48	145.16666666666666	145.44666666666666	145.18	145.63333333333333	145.58	145.43333333333334	145.40666666666667	145.57333333333332	145.5	145.44	145.42666666666668	145.65333333333334	145.78	145.48666666666668	145.74	145.48	145.48	145.42	145.74666666666667	145.8	145.65333333333334	145.6	145.92	145.79333333333332	145.80666666666667	145.50666666666666	145.74666666666667	145.68	145.52	145.65333333333334	145.62666666666667	145.60666666666665	145.58666666666667	145.80666666666667	145.58666666666667	145.74666666666667	145.51333333333332	145.3	145.78	145.3	145.42	145.38	145.7	145.44666666666666	145.48666666666668	145.21333333333334	145.20666666666668	145.05333333333334	144.72666666666666	143.42	140.91333333333333	132.58666666666667	0.0
0.0	132.62	140.93333333333334	143.32666666666665	144.40666666666667	145.1	145.27333333333334	145.36666666666667	145.36666666666667	145.32666666666665	145.28	145.18	145.26	145.5	145.51333333333332	145.50666666666666	145.73333333333332	145.80666666666667	145.48	145.14	145.30666666666667	145.38666666666666	145.48666666666668	145.54	145.64666666666668	145.80666666666667	145.60666666666665	145.10666666666665	145.54	145.36666666666667	145.69333333333333	145.49333333333334	146.03333333333333	145.74	145.40666666666667	145.26	145.74666666666667	145.38	145.42666666666668	145.40666666666667	145.82	145.51333333333332	145.64	145.55333333333334	145.43333333333334	145.34	145.44	145.21333333333334	145.58666666666667	145.66666666666666	145.83333333333334	145.84666666666666	145.46	145.38666666666666	145.50666666666666	145.41333333333333	145.6	145.71333333333334	145.46	145.58666666666667	145.72666666666666	145.86	145.56666666666666	145.62	145.50666666666666	145.34	145.16666666666666	145.18	144.40666666666667	143.55333333333334	140.98666666666668	132.38666666666666	0.0
0.0	132.38	141.23333333333332	143.42	144.6	145.1	145.15333333333334	145.34	145.48	145.35333333333332	145.36666666666667	145.58	145.35333333333332	145.59333333333333	145.62	145.73333333333332	145.68666666666667	145.71333333333334	145.83333333333334	145.50666666666666	145.39333333333335	145.24	145.74666666666667	145.6	146.00666666666666	145.59333333333333	145.52666666666667	145.34666666666666	145.50666666666666	145.68666666666667	145.74	145.42	145.46666666666667	145.51333333333332	145.54	145.37333333333333	145.42666666666668	145.19333333333333	145.36666666666667	145.54	145.80666666666667	145.66666666666666	145.44	145.42666666666668	145.64	145.76666666666668	145.74	145.77333333333334	145.53333333333333	145.40666666666667	145.76666666666668	145.68	145.71333333333334	145.89333333333335	145.59333333333333	145.47333333333333	145.58	145.56666666666666	145.48666666666668	145.23333333333332	145.42	145.3	145.49333333333334	145.20666666666668	145.34	145.42666666666668	145.30666666666667	144.82666666666665	144.39333333333335	143.83333333333334	141.22666666666666	132.78	0.0
0.0	132.61333333333334	140.98666666666668	143.26	144.33333333333334	145.05333333333334	145.20666666666668	145.54666666666665	145.38666666666666	145.66666666666666	145.34666666666666	145.43333333333334	145.67333333333335	145.56666666666666	145.51333333333332	145.24666666666667	145.54666666666665	145.62	145.63333333333333	145.4	145.94	145.57333333333332	145.46666666666667	145.46666666666667	145.55333333333334	145.42666666666668	145.47333333333333	145.58	145.58666666666667	145.35333333333332	145.43333333333334	145.48666666666668	145.26	145.34666666666666	145.36666666666667	145.58666666666667	145.36666666666667	145.51333333333332	145.18666666666667	145.46666666666667	145.20666666666668	145.42	145.61333333333334	145.43333333333334	145.20666666666668	145.2	145.42	145.51333333333332	145.59333333333333	145.59333333333333	145.43333333333334	145.77333333333334	145.76	145.54	145.67333333333335	145.85333333333332	145.54666666666665	145.28	145.24	145.10666666666665	145.48666666666668	145.36	145.46666666666667	145.52666666666667	145.48666666666668	145.50666666666666	145.04666666666665	145.15333333333334	144.68	143.55333333333334	141.18666666666667	133.13333333333333	0.0
0.0	132.59333333333333	140.93333333333334	143.54666666666665	144.53333333333333	144.6	145.05333333333334	144.97333333333333	145.15333333333334	145.18	145.23333333333332	145.24	145.33333333333334	145.3	145.32	145.48666666666668	145.45333333333335	145.4	145.36666666666667	145.22	145.19333333333333	145.14666666666668	145.04666666666665	145.16	145.68666666666667	145.36	145.47333333333333	145.03333333333333	144.80666666666667	144.94666666666666	145.13333333333333	145.18666666666667	145.20666666666668	145.35333333333332	145.46666666666667	145.36	145.34	145.22	145.35333333333332	145.44	145.30666666666667	145.33333333333334	145.39333333333335	145.3	145.37333333333333	145.22	145.40666666666667	145.44666666666666	145.43333333333334	145.26	145.58666666666667	145.5	145.04666666666665	145.3	145.21333333333334	145.08666666666667	145.31333333333333	145.26666666666668	145.28	145.36666666666667	145.22	145.29333333333332	145.19333333333333	145.18	145.16	145.02666666666667	145.10666666666665	144.94	144.65333333333334	143.40666666666667	140.92	132.61333333333334	0.0
0.0	132.32	140.69333333333333	143.31333333333333	144.12	144.65333333333334	145.04	145.32	145.53333333333333	145.20666666666668	145.1	145.15333333333334	145.27333333333334	145.26666666666668	145.11333333333334	145.30666666666667	145.41333333333333	145.26	145.38	145.42666666666668	145.56	145.24	145.28	145.33333333333334	145.20666666666668	145.52	145.35333333333332	145.36	145.54	145.18	145.22666666666666	144.88	145.38	145.3	145.34	145.38	145.14	145.42	145.49333333333334	145.46666666666667	145.37333333333333	145.17333333333335	145.32	145.20666666666668	145.24666666666667	144.94	145.32666666666665	145.36	145.12	145.21333333333334	145.56666666666666	145.31333333333333	145.13333333333333	145.34	145.7	145.08666666666667	145.24	145.12	145.50666666666666	145.24	145.02666666666667	145.15333333333334	145.29333333333332	145.38666666666666	145.30666666666667	145.22	145.22	144.83333333333334	144.46	143.37333333333333	140.74	132.47333333333333	0.0
0.0	132.62666666666667	141.04	143.38666666666666	144.65333333333334	145.07333333333332	145.02666666666667	145.33333333333334	145.17333333333335	144.88	145.18666666666667	145.54666666666665	145.4	145.49333333333334	145.19333333333333	145.28666666666666	145.65333333333334	145.58	145.36	145.46	145.31333333333333	145.38	145.28666666666666	145.53333333333333	145.12666666666667	145.06666666666666	145.23333333333332	145.42	145.65333333333334	145.30666666666667	145.46666666666667	145.51333333333332	145.52	145.25333333333333	145.27333333333334	145.38	145.32666666666665	145.22666666666666	145.23333333333332	145.69333333333333	145.46	145.51333333333332	145.23333333333332	145.54666666666665	145.6	145.54666666666665	145.51333333333332	145.72	145.57333333333332	145.63333333333333	145.32	145.48	145.25333333333333	145.43333333333334	145.2	145.29333333333332	145.41333333333333	145.43333333333334	145.66	145.47333333333333	145.34	145.60666666666665	145.42	145.4	145.56	145.24666666666667	144.68666666666667	144.80666666666667	144.38666666666666	143.44666666666666	141.05333333333334	132.78666666666666	0.0
0.0	132.62666666666667	140.79333333333332	143.44	144.46666666666667	144.73333333333332	144.90666666666667	144.9	145.21333333333334	145.43333333333334	145.38	145.45333333333335	145.18	145.27333333333334	145.12666666666667	145.35333333333332	145.02	145.39333333333335	145.14	144.77333333333334	144.96	145.21333333333334	145.55333333333334	145.08	145.19333333333333	145.09333333333333	145.26666666666668	145.34666666666666	145.18	145.16	145.24666666666667	145.09333333333333	145.20666666666668	145.12	145.51333333333332	145.39333333333335	145.48666666666668	145.16	145.52	145.4	145.44	145.23333333333332	145.49333333333334	145.21333333333334	145.24	145.44666666666666	145.32666666666665	145.04666666666665	145.30666666666667	145.08666666666667	145.31333333333333	145.3	145.24666666666667	145.35333333333332	144.95333333333335	145.45333333333335	145.26	145.56666666666666	145.29333333333332	145.11333333333334	144.96	145.28666666666666	144.98	145.12	145.16	145.06	144.94666666666666	144.85333333333332	144.03333333333333	143.02	140.86	132.63333333333333	0.0
0.0	132.44666666666666	140.93333333333334	143.39333333333335	144.53333333333333	144.66666666666666	144.61333333333334	145.16666666666666	145.22	145.16	145.06666666666666	145.04	145.23333333333332	145.07333333333332	145.19333333333333	145.29333333333332	145.43333333333334	145.12	145.42666666666668	145.6	145.47333333333333	145.44666666666666	144.9	145.42	145.16	145.29333333333332	145.25333333333333	145.26	145.14666666666668	145.12	145.08	145.52666666666667	145.59333333333333	145.7	145.61333333333334	145.46666666666667	145.38666666666666	145.46	145.37333333333333	145.28	145.34	145.48666666666668	145.30666666666667	145.46	145.20666666666668	145.6	145.52	145.43333333333334	145.22666666666666	145.18	145.3	145.26666666666668	145.30666666666667	145.48	145.34666666666666	145.40666666666667	145.41333333333333	145.42666666666668	145.38666666666666	145.3	145.17333333333335	145.11333333333334	145.1	144.94	145.12666666666667	145.0	144.99333333333334	144.86666666666667	144.28666666666666	143.45333333333335	140.77333333333334	132.96666666666667	0.0
0.0	132.58	140.55333333333334	142.99333333333334	144.40666666666667	144.34666666666666	145.0	144.84	144.72666666666666	145.07333333333332	145.05333333333334	144.89333333333335	145.00666666666666	145.26	145.01333333333332	145.04666666666665	144.97333333333333	144.78666666666666	144.74	145.12666666666667	145.09333333333333	145.61333333333334	145.04666666666665	144.91333333333333	144.96666666666667	145.12	145.34666666666666	145.33333333333334	145.22	144.96666666666667	145.07333333333332	145.36	145.42	145.05333333333334	145.15333333333334	145.08666666666667	145.24	145.10666666666665	145.07333333333332	145.09333333333333	145.1	145.18666666666667	145.0	144.87333333333333	144.78666666666666	145.01333333333332	145.06666666666666	145.1	144.97333333333333	145.0	145.02666666666667	145.02	145.04	144.98	145.20666666666668	144.96	145.06	145.21333333333334	145.35333333333332	145.28	145.31333333333333	145.34666666666666	144.85333333333332	144.8	145.06	144.76666666666668	144.56666666666666	144.76666666666668	144.21333333333334	143.06	140.90666666666667	132.61333333333334	0.0
0.0	132.77333333333334	140.99333333333334	143.32666666666665	144.04	144.5	144.92666666666668	144.82	145.14666666666668	145.36666666666667	145.37333333333333	145.02666666666667	145.1	144.90666666666667	145.08	145.09333333333333	145.21333333333334	145.11333333333334	144.90666666666667	144.84	144.94666666666666	145.08666666666667	145.11333333333334	144.86	145.03333333333333	144.91333333333333	145.04666666666665	145.24	145.14	145.06666666666666	145.06666666666666	145.08666666666667	145.11333333333334	145.02	145.08	145.04666666666665	145.24	145.15333333333334	144.96666666666667	145.22	145.32	145.02	144.78	145.21333333333334	145.34666666666666	144.90666666666667	145.04	145.31333333333333	145.18666666666667	144.98	145.03333333333333	145.22666666666666	144.76666666666668	144.79333333333332	145.06	144.69333333333333	145.17333333333335	145.14	144.99333333333334	145.32666666666665	145.11333333333334	145.08666666666667	144.72666666666666	145.02666666666667	145.29333333333332	145.18	145.02666666666667	144.81333333333333	144.18666666666667	143.07333333333332	140.69333333333333	132.66	0.0
0.0	132.55333333333334	140.88666666666666	143.68	144.4	144.74	144.76	144.74	145.08	145.65333333333334	145.38666666666666	145.38666666666666	145.36666666666667	145.25333333333333	145.46666666666667	145.61333333333334	145.41333333333333	145.28	145.32	145.23333333333332	145.11333333333334	145.46	145.17333333333335	145.22	145.15333333333334	145.54	145.56666666666666	145.27333333333334	145.39333333333335	145.22	145.2	145.20666666666668	145.44666666666666	145.28666666666666	145.34	145.38666666666666	145.45333333333335	145.24	145.18	145.3	145.30666666666667	145.23333333333332	145.4	145.56	145.34	144.9	145.47333333333333	145.43333333333334	145.71333333333334	145.32	145.45333333333335	145.21333333333334	145.38	145.54	145.53333333333333	145.46	145.88	145.55333333333334	145.53333333333333	145.58	145.17333333333335	145.32	145.46	145.32	145.38666666666666	145.17333333333335	145.05333333333334	144.75333333333333	144.62	143.14666666666668	140.49333333333334	132.64	0.0
0.0	132.64	140.38666666666666	142.86666666666667	144.02	144.26666666666668	144.28	144.55333333333334	144.83333333333334	144.70666666666668	145.12	144.98	144.97333333333333	144.61333333333334	144.77333333333334	145.06	145.14666666666668	144.92	144.81333333333333	144.92	145.00666666666666	145.04	144.92	145.11333333333334	145.02666666666667	144.81333333333333	145.17333333333335	144.80666666666667	144.92666666666668	144.92666666666668	145.27333333333334	145.35333333333332	144.73333333333332	145.12666666666667	144.84	144.87333333333333	144.84	144.84666666666666	144.76666666666668	145.02	145.04666666666665	144.88666666666666	145.08	144.96	145.22	145.3	145.19333333333333	145.11333333333334	144.94	144.88666666666666	144.86666666666667	144.80666666666667	144.76	144.88666666666666	145.0	145.13333333333333	144.80666666666667	145.03333333333333	145.3	144.74	144.96666666666667	144.98	144.79333333333332	145.04666666666665	145.02666666666667	144.55333333333334	144.86666666666667	144.31333333333333	143.71333333333334	143.16	140.75333333333333	132.72666666666666	0.0
0.0	132.67333333333335	141.1	143.1	144.59333333333333	144.82666666666665	144.90666666666667	145.32666666666665	145.35333333333332	145.62666666666667	145.4	145.47333333333333	145.33333333333334	145.31333333333333	145.22	145.42666666666668	145.44	145.16666666666666	145.21333333333334	145.49333333333334	145.14	145.5	145.3	145.53333333333333	145.51333333333332	145.54666666666665	145.34	145.24666666666667	145.24	145.42	145.22	145.52666666666667	145.47333333333333	145.38666666666666	145.58666666666667	145.47333333333333	145.35333333333332	145.4	145.36	145.37333333333333	145.56666666666666	145.28666666666666	145.1	145.34666666666666	145.63333333333333	145.23333333333332	145.32	145.38666666666666	145.5	145.42	145.22	145.14666666666668	145.40666666666667	145.42666666666668	145.32666666666665	145.34	145.39333333333335	145.23333333333332	145.28	145.3	145.57333333333332	145.38666666666666	145.46	145.0	145.08666666666667	145.17333333333335	144.71333333333334	144.64	144.11333333333334	143.33333333333334	141.04666666666665	132.54	0.0
0.0	132.67333333333335	140.68666666666667	143.38	144.32666666666665	144.95333333333335	145.27333333333334	145.28	145.48666666666668	145.2	145.16	145.22666666666666	145.33333333333334	145.32666666666665	145.59333333333333	145.64	145.4	145.18666666666667	145.35333333333332	145.31333333333333	145.56	145.42666666666668	145.34666666666666	145.24	145.26	145.08	145.09333333333333	145.24	145.45333333333335	145.38	145.38	145.57333333333332	145.44	145.49333333333334	145.47333333333333	145.19333333333333	145.43333333333334	145.71333333333334	145.27333333333334	145.18666666666667	145.02666666666667	145.32	145.74	145.06	145.13333333333333	145.16	145.36	145.13333333333333	145.12	145.52	145.46	145.37333333333333	145.26666666666668	145.61333333333334	145.32	145.28	145.42666666666668	145.76	145.30666666666667	145.38666666666666	145.29333333333332	145.29333333333332	145.47333333333333	145.16	145.03333333333333	145.21333333333334	145.51333333333332	144.98	144.16	143.32	140.73333333333332	132.77333333333334	0.0
0.0	132.68	140.9	143.4	144.3	144.87333333333333	144.94666666666666	145.01333333333332	145.38	145.12666666666667	145.23333333333332	145.41333333333333	145.34666666666666	145.09333333333333	145.38	145.30666666666667	145.51333333333332	145.37333333333333	145.02	145.38666666666666	145.78	145.61333333333334	145.24	145.17333333333335	145.34	145.30666666666667	145.29333333333332	145.32666666666665	145.6	145.35333333333332	145.51333333333332	145.38666666666666	145.64666666666668	145.12666666666667	145.41333333333333	145.05333333333334	145.49333333333334	145.29333333333332	145.25333333333333	145.32666666666665	145.08666666666667	145.12666666666667	145.17333333333335	145.20666666666668	145.25333333333333	144.98666666666668	145.14	145.24666666666667	145.03333333333333	145.26666666666668	145.17333333333335	145.02666666666667	145.34	145.31333333333333	145.19333333333333	145.22	145.31333333333333	145.20666666666668	145.32	145.22666666666666	145.17333333333335	145.45333333333335	145.22666666666666	145.41333333333333	145.16	145.18666666666667	145.25333333333333	145.00666666666666	144.25333333333333	143.06666666666666	140.80666666666667	132.89333333333335	0.0
0.0	132.78	141.08666666666667	143.56666666666666	144.58	144.87333333333333	145.14	145.46666666666667	145.36	145.51333333333332	145.46666666666667	145.56	145.41333333333333	145.3	145.34666666666666	145.36	145.38	145.17333333333335	145.35333333333332	145.10666666666665	145.35333333333332	145.67333333333335	145.15333333333334	145.62666666666667	145.46666666666667	146.04666666666665	145.43333333333334	145.32666666666665	145.53333333333333	145.33333333333334	145.56	145.24	145.21333333333334	145.5	145.36666666666667	145.53333333333333	145.3	145.54	145.50666666666666	145.64	145.23333333333332	145.19333333333333	145.21333333333334	145.36666666666667	145.18666666666667	145.31333333333333	145.42	145.56666666666666	145.6	145.55333333333334	145.65333333333334	145.60666666666665	145.66666666666666	145.56	145.4	145.23333333333332	145.10666666666665	145.42666666666668	145.33333333333334	145.44	145.73333333333332	145.44666666666666	145.4	145.34	145.44	145.18	144.98666666666668	144.86	144.62	143.54666666666665	141.12666666666667	132.88	0.0
0.0	132.64666666666668	140.58666666666667	142.82	144.06666666666666	144.64	144.30666666666667	145.04	145.18666666666667	144.86666666666667	145.17333333333335	145.24666666666667	144.98666666666668	145.1	145.42666666666668	145.12666666666667	145.22666666666666	145.23333333333332	145.19333333333333	145.44666666666666	145.1	145.0	145.36666666666667	145.34	145.03333333333333	144.98	144.86666666666667	145.05333333333334	145.1	145.33333333333334	144.92666666666668	145.27333333333334	144.94	145.11333333333334	145.24666666666667	145.19333333333333	144.90666666666667	144.91333333333333	145.35333333333332	145.17333333333335	145.19333333333333	145.11333333333334	145.04	145.28	145.09333333333333	145.1	145.52	145.16	145.06	144.78666666666666	145.36666666666667	145.27333333333334	145.3	145.08	145.09333333333333	144.93333333333334	144.94	145.06666666666666	145.24	145.31333333333333	145.15333333333334	144.94666666666666	144.8	144.92	145.08	145.04666666666665	145.02	144.43333333333334	144.42666666666668	143.31333333333333	140.53333333333333	132.36	0.0
0.0	132.54666666666665	140.70666666666668	143.07333333333332	144.35333333333332	144.47333333333333	145.04	145.24	145.34666666666666	145.03333333333333	145.0	145.17333333333335	145.1	145.0	145.08	145.25333333333333	145.38666666666666	145.37333333333333	145.21333333333334	145.45333333333335	145.52666666666667	145.4	145.32	145.25333333333333	145.40666666666667	145.3	145.32	145.36666666666667	145.2	145.46666666666667	145.34	145.61333333333334	145.4	145.52	145.17333333333335	145.24	145.58666666666667	145.65333333333334	145.26	145.2	145.48	145.06666666666666	145.13333333333333	145.26	145.32666666666665	145.34	145.18666666666667	145.28666666666666	145.42666666666668	145.08666666666667	145.22666666666666	144.86666666666667	144.86	145.05333333333334	145.07333333333332	145.16	145.02	145.26666666666668	145.14666666666668	144.95333333333335	145.16666666666666	145.16	145.18	145.2	145.21333333333334	144.76666666666668	144.84666666666666	144.30666666666667	144.12	143.20666666666668	140.88	132.49333333333334	0.0
0.0	133.22	141.24666666666667	143.44666666666666	144.34	144.74	145.1	145.44	145.31333333333333	145.37333333333333	145.49333333333334	145.28666666666666	145.66666666666666	145.7	145.34	145.26	145.58666666666667	145.59333333333333	145.44666666666666	145.52	145.41333333333333	145.60666666666665	145.65333333333334	145.58	145.29333333333332	145.50666666666666	145.57333333333332	145.53333333333333	145.42666666666668	145.52666666666667	145.39333333333335	145.6	145.4	145.52666666666667	145.76666666666668	145.51333333333332	145.6	145.83333333333334	145.58	145.36666666666667	145.22	145.72	145.52	145.34666666666666	145.28666666666666	145.52666666666667	145.21333333333334	145.38	145.55333333333334	145.62	145.54	145.46666666666667	145.42	145.36	145.79333333333332	145.40666666666667	145.43333333333334	145.46666666666667	145.34	145.31333333333333	145.26	145.78666666666666	145.31333333333333	145.34	145.15333333333334	145.04666666666665	144.86	144.9	144.54	143.45333333333335	141.23333333333332	132.75333333333333	0.0
0.0	132.43333333333334	141.11333333333334	143.77333333333334	144.43333333333334	145.03333333333333	145.07333333333332	145.32	145.59333333333333	145.70666666666668	145.68666666666667	145.3	145.80666666666667	145.63333333333333	145.76	145.71333333333334	145.38666666666666	145.54666666666665	145.5	145.45333333333335	145.58	145.54666666666665	145.49333333333334	145.54666666666665	145.76	145.42666666666668	145.54	145.79333333333332	145.76666666666668	145.60666666666665	145.84	145.89333333333335	145.64	145.33333333333334	145.56666666666666	145.72666666666666	145.83333333333334	145.78666666666666	145.65333333333334	145.58	145.76666666666668	145.46666666666667	145.6	145.80666666666667	145.56666666666666	145.66	145.76	145.71333333333334	145.66666666666666	145.6	145.71333333333334	145.54666666666665	145.62	145.52666666666667	145.74666666666667	145.57333333333332	145.68	145.87333333333333	145.74	145.66666666666666	145.74666666666667	145.55333333333334	145.79333333333332	145.47333333333333	145.48666666666668	145.72	145.54666666666665	145.06666666666666	144.58666666666667	143.73333333333332	141.19333333333333	132.78666666666666	0.0
0.0	132.93333333333334	140.95333333333335	143.5	144.87333333333333	145.37333333333333	145.32666666666665	145.52	145.42666666666668	145.53333333333333	145.9	145.74666666666667	145.71333333333334	145.78	145.56	145.32666666666665	145.74	145.71333333333334	145.34666666666666	145.59333333333333	145.69333333333333	145.64666666666668	145.78	145.66666666666666	145.60666666666665	145.52	145.66666666666666	145.52666666666667	145.75333333333333	146.16	145.90666666666667	145.84	145.85333333333332	146.02666666666667	145.6	145.66666666666666	145.68666666666667	145.74666666666667	145.64666666666668	145.82	145.68	145.84	145.83333333333334	145.56	145.82666666666665	145.74	145.58	145.34666666666666	145.56666666666666	145.65333333333334	145.56666666666666	145.69333333333333	145.65333333333334	145.62666666666667	145.67333333333335	145.7	145.94	145.71333333333334	145.78666666666666	145.9	145.58666666666667	145.64	145.60666666666665	145.67333333333335	145.50666666666666	145.54	145.4	145.03333333333333	144.71333333333334	143.64	140.98666666666668	132.68	0.0
0.0	132.54666666666665	140.86	143.13333333333333	144.26	144.49333333333334	144.93333333333334	145.02	144.92666666666668	144.88	144.78	145.24	145.18	145.14666666666668	145.16666666666666	145.20666666666668	145.16666666666666	145.24666666666667	145.46666666666667	145.22	145.12666666666667	145.26	145.41333333333333	145.31333333333333	145.22	144.77333333333334	145.25333333333333	145.20666666666668	145.66	145.35333333333332	145.11333333333334	144.96	145.36	145.1	145.08	145.56	145.09333333333333	145.25333333333333	144.98	145.28666666666666	145.14666666666668	145.04	144.94	145.06	145.17333333333335	145.20666666666668	145.17333333333335	145.26666666666668	145.22666666666666	145.02666666666667	145.00666666666666	145.2	145.24	145.13333333333333	145.76	145.48	145.31333333333333	145.18	145.01333333333332	145.16666666666666	145.09333333333333	145.05333333333334	144.98	145.15333333333334	144.96666666666667	145.42666666666668	144.71333333333334	144.66666666666666	144.17333333333335	143.14666666666668	141.03333333333333	132.84	0.0
0.0	132.54	140.7	142.98	143.99333333333334	144.64666666666668	145.08	145.06	145.06	145.12666666666667	145.08666666666667	145.01333333333332	145.01333333333332	145.07333333333332	145.12666666666667	145.25333333333333	144.88666666666666	144.71333333333334	144.83333333333334	144.86666666666667	145.10666666666665	144.54666666666665	145.05333333333334	145.16666666666666	145.01333333333332	145.07333333333332	144.86	145.12666666666667	145.52	144.87333333333333	145.18666666666667	145.06	145.38	145.17333333333335	145.02666666666667	144.98	144.96	145.14666666666668	145.06	145.30666666666667	145.34	145.03333333333333	145.24	145.14666666666668	144.83333333333334	145.24666666666667	144.94666666666666	145.1	145.27333333333334	145.28666666666666	145.41333333333333	145.27333333333334	145.17333333333335	145.24666666666667	145.34666666666666	145.31333333333333	145.08	144.83333333333334	144.77333333333334	144.98	145.18666666666667	145.04666666666665	144.99333333333334	144.90666666666667	144.56	144.62	144.74	144.70666666666668	144.14	143.16	140.84666666666666	132.83333333333334	0.0
0.0	133.1	141.16	143.77333333333334	144.66666666666666	145.10666666666665	145.36666666666667	145.40666666666667	145.39333333333335	145.5	145.41333333333333	145.45333333333335	145.60666666666665	145.60666666666665	145.28	145.37333333333333	145.52666666666667	145.72	145.30666666666667	145.47333333333333	145.48	145.47333333333333	145.48	145.68	145.44666666666666	145.65333333333334	145.46	145.47333333333333	145.69333333333333	145.22	145.61333333333334	145.82	145.82666666666665	145.73333333333332	145.21333333333334	145.46	145.57333333333332	145.58666666666667	145.90666666666667	145.67333333333335	145.42666666666668	145.56666666666666	145.48	145.64666666666668	145.66666666666666	145.6	145.56	145.72	145.58666666666667	145.46666666666667	145.26	145.14666666666668	145.39333333333335	145.46	145.16666666666666	145.4	145.55333333333334	145.34	145.28	145.71333333333334	145.64	145.82666666666665	145.98	145.66	145.8	145.70666666666668	145.07333333333332	145.04	144.34666666666666	143.60666666666665	141.28666666666666	132.74666666666667	0.0
0.0	132.76	141.14666666666668	143.47333333333333	144.64	145.3	145.40666666666667	145.01333333333332	145.23333333333332	145.58666666666667	145.24	145.11333333333334	145.46666666666667	145.68666666666667	145.61333333333334	145.74	145.72666666666666	145.56	145.71333333333334	145.54666666666665	145.84666666666666	145.56666666666666	145.72	145.92	145.56666666666666	145.54	145.56666666666666	145.72666666666666	145.37333333333333	145.61333333333334	145.47333333333333	145.57333333333332	145.4	145.52666666666667	145.38	145.5	145.41333333333333	145.46	145.58666666666667	145.5	145.59333333333333	145.94666666666666	145.29333333333332	145.5	145.32666666666665	145.59333333333333	145.75333333333333	145.52	145.56666666666666	145.46666666666667	145.38	145.61333333333334	145.34666666666666	145.53333333333333	145.56	145.57333333333332	145.6	145.73333333333332	145.71333333333334	145.59333333333333	145.63333333333333	145.56	145.32	145.50666666666666	145.64666666666668	145.38666666666666	144.92	145.02666666666667	144.52	143.51333333333332	141.23333333333332	132.81333333333333	0.0
0.0	133.08	141.08	143.68666666666667	144.2	144.49333333333334	145.02666666666667	145.08	145.16666666666666	145.13333333333333	145.36666666666667	145.26666666666668	145.26	145.43333333333334	145.28	145.20666666666668	145.19333333333333	145.32666666666665	145.22	145.41333333333333	145.50666666666666	145.44	145.32	145.56666666666666	145.32666666666665	145.32666666666665	145.12666666666667	145.18	145.44	145.22	145.39333333333335	145.13333333333333	145.31333333333333	145.15333333333334	145.34	145.45333333333335	145.32	145.22666666666666	145.54	145.32666666666665	145.32	145.29333333333332	145.30666666666667	145.54666666666665	145.02666666666667	145.2	145.08	145.00666666666666	145.35333333333332	145.11333333333334	145.01333333333332	145.17333333333335	145.31333333333333	145.03333333333333	145.26	145.62666666666667	145.24666666666667	145.05333333333334	145.38666666666666	145.11333333333334	145.09333333333333	145.01333333333332	145.05333333333334	145.18	145.21333333333334	144.9	144.84	144.57333333333332	144.36666666666667	143.42666666666668	141.33333333333334	132.74	0.0
0.0	132.62	140.70666666666668	143.06	144.15333333333334	144.39333333333335	144.74666666666667	144.91333333333333	144.92	144.92666666666668	144.86	144.74	144.96	144.92	144.62666666666667	144.81333333333333	144.71333333333334	145.24666666666667	144.92666666666668	145.25333333333333	145.20666666666668	145.01333333333332	145.12	145.05333333333334	144.85333333333332	144.76	144.89333333333335	144.62	145.26666666666668	144.98666666666668	145.1	145.48666666666668	145.08666666666667	145.12666666666667	144.98	144.88666666666666	145.28	145.24	144.86	144.90666666666667	145.02666666666667	145.05333333333334	145.08	145.34	144.90666666666667	144.78666666666666	145.01333333333332	144.86666666666667	144.92666666666668	144.87333333333333	145.01333333333332	144.98666666666668	145.02666666666667	144.74666666666667	145.26	144.92	144.99333333333334	145.09333333333333	144.83333333333334	144.84	144.79333333333332	144.66	145.31333333333333	145.20666666666668	144.92666666666668	144.93333333333334	144.50666666666666	144.41333333333333	144.08	142.80666666666667	140.80666666666667	132.98	0.0
0.0	132.81333333333333	140.90666666666667	143.70666666666668	144.39333333333335	145.17333333333335	145.34	145.36	145.46	145.52666666666667	145.34666666666666	145.36	145.52666666666667	145.34666666666666	145.74666666666667	145.31333333333333	145.44666666666666	145.45333333333335	145.72666666666666	145.51333333333332	145.78	145.78666666666666	145.51333333333332	145.4	145.5	145.46666666666667	145.5	145.34666666666666	145.62	145.64	145.51333333333332	145.70666666666668	145.61333333333334	145.28666666666666	145.56666666666666	145.78	145.75333333333333	145.76	145.5	145.69333333333333	145.2	145.46	145.49333333333334	145.80666666666667	145.26666666666668	145.6	145.50666666666666	145.50666666666666	145.54666666666665	145.58	145.42	145.24666666666667	145.57333333333332	145.38666666666666	145.39333333333335	145.46666666666667	145.54	145.70666666666668	145.59333333333333	145.56	145.41333333333333	145.35333333333332	145.4	145.62	145.55333333333334	145.51333333333332	145.25333333333333	145.14	144.68666666666667	143.55333333333334	141.35333333333332	132.82666666666665	0.0
0.0	132.82	141.15333333333334	143.37333333333333	144.46	144.68666666666667	145.32666666666665	144.84	145.15333333333334	145.18666666666667	145.53333333333333	145.36	145.02	145.52666666666667	145.25333333333333	145.3	145.15333333333334	145.42666666666668	145.03333333333333	145.54	145.30666666666667	145.10666666666665	145.30666666666667	145.58	145.37333333333333	145.11333333333334	145.34666666666666	145.38666666666666	145.34	145.59333333333333	145.49333333333334	145.62666666666667	145.46666666666667	145.73333333333332	145.50666666666666	145.66	145.67333333333335	145.38666666666666	145.28666666666666	145.29333333333332	145.43333333333334	145.4	145.15333333333334	145.54666666666665	145.28	145.28	145.12	145.22	145.02666666666667	145.08	145.36666666666667	145.65333333333334	145.38666666666666	145.40666666666667	145.26666666666668	145.18	145.14	145.19333333333333	145.33333333333334	145.47333333333333	145.42	145.32666666666665	145.39333333333335	145.17333333333335	145.09333333333333	145.05333333333334	145.19333333333333	144.90666666666667	144.53333333333333	143.49333333333334	141.06	133.1	0.0
0.0	132.42	140.82	143.27333333333334	144.10666666666665	144.72666666666666	145.08666666666667	145.08666666666667	144.94	144.82	145.20666666666668	145.08	144.98666666666668	144.86	145.27333333333334	145.02	145.21333333333334	145.06	144.72666666666666	145.1	145.04	145.12666666666667	144.94666666666666	145.09333333333333	144.76666666666668	145.13333333333333	144.77333333333334	144.86666666666667	145.25333333333333	145.0	144.90666666666667	145.23333333333332	145.04	145.03333333333333	145.12666666666667	144.81333333333333	144.91333333333333	144.91333333333333	144.82	145.22666666666666	144.94	145.03333333333333	144.71333333333334	145.12	145.2	145.11333333333334	145.33333333333334	145.15333333333334	145.14	145.28666666666666	145.15333333333334	145.09333333333333	145.04666666666665	145.19333333333333	144.8	145.26	145.31333333333333	145.09333333333333	144.96666666666667	145.18	145.02	145.14	144.86	144.92666666666668	144.84	144.83333333333334	144.56	144.48666666666668	144.45333333333335	143.36	140.62666666666667	132.52666666666667	0.0
0.0	132.7	141.08666666666667	143.1	144.2	144.80666666666667	145.15333333333334	145.14	145.0	145.41333333333333	145.15333333333334	145.55333333333334	145.11333333333334	145.43333333333334	145.01333333333332	145.15333333333334	145.36666666666667	145.03333333333333	145.29333333333332	145.14666666666668	145.2	145.42666666666668	145.12	145.09333333333333	145.39333333333335	145.01333333333332	144.80666666666667	145.17333333333335	145.3	145.22666666666666	144.97333333333333	145.23333333333332	145.27333333333334	145.39333333333335	145.2	145.36	145.35333333333332	145.19333333333333	145.54666666666665	145.16666666666666	145.13333333333333	145.24666666666667	145.18	145.14	145.42	145.37333333333333	145.28666666666666	145.25333333333333	145.22	144.88	145.14	145.14666666666668	145.34666666666666	145.38	145.03333333333333	145.29333333333332	145.43333333333334	145.20666666666668	145.26	145.47333333333333	145.34	145.53333333333333	145.47333333333333	145.56666666666666	144.94666666666666	145.23333333333332	145.02666666666667	144.88	144.26666666666668	143.2	140.74	133.22666666666666	0.0
0.0	132.52666666666667	141.08666666666667	143.24	144.42	144.40666666666667	145.04	145.04666666666665	145.16	144.81333333333333	145.02	145.43333333333334	145.39333333333335	145.21333333333334	144.93333333333334	145.43333333333334	145.28666666666666	145.45333333333335	145.02666666666667	145.34	145.36666666666667	144.87333333333333	145.16666666666666	145.12666666666667	145.22	145.1	145.28	144.92666666666668	145.26	145.40666666666667	145.49333333333334	145.45333333333335	145.32	145.18	145.3	144.96666666666667	145.20666666666668	145.08	145.4	145.30666666666667	145.36	145.1	144.94666666666666	144.96	144.95333333333335	144.99333333333334	145.24	144.98666666666668	145.14666666666668	145.48666666666668	145.23333333333332	145.32	145.02666666666667	145.44666666666666	145.41333333333333	145.75333333333333	145.24	145.28	145.28	145.18	145.07333333333332	145.1	145.28666666666666	145.02666666666667	145.05333333333334	145.09333333333333	144.9	144.56	144.36	143.29333333333332	140.41333333333333	132.92666666666668	0.0
0.0	132.24	141.02	143.44666666666666	144.3	144.76	145.0	145.16666666666666	145.24	145.3	145.36	145.08666666666667	145.27333333333334	145.20666666666668	145.42666666666668	145.5	145.77333333333334	145.50666666666666	145.35333333333332	145.28	145.38	145.44	145.4	145.32	145.38666666666666	145.54666666666665	145.65333333333334	145.34666666666666	144.87333333333333	145.44666666666666	145.29333333333332	145.53333333333333	145.40666666666667	145.53333333333333	145.41333333333333	145.16	145.12666666666667	145.29333333333332	145.05333333333334	145.24	145.07333333333332	145.36	145.21333333333334	145.40666666666667	145.24	145.43333333333334	145.36666666666667	145.28	145.33333333333334	145.21333333333334	145.26666666666668	145.40666666666667	145.11333333333334	144.81333333333333	145.28666666666666	145.27333333333334	145.14666666666668	145.16666666666666	145.46666666666667	145.40666666666667	144.96	144.93333333333334	145.31333333333333	145.2	145.18	145.06666666666666	144.78666666666666	144.80666666666667	144.02666666666667	143.17333333333335	140.91333333333333	132.48	0.0
0.0	132.87333333333333	140.65333333333334	143.07333333333332	144.4	144.84	144.84	145.01333333333332	145.20666666666668	145.43333333333334	145.17333333333335	145.34666666666666	145.24	144.99333333333334	145.2	145.18666666666667	145.13333333333333	145.35333333333332	145.35333333333332	145.21333333333334	145.3	145.28	145.12	145.4	144.82	145.11333333333334	145.22666666666666	144.87333333333333	145.08666666666667	144.95333333333335	145.06666666666666	145.04	145.26666666666668	145.6	145.22666666666666	145.23333333333332	145.06	145.34	144.92	145.14	145.22666666666666	145.16666666666666	145.37333333333333	145.53333333333333	145.47333333333333	145.04	145.12	145.47333333333333	145.58666666666667	145.25333333333333	145.36	145.26	145.35333333333332	144.88666666666666	145.09333333333333	145.06	145.33333333333334	145.4	145.22	145.24	145.06	145.24	145.24	145.26666666666668	145.11333333333334	145.18666666666667	144.93333333333334	144.72666666666666	144.31333333333333	143.21333333333334	140.67333333333335	132.83333333333334	0.0
0.0	132.37333333333333	140.37333333333333	143.22	144.13333333333333	144.6	144.68	144.76666666666668	144.98	144.84	145.08666666666667	144.92	145.06666666666666	145.00666666666666	145.28666666666666	144.90666666666667	144.84666666666666	144.90666666666667	144.99333333333334	144.59333333333333	144.77333333333334	144.9	144.55333333333334	144.93333333333334	145.15333333333334	144.89333333333335	145.07333333333332	145.18666666666667	145.02	145.09333333333333	144.95333333333335	145.16666666666666	144.98666666666668	144.92	144.96666666666667	145.03333333333333	145.08666666666667	144.86666666666667	145.02	145.09333333333333	144.98	144.90666666666667	145.24	145.23333333333332	145.16	144.89333333333335	144.96	144.75333333333333	144.83333333333334	145.07333333333332	144.90666666666667	145.12	145.25333333333333	144.91333333333333	144.83333333333334	144.94666666666666	145.11333333333334	145.16	145.40666666666667	145.32666666666665	145.16666666666666	144.90666666666667	145.1	144.86666666666667	145.02	145.08	144.7	144.80666666666667	143.88666666666666	143.14	140.60666666666665	132.44	0.0
0.0	132.81333333333333	140.95333333333335	143.44	144.30666666666667	144.86	144.78666666666666	145.02666666666667	145.26666666666668	145.32666666666665	145.50666666666666	145.31333333333333	145.26	145.34	145.46	145.57333333333332	145.34	145.32666666666665	145.37333333333333	145.19333333333333	145.33333333333334	145.16666666666666	145.08	145.2	145.28	145.29333333333332	145.18666666666667	145.05333333333334	145.24	145.66	145.32	145.46	145.34	145.29333333333332	145.3	145.13333333333333	145.08	145.23333333333332	145.36666666666667	145.31333333333333	145.3	145.27333333333334	145.01333333333332	145.52	145.5	145.16666666666666	145.27333333333334	145.05333333333334	145.42	145.2	145.52	145.28	145.20666666666668	145.12	145.23333333333332	145.25333333333333	145.51333333333332	145.21333333333334	145.32	145.34	144.91333333333333	145.0	145.18666666666667	145.26	144.90666666666667	144.9	144.98666666666668	144.51333333333332	144.24	143.28	140.89333333333335	132.54	0.0
0.0	132.92	141.03333333333333	143.24	144.22666666666666	144.96	145.08	145.58	145.58	145.4	145.44	145.36666666666667	145.42	145.54	145.66666666666666	145.35333333333332	145.51333333333332	145.52	145.37333333333333	145.31333333333333	145.63333333333333	145.23333333333332	145.36	145.56666666666666	145.46	145.6	145.4	145.28	145.31333333333333	145.42	145.49333333333334	145.56	145.29333333333332	145.62666666666667	145.56	145.58666666666667	145.54666666666665	145.44666666666666	145.16	145.44666666666666	145.52	145.40666666666667	145.52666666666667	145.64666666666668	145.71333333333334	145.68	145.45333333333335	145.46666666666667	145.42666666666668	145.52666666666667	145.78666666666666	145.37333333333333	145.59333333333333	145.63333333333333	145.44666666666666	145.39333333333335	145.64	145.74666666666667	145.63333333333333	145.26666666666668	145.33333333333334	145.50666666666666	145.5	145.3	145.19333333333333	144.89333333333335	145.04666666666665	144.83333333333334	144.34666666666666	143.46666666666667	141.06666666666666	132.61333333333334	0.0
0.0	132.85333333333332	140.71333333333334	143.42	144.38	144.52666666666667	144.92666666666668	144.78	145.00666666666666	145.21333333333334	145.09333333333333	145.23333333333332	145.24	145.44	145.17333333333335	145.62	145.42	145.48666666666668	145.26666666666668	145.37333333333333	145.36666666666667	145.49333333333334	145.18666666666667	145.27333333333334	145.16	145.42	145.30666666666667	145.28	145.28	145.53333333333333	145.22	145.36666666666667	145.42666666666668	145.32	144.73333333333332	145.34666666666666	145.48666666666668	145.12	145.38666666666666	145.45333333333335	145.22666666666666	145.12666666666667	144.87333333333333	145.21333333333334	145.56	145.02666666666667	145.25333333333333	145.13333333333333	145.3	145.30666666666667	145.32	145.00666666666666	145.37333333333333	145.28	145.03333333333333	145.04	145.18666666666667	145.18666666666667	145.14	144.91333333333333	145.24	145.21333333333334	145.12666666666667	145.32	145.03333333333333	144.96666666666667	145.07333333333332	144.68666666666667	144.12	143.21333333333334	140.93333333333334	132.88	0.0
0.0	132.83333333333334	140.95333333333335	143.31333333333333	144.4	144.68	145.21333333333334	145.15333333333334	145.26	145.48	145.47333333333333	145.16	145.13333333333333	145.10666666666665	145.10666666666665	145.14666666666668	145.11333333333334	145.24666666666667	145.47333333333333	145.69333333333333	145.34666666666666	145.34	145.58666666666667	145.16666666666666	145.08666666666667	145.24666666666667	145.35333333333332	145.08	145.16	145.00666666666666	145.2	145.08	145.2	145.32	145.33333333333334	145.21333333333334	144.98	144.9	145.13333333333333	145.21333333333334	145.08666666666667	144.85333333333332	144.92	145.22666666666666	145.54666666666665	145.46666666666667	145.18666666666667	145.43333333333334	145.22666666666666	145.21333333333334	145.14666666666668	145.24	145.07333333333332	145.4	144.88	145.2	145.21333333333334	145.45333333333335	145.08	144.93333333333334	145.18666666666667	145.33333333333334	145.21333333333334	145.15333333333334	145.04666666666665	145.07333333333332	145.04	144.7	144.39333333333335	143.38	140.92666666666668	132.74666666666667	0.0
0.0	132.76666666666668	140.84	143.54	144.35333333333332	145.04666666666665	145.23333333333332	145.3	145.35333333333332	145.22666666666666	145.31333333333333	145.46666666666667	145.54	145.30666666666667	145.20666666666668	145.07333333333332	145.4	145.48	145.48	145.48666666666668	145.34666666666666	145.54666666666665	145.2	145.21333333333334	145.2	145.32666666666665	145.56666666666666	145.42666666666668	145.33333333333334	145.64	145.34666666666666	145.54	145.38666666666666	145.22666666666666	145.56	145.58666666666667	145.36	145.22666666666666	145.45333333333335	145.31333333333333	145.51333333333332	145.13333333333333	145.29333333333332	145.60666666666665	145.42	145.36	145.68	145.47333333333333	145.49333333333334	145.56	145.29333333333332	145.25333333333333	145.46666666666667	145.36	145.42666666666668	145.68666666666667	145.53333333333333	145.34666666666666	145.34	145.46	145.54666666666665	145.16666666666666	144.99333333333334	145.15333333333334	145.14666666666668	145.29333333333332	145.00666666666666	145.08666666666667	144.57333333333332	143.46666666666667	141.0	132.81333333333333	0.0
0.0	132.44666666666666	140.55333333333334	143.49333333333334	144.36666666666667	145.06	145.07333333333332	145.5	145.12666666666667	145.30666666666667	145.53333333333333	145.50666666666666	145.04666666666665	145.14666666666668	145.04	145.12666666666667	145.56	145.29333333333332	145.34	145.24	145.49333333333334	145.44	145.56	145.52	145.60666666666665	145.34	145.49333333333334	145.5	145.32666666666665	145.44666666666666	145.22666666666666	145.28	145.64	145.66666666666666	145.34	145.55333333333334	145.56666666666666	145.44666666666666	145.19333333333333	145.27333333333334	145.47333333333333	145.26	145.16666666666666	145.32666666666665	145.32666666666665	145.43333333333334	145.60666666666665	145.62666666666667	145.51333333333332	145.36	145.66	145.53333333333333	145.49333333333334	145.53333333333333	145.46	145.65333333333334	145.45333333333335	145.46666666666667	145.72666666666666	145.48666666666668	145.2	145.32666666666665	145.24	145.58	145.54	145.48	144.88	144.89333333333335	144.57333333333332	143.48666666666668	141.02666666666667	132.94	0.0
0.0	132.38666666666666	141.26	143.24666666666667	144.30666666666667	144.92	145.22	145.13333333333333	145.33333333333334	145.29333333333332	145.61333333333334	145.41333333333333	145.46	145.4	145.44	145.57333333333332	145.26666666666668	145.34	145.46666666666667	145.49333333333334	145.61333333333334	145.35333333333332	145.38	145.5	145.21333333333334	145.49333333333334	145.3	145.24666666666667	145.24666666666667	145.4	145.21333333333334	145.42	145.12666666666667	145.34	145.14666666666668	145.40666666666667	145.09333333333333	145.5	145.32	145.22	145.24	145.4	145.42	145.59333333333333	145.58666666666667	145.56666666666666	145.40666666666667	145.4	145.32666666666665	145.32666666666665	145.43333333333334	144.98	145.15333333333334	145.42666666666668	145.42	145.38	145.45333333333335	145.44666666666666	145.36	145.46666666666667	145.54	145.61333333333334	145.26	145.30666666666667	145.26	145.38	145.00666666666666	144.94666666666666	144.52	143.36666666666667	140.89333333333335	132.50666666666666	0.0
0.0	132.6	140.81333333333333	142.89333333333335	144.4	144.84666666666666	144.91333333333333	144.82	144.98	145.32666666666665	145.15333333333334	145.09333333333333	145.24	145.17333333333335	145.10666666666665	145.26666666666668	145.09333333333333	145.55333333333334	145.11333333333334	145.30666666666667	145.44666666666666	145.28	145.44	145.39333333333335	144.97333333333333	145.3	145.31333333333333	145.32666666666665	145.23333333333332	145.20666666666668	145.27333333333334	145.09333333333333	145.35333333333332	145.52666666666667	145.52	145.28666666666666	145.4	145.21333333333334	145.09333333333333	145.4	145.16	145.55333333333334	145.18	145.34666666666666	145.11333333333334	145.08666666666667	145.36	145.26	145.44666666666666	145.36	145.34666666666666	145.21333333333334	144.98666666666668	145.48666666666668	145.50666666666666	145.59333333333333	145.27333333333334	145.32	145.12666666666667	145.14666666666668	144.9	145.04	145.09333333333333	145.06	144.74666666666667	145.03333333333333	145.02	144.81333333333333	144.48666666666668	143.43333333333334	141.0	132.55333333333334	0.0
0.0	132.46666666666667	140.94666666666666	143.31333333333333	144.29333333333332	145.10666666666665	144.82	144.94	145.05333333333334	145.28666666666666	145.43333333333334	145.29333333333332	145.52666666666667	145.34666666666666	145.27333333333334	145.43333333333334	145.19333333333333	145.18666666666667	144.98666666666668	145.06666666666666	145.41333333333333	145.22666666666666	145.32	145.04	144.96	145.33333333333334	145.32	145.14	144.89333333333335	145.24	145.04666666666665	145.04666666666665	145.39333333333335	145.08666666666667	145.50666666666666	145.26	145.26666666666668	145.19333333333333	145.65333333333334	145.15333333333334	144.77333333333334	145.25333333333333	145.33333333333334	144.96	145.06	145.3	145.18	145.27333333333334	145.15333333333334	145.42666666666668	145.26666666666668	145.3	145.54666666666665	145.56666666666666	145.25333333333333	145.46666666666667	145.58666666666667	145.22	145.53333333333333	145.66666666666666	145.41333333333333	145.31333333333333	145.08666666666667	145.34	145.44	145.30666666666667	145.04	144.55333333333334	144.48	143.43333333333334	141.18	132.6	0.0
0.0	133.30666666666667	141.18666666666667	143.44666666666666	144.18666666666667	144.76	145.22	145.56	145.20666666666668	145.2	145.2	145.21333333333334	145.24	145.37333333333333	145.23333333333332	145.24	145.35333333333332	145.3	145.5	145.49333333333334	145.52666666666667	145.39333333333335	145.43333333333334	145.43333333333334	145.37333333333333	145.42666666666668	145.37333333333333	145.51333333333332	145.38	145.36	145.17333333333335	145.31333333333333	145.46	145.16	145.39333333333335	145.29333333333332	145.64666666666668	145.38666666666666	145.66	145.28666666666666	145.52666666666667	145.24	145.24	145.32	145.18	145.41333333333333	145.62	145.34	145.28	145.32	145.06	145.38666666666666	145.58	145.36666666666667	145.30666666666667	145.57333333333332	145.07333333333332	145.3	145.31333333333333	145.46666666666667	145.26666666666668	145.72	145.34666666666666	145.16666666666666	145.18	145.14	145.04	144.78666666666666	144.55333333333334	143.47333333333333	141.04666666666665	132.9	0.0
0.0	132.62	141.34	143.48	144.95333333333335	145.26	145.33333333333334	145.48	145.40666666666667	145.52	145.35333333333332	145.52	145.56666666666666	145.3	145.4	145.61333333333334	145.66666666666666	145.52	145.68666666666667	145.68666666666667	145.46	145.74666666666667	145.31333333333333	145.62	145.54	145.44	145.37333333333333	145.33333333333334	145.67333333333335	145.78666666666666	145.57333333333332	145.59333333333333	145.54	145.6	145.8	145.68666666666667	145.56666666666666	145.22	145.78	145.81333333333333	145.58	145.50666666666666	145.55333333333334	145.44	145.32	145.60666666666665	145.41333333333333	145.43333333333334	145.23333333333332	145.62666666666667	145.56666666666666	145.48666666666668	145.47333333333333	145.44	145.53333333333333	145.42666666666668	145.6	145.52	145.57333333333332	145.53333333333333	145.47333333333333	145.31333333333333	145.27333333333334	145.43333333333334	145.21333333333334	145.26	145.01333333333332	144.98666666666668	144.48	143.56666666666666	140.81333333333333	132.65333333333334	0.0
0.0	132.55333333333334	140.90666666666667	143.07333333333332	144.02666666666667	144.67333333333335	144.84	145.08	144.98666666666668	145.04666666666665	145.29333333333332	145.05333333333334	145.20666666666668	144.85333333333332	145.14	145.17333333333335	145.38	145.25333333333333	145.1	145.12	144.92666666666668	144.92	145.06666666666666	144.97333333333333	144.9	144.88666666666666	145.10666666666665	145.0	145.09333333333333	145.01333333333332	145.16666666666666	145.18666666666667	145.1	144.93333333333334	145.32666666666665	145.17333333333335	145.19333333333333	145.48	145.28666666666666	145.12666666666667	145.06	144.98666666666668	144.96666666666667	144.84666666666666	145.01333333333332	145.34666666666666	145.46666666666667	145.3	144.96	144.92	145.09333333333333	145.12666666666667	145.2	145.22	145.52666666666667	145.06666666666666	145.37333333333333	145.06666666666666	145.09333333333333	145.20666666666668	145.07333333333332	144.94	144.93333333333334	145.07333333333332	145.04666666666665	144.90666666666667	144.86	144.43333333333334	144.13333333333333	143.5	140.68666666666667	132.25333333333333	0.0
0.0	133.28666666666666	141.02	143.33333333333334	144.68666666666667	144.82	145.00666666666666	145.29333333333332	145.26666666666668	145.48666666666668	145.37333333333333	145.16666666666666	145.29333333333332	145.57333333333332	145.33333333333334	145.44666666666666	145.38	145.36	145.56	145.49333333333334	145.58666666666667	145.37333333333333	145.22666666666666	145.61333333333334	145.88666666666666	145.36	145.50666666666666	145.42666666666668	145.58	145.71333333333334	145.69333333333333	145.44666666666666	145.36666666666667	145.3	145.50666666666666	145.30666666666667	145.76666666666668	145.66	145.49333333333334	145.84	145.67333333333335	145.88666666666666	145.46	145.47333333333333	145.34666666666666	145.22666666666666	145.39333333333335	145.34666666666666	145.34666666666666	145.29333333333332	145.44666666666666	145.56	145.5	145.22	145.90666666666667	145.35333333333332	145.50666666666666	145.44666666666666	145.84	145.51333333333332	145.45333333333335	145.24666666666667	145.20666666666668	145.12	145.42666666666668	145.4	145.24666666666667	145.04	144.82	143.48666666666668	141.31333333333333	132.97333333333333	0.0
0.0	133.16666666666666	140.78666666666666	143.14666666666668	144.24	145.26666666666668	145.32	145.37333333333333	145.26666666666668	145.37333333333333	145.09333333333333	144.93333333333334	145.03333333333333	145.11333333333334	145.14666666666668	144.76666666666668	145.08666666666667	145.2	144.96	145.07333333333332	145.24	145.14	145.18	145.33333333333334	145.25333333333333	145.02	144.84	144.92666666666668	145.42	145.49333333333334	144.98	145.17333333333335	145.13333333333333	145.28	145.06666666666666	145.08	145.29333333333332	145.30666666666667	145.18666666666667	145.34666666666666	145.32	145.1	145.43333333333334	144.92	145.32	145.11333333333334	145.07333333333332	145.02666666666667	144.94666666666666	144.88	145.09333333333333	145.03333333333333	144.96	145.38666666666666	145.27333333333334	145.32	145.28666666666666	145.49333333333334	145.5	145.24	145.02666666666667	144.98	145.08	145.33333333333334	145.17333333333335	145.22	144.73333333333332	145.02666666666667	144.33333333333334	143.43333333333334	140.95333333333335	132.63333333333333	0.0
0.0	132.36	141.07333333333332	143.57333333333332	144.38	145.01333333333332	145.18	145.45333333333335	145.10666666666665	145.77333333333334	145.77333333333334	145.57333333333332	145.32666666666665	145.46	145.44	145.41333333333333	145.56	145.76	145.42	145.78666666666666	145.62666666666667	145.84	145.72	145.52666666666667	145.59333333333333	145.65333333333334	145.62666666666667	145.72	145.54	145.36	145.27333333333334	145.32	145.26666666666668	145.23333333333332	145.40666666666667	145.45333333333335	145.62666666666667	145.57333333333332	145.56666666666666	145.45333333333335	145.50666666666666	145.47333333333333	145.66	145.56	145.18666666666667	145.15333333333334	145.37333333333333	145.15333333333334	145.44666666666666	145.30666666666667	145.52	145.34	145.22666666666666	145.49333333333334	145.17333333333335	145.37333333333333	145.50666666666666	145.50666666666666	145.44	145.19333333333333	145.58	145.52	145.37333333333333	145.28666666666666	145.28666666666666	145.23333333333332	145.24666666666667	144.94	144.66	143.61333333333334	141.00666666666666	132.64666666666668	0.0
0.0	132.56	141.27333333333334	143.48666666666668	144.41333333333333	144.70666666666668	145.1	145.19333333333333	145.36	145.41333333333333	144.98666666666668	145.48666666666668	145.20666666666668	145.19333333333333	145.51333333333332	145.19333333333333	145.35333333333332	145.29333333333332	145.54666666666665	145.54666666666665	145.56666666666666	145.5	145.05333333333334	145.28666666666666	145.12	145.3	145.23333333333332	145.3	145.53333333333333	145.28666666666666	145.24	145.34666666666666	145.21333333333334	145.38666666666666	145.34	145.56666666666666	145.34	145.50666666666666	145.3	145.20666666666668	145.28666666666666	145.42	145.27333333333334	145.37333333333333	145.39333333333335	145.39333333333335	145.42	145.44	145.41333333333333	145.51333333333332	145.46666666666667	145.49333333333334	145.27333333333334	145.38	145.68	145.79333333333332	145.24	145.07333333333332	145.33333333333334	145.1	145.58666666666667	145.52	145.28666666666666	145.48666666666668	145.1	145.08666666666667	145.25333333333333	144.82666666666665	144.34	143.43333333333334	141.14666666666668	132.65333333333334	0.0
0.0	133.06	140.91333333333333	143.62	144.68	145.17333333333335	145.39333333333335	145.57333333333332	145.44666666666666	145.38666666666666	145.5	145.42666666666668	145.59333333333333	145.62666666666667	145.54666666666665	145.56666666666666	145.46	145.31333333333333	145.46	145.46666666666667	145.67333333333335	145.34666666666666	145.41333333333333	145.72	145.42666666666668	145.69333333333333	145.71333333333334	145.36666666666667	145.55333333333334	145.29333333333332	145.89333333333335	145.27333333333334	145.62666666666667	145.57333333333332	145.44666666666666	145.16666666666666	145.56	145.24	145.40666666666667	145.69333333333333	145.44666666666666	145.75333333333333	145.58666666666667	145.35333333333332	145.47333333333333	145.17333333333335	145.5	145.58	145.52666666666667	145.46	145.43333333333334	145.52	145.5	145.59333333333333	145.5	145.45333333333335	145.54	145.3	145.33333333333334	145.42666666666668	145.56666666666666	145.41333333333333	145.67333333333335	145.32666666666665	145.49333333333334	145.42	145.37333333333333	144.71333333333334	144.7	143.49333333333334	140.84	132.98666666666668	0.0
0.0	132.89333333333335	141.14	143.68666666666667	144.34	145.00666666666666	144.60666666666665	145.06	144.98	145.33333333333334	145.08666666666667	145.24666666666667	145.11333333333334	145.19333333333333	145.00666666666666	145.14666666666668	145.52	145.23333333333332	145.40666666666667	145.18	145.21333333333334	145.42	145.31333333333333	145.56666666666666	145.26	145.36666666666667	145.20666666666668	145.59333333333333	145.78666666666666	145.77333333333334	145.45333333333335	145.21333333333334	145.32	145.21333333333334	145.33333333333334	145.51333333333332	145.45333333333335	145.44666666666666	145.36666666666667	145.35333333333332	145.38	145.38	145.4	145.48	145.36666666666667	145.28	145.36	145.06666666666666	145.32666666666665	145.04666666666665	145.46666666666667	145.46	145.49333333333334	145.5	145.17333333333335	145.2	144.97333333333333	145.26666666666668	145.3	145.32	145.15333333333334	145.27333333333334	144.78	145.04	145.23333333333332	145.11333333333334	145.15333333333334	144.92	144.33333333333334	143.34	140.76	132.90666666666667	0.0
0.0	132.48	140.9	143.46	144.16	144.56666666666666	145.02	145.14	145.08	145.15333333333334	145.33333333333334	144.99333333333334	145.2	145.1	145.04	145.15333333333334	145.12666666666667	145.14	145.2	145.16666666666666	145.47333333333333	145.12	144.85333333333332	145.12666666666667	145.26666666666668	145.34666666666666	145.08	145.24	145.46	145.22666666666666	145.18666666666667	145.04	144.91333333333333	145.11333333333334	145.02666666666667	145.12	145.22	145.45333333333335	145.3	145.22	145.32666666666665	145.20666666666668	144.84666666666666	144.89333333333335	145.08	145.21333333333334	145.36	145.1	145.27333333333334	144.98666666666668	145.06	144.96666666666667	145.35333333333332	145.17333333333335	144.98666666666668	145.44666666666666	144.97333333333333	144.98	145.04666666666665	145.1	145.04	145.09333333333333	144.94	145.07333333333332	145.14666666666668	144.93333333333334	144.80666666666667	144.79333333333332	144.44	143.41333333333333	140.9	132.4	0.0
0.0	132.36666666666667	141.04	143.70666666666668	144.3	144.58666666666667	145.06	145.11333333333334	145.12	144.92	145.42666666666668	145.38666666666666	145.56666666666666	145.70666666666668	145.70666666666668	145.58	145.34	145.54666666666665	145.38	145.39333333333335	145.18	145.24	145.38	145.47333333333333	145.62666666666667	145.57333333333332	145.61333333333334	145.22666666666666	145.42	145.36	145.18	145.73333333333332	145.36666666666667	145.58666666666667	145.55333333333334	145.69333333333333	145.38666666666666	145.86666666666667	145.37333333333333	145.68666666666667	145.40666666666667	145.73333333333332	145.70666666666668	145.48	145.36666666666667	145.50666666666666	145.36666666666667	145.34	145.50666666666666	145.12	145.05333333333334	145.10666666666665	145.28	144.97333333333333	145.08	145.16666666666666	145.43333333333334	145.31333333333333	145.44666666666666	145.50666666666666	145.36666666666667	145.15333333333334	145.51333333333332	145.24	145.04666666666665	144.94666666666666	145.02666666666667	144.59333333333333	144.50666666666666	143.31333333333333	140.73333333333332	132.21333333333334	0.0
0.0	132.76666666666668	141.17333333333335	143.36	144.49333333333334	144.88666666666666	144.99333333333334	145.32	145.71333333333334	145.53333333333333	145.56666666666666	145.34666666666666	145.38	145.39333333333335	145.22	145.24666666666667	145.42666666666668	145.64	145.75333333333333	145.65333333333334	145.40666666666667	145.42	145.3	145.41333333333333	145.70666666666668	145.76	145.72	145.56	145.50666666666666	145.48666666666668	145.28666666666666	145.47333333333333	145.78666666666666	145.52	145.57333333333332	145.78	145.68666666666667	145.76666666666668	145.49333333333334	145.50666666666666	145.25333333333333	145.26	145.36666666666667	145.52	145.33333333333334	145.32666666666665	145.39333333333335	145.44	145.50666666666666	145.59333333333333	145.26	145.47333333333333	145.76	145.57333333333332	145.43333333333334	145.68666666666667	145.67333333333335	145.55333333333334	145.52	145.68	145.38	145.58666666666667	145.73333333333332	145.66	145.16666666666666	145.25333333333333	145.40666666666667	145.30666666666667	144.80666666666667	143.54666666666665	140.89333333333335	132.83333333333334	0.0
0.0	133.04666666666665	140.60666666666665	143.6	144.54	144.83333333333334	145.27333333333334	145.30666666666667	145.60666666666665	145.28666666666666	145.32	145.31333333333333	145.33333333333334	145.72	145.39333333333335	145.2	145.32	145.51333333333332	145.7	145.6	145.28666666666666	145.19333333333333	145.30666666666667	145.56666666666666	145.68666666666667	145.34666666666666	145.23333333333332	145.3	145.36	145.41333333333333	145.51333333333332	145.18	145.48666666666668	145.3	145.54	145.28666666666666	145.59333333333333	145.12666666666667	145.32	145.38	145.06	145.36666666666667	145.18	145.26666666666668	145.15333333333334	145.38	145.35333333333332	145.28666666666666	145.1	145.45333333333335	145.5	145.32666666666665	145.22	145.07333333333332	145.42	145.39333333333335	145.42	145.36	145.55333333333334	145.59333333333333	145.51333333333332	145.43333333333334	145.24666666666667	145.32666666666665	145.44	145.2	144.54666666666665	144.96666666666667	144.38	143.55333333333334	141.08	132.76	0.0
