0.0	117.92	133.97333333333333	144.44	152.06	157.37333333333333	162.74	166.48666666666668	169.94	172.79333333333332	174.3	177.26666666666668	179.08	180.9	182.69333333333333	184.48	185.85333333333332	187.0	188.66	189.58666666666667	190.95333333333335	192.14	192.68	193.42666666666668	193.94666666666666	195.0	195.23333333333332	195.62666666666667	196.28	196.79333333333332	197.52	197.91333333333333	198.20666666666668	197.68	198.51333333333332	198.24666666666667	197.9	197.68666666666667	197.62	198.23333333333332	198.31333333333333	198.16666666666666	197.19333333333333	196.58666666666667	196.54666666666665	196.75333333333333	196.20666666666668	195.45333333333335	195.09333333333333	194.32	193.56	192.46	191.73333333333332	190.88666666666666	188.9	187.88666666666666	186.2	185.37333333333333	183.21333333333334	181.93333333333334	180.22	177.91333333333333	175.50666666666666	173.27333333333334	170.46	167.02666666666667	162.66	158.39333333333335	152.35333333333332	145.47333333333333	134.96	118.14	0.0
0.0	118.73333333333333	135.34666666666666	144.79333333333332	152.19333333333333	157.97333333333333	163.1	166.84666666666666	169.75333333333333	172.33333333333334	175.43333333333334	177.38	180.15333333333334	181.81333333333333	183.44	185.32666666666665	186.54	187.82	189.22	190.80666666666667	191.57333333333332	192.12666666666667	193.38666666666666	194.38	195.56666666666666	195.94	196.92	197.24	197.36	197.76666666666668	198.1	198.89333333333335	198.97333333333333	199.19333333333333	199.15333333333334	199.2	198.76666666666668	198.81333333333333	198.61333333333334	198.39333333333335	197.98	198.37333333333333	198.12666666666667	198.1	197.68666666666667	197.16	196.08	195.02666666666667	194.50666666666666	194.08666666666667	192.90666666666667	192.66	191.49333333333334	190.33333333333334	188.83333333333334	187.83333333333334	186.87333333333333	185.07333333333332	183.38	181.63333333333333	180.19333333333333	177.38	175.02666666666667	171.98666666666668	169.20666666666668	165.87333333333333	162.42	157.77333333333334	151.31333333333333	144.02666666666667	134.73333333333332	117.83333333333333	0.0
0.0	117.86666666666666	134.74666666666667	144.87333333333333	152.10666666666665	157.88666666666666	162.40666666666667	166.41333333333333	169.91333333333333	173.03333333333333	175.24	177.95333333333335	180.25333333333333	181.86	184.16666666666666	185.91333333333333	186.95333333333335	188.15333333333334	189.42666666666668	190.93333333333334	191.58	192.34	193.17333333333335	194.08	194.39333333333335	195.43333333333334	195.74	196.01333333333332	196.14666666666668	196.50666666666666	196.94	197.52666666666667	197.39333333333335	197.36666666666667	197.89333333333335	198.04666666666665	197.89333333333335	197.94	198.02666666666667	197.76666666666668	197.84666666666666	198.39333333333335	197.38	197.16666666666666	196.45333333333335	195.87333333333333	195.74666666666667	194.88	194.02	193.83333333333334	192.74666666666667	192.30666666666667	191.23333333333332	190.38	188.96666666666667	187.92666666666668	186.55333333333334	185.75333333333333	183.15333333333334	182.07333333333332	179.80666666666667	177.84	175.88666666666666	173.30666666666667	170.22666666666666	166.94	162.80666666666667	158.08	152.09333333333333	144.85333333333332	134.07333333333332	118.48666666666666	0.0
0.0	118.01333333333334	134.42	145.41333333333333	152.07333333333332	157.70666666666668	162.38666666666666	165.73333333333332	169.30666666666667	172.68666666666667	175.46666666666667	177.34	179.06666666666666	181.16	183.44	185.32666666666665	186.74	187.74	189.07333333333332	190.16	190.87333333333333	192.77333333333334	193.65333333333334	194.29333333333332	194.94	195.87333333333333	195.62	195.56666666666666	196.42666666666668	196.99333333333334	198.01333333333332	198.22	198.56666666666666	198.90666666666667	199.00666666666666	199.02666666666667	199.14	199.17333333333335	199.44666666666666	199.06666666666666	198.44666666666666	198.43333333333334	198.25333333333333	197.85333333333332	197.24	197.26	196.20666666666668	195.47333333333333	195.22	193.9	193.11333333333334	192.04	191.1	190.69333333333333	189.08666666666667	188.40666666666667	187.11333333333334	185.20666666666668	183.1	181.98	180.06666666666666	177.74	175.40666666666667	172.63333333333333	169.84666666666666	166.28666666666666	162.5	157.71333333333334	152.13333333333333	144.83333333333334	134.70666666666668	118.54666666666667	0.0
0.0	117.8	134.35333333333332	144.50666666666666	151.53333333333333	157.12666666666667	162.28666666666666	166.02	169.04666666666665	171.94666666666666	174.25333333333333	177.14666666666668	179.26666666666668	180.53333333333333	182.45333333333335	183.72	185.62	186.94	188.10666666666665	188.71333333333334	189.76666666666668	190.68666666666667	191.83333333333334	191.86	193.27333333333334	193.66666666666666	194.64666666666668	195.48	195.61333333333334	195.99333333333334	196.20666666666668	196.28	196.46	196.61333333333334	197.44	197.14666666666668	197.27333333333334	197.26	196.92666666666668	197.17333333333335	197.34	197.26	196.40666666666667	196.15333333333334	196.12666666666667	195.33333333333334	194.92666666666668	194.31333333333333	193.83333333333334	193.11333333333334	192.90666666666667	191.18666666666667	190.50666666666666	189.41333333333333	188.26666666666668	187.35333333333332	186.12	184.74	183.54666666666665	181.4	179.48666666666668	176.77333333333334	175.06666666666666	172.71333333333334	169.62	165.66	161.56666666666666	157.06666666666666	151.78666666666666	144.44	134.54	118.01333333333334	0.0
0.0	117.76666666666667	133.64	144.03333333333333	151.85333333333332	156.86	160.98666666666668	164.99333333333334	168.56666666666666	171.84	173.74666666666667	176.08666666666667	177.80666666666667	179.46666666666667	182.14666666666668	182.93333333333334	184.53333333333333	185.89333333333335	187.52666666666667	188.28	189.18	190.5	191.59333333333333	192.32	192.73333333333332	193.34	194.12	194.57333333333332	195.48666666666668	195.77333333333334	196.26	196.41333333333333	196.95333333333335	196.90666666666667	196.87333333333333	196.72	197.15333333333334	196.74	196.93333333333334	196.5	196.62666666666667	196.87333333333333	196.34666666666666	195.98666666666668	195.60666666666665	195.09333333333333	194.14666666666668	193.4	192.80666666666667	192.60666666666665	191.56666666666666	190.78	189.78	188.98	188.1	186.72666666666666	185.43333333333334	184.06666666666666	182.88666666666666	181.36666666666667	179.11333333333334	176.99333333333334	174.59333333333333	172.78	168.92666666666668	165.76666666666668	161.99333333333334	157.95333333333335	151.57333333333332	144.30666666666667	133.93333333333334	117.27333333333333	0.0
0.0	117.36	134.06	144.89333333333335	151.99333333333334	157.40666666666667	161.7	165.84666666666666	168.98	172.30666666666667	175.1	177.88666666666666	180.02	181.54666666666665	183.03333333333333	184.68666666666667	185.92666666666668	187.35333333333332	188.52	190.36	190.70666666666668	191.76	192.86	193.78	194.03333333333333	195.02	195.59333333333333	196.28	197.04	197.28	197.50666666666666	197.65333333333334	197.84666666666666	198.13333333333333	198.54	198.42	198.42666666666668	198.32	198.18666666666667	197.72666666666666	198.17333333333335	198.03333333333333	197.66	196.76666666666668	196.31333333333333	195.71333333333334	195.65333333333334	193.86666666666667	193.61333333333334	193.06666666666666	192.22666666666666	191.58666666666667	190.58	189.74	188.40666666666667	187.64	185.5	184.44666666666666	182.44666666666666	181.11333333333334	179.41333333333333	177.18666666666667	174.96	172.28666666666666	168.86	165.46666666666667	161.68666666666667	157.08666666666667	151.69333333333333	144.54	134.31333333333333	118.34666666666666	0.0
0.0	118.33333333333333	134.74	145.26	152.06666666666666	157.82666666666665	162.84666666666666	166.92666666666668	170.24	173.16	176.11333333333334	178.42	180.96666666666667	182.55333333333334	184.66666666666666	185.14666666666668	187.64	188.31333333333333	189.48	189.94	191.74	192.55333333333334	193.77333333333334	194.70666666666668	195.04666666666665	195.45333333333335	195.89333333333335	196.76	197.20666666666668	196.8	197.37333333333333	198.23333333333332	198.38666666666666	198.40666666666667	198.29333333333332	198.14	197.88	198.18	198.17333333333335	198.00666666666666	197.66	197.11333333333334	196.98666666666668	196.6	196.56666666666666	196.26666666666668	195.48666666666668	195.28666666666666	194.2	194.01333333333332	193.16666666666666	192.2	190.88666666666666	190.38	189.45333333333335	187.86666666666667	187.20666666666668	185.72	183.50666666666666	182.43333333333334	180.48666666666668	177.88	175.57333333333332	173.09333333333333	170.04666666666665	166.26666666666668	162.87333333333333	158.26	152.60666666666665	144.98	134.62	118.10666666666667	0.0
0.0	118.72	134.85333333333332	145.12	151.52	158.04666666666665	162.58666666666667	166.34	169.44	172.14666666666668	174.9	176.98666666666668	179.2	181.48	183.82666666666665	184.56	185.80666666666667	187.57333333333332	188.74666666666667	189.35333333333332	190.66	191.44666666666666	192.47333333333333	193.33333333333334	194.0	194.6	194.9	195.19333333333333	195.91333333333333	195.98	197.30666666666667	197.14666666666668	197.63333333333333	197.22666666666666	197.29333333333332	197.47333333333333	197.63333333333333	197.47333333333333	197.35333333333332	196.89333333333335	196.43333333333334	196.36666666666667	196.63333333333333	195.59333333333333	195.60666666666665	195.06666666666666	194.52666666666667	194.50666666666666	193.25333333333333	193.02666666666667	192.29333333333332	191.07333333333332	190.11333333333334	189.57333333333332	188.26	187.23333333333332	185.74	184.39333333333335	182.31333333333333	180.3	178.26	176.30666666666667	174.51333333333332	171.86666666666667	169.14666666666668	165.89333333333335	161.55333333333334	156.98666666666668	151.1	143.69333333333333	134.03333333333333	117.98	0.0
0.0	118.26	134.27333333333334	144.46666666666667	152.14	157.26666666666668	162.71333333333334	166.69333333333333	169.75333333333333	172.65333333333334	175.1	177.27333333333334	178.85333333333332	181.48	182.68666666666667	184.23333333333332	185.97333333333333	186.86	187.79333333333332	189.08666666666667	190.06	191.28	192.02666666666667	192.87333333333333	194.26666666666668	194.25333333333333	194.76	195.64666666666668	196.04666666666665	196.32666666666665	197.09333333333333	197.19333333333333	196.90666666666667	197.64666666666668	197.74666666666667	198.20666666666668	198.34666666666666	198.31333333333333	197.81333333333333	198.23333333333332	198.46666666666667	198.1	197.61333333333334	197.28	196.91333333333333	196.03333333333333	195.28666666666666	194.51333333333332	194.03333333333333	193.15333333333334	192.75333333333333	192.24	190.84	189.49333333333334	188.12666666666667	187.46	186.27333333333334	185.05333333333334	183.7	181.99333333333334	180.82	178.21333333333334	175.86	173.28	170.45333333333335	166.38	162.12666666666667	157.92666666666668	152.04	144.88666666666666	134.68666666666667	118.30666666666667	0.0
0.0	117.88	134.72	144.46	151.84666666666666	157.83333333333334	162.02666666666667	165.77333333333334	168.98	172.35333333333332	174.95333333333335	177.00666666666666	179.18666666666667	181.68666666666667	183.27333333333334	184.53333333333333	185.96	187.56666666666666	188.68	189.64	190.38	191.44	192.28	193.12	193.56	194.16	194.90666666666667	195.58666666666667	195.99333333333334	196.30666666666667	196.34666666666666	196.78	196.78666666666666	197.18	197.17333333333335	197.63333333333333	197.56	197.02	197.10666666666665	196.64666666666668	196.65333333333334	196.31333333333333	196.03333333333333	195.51333333333332	195.73333333333332	195.35333333333332	194.64666666666668	194.19333333333333	193.19333333333333	192.48	191.95333333333335	190.76	189.34	189.00666666666666	187.62666666666667	187.22666666666666	185.88666666666666	184.19333333333333	182.95333333333335	180.86666666666667	179.11333333333334	177.00666666666666	174.96666666666667	172.26	169.48	166.24666666666667	162.1	157.86	151.26666666666668	144.38666666666666	134.26666666666668	117.66	0.0
0.0	117.84	134.86	145.04	152.07333333333332	157.74666666666667	162.09333333333333	166.19333333333333	169.36666666666667	172.63333333333333	175.1	177.06666666666666	179.36	181.23333333333332	183.08666666666667	185.20666666666668	186.1	187.74	188.84	190.51333333333332	191.63333333333333	192.52	193.0	193.96666666666667	194.46	194.64666666666668	196.22	196.37333333333333	196.54666666666665	197.05333333333334	196.97333333333333	197.56666666666666	197.93333333333334	197.28666666666666	197.63333333333333	197.72666666666666	197.58	197.93333333333334	198.51333333333332	198.20666666666668	197.78	197.0	196.97333333333333	196.15333333333334	196.15333333333334	195.67333333333335	195.12666666666667	194.86	194.52	194.11333333333334	193.47333333333333	192.32	191.78666666666666	189.93333333333334	189.90666666666667	188.34	186.74666666666667	185.22666666666666	184.32666666666665	182.34	180.26	177.88	175.51333333333332	172.34666666666666	169.28	165.68666666666667	162.7	157.68666666666667	152.37333333333333	144.86	134.72	118.73333333333333	0.0
0.0	118.11333333333333	134.74	144.57333333333332	151.76	157.77333333333334	162.12	166.10666666666665	169.4	172.33333333333334	175.54	178.56	181.15333333333334	182.51333333333332	183.84666666666666	185.44666666666666	186.26	187.20666666666668	188.3	189.30666666666667	190.28666666666666	191.66666666666666	192.58666666666667	193.5	193.99333333333334	193.94	194.70666666666668	196.36666666666667	196.48	196.53333333333333	196.87333333333333	197.48666666666668	197.89333333333335	198.16666666666666	197.82666666666665	198.34	197.58666666666667	197.36666666666667	197.41333333333333	197.50666666666666	197.64	197.00666666666666	197.4	197.24	196.86666666666667	195.56	195.10666666666665	195.14666666666668	194.72666666666666	194.49333333333334	193.39333333333335	192.99333333333334	191.46	189.92666666666668	189.15333333333334	187.91333333333333	186.62	184.98666666666668	183.38	181.55333333333334	179.56666666666666	177.05333333333334	174.98	172.43333333333334	169.44666666666666	166.42666666666668	162.41333333333333	157.53333333333333	152.33333333333334	144.9	134.68666666666667	118.12	0.0
0.0	117.89333333333333	134.05333333333334	144.52666666666667	152.18	157.87333333333333	162.68666666666667	166.4	169.31333333333333	172.77333333333334	175.60666666666665	177.17333333333335	178.86666666666667	181.13333333333333	182.5	184.02666666666667	186.0	187.65333333333334	188.17333333333335	188.95333333333335	189.96666666666667	190.96	192.26666666666668	192.91333333333333	192.87333333333333	193.3	193.93333333333334	195.16666666666666	195.2	195.81333333333333	196.32	196.86666666666667	196.93333333333334	196.64666666666668	197.1	197.58	197.20666666666668	197.42666666666668	197.51333333333332	197.63333333333333	197.92666666666668	197.5	197.12	196.44	196.17333333333335	195.40666666666667	195.82	194.5	194.06666666666666	193.0	192.6	191.7	190.8	189.98666666666668	188.84	187.84666666666666	186.34666666666666	184.86	183.25333333333333	181.76666666666668	178.87333333333333	177.3	175.1	172.01333333333332	169.20666666666668	166.26	162.18666666666667	158.09333333333333	152.46	144.71333333333334	134.33333333333334	117.65333333333334	0.0
0.0	118.23333333333333	134.58666666666667	144.79333333333332	152.02	157.64666666666668	162.40666666666667	165.83333333333334	169.38666666666666	171.89333333333335	175.09333333333333	177.07333333333332	179.44666666666666	181.09333333333333	183.14	185.28	186.58666666666667	187.72666666666666	189.28666666666666	189.88	190.53333333333333	191.67333333333335	192.59333333333333	193.89333333333335	194.35333333333332	194.95333333333335	195.8	196.36666666666667	196.87333333333333	197.22666666666666	197.28666666666666	196.96	197.17333333333335	197.71333333333334	198.18666666666667	198.35333333333332	198.21333333333334	198.19333333333333	198.59333333333333	197.60666666666665	198.24666666666667	197.06	196.77333333333334	197.02	196.22666666666666	195.98666666666668	195.60666666666665	195.49333333333334	194.28	193.98	192.81333333333333	192.25333333333333	191.28666666666666	190.42666666666668	188.85333333333332	187.32	185.64	184.27333333333334	183.0	181.70666666666668	179.48666666666668	177.41333333333333	175.34	172.46	169.90666666666667	166.34666666666666	162.20666666666668	157.11333333333334	151.47333333333333	144.36	133.97333333333333	117.72	0.0
0.0	117.92	134.66	144.90666666666667	151.36	157.54666666666665	162.74	166.75333333333333	169.71333333333334	172.66	175.19333333333333	177.24	179.46	181.06666666666666	183.41333333333333	184.85333333333332	186.76666666666668	188.24	189.19333333333333	190.51333333333332	191.68666666666667	192.49333333333334	193.5	193.86	195.14	195.04666666666665	195.6	196.3	196.6	197.24666666666667	197.76	198.2	197.93333333333334	197.61333333333334	197.74666666666667	197.75333333333333	198.19333333333333	198.08	198.42	198.89333333333335	198.84	198.18666666666667	198.28	198.02	196.86666666666667	195.85333333333332	195.34666666666666	194.89333333333335	194.15333333333334	193.13333333333333	192.36	191.85333333333332	191.0	189.91333333333333	188.56666666666666	187.40666666666667	186.10666666666665	184.61333333333334	183.68	181.43333333333334	179.13333333333333	176.84	174.50666666666666	172.02666666666667	169.01333333333332	165.92	161.93333333333334	157.55333333333334	151.27333333333334	144.24666666666667	133.92	117.32	0.0
0.0	118.56	134.60666666666665	144.9	152.06666666666666	157.66666666666666	161.60666666666665	165.56	169.05333333333334	172.64	174.26	176.87333333333333	179.24666666666667	181.15333333333334	183.44	184.61333333333334	186.18666666666667	187.60666666666665	188.88	189.74666666666667	190.97333333333333	192.04666666666665	192.47333333333333	193.16666666666666	194.36	195.44	195.60666666666665	195.98666666666668	195.92666666666668	196.56666666666666	196.36666666666667	196.28666666666666	197.02	197.22666666666666	197.57333333333332	197.69333333333333	197.42	197.82666666666665	197.26666666666668	196.58666666666667	196.74	196.75333333333333	196.59333333333333	196.15333333333334	195.99333333333334	195.76	195.26	195.02666666666667	194.44666666666666	194.01333333333332	192.42	191.70666666666668	190.26666666666668	189.70666666666668	188.22	187.15333333333334	186.32	184.16666666666666	182.98666666666668	181.0	179.44666666666666	177.09333333333333	174.79333333333332	172.76666666666668	169.46	165.77333333333334	161.84	157.12	151.09333333333333	143.63333333333333	134.40666666666667	118.04	0.0
0.0	117.82	134.78666666666666	144.73333333333332	152.65333333333334	157.44	162.21333333333334	166.28	169.38666666666666	172.04666666666665	174.83333333333334	177.20666666666668	178.96	181.36	183.36666666666667	184.32	185.7	187.13333333333333	188.27333333333334	189.43333333333334	190.58	191.58	192.48666666666668	193.65333333333334	193.91333333333333	194.43333333333334	195.09333333333333	195.72	196.52	197.49333333333334	197.28666666666666	197.9	197.58666666666667	197.74666666666667	197.50666666666666	197.46666666666667	197.52666666666667	197.64	197.62	197.45333333333335	196.91333333333333	197.66	196.71333333333334	196.74666666666667	196.18666666666667	195.7	195.33333333333334	194.30666666666667	193.79333333333332	193.36666666666667	192.48	191.88666666666666	190.94	189.55333333333334	188.48666666666668	187.86	186.28	185.21333333333334	183.79333333333332	181.90666666666667	179.65333333333334	177.48666666666668	175.66	173.08	170.05333333333334	166.21333333333334	161.81333333333333	157.4	151.22666666666666	144.64666666666668	134.46	117.98666666666666	0.0
0.0	117.68	134.05333333333334	144.10666666666665	152.03333333333333	157.22	161.96	165.61333333333334	169.19333333333333	171.86666666666667	174.80666666666667	177.40666666666667	179.87333333333333	181.42	182.43333333333334	184.54666666666665	185.73333333333332	187.13333333333333	188.52	189.44	190.77333333333334	191.52666666666667	192.24	193.16666666666666	193.24	194.28	194.74666666666667	195.43333333333334	196.06	196.10666666666665	196.85333333333332	196.96666666666667	197.22	197.27333333333334	197.07333333333332	196.65333333333334	196.84	196.84666666666666	197.14	197.52	197.24666666666667	197.29333333333332	196.40666666666667	196.65333333333334	195.80666666666667	195.58666666666667	195.23333333333332	194.66666666666666	194.03333333333333	193.41333333333333	192.24	191.42	190.80666666666667	189.52666666666667	188.48666666666668	187.34666666666666	185.98	184.32	183.68	181.48	179.65333333333334	177.02666666666667	175.17333333333335	171.99333333333334	169.76666666666668	166.47333333333333	162.32	157.39333333333335	151.98	145.14	134.64	118.02666666666667	0.0
0.0	117.92	134.62666666666667	144.97333333333333	152.35333333333332	158.14	162.82	166.76	170.09333333333333	172.86666666666667	174.95333333333335	177.76	180.3	181.78666666666666	184.12	185.68666666666667	187.11333333333334	188.30666666666667	189.79333333333332	190.84666666666666	191.84666666666666	192.61333333333334	192.87333333333333	194.07333333333332	194.64	195.2	196.36666666666667	196.57333333333332	197.11333333333334	197.63333333333333	197.76	198.17333333333335	198.28	198.64666666666668	198.48666666666668	198.44	199.21333333333334	198.90666666666667	198.42	198.32	198.14666666666668	198.02	197.54	197.1	196.22666666666666	196.09333333333333	194.89333333333335	194.96666666666667	193.22666666666666	192.63333333333333	192.14	191.36666666666667	190.26	190.24666666666667	189.02	187.54666666666665	186.28	184.83333333333334	183.83333333333334	181.86666666666667	179.93333333333334	177.71333333333334	175.12	172.94	170.20666666666668	167.12666666666667	162.70666666666668	158.08	152.38666666666666	145.36	134.98666666666668	118.16666666666667	0.0
0.0	118.53333333333333	135.05333333333334	144.75333333333333	151.66	157.44	162.14666666666668	166.42666666666668	168.95333333333335	172.17333333333335	175.28	177.08666666666667	179.28	181.66666666666666	183.1	184.69333333333333	185.92666666666668	187.38	189.13333333333333	190.19333333333333	191.11333333333334	191.9	192.82	193.68666666666667	194.70666666666668	195.07333333333332	195.6	195.5	196.16666666666666	196.52666666666667	196.6	196.64	197.21333333333334	197.66	197.85333333333332	197.21333333333334	196.98666666666668	197.04	197.50666666666666	197.19333333333333	196.78666666666666	196.35333333333332	196.14	196.22	195.74	195.08	194.47333333333333	193.59333333333333	192.93333333333334	192.04666666666665	191.46666666666667	190.86666666666667	189.91333333333333	189.19333333333333	188.68666666666667	187.02	185.84666666666666	184.68	183.28	181.36666666666667	179.45333333333335	177.16666666666666	174.71333333333334	171.92	169.24	165.17333333333335	161.25333333333333	157.08	151.86	144.66	133.83333333333334	117.94666666666667	0.0
0.0	117.92	134.74	144.29333333333332	151.74	157.44666666666666	162.17333333333335	166.01333333333332	169.64	172.42	175.44	177.51333333333332	179.46666666666667	181.32666666666665	183.3	184.72666666666666	186.47333333333333	187.57333333333332	188.94	189.46	190.82	191.58666666666667	192.17333333333335	193.64	194.47333333333333	195.08666666666667	195.37333333333333	195.34666666666666	196.30666666666667	197.10666666666665	197.33333333333334	197.26	196.57333333333332	196.76	197.11333333333334	197.32666666666665	197.04666666666665	197.36	197.28666666666666	197.22666666666666	197.08	196.96	196.20666666666668	195.36	195.16	194.52	194.22666666666666	193.60666666666665	193.09333333333333	192.09333333333333	191.77333333333334	190.45333333333335	190.06666666666666	189.09333333333333	187.64	187.18666666666667	185.48	183.78666666666666	182.76	180.67333333333335	178.38	177.08	174.44666666666666	171.60666666666665	169.42666666666668	165.93333333333334	162.29333333333332	156.9	151.82	144.95333333333335	134.79333333333332	117.74666666666667	0.0
0.0	118.11333333333333	134.07333333333332	144.37333333333333	152.20666666666668	157.03333333333333	162.1	165.52	169.37333333333333	172.76	175.53333333333333	177.2	179.81333333333333	181.91333333333333	183.26666666666668	185.1	187.06	188.35333333333332	189.31333333333333	189.92666666666668	191.54666666666665	192.32666666666665	193.39333333333335	193.66666666666666	195.10666666666665	195.47333333333333	195.75333333333333	196.6	197.38	197.54666666666665	197.18	198.15333333333334	198.08666666666667	198.49333333333334	198.62666666666667	199.13333333333333	199.20666666666668	199.1	199.46	199.04666666666665	198.82666666666665	197.98666666666668	197.94	197.63333333333333	197.36	197.23333333333332	196.80666666666667	195.93333333333334	195.49333333333334	194.78	194.1	192.94	192.04666666666665	190.92	189.54666666666665	188.94666666666666	187.16666666666666	185.47333333333333	184.12666666666667	182.11333333333334	180.28666666666666	178.28666666666666	175.62	173.14666666666668	169.96666666666667	167.09333333333333	163.04666666666665	157.96666666666667	152.52666666666667	144.83333333333334	134.24666666666667	117.96	0.0
0.0	117.91333333333333	134.66666666666666	144.46	151.71333333333334	157.25333333333333	162.22	166.44666666666666	170.09333333333333	172.7	175.40666666666667	177.83333333333334	179.58666666666667	181.78	184.36666666666667	185.93333333333334	187.13333333333333	188.22666666666666	189.42666666666668	190.76	191.56	192.26666666666668	193.21333333333334	193.42	194.42	194.8	195.78666666666666	196.14666666666668	196.77333333333334	197.03333333333333	197.37333333333333	197.97333333333333	198.14666666666668	198.55333333333334	198.92	198.75333333333333	198.56666666666666	198.24	198.71333333333334	199.08666666666667	198.72666666666666	198.15333333333334	198.44	197.61333333333334	196.99333333333334	196.72	195.72666666666666	195.37333333333333	194.64	194.38666666666666	193.31333333333333	192.32	191.83333333333334	190.82666666666665	189.07333333333332	188.29333333333332	186.45333333333335	185.05333333333334	183.68	182.04	179.46666666666667	178.26	175.67333333333335	172.6	169.6	166.65333333333334	162.68	158.11333333333334	152.15333333333334	144.67333333333335	134.32	118.04666666666667	0.0
0.0	118.30666666666667	134.27333333333334	144.77333333333334	151.86	157.32	162.73333333333332	165.9	169.61333333333334	172.88	175.1	177.88666666666666	180.32666666666665	181.92666666666668	183.42	185.18	186.96	188.02666666666667	189.67333333333335	190.24666666666667	191.09333333333333	191.86	192.70666666666668	193.59333333333333	194.43333333333334	194.94	195.26666666666668	196.23333333333332	197.26	197.01333333333332	197.26666666666668	197.66666666666666	197.47333333333333	198.46	198.39333333333335	198.21333333333334	197.88666666666666	198.24	198.30666666666667	198.05333333333334	198.4	197.83333333333334	198.13333333333333	197.31333333333333	196.57333333333332	196.27333333333334	194.86666666666667	194.40666666666667	194.14666666666668	193.58	192.88666666666666	191.42	190.54	189.48666666666668	189.03333333333333	187.39333333333335	186.6	185.17333333333335	183.93333333333334	181.87333333333333	180.02	177.66	175.65333333333334	173.51333333333332	170.14	167.14666666666668	162.53333333333333	157.77333333333334	152.14666666666668	145.0	134.54	117.99333333333334	0.0
0.0	117.88666666666667	134.71333333333334	145.08	152.65333333333334	158.12666666666667	162.61333333333334	166.17333333333335	169.12	171.72	174.17333333333335	176.50666666666666	178.57333333333332	181.02	182.51333333333332	183.56666666666666	185.64	186.88	187.94666666666666	189.54666666666665	190.32666666666665	191.46666666666667	192.40666666666667	193.19333333333333	193.84	194.97333333333333	195.88666666666666	195.64666666666668	196.33333333333334	196.80666666666667	197.12	197.59333333333333	197.77333333333334	197.71333333333334	197.97333333333333	198.51333333333332	199.15333333333334	199.46666666666667	198.88	198.69333333333333	198.50666666666666	198.3	197.85333333333332	197.76666666666668	196.80666666666667	196.20666666666668	195.45333333333335	195.25333333333333	194.56666666666666	193.94666666666666	193.31333333333333	191.81333333333333	191.45333333333335	190.41333333333333	189.0	188.23333333333332	186.66666666666666	185.37333333333333	183.57333333333332	181.42666666666668	179.98	177.67333333333335	175.24666666666667	171.73333333333332	169.21333333333334	166.17333333333335	162.43333333333334	157.68666666666667	152.28	145.20666666666668	134.69333333333333	118.31333333333333	0.0
0.0	117.54666666666667	134.08666666666667	144.04	151.14	157.5	161.82666666666665	165.53333333333333	168.91333333333333	172.02666666666667	174.93333333333334	177.25333333333333	179.38666666666666	181.30666666666667	182.69333333333333	184.30666666666667	186.39333333333335	187.93333333333334	188.66	189.44666666666666	190.8	191.66	193.00666666666666	193.53333333333333	193.89333333333335	194.82	195.38	195.83333333333334	196.14666666666668	196.39333333333335	196.21333333333334	196.93333333333334	197.8	197.82666666666665	198.35333333333332	198.09333333333333	198.15333333333334	198.6	198.26	198.14666666666668	198.37333333333333	197.72666666666666	197.21333333333334	196.74	195.64666666666668	195.91333333333333	195.49333333333334	194.35333333333332	193.86666666666667	193.14	192.54	191.75333333333333	191.10666666666665	189.84	188.08666666666667	187.02	186.22	184.62	183.42666666666668	181.49333333333334	179.56666666666666	177.13333333333333	175.1	171.96666666666667	169.10666666666665	165.8	162.17333333333335	158.2	151.81333333333333	144.83333333333334	134.12666666666667	117.41333333333333	0.0
0.0	117.74	134.1	144.88	152.0	157.88666666666666	162.40666666666667	166.82	170.09333333333333	173.03333333333333	175.69333333333333	178.08666666666667	180.56666666666666	182.01333333333332	184.12	186.32666666666665	187.00666666666666	187.86	189.22666666666666	189.94	191.42666666666668	191.94666666666666	193.03333333333333	193.88	194.34666666666666	194.94	195.74	196.61333333333334	197.04	196.78666666666666	197.22666666666666	197.41333333333333	197.84666666666666	197.94666666666666	198.22	197.55333333333334	197.42666666666668	197.58	196.98	196.94666666666666	197.03333333333333	196.72	196.48666666666668	195.86	195.18	194.98666666666668	194.52	193.93333333333334	193.79333333333332	192.57333333333332	191.64	190.45333333333335	189.00666666666666	188.69333333333333	187.61333333333334	186.20666666666668	185.14	183.52666666666667	182.58	180.55333333333334	178.76666666666668	176.77333333333334	174.51333333333332	171.92666666666668	169.11333333333334	165.85333333333332	161.97333333333333	157.34	151.25333333333333	144.37333333333333	133.94666666666666	117.83333333333333	0.0
0.0	118.27333333333333	134.53333333333333	144.85333333333332	152.12	158.09333333333333	162.73333333333332	166.32666666666665	169.94	172.24	175.52666666666667	177.40666666666667	179.84	181.51333333333332	183.58666666666667	185.04666666666665	186.32	187.7	188.64666666666668	189.54666666666665	189.80666666666667	191.62666666666667	192.58	193.97333333333333	194.87333333333333	194.88	195.46666666666667	195.64666666666668	196.52	196.83333333333334	197.22	197.30666666666667	197.53333333333333	197.71333333333334	197.99333333333334	197.70666666666668	197.87333333333333	198.13333333333333	198.07333333333332	197.92666666666668	197.5	197.73333333333332	196.94666666666666	196.62	196.78	196.32	195.36666666666667	195.46666666666667	194.24	193.4	192.24666666666667	192.20666666666668	190.81333333333333	189.94666666666666	188.43333333333334	187.25333333333333	185.99333333333334	184.58666666666667	183.13333333333333	181.23333333333332	179.80666666666667	176.83333333333334	175.16	172.40666666666667	169.46666666666667	166.59333333333333	162.48	157.48	152.01333333333332	145.09333333333333	134.48666666666668	118.61333333333333	0.0
0.0	118.03333333333333	134.47333333333333	144.58	152.01333333333332	157.78	162.86	166.03333333333333	170.02666666666667	172.18	174.96666666666667	177.55333333333334	179.81333333333333	181.55333333333334	183.94666666666666	185.21333333333334	186.22	187.62666666666667	188.96666666666667	189.54	191.08	191.8	192.80666666666667	193.58666666666667	194.32	195.02	195.61333333333334	196.58	197.28	197.15333333333334	197.66	198.29333333333332	198.15333333333334	198.22	198.62	198.66666666666666	198.88666666666666	198.86666666666667	198.42666666666668	198.66666666666666	198.49333333333334	198.36	197.6	197.0	196.01333333333332	196.26666666666668	196.42666666666668	195.40666666666667	194.83333333333334	193.82	193.13333333333333	193.04	192.26	190.51333333333332	189.32	188.00666666666666	186.6	185.10666666666665	183.02	181.12666666666667	179.72666666666666	177.72	175.65333333333334	173.02	169.64666666666668	166.38666666666666	162.06666666666666	158.12666666666667	152.08	144.25333333333333	134.28	117.76666666666667	0.0
0.0	118.03333333333333	134.78666666666666	144.60666666666665	152.18666666666667	157.67333333333335	161.52666666666667	166.4	169.68666666666667	172.74666666666667	174.47333333333333	177.62666666666667	179.13333333333333	180.95333333333335	182.80666666666667	183.86666666666667	185.82666666666665	185.86666666666667	187.84666666666666	188.26666666666668	189.34	190.78666666666666	191.67333333333335	192.60666666666665	193.04	193.59333333333333	194.50666666666666	195.72666666666666	195.88	196.20666666666668	196.35333333333332	197.15333333333334	196.7	197.18	197.54666666666665	197.62666666666667	197.68	197.97333333333333	197.96666666666667	197.79333333333332	197.72666666666666	197.41333333333333	197.26	196.98	196.20666666666668	196.08666666666667	195.40666666666667	194.64666666666668	194.12666666666667	193.52666666666667	192.98	191.78666666666666	190.95333333333335	189.51333333333332	189.08666666666667	187.54	186.08	184.44666666666666	182.6	181.66	179.72666666666666	177.22666666666666	175.56	172.55333333333334	169.81333333333333	166.73333333333332	162.93333333333334	158.40666666666667	151.58666666666667	144.58	134.32	117.47333333333333	0.0
0.0	117.96666666666667	134.63333333333333	144.82666666666665	151.94666666666666	157.66	162.21333333333334	165.94666666666666	169.20666666666668	172.66	174.55333333333334	177.30666666666667	179.66	181.27333333333334	183.23333333333332	184.90666666666667	186.3	188.26	189.18666666666667	191.00666666666666	191.91333333333333	193.30666666666667	193.55333333333334	193.89333333333335	194.99333333333334	194.97333333333333	196.18	196.08666666666667	196.84	197.34	198.00666666666666	198.7	198.86	198.77333333333334	198.40666666666667	199.05333333333334	198.72	198.63333333333333	198.76666666666668	197.96	198.43333333333334	197.89333333333335	197.42666666666668	197.32	196.92	196.24666666666667	195.54	194.40666666666667	194.64666666666668	193.36666666666667	192.20666666666668	192.05333333333334	190.97333333333333	189.54666666666665	188.32	187.2	186.46	184.52	182.95333333333335	181.82666666666665	179.50666666666666	177.13333333333333	175.26	172.30666666666667	169.51333333333332	166.32	162.13333333333333	158.06666666666666	152.04666666666665	145.34	134.9	117.74	0.0
0.0	118.07333333333334	134.99333333333334	145.18666666666667	152.22666666666666	158.01333333333332	162.76666666666668	166.69333333333333	170.42	172.92666666666668	175.76	177.59333333333333	179.57333333333332	181.46666666666667	183.28666666666666	185.03333333333333	186.43333333333334	187.65333333333334	188.6	189.49333333333334	190.96666666666667	191.54666666666665	192.97333333333333	193.59333333333333	193.58666666666667	194.4	194.77333333333334	195.4	196.11333333333334	196.48	196.7	197.16	196.94	197.20666666666668	198.14	198.06	198.14	197.86	197.99333333333334	197.93333333333334	197.37333333333333	197.54666666666665	196.96	196.52	195.75333333333333	195.57333333333332	195.28	194.95333333333335	193.82666666666665	193.36	192.42666666666668	191.86	190.82	190.2	188.29333333333332	187.14	185.70666666666668	184.74666666666667	182.9	181.76666666666668	179.68666666666667	177.83333333333334	175.55333333333334	172.7	169.95333333333335	166.4	162.21333333333334	157.82	152.28	145.02666666666667	134.56666666666666	118.15333333333334	0.0
0.0	118.33333333333333	134.26666666666668	144.79333333333332	152.26666666666668	157.77333333333334	162.73333333333332	166.12666666666667	169.84666666666666	171.85333333333332	174.67333333333335	177.54666666666665	179.84	181.96666666666667	183.35333333333332	184.60666666666665	186.31333333333333	188.12	190.03333333333333	190.58	191.67333333333335	192.74	193.52	194.28	194.98666666666668	195.96666666666667	196.72	197.60666666666665	197.56666666666666	198.28	198.39333333333335	198.21333333333334	198.40666666666667	199.24	198.96	198.72666666666666	199.11333333333334	198.55333333333334	198.47333333333333	198.69333333333333	198.40666666666667	198.9	198.62666666666667	198.20666666666668	197.84666666666666	197.32	197.19333333333333	196.59333333333333	196.14	195.88	194.36	193.47333333333333	192.34666666666666	191.28	191.08	189.34	188.14666666666668	187.04666666666665	185.06666666666666	183.6	181.28	178.92666666666668	176.46666666666667	173.16666666666666	170.20666666666668	166.88	162.62	157.54	152.16666666666666	144.66666666666666	134.26	117.62666666666667	0.0
0.0	117.98666666666666	134.35333333333332	144.02	151.11333333333334	157.58666666666667	162.47333333333333	165.96	169.26666666666668	172.16666666666666	174.57333333333332	177.34666666666666	179.5	181.66	183.26666666666668	185.1	186.96666666666667	187.53333333333333	188.36	189.42666666666668	190.48	190.82666666666665	191.74	192.89333333333335	193.42	194.16	194.99333333333334	195.49333333333334	195.50666666666666	195.66666666666666	196.02666666666667	196.33333333333334	196.02	196.08666666666667	196.16	196.34666666666666	196.64666666666668	196.97333333333333	197.09333333333333	196.83333333333334	196.72	196.89333333333335	196.6	195.72666666666666	196.15333333333334	195.87333333333333	195.34	194.1	193.02666666666667	193.02	191.86	191.21333333333334	189.99333333333334	189.59333333333333	188.74666666666667	187.50666666666666	186.04	184.46	183.26	181.26666666666668	179.99333333333334	177.82666666666665	174.73333333333332	172.72666666666666	169.26	166.22	162.61333333333334	157.79333333333332	152.4	145.12	134.78	117.76	0.0
0.0	117.90666666666667	134.87333333333333	145.13333333333333	151.97333333333333	157.65333333333334	162.57333333333332	166.36666666666667	169.46666666666667	172.53333333333333	175.38	177.94666666666666	180.48666666666668	181.91333333333333	183.92666666666668	185.18666666666667	186.81333333333333	187.70666666666668	188.55333333333334	189.89333333333335	191.31333333333333	192.25333333333333	193.22	193.34666666666666	194.42	195.21333333333334	195.08	195.82	196.32	196.43333333333334	196.91333333333333	197.18666666666667	197.26666666666668	197.62666666666667	197.96	198.24	198.27333333333334	197.78	198.14	197.8	197.54666666666665	197.35333333333332	196.90666666666667	196.79333333333332	196.28666666666666	196.0	195.06	195.2	194.49333333333334	193.26666666666668	192.32	190.92666666666668	191.11333333333334	190.1	188.38	188.12666666666667	186.33333333333334	185.03333333333333	183.25333333333333	181.6	179.64	178.04666666666665	176.33333333333334	173.17333333333335	169.71333333333334	167.27333333333334	162.58666666666667	157.84	151.70666666666668	143.88666666666666	134.52666666666667	118.13333333333334	0.0
0.0	118.00666666666666	134.57333333333332	144.72666666666666	151.53333333333333	156.74	162.52666666666667	166.55333333333334	169.82	172.87333333333333	175.64	177.74666666666667	179.43333333333334	181.57333333333332	183.16666666666666	184.98666666666668	186.13333333333333	187.98	188.42	189.76666666666668	190.54	192.03333333333333	193.20666666666668	193.8	194.45333333333335	195.38666666666666	195.32666666666665	195.95333333333335	196.14666666666668	196.64666666666668	196.70666666666668	196.81333333333333	196.60666666666665	197.41333333333333	197.06	197.37333333333333	197.3	197.30666666666667	197.1	197.44	197.14666666666668	197.06666666666666	196.06	196.02666666666667	195.77333333333334	195.39333333333335	195.16	195.28666666666666	194.2	193.59333333333333	193.31333333333333	191.91333333333333	190.60666666666665	190.22	188.26	187.55333333333334	186.03333333333333	185.08	182.94	181.52	179.46666666666667	177.49333333333334	175.56	172.52	170.14666666666668	166.28	162.32	157.7	152.04666666666665	144.05333333333334	133.89333333333335	117.7	0.0
0.0	117.96	133.6	144.24	151.60666666666665	156.99333333333334	162.39333333333335	166.28	170.06666666666666	172.56	174.98	177.52666666666667	179.56	181.4	183.55333333333334	184.61333333333334	185.98	187.33333333333334	188.94	189.79333333333332	191.06	191.72666666666666	192.34666666666666	193.32	193.81333333333333	194.58	195.15333333333334	195.62666666666667	196.29333333333332	196.51333333333332	197.13333333333333	197.15333333333334	196.85333333333332	197.51333333333332	197.77333333333334	198.36666666666667	198.87333333333333	199.06666666666666	198.21333333333334	198.29333333333332	198.55333333333334	198.28666666666666	198.00666666666666	197.83333333333334	197.48	196.95333333333335	195.64666666666668	195.32	194.06666666666666	194.0	192.82666666666665	192.34666666666666	191.22666666666666	190.46666666666667	189.00666666666666	187.88666666666666	186.24666666666667	185.18	183.64666666666668	181.93333333333334	179.82666666666665	177.34	174.8	172.44	169.50666666666666	166.92666666666668	162.09333333333333	157.95333333333335	151.94666666666666	144.43333333333334	134.48	117.73333333333333	0.0
0.0	118.65333333333334	134.79333333333332	144.59333333333333	151.84666666666666	157.93333333333334	161.97333333333333	166.1	168.91333333333333	172.00666666666666	174.64666666666668	176.98	178.58	180.35333333333332	182.24666666666667	184.15333333333334	185.9	187.41333333333333	189.24666666666667	190.17333333333335	190.90666666666667	191.96666666666667	192.78	193.74	194.50666666666666	194.77333333333334	195.44666666666666	195.60666666666665	196.16	196.16	197.08666666666667	197.04666666666665	197.3	197.13333333333333	197.29333333333332	198.12	198.0	197.98666666666668	197.7	197.48666666666668	196.94666666666666	197.32666666666665	197.02666666666667	196.25333333333333	196.32	196.02666666666667	195.63333333333333	194.98666666666668	193.94	193.03333333333333	192.55333333333334	192.32	190.88	189.47333333333333	188.04	187.53333333333333	185.44	184.62	182.82666666666665	181.54666666666665	179.12666666666667	177.33333333333334	175.25333333333333	172.51333333333332	169.75333333333333	166.39333333333335	162.61333333333334	158.05333333333334	152.42666666666668	145.03333333333333	134.34666666666666	118.14666666666666	0.0
0.0	117.95333333333333	134.33333333333334	144.32666666666665	151.94	157.86	162.46	166.87333333333333	170.38	173.74	175.62666666666667	178.06666666666666	180.5	181.82666666666665	184.6	185.56	186.54666666666665	188.48	189.28	190.7	191.96	193.11333333333334	192.98	193.89333333333335	193.91333333333333	194.90666666666667	195.1	196.12666666666667	195.79333333333332	196.5	196.56666666666666	197.15333333333334	197.21333333333334	197.30666666666667	196.6	197.25333333333333	197.26666666666668	196.97333333333333	197.09333333333333	196.72666666666666	196.49333333333334	196.11333333333334	196.14666666666668	195.15333333333334	195.16666666666666	194.76666666666668	194.36666666666667	194.04666666666665	192.76666666666668	192.05333333333334	191.0	190.72	189.94	189.1	187.92666666666668	186.61333333333334	186.00666666666666	184.68666666666667	182.26666666666668	180.73333333333332	179.03333333333333	176.95333333333335	174.82666666666665	172.03333333333333	169.48666666666668	166.34	162.16666666666666	157.98	152.3	144.84	134.64666666666668	118.22666666666667	0.0
0.0	117.94	134.51333333333332	144.91333333333333	152.47333333333333	158.24666666666667	162.47333333333333	166.05333333333334	169.71333333333334	172.62	175.79333333333332	177.59333333333333	178.98	181.38	182.6	185.06	186.81333333333333	187.60666666666665	189.32666666666665	189.91333333333333	191.3	192.22	193.09333333333333	193.80666666666667	194.30666666666667	195.58	195.78666666666666	196.35333333333332	196.36	196.50666666666666	197.18666666666667	197.47333333333333	197.22666666666666	197.76666666666668	197.34	197.32666666666665	197.31333333333333	197.13333333333333	197.42666666666668	196.9	196.74666666666667	196.32	196.25333333333333	195.55333333333334	195.3	194.80666666666667	194.15333333333334	193.75333333333333	193.34	193.56	192.32	192.12666666666667	190.68666666666667	190.2	189.32	188.54666666666665	186.82666666666665	185.79333333333332	183.80666666666667	182.24666666666667	180.17333333333335	177.74666666666667	175.18666666666667	172.94666666666666	169.20666666666668	166.02	162.08666666666667	157.28	151.34666666666666	144.07333333333332	134.31333333333333	118.19333333333333	0.0
0.0	118.22	134.76666666666668	145.30666666666667	151.85333333333332	157.92666666666668	162.58	166.12	168.96	171.73333333333332	174.46666666666667	177.14666666666668	179.17333333333335	180.96	183.09333333333333	184.38666666666666	186.32	187.93333333333334	188.89333333333335	189.96	190.88666666666666	192.00666666666666	193.34	193.2	193.65333333333334	194.47333333333333	195.18666666666667	195.22666666666666	196.00666666666666	196.15333333333334	196.55333333333334	196.44	196.40666666666667	197.22666666666666	197.18666666666667	196.73333333333332	197.66666666666666	197.15333333333334	196.90666666666667	196.58	196.62	196.80666666666667	196.76	195.84666666666666	196.47333333333333	195.20666666666668	194.55333333333334	193.79333333333332	193.00666666666666	192.44	191.69333333333333	190.68666666666667	189.90666666666667	188.50666666666666	187.41333333333333	186.67333333333335	185.32666666666665	183.92	182.64666666666668	181.22	179.11333333333334	177.56666666666666	174.87333333333333	172.20666666666668	169.74	166.36666666666667	161.84	158.04666666666665	151.79333333333332	144.43333333333334	134.36	117.87333333333333	0.0
0.0	117.95333333333333	134.19333333333333	144.62	152.32666666666665	157.4	161.98	165.7	168.94666666666666	171.42	174.20666666666668	176.77333333333334	178.89333333333335	181.13333333333333	183.01333333333332	184.66666666666666	186.05333333333334	187.27333333333334	188.47333333333333	190.06	190.51333333333332	191.37333333333333	191.99333333333334	193.04	194.15333333333334	193.53333333333333	194.47333333333333	194.62	195.98	195.94666666666666	196.24	196.82666666666665	196.98	197.11333333333334	197.13333333333333	197.66666666666666	197.1	197.66666666666666	196.85333333333332	197.13333333333333	196.94	196.90666666666667	196.29333333333332	196.6	197.1	196.67333333333335	196.52	195.72	194.97333333333333	194.17333333333335	193.13333333333333	192.16	191.22	189.90666666666667	188.61333333333334	187.4	186.43333333333334	184.60666666666665	183.0	181.75333333333333	179.23333333333332	177.14666666666668	175.60666666666665	172.48	169.48	166.32666666666665	161.62	157.52666666666667	151.26666666666668	143.86666666666667	134.39333333333335	118.08	0.0
0.0	118.37333333333333	134.96666666666667	145.61333333333334	153.22	158.34666666666666	162.83333333333334	167.28	170.13333333333333	172.82666666666665	175.16666666666666	178.02	179.96666666666667	182.12666666666667	183.92	185.93333333333334	187.00666666666666	188.86666666666667	190.26666666666668	190.47333333333333	191.32666666666665	192.73333333333332	193.39333333333335	194.55333333333334	195.36	196.0	196.17333333333335	196.68666666666667	197.5	197.63333333333333	198.06	198.28666666666666	198.76	198.86666666666667	198.77333333333334	198.34	198.82	198.46666666666667	198.8	198.02666666666667	198.39333333333335	198.48	198.11333333333334	197.68666666666667	196.95333333333335	196.42666666666668	195.66666666666666	195.14	194.87333333333333	194.35333333333332	193.06666666666666	192.83333333333334	191.92666666666668	190.43333333333334	188.96666666666667	188.23333333333332	186.77333333333334	185.59333333333333	184.35333333333332	182.62666666666667	180.89333333333335	178.42	175.37333333333333	173.50666666666666	170.28	166.70666666666668	162.64666666666668	158.16666666666666	152.48	145.13333333333333	135.24666666666667	118.39333333333333	0.0
0.0	117.8	134.04666666666665	144.49333333333334	151.32	157.8	162.73333333333332	166.38666666666666	170.05333333333334	173.02	175.63333333333333	177.53333333333333	179.82666666666665	181.61333333333334	183.72666666666666	185.42	186.34666666666666	187.47333333333333	188.84	190.00666666666666	190.16666666666666	191.47333333333333	192.34666666666666	193.78	194.29333333333332	194.7	194.96666666666667	196.08	196.25333333333333	196.73333333333332	197.44666666666666	198.06	197.45333333333335	197.35333333333332	197.29333333333332	197.62	197.96666666666667	197.93333333333334	197.64	197.74666666666667	197.16666666666666	196.43333333333334	196.58666666666667	196.34666666666666	196.16666666666666	195.89333333333335	194.70666666666668	194.48	193.0	192.70666666666668	191.36	190.72	190.26666666666668	187.97333333333333	187.84666666666666	186.04	185.38	184.14666666666668	181.84	180.6	178.63333333333333	177.03333333333333	174.57333333333332	171.81333333333333	168.74	166.1	161.94	158.18666666666667	151.81333333333333	144.14666666666668	134.3	117.27333333333333	0.0
0.0	117.51333333333334	134.39333333333335	144.84666666666666	152.32666666666665	157.94	162.84	166.18	170.12666666666667	173.33333333333334	175.21333333333334	177.42	179.76666666666668	181.39333333333335	182.96	184.92	186.76	188.04	188.36	189.95333333333335	190.82666666666665	191.57333333333332	191.54666666666665	193.34	193.32	193.72666666666666	194.22	195.40666666666667	195.84	195.66666666666666	197.11333333333334	197.42	196.94	197.58	197.80666666666667	197.36	197.13333333333333	197.19333333333333	197.66666666666666	197.56	197.78666666666666	197.22666666666666	196.86666666666667	196.38	195.43333333333334	195.28666666666666	194.68	194.32	193.81333333333333	193.02666666666667	192.82666666666665	191.5	190.88666666666666	190.08666666666667	188.68	186.92666666666668	185.86	184.59333333333333	183.17333333333335	181.54666666666665	179.46	178.02666666666667	175.14	172.31333333333333	169.37333333333333	165.86666666666667	162.34	157.5	152.6	144.51333333333332	134.68666666666667	117.61333333333333	0.0
0.0	117.92	134.89333333333335	144.64666666666668	152.11333333333334	158.73333333333332	163.32666666666665	166.73333333333332	170.56	173.4	176.21333333333334	178.44	180.34	181.94666666666666	183.72	184.90666666666667	186.68666666666667	188.54666666666665	189.13333333333333	190.23333333333332	191.26	192.86666666666667	193.88	194.37333333333333	194.91333333333333	195.75333333333333	196.42	196.68666666666667	197.32	197.68666666666667	198.44	198.46666666666667	199.05333333333334	199.65333333333334	199.36666666666667	199.13333333333333	199.26666666666668	199.30666666666667	199.40666666666667	199.81333333333333	198.69333333333333	198.44	198.02666666666667	197.68666666666667	197.14666666666668	197.23333333333332	196.76	196.61333333333334	195.58666666666667	194.54666666666665	193.86666666666667	192.37333333333333	192.38	190.93333333333334	189.86	188.48666666666668	186.8	186.06	184.04	182.02	180.34	178.38666666666666	175.5	173.44666666666666	169.97333333333333	166.54666666666665	162.77333333333334	158.7	152.49333333333334	144.68	134.78	117.82	0.0
0.0	117.92	134.57333333333332	144.63333333333333	152.15333333333334	157.62666666666667	162.39333333333335	165.68666666666667	168.94	172.67333333333335	174.88	177.11333333333334	179.04666666666665	181.63333333333333	182.90666666666667	184.38666666666666	185.86666666666667	187.32	188.84666666666666	189.68666666666667	191.52666666666667	192.74666666666667	193.47333333333333	193.86666666666667	194.72666666666666	195.80666666666667	196.59333333333333	196.68	196.54	197.44	197.82666666666665	197.6	197.58666666666667	198.4	198.17333333333335	198.52666666666667	198.40666666666667	198.43333333333334	198.14	197.44666666666666	197.24	197.39333333333335	197.0	196.73333333333332	196.26666666666668	195.54	195.59333333333333	194.28	194.4	192.78	191.81333333333333	191.48	190.69333333333333	189.72	188.44666666666666	187.14	185.64	184.36	182.88666666666666	180.84666666666666	179.42666666666668	177.47333333333333	174.99333333333334	172.69333333333333	169.79333333333332	166.12	161.90666666666667	157.38	152.08666666666667	144.39333333333335	133.92666666666668	117.97333333333333	0.0
0.0	117.76	133.74	144.22	151.05333333333334	157.15333333333334	162.65333333333334	165.88666666666666	169.6	172.34	175.26	177.15333333333334	179.48	180.98	182.32	184.47333333333333	185.96666666666667	187.58666666666667	188.56666666666666	189.13333333333333	190.34666666666666	191.53333333333333	192.31333333333333	192.52666666666667	193.60666666666665	193.8	194.85333333333332	195.16666666666666	194.88	194.89333333333335	195.68666666666667	195.92666666666668	195.95333333333335	196.37333333333333	196.70666666666668	196.82	196.30666666666667	197.49333333333334	196.09333333333333	197.54	197.16666666666666	197.08	196.64	196.11333333333334	195.32	195.46	194.65333333333334	193.88666666666666	193.82666666666665	193.69333333333333	191.97333333333333	191.18666666666667	190.56	189.52666666666667	188.56	187.78666666666666	186.4	184.63333333333333	183.17333333333335	181.75333333333333	179.96	177.57333333333332	174.92666666666668	172.90666666666667	169.8	166.74	162.74	158.33333333333334	152.48666666666668	144.78	135.02666666666667	117.88	0.0
0.0	118.09333333333333	134.4	144.74	151.58666666666667	157.86	162.34	166.52666666666667	169.97333333333333	172.77333333333334	175.26666666666668	177.73333333333332	179.75333333333333	182.10666666666665	184.05333333333334	185.88	187.41333333333333	188.48	189.18666666666667	190.32666666666665	191.38	192.42666666666668	193.13333333333333	194.02	194.32	195.32	196.11333333333334	197.21333333333334	197.4	197.9	198.43333333333334	198.73333333333332	198.52	198.77333333333334	199.27333333333334	198.67333333333335	198.14	198.24666666666667	198.34	198.08	197.64	197.86	197.14	197.16	197.15333333333334	196.53333333333333	195.87333333333333	195.47333333333333	194.58666666666667	194.18	193.72	192.79333333333332	191.50666666666666	190.75333333333333	188.92	188.08666666666667	186.84	185.44	183.58	182.07333333333332	180.31333333333333	178.42	175.73333333333332	173.36666666666667	170.06666666666666	167.24666666666667	162.72	158.5	151.97333333333333	144.24666666666667	134.46	117.68	0.0
0.0	117.80666666666667	134.64	145.07333333333332	151.56	157.76	161.98666666666668	165.65333333333334	168.98666666666668	172.42	175.08666666666667	177.13333333333333	179.58666666666667	182.18	183.78666666666666	185.54666666666665	186.41333333333333	187.61333333333334	189.38666666666666	190.93333333333334	191.63333333333333	192.82666666666665	193.57333333333332	194.75333333333333	194.94666666666666	195.36666666666667	196.18	196.79333333333332	197.24	196.92666666666668	197.96666666666667	198.47333333333333	199.12666666666667	198.87333333333333	198.60666666666665	198.22	198.74	198.50666666666666	198.72	198.89333333333335	198.64666666666668	198.24	198.03333333333333	197.21333333333334	197.12666666666667	197.36	196.44666666666666	196.00666666666666	195.70666666666668	195.17333333333335	193.42666666666668	192.96666666666667	191.91333333333333	190.56	189.14	188.20666666666668	186.84666666666666	185.37333333333333	183.80666666666667	181.74666666666667	180.5	178.28666666666666	176.16666666666666	173.06	170.02666666666667	166.98666666666668	162.90666666666667	158.04666666666665	152.52	144.69333333333333	134.71333333333334	118.12	0.0
0.0	118.36	134.39333333333335	144.48	151.79333333333332	157.92	162.38	166.36666666666667	169.55333333333334	172.0	174.94666666666666	178.29333333333332	180.39333333333335	182.06	183.53333333333333	185.08	187.14666666666668	188.69333333333333	189.66	190.57333333333332	191.76	193.07333333333332	194.24666666666667	194.17333333333335	194.56	195.81333333333333	196.20666666666668	196.54666666666665	197.12	197.52666666666667	198.14	198.29333333333332	198.64	199.14666666666668	198.9	198.82	198.79333333333332	198.21333333333334	197.58	197.86	198.3	197.98666666666668	197.7	197.48666666666668	196.54	196.48	195.58	194.89333333333335	194.68	194.66	193.55333333333334	192.86666666666667	192.35333333333332	191.05333333333334	189.96666666666667	188.27333333333334	186.95333333333335	185.46666666666667	183.86	182.35333333333332	180.6	178.24	175.84	173.35333333333332	170.15333333333334	166.28666666666666	162.69333333333333	157.62666666666667	151.82666666666665	145.1	134.92666666666668	117.89333333333333	0.0
0.0	118.12666666666667	133.87333333333333	144.64666666666668	151.93333333333334	157.56	162.02666666666667	166.64666666666668	169.58	171.88666666666666	174.27333333333334	176.80666666666667	178.8	180.81333333333333	182.51333333333332	183.50666666666666	185.14666666666668	186.71333333333334	188.09333333333333	189.19333333333333	190.01333333333332	191.12	192.02	192.70666666666668	193.59333333333333	194.44666666666666	194.12	194.80666666666667	195.36	195.92	195.87333333333333	196.71333333333334	196.51333333333332	197.14	197.12666666666667	196.84	196.86	196.94	196.74	196.88	196.66	196.32666666666665	195.97333333333333	195.77333333333334	195.65333333333334	195.66	194.94	194.13333333333333	193.57333333333332	193.54666666666665	192.86666666666667	192.14666666666668	190.96666666666667	190.36666666666667	189.27333333333334	187.71333333333334	186.28	184.89333333333335	183.50666666666666	181.08666666666667	179.19333333333333	177.15333333333334	174.36	171.72	168.62666666666667	165.88666666666666	162.25333333333333	157.85333333333332	151.76666666666668	144.51333333333332	134.5	117.86	0.0
0.0	117.76666666666667	134.95333333333335	144.94666666666666	151.96666666666667	158.09333333333333	163.00666666666666	166.67333333333335	170.12666666666667	172.72666666666666	174.74	177.81333333333333	179.48	181.88666666666666	182.93333333333334	185.02	186.43333333333334	187.45333333333335	188.88	189.84666666666666	190.84	191.54	193.16	193.88	193.71333333333334	195.1	195.72666666666666	196.19333333333333	197.24666666666667	197.34	197.77333333333334	198.26666666666668	198.40666666666667	198.16	198.71333333333334	199.12666666666667	198.86	198.90666666666667	198.54	198.94666666666666	198.30666666666667	198.56	198.25333333333333	198.34	197.72	197.26	196.68	196.10666666666665	195.9	194.99333333333334	194.66	193.09333333333333	192.19333333333333	190.92	189.84666666666666	188.34666666666666	187.25333333333333	186.06	184.62666666666667	182.48666666666668	181.22666666666666	179.04	176.72666666666666	173.55333333333334	170.95333333333335	167.33333333333334	163.2	158.54	152.7	145.29333333333332	134.69333333333333	118.27333333333333	0.0
0.0	118.12	135.33333333333334	144.96	151.99333333333334	157.97333333333333	162.26666666666668	166.32	170.41333333333333	172.7	175.49333333333334	177.8	180.12	181.54	183.93333333333334	186.0	187.06666666666666	188.51333333333332	189.54666666666665	190.98	191.84666666666666	192.28	192.96	193.45333333333335	193.77333333333334	195.12	195.28666666666666	195.62666666666667	195.81333333333333	197.18	197.65333333333334	198.02	198.16	198.09333333333333	197.92	198.12	197.96666666666667	197.76	197.78666666666666	197.47333333333333	197.78	196.83333333333334	197.18	196.65333333333334	196.85333333333332	196.25333333333333	195.98666666666668	195.62	194.52	193.1	192.39333333333335	191.54	190.41333333333333	189.99333333333334	188.72	187.40666666666667	186.60666666666665	185.28666666666666	183.66666666666666	181.72666666666666	179.68666666666667	177.81333333333333	175.61333333333334	172.88	169.64	166.06	162.62	157.91333333333333	152.54	145.12666666666667	134.64	118.1	0.0
0.0	117.67333333333333	134.84	144.68666666666667	152.18	157.89333333333335	162.55333333333334	166.06	169.95333333333335	173.08666666666667	175.67333333333335	177.02666666666667	179.13333333333333	181.48666666666668	183.8	185.04666666666665	185.99333333333334	187.26666666666668	187.89333333333335	189.86	190.38666666666666	191.17333333333335	191.97333333333333	192.78	193.78666666666666	194.48666666666668	195.16	195.72	195.77333333333334	196.41333333333333	196.93333333333334	197.60666666666665	197.92	198.18	198.22666666666666	198.5	197.92	197.82	197.78	197.89333333333335	197.62666666666667	197.8	197.65333333333334	197.12	196.92666666666668	196.42	195.67333333333335	194.96666666666667	194.54	193.38666666666666	192.29333333333332	191.47333333333333	190.74	189.70666666666668	188.66	187.41333333333333	186.3	184.72666666666666	182.90666666666667	181.40666666666667	179.04	177.07333333333332	175.2	172.69333333333333	169.66	165.98666666666668	162.18	157.40666666666667	151.88	144.56	134.14	117.84666666666666	0.0
0.0	118.21333333333334	135.02666666666667	144.88666666666666	152.12	157.87333333333333	161.89333333333335	165.45333333333335	169.58	172.6	175.09333333333333	177.54	180.00666666666666	181.36	183.66	185.39333333333335	186.88	187.28	189.05333333333334	189.56666666666666	190.51333333333332	192.18	193.16	193.25333333333333	194.32666666666665	195.08	195.18	195.52666666666667	195.67333333333335	195.96	196.31333333333333	197.32	197.33333333333334	197.86	198.05333333333334	197.66666666666666	198.36	198.67333333333335	197.92666666666668	198.20666666666668	197.55333333333334	196.91333333333333	197.04666666666665	196.44	196.56	195.56666666666666	195.56	194.90666666666667	194.18666666666667	193.23333333333332	192.24	190.72	189.56	188.95333333333335	188.72666666666666	186.8	184.99333333333334	183.86666666666667	182.43333333333334	180.07333333333332	178.28666666666666	176.52666666666667	174.74666666666667	171.75333333333333	168.13333333333333	165.71333333333334	162.02666666666667	157.39333333333335	152.18	145.08666666666667	135.27333333333334	118.28	0.0
0.0	117.89333333333333	134.44	144.69333333333333	152.08666666666667	157.82666666666665	162.26666666666668	166.01333333333332	169.93333333333334	172.38666666666666	175.07333333333332	177.27333333333334	179.88666666666666	181.55333333333334	183.86	184.96	186.78666666666666	188.41333333333333	189.3	190.01333333333332	191.38	192.34666666666666	192.53333333333333	193.70666666666668	194.57333333333332	195.06	195.34	196.02666666666667	195.86	197.02666666666667	196.40666666666667	197.42666666666668	197.48666666666668	197.34666666666666	197.65333333333334	197.7	197.68666666666667	197.42666666666668	197.81333333333333	197.91333333333333	197.57333333333332	197.88	197.33333333333334	196.43333333333334	196.08666666666667	195.86	195.2	194.13333333333333	193.80666666666667	193.08	192.51333333333332	191.63333333333333	190.71333333333334	189.74	188.08666666666667	186.34666666666666	185.63333333333333	184.53333333333333	182.84	181.14666666666668	179.43333333333334	177.44666666666666	175.16	172.53333333333333	168.97333333333333	165.94	162.57333333333332	157.78666666666666	152.48	145.42	134.73333333333332	118.32	0.0
0.0	117.68	134.56	144.36	151.44666666666666	157.28666666666666	161.76	165.97333333333333	169.63333333333333	172.11333333333334	174.47333333333333	176.62666666666667	178.48	180.35333333333332	181.90666666666667	183.56	185.19333333333333	186.12666666666667	187.7	189.02	189.88666666666666	190.94	191.26666666666668	191.98666666666668	192.8	193.00666666666666	193.5	194.23333333333332	195.18	195.34	196.25333333333333	196.06666666666666	196.14	196.62	196.56666666666666	197.04666666666665	197.36666666666667	197.32666666666665	196.76666666666668	196.98	196.66	196.73333333333332	196.39333333333335	196.44	195.84666666666666	195.03333333333333	194.30666666666667	193.92666666666668	192.82666666666665	192.65333333333334	191.61333333333334	191.24	190.24666666666667	189.23333333333332	188.25333333333333	186.63333333333333	185.2	183.93333333333334	182.7	181.24	179.24666666666667	177.28666666666666	175.18666666666667	172.8	169.76	165.94	161.33333333333334	157.44	151.88666666666666	144.72	134.44	118.22	0.0
0.0	118.07333333333334	134.36666666666667	144.86	152.36	157.62	162.40666666666667	165.99333333333334	169.98	172.41333333333333	174.8	177.46666666666667	179.46	181.3	183.18	184.11333333333334	185.56666666666666	186.86666666666667	188.2	190.08666666666667	191.04	191.66666666666666	192.44	193.55333333333334	193.88	195.29333333333332	195.37333333333333	195.89333333333335	196.07333333333332	196.87333333333333	197.09333333333333	197.65333333333334	197.88666666666666	197.86	198.22666666666666	198.14	197.91333333333333	198.18	198.34	197.94666666666666	197.43333333333334	197.61333333333334	197.23333333333332	196.56	196.08	195.39333333333335	195.41333333333333	194.78666666666666	193.42666666666668	192.78	191.6	190.84	190.19333333333333	189.16666666666666	188.24666666666667	187.06666666666666	186.06666666666666	183.95333333333335	182.64666666666668	181.17333333333335	178.95333333333335	177.49333333333334	175.06	172.58	169.94666666666666	166.19333333333333	162.44	157.98	151.74	144.73333333333332	134.38666666666666	118.29333333333334	0.0
0.0	118.06	134.02666666666667	144.22	151.34	157.04	161.60666666666665	165.96666666666667	168.82666666666665	171.88	175.2	177.62	179.62666666666667	181.51333333333332	182.62	184.54666666666665	186.30666666666667	187.24	188.91333333333333	189.59333333333333	190.6	191.34	191.75333333333333	192.96	193.13333333333333	193.89333333333335	194.88	195.48	196.15333333333334	196.43333333333334	196.34666666666666	197.24666666666667	197.71333333333334	197.49333333333334	198.1	197.84	197.74	197.96	197.82	197.39333333333335	196.88666666666666	196.34	195.8	195.91333333333333	196.25333333333333	195.52	194.63333333333333	193.80666666666667	193.08	192.22	192.14	191.82	190.57333333333332	189.84	187.84666666666666	186.98	185.58666666666667	184.53333333333333	182.98666666666668	180.96666666666667	178.55333333333334	177.06	174.58666666666667	172.1	169.08	165.64	162.06666666666666	156.76	151.48	144.18666666666667	133.94	117.46666666666667	0.0
0.0	118.46	134.82666666666665	144.94	152.26666666666668	158.18666666666667	162.43333333333334	166.45333333333335	169.96	172.66	175.91333333333333	178.60666666666665	180.18	182.04	183.87333333333333	185.30666666666667	187.3	188.78	189.69333333333333	190.48	191.46	192.48	193.36666666666667	194.17333333333335	195.04666666666665	195.54	196.09333333333333	196.26666666666668	197.11333333333334	197.64666666666668	197.81333333333333	198.41333333333333	198.78666666666666	199.12666666666667	199.10666666666665	199.12	199.56666666666666	199.24	198.80666666666667	198.78666666666666	198.83333333333334	198.41333333333333	198.31333333333333	198.14666666666668	197.66666666666666	197.52666666666667	196.48666666666668	195.73333333333332	195.11333333333334	194.06	193.53333333333333	192.02	191.50666666666666	189.92	188.57333333333332	187.81333333333333	186.58	185.63333333333333	183.54666666666665	181.97333333333333	179.69333333333333	177.81333333333333	175.56666666666666	172.98666666666668	170.36	165.98	162.29333333333332	157.89333333333335	151.71333333333334	145.09333333333333	134.56	118.32666666666667	0.0
0.0	118.41333333333333	134.7	144.7	151.51333333333332	157.62666666666667	162.12	166.60666666666665	169.30666666666667	172.71333333333334	175.03333333333333	177.34	179.72666666666666	181.70666666666668	183.66666666666666	185.0	186.86	187.67333333333335	188.44	189.73333333333332	190.74666666666667	191.92666666666668	192.66	193.82666666666665	193.8	194.52666666666667	194.82	195.34	196.12666666666667	195.93333333333334	196.50666666666666	197.60666666666665	197.54666666666665	197.54666666666665	197.35333333333332	197.48666666666668	197.71333333333334	197.61333333333334	198.4	198.51333333333332	198.48666666666668	197.91333333333333	198.1	197.31333333333333	196.48	196.64	195.86	195.79333333333332	194.56	193.72666666666666	192.60666666666665	192.05333333333334	190.7	189.68666666666667	188.8	187.66	186.17333333333335	184.56	182.47333333333333	181.11333333333334	179.3	177.84666666666666	175.53333333333333	172.69333333333333	169.56666666666666	166.04	161.78666666666666	157.73333333333332	151.47333333333333	144.46666666666667	134.54666666666665	118.40666666666667	0.0
0.0	117.96	134.03333333333333	144.43333333333334	151.66666666666666	157.59333333333333	161.46666666666667	165.36666666666667	169.20666666666668	172.5	175.11333333333334	177.14	179.12666666666667	180.5	182.58	184.32	185.56666666666666	187.14666666666668	188.49333333333334	190.22666666666666	191.07333333333332	191.8	193.39333333333335	193.93333333333334	194.39333333333335	194.56666666666666	195.4	195.37333333333333	195.72	196.58666666666667	197.4	197.5	197.77333333333334	197.56	197.92666666666668	197.63333333333333	197.88	197.83333333333334	197.7	197.72666666666666	197.25333333333333	197.15333333333334	197.03333333333333	196.82	196.62	196.34666666666666	195.72666666666666	194.96666666666667	194.75333333333333	193.58666666666667	192.78	191.1	190.26	189.14	188.03333333333333	186.43333333333334	185.88	184.38666666666666	183.02	181.22666666666666	178.5	177.16666666666666	175.31333333333333	172.79333333333332	169.68666666666667	166.06666666666666	162.10666666666665	157.26666666666668	151.73333333333332	144.22666666666666	134.46666666666667	117.9	0.0
0.0	118.02	134.49333333333334	144.48666666666668	152.13333333333333	157.92666666666668	162.20666666666668	166.16	169.64666666666668	172.75333333333333	175.25333333333333	177.8	179.72666666666666	181.52	183.06	184.64	186.06666666666666	187.68	188.98666666666668	190.52	191.48666666666668	192.80666666666667	193.72	194.26	195.15333333333334	196.32	196.57333333333332	196.94	197.20666666666668	197.36666666666667	197.34666666666666	197.84	197.96666666666667	198.05333333333334	198.62	198.86	198.93333333333334	198.33333333333334	197.91333333333333	197.82666666666665	197.72	197.57333333333332	197.6	196.99333333333334	196.4	196.2	195.63333333333333	195.16	194.08666666666667	193.36	192.71333333333334	192.2	190.86	190.10666666666665	189.08	187.61333333333334	186.34666666666666	184.78	182.67333333333335	181.60666666666665	179.8	177.47333333333333	175.09333333333333	172.62666666666667	169.55333333333334	166.53333333333333	162.18	158.11333333333334	152.06666666666666	144.80666666666667	134.27333333333334	118.07333333333334	0.0
0.0	117.41333333333333	133.88	143.84666666666666	150.9	157.6	161.97333333333333	165.99333333333334	169.4	172.49333333333334	174.9	176.89333333333335	178.93333333333334	181.28	183.21333333333334	185.28666666666666	186.42666666666668	187.72666666666666	188.72666666666666	189.97333333333333	190.61333333333334	190.59333333333333	191.98666666666668	192.84	193.35333333333332	194.22	194.48666666666668	194.84666666666666	194.94	195.42	196.12666666666667	195.52	195.82	195.80666666666667	195.62	195.92	195.85333333333332	196.07333333333332	196.52	196.38666666666666	195.85333333333332	195.08666666666667	195.46	194.26666666666668	194.01333333333332	193.84666666666666	193.32666666666665	192.98666666666668	191.91333333333333	191.02	190.54	189.99333333333334	189.28	189.16	187.74	186.48666666666668	184.63333333333333	183.5	182.36666666666667	180.62	178.62	176.88666666666666	173.70666666666668	172.26	168.79333333333332	165.89333333333335	162.0	156.96666666666667	151.44666666666666	144.10666666666665	134.33333333333334	117.49333333333334	0.0
0.0	117.99333333333334	134.16	144.79333333333332	151.26	157.34	162.0	165.96	169.37333333333333	171.95333333333335	174.84666666666666	177.95333333333335	180.07333333333332	182.50666666666666	183.89333333333335	185.0	186.45333333333335	187.68	189.34	190.11333333333334	190.85333333333332	192.16666666666666	192.79333333333332	193.89333333333335	194.50666666666666	194.69333333333333	195.40666666666667	195.79333333333332	197.08	196.74666666666667	197.38666666666666	197.17333333333335	197.88666666666666	197.92666666666668	197.87333333333333	197.64	197.78666666666666	198.17333333333335	198.13333333333333	197.54	196.81333333333333	196.32666666666665	196.32666666666665	195.87333333333333	195.40666666666667	195.56666666666666	195.06666666666666	195.22666666666666	193.99333333333334	192.74	192.38666666666666	191.74666666666667	190.87333333333333	189.86	188.91333333333333	188.17333333333335	186.31333333333333	184.84666666666666	183.68666666666667	181.43333333333334	179.62	177.56	175.13333333333333	173.15333333333334	169.84	166.69333333333333	162.81333333333333	157.96666666666667	152.02666666666667	144.78666666666666	133.88	117.55333333333333	0.0
0.0	118.09333333333333	134.09333333333333	144.68	151.81333333333333	158.05333333333334	162.06666666666666	165.44666666666666	169.84666666666666	172.66	175.29333333333332	177.65333333333334	179.28666666666666	181.51333333333332	183.18	184.59333333333333	186.07333333333332	188.14666666666668	189.32	190.42666666666668	191.12666666666667	192.53333333333333	194.29333333333332	194.4	194.6	195.41333333333333	195.81333333333333	196.86	196.70666666666668	197.04	197.63333333333333	198.34666666666666	197.61333333333334	198.20666666666668	199.55333333333334	199.31333333333333	198.8	198.74666666666667	198.64	198.18666666666667	198.3	198.11333333333334	197.68	197.46666666666667	197.23333333333332	196.5	195.52	195.42	194.15333333333334	193.29333333333332	192.82666666666665	192.20666666666668	191.3	190.92	188.95333333333335	188.02	185.98	185.3	183.44	181.46	179.24	177.72666666666666	175.84666666666666	172.82	169.63333333333333	166.31333333333333	162.31333333333333	157.68666666666667	152.09333333333333	144.04666666666665	134.22666666666666	117.7	0.0
0.0	117.95333333333333	134.46	145.07333333333332	152.44666666666666	157.89333333333335	162.16	166.8	169.74666666666667	173.08666666666667	175.72666666666666	178.40666666666667	179.58666666666667	182.14	183.96666666666667	184.96	186.06666666666666	188.04666666666665	189.68	190.12666666666667	191.25333333333333	192.36666666666667	193.24666666666667	194.26666666666668	194.63333333333333	195.61333333333334	195.88	196.10666666666665	196.12666666666667	196.46	197.12	197.42666666666668	197.65333333333334	197.94666666666666	198.16666666666666	197.82666666666665	198.07333333333332	198.46666666666667	198.08666666666667	197.57333333333332	198.58	197.85333333333332	197.23333333333332	196.84666666666666	196.46	196.07333333333332	195.68	195.02666666666667	193.90666666666667	193.53333333333333	192.82	191.81333333333333	190.82	190.09333333333333	188.86666666666667	187.93333333333334	186.42	184.55333333333334	183.93333333333334	182.03333333333333	179.63333333333333	177.88666666666666	175.43333333333334	172.74	169.57333333333332	166.02666666666667	162.66	158.21333333333334	152.34666666666666	144.5	134.4	117.84666666666666	0.0
0.0	118.48666666666666	135.00666666666666	145.13333333333333	151.82666666666665	157.8	162.3	166.10666666666665	169.31333333333333	172.16666666666666	175.31333333333333	177.02	179.48	181.46	183.10666666666665	184.32	185.92	187.23333333333332	188.37333333333333	189.48	190.78666666666666	191.79333333333332	192.56	193.34666666666666	194.28	194.34	194.96666666666667	195.60666666666665	195.74666666666667	196.18666666666667	196.50666666666666	196.81333333333333	196.31333333333333	197.12666666666667	197.93333333333334	197.44666666666666	197.64666666666668	197.74	197.66666666666666	196.90666666666667	196.7	197.25333333333333	196.92666666666668	196.48666666666668	195.53333333333333	194.8	194.63333333333333	193.87333333333333	193.50666666666666	192.77333333333334	192.04666666666665	191.47333333333333	190.44	189.04	188.35333333333332	186.74666666666667	185.72	184.27333333333334	183.34666666666666	181.76666666666668	179.52	177.11333333333334	174.09333333333333	171.49333333333334	169.31333333333333	165.92666666666668	161.89333333333335	156.66666666666666	151.50666666666666	144.53333333333333	134.25333333333333	117.73333333333333	0.0
0.0	117.78	134.15333333333334	144.78	151.78	157.63333333333333	162.55333333333334	166.33333333333334	169.42	172.67333333333335	175.27333333333334	177.44666666666666	179.48666666666668	181.45333333333335	182.82666666666665	184.6	185.72	187.03333333333333	188.20666666666668	188.89333333333335	190.50666666666666	191.33333333333334	192.24	193.34666666666666	193.66666666666666	194.91333333333333	195.37333333333333	196.22	196.04666666666665	196.61333333333334	196.96666666666667	197.59333333333333	197.25333333333333	197.02	197.06	197.48	197.22	196.88666666666666	196.74666666666667	196.80666666666667	197.14	197.12666666666667	196.67333333333335	196.21333333333334	196.50666666666666	195.45333333333335	195.54666666666665	194.20666666666668	193.12	192.32666666666665	191.28	190.80666666666667	189.76666666666668	189.02666666666667	187.53333333333333	187.02	185.66666666666666	184.28	182.86666666666667	180.96	179.1	177.21333333333334	175.17333333333335	172.41333333333333	168.80666666666667	166.46	162.23333333333332	157.7	152.06666666666666	144.4	134.43333333333334	118.28666666666666	0.0
0.0	117.85333333333334	134.64666666666668	145.18	152.54	157.24666666666667	161.43333333333334	165.78666666666666	169.26	171.80666666666667	174.07333333333332	176.67333333333335	178.86666666666667	180.9	182.39333333333335	183.97333333333333	185.28666666666666	186.66	187.7	188.59333333333333	190.08666666666667	190.37333333333333	190.96666666666667	192.13333333333333	193.46	194.04666666666665	194.86666666666667	195.55333333333334	196.2	196.14	197.17333333333335	197.90666666666667	198.04666666666665	197.96	198.15333333333334	198.36	198.20666666666668	197.95333333333335	198.30666666666667	197.76	197.72	197.68	197.20666666666668	197.32	196.23333333333332	196.43333333333334	195.92	195.34666666666666	194.14	193.29333333333332	192.15333333333334	191.66	190.32666666666665	189.24666666666667	188.79333333333332	187.50666666666666	186.07333333333332	185.16	183.20666666666668	182.03333333333333	180.04666666666665	177.51333333333332	175.4	173.79333333333332	170.20666666666668	166.67333333333335	163.39333333333335	158.04666666666665	152.52666666666667	145.08666666666667	134.88666666666666	118.28666666666666	0.0
0.0	118.28	134.38666666666666	144.05333333333334	152.05333333333334	158.17333333333335	162.66666666666666	166.08666666666667	169.38	172.46666666666667	175.11333333333334	177.33333333333334	179.34	181.14	182.62666666666667	184.44	186.33333333333334	186.72666666666666	188.0	189.13333333333333	190.49333333333334	191.36	192.55333333333334	193.4	194.06666666666666	194.31333333333333	195.03333333333333	195.44666666666666	195.9	196.32	196.75333333333333	196.84	197.26666666666668	196.86666666666667	196.57333333333332	196.36666666666667	197.28	197.42666666666668	197.63333333333333	196.94	197.01333333333332	196.52666666666667	196.12666666666667	195.78666666666666	195.80666666666667	195.02	194.89333333333335	194.59333333333333	193.88666666666666	193.35333333333332	192.93333333333334	191.96	190.16666666666666	189.58666666666667	188.45333333333335	187.64	186.38	185.19333333333333	183.2	182.09333333333333	180.24	177.48666666666668	175.40666666666667	172.84	169.66666666666666	165.61333333333334	162.0	157.60666666666665	151.89333333333335	144.49333333333334	134.55333333333334	118.24	0.0
0.0	117.96	134.73333333333332	144.75333333333333	151.90666666666667	157.65333333333334	162.18	166.0	169.14	171.67333333333335	175.07333333333332	177.37333333333333	179.44	181.50666666666666	184.14666666666668	184.88	186.87333333333333	187.8	189.03333333333333	190.29333333333332	190.96	191.63333333333333	192.62	193.77333333333334	194.32	194.76	195.54	196.19333333333333	196.52	196.72	197.53333333333333	196.94	197.42666666666668	197.75333333333333	197.64	197.66	197.72666666666666	197.99333333333334	197.92	198.09333333333333	197.44	197.99333333333334	197.18666666666667	196.46	195.72666666666666	195.32666666666665	195.05333333333334	194.02	193.11333333333334	192.99333333333334	192.38666666666666	191.64666666666668	191.04666666666665	189.59333333333333	188.98666666666668	187.73333333333332	186.19333333333333	185.32666666666665	183.07333333333332	181.51333333333332	179.7	177.85333333333332	175.04666666666665	173.29333333333332	170.18	166.75333333333333	162.62666666666667	157.66666666666666	152.26666666666668	144.98	134.52666666666667	118.18666666666667	0.0
0.0	118.0	134.24666666666667	144.20666666666668	152.07333333333332	157.68666666666667	162.89333333333335	167.22666666666666	169.96666666666667	172.72666666666666	175.54	178.40666666666667	180.30666666666667	181.71333333333334	183.65333333333334	185.23333333333332	186.50666666666666	188.15333333333334	189.33333333333334	190.38	191.58	192.18	193.28666666666666	193.85333333333332	194.29333333333332	195.32	195.89333333333335	196.73333333333332	196.96	196.96666666666667	197.68666666666667	197.43333333333334	197.96666666666667	197.66	198.29333333333332	198.18666666666667	198.43333333333334	198.43333333333334	197.96	197.86	197.64	196.88666666666666	197.17333333333335	196.71333333333334	195.56666666666666	195.42	195.07333333333332	194.74666666666667	194.37333333333333	192.78666666666666	191.80666666666667	191.26	190.03333333333333	188.93333333333334	188.16	187.22666666666666	186.12	184.47333333333333	182.26	181.24666666666667	179.16666666666666	177.19333333333333	175.24666666666667	172.61333333333334	169.58	166.22	161.85333333333332	157.24	151.66666666666666	144.12666666666667	134.17333333333335	117.87333333333333	0.0
0.0	117.58	134.08	144.49333333333334	151.9	157.31333333333333	162.15333333333334	165.8	169.62666666666667	172.69333333333333	175.02	177.53333333333333	179.46	181.7	183.78666666666666	185.08666666666667	186.15333333333334	187.94	188.22	189.96666666666667	191.33333333333334	191.63333333333333	192.34	192.6	193.65333333333334	194.12666666666667	194.97333333333333	195.62	196.34666666666666	196.77333333333334	196.52	197.23333333333332	196.57333333333332	197.28666666666666	198.36	198.20666666666668	198.30666666666667	197.73333333333332	197.48	197.54	197.04	196.90666666666667	196.83333333333334	196.9	196.78666666666666	195.68666666666667	195.32666666666665	195.18	194.3	193.19333333333333	192.42666666666668	191.86	190.9	189.28	188.54	186.86666666666667	186.02	184.46666666666667	183.08	181.34	179.6	177.92666666666668	175.27333333333334	173.11333333333334	169.81333333333333	165.96	162.22	157.15333333333334	151.45333333333335	144.96	134.86666666666667	117.72	0.0
0.0	118.04666666666667	134.94	144.87333333333333	152.34666666666666	158.50666666666666	163.12	166.22	169.78	173.18	175.96	178.56	180.26	181.66666666666666	183.62666666666667	184.74	186.74	187.02666666666667	188.72	190.46	191.16666666666666	192.04	193.09333333333333	193.98666666666668	194.39333333333335	195.22	195.83333333333334	196.05333333333334	195.93333333333334	196.44	197.00666666666666	197.02666666666667	197.31333333333333	197.22	197.0	198.04666666666665	198.17333333333335	198.40666666666667	197.97333333333333	198.70666666666668	198.88666666666666	198.50666666666666	198.11333333333334	196.9	197.82666666666665	197.22	196.53333333333333	195.68	195.18	194.58666666666667	193.36	192.82	192.16	190.68666666666667	188.7	188.04	186.78	185.14666666666668	184.05333333333334	181.91333333333333	180.59333333333333	178.33333333333334	176.41333333333333	173.66	170.50666666666666	166.64	162.85333333333332	157.96666666666667	151.64	144.62	134.38666666666666	118.06	0.0
0.0	118.04666666666667	134.12	144.74666666666667	152.12	158.06	162.23333333333332	166.35333333333332	169.7	172.56	174.98666666666668	177.49333333333334	179.80666666666667	182.02	183.7	184.99333333333334	186.68666666666667	187.97333333333333	189.01333333333332	190.04666666666665	191.60666666666665	192.22	192.64	194.1	194.82666666666665	195.42666666666668	196.53333333333333	196.88	196.96666666666667	197.15333333333334	197.95333333333335	198.28666666666666	198.22666666666666	197.98666666666668	198.16666666666666	198.57333333333332	198.40666666666667	198.63333333333333	198.54	198.63333333333333	198.74	198.32	197.66	197.36	196.54	196.56666666666666	195.88666666666666	195.22666666666666	194.49333333333334	193.72666666666666	192.76	191.98	191.06	189.76	188.8	187.17333333333335	186.12	184.96666666666667	182.98	181.71333333333334	179.66666666666666	178.0	175.05333333333334	172.73333333333332	169.62666666666667	165.62666666666667	162.25333333333333	157.86	152.18666666666667	144.79333333333332	134.06666666666666	117.61333333333333	0.0
0.0	118.42666666666666	134.98	144.57333333333332	152.24	158.24666666666667	163.06666666666666	166.54666666666665	170.1	173.5	175.96666666666667	178.04666666666665	180.0	182.02666666666667	183.46	185.38666666666666	186.98	188.60666666666665	189.30666666666667	190.23333333333332	191.66	192.45333333333335	193.51333333333332	194.06666666666666	194.52	195.08	195.52	196.22666666666666	196.76	197.39333333333335	197.68	197.62666666666667	197.74666666666667	198.41333333333333	198.08666666666667	198.86666666666667	198.10666666666665	198.43333333333334	199.08	198.74666666666667	198.92666666666668	198.5	198.04	197.14666666666668	196.8	195.94	195.82	195.36666666666667	194.23333333333332	193.73333333333332	193.18666666666667	192.82666666666665	191.68666666666667	191.27333333333334	189.72666666666666	188.66	187.31333333333333	185.62	183.62	181.80666666666667	179.61333333333334	178.16666666666666	175.55333333333334	173.35333333333332	170.22666666666666	166.14666666666668	162.44	157.73333333333332	152.18	145.03333333333333	134.66	118.03333333333333	0.0
0.0	118.65333333333334	134.59333333333333	144.83333333333334	152.22	158.48	162.84	167.32	170.50666666666666	173.36	176.32666666666665	178.45333333333335	180.28	182.44666666666666	184.12666666666667	185.88	187.02	187.84	188.88666666666666	189.92666666666668	191.47333333333333	192.42	192.94	193.50666666666666	193.92	195.38	195.7	196.44	196.8	197.03333333333333	197.06666666666666	197.80666666666667	197.79333333333332	198.22666666666666	197.77333333333334	197.71333333333334	197.79333333333332	197.80666666666667	197.8	197.81333333333333	197.98666666666668	197.58666666666667	198.11333333333334	197.0	197.14666666666668	197.13333333333333	196.27333333333334	195.24666666666667	194.15333333333334	193.74666666666667	192.77333333333334	192.04666666666665	191.42666666666668	190.5	189.25333333333333	187.94	186.72	186.07333333333332	183.72	182.61333333333334	180.14666666666668	178.34	176.46	173.96	170.70666666666668	167.44666666666666	162.61333333333334	158.74666666666667	152.89333333333335	145.12	134.63333333333333	118.03333333333333	0.0
0.0	118.00666666666666	134.57333333333332	144.66666666666666	151.37333333333333	157.20666666666668	161.91333333333333	165.80666666666667	169.36	172.68666666666667	174.87333333333333	177.39333333333335	179.19333333333333	181.43333333333334	183.34	184.56666666666666	186.29333333333332	187.74	189.24666666666667	189.91333333333333	191.20666666666668	192.40666666666667	193.28	193.91333333333333	194.08666666666667	195.28666666666666	195.31333333333333	195.85333333333332	196.4	197.03333333333333	197.44	197.92	198.06666666666666	197.77333333333334	198.12	198.2	197.77333333333334	198.22666666666666	197.48666666666668	197.65333333333334	197.33333333333334	197.28	197.08	196.23333333333332	196.18666666666667	195.4	195.01333333333332	194.46	193.98666666666668	193.88666666666666	193.12666666666667	191.43333333333334	191.10666666666665	190.4	188.49333333333334	187.71333333333334	186.56666666666666	185.23333333333332	183.32666666666665	181.23333333333332	179.50666666666666	176.98666666666668	174.67333333333335	172.5	169.50666666666666	166.54666666666665	162.01333333333332	157.00666666666666	151.35333333333332	144.18666666666667	134.55333333333334	117.96666666666667	0.0
0.0	118.12666666666667	134.21333333333334	144.59333333333333	151.97333333333333	157.39333333333335	162.0	165.77333333333334	168.79333333333332	171.56	173.82666666666665	176.6	178.36	180.77333333333334	182.46666666666667	184.27333333333334	185.96666666666667	187.42666666666668	188.74	190.02666666666667	190.6	191.47333333333333	192.74666666666667	192.96666666666667	193.45333333333335	193.67333333333335	194.88	194.89333333333335	195.52	196.38666666666666	196.42	196.62	197.41333333333333	197.27333333333334	197.86	198.5	198.22666666666666	198.34666666666666	198.78666666666666	197.94666666666666	198.14666666666668	197.74	197.09333333333333	197.14	196.01333333333332	195.76	195.61333333333334	194.62	194.3	193.3	192.58	191.82666666666665	190.6	189.77333333333334	188.52	187.16	184.93333333333334	183.96	182.9	181.67333333333335	179.92666666666668	177.43333333333334	175.01333333333332	171.84666666666666	169.86666666666667	165.78666666666666	161.13333333333333	156.88	151.38666666666666	144.13333333333333	134.05333333333334	118.02	0.0
0.0	117.99333333333334	134.64666666666668	145.36666666666667	152.22	157.8	162.86	166.40666666666667	170.16	172.79333333333332	175.44	177.84	180.29333333333332	182.06666666666666	183.80666666666667	184.91333333333333	186.33333333333334	188.28	189.14	190.19333333333333	191.58666666666667	191.89333333333335	193.43333333333334	194.02666666666667	194.55333333333334	195.64666666666668	196.08	197.22666666666666	197.96666666666667	198.19333333333333	198.09333333333333	198.50666666666666	198.34	198.41333333333333	198.35333333333332	199.06666666666666	198.32666666666665	198.37333333333333	198.50666666666666	198.82666666666665	198.68666666666667	198.67333333333335	198.78	198.11333333333334	197.28	196.86666666666667	196.47333333333333	196.16	195.92	195.10666666666665	194.18	192.8	191.40666666666667	190.44666666666666	189.67333333333335	188.56666666666666	186.22666666666666	184.92	183.7	182.02666666666667	179.52666666666667	178.07333333333332	175.46	173.05333333333334	169.76	166.17333333333335	162.51333333333332	157.94	152.16666666666666	145.32	134.5	118.18	0.0
0.0	117.82666666666667	133.89333333333335	145.18	152.37333333333333	158.61333333333334	162.86666666666667	166.66666666666666	169.66	173.02	175.48	178.04	180.02	182.1	183.8	185.76666666666668	186.90666666666667	187.82666666666665	189.25333333333333	190.18	190.9	191.92	192.70666666666668	193.06666666666666	194.24	194.55333333333334	195.38	195.74666666666667	196.19333333333333	196.41333333333333	195.88	196.34666666666666	196.84	196.98	197.08	197.08666666666667	197.51333333333332	197.52	196.62666666666667	196.74666666666667	196.32666666666665	196.19333333333333	196.43333333333334	196.19333333333333	196.20666666666668	195.56666666666666	195.2	193.4	193.32	192.85333333333332	191.62666666666667	191.08	190.15333333333334	188.93333333333334	187.92	186.58	185.28	184.52666666666667	182.80666666666667	181.08666666666667	179.63333333333333	177.80666666666667	175.18	172.52666666666667	169.86	165.56666666666666	162.42	157.82	152.45333333333335	144.94666666666666	134.64666666666668	117.9	0.0
0.0	117.98666666666666	134.78	145.23333333333332	152.65333333333334	157.96	162.74666666666667	166.52666666666667	170.01333333333332	172.54	175.26666666666668	177.68	179.59333333333333	181.95333333333335	183.55333333333334	184.92666666666668	185.92	187.32666666666665	188.57333333333332	190.01333333333332	191.18666666666667	191.64666666666668	192.64	193.26666666666668	193.9	194.8	194.96666666666667	195.84666666666666	196.03333333333333	196.32	196.56666666666666	196.85333333333332	197.51333333333332	197.18666666666667	197.90666666666667	198.33333333333334	198.07333333333332	198.96	198.58666666666667	198.41333333333333	198.38666666666666	197.8	197.6	197.28666666666666	196.93333333333334	196.46666666666667	195.68666666666667	195.14	193.85333333333332	193.36666666666667	192.16	191.21333333333334	191.02	189.85333333333332	188.62	187.61333333333334	186.88666666666666	184.98666666666668	183.8	182.24	180.50666666666666	177.97333333333333	174.96	172.42666666666668	170.01333333333332	165.98	161.81333333333333	157.1	152.16	144.93333333333334	134.90666666666667	117.92666666666666	0.0
0.0	118.05333333333333	135.09333333333333	144.88	152.55333333333334	158.60666666666665	163.55333333333334	166.73333333333332	169.89333333333335	172.94	176.49333333333334	178.88	180.66	183.10666666666665	184.67333333333335	186.54	187.72666666666666	189.45333333333335	190.41333333333333	191.26666666666668	191.86666666666667	192.34	193.56	194.36666666666667	194.5	195.36	194.98666666666668	195.56666666666666	196.61333333333334	196.22666666666666	196.95333333333335	196.65333333333334	197.15333333333334	197.44666666666666	198.01333333333332	198.08666666666667	197.68666666666667	197.59333333333333	197.37333333333333	197.26666666666668	196.76	196.92666666666668	196.48	196.36	196.22666666666666	196.58666666666667	195.47333333333333	195.08666666666667	194.4	194.16	193.51333333333332	192.64666666666668	191.82666666666665	191.15333333333334	189.38666666666666	188.17333333333335	187.1	185.24	183.60666666666665	181.67333333333335	180.0	177.48	175.2	172.9	169.97333333333333	166.75333333333333	162.65333333333334	158.04	152.13333333333333	144.3	134.84	118.44	0.0
0.0	117.66	134.3	144.79333333333332	152.52	157.00666666666666	162.22666666666666	166.37333333333333	169.98	172.42666666666668	174.97333333333333	177.58	179.24666666666667	181.60666666666665	183.22	184.54666666666665	186.13333333333333	187.17333333333335	188.54666666666665	189.73333333333332	190.74	190.94	191.68	192.64666666666668	193.62	193.91333333333333	194.38	194.25333333333333	194.97333333333333	195.45333333333335	195.37333333333333	196.18	196.68666666666667	196.83333333333334	196.38	197.18666666666667	197.20666666666668	198.03333333333333	197.76	197.81333333333333	197.63333333333333	197.3	196.61333333333334	196.56	195.94666666666666	195.59333333333333	194.35333333333332	193.86	193.1	192.36666666666667	191.66666666666666	191.08666666666667	190.55333333333334	189.74666666666667	188.14	187.32	185.77333333333334	184.52666666666667	182.88	180.96666666666667	178.54	177.34666666666666	175.22666666666666	172.66	169.78	166.74	162.22666666666666	157.54	151.79333333333332	144.87333333333333	134.28666666666666	118.0	0.0
0.0	117.74666666666667	134.15333333333334	144.13333333333333	151.7	157.21333333333334	162.1	166.27333333333334	169.84666666666666	172.20666666666668	174.85333333333332	177.23333333333332	179.79333333333332	181.5	183.78666666666666	184.9	186.34666666666666	187.39333333333335	188.65333333333334	189.96666666666667	190.60666666666665	191.96666666666667	191.99333333333334	192.98666666666668	194.07333333333332	194.77333333333334	194.54	195.90666666666667	196.14	196.14	196.48666666666668	196.46666666666667	197.09333333333333	197.16	197.57333333333332	197.86666666666667	197.36666666666667	197.16666666666666	197.57333333333332	197.5	197.11333333333334	196.90666666666667	196.62	196.14	195.82	195.20666666666668	194.58	194.07333333333332	193.91333333333333	193.35333333333332	193.05333333333334	191.42	191.06666666666666	189.48666666666668	188.85333333333332	187.45333333333335	185.72666666666666	184.28666666666666	183.25333333333333	181.06666666666666	178.80666666666667	176.9	174.68	172.64666666666668	169.54666666666665	165.52666666666667	161.56666666666666	157.24	152.04	144.62	134.94666666666666	118.22666666666667	0.0
0.0	118.08666666666667	134.32666666666665	144.74	152.50666666666666	157.66666666666666	163.1	166.48666666666668	168.98666666666668	172.27333333333334	175.03333333333333	177.04	179.22	180.98666666666668	182.96	183.99333333333334	185.42666666666668	187.73333333333332	189.02	190.25333333333333	191.46	192.67333333333335	193.60666666666665	194.09333333333333	194.16666666666666	194.88	196.16	196.26	196.68	197.24666666666667	197.39333333333335	198.06666666666666	198.28	197.90666666666667	197.97333333333333	198.47333333333333	198.56	198.39333333333335	198.30666666666667	198.24666666666667	198.26	197.34666666666666	197.87333333333333	197.14666666666668	197.50666666666666	196.67333333333335	196.39333333333335	195.72	194.91333333333333	193.96	193.05333333333334	192.31333333333333	191.72666666666666	190.6	189.4	187.84666666666666	187.22	185.88	184.48666666666668	182.83333333333334	180.88666666666666	178.22666666666666	175.99333333333334	173.46	170.42666666666668	166.54	162.84666666666666	158.39333333333335	151.95333333333335	144.74666666666667	134.84	117.67333333333333	0.0
0.0	118.32	134.45333333333335	144.85333333333332	152.18666666666667	157.45333333333335	162.98666666666668	166.63333333333333	169.75333333333333	173.12666666666667	175.28	177.84666666666666	180.24	182.34666666666666	183.71333333333334	184.85333333333332	186.42666666666668	188.19333333333333	189.14666666666668	189.94	191.14	191.76	192.99333333333334	194.03333333333333	195.03333333333333	195.6	195.90666666666667	196.7	197.14666666666668	197.62	197.75333333333333	198.04666666666665	198.42	198.45333333333335	198.44666666666666	198.43333333333334	198.5	198.54666666666665	198.33333333333334	198.48666666666668	197.71333333333334	197.55333333333334	197.07333333333332	197.02	196.2	195.74	195.48666666666668	195.39333333333335	194.68	193.99333333333334	193.24666666666667	192.43333333333334	191.59333333333333	190.66666666666666	189.70666666666668	187.78	185.77333333333334	184.68666666666667	183.18666666666667	181.16	179.14666666666668	176.84	174.86	172.50666666666666	169.64	165.68666666666667	162.12	157.18	151.79333333333332	144.83333333333334	134.26	118.29333333333334	0.0
0.0	118.36666666666666	134.24666666666667	144.56	151.18	157.00666666666666	161.53333333333333	165.97333333333333	168.92	171.63333333333333	173.91333333333333	176.54666666666665	179.8	181.31333333333333	183.40666666666667	184.34	185.5	186.86	188.1	189.42	190.26666666666668	191.04666666666665	191.90666666666667	192.50666666666666	193.44666666666666	193.82666666666665	194.99333333333334	195.38666666666666	195.96	196.26666666666668	196.94	196.64666666666668	198.02666666666667	197.31333333333333	196.92666666666668	197.42	197.75333333333333	197.77333333333334	198.29333333333332	197.92	198.12666666666667	197.54	197.16666666666666	196.99333333333334	196.98	196.02	195.67333333333335	194.72	194.07333333333332	193.53333333333333	192.73333333333332	191.92666666666668	190.9	189.76	188.80666666666667	187.17333333333335	186.18	184.54	183.31333333333333	180.96	179.37333333333333	177.35333333333332	174.97333333333333	172.8	169.88666666666666	166.14	161.74666666666667	157.5	152.01333333333332	144.72666666666666	134.14666666666668	118.06	0.0
0.0	118.28	135.04666666666665	145.03333333333333	152.54	158.29333333333332	162.63333333333333	166.26	169.52666666666667	172.59333333333333	175.39333333333335	177.24	179.27333333333334	180.97333333333333	183.42666666666668	185.36666666666667	186.76666666666668	188.05333333333334	189.04666666666665	190.11333333333334	190.94666666666666	192.46666666666667	193.48	194.42	194.76	195.52666666666667	195.94	195.92	196.12	197.01333333333332	197.71333333333334	198.12	197.75333333333333	197.88	198.71333333333334	198.2	198.33333333333334	198.01333333333332	198.38666666666666	198.76	197.59333333333333	197.56666666666666	197.48	196.90666666666667	196.72666666666666	196.32	196.0	195.57333333333332	194.94	194.27333333333334	192.99333333333334	192.58	191.64	190.12666666666667	189.57333333333332	188.20666666666668	186.7	185.32666666666665	183.86	181.62666666666667	179.91333333333333	177.46666666666667	175.42666666666668	172.84	169.94	166.05333333333334	162.71333333333334	157.80666666666667	151.78	144.86666666666667	134.31333333333333	118.3	0.0
0.0	117.92666666666666	133.87333333333333	144.03333333333333	151.77333333333334	157.56666666666666	162.18666666666667	166.34	169.58	173.12666666666667	175.40666666666667	178.16	180.02	181.69333333333333	183.32666666666665	185.56666666666666	186.74	187.8	189.54666666666665	190.10666666666665	190.89333333333335	192.04	193.12666666666667	193.59333333333333	193.99333333333334	194.65333333333334	195.07333333333332	195.87333333333333	195.95333333333335	196.94666666666666	197.68666666666667	197.3	197.78666666666666	198.22666666666666	198.48	198.77333333333334	198.31333333333333	198.54666666666665	198.3	197.83333333333334	197.34666666666666	197.33333333333334	197.24	197.02666666666667	196.34666666666666	195.93333333333334	195.43333333333334	195.17333333333335	193.72666666666666	193.88	193.2	191.79333333333332	190.47333333333333	189.68	188.60666666666665	187.19333333333333	185.36	184.33333333333334	182.82666666666665	181.44	179.7	177.83333333333334	175.34666666666666	172.68666666666667	169.78666666666666	166.45333333333335	162.66	157.67333333333335	152.37333333333333	144.91333333333333	135.14	118.65333333333334	0.0
0.0	118.17333333333333	134.46666666666667	144.52666666666667	152.34	158.11333333333334	162.58	166.14666666666668	169.93333333333334	173.20666666666668	175.9	178.01333333333332	179.76	181.58	183.23333333333332	184.91333333333333	185.93333333333334	187.41333333333333	189.28	190.5	191.70666666666668	192.62	193.94	194.37333333333333	194.65333333333334	196.02666666666667	195.72	196.13333333333333	196.32	197.16	196.78666666666666	197.5	197.82	198.34	198.24666666666667	198.9	198.27333333333334	197.63333333333333	197.58666666666667	197.48666666666668	197.08	197.32666666666665	197.29333333333332	196.2	195.57333333333332	195.21333333333334	194.87333333333333	193.7	193.48	193.18666666666667	191.55333333333334	191.76666666666668	191.06	189.85333333333332	188.22	186.89333333333335	185.94666666666666	184.65333333333334	182.93333333333334	181.57333333333332	179.38666666666666	177.62666666666667	175.22	173.29333333333332	170.32666666666665	166.24	162.06	157.35333333333332	152.26666666666668	144.65333333333334	134.17333333333335	117.71333333333334	0.0
0.0	117.77333333333333	134.37333333333333	144.2	151.44	157.23333333333332	162.5	166.08666666666667	169.09333333333333	172.57333333333332	175.30666666666667	177.54666666666665	179.56666666666666	181.63333333333333	183.44666666666666	184.96666666666667	187.27333333333334	187.8	189.61333333333334	190.73333333333332	191.90666666666667	192.37333333333333	193.28666666666666	193.81333333333333	194.81333333333333	195.44666666666666	195.86666666666667	196.84	197.05333333333334	197.20666666666668	197.83333333333334	198.31333333333333	198.97333333333333	198.72	199.11333333333334	199.18	198.8	198.86666666666667	198.98666666666668	197.83333333333334	198.38	198.08	197.65333333333334	197.43333333333334	197.00666666666666	196.99333333333334	195.94666666666666	195.92666666666668	195.2	193.86	192.86666666666667	192.25333333333333	190.80666666666667	190.26666666666668	188.87333333333333	187.64666666666668	186.90666666666667	185.06	183.46666666666667	182.37333333333333	180.48666666666668	178.00666666666666	175.75333333333333	172.82666666666665	169.78666666666666	166.33333333333334	162.21333333333334	157.06	151.41333333333333	144.08666666666667	134.28	118.06	0.0
0.0	118.1	134.22666666666666	144.41333333333333	151.6	157.00666666666666	161.86	166.18666666666667	168.83333333333334	171.9	174.23333333333332	177.3	179.09333333333333	180.67333333333335	182.95333333333335	184.36666666666667	186.12	187.05333333333334	188.53333333333333	189.65333333333334	190.84	191.65333333333334	192.7	192.8	193.57333333333332	194.66	195.08666666666667	196.19333333333333	196.6	196.90666666666667	197.28666666666666	197.58	197.58666666666667	197.71333333333334	197.62666666666667	197.52666666666667	197.32666666666665	197.33333333333334	197.34	197.56666666666666	197.20666666666668	196.97333333333333	196.86666666666667	195.99333333333334	195.7	194.93333333333334	194.14	194.15333333333334	193.20666666666668	192.66666666666666	191.98	191.14666666666668	190.59333333333333	188.97333333333333	188.49333333333334	186.82	185.83333333333334	183.97333333333333	182.78	181.0	178.96666666666667	176.87333333333333	174.68	172.18	169.31333333333333	166.46666666666667	162.51333333333332	157.25333333333333	151.86666666666667	144.65333333333334	134.74	118.02	0.0
0.0	117.99333333333334	134.76	145.24666666666667	151.95333333333335	157.91333333333333	162.46	166.32	170.26666666666668	172.47333333333333	175.06666666666666	177.42	179.71333333333334	181.8	183.90666666666667	185.52666666666667	186.68	188.12	189.96666666666667	190.62	192.12666666666667	193.04	193.84666666666666	194.31333333333333	195.06666666666666	195.37333333333333	196.17333333333335	197.07333333333332	197.09333333333333	197.52666666666667	198.09333333333333	198.66	199.04	199.09333333333333	199.81333333333333	199.72	199.60666666666665	199.85333333333332	199.79333333333332	199.69333333333333	199.40666666666667	198.8	198.54	198.60666666666665	198.6	197.4	197.03333333333333	195.84666666666666	195.56666666666666	194.53333333333333	193.94666666666666	192.9	192.27333333333334	190.7	190.34666666666666	188.46666666666667	187.44	185.72666666666666	184.34666666666666	182.15333333333334	180.34666666666666	178.0	175.49333333333334	172.49333333333334	169.61333333333334	166.32	162.36	157.40666666666667	152.0	144.8	134.69333333333333	118.2	0.0
0.0	118.03333333333333	134.4	144.09333333333333	151.64666666666668	157.62	162.04	165.91333333333333	168.95333333333335	172.03333333333333	174.68666666666667	177.36666666666667	179.35333333333332	181.44	182.85333333333332	184.68666666666667	186.05333333333334	187.07333333333332	188.2	189.93333333333334	190.72666666666666	191.6	192.24666666666667	193.18	193.84666666666666	194.54666666666665	194.54666666666665	194.76	195.68666666666667	195.84666666666666	196.0	196.92666666666668	196.92666666666668	197.22	196.88666666666666	196.32666666666665	196.42666666666668	196.92666666666668	197.1	196.75333333333333	196.76	196.60666666666665	196.22	196.2	196.29333333333332	195.87333333333333	194.92666666666668	194.80666666666667	194.44666666666666	193.61333333333334	192.80666666666667	191.9	190.82	189.98	189.29333333333332	188.44	186.62666666666667	184.8	182.73333333333332	181.32666666666665	179.67333333333335	177.52666666666667	175.07333333333332	172.64	169.24666666666667	165.76	161.94666666666666	156.61333333333334	151.70666666666668	143.89333333333335	134.35333333333332	117.69333333333333	0.0
0.0	117.94	134.22666666666666	144.74666666666667	152.22666666666666	157.62666666666667	162.26	166.12	169.42666666666668	173.12	175.53333333333333	177.92	180.14	181.32	183.26666666666668	184.33333333333334	186.42666666666668	187.24	188.94	190.2	190.48	191.62	192.43333333333334	193.29333333333332	193.66	194.27333333333334	195.53333333333333	195.95333333333335	196.39333333333335	196.11333333333334	196.78666666666666	197.16	196.69333333333333	197.43333333333334	197.53333333333333	197.29333333333332	197.08	197.62666666666667	197.28	197.46666666666667	196.94666666666666	197.16	196.88	196.66666666666666	196.30666666666667	196.09333333333333	195.47333333333333	194.65333333333334	193.90666666666667	193.33333333333334	193.19333333333333	192.52666666666667	191.42666666666668	189.73333333333332	188.50666666666666	187.46666666666667	186.39333333333335	184.92666666666668	183.34666666666666	181.53333333333333	179.68666666666667	177.57333333333332	175.77333333333334	172.92666666666668	170.04	166.67333333333335	162.38	157.72	151.72	144.63333333333333	134.02	117.39333333333333	0.0
0.0	117.96666666666667	134.4	145.06	152.14	158.31333333333333	163.10666666666665	166.66	170.44666666666666	173.04666666666665	175.54	177.60666666666665	180.15333333333334	181.27333333333334	183.48	185.38666666666666	186.76	188.08	188.94666666666666	190.28	191.39333333333335	191.88666666666666	192.94666666666666	193.54	195.04	195.42666666666668	196.44666666666666	196.30666666666667	196.23333333333332	196.54	196.46666666666667	197.04666666666665	197.25333333333333	197.76666666666668	197.51333333333332	197.9	197.37333333333333	197.77333333333334	197.60666666666665	197.28666666666666	196.68666666666667	196.32666666666665	196.12666666666667	195.99333333333334	195.47333333333333	194.9	194.24666666666667	193.98	193.40666666666667	192.81333333333333	192.59333333333333	191.54666666666665	190.52666666666667	189.36666666666667	188.62666666666667	187.34666666666666	185.79333333333332	184.70666666666668	183.59333333333333	181.84	179.64666666666668	177.82	175.39333333333335	171.98	169.51333333333332	166.05333333333334	162.19333333333333	157.84	151.74	145.04	134.56666666666666	118.34	0.0
0.0	118.16666666666667	134.18	144.17333333333335	151.35333333333332	157.29333333333332	162.4	165.96666666666667	169.59333333333333	172.21333333333334	175.16666666666666	177.36666666666667	179.60666666666665	181.10666666666665	183.23333333333332	184.54666666666665	185.94666666666666	186.98	188.68	189.84	191.03333333333333	192.04666666666665	192.30666666666667	193.64666666666668	193.78666666666666	194.58666666666667	195.51333333333332	196.08666666666667	196.90666666666667	196.92666666666668	196.68666666666667	196.68666666666667	197.78	197.74666666666667	197.69333333333333	197.85333333333332	198.10666666666665	198.14666666666668	197.55333333333334	197.64666666666668	197.24	197.16	196.88	196.02666666666667	195.28	195.84666666666666	195.49333333333334	194.82	193.83333333333334	193.64666666666668	192.09333333333333	191.78	190.95333333333335	189.76	188.36666666666667	187.51333333333332	185.95333333333335	184.70666666666668	182.21333333333334	180.44666666666666	178.88	176.36	174.74666666666667	172.14	168.66666666666666	165.40666666666667	161.77333333333334	157.24	151.34666666666666	144.21333333333334	134.60666666666665	118.0	0.0
0.0	118.34	135.15333333333334	144.58	151.84666666666666	157.49333333333334	162.43333333333334	166.96666666666667	170.31333333333333	173.26666666666668	175.01333333333332	177.22	179.08666666666667	180.89333333333335	183.41333333333333	184.42666666666668	185.58	187.49333333333334	188.66	189.66	191.25333333333333	192.04	193.10666666666665	193.78666666666666	194.45333333333335	194.76666666666668	195.09333333333333	196.52666666666667	196.82	196.98666666666668	197.65333333333334	197.92666666666668	198.14	198.19333333333333	198.40666666666667	198.49333333333334	198.48666666666668	198.08666666666667	198.02	197.98	198.21333333333334	198.52	197.71333333333334	197.36666666666667	196.86	196.39333333333335	195.97333333333333	195.30666666666667	194.48	193.42666666666668	193.38	192.50666666666666	191.31333333333333	190.34	189.54666666666665	188.54666666666665	186.64666666666668	185.38	183.48666666666668	181.69333333333333	179.3	177.3	175.40666666666667	172.39333333333335	169.04666666666665	165.74666666666667	161.76	157.75333333333333	151.50666666666666	144.48	134.04	117.93333333333334	0.0
0.0	118.36	135.1	145.87333333333333	152.78666666666666	158.32666666666665	162.70666666666668	167.23333333333332	170.36666666666667	173.78666666666666	176.72666666666666	178.64	180.83333333333334	183.22666666666666	184.64666666666668	185.86666666666667	187.92666666666668	188.97333333333333	189.98666666666668	191.16	192.74	193.17333333333335	194.3	195.47333333333333	196.17333333333335	196.48	196.99333333333334	197.94666666666666	197.4	198.32666666666665	198.36666666666667	198.61333333333334	199.17333333333335	198.9	199.14	199.5	199.02666666666667	198.86666666666667	198.73333333333332	198.64666666666668	198.48	198.54	198.08666666666667	197.4	197.06	196.98	196.55333333333334	195.18	195.06666666666666	193.66666666666666	193.63333333333333	193.04	191.32666666666665	190.96666666666667	189.49333333333334	188.64666666666668	187.08	185.36666666666667	184.09333333333333	181.87333333333333	180.5	178.18	175.58666666666667	172.68666666666667	169.92666666666668	166.36666666666667	162.63333333333333	157.73333333333332	152.56	145.06666666666666	134.47333333333333	117.65333333333334	0.0
0.0	117.59333333333333	134.42	144.34	151.23333333333332	156.97333333333333	162.35333333333332	165.84	169.30666666666667	172.50666666666666	175.51333333333332	177.38	179.78666666666666	181.79333333333332	183.02666666666667	184.52	186.22	187.40666666666667	188.24666666666667	190.26	190.84666666666666	191.75333333333333	192.72	193.29333333333332	193.73333333333332	194.72	195.46666666666667	195.96666666666667	196.76	197.26666666666668	197.30666666666667	197.24	197.28666666666666	197.70666666666668	197.99333333333334	197.57333333333332	197.74	197.49333333333334	197.3	198.02666666666667	197.36	197.44	197.39333333333335	197.08666666666667	197.01333333333332	196.06666666666666	194.98666666666668	194.62666666666667	194.60666666666665	193.26	192.68	191.85333333333332	190.75333333333333	189.61333333333334	188.76666666666668	187.83333333333334	186.44	185.05333333333334	183.50666666666666	181.57333333333332	179.47333333333333	176.89333333333335	174.78	172.52666666666667	169.87333333333333	166.20666666666668	161.91333333333333	157.64666666666668	152.04	144.60666666666665	134.71333333333334	118.07333333333334	0.0
0.0	118.02	134.38666666666666	144.94666666666666	152.6	158.02	162.67333333333335	166.28	170.41333333333333	173.05333333333334	175.76	178.49333333333334	180.44666666666666	182.82	184.16666666666666	185.84666666666666	187.98666666666668	189.17333333333335	190.25333333333333	191.56666666666666	192.1	193.02666666666667	193.86666666666667	195.38666666666666	195.18	195.92666666666668	196.11333333333334	196.28666666666666	196.64	197.74	197.68	198.12	198.41333333333333	198.06666666666666	198.39333333333335	198.25333333333333	197.97333333333333	197.68666666666667	198.27333333333334	197.68	198.04666666666665	197.39333333333335	197.36666666666667	196.96666666666667	196.32666666666665	196.1	196.02666666666667	194.58	194.6	193.85333333333332	193.03333333333333	191.86666666666667	191.49333333333334	190.73333333333332	189.44666666666666	187.76666666666668	186.74666666666667	185.10666666666665	183.78666666666666	181.96	179.81333333333333	178.07333333333332	175.95333333333335	172.77333333333334	169.76666666666668	166.31333333333333	162.12	157.95333333333335	151.93333333333334	144.78666666666666	134.38	118.05333333333333	0.0
0.0	118.08666666666667	133.68	144.01333333333332	151.94666666666666	157.12666666666667	162.44	166.32666666666665	169.92	172.66666666666666	175.02666666666667	177.68	179.28666666666666	181.48666666666668	182.77333333333334	184.62666666666667	186.28	187.60666666666665	189.4	189.76666666666668	191.20666666666668	191.74666666666667	192.48	193.48	194.58	194.96666666666667	195.32666666666665	196.36666666666667	196.98	197.38	196.96	197.44	197.46666666666667	197.26	197.43333333333334	197.66666666666666	197.62	198.13333333333333	197.3	198.11333333333334	197.48666666666668	197.09333333333333	197.07333333333332	196.7	195.8	196.01333333333332	195.13333333333333	194.53333333333333	193.99333333333334	193.6	192.75333333333333	191.72	190.93333333333334	190.11333333333334	189.62666666666667	188.06666666666666	185.41333333333333	184.83333333333334	183.32	181.44666666666666	179.55333333333334	177.18666666666667	174.92	172.37333333333333	168.94666666666666	166.09333333333333	162.44666666666666	157.41333333333333	151.76666666666668	144.47333333333333	134.52666666666667	117.68666666666667	0.0
0.0	117.93333333333334	134.68	144.97333333333333	152.04666666666665	157.83333333333334	162.44666666666666	166.34	170.06666666666666	172.99333333333334	175.66	178.0	180.05333333333334	182.52666666666667	184.22666666666666	186.07333333333332	187.35333333333332	188.65333333333334	189.96666666666667	191.18	192.3	193.91333333333333	194.11333333333334	194.82	195.44	196.0	196.80666666666667	197.64666666666668	197.58	197.71333333333334	197.91333333333333	197.7	198.81333333333333	198.54666666666665	199.04666666666665	198.72666666666666	199.3	199.18	198.84	198.56666666666666	198.80666666666667	198.76666666666668	198.3	196.98666666666668	196.42666666666668	196.04666666666665	195.06666666666666	195.29333333333332	194.51333333333332	194.46	193.10666666666665	192.24	191.20666666666668	190.21333333333334	189.59333333333333	188.95333333333335	187.19333333333333	185.4	183.70666666666668	182.40666666666667	180.26	178.44	175.6	173.27333333333334	170.73333333333332	166.88	162.32	158.38	152.42	145.34	134.58	117.95333333333333	0.0
0.0	118.44	135.08	145.18	152.60666666666665	158.16	162.48666666666668	166.24	169.57333333333332	172.75333333333333	174.85333333333332	177.67333333333335	179.54	181.36666666666667	182.92666666666668	184.28	185.5	186.88	188.45333333333335	189.29333333333332	190.90666666666667	191.33333333333334	191.74666666666667	192.07333333333332	193.72666666666666	193.58666666666667	194.40666666666667	194.81333333333333	195.9	196.31333333333333	196.56666666666666	197.02666666666667	197.42	197.64	198.1	197.92666666666668	198.14	197.76666666666668	197.56	197.61333333333334	197.64	196.69333333333333	197.02666666666667	196.76666666666668	196.08666666666667	195.45333333333335	195.3	194.74	194.47333333333333	193.50666666666666	193.18666666666667	192.64666666666668	191.44666666666666	189.37333333333333	188.68666666666667	187.26	186.32	185.52666666666667	183.45333333333335	182.17333333333335	179.83333333333334	177.82	175.72666666666666	172.8	170.24	166.53333333333333	162.64666666666668	158.52	152.12666666666667	144.38666666666666	134.39333333333335	118.57333333333334	0.0
0.0	118.5	135.22	145.24666666666667	152.25333333333333	158.16666666666666	162.94666666666666	167.1	170.21333333333334	173.00666666666666	175.45333333333335	178.01333333333332	179.7	181.45333333333335	182.84	184.72666666666666	185.56	187.34	188.58	189.44	190.27333333333334	191.94666666666666	192.80666666666667	192.84666666666666	193.86666666666667	194.78	194.97333333333333	195.4	195.98	196.01333333333332	197.08	197.06666666666666	197.39333333333335	198.11333333333334	197.87333333333333	197.6	197.78	198.4	197.68	197.66666666666666	197.83333333333334	198.16666666666666	197.5	196.78666666666666	196.18	195.77333333333334	195.06666666666666	194.85333333333332	194.1	193.02666666666667	192.08666666666667	191.12	190.33333333333334	189.23333333333332	188.30666666666667	187.54666666666665	185.95333333333335	185.06666666666666	183.19333333333333	181.58	179.52666666666667	177.53333333333333	175.15333333333334	172.17333333333335	169.0	166.60666666666665	162.32666666666665	157.74666666666667	151.74666666666667	144.39333333333335	134.36	118.02666666666667	0.0
0.0	118.30666666666667	134.57333333333332	144.76	151.10666666666665	156.71333333333334	161.42	165.26666666666668	168.48	172.13333333333333	174.64666666666668	177.13333333333333	178.58666666666667	181.30666666666667	182.67333333333335	184.3	185.36666666666667	187.33333333333334	188.22	189.30666666666667	190.51333333333332	191.45333333333335	192.44	192.94	194.18	194.05333333333334	194.39333333333335	195.44	196.16	196.70666666666668	196.86	196.99333333333334	196.56666666666666	197.21333333333334	197.00666666666666	197.74	197.4	196.94666666666666	197.36	197.29333333333332	196.78666666666666	196.29333333333332	196.41333333333333	195.96666666666667	195.21333333333334	194.93333333333334	194.77333333333334	193.83333333333334	193.43333333333334	192.90666666666667	191.98	191.55333333333334	190.16666666666666	189.72666666666666	189.06666666666666	187.14666666666668	186.07333333333332	184.51333333333332	183.16	181.0	179.53333333333333	177.6	175.04666666666665	172.24666666666667	170.08	166.24666666666667	162.44666666666666	157.94	152.02666666666667	144.64666666666668	133.96	118.45333333333333	0.0
0.0	118.10666666666667	134.87333333333333	144.51333333333332	151.32666666666665	157.55333333333334	161.76	166.06666666666666	169.81333333333333	172.66666666666666	175.93333333333334	177.63333333333333	180.08	181.5	183.68666666666667	185.36666666666667	187.08666666666667	187.94666666666666	188.66666666666666	189.52	190.70666666666668	191.7	192.89333333333335	193.97333333333333	194.41333333333333	194.85333333333332	195.16	195.26	195.54	195.68	196.09333333333333	196.0	196.98666666666668	196.56	196.54	197.12	197.57333333333332	197.52	197.24666666666667	197.54	197.64	197.24	196.80666666666667	196.72	196.16666666666666	195.56	195.28	195.18	194.10666666666665	193.49333333333334	192.94	191.80666666666667	190.34	190.24666666666667	188.68666666666667	187.3	186.24	183.95333333333335	183.16	181.33333333333334	179.6	177.86666666666667	175.58	172.81333333333333	169.98666666666668	166.50666666666666	162.54666666666665	158.06	151.99333333333334	144.35333333333332	134.04666666666665	118.07333333333334	0.0
0.0	118.08666666666667	134.97333333333333	145.08666666666667	152.76	158.16	161.81333333333333	166.48	169.86666666666667	172.51333333333332	175.27333333333334	178.08666666666667	179.56	181.19333333333333	183.02666666666667	184.5	186.33333333333334	187.97333333333333	188.83333333333334	189.46666666666667	190.7	191.52	192.70666666666668	193.41333333333333	194.04666666666665	195.08	196.06	196.22	196.36666666666667	196.94666666666666	197.42	197.47333333333333	198.24666666666667	198.38666666666666	198.06	198.02666666666667	198.16	198.7	198.08	198.01333333333332	197.2	198.01333333333332	197.15333333333334	196.76	196.36666666666667	195.84666666666666	195.26666666666668	194.06666666666666	193.76666666666668	193.22	192.79333333333332	191.1	190.38	188.68666666666667	188.50666666666666	186.99333333333334	185.56666666666666	184.08666666666667	182.44666666666666	180.13333333333333	178.58666666666667	176.9	174.50666666666666	171.98666666666668	169.16666666666666	165.80666666666667	162.36	157.39333333333335	151.60666666666665	144.52	134.28	117.96	0.0
0.0	118.18	134.09333333333333	144.25333333333333	151.47333333333333	157.54666666666665	161.88666666666666	165.74	169.22666666666666	172.16	175.36666666666667	176.98666666666668	179.72666666666666	182.21333333333334	184.10666666666665	185.25333333333333	186.6	188.56	188.98666666666668	189.84	191.11333333333334	191.94	193.24	193.99333333333334	194.70666666666668	195.36666666666667	195.91333333333333	196.93333333333334	196.96	197.12666666666667	196.84	197.20666666666668	197.50666666666666	198.08666666666667	197.70666666666668	198.02	198.64666666666668	197.34666666666666	197.2	197.17333333333335	196.72666666666666	195.99333333333334	195.93333333333334	195.88666666666666	195.67333333333335	195.12	195.13333333333333	194.56666666666666	193.7	193.33333333333334	192.66	191.53333333333333	190.52666666666667	189.44666666666666	187.98	186.68666666666667	185.00666666666666	184.04666666666665	182.28666666666666	180.88666666666666	179.16666666666666	176.93333333333334	174.54666666666665	172.00666666666666	169.54	166.08666666666667	161.98	157.22666666666666	151.14	144.12666666666667	134.44	118.46	0.0
0.0	117.79333333333334	134.41333333333333	144.80666666666667	152.30666666666667	158.02	162.26666666666668	166.24	170.18666666666667	173.34	174.82	177.46	179.74666666666667	182.2	183.64	185.78666666666666	187.16666666666666	188.47333333333333	189.04	189.8	191.38666666666666	192.36	193.15333333333334	193.47333333333333	194.53333333333333	195.25333333333333	195.77333333333334	196.30666666666667	196.74666666666667	197.15333333333334	196.7	197.13333333333333	197.53333333333333	197.71333333333334	198.12	198.0	198.39333333333335	198.32666666666665	198.46	198.30666666666667	198.13333333333333	198.66	198.02666666666667	198.29333333333332	196.77333333333334	196.4	196.31333333333333	195.69333333333333	195.2	194.10666666666665	193.76666666666668	192.81333333333333	191.76	191.08666666666667	189.45333333333335	188.36666666666667	186.85333333333332	185.32666666666665	183.72	181.60666666666665	180.08	177.63333333333333	175.38	173.06	170.14666666666668	166.40666666666667	162.82	157.81333333333333	152.18666666666667	144.84666666666666	134.74666666666667	118.18	0.0
0.0	118.52666666666667	134.86666666666667	144.99333333333334	151.54666666666665	157.52666666666667	162.3	165.78666666666666	169.54666666666665	172.82	175.28666666666666	177.81333333333333	180.26666666666668	182.56	183.56	185.72	187.18666666666667	188.27333333333334	189.62666666666667	190.33333333333334	191.93333333333334	192.30666666666667	194.04666666666665	194.06666666666666	194.72666666666666	195.79333333333332	196.09333333333333	197.50666666666666	196.56	196.77333333333334	197.54	198.36666666666667	198.9	199.21333333333334	199.22	199.26666666666668	198.76666666666668	198.56	198.39333333333335	198.69333333333333	198.21333333333334	197.78666666666666	197.5	197.38	196.55333333333334	196.12666666666667	195.64	195.45333333333335	194.30666666666667	194.0	193.03333333333333	192.29333333333332	191.28	190.07333333333332	189.35333333333332	188.01333333333332	186.42666666666668	185.29333333333332	184.00666666666666	182.08666666666667	180.06	178.42	175.99333333333334	173.33333333333334	169.98666666666668	166.7	162.34	157.67333333333335	152.09333333333333	144.7	134.62	118.28666666666666	0.0
0.0	118.26666666666667	134.63333333333333	144.6	152.02666666666667	157.55333333333334	162.38	166.42666666666668	170.13333333333333	173.27333333333334	175.78	178.75333333333333	180.51333333333332	182.48	184.36666666666667	185.82	186.99333333333334	188.39333333333335	190.00666666666666	191.32666666666665	191.9	192.51333333333332	193.31333333333333	194.26	194.94666666666666	196.02666666666667	196.96	197.38666666666666	197.68666666666667	197.56	198.94	198.81333333333333	198.89333333333335	199.16	198.86666666666667	198.84666666666666	198.7	199.1	198.84	198.99333333333334	198.48	198.06	197.47333333333333	197.18666666666667	197.36666666666667	196.20666666666668	195.46	195.50666666666666	194.77333333333334	193.9	193.21333333333334	192.07333333333332	191.04666666666665	189.59333333333333	188.42666666666668	186.56	186.12	184.74	183.41333333333333	181.49333333333334	179.16	177.46666666666667	174.79333333333332	172.50666666666666	169.67333333333335	166.30666666666667	162.47333333333333	157.72666666666666	151.52	144.68666666666667	134.62	118.54	0.0
0.0	118.41333333333333	135.02	145.16	152.63333333333333	158.54666666666665	162.88666666666666	166.96666666666667	170.37333333333333	173.04666666666665	175.8	177.86	179.49333333333334	180.83333333333334	182.64	184.48	186.31333333333333	187.7	189.04	189.94666666666666	190.7	191.54	193.12666666666667	193.70666666666668	194.48666666666668	195.48	196.18	196.61333333333334	197.18666666666667	197.17333333333335	198.12666666666667	197.76	198.54	198.62	198.57333333333332	198.74666666666667	198.30666666666667	198.44666666666666	198.43333333333334	198.79333333333332	198.16666666666666	198.15333333333334	197.45333333333335	198.02666666666667	197.3	196.69333333333333	195.62666666666667	195.79333333333332	194.50666666666666	193.9	193.54	192.94	191.79333333333332	190.68666666666667	189.68666666666667	188.64666666666668	187.2	186.51333333333332	184.4	182.3	180.9	178.64	175.80666666666667	173.46666666666667	170.31333333333333	167.24666666666667	162.56666666666666	158.24	152.51333333333332	144.74666666666667	134.60666666666665	118.66	0.0
0.0	118.20666666666666	134.64666666666668	144.54	151.64666666666668	156.98	161.88	165.78	169.11333333333334	171.85333333333332	174.3	176.52666666666667	178.86666666666667	181.22666666666666	182.81333333333333	184.40666666666667	186.16666666666666	187.31333333333333	187.87333333333333	189.43333333333334	190.14	191.4	192.04	192.71333333333334	193.1	194.10666666666665	194.97333333333333	194.91333333333333	195.20666666666668	196.04	196.32666666666665	196.71333333333334	196.62	196.94	197.16	197.73333333333332	197.12666666666667	197.2	197.18666666666667	196.69333333333333	196.42	196.52	195.61333333333334	195.77333333333334	195.34	194.91333333333333	194.16	194.24	193.36666666666667	192.60666666666665	191.3	190.28	189.34666666666666	188.33333333333334	187.67333333333335	186.87333333333333	185.36666666666667	183.91333333333333	182.16666666666666	180.61333333333334	178.67333333333335	176.81333333333333	174.86	171.98666666666668	168.83333333333334	165.22	162.02	157.66666666666666	151.73333333333332	143.97333333333333	133.78666666666666	117.57333333333334	0.0
0.0	118.41333333333333	135.26	145.3	152.66	158.34666666666666	162.93333333333334	166.82	170.71333333333334	172.97333333333333	175.35333333333332	177.93333333333334	179.74	181.98	183.62666666666667	184.98	186.52	187.28	188.46	190.03333333333333	190.96666666666667	192.06666666666666	192.50666666666666	193.63333333333333	194.48666666666668	195.04666666666665	195.82	196.26666666666668	196.38	196.98666666666668	197.46	197.36666666666667	198.14	198.62666666666667	198.88666666666666	199.04666666666665	198.72	198.86	199.46666666666667	199.05333333333334	198.20666666666668	197.47333333333333	197.91333333333333	196.96	196.47333333333333	196.5	196.09333333333333	195.38666666666666	195.12	194.08666666666667	193.28	193.14666666666668	191.76	191.10666666666665	189.83333333333334	188.33333333333334	186.67333333333335	185.38666666666666	183.52666666666667	181.70666666666668	179.61333333333334	177.66	175.56	173.06	169.83333333333334	166.39333333333335	162.34	158.25333333333333	152.03333333333333	144.95333333333335	134.70666666666668	118.27333333333333	0.0
0.0	117.69333333333333	134.08666666666667	143.66666666666666	151.78	157.18666666666667	161.74666666666667	166.57333333333332	170.07333333333332	172.33333333333334	175.41333333333333	177.44666666666666	179.37333333333333	181.50666666666666	183.39333333333335	184.40666666666667	186.31333333333333	187.76	188.64666666666668	189.65333333333334	190.86	191.84	192.53333333333333	193.18	193.73333333333332	194.09333333333333	194.59333333333333	195.04	196.16	196.04666666666665	196.68666666666667	197.28	197.34	198.14666666666668	198.03333333333333	198.06	198.24666666666667	198.26666666666668	197.72	198.25333333333333	197.68666666666667	197.05333333333334	196.48	196.53333333333333	196.35333333333332	195.62666666666667	194.93333333333334	194.9	194.09333333333333	193.81333333333333	193.08	192.84666666666666	190.64666666666668	190.26666666666668	188.69333333333333	187.54	186.35333333333332	184.92666666666668	183.08	182.08	180.02	178.08666666666667	175.52666666666667	172.40666666666667	169.56666666666666	166.4	162.24	158.1	151.98666666666668	144.93333333333334	134.51333333333332	118.1	0.0
0.0	118.00666666666666	134.3	144.05333333333334	151.04666666666665	156.76	161.24666666666667	165.81333333333333	168.90666666666667	172.17333333333335	174.64	176.94666666666666	179.08666666666667	180.57333333333332	182.34666666666666	183.82666666666665	184.92666666666668	186.3	187.60666666666665	188.42666666666668	189.98	190.98	191.5	192.64	193.26	194.18666666666667	194.42	194.69333333333333	195.46666666666667	195.71333333333334	196.23333333333332	196.37333333333333	196.78666666666666	196.54666666666665	196.83333333333334	196.69333333333333	197.11333333333334	197.02666666666667	196.9	196.98	196.90666666666667	196.90666666666667	196.2	195.86	195.58666666666667	194.92	193.86666666666667	193.48666666666668	193.2	192.59333333333333	192.1	190.60666666666665	190.38666666666666	189.18	188.35333333333332	187.55333333333334	186.09333333333333	184.73333333333332	183.44	181.44	179.9	177.51333333333332	174.76666666666668	172.31333333333333	169.28666666666666	166.08666666666667	162.76	157.46666666666667	151.78666666666666	144.28	134.3	117.65333333333334	0.0
0.0	118.36	134.78	144.52	152.15333333333334	158.72	162.87333333333333	166.63333333333333	169.74	173.12	175.74666666666667	177.34	179.66666666666666	181.16666666666666	183.42	184.88	186.58	187.82	189.5	190.4	190.95333333333335	192.37333333333333	193.16666666666666	193.68	194.18666666666667	195.35333333333332	195.84	195.96666666666667	196.32	196.54666666666665	197.44666666666666	197.33333333333334	197.17333333333335	197.91333333333333	198.19333333333333	197.72666666666666	197.90666666666667	197.26	197.82666666666665	197.45333333333335	197.04	196.62	196.95333333333335	195.36	194.96	194.76	194.61333333333334	193.82666666666665	193.2	192.16666666666666	192.20666666666668	191.0	190.38	189.84666666666666	188.35333333333332	186.8	185.74666666666667	184.18	182.58666666666667	181.09333333333333	179.19333333333333	177.33333333333334	174.81333333333333	172.84	169.27333333333334	166.15333333333334	162.40666666666667	157.34	152.08	144.31333333333333	134.40666666666667	117.61333333333333	0.0
0.0	118.01333333333334	134.30666666666667	144.64	152.6	158.52	163.20666666666668	167.38666666666666	170.58666666666667	173.54666666666665	175.93333333333334	177.94666666666666	179.92666666666668	182.32666666666665	184.1	185.38666666666666	186.13333333333333	187.82666666666665	189.16	189.93333333333334	191.57333333333332	191.94	193.5	193.95333333333335	194.50666666666666	195.82666666666665	196.36	196.4	196.68666666666667	197.48666666666668	197.38666666666666	197.83333333333334	197.96	198.1	198.68666666666667	199.05333333333334	199.37333333333333	199.60666666666665	199.2	199.36666666666667	198.98666666666668	198.54	198.18666666666667	197.58666666666667	197.11333333333334	197.20666666666668	196.37333333333333	195.98	194.98666666666668	194.69333333333333	193.68	192.63333333333333	191.36	190.20666666666668	189.2	188.02666666666667	186.40666666666667	184.46666666666667	183.01333333333332	181.24	179.30666666666667	177.00666666666666	175.18666666666667	172.34666666666666	169.32	165.83333333333334	162.36	157.89333333333335	152.28	144.82666666666665	134.28666666666666	118.19333333333333	0.0
0.0	118.07333333333334	134.17333333333335	144.82666666666665	151.94666666666666	157.70666666666668	162.12666666666667	166.09333333333333	170.03333333333333	172.73333333333332	175.34	177.84666666666666	180.26666666666668	182.31333333333333	183.42666666666668	185.52	186.20666666666668	187.71333333333334	188.80666666666667	189.39333333333335	190.86	191.11333333333334	192.33333333333334	192.55333333333334	193.28666666666666	194.09333333333333	194.74666666666667	195.55333333333334	195.73333333333332	196.28	197.12	197.03333333333333	196.86	197.18666666666667	197.48	197.70666666666668	197.72666666666666	197.90666666666667	197.84666666666666	197.76666666666668	197.46666666666667	197.94	197.0	197.36666666666667	196.72	196.64	195.46	194.75333333333333	193.43333333333334	192.78	192.1	191.10666666666665	190.5	189.1	188.37333333333333	186.82666666666665	186.09333333333333	184.52	182.5	181.30666666666667	179.12666666666667	177.50666666666666	174.30666666666667	172.11333333333334	169.39333333333335	166.14	161.58666666666667	157.54	151.72666666666666	144.5	134.46666666666667	117.67333333333333	0.0
0.0	117.86	134.96	144.58666666666667	152.16666666666666	158.08	162.0	166.46666666666667	169.61333333333334	172.89333333333335	174.98666666666668	177.07333333333332	179.23333333333332	181.16666666666666	181.91333333333333	183.61333333333334	185.11333333333334	186.41333333333333	187.72666666666666	189.36	190.38	191.44666666666666	191.83333333333334	192.24666666666667	192.44666666666666	193.79333333333332	194.49333333333334	195.33333333333334	195.33333333333334	195.97333333333333	196.29333333333332	196.50666666666666	196.40666666666667	196.31333333333333	196.32	196.54666666666665	196.67333333333335	196.09333333333333	196.74666666666667	196.22666666666666	196.11333333333334	195.98	196.11333333333334	195.24	195.52666666666667	195.36	194.69333333333333	194.49333333333334	194.13333333333333	193.71333333333334	192.92	191.97333333333333	190.65333333333334	190.09333333333333	188.74	187.62	186.54	185.2	183.21333333333334	181.66	179.32666666666665	177.55333333333334	174.97333333333333	172.85333333333332	169.90666666666667	166.04	162.10666666666665	158.41333333333333	152.36666666666667	144.66666666666666	135.00666666666666	118.24	0.0
0.0	118.08	134.90666666666667	144.94	152.10666666666665	158.1	162.19333333333333	166.1	169.63333333333333	172.6	175.2	177.74	180.0	181.78	183.38	185.06666666666666	186.81333333333333	188.24	189.35333333333332	189.71333333333334	191.16	192.18	193.06666666666666	193.52666666666667	194.49333333333334	194.36666666666667	194.24666666666667	195.26666666666668	195.83333333333334	196.57333333333332	197.23333333333332	197.70666666666668	198.44666666666666	198.44	198.76666666666668	198.87333333333333	199.62666666666667	199.28	199.38666666666666	198.83333333333334	198.7	198.29333333333332	197.92666666666668	197.63333333333333	196.57333333333332	196.17333333333335	195.30666666666667	195.74666666666667	195.26	194.24666666666667	193.1	192.20666666666668	191.61333333333334	190.65333333333334	189.66	187.84	187.08666666666667	184.94	183.3	181.68666666666667	179.34666666666666	177.40666666666667	175.55333333333334	172.78666666666666	169.72	166.13333333333333	162.06666666666666	157.51333333333332	152.16666666666666	145.06666666666666	134.28666666666666	117.55333333333333	0.0
0.0	117.58	134.19333333333333	144.25333333333333	151.22666666666666	157.25333333333333	162.32666666666665	165.78	169.48	172.22	174.91333333333333	176.94	179.16	181.30666666666667	183.1	184.13333333333333	185.36	186.75333333333333	187.60666666666665	189.10666666666665	190.27333333333334	191.14666666666668	191.96666666666667	193.08666666666667	193.14	194.29333333333332	195.54	195.7	195.88	196.20666666666668	196.82	196.85333333333332	197.10666666666665	197.46666666666667	197.2	197.10666666666665	197.85333333333332	197.55333333333334	197.20666666666668	197.3	197.55333333333334	196.68	196.38	195.76	195.24666666666667	194.96666666666667	194.19333333333333	194.01333333333332	193.28666666666666	192.18	190.98	190.48	189.42	188.92666666666668	187.18666666666667	186.4	185.26666666666668	183.96	182.5	181.13333333333333	179.02666666666667	177.46666666666667	175.16666666666666	172.5	169.05333333333334	165.74	162.47333333333333	157.19333333333333	151.46666666666667	143.81333333333333	134.25333333333333	117.58	0.0
0.0	118.04	134.23333333333332	144.27333333333334	151.92	157.92	162.46	166.32	169.96	172.98	175.25333333333333	177.18666666666667	179.08666666666667	181.02	182.50666666666666	184.34666666666666	185.98666666666668	187.57333333333332	188.71333333333334	189.85333333333332	191.49333333333334	192.10666666666665	192.44	194.03333333333333	194.92666666666668	195.54	196.67333333333335	197.28666666666666	197.26666666666668	197.24	197.89333333333335	198.3	198.08	198.39333333333335	198.55333333333334	198.79333333333332	198.74	198.41333333333333	198.34	198.02	197.9	198.21333333333334	197.08	197.22	197.24	196.24	195.45333333333335	195.16666666666666	195.01333333333332	194.66	193.26	192.19333333333333	191.58666666666667	190.72	189.28666666666666	188.18666666666667	186.87333333333333	185.34	183.77333333333334	182.1	179.98666666666668	178.06666666666666	175.27333333333334	172.92	170.24666666666667	166.95333333333335	162.96	158.26666666666668	152.17333333333335	144.72	134.97333333333333	118.68666666666667	0.0
0.0	118.62	135.04	145.42666666666668	152.34	158.14666666666668	162.82	166.92	170.20666666666668	173.13333333333333	175.36	178.04666666666665	180.60666666666665	182.02	183.29333333333332	184.95333333333335	186.54666666666665	188.13333333333333	189.46	190.95333333333335	191.84	192.47333333333333	193.18	194.52	195.27333333333334	195.94666666666666	196.76666666666668	197.02666666666667	197.33333333333334	197.42	198.32	198.30666666666667	197.95333333333335	198.4	197.83333333333334	198.46	198.07333333333332	198.33333333333334	197.97333333333333	197.67333333333335	197.86	198.12	197.56666666666666	197.51333333333332	196.78666666666666	196.15333333333334	195.78	194.86666666666667	193.66	193.18666666666667	192.68666666666667	191.94666666666666	191.21333333333334	190.37333333333333	189.18	188.36	187.10666666666665	185.15333333333334	183.96666666666667	182.03333333333333	180.74666666666667	178.44666666666666	176.07333333333332	173.88666666666666	170.67333333333335	166.86	163.3	157.98666666666668	152.61333333333334	144.84	134.72	118.12666666666667	0.0
0.0	118.54666666666667	134.9	145.58	152.29333333333332	158.38	163.41333333333333	166.94	170.32	173.95333333333335	176.45333333333335	178.94666666666666	180.46666666666667	182.20666666666668	184.10666666666665	185.96666666666667	187.5	188.24666666666667	189.49333333333334	191.36	192.62666666666667	193.58666666666667	194.04	194.84	195.07333333333332	195.95333333333335	196.07333333333332	197.21333333333334	197.97333333333333	198.25333333333333	198.18	197.86666666666667	198.11333333333334	198.16666666666666	198.46666666666667	198.4	198.39333333333335	198.73333333333332	197.9	198.38666666666666	198.20666666666668	197.62666666666667	197.06666666666666	197.18	196.51333333333332	195.98	196.06666666666666	196.00666666666666	194.69333333333333	194.46666666666667	193.65333333333334	192.84	191.74666666666667	190.57333333333332	189.34	188.64666666666668	187.58	186.62	184.63333333333333	182.45333333333335	180.1	178.32	176.29333333333332	173.44666666666666	170.79333333333332	167.48666666666668	162.98666666666668	158.38	152.79333333333332	145.84	134.89333333333335	118.44	0.0
0.0	118.18666666666667	134.68	144.50666666666666	152.0	157.55333333333334	162.82666666666665	166.56666666666666	169.52	172.06	174.9	176.91333333333333	178.89333333333335	180.78	183.06666666666666	184.16	186.27333333333334	187.31333333333333	188.23333333333332	189.43333333333334	190.5	191.27333333333334	191.96666666666667	193.24	193.79333333333332	194.46666666666667	194.93333333333334	195.35333333333332	196.54	196.9	198.06	197.64	198.24666666666667	198.05333333333334	198.46666666666667	198.17333333333335	198.24666666666667	198.11333333333334	198.27333333333334	198.28	197.22	197.79333333333332	197.24666666666667	196.36	196.4	196.02666666666667	194.98666666666668	194.76	194.22	193.37333333333333	192.73333333333332	191.95333333333335	190.79333333333332	190.05333333333334	188.62666666666667	187.36666666666667	186.20666666666668	184.63333333333333	183.18	180.95333333333335	179.16666666666666	177.14	175.37333333333333	172.35333333333332	169.46	166.47333333333333	162.60666666666665	158.03333333333333	152.14666666666668	145.07333333333332	134.70666666666668	118.05333333333333	0.0
0.0	117.48666666666666	133.88666666666666	144.12666666666667	151.44666666666666	157.57333333333332	162.22666666666666	166.33333333333334	169.56	172.4	175.30666666666667	177.68666666666667	179.83333333333334	182.14666666666668	183.67333333333335	185.88	187.37333333333333	188.72	189.5	190.70666666666668	191.84666666666666	192.60666666666665	193.75333333333333	193.95333333333335	194.66	196.18	196.8	196.97333333333333	197.34	197.88666666666666	198.37333333333333	198.51333333333332	198.68	199.28	199.85333333333332	199.52	199.16666666666666	199.17333333333335	198.55333333333334	198.6	198.24	198.04	198.46666666666667	197.68666666666667	196.53333333333333	196.18666666666667	195.35333333333332	195.40666666666667	194.95333333333335	193.90666666666667	192.86	191.79333333333332	190.82	189.86666666666667	188.88	187.63333333333333	185.84666666666666	183.96	182.86666666666667	181.30666666666667	179.56	177.27333333333334	175.86666666666667	173.00666666666666	170.41333333333333	166.72	162.38	158.06	152.34666666666666	144.52666666666667	134.39333333333335	118.12	0.0
0.0	117.81333333333333	133.84	144.48	151.4	157.57333333333332	162.73333333333332	166.77333333333334	170.01333333333332	172.61333333333334	175.48	177.45333333333335	179.07333333333332	181.03333333333333	183.20666666666668	185.34666666666666	186.91333333333333	188.12	189.22666666666666	190.19333333333333	190.55333333333334	191.65333333333334	192.38666666666666	193.47333333333333	194.4	195.21333333333334	195.84666666666666	196.4	196.83333333333334	196.34	196.58666666666667	196.64	197.12666666666667	197.39333333333335	197.03333333333333	197.90666666666667	197.51333333333332	197.83333333333334	198.02	198.16666666666666	197.44666666666666	197.17333333333335	197.53333333333333	196.93333333333334	197.15333333333334	195.94	195.15333333333334	195.01333333333332	193.69333333333333	192.94666666666666	192.5	191.83333333333334	190.95333333333335	189.86666666666667	189.35333333333332	187.26	185.51333333333332	184.74666666666667	183.00666666666666	181.3	180.00666666666666	177.68	175.41333333333333	172.19333333333333	169.17333333333335	165.74666666666667	161.74666666666667	157.34666666666666	152.32666666666665	144.93333333333334	134.52666666666667	117.8	0.0
0.0	118.28666666666666	134.15333333333334	144.08	151.15333333333334	157.44666666666666	161.82	165.66666666666666	169.74666666666667	172.87333333333333	175.20666666666668	177.32	179.45333333333335	181.71333333333334	183.42	184.16666666666666	186.45333333333335	187.54	187.9	188.63333333333333	190.21333333333334	191.16	192.18666666666667	192.69333333333333	192.82666666666665	194.10666666666665	195.14666666666668	195.44666666666666	195.98	196.66	197.11333333333334	197.2	196.78	197.62666666666667	197.6	197.64666666666668	198.72666666666666	197.81333333333333	198.06666666666666	197.90666666666667	198.19333333333333	197.23333333333332	197.78666666666666	196.49333333333334	196.51333333333332	195.98666666666668	195.12666666666667	194.61333333333334	194.24666666666667	194.08	193.31333333333333	192.41333333333333	191.16	190.31333333333333	189.40666666666667	187.80666666666667	186.62666666666667	185.14666666666668	183.64	182.06	180.0	177.92	176.22	173.10666666666665	170.43333333333334	166.7	162.96666666666667	158.22666666666666	151.32	144.7	134.06666666666666	118.00666666666666	0.0
0.0	117.58666666666667	133.79333333333332	144.31333333333333	151.51333333333332	156.94	162.17333333333335	165.99333333333334	169.79333333333332	172.22666666666666	175.16666666666666	176.73333333333332	179.24	181.08	182.94666666666666	184.62	185.83333333333334	187.22666666666666	188.4	189.44666666666666	190.37333333333333	191.53333333333333	192.02666666666667	193.0	193.65333333333334	195.03333333333333	194.84	195.82	196.05333333333334	196.97333333333333	197.18	197.62	197.42	197.65333333333334	197.96666666666667	197.92	197.86	198.20666666666668	197.90666666666667	197.83333333333334	197.76	197.7	197.46666666666667	196.94666666666666	196.19333333333333	195.65333333333334	194.96	194.52666666666667	193.90666666666667	192.50666666666666	192.21333333333334	191.11333333333334	191.26	189.9	188.38	186.9	186.07333333333332	184.06666666666666	182.98	181.71333333333334	179.9	177.89333333333335	175.69333333333333	173.10666666666665	169.48666666666668	166.62	162.35333333333332	157.62666666666667	151.38666666666666	144.13333333333333	133.96666666666667	117.81333333333333	0.0
0.0	118.35333333333334	134.84666666666666	145.52666666666667	152.54	158.37333333333333	162.91333333333333	166.80666666666667	169.95333333333335	173.2	175.49333333333334	177.92	180.33333333333334	182.04666666666665	183.56666666666666	185.87333333333333	186.84	188.66	190.29333333333332	191.4	191.87333333333333	193.06666666666666	193.96	194.6	194.47333333333333	195.22666666666666	195.95333333333335	196.54666666666665	196.79333333333332	197.35333333333332	198.18666666666667	198.32666666666665	198.38	197.8	198.21333333333334	198.78666666666666	198.88	199.21333333333334	198.98	198.68	198.36	198.40666666666667	198.4	197.95333333333335	197.60666666666665	196.66	196.18	194.94	194.1	194.0	192.56666666666666	192.64	190.90666666666667	189.68	188.66	187.59333333333333	186.23333333333332	184.48666666666668	182.74666666666667	181.46666666666667	179.64666666666668	177.03333333333333	174.77333333333334	171.98666666666668	169.2	165.68666666666667	162.6	157.42	152.30666666666667	145.04666666666665	134.60666666666665	118.18666666666667	0.0
0.0	117.78	134.05333333333334	143.87333333333333	151.32	156.95333333333335	162.22	166.32	169.72	173.05333333333334	175.34	177.52	179.64	181.44666666666666	183.33333333333334	185.88666666666666	187.11333333333334	188.36666666666667	189.39333333333335	190.23333333333332	191.05333333333334	192.14666666666668	193.52	193.94666666666666	194.40666666666667	195.48	195.41333333333333	196.37333333333333	196.76	197.41333333333333	197.40666666666667	197.30666666666667	197.60666666666665	197.69333333333333	197.7	197.95333333333335	198.39333333333335	198.48	198.06	197.98666666666668	197.9	197.86666666666667	196.66	196.76666666666668	196.4	196.21333333333334	195.70666666666668	194.55333333333334	194.30666666666667	193.42666666666668	193.44666666666666	192.26666666666668	191.00666666666666	189.76666666666668	189.21333333333334	187.62	186.28666666666666	184.79333333333332	183.37333333333333	181.52	179.24	177.22666666666666	174.66	172.57333333333332	169.46666666666667	165.88	161.76	157.37333333333333	150.8	144.35333333333332	134.12666666666667	118.24	0.0
0.0	118.30666666666667	134.55333333333334	144.17333333333335	151.65333333333334	157.46	162.14	166.08666666666667	169.33333333333334	172.89333333333335	175.62666666666667	177.73333333333332	180.19333333333333	182.17333333333335	183.57333333333332	185.35333333333332	187.09333333333333	188.29333333333332	189.82	190.24666666666667	191.44666666666666	192.16666666666666	192.40666666666667	193.17333333333335	194.02	194.82	194.96	195.43333333333334	196.44666666666666	197.32	197.66	197.0	197.46666666666667	197.58	197.69333333333333	197.60666666666665	198.08	197.56666666666666	197.76666666666668	197.89333333333335	197.88	197.62	196.86	196.90666666666667	196.38666666666666	195.93333333333334	195.15333333333334	194.65333333333334	193.72	193.39333333333335	192.92	192.92666666666668	191.62666666666667	190.38	189.32	188.08	187.04	185.25333333333333	183.98	181.5	178.78666666666666	177.33333333333334	174.89333333333335	172.24	169.42	166.05333333333334	162.08	157.22666666666666	151.99333333333334	144.93333333333334	134.56666666666666	118.18	0.0
0.0	118.26666666666667	134.86666666666667	145.02	152.38	157.83333333333334	162.52666666666667	166.63333333333333	170.61333333333334	172.57333333333332	175.46	178.18	179.98666666666668	181.87333333333333	183.38666666666666	185.06666666666666	186.42	187.91333333333333	188.45333333333335	190.00666666666666	191.25333333333333	192.32	193.27333333333334	193.28	194.20666666666668	194.65333333333334	194.93333333333334	195.61333333333334	196.77333333333334	196.76666666666668	198.06	198.17333333333335	198.54	199.2	198.62666666666667	199.04	198.70666666666668	198.69333333333333	198.56666666666666	198.44	197.70666666666668	197.37333333333333	197.79333333333332	197.01333333333332	196.24666666666667	195.98	195.23333333333332	195.04666666666665	194.72666666666666	193.99333333333334	193.50666666666666	192.81333333333333	192.13333333333333	191.34	190.15333333333334	189.04	187.44666666666666	185.56666666666666	183.95333333333335	182.44	180.37333333333333	178.17333333333335	175.22	172.94	170.38666666666666	166.76666666666668	162.35333333333332	157.9	151.83333333333334	143.87333333333333	133.95333333333335	117.72	0.0
0.0	117.9	135.05333333333334	144.54	152.42666666666668	158.2	162.84	166.24	169.7	172.78	175.78	178.04666666666665	180.06666666666666	181.57333333333332	184.03333333333333	185.38	187.10666666666665	188.65333333333334	190.25333333333333	190.90666666666667	192.3	193.21333333333334	193.5	194.0	195.22666666666666	195.59333333333333	195.58	196.23333333333332	197.33333333333334	197.49333333333334	197.75333333333333	197.88666666666666	198.59333333333333	198.91333333333333	198.49333333333334	199.16666666666666	199.01333333333332	199.50666666666666	199.2	199.02	197.98	198.09333333333333	198.29333333333332	197.62666666666667	197.54	197.07333333333332	196.49333333333334	195.96666666666667	194.78666666666666	194.42	193.74666666666667	192.92	191.69333333333333	190.68666666666667	189.22666666666666	188.58666666666667	187.1	185.67333333333335	184.59333333333333	182.32	180.92666666666668	178.32	175.99333333333334	172.94	169.79333333333332	166.81333333333333	162.73333333333332	157.59333333333333	152.17333333333335	144.22	134.42666666666668	118.04	0.0
0.0	117.5	134.45333333333335	144.30666666666667	152.19333333333333	157.47333333333333	162.03333333333333	165.86666666666667	170.04	172.74	175.02	177.14666666666668	179.54666666666665	180.79333333333332	183.11333333333334	184.50666666666666	185.86	187.00666666666666	188.56	189.78666666666666	190.74	191.46666666666667	192.44	193.52666666666667	194.16	194.93333333333334	195.60666666666665	196.26666666666668	197.20666666666668	196.88	197.16666666666666	196.69333333333333	197.46	197.31333333333333	197.80666666666667	197.56	197.95333333333335	197.94666666666666	197.98666666666668	198.02666666666667	198.24666666666667	197.88666666666666	196.86	196.72	196.21333333333334	195.54	195.16	195.5	194.16	193.53333333333333	192.86	192.12	190.66	190.17333333333335	188.35333333333332	187.46666666666667	186.68666666666667	185.07333333333332	183.41333333333333	181.42	179.22666666666666	177.34666666666666	175.52	172.92666666666668	169.9	166.53333333333333	162.77333333333334	157.56666666666666	151.89333333333335	144.05333333333334	133.95333333333335	118.38	0.0
0.0	118.71333333333334	135.41333333333333	145.58	153.04	158.26666666666668	163.48666666666668	167.30666666666667	170.03333333333333	173.25333333333333	176.30666666666667	179.04666666666665	180.64666666666668	182.8	184.24666666666667	186.31333333333333	187.06	188.49333333333334	190.22	190.78	192.16666666666666	193.18666666666667	194.54666666666665	195.40666666666667	196.03333333333333	197.02	197.28	197.73333333333332	198.78	199.28	198.86	199.19333333333333	199.21333333333334	199.44666666666666	198.95333333333335	199.68	199.46	198.85333333333332	198.66666666666666	198.70666666666668	198.44666666666666	198.36666666666667	198.23333333333332	197.16666666666666	196.3	196.34666666666666	195.28	194.88666666666666	194.4	193.34666666666666	192.74666666666667	191.54666666666665	191.08	190.22	189.21333333333334	187.81333333333333	186.04	185.62	183.76	182.19333333333333	179.98	177.96	175.24	172.78	169.56666666666666	166.44	162.58	158.30666666666667	152.44	145.01333333333332	134.47333333333333	118.08666666666667	0.0
0.0	118.2	134.22	144.19333333333333	151.98666666666668	157.18666666666667	162.04666666666665	166.52666666666667	169.6	172.84	175.59333333333333	178.23333333333332	180.82	182.5	184.05333333333334	185.37333333333333	186.64666666666668	187.30666666666667	188.69333333333333	189.88	191.68	192.06	193.2	193.88	194.28	194.7	195.34	195.53333333333333	195.88666666666666	196.7	196.88	197.35333333333332	197.78	197.56666666666666	197.62	198.24666666666667	198.24666666666667	198.0	197.86666666666667	197.23333333333332	196.91333333333333	196.78666666666666	196.62666666666667	195.92	195.67333333333335	194.74	194.48	194.14666666666668	193.4	192.52666666666667	191.90666666666667	191.13333333333333	190.36666666666667	189.1	188.03333333333333	186.98	186.06	185.34666666666666	183.24	181.79333333333332	179.56	177.32666666666665	174.89333333333335	172.54	169.56666666666666	166.20666666666668	162.74666666666667	157.52	151.74666666666667	144.12	134.10666666666665	117.79333333333334	0.0
0.0	117.57333333333334	134.44666666666666	144.68	151.94	157.26	161.73333333333332	165.68666666666667	169.27333333333334	172.34666666666666	174.87333333333333	177.11333333333334	179.24666666666667	180.94	182.48	184.12666666666667	185.86666666666667	186.81333333333333	187.98	189.06	190.08666666666667	191.11333333333334	191.57333333333332	193.02	193.82666666666665	194.22666666666666	195.23333333333332	195.92	196.36666666666667	196.64666666666668	197.06	197.33333333333334	197.09333333333333	197.65333333333334	197.35333333333332	197.02666666666667	196.88	197.13333333333333	196.87333333333333	196.98	196.96666666666667	196.82	195.59333333333333	195.53333333333333	195.68666666666667	195.24666666666667	195.45333333333335	194.95333333333335	194.17333333333335	193.59333333333333	192.59333333333333	191.66	190.78	189.78	189.12	187.46	186.00666666666666	184.51333333333332	182.99333333333334	180.59333333333333	179.89333333333335	177.22666666666666	175.22	172.42666666666668	170.14	166.04666666666665	162.41333333333333	157.47333333333333	152.24	144.72	134.94	118.04	0.0
0.0	117.98666666666666	134.41333333333333	144.40666666666667	151.75333333333333	157.26666666666668	161.96666666666667	165.86	169.78	172.21333333333334	174.18666666666667	176.56	178.67333333333335	180.72666666666666	182.61333333333334	184.54666666666665	186.2	187.38	188.94666666666666	189.71333333333334	190.36666666666667	191.54	192.29333333333332	192.44666666666666	193.73333333333332	193.77333333333334	194.52	194.94	195.45333333333335	195.32	196.01333333333332	196.44666666666666	196.57333333333332	196.81333333333333	196.83333333333334	196.78	197.2	197.24666666666667	196.96666666666667	196.62	196.72666666666666	196.3	195.58666666666667	195.58	195.48666666666668	195.48666666666668	194.62	194.45333333333335	193.31333333333333	192.82	191.37333333333333	190.56	190.20666666666668	189.42666666666668	187.88666666666666	186.39333333333335	185.57333333333332	184.44666666666666	182.98	181.21333333333334	179.29333333333332	177.32666666666665	174.88	172.42666666666668	169.82	166.2	162.36666666666667	157.72666666666666	152.45333333333335	145.65333333333334	135.1	118.3	0.0
0.0	118.18666666666667	134.86	145.09333333333333	151.48666666666668	157.02666666666667	161.82	165.84	169.24	172.14	174.55333333333334	177.32	179.96666666666667	181.82	184.2	184.94	186.56666666666666	188.29333333333332	188.71333333333334	190.39333333333335	190.9	191.78666666666666	193.17333333333335	194.12666666666667	194.56666666666666	194.83333333333334	195.52666666666667	195.42666666666668	196.30666666666667	197.01333333333332	197.15333333333334	197.46666666666667	197.74666666666667	198.47333333333333	197.37333333333333	197.42	197.64	197.77333333333334	197.56666666666666	197.36666666666667	197.18	196.98666666666668	196.93333333333334	196.97333333333333	196.32	196.2	195.87333333333333	195.54	194.66666666666666	193.81333333333333	192.66666666666666	192.22	190.86666666666667	189.93333333333334	189.14	187.85333333333332	186.91333333333333	185.4	184.47333333333333	182.58	180.00666666666666	178.16666666666666	175.82666666666665	173.26666666666668	169.78666666666666	166.63333333333333	162.75333333333333	157.61333333333334	151.91333333333333	145.21333333333334	134.1	117.90666666666667	0.0
0.0	118.10666666666667	134.27333333333334	144.80666666666667	152.22666666666666	158.1	162.29333333333332	166.46	169.66	172.84	175.20666666666668	177.97333333333333	179.16666666666666	181.02	183.41333333333333	184.74	186.40666666666667	187.57333333333332	188.64666666666668	189.46	190.87333333333333	191.60666666666665	193.18666666666667	193.84666666666666	194.27333333333334	194.62	194.99333333333334	195.18666666666667	195.53333333333333	195.65333333333334	196.26	196.15333333333334	196.27333333333334	196.32	197.28	196.82	197.31333333333333	197.41333333333333	197.2	196.92	196.66666666666666	196.07333333333332	196.76	196.50666666666666	196.48	195.87333333333333	195.1	194.52666666666667	194.34666666666666	193.52666666666667	192.85333333333332	192.14	191.27333333333334	190.64666666666668	189.41333333333333	188.18	186.56	184.91333333333333	183.26666666666668	181.74666666666667	180.03333333333333	178.06666666666666	175.38	172.74	169.97333333333333	166.58666666666667	162.98	157.96666666666667	152.29333333333332	145.32	135.37333333333333	118.32666666666667	0.0
0.0	117.94666666666667	134.56666666666666	145.24	151.83333333333334	157.73333333333332	162.34666666666666	166.12	169.54666666666665	172.67333333333335	175.82666666666665	177.5	180.22666666666666	181.89333333333335	183.92	184.94	186.86666666666667	187.37333333333333	189.18666666666667	190.12666666666667	190.92	191.10666666666665	192.14	193.10666666666665	194.18	194.66666666666666	195.26	195.66	195.7	196.86	196.70666666666668	196.67333333333335	196.90666666666667	196.94	197.44666666666666	197.37333333333333	197.14	197.14	197.58666666666667	197.66666666666666	196.8	196.85333333333332	196.26	196.29333333333332	195.74	195.06	195.02	194.49333333333334	193.61333333333334	192.86666666666667	191.96666666666667	191.65333333333334	190.17333333333335	189.12	188.14	186.49333333333334	185.10666666666665	184.27333333333334	181.98	180.50666666666666	178.96666666666667	176.75333333333333	174.58666666666667	172.97333333333333	169.62666666666667	166.10666666666665	162.22666666666666	157.50666666666666	151.68	144.14	134.53333333333333	118.16666666666667	0.0
0.0	117.82666666666667	134.59333333333333	144.35333333333332	152.12666666666667	157.58666666666667	162.85333333333332	166.80666666666667	170.14666666666668	172.72	175.17333333333335	178.33333333333334	180.22	182.3	183.62666666666667	185.66	187.46	188.41333333333333	189.88	190.58666666666667	191.49333333333334	192.27333333333334	193.40666666666667	194.4	194.83333333333334	195.76	196.81333333333333	196.92666666666668	198.0	198.29333333333332	198.23333333333332	198.73333333333332	199.03333333333333	199.16	199.32	199.56	199.35333333333332	199.48	199.17333333333335	198.63333333333333	198.34666666666666	197.79333333333332	197.71333333333334	197.4	196.72666666666666	196.36	196.20666666666668	195.80666666666667	194.78	194.15333333333334	192.9	191.92	191.48666666666668	190.64666666666668	188.81333333333333	187.98666666666668	186.38	185.60666666666665	183.50666666666666	181.92666666666668	179.54	177.22	175.26666666666668	172.82	169.72666666666666	166.69333333333333	162.45333333333335	157.92	152.32	144.44666666666666	133.90666666666667	118.27333333333333	0.0
0.0	118.26666666666667	134.47333333333333	144.82	151.72666666666666	157.9	162.76	166.91333333333333	170.46666666666667	173.26666666666668	176.11333333333334	178.69333333333333	180.11333333333334	182.18	183.74	185.22666666666666	186.86666666666667	187.74	188.70666666666668	189.79333333333332	190.52	191.40666666666667	193.22666666666666	193.65333333333334	194.56	195.54	195.67333333333335	196.7	197.08666666666667	198.24	198.26666666666668	198.94666666666666	198.7	199.50666666666666	199.54666666666665	199.72666666666666	199.94666666666666	199.97333333333333	199.58	199.54	199.17333333333335	199.30666666666667	198.36666666666667	198.41333333333333	197.92	196.98666666666668	197.02666666666667	195.88	195.52	194.08	193.36666666666667	192.24666666666667	191.55333333333334	190.98666666666668	189.10666666666665	187.98	187.22	185.28	183.58	181.92	180.00666666666666	178.13333333333333	175.61333333333334	173.01333333333332	170.24666666666667	166.87333333333333	162.97333333333333	158.26	153.18666666666667	144.96666666666667	134.62666666666667	117.62	0.0
0.0	117.59333333333333	134.68666666666667	144.44	151.71333333333334	157.24666666666667	161.75333333333333	165.39333333333335	169.41333333333333	171.98666666666668	174.70666666666668	176.68	179.09333333333333	181.47333333333333	183.11333333333334	184.85333333333332	186.06	187.59333333333333	188.54666666666665	189.38666666666666	190.51333333333332	190.85333333333332	191.90666666666667	192.54	193.63333333333333	194.18	194.86	195.32666666666665	195.54666666666665	196.18	196.74	197.36666666666667	198.23333333333332	198.05333333333334	198.42	198.69333333333333	197.73333333333332	198.12	197.47333333333333	197.81333333333333	197.66666666666666	197.46666666666667	196.98	196.63333333333333	195.94	195.63333333333333	195.68	195.50666666666666	194.55333333333334	194.14	193.24	193.03333333333333	191.72	190.09333333333333	189.18666666666667	187.99333333333334	186.34	184.84	183.07333333333332	181.72666666666666	179.64	177.34666666666666	175.11333333333334	172.33333333333334	169.22666666666666	166.36666666666667	161.56	157.70666666666668	152.37333333333333	144.74	134.28666666666666	118.08	0.0
0.0	117.82666666666667	134.67333333333335	144.60666666666665	151.94666666666666	157.74666666666667	162.21333333333334	165.66666666666666	169.19333333333333	172.51333333333332	174.81333333333333	177.58666666666667	179.56666666666666	181.53333333333333	182.61333333333334	185.01333333333332	186.36666666666667	187.08666666666667	188.26666666666668	189.38	190.84	191.6	192.07333333333332	193.31333333333333	193.16	194.11333333333334	194.91333333333333	195.71333333333334	196.3	196.53333333333333	196.52666666666667	196.7	197.12666666666667	197.16	197.46666666666667	197.09333333333333	197.94666666666666	197.52666666666667	196.96666666666667	196.88666666666666	197.13333333333333	197.28	196.40666666666667	196.7	196.12666666666667	195.68666666666667	194.88666666666666	194.10666666666665	193.74	192.81333333333333	191.59333333333333	190.74	190.19333333333333	189.39333333333335	187.82666666666665	186.88	185.53333333333333	184.62	183.0	181.62666666666667	179.4	177.64666666666668	175.54	173.0	169.47333333333333	166.6	162.68666666666667	157.66666666666666	151.9	144.38666666666666	133.78666666666666	117.66	0.0
0.0	118.03333333333333	134.02666666666667	144.34	151.85333333333332	156.96	162.06666666666666	165.91333333333333	169.25333333333333	171.99333333333334	174.27333333333334	176.98666666666668	179.15333333333334	180.99333333333334	183.39333333333335	184.35333333333332	186.21333333333334	187.26	188.7	190.09333333333333	190.68	191.35333333333332	192.92666666666668	193.66	194.48666666666668	195.12	195.86	196.70666666666668	196.32666666666665	196.02666666666667	196.29333333333332	196.4	197.26666666666668	196.88666666666666	197.03333333333333	197.21333333333334	197.40666666666667	196.92	196.8	196.86	196.34	196.5	196.24	195.99333333333334	195.22666666666666	195.36	194.85333333333332	194.62666666666667	193.54666666666665	193.27333333333334	191.72666666666666	191.26666666666668	190.61333333333334	189.85333333333332	188.73333333333332	187.61333333333334	185.94	183.96	182.55333333333334	180.78	179.69333333333333	177.58	175.18	172.69333333333333	169.62	166.58666666666667	162.44666666666666	157.13333333333333	152.28666666666666	144.02666666666667	134.6	118.06	0.0
0.0	117.98	134.53333333333333	144.17333333333335	151.74	158.24	162.84	166.48	169.86	173.24	176.18	178.41333333333333	179.93333333333334	182.14	183.13333333333333	184.09333333333333	185.96	187.10666666666665	188.29333333333332	189.84666666666666	190.89333333333335	192.01333333333332	192.62666666666667	193.10666666666665	194.03333333333333	194.62	195.3	196.38666666666666	196.02666666666667	195.92666666666668	196.94	197.38	197.22	197.38	197.43333333333334	197.48666666666668	197.80666666666667	197.58	197.96666666666667	197.56	197.65333333333334	197.32666666666665	196.99333333333334	196.39333333333335	196.18	195.74	195.29333333333332	194.44666666666666	194.56	193.09333333333333	192.42	191.88	190.61333333333334	189.0	187.82	186.79333333333332	185.58666666666667	184.60666666666665	183.56666666666666	181.78	180.51333333333332	178.2	175.75333333333333	172.54666666666665	169.32	166.08666666666667	161.86	157.51333333333332	151.78	144.24666666666667	133.92666666666668	117.84	0.0
0.0	118.15333333333334	134.64	144.62	152.34	157.61333333333334	162.12	165.92	169.7	172.76666666666668	175.26666666666668	178.12666666666667	179.75333333333333	182.08666666666667	183.54666666666665	184.48666666666668	185.8	187.58	188.26666666666668	189.42	190.36666666666667	191.38666666666666	192.38666666666666	193.24	194.08	194.88666666666666	195.08666666666667	195.02666666666667	196.32	196.67333333333335	197.05333333333334	197.56	197.9	198.08666666666667	198.02	197.40666666666667	197.62666666666667	197.94	197.90666666666667	197.36666666666667	197.06666666666666	197.07333333333332	196.76666666666668	196.46666666666667	196.34	196.46666666666667	195.35333333333332	195.34	194.24666666666667	193.42666666666668	192.42	191.40666666666667	191.02	189.69333333333333	188.82666666666665	187.53333333333333	186.17333333333335	184.57333333333332	183.38	181.99333333333334	179.80666666666667	177.19333333333333	175.52666666666667	172.35333333333332	168.71333333333334	165.94	161.80666666666667	157.28666666666666	151.92	145.01333333333332	134.88666666666666	118.37333333333333	0.0
0.0	118.47333333333333	134.47333333333333	144.43333333333334	151.45333333333335	157.57333333333332	162.58	166.47333333333333	170.06666666666666	173.04	174.93333333333334	177.23333333333332	179.52	180.95333333333335	183.30666666666667	183.92666666666668	185.17333333333335	186.59333333333333	187.71333333333334	189.32666666666665	190.62666666666667	190.74666666666667	191.52	192.9	193.34666666666666	193.83333333333334	194.07333333333332	194.56	195.74	195.82	196.07333333333332	196.67333333333335	197.12	197.65333333333334	197.14666666666668	197.26666666666668	197.18	197.14666666666668	197.62666666666667	197.38	197.54666666666665	197.41333333333333	196.78	196.78	195.7	195.15333333333334	194.54666666666665	194.62666666666667	193.97333333333333	193.00666666666666	192.26	191.28	190.36666666666667	189.10666666666665	187.51333333333332	186.36	184.94	183.87333333333333	182.42666666666668	180.66666666666666	178.98	176.70666666666668	174.37333333333333	171.84666666666666	169.05333333333334	165.17333333333335	162.47333333333333	156.89333333333335	151.4	144.48666666666668	134.44666666666666	118.29333333333334	0.0
0.0	118.1	134.69333333333333	144.86	151.88666666666666	157.46	161.66	165.92	168.84	172.25333333333333	175.28	177.56666666666666	179.15333333333334	181.69333333333333	183.10666666666665	184.40666666666667	186.21333333333334	187.54	188.94	189.77333333333334	190.70666666666668	192.38666666666666	193.20666666666668	194.00666666666666	194.94666666666666	195.27333333333334	196.45333333333335	196.56666666666666	197.12666666666667	197.4	197.84666666666666	198.37333333333333	198.44666666666666	198.86666666666667	199.06	198.81333333333333	199.35333333333332	198.96	199.1	198.40666666666667	198.52666666666667	198.02666666666667	198.1	197.64666666666668	196.88	196.93333333333334	195.95333333333335	195.42666666666668	194.89333333333335	193.92666666666668	193.21333333333334	192.27333333333334	191.51333333333332	190.89333333333335	188.94666666666666	188.22	186.62	185.29333333333332	183.48	181.66666666666666	179.00666666666666	177.92666666666668	175.27333333333334	172.6	170.27333333333334	166.33333333333334	162.24666666666667	157.78666666666666	152.34666666666666	144.58	134.51333333333332	117.62	0.0
0.0	118.36	134.94	144.78	152.08	157.65333333333334	162.1	166.27333333333334	169.55333333333334	172.70666666666668	175.76	177.85333333333332	179.46666666666667	181.23333333333332	183.00666666666666	185.48	187.4	188.28666666666666	189.01333333333332	190.6	191.11333333333334	192.38666666666666	193.16666666666666	193.88	194.77333333333334	194.97333333333333	196.21333333333334	196.47333333333333	197.28	197.56	197.83333333333334	198.52666666666667	198.41333333333333	198.90666666666667	198.36	198.96	198.7	199.08666666666667	198.72	197.97333333333333	198.0	198.61333333333334	197.58666666666667	197.43333333333334	196.97333333333333	196.41333333333333	196.07333333333332	194.98	194.34	194.42	193.84666666666666	192.6	191.55333333333334	190.98	189.14666666666668	188.28	186.9	185.44	183.31333333333333	181.67333333333335	179.93333333333334	177.79333333333332	175.4	172.94	169.38	165.84666666666666	162.06	157.98	152.32666666666665	144.45333333333335	134.96666666666667	118.29333333333334	0.0
0.0	118.05333333333333	134.66	144.40666666666667	152.12666666666667	157.80666666666667	162.14	165.91333333333333	169.22666666666666	172.36666666666667	175.41333333333333	177.42	179.88	181.60666666666665	183.34	185.36	186.51333333333332	187.88	188.98	190.57333333333332	191.59333333333333	192.24666666666667	193.44666666666666	194.03333333333333	194.23333333333332	194.95333333333335	196.18666666666667	196.24	196.69333333333333	196.70666666666668	197.32666666666665	197.46	197.4	197.84	198.74	198.75333333333333	198.63333333333333	198.42	198.48	198.52666666666667	198.14	197.78	197.90666666666667	196.96	196.16666666666666	195.66666666666666	195.26	194.10666666666665	193.46	193.04	192.45333333333335	192.06666666666666	190.94666666666666	189.3	188.15333333333334	187.52666666666667	185.7	184.32	183.09333333333333	180.92666666666668	179.12666666666667	176.32666666666665	174.32	172.2	169.78666666666666	166.03333333333333	162.24666666666667	157.78	152.47333333333333	144.75333333333333	134.78666666666666	117.92	0.0
0.0	117.98666666666666	133.62	144.24666666666667	151.28666666666666	157.09333333333333	161.86666666666667	165.39333333333335	168.63333333333333	172.07333333333332	174.7	176.07333333333332	178.7	180.78666666666666	182.68666666666667	184.33333333333334	186.16	187.12	188.76	189.96	190.82	191.93333333333334	192.18	193.23333333333332	193.59333333333333	194.20666666666668	194.66	195.76666666666668	196.08	196.98666666666668	196.69333333333333	197.43333333333334	198.40666666666667	197.91333333333333	198.06666666666666	198.14666666666668	198.04	198.10666666666665	198.07333333333332	197.52666666666667	197.12	197.61333333333334	197.15333333333334	197.0	196.58	195.54666666666665	195.04	194.35333333333332	193.92	193.01333333333332	192.79333333333332	191.69333333333333	190.27333333333334	189.63333333333333	188.52	187.78	186.27333333333334	185.15333333333334	183.90666666666667	182.1	180.34666666666666	177.96666666666667	175.44	172.55333333333334	169.4	165.99333333333334	162.00666666666666	157.35333333333332	151.50666666666666	144.52	133.95333333333335	117.99333333333334	0.0
0.0	118.08666666666667	134.34	144.88	151.86	157.10666666666665	162.36666666666667	166.19333333333333	169.64666666666668	173.26666666666668	175.00666666666666	177.51333333333332	179.72	181.03333333333333	182.96666666666667	184.44666666666666	185.82666666666665	187.64	188.70666666666668	189.37333333333333	190.66666666666666	192.06	192.75333333333333	192.94666666666666	193.25333333333333	194.43333333333334	194.84666666666666	194.47333333333333	195.42	196.16666666666666	196.73333333333332	197.46	197.28	197.26	197.90666666666667	197.28	196.85333333333332	196.52	196.98666666666668	197.38	197.02	196.92666666666668	197.02666666666667	196.81333333333333	196.44666666666666	195.68666666666667	195.26666666666668	194.19333333333333	193.36	192.94666666666666	192.24666666666667	191.31333333333333	190.94666666666666	189.78	188.25333333333333	187.26	185.97333333333333	184.43333333333334	183.26	181.73333333333332	180.04666666666665	177.72	175.41333333333333	173.0	169.88	166.45333333333335	162.86666666666667	157.67333333333335	151.81333333333333	144.37333333333333	134.50666666666666	118.04666666666667	0.0
0.0	118.26666666666667	134.56	144.24	152.04	157.72	162.94666666666666	166.25333333333333	170.18	172.73333333333332	175.96	178.13333333333333	180.33333333333334	181.88666666666666	183.26666666666668	184.4	185.44	187.20666666666668	188.18666666666667	189.22	189.96666666666667	191.50666666666666	192.24666666666667	192.38	193.43333333333334	194.00666666666666	194.45333333333335	194.50666666666666	195.71333333333334	196.06	196.46	196.97333333333333	197.23333333333332	197.18666666666667	197.18666666666667	196.78	196.69333333333333	196.98666666666668	196.64666666666668	196.56666666666666	196.43333333333334	195.86666666666667	195.71333333333334	195.43333333333334	194.76	194.27333333333334	194.16666666666666	193.64	192.21333333333334	192.03333333333333	191.34	190.8	189.92666666666668	188.7	187.53333333333333	185.79333333333332	184.55333333333334	183.36666666666667	181.85333333333332	180.08	178.62	176.88	174.44	171.74666666666667	168.93333333333334	165.55333333333334	161.98	157.23333333333332	151.30666666666667	144.65333333333334	134.64666666666668	117.99333333333334	0.0
0.0	118.25333333333333	134.08666666666667	144.16	151.51333333333332	156.83333333333334	161.18	165.16	168.49333333333334	172.16666666666666	174.47333333333333	176.79333333333332	178.7	180.19333333333333	182.24666666666667	184.19333333333333	185.50666666666666	186.84	188.00666666666666	189.21333333333334	190.45333333333335	190.96666666666667	192.26	192.83333333333334	193.7	194.35333333333332	194.87333333333333	195.96666666666667	196.07333333333332	196.35333333333332	196.96	197.34	197.28666666666666	196.52666666666667	197.64666666666668	197.14666666666668	197.55333333333334	197.33333333333334	197.58666666666667	197.72	197.77333333333334	197.78666666666666	197.55333333333334	197.41333333333333	196.72666666666666	196.08	195.7	194.34666666666666	193.78	192.70666666666668	191.57333333333332	190.52	189.64666666666668	188.86	187.49333333333334	186.60666666666665	184.98666666666668	183.32666666666665	182.24666666666667	181.04666666666665	178.78	176.56	174.32666666666665	171.61333333333334	169.36666666666667	165.77333333333334	162.04666666666665	157.08666666666667	150.98	144.60666666666665	133.55333333333334	117.89333333333333	0.0
0.0	118.04	134.35333333333332	144.66666666666666	151.92	157.24666666666667	161.87333333333333	165.72666666666666	169.6	172.48	175.5	177.91333333333333	179.64	181.7	183.60666666666665	184.44	186.16666666666666	187.28	188.79333333333332	190.03333333333333	191.02	191.7	192.83333333333334	193.51333333333332	193.82	194.50666666666666	195.96666666666667	196.51333333333332	196.8	196.32666666666665	197.35333333333332	197.38	197.98666666666668	197.95333333333335	198.26666666666668	198.26666666666668	198.18666666666667	197.81333333333333	197.77333333333334	197.67333333333335	197.62	197.2	195.96	195.78	195.44666666666666	195.14666666666668	194.7	194.26	193.54	192.46	192.13333333333333	191.7	190.35333333333332	189.29333333333332	188.31333333333333	186.79333333333332	185.76	184.39333333333335	183.24666666666667	181.17333333333335	179.75333333333333	177.24	175.2	172.49333333333334	169.2	166.08666666666667	162.03333333333333	157.59333333333333	151.98	144.56666666666666	134.3	117.87333333333333	0.0
0.0	117.75333333333333	134.03333333333333	144.11333333333334	151.66666666666666	157.79333333333332	162.46	165.91333333333333	169.3	172.63333333333333	175.36	177.92	178.91333333333333	180.82	183.19333333333333	183.51333333333332	185.64	186.84	188.24	189.45333333333335	189.98	190.9	192.5	193.32	194.82666666666665	195.51333333333332	195.47333333333333	196.16666666666666	196.66666666666666	196.92666666666668	197.12666666666667	196.75333333333333	196.90666666666667	197.46	197.5	197.59333333333333	197.24666666666667	197.46	197.52666666666667	197.26	196.75333333333333	196.59333333333333	197.04	196.58	196.22666666666666	195.70666666666668	195.33333333333334	194.58666666666667	194.21333333333334	193.17333333333335	191.96666666666667	191.3	190.27333333333334	190.15333333333334	188.62666666666667	187.23333333333332	185.76	184.04666666666665	182.62	181.59333333333333	179.80666666666667	177.40666666666667	174.70666666666668	171.95333333333335	169.24666666666667	165.96	161.72	157.33333333333334	151.65333333333334	144.06	133.96	117.81333333333333	0.0
0.0	118.4	134.78666666666666	144.38	151.89333333333335	157.92	162.61333333333334	166.31333333333333	170.0	172.7	175.20666666666668	178.28666666666666	179.71333333333334	181.77333333333334	183.37333333333333	185.5	186.32	187.76666666666668	188.93333333333334	190.11333333333334	190.74666666666667	191.18666666666667	192.71333333333334	193.48	193.95333333333335	194.21333333333334	195.11333333333334	195.88	196.43333333333334	196.39333333333335	197.26666666666668	196.97333333333333	197.50666666666666	197.62	197.70666666666668	197.24666666666667	197.57333333333332	197.25333333333333	197.78	197.70666666666668	197.36666666666667	197.19333333333333	196.88	196.44666666666666	195.84	195.98666666666668	194.90666666666667	194.94666666666666	194.36666666666667	193.37333333333333	192.97333333333333	192.51333333333332	191.69333333333333	190.2	189.22666666666666	187.63333333333333	186.46666666666667	184.76666666666668	183.6	181.60666666666665	180.28	178.45333333333335	176.21333333333334	173.84	170.47333333333333	166.95333333333335	163.56666666666666	158.02666666666667	152.56	145.15333333333334	135.25333333333333	118.47333333333333	0.0
0.0	118.14	135.14666666666668	145.32666666666665	152.72666666666666	158.42666666666668	162.82666666666665	166.96	170.62	173.41333333333333	175.74666666666667	177.68666666666667	180.16	182.22	183.57333333333332	185.47333333333333	186.42	187.56666666666666	189.51333333333332	190.48	191.43333333333334	192.4	193.02666666666667	194.25333333333333	194.66666666666666	195.42	196.13333333333333	197.12	197.66	198.09333333333333	198.62	198.06	199.35333333333332	199.38	199.19333333333333	198.95333333333335	198.96666666666667	199.38666666666666	198.86	197.86	197.94	197.90666666666667	197.50666666666666	197.34	196.68666666666667	196.05333333333334	195.88	195.45333333333335	194.51333333333332	193.46	192.28666666666666	191.82666666666665	190.84666666666666	190.23333333333332	189.40666666666667	188.12666666666667	186.75333333333333	184.85333333333332	183.42	181.60666666666665	179.39333333333335	176.54	174.14	172.24	168.96	166.32	162.57333333333332	157.95333333333335	151.82666666666665	144.77333333333334	134.76666666666668	117.5	0.0
0.0	117.71333333333334	134.30666666666667	144.42666666666668	151.42666666666668	157.47333333333333	161.68666666666667	165.82	169.60666666666665	172.46	174.97333333333333	177.32	179.60666666666665	181.38666666666666	183.48	184.58	186.58666666666667	187.66	189.12	189.16	190.09333333333333	191.23333333333332	191.64	192.98666666666668	193.84666666666666	194.63333333333333	194.68	195.22	196.20666666666668	197.04	196.97333333333333	197.00666666666666	197.08666666666667	197.18	197.17333333333335	197.34666666666666	197.76666666666668	197.40666666666667	197.37333333333333	196.79333333333332	196.41333333333333	196.8	197.35333333333332	196.24666666666667	195.68666666666667	195.33333333333334	194.40666666666667	194.77333333333334	193.88	193.1	192.38	191.87333333333333	190.97333333333333	190.1	189.28666666666666	187.18	185.66666666666666	184.58	182.53333333333333	180.49333333333334	178.98	177.47333333333333	175.12666666666667	172.3	169.68666666666667	166.66666666666666	162.05333333333334	157.45333333333335	151.92	144.64666666666668	135.02666666666667	118.24	0.0
0.0	117.94666666666667	135.39333333333335	144.68666666666667	152.03333333333333	157.52	162.28	166.01333333333332	169.83333333333334	172.83333333333334	175.44	177.86666666666667	179.17333333333335	181.00666666666666	183.43333333333334	184.6	186.34666666666666	187.61333333333334	188.33333333333334	189.71333333333334	191.52666666666667	192.22	193.24	193.18666666666667	194.26	195.37333333333333	195.90666666666667	196.70666666666668	196.99333333333334	197.46	197.74	198.08666666666667	198.52	198.05333333333334	197.71333333333334	197.45333333333335	197.38	197.26	197.61333333333334	197.44	197.65333333333334	197.82	197.34	196.87333333333333	197.04	196.23333333333332	196.13333333333333	195.48666666666668	195.11333333333334	193.14666666666668	193.06	192.12	191.05333333333334	190.12666666666667	189.34666666666666	187.85333333333332	186.29333333333332	185.86666666666667	184.14666666666668	182.48666666666668	180.2	178.18	175.28	172.56	170.24	167.07333333333332	162.66666666666666	158.06666666666666	151.96666666666667	144.79333333333332	134.58	118.17333333333333	0.0
0.0	118.16666666666667	134.59333333333333	144.82666666666665	152.03333333333333	157.91333333333333	162.34666666666666	165.93333333333334	169.28	172.61333333333334	175.34	177.58	180.02666666666667	181.51333333333332	182.87333333333333	184.24666666666667	186.14	186.86666666666667	187.9	189.16666666666666	190.06666666666666	190.99333333333334	192.12666666666667	192.68	193.38666666666666	193.54	193.81333333333333	194.65333333333334	194.66666666666666	194.94666666666666	195.04666666666665	195.18	195.38666666666666	195.9	196.62	196.69333333333333	196.66666666666666	196.73333333333332	196.82666666666665	196.67333333333335	196.37333333333333	195.36	195.96	195.75333333333333	195.65333333333334	194.86	194.33333333333334	193.51333333333332	193.24	192.05333333333334	192.26666666666668	191.15333333333334	190.16	189.21333333333334	188.06	187.18	185.96	183.98	182.42	181.39333333333335	179.51333333333332	177.07333333333332	175.0	172.05333333333334	168.68	165.66666666666666	161.96666666666667	156.5	151.92	144.06	134.14	118.3	0.0
0.0	118.35333333333334	134.51333333333332	144.34	152.48666666666668	158.06	162.62	167.09333333333333	169.55333333333334	172.95333333333335	175.84666666666666	177.52	180.30666666666667	182.50666666666666	183.67333333333335	185.39333333333335	187.02666666666667	188.21333333333334	188.99333333333334	190.2	191.62	192.74666666666667	193.0	194.04666666666665	194.59333333333333	195.44666666666666	195.48666666666668	195.74	196.32	197.48666666666668	197.64666666666668	197.82666666666665	198.32666666666665	198.12666666666667	198.98666666666668	198.52666666666667	198.69333333333333	199.06	198.84	198.70666666666668	198.68666666666667	197.86666666666667	197.16	197.14666666666668	196.78	196.20666666666668	195.95333333333335	195.12	194.44666666666666	193.98	192.88666666666666	192.22	191.32	190.72	189.44666666666666	188.2	186.68666666666667	185.56666666666666	183.98	181.62666666666667	180.20666666666668	177.0	175.63333333333333	173.36666666666667	170.92	167.32	163.56	158.53333333333333	152.48666666666668	145.25333333333333	135.09333333333333	117.98	0.0
0.0	118.06	134.14	144.84	152.24	157.74	162.55333333333334	166.27333333333334	169.58666666666667	172.54666666666665	175.19333333333333	177.3	179.58666666666667	180.56	182.52666666666667	183.98666666666668	185.66666666666666	186.79333333333332	188.16	189.67333333333335	190.59333333333333	191.22666666666666	192.14	193.06666666666666	194.02	194.02	194.28	195.08	195.38666666666666	195.79333333333332	196.05333333333334	196.34666666666666	196.26	196.06666666666666	197.13333333333333	196.74666666666667	196.8	197.37333333333333	197.11333333333334	196.78666666666666	197.26	196.19333333333333	195.84666666666666	195.75333333333333	195.2	195.16	194.79333333333332	194.28666666666666	193.41333333333333	192.82666666666665	192.0	191.31333333333333	189.97333333333333	189.12666666666667	188.28	187.11333333333334	186.02666666666667	184.6	182.97333333333333	181.61333333333334	179.85333333333332	177.68666666666667	175.57333333333332	172.5	169.10666666666665	165.56666666666666	162.22666666666666	157.75333333333333	151.73333333333332	144.46	134.11333333333334	118.24	0.0
0.0	118.16	134.42666666666668	144.64	152.0	156.98	161.54666666666665	165.65333333333334	169.52666666666667	171.86666666666667	174.98	177.24666666666667	179.26	182.16	183.37333333333333	185.12666666666667	186.0	188.31333333333333	189.4	191.07333333333332	192.06666666666666	192.71333333333334	193.35333333333332	194.17333333333335	194.92666666666668	195.7	196.43333333333334	196.54666666666665	197.33333333333334	197.9	197.52	197.97333333333333	197.76	198.21333333333334	198.54	198.7	198.35333333333332	198.46666666666667	198.82666666666665	198.53333333333333	198.06	197.99333333333334	198.04	197.95333333333335	197.44	196.6	195.89333333333335	195.28	194.07333333333332	194.1	192.73333333333332	191.66	190.75333333333333	189.66	188.68666666666667	186.97333333333333	186.60666666666665	184.71333333333334	182.83333333333334	181.17333333333335	179.83333333333334	177.68666666666667	175.16666666666666	172.30666666666667	169.07333333333332	165.72666666666666	161.65333333333334	156.62666666666667	151.18666666666667	143.44666666666666	134.04	117.76	0.0
0.0	118.10666666666667	135.24	144.6	152.62666666666667	158.26666666666668	162.74666666666667	166.13333333333333	170.27333333333334	172.52666666666667	175.08666666666667	177.62	179.96	181.52666666666667	183.22	184.73333333333332	186.40666666666667	187.46	188.78	189.98	190.98	191.9	192.64	193.38666666666666	194.00666666666666	195.22666666666666	195.66	196.77333333333334	196.79333333333332	196.95333333333335	197.48666666666668	197.8	198.13333333333333	198.32	198.75333333333333	198.52	198.39333333333335	197.92	197.74	197.56666666666666	197.73333333333332	197.34	196.9	196.54666666666665	196.42	196.8	195.32666666666665	195.18666666666667	194.68	193.48	193.15333333333334	192.01333333333332	191.44	190.25333333333333	189.44666666666666	187.64	186.18	185.21333333333334	184.13333333333333	182.64666666666668	180.87333333333333	178.22666666666666	176.48666666666668	173.64	170.82666666666665	167.17333333333335	162.97333333333333	157.79333333333332	152.54	144.95333333333335	134.72666666666666	117.98	0.0
0.0	118.26666666666667	134.84	145.26666666666668	152.62	157.81333333333333	162.77333333333334	167.17333333333335	169.94	173.16	175.52	178.14	180.23333333333332	182.22	183.72666666666666	185.12666666666667	185.99333333333334	187.52	189.1	189.94666666666666	191.22666666666666	192.27333333333334	193.3	194.16666666666666	194.97333333333333	195.32	196.10666666666665	196.26666666666668	196.52	196.95333333333335	197.8	197.57333333333332	197.32	197.63333333333333	197.96666666666667	198.11333333333334	198.21333333333334	198.31333333333333	198.9	198.50666666666666	198.67333333333335	198.15333333333334	197.53333333333333	196.98666666666668	196.41333333333333	196.69333333333333	196.06	195.04	194.76666666666668	193.84	193.0	191.67333333333335	190.64666666666668	189.59333333333333	189.32	187.81333333333333	186.23333333333332	184.84666666666666	184.08666666666667	182.40666666666667	180.18	178.08666666666667	175.52	172.74	169.98	166.1	162.16666666666666	157.76666666666668	151.79333333333332	144.62	134.74	117.78666666666666	0.0
0.0	118.18	134.27333333333334	144.13333333333333	151.1	156.73333333333332	162.08666666666667	166.48666666666668	169.42666666666668	172.09333333333333	174.62	176.99333333333334	179.22	180.23333333333332	181.76666666666668	183.56666666666666	185.14666666666668	186.10666666666665	187.38	188.41333333333333	189.8	191.07333333333332	192.31333333333333	193.09333333333333	193.48	194.14	195.08	195.03333333333333	196.14	196.31333333333333	196.86666666666667	197.08	197.75333333333333	197.81333333333333	198.36666666666667	198.18	198.52666666666667	198.44666666666666	197.67333333333335	198.08666666666667	197.74666666666667	197.88666666666666	197.87333333333333	197.76	197.51333333333332	196.78	195.96	195.30666666666667	194.47333333333333	193.88666666666666	193.11333333333334	192.75333333333333	191.26	190.17333333333335	189.12666666666667	187.77333333333334	185.92666666666668	184.79333333333332	183.17333333333335	181.31333333333333	179.45333333333335	176.91333333333333	175.02	172.46	169.68666666666667	166.38666666666666	161.88666666666666	156.9	151.46	144.61333333333334	134.56666666666666	117.84	0.0
0.0	117.68666666666667	133.97333333333333	144.27333333333334	151.17333333333335	157.35333333333332	162.02	165.98	169.18666666666667	171.9	174.61333333333334	176.78	179.11333333333334	180.38	182.35333333333332	184.08666666666667	185.91333333333333	187.36	187.92666666666668	188.69333333333333	190.62	190.90666666666667	192.39333333333335	193.32	193.64	193.72	194.17333333333335	194.49333333333334	195.13333333333333	195.52666666666667	195.63333333333333	196.16666666666666	197.02666666666667	196.61333333333334	197.02666666666667	197.26	196.92	197.0	196.80666666666667	197.18666666666667	196.89333333333335	196.37333333333333	196.56	197.05333333333334	196.48	195.86666666666667	195.51333333333332	194.96	194.08	193.48666666666668	192.18666666666667	191.06666666666666	190.62	189.21333333333334	188.49333333333334	186.93333333333334	186.0	184.88	182.82666666666665	181.11333333333334	179.43333333333334	177.0	174.46	171.24666666666667	168.85333333333332	165.51333333333332	161.68666666666667	156.75333333333333	151.16666666666666	144.05333333333334	134.33333333333334	117.83333333333333	0.0
0.0	118.28	133.96	145.07333333333332	152.05333333333334	157.56	162.50666666666666	166.48666666666668	169.44666666666666	172.69333333333333	174.77333333333334	177.1	179.06666666666666	180.76666666666668	182.77333333333334	184.36666666666667	185.67333333333335	186.62666666666667	188.17333333333335	189.20666666666668	190.73333333333332	192.18	193.33333333333334	193.46666666666667	194.42666666666668	194.93333333333334	194.98666666666668	195.29333333333332	196.14	196.34	197.04	196.42666666666668	196.68666666666667	197.56	196.9	197.57333333333332	197.36	197.87333333333333	197.12666666666667	197.06	197.42	196.83333333333334	196.54	197.02	197.04	196.32	194.9	194.49333333333334	193.98666666666668	193.08	192.06666666666666	191.83333333333334	191.60666666666665	189.92666666666668	188.55333333333334	187.78	185.98	184.64666666666668	183.28	182.04	180.09333333333333	177.62	175.37333333333333	172.52	170.04	166.08	162.5	157.96	151.96666666666667	144.98666666666668	134.82	118.32666666666667	0.0
0.0	117.41333333333333	134.26	143.93333333333334	152.29333333333332	157.15333333333334	161.58	166.07333333333332	169.76	172.76666666666668	175.32	177.46	179.74666666666667	181.11333333333334	182.95333333333335	184.34666666666666	185.45333333333335	187.34666666666666	188.52	189.25333333333333	190.8	191.62666666666667	192.58	193.9	194.10666666666665	194.36666666666667	195.29333333333332	195.76666666666668	196.55333333333334	196.34666666666666	196.88	196.78666666666666	197.46666666666667	197.86666666666667	197.18666666666667	197.10666666666665	197.34666666666666	197.80666666666667	198.14666666666668	198.38666666666666	197.88	198.10666666666665	197.1	197.47333333333333	196.85333333333332	196.4	196.43333333333334	195.44	194.86	193.66666666666666	192.99333333333334	192.51333333333332	191.99333333333334	190.84666666666666	189.5	187.49333333333334	186.42666666666668	185.44666666666666	183.66	182.2	180.35333333333332	177.69333333333333	174.69333333333333	172.62666666666667	169.64666666666668	166.80666666666667	162.35333333333332	158.08666666666667	151.92666666666668	144.44	134.94	118.43333333333334	0.0
0.0	118.21333333333334	135.3	145.1	151.82666666666665	157.45333333333335	162.60666666666665	165.97333333333333	169.67333333333335	172.45333333333335	175.47333333333333	177.58	180.02	181.89333333333335	183.24666666666667	185.05333333333334	186.42666666666668	188.06	189.27333333333334	189.89333333333335	191.26	192.50666666666666	193.12666666666667	193.32666666666665	194.17333333333335	194.76666666666668	196.08666666666667	196.48666666666668	196.89333333333335	197.58666666666667	197.82	197.55333333333334	198.26666666666668	197.98666666666668	198.91333333333333	199.10666666666665	199.74	200.03333333333333	199.58666666666667	199.68	198.76666666666668	199.68666666666667	199.35333333333332	198.42	198.24666666666667	197.89333333333335	196.65333333333334	196.16	195.06666666666666	195.09333333333333	193.86	193.16666666666666	192.35333333333332	190.6	189.98	188.38	187.05333333333334	185.59333333333333	183.70666666666668	181.73333333333332	179.73333333333332	178.20666666666668	175.16666666666666	172.62	169.78666666666666	166.33333333333334	162.65333333333334	157.78	151.61333333333334	144.88	134.81333333333333	118.3	0.0
0.0	117.88	134.41333333333333	144.88666666666666	152.47333333333333	157.78666666666666	163.02666666666667	166.69333333333333	170.29333333333332	172.76666666666668	175.18666666666667	177.13333333333333	179.97333333333333	181.18	183.32666666666665	185.2	186.84666666666666	187.68666666666667	189.04666666666665	190.09333333333333	191.07333333333332	191.94666666666666	193.22666666666666	193.7	195.09333333333333	195.00666666666666	196.15333333333334	195.86	197.04666666666665	197.12	197.88	197.29333333333332	197.0	197.17333333333335	197.92	198.18	197.44	197.94	197.82666666666665	197.80666666666667	198.22666666666666	197.87333333333333	197.31333333333333	197.26666666666668	196.80666666666667	196.16666666666666	196.11333333333334	195.75333333333333	195.12	194.91333333333333	193.98	192.63333333333333	191.75333333333333	191.22666666666666	189.71333333333334	188.42666666666668	186.94666666666666	185.20666666666668	184.32	182.20666666666668	180.02666666666667	177.98	175.70666666666668	172.89333333333335	170.05333333333334	166.42666666666668	162.52	157.98666666666668	152.36	144.94	134.34	118.00666666666666	0.0
0.0	118.03333333333333	134.39333333333335	144.84	152.70666666666668	158.18	163.01333333333332	166.78	170.06666666666666	173.56666666666666	175.91333333333333	178.78	181.24666666666667	182.26666666666668	184.24	185.38	187.07333333333332	188.46666666666667	189.59333333333333	190.76666666666668	191.35333333333332	192.71333333333334	193.4	194.61333333333334	194.22666666666666	195.57333333333332	196.18666666666667	196.38	197.17333333333335	196.72	197.86	198.13333333333333	198.58	198.72666666666666	198.38666666666666	198.54	198.48	199.14	198.70666666666668	199.01333333333332	198.65333333333334	198.02	198.13333333333333	196.95333333333335	196.78	196.14	196.06666666666666	195.54	195.18	193.68	193.37333333333333	192.07333333333332	191.08666666666667	190.21333333333334	189.16	187.02666666666667	185.63333333333333	184.60666666666665	183.34666666666666	181.3	179.47333333333333	177.42	175.62	172.47333333333333	169.58	166.25333333333333	161.90666666666667	157.26666666666668	151.91333333333333	144.56	134.08666666666667	117.86666666666666	0.0
0.0	118.06	134.67333333333335	144.47333333333333	151.53333333333333	157.93333333333334	162.93333333333334	166.93333333333334	169.95333333333335	172.26666666666668	175.02666666666667	176.87333333333333	178.32666666666665	180.58	181.78666666666666	183.76666666666668	185.9	187.09333333333333	188.15333333333334	189.3	190.54666666666665	190.86666666666667	191.71333333333334	192.89333333333335	193.22	194.08	194.96	196.22666666666666	196.34666666666666	196.76666666666668	196.77333333333334	197.78666666666666	197.45333333333335	197.54666666666665	198.16666666666666	197.53333333333333	197.88666666666666	197.87333333333333	197.46	197.94666666666666	197.42666666666668	197.09333333333333	196.12666666666667	196.3	195.32666666666665	195.04666666666665	194.6	193.64	193.06	193.03333333333333	192.08	191.15333333333334	189.78666666666666	189.13333333333333	187.38	186.13333333333333	185.36666666666667	183.43333333333334	182.6	180.80666666666667	178.6	176.28666666666666	174.52666666666667	172.2	169.8	166.87333333333333	162.36666666666667	158.02	152.88666666666666	145.24	134.82666666666665	117.57333333333334	0.0
0.0	117.54	134.71333333333334	144.84	151.98666666666668	157.44	162.06666666666666	166.28	170.08	173.05333333333334	174.82	177.76	179.58666666666667	181.48666666666668	183.03333333333333	184.86	186.28666666666666	187.66	189.32	189.84666666666666	190.7	191.96	192.44	193.32	194.11333333333334	194.18666666666667	195.01333333333332	195.41333333333333	196.36	197.07333333333332	196.96	197.02666666666667	196.84666666666666	197.35333333333332	197.45333333333335	196.79333333333332	197.66	197.08666666666667	196.81333333333333	196.73333333333332	196.26	196.38666666666666	196.22	195.85333333333332	195.25333333333333	195.02666666666667	194.7	194.32666666666665	193.96	193.2	192.26666666666668	190.81333333333333	189.44	188.52666666666667	188.10666666666665	187.6	185.97333333333333	183.88666666666666	182.2	180.30666666666667	178.64666666666668	176.33333333333334	174.18	171.63333333333333	169.46666666666667	166.35333333333332	161.93333333333334	157.75333333333333	151.61333333333334	144.79333333333332	134.75333333333333	118.44	0.0
0.0	117.81333333333333	134.75333333333333	145.59333333333333	152.60666666666665	158.29333333333332	162.52666666666667	167.00666666666666	169.58666666666667	172.59333333333333	175.51333333333332	177.89333333333335	180.13333333333333	182.20666666666668	183.71333333333334	185.68	187.28	187.84	190.02	190.87333333333333	191.5	192.15333333333334	193.03333333333333	194.11333333333334	194.64666666666668	195.23333333333332	195.78	196.24666666666667	196.33333333333334	197.12	197.58	198.18666666666667	197.88	197.66666666666666	198.18666666666667	198.18	198.08666666666667	198.30666666666667	198.09333333333333	197.98	197.86	197.82666666666665	197.38666666666666	196.7	196.69333333333333	196.28	195.92666666666668	194.75333333333333	194.22666666666666	193.04	192.74	191.51333333333332	191.45333333333335	190.04666666666665	188.62	187.98666666666668	186.53333333333333	185.29333333333332	183.72	181.79333333333332	180.02	178.20666666666668	175.96666666666667	174.02666666666667	170.65333333333334	167.38	162.83333333333334	158.41333333333333	152.44	144.87333333333333	134.63333333333333	118.14666666666666	0.0
0.0	118.05333333333333	134.71333333333334	144.43333333333334	152.00666666666666	157.96	162.76666666666668	166.37333333333333	169.93333333333334	173.10666666666665	175.54	177.52666666666667	180.20666666666668	181.99333333333334	183.8	185.25333333333333	187.05333333333334	188.36	189.74666666666667	190.52666666666667	191.56666666666666	192.03333333333333	192.78666666666666	193.64	194.70666666666668	195.20666666666668	195.44666666666666	196.65333333333334	196.77333333333334	197.06	197.64666666666668	197.82666666666665	197.68	197.26666666666668	197.55333333333334	197.85333333333332	197.61333333333334	198.25333333333333	198.09333333333333	197.8	197.86666666666667	197.39333333333335	197.02666666666667	196.87333333333333	196.29333333333332	195.45333333333335	195.00666666666666	194.60666666666665	194.14666666666668	193.62666666666667	193.02666666666667	192.59333333333333	191.27333333333334	190.52666666666667	189.71333333333334	188.48	186.94666666666666	186.26	184.13333333333333	182.47333333333333	180.04666666666665	178.07333333333332	175.62	172.43333333333334	169.47333333333333	166.02	161.99333333333334	157.68	152.04666666666665	144.95333333333335	134.52	118.61333333333333	0.0
0.0	117.42	134.53333333333333	145.24666666666667	152.17333333333335	157.76	162.22666666666666	166.12	169.68666666666667	173.18	175.35333333333332	177.94	179.72	181.73333333333332	182.90666666666667	184.48	186.35333333333332	187.18	189.08	190.41333333333333	191.46	192.12	192.88666666666666	194.3	195.02	195.08666666666667	196.12666666666667	196.23333333333332	196.58666666666667	197.34	197.69333333333333	197.66666666666666	198.18	198.14	198.12666666666667	198.59333333333333	198.33333333333334	198.48	198.18666666666667	198.00666666666666	198.46	198.28666666666666	197.86666666666667	197.07333333333332	196.46	196.17333333333335	196.42666666666668	195.42666666666668	194.46666666666667	193.38666666666666	193.34666666666666	192.92	191.55333333333334	190.47333333333333	189.38666666666666	187.98	187.29333333333332	185.25333333333333	183.81333333333333	182.16	180.12	178.60666666666665	175.98666666666668	173.2	169.95333333333335	166.58	162.53333333333333	158.02	152.54666666666665	144.73333333333332	134.04666666666665	118.08	0.0
0.0	118.13333333333334	134.72	145.5	152.77333333333334	158.71333333333334	163.30666666666667	166.57333333333332	170.02	172.64666666666668	175.44	177.35333333333332	179.2	181.41333333333333	182.71333333333334	184.28666666666666	186.24	187.53333333333333	189.16666666666666	190.1	191.4	191.72666666666666	193.06	193.67333333333335	194.18666666666667	195.0	195.61333333333334	196.36	196.57333333333332	197.08	197.36666666666667	197.67333333333335	197.10666666666665	197.4	197.98	197.80666666666667	198.5	197.86666666666667	197.80666666666667	197.84666666666666	197.74666666666667	197.38666666666666	196.9	196.13333333333333	196.06666666666666	195.96	194.96666666666667	194.48	194.0	193.58666666666667	192.30666666666667	191.96666666666667	190.26	189.72	188.86666666666667	187.62666666666667	186.52666666666667	184.9	183.47333333333333	181.65333333333334	179.4	177.72	175.70666666666668	172.74666666666667	169.04	165.84	162.04666666666665	157.44666666666666	151.68666666666667	144.49333333333334	134.62	118.3	0.0
0.0	117.94666666666667	134.00666666666666	144.48	152.06666666666666	157.22666666666666	161.69333333333333	166.09333333333333	169.38666666666666	172.4	175.09333333333333	177.45333333333335	179.57333333333332	181.68666666666667	183.10666666666665	184.16	186.12666666666667	187.43333333333334	189.33333333333334	190.27333333333334	190.78666666666666	191.92666666666668	192.54	193.08666666666667	194.3	194.91333333333333	195.91333333333333	195.56666666666666	196.03333333333333	196.27333333333334	196.74666666666667	196.45333333333335	196.58	197.12	197.4	198.09333333333333	197.96666666666667	197.80666666666667	197.82666666666665	197.80666666666667	197.06666666666666	197.18666666666667	196.47333333333333	196.35333333333332	195.59333333333333	194.96666666666667	194.99333333333334	194.78666666666666	193.82	193.34666666666666	192.16666666666666	191.54	190.69333333333333	189.69333333333333	187.99333333333334	187.08	185.66	184.08	182.38666666666666	180.37333333333333	178.70666666666668	176.92666666666668	175.01333333333332	172.16	169.34666666666666	166.25333333333333	162.10666666666665	158.0	152.42666666666668	144.31333333333333	134.44	118.14666666666666	0.0
0.0	117.96	134.53333333333333	144.49333333333334	151.88666666666666	157.76	162.22	166.22	169.07333333333332	171.99333333333334	174.44666666666666	176.94	178.78	180.57333333333332	182.30666666666667	184.09333333333333	185.69333333333333	187.18	188.46	189.85333333333332	190.49333333333334	191.25333333333333	192.28	192.50666666666666	193.57333333333332	194.96	195.80666666666667	196.10666666666665	196.00666666666666	195.96666666666667	196.59333333333333	197.33333333333334	197.56	197.84	198.0	198.29333333333332	198.20666666666668	197.81333333333333	197.66	197.92666666666668	197.61333333333334	196.98	196.86666666666667	196.44666666666666	196.0	195.74	195.26666666666668	194.78	194.0	193.83333333333334	192.91333333333333	191.8	190.92	189.83333333333334	189.14666666666668	187.84	186.39333333333335	185.04	182.76	181.36	179.46	176.84666666666666	175.06	171.81333333333333	168.67333333333335	165.95333333333335	161.93333333333334	157.57333333333332	152.05333333333334	145.39333333333335	134.9	118.40666666666667	0.0
0.0	117.32666666666667	134.43333333333334	144.46	151.68	157.28666666666666	162.02666666666667	166.11333333333334	169.15333333333334	172.59333333333333	174.86	177.12	179.28	180.70666666666668	182.92	184.36666666666667	186.08	187.22666666666666	188.64666666666668	189.82666666666665	190.2	191.16666666666666	192.56666666666666	193.51333333333332	194.06	195.38666666666666	196.21333333333334	196.3	197.06	197.29333333333332	198.1	197.86666666666667	198.23333333333332	198.82666666666665	198.25333333333333	198.89333333333335	199.17333333333335	198.92	199.16	199.09333333333333	198.34	197.7	198.06666666666666	197.62	196.98	196.56	195.66	195.72	194.27333333333334	193.81333333333333	193.38	192.38666666666666	190.77333333333334	190.12666666666667	189.27333333333334	187.70666666666668	186.76	184.62	183.05333333333334	181.60666666666665	179.16666666666666	177.27333333333334	174.78	172.11333333333334	169.02666666666667	165.78666666666666	161.62	157.16	151.81333333333333	143.96666666666667	133.84	117.46666666666667	0.0
0.0	118.06666666666666	133.8	144.2	151.20666666666668	156.92	161.57333333333332	165.80666666666667	169.41333333333333	172.73333333333332	174.34666666666666	177.32	179.24	181.82666666666665	183.0	184.66666666666666	186.29333333333332	187.70666666666668	188.61333333333334	190.26	191.04666666666665	191.95333333333335	192.99333333333334	193.76666666666668	194.03333333333333	194.18	195.16666666666666	195.19333333333333	195.90666666666667	196.48666666666668	197.2	197.67333333333335	197.75333333333333	197.76666666666668	197.34	197.62666666666667	198.03333333333333	197.09333333333333	197.04666666666665	197.23333333333332	196.71333333333334	196.72	196.75333333333333	196.1	195.68666666666667	195.30666666666667	195.32666666666665	194.10666666666665	194.36666666666667	192.66	191.81333333333333	191.30666666666667	190.38	189.28666666666666	187.89333333333335	187.16666666666666	185.88666666666666	184.04	182.66	181.1	178.96	176.6	174.87333333333333	172.28	169.24	165.57333333333332	162.26666666666668	157.33333333333334	151.38	143.84	133.93333333333334	117.76666666666667	0.0
