0.0	140.92666666666668	142.56666666666666	142.54	142.54666666666665	142.54	142.64	142.50666666666666	142.51333333333332	142.52	142.56666666666666	142.54666666666665	142.59333333333333	142.55333333333334	142.51333333333332	142.49333333333334	142.56666666666666	142.55333333333334	142.56666666666666	142.59333333333333	142.61333333333334	142.56666666666666	142.61333333333334	142.58	142.6	142.61333333333334	142.58	142.61333333333334	142.53333333333333	142.6	142.50666666666666	142.63333333333333	142.67333333333335	142.64666666666668	142.55333333333334	142.6	142.58666666666667	142.6	142.53333333333333	142.55333333333334	142.62666666666667	142.50666666666666	142.55333333333334	142.58	142.6	142.54	142.56666666666666	142.62666666666667	142.56666666666666	142.58	142.54	142.58	142.58	142.55333333333334	142.55333333333334	142.56	142.56	142.54666666666665	142.60666666666665	142.59333333333333	142.60666666666665	142.58666666666667	142.56	142.52666666666667	142.6	142.56	142.62	142.55333333333334	142.54666666666665	142.50666666666666	142.44666666666666	140.94	0.0
0.0	140.80666666666667	142.55333333333334	142.6	142.58	142.59333333333333	142.68	142.44666666666666	142.50666666666666	142.59333333333333	142.62666666666667	142.56666666666666	142.61333333333334	142.51333333333332	142.62666666666667	142.54	142.60666666666665	142.58666666666667	142.63333333333333	142.64	142.57333333333332	142.54666666666665	142.55333333333334	142.58666666666667	142.66	142.66666666666666	142.62666666666667	142.57333333333332	142.51333333333332	142.62666666666667	142.53333333333333	142.59333333333333	142.53333333333333	142.54666666666665	142.64	142.65333333333334	142.55333333333334	142.58666666666667	142.53333333333333	142.56666666666666	142.62666666666667	142.56666666666666	142.6	142.56	142.51333333333332	142.59333333333333	142.49333333333334	142.55333333333334	142.54666666666665	142.56666666666666	142.48666666666668	142.58	142.62666666666667	142.58	142.65333333333334	142.57333333333332	142.57333333333332	142.52666666666667	142.58666666666667	142.63333333333333	142.5	142.56	142.66	142.56	142.58666666666667	142.62666666666667	142.61333333333334	142.58666666666667	142.54	142.56666666666666	142.44666666666666	141.03333333333333	0.0
0.0	140.97333333333333	142.59333333333333	142.67333333333335	142.66666666666666	142.68666666666667	142.68	142.57333333333332	142.63333333333333	142.66	142.63333333333333	142.64	142.68	142.66	142.69333333333333	142.62666666666667	142.53333333333333	142.65333333333334	142.62666666666667	142.58	142.73333333333332	142.60666666666665	142.58666666666667	142.6	142.66	142.65333333333334	142.64666666666668	142.66666666666666	142.65333333333334	142.54	142.49333333333334	142.56666666666666	142.61333333333334	142.64666666666668	142.58666666666667	142.65333333333334	142.62	142.65333333333334	142.66666666666666	142.58	142.64	142.63333333333333	142.55333333333334	142.63333333333333	142.68	142.54666666666665	142.59333333333333	142.7	142.66666666666666	142.64	142.6	142.62	142.57333333333332	142.62	142.56	142.60666666666665	142.66666666666666	142.60666666666665	142.57333333333332	142.62666666666667	142.61333333333334	142.64666666666668	142.60666666666665	142.65333333333334	142.58	142.57333333333332	142.54666666666665	142.60666666666665	142.6	142.66	142.51333333333332	141.04666666666665	0.0
0.0	140.86	142.45333333333335	142.58	142.64	142.50666666666666	142.54666666666665	142.56666666666666	142.50666666666666	142.58	142.6	142.49333333333334	142.55333333333334	142.56666666666666	142.54666666666665	142.54	142.54666666666665	142.49333333333334	142.49333333333334	142.55333333333334	142.50666666666666	142.50666666666666	142.52	142.51333333333332	142.54666666666665	142.56666666666666	142.47333333333333	142.49333333333334	142.52	142.51333333333332	142.52	142.58666666666667	142.5	142.51333333333332	142.58666666666667	142.52	142.50666666666666	142.56	142.46666666666667	142.53333333333333	142.56	142.51333333333332	142.54	142.58666666666667	142.55333333333334	142.58	142.64	142.6	142.55333333333334	142.58	142.63333333333333	142.57333333333332	142.53333333333333	142.48666666666668	142.52666666666667	142.56	142.64666666666668	142.64	142.62	142.54666666666665	142.48	142.60666666666665	142.40666666666667	142.50666666666666	142.6	142.44	142.58666666666667	142.49333333333334	142.49333333333334	142.54	142.41333333333333	141.05333333333334	0.0
0.0	140.94	142.46666666666667	142.44666666666666	142.46666666666667	142.56	142.55333333333334	142.62666666666667	142.53333333333333	142.62666666666667	142.56666666666666	142.51333333333332	142.60666666666665	142.54	142.48	142.59333333333333	142.51333333333332	142.49333333333334	142.54666666666665	142.53333333333333	142.60666666666665	142.58666666666667	142.54666666666665	142.55333333333334	142.52	142.62666666666667	142.58666666666667	142.59333333333333	142.56	142.50666666666666	142.59333333333333	142.55333333333334	142.58	142.48	142.46666666666667	142.67333333333335	142.56	142.54	142.42	142.51333333333332	142.59333333333333	142.52	142.44	142.50666666666666	142.53333333333333	142.52666666666667	142.54666666666665	142.55333333333334	142.56	142.5	142.50666666666666	142.61333333333334	142.50666666666666	142.62	142.6	142.51333333333332	142.49333333333334	142.50666666666666	142.53333333333333	142.59333333333333	142.59333333333333	142.50666666666666	142.58666666666667	142.46666666666667	142.54666666666665	142.59333333333333	142.48	142.5	142.56666666666666	142.54666666666665	142.42666666666668	140.81333333333333	0.0
0.0	141.04	142.45333333333335	142.5	142.47333333333333	142.52666666666667	142.6	142.54666666666665	142.58	142.60666666666665	142.50666666666666	142.55333333333334	142.52666666666667	142.52	142.58666666666667	142.54	142.50666666666666	142.54	142.46	142.56666666666666	142.42666666666668	142.58	142.60666666666665	142.58666666666667	142.54	142.57333333333332	142.52666666666667	142.52	142.66	142.58666666666667	142.6	142.52	142.50666666666666	142.60666666666665	142.56	142.53333333333333	142.52	142.59333333333333	142.48666666666668	142.62666666666667	142.55333333333334	142.57333333333332	142.60666666666665	142.58666666666667	142.54	142.58	142.57333333333332	142.58666666666667	142.53333333333333	142.55333333333334	142.56	142.62	142.54	142.57333333333332	142.44666666666666	142.54	142.64	142.51333333333332	142.64	142.57333333333332	142.51333333333332	142.45333333333335	142.57333333333332	142.50666666666666	142.65333333333334	142.52	142.6	142.58	142.59333333333333	142.56	142.49333333333334	141.0	0.0
0.0	140.87333333333333	142.52	142.61333333333334	142.63333333333333	142.62666666666667	142.61333333333334	142.63333333333333	142.71333333333334	142.64	142.66	142.62666666666667	142.62666666666667	142.74	142.69333333333333	142.65333333333334	142.61333333333334	142.65333333333334	142.65333333333334	142.58666666666667	142.59333333333333	142.59333333333333	142.61333333333334	142.62	142.62	142.63333333333333	142.60666666666665	142.71333333333334	142.56	142.63333333333333	142.60666666666665	142.59333333333333	142.67333333333335	142.58666666666667	142.65333333333334	142.53333333333333	142.63333333333333	142.67333333333335	142.59333333333333	142.6	142.69333333333333	142.67333333333335	142.66666666666666	142.68	142.63333333333333	142.54666666666665	142.57333333333332	142.59333333333333	142.64666666666668	142.61333333333334	142.61333333333334	142.66	142.64	142.62666666666667	142.68	142.55333333333334	142.58666666666667	142.65333333333334	142.62	142.59333333333333	142.60666666666665	142.58666666666667	142.69333333333333	142.66666666666666	142.53333333333333	142.57333333333332	142.67333333333335	142.73333333333332	142.59333333333333	142.62	142.5	140.98666666666668	0.0
0.0	140.82666666666665	142.42666666666668	142.50666666666666	142.46	142.43333333333334	142.48666666666668	142.44666666666666	142.45333333333335	142.46	142.48	142.46666666666667	142.48666666666668	142.44666666666666	142.48666666666668	142.42	142.42	142.48	142.47333333333333	142.40666666666667	142.36	142.45333333333335	142.51333333333332	142.44	142.44	142.43333333333334	142.45333333333335	142.35333333333332	142.4	142.46666666666667	142.38666666666666	142.44666666666666	142.4	142.50666666666666	142.44	142.41333333333333	142.38666666666666	142.34	142.4	142.46	142.40666666666667	142.51333333333332	142.43333333333334	142.5	142.43333333333334	142.44	142.46	142.42	142.50666666666666	142.42666666666668	142.42	142.44666666666666	142.45333333333335	142.47333333333333	142.44666666666666	142.32666666666665	142.44666666666666	142.41333333333333	142.45333333333335	142.5	142.40666666666667	142.4	142.44666666666666	142.42666666666668	142.36	142.43333333333334	142.48666666666668	142.42	142.46	142.44666666666666	142.37333333333333	140.86666666666667	0.0
0.0	141.09333333333333	142.44666666666666	142.58	142.52	142.57333333333332	142.67333333333335	142.53333333333333	142.58666666666667	142.46	142.43333333333334	142.44	142.56666666666666	142.48	142.55333333333334	142.52	142.6	142.51333333333332	142.54666666666665	142.58	142.52	142.63333333333333	142.53333333333333	142.52	142.49333333333334	142.53333333333333	142.52	142.56	142.56	142.58	142.53333333333333	142.54666666666665	142.64	142.51333333333332	142.58666666666667	142.58666666666667	142.54666666666665	142.59333333333333	142.62666666666667	142.55333333333334	142.51333333333332	142.54	142.57333333333332	142.58	142.52	142.58	142.56	142.50666666666666	142.56	142.52	142.49333333333334	142.47333333333333	142.49333333333334	142.54666666666665	142.51333333333332	142.58666666666667	142.52	142.61333333333334	142.53333333333333	142.58	142.50666666666666	142.55333333333334	142.56	142.52	142.48666666666668	142.48	142.6	142.67333333333335	142.58666666666667	142.53333333333333	142.44666666666666	140.83333333333334	0.0
0.0	140.91333333333333	142.55333333333334	142.58	142.59333333333333	142.6	142.48666666666668	142.61333333333334	142.53333333333333	142.67333333333335	142.58666666666667	142.54	142.55333333333334	142.65333333333334	142.52666666666667	142.47333333333333	142.64666666666668	142.62666666666667	142.56	142.62	142.71333333333334	142.58666666666667	142.64666666666668	142.56666666666666	142.72666666666666	142.60666666666665	142.52666666666667	142.66666666666666	142.57333333333332	142.56666666666666	142.69333333333333	142.58666666666667	142.54	142.52666666666667	142.61333333333334	142.62666666666667	142.63333333333333	142.62666666666667	142.61333333333334	142.59333333333333	142.7	142.56	142.55333333333334	142.62	142.6	142.55333333333334	142.56666666666666	142.62666666666667	142.55333333333334	142.6	142.62666666666667	142.51333333333332	142.63333333333333	142.56666666666666	142.61333333333334	142.7	142.57333333333332	142.54666666666665	142.57333333333332	142.57333333333332	142.56666666666666	142.59333333333333	142.56	142.64666666666668	142.64	142.6	142.53333333333333	142.62666666666667	142.57333333333332	142.67333333333335	142.62666666666667	140.85333333333332	0.0
0.0	140.84666666666666	142.51333333333332	142.55333333333334	142.47333333333333	142.58	142.69333333333333	142.48666666666668	142.51333333333332	142.46	142.54666666666665	142.48666666666668	142.51333333333332	142.55333333333334	142.49333333333334	142.60666666666665	142.55333333333334	142.56	142.58	142.48	142.59333333333333	142.46666666666667	142.51333333333332	142.54666666666665	142.60666666666665	142.50666666666666	142.58666666666667	142.51333333333332	142.58666666666667	142.50666666666666	142.50666666666666	142.5	142.44	142.52	142.57333333333332	142.56	142.48	142.54666666666665	142.46666666666667	142.54666666666665	142.64	142.6	142.57333333333332	142.52666666666667	142.53333333333333	142.48666666666668	142.58	142.5	142.52	142.55333333333334	142.53333333333333	142.62	142.5	142.57333333333332	142.54	142.58666666666667	142.49333333333334	142.53333333333333	142.54666666666665	142.50666666666666	142.44666666666666	142.50666666666666	142.42	142.52666666666667	142.52	142.53333333333333	142.59333333333333	142.5	142.50666666666666	142.56666666666666	142.45333333333335	140.73333333333332	0.0
0.0	140.8	142.40666666666667	142.55333333333334	142.48	142.56666666666666	142.48	142.54666666666665	142.50666666666666	142.5	142.43333333333334	142.5	142.59333333333333	142.46666666666667	142.56666666666666	142.54666666666665	142.44666666666666	142.52666666666667	142.50666666666666	142.48666666666668	142.51333333333332	142.38666666666666	142.57333333333332	142.44666666666666	142.49333333333334	142.51333333333332	142.42	142.48	142.46	142.4	142.51333333333332	142.50666666666666	142.52666666666667	142.52666666666667	142.52	142.54	142.42	142.54	142.47333333333333	142.52	142.46666666666667	142.56	142.50666666666666	142.52	142.39333333333335	142.50666666666666	142.50666666666666	142.49333333333334	142.50666666666666	142.46666666666667	142.42666666666668	142.5	142.58666666666667	142.56	142.56	142.58	142.46	142.48	142.51333333333332	142.51333333333332	142.50666666666666	142.56	142.55333333333334	142.52666666666667	142.49333333333334	142.48	142.46666666666667	142.50666666666666	142.49333333333334	142.54666666666665	142.38	140.92	0.0
0.0	140.84666666666666	142.51333333333332	142.52666666666667	142.48666666666668	142.59333333333333	142.58	142.49333333333334	142.56	142.54	142.55333333333334	142.55333333333334	142.60666666666665	142.54	142.54666666666665	142.55333333333334	142.53333333333333	142.55333333333334	142.53333333333333	142.56666666666666	142.46666666666667	142.49333333333334	142.64	142.55333333333334	142.52666666666667	142.46666666666667	142.50666666666666	142.52	142.57333333333332	142.5	142.56666666666666	142.52666666666667	142.54	142.50666666666666	142.56	142.54	142.53333333333333	142.56	142.49333333333334	142.58666666666667	142.54	142.5	142.57333333333332	142.53333333333333	142.53333333333333	142.56	142.51333333333332	142.5	142.46	142.52666666666667	142.56666666666666	142.62666666666667	142.54666666666665	142.6	142.54666666666665	142.54666666666665	142.56666666666666	142.52	142.5	142.56	142.54	142.56	142.5	142.51333333333332	142.58	142.55333333333334	142.57333333333332	142.56	142.58	142.48	142.46	140.82	0.0
0.0	141.0	142.49333333333334	142.54666666666665	142.52666666666667	142.57333333333332	142.54	142.56666666666666	142.44	142.56	142.48	142.56	142.51333333333332	142.52	142.48666666666668	142.49333333333334	142.45333333333335	142.58	142.48	142.49333333333334	142.62	142.42	142.39333333333335	142.45333333333335	142.57333333333332	142.52	142.57333333333332	142.48	142.5	142.59333333333333	142.46	142.57333333333332	142.51333333333332	142.47333333333333	142.46666666666667	142.47333333333333	142.52666666666667	142.46	142.5	142.48	142.54	142.54	142.5	142.45333333333335	142.56	142.48666666666668	142.56	142.42666666666668	142.50666666666666	142.47333333333333	142.53333333333333	142.51333333333332	142.52	142.52	142.51333333333332	142.54666666666665	142.50666666666666	142.55333333333334	142.46	142.50666666666666	142.56666666666666	142.46666666666667	142.52666666666667	142.50666666666666	142.53333333333333	142.48	142.48	142.54666666666665	142.48	142.48666666666668	142.50666666666666	140.9	0.0
0.0	141.02666666666667	142.46666666666667	142.66666666666666	142.6	142.6	142.56	142.67333333333335	142.57333333333332	142.54	142.57333333333332	142.58666666666667	142.68	142.60666666666665	142.56	142.53333333333333	142.60666666666665	142.53333333333333	142.53333333333333	142.50666666666666	142.51333333333332	142.67333333333335	142.54	142.5	142.56	142.56	142.55333333333334	142.64	142.56	142.55333333333334	142.51333333333332	142.56	142.52666666666667	142.56	142.59333333333333	142.6	142.53333333333333	142.66	142.64	142.56	142.52	142.50666666666666	142.54	142.64666666666668	142.54666666666665	142.62	142.56666666666666	142.61333333333334	142.54	142.58	142.6	142.56	142.48	142.6	142.54666666666665	142.66666666666666	142.54666666666665	142.55333333333334	142.52666666666667	142.60666666666665	142.61333333333334	142.58666666666667	142.50666666666666	142.47333333333333	142.60666666666665	142.60666666666665	142.58666666666667	142.56666666666666	142.52666666666667	142.58666666666667	142.42666666666668	140.89333333333335	0.0
0.0	140.74666666666667	142.47333333333333	142.56	142.55333333333334	142.48666666666668	142.42666666666668	142.56666666666666	142.43333333333334	142.51333333333332	142.5	142.47333333333333	142.57333333333332	142.57333333333332	142.52666666666667	142.45333333333335	142.66	142.46	142.48	142.48	142.5	142.53333333333333	142.48	142.54666666666665	142.50666666666666	142.49333333333334	142.42	142.53333333333333	142.52	142.48	142.49333333333334	142.54	142.46666666666667	142.52	142.56666666666666	142.55333333333334	142.46	142.50666666666666	142.52	142.47333333333333	142.47333333333333	142.53333333333333	142.48666666666668	142.47333333333333	142.50666666666666	142.47333333333333	142.48666666666668	142.48	142.60666666666665	142.46666666666667	142.38666666666666	142.54666666666665	142.45333333333335	142.52666666666667	142.49333333333334	142.52	142.45333333333335	142.46	142.47333333333333	142.54	142.50666666666666	142.54666666666665	142.43333333333334	142.53333333333333	142.48	142.46	142.54666666666665	142.62666666666667	142.5	142.46666666666667	142.44666666666666	140.98	0.0
0.0	140.85333333333332	142.55333333333334	142.50666666666666	142.52	142.46666666666667	142.6	142.5	142.59333333333333	142.53333333333333	142.54	142.58666666666667	142.54666666666665	142.56666666666666	142.57333333333332	142.48666666666668	142.53333333333333	142.63333333333333	142.53333333333333	142.50666666666666	142.46666666666667	142.62	142.64	142.54666666666665	142.56	142.63333333333333	142.48	142.52666666666667	142.49333333333334	142.5	142.52	142.6	142.57333333333332	142.56	142.58666666666667	142.52666666666667	142.51333333333332	142.56666666666666	142.50666666666666	142.53333333333333	142.51333333333332	142.55333333333334	142.55333333333334	142.59333333333333	142.56666666666666	142.45333333333335	142.64	142.58666666666667	142.50666666666666	142.52	142.59333333333333	142.54	142.62666666666667	142.55333333333334	142.6	142.48666666666668	142.54666666666665	142.61333333333334	142.66666666666666	142.54	142.57333333333332	142.56	142.52666666666667	142.58666666666667	142.57333333333332	142.47333333333333	142.62666666666667	142.60666666666665	142.55333333333334	142.56	142.52	140.98666666666668	0.0
0.0	140.93333333333334	142.52	142.56	142.64	142.53333333333333	142.59333333333333	142.56666666666666	142.56666666666666	142.7	142.54666666666665	142.56	142.58666666666667	142.62	142.53333333333333	142.56	142.62	142.53333333333333	142.52666666666667	142.58	142.58	142.59333333333333	142.58666666666667	142.60666666666665	142.56666666666666	142.54666666666665	142.61333333333334	142.64666666666668	142.56666666666666	142.57333333333332	142.58666666666667	142.49333333333334	142.58666666666667	142.62666666666667	142.54	142.53333333333333	142.54	142.5	142.56666666666666	142.57333333333332	142.56	142.53333333333333	142.62666666666667	142.63333333333333	142.63333333333333	142.57333333333332	142.56	142.7	142.58666666666667	142.62	142.61333333333334	142.54666666666665	142.58666666666667	142.62666666666667	142.55333333333334	142.57333333333332	142.52666666666667	142.56666666666666	142.6	142.52666666666667	142.60666666666665	142.66666666666666	142.61333333333334	142.60666666666665	142.60666666666665	142.56666666666666	142.54666666666665	142.63333333333333	142.52	142.60666666666665	142.51333333333332	140.98	0.0
0.0	140.77333333333334	142.46	142.53333333333333	142.48666666666668	142.5	142.45333333333335	142.54666666666665	142.49333333333334	142.46666666666667	142.52	142.54	142.56	142.49333333333334	142.58	142.52	142.43333333333334	142.48666666666668	142.50666666666666	142.46	142.58666666666667	142.48666666666668	142.48666666666668	142.48666666666668	142.5	142.51333333333332	142.50666666666666	142.42666666666668	142.51333333333332	142.48666666666668	142.50666666666666	142.55333333333334	142.52666666666667	142.5	142.51333333333332	142.53333333333333	142.54666666666665	142.45333333333335	142.49333333333334	142.46	142.52	142.43333333333334	142.44	142.49333333333334	142.47333333333333	142.51333333333332	142.47333333333333	142.5	142.53333333333333	142.5	142.56666666666666	142.45333333333335	142.56666666666666	142.57333333333332	142.46666666666667	142.52	142.58666666666667	142.49333333333334	142.52666666666667	142.53333333333333	142.48	142.40666666666667	142.52666666666667	142.54	142.5	142.45333333333335	142.50666666666666	142.44666666666666	142.51333333333332	142.54666666666665	142.38	141.04	0.0
0.0	140.81333333333333	142.46666666666667	142.58666666666667	142.6	142.61333333333334	142.59333333333333	142.58	142.51333333333332	142.54666666666665	142.56	142.4	142.46666666666667	142.57333333333332	142.52666666666667	142.53333333333333	142.54666666666665	142.60666666666665	142.56666666666666	142.49333333333334	142.53333333333333	142.57333333333332	142.60666666666665	142.56	142.52666666666667	142.64	142.61333333333334	142.56666666666666	142.47333333333333	142.48666666666668	142.45333333333335	142.6	142.57333333333332	142.52	142.55333333333334	142.5	142.59333333333333	142.56666666666666	142.55333333333334	142.51333333333332	142.48666666666668	142.53333333333333	142.51333333333332	142.48	142.60666666666665	142.54	142.63333333333333	142.52666666666667	142.51333333333332	142.57333333333332	142.49333333333334	142.58666666666667	142.58	142.54	142.52	142.54666666666665	142.58	142.51333333333332	142.56	142.5	142.60666666666665	142.53333333333333	142.54666666666665	142.51333333333332	142.46666666666667	142.61333333333334	142.54	142.59333333333333	142.62	142.54666666666665	142.34666666666666	141.08666666666667	0.0
0.0	140.74666666666667	142.44	142.46666666666667	142.50666666666666	142.55333333333334	142.56	142.50666666666666	142.48666666666668	142.48	142.52666666666667	142.49333333333334	142.53333333333333	142.40666666666667	142.54666666666665	142.44666666666666	142.48	142.56	142.50666666666666	142.47333333333333	142.52	142.51333333333332	142.52666666666667	142.55333333333334	142.50666666666666	142.48	142.47333333333333	142.54666666666665	142.54666666666665	142.53333333333333	142.38	142.47333333333333	142.51333333333332	142.44666666666666	142.47333333333333	142.53333333333333	142.48666666666668	142.48666666666668	142.53333333333333	142.55333333333334	142.52666666666667	142.46666666666667	142.50666666666666	142.54666666666665	142.59333333333333	142.48	142.5	142.64	142.53333333333333	142.46666666666667	142.46666666666667	142.56	142.48	142.42666666666668	142.62	142.46666666666667	142.42	142.48	142.52	142.42666666666668	142.45333333333335	142.57333333333332	142.48	142.56666666666666	142.56	142.56666666666666	142.58	142.42	142.56	142.49333333333334	142.40666666666667	140.68666666666667	0.0
0.0	140.9	142.51333333333332	142.49333333333334	142.52	142.55333333333334	142.62	142.58	142.54	142.65333333333334	142.50666666666666	142.55333333333334	142.60666666666665	142.5	142.56	142.59333333333333	142.50666666666666	142.49333333333334	142.59333333333333	142.54	142.56	142.57333333333332	142.54666666666665	142.57333333333332	142.49333333333334	142.57333333333332	142.56	142.47333333333333	142.57333333333332	142.53333333333333	142.56666666666666	142.60666666666665	142.56	142.52	142.54666666666665	142.57333333333332	142.47333333333333	142.51333333333332	142.55333333333334	142.54	142.56666666666666	142.52	142.54666666666665	142.68	142.56	142.55333333333334	142.57333333333332	142.59333333333333	142.6	142.54666666666665	142.56666666666666	142.51333333333332	142.54	142.57333333333332	142.44	142.50666666666666	142.52	142.56666666666666	142.49333333333334	142.53333333333333	142.57333333333332	142.48666666666668	142.55333333333334	142.48666666666668	142.46	142.52	142.46666666666667	142.54666666666665	142.53333333333333	142.52666666666667	142.46	140.99333333333334	0.0
0.0	140.88666666666666	142.42666666666668	142.58666666666667	142.56666666666666	142.56666666666666	142.52	142.56666666666666	142.62666666666667	142.55333333333334	142.6	142.58	142.56	142.62666666666667	142.65333333333334	142.6	142.6	142.58	142.54	142.46666666666667	142.58666666666667	142.52666666666667	142.55333333333334	142.59333333333333	142.56666666666666	142.60666666666665	142.56	142.56666666666666	142.58666666666667	142.62666666666667	142.72666666666666	142.59333333333333	142.52666666666667	142.57333333333332	142.66666666666666	142.67333333333335	142.61333333333334	142.64	142.63333333333333	142.60666666666665	142.54	142.64	142.62	142.52	142.56666666666666	142.53333333333333	142.60666666666665	142.66	142.64	142.58	142.6	142.56	142.54666666666665	142.54666666666665	142.68	142.56666666666666	142.61333333333334	142.56666666666666	142.63333333333333	142.60666666666665	142.59333333333333	142.6	142.54666666666665	142.52666666666667	142.51333333333332	142.62	142.58666666666667	142.60666666666665	142.54	142.58	142.46	141.00666666666666	0.0
0.0	140.88	142.62666666666667	142.58666666666667	142.62	142.71333333333334	142.58	142.56666666666666	142.61333333333334	142.65333333333334	142.61333333333334	142.62	142.68666666666667	142.64666666666668	142.66666666666666	142.58	142.66666666666666	142.66	142.66	142.6	142.63333333333333	142.66	142.68	142.57333333333332	142.60666666666665	142.64666666666668	142.61333333333334	142.58666666666667	142.61333333333334	142.55333333333334	142.6	142.58666666666667	142.55333333333334	142.64	142.59333333333333	142.59333333333333	142.6	142.57333333333332	142.66	142.56666666666666	142.68666666666667	142.59333333333333	142.57333333333332	142.68	142.60666666666665	142.62666666666667	142.62666666666667	142.58666666666667	142.57333333333332	142.63333333333333	142.64666666666668	142.64	142.69333333333333	142.71333333333334	142.63333333333333	142.54666666666665	142.57333333333332	142.53333333333333	142.68666666666667	142.53333333333333	142.51333333333332	142.64666666666668	142.60666666666665	142.66	142.57333333333332	142.66666666666666	142.63333333333333	142.52666666666667	142.55333333333334	142.59333333333333	142.51333333333332	141.04	0.0
0.0	140.95333333333335	142.53333333333333	142.50666666666666	142.63333333333333	142.61333333333334	142.54	142.62666666666667	142.60666666666665	142.5	142.61333333333334	142.59333333333333	142.60666666666665	142.56666666666666	142.65333333333334	142.66666666666666	142.62666666666667	142.60666666666665	142.44	142.61333333333334	142.59333333333333	142.56666666666666	142.61333333333334	142.58	142.66666666666666	142.66	142.6	142.62666666666667	142.56	142.65333333333334	142.57333333333332	142.64	142.58666666666667	142.66	142.64	142.60666666666665	142.56	142.68	142.63333333333333	142.65333333333334	142.64666666666668	142.58666666666667	142.56666666666666	142.69333333333333	142.62666666666667	142.64666666666668	142.6	142.54666666666665	142.66666666666666	142.6	142.61333333333334	142.64	142.59333333333333	142.52	142.58666666666667	142.62	142.57333333333332	142.62666666666667	142.55333333333334	142.54	142.64	142.64	142.66	142.61333333333334	142.61333333333334	142.68666666666667	142.53333333333333	142.66666666666666	142.66666666666666	142.62666666666667	142.52	140.98666666666668	0.0
0.0	140.88	142.52	142.66666666666666	142.66666666666666	142.58666666666667	142.60666666666665	142.46666666666667	142.6	142.64666666666668	142.48	142.61333333333334	142.62	142.58	142.58	142.54666666666665	142.58666666666667	142.6	142.61333333333334	142.6	142.50666666666666	142.49333333333334	142.46666666666667	142.61333333333334	142.56	142.62	142.59333333333333	142.56666666666666	142.57333333333332	142.53333333333333	142.55333333333334	142.59333333333333	142.68	142.64	142.63333333333333	142.52	142.62	142.58666666666667	142.58666666666667	142.55333333333334	142.55333333333334	142.60666666666665	142.54666666666665	142.55333333333334	142.6	142.6	142.61333333333334	142.54	142.56666666666666	142.62666666666667	142.52	142.57333333333332	142.6	142.57333333333332	142.62	142.55333333333334	142.54	142.62	142.55333333333334	142.6	142.64666666666668	142.57333333333332	142.65333333333334	142.5	142.58666666666667	142.52	142.57333333333332	142.59333333333333	142.58	142.58666666666667	142.53333333333333	140.96	0.0
0.0	140.94666666666666	142.50666666666666	142.64	142.59333333333333	142.65333333333334	142.59333333333333	142.64	142.52	142.6	142.56	142.60666666666665	142.59333333333333	142.65333333333334	142.60666666666665	142.57333333333332	142.62	142.67333333333335	142.55333333333334	142.50666666666666	142.63333333333333	142.6	142.6	142.54	142.60666666666665	142.62666666666667	142.56666666666666	142.56	142.60666666666665	142.59333333333333	142.54666666666665	142.68666666666667	142.67333333333335	142.64666666666668	142.63333333333333	142.64666666666668	142.62666666666667	142.66666666666666	142.64666666666668	142.57333333333332	142.63333333333333	142.60666666666665	142.61333333333334	142.6	142.58	142.56666666666666	142.56	142.63333333333333	142.66666666666666	142.65333333333334	142.62	142.58	142.55333333333334	142.55333333333334	142.60666666666665	142.60666666666665	142.58666666666667	142.59333333333333	142.64	142.51333333333332	142.64666666666668	142.52666666666667	142.55333333333334	142.64	142.62666666666667	142.59333333333333	142.49333333333334	142.65333333333334	142.62666666666667	142.66	142.47333333333333	141.12	0.0
0.0	140.92	142.30666666666667	142.50666666666666	142.58	142.52666666666667	142.54	142.62666666666667	142.55333333333334	142.54	142.53333333333333	142.58	142.57333333333332	142.56	142.52666666666667	142.54	142.5	142.52666666666667	142.49333333333334	142.53333333333333	142.55333333333334	142.58	142.56666666666666	142.52	142.52666666666667	142.62	142.49333333333334	142.53333333333333	142.55333333333334	142.58666666666667	142.6	142.58	142.59333333333333	142.49333333333334	142.56666666666666	142.6	142.54	142.50666666666666	142.56666666666666	142.47333333333333	142.48666666666668	142.59333333333333	142.48	142.54	142.62	142.6	142.55333333333334	142.62666666666667	142.50666666666666	142.48	142.42666666666668	142.57333333333332	142.6	142.56	142.54	142.52666666666667	142.52	142.56666666666666	142.49333333333334	142.57333333333332	142.56666666666666	142.58666666666667	142.56	142.57333333333332	142.41333333333333	142.46	142.53333333333333	142.53333333333333	142.52666666666667	142.56	142.52	140.93333333333334	0.0
0.0	140.82	142.6	142.51333333333332	142.58	142.48666666666668	142.57333333333332	142.58	142.61333333333334	142.58666666666667	142.62666666666667	142.6	142.61333333333334	142.55333333333334	142.63333333333333	142.56666666666666	142.55333333333334	142.58666666666667	142.59333333333333	142.63333333333333	142.58	142.69333333333333	142.61333333333334	142.59333333333333	142.58	142.58	142.63333333333333	142.62666666666667	142.59333333333333	142.59333333333333	142.59333333333333	142.62666666666667	142.62	142.55333333333334	142.53333333333333	142.60666666666665	142.62666666666667	142.54	142.61333333333334	142.66	142.61333333333334	142.61333333333334	142.46666666666667	142.50666666666666	142.55333333333334	142.58	142.56	142.66666666666666	142.53333333333333	142.55333333333334	142.56666666666666	142.61333333333334	142.65333333333334	142.56666666666666	142.63333333333333	142.59333333333333	142.54	142.64	142.66666666666666	142.53333333333333	142.62666666666667	142.64666666666668	142.62666666666667	142.64	142.64	142.62	142.58666666666667	142.63333333333333	142.68666666666667	142.57333333333332	142.54666666666665	140.96666666666667	0.0
0.0	140.90666666666667	142.38666666666666	142.54	142.46666666666667	142.54666666666665	142.44	142.51333333333332	142.46	142.52666666666667	142.44	142.40666666666667	142.56666666666666	142.5	142.52	142.48666666666668	142.51333333333332	142.48666666666668	142.58	142.54666666666665	142.52	142.36666666666667	142.45333333333335	142.53333333333333	142.52	142.43333333333334	142.53333333333333	142.46	142.46666666666667	142.51333333333332	142.42666666666668	142.48666666666668	142.54666666666665	142.5	142.48	142.44666666666666	142.48	142.46666666666667	142.44666666666666	142.53333333333333	142.51333333333332	142.54	142.54	142.44666666666666	142.53333333333333	142.49333333333334	142.44666666666666	142.45333333333335	142.54	142.45333333333335	142.54	142.46666666666667	142.48666666666668	142.42666666666668	142.41333333333333	142.53333333333333	142.50666666666666	142.47333333333333	142.51333333333332	142.51333333333332	142.54666666666665	142.45333333333335	142.49333333333334	142.53333333333333	142.53333333333333	142.48	142.57333333333332	142.54666666666665	142.42	142.5	142.43333333333334	140.76666666666668	0.0
0.0	140.59333333333333	142.48666666666668	142.59333333333333	142.46666666666667	142.56	142.54	142.50666666666666	142.52666666666667	142.43333333333334	142.56666666666666	142.62666666666667	142.49333333333334	142.48666666666668	142.53333333333333	142.58666666666667	142.5	142.54	142.57333333333332	142.48666666666668	142.47333333333333	142.48	142.54	142.46666666666667	142.56666666666666	142.49333333333334	142.59333333333333	142.56	142.54	142.44666666666666	142.42666666666668	142.58	142.52666666666667	142.49333333333334	142.49333333333334	142.54	142.59333333333333	142.52666666666667	142.54	142.48666666666668	142.51333333333332	142.50666666666666	142.5	142.57333333333332	142.40666666666667	142.53333333333333	142.5	142.62666666666667	142.51333333333332	142.4	142.57333333333332	142.4	142.54666666666665	142.51333333333332	142.55333333333334	142.50666666666666	142.44	142.54666666666665	142.47333333333333	142.52	142.48	142.56	142.58666666666667	142.51333333333332	142.6	142.56	142.56666666666666	142.57333333333332	142.51333333333332	142.48666666666668	142.45333333333335	140.74	0.0
0.0	140.96666666666667	142.57333333333332	142.57333333333332	142.54666666666665	142.52	142.67333333333335	142.59333333333333	142.61333333333334	142.63333333333333	142.56	142.58	142.54666666666665	142.53333333333333	142.56	142.63333333333333	142.56	142.59333333333333	142.64666666666668	142.62666666666667	142.62666666666667	142.54	142.68666666666667	142.56666666666666	142.52666666666667	142.58	142.62	142.62666666666667	142.51333333333332	142.49333333333334	142.52666666666667	142.62	142.58	142.56	142.49333333333334	142.54666666666665	142.53333333333333	142.54	142.60666666666665	142.61333333333334	142.53333333333333	142.59333333333333	142.57333333333332	142.6	142.58666666666667	142.63333333333333	142.56	142.62	142.62666666666667	142.52666666666667	142.64	142.58666666666667	142.60666666666665	142.59333333333333	142.62666666666667	142.6	142.58666666666667	142.54666666666665	142.51333333333332	142.56	142.53333333333333	142.55333333333334	142.56666666666666	142.6	142.6	142.67333333333335	142.59333333333333	142.61333333333334	142.54666666666665	142.56666666666666	142.51333333333332	140.92666666666668	0.0
0.0	140.98666666666668	142.50666666666666	142.53333333333333	142.60666666666665	142.52666666666667	142.69333333333333	142.64	142.59333333333333	142.58	142.56666666666666	142.57333333333332	142.58	142.63333333333333	142.53333333333333	142.62	142.6	142.58	142.64	142.68	142.60666666666665	142.63333333333333	142.52	142.56	142.62	142.66	142.62	142.57333333333332	142.62	142.66	142.64666666666668	142.60666666666665	142.62666666666667	142.59333333333333	142.63333333333333	142.61333333333334	142.62666666666667	142.59333333333333	142.54	142.61333333333334	142.5	142.56	142.60666666666665	142.62666666666667	142.54	142.6	142.6	142.52	142.59333333333333	142.6	142.54666666666665	142.59333333333333	142.60666666666665	142.56	142.48666666666668	142.63333333333333	142.59333333333333	142.58	142.56666666666666	142.64	142.61333333333334	142.56666666666666	142.53333333333333	142.61333333333334	142.57333333333332	142.52666666666667	142.66	142.62	142.68	142.59333333333333	142.56	141.18666666666667	0.0
0.0	140.79333333333332	142.52666666666667	142.62666666666667	142.60666666666665	142.65333333333334	142.66666666666666	142.72	142.66666666666666	142.61333333333334	142.70666666666668	142.60666666666665	142.64	142.66666666666666	142.64666666666668	142.56666666666666	142.60666666666665	142.64	142.58	142.7	142.56666666666666	142.58666666666667	142.64	142.56666666666666	142.62666666666667	142.56666666666666	142.61333333333334	142.65333333333334	142.62666666666667	142.65333333333334	142.67333333333335	142.66	142.58666666666667	142.65333333333334	142.64666666666668	142.65333333333334	142.60666666666665	142.71333333333334	142.54666666666665	142.65333333333334	142.62	142.52666666666667	142.73333333333332	142.70666666666668	142.64	142.54666666666665	142.66	142.66666666666666	142.65333333333334	142.63333333333333	142.66	142.67333333333335	142.68	142.72	142.67333333333335	142.60666666666665	142.58666666666667	142.63333333333333	142.61333333333334	142.64666666666668	142.52	142.61333333333334	142.65333333333334	142.65333333333334	142.66666666666666	142.60666666666665	142.62	142.66666666666666	142.58	142.69333333333333	142.56666666666666	140.79333333333332	0.0
0.0	140.96666666666667	142.50666666666666	142.56666666666666	142.61333333333334	142.66666666666666	142.53333333333333	142.59333333333333	142.58666666666667	142.45333333333335	142.50666666666666	142.62666666666667	142.62666666666667	142.52	142.59333333333333	142.5	142.55333333333334	142.60666666666665	142.55333333333334	142.54	142.57333333333332	142.63333333333333	142.53333333333333	142.52666666666667	142.60666666666665	142.58	142.58	142.61333333333334	142.61333333333334	142.59333333333333	142.56	142.59333333333333	142.53333333333333	142.61333333333334	142.62	142.57333333333332	142.63333333333333	142.56666666666666	142.58	142.61333333333334	142.52	142.6	142.56	142.58666666666667	142.57333333333332	142.56	142.64666666666668	142.52	142.62	142.57333333333332	142.56666666666666	142.66	142.58666666666667	142.57333333333332	142.55333333333334	142.58	142.61333333333334	142.62	142.54666666666665	142.68666666666667	142.62666666666667	142.61333333333334	142.56	142.62	142.6	142.61333333333334	142.58	142.53333333333333	142.52	142.55333333333334	142.44666666666666	140.84666666666666	0.0
0.0	141.16666666666666	142.45333333333335	142.61333333333334	142.58666666666667	142.6	142.56	142.56	142.52	142.52	142.56	142.54	142.6	142.56	142.6	142.56	142.69333333333333	142.50666666666666	142.63333333333333	142.54	142.6	142.57333333333332	142.52666666666667	142.55333333333334	142.6	142.58666666666667	142.51333333333332	142.60666666666665	142.6	142.59333333333333	142.56	142.50666666666666	142.62666666666667	142.58	142.55333333333334	142.65333333333334	142.55333333333334	142.56666666666666	142.59333333333333	142.57333333333332	142.64	142.52666666666667	142.58	142.61333333333334	142.6	142.67333333333335	142.55333333333334	142.56666666666666	142.51333333333332	142.60666666666665	142.55333333333334	142.56	142.57333333333332	142.64666666666668	142.56	142.52666666666667	142.66666666666666	142.6	142.50666666666666	142.60666666666665	142.6	142.61333333333334	142.56	142.52666666666667	142.56	142.54	142.48666666666668	142.54666666666665	142.59333333333333	142.59333333333333	142.52	140.96	0.0
0.0	140.97333333333333	142.52	142.60666666666665	142.65333333333334	142.54	142.64666666666668	142.67333333333335	142.63333333333333	142.64666666666668	142.6	142.68	142.6	142.6	142.65333333333334	142.64666666666668	142.64666666666668	142.6	142.63333333333333	142.54	142.53333333333333	142.58	142.61333333333334	142.63333333333333	142.66	142.62666666666667	142.60666666666665	142.64666666666668	142.65333333333334	142.56666666666666	142.65333333333334	142.58666666666667	142.58666666666667	142.62	142.59333333333333	142.60666666666665	142.66	142.62666666666667	142.67333333333335	142.63333333333333	142.64666666666668	142.58	142.63333333333333	142.61333333333334	142.64666666666668	142.58666666666667	142.6	142.63333333333333	142.66666666666666	142.65333333333334	142.59333333333333	142.64666666666668	142.59333333333333	142.62666666666667	142.58666666666667	142.61333333333334	142.6	142.64	142.68	142.68666666666667	142.63333333333333	142.58666666666667	142.6	142.60666666666665	142.63333333333333	142.58666666666667	142.64	142.66	142.6	142.60666666666665	142.58666666666667	140.98	0.0
0.0	140.94	142.6	142.61333333333334	142.60666666666665	142.59333333333333	142.64666666666668	142.68	142.68666666666667	142.66	142.69333333333333	142.64	142.71333333333334	142.6	142.64666666666668	142.69333333333333	142.67333333333335	142.56	142.7	142.62	142.66	142.67333333333335	142.59333333333333	142.61333333333334	142.54666666666665	142.71333333333334	142.68	142.66	142.66	142.57333333333332	142.67333333333335	142.7	142.58	142.67333333333335	142.72666666666666	142.66	142.7	142.6	142.56	142.68	142.65333333333334	142.76666666666668	142.60666666666665	142.56666666666666	142.63333333333333	142.65333333333334	142.73333333333332	142.66666666666666	142.63333333333333	142.74666666666667	142.60666666666665	142.66	142.67333333333335	142.60666666666665	142.65333333333334	142.6	142.67333333333335	142.64666666666668	142.70666666666668	142.58	142.65333333333334	142.60666666666665	142.68	142.69333333333333	142.62666666666667	142.63333333333333	142.70666666666668	142.58666666666667	142.64	142.66666666666666	142.52666666666667	141.0	0.0
0.0	140.96666666666667	142.59333333333333	142.72	142.64666666666668	142.72666666666666	142.71333333333334	142.68666666666667	142.60666666666665	142.72	142.68666666666667	142.72	142.72666666666666	142.63333333333333	142.61333333333334	142.7	142.57333333333332	142.62666666666667	142.66	142.70666666666668	142.69333333333333	142.64	142.64	142.69333333333333	142.75333333333333	142.62666666666667	142.68666666666667	142.66666666666666	142.63333333333333	142.72	142.64	142.66666666666666	142.66666666666666	142.72	142.71333333333334	142.74666666666667	142.70666666666668	142.70666666666668	142.63333333333333	142.74666666666667	142.68	142.64	142.66666666666666	142.69333333333333	142.64	142.64666666666668	142.79333333333332	142.64666666666668	142.65333333333334	142.7	142.65333333333334	142.8	142.72666666666666	142.75333333333333	142.72	142.65333333333334	142.68666666666667	142.54	142.68666666666667	142.74	142.61333333333334	142.76666666666668	142.61333333333334	142.65333333333334	142.67333333333335	142.64	142.72	142.70666666666668	142.71333333333334	142.66666666666666	142.6	140.92666666666668	0.0
0.0	141.0	142.54	142.53333333333333	142.52666666666667	142.55333333333334	142.56	142.59333333333333	142.54666666666665	142.60666666666665	142.55333333333334	142.59333333333333	142.56666666666666	142.58	142.64	142.51333333333332	142.56	142.49333333333334	142.63333333333333	142.54666666666665	142.63333333333333	142.54	142.62666666666667	142.57333333333332	142.57333333333332	142.46666666666667	142.56666666666666	142.55333333333334	142.52	142.56	142.57333333333332	142.54	142.56666666666666	142.56	142.53333333333333	142.53333333333333	142.52	142.59333333333333	142.57333333333332	142.54666666666665	142.64666666666668	142.54	142.49333333333334	142.58	142.54	142.51333333333332	142.52	142.48666666666668	142.56666666666666	142.54666666666665	142.44	142.51333333333332	142.46666666666667	142.54666666666665	142.55333333333334	142.58666666666667	142.55333333333334	142.57333333333332	142.56666666666666	142.53333333333333	142.60666666666665	142.54	142.50666666666666	142.6	142.56666666666666	142.52	142.60666666666665	142.52666666666667	142.53333333333333	142.52666666666667	142.44666666666666	140.78666666666666	0.0
0.0	141.05333333333334	142.61333333333334	142.65333333333334	142.70666666666668	142.71333333333334	142.68	142.68666666666667	142.65333333333334	142.62	142.68	142.72666666666666	142.7	142.58	142.62666666666667	142.70666666666668	142.64	142.58666666666667	142.73333333333332	142.65333333333334	142.63333333333333	142.62666666666667	142.59333333333333	142.66666666666666	142.6	142.72666666666666	142.57333333333332	142.65333333333334	142.6	142.58	142.70666666666668	142.55333333333334	142.63333333333333	142.57333333333332	142.63333333333333	142.65333333333334	142.64	142.70666666666668	142.68	142.60666666666665	142.54666666666665	142.66666666666666	142.70666666666668	142.62	142.61333333333334	142.58666666666667	142.61333333333334	142.56666666666666	142.68666666666667	142.64666666666668	142.6	142.68	142.66666666666666	142.69333333333333	142.62	142.65333333333334	142.62	142.62	142.58666666666667	142.58666666666667	142.66	142.66	142.60666666666665	142.68666666666667	142.68	142.66666666666666	142.63333333333333	142.62	142.62666666666667	142.62666666666667	142.62666666666667	141.08666666666667	0.0
0.0	140.89333333333335	142.46	142.58	142.5	142.60666666666665	142.56	142.56666666666666	142.52666666666667	142.55333333333334	142.63333333333333	142.60666666666665	142.58666666666667	142.58	142.54	142.59333333333333	142.60666666666665	142.48	142.52666666666667	142.52	142.57333333333332	142.48666666666668	142.56666666666666	142.48666666666668	142.57333333333332	142.58	142.57333333333332	142.6	142.55333333333334	142.53333333333333	142.61333333333334	142.54	142.5	142.51333333333332	142.44666666666666	142.60666666666665	142.51333333333332	142.51333333333332	142.6	142.60666666666665	142.58	142.53333333333333	142.62666666666667	142.56666666666666	142.51333333333332	142.44666666666666	142.52	142.6	142.66666666666666	142.53333333333333	142.52666666666667	142.6	142.60666666666665	142.58666666666667	142.66	142.58	142.53333333333333	142.5	142.56666666666666	142.54666666666665	142.52666666666667	142.56	142.56666666666666	142.61333333333334	142.56	142.48666666666668	142.41333333333333	142.57333333333332	142.47333333333333	142.61333333333334	142.45333333333335	140.76	0.0
0.0	140.99333333333334	142.42666666666668	142.52666666666667	142.54666666666665	142.53333333333333	142.58	142.48	142.52666666666667	142.54666666666665	142.57333333333332	142.53333333333333	142.50666666666666	142.57333333333332	142.48	142.51333333333332	142.50666666666666	142.51333333333332	142.46	142.48	142.48	142.48666666666668	142.54	142.56	142.58	142.49333333333334	142.52	142.48	142.59333333333333	142.56	142.5	142.50666666666666	142.46	142.52	142.44	142.54666666666665	142.54666666666665	142.52666666666667	142.54666666666665	142.48	142.48	142.46	142.48666666666668	142.55333333333334	142.48	142.48	142.53333333333333	142.47333333333333	142.50666666666666	142.54666666666665	142.46666666666667	142.48666666666668	142.43333333333334	142.50666666666666	142.54	142.53333333333333	142.49333333333334	142.51333333333332	142.45333333333335	142.48666666666668	142.48666666666668	142.46666666666667	142.54666666666665	142.51333333333332	142.52	142.50666666666666	142.58666666666667	142.44666666666666	142.46	142.59333333333333	142.43333333333334	141.05333333333334	0.0
0.0	140.94	142.50666666666666	142.44	142.49333333333334	142.48666666666668	142.51333333333332	142.50666666666666	142.6	142.57333333333332	142.44	142.42666666666668	142.49333333333334	142.48	142.51333333333332	142.47333333333333	142.52666666666667	142.54666666666665	142.6	142.49333333333334	142.48666666666668	142.48	142.55333333333334	142.51333333333332	142.52666666666667	142.64	142.54666666666665	142.54666666666665	142.51333333333332	142.54666666666665	142.48666666666668	142.58666666666667	142.53333333333333	142.64	142.52666666666667	142.48666666666668	142.54	142.38	142.40666666666667	142.6	142.55333333333334	142.57333333333332	142.57333333333332	142.56	142.53333333333333	142.44	142.49333333333334	142.54	142.52	142.55333333333334	142.62666666666667	142.50666666666666	142.6	142.53333333333333	142.6	142.5	142.59333333333333	142.58	142.5	142.55333333333334	142.54	142.53333333333333	142.50666666666666	142.56666666666666	142.56	142.58666666666667	142.52666666666667	142.56666666666666	142.64666666666668	142.5	142.48666666666668	140.97333333333333	0.0
0.0	140.97333333333333	142.54666666666665	142.56666666666666	142.54666666666665	142.57333333333332	142.6	142.62666666666667	142.58	142.61333333333334	142.58666666666667	142.60666666666665	142.62	142.60666666666665	142.52666666666667	142.58666666666667	142.50666666666666	142.68	142.58666666666667	142.47333333333333	142.54666666666665	142.61333333333334	142.65333333333334	142.64	142.66	142.54	142.58	142.55333333333334	142.61333333333334	142.52666666666667	142.62	142.57333333333332	142.57333333333332	142.45333333333335	142.48666666666668	142.48	142.55333333333334	142.59333333333333	142.54	142.47333333333333	142.61333333333334	142.63333333333333	142.54	142.57333333333332	142.51333333333332	142.54	142.58	142.62	142.59333333333333	142.61333333333334	142.56666666666666	142.52666666666667	142.59333333333333	142.56	142.58	142.52	142.64	142.49333333333334	142.64666666666668	142.68666666666667	142.63333333333333	142.49333333333334	142.6	142.51333333333332	142.52	142.54	142.67333333333335	142.56666666666666	142.59333333333333	142.55333333333334	142.48	141.00666666666666	0.0
0.0	140.73333333333332	142.49333333333334	142.62666666666667	142.54666666666665	142.48666666666668	142.53333333333333	142.58	142.53333333333333	142.47333333333333	142.58666666666667	142.58666666666667	142.5	142.52666666666667	142.63333333333333	142.57333333333332	142.56	142.57333333333332	142.56666666666666	142.56666666666666	142.48	142.53333333333333	142.47333333333333	142.55333333333334	142.52	142.56	142.48666666666668	142.56	142.56666666666666	142.48666666666668	142.49333333333334	142.56	142.47333333333333	142.62	142.51333333333332	142.56	142.55333333333334	142.45333333333335	142.46666666666667	142.55333333333334	142.50666666666666	142.46	142.56	142.53333333333333	142.52666666666667	142.47333333333333	142.62666666666667	142.53333333333333	142.42666666666668	142.52	142.54666666666665	142.56666666666666	142.52	142.48666666666668	142.52	142.56	142.58	142.50666666666666	142.57333333333332	142.53333333333333	142.48666666666668	142.55333333333334	142.59333333333333	142.51333333333332	142.58666666666667	142.57333333333332	142.50666666666666	142.51333333333332	142.52666666666667	142.56666666666666	142.41333333333333	140.89333333333335	0.0
0.0	140.84666666666666	142.46	142.40666666666667	142.45333333333335	142.44	142.56666666666666	142.45333333333335	142.55333333333334	142.46	142.57333333333332	142.42666666666668	142.48666666666668	142.49333333333334	142.46666666666667	142.44	142.52666666666667	142.52666666666667	142.45333333333335	142.50666666666666	142.46	142.55333333333334	142.43333333333334	142.48666666666668	142.62	142.56	142.53333333333333	142.52666666666667	142.46666666666667	142.53333333333333	142.55333333333334	142.56	142.54	142.59333333333333	142.51333333333332	142.54	142.52666666666667	142.54666666666665	142.53333333333333	142.54666666666665	142.47333333333333	142.46666666666667	142.5	142.52	142.52666666666667	142.47333333333333	142.52666666666667	142.63333333333333	142.54	142.51333333333332	142.58	142.45333333333335	142.48	142.42	142.51333333333332	142.51333333333332	142.52	142.58666666666667	142.46666666666667	142.44666666666666	142.44666666666666	142.45333333333335	142.54	142.46666666666667	142.56666666666666	142.55333333333334	142.48666666666668	142.45333333333335	142.53333333333333	142.5	142.38	140.90666666666667	0.0
0.0	140.86	142.46666666666667	142.64	142.56666666666666	142.61333333333334	142.61333333333334	142.59333333333333	142.58666666666667	142.61333333333334	142.53333333333333	142.52666666666667	142.65333333333334	142.56666666666666	142.55333333333334	142.59333333333333	142.61333333333334	142.53333333333333	142.56666666666666	142.55333333333334	142.62	142.68666666666667	142.57333333333332	142.62	142.56	142.57333333333332	142.52	142.66	142.58666666666667	142.59333333333333	142.52	142.59333333333333	142.54666666666665	142.54666666666665	142.64666666666668	142.58	142.58	142.59333333333333	142.57333333333332	142.66	142.58666666666667	142.48	142.51333333333332	142.57333333333332	142.64666666666668	142.50666666666666	142.59333333333333	142.61333333333334	142.62	142.5	142.48	142.69333333333333	142.62	142.56	142.62	142.67333333333335	142.62666666666667	142.49333333333334	142.62	142.55333333333334	142.68666666666667	142.57333333333332	142.5	142.57333333333332	142.53333333333333	142.52	142.61333333333334	142.52	142.60666666666665	142.62666666666667	142.53333333333333	140.86	0.0
0.0	140.97333333333333	142.47333333333333	142.58	142.51333333333332	142.55333333333334	142.50666666666666	142.42	142.44666666666666	142.46666666666667	142.51333333333332	142.47333333333333	142.52666666666667	142.50666666666666	142.50666666666666	142.45333333333335	142.49333333333334	142.49333333333334	142.52666666666667	142.59333333333333	142.52	142.53333333333333	142.68666666666667	142.56666666666666	142.63333333333333	142.53333333333333	142.46666666666667	142.51333333333332	142.48666666666668	142.58666666666667	142.56666666666666	142.56666666666666	142.59333333333333	142.50666666666666	142.51333333333332	142.47333333333333	142.56	142.49333333333334	142.5	142.46	142.55333333333334	142.54	142.48	142.57333333333332	142.45333333333335	142.46666666666667	142.55333333333334	142.51333333333332	142.53333333333333	142.56	142.54666666666665	142.50666666666666	142.45333333333335	142.60666666666665	142.52	142.54	142.54666666666665	142.52	142.48666666666668	142.45333333333335	142.46666666666667	142.53333333333333	142.53333333333333	142.61333333333334	142.52666666666667	142.58666666666667	142.51333333333332	142.52	142.60666666666665	142.51333333333332	142.52	141.15333333333334	0.0
0.0	140.96666666666667	142.6	142.59333333333333	142.64	142.7	142.63333333333333	142.58666666666667	142.66	142.66	142.63333333333333	142.58	142.66666666666666	142.65333333333334	142.70666666666668	142.64	142.72666666666666	142.6	142.68	142.59333333333333	142.54	142.64666666666668	142.63333333333333	142.61333333333334	142.71333333333334	142.64	142.59333333333333	142.66666666666666	142.64666666666668	142.58666666666667	142.66666666666666	142.65333333333334	142.64666666666668	142.64	142.64	142.64666666666668	142.65333333333334	142.61333333333334	142.62666666666667	142.67333333333335	142.63333333333333	142.65333333333334	142.68	142.63333333333333	142.58666666666667	142.59333333333333	142.58	142.56666666666666	142.68666666666667	142.65333333333334	142.64666666666668	142.65333333333334	142.66666666666666	142.66	142.68666666666667	142.62	142.52666666666667	142.7	142.64	142.64666666666668	142.6	142.72666666666666	142.7	142.6	142.74	142.66	142.64666666666668	142.61333333333334	142.64666666666668	142.58666666666667	142.54	140.95333333333335	0.0
0.0	141.0	142.53333333333333	142.55333333333334	142.57333333333332	142.60666666666665	142.61333333333334	142.59333333333333	142.58	142.62666666666667	142.56	142.58	142.65333333333334	142.50666666666666	142.58	142.56	142.48666666666668	142.66	142.55333333333334	142.60666666666665	142.59333333333333	142.54	142.58	142.56	142.54666666666665	142.61333333333334	142.54	142.52666666666667	142.59333333333333	142.53333333333333	142.58666666666667	142.56666666666666	142.55333333333334	142.51333333333332	142.61333333333334	142.63333333333333	142.52	142.58	142.54666666666665	142.6	142.6	142.62666666666667	142.62666666666667	142.53333333333333	142.56666666666666	142.55333333333334	142.69333333333333	142.65333333333334	142.6	142.62666666666667	142.62666666666667	142.54666666666665	142.62666666666667	142.58	142.55333333333334	142.57333333333332	142.5	142.62	142.62	142.62666666666667	142.6	142.64	142.60666666666665	142.67333333333335	142.52666666666667	142.61333333333334	142.67333333333335	142.55333333333334	142.57333333333332	142.67333333333335	142.57333333333332	141.04666666666665	0.0
0.0	141.03333333333333	142.45333333333335	142.56666666666666	142.48666666666668	142.58666666666667	142.52666666666667	142.57333333333332	142.64	142.63333333333333	142.57333333333332	142.58666666666667	142.64	142.56666666666666	142.54	142.49333333333334	142.60666666666665	142.54666666666665	142.6	142.54666666666665	142.66	142.54666666666665	142.55333333333334	142.58	142.58	142.58	142.59333333333333	142.64666666666668	142.58	142.56666666666666	142.56	142.51333333333332	142.55333333333334	142.6	142.55333333333334	142.64	142.66	142.58	142.58666666666667	142.48666666666668	142.62	142.57333333333332	142.53333333333333	142.49333333333334	142.51333333333332	142.57333333333332	142.6	142.58666666666667	142.52	142.58666666666667	142.57333333333332	142.59333333333333	142.48	142.52666666666667	142.53333333333333	142.60666666666665	142.6	142.63333333333333	142.55333333333334	142.52666666666667	142.54	142.53333333333333	142.61333333333334	142.58666666666667	142.57333333333332	142.56	142.62	142.55333333333334	142.54666666666665	142.62	142.48666666666668	140.75333333333333	0.0
0.0	140.92	142.54	142.65333333333334	142.56	142.56	142.70666666666668	142.64	142.59333333333333	142.62	142.55333333333334	142.59333333333333	142.61333333333334	142.53333333333333	142.58	142.62	142.71333333333334	142.64666666666668	142.72	142.54666666666665	142.6	142.59333333333333	142.64666666666668	142.64666666666668	142.58	142.59333333333333	142.64	142.62666666666667	142.62	142.65333333333334	142.64666666666668	142.64	142.61333333333334	142.60666666666665	142.58	142.64666666666668	142.6	142.59333333333333	142.60666666666665	142.74	142.56666666666666	142.56666666666666	142.59333333333333	142.55333333333334	142.53333333333333	142.68	142.61333333333334	142.54666666666665	142.6	142.58	142.64	142.59333333333333	142.49333333333334	142.62666666666667	142.66666666666666	142.7	142.62666666666667	142.67333333333335	142.59333333333333	142.64	142.66	142.70666666666668	142.58666666666667	142.57333333333332	142.56666666666666	142.64666666666668	142.63333333333333	142.6	142.62	142.60666666666665	142.56666666666666	140.90666666666667	0.0
0.0	140.98666666666668	142.53333333333333	142.53333333333333	142.62666666666667	142.62	142.56666666666666	142.56666666666666	142.57333333333332	142.57333333333332	142.52666666666667	142.56666666666666	142.60666666666665	142.64666666666668	142.60666666666665	142.56	142.64	142.58	142.53333333333333	142.66	142.66666666666666	142.58666666666667	142.59333333333333	142.53333333333333	142.55333333333334	142.58	142.64666666666668	142.6	142.58666666666667	142.44666666666666	142.60666666666665	142.54666666666665	142.62	142.56666666666666	142.56	142.6	142.56666666666666	142.5	142.54666666666665	142.57333333333332	142.58	142.51333333333332	142.60666666666665	142.58666666666667	142.63333333333333	142.53333333333333	142.54666666666665	142.6	142.56666666666666	142.58666666666667	142.62666666666667	142.5	142.52666666666667	142.62666666666667	142.53333333333333	142.53333333333333	142.60666666666665	142.5	142.59333333333333	142.64	142.54	142.52	142.53333333333333	142.50666666666666	142.58666666666667	142.49333333333334	142.6	142.53333333333333	142.60666666666665	142.55333333333334	142.47333333333333	140.82666666666665	0.0
0.0	141.04666666666665	142.46666666666667	142.64666666666668	142.54	142.55333333333334	142.56666666666666	142.55333333333334	142.51333333333332	142.53333333333333	142.63333333333333	142.55333333333334	142.58666666666667	142.68	142.54	142.55333333333334	142.60666666666665	142.53333333333333	142.66	142.54666666666665	142.64	142.62666666666667	142.56	142.64	142.53333333333333	142.6	142.6	142.58	142.63333333333333	142.54	142.56666666666666	142.58	142.62666666666667	142.56666666666666	142.54	142.60666666666665	142.64666666666668	142.52666666666667	142.58	142.58666666666667	142.52666666666667	142.52666666666667	142.54	142.59333333333333	142.47333333333333	142.54	142.57333333333332	142.56	142.5	142.54666666666665	142.58	142.59333333333333	142.58	142.63333333333333	142.60666666666665	142.59333333333333	142.56666666666666	142.57333333333332	142.56666666666666	142.56	142.56666666666666	142.53333333333333	142.58666666666667	142.56666666666666	142.59333333333333	142.63333333333333	142.57333333333332	142.56	142.60666666666665	142.6	142.58	141.09333333333333	0.0
0.0	141.09333333333333	142.49333333333334	142.56	142.64666666666668	142.62	142.55333333333334	142.62	142.61333333333334	142.55333333333334	142.63333333333333	142.66	142.58666666666667	142.68	142.68666666666667	142.66666666666666	142.59333333333333	142.60666666666665	142.55333333333334	142.64666666666668	142.58	142.67333333333335	142.56666666666666	142.64	142.63333333333333	142.68	142.6	142.68	142.60666666666665	142.61333333333334	142.66	142.61333333333334	142.57333333333332	142.61333333333334	142.62	142.62666666666667	142.64	142.58	142.66	142.65333333333334	142.65333333333334	142.7	142.56666666666666	142.62	142.62666666666667	142.62	142.60666666666665	142.53333333333333	142.70666666666668	142.52	142.72666666666666	142.68	142.60666666666665	142.58	142.67333333333335	142.63333333333333	142.64666666666668	142.69333333333333	142.67333333333335	142.65333333333334	142.68	142.54666666666665	142.64666666666668	142.63333333333333	142.57333333333332	142.66	142.66666666666666	142.61333333333334	142.61333333333334	142.66666666666666	142.56666666666666	141.03333333333333	0.0
0.0	141.12666666666667	142.52666666666667	142.60666666666665	142.54666666666665	142.56666666666666	142.62666666666667	142.66	142.6	142.65333333333334	142.56666666666666	142.56	142.58	142.56666666666666	142.68666666666667	142.64666666666668	142.56	142.62	142.62	142.59333333333333	142.66	142.60666666666665	142.56	142.68	142.59333333333333	142.57333333333332	142.56666666666666	142.62	142.50666666666666	142.63333333333333	142.58666666666667	142.56666666666666	142.61333333333334	142.58	142.57333333333332	142.5	142.60666666666665	142.52	142.62666666666667	142.56666666666666	142.55333333333334	142.53333333333333	142.63333333333333	142.52666666666667	142.58	142.48666666666668	142.58666666666667	142.58666666666667	142.66666666666666	142.64666666666668	142.62	142.58666666666667	142.58666666666667	142.60666666666665	142.55333333333334	142.64666666666668	142.64	142.61333333333334	142.54666666666665	142.58666666666667	142.49333333333334	142.63333333333333	142.54	142.53333333333333	142.54666666666665	142.6	142.58666666666667	142.61333333333334	142.58666666666667	142.49333333333334	142.47333333333333	140.84666666666666	0.0
0.0	141.03333333333333	142.37333333333333	142.48	142.58	142.56	142.64	142.57333333333332	142.52666666666667	142.64	142.54	142.59333333333333	142.49333333333334	142.58	142.55333333333334	142.56666666666666	142.59333333333333	142.59333333333333	142.56	142.52666666666667	142.48	142.5	142.48666666666668	142.60666666666665	142.52	142.6	142.50666666666666	142.54666666666665	142.6	142.62666666666667	142.55333333333334	142.55333333333334	142.49333333333334	142.60666666666665	142.6	142.58666666666667	142.51333333333332	142.52	142.48666666666668	142.59333333333333	142.48666666666668	142.5	142.56	142.53333333333333	142.52666666666667	142.55333333333334	142.52	142.55333333333334	142.58666666666667	142.54	142.58666666666667	142.56	142.59333333333333	142.5	142.58666666666667	142.57333333333332	142.52666666666667	142.56	142.56	142.58	142.57333333333332	142.54666666666665	142.56666666666666	142.61333333333334	142.52666666666667	142.54	142.61333333333334	142.56	142.54666666666665	142.64666666666668	142.47333333333333	140.88	0.0
0.0	141.0	142.45333333333335	142.53333333333333	142.59333333333333	142.64666666666668	142.66	142.66	142.67333333333335	142.64666666666668	142.64666666666668	142.62666666666667	142.67333333333335	142.61333333333334	142.6	142.7	142.64666666666668	142.58	142.62666666666667	142.52666666666667	142.56	142.64666666666668	142.55333333333334	142.64	142.57333333333332	142.59333333333333	142.54	142.59333333333333	142.56666666666666	142.62	142.56	142.59333333333333	142.58	142.6	142.54666666666665	142.58	142.56	142.66	142.69333333333333	142.57333333333332	142.60666666666665	142.67333333333335	142.59333333333333	142.57333333333332	142.58	142.7	142.56666666666666	142.7	142.60666666666665	142.58666666666667	142.61333333333334	142.63333333333333	142.6	142.64	142.56	142.53333333333333	142.61333333333334	142.6	142.62666666666667	142.58666666666667	142.64666666666668	142.6	142.56666666666666	142.58666666666667	142.58	142.60666666666665	142.64666666666668	142.56666666666666	142.56	142.59333333333333	142.6	140.93333333333334	0.0
0.0	140.93333333333334	142.5	142.60666666666665	142.51333333333332	142.55333333333334	142.52666666666667	142.54	142.56666666666666	142.55333333333334	142.62666666666667	142.6	142.6	142.62	142.52	142.56666666666666	142.6	142.58	142.58666666666667	142.58666666666667	142.64666666666668	142.54666666666665	142.58666666666667	142.53333333333333	142.59333333333333	142.58666666666667	142.61333333333334	142.58666666666667	142.52	142.49333333333334	142.67333333333335	142.6	142.60666666666665	142.5	142.56	142.6	142.62666666666667	142.62666666666667	142.6	142.68	142.60666666666665	142.53333333333333	142.6	142.62	142.62	142.56666666666666	142.55333333333334	142.55333333333334	142.64	142.60666666666665	142.63333333333333	142.58666666666667	142.7	142.62	142.54666666666665	142.55333333333334	142.57333333333332	142.66	142.58	142.58666666666667	142.55333333333334	142.68666666666667	142.6	142.54	142.53333333333333	142.6	142.64	142.60666666666665	142.58666666666667	142.52666666666667	142.39333333333335	140.95333333333335	0.0
0.0	140.76	142.40666666666667	142.43333333333334	142.5	142.50666666666666	142.43333333333334	142.46	142.46666666666667	142.45333333333335	142.43333333333334	142.51333333333332	142.42	142.53333333333333	142.48	142.5	142.50666666666666	142.56	142.49333333333334	142.48666666666668	142.50666666666666	142.47333333333333	142.54666666666665	142.37333333333333	142.47333333333333	142.47333333333333	142.48666666666668	142.51333333333332	142.51333333333332	142.52666666666667	142.5	142.52666666666667	142.34	142.50666666666666	142.47333333333333	142.50666666666666	142.46666666666667	142.51333333333332	142.41333333333333	142.45333333333335	142.51333333333332	142.42666666666668	142.48666666666668	142.54	142.42	142.44666666666666	142.42	142.46	142.48666666666668	142.52	142.4	142.43333333333334	142.48666666666668	142.51333333333332	142.46	142.48	142.44666666666666	142.48	142.52	142.47333333333333	142.45333333333335	142.5	142.52	142.48666666666668	142.52	142.5	142.52	142.5	142.53333333333333	142.48	142.42	140.92666666666668	0.0
0.0	140.84666666666666	142.44666666666666	142.52	142.6	142.54	142.52666666666667	142.56	142.6	142.5	142.64666666666668	142.60666666666665	142.60666666666665	142.58666666666667	142.54666666666665	142.63333333333333	142.64	142.63333333333333	142.57333333333332	142.6	142.54	142.58	142.55333333333334	142.64666666666668	142.57333333333332	142.61333333333334	142.57333333333332	142.50666666666666	142.6	142.52666666666667	142.63333333333333	142.60666666666665	142.56666666666666	142.54	142.54666666666665	142.61333333333334	142.57333333333332	142.58666666666667	142.60666666666665	142.60666666666665	142.5	142.58	142.59333333333333	142.54666666666665	142.58	142.53333333333333	142.63333333333333	142.62	142.47333333333333	142.6	142.52	142.56666666666666	142.56	142.57333333333332	142.57333333333332	142.63333333333333	142.60666666666665	142.54666666666665	142.61333333333334	142.58	142.51333333333332	142.60666666666665	142.52666666666667	142.62666666666667	142.6	142.55333333333334	142.59333333333333	142.64666666666668	142.62666666666667	142.66	142.49333333333334	141.0	0.0
0.0	140.99333333333334	142.41333333333333	142.47333333333333	142.51333333333332	142.49333333333334	142.51333333333332	142.49333333333334	142.50666666666666	142.52	142.48	142.52	142.53333333333333	142.47333333333333	142.52	142.46666666666667	142.52	142.48666666666668	142.46666666666667	142.48	142.58	142.49333333333334	142.52	142.52	142.53333333333333	142.50666666666666	142.57333333333332	142.5	142.44	142.52	142.53333333333333	142.52	142.59333333333333	142.48	142.52666666666667	142.50666666666666	142.44666666666666	142.55333333333334	142.57333333333332	142.52666666666667	142.47333333333333	142.52	142.55333333333334	142.55333333333334	142.46	142.48	142.53333333333333	142.48	142.55333333333334	142.44666666666666	142.54666666666665	142.50666666666666	142.44666666666666	142.53333333333333	142.52	142.46	142.46	142.48	142.46	142.49333333333334	142.53333333333333	142.47333333333333	142.52	142.46	142.57333333333332	142.56	142.43333333333334	142.5	142.46	142.46	142.35333333333332	140.86666666666667	0.0
0.0	140.89333333333335	142.58	142.65333333333334	142.66666666666666	142.55333333333334	142.60666666666665	142.60666666666665	142.64	142.55333333333334	142.63333333333333	142.6	142.64666666666668	142.64666666666668	142.61333333333334	142.6	142.61333333333334	142.6	142.70666666666668	142.52	142.68666666666667	142.66	142.62666666666667	142.58	142.68	142.6	142.62	142.58	142.66	142.66	142.60666666666665	142.62	142.68666666666667	142.54666666666665	142.66666666666666	142.66666666666666	142.58	142.63333333333333	142.68666666666667	142.65333333333334	142.62	142.68666666666667	142.69333333333333	142.58666666666667	142.58666666666667	142.65333333333334	142.61333333333334	142.61333333333334	142.64666666666668	142.68666666666667	142.65333333333334	142.58666666666667	142.56666666666666	142.68	142.64	142.54666666666665	142.64	142.54666666666665	142.56666666666666	142.63333333333333	142.62666666666667	142.65333333333334	142.67333333333335	142.56	142.65333333333334	142.55333333333334	142.55333333333334	142.62	142.62666666666667	142.55333333333334	142.46666666666667	140.87333333333333	0.0
0.0	140.90666666666667	142.50666666666666	142.61333333333334	142.55333333333334	142.62666666666667	142.57333333333332	142.56	142.52666666666667	142.46666666666667	142.57333333333332	142.58666666666667	142.50666666666666	142.59333333333333	142.5	142.60666666666665	142.46	142.61333333333334	142.53333333333333	142.50666666666666	142.52	142.6	142.59333333333333	142.58	142.5	142.56666666666666	142.54	142.54666666666665	142.54666666666665	142.57333333333332	142.54	142.6	142.6	142.57333333333332	142.58	142.5	142.6	142.54	142.6	142.56666666666666	142.55333333333334	142.54666666666665	142.58666666666667	142.52666666666667	142.58666666666667	142.49333333333334	142.64	142.59333333333333	142.59333333333333	142.60666666666665	142.47333333333333	142.57333333333332	142.49333333333334	142.59333333333333	142.62666666666667	142.52666666666667	142.52666666666667	142.53333333333333	142.56666666666666	142.50666666666666	142.55333333333334	142.56666666666666	142.64666666666668	142.63333333333333	142.60666666666665	142.54666666666665	142.56	142.62	142.58	142.52666666666667	142.42	140.81333333333333	0.0
0.0	141.16666666666666	142.55333333333334	142.66	142.60666666666665	142.57333333333332	142.55333333333334	142.62	142.52	142.54666666666665	142.56	142.74666666666667	142.64666666666668	142.57333333333332	142.66666666666666	142.61333333333334	142.73333333333332	142.57333333333332	142.68666666666667	142.61333333333334	142.54666666666665	142.56666666666666	142.64	142.51333333333332	142.57333333333332	142.62666666666667	142.55333333333334	142.60666666666665	142.58	142.6	142.59333333333333	142.61333333333334	142.58666666666667	142.48666666666668	142.63333333333333	142.65333333333334	142.66	142.58666666666667	142.65333333333334	142.6	142.62	142.72666666666666	142.60666666666665	142.64666666666668	142.66666666666666	142.54666666666665	142.66	142.59333333333333	142.53333333333333	142.61333333333334	142.59333333333333	142.56	142.52	142.52666666666667	142.56	142.61333333333334	142.60666666666665	142.62666666666667	142.63333333333333	142.58666666666667	142.53333333333333	142.57333333333332	142.57333333333332	142.62	142.62	142.53333333333333	142.60666666666665	142.58666666666667	142.56	142.58	142.58666666666667	140.8	0.0
0.0	140.88	142.44666666666666	142.62	142.44666666666666	142.44666666666666	142.49333333333334	142.50666666666666	142.55333333333334	142.56	142.6	142.52	142.54	142.55333333333334	142.55333333333334	142.51333333333332	142.49333333333334	142.56666666666666	142.49333333333334	142.49333333333334	142.55333333333334	142.57333333333332	142.54	142.67333333333335	142.56	142.61333333333334	142.51333333333332	142.55333333333334	142.57333333333332	142.57333333333332	142.54666666666665	142.57333333333332	142.48666666666668	142.45333333333335	142.51333333333332	142.52666666666667	142.55333333333334	142.54666666666665	142.53333333333333	142.58	142.61333333333334	142.54	142.55333333333334	142.56666666666666	142.48666666666668	142.58	142.51333333333332	142.55333333333334	142.50666666666666	142.64	142.56666666666666	142.52	142.55333333333334	142.61333333333334	142.50666666666666	142.50666666666666	142.56666666666666	142.58	142.56666666666666	142.50666666666666	142.50666666666666	142.48	142.52666666666667	142.47333333333333	142.53333333333333	142.58	142.63333333333333	142.52666666666667	142.54	142.62	142.36666666666667	141.02	0.0
0.0	140.83333333333334	142.36666666666667	142.44666666666666	142.42	142.58	142.5	142.46	142.47333333333333	142.52	142.51333333333332	142.48666666666668	142.49333333333334	142.54666666666665	142.51333333333332	142.44666666666666	142.56	142.56	142.41333333333333	142.49333333333334	142.43333333333334	142.49333333333334	142.54	142.56	142.46666666666667	142.45333333333335	142.52666666666667	142.46	142.35333333333332	142.49333333333334	142.46	142.55333333333334	142.54666666666665	142.38	142.44666666666666	142.54666666666665	142.56	142.48666666666668	142.5	142.55333333333334	142.52666666666667	142.47333333333333	142.52	142.46666666666667	142.55333333333334	142.49333333333334	142.44666666666666	142.43333333333334	142.5	142.45333333333335	142.51333333333332	142.46666666666667	142.46666666666667	142.5	142.52666666666667	142.48666666666668	142.48	142.50666666666666	142.54666666666665	142.53333333333333	142.48666666666668	142.48666666666668	142.52	142.56666666666666	142.47333333333333	142.61333333333334	142.54666666666665	142.41333333333333	142.45333333333335	142.42	142.36	140.96666666666667	0.0
0.0	140.7	142.51333333333332	142.54	142.58	142.67333333333335	142.50666666666666	142.55333333333334	142.57333333333332	142.54666666666665	142.60666666666665	142.6	142.64	142.56	142.48	142.60666666666665	142.56	142.59333333333333	142.50666666666666	142.59333333333333	142.50666666666666	142.55333333333334	142.55333333333334	142.53333333333333	142.54666666666665	142.61333333333334	142.54	142.63333333333333	142.58666666666667	142.5	142.50666666666666	142.5	142.59333333333333	142.57333333333332	142.62666666666667	142.52	142.55333333333334	142.6	142.54	142.55333333333334	142.61333333333334	142.64666666666668	142.6	142.5	142.51333333333332	142.5	142.52666666666667	142.57333333333332	142.6	142.50666666666666	142.57333333333332	142.58	142.60666666666665	142.56	142.62	142.42666666666668	142.52	142.52666666666667	142.56666666666666	142.6	142.54666666666665	142.60666666666665	142.57333333333332	142.55333333333334	142.51333333333332	142.56	142.57333333333332	142.56666666666666	142.58	142.50666666666666	142.48666666666668	140.84	0.0
0.0	140.9	142.42	142.49333333333334	142.46	142.54	142.47333333333333	142.48666666666668	142.51333333333332	142.51333333333332	142.5	142.42666666666668	142.56	142.47333333333333	142.54	142.48	142.49333333333334	142.45333333333335	142.51333333333332	142.52	142.52666666666667	142.52666666666667	142.42	142.47333333333333	142.46666666666667	142.45333333333335	142.54	142.51333333333332	142.48	142.48666666666668	142.54	142.53333333333333	142.52666666666667	142.47333333333333	142.51333333333332	142.46666666666667	142.43333333333334	142.52	142.54	142.46666666666667	142.54666666666665	142.4	142.54	142.48666666666668	142.48	142.44666666666666	142.58	142.5	142.48	142.51333333333332	142.48666666666668	142.46	142.48666666666668	142.48666666666668	142.39333333333335	142.66666666666666	142.53333333333333	142.52666666666667	142.54	142.48666666666668	142.50666666666666	142.48666666666668	142.48666666666668	142.49333333333334	142.49333333333334	142.54666666666665	142.52	142.51333333333332	142.56666666666666	142.52666666666667	142.37333333333333	141.04	0.0
0.0	141.08666666666667	142.57333333333332	142.56666666666666	142.59333333333333	142.55333333333334	142.57333333333332	142.62	142.50666666666666	142.50666666666666	142.46	142.60666666666665	142.46666666666667	142.55333333333334	142.53333333333333	142.54	142.46	142.61333333333334	142.50666666666666	142.6	142.57333333333332	142.54	142.58666666666667	142.52666666666667	142.49333333333334	142.53333333333333	142.56	142.58	142.62	142.62	142.58666666666667	142.63333333333333	142.53333333333333	142.57333333333332	142.42	142.61333333333334	142.52	142.46	142.58	142.55333333333334	142.51333333333332	142.61333333333334	142.69333333333333	142.57333333333332	142.51333333333332	142.59333333333333	142.55333333333334	142.55333333333334	142.59333333333333	142.54	142.57333333333332	142.56666666666666	142.64666666666668	142.56	142.46	142.59333333333333	142.52666666666667	142.54666666666665	142.6	142.58	142.57333333333332	142.58666666666667	142.5	142.55333333333334	142.59333333333333	142.56	142.56	142.47333333333333	142.60666666666665	142.60666666666665	142.36666666666667	140.79333333333332	0.0
0.0	140.88	142.39333333333335	142.54	142.57333333333332	142.63333333333333	142.54	142.56666666666666	142.5	142.54	142.49333333333334	142.56666666666666	142.58	142.6	142.50666666666666	142.61333333333334	142.57333333333332	142.48	142.52	142.54	142.60666666666665	142.48666666666668	142.48	142.56666666666666	142.62666666666667	142.60666666666665	142.50666666666666	142.56666666666666	142.63333333333333	142.6	142.62	142.49333333333334	142.63333333333333	142.51333333333332	142.58	142.55333333333334	142.60666666666665	142.56666666666666	142.57333333333332	142.45333333333335	142.54	142.57333333333332	142.6	142.53333333333333	142.54	142.56	142.48	142.65333333333334	142.58	142.59333333333333	142.62	142.55333333333334	142.48	142.62	142.58666666666667	142.58666666666667	142.53333333333333	142.52	142.58	142.49333333333334	142.61333333333334	142.58	142.59333333333333	142.61333333333334	142.59333333333333	142.52666666666667	142.48666666666668	142.58666666666667	142.53333333333333	142.54	142.37333333333333	140.85333333333332	0.0
0.0	141.10666666666665	142.43333333333334	142.51333333333332	142.55333333333334	142.46	142.54	142.46	142.56	142.45333333333335	142.53333333333333	142.5	142.53333333333333	142.48666666666668	142.58	142.48666666666668	142.52	142.54666666666665	142.52666666666667	142.41333333333333	142.54666666666665	142.54666666666665	142.54	142.49333333333334	142.49333333333334	142.53333333333333	142.50666666666666	142.52	142.54666666666665	142.52	142.50666666666666	142.48666666666668	142.5	142.53333333333333	142.54	142.47333333333333	142.5	142.53333333333333	142.44	142.51333333333332	142.54666666666665	142.51333333333332	142.50666666666666	142.54	142.62	142.58	142.42666666666668	142.49333333333334	142.50666666666666	142.54	142.52	142.5	142.55333333333334	142.50666666666666	142.43333333333334	142.44	142.48666666666668	142.52	142.56	142.47333333333333	142.44666666666666	142.56	142.47333333333333	142.47333333333333	142.46666666666667	142.53333333333333	142.48	142.56	142.48	142.56666666666666	142.34666666666666	140.99333333333334	0.0
0.0	140.98	142.6	142.64666666666668	142.61333333333334	142.61333333333334	142.56	142.55333333333334	142.60666666666665	142.68666666666667	142.57333333333332	142.54	142.66	142.59333333333333	142.67333333333335	142.58	142.64	142.58	142.64	142.48666666666668	142.58	142.56666666666666	142.65333333333334	142.59333333333333	142.67333333333335	142.58666666666667	142.49333333333334	142.67333333333335	142.64666666666668	142.57333333333332	142.57333333333332	142.62666666666667	142.64	142.6	142.66	142.6	142.54666666666665	142.54666666666665	142.61333333333334	142.6	142.6	142.66666666666666	142.59333333333333	142.66666666666666	142.63333333333333	142.61333333333334	142.67333333333335	142.58666666666667	142.5	142.60666666666665	142.6	142.66666666666666	142.58666666666667	142.68666666666667	142.58666666666667	142.54	142.59333333333333	142.62666666666667	142.58	142.62666666666667	142.56666666666666	142.56666666666666	142.58666666666667	142.52	142.55333333333334	142.58666666666667	142.59333333333333	142.58666666666667	142.63333333333333	142.58666666666667	142.56666666666666	140.98666666666668	0.0
0.0	140.88	142.58	142.62	142.58666666666667	142.62666666666667	142.64666666666668	142.58666666666667	142.55333333333334	142.64	142.60666666666665	142.59333333333333	142.62	142.7	142.61333333333334	142.69333333333333	142.59333333333333	142.58666666666667	142.64666666666668	142.62666666666667	142.54	142.64	142.58666666666667	142.62	142.56	142.64	142.64666666666668	142.64	142.64666666666668	142.56	142.59333333333333	142.62	142.62666666666667	142.63333333333333	142.64666666666668	142.64666666666668	142.64	142.70666666666668	142.58	142.69333333333333	142.62	142.63333333333333	142.65333333333334	142.59333333333333	142.72	142.64	142.63333333333333	142.60666666666665	142.64666666666668	142.62	142.55333333333334	142.72666666666666	142.62	142.62	142.61333333333334	142.6	142.62666666666667	142.63333333333333	142.68	142.55333333333334	142.60666666666665	142.59333333333333	142.56	142.59333333333333	142.65333333333334	142.70666666666668	142.60666666666665	142.68666666666667	142.58666666666667	142.56	142.51333333333332	140.95333333333335	0.0
0.0	141.08666666666667	142.54	142.61333333333334	142.67333333333335	142.66	142.64666666666668	142.60666666666665	142.58	142.7	142.56666666666666	142.59333333333333	142.59333333333333	142.67333333333335	142.69333333333333	142.71333333333334	142.64666666666668	142.63333333333333	142.68	142.56666666666666	142.59333333333333	142.56666666666666	142.52666666666667	142.67333333333335	142.48666666666668	142.64	142.57333333333332	142.57333333333332	142.6	142.62	142.62	142.52	142.58666666666667	142.60666666666665	142.54	142.58666666666667	142.56	142.62	142.56	142.53333333333333	142.58666666666667	142.6	142.60666666666665	142.58666666666667	142.61333333333334	142.54	142.56666666666666	142.64	142.58	142.59333333333333	142.53333333333333	142.64666666666668	142.61333333333334	142.63333333333333	142.57333333333332	142.68666666666667	142.60666666666665	142.64666666666668	142.54666666666665	142.64666666666668	142.7	142.54	142.69333333333333	142.60666666666665	142.63333333333333	142.60666666666665	142.56	142.67333333333335	142.59333333333333	142.66666666666666	142.55333333333334	140.93333333333334	0.0
0.0	140.94666666666666	142.49333333333334	142.46	142.51333333333332	142.49333333333334	142.50666666666666	142.58	142.52	142.56	142.55333333333334	142.57333333333332	142.51333333333332	142.48	142.54666666666665	142.42	142.55333333333334	142.44	142.52	142.48666666666668	142.53333333333333	142.57333333333332	142.53333333333333	142.53333333333333	142.50666666666666	142.58666666666667	142.5	142.44666666666666	142.52666666666667	142.55333333333334	142.52666666666667	142.52666666666667	142.54666666666665	142.56666666666666	142.51333333333332	142.56666666666666	142.53333333333333	142.54666666666665	142.56666666666666	142.55333333333334	142.49333333333334	142.62666666666667	142.5	142.52	142.43333333333334	142.56	142.56666666666666	142.55333333333334	142.5	142.56666666666666	142.56	142.52	142.52666666666667	142.48	142.57333333333332	142.55333333333334	142.52	142.43333333333334	142.51333333333332	142.47333333333333	142.46	142.54	142.48	142.52666666666667	142.58	142.57333333333332	142.54	142.50666666666666	142.54	142.60666666666665	142.48666666666668	141.05333333333334	0.0
0.0	141.00666666666666	142.44666666666666	142.49333333333334	142.55333333333334	142.58	142.53333333333333	142.51333333333332	142.53333333333333	142.56666666666666	142.43333333333334	142.55333333333334	142.55333333333334	142.52666666666667	142.5	142.5	142.51333333333332	142.57333333333332	142.6	142.52	142.52	142.52	142.54666666666665	142.53333333333333	142.51333333333332	142.54	142.56	142.48	142.56	142.48666666666668	142.54666666666665	142.47333333333333	142.55333333333334	142.54666666666665	142.52	142.52	142.46	142.53333333333333	142.57333333333332	142.53333333333333	142.54	142.57333333333332	142.48	142.42666666666668	142.44666666666666	142.44	142.52	142.54666666666665	142.55333333333334	142.52666666666667	142.52	142.54	142.64	142.48666666666668	142.54666666666665	142.56	142.53333333333333	142.59333333333333	142.48666666666668	142.50666666666666	142.47333333333333	142.48	142.53333333333333	142.44666666666666	142.56666666666666	142.50666666666666	142.51333333333332	142.46666666666667	142.52	142.48666666666668	142.45333333333335	140.87333333333333	0.0
0.0	141.06	142.55333333333334	142.60666666666665	142.62666666666667	142.64	142.57333333333332	142.66666666666666	142.63333333333333	142.48666666666668	142.60666666666665	142.58666666666667	142.59333333333333	142.68666666666667	142.57333333333332	142.56666666666666	142.62	142.58666666666667	142.64666666666668	142.54	142.60666666666665	142.56666666666666	142.61333333333334	142.64	142.56666666666666	142.65333333333334	142.55333333333334	142.65333333333334	142.46666666666667	142.6	142.63333333333333	142.49333333333334	142.54666666666665	142.6	142.59333333333333	142.57333333333332	142.68	142.55333333333334	142.63333333333333	142.58666666666667	142.68666666666667	142.61333333333334	142.67333333333335	142.55333333333334	142.61333333333334	142.6	142.61333333333334	142.58	142.61333333333334	142.64	142.6	142.53333333333333	142.65333333333334	142.55333333333334	142.58	142.64666666666668	142.57333333333332	142.56666666666666	142.68	142.58	142.62	142.59333333333333	142.58666666666667	142.58666666666667	142.66666666666666	142.60666666666665	142.64666666666668	142.54	142.72	142.56666666666666	142.54666666666665	141.0	0.0
0.0	140.96	142.56666666666666	142.53333333333333	142.42666666666668	142.57333333333332	142.5	142.54666666666665	142.52666666666667	142.51333333333332	142.62	142.58	142.54	142.54	142.52666666666667	142.51333333333332	142.54	142.54	142.53333333333333	142.54	142.57333333333332	142.54666666666665	142.47333333333333	142.5	142.5	142.46666666666667	142.56	142.52	142.60666666666665	142.54	142.52	142.46666666666667	142.52	142.46	142.49333333333334	142.52666666666667	142.52666666666667	142.52666666666667	142.53333333333333	142.64	142.53333333333333	142.58666666666667	142.52	142.54	142.49333333333334	142.53333333333333	142.62	142.50666666666666	142.51333333333332	142.50666666666666	142.56666666666666	142.55333333333334	142.54666666666665	142.5	142.48	142.46	142.54666666666665	142.52666666666667	142.51333333333332	142.53333333333333	142.51333333333332	142.53333333333333	142.56	142.62	142.54	142.52666666666667	142.48	142.58	142.56666666666666	142.49333333333334	142.5	140.86666666666667	0.0
0.0	141.00666666666666	142.48	142.54	142.6	142.60666666666665	142.53333333333333	142.58	142.60666666666665	142.62	142.64	142.65333333333334	142.68666666666667	142.64666666666668	142.57333333333332	142.59333333333333	142.58	142.62666666666667	142.58666666666667	142.68	142.62666666666667	142.64	142.63333333333333	142.64666666666668	142.62666666666667	142.56666666666666	142.67333333333335	142.66666666666666	142.52666666666667	142.70666666666668	142.58666666666667	142.60666666666665	142.58666666666667	142.64	142.56666666666666	142.56666666666666	142.52	142.58666666666667	142.6	142.57333333333332	142.58666666666667	142.57333333333332	142.69333333333333	142.60666666666665	142.62	142.55333333333334	142.58666666666667	142.57333333333332	142.61333333333334	142.68	142.55333333333334	142.56666666666666	142.65333333333334	142.59333333333333	142.54666666666665	142.65333333333334	142.63333333333333	142.67333333333335	142.59333333333333	142.66	142.64	142.52666666666667	142.63333333333333	142.61333333333334	142.61333333333334	142.58	142.7	142.6	142.62	142.60666666666665	142.65333333333334	140.80666666666667	0.0
0.0	140.88666666666666	142.42666666666668	142.54	142.58666666666667	142.58666666666667	142.64	142.56	142.48666666666668	142.55333333333334	142.66666666666666	142.6	142.62	142.52666666666667	142.61333333333334	142.60666666666665	142.64666666666668	142.58	142.60666666666665	142.62	142.6	142.59333333333333	142.56666666666666	142.54	142.61333333333334	142.57333333333332	142.56	142.62666666666667	142.62	142.58	142.56	142.56666666666666	142.64	142.59333333333333	142.62666666666667	142.58666666666667	142.59333333333333	142.60666666666665	142.52666666666667	142.54666666666665	142.64	142.59333333333333	142.62666666666667	142.68666666666667	142.66	142.67333333333335	142.56	142.60666666666665	142.57333333333332	142.60666666666665	142.52	142.64666666666668	142.56666666666666	142.63333333333333	142.62	142.58666666666667	142.64666666666668	142.68	142.58666666666667	142.64	142.57333333333332	142.59333333333333	142.64666666666668	142.60666666666665	142.68	142.55333333333334	142.56666666666666	142.57333333333332	142.74666666666667	142.54666666666665	142.60666666666665	140.91333333333333	0.0
0.0	141.09333333333333	142.48666666666668	142.47333333333333	142.37333333333333	142.45333333333335	142.46666666666667	142.46	142.48666666666668	142.52666666666667	142.47333333333333	142.46666666666667	142.42	142.51333333333332	142.49333333333334	142.5	142.46666666666667	142.56	142.52666666666667	142.49333333333334	142.33333333333334	142.45333333333335	142.6	142.45333333333335	142.50666666666666	142.48	142.42666666666668	142.47333333333333	142.43333333333334	142.54666666666665	142.46	142.56666666666666	142.52666666666667	142.48666666666668	142.42	142.52666666666667	142.38666666666666	142.51333333333332	142.50666666666666	142.48	142.53333333333333	142.56	142.48666666666668	142.44666666666666	142.47333333333333	142.38	142.52666666666667	142.51333333333332	142.48666666666668	142.4	142.48666666666668	142.42666666666668	142.42666666666668	142.43333333333334	142.42	142.43333333333334	142.40666666666667	142.54	142.51333333333332	142.50666666666666	142.4	142.53333333333333	142.50666666666666	142.55333333333334	142.48	142.44666666666666	142.48666666666668	142.47333333333333	142.45333333333335	142.47333333333333	142.32	140.99333333333334	0.0
0.0	140.98	142.56666666666666	142.54666666666665	142.62	142.58	142.53333333333333	142.64666666666668	142.60666666666665	142.61333333333334	142.56666666666666	142.65333333333334	142.67333333333335	142.62666666666667	142.56	142.54666666666665	142.60666666666665	142.64	142.62	142.56666666666666	142.64666666666668	142.58	142.60666666666665	142.56666666666666	142.55333333333334	142.57333333333332	142.60666666666665	142.5	142.54	142.58	142.58	142.6	142.61333333333334	142.72666666666666	142.66	142.54666666666665	142.64666666666668	142.59333333333333	142.58	142.61333333333334	142.62	142.63333333333333	142.54666666666665	142.62	142.62666666666667	142.55333333333334	142.61333333333334	142.64	142.60666666666665	142.63333333333333	142.62	142.58666666666667	142.64666666666668	142.57333333333332	142.58	142.67333333333335	142.56666666666666	142.62666666666667	142.62	142.68666666666667	142.63333333333333	142.62666666666667	142.67333333333335	142.62666666666667	142.6	142.56666666666666	142.60666666666665	142.53333333333333	142.65333333333334	142.6	142.55333333333334	141.02	0.0
0.0	140.79333333333332	142.5	142.58666666666667	142.54	142.55333333333334	142.56	142.60666666666665	142.54	142.57333333333332	142.52666666666667	142.56	142.54	142.54	142.59333333333333	142.48	142.59333333333333	142.51333333333332	142.56666666666666	142.53333333333333	142.56	142.60666666666665	142.62	142.59333333333333	142.60666666666665	142.58	142.57333333333332	142.51333333333332	142.5	142.54	142.51333333333332	142.55333333333334	142.53333333333333	142.54	142.58666666666667	142.50666666666666	142.54666666666665	142.52666666666667	142.48666666666668	142.42	142.58	142.6	142.58	142.63333333333333	142.50666666666666	142.48	142.48	142.58666666666667	142.56	142.54666666666665	142.52	142.64	142.51333333333332	142.54666666666665	142.48	142.60666666666665	142.50666666666666	142.56	142.60666666666665	142.56	142.51333333333332	142.44	142.56	142.54	142.52	142.53333333333333	142.47333333333333	142.54666666666665	142.55333333333334	142.45333333333335	142.47333333333333	141.08666666666667	0.0
0.0	140.98	142.58	142.60666666666665	142.51333333333332	142.56666666666666	142.68	142.55333333333334	142.57333333333332	142.64	142.56666666666666	142.67333333333335	142.67333333333335	142.49333333333334	142.58	142.60666666666665	142.67333333333335	142.56666666666666	142.58666666666667	142.65333333333334	142.63333333333333	142.57333333333332	142.52	142.52	142.59333333333333	142.6	142.62666666666667	142.66	142.57333333333332	142.67333333333335	142.57333333333332	142.61333333333334	142.59333333333333	142.53333333333333	142.61333333333334	142.65333333333334	142.67333333333335	142.52	142.58666666666667	142.64	142.62666666666667	142.58666666666667	142.65333333333334	142.60666666666665	142.64666666666668	142.64	142.58666666666667	142.56666666666666	142.6	142.62666666666667	142.6	142.66666666666666	142.59333333333333	142.60666666666665	142.58	142.52666666666667	142.58666666666667	142.62666666666667	142.58666666666667	142.57333333333332	142.56666666666666	142.55333333333334	142.58666666666667	142.62	142.62666666666667	142.60666666666665	142.61333333333334	142.61333333333334	142.52666666666667	142.61333333333334	142.61333333333334	141.09333333333333	0.0
0.0	140.96	142.6	142.58666666666667	142.56666666666666	142.60666666666665	142.59333333333333	142.67333333333335	142.67333333333335	142.6	142.66666666666666	142.62666666666667	142.56	142.64666666666668	142.6	142.61333333333334	142.65333333333334	142.64	142.53333333333333	142.62666666666667	142.59333333333333	142.6	142.56	142.58666666666667	142.61333333333334	142.54666666666665	142.64	142.6	142.64666666666668	142.56666666666666	142.61333333333334	142.58666666666667	142.56	142.64	142.62666666666667	142.6	142.56	142.64666666666668	142.54	142.57333333333332	142.56666666666666	142.57333333333332	142.6	142.61333333333334	142.58	142.53333333333333	142.58	142.58666666666667	142.6	142.64666666666668	142.58666666666667	142.65333333333334	142.6	142.61333333333334	142.49333333333334	142.70666666666668	142.6	142.58	142.64	142.62666666666667	142.59333333333333	142.62	142.54666666666665	142.56666666666666	142.66	142.66	142.56	142.56666666666666	142.66666666666666	142.60666666666665	142.5	140.77333333333334	0.0
0.0	140.88666666666666	142.53333333333333	142.50666666666666	142.52666666666667	142.59333333333333	142.56	142.61333333333334	142.57333333333332	142.57333333333332	142.57333333333332	142.65333333333334	142.64	142.62666666666667	142.57333333333332	142.60666666666665	142.62666666666667	142.6	142.65333333333334	142.6	142.58	142.62666666666667	142.66	142.55333333333334	142.62	142.63333333333333	142.61333333333334	142.59333333333333	142.55333333333334	142.60666666666665	142.50666666666666	142.55333333333334	142.6	142.62666666666667	142.62666666666667	142.63333333333333	142.58	142.68	142.7	142.66	142.59333333333333	142.64	142.54	142.62	142.62	142.57333333333332	142.6	142.60666666666665	142.62	142.55333333333334	142.56666666666666	142.64	142.68	142.55333333333334	142.65333333333334	142.60666666666665	142.56666666666666	142.58666666666667	142.62666666666667	142.56666666666666	142.60666666666665	142.53333333333333	142.58	142.59333333333333	142.5	142.66666666666666	142.68666666666667	142.6	142.57333333333332	142.60666666666665	142.54666666666665	140.96	0.0
0.0	140.77333333333334	142.58	142.55333333333334	142.65333333333334	142.57333333333332	142.68666666666667	142.62666666666667	142.56	142.58666666666667	142.47333333333333	142.59333333333333	142.57333333333332	142.60666666666665	142.6	142.54666666666665	142.63333333333333	142.57333333333332	142.64	142.61333333333334	142.61333333333334	142.58	142.54666666666665	142.58	142.6	142.62666666666667	142.64666666666668	142.58666666666667	142.61333333333334	142.54666666666665	142.60666666666665	142.6	142.57333333333332	142.52666666666667	142.52666666666667	142.60666666666665	142.58666666666667	142.58	142.52666666666667	142.53333333333333	142.57333333333332	142.62	142.68	142.58	142.57333333333332	142.58	142.58666666666667	142.54666666666665	142.6	142.66	142.58	142.60666666666665	142.66	142.52	142.57333333333332	142.56	142.6	142.60666666666665	142.58666666666667	142.54666666666665	142.59333333333333	142.68	142.58666666666667	142.63333333333333	142.59333333333333	142.62666666666667	142.56	142.63333333333333	142.55333333333334	142.56	142.5	140.92	0.0
0.0	141.05333333333334	142.54666666666665	142.60666666666665	142.61333333333334	142.66666666666666	142.60666666666665	142.57333333333332	142.58	142.57333333333332	142.52666666666667	142.64	142.49333333333334	142.56	142.59333333333333	142.48666666666668	142.56666666666666	142.60666666666665	142.57333333333332	142.56666666666666	142.58	142.58	142.60666666666665	142.49333333333334	142.56	142.65333333333334	142.63333333333333	142.6	142.53333333333333	142.60666666666665	142.57333333333332	142.56666666666666	142.54666666666665	142.55333333333334	142.54666666666665	142.6	142.48666666666668	142.58666666666667	142.57333333333332	142.58666666666667	142.56	142.50666666666666	142.56	142.56	142.54	142.62	142.60666666666665	142.58	142.56	142.60666666666665	142.60666666666665	142.59333333333333	142.56666666666666	142.54	142.56	142.57333333333332	142.56666666666666	142.54666666666665	142.57333333333332	142.57333333333332	142.68666666666667	142.64	142.55333333333334	142.59333333333333	142.59333333333333	142.6	142.6	142.66	142.60666666666665	142.54666666666665	142.36666666666667	140.88666666666666	0.0
0.0	141.03333333333333	142.50666666666666	142.65333333333334	142.61333333333334	142.55333333333334	142.68666666666667	142.58666666666667	142.52	142.44666666666666	142.59333333333333	142.63333333333333	142.52666666666667	142.59333333333333	142.58666666666667	142.55333333333334	142.58	142.68	142.54	142.61333333333334	142.58	142.52666666666667	142.57333333333332	142.60666666666665	142.56	142.61333333333334	142.56666666666666	142.59333333333333	142.56	142.62	142.64666666666668	142.56666666666666	142.59333333333333	142.62666666666667	142.66666666666666	142.54	142.58	142.59333333333333	142.54	142.60666666666665	142.63333333333333	142.59333333333333	142.59333333333333	142.64	142.48	142.62	142.65333333333334	142.60666666666665	142.54	142.64	142.60666666666665	142.6	142.62666666666667	142.49333333333334	142.67333333333335	142.59333333333333	142.61333333333334	142.58	142.62666666666667	142.58666666666667	142.62	142.65333333333334	142.59333333333333	142.66666666666666	142.64666666666668	142.62	142.41333333333333	142.6	142.6	142.58	142.49333333333334	141.01333333333332	0.0
0.0	141.01333333333332	142.48	142.61333333333334	142.47333333333333	142.61333333333334	142.6	142.56666666666666	142.48	142.54666666666665	142.56	142.6	142.6	142.59333333333333	142.54666666666665	142.56	142.49333333333334	142.51333333333332	142.6	142.64	142.53333333333333	142.59333333333333	142.56666666666666	142.46	142.56666666666666	142.54	142.57333333333332	142.50666666666666	142.56	142.52666666666667	142.52666666666667	142.50666666666666	142.53333333333333	142.58666666666667	142.61333333333334	142.59333333333333	142.55333333333334	142.62	142.60666666666665	142.59333333333333	142.52666666666667	142.6	142.54	142.56666666666666	142.51333333333332	142.5	142.62666666666667	142.62666666666667	142.54666666666665	142.60666666666665	142.59333333333333	142.66	142.55333333333334	142.57333333333332	142.69333333333333	142.48	142.63333333333333	142.6	142.64	142.50666666666666	142.59333333333333	142.63333333333333	142.65333333333334	142.56	142.58	142.54666666666665	142.55333333333334	142.49333333333334	142.55333333333334	142.60666666666665	142.42666666666668	140.98666666666668	0.0
0.0	140.97333333333333	142.49333333333334	142.46666666666667	142.49333333333334	142.46	142.51333333333332	142.47333333333333	142.49333333333334	142.39333333333335	142.48	142.48666666666668	142.54666666666665	142.43333333333334	142.5	142.5	142.49333333333334	142.49333333333334	142.46	142.44	142.52	142.52	142.51333333333332	142.44666666666666	142.47333333333333	142.51333333333332	142.54	142.48	142.44666666666666	142.51333333333332	142.42	142.42	142.49333333333334	142.52	142.43333333333334	142.58666666666667	142.43333333333334	142.52	142.50666666666666	142.44666666666666	142.47333333333333	142.49333333333334	142.44	142.53333333333333	142.48666666666668	142.53333333333333	142.5	142.44666666666666	142.46	142.50666666666666	142.5	142.5	142.58	142.5	142.5	142.42	142.49333333333334	142.45333333333335	142.54666666666665	142.51333333333332	142.5	142.53333333333333	142.41333333333333	142.43333333333334	142.56	142.51333333333332	142.41333333333333	142.47333333333333	142.36666666666667	142.50666666666666	142.58	140.67333333333335	0.0
0.0	140.93333333333334	142.48666666666668	142.54	142.59333333333333	142.64	142.63333333333333	142.64666666666668	142.50666666666666	142.64	142.62	142.58666666666667	142.66	142.54666666666665	142.58	142.55333333333334	142.56	142.58666666666667	142.60666666666665	142.6	142.56666666666666	142.60666666666665	142.67333333333335	142.55333333333334	142.63333333333333	142.63333333333333	142.62	142.63333333333333	142.59333333333333	142.64	142.58	142.57333333333332	142.60666666666665	142.71333333333334	142.52666666666667	142.55333333333334	142.66	142.56666666666666	142.56	142.64	142.66	142.57333333333332	142.64666666666668	142.56666666666666	142.70666666666668	142.65333333333334	142.6	142.52666666666667	142.58666666666667	142.68	142.53333333333333	142.62666666666667	142.58	142.6	142.56666666666666	142.49333333333334	142.62	142.56666666666666	142.59333333333333	142.58	142.59333333333333	142.63333333333333	142.64	142.6	142.59333333333333	142.64	142.56666666666666	142.64666666666668	142.64666666666668	142.6	142.52666666666667	140.95333333333335	0.0
0.0	140.86666666666667	142.56666666666666	142.56666666666666	142.58	142.5	142.59333333333333	142.58	142.52	142.44	142.62666666666667	142.56	142.60666666666665	142.59333333333333	142.55333333333334	142.58666666666667	142.50666666666666	142.52666666666667	142.55333333333334	142.54	142.54	142.54666666666665	142.56	142.56	142.56	142.55333333333334	142.54666666666665	142.54666666666665	142.55333333333334	142.54666666666665	142.60666666666665	142.56666666666666	142.56	142.44666666666666	142.54	142.55333333333334	142.53333333333333	142.56	142.50666666666666	142.58	142.56	142.50666666666666	142.46	142.56666666666666	142.52	142.59333333333333	142.51333333333332	142.53333333333333	142.59333333333333	142.57333333333332	142.40666666666667	142.49333333333334	142.6	142.57333333333332	142.60666666666665	142.45333333333335	142.52666666666667	142.50666666666666	142.48666666666668	142.5	142.54666666666665	142.61333333333334	142.52	142.56666666666666	142.50666666666666	142.63333333333333	142.47333333333333	142.50666666666666	142.6	142.54	142.44	140.75333333333333	0.0
0.0	140.73333333333332	142.42666666666668	142.6	142.48666666666668	142.54	142.54666666666665	142.54666666666665	142.59333333333333	142.54666666666665	142.48	142.60666666666665	142.55333333333334	142.62666666666667	142.54666666666665	142.54	142.57333333333332	142.52	142.6	142.45333333333335	142.56	142.54666666666665	142.54	142.51333333333332	142.58666666666667	142.59333333333333	142.58666666666667	142.58666666666667	142.5	142.54	142.55333333333334	142.50666666666666	142.54666666666665	142.52	142.49333333333334	142.55333333333334	142.52	142.52	142.58666666666667	142.6	142.59333333333333	142.48666666666668	142.53333333333333	142.53333333333333	142.62	142.57333333333332	142.6	142.52666666666667	142.62666666666667	142.55333333333334	142.52666666666667	142.59333333333333	142.58	142.53333333333333	142.59333333333333	142.57333333333332	142.6	142.44666666666666	142.52	142.50666666666666	142.61333333333334	142.5	142.54	142.52	142.59333333333333	142.56	142.56666666666666	142.51333333333332	142.55333333333334	142.56666666666666	142.39333333333335	141.02666666666667	0.0
0.0	140.98	142.54	142.56666666666666	142.62	142.59333333333333	142.62666666666667	142.56	142.58666666666667	142.58666666666667	142.6	142.62	142.67333333333335	142.55333333333334	142.62	142.52666666666667	142.66666666666666	142.57333333333332	142.66	142.65333333333334	142.66666666666666	142.62666666666667	142.73333333333332	142.64	142.57333333333332	142.57333333333332	142.56666666666666	142.62666666666667	142.5	142.59333333333333	142.56666666666666	142.63333333333333	142.52	142.61333333333334	142.62666666666667	142.60666666666665	142.60666666666665	142.56666666666666	142.64	142.59333333333333	142.62666666666667	142.48	142.64666666666668	142.67333333333335	142.58666666666667	142.62666666666667	142.59333333333333	142.54666666666665	142.53333333333333	142.65333333333334	142.64666666666668	142.58	142.60666666666665	142.6	142.60666666666665	142.59333333333333	142.64666666666668	142.61333333333334	142.65333333333334	142.60666666666665	142.57333333333332	142.56666666666666	142.64	142.58666666666667	142.73333333333332	142.52666666666667	142.63333333333333	142.59333333333333	142.57333333333332	142.58666666666667	142.48666666666668	140.90666666666667	0.0
0.0	140.88666666666666	142.56666666666666	142.49333333333334	142.54666666666665	142.57333333333332	142.54666666666665	142.60666666666665	142.55333333333334	142.53333333333333	142.60666666666665	142.61333333333334	142.58	142.52666666666667	142.58666666666667	142.52666666666667	142.56	142.53333333333333	142.64666666666668	142.63333333333333	142.61333333333334	142.56666666666666	142.58666666666667	142.58	142.58666666666667	142.56	142.63333333333333	142.57333333333332	142.61333333333334	142.66	142.56	142.62	142.58	142.60666666666665	142.58	142.58	142.47333333333333	142.62666666666667	142.66	142.57333333333332	142.60666666666665	142.55333333333334	142.61333333333334	142.54	142.46	142.58	142.57333333333332	142.66	142.61333333333334	142.52	142.49333333333334	142.5	142.61333333333334	142.61333333333334	142.56666666666666	142.58666666666667	142.53333333333333	142.5	142.51333333333332	142.61333333333334	142.59333333333333	142.55333333333334	142.55333333333334	142.64	142.59333333333333	142.46	142.56	142.53333333333333	142.53333333333333	142.60666666666665	142.50666666666666	140.86	0.0
0.0	140.98	142.48666666666668	142.58	142.64	142.45333333333335	142.5	142.60666666666665	142.58666666666667	142.46	142.63333333333333	142.6	142.58666666666667	142.58	142.53333333333333	142.51333333333332	142.51333333333332	142.52666666666667	142.57333333333332	142.61333333333334	142.6	142.48666666666668	142.65333333333334	142.64	142.68	142.56	142.56	142.58666666666667	142.60666666666665	142.57333333333332	142.60666666666665	142.56666666666666	142.51333333333332	142.59333333333333	142.52	142.55333333333334	142.50666666666666	142.58	142.52666666666667	142.55333333333334	142.61333333333334	142.58	142.54666666666665	142.48	142.57333333333332	142.52	142.54	142.61333333333334	142.51333333333332	142.64666666666668	142.58	142.62	142.57333333333332	142.56	142.54666666666665	142.52666666666667	142.67333333333335	142.59333333333333	142.51333333333332	142.56666666666666	142.62	142.59333333333333	142.58666666666667	142.54666666666665	142.62	142.64666666666668	142.49333333333334	142.48	142.58	142.5	142.35333333333332	140.93333333333334	0.0
0.0	140.90666666666667	142.55333333333334	142.5	142.54	142.52	142.54	142.60666666666665	142.54666666666665	142.62666666666667	142.46	142.49333333333334	142.58	142.60666666666665	142.48666666666668	142.6	142.59333333333333	142.48666666666668	142.51333333333332	142.52666666666667	142.51333333333332	142.46666666666667	142.62	142.58666666666667	142.57333333333332	142.50666666666666	142.54	142.56	142.56	142.49333333333334	142.56666666666666	142.62666666666667	142.46	142.55333333333334	142.49333333333334	142.54	142.60666666666665	142.62666666666667	142.45333333333335	142.48666666666668	142.55333333333334	142.54666666666665	142.51333333333332	142.59333333333333	142.56666666666666	142.60666666666665	142.55333333333334	142.51333333333332	142.54	142.56	142.54666666666665	142.51333333333332	142.54666666666665	142.54666666666665	142.60666666666665	142.55333333333334	142.48666666666668	142.56	142.5	142.58666666666667	142.50666666666666	142.56	142.5	142.53333333333333	142.52	142.46	142.62666666666667	142.49333333333334	142.62	142.46	142.42666666666668	140.86	0.0
0.0	140.88666666666666	142.52666666666667	142.58	142.64	142.51333333333332	142.7	142.58666666666667	142.7	142.60666666666665	142.58666666666667	142.56666666666666	142.70666666666668	142.6	142.55333333333334	142.59333333333333	142.72666666666666	142.58	142.66666666666666	142.66666666666666	142.63333333333333	142.71333333333334	142.64666666666668	142.66666666666666	142.58666666666667	142.56666666666666	142.55333333333334	142.59333333333333	142.62666666666667	142.64666666666668	142.62	142.61333333333334	142.62	142.66666666666666	142.68666666666667	142.69333333333333	142.7	142.66	142.68666666666667	142.61333333333334	142.58666666666667	142.69333333333333	142.63333333333333	142.57333333333332	142.62	142.64666666666668	142.57333333333332	142.64	142.66	142.66	142.58666666666667	142.5	142.62666666666667	142.69333333333333	142.6	142.66	142.65333333333334	142.62	142.54666666666665	142.64666666666668	142.66666666666666	142.60666666666665	142.67333333333335	142.64	142.59333333333333	142.66	142.66666666666666	142.68666666666667	142.64	142.63333333333333	142.45333333333335	140.70666666666668	0.0
0.0	140.94666666666666	142.42666666666668	142.55333333333334	142.50666666666666	142.5	142.54	142.64	142.46	142.58	142.50666666666666	142.55333333333334	142.58	142.48666666666668	142.58	142.56666666666666	142.54	142.52	142.58666666666667	142.58666666666667	142.54666666666665	142.57333333333332	142.5	142.59333333333333	142.55333333333334	142.56	142.51333333333332	142.56	142.50666666666666	142.54666666666665	142.52	142.46	142.50666666666666	142.54666666666665	142.58	142.55333333333334	142.52666666666667	142.54	142.56666666666666	142.58	142.51333333333332	142.48	142.53333333333333	142.55333333333334	142.56	142.51333333333332	142.57333333333332	142.49333333333334	142.54	142.51333333333332	142.5	142.46666666666667	142.52666666666667	142.60666666666665	142.58	142.58666666666667	142.52666666666667	142.58	142.53333333333333	142.52	142.57333333333332	142.53333333333333	142.50666666666666	142.56	142.60666666666665	142.48666666666668	142.57333333333332	142.55333333333334	142.55333333333334	142.55333333333334	142.46	141.1	0.0
0.0	140.88666666666666	142.4	142.46	142.42666666666668	142.50666666666666	142.42666666666668	142.54	142.45333333333335	142.52	142.52666666666667	142.46	142.5	142.44	142.42666666666668	142.46	142.41333333333333	142.44	142.47333333333333	142.48	142.49333333333334	142.42	142.44666666666666	142.40666666666667	142.43333333333334	142.39333333333335	142.42	142.48666666666668	142.49333333333334	142.44	142.46	142.48	142.36666666666667	142.43333333333334	142.49333333333334	142.36666666666667	142.37333333333333	142.43333333333334	142.45333333333335	142.45333333333335	142.52	142.56	142.42	142.36666666666667	142.44666666666666	142.5	142.46666666666667	142.48666666666668	142.44	142.46666666666667	142.44666666666666	142.52	142.40666666666667	142.48	142.49333333333334	142.46666666666667	142.48	142.47333333333333	142.46666666666667	142.47333333333333	142.39333333333335	142.46	142.4	142.44	142.47333333333333	142.51333333333332	142.54	142.4	142.48666666666668	142.48	142.36666666666667	140.74666666666667	0.0
0.0	141.02	142.46666666666667	142.59333333333333	142.55333333333334	142.5	142.53333333333333	142.50666666666666	142.53333333333333	142.55333333333334	142.58666666666667	142.51333333333332	142.54666666666665	142.55333333333334	142.44666666666666	142.56666666666666	142.44	142.56	142.55333333333334	142.46666666666667	142.59333333333333	142.55333333333334	142.60666666666665	142.58666666666667	142.56666666666666	142.5	142.48	142.54666666666665	142.58	142.57333333333332	142.53333333333333	142.54666666666665	142.58	142.54	142.46	142.50666666666666	142.43333333333334	142.5	142.49333333333334	142.59333333333333	142.55333333333334	142.58666666666667	142.51333333333332	142.51333333333332	142.56666666666666	142.52	142.57333333333332	142.52666666666667	142.56666666666666	142.56666666666666	142.59333333333333	142.46	142.57333333333332	142.56666666666666	142.49333333333334	142.52	142.64666666666668	142.50666666666666	142.51333333333332	142.44	142.54	142.44	142.58666666666667	142.53333333333333	142.48	142.48	142.54	142.51333333333332	142.56	142.47333333333333	142.43333333333334	140.63333333333333	0.0
0.0	140.92666666666668	142.56	142.56	142.62	142.56	142.57333333333332	142.62	142.63333333333333	142.55333333333334	142.62	142.6	142.64	142.62666666666667	142.66666666666666	142.59333333333333	142.54	142.61333333333334	142.52	142.6	142.56	142.54	142.59333333333333	142.6	142.52666666666667	142.6	142.63333333333333	142.59333333333333	142.57333333333332	142.58	142.58666666666667	142.66666666666666	142.5	142.64	142.61333333333334	142.62666666666667	142.64666666666668	142.52666666666667	142.58	142.54	142.64	142.58	142.62	142.59333333333333	142.59333333333333	142.57333333333332	142.59333333333333	142.59333333333333	142.56	142.55333333333334	142.63333333333333	142.58	142.53333333333333	142.61333333333334	142.58	142.61333333333334	142.56666666666666	142.64	142.58666666666667	142.64	142.56	142.56	142.65333333333334	142.62	142.56666666666666	142.53333333333333	142.56666666666666	142.6	142.56	142.56666666666666	142.52666666666667	141.19333333333333	0.0
0.0	140.92666666666668	142.6	142.6	142.61333333333334	142.62	142.6	142.58	142.61333333333334	142.66	142.7	142.68	142.66	142.60666666666665	142.54	142.70666666666668	142.56	142.71333333333334	142.58	142.60666666666665	142.66666666666666	142.56666666666666	142.62	142.56666666666666	142.62	142.58666666666667	142.63333333333333	142.58	142.66	142.55333333333334	142.7	142.51333333333332	142.63333333333333	142.57333333333332	142.66	142.64666666666668	142.62666666666667	142.48	142.67333333333335	142.61333333333334	142.64	142.58666666666667	142.64	142.56666666666666	142.72	142.57333333333332	142.60666666666665	142.68	142.68666666666667	142.58666666666667	142.53333333333333	142.58666666666667	142.66666666666666	142.71333333333334	142.57333333333332	142.61333333333334	142.62666666666667	142.60666666666665	142.62	142.60666666666665	142.64	142.52	142.6	142.68	142.62	142.63333333333333	142.61333333333334	142.63333333333333	142.66	142.63333333333333	142.68666666666667	140.98666666666668	0.0
0.0	140.88666666666666	142.52666666666667	142.62	142.63333333333333	142.56	142.58666666666667	142.64666666666668	142.63333333333333	142.65333333333334	142.58666666666667	142.69333333333333	142.62	142.51333333333332	142.62666666666667	142.56666666666666	142.63333333333333	142.62666666666667	142.66666666666666	142.62	142.59333333333333	142.55333333333334	142.70666666666668	142.69333333333333	142.64666666666668	142.61333333333334	142.63333333333333	142.72	142.72	142.60666666666665	142.50666666666666	142.60666666666665	142.65333333333334	142.60666666666665	142.64666666666668	142.59333333333333	142.64	142.66	142.71333333333334	142.59333333333333	142.54	142.59333333333333	142.58	142.63333333333333	142.64666666666668	142.62	142.68	142.67333333333335	142.6	142.6	142.66	142.64	142.62	142.64666666666668	142.67333333333335	142.61333333333334	142.58	142.6	142.58666666666667	142.65333333333334	142.62666666666667	142.61333333333334	142.66	142.62666666666667	142.64666666666668	142.64	142.56	142.60666666666665	142.71333333333334	142.63333333333333	142.53333333333333	141.0	0.0
0.0	140.88	142.57333333333332	142.63333333333333	142.58	142.52	142.67333333333335	142.52666666666667	142.58666666666667	142.5	142.56666666666666	142.61333333333334	142.55333333333334	142.45333333333335	142.52666666666667	142.52666666666667	142.54666666666665	142.53333333333333	142.56666666666666	142.47333333333333	142.56	142.54	142.56666666666666	142.51333333333332	142.54	142.6	142.48666666666668	142.62666666666667	142.54	142.65333333333334	142.67333333333335	142.56666666666666	142.57333333333332	142.55333333333334	142.56	142.61333333333334	142.54	142.50666666666666	142.63333333333333	142.53333333333333	142.52	142.60666666666665	142.5	142.58	142.54	142.59333333333333	142.63333333333333	142.58	142.59333333333333	142.62666666666667	142.53333333333333	142.66666666666666	142.52	142.54	142.48666666666668	142.64	142.57333333333332	142.59333333333333	142.57333333333332	142.51333333333332	142.58	142.50666666666666	142.64	142.58666666666667	142.57333333333332	142.55333333333334	142.62	142.54	142.6	142.53333333333333	142.44	140.93333333333334	0.0
0.0	141.07333333333332	142.56	142.5	142.60666666666665	142.60666666666665	142.6	142.65333333333334	142.52666666666667	142.48666666666668	142.52	142.60666666666665	142.51333333333332	142.62666666666667	142.51333333333332	142.68666666666667	142.59333333333333	142.59333333333333	142.55333333333334	142.52666666666667	142.57333333333332	142.59333333333333	142.61333333333334	142.59333333333333	142.58	142.60666666666665	142.63333333333333	142.57333333333332	142.56	142.54666666666665	142.54666666666665	142.59333333333333	142.62	142.54	142.5	142.64666666666668	142.54	142.58	142.60666666666665	142.54666666666665	142.58	142.56	142.62666666666667	142.58	142.69333333333333	142.65333333333334	142.65333333333334	142.63333333333333	142.74666666666667	142.55333333333334	142.6	142.49333333333334	142.58	142.58666666666667	142.61333333333334	142.57333333333332	142.56666666666666	142.52	142.57333333333332	142.64666666666668	142.62	142.56	142.53333333333333	142.60666666666665	142.66666666666666	142.68666666666667	142.67333333333335	142.56	142.64666666666668	142.6	142.52666666666667	140.90666666666667	0.0
0.0	141.14666666666668	142.48	142.64	142.72	142.62	142.68	142.63333333333333	142.66	142.68666666666667	142.66	142.64666666666668	142.67333333333335	142.71333333333334	142.67333333333335	142.62666666666667	142.60666666666665	142.61333333333334	142.63333333333333	142.53333333333333	142.64	142.62	142.65333333333334	142.64	142.6	142.64666666666668	142.66666666666666	142.67333333333335	142.54	142.66	142.6	142.58	142.64	142.59333333333333	142.65333333333334	142.62666666666667	142.6	142.69333333333333	142.65333333333334	142.64666666666668	142.61333333333334	142.67333333333335	142.58666666666667	142.64666666666668	142.56	142.6	142.60666666666665	142.64666666666668	142.68666666666667	142.6	142.66	142.63333333333333	142.67333333333335	142.63333333333333	142.71333333333334	142.74	142.62666666666667	142.68666666666667	142.70666666666668	142.69333333333333	142.69333333333333	142.70666666666668	142.62	142.60666666666665	142.62	142.64666666666668	142.7	142.69333333333333	142.69333333333333	142.64666666666668	142.61333333333334	140.88	0.0
0.0	140.98	142.37333333333333	142.5	142.64	142.62	142.67333333333335	142.54666666666665	142.54666666666665	142.61333333333334	142.6	142.56	142.62666666666667	142.62666666666667	142.54666666666665	142.62	142.64666666666668	142.53333333333333	142.55333333333334	142.54	142.57333333333332	142.56	142.6	142.52666666666667	142.54666666666665	142.63333333333333	142.57333333333332	142.66	142.58	142.61333333333334	142.6	142.66	142.58666666666667	142.65333333333334	142.54	142.58666666666667	142.58	142.56	142.55333333333334	142.56666666666666	142.67333333333335	142.65333333333334	142.55333333333334	142.63333333333333	142.57333333333332	142.68	142.66666666666666	142.59333333333333	142.67333333333335	142.50666666666666	142.62666666666667	142.63333333333333	142.55333333333334	142.6	142.63333333333333	142.64	142.68	142.57333333333332	142.54	142.54666666666665	142.60666666666665	142.56666666666666	142.56666666666666	142.59333333333333	142.55333333333334	142.59333333333333	142.64	142.60666666666665	142.61333333333334	142.56	142.48	141.08	0.0
0.0	140.8	142.38666666666666	142.54666666666665	142.54	142.58666666666667	142.53333333333333	142.55333333333334	142.49333333333334	142.52666666666667	142.48	142.51333333333332	142.56666666666666	142.53333333333333	142.52	142.56666666666666	142.58	142.58	142.50666666666666	142.56	142.5	142.58666666666667	142.52	142.56	142.61333333333334	142.48666666666668	142.52	142.52666666666667	142.56666666666666	142.52666666666667	142.52666666666667	142.44666666666666	142.59333333333333	142.46666666666667	142.54	142.55333333333334	142.56666666666666	142.54	142.54666666666665	142.44666666666666	142.48666666666668	142.52666666666667	142.48666666666668	142.54	142.58	142.49333333333334	142.52	142.53333333333333	142.51333333333332	142.54666666666665	142.52666666666667	142.57333333333332	142.54666666666665	142.55333333333334	142.51333333333332	142.5	142.57333333333332	142.58666666666667	142.58666666666667	142.58	142.54666666666665	142.66666666666666	142.46666666666667	142.54666666666665	142.56	142.58666666666667	142.54	142.48666666666668	142.59333333333333	142.58666666666667	142.48	140.86	0.0
0.0	140.74666666666667	142.56	142.58666666666667	142.64666666666668	142.6	142.59333333333333	142.56	142.56	142.62	142.64	142.60666666666665	142.59333333333333	142.61333333333334	142.62	142.6	142.60666666666665	142.48	142.56666666666666	142.55333333333334	142.54666666666665	142.64666666666668	142.65333333333334	142.58	142.59333333333333	142.50666666666666	142.64666666666668	142.54	142.51333333333332	142.50666666666666	142.65333333333334	142.58	142.57333333333332	142.57333333333332	142.57333333333332	142.62666666666667	142.62	142.57333333333332	142.6	142.61333333333334	142.55333333333334	142.62	142.62666666666667	142.7	142.58	142.65333333333334	142.56	142.68666666666667	142.53333333333333	142.57333333333332	142.57333333333332	142.6	142.66	142.53333333333333	142.58	142.59333333333333	142.61333333333334	142.6	142.58666666666667	142.53333333333333	142.62666666666667	142.5	142.66	142.56	142.61333333333334	142.55333333333334	142.54666666666665	142.56666666666666	142.64	142.54	142.45333333333335	141.19333333333333	0.0
0.0	140.88	142.63333333333333	142.55333333333334	142.61333333333334	142.64666666666668	142.60666666666665	142.59333333333333	142.58	142.56666666666666	142.66	142.56	142.6	142.55333333333334	142.52666666666667	142.66666666666666	142.63333333333333	142.57333333333332	142.61333333333334	142.58	142.68666666666667	142.59333333333333	142.62666666666667	142.63333333333333	142.64	142.46666666666667	142.64666666666668	142.65333333333334	142.66	142.53333333333333	142.59333333333333	142.68666666666667	142.68666666666667	142.64666666666668	142.60666666666665	142.61333333333334	142.53333333333333	142.62666666666667	142.54666666666665	142.63333333333333	142.60666666666665	142.58666666666667	142.65333333333334	142.62	142.58666666666667	142.61333333333334	142.69333333333333	142.52	142.62	142.63333333333333	142.64666666666668	142.57333333333332	142.66	142.56	142.61333333333334	142.59333333333333	142.59333333333333	142.58666666666667	142.58	142.70666666666668	142.63333333333333	142.58	142.57333333333332	142.54666666666665	142.64666666666668	142.6	142.62	142.58	142.62666666666667	142.58666666666667	142.52666666666667	140.8	0.0
0.0	140.88666666666666	142.46666666666667	142.62	142.60666666666665	142.53333333333333	142.68666666666667	142.65333333333334	142.66	142.64666666666668	142.48	142.62	142.52666666666667	142.58666666666667	142.62666666666667	142.62666666666667	142.65333333333334	142.58666666666667	142.58	142.63333333333333	142.66666666666666	142.58666666666667	142.62666666666667	142.61333333333334	142.63333333333333	142.65333333333334	142.68	142.61333333333334	142.58	142.62666666666667	142.62	142.62666666666667	142.59333333333333	142.68	142.65333333333334	142.52666666666667	142.68666666666667	142.64	142.63333333333333	142.66	142.52	142.64666666666668	142.63333333333333	142.64666666666668	142.68	142.62	142.52666666666667	142.54	142.54666666666665	142.65333333333334	142.62666666666667	142.62	142.63333333333333	142.65333333333334	142.62666666666667	142.58	142.68	142.62	142.6	142.55333333333334	142.68	142.66	142.62666666666667	142.6	142.59333333333333	142.57333333333332	142.53333333333333	142.65333333333334	142.62666666666667	142.64	142.57333333333332	140.93333333333334	0.0
0.0	140.89333333333335	142.46	142.52666666666667	142.5	142.60666666666665	142.5	142.54	142.50666666666666	142.59333333333333	142.58	142.50666666666666	142.56666666666666	142.50666666666666	142.52	142.66666666666666	142.40666666666667	142.5	142.54666666666665	142.48666666666668	142.54	142.52666666666667	142.5	142.58	142.56666666666666	142.5	142.54	142.56	142.52	142.56	142.56666666666666	142.54666666666665	142.51333333333332	142.50666666666666	142.57333333333332	142.57333333333332	142.52666666666667	142.57333333333332	142.54666666666665	142.55333333333334	142.56	142.50666666666666	142.63333333333333	142.54	142.56	142.56666666666666	142.51333333333332	142.6	142.5	142.51333333333332	142.49333333333334	142.46	142.6	142.56666666666666	142.50666666666666	142.54	142.56	142.56666666666666	142.57333333333332	142.42666666666668	142.61333333333334	142.60666666666665	142.50666666666666	142.47333333333333	142.55333333333334	142.52666666666667	142.56666666666666	142.53333333333333	142.62	142.54	142.44666666666666	140.72	0.0
0.0	141.06	142.58666666666667	142.62	142.61333333333334	142.61333333333334	142.66	142.56666666666666	142.57333333333332	142.54	142.58	142.62	142.64666666666668	142.58666666666667	142.6	142.63333333333333	142.56	142.56666666666666	142.58666666666667	142.64666666666668	142.60666666666665	142.52666666666667	142.62666666666667	142.56666666666666	142.60666666666665	142.65333333333334	142.56666666666666	142.58666666666667	142.65333333333334	142.51333333333332	142.60666666666665	142.65333333333334	142.61333333333334	142.60666666666665	142.66	142.55333333333334	142.66	142.59333333333333	142.57333333333332	142.56	142.6	142.56666666666666	142.55333333333334	142.62666666666667	142.58	142.61333333333334	142.63333333333333	142.66	142.6	142.66666666666666	142.64666666666668	142.64666666666668	142.64666666666668	142.61333333333334	142.59333333333333	142.62	142.60666666666665	142.63333333333333	142.62666666666667	142.6	142.6	142.63333333333333	142.61333333333334	142.65333333333334	142.57333333333332	142.59333333333333	142.56	142.67333333333335	142.54	142.60666666666665	142.44	140.84	0.0
0.0	140.76	142.52	142.5	142.49333333333334	142.62	142.54666666666665	142.55333333333334	142.46	142.6	142.59333333333333	142.56666666666666	142.54666666666665	142.51333333333332	142.58666666666667	142.54666666666665	142.61333333333334	142.6	142.56666666666666	142.58	142.56	142.65333333333334	142.49333333333334	142.69333333333333	142.58	142.63333333333333	142.59333333333333	142.52666666666667	142.64	142.55333333333334	142.63333333333333	142.53333333333333	142.6	142.54666666666665	142.56666666666666	142.49333333333334	142.62	142.52	142.56666666666666	142.65333333333334	142.5	142.65333333333334	142.58	142.62	142.56	142.56666666666666	142.61333333333334	142.58666666666667	142.59333333333333	142.54666666666665	142.58666666666667	142.5	142.58	142.62666666666667	142.58	142.60666666666665	142.52666666666667	142.60666666666665	142.48	142.58666666666667	142.6	142.56	142.53333333333333	142.58	142.61333333333334	142.56666666666666	142.58666666666667	142.64666666666668	142.67333333333335	142.64666666666668	142.58	141.06666666666666	0.0
0.0	140.78666666666666	142.48666666666668	142.56666666666666	142.53333333333333	142.50666666666666	142.57333333333332	142.50666666666666	142.44	142.51333333333332	142.54666666666665	142.57333333333332	142.6	142.41333333333333	142.57333333333332	142.48666666666668	142.44	142.53333333333333	142.44666666666666	142.62666666666667	142.49333333333334	142.51333333333332	142.60666666666665	142.64	142.48	142.48666666666668	142.48666666666668	142.47333333333333	142.48666666666668	142.55333333333334	142.41333333333333	142.56	142.55333333333334	142.55333333333334	142.59333333333333	142.54666666666665	142.53333333333333	142.52	142.52	142.48	142.54	142.53333333333333	142.49333333333334	142.58	142.51333333333332	142.54666666666665	142.54666666666665	142.51333333333332	142.51333333333332	142.46	142.47333333333333	142.48666666666668	142.48666666666668	142.47333333333333	142.56666666666666	142.56	142.48	142.48666666666668	142.51333333333332	142.54	142.46666666666667	142.52666666666667	142.61333333333334	142.58	142.58	142.48666666666668	142.52	142.54666666666665	142.54666666666665	142.48666666666668	142.46	140.95333333333335	0.0
0.0	140.88666666666666	142.51333333333332	142.55333333333334	142.57333333333332	142.58	142.56666666666666	142.54666666666665	142.6	142.56666666666666	142.56	142.55333333333334	142.57333333333332	142.51333333333332	142.52	142.58666666666667	142.52666666666667	142.58666666666667	142.54666666666665	142.58	142.56666666666666	142.62666666666667	142.66	142.59333333333333	142.58	142.48666666666668	142.55333333333334	142.56666666666666	142.56	142.46666666666667	142.58	142.53333333333333	142.61333333333334	142.50666666666666	142.54666666666665	142.52666666666667	142.54	142.57333333333332	142.61333333333334	142.58	142.52	142.52666666666667	142.53333333333333	142.55333333333334	142.51333333333332	142.58	142.62666666666667	142.66666666666666	142.60666666666665	142.56666666666666	142.6	142.50666666666666	142.60666666666665	142.54666666666665	142.52	142.60666666666665	142.58	142.56	142.52666666666667	142.55333333333334	142.56	142.57333333333332	142.58666666666667	142.65333333333334	142.65333333333334	142.52666666666667	142.6	142.53333333333333	142.56	142.54666666666665	142.50666666666666	140.9	0.0
0.0	140.78	142.55333333333334	142.63333333333333	142.56	142.57333333333332	142.59333333333333	142.55333333333334	142.46666666666667	142.54666666666665	142.56	142.5	142.6	142.56666666666666	142.55333333333334	142.64	142.58	142.65333333333334	142.50666666666666	142.51333333333332	142.60666666666665	142.61333333333334	142.64	142.52666666666667	142.56666666666666	142.61333333333334	142.58	142.64666666666668	142.58	142.63333333333333	142.57333333333332	142.63333333333333	142.62666666666667	142.6	142.56666666666666	142.62	142.47333333333333	142.52	142.59333333333333	142.58666666666667	142.59333333333333	142.46	142.67333333333335	142.52	142.64666666666668	142.58666666666667	142.57333333333332	142.58666666666667	142.67333333333335	142.56	142.58	142.58	142.56	142.60666666666665	142.56666666666666	142.63333333333333	142.54666666666665	142.54	142.56666666666666	142.59333333333333	142.58666666666667	142.57333333333332	142.54666666666665	142.54	142.65333333333334	142.53333333333333	142.62	142.61333333333334	142.60666666666665	142.61333333333334	142.42666666666668	140.92666666666668	0.0
0.0	140.94666666666666	142.53333333333333	142.64	142.62666666666667	142.64	142.60666666666665	142.64	142.64666666666668	142.61333333333334	142.63333333333333	142.52	142.66666666666666	142.56	142.66	142.61333333333334	142.59333333333333	142.64666666666668	142.62	142.65333333333334	142.64	142.60666666666665	142.59333333333333	142.63333333333333	142.64	142.58	142.57333333333332	142.54	142.64	142.58	142.56	142.65333333333334	142.6	142.61333333333334	142.52	142.57333333333332	142.60666666666665	142.61333333333334	142.63333333333333	142.58666666666667	142.64	142.59333333333333	142.58	142.59333333333333	142.62	142.70666666666668	142.68	142.59333333333333	142.67333333333335	142.64666666666668	142.60666666666665	142.56666666666666	142.58	142.62	142.59333333333333	142.6	142.58666666666667	142.57333333333332	142.66	142.62	142.68	142.66	142.63333333333333	142.6	142.58666666666667	142.60666666666665	142.60666666666665	142.58	142.55333333333334	142.54666666666665	142.56	141.04666666666665	0.0
0.0	141.10666666666665	142.56666666666666	142.72666666666666	142.65333333333334	142.66	142.72666666666666	142.67333333333335	142.63333333333333	142.70666666666668	142.60666666666665	142.61333333333334	142.70666666666668	142.72666666666666	142.70666666666668	142.64	142.63333333333333	142.57333333333332	142.62	142.68	142.69333333333333	142.73333333333332	142.68	142.6	142.74666666666667	142.65333333333334	142.65333333333334	142.73333333333332	142.7	142.68	142.56	142.68666666666667	142.65333333333334	142.64666666666668	142.61333333333334	142.64666666666668	142.64666666666668	142.67333333333335	142.65333333333334	142.67333333333335	142.72666666666666	142.6	142.63333333333333	142.67333333333335	142.68666666666667	142.7	142.67333333333335	142.7	142.68	142.69333333333333	142.65333333333334	142.76666666666668	142.61333333333334	142.62666666666667	142.68666666666667	142.61333333333334	142.61333333333334	142.68666666666667	142.61333333333334	142.71333333333334	142.60666666666665	142.68666666666667	142.63333333333333	142.65333333333334	142.61333333333334	142.62	142.6	142.72666666666666	142.69333333333333	142.62	142.63333333333333	141.07333333333332	0.0
0.0	140.9	142.5	142.52666666666667	142.52	142.54666666666665	142.62666666666667	142.6	142.62666666666667	142.52666666666667	142.44	142.46666666666667	142.58666666666667	142.5	142.44	142.56	142.54	142.44	142.61333333333334	142.57333333333332	142.46	142.41333333333333	142.54666666666665	142.52	142.56	142.54	142.41333333333333	142.52	142.5	142.52	142.50666666666666	142.47333333333333	142.54666666666665	142.54	142.68666666666667	142.5	142.5	142.6	142.60666666666665	142.46	142.50666666666666	142.47333333333333	142.55333333333334	142.52666666666667	142.44	142.56666666666666	142.53333333333333	142.58	142.49333333333334	142.59333333333333	142.54666666666665	142.58	142.48	142.48	142.46	142.50666666666666	142.57333333333332	142.6	142.55333333333334	142.44666666666666	142.50666666666666	142.50666666666666	142.48	142.42	142.46	142.56	142.48666666666668	142.53333333333333	142.47333333333333	142.53333333333333	142.54666666666665	140.99333333333334	0.0
0.0	141.11333333333334	142.53333333333333	142.54666666666665	142.64666666666668	142.66666666666666	142.66666666666666	142.66	142.66	142.63333333333333	142.6	142.61333333333334	142.65333333333334	142.62666666666667	142.64	142.56	142.61333333333334	142.7	142.61333333333334	142.58666666666667	142.67333333333335	142.64	142.7	142.71333333333334	142.66666666666666	142.73333333333332	142.62	142.62666666666667	142.68666666666667	142.7	142.58666666666667	142.67333333333335	142.69333333333333	142.66	142.60666666666665	142.6	142.62666666666667	142.66666666666666	142.64	142.69333333333333	142.66	142.68666666666667	142.66	142.60666666666665	142.66	142.60666666666665	142.63333333333333	142.65333333333334	142.68	142.68	142.57333333333332	142.58666666666667	142.60666666666665	142.56	142.62	142.62666666666667	142.58	142.60666666666665	142.62666666666667	142.64	142.64	142.69333333333333	142.65333333333334	142.6	142.62	142.54666666666665	142.62	142.56	142.66	142.60666666666665	142.69333333333333	141.16	0.0
0.0	141.02	142.50666666666666	142.6	142.56666666666666	142.64	142.62666666666667	142.60666666666665	142.58666666666667	142.59333333333333	142.52666666666667	142.54666666666665	142.64666666666668	142.63333333333333	142.58	142.67333333333335	142.62666666666667	142.66666666666666	142.58	142.60666666666665	142.68666666666667	142.54	142.60666666666665	142.66666666666666	142.58666666666667	142.62	142.54	142.55333333333334	142.66	142.66666666666666	142.66	142.62666666666667	142.6	142.64666666666668	142.62666666666667	142.63333333333333	142.59333333333333	142.58	142.59333333333333	142.67333333333335	142.54666666666665	142.7	142.65333333333334	142.53333333333333	142.60666666666665	142.61333333333334	142.61333333333334	142.63333333333333	142.66	142.59333333333333	142.6	142.62666666666667	142.57333333333332	142.59333333333333	142.65333333333334	142.61333333333334	142.6	142.64	142.65333333333334	142.6	142.60666666666665	142.68666666666667	142.6	142.52666666666667	142.60666666666665	142.58666666666667	142.62	142.62	142.62666666666667	142.62	142.61333333333334	140.91333333333333	0.0
0.0	140.8	142.42	142.51333333333332	142.48	142.52	142.46	142.45333333333335	142.58	142.5	142.52	142.54666666666665	142.49333333333334	142.62666666666667	142.45333333333335	142.59333333333333	142.58	142.49333333333334	142.52666666666667	142.57333333333332	142.49333333333334	142.64	142.41333333333333	142.54	142.56666666666666	142.52	142.52666666666667	142.46666666666667	142.58	142.50666666666666	142.48666666666668	142.52666666666667	142.50666666666666	142.55333333333334	142.49333333333334	142.52666666666667	142.54666666666665	142.52	142.52	142.50666666666666	142.49333333333334	142.47333333333333	142.56666666666666	142.50666666666666	142.49333333333334	142.56	142.53333333333333	142.48	142.5	142.6	142.52	142.54666666666665	142.52	142.48	142.57333333333332	142.55333333333334	142.57333333333332	142.52	142.42666666666668	142.56666666666666	142.51333333333332	142.52666666666667	142.55333333333334	142.50666666666666	142.55333333333334	142.54	142.57333333333332	142.5	142.52	142.48	142.36666666666667	140.77333333333334	0.0
0.0	141.06	142.5	142.58	142.62	142.58666666666667	142.62666666666667	142.6	142.56	142.57333333333332	142.52	142.57333333333332	142.49333333333334	142.63333333333333	142.59333333333333	142.57333333333332	142.61333333333334	142.55333333333334	142.62666666666667	142.58666666666667	142.63333333333333	142.55333333333334	142.58666666666667	142.62666666666667	142.58	142.54	142.62666666666667	142.64	142.65333333333334	142.59333333333333	142.54666666666665	142.55333333333334	142.58	142.55333333333334	142.63333333333333	142.62	142.58	142.53333333333333	142.52	142.54	142.59333333333333	142.54666666666665	142.61333333333334	142.55333333333334	142.58666666666667	142.66	142.66	142.57333333333332	142.61333333333334	142.50666666666666	142.59333333333333	142.68666666666667	142.54	142.63333333333333	142.55333333333334	142.62	142.56666666666666	142.45333333333335	142.56666666666666	142.55333333333334	142.54	142.59333333333333	142.67333333333335	142.53333333333333	142.60666666666665	142.62	142.56666666666666	142.6	142.63333333333333	142.63333333333333	142.46	140.82666666666665	0.0
0.0	140.84666666666666	142.47333333333333	142.59333333333333	142.56666666666666	142.55333333333334	142.58	142.52	142.76	142.63333333333333	142.55333333333334	142.63333333333333	142.61333333333334	142.58	142.62	142.60666666666665	142.57333333333332	142.56666666666666	142.6	142.63333333333333	142.58666666666667	142.55333333333334	142.66	142.61333333333334	142.63333333333333	142.66	142.52	142.59333333333333	142.59333333333333	142.66	142.56	142.52666666666667	142.60666666666665	142.56	142.62666666666667	142.64	142.60666666666665	142.54	142.56666666666666	142.56	142.74	142.69333333333333	142.65333333333334	142.66666666666666	142.73333333333332	142.56	142.70666666666668	142.7	142.56666666666666	142.66666666666666	142.63333333333333	142.66	142.67333333333335	142.56666666666666	142.58666666666667	142.63333333333333	142.58666666666667	142.65333333333334	142.49333333333334	142.61333333333334	142.59333333333333	142.54	142.61333333333334	142.66666666666666	142.59333333333333	142.56666666666666	142.54	142.54	142.65333333333334	142.52666666666667	142.52	140.86666666666667	0.0
0.0	141.00666666666666	142.43333333333334	142.50666666666666	142.47333333333333	142.50666666666666	142.42	142.47333333333333	142.48	142.32	142.48	142.43333333333334	142.5	142.46666666666667	142.47333333333333	142.55333333333334	142.47333333333333	142.46	142.48666666666668	142.45333333333335	142.46666666666667	142.52666666666667	142.50666666666666	142.50666666666666	142.52	142.44	142.42	142.42666666666668	142.47333333333333	142.51333333333332	142.42666666666668	142.56	142.41333333333333	142.44666666666666	142.45333333333335	142.48	142.42	142.43333333333334	142.47333333333333	142.49333333333334	142.50666666666666	142.48666666666668	142.39333333333335	142.5	142.39333333333335	142.48666666666668	142.48666666666668	142.43333333333334	142.42	142.42	142.46	142.48	142.45333333333335	142.48	142.49333333333334	142.50666666666666	142.40666666666667	142.51333333333332	142.48	142.50666666666666	142.50666666666666	142.52666666666667	142.47333333333333	142.5	142.41333333333333	142.49333333333334	142.54	142.46666666666667	142.51333333333332	142.48	142.49333333333334	140.86	0.0
0.0	140.91333333333333	142.66	142.56	142.68666666666667	142.68666666666667	142.64	142.66	142.68	142.65333333333334	142.60666666666665	142.68666666666667	142.61333333333334	142.6	142.64	142.62666666666667	142.66666666666666	142.60666666666665	142.59333333333333	142.66666666666666	142.64666666666668	142.63333333333333	142.68666666666667	142.68	142.6	142.62	142.67333333333335	142.65333333333334	142.58	142.63333333333333	142.64666666666668	142.66666666666666	142.66666666666666	142.6	142.65333333333334	142.60666666666665	142.64666666666668	142.66	142.7	142.6	142.68	142.64666666666668	142.65333333333334	142.66666666666666	142.72666666666666	142.64	142.56666666666666	142.63333333333333	142.58	142.56	142.59333333333333	142.64666666666668	142.71333333333334	142.65333333333334	142.54666666666665	142.69333333333333	142.67333333333335	142.60666666666665	142.66666666666666	142.66666666666666	142.66666666666666	142.65333333333334	142.69333333333333	142.65333333333334	142.66	142.69333333333333	142.72	142.64	142.64666666666668	142.66666666666666	142.52	141.0	0.0
0.0	140.98666666666668	142.64	142.6	142.62	142.64666666666668	142.64666666666668	142.62666666666667	142.69333333333333	142.58	142.66666666666666	142.62	142.64666666666668	142.54666666666665	142.59333333333333	142.65333333333334	142.7	142.7	142.62666666666667	142.73333333333332	142.6	142.68666666666667	142.62	142.62666666666667	142.60666666666665	142.73333333333332	142.62666666666667	142.60666666666665	142.6	142.6	142.58666666666667	142.56	142.59333333333333	142.56666666666666	142.58	142.62666666666667	142.60666666666665	142.64666666666668	142.66	142.68	142.58666666666667	142.7	142.66	142.72	142.57333333333332	142.69333333333333	142.65333333333334	142.62666666666667	142.70666666666668	142.71333333333334	142.50666666666666	142.64	142.73333333333332	142.64	142.65333333333334	142.7	142.64	142.62	142.68666666666667	142.65333333333334	142.64	142.64	142.61333333333334	142.61333333333334	142.66	142.65333333333334	142.64666666666668	142.62	142.59333333333333	142.70666666666668	142.52666666666667	140.96	0.0
0.0	140.88666666666666	142.52666666666667	142.56666666666666	142.58666666666667	142.59333333333333	142.48	142.59333333333333	142.60666666666665	142.52	142.62	142.59333333333333	142.64	142.58666666666667	142.61333333333334	142.66	142.56	142.65333333333334	142.57333333333332	142.58666666666667	142.60666666666665	142.47333333333333	142.55333333333334	142.68	142.53333333333333	142.56	142.70666666666668	142.58	142.55333333333334	142.61333333333334	142.56666666666666	142.52	142.58666666666667	142.66	142.62666666666667	142.62	142.63333333333333	142.68	142.51333333333332	142.58	142.53333333333333	142.56	142.51333333333332	142.63333333333333	142.62666666666667	142.60666666666665	142.54	142.58	142.52666666666667	142.52666666666667	142.61333333333334	142.56666666666666	142.58666666666667	142.51333333333332	142.64	142.53333333333333	142.57333333333332	142.63333333333333	142.6	142.65333333333334	142.50666666666666	142.65333333333334	142.52	142.55333333333334	142.56	142.63333333333333	142.62	142.61333333333334	142.55333333333334	142.6	142.52666666666667	140.94	0.0
0.0	141.1	142.6	142.54666666666665	142.60666666666665	142.61333333333334	142.52	142.60666666666665	142.6	142.58666666666667	142.67333333333335	142.70666666666668	142.58	142.62	142.61333333333334	142.59333333333333	142.67333333333335	142.52	142.6	142.58666666666667	142.61333333333334	142.69333333333333	142.67333333333335	142.58	142.63333333333333	142.55333333333334	142.67333333333335	142.60666666666665	142.70666666666668	142.56666666666666	142.58666666666667	142.56	142.57333333333332	142.64	142.54666666666665	142.64666666666668	142.62	142.61333333333334	142.66	142.68	142.61333333333334	142.63333333333333	142.52	142.72	142.66	142.63333333333333	142.67333333333335	142.61333333333334	142.64666666666668	142.68	142.54666666666665	142.62666666666667	142.51333333333332	142.68666666666667	142.6	142.60666666666665	142.56	142.62	142.62	142.61333333333334	142.71333333333334	142.69333333333333	142.56666666666666	142.62	142.73333333333332	142.66	142.58666666666667	142.56	142.68666666666667	142.65333333333334	142.48666666666668	140.98666666666668	0.0
0.0	141.02666666666667	142.52666666666667	142.56	142.56	142.57333333333332	142.54	142.58	142.52666666666667	142.56	142.6	142.56	142.58	142.54666666666665	142.51333333333332	142.54666666666665	142.5	142.60666666666665	142.6	142.6	142.58666666666667	142.54	142.52	142.49333333333334	142.62	142.52666666666667	142.56	142.53333333333333	142.62	142.43333333333334	142.50666666666666	142.56	142.55333333333334	142.5	142.60666666666665	142.6	142.56666666666666	142.51333333333332	142.58	142.52666666666667	142.50666666666666	142.53333333333333	142.56666666666666	142.59333333333333	142.58	142.53333333333333	142.48666666666668	142.53333333333333	142.57333333333332	142.55333333333334	142.57333333333332	142.53333333333333	142.59333333333333	142.58666666666667	142.57333333333332	142.62666666666667	142.53333333333333	142.58	142.54666666666665	142.62	142.61333333333334	142.6	142.62666666666667	142.51333333333332	142.58	142.60666666666665	142.6	142.60666666666665	142.54	142.52	142.55333333333334	140.95333333333335	0.0
0.0	140.95333333333335	142.39333333333335	142.48666666666668	142.55333333333334	142.56666666666666	142.55333333333334	142.57333333333332	142.50666666666666	142.47333333333333	142.40666666666667	142.58666666666667	142.54	142.51333333333332	142.52	142.56	142.60666666666665	142.39333333333335	142.5	142.58	142.44	142.55333333333334	142.56	142.54	142.55333333333334	142.54	142.48666666666668	142.58	142.51333333333332	142.43333333333334	142.47333333333333	142.49333333333334	142.46666666666667	142.54666666666665	142.52666666666667	142.47333333333333	142.46	142.56666666666666	142.43333333333334	142.56	142.38	142.5	142.52	142.5	142.52	142.51333333333332	142.48666666666668	142.55333333333334	142.54	142.46	142.54	142.51333333333332	142.56	142.46	142.51333333333332	142.61333333333334	142.54666666666665	142.47333333333333	142.50666666666666	142.54	142.44666666666666	142.58	142.52666666666667	142.56666666666666	142.48666666666668	142.46	142.63333333333333	142.62	142.56	142.58	142.48666666666668	140.92666666666668	0.0
0.0	141.06666666666666	142.54	142.54666666666665	142.63333333333333	142.68	142.62666666666667	142.65333333333334	142.52666666666667	142.54	142.69333333333333	142.50666666666666	142.64	142.48666666666668	142.58	142.57333333333332	142.58666666666667	142.58666666666667	142.60666666666665	142.65333333333334	142.58666666666667	142.54	142.62666666666667	142.61333333333334	142.59333333333333	142.62	142.56666666666666	142.62666666666667	142.64	142.56666666666666	142.62666666666667	142.63333333333333	142.64666666666668	142.57333333333332	142.63333333333333	142.55333333333334	142.6	142.66	142.64666666666668	142.58666666666667	142.56666666666666	142.54666666666665	142.54	142.53333333333333	142.6	142.66	142.59333333333333	142.58	142.6	142.6	142.62666666666667	142.53333333333333	142.58666666666667	142.59333333333333	142.61333333333334	142.48	142.62	142.44	142.59333333333333	142.62	142.6	142.54	142.54666666666665	142.58666666666667	142.58666666666667	142.60666666666665	142.61333333333334	142.54	142.62	142.57333333333332	142.56	140.96	0.0
0.0	141.0	142.58666666666667	142.57333333333332	142.6	142.52666666666667	142.54666666666665	142.49333333333334	142.64666666666668	142.64	142.58	142.68	142.62666666666667	142.50666666666666	142.53333333333333	142.6	142.64666666666668	142.59333333333333	142.61333333333334	142.54666666666665	142.52666666666667	142.58	142.57333333333332	142.57333333333332	142.52	142.58666666666667	142.58	142.55333333333334	142.66	142.60666666666665	142.69333333333333	142.61333333333334	142.55333333333334	142.67333333333335	142.61333333333334	142.62	142.53333333333333	142.63333333333333	142.54	142.62666666666667	142.54	142.6	142.56	142.58	142.56	142.63333333333333	142.61333333333334	142.49333333333334	142.6	142.6	142.6	142.60666666666665	142.56	142.52666666666667	142.60666666666665	142.57333333333332	142.58	142.5	142.58	142.57333333333332	142.59333333333333	142.54666666666665	142.58666666666667	142.69333333333333	142.63333333333333	142.5	142.62666666666667	142.58	142.72	142.62	142.52666666666667	140.76666666666668	0.0
0.0	140.96666666666667	142.55333333333334	142.54	142.57333333333332	142.56	142.56	142.60666666666665	142.61333333333334	142.57333333333332	142.59333333333333	142.56666666666666	142.51333333333332	142.59333333333333	142.48666666666668	142.52	142.55333333333334	142.58	142.54	142.57333333333332	142.52666666666667	142.64	142.66	142.64	142.57333333333332	142.60666666666665	142.64666666666668	142.63333333333333	142.58666666666667	142.58666666666667	142.56	142.57333333333332	142.58	142.62	142.55333333333334	142.60666666666665	142.49333333333334	142.58666666666667	142.61333333333334	142.52	142.61333333333334	142.57333333333332	142.63333333333333	142.64666666666668	142.57333333333332	142.5	142.59333333333333	142.54	142.46666666666667	142.5	142.58	142.48666666666668	142.49333333333334	142.63333333333333	142.66	142.51333333333332	142.61333333333334	142.61333333333334	142.62	142.6	142.56666666666666	142.59333333333333	142.59333333333333	142.6	142.62	142.59333333333333	142.62	142.60666666666665	142.62666666666667	142.58666666666667	142.44	141.07333333333332	0.0
0.0	140.92	142.41333333333333	142.59333333333333	142.57333333333332	142.50666666666666	142.56	142.55333333333334	142.59333333333333	142.57333333333332	142.61333333333334	142.43333333333334	142.6	142.60666666666665	142.61333333333334	142.57333333333332	142.55333333333334	142.60666666666665	142.63333333333333	142.56	142.54666666666665	142.56	142.53333333333333	142.52	142.65333333333334	142.53333333333333	142.60666666666665	142.54	142.58	142.46666666666667	142.54666666666665	142.53333333333333	142.48	142.59333333333333	142.47333333333333	142.5	142.58	142.54666666666665	142.50666666666666	142.55333333333334	142.57333333333332	142.56666666666666	142.54666666666665	142.58666666666667	142.50666666666666	142.51333333333332	142.57333333333332	142.52	142.48666666666668	142.54	142.54666666666665	142.48666666666668	142.52	142.53333333333333	142.52	142.54	142.54	142.53333333333333	142.58	142.51333333333332	142.53333333333333	142.54666666666665	142.53333333333333	142.51333333333332	142.46666666666667	142.51333333333332	142.55333333333334	142.53333333333333	142.55333333333334	142.47333333333333	142.49333333333334	140.9	0.0
0.0	140.99333333333334	142.5	142.55333333333334	142.66	142.62	142.66	142.62	142.60666666666665	142.58	142.63333333333333	142.57333333333332	142.62	142.67333333333335	142.57333333333332	142.52	142.66	142.68	142.7	142.60666666666665	142.6	142.62666666666667	142.62	142.64666666666668	142.54666666666665	142.66666666666666	142.63333333333333	142.58	142.66	142.67333333333335	142.70666666666668	142.62666666666667	142.61333333333334	142.63333333333333	142.66666666666666	142.64666666666668	142.7	142.62666666666667	142.62666666666667	142.58	142.7	142.68666666666667	142.48	142.70666666666668	142.56666666666666	142.59333333333333	142.59333333333333	142.65333333333334	142.69333333333333	142.66	142.64	142.7	142.70666666666668	142.60666666666665	142.62666666666667	142.62666666666667	142.7	142.66	142.62	142.63333333333333	142.62	142.62666666666667	142.64666666666668	142.64666666666668	142.61333333333334	142.65333333333334	142.51333333333332	142.64	142.62666666666667	142.54	142.58	141.00666666666666	0.0
0.0	141.06	142.56	142.6	142.50666666666666	142.60666666666665	142.59333333333333	142.5	142.54	142.59333333333333	142.57333333333332	142.48	142.53333333333333	142.53333333333333	142.5	142.56	142.57333333333332	142.59333333333333	142.58666666666667	142.58666666666667	142.54	142.64	142.59333333333333	142.52666666666667	142.60666666666665	142.56666666666666	142.50666666666666	142.61333333333334	142.62	142.51333333333332	142.53333333333333	142.6	142.68	142.52666666666667	142.55333333333334	142.48	142.54666666666665	142.54	142.5	142.50666666666666	142.58666666666667	142.50666666666666	142.64	142.56666666666666	142.53333333333333	142.54666666666665	142.54666666666665	142.54	142.58666666666667	142.58	142.52666666666667	142.60666666666665	142.63333333333333	142.54666666666665	142.53333333333333	142.56	142.48666666666668	142.61333333333334	142.56666666666666	142.5	142.53333333333333	142.48	142.58	142.58666666666667	142.60666666666665	142.58	142.6	142.57333333333332	142.63333333333333	142.55333333333334	142.45333333333335	140.81333333333333	0.0
0.0	140.99333333333334	142.54	142.62	142.55333333333334	142.56	142.60666666666665	142.55333333333334	142.56	142.55333333333334	142.56	142.56666666666666	142.54666666666665	142.61333333333334	142.48	142.56666666666666	142.52	142.54666666666665	142.6	142.62	142.57333333333332	142.54666666666665	142.52	142.54666666666665	142.56	142.56666666666666	142.64	142.55333333333334	142.50666666666666	142.53333333333333	142.61333333333334	142.54666666666665	142.58666666666667	142.47333333333333	142.50666666666666	142.48	142.63333333333333	142.48666666666668	142.55333333333334	142.6	142.53333333333333	142.55333333333334	142.54666666666665	142.51333333333332	142.65333333333334	142.56666666666666	142.54666666666665	142.56	142.58	142.58	142.62	142.50666666666666	142.56	142.58	142.56	142.59333333333333	142.57333333333332	142.49333333333334	142.45333333333335	142.58	142.59333333333333	142.54666666666665	142.52666666666667	142.53333333333333	142.52666666666667	142.59333333333333	142.63333333333333	142.46666666666667	142.46666666666667	142.61333333333334	142.45333333333335	140.81333333333333	0.0
0.0	140.81333333333333	142.46666666666667	142.63333333333333	142.62	142.56	142.61333333333334	142.64	142.62	142.53333333333333	142.6	142.52666666666667	142.57333333333332	142.55333333333334	142.57333333333332	142.57333333333332	142.57333333333332	142.52666666666667	142.53333333333333	142.58666666666667	142.56666666666666	142.54	142.56	142.59333333333333	142.59333333333333	142.64666666666668	142.55333333333334	142.62	142.54	142.55333333333334	142.64	142.62	142.59333333333333	142.54	142.5	142.60666666666665	142.53333333333333	142.51333333333332	142.51333333333332	142.55333333333334	142.59333333333333	142.56	142.60666666666665	142.57333333333332	142.51333333333332	142.6	142.58	142.58666666666667	142.58666666666667	142.5	142.57333333333332	142.57333333333332	142.56666666666666	142.49333333333334	142.56	142.55333333333334	142.62666666666667	142.62	142.52666666666667	142.64666666666668	142.58	142.61333333333334	142.56	142.57333333333332	142.46666666666667	142.56	142.55333333333334	142.52	142.56	142.61333333333334	142.43333333333334	140.84	0.0
0.0	141.02666666666667	142.60666666666665	142.63333333333333	142.61333333333334	142.64666666666668	142.57333333333332	142.6	142.58666666666667	142.60666666666665	142.57333333333332	142.62	142.62	142.6	142.53333333333333	142.63333333333333	142.56	142.56666666666666	142.62	142.56666666666666	142.6	142.59333333333333	142.67333333333335	142.50666666666666	142.6	142.55333333333334	142.64	142.64	142.56	142.56	142.57333333333332	142.62666666666667	142.58666666666667	142.61333333333334	142.59333333333333	142.55333333333334	142.53333333333333	142.60666666666665	142.62	142.6	142.62666666666667	142.69333333333333	142.59333333333333	142.58666666666667	142.58	142.54666666666665	142.58	142.6	142.62	142.58666666666667	142.54	142.62666666666667	142.6	142.58666666666667	142.6	142.64666666666668	142.59333333333333	142.61333333333334	142.64	142.54	142.54	142.62666666666667	142.64	142.54	142.58	142.61333333333334	142.64666666666668	142.58666666666667	142.62666666666667	142.58	142.5	140.91333333333333	0.0
0.0	141.06666666666666	142.50666666666666	142.61333333333334	142.6	142.62666666666667	142.56666666666666	142.56666666666666	142.54666666666665	142.5	142.57333333333332	142.58	142.6	142.49333333333334	142.60666666666665	142.61333333333334	142.6	142.53333333333333	142.64	142.63333333333333	142.63333333333333	142.58	142.60666666666665	142.64	142.62666666666667	142.62	142.56666666666666	142.53333333333333	142.52666666666667	142.58666666666667	142.54666666666665	142.57333333333332	142.61333333333334	142.59333333333333	142.55333333333334	142.53333333333333	142.64666666666668	142.56666666666666	142.60666666666665	142.52666666666667	142.61333333333334	142.56666666666666	142.56666666666666	142.56666666666666	142.59333333333333	142.58	142.57333333333332	142.54	142.52666666666667	142.57333333333332	142.58	142.5	142.53333333333333	142.52	142.57333333333332	142.54666666666665	142.49333333333334	142.46666666666667	142.65333333333334	142.57333333333332	142.49333333333334	142.56	142.58	142.62666666666667	142.47333333333333	142.56666666666666	142.60666666666665	142.6	142.54666666666665	142.54	142.4	141.02	0.0
0.0	141.14	142.48	142.47333333333333	142.6	142.61333333333334	142.67333333333335	142.6	142.56666666666666	142.61333333333334	142.64666666666668	142.57333333333332	142.60666666666665	142.58666666666667	142.62666666666667	142.59333333333333	142.5	142.64	142.64666666666668	142.56	142.60666666666665	142.58666666666667	142.55333333333334	142.67333333333335	142.58666666666667	142.56666666666666	142.59333333333333	142.66666666666666	142.68	142.63333333333333	142.50666666666666	142.62666666666667	142.61333333333334	142.66	142.6	142.52666666666667	142.58	142.58666666666667	142.59333333333333	142.53333333333333	142.64	142.54	142.58666666666667	142.6	142.58	142.62	142.57333333333332	142.50666666666666	142.6	142.63333333333333	142.60666666666665	142.6	142.58666666666667	142.59333333333333	142.62	142.59333333333333	142.51333333333332	142.6	142.63333333333333	142.57333333333332	142.64666666666668	142.55333333333334	142.63333333333333	142.58	142.56	142.62	142.58666666666667	142.66	142.63333333333333	142.62666666666667	142.52	140.97333333333333	0.0
0.0	141.01333333333332	142.46666666666667	142.52666666666667	142.53333333333333	142.44	142.58	142.64666666666668	142.53333333333333	142.56	142.52666666666667	142.41333333333333	142.5	142.53333333333333	142.52666666666667	142.54666666666665	142.50666666666666	142.58	142.54	142.54	142.46	142.44	142.54666666666665	142.56666666666666	142.59333333333333	142.53333333333333	142.54666666666665	142.56666666666666	142.49333333333334	142.56	142.53333333333333	142.59333333333333	142.55333333333334	142.58	142.52	142.44666666666666	142.54	142.50666666666666	142.52666666666667	142.54666666666665	142.52666666666667	142.56666666666666	142.50666666666666	142.56666666666666	142.49333333333334	142.58	142.55333333333334	142.50666666666666	142.61333333333334	142.55333333333334	142.51333333333332	142.46666666666667	142.48666666666668	142.54	142.43333333333334	142.48666666666668	142.52	142.65333333333334	142.58	142.57333333333332	142.49333333333334	142.59333333333333	142.57333333333332	142.56666666666666	142.54666666666665	142.60666666666665	142.54666666666665	142.45333333333335	142.5	142.54666666666665	142.45333333333335	140.72666666666666	0.0
0.0	140.89333333333335	142.41333333333333	142.5	142.60666666666665	142.44666666666666	142.55333333333334	142.47333333333333	142.54	142.47333333333333	142.58666666666667	142.52666666666667	142.54	142.56666666666666	142.50666666666666	142.47333333333333	142.52666666666667	142.52666666666667	142.55333333333334	142.47333333333333	142.59333333333333	142.46	142.54	142.48	142.52666666666667	142.56	142.44	142.54666666666665	142.44666666666666	142.52	142.51333333333332	142.52666666666667	142.53333333333333	142.45333333333335	142.56666666666666	142.56	142.47333333333333	142.45333333333335	142.56666666666666	142.62	142.49333333333334	142.52666666666667	142.5	142.58	142.58	142.50666666666666	142.57333333333332	142.52	142.51333333333332	142.52666666666667	142.54666666666665	142.52666666666667	142.51333333333332	142.49333333333334	142.50666666666666	142.52	142.58	142.5	142.55333333333334	142.54	142.46666666666667	142.52666666666667	142.56	142.51333333333332	142.58666666666667	142.49333333333334	142.48	142.48666666666668	142.48666666666668	142.59333333333333	142.5	140.84666666666666	0.0
0.0	140.81333333333333	142.44	142.5	142.61333333333334	142.51333333333332	142.55333333333334	142.59333333333333	142.54666666666665	142.64	142.53333333333333	142.48	142.56666666666666	142.54	142.53333333333333	142.55333333333334	142.46666666666667	142.50666666666666	142.53333333333333	142.43333333333334	142.54666666666665	142.50666666666666	142.48666666666668	142.62666666666667	142.54	142.53333333333333	142.51333333333332	142.56	142.49333333333334	142.56	142.52	142.53333333333333	142.53333333333333	142.58	142.46666666666667	142.55333333333334	142.48666666666668	142.48666666666668	142.55333333333334	142.48666666666668	142.54	142.50666666666666	142.42666666666668	142.52	142.54	142.52	142.48666666666668	142.54	142.54	142.48666666666668	142.51333333333332	142.48666666666668	142.52666666666667	142.53333333333333	142.58	142.58	142.58	142.60666666666665	142.55333333333334	142.53333333333333	142.52	142.49333333333334	142.56	142.6	142.58	142.50666666666666	142.56	142.56666666666666	142.59333333333333	142.56666666666666	142.42666666666668	141.14	0.0
0.0	141.04	142.44	142.56	142.57333333333332	142.56666666666666	142.56666666666666	142.56	142.57333333333332	142.48	142.58	142.61333333333334	142.64666666666668	142.52666666666667	142.56	142.62	142.61333333333334	142.57333333333332	142.60666666666665	142.53333333333333	142.54	142.53333333333333	142.47333333333333	142.57333333333332	142.58	142.51333333333332	142.61333333333334	142.59333333333333	142.62	142.56666666666666	142.46666666666667	142.56666666666666	142.55333333333334	142.54	142.58	142.54666666666665	142.51333333333332	142.58666666666667	142.57333333333332	142.53333333333333	142.6	142.66	142.49333333333334	142.59333333333333	142.53333333333333	142.60666666666665	142.43333333333334	142.61333333333334	142.48	142.58	142.48	142.54666666666665	142.6	142.58666666666667	142.51333333333332	142.58666666666667	142.58666666666667	142.44666666666666	142.57333333333332	142.56	142.6	142.59333333333333	142.52	142.58666666666667	142.55333333333334	142.49333333333334	142.56666666666666	142.53333333333333	142.61333333333334	142.62	142.46666666666667	140.66	0.0
0.0	141.16	142.53333333333333	142.56	142.58	142.59333333333333	142.56	142.61333333333334	142.50666666666666	142.59333333333333	142.66	142.64666666666668	142.59333333333333	142.65333333333334	142.55333333333334	142.66	142.58	142.54	142.66666666666666	142.64	142.64666666666668	142.62	142.62666666666667	142.68666666666667	142.62666666666667	142.58	142.54	142.53333333333333	142.63333333333333	142.63333333333333	142.53333333333333	142.64666666666668	142.6	142.55333333333334	142.59333333333333	142.56666666666666	142.55333333333334	142.60666666666665	142.62	142.58	142.60666666666665	142.44666666666666	142.58666666666667	142.59333333333333	142.64	142.62	142.55333333333334	142.62666666666667	142.55333333333334	142.72666666666666	142.6	142.57333333333332	142.63333333333333	142.67333333333335	142.64	142.56	142.47333333333333	142.62	142.60666666666665	142.6	142.6	142.52666666666667	142.57333333333332	142.62	142.67333333333335	142.62666666666667	142.68	142.55333333333334	142.58666666666667	142.62	142.54666666666665	140.81333333333333	0.0
0.0	140.95333333333335	142.43333333333334	142.58	142.58	142.55333333333334	142.56	142.49333333333334	142.52666666666667	142.54	142.55333333333334	142.53333333333333	142.55333333333334	142.59333333333333	142.55333333333334	142.60666666666665	142.58666666666667	142.60666666666665	142.60666666666665	142.57333333333332	142.52666666666667	142.52666666666667	142.50666666666666	142.46	142.6	142.5	142.53333333333333	142.56	142.58666666666667	142.47333333333333	142.60666666666665	142.62	142.61333333333334	142.58666666666667	142.60666666666665	142.66666666666666	142.61333333333334	142.56	142.5	142.53333333333333	142.56666666666666	142.57333333333332	142.5	142.51333333333332	142.54	142.58	142.59333333333333	142.56666666666666	142.52	142.52	142.60666666666665	142.49333333333334	142.46	142.59333333333333	142.62	142.52666666666667	142.52	142.50666666666666	142.52	142.64	142.56666666666666	142.46	142.54	142.48666666666668	142.53333333333333	142.56	142.56666666666666	142.54	142.62	142.53333333333333	142.48	140.94666666666666	0.0
0.0	140.94	142.41333333333333	142.54666666666665	142.49333333333334	142.56666666666666	142.54666666666665	142.57333333333332	142.56666666666666	142.45333333333335	142.54666666666665	142.53333333333333	142.48	142.50666666666666	142.51333333333332	142.47333333333333	142.52	142.56	142.54666666666665	142.5	142.52666666666667	142.5	142.72	142.59333333333333	142.56666666666666	142.62	142.52666666666667	142.56666666666666	142.5	142.48	142.47333333333333	142.45333333333335	142.52	142.52	142.52666666666667	142.56	142.58666666666667	142.53333333333333	142.52	142.48	142.57333333333332	142.54666666666665	142.54	142.54666666666665	142.59333333333333	142.59333333333333	142.54	142.55333333333334	142.54	142.54	142.52	142.53333333333333	142.46666666666667	142.54666666666665	142.54	142.5	142.56666666666666	142.57333333333332	142.54666666666665	142.52666666666667	142.56	142.53333333333333	142.54666666666665	142.54	142.57333333333332	142.53333333333333	142.49333333333334	142.48666666666668	142.60666666666665	142.46666666666667	142.46	140.80666666666667	0.0
0.0	141.18666666666667	142.38666666666666	142.49333333333334	142.54	142.58666666666667	142.54	142.48	142.51333333333332	142.46666666666667	142.49333333333334	142.51333333333332	142.50666666666666	142.52666666666667	142.49333333333334	142.56	142.52666666666667	142.50666666666666	142.55333333333334	142.49333333333334	142.58666666666667	142.54	142.6	142.44666666666666	142.5	142.62	142.50666666666666	142.56	142.48666666666668	142.54666666666665	142.59333333333333	142.52666666666667	142.52	142.51333333333332	142.55333333333334	142.52	142.54666666666665	142.49333333333334	142.55333333333334	142.48666666666668	142.48666666666668	142.52666666666667	142.60666666666665	142.54	142.47333333333333	142.52	142.5	142.5	142.51333333333332	142.59333333333333	142.42666666666668	142.55333333333334	142.54666666666665	142.5	142.45333333333335	142.51333333333332	142.51333333333332	142.61333333333334	142.46666666666667	142.54666666666665	142.55333333333334	142.52	142.56	142.56	142.56	142.56	142.53333333333333	142.60666666666665	142.46666666666667	142.54	142.39333333333335	140.90666666666667	0.0
0.0	140.96666666666667	142.54	142.62	142.52	142.60666666666665	142.60666666666665	142.49333333333334	142.56666666666666	142.60666666666665	142.64	142.61333333333334	142.54	142.59333333333333	142.6	142.57333333333332	142.53333333333333	142.63333333333333	142.60666666666665	142.54666666666665	142.5	142.6	142.66	142.47333333333333	142.64	142.56	142.57333333333332	142.58	142.62	142.59333333333333	142.63333333333333	142.62	142.62	142.64666666666668	142.59333333333333	142.6	142.5	142.62	142.58666666666667	142.55333333333334	142.63333333333333	142.66	142.64	142.69333333333333	142.64	142.64666666666668	142.62	142.64	142.52	142.6	142.58	142.56666666666666	142.60666666666665	142.58666666666667	142.71333333333334	142.6	142.61333333333334	142.56	142.55333333333334	142.53333333333333	142.58666666666667	142.59333333333333	142.62	142.64	142.62	142.59333333333333	142.61333333333334	142.50666666666666	142.60666666666665	142.60666666666665	142.54	140.90666666666667	0.0
0.0	140.67333333333335	142.42666666666668	142.46	142.55333333333334	142.49333333333334	142.55333333333334	142.5	142.57333333333332	142.58666666666667	142.50666666666666	142.56	142.54666666666665	142.58666666666667	142.62	142.50666666666666	142.55333333333334	142.51333333333332	142.56	142.58666666666667	142.63333333333333	142.53333333333333	142.49333333333334	142.58	142.62	142.5	142.51333333333332	142.54	142.54666666666665	142.49333333333334	142.56	142.54666666666665	142.57333333333332	142.55333333333334	142.44	142.5	142.52	142.6	142.56666666666666	142.54	142.52	142.58666666666667	142.62666666666667	142.60666666666665	142.5	142.52	142.54666666666665	142.48	142.49333333333334	142.46	142.50666666666666	142.56	142.60666666666665	142.56666666666666	142.58	142.57333333333332	142.63333333333333	142.64666666666668	142.49333333333334	142.49333333333334	142.54666666666665	142.5	142.56	142.60666666666665	142.52666666666667	142.46	142.56	142.59333333333333	142.54	142.62	142.41333333333333	140.97333333333333	0.0
0.0	141.0	142.54	142.58666666666667	142.65333333333334	142.60666666666665	142.63333333333333	142.66	142.6	142.61333333333334	142.61333333333334	142.63333333333333	142.51333333333332	142.60666666666665	142.68666666666667	142.59333333333333	142.59333333333333	142.62666666666667	142.55333333333334	142.7	142.60666666666665	142.65333333333334	142.60666666666665	142.58	142.57333333333332	142.55333333333334	142.63333333333333	142.61333333333334	142.67333333333335	142.61333333333334	142.63333333333333	142.62	142.53333333333333	142.64666666666668	142.68	142.58666666666667	142.56666666666666	142.58	142.58666666666667	142.59333333333333	142.61333333333334	142.55333333333334	142.62	142.58	142.6	142.65333333333334	142.63333333333333	142.62	142.65333333333334	142.62666666666667	142.60666666666665	142.6	142.61333333333334	142.55333333333334	142.63333333333333	142.54666666666665	142.6	142.55333333333334	142.54666666666665	142.59333333333333	142.60666666666665	142.72666666666666	142.67333333333335	142.72666666666666	142.56666666666666	142.63333333333333	142.66666666666666	142.65333333333334	142.63333333333333	142.58	142.52	141.0	0.0
0.0	141.06	142.52666666666667	142.55333333333334	142.48	142.51333333333332	142.48666666666668	142.44	142.47333333333333	142.52666666666667	142.42666666666668	142.44666666666666	142.49333333333334	142.48	142.47333333333333	142.54	142.48666666666668	142.42666666666668	142.42666666666668	142.42	142.42666666666668	142.46	142.56666666666666	142.5	142.43333333333334	142.49333333333334	142.42	142.45333333333335	142.48	142.45333333333335	142.51333333333332	142.48666666666668	142.51333333333332	142.45333333333335	142.46	142.52	142.50666666666666	142.54	142.38666666666666	142.51333333333332	142.51333333333332	142.48666666666668	142.43333333333334	142.45333333333335	142.46	142.53333333333333	142.44666666666666	142.51333333333332	142.51333333333332	142.52	142.44666666666666	142.44666666666666	142.6	142.48666666666668	142.46666666666667	142.48666666666668	142.51333333333332	142.49333333333334	142.45333333333335	142.41333333333333	142.54	142.5	142.44	142.49333333333334	142.52666666666667	142.5	142.49333333333334	142.58	142.40666666666667	142.44	142.40666666666667	140.86	0.0
0.0	140.88666666666666	142.49333333333334	142.50666666666666	142.66666666666666	142.47333333333333	142.64	142.59333333333333	142.53333333333333	142.6	142.61333333333334	142.6	142.6	142.65333333333334	142.60666666666665	142.56	142.60666666666665	142.52666666666667	142.58666666666667	142.62666666666667	142.54666666666665	142.52666666666667	142.62666666666667	142.50666666666666	142.64666666666668	142.57333333333332	142.58666666666667	142.58666666666667	142.50666666666666	142.61333333333334	142.62666666666667	142.56	142.6	142.55333333333334	142.54	142.58	142.56	142.6	142.49333333333334	142.52	142.51333333333332	142.62666666666667	142.59333333333333	142.6	142.54666666666665	142.58666666666667	142.51333333333332	142.53333333333333	142.54	142.54	142.57333333333332	142.60666666666665	142.55333333333334	142.49333333333334	142.54	142.64	142.62	142.5	142.58666666666667	142.45333333333335	142.58666666666667	142.56	142.56666666666666	142.51333333333332	142.62666666666667	142.6	142.5	142.58	142.46666666666667	142.58	142.44	140.84666666666666	0.0
0.0	141.0	142.51333333333332	142.52666666666667	142.57333333333332	142.61333333333334	142.54666666666665	142.59333333333333	142.54666666666665	142.66	142.58666666666667	142.57333333333332	142.59333333333333	142.54666666666665	142.58666666666667	142.63333333333333	142.58666666666667	142.62666666666667	142.62	142.56	142.59333333333333	142.66	142.53333333333333	142.58666666666667	142.55333333333334	142.63333333333333	142.64	142.67333333333335	142.60666666666665	142.60666666666665	142.56	142.52	142.56	142.58	142.67333333333335	142.6	142.6	142.56666666666666	142.59333333333333	142.64666666666668	142.6	142.49333333333334	142.56666666666666	142.56	142.61333333333334	142.47333333333333	142.51333333333332	142.53333333333333	142.66	142.53333333333333	142.53333333333333	142.63333333333333	142.52666666666667	142.56666666666666	142.54	142.66	142.62666666666667	142.52	142.57333333333332	142.58	142.60666666666665	142.69333333333333	142.64	142.56	142.56	142.56666666666666	142.6	142.55333333333334	142.60666666666665	142.6	142.56	141.10666666666665	0.0
0.0	140.96	142.58666666666667	142.58	142.64	142.68666666666667	142.64	142.65333333333334	142.55333333333334	142.67333333333335	142.66666666666666	142.62666666666667	142.6	142.58	142.62	142.63333333333333	142.65333333333334	142.62666666666667	142.6	142.72666666666666	142.62666666666667	142.69333333333333	142.56666666666666	142.60666666666665	142.58	142.58	142.64	142.54666666666665	142.58666666666667	142.59333333333333	142.70666666666668	142.65333333333334	142.63333333333333	142.58666666666667	142.59333333333333	142.66666666666666	142.56666666666666	142.67333333333335	142.61333333333334	142.6	142.68	142.60666666666665	142.54	142.64	142.61333333333334	142.56666666666666	142.69333333333333	142.65333333333334	142.64666666666668	142.57333333333332	142.56666666666666	142.66	142.67333333333335	142.62666666666667	142.70666666666668	142.63333333333333	142.7	142.68	142.55333333333334	142.61333333333334	142.66666666666666	142.69333333333333	142.67333333333335	142.66	142.64	142.56666666666666	142.63333333333333	142.6	142.68666666666667	142.56	142.47333333333333	140.92666666666668	0.0
0.0	140.94	142.54	142.62	142.66	142.68666666666667	142.62666666666667	142.72	142.74	142.64666666666668	142.7	142.70666666666668	142.75333333333333	142.6	142.74	142.64	142.67333333333335	142.67333333333335	142.67333333333335	142.67333333333335	142.64666666666668	142.77333333333334	142.71333333333334	142.65333333333334	142.66666666666666	142.78	142.62666666666667	142.74666666666667	142.71333333333334	142.68	142.66	142.59333333333333	142.7	142.66666666666666	142.76666666666668	142.62666666666667	142.71333333333334	142.68	142.70666666666668	142.76	142.64666666666668	142.71333333333334	142.68	142.76	142.60666666666665	142.69333333333333	142.59333333333333	142.7	142.68	142.78	142.7	142.68666666666667	142.62	142.6	142.72	142.62	142.62666666666667	142.64666666666668	142.67333333333335	142.72	142.74	142.72	142.72	142.7	142.66666666666666	142.74	142.68	142.74	142.69333333333333	142.73333333333332	142.61333333333334	141.05333333333334	0.0
0.0	140.95333333333335	142.59333333333333	142.55333333333334	142.59333333333333	142.63333333333333	142.72666666666666	142.60666666666665	142.65333333333334	142.69333333333333	142.66666666666666	142.68	142.59333333333333	142.61333333333334	142.64666666666668	142.64	142.60666666666665	142.54	142.63333333333333	142.54	142.58666666666667	142.68	142.68666666666667	142.66	142.66	142.57333333333332	142.66	142.6	142.64	142.6	142.62666666666667	142.56	142.73333333333332	142.7	142.53333333333333	142.65333333333334	142.66	142.54666666666665	142.64666666666668	142.62	142.6	142.56666666666666	142.68	142.66666666666666	142.62666666666667	142.61333333333334	142.59333333333333	142.64	142.60666666666665	142.72	142.64	142.58666666666667	142.65333333333334	142.56	142.66	142.57333333333332	142.60666666666665	142.62	142.58666666666667	142.68	142.6	142.64666666666668	142.61333333333334	142.57333333333332	142.58	142.62666666666667	142.59333333333333	142.63333333333333	142.60666666666665	142.6	142.58666666666667	141.02	0.0
0.0	141.13333333333333	142.47333333333333	142.55333333333334	142.57333333333332	142.58666666666667	142.51333333333332	142.57333333333332	142.58	142.58	142.58666666666667	142.58666666666667	142.58666666666667	142.51333333333332	142.64666666666668	142.66	142.62666666666667	142.56666666666666	142.65333333333334	142.54666666666665	142.59333333333333	142.57333333333332	142.5	142.58	142.65333333333334	142.62666666666667	142.6	142.62666666666667	142.58	142.5	142.58	142.58666666666667	142.52	142.60666666666665	142.47333333333333	142.58	142.6	142.52666666666667	142.62666666666667	142.64666666666668	142.61333333333334	142.58666666666667	142.58666666666667	142.62666666666667	142.52	142.58666666666667	142.52666666666667	142.50666666666666	142.62	142.54666666666665	142.56	142.56666666666666	142.65333333333334	142.66	142.6	142.62666666666667	142.56666666666666	142.64	142.52	142.61333333333334	142.57333333333332	142.58	142.58666666666667	142.5	142.62666666666667	142.57333333333332	142.47333333333333	142.56	142.56	142.59333333333333	142.39333333333335	140.89333333333335	0.0
0.0	140.84	142.47333333333333	142.48666666666668	142.46	142.46666666666667	142.45333333333335	142.51333333333332	142.48666666666668	142.52666666666667	142.50666666666666	142.48666666666668	142.47333333333333	142.54	142.44	142.40666666666667	142.52	142.49333333333334	142.48	142.44666666666666	142.56	142.44666666666666	142.48	142.48	142.47333333333333	142.57333333333332	142.5	142.46	142.5	142.46	142.56	142.50666666666666	142.43333333333334	142.48	142.43333333333334	142.48666666666668	142.48666666666668	142.52	142.49333333333334	142.49333333333334	142.49333333333334	142.5	142.42	142.51333333333332	142.46666666666667	142.50666666666666	142.58	142.49333333333334	142.53333333333333	142.50666666666666	142.43333333333334	142.58	142.47333333333333	142.5	142.46	142.57333333333332	142.44666666666666	142.51333333333332	142.42	142.49333333333334	142.51333333333332	142.46	142.48	142.56666666666666	142.46666666666667	142.52	142.51333333333332	142.48	142.56666666666666	142.48666666666668	142.47333333333333	141.02666666666667	0.0
0.0	140.97333333333333	142.54	142.68666666666667	142.61333333333334	142.64	142.61333333333334	142.59333333333333	142.64	142.61333333333334	142.56666666666666	142.55333333333334	142.52666666666667	142.60666666666665	142.59333333333333	142.66	142.58666666666667	142.64666666666668	142.63333333333333	142.56	142.64	142.54	142.59333333333333	142.6	142.54	142.62	142.57333333333332	142.53333333333333	142.56666666666666	142.61333333333334	142.58	142.63333333333333	142.61333333333334	142.63333333333333	142.65333333333334	142.61333333333334	142.64	142.67333333333335	142.57333333333332	142.5	142.5	142.56666666666666	142.6	142.60666666666665	142.62	142.58	142.52	142.53333333333333	142.6	142.62666666666667	142.6	142.61333333333334	142.56666666666666	142.57333333333332	142.62	142.62666666666667	142.62666666666667	142.68666666666667	142.5	142.57333333333332	142.56	142.54666666666665	142.67333333333335	142.67333333333335	142.57333333333332	142.6	142.62666666666667	142.58	142.55333333333334	142.66	142.52	141.14	0.0
0.0	140.65333333333334	142.52	142.61333333333334	142.57333333333332	142.56	142.49333333333334	142.58666666666667	142.61333333333334	142.59333333333333	142.59333333333333	142.62	142.57333333333332	142.56	142.57333333333332	142.61333333333334	142.61333333333334	142.61333333333334	142.53333333333333	142.62	142.56	142.54666666666665	142.68666666666667	142.52666666666667	142.58	142.59333333333333	142.67333333333335	142.62666666666667	142.53333333333333	142.53333333333333	142.64666666666668	142.50666666666666	142.51333333333332	142.68666666666667	142.56	142.55333333333334	142.60666666666665	142.59333333333333	142.59333333333333	142.58	142.65333333333334	142.64666666666668	142.61333333333334	142.63333333333333	142.63333333333333	142.58	142.53333333333333	142.5	142.54	142.62	142.55333333333334	142.68666666666667	142.61333333333334	142.60666666666665	142.54666666666665	142.49333333333334	142.60666666666665	142.59333333333333	142.58	142.54666666666665	142.56666666666666	142.57333333333332	142.58666666666667	142.6	142.54	142.49333333333334	142.5	142.58	142.58666666666667	142.56666666666666	142.51333333333332	140.99333333333334	0.0
0.0	141.14	142.44	142.59333333333333	142.55333333333334	142.58666666666667	142.66	142.53333333333333	142.56666666666666	142.51333333333332	142.54	142.54666666666665	142.58	142.64	142.56666666666666	142.62	142.56666666666666	142.64666666666668	142.6	142.62	142.6	142.50666666666666	142.52666666666667	142.52	142.55333333333334	142.6	142.56	142.55333333333334	142.60666666666665	142.60666666666665	142.57333333333332	142.58666666666667	142.56666666666666	142.64	142.58	142.56666666666666	142.6	142.56666666666666	142.6	142.58	142.55333333333334	142.60666666666665	142.55333333333334	142.56666666666666	142.56	142.52666666666667	142.58666666666667	142.55333333333334	142.52	142.57333333333332	142.6	142.58	142.61333333333334	142.56666666666666	142.66666666666666	142.54	142.53333333333333	142.44666666666666	142.56666666666666	142.48666666666668	142.56666666666666	142.57333333333332	142.61333333333334	142.54666666666665	142.55333333333334	142.52666666666667	142.54666666666665	142.5	142.62	142.60666666666665	142.45333333333335	140.75333333333333	0.0
0.0	141.02666666666667	142.49333333333334	142.54	142.56666666666666	142.52	142.52666666666667	142.58	142.56666666666666	142.55333333333334	142.53333333333333	142.52666666666667	142.53333333333333	142.52	142.60666666666665	142.48	142.54	142.59333333333333	142.54	142.50666666666666	142.59333333333333	142.55333333333334	142.6	142.60666666666665	142.57333333333332	142.57333333333332	142.54	142.54	142.57333333333332	142.46666666666667	142.6	142.6	142.62666666666667	142.62	142.49333333333334	142.49333333333334	142.54666666666665	142.50666666666666	142.64666666666668	142.58	142.53333333333333	142.58666666666667	142.61333333333334	142.56666666666666	142.54666666666665	142.51333333333332	142.61333333333334	142.60666666666665	142.54	142.52	142.53333333333333	142.55333333333334	142.38	142.49333333333334	142.52	142.62	142.58666666666667	142.48666666666668	142.56666666666666	142.53333333333333	142.55333333333334	142.58	142.62	142.52	142.51333333333332	142.59333333333333	142.50666666666666	142.53333333333333	142.58	142.56	142.50666666666666	140.96	0.0
0.0	141.00666666666666	142.56666666666666	142.61333333333334	142.69333333333333	142.56666666666666	142.62	142.60666666666665	142.59333333333333	142.57333333333332	142.54666666666665	142.58	142.56666666666666	142.59333333333333	142.62666666666667	142.62	142.58	142.63333333333333	142.59333333333333	142.57333333333332	142.58	142.60666666666665	142.5	142.63333333333333	142.59333333333333	142.44666666666666	142.58666666666667	142.58666666666667	142.58	142.60666666666665	142.62666666666667	142.62	142.58666666666667	142.62	142.59333333333333	142.54666666666665	142.62	142.71333333333334	142.55333333333334	142.54666666666665	142.56	142.64666666666668	142.66666666666666	142.54	142.56666666666666	142.60666666666665	142.58666666666667	142.62	142.58	142.70666666666668	142.66666666666666	142.53333333333333	142.59333333333333	142.59333333333333	142.54666666666665	142.58	142.55333333333334	142.58666666666667	142.62666666666667	142.68	142.56666666666666	142.53333333333333	142.64666666666668	142.58	142.66666666666666	142.61333333333334	142.56666666666666	142.56	142.57333333333332	142.55333333333334	142.54	140.96666666666667	0.0
0.0	140.86666666666667	142.49333333333334	142.43333333333334	142.56666666666666	142.54666666666665	142.63333333333333	142.60666666666665	142.58666666666667	142.56666666666666	142.48666666666668	142.54666666666665	142.52	142.59333333333333	142.56666666666666	142.58	142.55333333333334	142.50666666666666	142.52	142.54	142.50666666666666	142.56666666666666	142.55333333333334	142.58	142.51333333333332	142.62	142.60666666666665	142.55333333333334	142.58666666666667	142.57333333333332	142.52666666666667	142.58666666666667	142.59333333333333	142.55333333333334	142.61333333333334	142.62	142.6	142.50666666666666	142.61333333333334	142.58666666666667	142.56	142.52	142.57333333333332	142.56666666666666	142.52666666666667	142.56666666666666	142.54666666666665	142.62	142.64	142.59333333333333	142.60666666666665	142.57333333333332	142.51333333333332	142.63333333333333	142.55333333333334	142.6	142.52	142.6	142.54	142.49333333333334	142.48	142.52666666666667	142.54	142.6	142.62666666666667	142.58666666666667	142.56	142.53333333333333	142.52666666666667	142.52	142.48	140.87333333333333	0.0
0.0	140.9	142.43333333333334	142.46666666666667	142.48666666666668	142.54666666666665	142.54	142.48	142.46666666666667	142.45333333333335	142.44	142.49333333333334	142.48	142.4	142.54	142.48666666666668	142.52	142.46	142.5	142.45333333333335	142.42	142.60666666666665	142.56	142.57333333333332	142.48	142.48666666666668	142.38	142.56	142.42666666666668	142.42666666666668	142.51333333333332	142.5	142.52	142.43333333333334	142.47333333333333	142.5	142.32666666666665	142.48666666666668	142.53333333333333	142.46	142.43333333333334	142.44	142.49333333333334	142.48666666666668	142.43333333333334	142.42	142.41333333333333	142.43333333333334	142.39333333333335	142.46666666666667	142.44666666666666	142.43333333333334	142.48666666666668	142.5	142.45333333333335	142.48	142.5	142.44666666666666	142.42666666666668	142.48	142.48666666666668	142.44	142.48	142.48	142.48666666666668	142.45333333333335	142.50666666666666	142.46666666666667	142.50666666666666	142.45333333333335	142.41333333333333	140.99333333333334	0.0
0.0	140.89333333333335	142.54666666666665	142.69333333333333	142.68666666666667	142.67333333333335	142.56	142.60666666666665	142.62666666666667	142.62666666666667	142.63333333333333	142.65333333333334	142.61333333333334	142.59333333333333	142.62666666666667	142.62	142.62	142.65333333333334	142.66666666666666	142.59333333333333	142.66666666666666	142.64666666666668	142.6	142.7	142.64	142.55333333333334	142.64	142.61333333333334	142.62666666666667	142.66666666666666	142.64666666666668	142.64666666666668	142.55333333333334	142.65333333333334	142.60666666666665	142.68666666666667	142.64666666666668	142.64666666666668	142.65333333333334	142.64666666666668	142.62666666666667	142.60666666666665	142.61333333333334	142.64666666666668	142.59333333333333	142.54666666666665	142.61333333333334	142.62	142.64666666666668	142.53333333333333	142.59333333333333	142.62	142.68666666666667	142.73333333333332	142.55333333333334	142.64	142.63333333333333	142.65333333333334	142.64	142.67333333333335	142.62	142.52	142.58666666666667	142.62	142.49333333333334	142.61333333333334	142.61333333333334	142.64666666666668	142.66666666666666	142.61333333333334	142.53333333333333	140.98	0.0
0.0	141.17333333333335	142.52	142.62	142.62666666666667	142.58	142.55333333333334	142.6	142.64666666666668	142.58	142.60666666666665	142.59333333333333	142.7	142.53333333333333	142.66	142.62	142.60666666666665	142.58666666666667	142.57333333333332	142.60666666666665	142.61333333333334	142.68666666666667	142.51333333333332	142.60666666666665	142.56666666666666	142.62	142.50666666666666	142.69333333333333	142.62	142.54666666666665	142.62	142.62666666666667	142.62	142.65333333333334	142.64666666666668	142.63333333333333	142.63333333333333	142.62	142.57333333333332	142.69333333333333	142.66	142.62666666666667	142.63333333333333	142.59333333333333	142.60666666666665	142.6	142.58	142.55333333333334	142.62666666666667	142.65333333333334	142.62666666666667	142.62666666666667	142.62	142.56666666666666	142.57333333333332	142.59333333333333	142.56666666666666	142.56666666666666	142.58	142.64	142.52666666666667	142.57333333333332	142.60666666666665	142.6	142.68666666666667	142.57333333333332	142.52666666666667	142.64666666666668	142.55333333333334	142.54666666666665	142.5	141.08	0.0
0.0	141.10666666666665	142.46	142.63333333333333	142.60666666666665	142.54666666666665	142.52	142.56666666666666	142.64666666666668	142.58	142.64	142.64666666666668	142.56	142.61333333333334	142.54	142.58666666666667	142.60666666666665	142.46666666666667	142.6	142.67333333333335	142.58666666666667	142.56	142.64	142.53333333333333	142.51333333333332	142.59333333333333	142.58	142.56666666666666	142.62666666666667	142.58666666666667	142.56	142.55333333333334	142.57333333333332	142.62	142.62	142.65333333333334	142.61333333333334	142.62	142.55333333333334	142.54	142.68	142.56666666666666	142.61333333333334	142.66666666666666	142.59333333333333	142.6	142.62666666666667	142.66	142.66	142.64	142.51333333333332	142.62666666666667	142.52666666666667	142.59333333333333	142.61333333333334	142.57333333333332	142.57333333333332	142.58666666666667	142.68666666666667	142.52666666666667	142.65333333333334	142.58	142.57333333333332	142.66	142.6	142.57333333333332	142.58666666666667	142.60666666666665	142.55333333333334	142.63333333333333	142.54	140.9	0.0
0.0	140.78	142.46	142.62	142.51333333333332	142.59333333333333	142.67333333333335	142.54	142.55333333333334	142.56	142.53333333333333	142.6	142.57333333333332	142.52666666666667	142.52666666666667	142.64666666666668	142.5	142.65333333333334	142.66	142.63333333333333	142.62	142.62	142.60666666666665	142.57333333333332	142.53333333333333	142.60666666666665	142.62	142.68666666666667	142.60666666666665	142.57333333333332	142.62666666666667	142.58	142.61333333333334	142.55333333333334	142.58666666666667	142.51333333333332	142.57333333333332	142.59333333333333	142.6	142.58666666666667	142.56	142.66	142.66	142.68	142.59333333333333	142.52666666666667	142.61333333333334	142.64	142.56666666666666	142.54	142.55333333333334	142.48	142.62	142.56	142.58666666666667	142.59333333333333	142.64	142.53333333333333	142.59333333333333	142.62	142.48666666666668	142.58	142.64	142.58666666666667	142.6	142.56	142.51333333333332	142.66666666666666	142.61333333333334	142.69333333333333	142.48	140.84	0.0
0.0	140.83333333333334	142.5	142.52666666666667	142.54	142.52666666666667	142.51333333333332	142.45333333333335	142.59333333333333	142.47333333333333	142.5	142.55333333333334	142.48666666666668	142.52666666666667	142.48666666666668	142.47333333333333	142.56	142.46	142.42666666666668	142.52666666666667	142.52	142.50666666666666	142.5	142.48	142.54666666666665	142.51333333333332	142.40666666666667	142.48666666666668	142.53333333333333	142.46666666666667	142.49333333333334	142.52	142.35333333333332	142.44666666666666	142.46666666666667	142.51333333333332	142.57333333333332	142.5	142.53333333333333	142.5	142.50666666666666	142.55333333333334	142.56	142.52	142.51333333333332	142.54	142.50666666666666	142.51333333333332	142.56	142.52	142.56	142.46666666666667	142.50666666666666	142.56666666666666	142.52666666666667	142.50666666666666	142.48	142.50666666666666	142.44	142.47333333333333	142.59333333333333	142.43333333333334	142.42666666666668	142.48	142.52666666666667	142.58666666666667	142.41333333333333	142.51333333333332	142.41333333333333	142.46	142.48	140.94	0.0
0.0	140.79333333333332	142.49333333333334	142.55333333333334	142.57333333333332	142.63333333333333	142.54	142.66666666666666	142.50666666666666	142.52666666666667	142.61333333333334	142.52666666666667	142.56666666666666	142.58	142.58	142.6	142.58666666666667	142.58666666666667	142.58666666666667	142.59333333333333	142.52	142.60666666666665	142.64666666666668	142.6	142.58	142.64666666666668	142.58	142.62666666666667	142.54666666666665	142.52	142.68666666666667	142.62	142.66666666666666	142.57333333333332	142.64	142.63333333333333	142.62666666666667	142.62	142.62	142.61333333333334	142.58666666666667	142.54666666666665	142.64666666666668	142.62	142.53333333333333	142.63333333333333	142.53333333333333	142.66666666666666	142.62	142.52	142.60666666666665	142.61333333333334	142.64	142.71333333333334	142.52	142.61333333333334	142.63333333333333	142.65333333333334	142.63333333333333	142.67333333333335	142.6	142.60666666666665	142.61333333333334	142.64	142.6	142.54	142.64	142.57333333333332	142.51333333333332	142.61333333333334	142.46666666666667	140.76	0.0
0.0	141.08	142.54666666666665	142.51333333333332	142.61333333333334	142.62	142.58666666666667	142.61333333333334	142.66666666666666	142.64666666666668	142.64666666666668	142.56666666666666	142.6	142.6	142.61333333333334	142.54666666666665	142.6	142.6	142.61333333333334	142.64666666666668	142.61333333333334	142.66666666666666	142.66	142.56	142.63333333333333	142.62	142.6	142.62	142.64666666666668	142.61333333333334	142.62666666666667	142.56	142.56	142.61333333333334	142.62	142.7	142.58	142.57333333333332	142.62	142.50666666666666	142.58	142.61333333333334	142.56	142.56666666666666	142.62666666666667	142.60666666666665	142.64666666666668	142.58666666666667	142.62666666666667	142.56	142.55333333333334	142.61333333333334	142.6	142.60666666666665	142.64666666666668	142.60666666666665	142.61333333333334	142.7	142.52666666666667	142.57333333333332	142.62666666666667	142.56	142.68	142.67333333333335	142.6	142.63333333333333	142.60666666666665	142.61333333333334	142.60666666666665	142.66666666666666	142.52666666666667	141.03333333333333	0.0
0.0	140.92666666666668	142.42666666666668	142.56666666666666	142.55333333333334	142.45333333333335	142.58666666666667	142.55333333333334	142.59333333333333	142.55333333333334	142.56	142.56666666666666	142.50666666666666	142.54666666666665	142.55333333333334	142.51333333333332	142.56666666666666	142.60666666666665	142.48666666666668	142.58	142.6	142.47333333333333	142.52666666666667	142.55333333333334	142.6	142.64	142.50666666666666	142.54666666666665	142.61333333333334	142.60666666666665	142.53333333333333	142.53333333333333	142.41333333333333	142.60666666666665	142.52	142.51333333333332	142.54	142.54	142.58666666666667	142.58	142.52666666666667	142.53333333333333	142.56666666666666	142.52666666666667	142.65333333333334	142.52	142.60666666666665	142.49333333333334	142.6	142.54666666666665	142.62666666666667	142.56666666666666	142.52	142.6	142.55333333333334	142.6	142.66666666666666	142.54666666666665	142.63333333333333	142.44	142.58	142.60666666666665	142.54	142.6	142.56666666666666	142.47333333333333	142.53333333333333	142.58	142.56	142.52	142.57333333333332	141.02666666666667	0.0
0.0	140.86	142.41333333333333	142.43333333333334	142.53333333333333	142.58	142.5	142.40666666666667	142.5	142.44666666666666	142.51333333333332	142.54666666666665	142.5	142.58	142.49333333333334	142.57333333333332	142.56	142.48	142.50666666666666	142.56666666666666	142.55333333333334	142.54	142.58	142.5	142.54	142.53333333333333	142.50666666666666	142.55333333333334	142.5	142.45333333333335	142.64	142.54666666666665	142.48666666666668	142.52	142.6	142.48666666666668	142.58666666666667	142.53333333333333	142.57333333333332	142.49333333333334	142.47333333333333	142.6	142.5	142.56	142.56	142.54666666666665	142.50666666666666	142.57333333333332	142.51333333333332	142.56666666666666	142.53333333333333	142.52	142.56666666666666	142.50666666666666	142.45333333333335	142.46	142.51333333333332	142.52	142.61333333333334	142.51333333333332	142.49333333333334	142.53333333333333	142.56	142.52666666666667	142.45333333333335	142.56	142.61333333333334	142.58	142.58	142.52	142.44	140.94666666666666	0.0
0.0	141.11333333333334	142.45333333333335	142.70666666666668	142.60666666666665	142.67333333333335	142.56666666666666	142.48666666666668	142.51333333333332	142.59333333333333	142.56666666666666	142.63333333333333	142.58	142.64	142.58666666666667	142.58666666666667	142.56666666666666	142.54666666666665	142.6	142.60666666666665	142.56666666666666	142.59333333333333	142.50666666666666	142.66666666666666	142.62	142.58	142.59333333333333	142.70666666666668	142.6	142.56	142.66	142.56666666666666	142.66666666666666	142.61333333333334	142.55333333333334	142.53333333333333	142.57333333333332	142.62666666666667	142.61333333333334	142.48	142.67333333333335	142.57333333333332	142.61333333333334	142.61333333333334	142.54	142.62	142.68666666666667	142.58	142.6	142.58	142.55333333333334	142.48	142.66	142.61333333333334	142.69333333333333	142.61333333333334	142.56666666666666	142.58	142.62	142.49333333333334	142.66	142.58666666666667	142.59333333333333	142.58666666666667	142.64666666666668	142.66	142.58	142.64	142.56	142.58666666666667	142.58666666666667	141.09333333333333	0.0
0.0	140.87333333333333	142.38	142.56	142.48	142.57333333333332	142.53333333333333	142.46666666666667	142.48666666666668	142.58666666666667	142.47333333333333	142.55333333333334	142.58666666666667	142.54	142.54	142.6	142.49333333333334	142.6	142.58666666666667	142.52666666666667	142.52666666666667	142.6	142.49333333333334	142.54666666666665	142.54666666666665	142.42666666666668	142.51333333333332	142.5	142.40666666666667	142.44666666666666	142.54666666666665	142.53333333333333	142.56666666666666	142.58	142.50666666666666	142.55333333333334	142.42666666666668	142.56	142.45333333333335	142.44666666666666	142.46	142.59333333333333	142.46	142.58666666666667	142.54666666666665	142.48	142.48666666666668	142.52666666666667	142.46	142.52	142.50666666666666	142.52	142.57333333333332	142.46	142.46666666666667	142.53333333333333	142.46	142.42666666666668	142.49333333333334	142.58666666666667	142.53333333333333	142.58666666666667	142.54666666666665	142.54666666666665	142.52	142.50666666666666	142.5	142.57333333333332	142.54666666666665	142.48	142.44	140.86	0.0
0.0	140.85333333333332	142.46	142.52666666666667	142.53333333333333	142.48666666666668	142.47333333333333	142.46666666666667	142.53333333333333	142.48	142.54666666666665	142.47333333333333	142.4	142.49333333333334	142.52	142.46666666666667	142.57333333333332	142.48666666666668	142.52	142.54	142.48666666666668	142.54	142.53333333333333	142.6	142.55333333333334	142.40666666666667	142.46666666666667	142.50666666666666	142.47333333333333	142.54	142.56	142.5	142.48	142.52666666666667	142.54	142.45333333333335	142.46	142.52666666666667	142.50666666666666	142.40666666666667	142.50666666666666	142.58	142.51333333333332	142.48666666666668	142.54666666666665	142.5	142.52666666666667	142.55333333333334	142.56666666666666	142.60666666666665	142.48	142.58	142.48	142.52666666666667	142.46	142.44666666666666	142.54	142.56	142.54666666666665	142.44	142.52	142.49333333333334	142.49333333333334	142.52666666666667	142.55333333333334	142.50666666666666	142.46666666666667	142.54666666666665	142.48	142.48666666666668	142.43333333333334	140.84	0.0
0.0	140.82	142.51333333333332	142.59333333333333	142.58	142.51333333333332	142.60666666666665	142.55333333333334	142.50666666666666	142.58666666666667	142.58	142.59333333333333	142.6	142.53333333333333	142.59333333333333	142.58666666666667	142.47333333333333	142.47333333333333	142.57333333333332	142.51333333333332	142.58	142.61333333333334	142.54666666666665	142.55333333333334	142.58666666666667	142.48	142.57333333333332	142.56	142.59333333333333	142.54666666666665	142.57333333333332	142.58666666666667	142.54	142.54666666666665	142.51333333333332	142.53333333333333	142.50666666666666	142.58666666666667	142.52666666666667	142.58	142.53333333333333	142.61333333333334	142.55333333333334	142.52	142.57333333333332	142.57333333333332	142.61333333333334	142.58	142.52666666666667	142.55333333333334	142.60666666666665	142.58	142.54	142.58666666666667	142.61333333333334	142.58	142.57333333333332	142.6	142.64	142.59333333333333	142.54666666666665	142.60666666666665	142.54	142.63333333333333	142.56666666666666	142.61333333333334	142.51333333333332	142.61333333333334	142.6	142.48666666666668	142.43333333333334	140.87333333333333	0.0
0.0	140.89333333333335	142.57333333333332	142.63333333333333	142.52666666666667	142.60666666666665	142.54	142.62666666666667	142.54666666666665	142.60666666666665	142.58	142.60666666666665	142.58666666666667	142.62	142.52666666666667	142.54	142.56	142.53333333333333	142.64	142.42	142.52	142.48	142.52666666666667	142.62	142.60666666666665	142.54666666666665	142.67333333333335	142.6	142.56	142.54	142.58666666666667	142.62	142.61333333333334	142.54	142.54666666666665	142.56	142.6	142.57333333333332	142.6	142.57333333333332	142.5	142.54	142.50666666666666	142.59333333333333	142.48666666666668	142.58666666666667	142.58666666666667	142.6	142.6	142.56	142.54	142.46666666666667	142.48666666666668	142.6	142.58	142.56666666666666	142.58	142.64666666666668	142.61333333333334	142.52	142.61333333333334	142.54666666666665	142.56666666666666	142.60666666666665	142.54	142.58666666666667	142.68	142.63333333333333	142.56666666666666	142.64	142.52	141.04666666666665	0.0
0.0	140.94666666666666	142.52	142.62	142.56666666666666	142.54	142.56	142.61333333333334	142.55333333333334	142.52	142.53333333333333	142.56	142.62666666666667	142.47333333333333	142.62	142.55333333333334	142.58	142.52666666666667	142.54	142.56666666666666	142.60666666666665	142.54666666666665	142.52666666666667	142.48666666666668	142.55333333333334	142.49333333333334	142.58666666666667	142.51333333333332	142.63333333333333	142.52666666666667	142.56	142.53333333333333	142.57333333333332	142.58666666666667	142.58666666666667	142.58666666666667	142.55333333333334	142.56666666666666	142.52	142.58	142.56	142.47333333333333	142.58	142.64666666666668	142.64	142.54666666666665	142.58	142.48666666666668	142.52666666666667	142.56666666666666	142.52666666666667	142.54	142.54666666666665	142.53333333333333	142.52	142.52666666666667	142.52666666666667	142.66666666666666	142.54	142.56	142.53333333333333	142.51333333333332	142.61333333333334	142.58	142.62	142.58	142.54	142.6	142.56666666666666	142.56666666666666	142.48	140.73333333333332	0.0
0.0	140.96666666666667	142.59333333333333	142.76666666666668	142.72	142.70666666666668	142.65333333333334	142.56	142.70666666666668	142.63333333333333	142.64	142.72666666666666	142.68666666666667	142.64	142.73333333333332	142.68666666666667	142.62	142.69333333333333	142.56666666666666	142.66	142.69333333333333	142.61333333333334	142.66	142.7	142.72	142.76	142.66666666666666	142.72	142.66666666666666	142.62	142.6	142.7	142.63333333333333	142.68	142.66666666666666	142.61333333333334	142.62666666666667	142.68	142.64666666666668	142.64666666666668	142.63333333333333	142.71333333333334	142.66	142.73333333333332	142.66	142.7	142.74666666666667	142.67333333333335	142.72	142.72666666666666	142.68666666666667	142.71333333333334	142.66666666666666	142.71333333333334	142.66666666666666	142.66666666666666	142.57333333333332	142.7	142.77333333333334	142.64666666666668	142.65333333333334	142.61333333333334	142.68	142.71333333333334	142.63333333333333	142.65333333333334	142.72666666666666	142.60666666666665	142.69333333333333	142.72	142.48	140.95333333333335	0.0
0.0	141.10666666666665	142.42	142.54	142.48666666666668	142.61333333333334	142.48666666666668	142.48	142.52	142.44666666666666	142.54666666666665	142.54	142.56	142.48	142.54666666666665	142.48666666666668	142.55333333333334	142.52	142.56666666666666	142.57333333333332	142.48	142.56666666666666	142.65333333333334	142.56666666666666	142.53333333333333	142.54666666666665	142.50666666666666	142.53333333333333	142.54	142.59333333333333	142.6	142.55333333333334	142.52666666666667	142.49333333333334	142.46666666666667	142.53333333333333	142.64	142.50666666666666	142.46	142.48	142.5	142.62	142.58	142.55333333333334	142.55333333333334	142.49333333333334	142.58666666666667	142.54666666666665	142.52666666666667	142.6	142.52666666666667	142.52666666666667	142.5	142.53333333333333	142.5	142.44	142.54666666666665	142.55333333333334	142.50666666666666	142.54	142.58666666666667	142.54666666666665	142.51333333333332	142.58666666666667	142.54	142.61333333333334	142.54	142.54	142.6	142.55333333333334	142.46666666666667	141.14666666666668	0.0
0.0	140.85333333333332	142.56	142.46666666666667	142.56666666666666	142.52	142.54666666666665	142.46666666666667	142.51333333333332	142.50666666666666	142.58	142.49333333333334	142.50666666666666	142.59333333333333	142.52666666666667	142.52	142.56	142.55333333333334	142.57333333333332	142.48666666666668	142.54	142.48	142.54	142.54666666666665	142.48	142.52	142.56	142.62	142.6	142.52	142.52666666666667	142.58	142.51333333333332	142.55333333333334	142.60666666666665	142.49333333333334	142.52	142.53333333333333	142.54	142.52	142.55333333333334	142.53333333333333	142.42	142.48666666666668	142.58666666666667	142.52666666666667	142.58666666666667	142.41333333333333	142.53333333333333	142.46666666666667	142.53333333333333	142.51333333333332	142.51333333333332	142.48	142.44666666666666	142.55333333333334	142.54	142.52666666666667	142.48666666666668	142.55333333333334	142.55333333333334	142.52	142.48666666666668	142.54	142.54	142.50666666666666	142.54666666666665	142.58666666666667	142.52	142.56	142.45333333333335	141.02	0.0
0.0	140.98666666666668	142.55333333333334	142.63333333333333	142.51333333333332	142.62666666666667	142.60666666666665	142.52	142.58666666666667	142.46666666666667	142.50666666666666	142.54	142.62	142.68	142.59333333333333	142.60666666666665	142.56666666666666	142.51333333333332	142.57333333333332	142.62	142.51333333333332	142.6	142.62666666666667	142.58666666666667	142.6	142.65333333333334	142.48666666666668	142.50666666666666	142.51333333333332	142.53333333333333	142.48666666666668	142.50666666666666	142.63333333333333	142.59333333333333	142.55333333333334	142.6	142.59333333333333	142.52	142.54666666666665	142.55333333333334	142.54666666666665	142.56	142.52666666666667	142.62	142.47333333333333	142.54	142.51333333333332	142.56	142.50666666666666	142.6	142.57333333333332	142.55333333333334	142.54666666666665	142.5	142.58	142.56666666666666	142.62	142.63333333333333	142.57333333333332	142.55333333333334	142.55333333333334	142.61333333333334	142.57333333333332	142.64	142.56	142.54666666666665	142.6	142.54	142.53333333333333	142.48666666666668	142.46	140.95333333333335	0.0
