0.0	135.18666666666667	141.33333333333334	142.42	142.65333333333334	142.68	142.68	142.77333333333334	142.76	142.68	142.76666666666668	142.63333333333333	142.93333333333334	142.77333333333334	142.64	142.74666666666667	142.53333333333333	142.62	142.64	142.68	142.49333333333334	142.56666666666666	142.56666666666666	142.87333333333333	142.72	142.84666666666666	142.63333333333333	142.63333333333333	142.79333333333332	142.89333333333335	142.88666666666666	142.81333333333333	142.83333333333334	142.84	142.82666666666665	142.73333333333332	142.84666666666666	142.64666666666668	142.62666666666667	142.84	142.62666666666667	142.82	142.81333333333333	142.74	142.88	142.78	142.82	142.82	142.82666666666665	142.72666666666666	142.71333333333334	142.62666666666667	142.68666666666667	142.76666666666668	142.60666666666665	142.59333333333333	142.82	142.67333333333335	142.68	142.72666666666666	142.69333333333333	142.73333333333332	142.98	142.9	142.52	142.72	142.65333333333334	142.55333333333334	142.58	142.34666666666666	141.04	134.88666666666666	0.0
0.0	135.22	141.16	142.32	142.64666666666668	142.75333333333333	142.86	142.96666666666667	142.90666666666667	142.96	143.05333333333334	142.88	142.80666666666667	142.87333333333333	142.9	143.1	142.82666666666665	142.82	142.96	142.86	142.93333333333334	142.76666666666668	142.98666666666668	143.06	142.89333333333335	143.03333333333333	142.8	142.91333333333333	143.06666666666666	142.81333333333333	142.94	142.88666666666666	142.99333333333334	142.86666666666667	142.75333333333333	142.68666666666667	142.88	143.04666666666665	142.86	142.98	142.74666666666667	143.11333333333334	143.10666666666665	143.08	142.82666666666665	142.86666666666667	142.8	142.79333333333332	142.86666666666667	142.98	143.09333333333333	142.90666666666667	142.99333333333334	142.92	142.97333333333333	142.87333333333333	143.10666666666665	142.82666666666665	142.79333333333332	142.84666666666666	142.94	142.92666666666668	142.96	142.93333333333334	142.85333333333332	142.94666666666666	142.98	143.04666666666665	142.84	142.35333333333332	141.08666666666667	135.28	0.0
0.0	135.06666666666666	141.28	142.58666666666667	142.69333333333333	142.88666666666666	142.96666666666667	142.93333333333334	142.91333333333333	143.13333333333333	143.16666666666666	143.02666666666667	143.16666666666666	143.02666666666667	143.01333333333332	142.85333333333332	143.16	143.11333333333334	142.92666666666668	142.99333333333334	142.88666666666666	142.81333333333333	142.85333333333332	143.18	143.12666666666667	143.01333333333332	143.16	143.02	143.22	142.89333333333335	143.09333333333333	142.89333333333335	143.11333333333334	142.92	143.12666666666667	143.25333333333333	143.13333333333333	142.97333333333333	143.08	143.1	142.8	142.88	142.90666666666667	143.16666666666666	143.18666666666667	143.07333333333332	142.93333333333334	143.04	142.87333333333333	143.02666666666667	143.11333333333334	142.98	143.0	143.06666666666666	143.14666666666668	143.16	142.88	143.00666666666666	143.18666666666667	143.21333333333334	142.98666666666668	143.10666666666665	143.02	142.75333333333333	143.17333333333335	142.98666666666668	142.82	143.02	142.76	142.50666666666666	141.06666666666666	135.34	0.0
0.0	134.68	141.02	142.38	142.9	142.92	142.86666666666667	143.05333333333334	142.93333333333334	142.93333333333334	143.01333333333332	142.88	143.13333333333333	142.87333333333333	142.92666666666668	142.98	142.83333333333334	142.92666666666668	142.96666666666667	142.78	142.94	143.2	143.15333333333334	143.00666666666666	142.94666666666666	143.09333333333333	143.04	142.92666666666668	142.92666666666668	142.82	143.05333333333334	142.9	142.91333333333333	142.98	143.00666666666666	143.07333333333332	142.83333333333334	143.00666666666666	142.97333333333333	142.88666666666666	143.16	143.10666666666665	142.95333333333335	143.08	142.90666666666667	142.99333333333334	142.6	143.22	142.90666666666667	143.00666666666666	142.97333333333333	142.74666666666667	142.86666666666667	143.01333333333332	143.19333333333333	142.90666666666667	143.00666666666666	142.91333333333333	142.92666666666668	142.82	142.94	142.88666666666666	143.0	143.19333333333333	142.98	143.0	143.04	142.92	142.98	142.35333333333332	140.96	135.22	0.0
0.0	135.14666666666668	141.36	142.38	142.98666666666668	142.92	142.98666666666668	143.05333333333334	142.91333333333333	142.96	143.09333333333333	143.14666666666668	142.87333333333333	142.99333333333334	142.82666666666665	143.11333333333334	142.92666666666668	143.21333333333334	143.03333333333333	143.2	143.04666666666665	143.0	143.08	143.08666666666667	143.06	142.79333333333332	143.22	143.06666666666666	143.04	143.19333333333333	143.20666666666668	143.11333333333334	143.16666666666666	142.89333333333335	142.78	143.06	142.97333333333333	142.95333333333335	143.0	142.96	142.86666666666667	143.06666666666666	143.3	142.89333333333335	143.15333333333334	143.01333333333332	143.16	142.94666666666666	143.18666666666667	143.24666666666667	142.87333333333333	143.03333333333333	142.82	143.17333333333335	143.13333333333333	143.12	143.06666666666666	142.96	143.03333333333333	142.89333333333335	143.03333333333333	142.94666666666666	143.06	143.14666666666668	142.94666666666666	143.0	143.05333333333334	142.86	142.82666666666665	142.48	141.26666666666668	135.16666666666666	0.0
0.0	135.54	141.20666666666668	142.44	142.84666666666666	142.89333333333335	143.16	142.94666666666666	142.94	142.84666666666666	142.98666666666668	142.90666666666667	142.87333333333333	142.84666666666666	142.76	143.0	143.16	143.04666666666665	143.03333333333333	143.02666666666667	142.95333333333335	143.04	143.0	142.96666666666667	143.09333333333333	142.96666666666667	142.97333333333333	142.85333333333332	143.13333333333333	142.96666666666667	142.92666666666668	143.05333333333334	142.82	143.1	143.12	143.11333333333334	143.08666666666667	142.96	142.82666666666665	142.96	143.13333333333333	142.89333333333335	143.03333333333333	143.04666666666665	142.96666666666667	142.82	142.62666666666667	143.13333333333333	142.87333333333333	142.84	142.93333333333334	142.9	142.91333333333333	142.82666666666665	142.86666666666667	142.98	142.93333333333334	142.92	142.91333333333333	142.90666666666667	142.95333333333335	142.90666666666667	142.82	143.0	143.03333333333333	142.81333333333333	143.1	143.05333333333334	142.88666666666666	142.68	141.34	135.14666666666668	0.0
0.0	135.38	141.41333333333333	142.54	142.93333333333334	143.24	143.04666666666665	143.18666666666667	143.21333333333334	143.10666666666665	143.06	142.94666666666666	142.92666666666668	143.08666666666667	143.14	142.92666666666668	143.25333333333333	143.39333333333335	143.16	143.19333333333333	143.18666666666667	142.94666666666666	143.08	143.14666666666668	143.02	143.02	143.00666666666666	143.14	143.33333333333334	143.22	143.12	143.33333333333334	143.16	143.18666666666667	143.1	143.11333333333334	143.14	143.28	143.15333333333334	143.12	143.28666666666666	143.36	142.96666666666667	143.15333333333334	143.37333333333333	143.08	143.16666666666666	143.12	143.14	143.28666666666666	142.95333333333335	143.28	143.3	143.34	143.08	143.20666666666668	142.96	142.92	143.11333333333334	143.07333333333332	143.00666666666666	143.18	143.18666666666667	143.32666666666665	143.16666666666666	143.21333333333334	143.06	143.16666666666666	143.10666666666665	142.84666666666666	141.32666666666665	135.29333333333332	0.0
0.0	135.24666666666667	141.50666666666666	142.50666666666666	143.18666666666667	143.16	143.14	143.04	143.18666666666667	143.17333333333335	143.38	143.26	143.10666666666665	143.15333333333334	143.27333333333334	143.17333333333335	143.12	143.32666666666665	143.42666666666668	143.45333333333335	142.85333333333332	143.07333333333332	143.11333333333334	143.02	143.28666666666666	143.38666666666666	143.19333333333333	143.14666666666668	142.98	143.26	143.06666666666666	143.21333333333334	143.05333333333334	143.19333333333333	143.12666666666667	143.00666666666666	143.21333333333334	143.18666666666667	142.78	143.18666666666667	143.09333333333333	142.93333333333334	143.18666666666667	143.02666666666667	143.04	143.16666666666666	143.07333333333332	143.05333333333334	143.29333333333332	143.31333333333333	143.31333333333333	143.17333333333335	142.94666666666666	143.06	142.98	143.1	142.84	143.31333333333333	143.16	143.20666666666668	143.23333333333332	143.16	143.02	143.24	143.22666666666666	143.25333333333333	143.00666666666666	142.77333333333334	142.96	142.53333333333333	141.26666666666668	135.06666666666666	0.0
0.0	135.21333333333334	141.22	142.39333333333335	143.02	142.77333333333334	142.95333333333335	142.91333333333333	143.03333333333333	143.29333333333332	142.92666666666668	142.98666666666668	142.91333333333333	142.80666666666667	142.82666666666665	142.88	143.16	143.03333333333333	142.8	143.03333333333333	142.82	142.86666666666667	142.72666666666666	142.86666666666667	143.10666666666665	142.91333333333333	143.16	143.00666666666666	142.75333333333333	143.12666666666667	142.83333333333334	142.95333333333335	142.88666666666666	142.88	143.00666666666666	143.13333333333333	143.16666666666666	142.94	142.82	142.88	142.81333333333333	142.78	143.2	142.99333333333334	142.94	143.09333333333333	142.74	143.04666666666665	143.00666666666666	142.97333333333333	143.07333333333332	142.94	142.78	142.84	142.85333333333332	142.94666666666666	142.96666666666667	143.18666666666667	142.78	143.04	143.07333333333332	142.90666666666667	142.96	142.92666666666668	142.99333333333334	143.10666666666665	143.13333333333333	142.70666666666668	142.87333333333333	142.36666666666667	141.22666666666666	135.32	0.0
0.0	134.84	140.82666666666665	142.54	143.08666666666667	142.91333333333333	143.04	142.95333333333335	142.99333333333334	143.00666666666666	143.10666666666665	143.04	143.16666666666666	143.15333333333334	143.10666666666665	143.08	143.02666666666667	143.06	143.01333333333332	142.99333333333334	142.9	143.16666666666666	142.86	142.92666666666668	143.04	142.87333333333333	142.85333333333332	142.99333333333334	143.21333333333334	142.9	143.01333333333332	143.11333333333334	142.79333333333332	143.16	143.13333333333333	143.16	142.98	143.06	142.94	143.14	142.92666666666668	142.82	143.01333333333332	143.23333333333332	142.94	142.83333333333334	142.92666666666668	143.12666666666667	142.96	143.07333333333332	142.78	142.93333333333334	142.92	143.11333333333334	142.95333333333335	142.94	142.97333333333333	143.02	143.14666666666668	143.13333333333333	143.09333333333333	143.08666666666667	142.94666666666666	142.9	142.82	142.75333333333333	142.98	142.92	142.83333333333334	142.4	141.28666666666666	135.05333333333334	0.0
0.0	135.14	141.03333333333333	142.60666666666665	142.90666666666667	142.97333333333333	142.86666666666667	143.04	142.99333333333334	143.03333333333333	142.90666666666667	142.92666666666668	142.92666666666668	142.90666666666667	142.98	143.15333333333334	143.1	143.23333333333332	142.97333333333333	142.86666666666667	142.99333333333334	143.08	142.93333333333334	143.09333333333333	142.95333333333335	142.98	143.02666666666667	142.82	143.03333333333333	142.98666666666668	142.62666666666667	142.88666666666666	143.18	142.95333333333335	143.20666666666668	142.99333333333334	143.03333333333333	142.82	142.92666666666668	143.01333333333332	143.1	142.99333333333334	142.90666666666667	143.00666666666666	142.90666666666667	142.88666666666666	143.00666666666666	143.07333333333332	143.00666666666666	142.84	142.97333333333333	142.97333333333333	143.12666666666667	142.90666666666667	143.0	142.94666666666666	143.06	142.83333333333334	142.9	143.07333333333332	143.11333333333334	143.03333333333333	143.06666666666666	142.97333333333333	142.92	143.06	142.94666666666666	142.92	142.82666666666665	142.57333333333332	141.12	134.96666666666667	0.0
0.0	135.27333333333334	141.41333333333333	142.5	142.78	142.92	142.77333333333334	142.84	142.94	142.8	142.70666666666668	142.91333333333333	142.72	142.72	143.12	142.88666666666666	142.86666666666667	142.86666666666667	142.91333333333333	142.84666666666666	143.04	142.85333333333332	142.79333333333332	142.74	142.82666666666665	142.92	142.72666666666666	142.97333333333333	142.79333333333332	142.84	142.66666666666666	142.99333333333334	142.86666666666667	142.92	142.96	143.0	142.94666666666666	142.95333333333335	142.76666666666668	143.0	142.86	143.16666666666666	142.89333333333335	142.73333333333332	142.88	142.98666666666668	142.68	143.17333333333335	143.0	142.94666666666666	142.9	142.91333333333333	142.66666666666666	143.07333333333332	143.0	142.98	142.94666666666666	142.72	142.77333333333334	142.76	142.84	142.76	142.85333333333332	142.82	142.90666666666667	142.88666666666666	142.84666666666666	142.94	142.68	142.44666666666666	141.21333333333334	134.84666666666666	0.0
0.0	135.27333333333334	141.26	142.3	142.76666666666668	142.74666666666667	142.9	143.09333333333333	142.94	142.75333333333333	143.09333333333333	143.04666666666665	143.22	142.91333333333333	142.88666666666666	142.95333333333335	142.74666666666667	142.87333333333333	142.99333333333334	143.01333333333332	142.91333333333333	142.94666666666666	143.12666666666667	143.07333333333332	142.99333333333334	142.73333333333332	142.79333333333332	142.93333333333334	142.82	142.97333333333333	143.13333333333333	142.84	142.84	142.7	142.82	143.01333333333332	142.96	142.86	142.96	142.76	142.62	143.07333333333332	142.94	143.02666666666667	142.84	142.86666666666667	142.96666666666667	142.84666666666666	143.06666666666666	142.90666666666667	143.12	143.00666666666666	142.82666666666665	143.00666666666666	142.88666666666666	142.76	142.79333333333332	142.71333333333334	142.71333333333334	143.12	142.97333333333333	142.99333333333334	142.96666666666667	143.18	142.89333333333335	142.90666666666667	143.1	142.94	142.79333333333332	142.41333333333333	141.26	134.95333333333335	0.0
0.0	135.08	140.91333333333333	142.4	142.90666666666667	142.84666666666666	142.80666666666667	142.91333333333333	143.01333333333332	143.05333333333334	143.18666666666667	142.99333333333334	142.88666666666666	142.96	143.06	143.0	142.98	142.95333333333335	143.09333333333333	142.83333333333334	142.88	142.96666666666667	142.84666666666666	143.15333333333334	142.80666666666667	142.94666666666666	142.84666666666666	143.19333333333333	143.02	143.0	142.72	142.9	142.82666666666665	142.78666666666666	143.10666666666665	142.94666666666666	143.12	143.02	142.92666666666668	143.02	143.04666666666665	142.97333333333333	142.90666666666667	142.95333333333335	143.09333333333333	143.04	143.05333333333334	142.87333333333333	143.02666666666667	143.09333333333333	143.18666666666667	143.05333333333334	142.96	142.92	143.19333333333333	143.20666666666668	142.96666666666667	142.93333333333334	142.96666666666667	143.06	143.16666666666666	143.02666666666667	143.02	142.97333333333333	143.07333333333332	142.95333333333335	143.19333333333333	142.86	142.8	142.55333333333334	141.05333333333334	135.52	0.0
0.0	135.39333333333335	141.06666666666666	142.38	142.70666666666668	142.78	142.94	142.85333333333332	142.78	142.61333333333334	142.68	142.83333333333334	143.05333333333334	142.66666666666666	143.03333333333333	142.88	142.86666666666667	142.61333333333334	142.66	143.06	142.92666666666668	142.90666666666667	142.83333333333334	142.76666666666668	142.71333333333334	142.73333333333332	142.68	142.81333333333333	143.26666666666668	142.87333333333333	142.88666666666666	143.10666666666665	142.92	143.16666666666666	142.88666666666666	142.95333333333335	142.71333333333334	142.9	143.00666666666666	142.88666666666666	142.98	142.8	142.53333333333333	142.66	142.76	142.76666666666668	142.86	142.7	142.87333333333333	143.02	142.64666666666668	142.70666666666668	142.84	143.01333333333332	142.92666666666668	142.73333333333332	142.68666666666667	142.80666666666667	142.77333333333334	142.96666666666667	142.92666666666668	143.14	143.00666666666666	142.6	142.96	142.87333333333333	142.62666666666667	142.7	143.02	142.4	141.14666666666668	135.04	0.0
0.0	135.17333333333335	141.25333333333333	142.67333333333335	142.98	143.07333333333332	143.25333333333333	143.16	143.21333333333334	143.11333333333334	143.06666666666666	143.04	143.16	143.04666666666665	143.40666666666667	142.88	142.99333333333334	143.02	143.24	142.96666666666667	143.28666666666666	143.04666666666665	143.32666666666665	143.04	143.08	143.1	142.89333333333335	142.97333333333333	143.28	142.97333333333333	143.1	143.14666666666668	143.23333333333332	143.28666666666666	143.02	143.22666666666666	143.11333333333334	143.04666666666665	143.17333333333335	143.10666666666665	143.12	143.14666666666668	143.26666666666668	143.06	143.0	143.14666666666668	142.90666666666667	143.09333333333333	142.87333333333333	143.04666666666665	143.01333333333332	142.99333333333334	142.96666666666667	142.92	142.85333333333332	143.0	142.92666666666668	143.14	143.21333333333334	143.42666666666668	143.24666666666667	143.19333333333333	142.88	142.9	143.19333333333333	142.98666666666668	142.94666666666666	142.9	142.85333333333332	142.4	141.25333333333333	135.25333333333333	0.0
0.0	134.9	141.18666666666667	142.41333333333333	142.90666666666667	142.97333333333333	143.10666666666665	142.88666666666666	143.00666666666666	142.76666666666668	142.91333333333333	142.88	142.94	142.82666666666665	142.88666666666666	142.94	142.85333333333332	142.98666666666668	143.14666666666668	142.88666666666666	143.18666666666667	142.98	142.9	142.83333333333334	142.91333333333333	142.82	142.83333333333334	142.94	142.97333333333333	142.81333333333333	142.97333333333333	142.72666666666666	142.91333333333333	142.94	142.85333333333332	142.96666666666667	142.95333333333335	142.97333333333333	143.0	143.02666666666667	143.0	143.00666666666666	142.87333333333333	143.04666666666665	142.92666666666668	142.82	142.87333333333333	142.77333333333334	142.80666666666667	142.99333333333334	142.95333333333335	142.68	142.94666666666666	143.04666666666665	143.11333333333334	143.02666666666667	143.00666666666666	142.82666666666665	143.10666666666665	142.88	142.78	142.77333333333334	143.12666666666667	142.60666666666665	142.86	142.99333333333334	142.74666666666667	142.79333333333332	142.82666666666665	142.24	141.12666666666667	135.34	0.0
0.0	135.05333333333334	140.96	142.29333333333332	143.01333333333332	142.96	142.92666666666668	142.82	142.81333333333333	142.88666666666666	143.04	142.92666666666668	142.81333333333333	142.71333333333334	142.78666666666666	142.89333333333335	142.76666666666668	142.88	142.76666666666668	143.00666666666666	142.97333333333333	142.82666666666665	142.76666666666668	143.08666666666667	142.97333333333333	143.04	142.9	142.86	142.94666666666666	143.12666666666667	142.89333333333335	142.58666666666667	142.9	142.75333333333333	142.96666666666667	142.9	142.85333333333332	142.79333333333332	142.84666666666666	142.94	142.92	142.66666666666666	142.76666666666668	142.73333333333332	142.82666666666665	142.86	142.87333333333333	142.78666666666666	143.06666666666666	142.92	142.70666666666668	142.95333333333335	142.75333333333333	142.82	142.84666666666666	143.06	142.93333333333334	143.00666666666666	143.04666666666665	143.09333333333333	142.94	142.85333333333332	142.82	143.00666666666666	142.93333333333334	142.84666666666666	142.89333333333335	142.77333333333334	142.72666666666666	142.30666666666667	141.06	134.93333333333334	0.0
0.0	135.5	141.34666666666666	142.62	143.05333333333334	143.2	143.26	143.12	143.16666666666666	143.32666666666665	143.2	143.04	143.23333333333332	143.21333333333334	143.11333333333334	143.21333333333334	143.18	143.23333333333332	143.28	143.14666666666668	143.22666666666666	143.10666666666665	143.19333333333333	143.34666666666666	142.94	143.24	143.06666666666666	143.10666666666665	143.04	143.24666666666667	143.22666666666666	143.04	143.15333333333334	143.07333333333332	143.2	143.1	143.08	143.16	143.3	143.37333333333333	143.32	143.21333333333334	143.31333333333333	143.31333333333333	143.14666666666668	143.19333333333333	143.00666666666666	143.07333333333332	142.96666666666667	143.16666666666666	143.24	143.38666666666666	143.38	143.23333333333332	143.26666666666668	143.08	143.11333333333334	143.29333333333332	142.98666666666668	143.24	143.39333333333335	143.16666666666666	143.31333333333333	143.23333333333332	142.90666666666667	143.18	143.12666666666667	143.12666666666667	143.29333333333332	142.85333333333332	141.36666666666667	135.18666666666667	0.0
0.0	135.46666666666667	141.31333333333333	142.41333333333333	142.97333333333333	142.93333333333334	142.89333333333335	142.94666666666666	142.86666666666667	142.93333333333334	143.10666666666665	143.16	142.96	142.94666666666666	142.86	142.92666666666668	143.02666666666667	143.01333333333332	143.07333333333332	142.92	143.08666666666667	143.12666666666667	142.99333333333334	142.93333333333334	143.06666666666666	143.04666666666665	143.06	143.08666666666667	142.91333333333333	143.19333333333333	143.02666666666667	142.98666666666668	142.94666666666666	143.18666666666667	143.09333333333333	142.89333333333335	143.03333333333333	142.88666666666666	142.63333333333333	142.94	143.06	142.8	142.99333333333334	142.99333333333334	143.10666666666665	143.04	142.93333333333334	142.78666666666666	143.09333333333333	143.1	143.05333333333334	143.03333333333333	143.02	142.97333333333333	143.05333333333334	143.12	142.96666666666667	142.77333333333334	142.92666666666668	142.81333333333333	143.05333333333334	142.9	142.85333333333332	142.75333333333333	143.02666666666667	142.97333333333333	142.99333333333334	143.13333333333333	142.68666666666667	142.47333333333333	141.16	135.30666666666667	0.0
0.0	134.86	141.34	142.91333333333333	143.1	143.02	143.01333333333332	143.06666666666666	142.95333333333335	143.0	143.27333333333334	143.09333333333333	143.04	143.12666666666667	143.32	143.26	143.04	143.13333333333333	143.12666666666667	143.17333333333335	143.07333333333332	143.12	143.16	143.15333333333334	143.05333333333334	143.16	143.24666666666667	142.96666666666667	143.15333333333334	143.18666666666667	142.98	143.0	143.02666666666667	143.15333333333334	143.14666666666668	143.16	143.18	143.1	143.17333333333335	143.02666666666667	143.1	143.06666666666666	143.19333333333333	143.25333333333333	143.16666666666666	143.14666666666668	143.06666666666666	143.07333333333332	142.76666666666668	142.91333333333333	143.06666666666666	142.88	142.96	143.16666666666666	143.26666666666668	143.14	143.02666666666667	143.17333333333335	143.23333333333332	142.85333333333332	143.13333333333333	143.34	143.04666666666665	142.90666666666667	143.04666666666665	143.28	142.95333333333335	142.96666666666667	142.76666666666668	142.51333333333332	141.48666666666668	135.22666666666666	0.0
0.0	135.04	140.92666666666668	142.16666666666666	142.62	142.66	142.91333333333333	142.68666666666667	142.86666666666667	142.77333333333334	142.86	142.87333333333333	142.64666666666668	142.79333333333332	142.67333333333335	142.74	142.74666666666667	142.82	142.91333333333333	142.74	142.80666666666667	142.65333333333334	142.74666666666667	142.73333333333332	142.71333333333334	142.59333333333333	142.94666666666666	142.52	142.92666666666668	142.97333333333333	142.72666666666666	142.62	142.71333333333334	142.76666666666668	142.94666666666666	142.74666666666667	142.8	142.86	142.73333333333332	142.74666666666667	142.75333333333333	142.58666666666667	142.83333333333334	142.99333333333334	142.74	142.62666666666667	142.60666666666665	142.81333333333333	142.58	142.67333333333335	142.76666666666668	142.84	142.84	142.93333333333334	142.66	142.62666666666667	142.64	142.81333333333333	142.62666666666667	142.74	142.69333333333333	142.92	142.79333333333332	142.72666666666666	142.78666666666666	142.71333333333334	142.84	142.59333333333333	142.62666666666667	142.30666666666667	141.05333333333334	134.84	0.0
0.0	135.43333333333334	141.08	142.73333333333332	143.06	143.0	143.04	143.08666666666667	143.18	143.01333333333332	143.29333333333332	143.09333333333333	143.34	143.09333333333333	143.12	143.27333333333334	143.00666666666666	143.05333333333334	143.17333333333335	143.10666666666665	143.09333333333333	143.28	142.91333333333333	143.09333333333333	143.14666666666668	143.27333333333334	143.02	143.28666666666666	143.11333333333334	143.24666666666667	143.08666666666667	143.32666666666665	143.07333333333332	143.34	143.1	143.15333333333334	143.19333333333333	143.15333333333334	143.2	143.05333333333334	142.98	143.26	143.10666666666665	143.02666666666667	143.14666666666668	143.16666666666666	143.0	143.05333333333334	142.9	143.01333333333332	143.04666666666665	143.25333333333333	142.92666666666668	143.05333333333334	142.90666666666667	143.09333333333333	143.02666666666667	143.02666666666667	143.36666666666667	142.98666666666668	143.26	143.14	143.23333333333332	143.05333333333334	142.9	143.07333333333332	143.08666666666667	142.86666666666667	142.82	142.62	141.20666666666668	135.38666666666666	0.0
0.0	135.26	141.11333333333334	142.84	142.9	142.86666666666667	142.91333333333333	143.1	143.01333333333332	142.86	143.28	143.08	143.13333333333333	142.97333333333333	143.08666666666667	142.73333333333332	143.00666666666666	142.96666666666667	143.11333333333334	143.15333333333334	143.02666666666667	142.99333333333334	143.17333333333335	143.00666666666666	142.98666666666668	143.19333333333333	143.07333333333332	143.12666666666667	143.02666666666667	143.16666666666666	143.06666666666666	143.02	143.26	143.16	143.09333333333333	143.28	143.08666666666667	143.19333333333333	142.90666666666667	143.22666666666666	143.14666666666668	143.12666666666667	143.09333333333333	143.27333333333334	143.1	143.10666666666665	143.11333333333334	143.14	143.22	143.07333333333332	142.98	142.91333333333333	143.22	143.1	143.08	143.0	143.17333333333335	143.04666666666665	142.99333333333334	142.79333333333332	143.06	142.95333333333335	143.10666666666665	143.10666666666665	143.21333333333334	143.32	143.07333333333332	142.96666666666667	142.72	142.61333333333334	141.35333333333332	135.41333333333333	0.0
0.0	135.04	140.97333333333333	142.39333333333335	142.73333333333332	142.84666666666666	143.08666666666667	142.69333333333333	142.96	142.76666666666668	142.94	142.90666666666667	142.81333333333333	142.79333333333332	142.9	142.91333333333333	142.88	142.86	142.84	142.90666666666667	142.76666666666668	142.82666666666665	142.92	142.68666666666667	142.9	142.88666666666666	142.96	143.05333333333334	143.03333333333333	142.90666666666667	142.8	142.92	142.94666666666666	142.89333333333335	142.9	143.06666666666666	143.02666666666667	142.86	142.87333333333333	142.72666666666666	142.79333333333332	142.7	142.42	142.90666666666667	142.85333333333332	142.95333333333335	142.84	142.91333333333333	142.92	142.67333333333335	142.68	143.06	143.00666666666666	142.92666666666668	142.8	142.84	143.01333333333332	142.83333333333334	142.78666666666666	142.74	142.86	142.9	143.0	142.88	142.98	142.94	142.60666666666665	142.78	142.76666666666668	142.38666666666666	140.97333333333333	134.95333333333335	0.0
0.0	134.45333333333335	141.35333333333332	142.48666666666668	143.12666666666667	142.98666666666668	143.11333333333334	142.92666666666668	143.09333333333333	142.98	142.86	143.16666666666666	143.16666666666666	143.06	143.14	143.22666666666666	143.33333333333334	143.02	143.31333333333333	143.12	142.92666666666668	143.14666666666668	143.02	143.01333333333332	143.18666666666667	143.12666666666667	142.97333333333333	143.09333333333333	143.14	143.14666666666668	143.04666666666665	143.07333333333332	143.18	143.10666666666665	143.12	143.23333333333332	142.98666666666668	142.91333333333333	142.92666666666668	143.09333333333333	142.78	142.97333333333333	143.10666666666665	142.94666666666666	143.19333333333333	143.23333333333332	142.97333333333333	143.05333333333334	143.24666666666667	143.08666666666667	143.0	143.07333333333332	142.91333333333333	143.13333333333333	143.32666666666665	142.92	142.97333333333333	143.15333333333334	142.92666666666668	142.93333333333334	142.91333333333333	143.16666666666666	143.02	143.18666666666667	143.22	143.08	142.88666666666666	142.95333333333335	142.94666666666666	142.3	141.10666666666665	135.34666666666666	0.0
0.0	135.64	141.55333333333334	142.56666666666666	142.91333333333333	143.08666666666667	143.08666666666667	143.05333333333334	143.25333333333333	143.00666666666666	142.87333333333333	143.09333333333333	143.08	143.28666666666666	143.01333333333332	143.18	143.10666666666665	143.27333333333334	142.77333333333334	142.96	143.03333333333333	143.07333333333332	143.41333333333333	143.08	143.12	143.12	143.07333333333332	142.91333333333333	143.05333333333334	143.21333333333334	143.24666666666667	143.10666666666665	143.08	143.24	143.24	143.26	143.12666666666667	143.11333333333334	143.16666666666666	142.97333333333333	142.81333333333333	143.28666666666666	143.24666666666667	142.98	143.42	143.34	143.24	143.03333333333333	143.06666666666666	142.93333333333334	142.98666666666668	143.10666666666665	143.16	143.08	143.05333333333334	143.01333333333332	142.92666666666668	143.28	143.10666666666665	142.89333333333335	143.19333333333333	143.04	143.24666666666667	143.12	143.16	143.34	143.04666666666665	142.97333333333333	142.76666666666668	142.49333333333334	141.14	135.1	0.0
0.0	135.39333333333335	141.27333333333334	142.74666666666667	142.88	142.80666666666667	142.94	142.88	143.12666666666667	143.2	143.06666666666666	143.12	143.14666666666668	143.40666666666667	143.22	143.15333333333334	143.04666666666665	143.13333333333333	142.97333333333333	142.93333333333334	143.27333333333334	143.03333333333333	143.12	143.09333333333333	143.16	143.06666666666666	143.06	143.24	143.02	143.16666666666666	143.06	143.01333333333332	143.01333333333332	142.84	143.14666666666668	143.0	143.08666666666667	143.44666666666666	143.28	143.07333333333332	143.02666666666667	143.1	143.25333333333333	143.14666666666668	143.14666666666668	143.08666666666667	143.01333333333332	143.08666666666667	143.16666666666666	143.15333333333334	143.2	143.29333333333332	143.16	143.04666666666665	143.11333333333334	143.0	143.07333333333332	143.06	143.11333333333334	143.23333333333332	143.05333333333334	142.98666666666668	143.13333333333333	143.06666666666666	143.28666666666666	143.06	143.11333333333334	143.0	143.04	142.56666666666666	141.12666666666667	135.07333333333332	0.0
0.0	135.24666666666667	141.31333333333333	142.24	142.70666666666668	143.0	143.16	143.01333333333332	143.12666666666667	142.83333333333334	143.42	142.92666666666668	143.22	143.41333333333333	142.98	143.10666666666665	143.22	142.99333333333334	143.04	143.19333333333333	143.14	142.89333333333335	143.18666666666667	143.16	143.30666666666667	142.93333333333334	143.11333333333334	143.11333333333334	143.28666666666666	143.11333333333334	143.05333333333334	143.08	142.82666666666665	143.01333333333332	143.18666666666667	143.11333333333334	142.98	143.18666666666667	142.94	143.14666666666668	143.16	143.10666666666665	142.86	142.91333333333333	143.04666666666665	143.24666666666667	143.05333333333334	143.25333333333333	143.1	143.0	143.03333333333333	142.96	143.13333333333333	143.04	143.26666666666668	143.1	143.1	142.98	142.88	142.86	143.12	143.31333333333333	143.00666666666666	142.98	143.18	143.14	143.05333333333334	143.05333333333334	142.81333333333333	142.46	141.28	135.18666666666667	0.0
0.0	135.03333333333333	141.1	142.23333333333332	142.88666666666666	142.62	142.77333333333334	142.63333333333333	142.82666666666665	142.56	142.69333333333333	142.82	142.79333333333332	142.76666666666668	142.74	142.78666666666666	143.06	142.72	142.83333333333334	142.73333333333332	142.75333333333333	142.59333333333333	142.7	142.68666666666667	142.73333333333332	143.01333333333332	142.78	142.77333333333334	142.76666666666668	142.64666666666668	142.83333333333334	142.62	142.86666666666667	142.73333333333332	142.68666666666667	142.86	142.96666666666667	142.44	142.56666666666666	142.56666666666666	142.62666666666667	142.66	142.68666666666667	142.67333333333335	142.79333333333332	143.18666666666667	142.76	142.82	142.68666666666667	142.79333333333332	142.67333333333335	142.72	142.84666666666666	143.03333333333333	142.73333333333332	142.64	142.89333333333335	142.84	142.63333333333333	142.72666666666666	142.70666666666668	142.81333333333333	142.74666666666667	142.88666666666666	142.7	142.68	142.59333333333333	142.84666666666666	142.72666666666666	142.31333333333333	141.05333333333334	135.04	0.0
0.0	135.25333333333333	141.19333333333333	142.67333333333335	143.06666666666666	142.9	143.16	143.12666666666667	143.18666666666667	143.14666666666668	143.11333333333334	143.12	143.07333333333332	143.04666666666665	143.34666666666666	143.18	143.05333333333334	143.0	142.86	143.0	143.04666666666665	143.22	143.27333333333334	143.27333333333334	143.06666666666666	143.16666666666666	143.08	143.02666666666667	143.2	143.2	143.00666666666666	143.24	143.20666666666668	143.14	143.10666666666665	143.16666666666666	143.15333333333334	143.08	143.08666666666667	143.08666666666667	143.16666666666666	143.47333333333333	143.3	143.15333333333334	143.25333333333333	143.26666666666668	143.10666666666665	143.00666666666666	143.08666666666667	143.04666666666665	142.98666666666668	143.3	143.22666666666666	143.06666666666666	143.16	143.14	143.06666666666666	142.92	143.22666666666666	143.20666666666668	143.04	143.21333333333334	143.22666666666666	143.18666666666667	143.36	143.04666666666665	143.13333333333333	143.06	142.88666666666666	142.87333333333333	141.48	135.25333333333333	0.0
0.0	135.08	141.12	142.38666666666666	142.72666666666666	142.96	142.96	142.87333333333333	142.96	142.85333333333332	142.90666666666667	143.14	142.98666666666668	142.86	142.82666666666665	142.92666666666668	142.81333333333333	142.79333333333332	142.95333333333335	142.97333333333333	142.86666666666667	143.01333333333332	142.96666666666667	143.11333333333334	143.1	142.94666666666666	142.89333333333335	142.78666666666666	142.91333333333333	142.77333333333334	142.76	142.98666666666668	142.81333333333333	142.98	142.60666666666665	142.88666666666666	143.11333333333334	142.84666666666666	143.13333333333333	142.84	142.78666666666666	142.90666666666667	143.22666666666666	142.88666666666666	142.90666666666667	142.92	142.81333333333333	142.83333333333334	142.86	142.85333333333332	142.89333333333335	142.88	142.68666666666667	142.76	142.91333333333333	143.02	143.22	142.84	143.00666666666666	143.04666666666665	142.91333333333333	142.85333333333332	143.09333333333333	142.92666666666668	143.10666666666665	143.04	143.09333333333333	142.9	142.66666666666666	142.46	141.32	135.22	0.0
0.0	134.98	141.08	142.46666666666667	142.52	142.47333333333333	142.87333333333333	142.79333333333332	142.78666666666666	142.94666666666666	142.86666666666667	142.77333333333334	142.83333333333334	142.72	142.59333333333333	142.74	142.85333333333332	142.70666666666668	142.82666666666665	142.91333333333333	142.93333333333334	142.72	142.84666666666666	142.89333333333335	142.84	142.82	142.86666666666667	142.92	142.88	142.74666666666667	143.12	143.1	142.92666666666668	142.72	143.0	142.82	142.94	142.64666666666668	143.08	142.76	143.07333333333332	143.08	142.96666666666667	142.74	143.08666666666667	142.83333333333334	142.54	142.72	142.9	142.79333333333332	143.01333333333332	142.72666666666666	142.80666666666667	142.83333333333334	143.11333333333334	142.79333333333332	142.86	142.97333333333333	142.74	142.88666666666666	142.68666666666667	142.90666666666667	142.79333333333332	142.64666666666668	142.91333333333333	142.78	142.96	142.7	142.68	142.41333333333333	141.19333333333333	134.92666666666668	0.0
0.0	135.30666666666667	141.44	142.64	142.94	143.08666666666667	143.06	142.95333333333335	143.08666666666667	143.01333333333332	143.08	142.98666666666668	143.10666666666665	143.18666666666667	143.17333333333335	143.16666666666666	142.89333333333335	142.86666666666667	143.24	143.03333333333333	143.17333333333335	143.26	143.16	142.96666666666667	143.14	143.23333333333332	143.02666666666667	143.28666666666666	143.13333333333333	142.98	143.03333333333333	142.97333333333333	143.18	143.04666666666665	143.18	143.18666666666667	143.26	142.84	142.92	142.96666666666667	143.02	143.23333333333332	143.04	143.03333333333333	143.17333333333335	143.14	143.00666666666666	143.06666666666666	143.18	143.05333333333334	143.19333333333333	143.1	142.86	143.02	142.98666666666668	143.07333333333332	143.16666666666666	143.11333333333334	143.19333333333333	143.08666666666667	143.07333333333332	143.22666666666666	143.1	143.07333333333332	143.22	143.0	142.98666666666668	143.00666666666666	142.69333333333333	142.68	141.49333333333334	135.36666666666667	0.0
0.0	135.40666666666667	141.41333333333333	142.68	142.96666666666667	142.78666666666666	142.88666666666666	143.15333333333334	143.1	142.98	142.79333333333332	142.92	143.12666666666667	143.24666666666667	142.93333333333334	143.02666666666667	143.14	143.3	143.10666666666665	142.92666666666668	142.89333333333335	142.90666666666667	143.16666666666666	143.02666666666667	143.28	143.06	143.05333333333334	143.08	142.92666666666668	143.1	142.99333333333334	143.10666666666665	143.32	143.0	143.08666666666667	143.09333333333333	143.05333333333334	142.91333333333333	143.2	143.02	143.04666666666665	142.93333333333334	142.84	143.05333333333334	143.00666666666666	143.29333333333332	143.05333333333334	143.08666666666667	142.97333333333333	143.27333333333334	142.8	143.08	142.94666666666666	143.02666666666667	143.10666666666665	142.97333333333333	143.22	143.06666666666666	143.09333333333333	143.35333333333332	143.0	143.13333333333333	142.86666666666667	142.92666666666668	142.91333333333333	142.96	143.22	143.17333333333335	142.77333333333334	142.5	141.36666666666667	135.15333333333334	0.0
0.0	135.29333333333332	141.04666666666665	142.46	142.97333333333333	142.72	142.96666666666667	142.68	142.60666666666665	142.82666666666665	142.80666666666667	142.82666666666665	142.76666666666668	142.89333333333335	142.84	142.52666666666667	142.61333333333334	142.54	142.84	143.18	142.82	142.90666666666667	142.83333333333334	143.03333333333333	142.93333333333334	142.91333333333333	142.91333333333333	142.84666666666666	142.87333333333333	142.95333333333335	142.93333333333334	142.87333333333333	142.77333333333334	142.90666666666667	143.08666666666667	143.06	142.95333333333335	142.88666666666666	142.99333333333334	142.7	142.92	143.09333333333333	142.77333333333334	142.83333333333334	142.77333333333334	143.01333333333332	143.03333333333333	142.78666666666666	142.84666666666666	142.89333333333335	142.96	142.96	143.08	142.67333333333335	142.86	142.74	143.1	142.85333333333332	142.88	142.92666666666668	142.96666666666667	142.96	142.82666666666665	142.88	142.85333333333332	142.94	143.01333333333332	142.72666666666666	142.82	142.49333333333334	141.18	135.51333333333332	0.0
0.0	135.32666666666665	141.47333333333333	142.4	142.98	142.75333333333333	142.92666666666668	142.94	143.2	143.16	143.09333333333333	142.92	142.92666666666668	142.92	142.80666666666667	143.0	142.78666666666666	142.90666666666667	142.81333333333333	142.88	142.86666666666667	142.98	142.89333333333335	142.93333333333334	142.94666666666666	142.95333333333335	143.00666666666666	142.94666666666666	143.02	143.00666666666666	143.01333333333332	143.12	142.84666666666666	142.95333333333335	142.95333333333335	143.10666666666665	142.87333333333333	142.9	142.80666666666667	143.02	142.9	143.02	143.04666666666665	143.04666666666665	143.03333333333333	143.02666666666667	143.02	142.92666666666668	143.1	142.97333333333333	142.90666666666667	142.86	143.07333333333332	142.96666666666667	143.06666666666666	143.12	143.01333333333332	142.89333333333335	142.88666666666666	142.93333333333334	142.82	142.94666666666666	142.74	142.83333333333334	142.86666666666667	143.08	142.83333333333334	142.6	142.77333333333334	142.59333333333333	141.06	134.90666666666667	0.0
0.0	135.22666666666666	140.86	142.02666666666667	142.49333333333334	142.69333333333333	142.74	142.70666666666668	142.70666666666668	142.45333333333335	142.55333333333334	142.64	142.77333333333334	142.72666666666666	142.76666666666668	143.00666666666666	143.03333333333333	142.83333333333334	142.68666666666667	142.86666666666667	142.97333333333333	142.78666666666666	142.90666666666667	142.8	142.87333333333333	142.74666666666667	142.82666666666665	142.80666666666667	142.72	142.63333333333333	142.8	142.60666666666665	143.00666666666666	142.81333333333333	142.68	142.86	142.84666666666666	142.60666666666665	142.6	142.75333333333333	142.54666666666665	142.82	142.79333333333332	142.68	142.60666666666665	142.70666666666668	142.78666666666666	142.66666666666666	142.71333333333334	142.63333333333333	142.69333333333333	142.84	142.75333333333333	142.82	142.80666666666667	142.72	142.72666666666666	143.00666666666666	142.82	142.62	142.89333333333335	143.06	142.76	142.67333333333335	142.88	142.8	142.80666666666667	142.70666666666668	142.61333333333334	142.11333333333334	140.88	134.66	0.0
0.0	134.95333333333335	141.54666666666665	142.62666666666667	143.18666666666667	143.13333333333333	143.05333333333334	143.28	143.14	143.01333333333332	143.16	143.15333333333334	143.32666666666665	143.36666666666667	143.43333333333334	143.16	143.40666666666667	143.23333333333332	143.10666666666665	143.10666666666665	143.15333333333334	143.35333333333332	143.18666666666667	143.14	143.22666666666666	143.15333333333334	143.10666666666665	143.17333333333335	143.23333333333332	142.96666666666667	143.03333333333333	143.2	142.93333333333334	143.20666666666668	143.36	143.09333333333333	143.16666666666666	143.28	143.26666666666668	143.17333333333335	143.12	143.35333333333332	143.32	143.42666666666668	143.09333333333333	143.33333333333334	143.18	143.30666666666667	143.34666666666666	143.03333333333333	143.23333333333332	143.20666666666668	143.20666666666668	143.28	143.16	143.18	143.12	143.14	143.1	143.22666666666666	143.34666666666666	143.36	143.22666666666666	143.10666666666665	143.16666666666666	143.35333333333332	143.12666666666667	143.18	142.76666666666668	142.72666666666666	141.81333333333333	135.13333333333333	0.0
0.0	135.19333333333333	141.12	142.42666666666668	142.62666666666667	142.96	142.92666666666668	142.77333333333334	142.94	142.87333333333333	142.95333333333335	143.18666666666667	142.8	142.92666666666668	143.00666666666666	142.9	142.86	142.92	142.90666666666667	143.22	142.91333333333333	143.04	143.02	142.89333333333335	142.82666666666665	142.73333333333332	142.92666666666668	142.69333333333333	142.87333333333333	142.78666666666666	143.1	142.94	142.94	143.23333333333332	142.98666666666668	142.94666666666666	142.72	142.79333333333332	142.98666666666668	142.89333333333335	142.7	143.04666666666665	143.02666666666667	143.05333333333334	142.88	142.99333333333334	142.96	142.96	142.74666666666667	142.76666666666668	143.07333333333332	142.90666666666667	143.04	142.92	143.03333333333333	142.79333333333332	142.95333333333335	142.80666666666667	142.86666666666667	142.69333333333333	143.10666666666665	142.74	143.03333333333333	143.03333333333333	142.70666666666668	143.02666666666667	142.80666666666667	142.84666666666666	142.8	142.52	141.16666666666666	135.14	0.0
0.0	135.23333333333332	141.1	142.35333333333332	142.85333333333332	142.97333333333333	142.85333333333332	143.02666666666667	142.82666666666665	142.74666666666667	142.86666666666667	143.11333333333334	142.74	142.93333333333334	142.85333333333332	143.10666666666665	142.96	142.94	142.90666666666667	142.84666666666666	143.15333333333334	142.86	143.07333333333332	143.2	143.08	143.18666666666667	142.84666666666666	143.05333333333334	142.88666666666666	142.88	143.04666666666665	142.98	142.84666666666666	142.94666666666666	142.69333333333333	142.94	142.98	143.03333333333333	142.92	142.82	142.93333333333334	142.74	142.94	142.91333333333333	142.99333333333334	142.75333333333333	142.86666666666667	143.00666666666666	142.79333333333332	142.84	142.76	142.76666666666668	143.01333333333332	142.94	142.78666666666666	143.02	143.03333333333333	142.83333333333334	142.98	142.81333333333333	142.97333333333333	142.81333333333333	142.86666666666667	142.84666666666666	142.91333333333333	142.8	142.89333333333335	142.84	142.7	142.12666666666667	141.40666666666667	135.4	0.0
0.0	135.09333333333333	141.12666666666667	142.52666666666667	142.91333333333333	142.83333333333334	142.84	143.04	142.84666666666666	143.04	142.84	142.84666666666666	142.90666666666667	142.85333333333332	142.97333333333333	142.9	142.98	142.94	142.73333333333332	142.72666666666666	142.85333333333332	142.85333333333332	143.05333333333334	142.91333333333333	142.90666666666667	142.97333333333333	143.09333333333333	142.98	143.24	143.05333333333334	143.07333333333332	142.95333333333335	142.93333333333334	143.13333333333333	142.82666666666665	142.84	143.04	143.08666666666667	143.12666666666667	142.89333333333335	143.16	142.88666666666666	142.93333333333334	142.99333333333334	142.96	142.87333333333333	142.86	142.98	142.99333333333334	142.8	142.98666666666668	142.93333333333334	142.90666666666667	142.94666666666666	143.02	143.00666666666666	142.88666666666666	142.86	142.62666666666667	142.84	142.99333333333334	143.02	142.79333333333332	143.04666666666665	143.0	143.12666666666667	142.84666666666666	143.00666666666666	142.77333333333334	142.50666666666666	141.19333333333333	135.6	0.0
0.0	135.04	141.13333333333333	142.45333333333335	142.86666666666667	142.93333333333334	142.90666666666667	142.99333333333334	143.02666666666667	143.17333333333335	143.07333333333332	143.07333333333332	143.00666666666666	143.2	143.02	143.02666666666667	143.02	143.11333333333334	143.26666666666668	143.14	142.98	143.02666666666667	143.05333333333334	143.01333333333332	143.02666666666667	142.85333333333332	142.96	143.16	143.17333333333335	142.99333333333334	143.14	143.08666666666667	143.1	142.93333333333334	142.89333333333335	142.96666666666667	143.07333333333332	143.0	143.06	143.03333333333333	143.26	142.98666666666668	142.94666666666666	142.76666666666668	142.96	143.1	142.98	143.08	143.15333333333334	143.04666666666665	142.92666666666668	142.85333333333332	143.08	142.98666666666668	142.78666666666666	142.93333333333334	142.84666666666666	143.20666666666668	143.06	143.01333333333332	142.98	142.94	142.98666666666668	143.02666666666667	143.06	143.01333333333332	142.88666666666666	143.02666666666667	142.69333333333333	142.21333333333334	141.15333333333334	135.12	0.0
0.0	135.19333333333333	141.09333333333333	142.12	142.77333333333334	142.98	142.68666666666667	142.77333333333334	142.88	142.96	142.85333333333332	142.49333333333334	142.68	142.76	142.80666666666667	142.94	142.81333333333333	142.64666666666668	142.72666666666666	142.79333333333332	142.70666666666668	142.89333333333335	142.90666666666667	142.61333333333334	142.82	142.88	142.9	142.96666666666667	142.98	142.94	142.62666666666667	142.8	142.9	142.86666666666667	142.71333333333334	142.84	142.80666666666667	142.8	142.81333333333333	142.74666666666667	142.7	142.66	142.73333333333332	142.97333333333333	142.58666666666667	142.64666666666668	142.74	142.85333333333332	142.8	142.61333333333334	142.76	142.92	142.66666666666666	142.8	142.88666666666666	142.80666666666667	142.76	143.01333333333332	142.75333333333333	142.72	142.80666666666667	142.87333333333333	142.89333333333335	142.81333333333333	143.04	142.68	142.82666666666665	142.74666666666667	142.88	142.3	140.80666666666667	135.2	0.0
0.0	135.28666666666666	141.09333333333333	142.46	142.68666666666667	142.74666666666667	142.60666666666665	142.61333333333334	142.9	142.82	142.80666666666667	143.02666666666667	142.89333333333335	142.92666666666668	143.22	142.81333333333333	142.71333333333334	142.75333333333333	143.02666666666667	142.96	142.86666666666667	142.80666666666667	142.67333333333335	142.90666666666667	142.82	143.00666666666666	143.04	143.06	142.99333333333334	142.99333333333334	142.93333333333334	142.72	142.88	142.77333333333334	142.86	142.8	142.72666666666666	142.92	142.88666666666666	142.98666666666668	142.92	142.94666666666666	142.82	142.76	142.72666666666666	142.80666666666667	142.79333333333332	142.71333333333334	142.7	142.78	142.98	142.96666666666667	142.96666666666667	143.11333333333334	143.05333333333334	143.08	142.81333333333333	142.69333333333333	142.77333333333334	142.70666666666668	142.92666666666668	142.70666666666668	142.64666666666668	143.01333333333332	142.72	142.85333333333332	142.67333333333335	142.77333333333334	142.75333333333333	142.48	141.07333333333332	135.2	0.0
0.0	135.21333333333334	141.08	142.42666666666668	142.74666666666667	142.76	142.72666666666666	142.86666666666667	142.90666666666667	142.91333333333333	142.79333333333332	143.04666666666665	142.94666666666666	142.98	143.16	143.16666666666666	142.95333333333335	142.88666666666666	143.1	142.97333333333333	142.88666666666666	142.8	143.0	142.99333333333334	143.05333333333334	142.88666666666666	142.86666666666667	142.95333333333335	142.57333333333332	142.83333333333334	142.73333333333332	142.96666666666667	142.84	142.74	142.94666666666666	143.0	142.75333333333333	142.70666666666668	142.87333333333333	143.1	142.89333333333335	142.94	142.83333333333334	143.05333333333334	142.85333333333332	143.0	143.08	142.83333333333334	142.90666666666667	142.72666666666666	142.87333333333333	142.99333333333334	143.01333333333332	143.2	143.08666666666667	142.84666666666666	142.92666666666668	142.85333333333332	143.1	142.75333333333333	143.06	142.9	143.20666666666668	142.98666666666668	143.17333333333335	142.86	143.02	143.01333333333332	142.9	142.44	141.13333333333333	135.10666666666665	0.0
0.0	135.15333333333334	141.3	142.40666666666667	142.7	142.88	143.01333333333332	142.90666666666667	143.00666666666666	143.03333333333333	143.11333333333334	142.98	142.96666666666667	142.98	142.85333333333332	143.08666666666667	143.04	143.17333333333335	142.94	143.02	142.92666666666668	142.84	143.20666666666668	142.88	142.96	143.02666666666667	142.91333333333333	143.0	142.79333333333332	143.01333333333332	142.94666666666666	142.93333333333334	143.08	143.28	143.40666666666667	142.96666666666667	142.86666666666667	143.02	143.16666666666666	142.97333333333333	142.95333333333335	142.95333333333335	142.97333333333333	142.92	143.12666666666667	143.07333333333332	143.08	142.98	142.88	143.2	143.13333333333333	142.93333333333334	142.96	142.99333333333334	142.86	142.98666666666668	143.0	143.0	143.11333333333334	143.06666666666666	142.82666666666665	142.86666666666667	143.1	143.08666666666667	143.06	143.22666666666666	143.12	143.20666666666668	143.02	142.68666666666667	141.32	135.42666666666668	0.0
0.0	134.82666666666665	141.17333333333335	142.3	142.40666666666667	142.82	142.76666666666668	142.76	142.68666666666667	142.95333333333335	142.76	142.71333333333334	142.83333333333334	142.76666666666668	142.84666666666666	142.61333333333334	143.02666666666667	143.04	142.98666666666668	142.88	142.82	142.85333333333332	142.82	142.94666666666666	142.82	142.93333333333334	142.65333333333334	143.04	142.74666666666667	143.06	142.84666666666666	142.78666666666666	142.96	142.64	142.85333333333332	142.81333333333333	142.80666666666667	142.90666666666667	142.9	142.92	142.94	143.07333333333332	142.9	142.75333333333333	142.72666666666666	142.82666666666665	142.86	142.76666666666668	142.9	142.70666666666668	142.95333333333335	142.54666666666665	142.86666666666667	142.72666666666666	142.74	142.91333333333333	142.79333333333332	142.84666666666666	142.96666666666667	142.7	142.96666666666667	142.88666666666666	142.86666666666667	142.91333333333333	142.98	142.77333333333334	142.8	142.74	142.58666666666667	142.24666666666667	141.22	135.18	0.0
0.0	135.57333333333332	141.38	142.92666666666668	143.06666666666666	143.04	143.30666666666667	143.39333333333335	143.38666666666666	143.3	143.41333333333333	143.3	143.06	143.42666666666668	143.23333333333332	143.29333333333332	143.21333333333334	143.06666666666666	143.1	143.38	143.32	143.22	143.26666666666668	143.21333333333334	143.04666666666665	143.19333333333333	143.04666666666665	143.26666666666668	143.19333333333333	143.23333333333332	143.42666666666668	143.52666666666667	143.34	143.37333333333333	143.31333333333333	143.2	143.33333333333334	143.27333333333334	143.07333333333332	143.26	143.19333333333333	143.23333333333332	143.26666666666668	143.26	143.35333333333332	143.16	143.14666666666668	143.01333333333332	143.06	143.10666666666665	143.03333333333333	143.12	143.38666666666666	143.40666666666667	143.23333333333332	143.11333333333334	143.24666666666667	143.12666666666667	143.34	143.32	143.32	143.02	143.2	143.10666666666665	143.32	143.34666666666666	143.28666666666666	143.23333333333332	143.17333333333335	142.68666666666667	141.36	135.44666666666666	0.0
0.0	135.2	141.52	142.26666666666668	142.77333333333334	142.91333333333333	142.92	143.21333333333334	142.92666666666668	143.07333333333332	143.21333333333334	143.13333333333333	143.0	143.00666666666666	142.94	142.76666666666668	143.23333333333332	143.12666666666667	143.24666666666667	142.96666666666667	143.13333333333333	143.08666666666667	142.92666666666668	142.97333333333333	143.13333333333333	143.08666666666667	142.92666666666668	142.84666666666666	143.04	142.99333333333334	142.96666666666667	143.06666666666666	143.04666666666665	143.02	142.93333333333334	143.03333333333333	143.19333333333333	143.28	142.84666666666666	143.16666666666666	143.02	142.93333333333334	142.88	143.22	143.22666666666666	142.90666666666667	143.20666666666668	143.02	143.0	142.96	143.27333333333334	143.15333333333334	142.96666666666667	142.82	143.13333333333333	143.04	142.84666666666666	143.11333333333334	142.98	142.74666666666667	143.06	143.03333333333333	143.1	143.11333333333334	143.06666666666666	143.02	142.85333333333332	142.89333333333335	142.86666666666667	142.62	141.42	135.3	0.0
0.0	135.34	141.31333333333333	142.48666666666668	142.98	143.06	143.09333333333333	143.04666666666665	143.32666666666665	143.21333333333334	143.11333333333334	142.92	143.23333333333332	143.24	143.12666666666667	143.03333333333333	142.98	142.88666666666666	142.88666666666666	142.98666666666668	143.12666666666667	143.21333333333334	142.94	143.07333333333332	143.00666666666666	143.12	143.13333333333333	142.94666666666666	143.03333333333333	143.02666666666667	143.23333333333332	142.94666666666666	143.15333333333334	143.01333333333332	143.03333333333333	143.07333333333332	143.13333333333333	143.18	143.26666666666668	143.22666666666666	142.95333333333335	142.95333333333335	143.22666666666666	143.01333333333332	143.08	143.18	143.03333333333333	143.22	143.16666666666666	143.14	143.16	143.18	143.02666666666667	142.88666666666666	143.16666666666666	143.1	142.94	143.28	142.92666666666668	143.11333333333334	143.18666666666667	143.05333333333334	143.18	142.94	142.96666666666667	143.06666666666666	142.8	143.04666666666665	142.79333333333332	142.73333333333332	141.2	135.18	0.0
0.0	135.19333333333333	141.61333333333334	142.93333333333334	142.96	143.18	143.15333333333334	143.11333333333334	143.09333333333333	143.19333333333333	143.15333333333334	143.10666666666665	143.16	142.90666666666667	143.23333333333332	142.95333333333335	143.30666666666667	143.22666666666666	143.12	143.2	143.31333333333333	143.44	143.14	143.03333333333333	143.27333333333334	143.12666666666667	143.34	142.98666666666668	143.15333333333334	143.21333333333334	143.24	143.23333333333332	143.25333333333333	143.21333333333334	143.23333333333332	143.18	143.24	143.24666666666667	143.23333333333332	142.95333333333335	143.04	143.07333333333332	143.12	143.29333333333332	143.34	143.38	143.36	143.17333333333335	143.34666666666666	143.15333333333334	143.09333333333333	143.08666666666667	143.02	143.24666666666667	142.92666666666668	143.25333333333333	143.08666666666667	143.26666666666668	143.28666666666666	143.26666666666668	143.43333333333334	143.13333333333333	143.07333333333332	143.00666666666666	143.3	143.44666666666666	143.14	143.21333333333334	143.06666666666666	142.8	141.64	135.22	0.0
0.0	135.28	141.07333333333332	142.42	142.82	142.99333333333334	142.82666666666665	142.84	142.85333333333332	142.88	142.88666666666666	142.81333333333333	142.96666666666667	143.09333333333333	143.16	142.99333333333334	142.87333333333333	143.03333333333333	142.68666666666667	142.86	142.89333333333335	142.9	142.84666666666666	142.82	143.04666666666665	142.86666666666667	143.0	143.08666666666667	143.06	142.82666666666665	142.99333333333334	142.98	143.04666666666665	142.92666666666668	142.89333333333335	142.95333333333335	143.0	142.86	142.96	142.96666666666667	142.82	142.77333333333334	143.10666666666665	143.04	142.8	142.92	142.86	142.88	142.87333333333333	143.07333333333332	142.96666666666667	142.95333333333335	142.83333333333334	142.76	142.88666666666666	142.82666666666665	143.0	142.94666666666666	142.98666666666668	143.00666666666666	143.03333333333333	143.02	142.91333333333333	142.98	143.04	143.04	142.99333333333334	142.98	142.88	142.34	141.37333333333333	135.22666666666666	0.0
0.0	135.21333333333334	141.44666666666666	142.53333333333333	143.01333333333332	143.24	142.95333333333335	143.16666666666666	142.91333333333333	143.00666666666666	142.94666666666666	143.12	143.15333333333334	143.12	143.06	143.01333333333332	143.1	143.11333333333334	143.04666666666665	143.11333333333334	143.02	143.35333333333332	143.04	143.13333333333333	143.08666666666667	142.99333333333334	143.02666666666667	142.89333333333335	142.81333333333333	142.98666666666668	142.99333333333334	142.86666666666667	143.21333333333334	142.80666666666667	143.10666666666665	143.24	143.14666666666668	143.13333333333333	143.06	143.07333333333332	142.9	142.94	143.1	143.03333333333333	142.98666666666668	142.98666666666668	143.07333333333332	143.08	143.10666666666665	142.98666666666668	143.17333333333335	143.18666666666667	143.00666666666666	143.31333333333333	142.86666666666667	143.05333333333334	143.13333333333333	143.00666666666666	142.88666666666666	143.12	143.23333333333332	143.06	142.88	143.06	143.10666666666665	143.00666666666666	143.08666666666667	143.04	142.95333333333335	142.67333333333335	141.22	135.20666666666668	0.0
0.0	135.02666666666667	141.26	142.46666666666667	142.85333333333332	143.08666666666667	142.98666666666668	143.23333333333332	143.26666666666668	143.26666666666668	143.04	142.98666666666668	143.16	142.99333333333334	143.03333333333333	143.15333333333334	143.19333333333333	143.16	142.95333333333335	142.94666666666666	143.19333333333333	143.19333333333333	143.18	142.97333333333333	143.07333333333332	143.24	143.29333333333332	142.98666666666668	142.86	142.96666666666667	143.16666666666666	143.22666666666666	143.16666666666666	143.07333333333332	142.94	143.14666666666668	143.22666666666666	143.22666666666666	143.12666666666667	142.98666666666668	143.06	143.22666666666666	143.54666666666665	143.22666666666666	143.09333333333333	143.3	143.26	143.2	143.16	143.08666666666667	143.15333333333334	143.2	143.13333333333333	143.02	143.35333333333332	143.20666666666668	143.22	143.08666666666667	143.07333333333332	143.04666666666665	143.36	143.20666666666668	142.95333333333335	143.16666666666666	143.02666666666667	142.95333333333335	143.00666666666666	142.91333333333333	143.06666666666666	142.54666666666665	141.3	135.38666666666666	0.0
0.0	135.10666666666665	141.04666666666665	142.48	142.71333333333334	142.92	143.01333333333332	143.03333333333333	143.10666666666665	142.96666666666667	143.10666666666665	143.00666666666666	143.05333333333334	143.22666666666666	143.24	143.24	142.71333333333334	142.88	143.2	143.06	143.03333333333333	143.02666666666667	142.94666666666666	143.06	143.18666666666667	143.09333333333333	143.24666666666667	143.16666666666666	143.12666666666667	143.08666666666667	143.20666666666668	142.84	143.07333333333332	143.20666666666668	143.09333333333333	143.09333333333333	143.05333333333334	143.14	142.87333333333333	143.21333333333334	143.03333333333333	143.08	143.13333333333333	143.01333333333332	142.98	143.03333333333333	143.26	143.16666666666666	143.08666666666667	142.95333333333335	143.06666666666666	142.78666666666666	142.88	143.12666666666667	143.1	143.39333333333335	142.89333333333335	143.0	143.10666666666665	143.15333333333334	143.13333333333333	143.08	143.15333333333334	143.19333333333333	142.90666666666667	143.18	143.02666666666667	142.96	142.92	142.56	141.26666666666668	135.16666666666666	0.0
0.0	135.10666666666665	141.22	142.50666666666666	143.05333333333334	143.2	143.02	143.28666666666666	143.26	143.14	142.95333333333335	143.19333333333333	143.16666666666666	143.16	142.98666666666668	143.20666666666668	143.16666666666666	143.19333333333333	143.21333333333334	142.85333333333332	143.10666666666665	143.05333333333334	142.99333333333334	143.3	143.08	143.01333333333332	143.16	143.14666666666668	143.02	143.05333333333334	143.1	143.04666666666665	143.23333333333332	143.00666666666666	142.90666666666667	142.92666666666668	143.2	143.08666666666667	143.04	143.10666666666665	143.20666666666668	143.18666666666667	143.05333333333334	143.23333333333332	143.12666666666667	142.97333333333333	143.11333333333334	143.20666666666668	143.21333333333334	143.09333333333333	143.06	143.29333333333332	143.16	143.12	143.22	143.18	143.06	143.04	143.12666666666667	143.18	143.22	143.30666666666667	143.16	143.16	142.89333333333335	143.26	143.22666666666666	142.93333333333334	142.93333333333334	142.45333333333335	141.21333333333334	134.66666666666666	0.0
0.0	135.64666666666668	141.36	142.90666666666667	142.99333333333334	143.19333333333333	142.77333333333334	142.95333333333335	143.12666666666667	143.13333333333333	143.4	143.27333333333334	143.12666666666667	142.92	143.3	143.19333333333333	142.97333333333333	142.98	142.92666666666668	142.85333333333332	142.97333333333333	142.94666666666666	142.94	143.13333333333333	143.00666666666666	143.05333333333334	143.01333333333332	143.00666666666666	143.05333333333334	142.94	143.14666666666668	143.19333333333333	142.98666666666668	143.07333333333332	143.12666666666667	143.14	143.14	143.31333333333333	143.14	143.14666666666668	142.88	143.08	143.01333333333332	143.02666666666667	143.02	143.29333333333332	143.02	142.95333333333335	143.26	142.86666666666667	143.17333333333335	143.16	143.12	143.08	143.16666666666666	143.22	142.88666666666666	143.03333333333333	143.12	143.10666666666665	143.19333333333333	143.19333333333333	143.24	143.50666666666666	143.09333333333333	143.18	143.1	142.87333333333333	143.14	142.57333333333332	141.31333333333333	135.63333333333333	0.0
0.0	135.03333333333333	141.43333333333334	142.67333333333335	143.30666666666667	143.11333333333334	143.24666666666667	143.21333333333334	143.05333333333334	143.04	143.12666666666667	142.84666666666666	143.01333333333332	143.08	143.06666666666666	143.18666666666667	142.83333333333334	143.35333333333332	143.35333333333332	143.19333333333333	143.12666666666667	143.00666666666666	142.95333333333335	143.12	143.21333333333334	143.06	142.95333333333335	143.2	142.86666666666667	143.21333333333334	143.09333333333333	143.0	143.24666666666667	143.24666666666667	143.14666666666668	143.08666666666667	143.17333333333335	142.97333333333333	143.06666666666666	143.17333333333335	142.92	143.02	142.97333333333333	143.04	143.14666666666668	143.00666666666666	142.92666666666668	143.13333333333333	143.14666666666668	143.18666666666667	143.23333333333332	143.03333333333333	143.12	143.24666666666667	142.98	143.12666666666667	142.96	143.07333333333332	142.98666666666668	143.11333333333334	142.92	143.14	142.99333333333334	143.12666666666667	143.12	143.16	143.19333333333333	143.28666666666666	143.02666666666667	142.78	141.42	135.55333333333334	0.0
0.0	135.2	141.48	142.58666666666667	142.94666666666666	143.2	142.94	142.93333333333334	143.02666666666667	142.82	142.95333333333335	142.99333333333334	143.10666666666665	142.87333333333333	143.05333333333334	143.03333333333333	142.96	143.03333333333333	143.09333333333333	143.08	143.10666666666665	143.16666666666666	143.17333333333335	142.83333333333334	142.94	142.85333333333332	142.96	143.06	142.98666666666668	143.06666666666666	143.18	142.96666666666667	142.8	143.01333333333332	143.02	142.84	143.06	143.12666666666667	142.95333333333335	143.00666666666666	143.0	142.98666666666668	142.95333333333335	142.85333333333332	142.98666666666668	142.8	142.90666666666667	143.08666666666667	142.76	143.04666666666665	142.97333333333333	143.06	142.97333333333333	143.00666666666666	143.13333333333333	142.96666666666667	142.63333333333333	142.9	143.06666666666666	142.80666666666667	142.97333333333333	142.93333333333334	142.88	142.70666666666668	142.86666666666667	142.92666666666668	142.93333333333334	143.04	142.95333333333335	142.47333333333333	141.43333333333334	135.36	0.0
0.0	134.86666666666667	141.45333333333335	142.62666666666667	142.83333333333334	143.08666666666667	142.98	142.98666666666668	143.14	143.18	143.16	143.10666666666665	143.0	143.16	143.34666666666666	143.06	142.85333333333332	143.12	143.08666666666667	143.20666666666668	142.96	143.17333333333335	143.06666666666666	143.06666666666666	142.98	142.98	143.16	143.02666666666667	143.22666666666666	142.88666666666666	143.23333333333332	142.93333333333334	143.14666666666668	142.90666666666667	143.14666666666668	143.02666666666667	143.24666666666667	143.15333333333334	142.92	143.08	143.16	142.88	143.18666666666667	143.10666666666665	143.14666666666668	142.98666666666668	143.20666666666668	143.16666666666666	143.04666666666665	143.10666666666665	143.22666666666666	143.10666666666665	143.11333333333334	143.12	143.12666666666667	143.28666666666666	143.22	143.26	143.07333333333332	143.1	143.2	143.10666666666665	143.06	142.86	143.12666666666667	143.10666666666665	143.04666666666665	143.16666666666666	142.78666666666666	142.28	141.36	135.35333333333332	0.0
0.0	135.25333333333333	141.18666666666667	142.40666666666667	142.77333333333334	142.94666666666666	143.0	142.86	142.87333333333333	142.88666666666666	142.92	143.01333333333332	142.92	142.86	142.72	142.76	142.72	142.94	142.74	142.88666666666666	143.16666666666666	142.92	142.99333333333334	143.06666666666666	142.99333333333334	142.78666666666666	142.96	142.86666666666667	143.00666666666666	142.89333333333335	143.06	143.05333333333334	142.70666666666668	142.93333333333334	143.09333333333333	142.90666666666667	142.88666666666666	142.73333333333332	143.0	142.88666666666666	142.96	143.04	142.90666666666667	143.0	142.96666666666667	143.0	142.84	142.93333333333334	143.28666666666666	143.09333333333333	142.93333333333334	142.67333333333335	142.73333333333332	142.80666666666667	142.67333333333335	142.84666666666666	142.90666666666667	142.96	143.05333333333334	143.16	142.78666666666666	142.73333333333332	142.90666666666667	142.86	143.00666666666666	143.11333333333334	142.82	142.84	142.76	142.47333333333333	141.14	135.33333333333334	0.0
0.0	135.20666666666668	141.32666666666665	142.72666666666666	143.02666666666667	143.02	143.04	142.89333333333335	142.92	143.04	142.94	143.02666666666667	143.05333333333334	142.96666666666667	142.82666666666665	142.84	142.72	142.9	142.85333333333332	143.0	143.02	142.96	143.04666666666665	143.17333333333335	142.92666666666668	143.04	142.88	143.0	142.96	143.23333333333332	143.15333333333334	142.99333333333334	143.05333333333334	143.08	143.00666666666666	142.86666666666667	143.22	142.89333333333335	143.08666666666667	142.94666666666666	143.18	142.85333333333332	142.9	142.84666666666666	143.03333333333333	143.01333333333332	143.00666666666666	142.98	143.16666666666666	143.06666666666666	142.89333333333335	143.03333333333333	142.94666666666666	142.96666666666667	143.10666666666665	143.05333333333334	142.96666666666667	142.88666666666666	142.82	142.84	142.84	143.02	142.95333333333335	142.96	142.88	143.17333333333335	142.93333333333334	143.03333333333333	142.89333333333335	142.56	141.35333333333332	135.08666666666667	0.0
0.0	134.75333333333333	141.16	142.32666666666665	142.61333333333334	142.88	142.88666666666666	142.70666666666668	143.09333333333333	142.98666666666668	143.02	143.03333333333333	143.1	143.01333333333332	143.01333333333332	142.9	142.81333333333333	143.28	143.20666666666668	143.07333333333332	143.04666666666665	142.95333333333335	142.96	142.98	143.13333333333333	143.04666666666665	143.24	142.90666666666667	143.02666666666667	143.0	142.76	142.94	143.16666666666666	142.81333333333333	143.10666666666665	142.98	142.88666666666666	142.92666666666668	142.96	143.04666666666665	143.04	143.18	143.12666666666667	142.99333333333334	143.00666666666666	142.94	143.04666666666665	142.96	143.03333333333333	142.90666666666667	142.73333333333332	142.80666666666667	142.84	143.02	142.96666666666667	143.12	143.07333333333332	143.34	142.94	142.89333333333335	142.92	143.05333333333334	143.00666666666666	143.08	143.07333333333332	143.01333333333332	142.91333333333333	142.85333333333332	142.67333333333335	142.38666666666666	141.32	135.09333333333333	0.0
0.0	134.99333333333334	141.09333333333333	142.23333333333332	142.78	142.75333333333333	142.66	143.04666666666665	142.72666666666666	142.92	142.88	142.76	142.85333333333332	142.94666666666666	142.87333333333333	142.67333333333335	142.66666666666666	142.88	142.79333333333332	142.90666666666667	142.85333333333332	142.94666666666666	142.74	142.74	142.85333333333332	142.88	142.87333333333333	142.96	142.91333333333333	142.74666666666667	142.65333333333334	142.63333333333333	142.82666666666665	142.86666666666667	142.7	142.67333333333335	142.87333333333333	142.84666666666666	142.66666666666666	142.46666666666667	142.81333333333333	142.78	142.92666666666668	142.64666666666668	142.92	142.89333333333335	142.75333333333333	142.76	142.71333333333334	142.8	142.89333333333335	142.78666666666666	142.71333333333334	143.02	142.83333333333334	142.84	142.84	142.85333333333332	142.66666666666666	142.65333333333334	142.80666666666667	142.89333333333335	142.55333333333334	142.96	142.70666666666668	142.66	142.70666666666668	142.69333333333333	142.53333333333333	142.38	140.91333333333333	134.97333333333333	0.0
0.0	135.08666666666667	141.2	142.34	142.70666666666668	142.99333333333334	143.08	142.98666666666668	142.88666666666666	142.90666666666667	143.0	142.82666666666665	142.98	142.82	142.79333333333332	142.84666666666666	143.09333333333333	143.03333333333333	142.98666666666668	143.05333333333334	142.83333333333334	142.94666666666666	142.96	142.84666666666666	143.02	143.06666666666666	142.78666666666666	142.98666666666668	142.8	143.07333333333332	142.9	142.89333333333335	143.21333333333334	142.82666666666665	143.02666666666667	142.94666666666666	142.86666666666667	142.98	142.88	142.94	142.94666666666666	142.87333333333333	142.94	142.83333333333334	142.90666666666667	142.79333333333332	142.91333333333333	143.07333333333332	142.88666666666666	142.88666666666666	142.97333333333333	142.82	143.04666666666665	143.04666666666665	143.16	142.87333333333333	142.99333333333334	142.88666666666666	142.98666666666668	142.95333333333335	142.86666666666667	142.93333333333334	142.72666666666666	142.86	143.0	142.84	142.96	142.68	142.64666666666668	142.42	141.43333333333334	135.14	0.0
0.0	135.28	141.15333333333334	142.34666666666666	143.0	142.88666666666666	142.96666666666667	143.14	143.03333333333333	143.18	143.12	142.96	142.99333333333334	142.96666666666667	142.88	142.86	143.06	143.02666666666667	143.06666666666666	143.12	143.08	142.96	142.95333333333335	143.03333333333333	142.8	143.14	143.28666666666666	142.94	142.81333333333333	142.89333333333335	142.91333333333333	142.88666666666666	143.02	143.01333333333332	143.03333333333333	143.02	143.09333333333333	142.88	142.98	143.03333333333333	143.17333333333335	142.95333333333335	143.0	143.1	142.86	143.06	143.08	143.00666666666666	142.91333333333333	143.12666666666667	143.16666666666666	142.92666666666668	142.74666666666667	142.98	142.86	142.83333333333334	142.85333333333332	143.04	142.98666666666668	142.82	143.04	142.94666666666666	143.1	143.03333333333333	142.75333333333333	142.89333333333335	143.01333333333332	142.60666666666665	142.78666666666666	142.36666666666667	141.24	135.19333333333333	0.0
0.0	135.40666666666667	141.22	142.72	142.84	143.18	143.06	143.14666666666668	143.00666666666666	143.08	143.11333333333334	142.92666666666668	142.94666666666666	142.96	142.99333333333334	143.02	143.03333333333333	143.00666666666666	142.95333333333335	143.17333333333335	143.15333333333334	143.22	143.26	143.20666666666668	142.92	143.14	143.12666666666667	143.18	143.20666666666668	143.37333333333333	143.09333333333333	143.08666666666667	143.12666666666667	143.22	143.42	143.04	143.26	143.04	143.17333333333335	143.08	143.05333333333334	142.94	142.96666666666667	143.24	143.3	143.16666666666666	143.18	143.1	143.06666666666666	143.08666666666667	143.27333333333334	143.15333333333334	143.16666666666666	143.2	143.25333333333333	143.39333333333335	143.28666666666666	143.16	143.26666666666668	143.15333333333334	143.14666666666668	143.20666666666668	143.08666666666667	143.08666666666667	143.06666666666666	143.06	143.02	143.14666666666668	143.03333333333333	142.79333333333332	141.38	135.64	0.0
0.0	135.39333333333335	141.22666666666666	142.62666666666667	143.06666666666666	143.14	143.20666666666668	143.15333333333334	143.16666666666666	143.15333333333334	143.18666666666667	143.3	143.14666666666668	143.30666666666667	143.12	143.10666666666665	143.26666666666668	143.16666666666666	143.2	143.04666666666665	143.43333333333334	143.30666666666667	143.25333333333333	143.33333333333334	143.17333333333335	143.26	143.26666666666668	143.26	143.41333333333333	143.16	143.22	143.12666666666667	143.15333333333334	143.39333333333335	143.24	143.3	142.9	143.19333333333333	143.19333333333333	143.10666666666665	143.38666666666666	143.09333333333333	143.14	143.28666666666666	143.42	143.31333333333333	143.42666666666668	143.22666666666666	143.08	143.44	143.37333333333333	143.44	143.44	143.34666666666666	143.61333333333334	143.33333333333334	143.22666666666666	143.11333333333334	143.43333333333334	143.05333333333334	143.03333333333333	143.24	143.13333333333333	143.22	143.06666666666666	143.2	143.02666666666667	143.0	143.38	142.52	141.52	135.32	0.0
0.0	135.14	140.99333333333334	142.32666666666665	142.76	143.24666666666667	143.16	143.17333333333335	143.03333333333333	143.07333333333332	143.16	143.0	143.11333333333334	142.97333333333333	142.84	143.0	142.84666666666666	142.98	142.76	143.10666666666665	143.0	142.90666666666667	142.95333333333335	143.14	142.82	142.81333333333333	143.02	142.9	142.92	142.74	142.83333333333334	142.94666666666666	142.88	142.98	143.0	142.82666666666665	143.02	142.95333333333335	143.08666666666667	143.0	143.04	143.12	142.97333333333333	142.92	142.90666666666667	143.06	143.07333333333332	142.92	143.1	143.15333333333334	143.14666666666668	142.91333333333333	142.81333333333333	143.02	143.02	142.97333333333333	143.06666666666666	143.19333333333333	143.02	142.84	143.01333333333332	142.81333333333333	142.84	142.97333333333333	142.94	143.07333333333332	143.00666666666666	142.80666666666667	143.00666666666666	142.37333333333333	141.02666666666667	135.07333333333332	0.0
0.0	135.42	141.16	142.58666666666667	143.06	142.94666666666666	142.98666666666668	143.04666666666665	143.16	142.96	143.18	143.12666666666667	143.11333333333334	143.07333333333332	143.10666666666665	142.84	142.99333333333334	143.10666666666665	143.14666666666668	143.12666666666667	143.22	142.94	142.96	142.79333333333332	142.88666666666666	142.91333333333333	142.82	143.07333333333332	143.02	142.97333333333333	143.13333333333333	143.2	142.94666666666666	142.97333333333333	143.08	142.95333333333335	142.96	143.08	142.89333333333335	143.11333333333334	143.06	142.86666666666667	142.93333333333334	143.02	143.01333333333332	142.97333333333333	143.0	143.00666666666666	143.12666666666667	143.27333333333334	143.07333333333332	143.08	142.95333333333335	142.98666666666668	143.09333333333333	143.03333333333333	142.94666666666666	142.94666666666666	143.02666666666667	142.96	142.90666666666667	143.0	142.94	142.97333333333333	143.18666666666667	143.07333333333332	142.85333333333332	142.98666666666668	142.85333333333332	142.41333333333333	141.25333333333333	135.20666666666668	0.0
0.0	135.22666666666666	141.24666666666667	142.77333333333334	142.72666666666666	142.88666666666666	143.11333333333334	143.1	143.00666666666666	143.03333333333333	143.22666666666666	143.03333333333333	142.96666666666667	143.14666666666668	143.15333333333334	142.95333333333335	143.14666666666668	143.08666666666667	143.07333333333332	143.18	143.07333333333332	143.12666666666667	143.09333333333333	143.06	143.21333333333334	143.03333333333333	142.96	143.15333333333334	142.96666666666667	143.26666666666668	142.90666666666667	142.9	142.94	143.1	143.08	143.05333333333334	143.22	143.05333333333334	143.14666666666668	143.1	142.76	143.14	143.00666666666666	143.14	143.30666666666667	143.26	143.26666666666668	143.14	143.18	143.02	143.06	143.17333333333335	142.9	142.88666666666666	143.06	143.06666666666666	143.15333333333334	143.00666666666666	143.09333333333333	142.80666666666667	142.93333333333334	142.98666666666668	142.93333333333334	143.0	143.14	143.0	143.12	142.79333333333332	142.90666666666667	142.49333333333334	141.45333333333335	135.13333333333333	0.0
0.0	134.96	141.16	142.28	142.6	142.80666666666667	142.68666666666667	142.93333333333334	142.89333333333335	142.84	142.91333333333333	142.69333333333333	142.74	142.85333333333332	142.89333333333335	142.74	143.05333333333334	142.69333333333333	142.7	142.72	142.90666666666667	142.84666666666666	142.88666666666666	142.75333333333333	142.55333333333334	142.84	142.83333333333334	142.81333333333333	142.75333333333333	142.68666666666667	142.65333333333334	142.79333333333332	142.84666666666666	142.72666666666666	142.82666666666665	142.95333333333335	143.12666666666667	142.91333333333333	142.97333333333333	142.88	142.92666666666668	142.78	142.84	142.91333333333333	143.04	142.62	142.84	142.78666666666666	142.80666666666667	142.92	143.00666666666666	142.82	142.76	142.9	142.8	142.84	142.94	142.92666666666668	142.99333333333334	142.82666666666665	142.70666666666668	142.9	142.69333333333333	142.82	142.85333333333332	142.68	142.95333333333335	142.66666666666666	142.79333333333332	142.02	141.03333333333333	135.36	0.0
0.0	135.16	141.35333333333332	142.66666666666666	142.94	143.1	143.28	143.12	143.07333333333332	143.34	143.16666666666666	143.08666666666667	143.15333333333334	143.23333333333332	143.06	143.44666666666666	143.30666666666667	143.19333333333333	143.27333333333334	143.19333333333333	143.14666666666668	143.35333333333332	142.98666666666668	143.28666666666666	143.14	143.24666666666667	143.30666666666667	143.08	143.06666666666666	143.24	143.32666666666665	143.27333333333334	143.10666666666665	143.20666666666668	143.21333333333334	143.06	143.24	143.16	143.00666666666666	142.99333333333334	143.14	143.26	143.10666666666665	143.58666666666667	143.26666666666668	143.08	143.34666666666666	143.36	143.28	143.39333333333335	143.29333333333332	143.34666666666666	143.12	143.24	143.12666666666667	143.21333333333334	142.9	143.13333333333333	143.15333333333334	143.19333333333333	143.26	143.16666666666666	143.22	143.18	143.18666666666667	142.96	143.16666666666666	143.04666666666665	143.02666666666667	142.68666666666667	141.32	135.27333333333334	0.0
0.0	135.34666666666666	141.12666666666667	142.47333333333333	142.76	142.71333333333334	142.60666666666665	142.61333333333334	142.68666666666667	142.61333333333334	142.72	142.69333333333333	142.92666666666668	142.75333333333333	142.70666666666668	142.79333333333332	142.79333333333332	142.94666666666666	142.99333333333334	142.80666666666667	143.00666666666666	142.72666666666666	142.58	142.88666666666666	142.78666666666666	142.74	142.8	142.94	142.75333333333333	142.73333333333332	142.77333333333334	142.70666666666668	142.95333333333335	142.72666666666666	142.63333333333333	142.78	142.96	143.0	143.00666666666666	143.04666666666665	142.78	142.86666666666667	142.97333333333333	142.72666666666666	142.78666666666666	142.96	143.0	142.94	142.84666666666666	142.99333333333334	142.98666666666668	142.92	142.82666666666665	142.85333333333332	142.82666666666665	142.93333333333334	142.78666666666666	142.95333333333335	142.67333333333335	142.66	142.97333333333333	142.96666666666667	142.68	142.82666666666665	142.76666666666668	142.99333333333334	142.83333333333334	142.7	142.52	142.44	141.08666666666667	135.03333333333333	0.0
0.0	135.16666666666666	141.37333333333333	142.62	142.99333333333334	143.10666666666665	142.86666666666667	142.99333333333334	143.05333333333334	143.01333333333332	143.02	142.86666666666667	143.07333333333332	142.96	143.12666666666667	143.03333333333333	142.95333333333335	143.16	143.19333333333333	143.06	142.85333333333332	143.0	142.61333333333334	142.95333333333335	143.04	142.82666666666665	143.04666666666665	142.99333333333334	143.04	143.08666666666667	143.0	142.97333333333333	142.84666666666666	143.1	142.92	143.18	142.92666666666668	143.00666666666666	142.94666666666666	143.02	143.17333333333335	142.99333333333334	143.06	143.19333333333333	142.92	142.92666666666668	143.34666666666666	142.94666666666666	143.01333333333332	143.22	143.02666666666667	143.09333333333333	142.98	143.13333333333333	142.94	143.08	143.12	142.84	142.95333333333335	143.04	142.88	143.15333333333334	143.04	142.74	142.81333333333333	142.87333333333333	142.96	142.98666666666668	142.88666666666666	142.4	141.52	135.22666666666666	0.0
0.0	135.32666666666665	141.5	142.58666666666667	142.81333333333333	143.02	142.98666666666668	142.91333333333333	143.02	142.84666666666666	143.0	142.84	142.96	143.00666666666666	143.10666666666665	143.15333333333334	143.09333333333333	143.11333333333334	142.93333333333334	143.09333333333333	142.96666666666667	143.04666666666665	142.9	143.02	142.86666666666667	143.08666666666667	143.15333333333334	143.16	143.18666666666667	143.06	143.09333333333333	143.0	143.10666666666665	143.14	142.98666666666668	143.06666666666666	143.07333333333332	143.24	143.08	142.98666666666668	143.14	143.08	143.07333333333332	142.96666666666667	143.04666666666665	143.18666666666667	143.07333333333332	143.06666666666666	143.17333333333335	143.16	143.1	143.25333333333333	143.02	143.04	142.92666666666668	142.94	142.97333333333333	143.08	143.0	143.02	142.98	143.02	143.08666666666667	142.98666666666668	142.89333333333335	143.0	142.92666666666668	142.7	142.62	142.42	141.13333333333333	135.07333333333332	0.0
0.0	135.54	141.13333333333333	142.85333333333332	143.11333333333334	143.09333333333333	143.12666666666667	143.25333333333333	143.23333333333332	143.08666666666667	143.16	143.11333333333334	143.02666666666667	143.14666666666668	143.26	143.19333333333333	143.15333333333334	143.05333333333334	143.12	143.22666666666666	143.18	143.22	142.96	143.18666666666667	142.98666666666668	143.08666666666667	143.09333333333333	143.0	143.12666666666667	143.13333333333333	143.27333333333334	143.12	143.18	143.16666666666666	142.98	143.03333333333333	143.18	142.99333333333334	142.96	143.04	143.14666666666668	143.04666666666665	143.07333333333332	143.08666666666667	142.92	143.00666666666666	143.31333333333333	143.35333333333332	143.09333333333333	143.25333333333333	143.07333333333332	143.14666666666668	143.06666666666666	143.15333333333334	143.08666666666667	143.09333333333333	143.08	143.00666666666666	143.2	143.43333333333334	143.04	143.18	142.91333333333333	143.23333333333332	143.14666666666668	142.98	143.0	143.13333333333333	142.97333333333333	142.48	141.23333333333332	135.37333333333333	0.0
0.0	135.19333333333333	141.36	142.39333333333335	142.84	143.12666666666667	143.09333333333333	142.9	143.12666666666667	143.16666666666666	143.2	143.2	143.05333333333334	143.26666666666668	143.22	142.92	143.16666666666666	143.22	143.4	143.10666666666665	143.04	142.88666666666666	142.90666666666667	143.12666666666667	142.85333333333332	143.07333333333332	143.06666666666666	142.93333333333334	143.16666666666666	143.19333333333333	142.94666666666666	143.0	143.12666666666667	142.83333333333334	143.2	143.12	143.26	143.10666666666665	143.11333333333334	143.27333333333334	143.01333333333332	142.91333333333333	142.93333333333334	143.05333333333334	142.97333333333333	143.0	143.0	143.16	143.24666666666667	143.13333333333333	142.70666666666668	143.02666666666667	143.04	142.98666666666668	142.97333333333333	143.24666666666667	142.91333333333333	142.89333333333335	143.03333333333333	143.27333333333334	143.12	143.08666666666667	142.91333333333333	142.97333333333333	143.20666666666668	143.17333333333335	142.93333333333334	142.91333333333333	143.06666666666666	142.57333333333332	141.31333333333333	135.30666666666667	0.0
0.0	135.02666666666667	141.26	142.60666666666665	143.03333333333333	143.02666666666667	143.1	143.02	143.02	142.83333333333334	143.22	143.14	142.96	143.08666666666667	143.19333333333333	142.79333333333332	142.96666666666667	143.01333333333332	143.09333333333333	142.94666666666666	143.04	143.03333333333333	142.92666666666668	142.87333333333333	142.96	142.96666666666667	143.20666666666668	143.08666666666667	142.91333333333333	142.99333333333334	143.12666666666667	143.11333333333334	143.16	142.92666666666668	143.04	143.18	143.18	142.98666666666668	143.24	143.12666666666667	143.1	143.09333333333333	143.00666666666666	143.16666666666666	143.06666666666666	142.9	142.92666666666668	143.04666666666665	143.25333333333333	143.06666666666666	143.18	142.91333333333333	143.04	143.16	142.99333333333334	143.04	142.97333333333333	143.08	143.02666666666667	142.82666666666665	143.02666666666667	142.85333333333332	142.93333333333334	142.86666666666667	143.33333333333334	143.12	143.18	142.90666666666667	143.10666666666665	142.47333333333333	141.24	135.32666666666665	0.0
0.0	134.83333333333334	141.02666666666667	142.18666666666667	142.62666666666667	142.67333333333335	142.78666666666666	142.95333333333335	142.74	142.52666666666667	142.78	142.56	142.92666666666668	142.64	142.64666666666668	142.77333333333334	142.80666666666667	142.86666666666667	142.88666666666666	142.86	142.75333333333333	142.74	142.88666666666666	142.78666666666666	142.82	142.66666666666666	142.85333333333332	142.85333333333332	142.64666666666668	142.82	142.80666666666667	142.81333333333333	142.9	142.86666666666667	142.64	142.78666666666666	142.69333333333333	142.77333333333334	142.71333333333334	142.64	142.69333333333333	142.78	142.53333333333333	142.79333333333332	142.76666666666668	142.7	142.82	142.69333333333333	142.73333333333332	142.82666666666665	142.72	142.57333333333332	142.70666666666668	142.63333333333333	142.72666666666666	142.62666666666667	142.62666666666667	142.80666666666667	142.55333333333334	142.51333333333332	142.64666666666668	142.56	142.78666666666666	142.94	142.85333333333332	142.81333333333333	142.84666666666666	142.76	142.78	142.26666666666668	140.86666666666667	135.34	0.0
0.0	135.47333333333333	141.36	142.44	142.71333333333334	143.02666666666667	142.85333333333332	142.93333333333334	142.92666666666668	143.12666666666667	143.08	143.14666666666668	143.01333333333332	143.17333333333335	143.14	143.07333333333332	143.03333333333333	143.08666666666667	143.24	143.44	143.22	143.16666666666666	143.20666666666668	142.88666666666666	143.0	143.04	143.29333333333332	142.78666666666666	143.02666666666667	143.24666666666667	143.15333333333334	143.24	143.15333333333334	142.98	143.01333333333332	142.98	143.14666666666668	143.32666666666665	143.15333333333334	143.13333333333333	143.19333333333333	143.14	143.28	143.12	143.25333333333333	143.20666666666668	143.14	142.84666666666666	143.1	143.30666666666667	143.11333333333334	143.14	143.07333333333332	143.02	142.99333333333334	143.02	143.18666666666667	143.2	143.15333333333334	143.06	143.14	143.26	143.32	143.34666666666666	143.17333333333335	143.08	143.14	143.13333333333333	142.96	142.6	141.4	135.44	0.0
0.0	134.75333333333333	141.2	142.35333333333332	142.76666666666668	142.62666666666667	142.83333333333334	143.04666666666665	142.74666666666667	143.04666666666665	143.10666666666665	142.72666666666666	142.8	142.92666666666668	142.90666666666667	142.73333333333332	142.96	143.06	142.8	143.02666666666667	143.13333333333333	143.1	143.06666666666666	142.82666666666665	142.72	142.98	143.08	142.75333333333333	142.92666666666668	142.80666666666667	142.86666666666667	142.86	142.90666666666667	142.85333333333332	142.98	142.96	142.78	142.87333333333333	142.87333333333333	142.96	142.95333333333335	142.97333333333333	143.07333333333332	142.74666666666667	142.94	142.87333333333333	142.95333333333335	142.90666666666667	142.92	142.95333333333335	142.99333333333334	142.96666666666667	142.85333333333332	142.86666666666667	142.84666666666666	143.00666666666666	142.73333333333332	142.85333333333332	143.01333333333332	142.93333333333334	142.98	142.82666666666665	142.79333333333332	142.87333333333333	142.98	143.01333333333332	142.98666666666668	142.90666666666667	143.09333333333333	142.44	141.42666666666668	135.45333333333335	0.0
0.0	135.37333333333333	141.40666666666667	142.53333333333333	142.91333333333333	143.20666666666668	143.16	143.06666666666666	143.08	143.10666666666665	143.16	143.02666666666667	143.08	143.12666666666667	142.94	143.2	143.15333333333334	143.37333333333333	142.92666666666668	142.88666666666666	143.08	143.11333333333334	143.03333333333333	143.05333333333334	143.16	143.10666666666665	143.06666666666666	143.20666666666668	143.14	143.22	143.1	143.05333333333334	143.12	143.22	142.81333333333333	142.98666666666668	143.1	143.04	143.05333333333334	143.26666666666668	143.14666666666668	143.11333333333334	143.13333333333333	143.21333333333334	143.16	143.11333333333334	143.02	143.17333333333335	143.16	143.27333333333334	143.17333333333335	143.19333333333333	143.19333333333333	143.24666666666667	143.4	143.32	143.3	143.16666666666666	143.13333333333333	143.14666666666668	143.44	143.25333333333333	143.16	142.96666666666667	143.42	143.32	143.02666666666667	143.22666666666666	142.89333333333335	142.52666666666667	141.39333333333335	135.56	0.0
0.0	135.10666666666665	141.1	142.36	142.70666666666668	142.65333333333334	143.12	143.10666666666665	142.85333333333332	143.04666666666665	143.09333333333333	142.77333333333334	142.96	142.73333333333332	142.94	142.92	142.94666666666666	143.02	142.76666666666668	143.02	142.94	143.08	143.1	143.05333333333334	142.98666666666668	143.27333333333334	142.95333333333335	142.92	143.08666666666667	143.03333333333333	142.99333333333334	142.96	143.04	142.93333333333334	142.79333333333332	142.89333333333335	142.84	143.11333333333334	143.08	142.85333333333332	143.1	142.72666666666666	142.83333333333334	142.57333333333332	142.88666666666666	142.99333333333334	142.89333333333335	142.87333333333333	142.89333333333335	142.94666666666666	142.96666666666667	142.87333333333333	142.93333333333334	143.03333333333333	142.87333333333333	142.98	142.86	142.86666666666667	142.96	142.92	143.04	142.98	142.88666666666666	142.75333333333333	142.89333333333335	142.9	142.88666666666666	143.01333333333332	142.97333333333333	142.5	140.98666666666668	134.76666666666668	0.0
0.0	134.99333333333334	140.9	142.47333333333333	142.64	142.82666666666665	142.96666666666667	142.84666666666666	142.81333333333333	142.82666666666665	142.86666666666667	142.93333333333334	142.76	142.84666666666666	143.02	142.89333333333335	142.98666666666668	142.94	142.96666666666667	142.86666666666667	142.86	143.00666666666666	142.78	142.67333333333335	142.82	143.1	142.86	142.97333333333333	142.84	142.95333333333335	142.78666666666666	142.9	142.94	142.67333333333335	142.92666666666668	142.8	142.92	142.90666666666667	142.99333333333334	142.88	142.9	142.88666666666666	142.71333333333334	142.63333333333333	142.86	142.67333333333335	143.18	142.87333333333333	143.08	142.92	142.82	142.88	142.95333333333335	142.78	142.91333333333333	143.2	143.00666666666666	142.98	142.70666666666668	142.96	142.95333333333335	142.82666666666665	142.79333333333332	142.59333333333333	142.68666666666667	142.86	142.99333333333334	142.9	142.71333333333334	142.11333333333334	140.96666666666667	135.11333333333334	0.0
0.0	135.24	141.18	142.25333333333333	143.13333333333333	143.08666666666667	142.98	143.11333333333334	143.24	143.08	143.13333333333333	143.31333333333333	143.2	143.38666666666666	143.26666666666668	142.89333333333335	143.16666666666666	142.92	143.12	143.05333333333334	143.18666666666667	143.18666666666667	143.31333333333333	143.27333333333334	143.09333333333333	142.98666666666668	142.99333333333334	143.18666666666667	143.19333333333333	143.10666666666665	143.32666666666665	143.24	142.94666666666666	143.10666666666665	143.28666666666666	143.24	143.10666666666665	142.94	143.14	143.15333333333334	143.19333333333333	142.96	143.32666666666665	142.99333333333334	143.07333333333332	143.35333333333332	143.22666666666666	143.32	143.12666666666667	142.8	143.06666666666666	143.10666666666665	143.12	143.34666666666666	143.3	143.16666666666666	142.97333333333333	143.23333333333332	143.25333333333333	143.26666666666668	143.21333333333334	143.03333333333333	143.22	142.98666666666668	143.16	143.14666666666668	143.03333333333333	143.24666666666667	142.99333333333334	142.59333333333333	141.37333333333333	135.28	0.0
0.0	134.88666666666666	140.81333333333333	142.34666666666666	142.48666666666668	142.89333333333335	142.65333333333334	142.84666666666666	142.51333333333332	142.76666666666668	142.88666666666666	142.89333333333335	142.68	142.50666666666666	142.97333333333333	142.82	142.78666666666666	142.88	142.55333333333334	142.92666666666668	142.6	142.88666666666666	142.90666666666667	142.82	142.86666666666667	142.79333333333332	142.61333333333334	142.86	142.96666666666667	142.72666666666666	142.8	142.71333333333334	142.86	142.71333333333334	142.76	142.72666666666666	142.84	142.80666666666667	142.68666666666667	142.67333333333335	142.77333333333334	142.73333333333332	142.54	142.76	142.56	142.64666666666668	142.81333333333333	142.82666666666665	142.9	142.79333333333332	143.02666666666667	142.70666666666668	142.8	142.93333333333334	142.98	142.78666666666666	142.64666666666668	142.69333333333333	142.80666666666667	142.80666666666667	142.86	142.81333333333333	142.87333333333333	142.66	142.82666666666665	142.66666666666666	142.76666666666668	142.79333333333332	142.87333333333333	142.22666666666666	140.92666666666668	135.30666666666667	0.0
0.0	135.52	141.11333333333334	142.46666666666667	142.78	142.77333333333334	142.96	143.02	142.77333333333334	142.74	142.95333333333335	143.11333333333334	143.26	142.7	143.08	143.44	143.02	142.96	143.02666666666667	143.03333333333333	143.16	142.98666666666668	142.91333333333333	142.84	142.94666666666666	143.14	142.98666666666668	143.0	142.86666666666667	143.02666666666667	143.24	143.02	142.67333333333335	142.99333333333334	142.8	143.01333333333332	143.02666666666667	143.22	142.98666666666668	142.94666666666666	143.06	143.03333333333333	142.95333333333335	142.96	143.12	143.28	143.08	143.08	143.07333333333332	143.04666666666665	143.15333333333334	142.9	143.24666666666667	143.03333333333333	142.75333333333333	143.00666666666666	143.06666666666666	143.2	143.06666666666666	143.0	142.88666666666666	142.96	143.02	143.09333333333333	142.98666666666668	142.84666666666666	142.96666666666667	142.85333333333332	142.81333333333333	142.42	141.14	135.09333333333333	0.0
0.0	135.14	141.48666666666668	142.42	142.84	143.09333333333333	143.08	143.07333333333332	143.35333333333332	142.95333333333335	142.95333333333335	143.06666666666666	143.5	143.20666666666668	143.21333333333334	143.04666666666665	143.16666666666666	143.30666666666667	143.19333333333333	143.21333333333334	143.09333333333333	143.1	143.12666666666667	143.25333333333333	143.12666666666667	143.25333333333333	143.26	143.06	143.08	143.04666666666665	143.28666666666666	143.17333333333335	143.08	143.18	143.20666666666668	143.16	143.33333333333334	143.20666666666668	143.18666666666667	143.12666666666667	142.92666666666668	142.75333333333333	143.22	143.20666666666668	143.00666666666666	143.25333333333333	143.04666666666665	143.28666666666666	143.28	143.36666666666667	143.1	143.05333333333334	142.92	143.14	142.92666666666668	143.11333333333334	143.04666666666665	143.2	143.06666666666666	143.29333333333332	143.08	143.28	143.04	143.04	143.13333333333333	143.14666666666668	143.22666666666666	142.96	143.04	142.73333333333332	141.4	135.37333333333333	0.0
0.0	135.79333333333332	141.38	142.78	142.74666666666667	143.11333333333334	143.02	142.92	143.02	143.4	143.28	143.18	143.02666666666667	143.27333333333334	143.04666666666665	143.15333333333334	143.11333333333334	142.97333333333333	143.25333333333333	143.14666666666668	143.1	143.14	143.29333333333332	143.3	143.09333333333333	143.28666666666666	143.07333333333332	143.16666666666666	143.23333333333332	143.32666666666665	143.14	142.99333333333334	142.92	143.1	143.28	143.12666666666667	143.11333333333334	143.24666666666667	143.18666666666667	143.18	143.14	143.08	143.35333333333332	142.9	143.25333333333333	143.24666666666667	143.25333333333333	143.23333333333332	143.25333333333333	142.90666666666667	143.1	142.82666666666665	142.98666666666668	142.95333333333335	143.1	143.28666666666666	143.23333333333332	142.99333333333334	143.16	143.26666666666668	143.12	143.36	143.37333333333333	143.12666666666667	142.94666666666666	142.82666666666665	142.84	143.04666666666665	142.98666666666668	142.78	141.46	135.67333333333335	0.0
0.0	134.86666666666667	141.04666666666665	142.43333333333334	142.76666666666668	143.13333333333333	143.18666666666667	143.03333333333333	143.06	143.30666666666667	142.97333333333333	142.91333333333333	142.79333333333332	143.27333333333334	143.11333333333334	143.16	142.87333333333333	143.05333333333334	142.86666666666667	142.97333333333333	143.02	143.06666666666666	143.19333333333333	143.03333333333333	143.06	142.8	143.11333333333334	143.06	143.2	143.03333333333333	142.94666666666666	142.95333333333335	143.25333333333333	142.84666666666666	143.00666666666666	143.16	143.01333333333332	142.98666666666668	143.01333333333332	143.14	142.92	143.05333333333334	143.14666666666668	143.00666666666666	143.09333333333333	142.93333333333334	142.98	143.0	143.12	142.97333333333333	143.0	142.86666666666667	143.04666666666665	142.96666666666667	142.87333333333333	143.21333333333334	143.08666666666667	143.16666666666666	142.92	142.98	142.95333333333335	143.05333333333334	143.21333333333334	143.0	142.7	143.12666666666667	143.07333333333332	142.94	142.67333333333335	142.38666666666666	141.05333333333334	135.25333333333333	0.0
0.0	135.2	141.18	142.29333333333332	142.77333333333334	142.87333333333333	142.99333333333334	143.18666666666667	143.31333333333333	143.16	142.89333333333335	142.87333333333333	143.0	142.92666666666668	142.82	143.19333333333333	142.82	142.92	143.08	143.02	143.06666666666666	143.06666666666666	143.08	143.03333333333333	142.8	142.96666666666667	142.83333333333334	142.9	142.91333333333333	143.00666666666666	142.90666666666667	143.03333333333333	143.13333333333333	142.80666666666667	143.14666666666668	143.08	142.95333333333335	142.83333333333334	143.03333333333333	143.06	142.85333333333332	142.95333333333335	143.01333333333332	142.97333333333333	143.04666666666665	142.97333333333333	142.90666666666667	143.14	142.98	142.89333333333335	143.21333333333334	143.12666666666667	142.86	142.92666666666668	143.16666666666666	142.96	143.14666666666668	143.08	143.02	143.12666666666667	143.03333333333333	142.96666666666667	143.06	143.20666666666668	143.12	142.9	143.15333333333334	142.95333333333335	142.94666666666666	142.18666666666667	141.17333333333335	134.96	0.0
0.0	135.14	141.08	142.45333333333335	142.76	143.11333333333334	142.98	143.01333333333332	143.17333333333335	142.88666666666666	142.98666666666668	142.98	143.02	142.99333333333334	142.95333333333335	143.07333333333332	143.00666666666666	143.12	143.12	142.96666666666667	142.87333333333333	143.14	143.16666666666666	143.01333333333332	142.89333333333335	142.86	143.07333333333332	142.96666666666667	143.09333333333333	142.91333333333333	143.06666666666666	143.05333333333334	143.1	142.76	142.84666666666666	143.03333333333333	142.94666666666666	143.08666666666667	142.88	142.98	142.72666666666666	142.83333333333334	142.88666666666666	142.95333333333335	142.86666666666667	142.81333333333333	142.90666666666667	143.00666666666666	143.08	143.14	143.16666666666666	142.9	142.94	142.98	142.99333333333334	143.10666666666665	142.72	142.88	142.84666666666666	143.38	143.05333333333334	142.74	143.03333333333333	143.0	143.01333333333332	143.04	142.99333333333334	142.82666666666665	142.64666666666668	142.24666666666667	141.28	135.08	0.0
0.0	134.98	141.34	142.40666666666667	142.96	143.1	143.1	143.1	143.07333333333332	143.32	143.01333333333332	143.21333333333334	143.23333333333332	142.98	142.98666666666668	142.98	143.22	143.24666666666667	143.12	143.12	143.04666666666665	142.97333333333333	143.06666666666666	143.04666666666665	143.05333333333334	143.06666666666666	143.02	142.92	143.1	143.0	143.14	143.16	142.95333333333335	143.03333333333333	143.1	142.92666666666668	143.01333333333332	143.07333333333332	143.02666666666667	143.11333333333334	143.10666666666665	143.08666666666667	142.84666666666666	143.08	143.12	143.00666666666666	143.05333333333334	143.1	143.18	143.19333333333333	143.01333333333332	142.98	142.99333333333334	143.11333333333334	143.12666666666667	143.19333333333333	143.18	143.11333333333334	143.24	143.16666666666666	143.04666666666665	143.04666666666665	143.04666666666665	142.74	142.91333333333333	142.92	142.88666666666666	143.08666666666667	142.94	142.71333333333334	141.18666666666667	135.23333333333332	0.0
0.0	135.42666666666668	141.03333333333333	142.48666666666668	142.66666666666666	142.82	142.98	142.94	142.96666666666667	142.7	143.01333333333332	143.08666666666667	142.89333333333335	142.53333333333333	142.7	142.85333333333332	142.91333333333333	142.84	142.75333333333333	142.74666666666667	142.91333333333333	143.10666666666665	142.99333333333334	142.85333333333332	142.99333333333334	142.88	143.02666666666667	142.99333333333334	142.83333333333334	142.84	143.03333333333333	142.95333333333335	143.15333333333334	143.03333333333333	143.01333333333332	142.80666666666667	142.85333333333332	143.03333333333333	143.02666666666667	143.04666666666665	142.86	142.82666666666665	143.05333333333334	142.86666666666667	143.06	142.98	142.9	142.94666666666666	143.07333333333332	143.15333333333334	143.13333333333333	143.04666666666665	142.79333333333332	142.72666666666666	142.71333333333334	143.15333333333334	142.94666666666666	142.82666666666665	142.91333333333333	143.0	142.88666666666666	142.84	142.84666666666666	143.03333333333333	142.96666666666667	142.88	143.12666666666667	142.8	142.78	142.53333333333333	141.43333333333334	135.35333333333332	0.0
0.0	135.40666666666667	141.38	142.49333333333334	142.80666666666667	142.75333333333333	142.88	142.8	142.97333333333333	143.11333333333334	142.81333333333333	142.98666666666668	142.99333333333334	143.10666666666665	142.96	143.04666666666665	143.0	143.03333333333333	143.12666666666667	142.80666666666667	142.91333333333333	143.14666666666668	142.86666666666667	142.99333333333334	142.96	143.0	143.28666666666666	142.98666666666668	142.96666666666667	143.06666666666666	143.00666666666666	142.90666666666667	142.91333333333333	143.02	142.9	143.15333333333334	142.91333333333333	143.07333333333332	142.92	142.91333333333333	142.98666666666668	142.99333333333334	142.94666666666666	142.9	142.92	143.11333333333334	143.17333333333335	142.96	143.03333333333333	142.84	142.98	142.82	143.03333333333333	143.05333333333334	142.98	143.35333333333332	142.98	143.11333333333334	142.88666666666666	142.98666666666668	142.93333333333334	142.94666666666666	142.77333333333334	142.73333333333332	143.18	142.83333333333334	142.91333333333333	143.06666666666666	142.75333333333333	142.26	141.06	135.00666666666666	0.0
0.0	134.99333333333334	141.14	142.41333333333333	142.6	142.75333333333333	142.94	142.66666666666666	142.77333333333334	142.95333333333335	142.87333333333333	142.88666666666666	143.00666666666666	142.63333333333333	142.74666666666667	142.7	142.92	142.88666666666666	142.74666666666667	142.96666666666667	142.78	142.96666666666667	142.94666666666666	142.78666666666666	142.97333333333333	142.89333333333335	142.99333333333334	142.72	142.77333333333334	142.68	142.84	143.2	142.66	142.79333333333332	142.88666666666666	142.78666666666666	142.68	142.73333333333332	142.90666666666667	142.83333333333334	142.85333333333332	142.71333333333334	142.80666666666667	142.97333333333333	142.61333333333334	143.04666666666665	142.77333333333334	142.8	143.00666666666666	142.79333333333332	142.86666666666667	142.93333333333334	142.89333333333335	142.82	142.94666666666666	142.82	143.02666666666667	142.93333333333334	142.96	142.88	142.92	142.75333333333333	142.70666666666668	142.85333333333332	142.82666666666665	142.79333333333332	142.64666666666668	143.02666666666667	142.62666666666667	142.46	141.06	134.86	0.0
0.0	135.24666666666667	141.19333333333333	142.72	142.67333333333335	142.90666666666667	143.0	143.04666666666665	142.76	142.79333333333332	142.92	143.0	143.06666666666666	143.16	142.88	142.94666666666666	142.94666666666666	142.94	143.03333333333333	142.92	142.8	142.84666666666666	143.01333333333332	143.11333333333334	143.03333333333333	143.23333333333332	142.96	143.07333333333332	143.06	142.98	142.96	142.88	142.88666666666666	142.93333333333334	143.11333333333334	143.00666666666666	143.01333333333332	142.94666666666666	142.98	142.86	143.16	143.14	143.0	142.93333333333334	143.00666666666666	142.79333333333332	142.85333333333332	142.8	142.75333333333333	142.95333333333335	142.93333333333334	143.02666666666667	142.81333333333333	142.82666666666665	143.01333333333332	142.84	143.12666666666667	142.98666666666668	143.0	142.98666666666668	142.91333333333333	142.82666666666665	142.82	142.76	143.04	142.94666666666666	142.92	142.98	142.84	142.45333333333335	141.07333333333332	134.88	0.0
0.0	135.04666666666665	141.24	142.25333333333333	142.60666666666665	143.06666666666666	143.02666666666667	142.83333333333334	142.84666666666666	142.81333333333333	142.89333333333335	142.92666666666668	142.9	142.92666666666668	142.72	142.92	142.78	143.06	142.93333333333334	142.63333333333333	142.70666666666668	142.60666666666665	142.72	142.74666666666667	142.74	143.08666666666667	142.77333333333334	143.02666666666667	142.74666666666667	143.08666666666667	143.02666666666667	142.98	142.78666666666666	142.97333333333333	143.03333333333333	142.91333333333333	143.01333333333332	142.88666666666666	142.92	142.91333333333333	142.67333333333335	143.07333333333332	142.87333333333333	142.97333333333333	142.85333333333332	142.98666666666668	142.99333333333334	142.94666666666666	142.87333333333333	142.92	142.90666666666667	143.03333333333333	143.05333333333334	142.85333333333332	142.93333333333334	142.65333333333334	142.82	142.8	142.92	142.87333333333333	142.88666666666666	143.04666666666665	142.85333333333332	142.86	142.75333333333333	143.06666666666666	142.94	142.91333333333333	142.74	142.04	141.29333333333332	135.02	0.0
0.0	134.98666666666668	141.00666666666666	142.13333333333333	142.78666666666666	143.08	142.71333333333334	142.80666666666667	142.9	142.89333333333335	142.78	142.88	142.8	142.81333333333333	142.82	142.74666666666667	142.94666666666666	143.06666666666666	142.76	142.87333333333333	142.64	142.94	142.59333333333333	142.75333333333333	142.7	143.06666666666666	142.93333333333334	142.83333333333334	142.76666666666668	142.61333333333334	143.05333333333334	142.71333333333334	142.84666666666666	142.68	142.78666666666666	142.82666666666665	142.91333333333333	143.21333333333334	142.86	142.92	142.82	142.66	142.90666666666667	142.58	142.86666666666667	143.15333333333334	142.97333333333333	142.93333333333334	142.90666666666667	142.72	142.93333333333334	142.73333333333332	142.78666666666666	142.9	142.78666666666666	142.74666666666667	143.08666666666667	142.84666666666666	142.90666666666667	142.82	142.93333333333334	142.85333333333332	142.92666666666668	142.85333333333332	143.02666666666667	142.68666666666667	142.86	142.8	142.69333333333333	142.60666666666665	141.43333333333334	134.78	0.0
0.0	135.16	141.25333333333333	142.58666666666667	142.72666666666666	143.15333333333334	143.15333333333334	143.25333333333333	142.82666666666665	143.06666666666666	142.94666666666666	143.06666666666666	142.88666666666666	142.85333333333332	142.93333333333334	143.08666666666667	143.1	142.81333333333333	142.84666666666666	142.95333333333335	142.84	143.06	142.98	143.00666666666666	143.14	142.88666666666666	143.16	142.99333333333334	142.87333333333333	143.03333333333333	142.92	143.10666666666665	142.86666666666667	143.12	143.05333333333334	142.86	143.20666666666668	143.06666666666666	142.99333333333334	142.99333333333334	142.92666666666668	143.1	143.06666666666666	142.96	142.82	143.11333333333334	143.08666666666667	142.96	143.15333333333334	143.02666666666667	142.93333333333334	143.08666666666667	142.95333333333335	142.93333333333334	143.16	143.09333333333333	142.86666666666667	142.9	143.07333333333332	143.16	142.94	142.94666666666666	142.93333333333334	142.73333333333332	142.89333333333335	142.84666666666666	142.80666666666667	142.93333333333334	142.77333333333334	142.52	141.24	134.86666666666667	0.0
0.0	135.02666666666667	141.30666666666667	142.61333333333334	142.99333333333334	143.19333333333333	143.06	143.23333333333332	143.12	143.36	143.34	143.27333333333334	143.24	143.24	143.15333333333334	143.16	143.31333333333333	143.03333333333333	143.08	143.25333333333333	143.26666666666668	143.08666666666667	143.22666666666666	143.04	143.06	143.14	143.22666666666666	143.28666666666666	143.24666666666667	143.16666666666666	142.98	143.23333333333332	143.27333333333334	143.02	143.28	143.17333333333335	143.37333333333333	143.23333333333332	143.42666666666668	143.22666666666666	143.02	143.17333333333335	143.08	143.27333333333334	143.04	143.24	143.05333333333334	143.04666666666665	142.97333333333333	143.15333333333334	143.12666666666667	143.23333333333332	143.02	143.10666666666665	142.94	143.12666666666667	143.25333333333333	143.15333333333334	143.38	143.25333333333333	143.16666666666666	143.16666666666666	143.08666666666667	143.27333333333334	143.31333333333333	142.9	143.11333333333334	143.04	142.74666666666667	142.43333333333334	141.32	135.08	0.0
0.0	135.22666666666666	141.08	142.29333333333332	142.9	142.85333333333332	142.72666666666666	142.68666666666667	142.87333333333333	142.70666666666668	143.01333333333332	143.01333333333332	142.87333333333333	142.42666666666668	142.87333333333333	142.68	142.74666666666667	142.63333333333333	142.89333333333335	142.82666666666665	142.63333333333333	142.64	142.71333333333334	142.76	142.92	142.82666666666665	142.63333333333333	142.92666666666668	142.70666666666668	142.83333333333334	142.59333333333333	142.77333333333334	142.79333333333332	142.70666666666668	142.80666666666667	142.64	143.0	142.78	142.88	142.92666666666668	142.62666666666667	142.73333333333332	142.64	142.76666666666668	142.77333333333334	142.85333333333332	142.84666666666666	142.83333333333334	142.89333333333335	142.82	142.55333333333334	142.78	142.66	142.8	143.00666666666666	142.88	142.88666666666666	142.82	142.82	142.96	142.83333333333334	142.66666666666666	142.93333333333334	142.68666666666667	142.63333333333333	142.66	142.66	142.66666666666666	142.56666666666666	142.38666666666666	141.05333333333334	135.3	0.0
0.0	134.90666666666667	141.35333333333332	142.38	142.80666666666667	142.76	142.78	143.19333333333333	143.02666666666667	142.88666666666666	142.80666666666667	143.02666666666667	143.00666666666666	142.96	142.88666666666666	142.65333333333334	143.00666666666666	142.88666666666666	142.87333333333333	142.90666666666667	142.76666666666668	142.84666666666666	142.84	143.05333333333334	142.94	142.92	143.04666666666665	143.22	143.12666666666667	142.86	142.97333333333333	143.04666666666665	142.91333333333333	143.02	142.76666666666668	143.02	143.00666666666666	142.95333333333335	142.84	142.94	143.04666666666665	142.96	142.87333333333333	143.03333333333333	142.69333333333333	142.99333333333334	142.93333333333334	142.91333333333333	143.11333333333334	143.28	142.93333333333334	142.88	142.9	142.88666666666666	143.11333333333334	142.83333333333334	143.16	142.83333333333334	142.76666666666668	142.92	142.93333333333334	143.12	143.02666666666667	143.02666666666667	142.94	143.12	143.08666666666667	142.94666666666666	142.86	142.35333333333332	140.94666666666666	134.76	0.0
0.0	135.08666666666667	141.28	142.74666666666667	142.81333333333333	143.02666666666667	143.17333333333335	143.22666666666666	143.05333333333334	143.07333333333332	143.25333333333333	143.10666666666665	143.12	143.36666666666667	143.13333333333333	143.05333333333334	143.08	143.22	142.96	143.26666666666668	143.02666666666667	143.04	142.85333333333332	142.94	142.99333333333334	143.23333333333332	143.12	143.18	142.94666666666666	143.08666666666667	143.11333333333334	143.04	143.24666666666667	143.08	143.05333333333334	142.89333333333335	142.98666666666668	143.30666666666667	142.96666666666667	143.21333333333334	143.2	143.10666666666665	143.36	142.98666666666668	142.98666666666668	142.98	143.07333333333332	143.10666666666665	143.22	143.02	143.11333333333334	142.99333333333334	142.89333333333335	142.96666666666667	142.94	143.14666666666668	143.18	143.16	142.87333333333333	143.29333333333332	143.14	143.08	142.94	142.95333333333335	142.96	143.02	143.1	142.9	142.72666666666666	142.66	141.22666666666666	135.20666666666668	0.0
0.0	135.18666666666667	141.15333333333334	142.36	142.98666666666668	142.74	142.75333333333333	143.19333333333333	142.89333333333335	143.0	142.93333333333334	142.58	142.83333333333334	142.86666666666667	143.06	143.04	143.0	142.85333333333332	142.86666666666667	143.06	142.84	142.83333333333334	142.87333333333333	142.77333333333334	142.76666666666668	142.64666666666668	143.00666666666666	142.85333333333332	142.66	142.82	142.97333333333333	142.89333333333335	142.94666666666666	142.77333333333334	142.94666666666666	142.90666666666667	142.59333333333333	142.74	142.91333333333333	142.88	142.88	142.84	142.98	143.02	142.86666666666667	142.90666666666667	142.94	142.87333333333333	142.86666666666667	142.84666666666666	142.86	142.78	142.94	142.71333333333334	142.96666666666667	142.69333333333333	142.71333333333334	142.84666666666666	142.94	142.91333333333333	142.90666666666667	142.96	143.02666666666667	142.64	143.0	143.02	142.78	142.8	142.66	142.58	141.32666666666665	135.52666666666667	0.0
0.0	134.88666666666666	141.28666666666666	142.39333333333335	142.85333333333332	143.07333333333332	142.86666666666667	143.14666666666668	143.14	143.12	142.82	143.04	143.05333333333334	142.72666666666666	142.97333333333333	142.87333333333333	142.88666666666666	142.88	143.00666666666666	142.70666666666668	142.86	143.0	143.00666666666666	142.78	142.93333333333334	143.13333333333333	143.24666666666667	142.98666666666668	143.1	142.85333333333332	142.96666666666667	143.06	143.15333333333334	142.81333333333333	143.03333333333333	143.06666666666666	142.96666666666667	142.80666666666667	142.97333333333333	143.04	143.22	142.85333333333332	142.89333333333335	143.08	142.84666666666666	143.12	143.07333333333332	142.92	142.95333333333335	142.98	142.87333333333333	142.84666666666666	142.8	143.00666666666666	143.08666666666667	143.15333333333334	143.02666666666667	142.84	143.32	143.08666666666667	143.01333333333332	142.94	143.07333333333332	142.86666666666667	142.64666666666668	142.87333333333333	142.92666666666668	142.69333333333333	142.83333333333334	142.63333333333333	141.33333333333334	135.46	0.0
0.0	135.1	141.18666666666667	142.41333333333333	142.69333333333333	142.68666666666667	142.96	142.80666666666667	142.90666666666667	142.74666666666667	142.98666666666668	142.80666666666667	143.11333333333334	142.84	142.82	142.76666666666668	142.76	142.76666666666668	142.65333333333334	142.82666666666665	142.82666666666665	142.68	142.83333333333334	142.79333333333332	142.86	142.73333333333332	142.62666666666667	142.76	143.04666666666665	142.96666666666667	143.05333333333334	142.69333333333333	142.95333333333335	142.99333333333334	142.93333333333334	142.78	142.74666666666667	142.81333333333333	143.02666666666667	142.96666666666667	142.92	142.81333333333333	143.02	142.86666666666667	143.00666666666666	142.99333333333334	142.86666666666667	142.98666666666668	142.85333333333332	142.78666666666666	143.08	142.64666666666668	142.92	142.92666666666668	142.64666666666668	142.96	142.85333333333332	143.03333333333333	142.76	142.88666666666666	142.97333333333333	142.89333333333335	142.83333333333334	142.88	142.91333333333333	142.94666666666666	142.84	142.79333333333332	142.76666666666668	142.28666666666666	140.92666666666668	134.98666666666668	0.0
0.0	134.75333333333333	141.34666666666666	142.39333333333335	142.64	142.75333333333333	142.80666666666667	143.04	143.04666666666665	143.16	142.91333333333333	142.97333333333333	142.62666666666667	142.75333333333333	142.9	142.78666666666666	142.91333333333333	142.99333333333334	143.21333333333334	142.88666666666666	143.1	143.04	142.9	142.70666666666668	143.05333333333334	143.12	142.69333333333333	142.81333333333333	142.98	142.84666666666666	142.82	142.85333333333332	142.56	142.65333333333334	142.77333333333334	142.78666666666666	142.90666666666667	142.92	143.04666666666665	142.98	142.83333333333334	143.1	142.81333333333333	142.88666666666666	142.8	142.96666666666667	143.16	142.84666666666666	142.76	142.89333333333335	143.05333333333334	142.82	142.87333333333333	143.16666666666666	143.23333333333332	143.02666666666667	142.8	143.02	142.94666666666666	142.88	142.94666666666666	142.74	142.93333333333334	143.05333333333334	143.14666666666668	142.94	142.86666666666667	142.87333333333333	142.49333333333334	142.3	141.30666666666667	135.18666666666667	0.0
0.0	135.4	141.67333333333335	142.82	143.15333333333334	142.96666666666667	143.44	143.13333333333333	143.19333333333333	143.15333333333334	143.08	142.95333333333335	143.10666666666665	142.97333333333333	143.11333333333334	143.16666666666666	143.12666666666667	143.38	143.45333333333335	143.24666666666667	143.11333333333334	143.54666666666665	143.34	143.14	143.33333333333334	143.32666666666665	143.1	143.15333333333334	143.4	143.23333333333332	143.09333333333333	143.23333333333332	143.18666666666667	143.2	143.12666666666667	143.02	143.27333333333334	143.12666666666667	143.05333333333334	143.27333333333334	143.13333333333333	143.03333333333333	143.03333333333333	143.08666666666667	143.16666666666666	143.19333333333333	143.09333333333333	143.29333333333332	143.23333333333332	143.2	143.13333333333333	143.43333333333334	143.18666666666667	143.16666666666666	143.14	143.16	143.31333333333333	142.99333333333334	143.41333333333333	143.28666666666666	143.17333333333335	143.26666666666668	143.08	143.12	143.15333333333334	143.12666666666667	143.26	143.16666666666666	143.08	142.67333333333335	141.5	135.53333333333333	0.0
0.0	135.29333333333332	141.39333333333335	142.46	142.98	143.28	143.10666666666665	143.48666666666668	143.32666666666665	143.01333333333332	143.00666666666666	143.02	143.03333333333333	143.35333333333332	143.15333333333334	142.93333333333334	142.94666666666666	142.94	142.99333333333334	143.21333333333334	143.07333333333332	143.06666666666666	142.93333333333334	143.16	142.89333333333335	143.04	143.06666666666666	143.21333333333334	143.09333333333333	143.21333333333334	142.99333333333334	143.00666666666666	143.08666666666667	143.10666666666665	143.03333333333333	142.94	142.86666666666667	143.0	143.01333333333332	143.21333333333334	143.15333333333334	143.17333333333335	142.97333333333333	143.18	143.05333333333334	143.25333333333333	143.06	142.97333333333333	143.03333333333333	143.25333333333333	143.23333333333332	143.09333333333333	142.86666666666667	142.95333333333335	142.92666666666668	143.13333333333333	143.22666666666666	142.97333333333333	143.17333333333335	143.18	143.1	143.18666666666667	143.15333333333334	143.12666666666667	143.11333333333334	143.22666666666666	143.13333333333333	143.08	142.88	142.64666666666668	141.29333333333332	134.93333333333334	0.0
0.0	135.14666666666668	141.24666666666667	142.54	142.87333333333333	143.03333333333333	142.93333333333334	143.15333333333334	142.92	143.16	142.94666666666666	143.26666666666668	143.06666666666666	142.94666666666666	143.14	142.94666666666666	142.94	143.09333333333333	143.01333333333332	143.06666666666666	143.07333333333332	143.22	142.94666666666666	142.86666666666667	142.94666666666666	142.82	142.96	143.04666666666665	143.18	143.12666666666667	143.18666666666667	143.21333333333334	143.30666666666667	143.11333333333334	142.59333333333333	143.04666666666665	143.10666666666665	143.15333333333334	142.94	143.14	142.86	142.92	142.98666666666668	142.80666666666667	143.14666666666668	142.96666666666667	143.12	143.02	143.22	143.05333333333334	142.9	142.90666666666667	142.99333333333334	143.02666666666667	142.82666666666665	143.08666666666667	143.01333333333332	143.07333333333332	142.84666666666666	143.03333333333333	143.07333333333332	143.05333333333334	143.2	142.76666666666668	143.02	143.06666666666666	143.05333333333334	143.24	142.75333333333333	142.4	141.38666666666666	134.99333333333334	0.0
0.0	135.39333333333335	141.22	142.36	142.87333333333333	142.88666666666666	143.15333333333334	143.10666666666665	142.98666666666668	142.84	143.08	143.02666666666667	143.04666666666665	143.1	143.04	143.04	143.14	143.03333333333333	142.82666666666665	143.00666666666666	143.08666666666667	143.05333333333334	143.03333333333333	142.78666666666666	142.88666666666666	142.88666666666666	142.9	143.03333333333333	142.94	142.82	142.80666666666667	143.14666666666668	143.16	143.13333333333333	143.01333333333332	143.03333333333333	143.0	142.95333333333335	142.82666666666665	142.91333333333333	142.76666666666668	143.18	143.18	143.21333333333334	143.06	142.94	143.21333333333334	143.04666666666665	143.00666666666666	142.82	142.99333333333334	142.82	142.92666666666668	142.94	143.07333333333332	143.18	142.94666666666666	143.26	142.94	142.83333333333334	142.84666666666666	143.08	143.07333333333332	142.96	142.81333333333333	142.67333333333335	143.12	142.89333333333335	142.84	142.33333333333334	141.34	135.46	0.0
0.0	135.48	141.33333333333334	142.7	142.90666666666667	143.33333333333334	143.28	143.06666666666666	143.11333333333334	143.22	143.22	143.04	143.27333333333334	143.27333333333334	143.0	143.13333333333333	143.28	143.37333333333333	143.17333333333335	143.36666666666667	143.37333333333333	143.18666666666667	143.23333333333332	143.02666666666667	143.06666666666666	143.18666666666667	143.18	143.10666666666665	142.89333333333335	142.86	143.22	143.34	143.02	143.04666666666665	143.0	142.89333333333335	143.11333333333334	142.97333333333333	143.28	143.04	143.08666666666667	142.95333333333335	143.16666666666666	143.24	143.18666666666667	143.02	143.14666666666668	142.88	143.14666666666668	142.92	142.85333333333332	143.17333333333335	143.00666666666666	142.87333333333333	143.04	143.16666666666666	142.97333333333333	143.2	143.28666666666666	143.06	143.26666666666668	143.12	143.07333333333332	143.29333333333332	143.0	143.00666666666666	143.03333333333333	143.15333333333334	143.02	142.50666666666666	141.38666666666666	135.16	0.0
0.0	135.00666666666666	141.22666666666666	142.56	142.66666666666666	142.82	143.1	142.97333333333333	143.02	143.08666666666667	142.86666666666667	143.06	142.92	142.82	142.99333333333334	142.94	142.93333333333334	143.02	142.92666666666668	143.08666666666667	142.98	143.24666666666667	143.06	142.80666666666667	142.95333333333335	143.34	143.12666666666667	143.07333333333332	143.2	143.08666666666667	142.98666666666668	143.07333333333332	142.85333333333332	142.64666666666668	142.74666666666667	142.95333333333335	142.90666666666667	142.90666666666667	143.05333333333334	142.91333333333333	143.06666666666666	143.18666666666667	143.1	143.14666666666668	143.07333333333332	143.08	143.1	143.10666666666665	142.94	143.02666666666667	142.89333333333335	142.92	143.02	142.70666666666668	143.05333333333334	143.11333333333334	143.09333333333333	143.00666666666666	142.95333333333335	143.00666666666666	143.13333333333333	142.95333333333335	142.86666666666667	143.04	142.85333333333332	142.82	143.10666666666665	142.82	142.86666666666667	142.54666666666665	141.18666666666667	135.14	0.0
0.0	135.37333333333333	141.18	142.38666666666666	142.76	143.11333333333334	142.84	143.02666666666667	143.12666666666667	142.81333333333333	142.96	142.97333333333333	142.89333333333335	142.88	142.88666666666666	142.87333333333333	142.87333333333333	142.79333333333332	143.22	143.02	142.74	142.72	142.93333333333334	142.96	143.12	142.98	142.90666666666667	143.25333333333333	142.96666666666667	142.68666666666667	143.01333333333332	143.00666666666666	142.83333333333334	142.91333333333333	143.04	142.94666666666666	143.2	143.05333333333334	143.08666666666667	142.97333333333333	142.88	143.01333333333332	143.02666666666667	142.9	142.92	143.02666666666667	142.82	143.20666666666668	143.24	142.94666666666666	143.08666666666667	142.97333333333333	142.58666666666667	142.78666666666666	142.50666666666666	142.94	143.08666666666667	142.90666666666667	143.07333333333332	143.02666666666667	142.93333333333334	143.05333333333334	142.91333333333333	142.8	142.99333333333334	142.84666666666666	142.98	143.02	142.87333333333333	142.40666666666667	141.12	135.14666666666668	0.0
0.0	135.28	141.32	142.63333333333333	143.13333333333333	142.90666666666667	142.96666666666667	143.11333333333334	143.22666666666666	143.2	143.26666666666668	143.11333333333334	143.32666666666665	143.01333333333332	143.03333333333333	143.35333333333332	143.34	143.08666666666667	143.36666666666667	143.16666666666666	143.02	143.09333333333333	143.11333333333334	143.23333333333332	142.97333333333333	143.27333333333334	142.81333333333333	143.06666666666666	143.19333333333333	142.71333333333334	143.10666666666665	143.14666666666668	143.14666666666668	143.17333333333335	143.14	143.15333333333334	143.26666666666668	143.06	143.13333333333333	143.38666666666666	143.32666666666665	143.04666666666665	143.18666666666667	143.08666666666667	143.29333333333332	143.20666666666668	143.22666666666666	143.38666666666666	143.02666666666667	143.16	143.18	143.19333333333333	143.16	143.11333333333334	143.11333333333334	142.90666666666667	143.20666666666668	143.20666666666668	142.97333333333333	143.06666666666666	143.08666666666667	143.15333333333334	143.33333333333334	143.01333333333332	143.09333333333333	142.92	143.06	143.14	143.0	142.39333333333335	141.17333333333335	135.09333333333333	0.0
0.0	135.09333333333333	140.90666666666667	142.63333333333333	142.72666666666666	142.99333333333334	142.76666666666668	142.78	142.92	142.90666666666667	142.88	143.06666666666666	143.13333333333333	143.0	142.96	143.09333333333333	143.12666666666667	143.02	142.98	142.83333333333334	143.06	142.92	142.98666666666668	143.00666666666666	143.16	142.94	143.05333333333334	142.94	142.92	142.91333333333333	143.07333333333332	143.09333333333333	143.22	142.98666666666668	142.75333333333333	143.23333333333332	142.92	143.16666666666666	142.80666666666667	143.0	143.03333333333333	142.98666666666668	143.16	143.22666666666666	142.85333333333332	142.93333333333334	142.90666666666667	142.90666666666667	143.03333333333333	142.96	143.14	143.08	143.13333333333333	143.3	143.13333333333333	143.01333333333332	142.98666666666668	143.00666666666666	143.12666666666667	143.09333333333333	143.18	142.96	142.87333333333333	143.13333333333333	142.99333333333334	142.9	142.94666666666666	143.06	142.69333333333333	142.65333333333334	141.31333333333333	135.32666666666665	0.0
0.0	135.32	141.13333333333333	142.46666666666667	142.74	142.82	143.20666666666668	143.07333333333332	143.27333333333334	142.84666666666666	143.24666666666667	142.87333333333333	143.0	142.96	142.90666666666667	143.09333333333333	142.91333333333333	143.22	142.88666666666666	143.04	142.92	142.92666666666668	143.09333333333333	143.01333333333332	142.97333333333333	142.95333333333335	143.08666666666667	143.05333333333334	143.06666666666666	143.02	142.92666666666668	142.99333333333334	143.1	142.92666666666668	143.02	143.07333333333332	142.88	142.92	142.92	142.96666666666667	142.99333333333334	143.09333333333333	143.12666666666667	142.86666666666667	142.87333333333333	143.16666666666666	142.8	143.20666666666668	142.92666666666668	143.05333333333334	142.88	142.76	143.17333333333335	143.15333333333334	142.84666666666666	142.90666666666667	142.78666666666666	142.76666666666668	143.20666666666668	142.99333333333334	142.94	142.88	142.84	143.08	143.07333333333332	143.20666666666668	142.8	143.0	142.9	142.47333333333333	141.3	135.23333333333332	0.0
0.0	134.84	141.07333333333332	142.32666666666665	142.84	142.7	143.09333333333333	142.92	143.13333333333333	142.74666666666667	142.96666666666667	143.08666666666667	143.11333333333334	143.04	143.15333333333334	142.96	143.01333333333332	142.93333333333334	143.01333333333332	143.25333333333333	142.93333333333334	142.88666666666666	142.96	143.18	143.01333333333332	143.09333333333333	143.12666666666667	142.96666666666667	142.86	143.2	143.03333333333333	143.03333333333333	143.02	142.95333333333335	142.86	143.07333333333332	142.92666666666668	143.05333333333334	142.98	142.86	143.07333333333332	142.99333333333334	142.98666666666668	143.02	143.08	143.07333333333332	142.97333333333333	142.82	143.08666666666667	143.01333333333332	142.94666666666666	143.14	142.90666666666667	142.96	142.64666666666668	142.89333333333335	143.08666666666667	143.16	143.00666666666666	143.04	142.71333333333334	143.1	142.96	143.17333333333335	142.94	142.86666666666667	143.03333333333333	142.74	142.69333333333333	142.34	141.11333333333334	135.26666666666668	0.0
0.0	135.42	141.33333333333334	142.46	142.9	143.02	142.93333333333334	143.03333333333333	143.09333333333333	142.90666666666667	143.12	143.19333333333333	143.04666666666665	143.30666666666667	143.02666666666667	143.06	143.14666666666668	142.88	143.07333333333332	142.94666666666666	143.25333333333333	143.09333333333333	143.25333333333333	143.05333333333334	143.16	143.04666666666665	142.92666666666668	142.9	143.13333333333333	143.02666666666667	142.80666666666667	142.98	143.26	143.13333333333333	143.25333333333333	142.96	143.1	142.96666666666667	143.03333333333333	143.3	143.08	142.72666666666666	143.05333333333334	143.09333333333333	143.11333333333334	143.14666666666668	143.14	143.21333333333334	143.06666666666666	142.88666666666666	142.98666666666668	143.1	143.0	142.96666666666667	142.96	143.00666666666666	143.06	143.04666666666665	143.1	142.98666666666668	143.14666666666668	142.87333333333333	143.23333333333332	143.08	143.0	142.94666666666666	143.20666666666668	142.77333333333334	142.9	142.66666666666666	141.29333333333332	135.08666666666667	0.0
0.0	135.13333333333333	141.4	142.49333333333334	143.17333333333335	142.84	142.96666666666667	143.02	143.12666666666667	142.98666666666668	143.17333333333335	143.12666666666667	143.06	143.05333333333334	143.18	143.1	143.13333333333333	143.11333333333334	143.20666666666668	142.96	143.08	143.08	143.1	143.2	143.00666666666666	142.87333333333333	143.05333333333334	142.9	143.09333333333333	143.10666666666665	143.2	143.01333333333332	143.17333333333335	143.14	143.15333333333334	143.28666666666666	142.91333333333333	142.92666666666668	142.86666666666667	143.12666666666667	143.06	142.89333333333335	143.17333333333335	142.98	143.10666666666665	143.0	143.16666666666666	143.3	143.08	143.13333333333333	143.18666666666667	143.2	143.11333333333334	142.78666666666666	143.18666666666667	143.09333333333333	142.95333333333335	143.01333333333332	142.79333333333332	142.88	143.16	142.98666666666668	143.15333333333334	143.13333333333333	143.09333333333333	142.94	143.14666666666668	143.05333333333334	142.93333333333334	142.62666666666667	141.28	135.14666666666668	0.0
0.0	135.42	141.32	142.58	142.68	142.73333333333332	143.12666666666667	143.10666666666665	143.02	142.92666666666668	142.99333333333334	142.82666666666665	143.00666666666666	143.04666666666665	143.04	142.91333333333333	143.24666666666667	143.24	143.02666666666667	142.94666666666666	143.16	143.04666666666665	143.16666666666666	143.0	142.88666666666666	142.86	142.89333333333335	143.14	143.01333333333332	142.99333333333334	142.93333333333334	143.19333333333333	143.11333333333334	143.2	143.02	143.02	142.92666666666668	142.96666666666667	143.21333333333334	143.1	142.94	142.98	143.00666666666666	143.13333333333333	142.76666666666668	142.98666666666668	142.98	142.87333333333333	142.92666666666668	143.09333333333333	143.18666666666667	143.15333333333334	142.99333333333334	142.9	143.0	143.09333333333333	143.02	143.05333333333334	143.09333333333333	142.97333333333333	142.75333333333333	143.08666666666667	143.04	143.1	143.22666666666666	143.05333333333334	142.86666666666667	142.98666666666668	142.87333333333333	142.57333333333332	141.15333333333334	135.14	0.0
0.0	135.24666666666667	141.20666666666668	142.56	142.94666666666666	143.18666666666667	143.06666666666666	142.94	143.12666666666667	143.02	142.98	143.12	142.96666666666667	143.28	143.18	143.29333333333332	143.12666666666667	143.15333333333334	143.06	143.04666666666665	143.00666666666666	143.27333333333334	143.32666666666665	143.07333333333332	143.01333333333332	143.07333333333332	142.96	143.00666666666666	142.92	143.22666666666666	143.04666666666665	142.7	142.86666666666667	143.07333333333332	142.98	143.04	143.19333333333333	142.99333333333334	143.28	143.12666666666667	143.09333333333333	143.05333333333334	143.24	143.02666666666667	143.05333333333334	143.01333333333332	143.15333333333334	142.88666666666666	143.08	143.06	143.02	142.96	142.9	142.86	142.95333333333335	143.04	142.93333333333334	143.24	143.06	143.02	142.97333333333333	142.96666666666667	143.09333333333333	143.41333333333333	142.98666666666668	143.04666666666665	143.02	142.9	142.91333333333333	142.54666666666665	141.17333333333335	135.08	0.0
0.0	135.36	141.4	142.59333333333333	143.05333333333334	143.04666666666665	142.92	143.07333333333332	142.87333333333333	143.13333333333333	143.26	143.1	143.22666666666666	143.23333333333332	143.45333333333335	143.13333333333333	143.23333333333332	143.03333333333333	143.0	143.04666666666665	143.08666666666667	143.00666666666666	143.1	143.17333333333335	143.09333333333333	143.10666666666665	143.02	143.16	142.84	143.04666666666665	142.92666666666668	143.22	143.25333333333333	142.92666666666668	143.24666666666667	142.94666666666666	143.08	143.24	143.09333333333333	143.15333333333334	143.26	143.07333333333332	143.07333333333332	143.23333333333332	143.05333333333334	143.16	143.1	142.96666666666667	143.07333333333332	143.36666666666667	143.37333333333333	143.3	143.39333333333335	143.09333333333333	142.94	143.26666666666668	143.2	143.06666666666666	142.84	143.15333333333334	143.12666666666667	143.04	142.98	143.12666666666667	142.91333333333333	143.08666666666667	142.87333333333333	143.01333333333332	142.86	142.58	141.40666666666667	135.27333333333334	0.0
0.0	135.38666666666666	141.08	142.42	142.80666666666667	142.67333333333335	142.76	142.65333333333334	142.75333333333333	142.90666666666667	142.88666666666666	142.62	142.84	142.65333333333334	142.60666666666665	142.78666666666666	142.78	142.68	142.86666666666667	142.75333333333333	142.76666666666668	142.86666666666667	142.9	142.87333333333333	142.96	142.74666666666667	142.81333333333333	142.9	143.06	142.94666666666666	142.66	142.64666666666668	142.69333333333333	142.95333333333335	142.89333333333335	142.61333333333334	142.92666666666668	142.6	142.77333333333334	142.85333333333332	142.63333333333333	142.78	142.80666666666667	142.72666666666666	142.71333333333334	142.74	142.79333333333332	143.09333333333333	143.00666666666666	142.85333333333332	142.82	142.72	142.74	142.78666666666666	142.62	142.78	142.84	142.72666666666666	142.58	142.77333333333334	142.96	142.85333333333332	142.8	142.76666666666668	142.95333333333335	142.81333333333333	142.88666666666666	142.87333333333333	142.77333333333334	142.31333333333333	141.12666666666667	135.36666666666667	0.0
0.0	135.32666666666665	141.0	142.38	142.96666666666667	142.68	143.15333333333334	143.08666666666667	143.02	142.98666666666668	143.02666666666667	143.24666666666667	143.21333333333334	143.00666666666666	143.17333333333335	143.18666666666667	143.12666666666667	143.16	143.08666666666667	142.95333333333335	142.81333333333333	143.08	142.98	143.0	142.85333333333332	143.09333333333333	143.09333333333333	143.01333333333332	142.82666666666665	142.99333333333334	143.15333333333334	142.92	142.93333333333334	143.06666666666666	143.02666666666667	142.82666666666665	143.14	142.96666666666667	142.90666666666667	142.92	142.94	143.14666666666668	143.08666666666667	143.28	142.95333333333335	142.84666666666666	143.02	142.98	143.18	143.02	142.95333333333335	143.03333333333333	142.94666666666666	143.1	142.94666666666666	143.2	143.04666666666665	143.10666666666665	142.97333333333333	142.98	142.96	143.12666666666667	143.07333333333332	143.27333333333334	143.03333333333333	143.03333333333333	143.14666666666668	142.94666666666666	142.86666666666667	142.62	141.19333333333333	134.72666666666666	0.0
0.0	135.1	141.09333333333333	142.12	142.73333333333332	143.02666666666667	143.0	142.82	143.02666666666667	142.84	142.88	143.26	142.62666666666667	143.1	143.08	142.83333333333334	142.94666666666666	142.62	143.03333333333333	142.99333333333334	142.98	142.69333333333333	143.09333333333333	142.94	142.84666666666666	142.98	142.94666666666666	142.94666666666666	142.87333333333333	142.77333333333334	142.77333333333334	142.9	142.88	142.83333333333334	142.68	142.74666666666667	142.8	142.78	142.78666666666666	142.67333333333335	142.94	142.56	142.92	142.96666666666667	142.9	142.64	142.76666666666668	142.92666666666668	142.94	143.04	142.71333333333334	142.81333333333333	142.74	142.80666666666667	142.9	143.08666666666667	142.8	142.98	142.74666666666667	142.98	142.84666666666666	143.02666666666667	142.92666666666668	143.01333333333332	142.88666666666666	142.95333333333335	142.86666666666667	142.74666666666667	142.59333333333333	142.16666666666666	141.02	135.08666666666667	0.0
0.0	135.29333333333332	141.22666666666666	142.19333333333333	142.56666666666666	142.78666666666666	142.85333333333332	142.92666666666668	142.91333333333333	143.02	143.0	142.81333333333333	142.89333333333335	142.96	142.80666666666667	143.00666666666666	142.99333333333334	142.90666666666667	142.84666666666666	142.82666666666665	142.75333333333333	142.94	142.99333333333334	142.68666666666667	142.73333333333332	142.76666666666668	142.89333333333335	143.03333333333333	142.88	142.74666666666667	142.72	142.97333333333333	142.94666666666666	142.96666666666667	142.83333333333334	142.63333333333333	142.87333333333333	142.77333333333334	142.88666666666666	142.99333333333334	142.84666666666666	142.97333333333333	142.91333333333333	143.09333333333333	143.00666666666666	142.96666666666667	142.85333333333332	142.84	142.83333333333334	142.91333333333333	143.04666666666665	143.10666666666665	142.93333333333334	143.12666666666667	142.86666666666667	142.92	142.71333333333334	143.01333333333332	143.06666666666666	142.94	142.90666666666667	143.07333333333332	142.81333333333333	143.01333333333332	143.3	143.11333333333334	143.14666666666668	142.76	142.8	142.48	141.27333333333334	135.23333333333332	0.0
0.0	135.34666666666666	141.08	142.57333333333332	142.83333333333334	143.04	143.04	143.01333333333332	142.88	142.89333333333335	143.1	143.23333333333332	143.07333333333332	143.12666666666667	143.07333333333332	143.20666666666668	143.03333333333333	143.12666666666667	142.84666666666666	142.97333333333333	143.06	143.05333333333334	143.08666666666667	143.08666666666667	142.96	142.88	143.23333333333332	142.95333333333335	143.32666666666665	143.23333333333332	143.03333333333333	143.1	143.26666666666668	143.24666666666667	143.28	142.94	143.10666666666665	143.12	143.04666666666665	142.96666666666667	142.96	143.08666666666667	142.95333333333335	143.14	142.96	142.97333333333333	143.15333333333334	143.08666666666667	143.17333333333335	143.17333333333335	143.07333333333332	143.22	143.08	143.01333333333332	143.11333333333334	143.06666666666666	142.98666666666668	143.13333333333333	143.00666666666666	142.99333333333334	142.88	142.94	143.15333333333334	143.12666666666667	143.1	143.08	142.8	143.02666666666667	142.76666666666668	142.6	141.32	135.1	0.0
0.0	135.46666666666667	141.36666666666667	142.47333333333333	142.99333333333334	142.89333333333335	143.03333333333333	143.02666666666667	143.18666666666667	143.02666666666667	142.99333333333334	142.87333333333333	142.93333333333334	142.9	143.11333333333334	143.16666666666666	143.04	143.06	142.99333333333334	143.19333333333333	142.98666666666668	143.0	143.04666666666665	143.00666666666666	142.87333333333333	143.22	143.19333333333333	142.79333333333332	142.96	142.94	142.94666666666666	142.95333333333335	143.16666666666666	143.14	143.14666666666668	143.02666666666667	143.01333333333332	143.18666666666667	143.12666666666667	142.96	143.17333333333335	142.94	143.13333333333333	143.22666666666666	142.94	142.93333333333334	142.98	142.9	143.0	142.86	143.03333333333333	143.16	142.99333333333334	143.07333333333332	143.01333333333332	143.0	143.21333333333334	143.13333333333333	143.11333333333334	143.13333333333333	143.14666666666668	142.79333333333332	143.27333333333334	142.89333333333335	143.2	143.08	142.92666666666668	143.08	142.78666666666666	142.46666666666667	140.98666666666668	135.28666666666666	0.0
0.0	135.01333333333332	141.20666666666668	142.46666666666667	142.62666666666667	142.93333333333334	142.93333333333334	142.83333333333334	142.80666666666667	143.10666666666665	142.94	142.97333333333333	142.77333333333334	143.02	143.02666666666667	143.07333333333332	143.04666666666665	142.93333333333334	142.96666666666667	143.10666666666665	142.94	143.01333333333332	142.86	143.11333333333334	143.12666666666667	143.16666666666666	143.25333333333333	142.98	143.42666666666668	143.19333333333333	142.97333333333333	142.98	143.12	143.06666666666666	143.17333333333335	143.2	143.17333333333335	142.97333333333333	143.13333333333333	143.07333333333332	143.03333333333333	143.17333333333335	143.07333333333332	142.8	143.02666666666667	142.95333333333335	143.04666666666665	143.06	143.14	143.21333333333334	142.99333333333334	143.13333333333333	142.98	143.02666666666667	143.06666666666666	143.12	142.96666666666667	143.05333333333334	142.80666666666667	143.12	143.03333333333333	143.22	142.91333333333333	142.96	142.98666666666668	143.13333333333333	143.06666666666666	143.20666666666668	142.91333333333333	142.56	141.28	135.11333333333334	0.0
0.0	135.57333333333332	141.16666666666666	142.32666666666665	142.78666666666666	142.92666666666668	143.01333333333332	142.96	142.82	142.82	143.02666666666667	142.76666666666668	142.88666666666666	142.79333333333332	143.00666666666666	142.88666666666666	143.02666666666667	142.82	142.78	142.77333333333334	142.88	142.83333333333334	143.01333333333332	143.02	143.11333333333334	142.92666666666668	142.95333333333335	142.71333333333334	142.69333333333333	142.76666666666668	142.83333333333334	142.95333333333335	142.77333333333334	142.76666666666668	142.77333333333334	142.72	142.97333333333333	142.89333333333335	143.14	143.07333333333332	142.81333333333333	142.92	142.72	143.08666666666667	143.02666666666667	143.01333333333332	143.16666666666666	142.93333333333334	142.98666666666668	143.09333333333333	142.72666666666666	143.03333333333333	142.98666666666668	142.82666666666665	143.03333333333333	143.14	142.94666666666666	142.92666666666668	142.72	142.81333333333333	142.93333333333334	142.82	143.02	142.85333333333332	143.04	142.86666666666667	142.72	142.70666666666668	142.63333333333333	142.22	141.05333333333334	135.04666666666665	0.0
0.0	135.12666666666667	141.14	142.55333333333334	142.84	142.97333333333333	142.70666666666668	143.0	143.08	143.11333333333334	143.41333333333333	143.22	143.04666666666665	143.02	143.01333333333332	142.91333333333333	142.92	142.95333333333335	143.01333333333332	143.02	142.96666666666667	143.26	143.08	142.98	143.22	143.12666666666667	142.86	143.14	143.20666666666668	143.05333333333334	142.82	143.18	143.08666666666667	142.94666666666666	142.86	142.85333333333332	142.83333333333334	142.92666666666668	143.04	143.07333333333332	143.27333333333334	142.90666666666667	143.08	142.98666666666668	142.98666666666668	142.84	143.07333333333332	143.19333333333333	143.03333333333333	143.00666666666666	143.09333333333333	143.06	143.16	142.98	143.04666666666665	143.08666666666667	143.06	143.22666666666666	142.88	143.00666666666666	143.1	143.18666666666667	143.20666666666668	143.08	142.96666666666667	143.0	142.98666666666668	142.63333333333333	142.68666666666667	142.70666666666668	141.19333333333333	135.14	0.0
0.0	135.35333333333332	141.08	142.37333333333333	143.04	143.03333333333333	142.77333333333334	142.71333333333334	142.96	142.87333333333333	142.82666666666665	142.94666666666666	142.92	142.85333333333332	142.83333333333334	143.04	142.76	143.02	142.94	142.92	142.99333333333334	142.89333333333335	143.11333333333334	142.94	142.90666666666667	143.06666666666666	143.00666666666666	142.71333333333334	143.01333333333332	142.86	143.21333333333334	143.04666666666665	142.99333333333334	142.74666666666667	143.05333333333334	142.97333333333333	143.02	142.81333333333333	142.75333333333333	143.15333333333334	142.88666666666666	142.88666666666666	142.82666666666665	142.94666666666666	143.02666666666667	142.82	142.78666666666666	142.7	142.83333333333334	143.01333333333332	143.06	143.06	142.83333333333334	142.9	142.66	142.93333333333334	142.95333333333335	142.86666666666667	142.9	142.88666666666666	142.99333333333334	143.02666666666667	142.78	142.9	142.77333333333334	143.07333333333332	142.78666666666666	142.81333333333333	142.56	142.5	141.47333333333333	135.10666666666665	0.0
0.0	134.88666666666666	140.96	142.4	142.74666666666667	142.88666666666666	142.78666666666666	142.76	142.88666666666666	142.98666666666668	142.68666666666667	142.88	142.9	142.99333333333334	143.17333333333335	143.12	142.88	142.76666666666668	142.88	142.87333333333333	142.98666666666668	142.84	143.03333333333333	142.86666666666667	142.92	142.91333333333333	142.78666666666666	142.76666666666668	142.65333333333334	143.02666666666667	142.61333333333334	142.87333333333333	142.71333333333334	142.68	142.97333333333333	142.86666666666667	142.84666666666666	142.85333333333332	143.0	142.64	142.86666666666667	142.83333333333334	142.94	142.87333333333333	142.92666666666668	142.97333333333333	142.69333333333333	142.88666666666666	142.81333333333333	142.80666666666667	142.83333333333334	142.86666666666667	142.95333333333335	142.74666666666667	142.91333333333333	143.00666666666666	142.78	142.96666666666667	143.11333333333334	143.04666666666665	143.0	143.11333333333334	142.91333333333333	142.99333333333334	142.70666666666668	143.10666666666665	142.96666666666667	142.84666666666666	142.97333333333333	142.26	140.88	134.92	0.0
0.0	135.03333333333333	141.15333333333334	142.09333333333333	142.46	142.74666666666667	142.66666666666666	142.55333333333334	142.8	143.06	143.01333333333332	142.8	142.88666666666666	142.8	142.78	142.72	143.01333333333332	142.84	142.92	142.72	142.72666666666666	142.66666666666666	142.76	142.66	143.01333333333332	142.78666666666666	142.67333333333335	142.98	143.02666666666667	143.04666666666665	142.8	142.77333333333334	142.56	142.81333333333333	142.80666666666667	142.79333333333332	142.76	142.86666666666667	142.86	142.77333333333334	142.72666666666666	142.72666666666666	142.82666666666665	142.71333333333334	142.78	142.62	142.84666666666666	142.91333333333333	142.82	142.75333333333333	142.82666666666665	142.82666666666665	143.04	142.74	142.84	142.94	142.87333333333333	142.96666666666667	142.86	142.70666666666668	142.87333333333333	142.91333333333333	142.78666666666666	142.81333333333333	142.86666666666667	142.85333333333332	142.93333333333334	142.8	142.76666666666668	142.22666666666666	141.02	134.86666666666667	0.0
0.0	135.29333333333332	141.06666666666666	142.26	142.86	142.84	142.95333333333335	143.07333333333332	143.0	143.17333333333335	143.09333333333333	142.88	143.16	143.00666666666666	143.08666666666667	142.92	142.83333333333334	142.91333333333333	143.07333333333332	143.22666666666666	142.76	142.79333333333332	142.90666666666667	143.04	142.92666666666668	142.85333333333332	143.02666666666667	142.95333333333335	143.08	142.82	142.90666666666667	142.81333333333333	142.94666666666666	143.10666666666665	143.07333333333332	143.00666666666666	142.98	142.82666666666665	142.92666666666668	142.99333333333334	142.90666666666667	143.01333333333332	143.12	142.94666666666666	143.03333333333333	142.90666666666667	143.01333333333332	142.85333333333332	142.93333333333334	142.91333333333333	143.11333333333334	143.10666666666665	143.08	142.92	142.96	143.20666666666668	142.88666666666666	143.14	143.01333333333332	143.06666666666666	142.95333333333335	143.01333333333332	142.84666666666666	143.18	142.86666666666667	142.9	143.04	142.96666666666667	142.87333333333333	142.63333333333333	141.23333333333332	135.02	0.0
0.0	135.17333333333335	141.14	142.16	142.63333333333333	142.76666666666668	142.63333333333333	142.66666666666666	142.52	142.8	142.62666666666667	142.72	142.69333333333333	142.76666666666668	142.71333333333334	142.82666666666665	142.59333333333333	142.66	142.83333333333334	142.77333333333334	142.85333333333332	142.64666666666668	142.76	142.52	142.57333333333332	142.55333333333334	142.72666666666666	142.7	142.67333333333335	142.78	142.67333333333335	142.67333333333335	142.95333333333335	142.73333333333332	142.85333333333332	142.49333333333334	142.58666666666667	142.88	142.57333333333332	142.66	142.8	142.82	142.69333333333333	142.83333333333334	142.72666666666666	142.56	142.71333333333334	142.76	142.59333333333333	142.80666666666667	142.89333333333335	142.9	142.86666666666667	142.71333333333334	142.76	142.74666666666667	142.7	142.79333333333332	142.81333333333333	142.88666666666666	142.8	142.97333333333333	142.68666666666667	142.88	142.73333333333332	142.73333333333332	142.69333333333333	142.47333333333333	142.65333333333334	142.21333333333334	140.96666666666667	135.36666666666667	0.0
0.0	134.78666666666666	141.12666666666667	142.22666666666666	142.58666666666667	142.84	142.64	142.74	142.84666666666666	142.86666666666667	142.61333333333334	142.66666666666666	142.74	142.68	142.64	142.81333333333333	142.62666666666667	142.78666666666666	142.87333333333333	142.66666666666666	142.64	142.6	142.91333333333333	142.9	142.86	142.90666666666667	142.92	142.76666666666668	142.85333333333332	142.78666666666666	142.62	142.65333333333334	142.66	142.80666666666667	142.71333333333334	142.96666666666667	142.92666666666668	142.70666666666668	142.97333333333333	142.96	142.70666666666668	142.88666666666666	143.1	142.82666666666665	142.86666666666667	142.77333333333334	142.97333333333333	142.98	142.90666666666667	142.72666666666666	142.78666666666666	142.86666666666667	142.68666666666667	142.86	142.84	142.9	142.8	142.9	142.96	142.66666666666666	142.71333333333334	142.89333333333335	142.62666666666667	142.99333333333334	142.83333333333334	142.97333333333333	142.94	142.69333333333333	142.66666666666666	142.56	141.25333333333333	135.12666666666667	0.0
0.0	135.48	141.07333333333332	142.28	142.76	142.88666666666666	143.07333333333332	142.99333333333334	143.12666666666667	143.02666666666667	143.04666666666665	142.87333333333333	143.07333333333332	143.02666666666667	143.02666666666667	142.93333333333334	143.13333333333333	143.0	143.03333333333333	143.02666666666667	143.11333333333334	143.08	143.18	142.85333333333332	142.9	143.10666666666665	143.23333333333332	143.08	143.11333333333334	143.17333333333335	143.18666666666667	143.02	142.98	143.02	143.04	142.96	142.77333333333334	142.74666666666667	142.99333333333334	142.96666666666667	142.84	143.23333333333332	143.08	143.01333333333332	143.0	142.84666666666666	143.04666666666665	143.03333333333333	142.92666666666668	143.0	143.04	143.18	143.07333333333332	143.11333333333334	143.12	143.09333333333333	142.99333333333334	143.20666666666668	143.20666666666668	143.18	143.05333333333334	142.93333333333334	142.98666666666668	143.14666666666668	142.78	143.00666666666666	143.05333333333334	143.13333333333333	143.24	142.48666666666668	141.28666666666666	135.29333333333332	0.0
0.0	135.09333333333333	140.95333333333335	142.06666666666666	142.44666666666666	142.75333333333333	142.8	142.79333333333332	142.60666666666665	142.58	142.48666666666668	142.72	143.02	142.68	142.62666666666667	142.55333333333334	142.60666666666665	142.77333333333334	142.6	142.59333333333333	142.69333333333333	142.8	142.72	142.79333333333332	142.67333333333335	142.78	142.72	142.74666666666667	142.69333333333333	142.89333333333335	142.6	142.69333333333333	142.64666666666668	142.81333333333333	142.86666666666667	142.95333333333335	142.88	142.52	142.86	142.78666666666666	142.7	142.80666666666667	142.61333333333334	142.66666666666666	142.69333333333333	142.68666666666667	142.69333333333333	142.57333333333332	142.69333333333333	142.82666666666665	142.87333333333333	142.78	142.67333333333335	142.84666666666666	142.8	142.78	142.70666666666668	142.62	142.64	142.8	142.68666666666667	142.87333333333333	142.74666666666667	142.87333333333333	142.72666666666666	142.69333333333333	142.52666666666667	142.68	142.69333333333333	142.24	140.77333333333334	135.17333333333335	0.0
0.0	135.38666666666666	141.47333333333333	142.68	143.1	143.27333333333334	143.14	143.14	143.2	143.05333333333334	142.84666666666666	142.96666666666667	143.19333333333333	143.16666666666666	143.14666666666668	143.21333333333334	143.24	143.29333333333332	143.23333333333332	143.16666666666666	143.04	143.09333333333333	143.18666666666667	143.24	143.18666666666667	143.15333333333334	143.10666666666665	143.06666666666666	142.97333333333333	143.06	143.13333333333333	143.37333333333333	143.04666666666665	143.3	143.18	143.22666666666666	143.18666666666667	143.11333333333334	143.2	143.34666666666666	143.11333333333334	143.34666666666666	143.15333333333334	143.11333333333334	143.05333333333334	143.1	143.25333333333333	143.16666666666666	143.24666666666667	143.22	143.23333333333332	143.16666666666666	143.25333333333333	143.11333333333334	143.28	143.09333333333333	143.06	143.22666666666666	143.13333333333333	143.23333333333332	143.10666666666665	143.22666666666666	143.32666666666665	143.14	143.18666666666667	143.28	143.07333333333332	143.06666666666666	142.92666666666668	142.72	141.42	135.08	0.0
0.0	135.38666666666666	141.03333333333333	142.28	142.62666666666667	142.73333333333332	142.92	142.58666666666667	142.82666666666665	142.86	142.81333333333333	142.92666666666668	143.0	142.90666666666667	142.83333333333334	142.71333333333334	142.80666666666667	142.64	142.88	142.68666666666667	142.83333333333334	142.81333333333333	142.82666666666665	142.72	142.56666666666666	143.12666666666667	142.88	142.8	142.62	142.88666666666666	142.95333333333335	143.10666666666665	142.69333333333333	142.93333333333334	142.87333333333333	142.61333333333334	142.92666666666668	142.97333333333333	142.82666666666665	142.94	142.86	142.90666666666667	142.86666666666667	142.52	142.90666666666667	142.94	142.96666666666667	142.77333333333334	143.02	142.80666666666667	142.99333333333334	142.98666666666668	142.83333333333334	142.88666666666666	142.81333333333333	142.84	142.77333333333334	142.83333333333334	142.84	143.00666666666666	142.74666666666667	142.92	142.88666666666666	142.82666666666665	142.86666666666667	142.78	142.86666666666667	142.89333333333335	142.61333333333334	142.14	141.08666666666667	134.81333333333333	0.0
0.0	135.09333333333333	140.88666666666666	142.32666666666665	142.87333333333333	142.74666666666667	142.80666666666667	142.78666666666666	142.99333333333334	143.06666666666666	143.07333333333332	142.85333333333332	143.00666666666666	143.00666666666666	142.98	143.12	142.98666666666668	143.06	143.05333333333334	142.96	142.84666666666666	142.99333333333334	143.01333333333332	143.00666666666666	143.28	143.18	142.68666666666667	142.64666666666668	143.16	142.86666666666667	142.96	143.08	142.81333333333333	142.80666666666667	142.94	142.87333333333333	143.0	143.07333333333332	143.10666666666665	142.94666666666666	142.96666666666667	142.78666666666666	142.97333333333333	142.79333333333332	142.65333333333334	142.87333333333333	142.92666666666668	142.78	142.71333333333334	142.9	142.86666666666667	142.99333333333334	142.82	142.88666666666666	143.04666666666665	143.18	143.03333333333333	142.82666666666665	142.77333333333334	142.88666666666666	143.14666666666668	143.10666666666665	143.06	142.68	143.05333333333334	142.9	142.94	142.62	142.82666666666665	142.30666666666667	141.18666666666667	135.2	0.0
0.0	135.03333333333333	140.8	142.08666666666667	142.92666666666668	142.68666666666667	142.97333333333333	142.96666666666667	142.94	143.11333333333334	142.86	142.92	142.78666666666666	142.86666666666667	142.78666666666666	142.92	143.06666666666666	143.02666666666667	142.92666666666668	142.92	142.79333333333332	142.76	142.91333333333333	142.72666666666666	142.61333333333334	142.77333333333334	142.99333333333334	142.73333333333332	142.96	142.74	142.74	143.13333333333333	142.94666666666666	142.98	142.94666666666666	142.77333333333334	142.92	142.94	142.87333333333333	142.76666666666668	142.78666666666666	142.78666666666666	142.78666666666666	142.74	142.94	142.96666666666667	142.89333333333335	143.04	142.95333333333335	143.0	142.81333333333333	142.96666666666667	142.90666666666667	142.88	142.73333333333332	142.91333333333333	142.87333333333333	143.03333333333333	142.73333333333332	142.78	142.80666666666667	142.86	142.77333333333334	142.85333333333332	142.78666666666666	142.64	142.86	142.73333333333332	142.82666666666665	142.28	141.30666666666667	134.69333333333333	0.0
0.0	135.50666666666666	141.27333333333334	142.48666666666668	142.95333333333335	142.92666666666668	142.91333333333333	143.28666666666666	143.01333333333332	143.0	143.03333333333333	143.08	143.16666666666666	142.99333333333334	142.72	143.0	143.15333333333334	143.28666666666666	143.14666666666668	143.12	143.38666666666666	143.22666666666666	143.20666666666668	143.15333333333334	143.17333333333335	143.1	143.14	143.34666666666666	143.06666666666666	143.28	143.08	143.18666666666667	142.96666666666667	143.07333333333332	143.12	143.20666666666668	143.08666666666667	143.15333333333334	143.06	143.21333333333334	142.86	143.17333333333335	142.84666666666666	143.0	143.02666666666667	142.90666666666667	143.21333333333334	143.4	143.40666666666667	143.1	143.1	143.05333333333334	142.9	143.16666666666666	143.3	143.16666666666666	143.06666666666666	143.17333333333335	143.26	142.89333333333335	143.06666666666666	143.19333333333333	143.06666666666666	142.99333333333334	143.14	143.22666666666666	143.21333333333334	143.1	142.83333333333334	142.40666666666667	141.3	135.28	0.0
0.0	135.30666666666667	141.44	142.44666666666666	142.89333333333335	142.78666666666666	142.92666666666668	142.96	142.88666666666666	143.06666666666666	142.99333333333334	142.98666666666668	143.27333333333334	143.07333333333332	142.84666666666666	142.85333333333332	142.78666666666666	142.91333333333333	143.06	143.04	142.98666666666668	142.93333333333334	142.97333333333333	142.88	142.89333333333335	142.92	142.94666666666666	143.0	143.06	142.96666666666667	142.92666666666668	142.96666666666667	142.81333333333333	142.83333333333334	143.08666666666667	143.37333333333333	143.00666666666666	142.93333333333334	143.02666666666667	143.09333333333333	142.80666666666667	142.92	142.90666666666667	142.87333333333333	142.85333333333332	142.96666666666667	143.07333333333332	142.96	142.81333333333333	142.72666666666666	142.63333333333333	142.91333333333333	142.96	143.10666666666665	142.92	143.18666666666667	143.04666666666665	143.2	142.86	143.10666666666665	142.76	142.92	142.92	142.97333333333333	142.94666666666666	143.1	142.84666666666666	142.76666666666668	142.65333333333334	142.60666666666665	141.16666666666666	135.07333333333332	0.0
0.0	135.36	141.2	142.74666666666667	143.00666666666666	143.11333333333334	142.98666666666668	143.11333333333334	143.29333333333332	143.11333333333334	143.27333333333334	143.28	143.19333333333333	143.1	143.18	143.36	143.08	143.18666666666667	143.48666666666668	143.47333333333333	143.31333333333333	143.39333333333335	143.26666666666668	143.47333333333333	143.19333333333333	143.12666666666667	143.01333333333332	143.1	143.24666666666667	143.08666666666667	143.27333333333334	143.51333333333332	143.04	143.26666666666668	143.18	143.22	143.46666666666667	142.90666666666667	142.95333333333335	143.01333333333332	143.20666666666668	143.29333333333332	143.14	143.16	143.16666666666666	143.28666666666666	143.08666666666667	143.31333333333333	143.26	143.52666666666667	143.3	143.24666666666667	143.22666666666666	143.25333333333333	143.2	143.08666666666667	143.10666666666665	143.16	143.19333333333333	143.13333333333333	143.1	143.14	143.30666666666667	143.23333333333332	143.06666666666666	143.29333333333332	143.30666666666667	143.1	143.18666666666667	142.96	141.56	135.38	0.0
0.0	134.96	141.19333333333333	142.44	142.84	142.70666666666668	143.04666666666665	143.0	142.80666666666667	142.94666666666666	142.7	142.98	142.86666666666667	142.92666666666668	143.09333333333333	143.02666666666667	143.14666666666668	142.90666666666667	142.72	143.00666666666666	142.97333333333333	142.97333333333333	142.89333333333335	142.96	143.06	142.96666666666667	142.95333333333335	143.12666666666667	143.30666666666667	143.10666666666665	143.02	142.94	142.91333333333333	142.95333333333335	142.93333333333334	143.13333333333333	142.98	143.05333333333334	143.16	143.16666666666666	143.19333333333333	142.97333333333333	142.85333333333332	142.88666666666666	142.92666666666668	142.87333333333333	143.23333333333332	142.80666666666667	143.09333333333333	143.26666666666668	143.30666666666667	142.96666666666667	143.0	143.02666666666667	142.96666666666667	143.18	143.22666666666666	143.02	143.22666666666666	143.11333333333334	143.11333333333334	143.12	143.08	142.93333333333334	142.87333333333333	142.92666666666668	142.96666666666667	142.93333333333334	143.07333333333332	142.6	141.3	135.26666666666668	0.0
0.0	134.88	141.0	142.42	142.36	142.71333333333334	142.57333333333332	142.8	142.54	142.51333333333332	142.58	142.63333333333333	142.51333333333332	142.70666666666668	142.68	142.79333333333332	142.89333333333335	142.86666666666667	142.86	142.72666666666666	142.79333333333332	142.50666666666666	142.64666666666668	142.97333333333333	142.71333333333334	142.80666666666667	142.86666666666667	142.95333333333335	142.81333333333333	142.59333333333333	142.78666666666666	142.72	142.69333333333333	142.75333333333333	142.67333333333335	142.80666666666667	142.69333333333333	142.64666666666668	142.66	142.86	142.7	142.80666666666667	142.66666666666666	142.82666666666665	142.56666666666666	142.54666666666665	142.68	142.79333333333332	142.74	142.79333333333332	142.82666666666665	142.85333333333332	142.72	142.80666666666667	142.68666666666667	142.70666666666668	142.60666666666665	142.68	142.72	142.74	142.71333333333334	142.40666666666667	142.53333333333333	142.72666666666666	142.76666666666668	142.98666666666668	142.83333333333334	142.69333333333333	142.54	142.48	140.94	134.87333333333333	0.0
0.0	135.32666666666665	141.18666666666667	142.64	142.94666666666666	142.74666666666667	143.04666666666665	142.83333333333334	143.06	143.14666666666668	143.24666666666667	142.95333333333335	143.3	143.26	142.9	142.97333333333333	143.06	143.05333333333334	142.94666666666666	143.03333333333333	143.13333333333333	143.0	143.00666666666666	143.22	143.13333333333333	143.0	143.07333333333332	143.07333333333332	142.87333333333333	143.17333333333335	142.86666666666667	143.02666666666667	143.08	143.06	142.83333333333334	143.06666666666666	143.02	143.08666666666667	143.09333333333333	142.84666666666666	142.89333333333335	143.11333333333334	143.12	143.13333333333333	142.98	143.18666666666667	143.02666666666667	143.04	143.14666666666668	143.19333333333333	143.26	143.32666666666665	143.34666666666666	143.18	143.20666666666668	142.88	143.06	142.98666666666668	143.14	142.99333333333334	143.19333333333333	142.97333333333333	142.9	143.04	143.00666666666666	143.06	143.02	142.95333333333335	142.75333333333333	142.44	141.36	134.89333333333335	0.0
0.0	135.36666666666667	141.32	142.30666666666667	142.76	142.92	142.94666666666666	143.0	143.2	143.12666666666667	143.13333333333333	143.01333333333332	143.0	143.08666666666667	142.90666666666667	143.03333333333333	143.02666666666667	143.08	143.15333333333334	143.04	142.98	142.87333333333333	143.14	143.03333333333333	143.08666666666667	142.96	143.07333333333332	142.97333333333333	142.88666666666666	142.88	143.11333333333334	143.06666666666666	143.08	143.08	143.25333333333333	142.80666666666667	143.00666666666666	142.88	142.96666666666667	142.98666666666668	142.96666666666667	142.82666666666665	143.05333333333334	142.87333333333333	143.0	143.11333333333334	143.06	142.98666666666668	142.97333333333333	142.91333333333333	142.88666666666666	142.88666666666666	143.1	143.20666666666668	143.17333333333335	143.1	142.92666666666668	143.18666666666667	143.18	143.06	142.98666666666668	143.14666666666668	143.12666666666667	143.1	142.76666666666668	142.9	142.79333333333332	143.10666666666665	142.69333333333333	142.64666666666668	141.40666666666667	135.34	0.0
0.0	134.94	141.42	142.56666666666666	142.94	143.0	143.01333333333332	142.88666666666666	143.2	143.08	142.91333333333333	143.06666666666666	143.02666666666667	143.24666666666667	143.04666666666665	142.82666666666665	143.04666666666665	142.98	143.11333333333334	142.73333333333332	142.96666666666667	142.96	143.02666666666667	143.09333333333333	142.94666666666666	143.24666666666667	143.09333333333333	142.91333333333333	143.08666666666667	143.10666666666665	143.04	143.00666666666666	143.01333333333332	142.86666666666667	142.91333333333333	143.08	143.14	142.88666666666666	143.03333333333333	142.98666666666668	143.06666666666666	143.21333333333334	143.16666666666666	142.92666666666668	142.83333333333334	143.22	142.84666666666666	143.08666666666667	143.26666666666668	143.13333333333333	143.12666666666667	143.18666666666667	143.12666666666667	143.06666666666666	143.22666666666666	143.07333333333332	142.89333333333335	143.15333333333334	142.97333333333333	142.99333333333334	143.24666666666667	142.98	143.25333333333333	143.18666666666667	143.17333333333335	142.98	143.0	142.76	142.66	142.58666666666667	141.35333333333332	135.13333333333333	0.0
0.0	134.98666666666668	141.3	142.58	143.02666666666667	143.16	143.01333333333332	142.74	143.0	142.94	143.14	143.01333333333332	142.95333333333335	142.92	143.22	143.34	143.32	143.21333333333334	143.18	143.20666666666668	143.02	142.98	143.06666666666666	143.03333333333333	142.98	142.91333333333333	142.96	143.16	143.08	142.84666666666666	143.10666666666665	143.04	143.02666666666667	142.91333333333333	142.96666666666667	143.14666666666668	143.24666666666667	143.14666666666668	143.06666666666666	143.02666666666667	142.98	143.3	143.16666666666666	143.16666666666666	143.04	143.10666666666665	143.12666666666667	143.24666666666667	142.98666666666668	142.99333333333334	143.12	143.00666666666666	143.13333333333333	143.22666666666666	143.0	143.0	142.98666666666668	143.19333333333333	143.09333333333333	142.99333333333334	143.20666666666668	143.16	143.11333333333334	143.08	143.12666666666667	143.00666666666666	143.1	142.93333333333334	142.84666666666666	142.56	141.14666666666668	135.02	0.0
0.0	135.29333333333332	141.30666666666667	142.64	142.99333333333334	142.95333333333335	143.26666666666668	143.12666666666667	143.41333333333333	143.1	142.81333333333333	142.92666666666668	143.13333333333333	143.22666666666666	143.24666666666667	143.02666666666667	143.26666666666668	143.12	143.17333333333335	143.14666666666668	143.14666666666668	143.0	142.95333333333335	143.21333333333334	143.15333333333334	143.14666666666668	143.13333333333333	143.24	143.15333333333334	142.98666666666668	143.32666666666665	143.02666666666667	143.16666666666666	143.3	143.23333333333332	143.04	143.08	143.00666666666666	143.14666666666668	143.09333333333333	143.12	143.30666666666667	143.25333333333333	143.20666666666668	143.15333333333334	143.02	143.04	142.96666666666667	143.03333333333333	143.26	143.29333333333332	143.06	143.07333333333332	143.19333333333333	143.34666666666666	142.99333333333334	143.02666666666667	143.13333333333333	143.19333333333333	143.16	143.14	143.00666666666666	143.16666666666666	143.27333333333334	143.07333333333332	142.91333333333333	143.06	143.04666666666665	142.76	142.47333333333333	141.34666666666666	135.23333333333332	0.0
0.0	135.07333333333332	141.17333333333335	142.42	142.55333333333334	142.72	142.76666666666668	142.83333333333334	142.93333333333334	142.77333333333334	142.79333333333332	142.93333333333334	142.71333333333334	142.84	142.90666666666667	142.97333333333333	143.13333333333333	142.85333333333332	143.12666666666667	142.9	143.04666666666665	142.89333333333335	142.86666666666667	142.83333333333334	142.86	143.01333333333332	143.10666666666665	143.07333333333332	142.80666666666667	142.82	142.93333333333334	142.91333333333333	142.67333333333335	142.88	142.75333333333333	142.82666666666665	142.82	143.06666666666666	143.00666666666666	142.71333333333334	142.83333333333334	142.94	143.08	142.57333333333332	142.82	142.95333333333335	142.99333333333334	143.01333333333332	142.68666666666667	143.1	142.76	142.82666666666665	142.96666666666667	142.72	142.92	142.78	142.81333333333333	142.8	142.67333333333335	142.75333333333333	142.99333333333334	142.90666666666667	142.96	142.82666666666665	142.76	142.74666666666667	142.79333333333332	142.79333333333332	142.71333333333334	142.49333333333334	141.27333333333334	134.93333333333334	0.0
0.0	135.11333333333334	141.02666666666667	142.54	142.82666666666665	142.90666666666667	142.92666666666668	142.80666666666667	143.23333333333332	143.01333333333332	143.08	143.1	143.16	142.94	143.24666666666667	142.82666666666665	143.08	142.87333333333333	143.06	142.91333333333333	143.09333333333333	143.04666666666665	143.08666666666667	142.91333333333333	143.07333333333332	142.98	143.42	143.04	142.98	143.01333333333332	143.06	143.48	143.12666666666667	142.97333333333333	143.08666666666667	143.12	143.3	142.92666666666668	143.25333333333333	143.12666666666667	143.03333333333333	143.18	143.08666666666667	143.0	143.22	142.94	143.20666666666668	142.90666666666667	143.16666666666666	142.96666666666667	142.98	142.84	143.04666666666665	143.12666666666667	143.04666666666665	143.14666666666668	143.05333333333334	142.97333333333333	142.98	142.92	142.9	143.02	143.22	143.13333333333333	142.76	143.24666666666667	143.11333333333334	142.9	142.80666666666667	142.48	141.24	135.3	0.0
0.0	135.14	141.44	142.60666666666665	142.80666666666667	142.83333333333334	142.92666666666668	142.9	142.96	143.24	142.95333333333335	143.10666666666665	142.87333333333333	142.94	142.82666666666665	142.79333333333332	142.84	142.82	143.04	142.76	142.67333333333335	143.03333333333333	142.90666666666667	143.05333333333334	143.04666666666665	143.1	142.92	142.99333333333334	143.08	142.94666666666666	142.84666666666666	143.06666666666666	143.12	142.89333333333335	142.97333333333333	142.87333333333333	143.14666666666668	143.04666666666665	143.07333333333332	143.09333333333333	143.12	143.1	142.98	143.1	143.06	142.9	142.91333333333333	143.11333333333334	142.98	142.95333333333335	142.78	142.88666666666666	142.78666666666666	142.84666666666666	142.89333333333335	142.84666666666666	143.02666666666667	142.99333333333334	142.76666666666668	142.87333333333333	142.84	142.74666666666667	142.83333333333334	142.92	142.99333333333334	142.83333333333334	142.88	142.68	142.54666666666665	142.6	141.11333333333334	135.01333333333332	0.0
0.0	135.35333333333332	141.31333333333333	142.36	142.6	142.92	142.88666666666666	143.06	143.09333333333333	142.91333333333333	143.08666666666667	142.78	143.22666666666666	143.01333333333332	142.84666666666666	143.13333333333333	143.02	143.16	143.14666666666668	143.16666666666666	142.97333333333333	143.22	143.04	143.04666666666665	143.24	143.13333333333333	143.05333333333334	142.94666666666666	142.92	143.21333333333334	143.27333333333334	143.32666666666665	143.14	143.04	143.12	143.14	143.14	143.07333333333332	143.12	143.09333333333333	143.1	142.98	143.21333333333334	143.22	142.98	143.08666666666667	143.07333333333332	143.00666666666666	142.96666666666667	143.2	143.16	143.20666666666668	143.03333333333333	142.88666666666666	143.04	143.10666666666665	143.15333333333334	143.06	143.07333333333332	142.98	143.06666666666666	143.04	143.14	143.1	143.18666666666667	142.81333333333333	142.97333333333333	143.08666666666667	143.02666666666667	142.64666666666668	141.29333333333332	135.30666666666667	0.0
0.0	134.94	141.30666666666667	142.54	142.92	143.02	142.92666666666668	143.03333333333333	143.13333333333333	142.85333333333332	142.88	143.09333333333333	143.04666666666665	143.11333333333334	142.9	142.85333333333332	143.00666666666666	143.06666666666666	143.12	143.07333333333332	142.83333333333334	142.97333333333333	143.14	142.92	143.18666666666667	143.01333333333332	143.08	143.18	143.04666666666665	143.06666666666666	143.14666666666668	142.88	142.82666666666665	142.93333333333334	143.12666666666667	142.96	143.11333333333334	143.29333333333332	143.31333333333333	143.24666666666667	143.18666666666667	142.93333333333334	143.02666666666667	143.06	143.17333333333335	142.81333333333333	142.88666666666666	142.76666666666668	143.14	143.14666666666668	143.10666666666665	143.09333333333333	143.06	142.97333333333333	142.9	142.81333333333333	142.8	142.96	142.96	143.15333333333334	143.18666666666667	142.98	143.27333333333334	142.98666666666668	142.86666666666667	143.04	142.76	142.62	142.96666666666667	142.48	141.22666666666666	135.03333333333333	0.0
0.0	135.26	141.12	142.22	142.89333333333335	142.75333333333333	142.94	143.32666666666665	142.94	142.83333333333334	143.0	142.78	142.71333333333334	142.84	142.8	142.88	142.79333333333332	142.65333333333334	142.78666666666666	142.84	142.95333333333335	143.10666666666665	142.95333333333335	142.86666666666667	142.90666666666667	142.92666666666668	142.83333333333334	142.75333333333333	142.83333333333334	142.93333333333334	142.68	142.84666666666666	142.78	142.92666666666668	142.76	142.76	142.56	142.95333333333335	142.77333333333334	142.88666666666666	142.75333333333333	142.88	142.78	142.83333333333334	142.73333333333332	142.8	142.82666666666665	142.92666666666668	142.92666666666668	142.66666666666666	142.79333333333332	142.84666666666666	142.71333333333334	142.9	142.79333333333332	142.96666666666667	142.94	142.74	142.92	142.7	142.68666666666667	142.90666666666667	142.8	142.78	143.02666666666667	143.02	142.78666666666666	142.72	142.81333333333333	142.25333333333333	141.09333333333333	134.92	0.0
0.0	135.11333333333334	141.16	142.36	142.63333333333333	142.88666666666666	142.88	142.91333333333333	142.91333333333333	142.83333333333334	142.76	142.95333333333335	142.82666666666665	142.99333333333334	142.89333333333335	142.82666666666665	142.74	142.71333333333334	142.89333333333335	142.66666666666666	142.54666666666665	142.7	142.95333333333335	142.77333333333334	142.95333333333335	142.80666666666667	142.57333333333332	142.68666666666667	142.50666666666666	142.7	142.73333333333332	142.93333333333334	142.94	142.89333333333335	142.77333333333334	142.98	142.93333333333334	142.74	143.06	142.8	142.89333333333335	142.87333333333333	142.96666666666667	142.84666666666666	142.82666666666665	142.84666666666666	142.94	142.78	142.68	142.99333333333334	142.82	142.84666666666666	142.84	142.74	142.78	142.84	142.7	142.9	142.69333333333333	142.92	142.62	142.98666666666668	142.89333333333335	142.87333333333333	142.92666666666668	142.85333333333332	142.66666666666666	142.8	142.69333333333333	142.36666666666667	141.00666666666666	134.99333333333334	0.0
0.0	135.34666666666666	141.02666666666667	142.51333333333332	142.8	142.76	143.14666666666668	143.24	143.11333333333334	143.04	143.05333333333334	143.08	143.11333333333334	143.08666666666667	143.08666666666667	143.02	143.15333333333334	142.99333333333334	142.90666666666667	143.11333333333334	143.00666666666666	143.1	142.78666666666666	142.8	143.06666666666666	143.13333333333333	142.93333333333334	142.92666666666668	143.32	143.09333333333333	143.12666666666667	143.12	142.97333333333333	143.02	142.58666666666667	143.21333333333334	143.02	143.01333333333332	143.29333333333332	143.17333333333335	142.9	143.13333333333333	142.98666666666668	142.97333333333333	143.00666666666666	143.11333333333334	143.14666666666668	142.90666666666667	143.18	142.98666666666668	143.18666666666667	143.38666666666666	143.19333333333333	143.16666666666666	143.1	143.07333333333332	142.96	143.03333333333333	142.93333333333334	143.06	143.19333333333333	142.93333333333334	143.02666666666667	143.04666666666665	143.16666666666666	143.04	143.24	143.04666666666665	142.84	142.30666666666667	141.20666666666668	134.92666666666668	0.0
0.0	135.47333333333333	141.57333333333332	142.69333333333333	142.96666666666667	142.86	143.07333333333332	143.20666666666668	143.26666666666668	143.20666666666668	143.33333333333334	143.24666666666667	142.98	142.86666666666667	143.0	143.19333333333333	143.06	143.13333333333333	143.24666666666667	143.5	143.20666666666668	143.00666666666666	143.16	142.97333333333333	143.02666666666667	143.03333333333333	142.9	143.34666666666666	143.05333333333334	143.07333333333332	143.13333333333333	143.09333333333333	143.15333333333334	143.03333333333333	143.07333333333332	143.02	143.03333333333333	143.08	143.14	142.99333333333334	142.96666666666667	143.12	143.24666666666667	143.21333333333334	143.26	143.28	143.09333333333333	143.04666666666665	143.04666666666665	143.08666666666667	143.37333333333333	143.16666666666666	143.16666666666666	142.98666666666668	143.16	143.0	143.16	143.06	142.88	142.94	143.02	143.06	142.87333333333333	143.02	143.26666666666668	143.16666666666666	143.13333333333333	143.00666666666666	142.92	142.66666666666666	141.30666666666667	135.21333333333334	0.0
0.0	135.60666666666665	141.21333333333334	142.52666666666667	142.93333333333334	142.91333333333333	142.99333333333334	143.04666666666665	142.78	142.9	142.76666666666668	142.88	142.88	142.69333333333333	142.9	143.06	143.04	143.04	143.12	142.99333333333334	142.96	143.01333333333332	142.95333333333335	142.9	143.05333333333334	142.91333333333333	142.96	142.98	143.02666666666667	142.85333333333332	142.72666666666666	142.82666666666665	143.0	143.13333333333333	143.0	143.02666666666667	142.92666666666668	142.92666666666668	142.86	142.92	142.76666666666668	142.75333333333333	142.86	143.08666666666667	142.79333333333332	142.94	143.10666666666665	142.94666666666666	143.04	143.04	142.76	142.94666666666666	142.82	142.88	143.0	142.92666666666668	142.81333333333333	142.62	142.93333333333334	142.94	143.14666666666668	142.85333333333332	142.91333333333333	142.85333333333332	142.90666666666667	142.75333333333333	142.74666666666667	143.11333333333334	142.79333333333332	142.27333333333334	140.86666666666667	135.5	0.0
0.0	134.9	141.08	142.36666666666667	142.4	142.70666666666668	142.81333333333333	142.93333333333334	142.82666666666665	142.86	143.04	142.87333333333333	142.92666666666668	142.95333333333335	142.86666666666667	142.71333333333334	142.82666666666665	142.78	142.92666666666668	143.05333333333334	142.8	142.78666666666666	142.88	142.82666666666665	142.74666666666667	142.94666666666666	142.84666666666666	142.77333333333334	142.96	142.81333333333333	142.74	142.84666666666666	142.89333333333335	142.82	142.69333333333333	142.79333333333332	142.9	142.64666666666668	142.67333333333335	142.66	142.57333333333332	142.86	142.8	142.58666666666667	142.96	142.84	143.10666666666665	143.14	143.09333333333333	142.8	142.92	142.88	142.92	142.84666666666666	142.76666666666668	142.94	142.89333333333335	142.79333333333332	142.77333333333334	142.79333333333332	142.71333333333334	143.12666666666667	142.92666666666668	142.98	142.94666666666666	142.82666666666665	142.80666666666667	142.77333333333334	142.58	142.37333333333333	140.87333333333333	134.92	0.0
0.0	134.92666666666668	141.20666666666668	142.63333333333333	143.02	143.04666666666665	143.2	142.88666666666666	143.26666666666668	143.22666666666666	143.23333333333332	143.20666666666668	143.00666666666666	143.17333333333335	143.28666666666666	143.21333333333334	143.16666666666666	142.82666666666665	143.25333333333333	143.15333333333334	143.26666666666668	143.17333333333335	143.00666666666666	143.08	143.23333333333332	143.26	143.16666666666666	143.18	143.04666666666665	143.51333333333332	143.12	143.10666666666665	143.41333333333333	143.27333333333334	143.42666666666668	143.06	143.02666666666667	142.92	143.24666666666667	143.22	143.05333333333334	143.17333333333335	143.20666666666668	143.17333333333335	143.29333333333332	143.05333333333334	143.02666666666667	143.16666666666666	143.1	143.14666666666668	142.97333333333333	143.02666666666667	143.05333333333334	143.04666666666665	143.11333333333334	143.08666666666667	143.05333333333334	143.38666666666666	143.14666666666668	143.06666666666666	143.19333333333333	143.14	143.28666666666666	142.83333333333334	143.04	143.23333333333332	143.1	142.94	142.84	142.79333333333332	141.23333333333332	135.0	0.0
0.0	134.83333333333334	140.93333333333334	142.48	142.49333333333334	142.63333333333333	142.71333333333334	142.74666666666667	142.65333333333334	142.82666666666665	143.04	142.86666666666667	142.77333333333334	142.80666666666667	142.86666666666667	142.66666666666666	142.83333333333334	142.99333333333334	142.9	142.76666666666668	142.76666666666668	142.76666666666668	142.97333333333333	142.79333333333332	142.65333333333334	142.78	142.73333333333332	142.84666666666666	142.91333333333333	142.88	142.59333333333333	142.68	142.67333333333335	142.84	142.80666666666667	142.82	142.72666666666666	142.63333333333333	143.08	142.62666666666667	142.94	142.95333333333335	142.79333333333332	142.78666666666666	142.81333333333333	142.78666666666666	143.06	142.76666666666668	142.65333333333334	142.72666666666666	142.65333333333334	142.62	142.92	142.76666666666668	142.61333333333334	142.67333333333335	142.85333333333332	142.9	142.85333333333332	143.12	142.95333333333335	142.92	142.82666666666665	142.71333333333334	142.98666666666668	142.51333333333332	142.96	142.92	142.64666666666668	142.23333333333332	140.9	135.15333333333334	0.0
0.0	134.93333333333334	141.1	142.5	142.78666666666666	142.81333333333333	143.13333333333333	142.92666666666668	143.05333333333334	143.03333333333333	142.92	142.99333333333334	143.12	142.84666666666666	142.80666666666667	142.96	143.02	143.03333333333333	142.77333333333334	142.91333333333333	143.00666666666666	143.19333333333333	142.96666666666667	142.96	142.98	142.99333333333334	143.1	142.86666666666667	142.86	143.0	142.86	143.28666666666666	142.98666666666668	142.89333333333335	142.88	143.21333333333334	143.03333333333333	143.03333333333333	142.99333333333334	142.84666666666666	143.04	142.92	142.78	142.79333333333332	142.61333333333334	142.88666666666666	143.07333333333332	142.77333333333334	142.94666666666666	142.99333333333334	143.1	143.06666666666666	142.86	143.06666666666666	143.02	143.04666666666665	143.12	142.76	143.10666666666665	143.02	142.91333333333333	142.94666666666666	142.9	142.87333333333333	142.99333333333334	143.11333333333334	142.84	143.1	142.83333333333334	142.46666666666667	141.09333333333333	135.00666666666666	0.0
0.0	135.11333333333334	141.18666666666667	142.54	142.83333333333334	142.8	142.74	143.03333333333333	142.79333333333332	142.78	142.71333333333334	142.82	143.1	142.98666666666668	142.94	143.10666666666665	142.76	142.76666666666668	142.79333333333332	142.86	142.83333333333334	143.07333333333332	143.07333333333332	143.02	142.85333333333332	142.70666666666668	142.94666666666666	142.98	143.05333333333334	142.96666666666667	142.93333333333334	142.79333333333332	142.86	142.84666666666666	142.88666666666666	142.81333333333333	142.9	142.92	142.94666666666666	142.96	142.99333333333334	142.82	142.90666666666667	142.84	143.01333333333332	142.94	143.06666666666666	143.11333333333334	142.76	142.58	142.89333333333335	143.03333333333333	142.83333333333334	143.12	143.02666666666667	142.87333333333333	143.04	143.03333333333333	142.75333333333333	142.83333333333334	142.70666666666668	142.95333333333335	142.84	142.88	143.02	143.06666666666666	143.05333333333334	143.02666666666667	142.88	142.32666666666665	141.01333333333332	135.06666666666666	0.0
0.0	135.0	141.14666666666668	142.46	142.48666666666668	142.74666666666667	142.82666666666665	142.8	142.66666666666666	142.95333333333335	142.94	143.12	142.92666666666668	143.05333333333334	142.92666666666668	142.88666666666666	142.67333333333335	142.92666666666668	142.73333333333332	142.82	143.02666666666667	142.73333333333332	142.76	142.88	142.94666666666666	142.94666666666666	142.84	142.86666666666667	142.93333333333334	142.96666666666667	142.83333333333334	142.76666666666668	142.93333333333334	142.62	143.00666666666666	142.78666666666666	142.88	142.99333333333334	142.64666666666668	142.68	142.9	142.90666666666667	143.05333333333334	142.62666666666667	142.86666666666667	142.93333333333334	142.81333333333333	142.68	142.74666666666667	142.88666666666666	142.85333333333332	142.75333333333333	142.88	142.70666666666668	142.84666666666666	142.74666666666667	142.76666666666668	142.81333333333333	142.83333333333334	142.89333333333335	142.86666666666667	142.78	142.82	142.85333333333332	142.83333333333334	142.75333333333333	142.86	142.9	142.77333333333334	142.16666666666666	140.88666666666666	134.88666666666666	0.0
0.0	135.16666666666666	141.06	142.44	142.54	142.83333333333334	142.83333333333334	142.84	142.84666666666666	142.66666666666666	142.94	142.76	142.72	142.83333333333334	142.94666666666666	143.00666666666666	142.68666666666667	142.78666666666666	142.88	142.75333333333333	142.72	142.84666666666666	142.97333333333333	142.86666666666667	142.80666666666667	142.90666666666667	142.84	142.80666666666667	142.59333333333333	142.82	142.81333333333333	142.96	142.87333333333333	142.76666666666668	142.68	142.95333333333335	142.8	142.64666666666668	142.73333333333332	142.71333333333334	142.77333333333334	142.77333333333334	142.78666666666666	142.68666666666667	142.61333333333334	142.71333333333334	142.80666666666667	142.9	142.62	143.00666666666666	142.8	142.90666666666667	142.90666666666667	142.64	142.76	142.68666666666667	142.95333333333335	142.84	142.74	142.77333333333334	142.82666666666665	142.68	142.67333333333335	142.96666666666667	142.88666666666666	142.85333333333332	142.75333333333333	142.91333333333333	142.84	142.48	141.14	135.06	0.0
0.0	135.24666666666667	141.53333333333333	142.58666666666667	142.66	142.94666666666666	142.96666666666667	142.93333333333334	142.75333333333333	142.9	143.06666666666666	143.21333333333334	143.04	143.08	143.1	143.09333333333333	142.66666666666666	142.88	142.76	143.02666666666667	143.10666666666665	143.04	143.22666666666666	143.24	142.90666666666667	142.96666666666667	143.09333333333333	143.01333333333332	143.15333333333334	142.92	142.93333333333334	142.69333333333333	142.98	143.06666666666666	143.04	142.88666666666666	142.79333333333332	142.82	142.98666666666668	142.88	142.96666666666667	143.06	143.1	142.86666666666667	142.74666666666667	143.09333333333333	142.86	143.11333333333334	142.83333333333334	143.02666666666667	142.79333333333332	142.94666666666666	142.88	142.97333333333333	142.92	142.89333333333335	142.94	143.11333333333334	143.09333333333333	142.56	142.94666666666666	142.9	142.88	142.98	142.94	143.04666666666665	142.88666666666666	142.76	142.91333333333333	142.35333333333332	141.31333333333333	135.33333333333334	0.0
0.0	134.58666666666667	141.12666666666667	142.53333333333333	142.79333333333332	143.08666666666667	143.15333333333334	142.96	142.95333333333335	142.89333333333335	142.71333333333334	143.06666666666666	142.78666666666666	142.96666666666667	142.93333333333334	143.06	142.87333333333333	142.79333333333332	143.02	142.56666666666666	142.92	142.92	143.18666666666667	143.18666666666667	143.05333333333334	142.94	142.90666666666667	142.99333333333334	142.87333333333333	142.79333333333332	142.88666666666666	142.84666666666666	142.90666666666667	142.80666666666667	143.06666666666666	142.9	143.06666666666666	142.96	143.01333333333332	142.88	142.86666666666667	142.78	143.01333333333332	143.07333333333332	143.12666666666667	142.84666666666666	142.85333333333332	143.06666666666666	142.84	142.98666666666668	143.04	143.0	142.91333333333333	143.20666666666668	142.9	142.83333333333334	142.82	142.78	142.84	142.89333333333335	142.98	142.91333333333333	143.2	143.10666666666665	142.82	142.94666666666666	142.59333333333333	142.82666666666665	142.77333333333334	142.46	141.40666666666667	135.37333333333333	0.0
0.0	135.27333333333334	141.31333333333333	142.62666666666667	142.80666666666667	142.6	142.91333333333333	142.91333333333333	142.88666666666666	142.92	142.79333333333332	142.99333333333334	142.94666666666666	142.96666666666667	143.07333333333332	142.88666666666666	142.88	142.75333333333333	142.94	142.94	142.92666666666668	143.08666666666667	142.96	142.96	142.78666666666666	143.11333333333334	142.86	143.04	143.10666666666665	143.17333333333335	143.0	143.02	142.75333333333333	142.94	143.07333333333332	142.74	142.71333333333334	142.95333333333335	142.62	142.59333333333333	142.86666666666667	143.15333333333334	142.99333333333334	143.18666666666667	142.82	142.92666666666668	143.08	142.98	142.92	142.95333333333335	142.72666666666666	142.92	142.87333333333333	142.67333333333335	142.89333333333335	142.94666666666666	142.82666666666665	142.86	142.94666666666666	143.12666666666667	143.01333333333332	142.85333333333332	142.97333333333333	142.97333333333333	143.18666666666667	142.97333333333333	143.16	142.82666666666665	142.88	142.32666666666665	141.20666666666668	135.24666666666667	0.0
0.0	135.12666666666667	141.07333333333332	142.34	142.60666666666665	142.82666666666665	142.92666666666668	143.02	142.98666666666668	143.01333333333332	142.83333333333334	143.02666666666667	142.98666666666668	142.98	142.81333333333333	142.99333333333334	142.95333333333335	143.06666666666666	142.85333333333332	142.90666666666667	142.80666666666667	142.76666666666668	142.82666666666665	142.97333333333333	142.61333333333334	142.8	142.85333333333332	143.1	142.76666666666668	142.95333333333335	142.94	142.92	143.08666666666667	142.90666666666667	143.02666666666667	142.72	142.98	143.03333333333333	143.02	143.02	143.0	143.06	142.90666666666667	142.86666666666667	142.92	143.02	143.0	142.89333333333335	143.05333333333334	142.97333333333333	143.13333333333333	143.08666666666667	142.78	142.90666666666667	142.88	143.02	142.82666666666665	142.96	142.91333333333333	142.73333333333332	142.69333333333333	142.74	142.88	142.77333333333334	142.77333333333334	142.94666666666666	143.10666666666665	143.08	142.72	142.33333333333334	140.98	135.07333333333332	0.0
0.0	135.07333333333332	141.28666666666666	142.66666666666666	142.96666666666667	143.02666666666667	143.25333333333333	143.05333333333334	143.12	142.94	142.92	143.06666666666666	142.85333333333332	142.92	142.93333333333334	143.17333333333335	143.13333333333333	143.09333333333333	143.09333333333333	142.88	143.06666666666666	142.72666666666666	143.18666666666667	143.21333333333334	143.04666666666665	142.88666666666666	143.11333333333334	142.97333333333333	142.97333333333333	142.85333333333332	142.98666666666668	143.1	143.28	142.96666666666667	142.92	142.9	143.18	143.00666666666666	143.1	143.2	143.06	143.14	143.06	143.08	143.02666666666667	143.02	143.09333333333333	143.20666666666668	143.2	143.02	142.82	142.82666666666665	143.03333333333333	143.23333333333332	143.12666666666667	143.18666666666667	142.91333333333333	142.9	143.30666666666667	142.92	143.12	143.02	142.96	143.07333333333332	143.06666666666666	142.88666666666666	142.96	142.8	142.89333333333335	142.48666666666668	141.38	135.37333333333333	0.0
0.0	135.16666666666666	141.14	142.55333333333334	142.91333333333333	143.07333333333332	143.02666666666667	143.04666666666665	143.08	143.09333333333333	143.27333333333334	143.19333333333333	143.21333333333334	143.14666666666668	143.21333333333334	143.20666666666668	143.09333333333333	143.05333333333334	143.02	142.84666666666666	142.84	142.8	143.06666666666666	142.98666666666668	142.98	143.0	143.04	142.97333333333333	143.08	143.18666666666667	142.91333333333333	143.06666666666666	143.06666666666666	143.04666666666665	142.96	143.10666666666665	142.90666666666667	142.92	142.96666666666667	142.82666666666665	143.0	143.03333333333333	142.92666666666668	142.96	143.07333333333332	143.05333333333334	143.1	143.28	143.04666666666665	143.12666666666667	143.31333333333333	143.12666666666667	143.09333333333333	142.99333333333334	143.12	143.01333333333332	143.02666666666667	143.18	143.2	143.05333333333334	143.06	143.2	143.23333333333332	142.94	143.10666666666665	142.8	142.98	142.85333333333332	142.76666666666668	142.25333333333333	141.23333333333332	135.03333333333333	0.0
0.0	135.66666666666666	141.54	142.84	142.95333333333335	143.20666666666668	142.96666666666667	143.21333333333334	143.19333333333333	143.34666666666666	143.16666666666666	143.36	143.16666666666666	143.03333333333333	143.23333333333332	143.35333333333332	143.22666666666666	143.18666666666667	143.42	143.32	143.26	143.22	143.24666666666667	143.40666666666667	143.28	143.24	143.32666666666665	143.52	143.29333333333332	143.23333333333332	143.18	143.28666666666666	143.16	143.2	142.88	143.30666666666667	143.32	143.05333333333334	143.08666666666667	143.02666666666667	143.3	143.06666666666666	143.14	143.34666666666666	143.11333333333334	143.11333333333334	143.02666666666667	143.16	143.07333333333332	142.85333333333332	142.97333333333333	143.33333333333334	143.56666666666666	143.32	143.16	143.44	143.28	143.28	143.14666666666668	143.13333333333333	142.92	142.94666666666666	143.07333333333332	143.09333333333333	142.98666666666668	143.2	143.36666666666667	143.2	143.18	142.58666666666667	141.28666666666666	135.32666666666665	0.0
0.0	135.25333333333333	141.04666666666665	142.41333333333333	142.57333333333332	143.00666666666666	142.94	142.68666666666667	142.99333333333334	142.74666666666667	142.85333333333332	142.93333333333334	142.82666666666665	142.80666666666667	142.74	142.70666666666668	143.00666666666666	142.88	142.80666666666667	142.69333333333333	142.70666666666668	142.82	142.88	142.92	142.64666666666668	142.62	142.86666666666667	142.92666666666668	142.74666666666667	143.01333333333332	142.96666666666667	142.70666666666668	142.86666666666667	142.91333333333333	142.72666666666666	142.90666666666667	142.72	142.86666666666667	142.78	142.76	142.92	142.68666666666667	142.84	142.66	142.75333333333333	142.77333333333334	142.99333333333334	142.93333333333334	142.86666666666667	143.0	142.59333333333333	142.84666666666666	142.82	142.87333333333333	142.74	142.84	142.64666666666668	142.95333333333335	142.78666666666666	142.72	143.02666666666667	142.76	142.70666666666668	142.9	142.95333333333335	142.90666666666667	142.76	142.66666666666666	142.80666666666667	142.23333333333332	140.83333333333334	135.18	0.0
0.0	135.37333333333333	141.41333333333333	142.5	142.68	142.91333333333333	143.08666666666667	143.07333333333332	142.82666666666665	142.78	142.98	143.08	142.98666666666668	142.86	142.94	142.90666666666667	143.02	142.92666666666668	142.82	142.74666666666667	142.73333333333332	143.16666666666666	142.87333333333333	143.0	143.07333333333332	142.94	142.97333333333333	142.89333333333335	142.86666666666667	143.21333333333334	143.18666666666667	142.84	143.00666666666666	142.96666666666667	143.19333333333333	142.90666666666667	143.13333333333333	142.98666666666668	143.03333333333333	142.88	142.84	143.09333333333333	142.73333333333332	143.05333333333334	143.02	142.96	143.06	143.02	142.99333333333334	143.28666666666666	143.13333333333333	143.14	142.9	142.84	142.93333333333334	142.92	142.96	142.96666666666667	142.94666666666666	143.05333333333334	142.9	142.91333333333333	143.17333333333335	142.99333333333334	142.98666666666668	142.97333333333333	143.05333333333334	142.92666666666668	142.73333333333332	142.27333333333334	141.23333333333332	135.11333333333334	0.0
0.0	135.30666666666667	141.31333333333333	142.4	143.06666666666666	143.25333333333333	143.11333333333334	143.34666666666666	143.18666666666667	142.70666666666668	142.88666666666666	142.96666666666667	143.18666666666667	143.1	143.14	143.09333333333333	143.18666666666667	143.38	143.31333333333333	143.26666666666668	143.04666666666665	143.0	142.96666666666667	143.04666666666665	142.98666666666668	142.99333333333334	143.09333333333333	143.00666666666666	142.96	143.04666666666665	143.20666666666668	143.14666666666668	143.22666666666666	143.09333333333333	142.87333333333333	143.14666666666668	143.05333333333334	143.01333333333332	142.92666666666668	143.22666666666666	143.13333333333333	143.13333333333333	142.94	143.21333333333334	143.1	143.13333333333333	143.26666666666668	143.32666666666665	143.27333333333334	143.12666666666667	142.96	143.08666666666667	143.43333333333334	142.84666666666666	143.15333333333334	143.16	143.12666666666667	143.05333333333334	143.14666666666668	143.18666666666667	143.41333333333333	142.96666666666667	143.22666666666666	142.85333333333332	143.18	143.06	143.16	143.06666666666666	143.0	142.42	141.42666666666668	135.26	0.0
0.0	135.34666666666666	141.41333333333333	142.50666666666666	143.04666666666665	142.95333333333335	142.96	142.98	143.08	143.09333333333333	143.22	143.05333333333334	142.99333333333334	142.94	143.05333333333334	143.12666666666667	143.04666666666665	143.10666666666665	143.10666666666665	143.16	142.98	143.26	143.26	143.04	143.14	143.17333333333335	143.12666666666667	143.01333333333332	143.02666666666667	143.18666666666667	143.21333333333334	143.30666666666667	143.08666666666667	143.26666666666668	143.14666666666668	143.17333333333335	143.00666666666666	143.21333333333334	143.20666666666668	143.2	142.92666666666668	143.04	143.22666666666666	143.19333333333333	143.27333333333334	143.12666666666667	142.98	142.96666666666667	143.09333333333333	143.18	142.81333333333333	143.19333333333333	142.99333333333334	143.17333333333335	142.86	143.16666666666666	143.06666666666666	143.26	143.09333333333333	143.24	143.12	143.24	143.34	143.38	143.18666666666667	143.13333333333333	142.87333333333333	143.08	142.84666666666666	142.46666666666667	141.3	135.66666666666666	0.0
0.0	135.28666666666666	141.57333333333332	142.69333333333333	142.82	143.08666666666667	143.05333333333334	143.14	143.10666666666665	143.09333333333333	143.01333333333332	143.3	143.26666666666668	143.24	142.95333333333335	143.02	142.84666666666666	143.14666666666668	142.93333333333334	143.18666666666667	142.83333333333334	143.01333333333332	143.11333333333334	143.06666666666666	143.24666666666667	143.27333333333334	142.94666666666666	143.08	142.98666666666668	142.99333333333334	143.01333333333332	143.1	143.07333333333332	143.01333333333332	143.20666666666668	142.93333333333334	143.02	143.2	142.94666666666666	142.99333333333334	142.96666666666667	143.06	142.84666666666666	142.79333333333332	142.9	143.12	142.92	142.96666666666667	143.20666666666668	143.16	143.31333333333333	143.18	143.04666666666665	143.16	143.03333333333333	143.10666666666665	143.1	143.04	143.07333333333332	143.28666666666666	142.97333333333333	143.15333333333334	143.18	143.20666666666668	143.02	143.14666666666668	143.15333333333334	143.06666666666666	142.66666666666666	142.61333333333334	141.20666666666668	135.03333333333333	0.0
0.0	135.38	141.16	142.64666666666668	142.72	143.0	142.98	142.75333333333333	142.93333333333334	142.82	142.76666666666668	142.98666666666668	142.91333333333333	142.93333333333334	143.07333333333332	142.96	143.12	143.05333333333334	143.15333333333334	142.84	142.78	142.92	142.76666666666668	142.94	142.98	142.96666666666667	143.28	143.08666666666667	142.78666666666666	143.00666666666666	142.85333333333332	142.92	142.91333333333333	143.18666666666667	143.04	142.96	143.22	143.07333333333332	142.82666666666665	142.92	143.06666666666666	142.95333333333335	142.82666666666665	142.85333333333332	142.94	142.91333333333333	143.02666666666667	142.84666666666666	142.94666666666666	142.92	142.9	142.96666666666667	142.98	143.06666666666666	142.98666666666668	142.9	142.97333333333333	142.86	142.78666666666666	143.06666666666666	143.08	143.04	143.08666666666667	143.01333333333332	143.00666666666666	142.89333333333335	142.84	143.04666666666665	143.06	142.52666666666667	141.29333333333332	135.06666666666666	0.0
0.0	134.88	141.14	142.22666666666666	143.0	142.95333333333335	142.8	142.91333333333333	142.86666666666667	143.1	143.03333333333333	142.81333333333333	142.94666666666666	142.91333333333333	142.88	142.87333333333333	142.9	142.7	142.74	142.92666666666668	142.9	143.01333333333332	142.83333333333334	142.82666666666665	142.83333333333334	143.1	142.88666666666666	143.10666666666665	143.00666666666666	142.85333333333332	142.96	142.98666666666668	142.82666666666665	142.77333333333334	142.60666666666665	143.0	142.81333333333333	142.96666666666667	142.89333333333335	142.94666666666666	142.76666666666668	142.98	142.80666666666667	142.91333333333333	142.77333333333334	142.86666666666667	143.03333333333333	142.80666666666667	142.86	142.87333333333333	143.04666666666665	142.98666666666668	142.81333333333333	142.86	142.96	142.97333333333333	142.91333333333333	142.9	142.98666666666668	142.88	142.72666666666666	142.87333333333333	143.07333333333332	142.76666666666668	143.06	142.69333333333333	142.92666666666668	142.90666666666667	142.74	142.82	141.04666666666665	134.98	0.0
0.0	135.54	141.0	142.36666666666667	143.01333333333332	142.79333333333332	142.99333333333334	143.13333333333333	143.0	142.92666666666668	142.83333333333334	142.71333333333334	143.05333333333334	143.25333333333333	143.27333333333334	143.04	143.01333333333332	143.13333333333333	143.02666666666667	142.98	143.05333333333334	143.17333333333335	142.87333333333333	142.99333333333334	143.03333333333333	142.88	143.09333333333333	142.74666666666667	142.87333333333333	142.98	143.02	143.00666666666666	142.80666666666667	143.13333333333333	142.85333333333332	142.96	142.95333333333335	142.96	142.99333333333334	142.82	142.91333333333333	142.94666666666666	142.92	142.94666666666666	143.06	142.96666666666667	143.1	143.00666666666666	142.86666666666667	142.94	142.99333333333334	142.95333333333335	142.85333333333332	142.84	142.87333333333333	143.04666666666665	142.70666666666668	143.02	142.74	143.2	142.80666666666667	143.06666666666666	142.88	143.12	142.91333333333333	143.15333333333334	143.14666666666668	143.06	142.90666666666667	142.48666666666668	140.92666666666668	135.17333333333335	0.0
0.0	134.96666666666667	141.35333333333332	142.61333333333334	143.08666666666667	143.2	143.08	143.21333333333334	143.17333333333335	143.28666666666666	143.32	143.11333333333334	143.20666666666668	143.16	143.28666666666666	143.20666666666668	143.17333333333335	143.27333333333334	143.12666666666667	143.03333333333333	143.24666666666667	143.22666666666666	143.22666666666666	143.27333333333334	143.14	143.38666666666666	143.48	143.23333333333332	143.31333333333333	143.09333333333333	143.36666666666667	143.2	143.19333333333333	143.26	143.10666666666665	143.14	143.13333333333333	143.03333333333333	143.33333333333334	142.94	143.25333333333333	143.36666666666667	143.38666666666666	143.36666666666667	143.17333333333335	143.1	143.26	143.3	143.10666666666665	143.32	143.11333333333334	143.39333333333335	143.10666666666665	143.26	143.46	143.12	143.25333333333333	143.10666666666665	142.98666666666668	143.26666666666668	143.16	143.04	143.1	143.20666666666668	143.3	143.14	143.12666666666667	143.22666666666666	143.17333333333335	142.71333333333334	141.43333333333334	135.08666666666667	0.0
0.0	134.86	141.20666666666668	142.48	142.82666666666665	142.86666666666667	142.90666666666667	143.10666666666665	143.03333333333333	142.8	142.96	143.06666666666666	142.88	142.83333333333334	142.85333333333332	142.96666666666667	143.09333333333333	143.12	143.1	143.06666666666666	142.9	143.00666666666666	142.98	142.85333333333332	142.96	142.96	142.86666666666667	142.83333333333334	143.01333333333332	142.84	143.14	142.86	142.95333333333335	143.14666666666668	142.92666666666668	143.01333333333332	142.84	142.86666666666667	142.87333333333333	142.73333333333332	143.14666666666668	143.0	143.18666666666667	143.10666666666665	142.97333333333333	143.16	143.04666666666665	142.70666666666668	143.02	142.60666666666665	142.87333333333333	142.90666666666667	142.80666666666667	143.14	142.76	142.96	143.02	142.92666666666668	142.86666666666667	142.98666666666668	142.89333333333335	142.93333333333334	142.62666666666667	142.76	142.96	142.98666666666668	143.00666666666666	142.90666666666667	142.76666666666668	142.58	141.37333333333333	135.33333333333334	0.0
0.0	135.12	141.32666666666665	142.43333333333334	142.71333333333334	143.08	142.81333333333333	142.95333333333335	143.04	143.06666666666666	143.02	143.07333333333332	143.13333333333333	142.97333333333333	143.15333333333334	143.17333333333335	143.16	142.87333333333333	142.86666666666667	142.89333333333335	143.13333333333333	142.78666666666666	143.06666666666666	142.96666666666667	143.13333333333333	142.88	143.17333333333335	143.24	143.14666666666668	143.05333333333334	142.97333333333333	143.02666666666667	142.97333333333333	143.1	143.02	143.02	143.03333333333333	143.04	143.04666666666665	143.08	143.08666666666667	143.04666666666665	143.02666666666667	143.04666666666665	143.19333333333333	143.09333333333333	143.1	142.78	143.26666666666668	143.22	143.04	143.06	143.05333333333334	142.96666666666667	143.09333333333333	143.15333333333334	143.2	143.12666666666667	143.04	142.84	142.96666666666667	143.37333333333333	143.04666666666665	143.26	143.34	142.98	143.00666666666666	142.99333333333334	142.76666666666668	142.45333333333335	141.24	135.25333333333333	0.0
