0.0	133.82	140.81333333333333	142.86666666666667	143.22666666666666	143.64	143.74	143.63333333333333	143.82666666666665	143.71333333333334	143.76	143.64	143.72666666666666	143.84666666666666	143.82666666666665	143.67333333333335	143.56666666666666	143.88	143.58666666666667	143.88	143.85333333333332	144.00666666666666	143.81333333333333	143.99333333333334	143.61333333333334	143.80666666666667	143.77333333333334	143.82666666666665	143.7	143.7	143.66	143.74	143.71333333333334	143.54666666666665	143.52	143.64	143.66666666666666	143.52	143.63333333333333	143.47333333333333	143.64	143.87333333333333	143.64	143.83333333333334	143.74	143.64	144.03333333333333	143.65333333333334	143.85333333333332	143.74666666666667	143.88666666666666	143.65333333333334	143.81333333333333	143.72	143.74666666666667	143.78	143.66666666666666	143.88666666666666	143.78666666666666	143.76666666666668	143.76	143.89333333333335	143.65333333333334	143.77333333333334	143.66	143.73333333333332	143.63333333333333	143.54666666666665	143.69333333333333	142.85333333333332	140.93333333333334	133.98666666666668	0.0
0.0	133.61333333333334	140.99333333333334	143.24666666666667	143.77333333333334	143.85333333333332	143.76666666666668	143.9	144.18666666666667	143.65333333333334	143.96666666666667	144.12666666666667	144.27333333333334	144.09333333333333	143.94	143.94666666666666	144.04666666666665	144.05333333333334	143.96666666666667	143.94	144.06666666666666	144.17333333333335	143.90666666666667	143.77333333333334	143.96666666666667	144.0	143.9	144.07333333333332	143.99333333333334	143.85333333333332	144.12666666666667	143.96	143.91333333333333	143.85333333333332	143.88666666666666	143.66666666666666	143.93333333333334	143.91333333333333	144.15333333333334	144.0	144.04666666666665	144.33333333333334	144.20666666666668	144.26	144.2	144.02	144.02666666666667	143.94666666666666	143.85333333333332	143.95333333333335	144.16	144.18666666666667	143.89333333333335	143.88	143.96	144.04666666666665	144.26	143.87333333333333	144.06	144.04	144.13333333333333	143.95333333333335	144.16666666666666	143.81333333333333	143.98	143.98	143.80666666666667	143.97333333333333	143.74666666666667	142.95333333333335	140.91333333333333	133.54666666666665	0.0
0.0	133.97333333333333	141.0	142.94666666666666	143.32666666666665	143.67333333333335	143.53333333333333	143.76666666666668	143.51333333333332	143.62	143.6	143.77333333333334	143.54	143.5	143.86	143.73333333333332	143.53333333333333	143.84666666666666	143.63333333333333	143.71333333333334	143.51333333333332	143.69333333333333	143.78	143.7	143.8	143.66666666666666	143.86666666666667	143.59333333333333	143.71333333333334	143.72	143.88	143.84666666666666	143.62666666666667	143.9	143.55333333333334	143.58666666666667	143.54666666666665	143.91333333333333	143.76	143.56666666666666	143.58	143.42	143.78666666666666	143.82666666666665	143.83333333333334	143.72666666666666	143.78	143.58	143.43333333333334	143.62666666666667	143.7	143.87333333333333	143.88666666666666	143.78666666666666	143.48666666666668	143.68	143.93333333333334	143.97333333333333	143.76	143.68	143.32	144.07333333333332	143.85333333333332	143.86666666666667	143.7	143.5	143.40666666666667	143.36	143.09333333333333	142.84	141.04666666666665	134.02666666666667	0.0
0.0	133.44666666666666	140.94666666666666	142.91333333333333	143.02	143.53333333333333	143.53333333333333	143.46666666666667	143.61333333333334	143.7	143.54	143.7	143.86666666666667	143.44666666666666	143.55333333333334	143.42	143.42666666666668	143.69333333333333	143.69333333333333	143.47333333333333	143.63333333333333	143.62	143.54	143.61333333333334	143.9	143.72666666666666	143.74666666666667	143.66	143.9	143.76	143.66666666666666	143.76	143.76666666666668	143.77333333333334	143.89333333333335	143.45333333333335	143.76	143.65333333333334	143.74666666666667	143.54	143.46	143.67333333333335	143.74666666666667	143.64666666666668	143.44	143.39333333333335	143.66	143.95333333333335	143.56	143.83333333333334	143.85333333333332	143.52	143.75333333333333	144.04666666666665	143.68666666666667	143.66666666666666	143.52	143.61333333333334	143.64	143.84	143.47333333333333	143.72666666666666	143.53333333333333	143.62	143.66	143.44	143.78	143.62666666666667	143.11333333333334	142.74	140.90666666666667	133.8	0.0
0.0	134.26666666666668	141.21333333333334	143.10666666666665	143.36666666666667	143.76	143.75333333333333	143.9	143.8	143.94666666666666	143.84	143.90666666666667	144.14666666666668	143.93333333333334	143.92666666666668	143.96666666666667	144.08	143.89333333333335	143.97333333333333	143.68666666666667	143.95333333333335	143.96666666666667	144.01333333333332	143.90666666666667	143.75333333333333	143.60666666666665	143.93333333333334	143.91333333333333	143.91333333333333	143.95333333333335	143.76666666666668	143.89333333333335	143.54666666666665	143.80666666666667	143.70666666666668	143.88666666666666	143.74	143.92666666666668	143.97333333333333	143.88666666666666	143.59333333333333	143.78666666666666	143.78666666666666	143.8	144.04	143.84666666666666	144.05333333333334	143.89333333333335	143.81333333333333	143.84	143.96	143.97333333333333	143.63333333333333	143.86666666666667	143.52666666666667	143.68	143.9	144.08666666666667	144.01333333333332	144.16666666666666	144.17333333333335	143.68666666666667	143.82666666666665	143.7	143.77333333333334	144.03333333333333	143.87333333333333	143.78	143.44666666666666	142.9	140.96	133.98	0.0
0.0	133.72	140.81333333333333	142.66	143.34	143.4	143.84666666666666	143.82666666666665	143.87333333333333	143.74666666666667	143.92	143.87333333333333	143.64	143.78666666666666	143.78666666666666	143.82666666666665	143.66666666666666	143.80666666666667	143.79333333333332	143.7	143.82	143.75333333333333	143.71333333333334	143.82	143.62666666666667	143.54	143.88	143.58666666666667	143.53333333333333	143.98	143.84666666666666	143.73333333333332	143.74	143.78666666666666	143.88666666666666	143.70666666666668	143.78	143.68666666666667	144.06666666666666	143.75333333333333	143.76	143.62	143.8	143.78666666666666	143.58	143.89333333333335	143.78666666666666	143.82666666666665	143.98	143.62666666666667	143.92666666666668	143.74	143.76	143.64	143.85333333333332	143.92666666666668	144.00666666666666	143.86666666666667	144.14666666666668	143.64	143.82666666666665	143.64	143.66666666666666	143.80666666666667	143.64	143.73333333333332	143.62666666666667	143.66666666666666	143.15333333333334	142.72	141.04	133.67333333333335	0.0
0.0	134.03333333333333	140.88666666666666	142.93333333333334	143.28	143.68666666666667	143.70666666666668	143.76666666666668	143.61333333333334	143.78666666666666	143.96	143.91333333333333	143.88	143.55333333333334	143.8	143.8	143.91333333333333	143.92666666666668	143.61333333333334	143.58	143.88666666666666	143.98	143.97333333333333	143.99333333333334	143.80666666666667	143.64666666666668	143.76666666666668	143.80666666666667	143.86	143.69333333333333	143.68666666666667	143.88	143.6	143.64	143.72666666666666	143.83333333333334	143.93333333333334	143.90666666666667	143.98	144.04666666666665	143.98	143.89333333333335	143.93333333333334	143.83333333333334	143.68	143.77333333333334	143.68666666666667	143.62	143.8	143.48666666666668	143.91333333333333	143.76666666666668	143.64	143.78666666666666	143.86666666666667	143.71333333333334	143.88666666666666	143.81333333333333	143.60666666666665	143.86666666666667	143.92666666666668	143.98	143.96666666666667	143.83333333333334	143.8	143.77333333333334	143.92	143.88666666666666	143.28	142.89333333333335	140.94	133.72666666666666	0.0
0.0	134.21333333333334	141.02666666666667	142.47333333333333	143.16	143.56666666666666	143.99333333333334	143.79333333333332	143.80666666666667	143.53333333333333	143.76	143.88	143.66666666666666	143.54666666666665	143.54	143.66666666666666	143.73333333333332	143.71333333333334	143.82666666666665	143.74666666666667	143.79333333333332	143.79333333333332	143.62	143.69333333333333	143.86	143.68666666666667	143.79333333333332	143.8	144.03333333333333	143.57333333333332	143.58666666666667	143.70666666666668	143.62666666666667	143.52666666666667	143.5	143.78	143.65333333333334	143.67333333333335	143.54	143.90666666666667	143.93333333333334	143.63333333333333	143.86666666666667	143.56	143.65333333333334	143.38	143.99333333333334	143.8	143.63333333333333	143.65333333333334	143.84	143.88666666666666	144.06	143.84	143.81333333333333	143.69333333333333	143.63333333333333	143.48666666666668	143.54666666666665	143.95333333333335	143.67333333333335	143.62	143.66	143.82666666666665	143.76666666666668	143.94666666666666	143.69333333333333	143.76666666666668	143.44	142.82	141.2	134.07333333333332	0.0
0.0	133.68	140.84	142.49333333333334	143.4	143.55333333333334	143.31333333333333	143.46666666666667	143.71333333333334	143.34666666666666	143.56	143.68	143.49333333333334	143.3	143.63333333333333	143.50666666666666	143.18	143.69333333333333	143.68	143.56666666666666	143.72	143.54	143.62	143.93333333333334	143.74666666666667	143.54666666666665	143.49333333333334	143.63333333333333	143.5	143.68666666666667	143.60666666666665	143.47333333333333	143.76	143.66666666666666	143.77333333333334	143.78	143.92	143.77333333333334	143.54666666666665	143.58666666666667	143.75333333333333	143.37333333333333	143.46	143.58	143.81333333333333	143.76666666666668	143.59333333333333	143.71333333333334	143.55333333333334	143.65333333333334	143.64666666666668	143.54	143.92	143.55333333333334	143.71333333333334	143.96	143.68	143.92	143.88	143.77333333333334	143.99333333333334	143.59333333333333	143.56	143.78666666666666	143.69333333333333	143.74	143.39333333333335	143.52	143.58666666666667	142.90666666666667	140.82666666666665	133.74	0.0
0.0	134.07333333333332	140.98666666666668	142.88666666666666	143.18	143.64666666666668	143.56666666666666	143.70666666666668	143.82666666666665	143.66666666666666	143.54666666666665	143.72666666666666	143.72666666666666	143.97333333333333	144.13333333333333	143.96666666666667	143.74	143.84666666666666	143.74	143.80666666666667	143.70666666666668	143.75333333333333	143.68	143.74666666666667	143.95333333333335	143.78	143.74666666666667	144.11333333333334	143.88	143.75333333333333	143.84666666666666	143.93333333333334	143.9	144.00666666666666	144.18666666666667	143.86666666666667	143.83333333333334	143.91333333333333	143.78	143.88	143.9	143.58	144.02	143.82	143.84666666666666	143.72666666666666	143.63333333333333	143.60666666666665	143.91333333333333	143.78	144.02	143.80666666666667	143.72	143.59333333333333	143.52666666666667	143.64	143.7	143.70666666666668	143.8	143.78	143.76666666666668	143.62	143.78	143.78	143.58666666666667	143.96666666666667	143.61333333333334	143.81333333333333	143.3	142.78	141.1	134.04666666666665	0.0
0.0	133.50666666666666	140.76	142.54	143.0	143.14	143.42666666666668	143.59333333333333	143.50666666666666	143.21333333333334	143.35333333333332	143.22666666666666	143.48666666666668	143.18	143.31333333333333	143.27333333333334	143.46666666666667	143.31333333333333	143.35333333333332	143.50666666666666	143.36	143.45333333333335	143.43333333333334	143.10666666666665	143.3	143.54	143.26	143.20666666666668	143.52	143.15333333333334	143.22	143.36666666666667	143.30666666666667	143.61333333333334	143.55333333333334	143.57333333333332	143.33333333333334	143.42	143.51333333333332	143.46	143.9	143.51333333333332	143.64	143.57333333333332	143.57333333333332	143.78666666666666	143.45333333333335	143.56	143.21333333333334	143.5	143.51333333333332	143.48666666666668	143.56	143.52666666666667	143.44666666666666	143.46666666666667	143.64	143.32666666666665	143.24	143.66	143.27333333333334	143.56	143.5	143.52666666666667	143.43333333333334	143.46666666666667	143.26666666666668	143.38	143.12	142.62	140.7	133.54	0.0
0.0	134.16	141.02	142.67333333333335	143.34666666666666	143.56666666666666	143.61333333333334	143.61333333333334	143.49333333333334	143.67333333333335	143.77333333333334	143.56666666666666	143.95333333333335	143.85333333333332	143.48666666666668	143.67333333333335	143.54666666666665	143.62	143.58	143.54666666666665	143.62	143.87333333333333	143.6	143.57333333333332	143.74	143.79333333333332	143.8	143.72666666666666	143.63333333333333	143.42666666666668	143.58	143.54	143.67333333333335	143.58	143.56666666666666	143.92	143.72666666666666	143.71333333333334	143.71333333333334	143.72666666666666	143.42666666666668	143.64666666666668	143.77333333333334	143.76	143.76666666666668	143.68666666666667	143.86	143.68666666666667	143.6	143.58	143.74	143.69333333333333	143.75333333333333	143.74666666666667	143.61333333333334	143.84	143.65333333333334	143.68666666666667	143.58	143.56	143.54666666666665	143.51333333333332	143.62666666666667	143.66666666666666	143.53333333333333	143.58	143.64666666666668	143.47333333333333	143.24	142.49333333333334	141.01333333333332	133.99333333333334	0.0
0.0	134.33333333333334	140.88	142.86	143.52	143.77333333333334	143.66666666666666	143.60666666666665	143.91333333333333	143.8	144.06666666666666	144.06666666666666	143.98	144.11333333333334	143.87333333333333	143.72	143.76	143.76	143.85333333333332	143.99333333333334	143.69333333333333	143.71333333333334	143.88666666666666	143.92	144.02666666666667	144.02	143.8	143.85333333333332	143.82	143.97333333333333	143.80666666666667	143.84	143.86	143.86666666666667	143.62	143.8	143.9	143.59333333333333	143.7	143.77333333333334	144.07333333333332	143.96666666666667	143.89333333333335	143.82	144.06666666666666	143.74666666666667	143.85333333333332	143.82666666666665	143.78	143.69333333333333	143.50666666666666	143.78	143.78	143.64666666666668	143.89333333333335	144.10666666666665	143.71333333333334	143.90666666666667	143.82	143.77333333333334	143.88	143.76666666666668	143.81333333333333	143.90666666666667	144.0	144.1	143.64	143.74666666666667	143.61333333333334	142.78666666666666	141.04	133.55333333333334	0.0
0.0	133.88666666666666	140.82	142.64666666666668	143.14	143.37333333333333	143.39333333333335	143.48	143.38666666666666	143.59333333333333	143.58	143.53333333333333	143.50666666666666	143.38666666666666	143.39333333333335	143.62	143.49333333333334	143.44666666666666	143.75333333333333	143.56666666666666	143.56666666666666	143.64	143.43333333333334	143.36	143.45333333333335	143.52	143.59333333333333	143.53333333333333	143.6	143.62	143.51333333333332	143.42	143.49333333333334	143.58	143.70666666666668	143.74	143.66	143.61333333333334	143.83333333333334	143.34	143.36666666666667	143.41333333333333	143.45333333333335	143.48666666666668	143.64	143.18	143.42666666666668	143.57333333333332	143.54	143.6	143.65333333333334	143.50666666666666	143.4	143.48	143.56	143.44	143.46666666666667	143.64666666666668	143.46666666666667	143.55333333333334	143.42	143.67333333333335	143.5	143.51333333333332	143.82	143.58666666666667	143.47333333333333	143.36666666666667	143.19333333333333	142.52	140.75333333333333	133.59333333333333	0.0
0.0	133.9	140.88666666666666	142.9	143.0	143.7	143.86	143.78	143.55333333333334	143.90666666666667	143.77333333333334	143.71333333333334	143.65333333333334	143.91333333333333	143.84	143.62666666666667	143.96666666666667	143.96666666666667	143.79333333333332	143.84666666666666	143.77333333333334	143.74666666666667	143.58666666666667	143.86	144.04666666666665	143.89333333333335	144.01333333333332	143.87333333333333	143.94666666666666	143.66666666666666	143.78	143.8	143.75333333333333	144.00666666666666	143.8	143.83333333333334	143.76666666666668	143.78	143.82666666666665	143.68	143.7	143.52	143.68666666666667	143.68	143.84	143.96	143.65333333333334	143.76	143.66666666666666	143.84	143.76666666666668	143.67333333333335	144.07333333333332	143.76666666666668	143.81333333333333	143.76	143.58666666666667	143.78666666666666	143.88	143.84666666666666	143.89333333333335	143.83333333333334	143.89333333333335	143.61333333333334	143.77333333333334	143.78666666666666	143.90666666666667	143.83333333333334	143.3	143.04	140.94	133.97333333333333	0.0
0.0	134.01333333333332	141.10666666666665	143.14	143.36666666666667	143.74	143.94	143.76666666666668	143.68	143.98	143.82	143.86666666666667	143.9	143.83333333333334	143.9	143.97333333333333	143.84666666666666	143.84666666666666	143.65333333333334	143.86666666666667	143.82	143.69333333333333	143.89333333333335	144.01333333333332	144.02	143.87333333333333	143.73333333333332	143.92	143.86666666666667	143.76666666666668	144.0	143.82	143.83333333333334	143.98666666666668	143.84666666666666	143.57333333333332	143.73333333333332	143.74666666666667	143.54666666666665	143.72	143.86666666666667	143.70666666666668	143.67333333333335	143.76666666666668	143.76666666666668	143.93333333333334	143.9	143.58666666666667	143.7	143.92666666666668	143.81333333333333	143.66666666666666	143.55333333333334	143.78666666666666	144.00666666666666	143.93333333333334	143.82	143.71333333333334	143.7	143.56	143.49333333333334	143.83333333333334	143.72	143.51333333333332	143.79333333333332	143.76	143.7	143.8	143.68666666666667	142.76666666666668	141.02666666666667	133.97333333333333	0.0
0.0	134.01333333333332	141.00666666666666	142.76	143.22666666666666	143.4	143.58666666666667	143.84666666666666	143.44	143.62666666666667	143.75333333333333	143.68666666666667	143.99333333333334	143.98666666666668	143.81333333333333	143.53333333333333	143.60666666666665	143.57333333333332	143.64666666666668	143.81333333333333	143.88	143.64	143.76	143.86	143.86666666666667	143.75333333333333	143.80666666666667	143.65333333333334	143.77333333333334	143.45333333333335	143.94	143.82666666666665	143.73333333333332	144.0	143.60666666666665	143.72666666666666	143.95333333333335	143.76666666666668	143.77333333333334	143.95333333333335	143.98666666666668	143.88	143.67333333333335	143.69333333333333	143.96666666666667	143.81333333333333	144.02666666666667	143.67333333333335	143.84666666666666	143.85333333333332	143.82666666666665	143.88666666666666	143.92	143.96	143.71333333333334	143.80666666666667	143.91333333333333	143.92666666666668	144.05333333333334	143.63333333333333	143.64666666666668	143.56	143.8	143.65333333333334	143.48	143.81333333333333	143.36	143.55333333333334	143.34666666666666	142.64666666666668	140.90666666666667	134.40666666666667	0.0
0.0	133.81333333333333	140.87333333333333	142.88	143.46666666666667	143.47333333333333	143.7	143.54	143.42	143.72	143.76666666666668	143.71333333333334	143.78666666666666	143.91333333333333	143.86666666666667	143.69333333333333	143.86	143.88	143.69333333333333	143.42666666666668	143.55333333333334	143.91333333333333	143.74	143.69333333333333	143.6	143.75333333333333	143.62666666666667	143.64	143.78666666666666	143.62	143.53333333333333	143.8	143.66	143.72666666666666	143.87333333333333	143.66666666666666	143.78	143.7	143.78666666666666	143.78666666666666	143.8	143.88666666666666	143.94	143.66	143.74	143.68666666666667	143.79333333333332	143.88	143.86666666666667	143.87333333333333	143.61333333333334	143.91333333333333	143.9	143.72666666666666	143.69333333333333	143.74666666666667	143.88	143.80666666666667	143.66666666666666	143.96	143.69333333333333	143.62	143.48	143.81333333333333	143.79333333333332	143.68	143.82666666666665	143.80666666666667	143.34666666666666	142.86	141.17333333333335	133.82	0.0
0.0	134.17333333333335	141.14666666666668	143.02	143.62666666666667	143.90666666666667	143.89333333333335	144.16	144.02	144.1	144.18	144.09333333333333	143.98666666666668	144.0	143.92666666666668	144.0	144.26666666666668	144.14666666666668	144.08666666666667	144.2	144.24	144.33333333333334	144.08	143.81333333333333	143.84	143.9	144.0	143.78666666666666	143.84	143.79333333333332	143.70666666666668	144.18666666666667	144.0	144.06	143.93333333333334	144.03333333333333	144.04666666666665	144.06666666666666	143.94666666666666	143.98	143.96666666666667	143.91333333333333	144.02	143.83333333333334	143.81333333333333	143.71333333333334	143.75333333333333	143.78666666666666	143.98666666666668	143.88666666666666	143.83333333333334	143.74	143.75333333333333	144.06	144.04666666666665	143.97333333333333	144.05333333333334	143.87333333333333	144.04	144.18	144.18	144.13333333333333	144.04	143.77333333333334	144.21333333333334	144.09333333333333	143.81333333333333	143.80666666666667	143.72	142.80666666666667	140.92	133.8	0.0
0.0	134.02666666666667	141.19333333333333	142.98	143.4	143.86666666666667	143.7	143.66	143.58666666666667	144.0	143.86	144.0	143.95333333333335	143.7	144.06666666666666	143.91333333333333	143.76	143.90666666666667	143.84666666666666	144.1	144.14	143.93333333333334	144.02	143.72	143.98	143.74666666666667	143.78666666666666	144.21333333333334	143.68	144.00666666666666	143.94666666666666	143.84	143.8	143.51333333333332	143.92666666666668	143.94666666666666	143.85333333333332	143.62666666666667	143.92666666666668	144.10666666666665	144.00666666666666	144.11333333333334	144.12	143.89333333333335	144.01333333333332	144.16	144.06	143.83333333333334	143.97333333333333	143.63333333333333	144.09333333333333	143.78666666666666	143.86666666666667	143.99333333333334	143.80666666666667	143.72666666666666	143.92666666666668	143.98666666666668	144.06666666666666	143.86666666666667	143.84	143.62666666666667	143.68	143.64666666666668	143.70666666666668	143.86	143.82	143.52	143.46	143.05333333333334	141.24	133.84666666666666	0.0
0.0	133.58666666666667	140.98666666666668	142.63333333333333	143.49333333333334	143.66666666666666	143.69333333333333	143.48	144.03333333333333	143.94666666666666	144.02666666666667	144.16	143.93333333333334	143.8	143.92	143.96666666666667	143.63333333333333	143.58666666666667	144.1	143.78666666666666	143.92666666666668	143.88	143.86	143.80666666666667	143.75333333333333	143.78666666666666	143.76	143.76	143.98666666666668	143.9	143.96666666666667	143.72666666666666	143.97333333333333	143.79333333333332	143.89333333333335	143.98666666666668	143.51333333333332	143.71333333333334	144.08	144.03333333333333	143.79333333333332	143.66666666666666	143.92666666666668	143.79333333333332	143.74666666666667	143.77333333333334	143.84	143.61333333333334	143.72666666666666	143.78666666666666	143.70666666666668	143.70666666666668	143.62	143.7	144.1	143.92666666666668	143.9	143.71333333333334	143.66	143.59333333333333	143.44	143.79333333333332	143.59333333333333	143.6	143.88666666666666	143.72	143.71333333333334	143.45333333333335	143.37333333333333	142.66666666666666	140.96666666666667	134.04666666666665	0.0
0.0	134.05333333333334	141.14666666666668	142.66666666666666	143.46	143.72666666666666	143.74666666666667	143.95333333333335	143.88	143.87333333333333	143.6	143.76	143.69333333333333	143.67333333333335	143.78666666666666	143.8	144.02666666666667	143.9	143.93333333333334	143.7	143.55333333333334	143.97333333333333	143.80666666666667	143.64	143.72	143.80666666666667	143.84	144.03333333333333	143.95333333333335	143.7	143.68	143.82666666666665	143.54	143.55333333333334	143.80666666666667	143.69333333333333	143.82666666666665	143.86	143.84666666666666	144.04666666666665	143.86666666666667	143.8	143.92	143.95333333333335	143.85333333333332	143.76666666666668	143.94666666666666	143.82	143.94	143.76666666666668	143.58	143.71333333333334	143.73333333333332	143.77333333333334	143.81333333333333	143.94666666666666	143.88666666666666	143.76666666666668	143.76	143.85333333333332	143.64666666666668	143.54	144.04666666666665	143.72	143.9	143.82	143.69333333333333	143.72666666666666	143.26666666666668	142.81333333333333	140.88666666666666	133.86666666666667	0.0
0.0	134.02666666666667	141.08	142.80666666666667	143.3	143.63333333333333	143.66	143.82666666666665	143.86666666666667	143.90666666666667	143.84666666666666	143.73333333333332	143.81333333333333	143.94666666666666	144.02	143.70666666666668	143.91333333333333	143.80666666666667	143.94666666666666	143.7	143.86	143.90666666666667	143.72666666666666	144.05333333333334	144.09333333333333	144.03333333333333	144.03333333333333	143.98666666666668	144.16666666666666	143.94666666666666	144.02666666666667	143.92	144.02	143.82666666666665	143.80666666666667	143.89333333333335	143.80666666666667	143.80666666666667	143.76666666666668	144.11333333333334	144.10666666666665	143.73333333333332	143.98666666666668	143.95333333333335	143.73333333333332	143.82	143.66666666666666	143.77333333333334	143.83333333333334	143.96666666666667	143.78	144.06666666666666	143.66666666666666	143.57333333333332	143.78	143.88666666666666	143.84666666666666	143.81333333333333	143.87333333333333	143.68	143.43333333333334	143.76	143.80666666666667	143.9	143.92666666666668	143.82	143.78	143.59333333333333	143.68666666666667	143.08666666666667	141.07333333333332	134.06	0.0
0.0	133.94666666666666	141.35333333333332	143.11333333333334	143.64666666666668	143.93333333333334	143.96	143.98	144.26	144.06666666666666	144.13333333333333	144.30666666666667	143.84	144.04	144.14	143.78666666666666	144.1	144.02666666666667	144.06666666666666	143.95333333333335	143.94	143.99333333333334	143.8	143.89333333333335	144.28	144.00666666666666	144.28	143.99333333333334	144.07333333333332	144.09333333333333	144.10666666666665	144.26	143.98666666666668	144.06666666666666	143.94	144.01333333333332	143.76666666666668	144.26	143.96666666666667	143.84	144.26666666666668	144.12666666666667	143.87333333333333	143.99333333333334	144.07333333333332	144.36	144.01333333333332	144.14	144.16666666666666	144.10666666666665	144.0	144.05333333333334	144.14666666666668	143.74	143.89333333333335	143.97333333333333	144.07333333333332	144.20666666666668	143.98	143.92666666666668	143.94666666666666	144.02	143.96666666666667	143.81333333333333	144.1	143.77333333333334	143.85333333333332	143.76	143.5	142.99333333333334	141.28666666666666	134.12666666666667	0.0
0.0	133.83333333333334	141.18	142.83333333333334	143.46	143.77333333333334	143.7	143.88	144.16	143.8	143.84666666666666	143.79333333333332	143.86666666666667	144.19333333333333	143.78666666666666	143.77333333333334	144.05333333333334	143.91333333333333	143.78	143.70666666666668	143.61333333333334	143.61333333333334	143.9	143.82	143.73333333333332	143.78666666666666	143.56666666666666	143.88666666666666	143.86	143.98	144.03333333333333	143.81333333333333	144.04	143.84666666666666	143.87333333333333	143.76666666666668	143.81333333333333	144.00666666666666	143.83333333333334	143.76666666666668	144.05333333333334	143.93333333333334	144.01333333333332	143.83333333333334	143.82	143.84	143.88	143.97333333333333	143.96666666666667	143.81333333333333	143.99333333333334	143.98666666666668	143.71333333333334	143.88	143.74666666666667	143.84666666666666	143.98666666666668	143.88	144.14	144.06666666666666	143.94666666666666	143.77333333333334	143.97333333333333	143.90666666666667	143.69333333333333	143.74666666666667	143.86666666666667	143.49333333333334	143.37333333333333	142.72666666666666	140.84666666666666	133.43333333333334	0.0
0.0	133.89333333333335	141.13333333333333	142.88	143.63333333333333	143.86666666666667	143.82	144.01333333333332	143.60666666666665	143.95333333333335	144.1	143.98666666666668	144.02	143.96	143.78666666666666	143.91333333333333	143.68666666666667	144.12	143.84	143.99333333333334	143.81333333333333	143.90666666666667	143.94	143.79333333333332	143.92666666666668	143.64666666666668	143.95333333333335	143.81333333333333	144.10666666666665	143.94	143.94	143.68	143.72	143.7	143.96	144.02	143.74666666666667	144.18	143.83333333333334	143.86666666666667	143.70666666666668	143.98	143.77333333333334	143.68666666666667	144.02666666666667	143.92	144.1	144.22666666666666	143.93333333333334	144.06666666666666	144.08	143.95333333333335	143.86666666666667	144.06666666666666	143.81333333333333	143.86	144.08666666666667	143.74666666666667	144.00666666666666	143.9	143.94666666666666	143.88666666666666	144.01333333333332	143.96	143.7	144.02	143.98666666666668	143.72	143.39333333333335	142.82	141.22	133.92666666666668	0.0
0.0	133.58	140.68666666666667	142.58666666666667	143.24666666666667	143.54	143.86	143.78666666666666	143.67333333333335	143.66	144.01333333333332	143.91333333333333	143.68	143.84	143.7	143.72	143.89333333333335	143.66666666666666	143.66	143.62	143.81333333333333	143.59333333333333	144.02666666666667	143.61333333333334	143.78	143.76	143.6	143.76	143.69333333333333	143.50666666666666	143.86666666666667	143.68	143.72	143.64	143.54	143.78	143.60666666666665	143.72666666666666	143.92	143.86	143.66	143.75333333333333	143.72	143.66	143.68	144.0	143.64	143.82	143.68	143.55333333333334	143.80666666666667	143.54	143.87333333333333	143.5	143.79333333333332	144.03333333333333	143.77333333333334	143.71333333333334	143.68	143.45333333333335	144.02666666666667	143.92666666666668	143.84	143.76	143.66	143.6	143.43333333333334	143.70666666666668	143.43333333333334	142.92666666666668	140.95333333333335	134.07333333333332	0.0
0.0	133.86666666666667	141.14	142.88	143.21333333333334	143.72	143.96	143.85333333333332	143.76	143.48666666666668	143.94666666666666	144.11333333333334	144.14	144.05333333333334	143.74	143.59333333333333	143.73333333333332	143.82	143.7	143.72666666666666	143.62666666666667	143.73333333333332	143.68666666666667	144.03333333333333	143.89333333333335	143.88	144.02	143.92	143.94666666666666	143.85333333333332	143.96666666666667	143.76666666666668	143.98666666666668	143.9	143.94	143.53333333333333	144.1	143.84666666666666	143.97333333333333	144.0	143.74	143.78	144.06666666666666	144.04666666666665	143.78	143.78666666666666	143.92666666666668	143.68	143.75333333333333	143.90666666666667	143.6	143.82	143.85333333333332	143.84	143.76	143.74666666666667	143.97333333333333	143.74666666666667	143.68	143.5	144.06666666666666	144.02666666666667	143.89333333333335	143.82666666666665	143.86	144.04	143.76	143.71333333333334	143.68666666666667	142.86666666666667	141.03333333333333	134.25333333333333	0.0
0.0	133.98666666666668	141.10666666666665	142.65333333333334	143.42666666666668	143.24666666666667	143.43333333333334	143.86	143.58	143.38666666666666	143.74666666666667	143.72666666666666	143.90666666666667	144.02666666666667	143.70666666666668	143.78	143.56	143.65333333333334	143.65333333333334	143.8	143.6	143.76	143.64666666666668	143.64	143.48	143.58	143.57333333333332	143.76666666666668	143.75333333333333	143.56666666666666	143.86666666666667	143.78666666666666	143.44	143.59333333333333	143.89333333333335	143.83333333333334	143.8	143.89333333333335	143.46	143.54666666666665	143.72666666666666	143.80666666666667	143.78666666666666	143.46666666666667	143.37333333333333	143.72666666666666	143.69333333333333	143.94666666666666	143.84	143.99333333333334	143.8	143.83333333333334	143.94666666666666	143.86666666666667	143.63333333333333	143.62	143.37333333333333	143.61333333333334	143.61333333333334	143.78	143.64	143.53333333333333	143.48666666666668	143.53333333333333	143.5	143.50666666666666	143.45333333333335	143.43333333333334	143.20666666666668	142.75333333333333	141.06	134.34666666666666	0.0
0.0	134.42666666666668	141.36	143.07333333333332	143.58666666666667	143.68666666666667	143.96	143.87333333333333	143.70666666666668	143.89333333333335	143.9	144.03333333333333	143.79333333333332	143.78	143.86	143.77333333333334	143.81333333333333	143.65333333333334	144.03333333333333	143.72666666666666	143.65333333333334	143.90666666666667	143.80666666666667	144.02666666666667	143.96666666666667	143.86666666666667	143.86	143.83333333333334	144.12666666666667	144.06	144.02666666666667	143.81333333333333	143.7	143.53333333333333	143.70666666666668	143.68	143.67333333333335	143.81333333333333	143.94666666666666	143.82666666666665	143.84666666666666	143.94666666666666	143.74666666666667	143.77333333333334	144.08	144.02	143.54666666666665	143.67333333333335	143.84	143.9	143.91333333333333	143.83333333333334	144.04	143.77333333333334	143.68	143.70666666666668	143.79333333333332	143.64666666666668	143.72	143.7	143.80666666666667	143.81333333333333	143.84	143.91333333333333	143.86	143.73333333333332	143.88	143.64	143.24	143.0	140.93333333333334	134.08	0.0
0.0	133.68	140.94	142.72	143.43333333333334	143.77333333333334	143.63333333333333	143.8	143.74666666666667	143.97333333333333	143.84	143.87333333333333	143.99333333333334	144.06666666666666	143.81333333333333	143.80666666666667	143.89333333333335	143.65333333333334	143.69333333333333	143.76666666666668	143.76	143.88	143.66	143.87333333333333	143.72	143.83333333333334	143.78666666666666	143.74	143.67333333333335	143.7	144.13333333333333	144.1	143.88	143.93333333333334	144.12	143.63333333333333	144.19333333333333	143.78	143.92666666666668	143.87333333333333	143.76666666666668	143.70666666666668	143.84	143.87333333333333	143.88	143.78	143.74	143.83333333333334	143.8	143.69333333333333	143.97333333333333	143.61333333333334	143.89333333333335	143.84666666666666	144.02	143.89333333333335	143.8	143.80666666666667	143.64666666666668	143.81333333333333	144.14666666666668	144.04666666666665	143.87333333333333	143.88	143.90666666666667	143.89333333333335	143.56666666666666	143.62	143.58666666666667	142.76	140.66666666666666	133.88666666666666	0.0
0.0	133.86	141.18666666666667	143.02666666666667	143.45333333333335	143.75333333333333	143.69333333333333	144.16	144.02	143.82666666666665	143.89333333333335	143.94666666666666	143.94	144.15333333333334	143.97333333333333	143.9	143.98	144.04666666666665	143.94666666666666	143.92	144.06	144.08666666666667	143.97333333333333	143.58	143.86666666666667	143.81333333333333	143.88	143.77333333333334	143.87333333333333	143.75333333333333	143.76666666666668	143.93333333333334	143.91333333333333	143.88	143.76666666666668	143.8	143.82666666666665	143.76666666666668	144.02666666666667	144.02	143.98	144.03333333333333	144.12	144.3	144.1	144.16666666666666	144.01333333333332	143.87333333333333	143.74666666666667	143.99333333333334	144.06	143.9	144.12	143.88	144.11333333333334	143.93333333333334	143.92	144.09333333333333	143.92	143.73333333333332	144.16	144.02666666666667	143.87333333333333	143.68	143.98	143.81333333333333	143.96	143.80666666666667	143.71333333333334	142.86	141.26666666666668	134.42	0.0
0.0	133.91333333333333	140.98666666666668	142.71333333333334	143.07333333333332	143.37333333333333	143.59333333333333	143.60666666666665	143.31333333333333	143.22	143.62666666666667	143.61333333333334	143.43333333333334	143.61333333333334	143.67333333333335	143.50666666666666	143.21333333333334	143.48	143.50666666666666	143.54	143.56	143.62666666666667	143.55333333333334	143.91333333333333	143.37333333333333	143.55333333333334	143.64	143.75333333333333	143.72	143.67333333333335	143.65333333333334	143.59333333333333	143.82666666666665	143.59333333333333	143.69333333333333	143.74666666666667	143.68666666666667	143.76	143.61333333333334	143.62	143.33333333333334	143.50666666666666	143.76666666666668	143.72	143.59333333333333	143.51333333333332	143.51333333333332	143.66	143.75333333333333	143.42666666666668	143.31333333333333	143.66	143.64	143.72	143.49333333333334	143.58	143.44	143.62	143.62	143.73333333333332	143.60666666666665	143.63333333333333	143.28	143.40666666666667	143.56666666666666	143.60666666666665	143.5	143.51333333333332	143.18666666666667	142.47333333333333	140.76	133.84	0.0
0.0	134.04	141.08	142.79333333333332	143.72	143.78666666666666	143.62666666666667	144.15333333333334	143.98	143.94	143.97333333333333	143.99333333333334	144.02666666666667	144.28666666666666	143.95333333333335	143.71333333333334	143.82	143.94666666666666	143.77333333333334	143.86	143.90666666666667	143.74666666666667	143.78	144.17333333333335	144.12666666666667	143.94666666666666	143.97333333333333	144.09333333333333	143.93333333333334	144.14666666666668	144.0	144.04666666666665	144.04	144.2	143.96666666666667	143.87333333333333	143.79333333333332	144.18666666666667	144.11333333333334	143.98	143.99333333333334	144.17333333333335	143.92	143.72666666666666	143.99333333333334	143.81333333333333	143.81333333333333	143.86666666666667	143.78666666666666	143.90666666666667	144.00666666666666	143.89333333333335	143.95333333333335	144.23333333333332	143.86	143.97333333333333	144.08666666666667	144.27333333333334	143.96	144.02	144.09333333333333	144.03333333333333	143.87333333333333	144.04	144.04	144.03333333333333	143.82	143.94	143.74666666666667	142.93333333333334	141.04	134.32666666666665	0.0
0.0	134.28666666666666	140.96	142.66	143.26	143.36	143.30666666666667	143.71333333333334	143.43333333333334	143.58666666666667	143.56666666666666	143.61333333333334	143.67333333333335	143.56	143.82666666666665	143.93333333333334	143.78	143.86666666666667	143.87333333333333	143.80666666666667	143.90666666666667	143.69333333333333	143.74	143.67333333333335	143.94666666666666	143.88666666666666	143.46666666666667	143.82	143.74666666666667	143.72	143.73333333333332	143.46666666666667	143.84666666666666	143.87333333333333	143.94666666666666	143.72666666666666	143.56666666666666	143.36	143.76	143.83333333333334	143.84	143.6	143.76	143.67333333333335	143.56	143.58666666666667	143.56666666666666	143.58666666666667	143.61333333333334	143.68666666666667	143.54	143.51333333333332	143.74666666666667	143.71333333333334	143.75333333333333	143.62666666666667	143.58666666666667	143.69333333333333	143.59333333333333	143.35333333333332	143.71333333333334	143.74666666666667	143.4	143.47333333333333	143.58	143.54666666666665	143.58666666666667	143.38666666666666	142.99333333333334	142.7	140.88666666666666	133.82666666666665	0.0
0.0	133.9	141.1	142.75333333333333	143.70666666666668	143.66666666666666	143.85333333333332	143.84666666666666	143.96	143.74666666666667	144.11333333333334	143.88	143.76666666666668	143.79333333333332	143.78666666666666	143.99333333333334	143.89333333333335	144.08	144.16	144.16	144.09333333333333	144.09333333333333	143.87333333333333	143.92	143.73333333333332	143.86	143.95333333333335	143.85333333333332	143.78	143.67333333333335	143.7	143.63333333333333	143.77333333333334	143.93333333333334	143.85333333333332	143.84666666666666	144.10666666666665	143.9	144.14	144.05333333333334	143.67333333333335	143.82666666666665	143.58666666666667	143.85333333333332	143.82666666666665	143.96666666666667	143.82	143.66666666666666	143.9	143.86	143.58666666666667	143.90666666666667	143.71333333333334	143.65333333333334	143.65333333333334	144.06666666666666	143.8	143.96	143.82	144.01333333333332	144.18	143.56666666666666	144.00666666666666	144.13333333333333	144.0	143.83333333333334	144.13333333333333	143.96666666666667	143.66666666666666	143.17333333333335	140.93333333333334	133.75333333333333	0.0
0.0	133.62666666666667	140.8	142.78	143.51333333333332	143.66666666666666	143.78666666666666	143.79333333333332	143.86	143.98666666666668	144.09333333333333	144.02	143.91333333333333	143.82666666666665	143.86	143.72	143.6	143.72666666666666	143.52666666666667	143.49333333333334	143.68666666666667	143.82666666666665	143.7	143.96666666666667	143.8	143.98666666666668	143.87333333333333	143.87333333333333	143.56666666666666	143.54666666666665	143.55333333333334	143.70666666666668	143.79333333333332	143.90666666666667	143.60666666666665	143.77333333333334	143.86	143.75333333333333	143.56666666666666	143.85333333333332	143.89333333333335	143.88666666666666	143.92	143.88	143.46666666666667	143.99333333333334	143.96666666666667	143.86	143.72666666666666	143.89333333333335	143.85333333333332	143.9	144.02	143.99333333333334	144.03333333333333	144.24	144.01333333333332	144.1	143.88	143.82	143.86666666666667	143.79333333333332	143.84666666666666	143.96	143.94666666666666	143.64666666666668	143.73333333333332	143.72	143.42666666666668	143.03333333333333	141.11333333333334	133.85333333333332	0.0
0.0	133.84666666666666	141.27333333333334	143.10666666666665	143.59333333333333	143.87333333333333	143.68666666666667	144.28	144.08666666666667	144.03333333333333	143.86	143.95333333333335	144.11333333333334	144.05333333333334	143.94666666666666	143.91333333333333	143.98	144.15333333333334	144.18	143.93333333333334	144.32666666666665	144.1	143.97333333333333	143.96666666666667	143.87333333333333	143.96666666666667	144.12	143.79333333333332	143.88666666666666	143.82666666666665	144.16666666666666	143.83333333333334	144.22	143.94	144.07333333333332	143.91333333333333	143.83333333333334	144.09333333333333	143.9	144.1	143.77333333333334	143.9	143.94	144.14666666666668	143.98666666666668	143.83333333333334	143.84666666666666	144.09333333333333	143.80666666666667	143.88	144.33333333333334	143.99333333333334	144.03333333333333	143.9	143.96	144.04	144.13333333333333	144.08	144.02666666666667	144.24	143.98666666666668	143.87333333333333	143.90666666666667	144.10666666666665	144.06	143.83333333333334	144.05333333333334	143.97333333333333	143.64666666666668	143.26	141.34666666666666	134.38	0.0
0.0	133.93333333333334	141.26	143.17333333333335	143.75333333333333	143.70666666666668	143.80666666666667	143.72	143.76	143.91333333333333	143.78	143.64666666666668	144.01333333333332	143.58666666666667	143.73333333333332	143.79333333333332	143.86666666666667	144.25333333333333	143.94666666666666	144.06	144.09333333333333	143.90666666666667	144.07333333333332	144.08666666666667	143.98666666666668	143.98	143.92	143.54666666666665	144.10666666666665	144.2	143.93333333333334	143.84666666666666	144.02	144.15333333333334	143.79333333333332	144.14666666666668	143.86	144.38	144.06	144.00666666666666	143.86666666666667	143.93333333333334	144.05333333333334	144.08	144.15333333333334	143.99333333333334	144.00666666666666	144.00666666666666	143.66	144.10666666666665	144.00666666666666	143.90666666666667	143.89333333333335	144.03333333333333	144.30666666666667	143.81333333333333	143.92	143.71333333333334	143.72666666666666	143.94666666666666	144.29333333333332	143.7	143.96	144.0	144.08666666666667	143.76666666666668	143.86666666666667	143.74666666666667	143.42	142.89333333333335	141.26666666666668	133.73333333333332	0.0
0.0	134.52666666666667	141.33333333333334	143.19333333333333	143.52	143.74	143.68	143.75333333333333	143.74666666666667	143.89333333333335	143.79333333333332	143.66	143.79333333333332	143.80666666666667	143.81333333333333	143.80666666666667	143.63333333333333	143.84666666666666	143.75333333333333	143.97333333333333	143.92	144.04666666666665	143.92	143.94666666666666	144.02	143.75333333333333	143.76	143.46666666666667	143.90666666666667	143.68	143.68666666666667	143.91333333333333	143.86666666666667	143.82666666666665	143.69333333333333	143.98	143.9	143.61333333333334	143.85333333333332	143.87333333333333	143.66	143.61333333333334	143.8	143.84666666666666	143.88	143.81333333333333	144.07333333333332	143.78	143.81333333333333	143.78666666666666	143.64	143.70666666666668	143.74	143.84666666666666	143.91333333333333	144.16666666666666	143.86	143.65333333333334	143.8	143.92	144.08	143.86	143.82	143.90666666666667	143.81333333333333	143.83333333333334	143.89333333333335	143.62666666666667	143.24	142.63333333333333	141.08666666666667	133.74666666666667	0.0
0.0	134.01333333333332	141.42666666666668	143.07333333333332	143.67333333333335	143.86	143.91333333333333	143.92666666666668	144.12666666666667	144.24	144.02	144.04666666666665	144.08	143.96666666666667	144.12666666666667	144.19333333333333	144.04666666666665	144.04666666666665	144.02666666666667	144.31333333333333	144.37333333333333	144.18666666666667	144.27333333333334	143.96	143.90666666666667	144.42	144.00666666666666	143.94	143.86666666666667	144.01333333333332	143.88	144.02	144.08	144.16666666666666	144.15333333333334	144.04666666666665	144.13333333333333	143.89333333333335	143.79333333333332	144.00666666666666	144.13333333333333	144.11333333333334	144.03333333333333	144.06	144.00666666666666	144.26666666666668	144.22666666666666	143.94666666666666	144.16666666666666	144.00666666666666	144.04666666666665	143.98	143.87333333333333	144.04	143.93333333333334	143.88	144.19333333333333	143.89333333333335	144.17333333333335	144.21333333333334	143.94666666666666	144.18666666666667	144.19333333333333	143.94666666666666	144.16	143.96666666666667	143.82666666666665	143.89333333333335	143.63333333333333	142.8	140.98	134.04666666666665	0.0
0.0	134.10666666666665	141.16	143.01333333333332	143.71333333333334	143.82	144.00666666666666	144.15333333333334	143.78	144.15333333333334	144.00666666666666	143.78	143.9	144.12	144.02	144.22	143.92666666666668	144.25333333333333	144.22	144.04666666666665	144.20666666666668	144.08666666666667	143.9	143.9	144.13333333333333	144.09333333333333	144.17333333333335	144.08	144.08	143.92	143.95333333333335	144.21333333333334	143.87333333333333	143.94666666666666	143.88666666666666	144.06666666666666	144.3	144.34666666666666	144.00666666666666	143.86666666666667	143.98666666666668	143.90666666666667	144.24666666666667	144.20666666666668	143.98666666666668	144.04666666666665	143.88666666666666	144.16	144.16	143.96	143.95333333333335	144.18666666666667	144.0	144.16666666666666	143.99333333333334	144.08	143.91333333333333	144.04	144.06666666666666	144.01333333333332	143.81333333333333	144.12666666666667	144.11333333333334	143.93333333333334	144.04666666666665	144.18666666666667	144.34666666666666	144.08	143.46666666666667	142.84666666666666	141.26	133.95333333333335	0.0
0.0	133.94666666666666	140.92666666666668	142.78666666666666	143.43333333333334	143.46	143.86666666666667	143.72	143.56666666666666	143.84	143.76666666666668	143.94	143.74666666666667	144.0	143.82666666666665	143.87333333333333	143.82	143.58	143.67333333333335	143.84	143.74666666666667	143.75333333333333	143.8	143.7	143.71333333333334	143.7	143.54	143.72	143.9	143.9	143.85333333333332	143.96	143.63333333333333	143.62666666666667	143.91333333333333	143.91333333333333	143.76	143.96	143.99333333333334	144.02	143.62	143.79333333333332	143.78	144.00666666666666	143.77333333333334	143.50666666666666	143.64	143.58666666666667	143.76	143.54	143.80666666666667	143.59333333333333	143.63333333333333	143.68	143.87333333333333	143.90666666666667	143.93333333333334	143.92666666666668	143.8	143.86666666666667	143.67333333333335	143.82666666666665	143.99333333333334	143.51333333333332	143.7	143.48666666666668	143.7	143.62	143.61333333333334	142.93333333333334	141.12	134.25333333333333	0.0
0.0	133.98666666666668	141.20666666666668	142.82	143.32	143.74	143.56	143.86	143.90666666666667	143.67333333333335	143.74666666666667	143.79333333333332	143.98666666666668	144.10666666666665	143.97333333333333	143.8	143.88	143.86	143.91333333333333	143.80666666666667	143.75333333333333	143.82666666666665	144.07333333333332	143.92	143.92	143.94666666666666	144.17333333333335	144.25333333333333	143.92	143.66	143.84	143.88666666666666	143.84	143.85333333333332	144.04	143.97333333333333	143.54	143.81333333333333	144.04666666666665	144.16	143.66666666666666	143.74	143.88666666666666	143.6	143.92	143.72666666666666	143.78666666666666	143.94	143.97333333333333	143.96	143.42666666666668	143.63333333333333	143.82	143.78666666666666	143.92666666666668	143.69333333333333	143.51333333333332	143.91333333333333	143.77333333333334	143.85333333333332	143.91333333333333	144.16	144.09333333333333	143.92666666666668	144.00666666666666	144.02	143.67333333333335	143.92666666666668	143.5	142.92	141.33333333333334	133.98666666666668	0.0
0.0	133.69333333333333	141.02	142.54	143.35333333333332	143.5	143.76	143.54666666666665	143.82666666666665	143.64666666666668	143.69333333333333	143.41333333333333	143.61333333333334	143.6	143.55333333333334	143.76	143.74666666666667	143.64666666666668	143.58666666666667	143.88	143.86666666666667	143.92	143.90666666666667	143.62	143.65333333333334	143.82	143.9	143.65333333333334	143.69333333333333	143.81333333333333	143.55333333333334	143.84666666666666	143.81333333333333	143.87333333333333	143.79333333333332	143.72	143.84	143.77333333333334	143.67333333333335	143.82	143.62	143.28	143.57333333333332	143.72666666666666	143.83333333333334	143.77333333333334	143.60666666666665	143.68	143.8	143.52	143.66	143.59333333333333	143.7	143.66	143.60666666666665	143.94666666666666	143.71333333333334	143.58	143.68	143.66	143.74	143.54	143.97333333333333	143.81333333333333	144.02666666666667	143.82666666666665	143.56666666666666	143.84666666666666	143.51333333333332	142.55333333333334	141.11333333333334	133.78666666666666	0.0
0.0	134.14666666666668	141.14	142.95333333333335	143.62	143.65333333333334	143.74666666666667	143.72666666666666	143.80666666666667	144.26666666666668	144.10666666666665	143.92	143.89333333333335	144.00666666666666	143.84	143.94	144.03333333333333	143.94666666666666	144.06666666666666	144.10666666666665	144.09333333333333	143.84	144.22666666666666	143.80666666666667	143.87333333333333	143.64	144.07333333333332	143.86666666666667	143.86	144.05333333333334	143.84	143.65333333333334	143.63333333333333	143.66666666666666	143.62	144.06	143.80666666666667	143.84666666666666	143.82	143.7	143.86	143.89333333333335	144.23333333333332	144.0	143.93333333333334	143.84666666666666	143.78	143.72666666666666	143.94666666666666	144.06666666666666	144.22666666666666	143.76	144.16666666666666	143.9	143.97333333333333	143.85333333333332	143.71333333333334	144.00666666666666	143.9	144.04	143.74	143.71333333333334	143.88666666666666	143.83333333333334	143.87333333333333	144.0	143.73333333333332	143.75333333333333	143.50666666666666	142.97333333333333	141.34	133.36666666666667	0.0
0.0	133.68666666666667	140.87333333333333	142.7	143.34666666666666	143.32	143.44	143.91333333333333	143.68666666666667	143.56666666666666	143.8	143.58	143.68666666666667	143.65333333333334	143.80666666666667	143.52666666666667	143.4	143.78	143.74666666666667	143.73333333333332	143.80666666666667	143.79333333333332	143.49333333333334	143.46666666666667	143.74666666666667	143.84	143.99333333333334	143.64	143.60666666666665	143.63333333333333	143.44666666666666	143.62	143.39333333333335	143.62	143.75333333333333	143.76	143.83333333333334	143.49333333333334	143.82666666666665	143.83333333333334	143.85333333333332	143.56	143.58666666666667	143.86	143.69333333333333	143.77333333333334	143.7	143.64666666666668	143.53333333333333	143.66	143.53333333333333	143.59333333333333	143.64	143.8	143.72666666666666	143.62666666666667	143.82666666666665	143.82	143.76666666666668	143.75333333333333	143.80666666666667	143.75333333333333	143.8	143.68666666666667	143.88	143.4	143.64666666666668	143.68666666666667	143.52	142.76666666666668	141.28	133.8	0.0
0.0	133.65333333333334	140.50666666666666	142.76666666666668	143.2	143.47333333333333	143.44666666666666	143.63333333333333	143.53333333333333	143.66666666666666	143.62666666666667	143.62	143.48	142.97333333333333	143.28	143.62666666666667	143.37333333333333	143.58666666666667	143.59333333333333	143.46	143.51333333333332	143.24666666666667	143.59333333333333	143.40666666666667	143.46	143.42666666666668	143.32	143.50666666666666	143.44666666666666	143.64	143.40666666666667	143.49333333333334	143.60666666666665	143.22	143.22	143.55333333333334	143.44666666666666	143.48	143.49333333333334	143.44666666666666	143.37333333333333	143.56	143.64666666666668	143.42	143.74	143.51333333333332	143.59333333333333	143.34666666666666	143.34666666666666	143.24	143.55333333333334	143.48666666666668	143.31333333333333	143.43333333333334	143.32	143.52666666666667	143.56	143.42	143.28	143.29333333333332	143.03333333333333	143.43333333333334	143.65333333333334	143.25333333333333	143.53333333333333	143.38	143.46	143.23333333333332	143.22	142.55333333333334	140.99333333333334	134.04	0.0
0.0	133.93333333333334	141.08	142.78	143.23333333333332	143.38666666666666	143.66666666666666	143.8	143.85333333333332	143.56	143.58	143.50666666666666	143.46666666666667	143.7	143.77333333333334	143.74666666666667	143.54	143.43333333333334	143.57333333333332	143.32666666666665	143.57333333333332	143.94666666666666	143.72	143.65333333333334	143.83333333333334	143.86	143.60666666666665	143.72666666666666	143.51333333333332	143.67333333333335	143.82666666666665	143.69333333333333	143.77333333333334	143.69333333333333	143.80666666666667	143.89333333333335	143.69333333333333	143.63333333333333	143.70666666666668	143.66666666666666	143.81333333333333	143.78	143.71333333333334	143.68	143.78	143.92666666666668	143.93333333333334	143.67333333333335	143.82666666666665	143.58	143.58666666666667	143.49333333333334	143.75333333333333	143.52666666666667	143.37333333333333	143.58666666666667	143.57333333333332	143.73333333333332	143.62666666666667	143.57333333333332	143.64666666666668	143.71333333333334	143.6	143.62	143.58	143.84	143.52	143.43333333333334	143.1	142.55333333333334	140.9	133.85333333333332	0.0
0.0	133.78666666666666	140.97333333333333	142.94	143.46666666666667	143.76666666666668	143.83333333333334	143.91333333333333	143.79333333333332	143.82666666666665	144.00666666666666	143.78666666666666	143.89333333333335	143.98666666666668	143.74666666666667	143.94666666666666	143.94	143.8	143.89333333333335	143.70666666666668	143.88	143.85333333333332	143.58	143.86	143.88666666666666	143.89333333333335	143.87333333333333	143.63333333333333	143.66666666666666	143.68666666666667	143.7	143.68	143.70666666666668	143.98666666666668	143.92	143.86666666666667	143.87333333333333	143.91333333333333	144.00666666666666	143.79333333333332	143.82	143.78	144.00666666666666	143.74	143.75333333333333	143.80666666666667	143.71333333333334	143.76666666666668	143.87333333333333	143.83333333333334	143.67333333333335	143.86666666666667	143.84	144.12666666666667	143.88	143.72666666666666	143.84	143.76	143.86	143.81333333333333	143.89333333333335	143.76666666666668	143.82	143.89333333333335	143.71333333333334	143.70666666666668	143.64	143.81333333333333	143.58666666666667	142.95333333333335	140.8	133.70666666666668	0.0
0.0	134.53333333333333	140.94	142.86	143.65333333333334	144.02	144.19333333333333	143.97333333333333	144.18666666666667	144.48	144.32666666666665	144.1	143.9	144.1	144.08666666666667	144.11333333333334	144.16	144.32	144.14666666666668	143.73333333333332	144.04	144.14666666666668	144.26	144.16666666666666	144.24666666666667	143.97333333333333	143.78666666666666	144.09333333333333	144.01333333333332	144.2	144.06666666666666	144.02666666666667	143.89333333333335	144.11333333333334	144.14666666666668	143.97333333333333	143.98666666666668	144.17333333333335	144.14	143.84	144.06666666666666	143.9	144.1	144.08	144.23333333333332	143.98666666666668	144.14666666666668	144.1	144.18	144.0	144.14666666666668	144.19333333333333	144.27333333333334	144.25333333333333	144.05333333333334	143.87333333333333	143.97333333333333	143.84	143.88666666666666	143.92	143.89333333333335	144.08	144.24666666666667	144.10666666666665	144.26666666666668	144.3	143.88666666666666	143.78666666666666	143.7	142.86	141.20666666666668	134.44	0.0
0.0	133.9	140.89333333333335	142.44	143.18666666666667	143.37333333333333	143.66	143.66	143.54	143.73333333333332	143.70666666666668	143.65333333333334	143.91333333333333	143.35333333333332	143.52666666666667	143.68	143.92	143.91333333333333	143.79333333333332	144.00666666666666	143.90666666666667	143.80666666666667	143.84666666666666	143.68	143.87333333333333	143.81333333333333	143.68	143.66	143.77333333333334	143.7	143.81333333333333	143.91333333333333	143.82666666666665	143.72666666666666	143.70666666666668	143.82	143.69333333333333	143.69333333333333	143.76	143.67333333333335	143.63333333333333	143.50666666666666	143.53333333333333	143.75333333333333	143.60666666666665	143.74	143.52	143.60666666666665	144.06666666666666	143.82666666666665	143.46	143.44666666666666	143.62666666666667	143.66666666666666	143.79333333333332	143.73333333333332	143.79333333333332	143.72666666666666	143.94666666666666	143.76666666666668	143.72666666666666	143.64	143.94	143.75333333333333	143.44666666666666	143.63333333333333	143.61333333333334	143.52666666666667	143.12666666666667	142.72666666666666	140.68666666666667	133.96666666666667	0.0
0.0	133.55333333333334	140.98666666666668	142.94	143.57333333333332	143.85333333333332	143.82	143.64666666666668	143.76	143.89333333333335	143.92666666666668	144.22666666666666	144.06666666666666	144.2	144.12	144.04	143.86666666666667	144.13333333333333	143.92666666666668	143.96666666666667	143.93333333333334	144.04	144.10666666666665	143.98	143.98	143.90666666666667	143.67333333333335	143.92	144.02666666666667	143.99333333333334	144.0	144.08	143.80666666666667	144.22	144.03333333333333	143.88	143.72666666666666	143.92	144.12666666666667	144.08	144.04	143.80666666666667	144.1	144.03333333333333	144.04666666666665	144.17333333333335	144.02	144.04	143.82	144.05333333333334	143.96	144.17333333333335	144.18	144.28666666666666	144.04	143.69333333333333	143.89333333333335	143.86666666666667	143.84666666666666	143.82666666666665	143.86	143.92	143.99333333333334	144.0	144.01333333333332	144.40666666666667	143.98	143.7	143.54666666666665	142.85333333333332	141.21333333333334	134.14	0.0
0.0	134.36	141.28	142.76	143.52	143.81333333333333	143.76666666666668	144.06666666666666	143.89333333333335	143.83333333333334	143.6	144.0	143.99333333333334	143.69333333333333	144.02666666666667	143.84666666666666	144.28	144.16	143.86	143.77333333333334	143.91333333333333	143.80666666666667	143.71333333333334	143.94666666666666	143.98	144.0	143.78	143.96666666666667	143.9	143.89333333333335	143.94666666666666	144.06666666666666	144.16	143.97333333333333	143.82	143.84	143.62666666666667	143.88	143.89333333333335	144.14	143.72	144.05333333333334	143.83333333333334	144.09333333333333	143.69333333333333	143.95333333333335	143.94	144.03333333333333	143.98	143.68	143.92666666666668	143.85333333333332	143.74666666666667	143.67333333333335	144.07333333333332	143.97333333333333	143.95333333333335	143.95333333333335	143.92666666666668	144.11333333333334	143.66666666666666	143.64666666666668	143.96	143.75333333333333	143.49333333333334	143.74	143.58666666666667	143.67333333333335	143.85333333333332	142.88	140.78	134.01333333333332	0.0
0.0	133.72666666666666	141.33333333333334	142.61333333333334	143.31333333333333	143.69333333333333	143.64	143.44	143.56	143.74	143.54	143.54666666666665	143.74	143.64666666666668	143.48666666666668	143.79333333333332	143.45333333333335	143.09333333333333	143.61333333333334	143.82666666666665	143.78666666666666	143.62	143.55333333333334	143.53333333333333	143.66666666666666	143.54	143.49333333333334	143.62	143.69333333333333	143.66	143.64666666666668	143.83333333333334	143.84	143.60666666666665	143.72666666666666	143.50666666666666	144.0	143.54	143.84	143.48	143.74	143.49333333333334	143.54666666666665	143.6	143.76	143.88666666666666	143.78666666666666	143.73333333333332	143.78666666666666	143.78666666666666	143.65333333333334	143.66666666666666	143.40666666666667	143.65333333333334	143.87333333333333	143.79333333333332	143.61333333333334	143.78	143.7	143.81333333333333	143.78	143.84666666666666	143.87333333333333	143.83333333333334	143.64666666666668	143.54666666666665	143.93333333333334	143.72666666666666	143.23333333333332	142.55333333333334	141.05333333333334	133.94666666666666	0.0
0.0	133.74	140.78	142.74	143.24666666666667	143.38	143.65333333333334	143.78666666666666	143.68666666666667	143.56666666666666	143.89333333333335	144.01333333333332	143.82666666666665	143.8	144.20666666666668	143.98	144.06666666666666	143.96666666666667	143.62	143.78666666666666	143.82666666666665	144.1	143.79333333333332	143.74	143.79333333333332	143.82666666666665	143.81333333333333	143.76	144.0	143.85333333333332	143.81333333333333	143.84	143.95333333333335	144.13333333333333	143.79333333333332	143.93333333333334	143.58666666666667	143.76	143.86	143.86	143.76666666666668	144.24	143.87333333333333	143.56	143.62666666666667	143.92666666666668	143.86	144.18666666666667	144.09333333333333	144.13333333333333	144.17333333333335	143.68666666666667	143.77333333333334	143.68	143.88	143.85333333333332	143.8	143.88	143.84666666666666	143.76	143.56666666666666	143.78	143.68666666666667	143.97333333333333	143.85333333333332	143.86666666666667	143.58666666666667	143.77333333333334	143.39333333333335	142.84	140.86	133.91333333333333	0.0
0.0	133.83333333333334	140.65333333333334	142.51333333333332	143.12666666666667	143.31333333333333	143.68	143.84	143.85333333333332	143.74666666666667	143.56666666666666	143.3	143.82666666666665	143.73333333333332	143.44666666666666	143.74666666666667	143.72	143.68	143.76	143.78	143.55333333333334	143.60666666666665	143.68666666666667	143.70666666666668	143.88	143.73333333333332	143.53333333333333	143.78666666666666	143.64666666666668	143.63333333333333	143.69333333333333	143.88	143.62	143.6	143.7	143.84	143.8	143.77333333333334	143.62666666666667	143.48	143.76666666666668	143.65333333333334	143.57333333333332	143.61333333333334	143.80666666666667	143.72	143.84	143.72	143.67333333333335	143.59333333333333	143.53333333333333	143.56666666666666	143.74666666666667	143.73333333333332	143.54666666666665	143.79333333333332	143.52	143.84	143.64	143.83333333333334	143.66666666666666	143.63333333333333	143.61333333333334	143.69333333333333	143.66	143.94	143.56	143.5	143.4	142.80666666666667	141.02	133.7	0.0
0.0	133.87333333333333	140.78666666666666	142.40666666666667	143.08	143.48666666666668	143.42666666666668	143.49333333333334	143.4	143.46	143.6	143.54666666666665	143.52666666666667	143.59333333333333	143.9	143.72	143.58	143.57333333333332	143.44	143.54	143.64	143.4	143.22666666666666	143.61333333333334	143.64	143.49333333333334	143.48	143.58666666666667	143.58	143.72666666666666	143.93333333333334	143.73333333333332	143.67333333333335	143.38	143.52	143.52	143.53333333333333	143.38	143.59333333333333	143.48666666666668	143.39333333333335	143.26666666666668	143.54666666666665	143.69333333333333	143.5	143.61333333333334	143.49333333333334	143.71333333333334	143.48666666666668	143.30666666666667	143.42666666666668	143.54	143.52666666666667	143.54	143.47333333333333	143.37333333333333	143.67333333333335	143.66666666666666	143.96666666666667	143.64	143.45333333333335	143.62666666666667	143.42666666666668	143.36666666666667	143.65333333333334	143.59333333333333	143.36666666666667	143.31333333333333	143.34666666666666	142.68	140.92	134.07333333333332	0.0
0.0	133.99333333333334	140.98	142.38666666666666	143.2	143.12	143.29333333333332	143.23333333333332	143.34666666666666	143.59333333333333	143.53333333333333	143.75333333333333	143.62666666666667	143.71333333333334	143.83333333333334	143.68666666666667	143.45333333333335	143.56	143.48666666666668	143.56666666666666	143.35333333333332	143.46666666666667	143.59333333333333	143.45333333333335	143.41333333333333	143.56	143.54666666666665	143.54666666666665	143.46666666666667	143.40666666666667	143.46666666666667	143.34	143.52666666666667	143.58666666666667	143.35333333333332	143.64	143.52666666666667	143.6	143.62	143.50666666666666	143.61333333333334	143.54666666666665	143.45333333333335	143.54	143.49333333333334	143.46	143.29333333333332	143.52	143.6	143.52	143.57333333333332	143.34	143.65333333333334	143.32666666666665	143.33333333333334	143.38666666666666	143.56666666666666	143.36	143.36	143.48	143.43333333333334	143.36666666666667	143.34666666666666	143.69333333333333	143.44	143.21333333333334	143.22666666666666	143.4	143.06	142.5	140.88	134.11333333333334	0.0
0.0	133.78	140.8	142.59333333333333	143.35333333333332	143.46666666666667	143.46	143.58	143.90666666666667	143.56666666666666	143.62	143.76666666666668	143.81333333333333	143.59333333333333	143.56	143.91333333333333	143.62666666666667	143.66666666666666	143.54	143.68	143.84	143.62666666666667	143.68	143.67333333333335	143.38666666666666	143.69333333333333	143.70666666666668	143.5	143.64666666666668	143.7	143.56	143.96666666666667	143.80666666666667	143.74666666666667	143.74	143.64	143.62	143.6	143.57333333333332	143.76666666666668	143.70666666666668	143.71333333333334	143.78666666666666	143.60666666666665	143.80666666666667	143.63333333333333	143.69333333333333	143.74	143.78666666666666	143.84	143.64	143.88666666666666	143.70666666666668	143.92666666666668	143.68666666666667	143.78	143.52666666666667	143.86666666666667	143.63333333333333	143.88666666666666	143.66666666666666	143.5	143.49333333333334	143.5	143.66	143.70666666666668	143.78666666666666	143.54666666666665	143.34666666666666	142.84	141.16666666666666	133.79333333333332	0.0
0.0	133.92666666666668	141.00666666666666	142.76	143.42	143.76	143.66	143.84666666666666	143.73333333333332	143.78666666666666	143.56	143.76666666666668	143.45333333333335	143.9	143.89333333333335	143.69333333333333	143.90666666666667	143.78666666666666	143.81333333333333	143.95333333333335	143.87333333333333	143.83333333333334	143.8	143.86666666666667	143.94	143.98666666666668	143.96666666666667	143.72	143.68666666666667	143.88	143.96	143.82	143.75333333333333	143.92666666666668	143.96	143.42666666666668	143.77333333333334	143.84666666666666	143.97333333333333	143.61333333333334	144.03333333333333	143.97333333333333	143.88	143.62666666666667	143.69333333333333	143.69333333333333	143.66666666666666	143.68666666666667	143.94666666666666	143.67333333333335	143.69333333333333	143.86	143.66	143.64666666666668	143.84666666666666	143.79333333333332	143.98666666666668	143.76666666666668	144.09333333333333	143.82	143.62	143.64666666666668	143.97333333333333	143.57333333333332	143.88	143.77333333333334	143.90666666666667	143.51333333333332	143.36666666666667	142.93333333333334	141.12666666666667	134.26	0.0
0.0	133.85333333333332	141.01333333333332	142.66666666666666	143.56	143.68666666666667	143.56	143.70666666666668	143.62666666666667	143.68	143.61333333333334	143.58666666666667	143.42666666666668	143.47333333333333	143.95333333333335	143.88	143.85333333333332	143.66	143.7	143.49333333333334	143.48	143.69333333333333	143.74	143.57333333333332	143.82	143.74	143.66	143.93333333333334	143.46	143.58666666666667	143.50666666666666	143.72	143.58	143.71333333333334	143.57333333333332	143.61333333333334	143.56	143.87333333333333	143.86	143.56	143.62666666666667	143.63333333333333	143.54666666666665	143.78666666666666	143.90666666666667	143.53333333333333	143.63333333333333	143.76	143.7	143.34666666666666	143.75333333333333	143.67333333333335	143.61333333333334	143.78666666666666	143.64	143.65333333333334	143.70666666666668	143.86	143.68666666666667	143.88666666666666	143.68666666666667	143.54	143.80666666666667	143.40666666666667	143.64	143.55333333333334	143.58666666666667	143.57333333333332	143.52	142.76666666666668	140.98666666666668	133.94	0.0
0.0	134.13333333333333	141.04666666666665	143.22666666666666	143.76	143.61333333333334	144.02666666666667	143.98666666666668	144.06666666666666	144.12	143.9	143.93333333333334	143.86	144.07333333333332	143.99333333333334	143.95333333333335	144.09333333333333	144.01333333333332	143.98666666666668	143.87333333333333	143.88	144.09333333333333	143.77333333333334	143.99333333333334	143.84666666666666	143.86	144.17333333333335	144.07333333333332	143.93333333333334	144.07333333333332	143.80666666666667	144.06666666666666	144.03333333333333	144.00666666666666	143.76	143.96	144.11333333333334	143.98	143.84666666666666	144.02	143.58	144.1	143.85333333333332	143.80666666666667	144.12	144.06	143.92	143.93333333333334	143.69333333333333	143.91333333333333	143.84	144.04	143.89333333333335	143.92666666666668	143.97333333333333	143.98666666666668	143.86666666666667	143.92	143.86666666666667	143.98	143.94666666666666	143.84	143.70666666666668	143.77333333333334	143.88666666666666	143.96	143.74666666666667	143.6	143.44666666666666	143.01333333333332	141.29333333333332	133.90666666666667	0.0
0.0	134.06	141.25333333333333	143.0	143.52	143.78666666666666	143.68666666666667	143.93333333333334	144.07333333333332	143.98	144.07333333333332	144.0	144.01333333333332	144.09333333333333	144.04	143.94666666666666	143.66666666666666	143.91333333333333	143.73333333333332	144.00666666666666	144.06666666666666	143.96666666666667	144.08666666666667	143.92666666666668	143.84	143.92	144.16666666666666	143.88	143.70666666666668	143.83333333333334	143.78	144.26	144.10666666666665	143.94	144.11333333333334	143.93333333333334	144.17333333333335	143.95333333333335	144.05333333333334	144.04	143.94	144.03333333333333	143.88	143.84666666666666	143.82666666666665	144.02666666666667	144.1	143.82666666666665	143.80666666666667	143.96666666666667	144.05333333333334	144.16	144.09333333333333	144.12666666666667	143.94666666666666	143.91333333333333	143.98	143.92666666666668	143.71333333333334	143.94	143.65333333333334	144.02	143.84666666666666	144.06666666666666	143.81333333333333	143.94666666666666	143.83333333333334	143.95333333333335	143.46	143.10666666666665	140.94666666666666	133.96	0.0
0.0	133.92666666666668	141.08666666666667	142.78	143.50666666666666	143.77333333333334	143.60666666666665	143.78666666666666	143.85333333333332	143.96	143.75333333333333	143.48	143.76666666666668	143.86	143.58666666666667	143.92666666666668	143.75333333333333	143.82	143.68666666666667	143.57333333333332	143.8	143.45333333333335	143.35333333333332	143.50666666666666	143.85333333333332	143.71333333333334	143.68666666666667	143.81333333333333	143.62666666666667	143.68666666666667	143.70666666666668	143.73333333333332	143.64	143.92	143.78	143.70666666666668	143.76666666666668	143.84	143.8	143.82	143.88666666666666	143.88	144.16666666666666	143.94666666666666	143.82	144.03333333333333	143.98	143.76	143.54666666666665	143.79333333333332	143.82	143.69333333333333	144.11333333333334	143.68	143.86666666666667	143.96666666666667	144.06666666666666	143.86666666666667	143.79333333333332	143.7	143.56	143.92	143.97333333333333	143.96	143.92	143.66	143.52	143.76666666666668	143.58	142.94666666666666	141.03333333333333	134.14666666666668	0.0
0.0	133.79333333333332	140.64666666666668	142.58	143.29333333333332	143.33333333333334	143.44	143.61333333333334	143.38	143.37333333333333	143.44	143.68	143.52666666666667	143.68666666666667	143.57333333333332	143.35333333333332	143.66666666666666	143.59333333333333	143.60666666666665	143.54666666666665	143.55333333333334	143.47333333333333	143.48	143.63333333333333	143.32	143.60666666666665	143.33333333333334	143.50666666666666	143.64	143.48666666666668	143.59333333333333	143.46	143.32666666666665	143.55333333333334	143.61333333333334	143.44	143.52666666666667	143.52	143.50666666666666	143.64	143.62666666666667	143.48666666666668	143.60666666666665	143.58666666666667	143.6	143.72666666666666	143.42	143.48666666666668	143.65333333333334	143.5	143.54666666666665	143.62	143.68	143.40666666666667	143.49333333333334	143.44	143.38666666666666	143.35333333333332	143.38666666666666	143.42	143.64	143.46666666666667	143.62666666666667	143.54	143.49333333333334	143.31333333333333	143.88	143.5	143.08	142.19333333333333	140.70666666666668	133.89333333333335	0.0
0.0	134.0	141.06666666666666	142.46	143.22	143.63333333333333	143.54	143.65333333333334	143.9	143.70666666666668	143.48666666666668	143.5	143.70666666666668	143.47333333333333	143.54666666666665	143.84	143.73333333333332	143.70666666666668	143.57333333333332	143.71333333333334	143.40666666666667	143.58	143.63333333333333	143.62	143.64666666666668	143.49333333333334	143.74666666666667	143.72	143.66	143.44666666666666	143.34666666666666	143.76	143.79333333333332	143.91333333333333	143.76666666666668	143.69333333333333	143.72	143.77333333333334	143.56	143.76666666666668	143.54	143.68666666666667	143.66666666666666	143.8	143.80666666666667	143.77333333333334	143.84666666666666	143.83333333333334	143.87333333333333	143.58	143.64666666666668	143.86	143.85333333333332	143.69333333333333	143.6	143.45333333333335	143.53333333333333	143.68666666666667	143.84666666666666	143.54666666666665	143.26	143.86666666666667	143.61333333333334	143.8	143.68666666666667	143.78	143.52666666666667	143.48	143.33333333333334	142.92666666666668	141.19333333333333	134.22	0.0
0.0	133.8	141.13333333333333	142.94666666666666	143.77333333333334	143.95333333333335	143.64	143.91333333333333	143.71333333333334	143.73333333333332	144.09333333333333	143.64	143.76666666666668	143.98666666666668	143.93333333333334	143.64666666666668	143.67333333333335	143.46666666666667	143.54666666666665	143.98666666666668	143.97333333333333	143.76	143.63333333333333	143.62	143.74	143.72	143.76666666666668	143.53333333333333	143.54666666666665	143.83333333333334	144.04666666666665	143.76	143.68	143.74	143.75333333333333	143.99333333333334	143.78	144.03333333333333	143.88	143.84666666666666	143.78	143.65333333333334	143.7	143.67333333333335	143.54666666666665	143.82666666666665	143.78	143.68666666666667	143.73333333333332	143.76	143.48	143.78666666666666	143.58	143.91333333333333	143.74666666666667	143.71333333333334	143.96666666666667	144.01333333333332	143.86	143.80666666666667	143.88	143.8	143.89333333333335	143.72	143.58666666666667	143.66	143.68666666666667	143.52	143.27333333333334	142.8	141.02	133.36666666666667	0.0
0.0	133.88666666666666	140.91333333333333	142.84666666666666	143.16666666666666	143.54	143.38666666666666	143.58666666666667	143.61333333333334	143.68	143.52666666666667	143.54	143.68666666666667	143.60666666666665	143.81333333333333	143.8	143.90666666666667	143.82666666666665	143.35333333333332	143.84	143.38	143.87333333333333	143.78	143.93333333333334	143.59333333333333	143.84	143.68	143.8	143.48	143.78	143.84666666666666	144.09333333333333	143.37333333333333	143.48666666666668	143.63333333333333	143.64666666666668	143.52	143.49333333333334	143.80666666666667	143.34666666666666	143.94	143.79333333333332	143.62	143.82666666666665	143.50666666666666	143.52	143.45333333333335	143.74	143.86	143.70666666666668	143.50666666666666	143.32666666666665	143.44666666666666	143.51333333333332	143.43333333333334	143.54	143.73333333333332	143.55333333333334	143.28	143.58666666666667	143.53333333333333	143.77333333333334	143.58	143.58	143.88666666666666	144.02666666666667	143.85333333333332	143.54	143.04666666666665	142.51333333333332	140.91333333333333	134.24	0.0
0.0	133.84666666666666	141.45333333333335	142.97333333333333	143.43333333333334	143.28	143.68666666666667	143.50666666666666	143.60666666666665	143.84	143.85333333333332	143.92666666666668	143.96666666666667	143.88666666666666	143.67333333333335	143.62	144.08666666666667	143.86666666666667	144.00666666666666	144.00666666666666	143.94	143.76666666666668	143.80666666666667	143.9	143.92666666666668	143.76	143.69333333333333	143.88666666666666	143.6	143.80666666666667	143.57333333333332	143.96666666666667	143.88	143.74	144.06666666666666	144.03333333333333	143.92666666666668	144.04666666666665	143.8	143.83333333333334	143.75333333333333	143.56666666666666	143.81333333333333	143.82	143.94666666666666	143.70666666666668	143.86	143.99333333333334	143.82	144.10666666666665	143.82	143.98	143.65333333333334	143.78666666666666	143.86666666666667	143.7	143.84666666666666	143.58	143.85333333333332	143.77333333333334	143.82666666666665	143.67333333333335	143.67333333333335	143.82666666666665	143.86	143.94666666666666	143.76666666666668	143.82	143.4	142.7	141.08	134.17333333333335	0.0
0.0	133.86	141.07333333333332	142.63333333333333	143.46	143.68666666666667	143.84666666666666	143.48666666666668	143.68	143.60666666666665	143.48	143.74	143.82666666666665	143.80666666666667	143.54666666666665	143.7	143.63333333333333	143.70666666666668	143.98666666666668	143.60666666666665	143.73333333333332	143.45333333333335	143.74666666666667	143.74666666666667	143.54666666666665	143.72666666666666	143.62666666666667	143.68666666666667	144.06	144.00666666666666	143.62	143.7	143.66	143.81333333333333	143.66666666666666	143.98666666666668	143.86666666666667	143.72	143.43333333333334	143.92666666666668	143.76666666666668	143.55333333333334	143.49333333333334	143.72	143.74666666666667	143.42666666666668	143.50666666666666	143.58	143.86	143.7	143.89333333333335	143.58	143.49333333333334	143.64666666666668	143.41333333333333	143.64666666666668	143.62	143.60666666666665	143.64	143.69333333333333	143.83333333333334	143.71333333333334	143.79333333333332	143.7	143.88	143.73333333333332	143.63333333333333	143.56	143.12666666666667	142.75333333333333	141.11333333333334	133.92	0.0
0.0	134.09333333333333	141.18	142.76	143.3	143.51333333333332	144.14	143.89333333333335	143.66	143.64666666666668	143.76	143.85333333333332	143.65333333333334	143.9	143.78666666666666	144.04666666666665	143.93333333333334	143.75333333333333	143.99333333333334	143.64666666666668	143.81333333333333	143.98666666666668	144.13333333333333	143.94	143.83333333333334	143.86666666666667	143.88666666666666	143.72666666666666	144.04666666666665	143.99333333333334	143.80666666666667	143.91333333333333	144.01333333333332	144.08	143.80666666666667	143.70666666666668	143.58	143.60666666666665	143.74	143.72	143.8	143.76	143.91333333333333	143.70666666666668	143.88666666666666	143.92666666666668	144.06	144.15333333333334	144.02666666666667	144.1	143.89333333333335	143.73333333333332	143.71333333333334	144.04	143.72	143.96666666666667	143.63333333333333	143.56	143.55333333333334	143.69333333333333	143.80666666666667	143.70666666666668	144.05333333333334	143.68666666666667	143.45333333333335	143.76	143.87333333333333	143.72666666666666	143.16666666666666	142.87333333333333	141.07333333333332	133.81333333333333	0.0
0.0	133.86666666666667	141.41333333333333	143.09333333333333	143.55333333333334	144.02	144.1	144.28	144.14	144.14	144.36666666666667	144.24666666666667	144.01333333333332	144.23333333333332	144.16	144.06	144.14	144.12666666666667	144.15333333333334	144.07333333333332	144.08	144.26	144.00666666666666	143.99333333333334	144.04	144.14	144.27333333333334	144.14	144.06666666666666	144.31333333333333	144.34	144.10666666666665	144.05333333333334	144.12	143.99333333333334	144.14	144.02666666666667	144.00666666666666	144.06	144.04	143.92	143.87333333333333	143.95333333333335	144.17333333333335	143.90666666666667	144.2	144.16	144.17333333333335	143.96	144.06666666666666	144.08666666666667	144.13333333333333	144.05333333333334	144.16	144.40666666666667	144.06	144.03333333333333	144.02666666666667	144.03333333333333	144.07333333333332	143.92	144.35333333333332	144.21333333333334	144.16666666666666	143.83333333333334	144.03333333333333	144.22666666666666	144.12	143.62	142.81333333333333	140.98	133.48	0.0
0.0	134.29333333333332	140.87333333333333	143.09333333333333	143.46666666666667	143.50666666666666	143.89333333333335	144.06666666666666	144.09333333333333	144.02	144.11333333333334	144.03333333333333	144.20666666666668	144.18	143.88	144.06666666666666	143.93333333333334	143.94666666666666	143.97333333333333	143.81333333333333	143.92	143.95333333333335	143.88	143.84666666666666	143.87333333333333	143.66	143.82666666666665	143.82	143.70666666666668	143.66666666666666	143.80666666666667	143.7	144.03333333333333	143.93333333333334	143.93333333333334	143.98666666666668	144.03333333333333	144.22	143.90666666666667	143.72	143.93333333333334	143.94	143.83333333333334	144.16	143.9	143.8	143.96	144.13333333333333	144.00666666666666	143.87333333333333	143.58	143.76666666666668	143.8	144.09333333333333	144.1	144.04	144.25333333333333	143.8	144.08666666666667	143.83333333333334	144.12	143.98	143.97333333333333	144.00666666666666	144.01333333333332	143.78666666666666	143.85333333333332	143.61333333333334	143.56	142.86666666666667	140.93333333333334	133.88	0.0
0.0	133.97333333333333	141.18666666666667	143.16	143.48666666666668	143.44666666666666	143.73333333333332	143.93333333333334	143.92666666666668	143.87333333333333	143.74666666666667	143.86	143.88666666666666	143.81333333333333	143.7	143.89333333333335	143.98	143.78666666666666	143.69333333333333	143.73333333333332	143.62666666666667	143.7	143.84	143.95333333333335	143.8	143.86	143.93333333333334	143.82	143.74666666666667	143.76	143.95333333333335	143.92666666666668	143.84666666666666	144.02	144.02666666666667	144.06666666666666	143.86	144.00666666666666	143.68	143.87333333333333	144.11333333333334	143.95333333333335	143.87333333333333	143.73333333333332	143.83333333333334	143.46	143.83333333333334	143.89333333333335	143.62666666666667	143.48	143.78	143.88	143.68666666666667	143.54	144.17333333333335	143.86	143.87333333333333	143.78666666666666	143.72	143.58	143.70666666666668	143.87333333333333	143.66	143.84666666666666	143.92	143.86666666666667	143.74	143.64666666666668	143.41333333333333	142.78666666666666	141.25333333333333	134.00666666666666	0.0
0.0	133.8	140.76	142.82	143.48666666666668	143.86666666666667	144.04	143.89333333333335	143.81333333333333	143.92	143.45333333333335	143.86	143.88	144.09333333333333	143.77333333333334	143.70666666666668	143.95333333333335	143.98	143.86	143.84666666666666	143.73333333333332	143.89333333333335	143.79333333333332	144.02	144.02666666666667	143.91333333333333	143.69333333333333	143.85333333333332	144.00666666666666	143.90666666666667	143.75333333333333	143.82666666666665	143.9	143.87333333333333	143.94666666666666	143.81333333333333	143.83333333333334	143.92666666666668	143.80666666666667	143.85333333333332	143.74666666666667	143.78	143.6	143.54666666666665	143.69333333333333	143.78	143.56	143.74666666666667	143.70666666666668	143.90666666666667	143.53333333333333	143.9	143.74	143.91333333333333	144.05333333333334	144.01333333333332	143.78666666666666	144.09333333333333	143.97333333333333	144.04	144.03333333333333	143.98666666666668	143.78	143.78666666666666	143.96	144.04666666666665	143.96	143.78666666666666	143.59333333333333	142.8	140.91333333333333	133.70666666666668	0.0
0.0	134.08666666666667	141.37333333333333	142.92666666666668	143.67333333333335	143.85333333333332	143.97333333333333	144.01333333333332	144.04	144.13333333333333	143.84	144.02	143.92666666666668	143.93333333333334	143.86666666666667	143.88	143.96	143.72666666666666	143.82	143.96666666666667	143.84666666666666	143.88666666666666	143.76666666666668	143.67333333333335	143.76	143.91333333333333	143.84666666666666	143.95333333333335	144.22666666666666	144.00666666666666	143.91333333333333	143.96666666666667	143.8	143.87333333333333	143.91333333333333	143.88666666666666	144.02	143.88666666666666	143.85333333333332	144.00666666666666	143.96	144.09333333333333	143.93333333333334	143.86666666666667	143.92666666666668	143.96666666666667	143.90666666666667	143.94666666666666	143.91333333333333	144.0	143.94	144.22	143.95333333333335	144.05333333333334	144.06666666666666	144.02666666666667	144.12	143.78	143.9	144.06666666666666	144.08	144.06	143.95333333333335	144.04666666666665	144.01333333333332	143.99333333333334	143.78666666666666	143.46	143.43333333333334	142.78666666666666	140.94	133.84666666666666	0.0
0.0	133.65333333333334	141.02	142.58666666666667	143.42666666666668	143.89333333333335	143.86666666666667	143.72666666666666	143.70666666666668	143.74	144.10666666666665	143.86666666666667	144.02666666666667	143.86666666666667	143.74	144.06	143.72	144.1	143.78666666666666	143.66666666666666	144.12666666666667	143.56666666666666	143.8	143.88	143.96666666666667	143.80666666666667	143.87333333333333	143.56	143.79333333333332	143.71333333333334	143.83333333333334	143.97333333333333	143.84666666666666	144.00666666666666	143.69333333333333	143.60666666666665	143.64666666666668	143.73333333333332	143.93333333333334	143.85333333333332	144.05333333333334	143.54666666666665	143.4	143.7	143.76	143.64666666666668	143.62666666666667	143.82	143.78	143.89333333333335	143.95333333333335	143.92	144.06	143.77333333333334	143.95333333333335	143.73333333333332	143.94666666666666	143.86666666666667	143.74	143.87333333333333	143.59333333333333	143.91333333333333	143.67333333333335	143.72	143.79333333333332	143.65333333333334	143.6	143.59333333333333	143.72666666666666	142.90666666666667	140.91333333333333	134.04	0.0
0.0	134.05333333333334	141.1	142.72666666666666	143.42	143.51333333333332	143.72	143.94666666666666	143.94666666666666	143.82666666666665	143.72	143.81333333333333	143.7	143.67333333333335	143.93333333333334	143.71333333333334	143.90666666666667	143.78666666666666	143.71333333333334	143.93333333333334	143.84	143.88	143.7	143.79333333333332	143.8	143.62	143.56	144.05333333333334	143.81333333333333	143.86666666666667	143.78	143.68666666666667	143.68666666666667	143.78666666666666	143.70666666666668	143.8	143.92	143.70666666666668	143.86	143.71333333333334	143.78	143.78666666666666	143.94	143.72666666666666	143.77333333333334	144.0	143.54666666666665	143.60666666666665	143.84666666666666	144.03333333333333	143.98	143.97333333333333	143.62	143.68	143.95333333333335	143.59333333333333	144.08	143.74666666666667	143.96666666666667	143.88666666666666	143.85333333333332	143.86	143.76666666666668	144.12	143.89333333333335	143.74	143.92666666666668	143.77333333333334	143.31333333333333	143.06	140.88	133.47333333333333	0.0
0.0	134.14	140.75333333333333	142.96	143.42	143.6	143.87333333333333	143.77333333333334	143.81333333333333	143.72666666666666	143.66666666666666	143.68666666666667	143.94666666666666	143.80666666666667	143.5	143.88666666666666	143.76666666666668	143.66	143.83333333333334	143.45333333333335	143.86666666666667	143.88666666666666	143.62666666666667	143.66	143.95333333333335	144.12	144.13333333333333	143.92666666666668	143.86666666666667	143.78666666666666	143.78	143.84666666666666	143.94	143.93333333333334	143.84	143.98	144.03333333333333	143.82666666666665	143.86666666666667	143.71333333333334	143.86	143.84	144.05333333333334	143.97333333333333	143.84666666666666	143.72666666666666	143.9	143.92	144.07333333333332	143.75333333333333	143.78666666666666	144.04	143.68666666666667	143.91333333333333	144.04	143.76666666666668	143.96	143.90666666666667	143.76	144.12	143.88666666666666	143.84	143.96666666666667	143.82	143.76	143.98666666666668	143.82	143.43333333333334	143.36666666666667	143.1	140.89333333333335	134.08	0.0
0.0	134.14666666666668	141.24	142.82	143.47333333333333	143.96666666666667	143.79333333333332	143.63333333333333	143.90666666666667	144.19333333333333	143.81333333333333	143.93333333333334	143.61333333333334	143.76	143.76	144.03333333333333	144.05333333333334	144.12666666666667	143.99333333333334	143.60666666666665	143.79333333333332	143.84666666666666	143.74666666666667	144.04	144.02	144.03333333333333	143.88	143.82	143.92	143.95333333333335	144.04666666666665	143.75333333333333	143.94	143.72666666666666	143.92	144.02	144.0	143.90666666666667	144.05333333333334	143.88	143.86666666666667	143.83333333333334	143.58666666666667	143.74	143.73333333333332	143.72666666666666	144.0	143.87333333333333	144.25333333333333	144.26666666666668	143.76	143.92666666666668	143.8	144.16	143.75333333333333	143.94	143.85333333333332	143.93333333333334	144.06	143.96	143.8	143.98666666666668	144.02	143.96	144.08666666666667	143.77333333333334	143.76666666666668	143.75333333333333	143.23333333333332	142.79333333333332	140.96666666666667	134.12666666666667	0.0
0.0	133.22666666666666	140.68	143.02	143.55333333333334	143.86	143.82	143.53333333333333	143.66	143.71333333333334	143.8	143.86666666666667	143.74	143.98	143.72	143.98	143.92666666666668	143.84666666666666	143.71333333333334	143.70666666666668	143.83333333333334	143.99333333333334	143.59333333333333	143.96666666666667	143.76666666666668	143.7	143.89333333333335	143.78666666666666	143.78	143.67333333333335	143.66	143.90666666666667	143.59333333333333	143.71333333333334	143.49333333333334	143.66	143.73333333333332	143.62	143.57333333333332	143.72666666666666	143.64666666666668	143.84	143.81333333333333	143.81333333333333	143.94	143.63333333333333	143.62	143.76	143.69333333333333	143.88	143.63333333333333	143.55333333333334	143.65333333333334	143.69333333333333	143.68666666666667	143.73333333333332	143.82	143.86	143.98666666666668	143.96	143.73333333333332	143.63333333333333	143.96666666666667	143.84666666666666	144.08666666666667	143.87333333333333	143.68666666666667	143.82666666666665	143.37333333333333	142.87333333333333	141.11333333333334	134.02	0.0
0.0	133.83333333333334	141.11333333333334	142.63333333333333	143.26	143.67333333333335	143.67333333333335	143.80666666666667	143.87333333333333	143.53333333333333	143.86666666666667	143.74	144.06666666666666	143.75333333333333	144.02	143.70666666666668	144.06	143.83333333333334	143.69333333333333	143.86666666666667	143.93333333333334	143.9	143.88	143.87333333333333	143.9	144.00666666666666	143.83333333333334	144.08666666666667	144.09333333333333	143.99333333333334	143.93333333333334	143.76666666666668	143.94666666666666	143.83333333333334	144.07333333333332	144.32666666666665	143.99333333333334	143.87333333333333	144.17333333333335	143.96666666666667	143.75333333333333	143.93333333333334	143.87333333333333	143.97333333333333	144.02	143.97333333333333	144.12	143.66666666666666	143.88666666666666	143.9	143.84	143.94666666666666	143.75333333333333	144.06	143.9	143.90666666666667	143.98	143.91333333333333	143.94	143.68	143.78666666666666	143.96	143.70666666666668	143.94666666666666	143.83333333333334	143.88666666666666	143.44666666666666	143.7	143.63333333333333	142.90666666666667	141.32666666666665	133.92666666666668	0.0
0.0	134.0	141.40666666666667	142.92666666666668	143.64	143.94	143.98666666666668	143.92666666666668	144.08	144.18666666666667	144.02	143.88666666666666	144.16	144.33333333333334	144.18	143.81333333333333	143.84666666666666	143.86666666666667	144.0	144.16666666666666	144.04	144.06	144.16666666666666	143.88666666666666	144.05333333333334	143.70666666666668	143.77333333333334	144.00666666666666	144.06666666666666	143.96666666666667	144.29333333333332	144.04	144.08	144.04666666666665	144.18	144.00666666666666	143.66666666666666	143.92666666666668	144.01333333333332	143.99333333333334	143.89333333333335	144.17333333333335	143.72666666666666	144.02666666666667	144.09333333333333	143.96666666666667	143.7	143.77333333333334	143.77333333333334	144.06	143.88	143.94	144.15333333333334	144.14666666666668	143.84666666666666	143.84	144.08	144.07333333333332	144.0	143.58666666666667	143.91333333333333	143.78	143.86666666666667	144.1	143.85333333333332	143.78	143.62666666666667	143.54666666666665	143.49333333333334	143.02666666666667	141.22666666666666	134.14	0.0
0.0	134.03333333333333	141.44666666666666	143.20666666666668	143.43333333333334	143.74666666666667	143.89333333333335	144.1	143.94666666666666	143.86666666666667	143.97333333333333	143.78666666666666	144.02	143.97333333333333	143.8	144.06666666666666	143.95333333333335	144.07333333333332	144.12	143.96666666666667	144.06	144.08	143.93333333333334	143.88666666666666	144.00666666666666	143.87333333333333	143.91333333333333	143.94	143.72	144.06666666666666	144.1	143.94666666666666	143.86666666666667	143.80666666666667	144.02	143.89333333333335	143.87333333333333	143.98	144.07333333333332	144.06	143.96666666666667	143.75333333333333	143.92666666666668	143.94	144.28666666666666	144.19333333333333	143.81333333333333	143.86666666666667	143.95333333333335	144.03333333333333	143.7	144.03333333333333	143.87333333333333	143.88666666666666	143.89333333333335	143.87333333333333	143.89333333333335	143.94666666666666	143.73333333333332	143.93333333333334	143.98666666666668	143.99333333333334	143.92666666666668	144.03333333333333	144.09333333333333	144.02666666666667	143.96666666666667	143.91333333333333	143.84	143.06	141.21333333333334	134.13333333333333	0.0
0.0	134.07333333333332	141.08	143.02	143.48666666666668	143.84	144.0	144.20666666666668	143.83333333333334	143.82666666666665	143.96	144.1	144.14	144.03333333333333	144.01333333333332	144.03333333333333	144.14666666666668	144.04	143.92666666666668	144.04666666666665	144.09333333333333	144.10666666666665	144.13333333333333	144.18	144.09333333333333	144.36666666666667	143.9	144.27333333333334	144.16	143.92	144.06666666666666	144.35333333333332	144.18	144.02666666666667	144.19333333333333	143.92	144.00666666666666	144.1	144.07333333333332	143.8	144.07333333333332	144.04	144.13333333333333	143.96666666666667	144.13333333333333	144.01333333333332	144.02666666666667	143.99333333333334	143.90666666666667	143.96666666666667	143.86	143.87333333333333	143.98666666666668	144.14	144.1	144.12666666666667	144.27333333333334	143.81333333333333	143.76666666666668	143.91333333333333	144.18	144.06	143.68666666666667	143.78666666666666	143.89333333333335	144.02666666666667	143.88	143.81333333333333	143.36666666666667	142.9	141.38	133.9	0.0
0.0	133.72666666666666	141.16	142.64	143.24666666666667	143.66	143.67333333333335	143.56	143.66	143.61333333333334	143.56666666666666	143.59333333333333	143.58666666666667	143.68666666666667	143.76	143.58666666666667	143.46666666666667	143.84	143.56	143.70666666666668	143.78	143.64666666666668	143.76	143.38	143.54666666666665	143.62666666666667	143.66666666666666	143.76	143.47333333333333	143.64	143.64	143.84666666666666	143.76666666666668	143.63333333333333	143.61333333333334	143.61333333333334	143.52666666666667	143.58	143.32666666666665	143.48	143.77333333333334	143.46	143.57333333333332	143.37333333333333	143.48666666666668	143.71333333333334	143.66	143.68666666666667	144.0	143.72	143.60666666666665	143.62	143.63333333333333	143.7	143.82	143.72666666666666	143.82666666666665	143.64666666666668	143.71333333333334	143.69333333333333	143.66	143.69333333333333	143.58666666666667	143.68666666666667	143.83333333333334	143.61333333333334	143.80666666666667	143.66	143.06	142.74	141.02	133.64666666666668	0.0
0.0	133.78	141.32666666666665	142.92666666666668	143.24	143.57333333333332	143.48	143.60666666666665	143.92	143.89333333333335	143.92	143.76666666666668	143.68	143.67333333333335	143.76666666666668	143.92	143.81333333333333	143.86666666666667	143.98666666666668	143.93333333333334	143.83333333333334	143.93333333333334	143.72	143.88666666666666	144.00666666666666	143.62666666666667	143.75333333333333	144.02666666666667	143.92	143.9	143.98666666666668	143.92	143.76	143.68666666666667	143.79333333333332	143.83333333333334	143.66	143.7	143.91333333333333	143.89333333333335	143.72666666666666	144.0	143.82666666666665	143.94666666666666	143.78666666666666	143.96	143.84666666666666	143.80666666666667	144.04666666666665	143.9	143.82	144.09333333333333	143.74	143.90666666666667	143.46666666666667	143.70666666666668	143.96	143.84666666666666	143.65333333333334	143.7	143.76	143.77333333333334	143.72666666666666	143.7	143.86666666666667	143.79333333333332	143.63333333333333	143.57333333333332	143.30666666666667	142.69333333333333	140.87333333333333	133.8	0.0
0.0	133.86666666666667	141.10666666666665	142.76666666666668	143.46	143.70666666666668	143.6	143.77333333333334	143.61333333333334	144.05333333333334	143.78666666666666	143.92666666666668	144.07333333333332	143.75333333333333	144.02	143.63333333333333	143.9	144.11333333333334	144.04666666666665	143.62666666666667	143.85333333333332	143.68	143.88666666666666	143.83333333333334	144.04666666666665	143.96666666666667	143.84	143.93333333333334	143.61333333333334	143.82666666666665	144.03333333333333	143.80666666666667	143.96	143.56666666666666	143.74	143.76666666666668	143.66	143.60666666666665	143.80666666666667	143.84666666666666	144.1	144.04666666666665	144.02	144.06666666666666	144.03333333333333	143.90666666666667	143.96666666666667	144.06	143.54	143.93333333333334	143.88666666666666	143.95333333333335	143.88	143.86666666666667	143.9	143.52666666666667	143.63333333333333	143.64	143.46666666666667	143.71333333333334	143.66666666666666	143.8	143.7	143.98666666666668	143.77333333333334	143.78666666666666	143.86	143.48666666666668	143.44	142.84	141.26	134.09333333333333	0.0
0.0	133.83333333333334	140.98666666666668	142.5	143.53333333333333	143.47333333333333	143.71333333333334	143.51333333333332	143.62	143.55333333333334	143.59333333333333	143.66666666666666	143.8	143.53333333333333	143.48	143.65333333333334	143.38	143.62	143.72	143.82666666666665	143.44	143.73333333333332	143.75333333333333	143.72	143.56	143.64666666666668	143.64	143.78666666666666	143.99333333333334	143.7	143.83333333333334	143.71333333333334	143.64666666666668	143.55333333333334	143.68	143.53333333333333	143.87333333333333	143.69333333333333	143.84666666666666	143.71333333333334	143.48666666666668	143.57333333333332	143.76	143.59333333333333	143.51333333333332	143.69333333333333	143.45333333333335	143.60666666666665	143.57333333333332	143.68	143.80666666666667	143.70666666666668	143.60666666666665	143.34666666666666	143.71333333333334	143.50666666666666	143.44	143.59333333333333	143.64666666666668	143.60666666666665	143.74	143.76666666666668	143.64666666666668	143.59333333333333	143.62	143.71333333333334	143.26666666666668	143.34666666666666	143.08	142.51333333333332	140.69333333333333	134.00666666666666	0.0
0.0	133.73333333333332	140.63333333333333	142.62666666666667	142.99333333333334	143.24666666666667	143.44666666666666	143.22666666666666	143.32	143.74666666666667	143.50666666666666	143.24	143.62	143.6	143.61333333333334	143.73333333333332	143.61333333333334	143.58666666666667	143.48	143.64666666666668	143.56	143.38666666666666	143.42666666666668	143.48	143.62666666666667	143.43333333333334	143.62666666666667	143.44	143.32666666666665	143.47333333333333	143.40666666666667	143.45333333333335	143.50666666666666	143.6	143.44	143.34666666666666	143.71333333333334	143.61333333333334	143.49333333333334	143.73333333333332	143.61333333333334	143.72666666666666	143.65333333333334	143.61333333333334	143.82666666666665	143.38	143.7	143.64666666666668	143.54	143.29333333333332	143.19333333333333	143.32	143.54666666666665	143.63333333333333	143.60666666666665	143.36	143.52666666666667	143.54	143.31333333333333	143.63333333333333	143.6	143.59333333333333	143.53333333333333	143.68	143.40666666666667	143.58	143.64	143.48666666666668	143.02	142.66	140.83333333333334	133.72	0.0
0.0	133.71333333333334	140.94666666666666	142.34666666666666	143.54666666666665	143.46	143.48	143.54	143.59333333333333	143.65333333333334	143.61333333333334	143.76666666666668	144.00666666666666	143.5	143.79333333333332	143.68666666666667	143.71333333333334	143.86666666666667	143.55333333333334	143.60666666666665	143.66	143.65333333333334	143.58	143.44	143.56	143.86666666666667	143.68666666666667	143.43333333333334	143.56666666666666	143.39333333333335	143.67333333333335	143.44	143.71333333333334	143.9	143.54666666666665	143.52666666666667	143.59333333333333	143.78666666666666	143.61333333333334	143.76666666666668	143.62666666666667	143.48666666666668	143.66666666666666	143.6	143.68	143.58	143.46666666666667	143.77333333333334	143.53333333333333	143.94666666666666	143.5	143.55333333333334	143.42	143.76666666666668	143.60666666666665	143.80666666666667	143.82666666666665	143.96	143.88666666666666	143.78666666666666	143.68666666666667	143.61333333333334	143.81333333333333	143.52	143.80666666666667	143.76	143.44666666666666	143.31333333333333	143.10666666666665	142.87333333333333	140.7	133.85333333333332	0.0
0.0	133.62	140.98	142.66	143.39333333333335	143.55333333333334	143.38666666666666	143.72666666666666	143.70666666666668	143.53333333333333	143.98	143.48666666666668	143.66666666666666	143.68666666666667	143.64	143.88	143.6	143.52666666666667	143.68	143.78666666666666	143.62	143.45333333333335	143.56666666666666	143.42	143.49333333333334	143.24	143.54	143.81333333333333	143.63333333333333	143.48666666666668	143.46	143.42666666666668	143.52	143.58	143.60666666666665	143.84666666666666	143.78666666666666	143.66	143.62	143.51333333333332	143.68666666666667	143.72	143.71333333333334	143.81333333333333	144.0	143.88666666666666	143.69333333333333	143.68	143.62666666666667	143.61333333333334	143.65333333333334	143.64666666666668	143.60666666666665	143.68666666666667	143.53333333333333	143.77333333333334	143.61333333333334	143.68	143.68	143.59333333333333	143.69333333333333	143.61333333333334	143.74	143.66	143.57333333333332	143.50666666666666	143.76666666666668	143.50666666666666	143.52	142.94	140.72	133.98666666666668	0.0
0.0	133.79333333333332	140.78666666666666	142.81333333333333	143.44666666666666	143.66	143.32666666666665	143.71333333333334	143.68666666666667	143.99333333333334	144.16666666666666	143.80666666666667	143.68	143.89333333333335	143.65333333333334	144.02	143.88666666666666	143.83333333333334	143.84666666666666	143.94666666666666	143.95333333333335	143.70666666666668	144.04666666666665	144.03333333333333	143.77333333333334	143.90666666666667	144.01333333333332	143.68	143.80666666666667	143.74666666666667	143.74666666666667	143.92	143.79333333333332	143.79333333333332	143.72	143.84	143.68666666666667	144.17333333333335	143.76666666666668	143.71333333333334	143.84666666666666	143.65333333333334	143.94666666666666	143.86	143.68666666666667	143.75333333333333	143.87333333333333	143.83333333333334	143.94	144.02666666666667	143.62	143.86666666666667	143.76666666666668	143.67333333333335	143.71333333333334	143.74666666666667	143.87333333333333	143.96666666666667	143.90666666666667	144.11333333333334	143.8	143.76666666666668	143.78	143.92	143.75333333333333	143.69333333333333	143.74666666666667	143.56666666666666	143.19333333333333	142.77333333333334	140.84	133.74666666666667	0.0
0.0	133.97333333333333	141.12	143.14666666666668	143.68	143.77333333333334	143.58	143.56666666666666	143.54	143.86	143.84	143.86	143.78666666666666	143.81333333333333	143.92	143.79333333333332	143.74	143.82666666666665	143.9	143.73333333333332	143.80666666666667	143.85333333333332	143.75333333333333	143.85333333333332	143.86666666666667	143.80666666666667	143.61333333333334	143.76	143.82666666666665	143.71333333333334	143.49333333333334	143.62666666666667	143.67333333333335	143.86666666666667	143.92666666666668	144.12	143.94	143.84	143.36	143.67333333333335	143.76	143.81333333333333	143.82	143.72	143.96	143.88666666666666	143.64	143.78	143.78666666666666	143.74	143.73333333333332	143.68666666666667	143.55333333333334	143.52	143.82	143.82	143.52666666666667	143.64	143.67333333333335	143.69333333333333	143.92	143.71333333333334	143.68666666666667	143.51333333333332	143.83333333333334	143.63333333333333	143.68666666666667	143.56	143.22666666666666	142.71333333333334	141.24666666666667	134.04666666666665	0.0
0.0	133.97333333333333	141.12	142.75333333333333	143.69333333333333	143.99333333333334	144.04	144.16	143.94	144.18	143.88	143.96666666666667	144.09333333333333	143.82666666666665	143.9	144.07333333333332	144.19333333333333	143.78	143.82666666666665	143.83333333333334	143.86	144.04	143.86666666666667	143.93333333333334	143.79333333333332	143.86666666666667	143.85333333333332	144.02	143.97333333333333	143.95333333333335	143.89333333333335	143.98666666666668	143.58	144.23333333333332	143.98666666666668	143.76	143.93333333333334	144.1	143.94	143.94666666666666	143.88666666666666	143.88	143.99333333333334	143.81333333333333	143.94	143.88	143.76	143.79333333333332	143.98666666666668	143.72666666666666	143.94	144.09333333333333	143.96	144.05333333333334	144.07333333333332	143.82666666666665	144.05333333333334	144.08666666666667	143.97333333333333	143.78	144.06	143.79333333333332	143.77333333333334	143.75333333333333	144.05333333333334	143.9	143.87333333333333	143.84666666666666	143.7	142.8	141.33333333333334	133.86666666666667	0.0
0.0	133.82	140.84666666666666	142.74666666666667	143.16	143.67333333333335	143.77333333333334	144.18666666666667	143.84	143.68	143.76666666666668	143.78	144.07333333333332	143.85333333333332	143.66666666666666	143.75333333333333	144.02	143.67333333333335	143.83333333333334	143.8	143.82666666666665	143.76666666666668	143.79333333333332	143.91333333333333	144.04666666666665	143.8	143.76	143.79333333333332	143.56	143.34	143.75333333333333	143.94666666666666	143.78	143.96666666666667	143.73333333333332	143.76	143.99333333333334	143.80666666666667	143.71333333333334	143.49333333333334	143.88	143.79333333333332	143.7	143.79333333333332	143.49333333333334	143.46666666666667	143.78666666666666	143.74666666666667	143.69333333333333	143.83333333333334	143.86666666666667	144.04666666666665	143.62	143.66	144.0	143.8	143.84666666666666	143.97333333333333	143.78	143.58	143.88	143.9	143.7	143.82666666666665	143.72	143.90666666666667	144.12	143.60666666666665	143.4	142.7	141.02666666666667	133.81333333333333	0.0
0.0	133.93333333333334	140.84	142.90666666666667	143.30666666666667	143.47333333333333	143.64	143.81333333333333	143.80666666666667	143.79333333333332	143.78666666666666	143.98	143.93333333333334	143.56666666666666	143.68	143.54666666666665	143.96666666666667	143.86666666666667	143.96	143.95333333333335	143.57333333333332	143.73333333333332	143.62666666666667	143.94	144.09333333333333	143.61333333333334	143.8	143.76	143.66666666666666	143.68666666666667	143.61333333333334	143.44	143.91333333333333	143.70666666666668	143.72666666666666	143.7	143.88666666666666	143.90666666666667	143.77333333333334	143.72666666666666	143.74	143.45333333333335	143.64666666666668	143.74666666666667	143.81333333333333	143.94	143.77333333333334	143.68	143.77333333333334	143.56666666666666	143.66666666666666	143.60666666666665	143.94666666666666	143.78	144.12	144.12	144.14666666666668	143.85333333333332	143.97333333333333	143.73333333333332	143.48666666666668	143.68	143.71333333333334	143.94	143.76	143.65333333333334	143.73333333333332	143.40666666666667	143.34666666666666	143.02	140.94	134.12666666666667	0.0
0.0	133.92	141.10666666666665	142.88	143.70666666666668	143.90666666666667	144.0	143.92666666666668	144.01333333333332	144.15333333333334	144.08	144.03333333333333	144.04	144.2	144.35333333333332	144.26	144.27333333333334	143.94666666666666	144.1	144.26	144.04666666666665	144.07333333333332	144.06666666666666	144.09333333333333	143.92	143.81333333333333	143.97333333333333	144.01333333333332	144.04666666666665	143.69333333333333	143.97333333333333	144.05333333333334	143.93333333333334	144.00666666666666	144.00666666666666	144.1	144.01333333333332	144.28666666666666	143.99333333333334	144.24	144.16	144.05333333333334	144.17333333333335	144.20666666666668	144.25333333333333	144.06666666666666	144.48	144.04	144.1	144.26666666666668	144.15333333333334	143.97333333333333	144.02	144.05333333333334	143.96	143.97333333333333	144.02666666666667	143.86	143.70666666666668	143.9	143.78	144.05333333333334	143.99333333333334	143.87333333333333	144.02	143.94	143.85333333333332	143.99333333333334	143.67333333333335	143.08666666666667	141.08666666666667	133.66666666666666	0.0
0.0	134.06	141.32666666666665	143.24666666666667	143.98666666666668	143.93333333333334	144.10666666666665	144.18666666666667	143.88	143.9	144.04666666666665	144.31333333333333	143.97333333333333	144.14	144.24	144.32666666666665	144.03333333333333	143.98666666666668	144.28	144.00666666666666	144.40666666666667	144.16666666666666	144.05333333333334	144.22666666666666	144.04666666666665	143.95333333333335	144.30666666666667	144.16	144.01333333333332	143.99333333333334	144.06666666666666	143.98	144.02	144.46666666666667	144.4	144.16	144.15333333333334	143.98666666666668	144.03333333333333	144.08666666666667	143.94	144.06	143.91333333333333	144.4	144.04	143.9	143.94666666666666	144.14666666666668	143.95333333333335	144.0	144.2	144.24666666666667	144.27333333333334	144.21333333333334	144.08	143.89333333333335	144.29333333333332	144.22666666666666	144.18	143.93333333333334	143.94	144.23333333333332	144.06	144.24	144.3	144.06	144.05333333333334	144.17333333333335	143.82666666666665	143.21333333333334	141.55333333333334	133.90666666666667	0.0
0.0	133.86	141.0	142.8	143.11333333333334	143.46	143.73333333333332	143.6	143.73333333333332	143.90666666666667	143.92	143.77333333333334	143.65333333333334	143.68	143.91333333333333	143.67333333333335	143.66	143.56666666666666	143.64666666666668	143.74	143.62666666666667	143.88666666666666	143.62	143.37333333333333	143.54	143.59333333333333	143.82	143.25333333333333	143.7	143.59333333333333	143.46	143.53333333333333	143.73333333333332	143.56666666666666	143.60666666666665	143.51333333333332	143.54	143.42	143.53333333333333	143.49333333333334	143.52	143.78	143.46666666666667	143.55333333333334	143.45333333333335	143.56	143.34	143.63333333333333	143.67333333333335	143.84	143.54	143.56666666666666	143.89333333333335	143.55333333333334	143.58	143.59333333333333	143.76666666666668	144.01333333333332	143.71333333333334	143.68	143.49333333333334	144.0	143.65333333333334	143.86	143.7	143.88666666666666	143.31333333333333	143.32	143.27333333333334	142.63333333333333	141.06666666666666	133.80666666666667	0.0
0.0	133.69333333333333	141.06	142.94	143.38	143.79333333333332	143.99333333333334	144.02	143.93333333333334	143.76666666666668	143.78666666666666	144.06	144.27333333333334	143.67333333333335	143.87333333333333	143.96666666666667	144.14	143.98666666666668	144.01333333333332	144.03333333333333	143.99333333333334	143.8	143.98666666666668	144.17333333333335	144.1	143.94666666666666	144.05333333333334	143.91333333333333	143.99333333333334	143.97333333333333	143.98	143.94	143.93333333333334	143.63333333333333	143.99333333333334	143.93333333333334	144.01333333333332	143.90666666666667	143.94666666666666	144.08666666666667	144.16666666666666	143.74666666666667	143.72666666666666	144.16	144.01333333333332	143.85333333333332	143.96666666666667	143.87333333333333	144.05333333333334	143.94666666666666	143.92666666666668	143.88	144.08	144.06	144.02666666666667	144.28	143.92666666666668	144.06	143.77333333333334	144.12	143.86	144.06	144.18	144.17333333333335	144.12	144.2	143.98	143.66	143.47333333333333	143.02666666666667	141.40666666666667	134.16666666666666	0.0
0.0	133.6	141.0	142.58666666666667	143.44666666666666	143.62	143.36666666666667	143.74	143.63333333333333	143.7	143.73333333333332	143.64666666666668	143.41333333333333	143.53333333333333	143.63333333333333	143.58	143.86666666666667	143.79333333333332	143.66666666666666	143.66	143.83333333333334	143.81333333333333	143.7	143.68	143.54	143.9	143.87333333333333	143.51333333333332	143.61333333333334	143.77333333333334	143.72	143.46	143.52666666666667	143.54666666666665	143.78666666666666	143.55333333333334	143.62666666666667	143.78666666666666	143.56666666666666	143.69333333333333	143.72	144.01333333333332	143.98666666666668	143.96	143.70666666666668	143.67333333333335	143.53333333333333	143.40666666666667	143.66	143.59333333333333	143.68666666666667	143.68666666666667	143.6	143.76666666666668	143.73333333333332	143.82	143.38666666666666	143.82	143.59333333333333	143.67333333333335	143.92666666666668	143.84	143.76666666666668	143.69333333333333	143.53333333333333	143.63333333333333	143.77333333333334	143.86	143.47333333333333	142.71333333333334	140.78666666666666	134.02666666666667	0.0
0.0	134.0	140.99333333333334	143.03333333333333	143.52	143.62666666666667	143.82	143.7	143.82	143.89333333333335	143.93333333333334	143.82666666666665	143.86	143.95333333333335	143.99333333333334	143.88666666666666	143.44666666666666	144.20666666666668	143.9	144.02	144.17333333333335	143.68	143.96666666666667	143.73333333333332	143.88666666666666	144.03333333333333	143.95333333333335	143.9	143.61333333333334	143.7	143.79333333333332	143.8	143.66	143.96	143.90666666666667	143.92	144.11333333333334	143.71333333333334	143.77333333333334	143.70666666666668	143.70666666666668	143.75333333333333	143.9	143.66666666666666	143.51333333333332	143.77333333333334	143.82	143.8	143.93333333333334	144.0	143.69333333333333	144.04	143.79333333333332	143.89333333333335	143.68666666666667	143.67333333333335	143.52666666666667	143.5	143.59333333333333	143.82666666666665	143.74	143.97333333333333	143.96	143.74666666666667	143.96666666666667	143.85333333333332	143.55333333333334	143.72	143.49333333333334	142.66	141.01333333333332	133.74666666666667	0.0
0.0	133.96	141.32	142.92666666666668	143.34666666666666	143.58	143.92666666666668	143.86	143.90666666666667	143.82666666666665	143.92	143.62666666666667	143.73333333333332	143.47333333333333	143.65333333333334	143.72	143.70666666666668	143.9	143.85333333333332	143.98666666666668	143.68666666666667	143.66666666666666	143.82	143.73333333333332	143.9	143.89333333333335	143.85333333333332	143.82	143.70666666666668	143.68666666666667	143.52	143.44666666666666	143.48	143.82	143.83333333333334	143.71333333333334	143.51333333333332	143.74	143.56666666666666	143.49333333333334	143.76	143.7	143.85333333333332	143.89333333333335	143.75333333333333	143.71333333333334	143.71333333333334	143.63333333333333	143.65333333333334	143.60666666666665	143.66666666666666	144.1	144.08	143.82666666666665	143.66	143.77333333333334	143.83333333333334	143.84666666666666	144.03333333333333	143.66	143.65333333333334	143.54	143.70666666666668	143.6	143.82666666666665	143.70666666666668	143.72666666666666	143.54	143.5	143.12	140.92666666666668	133.68666666666667	0.0
0.0	134.36666666666667	141.19333333333333	142.92	143.70666666666668	143.74	143.86666666666667	143.91333333333333	143.96	144.02666666666667	143.84	143.94	143.78	144.05333333333334	144.08666666666667	144.18	143.96666666666667	143.86	143.87333333333333	143.84666666666666	144.22666666666666	144.01333333333332	144.08666666666667	143.88	144.09333333333333	143.94666666666666	144.01333333333332	144.22666666666666	143.86	144.2	144.24666666666667	143.97333333333333	144.00666666666666	143.79333333333332	143.95333333333335	143.91333333333333	144.13333333333333	144.10666666666665	144.19333333333333	144.23333333333332	143.84666666666666	143.95333333333335	144.02666666666667	143.89333333333335	143.84666666666666	144.02	144.10666666666665	144.10666666666665	144.00666666666666	144.19333333333333	143.94666666666666	144.06666666666666	144.26666666666668	144.12666666666667	144.09333333333333	144.23333333333332	143.9	143.85333333333332	144.11333333333334	144.18666666666667	144.01333333333332	143.87333333333333	144.06666666666666	144.2	144.01333333333332	143.88	144.12	144.22	143.55333333333334	143.06	141.10666666666665	134.0	0.0
0.0	134.09333333333333	141.16666666666666	143.06666666666666	143.18	143.26666666666668	143.69333333333333	143.73333333333332	143.66	143.64666666666668	143.67333333333335	143.68	143.62666666666667	143.78	143.6	143.54666666666665	143.37333333333333	143.63333333333333	143.64	143.60666666666665	143.51333333333332	143.72666666666666	143.84	143.44666666666666	143.87333333333333	143.88666666666666	143.65333333333334	143.82666666666665	143.48	143.48	143.65333333333334	143.47333333333333	143.48666666666668	143.63333333333333	143.54666666666665	143.63333333333333	143.52	143.71333333333334	143.52	143.78666666666666	143.62666666666667	143.73333333333332	143.62666666666667	143.62	143.46666666666667	143.46666666666667	143.56666666666666	143.55333333333334	143.70666666666668	143.69333333333333	143.68	143.68	143.90666666666667	143.58	143.44	143.42	143.62666666666667	143.70666666666668	143.82666666666665	143.86	143.70666666666668	143.74	143.61333333333334	143.68666666666667	143.66666666666666	143.47333333333333	143.66	143.49333333333334	143.30666666666667	142.68	140.84666666666666	133.96666666666667	0.0
0.0	133.87333333333333	140.95333333333335	142.82	143.51333333333332	143.50666666666666	143.56	143.53333333333333	143.68	143.94	143.5	143.51333333333332	143.57333333333332	143.66	143.58	143.70666666666668	143.57333333333332	143.30666666666667	143.64	143.85333333333332	143.59333333333333	143.72666666666666	143.82	143.88	143.79333333333332	143.84	143.41333333333333	143.72	143.45333333333335	143.64666666666668	143.61333333333334	143.44666666666666	143.67333333333335	143.55333333333334	143.81333333333333	143.83333333333334	143.89333333333335	143.54	143.76	143.44666666666666	143.53333333333333	143.63333333333333	143.63333333333333	143.4	143.91333333333333	143.79333333333332	143.45333333333335	143.74	143.60666666666665	143.54	143.74	143.83333333333334	143.57333333333332	143.52	143.62	143.90666666666667	143.66	143.92666666666668	143.64666666666668	143.41333333333333	143.58	143.68666666666667	143.6	143.62666666666667	143.58666666666667	143.52	143.68	143.52666666666667	143.26	142.84	140.79333333333332	133.76666666666668	0.0
0.0	134.04	141.07333333333332	143.02	143.53333333333333	143.74	143.82	144.08666666666667	143.97333333333333	143.69333333333333	143.97333333333333	144.00666666666666	144.02	143.82666666666665	143.84666666666666	143.77333333333334	144.05333333333334	144.02	143.94	143.84	144.19333333333333	144.04	143.90666666666667	144.04666666666665	144.14	144.02	144.07333333333332	143.76	143.78666666666666	143.92666666666668	144.07333333333332	143.81333333333333	143.98	144.02	144.03333333333333	143.86	144.02	143.82	143.79333333333332	143.72666666666666	143.66	144.08	144.13333333333333	143.98	143.98	144.10666666666665	143.90666666666667	143.94666666666666	143.94	143.95333333333335	144.02	144.06	143.92666666666668	143.99333333333334	143.63333333333333	144.00666666666666	143.96	144.00666666666666	143.9	143.9	144.12666666666667	144.06	143.96666666666667	143.94666666666666	143.82666666666665	143.82	143.65333333333334	143.64	143.41333333333333	142.84	141.20666666666668	134.30666666666667	0.0
0.0	133.94666666666666	141.16	142.73333333333332	143.24	143.49333333333334	143.78666666666666	143.54666666666665	144.09333333333333	143.89333333333335	143.8	143.58666666666667	143.63333333333333	143.89333333333335	143.62	143.80666666666667	143.86	143.62666666666667	143.80666666666667	143.97333333333333	143.74666666666667	143.63333333333333	143.61333333333334	143.66	143.68	144.0	143.94	143.67333333333335	143.52	143.83333333333334	143.89333333333335	143.69333333333333	144.10666666666665	143.68666666666667	143.69333333333333	143.74666666666667	143.52666666666667	143.69333333333333	143.78666666666666	143.66666666666666	143.78	143.77333333333334	143.68666666666667	143.95333333333335	143.75333333333333	143.56	143.92	143.8	143.70666666666668	143.87333333333333	143.94	143.53333333333333	143.61333333333334	143.7	143.91333333333333	143.84666666666666	144.0	143.98	143.89333333333335	143.82666666666665	143.71333333333334	143.6	143.79333333333332	143.58	143.94666666666666	143.94666666666666	143.85333333333332	143.5	143.35333333333332	142.6	141.02666666666667	133.74666666666667	0.0
0.0	134.0	141.44	143.19333333333333	143.58666666666667	143.95333333333335	143.94666666666666	143.90666666666667	144.14666666666668	144.00666666666666	144.00666666666666	144.14666666666668	144.33333333333334	144.16666666666666	144.10666666666665	144.21333333333334	144.08666666666667	144.0	144.12	143.98	143.97333333333333	143.96666666666667	143.99333333333334	143.99333333333334	144.02666666666667	143.98666666666668	143.94666666666666	143.80666666666667	143.85333333333332	144.12	144.07333333333332	143.76666666666668	143.80666666666667	143.76666666666668	143.98	144.14	144.38666666666666	144.3	144.06	143.96	143.80666666666667	144.22666666666666	144.31333333333333	144.03333333333333	143.94666666666666	143.94666666666666	143.94666666666666	143.96	143.93333333333334	143.94666666666666	143.9	143.99333333333334	143.94666666666666	143.92666666666668	144.08	143.73333333333332	144.1	144.15333333333334	143.98	144.15333333333334	143.9	143.97333333333333	143.64	144.2	144.20666666666668	144.01333333333332	143.97333333333333	143.9	143.42	143.09333333333333	141.32666666666665	133.96666666666667	0.0
0.0	133.88	140.98	142.55333333333334	143.36666666666667	143.54666666666665	143.40666666666667	143.52666666666667	143.41333333333333	143.68	143.64666666666668	143.62	143.51333333333332	143.65333333333334	143.68666666666667	143.77333333333334	143.78666666666666	143.74	143.54	143.8	143.75333333333333	143.48666666666668	143.72	143.62666666666667	143.66666666666666	143.57333333333332	143.54	143.62666666666667	143.68	143.57333333333332	143.64	143.64666666666668	143.44	143.83333333333334	143.66	143.74666666666667	143.82666666666665	143.82	143.98666666666668	143.78666666666666	143.71333333333334	143.64666666666668	143.72666666666666	143.56	143.62666666666667	143.69333333333333	143.52666666666667	143.72666666666666	143.67333333333335	143.72	143.8	143.76666666666668	143.60666666666665	143.38	143.70666666666668	143.88666666666666	143.70666666666668	143.48666666666668	143.4	143.36666666666667	143.5	143.67333333333335	143.62	143.39333333333335	143.34	143.20666666666668	143.18	143.56	143.14	142.68	140.68	133.80666666666667	0.0
0.0	133.59333333333333	141.08	143.0	143.52666666666667	143.98666666666668	143.80666666666667	144.24	144.08666666666667	144.17333333333335	144.15333333333334	143.85333333333332	144.11333333333334	144.0	144.0	144.36	143.95333333333335	144.02666666666667	144.41333333333333	144.19333333333333	143.98	143.88666666666666	143.90666666666667	144.08	144.17333333333335	144.20666666666668	144.26	144.20666666666668	144.0	144.01333333333332	144.14666666666668	144.06	143.82666666666665	144.12	144.12	143.99333333333334	144.3	143.92666666666668	144.07333333333332	143.94666666666666	144.11333333333334	143.96	144.04	143.87333333333333	144.39333333333335	144.33333333333334	144.31333333333333	144.04	144.01333333333332	144.28	144.17333333333335	144.24666666666667	143.96666666666667	143.99333333333334	144.24666666666667	143.94	143.91333333333333	144.33333333333334	143.90666666666667	144.02	144.01333333333332	144.28	144.06	144.14666666666668	143.95333333333335	144.08666666666667	143.88	143.84666666666666	143.55333333333334	142.94	141.10666666666665	134.06	0.0
0.0	133.84666666666666	141.05333333333334	142.94	143.27333333333334	143.56	143.50666666666666	143.95333333333335	143.62	143.73333333333332	143.88666666666666	143.66666666666666	143.7	143.8	143.87333333333333	143.8	143.74666666666667	143.78	143.60666666666665	143.44	143.76	143.74	143.40666666666667	143.78	143.74666666666667	143.80666666666667	143.70666666666668	143.7	143.48	143.86666666666667	143.78666666666666	143.82666666666665	143.6	143.86666666666667	143.92666666666668	143.74	143.86	143.86666666666667	143.74	143.9	143.76666666666668	143.88666666666666	143.81333333333333	143.66666666666666	143.80666666666667	143.75333333333333	143.77333333333334	143.77333333333334	143.97333333333333	143.78666666666666	143.8	143.82666666666665	143.87333333333333	143.75333333333333	143.84666666666666	143.76	143.98	143.78666666666666	143.53333333333333	143.84666666666666	143.48	143.84666666666666	143.6	143.66	143.90666666666667	143.90666666666667	143.76	143.59333333333333	143.53333333333333	142.78666666666666	141.11333333333334	134.09333333333333	0.0
0.0	133.9	140.99333333333334	142.65333333333334	143.36666666666667	143.31333333333333	143.67333333333335	143.67333333333335	143.65333333333334	143.91333333333333	143.41333333333333	143.64	143.58666666666667	143.60666666666665	143.74	143.67333333333335	143.52	143.65333333333334	143.22666666666666	143.59333333333333	143.68	143.54	143.71333333333334	143.84	143.56	143.72	143.3	143.47333333333333	143.52	143.65333333333334	143.49333333333334	143.78666666666666	143.64	143.67333333333335	143.53333333333333	143.46	143.71333333333334	143.4	143.39333333333335	143.58666666666667	143.74666666666667	143.68	143.54666666666665	143.66	143.69333333333333	143.60666666666665	143.50666666666666	143.62	143.65333333333334	143.62666666666667	143.54	143.51333333333332	143.36	143.56666666666666	143.33333333333334	143.40666666666667	143.58	143.72	143.41333333333333	143.76	143.65333333333334	143.69333333333333	143.63333333333333	143.32	143.60666666666665	143.57333333333332	143.74666666666667	143.47333333333333	143.34666666666666	142.40666666666667	140.81333333333333	133.8	0.0
0.0	134.13333333333333	140.76	142.64	142.92666666666668	143.44666666666666	143.77333333333334	143.48666666666668	143.78	143.71333333333334	143.5	143.38666666666666	143.62	143.20666666666668	143.5	143.68666666666667	143.79333333333332	143.66	143.64	143.62	143.86666666666667	143.50666666666666	143.58	143.62666666666667	143.84666666666666	143.67333333333335	143.60666666666665	143.61333333333334	143.68	143.76666666666668	143.46	143.54	143.68666666666667	143.45333333333335	143.62666666666667	143.4	143.64	143.33333333333334	143.84666666666666	143.57333333333332	143.60666666666665	143.47333333333333	143.79333333333332	143.38	143.48666666666668	143.45333333333335	143.46	143.55333333333334	143.4	143.50666666666666	143.66666666666666	143.48666666666668	143.2	143.56	143.6	143.58	143.43333333333334	143.26	143.52	143.69333333333333	143.53333333333333	143.63333333333333	143.58666666666667	143.54666666666665	143.25333333333333	143.37333333333333	143.40666666666667	143.52	143.21333333333334	142.92	140.9	133.94	0.0
0.0	134.27333333333334	140.97333333333333	142.78	143.48	143.5	143.85333333333332	143.97333333333333	143.69333333333333	143.99333333333334	143.72666666666666	143.52	143.62	143.71333333333334	143.95333333333335	143.76666666666668	143.82	143.69333333333333	143.65333333333334	143.57333333333332	143.48666666666668	143.75333333333333	143.61333333333334	143.68666666666667	143.68	143.98	143.86666666666667	143.80666666666667	143.84	143.96666666666667	143.98	143.92666666666668	143.88	143.90666666666667	143.79333333333332	144.16	143.83333333333334	143.75333333333333	143.64666666666668	143.67333333333335	143.60666666666665	143.65333333333334	143.78666666666666	143.86	143.73333333333332	143.85333333333332	143.83333333333334	143.78666666666666	143.47333333333333	143.56666666666666	143.57333333333332	143.94	143.76	143.75333333333333	143.65333333333334	143.62666666666667	143.86	143.82	143.73333333333332	143.66666666666666	143.43333333333334	143.55333333333334	143.64666666666668	143.62	143.66	143.64	143.65333333333334	143.8	143.36	142.42666666666668	141.06	133.88	0.0
0.0	133.86	140.80666666666667	142.74	143.39333333333335	143.65333333333334	143.62	143.71333333333334	143.84666666666666	143.78	143.72	143.88666666666666	143.36666666666667	143.6	143.62	143.68666666666667	143.76	143.84666666666666	143.94	143.75333333333333	143.74	143.75333333333333	143.83333333333334	143.72	143.76	143.92	143.88666666666666	143.90666666666667	143.60666666666665	144.0	143.78666666666666	143.92666666666668	143.72666666666666	143.7	143.84	143.88	143.69333333333333	143.8	143.78	143.47333333333333	143.62	144.07333333333332	144.03333333333333	143.68	143.79333333333332	143.53333333333333	143.78	143.76666666666668	143.52666666666667	143.78666666666666	144.03333333333333	143.76	143.86	143.71333333333334	143.52	143.98666666666668	143.9	144.11333333333334	143.76	143.60666666666665	143.90666666666667	143.75333333333333	143.76666666666668	143.74	143.82666666666665	143.76666666666668	143.54666666666665	143.44666666666666	143.28666666666666	142.76	140.78	133.84	0.0
0.0	133.85333333333332	141.24	143.02666666666667	143.55333333333334	144.01333333333332	143.59333333333333	143.81333333333333	143.68666666666667	143.93333333333334	144.08	143.80666666666667	143.78	143.46	143.94	143.74	143.87333333333333	143.77333333333334	143.56	143.76666666666668	143.93333333333334	143.94666666666666	143.66	144.0	143.75333333333333	143.76666666666668	143.89333333333335	144.00666666666666	143.73333333333332	143.76	143.99333333333334	143.72666666666666	143.88666666666666	144.06666666666666	143.76666666666668	143.77333333333334	143.96	144.14	143.80666666666667	143.67333333333335	143.70666666666668	143.92	143.68	143.54	143.78666666666666	143.75333333333333	143.86666666666667	144.03333333333333	143.88666666666666	144.08666666666667	143.75333333333333	143.88666666666666	143.77333333333334	144.08666666666667	143.85333333333332	143.82	143.77333333333334	143.9	143.60666666666665	143.67333333333335	144.00666666666666	144.00666666666666	143.6	143.80666666666667	143.92	143.87333333333333	143.84	143.55333333333334	143.61333333333334	142.86	141.0	134.22666666666666	0.0
0.0	133.92	140.78666666666666	142.56666666666666	143.35333333333332	143.20666666666668	143.35333333333332	143.4	143.69333333333333	143.88666666666666	143.92	143.86	143.78	143.41333333333333	143.88666666666666	143.60666666666665	143.45333333333335	143.29333333333332	143.62	143.53333333333333	143.42	143.59333333333333	143.50666666666666	143.65333333333334	143.68666666666667	143.70666666666668	143.55333333333334	143.40666666666667	143.68	143.77333333333334	143.81333333333333	143.61333333333334	143.52	143.32666666666665	143.66666666666666	143.41333333333333	143.52	143.63333333333333	143.54666666666665	143.9	143.58666666666667	143.56	143.44666666666666	143.48666666666668	143.79333333333332	143.48	143.62666666666667	143.55333333333334	143.69333333333333	143.70666666666668	143.78	143.28666666666666	143.51333333333332	143.48	143.54666666666665	143.58666666666667	143.54	143.69333333333333	143.62666666666667	143.68666666666667	143.52	143.38	143.73333333333332	143.62	143.49333333333334	143.6	143.53333333333333	143.43333333333334	143.27333333333334	142.84666666666666	140.94	133.75333333333333	0.0
0.0	133.87333333333333	140.86666666666667	143.03333333333333	143.43333333333334	143.65333333333334	143.68	143.81333333333333	143.85333333333332	143.69333333333333	143.79333333333332	144.07333333333332	144.02	143.38666666666666	143.69333333333333	143.68	143.92666666666668	144.03333333333333	143.68666666666667	143.88	144.17333333333335	143.64666666666668	143.90666666666667	143.78666666666666	143.75333333333333	144.12666666666667	143.97333333333333	143.94666666666666	143.79333333333332	143.85333333333332	143.84	143.94	143.71333333333334	143.92	143.66	143.86666666666667	144.11333333333334	143.76	143.7	144.1	143.94	143.9	143.95333333333335	143.93333333333334	143.96666666666667	143.63333333333333	143.55333333333334	143.63333333333333	143.72	143.85333333333332	144.12	143.61333333333334	143.62666666666667	143.94666666666666	144.06666666666666	143.82666666666665	143.98	143.99333333333334	143.98	144.01333333333332	144.06	143.94	143.60666666666665	143.76666666666668	143.74	143.9	143.54666666666665	143.62	143.56666666666666	142.83333333333334	141.41333333333333	134.21333333333334	0.0
0.0	133.74	141.14	142.99333333333334	143.65333333333334	143.76666666666668	143.71333333333334	143.70666666666668	144.04666666666665	143.90666666666667	143.75333333333333	143.90666666666667	143.82	143.84	144.04	143.9	144.06	143.74	143.62666666666667	143.62666666666667	143.68666666666667	143.96666666666667	143.62666666666667	143.7	143.75333333333333	143.6	143.37333333333333	143.59333333333333	143.7	143.82	143.40666666666667	143.78	143.67333333333335	143.94666666666666	143.86666666666667	143.82666666666665	143.8	143.64	143.80666666666667	143.71333333333334	143.68	143.6	143.77333333333334	143.55333333333334	143.91333333333333	143.52	143.76666666666668	143.81333333333333	143.82666666666665	144.03333333333333	143.66	143.75333333333333	144.08666666666667	143.82	143.96666666666667	143.79333333333332	144.12666666666667	143.91333333333333	143.78666666666666	143.76	143.56	143.81333333333333	143.62	143.62666666666667	143.53333333333333	143.4	143.42666666666668	143.36	143.37333333333333	142.72	141.16	134.12666666666667	0.0
0.0	134.34	141.21333333333334	143.08666666666667	143.55333333333334	143.65333333333334	143.88666666666666	143.84	143.8	143.62	143.78	143.87333333333333	143.92666666666668	144.06	143.8	143.84666666666666	143.83333333333334	143.99333333333334	143.83333333333334	144.13333333333333	143.93333333333334	143.99333333333334	144.04	143.84666666666666	144.04666666666665	144.10666666666665	143.90666666666667	143.75333333333333	144.16	143.84666666666666	143.67333333333335	143.84	144.12	143.78	143.9	143.94666666666666	143.98666666666668	143.97333333333333	143.95333333333335	143.72	143.79333333333332	143.92666666666668	143.94666666666666	143.95333333333335	143.84	144.06	144.03333333333333	143.87333333333333	143.88666666666666	143.84666666666666	144.16	143.86666666666667	143.74	143.79333333333332	143.94666666666666	143.63333333333333	143.96666666666667	143.75333333333333	143.99333333333334	143.84666666666666	143.88	143.78	143.71333333333334	143.75333333333333	143.44666666666666	143.95333333333335	143.88	143.7	143.50666666666666	142.81333333333333	141.06666666666666	133.86666666666667	0.0
0.0	133.79333333333332	140.98	142.87333333333333	143.3	143.59333333333333	143.66	143.55333333333334	143.64666666666668	143.65333333333334	143.66	143.79333333333332	143.95333333333335	143.51333333333332	143.66666666666666	143.58	143.80666666666667	143.45333333333335	143.59333333333333	143.72	143.56	143.52666666666667	144.06	143.83333333333334	143.90666666666667	143.80666666666667	143.60666666666665	143.66666666666666	144.07333333333332	143.78666666666666	143.92	143.79333333333332	143.40666666666667	143.67333333333335	143.54666666666665	143.8	143.7	143.68666666666667	143.62	143.38	143.79333333333332	143.52666666666667	143.69333333333333	143.72	143.52	143.41333333333333	143.67333333333335	143.63333333333333	143.68	143.80666666666667	143.82	143.68666666666667	143.74	143.92666666666668	143.69333333333333	143.51333333333332	143.55333333333334	143.62666666666667	143.64666666666668	143.60666666666665	143.40666666666667	143.49333333333334	143.83333333333334	143.68	143.92666666666668	143.74666666666667	143.76666666666668	143.69333333333333	143.42	142.65333333333334	140.94	133.46	0.0
0.0	133.76666666666668	141.08666666666667	142.88666666666666	143.55333333333334	143.72666666666666	143.94	144.11333333333334	143.78	144.00666666666666	143.9	144.02	143.81333333333333	144.03333333333333	143.93333333333334	143.98	144.02	143.98	143.98666666666668	143.9	144.13333333333333	144.01333333333332	144.05333333333334	143.67333333333335	143.76	143.89333333333335	143.98666666666668	144.21333333333334	143.88666666666666	143.92666666666668	143.78666666666666	144.07333333333332	143.90666666666667	144.0	143.69333333333333	143.87333333333333	143.78666666666666	144.07333333333332	143.94	143.63333333333333	144.0	144.09333333333333	144.12	143.83333333333334	144.04	144.08	144.06666666666666	143.97333333333333	144.05333333333334	143.88	143.94666666666666	143.81333333333333	143.74	143.74666666666667	144.00666666666666	144.0	144.08	143.86666666666667	143.92666666666668	143.98	144.10666666666665	143.87333333333333	143.75333333333333	144.02	144.04	143.77333333333334	143.78	143.88666666666666	143.48666666666668	142.90666666666667	141.08666666666667	134.06666666666666	0.0
0.0	134.19333333333333	141.16	142.78	143.46	143.76666666666668	143.85333333333332	143.63333333333333	143.76	143.93333333333334	143.8	143.98	143.88666666666666	143.74666666666667	143.64	143.92666666666668	143.86	143.86666666666667	143.54	143.74	143.7	143.65333333333334	143.76666666666668	143.7	143.71333333333334	143.58666666666667	144.07333333333332	143.85333333333332	143.72666666666666	143.60666666666665	143.53333333333333	143.63333333333333	143.83333333333334	143.62	144.01333333333332	143.84666666666666	143.84666666666666	143.72	143.62666666666667	143.83333333333334	143.80666666666667	143.67333333333335	143.66	143.66	143.86	144.04	143.84	143.65333333333334	144.2	143.74	143.76	143.69333333333333	143.89333333333335	143.88	143.81333333333333	143.94	143.78666666666666	143.83333333333334	143.7	143.64666666666668	143.53333333333333	143.75333333333333	143.62666666666667	143.75333333333333	143.66	143.45333333333335	143.77333333333334	143.62666666666667	143.49333333333334	142.70666666666668	140.78	133.73333333333332	0.0
0.0	133.87333333333333	141.16666666666666	143.04	143.21333333333334	143.47333333333333	143.78666666666666	143.92666666666668	143.92	143.76	143.93333333333334	143.74666666666667	143.78666666666666	143.94666666666666	143.88666666666666	143.84	143.81333333333333	143.78666666666666	143.96666666666667	143.94	143.79333333333332	143.88	143.82666666666665	143.70666666666668	143.82666666666665	143.72	143.90666666666667	143.74	143.72666666666666	143.78	143.93333333333334	143.67333333333335	143.72	143.94666666666666	143.78666666666666	143.74666666666667	143.72	144.04666666666665	143.62666666666667	143.84666666666666	143.80666666666667	143.78	143.92666666666668	143.86	143.83333333333334	143.72	143.72	143.89333333333335	143.88	143.76	144.18	144.03333333333333	143.87333333333333	143.45333333333335	143.59333333333333	143.77333333333334	143.92666666666668	143.87333333333333	143.88	143.54666666666665	143.86	143.72666666666666	144.04666666666665	143.71333333333334	143.59333333333333	143.95333333333335	143.65333333333334	143.61333333333334	143.19333333333333	143.06	141.14666666666668	133.81333333333333	0.0
0.0	133.64	141.12666666666667	142.75333333333333	143.45333333333335	143.6	143.76666666666668	143.72666666666666	143.92	144.08	143.68666666666667	143.61333333333334	143.82	143.94	143.94	143.72	143.73333333333332	143.80666666666667	143.79333333333332	144.11333333333334	144.10666666666665	144.02	143.78	143.98666666666668	143.99333333333334	143.88	143.86666666666667	143.82666666666665	143.74	143.83333333333334	144.10666666666665	143.84	143.75333333333333	144.1	143.95333333333335	143.82666666666665	144.04666666666665	144.10666666666665	144.15333333333334	143.84666666666666	143.87333333333333	143.87333333333333	144.03333333333333	143.94666666666666	144.01333333333332	144.05333333333334	144.15333333333334	143.87333333333333	143.82	144.08666666666667	143.99333333333334	143.94	143.77333333333334	143.78666666666666	143.94666666666666	143.75333333333333	143.76	143.79333333333332	143.92	143.8	143.84	143.56	143.86	143.61333333333334	143.72666666666666	143.85333333333332	143.6	143.74	143.31333333333333	143.1	141.23333333333332	133.69333333333333	0.0
0.0	134.02	141.39333333333335	143.20666666666668	143.71333333333334	143.56	143.88	143.73333333333332	143.94	143.83333333333334	143.66	143.81333333333333	144.06	144.16	143.98	144.12666666666667	143.86666666666667	144.1	143.88	144.3	143.88666666666666	143.72666666666666	143.94	143.90666666666667	144.14	143.84	144.00666666666666	143.89333333333335	144.04666666666665	144.13333333333333	144.07333333333332	143.98	143.88666666666666	144.11333333333334	143.95333333333335	144.14666666666668	143.98666666666668	143.67333333333335	143.93333333333334	143.98	143.88	144.00666666666666	143.92666666666668	144.08	144.04	144.03333333333333	144.14666666666668	144.12	143.98666666666668	144.18666666666667	144.02	143.86666666666667	143.87333333333333	143.96	143.63333333333333	143.80666666666667	144.00666666666666	143.92666666666668	143.91333333333333	144.16	143.89333333333335	143.92	143.83333333333334	143.80666666666667	143.69333333333333	144.0	143.78666666666666	143.56	143.71333333333334	143.0	141.21333333333334	134.22666666666666	0.0
0.0	133.82666666666665	140.55333333333334	142.74	143.40666666666667	143.38	143.56666666666666	143.54666666666665	143.68666666666667	143.60666666666665	143.48666666666668	143.46666666666667	143.31333333333333	143.58	143.61333333333334	143.38	143.39333333333335	143.63333333333333	143.57333333333332	143.62666666666667	143.39333333333335	143.83333333333334	143.58666666666667	143.61333333333334	143.52	143.38666666666666	143.35333333333332	143.77333333333334	143.78666666666666	143.29333333333332	143.82	143.75333333333333	143.70666666666668	143.51333333333332	143.6	143.86	143.86666666666667	143.77333333333334	143.6	143.60666666666665	143.64	143.8	143.58	143.39333333333335	143.65333333333334	143.61333333333334	143.90666666666667	143.68666666666667	143.75333333333333	143.76	143.87333333333333	143.74	143.70666666666668	143.77333333333334	143.68666666666667	143.82666666666665	143.72666666666666	143.82666666666665	143.74666666666667	143.46	143.48666666666668	143.51333333333332	143.53333333333333	143.43333333333334	143.69333333333333	143.67333333333335	143.62	143.53333333333333	143.45333333333335	142.58	141.10666666666665	133.86666666666667	0.0
0.0	133.98	140.86666666666667	142.53333333333333	143.30666666666667	143.67333333333335	143.80666666666667	143.74	143.61333333333334	143.58666666666667	143.67333333333335	143.66	143.68	143.72666666666666	143.70666666666668	143.56	143.67333333333335	143.7	143.62666666666667	143.92	143.62	143.58	143.94	143.56	143.61333333333334	143.68666666666667	143.72666666666666	143.55333333333334	143.69333333333333	143.50666666666666	143.45333333333335	143.73333333333332	143.80666666666667	143.85333333333332	143.6	143.76666666666668	143.52666666666667	143.77333333333334	143.8	143.88	143.88666666666666	143.92666666666668	143.77333333333334	143.83333333333334	143.56666666666666	143.78666666666666	143.83333333333334	143.72	143.75333333333333	143.46	143.89333333333335	143.92666666666668	143.72666666666666	143.98666666666668	143.62666666666667	143.63333333333333	143.68	143.59333333333333	143.46	143.75333333333333	143.9	143.47333333333333	143.63333333333333	143.74	143.59333333333333	143.28	143.70666666666668	143.54	143.40666666666667	142.74666666666667	141.06666666666666	133.68	0.0
0.0	133.74	140.82	142.36	143.00666666666666	143.56	143.66	143.40666666666667	143.77333333333334	143.63333333333333	143.87333333333333	143.83333333333334	143.52666666666667	143.76	143.66	143.72	143.52	143.46	143.62666666666667	143.98666666666668	143.58666666666667	143.74666666666667	143.66	143.69333333333333	143.68666666666667	143.71333333333334	143.58	143.94666666666666	143.7	143.73333333333332	143.62	143.76666666666668	143.61333333333334	143.59333333333333	143.83333333333334	144.08	143.51333333333332	143.88666666666666	143.93333333333334	143.98	143.63333333333333	143.61333333333334	143.75333333333333	144.04	143.80666666666667	143.70666666666668	143.54	143.85333333333332	143.58666666666667	143.83333333333334	143.6	143.54	143.55333333333334	143.62	143.93333333333334	143.7	143.58666666666667	143.55333333333334	143.73333333333332	143.58666666666667	143.68	143.77333333333334	143.92	143.81333333333333	143.72	143.80666666666667	143.25333333333333	143.73333333333332	143.49333333333334	142.92666666666668	140.77333333333334	134.09333333333333	0.0
0.0	133.79333333333332	140.77333333333334	142.95333333333335	143.34666666666666	143.95333333333335	143.72	143.91333333333333	144.06	143.96	143.87333333333333	144.01333333333332	143.75333333333333	143.86	143.88	143.88666666666666	143.99333333333334	143.94	143.88666666666666	143.95333333333335	144.02666666666667	144.38	144.24666666666667	144.08666666666667	143.96666666666667	143.96	144.03333333333333	144.0	143.84	143.81333333333333	144.00666666666666	143.9	143.99333333333334	144.17333333333335	143.90666666666667	143.84666666666666	143.75333333333333	143.88	143.72666666666666	143.87333333333333	143.88	144.07333333333332	143.75333333333333	143.94	143.82666666666665	143.93333333333334	143.78666666666666	144.3	144.08	143.86	143.8	144.08	143.96666666666667	144.17333333333335	143.82	143.89333333333335	143.88	143.9	144.03333333333333	144.29333333333332	144.25333333333333	143.94666666666666	144.06666666666666	143.94666666666666	144.07333333333332	143.76666666666668	143.9	143.52666666666667	143.30666666666667	142.99333333333334	141.20666666666668	133.94666666666666	0.0
0.0	134.0	141.24	142.93333333333334	143.56	143.64666666666668	143.81333333333333	144.0	143.83333333333334	143.90666666666667	143.79333333333332	143.83333333333334	143.94	143.78	143.74666666666667	143.72666666666666	143.94	144.01333333333332	144.02	143.95333333333335	143.82	143.88	143.8	143.67333333333335	143.82666666666665	143.7	143.72666666666666	143.73333333333332	143.72666666666666	143.83333333333334	143.78666666666666	143.88	144.11333333333334	143.7	143.49333333333334	143.8	143.76	143.79333333333332	143.82666666666665	144.18666666666667	144.16	143.74666666666667	143.87333333333333	143.94666666666666	143.88	143.92	143.79333333333332	143.78	143.94666666666666	143.84	143.9	144.16	144.16	143.65333333333334	144.03333333333333	143.68	143.74	143.84	143.98666666666668	143.81333333333333	143.64666666666668	143.86	143.86666666666667	143.76666666666668	143.88666666666666	144.16	143.75333333333333	143.67333333333335	143.32666666666665	142.84666666666666	140.94666666666666	134.19333333333333	0.0
0.0	134.07333333333332	140.93333333333334	142.62	143.09333333333333	143.38	143.44666666666666	143.39333333333335	143.5	143.44666666666666	143.62	143.38666666666666	143.34	143.6	143.61333333333334	143.38666666666666	143.7	143.42666666666668	143.37333333333333	143.34	143.38	143.50666666666666	143.43333333333334	143.52	143.52	143.62666666666667	143.62	143.5	143.79333333333332	143.49333333333334	143.43333333333334	143.66	143.68666666666667	143.5	143.74	143.58666666666667	143.95333333333335	143.68666666666667	143.8	143.47333333333333	143.64666666666668	143.48666666666668	143.59333333333333	143.66	143.81333333333333	143.54	143.62666666666667	143.54666666666665	143.24	143.45333333333335	143.63333333333333	143.38666666666666	143.61333333333334	143.57333333333332	143.44	143.14666666666668	143.48	143.67333333333335	143.68	143.38	143.44666666666666	143.46	143.58666666666667	143.72666666666666	143.60666666666665	143.34	143.28666666666666	143.37333333333333	143.41333333333333	142.88666666666666	140.92	133.65333333333334	0.0
0.0	134.1	140.91333333333333	142.69333333333333	143.05333333333334	143.44666666666666	143.31333333333333	143.40666666666667	143.64666666666668	143.60666666666665	143.44666666666666	143.33333333333334	143.58666666666667	143.46	143.48666666666668	143.46666666666667	143.61333333333334	143.54	143.44666666666666	143.53333333333333	143.55333333333334	143.39333333333335	143.35333333333332	143.68666666666667	143.68	143.7	143.65333333333334	143.69333333333333	143.83333333333334	143.60666666666665	143.49333333333334	143.58	143.68666666666667	143.63333333333333	143.44	143.55333333333334	143.46	143.46	143.64666666666668	143.68	143.46666666666667	143.59333333333333	143.66	143.56	143.26666666666668	143.47333333333333	143.36666666666667	143.59333333333333	143.64666666666668	143.48	143.57333333333332	143.48666666666668	143.38	143.5	143.62666666666667	143.54	143.71333333333334	143.67333333333335	143.62	143.5	143.7	143.84666666666666	143.54666666666665	143.64	143.43333333333334	143.52666666666667	143.50666666666666	143.55333333333334	143.3	142.46	140.96	133.5	0.0
0.0	133.97333333333333	141.24	142.70666666666668	143.37333333333333	143.92	143.94	143.78666666666666	144.06	143.78	143.85333333333332	144.14	143.91333333333333	143.93333333333334	143.66666666666666	143.82666666666665	144.11333333333334	143.81333333333333	143.72	143.63333333333333	143.92	144.02666666666667	143.71333333333334	143.72	143.76666666666668	143.82666666666665	143.93333333333334	143.78	143.75333333333333	143.7	143.74666666666667	143.72666666666666	143.94666666666666	144.12666666666667	143.78666666666666	143.80666666666667	143.69333333333333	143.94666666666666	143.85333333333332	143.71333333333334	143.68666666666667	143.84666666666666	143.64	143.97333333333333	143.7	143.94	144.03333333333333	144.02	144.04	143.88	143.93333333333334	143.68666666666667	143.85333333333332	143.81333333333333	143.88	143.76666666666668	143.76	143.56666666666666	143.74666666666667	143.70666666666668	143.96	143.85333333333332	143.84666666666666	143.78666666666666	143.77333333333334	143.61333333333334	143.82666666666665	143.58	143.46	142.66	141.26666666666668	134.08	0.0
0.0	133.94666666666666	140.89333333333335	142.88	143.22666666666666	143.7	143.85333333333332	143.80666666666667	143.99333333333334	143.65333333333334	143.48666666666668	143.56	143.69333333333333	143.72	143.44	143.48	143.9	143.65333333333334	143.34666666666666	143.65333333333334	143.97333333333333	143.80666666666667	143.68	143.72	143.83333333333334	143.78666666666666	143.74666666666667	143.8	143.9	143.64666666666668	143.88666666666666	143.79333333333332	143.56	143.86666666666667	143.8	143.81333333333333	143.67333333333335	143.76666666666668	143.51333333333332	143.54	143.60666666666665	143.68	143.75333333333333	143.63333333333333	143.36	143.56666666666666	143.45333333333335	143.63333333333333	143.73333333333332	143.60666666666665	143.56	143.62	143.64666666666668	143.72666666666666	143.75333333333333	143.9	143.43333333333334	143.51333333333332	143.56	143.61333333333334	143.76	143.82	143.93333333333334	143.74666666666667	143.53333333333333	143.66666666666666	143.56666666666666	143.45333333333335	143.26	142.48	141.08666666666667	133.7	0.0
0.0	133.7	140.7	142.35333333333332	143.17333333333335	143.60666666666665	143.54666666666665	143.62	143.54	143.7	143.32	143.48666666666668	143.42666666666668	143.62	143.41333333333333	143.52666666666667	143.67333333333335	143.83333333333334	143.38666666666666	143.59333333333333	143.51333333333332	143.83333333333334	143.63333333333333	143.61333333333334	143.38	143.6	143.69333333333333	143.68666666666667	143.57333333333332	143.65333333333334	143.31333333333333	143.41333333333333	143.67333333333335	143.77333333333334	143.5	143.45333333333335	143.38	143.66	143.70666666666668	143.74666666666667	143.5	143.61333333333334	143.59333333333333	143.70666666666668	143.74	143.72666666666666	143.70666666666668	143.50666666666666	143.62666666666667	143.40666666666667	143.52	143.73333333333332	143.58666666666667	143.6	143.26	143.47333333333333	143.54666666666665	143.66	143.52	143.64666666666668	143.76	143.86666666666667	143.88	143.65333333333334	143.68666666666667	143.57333333333332	143.53333333333333	143.51333333333332	143.22	142.5	140.81333333333333	134.2	0.0
0.0	134.22	141.05333333333334	142.88	143.38666666666666	143.68666666666667	143.74666666666667	143.90666666666667	144.0	143.89333333333335	143.72	143.89333333333335	143.76666666666668	143.92	143.72666666666666	143.89333333333335	143.85333333333332	143.60666666666665	143.61333333333334	143.7	143.73333333333332	143.36	143.77333333333334	143.78666666666666	143.83333333333334	143.79333333333332	143.66	143.82	143.84	143.62666666666667	143.81333333333333	143.83333333333334	143.64	143.94	144.0	143.85333333333332	143.44	143.68666666666667	143.74	143.70666666666668	144.12666666666667	143.92666666666668	143.54666666666665	143.71333333333334	143.4	143.77333333333334	143.62666666666667	143.76666666666668	143.55333333333334	143.67333333333335	143.73333333333332	143.65333333333334	143.50666666666666	143.69333333333333	143.74	143.77333333333334	143.8	143.8	143.59333333333333	143.44	143.56666666666666	143.46666666666667	143.5	143.53333333333333	143.44666666666666	143.64666666666668	143.70666666666668	143.32666666666665	143.43333333333334	142.67333333333335	140.98	133.78	0.0
0.0	134.15333333333334	141.19333333333333	143.16	143.48666666666668	143.70666666666668	143.9	143.98	144.02666666666667	143.99333333333334	143.66666666666666	143.84666666666666	143.77333333333334	143.75333333333333	143.86666666666667	143.68666666666667	143.71333333333334	143.82	143.76	143.97333333333333	143.97333333333333	143.96666666666667	143.78	143.8	144.06666666666666	143.84	143.82666666666665	143.97333333333333	143.8	143.64666666666668	143.84	144.02	143.74	143.94666666666666	143.97333333333333	144.13333333333333	144.04	144.16666666666666	144.00666666666666	144.18	143.83333333333334	144.15333333333334	143.90666666666667	143.69333333333333	143.73333333333332	144.06	143.98	144.02	143.78	143.72	143.95333333333335	143.8	143.65333333333334	143.63333333333333	144.09333333333333	144.03333333333333	143.87333333333333	144.12666666666667	143.99333333333334	144.16	144.00666666666666	143.96666666666667	143.86	143.88	143.8	143.98666666666668	143.71333333333334	143.68	143.49333333333334	142.68	141.18666666666667	134.02666666666667	0.0
0.0	134.23333333333332	140.99333333333334	142.82666666666665	143.47333333333333	143.56666666666666	143.72	143.87333333333333	143.82	143.87333333333333	143.71333333333334	143.61333333333334	143.66666666666666	143.78	143.70666666666668	143.8	143.66	143.98	143.80666666666667	144.01333333333332	143.92666666666668	143.91333333333333	143.93333333333334	143.82	143.71333333333334	143.85333333333332	143.5	143.66666666666666	143.90666666666667	143.70666666666668	143.76666666666668	143.77333333333334	143.80666666666667	143.86666666666667	143.89333333333335	143.60666666666665	143.88	143.6	143.68	143.87333333333333	143.97333333333333	144.02	144.03333333333333	143.83333333333334	143.80666666666667	143.80666666666667	143.56666666666666	143.56666666666666	143.82666666666665	143.98	144.0	143.83333333333334	143.74	143.69333333333333	143.7	143.89333333333335	143.78	143.63333333333333	143.74	143.77333333333334	143.92666666666668	143.89333333333335	143.74	143.71333333333334	144.02	144.06	143.62	143.84	143.34	143.01333333333332	141.22	134.28	0.0
0.0	133.96	141.25333333333333	142.92666666666668	143.42666666666668	143.62	143.62666666666667	143.9	143.89333333333335	143.89333333333335	144.15333333333334	143.77333333333334	143.72	143.82	143.66	143.94666666666666	143.55333333333334	143.82666666666665	143.7	143.66	143.86666666666667	143.88666666666666	143.62666666666667	143.97333333333333	143.84666666666666	143.66666666666666	143.65333333333334	143.65333333333334	143.53333333333333	143.79333333333332	144.12	143.66666666666666	143.8	143.43333333333334	143.91333333333333	143.63333333333333	143.74	143.88666666666666	143.85333333333332	143.65333333333334	143.73333333333332	143.60666666666665	143.73333333333332	143.82666666666665	143.99333333333334	143.75333333333333	143.7	143.76666666666668	143.66	143.86666666666667	143.63333333333333	143.70666666666668	143.83333333333334	143.72	143.98666666666668	143.70666666666668	143.90666666666667	143.70666666666668	143.84666666666666	143.86666666666667	143.82	143.94	143.87333333333333	143.71333333333334	143.97333333333333	143.8	143.83333333333334	143.77333333333334	143.39333333333335	142.57333333333332	140.94666666666666	133.95333333333335	0.0
0.0	133.99333333333334	141.06	142.94666666666666	143.63333333333333	143.7	143.7	144.04666666666665	143.84	143.96666666666667	143.53333333333333	144.0	144.3	144.04	143.99333333333334	144.08	144.18666666666667	144.37333333333333	144.14666666666668	143.94666666666666	144.14	144.25333333333333	143.96666666666667	144.10666666666665	143.94	144.07333333333332	144.14666666666668	144.14666666666668	143.92666666666668	143.97333333333333	144.02	143.84	144.3	144.02666666666667	144.24666666666667	143.98	144.0	144.02666666666667	144.02666666666667	143.92666666666668	143.98666666666668	143.97333333333333	143.80666666666667	144.37333333333333	144.21333333333334	143.98	144.17333333333335	143.93333333333334	144.2	143.94	144.28	143.91333333333333	143.98	144.08666666666667	143.87333333333333	144.14666666666668	143.97333333333333	143.97333333333333	143.91333333333333	143.99333333333334	143.72	143.66	143.89333333333335	143.88	143.95333333333335	144.06	144.04666666666665	143.90666666666667	143.7	142.89333333333335	141.00666666666666	133.82	0.0
0.0	133.72	140.86	142.76	143.42666666666668	143.76666666666668	143.84	143.80666666666667	143.96	143.90666666666667	144.06666666666666	143.67333333333335	143.81333333333333	143.68	143.84666666666666	143.73333333333332	143.98666666666668	143.70666666666668	144.01333333333332	143.86666666666667	143.67333333333335	143.92	143.91333333333333	143.88	143.84	143.71333333333334	143.78	143.87333333333333	143.76	143.68666666666667	143.82666666666665	143.75333333333333	143.89333333333335	143.55333333333334	143.8	143.86	143.64	143.94	143.48	143.74	143.66	143.79333333333332	143.65333333333334	143.70666666666668	143.95333333333335	143.8	143.69333333333333	143.76666666666668	143.55333333333334	143.6	143.71333333333334	143.71333333333334	143.78	143.84	143.83333333333334	143.70666666666668	143.78	143.66666666666666	143.86	143.59333333333333	143.78666666666666	143.92666666666668	143.78	143.87333333333333	143.85333333333332	143.76666666666668	143.75333333333333	143.58	143.32666666666665	142.68	140.95333333333335	133.87333333333333	0.0
0.0	133.96	141.31333333333333	142.77333333333334	143.64	143.51333333333332	143.62666666666667	143.47333333333333	144.06666666666666	143.83333333333334	143.80666666666667	143.92	144.04666666666665	143.89333333333335	143.96666666666667	143.93333333333334	143.69333333333333	143.68666666666667	143.72	143.55333333333334	143.74666666666667	143.77333333333334	143.72666666666666	144.09333333333333	143.85333333333332	143.80666666666667	143.95333333333335	143.94666666666666	143.88	143.76666666666668	143.84666666666666	144.02666666666667	143.95333333333335	144.02	143.69333333333333	143.97333333333333	143.73333333333332	143.76666666666668	143.98666666666668	143.84666666666666	143.45333333333335	143.68	143.55333333333334	143.73333333333332	143.46666666666667	143.75333333333333	143.79333333333332	143.66666666666666	144.04666666666665	143.94666666666666	143.94	143.62666666666667	143.92	143.61333333333334	143.83333333333334	143.82666666666665	143.66666666666666	143.67333333333335	143.68	143.82	143.98	143.86666666666667	143.54	143.88666666666666	143.76	143.70666666666668	143.74	143.54666666666665	143.50666666666666	143.02	140.96666666666667	134.14666666666668	0.0
0.0	133.83333333333334	140.85333333333332	142.94666666666666	143.66666666666666	143.62	143.66	143.92666666666668	143.95333333333335	143.95333333333335	143.93333333333334	143.92666666666668	143.6	143.98666666666668	143.71333333333334	143.92	143.96	144.08666666666667	144.06666666666666	144.08666666666667	143.82666666666665	143.95333333333335	143.89333333333335	143.97333333333333	143.85333333333332	143.93333333333334	143.86666666666667	143.77333333333334	143.66666666666666	143.82666666666665	144.0	143.72	143.79333333333332	144.06666666666666	143.77333333333334	143.8	143.72666666666666	143.8	143.79333333333332	143.87333333333333	143.84	143.90666666666667	143.81333333333333	143.72	143.93333333333334	143.94666666666666	144.14	143.93333333333334	143.73333333333332	144.02	144.12666666666667	144.04	143.89333333333335	143.93333333333334	143.62666666666667	144.04666666666665	143.74	143.90666666666667	143.80666666666667	143.78666666666666	143.87333333333333	143.98666666666668	143.73333333333332	143.86666666666667	143.62666666666667	143.94666666666666	143.76	143.65333333333334	143.49333333333334	142.90666666666667	141.21333333333334	133.61333333333334	0.0
0.0	134.06	140.96666666666667	142.72	143.31333333333333	143.49333333333334	143.42666666666668	143.55333333333334	143.62	143.71333333333334	143.55333333333334	143.51333333333332	143.56666666666666	143.39333333333335	143.43333333333334	143.52	143.50666666666666	143.66	143.46666666666667	143.67333333333335	143.67333333333335	143.57333333333332	143.78	143.66666666666666	143.52666666666667	143.47333333333333	143.56666666666666	143.45333333333335	143.15333333333334	143.57333333333332	143.46666666666667	143.63333333333333	143.70666666666668	143.48	143.53333333333333	143.45333333333335	143.8	143.51333333333332	143.37333333333333	143.66666666666666	143.59333333333333	143.6	143.74666666666667	143.57333333333332	143.6	143.4	143.64666666666668	143.64666666666668	143.5	143.74666666666667	143.6	143.45333333333335	143.47333333333333	143.54666666666665	143.69333333333333	143.79333333333332	143.45333333333335	143.52	143.35333333333332	143.8	143.56666666666666	143.29333333333332	143.66	143.77333333333334	143.38666666666666	143.46	143.39333333333335	143.65333333333334	143.24	142.79333333333332	140.84666666666666	134.0	0.0
0.0	134.24	141.12	142.96666666666667	143.47333333333333	143.98666666666668	144.04666666666665	143.57333333333332	143.72	143.82666666666665	144.01333333333332	143.99333333333334	143.72	143.85333333333332	143.84	143.73333333333332	144.09333333333333	144.16	143.92	143.99333333333334	144.09333333333333	143.92	143.88666666666666	143.72666666666666	143.95333333333335	143.78	143.78666666666666	144.07333333333332	143.94666666666666	143.86666666666667	143.8	143.66666666666666	143.60666666666665	143.85333333333332	143.95333333333335	143.89333333333335	143.87333333333333	143.84666666666666	143.64666666666668	143.93333333333334	143.81333333333333	144.2	143.91333333333333	144.06666666666666	144.0	143.84666666666666	143.72	143.54666666666665	143.54666666666665	143.68666666666667	143.76666666666668	143.86666666666667	143.90666666666667	143.74	143.93333333333334	143.63333333333333	144.0	143.84	143.93333333333334	143.58666666666667	144.06	143.92666666666668	144.15333333333334	143.98	143.8	143.76	143.76666666666668	143.71333333333334	143.56666666666666	142.86	141.04	134.06	0.0
0.0	134.09333333333333	140.64	142.92666666666668	143.40666666666667	143.44666666666666	143.64	143.78666666666666	143.50666666666666	143.98666666666668	143.78666666666666	143.78	143.86666666666667	143.70666666666668	143.95333333333335	143.65333333333334	143.78666666666666	144.14666666666668	144.07333333333332	143.58	143.74	143.8	143.70666666666668	143.74666666666667	143.64	143.87333333333333	143.85333333333332	143.68666666666667	143.78666666666666	143.56	143.96	143.68	143.56666666666666	143.72	143.88	143.68666666666667	143.61333333333334	143.64	143.83333333333334	143.54	143.83333333333334	143.63333333333333	143.55333333333334	143.54666666666665	143.58	143.63333333333333	143.8	144.15333333333334	143.78	143.87333333333333	143.94666666666666	143.67333333333335	143.8	143.8	143.94	143.69333333333333	143.56	143.91333333333333	143.92666666666668	143.54	143.70666666666668	143.80666666666667	143.92666666666668	143.76666666666668	144.00666666666666	143.88	143.78666666666666	143.76	143.36	142.64	141.14	133.71333333333334	0.0
0.0	133.57333333333332	141.23333333333332	143.11333333333334	143.48	143.93333333333334	143.88666666666666	144.04	143.87333333333333	143.97333333333333	143.74666666666667	144.1	143.79333333333332	143.87333333333333	144.14666666666668	144.13333333333333	143.98	143.94666666666666	144.04666666666665	144.08666666666667	144.01333333333332	143.92666666666668	144.11333333333334	144.28666666666666	144.1	144.11333333333334	143.88666666666666	144.11333333333334	143.94666666666666	144.05333333333334	143.94	143.94	144.16666666666666	144.00666666666666	144.14666666666668	143.83333333333334	144.26	144.01333333333332	144.15333333333334	144.08	143.9	143.97333333333333	144.12666666666667	143.78666666666666	143.65333333333334	143.76	144.14	144.00666666666666	143.87333333333333	143.85333333333332	143.96666666666667	143.96666666666667	143.99333333333334	143.88	144.12	144.14666666666668	144.00666666666666	143.74	143.84666666666666	144.14	144.10666666666665	143.98666666666668	143.92	144.15333333333334	143.88666666666666	143.8	143.73333333333332	143.63333333333333	143.56	143.14	141.19333333333333	133.90666666666667	0.0
0.0	133.68666666666667	140.92666666666668	142.74666666666667	143.12	143.32	143.38666666666666	143.54	143.48	143.54666666666665	143.45333333333335	143.48666666666668	143.3	143.57333333333332	143.50666666666666	143.44	143.38	143.65333333333334	143.53333333333333	143.38	143.40666666666667	143.43333333333334	143.57333333333332	143.5	143.76666666666668	143.42	143.64	143.80666666666667	143.7	143.41333333333333	143.60666666666665	143.62666666666667	143.56	143.58	143.54666666666665	143.50666666666666	143.65333333333334	143.56666666666666	143.55333333333334	143.37333333333333	143.66666666666666	143.48	143.39333333333335	143.8	143.67333333333335	143.22	143.72	143.78	143.61333333333334	143.47333333333333	143.57333333333332	143.54666666666665	143.54666666666665	143.52666666666667	143.68666666666667	143.56	143.75333333333333	143.76	143.61333333333334	143.58	143.45333333333335	143.82	143.82666666666665	143.60666666666665	143.78666666666666	143.44666666666666	143.52	143.34666666666666	142.84	142.63333333333333	140.88	134.02	0.0
0.0	133.51333333333332	140.43333333333334	142.46	143.44666666666666	143.56666666666666	143.92666666666668	143.39333333333335	143.61333333333334	143.66	143.64	143.54	143.47333333333333	143.52666666666667	143.58666666666667	143.18	143.58666666666667	143.73333333333332	143.6	143.59333333333333	143.41333333333333	143.38	143.62	143.51333333333332	143.64	143.77333333333334	143.53333333333333	143.76666666666668	143.66	143.57333333333332	143.7	143.38666666666666	143.49333333333334	143.48	143.56	143.38666666666666	143.32666666666665	143.42666666666668	143.55333333333334	143.78666666666666	143.67333333333335	143.48	143.66666666666666	143.47333333333333	143.66	143.66666666666666	143.62666666666667	143.58	143.66	143.64666666666668	143.36666666666667	143.58666666666667	143.57333333333332	143.68666666666667	143.63333333333333	143.48	143.41333333333333	143.47333333333333	143.45333333333335	143.39333333333335	143.78666666666666	143.54	143.39333333333335	143.5	143.85333333333332	143.54666666666665	144.0	143.51333333333332	143.34666666666666	142.38666666666666	140.66	133.72666666666666	0.0
0.0	133.6	140.72666666666666	142.7	143.15333333333334	143.45333333333335	143.59333333333333	143.62	143.82666666666665	143.68	143.76	143.78	143.8	143.83333333333334	143.75333333333333	143.90666666666667	143.64	143.49333333333334	143.58	143.68	143.78666666666666	144.02	144.00666666666666	143.70666666666668	143.68	143.74666666666667	143.92	143.82	143.94666666666666	144.08666666666667	143.84	143.70666666666668	144.09333333333333	143.92666666666668	143.49333333333334	143.78666666666666	143.58	143.79333333333332	143.6	143.82666666666665	143.63333333333333	143.78	143.86	143.83333333333334	143.89333333333335	143.62	143.76	143.76666666666668	143.64666666666668	143.86	143.56666666666666	143.65333333333334	143.74666666666667	143.82666666666665	143.62	143.86666666666667	143.55333333333334	143.72666666666666	143.74	143.79333333333332	143.74666666666667	143.6	143.89333333333335	143.74	143.72666666666666	143.56666666666666	143.6	143.57333333333332	143.09333333333333	142.63333333333333	140.79333333333332	133.7	0.0
0.0	134.25333333333333	140.98	142.53333333333333	142.74	143.16	143.16666666666666	143.32	143.40666666666667	143.74	143.8	143.46	143.68	143.58	143.60666666666665	143.64	143.40666666666667	143.54	143.41333333333333	143.49333333333334	143.38666666666666	143.43333333333334	143.58666666666667	143.50666666666666	143.40666666666667	143.31333333333333	143.66	143.56666666666666	143.34	143.47333333333333	143.36	143.56666666666666	143.31333333333333	143.43333333333334	143.42666666666668	143.46	143.32	143.52666666666667	143.34666666666666	143.48666666666668	143.59333333333333	143.42666666666668	143.6	143.57333333333332	143.74666666666667	143.44666666666666	143.5	143.47333333333333	143.3	143.30666666666667	143.58	143.52	143.58	143.43333333333334	143.66	143.51333333333332	143.67333333333335	143.43333333333334	143.34	143.54	143.38	143.44	143.26666666666668	143.34	143.46666666666667	143.42	143.42666666666668	143.51333333333332	143.00666666666666	142.82	140.75333333333333	134.14	0.0
0.0	133.83333333333334	140.99333333333334	142.68666666666667	143.28	143.52666666666667	143.54666666666665	143.76	143.52666666666667	143.9	143.68666666666667	143.66	143.8	143.8	143.6	143.93333333333334	143.76666666666668	143.58666666666667	143.32	143.82666666666665	143.81333333333333	143.71333333333334	143.70666666666668	143.64	143.72666666666666	143.73333333333332	143.98666666666668	144.05333333333334	143.98	143.95333333333335	143.75333333333333	143.72	143.84	143.68666666666667	143.78666666666666	143.9	143.92	143.66666666666666	143.93333333333334	143.93333333333334	143.77333333333334	143.59333333333333	143.68	143.62666666666667	143.74666666666667	143.84	143.86	143.75333333333333	143.92666666666668	143.66	143.84	143.76	143.67333333333335	143.53333333333333	143.62	143.69333333333333	143.74	143.88	143.74666666666667	143.72	143.68	143.97333333333333	143.8	143.62666666666667	143.9	143.61333333333334	143.53333333333333	143.33333333333334	143.22	142.8	141.08	133.67333333333335	0.0
0.0	133.9	140.98	142.99333333333334	143.42666666666668	143.50666666666666	143.52666666666667	143.72666666666666	143.71333333333334	143.78	143.67333333333335	143.68	143.72	143.75333333333333	144.03333333333333	143.66666666666666	143.58	143.58	143.77333333333334	143.82666666666665	143.96	143.9	143.72666666666666	143.7	143.65333333333334	143.85333333333332	143.58	143.87333333333333	143.71333333333334	143.78666666666666	143.74	143.58	144.04	143.86666666666667	143.62	143.66666666666666	143.75333333333333	143.8	143.6	143.66666666666666	143.70666666666668	143.93333333333334	143.82666666666665	143.66	143.91333333333333	143.68666666666667	143.77333333333334	143.45333333333335	143.80666666666667	143.66	143.74	143.61333333333334	143.58666666666667	144.04666666666665	143.53333333333333	143.57333333333332	143.71333333333334	143.89333333333335	143.97333333333333	143.76	143.43333333333334	143.81333333333333	143.90666666666667	143.63333333333333	143.55333333333334	143.74666666666667	143.63333333333333	143.46666666666667	143.2	142.55333333333334	140.89333333333335	133.84	0.0
0.0	133.82666666666665	141.00666666666666	142.87333333333333	143.47333333333333	143.69333333333333	143.76666666666668	143.8	143.75333333333333	143.84	143.82	143.67333333333335	143.85333333333332	143.72666666666666	143.64666666666668	143.74666666666667	143.79333333333332	144.08	143.94	143.84	143.99333333333334	143.97333333333333	143.88666666666666	143.72666666666666	143.69333333333333	143.71333333333334	143.6	143.80666666666667	143.98	143.97333333333333	143.88	143.86	144.11333333333334	144.00666666666666	144.06666666666666	144.06666666666666	143.90666666666667	143.72	143.93333333333334	143.94	144.10666666666665	144.28666666666666	144.13333333333333	143.69333333333333	143.88666666666666	143.58666666666667	143.6	143.84666666666666	143.81333333333333	143.81333333333333	143.72666666666666	143.74	143.75333333333333	144.04	143.68	144.04	143.92	143.94	143.80666666666667	143.68	143.89333333333335	143.68666666666667	143.90666666666667	144.00666666666666	143.88666666666666	143.92666666666668	143.58	143.30666666666667	143.37333333333333	143.0	141.23333333333332	134.10666666666665	0.0
0.0	133.86	141.12	142.91333333333333	143.76	143.48	143.82666666666665	143.80666666666667	143.65333333333334	143.65333333333334	143.95333333333335	143.96	143.91333333333333	143.92666666666668	143.98666666666668	144.08666666666667	143.76666666666668	143.9	143.87333333333333	143.8	143.9	144.0	144.05333333333334	143.98666666666668	143.93333333333334	143.74	143.78	144.06	143.8	143.88666666666666	143.92	144.07333333333332	143.9	143.68666666666667	143.98666666666668	144.12	143.78	143.76666666666668	143.91333333333333	143.87333333333333	144.04666666666665	143.69333333333333	144.04	143.98	143.86666666666667	143.9	143.71333333333334	143.80666666666667	144.06666666666666	144.16666666666666	144.02	144.06	144.11333333333334	143.94	143.87333333333333	143.9	144.06	144.09333333333333	143.98	143.67333333333335	143.89333333333335	144.00666666666666	144.14666666666668	144.18	143.70666666666668	143.83333333333334	143.93333333333334	143.98	143.46	142.7	141.24	134.13333333333333	0.0
0.0	134.02666666666667	141.01333333333332	142.97333333333333	143.61333333333334	143.62	143.8	144.04666666666665	144.09333333333333	143.96666666666667	144.09333333333333	144.24	143.7	144.04666666666665	143.59333333333333	143.84666666666666	143.9	143.78666666666666	143.87333333333333	143.78666666666666	143.76	143.99333333333334	144.01333333333332	143.96666666666667	143.77333333333334	143.70666666666668	143.89333333333335	143.94	143.92666666666668	143.94666666666666	143.58	143.80666666666667	143.92666666666668	143.86	143.96666666666667	143.73333333333332	143.64666666666668	143.86666666666667	143.85333333333332	143.59333333333333	143.68	144.12666666666667	144.02666666666667	144.08	144.24	143.81333333333333	144.02666666666667	143.95333333333335	143.62666666666667	144.00666666666666	143.90666666666667	143.91333333333333	143.62	144.05333333333334	143.88666666666666	143.86666666666667	143.88666666666666	144.09333333333333	143.98666666666668	143.94666666666666	143.83333333333334	143.88	143.80666666666667	143.83333333333334	144.10666666666665	143.96	144.06666666666666	143.60666666666665	143.40666666666667	142.90666666666667	140.94	134.15333333333334	0.0
0.0	133.94	140.88	142.54666666666665	143.06	143.42	143.43333333333334	143.80666666666667	143.83333333333334	143.52	143.90666666666667	143.50666666666666	143.60666666666665	143.60666666666665	143.69333333333333	144.02	143.65333333333334	143.58666666666667	143.7	143.62666666666667	143.46	143.79333333333332	143.78666666666666	143.53333333333333	143.40666666666667	143.70666666666668	143.60666666666665	143.56	143.78666666666666	143.68666666666667	143.73333333333332	143.67333333333335	143.65333333333334	143.71333333333334	143.74	143.60666666666665	143.74666666666667	143.75333333333333	143.89333333333335	143.85333333333332	143.73333333333332	143.7	143.55333333333334	143.59333333333333	143.68	143.67333333333335	143.55333333333334	143.84	143.60666666666665	143.77333333333334	143.74666666666667	143.74666666666667	143.74	143.60666666666665	143.62	143.66	143.64	143.58666666666667	143.65333333333334	143.92666666666668	143.81333333333333	143.84666666666666	143.58	143.36666666666667	143.56666666666666	143.88	143.86666666666667	143.68	143.44	142.88666666666666	141.00666666666666	133.98666666666668	0.0
0.0	133.87333333333333	140.88666666666666	142.4	143.54	143.82666666666665	143.58666666666667	143.79333333333332	143.72666666666666	143.76	143.73333333333332	143.88	143.82	143.60666666666665	143.93333333333334	143.72666666666666	143.56666666666666	143.62	143.51333333333332	143.80666666666667	143.82	143.60666666666665	143.55333333333334	143.84	143.61333333333334	143.65333333333334	143.70666666666668	143.81333333333333	143.86666666666667	143.56	143.46	143.65333333333334	143.67333333333335	143.83333333333334	143.74666666666667	143.44	143.60666666666665	143.54666666666665	143.41333333333333	143.62	143.76666666666668	143.62666666666667	143.66	143.90666666666667	143.58	143.76	143.75333333333333	143.53333333333333	143.67333333333335	143.73333333333332	143.64	143.71333333333334	143.93333333333334	143.66	143.46666666666667	143.44	143.72666666666666	143.37333333333333	143.84666666666666	143.64666666666668	143.92	143.62	143.56	143.46666666666667	143.74666666666667	143.62666666666667	143.60666666666665	143.54666666666665	143.26666666666668	142.48666666666668	140.98	134.18666666666667	0.0
0.0	134.1	140.80666666666667	142.69333333333333	143.32	143.22666666666666	143.24666666666667	143.37333333333333	143.50666666666666	143.64	143.40666666666667	143.52	143.31333333333333	143.66	143.70666666666668	143.42	143.62	143.78	143.58	143.67333333333335	143.53333333333333	143.55333333333334	143.74666666666667	143.74666666666667	144.02666666666667	143.82666666666665	143.54	143.81333333333333	143.65333333333334	143.41333333333333	143.69333333333333	143.63333333333333	143.40666666666667	143.64	143.69333333333333	143.86	143.42	143.57333333333332	143.72	143.59333333333333	143.7	143.78	143.74	143.74666666666667	143.69333333333333	143.89333333333335	143.61333333333334	143.54666666666665	143.79333333333332	143.52666666666667	143.76	143.47333333333333	143.49333333333334	143.50666666666666	143.37333333333333	143.53333333333333	143.92	143.51333333333332	143.65333333333334	143.69333333333333	143.8	143.89333333333335	143.48	143.54	143.80666666666667	143.61333333333334	143.37333333333333	143.39333333333335	143.16666666666666	142.84666666666666	140.88	133.72666666666666	0.0
0.0	134.08	140.82666666666665	142.6	143.15333333333334	143.48666666666668	143.22666666666666	143.49333333333334	143.75333333333333	143.64666666666668	143.82666666666665	143.55333333333334	143.8	143.66666666666666	143.68666666666667	143.68	143.62666666666667	143.82666666666665	143.74666666666667	143.58666666666667	143.26	143.86666666666667	143.68	143.56666666666666	143.78666666666666	143.96666666666667	143.61333333333334	144.04	143.38666666666666	143.76	143.62666666666667	143.52666666666667	143.60666666666665	143.78666666666666	143.64666666666668	143.61333333333334	143.57333333333332	143.74	143.71333333333334	143.76	143.71333333333334	143.62666666666667	143.4	143.46	143.73333333333332	143.48666666666668	143.75333333333333	143.68666666666667	143.68666666666667	143.75333333333333	143.44	143.96	143.65333333333334	143.86666666666667	143.69333333333333	143.54	143.62	143.67333333333335	143.7	143.60666666666665	143.68666666666667	143.70666666666668	143.64	143.59333333333333	143.5	143.49333333333334	143.49333333333334	143.56666666666666	143.22666666666666	142.82666666666665	141.12	133.89333333333335	0.0
0.0	133.96666666666667	141.06666666666666	142.76666666666668	143.32	143.54666666666665	143.36	143.63333333333333	143.3	143.51333333333332	143.63333333333333	143.64666666666668	143.50666666666666	143.64	143.52	143.33333333333334	143.50666666666666	143.47333333333333	143.42666666666668	143.38	143.55333333333334	143.51333333333332	143.43333333333334	143.41333333333333	143.4	143.6	143.46666666666667	143.51333333333332	143.8	143.53333333333333	143.62	143.46666666666667	143.16	143.61333333333334	143.46	143.48	143.52	143.78	143.42666666666668	143.30666666666667	143.32	143.66666666666666	143.50666666666666	143.36	143.47333333333333	143.62	143.46	143.65333333333334	143.73333333333332	143.47333333333333	143.33333333333334	143.60666666666665	143.65333333333334	143.40666666666667	143.70666666666668	143.57333333333332	143.3	143.68666666666667	143.48	143.65333333333334	143.65333333333334	143.6	143.91333333333333	143.63333333333333	143.60666666666665	143.8	143.44666666666666	143.46666666666667	143.27333333333334	142.62	140.86666666666667	134.13333333333333	0.0
0.0	134.10666666666665	141.18	142.76666666666668	143.58	144.08666666666667	144.06	143.71333333333334	144.17333333333335	144.02666666666667	143.88666666666666	143.95333333333335	144.19333333333333	144.18	143.94	143.83333333333334	143.92666666666668	144.02	144.12666666666667	143.66666666666666	143.72666666666666	143.6	143.90666666666667	143.94	143.76	144.10666666666665	144.10666666666665	144.15333333333334	143.76666666666668	143.92666666666668	143.86	144.02	143.92666666666668	143.92666666666668	144.08	143.74	144.02	143.97333333333333	143.87333333333333	143.76666666666668	143.71333333333334	144.00666666666666	143.88	143.79333333333332	143.87333333333333	144.02666666666667	144.16	144.14	143.74666666666667	144.02	144.07333333333332	143.81333333333333	144.04666666666665	144.03333333333333	143.96666666666667	143.84666666666666	144.0	143.73333333333332	143.98666666666668	143.68666666666667	144.06	144.04666666666665	143.96	143.94666666666666	143.96666666666667	143.84	143.92	143.86666666666667	143.47333333333333	143.0	141.07333333333332	134.06666666666666	0.0
0.0	133.46	140.61333333333334	142.46666666666667	143.29333333333332	143.51333333333332	143.61333333333334	143.66666666666666	143.37333333333333	143.44666666666666	143.39333333333335	143.6	143.38666666666666	143.48	143.48666666666668	143.52666666666667	143.63333333333333	143.52	143.39333333333335	143.77333333333334	143.57333333333332	143.6	143.74666666666667	143.44666666666666	143.52666666666667	143.64	143.81333333333333	143.64	143.4	143.56	143.68	143.58666666666667	143.60666666666665	143.6	143.78	143.30666666666667	143.34666666666666	143.72	143.50666666666666	143.7	143.67333333333335	143.61333333333334	143.44	143.43333333333334	143.42	143.66666666666666	143.58666666666667	143.60666666666665	143.53333333333333	143.44666666666666	143.85333333333332	143.36	143.6	143.58666666666667	143.49333333333334	143.61333333333334	143.36	143.22	143.51333333333332	143.45333333333335	143.55333333333334	143.86666666666667	143.7	143.59333333333333	143.62666666666667	143.53333333333333	143.56	143.56666666666666	143.18	142.56	140.89333333333335	133.98	0.0
0.0	134.0	141.62666666666667	143.35333333333332	143.72666666666666	144.12666666666667	144.28	144.09333333333333	144.20666666666668	144.06666666666666	144.07333333333332	144.17333333333335	144.34	144.36666666666667	144.09333333333333	144.27333333333334	144.26	143.94	144.22666666666666	144.01333333333332	143.97333333333333	144.13333333333333	144.48	144.31333333333333	143.92666666666668	144.2	144.08666666666667	144.24666666666667	144.22666666666666	144.35333333333332	144.42	144.28	144.46666666666667	144.25333333333333	144.14	144.25333333333333	144.48666666666668	144.18	144.1	144.05333333333334	144.2	143.83333333333334	143.99333333333334	144.17333333333335	144.06	144.16666666666666	143.78	143.96	144.10666666666665	144.35333333333332	144.2	143.96	144.20666666666668	144.40666666666667	144.26666666666668	144.19333333333333	144.47333333333333	144.12	144.39333333333335	144.19333333333333	144.10666666666665	144.10666666666665	144.05333333333334	143.96	144.07333333333332	144.07333333333332	144.09333333333333	144.25333333333333	144.14	143.38666666666666	141.36666666666667	133.90666666666667	0.0
0.0	133.99333333333334	140.86	142.72	143.34666666666666	143.42666666666668	143.84666666666666	143.58666666666667	143.34666666666666	143.65333333333334	143.45333333333335	143.74666666666667	143.8	143.7	143.70666666666668	143.88666666666666	143.64666666666668	143.84666666666666	143.88	143.66	143.70666666666668	143.50666666666666	143.50666666666666	143.61333333333334	143.71333333333334	143.58666666666667	143.72	143.5	143.49333333333334	143.66	143.60666666666665	143.51333333333332	143.47333333333333	143.76	143.86	143.98666666666668	143.9	143.57333333333332	143.71333333333334	143.52	143.5	143.52666666666667	143.59333333333333	143.82666666666665	143.84	143.52666666666667	143.76	143.87333333333333	144.02666666666667	143.86666666666667	143.61333333333334	143.33333333333334	143.87333333333333	143.74	143.66	143.89333333333335	144.0	144.08	143.72	143.54666666666665	143.69333333333333	143.68666666666667	143.55333333333334	143.79333333333332	143.5	143.26666666666668	143.46	143.70666666666668	143.52666666666667	142.84666666666666	141.02666666666667	133.96666666666667	0.0
0.0	134.09333333333333	141.13333333333333	142.97333333333333	143.36666666666667	143.72	143.69333333333333	143.58666666666667	143.94666666666666	143.98666666666668	144.19333333333333	144.09333333333333	144.04666666666665	143.81333333333333	144.02	144.0	143.88	143.75333333333333	143.88666666666666	144.22	143.94	143.81333333333333	143.78666666666666	143.7	143.79333333333332	144.07333333333332	143.93333333333334	144.06666666666666	144.02	143.79333333333332	143.90666666666667	144.18666666666667	143.91333333333333	144.05333333333334	143.72666666666666	143.83333333333334	143.65333333333334	143.89333333333335	143.90666666666667	144.35333333333332	144.16	143.98	144.14666666666668	144.29333333333332	144.0	143.78	143.96	143.8	143.97333333333333	143.96666666666667	143.81333333333333	144.05333333333334	144.02666666666667	144.02666666666667	143.94666666666666	144.06	143.97333333333333	143.93333333333334	144.12666666666667	143.94	144.04	143.79333333333332	143.98666666666668	144.19333333333333	144.25333333333333	144.14666666666668	143.62	143.78	143.60666666666665	143.2	140.91333333333333	134.18666666666667	0.0
0.0	133.55333333333334	140.81333333333333	142.6	143.28666666666666	143.42	143.65333333333334	143.77333333333334	143.76	143.84666666666666	143.87333333333333	143.6	143.78666666666666	143.9	143.80666666666667	143.81333333333333	143.66	143.98666666666668	143.8	143.95333333333335	143.59333333333333	143.92666666666668	144.02	144.16666666666666	143.86666666666667	143.86666666666667	143.67333333333335	143.88	143.96666666666667	143.9	143.75333333333333	143.95333333333335	143.82	143.75333333333333	143.80666666666667	143.98	143.46666666666667	143.98666666666668	143.76	143.85333333333332	143.76	143.93333333333334	143.75333333333333	143.75333333333333	143.78666666666666	143.47333333333333	143.67333333333335	143.96	143.91333333333333	143.4	143.75333333333333	143.82	143.80666666666667	143.6	143.88666666666666	143.86	143.86666666666667	144.18666666666667	144.14666666666668	143.99333333333334	143.94	143.9	143.57333333333332	143.46666666666667	143.81333333333333	143.48666666666668	143.92666666666668	143.85333333333332	143.57333333333332	142.78	140.94	134.13333333333333	0.0
0.0	133.86	141.10666666666665	143.0	143.52	143.66666666666666	143.92666666666668	143.80666666666667	143.93333333333334	144.05333333333334	144.05333333333334	143.86666666666667	143.9	143.89333333333335	144.02	143.94	144.01333333333332	143.84	143.98666666666668	143.81333333333333	144.06666666666666	143.7	144.03333333333333	143.78	143.94666666666666	143.92666666666668	144.02666666666667	143.98	143.98666666666668	143.85333333333332	144.01333333333332	144.10666666666665	143.77333333333334	143.95333333333335	143.82	143.84	144.06	143.67333333333335	144.01333333333332	143.78	143.96	143.76666666666668	144.14666666666668	143.9	143.95333333333335	143.88666666666666	143.96666666666667	144.08	143.98	143.89333333333335	143.92666666666668	143.88666666666666	143.88	143.92666666666668	143.78666666666666	143.89333333333335	143.92666666666668	144.0	143.80666666666667	143.67333333333335	143.8	143.89333333333335	144.0	144.25333333333333	144.10666666666665	144.2	143.95333333333335	143.81333333333333	143.70666666666668	142.99333333333334	141.06666666666666	134.02666666666667	0.0
0.0	133.82666666666665	140.65333333333334	142.7	143.45333333333335	143.61333333333334	143.54666666666665	143.72666666666666	143.66666666666666	143.63333333333333	143.63333333333333	143.83333333333334	143.8	143.66666666666666	143.79333333333332	143.72	143.82	143.83333333333334	143.64	143.71333333333334	143.62	143.72	143.81333333333333	143.58666666666667	143.75333333333333	143.86666666666667	143.70666666666668	143.60666666666665	143.84	143.78666666666666	143.73333333333332	143.66666666666666	143.72	143.99333333333334	143.99333333333334	143.76666666666668	143.8	143.76666666666668	143.60666666666665	143.71333333333334	144.06	143.81333333333333	143.85333333333332	143.70666666666668	143.76666666666668	143.67333333333335	143.56	143.54666666666665	143.7	143.72	143.41333333333333	143.65333333333334	143.89333333333335	143.86	143.97333333333333	144.01333333333332	143.83333333333334	143.83333333333334	143.83333333333334	143.74666666666667	143.36666666666667	143.81333333333333	144.00666666666666	143.72666666666666	143.56	143.70666666666668	143.4	143.83333333333334	143.53333333333333	142.70666666666668	140.83333333333334	133.72	0.0
0.0	133.67333333333335	140.86666666666667	142.82666666666665	143.29333333333332	143.46666666666667	143.66	143.7	143.56666666666666	143.66	143.70666666666668	143.4	143.56	143.56	143.68666666666667	143.48	143.48666666666668	143.62666666666667	143.82666666666665	143.62	143.46	143.60666666666665	143.54666666666665	143.44	143.53333333333333	143.8	143.65333333333334	143.62	143.66666666666666	143.95333333333335	143.54	143.59333333333333	143.5	143.64666666666668	143.56666666666666	143.50666666666666	143.75333333333333	143.7	143.56	143.49333333333334	143.80666666666667	143.59333333333333	143.51333333333332	143.68666666666667	143.59333333333333	143.64666666666668	143.69333333333333	143.72666666666666	143.68	143.62	143.62	143.46	143.46	143.75333333333333	143.77333333333334	143.96	143.68	143.34	143.55333333333334	143.84	143.50666666666666	143.56666666666666	144.02	143.43333333333334	143.69333333333333	143.7	143.53333333333333	143.41333333333333	143.32	142.5	140.8	134.18666666666667	0.0
0.0	134.0	141.11333333333334	142.82666666666665	143.59333333333333	143.83333333333334	143.81333333333333	143.91333333333333	143.88666666666666	144.05333333333334	143.86	144.01333333333332	143.98	143.78	143.79333333333332	143.82666666666665	144.10666666666665	143.67333333333335	143.90666666666667	144.0	143.83333333333334	144.03333333333333	143.77333333333334	144.04	144.28	144.10666666666665	143.84666666666666	143.87333333333333	143.97333333333333	144.45333333333335	144.15333333333334	143.9	143.84	144.08	143.78666666666666	144.12	144.0	144.12	144.15333333333334	144.02666666666667	143.94666666666666	143.69333333333333	143.71333333333334	144.06666666666666	144.11333333333334	143.86	143.88	143.72	143.71333333333334	143.92666666666668	143.61333333333334	143.83333333333334	143.90666666666667	143.83333333333334	143.92	143.88666666666666	143.86	143.94	143.58	143.78666666666666	143.92	143.87333333333333	144.12	143.76666666666668	143.93333333333334	143.76666666666668	144.03333333333333	143.83333333333334	143.56666666666666	142.66666666666666	140.96666666666667	133.79333333333332	0.0
0.0	133.91333333333333	140.98666666666668	142.84666666666666	143.48666666666668	143.70666666666668	143.74	143.82666666666665	143.88666666666666	143.76	143.86666666666667	143.52	143.58	143.98	143.70666666666668	143.84666666666666	144.05333333333334	143.88	143.84	143.49333333333334	143.81333333333333	143.76	143.68	143.80666666666667	143.63333333333333	143.83333333333334	143.59333333333333	143.76666666666668	143.70666666666668	143.83333333333334	143.62	144.00666666666666	143.81333333333333	143.72666666666666	144.00666666666666	143.83333333333334	143.78	143.76	143.76	143.68666666666667	143.6	143.87333333333333	143.60666666666665	143.89333333333335	143.73333333333332	143.56666666666666	143.61333333333334	143.93333333333334	143.56666666666666	143.62	143.93333333333334	143.94666666666666	143.76666666666668	143.72	143.67333333333335	143.74666666666667	143.93333333333334	143.92	143.93333333333334	143.73333333333332	143.96666666666667	143.48	143.56666666666666	143.79333333333332	143.9	143.76	143.62666666666667	143.66	143.52	142.82	140.81333333333333	133.75333333333333	0.0
0.0	133.79333333333332	140.78666666666666	142.36666666666667	143.53333333333333	143.54	143.53333333333333	143.49333333333334	143.45333333333335	143.60666666666665	143.58	143.38666666666666	143.68	143.82666666666665	143.96	143.95333333333335	143.82	143.56	143.58666666666667	143.71333333333334	143.55333333333334	143.47333333333333	143.57333333333332	143.87333333333333	143.79333333333332	143.63333333333333	143.60666666666665	143.51333333333332	143.58	143.52666666666667	143.55333333333334	143.96666666666667	143.78666666666666	143.9	143.58	143.52666666666667	143.39333333333335	143.67333333333335	143.63333333333333	143.92	143.85333333333332	143.44	143.60666666666665	143.90666666666667	143.53333333333333	143.67333333333335	143.75333333333333	143.55333333333334	143.62666666666667	143.78666666666666	143.58666666666667	143.61333333333334	143.61333333333334	143.74666666666667	143.53333333333333	143.52666666666667	143.27333333333334	143.62666666666667	143.61333333333334	143.6	143.67333333333335	143.73333333333332	143.62	143.44666666666666	143.51333333333332	143.54	143.60666666666665	143.26	143.29333333333332	142.65333333333334	140.56	133.55333333333334	0.0
0.0	134.06666666666666	141.18	143.02	143.43333333333334	143.94666666666666	143.71333333333334	143.96666666666667	143.76666666666668	143.78666666666666	143.8	143.83333333333334	143.94	143.68666666666667	144.11333333333334	143.96	143.89333333333335	143.82	144.16666666666666	143.80666666666667	143.68	143.48666666666668	143.86	143.78	143.86666666666667	143.78	143.43333333333334	143.72666666666666	143.72	143.80666666666667	143.92	143.8	143.94	144.1	143.83333333333334	143.92666666666668	143.92	143.99333333333334	143.82	143.6	143.67333333333335	143.88666666666666	143.54666666666665	143.66	143.83333333333334	144.00666666666666	143.95333333333335	143.72	143.97333333333333	143.93333333333334	143.69333333333333	143.90666666666667	143.7	143.86666666666667	144.13333333333333	143.8	143.77333333333334	144.05333333333334	143.89333333333335	143.72666666666666	143.8	143.82666666666665	143.80666666666667	144.04	143.82666666666665	143.92666666666668	143.68666666666667	143.56	143.5	142.74666666666667	141.31333333333333	134.33333333333334	0.0
0.0	133.46	140.66	142.72666666666666	143.52	144.04666666666665	143.76666666666668	143.85333333333332	143.78	144.14666666666668	144.15333333333334	144.14	143.86	143.94666666666666	143.68666666666667	143.82666666666665	144.08	143.89333333333335	143.89333333333335	143.78666666666666	143.84666666666666	144.12	143.94666666666666	143.91333333333333	143.85333333333332	143.94666666666666	143.9	143.98	143.96	143.67333333333335	143.59333333333333	143.82	143.91333333333333	143.88666666666666	143.91333333333333	144.06666666666666	143.79333333333332	143.68	143.54	143.72666666666666	143.8	143.51333333333332	143.82666666666665	143.9	143.73333333333332	144.04666666666665	143.95333333333335	143.88	143.76666666666668	143.96666666666667	143.94666666666666	143.92666666666668	143.7	143.78666666666666	144.02	143.8	143.92	144.33333333333334	144.08	144.35333333333332	143.94	144.09333333333333	143.96666666666667	143.88	143.73333333333332	143.97333333333333	143.95333333333335	143.75333333333333	143.4	142.90666666666667	140.96666666666667	133.74666666666667	0.0
0.0	133.78	141.15333333333334	142.78666666666666	143.12666666666667	143.55333333333334	143.75333333333333	143.72	143.47333333333333	143.58	143.58666666666667	143.86	143.49333333333334	143.62	143.92666666666668	143.84	143.90666666666667	143.88666666666666	143.68666666666667	143.74666666666667	143.88	143.53333333333333	143.65333333333334	143.85333333333332	143.81333333333333	143.78	143.59333333333333	143.78666666666666	143.68666666666667	143.79333333333332	143.94666666666666	143.67333333333335	143.71333333333334	143.80666666666667	143.48	143.3	143.56	143.66	143.93333333333334	143.80666666666667	143.90666666666667	143.84	143.44	143.55333333333334	143.68	143.57333333333332	143.47333333333333	143.38	143.65333333333334	143.73333333333332	143.66666666666666	143.63333333333333	144.08	143.44666666666666	143.42	143.63333333333333	143.71333333333334	143.62	143.8	143.54	143.58666666666667	143.6	143.65333333333334	143.62	143.54	143.52	143.8	143.46	143.17333333333335	142.82666666666665	141.06	134.16	0.0
0.0	134.27333333333334	141.15333333333334	142.86666666666667	143.65333333333334	143.67333333333335	143.86666666666667	143.98666666666668	143.76666666666668	143.75333333333333	143.91333333333333	144.16666666666666	144.07333333333332	143.74	143.64666666666668	143.72	143.74666666666667	143.84	144.04666666666665	143.90666666666667	143.88666666666666	143.88666666666666	143.86	143.82	143.87333333333333	143.75333333333333	144.07333333333332	143.94	143.95333333333335	144.11333333333334	144.10666666666665	144.01333333333332	143.96	143.82666666666665	143.83333333333334	143.75333333333333	144.02	143.60666666666665	143.81333333333333	143.79333333333332	143.91333333333333	143.78	144.13333333333333	143.99333333333334	143.81333333333333	143.90666666666667	143.81333333333333	143.83333333333334	143.70666666666668	143.79333333333332	143.88666666666666	143.94666666666666	143.88	143.96	143.80666666666667	143.94666666666666	144.00666666666666	144.04	143.9	143.87333333333333	144.02666666666667	143.93333333333334	144.03333333333333	144.00666666666666	143.91333333333333	144.13333333333333	143.78	143.71333333333334	143.61333333333334	142.78	141.3	134.23333333333332	0.0
0.0	134.12666666666667	141.01333333333332	142.9	143.56	143.68666666666667	143.79333333333332	143.79333333333332	143.82666666666665	144.25333333333333	144.0	143.72	143.8	144.0	143.79333333333332	143.97333333333333	143.76	143.79333333333332	143.84666666666666	143.77333333333334	143.86	143.9	143.86666666666667	143.99333333333334	143.72	143.56	143.75333333333333	143.84	143.72	143.73333333333332	143.62	143.86	143.87333333333333	143.58	143.76	143.95333333333335	143.82666666666665	143.88	144.02666666666667	143.78	143.9	143.89333333333335	143.77333333333334	144.08	143.74	143.76666666666668	143.75333333333333	143.52666666666667	143.76666666666668	143.71333333333334	144.11333333333334	143.83333333333334	143.77333333333334	144.13333333333333	143.80666666666667	144.04	144.06666666666666	143.80666666666667	143.73333333333332	143.93333333333334	143.9	143.72666666666666	143.76666666666668	143.77333333333334	143.86666666666667	143.72666666666666	143.85333333333332	143.75333333333333	143.52666666666667	143.17333333333335	141.26	134.02666666666667	0.0
0.0	134.08666666666667	141.21333333333334	143.2	143.51333333333332	143.81333333333333	144.28	144.25333333333333	143.97333333333333	144.02	143.91333333333333	144.07333333333332	144.17333333333335	144.02	143.95333333333335	144.10666666666665	144.20666666666668	144.03333333333333	143.97333333333333	144.13333333333333	143.86	144.06666666666666	144.25333333333333	144.14666666666668	144.12	144.03333333333333	143.93333333333334	144.08	144.12666666666667	144.09333333333333	143.84666666666666	144.09333333333333	144.15333333333334	144.04	144.03333333333333	143.97333333333333	143.90666666666667	143.96	144.03333333333333	144.04666666666665	144.00666666666666	144.25333333333333	144.18	144.13333333333333	144.06666666666666	144.05333333333334	144.06	143.82	144.12	143.94666666666666	144.07333333333332	144.01333333333332	144.14	144.18666666666667	143.92	144.08666666666667	144.28666666666666	144.15333333333334	144.33333333333334	143.86666666666667	144.10666666666665	144.04666666666665	143.94	144.08	144.13333333333333	143.89333333333335	144.04	144.08	143.84	143.11333333333334	141.06666666666666	133.82666666666665	0.0
0.0	133.69333333333333	140.96	143.06666666666666	143.7	143.87333333333333	143.75333333333333	144.2	143.64	144.0	143.84	143.88	143.89333333333335	143.96	143.54666666666665	143.82	143.97333333333333	144.22	144.01333333333332	144.2	144.02	143.72666666666666	144.15333333333334	144.00666666666666	143.99333333333334	144.03333333333333	143.85333333333332	143.8	144.08666666666667	144.00666666666666	144.09333333333333	143.93333333333334	143.98666666666668	143.86	143.98666666666668	143.88666666666666	143.8	143.65333333333334	144.00666666666666	143.76	143.94666666666666	143.84	143.94	143.81333333333333	143.96666666666667	144.32666666666665	144.22666666666666	144.12666666666667	143.92666666666668	143.81333333333333	143.97333333333333	143.90666666666667	143.89333333333335	143.84666666666666	143.66666666666666	143.89333333333335	143.82666666666665	143.84	143.79333333333332	143.74	143.79333333333332	143.76	143.96666666666667	143.66	143.92	143.95333333333335	143.92666666666668	143.77333333333334	143.53333333333333	143.15333333333334	141.0	134.02666666666667	0.0
0.0	133.71333333333334	140.84	142.65333333333334	143.40666666666667	143.18666666666667	143.73333333333332	143.44666666666666	143.52666666666667	143.78666666666666	143.52	143.51333333333332	143.74	143.55333333333334	143.69333333333333	143.97333333333333	143.64	143.52666666666667	143.5	143.53333333333333	143.60666666666665	143.7	143.64	143.72666666666666	143.54	143.7	143.46	143.60666666666665	143.63333333333333	143.77333333333334	143.63333333333333	143.65333333333334	143.66666666666666	143.67333333333335	143.54	143.63333333333333	143.60666666666665	143.74	143.65333333333334	143.68	143.64666666666668	143.66	143.33333333333334	143.54	143.70666666666668	143.64	143.53333333333333	143.44666666666666	143.77333333333334	143.74666666666667	143.76666666666668	143.68	143.44666666666666	143.60666666666665	143.68	143.58666666666667	143.66666666666666	143.89333333333335	143.6	143.53333333333333	143.74666666666667	143.42666666666668	143.67333333333335	143.52	143.78	143.69333333333333	143.5	143.18666666666667	143.18	142.68666666666667	140.63333333333333	133.68	0.0
0.0	134.12666666666667	141.1	142.73333333333332	143.36	143.48666666666668	143.90666666666667	143.97333333333333	143.94666666666666	143.74666666666667	143.94666666666666	143.78666666666666	143.38666666666666	143.8	143.83333333333334	143.58666666666667	143.64	143.7	143.79333333333332	143.69333333333333	143.65333333333334	143.68666666666667	143.38	143.68	143.36	143.64	143.58	143.75333333333333	143.85333333333332	143.83333333333334	143.82	143.80666666666667	143.59333333333333	143.73333333333332	143.82	143.90666666666667	143.9	143.55333333333334	143.71333333333334	143.78	143.57333333333332	143.92666666666668	143.9	143.77333333333334	143.67333333333335	143.56666666666666	143.75333333333333	143.72	143.52	143.65333333333334	143.88666666666666	143.93333333333334	144.05333333333334	143.74666666666667	143.7	143.41333333333333	143.65333333333334	143.62	143.73333333333332	143.49333333333334	143.62666666666667	143.66666666666666	143.64	143.79333333333332	143.81333333333333	143.86	143.55333333333334	143.80666666666667	143.25333333333333	142.72666666666666	141.1	134.01333333333332	0.0
0.0	134.28	141.06	142.87333333333333	143.03333333333333	143.38	143.62666666666667	143.78	143.76666666666668	143.48666666666668	143.38666666666666	143.56666666666666	143.78	143.87333333333333	143.94666666666666	143.94666666666666	143.86666666666667	143.98666666666668	143.66	143.92	143.79333333333332	144.12666666666667	143.83333333333334	143.73333333333332	143.86666666666667	143.86666666666667	144.00666666666666	143.9	144.01333333333332	143.80666666666667	143.82	143.82	143.75333333333333	143.76666666666668	143.65333333333334	143.99333333333334	143.92	143.84666666666666	144.09333333333333	143.87333333333333	143.82	143.68	143.95333333333335	143.74666666666667	143.94	143.81333333333333	143.86666666666667	144.07333333333332	143.96666666666667	143.81333333333333	143.86	143.69333333333333	144.17333333333335	143.85333333333332	143.87333333333333	143.79333333333332	143.88666666666666	143.98666666666668	143.50666666666666	143.85333333333332	143.76	143.71333333333334	143.9	143.72666666666666	143.6	143.83333333333334	143.51333333333332	143.73333333333332	143.34	142.77333333333334	141.25333333333333	134.21333333333334	0.0
0.0	134.02666666666667	141.02	142.86	143.36666666666667	143.34666666666666	143.85333333333332	143.73333333333332	143.69333333333333	143.51333333333332	143.75333333333333	143.72	143.7	143.76	143.64666666666668	143.77333333333334	143.51333333333332	143.67333333333335	143.6	143.89333333333335	143.78666666666666	143.63333333333333	143.64	143.62	143.63333333333333	143.74666666666667	143.63333333333333	143.73333333333332	143.72	143.48666666666668	143.79333333333332	143.27333333333334	143.56666666666666	143.52	143.59333333333333	143.56	143.82	143.99333333333334	143.69333333333333	143.60666666666665	143.69333333333333	143.78	143.62666666666667	143.79333333333332	143.54	143.93333333333334	143.58	143.72666666666666	143.76666666666668	143.69333333333333	143.7	143.74	143.44	143.39333333333335	143.52666666666667	143.54666666666665	143.7	143.81333333333333	143.48	143.46666666666667	143.82666666666665	143.83333333333334	143.69333333333333	143.70666666666668	143.48666666666668	143.69333333333333	143.53333333333333	143.82	143.1	142.7	140.73333333333332	133.86666666666667	0.0
0.0	134.26666666666668	140.94	142.92	143.43333333333334	143.49333333333334	143.90666666666667	144.08	143.82666666666665	143.63333333333333	143.54666666666665	144.0	143.92	143.56666666666666	143.63333333333333	144.03333333333333	144.11333333333334	143.92	143.72666666666666	143.93333333333334	143.71333333333334	143.78666666666666	143.88666666666666	143.9	143.75333333333333	143.94	143.8	143.83333333333334	143.91333333333333	143.78666666666666	143.79333333333332	143.70666666666668	143.81333333333333	143.75333333333333	143.90666666666667	143.64	143.95333333333335	143.77333333333334	143.60666666666665	143.87333333333333	144.03333333333333	143.76	143.54666666666665	143.76666666666668	143.88	144.02	143.94	143.82666666666665	143.91333333333333	143.74666666666667	144.05333333333334	143.86666666666667	144.0	144.2	143.74666666666667	143.94	143.93333333333334	143.8	143.66	143.85333333333332	143.76666666666668	143.75333333333333	143.69333333333333	143.8	143.78	143.82666666666665	143.70666666666668	143.54666666666665	143.51333333333332	142.84666666666666	140.98666666666668	133.8	0.0
0.0	133.58	140.90666666666667	142.32	143.16666666666666	143.45333333333335	143.66	143.52	143.56	143.64666666666668	143.81333333333333	143.73333333333332	143.54	143.53333333333333	143.78	143.54666666666665	143.29333333333332	143.25333333333333	143.62	143.68	143.58666666666667	143.96	143.68666666666667	143.68666666666667	143.89333333333335	143.71333333333334	143.43333333333334	143.72	143.35333333333332	143.54666666666665	143.64666666666668	143.72	143.47333333333333	143.68	143.6	143.75333333333333	143.88	143.59333333333333	143.53333333333333	143.63333333333333	143.31333333333333	143.32	143.52	143.61333333333334	143.8	143.98	143.86	143.8	143.72	143.42	143.48666666666668	143.54666666666665	143.56666666666666	143.76	143.69333333333333	143.44666666666666	143.82	143.65333333333334	143.44666666666666	143.56666666666666	143.52666666666667	143.52666666666667	143.28666666666666	143.56666666666666	143.58	143.66666666666666	143.53333333333333	143.26	143.48666666666668	142.62	140.93333333333334	133.52	0.0
0.0	133.62	140.92	142.61333333333334	143.22666666666666	143.36	143.88	143.68	143.92666666666668	144.15333333333334	143.83333333333334	144.14666666666668	143.70666666666668	143.83333333333334	144.01333333333332	143.60666666666665	144.13333333333333	143.96666666666667	143.89333333333335	143.79333333333332	143.88	143.70666666666668	143.76666666666668	143.89333333333335	143.50666666666666	143.93333333333334	143.94	143.78666666666666	143.89333333333335	143.76666666666668	144.00666666666666	143.87333333333333	144.06	144.14	144.06	143.89333333333335	144.05333333333334	143.64	143.90666666666667	143.98666666666668	144.04666666666665	144.01333333333332	143.86666666666667	143.86666666666667	143.98	143.92666666666668	143.82666666666665	143.59333333333333	144.02	143.88666666666666	143.78666666666666	143.69333333333333	143.78666666666666	144.00666666666666	143.79333333333332	143.89333333333335	143.74	143.99333333333334	144.04	143.84	143.78	143.70666666666668	143.74	143.82	143.93333333333334	144.02	143.96	143.84	143.51333333333332	142.90666666666667	141.23333333333332	134.11333333333334	0.0
0.0	133.90666666666667	141.17333333333335	143.04666666666665	143.42	143.9	143.78666666666666	143.78666666666666	144.02	143.99333333333334	143.82	143.74666666666667	143.71333333333334	143.85333333333332	143.83333333333334	143.80666666666667	143.83333333333334	143.83333333333334	143.75333333333333	143.94	143.97333333333333	143.87333333333333	143.86	144.06666666666666	143.95333333333335	144.06666666666666	143.93333333333334	143.78666666666666	143.73333333333332	143.96666666666667	143.73333333333332	144.02	143.8	143.92	143.84666666666666	143.99333333333334	144.04666666666665	143.86666666666667	143.94	143.92666666666668	144.09333333333333	144.00666666666666	143.87333333333333	143.93333333333334	143.89333333333335	143.93333333333334	143.71333333333334	143.96	144.02	143.84666666666666	144.00666666666666	143.88	143.92666666666668	143.64666666666668	144.11333333333334	144.05333333333334	143.93333333333334	143.88	143.92666666666668	143.86666666666667	144.05333333333334	143.66	143.99333333333334	143.76666666666668	143.53333333333333	143.84666666666666	144.01333333333332	143.46	143.46	142.94666666666666	141.13333333333333	134.13333333333333	0.0
