0.0	102.26	104.90666666666667	105.97333333333333	106.06	106.38666666666667	106.19333333333333	106.38666666666667	106.7	106.23333333333333	106.43333333333334	106.18	106.09333333333333	106.33333333333333	106.23333333333333	106.36666666666666	106.48	106.54	106.34666666666666	106.08	106.29333333333334	106.31333333333333	106.44	105.83333333333333	106.14	105.95333333333333	106.46666666666667	106.40666666666667	105.9	106.30666666666667	106.57333333333334	106.22666666666667	106.36666666666666	106.50666666666666	106.49333333333334	106.32	106.15333333333334	106.07333333333334	106.33333333333333	106.38666666666667	106.29333333333334	106.81333333333333	106.20666666666666	106.40666666666667	106.10666666666667	106.04666666666667	106.44666666666667	106.12	106.18	106.53333333333333	106.28	106.56666666666666	106.29333333333334	106.22666666666667	106.36	106.17333333333333	106.26	106.22666666666667	106.18	106.60666666666667	106.64	106.42666666666666	106.17333333333333	106.18666666666667	106.45333333333333	106.25333333333333	106.22666666666667	106.50666666666666	106.44	106.23333333333333	105.15333333333334	102.04	0.0
0.0	102.00666666666666	105.28666666666666	105.98666666666666	106.09333333333333	106.34666666666666	106.24666666666667	106.33333333333333	106.01333333333334	106.36	105.98	106.22	106.45333333333333	105.98	106.54666666666667	106.50666666666666	106.72666666666667	106.37333333333333	106.01333333333334	106.46	105.82666666666667	106.16666666666667	106.19333333333333	106.26666666666667	106.52	106.56	106.22666666666667	106.26	106.23333333333333	105.98666666666666	106.28666666666666	106.27333333333333	106.55333333333333	106.38	106.36666666666666	106.31333333333333	106.28666666666666	106.37333333333333	106.44666666666667	106.04666666666667	106.22	105.91333333333333	106.22666666666667	106.34	106.21333333333334	106.13333333333334	106.48666666666666	106.09333333333333	106.48666666666666	106.72	106.14666666666666	106.33333333333333	106.12	106.41333333333333	106.18	106.53333333333333	106.11333333333333	106.34	106.36666666666666	106.21333333333334	106.59333333333333	106.33333333333333	106.47333333333333	106.44	106.07333333333334	106.25333333333333	106.46666666666667	106.23333333333333	105.78666666666666	105.94	105.22666666666667	102.03333333333333	0.0
0.0	101.94	104.71333333333334	105.67333333333333	105.72	106.14	105.99333333333334	106.1	105.92	105.68666666666667	105.72666666666667	106.31333333333333	105.94	105.57333333333334	105.86	105.73333333333333	105.71333333333334	105.86	105.74	105.66666666666667	105.62666666666667	105.64	106.08	105.80666666666667	106.04666666666667	105.95333333333333	105.86	105.82	105.88666666666667	106.14666666666666	105.78	105.8	105.94	105.86666666666666	105.75333333333333	105.62	105.99333333333334	105.91333333333333	105.78	105.97333333333333	105.93333333333334	105.67333333333333	106.17333333333333	106.06666666666666	105.83333333333333	105.76666666666667	105.72	105.90666666666667	105.62	105.63333333333334	105.82	105.75333333333333	105.88	105.82	105.9	105.78666666666666	106.18666666666667	105.84	105.96	106.01333333333334	106.29333333333334	106.30666666666667	106.05333333333333	106.26666666666667	105.97333333333333	105.99333333333334	105.76666666666667	105.88666666666667	105.7	105.54666666666667	105.05333333333333	101.9	0.0
0.0	102.08	104.54	105.71333333333334	105.70666666666666	105.94	105.6	105.92666666666666	105.87333333333333	105.74666666666667	105.71333333333334	106.09333333333333	105.59333333333333	105.82666666666667	105.7	105.7	106.07333333333334	106.11333333333333	106.00666666666666	105.76666666666667	106.1	105.72	106.12	105.84666666666666	105.90666666666667	105.85333333333334	105.59333333333333	106.02666666666667	105.7	105.54666666666667	105.80666666666667	106.27333333333333	105.8	105.92	105.6	105.92	105.84	105.68666666666667	105.54	105.62666666666667	105.54	105.74	105.90666666666667	105.91333333333333	105.7	105.64666666666666	106.06666666666666	106.02	105.66	105.95333333333333	105.7	105.90666666666667	105.81333333333333	105.8	105.82	106.0	105.76	106.07333333333334	105.91333333333333	105.48	105.90666666666667	105.60666666666667	105.83333333333333	105.81333333333333	105.81333333333333	105.76666666666667	105.77333333333333	105.82	105.57333333333334	105.28	104.88666666666667	101.84666666666666	0.0
0.0	101.75333333333333	104.66666666666667	105.37333333333333	105.85333333333334	105.83333333333333	106.03333333333333	105.95333333333333	106.08666666666667	105.75333333333333	105.69333333333333	106.01333333333334	106.15333333333334	106.07333333333334	105.53333333333333	106.20666666666666	105.94666666666667	105.97333333333333	105.97333333333333	105.82	105.64666666666666	106.12666666666667	105.44666666666667	106.05333333333333	106.03333333333333	105.8	106.0	105.94666666666667	105.8	105.55333333333333	106.04666666666667	106.04	105.85333333333334	105.98	106.16	105.98666666666666	106.22666666666667	105.76666666666667	105.82	105.67333333333333	106.22666666666667	105.76	105.96666666666667	105.80666666666667	105.52666666666667	106.02666666666667	105.9	105.96	105.48666666666666	105.83333333333333	105.92	105.66666666666667	105.99333333333334	105.88	106.06	106.11333333333333	105.92	105.81333333333333	105.84666666666666	105.88666666666667	106.1	105.74	106.04666666666667	105.69333333333333	106.18	105.94666666666667	105.82	105.71333333333334	105.9	105.48	105.0	101.72	0.0
0.0	102.24	105.34	105.77333333333333	106.10666666666667	106.02666666666667	106.34	105.91333333333333	106.19333333333333	106.06	106.25333333333333	106.25333333333333	106.48	106.66666666666667	106.28	106.12	106.26	106.33333333333333	106.45333333333333	106.66666666666667	106.52666666666667	106.2	106.35333333333334	106.14	106.21333333333334	106.29333333333334	106.25333333333333	106.04666666666667	105.96666666666667	106.07333333333334	106.06	106.13333333333334	106.49333333333334	106.34	106.37333333333333	106.46666666666667	106.19333333333333	106.1	106.08	106.35333333333334	106.43333333333334	106.17333333333333	106.37333333333333	106.54666666666667	106.36	106.32666666666667	106.52666666666667	106.35333333333334	106.23333333333333	106.37333333333333	106.58	106.28	106.72	106.27333333333333	106.24666666666667	106.27333333333333	106.28	106.04	106.4	106.54666666666667	106.2	106.25333333333333	106.10666666666667	106.39333333333333	106.26666666666667	106.32666666666667	106.06	106.2	106.33333333333333	106.05333333333333	105.41333333333333	102.38666666666667	0.0
0.0	101.78666666666666	104.67333333333333	105.54	106.08666666666667	105.76	105.72	105.69333333333333	105.7	105.76	105.93333333333334	105.86666666666666	105.87333333333333	105.76	105.81333333333333	105.50666666666666	105.72666666666667	105.54	105.64666666666666	106.12	105.72	105.64	105.48	106.1	105.82	106.26666666666667	105.91333333333333	105.98	105.99333333333334	105.79333333333334	105.70666666666666	105.50666666666666	105.55333333333333	105.94666666666667	105.60666666666667	105.73333333333333	105.75333333333333	105.96	105.64666666666666	105.70666666666666	105.89333333333333	106.17333333333333	105.84	105.66666666666667	105.93333333333334	105.70666666666666	105.8	105.63333333333334	105.85333333333334	105.52	105.88666666666667	105.67333333333333	105.68	105.61333333333333	105.81333333333333	106.04	105.87333333333333	105.98666666666666	105.82666666666667	105.94	105.84	105.61333333333333	105.96	105.84	105.79333333333334	105.71333333333334	105.76666666666667	106.07333333333334	105.88	105.72	104.66	101.60666666666667	0.0
0.0	101.82666666666667	104.63333333333334	105.49333333333334	105.89333333333333	105.97333333333333	105.96666666666667	106.0	105.95333333333333	105.88666666666667	106.31333333333333	106.08	105.77333333333333	106.1	106.17333333333333	106.0	106.03333333333333	105.96666666666667	106.28	105.97333333333333	106.42	106.20666666666666	106.06666666666666	105.92666666666666	106.18666666666667	106.24666666666667	106.04666666666667	106.14666666666666	106.08	106.1	106.1	105.52	105.69333333333333	105.96	105.78666666666666	105.96666666666667	105.90666666666667	106.13333333333334	106.32	106.00666666666666	105.98666666666666	106.27333333333333	106.11333333333333	105.92666666666666	106.02	105.83333333333333	106.09333333333333	106.12666666666667	106.28666666666666	106.14	105.38	106.12666666666667	105.91333333333333	106.08	106.18	106.25333333333333	105.95333333333333	105.91333333333333	105.94666666666667	106.01333333333334	106.0	106.08666666666667	106.28	106.13333333333334	106.36666666666666	106.07333333333334	106.22	105.9	105.78	105.57333333333334	104.84666666666666	102.08666666666667	0.0
0.0	102.12	104.97333333333333	105.37333333333333	105.98666666666666	105.99333333333334	106.08	106.06	105.82	106.00666666666666	105.64	105.78666666666666	105.9	105.81333333333333	105.68666666666667	105.66	106.02	105.78	105.81333333333333	105.84666666666666	106.04	105.84666666666666	105.87333333333333	105.75333333333333	105.83333333333333	105.86	105.79333333333334	105.96666666666667	105.72	106.18666666666667	106.02	105.86666666666666	105.96666666666667	105.99333333333334	105.98666666666666	105.9	105.98666666666666	105.68	105.83333333333333	105.90666666666667	105.87333333333333	105.55333333333333	105.5	105.86666666666666	105.97333333333333	105.95333333333333	105.95333333333333	106.17333333333333	105.93333333333334	105.74666666666667	106.1	105.87333333333333	106.12666666666667	106.12	105.74	106.01333333333334	105.80666666666667	105.71333333333334	105.97333333333333	105.85333333333334	105.74	105.56666666666666	105.74	106.09333333333333	105.85333333333334	105.82666666666667	105.78666666666666	105.96	105.76666666666667	105.56	104.92	101.92	0.0
0.0	102.23333333333333	105.29333333333334	105.70666666666666	105.91333333333333	105.89333333333333	106.23333333333333	106.4	106.17333333333333	106.29333333333334	106.19333333333333	106.14666666666666	106.16666666666667	105.92	106.23333333333333	106.35333333333334	106.16	106.01333333333334	105.88	106.35333333333334	106.44666666666667	106.12666666666667	105.98	105.91333333333333	106.31333333333333	106.02666666666667	106.33333333333333	105.77333333333333	106.08666666666667	106.23333333333333	106.03333333333333	105.94666666666667	106.22666666666667	106.08	106.16	106.4	106.18666666666667	106.18666666666667	106.15333333333334	106.22	106.10666666666667	106.07333333333334	106.11333333333333	106.15333333333334	106.04666666666667	106.27333333333333	105.96	106.47333333333333	106.14666666666666	105.81333333333333	106.01333333333334	106.16	106.15333333333334	106.00666666666666	106.61333333333333	106.28666666666666	106.35333333333334	106.11333333333333	105.92666666666666	106.38666666666667	106.09333333333333	106.3	106.12666666666667	106.26	106.13333333333334	106.35333333333334	106.48666666666666	106.10666666666667	106.0	105.50666666666666	104.74	101.94666666666667	0.0
0.0	101.82	104.9	106.0	105.98666666666666	106.03333333333333	106.31333333333333	106.22	105.86666666666666	106.00666666666666	105.82666666666667	105.80666666666667	106.16666666666667	106.36	106.21333333333334	105.94	106.17333333333333	105.87333333333333	106.0	106.04666666666667	105.99333333333334	106.11333333333333	106.38666666666667	106.06	106.32	105.84	106.03333333333333	106.14	106.27333333333333	105.9	105.95333333333333	105.75333333333333	106.12666666666667	106.04	106.04666666666667	106.28666666666666	105.99333333333334	106.24	105.99333333333334	106.14666666666666	106.1	106.58	105.92	106.14	106.28666666666666	105.94	106.47333333333333	105.98	106.31333333333333	106.22666666666667	105.63333333333334	106.04666666666667	106.03333333333333	105.9	106.28	106.24	105.93333333333334	106.14	106.25333333333333	106.14	105.89333333333333	105.91333333333333	106.28666666666666	106.08	106.09333333333333	105.85333333333334	105.85333333333334	106.19333333333333	105.53333333333333	105.7	104.79333333333334	101.97333333333333	0.0
0.0	102.11333333333333	105.08	105.74	105.73333333333333	106.08666666666667	106.04	106.12666666666667	106.51333333333334	106.05333333333333	106.34666666666666	106.02	106.22	105.96	106.21333333333334	106.12	106.07333333333334	106.16	106.24	106.22	106.06	106.13333333333334	106.27333333333333	106.01333333333334	106.08	106.18666666666667	106.44666666666667	106.02	106.4	106.28666666666666	106.6	106.37333333333333	105.85333333333334	106.3	106.12	106.23333333333333	106.18666666666667	106.57333333333334	105.97333333333333	106.16	106.08666666666667	106.16666666666667	106.14	106.06	105.89333333333333	106.10666666666667	106.12	106.11333333333333	105.74	106.26	106.07333333333334	105.96666666666667	106.25333333333333	106.1	106.03333333333333	106.01333333333334	106.02666666666667	105.82666666666667	106.2	106.09333333333333	105.86666666666666	106.06	105.92	106.06	106.12	106.28	106.04666666666667	106.01333333333334	105.70666666666666	105.61333333333333	105.26	102.08	0.0
0.0	102.16	105.04666666666667	105.69333333333333	106.01333333333334	106.20666666666666	106.38666666666667	106.10666666666667	106.14	105.93333333333334	106.02	106.22	106.20666666666666	105.9	105.92	106.22666666666667	106.14	106.1	105.89333333333333	106.30666666666667	105.96666666666667	106.1	106.06	106.54666666666667	105.76	105.86	105.85333333333334	105.80666666666667	105.92	106.38666666666667	105.92666666666666	106.16	106.02	106.34666666666666	106.38	105.97333333333333	106.55333333333333	105.99333333333334	106.05333333333333	106.05333333333333	105.82	105.92	106.2	106.27333333333333	106.08	106.08	106.02666666666667	105.94666666666667	106.16666666666667	106.26666666666667	106.15333333333334	106.09333333333333	106.16	106.26666666666667	106.26	106.32	105.96	105.87333333333333	106.13333333333334	106.19333333333333	106.15333333333334	106.05333333333333	105.95333333333333	106.18666666666667	106.22	106.29333333333334	106.34666666666666	106.04	105.85333333333334	105.58666666666667	104.66	102.08	0.0
0.0	101.82	105.08	105.84	106.32	105.99333333333334	106.15333333333334	105.95333333333333	106.30666666666667	106.28666666666666	106.48	106.08	106.34666666666666	105.85333333333334	106.05333333333333	105.99333333333334	106.12666666666667	106.14	105.83333333333333	106.02666666666667	105.92666666666666	106.34	105.86666666666666	106.19333333333333	106.31333333333333	106.18	106.03333333333333	106.34666666666666	106.55333333333333	106.34666666666666	106.33333333333333	106.38	106.16	106.1	106.4	106.1	106.35333333333334	106.14	106.38	106.31333333333333	105.84	106.29333333333334	106.21333333333334	106.04	106.24	105.99333333333334	105.96666666666667	106.11333333333333	106.0	106.21333333333334	106.16	105.91333333333333	105.82	106.12	106.12	105.88	106.19333333333333	106.31333333333333	106.08	105.88666666666667	106.31333333333333	106.55333333333333	106.2	106.23333333333333	106.27333333333333	106.12	106.12666666666667	106.13333333333334	106.01333333333334	105.8	105.18	102.05333333333333	0.0
0.0	101.76	104.87333333333333	105.87333333333333	106.05333333333333	106.12	106.04666666666667	105.79333333333334	105.61333333333333	105.76	105.98	106.13333333333334	106.1	106.25333333333333	106.24666666666667	106.33333333333333	106.09333333333333	106.11333333333333	106.22666666666667	106.36666666666666	105.9	106.31333333333333	106.36666666666666	106.32	106.15333333333334	106.07333333333334	106.37333333333333	106.00666666666666	106.11333333333333	106.05333333333333	105.98666666666666	106.20666666666666	106.3	106.0	106.15333333333334	106.18666666666667	105.96666666666667	105.78	105.88666666666667	106.1	106.06666666666666	106.05333333333333	106.37333333333333	106.06666666666666	105.7	105.8	106.16666666666667	106.50666666666666	106.24	106.06666666666666	106.60666666666667	106.18666666666667	106.34	106.42	106.53333333333333	106.4	105.90666666666667	106.35333333333334	105.88666666666667	105.93333333333334	106.23333333333333	106.22666666666667	106.19333333333333	106.03333333333333	105.92666666666666	106.14	105.96	105.84666666666666	106.29333333333334	105.79333333333334	105.04	101.96	0.0
0.0	102.63333333333334	105.57333333333334	106.12666666666667	106.27333333333333	106.30666666666667	106.3	106.48666666666666	106.74666666666667	106.85333333333334	106.75333333333333	106.51333333333334	106.61333333333333	106.44	106.73333333333333	106.59333333333333	106.53333333333333	106.9	106.56	106.48666666666666	106.28	106.36	106.26666666666667	106.68666666666667	106.96	106.51333333333334	106.53333333333333	106.24666666666667	106.62	106.36666666666666	106.61333333333333	106.26666666666667	106.40666666666667	106.38	106.74666666666667	106.4	106.63333333333334	106.72666666666667	106.42	106.36	106.43333333333334	106.26666666666667	106.71333333333334	106.74666666666667	106.46	106.62666666666667	106.57333333333334	106.48	106.41333333333333	106.53333333333333	106.64666666666666	106.7	106.50666666666666	106.18	106.63333333333334	106.18	106.48	106.68	106.6	106.26	106.66666666666667	106.57333333333334	106.95333333333333	106.7	106.68666666666667	106.49333333333334	106.92	106.43333333333334	106.10666666666667	106.06666666666666	105.63333333333334	102.55333333333333	0.0
0.0	101.86	104.5	105.53333333333333	105.7	106.04666666666667	105.94666666666667	106.26666666666667	106.48666666666666	105.92	106.02666666666667	105.94666666666667	106.12666666666667	106.27333333333333	106.12666666666667	106.19333333333333	105.77333333333333	106.08666666666667	105.98666666666666	106.11333333333333	106.16	106.40666666666667	105.74666666666667	106.11333333333333	106.06666666666666	105.92	105.93333333333334	106.05333333333333	106.01333333333334	106.25333333333333	106.13333333333334	106.26666666666667	105.98	105.96666666666667	106.04	105.84666666666666	105.87333333333333	105.79333333333334	105.98666666666666	106.10666666666667	105.94	105.67333333333333	105.94666666666667	105.8	106.07333333333334	106.12	105.95333333333333	105.70666666666666	106.44666666666667	106.29333333333334	105.96	106.02	105.91333333333333	106.19333333333333	106.22666666666667	105.74	106.16666666666667	105.91333333333333	106.13333333333334	105.86666666666666	105.92	105.86666666666666	106.12666666666667	105.75333333333333	105.90666666666667	105.98	106.17333333333333	106.12666666666667	105.85333333333334	105.3	104.96666666666667	101.94666666666667	0.0
0.0	101.76	104.82666666666667	105.54	105.61333333333333	106.04	106.05333333333333	105.98666666666666	105.78666666666666	105.92	105.69333333333333	105.83333333333333	105.66666666666667	105.69333333333333	105.66666666666667	105.76	105.78	106.01333333333334	105.82	106.02666666666667	106.2	105.73333333333333	106.04	105.94666666666667	105.82	106.08	106.02666666666667	105.88666666666667	106.0	105.62666666666667	105.84	106.49333333333334	105.88	105.94	106.12666666666667	105.98666666666666	105.75333333333333	105.96666666666667	105.57333333333334	105.87333333333333	105.76	106.01333333333334	106.47333333333333	106.05333333333333	105.94	106.14666666666666	105.81333333333333	105.74666666666667	106.29333333333334	105.93333333333334	105.87333333333333	105.46666666666667	105.84666666666666	106.04	105.94666666666667	105.9	106.06666666666666	106.13333333333334	106.12666666666667	105.76	106.06666666666666	106.26	106.13333333333334	106.02666666666667	105.56666666666666	106.02	105.85333333333334	105.50666666666666	105.74666666666667	105.44	104.96666666666667	101.96	0.0
0.0	102.72	105.39333333333333	105.98666666666666	106.18	106.76666666666667	106.56666666666666	106.58	106.48666666666666	106.04	106.23333333333333	106.16	106.49333333333334	106.4	106.41333333333333	106.76666666666667	106.46666666666667	106.36666666666666	106.74	106.49333333333334	106.62	106.34666666666666	106.46666666666667	106.29333333333334	106.56	106.58	106.61333333333333	106.69333333333333	106.51333333333334	106.32	106.26666666666667	106.80666666666667	106.85333333333334	106.39333333333333	106.54666666666667	106.63333333333334	106.72666666666667	106.32	106.54666666666667	106.34	106.42666666666666	106.44	106.52	106.38666666666667	106.39333333333333	106.64666666666666	106.44	106.14666666666666	105.90666666666667	106.3	106.52	106.72	106.17333333333333	106.30666666666667	106.23333333333333	106.46666666666667	106.20666666666666	105.94	106.46666666666667	106.56666666666666	106.40666666666667	106.24	106.24666666666667	106.41333333333333	106.4	106.52666666666667	106.56	106.36666666666666	106.52	106.0	105.28	102.63333333333334	0.0
0.0	101.94666666666667	105.14	106.00666666666666	105.88666666666667	106.47333333333333	106.40666666666667	106.25333333333333	106.16	106.59333333333333	106.28	106.73333333333333	106.56666666666666	106.40666666666667	106.29333333333334	106.51333333333334	106.19333333333333	106.28666666666666	106.39333333333333	105.94	106.16666666666667	106.00666666666666	106.51333333333334	106.38666666666667	106.02666666666667	105.92666666666666	105.8	106.11333333333333	106.20666666666666	106.11333333333333	106.3	105.91333333333333	105.98666666666666	106.41333333333333	106.54666666666667	106.17333333333333	106.48666666666666	106.76666666666667	106.38666666666667	106.36666666666666	106.41333333333333	106.41333333333333	106.54666666666667	106.52666666666667	106.49333333333334	105.87333333333333	106.2	105.86	106.19333333333333	106.13333333333334	106.42	106.60666666666667	106.34666666666666	106.48	106.42	106.35333333333334	106.24666666666667	106.38	106.21333333333334	106.28	106.26666666666667	106.25333333333333	106.07333333333334	106.5	106.44	106.17333333333333	106.14	105.85333333333334	106.50666666666666	106.0	105.1	102.15333333333334	0.0
0.0	102.34	105.25333333333333	105.52	106.30666666666667	106.29333333333334	106.35333333333334	106.28	106.13333333333334	106.42	106.14	106.1	106.33333333333333	106.22	106.00666666666666	106.10666666666667	105.94666666666667	106.28666666666666	106.40666666666667	106.51333333333334	106.27333333333333	106.30666666666667	106.32666666666667	106.10666666666667	106.57333333333334	106.55333333333333	106.06	106.34	106.35333333333334	106.38	106.11333333333333	106.34666666666666	106.24666666666667	106.04	106.22666666666667	106.07333333333334	106.16666666666667	106.14	106.44	106.04666666666667	106.32	106.37333333333333	106.11333333333333	106.55333333333333	106.19333333333333	106.31333333333333	106.11333333333333	106.22	106.18	106.10666666666667	106.26666666666667	106.30666666666667	106.2	106.35333333333334	106.52	106.43333333333334	106.37333333333333	106.19333333333333	106.25333333333333	106.1	106.12666666666667	106.28	106.47333333333333	106.22	105.93333333333334	106.20666666666666	106.40666666666667	106.21333333333334	106.03333333333333	105.92	105.18	102.44666666666667	0.0
0.0	101.86666666666666	104.82	105.61333333333333	105.67333333333333	106.24	105.9	106.00666666666666	106.21333333333334	105.95333333333333	105.74	106.20666666666666	105.89333333333333	105.62666666666667	105.99333333333334	106.34666666666666	105.76	106.03333333333333	105.99333333333334	105.81333333333333	105.9	105.94666666666667	106.01333333333334	106.20666666666666	106.04666666666667	105.86666666666666	105.91333333333333	105.82	105.90666666666667	105.81333333333333	106.08666666666667	105.92	106.33333333333333	105.88666666666667	105.82	105.89333333333333	106.07333333333334	105.92666666666666	105.73333333333333	105.82666666666667	106.16	106.23333333333333	105.98	105.85333333333334	106.19333333333333	106.14666666666666	105.97333333333333	105.92	105.74	106.1	105.96666666666667	106.32666666666667	105.94666666666667	105.84	105.88	106.05333333333333	106.52666666666667	106.38666666666667	106.04666666666667	105.84666666666666	105.82	105.63333333333334	106.09333333333333	105.79333333333334	105.72	105.91333333333333	106.0	106.08	105.74666666666667	105.49333333333334	104.62	101.93333333333334	0.0
0.0	101.9	104.77333333333333	105.68666666666667	105.74	106.20666666666666	105.96666666666667	105.68	106.00666666666666	105.94666666666667	105.95333333333333	105.73333333333333	106.04666666666667	105.82666666666667	105.78666666666666	105.9	106.04	105.94	105.94	105.96666666666667	106.23333333333333	106.25333333333333	106.07333333333334	105.92	106.02666666666667	105.85333333333334	106.02	106.03333333333333	105.75333333333333	106.15333333333334	105.83333333333333	105.91333333333333	105.98	105.54666666666667	105.84	105.72	105.91333333333333	106.06	106.25333333333333	106.20666666666666	105.89333333333333	105.78	105.98666666666666	105.78666666666666	105.90666666666667	105.85333333333334	106.2	105.81333333333333	106.04666666666667	106.12	105.92666666666666	105.94666666666667	106.02	105.82	105.86	106.32666666666667	105.94	105.54666666666667	105.78	105.61333333333333	105.72	106.24	106.02666666666667	106.15333333333334	106.08666666666667	105.95333333333333	105.93333333333334	105.52666666666667	105.69333333333333	105.48	105.08666666666667	101.88	0.0
0.0	102.15333333333334	104.95333333333333	105.54666666666667	105.71333333333334	106.30666666666667	106.04666666666667	105.88	106.44	106.28666666666666	105.95333333333333	106.07333333333334	106.41333333333333	106.47333333333333	106.33333333333333	106.30666666666667	106.23333333333333	106.31333333333333	106.31333333333333	106.4	106.26666666666667	106.14	106.13333333333334	106.12666666666667	106.16	106.31333333333333	106.26666666666667	106.19333333333333	106.09333333333333	105.96	106.04666666666667	106.48	105.92666666666666	106.10666666666667	106.04	105.7	106.01333333333334	105.98	106.11333333333333	106.46666666666667	106.10666666666667	106.1	106.04666666666667	106.06666666666666	106.18	106.08666666666667	106.18666666666667	106.2	106.04666666666667	106.18666666666667	106.05333333333333	106.36	106.21333333333334	106.38666666666667	106.02	105.91333333333333	106.16	106.51333333333334	106.08	105.70666666666666	105.90666666666667	105.72	106.27333333333333	105.94666666666667	106.10666666666667	106.38	106.36	106.16666666666667	105.95333333333333	105.89333333333333	105.10666666666667	101.97333333333333	0.0
0.0	101.93333333333334	104.93333333333334	105.69333333333333	106.14	106.14666666666666	105.95333333333333	106.16666666666667	106.32	106.12	106.06666666666666	105.95333333333333	106.22	105.92	106.29333333333334	106.28	106.06666666666666	106.11333333333333	106.19333333333333	106.28666666666666	105.86666666666666	106.04666666666667	105.98	105.90666666666667	105.75333333333333	105.86	106.02666666666667	106.14666666666666	106.53333333333333	106.26	106.02	105.90666666666667	106.02	106.13333333333334	106.00666666666666	105.78666666666666	105.82666666666667	106.18666666666667	106.16666666666667	105.96666666666667	106.38	105.65333333333334	105.93333333333334	106.20666666666666	106.1	106.02666666666667	106.56	106.17333333333333	106.17333333333333	105.87333333333333	106.07333333333334	106.16	105.96	106.08	106.20666666666666	105.92666666666666	105.98666666666666	106.45333333333333	105.99333333333334	106.14666666666666	105.87333333333333	105.94	106.36	106.29333333333334	106.24666666666667	106.04	105.60666666666667	105.87333333333333	106.18	105.82666666666667	104.66	102.38666666666667	0.0
0.0	101.92666666666666	105.16666666666667	105.86666666666666	105.88	106.06	106.11333333333333	105.87333333333333	106.44	106.46	106.35333333333334	106.54	106.36666666666666	106.11333333333333	106.17333333333333	106.31333333333333	105.99333333333334	105.88666666666667	105.97333333333333	106.48666666666666	105.95333333333333	106.18666666666667	106.09333333333333	106.15333333333334	105.97333333333333	106.10666666666667	106.16	105.88	106.26666666666667	106.06666666666666	106.39333333333333	106.24	106.01333333333334	106.04	106.05333333333333	106.1	106.07333333333334	105.93333333333334	106.20666666666666	106.13333333333334	105.91333333333333	106.18	105.96666666666667	106.26	106.07333333333334	106.04666666666667	106.14666666666666	106.21333333333334	106.46	106.48666666666666	105.98	105.91333333333333	106.02	106.21333333333334	106.38	106.66666666666667	106.38	106.12	106.42666666666666	106.44	106.08	106.03333333333333	106.18	106.20666666666666	106.44	105.83333333333333	106.26666666666667	105.87333333333333	105.94	105.75333333333333	104.95333333333333	102.28666666666666	0.0
0.0	102.00666666666666	104.90666666666667	105.64	105.79333333333334	105.86666666666666	105.98	105.47333333333333	105.99333333333334	105.79333333333334	105.83333333333333	105.78666666666666	105.88	105.86666666666666	105.86666666666666	105.88666666666667	106.04	105.72666666666667	106.04	105.82	105.69333333333333	105.94	105.71333333333334	106.08	105.89333333333333	105.49333333333334	105.74666666666667	105.83333333333333	105.80666666666667	105.85333333333334	106.1	105.88666666666667	105.71333333333334	106.21333333333334	105.92666666666666	105.98666666666666	106.04666666666667	105.85333333333334	105.72666666666667	106.0	105.98	105.84666666666666	105.82666666666667	106.11333333333333	105.85333333333334	106.04	105.78	105.7	105.92	106.13333333333334	106.14666666666666	105.77333333333333	105.44	105.69333333333333	105.76	105.94	106.18666666666667	105.94666666666667	105.86666666666666	105.94	106.28	105.98666666666666	106.11333333333333	105.81333333333333	105.84	105.81333333333333	105.87333333333333	106.18666666666667	105.74666666666667	105.57333333333334	105.10666666666667	101.92666666666666	0.0
0.0	101.83333333333333	104.84666666666666	105.54	105.67333333333333	105.63333333333334	105.76666666666667	106.02666666666667	106.04	105.94	106.02666666666667	105.8	106.14	106.25333333333333	106.03333333333333	105.93333333333334	106.26666666666667	105.94	105.80666666666667	105.92	106.04666666666667	105.7	105.58666666666667	106.01333333333334	106.18	106.27333333333333	106.14	105.99333333333334	106.25333333333333	105.90666666666667	105.95333333333333	106.23333333333333	106.20666666666666	105.99333333333334	106.34666666666666	105.8	105.74	105.98666666666666	106.16666666666667	106.13333333333334	106.38666666666667	105.77333333333333	105.78	105.93333333333334	105.64	106.05333333333333	106.0	106.18	106.0	106.20666666666666	106.03333333333333	106.06	105.91333333333333	105.9	106.12666666666667	106.45333333333333	105.87333333333333	105.86666666666666	105.89333333333333	106.14666666666666	105.89333333333333	106.00666666666666	105.86	105.99333333333334	106.38666666666667	106.19333333333333	105.94	106.23333333333333	106.05333333333333	105.99333333333334	105.06	101.55333333333333	0.0
0.0	102.50666666666666	105.44666666666667	106.12666666666667	106.24666666666667	106.74	106.53333333333333	106.16	106.66666666666667	106.55333333333333	106.61333333333333	106.59333333333333	106.56	106.49333333333334	106.36	106.52	106.19333333333333	106.44	106.34666666666666	106.3	106.18666666666667	106.46	106.52	106.64666666666666	106.8	106.44	106.47333333333333	106.46666666666667	106.38	106.39333333333333	106.30666666666667	106.22666666666667	106.48	106.44	106.35333333333334	106.38666666666667	106.56	105.95333333333333	106.36	106.42	106.46666666666667	106.12	106.34666666666666	106.40666666666667	106.37333333333333	106.66666666666667	106.40666666666667	106.49333333333334	106.7	106.56	106.64666666666666	106.77333333333333	106.62	106.68	106.42666666666666	106.2	106.4	106.24666666666667	106.45333333333333	106.60666666666667	106.52	106.84666666666666	106.61333333333333	106.28	106.52666666666667	106.50666666666666	106.81333333333333	106.44666666666667	105.96	105.61333333333333	105.42	102.49333333333334	0.0
0.0	102.02	104.93333333333334	105.66666666666667	105.87333333333333	106.05333333333333	106.29333333333334	105.96	106.43333333333334	106.08666666666667	106.08666666666667	106.29333333333334	105.80666666666667	105.86	106.08666666666667	105.92	105.91333333333333	106.17333333333333	105.9	106.09333333333333	106.03333333333333	106.05333333333333	106.59333333333333	106.09333333333333	106.06666666666666	106.06666666666666	105.82	105.85333333333334	106.00666666666666	106.08	105.9	106.06	106.14666666666666	106.11333333333333	106.46666666666667	106.31333333333333	106.0	105.87333333333333	106.16666666666667	106.29333333333334	106.26	106.22666666666667	106.12	105.89333333333333	106.49333333333334	105.96	106.08666666666667	106.2	105.96666666666667	106.21333333333334	105.82	105.94	105.99333333333334	105.85333333333334	106.1	106.04666666666667	105.90666666666667	106.18	106.23333333333333	106.0	106.09333333333333	106.06	105.87333333333333	106.12666666666667	106.13333333333334	105.96	106.06	106.02	105.70666666666666	106.00666666666666	105.14666666666666	102.14	0.0
0.0	102.01333333333334	105.06666666666666	105.50666666666666	105.79333333333334	105.63333333333334	105.71333333333334	105.84666666666666	105.82666666666667	106.15333333333334	105.88666666666667	105.78	105.91333333333333	105.68	105.89333333333333	105.93333333333334	105.73333333333333	105.79333333333334	105.85333333333334	105.82	105.68666666666667	105.62	105.56	106.00666666666666	105.98	105.76666666666667	106.06	105.80666666666667	105.73333333333333	105.78666666666666	105.86666666666666	106.04666666666667	105.82	105.82	105.99333333333334	105.70666666666666	105.88666666666667	105.94	105.78666666666666	105.79333333333334	105.64666666666666	105.83333333333333	106.04666666666667	105.82	105.86	105.82666666666667	105.75333333333333	105.87333333333333	106.03333333333333	105.73333333333333	105.88666666666667	105.77333333333333	105.62	105.74	106.14	106.16	105.72	105.95333333333333	105.68666666666667	105.68666666666667	105.88	105.98	106.12	106.08666666666667	105.72666666666667	105.91333333333333	105.79333333333334	105.57333333333334	106.04666666666667	105.77333333333333	104.95333333333333	101.83333333333333	0.0
0.0	102.04	104.95333333333333	105.78666666666666	106.24	106.14	106.14666666666666	106.17333333333333	106.06666666666666	105.94666666666667	106.14	106.18666666666667	105.99333333333334	106.06666666666666	105.82	105.92666666666666	105.96	105.9	106.12	106.04	106.15333333333334	105.93333333333334	106.04666666666667	106.34	106.01333333333334	105.89333333333333	105.83333333333333	106.06	105.87333333333333	105.78666666666666	106.08	105.92666666666666	105.99333333333334	106.14	106.11333333333333	105.85333333333334	106.17333333333333	106.11333333333333	106.08666666666667	106.25333333333333	106.12	106.36666666666666	106.18	106.45333333333333	106.11333333333333	106.28	106.11333333333333	106.07333333333334	105.97333333333333	105.76	106.10666666666667	106.00666666666666	105.91333333333333	105.91333333333333	105.77333333333333	106.43333333333334	106.46666666666667	106.52	106.33333333333333	106.22	106.18	106.10666666666667	106.17333333333333	106.13333333333334	105.78666666666666	106.19333333333333	106.36	106.22	105.95333333333333	105.85333333333334	105.04	102.17333333333333	0.0
0.0	101.91333333333333	105.1	105.45333333333333	106.0	105.80666666666667	106.30666666666667	106.01333333333334	105.70666666666666	105.98666666666666	105.97333333333333	105.76	105.84666666666666	105.86666666666666	106.25333333333333	106.11333333333333	105.92	105.91333333333333	105.70666666666666	106.05333333333333	105.78	105.66666666666667	105.88	105.9	105.76	105.56	105.56666666666666	105.94666666666667	106.03333333333333	105.78	105.66	106.11333333333333	105.91333333333333	106.08	105.87333333333333	106.16	105.88666666666667	105.94	105.93333333333334	106.16666666666667	105.6	105.82666666666667	105.87333333333333	105.98	106.07333333333334	105.90666666666667	106.00666666666666	106.10666666666667	105.58	105.89333333333333	106.18	105.63333333333334	105.56	105.67333333333333	106.09333333333333	105.85333333333334	105.66666666666667	105.71333333333334	105.96666666666667	106.01333333333334	106.16	105.8	105.62666666666667	105.58666666666667	105.69333333333333	106.02666666666667	105.92666666666666	105.9	105.44666666666667	105.59333333333333	104.86	101.92	0.0
0.0	102.46	105.39333333333333	105.85333333333334	106.28666666666666	106.40666666666667	105.98666666666666	106.31333333333333	106.35333333333334	106.36666666666666	106.55333333333333	106.06	106.08666666666667	106.44	106.27333333333333	106.12	106.38666666666667	106.2	106.40666666666667	106.36666666666666	106.49333333333334	106.38666666666667	106.5	106.34	106.06666666666666	105.84	106.28666666666666	106.48	106.02666666666667	106.27333333333333	106.28666666666666	106.36	106.60666666666667	106.43333333333334	106.07333333333334	106.5	105.97333333333333	106.32666666666667	106.1	106.22	106.16	106.14	106.3	106.33333333333333	106.66	106.33333333333333	106.15333333333334	106.56	106.39333333333333	106.14666666666666	105.98	106.2	106.08	106.08666666666667	106.16666666666667	106.67333333333333	106.18666666666667	106.18666666666667	106.48	106.04	106.32	106.31333333333333	106.28	106.52666666666667	106.31333333333333	106.26666666666667	106.22	106.42666666666666	105.98666666666666	106.04	105.21333333333334	102.46666666666667	0.0
0.0	102.20666666666666	104.9	105.38666666666667	105.94666666666667	106.04	106.2	106.47333333333333	106.06666666666666	105.88	105.76	105.96	106.02	105.84	106.2	106.02666666666667	106.15333333333334	106.26666666666667	106.26	105.76666666666667	106.07333333333334	105.92666666666666	105.82	106.08	106.08	106.25333333333333	106.38	105.80666666666667	105.97333333333333	105.84666666666666	106.14666666666666	106.14666666666666	105.87333333333333	106.23333333333333	106.30666666666667	106.13333333333334	106.1	106.11333333333333	106.20666666666666	106.33333333333333	105.95333333333333	105.51333333333334	106.02	106.26	106.11333333333333	106.1	106.34666666666666	106.08	106.24666666666667	106.38666666666667	106.24	106.02	106.04666666666667	106.05333333333333	106.16666666666667	106.01333333333334	105.78	105.99333333333334	106.08	106.22666666666667	106.23333333333333	105.90666666666667	105.89333333333333	105.90666666666667	105.78	106.11333333333333	106.04	106.06	106.04666666666667	106.14	105.30666666666667	102.19333333333333	0.0
0.0	102.09333333333333	104.72666666666667	105.52666666666667	105.85333333333334	105.80666666666667	105.72666666666667	105.76666666666667	106.11333333333333	105.77333333333333	105.89333333333333	105.98666666666666	105.88666666666667	105.75333333333333	105.82666666666667	105.82	105.97333333333333	105.85333333333334	105.76666666666667	106.20666666666666	105.83333333333333	106.10666666666667	106.2	105.68	105.57333333333334	105.65333333333334	105.73333333333333	106.03333333333333	105.90666666666667	106.06	106.19333333333333	105.98	106.09333333333333	105.85333333333334	105.61333333333333	105.98	105.70666666666666	105.98666666666666	106.0	105.82	106.08666666666667	106.17333333333333	105.74	105.67333333333333	105.9	105.79333333333334	106.16666666666667	105.7	106.03333333333333	106.22	106.08666666666667	105.92666666666666	105.74666666666667	106.04666666666667	105.79333333333334	106.07333333333334	105.75333333333333	106.07333333333334	105.82	105.9	105.73333333333333	106.12666666666667	105.87333333333333	106.24666666666667	105.94666666666667	105.58666666666667	105.78	105.84666666666666	105.57333333333334	105.46	104.74	102.10666666666667	0.0
0.0	102.02	104.98	105.89333333333333	105.86	105.99333333333334	106.14666666666666	106.14666666666666	106.4	106.12	105.96666666666667	105.76	105.84	106.10666666666667	106.30666666666667	106.15333333333334	106.31333333333333	106.09333333333333	105.89333333333333	105.84666666666666	106.22666666666667	106.22	106.14666666666666	106.21333333333334	106.31333333333333	106.08	106.17333333333333	106.44666666666667	106.49333333333334	105.95333333333333	105.98666666666666	106.07333333333334	106.21333333333334	106.11333333333333	105.96	106.18	106.14666666666666	106.44666666666667	105.99333333333334	105.91333333333333	105.8	106.19333333333333	106.04666666666667	106.21333333333334	106.18	106.28666666666666	106.06	106.11333333333333	106.12	106.09333333333333	106.08666666666667	106.42	106.23333333333333	106.08	106.04	106.00666666666666	106.34666666666666	106.36666666666666	106.16666666666667	106.04	106.24	106.6	106.39333333333333	106.06	106.22	105.87333333333333	105.99333333333334	105.76	106.08666666666667	106.05333333333333	105.32	102.12	0.0
0.0	101.93333333333334	105.30666666666667	105.8	106.08666666666667	105.88	106.00666666666666	105.99333333333334	106.02	105.98	106.32	106.16	106.12	106.01333333333334	105.86	105.94666666666667	106.0	106.16	105.94	106.00666666666666	106.06	105.82666666666667	106.22666666666667	106.34666666666666	106.09333333333333	106.14666666666666	105.82	105.68666666666667	105.86666666666666	106.02	106.19333333333333	105.97333333333333	106.3	106.16	106.11333333333333	105.89333333333333	106.17333333333333	106.18	105.94666666666667	106.06	105.95333333333333	106.18	105.69333333333333	106.07333333333334	106.04666666666667	106.08	106.21333333333334	105.92666666666666	105.89333333333333	106.16	106.18	105.63333333333334	105.78	106.12666666666667	105.96	106.21333333333334	106.18	106.20666666666666	106.07333333333334	106.0	105.96	106.16	106.0	106.22	106.29333333333334	105.79333333333334	105.72	106.11333333333333	105.91333333333333	105.51333333333334	104.96	101.91333333333333	0.0
0.0	102.33333333333333	104.94	105.76	106.02	105.93333333333334	106.28	106.26	106.26	105.88	106.32	106.74	106.05333333333333	106.31333333333333	106.27333333333333	106.48	106.4	106.30666666666667	106.04	106.34666666666666	106.07333333333334	106.25333333333333	106.42	106.22	106.34666666666666	106.38	106.14	106.32666666666667	106.16	106.22	106.11333333333333	106.30666666666667	106.28666666666666	106.54	106.26666666666667	106.50666666666666	106.35333333333334	106.18	106.28666666666666	105.93333333333334	106.22666666666667	106.35333333333334	106.49333333333334	106.40666666666667	106.25333333333333	105.73333333333333	106.10666666666667	106.14666666666666	106.4	106.19333333333333	106.49333333333334	106.48	106.52	105.77333333333333	106.04666666666667	105.98666666666666	106.36666666666666	106.3	106.24	106.16666666666667	106.37333333333333	106.15333333333334	106.52666666666667	106.65333333333334	106.42666666666666	106.22	106.37333333333333	106.07333333333334	105.86	105.72666666666667	104.88666666666667	101.97333333333333	0.0
0.0	102.28	104.84	105.74666666666667	106.14	105.94666666666667	106.36666666666666	105.90666666666667	106.35333333333334	106.00666666666666	105.94	106.0	106.12666666666667	105.72666666666667	105.78666666666666	105.98666666666666	105.98	105.97333333333333	106.22	106.16666666666667	105.85333333333334	106.03333333333333	106.01333333333334	106.16	106.02666666666667	106.22666666666667	105.92666666666666	105.84666666666666	106.11333333333333	106.23333333333333	105.78666666666666	105.84	105.71333333333334	105.65333333333334	106.18	106.04	105.57333333333334	106.02666666666667	106.00666666666666	105.84666666666666	106.0	106.25333333333333	106.02	106.19333333333333	105.94	106.14	106.04	106.28666666666666	106.16666666666667	106.12	105.74666666666667	106.02	106.11333333333333	106.19333333333333	106.38	106.16666666666667	106.2	105.72666666666667	105.92666666666666	106.04	106.2	106.02	106.18	105.78	106.02	106.01333333333334	106.02	105.98	105.98	105.66	105.18	102.04	0.0
0.0	102.23333333333333	105.03333333333333	105.8	106.43333333333334	106.06666666666666	106.20666666666666	106.1	106.34	106.28666666666666	106.22666666666667	106.21333333333334	106.3	106.33333333333333	106.46666666666667	106.20666666666666	106.46666666666667	106.18666666666667	106.08666666666667	106.60666666666667	106.21333333333334	106.42666666666666	106.26	106.21333333333334	106.22666666666667	105.96	106.11333333333333	105.96	106.29333333333334	106.16	106.04	106.23333333333333	106.22	106.19333333333333	106.2	106.06	106.11333333333333	105.82	106.14	106.52	106.17333333333333	106.38666666666667	106.26	106.09333333333333	106.22	106.03333333333333	106.33333333333333	106.10666666666667	106.14	106.16	106.01333333333334	106.06	106.4	106.18	106.26	106.66666666666667	106.04666666666667	106.18	106.14	106.32	106.1	106.48	106.55333333333333	105.87333333333333	106.18666666666667	106.18666666666667	106.22	106.15333333333334	106.14666666666666	105.94666666666667	105.14666666666666	102.16	0.0
0.0	102.04666666666667	104.58	105.71333333333334	105.76666666666667	105.81333333333333	105.78666666666666	106.0	105.76666666666667	105.76666666666667	105.98	106.08	105.99333333333334	105.78666666666666	106.06666666666666	106.03333333333333	105.88666666666667	105.54666666666667	105.86	105.85333333333334	105.74	106.06	105.75333333333333	106.09333333333333	106.23333333333333	106.30666666666667	105.69333333333333	105.69333333333333	105.96	105.86	106.14	106.01333333333334	105.83333333333333	105.81333333333333	105.92666666666666	105.73333333333333	106.1	105.87333333333333	106.00666666666666	106.23333333333333	105.82	105.99333333333334	105.86666666666666	105.98	105.94666666666667	106.19333333333333	105.97333333333333	105.78666666666666	106.0	106.1	106.22666666666667	106.08666666666667	105.99333333333334	106.08666666666667	105.67333333333333	105.78	105.88666666666667	105.90666666666667	105.79333333333334	105.84666666666666	105.7	105.78666666666666	106.14	106.01333333333334	105.71333333333334	105.88666666666667	105.84	105.71333333333334	105.46666666666667	105.30666666666667	104.69333333333333	101.62	0.0
0.0	102.28666666666666	105.03333333333333	105.16666666666667	106.14666666666666	106.29333333333334	105.92666666666666	105.78666666666666	106.14666666666666	105.95333333333333	106.22666666666667	105.78	105.85333333333334	105.82666666666667	105.86	105.99333333333334	105.94	106.0	105.77333333333333	106.06666666666666	105.88	106.51333333333334	106.13333333333334	105.99333333333334	106.02	106.01333333333334	106.13333333333334	106.3	106.08666666666667	106.2	106.31333333333333	105.88	106.0	106.24666666666667	106.19333333333333	106.19333333333333	105.98	105.8	106.02666666666667	105.71333333333334	105.80666666666667	106.04666666666667	106.30666666666667	105.78666666666666	106.26	105.95333333333333	105.86666666666666	105.81333333333333	105.7	106.32666666666667	106.1	106.30666666666667	106.16666666666667	106.18666666666667	106.22	105.78	106.12	105.86	106.22	106.04	106.09333333333333	105.8	106.05333333333333	105.61333333333333	105.9	106.05333333333333	105.96666666666667	105.58666666666667	105.79333333333334	105.64666666666666	104.9	102.13333333333334	0.0
0.0	102.04666666666667	105.22666666666667	105.83333333333333	106.07333333333334	106.15333333333334	106.00666666666666	106.21333333333334	106.30666666666667	106.46666666666667	106.2	106.26666666666667	106.35333333333334	106.37333333333333	106.3	106.4	106.38	106.18	106.36	106.37333333333333	106.24	105.97333333333333	106.22	106.12666666666667	106.18666666666667	106.48666666666666	106.4	106.34666666666666	106.32666666666667	106.2	106.09333333333333	106.09333333333333	106.28666666666666	106.42666666666666	105.97333333333333	106.17333333333333	106.30666666666667	106.13333333333334	106.10666666666667	106.39333333333333	106.68666666666667	106.3	106.54	106.28666666666666	106.57333333333334	106.24	106.44	106.26	106.03333333333333	106.00666666666666	106.13333333333334	106.33333333333333	106.03333333333333	106.43333333333334	106.24666666666667	105.94666666666667	106.02	105.99333333333334	106.40666666666667	106.00666666666666	106.30666666666667	106.55333333333333	106.19333333333333	106.48666666666666	106.57333333333334	106.09333333333333	106.2	106.26666666666667	105.95333333333333	105.71333333333334	104.96666666666667	102.32666666666667	0.0
0.0	101.86666666666666	104.51333333333334	105.44	105.26	105.68	105.72	105.33333333333333	105.38666666666667	105.51333333333334	105.46666666666667	105.65333333333334	105.73333333333333	105.51333333333334	105.66	105.62	105.84	105.66666666666667	105.91333333333333	105.55333333333333	105.85333333333334	105.32	105.33333333333333	105.84	105.32	105.55333333333333	105.39333333333333	105.54666666666667	105.51333333333334	105.60666666666667	105.5	105.8	105.79333333333334	105.37333333333333	105.20666666666666	105.32	105.29333333333334	105.51333333333334	105.45333333333333	105.42666666666666	105.55333333333333	105.75333333333333	105.63333333333334	105.75333333333333	105.54666666666667	105.42	105.78	105.70666666666666	105.68	105.88	105.86	106.08666666666667	105.88666666666667	105.69333333333333	105.44666666666667	105.10666666666667	105.54	105.54666666666667	105.44666666666667	105.76	105.82	105.93333333333334	105.67333333333333	105.64666666666666	105.17333333333333	105.26666666666667	105.58666666666667	105.50666666666666	105.30666666666667	105.15333333333334	104.71333333333334	102.0	0.0
0.0	102.03333333333333	105.00666666666666	105.32	105.53333333333333	105.65333333333334	105.57333333333334	105.98666666666666	105.99333333333334	106.02666666666667	105.96	106.09333333333333	105.79333333333334	105.84666666666666	105.94	105.57333333333334	105.95333333333333	105.6	105.68	105.58666666666667	105.83333333333333	105.87333333333333	106.03333333333333	106.28	105.98	106.0	105.97333333333333	106.17333333333333	105.8	105.94	106.06666666666666	106.08666666666667	105.72666666666667	105.78666666666666	105.64	105.73333333333333	106.15333333333334	106.12	106.28666666666666	106.20666666666666	105.86666666666666	106.12	106.16666666666667	106.18	106.18	105.47333333333333	106.08	105.86	105.9	105.86666666666666	105.72	105.80666666666667	106.18	106.12	105.90666666666667	105.56666666666666	106.05333333333333	105.83333333333333	106.15333333333334	105.78666666666666	106.27333333333333	105.75333333333333	105.67333333333333	105.90666666666667	105.64	105.79333333333334	105.84666666666666	105.76666666666667	105.84	105.74666666666667	105.07333333333334	102.0	0.0
0.0	102.46	105.16	105.68	106.33333333333333	106.21333333333334	106.34	106.28	105.94	106.1	106.04	106.07333333333334	106.11333333333333	106.14666666666666	106.12666666666667	105.82666666666667	106.13333333333334	105.92666666666666	106.04	106.02666666666667	106.04666666666667	106.26	105.88666666666667	106.13333333333334	106.18	106.54666666666667	106.32666666666667	106.29333333333334	106.08666666666667	106.19333333333333	106.36	106.13333333333334	106.26	106.02666666666667	106.31333333333333	106.38	106.28666666666666	106.28	106.22666666666667	106.35333333333334	106.35333333333334	105.98666666666666	105.88	106.15333333333334	106.06	106.06666666666666	106.38	106.22	106.22	106.07333333333334	106.32666666666667	106.07333333333334	106.18666666666667	106.20666666666666	106.28	106.30666666666667	106.33333333333333	106.20666666666666	106.18	106.00666666666666	106.14666666666666	106.28	105.88666666666667	106.32666666666667	106.21333333333334	106.32	106.11333333333333	105.98	105.63333333333334	105.36666666666666	105.05333333333333	102.13333333333334	0.0
0.0	101.98	104.73333333333333	105.54	106.04	106.02666666666667	106.02666666666667	105.92666666666666	106.08	105.88666666666667	106.04	105.86	105.72	106.39333333333333	106.33333333333333	105.92666666666666	105.42	105.83333333333333	105.56	105.97333333333333	105.96666666666667	106.04	105.68	105.94666666666667	105.96666666666667	105.89333333333333	105.81333333333333	105.73333333333333	105.90666666666667	105.98666666666666	106.02	105.72	105.89333333333333	106.16666666666667	105.96	105.85333333333334	105.89333333333333	105.92666666666666	106.0	105.81333333333333	105.90666666666667	105.77333333333333	105.81333333333333	105.77333333333333	105.92	105.78	105.65333333333334	106.17333333333333	105.80666666666667	105.86	105.97333333333333	105.52666666666667	105.64	105.72	105.98666666666666	105.62666666666667	105.94	105.85333333333334	105.78666666666666	105.77333333333333	106.35333333333334	106.19333333333333	105.91333333333333	106.08666666666667	105.61333333333333	105.79333333333334	105.9	105.88666666666667	105.69333333333333	105.65333333333334	105.02666666666667	101.75333333333333	0.0
0.0	101.92	105.05333333333333	105.70666666666666	105.69333333333333	106.11333333333333	106.10666666666667	106.09333333333333	105.69333333333333	106.15333333333334	106.03333333333333	106.12	105.92	105.80666666666667	105.76666666666667	105.93333333333334	106.18	105.87333333333333	105.90666666666667	106.17333333333333	106.27333333333333	105.91333333333333	106.04	105.9	106.28	105.91333333333333	105.82666666666667	106.23333333333333	105.92666666666666	105.66	106.08666666666667	106.15333333333334	105.94666666666667	105.96	105.96666666666667	106.22666666666667	106.05333333333333	106.04	106.05333333333333	106.45333333333333	105.98	105.94	106.14666666666666	106.22666666666667	105.8	105.96	105.72	105.96666666666667	105.90666666666667	106.03333333333333	106.02666666666667	105.76	106.24	106.00666666666666	106.1	105.83333333333333	106.11333333333333	105.84666666666666	105.75333333333333	105.94	106.36	106.12666666666667	106.2	105.96666666666667	105.75333333333333	105.8	106.13333333333334	105.91333333333333	105.52	105.49333333333334	104.78666666666666	101.77333333333333	0.0
0.0	102.14666666666666	105.30666666666667	106.06	106.11333333333333	106.69333333333333	106.89333333333333	106.56	106.28666666666666	106.74	106.84666666666666	106.66	106.53333333333333	106.48	106.16666666666667	106.41333333333333	106.37333333333333	106.45333333333333	106.2	106.37333333333333	106.49333333333334	106.52	106.39333333333333	106.60666666666667	106.76	106.72	106.62666666666667	106.35333333333334	106.65333333333334	106.48	106.7	106.64	106.50666666666666	106.58	106.24666666666667	106.45333333333333	106.45333333333333	106.1	106.58	106.54666666666667	106.45333333333333	106.74666666666667	106.40666666666667	106.54666666666667	106.42	106.54666666666667	106.3	106.47333333333333	106.5	106.15333333333334	106.68	106.5	106.27333333333333	105.86	106.36666666666666	106.40666666666667	106.75333333333333	106.92	106.75333333333333	106.40666666666667	106.50666666666666	106.55333333333333	106.52666666666667	106.67333333333333	106.34	106.48	106.55333333333333	106.21333333333334	105.93333333333334	106.08666666666667	105.58	102.2	0.0
0.0	102.27333333333333	105.20666666666666	105.32	105.60666666666667	105.64	105.99333333333334	106.12666666666667	106.42	105.94666666666667	106.44666666666667	106.19333333333333	105.78666666666666	106.42	106.04666666666667	105.88666666666667	106.24666666666667	106.38666666666667	106.14	106.06	106.16666666666667	106.00666666666666	105.98666666666666	106.12	106.0	106.47333333333333	105.98666666666666	106.16	105.94666666666667	106.19333333333333	106.22666666666667	106.14666666666666	106.02666666666667	106.24666666666667	106.02666666666667	105.92	105.98666666666666	106.06	106.01333333333334	106.14	106.28	105.96	106.12666666666667	106.26	105.86666666666666	106.26	106.16666666666667	106.07333333333334	106.03333333333333	106.41333333333333	106.0	105.84666666666666	106.21333333333334	106.5	106.64666666666666	106.68666666666667	106.16	106.18666666666667	105.86	106.23333333333333	106.11333333333333	106.20666666666666	106.41333333333333	106.15333333333334	105.88666666666667	105.88	105.97333333333333	106.05333333333333	105.61333333333333	105.87333333333333	105.06666666666666	102.16666666666667	0.0
0.0	102.02	104.97333333333333	105.94666666666667	106.47333333333333	106.18	106.27333333333333	106.22	106.42	106.3	106.36666666666666	106.39333333333333	106.16	106.19333333333333	106.51333333333334	106.31333333333333	106.18666666666667	106.02666666666667	106.14	106.30666666666667	106.62	106.36666666666666	106.19333333333333	106.33333333333333	105.92	106.12666666666667	106.10666666666667	105.96	106.14	106.36666666666666	106.15333333333334	106.76666666666667	106.37333333333333	106.19333333333333	106.30666666666667	106.06666666666666	106.23333333333333	105.90666666666667	105.82666666666667	106.28666666666666	106.67333333333333	106.27333333333333	106.24666666666667	106.26	106.4	106.21333333333334	106.10666666666667	106.14	106.06666666666666	106.27333333333333	105.86666666666666	106.2	106.13333333333334	105.68666666666667	106.24	106.22	106.09333333333333	105.96666666666667	106.29333333333334	106.18	106.11333333333333	106.4	106.34	106.2	106.22666666666667	106.16	106.13333333333334	106.37333333333333	106.06666666666666	105.84	105.03333333333333	102.11333333333333	0.0
0.0	102.3	105.37333333333333	105.89333333333333	106.24666666666667	106.48666666666666	106.33333333333333	106.15333333333334	106.47333333333333	106.13333333333334	106.76666666666667	106.25333333333333	106.30666666666667	106.58666666666667	106.16666666666667	106.52	106.17333333333333	106.47333333333333	106.34	106.26666666666667	106.41333333333333	106.53333333333333	106.27333333333333	106.16	106.24666666666667	106.26	106.43333333333334	106.56666666666666	106.31333333333333	106.14666666666666	106.3	106.28	106.27333333333333	106.11333333333333	106.12666666666667	106.38	106.43333333333334	106.19333333333333	106.56	106.27333333333333	106.36	106.40666666666667	106.3	106.14666666666666	106.48	106.41333333333333	106.06	106.75333333333333	106.50666666666666	106.59333333333333	106.52666666666667	106.39333333333333	106.54666666666667	106.48666666666666	106.44	106.34666666666666	106.50666666666666	106.63333333333334	106.26666666666667	106.2	106.32666666666667	106.1	106.34666666666666	106.45333333333333	106.18666666666667	106.43333333333334	106.34	106.24	106.03333333333333	105.65333333333334	105.08	102.23333333333333	0.0
0.0	102.00666666666666	105.4	105.68666666666667	106.09333333333333	106.19333333333333	105.99333333333334	106.0	106.04	106.14666666666666	106.31333333333333	106.11333333333333	105.91333333333333	105.88666666666667	106.04	105.8	106.03333333333333	105.89333333333333	106.00666666666666	105.81333333333333	105.96666666666667	106.1	106.1	105.76	106.08666666666667	106.01333333333334	105.99333333333334	105.88666666666667	105.9	106.16	105.9	105.86666666666666	105.77333333333333	105.82666666666667	106.18	105.98	106.32	105.93333333333334	105.94666666666667	106.28	105.96	105.94	105.98666666666666	105.97333333333333	106.00666666666666	105.82	106.16	105.9	106.05333333333333	106.05333333333333	106.01333333333334	105.82666666666667	105.98	106.08	106.02	105.86666666666666	106.13333333333334	106.00666666666666	106.08666666666667	106.23333333333333	105.97333333333333	106.02666666666667	105.89333333333333	106.24	106.44	105.99333333333334	105.89333333333333	105.72	106.02666666666667	105.53333333333333	104.81333333333333	102.2	0.0
0.0	101.97333333333333	104.90666666666667	105.38	105.88666666666667	105.83333333333333	106.05333333333333	105.94666666666667	105.94	105.91333333333333	106.40666666666667	105.59333333333333	106.24	105.83333333333333	105.80666666666667	105.80666666666667	106.25333333333333	106.11333333333333	106.00666666666666	105.80666666666667	106.09333333333333	106.08666666666667	105.86666666666666	106.06	105.81333333333333	106.22	105.82	105.96	105.81333333333333	105.93333333333334	105.88666666666667	106.08666666666667	105.96	105.88666666666667	105.91333333333333	105.54666666666667	105.49333333333334	105.88	105.88666666666667	106.03333333333333	106.02666666666667	105.66666666666667	106.12666666666667	106.00666666666666	105.84666666666666	105.92666666666666	105.90666666666667	105.76	105.84666666666666	105.72	105.93333333333334	105.85333333333334	105.86666666666666	105.85333333333334	106.02666666666667	105.9	105.92666666666666	106.31333333333333	106.14	106.03333333333333	106.2	105.86	106.02666666666667	106.11333333333333	105.91333333333333	105.90666666666667	106.02666666666667	105.78666666666666	105.90666666666667	105.53333333333333	104.53333333333333	102.12666666666667	0.0
0.0	102.02666666666667	104.87333333333333	105.80666666666667	106.1	105.94	105.94666666666667	106.06666666666666	105.97333333333333	105.80666666666667	105.9	106.16	105.68	105.90666666666667	106.05333333333333	106.24	106.18666666666667	106.24666666666667	106.05333333333333	105.82666666666667	105.95333333333333	105.98	105.90666666666667	105.83333333333333	105.67333333333333	106.05333333333333	105.98	106.13333333333334	105.63333333333334	106.03333333333333	106.07333333333334	105.89333333333333	105.98	105.83333333333333	105.79333333333334	105.76666666666667	106.12666666666667	105.90666666666667	105.94	106.06666666666666	105.72	105.9	105.67333333333333	106.13333333333334	106.15333333333334	106.06	105.58	106.05333333333333	106.06	105.78666666666666	105.98	105.93333333333334	105.95333333333333	106.02666666666667	105.93333333333334	106.14	106.11333333333333	106.06666666666666	105.98	105.87333333333333	106.20666666666666	105.92666666666666	105.96	105.84666666666666	106.02	106.06	105.92666666666666	105.9	105.76	105.38	105.08666666666667	102.10666666666667	0.0
0.0	101.86666666666666	105.10666666666667	105.9	106.08	106.16666666666667	106.21333333333334	106.45333333333333	106.20666666666666	105.94666666666667	106.14666666666666	106.32	105.68666666666667	105.81333333333333	106.21333333333334	106.29333333333334	105.82	105.91333333333333	106.18	106.28666666666666	106.22	105.98	106.34	105.92666666666666	105.80666666666667	106.34	106.02666666666667	106.07333333333334	105.93333333333334	105.98666666666666	105.97333333333333	106.27333333333333	106.16	106.07333333333334	105.98	106.00666666666666	105.82666666666667	105.80666666666667	106.09333333333333	106.05333333333333	106.35333333333334	106.16	106.11333333333333	106.13333333333334	105.98666666666666	106.00666666666666	106.2	105.90666666666667	106.22666666666667	106.26	105.77333333333333	106.34666666666666	105.90666666666667	105.92	106.28666666666666	106.29333333333334	105.86	106.20666666666666	105.91333333333333	105.86	105.99333333333334	106.02666666666667	106.11333333333333	106.21333333333334	106.22	106.45333333333333	106.48666666666666	106.01333333333334	105.9	105.68666666666667	104.62	101.84	0.0
0.0	102.05333333333333	104.93333333333334	105.32666666666667	105.85333333333334	105.77333333333333	106.13333333333334	106.35333333333334	105.94666666666667	106.0	106.16666666666667	105.78	105.96	106.29333333333334	105.97333333333333	105.83333333333333	105.93333333333334	106.14	106.04	105.79333333333334	105.91333333333333	106.06	105.88	106.09333333333333	106.2	106.06	106.04666666666667	105.93333333333334	105.90666666666667	105.76	106.12666666666667	106.11333333333333	105.92	106.03333333333333	106.16	105.82666666666667	106.06	106.21333333333334	106.01333333333334	106.21333333333334	105.78	105.97333333333333	105.76666666666667	106.26666666666667	106.33333333333333	106.39333333333333	105.86666666666666	105.9	106.15333333333334	105.92	105.86666666666666	106.06666666666666	106.45333333333333	106.06	106.13333333333334	105.87333333333333	106.08	106.06	106.12666666666667	106.22	105.98	106.06666666666666	105.92666666666666	105.85333333333334	105.96	106.33333333333333	105.9	106.22	106.24666666666667	105.56666666666666	104.86	102.0	0.0
0.0	101.56	104.88	105.48	105.98	105.71333333333334	106.09333333333333	106.23333333333333	105.88	105.87333333333333	105.96666666666667	105.73333333333333	106.11333333333333	106.12666666666667	105.80666666666667	105.97333333333333	105.99333333333334	105.62	105.88666666666667	105.85333333333334	106.28	106.03333333333333	105.91333333333333	105.82666666666667	105.98666666666666	106.14666666666666	106.04666666666667	106.0	105.96	105.95333333333333	106.02666666666667	105.92	105.79333333333334	106.0	105.92	105.94666666666667	106.09333333333333	106.01333333333334	105.83333333333333	105.84666666666666	105.93333333333334	105.86	105.78666666666666	106.04	106.24	106.08	106.36	105.77333333333333	105.72	105.89333333333333	105.96	106.1	105.78	105.82	105.45333333333333	105.58666666666667	105.94	105.88666666666667	106.08666666666667	105.86666666666666	105.90666666666667	105.77333333333333	105.74666666666667	105.64	106.01333333333334	106.53333333333333	105.97333333333333	106.17333333333333	105.56	105.56	105.06666666666666	102.03333333333333	0.0
0.0	101.83333333333333	104.96666666666667	105.80666666666667	105.79333333333334	105.90666666666667	106.3	106.31333333333333	106.25333333333333	106.26	106.44666666666667	106.07333333333334	106.16666666666667	106.5	106.08	105.96666666666667	106.12666666666667	106.25333333333333	105.98	106.37333333333333	106.01333333333334	106.27333333333333	106.27333333333333	106.24	106.24	106.04	105.97333333333333	106.32666666666667	106.21333333333334	106.25333333333333	106.4	106.0	106.62666666666667	106.38	106.00666666666666	106.01333333333334	106.15333333333334	106.26666666666667	106.42666666666666	106.29333333333334	106.17333333333333	106.42	106.12666666666667	106.64	106.34	106.18666666666667	106.39333333333333	106.09333333333333	105.94666666666667	106.07333333333334	106.04	106.14666666666666	106.33333333333333	106.25333333333333	106.35333333333334	105.92	106.3	105.95333333333333	106.46	105.98	106.32	106.10666666666667	106.4	106.44666666666667	106.21333333333334	106.22	106.27333333333333	106.37333333333333	105.81333333333333	105.64	105.03333333333333	102.30666666666667	0.0
0.0	101.73333333333333	104.94	105.70666666666666	105.36666666666666	105.92666666666666	106.05333333333333	106.28666666666666	106.00666666666666	106.02	106.1	105.91333333333333	105.7	105.97333333333333	106.02666666666667	106.06666666666666	105.96	106.1	105.92666666666666	106.28	106.03333333333333	106.1	105.84666666666666	105.96666666666667	106.02666666666667	106.00666666666666	105.88666666666667	105.74	106.31333333333333	106.06	105.84	105.64	105.88666666666667	105.76	106.02666666666667	106.12666666666667	105.92666666666666	105.96	105.82	106.08666666666667	105.98	105.92666666666666	105.92666666666666	106.43333333333334	105.88666666666667	106.04	105.96	105.98	105.89333333333333	106.0	105.9	105.98	106.04	106.13333333333334	105.8	105.89333333333333	105.78666666666666	106.13333333333334	105.98	105.84666666666666	106.07333333333334	105.95333333333333	105.99333333333334	106.32666666666667	106.14666666666666	106.03333333333333	105.89333333333333	106.10666666666667	105.91333333333333	105.76666666666667	104.94666666666667	101.76	0.0
0.0	102.23333333333333	105.14	105.65333333333334	105.98	106.06666666666666	106.30666666666667	106.15333333333334	106.43333333333334	106.02666666666667	106.03333333333333	106.14666666666666	105.81333333333333	106.30666666666667	105.84	105.99333333333334	105.94	105.83333333333333	106.19333333333333	106.35333333333334	105.75333333333333	106.02	106.16666666666667	105.71333333333334	106.08	106.28666666666666	106.28	105.98	106.14666666666666	106.09333333333333	106.17333333333333	106.34	106.27333333333333	106.22666666666667	105.85333333333334	106.14666666666666	106.52	105.93333333333334	106.1	106.37333333333333	106.22	106.26	105.81333333333333	105.82	105.98666666666666	106.01333333333334	106.42666666666666	106.24	106.26	106.18	105.96666666666667	106.03333333333333	106.3	105.91333333333333	106.24666666666667	106.22666666666667	105.84	106.04666666666667	106.03333333333333	105.98666666666666	106.0	106.18	106.00666666666666	106.24	106.22666666666667	106.12666666666667	106.30666666666667	106.24	106.04	105.6	105.14666666666666	102.02	0.0
0.0	102.18	105.15333333333334	105.76	105.94	106.23333333333333	106.1	106.23333333333333	106.18666666666667	106.20666666666666	106.17333333333333	106.42	106.26666666666667	106.02	106.22	106.34666666666666	106.37333333333333	106.24666666666667	106.42666666666666	106.14666666666666	106.11333333333333	106.24666666666667	106.31333333333333	105.96	106.28	106.28666666666666	106.34666666666666	105.93333333333334	106.26666666666667	105.98666666666666	106.43333333333334	106.05333333333333	105.85333333333334	105.96666666666667	106.12666666666667	106.12666666666667	106.07333333333334	105.99333333333334	106.38666666666667	106.2	106.27333333333333	106.07333333333334	106.27333333333333	106.23333333333333	106.34	105.97333333333333	106.32	106.27333333333333	106.22	106.04	106.45333333333333	106.39333333333333	106.38666666666667	106.16	106.08	106.24666666666667	106.34666666666666	106.17333333333333	106.04666666666667	106.05333333333333	106.16666666666667	106.29333333333334	106.19333333333333	105.97333333333333	106.11333333333333	106.12666666666667	106.06666666666666	106.07333333333334	106.1	105.82666666666667	105.05333333333333	101.84666666666666	0.0
0.0	102.16666666666667	104.97333333333333	105.36666666666666	105.7	105.88	105.99333333333334	105.91333333333333	106.28666666666666	106.21333333333334	106.02666666666667	105.86	105.8	105.95333333333333	105.54	105.86	105.89333333333333	105.79333333333334	105.80666666666667	105.67333333333333	106.06666666666666	105.49333333333334	105.52	105.8	105.34	106.1	106.02	105.96	105.70666666666666	105.57333333333334	105.72666666666667	105.77333333333333	105.76666666666667	105.78	105.96	105.87333333333333	105.56666666666666	105.73333333333333	106.09333333333333	105.9	106.01333333333334	105.7	105.64	105.82666666666667	106.11333333333333	106.14666666666666	106.02	105.63333333333334	105.62666666666667	105.93333333333334	106.16666666666667	105.81333333333333	105.92666666666666	105.81333333333333	105.66666666666667	105.44666666666667	105.53333333333333	105.86	105.88	105.48	105.88	106.03333333333333	105.37333333333333	105.62666666666667	105.96	106.22	105.83333333333333	105.87333333333333	105.50666666666666	105.6	105.01333333333334	101.94	0.0
0.0	102.26666666666667	104.86	105.6	105.66	105.94666666666667	105.89333333333333	106.15333333333334	105.48666666666666	105.68	106.03333333333333	106.18	105.62	105.92666666666666	106.10666666666667	106.06666666666666	105.84	106.25333333333333	106.16666666666667	106.21333333333334	106.01333333333334	106.18	106.22	105.91333333333333	106.02666666666667	106.20666666666666	106.15333333333334	105.92666666666666	106.12	106.04	105.8	106.15333333333334	106.14	106.39333333333333	105.9	105.98	106.37333333333333	106.08666666666667	106.04666666666667	106.23333333333333	106.16	106.07333333333334	106.07333333333334	106.44	105.9	105.74	105.81333333333333	105.77333333333333	105.82	106.16666666666667	105.94	106.40666666666667	105.97333333333333	105.89333333333333	105.84666666666666	105.88	105.9	105.90666666666667	106.32	105.94666666666667	105.72666666666667	105.9	106.12	105.92	106.38	106.32666666666667	106.20666666666666	105.84666666666666	105.96666666666667	105.77333333333333	104.89333333333333	102.37333333333333	0.0
0.0	101.91333333333333	104.96	105.73333333333333	105.96	105.99333333333334	106.28666666666666	106.17333333333333	106.02666666666667	105.76	105.88666666666667	106.04666666666667	105.94666666666667	105.8	105.93333333333334	105.99333333333334	106.0	106.04	105.83333333333333	105.70666666666666	105.97333333333333	105.82666666666667	105.70666666666666	105.75333333333333	106.14666666666666	106.08	106.00666666666666	106.01333333333334	106.05333333333333	105.99333333333334	106.20666666666666	106.09333333333333	105.92	105.92666666666666	106.02666666666667	105.87333333333333	106.12	106.18666666666667	105.95333333333333	105.88	105.68	105.86666666666666	105.96666666666667	105.98666666666666	106.08666666666667	105.78666666666666	105.85333333333334	105.82666666666667	105.65333333333334	105.84	106.07333333333334	106.09333333333333	106.30666666666667	106.22	105.98	105.72666666666667	105.66666666666667	106.03333333333333	106.04666666666667	106.23333333333333	106.11333333333333	106.12	106.0	105.98666666666666	106.10666666666667	105.85333333333334	105.99333333333334	106.06666666666666	106.2	105.74	104.83333333333333	102.09333333333333	0.0
0.0	101.99333333333334	105.01333333333334	105.53333333333333	105.62666666666667	105.82	105.93333333333334	105.93333333333334	105.72	105.98	105.84666666666666	106.01333333333334	105.90666666666667	105.96	105.88	106.07333333333334	105.84666666666666	106.02666666666667	106.04666666666667	106.06666666666666	105.94666666666667	105.9	105.94666666666667	106.17333333333333	106.11333333333333	106.16666666666667	106.05333333333333	106.24	106.12	106.32666666666667	105.95333333333333	105.99333333333334	106.13333333333334	106.03333333333333	105.75333333333333	105.75333333333333	105.9	106.01333333333334	106.08	106.3	106.04	106.48666666666666	106.02666666666667	106.13333333333334	106.14666666666666	106.05333333333333	105.89333333333333	105.87333333333333	105.98	106.21333333333334	106.11333333333333	105.88	106.02666666666667	105.91333333333333	105.96	105.99333333333334	106.19333333333333	106.3	106.13333333333334	106.39333333333333	106.00666666666666	105.77333333333333	106.22666666666667	106.29333333333334	105.98	105.81333333333333	105.85333333333334	105.96	105.68666666666667	105.58666666666667	105.10666666666667	102.09333333333333	0.0
0.0	102.02666666666667	104.30666666666667	105.69333333333333	105.97333333333333	105.90666666666667	105.78	105.82	105.66	105.83333333333333	105.52666666666667	105.74	105.8	105.80666666666667	106.06	105.69333333333333	105.90666666666667	106.06	106.15333333333334	105.90666666666667	105.84666666666666	105.60666666666667	105.76	105.90666666666667	105.84	106.12	106.21333333333334	105.9	105.83333333333333	106.02	105.83333333333333	106.00666666666666	106.06666666666666	105.86	105.80666666666667	106.09333333333333	105.97333333333333	105.82	105.94	106.0	105.93333333333334	106.26666666666667	106.15333333333334	105.88	105.74666666666667	106.06	106.07333333333334	106.11333333333333	105.62	105.84	105.87333333333333	105.9	105.88666666666667	106.0	106.06666666666666	106.32666666666667	106.01333333333334	105.76	105.7	106.0	105.65333333333334	106.02	106.08	105.88	106.03333333333333	106.00666666666666	105.81333333333333	106.03333333333333	105.64666666666666	105.46666666666667	104.86	101.88666666666667	0.0
0.0	102.34666666666666	105.26	106.0	105.80666666666667	106.02666666666667	106.08	106.08666666666667	106.05333333333333	106.27333333333333	106.16666666666667	106.26	106.18666666666667	106.26666666666667	106.42666666666666	105.94	106.22	105.97333333333333	106.25333333333333	106.24	106.15333333333334	106.30666666666667	106.39333333333333	106.00666666666666	106.16	106.46	106.20666666666666	105.97333333333333	106.14666666666666	105.78666666666666	106.17333333333333	106.18666666666667	106.28	106.43333333333334	106.06666666666666	106.10666666666667	106.22	106.20666666666666	106.12	106.06666666666666	106.22666666666667	106.24	106.1	106.08666666666667	106.16666666666667	105.93333333333334	106.29333333333334	106.52	106.28	106.15333333333334	106.24666666666667	106.41333333333333	106.37333333333333	106.00666666666666	106.06666666666666	105.99333333333334	105.9	106.17333333333333	106.34666666666666	106.19333333333333	106.22	106.02	105.58	106.02	106.26666666666667	106.28666666666666	106.33333333333333	106.6	105.94666666666667	105.95333333333333	105.13333333333334	101.96	0.0
0.0	102.17333333333333	105.15333333333334	106.14666666666666	106.16	106.33333333333333	106.26666666666667	106.36	106.26	106.22666666666667	106.01333333333334	106.26	106.31333333333333	106.44666666666667	106.24666666666667	106.36	106.23333333333333	106.31333333333333	106.23333333333333	106.51333333333334	106.58	106.54	106.25333333333333	105.91333333333333	106.54666666666667	106.13333333333334	106.25333333333333	106.60666666666667	106.50666666666666	106.34666666666666	106.31333333333333	106.12666666666667	106.18666666666667	106.3	105.88666666666667	106.58666666666667	106.45333333333333	106.11333333333333	106.57333333333334	106.20666666666666	106.31333333333333	106.55333333333333	106.26666666666667	106.09333333333333	106.38	106.6	106.48666666666666	106.33333333333333	106.14666666666666	106.10666666666667	106.16	106.64666666666666	106.32666666666667	106.23333333333333	106.44666666666667	106.54666666666667	106.36	106.52	106.12666666666667	106.32	105.99333333333334	106.07333333333334	106.15333333333334	106.44	106.14	106.46	106.24	106.19333333333333	106.16666666666667	106.21333333333334	105.37333333333333	102.33333333333333	0.0
0.0	102.01333333333334	105.26	105.9	106.45333333333333	106.6	106.42666666666666	106.46	106.4	106.43333333333334	106.34666666666666	106.14666666666666	106.52666666666667	106.17333333333333	106.29333333333334	106.37333333333333	106.27333333333333	106.05333333333333	106.28	105.94	106.53333333333333	106.44666666666667	106.42	106.63333333333334	106.32	106.25333333333333	106.22	106.29333333333334	106.02	106.38666666666667	106.04	106.44666666666667	106.06	106.46	106.38666666666667	106.18	106.24666666666667	106.33333333333333	106.13333333333334	106.41333333333333	106.38666666666667	106.19333333333333	106.22666666666667	106.42	106.19333333333333	106.54	106.14666666666666	106.4	106.07333333333334	106.10666666666667	106.30666666666667	106.0	106.13333333333334	106.28666666666666	106.54	106.14	106.48666666666666	106.32	106.2	106.52	106.27333333333333	106.32	106.22	105.98	106.18	106.37333333333333	106.32	106.42	106.15333333333334	105.82666666666667	105.34	102.14	0.0
0.0	101.92	105.18	105.74	105.88	106.29333333333334	105.87333333333333	105.93333333333334	106.46	106.31333333333333	106.24	106.42	106.00666666666666	105.65333333333334	105.79333333333334	105.92666666666666	106.22666666666667	105.9	106.22666666666667	106.59333333333333	106.25333333333333	106.03333333333333	105.80666666666667	106.27333333333333	106.27333333333333	106.34	105.98	106.2	106.07333333333334	105.85333333333334	105.94666666666667	106.06666666666666	106.24	105.99333333333334	105.99333333333334	106.05333333333333	106.20666666666666	106.26666666666667	106.03333333333333	105.91333333333333	105.84	105.88666666666667	106.0	106.1	106.38	105.76666666666667	106.20666666666666	105.97333333333333	105.97333333333333	106.14666666666666	105.8	105.94666666666667	105.82666666666667	105.82	105.59333333333333	106.0	106.04666666666667	106.04666666666667	105.86	106.16	105.85333333333334	106.32	106.14	106.25333333333333	106.49333333333334	105.88	106.01333333333334	106.33333333333333	105.79333333333334	105.73333333333333	105.10666666666667	102.05333333333333	0.0
0.0	102.03333333333333	104.88666666666667	105.52666666666667	106.09333333333333	105.77333333333333	105.74666666666667	105.94666666666667	105.7	106.19333333333333	105.58666666666667	106.00666666666666	106.09333333333333	105.95333333333333	106.26666666666667	106.02666666666667	106.03333333333333	106.01333333333334	106.06666666666666	106.2	105.98666666666666	105.76666666666667	106.09333333333333	105.94	105.91333333333333	106.17333333333333	105.89333333333333	106.13333333333334	106.18	106.26666666666667	106.16	105.90666666666667	105.9	105.74	106.00666666666666	105.75333333333333	105.70666666666666	105.91333333333333	105.62	105.72666666666667	106.16666666666667	105.9	106.05333333333333	105.64666666666666	106.12666666666667	105.94	105.86666666666666	105.99333333333334	105.86	105.86	105.9	105.78	105.96666666666667	106.12	105.98666666666666	106.02	105.70666666666666	106.15333333333334	106.02	105.67333333333333	105.69333333333333	105.84	105.93333333333334	106.18666666666667	106.04	106.12666666666667	105.78	105.66	105.87333333333333	105.68	104.74666666666667	102.13333333333334	0.0
0.0	101.72	105.20666666666666	105.98	105.92	105.96	106.24	105.87333333333333	105.86666666666666	105.93333333333334	106.36666666666666	106.41333333333333	106.4	106.29333333333334	105.96666666666667	105.97333333333333	106.00666666666666	106.11333333333333	106.36	105.84	105.94666666666667	106.03333333333333	106.28666666666666	106.37333333333333	105.92	106.19333333333333	106.43333333333334	105.99333333333334	106.07333333333334	106.01333333333334	106.32	106.04	106.34	105.83333333333333	106.12666666666667	105.78666666666666	106.11333333333333	105.99333333333334	105.79333333333334	105.94666666666667	106.01333333333334	106.22	106.16666666666667	106.26666666666667	106.03333333333333	106.14	106.08666666666667	105.97333333333333	105.98	106.12	106.16	106.08666666666667	106.28666666666666	106.74	106.25333333333333	105.85333333333334	106.15333333333334	106.00666666666666	106.1	106.04	105.96	106.08	106.01333333333334	106.28	106.08666666666667	106.02666666666667	106.1	106.07333333333334	105.74666666666667	105.81333333333333	104.82	102.40666666666667	0.0
0.0	102.07333333333334	104.92666666666666	105.20666666666666	105.9	105.9	105.96	106.32	105.92666666666666	106.10666666666667	106.19333333333333	106.15333333333334	105.96	106.0	106.22	105.97333333333333	106.04	105.80666666666667	106.04666666666667	105.88666666666667	106.31333333333333	106.00666666666666	105.97333333333333	105.88666666666667	106.03333333333333	106.07333333333334	105.74666666666667	106.1	106.09333333333333	106.08666666666667	105.85333333333334	106.16	106.28	106.22666666666667	105.99333333333334	106.23333333333333	106.18	106.0	106.01333333333334	106.26	106.32	105.98	105.98666666666666	106.3	106.22	106.24666666666667	106.08	105.82	105.78	106.02666666666667	106.08	106.36666666666666	106.23333333333333	106.05333333333333	106.01333333333334	106.02	105.80666666666667	106.36	105.74666666666667	106.50666666666666	106.24	105.91333333333333	105.76	105.94666666666667	105.94	105.76	105.69333333333333	105.74666666666667	105.85333333333334	105.81333333333333	105.0	101.94666666666667	0.0
0.0	101.76666666666667	105.0	105.66	106.12666666666667	106.0	105.95333333333333	106.17333333333333	106.23333333333333	105.92666666666666	106.06666666666666	105.89333333333333	105.86	106.08666666666667	106.04	105.74666666666667	106.35333333333334	106.16666666666667	106.28666666666666	106.09333333333333	106.22666666666667	106.27333333333333	106.25333333333333	106.02	105.96	105.92666666666666	106.06	106.17333333333333	106.19333333333333	106.21333333333334	106.11333333333333	105.98	105.90666666666667	105.87333333333333	106.21333333333334	105.89333333333333	105.90666666666667	106.16	106.02666666666667	106.38666666666667	105.82666666666667	106.09333333333333	106.29333333333334	106.24666666666667	106.32666666666667	106.1	106.42666666666666	106.11333333333333	106.16666666666667	106.35333333333334	106.18	105.98666666666666	106.00666666666666	106.44666666666667	105.91333333333333	106.15333333333334	106.09333333333333	106.18	106.12	105.94666666666667	106.06	105.94666666666667	106.1	105.96666666666667	106.28666666666666	106.03333333333333	106.09333333333333	106.06	105.95333333333333	105.56	104.95333333333333	102.04	0.0
0.0	102.6	104.82666666666667	105.68	105.87333333333333	106.06	105.86	106.08	105.98	106.18666666666667	106.03333333333333	106.08666666666667	106.29333333333334	106.05333333333333	106.03333333333333	106.06666666666666	105.88	105.9	105.87333333333333	105.92666666666666	106.12666666666667	106.36	106.10666666666667	106.07333333333334	106.04	105.92666666666666	105.92666666666666	105.84	105.89333333333333	106.02	105.79333333333334	106.00666666666666	105.94	105.98	106.30666666666667	106.05333333333333	106.06	105.98	106.00666666666666	105.95333333333333	105.72	105.91333333333333	106.01333333333334	105.91333333333333	105.98666666666666	106.03333333333333	105.80666666666667	105.84	106.18	105.86666666666666	106.16666666666667	106.22666666666667	106.08666666666667	106.16	105.84	105.82666666666667	105.68	105.77333333333333	105.83333333333333	106.0	106.04	105.98666666666666	105.9	105.76	106.13333333333334	106.09333333333333	106.08666666666667	105.74	106.11333333333333	105.6	105.18	102.29333333333334	0.0
0.0	101.84666666666666	104.82	105.39333333333333	106.08	106.32666666666667	105.87333333333333	106.00666666666666	105.98	106.16	106.26	106.36	105.96666666666667	106.17333333333333	106.18666666666667	106.26	106.12666666666667	105.86666666666666	106.02666666666667	106.07333333333334	106.21333333333334	106.04666666666667	106.11333333333333	106.06666666666666	106.23333333333333	106.26	106.08666666666667	106.20666666666666	106.04666666666667	106.32	106.14666666666666	106.3	106.44	106.21333333333334	106.04	106.01333333333334	106.26	105.96	106.29333333333334	106.22	106.2	106.52666666666667	106.46	106.11333333333333	106.27333333333333	106.4	106.18	105.91333333333333	106.21333333333334	106.26	105.87333333333333	105.99333333333334	106.18	105.90666666666667	106.28	106.06666666666666	106.04	105.83333333333333	106.09333333333333	105.94	106.44666666666667	106.02666666666667	106.21333333333334	106.14666666666666	105.98	106.18	106.12666666666667	106.22	105.72	105.37333333333333	104.92666666666666	101.98666666666666	0.0
0.0	102.04	105.06666666666666	105.98	106.04	105.79333333333334	105.73333333333333	106.12666666666667	106.06666666666666	105.96666666666667	105.92666666666666	106.26	106.18666666666667	106.43333333333334	106.31333333333333	106.41333333333333	106.30666666666667	106.21333333333334	106.17333333333333	106.04666666666667	106.04666666666667	106.07333333333334	106.3	106.04666666666667	106.21333333333334	106.08666666666667	106.07333333333334	106.24	106.16	105.96	105.99333333333334	106.23333333333333	105.70666666666666	105.83333333333333	106.38666666666667	106.41333333333333	106.38666666666667	106.06	106.11333333333333	106.12666666666667	106.10666666666667	106.1	106.26666666666667	106.22	106.04666666666667	106.17333333333333	106.09333333333333	105.95333333333333	105.93333333333334	105.87333333333333	106.16	106.16666666666667	106.17333333333333	106.45333333333333	105.8	106.27333333333333	106.24	105.90666666666667	105.93333333333334	105.96666666666667	106.20666666666666	106.34666666666666	106.32	106.19333333333333	106.30666666666667	105.95333333333333	106.12	105.96	106.15333333333334	105.82666666666667	105.08666666666667	102.0	0.0
0.0	102.06666666666666	105.04666666666667	105.32	105.66666666666667	106.00666666666666	105.94	105.96666666666667	106.04666666666667	105.78666666666666	105.87333333333333	105.80666666666667	105.91333333333333	105.98666666666666	105.96	106.12	105.91333333333333	105.5	105.64	106.06	105.74666666666667	106.08	105.81333333333333	105.82	105.94	105.73333333333333	105.63333333333334	105.82	105.88	106.11333333333333	105.81333333333333	106.06666666666666	105.76666666666667	106.18666666666667	105.98	106.16	106.12	105.93333333333334	105.74666666666667	105.84	105.88	105.88666666666667	106.02666666666667	105.78666666666666	105.98666666666666	105.84	105.52666666666667	106.02	105.68	106.11333333333333	105.76	106.08	106.00666666666666	106.04	105.88	105.6	105.76	105.58666666666667	105.48666666666666	105.98	106.1	105.9	105.88	106.05333333333333	105.84	105.92	105.83333333333333	105.97333333333333	105.66	105.62	104.93333333333334	101.94	0.0
0.0	102.26666666666667	105.06666666666666	105.47333333333333	106.14666666666666	106.01333333333334	106.26	106.17333333333333	105.94	106.12666666666667	106.11333333333333	106.18	106.41333333333333	106.04666666666667	105.76	105.93333333333334	106.00666666666666	106.13333333333334	106.09333333333333	106.08	106.28	106.14	106.18666666666667	106.35333333333334	105.67333333333333	106.02	105.76666666666667	105.80666666666667	105.95333333333333	105.88666666666667	106.16	106.02	105.82	105.70666666666666	106.02	106.28	106.1	106.40666666666667	106.01333333333334	106.27333333333333	106.48666666666666	106.04666666666667	105.91333333333333	106.34	105.90666666666667	106.16	106.18666666666667	106.28666666666666	105.87333333333333	106.22666666666667	105.92	106.14	105.92666666666666	106.26666666666667	106.18666666666667	105.99333333333334	105.91333333333333	106.35333333333334	106.4	105.85333333333334	105.96666666666667	105.8	106.02666666666667	106.18666666666667	106.2	106.22666666666667	105.9	106.00666666666666	105.83333333333333	105.81333333333333	105.14666666666666	102.22	0.0
0.0	102.1	105.02	105.8	105.96	106.04	106.51333333333334	106.56	106.29333333333334	106.06666666666666	106.14666666666666	106.33333333333333	106.05333333333333	106.2	106.48	106.19333333333333	106.00666666666666	106.31333333333333	106.29333333333334	106.08	106.01333333333334	106.10666666666667	106.10666666666667	106.11333333333333	106.19333333333333	106.29333333333334	106.14	106.14666666666666	105.79333333333334	106.16666666666667	106.04	106.60666666666667	106.2	106.12666666666667	106.2	105.8	105.99333333333334	106.36	106.2	106.14	106.40666666666667	106.07333333333334	105.99333333333334	106.16666666666667	105.93333333333334	106.10666666666667	106.32	106.09333333333333	106.16666666666667	106.04666666666667	106.11333333333333	106.02666666666667	106.36	105.82	106.06666666666666	106.46666666666667	106.14666666666666	106.34666666666666	106.30666666666667	106.15333333333334	106.12	106.06	105.92666666666666	106.55333333333333	106.43333333333334	106.27333333333333	105.88	106.06	105.65333333333334	105.91333333333333	105.52666666666667	102.31333333333333	0.0
0.0	102.12666666666667	104.83333333333333	105.9	105.78	106.28666666666666	105.93333333333334	106.26	105.97333333333333	106.34	106.2	106.11333333333333	106.14	105.90666666666667	105.86	106.18	106.21333333333334	106.24	106.31333333333333	106.12666666666667	106.04666666666667	106.17333333333333	105.93333333333334	105.95333333333333	105.59333333333333	105.79333333333334	105.95333333333333	106.13333333333334	105.97333333333333	105.77333333333333	105.84666666666666	105.9	105.98	105.98666666666666	105.80666666666667	105.8	106.12	105.67333333333333	105.87333333333333	106.06	106.00666666666666	106.10666666666667	106.08666666666667	106.08	106.12666666666667	105.99333333333334	106.01333333333334	105.94	105.92	105.72	106.02	106.3	105.69333333333333	105.71333333333334	106.04	105.95333333333333	105.68	105.88666666666667	106.16666666666667	105.98666666666666	106.29333333333334	106.22	106.28666666666666	106.10666666666667	106.14	106.00666666666666	106.06	105.69333333333333	105.84666666666666	105.59333333333333	104.88	102.21333333333334	0.0
0.0	101.95333333333333	104.91333333333333	105.34	105.87333333333333	105.94666666666667	105.78666666666666	105.96	105.91333333333333	105.86666666666666	105.88666666666667	106.02	105.64666666666666	106.04666666666667	105.84	106.04	105.59333333333333	105.81333333333333	106.00666666666666	105.84	106.03333333333333	105.98	105.60666666666667	106.02	105.96	105.88666666666667	106.02666666666667	106.1	106.24666666666667	106.08	105.95333333333333	106.24	106.0	106.11333333333333	106.23333333333333	105.68666666666667	105.86666666666666	105.45333333333333	105.9	106.19333333333333	106.02	106.10666666666667	105.55333333333333	105.6	105.72666666666667	105.94	105.9	105.92	106.08	106.20666666666666	105.93333333333334	106.20666666666666	105.99333333333334	105.82666666666667	105.89333333333333	106.16666666666667	105.85333333333334	106.00666666666666	105.68	106.03333333333333	105.96	106.01333333333334	105.86	105.73333333333333	105.78666666666666	106.29333333333334	105.92666666666666	105.56666666666666	105.86666666666666	105.58	104.84	102.2	0.0
0.0	101.84666666666666	104.70666666666666	105.36666666666666	105.44	105.85333333333334	105.54666666666667	105.86666666666666	105.72666666666667	105.96	105.98666666666666	105.54666666666667	106.00666666666666	105.76666666666667	105.72666666666667	105.77333333333333	105.56	105.94666666666667	106.07333333333334	105.7	106.09333333333333	105.9	105.86666666666666	105.91333333333333	105.94666666666667	105.71333333333334	105.78	105.66	105.94	105.76666666666667	105.81333333333333	105.8	105.35333333333334	105.74	105.70666666666666	105.70666666666666	106.06	105.95333333333333	105.87333333333333	105.99333333333334	105.78	105.69333333333333	105.42666666666666	105.69333333333333	105.82666666666667	105.7	106.11333333333333	105.86666666666666	105.97333333333333	106.08666666666667	105.90666666666667	105.84	105.91333333333333	105.95333333333333	105.93333333333334	105.78666666666666	105.82666666666667	105.76	105.78	105.72666666666667	105.86	105.78	105.84	105.65333333333334	105.67333333333333	105.88	105.48	105.58666666666667	105.89333333333333	105.58	104.74666666666667	102.10666666666667	0.0
0.0	101.96666666666667	105.02	105.72	105.89333333333333	106.3	106.44666666666667	106.10666666666667	106.24	106.18666666666667	106.18666666666667	106.06666666666666	106.34	106.46	106.33333333333333	106.05333333333333	105.96	106.16666666666667	106.22666666666667	106.19333333333333	106.24	105.84	106.35333333333334	106.23333333333333	106.10666666666667	105.96	106.08	106.07333333333334	106.47333333333333	106.3	105.82	105.90666666666667	106.07333333333334	106.29333333333334	106.46	106.51333333333334	106.18666666666667	106.10666666666667	105.97333333333333	106.20666666666666	106.30666666666667	106.19333333333333	106.04666666666667	105.93333333333334	105.98	106.00666666666666	105.98	105.87333333333333	105.98666666666666	106.10666666666667	105.98666666666666	105.97333333333333	106.39333333333333	106.30666666666667	106.05333333333333	106.19333333333333	106.18	106.10666666666667	106.03333333333333	106.01333333333334	105.92	106.2	106.19333333333333	106.02	106.16	106.14	106.0	106.56	106.5	105.95333333333333	105.3	102.16	0.0
0.0	102.15333333333334	104.84	105.70666666666666	105.84	105.86666666666666	105.72666666666667	105.6	105.91333333333333	105.43333333333334	105.64666666666666	105.7	105.76666666666667	105.96	105.78	105.69333333333333	105.72	105.73333333333333	105.8	106.19333333333333	105.91333333333333	105.98	105.82666666666667	105.98	105.92	106.01333333333334	105.75333333333333	105.80666666666667	106.00666666666666	105.79333333333334	105.90666666666667	106.17333333333333	106.1	105.6	106.12	105.86666666666666	105.95333333333333	105.86666666666666	106.4	105.82666666666667	105.93333333333334	105.82666666666667	105.82	105.88666666666667	106.04	105.78	105.83333333333333	105.98666666666666	105.90666666666667	105.90666666666667	106.07333333333334	106.10666666666667	105.78	106.14666666666666	105.91333333333333	105.98	105.62666666666667	105.8	105.81333333333333	106.16	105.93333333333334	105.85333333333334	106.07333333333334	105.77333333333333	105.87333333333333	106.19333333333333	105.80666666666667	106.20666666666666	105.93333333333334	106.02666666666667	104.78	101.9	0.0
0.0	101.94	105.1	105.58	105.97333333333333	106.14666666666666	105.96	106.26	105.79333333333334	106.22	106.2	106.17333333333333	106.14666666666666	106.13333333333334	106.27333333333333	106.12	105.75333333333333	106.26	106.14666666666666	105.78	106.2	106.29333333333334	106.19333333333333	106.31333333333333	106.04	106.04	105.99333333333334	106.43333333333334	106.41333333333333	106.13333333333334	106.00666666666666	106.06	105.90666666666667	106.22	105.96	106.12	106.21333333333334	106.08666666666667	106.3	106.35333333333334	106.11333333333333	106.22	105.91333333333333	106.38	105.97333333333333	105.99333333333334	106.16	106.16	105.75333333333333	106.18	106.24666666666667	106.4	106.27333333333333	105.94666666666667	106.10666666666667	106.22	106.16666666666667	106.22	106.04	106.36666666666666	106.15333333333334	106.36666666666666	106.02	106.21333333333334	106.26	106.06	106.51333333333334	106.14	106.12666666666667	105.96	105.01333333333334	102.26666666666667	0.0
0.0	102.38	105.04	105.76666666666667	105.92	105.74	106.21333333333334	106.03333333333333	105.78666666666666	105.78666666666666	105.81333333333333	106.27333333333333	105.96666666666667	105.99333333333334	106.37333333333333	106.02	105.87333333333333	105.96666666666667	105.9	105.91333333333333	106.07333333333334	105.91333333333333	106.21333333333334	105.70666666666666	105.82	105.78666666666666	106.04666666666667	106.26	105.95333333333333	106.13333333333334	106.04666666666667	106.20666666666666	106.11333333333333	106.06	105.93333333333334	106.05333333333333	106.00666666666666	106.08	106.12666666666667	105.96666666666667	105.96666666666667	106.18	106.05333333333333	106.05333333333333	106.06666666666666	106.25333333333333	106.01333333333334	106.32	106.26666666666667	106.25333333333333	106.06666666666666	106.45333333333333	106.27333333333333	105.98	105.80666666666667	105.9	105.98	106.02666666666667	106.15333333333334	105.94666666666667	105.93333333333334	106.14	106.11333333333333	105.87333333333333	105.92666666666666	105.71333333333334	105.85333333333334	105.94666666666667	105.78666666666666	105.82	105.06	102.12	0.0
0.0	101.8	104.76	105.52	106.06	105.66666666666667	105.92666666666666	105.70666666666666	105.6	105.69333333333333	105.68	105.51333333333334	105.77333333333333	105.63333333333334	105.70666666666666	105.83333333333333	105.72	105.68	105.80666666666667	105.64666666666666	105.62666666666667	105.82666666666667	105.82666666666667	105.96666666666667	105.89333333333333	105.56	105.71333333333334	105.54666666666667	105.52666666666667	106.02666666666667	105.78666666666666	105.78	105.68666666666667	105.78	105.88	105.5	105.71333333333334	105.78666666666666	105.74666666666667	105.54666666666667	105.58666666666667	105.84666666666666	106.2	105.88	105.91333333333333	106.08666666666667	105.86666666666666	105.96	105.80666666666667	105.98	105.97333333333333	105.78	105.62666666666667	105.74666666666667	105.60666666666667	105.8	105.7	105.64666666666666	105.81333333333333	105.69333333333333	105.50666666666666	105.91333333333333	105.76	105.5	105.81333333333333	105.85333333333334	105.78	105.94666666666667	105.9	105.27333333333333	104.64666666666666	102.14	0.0
0.0	102.21333333333334	105.2	105.7	105.98666666666666	106.15333333333334	105.65333333333334	105.88	105.68666666666667	106.26	106.2	106.44	106.53333333333333	106.45333333333333	106.55333333333333	106.1	106.18	106.26666666666667	106.56	106.21333333333334	106.24	106.05333333333333	106.11333333333333	106.28	106.23333333333333	106.36	106.10666666666667	106.36666666666666	106.33333333333333	105.98	105.88	106.30666666666667	106.12	106.24666666666667	106.51333333333334	106.28666666666666	106.42	106.17333333333333	106.42666666666666	106.29333333333334	106.3	106.45333333333333	106.2	106.35333333333334	106.1	106.25333333333333	106.12666666666667	106.09333333333333	105.82666666666667	106.42666666666666	106.04	106.07333333333334	106.12666666666667	106.41333333333333	106.46666666666667	106.44	106.13333333333334	106.44666666666667	106.33333333333333	106.56	106.1	106.13333333333334	106.5	106.15333333333334	105.96	106.48666666666666	106.18	106.11333333333333	106.04666666666667	105.78666666666666	105.28666666666666	102.39333333333333	0.0
0.0	102.14666666666666	105.22	105.68666666666667	105.82666666666667	106.38666666666667	106.01333333333334	106.29333333333334	106.10666666666667	106.11333333333333	106.19333333333333	106.31333333333333	105.93333333333334	105.92	106.22	106.54	106.12666666666667	106.52666666666667	106.22666666666667	106.2	105.94666666666667	106.00666666666666	105.76	105.85333333333334	105.91333333333333	106.22666666666667	106.36666666666666	106.24	106.20666666666666	105.86666666666666	106.34	106.00666666666666	106.31333333333333	105.90666666666667	106.2	105.97333333333333	106.16666666666667	106.01333333333334	106.18666666666667	106.42	106.34	105.96666666666667	106.18	106.16666666666667	105.97333333333333	106.31333333333333	106.18	105.96666666666667	106.31333333333333	106.04	105.92666666666666	106.24	106.2	106.06666666666666	106.16666666666667	106.36666666666666	105.78	106.46	106.01333333333334	106.32666666666667	106.02666666666667	106.05333333333333	106.07333333333334	105.84666666666666	106.01333333333334	105.95333333333333	106.16	106.00666666666666	106.10666666666667	106.06666666666666	104.74666666666667	101.87333333333333	0.0
0.0	101.69333333333333	104.72	105.64	105.88	105.35333333333334	105.56	105.33333333333333	105.22666666666667	105.56	105.38	105.41333333333333	105.48	105.71333333333334	105.54666666666667	105.51333333333334	105.63333333333334	105.68	105.49333333333334	105.64666666666666	105.76	105.59333333333333	105.5	105.68666666666667	105.54	106.04	105.84	105.72666666666667	106.00666666666666	105.79333333333334	105.78666666666666	105.72666666666667	105.84666666666666	106.01333333333334	105.98	105.63333333333334	105.56	105.79333333333334	105.75333333333333	105.76	105.72666666666667	105.90666666666667	105.78	105.59333333333333	105.66	105.61333333333333	105.85333333333334	105.71333333333334	105.49333333333334	105.45333333333333	105.77333333333333	105.51333333333334	105.86	105.68	105.82	105.8	105.75333333333333	106.14	105.79333333333334	105.60666666666667	105.86666666666666	105.46	105.76	105.72666666666667	105.54	105.56	105.48	105.55333333333333	105.55333333333333	105.16	104.61333333333333	102.22	0.0
0.0	102.56666666666666	105.36666666666666	106.38	106.52	106.66	106.4	106.93333333333334	106.91333333333333	106.54666666666667	106.51333333333334	106.35333333333334	106.72	106.44	106.71333333333334	106.6	106.44	106.76	106.62	106.57333333333334	106.71333333333334	106.15333333333334	106.46666666666667	106.12666666666667	106.37333333333333	106.51333333333334	106.47333333333333	106.38666666666667	106.86666666666666	106.85333333333334	106.70666666666666	106.31333333333333	106.47333333333333	106.42666666666666	106.22666666666667	106.32666666666667	106.53333333333333	106.8	106.76	106.48666666666666	106.74	106.6	106.72666666666667	106.59333333333333	106.74	106.64666666666666	106.62666666666667	106.32	106.31333333333333	106.51333333333334	106.48	106.84666666666666	106.29333333333334	106.36	106.62666666666667	106.50666666666666	106.36	106.17333333333333	105.93333333333334	106.49333333333334	106.80666666666667	106.78	106.67333333333333	106.82	106.77333333333333	106.72666666666667	106.78	106.68666666666667	106.54	106.29333333333334	105.74	102.29333333333334	0.0
0.0	101.64	105.08666666666667	105.86	106.06666666666666	105.92	105.88666666666667	105.88	106.00666666666666	105.86666666666666	106.28666666666666	105.96666666666667	106.13333333333334	105.89333333333333	106.08666666666667	105.76666666666667	106.03333333333333	106.16666666666667	106.08666666666667	106.21333333333334	105.98	105.84666666666666	105.98	105.98666666666666	106.04666666666667	105.94666666666667	105.92666666666666	106.17333333333333	106.02666666666667	106.0	105.90666666666667	106.26	106.07333333333334	105.74666666666667	105.86	105.84	106.22	105.82666666666667	106.02	106.1	106.07333333333334	106.01333333333334	105.84	105.8	105.58	106.19333333333333	105.78666666666666	106.17333333333333	106.44	106.18	105.97333333333333	105.92666666666666	105.98666666666666	105.7	105.81333333333333	106.19333333333333	106.02666666666667	106.22666666666667	105.73333333333333	106.27333333333333	106.00666666666666	106.02666666666667	105.83333333333333	105.68	105.75333333333333	105.9	105.95333333333333	105.79333333333334	105.96	105.71333333333334	104.74	102.01333333333334	0.0
0.0	101.92	105.11333333333333	105.57333333333334	105.55333333333333	106.0	105.97333333333333	105.93333333333334	105.88	106.01333333333334	105.86	105.92666666666666	105.96	106.64666666666666	106.14666666666666	105.94666666666667	106.26666666666667	105.98666666666666	106.02	106.04	106.03333333333333	105.75333333333333	106.0	105.68	106.23333333333333	106.19333333333333	105.72	106.07333333333334	105.86	106.2	106.16	105.84	105.76	105.94666666666667	105.88	105.77333333333333	106.07333333333334	105.84	106.02666666666667	105.91333333333333	105.8	105.86666666666666	106.08	105.84	106.21333333333334	106.28	106.08666666666667	106.26	106.26	105.65333333333334	106.12	105.94666666666667	105.86	105.96666666666667	106.07333333333334	105.45333333333333	105.89333333333333	105.95333333333333	105.8	106.06666666666666	106.14	105.93333333333334	106.06666666666666	105.99333333333334	105.97333333333333	106.02	105.74	105.93333333333334	105.83333333333333	105.46	104.83333333333333	102.05333333333333	0.0
0.0	102.42	104.94	106.06666666666666	106.31333333333333	106.54	106.46666666666667	106.42666666666666	106.08666666666667	106.22	106.37333333333333	106.37333333333333	106.56	106.36666666666666	106.54666666666667	106.86	106.62666666666667	106.76666666666667	106.45333333333333	106.38666666666667	106.60666666666667	106.62	106.3	106.43333333333334	106.53333333333333	106.65333333333334	106.64	106.57333333333334	106.24666666666667	106.55333333333333	106.55333333333333	106.41333333333333	106.35333333333334	106.34	106.18666666666667	106.59333333333333	106.31333333333333	106.49333333333334	106.84	106.49333333333334	106.12	106.36666666666666	106.35333333333334	106.31333333333333	106.59333333333333	106.64	106.40666666666667	106.26	106.38	106.44	106.57333333333334	106.44666666666667	106.52	106.4	105.98666666666666	106.36666666666666	106.05333333333333	106.06666666666666	106.70666666666666	106.29333333333334	106.52666666666667	106.78	106.58	106.11333333333333	106.62	106.12	106.14666666666666	106.22	106.29333333333334	106.17333333333333	105.4	102.16666666666667	0.0
0.0	102.13333333333334	104.90666666666667	105.42	105.66666666666667	106.00666666666666	106.02666666666667	105.98666666666666	105.97333333333333	105.72	105.94	106.22	106.00666666666666	105.78	105.87333333333333	106.04	105.97333333333333	105.85333333333334	105.64666666666666	106.05333333333333	105.76666666666667	105.74	105.76	106.04	105.9	105.99333333333334	105.94666666666667	106.21333333333334	105.91333333333333	106.06	105.89333333333333	106.01333333333334	105.90666666666667	105.75333333333333	105.98666666666666	105.80666666666667	105.81333333333333	105.82666666666667	105.77333333333333	105.76666666666667	106.12666666666667	106.02	105.64666666666666	106.0	105.9	106.08	105.51333333333334	105.91333333333333	106.0	105.79333333333334	105.88	105.74	106.22666666666667	106.13333333333334	105.98	105.45333333333333	105.51333333333334	105.72666666666667	105.68666666666667	106.06	106.1	105.86666666666666	105.69333333333333	105.78666666666666	105.83333333333333	106.24	105.9	105.67333333333333	105.93333333333334	105.45333333333333	104.76666666666667	101.96666666666667	0.0
0.0	101.80666666666667	105.22666666666667	105.86666666666666	106.28666666666666	106.24	106.22	105.87333333333333	105.85333333333334	106.28	106.1	106.22	106.07333333333334	105.96	106.10666666666667	105.82666666666667	105.92666666666666	106.15333333333334	106.16666666666667	106.01333333333334	106.07333333333334	105.86666666666666	105.61333333333333	106.01333333333334	106.03333333333333	106.22666666666667	106.29333333333334	106.38	106.6	106.39333333333333	106.22	106.08666666666667	106.0	105.99333333333334	106.15333333333334	105.99333333333334	106.41333333333333	106.10666666666667	106.15333333333334	106.05333333333333	105.63333333333334	105.94666666666667	106.09333333333333	106.24	106.28666666666666	105.95333333333333	105.81333333333333	106.00666666666666	106.12	106.15333333333334	106.4	106.01333333333334	106.15333333333334	106.2	106.08	106.17333333333333	106.06666666666666	106.18666666666667	105.96	106.08	105.94666666666667	106.24	106.19333333333333	106.32	106.05333333333333	106.12666666666667	106.22	105.73333333333333	105.9	105.84666666666666	104.85333333333334	101.87333333333333	0.0
0.0	101.61333333333333	104.69333333333333	105.24666666666667	105.69333333333333	106.06666666666666	105.91333333333333	105.91333333333333	105.92	105.66	105.68666666666667	105.71333333333334	105.82	105.92	106.20666666666666	105.79333333333334	105.96	105.90666666666667	105.76666666666667	105.69333333333333	105.71333333333334	105.76	106.06666666666666	105.85333333333334	106.08666666666667	105.81333333333333	105.77333333333333	105.94666666666667	105.57333333333334	106.06	105.96	105.96666666666667	105.69333333333333	105.69333333333333	106.13333333333334	105.98	105.88666666666667	105.92666666666666	106.02	105.64	106.04	105.9	106.09333333333333	105.85333333333334	105.94666666666667	105.95333333333333	106.07333333333334	105.75333333333333	106.1	105.90666666666667	105.86666666666666	106.06666666666666	105.89333333333333	106.11333333333333	105.81333333333333	105.81333333333333	105.77333333333333	106.01333333333334	105.94666666666667	105.83333333333333	106.12	105.94	105.78666666666666	105.92666666666666	105.77333333333333	105.74	106.06666666666666	105.78	105.82	105.67333333333333	104.72	101.76666666666667	0.0
0.0	102.16666666666667	105.06666666666666	105.63333333333334	105.94666666666667	106.17333333333333	106.22	106.22666666666667	106.06	105.9	106.19333333333333	106.14	106.19333333333333	106.2	106.16666666666667	106.4	106.18	106.24	106.02666666666667	105.97333333333333	105.49333333333334	106.10666666666667	106.16	106.07333333333334	105.84666666666666	105.99333333333334	106.16666666666667	106.24666666666667	106.06	106.39333333333333	106.04666666666667	106.04	105.7	105.84666666666666	106.06666666666666	106.02666666666667	106.26666666666667	106.38	105.93333333333334	105.94	105.72666666666667	105.96666666666667	105.96	106.18666666666667	106.12	106.1	105.71333333333334	106.16	106.24	105.63333333333334	106.07333333333334	105.9	106.02666666666667	106.49333333333334	106.12666666666667	106.16	106.03333333333333	106.25333333333333	106.36666666666666	106.34666666666666	106.35333333333334	105.80666666666667	106.14	106.27333333333333	106.05333333333333	106.32	106.23333333333333	106.06666666666666	106.1	105.61333333333333	105.04	101.98666666666666	0.0
0.0	101.66	104.27333333333333	105.21333333333334	105.56	105.58666666666667	105.74	105.63333333333334	105.72666666666667	105.68	105.6	105.53333333333333	106.00666666666666	105.76	105.48666666666666	105.67333333333333	106.01333333333334	105.53333333333333	105.73333333333333	105.87333333333333	105.48	105.46666666666667	105.78666666666666	105.60666666666667	106.02666666666667	105.66	105.96	105.94666666666667	105.75333333333333	105.81333333333333	105.88666666666667	105.66	105.92	105.76	105.46666666666667	106.0	105.76	105.68	105.63333333333334	105.6	105.92	105.95333333333333	105.62666666666667	105.46666666666667	105.96	105.59333333333333	105.65333333333334	105.65333333333334	105.48666666666666	105.58	105.7	105.47333333333333	105.78	105.74666666666667	105.69333333333333	105.55333333333333	106.09333333333333	105.85333333333334	105.89333333333333	105.88666666666667	105.66	105.6	105.3	105.53333333333333	105.50666666666666	105.42	105.79333333333334	105.78666666666666	105.99333333333334	105.32666666666667	104.46666666666667	101.68666666666667	0.0
0.0	102.19333333333333	105.28	105.65333333333334	106.03333333333333	106.19333333333333	106.31333333333333	106.10666666666667	106.06666666666666	106.08	105.98	106.22	105.92666666666666	106.68	105.9	106.01333333333334	105.94	106.21333333333334	106.06	106.24	106.24666666666667	105.83333333333333	106.13333333333334	106.16	106.44666666666667	106.14666666666666	106.44	106.02666666666667	106.38	106.22	106.35333333333334	106.24666666666667	106.26666666666667	106.07333333333334	106.17333333333333	106.15333333333334	106.12666666666667	106.21333333333334	106.3	106.32666666666667	106.25333333333333	106.45333333333333	106.22	106.54	106.01333333333334	106.08	106.34666666666666	106.14666666666666	106.21333333333334	106.40666666666667	106.36	106.22	105.89333333333333	106.0	105.97333333333333	106.62666666666667	106.30666666666667	106.36	106.07333333333334	105.98	106.08666666666667	105.88666666666667	106.14	106.07333333333334	106.56	106.14	106.38	106.08	106.18	105.77333333333333	105.08	102.14	0.0
0.0	102.02	104.65333333333334	105.72666666666667	105.71333333333334	105.56	105.61333333333333	106.05333333333333	105.64	105.87333333333333	105.88666666666667	106.09333333333333	105.96	106.10666666666667	106.06666666666666	106.12	105.84	105.61333333333333	105.82	105.74666666666667	105.86	106.14666666666666	106.0	105.93333333333334	105.62	105.82666666666667	105.68	105.82666666666667	105.94	105.82666666666667	106.05333333333333	106.06	105.87333333333333	105.72666666666667	105.70666666666666	105.77333333333333	106.17333333333333	105.84	105.84666666666666	105.70666666666666	105.69333333333333	105.76666666666667	105.76666666666667	105.88666666666667	105.78	105.58	105.68	105.79333333333334	106.04666666666667	105.84666666666666	105.90666666666667	105.88	105.66	105.68666666666667	105.72	105.98666666666666	105.81333333333333	105.9	105.7	106.0	105.90666666666667	105.80666666666667	106.02666666666667	105.92666666666666	105.66666666666667	105.92666666666666	105.93333333333334	105.84666666666666	105.68666666666667	105.61333333333333	104.80666666666667	101.96	0.0
0.0	102.32	105.25333333333333	105.76	106.04666666666667	105.87333333333333	106.36666666666666	105.97333333333333	106.16666666666667	106.33333333333333	106.76	106.13333333333334	106.04	106.26	106.26	106.06	106.1	106.17333333333333	106.16666666666667	106.20666666666666	106.10666666666667	106.1	106.28666666666666	106.11333333333333	106.08	106.35333333333334	106.07333333333334	106.17333333333333	106.30666666666667	106.03333333333333	106.03333333333333	106.22	106.22	106.46	106.1	106.21333333333334	106.38	106.11333333333333	106.02666666666667	106.28666666666666	106.17333333333333	106.37333333333333	106.3	106.52	106.58666666666667	106.45333333333333	106.43333333333334	106.22666666666667	106.42	106.08	106.26666666666667	106.18	106.17333333333333	106.17333333333333	106.39333333333333	106.32666666666667	106.29333333333334	105.92666666666666	106.22	106.04	106.01333333333334	106.18	105.84666666666666	105.96	106.10666666666667	106.1	106.22666666666667	105.86666666666666	105.97333333333333	105.86	104.96666666666667	101.96	0.0
0.0	101.92666666666666	104.88	105.68666666666667	105.96666666666667	106.27333333333333	106.44666666666667	106.35333333333334	106.04	105.86666666666666	105.86666666666666	105.99333333333334	105.72	105.98	106.0	106.10666666666667	106.26	105.94	105.98	106.24666666666667	106.12	106.26	106.12	106.26666666666667	106.32666666666667	106.11333333333333	106.12666666666667	105.98	106.26	106.31333333333333	106.32	106.07333333333334	106.04666666666667	106.4	106.1	106.08	105.82	105.88666666666667	106.02	106.24666666666667	105.86	105.72	105.97333333333333	106.47333333333333	106.19333333333333	106.1	105.9	106.22	106.16	106.03333333333333	106.16	105.99333333333334	106.22666666666667	105.66	105.99333333333334	105.94	106.17333333333333	106.19333333333333	106.35333333333334	106.2	106.08666666666667	105.96666666666667	105.9	106.01333333333334	106.03333333333333	105.93333333333334	106.09333333333333	106.24	106.32	105.64	104.88666666666667	101.84	0.0
0.0	102.08666666666667	105.04666666666667	105.88	105.79333333333334	106.28	106.14666666666666	106.05333333333333	106.22666666666667	106.31333333333333	105.99333333333334	106.23333333333333	106.12666666666667	106.17333333333333	106.23333333333333	105.96666666666667	106.36	106.14	106.16666666666667	105.82666666666667	106.29333333333334	106.35333333333334	105.84	106.26666666666667	106.10666666666667	106.05333333333333	105.96666666666667	106.14666666666666	106.38666666666667	105.7	105.78	106.16666666666667	105.96666666666667	106.02666666666667	105.93333333333334	106.45333333333333	106.00666666666666	105.76666666666667	106.36666666666666	105.81333333333333	106.02	106.22	106.13333333333334	106.22666666666667	105.82	106.24666666666667	106.35333333333334	106.29333333333334	106.08	106.07333333333334	106.09333333333333	106.16666666666667	106.34666666666666	106.13333333333334	105.99333333333334	106.07333333333334	106.08666666666667	106.41333333333333	106.39333333333333	106.09333333333333	105.96	106.16666666666667	106.06666666666666	106.31333333333333	105.9	105.94	105.72	105.75333333333333	106.03333333333333	105.78666666666666	105.04666666666667	102.22666666666667	0.0
0.0	102.10666666666667	104.6	105.56	105.87333333333333	106.13333333333334	105.9	106.19333333333333	106.02	105.96666666666667	106.18	106.3	105.94	106.04	106.12	106.16	106.02666666666667	106.15333333333334	106.15333333333334	106.39333333333333	105.88666666666667	105.82666666666667	105.93333333333334	105.96666666666667	105.96666666666667	105.73333333333333	105.92	106.06	105.82	105.74666666666667	106.11333333333333	105.96	105.9	105.69333333333333	105.90666666666667	105.84	105.97333333333333	105.67333333333333	106.13333333333334	105.81333333333333	106.18666666666667	105.86666666666666	105.88666666666667	105.99333333333334	106.02	106.26	105.92666666666666	106.10666666666667	105.84	105.98666666666666	106.03333333333333	105.72666666666667	105.98666666666666	106.04	106.03333333333333	105.75333333333333	105.82	106.12	106.30666666666667	106.06666666666666	106.00666666666666	105.94	106.25333333333333	106.12	106.08666666666667	105.72	105.9	105.90666666666667	105.87333333333333	105.61333333333333	104.76	101.72666666666667	0.0
0.0	102.06	105.28	106.10666666666667	106.29333333333334	106.08666666666667	106.53333333333333	106.35333333333334	106.15333333333334	106.6	106.34666666666666	106.38666666666667	106.12666666666667	106.44666666666667	106.54	106.33333333333333	106.48666666666666	106.21333333333334	106.4	105.98	106.28666666666666	106.48	106.33333333333333	106.42	106.54	106.28	106.11333333333333	106.38666666666667	106.42666666666666	106.48	106.49333333333334	106.14666666666666	106.22666666666667	105.88666666666667	106.62666666666667	106.44	106.44666666666667	106.65333333333334	106.39333333333333	106.34	106.18666666666667	106.38	106.51333333333334	106.38666666666667	106.44	106.58666666666667	106.46	106.47333333333333	106.38666666666667	106.4	106.55333333333333	106.24	106.38666666666667	106.04666666666667	106.18666666666667	106.22666666666667	106.20666666666666	106.06666666666666	106.18666666666667	106.32666666666667	106.34	106.36666666666666	106.48666666666666	106.54666666666667	106.38666666666667	106.56666666666666	106.69333333333333	106.29333333333334	106.34	105.96	105.47333333333333	102.2	0.0
0.0	102.32666666666667	104.92666666666666	105.70666666666666	106.32	106.28	106.26666666666667	106.02666666666667	106.04666666666667	106.08	106.11333333333333	105.98666666666666	106.32	106.32666666666667	106.18	106.3	106.22666666666667	106.32	105.89333333333333	106.52666666666667	105.84	105.92666666666666	105.84666666666666	106.04666666666667	106.26666666666667	105.80666666666667	106.02	105.83333333333333	105.97333333333333	106.16666666666667	105.90666666666667	105.94666666666667	106.27333333333333	106.12666666666667	106.43333333333334	106.3	106.44666666666667	106.44	106.24666666666667	106.16666666666667	106.0	106.18	106.12	106.02	105.86	106.28	106.17333333333333	106.07333333333334	106.27333333333333	106.36666666666666	106.15333333333334	105.9	106.46666666666667	106.48666666666666	106.1	106.03333333333333	106.05333333333333	106.26666666666667	106.26	106.07333333333334	106.17333333333333	106.19333333333333	106.38666666666667	106.48666666666666	106.03333333333333	105.97333333333333	106.06666666666666	106.50666666666666	106.26666666666667	105.76	105.15333333333334	102.38	0.0
0.0	102.16666666666667	104.92	105.68	105.53333333333333	105.54	105.79333333333334	105.92666666666666	105.99333333333334	105.48666666666666	106.08	105.74	105.82666666666667	106.12666666666667	105.88	105.72666666666667	106.06666666666666	105.7	105.92	105.61333333333333	105.75333333333333	105.89333333333333	105.74666666666667	105.91333333333333	105.88666666666667	105.83333333333333	105.68	105.52	105.93333333333334	105.78	105.76	105.84	105.66	105.92	105.67333333333333	105.6	105.25333333333333	105.79333333333334	105.8	105.75333333333333	105.82666666666667	105.6	105.98666666666666	105.69333333333333	105.11333333333333	105.70666666666666	105.68	105.59333333333333	105.78	106.28	105.62	105.46666666666667	105.55333333333333	105.60666666666667	105.60666666666667	106.06666666666666	105.66	105.77333333333333	105.82666666666667	105.82	105.87333333333333	105.83333333333333	105.57333333333334	105.95333333333333	105.92666666666666	105.56	105.74	106.03333333333333	105.72	105.51333333333334	104.61333333333333	102.05333333333333	0.0
0.0	102.28666666666666	105.24666666666667	105.83333333333333	105.85333333333334	105.86666666666666	106.11333333333333	106.23333333333333	106.29333333333334	106.72	106.44	106.32	106.02	106.30666666666667	106.18666666666667	106.26	106.10666666666667	106.39333333333333	106.43333333333334	106.41333333333333	106.04	106.14666666666666	106.42	106.02	106.17333333333333	106.66	106.09333333333333	106.42	106.23333333333333	106.48666666666666	106.25333333333333	106.25333333333333	106.38666666666667	106.2	105.89333333333333	106.2	106.26666666666667	105.82666666666667	106.08	105.98666666666666	106.18	106.4	106.59333333333333	106.32666666666667	106.31333333333333	106.30666666666667	106.31333333333333	106.32	106.31333333333333	106.15333333333334	106.19333333333333	106.42666666666666	106.1	106.10666666666667	106.52	106.22	106.05333333333333	106.49333333333334	106.2	106.26666666666667	106.35333333333334	106.42	106.48666666666666	105.86666666666666	106.5	106.54	106.28666666666666	106.22	106.06666666666666	106.18666666666667	105.04666666666667	102.12666666666667	0.0
0.0	102.33333333333333	105.15333333333334	106.00666666666666	105.93333333333334	106.41333333333333	106.12666666666667	105.97333333333333	106.28666666666666	106.48666666666666	106.56666666666666	106.22666666666667	106.34666666666666	106.57333333333334	106.30666666666667	106.1	106.06666666666666	106.12666666666667	106.2	106.48666666666666	106.45333333333333	106.37333333333333	106.24666666666667	106.14	105.86666666666666	106.15333333333334	106.08666666666667	106.2	106.54	106.26	106.34666666666666	106.27333333333333	106.03333333333333	105.92666666666666	106.34666666666666	105.98666666666666	106.6	106.22	106.12666666666667	106.00666666666666	105.96	106.43333333333334	106.39333333333333	106.28	105.94666666666667	105.98666666666666	106.14	106.0	106.28	106.32	106.22666666666667	106.18666666666667	105.98	106.37333333333333	105.90666666666667	106.24666666666667	105.94666666666667	106.05333333333333	105.96666666666667	106.05333333333333	106.19333333333333	106.03333333333333	106.16	106.26666666666667	106.26	105.84	106.08	106.16666666666667	106.15333333333334	105.92	105.07333333333334	102.34666666666666	0.0
0.0	101.81333333333333	105.28666666666666	105.9	106.3	105.94	105.97333333333333	106.01333333333334	105.9	105.84	106.01333333333334	106.10666666666667	105.74666666666667	105.82666666666667	105.95333333333333	106.03333333333333	106.1	106.02	105.82666666666667	106.12	105.90666666666667	105.88	105.7	106.29333333333334	106.12666666666667	105.75333333333333	105.92666666666666	105.81333333333333	105.9	106.14666666666666	106.07333333333334	105.55333333333333	106.01333333333334	105.96	105.98	106.16	106.06	105.88	106.01333333333334	106.01333333333334	105.99333333333334	106.08666666666667	105.96666666666667	105.72666666666667	105.91333333333333	106.04	106.36	105.88	105.72	105.97333333333333	106.18666666666667	106.12	105.99333333333334	105.64	106.06	106.2	106.02666666666667	105.83333333333333	105.86666666666666	105.70666666666666	105.48666666666666	106.1	106.02666666666667	105.77333333333333	105.92	106.09333333333333	106.03333333333333	105.82666666666667	105.73333333333333	105.78	104.76	101.90666666666667	0.0
0.0	102.01333333333334	105.18666666666667	105.93333333333334	106.00666666666666	106.12	106.76666666666667	106.21333333333334	106.36666666666666	106.3	106.99333333333334	106.46	106.72666666666667	106.45333333333333	106.52666666666667	106.46	106.26666666666667	106.18666666666667	106.27333333333333	106.10666666666667	106.31333333333333	106.01333333333334	105.86	106.38	106.22666666666667	106.45333333333333	106.29333333333334	106.18	106.07333333333334	106.72	106.49333333333334	106.32	106.5	106.4	106.29333333333334	106.4	106.14	106.06	106.39333333333333	106.20666666666666	106.66	106.2	106.62666666666667	106.37333333333333	106.27333333333333	106.08	106.50666666666666	106.5	106.38666666666667	106.37333333333333	106.56	106.26	106.49333333333334	106.48666666666666	106.18666666666667	106.35333333333334	106.45333333333333	106.11333333333333	106.27333333333333	106.23333333333333	106.52	106.72	106.39333333333333	106.08	106.44	106.04666666666667	106.06	106.22	106.23333333333333	105.98666666666666	105.22	102.16	0.0
0.0	102.15333333333334	104.98	105.78666666666666	106.07333333333334	106.08	106.61333333333333	106.14666666666666	106.46	106.52666666666667	106.49333333333334	106.02	106.26	106.4	106.00666666666666	106.15333333333334	106.19333333333333	105.84	106.22666666666667	106.16666666666667	106.28	106.55333333333333	106.26	106.44666666666667	106.28	106.52666666666667	106.41333333333333	106.68	106.41333333333333	106.44	106.23333333333333	106.36666666666666	106.15333333333334	106.52666666666667	106.12	106.14	106.28666666666666	106.43333333333334	106.26	106.49333333333334	106.15333333333334	106.46	106.14	106.27333333333333	106.64666666666666	106.51333333333334	106.37333333333333	106.49333333333334	106.06	106.54	106.36	106.41333333333333	106.4	106.41333333333333	106.40666666666667	106.44666666666667	106.49333333333334	106.55333333333333	106.32666666666667	106.04	106.44666666666667	106.06	106.02	106.18	106.62	106.39333333333333	105.83333333333333	106.45333333333333	106.58666666666667	105.79333333333334	105.42666666666666	102.42666666666666	0.0
0.0	101.78666666666666	104.64	105.62666666666667	105.30666666666667	105.68666666666667	105.74	105.6	105.97333333333333	105.91333333333333	105.94666666666667	105.84666666666666	105.83333333333333	106.14666666666666	106.13333333333334	105.73333333333333	105.53333333333333	105.97333333333333	105.87333333333333	106.02	105.68	105.64666666666666	105.59333333333333	106.04666666666667	105.86	106.09333333333333	105.86666666666666	105.83333333333333	106.18	105.84666666666666	105.8	105.62	105.53333333333333	105.63333333333334	106.0	105.77333333333333	105.58	106.12666666666667	105.74666666666667	105.78	105.47333333333333	106.05333333333333	105.76	106.22	105.90666666666667	106.22	105.73333333333333	105.86	105.97333333333333	105.65333333333334	105.79333333333334	105.71333333333334	105.69333333333333	105.63333333333334	105.99333333333334	106.11333333333333	106.03333333333333	105.74666666666667	105.78666666666666	106.00666666666666	105.75333333333333	106.01333333333334	105.74666666666667	106.02666666666667	106.08666666666667	106.12666666666667	106.08	105.73333333333333	105.68666666666667	105.58666666666667	104.53333333333333	102.40666666666667	0.0
0.0	101.70666666666666	104.42666666666666	105.40666666666667	105.84666666666666	105.74666666666667	105.8	105.79333333333334	105.63333333333334	105.7	105.82	105.37333333333333	105.69333333333333	105.5	105.69333333333333	105.86	106.58	106.2	106.01333333333334	106.20666666666666	106.12666666666667	106.10666666666667	105.86	105.86	105.77333333333333	105.64666666666666	105.64	105.48	105.93333333333334	105.85333333333334	105.84	105.94	105.96666666666667	105.98	105.79333333333334	105.63333333333334	105.78	105.58	105.61333333333333	105.68666666666667	105.66666666666667	105.69333333333333	105.92666666666666	105.74	105.57333333333334	105.82666666666667	105.98666666666666	105.65333333333334	105.82	106.01333333333334	105.81333333333333	105.78666666666666	105.83333333333333	105.56	105.7	105.79333333333334	106.1	105.80666666666667	105.91333333333333	105.66	105.81333333333333	105.7	105.85333333333334	105.82666666666667	106.06666666666666	105.82	105.68	105.81333333333333	105.62666666666667	105.88666666666667	104.76666666666667	101.61333333333333	0.0
0.0	101.96	104.83333333333333	105.77333333333333	106.30666666666667	105.94666666666667	106.47333333333333	106.44666666666667	105.93333333333334	106.16	106.32	106.47333333333333	106.10666666666667	106.24	106.55333333333333	106.32666666666667	106.33333333333333	106.22666666666667	106.51333333333334	106.4	106.18666666666667	106.44	106.06666666666666	106.01333333333334	106.19333333333333	106.18666666666667	106.36	106.21333333333334	106.47333333333333	106.47333333333333	106.42	106.60666666666667	106.34666666666666	106.39333333333333	106.29333333333334	106.36666666666666	106.50666666666666	106.07333333333334	106.6	106.35333333333334	106.54666666666667	106.14	106.41333333333333	106.39333333333333	106.32666666666667	106.52	106.26	106.35333333333334	106.32666666666667	106.62666666666667	106.08666666666667	106.14666666666666	106.40666666666667	106.54	106.14666666666666	106.14	106.28	106.07333333333334	105.79333333333334	106.55333333333333	106.16666666666667	106.34666666666666	105.92666666666666	106.38	106.5	106.39333333333333	106.35333333333334	106.16666666666667	106.23333333333333	105.87333333333333	105.58666666666667	102.28	0.0
0.0	102.22	104.56666666666666	105.33333333333333	105.46666666666667	105.9	105.99333333333334	105.42666666666666	105.5	105.85333333333334	105.64666666666666	105.96	105.67333333333333	105.63333333333334	105.75333333333333	105.92666666666666	106.04	105.98	105.86	105.72	105.78	105.76666666666667	105.41333333333333	105.62666666666667	105.92	105.67333333333333	106.12666666666667	105.73333333333333	105.90666666666667	106.07333333333334	106.0	106.08	105.86	106.00666666666666	105.98	105.79333333333334	106.02666666666667	105.76	105.90666666666667	105.72666666666667	105.64666666666666	105.73333333333333	105.6	106.00666666666666	105.7	105.94	105.58666666666667	105.86	105.78666666666666	105.42	106.24666666666667	105.61333333333333	105.55333333333333	105.78666666666666	105.75333333333333	105.86	106.0	105.9	105.88	106.00666666666666	105.73333333333333	105.52	105.86666666666666	105.7	105.78	106.12666666666667	105.61333333333333	105.58666666666667	105.78666666666666	105.63333333333334	105.06666666666666	102.02666666666667	0.0
0.0	102.36666666666666	105.24666666666667	106.08	106.18666666666667	106.50666666666666	106.19333333333333	105.95333333333333	106.07333333333334	105.98666666666666	106.14666666666666	106.18666666666667	106.12	106.11333333333333	106.12	106.52666666666667	106.16	106.00666666666666	106.41333333333333	106.14666666666666	106.36	106.36666666666666	106.47333333333333	106.18	106.46	106.3	106.18666666666667	106.38	105.99333333333334	105.99333333333334	106.10666666666667	106.41333333333333	105.99333333333334	106.39333333333333	106.45333333333333	105.97333333333333	106.3	106.16	105.78	106.46666666666667	106.49333333333334	106.33333333333333	106.2	106.40666666666667	106.51333333333334	106.36666666666666	106.29333333333334	106.30666666666667	106.16	106.04	105.90666666666667	106.22666666666667	106.32666666666667	106.60666666666667	106.24	106.34666666666666	106.30666666666667	106.42666666666666	106.35333333333334	106.34666666666666	106.00666666666666	106.46	106.0	106.24	106.28666666666666	106.24	106.32	106.6	106.20666666666666	105.89333333333333	105.07333333333334	102.48	0.0
0.0	102.00666666666666	105.02	106.22	106.07333333333334	106.36	105.83333333333333	106.04	106.03333333333333	105.84666666666666	105.92	106.38666666666667	106.26666666666667	106.16	106.22	106.34666666666666	106.40666666666667	106.08	106.11333333333333	106.27333333333333	106.24666666666667	106.11333333333333	106.17333333333333	106.32666666666667	106.39333333333333	106.24666666666667	106.24	106.26	106.06666666666666	106.27333333333333	106.32666666666667	106.05333333333333	106.13333333333334	106.28	106.34666666666666	106.20666666666666	106.09333333333333	106.2	105.93333333333334	106.11333333333333	106.26666666666667	106.14666666666666	106.28	106.35333333333334	106.30666666666667	106.22666666666667	106.12	106.05333333333333	106.15333333333334	106.05333333333333	106.01333333333334	106.02666666666667	106.28	106.21333333333334	106.2	106.14666666666666	106.54666666666667	106.34666666666666	106.45333333333333	105.92	106.30666666666667	106.13333333333334	106.50666666666666	106.31333333333333	106.51333333333334	106.37333333333333	106.11333333333333	105.84666666666666	106.10666666666667	105.79333333333334	104.83333333333333	102.1	0.0
0.0	102.1	104.88	105.50666666666666	105.79333333333334	106.21333333333334	105.84	106.22	106.03333333333333	105.95333333333333	105.88	105.66666666666667	106.06666666666666	106.09333333333333	106.0	106.18666666666667	106.10666666666667	106.33333333333333	106.35333333333334	106.08	106.19333333333333	106.03333333333333	105.87333333333333	106.12	105.89333333333333	105.65333333333334	105.84666666666666	105.82	105.78	105.95333333333333	106.06666666666666	105.90666666666667	105.73333333333333	105.71333333333334	105.85333333333334	105.89333333333333	105.81333333333333	105.88666666666667	105.8	106.13333333333334	105.93333333333334	105.75333333333333	105.98	105.8	106.07333333333334	105.96666666666667	106.12666666666667	105.7	105.89333333333333	105.98666666666666	105.69333333333333	105.72666666666667	106.0	105.93333333333334	106.29333333333334	105.86666666666666	105.84	105.76666666666667	106.14666666666666	106.14	106.08666666666667	105.79333333333334	105.96	106.24666666666667	105.93333333333334	105.99333333333334	105.81333333333333	105.51333333333334	105.67333333333333	105.11333333333333	105.08666666666667	102.36	0.0
0.0	102.08666666666667	105.37333333333333	105.31333333333333	106.21333333333334	106.14666666666666	106.07333333333334	105.8	105.96	106.08	106.10666666666667	106.22666666666667	106.2	106.32666666666667	106.03333333333333	106.08	106.24666666666667	106.36666666666666	105.94	106.38666666666667	105.88	106.08666666666667	106.07333333333334	105.84	105.71333333333334	106.29333333333334	106.04	106.09333333333333	105.88	106.08	105.54	105.99333333333334	106.0	106.17333333333333	105.82	106.00666666666666	106.27333333333333	106.13333333333334	106.18	106.16	105.96	106.15333333333334	106.04666666666667	106.08666666666667	106.14	106.20666666666666	105.96666666666667	106.01333333333334	106.44666666666667	106.12666666666667	106.09333333333333	106.13333333333334	106.24	106.39333333333333	106.07333333333334	105.7	105.92666666666666	105.94	106.40666666666667	105.94666666666667	105.80666666666667	105.97333333333333	106.1	106.31333333333333	105.68666666666667	105.94666666666667	105.97333333333333	106.12	105.84666666666666	105.57333333333334	104.82	102.22	0.0
0.0	102.11333333333333	105.36666666666666	105.74	105.98666666666666	106.19333333333333	106.12	106.08666666666667	106.42666666666666	106.28666666666666	106.0	106.24	105.96	106.04	106.08666666666667	105.88666666666667	106.0	106.47333333333333	106.28	106.30666666666667	106.18666666666667	106.2	105.88666666666667	106.17333333333333	106.27333333333333	106.33333333333333	106.14666666666666	106.04	106.12	106.26	106.34666666666666	106.35333333333334	106.15333333333334	106.14666666666666	106.17333333333333	106.40666666666667	106.15333333333334	105.98666666666666	105.83333333333333	106.13333333333334	106.14	106.22	106.06666666666666	106.14	106.54	105.97333333333333	106.31333333333333	106.08666666666667	105.94	106.14	106.28666666666666	106.04666666666667	106.48	106.11333333333333	106.34666666666666	106.01333333333334	106.10666666666667	105.64666666666666	105.8	106.11333333333333	106.15333333333334	106.34	106.35333333333334	106.48	106.34	106.02	106.22666666666667	106.34666666666666	105.83333333333333	105.67333333333333	104.80666666666667	102.22666666666667	0.0
0.0	102.12666666666667	104.55333333333333	105.73333333333333	106.2	105.86	106.16	105.99333333333334	106.17333333333333	106.0	105.87333333333333	105.77333333333333	105.9	106.27333333333333	106.19333333333333	105.82666666666667	105.9	106.13333333333334	106.26	106.24666666666667	106.35333333333334	106.36	106.04666666666667	106.19333333333333	105.81333333333333	106.2	105.96	105.81333333333333	105.98666666666666	105.79333333333334	105.84666666666666	106.09333333333333	106.04	105.85333333333334	106.08666666666667	106.0	106.26	105.90666666666667	106.45333333333333	106.22666666666667	105.98	106.07333333333334	106.13333333333334	105.52666666666667	106.05333333333333	106.12	106.04666666666667	105.84666666666666	106.00666666666666	105.96666666666667	106.12	106.07333333333334	105.92	105.84	106.11333333333333	105.96	106.08666666666667	106.00666666666666	105.95333333333333	105.65333333333334	106.16	105.68666666666667	105.98	105.5	105.78	105.76666666666667	105.72	105.68	106.01333333333334	105.65333333333334	105.31333333333333	102.11333333333333	0.0
0.0	102.3	105.2	106.00666666666666	106.10666666666667	106.22	106.1	106.01333333333334	105.97333333333333	105.78666666666666	106.06666666666666	105.95333333333333	105.98666666666666	106.06666666666666	106.03333333333333	106.20666666666666	106.20666666666666	105.95333333333333	105.94	106.09333333333333	106.16	106.17333333333333	106.12666666666667	106.18	105.7	105.88	106.01333333333334	106.28666666666666	106.05333333333333	105.86666666666666	105.88	105.64666666666666	106.09333333333333	105.92666666666666	105.98	106.09333333333333	106.14666666666666	106.1	106.04666666666667	106.04666666666667	105.78666666666666	106.18666666666667	106.22666666666667	106.15333333333334	106.19333333333333	106.13333333333334	106.06	105.91333333333333	105.88	106.12666666666667	106.08666666666667	106.05333333333333	105.88666666666667	106.36666666666666	106.03333333333333	105.99333333333334	105.98	106.0	106.00666666666666	106.35333333333334	106.01333333333334	105.86	105.78666666666666	106.16666666666667	106.11333333333333	106.11333333333333	105.83333333333333	106.04	105.76	105.48666666666666	104.90666666666667	101.86666666666666	0.0
0.0	102.08	105.08	105.62666666666667	105.86666666666666	105.96	105.74666666666667	106.32666666666667	106.11333333333333	105.82	105.8	105.84	105.94	105.63333333333334	105.94666666666667	105.62	105.94	105.99333333333334	105.94	105.82	105.96	105.94666666666667	105.60666666666667	105.69333333333333	106.2	106.00666666666666	105.58666666666667	105.92666666666666	105.91333333333333	106.00666666666666	106.06666666666666	105.93333333333334	105.98666666666666	106.12	106.11333333333333	106.08666666666667	105.88666666666667	105.9	106.09333333333333	105.89333333333333	105.89333333333333	106.19333333333333	106.19333333333333	105.98666666666666	106.16	105.74	106.04	106.12	105.90666666666667	106.50666666666666	106.13333333333334	106.06666666666666	106.09333333333333	106.02666666666667	106.37333333333333	105.88	105.85333333333334	105.87333333333333	105.83333333333333	106.02	105.7	106.15333333333334	106.08	105.80666666666667	106.13333333333334	106.28	106.08	105.91333333333333	106.08666666666667	105.80666666666667	104.88	101.99333333333334	0.0
0.0	101.99333333333334	104.9	105.67333333333333	105.79333333333334	106.11333333333333	105.98	106.54	106.26	106.08666666666667	105.95333333333333	106.00666666666666	105.90666666666667	106.20666666666666	105.98666666666666	106.14	106.26666666666667	106.08666666666667	105.94	106.02	106.2	106.14	106.38666666666667	105.91333333333333	105.72666666666667	106.16666666666667	106.0	106.11333333333333	105.9	106.05333333333333	106.25333333333333	106.40666666666667	106.08666666666667	106.14	105.95333333333333	105.76	106.03333333333333	106.24	106.04	105.99333333333334	106.08	105.83333333333333	106.04	106.04666666666667	106.13333333333334	106.41333333333333	105.93333333333334	105.61333333333333	105.98666666666666	105.92666666666666	106.12	105.92666666666666	105.94666666666667	105.93333333333334	105.76	106.2	106.16	106.36	106.19333333333333	105.94	106.08	106.08	105.89333333333333	105.88	106.08	106.13333333333334	105.99333333333334	105.88	105.86666666666666	105.47333333333333	104.66	101.98	0.0
0.0	102.04666666666667	105.09333333333333	106.1	106.12666666666667	106.0	106.11333333333333	106.24	106.02666666666667	105.78666666666666	106.0	106.30666666666667	106.10666666666667	106.4	106.11333333333333	106.28	106.24	106.46666666666667	106.22	105.92	106.24	106.12	106.24	106.3	106.32666666666667	106.22666666666667	106.30666666666667	106.23333333333333	106.04666666666667	106.02	106.18666666666667	105.92666666666666	106.04	106.10666666666667	106.32	106.13333333333334	106.04	105.96666666666667	106.24	106.19333333333333	106.36	105.7	106.13333333333334	106.31333333333333	106.33333333333333	106.14666666666666	106.4	106.24666666666667	106.52	106.28	106.07333333333334	106.2	106.55333333333333	106.40666666666667	106.38666666666667	106.5	106.22	106.0	106.35333333333334	105.92	106.12	106.33333333333333	106.36	106.14	106.38666666666667	106.38	106.75333333333333	106.16666666666667	106.14	105.94666666666667	105.24	101.76	0.0
0.0	102.27333333333333	104.84	105.68	106.05333333333333	106.08666666666667	105.98666666666666	105.84666666666666	105.96	105.93333333333334	105.46	106.35333333333334	105.92666666666666	105.66	105.81333333333333	105.9	106.2	106.34	105.84666666666666	106.25333333333333	106.09333333333333	105.81333333333333	105.78666666666666	105.91333333333333	105.9	105.94666666666667	106.10666666666667	106.1	106.06	106.14	105.98	105.85333333333334	106.04	106.04	106.02	105.76666666666667	106.02666666666667	105.72666666666667	105.98	106.09333333333333	105.96	105.99333333333334	106.08666666666667	105.88666666666667	106.24	106.15333333333334	106.03333333333333	105.6	105.60666666666667	106.23333333333333	106.48	106.11333333333333	106.08666666666667	105.98	105.75333333333333	105.53333333333333	105.55333333333333	105.89333333333333	106.07333333333334	106.02	105.53333333333333	105.79333333333334	106.35333333333334	106.02666666666667	105.84666666666666	106.56	106.38	105.9	105.89333333333333	105.39333333333333	104.95333333333333	102.29333333333334	0.0
0.0	101.96	105.08666666666667	105.62	105.99333333333334	106.09333333333333	106.18666666666667	105.93333333333334	105.82666666666667	105.82666666666667	106.22	105.82666666666667	105.84666666666666	105.77333333333333	105.92	105.81333333333333	105.94	105.76666666666667	105.89333333333333	106.42	105.98	106.02666666666667	105.76666666666667	105.55333333333333	106.0	105.74666666666667	105.54666666666667	106.24666666666667	105.81333333333333	106.01333333333334	106.00666666666666	106.09333333333333	105.72	106.02666666666667	105.64	105.68	106.12666666666667	105.81333333333333	106.24666666666667	105.94666666666667	105.98	105.84666666666666	106.16666666666667	105.79333333333334	106.00666666666666	106.27333333333333	106.00666666666666	106.13333333333334	106.36	106.28	105.63333333333334	105.84666666666666	105.91333333333333	106.14666666666666	105.76666666666667	105.66	105.59333333333333	105.95333333333333	106.14	105.90666666666667	106.02	106.10666666666667	106.25333333333333	106.12666666666667	105.69333333333333	105.90666666666667	105.56	105.78666666666666	106.06	105.31333333333333	105.02	102.14	0.0
0.0	102.33333333333333	105.76666666666667	106.26	106.55333333333333	106.46	106.3	106.42666666666666	106.57333333333334	106.47333333333333	106.71333333333334	106.66	106.56666666666666	106.66666666666667	106.45333333333333	106.38666666666667	106.82666666666667	106.49333333333334	106.58666666666667	106.28	106.64	106.20666666666666	106.42666666666666	106.39333333333333	106.95333333333333	106.56	106.58	106.74	106.52666666666667	106.33333333333333	106.65333333333334	106.4	106.40666666666667	106.74666666666667	106.61333333333333	106.66666666666667	106.52	106.67333333333333	106.26666666666667	106.52	106.75333333333333	106.46666666666667	106.64666666666666	106.72	106.58666666666667	106.48666666666666	106.58666666666667	106.44666666666667	106.38	106.56666666666666	106.43333333333334	106.54666666666667	106.46	106.58	106.47333333333333	106.67333333333333	106.72666666666667	106.32666666666667	106.4	106.34	106.37333333333333	106.56	106.86666666666666	106.55333333333333	106.98	106.48666666666666	106.52666666666667	106.66666666666667	106.36666666666666	106.4	105.49333333333334	102.38	0.0
0.0	101.84	104.99333333333334	105.44	105.84666666666666	105.89333333333333	105.78666666666666	105.89333333333333	105.57333333333334	105.82666666666667	105.94	106.08666666666667	105.93333333333334	105.68	105.83333333333333	105.94	106.16666666666667	106.15333333333334	105.88	105.96666666666667	105.98666666666666	105.77333333333333	105.58666666666667	105.70666666666666	105.94	106.07333333333334	106.06666666666666	105.82666666666667	105.99333333333334	106.09333333333333	105.94666666666667	105.68	106.30666666666667	106.02	106.11333333333333	106.41333333333333	106.16	106.31333333333333	106.20666666666666	105.97333333333333	106.02	106.00666666666666	105.73333333333333	105.78	105.96	106.10666666666667	105.82	105.69333333333333	105.76666666666667	105.61333333333333	105.75333333333333	105.9	105.74	105.88	105.60666666666667	105.73333333333333	106.09333333333333	106.06666666666666	106.19333333333333	105.95333333333333	106.08	106.02666666666667	106.06	105.81333333333333	105.85333333333334	106.0	106.30666666666667	105.71333333333334	105.64	105.69333333333333	105.1	102.11333333333333	0.0
0.0	102.24	104.81333333333333	105.94	105.8	105.94666666666667	105.9	106.25333333333333	106.18666666666667	106.05333333333333	105.93333333333334	105.99333333333334	106.08666666666667	106.16666666666667	106.04	106.14666666666666	106.07333333333334	105.94666666666667	105.74	105.86666666666666	105.78	105.76666666666667	105.54	106.20666666666666	105.86666666666666	106.0	105.81333333333333	106.02666666666667	106.0	106.10666666666667	106.02666666666667	105.9	106.02	105.88	106.13333333333334	106.01333333333334	105.79333333333334	106.12	106.13333333333334	105.90666666666667	105.75333333333333	105.56	105.59333333333333	105.74666666666667	105.84	105.92	105.95333333333333	106.15333333333334	106.14666666666666	106.04	105.84	105.74	105.70666666666666	105.9	105.54666666666667	105.91333333333333	106.08666666666667	106.08	106.12666666666667	105.95333333333333	106.07333333333334	105.54666666666667	105.76666666666667	105.84666666666666	105.82	105.95333333333333	105.88666666666667	106.12666666666667	106.13333333333334	105.59333333333333	104.93333333333334	101.80666666666667	0.0
0.0	102.17333333333333	105.33333333333333	105.91333333333333	106.34	106.42666666666666	106.26666666666667	106.32	106.35333333333334	106.21333333333334	106.22666666666667	106.64666666666666	106.30666666666667	106.41333333333333	106.48666666666666	106.4	106.88	106.66666666666667	106.38666666666667	106.43333333333334	106.32666666666667	106.12666666666667	106.24	106.30666666666667	106.12666666666667	106.40666666666667	106.52666666666667	106.25333333333333	106.16	106.42	106.13333333333334	106.1	106.52	106.15333333333334	106.42	106.34	106.52666666666667	106.34666666666666	106.43333333333334	106.34666666666666	106.24666666666667	106.62	106.66	106.23333333333333	106.26666666666667	106.36666666666666	106.59333333333333	106.63333333333334	106.43333333333334	106.3	106.67333333333333	106.36	106.43333333333334	106.41333333333333	106.24666666666667	106.31333333333333	106.36666666666666	106.23333333333333	106.52	106.06	106.32666666666667	106.6	106.30666666666667	106.51333333333334	106.47333333333333	106.31333333333333	106.32	106.47333333333333	106.31333333333333	106.16	105.28666666666666	102.12	0.0
0.0	101.58666666666667	105.03333333333333	105.57333333333334	105.96	106.34666666666666	106.33333333333333	106.01333333333334	106.04666666666667	106.18666666666667	106.2	106.25333333333333	106.3	106.14	106.13333333333334	106.04	106.27333333333333	106.15333333333334	106.16	106.2	106.30666666666667	106.21333333333334	106.02666666666667	106.51333333333334	106.3	106.22	106.07333333333334	106.02666666666667	105.80666666666667	106.38666666666667	106.28	106.16666666666667	106.17333333333333	106.25333333333333	106.49333333333334	106.22666666666667	106.19333333333333	106.39333333333333	106.26	106.41333333333333	106.45333333333333	106.32	106.26	106.16	106.04666666666667	106.49333333333334	106.24	106.17333333333333	106.47333333333333	106.36666666666666	106.3	106.26666666666667	106.40666666666667	106.42666666666666	106.01333333333334	106.36	106.14666666666666	106.28	106.32666666666667	106.29333333333334	106.05333333333333	106.18	106.19333333333333	106.42	106.17333333333333	106.55333333333333	106.2	106.05333333333333	106.36	105.58	105.08	102.04	0.0
0.0	102.12666666666667	105.18	105.87333333333333	106.0	106.0	106.20666666666666	105.78666666666666	106.02	106.08666666666667	106.16	106.10666666666667	105.98	106.12	105.98666666666666	105.96666666666667	106.1	106.02666666666667	106.13333333333334	106.34	105.93333333333334	106.12666666666667	105.89333333333333	106.16666666666667	106.14666666666666	106.06	106.06	106.04666666666667	106.32666666666667	106.40666666666667	106.24666666666667	106.08666666666667	106.34666666666666	105.98666666666666	106.09333333333333	105.86666666666666	105.95333333333333	105.92	105.99333333333334	106.27333333333333	106.54666666666667	106.3	106.07333333333334	106.05333333333333	106.4	106.08	106.09333333333333	106.10666666666667	106.12	105.92666666666666	105.96666666666667	105.94	105.90666666666667	106.05333333333333	106.22	106.12	106.29333333333334	106.42	105.99333333333334	106.11333333333333	106.07333333333334	106.02	105.86666666666666	106.09333333333333	106.1	106.22666666666667	106.08	105.94666666666667	105.65333333333334	105.68666666666667	105.32	102.28666666666666	0.0
0.0	102.36666666666666	105.6	105.94	106.33333333333333	106.60666666666667	106.35333333333334	106.81333333333333	106.50666666666666	106.49333333333334	106.33333333333333	106.58666666666667	105.94	106.24	106.47333333333333	106.26666666666667	106.38666666666667	106.56666666666666	106.07333333333334	106.22666666666667	106.31333333333333	106.48	106.47333333333333	106.56	106.36666666666666	106.17333333333333	106.44	106.57333333333334	106.52	106.17333333333333	106.26666666666667	106.14	106.32	106.54	106.39333333333333	106.32	106.24	106.35333333333334	106.45333333333333	106.74	106.54	106.39333333333333	106.84	106.14666666666666	106.56	106.0	106.31333333333333	106.2	106.17333333333333	106.42666666666666	106.46666666666667	106.62	106.52	106.48666666666666	106.38	106.05333333333333	106.28	106.25333333333333	106.57333333333334	106.52666666666667	106.38666666666667	106.52	106.55333333333333	106.2	106.55333333333333	106.25333333333333	106.1	106.42	106.06666666666666	105.86666666666666	104.96	102.03333333333333	0.0
0.0	102.26	105.14666666666666	106.01333333333334	105.91333333333333	106.04	105.89333333333333	106.04	106.42	106.42	106.78	106.47333333333333	106.56	106.29333333333334	106.65333333333334	106.57333333333334	106.38	106.32	106.24	106.42	106.46666666666667	106.14	106.62666666666667	106.8	106.53333333333333	106.58666666666667	106.74666666666667	106.39333333333333	106.45333333333333	106.32666666666667	106.22666666666667	106.39333333333333	106.40666666666667	106.54666666666667	106.43333333333334	106.11333333333333	106.36	106.47333333333333	106.14666666666666	106.19333333333333	106.3	106.46	106.24	106.19333333333333	106.24	106.6	106.38	106.5	106.60666666666667	107.02666666666667	106.44	107.02	106.29333333333334	106.37333333333333	106.35333333333334	106.37333333333333	106.22	106.5	106.61333333333333	106.32	106.34666666666666	106.52666666666667	106.24666666666667	106.16666666666667	106.52	106.70666666666666	106.57333333333334	106.68666666666667	106.31333333333333	105.94666666666667	105.44	102.34666666666666	0.0
0.0	101.76666666666667	104.4	105.73333333333333	105.62666666666667	105.78666666666666	105.77333333333333	106.1	105.89333333333333	105.73333333333333	106.09333333333333	105.94	106.16666666666667	106.00666666666666	106.16666666666667	105.86666666666666	105.86	105.92	105.62666666666667	105.8	105.77333333333333	105.74	105.88666666666667	105.84666666666666	106.04	105.70666666666666	105.91333333333333	105.79333333333334	105.83333333333333	105.98666666666666	105.73333333333333	105.88	106.04	106.0	106.03333333333333	106.21333333333334	106.07333333333334	105.7	106.09333333333333	105.94	105.91333333333333	105.82666666666667	106.14	105.81333333333333	105.82666666666667	105.82666666666667	105.84666666666666	105.76	106.1	105.62666666666667	105.44666666666667	105.70666666666666	106.03333333333333	106.14	105.86	105.98666666666666	105.78666666666666	105.7	106.12	105.66666666666667	105.96	106.08	106.04	105.89333333333333	105.88	105.84	105.90666666666667	106.04666666666667	105.8	105.36666666666666	104.72666666666667	101.93333333333334	0.0
0.0	102.23333333333333	105.31333333333333	105.78	106.13333333333334	106.41333333333333	106.02666666666667	106.04	106.28	106.04	106.22666666666667	106.36666666666666	106.14666666666666	106.60666666666667	106.58	106.24666666666667	106.36666666666666	106.32666666666667	106.2	106.28	106.44	106.56666666666666	106.20666666666666	106.46666666666667	106.40666666666667	106.56	106.64666666666666	106.38	106.32666666666667	106.02666666666667	106.45333333333333	106.27333333333333	106.19333333333333	106.33333333333333	106.27333333333333	106.30666666666667	106.37333333333333	106.31333333333333	106.35333333333334	106.41333333333333	106.72	106.42	106.18	106.34	106.15333333333334	106.08666666666667	105.90666666666667	106.23333333333333	106.08666666666667	106.42	106.06666666666666	106.34666666666666	106.14	106.29333333333334	106.22666666666667	106.14666666666666	105.8	105.89333333333333	106.51333333333334	106.43333333333334	106.34	106.19333333333333	106.34	106.15333333333334	105.72	106.23333333333333	106.39333333333333	106.30666666666667	106.13333333333334	105.93333333333334	105.28	102.30666666666667	0.0
0.0	101.92666666666666	104.80666666666667	105.58666666666667	105.77333333333333	105.55333333333333	105.99333333333334	105.72666666666667	106.06	105.82	106.06666666666666	106.22666666666667	106.01333333333334	106.32666666666667	106.24	106.19333333333333	106.24666666666667	106.00666666666666	105.87333333333333	106.24666666666667	105.59333333333333	105.92	106.07333333333334	105.80666666666667	106.01333333333334	105.99333333333334	105.82666666666667	105.88666666666667	106.07333333333334	105.87333333333333	106.04666666666667	105.72	105.92	106.27333333333333	105.92666666666666	105.59333333333333	105.98666666666666	105.70666666666666	106.46	106.21333333333334	106.12	105.98	106.26	106.12	105.86	105.87333333333333	105.88	105.89333333333333	105.97333333333333	106.11333333333333	105.68666666666667	105.94666666666667	105.91333333333333	106.24666666666667	105.84666666666666	105.91333333333333	106.1	105.86666666666666	106.10666666666667	106.43333333333334	106.02666666666667	106.34666666666666	105.9	106.16	106.16	106.21333333333334	105.83333333333333	105.99333333333334	105.62666666666667	105.46666666666667	105.04	102.14	0.0
0.0	101.99333333333334	104.96	105.58	106.62666666666667	106.23333333333333	106.16666666666667	106.22666666666667	106.2	106.20666666666666	106.0	106.25333333333333	106.28	106.21333333333334	106.28666666666666	106.48	106.57333333333334	106.28666666666666	106.3	106.28666666666666	106.44	106.22	106.30666666666667	106.02666666666667	106.33333333333333	106.37333333333333	106.1	106.41333333333333	106.22	106.40666666666667	106.44666666666667	106.22666666666667	106.18	106.30666666666667	106.52	106.49333333333334	106.58	106.5	106.57333333333334	106.52	106.53333333333333	106.61333333333333	106.72666666666667	106.40666666666667	106.24666666666667	106.12666666666667	106.15333333333334	106.5	106.37333333333333	106.22	105.99333333333334	106.51333333333334	106.14666666666666	106.28	106.38666666666667	106.18	106.5	106.69333333333333	106.24	106.46666666666667	106.47333333333333	106.24666666666667	106.23333333333333	106.47333333333333	106.25333333333333	106.21333333333334	106.52666666666667	106.03333333333333	106.02666666666667	105.88	105.18666666666667	102.36	0.0
0.0	102.26	104.94	105.52	105.6	106.03333333333333	106.13333333333334	105.95333333333333	106.06666666666666	105.75333333333333	106.22666666666667	106.00666666666666	105.82666666666667	105.95333333333333	105.84	106.05333333333333	106.12	105.7	105.92	106.04	106.00666666666666	106.24	106.04	106.24666666666667	105.91333333333333	105.91333333333333	106.36666666666666	105.99333333333334	106.23333333333333	106.10666666666667	106.02666666666667	105.93333333333334	106.24	106.32	106.07333333333334	106.06	105.86	106.06	105.99333333333334	105.94	106.24666666666667	105.80666666666667	106.09333333333333	106.18666666666667	105.98	106.16	106.24	106.09333333333333	106.44	105.99333333333334	105.89333333333333	106.02	106.14666666666666	106.28	106.24666666666667	105.72	105.97333333333333	106.06666666666666	106.06	105.79333333333334	106.2	105.96	106.02	106.08666666666667	106.22666666666667	105.78	105.76666666666667	105.97333333333333	106.02	105.43333333333334	104.80666666666667	102.36	0.0
0.0	102.29333333333334	105.25333333333333	106.05333333333333	105.99333333333334	106.17333333333333	106.18	105.79333333333334	106.45333333333333	106.39333333333333	106.18	106.06666666666666	106.08666666666667	106.20666666666666	106.24	106.5	106.14	106.16666666666667	106.1	106.22	106.24	106.05333333333333	105.82	106.0	106.01333333333334	106.14	106.09333333333333	106.14666666666666	106.17333333333333	106.25333333333333	106.48	106.26666666666667	106.21333333333334	105.99333333333334	106.24666666666667	106.02	106.08	106.04	106.17333333333333	106.38	106.30666666666667	106.66666666666667	106.14	106.14	106.27333333333333	105.86	106.18666666666667	106.1	106.28666666666666	106.05333333333333	106.06666666666666	106.17333333333333	105.97333333333333	105.96	106.24666666666667	105.82	105.8	106.22666666666667	106.21333333333334	106.25333333333333	106.36666666666666	106.05333333333333	106.04	106.31333333333333	105.82666666666667	106.33333333333333	106.58	106.58666666666667	106.14666666666666	105.97333333333333	104.96	102.26666666666667	0.0
0.0	102.36666666666666	105.34	105.46666666666667	105.69333333333333	106.05333333333333	105.95333333333333	105.76	106.21333333333334	106.4	106.38	106.29333333333334	106.32	106.68666666666667	106.21333333333334	105.97333333333333	106.10666666666667	106.21333333333334	106.31333333333333	106.2	106.2	105.98	105.96	106.51333333333334	106.18666666666667	106.08	106.09333333333333	106.20666666666666	106.23333333333333	106.20666666666666	106.18666666666667	105.97333333333333	106.04666666666667	106.36666666666666	106.11333333333333	106.18	106.18666666666667	106.23333333333333	105.88	106.28	106.36	106.51333333333334	106.15333333333334	106.06	106.41333333333333	106.03333333333333	106.13333333333334	106.01333333333334	106.28666666666666	106.26666666666667	106.14	106.09333333333333	106.37333333333333	106.33333333333333	106.04666666666667	106.22666666666667	106.24	106.13333333333334	106.2	106.18666666666667	106.22	106.1	106.14666666666666	106.1	105.92	105.98666666666666	106.32666666666667	105.9	105.94	105.96666666666667	105.07333333333334	102.34666666666666	0.0
0.0	102.3	105.20666666666666	105.71333333333334	105.69333333333333	106.44666666666667	106.20666666666666	106.3	106.7	106.72666666666667	106.4	106.08666666666667	106.21333333333334	106.29333333333334	106.14666666666666	106.00666666666666	106.20666666666666	106.18666666666667	106.06	106.29333333333334	106.32666666666667	106.26666666666667	106.26666666666667	106.56	106.58666666666667	106.16	106.29333333333334	106.32	106.27333333333333	106.41333333333333	106.29333333333334	106.09333333333333	106.14666666666666	106.30666666666667	106.34	106.53333333333333	106.1	106.46666666666667	106.0	106.25333333333333	106.20666666666666	106.34666666666666	106.2	106.31333333333333	106.41333333333333	106.5	106.74	106.54666666666667	106.44	106.35333333333334	106.34666666666666	106.35333333333334	106.34	106.16666666666667	106.34666666666666	106.5	106.8	106.56666666666666	106.51333333333334	106.42	106.32666666666667	106.31333333333333	106.14	106.63333333333334	106.56666666666666	106.35333333333334	106.34666666666666	106.32	106.30666666666667	105.76666666666667	104.96	101.94666666666667	0.0
0.0	101.80666666666667	104.56666666666666	105.74666666666667	105.63333333333334	106.25333333333333	106.46	106.32	106.26666666666667	106.09333333333333	105.90666666666667	105.96	105.96666666666667	106.26	106.16	106.08	105.89333333333333	106.00666666666666	106.04	106.25333333333333	106.02	105.81333333333333	105.82666666666667	105.81333333333333	105.78666666666666	106.18	106.03333333333333	106.23333333333333	105.95333333333333	105.79333333333334	105.92666666666666	105.92	105.98	105.64666666666666	105.95333333333333	106.03333333333333	106.04666666666667	105.81333333333333	106.1	105.85333333333334	105.87333333333333	105.98	106.17333333333333	106.3	106.05333333333333	105.91333333333333	105.96	105.95333333333333	106.32	106.32666666666667	105.86	106.46	106.0	105.96666666666667	106.11333333333333	106.26666666666667	106.06	106.22666666666667	106.30666666666667	106.01333333333334	106.00666666666666	105.88	106.17333333333333	105.90666666666667	105.82	105.82	105.92	105.54666666666667	105.76	105.57333333333334	104.98666666666666	101.96	0.0
0.0	102.5	105.14	106.16	105.98666666666666	106.30666666666667	106.49333333333334	106.34666666666666	106.41333333333333	106.26666666666667	106.41333333333333	106.29333333333334	106.42	106.16666666666667	106.29333333333334	106.51333333333334	106.50666666666666	106.54666666666667	106.35333333333334	106.25333333333333	106.30666666666667	106.49333333333334	106.56	106.33333333333333	106.35333333333334	106.24	106.64666666666666	106.84666666666666	106.64666666666666	106.5	106.56666666666666	106.28	105.90666666666667	106.47333333333333	106.48666666666666	106.48	106.59333333333333	106.01333333333334	106.59333333333333	106.58666666666667	106.30666666666667	106.1	106.21333333333334	106.19333333333333	106.35333333333334	106.26666666666667	106.36	106.42666666666666	106.27333333333333	106.46666666666667	106.5	106.49333333333334	106.34	106.38	106.42666666666666	106.16666666666667	106.58666666666667	106.27333333333333	106.48	106.25333333333333	106.27333333333333	106.27333333333333	106.21333333333334	106.42	106.13333333333334	106.5	106.58	105.98	106.28666666666666	105.96	105.3	102.42	0.0
0.0	101.89333333333333	105.02666666666667	105.56	106.01333333333334	106.1	105.82666666666667	106.09333333333333	106.02	106.34666666666666	106.01333333333334	106.03333333333333	106.2	106.37333333333333	106.23333333333333	106.13333333333334	106.02	106.08	105.90666666666667	105.96666666666667	106.31333333333333	106.46666666666667	106.2	106.22	106.08666666666667	106.11333333333333	106.27333333333333	106.07333333333334	106.16	106.02666666666667	106.4	106.06	106.16666666666667	105.93333333333334	105.8	106.00666666666666	106.19333333333333	106.08666666666667	106.25333333333333	106.48	106.0	106.19333333333333	106.0	106.14666666666666	106.0	106.13333333333334	106.27333333333333	106.53333333333333	106.20666666666666	106.12	106.11333333333333	106.02666666666667	106.15333333333334	105.98	105.62	106.09333333333333	105.84666666666666	106.22	105.94666666666667	106.09333333333333	106.56	106.35333333333334	106.12	106.2	106.27333333333333	106.17333333333333	105.81333333333333	105.99333333333334	106.16	105.42666666666666	105.07333333333334	102.16666666666667	0.0
0.0	102.00666666666666	104.78	105.82666666666667	105.78666666666666	106.08666666666667	106.36666666666666	105.86666666666666	105.76666666666667	105.94	106.00666666666666	106.00666666666666	106.20666666666666	106.02666666666667	105.86666666666666	106.21333333333334	106.16	105.83333333333333	105.88666666666667	105.73333333333333	105.93333333333334	105.86666666666666	105.80666666666667	105.72	106.02666666666667	105.84666666666666	106.07333333333334	105.91333333333333	106.02666666666667	106.20666666666666	106.1	106.10666666666667	106.1	106.29333333333334	105.91333333333333	105.7	105.83333333333333	105.99333333333334	106.38	105.72	105.89333333333333	105.85333333333334	106.28666666666666	105.96	106.10666666666667	106.18	106.28666666666666	105.74666666666667	105.69333333333333	106.0	106.07333333333334	106.18666666666667	105.76	106.12	105.99333333333334	106.11333333333333	106.1	106.04	106.28666666666666	105.82666666666667	105.88666666666667	106.12666666666667	106.0	105.78	106.0	106.24666666666667	106.0	105.9	105.62666666666667	105.53333333333333	105.04	102.12666666666667	0.0
0.0	102.18	104.99333333333334	105.74	105.86666666666666	106.08	106.16	106.25333333333333	105.98666666666666	105.79333333333334	106.18666666666667	105.83333333333333	105.96	105.65333333333334	105.72	106.05333333333333	106.00666666666666	105.89333333333333	106.1	106.16	105.88	106.07333333333334	105.96	106.05333333333333	105.84666666666666	105.79333333333334	105.72	106.06666666666666	106.0	105.48666666666666	105.71333333333334	106.01333333333334	105.94666666666667	105.61333333333333	105.97333333333333	106.18666666666667	106.15333333333334	105.89333333333333	105.94	105.94	105.98666666666666	105.80666666666667	106.00666666666666	106.19333333333333	106.13333333333334	105.94666666666667	106.26666666666667	105.91333333333333	105.96666666666667	105.92666666666666	106.02	106.1	105.90666666666667	105.85333333333334	105.73333333333333	105.82	105.96666666666667	106.10666666666667	105.86666666666666	105.85333333333334	105.8	106.09333333333333	106.16666666666667	105.84	105.96	106.18	105.88	105.70666666666666	106.15333333333334	105.69333333333333	104.70666666666666	101.83333333333333	0.0
0.0	102.16	104.82666666666667	105.87333333333333	105.81333333333333	105.96666666666667	105.84	106.00666666666666	106.21333333333334	106.26	106.10666666666667	106.15333333333334	105.87333333333333	105.96	106.02666666666667	106.13333333333334	106.22	106.35333333333334	106.4	106.28666666666666	106.38666666666667	105.82	106.28	105.89333333333333	105.95333333333333	106.15333333333334	106.14	106.22666666666667	105.88666666666667	106.34	106.24666666666667	106.25333333333333	106.21333333333334	106.44666666666667	106.18	106.38666666666667	106.24	106.28	106.29333333333334	106.20666666666666	105.94	106.02	106.65333333333334	105.84666666666666	106.26666666666667	106.40666666666667	106.2	106.40666666666667	106.3	106.10666666666667	105.79333333333334	106.17333333333333	106.28	106.14666666666666	106.24666666666667	106.07333333333334	105.9	106.06	106.08666666666667	106.04	106.05333333333333	106.3	106.24666666666667	105.72666666666667	105.77333333333333	106.13333333333334	106.3	106.06666666666666	106.08666666666667	105.70666666666666	105.00666666666666	102.02666666666667	0.0
0.0	102.28666666666666	105.29333333333334	106.10666666666667	105.75333333333333	106.20666666666666	106.04	106.22666666666667	106.27333333333333	106.29333333333334	106.15333333333334	106.03333333333333	106.42666666666666	106.51333333333334	106.25333333333333	106.38666666666667	106.32	106.3	106.18666666666667	106.24	106.1	106.3	106.16	105.91333333333333	106.07333333333334	105.97333333333333	106.24666666666667	106.45333333333333	106.17333333333333	106.32	106.47333333333333	106.54666666666667	106.20666666666666	106.74666666666667	106.47333333333333	106.25333333333333	106.18	106.61333333333333	106.24	106.34666666666666	106.17333333333333	106.29333333333334	105.95333333333333	106.22	106.14	106.12	106.29333333333334	106.14	106.13333333333334	106.26	106.32	106.31333333333333	105.90666666666667	106.18	106.12666666666667	106.13333333333334	106.46666666666667	106.05333333333333	106.18666666666667	106.42	106.49333333333334	106.31333333333333	106.6	106.26666666666667	106.04666666666667	106.40666666666667	106.74666666666667	106.44666666666667	106.16666666666667	105.92	105.17333333333333	102.48	0.0
0.0	101.87333333333333	104.86	105.74666666666667	106.08	105.60666666666667	105.72666666666667	105.99333333333334	105.91333333333333	106.04	106.09333333333333	105.96666666666667	105.94	106.09333333333333	105.79333333333334	105.72	105.74	105.9	106.10666666666667	106.06666666666666	106.10666666666667	106.05333333333333	106.00666666666666	106.0	105.94666666666667	106.32666666666667	106.28	105.89333333333333	106.14	106.07333333333334	105.40666666666667	105.72	105.89333333333333	106.08	105.84666666666666	106.10666666666667	106.1	106.07333333333334	105.88666666666667	106.09333333333333	106.32	106.00666666666666	105.99333333333334	106.14666666666666	106.42	106.07333333333334	105.9	105.87333333333333	105.91333333333333	105.88	105.94	106.06666666666666	105.69333333333333	105.66666666666667	105.84	105.94	105.96666666666667	105.96	105.85333333333334	106.12666666666667	106.23333333333333	105.87333333333333	106.06666666666666	105.85333333333334	105.71333333333334	105.84666666666666	106.02666666666667	105.56	105.58	105.66666666666667	104.77333333333333	102.08666666666667	0.0
0.0	102.5	105.33333333333333	105.98	106.42	106.19333333333333	106.31333333333333	106.43333333333334	106.22	106.55333333333333	106.54666666666667	106.38	106.51333333333334	106.60666666666667	106.40666666666667	106.23333333333333	106.40666666666667	106.52666666666667	106.75333333333333	106.38666666666667	106.42	106.31333333333333	106.49333333333334	106.49333333333334	106.58666666666667	106.3	106.63333333333334	106.26666666666667	106.59333333333333	106.09333333333333	106.47333333333333	106.50666666666666	106.65333333333334	106.59333333333333	106.42666666666666	106.43333333333334	106.6	106.63333333333334	106.72666666666667	106.74	106.28666666666666	106.36666666666666	106.41333333333333	106.56666666666666	106.46	106.34666666666666	106.35333333333334	106.48	106.32666666666667	105.86	106.03333333333333	106.46	106.60666666666667	106.42	106.50666666666666	106.27333333333333	106.18	106.25333333333333	106.65333333333334	106.48	106.70666666666666	106.31333333333333	106.46	106.74666666666667	106.49333333333334	106.44	106.51333333333334	106.57333333333334	106.51333333333334	106.36666666666666	105.48666666666666	102.40666666666667	0.0
0.0	101.97333333333333	105.12666666666667	105.88	106.06666666666666	106.22666666666667	106.08	106.28	106.44666666666667	106.48	106.40666666666667	106.24	106.4	106.6	106.36	106.37333333333333	106.26	106.20666666666666	106.12666666666667	105.98	106.26666666666667	106.14	106.07333333333334	106.15333333333334	106.21333333333334	106.1	106.2	106.32	106.25333333333333	106.12666666666667	106.26	106.14	105.92	106.18	105.91333333333333	106.31333333333333	106.28666666666666	106.7	106.04	106.09333333333333	105.90666666666667	105.88666666666667	106.53333333333333	106.17333333333333	106.17333333333333	106.03333333333333	106.12666666666667	106.16	106.04	105.86	106.11333333333333	106.18666666666667	106.26666666666667	106.12666666666667	106.27333333333333	106.03333333333333	106.00666666666666	106.01333333333334	106.13333333333334	105.96	106.24666666666667	106.24	106.16	106.07333333333334	106.24666666666667	106.28	106.21333333333334	106.19333333333333	105.84666666666666	105.98666666666666	105.28	101.66	0.0
0.0	102.22666666666667	105.04666666666667	106.03333333333333	105.98666666666666	105.97333333333333	105.93333333333334	106.26666666666667	106.38666666666667	106.22666666666667	106.67333333333333	106.36666666666666	106.07333333333334	105.74	106.41333333333333	106.1	106.12	106.28666666666666	106.26666666666667	106.14	106.24	106.06666666666666	105.95333333333333	106.32666666666667	106.08666666666667	106.04666666666667	106.16	105.98	106.19333333333333	106.28	106.03333333333333	106.14	105.89333333333333	105.86	105.93333333333334	105.92666666666666	106.07333333333334	105.98666666666666	106.02666666666667	106.3	106.1	106.30666666666667	106.32	106.01333333333334	105.94666666666667	106.3	106.36666666666666	105.87333333333333	106.08	106.22	106.56	106.45333333333333	106.28	106.18	105.96666666666667	106.02	105.97333333333333	105.96	106.04	106.02666666666667	105.93333333333334	106.1	106.12666666666667	106.06	106.07333333333334	106.06	105.91333333333333	105.78	105.75333333333333	105.56666666666666	105.16666666666667	101.99333333333334	0.0
0.0	101.98666666666666	104.84666666666666	105.70666666666666	105.65333333333334	105.62	105.96	105.61333333333333	106.16666666666667	106.20666666666666	106.24	105.83333333333333	106.01333333333334	105.77333333333333	105.92	106.14	106.23333333333333	106.02666666666667	105.98	105.53333333333333	105.97333333333333	106.04	105.84666666666666	105.78666666666666	106.02666666666667	105.81333333333333	105.89333333333333	105.81333333333333	106.26666666666667	106.06	105.67333333333333	106.15333333333334	105.85333333333334	105.90666666666667	105.74	105.83333333333333	105.92	105.82666666666667	105.91333333333333	106.17333333333333	105.68	105.68	106.21333333333334	105.90666666666667	105.88666666666667	106.08666666666667	106.06	106.22666666666667	106.02666666666667	106.12666666666667	105.96666666666667	105.98	106.35333333333334	106.01333333333334	106.33333333333333	105.89333333333333	105.85333333333334	105.94	106.28	105.74666666666667	106.0	106.10666666666667	106.02	106.07333333333334	106.15333333333334	106.06	106.00666666666666	105.96666666666667	105.66666666666667	105.38	104.78	101.96	0.0
0.0	102.27333333333333	105.16666666666667	105.93333333333334	106.23333333333333	106.14666666666666	106.15333333333334	106.54666666666667	106.28666666666666	106.11333333333333	106.05333333333333	105.86	106.05333333333333	105.76	106.16	106.07333333333334	105.98	105.92	106.06666666666666	106.04	106.01333333333334	105.85333333333334	106.00666666666666	105.96	105.94	106.22	105.94666666666667	105.9	105.7	106.16	106.01333333333334	105.97333333333333	105.9	106.30666666666667	106.07333333333334	105.64	106.07333333333334	106.01333333333334	105.82	105.9	105.52	105.80666666666667	106.2	105.89333333333333	105.94	105.9	106.15333333333334	105.91333333333333	105.96	105.83333333333333	106.16666666666667	106.11333333333333	105.78666666666666	106.02	105.87333333333333	106.06	106.04666666666667	105.98	105.87333333333333	106.28	106.24	105.72666666666667	105.91333333333333	105.91333333333333	106.15333333333334	105.84666666666666	105.69333333333333	106.02666666666667	106.08666666666667	105.72	104.70666666666666	102.27333333333333	0.0
0.0	102.17333333333333	105.1	105.75333333333333	106.15333333333334	106.19333333333333	106.11333333333333	105.91333333333333	106.08	106.27333333333333	106.08666666666667	105.92	105.99333333333334	106.14666666666666	105.94	106.22666666666667	106.33333333333333	106.06666666666666	106.21333333333334	106.12666666666667	106.17333333333333	106.40666666666667	106.30666666666667	106.00666666666666	106.17333333333333	106.13333333333334	106.35333333333334	106.18666666666667	105.97333333333333	106.09333333333333	106.02	105.82666666666667	105.78	106.03333333333333	106.06666666666666	105.72666666666667	105.98666666666666	106.48666666666666	106.1	106.21333333333334	106.28666666666666	106.31333333333333	106.08666666666667	106.26	106.04666666666667	106.18666666666667	106.14666666666666	106.24	106.14	106.55333333333333	106.36	105.83333333333333	105.8	106.11333333333333	106.16	106.30666666666667	106.14666666666666	106.23333333333333	106.36666666666666	106.25333333333333	106.57333333333334	106.25333333333333	106.39333333333333	106.44666666666667	106.06666666666666	106.18	106.21333333333334	105.8	105.89333333333333	105.74	105.12666666666667	102.02	0.0
0.0	101.95333333333333	104.90666666666667	105.80666666666667	105.84666666666666	106.30666666666667	105.94	106.08	106.06	105.92	105.88	105.76666666666667	105.68666666666667	105.99333333333334	106.42	106.18666666666667	106.10666666666667	106.24	106.29333333333334	105.64	105.72666666666667	106.21333333333334	105.78666666666666	106.18	106.14666666666666	106.08666666666667	105.96	105.88666666666667	105.86	106.24	106.33333333333333	105.89333333333333	106.36666666666666	105.91333333333333	105.81333333333333	106.16666666666667	105.78	105.8	106.12666666666667	105.74	105.72	105.92666666666666	106.06	105.9	105.93333333333334	105.90666666666667	106.1	105.97333333333333	105.92666666666666	106.18	106.53333333333333	106.14666666666666	105.88666666666667	105.86	106.08	105.93333333333334	106.31333333333333	106.13333333333334	105.96666666666667	106.38666666666667	105.83333333333333	106.06	106.17333333333333	106.23333333333333	105.74	105.43333333333334	106.15333333333334	106.08	105.91333333333333	105.71333333333334	104.88	101.75333333333333	0.0
0.0	102.22666666666667	104.91333333333333	105.76	105.94	106.28	106.64666666666666	106.34	105.96666666666667	106.11333333333333	105.87333333333333	105.76666666666667	106.24666666666667	105.65333333333334	105.68	106.02	106.1	106.1	106.12666666666667	106.3	106.26666666666667	106.02	106.19333333333333	106.04666666666667	106.14666666666666	105.98666666666666	106.07333333333334	106.19333333333333	106.5	106.2	106.24	106.52666666666667	106.02666666666667	106.2	106.47333333333333	106.35333333333334	106.39333333333333	106.07333333333334	106.26666666666667	105.93333333333334	106.09333333333333	106.38666666666667	106.46	106.02666666666667	106.20666666666666	106.46666666666667	106.25333333333333	106.35333333333334	106.22666666666667	106.18666666666667	106.28	105.95333333333333	106.16	106.28666666666666	106.07333333333334	106.32666666666667	106.2	106.08	105.88	106.58666666666667	106.15333333333334	106.47333333333333	106.06666666666666	106.12666666666667	106.14	106.32666666666667	106.36666666666666	106.16666666666667	106.05333333333333	105.80666666666667	105.05333333333333	102.14666666666666	0.0
0.0	101.96666666666667	104.92666666666666	105.95333333333333	106.36	106.08	106.24	106.0	106.32	106.13333333333334	106.1	106.41333333333333	106.54666666666667	106.37333333333333	106.57333333333334	106.5	106.26666666666667	106.13333333333334	106.40666666666667	106.46	106.42666666666666	106.38	106.43333333333334	106.35333333333334	106.45333333333333	106.06	106.12	106.37333333333333	106.2	106.30666666666667	106.15333333333334	106.25333333333333	106.41333333333333	105.69333333333333	105.85333333333334	105.84666666666666	106.18666666666667	105.81333333333333	106.17333333333333	106.60666666666667	106.34	106.26666666666667	106.42	106.44	106.27333333333333	106.2	106.13333333333334	106.16	106.39333333333333	106.32	106.50666666666666	106.12666666666667	106.34	106.24	106.38666666666667	106.38	106.37333333333333	106.10666666666667	106.40666666666667	106.27333333333333	106.34	106.01333333333334	106.06	106.32666666666667	106.28	106.28	106.61333333333333	106.14666666666666	105.96	105.78	104.94666666666667	102.33333333333333	0.0
0.0	101.79333333333334	104.85333333333334	105.58	105.65333333333334	106.13333333333334	105.9	106.17333333333333	106.20666666666666	106.24	106.21333333333334	106.16666666666667	105.75333333333333	106.04	105.90666666666667	105.93333333333334	106.0	105.5	105.99333333333334	105.86	105.90666666666667	106.10666666666667	106.32	106.10666666666667	105.99333333333334	105.98	106.0	105.97333333333333	105.90666666666667	105.69333333333333	106.04666666666667	105.81333333333333	106.04	106.23333333333333	106.03333333333333	106.12	106.00666666666666	105.90666666666667	105.98	106.17333333333333	105.69333333333333	105.8	105.76666666666667	105.66666666666667	105.68666666666667	105.74666666666667	106.06	106.1	105.93333333333334	105.79333333333334	105.82	106.07333333333334	105.85333333333334	106.16	106.00666666666666	106.38666666666667	105.92666666666666	106.19333333333333	106.09333333333333	105.74666666666667	105.98	106.18	105.75333333333333	105.82666666666667	105.78	105.93333333333334	105.61333333333333	106.08666666666667	106.32666666666667	105.71333333333334	105.06	102.15333333333334	0.0
0.0	101.82	104.94666666666667	105.64	105.71333333333334	105.65333333333334	105.64	105.78666666666666	105.79333333333334	105.99333333333334	105.80666666666667	105.59333333333333	105.64	106.03333333333333	105.98666666666666	106.16	105.92	106.05333333333333	105.81333333333333	105.74	106.06	105.66	105.84666666666666	105.92	105.97333333333333	106.11333333333333	105.72	106.01333333333334	105.85333333333334	106.12666666666667	105.93333333333334	105.86666666666666	105.94	105.70666666666666	105.92666666666666	105.76	106.08	105.85333333333334	105.94666666666667	106.02666666666667	105.74	105.8	106.04	105.92	105.78	105.54666666666667	105.86666666666666	105.95333333333333	105.84666666666666	106.13333333333334	105.77333333333333	105.72	105.72	106.24666666666667	105.83333333333333	105.82	106.06666666666666	105.76666666666667	105.94	105.90666666666667	105.72	105.9	105.84666666666666	105.73333333333333	106.08666666666667	106.18	106.12	105.72666666666667	105.86666666666666	105.34	104.85333333333334	102.14666666666666	0.0
0.0	102.18	105.35333333333334	105.89333333333333	106.35333333333334	106.26	105.94666666666667	106.16	106.29333333333334	106.26	106.49333333333334	106.14	106.58666666666667	106.46	106.55333333333333	106.38666666666667	106.28	106.02	106.22666666666667	106.52	106.46666666666667	106.36	106.65333333333334	106.58666666666667	106.66	106.64666666666666	106.48	106.48666666666666	106.6	106.53333333333333	106.60666666666667	106.16	105.99333333333334	106.3	106.26	106.57333333333334	106.23333333333333	106.07333333333334	106.32	106.26666666666667	106.27333333333333	106.44666666666667	106.36666666666666	106.0	106.32666666666667	106.26666666666667	106.46	106.34	106.49333333333334	106.65333333333334	106.44	106.38666666666667	106.49333333333334	106.61333333333333	106.27333333333333	106.54666666666667	106.42666666666666	106.64	106.76	106.54666666666667	106.10666666666667	106.59333333333333	106.29333333333334	106.47333333333333	106.53333333333333	106.37333333333333	106.2	106.11333333333333	106.08666666666667	106.06666666666666	105.05333333333333	102.30666666666667	0.0
0.0	102.02666666666667	105.26	105.6	106.00666666666666	105.94	105.66	105.76	105.98	106.14	105.98	106.08666666666667	105.89333333333333	105.74	105.56666666666666	105.51333333333334	106.1	106.00666666666666	106.21333333333334	106.13333333333334	106.08666666666667	106.0	105.69333333333333	105.86666666666666	106.1	106.02666666666667	105.94	105.92	105.87333333333333	105.74	105.74666666666667	105.82	106.05333333333333	106.00666666666666	106.09333333333333	106.02666666666667	105.93333333333334	105.96	105.97333333333333	106.08	105.64	105.76	105.88	105.76	106.04	105.94	105.63333333333334	105.95333333333333	106.12666666666667	105.73333333333333	105.85333333333334	105.85333333333334	105.8	105.81333333333333	105.58666666666667	106.19333333333333	105.88	105.91333333333333	105.77333333333333	105.81333333333333	105.78666666666666	105.96	106.06	105.84	105.85333333333334	105.8	106.15333333333334	105.96	105.48666666666666	105.24	104.54666666666667	101.96	0.0
0.0	102.25333333333333	105.12666666666667	105.86	106.38	105.93333333333334	106.11333333333333	106.42	106.54666666666667	106.1	106.16666666666667	106.21333333333334	106.14	106.59333333333333	106.46	106.5	106.40666666666667	106.22666666666667	106.38	105.98	105.93333333333334	105.94666666666667	106.35333333333334	106.15333333333334	106.2	106.02666666666667	106.25333333333333	106.24	105.97333333333333	106.29333333333334	106.14666666666666	106.22666666666667	106.08666666666667	105.90666666666667	106.07333333333334	106.35333333333334	106.52666666666667	106.3	105.96	105.8	106.12666666666667	106.08666666666667	106.29333333333334	106.30666666666667	106.06	105.87333333333333	105.85333333333334	105.96666666666667	105.74666666666667	106.26666666666667	106.14666666666666	105.99333333333334	106.15333333333334	106.12666666666667	105.93333333333334	106.40666666666667	106.31333333333333	106.04666666666667	106.30666666666667	106.36666666666666	106.46666666666667	106.44666666666667	105.7	106.24	106.32	106.26	106.42666666666666	106.3	105.84666666666666	105.78666666666666	105.16666666666667	102.20666666666666	0.0
0.0	101.86666666666666	104.66	105.49333333333334	105.71333333333334	105.85333333333334	105.95333333333333	106.08	106.24	105.85333333333334	106.17333333333333	106.50666666666666	106.03333333333333	105.96666666666667	106.06666666666666	105.98666666666666	106.31333333333333	106.42666666666666	106.04	106.06	106.1	106.20666666666666	106.04	105.97333333333333	106.12666666666667	105.77333333333333	106.04	106.27333333333333	106.06	106.04	106.03333333333333	105.96	106.1	105.82	106.08666666666667	106.0	105.84	106.1	106.03333333333333	105.88666666666667	106.08	105.98666666666666	106.04	106.28	106.16666666666667	106.12	105.96666666666667	105.88666666666667	106.2	106.06	106.32666666666667	105.98	105.90666666666667	105.61333333333333	106.08666666666667	106.24666666666667	105.99333333333334	106.01333333333334	106.2	106.38	105.89333333333333	105.93333333333334	106.12666666666667	105.90666666666667	106.08	105.86	105.88666666666667	106.14666666666666	106.05333333333333	105.62666666666667	104.83333333333333	102.34	0.0
0.0	101.97333333333333	105.16666666666667	105.81333333333333	106.04	106.21333333333334	105.9	106.04	106.04	106.44	106.15333333333334	106.13333333333334	106.04666666666667	105.93333333333334	106.46	106.08666666666667	106.24	105.83333333333333	106.22666666666667	106.20666666666666	106.27333333333333	106.00666666666666	106.41333333333333	106.41333333333333	106.02	106.36666666666666	105.90666666666667	106.3	106.41333333333333	106.22666666666667	106.08666666666667	106.38	106.24666666666667	106.12666666666667	106.52	105.82666666666667	106.28	106.25333333333333	106.24666666666667	106.06	106.37333333333333	106.06	106.06	106.01333333333334	105.92666666666666	106.4	106.25333333333333	106.36	106.2	105.96	106.19333333333333	105.9	106.09333333333333	106.23333333333333	106.22666666666667	106.46666666666667	105.9	105.98	105.97333333333333	105.92666666666666	106.06	106.3	106.31333333333333	106.08	106.02	106.11333333333333	105.84	105.78	105.94666666666667	105.68	104.93333333333334	102.15333333333334	0.0
0.0	102.27333333333333	104.93333333333334	105.84	105.94	106.01333333333334	105.90666666666667	105.93333333333334	106.06666666666666	106.14	106.37333333333333	106.14	106.19333333333333	106.11333333333333	105.98666666666666	106.06666666666666	106.35333333333334	106.06666666666666	106.2	106.02666666666667	105.84666666666666	105.88666666666667	106.36666666666666	106.24	105.88666666666667	106.44	106.26	106.22	106.34	106.51333333333334	106.11333333333333	105.94	106.22666666666667	106.28	106.1	106.16666666666667	105.97333333333333	106.17333333333333	106.08	106.05333333333333	106.21333333333334	105.75333333333333	105.9	106.17333333333333	106.06666666666666	106.01333333333334	106.19333333333333	106.23333333333333	105.98666666666666	105.83333333333333	105.94	106.13333333333334	106.25333333333333	106.28666666666666	106.08666666666667	105.76666666666667	106.10666666666667	105.64	105.73333333333333	105.92	106.16	106.09333333333333	106.20666666666666	105.84	105.84	106.12	105.9	105.96	105.95333333333333	105.76666666666667	104.91333333333333	102.16	0.0
0.0	102.30666666666667	105.54666666666667	106.09333333333333	106.37333333333333	106.35333333333334	106.54666666666667	106.25333333333333	106.5	106.34	106.22666666666667	106.26	106.04	106.08666666666667	106.56	106.20666666666666	106.29333333333334	106.22	106.22	106.51333333333334	106.43333333333334	106.34	106.17333333333333	106.60666666666667	106.28	106.28666666666666	106.56	106.39333333333333	106.33333333333333	106.27333333333333	106.32	106.54	106.16666666666667	106.48666666666666	106.42666666666666	106.49333333333334	106.75333333333333	106.50666666666666	106.46	106.25333333333333	106.42666666666666	106.60666666666667	106.47333333333333	106.44666666666667	106.50666666666666	106.21333333333334	106.21333333333334	106.43333333333334	106.07333333333334	106.56666666666666	106.56	106.40666666666667	106.29333333333334	106.18	106.46	106.34	106.38666666666667	106.43333333333334	106.25333333333333	106.51333333333334	106.54	106.54666666666667	106.21333333333334	106.10666666666667	106.20666666666666	106.57333333333334	106.36666666666666	106.38	106.3	106.20666666666666	105.02666666666667	102.42666666666666	0.0
0.0	102.36666666666666	105.02	106.04	106.37333333333333	106.34	106.27333333333333	106.28666666666666	106.09333333333333	106.45333333333333	106.27333333333333	106.18666666666667	106.49333333333334	105.88666666666667	105.92666666666666	106.36	106.43333333333334	106.37333333333333	106.42	106.26	106.36	105.97333333333333	106.47333333333333	106.27333333333333	106.22666666666667	106.36666666666666	106.32	106.77333333333333	106.45333333333333	106.23333333333333	106.15333333333334	106.44	106.49333333333334	106.28666666666666	106.28	106.04666666666667	106.04	106.00666666666666	106.28	106.68666666666667	106.25333333333333	106.21333333333334	106.42666666666666	106.20666666666666	106.81333333333333	106.35333333333334	106.44666666666667	106.64	106.28	106.12	106.20666666666666	106.27333333333333	106.32666666666667	106.61333333333333	106.28	106.03333333333333	106.48	106.52666666666667	106.24666666666667	106.54	105.98	106.44	106.21333333333334	106.42	106.13333333333334	106.59333333333333	106.35333333333334	106.10666666666667	106.16	105.98	105.24666666666667	102.22666666666667	0.0
0.0	102.25333333333333	105.01333333333334	105.5	105.74	106.00666666666666	106.12	105.96666666666667	105.50666666666666	105.93333333333334	105.89333333333333	105.73333333333333	105.88	105.82666666666667	106.06666666666666	106.06666666666666	105.88666666666667	105.97333333333333	105.82666666666667	106.11333333333333	106.36666666666666	106.57333333333334	106.12666666666667	106.0	105.60666666666667	105.74	105.99333333333334	105.78	105.87333333333333	106.23333333333333	105.88	105.71333333333334	105.98	105.90666666666667	105.78	105.95333333333333	105.81333333333333	105.71333333333334	105.98	106.0	105.75333333333333	105.58	105.83333333333333	105.85333333333334	105.85333333333334	105.87333333333333	106.36666666666666	106.00666666666666	106.25333333333333	106.03333333333333	106.32666666666667	106.08666666666667	105.97333333333333	106.08666666666667	105.96666666666667	105.95333333333333	106.27333333333333	105.54	105.82	105.76666666666667	105.98666666666666	105.98666666666666	106.27333333333333	105.84	106.2	106.13333333333334	106.28	105.86	105.98666666666666	105.86666666666666	104.77333333333333	101.60666666666667	0.0
0.0	102.13333333333334	105.04	105.82666666666667	106.12	106.31333333333333	106.30666666666667	106.4	106.1	106.14666666666666	106.16	106.03333333333333	106.25333333333333	106.06	105.87333333333333	106.08	106.10666666666667	106.0	106.13333333333334	106.1	105.73333333333333	105.92	105.91333333333333	105.92666666666666	105.94666666666667	106.39333333333333	105.97333333333333	106.23333333333333	106.09333333333333	106.28	105.92666666666666	106.28666666666666	106.26	106.22	105.92666666666666	105.97333333333333	106.0	106.22	105.96	105.69333333333333	105.95333333333333	106.18666666666667	106.18	105.88666666666667	105.58	106.04666666666667	106.08	105.91333333333333	105.94	106.12666666666667	105.86666666666666	106.04	105.74	106.12666666666667	106.23333333333333	106.13333333333334	105.84666666666666	105.72	106.1	105.84	105.87333333333333	106.03333333333333	105.83333333333333	105.95333333333333	106.02	106.24666666666667	106.04	105.96666666666667	106.08666666666667	105.81333333333333	104.84666666666666	102.28666666666666	0.0
0.0	101.86666666666666	104.94666666666667	105.86666666666666	105.91333333333333	105.90666666666667	105.92	105.75333333333333	105.86	106.40666666666667	105.86666666666666	105.83333333333333	105.98	106.26666666666667	106.11333333333333	106.01333333333334	105.93333333333334	105.8	105.94666666666667	106.04	106.02666666666667	105.99333333333334	106.08	105.78	106.25333333333333	106.15333333333334	105.94	105.74	105.92666666666666	105.95333333333333	106.18	105.99333333333334	106.32666666666667	105.78666666666666	106.34	106.38666666666667	105.83333333333333	106.11333333333333	106.0	106.3	106.26666666666667	106.52	106.38666666666667	106.03333333333333	106.15333333333334	106.12666666666667	106.2	106.22666666666667	106.13333333333334	106.25333333333333	105.89333333333333	106.13333333333334	105.72666666666667	106.19333333333333	105.80666666666667	105.91333333333333	106.21333333333334	106.22	106.29333333333334	106.03333333333333	106.10666666666667	106.12	105.97333333333333	105.93333333333334	106.10666666666667	106.21333333333334	106.22666666666667	106.18	105.83333333333333	105.89333333333333	105.01333333333334	102.24	0.0
0.0	102.23333333333333	105.03333333333333	105.52666666666667	106.1	106.04666666666667	106.21333333333334	105.93333333333334	106.12	106.13333333333334	106.0	106.25333333333333	105.91333333333333	105.78666666666666	106.08666666666667	106.09333333333333	106.23333333333333	106.41333333333333	106.20666666666666	106.30666666666667	105.97333333333333	106.34666666666666	106.42	106.42	106.35333333333334	106.15333333333334	105.74666666666667	106.36666666666666	106.3	106.16	106.05333333333333	106.06666666666666	106.28	106.26	106.48666666666666	105.76666666666667	106.24	106.52	106.14666666666666	106.26666666666667	106.43333333333334	106.5	106.13333333333334	105.9	106.05333333333333	106.05333333333333	106.1	106.24	106.17333333333333	106.32	106.14	106.01333333333334	106.06	106.26	106.24666666666667	106.34666666666666	106.6	106.44	106.00666666666666	106.07333333333334	105.96666666666667	106.08666666666667	105.96666666666667	105.89333333333333	106.38666666666667	106.42	105.78666666666666	106.28	106.38	105.72	104.94666666666667	101.96666666666667	0.0
0.0	101.64	104.73333333333333	105.34666666666666	105.52666666666667	105.59333333333333	105.76666666666667	105.59333333333333	105.78	105.98	105.72666666666667	105.74666666666667	105.88	105.57333333333334	105.97333333333333	105.70666666666666	106.01333333333334	106.02	105.96666666666667	106.29333333333334	106.04	105.84	105.84	105.83333333333333	105.93333333333334	105.93333333333334	105.98	105.78666666666666	105.7	105.85333333333334	106.04	105.84666666666666	105.76	105.99333333333334	105.56666666666666	105.62	106.14666666666666	105.74	105.90666666666667	105.69333333333333	105.84666666666666	105.68	105.62666666666667	105.72666666666667	105.62666666666667	105.66	105.76	105.71333333333334	105.83333333333333	105.84	105.98666666666666	105.75333333333333	106.08666666666667	105.69333333333333	105.82666666666667	106.02	105.68666666666667	105.75333333333333	105.96	105.86666666666666	106.08	105.88666666666667	105.80666666666667	106.02	105.98	105.99333333333334	106.3	105.97333333333333	105.52666666666667	105.74666666666667	104.52	101.64	0.0
0.0	102.00666666666666	105.02	105.76	106.12666666666667	106.11333333333333	106.13333333333334	106.14666666666666	105.88666666666667	106.07333333333334	106.22666666666667	106.46	105.89333333333333	106.14	105.86	106.12666666666667	106.20666666666666	106.04666666666667	105.86666666666666	106.34	106.12666666666667	105.65333333333334	106.28	106.16	106.12666666666667	106.00666666666666	105.67333333333333	105.85333333333334	105.9	105.86666666666666	105.89333333333333	106.04	106.18666666666667	106.18	105.90666666666667	105.76	106.37333333333333	106.06	106.54	105.94666666666667	106.16	106.02666666666667	105.99333333333334	106.11333333333333	106.12	106.21333333333334	105.98	105.87333333333333	105.98	105.82	105.78666666666666	106.05333333333333	106.24	106.2	105.94666666666667	106.17333333333333	106.03333333333333	106.06	106.04	106.03333333333333	105.87333333333333	105.97333333333333	105.74	105.92666666666666	106.08	106.04666666666667	105.92666666666666	106.12	105.84666666666666	105.62	105.04666666666667	102.08	0.0
0.0	102.18666666666667	104.53333333333333	105.43333333333334	105.64666666666666	106.51333333333334	106.22666666666667	106.04	105.98	106.10666666666667	106.4	106.26666666666667	106.65333333333334	106.30666666666667	106.23333333333333	105.99333333333334	106.37333333333333	106.08	106.17333333333333	106.22666666666667	106.32666666666667	106.40666666666667	106.15333333333334	106.34666666666666	106.08	106.12	106.22	106.08	105.99333333333334	106.13333333333334	106.05333333333333	106.48	105.9	106.33333333333333	105.97333333333333	106.05333333333333	106.12666666666667	106.10666666666667	106.07333333333334	106.20666666666666	106.13333333333334	105.99333333333334	105.95333333333333	106.21333333333334	106.12	105.97333333333333	105.79333333333334	105.82666666666667	106.54666666666667	106.22	106.13333333333334	106.18666666666667	106.13333333333334	106.02	106.08	105.82666666666667	106.21333333333334	105.96666666666667	106.18666666666667	106.44666666666667	106.40666666666667	106.33333333333333	106.28	106.12	106.1	106.04666666666667	105.89333333333333	106.21333333333334	105.84666666666666	105.61333333333333	104.89333333333333	101.81333333333333	0.0
0.0	102.24666666666667	104.50666666666666	105.46666666666667	105.7	106.09333333333333	106.18666666666667	106.31333333333333	106.13333333333334	106.07333333333334	106.04666666666667	105.83333333333333	105.72666666666667	106.15333333333334	106.06	105.52666666666667	106.07333333333334	105.76	105.64	106.18666666666667	106.12	105.81333333333333	105.6	105.9	106.48	105.76	106.09333333333333	106.32	106.41333333333333	106.14666666666666	106.28666666666666	106.34	106.06	105.85333333333334	106.14	105.88	106.09333333333333	106.23333333333333	106.04666666666667	105.97333333333333	106.04666666666667	105.94666666666667	105.99333333333334	105.86666666666666	105.86	106.05333333333333	106.27333333333333	106.04666666666667	105.71333333333334	105.76	105.92	106.13333333333334	106.26	106.02666666666667	106.01333333333334	105.76666666666667	105.88666666666667	105.89333333333333	106.06	105.64	106.18	105.90666666666667	106.24666666666667	106.06	105.94	105.96	106.43333333333334	105.76	105.75333333333333	105.68666666666667	105.14666666666666	102.3	0.0
0.0	101.95333333333333	104.79333333333334	105.64	106.00666666666666	106.23333333333333	106.00666666666666	106.26	106.56	106.31333333333333	106.22	106.24666666666667	106.08666666666667	106.12666666666667	106.4	106.22666666666667	106.2	106.20666666666666	106.00666666666666	106.05333333333333	106.27333333333333	106.21333333333334	106.18	106.12	106.34666666666666	106.26666666666667	106.06666666666666	106.12666666666667	106.16666666666667	106.30666666666667	106.24666666666667	106.12666666666667	105.72666666666667	106.12666666666667	106.3	106.50666666666666	106.22	106.36	106.39333333333333	105.86	105.67333333333333	106.06	106.01333333333334	106.51333333333334	106.61333333333333	106.30666666666667	106.17333333333333	106.50666666666666	106.32666666666667	106.41333333333333	105.98666666666666	106.17333333333333	106.36666666666666	106.35333333333334	106.22666666666667	106.00666666666666	106.39333333333333	106.16	106.30666666666667	106.38	106.46666666666667	106.00666666666666	106.26666666666667	105.85333333333334	106.04	106.52	106.22666666666667	106.08666666666667	106.24	105.72	105.15333333333334	102.07333333333334	0.0
0.0	102.22666666666667	105.08666666666667	105.81333333333333	105.98	106.22666666666667	106.52666666666667	106.5	106.29333333333334	106.23333333333333	105.98	106.17333333333333	106.08666666666667	106.12	106.02666666666667	106.1	106.13333333333334	106.35333333333334	105.92	105.96666666666667	106.33333333333333	106.19333333333333	106.04	106.08	106.44	106.19333333333333	106.08	106.74	106.27333333333333	106.16	106.36666666666666	106.38666666666667	106.21333333333334	106.17333333333333	106.26	106.11333333333333	106.06666666666666	106.06666666666666	105.93333333333334	106.0	106.15333333333334	105.80666666666667	106.14	106.27333333333333	106.17333333333333	106.24666666666667	106.33333333333333	106.32666666666667	106.36666666666666	105.97333333333333	105.95333333333333	106.26666666666667	106.04	106.31333333333333	106.05333333333333	106.12666666666667	106.32666666666667	106.26	106.08666666666667	106.13333333333334	106.22666666666667	105.96666666666667	105.97333333333333	106.40666666666667	106.26666666666667	106.38666666666667	106.1	105.83333333333333	105.69333333333333	106.04666666666667	104.86666666666666	102.27333333333333	0.0
0.0	102.26666666666667	104.76	105.31333333333333	105.73333333333333	106.02666666666667	105.88	105.96666666666667	106.01333333333334	106.06	106.08666666666667	106.22	105.76666666666667	105.98	105.94666666666667	105.94	105.76666666666667	105.83333333333333	105.76666666666667	105.82666666666667	105.85333333333334	105.48	105.48666666666666	105.97333333333333	106.0	105.91333333333333	105.81333333333333	106.16666666666667	105.94	105.88666666666667	106.00666666666666	106.09333333333333	106.15333333333334	106.58666666666667	106.18	106.07333333333334	106.05333333333333	105.98	105.90666666666667	105.93333333333334	105.96666666666667	105.91333333333333	105.9	105.58	105.78	105.78	105.59333333333333	105.93333333333334	106.07333333333334	106.15333333333334	105.74666666666667	105.88666666666667	105.93333333333334	105.72	105.98666666666666	106.20666666666666	106.22666666666667	105.78	105.72666666666667	105.96666666666667	105.82666666666667	105.97333333333333	105.84	106.07333333333334	106.10666666666667	105.91333333333333	105.86	106.14666666666666	105.62	105.82	104.92666666666666	102.06	0.0
0.0	102.18	105.04	105.67333333333333	105.82	105.94	106.16666666666667	106.17333333333333	105.89333333333333	105.78666666666666	105.91333333333333	105.8	105.86666666666666	105.96666666666667	106.04	106.28	106.20666666666666	106.08	106.45333333333333	106.3	106.43333333333334	105.94	105.94	106.11333333333333	105.97333333333333	106.37333333333333	106.2	106.18	106.21333333333334	106.22	106.39333333333333	106.2	106.0	106.39333333333333	106.21333333333334	105.79333333333334	105.76	105.77333333333333	105.92666666666666	106.28	105.84666666666666	106.24666666666667	106.42666666666666	106.16666666666667	106.36	106.25333333333333	106.08666666666667	105.85333333333334	105.86	105.93333333333334	106.00666666666666	105.66666666666667	106.23333333333333	106.07333333333334	106.62	106.28666666666666	105.88	106.26666666666667	106.15333333333334	106.00666666666666	106.24	106.18	106.06	105.9	105.88	105.98666666666666	106.1	106.22666666666667	106.26	105.80666666666667	105.16666666666667	102.14	0.0
0.0	101.64666666666666	104.89333333333333	105.52	105.91333333333333	105.69333333333333	106.09333333333333	105.44666666666667	105.61333333333333	106.17333333333333	106.03333333333333	105.76666666666667	105.93333333333334	105.36666666666666	105.70666666666666	105.79333333333334	105.62666666666667	105.78666666666666	105.75333333333333	105.73333333333333	105.53333333333333	105.29333333333334	105.74666666666667	105.79333333333334	105.76666666666667	106.09333333333333	105.93333333333334	105.72666666666667	106.08666666666667	105.80666666666667	105.64	106.02	105.86666666666666	105.66666666666667	105.74	105.82	105.87333333333333	105.92666666666666	105.93333333333334	105.83333333333333	105.82	105.40666666666667	105.95333333333333	105.67333333333333	105.74666666666667	106.04	106.18	106.02	105.82666666666667	105.76	105.81333333333333	105.93333333333334	105.84666666666666	105.53333333333333	105.74	105.72	106.07333333333334	105.98	105.76666666666667	105.84	106.18666666666667	105.78	105.87333333333333	105.52666666666667	105.70666666666666	105.64	105.84	105.56666666666666	105.85333333333334	105.57333333333334	104.65333333333334	101.91333333333333	0.0
0.0	102.09333333333333	104.95333333333333	105.45333333333333	106.47333333333333	106.24	106.29333333333334	105.97333333333333	106.3	106.03333333333333	105.94666666666667	106.04	105.92666666666666	106.19333333333333	106.48	106.18666666666667	106.14666666666666	105.90666666666667	106.12666666666667	105.96666666666667	105.87333333333333	106.1	106.24	106.09333333333333	106.1	106.36	106.12666666666667	106.32	106.2	106.66666666666667	106.30666666666667	106.3	106.27333333333333	106.18	105.82	106.11333333333333	106.06	106.23333333333333	106.28	106.28	106.55333333333333	106.68	106.19333333333333	106.14666666666666	106.49333333333334	106.22666666666667	106.36	106.26	106.1	106.19333333333333	105.90666666666667	106.15333333333334	106.16666666666667	106.24	106.04666666666667	106.1	106.46666666666667	106.40666666666667	106.42666666666666	106.28	106.04	106.29333333333334	106.48	106.24666666666667	106.39333333333333	106.21333333333334	105.82	106.15333333333334	106.31333333333333	105.66	104.91333333333333	102.14	0.0
0.0	102.0	105.23333333333333	105.74	106.11333333333333	106.60666666666667	106.05333333333333	105.85333333333334	105.84	106.22	106.23333333333333	105.95333333333333	106.44666666666667	106.16666666666667	106.02	106.58666666666667	106.20666666666666	106.12	105.96	106.17333333333333	106.16666666666667	106.19333333333333	106.11333333333333	106.08	106.4	106.03333333333333	105.87333333333333	106.16666666666667	106.24666666666667	106.31333333333333	106.43333333333334	106.33333333333333	105.97333333333333	106.13333333333334	106.08	106.22666666666667	106.10666666666667	105.87333333333333	106.36	106.03333333333333	106.07333333333334	105.88666666666667	106.07333333333334	106.24666666666667	106.28	106.06666666666666	106.12666666666667	106.39333333333333	106.06666666666666	106.14	105.97333333333333	106.30666666666667	106.09333333333333	106.08666666666667	105.94	106.22	106.29333333333334	106.62666666666667	105.85333333333334	106.29333333333334	106.26666666666667	106.36666666666666	106.19333333333333	106.34	106.19333333333333	106.21333333333334	106.04666666666667	106.50666666666666	106.32	105.74666666666667	105.19333333333333	102.29333333333334	0.0
0.0	101.72	104.96666666666667	105.04	105.64666666666666	105.64	105.75333333333333	105.64	105.64666666666666	105.89333333333333	106.04	105.82	105.65333333333334	105.62	106.02666666666667	105.88666666666667	106.14	105.93333333333334	105.88	105.66	105.80666666666667	105.88	105.86	105.86666666666666	106.45333333333333	105.91333333333333	105.79333333333334	105.78666666666666	105.98	105.78666666666666	105.98	106.18	105.76666666666667	105.6	105.90666666666667	105.72666666666667	106.11333333333333	105.86	105.96	105.63333333333334	106.07333333333334	105.91333333333333	105.95333333333333	106.07333333333334	105.70666666666666	105.76	105.89333333333333	105.67333333333333	105.48666666666666	106.38	106.07333333333334	105.72	105.78666666666666	105.91333333333333	105.84666666666666	105.96	105.53333333333333	105.8	105.78666666666666	105.79333333333334	105.64666666666666	105.86666666666666	105.88	105.65333333333334	105.59333333333333	105.46666666666667	105.78	105.6	105.51333333333334	105.44	105.10666666666667	101.3	0.0
0.0	101.84	104.61333333333333	105.59333333333333	105.76	105.39333333333333	105.67333333333333	105.96666666666667	105.98666666666666	105.93333333333334	106.0	106.16666666666667	105.91333333333333	106.06666666666666	105.99333333333334	105.91333333333333	105.81333333333333	106.05333333333333	106.04	105.88666666666667	105.83333333333333	105.98666666666666	105.77333333333333	106.16	105.85333333333334	106.12666666666667	106.1	105.86	105.55333333333333	105.90666666666667	105.85333333333334	105.90666666666667	106.19333333333333	106.02666666666667	105.81333333333333	105.83333333333333	105.71333333333334	106.18	105.63333333333334	105.75333333333333	105.89333333333333	105.92	105.85333333333334	105.7	105.89333333333333	106.01333333333334	106.08	105.96	106.24666666666667	105.89333333333333	105.94666666666667	105.86	105.75333333333333	105.96666666666667	105.97333333333333	105.74	105.44	105.61333333333333	105.48666666666666	105.86666666666666	105.74	105.9	106.1	105.9	106.08666666666667	105.97333333333333	105.78666666666666	105.64	105.76666666666667	105.39333333333333	104.78666666666666	101.72666666666667	0.0
