0.0	108.90666666666667	121.75333333333333	129.26	134.16666666666666	138.12	141.38666666666666	144.52	146.34666666666666	148.40666666666667	149.84	151.02	152.24666666666667	153.27333333333334	154.16666666666666	155.22	156.36	157.65333333333334	158.7	159.43333333333334	160.25333333333333	160.96666666666667	161.21333333333334	162.04666666666665	162.02666666666667	162.76666666666668	162.88666666666666	163.55333333333334	163.15333333333334	164.12	164.10666666666665	164.39333333333335	164.59333333333333	164.99333333333334	165.2	165.62	165.14	164.74666666666667	164.76666666666668	164.69333333333333	165.01333333333332	165.01333333333332	164.68	164.62666666666667	164.4	163.49333333333334	163.85333333333332	163.26666666666668	162.93333333333334	162.27333333333334	162.09333333333333	161.34	160.58	159.38	159.54666666666665	157.97333333333333	157.52	156.72666666666666	155.26	154.37333333333333	153.22	151.75333333333333	150.19333333333333	148.3	146.36	143.87333333333333	141.33333333333334	138.35333333333332	134.30666666666667	128.72666666666666	120.6	108.69333333333333	0.0
0.0	108.54	120.44666666666667	128.26	133.14666666666668	137.22	140.51333333333332	143.54666666666665	146.03333333333333	147.46	149.33333333333334	151.16	152.20666666666668	153.32	154.53333333333333	155.32666666666665	156.17333333333335	156.88	157.80666666666667	158.16666666666666	158.94666666666666	160.10666666666665	160.78666666666666	160.86	161.66666666666666	161.78666666666666	162.24	162.79333333333332	162.56666666666666	163.23333333333332	163.82	163.36	163.07333333333332	163.39333333333335	163.34	164.00666666666666	164.54666666666665	164.08666666666667	163.99333333333334	163.65333333333334	164.14	163.49333333333334	163.88666666666666	163.64666666666668	162.98666666666668	163.36	162.64	162.14666666666668	161.47333333333333	161.23333333333332	160.53333333333333	160.04666666666665	158.82666666666665	159.09333333333333	157.29333333333332	157.37333333333333	156.00666666666666	155.40666666666667	154.3	153.22	152.3	150.70666666666668	149.03333333333333	147.5	145.75333333333333	143.61333333333334	141.02	137.46666666666667	133.05333333333334	128.42	120.30666666666667	107.98	0.0
0.0	108.2	120.8	128.52666666666667	133.58666666666667	137.12666666666667	141.00666666666666	143.66666666666666	146.0	147.81333333333333	149.59333333333333	151.46	152.56	154.26666666666668	155.52666666666667	156.10666666666665	156.53333333333333	157.75333333333333	158.18666666666667	159.2	159.51333333333332	160.69333333333333	160.3	160.74	161.48	161.88666666666666	162.18	162.60666666666665	162.40666666666667	163.08666666666667	163.43333333333334	163.50666666666666	163.14666666666668	164.09333333333333	163.98666666666668	164.16	164.06666666666666	164.50666666666666	165.03333333333333	165.28666666666666	164.41333333333333	164.26666666666668	164.2	163.78666666666666	163.73333333333332	163.24666666666667	162.56	162.41333333333333	161.79333333333332	161.96	160.88666666666666	160.00666666666666	159.76	159.23333333333332	158.53333333333333	157.30666666666667	156.98666666666668	155.79333333333332	155.08	153.67333333333335	152.47333333333333	150.72666666666666	149.20666666666668	147.29333333333332	145.65333333333334	143.00666666666666	140.54	137.99333333333334	133.76666666666668	128.42666666666668	121.2	108.62	0.0
0.0	108.52666666666667	120.82	127.93333333333334	133.10666666666665	137.48	140.43333333333334	143.05333333333334	145.58	148.10666666666665	149.66	151.27333333333334	152.92	154.51333333333332	155.22	156.50666666666666	157.12	157.86666666666667	159.08	159.78666666666666	160.60666666666665	161.16666666666666	161.14666666666668	162.17333333333335	162.92666666666668	163.18	163.20666666666668	164.42666666666668	164.31333333333333	164.31333333333333	164.3	164.38666666666666	164.3	164.76666666666668	164.9	164.8	165.16	165.24666666666667	164.91333333333333	165.18666666666667	165.06	164.32666666666665	164.51333333333332	164.06666666666666	163.4	163.35333333333332	163.29333333333332	162.6	162.56666666666666	161.44666666666666	161.26	160.84666666666666	159.76666666666668	159.18666666666667	158.61333333333334	157.89333333333335	156.63333333333333	156.06666666666666	155.0	153.40666666666667	152.32	150.82666666666665	149.22666666666666	147.68666666666667	145.66666666666666	143.25333333333333	140.62	138.2	133.96666666666667	128.76666666666668	121.02	108.6	0.0
0.0	108.9	121.52	128.7	134.09333333333333	138.08666666666667	140.82	143.42	145.59333333333333	148.2	150.02	151.42	152.88	153.91333333333333	155.42	156.50666666666666	157.26666666666668	158.04666666666665	158.66666666666666	159.00666666666666	160.08666666666667	160.38	160.72666666666666	161.52	162.25333333333333	162.17333333333335	163.10666666666665	162.68666666666667	162.96666666666667	163.61333333333334	164.16666666666666	164.18666666666667	164.27333333333334	164.56	164.76	164.53333333333333	164.63333333333333	164.44	164.48666666666668	164.66666666666666	164.42666666666668	164.53333333333333	164.19333333333333	164.13333333333333	163.70666666666668	163.80666666666667	163.47333333333333	163.18	162.25333333333333	161.95333333333335	161.63333333333333	160.92666666666668	160.11333333333334	159.08666666666667	158.88666666666666	158.16	156.70666666666668	156.00666666666666	154.83333333333334	154.24	152.77333333333334	151.49333333333334	149.43333333333334	148.28666666666666	146.07333333333332	143.74	141.10666666666665	137.92	134.04	128.40666666666667	121.32	108.74666666666667	0.0
0.0	108.63333333333334	120.94	128.52666666666667	134.18	137.98	141.37333333333333	143.62666666666667	146.17333333333335	148.46666666666667	150.07333333333332	151.11333333333334	152.39333333333335	153.87333333333333	155.54	156.84	157.52	158.5	158.80666666666667	160.16	160.19333333333333	160.68	161.63333333333333	161.87333333333333	162.48666666666668	163.07333333333332	163.54	163.97333333333333	164.23333333333332	164.44	164.63333333333333	164.27333333333334	164.86666666666667	164.74666666666667	164.69333333333333	164.31333333333333	164.57333333333332	164.76	164.09333333333333	164.23333333333332	164.28	164.24666666666667	164.14	164.31333333333333	163.56666666666666	163.08	163.24666666666667	163.03333333333333	162.61333333333334	161.81333333333333	161.43333333333334	160.80666666666667	160.4	159.24	158.64666666666668	157.56	156.38	155.50666666666666	154.69333333333333	153.8	152.00666666666666	151.16666666666666	149.71333333333334	148.28	145.9	143.44666666666666	140.94666666666666	137.76666666666668	134.03333333333333	128.69333333333333	121.16	108.7	0.0
0.0	108.86666666666666	121.61333333333333	129.03333333333333	134.06	138.46	141.77333333333334	143.75333333333333	146.59333333333333	148.06666666666666	149.82666666666665	151.50666666666666	153.07333333333332	154.15333333333334	155.02666666666667	156.05333333333334	156.91333333333333	158.12666666666667	158.3	159.28	160.03333333333333	160.5	161.45333333333335	161.87333333333333	162.6	163.24666666666667	163.57333333333332	163.8	163.77333333333334	163.82	164.48	165.05333333333334	164.82666666666665	164.94	165.36666666666667	165.34666666666666	165.25333333333333	165.4	165.68666666666667	165.58666666666667	165.54666666666665	165.19333333333333	165.41333333333333	165.16666666666666	164.72	164.19333333333333	163.69333333333333	163.26666666666668	163.38	162.59333333333333	162.04	161.70666666666668	160.95333333333335	159.84	159.37333333333333	158.07333333333332	157.06	156.38666666666666	155.66	154.28	152.71333333333334	151.52666666666667	150.14666666666668	148.28666666666666	146.50666666666666	144.93333333333334	141.54	138.54	133.94	128.72	121.87333333333333	109.22	0.0
0.0	108.44666666666667	121.00666666666666	128.52	133.65333333333334	138.02666666666667	141.1	143.74	146.12	148.58666666666667	150.14	151.18	152.6	153.88	155.36666666666667	156.52	156.8	158.40666666666667	159.3	159.76	159.98666666666668	161.28	161.96	162.42666666666668	162.95333333333335	163.44666666666666	164.84	164.46666666666667	165.51333333333332	165.13333333333333	165.30666666666667	165.62666666666667	165.07333333333332	165.7	165.44	165.64666666666668	165.38666666666666	165.58	165.45333333333335	165.12	164.92666666666668	164.72666666666666	163.72	164.02666666666667	163.79333333333332	163.52	162.84666666666666	162.96	162.36666666666667	162.02666666666667	161.32666666666665	161.3	160.73333333333332	160.2	159.43333333333334	158.44666666666666	157.09333333333333	156.28666666666666	155.76	154.41333333333333	153.42	151.64	150.02	148.36	145.95333333333335	143.75333333333333	141.30666666666667	137.42666666666668	133.43333333333334	128.42	121.56666666666666	108.77333333333333	0.0
0.0	108.78666666666666	121.00666666666666	128.53333333333333	134.03333333333333	137.6	140.67333333333335	143.39333333333335	144.96666666666667	147.19333333333333	149.38666666666666	150.9	152.02666666666667	153.38666666666666	154.56	155.58	157.12666666666667	157.50666666666666	158.04	158.82666666666665	159.62	160.26	161.17333333333335	161.04666666666665	161.70666666666668	161.98	162.57333333333332	163.0	163.02	163.86666666666667	164.14	164.28	164.40666666666667	164.38666666666666	164.67333333333335	164.43333333333334	164.45333333333335	164.44666666666666	164.23333333333332	164.56666666666666	164.33333333333334	164.04	163.50666666666666	163.25333333333333	162.78666666666666	162.01333333333332	162.22666666666666	162.08666666666667	161.50666666666666	162.00666666666666	160.87333333333333	160.1	159.41333333333333	159.48666666666668	158.16666666666666	157.42666666666668	156.82	156.22666666666666	155.26666666666668	153.50666666666666	152.32	151.46	150.48	148.9	146.68	144.28	140.73333333333332	138.23333333333332	134.12	128.46666666666667	120.54666666666667	108.62	0.0
0.0	108.72666666666667	121.2	128.83333333333334	133.58	138.13333333333333	140.77333333333334	143.38666666666666	145.8	148.27333333333334	149.90666666666667	151.61333333333334	153.18	154.62	155.82	156.59333333333333	156.95333333333335	157.86666666666667	159.43333333333334	159.75333333333333	160.56	161.38666666666666	161.81333333333333	161.63333333333333	162.01333333333332	162.27333333333334	162.9	163.56666666666666	163.86	163.73333333333332	164.22	164.54666666666665	165.23333333333332	165.06	165.19333333333333	165.69333333333333	165.78	165.31333333333333	164.56666666666666	164.53333333333333	164.53333333333333	164.61333333333334	164.8	164.5	163.56	163.74	163.55333333333334	163.30666666666667	162.50666666666666	162.23333333333332	161.65333333333334	161.10666666666665	160.32666666666665	159.2	158.74	157.92	157.21333333333334	155.58	154.78	153.79333333333332	152.72	151.3	149.65333333333334	148.06	145.80666666666667	143.78	141.06666666666666	137.86666666666667	134.38666666666666	129.2	120.92666666666666	108.45333333333333	0.0
0.0	108.52	120.93333333333334	127.90666666666667	133.46	137.44666666666666	140.47333333333333	142.79333333333332	145.43333333333334	147.50666666666666	149.86	151.38666666666666	152.73333333333332	154.04666666666665	155.13333333333333	156.44	157.08	158.12	158.96	159.79333333333332	160.32	160.98	161.13333333333333	161.57333333333332	162.82	163.04	163.21333333333334	163.58	163.99333333333334	164.33333333333334	164.41333333333333	164.64666666666668	164.41333333333333	164.82666666666665	164.64	164.61333333333334	164.41333333333333	164.46	164.43333333333334	164.72	165.29333333333332	164.75333333333333	164.65333333333334	164.66666666666666	164.28666666666666	163.67333333333335	163.38	162.92	163.03333333333333	162.59333333333333	161.76666666666668	161.46666666666667	161.06666666666666	159.14	158.48666666666668	157.44666666666666	156.59333333333333	155.15333333333334	154.22666666666666	153.44	152.68666666666667	150.68	149.64	147.44	145.16666666666666	143.12	140.13333333333333	137.83333333333334	133.34666666666666	128.18666666666667	121.35333333333334	108.0	0.0
0.0	108.66666666666667	121.54	128.42	133.92666666666668	138.5	140.78	142.99333333333334	145.8	148.13333333333333	149.46	151.38666666666666	153.09333333333333	153.83333333333334	155.39333333333335	156.37333333333333	157.49333333333334	158.56	159.04	160.04	160.98	161.06666666666666	161.02666666666667	162.2	161.87333333333333	162.52	162.94666666666666	163.12666666666667	163.30666666666667	164.22	164.02666666666667	164.19333333333333	164.72666666666666	164.51333333333332	164.22	164.24	164.12	164.12	164.22	164.02666666666667	164.08666666666667	163.38	163.71333333333334	163.30666666666667	163.09333333333333	163.25333333333333	163.43333333333334	162.84666666666666	162.22666666666666	161.75333333333333	161.40666666666667	160.94	160.46666666666667	160.02	158.78666666666666	158.21333333333334	157.24	156.89333333333335	155.51333333333332	154.72666666666666	153.75333333333333	151.66	150.18666666666667	148.49333333333334	146.36666666666667	143.72666666666666	141.30666666666667	138.62666666666667	134.0	128.66666666666666	120.91333333333333	108.58	0.0
0.0	108.78	121.36666666666666	129.09333333333333	133.85333333333332	137.89333333333335	141.47333333333333	143.56	146.52666666666667	148.56666666666666	150.82666666666665	151.80666666666667	153.32666666666665	154.93333333333334	156.33333333333334	157.84666666666666	158.68666666666667	158.74	160.26666666666668	160.81333333333333	161.03333333333333	162.00666666666666	162.40666666666667	162.92	163.48	163.74666666666667	164.34	164.18	164.5	164.71333333333334	165.22666666666666	165.04666666666665	165.38666666666666	165.63333333333333	165.60666666666665	165.50666666666666	165.79333333333332	165.59333333333333	165.38	165.11333333333334	165.08	165.22	164.36	164.75333333333333	164.28666666666666	163.86666666666667	163.65333333333334	163.35333333333332	162.71333333333334	162.62666666666667	161.96	161.50666666666666	160.9	160.40666666666667	159.52666666666667	158.84	158.21333333333334	157.02666666666667	156.12666666666667	154.62	153.43333333333334	151.48	150.08	148.32	146.84	144.8	141.92	138.64666666666668	134.38	128.58	121.08666666666667	108.74666666666667	0.0
0.0	108.66666666666667	121.52666666666667	128.39333333333335	133.58666666666667	137.54666666666665	140.64666666666668	143.46	145.35333333333332	147.64	149.61333333333334	151.26	152.74666666666667	153.98	155.23333333333332	156.66	157.13333333333333	158.13333333333333	159.15333333333334	159.24	160.04666666666665	161.03333333333333	161.46	161.45333333333335	162.32666666666665	162.42666666666668	162.66666666666666	163.24	163.10666666666665	163.7	163.78666666666666	164.19333333333333	164.47333333333333	164.67333333333335	164.85333333333332	164.99333333333334	164.78666666666666	164.65333333333334	164.41333333333333	164.18	164.22	163.95333333333335	163.60666666666665	163.41333333333333	162.79333333333332	162.64666666666668	162.31333333333333	162.08	161.38666666666666	161.58666666666667	160.78666666666666	160.02666666666667	159.81333333333333	159.08	158.16	157.51333333333332	156.75333333333333	156.02	155.1	153.81333333333333	152.50666666666666	150.82666666666665	149.72666666666666	147.84	146.17333333333335	144.12666666666667	141.24666666666667	138.28	134.34	129.01333333333332	121.75333333333333	108.96666666666667	0.0
0.0	108.88666666666667	121.48	129.24	134.26666666666668	138.22666666666666	141.72666666666666	144.59333333333333	146.3	148.12	149.83333333333334	152.68	153.94666666666666	154.48	155.50666666666666	156.84666666666666	158.28666666666666	159.04666666666665	159.68666666666667	160.33333333333334	160.67333333333335	161.23333333333332	161.86	162.54666666666665	162.86	163.01333333333332	163.75333333333333	163.86	164.44666666666666	164.20666666666668	164.74666666666667	165.11333333333334	165.66	165.50666666666666	165.71333333333334	165.31333333333333	165.77333333333334	165.73333333333332	165.98666666666668	166.24	166.12	165.40666666666667	165.46	165.24	164.96	163.82666666666665	163.58666666666667	163.73333333333332	163.30666666666667	162.76666666666668	162.18	162.13333333333333	161.45333333333335	160.72666666666666	159.84	159.26666666666668	158.04666666666665	156.77333333333334	155.42	154.44666666666666	152.96666666666667	151.66	150.00666666666666	148.23333333333332	146.26666666666668	144.03333333333333	141.12	138.07333333333332	134.07333333333332	129.13333333333333	121.40666666666667	108.82666666666667	0.0
0.0	109.3	121.98666666666666	129.28	134.43333333333334	138.46	141.68	144.18666666666667	146.82666666666665	148.74666666666667	150.26	151.90666666666667	153.51333333333332	154.44666666666666	155.6	156.81333333333333	158.24	159.18	159.69333333333333	160.39333333333335	160.70666666666668	161.16	161.43333333333334	162.09333333333333	162.59333333333333	163.00666666666666	163.35333333333332	163.03333333333333	163.56666666666666	164.41333333333333	164.11333333333334	164.38	164.74666666666667	164.6	164.74	164.80666666666667	164.66	164.73333333333332	164.32666666666665	164.60666666666665	164.09333333333333	164.88666666666666	164.06666666666666	164.51333333333332	164.61333333333334	164.58	164.37333333333333	163.4	163.02	162.69333333333333	161.88666666666666	161.86	161.20666666666668	160.85333333333332	159.95333333333335	158.85333333333332	158.64	157.24666666666667	155.62666666666667	154.66	153.6	152.26666666666668	150.94	149.12	146.82666666666665	144.79333333333332	142.42	138.98666666666668	134.58666666666667	129.79333333333332	122.08	109.08	0.0
0.0	108.66	121.76	128.44666666666666	134.13333333333333	137.72	140.79333333333332	143.86	146.66	148.55333333333334	149.84	151.94	153.36	154.14	155.17333333333335	155.95333333333335	157.07333333333332	157.91333333333333	158.80666666666667	159.28	160.15333333333334	161.14	161.75333333333333	161.91333333333333	162.68	163.74666666666667	163.49333333333334	164.37333333333333	164.71333333333334	165.0	165.34666666666666	165.48666666666668	165.97333333333333	165.52666666666667	165.8	165.58	166.06666666666666	165.8	165.5	165.6	165.11333333333334	165.08666666666667	164.98666666666668	165.13333333333333	164.52	164.32	164.14	163.56666666666666	163.62	162.68666666666667	162.72666666666666	161.9	160.89333333333335	160.54	159.79333333333332	158.98	157.97333333333333	156.74	155.86	154.62666666666667	153.18	151.61333333333334	149.52666666666667	148.21333333333334	146.28	143.67333333333335	141.30666666666667	137.67333333333335	133.29333333333332	127.93333333333334	121.27333333333333	108.8	0.0
0.0	108.74666666666667	121.44666666666667	129.06666666666666	134.06666666666666	138.42666666666668	141.10666666666665	144.42	146.51333333333332	148.3	150.06	151.72666666666666	153.38666666666666	155.02	156.4	157.13333333333333	157.86	159.09333333333333	160.01333333333332	160.71333333333334	161.19333333333333	161.41333333333333	162.36666666666667	162.92	163.30666666666667	163.34	164.22	164.51333333333332	164.58666666666667	165.00666666666666	164.63333333333333	165.28	165.52	165.48	165.81333333333333	165.74666666666667	165.4	165.4	165.02	164.68666666666667	164.88666666666666	165.35333333333332	164.60666666666665	164.72	164.62	164.28	163.94	163.54666666666665	163.41333333333333	162.53333333333333	161.86	161.16666666666666	160.74666666666667	160.14	159.02666666666667	158.39333333333335	157.8	157.11333333333334	156.32	155.30666666666667	153.45333333333335	152.47333333333333	150.5	149.0	146.86666666666667	144.81333333333333	141.59333333333333	138.20666666666668	133.88	128.88	121.81333333333333	108.64	0.0
0.0	108.34	120.52666666666667	128.22	133.4	137.12666666666667	140.52666666666667	143.94666666666666	145.99333333333334	148.73333333333332	149.92	151.23333333333332	152.98666666666668	154.48	155.08	156.15333333333334	157.34666666666666	158.23333333333332	158.99333333333334	160.2	160.34666666666666	161.04666666666665	161.38	161.80666666666667	162.01333333333332	162.92	163.38	163.34666666666666	163.83333333333334	164.38666666666666	164.12666666666667	164.64	164.12	164.36	164.60666666666665	164.22	164.60666666666665	164.0	164.24	164.2	163.82	163.94	163.24	163.09333333333333	163.61333333333334	162.70666666666668	162.38	162.02666666666667	161.84	161.58666666666667	161.02	159.86666666666667	160.06666666666666	159.54	158.68	158.06	156.86666666666667	155.45333333333335	154.98	154.13333333333333	152.22666666666666	151.42666666666668	149.93333333333334	148.52666666666667	146.30666666666667	143.74	141.35333333333332	138.04666666666665	133.86666666666667	128.56	121.10666666666667	108.72	0.0
0.0	108.76	121.87333333333333	129.13333333333333	134.21333333333334	138.35333333333332	141.48	144.52	146.41333333333333	148.07333333333332	149.6	151.86	153.09333333333333	154.44	155.8	156.44	157.81333333333333	158.88	159.4	159.56	160.82666666666665	161.67333333333335	162.04	162.70666666666668	162.76666666666668	163.59333333333333	163.9	163.84	164.46666666666667	164.27333333333334	164.94	164.98	165.16666666666666	164.98	165.05333333333334	165.13333333333333	164.79333333333332	165.26	165.30666666666667	164.66	164.68666666666667	164.85333333333332	164.60666666666665	163.71333333333334	163.54	163.4	163.24666666666667	162.96	162.36666666666667	162.02666666666667	161.35333333333332	160.95333333333335	160.42	159.68	158.83333333333334	157.72666666666666	156.96	156.06666666666666	155.47333333333333	153.51333333333332	152.23333333333332	151.08	149.90666666666667	147.94	145.96	143.90666666666667	141.54666666666665	138.38	134.21333333333334	129.13333333333333	121.53333333333333	109.00666666666666	0.0
0.0	108.32	121.11333333333333	128.71333333333334	133.29333333333332	137.56	141.39333333333335	144.16	146.32	148.10666666666665	149.22666666666666	150.61333333333334	151.76666666666668	153.4	154.38	154.99333333333334	156.16666666666666	156.77333333333334	157.73333333333332	158.62	159.48666666666668	160.2	160.76	160.82666666666665	161.92	162.75333333333333	162.74666666666667	163.34	163.74666666666667	163.47333333333333	164.26666666666668	164.01333333333332	164.88	164.64	164.48666666666668	164.48666666666668	164.26666666666668	164.56666666666666	164.31333333333333	164.25333333333333	164.09333333333333	164.12666666666667	163.61333333333334	163.18666666666667	162.74	162.81333333333333	162.44	161.59333333333333	161.52	160.58666666666667	160.6	160.26	159.26666666666668	158.91333333333333	157.96	157.64666666666668	156.40666666666667	155.6	154.40666666666667	153.21333333333334	151.77333333333334	150.88666666666666	148.61333333333334	147.27333333333334	145.30666666666667	143.36	141.08666666666667	137.62	133.32666666666665	127.92	120.6	108.04666666666667	0.0
0.0	108.40666666666667	120.98	128.5	133.54666666666665	138.15333333333334	141.26666666666668	143.88666666666666	145.76	148.09333333333333	149.85333333333332	151.44	152.07333333333332	153.85333333333332	155.26	156.14	157.47333333333333	158.42	158.85333333333332	159.69333333333333	160.86	161.18666666666667	161.55333333333334	162.10666666666665	162.08	162.95333333333335	163.18666666666667	163.55333333333334	164.32	165.05333333333334	165.57333333333332	165.3	165.49333333333334	165.30666666666667	165.32666666666665	165.12	164.82666666666665	164.80666666666667	164.81333333333333	165.06666666666666	164.88	164.93333333333334	164.9	164.82666666666665	164.52666666666667	164.04666666666665	164.08	163.26	162.79333333333332	162.42	161.79333333333332	161.46	160.45333333333335	159.73333333333332	159.13333333333333	157.72	156.89333333333335	156.47333333333333	155.50666666666666	154.24	153.3	151.36	150.0	148.56666666666666	146.59333333333333	144.29333333333332	141.62	138.41333333333333	134.12666666666667	129.2	121.12666666666667	108.54	0.0
0.0	108.91333333333333	121.74666666666667	129.34666666666666	134.43333333333334	138.39333333333335	141.56666666666666	144.4	146.08666666666667	148.09333333333333	149.76666666666668	151.65333333333334	153.00666666666666	153.89333333333335	155.1	156.03333333333333	157.15333333333334	158.39333333333335	158.93333333333334	160.10666666666665	160.43333333333334	160.98	161.6	161.7	161.43333333333334	161.87333333333333	162.6	162.62666666666667	162.74	163.32	163.29333333333332	163.90666666666667	164.01333333333332	164.34666666666666	164.53333333333333	164.96	164.78	165.11333333333334	164.76	164.50666666666666	164.88666666666666	164.64	164.3	164.16666666666666	163.45333333333335	163.14666666666668	163.10666666666665	162.39333333333335	162.72	162.29333333333332	161.68	161.19333333333333	160.74	160.31333333333333	159.60666666666665	158.45333333333335	157.34666666666666	156.43333333333334	155.74666666666667	154.04666666666665	152.90666666666667	151.58	149.94666666666666	148.48666666666668	146.13333333333333	143.58666666666667	141.12	137.74666666666667	134.1	128.3	121.5	108.98	0.0
0.0	108.97333333333333	121.34	128.6	133.34	137.66666666666666	141.36666666666667	143.45333333333335	145.67333333333335	147.81333333333333	149.52666666666667	151.08	152.56	153.84	154.68666666666667	156.18666666666667	156.86	158.37333333333333	159.08	160.12	160.42666666666668	160.94666666666666	161.56	162.26666666666668	162.84	162.95333333333335	163.12	163.73333333333332	163.7	164.34666666666666	164.56666666666666	164.76666666666668	164.04	164.00666666666666	163.99333333333334	164.18	164.18666666666667	164.13333333333333	164.8	164.64	164.32666666666665	164.42	164.04	163.78	163.74666666666667	163.42666666666668	163.04666666666665	162.09333333333333	162.42666666666668	161.86666666666667	161.20666666666668	160.87333333333333	160.13333333333333	159.41333333333333	158.50666666666666	157.86666666666667	156.79333333333332	155.76666666666668	155.14	154.22666666666666	153.40666666666667	151.82	150.54666666666665	148.61333333333334	146.19333333333333	143.64	140.84666666666666	137.64666666666668	133.74	128.67333333333335	121.2	108.67333333333333	0.0
0.0	108.97333333333333	121.10666666666667	128.75333333333333	134.46	138.41333333333333	141.42	144.15333333333334	146.12	148.5	150.21333333333334	152.18	153.58	154.48	155.59333333333333	156.72666666666666	157.64666666666668	158.68	159.10666666666665	159.4	160.17333333333335	161.26	161.46666666666667	162.15333333333334	162.66	163.18	164.19333333333333	164.04	164.58	164.47333333333333	164.97333333333333	164.60666666666665	164.79333333333332	164.58666666666667	164.82	164.53333333333333	164.63333333333333	164.53333333333333	165.01333333333332	164.22666666666666	164.57333333333332	164.34666666666666	164.3	163.81333333333333	164.18666666666667	164.3	163.65333333333334	163.36	162.92666666666668	162.05333333333334	161.91333333333333	162.20666666666668	161.22666666666666	160.27333333333334	159.58666666666667	158.34	157.28666666666666	156.4	155.33333333333334	153.60666666666665	152.32666666666665	150.85333333333332	149.15333333333334	148.01333333333332	145.77333333333334	143.85333333333332	140.67333333333335	137.58	133.94	128.74	121.32	108.38666666666667	0.0
0.0	108.34666666666666	121.42666666666666	128.54666666666665	133.64666666666668	137.88	140.99333333333334	143.69333333333333	146.28666666666666	148.28666666666666	150.02666666666667	151.57333333333332	152.99333333333334	154.42666666666668	155.7	156.30666666666667	157.18	158.33333333333334	159.34	159.79333333333332	160.18	160.98	161.34666666666666	162.10666666666665	163.0	163.68	164.45333333333335	164.33333333333334	164.43333333333334	164.29333333333332	165.13333333333333	164.77333333333334	165.38666666666666	165.07333333333332	166.04666666666665	166.12666666666667	165.60666666666665	165.76666666666668	165.38666666666666	165.39333333333335	165.59333333333333	165.43333333333334	165.32	164.73333333333332	164.38666666666666	164.19333333333333	163.8	163.6	163.24666666666667	162.68	161.94	161.63333333333333	161.02	160.23333333333332	159.74666666666667	159.09333333333333	158.18	157.24666666666667	156.03333333333333	154.47333333333333	153.57333333333332	151.77333333333334	150.04666666666665	148.36666666666667	146.14	143.7	140.70666666666668	138.09333333333333	133.80666666666667	128.71333333333334	121.58666666666667	108.52	0.0
0.0	108.81333333333333	121.58666666666667	128.91333333333333	133.58666666666667	137.6	141.01333333333332	143.22	146.04	147.80666666666667	149.10666666666665	151.53333333333333	153.21333333333334	154.17333333333335	154.61333333333334	155.31333333333333	156.52	157.38	158.48666666666668	159.28	160.36666666666667	160.55333333333334	161.38	162.21333333333334	162.87333333333333	163.43333333333334	162.86666666666667	163.58666666666667	163.86666666666667	163.82	163.43333333333334	164.02666666666667	164.28	164.9	164.52	165.02	164.88	164.84	165.16	164.58	164.51333333333332	164.56	164.17333333333335	163.82	163.32666666666665	162.73333333333332	162.93333333333334	162.86666666666667	162.24666666666667	161.48	161.12666666666667	160.45333333333335	159.91333333333333	159.33333333333334	158.73333333333332	157.73333333333332	157.26666666666668	156.00666666666666	154.85333333333332	153.80666666666667	152.11333333333334	151.04	149.72666666666666	148.26666666666668	146.72	144.60666666666665	141.17333333333335	138.30666666666667	134.30666666666667	129.15333333333334	121.93333333333334	108.72666666666667	0.0
0.0	108.68	121.14	128.45333333333335	133.82666666666665	138.03333333333333	141.36	144.00666666666666	146.07333333333332	148.38	150.32	151.51333333333332	152.72	154.70666666666668	155.52666666666667	156.94	157.90666666666667	158.64666666666668	159.39333333333335	159.86666666666667	160.92666666666668	161.58	161.98666666666668	162.32	162.54	163.54	163.72666666666666	164.11333333333334	164.46666666666667	164.45333333333335	164.60666666666665	164.61333333333334	164.4	164.21333333333334	164.89333333333335	164.96	164.88	164.9	164.3	164.39333333333335	163.84	163.8	164.06666666666666	163.89333333333335	163.37333333333333	163.46666666666667	162.98666666666668	162.53333333333333	162.38	161.66666666666666	160.71333333333334	160.49333333333334	159.24666666666667	159.33333333333334	158.52666666666667	157.95333333333335	157.42666666666668	156.60666666666665	155.06	154.04666666666665	153.28	151.68	150.04666666666665	148.53333333333333	146.49333333333334	143.74	141.42666666666668	138.2	133.96666666666667	129.04666666666665	121.79333333333334	109.17333333333333	0.0
0.0	108.14	120.98	128.16	133.75333333333333	137.28	140.88666666666666	143.36	145.24666666666667	147.73333333333332	149.56	151.16	152.15333333333334	154.10666666666665	155.48666666666668	156.21333333333334	156.86	158.18666666666667	158.41333333333333	159.62	160.54666666666665	161.18666666666667	161.40666666666667	161.84	162.75333333333333	162.98	163.03333333333333	163.31333333333333	163.18	163.74	164.3	164.32666666666665	164.58	164.09333333333333	164.65333333333334	164.81333333333333	164.64666666666668	164.33333333333334	164.21333333333334	164.56666666666666	164.42666666666668	163.83333333333334	163.89333333333335	164.18666666666667	163.44666666666666	163.02	162.7	162.88	161.99333333333334	161.1	160.52	160.40666666666667	159.88666666666666	159.85333333333332	158.62	157.56666666666666	156.81333333333333	156.04666666666665	155.00666666666666	153.7	152.2	151.1	149.51333333333332	147.78	145.49333333333334	143.19333333333333	140.73333333333332	137.17333333333335	134.0	128.73333333333332	121.08666666666667	108.36	0.0
0.0	108.68	121.23333333333333	128.58	134.1	137.66	140.80666666666667	143.84666666666666	146.45333333333335	147.97333333333333	149.54	150.96666666666667	152.52	153.82	155.22	156.20666666666668	156.62	157.65333333333334	158.37333333333333	159.49333333333334	160.2	160.56	160.87333333333333	161.18666666666667	162.55333333333334	162.12	162.18	162.62	163.10666666666665	162.62666666666667	163.35333333333332	163.96666666666667	164.03333333333333	163.97333333333333	164.34	164.45333333333335	164.36	163.84666666666666	164.24	163.90666666666667	163.37333333333333	162.86	163.43333333333334	163.66	163.37333333333333	162.5	162.64666666666668	162.58666666666667	162.2	161.80666666666667	160.74	160.48	159.91333333333333	159.27333333333334	159.05333333333334	157.88666666666666	157.28	156.02666666666667	155.04666666666665	153.66	152.90666666666667	151.66666666666666	150.08666666666667	148.14666666666668	146.32666666666665	143.56	141.22	137.88666666666666	134.03333333333333	129.14	121.80666666666667	109.2	0.0
0.0	108.81333333333333	121.5	128.74	133.96	138.14666666666668	141.14	143.45333333333335	146.32	147.94	149.49333333333334	151.85333333333332	153.56	154.52666666666667	155.28666666666666	156.48666666666668	157.44666666666666	158.42	159.18	159.55333333333334	160.46666666666667	161.3	162.08666666666667	162.50666666666666	163.36666666666667	163.72	164.20666666666668	164.31333333333333	164.7	164.76666666666668	165.04	165.03333333333333	165.31333333333333	165.68666666666667	165.89333333333335	165.66666666666666	165.78	165.32	165.48666666666668	165.74	165.82	165.39333333333335	164.92	164.68666666666667	163.30666666666667	163.09333333333333	163.22666666666666	162.76666666666668	162.15333333333334	161.57333333333332	161.2	160.92666666666668	159.62	159.12666666666667	157.78	157.45333333333335	156.36666666666667	155.26666666666668	154.94666666666666	153.85333333333332	152.39333333333335	151.5	149.93333333333334	147.92666666666668	146.16666666666666	144.16666666666666	141.40666666666667	138.3	134.14666666666668	128.8	121.30666666666667	109.20666666666666	0.0
0.0	108.72	121.33333333333333	129.08666666666667	133.46666666666667	137.97333333333333	141.04666666666665	143.92	146.64	148.52	150.66	152.12666666666667	153.85333333333332	154.80666666666667	155.74	157.19333333333333	157.57333333333332	158.73333333333332	159.66666666666666	160.58666666666667	161.3	161.86666666666667	162.16666666666666	162.55333333333334	163.37333333333333	163.98	164.40666666666667	165.06	165.08	165.55333333333334	165.47333333333333	165.72666666666666	166.12666666666667	166.29333333333332	166.33333333333334	165.74666666666667	166.26666666666668	166.18	165.60666666666665	165.72666666666666	165.94666666666666	165.30666666666667	165.29333333333332	165.15333333333334	164.94666666666666	164.56	163.6	163.47333333333333	163.13333333333333	162.53333333333333	162.01333333333332	161.6	161.06	160.22666666666666	159.68	158.59333333333333	157.92666666666668	156.79333333333332	155.89333333333335	154.97333333333333	153.50666666666666	152.16	150.77333333333334	149.26666666666668	146.88	144.42	141.22	137.92	134.02	128.76	121.19333333333333	108.86	0.0
0.0	109.06	121.60666666666667	128.99333333333334	134.03333333333333	138.4	142.06666666666666	143.78666666666666	146.57333333333332	148.38666666666666	150.06	151.48	153.18	154.56	155.62	155.98	157.22	158.77333333333334	159.00666666666666	159.89333333333335	160.8	161.36666666666667	162.02	161.91333333333333	162.60666666666665	163.26666666666668	163.58666666666667	164.25333333333333	164.42666666666668	164.6	164.13333333333333	164.87333333333333	164.71333333333334	164.92	165.39333333333335	165.54	165.29333333333332	165.43333333333334	165.46	165.45333333333335	165.02666666666667	164.75333333333333	164.75333333333333	164.19333333333333	164.23333333333332	163.44666666666666	163.5	163.86666666666667	162.92666666666668	162.74666666666667	162.68666666666667	161.83333333333334	161.0	159.97333333333333	159.83333333333334	159.37333333333333	158.72	157.18666666666667	156.15333333333334	154.62666666666667	153.67333333333335	152.48666666666668	150.11333333333334	148.89333333333335	146.43333333333334	144.26666666666668	141.7	138.74	134.66666666666666	129.34	121.96666666666667	109.06666666666666	0.0
0.0	109.1	121.15333333333334	128.83333333333334	133.31333333333333	137.77333333333334	141.36666666666667	144.18666666666667	146.22	148.22666666666666	150.14	152.09333333333333	152.85333333333332	154.13333333333333	155.14	156.14	156.56	157.42	158.44	159.16	159.66666666666666	159.71333333333334	160.62666666666667	161.14666666666668	161.56666666666666	162.25333333333333	162.78	163.14	163.24666666666667	163.78	163.71333333333334	163.97333333333333	164.12	164.04666666666665	163.94666666666666	164.68666666666667	164.12666666666667	164.26	164.34	164.49333333333334	164.3	164.06666666666666	163.92666666666668	164.19333333333333	163.56	163.05333333333334	163.26	163.11333333333334	162.93333333333334	162.16	161.82	161.33333333333334	160.8	159.88666666666666	158.72666666666666	158.20666666666668	157.46	155.86666666666667	155.20666666666668	154.3	153.24	151.52	149.74	148.13333333333333	145.98666666666668	143.84666666666666	140.88	137.97333333333333	133.98666666666668	128.41333333333333	121.34	108.64	0.0
0.0	108.90666666666667	121.47333333333333	129.19333333333333	134.66	138.79333333333332	142.1	144.97333333333333	146.93333333333334	149.02	150.48666666666668	151.74666666666667	153.64	155.34	156.06666666666666	157.38666666666666	159.14	159.26	159.94	160.56	161.56666666666666	162.09333333333333	162.39333333333335	163.56666666666666	163.46	163.78666666666666	163.98	164.34	164.68	164.61333333333334	165.26	165.58666666666667	165.22	165.38666666666666	165.46	165.23333333333332	165.24	165.36	165.26	164.94666666666666	164.82	165.02666666666667	164.89333333333335	165.08	164.58	164.06	163.66	164.00666666666666	163.43333333333334	163.00666666666666	162.24	161.88	160.92	159.96666666666667	159.05333333333334	157.88	157.20666666666668	156.23333333333332	155.38666666666666	154.03333333333333	152.92666666666668	151.55333333333334	150.15333333333334	148.18666666666667	146.72	144.26666666666668	141.49333333333334	138.52666666666667	134.24666666666667	129.14	121.06666666666666	108.57333333333334	0.0
0.0	108.5	121.20666666666666	128.32	133.68	137.96666666666667	141.05333333333334	143.83333333333334	145.61333333333334	147.67333333333335	149.61333333333334	150.8	152.9	154.00666666666666	155.03333333333333	156.56666666666666	157.66666666666666	158.53333333333333	158.68666666666667	159.42666666666668	160.08	159.85333333333332	160.98	161.53333333333333	161.88666666666666	162.28	162.64	163.47333333333333	163.38666666666666	163.95333333333335	163.83333333333334	164.34	164.39333333333335	164.09333333333333	163.96	164.28	164.53333333333333	164.62666666666667	164.48	164.57333333333332	163.72666666666666	164.01333333333332	163.93333333333334	163.80666666666667	163.45333333333335	163.32666666666665	162.73333333333332	162.44	162.16666666666666	161.66	160.72	159.54666666666665	159.58	158.83333333333334	158.26	157.51333333333332	156.79333333333332	156.05333333333334	154.56	153.44666666666666	152.62666666666667	150.62	148.89333333333335	147.16666666666666	145.26666666666668	143.14	140.68	138.01333333333332	134.00666666666666	128.5	121.28	108.53333333333333	0.0
0.0	108.47333333333333	121.63333333333334	129.03333333333333	134.42	138.52	141.81333333333333	144.05333333333334	146.44	148.49333333333334	149.92	152.01333333333332	153.13333333333333	154.42	155.00666666666666	155.66666666666666	156.75333333333333	157.46	158.49333333333334	159.46	159.56	160.86666666666667	161.42	161.60666666666665	162.18	162.56666666666666	163.28666666666666	163.15333333333334	163.92666666666668	163.66	163.53333333333333	163.90666666666667	164.28666666666666	163.8	164.39333333333335	164.06	164.37333333333333	164.51333333333332	164.04666666666665	163.88	164.33333333333334	163.61333333333334	163.96666666666667	163.36	162.95333333333335	162.63333333333333	162.54666666666665	162.02	161.90666666666667	160.78666666666666	160.14	160.18	159.12666666666667	158.38	158.16	157.34666666666666	156.06666666666666	154.83333333333334	154.07333333333332	152.7	151.74	150.02666666666667	148.38	147.23333333333332	145.61333333333334	143.43333333333334	140.12	137.04666666666665	133.76666666666668	128.37333333333333	120.96666666666667	108.71333333333334	0.0
0.0	108.29333333333334	121.12666666666667	128.62666666666667	133.77333333333334	137.56666666666666	140.91333333333333	143.69333333333333	145.74666666666667	148.45333333333335	149.6	151.11333333333334	152.7	153.83333333333334	155.16	156.70666666666668	157.42666666666668	158.00666666666666	159.07333333333332	159.79333333333332	160.36	160.97333333333333	161.7	162.23333333333332	162.46	162.8	163.38666666666666	163.46666666666667	164.02	163.56	164.43333333333334	163.76666666666668	163.98	164.30666666666667	164.36	164.34666666666666	164.06	163.47333333333333	163.72	163.52	163.7	163.84	163.35333333333332	163.12666666666667	163.32666666666665	162.84666666666666	162.5	162.42666666666668	162.11333333333334	161.82	161.03333333333333	160.97333333333333	159.95333333333335	159.4	158.65333333333334	157.56666666666666	156.75333333333333	156.01333333333332	154.99333333333334	153.86666666666667	152.57333333333332	151.12666666666667	149.83333333333334	147.78666666666666	146.2	144.0	140.64	137.77333333333334	133.23333333333332	128.32666666666665	121.18	108.77333333333333	0.0
0.0	108.53333333333333	121.1	128.42666666666668	133.67333333333335	137.16	140.36666666666667	143.81333333333333	145.86666666666667	148.21333333333334	149.52	151.08	152.52666666666667	153.52	154.83333333333334	156.44666666666666	157.21333333333334	158.67333333333335	158.88666666666666	159.49333333333334	160.02666666666667	161.22666666666666	161.54	161.98	162.09333333333333	163.02	162.84666666666666	163.76666666666668	163.91333333333333	163.46	164.22	164.17333333333335	164.63333333333333	164.30666666666667	164.09333333333333	164.4	164.62	164.62	164.15333333333334	164.30666666666667	164.2	164.13333333333333	163.71333333333334	163.78	163.84666666666666	162.96	162.87333333333333	162.4	162.05333333333334	161.03333333333333	160.89333333333335	160.53333333333333	159.97333333333333	159.36	158.23333333333332	157.86666666666667	156.8	155.6	155.06	153.9	152.50666666666666	151.39333333333335	149.64	147.92	145.82	143.73333333333332	140.80666666666667	137.3	133.85333333333332	128.52666666666667	121.45333333333333	108.68	0.0
0.0	108.58	120.69333333333333	128.39333333333335	133.7	137.38666666666666	140.3	143.42	145.87333333333333	147.76	149.72666666666666	151.48	152.55333333333334	154.24666666666667	155.14	156.36666666666667	157.2	158.38666666666666	159.25333333333333	159.55333333333334	159.88666666666666	160.28666666666666	161.42	161.78	162.48666666666668	162.74	163.06666666666666	163.32666666666665	163.45333333333335	163.68666666666667	163.48666666666668	164.17333333333335	164.33333333333334	164.52	164.43333333333334	164.24666666666667	164.62666666666667	164.28	164.32	164.53333333333333	164.26666666666668	164.52666666666667	164.86666666666667	164.34666666666666	164.13333333333333	163.22	163.62	163.38666666666666	163.08	162.39333333333335	161.65333333333334	161.29333333333332	160.46	159.97333333333333	158.88666666666666	158.22	157.18666666666667	156.34	155.62	153.96666666666667	152.84666666666666	151.38	150.02	147.90666666666667	145.88666666666666	143.53333333333333	140.52	137.42666666666668	133.99333333333334	128.68	121.08	108.44666666666667	0.0
0.0	109.36	122.11333333333333	129.51333333333332	135.10666666666665	138.7	142.30666666666667	144.72666666666666	146.86	148.2	150.20666666666668	151.50666666666666	152.83333333333334	154.83333333333334	155.47333333333333	156.88666666666666	157.88	158.31333333333333	159.55333333333334	159.95333333333335	160.39333333333335	161.08666666666667	162.20666666666668	162.43333333333334	163.24666666666667	163.31333333333333	163.64	163.44	163.81333333333333	165.06666666666666	164.90666666666667	165.36	165.47333333333333	165.64	165.48666666666668	165.62	165.53333333333333	165.79333333333332	165.54	165.98666666666668	165.9	165.57333333333332	165.22666666666666	165.15333333333334	164.64666666666668	164.47333333333333	163.92	163.57333333333332	163.17333333333335	163.01333333333332	162.18666666666667	161.46666666666667	161.45333333333335	160.58	160.12	158.86666666666667	158.22	157.12666666666667	156.4	154.84	153.6	152.04666666666665	150.09333333333333	148.68	146.78	144.57333333333332	141.36	137.96666666666667	134.28666666666666	129.43333333333334	122.24	109.19333333333333	0.0
0.0	109.1	121.20666666666666	128.9	134.5	138.36	141.58	143.94666666666666	146.26666666666668	148.06	150.27333333333334	151.74	153.28666666666666	154.69333333333333	155.52	156.50666666666666	157.26666666666668	157.97333333333333	158.68	159.28666666666666	159.81333333333333	160.38666666666666	161.42666666666668	161.6	162.10666666666665	162.38	163.06	163.0	163.97333333333333	163.92666666666668	163.95333333333335	164.48666666666668	164.62666666666667	165.04666666666665	164.26	164.52	164.76666666666668	164.49333333333334	165.08	165.02666666666667	165.12	164.74666666666667	165.04	164.68666666666667	164.25333333333333	163.75333333333333	163.24666666666667	163.27333333333334	162.4	161.96	161.42	160.82666666666665	159.6	158.78666666666666	158.42	157.99333333333334	156.94666666666666	155.74	155.08666666666667	153.77333333333334	152.57333333333332	151.3	150.20666666666668	148.56	146.82	144.5	140.93333333333334	137.68	133.56666666666666	128.47333333333333	121.15333333333334	108.74666666666667	0.0
0.0	108.91333333333333	121.68	128.59333333333333	133.96666666666667	137.89333333333335	140.80666666666667	144.32	147.14666666666668	148.39333333333335	150.2	151.55333333333334	153.47333333333333	154.46	155.89333333333335	156.97333333333333	157.49333333333334	159.0	159.26666666666668	159.93333333333334	160.44666666666666	161.48	162.45333333333335	162.83333333333334	162.91333333333333	163.54	164.02666666666667	164.50666666666666	164.49333333333334	165.40666666666667	165.02	165.44	165.48	165.34666666666666	164.85333333333332	164.79333333333332	164.55333333333334	164.52666666666667	164.14666666666668	164.12666666666667	164.24666666666667	164.44666666666666	163.96666666666667	163.46666666666667	163.46666666666667	163.19333333333333	162.77333333333334	162.5	162.61333333333334	161.61333333333334	161.59333333333333	160.78	160.84666666666666	159.72666666666666	159.28666666666666	158.04	157.04666666666665	156.21333333333334	154.86666666666667	153.82	152.76666666666668	151.5	150.12666666666667	148.36	146.11333333333334	143.72	140.63333333333333	137.78666666666666	133.54666666666665	128.48666666666668	120.84666666666666	108.89333333333333	0.0
0.0	108.48	121.24	128.3	133.67333333333335	137.67333333333335	140.77333333333334	143.38	145.74	147.54	149.46	151.11333333333334	152.74	154.25333333333333	154.89333333333335	156.44666666666666	157.5	157.88666666666666	159.05333333333334	159.14	159.84	161.29333333333332	161.53333333333333	162.02	162.53333333333333	163.17333333333335	163.08	163.26666666666668	163.78666666666666	164.26666666666668	164.18666666666667	164.55333333333334	164.86666666666667	164.92	164.81333333333333	164.56666666666666	164.58666666666667	164.42666666666668	164.14	164.48666666666668	164.36666666666667	164.36	163.72666666666666	163.32	163.08	163.24666666666667	162.38	162.38666666666666	161.74666666666667	161.11333333333334	160.70666666666668	160.68	159.70666666666668	159.57333333333332	158.29333333333332	157.38	157.06	155.57333333333332	154.92	153.60666666666665	152.02666666666667	151.13333333333333	149.81333333333333	147.74666666666667	145.44	142.80666666666667	140.10666666666665	136.89333333333335	133.04	128.14666666666668	120.72	108.07333333333334	0.0
0.0	109.15333333333334	121.42666666666666	129.08	134.2	137.58666666666667	140.99333333333334	144.03333333333333	146.16666666666666	147.57333333333332	149.33333333333334	150.96666666666667	151.78666666666666	153.56	155.22666666666666	155.91333333333333	156.76666666666668	158.17333333333335	158.73333333333332	159.64	160.50666666666666	160.64666666666668	161.24	162.16	162.46666666666667	162.90666666666667	162.95333333333335	163.42666666666668	163.78	164.08	164.3	164.68666666666667	164.98666666666668	165.03333333333333	165.09333333333333	165.89333333333335	165.82666666666665	165.38666666666666	165.49333333333334	165.44666666666666	165.70666666666668	164.82	164.58666666666667	163.81333333333333	163.74666666666667	163.45333333333335	163.34	162.61333333333334	162.2	161.6	161.02666666666667	160.57333333333332	159.66	159.53333333333333	158.35333333333332	157.78	157.05333333333334	156.02666666666667	155.34	153.94666666666666	152.68666666666667	151.37333333333333	149.99333333333334	148.40666666666667	146.17333333333335	144.48666666666668	141.66	138.42666666666668	134.34	129.14	122.0	108.60666666666667	0.0
0.0	108.73333333333333	121.57333333333334	128.76666666666668	133.9	137.6	141.02	143.66666666666666	146.18666666666667	148.2	149.48666666666668	150.92666666666668	152.46	153.65333333333334	154.43333333333334	155.95333333333335	156.94666666666666	157.08666666666667	158.22	159.24	159.97333333333333	160.8	161.20666666666668	161.56666666666666	162.08	162.13333333333333	163.08	162.87333333333333	163.52666666666667	163.57333333333332	164.04	164.24666666666667	164.29333333333332	164.42	164.87333333333333	164.5	164.04	164.54	164.52	164.53333333333333	164.64666666666668	164.78	164.38	164.51333333333332	163.66	163.34666666666666	163.23333333333332	162.97333333333333	162.66666666666666	161.78666666666666	161.98666666666668	161.16	161.28	160.36	159.48	158.64666666666668	157.53333333333333	157.24	155.71333333333334	155.26666666666668	153.35333333333332	151.68666666666667	149.66666666666666	148.54666666666665	145.97333333333333	143.53333333333333	141.17333333333335	137.8	134.56	128.82	121.76666666666667	108.84666666666666	0.0
0.0	109.24	121.2	129.20666666666668	134.16666666666666	138.32666666666665	141.48	143.54666666666665	146.05333333333334	147.7	149.30666666666667	151.07333333333332	153.14666666666668	154.23333333333332	155.21333333333334	156.33333333333334	157.44	158.20666666666668	159.48	159.66	160.13333333333333	161.03333333333333	161.78	162.18	162.39333333333335	163.17333333333335	163.11333333333334	162.95333333333335	163.60666666666665	164.10666666666665	164.53333333333333	164.54	164.94	165.55333333333334	165.71333333333334	165.33333333333334	165.62	165.78	165.48666666666668	165.07333333333332	165.06	164.94	164.95333333333335	163.88666666666666	163.92666666666668	164.30666666666667	163.90666666666667	163.32	162.80666666666667	162.58	161.89333333333335	161.38	161.12	160.55333333333334	159.42	158.96666666666667	157.94	156.74	156.08	154.13333333333333	153.10666666666665	151.68666666666667	150.19333333333333	147.86	146.66	143.56666666666666	141.28666666666666	137.98666666666668	133.44666666666666	128.89333333333335	121.70666666666666	108.70666666666666	0.0
0.0	109.44	121.12	128.7	134.06	138.06	140.96	143.48	146.01333333333332	147.68666666666667	150.07333333333332	151.48666666666668	153.01333333333332	154.22	155.30666666666667	156.13333333333333	157.42	158.05333333333334	158.8	159.87333333333333	160.56666666666666	160.76	161.44	161.77333333333334	161.82666666666665	162.40666666666667	162.59333333333333	163.14666666666668	163.38	163.15333333333334	163.74666666666667	164.06666666666666	164.66	164.20666666666668	164.21333333333334	164.41333333333333	163.92	164.27333333333334	164.21333333333334	163.85333333333332	163.53333333333333	163.64	163.34	162.98666666666668	162.6	162.85333333333332	162.54666666666665	161.72	161.35333333333332	161.68666666666667	161.03333333333333	160.22	159.81333333333333	159.11333333333334	158.56	157.54	156.42	156.15333333333334	154.50666666666666	153.56	152.86666666666667	151.49333333333334	150.20666666666668	148.29333333333332	146.08666666666667	143.66666666666666	141.00666666666666	138.08666666666667	133.96	129.28666666666666	121.43333333333334	109.16666666666667	0.0
0.0	108.66666666666667	120.65333333333334	128.18	133.18	137.84666666666666	139.94	142.6	144.9	146.88666666666666	148.39333333333335	149.94	151.62	152.96	154.12	155.16666666666666	156.40666666666667	156.82666666666665	157.83333333333334	158.92	159.59333333333333	160.45333333333335	160.62	160.52	161.37333333333333	161.9	162.16666666666666	162.18666666666667	162.21333333333334	162.51333333333332	162.7	163.61333333333334	164.02	163.88	164.02	163.96666666666667	163.82	163.91333333333333	163.7	163.54666666666665	162.93333333333334	163.60666666666665	163.24	163.13333333333333	162.65333333333334	162.88	162.42666666666668	162.16666666666666	162.11333333333334	161.62	161.16	160.68666666666667	160.26666666666668	159.42	158.82666666666665	157.86666666666667	157.38	156.24	155.54666666666665	154.16	152.37333333333333	150.7	149.32666666666665	147.50666666666666	145.4	142.74666666666667	140.54666666666665	137.36	133.11333333333334	128.48	120.68666666666667	108.88	0.0
0.0	109.06	121.24666666666667	128.52	134.32	137.64	140.78	143.80666666666667	145.97333333333333	148.34666666666666	150.30666666666667	151.58	153.00666666666666	154.34	156.02	155.86	157.18666666666667	158.74	159.38666666666666	160.24666666666667	160.36666666666667	160.92666666666668	161.56	161.42666666666668	162.60666666666665	162.68666666666667	163.58666666666667	163.86	164.16	163.96	164.56	164.41333333333333	165.32	165.48	165.55333333333334	165.52666666666667	165.68	165.97333333333333	165.74	165.18	165.75333333333333	165.08	165.12	164.72666666666666	164.34	163.72666666666666	163.16666666666666	163.36666666666667	162.42	162.17333333333335	161.48	160.98	160.37333333333333	159.48666666666668	158.8	158.15333333333334	156.98	156.92666666666668	154.87333333333333	154.32	152.74	151.30666666666667	149.28666666666666	147.86666666666667	145.49333333333334	143.32666666666665	140.74	137.82	133.77333333333334	128.61333333333334	121.18	109.12	0.0
0.0	108.87333333333333	121.54666666666667	129.1	134.38666666666666	137.75333333333333	141.70666666666668	143.60666666666665	145.94666666666666	148.02	149.86666666666667	151.26	152.54	153.99333333333334	155.0	156.69333333333333	157.56666666666666	157.85333333333332	158.76	159.55333333333334	160.18	160.92	161.76666666666668	162.02666666666667	162.62	163.34666666666666	163.74	163.12666666666667	163.34	163.84666666666666	164.16	164.04666666666665	164.56666666666666	164.60666666666665	164.97333333333333	165.39333333333335	164.94666666666666	164.9	164.41333333333333	163.84666666666666	164.08	164.14666666666668	164.36	164.02666666666667	163.58666666666667	163.54666666666665	163.03333333333333	162.63333333333333	162.56	161.84666666666666	161.2	160.92666666666668	160.51333333333332	159.56	158.71333333333334	157.79333333333332	157.4	156.35333333333332	155.11333333333334	153.79333333333332	153.06666666666666	151.18666666666667	149.53333333333333	148.24666666666667	145.66	143.49333333333334	141.18666666666667	137.3	133.74	127.98666666666666	120.69333333333333	108.44	0.0
0.0	109.19333333333333	121.34666666666666	128.17333333333335	133.63333333333333	137.35333333333332	140.49333333333334	143.1	146.22	147.79333333333332	149.51333333333332	150.84666666666666	152.78666666666666	153.36	154.40666666666667	155.2	156.32666666666665	156.96666666666667	158.2	159.10666666666665	159.58	160.24666666666667	160.77333333333334	161.72	161.68666666666667	162.06	162.62666666666667	162.9	163.43333333333334	164.28666666666666	163.97333333333333	164.46666666666667	164.24	164.74	164.5	164.18	163.77333333333334	163.89333333333335	164.24666666666667	164.24666666666667	164.06	163.94666666666666	163.38666666666666	163.53333333333333	163.63333333333333	163.20666666666668	162.42666666666668	162.18	162.09333333333333	161.46666666666667	161.62	160.62666666666667	160.18666666666667	159.34666666666666	158.53333333333333	157.59333333333333	156.81333333333333	156.19333333333333	155.45333333333335	154.71333333333334	152.90666666666667	151.34	149.3	147.58	145.65333333333334	143.39333333333335	140.70666666666668	137.86	133.56	128.18666666666667	120.75333333333333	108.39333333333333	0.0
0.0	108.24	121.34666666666666	128.4	133.8	137.74666666666667	141.18666666666667	143.46666666666667	145.68	147.94	149.76666666666668	151.33333333333334	153.06	154.18666666666667	155.02666666666667	155.67333333333335	156.63333333333333	157.5	157.54	158.92	159.8	160.58666666666667	161.35333333333332	161.84666666666666	162.67333333333335	162.62666666666667	162.64666666666668	163.07333333333332	163.41333333333333	163.72666666666666	164.13333333333333	164.56	164.22666666666666	164.49333333333334	164.82666666666665	164.73333333333332	164.45333333333335	164.54	164.16	164.30666666666667	163.77333333333334	163.86666666666667	163.36	163.86666666666667	163.77333333333334	163.44	163.01333333333332	162.73333333333332	162.5	161.77333333333334	161.51333333333332	160.22666666666666	160.3	159.02	158.9	158.2	157.62666666666667	156.51333333333332	155.06666666666666	154.24	152.49333333333334	150.97333333333333	149.44666666666666	147.80666666666667	146.37333333333333	144.14	141.14	138.0	133.87333333333333	128.52	120.61333333333333	108.59333333333333	0.0
0.0	108.52	121.2	128.24666666666667	134.06666666666666	137.42666666666668	141.19333333333333	144.02666666666667	145.78666666666666	147.64	149.60666666666665	150.76666666666668	152.36	153.65333333333334	155.17333333333335	156.00666666666666	157.18666666666667	158.11333333333334	158.78666666666666	159.58	160.51333333333332	161.62	162.0	162.52666666666667	162.75333333333333	163.71333333333334	164.04	163.97333333333333	164.55333333333334	165.18666666666667	165.03333333333333	165.47333333333333	164.90666666666667	164.76	165.23333333333332	165.48666666666668	165.36	165.63333333333333	165.61333333333334	165.05333333333334	165.56666666666666	165.14	164.82	165.32666666666665	164.71333333333334	164.37333333333333	163.35333333333332	163.65333333333334	162.8	161.91333333333333	161.44	161.16666666666666	160.24	159.44666666666666	158.69333333333333	157.92	156.89333333333335	156.28666666666666	155.18666666666667	154.35333333333332	153.01333333333332	151.52	149.67333333333335	148.01333333333332	146.34666666666666	143.46666666666667	140.9	137.98	134.42666666666668	128.53333333333333	121.58	109.15333333333334	0.0
0.0	108.77333333333333	120.99333333333334	128.42666666666668	133.6	137.54	140.68666666666667	143.24	145.75333333333333	148.6	149.82666666666665	151.84666666666666	153.34666666666666	154.02666666666667	155.51333333333332	156.29333333333332	157.6	158.93333333333334	159.63333333333333	160.10666666666665	160.80666666666667	160.9	161.47333333333333	162.46	162.87333333333333	163.49333333333334	163.62	164.20666666666668	165.05333333333334	164.82666666666665	165.26666666666668	164.66666666666666	165.32666666666665	165.37333333333333	165.47333333333333	165.57333333333332	165.61333333333334	165.82666666666665	166.08	165.25333333333333	164.95333333333335	165.03333333333333	165.50666666666666	164.89333333333335	164.48	163.92666666666668	163.97333333333333	162.64	162.94666666666666	162.02	161.68666666666667	161.28666666666666	161.4	160.45333333333335	159.22666666666666	158.78666666666666	157.50666666666666	157.24666666666667	155.83333333333334	154.20666666666668	153.61333333333334	152.24666666666667	150.62	149.13333333333333	147.40666666666667	145.09333333333333	141.58	138.35333333333332	134.53333333333333	128.64666666666668	121.38	108.6	0.0
0.0	108.49333333333334	121.28666666666666	128.32	134.40666666666667	138.02	141.38666666666666	143.64	146.31333333333333	148.37333333333333	150.12666666666667	151.74	152.88	154.21333333333334	155.59333333333333	156.54	157.12	157.46666666666667	158.38666666666666	159.12	160.58	160.70666666666668	161.32	161.70666666666668	162.12	162.32	162.49333333333334	163.39333333333335	163.29333333333332	163.7	163.74666666666667	163.95333333333335	163.82	164.37333333333333	164.56666666666666	164.64	164.6	164.81333333333333	164.78	164.8	164.62666666666667	164.66666666666666	164.14666666666668	164.33333333333334	163.92	163.72666666666666	162.95333333333335	162.74	162.62	162.13333333333333	162.11333333333334	161.39333333333335	160.71333333333334	159.73333333333332	158.88666666666666	157.98666666666668	156.96	155.87333333333333	155.23333333333332	154.19333333333333	152.97333333333333	151.73333333333332	150.46	148.21333333333334	146.13333333333333	144.41333333333333	141.13333333333333	138.11333333333334	133.67333333333335	128.54	121.14666666666666	108.68666666666667	0.0
0.0	108.28	120.44666666666667	128.42	133.17333333333335	137.64666666666668	141.04	143.8	146.07333333333332	147.94666666666666	150.18	151.75333333333333	153.67333333333335	154.67333333333335	155.35333333333332	156.80666666666667	157.74666666666667	158.1	158.94	159.48666666666668	160.5	160.80666666666667	161.72666666666666	162.00666666666666	162.66666666666666	163.28	163.53333333333333	163.81333333333333	164.25333333333333	163.97333333333333	164.69333333333333	164.69333333333333	165.55333333333334	165.32666666666665	165.69333333333333	165.47333333333333	164.76666666666668	164.86666666666667	165.14666666666668	164.97333333333333	164.56	164.6	164.32	164.51333333333332	163.66	163.56666666666666	163.28666666666666	162.45333333333335	162.18666666666667	161.91333333333333	161.43333333333334	160.98	160.19333333333333	159.99333333333334	159.28	158.07333333333332	157.25333333333333	156.9	155.27333333333334	153.94666666666666	152.19333333333333	150.96666666666667	149.46	148.16666666666666	146.22	144.39333333333335	141.60666666666665	138.27333333333334	134.38	128.62	121.35333333333334	108.28666666666666	0.0
0.0	109.02	121.40666666666667	128.95333333333335	133.88666666666666	137.88	141.1	144.30666666666667	146.66666666666666	148.63333333333333	150.28666666666666	151.76666666666668	153.7	154.76666666666668	155.82	156.73333333333332	157.86	158.75333333333333	159.43333333333334	159.42666666666668	160.37333333333333	160.9	161.82	161.8	162.54	163.12	163.16666666666666	163.56666666666666	163.37333333333333	163.56666666666666	163.27333333333334	164.20666666666668	164.64	164.63333333333333	164.75333333333333	164.83333333333334	164.67333333333335	164.62	165.10666666666665	164.24666666666667	164.18	164.04666666666665	164.22666666666666	164.28666666666666	163.98666666666668	163.89333333333335	163.65333333333334	162.88	162.80666666666667	162.32	161.82	161.09333333333333	160.44666666666666	160.14666666666668	159.42666666666668	158.40666666666667	157.21333333333334	156.09333333333333	155.24666666666667	154.19333333333333	153.03333333333333	151.66666666666666	150.3	148.32666666666665	146.32	143.70666666666668	141.04	138.16	134.11333333333334	129.45333333333335	121.55333333333333	108.66666666666667	0.0
0.0	108.49333333333334	120.66	128.33333333333334	133.40666666666667	137.38666666666666	140.61333333333334	143.26666666666668	145.09333333333333	147.17333333333335	149.05333333333334	151.12666666666667	152.6	153.96	154.58	155.96666666666667	157.06	158.16	158.37333333333333	159.16666666666666	160.12666666666667	161.15333333333334	161.65333333333334	162.09333333333333	162.74	163.18666666666667	163.43333333333334	163.22666666666666	163.84666666666666	163.72	164.22	164.40666666666667	164.48	164.38	164.89333333333335	165.46	164.24	164.86666666666667	164.4	164.3	164.36	163.82	163.78	163.68666666666667	163.84	163.30666666666667	163.21333333333334	162.98666666666668	162.76	161.72	161.56666666666666	160.66	160.53333333333333	159.2	158.57333333333332	157.66666666666666	156.78	156.40666666666667	154.9	154.37333333333333	152.51333333333332	151.76666666666668	149.45333333333335	148.18666666666667	145.66666666666666	143.18666666666667	140.50666666666666	137.68666666666667	133.35333333333332	128.12666666666667	120.71333333333334	108.39333333333333	0.0
0.0	108.84	121.65333333333334	128.96666666666667	134.31333333333333	138.22	141.58	144.51333333333332	145.94666666666666	147.87333333333333	149.65333333333334	151.67333333333335	153.21333333333334	153.94666666666666	155.43333333333334	156.04666666666665	157.60666666666665	158.08666666666667	159.09333333333333	160.14	160.53333333333333	161.52	161.72	161.92666666666668	162.48	162.94666666666666	163.36666666666667	163.5	163.88666666666666	164.15333333333334	164.80666666666667	164.59333333333333	164.64	165.04666666666665	164.81333333333333	164.96666666666667	164.88	164.86	164.88666666666666	164.4	164.86666666666667	164.79333333333332	164.2	163.84	163.64	163.34	163.10666666666665	163.15333333333334	162.46666666666667	162.1	161.53333333333333	160.78666666666666	159.85333333333332	159.59333333333333	159.17333333333335	158.07333333333332	157.02	155.58666666666667	154.96	153.31333333333333	152.44666666666666	150.79333333333332	149.00666666666666	147.97333333333333	145.82666666666665	143.52	140.67333333333335	137.84666666666666	133.86	128.57333333333332	121.03333333333333	108.45333333333333	0.0
0.0	109.2	121.50666666666666	128.83333333333334	133.41333333333333	137.54666666666665	140.67333333333335	143.76666666666668	145.68666666666667	147.62666666666667	149.57333333333332	150.91333333333333	152.20666666666668	152.95333333333335	154.29333333333332	155.75333333333333	155.84666666666666	157.13333333333333	157.74666666666667	158.55333333333334	158.98666666666668	159.88	160.02666666666667	160.93333333333334	161.40666666666667	161.98	162.3	163.18	163.23333333333332	163.28666666666666	164.08	164.04	163.92666666666668	164.4	164.61333333333334	164.81333333333333	164.67333333333335	164.96	164.89333333333335	164.70666666666668	164.50666666666666	164.03333333333333	163.55333333333334	163.38	162.72	161.95333333333335	162.68666666666667	162.11333333333334	162.2	161.48	160.91333333333333	159.82	159.46666666666667	159.05333333333334	158.20666666666668	156.86	156.39333333333335	155.16666666666666	154.22	153.1	152.44666666666666	150.98666666666668	149.15333333333334	147.54	145.51333333333332	143.16	140.86	137.13333333333333	133.50666666666666	128.20666666666668	120.68666666666667	108.44	0.0
0.0	108.51333333333334	121.08666666666667	128.56666666666666	134.04666666666665	137.99333333333334	140.42	143.52	145.4	147.72666666666666	149.31333333333333	151.34	152.50666666666666	153.83333333333334	155.36	156.14666666666668	157.06666666666666	158.3	159.00666666666666	159.64	160.29333333333332	160.5	161.51333333333332	161.38	162.18666666666667	162.69333333333333	163.13333333333333	162.85333333333332	163.07333333333332	163.67333333333335	163.69333333333333	163.90666666666667	163.81333333333333	163.63333333333333	164.20666666666668	164.31333333333333	164.36666666666667	164.95333333333335	164.79333333333332	164.35333333333332	164.76666666666668	164.06	163.73333333333332	164.07333333333332	163.42	162.31333333333333	161.76	161.39333333333335	161.26666666666668	160.83333333333334	160.78	159.73333333333332	159.14	159.00666666666666	157.69333333333333	156.94666666666666	155.94666666666666	155.47333333333333	154.28666666666666	152.67333333333335	152.53333333333333	150.90666666666667	149.2	147.92	145.4	143.02666666666667	140.32666666666665	137.30666666666667	133.56	128.96666666666667	121.06	108.60666666666667	0.0
0.0	108.32	120.92	128.66	133.56666666666666	137.61333333333334	140.76666666666668	144.03333333333333	145.62	147.53333333333333	150.03333333333333	151.05333333333334	152.54	153.79333333333332	154.98	156.1	157.08666666666667	158.41333333333333	158.84	159.83333333333334	160.3	160.37333333333333	161.98666666666668	161.41333333333333	162.44666666666666	162.31333333333333	162.56666666666666	162.7	163.03333333333333	163.36666666666667	164.01333333333332	163.53333333333333	163.65333333333334	164.04	163.93333333333334	164.16666666666666	163.85333333333332	163.78	164.67333333333335	164.5	163.78	163.53333333333333	163.43333333333334	163.46	163.08	163.26	163.0	162.61333333333334	162.50666666666666	161.88666666666666	160.92666666666668	160.40666666666667	160.04	158.98666666666668	157.87333333333333	158.14666666666668	157.09333333333333	156.48	155.34	154.30666666666667	153.05333333333334	151.42666666666668	149.82666666666665	148.17333333333335	145.85333333333332	143.68666666666667	140.72	137.47333333333333	133.59333333333333	128.6	121.39333333333333	108.56666666666666	0.0
0.0	108.78666666666666	120.98666666666666	128.54	134.00666666666666	137.99333333333334	141.45333333333335	144.47333333333333	146.14666666666668	148.56666666666666	149.96666666666667	151.87333333333333	153.17333333333335	154.33333333333334	155.44	156.75333333333333	157.41333333333333	158.5	159.66666666666666	160.02666666666667	160.76	161.24	162.16	162.68666666666667	163.09333333333333	163.89333333333335	163.85333333333332	164.22666666666666	164.51333333333332	164.63333333333333	164.84	164.86	165.28666666666666	165.23333333333332	165.02666666666667	165.32666666666665	165.28	165.32666666666665	165.17333333333335	165.12666666666667	165.04666666666665	164.82	164.28	164.25333333333333	164.54666666666665	164.15333333333334	163.48666666666668	162.87333333333333	162.24	162.26666666666668	161.39333333333335	160.86666666666667	160.32666666666665	159.5	159.38	158.63333333333333	157.74	156.91333333333333	155.48666666666668	154.43333333333334	152.58666666666667	151.73333333333332	149.50666666666666	148.09333333333333	146.03333333333333	143.56	140.90666666666667	137.64	133.86666666666667	128.82	121.42	108.60666666666667	0.0
0.0	108.42666666666666	120.93333333333334	127.99333333333334	133.20666666666668	137.82666666666665	140.84	143.85333333333332	146.12666666666667	148.39333333333335	150.08666666666667	151.54	153.16666666666666	154.12	155.60666666666665	156.66	157.67333333333335	158.62	159.35333333333332	159.66	160.52	160.78666666666666	161.33333333333334	161.62	162.59333333333333	162.57333333333332	163.40666666666667	163.56	163.62666666666667	163.68666666666667	164.04	164.68666666666667	165.06666666666666	164.40666666666667	164.72666666666666	164.66	164.87333333333333	164.88	164.6	164.40666666666667	164.10666666666665	164.01333333333332	163.82666666666665	163.54666666666665	163.10666666666665	163.06	163.00666666666666	162.02	161.84666666666666	161.68666666666667	160.72666666666666	160.4	159.81333333333333	159.64666666666668	158.87333333333333	157.88	157.6	155.88	155.20666666666668	154.24666666666667	152.50666666666666	151.57333333333332	149.88	148.05333333333334	145.83333333333334	143.37333333333333	140.72	137.62666666666667	132.89333333333335	128.48666666666668	120.98	108.2	0.0
0.0	108.35333333333334	121.46666666666667	128.70666666666668	133.54	137.8	141.17333333333335	143.48666666666668	145.56666666666666	147.29333333333332	149.55333333333334	151.14666666666668	152.41333333333333	153.92666666666668	155.51333333333332	156.50666666666666	157.37333333333333	158.12666666666667	158.82	159.42	159.91333333333333	160.77333333333334	161.18666666666667	161.31333333333333	162.02666666666667	162.8	162.58666666666667	162.88666666666666	162.71333333333334	163.08	163.96	164.31333333333333	164.49333333333334	164.39333333333335	164.74666666666667	164.65333333333334	165.31333333333333	164.50666666666666	164.72666666666666	164.48	163.84666666666666	163.92	163.06666666666666	162.93333333333334	162.77333333333334	162.11333333333334	162.02666666666667	161.36	161.56	161.17333333333335	160.63333333333333	160.34666666666666	159.74	159.42	158.6	157.61333333333334	156.82	156.33333333333334	155.36666666666667	153.42	152.24	150.68	149.78666666666666	148.23333333333332	145.78	143.72	140.4	137.44666666666666	133.72	128.42	121.08666666666667	108.72	0.0
0.0	109.06	121.36666666666666	128.61333333333334	134.31333333333333	138.3	141.68	144.34666666666666	146.62	148.1	149.94666666666666	151.72	153.22666666666666	155.12	155.89333333333335	157.27333333333334	158.52666666666667	158.72666666666666	160.27333333333334	161.05333333333334	162.16	162.16	162.78666666666666	163.87333333333333	163.78666666666666	164.32666666666665	164.01333333333332	164.14666666666668	164.02	164.6	164.26666666666668	165.00666666666666	164.85333333333332	164.74	165.12	165.50666666666666	164.84666666666666	164.40666666666667	165.0	164.85333333333332	164.38	164.32666666666665	164.03333333333333	163.64666666666668	163.24	162.71333333333334	162.28666666666666	161.64	161.27333333333334	160.79333333333332	161.02666666666667	160.36666666666667	159.46666666666667	158.96666666666667	158.75333333333333	158.04666666666665	157.3	156.34666666666666	155.22	153.87333333333333	152.8	152.05333333333334	150.02666666666667	148.48666666666668	146.18666666666667	144.08666666666667	141.17333333333335	138.10666666666665	134.08666666666667	128.93333333333334	121.49333333333334	109.06	0.0
0.0	108.40666666666667	121.11333333333333	128.32	133.71333333333334	137.19333333333333	140.56	143.79333333333332	146.27333333333334	148.34666666666666	150.11333333333334	152.02	153.29333333333332	154.46	155.83333333333334	156.91333333333333	157.95333333333335	158.36666666666667	159.32	159.51333333333332	160.43333333333334	161.07333333333332	161.96	162.36666666666667	163.29333333333332	164.04666666666665	164.12666666666667	164.56666666666666	164.5	165.01333333333332	164.89333333333335	165.68666666666667	165.48	165.67333333333335	165.40666666666667	165.39333333333335	165.08666666666667	165.03333333333333	165.48	165.03333333333333	164.56666666666666	164.27333333333334	164.43333333333334	164.23333333333332	163.70666666666668	163.36	163.10666666666665	162.81333333333333	162.34666666666666	161.89333333333335	161.46666666666667	160.99333333333334	159.86	159.16666666666666	158.47333333333333	157.59333333333333	156.20666666666668	155.84	154.78666666666666	153.82	152.5	151.57333333333332	150.00666666666666	148.15333333333334	145.64666666666668	143.67333333333335	140.86666666666667	137.50666666666666	133.58666666666667	128.12	121.07333333333334	108.61333333333333	0.0
0.0	108.9	121.66	128.48	133.66666666666666	137.14	140.89333333333335	143.44	145.86666666666667	147.83333333333334	149.28	151.17333333333335	152.07333333333332	152.48	154.41333333333333	155.26666666666668	156.64	157.08666666666667	158.16666666666666	158.53333333333333	159.51333333333332	160.28666666666666	160.47333333333333	161.36	161.50666666666666	161.65333333333334	161.88	162.71333333333334	162.70666666666668	163.22	163.89333333333335	164.02	164.08	163.63333333333333	163.28	163.40666666666667	163.22	163.80666666666667	163.92	163.7	163.74	163.63333333333333	163.25333333333333	163.32	162.08	161.84	161.8	161.76	161.10666666666665	160.21333333333334	160.18666666666667	158.96666666666667	158.94	157.92666666666668	157.16666666666666	156.66	155.67333333333335	155.15333333333334	154.30666666666667	153.85333333333332	152.65333333333334	151.46	149.96666666666667	147.89333333333335	146.04666666666665	143.3	140.08666666666667	137.62	133.38666666666666	128.22666666666666	121.26	108.48666666666666	0.0
0.0	108.64666666666666	121.22	128.59333333333333	133.88666666666666	137.58	141.74666666666667	144.27333333333334	146.28	148.66	150.04666666666665	151.70666666666668	153.11333333333334	154.28666666666666	155.94	156.57333333333332	157.40666666666667	158.48666666666668	159.13333333333333	160.04	160.34666666666666	161.18666666666667	161.90666666666667	162.58666666666667	162.6	163.54666666666665	163.52	163.77333333333334	164.05333333333334	164.25333333333333	164.34666666666666	164.62666666666667	164.76	164.74666666666667	165.35333333333332	165.7	166.01333333333332	165.04666666666665	164.82	165.25333333333333	165.33333333333334	165.19333333333333	164.94666666666666	165.44666666666666	164.7	164.15333333333334	163.42	163.08666666666667	162.73333333333332	162.09333333333333	161.55333333333334	160.89333333333335	160.86666666666667	160.23333333333332	158.92666666666668	158.74666666666667	157.64	156.87333333333333	155.62666666666667	154.42666666666668	153.62	152.24666666666667	150.30666666666667	148.48666666666668	146.58666666666667	144.66666666666666	142.04	138.53333333333333	134.12666666666667	128.90666666666667	122.06	108.92	0.0
0.0	108.35333333333334	121.10666666666667	128.78666666666666	133.3	137.90666666666667	141.28	143.99333333333334	146.06666666666666	148.06666666666666	149.72	150.97333333333333	153.1	153.9	155.45333333333335	156.45333333333335	157.2	157.98666666666668	158.40666666666667	159.43333333333334	159.92	160.74	160.96	161.03333333333333	161.60666666666665	162.34666666666666	162.91333333333333	163.28	163.29333333333332	163.71333333333334	163.88666666666666	163.64666666666668	164.63333333333333	164.68666666666667	164.86666666666667	164.80666666666667	165.02	164.71333333333334	164.66	164.14666666666668	164.60666666666665	164.82	164.96666666666667	164.7	163.93333333333334	163.46666666666667	163.24	162.96666666666667	162.33333333333334	161.45333333333335	161.17333333333335	160.89333333333335	160.1	159.02666666666667	158.33333333333334	157.08666666666667	156.42	155.40666666666667	153.90666666666667	153.41333333333333	152.26	151.02666666666667	149.86	148.59333333333333	145.80666666666667	143.41333333333333	140.85333333333332	137.07333333333332	133.24	128.07333333333332	120.46666666666667	108.78666666666666	0.0
0.0	108.49333333333334	121.27333333333333	128.99333333333334	133.92666666666668	138.32	141.18666666666667	144.66666666666666	146.94666666666666	149.10666666666665	150.24	152.24666666666667	153.36666666666667	154.14666666666668	155.53333333333333	157.31333333333333	157.46666666666667	158.68	158.90666666666667	159.60666666666665	160.56	160.42	161.23333333333332	161.35333333333332	162.2	162.35333333333332	162.3	163.04	163.22	163.51333333333332	163.64	163.74666666666667	163.93333333333334	164.04666666666665	164.60666666666665	164.45333333333335	163.88	164.28666666666666	164.15333333333334	164.12	163.97333333333333	163.69333333333333	164.1	163.56666666666666	163.19333333333333	163.15333333333334	162.9	163.15333333333334	161.94666666666666	161.14666666666668	161.2	160.73333333333332	160.22666666666666	159.17333333333335	158.84	157.94	156.94666666666666	155.59333333333333	155.08	154.3	153.11333333333334	151.53333333333333	150.34	148.42	146.48666666666668	143.86666666666667	141.06666666666666	137.60666666666665	133.48	128.46666666666667	120.72666666666667	108.38	0.0
0.0	108.6	121.65333333333334	129.24666666666667	134.02666666666667	137.97333333333333	141.04666666666665	144.04666666666665	146.26666666666668	148.24666666666667	149.83333333333334	151.08	152.68666666666667	153.88	154.61333333333334	154.99333333333334	156.93333333333334	157.84	158.68	159.45333333333335	160.2	160.30666666666667	160.55333333333334	161.27333333333334	161.5	161.60666666666665	162.23333333333332	162.18	162.68	162.82	163.04	162.88666666666666	163.12	163.8	163.82666666666665	163.92	164.24666666666667	163.86	163.96666666666667	164.18	163.95333333333335	163.96	163.54	163.38	163.06	163.34666666666666	162.95333333333335	162.04	161.26666666666668	160.75333333333333	160.66	159.72666666666666	159.08666666666667	157.91333333333333	157.27333333333334	156.78666666666666	156.24666666666667	155.43333333333334	154.49333333333334	152.99333333333334	152.30666666666667	151.1	149.68	148.09333333333333	146.56	144.19333333333333	141.54	138.48666666666668	133.50666666666666	129.02	121.06666666666666	108.64	0.0
0.0	108.49333333333334	121.29333333333334	128.74	133.16	137.80666666666667	140.48	144.15333333333334	145.28666666666666	147.38666666666666	149.24666666666667	150.86666666666667	152.54	153.58	155.00666666666666	156.32666666666665	156.88666666666666	157.69333333333333	158.37333333333333	158.92	160.42	160.10666666666665	161.64666666666668	161.74666666666667	162.71333333333334	162.8	162.89333333333335	162.68666666666667	163.26	163.74666666666667	163.92666666666668	164.06666666666666	164.49333333333334	164.02	164.56	164.02666666666667	164.32666666666665	164.15333333333334	164.78666666666666	164.47333333333333	164.00666666666666	164.49333333333334	164.39333333333335	164.03333333333333	163.76666666666668	163.38	162.9	162.84	162.6	162.10666666666665	162.08	161.02	160.21333333333334	159.80666666666667	159.05333333333334	158.69333333333333	157.68	156.10666666666665	155.04	153.52	152.75333333333333	151.38	149.93333333333334	148.28	146.38	143.99333333333334	141.25333333333333	137.74666666666667	133.82666666666665	129.18666666666667	120.96666666666667	107.91333333333333	0.0
0.0	108.53333333333333	121.24	128.14666666666668	133.69333333333333	137.62	140.68666666666667	143.84	146.40666666666667	147.99333333333334	149.25333333333333	150.96666666666667	152.87333333333333	154.02	155.26	156.34	157.11333333333334	157.67333333333335	158.46666666666667	159.08666666666667	159.80666666666667	160.94666666666666	160.86666666666667	161.54666666666665	161.79333333333332	162.47333333333333	162.78666666666666	162.92666666666668	163.43333333333334	163.35333333333332	163.51333333333332	163.74666666666667	163.94666666666666	164.36	163.96	164.16	163.96	163.77333333333334	163.10666666666665	163.1	162.6	162.05333333333334	162.66	162.20666666666668	162.46666666666667	162.14	161.66666666666666	161.26	161.14	161.01333333333332	160.72666666666666	160.07333333333332	159.23333333333332	159.27333333333334	158.16	157.50666666666666	156.44666666666666	155.53333333333333	154.68	153.71333333333334	152.8	151.45333333333335	149.84666666666666	148.22666666666666	146.40666666666667	144.27333333333334	141.21333333333334	138.34666666666666	133.94666666666666	129.17333333333335	120.80666666666667	109.14666666666666	0.0
0.0	108.56	121.42666666666666	129.14	134.28	138.23333333333332	141.22666666666666	143.58	146.27333333333334	148.50666666666666	150.82666666666665	151.6	153.24	154.36	156.32	156.52666666666667	157.52666666666667	158.96666666666667	159.22	160.16	160.94666666666666	161.52	162.10666666666665	162.81333333333333	163.28666666666666	163.72	164.36666666666667	164.83333333333334	164.7	165.11333333333334	165.30666666666667	164.57333333333332	164.16	164.28	164.35333333333332	164.46666666666667	164.53333333333333	164.68	164.84	164.3	164.26666666666668	164.23333333333332	164.0	164.16	164.16666666666666	163.79333333333332	163.59333333333333	162.8	162.34666666666666	162.16	161.72666666666666	161.28666666666666	161.03333333333333	160.42666666666668	159.24	158.44	157.92666666666668	157.16666666666666	155.98666666666668	154.64666666666668	153.84	151.91333333333333	150.6	148.17333333333335	146.35333333333332	144.15333333333334	141.36666666666667	138.39333333333335	134.23333333333332	129.04666666666665	121.54666666666667	109.01333333333334	0.0
0.0	109.04666666666667	121.73333333333333	128.38	133.54666666666665	137.36666666666667	140.78	143.44666666666666	145.11333333333334	147.59333333333333	149.1	150.37333333333333	151.94666666666666	152.97333333333333	153.98	155.80666666666667	156.35333333333332	157.11333333333334	158.27333333333334	158.60666666666665	159.22	159.6	160.19333333333333	161.18	161.15333333333334	161.54	161.98666666666668	162.51333333333332	162.36666666666667	162.71333333333334	162.78666666666666	162.87333333333333	163.56	163.52	163.52	163.72	163.57333333333332	163.86	163.84	164.07333333333332	163.96666666666667	163.70666666666668	163.38666666666666	163.23333333333332	162.72	162.06	161.72666666666666	161.49333333333334	161.53333333333333	160.51333333333332	160.28666666666666	159.75333333333333	159.32666666666665	158.69333333333333	158.16	157.6	156.8	156.47333333333333	155.12	153.97333333333333	152.48666666666668	151.60666666666665	149.73333333333332	148.66666666666666	145.72	143.86	141.12666666666667	138.5	133.72	128.87333333333333	120.7	108.42666666666666	0.0
0.0	108.80666666666667	121.26666666666667	128.23333333333332	133.37333333333333	137.68666666666667	140.67333333333335	143.05333333333334	145.54	147.42666666666668	149.46	151.19333333333333	152.38	153.26666666666668	155.52	156.72666666666666	156.54666666666665	158.42	159.12	160.14	160.28	160.38	161.62	162.07333333333332	162.87333333333333	162.83333333333334	163.24666666666667	163.83333333333334	164.24	164.42666666666668	164.68666666666667	164.58	164.58	164.71333333333334	164.7	164.82	165.18666666666667	165.30666666666667	165.32	165.20666666666668	164.78	164.67333333333335	165.01333333333332	164.22666666666666	164.33333333333334	163.97333333333333	163.58	163.50666666666666	162.88	162.16666666666666	161.79333333333332	161.46	160.46666666666667	159.14666666666668	159.08	158.46	157.09333333333333	156.51333333333332	155.19333333333333	154.34666666666666	153.07333333333332	151.7	150.07333333333332	148.30666666666667	146.26666666666668	144.18666666666667	141.06	138.01333333333332	133.98	128.57333333333332	120.94666666666667	108.82	0.0
0.0	108.54	120.77333333333333	128.57333333333332	133.66	138.17333333333335	141.15333333333334	143.61333333333334	145.91333333333333	148.1	149.92	151.08	152.76666666666668	153.52	154.81333333333333	155.9	156.50666666666666	156.87333333333333	158.36	158.98666666666668	159.51333333333332	160.24	161.00666666666666	161.42666666666668	161.40666666666667	161.92666666666668	162.76	163.11333333333334	163.2	163.55333333333334	163.96	163.94666666666666	164.15333333333334	163.95333333333335	164.23333333333332	164.15333333333334	164.03333333333333	163.34	163.43333333333334	163.38666666666666	164.18	163.47333333333333	163.16	163.05333333333334	162.5	162.82666666666665	162.71333333333334	161.86666666666667	161.83333333333334	161.47333333333333	161.10666666666665	160.28	159.4	158.52	158.00666666666666	156.79333333333332	155.73333333333332	155.77333333333334	154.42666666666668	153.2	152.28666666666666	150.36	149.24666666666667	147.69333333333333	145.71333333333334	143.45333333333335	140.38	137.35333333333332	133.82	128.68	121.20666666666666	107.73333333333333	0.0
0.0	108.77333333333333	121.22666666666667	128.52	133.61333333333334	137.74	141.18	144.38	146.44666666666666	148.3	150.35333333333332	151.7	153.32	154.24666666666667	154.78	156.25333333333333	157.22666666666666	157.88666666666666	158.87333333333333	159.56666666666666	160.32	160.43333333333334	161.11333333333334	161.99333333333334	162.26	162.64666666666668	162.93333333333334	162.98	163.54666666666665	164.02	164.26666666666668	164.24	164.65333333333334	164.38	164.99333333333334	164.84	164.63333333333333	164.81333333333333	164.7	164.12	164.24	163.71333333333334	162.82666666666665	162.95333333333335	162.87333333333333	162.67333333333335	162.5	162.36666666666667	161.32	160.81333333333333	160.09333333333333	159.50666666666666	159.11333333333334	158.36666666666667	157.58666666666667	156.76666666666668	156.42	155.89333333333335	154.07333333333332	153.16	152.6	151.0	149.74666666666667	147.66666666666666	145.65333333333334	143.85333333333332	140.82666666666665	137.87333333333333	133.66666666666666	128.56666666666666	121.23333333333333	108.3	0.0
0.0	108.57333333333334	120.67333333333333	128.22666666666666	133.54666666666665	137.45333333333335	141.20666666666668	143.51333333333332	146.04666666666665	147.5	149.12	150.34	152.06666666666666	153.33333333333334	154.10666666666665	155.48	156.4	156.90666666666667	157.95333333333335	158.54666666666665	159.13333333333333	159.58	159.94666666666666	160.96	161.40666666666667	162.0	162.12666666666667	162.54	162.64666666666668	163.8	164.01333333333332	163.77333333333334	164.40666666666667	164.47333333333333	164.42666666666668	164.3	164.02666666666667	164.54	164.65333333333334	164.2	164.45333333333335	164.03333333333333	163.93333333333334	163.54	163.32	162.49333333333334	162.3	161.61333333333334	162.02	161.34	161.03333333333333	160.54666666666665	160.14666666666668	159.34	158.66666666666666	158.02666666666667	157.31333333333333	156.18666666666667	155.52	154.01333333333332	152.66666666666666	151.38666666666666	149.65333333333334	148.22666666666666	145.54	143.40666666666667	140.88666666666666	137.77333333333334	133.19333333333333	128.31333333333333	120.99333333333334	108.36	0.0
0.0	108.83333333333333	121.19333333333333	128.43333333333334	133.71333333333334	137.68	140.38666666666666	143.5	146.21333333333334	148.01333333333332	149.66666666666666	151.29333333333332	152.4	153.50666666666666	154.92	155.92	157.23333333333332	158.18666666666667	159.12666666666667	159.5	159.33333333333334	160.55333333333334	161.18	162.1	161.59333333333333	162.29333333333332	162.54	163.04	163.30666666666667	163.68	163.53333333333333	163.69333333333333	164.42666666666668	164.37333333333333	164.66	164.71333333333334	164.79333333333332	164.84	164.67333333333335	164.66666666666666	164.72666666666666	164.4	164.22	164.02666666666667	163.7	163.42	162.91333333333333	162.38666666666666	161.78666666666666	161.36	161.05333333333334	160.72666666666666	159.71333333333334	159.49333333333334	158.88	158.21333333333334	157.38666666666666	156.32	154.83333333333334	153.87333333333333	152.45333333333335	151.54	149.94666666666666	148.07333333333332	145.84666666666666	143.58666666666667	140.83333333333334	138.10666666666665	133.98666666666668	128.27333333333334	121.32666666666667	108.4	0.0
0.0	108.86666666666666	121.04	128.68	133.99333333333334	138.44666666666666	141.94	144.06	146.48	149.22	150.82666666666665	152.46666666666667	153.84666666666666	155.28	156.82	157.66666666666666	158.64666666666668	159.02	159.65333333333334	160.24666666666667	160.88	161.4	162.07333333333332	162.62666666666667	163.13333333333333	163.56	164.2	165.14666666666668	164.93333333333334	165.04	165.03333333333333	165.22666666666666	166.0	166.19333333333333	166.14666666666668	166.05333333333334	165.56	166.11333333333334	165.40666666666667	165.42666666666668	165.01333333333332	164.94666666666666	164.9	164.31333333333333	164.23333333333332	163.68	163.96666666666667	163.24666666666667	162.80666666666667	162.76	162.3	161.77333333333334	160.82	160.21333333333334	159.7	158.76	157.94666666666666	157.14	155.56	154.1	153.92666666666668	152.23333333333332	150.98666666666668	149.02666666666667	146.33333333333334	144.32666666666665	141.27333333333334	138.25333333333333	133.81333333333333	128.89333333333335	121.48666666666666	108.80666666666667	0.0
0.0	108.98	121.08	128.15333333333334	133.18	137.74666666666667	140.82666666666665	142.86	145.78666666666666	146.88	149.26666666666668	150.92	152.39333333333335	153.18666666666667	154.60666666666665	155.54	156.48	157.41333333333333	158.38	159.92666666666668	160.78666666666666	160.78	161.49333333333334	161.84	162.64	162.65333333333334	163.01333333333332	163.58	164.22	164.64666666666668	164.45333333333335	164.21333333333334	164.49333333333334	164.52	165.31333333333333	165.28666666666666	165.64	165.14666666666668	165.10666666666665	165.04	165.08	164.89333333333335	164.54	164.67333333333335	164.60666666666665	164.44666666666666	163.98	163.63333333333333	162.92666666666668	162.94666666666666	162.28	161.19333333333333	160.74	160.49333333333334	159.19333333333333	158.6	157.75333333333333	156.64666666666668	155.46	154.33333333333334	153.2	151.3	149.56666666666666	147.63333333333333	145.78666666666666	143.82	141.02	137.90666666666667	133.40666666666667	128.18	120.75333333333333	108.42	0.0
0.0	108.80666666666667	120.84	128.89333333333335	133.6	137.72666666666666	140.70666666666668	143.12	145.6	147.92666666666668	149.34	151.22	152.76	154.02666666666667	155.48	156.22666666666666	157.29333333333332	157.46666666666667	158.52666666666667	159.0	159.31333333333333	160.35333333333332	161.02	161.78666666666666	162.16666666666666	162.92666666666668	163.34666666666666	163.63333333333333	163.63333333333333	164.39333333333335	164.54	163.94	164.09333333333333	164.40666666666667	164.71333333333334	164.06	163.48666666666668	163.99333333333334	164.44	163.60666666666665	163.52666666666667	163.49333333333334	163.58	163.38	163.23333333333332	162.97333333333333	162.38	162.25333333333333	162.29333333333332	161.75333333333333	161.02	160.64	159.63333333333333	159.42	158.44666666666666	157.36666666666667	156.63333333333333	155.97333333333333	155.38666666666666	153.87333333333333	152.75333333333333	151.2	149.77333333333334	147.80666666666667	145.82	143.04666666666665	140.59333333333333	137.63333333333333	133.98666666666668	127.93333333333334	121.24666666666667	108.32666666666667	0.0
0.0	108.94666666666667	120.94666666666667	127.91333333333333	133.18666666666667	137.28666666666666	140.59333333333333	143.53333333333333	145.96	147.66666666666666	150.04666666666665	151.56	153.07333333333332	154.03333333333333	155.32666666666665	156.24	156.9	157.88666666666666	158.69333333333333	159.72	160.77333333333334	161.55333333333334	161.62	162.15333333333334	162.52666666666667	162.76666666666668	162.98666666666668	163.80666666666667	163.77333333333334	163.54666666666665	163.18666666666667	163.64	164.00666666666666	163.99333333333334	164.48666666666668	164.78666666666666	164.74666666666667	164.64	164.78	165.77333333333334	164.98666666666668	164.72	164.30666666666667	163.8	164.20666666666668	163.61333333333334	163.51333333333332	163.4	162.92666666666668	162.12	162.18666666666667	161.16666666666666	160.22	159.41333333333333	158.5	157.67333333333335	157.02	156.27333333333334	155.27333333333334	153.94666666666666	152.80666666666667	151.39333333333335	149.6	148.29333333333332	146.10666666666665	143.28	140.65333333333334	137.60666666666665	133.58666666666667	129.09333333333333	121.32666666666667	108.4	0.0
0.0	108.75333333333333	121.14	128.62	133.56	138.03333333333333	141.34	143.68	146.26	147.57333333333332	149.66	151.0	153.05333333333334	154.46	155.34	156.52666666666667	157.22666666666666	157.90666666666667	158.45333333333335	159.89333333333335	160.34666666666666	160.62666666666667	161.32666666666665	162.28666666666666	162.52	162.63333333333333	163.13333333333333	163.42	164.24666666666667	164.3	164.40666666666667	165.15333333333334	165.08	165.36	165.25333333333333	165.31333333333333	165.56666666666666	165.69333333333333	164.91333333333333	165.29333333333332	165.78666666666666	165.92666666666668	165.22	165.00666666666666	164.93333333333334	164.58	163.85333333333332	163.50666666666666	162.70666666666668	162.7	162.52	161.28	160.98	160.23333333333332	159.94	159.28666666666666	157.91333333333333	157.28666666666666	155.83333333333334	154.48	152.98666666666668	151.85333333333332	150.01333333333332	148.22	146.10666666666665	143.59333333333333	141.04	137.39333333333335	133.54666666666665	128.47333333333333	120.60666666666667	108.67333333333333	0.0
0.0	108.74666666666667	121.57333333333334	128.52666666666667	133.79333333333332	137.41333333333333	140.85333333333332	143.20666666666668	145.72	147.80666666666667	149.75333333333333	151.35333333333332	152.26666666666668	154.06	154.93333333333334	155.90666666666667	157.00666666666666	157.99333333333334	159.02666666666667	159.28666666666666	160.33333333333334	160.72	161.43333333333334	162.18666666666667	162.3	162.72	163.26	163.18	164.14	163.87333333333333	164.30666666666667	163.81333333333333	164.2	163.8	164.76666666666668	164.66666666666666	163.96	164.13333333333333	164.18	164.4	164.00666666666666	163.82666666666665	164.12666666666667	163.54666666666665	162.94	162.42666666666668	162.42666666666668	161.72	161.81333333333333	161.43333333333334	160.78666666666666	159.54666666666665	159.20666666666668	158.66	158.09333333333333	157.06666666666666	156.27333333333334	155.33333333333334	155.04	153.60666666666665	151.61333333333334	150.9	149.18666666666667	148.16	145.61333333333334	143.34	141.02	137.57333333333332	133.93333333333334	128.45333333333335	120.61333333333333	108.58666666666667	0.0
0.0	108.53333333333333	120.40666666666667	127.95333333333333	133.36666666666667	137.38666666666666	140.22	143.34	145.66666666666666	146.93333333333334	148.63333333333333	150.02666666666667	151.82	153.16666666666666	154.36666666666667	155.5	156.42666666666668	157.16666666666666	157.48	158.0	159.00666666666666	159.68666666666667	160.59333333333333	160.92666666666668	161.6	162.15333333333334	162.51333333333332	162.79333333333332	162.79333333333332	163.24	163.76	164.02666666666667	164.26	163.84	164.12	164.01333333333332	163.96666666666667	164.15333333333334	164.17333333333335	163.76	163.95333333333335	163.6	162.95333333333335	162.86666666666667	163.06666666666666	163.1	163.0	162.15333333333334	161.54666666666665	161.50666666666666	160.97333333333333	161.2	160.36	159.7	159.1	157.84	157.40666666666667	156.30666666666667	154.90666666666667	153.84	152.71333333333334	151.58666666666667	149.71333333333334	147.68	145.68	143.44666666666666	140.92666666666668	137.40666666666667	133.34666666666666	128.64	121.38	108.34	0.0
0.0	108.86	121.28666666666666	128.68666666666667	133.98666666666668	137.45333333333335	140.66	143.82	145.98666666666668	147.95333333333335	149.93333333333334	151.80666666666667	152.77333333333334	153.92	155.34	156.41333333333333	157.66	158.62	159.54	159.86666666666667	160.32	161.05333333333334	161.1	161.98	162.9	163.08	163.20666666666668	163.81333333333333	164.03333333333333	164.43333333333334	164.80666666666667	165.34	165.36666666666667	165.28	165.24666666666667	165.00666666666666	164.98666666666668	165.46666666666667	165.21333333333334	165.26	164.62	164.46666666666667	164.97333333333333	164.64666666666668	164.44666666666666	164.44	163.36666666666667	162.68	162.64666666666668	161.84	161.45333333333335	161.06666666666666	160.62	160.24666666666667	158.95333333333335	158.26	157.54	156.46666666666667	155.01333333333332	153.92	152.39333333333335	151.04	149.49333333333334	147.84	145.97333333333333	143.42	141.32666666666665	137.94666666666666	133.96	128.74666666666667	121.22	108.64666666666666	0.0
0.0	108.8	121.54	128.89333333333335	134.31333333333333	137.83333333333334	140.89333333333335	143.60666666666665	146.54	147.77333333333334	149.46666666666667	150.90666666666667	152.49333333333334	153.79333333333332	154.52666666666667	155.48	156.72666666666666	157.82666666666665	158.33333333333334	159.26	159.75333333333333	160.76666666666668	161.96666666666667	161.31333333333333	162.14	162.38	162.10666666666665	162.63333333333333	162.89333333333335	163.2	163.48666666666668	163.87333333333333	163.86	164.62	164.84666666666666	164.53333333333333	164.88	165.0	164.36666666666667	165.09333333333333	165.0	164.67333333333335	164.06	163.92	163.45333333333335	163.95333333333335	163.97333333333333	163.45333333333335	162.96	162.2	162.03333333333333	161.86666666666667	160.60666666666665	160.05333333333334	159.08	158.08	156.84	156.34	155.23333333333332	153.76	152.7	150.99333333333334	149.37333333333333	147.59333333333333	146.27333333333334	143.69333333333333	140.78666666666666	137.62	133.36	128.87333333333333	121.36666666666666	108.46666666666667	0.0
0.0	108.74	121.10666666666667	128.73333333333332	133.7	137.14666666666668	140.63333333333333	143.48	145.96	147.17333333333335	148.80666666666667	150.43333333333334	151.63333333333333	153.38666666666666	154.13333333333333	155.17333333333335	155.60666666666665	156.98666666666668	157.49333333333334	158.42	159.51333333333332	160.33333333333334	160.89333333333335	161.12666666666667	161.88	162.48666666666668	162.65333333333334	163.06	163.5	164.25333333333333	164.26666666666668	164.67333333333335	164.88666666666666	164.70666666666668	165.04666666666665	165.03333333333333	164.80666666666667	164.54	164.33333333333334	164.48666666666668	164.45333333333335	164.16	163.98666666666668	163.42	163.28	162.89333333333335	162.83333333333334	162.87333333333333	161.91333333333333	161.52666666666667	161.31333333333333	160.08666666666667	160.06	159.3	158.08	157.64	156.68666666666667	156.25333333333333	154.95333333333335	153.89333333333335	152.78666666666666	151.28	149.86	148.00666666666666	146.06	143.87333333333333	140.69333333333333	137.63333333333333	133.17333333333335	128.56666666666666	121.39333333333333	108.38	0.0
0.0	108.84666666666666	121.59333333333333	128.86	134.2	138.25333333333333	141.34666666666666	144.11333333333334	146.58666666666667	148.94	150.63333333333333	152.46	153.46	154.69333333333333	156.14	157.37333333333333	157.39333333333335	158.8	159.53333333333333	160.24	161.46	161.95333333333335	162.01333333333332	162.58	163.44	164.12	163.94	164.86666666666667	165.49333333333334	166.24	166.24666666666667	166.3	165.73333333333332	166.58666666666667	166.45333333333335	166.16	166.54	166.11333333333334	166.44	166.36	166.14	166.18	165.86	165.70666666666668	165.09333333333333	164.73333333333332	164.29333333333332	163.52666666666667	163.33333333333334	162.32666666666665	162.09333333333333	161.58666666666667	161.56	160.20666666666668	159.59333333333333	158.90666666666667	157.96666666666667	156.96	155.60666666666665	154.66666666666666	153.36666666666667	151.99333333333334	150.85333333333332	148.56	146.95333333333335	144.56666666666666	141.8	137.97333333333333	133.95333333333335	129.62666666666667	121.41333333333333	109.10666666666667	0.0
0.0	108.80666666666667	121.36	128.62	133.90666666666667	137.88	140.37333333333333	143.08	145.59333333333333	147.37333333333333	149.48666666666668	150.56	152.07333333333332	153.7	154.12666666666667	155.59333333333333	156.46	157.78666666666666	158.44	158.86666666666667	159.08666666666667	160.29333333333332	160.72666666666666	161.28666666666666	162.16666666666666	162.18666666666667	162.79333333333332	163.20666666666668	163.39333333333335	163.40666666666667	163.82666666666665	163.9	163.95333333333335	163.98	164.64666666666668	164.56	164.55333333333334	164.02	164.32	164.02666666666667	164.06666666666666	163.46	163.25333333333333	163.25333333333333	163.57333333333332	162.86	162.70666666666668	162.00666666666666	161.83333333333334	160.96	160.23333333333332	159.58	159.04666666666665	158.65333333333334	157.63333333333333	157.02666666666667	156.13333333333333	155.26	153.68666666666667	153.46666666666667	152.30666666666667	150.91333333333333	149.4	148.14	146.05333333333334	143.86	141.20666666666668	138.35333333333332	134.28666666666666	128.03333333333333	121.05333333333333	108.73333333333333	0.0
0.0	109.14	121.72	129.32666666666665	134.64	138.42666666666668	141.96666666666667	144.29333333333332	146.1	148.19333333333333	149.95333333333335	151.78666666666666	152.84666666666666	154.42	154.97333333333333	156.39333333333335	156.97333333333333	157.78666666666666	158.60666666666665	159.82666666666665	160.32666666666665	161.06	161.34	161.99333333333334	162.15333333333334	162.78	163.14666666666668	164.11333333333334	164.20666666666668	164.93333333333334	164.62	164.62	165.40666666666667	164.85333333333332	165.13333333333333	164.68666666666667	164.89333333333335	165.22	164.62	164.42	164.10666666666665	164.32666666666665	163.5	163.54	163.43333333333334	163.06	163.12	162.35333333333332	162.72	162.21333333333334	161.0	160.88666666666666	160.09333333333333	159.78	159.06	158.69333333333333	157.78666666666666	156.18666666666667	154.86	154.16666666666666	153.18666666666667	151.65333333333334	150.41333333333333	148.54	146.48666666666668	144.03333333333333	141.18	138.22	133.84	128.58	121.22	109.14	0.0
0.0	108.32	120.99333333333334	128.66666666666666	133.84	138.09333333333333	141.24	144.64666666666668	146.39333333333335	148.26666666666668	149.82	151.23333333333332	152.60666666666665	153.88	154.55333333333334	155.41333333333333	156.35333333333332	157.50666666666666	157.98666666666668	158.88666666666666	159.83333333333334	159.60666666666665	160.57333333333332	161.02666666666667	161.56666666666666	162.41333333333333	162.67333333333335	163.1	163.49333333333334	163.76	163.77333333333334	164.16666666666666	164.49333333333334	164.85333333333332	165.26666666666668	165.21333333333334	165.47333333333333	165.34	164.78666666666666	164.84	164.31333333333333	164.09333333333333	164.32	164.26	163.95333333333335	163.36	163.16	162.70666666666668	162.11333333333334	161.75333333333333	160.94666666666666	160.6	160.06666666666666	159.23333333333332	158.64666666666668	157.82666666666665	156.87333333333333	156.28666666666666	155.08	154.20666666666668	152.80666666666667	151.66666666666666	149.96	148.54666666666665	146.18666666666667	144.04	141.89333333333335	137.84666666666666	134.14	128.81333333333333	121.24666666666667	108.42	0.0
0.0	108.67333333333333	121.1	128.42	133.20666666666668	137.86666666666667	141.02666666666667	143.83333333333334	146.0	147.99333333333334	149.66666666666666	151.17333333333335	152.37333333333333	153.30666666666667	153.97333333333333	155.43333333333334	156.49333333333334	157.57333333333332	158.10666666666665	159.04666666666665	159.13333333333333	160.49333333333334	160.28666666666666	161.34	161.66	162.32	162.54	162.91333333333333	162.7	163.10666666666665	163.16	163.74	163.95333333333335	163.98	164.02	164.31333333333333	164.78666666666666	164.94	164.73333333333332	164.58666666666667	164.35333333333332	163.78	164.03333333333333	163.46	163.52666666666667	163.39333333333335	162.72666666666666	161.88	161.92	161.34666666666666	160.98	160.26666666666668	159.52666666666667	158.58666666666667	158.06	157.19333333333333	156.98	156.22666666666666	154.8	154.16	152.42	150.66666666666666	149.14	148.18666666666667	145.81333333333333	143.79333333333332	141.02	137.89333333333335	134.12	128.51333333333332	120.85333333333334	108.54666666666667	0.0
0.0	108.79333333333334	121.04	128.32666666666665	133.54	137.22	140.63333333333333	143.66	145.74	147.61333333333334	149.14666666666668	150.32	152.16666666666666	153.78	154.90666666666667	155.83333333333334	156.86666666666667	156.86	157.88	158.41333333333333	159.36	159.98	160.32666666666665	160.92	161.28	161.75333333333333	162.44	162.14666666666668	161.89333333333335	162.76666666666668	162.94666666666666	163.64	163.23333333333332	163.45333333333335	163.79333333333332	163.59333333333333	163.58	163.70666666666668	164.25333333333333	163.9	163.51333333333332	163.39333333333335	163.56666666666666	163.46	163.09333333333333	163.12	162.78666666666666	162.55333333333334	162.26666666666668	161.2	160.61333333333334	160.18	159.63333333333333	158.99333333333334	158.23333333333332	157.95333333333335	156.21333333333334	155.41333333333333	154.78666666666666	153.65333333333334	152.30666666666667	150.69333333333333	149.26	147.61333333333334	145.3	143.64666666666668	141.40666666666667	137.38666666666666	133.42	127.95333333333333	120.63333333333334	108.63333333333334	0.0
0.0	108.94666666666667	121.06	128.66666666666666	133.96	137.92	141.4	143.85333333333332	146.62666666666667	148.44	150.35333333333332	152.01333333333332	153.51333333333332	155.01333333333332	155.73333333333332	156.9	157.56	158.36666666666667	158.97333333333333	159.96	160.38666666666666	161.41333333333333	161.89333333333335	161.80666666666667	162.16	162.7	163.00666666666666	163.60666666666665	163.98666666666668	164.59333333333333	164.78666666666666	164.75333333333333	165.16	165.5	165.47333333333333	165.35333333333332	165.06	165.16	165.55333333333334	164.49333333333334	164.86	164.33333333333334	163.74	163.72666666666666	164.23333333333332	163.3	163.16666666666666	162.92666666666668	162.78	162.02666666666667	161.86666666666667	160.99333333333334	160.28	159.94	158.92	158.28666666666666	157.33333333333334	156.52	155.26	154.14666666666668	153.00666666666666	151.59333333333333	149.45333333333335	148.22	146.76666666666668	143.6	141.06666666666666	137.83333333333334	133.5	129.32	121.43333333333334	108.36666666666666	0.0
0.0	108.16666666666667	120.77333333333333	127.89333333333333	132.99333333333334	136.95333333333335	140.38666666666666	142.47333333333333	145.21333333333334	146.64666666666668	149.07333333333332	150.86	152.17333333333335	153.68	154.88	156.19333333333333	155.59333333333333	156.95333333333335	157.77333333333334	158.74666666666667	159.87333333333333	160.16666666666666	160.52666666666667	161.32666666666665	161.60666666666665	162.16	162.42	162.78	163.23333333333332	163.57333333333332	163.28	163.59333333333333	163.54	163.62666666666667	163.93333333333334	164.04666666666665	163.53333333333333	163.81333333333333	163.23333333333332	163.72	162.96	163.21333333333334	162.73333333333332	162.16	162.5	161.98666666666668	161.56666666666666	161.57333333333332	161.08666666666667	161.08	160.10666666666665	159.37333333333333	158.60666666666665	158.19333333333333	157.37333333333333	156.64666666666668	156.47333333333333	155.78	155.03333333333333	153.56	152.19333333333333	150.86666666666667	149.30666666666667	147.32666666666665	145.69333333333333	142.76	139.92	137.57333333333332	133.6	127.74666666666667	120.22666666666667	108.3	0.0
0.0	108.49333333333334	120.66	128.30666666666667	134.32	137.76666666666668	140.88	143.96	145.89333333333335	147.98	149.64	150.92	152.42666666666668	153.40666666666667	155.06666666666666	156.5	156.84666666666666	157.24666666666667	158.50666666666666	159.43333333333334	160.02	160.28	160.95333333333335	161.15333333333334	161.98	161.91333333333333	162.51333333333332	162.62	162.91333333333333	163.0	163.39333333333335	163.77333333333334	163.02	163.29333333333332	163.64666666666668	164.01333333333332	164.36666666666667	164.25333333333333	164.46666666666667	164.10666666666665	163.63333333333333	164.60666666666665	163.48666666666668	163.44666666666666	163.30666666666667	162.89333333333335	162.45333333333335	162.54	161.94666666666666	161.77333333333334	161.15333333333334	160.84666666666666	159.40666666666667	158.7	157.97333333333333	157.05333333333334	156.26666666666668	155.08666666666667	154.82666666666665	153.26666666666668	152.22666666666666	151.19333333333333	149.14	147.41333333333333	145.18666666666667	143.24	140.49333333333334	137.16666666666666	133.0	128.22666666666666	120.34666666666666	108.37333333333333	0.0
0.0	108.57333333333334	121.26666666666667	128.33333333333334	133.22666666666666	137.92666666666668	141.61333333333334	144.20666666666668	146.07333333333332	148.64666666666668	150.06666666666666	151.25333333333333	152.64	153.80666666666667	154.78666666666666	155.62666666666667	157.02	157.83333333333334	158.56666666666666	159.31333333333333	160.05333333333334	160.45333333333335	160.98	162.08666666666667	162.25333333333333	162.94	163.12	163.52666666666667	164.08666666666667	164.38	164.65333333333334	164.62666666666667	165.21333333333334	165.01333333333332	164.14	164.69333333333333	164.70666666666668	164.77333333333334	164.89333333333335	164.7	164.44666666666666	164.28	163.73333333333332	163.88666666666666	163.44666666666666	163.26	162.51333333333332	162.16	161.36	160.99333333333334	160.77333333333334	160.14	159.46666666666667	158.75333333333333	158.31333333333333	157.44666666666666	156.76666666666668	155.58666666666667	154.38666666666666	153.5	152.47333333333333	150.86	149.42666666666668	147.94	145.42	143.76666666666668	140.56666666666666	137.97333333333333	133.86666666666667	128.88666666666666	121.73333333333333	108.72	0.0
0.0	109.14	121.35333333333334	128.84	134.01333333333332	137.98	141.34666666666666	144.24666666666667	147.08	149.06	150.91333333333333	152.44666666666666	153.56666666666666	154.41333333333333	155.48	155.98	156.96666666666667	158.1	159.26	159.82666666666665	161.02	161.3	161.82	162.62666666666667	162.83333333333334	163.26666666666668	163.87333333333333	163.94666666666666	163.82666666666665	163.54	163.74666666666667	164.07333333333332	164.24666666666667	164.22	164.69333333333333	164.66666666666666	164.88	164.52	165.45333333333335	165.26666666666668	165.06	164.78	164.38666666666666	164.39333333333335	164.33333333333334	163.74666666666667	163.36	162.69333333333333	161.96	161.65333333333334	161.72666666666666	160.76	160.61333333333334	160.1	158.9	158.25333333333333	156.94666666666666	156.44	155.51333333333332	154.73333333333332	153.04	151.35333333333332	149.99333333333334	148.28	146.18666666666667	144.19333333333333	141.52	137.86666666666667	134.14	128.62	121.32666666666667	108.43333333333334	0.0
0.0	108.62	120.73333333333333	128.58666666666667	133.64666666666668	138.28666666666666	141.34666666666666	144.94	146.85333333333332	148.82666666666665	150.28	152.16666666666666	152.98	154.38666666666666	155.75333333333333	156.73333333333332	157.81333333333333	158.35333333333332	159.63333333333333	159.57333333333332	160.94	161.40666666666667	162.17333333333335	162.08	162.63333333333333	162.89333333333335	162.88	163.44	163.37333333333333	164.20666666666668	164.34666666666666	164.6	164.44	164.77333333333334	164.03333333333333	164.14666666666668	164.58	164.04666666666665	163.56	164.16	163.63333333333333	163.32	163.64	164.22666666666666	164.2	163.54666666666665	163.62666666666667	162.96	163.0	162.4	162.66	161.9	161.38	160.67333333333335	159.70666666666668	158.66666666666666	157.96	156.43333333333334	155.62666666666667	154.74666666666667	153.67333333333335	151.79333333333332	150.28	148.17333333333335	146.36	144.13333333333333	141.20666666666668	138.09333333333333	134.26666666666668	129.09333333333333	121.32	108.78666666666666	0.0
0.0	108.9	121.42	128.96	134.54	138.49333333333334	141.24666666666667	143.88	146.24666666666667	148.42	149.97333333333333	151.46666666666667	153.3	154.36666666666667	155.16666666666666	156.21333333333334	157.02	158.15333333333334	158.80666666666667	159.65333333333334	160.39333333333335	160.56666666666666	160.84	161.81333333333333	161.82666666666665	163.0	163.08666666666667	163.31333333333333	164.03333333333333	164.60666666666665	164.35333333333332	164.98666666666668	165.0	165.12666666666667	164.88666666666666	165.3	165.43333333333334	165.06	165.15333333333334	164.84666666666666	165.0	164.76666666666668	165.04	164.84	164.35333333333332	164.60666666666665	163.44666666666666	163.30666666666667	162.91333333333333	162.20666666666668	161.75333333333333	161.04666666666665	160.89333333333335	159.59333333333333	159.17333333333335	157.71333333333334	157.42666666666668	156.78666666666666	155.83333333333334	154.8	153.04	151.74	149.78	148.21333333333334	146.22	143.66	141.40666666666667	137.83333333333334	134.14666666666668	129.21333333333334	121.35333333333334	108.74	0.0
0.0	108.23333333333333	120.99333333333334	128.20666666666668	133.62	137.71333333333334	141.32666666666665	143.56666666666666	145.52	147.24	149.37333333333333	150.54	152.35333333333332	153.01333333333332	154.53333333333333	155.31333333333333	156.70666666666668	156.80666666666667	157.78666666666666	158.71333333333334	160.11333333333334	159.98666666666668	161.00666666666666	161.02666666666667	162.05333333333334	162.30666666666667	163.0	163.37333333333333	163.98666666666668	163.91333333333333	164.27333333333334	164.76	164.30666666666667	164.62	164.98666666666668	164.76	164.64	164.59333333333333	163.67333333333335	163.69333333333333	163.42	163.27333333333334	163.26666666666668	163.18	163.4	162.96666666666667	162.54666666666665	162.13333333333333	161.81333333333333	161.23333333333332	161.04	160.11333333333334	159.34	158.87333333333333	157.54666666666665	157.22	156.26666666666668	155.48666666666668	154.44666666666666	153.08	152.02666666666667	150.41333333333333	148.9	147.73333333333332	145.50666666666666	143.13333333333333	140.29333333333332	137.94	133.70666666666668	128.3	120.86666666666666	108.1	0.0
0.0	108.74666666666667	121.19333333333333	128.4	133.94	137.8	140.62	144.13333333333333	146.52	148.78666666666666	149.92666666666668	151.60666666666665	152.76	154.23333333333332	155.1	155.54	156.98	157.98	158.98	159.76	160.12666666666667	161.5	161.92666666666668	162.3	162.63333333333333	163.54	163.95333333333335	163.96666666666667	164.78	164.86	164.65333333333334	165.06	165.32666666666665	164.87333333333333	165.08666666666667	164.68	164.59333333333333	164.46666666666667	164.41333333333333	165.23333333333332	164.41333333333333	164.33333333333334	164.08	163.84	163.88	163.6	162.60666666666665	162.02666666666667	161.77333333333334	161.47333333333333	161.08666666666667	160.05333333333334	159.40666666666667	158.49333333333334	157.94	157.26666666666668	156.04	155.01333333333332	154.25333333333333	153.36	152.50666666666666	150.69333333333333	148.91333333333333	147.53333333333333	145.73333333333332	142.85333333333332	140.14	136.42	133.7	128.33333333333334	120.99333333333334	108.4	0.0
0.0	108.68	121.40666666666667	128.38666666666666	133.88	137.39333333333335	140.6	143.34	145.8	147.56	149.44	151.6	152.31333333333333	153.82	155.27333333333334	155.7	156.86666666666667	157.72	158.74666666666667	159.16	159.84666666666666	161.02	161.14	161.72	162.03333333333333	162.48	162.52	163.39333333333335	163.58666666666667	164.03333333333333	164.16	164.25333333333333	164.38	164.3	164.32	164.69333333333333	163.52	164.12666666666667	163.69333333333333	163.61333333333334	164.05333333333334	163.82666666666665	163.86666666666667	163.78666666666666	163.69333333333333	163.51333333333332	162.84666666666666	162.44	162.49333333333334	161.42	160.86	160.65333333333334	159.88	158.39333333333335	158.41333333333333	157.08666666666667	156.02666666666667	155.72	154.68	153.28	152.22666666666666	150.98	149.44666666666666	147.42666666666668	145.98	143.90666666666667	140.95333333333335	138.21333333333334	133.61333333333334	128.96	120.96666666666667	108.28666666666666	0.0
0.0	108.22	120.7	128.18666666666667	133.62666666666667	138.36666666666667	141.03333333333333	143.4	145.54666666666665	147.90666666666667	149.7	151.45333333333335	152.4	153.07333333333332	154.75333333333333	156.11333333333334	157.55333333333334	158.01333333333332	158.95333333333335	159.38666666666666	160.04666666666665	160.78	161.52666666666667	161.56	162.60666666666665	162.8	162.92	163.64666666666668	163.84	164.54	164.2	164.63333333333333	164.60666666666665	164.68666666666667	164.85333333333332	165.00666666666666	165.18666666666667	165.38666666666666	164.98666666666668	164.77333333333334	164.46	164.48666666666668	164.4	163.75333333333333	163.58	162.59333333333333	162.04	162.02	161.48	160.92666666666668	161.02	160.49333333333334	159.78666666666666	158.87333333333333	158.46	157.68	156.72	156.00666666666666	154.92666666666668	153.91333333333333	152.81333333333333	151.11333333333334	149.63333333333333	148.34666666666666	145.95333333333335	144.1	141.47333333333333	137.99333333333334	133.81333333333333	128.95333333333335	121.42	108.82666666666667	0.0
0.0	108.9	121.48666666666666	128.74	134.18666666666667	137.78666666666666	140.72666666666666	143.48666666666668	145.17333333333335	147.5	148.96	150.73333333333332	151.57333333333332	152.82	154.29333333333332	155.48	156.36666666666667	157.05333333333334	157.84	158.45333333333335	159.75333333333333	160.57333333333332	160.7	161.68666666666667	162.17333333333335	162.49333333333334	162.97333333333333	163.54666666666665	163.62666666666667	163.64666666666668	163.92	164.37333333333333	164.34	164.84666666666666	164.93333333333334	165.32	165.07333333333332	164.63333333333333	164.63333333333333	164.53333333333333	164.40666666666667	164.28666666666666	164.32666666666665	164.48	163.98666666666668	163.47333333333333	163.15333333333334	162.14	162.38666666666666	161.97333333333333	161.51333333333332	160.57333333333332	159.59333333333333	159.72	158.54	157.68	156.67333333333335	155.98	155.12666666666667	153.90666666666667	152.12666666666667	150.82	149.74666666666667	147.97333333333333	145.55333333333334	143.82	140.59333333333333	137.55333333333334	133.77333333333334	128.22666666666666	121.19333333333333	108.56666666666666	0.0
0.0	108.85333333333334	121.78666666666666	129.18666666666667	134.62666666666667	138.18	141.69333333333333	144.42	146.92666666666668	149.04	150.63333333333333	151.96	153.83333333333334	154.98	155.55333333333334	156.78	157.78	158.56	159.0	159.74	160.28	160.82	161.00666666666666	162.03333333333333	162.46666666666667	162.54	163.32666666666665	163.96	164.03333333333333	163.92666666666668	164.40666666666667	164.57333333333332	164.71333333333334	164.82666666666665	165.24666666666667	165.43333333333334	165.54666666666665	165.03333333333333	165.3	165.6	165.14666666666668	165.14	165.10666666666665	164.55333333333334	163.95333333333335	163.66666666666666	163.1	162.92666666666668	162.55333333333334	161.84666666666666	161.56666666666666	160.96666666666667	160.4	159.75333333333333	158.88666666666666	158.06666666666666	157.05333333333334	156.66666666666666	155.56666666666666	154.27333333333334	152.62666666666667	151.43333333333334	150.11333333333334	148.66	146.72666666666666	143.79333333333332	141.50666666666666	138.20666666666668	134.34	129.58	121.96666666666667	108.92	0.0
0.0	109.01333333333334	121.1	128.58	133.85333333333332	138.2	141.12	143.92666666666668	146.78666666666666	149.05333333333334	150.44666666666666	152.13333333333333	153.26666666666668	154.57333333333332	156.30666666666667	156.80666666666667	157.97333333333333	158.95333333333335	159.32666666666665	160.07333333333332	160.84	161.72	162.22	161.90666666666667	162.66666666666666	162.78	162.9	163.37333333333333	163.88666666666666	163.94666666666666	164.20666666666668	164.05333333333334	164.25333333333333	164.58666666666667	164.26666666666668	164.4	163.94	164.35333333333332	163.99333333333334	164.03333333333333	163.96	163.33333333333334	164.23333333333332	163.30666666666667	163.74666666666667	163.55333333333334	162.26	162.59333333333333	161.92	161.65333333333334	161.25333333333333	160.88666666666666	159.92	159.20666666666668	159.2	157.68666666666667	156.49333333333334	155.90666666666667	155.35333333333332	153.95333333333335	152.62	151.12666666666667	149.32666666666665	147.81333333333333	145.66666666666666	143.19333333333333	140.64	137.22666666666666	133.60666666666665	128.98	120.79333333333334	108.71333333333334	0.0
0.0	108.74	121.02	128.16	133.24	137.08666666666667	140.8	142.82666666666665	145.38666666666666	147.6	149.17333333333335	150.9	152.16666666666666	153.22666666666666	154.15333333333334	155.25333333333333	156.16666666666666	156.96666666666667	157.67333333333335	158.62666666666667	159.14	159.82	160.5	160.54	161.00666666666666	160.84666666666666	161.10666666666665	161.56666666666666	162.00666666666666	162.61333333333334	162.86666666666667	162.86666666666667	163.14666666666668	163.87333333333333	164.23333333333332	164.10666666666665	164.00666666666666	164.22666666666666	165.04	164.30666666666667	164.57333333333332	164.34	164.04666666666665	163.94	163.80666666666667	163.30666666666667	163.23333333333332	163.38	162.76666666666668	161.84666666666666	161.26666666666668	160.51333333333332	160.09333333333333	159.31333333333333	158.60666666666665	157.84666666666666	156.79333333333332	155.85333333333332	154.79333333333332	153.66666666666666	152.86666666666667	151.45333333333335	149.79333333333332	148.21333333333334	146.17333333333335	143.51333333333332	140.73333333333332	138.26	134.08666666666667	128.82666666666665	121.52	109.30666666666667	0.0
0.0	108.11333333333333	120.73333333333333	128.46	133.66	137.83333333333334	140.81333333333333	143.48	145.68	147.34	149.32	150.97333333333333	152.34	153.24666666666667	154.64666666666668	155.68666666666667	156.82	157.59333333333333	159.03333333333333	159.41333333333333	159.96666666666667	160.81333333333333	161.19333333333333	161.46	161.58666666666667	162.09333333333333	161.98	163.54	163.44666666666666	163.57333333333332	163.84666666666666	164.04	164.46666666666667	164.38	164.58	165.23333333333332	164.49333333333334	164.27333333333334	164.54666666666665	164.59333333333333	164.26	164.51333333333332	164.16666666666666	164.05333333333334	163.52	163.25333333333333	162.88	162.88666666666666	162.19333333333333	162.32	161.48666666666668	160.76	160.38666666666666	159.16666666666666	158.74666666666667	158.24666666666667	157.21333333333334	156.44666666666666	155.09333333333333	154.04666666666665	152.98	151.44666666666666	149.53333333333333	147.90666666666667	145.80666666666667	143.36666666666667	140.68666666666667	138.04666666666665	133.44	127.84666666666666	120.76666666666667	108.0	0.0
0.0	108.10666666666667	121.65333333333334	129.34666666666666	134.22666666666666	138.38666666666666	141.52666666666667	144.45333333333335	146.88	148.42666666666668	150.08666666666667	152.13333333333333	153.53333333333333	154.65333333333334	155.70666666666668	156.52	157.77333333333334	158.67333333333335	159.52666666666667	160.08	161.55333333333334	161.75333333333333	162.66	162.81333333333333	162.9	163.96666666666667	164.21333333333334	163.88	164.55333333333334	164.95333333333335	165.22	165.44666666666666	166.0	165.58666666666667	165.42	165.73333333333332	166.02666666666667	165.6	165.32	165.07333333333332	165.42666666666668	165.71333333333334	164.83333333333334	164.39333333333335	163.80666666666667	164.38	163.84666666666666	163.40666666666667	162.88666666666666	162.3	161.64666666666668	160.88	160.77333333333334	159.82	159.36	158.26666666666668	157.14666666666668	156.78	155.93333333333334	154.30666666666667	153.07333333333332	151.26666666666668	149.74	147.63333333333333	145.98666666666668	144.11333333333334	141.22	138.32	134.63333333333333	129.10666666666665	121.70666666666666	109.04	0.0
0.0	108.84	121.67333333333333	128.84666666666666	134.16	137.92	141.24	144.2	145.93333333333334	147.78	149.62	151.34	152.34	153.41333333333333	154.71333333333334	156.06666666666666	156.98	158.22666666666666	158.75333333333333	159.42666666666668	160.18	160.34	161.07333333333332	161.58	162.02	162.63333333333333	162.8	162.63333333333333	163.40666666666667	163.46	164.04666666666665	164.33333333333334	164.53333333333333	164.44666666666666	164.55333333333334	164.72	165.42666666666668	165.14	165.10666666666665	164.59333333333333	164.52666666666667	163.52666666666667	163.68666666666667	163.92666666666668	163.77333333333334	163.50666666666666	163.34	163.26	162.36666666666667	161.8	161.24666666666667	160.93333333333334	160.08	159.55333333333334	158.72	158.04666666666665	157.17333333333335	156.46	154.79333333333332	153.58	152.39333333333335	150.76	149.09333333333333	147.80666666666667	145.71333333333334	143.74666666666667	141.08	138.06666666666666	134.32	128.76	120.54	108.78	0.0
0.0	109.18666666666667	121.84666666666666	128.78	134.24	137.70666666666668	140.8	143.48	145.7	147.84666666666666	149.76666666666668	150.81333333333333	152.92666666666668	153.74666666666667	155.21333333333334	156.31333333333333	158.02	157.96666666666667	159.22	159.54666666666665	159.57333333333332	160.41333333333333	161.60666666666665	161.68	162.43333333333334	162.67333333333335	163.14666666666668	163.28	163.82	164.27333333333334	165.18666666666667	164.43333333333334	164.53333333333333	165.06666666666666	165.25333333333333	165.0	164.93333333333334	165.52	164.93333333333334	165.17333333333335	165.21333333333334	164.94	165.12	164.16	163.66	163.98	163.70666666666668	162.92666666666668	163.22666666666666	162.72	162.28666666666666	161.65333333333334	161.02666666666667	160.12	159.38	158.62	158.21333333333334	156.67333333333335	155.94	154.16	152.97333333333333	151.88666666666666	150.19333333333333	148.35333333333332	146.18	144.32666666666665	141.38666666666666	138.09333333333333	133.95333333333335	129.23333333333332	121.61333333333333	109.0	0.0
0.0	108.68	120.96666666666667	129.23333333333332	133.98	138.04666666666665	141.16	144.05333333333334	146.32	148.37333333333333	149.62	151.31333333333333	152.84	154.24	154.86666666666667	156.72	157.78666666666666	158.71333333333334	159.32	159.94666666666666	160.40666666666667	160.74	161.95333333333335	162.25333333333333	163.14666666666668	163.4	163.56	163.69333333333333	164.58	164.90666666666667	165.34666666666666	166.01333333333332	165.68	165.52	166.01333333333332	165.99333333333334	165.73333333333332	165.92666666666668	166.08	165.98666666666668	165.96666666666667	165.81333333333333	165.77333333333334	164.92	164.52	164.08	163.6	163.77333333333334	163.22666666666666	162.06666666666666	162.11333333333334	160.99333333333334	160.64	160.07333333333332	159.22666666666666	158.36	157.26	156.28	154.99333333333334	153.8	152.91333333333333	151.59333333333333	150.14	147.57333333333332	145.88666666666666	144.05333333333334	140.68	137.62	133.76666666666668	128.31333333333333	120.88	108.38	0.0
0.0	108.87333333333333	121.44	128.3	133.7	137.77333333333334	140.81333333333333	143.90666666666667	146.26	147.81333333333333	149.68666666666667	150.75333333333333	151.96666666666667	153.71333333333334	154.47333333333333	156.07333333333332	156.90666666666667	158.08666666666667	158.88666666666666	159.85333333333332	160.2	161.42	161.93333333333334	161.94	162.44	162.79333333333332	163.68	163.88666666666666	164.03333333333333	164.38666666666666	164.64666666666668	164.59333333333333	164.86	164.5	164.32666666666665	164.74	164.97333333333333	164.39333333333335	164.28666666666666	164.48666666666668	164.13333333333333	163.83333333333334	163.7	163.10666666666665	163.3	162.54	162.74	162.2	162.06666666666666	161.42666666666668	160.96	160.80666666666667	159.78666666666666	159.17333333333335	158.34666666666666	157.09333333333333	155.92666666666668	155.06	153.77333333333334	152.66	151.58	150.44	148.72	147.56	146.12	143.72666666666666	140.90666666666667	137.92666666666668	134.08666666666667	128.87333333333333	121.08666666666667	108.37333333333333	0.0
0.0	108.59333333333333	121.02	128.54666666666665	133.5	137.98666666666668	140.39333333333335	143.58	146.06666666666666	148.35333333333332	149.60666666666665	151.37333333333333	152.73333333333332	154.46666666666667	155.14666666666668	155.87333333333333	157.05333333333334	157.92	159.28	159.88	160.38	160.86	161.44	162.14	162.31333333333333	163.17333333333335	163.84	164.1	164.37333333333333	164.82666666666665	164.81333333333333	165.02666666666667	164.94666666666666	165.46	165.27333333333334	165.91333333333333	165.66	166.01333333333332	165.62	165.82666666666665	165.40666666666667	165.32666666666665	164.99333333333334	164.8	164.86666666666667	164.74	163.61333333333334	163.42666666666668	162.84666666666666	162.49333333333334	162.0	161.49333333333334	161.22	160.75333333333333	159.58666666666667	158.76	157.98	157.43333333333334	156.03333333333333	153.98666666666668	152.97333333333333	151.84666666666666	150.22666666666666	148.66	146.54666666666665	144.39333333333335	141.65333333333334	138.12666666666667	134.26666666666668	128.75333333333333	121.84666666666666	109.05333333333333	0.0
0.0	108.74666666666667	120.92666666666666	128.72	134.33333333333334	137.78	140.80666666666667	143.85333333333332	145.86666666666667	148.52666666666667	150.23333333333332	151.33333333333334	152.64	154.21333333333334	155.36666666666667	156.15333333333334	156.84666666666666	157.50666666666666	158.39333333333335	159.17333333333335	159.86	160.85333333333332	161.30666666666667	161.76666666666668	162.62666666666667	163.14	163.22	163.23333333333332	164.03333333333333	163.83333333333334	163.85333333333332	164.18	164.50666666666666	164.59333333333333	164.64	164.81333333333333	164.71333333333334	164.38666666666666	164.48	164.54	164.53333333333333	164.3	164.62666666666667	163.75333333333333	163.29333333333332	162.73333333333332	162.46666666666667	162.68666666666667	162.20666666666668	161.15333333333334	161.16666666666666	160.44	159.81333333333333	159.19333333333333	157.83333333333334	157.81333333333333	156.48	155.77333333333334	154.62666666666667	153.79333333333332	152.23333333333332	150.98	149.31333333333333	147.94	146.08666666666667	143.7	140.32	137.39333333333335	133.75333333333333	128.6	121.02	108.61333333333333	0.0
0.0	108.34	121.54	128.89333333333335	134.30666666666667	138.36666666666667	140.94	144.16	146.13333333333333	147.72666666666666	149.31333333333333	151.18666666666667	152.52666666666667	154.52	155.92666666666668	156.35333333333332	157.86	158.65333333333334	159.46666666666667	160.13333333333333	160.07333333333332	160.36	160.76	161.32	161.76666666666668	162.0	162.39333333333335	162.76	163.26	163.46	164.06666666666666	164.07333333333332	164.4	164.60666666666665	164.5	164.79333333333332	164.68666666666667	164.73333333333332	164.46666666666667	164.74	164.62666666666667	164.25333333333333	164.40666666666667	164.19333333333333	164.06	163.98666666666668	163.64666666666668	162.98	162.50666666666666	162.37333333333333	162.02	161.56	160.61333333333334	160.02666666666667	159.42666666666668	158.40666666666667	157.33333333333334	156.59333333333333	155.38666666666666	154.5	152.94	151.46666666666667	150.41333333333333	148.55333333333334	146.71333333333334	143.43333333333334	140.88666666666666	138.38666666666666	134.56	128.42666666666668	121.46666666666667	108.6	0.0
0.0	108.41333333333333	121.26	128.31333333333333	133.50666666666666	137.34	140.82	143.37333333333333	145.98666666666668	147.67333333333335	149.52	150.84	152.75333333333333	153.74	155.32666666666665	155.87333333333333	156.51333333333332	157.79333333333332	158.60666666666665	159.18666666666667	160.29333333333332	160.84	161.22666666666666	161.78	162.29333333333332	162.82	163.44	163.44666666666666	163.67333333333335	164.25333333333333	164.14	164.76666666666668	164.61333333333334	164.71333333333334	164.70666666666668	165.36666666666667	164.52	164.95333333333335	164.77333333333334	164.80666666666667	164.69333333333333	164.14666666666668	163.62666666666667	163.5	163.43333333333334	163.71333333333334	162.92	162.36	162.62666666666667	161.77333333333334	161.12	160.62	160.26	159.58	158.70666666666668	158.27333333333334	157.48666666666668	156.38	155.18666666666667	153.96	152.91333333333333	151.18666666666667	149.78	148.53333333333333	145.60666666666665	143.52	141.56	137.82	134.36	128.9	121.57333333333334	108.4	0.0
0.0	108.71333333333334	121.29333333333334	128.69333333333333	134.1	138.40666666666667	141.31333333333333	144.28	146.38666666666666	148.04666666666665	150.34	151.60666666666665	152.78	154.30666666666667	155.18	156.62	157.55333333333334	158.73333333333332	159.21333333333334	160.34	160.58666666666667	161.22	161.4	162.41333333333333	162.78666666666666	163.50666666666666	164.02	164.00666666666666	164.7	165.0	165.20666666666668	165.8	166.10666666666665	165.79333333333332	165.49333333333334	165.38666666666666	165.76666666666668	165.66666666666666	165.68	165.54	165.51333333333332	164.86666666666667	164.57333333333332	164.98666666666668	164.42666666666668	163.78666666666666	163.68666666666667	163.42	163.17333333333335	162.36	161.80666666666667	161.48	160.38	159.60666666666665	159.03333333333333	158.18	157.74	156.98	155.7	154.2	152.97333333333333	151.73333333333332	149.67333333333335	148.24	146.15333333333334	144.11333333333334	141.14666666666668	137.71333333333334	133.78666666666666	128.67333333333335	121.9	108.88666666666667	0.0
0.0	108.95333333333333	121.69333333333333	128.98666666666668	134.3	138.37333333333333	141.14666666666668	144.28666666666666	146.39333333333335	148.19333333333333	149.92666666666668	151.78666666666666	153.17333333333335	154.08	155.68	156.4	157.64666666666668	158.25333333333333	158.62666666666667	159.38666666666666	160.16	161.19333333333333	161.74666666666667	162.09333333333333	162.32666666666665	162.96666666666667	163.46	163.32666666666665	163.97333333333333	164.70666666666668	164.82666666666665	165.29333333333332	164.82	165.07333333333332	165.38666666666666	165.39333333333335	165.3	165.25333333333333	165.41333333333333	165.13333333333333	164.73333333333332	164.48666666666668	164.74	164.03333333333333	164.02	163.74	163.44	162.85333333333332	162.28666666666666	162.07333333333332	161.51333333333332	161.36666666666667	160.49333333333334	159.48666666666668	158.78666666666666	158.27333333333334	156.98	156.26	155.77333333333334	154.48666666666668	152.64	151.11333333333334	150.0	148.23333333333332	146.04666666666665	143.65333333333334	141.07333333333332	137.85333333333332	133.82	128.45333333333335	121.34	108.72666666666667	0.0
0.0	109.09333333333333	121.97333333333333	128.89333333333335	134.01333333333332	138.13333333333333	141.65333333333334	143.74666666666667	146.26	147.95333333333335	149.91333333333333	151.07333333333332	152.05333333333334	153.93333333333334	154.89333333333335	156.45333333333335	156.76666666666668	157.45333333333335	158.36666666666667	159.38666666666666	160.0	160.56666666666666	160.92	161.10666666666665	161.67333333333335	163.73333333333332	163.24	163.43333333333334	163.9	164.26	164.3	164.62	164.59333333333333	164.6	165.1	164.78	164.43333333333334	164.59333333333333	165.10666666666665	164.77333333333334	164.81333333333333	165.16666666666666	165.11333333333334	164.68666666666667	164.7	163.92	163.73333333333332	163.57333333333332	162.57333333333332	162.62	161.67333333333335	161.14666666666668	160.67333333333335	160.35333333333332	159.59333333333333	158.47333333333333	157.58	156.51333333333332	154.89333333333335	153.96	152.67333333333335	151.46666666666667	149.89333333333335	148.6	146.28666666666666	144.16	141.25333333333333	138.22666666666666	133.74666666666667	128.83333333333334	122.13333333333334	109.2	0.0
0.0	108.46666666666667	121.24	128.53333333333333	133.97333333333333	138.16	140.98666666666668	143.31333333333333	146.44	148.36	149.64	151.46	153.22	154.23333333333332	155.43333333333334	156.32666666666665	157.7	158.1	159.07333333333332	159.89333333333335	161.07333333333332	161.81333333333333	161.79333333333332	161.86666666666667	161.72	162.65333333333334	163.9	163.90666666666667	164.15333333333334	164.88666666666666	164.61333333333334	165.03333333333333	165.34	165.5	164.82	165.47333333333333	165.29333333333332	165.36666666666667	165.32	165.37333333333333	165.13333333333333	165.04	164.65333333333334	164.49333333333334	164.02	164.17333333333335	164.29333333333332	163.49333333333334	162.84	162.69333333333333	161.86666666666667	161.30666666666667	160.51333333333332	159.93333333333334	158.81333333333333	158.54	157.43333333333334	156.31333333333333	156.04	154.58666666666667	152.89333333333335	151.82666666666665	150.12666666666667	148.20666666666668	146.5	143.98666666666668	141.64666666666668	138.32	134.46666666666667	128.98666666666668	121.41333333333333	108.7	0.0
0.0	108.29333333333334	120.98	128.5	134.54	138.63333333333333	141.62	144.16666666666666	146.33333333333334	149.04666666666665	150.75333333333333	152.03333333333333	153.72	154.8	156.13333333333333	156.81333333333333	157.29333333333332	158.36666666666667	158.72	159.74	160.36666666666667	161.1	161.94	161.63333333333333	162.2	162.72666666666666	163.31333333333333	164.10666666666665	164.33333333333334	164.18	164.4	164.66	164.76666666666668	164.92	165.11333333333334	165.60666666666665	164.66	165.10666666666665	164.50666666666666	164.56	165.23333333333332	164.70666666666668	164.62	164.26	163.81333333333333	163.64666666666668	163.2	162.5	162.52666666666667	162.36666666666667	161.79333333333332	161.39333333333335	160.16666666666666	159.22	159.08666666666667	157.51333333333332	156.39333333333335	155.7	154.85333333333332	153.62	152.76666666666668	151.43333333333334	149.52666666666667	148.34	145.87333333333333	143.84	141.18666666666667	138.39333333333335	134.50666666666666	129.27333333333334	121.81333333333333	109.11333333333333	0.0
0.0	108.69333333333333	120.84666666666666	127.98666666666666	133.62	137.56666666666666	140.98666666666668	143.37333333333333	145.94666666666666	148.1	149.66666666666666	151.32	153.2	154.10666666666665	155.30666666666667	156.62	156.78666666666666	157.64666666666668	158.76666666666668	159.1	159.71333333333334	160.09333333333333	161.32666666666665	161.7	162.18	162.45333333333335	162.91333333333333	163.64	163.53333333333333	164.03333333333333	164.83333333333334	164.91333333333333	165.01333333333332	165.08666666666667	164.37333333333333	164.84	164.26666666666668	164.68666666666667	164.02	164.01333333333332	164.24666666666667	163.4	163.79333333333332	163.5	163.01333333333332	163.24666666666667	163.07333333333332	162.89333333333335	162.53333333333333	162.24	161.73333333333332	160.60666666666665	160.31333333333333	159.66	158.15333333333334	157.86	156.59333333333333	155.58666666666667	154.76	153.72	152.80666666666667	151.68666666666667	149.74	148.29333333333332	146.64666666666668	143.83333333333334	141.24	137.9	133.97333333333333	128.97333333333333	121.51333333333334	108.76	0.0
0.0	107.74666666666667	120.93333333333334	128.24666666666667	133.12666666666667	137.87333333333333	141.15333333333334	144.04	146.09333333333333	148.02666666666667	150.22666666666666	151.76	152.96666666666667	153.88666666666666	155.62	156.45333333333335	157.50666666666666	158.08666666666667	158.66	159.42666666666668	159.75333333333333	160.17333333333335	160.98666666666668	161.08	161.64666666666668	162.32	162.62666666666667	162.95333333333335	162.74	163.22666666666666	163.29333333333332	163.52666666666667	164.07333333333332	163.95333333333335	164.52	164.02666666666667	164.04	164.11333333333334	163.98666666666668	163.68666666666667	163.87333333333333	163.49333333333334	163.3	163.6	163.16666666666666	163.08666666666667	162.77333333333334	162.50666666666666	162.58666666666667	161.81333333333333	161.23333333333332	160.48	160.54666666666665	159.4	158.54666666666665	157.48	157.05333333333334	155.86666666666667	154.69333333333333	153.27333333333334	151.65333333333334	150.79333333333332	149.21333333333334	147.58	145.76	143.64666666666668	140.54	137.58	133.74666666666667	128.87333333333333	120.76666666666667	108.27333333333333	0.0
0.0	109.08666666666667	121.96666666666667	129.06666666666666	134.52	138.49333333333334	141.80666666666667	144.03333333333333	146.44666666666666	148.32666666666665	150.04	151.48	152.95333333333335	154.44	155.78	156.94666666666666	157.4	158.40666666666667	159.58666666666667	159.59333333333333	160.44666666666666	160.98666666666668	161.95333333333335	162.33333333333334	162.84	163.6	163.70666666666668	164.36666666666667	164.64	164.60666666666665	165.41333333333333	165.35333333333332	165.15333333333334	165.02666666666667	165.39333333333335	165.28	165.08666666666667	165.04666666666665	164.87333333333333	164.95333333333335	164.93333333333334	164.83333333333334	164.95333333333335	164.30666666666667	164.29333333333332	163.91333333333333	163.6	163.95333333333335	163.08666666666667	163.2	161.99333333333334	161.3	160.54	159.94	158.60666666666665	158.40666666666667	157.75333333333333	156.69333333333333	155.75333333333333	155.03333333333333	153.96	151.90666666666667	150.61333333333334	148.70666666666668	146.86666666666667	144.44	141.77333333333334	138.48666666666668	134.74666666666667	129.15333333333334	121.62666666666667	108.94666666666667	0.0
0.0	109.21333333333334	121.38666666666667	128.98	134.39333333333335	138.18	141.03333333333333	143.80666666666667	146.00666666666666	148.09333333333333	149.62	151.24666666666667	152.88	154.2	155.18	156.58	157.57333333333332	157.98666666666668	158.6	159.06	159.92666666666668	160.69333333333333	161.17333333333335	162.24	162.08	162.43333333333334	162.83333333333334	163.46	164.33333333333334	164.31333333333333	164.16	164.30666666666667	164.88666666666666	165.07333333333332	164.64	164.86666666666667	165.2	164.50666666666666	164.96	165.09333333333333	164.96666666666667	164.56666666666666	164.14	164.07333333333332	164.02666666666667	163.72666666666666	163.24	163.18666666666667	162.60666666666665	161.81333333333333	161.00666666666666	159.97333333333333	159.56666666666666	159.27333333333334	158.21333333333334	156.99333333333334	155.82666666666665	155.11333333333334	154.3	152.88666666666666	152.0	150.94	149.78	147.21333333333334	145.66666666666666	143.21333333333334	140.62	137.4	133.15333333333334	128.62	121.62	109.01333333333334	0.0
0.0	108.46666666666667	121.26666666666667	128.73333333333332	133.94	137.88	140.80666666666667	143.55333333333334	145.94	147.98	149.85333333333332	151.26666666666668	152.16	153.26666666666668	154.76666666666668	155.71333333333334	156.96666666666667	158.13333333333333	159.41333333333333	159.57333333333332	159.94	160.66666666666666	161.64666666666668	161.90666666666667	162.35333333333332	161.82	162.69333333333333	162.92666666666668	162.87333333333333	162.61333333333334	163.43333333333334	163.42	164.22	163.87333333333333	164.30666666666667	164.05333333333334	164.24666666666667	164.36	164.36	163.97333333333333	164.20666666666668	163.85333333333332	163.27333333333334	163.44666666666666	163.04	162.93333333333334	162.64666666666668	161.80666666666667	161.55333333333334	161.2	160.56666666666666	160.60666666666665	159.56666666666666	159.46666666666667	158.52666666666667	157.8	157.26666666666668	156.24	155.89333333333335	153.94666666666666	153.16666666666666	151.01333333333332	150.12	147.61333333333334	145.9	143.48666666666668	140.71333333333334	137.87333333333333	133.74	128.44666666666666	121.06666666666666	108.83333333333333	0.0
0.0	108.19333333333333	121.42666666666666	128.99333333333334	133.83333333333334	137.66	141.16	143.54	146.00666666666666	148.41333333333333	149.52666666666667	151.32666666666665	152.92666666666668	153.30666666666667	154.59333333333333	155.74666666666667	156.28	157.37333333333333	157.73333333333332	159.1	159.6	159.94	160.96666666666667	161.21333333333334	161.92	162.51333333333332	163.4	163.40666666666667	163.77333333333334	163.6	163.9	163.72	164.19333333333333	164.58	165.02666666666667	165.40666666666667	165.31333333333333	165.14666666666668	164.99333333333334	164.72666666666666	164.53333333333333	164.46	163.92666666666668	163.75333333333333	163.66666666666666	162.92	163.1	162.96666666666667	161.91333333333333	162.16666666666666	161.5	161.24666666666667	160.65333333333334	159.93333333333334	158.98666666666668	158.12	156.83333333333334	155.94	154.52	153.63333333333333	152.95333333333335	150.98666666666668	149.64666666666668	147.80666666666667	145.81333333333333	143.66666666666666	141.17333333333335	138.46	133.82	128.80666666666667	121.77333333333333	108.76666666666667	0.0
0.0	108.18666666666667	121.16666666666667	128.06	133.31333333333333	137.08666666666667	140.94	143.45333333333335	145.88	147.47333333333333	149.47333333333333	150.74666666666667	152.22	153.57333333333332	154.83333333333334	155.76666666666668	157.4	158.3	159.05333333333334	159.60666666666665	160.15333333333334	160.91333333333333	161.38666666666666	161.52666666666667	162.21333333333334	163.28	163.60666666666665	163.92	164.15333333333334	164.39333333333335	165.00666666666666	164.86666666666667	165.17333333333335	164.91333333333333	165.29333333333332	165.2	165.28	165.29333333333332	164.7	165.5	164.96	164.56666666666666	164.41333333333333	164.38666666666666	164.15333333333334	163.77333333333334	163.91333333333333	164.12666666666667	162.88666666666666	162.54666666666665	161.67333333333335	161.16	160.18	159.66	158.35333333333332	157.53333333333333	156.68666666666667	155.26	153.95333333333335	153.00666666666666	151.86666666666667	150.56666666666666	149.08666666666667	147.72	145.55333333333334	143.65333333333334	141.20666666666668	137.8	133.96	128.38666666666666	120.77333333333333	108.22666666666667	0.0
0.0	108.78666666666666	121.14666666666666	128.48	134.31333333333333	137.88	141.01333333333332	144.28666666666666	145.66	147.72666666666666	149.72666666666666	151.12	152.87333333333333	154.19333333333333	154.67333333333335	156.02	156.83333333333334	158.09333333333333	159.08666666666667	160.11333333333334	160.37333333333333	161.08666666666667	162.48	162.88666666666666	162.94666666666666	163.35333333333332	163.64	164.12666666666667	164.16666666666666	163.92	164.58666666666667	165.24666666666667	165.30666666666667	165.53333333333333	165.78666666666666	165.38	164.92	165.34666666666666	165.08	165.56	165.12	164.86	164.82666666666665	164.59333333333333	164.1	164.15333333333334	163.55333333333334	163.33333333333334	162.65333333333334	162.0	161.42666666666668	160.89333333333335	160.17333333333335	159.14	158.86666666666667	157.93333333333334	157.37333333333333	155.89333333333335	155.12	154.09333333333333	152.78666666666666	151.27333333333334	149.73333333333332	148.04	146.14	143.8	141.07333333333332	137.48666666666668	133.5	128.83333333333334	120.96	108.51333333333334	0.0
0.0	108.98	120.86	128.80666666666667	134.49333333333334	137.53333333333333	141.03333333333333	143.92666666666668	146.04666666666665	148.16	149.64666666666668	150.89333333333335	152.39333333333335	154.46	155.17333333333335	156.40666666666667	157.20666666666668	157.9	159.16	159.58666666666667	160.06	160.47333333333333	161.06666666666666	161.56666666666666	161.83333333333334	162.28	162.86	163.0	163.06666666666666	163.36	164.18	164.40666666666667	164.38666666666666	164.67333333333335	164.70666666666668	165.07333333333332	164.83333333333334	164.37333333333333	164.72	164.59333333333333	164.47333333333333	164.29333333333332	164.28666666666666	163.96666666666667	163.48666666666668	163.28666666666666	162.20666666666668	161.82666666666665	161.58	161.02666666666667	161.28	160.25333333333333	160.07333333333332	159.24	158.80666666666667	157.79333333333332	156.84	155.68	154.45333333333335	153.3	152.34	151.36666666666667	149.32	147.80666666666667	145.42	143.22	141.05333333333334	137.31333333333333	133.56666666666666	128.28	120.58666666666667	108.46	0.0
0.0	108.14	120.80666666666667	128.24666666666667	133.53333333333333	137.63333333333333	140.90666666666667	143.90666666666667	146.18666666666667	148.54	150.75333333333333	152.29333333333332	153.14	154.09333333333333	154.83333333333334	156.14	157.33333333333334	158.0	159.56666666666666	160.15333333333334	160.86666666666667	160.83333333333334	160.96	162.3	162.63333333333333	162.86	162.27333333333334	163.10666666666665	164.36	164.21333333333334	164.22666666666666	164.64666666666668	164.49333333333334	164.36666666666667	164.82666666666665	164.81333333333333	164.78666666666666	164.61333333333334	164.01333333333332	163.9	164.02	163.94	163.94	163.84666666666666	163.52666666666667	162.76	162.98	163.17333333333335	162.54	162.0	161.64666666666668	161.28	160.77333333333334	159.46666666666667	159.34666666666666	157.80666666666667	156.79333333333332	156.5	155.57333333333332	154.16	153.26	151.35333333333332	149.52666666666667	147.98	145.96	144.11333333333334	141.6	137.54	133.78	128.90666666666667	121.36666666666666	108.8	0.0
0.0	109.24666666666667	121.82	128.68	134.06	138.58	141.64	144.5	147.74	149.39333333333335	150.95333333333335	152.4	154.00666666666666	154.8	156.27333333333334	157.39333333333335	158.30666666666667	159.48666666666668	160.21333333333334	160.59333333333333	160.6	161.40666666666667	161.78	162.68666666666667	163.38666666666666	163.60666666666665	163.86666666666667	164.2	164.25333333333333	164.57333333333332	164.58	165.21333333333334	165.38666666666666	165.45333333333335	165.82	165.49333333333334	165.05333333333334	165.44666666666666	165.21333333333334	165.24	165.1	165.17333333333335	164.44	164.45333333333335	164.50666666666666	164.66666666666666	163.64666666666668	163.49333333333334	163.46	162.08	161.48	160.88666666666666	160.16	158.79333333333332	158.50666666666666	157.80666666666667	156.9	156.42	155.46	154.44666666666666	152.91333333333333	151.67333333333335	150.42	147.87333333333333	146.58	143.66	141.45333333333335	137.96666666666667	134.03333333333333	128.89333333333335	121.72	108.94	0.0
0.0	108.94	121.42666666666666	129.46	133.76666666666668	137.87333333333333	140.27333333333334	143.34	146.22666666666666	148.33333333333334	149.92	151.82	153.13333333333333	153.73333333333332	154.54666666666665	156.16	157.2	158.24666666666667	159.22666666666666	159.80666666666667	160.92	161.36	162.03333333333333	162.49333333333334	163.13333333333333	163.28	164.12666666666667	164.54	164.42666666666668	164.59333333333333	164.98666666666668	165.22	165.14	165.30666666666667	165.29333333333332	165.22666666666666	165.41333333333333	165.22666666666666	165.02666666666667	164.68	164.78666666666666	164.55333333333334	164.86	165.05333333333334	164.85333333333332	163.93333333333334	163.21333333333334	163.42666666666668	162.88	162.56	162.38	161.84	161.38666666666666	160.81333333333333	159.83333333333334	159.02	157.68	156.66666666666666	155.76	154.20666666666668	153.42	151.64	150.16	148.55333333333334	146.33333333333334	144.49333333333334	141.20666666666668	137.84	134.26666666666668	129.19333333333333	121.20666666666666	108.78	0.0
0.0	108.63333333333334	121.48	128.6	134.02666666666667	137.89333333333335	141.00666666666666	143.80666666666667	146.83333333333334	149.08	150.64666666666668	151.94	152.85333333333332	154.42	155.60666666666665	156.7	157.54666666666665	158.56666666666666	159.22666666666666	159.51333333333332	160.36666666666667	160.50666666666666	161.18666666666667	161.78	162.04	162.70666666666668	163.54666666666665	163.47333333333333	163.96666666666667	164.74	164.1	164.96666666666667	165.34666666666666	165.32666666666665	165.16666666666666	165.19333333333333	165.05333333333334	164.87333333333333	164.90666666666667	165.15333333333334	165.7	164.56666666666666	164.74	164.42666666666668	164.1	164.19333333333333	163.55333333333334	163.3	162.48666666666668	161.84666666666666	162.01333333333332	161.07333333333332	161.15333333333334	160.11333333333334	158.91333333333333	158.23333333333332	157.30666666666667	156.50666666666666	155.64666666666668	154.54666666666665	153.23333333333332	151.95333333333335	150.52	148.53333333333333	146.91333333333333	144.27333333333334	141.37333333333333	138.3	134.12666666666667	129.08	121.04	108.64666666666666	0.0
0.0	108.84	121.32666666666667	129.06	133.93333333333334	137.34	140.66666666666666	143.66	145.84666666666666	147.57333333333332	149.26	150.90666666666667	152.40666666666667	153.85333333333332	155.17333333333335	156.28	157.15333333333334	158.40666666666667	158.99333333333334	160.24666666666667	160.81333333333333	161.41333333333333	161.62666666666667	161.92666666666668	162.72666666666666	163.06666666666666	163.21333333333334	164.06	164.23333333333332	164.76	165.12	164.8	164.46	164.78	164.52666666666667	164.7	164.72666666666666	164.89333333333335	164.43333333333334	164.76	164.02666666666667	164.05333333333334	163.94666666666666	164.19333333333333	164.01333333333332	164.06	163.5	162.56	161.94666666666666	161.18666666666667	161.32666666666665	161.13333333333333	160.38666666666666	159.62	159.53333333333333	158.72	157.78666666666666	156.52	155.8	154.63333333333333	152.68	151.88666666666666	151.10666666666665	148.46	146.02666666666667	144.04	141.37333333333333	138.60666666666665	134.01333333333332	129.16	121.58	108.78666666666666	0.0
0.0	108.64	121.56	128.28	133.56	137.13333333333333	140.46	143.13333333333333	145.26	147.71333333333334	149.37333333333333	150.9	152.14	153.39333333333335	154.51333333333332	155.61333333333334	156.80666666666667	157.02666666666667	158.08666666666667	158.83333333333334	159.59333333333333	159.92	160.48	160.83333333333334	160.88666666666666	161.24666666666667	161.18	161.61333333333334	162.3	161.79333333333332	162.41333333333333	162.55333333333334	162.83333333333334	162.8	162.58	163.08	163.15333333333334	162.97333333333333	163.09333333333333	163.04	163.02	162.64	162.65333333333334	162.38	162.44	162.17333333333335	162.22	161.52666666666667	160.94666666666666	161.09333333333333	160.40666666666667	159.55333333333334	160.09333333333333	159.26666666666668	157.87333333333333	157.8	156.56	155.75333333333333	154.64	153.68666666666667	151.80666666666667	150.61333333333334	149.53333333333333	147.94666666666666	146.18	143.94666666666666	141.27333333333334	138.08	133.96	128.49333333333334	121.16666666666667	108.66666666666667	0.0
0.0	108.66	120.85333333333334	128.7	133.72666666666666	137.54	141.56666666666666	144.01333333333332	146.13333333333333	148.02	150.08	151.48666666666668	152.81333333333333	154.56666666666666	155.39333333333335	155.68	156.91333333333333	157.52666666666667	159.38	159.26666666666668	160.11333333333334	160.74	162.2	162.04666666666665	162.73333333333332	163.0	163.74666666666667	163.68666666666667	164.18666666666667	164.44666666666666	164.3	164.98666666666668	164.75333333333333	165.08666666666667	165.46	164.95333333333335	164.84	165.28666666666666	164.92666666666668	165.22	164.90666666666667	164.89333333333335	165.0	164.70666666666668	164.16666666666666	163.77333333333334	164.00666666666666	163.48666666666668	163.14666666666668	162.39333333333335	162.30666666666667	161.31333333333333	160.98666666666668	160.48666666666668	159.83333333333334	159.18666666666667	158.29333333333332	157.18	156.54	154.60666666666665	153.91333333333333	152.16	150.23333333333332	148.46666666666667	146.02666666666667	144.61333333333334	141.21333333333334	137.98	133.92	128.38666666666666	121.48	108.49333333333334	0.0
0.0	108.36	120.75333333333333	128.18666666666667	133.10666666666665	136.68	140.68	142.94666666666666	145.23333333333332	147.74666666666667	149.47333333333333	151.00666666666666	152.52	153.91333333333333	154.68	155.71333333333334	156.91333333333333	157.58666666666667	158.76	159.39333333333335	160.38666666666666	161.17333333333335	161.58666666666667	161.96666666666667	162.41333333333333	162.84666666666666	163.09333333333333	163.31333333333333	163.14	164.00666666666666	164.02666666666667	164.08	164.61333333333334	164.52666666666667	164.24	164.01333333333332	164.18666666666667	164.81333333333333	164.7	164.76	164.14666666666668	164.33333333333334	163.55333333333334	163.82	163.84	163.32	163.14666666666668	162.83333333333334	162.51333333333332	162.44666666666666	161.0	160.67333333333335	160.26	159.43333333333334	159.12666666666667	158.8	157.44666666666666	156.37333333333333	155.34666666666666	153.40666666666667	152.76	150.97333333333333	149.5	148.28666666666666	145.97333333333333	143.37333333333333	140.74666666666667	137.16	133.65333333333334	128.59333333333333	121.40666666666667	108.52666666666667	0.0
0.0	108.69333333333333	121.32666666666667	128.74	133.79333333333332	137.74666666666667	140.69333333333333	143.18666666666667	145.28666666666666	148.07333333333332	149.05333333333334	150.98	152.42	153.98666666666668	155.34666666666666	155.8	156.88666666666666	158.28666666666666	158.77333333333334	159.4	159.66666666666666	160.33333333333334	160.83333333333334	161.08	161.72666666666666	162.64666666666668	163.54	163.94	164.29333333333332	163.99333333333334	164.26666666666668	164.82	165.2	164.88666666666666	164.62666666666667	164.54666666666665	164.81333333333333	164.82666666666665	165.22666666666666	165.77333333333334	164.71333333333334	164.35333333333332	164.15333333333334	163.71333333333334	163.91333333333333	163.21333333333334	163.6	163.12666666666667	162.44	161.78	161.55333333333334	160.84	160.52666666666667	159.73333333333332	158.35333333333332	157.36666666666667	156.65333333333334	155.54666666666665	154.98666666666668	153.92	152.48	151.22	149.37333333333333	147.92666666666668	146.18	143.82	140.42	137.63333333333333	133.6	128.08	120.98	108.55333333333333	0.0
0.0	108.79333333333334	121.24	129.3	134.45333333333335	138.58666666666667	141.76666666666668	144.45333333333335	146.6	148.77333333333334	150.21333333333334	151.73333333333332	152.99333333333334	154.83333333333334	155.68666666666667	157.28666666666666	157.86	158.63333333333333	159.02	159.79333333333332	161.11333333333334	161.84	162.59333333333333	162.74	163.25333333333333	163.75333333333333	164.43333333333334	164.56	164.34	164.31333333333333	164.76666666666668	164.38	164.43333333333334	164.58666666666667	164.70666666666668	164.64666666666668	165.05333333333334	165.01333333333332	164.98666666666668	165.36	164.79333333333332	165.1	164.6	164.51333333333332	164.7	164.58666666666667	163.86	163.9	163.68	162.66	161.90666666666667	160.82666666666665	160.50666666666666	160.29333333333332	159.28666666666666	158.36	157.48	157.02	155.54666666666665	153.92666666666668	152.72	151.5	149.52666666666667	148.64	146.48666666666668	144.54666666666665	141.81333333333333	138.25333333333333	134.0	128.34666666666666	121.1	108.22666666666667	0.0
0.0	108.44666666666667	121.02	128.13333333333333	133.56	137.43333333333334	141.18666666666667	143.35333333333332	145.66666666666666	147.82666666666665	149.63333333333333	151.34666666666666	152.64	154.39333333333335	155.32	156.57333333333332	157.68	158.30666666666667	159.04666666666665	159.79333333333332	160.22666666666666	161.18666666666667	161.78666666666666	162.19333333333333	162.80666666666667	162.96	163.89333333333335	163.82666666666665	164.01333333333332	164.25333333333333	164.36	164.12	164.54	164.74666666666667	165.47333333333333	165.2	165.19333333333333	165.28	165.08	164.54666666666665	164.96	164.54	164.9	164.57333333333332	163.81333333333333	163.62666666666667	163.32666666666665	162.94666666666666	162.67333333333335	162.23333333333332	161.47333333333333	161.07333333333332	160.28	160.00666666666666	158.95333333333335	158.16666666666666	157.43333333333334	155.8	154.82666666666665	153.68666666666667	152.33333333333334	150.92	149.56666666666666	147.3	145.52666666666667	144.04	140.96666666666667	138.07333333333332	133.68	128.50666666666666	121.62	108.73333333333333	0.0
0.0	109.12666666666667	120.94	128.7	133.78	138.18666666666667	141.26	144.0	146.45333333333335	148.91333333333333	150.23333333333332	151.95333333333335	152.98666666666668	154.36666666666667	155.44	156.68	157.84666666666666	158.48	159.23333333333332	159.97333333333333	160.52666666666667	161.2	161.88666666666666	162.10666666666665	162.26	162.80666666666667	162.81333333333333	163.32666666666665	164.16	164.54	164.53333333333333	164.98	165.38	165.5	165.92666666666668	165.92	165.74	165.49333333333334	165.18666666666667	165.45333333333335	165.10666666666665	164.90666666666667	164.66666666666666	164.63333333333333	163.97333333333333	163.66	163.76	162.90666666666667	162.76	162.42666666666668	162.28666666666666	161.93333333333334	160.58	160.54666666666665	159.74666666666667	159.26	157.59333333333333	156.78	155.48	154.30666666666667	153.08666666666667	151.66	150.54	148.55333333333334	146.71333333333334	144.61333333333334	141.51333333333332	137.84	134.41333333333333	129.24666666666667	121.54	108.59333333333333	0.0
0.0	107.89333333333333	121.02666666666667	128.58	134.28	138.09333333333333	141.63333333333333	143.88	146.68	148.22666666666666	149.74666666666667	151.74666666666667	153.11333333333334	153.79333333333332	155.90666666666667	156.8	157.48666666666668	158.64	159.2	159.98	160.92666666666668	161.33333333333334	161.64666666666668	162.99333333333334	162.49333333333334	163.06666666666666	163.40666666666667	163.90666666666667	163.98666666666668	164.44	164.19333333333333	164.78666666666666	164.64	164.53333333333333	164.63333333333333	164.11333333333334	164.41333333333333	164.53333333333333	164.3	164.06666666666666	164.73333333333332	164.71333333333334	163.7	163.92	163.18	163.68	163.54	162.90666666666667	162.39333333333335	161.75333333333333	161.66666666666666	161.40666666666667	160.83333333333334	159.97333333333333	158.9	158.65333333333334	157.38	156.22	155.06	153.72	152.88	151.46666666666667	150.04	147.68666666666667	146.0	143.85333333333332	140.87333333333333	137.69333333333333	134.09333333333333	128.52	121.10666666666667	107.60666666666667	0.0
0.0	108.9	120.99333333333334	127.88	133.28	137.67333333333335	141.28	143.83333333333334	145.47333333333333	147.84	149.47333333333333	150.91333333333333	152.61333333333334	153.59333333333333	154.58666666666667	155.52666666666667	156.33333333333334	157.19333333333333	158.36666666666667	158.42666666666668	159.13333333333333	160.26	161.16	161.80666666666667	162.07333333333332	162.00666666666666	162.73333333333332	163.00666666666666	163.26	163.64666666666668	163.9	164.37333333333333	164.22	164.84	164.68666666666667	164.73333333333332	164.86	165.32666666666665	165.14	164.64666666666668	163.7	164.36666666666667	164.14	163.12	163.04	162.52	162.34666666666666	161.66	161.28666666666666	161.46666666666667	160.84666666666666	160.11333333333334	159.43333333333334	158.28	157.67333333333335	157.35333333333332	156.3	155.11333333333334	154.47333333333333	153.90666666666667	152.9	151.34	149.54666666666665	147.62	145.70666666666668	143.52666666666667	140.82666666666665	137.52	133.44666666666666	128.47333333333333	121.15333333333334	109.09333333333333	0.0
0.0	108.23333333333333	121.17333333333333	128.23333333333332	133.79333333333332	137.64	140.65333333333334	143.2	144.9	147.58666666666667	148.86	150.28	152.30666666666667	153.50666666666666	155.08	155.55333333333334	156.66	157.89333333333335	158.43333333333334	159.68	160.53333333333333	160.90666666666667	162.04666666666665	162.45333333333335	162.66666666666666	163.29333333333332	163.24666666666667	163.51333333333332	164.04	164.51333333333332	164.27333333333334	164.47333333333333	165.13333333333333	164.91333333333333	165.16	164.89333333333335	164.13333333333333	164.32666666666665	164.39333333333335	164.17333333333335	163.72666666666666	164.12	164.42666666666668	163.42666666666668	163.45333333333335	162.92666666666668	162.14	161.82666666666665	161.49333333333334	161.33333333333334	160.87333333333333	160.54	159.65333333333334	158.82666666666665	158.36666666666667	157.8	157.17333333333335	155.82666666666665	154.86666666666667	153.64	152.73333333333332	151.28666666666666	149.36	147.64	145.58666666666667	143.73333333333332	141.02	137.41333333333333	133.62666666666667	128.54	121.07333333333334	108.30666666666667	0.0
0.0	108.8	121.25333333333333	128.82666666666665	133.66666666666666	138.34	141.19333333333333	144.24666666666667	145.70666666666668	148.22	149.91333333333333	152.02	152.92	154.18	155.44666666666666	156.59333333333333	157.15333333333334	158.32666666666665	159.73333333333332	160.73333333333332	161.12	162.08	162.18	162.92	163.18666666666667	163.7	164.0	164.44666666666666	164.69333333333333	165.09333333333333	164.63333333333333	165.07333333333332	164.44	164.73333333333332	164.86666666666667	164.80666666666667	164.48	164.87333333333333	165.23333333333332	165.16	164.59333333333333	164.68666666666667	164.62666666666667	164.14666666666668	163.82	163.30666666666667	163.40666666666667	162.96	162.21333333333334	161.58666666666667	160.97333333333333	160.49333333333334	159.58666666666667	159.06666666666666	159.01333333333332	158.27333333333334	157.33333333333334	156.48	155.31333333333333	154.08	153.48666666666668	151.46666666666667	150.02	148.22666666666666	146.36	144.46666666666667	141.59333333333333	138.34666666666666	134.08	128.52	121.51333333333334	109.28666666666666	0.0
0.0	108.18	121.12	128.34666666666666	133.40666666666667	137.58666666666667	140.25333333333333	142.97333333333333	145.38	147.62	149.56666666666666	150.60666666666665	152.32666666666665	153.14	154.30666666666667	156.2	156.70666666666668	157.35333333333332	158.16	158.88	159.30666666666667	159.2	160.24	160.66666666666666	161.38666666666666	161.9	161.70666666666668	162.46	162.12666666666667	163.22	162.92	164.27333333333334	164.44	164.25333333333333	164.32666666666665	164.29333333333332	163.90666666666667	164.47333333333333	164.24	164.09333333333333	163.52	163.79333333333332	163.64666666666668	163.28666666666666	163.25333333333333	163.12	163.14	161.90666666666667	161.85333333333332	161.40666666666667	160.82666666666665	159.90666666666667	159.54666666666665	159.41333333333333	158.44666666666666	157.98666666666668	156.90666666666667	155.63333333333333	154.58	153.12	152.20666666666668	150.53333333333333	149.38	147.56666666666666	145.18	142.96	140.81333333333333	138.35333333333332	133.52666666666667	128.62	121.26666666666667	108.24	0.0
0.0	109.06666666666666	121.5	128.76666666666668	134.10666666666665	138.08666666666667	141.01333333333332	143.65333333333334	146.14666666666668	148.44666666666666	150.38	152.22666666666666	152.95333333333335	154.54666666666665	156.07333333333332	156.72666666666666	157.79333333333332	159.11333333333334	159.56666666666666	160.26666666666668	160.92666666666668	161.68666666666667	161.76666666666668	162.48666666666668	162.83333333333334	163.43333333333334	163.6	163.76666666666668	163.3	163.78666666666666	163.94666666666666	164.29333333333332	164.90666666666667	164.86666666666667	165.22666666666666	165.03333333333333	165.12666666666667	165.02	164.57333333333332	164.88666666666666	164.55333333333334	164.28	164.21333333333334	164.46	164.31333333333333	163.86666666666667	163.46	163.21333333333334	162.52	162.53333333333333	161.42	161.09333333333333	160.66	159.46	159.54666666666665	158.70666666666668	157.76666666666668	156.78666666666666	155.39333333333335	154.43333333333334	152.6	151.86	150.54	148.43333333333334	146.44	144.03333333333333	141.64666666666668	138.07333333333332	133.83333333333334	129.04	121.47333333333333	109.2	0.0
0.0	108.28	120.81333333333333	128.52666666666667	133.96	138.13333333333333	140.94666666666666	143.19333333333333	146.12666666666667	147.88	150.53333333333333	151.65333333333334	153.34	154.4	155.7	156.6	157.75333333333333	158.64	159.20666666666668	160.18666666666667	161.16666666666666	161.93333333333334	162.40666666666667	162.85333333333332	162.56666666666666	163.42666666666668	163.0	163.69333333333333	163.71333333333334	164.18	163.96666666666667	164.32	164.47333333333333	164.22666666666666	164.61333333333334	164.55333333333334	164.94	164.46666666666667	164.54	164.27333333333334	164.05333333333334	163.78666666666666	163.95333333333335	164.29333333333332	163.46	163.05333333333334	162.56	162.36	161.85333333333332	161.9	161.4	160.6	160.39333333333335	159.94666666666666	159.22	158.23333333333332	157.05333333333334	156.02666666666667	154.7	154.01333333333332	151.86666666666667	150.22	149.11333333333334	147.33333333333334	145.24666666666667	143.3	141.06666666666666	137.2	133.33333333333334	128.37333333333333	120.64666666666666	108.78	0.0
0.0	108.53333333333333	121.10666666666667	128.24	133.6	137.30666666666667	140.4	143.12666666666667	145.68666666666667	147.16666666666666	148.54	150.33333333333334	152.06666666666666	153.06	153.70666666666668	155.15333333333334	156.17333333333335	156.68	157.96666666666667	158.49333333333334	159.24	159.62666666666667	160.43333333333334	160.94666666666666	161.55333333333334	161.71333333333334	161.96666666666667	162.50666666666666	162.77333333333334	163.19333333333333	163.81333333333333	164.32666666666665	164.07333333333332	164.42	164.34	164.21333333333334	163.7	163.99333333333334	164.15333333333334	163.5	163.54	162.90666666666667	163.59333333333333	163.21333333333334	162.75333333333333	162.94	162.14666666666668	161.84666666666666	161.43333333333334	160.71333333333334	160.40666666666667	159.53333333333333	158.96666666666667	158.18666666666667	158.00666666666666	157.36666666666667	156.04666666666665	155.06666666666666	154.16666666666666	153.12	152.06666666666666	150.48	148.73333333333332	147.36	145.11333333333334	143.25333333333333	140.50666666666666	137.85333333333332	133.33333333333334	128.28	120.82666666666667	108.58666666666667	0.0
0.0	108.18666666666667	121.13333333333334	128.86	133.79333333333332	137.94	141.17333333333335	144.33333333333334	146.6	148.08666666666667	149.62	151.37333333333333	152.84666666666666	154.48666666666668	155.96666666666667	157.02	157.90666666666667	158.40666666666667	159.66666666666666	159.74666666666667	160.38	160.99333333333334	161.74666666666667	162.69333333333333	163.20666666666668	163.03333333333333	163.80666666666667	164.49333333333334	165.02666666666667	165.01333333333332	164.96666666666667	165.76666666666668	165.26	165.49333333333334	165.86666666666667	166.0	166.32666666666665	165.94	165.46	164.91333333333333	165.32666666666665	165.42	164.71333333333334	164.26666666666668	163.98	163.61333333333334	163.60666666666665	163.35333333333332	162.91333333333333	162.70666666666668	161.95333333333335	160.75333333333333	160.50666666666666	159.62666666666667	158.95333333333335	158.48666666666668	157.56	156.38	155.17333333333335	154.28666666666666	152.94	151.6	149.7	148.04666666666665	146.16666666666666	144.01333333333332	141.18	137.70666666666668	133.98666666666668	128.69333333333333	121.18	108.37333333333333	0.0
0.0	108.92666666666666	121.3	128.35333333333332	134.51333333333332	137.82666666666665	141.13333333333333	144.21333333333334	146.34666666666666	148.40666666666667	150.14	151.96	153.28	154.03333333333333	154.92666666666668	155.75333333333333	157.06	157.51333333333332	158.31333333333333	158.84	159.59333333333333	160.66666666666666	161.49333333333334	161.94666666666666	162.84666666666666	162.83333333333334	163.68	163.78	164.04666666666665	164.71333333333334	164.82666666666665	164.9	165.34666666666666	165.28666666666666	165.72	165.64666666666668	165.15333333333334	165.06	164.49333333333334	165.22	164.86	164.9	165.16	164.58	163.96	163.84	163.53333333333333	162.88	162.49333333333334	161.92666666666668	161.72	162.25333333333333	160.92	159.9	159.26666666666668	158.63333333333333	158.16	156.84666666666666	155.65333333333334	154.51333333333332	153.52666666666667	151.42666666666668	150.11333333333334	147.88666666666666	145.75333333333333	144.12	141.36666666666667	137.51333333333332	133.48666666666668	127.95333333333333	121.15333333333334	108.45333333333333	0.0
0.0	108.64666666666666	121.12666666666667	128.7	133.46666666666667	137.36666666666667	140.7	143.59333333333333	145.97333333333333	148.12666666666667	149.67333333333335	151.18	152.13333333333333	153.56666666666666	154.70666666666668	155.46666666666667	156.34	157.34	158.36666666666667	159.30666666666667	159.69333333333333	160.09333333333333	159.96	160.81333333333333	161.14666666666668	161.4	161.68	161.88	162.4	162.95333333333335	162.80666666666667	163.34	163.16	163.32	162.71333333333334	163.49333333333334	163.18	162.82	163.48	163.6	162.97333333333333	162.93333333333334	162.35333333333332	162.06666666666666	162.02666666666667	162.2	161.44666666666666	161.27333333333334	161.1	160.76	160.46666666666667	159.50666666666666	159.31333333333333	158.83333333333334	157.96666666666667	156.99333333333334	156.12	155.92666666666668	154.51333333333332	153.64666666666668	152.03333333333333	150.67333333333335	149.27333333333334	147.50666666666666	145.30666666666667	142.98666666666668	140.26666666666668	137.36666666666667	133.30666666666667	128.20666666666668	121.08666666666667	108.87333333333333	0.0
0.0	108.83333333333333	121.83333333333333	129.26	134.8	138.7	141.34666666666666	144.12666666666667	146.44666666666666	148.45333333333335	149.99333333333334	151.77333333333334	153.06666666666666	154.32	155.46666666666667	156.79333333333332	157.66666666666666	158.0	158.7	159.48	161.13333333333333	161.58	162.28	162.66	163.10666666666665	163.47333333333333	164.20666666666668	164.42	164.79333333333332	164.98666666666668	164.58	165.42	164.70666666666668	165.83333333333334	165.69333333333333	165.84666666666666	165.98666666666668	165.73333333333332	165.98666666666668	166.56	166.26	165.68	165.49333333333334	165.23333333333332	165.08666666666667	164.38	164.19333333333333	163.28666666666666	163.19333333333333	162.25333333333333	162.42	161.82	161.32	160.6	160.00666666666666	159.24666666666667	158.72666666666666	157.58	156.17333333333335	154.91333333333333	153.52	152.04666666666665	149.96	148.26666666666668	146.37333333333333	143.92	141.67333333333335	138.24666666666667	133.96	128.63333333333333	121.25333333333333	108.60666666666667	0.0
0.0	108.30666666666667	121.52666666666667	128.91333333333333	134.30666666666667	138.14	141.11333333333334	144.06	146.16	147.86666666666667	149.48666666666668	150.98666666666668	152.36	153.70666666666668	154.74666666666667	155.59333333333333	156.83333333333334	157.68666666666667	158.44	159.47333333333333	160.68	161.18	161.62666666666667	162.30666666666667	162.65333333333334	163.56	163.97333333333333	163.62666666666667	164.54	164.8	164.74	165.1	164.68666666666667	165.66666666666666	165.95333333333335	165.59333333333333	165.19333333333333	164.84	164.7	165.36	164.91333333333333	165.09333333333333	164.62	164.91333333333333	164.69333333333333	164.68	164.25333333333333	163.89333333333335	163.48666666666668	162.62	162.28666666666666	161.58666666666667	160.93333333333334	160.57333333333332	159.77333333333334	158.67333333333335	157.89333333333335	157.24	156.25333333333333	155.24666666666667	154.14	152.48	150.53333333333333	149.6	146.68666666666667	144.26	141.95333333333335	138.82	133.97333333333333	129.17333333333335	121.49333333333334	108.76	0.0
0.0	108.60666666666667	121.14666666666666	128.68	134.14	137.62	140.62	143.29333333333332	145.62	147.44666666666666	149.14	151.02666666666667	152.30666666666667	152.95333333333335	154.26	155.82666666666665	156.37333333333333	157.23333333333332	158.57333333333332	159.26	160.43333333333334	160.39333333333335	161.33333333333334	162.0	162.51333333333332	162.86	163.05333333333334	163.32	163.68	164.2	164.34	164.66	164.9	164.74666666666667	164.29333333333332	164.97333333333333	164.82	164.64	164.09333333333333	163.96666666666667	164.06666666666666	164.02	163.89333333333335	163.35333333333332	163.24	163.14	162.32	162.31333333333333	161.82	161.42666666666668	161.26	160.65333333333334	160.14666666666668	159.35333333333332	158.92666666666668	157.97333333333333	157.14	156.07333333333332	155.08666666666667	154.05333333333334	152.22	150.66666666666666	149.46	147.85333333333332	145.98	143.36	140.83333333333334	137.57333333333332	133.86666666666667	128.74	121.11333333333333	108.07333333333334	0.0
0.0	108.80666666666667	121.71333333333334	129.08666666666667	134.30666666666667	138.05333333333334	141.39333333333335	143.9	146.06666666666666	148.28	149.74666666666667	151.50666666666666	153.41333333333333	155.20666666666668	155.49333333333334	156.46	157.08666666666667	158.3	158.96	159.90666666666667	160.3	160.88	160.79333333333332	161.28666666666666	162.21333333333334	162.23333333333332	162.98	163.1	163.19333333333333	163.33333333333334	163.80666666666667	163.89333333333335	164.22666666666666	164.32666666666665	164.34	164.78	164.44666666666666	164.71333333333334	165.03333333333333	165.26	164.88666666666666	164.48	164.81333333333333	164.18666666666667	164.43333333333334	163.90666666666667	163.6	162.56	162.04666666666665	161.86	160.72666666666666	160.62	159.33333333333334	158.58666666666667	158.34	157.12	156.66666666666666	155.56666666666666	155.12	153.84666666666666	152.87333333333333	151.30666666666667	150.03333333333333	148.17333333333335	146.5	144.19333333333333	141.32666666666665	138.02	134.29333333333332	128.54666666666665	120.94	108.30666666666667	0.0
0.0	108.05333333333333	121.1	128.38666666666666	133.9	138.02	140.72666666666666	143.86	145.93333333333334	147.40666666666667	149.34666666666666	150.54	151.88	153.09333333333333	154.35333333333332	155.6	156.58	157.79333333333332	158.34666666666666	159.04	159.60666666666665	160.54	160.95333333333335	162.09333333333333	162.46666666666667	162.9	163.23333333333332	163.66	163.46	163.65333333333334	163.64666666666668	163.86666666666667	163.88666666666666	163.85333333333332	164.47333333333333	164.84	163.68666666666667	164.4	164.32	164.63333333333333	164.43333333333334	164.47333333333333	164.35333333333332	163.54	163.10666666666665	163.12	163.14	162.69333333333333	162.14666666666668	161.68666666666667	161.13333333333333	160.79333333333332	159.98	159.42666666666668	158.57333333333332	158.04	157.06	156.60666666666665	155.15333333333334	154.03333333333333	152.70666666666668	151.68	150.0	148.2	146.22666666666666	144.06	140.92	137.55333333333334	133.92	128.68	120.88	108.23333333333333	0.0
0.0	108.84666666666666	121.28666666666666	128.97333333333333	134.08666666666667	137.99333333333334	141.25333333333333	143.77333333333334	145.42666666666668	148.02	150.16	151.00666666666666	152.88666666666666	154.12	155.34666666666666	156.64	157.26	157.56	159.04666666666665	159.36666666666667	160.13333333333333	160.04	160.66	161.50666666666666	162.05333333333334	162.75333333333333	163.12	163.72	163.79333333333332	164.0	163.79333333333332	164.08666666666667	164.60666666666665	164.64666666666668	164.37333333333333	164.75333333333333	165.04666666666665	164.94666666666666	164.88666666666666	165.48	164.98666666666668	164.90666666666667	164.38666666666666	164.56666666666666	163.69333333333333	163.23333333333332	163.16666666666666	162.57333333333332	162.3	162.1	161.26666666666668	161.03333333333333	160.2	159.44	158.46	158.04	157.06666666666666	155.78666666666666	154.84666666666666	153.90666666666667	152.28	150.82666666666665	149.35333333333332	147.48	145.66	143.58	141.28666666666666	137.94	134.14	128.88	121.26666666666667	108.41333333333333	0.0
0.0	108.69333333333333	121.14666666666666	128.64	134.07333333333332	138.22	141.30666666666667	144.08	146.38	147.99333333333334	149.98	151.98666666666668	153.32666666666665	154.24	154.74	156.06666666666666	156.82666666666665	157.91333333333333	158.5	159.26	159.68666666666667	160.54	161.16	161.78666666666666	162.24	162.38	162.85333333333332	162.88	163.74	164.04	163.88	164.03333333333333	164.78	164.74666666666667	164.50666666666666	164.35333333333332	164.17333333333335	164.55333333333334	164.75333333333333	164.15333333333334	164.22	164.32	163.76666666666668	163.59333333333333	163.55333333333334	163.74	163.02	162.86	162.50666666666666	162.12666666666667	161.10666666666665	160.71333333333334	159.79333333333332	158.82	158.12	157.22666666666666	156.08	155.68	154.62	153.74	152.81333333333333	151.26	150.33333333333334	148.41333333333333	146.44	144.29333333333332	141.06666666666666	137.70666666666668	133.67333333333335	128.44666666666666	121.17333333333333	109.06	0.0
0.0	109.2	121.60666666666667	128.84	133.76666666666668	137.80666666666667	141.28666666666666	144.23333333333332	146.48666666666668	148.80666666666667	150.37333333333333	151.81333333333333	153.1	154.50666666666666	155.19333333333333	156.26666666666668	157.56	158.28666666666666	159.19333333333333	160.23333333333332	160.93333333333334	161.27333333333334	162.06666666666666	162.76	163.32666666666665	163.68	163.98666666666668	164.06	164.08666666666667	164.2	164.47333333333333	164.81333333333333	165.12666666666667	165.64666666666668	165.05333333333334	164.92	164.93333333333334	164.85333333333332	164.36666666666667	164.38	164.38	164.44666666666666	163.87333333333333	163.64	163.74666666666667	162.76	162.76666666666668	162.84666666666666	162.18666666666667	162.38	161.51333333333332	160.81333333333333	160.13333333333333	159.86	158.56666666666666	157.91333333333333	156.66	156.44666666666666	155.0	153.9	152.3	151.69333333333333	150.42	148.51333333333332	146.37333333333333	144.44	141.11333333333334	138.5	134.37333333333333	129.14	121.08666666666667	108.5	0.0
0.0	109.12	121.94666666666667	129.74666666666667	135.10666666666665	139.00666666666666	142.30666666666667	144.69333333333333	147.12	148.80666666666667	150.72666666666666	152.18	153.74	154.73333333333332	155.75333333333333	156.75333333333333	158.10666666666665	158.67333333333335	159.31333333333333	160.14	160.65333333333334	161.34666666666666	161.41333333333333	161.84	162.41333333333333	162.67333333333335	163.12	163.16	163.41333333333333	164.06	164.48666666666668	164.20666666666668	164.56666666666666	164.96666666666667	164.58666666666667	164.86666666666667	164.89333333333335	164.52	164.36	164.74666666666667	164.74666666666667	164.46	164.01333333333332	163.90666666666667	164.02	164.02	163.42666666666668	162.91333333333333	162.78666666666666	162.64	161.89333333333335	161.26666666666668	160.78	159.82	158.94	158.52666666666667	158.16666666666666	156.76	155.31333333333333	154.64666666666668	153.36666666666667	151.32	149.68	147.80666666666667	146.04	144.13333333333333	141.26	138.10666666666665	134.2	128.90666666666667	121.39333333333333	108.69333333333333	0.0
0.0	108.86666666666666	121.49333333333334	129.06	133.97333333333333	137.92666666666668	141.77333333333334	143.98	146.42666666666668	148.57333333333332	150.26666666666668	151.99333333333334	153.24	154.44666666666666	155.56	156.75333333333333	157.32666666666665	158.04666666666665	158.53333333333333	159.32	159.96	160.36666666666667	161.30666666666667	162.03333333333333	162.37333333333333	162.4	163.07333333333332	163.74666666666667	164.32	164.28	164.63333333333333	164.76666666666668	164.92666666666668	164.96666666666667	165.36666666666667	165.16	165.16	164.50666666666666	164.90666666666667	164.57333333333332	164.84	165.04	164.09333333333333	164.17333333333335	163.83333333333334	163.74	163.42	162.92	162.56	161.81333333333333	161.65333333333334	160.96666666666667	160.00666666666666	159.55333333333334	158.50666666666666	157.66666666666666	156.44666666666666	155.84	154.5	153.73333333333332	153.11333333333334	151.14666666666668	150.07333333333332	148.88	145.99333333333334	143.36	140.44	137.46	133.58	128.37333333333333	121.23333333333333	108.46666666666667	0.0
0.0	108.57333333333334	120.58	128.98666666666668	133.89333333333335	137.9	141.48	143.81333333333333	146.07333333333332	148.17333333333335	150.71333333333334	151.85333333333332	153.34	154.48666666666668	155.79333333333332	156.74	157.72	158.80666666666667	159.52	159.59333333333333	160.2	161.42	162.4	162.48	163.17333333333335	163.51333333333332	163.56666666666666	164.26	164.60666666666665	164.6	165.04666666666665	165.21333333333334	165.56	165.56666666666666	165.34	165.23333333333332	164.6	164.8	164.66666666666666	164.37333333333333	164.30666666666667	164.35333333333332	164.00666666666666	163.78	164.05333333333334	163.55333333333334	163.44666666666666	162.67333333333335	162.33333333333334	161.88	161.32	160.66	160.14	159.31333333333333	158.61333333333334	157.58666666666667	157.18666666666667	156.4	154.64666666666668	153.58	152.18	150.94	149.4	147.73333333333332	145.85333333333332	143.14	140.55333333333334	137.54	133.33333333333334	128.37333333333333	121.16666666666667	108.69333333333333	0.0
0.0	108.26666666666667	121.22	128.56666666666666	133.26	137.18	140.4	143.26666666666668	145.58666666666667	147.56	149.14666666666668	150.82	152.19333333333333	154.15333333333334	155.04666666666665	156.1	156.80666666666667	157.86	158.4	158.33333333333334	159.6	160.48666666666668	161.48666666666668	162.11333333333334	162.26666666666668	162.79333333333332	163.08	163.25333333333333	163.5	164.54	164.17333333333335	164.35333333333332	164.77333333333334	164.28	164.72666666666666	164.3	164.77333333333334	164.88666666666666	164.63333333333333	164.24666666666667	163.63333333333333	163.9	163.36	164.00666666666666	163.59333333333333	163.18666666666667	162.68666666666667	162.72666666666666	162.30666666666667	161.54666666666665	161.1	160.49333333333334	159.38666666666666	159.00666666666666	158.43333333333334	157.5	156.24	155.26666666666668	154.54666666666665	154.16	151.94	150.58666666666667	149.67333333333335	147.78	146.16	143.66	140.96666666666667	137.3	133.6	128.4	120.92666666666666	108.51333333333334	0.0
0.0	108.66666666666667	121.54666666666667	128.81333333333333	133.92666666666668	137.98666666666668	141.58	144.41333333333333	146.8	148.51333333333332	149.93333333333334	150.9	153.37333333333333	154.64666666666668	155.63333333333333	156.18	157.56666666666666	158.23333333333332	159.48666666666668	160.66	160.76	161.45333333333335	162.08666666666667	162.27333333333334	162.77333333333334	163.97333333333333	163.84	164.03333333333333	164.8	165.07333333333332	164.67333333333335	164.82666666666665	164.52666666666667	164.76666666666668	165.23333333333332	165.66666666666666	165.0	164.87333333333333	164.04666666666665	164.36666666666667	164.58666666666667	164.50666666666666	164.12	164.39333333333335	164.26	163.88666666666666	163.30666666666667	162.72	162.48	162.14666666666668	161.50666666666666	161.14	159.87333333333333	159.19333333333333	158.78	158.14	157.61333333333334	156.76666666666668	154.96666666666667	153.93333333333334	152.66	150.94	149.54666666666665	147.94	146.18	144.05333333333334	141.03333333333333	138.23333333333332	133.93333333333334	128.98	121.14666666666666	108.68	0.0
0.0	108.46666666666667	120.86	128.74	133.77333333333334	137.46	140.54666666666665	143.90666666666667	145.66	148.09333333333333	150.04	151.67333333333335	153.08	153.67333333333335	155.01333333333332	156.47333333333333	156.71333333333334	157.28666666666666	158.22	159.36	160.02	160.60666666666665	161.17333333333335	161.28666666666666	161.78	162.29333333333332	162.97333333333333	162.86	163.84	164.48666666666668	164.30666666666667	164.99333333333334	164.86666666666667	164.92666666666668	164.89333333333335	165.03333333333333	164.85333333333332	165.24	164.94666666666666	164.30666666666667	164.66666666666666	164.42666666666668	163.94666666666666	164.00666666666666	163.36666666666667	163.16666666666666	163.54666666666665	162.47333333333333	162.50666666666666	161.48	160.52666666666667	160.18666666666667	159.74666666666667	158.90666666666667	158.49333333333334	157.98	156.9	156.27333333333334	155.29333333333332	154.26	152.82	150.94666666666666	149.09333333333333	147.66666666666666	146.12	143.74	140.92666666666668	138.06666666666666	133.94666666666666	128.58	121.29333333333334	108.43333333333334	0.0
0.0	108.09333333333333	120.52	128.03333333333333	132.92666666666668	136.5	139.9	142.54	144.97333333333333	147.02666666666667	149.44666666666666	151.13333333333333	152.5	153.82	154.22	155.17333333333335	155.56666666666666	157.49333333333334	157.91333333333333	158.75333333333333	159.21333333333334	160.14	160.67333333333335	161.3	161.40666666666667	161.62	162.62	162.96	163.37333333333333	162.88666666666666	163.87333333333333	163.7	163.82666666666665	163.55333333333334	164.06666666666666	163.54	164.24666666666667	164.24666666666667	164.36666666666667	163.77333333333334	163.88	163.61333333333334	163.73333333333332	163.38666666666666	163.1	162.7	162.12666666666667	162.16666666666666	161.75333333333333	161.18	161.03333333333333	160.26666666666668	159.64	159.18	158.32	157.44	156.41333333333333	155.04666666666665	154.74666666666667	153.41333333333333	151.94	150.93333333333334	149.46	147.84	146.14	143.79333333333332	141.00666666666666	137.44	133.17333333333335	128.41333333333333	121.14	108.17333333333333	0.0
0.0	108.68666666666667	121.46	129.09333333333333	134.1	137.99333333333334	141.21333333333334	143.77333333333334	146.06	147.76666666666668	149.88	151.06666666666666	152.82666666666665	153.98	155.54	156.31333333333333	157.48	158.13333333333333	158.65333333333334	159.93333333333334	160.84666666666666	160.81333333333333	161.44	162.15333333333334	162.32666666666665	162.89333333333335	163.06666666666666	163.14666666666668	163.72666666666666	164.02	164.07333333333332	164.24666666666667	164.29333333333332	164.69333333333333	164.58666666666667	164.19333333333333	164.59333333333333	164.21333333333334	164.02	164.63333333333333	164.79333333333332	164.06666666666666	163.71333333333334	164.02	163.92666666666668	163.75333333333333	163.4	162.90666666666667	162.56	162.03333333333333	161.40666666666667	160.71333333333334	160.50666666666666	160.13333333333333	159.44666666666666	158.50666666666666	157.48666666666668	157.11333333333334	155.59333333333333	154.73333333333332	153.68666666666667	151.52666666666667	149.91333333333333	147.98666666666668	145.85333333333332	143.67333333333335	141.36	138.00666666666666	134.16	128.7	121.24666666666667	108.53333333333333	0.0
0.0	108.81333333333333	121.72666666666667	129.22666666666666	134.34	137.90666666666667	141.12	143.95333333333335	146.04	147.64	149.87333333333333	151.36	153.32666666666665	154.77333333333334	155.77333333333334	157.38	157.95333333333335	159.76666666666668	160.21333333333334	160.90666666666667	161.60666666666665	162.27333333333334	162.46	162.87333333333333	163.29333333333332	163.47333333333333	163.87333333333333	164.85333333333332	164.56	165.14	164.94	165.54666666666665	165.02	165.02666666666667	164.83333333333334	165.18	165.20666666666668	164.84	164.41333333333333	163.75333333333333	163.82666666666665	163.61333333333334	164.28	163.08666666666667	163.4	163.34666666666666	163.01333333333332	162.27333333333334	162.19333333333333	161.46	161.05333333333334	160.46	159.87333333333333	159.77333333333334	159.16	158.63333333333333	157.18	156.5	154.9	154.25333333333333	152.90666666666667	151.63333333333333	150.07333333333332	148.10666666666665	146.37333333333333	143.66666666666666	141.26	138.06666666666666	134.42666666666668	128.77333333333334	121.29333333333334	108.96666666666667	0.0
0.0	108.29333333333334	121.18666666666667	128.38666666666666	133.02	136.94	140.52666666666667	143.14666666666668	145.54666666666665	147.38	149.47333333333333	150.92	152.36666666666667	153.41333333333333	154.32666666666665	155.21333333333334	156.04	157.09333333333333	158.02666666666667	158.61333333333334	159.41333333333333	159.88666666666666	160.62666666666667	161.18666666666667	161.64666666666668	162.03333333333333	162.7	162.78666666666666	162.8	162.99333333333334	163.18666666666667	163.0	163.81333333333333	163.66	164.01333333333332	164.28666666666666	163.69333333333333	164.55333333333334	164.22	163.61333333333334	163.83333333333334	163.25333333333333	163.41333333333333	163.46	163.62	163.33333333333334	162.49333333333334	162.42666666666668	162.21333333333334	161.82666666666665	161.12	160.74666666666667	160.02	159.67333333333335	158.84	157.85333333333332	157.44	156.09333333333333	155.18666666666667	153.52666666666667	152.42	150.98666666666668	149.08	147.40666666666667	145.5	143.70666666666668	140.80666666666667	137.27333333333334	133.53333333333333	129.0	121.07333333333334	108.62	0.0
0.0	108.86	121.22	128.6	133.68666666666667	137.72666666666666	140.86666666666667	143.14666666666668	145.69333333333333	147.72666666666666	149.54666666666665	151.24666666666667	152.59333333333333	154.04	154.92	156.36666666666667	157.49333333333334	158.41333333333333	158.78666666666666	159.83333333333334	160.48666666666668	160.88666666666666	161.68	162.39333333333335	162.26666666666668	163.18666666666667	163.16	163.38666666666666	163.36	163.91333333333333	163.90666666666667	164.02666666666667	164.86	164.90666666666667	165.08666666666667	165.33333333333334	165.52	165.4	165.00666666666666	164.63333333333333	164.41333333333333	164.07333333333332	163.6	163.00666666666666	163.25333333333333	162.79333333333332	162.52666666666667	162.09333333333333	161.48	160.66	160.49333333333334	159.75333333333333	159.16	158.43333333333334	158.24	157.50666666666666	156.76666666666668	155.88	154.79333333333332	153.32	152.1	150.68	149.45333333333335	148.00666666666666	145.72666666666666	143.55333333333334	140.71333333333334	137.58666666666667	133.27333333333334	128.48666666666668	121.31333333333333	108.05333333333333	0.0
0.0	108.62666666666667	121.84	129.07333333333332	133.88	138.01333333333332	140.91333333333333	143.61333333333334	145.56	147.88	150.16666666666666	151.01333333333332	152.96666666666667	154.23333333333332	154.82	156.27333333333334	156.51333333333332	157.54666666666665	158.94666666666666	159.27333333333334	160.31333333333333	160.6	161.3	161.68666666666667	162.03333333333333	162.28	162.56666666666666	162.86666666666667	163.21333333333334	163.00666666666666	163.44	164.20666666666668	163.82	164.24	163.98666666666668	164.34	164.26666666666668	164.18	164.27333333333334	164.44666666666666	164.55333333333334	164.74	164.05333333333334	163.81333333333333	163.5	163.29333333333332	162.86	162.11333333333334	161.96	161.87333333333333	161.25333333333333	160.86	160.10666666666665	159.86666666666667	159.22666666666666	158.09333333333333	157.07333333333332	156.38666666666666	155.46	153.96	152.98	151.13333333333333	149.44	147.54666666666665	145.62	143.54	141.43333333333334	137.74	133.26	128.46666666666667	120.96666666666667	108.56	0.0
0.0	108.66666666666667	121.36	128.7	133.68	137.46666666666667	141.1	143.25333333333333	145.34	146.88	149.52666666666667	151.36	152.44666666666666	153.63333333333333	154.79333333333332	155.89333333333335	157.15333333333334	158.03333333333333	158.58666666666667	159.34666666666666	160.41333333333333	160.69333333333333	161.49333333333334	161.58	161.91333333333333	162.38666666666666	162.74666666666667	163.36666666666667	163.12666666666667	163.75333333333333	163.81333333333333	163.64666666666668	163.89333333333335	163.97333333333333	164.38666666666666	164.00666666666666	164.28666666666666	163.68666666666667	164.48	163.88	163.73333333333332	163.7	163.62	163.64666666666668	163.11333333333334	162.9	162.52666666666667	162.44666666666666	162.72	162.22	161.24666666666667	160.92	159.86666666666667	159.48666666666668	158.56	157.49333333333334	156.4	155.32	154.26666666666668	153.55333333333334	152.26666666666668	150.76666666666668	149.56	148.01333333333332	146.0	143.72	140.96	137.72	133.61333333333334	128.41333333333333	121.36	108.68666666666667	0.0
0.0	108.92666666666666	121.38	128.64666666666668	133.83333333333334	137.88666666666666	141.06	143.96	146.53333333333333	148.38666666666666	150.05333333333334	151.30666666666667	152.66	153.36666666666667	154.63333333333333	156.12	156.58	157.58	158.26	159.2	160.08666666666667	160.61333333333334	161.33333333333334	161.12666666666667	162.19333333333333	162.62666666666667	163.26666666666668	163.78666666666666	164.43333333333334	163.94666666666666	164.76	165.42	165.03333333333333	165.32	165.01333333333332	164.86666666666667	165.35333333333332	164.44	163.93333333333334	164.06	163.98	163.55333333333334	163.44666666666666	163.82666666666665	163.81333333333333	163.54	163.11333333333334	162.94666666666666	162.14	162.01333333333332	160.82666666666665	159.8	159.38	159.42666666666668	158.94666666666666	157.74	157.64666666666668	156.54	155.22666666666666	154.57333333333332	153.14666666666668	151.76	149.63333333333333	147.87333333333333	145.66	144.00666666666666	140.44	137.58666666666667	133.28	128.05333333333334	120.96666666666667	108.17333333333333	0.0
0.0	108.58	121.42	128.89333333333335	134.34	137.9	140.95333333333335	143.51333333333332	146.60666666666665	148.53333333333333	150.32666666666665	152.03333333333333	153.15333333333334	154.40666666666667	155.95333333333335	156.60666666666665	157.5	158.20666666666668	159.4	159.78	160.52	161.01333333333332	161.73333333333332	162.06	161.81333333333333	162.53333333333333	162.67333333333335	162.63333333333333	164.09333333333333	163.37333333333333	164.15333333333334	163.96	164.45333333333335	164.90666666666667	164.47333333333333	164.66	164.9	164.92666666666668	164.47333333333333	164.53333333333333	164.4	164.01333333333332	163.76	163.6	163.26	162.57333333333332	162.22	161.74666666666667	161.64666666666668	161.24	161.16	160.26666666666668	159.76666666666668	159.48	158.70666666666668	157.95333333333335	157.0	156.06666666666666	154.98666666666668	153.79333333333332	151.82	151.02666666666667	149.1	147.18	145.17333333333335	142.91333333333333	141.10666666666665	137.55333333333334	133.66666666666666	128.1	121.51333333333334	108.63333333333334	0.0
0.0	108.28666666666666	121.02	128.80666666666667	133.48	138.05333333333334	140.57333333333332	143.90666666666667	146.41333333333333	148.16	150.16	151.38	153.08666666666667	154.53333333333333	155.32666666666665	156.22	157.22	157.98	158.44	159.6	159.84	160.67333333333335	161.03333333333333	162.22666666666666	162.96	162.72	163.8	163.99333333333334	164.31333333333333	164.76	164.90666666666667	164.96666666666667	164.69333333333333	165.21333333333334	165.49333333333334	165.28666666666666	165.07333333333332	165.51333333333332	165.14666666666668	165.66	165.55333333333334	165.22666666666666	164.65333333333334	164.14	164.18666666666667	163.3	163.12	163.21333333333334	162.72	162.02666666666667	161.06	160.79333333333332	160.77333333333334	159.57333333333332	158.78	157.57333333333332	157.20666666666668	155.84	154.94666666666666	154.22666666666666	152.99333333333334	151.18	149.71333333333334	147.72666666666666	145.49333333333334	143.40666666666667	140.65333333333334	137.46666666666667	133.54	127.86666666666666	121.08666666666667	108.76666666666667	0.0
0.0	108.61333333333333	120.74	127.84666666666666	133.62666666666667	137.69333333333333	141.27333333333334	143.67333333333335	145.39333333333335	147.23333333333332	149.02	150.70666666666668	152.22	153.07333333333332	154.06666666666666	154.71333333333334	155.59333333333333	156.92	158.15333333333334	158.36666666666667	159.20666666666668	159.28666666666666	160.21333333333334	161.32666666666665	161.75333333333333	162.48	162.56	162.76	163.30666666666667	163.47333333333333	163.24666666666667	163.89333333333335	163.4	163.98666666666668	163.74666666666667	164.30666666666667	163.86	164.34666666666666	163.79333333333332	164.38	163.88	163.84666666666666	163.52666666666667	163.33333333333334	162.62	162.57333333333332	162.22666666666666	161.95333333333335	162.02666666666667	161.08	160.90666666666667	160.12	159.08666666666667	158.27333333333334	157.59333333333333	156.3	156.22	155.38	154.37333333333333	152.71333333333334	151.52	150.63333333333333	149.30666666666667	147.12666666666667	145.13333333333333	142.82666666666665	140.44	137.69333333333333	133.19333333333333	128.05333333333334	120.88	108.23333333333333	0.0
0.0	108.54	121.55333333333333	128.64	134.35333333333332	137.72	140.66	143.88	146.29333333333332	148.17333333333335	149.46666666666667	151.51333333333332	152.56	154.07333333333332	155.19333333333333	156.06	157.15333333333334	158.2	158.98666666666668	159.56666666666666	159.96	160.53333333333333	161.66666666666666	162.08	162.38666666666666	163.24666666666667	163.46666666666667	163.92	164.02	163.93333333333334	163.46	164.15333333333334	163.86666666666667	163.78666666666666	164.63333333333333	164.52	164.79333333333332	163.91333333333333	164.4	164.10666666666665	164.22666666666666	163.6	163.45333333333335	163.99333333333334	162.97333333333333	162.8	162.2	162.18666666666667	162.46666666666667	161.88666666666666	160.99333333333334	160.64	160.14666666666668	159.08	158.24	158.14666666666668	157.26	156.14666666666668	155.19333333333333	154.4	152.94666666666666	151.28	150.11333333333334	148.04666666666665	145.94666666666666	143.90666666666667	140.58666666666667	137.86666666666667	133.98	128.96	121.50666666666666	108.62666666666667	0.0
0.0	109.30666666666667	121.42666666666666	129.04666666666665	133.57333333333332	137.29333333333332	140.94666666666666	143.83333333333334	146.05333333333334	148.11333333333334	149.72	151.60666666666665	153.11333333333334	154.09333333333333	155.16	156.90666666666667	157.34666666666666	158.02	159.31333333333333	159.55333333333334	160.83333333333334	160.93333333333334	161.26	161.73333333333332	162.32666666666665	162.34666666666666	163.23333333333332	163.89333333333335	164.23333333333332	163.91333333333333	164.28	164.02666666666667	164.43333333333334	164.64	164.26666666666668	164.34666666666666	164.10666666666665	164.48	164.64666666666668	164.85333333333332	163.57333333333332	163.12666666666667	163.02666666666667	163.42	163.27333333333334	161.98	162.26666666666668	161.52666666666667	161.42666666666668	161.15333333333334	160.57333333333332	159.8	159.41333333333333	158.89333333333335	158.68	157.79333333333332	156.61333333333334	155.98	154.72666666666666	153.77333333333334	152.42666666666668	150.83333333333334	149.55333333333334	147.77333333333334	145.94666666666666	143.54666666666665	140.7	137.41333333333333	133.71333333333334	128.64	120.79333333333334	108.44	0.0
0.0	108.60666666666667	120.98	128.39333333333335	133.79333333333332	137.52666666666667	141.10666666666665	143.88666666666666	146.82	148.23333333333332	149.81333333333333	151.07333333333332	152.42	154.07333333333332	155.44666666666666	156.34	157.43333333333334	158.24666666666667	158.54666666666665	159.44	160.07333333333332	160.64	160.97333333333333	160.97333333333333	161.76666666666668	161.86	161.96666666666667	162.77333333333334	163.03333333333333	163.47333333333333	163.54	163.52666666666667	163.99333333333334	163.93333333333334	163.57333333333332	163.32666666666665	163.90666666666667	163.81333333333333	163.58	163.96666666666667	163.72666666666666	163.70666666666668	163.38	163.25333333333333	162.5	162.18	161.77333333333334	161.69333333333333	161.55333333333334	160.72666666666666	159.86	160.0	159.21333333333334	158.36666666666667	158.14666666666668	157.23333333333332	156.33333333333334	155.55333333333334	154.78	153.26666666666668	152.41333333333333	151.18666666666667	149.54	148.1	145.47333333333333	143.16	140.74666666666667	137.50666666666666	133.12666666666667	128.19333333333333	120.83333333333333	108.26666666666667	0.0
0.0	108.60666666666667	120.47333333333333	127.74666666666667	133.58666666666667	136.99333333333334	140.41333333333333	143.48	145.78	147.74666666666667	149.48666666666668	151.11333333333334	152.42666666666668	153.76666666666668	154.96666666666667	155.83333333333334	156.55333333333334	157.94666666666666	158.24666666666667	158.82	159.52666666666667	160.74666666666667	160.94666666666666	161.7	161.72666666666666	162.08666666666667	162.0	162.31333333333333	163.06	162.90666666666667	163.36666666666667	163.44666666666666	164.13333333333333	163.74666666666667	163.50666666666666	163.58	164.00666666666666	164.74	164.11333333333334	164.14666666666668	164.12666666666667	163.96666666666667	163.60666666666665	163.20666666666668	163.30666666666667	163.06	162.61333333333334	162.30666666666667	161.76666666666668	161.2	160.3	159.96666666666667	159.49333333333334	158.72	158.27333333333334	157.52	157.0	155.72	154.20666666666668	153.73333333333332	152.98666666666668	151.16666666666666	149.71333333333334	147.93333333333334	145.70666666666668	143.7	140.86	137.76	133.78	128.46666666666667	120.78666666666666	108.51333333333334	0.0
0.0	108.48666666666666	121.17333333333333	128.54666666666665	133.75333333333333	137.50666666666666	140.5	143.58	146.1	148.0	150.08	151.10666666666665	152.36	153.88	154.99333333333334	155.93333333333334	156.83333333333334	157.57333333333332	158.67333333333335	159.03333333333333	159.64666666666668	160.21333333333334	161.23333333333332	161.73333333333332	162.12	163.20666666666668	163.74	163.37333333333333	163.71333333333334	163.52	163.88	164.14666666666668	164.06666666666666	164.95333333333335	164.80666666666667	164.96666666666667	165.92	165.43333333333334	164.85333333333332	164.66666666666666	164.70666666666668	164.54666666666665	164.18666666666667	163.65333333333334	163.36666666666667	163.58	163.03333333333333	162.64666666666668	161.97333333333333	161.78	161.4	160.86666666666667	159.85333333333332	159.42666666666668	159.06	157.72666666666666	156.90666666666667	155.89333333333335	154.98666666666668	153.94	152.68	151.94666666666666	149.94	147.82	146.32666666666665	143.42	140.82666666666665	137.6	133.71333333333334	128.17333333333335	120.44666666666667	108.56	0.0
0.0	108.81333333333333	120.55333333333333	127.98666666666666	133.16666666666666	137.5	140.56	143.26666666666668	145.4	147.75333333333333	148.99333333333334	151.0	151.95333333333335	153.22666666666666	154.06666666666666	155.33333333333334	156.63333333333333	157.45333333333335	158.07333333333332	158.58	159.11333333333334	159.76	160.34666666666666	161.15333333333334	161.84	161.58	161.39333333333335	161.71333333333334	161.62	162.38666666666666	162.46666666666667	162.84	163.56	163.75333333333333	163.80666666666667	163.45333333333335	163.40666666666667	163.34	162.83333333333334	162.96	162.92666666666668	163.05333333333334	162.88	162.77333333333334	162.98	162.25333333333333	161.78666666666666	161.63333333333333	161.08666666666667	160.87333333333333	160.55333333333334	159.24	159.22666666666666	158.33333333333334	157.83333333333334	157.07333333333332	156.47333333333333	155.48	154.58666666666667	153.48666666666668	152.56666666666666	151.01333333333332	149.84666666666666	147.74666666666667	145.52666666666667	143.36666666666667	140.60666666666665	137.62	133.76666666666668	127.97333333333333	120.73333333333333	108.72	0.0
0.0	108.55333333333333	121.09333333333333	128.00666666666666	133.26	137.50666666666666	140.75333333333333	143.58	145.6	147.79333333333332	149.2	150.89333333333335	152.40666666666667	153.96	154.88666666666666	156.20666666666668	157.56666666666666	158.22666666666666	158.70666666666668	159.56666666666666	160.61333333333334	160.68	160.98666666666668	161.29333333333332	161.75333333333333	162.36	162.64666666666668	163.09333333333333	163.08666666666667	163.61333333333334	163.28	164.53333333333333	163.99333333333334	164.32666666666665	164.35333333333332	164.57333333333332	164.79333333333332	164.74666666666667	164.94	164.61333333333334	164.28	164.04	163.59333333333333	163.57333333333332	163.6	162.52666666666667	163.07333333333332	162.74666666666667	162.41333333333333	161.62	160.98	160.24666666666667	159.88	158.69333333333333	158.1	157.16	156.14	155.53333333333333	154.71333333333334	153.83333333333334	152.35333333333332	150.86	149.23333333333332	147.18666666666667	145.18	142.80666666666667	140.18	137.24666666666667	133.59333333333333	128.41333333333333	120.66666666666667	108.24666666666667	0.0
