0.0	108.48666666666666	119.68666666666667	126.44666666666667	130.57333333333332	134.53333333333333	137.42666666666668	140.00666666666666	142.2	143.61333333333334	145.57333333333332	147.06	148.6	149.48	150.19333333333333	150.68666666666667	152.44666666666666	153.07333333333332	154.23333333333332	154.34	154.67333333333335	155.0	155.74666666666667	156.33333333333334	157.06666666666666	156.9	157.69333333333333	157.92	158.18	158.14666666666668	158.65333333333334	158.98666666666668	158.77333333333334	158.40666666666667	158.3	158.38666666666666	158.18	158.18666666666667	158.12	158.17333333333335	157.92	158.32666666666665	157.93333333333334	158.17333333333335	157.99333333333334	157.40666666666667	156.94666666666666	156.91333333333333	156.23333333333332	155.68	155.01333333333332	154.92	154.36666666666667	154.18	153.46666666666667	152.82	151.75333333333333	151.02	149.87333333333333	148.85333333333332	147.56666666666666	146.62	145.12	143.9	141.96	140.02	137.38666666666666	134.74	130.83333333333334	126.26666666666667	119.62	107.91333333333333	0.0
0.0	107.74	119.86	126.96666666666667	131.36	135.16666666666666	137.68666666666667	140.24	141.88	143.60666666666665	144.91333333333333	146.68	147.98	149.2	150.5	150.97333333333333	151.57333333333332	152.95333333333335	154.08666666666667	154.39333333333335	154.84666666666666	155.43333333333334	156.22	156.78	156.84	157.19333333333333	157.39333333333335	157.77333333333334	157.92	158.16666666666666	158.73333333333332	158.12	158.38	158.68666666666667	158.43333333333334	158.63333333333333	158.98666666666668	158.58666666666667	158.96666666666667	158.2	158.30666666666667	158.14	158.27333333333334	158.16	158.11333333333334	157.76	157.38666666666666	157.17333333333335	156.70666666666668	155.88666666666666	154.91333333333333	154.73333333333332	154.07333333333332	153.82	152.86666666666667	152.24666666666667	151.79333333333332	150.48666666666668	149.61333333333334	149.22666666666666	148.3	147.06666666666666	145.42666666666668	143.8	142.11333333333334	139.6	137.84666666666666	135.05333333333334	131.2	126.55333333333333	119.96666666666667	108.36666666666666	0.0
0.0	108.32666666666667	119.4	126.46	131.36	135.12	137.72	140.05333333333334	142.59333333333333	143.82666666666665	145.52666666666667	146.38	147.75333333333333	148.74666666666667	149.73333333333332	150.68	151.58666666666667	152.54	153.39333333333335	153.87333333333333	154.26666666666668	154.65333333333334	155.27333333333334	156.26	156.58666666666667	157.21333333333334	157.06	157.36	157.87333333333333	157.88666666666666	158.12	158.05333333333334	158.22	158.95333333333335	158.51333333333332	158.60666666666665	158.62	158.51333333333332	158.18666666666667	158.26666666666668	158.22	158.34666666666666	158.24	157.76	157.73333333333332	157.66	157.31333333333333	156.62	156.68	156.00666666666666	155.62	155.28	154.46	154.26666666666668	153.54	152.68	151.87333333333333	150.7	149.75333333333333	148.71333333333334	148.0	147.16	146.04	143.95333333333335	142.34	139.54	137.84	135.08	131.57333333333332	127.43333333333334	120.11333333333333	108.16666666666667	0.0
0.0	108.2	119.60666666666667	126.78	130.89333333333335	134.18	137.40666666666667	139.57333333333332	141.74666666666667	143.12666666666667	144.79333333333332	146.36	147.59333333333333	148.77333333333334	150.06666666666666	150.64666666666668	151.36666666666667	152.65333333333334	152.89333333333335	153.30666666666667	154.59333333333333	154.52666666666667	155.36666666666667	155.65333333333334	156.38	156.75333333333333	156.43333333333334	157.12	157.34	157.84666666666666	157.86	157.86666666666667	158.14	158.00666666666666	158.45333333333335	158.10666666666665	158.08666666666667	158.28666666666666	158.01333333333332	157.58666666666667	158.08	157.98	157.68666666666667	157.56666666666666	157.34	157.19333333333333	156.54666666666665	156.56	155.96666666666667	155.70666666666668	155.38	154.64	154.72	153.52	152.68	152.06	151.0	150.52666666666667	149.18	148.11333333333334	147.22666666666666	145.90666666666667	144.82666666666665	143.28	141.12	140.10666666666665	137.52666666666667	134.76	131.03333333333333	126.71333333333334	120.30666666666667	108.22666666666667	0.0
0.0	107.9	119.97333333333333	126.75333333333333	131.56	134.8	138.2	140.46	142.35333333333332	144.61333333333334	145.86666666666667	147.34666666666666	148.54666666666665	149.4	151.12666666666667	151.78666666666666	152.47333333333333	153.16	154.10666666666665	154.58	155.3	155.72666666666666	155.96	156.98666666666668	157.38	157.36666666666667	157.58	158.13333333333333	157.8	158.42666666666668	158.14	157.95333333333335	158.81333333333333	158.79333333333332	158.7	159.05333333333334	158.7	159.06666666666666	158.74666666666667	158.74	158.62666666666667	158.35333333333332	158.34	157.8	157.82	157.93333333333334	157.54	157.16666666666666	156.72	156.52	156.28666666666666	155.72	154.77333333333334	154.22	153.54	152.81333333333333	152.11333333333334	151.32	150.84	149.20666666666668	148.20666666666668	147.5	146.28666666666666	144.38	142.76666666666668	140.34	137.73333333333332	134.9	131.26	126.34	119.66	108.54	0.0
0.0	108.09333333333333	120.42666666666666	127.36	131.71333333333334	135.2	137.92	140.43333333333334	142.68666666666667	144.48666666666668	146.42	147.20666666666668	148.12666666666667	149.30666666666667	150.00666666666666	151.64	152.14666666666668	152.89333333333335	153.96666666666667	154.48666666666668	154.98	154.98	155.78	155.64	156.38	156.52	157.00666666666666	157.43333333333334	157.75333333333333	157.70666666666668	157.92666666666668	158.36	158.14666666666668	158.79333333333332	158.56	158.28	157.84666666666666	158.36666666666667	158.39333333333335	157.52	157.58666666666667	157.74	157.71333333333334	157.44666666666666	157.03333333333333	156.51333333333332	156.02666666666667	155.54666666666665	155.76666666666668	154.64	154.78	154.51333333333332	154.06	153.43333333333334	152.76	152.04666666666665	151.89333333333335	151.18666666666667	150.44666666666666	148.78	148.02	147.36	145.77333333333334	144.05333333333334	142.23333333333332	140.55333333333334	137.89333333333335	135.29333333333332	131.88666666666666	126.6	120.23333333333333	108.52	0.0
0.0	107.90666666666667	119.72666666666667	126.68	131.22666666666666	135.12666666666667	138.20666666666668	140.88	142.13333333333333	143.77333333333334	145.33333333333334	146.00666666666666	147.20666666666668	148.27333333333334	149.12666666666667	150.12	151.01333333333332	152.38666666666666	152.58666666666667	153.25333333333333	154.24	154.60666666666665	154.96666666666667	155.63333333333333	156.29333333333332	156.94	157.64666666666668	157.89333333333335	158.19333333333333	157.86666666666667	158.42	158.84	158.96	158.46666666666667	158.19333333333333	158.32666666666665	158.64666666666668	158.39333333333335	158.70666666666668	158.62	158.0	158.2	158.45333333333335	157.94666666666666	157.63333333333333	157.92	157.56666666666666	157.30666666666667	156.79333333333332	156.46	155.74666666666667	155.66	155.15333333333334	154.56	153.86	152.84	151.89333333333335	151.16	150.55333333333334	149.36666666666667	148.14666666666668	147.31333333333333	145.98666666666668	143.91333333333333	141.91333333333333	140.18666666666667	137.7	134.44	130.7	126.9	119.67333333333333	108.17333333333333	0.0
0.0	108.35333333333334	120.50666666666666	126.5	131.07333333333332	134.28666666666666	137.60666666666665	140.22666666666666	142.63333333333333	143.94666666666666	145.34	147.19333333333333	148.05333333333334	149.24666666666667	150.02	151.02	151.62	153.5	153.58	153.50666666666666	154.82666666666665	155.45333333333335	155.87333333333333	156.12666666666667	156.48	157.02	157.72666666666666	157.46	157.46	157.89333333333335	158.05333333333334	158.04666666666665	158.36	159.26	159.02	159.13333333333333	158.91333333333333	158.66	158.79333333333332	158.78666666666666	159.41333333333333	158.68	158.30666666666667	158.46	158.17333333333335	157.83333333333334	157.98	157.89333333333335	157.30666666666667	156.5	156.35333333333332	155.67333333333335	155.10666666666665	154.65333333333334	153.72	153.51333333333332	152.36666666666667	151.6	149.94	149.45333333333335	148.30666666666667	147.14	145.92666666666668	144.43333333333334	142.57333333333332	140.66	138.24666666666667	135.43333333333334	132.15333333333334	127.14666666666666	120.4	108.1	0.0
0.0	107.88666666666667	119.4	126.40666666666667	131.01333333333332	134.35333333333332	137.14666666666668	139.56	142.09333333333333	143.07333333333332	144.68	145.97333333333333	147.81333333333333	148.64	149.64666666666668	150.68	151.54	152.36666666666667	153.41333333333333	153.72	154.4	154.77333333333334	155.41333333333333	156.29333333333332	156.58	156.72666666666666	156.74666666666667	157.02	156.94666666666666	157.63333333333333	157.46666666666667	157.41333333333333	158.1	158.03333333333333	157.72	157.62666666666667	157.88666666666666	158.11333333333334	157.74666666666667	157.62	157.93333333333334	157.18666666666667	156.58666666666667	156.85333333333332	157.27333333333334	156.80666666666667	155.93333333333334	156.52	156.16666666666666	156.10666666666665	155.40666666666667	154.48	153.33333333333334	153.2	152.88666666666666	152.14666666666668	151.34	150.31333333333333	149.33333333333334	148.77333333333334	147.68666666666667	146.52666666666667	145.08	143.67333333333335	141.98666666666668	139.76	137.16666666666666	134.22666666666666	130.84	126.66666666666667	119.07333333333334	108.02	0.0
0.0	108.04666666666667	119.73333333333333	126.13333333333334	130.83333333333334	134.22	136.90666666666667	139.41333333333333	141.50666666666666	143.68	144.84	146.4	147.62	149.12	150.34	150.9	151.69333333333333	152.66	153.54	154.10666666666665	154.44	155.31333333333333	155.51333333333332	156.08	156.91333333333333	156.37333333333333	157.30666666666667	157.48	157.78	157.84666666666666	158.32666666666665	158.24666666666667	158.52666666666667	158.48	158.64	158.49333333333334	158.2	158.49333333333334	158.63333333333333	158.52666666666667	158.17333333333335	158.4	158.32666666666665	157.94666666666666	157.73333333333332	157.52	157.07333333333332	157.6	156.67333333333335	156.6	156.10666666666665	155.32	154.71333333333334	154.62	154.24666666666667	153.22666666666666	152.32	151.40666666666667	150.22666666666666	149.5	148.37333333333333	147.02666666666667	145.69333333333333	143.17333333333335	142.12666666666667	140.14666666666668	137.73333333333332	135.1	130.88666666666666	126.67333333333333	119.66666666666667	107.74666666666667	0.0
0.0	107.90666666666667	119.52	126.23333333333333	130.81333333333333	134.48	137.53333333333333	139.66	141.42666666666668	143.1	144.64	146.1	147.47333333333333	148.52666666666667	149.05333333333334	150.34666666666666	151.02	151.91333333333333	152.18	152.94666666666666	153.68666666666667	154.44666666666666	154.86666666666667	154.53333333333333	155.43333333333334	155.86	156.01333333333332	156.46	156.42666666666668	157.1	156.68666666666667	156.97333333333333	157.04	157.98	157.52666666666667	157.53333333333333	157.70666666666668	157.58666666666667	157.61333333333334	157.97333333333333	157.58	157.80666666666667	157.77333333333334	157.6	157.42	157.21333333333334	157.24	157.21333333333334	156.31333333333333	155.42	155.60666666666665	155.08	153.84666666666666	153.18	152.26	151.67333333333335	150.63333333333333	150.32666666666665	149.2	148.56	147.02666666666667	146.14666666666668	145.36666666666667	143.80666666666667	142.28	139.86666666666667	138.04666666666665	135.14	131.54	126.61333333333333	119.52666666666667	108.25333333333333	0.0
0.0	108.78	120.32666666666667	127.08666666666667	131.38666666666666	135.04	137.82	140.23333333333332	142.58666666666667	144.78	146.1	147.76666666666668	148.57333333333332	149.42666666666668	150.82666666666665	151.22	152.68666666666667	152.87333333333333	153.66666666666666	153.75333333333333	154.2	154.60666666666665	155.21333333333334	155.42	156.30666666666667	156.50666666666666	156.48	157.76666666666668	157.42666666666668	157.26666666666668	157.71333333333334	158.09333333333333	157.7	158.23333333333332	159.08666666666667	158.69333333333333	158.12666666666667	158.29333333333332	158.88	158.78666666666666	158.48	158.39333333333335	157.79333333333332	157.22	157.34666666666666	157.02666666666667	156.75333333333333	155.96	155.61333333333334	155.90666666666667	155.62	155.14666666666668	154.72	153.72666666666666	153.38666666666666	152.76	152.47333333333333	151.56666666666666	150.47333333333333	149.36666666666667	147.98666666666668	146.94666666666666	145.80666666666667	144.40666666666667	142.26	139.96	137.60666666666665	134.88666666666666	131.90666666666667	126.8	119.84	108.34	0.0
0.0	107.82	119.79333333333334	126.62	131.76666666666668	135.16	138.1	140.50666666666666	142.08	143.60666666666665	145.18	146.94	148.14	149.26	149.96	150.92666666666668	152.10666666666665	152.60666666666665	152.96	154.16	154.55333333333334	155.07333333333332	155.74666666666667	156.75333333333333	156.86666666666667	157.76666666666668	157.06666666666666	157.66666666666666	157.20666666666668	157.77333333333334	158.15333333333334	158.28	158.40666666666667	158.76666666666668	158.46666666666667	158.14666666666668	158.19333333333333	158.52666666666667	158.30666666666667	158.45333333333335	158.96666666666667	158.73333333333332	158.46666666666667	158.1	158.02666666666667	158.12	158.23333333333332	157.66666666666666	156.98	156.98666666666668	156.46666666666667	155.66	155.09333333333333	154.11333333333334	153.69333333333333	153.13333333333333	152.03333333333333	151.67333333333335	150.4	149.46666666666667	148.08666666666667	146.94666666666666	145.58666666666667	144.36	142.39333333333335	140.15333333333334	137.55333333333334	134.98666666666668	131.2	126.86	119.93333333333334	108.62666666666667	0.0
0.0	108.09333333333333	119.41333333333333	125.98666666666666	130.51333333333332	134.17333333333335	137.00666666666666	139.20666666666668	141.32666666666665	143.50666666666666	144.79333333333332	145.92	147.21333333333334	147.74666666666667	149.19333333333333	150.34	150.91333333333333	151.67333333333335	152.6	153.16	153.86666666666667	154.25333333333333	155.03333333333333	155.32	155.78	156.29333333333332	156.16666666666666	156.76666666666668	156.24666666666667	157.18	156.73333333333332	156.18666666666667	156.48	157.19333333333333	157.14	156.96	157.17333333333335	157.31333333333333	157.49333333333334	157.04666666666665	157.34	156.62666666666667	156.56	156.24666666666667	155.88666666666666	155.14	155.21333333333334	154.99333333333334	154.71333333333334	154.24666666666667	154.17333333333335	153.52666666666667	152.82	152.60666666666665	152.44666666666666	151.43333333333334	150.90666666666667	149.89333333333335	149.01333333333332	147.77333333333334	147.06	145.63333333333333	144.94	143.96666666666667	142.06666666666666	139.85333333333332	136.85333333333332	134.41333333333333	131.03333333333333	126.14666666666666	119.75333333333333	108.01333333333334	0.0
0.0	108.20666666666666	120.10666666666667	127.00666666666666	131.52666666666667	134.82	138.0	140.70666666666668	142.81333333333333	144.49333333333334	145.83333333333334	146.8	148.16666666666666	149.27333333333334	150.31333333333333	151.00666666666666	151.44666666666666	152.43333333333334	153.23333333333332	154.13333333333333	154.37333333333333	154.62666666666667	155.04	155.6	155.98	156.72	157.28666666666666	157.36666666666667	157.27333333333334	157.96666666666667	157.82666666666665	157.88	158.18666666666667	158.29333333333332	158.39333333333335	158.11333333333334	158.0	158.04	157.81333333333333	157.78666666666666	158.01333333333332	158.02	158.35333333333332	158.3	158.27333333333334	157.37333333333333	157.00666666666666	157.06666666666666	157.10666666666665	156.49333333333334	156.33333333333334	155.4	154.76	154.54666666666665	154.02666666666667	153.41333333333333	152.22	151.74	150.82	149.86666666666667	148.46666666666667	147.44666666666666	145.75333333333333	144.22	142.74	140.14	137.99333333333334	135.04666666666665	131.5	126.21333333333334	119.88666666666667	108.26666666666667	0.0
0.0	108.08	119.59333333333333	126.37333333333333	131.42666666666668	135.16	137.67333333333335	140.17333333333335	142.58	143.54666666666665	145.57333333333332	147.06	148.34666666666666	149.70666666666668	150.44666666666666	151.3	152.37333333333333	152.59333333333333	153.76666666666668	154.48	155.06	155.86666666666667	155.84	155.88	156.52	156.43333333333334	156.88	156.76	157.2	157.17333333333335	157.34666666666666	158.44666666666666	158.27333333333334	158.54	158.76666666666668	159.09333333333333	159.43333333333334	159.34666666666666	159.13333333333333	158.77333333333334	158.51333333333332	158.54666666666665	158.4	158.53333333333333	158.20666666666668	157.68666666666667	157.54	156.5	156.0	155.68666666666667	154.83333333333334	154.38666666666666	153.84666666666666	153.0	152.79333333333332	151.62666666666667	151.04	150.12666666666667	149.13333333333333	148.64	148.08	146.50666666666666	145.07333333333332	143.54	141.92	140.16666666666666	137.52666666666667	135.2	131.58666666666667	127.33333333333333	120.16666666666667	108.5	0.0
0.0	107.92666666666666	119.83333333333333	126.60666666666667	131.17333333333335	134.58	137.26	140.12666666666667	142.29333333333332	143.74666666666667	145.46666666666667	146.76	147.81333333333333	148.86	150.00666666666666	150.88666666666666	151.52	152.21333333333334	153.52666666666667	153.88	154.79333333333332	155.33333333333334	156.19333333333333	156.16666666666666	156.94	156.94666666666666	157.11333333333334	157.46	157.74666666666667	157.85333333333332	157.83333333333334	158.22666666666666	158.32666666666665	158.82666666666665	158.65333333333334	158.41333333333333	158.39333333333335	158.59333333333333	158.06666666666666	158.46666666666667	158.13333333333333	158.09333333333333	158.48666666666668	158.10666666666665	157.56	157.62666666666667	157.43333333333334	157.38666666666666	156.42666666666668	156.76666666666668	156.04	155.6	154.74	154.5	153.77333333333334	153.02	152.06666666666666	151.38666666666666	150.45333333333335	149.26	148.18666666666667	146.90666666666667	145.58	143.75333333333333	142.49333333333334	140.01333333333332	137.6	135.00666666666666	131.34666666666666	126.23333333333333	119.44	108.23333333333333	0.0
0.0	108.3	120.17333333333333	126.55333333333333	131.68	135.12666666666667	137.97333333333333	140.92666666666668	142.20666666666668	144.5	145.72666666666666	146.71333333333334	147.88	149.16666666666666	150.26666666666668	151.38	152.24	152.76666666666668	153.54	154.49333333333334	154.32666666666665	155.78666666666666	155.93333333333334	156.64666666666668	156.97333333333333	157.76666666666668	158.02666666666667	158.02666666666667	158.19333333333333	158.27333333333334	158.60666666666665	158.26666666666668	158.20666666666668	158.28	159.25333333333333	159.56	159.64666666666668	159.64666666666668	159.65333333333334	159.11333333333334	158.86	158.97333333333333	158.78	158.91333333333333	158.52	157.52	157.60666666666665	157.28666666666666	156.7	156.22666666666666	156.16	155.66666666666666	154.78	153.92	153.54	152.49333333333334	151.56	150.74666666666667	149.94	149.55333333333334	148.11333333333334	147.11333333333334	146.18	144.18666666666667	142.25333333333333	140.52666666666667	138.73333333333332	135.12	131.18	126.6	119.72	107.98	0.0
0.0	107.88	119.88666666666667	126.08	131.61333333333334	134.54666666666665	137.36666666666667	139.6	141.42	143.55333333333334	145.91333333333333	147.12666666666667	148.74	149.75333333333333	150.78	151.43333333333334	152.39333333333335	152.54	153.70666666666668	153.85333333333332	154.66666666666666	154.66666666666666	154.9	155.54	156.44666666666666	156.62	156.58666666666667	156.98666666666668	158.0	158.34	158.40666666666667	158.28	158.23333333333332	158.21333333333334	158.45333333333335	158.10666666666665	158.16	158.33333333333334	158.6	157.91333333333333	157.90666666666667	157.40666666666667	157.67333333333335	158.10666666666665	157.61333333333334	157.44666666666666	157.48666666666668	156.77333333333334	156.54666666666665	156.46	155.69333333333333	155.08666666666667	154.9	154.52	154.01333333333332	153.10666666666665	152.55333333333334	151.82666666666665	150.80666666666667	149.36	148.31333333333333	147.30666666666667	146.26	144.47333333333333	143.09333333333333	140.77333333333334	138.12	135.38666666666666	131.53333333333333	126.39333333333333	120.14	107.84	0.0
0.0	108.28666666666666	120.26666666666667	126.92666666666666	132.04666666666665	134.64666666666668	137.45333333333335	139.68666666666667	141.66	143.4	144.64	145.86666666666667	147.64	148.59333333333333	149.57333333333332	150.69333333333333	151.42	152.68	153.24	153.68	154.46666666666667	155.02666666666667	155.3	155.57333333333332	155.56	156.12666666666667	156.30666666666667	156.58666666666667	157.10666666666665	157.32666666666665	157.24666666666667	157.53333333333333	157.56	157.50666666666666	157.67333333333335	157.77333333333334	157.80666666666667	158.01333333333332	157.36666666666667	157.69333333333333	157.86	157.37333333333333	157.66	157.32	156.8	155.82	156.11333333333334	156.24	155.91333333333333	155.62	154.92	154.61333333333334	154.02666666666667	153.82666666666665	153.1	152.63333333333333	151.7	151.20666666666668	150.15333333333334	148.69333333333333	148.10666666666665	146.58666666666667	144.8	143.02	141.48666666666668	139.36666666666667	137.77333333333334	134.48	131.44	125.8	119.67333333333333	108.28666666666666	0.0
0.0	108.25333333333333	119.35333333333334	126.14	130.95333333333335	134.46666666666667	137.30666666666667	140.34	141.82666666666665	143.42	145.20666666666668	146.68666666666667	147.72	148.52	149.66	150.46666666666667	150.66	151.39333333333335	152.58666666666667	153.20666666666668	153.42666666666668	153.73333333333332	154.74	155.06666666666666	155.6	155.64	156.34	156.1	156.63333333333333	157.37333333333333	157.0	157.39333333333335	157.52666666666667	157.56	157.97333333333333	158.51333333333332	158.55333333333334	158.56	158.46666666666667	158.35333333333332	158.12666666666667	157.88	157.34	157.56	157.45333333333335	156.68	156.93333333333334	156.11333333333334	155.82	155.72	155.14	154.44666666666666	153.55333333333334	153.3	152.71333333333334	152.3	151.52666666666667	150.67333333333335	150.04	149.04	147.88666666666666	146.56	145.22	143.76666666666668	142.29333333333332	140.71333333333334	137.77333333333334	134.72	131.22666666666666	126.26	119.62	108.06666666666666	0.0
0.0	107.44666666666667	119.91333333333333	126.06	130.88	134.14	136.92666666666668	139.66	141.64	143.03333333333333	144.44666666666666	145.8	146.94	148.32666666666665	149.46	149.91333333333333	151.27333333333334	151.60666666666665	152.16	152.68	153.54	154.13333333333333	154.78	155.15333333333334	155.98	156.16666666666666	156.18	156.6	157.0	157.12666666666667	157.50666666666666	158.07333333333332	158.48666666666668	157.98666666666668	157.92	158.54	158.11333333333334	157.93333333333334	158.42	158.41333333333333	158.29333333333332	158.59333333333333	158.38666666666666	157.86666666666667	157.25333333333333	157.44	156.68666666666667	156.80666666666667	156.09333333333333	155.93333333333334	155.31333333333333	155.2	154.75333333333333	153.7	152.14	152.12666666666667	151.80666666666667	151.06666666666666	149.86666666666667	148.86	147.99333333333334	146.59333333333333	145.10666666666665	143.87333333333333	141.98666666666668	140.44666666666666	138.40666666666667	134.76666666666668	131.82	126.78	119.98	107.89333333333333	0.0
0.0	108.10666666666667	120.1	126.49333333333334	131.06666666666666	134.39333333333335	137.6	139.76	142.15333333333334	144.24666666666667	145.50666666666666	146.84666666666666	147.94666666666666	148.98666666666668	149.76	150.34	151.35333333333332	152.28	152.96	153.64	154.47333333333333	154.28	154.94	155.38	155.68666666666667	156.12666666666667	155.92	156.42	156.56666666666666	156.84	157.40666666666667	157.62666666666667	157.90666666666667	157.75333333333333	157.52	157.4	157.76666666666668	157.72666666666666	157.42666666666668	157.16666666666666	157.24666666666667	157.72	157.45333333333335	157.76666666666668	156.68666666666667	156.44666666666666	156.28666666666666	156.45333333333335	156.32666666666665	155.85333333333332	155.53333333333333	155.18666666666667	154.54666666666665	153.72666666666666	153.16666666666666	152.42666666666668	151.54	151.34666666666666	150.30666666666667	149.74	148.22	147.06	145.74	144.25333333333333	142.05333333333334	140.24	137.47333333333333	134.86	130.9	127.23333333333333	120.18666666666667	108.26	0.0
0.0	108.34	119.64	126.31333333333333	131.70666666666668	134.69333333333333	137.40666666666667	140.02666666666667	142.01333333333332	143.09333333333333	145.26666666666668	146.86	148.29333333333332	148.94	150.1	150.28666666666666	150.92	151.84	152.62666666666667	153.11333333333334	154.18	154.83333333333334	155.16666666666666	155.8	156.15333333333334	156.84666666666666	157.03333333333333	157.29333333333332	157.92	157.88	157.77333333333334	157.62	157.63333333333333	157.33333333333334	157.74666666666667	157.46666666666667	157.65333333333334	157.81333333333333	157.67333333333335	157.8	157.51333333333332	157.64	157.39333333333335	157.48	157.38	156.86	156.89333333333335	156.58666666666667	156.35333333333332	155.82666666666665	155.56	154.6	154.19333333333333	153.69333333333333	153.57333333333332	152.58666666666667	152.24666666666667	151.14	150.04666666666665	149.56666666666666	147.76666666666668	146.74	145.16666666666666	143.54	141.85333333333332	140.08666666666667	137.24666666666667	135.4	131.44666666666666	126.97333333333333	119.67333333333333	108.18666666666667	0.0
0.0	108.22	119.96	126.44666666666667	131.30666666666667	134.82	137.84666666666666	139.83333333333334	142.45333333333335	143.96666666666667	145.24666666666667	146.59333333333333	147.90666666666667	148.89333333333335	149.42	150.56666666666666	151.23333333333332	152.15333333333334	152.88	153.57333333333332	153.96666666666667	154.82666666666665	155.1	155.18666666666667	155.91333333333333	156.3	156.05333333333334	156.66	156.57333333333332	156.86666666666667	157.76	157.58	158.14	157.92	158.58666666666667	158.5	158.83333333333334	159.41333333333333	159.10666666666665	158.87333333333333	158.46	158.46	158.32666666666665	158.31333333333333	157.56666666666666	157.58666666666667	157.19333333333333	156.46	156.26	155.97333333333333	155.31333333333333	154.68	154.20666666666668	153.77333333333334	153.08666666666667	152.10666666666665	151.48	150.53333333333333	150.10666666666665	149.12	147.78	146.66	145.18	143.27333333333334	142.05333333333334	140.45333333333335	138.01333333333332	135.12666666666667	131.96666666666667	127.04666666666667	120.04	108.51333333333334	0.0
0.0	108.31333333333333	120.38	126.86	131.13333333333333	134.93333333333334	137.42666666666668	139.57333333333332	141.42	143.31333333333333	144.62	145.96666666666667	147.05333333333334	148.12666666666667	149.27333333333334	150.60666666666665	151.46	152.46666666666667	152.91333333333333	152.88666666666666	153.34	154.06666666666666	154.44	155.12666666666667	155.50666666666666	155.40666666666667	155.98	156.24	156.76	157.04	156.99333333333334	157.5	157.59333333333333	157.48	156.96666666666667	157.25333333333333	157.83333333333334	157.83333333333334	158.27333333333334	158.14	158.05333333333334	157.53333333333333	157.18666666666667	157.14	157.72	157.49333333333334	157.26666666666668	156.6	156.65333333333334	155.97333333333333	155.31333333333333	154.74	154.26666666666668	153.76666666666668	153.17333333333335	152.2	151.82666666666665	150.56666666666666	149.85333333333332	148.53333333333333	147.25333333333333	146.25333333333333	144.74666666666667	143.10666666666665	141.88	139.66	137.12	134.53333333333333	131.26666666666668	126.68666666666667	120.15333333333334	108.26666666666667	0.0
0.0	107.68	119.3	126.23333333333333	131.0	134.68	137.61333333333334	139.86666666666667	141.44666666666666	143.28	145.20666666666668	146.15333333333334	147.47333333333333	149.23333333333332	149.64	150.38666666666666	150.99333333333334	152.01333333333332	152.38666666666666	153.64	153.90666666666667	154.59333333333333	154.97333333333333	156.13333333333333	156.48	156.24666666666667	156.62666666666667	156.92	156.89333333333335	157.14	157.1	157.7	157.86	157.89333333333335	157.62666666666667	157.16666666666666	157.67333333333335	158.08	157.91333333333333	158.05333333333334	158.28666666666666	157.75333333333333	157.25333333333333	157.25333333333333	157.64	157.36666666666667	157.39333333333335	156.44	155.73333333333332	155.44666666666666	155.27333333333334	154.55333333333334	153.72666666666666	153.74	153.04666666666665	152.18	151.62666666666667	150.84666666666666	149.75333333333333	147.81333333333333	146.75333333333333	145.53333333333333	144.96666666666667	143.24666666666667	141.92	139.81333333333333	137.60666666666665	134.93333333333334	131.87333333333333	126.46666666666667	119.88	108.03333333333333	0.0
0.0	108.44666666666667	119.69333333333333	126.77333333333333	131.58	135.01333333333332	138.08	140.44666666666666	142.06	143.94666666666666	145.48666666666668	147.14	147.73333333333332	149.05333333333334	149.92	151.28	151.64666666666668	153.12666666666667	153.73333333333332	154.34666666666666	154.84	155.28666666666666	155.74	156.62	156.58	157.00666666666666	157.88	157.76	157.50666666666666	158.43333333333334	157.95333333333335	158.44666666666666	158.49333333333334	158.7	158.71333333333334	158.98	158.38	158.94	159.40666666666667	159.05333333333334	158.36666666666667	158.44	158.39333333333335	158.43333333333334	158.18666666666667	157.20666666666668	157.12	156.68	156.09333333333333	156.05333333333334	155.47333333333333	154.74	154.62666666666667	153.90666666666667	153.3	152.08666666666667	152.27333333333334	151.39333333333335	149.86666666666667	148.94	148.06666666666666	146.87333333333333	145.28666666666666	144.00666666666666	141.84	139.61333333333334	137.59333333333333	134.94666666666666	131.34666666666666	126.68	119.81333333333333	107.82	0.0
0.0	108.26666666666667	119.52	126.78	131.26	133.96666666666667	137.42666666666668	139.27333333333334	141.28	143.2	144.76	146.43333333333334	147.58	148.46666666666667	149.8	150.18	151.35333333333332	152.0	153.33333333333334	153.97333333333333	155.34666666666666	154.76	155.93333333333334	156.28	156.72666666666666	156.86	157.56666666666666	157.72	157.78	157.86	158.4	158.46666666666667	158.46	158.37333333333333	158.34	158.34666666666666	158.30666666666667	158.25333333333333	158.26666666666668	158.15333333333334	158.26666666666668	158.42	158.58	158.34666666666666	157.94	157.64	157.64	157.39333333333335	157.18666666666667	156.56	155.91333333333333	155.69333333333333	155.04	154.26666666666668	152.92	152.29333333333332	152.1	151.02	149.68666666666667	148.74666666666667	147.75333333333333	146.87333333333333	145.80666666666667	144.1	141.81333333333333	140.1	137.65333333333334	134.66	131.19333333333333	126.77333333333333	119.75333333333333	108.39333333333333	0.0
0.0	108.74666666666667	120.48	126.98	131.46666666666667	135.12666666666667	138.11333333333334	140.88	143.01333333333332	144.92666666666668	146.62666666666667	147.40666666666667	148.15333333333334	149.59333333333333	150.41333333333333	150.92	151.98666666666668	152.66666666666666	153.65333333333334	154.59333333333333	154.82	154.78	155.22666666666666	155.8	156.42666666666668	156.83333333333334	156.62666666666667	157.30666666666667	157.57333333333332	157.63333333333333	157.64666666666668	158.14666666666668	158.06666666666666	158.04	158.24	158.42	158.65333333333334	158.58666666666667	158.56	158.42	158.05333333333334	158.02666666666667	157.94	157.42	157.36666666666667	157.67333333333335	156.6	156.33333333333334	156.54666666666665	155.95333333333335	155.96666666666667	155.65333333333334	154.22666666666666	153.80666666666667	153.2	152.24666666666667	151.7	150.78	149.62	149.36	148.02	147.22666666666666	145.92	143.98666666666668	142.27333333333334	140.40666666666667	137.74	135.40666666666667	131.68666666666667	126.97333333333333	120.35333333333334	108.44	0.0
0.0	108.1	119.94666666666667	126.0	131.27333333333334	135.26	137.56666666666666	140.26666666666668	142.70666666666668	144.04666666666665	145.47333333333333	146.46	148.16	148.70666666666668	149.47333333333333	150.20666666666668	151.99333333333334	152.04666666666665	152.61333333333334	153.60666666666665	153.04666666666665	154.12	154.5	154.91333333333333	155.62666666666667	156.2	156.04666666666665	156.63333333333333	156.57333333333332	156.98666666666668	156.76666666666668	156.81333333333333	156.58	156.88	157.38	157.61333333333334	157.77333333333334	157.69333333333333	157.80666666666667	157.70666666666668	156.97333333333333	157.18	157.22	156.98	157.12	157.33333333333334	156.34	156.11333333333334	155.44	155.52666666666667	155.2	154.78666666666666	154.40666666666667	153.77333333333334	152.56	152.38	151.34666666666666	149.92	150.02666666666667	148.5	147.5	146.58	144.76	143.06666666666666	141.74666666666667	140.04	137.05333333333334	134.78666666666666	130.98666666666668	126.24	119.58	107.88666666666667	0.0
0.0	108.14	120.01333333333334	126.5	130.52	134.72666666666666	137.38	139.41333333333333	141.73333333333332	143.39333333333335	144.96	145.8	147.20666666666668	148.16	149.89333333333335	150.78666666666666	151.52	152.20666666666668	153.02	153.16	153.85333333333332	154.23333333333332	154.78	155.24666666666667	155.93333333333334	156.14666666666668	156.65333333333334	157.02	157.54	157.50666666666666	157.24666666666667	157.58666666666667	157.60666666666665	157.80666666666667	157.88666666666666	157.81333333333333	157.72	157.78	158.41333333333333	158.28	158.54	157.94666666666666	157.84	157.46666666666667	157.70666666666668	157.27333333333334	156.95333333333335	156.17333333333335	155.66	155.78666666666666	155.30666666666667	155.14666666666668	154.82666666666665	154.34666666666666	153.36	152.0	151.45333333333335	150.88	149.64	148.18666666666667	146.78	145.98666666666668	144.66	143.56666666666666	141.92666666666668	139.48	137.16666666666666	134.61333333333334	131.09333333333333	126.73333333333333	120.37333333333333	108.17333333333333	0.0
0.0	108.24	119.72666666666667	126.42666666666666	131.06	134.52666666666667	137.14666666666668	139.25333333333333	141.5	143.88	145.1	146.82666666666665	147.55333333333334	148.69333333333333	149.72666666666666	150.58666666666667	151.56	152.50666666666666	153.27333333333334	153.74	154.09333333333333	154.19333333333333	154.80666666666667	155.46	156.18	156.31333333333333	156.61333333333334	156.68	157.34666666666666	157.13333333333333	156.98666666666668	156.90666666666667	157.43333333333334	157.64666666666668	158.14666666666668	158.4	157.79333333333332	157.65333333333334	158.02	157.68	157.94	157.71333333333334	157.95333333333335	157.82666666666665	157.46666666666667	157.45333333333335	156.92666666666668	156.56	156.12666666666667	155.88	155.38	155.04	154.26	153.92	152.93333333333334	152.89333333333335	151.99333333333334	151.0	150.41333333333333	148.72	147.65333333333334	146.11333333333334	144.64	143.13333333333333	141.66666666666666	139.91333333333333	137.68666666666667	134.75333333333333	131.13333333333333	126.55333333333333	120.00666666666666	108.74666666666667	0.0
0.0	108.68	120.55333333333333	127.56	131.56	135.29333333333332	138.23333333333332	140.64666666666668	142.47333333333333	143.90666666666667	146.09333333333333	147.23333333333332	148.93333333333334	149.75333333333333	151.16	151.81333333333333	152.29333333333332	152.69333333333333	153.7	154.92666666666668	155.34	155.55333333333334	155.91333333333333	156.26	156.65333333333334	156.78666666666666	157.61333333333334	157.52666666666667	157.90666666666667	157.82	158.14	158.34666666666666	158.36	158.2	158.68666666666667	159.00666666666666	159.40666666666667	159.6	159.44	159.10666666666665	159.32666666666665	159.4	159.14666666666668	158.87333333333333	158.57333333333332	157.88666666666666	157.77333333333334	157.8	156.95333333333335	156.44666666666666	156.28666666666666	155.30666666666667	154.06666666666666	153.61333333333334	153.30666666666667	152.24	151.37333333333333	150.84666666666666	150.12	149.04666666666665	147.66666666666666	146.38	145.45333333333335	144.47333333333333	142.21333333333334	140.05333333333334	138.12666666666667	134.99333333333334	132.08	126.88	119.98	108.22	0.0
0.0	108.2	120.26666666666667	126.54666666666667	131.61333333333334	135.13333333333333	138.21333333333334	140.56	142.46	144.24	145.76	147.34666666666666	147.99333333333334	149.5	150.14666666666668	151.21333333333334	151.82	152.88666666666666	153.5	153.92666666666668	154.26666666666668	154.98	155.89333333333335	156.18666666666667	156.31333333333333	157.07333333333332	157.72	157.39333333333335	157.38666666666666	157.28	157.54	158.51333333333332	158.85333333333332	158.7	159.33333333333334	159.1	158.98666666666668	158.45333333333335	158.92666666666668	158.61333333333334	158.56666666666666	158.76666666666668	158.60666666666665	158.02666666666667	157.92666666666668	157.12	156.94666666666666	156.49333333333334	155.89333333333335	155.96666666666667	155.61333333333334	155.23333333333332	154.37333333333333	153.77333333333334	153.49333333333334	153.10666666666665	152.58666666666667	151.40666666666667	150.36	148.94666666666666	147.78	146.61333333333334	144.93333333333334	144.1	142.37333333333333	140.27333333333334	138.14	134.56	131.38	126.42	120.27333333333333	108.08	0.0
0.0	108.62	120.57333333333334	126.79333333333334	131.34666666666666	134.96666666666667	137.96666666666667	139.94	142.46	144.40666666666667	145.46666666666667	146.98666666666668	148.56	149.65333333333334	150.22	151.32	151.96	152.52	153.00666666666666	154.39333333333335	154.72	155.94666666666666	156.16	156.96666666666667	157.33333333333334	157.73333333333332	157.73333333333332	157.98	158.14666666666668	158.82666666666665	158.64	158.48666666666668	158.89333333333335	158.98	159.27333333333334	158.66	158.74666666666667	159.04666666666665	158.92	158.88666666666666	158.90666666666667	158.6	158.34666666666666	158.30666666666667	158.34666666666666	158.04	157.44	156.91333333333333	156.3	155.81333333333333	155.36666666666667	155.26	154.6	153.97333333333333	153.85333333333332	153.14666666666668	152.26	150.78	150.4	150.02	148.58666666666667	147.53333333333333	145.86	144.02	142.26	140.06666666666666	138.07333333333332	134.97333333333333	131.24666666666667	126.67333333333333	119.78	108.13333333333334	0.0
0.0	108.19333333333333	119.61333333333333	126.32666666666667	131.31333333333333	135.13333333333333	137.52666666666667	139.46666666666667	141.94666666666666	143.84	145.72666666666666	147.36666666666667	148.64666666666668	149.49333333333334	150.42	151.08	151.79333333333332	152.58	153.68	154.16666666666666	155.08	155.93333333333334	156.39333333333335	156.84	156.76666666666668	157.46666666666667	157.96666666666667	158.03333333333333	158.22	157.98	157.94666666666666	157.92	158.48	158.8	158.43333333333334	158.51333333333332	159.28	158.82666666666665	158.87333333333333	158.88	158.8	158.7	157.82666666666665	158.02666666666667	158.22	157.72666666666666	157.66666666666666	157.19333333333333	156.84666666666666	156.74666666666667	156.32666666666665	156.3	155.3	154.44666666666666	153.79333333333332	153.42666666666668	152.74666666666667	151.80666666666667	150.66	149.86666666666667	148.4	147.48666666666668	145.80666666666667	143.68666666666667	142.44666666666666	140.02666666666667	137.94666666666666	134.68	131.36666666666667	126.38	120.04666666666667	108.54666666666667	0.0
0.0	108.14666666666666	119.52	126.79333333333334	130.91333333333333	134.52	137.31333333333333	139.38666666666666	141.56	143.57333333333332	144.58	146.31333333333333	147.78	147.99333333333334	149.49333333333334	150.38	151.05333333333334	151.72	152.90666666666667	153.39333333333335	153.45333333333335	153.88666666666666	154.87333333333333	155.24	155.29333333333332	155.90666666666667	156.31333333333333	157.34	157.43333333333334	158.25333333333333	158.42666666666668	158.14	157.80666666666667	158.01333333333332	158.20666666666668	158.58666666666667	158.60666666666665	158.07333333333332	158.2	157.90666666666667	157.8	157.59333333333333	157.66	157.77333333333334	157.23333333333332	157.09333333333333	156.65333333333334	156.48	155.46666666666667	155.72	155.63333333333333	154.78	154.4	153.92666666666668	152.94	152.44	151.86666666666667	150.31333333333333	149.53333333333333	148.59333333333333	147.46666666666667	146.62	144.78	143.48	141.66666666666666	139.63333333333333	137.00666666666666	134.23333333333332	130.81333333333333	126.34	119.82	107.62666666666667	0.0
0.0	107.96666666666667	119.77333333333333	126.36666666666666	130.85333333333332	134.94666666666666	137.16	139.6	141.9	143.52666666666667	145.38666666666666	146.96666666666667	147.64666666666668	148.71333333333334	149.75333333333333	150.1	150.56666666666666	151.52	152.69333333333333	154.02666666666667	153.82	155.00666666666666	155.24	155.46666666666667	155.51333333333332	156.18	155.92666666666668	156.37333333333333	156.84666666666666	157.02	157.26	157.49333333333334	157.50666666666666	157.91333333333333	157.26	157.54666666666665	157.4	157.50666666666666	157.63333333333333	157.39333333333335	157.33333333333334	157.59333333333333	156.98	156.63333333333333	156.23333333333332	156.16666666666666	155.70666666666668	155.96	155.64666666666668	155.06666666666666	154.99333333333334	154.34	153.8	153.26666666666668	152.73333333333332	151.80666666666667	151.17333333333335	150.7	149.62666666666667	148.78	147.58666666666667	146.04	144.78666666666666	144.0	141.54	140.12666666666667	137.32666666666665	134.12	131.05333333333334	126.81333333333333	120.26666666666667	108.51333333333334	0.0
0.0	108.49333333333334	120.16666666666667	126.93333333333334	131.38	135.16666666666666	137.99333333333334	140.50666666666666	142.63333333333333	143.70666666666668	145.50666666666666	146.28	147.69333333333333	148.64	149.82	150.09333333333333	150.72	151.84666666666666	152.8	153.54666666666665	153.94	154.70666666666668	154.73333333333332	156.06	156.10666666666665	156.82666666666665	157.16666666666666	157.2	157.02666666666667	157.55333333333334	157.51333333333332	157.92666666666668	157.86666666666667	157.51333333333332	158.45333333333335	158.61333333333334	158.36	158.07333333333332	158.44666666666666	158.21333333333334	158.36	159.08	158.06	158.34666666666666	157.92	157.57333333333332	157.14	157.39333333333335	157.11333333333334	156.4	156.37333333333333	156.01333333333332	155.3	154.52	153.83333333333334	153.26666666666668	152.09333333333333	151.22	150.54	149.38	148.94666666666666	147.10666666666665	145.5	144.78	142.79333333333332	140.82666666666665	137.96	135.34666666666666	131.8	126.91333333333333	119.91333333333333	108.48666666666666	0.0
0.0	107.94	120.05333333333333	126.83333333333333	131.47333333333333	134.44	137.67333333333335	140.22	142.54666666666665	144.36	145.82666666666665	146.98	148.32	148.98	150.00666666666666	150.88	151.92	152.22666666666666	153.04666666666665	153.16666666666666	153.79333333333332	155.05333333333334	155.82	156.12	156.45333333333335	157.26666666666668	157.25333333333333	157.72666666666666	157.42666666666668	157.96	158.28	158.57333333333332	158.16	158.24666666666667	158.20666666666668	157.82666666666665	157.76	157.9	157.06666666666666	157.86666666666667	157.41333333333333	157.41333333333333	157.12666666666667	157.54	157.37333333333333	156.78	157.09333333333333	156.07333333333332	156.61333333333334	155.68666666666667	155.43333333333334	154.74	154.03333333333333	153.93333333333334	153.32	152.62666666666667	151.92666666666668	150.71333333333334	149.71333333333334	148.9	147.82	147.26	145.50666666666666	143.66666666666666	141.98	139.94666666666666	137.34	134.59333333333333	131.41333333333333	126.16666666666667	120.02666666666667	108.22666666666667	0.0
0.0	108.31333333333333	119.66666666666667	126.54	131.14	134.34	137.64	139.62	142.33333333333334	144.18	145.44666666666666	146.72666666666666	148.62	149.86	150.73333333333332	151.46666666666667	152.38	153.06666666666666	153.66666666666666	154.54	154.9	155.29333333333332	155.56	155.42666666666668	156.38666666666666	156.2	156.9	157.45333333333335	157.52666666666667	158.38666666666666	158.52666666666667	159.10666666666665	159.14	159.03333333333333	159.5	158.89333333333335	158.73333333333332	159.12666666666667	158.64666666666668	159.02	158.67333333333335	158.49333333333334	158.34	157.85333333333332	157.62666666666667	156.83333333333334	156.94666666666666	156.46666666666667	155.96	155.50666666666666	155.48	154.38666666666666	153.69333333333333	153.50666666666666	153.40666666666667	152.58	151.60666666666665	151.45333333333335	149.91333333333333	149.04	148.14	147.44	145.72666666666666	144.22666666666666	142.30666666666667	139.74666666666667	137.93333333333334	134.50666666666666	131.65333333333334	126.29333333333334	119.82	108.38666666666667	0.0
0.0	108.06666666666666	120.18666666666667	126.72	131.84	135.10666666666665	137.55333333333334	140.62666666666667	143.06	145.07333333333332	146.13333333333333	147.1	148.62666666666667	149.58	150.47333333333333	151.34	152.48666666666668	153.5	154.24	154.77333333333334	155.05333333333334	155.6	156.16	156.82	157.11333333333334	157.28	157.81333333333333	158.20666666666668	158.12666666666667	158.5	158.80666666666667	158.73333333333332	159.34666666666666	159.24	158.82	158.55333333333334	158.80666666666667	159.20666666666668	158.67333333333335	158.73333333333332	158.80666666666667	158.48666666666668	157.85333333333332	158.20666666666668	157.67333333333335	157.64666666666668	157.63333333333333	157.26666666666668	156.28	156.14666666666668	155.75333333333333	155.0	154.58	154.14666666666668	153.2	152.82	151.68666666666667	151.19333333333333	150.59333333333333	149.34	148.06666666666666	146.84	145.18	143.82	142.06666666666666	140.03333333333333	137.47333333333333	135.17333333333335	131.62666666666667	126.69333333333333	119.93333333333334	107.79333333333334	0.0
0.0	107.88666666666667	119.94666666666667	127.05333333333333	131.51333333333332	134.99333333333334	138.06666666666666	140.48	142.26666666666668	143.98	145.66	146.72	147.83333333333334	149.13333333333333	150.21333333333334	151.16	151.48666666666668	152.47333333333333	153.52666666666667	153.99333333333334	154.52	155.28666666666666	155.46666666666667	155.67333333333335	156.18666666666667	156.76	157.17333333333335	157.12	157.40666666666667	157.48	158.16	158.57333333333332	158.43333333333334	158.80666666666667	158.66666666666666	158.74666666666667	158.94666666666666	158.54666666666665	158.54	158.82666666666665	158.54	158.41333333333333	158.64666666666668	157.97333333333333	157.31333333333333	157.24666666666667	156.7	156.46	156.36666666666667	156.39333333333335	155.98	155.27333333333334	154.69333333333333	154.16666666666666	153.85333333333332	152.60666666666665	151.98	150.9	150.08	149.04666666666665	148.03333333333333	146.67333333333335	144.94	143.83333333333334	141.88666666666666	140.07333333333332	138.28	135.15333333333334	131.50666666666666	126.61333333333333	120.19333333333333	108.50666666666666	0.0
0.0	108.19333333333333	119.70666666666666	126.98	131.18666666666667	134.6	137.40666666666667	139.95333333333335	141.8	143.71333333333334	145.24666666666667	146.91333333333333	148.44	149.26666666666668	149.95333333333335	151.14	151.84666666666666	152.16666666666666	153.43333333333334	153.92666666666668	154.38	154.50666666666666	154.87333333333333	155.54	155.54	156.28666666666666	156.24666666666667	156.04	156.40666666666667	156.57333333333332	156.80666666666667	156.57333333333332	156.88	156.51333333333332	157.44	157.17333333333335	157.56	157.77333333333334	157.12	157.5	157.14	157.34	157.50666666666666	157.1	156.72	156.78666666666666	156.22	156.54666666666665	155.83333333333334	155.27333333333334	154.69333333333333	154.66	154.48	154.57333333333332	153.25333333333333	152.1	151.35333333333332	150.23333333333332	149.51333333333332	148.87333333333333	147.68666666666667	146.80666666666667	145.41333333333333	143.96	142.06	139.78666666666666	137.45333333333335	134.90666666666667	131.98666666666668	127.22	120.51333333333334	108.26666666666667	0.0
0.0	108.45333333333333	120.08666666666667	126.40666666666667	131.03333333333333	134.29333333333332	137.25333333333333	139.69333333333333	141.92	144.13333333333333	145.12666666666667	146.69333333333333	148.11333333333334	148.96	150.16666666666666	150.65333333333334	151.69333333333333	152.83333333333334	152.9	153.30666666666667	153.7	154.42666666666668	155.08666666666667	155.52	155.52	155.64666666666668	155.74	156.41333333333333	156.54666666666665	156.33333333333334	156.96666666666667	156.76666666666668	157.51333333333332	157.65333333333334	157.83333333333334	157.84	157.72666666666666	157.73333333333332	157.94	157.66	158.03333333333333	157.82	158.00666666666666	157.52666666666667	156.82	156.92	156.84666666666666	155.78666666666666	155.66666666666666	155.38666666666666	154.32666666666665	154.51333333333332	154.10666666666665	153.66	153.25333333333333	152.49333333333334	151.37333333333333	150.80666666666667	150.16666666666666	149.44	148.2	146.65333333333334	145.34	143.96666666666667	142.43333333333334	140.42	137.67333333333335	134.65333333333334	130.86	126.84666666666666	120.08	107.96666666666667	0.0
0.0	108.27333333333333	119.88	126.4	130.92666666666668	134.32666666666665	137.55333333333334	139.32	141.63333333333333	142.98666666666668	144.91333333333333	146.19333333333333	147.38666666666666	148.4	149.79333333333332	150.82	151.27333333333334	152.44	153.45333333333335	154.21333333333334	154.64666666666668	155.55333333333334	156.21333333333334	156.82	156.88	157.44666666666666	157.03333333333333	156.87333333333333	157.62	158.26666666666668	158.07333333333332	157.86666666666667	158.25333333333333	158.69333333333333	159.2	159.06	159.35333333333332	159.06666666666666	159.52	159.4	158.75333333333333	158.53333333333333	157.88666666666666	157.43333333333334	157.29333333333332	157.02666666666667	156.7	156.55333333333334	156.33333333333334	156.04666666666665	155.18666666666667	154.18666666666667	154.44666666666666	153.92666666666668	153.28	152.76666666666668	151.82	151.33333333333334	150.04	149.45333333333335	148.17333333333335	147.21333333333334	145.93333333333334	144.31333333333333	142.22	140.52	138.26	135.30666666666667	131.95333333333335	127.23333333333333	119.78666666666666	107.95333333333333	0.0
0.0	107.62666666666667	119.00666666666666	126.22666666666667	130.58	134.31333333333333	137.0	139.94	140.48	142.44	143.99333333333334	146.22666666666666	147.22666666666666	148.3	149.32	149.66666666666666	151.26666666666668	151.96	152.52666666666667	153.15333333333334	153.47333333333333	153.88666666666666	154.14666666666668	155.22	155.45333333333335	155.92	156.37333333333333	156.46666666666667	156.79333333333332	157.47333333333333	157.86	157.64	157.54666666666665	157.76	158.33333333333334	157.87333333333333	157.56	157.7	157.46666666666667	157.69333333333333	157.50666666666666	157.1	156.84	156.92	156.62666666666667	156.53333333333333	156.28666666666666	156.16666666666666	155.8	155.96	155.76	155.09333333333333	154.54	153.51333333333332	152.90666666666667	151.90666666666667	151.61333333333334	150.85333333333332	149.32666666666665	148.4	147.1	146.47333333333333	145.15333333333334	143.34666666666666	141.4	139.04	137.36	134.16	130.84	126.22	119.33333333333333	107.75333333333333	0.0
0.0	108.04	119.63333333333334	126.48	131.42666666666668	134.67333333333335	137.61333333333334	139.8	141.52666666666667	143.24	144.73333333333332	145.94666666666666	147.01333333333332	148.62	149.93333333333334	150.76	151.78666666666666	152.48666666666668	153.11333333333334	154.06666666666666	154.28666666666666	154.92666666666668	155.18666666666667	155.82666666666665	156.38	156.87333333333333	156.62	156.89333333333335	157.1	156.92	157.84	158.52666666666667	157.99333333333334	158.29333333333332	157.76666666666668	158.26	158.73333333333332	158.53333333333333	158.47333333333333	158.42666666666668	157.63333333333333	157.92	158.08666666666667	156.79333333333332	156.52	156.52	156.43333333333334	155.64	155.86	155.49333333333334	155.08666666666667	154.26666666666668	154.0	153.22666666666666	152.88666666666666	151.90666666666667	151.0	150.4	149.17333333333335	148.14666666666668	147.70666666666668	146.07333333333332	145.19333333333333	143.70666666666668	141.75333333333333	139.96666666666667	137.69333333333333	135.3	131.44666666666666	126.61333333333333	120.00666666666666	108.44	0.0
0.0	108.6	120.15333333333334	127.1	131.84	135.85333333333332	138.58666666666667	140.40666666666667	141.96666666666667	143.92666666666668	145.33333333333334	146.72	147.47333333333333	149.00666666666666	150.04	151.07333333333332	152.10666666666665	153.40666666666667	154.58	154.48666666666668	155.48	155.9	156.74666666666667	157.10666666666665	156.98	157.00666666666666	157.53333333333333	157.66	158.21333333333334	158.7	159.21333333333334	159.02	159.69333333333333	159.62666666666667	159.12666666666667	158.74	158.64666666666668	158.61333333333334	159.21333333333334	159.24	158.93333333333334	158.38	158.16	157.76	157.92666666666668	157.78666666666666	157.16666666666666	157.10666666666665	156.20666666666668	156.68	155.88	155.50666666666666	154.61333333333334	154.44	154.00666666666666	153.51333333333332	152.24	151.84666666666666	150.82	149.27333333333334	148.85333333333332	147.21333333333334	145.98	144.4	142.68	140.76666666666668	138.51333333333332	135.19333333333333	131.79333333333332	127.14666666666666	119.64666666666666	108.74666666666667	0.0
0.0	107.79333333333334	119.82666666666667	125.87333333333333	130.86	134.72	136.88	139.73333333333332	141.56	143.85333333333332	144.98	146.71333333333334	147.88666666666666	148.88	149.79333333333332	150.48	152.01333333333332	152.61333333333334	153.57333333333332	154.03333333333333	155.39333333333335	155.52	155.81333333333333	155.7	156.34666666666666	156.75333333333333	156.86	157.16666666666666	157.14666666666668	156.79333333333332	157.25333333333333	157.92	158.14666666666668	158.06	158.42666666666668	158.56666666666666	158.32	158.86666666666667	158.16666666666666	158.16	157.36	157.97333333333333	157.97333333333333	157.52	157.30666666666667	156.66	156.22666666666666	156.30666666666667	155.91333333333333	155.73333333333332	155.1	154.70666666666668	154.74	154.08	153.69333333333333	152.78	152.43333333333334	151.34	150.20666666666668	149.44	148.54666666666665	147.42	145.47333333333333	143.92	142.58	140.45333333333335	137.87333333333333	135.26666666666668	131.34	126.86	119.77333333333333	107.89333333333333	0.0
0.0	108.06	120.40666666666667	127.01333333333334	131.34	135.1	137.67333333333335	140.44	142.69333333333333	144.42	145.44	147.08666666666667	148.26	149.12666666666667	150.05333333333334	150.64666666666668	151.52666666666667	151.94	152.81333333333333	153.58666666666667	154.28	154.76666666666668	155.26666666666668	155.72	156.37333333333333	156.25333333333333	156.94666666666666	157.35333333333332	157.09333333333333	157.60666666666665	157.82666666666665	158.00666666666666	158.15333333333334	158.49333333333334	158.36666666666667	159.01333333333332	158.79333333333332	158.36666666666667	158.67333333333335	158.51333333333332	158.13333333333333	158.13333333333333	157.90666666666667	157.24666666666667	156.98666666666668	156.66	156.17333333333335	155.82	155.14	155.05333333333334	155.04	154.05333333333334	153.73333333333332	153.5	152.40666666666667	151.5	151.2	150.68	150.22	148.91333333333333	147.61333333333334	146.9	144.52666666666667	143.81333333333333	142.23333333333332	140.03333333333333	137.24	134.36666666666667	130.93333333333334	126.79333333333334	120.28	108.53333333333333	0.0
0.0	108.26	120.2	126.36	131.34	134.85333333333332	137.73333333333332	140.36	142.11333333333334	143.9	145.85333333333332	146.78666666666666	148.20666666666668	149.25333333333333	150.36	150.73333333333332	151.7	152.52	152.65333333333334	154.01333333333332	154.23333333333332	154.29333333333332	155.08666666666667	155.50666666666666	155.96666666666667	156.17333333333335	156.31333333333333	156.69333333333333	157.41333333333333	157.88	157.52	158.2	157.74	158.00666666666666	157.72	157.68666666666667	158.5	158.54666666666665	158.62	158.42666666666668	158.30666666666667	158.39333333333335	157.69333333333333	157.40666666666667	157.5	157.52666666666667	156.98666666666668	156.68	156.62	156.48	155.74666666666667	154.32666666666665	154.36666666666667	153.36666666666667	152.88666666666666	152.07333333333332	151.34	151.06	150.52666666666667	149.66	148.46666666666667	147.77333333333334	145.97333333333333	144.17333333333335	142.48	140.23333333333332	137.93333333333334	135.29333333333332	131.83333333333334	126.36666666666666	119.54666666666667	108.11333333333333	0.0
0.0	108.31333333333333	120.12	126.86	131.25333333333333	134.48666666666668	137.77333333333334	139.7	141.45333333333335	143.48	144.98	146.51333333333332	148.07333333333332	148.78666666666666	149.86	150.92666666666668	152.32	152.74666666666667	154.11333333333334	154.40666666666667	154.90666666666667	155.39333333333335	155.42666666666668	156.42666666666668	156.61333333333334	157.1	157.03333333333333	157.4	158.17333333333335	157.92666666666668	157.66	157.77333333333334	158.04666666666665	158.02	158.08666666666667	158.25333333333333	158.38666666666666	158.72	158.88	158.79333333333332	158.37333333333333	158.4	158.48666666666668	158.32666666666665	157.87333333333333	157.58	158.28666666666666	157.34	157.36666666666667	157.40666666666667	156.22666666666666	155.62666666666667	154.95333333333335	154.91333333333333	153.49333333333334	153.02	152.12666666666667	151.18	149.74666666666667	149.19333333333333	147.66	146.38	144.77333333333334	143.46	141.82666666666665	139.59333333333333	137.25333333333333	134.67333333333335	131.46666666666667	126.27333333333333	119.62666666666667	108.33333333333333	0.0
0.0	108.22666666666667	119.40666666666667	126.25333333333333	131.61333333333334	135.35333333333332	137.96	140.40666666666667	142.38666666666666	143.82666666666665	145.38	147.03333333333333	147.73333333333332	148.92	149.62666666666667	150.49333333333334	151.57333333333332	152.42	152.98666666666668	154.02666666666667	154.26666666666668	155.14	155.80666666666667	155.59333333333333	156.49333333333334	156.80666666666667	157.56666666666666	157.84	157.94	157.35333333333332	157.78666666666666	158.08666666666667	158.18666666666667	158.44666666666666	158.47333333333333	158.20666666666668	158.78	158.09333333333333	158.38	158.55333333333334	158.52	158.22666666666666	157.8	157.62666666666667	157.61333333333334	156.95333333333335	156.77333333333334	156.34666666666666	156.26	155.68666666666667	155.80666666666667	155.04	154.65333333333334	154.6	153.78666666666666	152.76666666666668	151.92666666666668	150.88666666666666	150.69333333333333	149.17333333333335	147.93333333333334	146.52	144.82666666666665	143.78666666666666	141.98	139.82	137.58666666666667	134.76666666666668	130.65333333333334	126.58666666666667	119.59333333333333	108.02	0.0
0.0	108.38	119.99333333333334	126.74	131.30666666666667	134.64	137.78	139.24	141.35333333333332	142.69333333333333	144.60666666666665	145.75333333333333	147.32	148.29333333333332	149.56	150.44	151.04666666666665	151.87333333333333	153.26	153.6	154.38	154.9	154.72666666666666	155.28	155.93333333333334	156.70666666666668	156.42	157.28666666666666	157.05333333333334	157.74666666666667	158.12666666666667	158.14666666666668	158.26	158.24	158.65333333333334	158.24	158.48	157.84	158.18666666666667	158.16	158.3	158.41333333333333	158.58	157.91333333333333	157.68	157.36	156.79333333333332	156.82666666666665	156.46666666666667	155.78	155.35333333333332	155.33333333333334	154.83333333333334	154.34	153.88	152.84	152.12666666666667	151.0	149.94	149.44	148.45333333333335	146.97333333333333	145.4	143.91333333333333	142.16666666666666	140.66	137.53333333333333	134.80666666666667	131.50666666666666	126.91333333333333	120.13333333333334	107.94666666666667	0.0
0.0	108.57333333333334	120.02	126.88	131.51333333333332	135.00666666666666	138.12	140.80666666666667	142.46	144.9	145.99333333333334	147.85333333333332	148.64666666666668	149.32666666666665	150.44	151.64	152.5	153.29333333333332	153.81333333333333	154.44	154.77333333333334	155.87333333333333	156.1	156.26	157.24	157.42	158.09333333333333	158.06	158.64666666666668	158.60666666666665	158.79333333333332	159.15333333333334	158.54666666666665	159.39333333333335	159.42666666666668	159.27333333333334	158.85333333333332	158.97333333333333	158.94	159.38666666666666	159.30666666666667	158.46666666666667	158.34	158.24	158.0	157.82	157.70666666666668	157.91333333333333	157.19333333333333	156.24	155.66666666666666	155.39333333333335	154.54666666666665	154.54	153.69333333333333	153.28	152.28	151.82666666666665	150.63333333333333	149.49333333333334	148.42666666666668	146.55333333333334	145.24	144.05333333333334	142.26666666666668	139.7	138.05333333333334	135.25333333333333	131.42666666666668	127.08666666666667	120.00666666666666	108.89333333333333	0.0
0.0	108.15333333333334	119.96666666666667	126.77333333333333	131.6	134.36666666666667	137.38	139.87333333333333	141.68	144.09333333333333	145.24666666666667	146.73333333333332	147.36666666666667	148.47333333333333	149.74	150.32	151.54	152.15333333333334	153.12666666666667	153.44	154.02666666666667	154.61333333333334	155.06	155.41333333333333	155.71333333333334	156.58666666666667	156.82	157.44666666666666	157.86	157.66	158.22666666666666	158.07333333333332	158.61333333333334	158.24	157.94666666666666	158.27333333333334	157.80666666666667	157.74	158.18666666666667	157.2	157.47333333333333	157.60666666666665	156.45333333333335	156.72666666666666	156.91333333333333	156.58666666666667	156.35333333333332	155.84666666666666	155.54666666666665	154.98	154.95333333333335	154.18666666666667	153.66666666666666	153.08	152.77333333333334	152.04666666666665	151.85333333333332	150.70666666666668	149.68666666666667	148.76666666666668	147.73333333333332	146.62	145.0	143.4	141.84666666666666	139.60666666666665	137.4	134.58	130.93333333333334	126.35333333333334	119.89333333333333	108.3	0.0
0.0	107.82666666666667	119.6	126.33333333333333	131.64666666666668	134.92666666666668	137.76	139.89333333333335	142.05333333333334	143.34666666666666	145.65333333333334	147.07333333333332	148.26	149.54	150.1	151.33333333333334	151.93333333333334	153.1	153.91333333333333	154.68	155.38666666666666	155.35333333333332	156.08666666666667	156.46	156.69333333333333	157.18666666666667	157.89333333333335	157.61333333333334	158.49333333333334	158.56	158.55333333333334	158.38	159.1	159.34666666666666	159.34	159.01333333333332	159.10666666666665	159.61333333333334	159.09333333333333	159.31333333333333	159.11333333333334	158.86666666666667	159.01333333333332	158.53333333333333	158.12	158.22666666666666	157.52	156.82666666666665	156.50666666666666	155.36666666666667	155.68	154.78	154.60666666666665	153.86666666666667	153.02666666666667	151.92666666666668	150.96666666666667	150.79333333333332	150.04	149.53333333333333	148.48	147.11333333333334	145.6	144.35333333333332	142.69333333333333	140.40666666666667	138.4	135.66	132.33333333333334	127.57333333333334	120.02	108.32	0.0
0.0	108.35333333333334	120.00666666666666	126.82666666666667	131.46666666666667	135.35333333333332	137.86	140.13333333333333	141.67333333333335	143.44	145.24666666666667	147.00666666666666	148.39333333333335	148.62666666666667	149.83333333333334	150.26666666666668	151.21333333333334	152.52666666666667	153.04	153.24666666666667	154.06666666666666	154.12	154.72666666666666	155.22666666666666	155.38666666666666	155.62	156.12	156.21333333333334	156.44666666666666	157.2	157.28	157.15333333333334	157.63333333333333	157.51333333333332	157.4	157.59333333333333	157.72	157.62	158.06666666666666	157.96	157.74666666666667	157.80666666666667	157.14666666666668	157.24666666666667	156.75333333333333	156.45333333333335	156.8	156.36	155.7	155.49333333333334	154.76666666666668	154.24	153.79333333333332	153.46	153.04	152.32	151.83333333333334	151.22666666666666	150.20666666666668	149.38	148.45333333333335	147.38	146.28666666666666	144.64666666666668	142.45333333333335	140.47333333333333	137.96	135.2	131.36	127.25333333333333	120.52666666666667	108.12666666666667	0.0
0.0	108.28	119.71333333333334	126.55333333333333	131.3	135.02666666666667	137.71333333333334	139.96666666666667	141.82	143.14666666666668	145.02	146.80666666666667	147.93333333333334	149.11333333333334	150.5	151.03333333333333	151.89333333333335	152.87333333333333	153.24	154.32666666666665	154.71333333333334	154.84	155.17333333333335	155.76	156.75333333333333	156.77333333333334	156.69333333333333	156.71333333333334	157.25333333333333	157.47333333333333	157.2	157.64	157.88	158.2	158.29333333333332	158.72666666666666	158.28666666666666	158.18	158.73333333333332	158.75333333333333	158.59333333333333	158.16666666666666	158.14	157.94666666666666	157.15333333333334	157.34	157.30666666666667	156.74	156.57333333333332	155.93333333333334	155.70666666666668	155.24	154.83333333333334	154.12	153.30666666666667	153.44666666666666	152.64666666666668	151.64	150.22666666666666	149.05333333333334	147.66666666666666	146.95333333333335	145.57333333333332	144.28	141.94666666666666	140.60666666666665	137.74	134.63333333333333	130.61333333333334	125.99333333333334	119.36	107.84	0.0
0.0	107.94	119.77333333333333	126.18	130.82666666666665	134.74	137.18	138.8	141.37333333333333	143.24666666666667	144.72666666666666	146.38	147.7	149.1	149.74	150.66666666666666	151.12666666666667	152.60666666666665	153.53333333333333	153.96666666666667	154.18666666666667	154.58	154.62	154.92	155.48	155.63333333333333	156.02	156.4	156.59333333333333	157.16666666666666	157.69333333333333	158.06	157.82666666666665	157.94	158.08666666666667	157.86666666666667	158.23333333333332	158.00666666666666	157.67333333333335	158.52666666666667	158.02	157.6	157.64666666666668	157.51333333333332	157.68666666666667	156.68	156.22666666666666	156.04	155.8	155.10666666666665	154.92666666666668	154.58666666666667	153.94666666666666	153.54	153.41333333333333	152.66	152.08666666666667	151.34666666666666	150.08	148.74	148.13333333333333	147.03333333333333	145.21333333333334	143.54	141.83333333333334	140.21333333333334	137.80666666666667	134.52	131.0	126.5	119.89333333333333	108.02	0.0
0.0	107.96666666666667	119.33333333333333	126.78666666666666	131.34	135.06666666666666	137.48666666666668	140.18	142.26666666666668	143.98666666666668	145.68666666666667	146.86666666666667	148.43333333333334	149.45333333333335	150.09333333333333	151.06666666666666	152.19333333333333	152.72	153.68666666666667	154.7	155.11333333333334	155.64666666666668	155.90666666666667	155.58666666666667	156.70666666666668	157.48666666666668	157.70666666666668	158.28666666666666	158.26666666666668	158.46	158.90666666666667	158.9	158.85333333333332	158.63333333333333	158.94	158.89333333333335	158.64666666666668	158.3	158.63333333333333	158.51333333333332	158.57333333333332	158.91333333333333	158.29333333333332	158.54	158.12	158.08	157.48	156.96666666666667	156.4	155.84666666666666	155.58666666666667	154.81333333333333	154.44	154.34666666666666	153.33333333333334	152.74666666666667	151.54666666666665	150.98666666666668	150.40666666666667	149.47333333333333	148.29333333333332	147.10666666666665	145.66	144.28	142.25333333333333	140.41333333333333	138.56	135.31333333333333	131.92666666666668	126.99333333333334	120.41333333333333	108.6	0.0
0.0	107.92	119.52666666666667	126.55333333333333	130.95333333333335	134.88	137.73333333333332	140.06666666666666	142.3	143.66	145.91333333333333	146.74666666666667	147.90666666666667	149.02	149.92666666666668	151.54	151.94	153.01333333333332	153.7	154.00666666666666	155.16	155.19333333333333	155.51333333333332	156.31333333333333	156.83333333333334	157.01333333333332	157.37333333333333	157.04	157.8	157.82666666666665	158.35333333333332	158.2	158.56	158.28666666666666	158.12666666666667	158.31333333333333	159.14	158.80666666666667	158.74	158.52666666666667	158.25333333333333	157.70666666666668	157.74666666666667	157.86	157.7	157.60666666666665	157.48666666666668	156.94666666666666	156.72666666666666	156.20666666666668	155.69333333333333	155.21333333333334	154.36	153.72	153.25333333333333	152.4	151.60666666666665	151.28666666666666	150.21333333333334	149.26666666666668	148.68	147.20666666666668	145.64	144.08	141.52	139.36666666666667	137.86666666666667	134.87333333333333	131.31333333333333	126.12666666666667	119.88	108.33333333333333	0.0
0.0	108.11333333333333	119.92	126.90666666666667	131.62	135.25333333333333	138.33333333333334	140.26666666666668	142.12	144.44666666666666	144.91333333333333	146.94666666666666	147.5	148.98	149.98666666666668	151.52666666666667	152.01333333333332	152.81333333333333	153.06	153.60666666666665	154.72	155.54	156.2	156.62666666666667	156.98666666666668	156.98	156.94666666666666	157.4	157.00666666666666	157.29333333333332	157.69333333333333	158.16	158.58666666666667	158.69333333333333	158.45333333333335	158.55333333333334	158.49333333333334	158.8	158.24666666666667	158.61333333333334	158.28666666666666	158.38666666666666	158.08	157.85333333333332	157.6	157.09333333333333	157.24666666666667	156.95333333333335	156.76666666666668	156.38	155.76666666666668	155.63333333333333	154.96	154.08	153.76666666666668	152.3	151.53333333333333	150.70666666666668	149.7	148.90666666666667	148.00666666666666	146.77333333333334	145.80666666666667	144.32	142.47333333333333	140.10666666666665	138.20666666666668	135.23333333333332	131.37333333333333	126.52666666666667	120.02666666666667	108.42	0.0
0.0	108.48	119.78	126.69333333333333	131.42	134.71333333333334	137.88666666666666	140.56666666666666	142.61333333333334	144.42	145.72	147.00666666666666	148.70666666666668	149.65333333333334	150.42666666666668	151.18	151.84	152.74	153.25333333333333	153.52	154.50666666666666	154.90666666666667	155.94	156.06	156.32	156.50666666666666	156.97333333333333	157.19333333333333	157.48	157.84666666666666	158.23333333333332	158.15333333333334	158.42666666666668	158.06	158.23333333333332	158.25333333333333	158.9	158.94666666666666	158.88666666666666	158.94666666666666	158.74666666666667	158.79333333333332	158.13333333333333	158.16	157.8	157.29333333333332	157.17333333333335	157.58	156.82666666666665	155.82	155.64	155.26666666666668	155.34	154.21333333333334	153.72666666666666	152.92	152.2	151.37333333333333	150.25333333333333	148.89333333333335	147.94666666666666	146.91333333333333	145.14	143.94666666666666	141.93333333333334	140.24666666666667	137.42666666666668	134.59333333333333	131.33333333333334	126.40666666666667	119.86666666666666	107.90666666666667	0.0
0.0	107.91333333333333	119.40666666666667	125.98	130.55333333333334	134.72	137.46	139.53333333333333	141.56	143.42	144.80666666666667	146.51333333333332	147.80666666666667	148.90666666666667	150.29333333333332	151.17333333333335	151.99333333333334	152.12666666666667	153.12666666666667	154.16666666666666	154.09333333333333	154.61333333333334	154.89333333333335	155.50666666666666	155.71333333333334	156.36	156.47333333333333	156.74	157.44666666666666	157.62666666666667	157.73333333333332	157.68	158.2	158.08666666666667	158.17333333333335	158.25333333333333	158.49333333333334	158.48666666666668	158.62666666666667	157.81333333333333	157.81333333333333	157.67333333333335	157.99333333333334	157.70666666666668	157.64	157.31333333333333	156.94666666666666	157.05333333333334	155.96666666666667	156.12666666666667	155.46666666666667	155.11333333333334	154.76666666666668	153.98666666666668	153.17333333333335	152.27333333333334	151.41333333333333	151.01333333333332	150.29333333333332	149.45333333333335	148.12666666666667	147.17333333333335	145.51333333333332	143.5	141.94	139.94	137.56666666666666	134.72	131.22666666666666	126.17333333333333	119.64	107.84	0.0
0.0	108.01333333333334	119.80666666666667	126.82	131.19333333333333	134.40666666666667	137.33333333333334	139.78666666666666	142.04666666666665	143.95333333333335	145.48	146.64	147.77333333333334	149.19333333333333	149.98	150.94666666666666	151.90666666666667	152.18	152.93333333333334	154.0	154.48	155.28	155.54666666666665	156.04	156.62666666666667	156.89333333333335	157.16666666666666	157.5	157.62	158.16	158.02666666666667	157.80666666666667	157.95333333333335	158.12	158.58	158.39333333333335	158.54	158.43333333333334	158.69333333333333	158.04666666666665	157.81333333333333	157.53333333333333	157.72	157.82	157.44666666666666	157.25333333333333	157.14	156.94	156.34	155.68	155.38	154.42	154.43333333333334	153.94	153.02	152.52666666666667	151.35333333333332	151.14	149.77333333333334	148.95333333333335	147.76666666666668	146.04666666666665	145.14666666666668	143.71333333333334	141.56666666666666	139.9	138.04	134.89333333333335	131.21333333333334	126.90666666666667	119.76	107.4	0.0
0.0	107.78666666666666	119.8	126.43333333333334	131.50666666666666	134.98	137.24666666666667	139.16	142.33333333333334	143.81333333333333	145.42	146.51333333333332	148.02	148.94666666666666	149.78	150.33333333333334	151.04	151.87333333333333	152.56	152.98666666666668	153.25333333333333	154.44	155.26	155.44	156.11333333333334	156.80666666666667	157.28	157.14	157.51333333333332	157.98	158.27333333333334	158.66	158.49333333333334	158.54	158.53333333333333	158.54666666666665	158.93333333333334	158.98666666666668	158.94666666666666	158.65333333333334	157.86666666666667	157.94	157.82666666666665	158.03333333333333	157.77333333333334	157.50666666666666	157.35333333333332	157.23333333333332	156.87333333333333	156.1	155.58	154.81333333333333	154.58666666666667	154.27333333333334	153.70666666666668	153.08	151.93333333333334	151.08666666666667	149.54666666666665	149.22	147.76	146.29333333333332	145.22666666666666	143.6	142.33333333333334	140.13333333333333	137.62666666666667	134.50666666666666	130.46	126.08	119.89333333333333	108.18	0.0
0.0	108.16	119.88	126.76666666666667	131.26666666666668	135.26	137.65333333333334	140.06	142.02	143.6	145.04	146.78666666666666	148.31333333333333	149.09333333333333	150.04666666666665	150.84	152.01333333333332	152.9	153.28666666666666	153.73333333333332	154.62	155.37333333333333	155.74	156.2	156.18	156.16666666666666	156.9	157.10666666666665	157.45333333333335	157.7	157.57333333333332	158.0	158.31333333333333	157.66666666666666	158.28	158.70666666666668	158.81333333333333	158.30666666666667	158.65333333333334	158.57333333333332	158.34	158.12666666666667	158.44666666666666	158.16	158.14666666666668	157.3	157.20666666666668	157.00666666666666	156.63333333333333	155.92	155.97333333333333	155.46	154.52666666666667	153.79333333333332	153.46666666666667	152.72	151.8	151.25333333333333	149.69333333333333	149.22666666666666	148.08666666666667	147.15333333333334	145.60666666666665	143.60666666666665	141.78666666666666	140.24666666666667	138.01333333333332	135.0	131.43333333333334	127.02	120.2	108.55333333333333	0.0
0.0	108.26	119.65333333333334	126.54	131.41333333333333	135.07333333333332	137.89333333333335	140.60666666666665	142.31333333333333	143.86666666666667	145.73333333333332	146.90666666666667	148.08	149.1	150.06	150.75333333333333	151.52	152.57333333333332	153.39333333333335	154.73333333333332	155.1	154.93333333333334	155.38	156.15333333333334	157.02	157.27333333333334	157.23333333333332	157.94	157.84	157.82666666666665	158.69333333333333	158.94666666666666	158.59333333333333	158.52666666666667	158.08666666666667	158.24	158.73333333333332	158.30666666666667	158.15333333333334	158.02	157.65333333333334	157.93333333333334	157.91333333333333	157.39333333333335	157.16666666666666	156.81333333333333	156.50666666666666	156.31333333333333	155.52	155.55333333333334	155.11333333333334	154.68	153.6	153.62	152.55333333333334	151.82666666666665	150.96666666666667	150.08666666666667	148.8	147.5	147.69333333333333	145.36666666666667	144.25333333333333	142.66	141.32	139.53333333333333	137.52	134.2	130.69333333333333	126.06666666666666	119.29333333333334	108.21333333333334	0.0
0.0	108.00666666666666	119.90666666666667	125.95333333333333	130.96	134.62	137.75333333333333	139.98666666666668	141.92	143.08666666666667	145.22	146.7	147.88666666666666	148.88	150.78666666666666	151.33333333333334	151.74	152.92666666666668	153.73333333333332	154.49333333333334	155.09333333333333	156.1	156.27333333333334	156.87333333333333	157.42	157.58666666666667	157.69333333333333	157.8	158.2	158.42666666666668	159.02	159.24	159.84	159.40666666666667	159.6	159.31333333333333	159.67333333333335	159.22666666666666	159.10666666666665	159.27333333333334	159.49333333333334	159.06666666666666	159.34	158.97333333333333	158.62666666666667	158.60666666666665	157.76666666666668	157.97333333333333	156.73333333333332	156.84666666666666	156.17333333333335	155.94666666666666	154.36666666666667	153.92	153.68	152.92	151.97333333333333	151.41333333333333	149.86	148.68666666666667	147.64	146.48666666666668	145.20666666666668	143.68	141.88	140.24666666666667	138.01333333333332	135.12666666666667	131.28666666666666	126.82666666666667	120.24666666666667	108.25333333333333	0.0
0.0	107.66666666666667	119.18	125.94	130.8	134.25333333333333	137.42666666666668	139.88	141.88	143.79333333333332	145.48	146.37333333333333	147.46666666666667	148.46666666666667	149.88	150.90666666666667	151.72666666666666	152.44666666666666	153.06666666666666	153.46	154.08666666666667	155.09333333333333	155.4	156.04	156.28	156.91333333333333	156.87333333333333	157.50666666666666	157.52	157.84	157.81333333333333	157.92	158.61333333333334	158.68	158.68	158.11333333333334	158.76666666666668	158.37333333333333	158.13333333333333	158.35333333333332	158.46	158.28	158.29333333333332	158.32	158.46	158.06	157.45333333333335	157.21333333333334	157.29333333333332	157.05333333333334	156.24666666666667	155.7	155.16666666666666	153.85333333333332	152.98666666666668	152.51333333333332	151.65333333333334	151.01333333333332	149.75333333333333	149.25333333333333	148.08666666666667	146.78666666666666	145.07333333333332	143.3	141.74666666666667	139.34	137.27333333333334	134.57333333333332	130.98666666666668	126.25333333333333	119.83333333333333	107.97333333333333	0.0
0.0	107.66666666666667	118.92666666666666	126.25333333333333	131.05333333333334	134.42	137.36666666666667	139.10666666666665	141.56666666666666	143.74	144.86	146.05333333333334	147.16	148.77333333333334	149.82666666666665	150.31333333333333	151.73333333333332	152.64666666666668	153.46666666666667	154.05333333333334	154.97333333333333	155.07333333333332	155.16666666666666	155.99333333333334	156.82666666666665	156.7	157.47333333333333	157.30666666666667	157.16	158.02	158.06	158.04666666666665	158.4	158.68	158.43333333333334	158.63333333333333	158.6	158.59333333333333	158.33333333333334	157.46666666666667	157.86	157.91333333333333	158.14	157.67333333333335	157.98666666666668	157.71333333333334	157.6	156.53333333333333	156.68	156.14666666666668	155.75333333333333	155.71333333333334	155.02	154.24	153.58666666666667	153.31333333333333	152.22666666666666	151.65333333333334	150.64666666666668	149.92666666666668	147.96666666666667	146.57333333333332	145.68666666666667	144.18666666666667	142.11333333333334	139.67333333333335	137.66666666666666	134.62	131.02666666666667	126.38666666666667	119.6	107.76666666666667	0.0
0.0	108.22	120.07333333333334	126.42	131.34	134.66666666666666	137.12666666666667	140.45333333333335	142.64	143.77333333333334	145.60666666666665	146.53333333333333	147.94666666666666	148.71333333333334	149.45333333333335	150.55333333333334	151.72	152.24	153.64666666666668	153.62	155.17333333333335	155.12	155.74666666666667	156.07333333333332	156.78666666666666	157.08666666666667	157.48	157.76	157.70666666666668	157.74666666666667	158.12	158.31333333333333	158.24666666666667	157.76	157.79333333333332	157.97333333333333	157.84666666666666	158.1	157.64666666666668	157.58	157.52666666666667	157.24	157.74	156.87333333333333	157.36	156.92666666666668	156.1	155.70666666666668	155.78	155.52	155.26	154.77333333333334	154.1	153.98666666666668	153.26666666666668	152.45333333333335	151.68	150.82666666666665	150.0	148.56666666666666	147.80666666666667	146.1	144.74666666666667	143.61333333333334	141.96	139.88	137.44666666666666	134.46	130.97333333333333	126.71333333333334	119.73333333333333	108.3	0.0
0.0	108.15333333333334	119.60666666666667	126.69333333333333	131.24666666666667	134.62	137.38	139.82	141.17333333333335	142.96	144.75333333333333	146.16	147.31333333333333	149.01333333333332	150.03333333333333	150.2	150.84	152.69333333333333	153.01333333333332	153.37333333333333	153.48	154.37333333333333	154.83333333333334	154.98666666666668	155.71333333333334	155.93333333333334	156.4	156.15333333333334	156.50666666666666	156.73333333333332	157.51333333333332	157.40666666666667	157.51333333333332	157.68666666666667	157.4	157.76	157.94	158.12666666666667	157.83333333333334	157.74	158.34	157.28666666666666	157.35333333333332	157.34	156.9	157.38666666666666	156.86	156.26	156.06	155.81333333333333	155.33333333333334	155.08	153.75333333333333	153.75333333333333	153.02666666666667	152.19333333333333	152.01333333333332	150.54666666666665	149.56	149.06	147.6	146.66	145.60666666666665	143.86666666666667	141.82666666666665	140.01333333333332	137.18666666666667	134.90666666666667	131.58666666666667	126.48666666666666	119.76666666666667	108.27333333333333	0.0
0.0	108.46	119.76	126.68666666666667	131.69333333333333	134.65333333333334	138.16	140.59333333333333	142.99333333333334	144.7	145.62666666666667	147.07333333333332	148.02666666666667	149.16	150.66	151.33333333333334	152.20666666666668	152.9	154.22666666666666	154.58666666666667	155.08666666666667	155.82	156.42	156.7	157.35333333333332	157.71333333333334	158.19333333333333	158.53333333333333	158.67333333333335	158.99333333333334	158.91333333333333	159.06666666666666	159.84	160.01333333333332	159.34666666666666	159.34666666666666	158.84666666666666	159.20666666666668	159.08666666666667	159.08666666666667	158.52	158.98666666666668	158.74	158.26666666666668	158.45333333333335	157.58666666666667	157.73333333333332	157.47333333333333	157.0	156.26	156.18	155.21333333333334	154.70666666666668	154.43333333333334	152.83333333333334	152.22	151.61333333333334	150.98	149.80666666666667	148.75333333333333	148.05333333333334	146.96666666666667	145.27333333333334	143.78666666666666	141.97333333333333	140.06	137.79333333333332	135.18	131.94	126.72666666666667	120.27333333333333	108.40666666666667	0.0
0.0	108.16	119.63333333333334	126.50666666666666	130.89333333333335	134.46	137.52	139.38666666666666	141.52666666666667	143.5	145.60666666666665	146.98666666666668	148.24	149.08	150.13333333333333	151.42	151.98	152.51333333333332	152.83333333333334	154.14	154.16666666666666	154.96666666666667	155.49333333333334	155.72	156.42666666666668	156.16	157.09333333333333	157.42	157.90666666666667	158.27333333333334	158.28	158.04666666666665	158.32	158.43333333333334	158.70666666666668	158.6	158.83333333333334	158.68	158.46	158.28666666666666	158.28	158.85333333333332	158.03333333333333	158.08	157.6	157.84666666666666	156.94	156.78666666666666	156.26	155.82	155.62666666666667	154.49333333333334	154.63333333333333	153.74	153.24	152.02	151.19333333333333	151.23333333333332	150.21333333333334	148.84666666666666	147.95333333333335	146.61333333333334	145.3	143.97333333333333	141.84	140.55333333333334	137.62666666666667	134.64	130.71333333333334	126.18	119.46	108.47333333333333	0.0
0.0	108.38666666666667	120.88	127.21333333333334	131.46666666666667	135.72	138.56666666666666	140.9	142.71333333333334	144.84666666666666	146.28666666666666	147.33333333333334	148.50666666666666	149.87333333333333	150.9	151.42666666666668	152.66	153.46	153.78666666666666	155.08666666666667	155.96666666666667	156.39333333333335	156.79333333333332	157.27333333333334	157.55333333333334	157.79333333333332	158.7	158.78666666666666	159.08666666666667	159.0	159.08	159.66	160.08	160.0	159.91333333333333	159.23333333333332	159.29333333333332	159.29333333333332	159.80666666666667	159.3	159.04666666666665	158.97333333333333	158.65333333333334	158.22666666666666	157.69333333333333	157.3	156.74666666666667	156.78	156.61333333333334	155.96	155.80666666666667	155.17333333333335	154.74666666666667	154.16666666666666	152.9	152.36666666666667	151.60666666666665	150.62	149.12	148.13333333333333	147.22	146.08	145.03333333333333	143.12	141.7	139.71333333333334	137.16	134.89333333333335	131.57333333333332	126.73333333333333	119.81333333333333	107.93333333333334	0.0
0.0	108.12666666666667	120.22	126.96666666666667	130.95333333333335	134.44	137.24666666666667	139.78666666666666	141.98666666666668	143.22	145.18	146.46666666666667	147.76	148.82666666666665	150.06	151.21333333333334	151.54	152.67333333333335	152.92666666666668	153.83333333333334	154.6	154.8	154.96	155.34666666666666	155.64666666666668	156.11333333333334	156.68666666666667	156.75333333333333	156.68	156.90666666666667	157.35333333333332	157.47333333333333	157.74666666666667	158.18	158.02666666666667	158.3	157.97333333333333	157.45333333333335	157.62	157.80666666666667	158.00666666666666	157.33333333333334	157.08666666666667	157.04	156.8	156.81333333333333	156.6	156.28	156.13333333333333	156.02	155.46666666666667	155.06	154.33333333333334	153.64	152.44666666666666	152.32	151.56	150.55333333333334	150.08666666666667	148.62666666666667	147.41333333333333	146.31333333333333	144.90666666666667	143.46	141.6	139.70666666666668	137.58	134.73333333333332	131.04666666666665	126.28666666666666	119.88666666666667	108.09333333333333	0.0
0.0	108.07333333333334	119.78666666666666	126.52666666666667	131.25333333333333	134.64666666666668	137.51333333333332	140.24	142.25333333333333	143.68	146.0	147.49333333333334	148.68	149.38666666666666	150.70666666666668	151.80666666666667	152.47333333333333	153.50666666666666	153.72666666666666	154.24666666666667	155.08	155.68	156.18	156.43333333333334	157.42	158.0	158.07333333333332	158.64	158.86	158.88666666666666	159.58666666666667	159.68666666666667	159.56	159.66666666666666	159.08666666666667	159.63333333333333	159.92666666666668	159.58666666666667	159.36	159.56	159.46	159.45333333333335	158.96	158.78666666666666	158.72	158.65333333333334	158.17333333333335	158.12666666666667	156.99333333333334	156.96	156.84	156.61333333333334	155.34	154.64666666666668	153.97333333333333	153.96	152.28666666666666	151.36	150.57333333333332	149.36666666666667	148.51333333333332	147.14666666666668	145.58666666666667	144.36	142.14	140.21333333333334	138.48666666666668	135.12	131.46	127.12666666666667	120.2	108.64	0.0
0.0	108.76666666666667	120.12	126.65333333333334	131.76666666666668	134.97333333333333	138.06	139.90666666666667	141.66	143.36666666666667	145.56666666666666	146.60666666666665	147.88	149.23333333333332	150.12666666666667	151.01333333333332	151.70666666666668	152.11333333333334	152.96	153.58	154.13333333333333	154.76	155.08	154.72666666666666	155.96	156.48666666666668	157.33333333333334	157.11333333333334	157.2	157.38	158.04666666666665	157.62666666666667	158.2	158.64	158.53333333333333	158.66666666666666	158.42666666666668	158.16	158.25333333333333	158.12666666666667	158.58	158.82666666666665	158.76	158.28666666666666	157.98	157.34	157.3	157.02666666666667	156.75333333333333	156.53333333333333	156.24666666666667	155.48666666666668	154.81333333333333	154.02666666666667	153.14	152.67333333333335	152.05333333333334	151.44	150.18666666666667	149.08	148.06	146.68666666666667	145.66666666666666	143.70666666666668	142.01333333333332	140.02666666666667	137.94666666666666	134.90666666666667	131.06666666666666	126.69333333333333	119.94666666666667	108.91333333333333	0.0
0.0	108.43333333333334	119.86666666666666	126.28666666666666	131.18666666666667	134.81333333333333	137.36666666666667	139.90666666666667	141.83333333333334	143.64	144.88	146.44666666666666	147.76666666666668	148.82	149.33333333333334	150.44	151.54666666666665	152.29333333333332	153.11333333333334	154.06	154.62666666666667	154.48666666666668	155.33333333333334	155.84666666666666	156.14	156.13333333333333	156.65333333333334	156.91333333333333	157.58666666666667	156.9	157.08	157.13333333333333	157.36666666666667	157.74666666666667	156.99333333333334	157.36666666666667	157.86666666666667	158.28	158.16666666666666	158.30666666666667	158.2	157.96	157.77333333333334	156.87333333333333	156.85333333333332	156.22	155.74	155.78666666666666	155.32	155.77333333333334	155.52	155.2	154.52666666666667	154.08666666666667	153.06666666666666	152.62	151.72666666666666	151.46	150.24	149.34666666666666	148.30666666666667	147.44	145.35333333333332	144.02	142.54666666666665	140.26666666666668	137.64666666666668	134.66666666666666	131.62666666666667	126.46666666666667	119.28666666666666	108.36666666666666	0.0
0.0	108.27333333333333	120.08666666666667	126.59333333333333	131.6	135.52	137.58666666666667	140.16	142.40666666666667	144.00666666666666	145.51333333333332	146.7	148.57333333333332	149.38666666666666	150.48666666666668	151.08666666666667	152.22	152.84666666666666	153.38666666666666	153.74	154.51333333333332	154.42	155.00666666666666	155.61333333333334	156.76	156.67333333333335	157.26	157.88666666666666	157.93333333333334	158.09333333333333	157.92	157.98666666666668	158.41333333333333	158.58666666666667	158.63333333333333	158.80666666666667	158.94666666666666	158.38	158.45333333333335	158.78666666666666	159.00666666666666	158.72	158.26	158.06666666666666	158.30666666666667	157.54666666666665	157.15333333333334	156.87333333333333	156.84	156.15333333333334	155.76	154.95333333333335	154.74666666666667	154.15333333333334	153.44	152.39333333333335	151.82	151.49333333333334	150.62666666666667	149.68666666666667	148.94666666666666	147.62	146.06666666666666	144.04666666666665	142.64666666666668	140.68	137.89333333333335	135.11333333333334	131.98	126.84	120.74666666666667	108.62	0.0
0.0	108.18666666666667	119.88666666666667	127.18666666666667	131.12	134.42	138.26666666666668	140.04666666666665	142.37333333333333	143.94	145.5	147.48666666666668	148.2	148.5	149.69333333333333	150.78	151.61333333333334	152.64666666666668	153.16	154.16	154.14666666666668	154.92666666666668	155.63333333333333	155.61333333333334	155.85333333333332	156.56	156.63333333333333	156.66666666666666	156.59333333333333	156.96	157.09333333333333	156.86	157.74666666666667	157.5	157.98	158.29333333333332	157.66666666666666	158.42	158.92666666666668	158.25333333333333	158.74	158.33333333333334	157.62666666666667	157.71333333333334	157.76	157.4	157.28666666666666	156.71333333333334	156.50666666666666	156.30666666666667	155.77333333333334	155.42666666666668	154.44666666666666	153.80666666666667	153.79333333333332	152.58	151.88666666666666	151.25333333333333	149.78	148.28666666666666	147.28	146.23333333333332	145.42	143.56	141.90666666666667	139.96666666666667	137.88	134.56666666666666	130.74666666666667	126.49333333333334	119.95333333333333	108.50666666666666	0.0
0.0	108.04	119.56666666666666	126.05333333333333	130.72666666666666	134.08	137.26666666666668	139.48	141.66	143.84666666666666	144.87333333333333	146.27333333333334	147.3	148.72666666666666	149.63333333333333	150.65333333333334	151.52666666666667	152.84	153.03333333333333	153.92	154.61333333333334	154.52	155.22	155.68	156.04666666666665	156.32	156.59333333333333	156.35333333333332	156.58	156.74	157.06666666666666	157.69333333333333	157.52666666666667	157.65333333333334	157.89333333333335	158.14666666666668	158.02666666666667	158.16	158.15333333333334	158.07333333333332	158.05333333333334	157.52666666666667	157.04666666666665	157.46	157.24	156.61333333333334	156.6	156.00666666666666	155.65333333333334	155.81333333333333	155.31333333333333	154.22	153.9	153.66666666666666	152.9	152.34666666666666	151.44666666666666	150.34	149.67333333333335	148.92	147.63333333333333	145.83333333333334	144.94	143.58	141.46	140.06	136.90666666666667	133.98	130.37333333333333	126.04666666666667	119.57333333333334	107.95333333333333	0.0
0.0	108.41333333333333	119.66	126.02666666666667	130.98	134.52	137.47333333333333	139.92	141.71333333333334	143.66	145.37333333333333	146.5	148.19333333333333	149.30666666666667	149.94	151.58666666666667	152.38666666666666	152.90666666666667	153.65333333333334	154.53333333333333	155.20666666666668	155.88	156.31333333333333	157.23333333333332	156.58	157.33333333333334	157.42	157.76	158.06	158.14	158.03333333333333	158.43333333333334	158.50666666666666	158.26	158.41333333333333	158.56666666666666	158.68666666666667	158.5	158.22	158.38666666666666	158.61333333333334	158.24666666666667	158.02666666666667	157.98	157.66	157.4	157.04	156.91333333333333	156.46	156.48	155.88666666666666	155.30666666666667	154.70666666666668	153.77333333333334	153.16	152.27333333333334	151.76666666666668	150.56666666666666	149.66666666666666	149.11333333333334	148.48	147.51333333333332	145.76	144.43333333333334	142.51333333333332	140.45333333333335	137.78	134.88666666666666	131.78	127.48	119.98666666666666	108.72	0.0
0.0	108.07333333333334	120.4	126.9	131.83333333333334	134.71333333333334	137.19333333333333	139.76	142.18	144.11333333333334	145.00666666666666	147.18666666666667	148.34666666666666	149.16666666666666	150.50666666666666	151.46	152.24	152.64	153.58	154.12	154.62	155.73333333333332	156.22	156.58666666666667	156.99333333333334	157.74	157.90666666666667	158.5	159.06	158.70666666666668	159.64	159.28666666666666	159.34666666666666	159.68666666666667	159.63333333333333	159.71333333333334	159.75333333333333	159.45333333333335	159.60666666666665	159.70666666666668	159.25333333333333	158.61333333333334	158.82666666666665	158.16	157.84666666666666	157.89333333333335	157.60666666666665	157.38666666666666	156.51333333333332	156.64666666666668	156.17333333333335	155.70666666666668	154.48	154.28	153.77333333333334	153.2	152.83333333333334	151.80666666666667	151.21333333333334	150.2	149.19333333333333	147.4	145.92666666666668	144.8	143.18	140.4	138.22666666666666	135.43333333333334	132.04666666666665	126.80666666666667	120.06666666666666	108.21333333333334	0.0
0.0	108.14666666666666	120.06666666666666	126.78	131.70666666666668	135.66	138.04666666666665	140.96	143.31333333333333	144.65333333333334	146.16666666666666	147.54666666666665	149.05333333333334	150.65333333333334	151.81333333333333	152.36	153.01333333333332	153.64	154.49333333333334	155.51333333333332	155.7	156.53333333333333	156.53333333333333	157.29333333333332	157.88666666666666	157.60666666666665	157.88666666666666	157.78666666666666	157.94	158.62	158.87333333333333	159.08666666666667	158.86	158.78	158.79333333333332	159.13333333333333	159.1	159.26	159.21333333333334	158.86	158.96666666666667	158.54666666666665	158.43333333333334	157.98	157.56666666666666	157.3	157.40666666666667	156.78	156.86666666666667	157.26666666666668	156.63333333333333	156.16	155.28666666666666	154.62	154.1	153.04	152.30666666666667	151.32	150.72	149.59333333333333	148.56	146.95333333333335	146.02	144.19333333333333	142.54	140.26666666666668	137.72666666666666	135.03333333333333	131.66	126.45333333333333	120.08	108.37333333333333	0.0
0.0	108.1	119.72	126.49333333333334	131.52666666666667	134.86	137.97333333333333	139.77333333333334	142.36666666666667	144.48	145.63333333333333	147.12666666666667	148.34	149.16	150.26	151.14666666666668	151.5	152.08666666666667	152.13333333333333	153.48	154.20666666666668	154.00666666666666	154.79333333333332	154.74	155.39333333333335	155.88666666666666	156.9	157.04	157.08	157.87333333333333	157.9	158.68666666666667	158.64666666666668	158.83333333333334	158.59333333333333	158.74666666666667	158.37333333333333	158.04666666666665	158.22	158.18	158.09333333333333	157.54666666666665	157.45333333333335	157.46	157.1	157.46	157.23333333333332	156.62666666666667	156.50666666666666	156.02666666666667	156.02	155.33333333333334	155.02	154.19333333333333	153.82	153.1	152.31333333333333	151.66	150.28666666666666	149.47333333333333	149.29333333333332	147.82	146.80666666666667	144.98666666666668	142.65333333333334	140.49333333333334	137.78666666666666	135.2	131.32	126.77333333333333	120.23333333333333	108.10666666666667	0.0
0.0	108.10666666666667	119.66	126.68666666666667	131.60666666666665	135.3	137.34666666666666	139.41333333333333	141.62666666666667	143.56	144.90666666666667	146.0	147.56	148.66	150.0	150.79333333333332	151.61333333333334	152.18	153.04	153.6	153.67333333333335	154.29333333333332	154.91333333333333	155.39333333333335	156.08666666666667	156.02666666666667	156.78	156.64	156.55333333333334	157.08	156.92666666666668	157.70666666666668	157.10666666666665	157.39333333333335	156.74	156.96666666666667	157.16666666666666	156.57333333333332	156.84	156.94	157.29333333333332	157.25333333333333	156.58666666666667	156.58	156.96666666666667	156.38	155.8	155.78	155.48666666666668	155.04	154.22666666666666	154.11333333333334	153.80666666666667	152.53333333333333	152.24666666666667	152.10666666666665	151.12	150.2	149.32666666666665	148.28666666666666	147.36	146.52	144.81333333333333	143.16	141.51333333333332	139.55333333333334	137.38666666666666	135.08	131.37333333333333	126.79333333333334	119.99333333333334	108.2	0.0
0.0	107.7	119.62	126.28	131.56	134.41333333333333	137.74	140.35333333333332	142.68	144.04	145.36666666666667	146.82	148.30666666666667	149.2	150.63333333333333	151.31333333333333	152.22666666666666	152.55333333333334	153.05333333333334	154.15333333333334	154.61333333333334	155.06	155.48	155.82666666666665	155.76	156.48	156.68666666666667	156.8	156.83333333333334	157.17333333333335	157.28666666666666	157.56666666666666	157.66666666666666	157.82	157.81333333333333	157.82666666666665	158.04	157.96666666666667	158.16	157.14	156.95333333333335	157.18	157.41333333333333	157.02	156.96	156.44666666666666	155.88	155.01333333333332	155.25333333333333	155.08666666666667	155.03333333333333	154.36666666666667	153.98666666666668	153.56	153.34	151.81333333333333	151.66666666666666	150.32666666666665	149.69333333333333	148.64	147.56	146.26666666666668	144.88666666666666	143.43333333333334	141.42	140.2	137.63333333333333	134.64	130.77333333333334	126.18666666666667	119.26666666666667	107.91333333333333	0.0
0.0	108.34666666666666	120.26666666666667	126.61333333333333	131.37333333333333	134.98	137.88666666666666	140.60666666666665	141.53333333333333	143.48	144.92666666666668	146.32666666666665	147.82	149.11333333333334	150.30666666666667	150.62666666666667	152.06	152.47333333333333	154.11333333333334	154.48666666666668	154.40666666666667	155.46666666666667	155.06666666666666	155.87333333333333	156.46	156.88666666666666	157.51333333333332	158.14	158.04	157.77333333333334	158.14	158.41333333333333	158.72666666666666	158.92	158.76	157.99333333333334	157.92666666666668	157.87333333333333	158.17333333333335	157.92	157.54	157.62666666666667	157.44	156.74	156.58666666666667	156.24	156.32666666666665	156.1	155.66666666666666	155.42	155.15333333333334	154.86666666666667	154.28	153.56666666666666	153.00666666666666	152.62	151.46666666666667	150.79333333333332	149.36	148.3	146.72666666666666	145.87333333333333	144.88666666666666	143.0	141.66666666666666	139.78	137.18666666666667	134.63333333333333	130.9	126.56666666666666	120.09333333333333	108.26	0.0
0.0	108.11333333333333	119.55333333333333	126.54	130.72	134.81333333333333	136.82	139.68666666666667	141.70666666666668	143.04666666666665	144.80666666666667	146.46	147.34	148.52666666666667	149.88	150.81333333333333	151.79333333333332	152.59333333333333	153.1	154.24	154.75333333333333	155.07333333333332	155.42	156.50666666666666	156.91333333333333	157.11333333333334	157.64	157.77333333333334	158.34666666666666	157.93333333333334	158.26666666666668	158.42	158.4	158.65333333333334	158.57333333333332	158.71333333333334	159.09333333333333	159.23333333333332	159.11333333333334	159.06	158.50666666666666	158.06666666666666	157.1	157.62666666666667	157.48666666666668	156.82666666666665	156.46666666666667	156.48666666666668	155.82	155.37333333333333	155.28	154.93333333333334	154.11333333333334	153.38666666666666	152.90666666666667	152.14	151.06666666666666	149.85333333333332	148.78666666666666	148.12666666666667	147.52666666666667	146.55333333333334	145.08	143.3	141.87333333333333	139.54666666666665	137.38666666666666	134.62	131.14666666666668	126.66666666666667	120.27333333333333	108.24666666666667	0.0
0.0	108.21333333333334	120.01333333333334	126.62	130.92	134.73333333333332	137.92	139.83333333333334	141.92	143.80666666666667	145.37333333333333	146.14666666666668	147.44	148.94	149.76666666666668	151.26666666666668	152.31333333333333	153.08	153.59333333333333	154.25333333333333	154.80666666666667	154.57333333333332	155.66666666666666	156.22666666666666	156.84666666666666	156.94	156.94666666666666	157.60666666666665	157.65333333333334	158.16666666666666	158.24	158.62	158.52	158.56	158.74	158.94666666666666	158.97333333333333	159.16666666666666	158.95333333333335	159.14666666666668	158.72666666666666	158.22666666666666	158.05333333333334	157.8	157.7	157.37333333333333	156.68	156.27333333333334	156.34	155.78666666666666	155.68	154.74666666666667	154.36	154.13333333333333	153.68666666666667	153.02666666666667	152.48	151.18666666666667	150.26	149.35333333333332	147.56	146.45333333333335	145.05333333333334	144.22666666666666	142.35333333333332	140.34666666666666	137.94666666666666	135.28666666666666	131.51333333333332	126.68	119.93333333333334	108.34666666666666	0.0
0.0	108.15333333333334	119.72	126.56666666666666	131.32666666666665	134.54666666666665	137.24	140.02666666666667	141.92666666666668	143.79333333333332	145.47333333333333	147.17333333333335	148.0	149.33333333333334	150.46	151.32	152.25333333333333	153.18	153.92	154.42	154.69333333333333	155.26	155.42	156.18	156.39333333333335	156.54666666666665	156.9	157.32	158.14	158.04666666666665	158.37333333333333	158.42666666666668	158.32	158.28	157.97333333333333	158.2	158.02	158.81333333333333	157.84	157.90666666666667	157.32	157.51333333333332	157.38	157.38666666666666	157.19333333333333	156.82666666666665	156.48	156.34666666666666	155.54	155.46	154.74	155.1	154.42666666666668	153.73333333333332	152.90666666666667	152.37333333333333	151.66666666666666	150.58666666666667	149.7	148.74666666666667	147.56	146.61333333333334	144.94666666666666	143.58666666666667	141.88666666666666	140.26	137.9	135.31333333333333	131.49333333333334	126.62666666666667	119.72	108.69333333333333	0.0
0.0	108.07333333333334	119.20666666666666	126.32666666666667	130.86666666666667	134.40666666666667	137.24	140.26666666666668	142.02666666666667	143.76	144.84666666666666	146.57333333333332	147.64	148.92666666666668	149.55333333333334	150.10666666666665	151.21333333333334	152.05333333333334	152.74	153.08666666666667	153.42	154.34666666666666	154.77333333333334	155.04	155.96	155.70666666666668	155.88666666666666	155.98666666666668	157.02666666666667	156.87333333333333	156.83333333333334	157.62	157.25333333333333	157.64	157.68	157.58	158.0	158.55333333333334	158.40666666666667	157.96666666666667	157.93333333333334	157.82	157.57333333333332	157.54	157.08666666666667	157.19333333333333	156.71333333333334	156.34	155.80666666666667	155.69333333333333	155.08	154.9	153.78	153.10666666666665	152.54666666666665	151.98	151.06666666666666	150.5	149.71333333333334	148.81333333333333	148.17333333333335	146.94	145.52666666666667	144.17333333333335	142.87333333333333	140.81333333333333	137.78666666666666	135.02666666666667	131.33333333333334	126.75333333333333	119.99333333333334	107.5	0.0
0.0	107.93333333333334	120.18	127.24	131.67333333333335	135.01333333333332	137.78666666666666	139.61333333333334	142.25333333333333	143.97333333333333	145.17333333333335	146.79333333333332	148.20666666666668	149.54	150.20666666666668	151.4	152.44666666666666	152.84	153.77333333333334	154.26	154.7	155.18666666666667	156.16666666666666	156.3	156.52	156.18	156.56666666666666	157.03333333333333	157.24666666666667	157.61333333333334	157.61333333333334	158.20666666666668	158.16666666666666	158.53333333333333	158.43333333333334	158.28666666666666	158.38666666666666	158.70666666666668	158.08	158.18	158.28666666666666	158.22666666666666	158.39333333333335	158.10666666666665	157.34666666666666	157.20666666666668	156.45333333333335	155.7	155.43333333333334	155.05333333333334	154.27333333333334	154.16	154.23333333333332	153.08666666666667	152.19333333333333	151.61333333333334	151.04	150.47333333333333	149.36	148.05333333333334	146.96	145.71333333333334	144.60666666666665	143.12	141.5	139.73333333333332	137.45333333333335	135.12	131.54	126.87333333333333	120.02	108.16	0.0
0.0	108.24666666666667	119.51333333333334	126.26	130.81333333333333	134.9	137.78	140.28666666666666	142.34	144.32	145.64666666666668	146.86	148.84666666666666	149.23333333333332	150.1	150.95333333333335	152.1	152.75333333333333	153.74666666666667	154.49333333333334	154.78	155.55333333333334	155.86	156.86	157.32666666666665	157.13333333333333	157.37333333333333	157.7	158.17333333333335	157.92666666666668	158.03333333333333	158.46	158.9	158.98666666666668	158.85333333333332	159.04666666666665	158.68666666666667	158.49333333333334	158.80666666666667	158.59333333333333	158.68666666666667	158.46666666666667	158.12	158.15333333333334	158.21333333333334	158.02	157.14	156.98	156.32666666666665	155.89333333333335	155.90666666666667	155.45333333333335	154.91333333333333	153.94666666666666	153.42	152.5	152.68666666666667	151.55333333333334	150.25333333333333	149.29333333333332	148.63333333333333	147.06	146.06666666666666	144.33333333333334	142.47333333333333	140.54666666666665	138.22666666666666	135.05333333333334	131.56	126.50666666666666	120.07333333333334	107.9	0.0
0.0	108.31333333333333	120.06	126.97333333333333	131.43333333333334	134.98666666666668	137.58666666666667	140.26	142.62666666666667	143.94666666666666	145.22	146.89333333333335	147.89333333333335	148.97333333333333	150.08666666666667	150.72666666666666	151.65333333333334	153.00666666666666	153.34	154.23333333333332	154.61333333333334	155.12666666666667	155.79333333333332	155.71333333333334	155.94666666666666	156.28666666666666	156.6	156.77333333333334	156.66666666666666	157.29333333333332	157.34666666666666	157.58666666666667	157.6	157.99333333333334	157.33333333333334	157.86666666666667	158.11333333333334	158.00666666666666	157.81333333333333	157.18	157.54666666666665	157.84	158.0	157.76666666666668	157.32	156.98	156.66	156.0	155.62666666666667	155.26	154.66	154.38	153.35333333333332	153.10666666666665	152.54666666666665	151.68666666666667	151.06666666666666	150.42666666666668	149.27333333333334	148.47333333333333	146.92666666666668	145.88666666666666	144.9	143.74666666666667	141.24	139.40666666666667	137.36666666666667	134.48	131.54	127.01333333333334	119.83333333333333	108.09333333333333	0.0
0.0	108.92	120.44666666666667	127.02	131.69333333333333	135.24	137.61333333333334	140.32666666666665	142.26666666666668	143.88666666666666	145.24666666666667	147.07333333333332	147.96666666666667	149.0	150.52	151.24	151.78666666666666	153.35333333333332	153.97333333333333	154.64	154.91333333333333	154.83333333333334	156.09333333333333	156.33333333333334	156.7	157.02666666666667	157.2	157.77333333333334	158.53333333333333	158.18	158.55333333333334	158.56	158.96666666666667	159.01333333333332	159.38666666666666	159.68	159.34	159.41333333333333	159.10666666666665	159.08666666666667	158.56666666666666	158.77333333333334	158.39333333333335	158.64	158.18	158.28666666666666	157.75333333333333	157.63333333333333	157.02	156.92	156.51333333333332	155.94666666666666	155.07333333333332	154.70666666666668	153.77333333333334	153.11333333333334	152.74	151.7	150.55333333333334	150.1	148.82666666666665	147.3	145.68	143.66	142.29333333333332	140.34666666666666	137.95333333333335	135.07333333333332	131.76666666666668	127.04666666666667	119.96666666666667	108.22666666666667	0.0
0.0	108.03333333333333	120.0	126.42666666666666	131.10666666666665	134.96666666666667	137.61333333333334	139.72666666666666	141.61333333333334	143.48	144.98	146.60666666666665	147.29333333333332	148.06666666666666	149.07333333333332	149.9	151.12	151.71333333333334	152.64	153.06	153.98	154.57333333333332	155.32	155.99333333333334	156.17333333333335	156.28	156.73333333333332	157.4	157.07333333333332	158.16666666666666	158.2	158.29333333333332	158.26666666666668	158.38666666666666	158.53333333333333	158.24	158.67333333333335	158.61333333333334	158.34666666666666	158.28	158.33333333333334	158.56	158.62	158.17333333333335	157.84666666666666	156.92	157.33333333333334	157.39333333333335	156.14	156.08666666666667	155.54666666666665	154.75333333333333	154.65333333333334	153.93333333333334	153.92	152.94666666666666	151.86666666666667	151.33333333333334	150.0	149.01333333333332	147.92	146.71333333333334	145.12	143.4	141.86	139.39333333333335	137.13333333333333	135.20666666666668	131.06666666666666	126.61333333333333	119.61333333333333	108.21333333333334	0.0
0.0	108.44	120.25333333333333	126.7	131.54666666666665	134.70666666666668	137.73333333333332	140.08	141.75333333333333	143.88666666666666	145.79333333333332	147.12666666666667	147.88666666666666	148.94	149.74666666666667	150.66	151.48666666666668	151.67333333333335	152.27333333333334	152.64	153.42666666666668	153.88666666666666	154.04	155.36666666666667	155.35333333333332	155.50666666666666	156.18	156.44	156.90666666666667	156.66666666666666	157.66	158.15333333333334	157.95333333333335	157.70666666666668	157.86666666666667	157.92666666666668	158.42666666666668	157.79333333333332	157.88666666666666	157.77333333333334	158.08666666666667	157.84666666666666	157.71333333333334	157.71333333333334	157.19333333333333	157.52	157.06666666666666	156.42	156.26666666666668	155.68666666666667	155.12666666666667	154.74	154.1	153.86	152.36	151.93333333333334	151.75333333333333	150.22	149.22	148.93333333333334	147.86666666666667	146.83333333333334	145.59333333333333	143.61333333333334	142.22	139.98	137.62666666666667	134.86666666666667	131.18	126.24	119.99333333333334	108.28	0.0
0.0	108.09333333333333	119.9	126.56666666666666	131.25333333333333	134.78	137.64	139.86666666666667	142.32	143.92666666666668	145.54666666666665	146.99333333333334	148.15333333333334	149.23333333333332	150.61333333333334	151.09333333333333	152.06	152.35333333333332	153.38	153.06666666666666	153.86	154.54666666666665	154.75333333333333	155.01333333333332	155.78	156.26	156.96666666666667	156.78666666666666	157.04666666666665	157.51333333333332	157.4	157.64	157.58666666666667	158.16	158.45333333333335	158.4	158.23333333333332	158.16666666666666	157.89333333333335	157.73333333333332	157.50666666666666	157.64	157.52666666666667	156.96	156.63333333333333	156.24666666666667	156.3	155.76	155.00666666666666	154.78666666666666	154.07333333333332	153.72	153.5	152.68	151.74	151.06666666666666	151.14	150.97333333333333	149.76	148.5	147.58	146.10666666666665	144.82	143.20666666666668	141.35333333333332	139.72666666666666	137.56666666666666	134.89333333333335	131.93333333333334	126.75333333333333	119.82	108.25333333333333	0.0
0.0	107.95333333333333	119.57333333333334	126.30666666666667	131.33333333333334	134.94666666666666	137.52	140.22	141.78	143.95333333333335	145.66666666666666	146.91333333333333	148.08666666666667	149.37333333333333	149.82	151.28666666666666	151.8	153.04	153.74666666666667	154.69333333333333	154.73333333333332	155.70666666666668	155.8	156.23333333333332	156.3	157.2	157.24666666666667	157.41333333333333	158.28	158.78666666666666	159.13333333333333	158.91333333333333	158.89333333333335	159.40666666666667	160.02	159.82	159.62	159.92	159.42	159.44	159.53333333333333	159.13333333333333	159.00666666666666	158.40666666666667	158.54	157.91333333333333	157.80666666666667	156.96666666666667	156.97333333333333	156.32	155.84666666666666	155.36666666666667	154.77333333333334	154.16666666666666	153.66666666666666	152.41333333333333	151.63333333333333	150.78666666666666	149.84666666666666	148.98666666666668	147.84	146.91333333333333	145.41333333333333	143.72	141.98666666666668	140.03333333333333	137.43333333333334	134.86	130.77333333333334	126.56666666666666	120.11333333333333	108.02666666666667	0.0
0.0	108.64666666666666	120.2	127.05333333333333	131.60666666666665	135.52	138.08666666666667	140.42666666666668	142.65333333333334	144.36	145.78	147.46	148.48	149.89333333333335	150.38666666666666	151.32666666666665	151.94666666666666	152.24666666666667	153.49333333333334	154.27333333333334	154.58	155.94666666666666	156.37333333333333	156.74	157.22666666666666	157.75333333333333	158.46666666666667	158.69333333333333	158.55333333333334	158.90666666666667	159.05333333333334	158.89333333333335	159.1	159.40666666666667	159.14	159.21333333333334	158.81333333333333	159.32666666666665	159.16666666666666	158.98666666666668	158.49333333333334	158.18	157.04666666666665	157.06	157.21333333333334	157.10666666666665	156.92	157.09333333333333	156.57333333333332	156.31333333333333	155.81333333333333	155.52	154.46666666666667	154.3	153.08	152.46	152.18666666666667	151.44666666666666	150.26	149.36666666666667	148.34	146.99333333333334	145.88666666666666	144.75333333333333	142.80666666666667	140.66	137.82666666666665	135.40666666666667	131.58	126.40666666666667	119.73333333333333	108.48	0.0
0.0	108.7	120.18666666666667	126.80666666666667	131.86	134.90666666666667	137.73333333333332	140.06666666666666	141.46	143.42666666666668	145.35333333333332	146.88666666666666	148.31333333333333	149.08	150.05333333333334	151.07333333333332	151.74666666666667	152.59333333333333	153.29333333333332	154.49333333333334	154.69333333333333	154.56666666666666	155.48	155.24	156.18	156.16666666666666	156.93333333333334	157.09333333333333	157.57333333333332	157.63333333333333	158.17333333333335	157.92666666666668	157.75333333333333	157.80666666666667	158.36666666666667	158.29333333333332	158.32666666666665	157.95333333333335	158.04666666666665	157.84	158.01333333333332	157.91333333333333	157.16666666666666	157.16	156.48666666666668	157.03333333333333	156.22666666666666	155.99333333333334	155.48666666666668	155.28666666666666	155.02666666666667	154.59333333333333	153.99333333333334	153.42	152.58666666666667	152.24666666666667	151.36	150.74666666666667	149.26666666666668	148.55333333333334	147.40666666666667	146.64	145.22	143.88666666666666	142.20666666666668	139.88	137.55333333333334	134.64666666666668	131.31333333333333	126.43333333333334	119.64666666666666	108.04666666666667	0.0
0.0	108.55333333333333	120.17333333333333	126.71333333333334	131.20666666666668	135.07333333333332	137.32	140.12	142.24666666666667	144.11333333333334	145.78	146.96666666666667	148.08	148.56666666666666	149.59333333333333	150.68	152.03333333333333	152.46666666666667	152.97333333333333	153.61333333333334	154.48666666666668	155.09333333333333	155.14	155.48	156.9	156.94666666666666	157.58	157.1	157.3	157.82	157.92666666666668	157.8	157.81333333333333	158.25333333333333	158.2	158.44	158.29333333333332	158.60666666666665	158.35333333333332	157.66	157.69333333333333	158.23333333333332	157.60666666666665	157.10666666666665	156.74666666666667	156.56	156.19333333333333	155.99333333333334	155.02	154.81333333333333	154.86666666666667	154.26666666666668	153.31333333333333	152.52	151.86	151.26666666666668	150.46	149.82666666666665	149.02666666666667	148.42	147.68666666666667	146.66666666666666	145.52666666666667	143.63333333333333	141.60666666666665	139.66666666666666	137.33333333333334	135.01333333333332	131.43333333333334	126.89333333333333	119.96	107.87333333333333	0.0
0.0	108.42	120.14666666666666	126.64	130.81333333333333	134.54	137.45333333333335	139.84666666666666	141.90666666666667	143.26	144.58	146.1	146.98	148.07333333333332	148.46	149.65333333333334	150.64666666666668	151.54	152.44666666666666	153.31333333333333	153.63333333333333	154.59333333333333	155.45333333333335	155.78	156.02666666666667	156.83333333333334	156.73333333333332	157.09333333333333	157.40666666666667	157.86666666666667	157.62666666666667	157.62666666666667	157.44	157.78666666666666	157.98	157.56	157.87333333333333	157.26	157.25333333333333	157.81333333333333	157.28666666666666	157.24	156.81333333333333	156.80666666666667	156.81333333333333	156.82666666666665	156.81333333333333	156.22	155.60666666666665	155.72	154.91333333333333	153.79333333333332	153.6	152.81333333333333	152.3	151.85333333333332	151.17333333333335	150.12666666666667	149.25333333333333	147.60666666666665	146.79333333333332	145.68666666666667	144.66666666666666	143.48666666666668	141.66	139.56	137.73333333333332	134.89333333333335	131.65333333333334	126.47333333333333	120.28	108.28666666666666	0.0
0.0	108.31333333333333	119.86666666666666	126.59333333333333	131.30666666666667	134.84666666666666	137.36	140.09333333333333	142.17333333333335	144.29333333333332	145.40666666666667	147.31333333333333	148.34	149.16	150.81333333333333	151.04666666666665	152.0	152.42666666666668	153.09333333333333	153.77333333333334	154.52	155.14666666666668	155.9	155.92666666666668	156.32	157.19333333333333	157.52666666666667	157.37333333333333	157.46	157.24	157.2	157.60666666666665	157.67333333333335	158.04666666666665	158.76	158.70666666666668	158.42666666666668	158.60666666666665	158.35333333333332	158.78	158.72666666666666	158.32	158.48	158.18	157.72	157.32	156.58	156.2	156.1	155.4	155.45333333333335	155.12666666666667	154.67333333333335	153.82	153.4	152.69333333333333	152.34	151.66666666666666	150.3	149.22	148.56	147.16	145.62666666666667	144.05333333333334	142.36	140.7	137.8	134.74	131.30666666666667	126.52	120.15333333333334	108.43333333333334	0.0
0.0	108.01333333333334	120.02666666666667	127.18666666666667	131.82	135.11333333333334	137.68666666666667	140.02	142.23333333333332	144.03333333333333	145.29333333333332	146.94666666666666	147.54666666666665	148.6	149.4	150.52666666666667	151.64666666666668	151.94	153.08	153.52666666666667	154.02	154.98666666666668	155.68666666666667	156.06	156.14	156.83333333333334	157.9	157.7	157.96666666666667	158.08666666666667	157.86666666666667	158.02666666666667	158.50666666666666	158.68	158.68	158.48	158.28666666666666	158.21333333333334	158.35333333333332	158.42	158.10666666666665	158.69333333333333	158.9	158.52666666666667	158.26666666666668	157.76666666666668	157.82	157.56	157.45333333333335	156.78	155.54	155.20666666666668	155.13333333333333	153.84	153.70666666666668	152.72666666666666	151.58666666666667	150.90666666666667	150.86666666666667	149.59333333333333	148.53333333333333	146.96666666666667	145.67333333333335	144.40666666666667	142.92	140.36666666666667	137.96	135.18	131.22	126.6	119.54	108.34666666666666	0.0
0.0	108.01333333333334	120.18	126.70666666666666	131.60666666666665	135.0	137.6	140.28666666666666	142.74	144.29333333333332	145.86	147.36666666666667	148.68	149.56666666666666	151.10666666666665	152.32	152.68666666666667	153.58666666666667	154.62666666666667	154.73333333333332	154.98	154.85333333333332	155.80666666666667	156.5	157.20666666666668	156.90666666666667	157.12	158.05333333333334	157.88	158.79333333333332	158.88	158.94666666666666	158.96	158.39333333333335	158.28	158.68	158.4	158.66666666666666	158.59333333333333	158.62666666666667	158.63333333333333	158.42666666666668	158.6	158.70666666666668	158.24	157.39333333333335	157.27333333333334	156.41333333333333	156.46666666666667	156.02	155.86666666666667	155.16	153.79333333333332	153.21333333333334	152.56666666666666	152.29333333333332	151.52666666666667	150.66	149.74666666666667	148.86666666666667	147.72666666666666	146.38	145.02	143.62	141.9	140.20666666666668	137.92666666666668	135.22	131.48666666666668	127.28666666666666	120.52	108.2	0.0
0.0	108.2	119.86	126.89333333333333	131.56666666666666	134.98666666666668	138.11333333333334	140.35333333333332	141.9	143.76666666666668	145.00666666666666	146.14666666666668	147.98	148.86666666666667	149.51333333333332	150.78666666666666	151.64	152.44	152.88666666666666	153.72666666666666	153.87333333333333	154.49333333333334	155.16666666666666	155.74666666666667	156.46666666666667	156.64666666666668	156.91333333333333	156.98666666666668	157.48666666666668	157.6	157.6	158.1	157.85333333333332	157.92	157.92	157.72	157.78	158.32666666666665	158.04666666666665	157.8	157.57333333333332	157.52666666666667	157.64	156.93333333333334	156.70666666666668	156.70666666666668	156.70666666666668	155.92	155.69333333333333	155.88666666666666	155.69333333333333	154.81333333333333	154.68	154.06666666666666	153.54	152.51333333333332	151.96666666666667	151.27333333333334	150.4	149.5	148.28	147.04	145.63333333333333	143.75333333333333	141.81333333333333	140.12	138.12666666666667	134.63333333333333	131.30666666666667	126.58	119.80666666666667	108.37333333333333	0.0
0.0	108.37333333333333	120.38666666666667	126.96666666666667	131.22666666666666	135.15333333333334	138.01333333333332	140.70666666666668	142.81333333333333	144.38666666666666	146.49333333333334	147.58666666666667	148.53333333333333	149.80666666666667	150.69333333333333	151.52666666666667	152.6	152.95333333333335	153.9	154.2	155.66	155.56	156.25333333333333	157.26	157.40666666666667	157.20666666666668	157.78666666666666	158.20666666666668	158.32666666666665	158.53333333333333	158.20666666666668	158.78666666666666	158.54	159.00666666666666	159.36	159.48	159.22666666666666	159.12666666666667	159.48	159.16666666666666	159.16	158.70666666666668	158.64666666666668	158.50666666666666	158.34666666666666	157.98	158.27333333333334	157.53333333333333	157.46666666666667	156.7	156.54	155.9	155.16	154.88666666666666	153.66666666666666	153.56666666666666	152.81333333333333	151.86	151.32666666666665	150.33333333333334	148.97333333333333	147.68	146.58	145.07333333333332	143.06666666666666	141.18	138.67333333333335	135.46666666666667	131.72	126.74666666666667	120.28666666666666	108.31333333333333	0.0
0.0	108.41333333333333	119.85333333333334	126.94	131.52666666666667	134.79333333333332	138.04	140.46	142.14	144.48	145.76	147.15333333333334	148.52	149.28666666666666	150.26666666666668	151.29333333333332	151.89333333333335	152.76	153.42666666666668	154.51333333333332	155.22	155.14666666666668	155.30666666666667	155.64666666666668	156.04	157.24666666666667	157.32	157.84666666666666	158.09333333333333	158.06	158.18666666666667	158.04666666666665	158.38666666666666	158.37333333333333	158.41333333333333	157.58666666666667	157.25333333333333	157.59333333333333	157.24	157.86666666666667	157.51333333333332	157.51333333333332	157.66666666666666	157.12	157.20666666666668	157.12666666666667	157.34	156.98	156.36	155.85333333333332	155.78666666666666	155.08666666666667	154.74666666666667	154.28	153.77333333333334	152.42	152.52	151.13333333333333	150.32	149.00666666666666	148.26666666666668	147.02666666666667	145.71333333333334	143.60666666666665	141.91333333333333	140.41333333333333	137.67333333333335	134.52	131.14	126.69333333333333	119.72666666666667	107.84666666666666	0.0
0.0	107.95333333333333	119.79333333333334	127.2	131.66666666666666	135.21333333333334	138.16666666666666	140.69333333333333	142.38666666666666	143.86666666666667	145.97333333333333	147.0	148.09333333333333	149.44666666666666	150.32666666666665	150.88	151.55333333333334	152.3	153.39333333333335	154.06666666666666	154.56666666666666	155.44666666666666	155.82666666666665	155.83333333333334	156.04	156.54666666666665	156.64	157.69333333333333	157.78	158.39333333333335	158.30666666666667	158.61333333333334	158.60666666666665	159.11333333333334	159.53333333333333	159.08	158.94666666666666	159.06666666666666	158.42	158.78	158.75333333333333	158.87333333333333	158.37333333333333	158.29333333333332	158.02666666666667	158.04	157.22	157.64	156.70666666666668	156.71333333333334	156.3	155.23333333333332	155.24666666666667	154.78	153.85333333333332	153.29333333333332	152.33333333333334	151.71333333333334	150.42666666666668	149.18	147.82	147.0	145.68666666666667	143.96666666666667	142.59333333333333	140.22666666666666	138.05333333333334	134.86	131.12	126.41333333333333	119.5	107.98666666666666	0.0
0.0	108.49333333333334	119.38	126.13333333333334	131.39333333333335	134.53333333333333	137.61333333333334	140.08666666666667	142.10666666666665	143.66666666666666	145.62666666666667	146.49333333333334	147.84666666666666	148.63333333333333	149.70666666666668	150.46666666666667	151.38666666666666	152.56	153.36	154.16	153.9	154.35333333333332	155.33333333333334	156.42	156.8	156.76666666666668	157.19333333333333	157.71333333333334	157.96	157.72666666666666	157.38	157.69333333333333	157.52	158.17333333333335	158.1	158.10666666666665	158.12666666666667	157.90666666666667	157.78666666666666	158.07333333333332	158.3	158.39333333333335	157.74666666666667	157.73333333333332	157.8	157.69333333333333	156.9	156.72666666666666	156.62666666666667	155.83333333333334	155.13333333333333	154.54	153.71333333333334	153.24	152.83333333333334	151.54	151.26	150.56666666666666	149.63333333333333	148.64666666666668	147.52	145.72666666666666	145.2	143.38666666666666	141.53333333333333	139.51333333333332	136.87333333333333	134.63333333333333	130.82666666666665	126.56	119.54	108.06	0.0
0.0	108.06	119.97333333333333	127.22666666666667	132.20666666666668	135.34	138.74	140.42	142.69333333333333	144.19333333333333	145.99333333333334	147.14666666666668	148.42	149.28	151.3	151.76	152.38666666666666	153.07333333333332	153.28666666666666	153.76	154.96	155.78	156.1	156.12666666666667	157.0	156.88666666666666	157.46	157.66	158.46666666666667	158.26	158.68	158.8	158.96666666666667	158.84	159.02666666666667	158.90666666666667	158.94666666666666	159.36666666666667	159.28666666666666	159.21333333333334	158.79333333333332	158.88666666666666	158.64666666666668	159.28666666666666	158.48666666666668	158.85333333333332	158.08666666666667	158.06	157.81333333333333	157.57333333333332	157.18666666666667	156.68	156.39333333333335	155.86	154.58	154.13333333333333	153.32666666666665	152.58666666666667	151.0	150.45333333333335	149.18	147.44666666666666	146.55333333333334	144.23333333333332	142.72666666666666	140.05333333333334	138.48666666666668	135.15333333333334	131.92666666666668	127.24	120.24666666666667	108.3	0.0
0.0	107.97333333333333	120.03333333333333	126.73333333333333	131.49333333333334	134.63333333333333	137.42	139.91333333333333	142.03333333333333	144.12666666666667	145.31333333333333	146.77333333333334	147.88	149.15333333333334	149.86	151.28666666666666	152.33333333333334	153.41333333333333	153.62666666666667	154.56666666666666	155.36666666666667	155.61333333333334	156.23333333333332	156.1	156.31333333333333	156.96	156.98	157.29333333333332	157.90666666666667	157.96	157.63333333333333	157.63333333333333	157.68	157.96	157.97333333333333	157.82666666666665	157.23333333333332	157.69333333333333	158.06	157.84666666666666	158.00666666666666	158.52666666666667	158.02666666666667	157.72666666666666	157.36666666666667	157.06666666666666	156.31333333333333	156.68666666666667	156.33333333333334	156.15333333333334	155.48	155.10666666666665	154.41333333333333	153.70666666666668	152.99333333333334	152.38666666666666	151.5	151.43333333333334	150.53333333333333	149.78	148.28666666666666	146.97333333333333	145.87333333333333	143.84	142.04	140.24666666666667	137.78	135.16	131.4	126.62	120.22	107.96	0.0
0.0	108.09333333333333	120.12	126.44666666666667	131.61333333333334	135.19333333333333	137.92666666666668	140.33333333333334	142.58	144.12666666666667	145.90666666666667	147.13333333333333	148.45333333333335	149.20666666666668	150.7	151.13333333333333	151.69333333333333	153.14	153.0	153.60666666666665	154.7	155.40666666666667	156.25333333333333	156.51333333333332	156.94666666666666	156.8	157.52666666666667	157.3	157.56666666666666	157.88666666666666	157.94666666666666	157.80666666666667	158.04	158.53333333333333	158.23333333333332	158.38	158.35333333333332	158.22666666666666	158.24	158.35333333333332	157.96666666666667	158.32	158.34	157.50666666666666	157.33333333333334	156.98666666666668	156.65333333333334	156.36666666666667	156.28666666666666	156.06666666666666	155.73333333333332	154.84	154.81333333333333	154.13333333333333	153.32666666666665	152.15333333333334	151.60666666666665	151.12666666666667	150.4	148.72	148.02666666666667	146.45333333333335	144.87333333333333	143.48	142.02666666666667	140.06666666666666	137.39333333333335	134.78	131.04666666666665	126.39333333333333	119.88	107.84666666666666	0.0
0.0	107.51333333333334	119.8	126.72666666666667	131.38	134.5	137.7	139.86666666666667	142.14666666666668	144.54	146.06	147.78666666666666	148.72666666666666	149.65333333333334	151.14666666666668	151.26	152.18666666666667	153.13333333333333	154.36	155.18666666666667	155.26	155.76	156.44	157.08	157.15333333333334	157.48	157.38666666666666	157.70666666666668	158.6	157.83333333333334	158.08666666666667	158.46	158.99333333333334	159.42	159.06666666666666	158.96	158.54666666666665	158.97333333333333	159.20666666666668	159.14666666666668	158.86666666666667	158.63333333333333	158.28	158.43333333333334	158.31333333333333	157.65333333333334	157.81333333333333	157.16666666666666	156.44666666666666	155.70666666666668	155.98	155.66	155.09333333333333	154.08	153.64	152.7	151.59333333333333	150.88666666666666	150.11333333333334	149.22	148.04666666666665	146.34666666666666	145.29333333333332	143.3	142.1	139.76666666666668	138.09333333333333	134.5	131.29333333333332	126.28	119.59333333333333	108.41333333333333	0.0
0.0	108.30666666666667	120.0	126.35333333333334	131.18666666666667	134.77333333333334	138.18666666666667	140.52	142.16666666666666	143.82666666666665	146.25333333333333	147.08	147.98	149.68666666666667	150.3	151.66	152.16666666666666	152.96	153.31333333333333	154.29333333333332	154.54	154.22666666666666	155.48666666666668	155.71333333333334	155.95333333333335	156.09333333333333	156.76666666666668	156.58666666666667	156.25333333333333	156.91333333333333	157.14	157.38	157.11333333333334	157.39333333333335	157.7	157.39333333333335	157.65333333333334	157.9	157.89333333333335	157.95333333333335	157.26	157.38	157.2	157.1	156.7	156.87333333333333	156.84666666666666	157.14	156.66	156.09333333333333	155.8	154.67333333333335	154.22666666666666	153.33333333333334	153.49333333333334	152.28	151.62	150.82	149.46	148.75333333333333	148.03333333333333	146.84666666666666	145.31333333333333	143.75333333333333	142.22	140.36666666666667	137.66666666666666	134.68666666666667	131.1	126.4	119.7	108.19333333333333	0.0
0.0	107.88	119.72666666666667	126.48	131.23333333333332	135.16666666666666	137.13333333333333	139.96666666666667	141.48	143.73333333333332	145.29333333333332	146.64666666666668	147.64666666666668	148.26	149.71333333333334	150.62	151.37333333333333	152.46666666666667	153.0	153.97333333333333	154.83333333333334	154.98	155.52666666666667	156.23333333333332	156.38	156.90666666666667	156.94666666666666	157.22	157.72666666666666	158.34666666666666	158.16666666666666	158.45333333333335	158.58666666666667	158.66	158.51333333333332	159.08666666666667	159.26666666666668	158.87333333333333	158.33333333333334	158.07333333333332	158.63333333333333	158.25333333333333	158.28	158.76	158.13333333333333	157.99333333333334	157.35333333333332	157.46666666666667	157.00666666666666	156.30666666666667	155.96666666666667	155.18	154.81333333333333	154.41333333333333	153.43333333333334	152.99333333333334	151.64666666666668	151.08666666666667	149.36666666666667	148.80666666666667	147.74666666666667	146.88	145.84666666666666	144.2	142.51333333333332	140.14	137.84	134.96	130.84666666666666	126.25333333333333	119.92	108.41333333333333	0.0
0.0	108.16	119.85333333333334	126.76666666666667	131.4	134.76666666666668	137.55333333333334	140.22666666666666	141.94	143.7	145.02	146.73333333333332	147.43333333333334	149.05333333333334	149.74	150.4	151.14	151.79333333333332	152.46	153.62666666666667	154.22	154.94	154.54666666666665	155.3	156.03333333333333	156.41333333333333	156.98666666666668	156.96666666666667	157.26	157.76666666666668	158.11333333333334	158.31333333333333	158.45333333333335	158.8	158.78	159.10666666666665	158.87333333333333	159.23333333333332	159.1	159.09333333333333	159.22	158.73333333333332	158.59333333333333	158.02666666666667	157.34	157.57333333333332	156.92666666666668	156.51333333333332	156.28666666666666	156.08666666666667	155.58666666666667	154.72	153.93333333333334	153.3	153.34666666666666	152.52666666666667	151.68	150.68	150.19333333333333	149.07333333333332	148.44666666666666	146.92	145.12	143.56	142.3	140.12666666666667	138.36	134.94	131.85333333333332	126.94	119.54666666666667	107.96	0.0
0.0	107.96666666666667	119.74666666666667	126.06	130.79333333333332	134.58	137.54666666666665	139.98666666666668	142.10666666666665	144.34	145.95333333333335	147.05333333333334	148.49333333333334	149.14666666666668	149.62666666666667	150.56	151.04	152.72	152.92	153.72	153.94	154.82	155.19333333333333	155.62	156.03333333333333	156.12666666666667	156.40666666666667	157.10666666666665	156.99333333333334	157.34666666666666	157.91333333333333	158.32666666666665	158.41333333333333	158.37333333333333	158.24666666666667	158.42666666666668	158.65333333333334	158.58	157.64666666666668	158.37333333333333	158.01333333333332	157.77333333333334	157.7	157.55333333333334	156.83333333333334	156.78	156.52	156.3	156.10666666666665	155.54	155.78666666666666	155.41333333333333	154.56666666666666	154.0	153.50666666666666	152.14	151.28666666666666	150.36	149.96666666666667	149.03333333333333	147.40666666666667	145.9	144.58666666666667	143.95333333333335	141.68	139.82666666666665	137.48666666666668	134.81333333333333	131.29333333333332	126.4	119.92	108.22	0.0
0.0	107.89333333333333	119.84666666666666	126.26666666666667	131.04	134.72	137.48	139.83333333333334	141.48666666666668	143.43333333333334	145.55333333333334	146.83333333333334	148.15333333333334	148.98666666666668	150.06	151.44666666666666	152.66	153.22	153.76666666666668	154.46666666666667	155.13333333333333	155.49333333333334	156.33333333333334	156.95333333333335	157.15333333333334	157.8	157.68666666666667	158.30666666666667	158.46666666666667	158.64666666666668	158.36666666666667	158.10666666666665	158.64	158.76	158.59333333333333	158.64666666666668	158.16	158.42666666666668	158.54	158.57333333333332	157.98666666666668	157.84	157.69333333333333	157.66	157.44	157.34	156.46666666666667	156.44	155.84	155.5	155.02	154.11333333333334	153.45333333333335	153.68	153.51333333333332	152.3	151.88	150.59333333333333	149.81333333333333	149.13333333333333	147.78	146.53333333333333	144.88666666666666	143.5	142.09333333333333	140.00666666666666	137.24666666666667	134.27333333333334	131.17333333333335	126.44666666666667	119.24	108.27333333333333	0.0
0.0	108.81333333333333	120.36	126.44666666666667	131.24	134.86	138.0	140.82666666666665	142.58666666666667	144.38	145.68	147.10666666666665	148.34666666666666	149.6	150.64	152.12666666666667	152.63333333333333	153.5	153.32	154.16	155.54	155.95333333333335	156.49333333333334	156.7	157.36	157.46	157.21333333333334	157.95333333333335	157.98	158.01333333333332	158.10666666666665	158.08666666666667	157.82	157.86666666666667	157.96666666666667	157.70666666666668	157.80666666666667	158.23333333333332	157.91333333333333	157.96666666666667	157.7	157.44	157.90666666666667	157.73333333333332	157.93333333333334	157.36	157.07333333333332	156.74666666666667	156.32666666666665	155.83333333333334	155.44	154.43333333333334	154.48666666666668	153.44	153.53333333333333	152.46666666666667	152.7	151.82666666666665	150.68	149.41333333333333	147.92666666666668	146.76	145.57333333333332	144.3	142.44	140.26666666666668	137.68666666666667	134.84666666666666	131.32666666666665	126.28666666666666	119.72666666666667	107.68	0.0
0.0	108.16	120.21333333333334	127.2	131.38	135.34	137.92666666666668	140.90666666666667	143.12666666666667	144.75333333333333	146.11333333333334	147.62666666666667	148.44666666666666	149.82	150.42666666666668	151.58	152.44666666666666	152.81333333333333	153.47333333333333	153.99333333333334	154.25333333333333	155.3	155.73333333333332	156.38	156.12666666666667	156.83333333333334	157.15333333333334	157.18666666666667	157.45333333333335	157.93333333333334	158.34666666666666	158.58	158.76	158.78666666666666	159.14	159.81333333333333	159.56666666666666	159.66	159.32	159.86	159.6	159.11333333333334	159.4	159.21333333333334	158.69333333333333	158.68666666666667	157.93333333333334	157.90666666666667	157.17333333333335	156.87333333333333	155.88666666666666	154.87333333333333	154.06666666666666	154.48	153.71333333333334	152.68666666666667	151.96	150.85333333333332	149.92	148.9	147.81333333333333	146.68	145.60666666666665	144.15333333333334	142.30666666666667	140.56	137.74	134.52666666666667	131.92666666666668	127.49333333333334	119.94	108.26	0.0
0.0	108.42666666666666	119.62666666666667	126.64	131.17333333333335	134.51333333333332	137.56	139.58	142.42	144.02666666666667	145.46	147.66	148.05333333333334	149.38	150.66666666666666	151.4	152.59333333333333	152.98	153.85333333333332	154.11333333333334	154.87333333333333	155.73333333333332	156.30666666666667	156.62666666666667	157.08	158.07333333333332	157.7	158.20666666666668	157.90666666666667	159.09333333333333	158.84666666666666	158.7	159.24666666666667	158.81333333333333	158.86666666666667	159.75333333333333	159.45333333333335	159.58666666666667	159.09333333333333	159.34666666666666	159.38	158.82	158.76666666666668	157.74666666666667	158.08666666666667	157.76666666666668	157.69333333333333	157.30666666666667	156.88	156.41333333333333	155.78	154.78	154.6	154.2	154.00666666666666	152.88	151.93333333333334	151.18	150.31333333333333	149.08666666666667	147.61333333333334	146.38	145.56666666666666	144.06	142.66	140.14	137.68666666666667	135.28666666666666	131.92666666666668	126.57333333333334	120.26666666666667	107.98	0.0
0.0	108.06666666666666	119.81333333333333	126.65333333333334	132.05333333333334	135.65333333333334	138.88666666666666	141.13333333333333	142.94666666666666	145.14	146.21333333333334	147.34666666666666	148.34	149.46	150.65333333333334	151.53333333333333	152.59333333333333	153.28	153.68	154.27333333333334	154.72	155.74666666666667	156.45333333333335	156.6	157.44	157.36666666666667	157.58666666666667	157.99333333333334	158.17333333333335	158.23333333333332	158.22	158.68	159.24	159.72	159.31333333333333	158.97333333333333	159.60666666666665	159.06	159.0	158.75333333333333	158.22	158.22666666666666	158.44	158.02666666666667	158.28	158.14	157.74666666666667	157.22666666666666	156.22	156.49333333333334	155.58	155.13333333333333	155.26	154.40666666666667	153.77333333333334	153.27333333333334	152.20666666666668	151.56666666666666	150.32666666666665	149.00666666666666	148.20666666666668	146.62666666666667	145.55333333333334	143.76666666666668	142.49333333333334	140.57333333333332	138.56666666666666	135.42666666666668	131.71333333333334	126.74	120.10666666666667	108.17333333333333	0.0
0.0	108.50666666666666	120.15333333333334	126.75333333333333	131.98	135.48666666666668	138.41333333333333	139.90666666666667	141.64	144.0	145.37333333333333	147.19333333333333	148.41333333333333	149.62	150.87333333333333	151.98	151.69333333333333	152.38666666666666	153.69333333333333	154.16	154.93333333333334	155.53333333333333	156.50666666666666	156.88	157.20666666666668	158.12	158.14666666666668	158.53333333333333	158.98666666666668	158.74666666666667	159.02	158.26	159.07333333333332	159.41333333333333	159.68	159.33333333333334	159.08666666666667	159.28666666666666	159.37333333333333	159.19333333333333	159.13333333333333	159.49333333333334	159.02666666666667	158.64	158.40666666666667	158.29333333333332	158.10666666666665	157.42	156.71333333333334	156.86	155.56666666666666	155.41333333333333	154.66666666666666	154.3	153.76666666666668	153.29333333333332	152.67333333333335	151.83333333333334	150.52666666666667	149.10666666666665	148.23333333333332	147.0	145.85333333333332	144.34666666666666	142.7	140.57333333333332	137.97333333333333	134.92	131.80666666666667	127.08	120.02	108.9	0.0
0.0	107.78	120.24666666666667	126.38666666666667	130.82666666666665	134.84666666666666	137.92666666666668	140.68666666666667	142.85333333333332	144.13333333333333	145.64	146.76666666666668	147.82666666666665	149.17333333333335	149.9	150.53333333333333	151.54	152.26666666666668	153.06	153.72666666666666	154.81333333333333	154.80666666666667	155.93333333333334	156.51333333333332	157.00666666666666	156.56666666666666	156.43333333333334	157.56666666666666	157.44	157.34666666666666	157.94666666666666	158.32	158.54	158.32	158.1	158.42	158.45333333333335	158.66666666666666	158.2	158.46	157.94	158.48666666666668	157.8	157.84	157.5	157.03333333333333	156.58	157.12666666666667	156.74	155.69333333333333	154.82666666666665	154.44	154.32	153.72	152.76666666666668	152.25333333333333	151.7	150.80666666666667	149.74666666666667	149.35333333333332	148.04666666666665	146.84	145.36666666666667	144.62	141.98	139.90666666666667	137.65333333333334	134.84666666666666	131.35333333333332	126.42666666666666	120.02666666666667	108.44666666666667	0.0
0.0	108.06	120.02	126.04	131.03333333333333	134.65333333333334	137.83333333333334	140.0	142.44666666666666	144.44666666666666	145.9	147.43333333333334	149.16	150.16	151.58666666666667	152.38	152.98666666666668	153.94	154.46666666666667	155.14666666666668	155.42	155.8	156.47333333333333	157.40666666666667	156.88666666666666	157.67333333333335	158.24666666666667	158.06	158.28666666666666	158.62	158.43333333333334	158.84666666666666	158.9	158.9	158.90666666666667	159.02	158.88666666666666	159.46666666666667	159.13333333333333	158.86666666666667	158.14666666666668	158.86	158.36	158.4	157.95333333333335	157.84	157.26666666666668	157.13333333333333	156.47333333333333	156.55333333333334	156.25333333333333	155.46666666666667	154.58666666666667	154.45333333333335	153.82	153.46	152.42666666666668	151.80666666666667	151.17333333333335	150.04	148.93333333333334	147.44	146.10666666666665	144.78666666666666	142.47333333333333	140.45333333333335	137.99333333333334	135.09333333333333	131.30666666666667	126.6	120.08666666666667	108.32	0.0
0.0	108.28	119.86	126.67333333333333	130.96666666666667	134.81333333333333	137.96666666666667	140.68666666666667	142.34666666666666	143.56666666666666	145.71333333333334	146.76666666666668	147.88	149.25333333333333	149.82666666666665	150.83333333333334	151.54666666666665	152.43333333333334	153.04666666666665	153.76	154.08	155.38	155.94666666666666	156.42	156.37333333333333	157.04	157.7	158.02666666666667	157.55333333333334	158.16666666666666	158.44666666666666	158.66	159.0	158.70666666666668	158.85333333333332	159.28666666666666	158.9	158.93333333333334	158.73333333333332	158.09333333333333	157.93333333333334	157.67333333333335	157.75333333333333	157.37333333333333	157.34666666666666	157.20666666666668	156.66666666666666	156.24	156.11333333333334	155.80666666666667	155.40666666666667	155.17333333333335	154.88666666666666	154.23333333333332	153.80666666666667	153.53333333333333	152.15333333333334	151.46666666666667	150.29333333333332	149.75333333333333	148.55333333333334	147.01333333333332	146.02	143.61333333333334	142.17333333333335	140.08	137.76666666666668	135.1	131.6	126.85333333333334	119.82	108.16666666666667	0.0
0.0	108.42	119.52	126.25333333333333	131.18666666666667	135.20666666666668	137.85333333333332	140.89333333333335	142.40666666666667	144.44666666666666	145.66666666666666	147.28	148.68	149.50666666666666	150.34	151.12666666666667	152.06	153.64666666666668	153.86	154.42666666666668	155.2	155.24	155.96666666666667	156.58666666666667	157.08	157.26	157.93333333333334	157.79333333333332	158.08666666666667	158.56666666666666	158.69333333333333	158.64	158.54	159.16666666666666	158.89333333333335	159.28666666666666	159.16666666666666	159.08	159.17333333333335	159.02	158.85333333333332	159.06666666666666	158.91333333333333	159.06	159.1	157.66666666666666	157.3	157.25333333333333	156.82666666666665	156.25333333333333	156.04666666666665	155.54	154.98666666666668	154.34	153.48	152.74	152.24	151.54	150.55333333333334	149.29333333333332	148.27333333333334	146.3	145.66	144.19333333333333	141.72666666666666	140.16	137.98	135.06	131.58666666666667	126.52	119.94	108.2	0.0
0.0	108.31333333333333	120.18	127.30666666666667	132.4	135.60666666666665	138.19333333333333	140.97333333333333	142.50666666666666	144.26666666666668	146.34	147.98	148.85333333333332	149.82666666666665	150.73333333333332	151.5	152.02	152.58666666666667	153.19333333333333	154.0	154.63333333333333	154.87333333333333	155.40666666666667	155.84	156.78666666666666	157.46	157.73333333333332	158.32	158.66	158.54	158.98	159.02	159.13333333333333	159.70666666666668	159.40666666666667	159.54666666666665	159.72666666666666	159.90666666666667	159.11333333333334	159.07333333333332	158.70666666666668	159.08	159.04	158.50666666666666	158.66666666666666	158.11333333333334	157.56	156.73333333333332	156.30666666666667	155.55333333333334	155.40666666666667	154.60666666666665	154.68666666666667	154.02	153.79333333333332	152.8	152.11333333333334	151.16	150.51333333333332	149.44	148.96	147.45333333333335	145.87333333333333	144.1	142.09333333333333	140.08	137.71333333333334	135.41333333333333	131.78	127.08666666666667	120.57333333333334	108.56	0.0
0.0	108.24666666666667	120.04666666666667	126.86	131.70666666666668	134.80666666666667	137.36	140.62666666666667	141.88	143.78666666666666	144.89333333333335	146.56	147.63333333333333	149.46666666666667	150.29333333333332	151.25333333333333	152.44666666666666	152.93333333333334	153.22666666666666	154.67333333333335	154.93333333333334	155.42666666666668	155.66	155.98	156.78	157.02666666666667	157.41333333333333	158.14666666666668	158.76	158.64	158.92666666666668	158.90666666666667	159.29333333333332	159.18	159.6	159.43333333333334	159.0	158.68666666666667	159.21333333333334	158.69333333333333	158.32	158.18	157.88666666666666	157.52666666666667	157.98666666666668	157.72	156.83333333333334	156.66666666666666	156.11333333333334	155.56	155.24	155.2	154.38666666666666	153.91333333333333	153.2	152.05333333333334	152.08	150.90666666666667	150.1	149.05333333333334	148.01333333333332	147.03333333333333	145.70666666666668	144.56	142.46	140.00666666666666	137.7	134.79333333333332	131.36666666666667	127.08	120.19333333333333	108.08666666666667	0.0
0.0	108.00666666666666	119.76	126.47333333333333	130.94	134.17333333333335	136.98666666666668	139.0	141.05333333333334	142.78666666666666	144.52666666666667	145.96666666666667	147.14	148.25333333333333	149.26	150.05333333333334	151.59333333333333	152.04666666666665	152.55333333333334	153.08666666666667	153.02	153.94	154.04666666666665	154.34666666666666	155.35333333333332	155.84666666666666	156.03333333333333	156.16	156.5	156.82666666666665	156.78666666666666	156.94666666666666	156.9	157.69333333333333	157.41333333333333	157.71333333333334	157.70666666666668	158.14	158.00666666666666	158.16666666666666	157.86	158.16666666666666	158.6	158.00666666666666	158.26666666666668	157.52666666666667	157.1	156.69333333333333	156.25333333333333	156.16	156.02	155.28	154.52666666666667	153.45333333333335	153.74	153.02666666666667	152.29333333333332	150.24666666666667	149.86	148.68666666666667	147.83333333333334	146.66	145.23333333333332	144.24666666666667	141.85333333333332	139.82666666666665	137.61333333333334	134.60666666666665	130.91333333333333	125.9	119.44	108.7	0.0
0.0	108.18666666666667	120.51333333333334	127.86666666666666	132.14666666666668	134.95333333333335	138.16	140.42	142.78666666666666	144.62666666666667	146.87333333333333	147.7	149.28666666666666	149.80666666666667	150.9	151.47333333333333	152.51333333333332	153.52666666666667	153.82666666666665	153.94	155.25333333333333	155.64666666666668	155.96666666666667	155.88666666666666	156.44666666666666	157.41333333333333	157.39333333333335	157.98666666666668	158.67333333333335	158.30666666666667	158.66666666666666	159.16666666666666	159.62	159.97333333333333	160.17333333333335	160.32666666666665	159.75333333333333	159.26	159.96666666666667	159.3	158.97333333333333	158.95333333333335	158.92	158.69333333333333	158.32666666666665	158.36	158.07333333333332	157.64666666666668	157.02	156.37333333333333	156.21333333333334	155.73333333333332	154.92	154.15333333333334	153.62	152.99333333333334	152.46	151.61333333333334	150.23333333333332	149.6	148.08	146.71333333333334	145.66666666666666	144.36666666666667	142.24666666666667	140.33333333333334	138.05333333333334	135.04666666666665	130.74666666666667	126.33333333333333	119.54666666666667	107.73333333333333	0.0
0.0	108.42	119.42666666666666	126.09333333333333	130.55333333333334	134.64	137.39333333333335	139.74	142.1	143.59333333333333	145.37333333333333	146.94666666666666	147.93333333333334	148.58666666666667	150.21333333333334	150.67333333333335	151.45333333333335	152.77333333333334	153.28	154.37333333333333	154.87333333333333	155.36	156.03333333333333	156.2	156.39333333333335	157.24	157.12666666666667	157.24	157.48666666666668	158.16	158.11333333333334	157.92666666666668	157.76	157.83333333333334	157.87333333333333	158.11333333333334	157.60666666666665	157.41333333333333	157.82666666666665	157.73333333333332	158.42	158.08	158.01333333333332	157.80666666666667	157.42666666666668	157.81333333333333	157.33333333333334	157.40666666666667	156.62666666666667	156.66	156.18666666666667	155.89333333333335	155.32666666666665	154.59333333333333	154.08666666666667	153.57333333333332	152.36	151.74666666666667	150.38666666666666	149.36	148.33333333333334	147.1	145.82666666666665	144.94	142.65333333333334	140.44666666666666	137.86	134.64666666666668	131.24666666666667	126.18666666666667	120.37333333333333	108.3	0.0
0.0	108.14	120.22666666666667	126.94666666666667	131.42	135.01333333333332	137.84	140.42	142.31333333333333	143.71333333333334	144.98	147.19333333333333	148.52	149.44666666666666	150.14666666666668	150.89333333333335	151.93333333333334	152.98	153.26666666666668	153.89333333333335	154.36666666666667	154.96	155.44666666666666	155.81333333333333	156.03333333333333	156.24	156.68666666666667	157.36666666666667	157.52	157.87333333333333	157.62666666666667	158.12	158.56666666666666	158.72666666666666	158.71333333333334	158.91333333333333	158.60666666666665	159.02	158.7	158.7	159.02	158.46666666666667	158.19333333333333	157.70666666666668	157.33333333333334	157.73333333333332	157.11333333333334	157.03333333333333	157.09333333333333	156.42	155.94666666666666	155.54666666666665	154.94	154.34666666666666	153.66	153.00666666666666	151.79333333333332	151.16	150.32666666666665	149.06	147.71333333333334	146.30666666666667	145.11333333333334	143.42666666666668	141.68666666666667	139.57333333333332	136.96666666666667	134.36	131.54	126.78666666666666	119.98666666666666	108.31333333333333	0.0
0.0	108.06	119.94666666666667	127.12	131.70666666666668	135.22	138.5	140.38666666666666	141.76666666666668	143.85333333333332	145.42	147.16	148.72666666666666	149.70666666666668	150.74666666666667	151.62666666666667	152.57333333333332	153.48	153.61333333333334	154.78	154.84	155.42666666666668	155.95333333333335	156.12666666666667	156.50666666666666	157.26666666666668	157.16666666666666	157.35333333333332	157.82	157.8	158.16666666666666	158.3	158.9	158.51333333333332	158.23333333333332	158.36666666666667	157.98	158.57333333333332	158.74666666666667	158.58	159.36	158.75333333333333	158.45333333333335	158.06666666666666	157.74	157.12666666666667	156.95333333333335	156.51333333333332	156.74	156.45333333333335	156.28	155.52	155.21333333333334	154.58	153.65333333333334	152.50666666666666	152.59333333333333	151.83333333333334	150.64666666666668	149.76666666666668	148.63333333333333	147.82	145.88666666666666	144.58666666666667	142.92666666666668	141.12	138.1	135.5	131.74	127.55333333333333	120.66666666666667	108.33333333333333	0.0
0.0	108.04666666666667	120.05333333333333	126.78666666666666	131.71333333333334	135.26666666666668	138.29333333333332	140.72	142.32	144.01333333333332	145.76	146.82	147.86666666666667	149.25333333333333	149.88666666666666	151.12	152.3	152.76666666666668	153.36666666666667	154.78	155.02	155.72666666666666	155.55333333333334	156.34	156.26666666666668	156.77333333333334	156.89333333333335	157.52	157.46	157.48	157.46	158.40666666666667	158.58	158.28	158.29333333333332	157.99333333333334	158.35333333333332	158.70666666666668	157.99333333333334	158.02666666666667	158.03333333333333	158.18	157.74	157.5	157.64666666666668	157.22666666666666	156.95333333333335	156.25333333333333	156.04	156.16	155.18666666666667	155.4	154.4	153.77333333333334	153.34666666666666	152.35333333333332	152.16666666666666	150.81333333333333	149.86	148.36	147.29333333333332	145.76	145.29333333333332	143.44666666666666	141.74666666666667	139.98	137.61333333333334	134.84	131.3	126.08	119.86	108.62666666666667	0.0
0.0	108.24666666666667	119.96	126.80666666666667	131.60666666666665	135.42666666666668	138.43333333333334	140.86666666666667	142.38666666666666	143.82666666666665	145.37333333333333	146.94666666666666	148.0	149.1	150.03333333333333	151.1	151.75333333333333	152.61333333333334	153.23333333333332	153.31333333333333	154.05333333333334	154.89333333333335	156.16666666666666	156.26666666666668	156.07333333333332	156.34	157.02666666666667	157.12666666666667	157.64666666666668	157.85333333333332	158.08	157.80666666666667	157.78	158.66666666666666	158.75333333333333	158.68	158.56	158.40666666666667	158.19333333333333	157.81333333333333	157.34666666666666	157.65333333333334	157.71333333333334	157.55333333333334	157.73333333333332	158.02666666666667	157.93333333333334	157.00666666666666	156.98666666666668	156.29333333333332	155.76666666666668	154.98	154.16666666666666	153.84	152.93333333333334	152.34	151.75333333333333	150.90666666666667	149.78666666666666	148.68666666666667	148.50666666666666	146.5	145.12	143.54666666666665	141.56666666666666	139.51333333333332	137.31333333333333	134.74	131.62666666666667	126.50666666666666	119.6	107.87333333333333	0.0
0.0	108.32	119.54	126.41333333333333	130.95333333333335	133.90666666666667	136.8	138.92666666666668	140.96666666666667	142.64	144.13333333333333	145.50666666666666	147.05333333333334	147.91333333333333	149.22666666666666	149.74666666666667	150.58666666666667	151.48	152.46666666666667	153.26	153.9	153.84	154.08	154.9	155.58	155.80666666666667	155.81333333333333	156.38	156.3	156.83333333333334	157.18666666666667	157.30666666666667	157.32666666666665	157.22	157.29333333333332	157.04666666666665	156.54	157.14	157.09333333333333	157.26	157.39333333333335	156.87333333333333	157.06666666666666	157.25333333333333	156.62666666666667	156.05333333333334	155.96	155.91333333333333	155.0	155.53333333333333	154.54666666666665	154.28666666666666	153.46	153.03333333333333	152.18666666666667	151.73333333333332	150.44666666666666	150.0	148.89333333333335	147.86666666666667	147.16666666666666	146.02666666666667	144.3	142.92666666666668	141.36	139.68	137.38	134.04666666666665	130.4	126.03333333333333	119.13333333333334	108.34666666666666	0.0
0.0	108.10666666666667	119.89333333333333	126.44666666666667	131.18666666666667	134.89333333333335	137.92	140.36666666666667	141.5	143.27333333333334	144.92666666666668	146.80666666666667	147.64	149.14	149.78666666666666	150.74666666666667	151.73333333333332	152.15333333333334	153.19333333333333	153.46666666666667	153.94	154.87333333333333	155.29333333333332	156.16	156.18	156.64	156.66666666666666	157.21333333333334	156.64	157.8	157.88666666666666	157.75333333333333	157.8	157.82	158.05333333333334	158.86	158.51333333333332	158.61333333333334	158.41333333333333	158.28666666666666	158.14	158.00666666666666	157.8	157.54	157.17333333333335	157.40666666666667	157.16666666666666	156.66	156.82666666666665	156.28666666666666	155.97333333333333	155.56666666666666	154.72	154.36	153.3	152.54666666666665	151.9	151.42	150.43333333333334	149.46666666666667	148.32	146.56666666666666	145.30666666666667	143.99333333333334	142.06	140.08	138.1	134.47333333333333	131.42	126.5	119.42	107.78666666666666	0.0
0.0	108.2	119.93333333333334	126.76	131.64666666666668	134.81333333333333	137.46	139.85333333333332	141.6	143.47333333333333	145.32	146.69333333333333	148.32666666666665	149.38666666666666	150.76666666666668	152.16666666666666	152.55333333333334	154.06666666666666	154.51333333333332	154.64	155.08666666666667	155.47333333333333	156.44666666666666	156.55333333333334	157.18666666666667	157.34666666666666	157.22666666666666	157.6	157.53333333333333	157.65333333333334	158.12666666666667	157.84666666666666	157.95333333333335	158.05333333333334	158.48666666666668	158.27333333333334	158.71333333333334	158.38666666666666	158.78	158.27333333333334	157.9	157.45333333333335	157.20666666666668	156.92666666666668	156.97333333333333	157.2	157.34	156.96	156.56	156.48666666666668	155.9	155.0	154.43333333333334	153.98	153.16666666666666	152.30666666666667	151.52	151.1	149.46666666666667	148.66666666666666	147.66666666666666	146.46666666666667	144.85333333333332	143.87333333333333	142.13333333333333	140.54666666666665	138.32	135.25333333333333	131.48666666666668	126.74666666666667	119.29333333333334	108.3	0.0
0.0	108.06666666666666	119.72666666666667	126.58666666666667	132.2	135.14	137.92	139.72	141.58	144.0	145.46666666666667	147.03333333333333	148.00666666666666	149.26666666666668	149.93333333333334	151.18666666666667	152.22	152.86	153.49333333333334	153.60666666666665	154.26	154.80666666666667	155.04	155.23333333333332	155.72666666666666	156.18666666666667	156.71333333333334	156.64666666666668	157.20666666666668	157.80666666666667	158.14	158.22	158.19333333333333	158.02	157.92	158.36666666666667	158.32666666666665	158.56666666666666	157.84	157.74	157.39333333333335	157.7	157.57333333333332	157.69333333333333	156.88	156.78666666666666	156.51333333333332	156.39333333333335	155.58666666666667	155.68666666666667	155.32666666666665	154.71333333333334	154.40666666666667	153.65333333333334	152.66666666666666	152.16	151.47333333333333	150.26	149.22	148.0	147.12	146.24666666666667	144.92666666666668	143.35333333333332	141.36	139.79333333333332	137.15333333333334	134.73333333333332	130.90666666666667	125.95333333333333	119.02666666666667	107.9	0.0
0.0	107.9	119.72	127.12666666666667	131.62	135.16666666666666	137.20666666666668	139.84	142.20666666666668	143.38	144.97333333333333	146.62	148.30666666666667	149.28	150.25333333333333	151.14666666666668	151.46	153.27333333333334	153.19333333333333	154.04666666666665	154.85333333333332	155.55333333333334	155.94	156.68666666666667	157.0	157.1	157.52666666666667	157.90666666666667	158.38666666666666	158.34	158.67333333333335	158.76666666666668	158.32	158.27333333333334	158.85333333333332	158.68	158.92	158.27333333333334	158.57333333333332	158.47333333333333	158.16	158.06666666666666	157.72	158.17333333333335	157.77333333333334	157.22666666666666	156.98666666666668	156.95333333333335	156.27333333333334	156.23333333333332	156.04666666666665	155.41333333333333	154.83333333333334	154.04	153.36	152.72	151.69333333333333	151.03333333333333	150.18666666666667	149.04	148.19333333333333	146.37333333333333	145.14	143.74666666666667	141.77333333333334	139.68666666666667	137.31333333333333	134.71333333333334	131.6	126.72	120.06666666666666	107.94666666666667	0.0
0.0	107.69333333333333	119.8	126.76	131.23333333333332	134.40666666666667	138.27333333333334	140.16666666666666	141.92666666666668	144.02666666666667	145.59333333333333	146.88666666666666	148.26666666666668	149.04666666666665	149.67333333333335	150.28666666666666	151.79333333333332	152.25333333333333	152.66	153.34666666666666	153.91333333333333	154.91333333333333	155.15333333333334	156.16666666666666	156.50666666666666	156.47333333333333	157.1	157.64	157.74	158.40666666666667	158.34666666666666	158.36	158.01333333333332	158.51333333333332	158.19333333333333	158.84666666666666	159.15333333333334	159.40666666666667	159.14	158.86	159.22666666666666	159.17333333333335	159.22666666666666	158.38666666666666	158.04	157.20666666666668	157.02	156.62	156.57333333333332	156.37333333333333	155.65333333333334	155.76666666666668	154.84	153.64666666666668	152.93333333333334	152.60666666666665	151.55333333333334	150.96	149.84666666666666	148.77333333333334	147.75333333333333	146.38666666666666	145.11333333333334	143.44	142.02	139.39333333333335	136.96	134.51333333333332	131.20666666666668	126.01333333333334	119.29333333333334	107.98	0.0
0.0	108.45333333333333	120.46666666666667	127.24	132.46666666666667	135.69333333333333	138.44666666666666	141.5	142.34666666666666	144.62	145.92	147.61333333333334	148.76	149.39333333333335	150.56666666666666	151.48	152.23333333333332	152.44666666666666	153.61333333333334	154.08666666666667	155.05333333333334	155.68666666666667	155.91333333333333	156.72	156.44666666666666	157.04	157.72	157.74	157.67333333333335	158.18666666666667	158.42666666666668	158.61333333333334	158.48666666666668	158.82	158.92666666666668	158.46666666666667	158.94	159.10666666666665	158.74	158.42	158.18	158.26666666666668	157.8	157.89333333333335	158.11333333333334	157.94666666666666	157.82666666666665	157.04666666666665	156.89333333333335	156.13333333333333	155.22666666666666	155.02666666666667	154.28666666666666	153.88	153.04666666666665	152.55333333333334	151.81333333333333	151.1	150.07333333333332	148.68	148.16	146.68	145.18	144.18666666666667	142.72666666666666	140.76666666666668	138.08666666666667	134.74	131.47333333333333	126.56666666666666	120.50666666666666	108.54666666666667	0.0
0.0	108.16666666666667	119.96	126.64666666666666	130.98666666666668	134.38666666666666	137.25333333333333	139.63333333333333	140.92666666666668	142.78666666666666	144.26666666666668	145.70666666666668	146.97333333333333	148.32	148.87333333333333	149.95333333333335	151.23333333333332	151.89333333333335	152.9	153.46666666666667	154.70666666666668	154.76666666666668	155.41333333333333	155.63333333333333	155.76666666666668	156.69333333333333	156.9	156.92	157.54666666666665	157.97333333333333	157.70666666666668	158.34	158.18666666666667	158.17333333333335	158.65333333333334	158.14666666666668	158.54	158.47333333333333	158.68666666666667	158.52	158.15333333333334	158.06	157.67333333333335	157.84666666666666	158.10666666666665	157.34	157.39333333333335	156.83333333333334	156.9	156.96666666666667	155.73333333333332	155.40666666666667	154.59333333333333	154.36	153.58666666666667	152.86666666666667	151.84666666666666	150.92	149.76	149.08666666666667	148.37333333333333	146.94666666666666	145.59333333333333	143.84	142.11333333333334	140.42666666666668	137.8	134.87333333333333	131.08	127.24666666666667	119.85333333333334	108.32666666666667	0.0
0.0	108.46	119.80666666666667	126.53333333333333	131.05333333333334	134.59333333333333	137.50666666666666	139.72	142.15333333333334	144.21333333333334	145.1	146.72666666666666	147.84666666666666	149.17333333333335	149.67333333333335	150.41333333333333	151.72	151.82	152.76	153.18	153.47333333333333	154.18666666666667	155.09333333333333	155.16666666666666	156.0	156.88	156.61333333333334	156.56	156.57333333333332	156.94	157.30666666666667	157.51333333333332	158.14666666666668	157.68	157.89333333333335	157.75333333333333	157.99333333333334	158.29333333333332	158.46666666666667	158.18	157.97333333333333	157.86	157.77333333333334	157.39333333333335	156.75333333333333	157.12666666666667	156.99333333333334	156.32	155.89333333333335	155.82	155.56666666666666	155.0	154.12666666666667	153.8	153.3	152.76666666666668	152.14	151.06666666666666	150.53333333333333	149.79333333333332	148.50666666666666	147.22666666666666	146.41333333333333	144.78666666666666	142.92	140.40666666666667	138.64666666666668	135.22	131.46	126.46666666666667	119.38666666666667	107.94666666666667	0.0
0.0	108.30666666666667	120.46	126.74	130.70666666666668	134.43333333333334	137.76	140.84	143.25333333333333	144.52666666666667	145.72666666666666	147.38666666666666	148.67333333333335	150.06666666666666	151.26	151.71333333333334	152.57333333333332	153.06	153.96	154.43333333333334	155.04	155.74	155.95333333333335	156.26	156.77333333333334	157.40666666666667	158.36	158.42	158.2	158.7	158.66666666666666	159.15333333333334	158.92	159.19333333333333	159.24666666666667	159.00666666666666	158.74666666666667	158.41333333333333	158.84	158.85333333333332	159.10666666666665	159.24666666666667	158.82666666666665	158.80666666666667	158.35333333333332	157.41333333333333	157.73333333333332	157.33333333333334	156.64666666666668	156.37333333333333	155.91333333333333	155.55333333333334	155.16666666666666	154.46666666666667	154.3	153.06666666666666	152.68666666666667	152.32	150.82666666666665	149.64	148.65333333333334	147.12666666666667	145.86666666666667	144.53333333333333	142.38	140.98	138.08666666666667	135.60666666666665	131.63333333333333	126.61333333333333	120.28666666666666	108.12666666666667	0.0
0.0	108.50666666666666	120.35333333333334	126.9	131.36	135.04	138.26666666666668	140.5	142.79333333333332	144.26	145.51333333333332	146.54666666666665	148.4	149.72	150.76	151.88666666666666	152.29333333333332	152.54666666666665	153.22	154.37333333333333	154.69333333333333	154.98666666666668	155.74	156.46666666666667	156.62	156.74666666666667	157.92666666666668	157.97333333333333	158.0	158.66666666666666	158.48666666666668	159.20666666666668	158.92	158.94666666666666	158.78	159.28666666666666	159.02	158.65333333333334	159.1	159.04666666666665	158.99333333333334	158.9	158.67333333333335	158.37333333333333	157.92666666666668	157.82	157.71333333333334	157.18666666666667	156.7	155.95333333333335	155.46	154.74	154.46	153.81333333333333	153.1	151.88	151.85333333333332	150.98666666666668	149.83333333333334	149.27333333333334	148.3	147.28666666666666	145.66666666666666	144.14666666666668	142.24	140.37333333333333	137.99333333333334	134.93333333333334	131.53333333333333	126.52666666666667	120.5	108.58	0.0
0.0	108.31333333333333	119.76666666666667	126.7	131.24666666666667	135.27333333333334	138.05333333333334	140.39333333333335	142.48666666666668	144.22	145.60666666666665	146.89333333333335	147.92	149.26	150.08666666666667	151.29333333333332	151.94	152.61333333333334	153.52666666666667	153.35333333333332	154.48666666666668	155.08	155.60666666666665	156.22666666666666	157.03333333333333	156.46666666666667	156.8	157.11333333333334	157.65333333333334	158.38	158.67333333333335	158.26	158.28666666666666	158.9	158.53333333333333	158.21333333333334	158.74666666666667	158.46666666666667	158.43333333333334	158.36	158.71333333333334	157.92666666666668	158.23333333333332	157.88	157.59333333333333	156.83333333333334	156.18666666666667	156.37333333333333	156.3	155.72	155.44	155.10666666666665	154.59333333333333	153.68666666666667	152.90666666666667	152.63333333333333	152.06666666666666	151.40666666666667	150.31333333333333	149.06	147.59333333333333	146.54666666666665	145.08	143.44666666666666	141.91333333333333	139.68	137.30666666666667	134.51333333333332	131.43333333333334	126.42	119.75333333333333	108.34666666666666	0.0
0.0	107.92	119.92666666666666	126.43333333333334	131.52666666666667	135.11333333333334	138.44	140.78	142.49333333333334	144.52666666666667	146.03333333333333	146.84	147.99333333333334	149.63333333333333	150.91333333333333	151.12	152.35333333333332	152.84	153.71333333333334	154.36	155.6	155.76	156.18	156.32	156.68	157.12	157.07333333333332	157.73333333333332	157.57333333333332	158.16666666666666	158.10666666666665	158.63333333333333	158.46	158.91333333333333	159.08	159.28666666666666	159.61333333333334	159.07333333333332	159.02	158.92	159.62	159.36	158.88	158.52666666666667	158.04666666666665	157.82	157.34	157.05333333333334	157.08	156.28666666666666	156.4	156.12	155.26	155.06	153.91333333333333	153.02666666666667	152.58	151.45333333333335	150.81333333333333	149.89333333333335	148.77333333333334	147.80666666666667	146.25333333333333	144.80666666666667	143.2	140.7	138.06666666666666	135.7	131.89333333333335	126.97333333333333	120.07333333333334	107.90666666666667	0.0
0.0	107.55333333333333	119.54	126.22666666666667	130.77333333333334	134.68666666666667	137.57333333333332	139.64666666666668	141.58	143.26	145.32	146.95333333333335	148.4	149.16666666666666	149.59333333333333	150.65333333333334	152.10666666666665	153.04	153.51333333333332	153.81333333333333	154.34	154.94	155.00666666666666	155.70666666666668	155.71333333333334	156.04	156.46666666666667	156.46666666666667	156.39333333333335	157.00666666666666	156.82666666666665	157.14	156.96666666666667	157.35333333333332	157.52	157.73333333333332	157.17333333333335	157.38666666666666	157.74	157.31333333333333	157.30666666666667	156.92666666666668	157.23333333333332	157.1	156.60666666666665	156.52666666666667	156.23333333333332	156.16666666666666	155.81333333333333	154.89333333333335	154.75333333333333	153.86666666666667	152.71333333333334	153.02	151.96	150.50666666666666	150.34	149.72	149.02	148.18	147.27333333333334	146.2	144.68666666666667	143.50666666666666	141.64666666666668	139.57333333333332	137.52	134.94666666666666	131.07333333333332	126.74666666666667	119.92666666666666	108.04666666666667	0.0
0.0	108.2	119.55333333333333	126.01333333333334	130.71333333333334	134.63333333333333	137.62	139.89333333333335	141.40666666666667	143.12	145.12666666666667	146.65333333333334	147.62	148.86	149.66	150.98666666666668	151.59333333333333	152.36	152.41333333333333	152.86666666666667	153.46	154.29333333333332	154.69333333333333	155.25333333333333	155.69333333333333	155.87333333333333	156.44	156.58	156.38	156.64666666666668	157.16666666666666	157.43333333333334	157.52	157.44	157.23333333333332	157.42666666666668	157.72	157.60666666666665	157.17333333333335	156.88	156.22666666666666	156.24666666666667	155.62666666666667	155.87333333333333	155.84666666666666	155.92666666666668	155.54	154.94	155.1	154.77333333333334	153.72666666666666	153.58666666666667	152.57333333333332	152.23333333333332	152.2	151.14666666666668	150.06	149.76666666666668	149.38	148.38	147.4	145.94	145.08666666666667	143.17333333333335	142.01333333333332	139.94666666666666	137.02	134.40666666666667	130.96	126.25333333333333	119.57333333333334	108.16666666666667	0.0
0.0	108.15333333333334	120.0	126.52	131.36666666666667	134.44666666666666	137.54666666666665	139.97333333333333	141.9	143.77333333333334	145.66666666666666	146.94666666666666	148.05333333333334	149.36	150.3	150.78	152.22	152.76666666666668	153.08666666666667	153.90666666666667	154.58666666666667	155.70666666666668	156.30666666666667	155.88	156.45333333333335	156.69333333333333	157.22	157.44	158.04666666666665	158.62666666666667	158.81333333333333	158.5	158.29333333333332	157.94666666666666	158.38666666666666	159.02666666666667	158.94666666666666	159.17333333333335	158.91333333333333	158.69333333333333	158.25333333333333	157.5	157.77333333333334	157.73333333333332	157.48666666666668	157.33333333333334	156.56666666666666	156.07333333333332	155.62666666666667	155.73333333333332	155.65333333333334	155.14666666666668	154.42	154.28666666666666	153.57333333333332	153.28666666666666	152.58666666666667	151.92666666666668	150.80666666666667	150.1	148.90666666666667	147.22	145.81333333333333	143.85333333333332	141.92666666666668	140.06	138.19333333333333	135.44666666666666	131.08	126.33333333333333	120.16	107.92	0.0
0.0	108.02666666666667	120.06666666666666	126.42666666666666	131.16	134.39333333333335	137.59333333333333	139.9	142.21333333333334	144.16666666666666	145.82	146.66	148.36	149.39333333333335	150.33333333333334	151.31333333333333	151.73333333333332	152.38	153.24666666666667	154.07333333333332	154.50666666666666	154.39333333333335	155.14	155.52666666666667	156.42	156.62666666666667	157.31333333333333	158.2	157.30666666666667	158.11333333333334	158.09333333333333	158.14666666666668	158.27333333333334	158.16666666666666	158.20666666666668	158.2	158.29333333333332	158.29333333333332	158.57333333333332	158.58	158.92	158.75333333333333	158.12666666666667	158.17333333333335	157.76666666666668	157.37333333333333	157.44666666666666	157.00666666666666	156.16	156.1	155.28666666666666	154.99333333333334	154.40666666666667	154.43333333333334	153.88666666666666	152.54666666666665	152.01333333333332	151.14666666666668	150.63333333333333	149.58	148.08	147.08	146.06666666666666	144.80666666666667	142.94	140.39333333333335	138.09333333333333	135.42	131.88	126.6	120.27333333333333	107.98	0.0
0.0	107.5	119.04	125.68666666666667	130.28666666666666	133.98666666666668	136.56	138.86	141.34666666666666	143.10666666666665	144.96666666666667	146.20666666666668	147.34	148.5	149.62	150.54	151.48	151.93333333333334	152.73333333333332	152.97333333333333	154.10666666666665	154.71333333333334	154.93333333333334	155.48	154.93333333333334	155.45333333333335	156.29333333333332	156.09333333333333	156.38666666666666	156.45333333333335	156.45333333333335	157.67333333333335	157.3	157.78666666666666	157.66	157.66666666666666	157.76	158.17333333333335	157.72666666666666	157.49333333333334	157.10666666666665	157.19333333333333	157.03333333333333	156.66	156.56666666666666	155.97333333333333	156.22	155.32	155.21333333333334	154.72	154.50666666666666	154.13333333333333	153.16666666666666	153.17333333333335	152.29333333333332	151.84666666666666	150.82666666666665	150.16666666666666	149.45333333333335	148.54	146.99333333333334	146.40666666666667	144.47333333333333	143.37333333333333	141.54666666666665	139.55333333333334	137.38666666666666	134.29333333333332	130.72666666666666	125.92666666666666	119.04	107.47333333333333	0.0
0.0	108.04666666666667	119.64666666666666	126.55333333333333	131.63333333333333	135.08	137.98666666666668	140.64666666666668	142.86666666666667	144.07333333333332	145.62666666666667	146.82666666666665	148.28666666666666	149.20666666666668	150.13333333333333	150.9	152.03333333333333	152.41333333333333	153.57333333333332	153.9	154.75333333333333	155.49333333333334	155.93333333333334	156.20666666666668	156.71333333333334	157.68	157.68666666666667	158.01333333333332	158.92666666666668	158.20666666666668	158.96	159.33333333333334	158.83333333333334	159.36	159.19333333333333	159.68666666666667	160.02	159.36666666666667	159.58666666666667	159.46666666666667	158.65333333333334	158.55333333333334	158.34	158.28666666666666	158.34666666666666	157.77333333333334	157.12	157.40666666666667	156.32666666666665	156.3	155.45333333333335	155.06666666666666	154.46666666666667	154.22666666666666	153.34666666666666	152.74666666666667	151.74	150.69333333333333	149.93333333333334	149.2	148.04666666666665	146.58666666666667	145.57333333333332	143.92	142.47333333333333	140.64666666666668	138.04	134.64	130.93333333333334	126.74666666666667	119.66	108.04666666666667	0.0
0.0	108.15333333333334	119.74	126.67333333333333	131.26	135.04666666666665	137.60666666666665	139.66	141.49333333333334	142.87333333333333	144.72	146.48666666666668	147.5	148.15333333333334	149.1	150.35333333333332	151.02	151.80666666666667	152.26666666666668	152.99333333333334	153.46	154.18	154.62666666666667	155.96666666666667	156.08666666666667	156.41333333333333	157.14	157.17333333333335	157.39333333333335	158.05333333333334	158.00666666666666	158.06	158.39333333333335	158.04666666666665	158.0	158.37333333333333	157.81333333333333	157.8	157.82666666666665	157.87333333333333	158.14666666666668	157.66	158.14	157.47333333333333	157.5	157.6	156.83333333333334	156.40666666666667	155.72666666666666	155.51333333333332	155.34	155.28666666666666	154.41333333333333	153.82	153.22	152.75333333333333	152.28	150.85333333333332	149.74666666666667	149.13333333333333	147.99333333333334	146.27333333333334	145.26666666666668	143.73333333333332	142.08	139.98	137.30666666666667	134.67333333333335	131.24666666666667	126.48666666666666	119.42	107.38666666666667	0.0
0.0	108.10666666666667	119.03333333333333	125.99333333333334	130.82	135.26666666666668	137.96666666666667	140.38	142.17333333333335	143.8	145.39333333333335	146.17333333333335	147.43333333333334	148.66666666666666	149.8	151.15333333333334	151.86	152.76666666666668	154.02	154.12	154.80666666666667	155.0	155.67333333333335	156.59333333333333	156.84	157.09333333333333	157.47333333333333	157.77333333333334	157.97333333333333	158.40666666666667	158.26666666666668	158.92	158.54	158.85333333333332	158.92666666666668	158.64666666666668	159.0	158.69333333333333	158.51333333333332	158.64666666666668	158.46666666666667	158.24666666666667	158.01333333333332	157.68666666666667	156.80666666666667	157.22	156.97333333333333	156.40666666666667	156.37333333333333	155.8	155.54666666666665	155.46	155.07333333333332	154.12666666666667	153.74666666666667	153.31333333333333	152.07333333333332	150.99333333333334	150.36666666666667	149.30666666666667	148.23333333333332	146.80666666666667	145.24	143.66	142.30666666666667	140.56	137.74	134.81333333333333	131.07333333333332	126.88	120.22666666666667	108.48666666666666	0.0
0.0	108.55333333333333	119.77333333333333	126.27333333333333	131.46666666666667	134.70666666666668	137.24	139.4	141.74666666666667	143.25333333333333	144.93333333333334	146.83333333333334	148.21333333333334	149.13333333333333	150.03333333333333	150.75333333333333	151.90666666666667	152.53333333333333	153.26	153.55333333333334	154.34666666666666	154.90666666666667	155.42666666666668	156.13333333333333	156.31333333333333	156.56666666666666	157.12666666666667	157.58	158.14	157.76666666666668	158.2	158.07333333333332	158.28666666666666	158.63333333333333	158.46666666666667	158.82666666666665	158.97333333333333	158.88	158.58666666666667	158.54666666666665	158.58	158.42666666666668	158.02	157.78	157.60666666666665	157.2	156.86	156.76	156.26666666666668	156.1	155.49333333333334	155.16	154.49333333333334	154.16	153.54666666666665	153.34666666666666	151.79333333333332	151.75333333333333	150.53333333333333	149.66666666666666	148.25333333333333	146.59333333333333	145.26666666666668	143.83333333333334	142.36	139.64666666666668	137.72	134.40666666666667	131.67333333333335	126.86	120.44	108.42	0.0
0.0	107.77333333333333	119.78666666666666	126.95333333333333	131.42	135.05333333333334	137.62666666666667	140.44	142.06	143.30666666666667	145.00666666666666	146.28666666666666	147.18	148.82	149.82666666666665	150.1	151.15333333333334	151.48666666666668	152.15333333333334	152.92	153.8	154.14666666666668	154.68	155.44666666666666	155.72	156.01333333333332	156.25333333333333	156.8	156.94666666666666	157.07333333333332	157.5	157.85333333333332	157.95333333333335	157.86666666666667	158.49333333333334	157.96666666666667	157.75333333333333	158.24	158.10666666666665	158.3	157.91333333333333	157.59333333333333	158.08	158.02	157.48666666666668	157.30666666666667	156.72	156.42666666666668	155.93333333333334	155.66	155.13333333333333	153.72	153.9	153.38666666666666	152.55333333333334	152.04666666666665	151.35333333333332	150.96666666666667	150.08	148.78	147.88666666666666	146.28666666666666	145.48	143.71333333333334	141.34666666666666	139.42666666666668	137.32	134.67333333333335	131.0	126.04	119.13333333333334	107.92	0.0
0.0	107.98666666666666	119.80666666666667	126.74	131.26666666666668	134.70666666666668	137.35333333333332	139.73333333333332	142.7	144.32	145.60666666666665	146.66	148.42	148.62666666666667	150.24	150.64	151.46666666666667	152.26	153.19333333333333	153.49333333333334	154.13333333333333	154.98666666666668	155.36666666666667	155.23333333333332	156.47333333333333	156.81333333333333	157.14	156.96	157.54	157.45333333333335	157.50666666666666	158.02	157.6	158.02	158.12666666666667	158.76	158.87333333333333	158.92666666666668	158.6	158.32666666666665	157.88666666666666	157.98	158.14	157.70666666666668	158.16	157.55333333333334	157.46	157.30666666666667	156.83333333333334	156.35333333333332	156.36	155.27333333333334	155.13333333333333	154.26666666666668	153.82666666666665	152.86666666666667	151.31333333333333	150.76	149.60666666666665	148.21333333333334	147.64666666666668	147.15333333333334	145.66	144.01333333333332	142.12666666666667	140.32	137.88	135.58	131.56	126.91333333333333	120.21333333333334	108.5	0.0
0.0	108.48666666666666	120.15333333333334	126.64666666666666	131.35333333333332	134.34666666666666	137.44	140.3	142.2	144.09333333333333	145.40666666666667	146.75333333333333	148.01333333333332	149.06	150.37333333333333	151.38	152.59333333333333	153.22	154.13333333333333	154.69333333333333	155.5	155.48	156.32	157.16666666666666	156.82666666666665	156.73333333333332	157.32666666666665	157.30666666666667	158.05333333333334	158.32	158.27333333333334	158.32	158.33333333333334	158.42	158.06	158.5	158.18	158.24666666666667	157.78	157.84	157.78666666666666	157.63333333333333	157.75333333333333	157.26	157.46666666666667	157.28	157.01333333333332	155.99333333333334	155.95333333333335	156.15333333333334	155.20666666666668	154.54	154.35333333333332	153.64666666666668	153.7	153.05333333333334	152.61333333333334	151.26	150.60666666666665	149.12	147.56	147.06666666666666	146.06	144.37333333333333	142.7	140.64666666666668	138.44666666666666	135.18666666666667	131.34	126.9	119.68	108.29333333333334	0.0
0.0	108.27333333333333	119.82666666666667	126.28666666666666	131.02	134.72	137.79333333333332	140.34	141.79333333333332	143.16666666666666	145.20666666666668	146.63333333333333	147.38	148.50666666666666	149.32	150.5	151.02	151.41333333333333	152.32666666666665	152.58666666666667	153.56666666666666	154.21333333333334	154.66666666666666	155.14	155.21333333333334	155.87333333333333	156.18666666666667	156.54666666666665	157.19333333333333	157.53333333333333	157.3	157.63333333333333	158.0	157.81333333333333	158.14	158.85333333333332	158.34666666666666	157.92	158.08	158.06666666666666	157.77333333333334	157.30666666666667	157.4	157.5	157.38666666666666	157.15333333333334	156.95333333333335	156.47333333333333	157.03333333333333	155.93333333333334	155.62	155.22666666666666	154.36666666666667	154.26	153.04666666666665	152.34	151.73333333333332	150.67333333333335	149.64	148.46666666666667	147.31333333333333	146.64	145.12	143.73333333333332	141.69333333333333	139.2	137.69333333333333	134.75333333333333	130.63333333333333	125.94666666666667	119.8	107.36	0.0
0.0	107.98	119.34666666666666	126.22	131.1	134.96666666666667	137.9	140.31333333333333	142.64	144.28	145.79333333333332	146.96	147.5	149.28666666666666	149.86666666666667	150.29333333333332	151.34	151.86666666666667	152.66666666666666	153.86666666666667	154.18	154.8	155.37333333333333	155.78666666666666	156.06	157.17333333333335	156.65333333333334	157.56	157.40666666666667	157.84	157.76	158.05333333333334	157.46666666666667	158.53333333333333	158.7	158.29333333333332	158.35333333333332	157.96	158.04666666666665	157.50666666666666	157.6	157.42	157.20666666666668	156.88	157.43333333333334	157.4	156.27333333333334	156.58	155.90666666666667	155.6	154.88	154.48666666666668	154.00666666666666	153.38666666666666	153.03333333333333	151.74	151.04666666666665	150.79333333333332	149.81333333333333	149.4	147.78	146.10666666666665	145.0	143.47333333333333	142.26	140.30666666666667	138.00666666666666	134.54	131.36666666666667	126.5	120.07333333333334	108.22666666666667	0.0
0.0	108.48666666666666	119.39333333333333	126.40666666666667	130.95333333333335	135.14666666666668	137.65333333333334	140.00666666666666	141.53333333333333	143.34666666666666	144.7	146.96	148.32	149.0	150.31333333333333	151.17333333333335	151.54666666666665	152.48	153.12	153.66666666666666	154.03333333333333	155.04666666666665	155.35333333333332	155.6	156.10666666666665	156.62	157.03333333333333	157.78	157.45333333333335	157.96	157.94666666666666	158.64666666666668	158.57333333333332	158.78666666666666	158.52666666666667	158.8	158.48	158.68666666666667	158.12666666666667	158.30666666666667	158.06666666666666	157.98	157.72	157.49333333333334	157.00666666666666	156.67333333333335	156.36	156.58666666666667	155.81333333333333	155.86666666666667	155.02	154.65333333333334	153.90666666666667	153.46666666666667	153.40666666666667	152.62666666666667	151.68666666666667	150.41333333333333	149.49333333333334	148.84	147.9	146.51333333333332	145.30666666666667	144.2	142.59333333333333	140.74	138.01333333333332	135.38666666666666	131.85333333333332	126.72	119.6	107.88666666666667	0.0
0.0	107.77333333333333	119.82666666666667	126.63333333333334	131.56666666666666	134.68	137.94	140.66	142.60666666666665	143.81333333333333	145.48	147.16666666666666	148.04	149.08	150.02666666666667	151.06666666666666	151.90666666666667	152.74666666666667	153.82	154.4	154.42666666666668	155.17333333333335	155.40666666666667	156.16	156.22666666666666	156.87333333333333	156.82666666666665	156.82	157.16	157.58666666666667	157.78	157.77333333333334	157.98	157.82666666666665	158.30666666666667	158.23333333333332	158.17333333333335	157.67333333333335	157.59333333333333	157.30666666666667	157.73333333333332	157.56666666666666	157.74666666666667	157.30666666666667	157.19333333333333	156.34666666666666	156.36	156.57333333333332	155.89333333333335	155.38666666666666	155.09333333333333	154.43333333333334	153.84	153.01333333333332	152.48666666666668	151.74	151.03333333333333	150.3	149.25333333333333	148.84666666666666	147.78	145.9	145.01333333333332	143.48666666666668	142.23333333333332	140.00666666666666	138.04666666666665	134.96	131.63333333333333	126.58666666666667	120.05333333333333	107.9	0.0
0.0	107.97333333333333	120.16	126.3	130.80666666666667	134.59333333333333	137.59333333333333	139.58	141.84	143.71333333333334	145.0	146.06666666666666	147.16666666666666	148.54666666666665	149.56666666666666	150.64	151.32666666666665	151.95333333333335	152.52	153.26	153.42	153.80666666666667	154.90666666666667	155.66	155.84666666666666	156.15333333333334	157.31333333333333	156.94666666666666	157.09333333333333	157.39333333333335	157.24	157.5	157.84666666666666	157.82	157.92666666666668	157.46666666666667	157.88666666666666	157.84666666666666	157.38666666666666	157.61333333333334	157.69333333333333	157.94	157.70666666666668	157.41333333333333	157.14	156.73333333333332	156.62666666666667	156.78	156.48	156.08	155.25333333333333	154.83333333333334	154.13333333333333	153.2	152.54666666666665	152.20666666666668	151.52666666666667	150.41333333333333	149.48	148.92	147.38666666666666	146.1	144.91333333333333	143.12	140.80666666666667	139.27333333333334	137.32	134.21333333333334	131.08666666666667	126.5	119.58666666666667	108.16	0.0
0.0	108.24	120.22666666666667	126.98666666666666	132.10666666666665	135.05333333333334	137.96	140.19333333333333	142.02666666666667	143.87333333333333	145.96666666666667	147.11333333333334	148.91333333333333	149.82	150.88	151.58666666666667	152.55333333333334	152.98	154.32666666666665	154.08666666666667	155.76	155.75333333333333	156.05333333333334	156.74	156.89333333333335	156.88666666666666	157.31333333333333	158.28	158.05333333333334	157.88666666666666	158.40666666666667	158.69333333333333	158.17333333333335	158.56666666666666	158.0	158.46	158.10666666666665	158.5	158.34	158.42	157.75333333333333	157.81333333333333	157.98	157.78666666666666	157.98	157.34666666666666	156.66	156.22	155.79333333333332	155.95333333333335	154.84666666666666	154.6	154.28666666666666	153.74	153.01333333333332	152.75333333333333	151.85333333333332	151.3	150.18666666666667	149.88	148.56666666666666	147.27333333333334	145.24	143.57333333333332	142.20666666666668	140.14	137.46666666666667	135.40666666666667	131.5	126.86666666666666	120.36666666666666	108.31333333333333	0.0
0.0	108.10666666666667	119.45333333333333	126.24666666666667	130.98	134.56	137.67333333333335	139.42666666666668	141.59333333333333	143.25333333333333	144.80666666666667	146.52	147.69333333333333	148.64666666666668	150.05333333333334	150.92	152.38	152.92	153.66	154.03333333333333	154.87333333333333	155.3	155.71333333333334	156.52	156.82666666666665	157.04	157.16666666666666	157.61333333333334	158.28666666666666	158.15333333333334	158.62666666666667	158.77333333333334	158.78666666666666	159.26	159.46666666666667	159.48	159.95333333333335	159.07333333333332	158.96666666666667	158.92666666666668	158.36	158.64	158.64	158.25333333333333	157.66	157.01333333333332	156.64666666666668	156.79333333333332	155.94	155.41333333333333	155.52666666666667	154.98	154.68	153.41333333333333	153.13333333333333	152.78	151.26	150.24666666666667	149.68666666666667	148.68666666666667	147.14666666666668	145.85333333333332	145.11333333333334	143.4	142.12	139.88666666666666	137.24	134.81333333333333	131.2	126.64	119.29333333333334	107.56666666666666	0.0
0.0	107.89333333333333	119.51333333333334	126.30666666666667	131.04	134.65333333333334	136.9	139.2	141.12	142.69333333333333	144.44	145.72	146.95333333333335	148.14	149.12	150.16	150.65333333333334	151.61333333333334	152.40666666666667	152.86	153.64	154.2	154.68666666666667	154.64666666666668	155.50666666666666	155.45333333333335	156.1	156.14666666666668	156.49333333333334	157.11333333333334	157.36666666666667	157.65333333333334	157.38666666666666	157.54	157.88	158.28	158.42	158.4	158.37333333333333	158.34666666666666	158.68666666666667	158.44	157.60666666666665	156.92666666666668	157.18	156.70666666666668	156.68666666666667	156.45333333333335	156.04666666666665	155.76666666666668	155.48666666666668	154.41333333333333	154.14	153.66	152.95333333333335	152.11333333333334	151.39333333333335	150.68666666666667	149.64	148.82666666666665	147.2	146.24	144.12666666666667	143.35333333333332	141.47333333333333	139.44666666666666	137.07333333333332	134.34666666666666	130.82666666666665	125.7	119.69333333333333	107.92666666666666	0.0
0.0	108.4	120.1	127.42666666666666	131.4	135.28	138.41333333333333	140.88666666666666	142.78666666666666	144.7	146.30666666666667	147.72666666666666	148.81333333333333	149.99333333333334	150.69333333333333	151.2	152.4	152.57333333333332	154.33333333333334	154.64666666666668	155.59333333333333	155.96	156.23333333333332	156.53333333333333	156.96666666666667	157.53333333333333	157.7	158.21333333333334	158.54666666666665	159.19333333333333	159.64666666666668	159.49333333333334	159.96	160.26666666666668	159.94	159.73333333333332	159.94	159.98	160.27333333333334	159.6	159.5	159.69333333333333	159.27333333333334	159.79333333333332	159.27333333333334	158.92666666666668	158.48	158.05333333333334	157.66	157.28666666666666	156.88	156.45333333333335	155.75333333333333	154.62666666666667	154.1	153.02666666666667	152.38	151.59333333333333	150.48	149.64666666666668	147.77333333333334	147.43333333333334	146.20666666666668	144.38666666666666	142.78	140.58	138.48666666666668	135.22666666666666	131.74	126.95333333333333	120.14666666666666	108.28	0.0
0.0	108.36	119.74666666666667	126.48	131.32666666666665	135.08666666666667	137.83333333333334	140.3	142.52666666666667	143.84666666666666	145.84	147.0	148.04	149.74666666666667	150.38	151.80666666666667	152.5	153.17333333333335	153.05333333333334	154.38666666666666	154.62	155.22	155.44	156.19333333333333	156.64666666666668	157.26666666666668	157.28666666666666	157.32666666666665	157.04	157.37333333333333	157.66	158.19333333333333	158.49333333333334	158.34	158.72	159.32666666666665	159.00666666666666	158.84	158.79333333333332	158.74	158.77333333333334	158.94666666666666	158.78	158.7	158.55333333333334	157.78	157.33333333333334	157.32666666666665	157.14666666666668	156.11333333333334	155.54	154.66	154.49333333333334	154.12	153.57333333333332	152.21333333333334	152.00666666666666	151.06666666666666	150.4	149.14	148.28666666666666	146.98	145.41333333333333	143.97333333333333	141.62	139.16	137.20666666666668	134.42666666666668	131.22	126.15333333333334	119.76666666666667	108.14666666666666	0.0
0.0	107.84666666666666	119.85333333333334	126.66	131.20666666666668	134.84666666666666	138.42	140.52	141.84	143.18666666666667	145.19333333333333	146.55333333333334	147.70666666666668	149.09333333333333	150.37333333333333	151.08	152.06666666666666	153.35333333333332	153.44666666666666	153.9	154.64666666666668	155.18666666666667	155.57333333333332	156.16666666666666	157.32666666666665	157.67333333333335	157.69333333333333	157.87333333333333	158.5	158.69333333333333	159.4	159.05333333333334	159.06666666666666	159.38	159.6	159.36	159.51333333333332	160.1	159.51333333333332	159.51333333333332	159.25333333333333	159.29333333333332	159.19333333333333	159.1	159.08	158.44666666666666	157.84666666666666	157.17333333333335	156.73333333333332	156.79333333333332	156.28	155.32666666666665	154.90666666666667	154.8	153.82666666666665	152.96666666666667	152.17333333333335	151.27333333333334	150.16	149.16666666666666	148.18	146.95333333333335	145.52	143.68666666666667	141.82	140.02	137.76	134.86	131.9	126.91333333333333	120.05333333333333	107.96	0.0
0.0	108.36	120.18	126.81333333333333	131.52666666666667	134.84	138.05333333333334	140.3	142.65333333333334	143.97333333333333	145.50666666666666	147.03333333333333	148.16	149.12666666666667	150.45333333333335	150.91333333333333	151.62	152.68	153.07333333333332	153.47333333333333	154.10666666666665	154.62666666666667	154.96666666666667	155.99333333333334	156.04	156.59333333333333	157.26	157.16666666666666	157.84	157.58	157.58666666666667	158.12	158.23333333333332	157.94666666666666	157.73333333333332	157.76666666666668	158.22666666666666	157.80666666666667	158.2	158.16666666666666	158.58	158.04666666666665	158.38	158.16666666666666	157.38666666666666	157.40666666666667	157.41333333333333	157.11333333333334	156.5	155.87333333333333	155.57333333333332	154.74	153.62	153.25333333333333	152.88	152.18666666666667	151.54666666666665	150.34666666666666	149.23333333333332	148.64666666666668	147.12	146.37333333333333	144.98	143.64	141.88666666666666	139.68	137.30666666666667	134.66	131.1	126.60666666666667	119.73333333333333	108.03333333333333	0.0
0.0	108.43333333333334	119.71333333333334	126.39333333333333	131.07333333333332	134.24666666666667	137.29333333333332	140.14	141.24666666666667	143.06666666666666	144.44666666666666	146.44666666666666	146.67333333333335	147.92	148.65333333333334	150.34	151.13333333333333	151.92666666666668	152.76666666666668	153.66	153.56	154.03333333333333	154.70666666666668	155.36	155.87333333333333	156.04	156.06666666666666	156.52	156.64	156.77333333333334	157.16666666666666	157.59333333333333	158.02	158.22666666666666	158.33333333333334	158.30666666666667	158.36666666666667	158.17333333333335	158.30666666666667	158.10666666666665	157.57333333333332	157.52666666666667	157.15333333333334	157.15333333333334	156.91333333333333	156.56666666666666	156.54666666666665	156.38	155.83333333333334	155.17333333333335	155.05333333333334	154.41333333333333	154.09333333333333	153.36666666666667	153.23333333333332	152.39333333333335	151.7	150.87333333333333	150.19333333333333	149.41333333333333	148.00666666666666	146.73333333333332	145.74	144.04	142.69333333333333	140.73333333333332	138.40666666666667	135.39333333333335	131.30666666666667	126.81333333333333	119.68666666666667	108.17333333333333	0.0
0.0	108.12666666666667	120.18	126.94666666666667	131.31333333333333	134.94	137.98666666666668	140.37333333333333	142.73333333333332	144.55333333333334	145.76666666666668	146.66666666666666	148.04	149.83333333333334	150.98	151.5	151.99333333333334	152.71333333333334	153.66	153.85333333333332	154.33333333333334	154.25333333333333	155.10666666666665	155.19333333333333	156.42666666666668	156.34	156.35333333333332	156.54	157.7	157.39333333333335	157.97333333333333	158.36	158.36	158.32	158.96666666666667	158.42	158.68666666666667	158.60666666666665	158.70666666666668	158.17333333333335	158.2	158.1	157.91333333333333	158.04	157.70666666666668	157.38666666666666	157.48	156.59333333333333	156.12666666666667	155.55333333333334	155.3	154.6	153.86	153.06666666666666	152.6	152.19333333333333	150.92	150.38666666666666	149.66666666666666	148.52666666666667	147.82	146.66	145.04666666666665	143.52	141.76	139.37333333333333	137.38	134.42	131.05333333333334	126.56	119.45333333333333	108.10666666666667	0.0
0.0	107.82666666666667	119.33333333333333	126.48	131.08	134.41333333333333	137.17333333333335	139.44666666666666	141.78666666666666	143.42	144.98	146.77333333333334	147.25333333333333	148.10666666666665	149.16666666666666	149.96	150.3	151.04666666666665	152.19333333333333	153.12666666666667	153.23333333333332	154.41333333333333	155.02666666666667	155.64	155.93333333333334	156.40666666666667	156.66	156.50666666666666	156.97333333333333	156.91333333333333	157.38	157.55333333333334	158.25333333333333	158.28	158.58666666666667	158.60666666666665	158.57333333333332	158.06666666666666	157.3	157.28	157.42	157.38	156.79333333333332	157.30666666666667	157.01333333333332	156.28666666666666	155.95333333333335	155.88	155.28	155.3	155.04	154.5	154.4	153.78	153.0	152.60666666666665	151.44	150.69333333333333	150.32666666666665	149.30666666666667	147.91333333333333	146.64	145.30666666666667	143.56666666666666	141.75333333333333	139.84666666666666	137.72	134.9	131.01333333333332	126.46	119.17333333333333	107.3	0.0
0.0	108.33333333333333	120.23333333333333	126.8	131.34666666666666	134.80666666666667	137.84	139.68666666666667	142.02	143.73333333333332	145.41333333333333	146.32666666666665	147.86	148.84	150.06666666666666	150.44	150.94666666666666	152.21333333333334	152.12	153.04	154.44	155.00666666666666	155.23333333333332	155.35333333333332	156.04	156.02666666666667	156.66	156.73333333333332	156.76666666666668	157.14666666666668	157.60666666666665	157.51333333333332	157.58	157.59333333333333	157.96	158.02666666666667	158.5	158.24666666666667	158.21333333333334	158.18666666666667	158.33333333333334	157.70666666666668	157.78	157.48	157.74	157.54666666666665	156.65333333333334	156.43333333333334	155.97333333333333	155.76	155.16	154.91333333333333	154.20666666666668	153.82	153.54666666666665	152.39333333333335	151.30666666666667	150.56	150.04666666666665	149.1	147.46666666666667	146.48	145.48	143.73333333333332	142.46	140.28	137.39333333333335	134.57333333333332	131.06666666666666	126.22666666666667	119.94666666666667	108.05333333333333	0.0
0.0	108.18666666666667	119.7	125.92	130.75333333333333	134.45333333333335	137.16	140.01333333333332	142.00666666666666	143.46	145.00666666666666	145.96	148.02666666666667	148.87333333333333	150.72666666666666	151.28666666666666	151.85333333333332	152.87333333333333	153.69333333333333	153.64	154.64666666666668	155.40666666666667	155.26	156.34	156.30666666666667	156.55333333333334	156.57333333333332	157.09333333333333	156.86	157.24666666666667	157.65333333333334	157.79333333333332	157.60666666666665	158.11333333333334	157.86	158.02666666666667	157.40666666666667	157.61333333333334	157.68666666666667	157.25333333333333	157.17333333333335	157.12666666666667	157.04666666666665	157.4	156.54666666666665	156.80666666666667	156.50666666666666	156.36	155.66666666666666	155.33333333333334	154.89333333333335	154.29333333333332	153.70666666666668	153.40666666666667	152.54	151.84	151.16666666666666	150.34666666666666	149.96	148.80666666666667	148.00666666666666	146.82666666666665	145.44666666666666	144.19333333333333	141.99333333333334	139.76666666666668	137.4	134.86	131.46	126.53333333333333	119.66	108.02	0.0
0.0	107.64666666666666	119.24	126.32666666666667	130.92	134.48666666666668	137.07333333333332	139.82	141.53333333333333	143.28666666666666	144.56666666666666	145.74	147.32666666666665	148.75333333333333	150.18	150.50666666666666	151.65333333333334	152.2	152.47333333333333	153.27333333333334	153.78	154.69333333333333	155.51333333333332	155.52666666666667	155.61333333333334	156.40666666666667	156.01333333333332	156.74666666666667	156.88666666666666	156.88	157.07333333333332	157.49333333333334	157.61333333333334	157.54666666666665	157.66666666666666	157.47333333333333	157.92	157.40666666666667	157.32	157.32	157.22	156.99333333333334	157.54666666666665	156.94	156.58666666666667	156.77333333333334	156.24666666666667	156.08	155.61333333333334	155.54666666666665	155.10666666666665	154.05333333333334	153.44	152.72	152.9	151.78	151.52666666666667	150.29333333333332	149.34	148.38666666666666	147.39333333333335	145.79333333333332	144.68666666666667	143.04666666666665	141.56	139.42666666666668	136.66666666666666	134.28666666666666	130.60666666666665	126.0	119.49333333333334	108.06666666666666	0.0
0.0	108.16666666666667	119.42666666666666	126.20666666666666	131.18	134.94666666666666	137.88	140.2	142.25333333333333	143.72	145.26666666666668	146.28	148.07333333333332	149.37333333333333	150.90666666666667	151.46	151.65333333333334	152.77333333333334	153.35333333333332	154.06	154.68	155.20666666666668	155.87333333333333	156.35333333333332	156.22666666666666	156.9	156.98666666666668	157.40666666666667	157.49333333333334	158.17333333333335	158.56666666666666	158.91333333333333	158.74666666666667	158.72	158.63333333333333	158.6	158.92	159.18	158.88666666666666	158.90666666666667	158.74666666666667	158.62	158.32	158.11333333333334	158.23333333333332	157.92	157.84666666666666	157.56	157.0	156.46666666666667	156.6	155.72	155.5	155.21333333333334	154.27333333333334	153.99333333333334	153.18666666666667	152.00666666666666	151.24666666666667	149.57333333333332	149.06666666666666	147.39333333333335	145.68	143.99333333333334	141.97333333333333	139.82666666666665	137.53333333333333	134.58	131.1	126.43333333333334	119.95333333333333	108.26	0.0
0.0	108.44666666666667	119.89333333333333	126.94	131.73333333333332	134.67333333333335	138.02666666666667	140.26666666666668	142.59333333333333	144.52	146.06	147.13333333333333	148.56	149.64	150.56	151.53333333333333	151.9	152.98666666666668	152.42666666666668	153.53333333333333	154.18	154.68	154.89333333333335	156.11333333333334	156.3	156.45333333333335	156.72666666666666	157.62	158.02666666666667	158.1	158.33333333333334	158.32	158.78	158.64666666666668	158.36666666666667	158.88666666666666	159.15333333333334	158.98	158.78	159.18	158.30666666666667	158.47333333333333	158.32	158.15333333333334	157.95333333333335	157.6	157.62	156.85333333333332	156.93333333333334	156.70666666666668	156.31333333333333	155.66666666666666	155.32	154.6	154.26666666666668	152.95333333333335	152.0	151.29333333333332	150.26666666666668	149.44666666666666	148.12666666666667	147.04666666666665	145.14666666666668	143.63333333333333	141.74666666666667	140.02666666666667	137.55333333333334	134.84	131.7	126.39333333333333	120.00666666666666	108.81333333333333	0.0
0.0	107.96	119.48	126.00666666666666	130.96666666666667	134.04	137.43333333333334	139.84	142.10666666666665	143.86	145.02666666666667	146.40666666666667	147.63333333333333	148.61333333333334	149.64666666666668	150.36666666666667	152.00666666666666	152.08666666666667	153.04666666666665	153.40666666666667	153.48666666666668	154.04	154.26	155.30666666666667	156.28	155.92666666666668	156.3	156.78666666666666	157.06666666666666	157.47333333333333	157.80666666666667	158.36	158.50666666666666	158.6	158.72	158.57333333333332	158.66666666666666	158.74	159.03333333333333	158.48	158.74	158.59333333333333	158.5	158.06	157.74666666666667	157.58666666666667	156.94	157.24	156.47333333333333	156.15333333333334	155.4	154.94666666666666	154.52666666666667	153.34	152.87333333333333	152.52666666666667	151.90666666666667	151.30666666666667	149.9	148.6	147.70666666666668	146.53333333333333	144.98	143.23333333333332	141.35333333333332	139.12666666666667	136.64	134.04	131.06	126.51333333333334	119.18	108.12	0.0
0.0	108.4	120.35333333333334	126.6	132.10666666666665	135.52666666666667	138.05333333333334	140.04666666666665	142.14	144.02666666666667	145.35333333333332	147.18666666666667	148.32	149.03333333333333	150.00666666666666	151.12666666666667	152.13333333333333	152.6	153.64	154.56666666666666	154.71333333333334	155.28666666666666	156.18	156.75333333333333	157.04666666666665	156.86	157.12666666666667	157.60666666666665	157.99333333333334	158.32	158.57333333333332	158.26666666666668	159.20666666666668	159.04	158.69333333333333	159.07333333333332	159.09333333333333	159.29333333333332	158.94666666666666	158.70666666666668	158.63333333333333	158.48	158.36666666666667	158.6	158.45333333333335	157.98666666666668	158.52	158.04666666666665	157.53333333333333	157.16	156.77333333333334	156.36666666666667	155.39333333333335	154.72666666666666	154.30666666666667	153.49333333333334	152.91333333333333	151.86	151.12666666666667	150.28666666666666	149.2	148.12666666666667	146.46	145.0	143.76666666666668	141.36666666666667	138.15333333333334	135.17333333333335	132.11333333333334	127.87333333333333	120.74666666666667	108.47333333333333	0.0
0.0	108.00666666666666	119.64	126.85333333333334	131.02	135.16	138.03333333333333	140.50666666666666	142.46666666666667	144.19333333333333	145.7	146.52	148.08	149.06666666666666	149.94	150.96666666666667	152.28666666666666	152.63333333333333	153.23333333333332	154.36666666666667	154.54666666666665	154.48	155.3	155.67333333333335	156.81333333333333	156.57333333333332	156.70666666666668	156.99333333333334	157.1	157.56666666666666	157.93333333333334	157.81333333333333	157.87333333333333	157.95333333333335	158.06	158.14666666666668	158.38666666666666	158.50666666666666	158.68666666666667	158.60666666666665	158.82	158.29333333333332	158.64	158.10666666666665	157.82	157.98	157.64	158.01333333333332	156.98666666666668	156.28666666666666	155.49333333333334	155.23333333333332	154.35333333333332	153.78666666666666	153.56666666666666	152.49333333333334	151.59333333333333	150.93333333333334	150.0	148.99333333333334	148.4	146.92666666666668	145.41333333333333	143.96666666666667	142.05333333333334	139.81333333333333	138.02666666666667	135.6	131.38	127.00666666666666	120.15333333333334	108.32666666666667	0.0
