0.0	108.04666666666667	119.02666666666667	125.08	129.68	132.66666666666666	136.22666666666666	138.1	139.65333333333334	141.35333333333332	142.76666666666668	144.3	145.46666666666667	146.62	146.87333333333333	148.04666666666665	148.51333333333332	149.57333333333332	150.08666666666667	150.78666666666666	151.27333333333334	151.78666666666666	152.52666666666667	153.27333333333334	153.58	153.78666666666666	154.02	153.72666666666666	154.63333333333333	154.85333333333332	155.25333333333333	155.12	154.44	154.62	155.39333333333335	154.75333333333333	154.75333333333333	154.95333333333335	154.74666666666667	154.9	154.87333333333333	154.73333333333332	154.63333333333333	154.62	154.27333333333334	153.54	153.30666666666667	152.76	153.15333333333334	151.9	151.77333333333334	151.26	151.04	150.30666666666667	149.76	148.64666666666668	148.28666666666666	148.07333333333332	147.14	145.83333333333334	144.72666666666666	143.87333333333333	142.52666666666667	141.21333333333334	139.61333333333334	137.95333333333335	135.41333333333333	133.33333333333334	130.01333333333332	125.35333333333334	119.16666666666667	108.04666666666667	0.0
0.0	107.66	118.96	126.04	130.21333333333334	133.23333333333332	135.66666666666666	137.83333333333334	139.91333333333333	140.79333333333332	142.2	143.65333333333334	144.27333333333334	145.21333333333334	146.47333333333333	147.43333333333334	147.79333333333332	148.96666666666667	149.22	149.91333333333333	150.23333333333332	151.27333333333334	152.1	152.43333333333334	153.26666666666668	153.43333333333334	153.80666666666667	154.20666666666668	154.14666666666668	154.74666666666667	155.12	154.82666666666665	155.04	154.82666666666665	155.38	155.1	155.11333333333334	155.22666666666666	155.09333333333333	154.48666666666668	154.29333333333332	153.79333333333332	154.3	153.55333333333334	153.48666666666668	153.73333333333332	153.06	153.40666666666667	152.81333333333333	151.96	151.66	150.98666666666668	150.88666666666666	150.46	149.88666666666666	149.16666666666666	148.33333333333334	147.7	146.60666666666665	145.88	145.06666666666666	144.24	142.61333333333334	141.76666666666668	140.22	137.80666666666667	135.48	132.92	129.64	125.32	118.75333333333333	107.47333333333333	0.0
0.0	107.66	119.08666666666667	125.44666666666667	129.41333333333333	132.66	135.54666666666665	137.46666666666667	139.87333333333333	141.04666666666665	142.92666666666668	143.94666666666666	144.83333333333334	145.58666666666667	146.32	147.39333333333335	148.16666666666666	148.97333333333333	149.35333333333332	149.96666666666667	150.94	151.11333333333334	151.61333333333334	152.42	152.54666666666665	152.83333333333334	153.25333333333333	153.46666666666667	153.92666666666668	153.54666666666665	154.09333333333333	154.18	153.94666666666666	154.25333333333333	154.5	154.4	154.35333333333332	154.42	154.58	154.72666666666666	154.45333333333335	154.37333333333333	154.31333333333333	153.65333333333334	153.58666666666667	153.39333333333335	153.04	152.41333333333333	152.29333333333332	151.97333333333333	151.56666666666666	151.33333333333334	151.26	150.2	150.03333333333333	149.48666666666668	148.3	148.16666666666666	147.28666666666666	146.58666666666667	145.68666666666667	144.69333333333333	143.32666666666665	141.72	139.98666666666668	137.97333333333333	136.06	133.03333333333333	129.44	125.22	118.66	107.50666666666666	0.0
0.0	108.39333333333333	118.73333333333333	126.03333333333333	129.98	133.42666666666668	136.78	138.80666666666667	140.20666666666668	142.3	143.85333333333332	144.98	145.60666666666665	146.61333333333334	147.36666666666667	148.70666666666668	149.33333333333334	149.74666666666667	150.84666666666666	150.98666666666668	151.41333333333333	151.51333333333332	152.27333333333334	152.69333333333333	153.07333333333332	153.88	154.17333333333335	153.98	154.12	154.23333333333332	154.45333333333335	154.59333333333333	154.88	154.96	155.2	155.2	155.63333333333333	155.02666666666667	155.08666666666667	154.73333333333332	155.30666666666667	154.56666666666666	154.74666666666667	154.36666666666667	154.38666666666666	154.44	154.33333333333334	153.27333333333334	153.06666666666666	152.56	151.97333333333333	151.63333333333333	151.4	151.48	151.17333333333335	150.52666666666667	149.15333333333334	148.42	147.66	146.26	145.22	144.12	143.14666666666668	142.35333333333332	140.30666666666667	137.87333333333333	135.84666666666666	133.38	130.44666666666666	125.90666666666667	119.40666666666667	107.94	0.0
0.0	107.75333333333333	119.12	125.81333333333333	129.98666666666668	133.52	135.99333333333334	138.42666666666668	139.78666666666666	140.98	143.04666666666665	144.52	145.92	147.12	147.61333333333334	148.69333333333333	149.43333333333334	150.35333333333332	150.88	151.62	152.32666666666665	152.48666666666668	153.05333333333334	152.96666666666667	153.03333333333333	153.26666666666668	153.77333333333334	154.37333333333333	154.32666666666665	154.4	155.12666666666667	155.34	155.86666666666667	156.0	155.70666666666668	156.16666666666666	155.73333333333332	156.0	155.76666666666668	155.88666666666666	155.5	155.52	155.69333333333333	155.42	155.0	154.5	154.54	154.30666666666667	153.76	153.89333333333335	153.14666666666668	152.65333333333334	152.04666666666665	150.9	150.38666666666666	149.75333333333333	149.38	148.7	148.04	147.01333333333332	146.3	145.09333333333333	143.75333333333333	142.16	140.5	138.82	136.56666666666666	133.54666666666665	130.6	126.17333333333333	119.45333333333333	107.76	0.0
0.0	107.38	118.17333333333333	124.67333333333333	128.88666666666666	132.4	134.94666666666666	137.20666666666668	139.46	140.56666666666666	142.05333333333334	143.01333333333332	144.04	145.17333333333335	146.46	147.06666666666666	147.91333333333333	148.3	149.58	150.11333333333334	150.73333333333332	151.08	151.50666666666666	152.30666666666667	152.20666666666668	152.55333333333334	152.86	152.94666666666666	153.10666666666665	153.64	153.57333333333332	153.28	153.28666666666666	153.8	153.94666666666666	153.87333333333333	153.83333333333334	153.58666666666667	153.70666666666668	153.57333333333332	153.05333333333334	153.03333333333333	153.02	152.84666666666666	153.25333333333333	152.58	152.26666666666668	152.44666666666666	151.66	151.71333333333334	150.92	150.80666666666667	150.30666666666667	149.69333333333333	149.16	148.62	147.98	147.34	146.33333333333334	145.44	144.28666666666666	142.88	141.58666666666667	140.68666666666667	139.05333333333334	137.39333333333335	135.49333333333334	132.60666666666665	129.63333333333333	125.18666666666667	118.58666666666667	107.3	0.0
0.0	108.2	119.93333333333334	125.93333333333334	130.1	133.17333333333335	136.44	137.96	140.26	141.88666666666666	143.4	144.31333333333333	145.08666666666667	146.12666666666667	147.14	148.60666666666665	149.40666666666667	149.83333333333334	150.46666666666667	151.15333333333334	151.85333333333332	151.87333333333333	152.62666666666667	153.18	153.56	154.01333333333332	154.28	154.86	154.74	155.32	155.00666666666666	155.44	155.46666666666667	155.14666666666668	155.17333333333335	155.60666666666665	155.77333333333334	154.96666666666667	155.23333333333332	155.41333333333333	154.95333333333335	155.38	155.02	154.67333333333335	154.58	154.40666666666667	153.96666666666667	153.28	153.23333333333332	153.11333333333334	151.96	151.45333333333335	151.34	151.23333333333332	150.70666666666668	149.66	149.17333333333335	148.64666666666668	147.65333333333334	146.58666666666667	145.64	144.24666666666667	142.92	141.70666666666668	139.88666666666666	138.52	136.27333333333334	133.28666666666666	130.02666666666667	125.86	119.32	107.92	0.0
0.0	107.94666666666667	119.40666666666667	125.89333333333333	130.21333333333334	133.50666666666666	135.68666666666667	138.66	140.60666666666665	141.69333333333333	143.09333333333333	144.4	145.78	146.96666666666667	147.45333333333335	147.98	148.56	149.44	150.38666666666666	150.50666666666666	151.16	152.10666666666665	152.40666666666667	152.70666666666668	153.46666666666667	153.89333333333335	154.0	154.16	154.26666666666668	154.65333333333334	154.64666666666668	154.78	155.16666666666666	155.42666666666668	155.48666666666668	155.34666666666666	154.84	155.58666666666667	155.36	155.01333333333332	154.96666666666667	154.84	154.81333333333333	154.63333333333333	154.04666666666665	153.78666666666666	153.76666666666668	153.07333333333332	152.65333333333334	152.29333333333332	151.93333333333334	151.94666666666666	151.32666666666665	151.01333333333332	150.47333333333333	149.94666666666666	149.0	148.24	146.96	145.78666666666666	144.84666666666666	144.38666666666666	143.1	141.72	140.10666666666665	138.08666666666667	135.52	132.65333333333334	129.60666666666665	124.78666666666666	119.07333333333334	108.42	0.0
0.0	107.66	118.54666666666667	125.0	129.50666666666666	133.11333333333334	135.66	137.94666666666666	139.71333333333334	141.64	143.18666666666667	144.26666666666668	145.22	145.96	146.92	147.54666666666665	148.16	149.01333333333332	150.10666666666665	150.27333333333334	150.76666666666668	151.39333333333335	151.80666666666667	151.80666666666667	152.08	152.41333333333333	153.04666666666665	152.84	153.12	153.62	153.44666666666666	153.62	153.77333333333334	153.67333333333335	154.19333333333333	153.92	154.34	154.33333333333334	154.19333333333333	154.48	154.44	154.36666666666667	153.7	153.81333333333333	153.97333333333333	153.53333333333333	153.28	152.90666666666667	152.24666666666667	152.3	152.50666666666666	151.78	150.82	150.66666666666666	149.56666666666666	149.60666666666665	149.07333333333332	147.99333333333334	147.60666666666665	146.54	145.76666666666668	145.04	143.79333333333332	141.91333333333333	140.31333333333333	137.94666666666666	135.83333333333334	133.17333333333335	130.12	125.35333333333334	118.82	108.26666666666667	0.0
0.0	107.62666666666667	119.10666666666667	125.44	130.07333333333332	133.49333333333334	135.88666666666666	137.88666666666666	140.23333333333332	141.2	142.54666666666665	144.21333333333334	145.33333333333334	145.9	146.88666666666666	148.24	148.82	149.58666666666667	150.32	150.80666666666667	150.59333333333333	151.23333333333332	151.87333333333333	152.46666666666667	153.0	153.40666666666667	153.90666666666667	153.88666666666666	154.25333333333333	154.01333333333332	154.62666666666667	154.54666666666665	154.36	154.26	154.36	154.37333333333333	154.55333333333334	154.50666666666666	155.00666666666666	154.84666666666666	154.60666666666665	154.54	154.08	154.06	154.05333333333334	153.33333333333334	153.17333333333335	153.14666666666668	152.55333333333334	151.94666666666666	151.44666666666666	151.37333333333333	151.24	150.40666666666667	149.76666666666668	149.09333333333333	148.26666666666668	147.59333333333333	147.24	146.86666666666667	145.32	143.90666666666667	142.62	141.94666666666666	140.20666666666668	138.49333333333334	136.06	133.2	129.8	125.85333333333334	119.68	108.5	0.0
0.0	107.27333333333333	118.82	124.98	129.8	132.82	135.33333333333334	137.56	139.37333333333333	140.84666666666666	142.49333333333334	143.85333333333332	145.01333333333332	146.43333333333334	146.94666666666666	147.51333333333332	148.74	149.71333333333334	150.13333333333333	150.61333333333334	151.23333333333332	151.86666666666667	151.56	152.15333333333334	152.42666666666668	153.23333333333332	153.30666666666667	153.54666666666665	154.5	153.72	154.27333333333334	154.74	154.81333333333333	155.30666666666667	155.61333333333334	155.66	155.23333333333332	155.59333333333333	155.47333333333333	155.80666666666667	155.40666666666667	155.04666666666665	155.26	155.32	155.04666666666665	154.91333333333333	154.15333333333334	154.22	154.02666666666667	153.44	152.67333333333335	152.43333333333334	151.56666666666666	150.91333333333333	150.26	149.64	148.76	147.34666666666666	146.51333333333332	146.28	145.02	144.02	142.97333333333333	141.52666666666667	139.53333333333333	138.30666666666667	136.19333333333333	132.66	128.94	125.26	118.51333333333334	108.11333333333333	0.0
0.0	107.83333333333333	119.08	125.95333333333333	130.54	133.82	136.55333333333334	138.54	140.26	141.66666666666666	143.35333333333332	144.64666666666668	145.39333333333335	146.65333333333334	147.31333333333333	148.26666666666668	149.08666666666667	149.53333333333333	150.38	151.10666666666665	151.43333333333334	152.21333333333334	152.69333333333333	152.88666666666666	152.71333333333334	153.46666666666667	153.68	153.48666666666668	153.82	154.13333333333333	154.34666666666666	155.00666666666666	154.66666666666666	155.04	154.84	155.23333333333332	154.82	154.53333333333333	154.54666666666665	153.66	154.34666666666666	154.92	154.60666666666665	154.28666666666666	153.94666666666666	153.58	153.41333333333333	153.90666666666667	152.98	152.9	152.44	152.64	151.54	151.34666666666666	150.52666666666667	150.14666666666668	149.32666666666665	148.74	147.70666666666668	147.02666666666667	145.32666666666665	145.26	143.34666666666666	141.96	140.14666666666668	138.22	136.34	133.44	129.92666666666668	125.29333333333334	119.16	108.05333333333333	0.0
0.0	107.77333333333333	118.78	125.12	129.42	132.95333333333335	136.14666666666668	137.7	139.44666666666666	141.10666666666665	142.58	143.88	144.74666666666667	146.04	147.41333333333333	147.66	148.28	149.24	149.94666666666666	150.68666666666667	150.78	151.42666666666668	151.94666666666666	152.09333333333333	151.87333333333333	152.47333333333333	153.55333333333334	153.3	154.02666666666667	154.10666666666665	153.93333333333334	154.01333333333332	153.74666666666667	153.86666666666667	154.18	154.09333333333333	154.44	154.74	154.4	154.3	154.90666666666667	154.45333333333335	154.44	154.01333333333332	153.97333333333333	153.90666666666667	153.29333333333332	153.23333333333332	152.86666666666667	152.46666666666667	152.12666666666667	151.72	151.62	150.56	150.00666666666666	149.31333333333333	148.60666666666665	147.93333333333334	147.10666666666665	146.77333333333334	145.58666666666667	144.25333333333333	143.03333333333333	141.49333333333334	139.38	137.16	135.36666666666667	133.17333333333335	129.21333333333334	125.34	118.95333333333333	107.97333333333333	0.0
0.0	107.57333333333334	118.75333333333333	125.11333333333333	129.08	132.62	135.82666666666665	137.85333333333332	139.74666666666667	141.14666666666668	142.69333333333333	143.77333333333334	145.25333333333333	145.79333333333332	147.38666666666666	147.82	148.75333333333333	149.89333333333335	150.10666666666665	149.80666666666667	150.58666666666667	151.62666666666667	152.13333333333333	151.86	152.85333333333332	152.98	153.93333333333334	154.32	154.27333333333334	154.52	155.12	155.18	154.72666666666666	155.13333333333333	155.04	154.98	154.96666666666667	154.36666666666667	154.28666666666666	154.47333333333333	154.14	154.82	154.3	154.49333333333334	154.02666666666667	153.98666666666668	153.68	153.73333333333332	153.64666666666668	153.11333333333334	152.83333333333334	151.83333333333334	151.78666666666666	151.07333333333332	150.94	149.62	148.98	148.26	147.83333333333334	146.78	145.88	144.68	143.24	141.76	139.78	137.74	135.54666666666665	133.16666666666666	129.9	125.13333333333334	118.91333333333333	107.42666666666666	0.0
0.0	107.81333333333333	118.84	125.1	129.42	132.56666666666666	135.36	137.94	139.24666666666667	141.39333333333335	142.73333333333332	143.52	145.26666666666668	146.42	147.12666666666667	147.95333333333335	148.69333333333333	149.05333333333334	150.0	150.34	151.34	151.17333333333335	151.41333333333333	151.44666666666666	152.16666666666666	152.88	152.56	152.74666666666667	152.93333333333334	152.86	153.48666666666668	153.31333333333333	153.47333333333333	154.06666666666666	154.05333333333334	153.98	153.88666666666666	154.10666666666665	154.37333333333333	154.13333333333333	153.83333333333334	153.87333333333333	153.77333333333334	153.28	153.60666666666665	153.67333333333335	153.5	153.84666666666666	153.06666666666666	153.24	152.71333333333334	151.92666666666668	151.24	150.48	150.30666666666667	149.82666666666665	148.84	148.36666666666667	147.28	146.26	145.15333333333334	143.90666666666667	143.00666666666666	141.65333333333334	140.07333333333332	138.06666666666666	135.47333333333333	132.79333333333332	129.64666666666668	125.26	118.96	107.61333333333333	0.0
0.0	107.44666666666667	118.6	125.68	130.16666666666666	133.22666666666666	136.21333333333334	138.08666666666667	139.95333333333335	141.27333333333334	142.76666666666668	143.78	144.91333333333333	145.54	146.52	147.20666666666668	148.66	149.19333333333333	149.49333333333334	150.55333333333334	151.0	151.26666666666668	151.58666666666667	152.48666666666668	152.93333333333334	153.05333333333334	153.06	153.86666666666667	153.70666666666668	153.77333333333334	153.84	154.5	154.70666666666668	154.52666666666667	154.68666666666667	154.92666666666668	154.71333333333334	154.48666666666668	154.49333333333334	154.94	154.14	153.82	154.26	154.06	154.09333333333333	153.69333333333333	153.46	153.28666666666666	153.23333333333332	153.06	152.37333333333333	152.50666666666666	151.88	151.43333333333334	150.28666666666666	150.16666666666666	149.50666666666666	148.1	147.57333333333332	146.60666666666665	145.73333333333332	145.02	143.36666666666667	141.72	140.08	137.80666666666667	135.85333333333332	133.09333333333333	129.80666666666667	125.45333333333333	118.64666666666666	107.4	0.0
0.0	107.56	118.72	125.05333333333333	129.62	132.86	135.3	137.58666666666667	139.40666666666667	141.01333333333332	142.56	143.86	145.54666666666665	146.38	147.00666666666666	147.79333333333332	148.8	149.7	150.09333333333333	151.22666666666666	151.48	151.66666666666666	152.00666666666666	152.71333333333334	153.40666666666667	153.36666666666667	154.15333333333334	153.84666666666666	154.28666666666666	153.96	154.0	154.52666666666667	155.22666666666666	155.0	155.23333333333332	155.1	154.66666666666666	154.40666666666667	155.07333333333332	154.88666666666666	154.92	155.06	154.35333333333332	153.79333333333332	153.66	153.42	153.72666666666666	152.95333333333335	152.79333333333332	152.05333333333334	151.48666666666668	150.89333333333335	150.35333333333332	150.02	149.24	148.92	148.55333333333334	148.22666666666666	147.15333333333334	146.57333333333332	145.35333333333332	144.23333333333332	142.83333333333334	141.30666666666667	139.5	138.19333333333333	136.02666666666667	133.08	129.62666666666667	125.68	118.91333333333333	107.79333333333334	0.0
0.0	107.77333333333333	118.73333333333333	125.5	130.02666666666667	132.76666666666668	135.71333333333334	138.22666666666666	140.23333333333332	141.98	142.86666666666667	144.92	145.9	146.77333333333334	148.25333333333333	148.39333333333335	149.27333333333334	149.92666666666668	150.68	151.65333333333334	152.02	152.68	152.69333333333333	153.10666666666665	153.26	154.05333333333334	154.38	154.76666666666668	154.99333333333334	155.21333333333334	155.64666666666668	155.51333333333332	155.74666666666667	155.9	156.02666666666667	156.24	156.1	155.84666666666666	155.74	156.28	155.93333333333334	155.69333333333333	155.40666666666667	155.76666666666668	155.18666666666667	154.76666666666668	154.56666666666666	154.33333333333334	153.69333333333333	153.90666666666667	153.72666666666666	153.34	153.06	152.23333333333332	151.62	151.3	149.66666666666666	148.58666666666667	147.51333333333332	146.7	146.32	144.97333333333333	143.39333333333335	142.88	140.66666666666666	138.97333333333333	136.08	133.38666666666666	130.03333333333333	125.83333333333333	119.18	108.56	0.0
0.0	108.06666666666666	119.2	125.56	130.1	133.64666666666668	136.24	137.83333333333334	139.88666666666666	141.00666666666666	142.40666666666667	143.8	144.64	145.37333333333333	146.56	147.12	148.06666666666666	148.75333333333333	149.48	149.46	150.36	150.70666666666668	151.17333333333335	151.15333333333334	151.96666666666667	152.30666666666667	152.74	153.06	153.38666666666666	153.88666666666666	154.22	154.57333333333332	154.32666666666665	154.87333333333333	154.6	154.64	155.03333333333333	154.60666666666665	154.56	154.43333333333334	154.66	154.22666666666666	154.16	153.74	153.54666666666665	154.09333333333333	153.96	153.33333333333334	152.91333333333333	152.62666666666667	151.70666666666668	151.34666666666666	150.34666666666666	150.08666666666667	149.63333333333333	148.87333333333333	148.18666666666667	147.17333333333335	146.46666666666667	146.04666666666665	144.60666666666665	143.49333333333334	142.30666666666667	140.8	139.75333333333333	137.99333333333334	135.78	133.36	129.97333333333333	125.67333333333333	119.21333333333334	108.42666666666666	0.0
0.0	107.58666666666667	119.04666666666667	125.54	129.76	133.22666666666666	135.86666666666667	138.06666666666666	139.66	141.08	142.18	143.83333333333334	144.79333333333332	145.66666666666666	146.88	147.60666666666665	147.89333333333335	148.63333333333333	148.94666666666666	149.55333333333334	150.62	151.22666666666666	151.52	152.16	152.12	152.19333333333333	151.80666666666667	152.62666666666667	152.8	152.91333333333333	153.24	153.89333333333335	154.14666666666668	154.46666666666667	154.14	154.05333333333334	153.90666666666667	153.62	153.89333333333335	153.74	154.04	153.94	153.6	153.92666666666668	154.00666666666666	153.88	153.05333333333334	152.74666666666667	152.42666666666668	152.48666666666668	151.93333333333334	151.44666666666666	150.94	150.56666666666666	149.98666666666668	148.63333333333333	148.04	147.34666666666666	146.45333333333335	145.24666666666667	144.77333333333334	143.34666666666666	142.5	141.28666666666666	139.64	138.03333333333333	135.76666666666668	133.74666666666667	129.76666666666668	125.01333333333334	118.25333333333333	107.74666666666667	0.0
0.0	107.92	119.17333333333333	125.2	130.10666666666665	133.06	135.68	137.94	140.0	141.2	143.3	144.49333333333334	145.82	146.72666666666666	147.62	148.02	148.81333333333333	149.8	150.24	150.81333333333333	151.52666666666667	151.88666666666666	152.14666666666668	153.15333333333334	153.2	153.88666666666666	153.92666666666668	154.42	154.41333333333333	154.30666666666667	154.7	154.76666666666668	155.38	154.92	155.19333333333333	154.51333333333332	154.88	154.92666666666668	154.68	155.06666666666666	154.80666666666667	155.0	154.47333333333333	154.19333333333333	154.03333333333333	153.80666666666667	153.58	152.87333333333333	152.89333333333335	152.27333333333334	152.33333333333334	151.87333333333333	151.45333333333335	151.00666666666666	150.35333333333332	149.62666666666667	148.90666666666667	148.20666666666668	147.49333333333334	146.38666666666666	145.18	144.20666666666668	142.52	141.02	139.40666666666667	137.62	135.70666666666668	133.33333333333334	129.44666666666666	125.5	119.22666666666667	107.84	0.0
0.0	108.0	119.16	125.84666666666666	130.78	133.87333333333333	136.13333333333333	138.46	140.31333333333333	141.71333333333334	143.21333333333334	144.70666666666668	145.58666666666667	146.76666666666668	147.50666666666666	148.80666666666667	149.24	150.35333333333332	151.26	151.45333333333335	152.37333333333333	152.76666666666668	153.51333333333332	153.73333333333332	153.86666666666667	154.15333333333334	155.34666666666666	155.00666666666666	155.15333333333334	154.98666666666668	154.54666666666665	154.68	154.86666666666667	154.88666666666666	154.99333333333334	155.26	155.56	155.22	155.88	155.52666666666667	155.78	155.52666666666667	155.10666666666665	154.58	155.05333333333334	154.7	154.02	154.00666666666666	153.6	153.62666666666667	153.79333333333332	152.8	152.88	151.6	151.59333333333333	150.68666666666667	150.19333333333333	149.31333333333333	148.46666666666667	147.62	146.62666666666667	145.12	143.36	142.48	140.63333333333333	139.08	136.79333333333332	134.0	130.11333333333334	125.4	119.75333333333333	108.3	0.0
0.0	107.41333333333333	118.97333333333333	125.26666666666667	129.46	133.36	135.78666666666666	138.0	139.25333333333333	140.94666666666666	142.73333333333332	143.71333333333334	144.8	145.68666666666667	146.68666666666667	147.35333333333332	148.28	148.98	149.82	150.25333333333333	151.04	151.46	152.41333333333333	152.16	152.33333333333334	153.46666666666667	153.4	153.46666666666667	153.60666666666665	153.9	154.39333333333335	154.06666666666666	153.68	154.08	153.97333333333333	154.16666666666666	154.32	154.32	154.06666666666666	153.94	153.96666666666667	152.98	153.10666666666665	153.45333333333335	153.21333333333334	152.86	152.78	152.32666666666665	152.06	152.00666666666666	151.36666666666667	151.30666666666667	151.00666666666666	150.08	149.05333333333334	148.82	147.88	147.44666666666666	146.72666666666666	146.24	144.56666666666666	143.93333333333334	142.68666666666667	141.06666666666666	139.44666666666666	137.76666666666668	135.63333333333333	132.93333333333334	128.85333333333332	125.00666666666666	119.00666666666666	107.74666666666667	0.0
0.0	107.83333333333333	119.19333333333333	125.62666666666667	129.74	132.94666666666666	135.46666666666667	137.87333333333333	139.26	141.12666666666667	142.87333333333333	143.78666666666666	145.28	146.66	147.08666666666667	147.80666666666667	149.08666666666667	149.12666666666667	149.82	150.9	151.45333333333335	151.32	152.32	152.72	153.40666666666667	153.48666666666668	153.62666666666667	153.36666666666667	154.06666666666666	154.28	155.36	155.04	155.52666666666667	155.48666666666668	154.56	154.89333333333335	155.3	154.84	154.63333333333333	154.54666666666665	154.46	154.18	153.66666666666666	153.86666666666667	154.01333333333332	153.89333333333335	153.1	152.83333333333334	152.77333333333334	152.17333333333335	152.26	151.81333333333333	151.4	150.33333333333334	149.92	149.22	148.26666666666668	147.86666666666667	146.86666666666667	146.14	145.06666666666666	143.74	142.46	141.59333333333333	139.58666666666667	137.57333333333332	136.20666666666668	133.26666666666668	129.83333333333334	125.66	118.82666666666667	108.02666666666667	0.0
0.0	107.96666666666667	119.64666666666666	125.68666666666667	130.06	133.41333333333333	136.33333333333334	138.19333333333333	140.26	141.64	143.0	144.48666666666668	145.29333333333332	146.42666666666668	147.72	148.16	149.43333333333334	150.03333333333333	150.51333333333332	151.35333333333332	151.50666666666666	151.98666666666668	152.8	152.86666666666667	153.05333333333334	152.99333333333334	153.16	153.32	153.80666666666667	154.0	154.13333333333333	154.74	154.38666666666666	155.12	155.00666666666666	155.07333333333332	155.44666666666666	155.04666666666665	155.09333333333333	155.14666666666668	155.02666666666667	155.30666666666667	155.09333333333333	154.96666666666667	154.11333333333334	154.4	154.19333333333333	153.65333333333334	153.68	153.01333333333332	152.80666666666667	151.88666666666666	151.54	151.26666666666668	150.68666666666667	149.64666666666668	149.08	148.39333333333335	148.42666666666668	146.86666666666667	146.06666666666666	145.08666666666667	143.16666666666666	141.57333333333332	139.92666666666668	137.88666666666666	135.74666666666667	133.18	129.88	125.16	118.76	107.25333333333333	0.0
0.0	108.16	119.14	125.45333333333333	129.6	133.22666666666666	135.99333333333334	138.04	139.90666666666667	141.64666666666668	143.18	144.18	145.11333333333334	146.48666666666668	146.89333333333335	148.63333333333333	149.64	150.20666666666668	150.56	151.32666666666665	151.56	151.78666666666666	152.44666666666666	152.60666666666665	153.13333333333333	153.68666666666667	153.52	153.34	153.7	154.18666666666667	154.06	154.52666666666667	154.32	154.56	154.25333333333333	154.34666666666666	154.75333333333333	154.29333333333332	154.2	154.36666666666667	154.08666666666667	154.42666666666668	153.96	153.49333333333334	153.30666666666667	153.08	152.66666666666666	152.47333333333333	152.28666666666666	152.12666666666667	151.62666666666667	151.27333333333334	150.98	150.00666666666666	149.60666666666665	149.11333333333334	148.48666666666668	147.90666666666667	147.19333333333333	146.09333333333333	144.6	143.71333333333334	142.70666666666668	141.46666666666667	139.89333333333335	137.73333333333332	135.31333333333333	133.02666666666667	129.5	125.15333333333334	119.05333333333333	107.90666666666667	0.0
0.0	107.94	118.74	124.99333333333334	129.07333333333332	133.23333333333332	135.96	137.96666666666667	139.61333333333334	141.00666666666666	143.2	144.18	145.01333333333332	145.4	146.42666666666668	147.92	148.72	148.91333333333333	149.52	150.24	151.13333333333333	152.12666666666667	152.19333333333333	152.8	153.08	152.96	153.13333333333333	154.16666666666666	154.39333333333335	154.68	154.40666666666667	154.61333333333334	154.00666666666666	154.58666666666667	154.92666666666668	154.18666666666667	154.18666666666667	154.24666666666667	154.18	153.95333333333335	153.76	153.72	153.55333333333334	153.66	153.78	153.19333333333333	153.18666666666667	153.62666666666667	153.04666666666665	152.31333333333333	152.42666666666668	151.99333333333334	151.32666666666665	150.20666666666668	149.68666666666667	149.14666666666668	148.15333333333334	147.44	146.49333333333334	145.84666666666666	144.78	143.73333333333332	141.81333333333333	140.68666666666667	139.06	137.62666666666667	135.41333333333333	133.13333333333333	129.53333333333333	125.03333333333333	118.55333333333333	107.63333333333334	0.0
0.0	108.33333333333333	119.44666666666667	125.62666666666667	130.30666666666667	133.36	136.40666666666667	138.07333333333332	140.1	141.28	143.12	144.24	145.82	146.24666666666667	147.58	148.31333333333333	149.23333333333332	150.16	150.49333333333334	150.98	151.26666666666668	152.12	152.27333333333334	152.97333333333333	153.34	153.38666666666666	153.49333333333334	154.22666666666666	154.22	154.76	154.55333333333334	154.9	154.80666666666667	155.06	155.20666666666668	155.32	155.23333333333332	155.40666666666667	155.68	155.81333333333333	155.34	155.48	154.88666666666666	155.00666666666666	154.14666666666668	153.85333333333332	154.02666666666667	153.76666666666668	153.31333333333333	153.04666666666665	152.58	151.84	151.41333333333333	151.22	150.26	150.28	149.72666666666666	148.88	148.14	147.04	145.90666666666667	144.39333333333335	142.82	141.37333333333333	140.23333333333332	137.82666666666665	135.72666666666666	133.04	129.23333333333332	124.92	118.82666666666667	107.85333333333334	0.0
0.0	108.36	119.35333333333334	126.2	130.25333333333333	134.03333333333333	135.88	138.19333333333333	140.45333333333335	141.3	142.58	144.1	144.91333333333333	145.88	147.26666666666668	147.98666666666668	148.70666666666668	149.83333333333334	150.38666666666666	150.53333333333333	151.52	152.42666666666668	152.46666666666667	152.83333333333334	153.11333333333334	153.66	153.55333333333334	153.94666666666666	154.12	154.68	154.93333333333334	154.53333333333333	154.68	155.17333333333335	154.93333333333334	155.07333333333332	155.03333333333333	155.31333333333333	154.79333333333332	154.42666666666668	154.57333333333332	154.08666666666667	154.03333333333333	153.54666666666665	153.38666666666666	153.34	153.82666666666665	152.94	152.62666666666667	152.15333333333334	152.04666666666665	151.67333333333335	150.92666666666668	150.49333333333334	150.16	149.49333333333334	149.01333333333332	148.27333333333334	147.58	146.74	145.84	144.41333333333333	143.2	142.18666666666667	139.86	137.82666666666665	136.21333333333334	132.97333333333333	129.58666666666667	125.35333333333334	119.42	107.90666666666667	0.0
0.0	107.92666666666666	119.36	125.41333333333333	129.30666666666667	132.67333333333335	135.22666666666666	137.83333333333334	139.89333333333335	141.71333333333334	142.68	143.66666666666666	144.74666666666667	145.46666666666667	146.66666666666666	147.52666666666667	148.48	149.39333333333335	149.71333333333334	150.85333333333332	151.10666666666665	151.48666666666668	152.46	152.68	152.86666666666667	153.07333333333332	153.66666666666666	153.86	153.98666666666668	154.20666666666668	154.26	154.42	154.7	155.12	154.85333333333332	154.98666666666668	155.57333333333332	155.59333333333333	155.43333333333334	155.44	154.77333333333334	155.30666666666667	155.09333333333333	154.85333333333332	155.02	154.25333333333333	154.62666666666667	153.26	153.01333333333332	152.55333333333334	152.30666666666667	151.74	151.62666666666667	151.40666666666667	150.55333333333334	149.98666666666668	149.15333333333334	148.66666666666666	147.59333333333333	146.7	145.16	143.71333333333334	142.75333333333333	141.42666666666668	140.03333333333333	138.01333333333332	136.07333333333332	133.52666666666667	130.46	125.64	119.15333333333334	108.10666666666667	0.0
0.0	107.92	119.27333333333333	125.24	129.92666666666668	133.08	135.66666666666666	138.34666666666666	140.40666666666667	141.72666666666666	143.1	144.1	145.18	146.03333333333333	146.54666666666665	147.68	148.21333333333334	149.29333333333332	150.43333333333334	150.79333333333332	150.9	151.28	151.48	151.86666666666667	152.75333333333333	152.86	152.72666666666666	153.29333333333332	153.63333333333333	153.56666666666666	153.53333333333333	153.32	154.00666666666666	154.10666666666665	153.98666666666668	154.11333333333334	154.02	153.56666666666666	154.32666666666665	153.96666666666667	154.19333333333333	153.68666666666667	154.16666666666666	152.98666666666668	152.90666666666667	153.12	153.10666666666665	152.72	152.46666666666667	151.9	151.54	151.18	150.96666666666667	150.58	149.95333333333335	148.60666666666665	148.55333333333334	147.22	146.54	145.70666666666668	144.88666666666666	143.08666666666667	142.37333333333333	140.71333333333334	139.19333333333333	137.67333333333335	135.62	132.61333333333334	129.4	125.41333333333333	118.30666666666667	107.40666666666667	0.0
0.0	108.18666666666667	119.45333333333333	125.54666666666667	129.66666666666666	133.02666666666667	135.84	138.40666666666667	140.24	141.95333333333335	143.61333333333334	144.33333333333334	145.54666666666665	146.65333333333334	147.5	148.02666666666667	149.27333333333334	149.7	150.38	150.83333333333334	151.12666666666667	151.54	152.09333333333333	152.84666666666666	153.38	153.31333333333333	153.81333333333333	153.95333333333335	154.18	154.04666666666665	153.58	154.30666666666667	154.27333333333334	154.40666666666667	154.89333333333335	154.9	155.21333333333334	154.80666666666667	154.73333333333332	155.08666666666667	155.04	155.42	155.12666666666667	154.98	154.38	154.12	153.91333333333333	153.48	153.32666666666665	152.73333333333332	152.23333333333332	152.18	151.70666666666668	151.15333333333334	150.95333333333335	149.85333333333332	149.45333333333335	148.36666666666667	147.55333333333334	146.40666666666667	146.02	144.52	143.26666666666668	141.92666666666668	139.84	137.83333333333334	136.0	133.35333333333332	130.00666666666666	125.84666666666666	119.23333333333333	108.35333333333334	0.0
0.0	107.69333333333333	119.1	125.18	129.38	132.74666666666667	135.32	137.48666666666668	139.55333333333334	140.74666666666667	142.51333333333332	143.94	145.14	145.93333333333334	146.29333333333332	147.92	148.69333333333333	149.21333333333334	150.17333333333335	150.38	150.49333333333334	151.35333333333332	151.48666666666668	151.34	151.86666666666667	151.99333333333334	152.85333333333332	152.58666666666667	152.85333333333332	153.66	153.82	153.53333333333333	154.15333333333334	154.13333333333333	154.19333333333333	154.12	154.60666666666665	155.0	154.17333333333335	154.38666666666666	154.79333333333332	154.23333333333332	153.98666666666668	153.43333333333334	153.35333333333332	152.65333333333334	152.94	152.99333333333334	153.10666666666665	152.16666666666666	151.92	151.72666666666666	151.0	150.33333333333334	149.51333333333332	148.87333333333333	148.33333333333334	147.96666666666667	146.7	146.28666666666666	144.78666666666666	144.08	143.18666666666667	141.16	138.95333333333335	137.45333333333335	135.19333333333333	133.08666666666667	129.43333333333334	125.64	118.96	107.8	0.0
0.0	107.49333333333334	119.16666666666667	125.56	129.96	132.93333333333334	134.92	137.23333333333332	139.61333333333334	140.81333333333333	142.37333333333333	143.74666666666667	145.20666666666668	146.35333333333332	147.54666666666665	148.07333333333332	149.24666666666667	150.48666666666668	150.74	151.04	151.53333333333333	151.70666666666668	152.42666666666668	152.96	152.76666666666668	153.37333333333333	153.93333333333334	154.44	154.97333333333333	154.70666666666668	154.98	154.82666666666665	154.88666666666666	154.87333333333333	154.88666666666666	154.82666666666665	154.94	154.64	155.08666666666667	154.72	154.68666666666667	154.86666666666667	154.02666666666667	153.93333333333334	153.99333333333334	153.76666666666668	153.51333333333332	153.14666666666668	152.77333333333334	152.24	152.25333333333333	151.58	150.84666666666666	150.35333333333332	149.92	149.40666666666667	148.52666666666667	147.62	146.50666666666666	145.9	145.18	144.12	142.90666666666667	141.31333333333333	139.10666666666665	137.64	135.44	133.17333333333335	129.74666666666667	125.25333333333333	118.66	107.9	0.0
0.0	107.86	119.07333333333334	125.38666666666667	129.68	132.90666666666667	135.91333333333333	137.60666666666665	139.74666666666667	140.85333333333332	142.54666666666665	143.50666666666666	144.86666666666667	146.30666666666667	146.84666666666666	147.46	148.68666666666667	149.37333333333333	149.57333333333332	149.68	150.5	151.06666666666666	151.4	151.7	152.1	152.65333333333334	153.15333333333334	153.22666666666666	153.42666666666668	153.83333333333334	153.36666666666667	153.98666666666668	153.98	154.2	154.28	154.47333333333333	154.44666666666666	154.63333333333333	154.34666666666666	154.2	154.38666666666666	154.28	153.64666666666668	153.89333333333335	153.50666666666666	153.18666666666667	152.98666666666668	153.07333333333332	152.74666666666667	152.44666666666666	151.96	151.24	150.80666666666667	150.24	149.75333333333333	149.11333333333334	149.06666666666666	148.25333333333333	147.16	147.12666666666667	146.11333333333334	144.44666666666666	143.10666666666665	142.02666666666667	140.34	138.20666666666668	136.37333333333333	133.55333333333334	129.64	125.30666666666667	118.84666666666666	107.72666666666667	0.0
0.0	107.96	119.28666666666666	125.43333333333334	130.00666666666666	133.56666666666666	136.47333333333333	138.27333333333334	140.2	141.77333333333334	143.22666666666666	144.20666666666668	145.10666666666665	146.62	147.82	148.00666666666666	149.26	149.28666666666666	149.77333333333334	150.3	151.32666666666665	151.85333333333332	152.06	152.22	152.96	153.37333333333333	154.33333333333334	154.66	154.58666666666667	155.29333333333332	154.82	154.90666666666667	155.35333333333332	155.18	155.42	155.64666666666668	155.7	155.76	155.41333333333333	155.25333333333333	155.08	155.24	155.04666666666665	154.1	154.32666666666665	153.84666666666666	153.64666666666668	153.18666666666667	153.08	152.84666666666666	152.44666666666666	151.64666666666668	151.77333333333334	150.53333333333333	150.06666666666666	149.07333333333332	148.8	147.96666666666667	147.00666666666666	145.53333333333333	145.06666666666666	144.44	143.07333333333332	141.18	139.65333333333334	138.30666666666667	135.94	133.2	130.21333333333334	125.42666666666666	119.25333333333333	107.85333333333334	0.0
0.0	107.33333333333333	119.32666666666667	125.36666666666666	129.5	132.72666666666666	135.78	137.80666666666667	139.26	141.14	142.24	143.56666666666666	145.05333333333334	146.17333333333335	146.72666666666666	147.77333333333334	148.74666666666667	149.61333333333334	150.20666666666668	151.03333333333333	151.78	151.99333333333334	152.45333333333335	153.16	153.18666666666667	153.56	153.86	154.24666666666667	154.51333333333332	154.03333333333333	154.76666666666668	155.24	155.19333333333333	154.84	154.93333333333334	154.01333333333332	154.08666666666667	154.41333333333333	154.74666666666667	154.37333333333333	154.42666666666668	154.04666666666665	153.62	153.3	153.80666666666667	153.22	153.61333333333334	153.10666666666665	151.97333333333333	152.41333333333333	151.42	151.41333333333333	150.76666666666668	150.0	149.14	148.94666666666666	147.86	147.34666666666666	146.90666666666667	145.6	144.48666666666668	143.54666666666665	142.34666666666666	141.1	139.39333333333335	137.79333333333332	135.72666666666666	132.96	129.35333333333332	125.26	118.73333333333333	107.83333333333333	0.0
0.0	107.76	119.14666666666666	124.98	129.75333333333333	133.46	136.02	138.04	139.78666666666666	141.72666666666666	142.94666666666666	144.52666666666667	145.15333333333334	146.22	146.64	147.92666666666668	148.78	149.52	150.28666666666666	150.68666666666667	151.22	151.81333333333333	152.36	152.32666666666665	153.0	153.60666666666665	153.72666666666666	153.78666666666666	154.16666666666666	154.38	154.2	154.08666666666667	154.67333333333335	155.09333333333333	155.03333333333333	155.05333333333334	154.91333333333333	155.16666666666666	154.88	154.73333333333332	154.88	154.29333333333332	154.64666666666668	154.49333333333334	154.14666666666668	153.92666666666668	153.52666666666667	153.84666666666666	153.48666666666668	153.27333333333334	152.54666666666665	152.06666666666666	151.64666666666668	150.52	150.08	149.31333333333333	148.56	148.08	147.04666666666665	146.08	145.41333333333333	143.80666666666667	142.55333333333334	141.72	140.04	138.33333333333334	135.91333333333333	133.30666666666667	130.21333333333334	126.04666666666667	119.18666666666667	107.85333333333334	0.0
0.0	107.68	119.3	125.32	129.82666666666665	133.19333333333333	135.79333333333332	138.05333333333334	139.94	142.12666666666667	143.7	144.14	145.42666666666668	146.53333333333333	147.59333333333333	148.10666666666665	149.22	149.96666666666667	150.42666666666668	151.32666666666665	151.64666666666668	151.80666666666667	152.37333333333333	152.42	152.78666666666666	153.25333333333333	154.08	153.92	154.3	154.55333333333334	154.87333333333333	154.92666666666668	155.39333333333335	154.71333333333334	154.8	154.80666666666667	154.86	154.11333333333334	154.87333333333333	154.44666666666666	154.50666666666666	154.65333333333334	154.5	153.94	153.29333333333332	153.52666666666667	153.41333333333333	152.92666666666668	153.14666666666668	152.5	152.11333333333334	151.04	151.02	150.72666666666666	149.64	149.3	148.91333333333333	148.10666666666665	147.28666666666666	146.02666666666667	145.43333333333334	144.29333333333332	143.00666666666666	142.12666666666667	139.85333333333332	137.96666666666667	135.3	132.46	129.62666666666667	125.49333333333334	118.7	107.62666666666667	0.0
0.0	107.56666666666666	119.12	125.78	129.98	133.39333333333335	135.87333333333333	138.02666666666667	139.89333333333335	141.74	143.7	144.50666666666666	145.98	147.08666666666667	147.64666666666668	148.52	149.16666666666666	150.15333333333334	150.54	151.27333333333334	152.13333333333333	152.76666666666668	153.00666666666666	153.28666666666666	153.78666666666666	154.32666666666665	154.39333333333335	154.39333333333335	155.4	155.2	155.04666666666665	155.90666666666667	155.80666666666667	156.00666666666666	155.76666666666668	155.85333333333332	155.2	154.75333333333333	155.15333333333334	155.02	154.88666666666666	155.14666666666668	154.84666666666666	154.29333333333332	154.33333333333334	154.10666666666665	153.92666666666668	153.55333333333334	153.3	152.61333333333334	152.43333333333334	151.82666666666665	151.41333333333333	150.49333333333334	149.88666666666666	149.16666666666666	148.48666666666668	147.67333333333335	147.32	145.92666666666668	144.82666666666665	144.14666666666668	142.82	140.99333333333334	139.97333333333333	137.68666666666667	135.60666666666665	133.18	130.18666666666667	125.36	119.23333333333333	107.63333333333334	0.0
0.0	108.18666666666667	119.09333333333333	125.72	130.15333333333334	133.70666666666668	135.83333333333334	138.00666666666666	140.01333333333332	141.68	143.40666666666667	144.42666666666668	145.06666666666666	145.90666666666667	147.26	147.58	148.72666666666666	149.13333333333333	150.21333333333334	150.55333333333334	150.11333333333334	150.96	151.77333333333334	151.98666666666668	152.35333333333332	152.49333333333334	152.72666666666666	153.39333333333335	153.3	154.11333333333334	153.72	154.62666666666667	155.43333333333334	155.01333333333332	155.38	154.66	154.32	154.58	154.54	154.08	154.44	154.68666666666667	153.81333333333333	154.27333333333334	153.88666666666666	154.14666666666668	153.85333333333332	153.6	153.08	153.23333333333332	152.44666666666666	151.91333333333333	151.62666666666667	151.19333333333333	150.57333333333332	149.61333333333334	149.28666666666666	148.8	147.55333333333334	146.58	145.52	144.59333333333333	143.02	141.44666666666666	140.04666666666665	138.32666666666665	136.13333333333333	133.48666666666668	129.92666666666668	126.02666666666667	119.22666666666667	108.28666666666666	0.0
0.0	107.80666666666667	119.04	125.02666666666667	129.44	133.12666666666667	135.98	137.90666666666667	139.81333333333333	141.68	142.71333333333334	143.83333333333334	145.35333333333332	146.54666666666665	147.42	148.05333333333334	148.88	149.6	150.83333333333334	151.44666666666666	152.00666666666666	152.39333333333335	152.61333333333334	152.78666666666666	152.99333333333334	153.20666666666668	153.66666666666666	154.15333333333334	154.91333333333333	155.3	155.85333333333332	155.69333333333333	155.48666666666668	155.86	155.50666666666666	155.14	155.38	155.38666666666666	155.04	155.68666666666667	155.58666666666667	155.39333333333335	155.28666666666666	155.18	154.93333333333334	154.68	154.44	153.21333333333334	153.46666666666667	152.62666666666667	152.27333333333334	152.02	151.64	151.12666666666667	150.11333333333334	149.9	149.10666666666665	148.45333333333335	147.38	146.29333333333332	145.41333333333333	144.1	142.86666666666667	141.94666666666666	139.84	138.17333333333335	136.26666666666668	133.31333333333333	129.74666666666667	125.90666666666667	119.36	107.84	0.0
0.0	107.86	119.30666666666667	125.54	130.11333333333334	133.49333333333334	136.16666666666666	138.56666666666666	140.23333333333332	142.25333333333333	143.16666666666666	144.6	145.18666666666667	146.45333333333335	146.89333333333335	148.04	148.91333333333333	149.30666666666667	150.54	150.31333333333333	150.91333333333333	151.39333333333335	152.14666666666668	152.36	152.72666666666666	153.26666666666668	153.40666666666667	153.94	154.06	154.10666666666665	154.45333333333335	154.77333333333334	155.11333333333334	155.24666666666667	155.09333333333333	155.02666666666667	155.24666666666667	155.04	154.81333333333333	154.79333333333332	154.36	154.48	154.97333333333333	154.34666666666666	154.31333333333333	154.20666666666668	153.89333333333335	153.52	152.34666666666666	152.77333333333334	152.09333333333333	151.29333333333332	151.16	150.77333333333334	150.25333333333333	149.59333333333333	149.11333333333334	147.88	147.06666666666666	146.6	145.39333333333335	143.83333333333334	142.64666666666668	142.05333333333334	140.31333333333333	137.94666666666666	135.7	133.04	130.06	125.72666666666667	119.47333333333333	108.09333333333333	0.0
0.0	107.79333333333334	119.3	125.52	129.56	133.10666666666665	135.20666666666668	137.36666666666667	139.56666666666666	140.62666666666667	142.46666666666667	144.16	145.04	145.8	147.28	147.56	148.82666666666665	149.27333333333334	149.68	150.61333333333334	151.25333333333333	151.54666666666665	151.25333333333333	152.34	152.79333333333332	153.22666666666666	153.55333333333334	153.58	153.6	153.96	154.18666666666667	153.84	153.88666666666666	153.2	153.81333333333333	154.12	154.42666666666668	154.67333333333335	154.78	155.12	154.08666666666667	153.96666666666667	154.04666666666665	154.07333333333332	153.75333333333333	153.74666666666667	153.36666666666667	153.40666666666667	152.87333333333333	152.87333333333333	152.69333333333333	152.06	151.47333333333333	151.2	150.23333333333332	149.83333333333334	149.27333333333334	148.34	147.30666666666667	146.15333333333334	145.33333333333334	144.22666666666666	142.86666666666667	141.69333333333333	139.88666666666666	137.62666666666667	135.94	132.73333333333332	129.69333333333333	124.88	119.34666666666666	108.07333333333334	0.0
0.0	108.40666666666667	119.04	125.49333333333334	130.59333333333333	133.64666666666668	136.05333333333334	138.36666666666667	140.40666666666667	141.96	143.54	144.9	145.93333333333334	147.13333333333333	147.82666666666665	148.39333333333335	149.62	150.24	150.66	151.3	151.80666666666667	151.82666666666665	152.83333333333334	152.80666666666667	153.35333333333332	154.16666666666666	153.62666666666667	154.62666666666667	154.65333333333334	155.24	154.86	155.12	154.67333333333335	154.57333333333332	154.58666666666667	155.29333333333332	155.26	155.07333333333332	155.06	155.15333333333334	154.99333333333334	155.0	155.03333333333333	154.9	154.3	154.62666666666667	153.81333333333333	154.24666666666667	154.15333333333334	153.59333333333333	153.06666666666666	152.05333333333334	151.74	150.97333333333333	150.16	149.60666666666665	149.14666666666668	148.76	147.57333333333332	146.48	145.62666666666667	144.24666666666667	143.07333333333332	141.65333333333334	140.38	138.48666666666668	136.46	133.66	130.03333333333333	125.52	119.12	108.4	0.0
0.0	107.85333333333334	119.23333333333333	125.73333333333333	130.60666666666665	133.64	136.72666666666666	138.96666666666667	140.70666666666668	142.28	143.99333333333334	144.36666666666667	145.9	146.84	147.88666666666666	148.80666666666667	150.0	150.40666666666667	150.62666666666667	151.04	151.45333333333335	152.09333333333333	152.42666666666668	153.28666666666666	153.56	153.66	153.79333333333332	154.4	154.62	154.54666666666665	154.86	155.34	155.55333333333334	155.66	155.93333333333334	155.93333333333334	155.99333333333334	156.16666666666666	155.78	155.40666666666667	155.44	154.90666666666667	154.95333333333335	155.07333333333332	154.37333333333333	154.16	153.50666666666666	153.68666666666667	153.66	152.66	152.42	151.94666666666666	151.34	151.07333333333332	151.00666666666666	150.63333333333333	149.79333333333332	148.64666666666668	148.18	146.75333333333333	145.94	144.27333333333334	143.39333333333335	142.30666666666667	140.58666666666667	138.43333333333334	136.42666666666668	133.62666666666667	130.72	126.4	119.58666666666667	108.46	0.0
0.0	107.9	119.18666666666667	125.42	129.66	133.36666666666667	135.95333333333335	137.78666666666666	140.52	142.32	143.37333333333333	144.56	146.07333333333332	146.88	147.69333333333333	148.42666666666668	149.09333333333333	150.26	150.45333333333335	150.71333333333334	151.7	152.26666666666668	152.70666666666668	152.82666666666665	153.4	153.6	154.05333333333334	154.44	154.75333333333333	155.00666666666666	155.08	154.82	155.42666666666668	155.14	154.59333333333333	154.80666666666667	154.76666666666668	154.24666666666667	154.85333333333332	154.44	154.73333333333332	154.98	154.36	154.18666666666667	153.83333333333334	153.77333333333334	153.58666666666667	153.09333333333333	152.68666666666667	152.67333333333335	151.82	151.42	151.46666666666667	150.79333333333332	150.42	149.23333333333332	149.64	148.51333333333332	147.64	146.49333333333334	145.30666666666667	144.58	143.35333333333332	141.94	140.02666666666667	138.02	136.0	133.71333333333334	130.02	125.85333333333334	119.75333333333333	107.82	0.0
0.0	107.7	118.76666666666667	125.09333333333333	129.80666666666667	133.55333333333334	135.56	137.21333333333334	139.55333333333334	140.95333333333335	142.48666666666668	143.57333333333332	144.72666666666666	146.24	146.82666666666665	147.8	148.34666666666666	148.59333333333333	149.53333333333333	150.53333333333333	150.62666666666667	150.64	151.20666666666668	151.12	152.15333333333334	152.98	153.21333333333334	153.31333333333333	153.84666666666666	154.56	154.00666666666666	154.64666666666668	154.10666666666665	154.20666666666668	154.22666666666666	154.54	154.70666666666668	155.21333333333334	154.86666666666667	154.38	154.72666666666666	155.04	154.32	154.03333333333333	154.23333333333332	153.78666666666666	153.48	153.82666666666665	152.91333333333333	152.59333333333333	152.34666666666666	152.11333333333334	150.8	149.57333333333332	149.60666666666665	148.52	148.05333333333334	147.70666666666668	146.7	145.76	144.54	143.72666666666666	142.34	141.63333333333333	139.98666666666668	137.88	136.16666666666666	133.11333333333334	129.64666666666668	125.16	118.59333333333333	107.68	0.0
0.0	107.94666666666667	118.68666666666667	125.4	129.82666666666665	133.34666666666666	135.83333333333334	138.25333333333333	139.86666666666667	141.43333333333334	143.04666666666665	143.79333333333332	144.91333333333333	146.24666666666667	147.46	148.54666666666665	149.28666666666666	150.18666666666667	150.26666666666668	150.78	151.6	152.42	152.57333333333332	152.76	152.91333333333333	153.42666666666668	153.95333333333335	154.6	154.77333333333334	154.80666666666667	155.38666666666666	154.89333333333335	155.24	155.18	154.99333333333334	155.34666666666666	155.84	155.74666666666667	155.41333333333333	155.34	155.2	155.0	154.87333333333333	155.28	155.11333333333334	154.72666666666666	154.66666666666666	154.89333333333335	154.63333333333333	153.92666666666668	154.02	153.08	152.21333333333334	151.64	151.14	150.29333333333332	149.32	148.80666666666667	147.89333333333335	146.58666666666667	145.77333333333334	143.93333333333334	142.86	141.64	139.48	137.76	135.88666666666666	133.38	130.08	126.01333333333334	119.08	107.50666666666666	0.0
0.0	107.70666666666666	119.47333333333333	125.03333333333333	129.87333333333333	132.92666666666668	135.96	138.48666666666668	139.69333333333333	141.45333333333335	142.92	143.92	145.46666666666667	146.64666666666668	147.69333333333333	148.95333333333335	149.73333333333332	150.19333333333333	150.66	151.26666666666668	152.21333333333334	152.24	152.83333333333334	153.11333333333334	153.68666666666667	153.81333333333333	153.83333333333334	154.06666666666666	153.82	153.73333333333332	154.33333333333334	153.88666666666666	154.34	154.72	154.56666666666666	154.66	154.91333333333333	154.33333333333334	154.2	154.42	154.55333333333334	154.20666666666668	154.54666666666665	153.89333333333335	153.91333333333333	153.20666666666668	153.22	152.50666666666666	152.47333333333333	151.37333333333333	151.42	150.93333333333334	150.37333333333333	150.03333333333333	149.18	148.86	148.67333333333335	147.47333333333333	146.64	146.03333333333333	144.76	143.65333333333334	143.36666666666667	141.61333333333334	139.66	137.94666666666666	135.93333333333334	133.32666666666665	129.74666666666667	125.48666666666666	119.27333333333333	107.66	0.0
0.0	107.8	118.67333333333333	125.12	129.54	132.87333333333333	136.04	138.41333333333333	139.51333333333332	141.61333333333334	142.86666666666667	143.97333333333333	145.04666666666665	146.7	147.32	147.84666666666666	148.85333333333332	149.28	149.82	150.5	151.09333333333333	152.02666666666667	152.27333333333334	152.31333333333333	152.89333333333335	152.84	153.48	153.9	154.18666666666667	154.62666666666667	154.75333333333333	154.96	154.78666666666666	155.0	154.88	155.07333333333332	154.95333333333335	154.60666666666665	154.08	154.02666666666667	153.92666666666668	153.73333333333332	153.55333333333334	153.41333333333333	153.77333333333334	153.39333333333335	153.74666666666667	153.14	152.37333333333333	152.10666666666665	151.74	151.22	150.59333333333333	150.28666666666666	149.94	149.58666666666667	148.85333333333332	147.99333333333334	147.05333333333334	145.93333333333334	145.26666666666668	143.76666666666668	142.73333333333332	141.24666666666667	139.92666666666668	138.04	135.88	133.25333333333333	129.39333333333335	125.18666666666667	118.96	107.85333333333334	0.0
0.0	107.62666666666667	119.61333333333333	125.91333333333333	130.24666666666667	133.77333333333334	135.78666666666666	138.24666666666667	140.07333333333332	142.16	143.18	144.54	145.65333333333334	146.84666666666666	147.37333333333333	148.56666666666666	149.14	150.35333333333332	150.73333333333332	151.24666666666667	151.94666666666666	152.96666666666667	153.22	153.92666666666668	153.74	153.76	154.82	154.54666666666665	154.85333333333332	154.9	154.80666666666667	155.46	155.97333333333333	155.88	156.04666666666665	156.0	155.73333333333332	156.0	156.41333333333333	156.38	155.91333333333333	156.01333333333332	155.60666666666665	155.87333333333333	155.36666666666667	155.53333333333333	155.16666666666666	154.3	154.26	153.57333333333332	153.36	152.8	152.16666666666666	151.46	150.32666666666665	150.18	149.49333333333334	148.48666666666668	148.16	147.08666666666667	146.31333333333333	144.68666666666667	143.62666666666667	142.14666666666668	140.91333333333333	138.3	136.1	133.02	129.98666666666668	125.12666666666667	119.31333333333333	108.0	0.0
0.0	108.01333333333334	119.24	125.39333333333333	130.21333333333334	133.70666666666668	135.94	138.23333333333332	140.23333333333332	141.9	143.42	144.41333333333333	145.35333333333332	146.50666666666666	147.19333333333333	147.80666666666667	148.5	149.54666666666665	149.50666666666666	150.71333333333334	151.06666666666666	151.96666666666667	152.61333333333334	152.88666666666666	152.78666666666666	153.16	153.18666666666667	153.41333333333333	153.82	154.74666666666667	154.30666666666667	154.47333333333333	155.04	154.38666666666666	154.21333333333334	154.72	154.27333333333334	154.12666666666667	154.09333333333333	153.78666666666666	153.37333333333333	153.46	153.38	153.33333333333334	153.57333333333332	153.82666666666665	153.18	152.43333333333334	152.21333333333334	151.8	151.72666666666666	150.71333333333334	151.00666666666666	150.60666666666665	149.94	149.31333333333333	149.08	148.41333333333333	147.76666666666668	146.95333333333335	146.55333333333334	144.86666666666667	142.93333333333334	142.12666666666667	140.88	138.51333333333332	136.58666666666667	133.95333333333335	130.6	125.96666666666667	119.39333333333333	107.83333333333333	0.0
0.0	107.94666666666667	119.26666666666667	126.02666666666667	129.9	133.59333333333333	136.12666666666667	138.2	139.88	142.12	143.5	144.35333333333332	144.96666666666667	146.10666666666665	146.91333333333333	147.6	148.79333333333332	149.61333333333334	150.34	151.40666666666667	151.94	152.78	153.24666666666667	153.32	153.82666666666665	154.14666666666668	154.1	154.76	155.21333333333334	155.1	155.70666666666668	155.91333333333333	155.43333333333334	155.72666666666666	155.94	155.96	155.76	156.08	155.65333333333334	155.64	155.5	155.12	154.91333333333333	154.81333333333333	154.98	154.10666666666665	154.12666666666667	153.92666666666668	153.63333333333333	153.45333333333335	152.64	152.60666666666665	151.81333333333333	150.99333333333334	150.38666666666666	149.71333333333334	149.26	148.23333333333332	147.78666666666666	146.42666666666668	145.36666666666667	144.43333333333334	142.88666666666666	141.74666666666667	140.55333333333334	138.26666666666668	135.72	133.54	130.47333333333333	125.36	118.90666666666667	107.96	0.0
0.0	107.89333333333333	119.1	125.57333333333334	130.37333333333333	133.37333333333333	136.17333333333335	138.0	139.56	141.86666666666667	143.16666666666666	144.58	145.86666666666667	146.04666666666665	147.12	148.54	149.16	149.42666666666668	149.87333333333333	150.86	151.66	152.27333333333334	153.09333333333333	152.9	152.88	153.6	153.82666666666665	153.61333333333334	153.64666666666668	153.88	154.39333333333335	154.10666666666665	154.06666666666666	154.02666666666667	154.56	154.54	155.04	154.97333333333333	154.82	154.64666666666668	154.36	154.81333333333333	154.69333333333333	154.14666666666668	153.82666666666665	153.46	153.25333333333333	153.22666666666666	152.88	152.62666666666667	152.28	152.23333333333332	151.33333333333334	150.84666666666666	150.18666666666667	149.52	148.40666666666667	148.18666666666667	147.48666666666668	146.41333333333333	145.54666666666665	144.08666666666667	143.0	141.71333333333334	140.27333333333334	137.92666666666668	136.3	133.6	130.66666666666666	126.23333333333333	119.67333333333333	108.11333333333333	0.0
0.0	107.96666666666667	119.12	125.34666666666666	130.13333333333333	132.77333333333334	135.74666666666667	138.37333333333333	140.21333333333334	141.32666666666665	142.84666666666666	144.40666666666667	145.48666666666668	146.57333333333332	147.66	148.25333333333333	149.26	149.73333333333332	150.02	150.28666666666666	151.20666666666668	151.56	151.72666666666666	152.19333333333333	152.95333333333335	153.10666666666665	153.56	153.78	153.96666666666667	153.96666666666667	154.16666666666666	154.40666666666667	155.02	154.96666666666667	155.03333333333333	154.37333333333333	154.67333333333335	154.72	154.31333333333333	154.53333333333333	154.51333333333332	154.43333333333334	154.61333333333334	154.22	154.34	153.33333333333334	153.02	153.02	152.51333333333332	152.0	151.56	151.16666666666666	151.35333333333332	150.37333333333333	149.76	149.19333333333333	148.54	148.27333333333334	146.94	146.67333333333335	145.16666666666666	144.32666666666665	142.62	141.46666666666667	140.0	138.01333333333332	135.84	132.59333333333333	129.66	124.90666666666667	118.68	107.64	0.0
0.0	108.04	118.93333333333334	125.42666666666666	129.92	133.55333333333334	136.12666666666667	138.51333333333332	140.63333333333333	142.22666666666666	143.88	144.40666666666667	145.24666666666667	146.63333333333333	147.72666666666666	148.79333333333332	149.26	150.51333333333332	151.02666666666667	151.18	151.51333333333332	151.82666666666665	152.97333333333333	153.45333333333335	153.32	153.65333333333334	154.13333333333333	154.50666666666666	154.86666666666667	154.82	154.74666666666667	155.19333333333333	154.94	155.33333333333334	155.32666666666665	155.06666666666666	155.62	155.35333333333332	155.54	155.57333333333332	155.27333333333334	154.58666666666667	154.93333333333334	154.48	154.49333333333334	154.73333333333332	154.53333333333333	153.60666666666665	153.89333333333335	153.8	152.93333333333334	152.32666666666665	152.29333333333332	151.8	150.88	150.19333333333333	149.69333333333333	148.98666666666668	148.51333333333332	147.34666666666666	146.77333333333334	144.94	143.38	142.08	140.53333333333333	138.66	136.61333333333334	133.38666666666666	130.51333333333332	125.82	119.30666666666667	108.21333333333334	0.0
0.0	107.73333333333333	119.48	125.95333333333333	130.64666666666668	134.14666666666668	136.75333333333333	139.25333333333333	140.97333333333333	142.92666666666668	144.5	145.2	146.56	147.38	148.61333333333334	148.73333333333332	149.96	150.65333333333334	150.88666666666666	151.72	152.28666666666666	152.53333333333333	152.77333333333334	153.56666666666666	153.87333333333333	153.88666666666666	154.34	154.77333333333334	154.89333333333335	155.20666666666668	154.64	155.46666666666667	155.88	155.55333333333334	155.37333333333333	155.01333333333332	155.42	155.4	155.47333333333333	155.68	155.42	155.87333333333333	155.38	154.95333333333335	154.76	154.66666666666666	154.42	154.59333333333333	153.79333333333332	154.08666666666667	153.58666666666667	152.92666666666668	152.34	151.63333333333333	151.12	150.7	150.25333333333333	149.23333333333332	148.40666666666667	147.36	146.47333333333333	145.08	143.85333333333332	142.25333333333333	140.29333333333332	138.72666666666666	136.52666666666667	134.11333333333334	130.36666666666667	125.62666666666667	118.86	107.82666666666667	0.0
0.0	108.36666666666666	119.27333333333333	125.96666666666667	129.94	133.12	135.78	138.02666666666667	139.74666666666667	141.38	142.52666666666667	143.89333333333335	145.04666666666665	146.56666666666666	146.55333333333334	147.49333333333334	148.56	149.4	149.42666666666668	150.25333333333333	150.95333333333335	151.72666666666666	151.66666666666666	152.26666666666668	152.59333333333333	153.14666666666668	153.14	153.43333333333334	153.83333333333334	153.72666666666666	154.3	154.59333333333333	155.06666666666666	155.22666666666666	156.12	155.45333333333335	155.46	155.74	155.4	154.86	155.43333333333334	155.28	155.24	154.86666666666667	154.86	154.33333333333334	153.46666666666667	153.48666666666668	153.78	153.02	152.56666666666666	151.83333333333334	151.48	151.02666666666667	150.06	149.8	149.36	148.07333333333332	147.54	146.35333333333332	145.61333333333334	144.32666666666665	142.84	141.68666666666667	140.32	138.47333333333333	136.08	133.15333333333334	129.77333333333334	125.36	119.16666666666667	107.86	0.0
0.0	107.78	118.77333333333333	125.38666666666667	129.94	133.48666666666668	135.86666666666667	138.22666666666666	139.96666666666667	141.66666666666666	143.25333333333333	144.88	146.02666666666667	146.97333333333333	147.52666666666667	149.13333333333333	149.20666666666668	150.12666666666667	150.76666666666668	150.87333333333333	151.64	152.20666666666668	152.18	152.73333333333332	152.86666666666667	153.32666666666665	153.73333333333332	154.06	154.08	154.38666666666666	154.50666666666666	154.73333333333332	154.72666666666666	154.94	155.28666666666666	155.17333333333335	155.68666666666667	155.55333333333334	155.38	155.54666666666665	155.18666666666667	154.8	154.83333333333334	154.38	153.98666666666668	153.84	153.78666666666666	153.30666666666667	153.00666666666666	152.49333333333334	152.2	151.24	151.09333333333333	150.48666666666668	149.66	149.28	148.27333333333334	148.41333333333333	147.72	146.65333333333334	145.3	144.17333333333335	143.1	141.82	139.58	138.07333333333332	135.79333333333332	132.71333333333334	129.66666666666666	125.26	118.88	108.11333333333333	0.0
0.0	108.01333333333334	119.67333333333333	126.22666666666667	129.88666666666666	133.03333333333333	135.68666666666667	138.24666666666667	139.9	141.5	143.23333333333332	144.09333333333333	145.76	146.78666666666666	147.47333333333333	148.19333333333333	148.74666666666667	149.63333333333333	150.33333333333334	151.00666666666666	151.60666666666665	152.24	152.51333333333332	152.78	153.04	153.01333333333332	153.95333333333335	153.0	153.18666666666667	153.89333333333335	154.18	154.06666666666666	154.35333333333332	154.98	154.82666666666665	154.55333333333334	154.83333333333334	154.66666666666666	154.92666666666668	154.98	154.74666666666667	154.84666666666666	154.47333333333333	154.10666666666665	154.12666666666667	153.94	154.09333333333333	153.82	153.06	152.66666666666666	152.08666666666667	151.53333333333333	150.90666666666667	150.31333333333333	149.79333333333332	149.18	148.74	147.96666666666667	147.05333333333334	146.55333333333334	145.15333333333334	144.06666666666666	143.02	141.20666666666668	139.98666666666668	138.16	136.00666666666666	133.30666666666667	129.92	125.31333333333333	118.48666666666666	107.72	0.0
0.0	108.08	119.20666666666666	125.80666666666667	130.38	133.55333333333334	135.8	137.84666666666666	139.91333333333333	141.62666666666667	142.96666666666667	143.63333333333333	144.56666666666666	145.67333333333335	146.7	147.64	148.45333333333335	149.18	150.16	150.3	150.85333333333332	151.25333333333333	151.47333333333333	152.09333333333333	152.31333333333333	152.48666666666668	152.64666666666668	152.81333333333333	153.12	153.79333333333332	153.88	153.8	154.46666666666667	154.40666666666667	154.63333333333333	155.13333333333333	155.29333333333332	155.66	155.61333333333334	155.28	155.14	154.92	155.17333333333335	154.80666666666667	154.52666666666667	154.26	154.20666666666668	153.87333333333333	153.76	153.39333333333335	153.12666666666667	152.44	151.39333333333335	151.24666666666667	150.57333333333332	150.0	148.68666666666667	148.36666666666667	147.49333333333334	146.62	145.64666666666668	144.21333333333334	143.16	142.03333333333333	140.62	138.11333333333334	136.12	133.59333333333333	129.95333333333335	125.8	118.96666666666667	107.85333333333334	0.0
0.0	107.96666666666667	119.24666666666667	125.26666666666667	129.35333333333332	132.44666666666666	135.28	137.57333333333332	139.82	141.02	142.57333333333332	143.39333333333335	145.52666666666667	146.2	146.76	147.65333333333334	148.26	149.3	149.11333333333334	149.54	150.22	150.80666666666667	151.63333333333333	151.52666666666667	152.87333333333333	153.01333333333332	153.12666666666667	153.51333333333332	153.69333333333333	153.79333333333332	154.00666666666666	153.93333333333334	154.3	154.95333333333335	154.88	155.11333333333334	154.94666666666666	155.16666666666666	154.96666666666667	154.56	154.08	154.62666666666667	154.63333333333333	154.21333333333334	154.62	153.64	153.78666666666666	153.42	152.75333333333333	152.48	152.00666666666666	151.51333333333332	151.3	151.18	150.56	149.84	149.22	148.54666666666665	147.38666666666666	146.85333333333332	145.77333333333334	144.21333333333334	143.13333333333333	141.58666666666667	139.84	137.96666666666667	135.71333333333334	133.17333333333335	129.84666666666666	125.31333333333333	118.97333333333333	107.68666666666667	0.0
0.0	107.72666666666667	118.96666666666667	125.65333333333334	129.62666666666667	132.81333333333333	135.32666666666665	137.81333333333333	139.44666666666666	140.66	142.26666666666668	143.76	144.84	145.48666666666668	146.70666666666668	147.5	148.48666666666668	149.24666666666667	149.59333333333333	150.32	150.77333333333334	151.4	151.58666666666667	152.42666666666668	153.0	152.7	153.02	153.05333333333334	152.76	153.25333333333333	153.33333333333334	153.62	153.86666666666667	154.22666666666666	154.22	153.98	154.49333333333334	154.51333333333332	154.24	153.84	153.63333333333333	153.64666666666668	153.80666666666667	153.54666666666665	153.33333333333334	153.56666666666666	153.37333333333333	152.67333333333335	152.22666666666666	152.04	151.36666666666667	150.64666666666668	150.26666666666668	150.01333333333332	149.86666666666667	148.91333333333333	147.85333333333332	147.63333333333333	146.72666666666666	145.87333333333333	144.86666666666667	143.53333333333333	142.62	141.09333333333333	139.59333333333333	138.11333333333334	135.69333333333333	133.13333333333333	130.38	125.21333333333334	119.52	107.77333333333333	0.0
0.0	107.54666666666667	119.11333333333333	125.26666666666667	129.68	133.02666666666667	135.84666666666666	137.63333333333333	139.56666666666666	140.99333333333334	142.58	143.9	144.84	145.97333333333333	147.21333333333334	147.60666666666665	147.74	148.54	149.20666666666668	150.16666666666666	151.35333333333332	151.52666666666667	151.39333333333335	151.98666666666668	152.14	152.1	152.47333333333333	152.93333333333334	152.96	153.39333333333335	153.8	154.27333333333334	153.94	154.18666666666667	154.26666666666668	154.34	154.28	154.93333333333334	155.08666666666667	154.49333333333334	154.62666666666667	154.43333333333334	154.47333333333333	154.42	154.21333333333334	153.23333333333332	153.05333333333334	152.97333333333333	152.37333333333333	151.91333333333333	151.92666666666668	151.67333333333335	150.61333333333334	150.10666666666665	149.32666666666665	149.02666666666667	148.42666666666668	148.48666666666668	147.30666666666667	147.12666666666667	145.62666666666667	144.36666666666667	143.84	142.24	140.36	138.24	136.04666666666665	133.26	129.34	125.56	118.96	107.56	0.0
0.0	107.67333333333333	118.87333333333333	125.46666666666667	129.46666666666667	132.97333333333333	135.86	137.92666666666668	139.58666666666667	141.34666666666666	143.08	144.09333333333333	145.60666666666665	146.51333333333332	147.38	147.60666666666665	148.58	149.09333333333333	150.28666666666666	150.6	151.14666666666668	151.88666666666666	152.68666666666667	152.81333333333333	153.08	153.08	153.35333333333332	153.98666666666668	154.29333333333332	154.62	154.57333333333332	154.75333333333333	154.62	154.62666666666667	154.79333333333332	155.11333333333334	154.92666666666668	154.78666666666666	154.86666666666667	155.23333333333332	155.32	155.4	155.26	154.68666666666667	154.36	154.16666666666666	154.12	153.72666666666666	153.36	153.27333333333334	152.98666666666668	151.76666666666668	151.85333333333332	151.22	150.48666666666668	149.66	149.26	148.4	147.66666666666666	146.42	145.63333333333333	144.36	143.60666666666665	141.64666666666668	140.4	138.36666666666667	135.78666666666666	133.67333333333335	129.96666666666667	125.81333333333333	119.20666666666666	107.42666666666666	0.0
0.0	107.98	119.2	125.18666666666667	130.13333333333333	133.56666666666666	135.67333333333335	138.13333333333333	139.91333333333333	141.9	143.49333333333334	144.66	145.35333333333332	146.62	147.26	148.66	149.23333333333332	149.60666666666665	150.60666666666665	151.24666666666667	151.04666666666665	152.10666666666665	152.44666666666666	152.54	152.8	153.18	153.86666666666667	153.92	154.12666666666667	154.28	154.29333333333332	154.62	154.99333333333334	154.83333333333334	155.52	155.08	155.46666666666667	155.77333333333334	155.73333333333332	156.16666666666666	156.36	155.28666666666666	155.32666666666665	155.18	155.40666666666667	155.06666666666666	155.31333333333333	154.2	153.76666666666668	153.26666666666668	152.94	152.87333333333333	152.2	151.01333333333332	151.06	150.42	149.24	148.41333333333333	147.7	146.78	145.52666666666667	144.90666666666667	143.70666666666668	142.42	140.94666666666666	138.64	136.44666666666666	133.52666666666667	130.18666666666667	125.23333333333333	119.24666666666667	108.05333333333333	0.0
0.0	107.51333333333334	118.76	124.94	130.00666666666666	133.43333333333334	135.83333333333334	137.8	139.45333333333335	141.15333333333334	143.17333333333335	144.1	145.47333333333333	146.28	147.24666666666667	148.24666666666667	149.24	149.82666666666665	150.93333333333334	151.08666666666667	151.74666666666667	152.06	152.94666666666666	152.99333333333334	152.58	153.12	153.71333333333334	154.21333333333334	154.34666666666666	154.46666666666667	155.13333333333333	155.28	155.04	154.26666666666668	154.68666666666667	154.90666666666667	154.66	154.53333333333333	154.49333333333334	154.69333333333333	154.45333333333335	154.40666666666667	154.37333333333333	154.33333333333334	153.56666666666666	153.38	153.12666666666667	153.08666666666667	152.96	152.37333333333333	151.84666666666666	151.24666666666667	150.98	150.72666666666666	149.78	149.53333333333333	148.87333333333333	147.97333333333333	146.80666666666667	146.02	145.49333333333334	144.14	142.96666666666667	141.70666666666668	140.22	138.32	136.08666666666667	133.04	129.62666666666667	125.38	119.42666666666666	108.08	0.0
0.0	107.87333333333333	118.98666666666666	125.18666666666667	129.87333333333333	133.13333333333333	135.47333333333333	137.87333333333333	139.42	141.06666666666666	142.01333333333332	143.51333333333332	144.72	146.04	147.30666666666667	148.0	149.14666666666668	149.57333333333332	149.82	150.88	151.94666666666666	152.52	152.43333333333334	153.12666666666667	153.34666666666666	153.68666666666667	154.27333333333334	154.34666666666666	154.08	154.23333333333332	154.73333333333332	154.79333333333332	155.43333333333334	155.29333333333332	155.26666666666668	155.52	155.63333333333333	155.48666666666668	155.66666666666666	155.4	155.03333333333333	154.95333333333335	154.70666666666668	154.5	154.72	154.59333333333333	154.39333333333335	153.95333333333335	152.98666666666668	152.68666666666667	152.64666666666668	152.64	152.45333333333335	151.38	150.65333333333334	150.51333333333332	149.62666666666667	148.79333333333332	147.24666666666667	146.84666666666666	145.84666666666666	144.77333333333334	143.87333333333333	141.84666666666666	140.02	138.32666666666665	136.4	133.35333333333332	129.49333333333334	125.78	118.94	107.68	0.0
0.0	107.97333333333333	119.07333333333334	125.44666666666667	129.84666666666666	132.60666666666665	135.23333333333332	137.56666666666666	139.80666666666667	140.94666666666666	142.89333333333335	143.81333333333333	144.71333333333334	145.68666666666667	146.68	147.56666666666666	148.19333333333333	148.86	149.83333333333334	150.29333333333332	151.07333333333332	151.63333333333333	151.8	152.24	152.29333333333332	152.85333333333332	152.94	153.59333333333333	153.78	154.8	154.6	154.54666666666665	154.74	154.70666666666668	154.85333333333332	154.57333333333332	154.10666666666665	154.38	154.02666666666667	154.41333333333333	153.84	154.06666666666666	154.16666666666666	153.4	153.09333333333333	153.03333333333333	152.82	153.11333333333334	152.66666666666666	152.01333333333332	151.66	151.28666666666666	150.56	150.57333333333332	149.62	149.30666666666667	148.41333333333333	147.89333333333335	146.84666666666666	145.44666666666666	144.57333333333332	143.93333333333334	142.19333333333333	141.28	139.71333333333334	137.85333333333332	135.85333333333332	133.09333333333333	130.21333333333334	125.85333333333334	119.03333333333333	107.6	0.0
0.0	107.61333333333333	119.1	125.33333333333333	129.67333333333335	133.52666666666667	135.88	137.82666666666665	139.81333333333333	141.01333333333332	142.32	144.28	145.67333333333335	146.05333333333334	146.76	148.26	148.63333333333333	148.7	150.00666666666666	150.16666666666666	150.65333333333334	151.67333333333335	151.72666666666666	151.62	152.35333333333332	152.98666666666668	153.50666666666666	153.66666666666666	154.11333333333334	154.32	154.61333333333334	154.32	155.16	154.89333333333335	154.98	154.9	154.73333333333332	155.0	155.01333333333332	155.52	155.28	154.77333333333334	154.84666666666666	154.32666666666665	153.41333333333333	153.63333333333333	153.26	153.13333333333333	152.97333333333333	152.6	152.1	151.99333333333334	151.02	149.84666666666666	149.74	149.12	148.62666666666667	147.94	147.2	146.58	145.5	144.64	143.02	141.63333333333333	139.58	138.06	135.41333333333333	133.30666666666667	129.64	125.38	119.10666666666667	107.7	0.0
0.0	107.39333333333333	118.46	125.10666666666667	130.14666666666668	132.76666666666668	135.45333333333335	137.21333333333334	139.21333333333334	140.82	142.46666666666667	143.55333333333334	145.09333333333333	145.75333333333333	146.6	147.88	148.16666666666666	148.96	150.36	150.06	150.76666666666668	151.48	151.5	152.24	152.69333333333333	153.09333333333333	153.09333333333333	153.08666666666667	152.9	153.35333333333332	153.30666666666667	153.71333333333334	153.68666666666667	153.91333333333333	153.73333333333332	153.88666666666666	154.83333333333334	154.72666666666666	154.28	154.17333333333335	154.34	154.05333333333334	153.64	154.01333333333332	154.00666666666666	153.84666666666666	153.39333333333335	153.34666666666666	152.9	152.22666666666666	151.77333333333334	151.32	150.62	150.02666666666667	149.45333333333335	149.15333333333334	148.50666666666666	147.94666666666666	147.47333333333333	146.50666666666666	144.96666666666667	143.42666666666668	142.78666666666666	140.90666666666667	139.69333333333333	137.54	135.40666666666667	132.59333333333333	129.58666666666667	125.26	118.38	107.59333333333333	0.0
0.0	107.78666666666666	118.82666666666667	125.12	129.56	132.78666666666666	135.21333333333334	137.83333333333334	139.49333333333334	141.35333333333332	142.83333333333334	143.77333333333334	144.92666666666668	146.0	146.61333333333334	147.7	148.87333333333333	149.31333333333333	149.5	150.76666666666668	151.22	151.89333333333335	152.64666666666668	152.30666666666667	153.26666666666668	152.78666666666666	153.16	153.76	153.64666666666668	154.18666666666667	154.04666666666665	154.38666666666666	154.74666666666667	154.9	154.86	154.51333333333332	154.66	154.72	154.44	154.38	154.47333333333333	154.4	154.64666666666668	154.38	154.24666666666667	153.63333333333333	153.72666666666666	153.22666666666666	153.23333333333332	152.58666666666667	152.04666666666665	151.72666666666666	150.74666666666667	150.3	150.34	149.9	148.72	148.18666666666667	147.28666666666666	146.48666666666668	145.21333333333334	144.51333333333332	142.89333333333335	141.82666666666665	139.88666666666666	137.8	135.78	133.26	129.73333333333332	125.2	118.70666666666666	107.64666666666666	0.0
0.0	107.90666666666667	119.13333333333334	125.56	129.80666666666667	133.7	136.11333333333334	138.04666666666665	140.14	141.42	142.60666666666665	144.21333333333334	145.0	145.93333333333334	146.92666666666668	147.85333333333332	148.69333333333333	149.02	149.80666666666667	150.68	151.34666666666666	151.78666666666666	152.53333333333333	153.30666666666667	154.42666666666668	154.33333333333334	154.24666666666667	154.02	154.23333333333332	154.24666666666667	154.42666666666668	154.46666666666667	154.19333333333333	154.34666666666666	154.14	154.32666666666665	154.27333333333334	154.43333333333334	154.18666666666667	154.32	154.28666666666666	154.54666666666665	154.66	154.74	153.47333333333333	153.13333333333333	153.38	153.4	152.75333333333333	151.9	151.66666666666666	151.58	150.46	150.52	150.14666666666668	149.40666666666667	148.15333333333334	147.43333333333334	146.44	145.65333333333334	144.11333333333334	143.81333333333333	142.52666666666667	140.95333333333335	139.14	137.37333333333333	135.93333333333334	133.08	129.46666666666667	125.52666666666667	119.23333333333333	108.00666666666666	0.0
0.0	107.93333333333334	119.04666666666667	125.25333333333333	130.02	133.26666666666668	135.34666666666666	138.00666666666666	139.66666666666666	141.24	143.02	144.50666666666666	145.26	145.68	146.57333333333332	147.65333333333334	148.38666666666666	148.78666666666666	149.31333333333333	150.12	150.82	151.2	151.64666666666668	152.40666666666667	152.36666666666667	152.45333333333335	153.09333333333333	153.99333333333334	153.95333333333335	154.04666666666665	154.20666666666668	154.05333333333334	154.58	154.75333333333333	154.92	154.42666666666668	154.56	154.94666666666666	155.06	154.78	154.54	154.07333333333332	153.82666666666665	153.59333333333333	153.8	153.42	153.16	152.70666666666668	153.06	152.38666666666666	152.36	151.48666666666668	151.45333333333335	150.59333333333333	150.40666666666667	149.93333333333334	148.84666666666666	147.74666666666667	146.99333333333334	146.12666666666667	145.35333333333332	143.95333333333335	142.64	141.12666666666667	139.68666666666667	137.54666666666665	135.5	133.51333333333332	129.74666666666667	125.3	119.30666666666667	107.67333333333333	0.0
0.0	107.98666666666666	119.02	125.6	129.86666666666667	133.50666666666666	136.02666666666667	138.13333333333333	139.92	142.28	142.94666666666666	144.18666666666667	145.26666666666668	145.90666666666667	147.27333333333334	147.68666666666667	148.34666666666666	149.02	149.68	150.55333333333334	151.16666666666666	151.81333333333333	152.12	152.38666666666666	152.96666666666667	153.37333333333333	153.70666666666668	153.44666666666666	153.99333333333334	154.03333333333333	154.12666666666667	154.13333333333333	154.58	154.26666666666668	154.98	155.05333333333334	155.45333333333335	155.76	155.84666666666666	155.69333333333333	155.82	155.28666666666666	154.74666666666667	154.99333333333334	154.5	153.71333333333334	153.5	153.56	153.2	152.46666666666667	152.54	151.46	151.36	150.54	149.90666666666667	149.24	148.28666666666666	147.66666666666666	146.74	146.08	145.03333333333333	144.04666666666665	143.18	141.24	139.81333333333333	138.44	136.20666666666668	133.41333333333333	130.34666666666666	125.78666666666666	119.44666666666667	107.75333333333333	0.0
0.0	107.62	119.42666666666666	125.46666666666667	130.02666666666667	133.29333333333332	136.60666666666665	138.36666666666667	139.94666666666666	141.56666666666666	143.41333333333333	144.36666666666667	145.4	146.88	147.02666666666667	147.7	148.88666666666666	149.48666666666668	150.48	150.73333333333332	151.1	150.94666666666666	151.54	151.86	151.93333333333334	152.32666666666665	152.75333333333333	152.90666666666667	153.52666666666667	153.91333333333333	154.18	154.26666666666668	155.04	155.43333333333334	155.14	155.39333333333335	155.20666666666668	154.84	154.86	154.82	154.12	153.92666666666668	154.1	154.11333333333334	154.15333333333334	153.88	153.61333333333334	152.99333333333334	153.12	152.5	151.66666666666666	151.32	151.32	150.50666666666666	150.58666666666667	149.96666666666667	148.97333333333333	148.07333333333332	147.47333333333333	146.44	145.28	144.64666666666668	143.02666666666667	141.43333333333334	140.06666666666666	138.08	135.62	133.58666666666667	130.02	125.4	119.04666666666667	108.38	0.0
0.0	107.88	119.09333333333333	126.02	130.00666666666666	133.61333333333334	135.94666666666666	138.26	140.02	141.5	142.79333333333332	143.87333333333333	145.28	146.23333333333332	146.72666666666666	147.56	148.68	148.91333333333333	150.31333333333333	150.53333333333333	151.27333333333334	151.90666666666667	152.21333333333334	152.82	153.26	153.06	153.96	154.16666666666666	154.43333333333334	154.5	154.64666666666668	154.74666666666667	154.74666666666667	154.58	154.45333333333335	154.42	154.38	154.62	154.56	154.54666666666665	154.52	154.23333333333332	154.14	154.05333333333334	153.68	153.53333333333333	153.52	152.65333333333334	152.13333333333333	151.94	151.61333333333334	151.45333333333335	150.36666666666667	149.82666666666665	149.54	149.6	148.47333333333333	148.02	147.28666666666666	146.42666666666668	145.3	143.98666666666668	142.46	141.3	140.11333333333334	137.72	135.36	132.76	129.40666666666667	125.11333333333333	118.82	107.98666666666666	0.0
0.0	107.30666666666667	118.79333333333334	125.59333333333333	129.71333333333334	133.45333333333335	136.06666666666666	137.87333333333333	139.92666666666668	140.69333333333333	142.40666666666667	143.36666666666667	144.78666666666666	145.34666666666666	146.03333333333333	147.29333333333332	147.5	148.38666666666666	148.71333333333334	149.31333333333333	149.28	149.98	151.12	151.02666666666667	151.99333333333334	151.93333333333334	152.48	152.4	152.88666666666666	152.7	153.22666666666666	153.38	153.59333333333333	153.55333333333334	153.54	153.9	153.49333333333334	153.49333333333334	153.62666666666667	153.41333333333333	153.22666666666666	152.74	152.77333333333334	152.58666666666667	152.78	152.89333333333335	152.64	151.96666666666667	151.60666666666665	151.14666666666668	150.90666666666667	150.71333333333334	149.77333333333334	149.92	149.52	148.4	147.86	147.24666666666667	146.66	145.7	144.60666666666665	143.75333333333333	142.8	140.96	139.72	137.98	135.54	133.42666666666668	130.06666666666666	125.37333333333333	119.0	107.37333333333333	0.0
0.0	107.94666666666667	118.95333333333333	125.5	129.78	132.78666666666666	135.52666666666667	137.39333333333335	139.32	141.18	142.58666666666667	143.59333333333333	144.6	146.34666666666666	146.46666666666667	147.22666666666666	148.26666666666668	148.88666666666666	149.16666666666666	149.98	150.92666666666668	151.50666666666666	151.88	152.50666666666666	152.34666666666666	152.98666666666668	153.27333333333334	153.91333333333333	154.11333333333334	154.03333333333333	154.7	153.97333333333333	154.36	154.38666666666666	154.67333333333335	154.20666666666668	154.66666666666666	154.49333333333334	154.09333333333333	154.57333333333332	153.88666666666666	153.46	153.44	153.02	152.66	152.78666666666666	152.67333333333335	152.31333333333333	151.65333333333334	151.02	150.61333333333334	150.20666666666668	149.84666666666666	149.28	148.79333333333332	148.07333333333332	147.50666666666666	147.19333333333333	146.2	145.66	144.34	143.42666666666668	141.68666666666667	140.5	138.96666666666667	136.96666666666667	134.91333333333333	132.68	129.28	125.26	118.80666666666667	107.46	0.0
0.0	108.45333333333333	120.01333333333334	126.23333333333333	130.48666666666668	133.44666666666666	136.36666666666667	138.16	140.08	141.54	143.01333333333332	144.24666666666667	145.63333333333333	146.81333333333333	147.3	148.43333333333334	149.06	150.38	150.49333333333334	151.24	151.59333333333333	151.80666666666667	152.71333333333334	152.54666666666665	153.24	153.18	153.72666666666666	154.39333333333335	154.65333333333334	154.87333333333333	155.09333333333333	155.19333333333333	155.6	155.72	155.68666666666667	155.70666666666668	155.68	155.62666666666667	155.68	156.01333333333332	155.84666666666666	155.59333333333333	155.43333333333334	154.71333333333334	154.42666666666668	154.54	154.21333333333334	153.78	153.73333333333332	153.36	152.06	151.86	151.25333333333333	150.84	150.33333333333334	149.97333333333333	149.4	148.56666666666666	147.49333333333334	146.93333333333334	145.67333333333335	144.54666666666665	143.06666666666666	142.08666666666667	140.12	138.43333333333334	136.28	133.4	130.04	125.56	119.46666666666667	107.69333333333333	0.0
0.0	107.67333333333333	118.94	125.46	129.52666666666667	132.91333333333333	135.45333333333335	138.19333333333333	139.81333333333333	141.23333333333332	142.50666666666666	143.23333333333332	144.76666666666668	145.81333333333333	146.91333333333333	147.64666666666668	148.58	149.44	150.02	150.46	151.22666666666666	152.14	152.1	152.90666666666667	152.57333333333332	153.12666666666667	154.22666666666666	154.07333333333332	154.18666666666667	154.49333333333334	154.28666666666666	154.59333333333333	154.71333333333334	155.14	154.96	155.1	155.19333333333333	155.38666666666666	155.22666666666666	154.68	154.50666666666666	154.71333333333334	154.73333333333332	154.34	154.32	153.97333333333333	153.48666666666668	153.43333333333334	153.42666666666668	152.45333333333335	151.95333333333335	151.15333333333334	151.32	150.88	150.06666666666666	149.44	148.51333333333332	148.12666666666667	147.68666666666667	146.9	145.41333333333333	144.03333333333333	143.31333333333333	141.35333333333332	140.16666666666666	138.19333333333333	135.92666666666668	133.08	130.16666666666666	125.54	119.50666666666666	108.11333333333333	0.0
0.0	107.52666666666667	119.08666666666667	125.5	129.92666666666668	133.38666666666666	136.12	138.10666666666665	140.22	140.94666666666666	142.69333333333333	144.36666666666667	144.96	146.18	146.90666666666667	147.9	148.66	148.98	149.66666666666666	150.1	150.7	151.16	151.15333333333334	152.27333333333334	152.73333333333332	153.22	153.54	154.28666666666666	154.18	153.89333333333335	153.70666666666668	154.26	154.2	154.02666666666667	154.38	154.78	154.42666666666668	154.54666666666665	154.44	154.71333333333334	154.82666666666665	155.16	154.92666666666668	154.46	153.95333333333335	153.52666666666667	153.1	153.19333333333333	152.69333333333333	152.74666666666667	151.9	151.6	151.10666666666665	150.94	150.08666666666667	149.46	148.49333333333334	148.45333333333335	147.1	146.35333333333332	145.32	144.10666666666665	142.46666666666667	141.66666666666666	139.48666666666668	138.12666666666667	136.37333333333333	133.33333333333334	129.88666666666666	125.4	119.12	107.89333333333333	0.0
0.0	108.18	119.12666666666667	125.64666666666666	130.10666666666665	133.28666666666666	135.9	138.35333333333332	139.98666666666668	142.1	142.98	143.7	145.07333333333332	145.91333333333333	147.06	148.27333333333334	149.32666666666665	149.68666666666667	150.14	150.16	150.80666666666667	151.06666666666666	151.28666666666666	151.61333333333334	152.45333333333335	152.72666666666666	152.49333333333334	153.22666666666666	153.81333333333333	154.08	154.14	154.47333333333333	155.01333333333332	154.72	155.32666666666665	154.92666666666668	155.43333333333334	155.07333333333332	155.17333333333335	155.40666666666667	154.78	154.64666666666668	154.40666666666667	154.18666666666667	154.32	153.78666666666666	154.14666666666668	153.22666666666666	152.99333333333334	152.58	151.76666666666668	151.74666666666667	150.86	150.43333333333334	150.28	149.74	148.86666666666667	147.80666666666667	147.18666666666667	146.29333333333332	145.06666666666666	143.91333333333333	142.72	141.64666666666668	139.91333333333333	137.92666666666668	136.25333333333333	133.0	130.04	125.77333333333333	118.88	107.85333333333334	0.0
0.0	107.77333333333333	118.81333333333333	125.26	129.82666666666665	132.91333333333333	135.33333333333334	137.71333333333334	140.14	141.36666666666667	142.84	143.5	144.45333333333335	145.63333333333333	146.22666666666666	147.46	148.1	148.47333333333333	149.48	149.70666666666668	149.89333333333335	150.43333333333334	150.84	150.96666666666667	151.45333333333335	151.37333333333333	151.47333333333333	152.20666666666668	152.43333333333334	152.47333333333333	153.32	153.36	153.56666666666666	153.88666666666666	153.66666666666666	154.02	153.87333333333333	154.16666666666666	153.83333333333334	153.92	153.88666666666666	154.26	154.2	153.87333333333333	153.65333333333334	153.3	153.20666666666668	152.98666666666668	152.61333333333334	152.4	151.72	151.03333333333333	150.76	150.08666666666667	150.28666666666666	149.58	148.48	147.92	147.16666666666666	146.56	145.52666666666667	144.4	143.26666666666668	141.62666666666667	139.67333333333335	137.98	135.78	132.78	129.13333333333333	125.16666666666667	118.83333333333333	107.84666666666666	0.0
0.0	107.92666666666666	119.53333333333333	126.22	130.14666666666668	133.24666666666667	135.75333333333333	138.19333333333333	140.15333333333334	141.50666666666666	142.96	144.00666666666666	144.96666666666667	146.32	147.26	148.51333333333332	148.84	149.64666666666668	150.9	151.58666666666667	151.9	152.66	152.55333333333334	153.10666666666665	153.22666666666666	153.57333333333332	154.22	154.0	154.71333333333334	154.54	155.14666666666668	155.3	155.36666666666667	155.18	155.03333333333333	155.46666666666667	155.20666666666668	155.14666666666668	154.71333333333334	154.99333333333334	155.38	155.21333333333334	154.9	154.64	154.23333333333332	154.41333333333333	153.96	154.12666666666667	153.75333333333333	153.27333333333334	153.0	152.46	151.94	151.55333333333334	150.85333333333332	149.91333333333333	149.78666666666666	148.88	148.18666666666667	146.87333333333333	145.47333333333333	144.04666666666665	143.38666666666666	141.74666666666667	140.32	138.48	136.12666666666667	133.46	130.37333333333333	126.13333333333334	119.36666666666666	107.55333333333333	0.0
0.0	107.67333333333333	118.63333333333334	124.4	128.66666666666666	132.50666666666666	135.15333333333334	137.23333333333332	138.94666666666666	140.8	142.12666666666667	143.85333333333332	144.7	144.94	146.76666666666668	147.88666666666666	148.64666666666668	149.37333333333333	150.02	150.34	150.46666666666667	151.14	151.16	152.36666666666667	152.72	152.62	153.04	153.37333333333333	153.58	153.67333333333335	153.93333333333334	153.75333333333333	154.18666666666667	154.35333333333332	154.86666666666667	154.81333333333333	154.79333333333332	154.93333333333334	154.94	154.57333333333332	154.86	154.56	154.65333333333334	154.19333333333333	154.22666666666666	153.69333333333333	153.91333333333333	153.54666666666665	153.32666666666665	152.85333333333332	152.32	151.54666666666665	151.28666666666666	150.58666666666667	150.08	149.36666666666667	148.75333333333333	147.90666666666667	146.83333333333334	146.17333333333335	144.70666666666668	143.88	142.86666666666667	141.18666666666667	139.63333333333333	137.07333333333332	135.28666666666666	132.47333333333333	129.65333333333334	125.08666666666667	118.57333333333334	107.84	0.0
0.0	107.71333333333334	118.97333333333333	125.84	130.42666666666668	133.42	135.84666666666666	138.30666666666667	140.10666666666665	141.24666666666667	142.50666666666666	143.36666666666667	145.47333333333333	146.38	147.01333333333332	147.9	148.47333333333333	149.34666666666666	150.34666666666666	150.9	151.13333333333333	151.76	152.47333333333333	152.69333333333333	153.60666666666665	153.71333333333334	154.24	154.22666666666666	154.2	154.53333333333333	154.36	154.65333333333334	155.05333333333334	154.73333333333332	155.06666666666666	154.98666666666668	155.02666666666667	154.72	154.5	154.90666666666667	154.55333333333334	154.72	154.70666666666668	154.63333333333333	153.84666666666666	153.73333333333332	153.51333333333332	153.49333333333334	153.23333333333332	152.62666666666667	152.24666666666667	151.9	151.44666666666666	150.74	150.43333333333334	150.08	149.23333333333332	148.48	147.33333333333334	145.73333333333332	144.62	144.02	142.32666666666665	141.54666666666665	140.02666666666667	138.33333333333334	135.76	133.24666666666667	129.79333333333332	125.22	119.14666666666666	108.20666666666666	0.0
0.0	107.66	119.06666666666666	125.66	130.1	133.37333333333333	135.57333333333332	138.02	139.98	141.13333333333333	142.58	143.86	144.92	145.74	146.98	147.58	148.60666666666665	149.74	150.20666666666668	150.32666666666665	150.40666666666667	151.12666666666667	151.92	151.50666666666666	151.99333333333334	152.46666666666667	153.64	153.78	154.08	154.45333333333335	154.46666666666667	154.37333333333333	154.52666666666667	154.52666666666667	154.92	154.93333333333334	154.87333333333333	154.48	155.48666666666668	154.84666666666666	154.61333333333334	154.18666666666667	153.90666666666667	154.47333333333333	154.05333333333334	153.97333333333333	153.53333333333333	153.16	152.16666666666666	151.88666666666666	151.48666666666668	151.14666666666668	150.95333333333335	150.36666666666667	149.92666666666668	148.98	148.64666666666668	148.53333333333333	147.94	146.76	145.89333333333335	144.38	143.03333333333333	141.62	139.89333333333335	137.9	135.88666666666666	132.88666666666666	129.62666666666667	125.22666666666667	118.89333333333333	107.26666666666667	0.0
0.0	107.76	118.63333333333334	125.2	129.60666666666665	132.38	135.30666666666667	137.81333333333333	139.05333333333334	140.96	142.13333333333333	143.14	144.74	145.58666666666667	146.55333333333334	147.12666666666667	148.00666666666666	149.18666666666667	149.72666666666666	149.72	150.06666666666666	150.8	151.48666666666668	151.44	151.96	152.66666666666666	152.57333333333332	153.38666666666666	153.88	154.16666666666666	154.30666666666667	154.03333333333333	154.04666666666665	154.88	154.54666666666665	154.31333333333333	154.38	154.59333333333333	154.29333333333332	154.27333333333334	154.08	153.54	153.9	154.38	153.66666666666666	154.02	153.29333333333332	152.82666666666665	152.82666666666665	151.86666666666667	151.53333333333333	151.64666666666668	151.10666666666665	150.31333333333333	149.82	148.94666666666666	148.26	147.52666666666667	147.31333333333333	145.54	144.98	143.82666666666665	142.67333333333335	141.28666666666666	139.68	137.79333333333332	135.04666666666665	132.39333333333335	129.17333333333335	125.11333333333333	119.0	107.77333333333333	0.0
0.0	107.52666666666667	119.22	125.29333333333334	129.27333333333334	133.32	135.48666666666668	137.84666666666666	139.6	140.96	142.61333333333334	143.40666666666667	144.44	145.22666666666666	146.70666666666668	147.4	148.12	148.92666666666668	149.56666666666666	150.11333333333334	150.86	151.16666666666666	151.3	151.77333333333334	152.09333333333333	152.48666666666668	153.40666666666667	153.12	153.31333333333333	153.16666666666666	153.44	153.46666666666667	153.66	153.81333333333333	153.97333333333333	154.31333333333333	154.46	153.98666666666668	154.29333333333332	154.42	154.02666666666667	154.35333333333332	154.22	154.36	153.85333333333332	154.04	153.54666666666665	152.93333333333334	152.54666666666665	152.3	152.0	151.52	151.08666666666667	150.28666666666666	149.55333333333334	148.92666666666668	148.5	147.15333333333334	146.93333333333334	145.54	144.6	143.78	142.2	141.02	139.17333333333335	136.91333333333333	134.71333333333334	132.62	129.16	124.56	118.62666666666667	107.56	0.0
0.0	107.66	119.12666666666667	125.84666666666666	129.46	133.43333333333334	136.18	137.79333333333332	139.68	141.17333333333335	142.26666666666668	144.36666666666667	145.46666666666667	146.08666666666667	147.05333333333334	148.37333333333333	149.01333333333332	149.87333333333333	149.54666666666665	150.68	151.25333333333333	151.25333333333333	152.12666666666667	152.58	152.84	153.26	153.55333333333334	153.37333333333333	153.64666666666668	154.02666666666667	154.24	155.10666666666665	155.28	155.49333333333334	155.56	155.6	155.5	154.91333333333333	155.58	155.6	155.61333333333334	155.65333333333334	154.92	154.5	153.74	154.01333333333332	153.90666666666667	153.92	153.16	152.38	152.16666666666666	152.04666666666665	151.92	150.76666666666668	149.98666666666668	149.54666666666665	148.62666666666667	148.46	147.52666666666667	146.76666666666668	145.44	144.64	143.38	142.03333333333333	139.81333333333333	138.04666666666665	135.87333333333333	133.02666666666667	129.7	125.18666666666667	119.28	107.72	0.0
0.0	107.78666666666666	119.31333333333333	126.01333333333334	130.59333333333333	133.63333333333333	136.61333333333334	138.34	140.64666666666668	142.79333333333332	143.5	145.03333333333333	146.01333333333332	147.16666666666666	148.06	148.76	149.35333333333332	150.34	150.58666666666667	151.62666666666667	151.52	151.88	152.46	152.87333333333333	153.62	153.88666666666666	154.00666666666666	154.9	154.98	155.24666666666667	155.28	155.92	155.92	155.92	156.43333333333334	155.44666666666666	156.09333333333333	155.72666666666666	155.38666666666666	155.68666666666667	155.1	155.24666666666667	155.61333333333334	155.26	154.68666666666667	154.0	153.98	153.69333333333333	153.44666666666666	153.38	153.05333333333334	152.08666666666667	151.62	151.31333333333333	150.44	149.55333333333334	148.86666666666667	148.60666666666665	147.43333333333334	146.78	145.6	144.44	143.18666666666667	141.74	139.56	137.98	135.98666666666668	133.76	130.82	125.97333333333333	119.56666666666666	108.28	0.0
0.0	107.8	118.66666666666667	125.66666666666667	130.17333333333335	133.61333333333334	135.63333333333333	138.16	139.82	140.88666666666666	142.43333333333334	143.95333333333335	145.46	146.30666666666667	147.0	148.08666666666667	148.5	149.52	149.87333333333333	150.34	151.12666666666667	152.02666666666667	152.51333333333332	152.77333333333334	153.20666666666668	152.89333333333335	153.31333333333333	153.44666666666666	153.76666666666668	153.56	154.3	154.41333333333333	154.70666666666668	154.37333333333333	154.81333333333333	155.04666666666665	155.3	154.96	154.82	154.56	154.32	154.32	153.76666666666668	153.77333333333334	153.60666666666665	152.94	153.06	153.14	152.75333333333333	152.62	152.41333333333333	151.8	151.61333333333334	150.90666666666667	149.65333333333334	149.64666666666668	148.40666666666667	148.18666666666667	146.86666666666667	146.06666666666666	145.1	144.08666666666667	142.70666666666668	141.48666666666668	139.58666666666667	138.04666666666665	136.48	133.55333333333334	129.36666666666667	125.74	119.26	108.21333333333334	0.0
0.0	107.49333333333334	119.16666666666667	125.33333333333333	129.40666666666667	132.87333333333333	135.75333333333333	137.59333333333333	139.66	140.93333333333334	142.45333333333335	143.81333333333333	144.42	145.95333333333335	146.42	148.17333333333335	148.46666666666667	148.86666666666667	149.73333333333332	150.42	151.04	151.29333333333332	151.70666666666668	152.29333333333332	152.26666666666668	152.80666666666667	152.74666666666667	152.60666666666665	153.35333333333332	153.48666666666668	153.69333333333333	153.85333333333332	153.92	153.3	153.60666666666665	153.68	153.72666666666666	153.76	153.86	153.76666666666668	153.45333333333335	153.73333333333332	153.49333333333334	153.80666666666667	153.0	152.70666666666668	152.51333333333332	152.50666666666666	152.1	151.61333333333334	151.23333333333332	150.62666666666667	150.38	149.78666666666666	149.13333333333333	148.82666666666665	148.18666666666667	146.72	146.10666666666665	144.77333333333334	144.02666666666667	142.56666666666666	141.29333333333332	140.3	138.64666666666668	136.94	135.06666666666666	132.78	129.40666666666667	124.62	118.72666666666667	107.53333333333333	0.0
0.0	107.98666666666666	119.22666666666667	125.5	129.28	132.73333333333332	135.67333333333335	138.28666666666666	140.20666666666668	141.74666666666667	142.30666666666667	143.53333333333333	145.02666666666667	146.24666666666667	147.28	147.88666666666666	148.9	149.26666666666668	150.32666666666665	150.82	151.28666666666666	151.41333333333333	151.31333333333333	152.01333333333332	152.16666666666666	152.70666666666668	152.96	152.92666666666668	152.74666666666667	153.23333333333332	153.94	153.97333333333333	154.30666666666667	154.77333333333334	154.50666666666666	154.96666666666667	154.76666666666668	154.66666666666666	154.64666666666668	154.42666666666668	154.75333333333333	154.42666666666668	154.5	153.89333333333335	153.49333333333334	153.33333333333334	153.0	152.24666666666667	152.30666666666667	151.69333333333333	151.45333333333335	150.96666666666667	150.8	150.82	150.06	149.33333333333334	148.76666666666668	148.4	147.56666666666666	146.82	146.08	144.52	143.07333333333332	141.43333333333334	139.90666666666667	138.15333333333334	136.38666666666666	133.78	130.10666666666665	125.23333333333333	119.03333333333333	107.93333333333334	0.0
0.0	107.65333333333334	119.17333333333333	125.09333333333333	129.79333333333332	132.98666666666668	135.62666666666667	137.84	139.47333333333333	141.31333333333333	142.47333333333333	143.41333333333333	144.62	146.77333333333334	147.40666666666667	148.05333333333334	148.78	149.54666666666665	150.28	150.5	150.88666666666666	151.82666666666665	151.63333333333333	151.72	152.5	152.82	153.12	153.62	154.56666666666666	154.95333333333335	154.98	154.94	154.79333333333332	154.73333333333332	154.55333333333334	154.60666666666665	155.20666666666668	155.08	154.76	154.71333333333334	155.17333333333335	154.69333333333333	154.52	154.58	154.51333333333332	154.15333333333334	153.67333333333335	153.35333333333332	153.06	152.64666666666668	151.51333333333332	151.04	150.70666666666668	150.27333333333334	149.60666666666665	148.89333333333335	148.45333333333335	147.92	146.92666666666668	146.41333333333333	145.26666666666668	143.92	142.86	141.21333333333334	139.75333333333333	137.99333333333334	136.0	132.88666666666666	129.46666666666667	125.44666666666667	119.36	107.72666666666667	0.0
0.0	108.18	119.76666666666667	125.70666666666666	130.56	133.34	136.18	138.74666666666667	140.28666666666666	142.29333333333332	143.44666666666666	144.7	145.82666666666665	147.06666666666666	147.60666666666665	148.2	149.20666666666668	149.68	150.74	151.31333333333333	151.72	152.12666666666667	152.32	152.73333333333332	152.47333333333333	153.20666666666668	153.76666666666668	154.38666666666666	154.74	154.5	154.72	155.38666666666666	155.18	154.70666666666668	155.49333333333334	155.25333333333333	155.02	155.25333333333333	155.38	155.46	155.42666666666668	155.4	155.22	155.04666666666665	154.58	154.62	154.12666666666667	153.91333333333333	153.96	153.52666666666667	153.55333333333334	152.52666666666667	151.84666666666666	151.72	150.67333333333335	150.53333333333333	149.54666666666665	149.04666666666665	148.16666666666666	146.94	146.00666666666666	144.56666666666666	143.65333333333334	142.61333333333334	141.03333333333333	138.78666666666666	136.64666666666668	133.99333333333334	130.3	126.05333333333333	119.66	108.16	0.0
0.0	107.55333333333333	118.84	124.45333333333333	129.76666666666668	132.7	135.05333333333334	137.5	138.79333333333332	140.76666666666668	142.31333333333333	143.45333333333335	145.05333333333334	146.50666666666666	147.04	147.42666666666668	147.78666666666666	148.43333333333334	149.74	149.81333333333333	150.67333333333335	150.90666666666667	151.54	151.18666666666667	152.07333333333332	152.49333333333334	152.8	153.20666666666668	153.23333333333332	153.43333333333334	153.36	153.74666666666667	154.20666666666668	154.67333333333335	154.61333333333334	154.24	153.66	154.12666666666667	154.2	154.15333333333334	154.26666666666668	153.71333333333334	153.78666666666666	153.68	153.67333333333335	153.72	153.14666666666668	153.28	153.17333333333335	152.28	152.28	151.58666666666667	151.10666666666665	150.93333333333334	149.91333333333333	149.30666666666667	148.96	147.61333333333334	146.92	146.05333333333334	145.24	144.11333333333334	142.84	141.15333333333334	140.19333333333333	137.99333333333334	136.03333333333333	133.68666666666667	130.06666666666666	125.79333333333334	119.22	107.57333333333334	0.0
0.0	108.29333333333334	119.18	125.13333333333334	130.05333333333334	133.00666666666666	136.01333333333332	138.24	140.28	141.84666666666666	143.46666666666667	144.70666666666668	145.58666666666667	146.62	147.48666666666668	148.65333333333334	149.65333333333334	150.32	150.5	150.90666666666667	151.26	151.91333333333333	152.18666666666667	153.12666666666667	153.22	154.21333333333334	154.32666666666665	154.42666666666668	154.64	155.16	155.71333333333334	155.79333333333332	155.7	155.83333333333334	155.57333333333332	156.21333333333334	156.28666666666666	156.33333333333334	155.74	155.50666666666666	155.47333333333333	155.16666666666666	154.84	154.15333333333334	154.22666666666666	153.84666666666666	154.33333333333334	154.10666666666665	153.38666666666666	153.22	152.94	152.18	151.50666666666666	151.41333333333333	150.72	149.75333333333333	148.98666666666668	147.65333333333334	146.73333333333332	145.74	144.88	143.92	142.94	141.67333333333335	140.4	138.66666666666666	136.14	133.28666666666666	129.90666666666667	125.25333333333333	118.85333333333334	108.03333333333333	0.0
0.0	107.65333333333334	119.12	125.22666666666667	130.14666666666668	133.47333333333333	135.82666666666665	138.10666666666665	140.07333333333332	141.16	142.06	143.59333333333333	144.92666666666668	145.92666666666668	147.12	147.94666666666666	148.48	149.54	150.32666666666665	150.99333333333334	151.28666666666666	151.58	152.62	152.62	153.12	153.24	153.2	153.60666666666665	153.54	153.38666666666666	153.80666666666667	153.66666666666666	153.80666666666667	154.62	154.45333333333335	154.34	154.12666666666667	154.24666666666667	154.08666666666667	154.24666666666667	154.06	153.94	154.02	153.44666666666666	154.14	153.72	153.32666666666665	153.01333333333332	152.86	152.30666666666667	152.31333333333333	151.72666666666666	151.58	150.80666666666667	150.46666666666667	149.68	149.37333333333333	148.74	147.74	146.47333333333333	145.22	144.08	142.75333333333333	141.14	139.8	138.14666666666668	135.42666666666668	133.24666666666667	129.70666666666668	125.72666666666667	119.54666666666667	107.73333333333333	0.0
0.0	107.76	119.14	125.91333333333333	130.08	132.92666666666668	135.8	137.78666666666666	139.95333333333335	141.79333333333332	142.9	144.04666666666665	144.83333333333334	146.09333333333333	146.88666666666666	148.14	149.13333333333333	149.80666666666667	150.20666666666668	151.40666666666667	151.59333333333333	151.86	151.9	152.45333333333335	153.24	153.67333333333335	153.93333333333334	154.08666666666667	154.42	154.51333333333332	154.34	154.74666666666667	154.98	155.37333333333333	155.28666666666666	154.79333333333332	155.3	154.92666666666668	154.93333333333334	154.35333333333332	154.72666666666666	154.62666666666667	154.46	154.10666666666665	154.06	154.07333333333332	153.66	153.23333333333332	152.58	152.08	151.87333333333333	151.70666666666668	151.28	150.64	150.15333333333334	149.24	148.53333333333333	148.05333333333334	147.3	146.33333333333334	145.03333333333333	144.14	143.22	141.9	140.15333333333334	137.78	135.64666666666668	133.09333333333333	129.74666666666667	125.56666666666666	118.72	107.51333333333334	0.0
0.0	107.69333333333333	119.02666666666667	125.82666666666667	129.67333333333335	133.01333333333332	135.52666666666667	137.8	140.18	142.10666666666665	143.58666666666667	144.65333333333334	145.52	146.61333333333334	146.71333333333334	147.91333333333333	149.0	149.62	149.92	151.06666666666666	151.59333333333333	151.98666666666668	152.51333333333332	152.83333333333334	152.58	152.78666666666666	153.28666666666666	153.82666666666665	153.72	153.91333333333333	154.38	154.34666666666666	154.1	154.26	154.08	154.32666666666665	154.15333333333334	154.54	154.62	154.2	155.04	154.79333333333332	154.21333333333334	154.40666666666667	154.08	153.78666666666666	153.55333333333334	153.31333333333333	153.08	152.08666666666667	151.74	151.55333333333334	150.90666666666667	150.26	149.94666666666666	149.44	148.90666666666667	147.40666666666667	147.01333333333332	146.28	145.42666666666668	144.14	143.72	142.2	140.68	138.32666666666665	136.12666666666667	133.2	130.49333333333334	125.74	118.85333333333334	107.79333333333334	0.0
0.0	107.72666666666667	119.14	125.72666666666667	130.22666666666666	133.42666666666668	136.04666666666665	137.94666666666666	140.32	141.42	143.16	144.41333333333333	145.45333333333335	146.56	147.21333333333334	148.36666666666667	149.0	149.31333333333333	149.95333333333335	150.64	150.96666666666667	151.56666666666666	152.53333333333333	152.87333333333333	152.64666666666668	153.36	153.46666666666667	153.72	154.18666666666667	154.06	154.58	154.37333333333333	154.27333333333334	154.29333333333332	154.34	154.24666666666667	153.79333333333332	153.58	153.66	153.69333333333333	153.82666666666665	153.87333333333333	153.28666666666666	153.66	153.82666666666665	153.34666666666666	154.00666666666666	153.80666666666667	153.08	152.96666666666667	152.03333333333333	151.84	151.77333333333334	151.08	150.96666666666667	149.78666666666666	148.59333333333333	148.25333333333333	146.73333333333332	146.33333333333334	145.16666666666666	144.31333333333333	143.22666666666666	141.46	139.74	137.99333333333334	135.55333333333334	133.14	129.63333333333333	125.64	119.07333333333334	108.02666666666667	0.0
0.0	107.88666666666667	119.07333333333334	125.32	129.87333333333333	133.34666666666666	135.64666666666668	137.76666666666668	140.08	141.57333333333332	143.08	144.24666666666667	144.88	145.93333333333334	146.64	147.58	148.22666666666666	148.74666666666667	149.98666666666668	150.29333333333332	151.00666666666666	150.92	151.52	152.54	152.72	152.92	152.94666666666666	153.26666666666668	153.51333333333332	153.78666666666666	154.12	153.98666666666668	154.13333333333333	154.28	153.97333333333333	154.38666666666666	154.59333333333333	154.92666666666668	153.9	153.91333333333333	153.92666666666668	153.8	153.37333333333333	153.48	153.34666666666666	153.58	153.56666666666666	153.53333333333333	152.5	152.69333333333333	151.78	151.16	151.04666666666665	150.50666666666666	150.1	149.16666666666666	148.34666666666666	147.5	146.82	145.44666666666666	144.65333333333334	143.43333333333334	142.0	141.04666666666665	139.71333333333334	138.29333333333332	136.16	133.64	129.82666666666665	125.64666666666666	119.16666666666667	107.94666666666667	0.0
0.0	107.61333333333333	118.85333333333334	125.77333333333333	130.44666666666666	134.21333333333334	136.0	138.08	139.90666666666667	141.56	142.7	144.12666666666667	145.34	145.95333333333335	147.80666666666667	148.25333333333333	150.03333333333333	150.02	149.84666666666666	150.52	151.30666666666667	151.52666666666667	152.38666666666666	152.4	152.42	153.48	153.50666666666666	153.8	154.30666666666667	154.29333333333332	154.22	154.59333333333333	154.6	155.08	155.12	155.24666666666667	155.19333333333333	154.99333333333334	155.39333333333335	155.10666666666665	155.12666666666667	154.42	154.26666666666668	153.99333333333334	153.87333333333333	153.24666666666667	153.55333333333334	153.33333333333334	153.08	152.56666666666666	152.07333333333332	151.42	151.28	150.94666666666666	150.16666666666666	149.64666666666668	149.6	148.28666666666666	147.20666666666668	146.42666666666668	145.21333333333334	144.36	142.84	141.62666666666667	139.94	137.83333333333334	135.85333333333332	133.52	130.03333333333333	125.5	118.98666666666666	107.79333333333334	0.0
0.0	108.10666666666667	118.97333333333333	125.41333333333333	129.46666666666667	133.33333333333334	135.73333333333332	137.64666666666668	139.9	141.58	143.36666666666667	144.34666666666666	145.36666666666667	146.51333333333332	147.16	148.04	149.07333333333332	149.76	149.92	150.53333333333333	150.82666666666665	151.18	151.90666666666667	152.06	152.16666666666666	152.94	153.21333333333334	154.24666666666667	153.60666666666665	153.61333333333334	154.26	154.30666666666667	154.48666666666668	154.8	155.04666666666665	155.13333333333333	154.38	154.67333333333335	154.86666666666667	154.7	154.46	153.98	154.58	154.23333333333332	153.82666666666665	153.60666666666665	153.58	153.24666666666667	152.71333333333334	152.48666666666668	151.96	151.41333333333333	151.35333333333332	150.44666666666666	150.14	149.61333333333334	148.80666666666667	147.89333333333335	146.86666666666667	146.4	146.15333333333334	144.84666666666666	143.34	142.57333333333332	140.02	138.46666666666667	136.33333333333334	133.88666666666666	130.45333333333335	125.64666666666666	119.72666666666667	108.22666666666667	0.0
0.0	108.02	119.10666666666667	125.83333333333333	129.9	133.44666666666666	136.12	137.81333333333333	140.14666666666668	141.58666666666667	143.44	144.64	145.80666666666667	146.65333333333334	147.45333333333335	148.0	148.86	149.82	150.58	151.04666666666665	152.15333333333334	152.06	152.6	152.78	153.47333333333333	153.78666666666666	154.26666666666668	154.34	154.62	155.00666666666666	154.48666666666668	154.37333333333333	155.21333333333334	154.98666666666668	155.36666666666667	154.90666666666667	154.62666666666667	154.89333333333335	154.84666666666666	154.69333333333333	155.08666666666667	154.91333333333333	154.43333333333334	154.38	154.62	153.98666666666668	153.54	153.34666666666666	152.75333333333333	152.25333333333333	151.84666666666666	151.70666666666668	151.18	150.64	149.98	149.44666666666666	149.08666666666667	148.55333333333334	147.32	146.86	145.68666666666667	144.60666666666665	143.17333333333335	141.28666666666666	140.23333333333332	138.28	135.16666666666666	133.24666666666667	129.92	125.64666666666666	119.53333333333333	107.92	0.0
0.0	108.13333333333334	119.25333333333333	125.97333333333333	130.32666666666665	133.4	135.64	137.76	139.92666666666668	141.58666666666667	142.92666666666668	144.26666666666668	145.63333333333333	146.16666666666666	147.2	147.87333333333333	148.61333333333334	149.62666666666667	150.14666666666668	150.49333333333334	151.24	151.72	152.53333333333333	152.86	152.58	153.62	153.84666666666666	154.02666666666667	154.82	154.86	154.80666666666667	155.25333333333333	155.48666666666668	155.34666666666666	155.62666666666667	155.89333333333335	155.39333333333335	155.30666666666667	155.65333333333334	155.68666666666667	155.86	155.72	155.03333333333333	154.82666666666665	154.42	154.7	154.14	153.83333333333334	153.66666666666666	152.99333333333334	152.92666666666668	152.58666666666667	152.31333333333333	151.41333333333333	150.87333333333333	150.07333333333332	149.15333333333334	148.42666666666668	147.09333333333333	146.39333333333335	145.94666666666666	144.81333333333333	143.22666666666666	141.72666666666666	140.44	137.96666666666667	136.09333333333333	133.26	129.54	125.45333333333333	119.33333333333333	107.72666666666667	0.0
0.0	107.70666666666666	118.88666666666667	125.2	129.19333333333333	132.74666666666667	135.38666666666666	137.92666666666668	140.59333333333333	141.96	143.59333333333333	144.84666666666666	145.46	146.73333333333332	147.52666666666667	148.66666666666666	149.26666666666668	150.47333333333333	150.85333333333332	151.22666666666666	151.44666666666666	151.87333333333333	152.34666666666666	152.95333333333335	153.92	153.78666666666666	154.18	154.36	154.29333333333332	154.6	155.8	155.37333333333333	155.90666666666667	155.72	155.49333333333334	155.23333333333332	155.26666666666668	154.94666666666666	155.22666666666666	154.63333333333333	154.66	155.06	154.65333333333334	154.24666666666667	153.76	153.78	153.38	153.11333333333334	152.46	152.05333333333334	151.74	151.41333333333333	150.85333333333332	149.92666666666668	149.86666666666667	149.46	149.02	147.78	146.65333333333334	145.85333333333332	144.88666666666666	143.72666666666666	142.66666666666666	140.78666666666666	139.22666666666666	137.52	135.46666666666667	132.73333333333332	129.12666666666667	124.57333333333334	118.59333333333333	107.54	0.0
0.0	107.66666666666667	118.94	125.02666666666667	129.80666666666667	133.05333333333334	136.03333333333333	138.24666666666667	140.44	141.34666666666666	142.75333333333333	144.24	145.72666666666666	145.74	146.99333333333334	148.34	148.72666666666666	149.34666666666666	149.88666666666666	150.57333333333332	151.01333333333332	152.18666666666667	152.61333333333334	152.88666666666666	153.4	153.74	153.76666666666668	154.12666666666667	154.39333333333335	154.54	154.52666666666667	154.64	154.87333333333333	155.08666666666667	155.69333333333333	155.34	155.10666666666665	154.98	154.51333333333332	154.94	154.98666666666668	154.61333333333334	154.75333333333333	154.88	154.37333333333333	153.60666666666665	153.68666666666667	153.64666666666668	153.35333333333332	152.51333333333332	152.62	152.38	152.16	150.85333333333332	150.13333333333333	149.6	148.82	147.88666666666666	147.71333333333334	146.55333333333334	145.00666666666666	144.32	143.2	141.26666666666668	139.77333333333334	137.86	135.59333333333333	133.0	130.18666666666667	125.71333333333334	119.17333333333333	108.25333333333333	0.0
0.0	107.31333333333333	119.40666666666667	125.56666666666666	129.89333333333335	133.01333333333332	135.72	138.12666666666667	139.80666666666667	141.3	142.86	143.81333333333333	144.80666666666667	145.78	147.14666666666668	147.46	149.26666666666668	149.46	150.03333333333333	150.36666666666667	151.1	151.06	152.15333333333334	152.35333333333332	152.90666666666667	153.7	153.88	154.04	153.73333333333332	154.03333333333333	154.28666666666666	154.56666666666666	154.59333333333333	154.02666666666667	154.36	154.41333333333333	154.76	154.48	154.48666666666668	154.49333333333334	154.40666666666667	154.16666666666666	154.19333333333333	153.78	154.05333333333334	153.85333333333332	153.63333333333333	153.31333333333333	152.57333333333332	152.60666666666665	151.91333333333333	151.62	151.72	150.70666666666668	150.08	149.57333333333332	148.49333333333334	148.16666666666666	147.6	146.71333333333334	145.50666666666666	144.64666666666668	143.51333333333332	141.64	139.84666666666666	138.08666666666667	136.16	133.25333333333333	129.65333333333334	124.94666666666667	118.66666666666667	107.87333333333333	0.0
0.0	107.83333333333333	118.96	125.26666666666667	129.97333333333333	132.94666666666666	136.0	138.53333333333333	140.2	141.35333333333332	142.86666666666667	144.24666666666667	145.86	146.54	147.61333333333334	148.75333333333333	148.94	149.95333333333335	150.54666666666665	150.8	151.21333333333334	151.64666666666668	152.22666666666666	152.79333333333332	153.59333333333333	154.22	154.57333333333332	155.08	155.14666666666668	155.42666666666668	155.26666666666668	155.03333333333333	155.25333333333333	154.78666666666666	154.83333333333334	155.36	155.17333333333335	154.74666666666667	155.35333333333332	155.28	155.0	154.44	154.45333333333335	153.94	154.11333333333334	153.9	153.32666666666665	153.8	153.16	152.63333333333333	152.1	151.37333333333333	151.25333333333333	150.80666666666667	150.38666666666666	150.00666666666666	148.82666666666665	148.31333333333333	147.44666666666666	147.53333333333333	146.01333333333332	144.87333333333333	143.64	142.15333333333334	140.36	138.34666666666666	136.05333333333334	133.39333333333335	129.94666666666666	125.87333333333333	119.39333333333333	108.05333333333333	0.0
0.0	108.17333333333333	119.84666666666666	125.94	130.37333333333333	133.78666666666666	136.14666666666668	137.97333333333333	140.24666666666667	142.16666666666666	143.68	144.93333333333334	146.08	147.21333333333334	147.91333333333333	148.70666666666668	148.83333333333334	149.72666666666666	150.7	151.12	151.10666666666665	151.39333333333335	151.87333333333333	152.04666666666665	152.9	153.66	153.82	154.06	154.14666666666668	155.00666666666666	154.71333333333334	154.86	154.84	154.77333333333334	154.94	154.85333333333332	154.74666666666667	154.25333333333333	154.73333333333332	155.14666666666668	154.3	154.62	154.50666666666666	154.45333333333335	154.28	154.18666666666667	154.29333333333332	153.51333333333332	152.98	153.00666666666666	152.53333333333333	152.19333333333333	151.88666666666666	151.91333333333333	151.04666666666665	150.14	149.96666666666667	149.18666666666667	148.47333333333333	147.08666666666667	146.28	145.20666666666668	143.62666666666667	142.06	140.44	138.40666666666667	136.50666666666666	133.5	130.30666666666667	125.16	118.96666666666667	107.92	0.0
0.0	108.06666666666666	119.41333333333333	125.84	130.18666666666667	133.34	135.84666666666666	138.58	139.76666666666668	141.94	143.50666666666666	144.41333333333333	145.60666666666665	146.35333333333332	147.27333333333334	148.46	149.04666666666665	150.59333333333333	150.63333333333333	151.64	152.06666666666666	153.11333333333334	153.20666666666668	153.44	154.08	154.19333333333333	154.22666666666666	154.28	154.12	154.70666666666668	154.74	154.74666666666667	155.30666666666667	155.37333333333333	155.83333333333334	155.22	155.66666666666666	155.72666666666666	155.64666666666668	155.26666666666668	155.48	155.36	155.1	154.98666666666668	154.90666666666667	153.8	153.74666666666667	153.34666666666666	152.96	152.52666666666667	152.14	152.03333333333333	151.26666666666668	150.7	150.26666666666668	149.72	148.82	148.43333333333334	147.64	146.49333333333334	145.54666666666665	145.00666666666666	143.3	141.69333333333333	140.66	138.43333333333334	135.62	133.42	130.03333333333333	125.98666666666666	119.76666666666667	108.47333333333333	0.0
0.0	107.67333333333333	118.71333333333334	124.98	129.8	133.23333333333332	136.00666666666666	137.94666666666666	139.84	141.34666666666666	142.31333333333333	143.66	145.31333333333333	146.51333333333332	147.54666666666665	148.11333333333334	148.80666666666667	149.7	149.66	150.88666666666666	151.38666666666666	151.55333333333334	152.08666666666667	152.03333333333333	152.37333333333333	152.47333333333333	152.65333333333334	153.20666666666668	153.82666666666665	154.00666666666666	154.17333333333335	154.16666666666666	154.05333333333334	154.51333333333332	154.82666666666665	154.8	154.88666666666666	154.72666666666666	154.83333333333334	154.43333333333334	154.84	154.68	154.22	153.80666666666667	153.62666666666667	153.79333333333332	154.08	153.8	153.9	153.10666666666665	152.26666666666668	151.66666666666666	150.81333333333333	150.31333333333333	149.54666666666665	149.32	148.76666666666668	147.90666666666667	146.94	145.85333333333332	144.61333333333334	143.77333333333334	142.15333333333334	140.54	138.94	137.48666666666668	135.18	132.48666666666668	129.40666666666667	125.38	118.26666666666667	107.34	0.0
0.0	108.06	119.26666666666667	126.04666666666667	129.78666666666666	133.60666666666665	135.59333333333333	138.49333333333334	139.67333333333335	141.83333333333334	143.36666666666667	144.54	145.17333333333335	146.87333333333333	147.70666666666668	148.18666666666667	148.96	149.8	150.1	150.86666666666667	151.62	152.36666666666667	152.44	153.51333333333332	153.36666666666667	153.86666666666667	154.61333333333334	154.44	154.76	155.04666666666665	155.46	155.46666666666667	155.18	155.5	155.2	155.2	155.54	155.86	155.36666666666667	155.12666666666667	155.11333333333334	155.36666666666667	154.82666666666665	154.68	154.86	154.2	153.98	153.27333333333334	153.22	153.28	153.04666666666665	152.16666666666666	151.69333333333333	151.30666666666667	150.76	149.45333333333335	149.44666666666666	148.34	147.87333333333333	146.84	145.48	144.25333333333333	142.72	141.42	140.24	138.42666666666668	135.67333333333335	133.44	130.30666666666667	125.41333333333333	118.32	107.99333333333334	0.0
0.0	107.62666666666667	118.76	124.97333333333333	129.42666666666668	132.90666666666667	135.87333333333333	138.06	140.89333333333335	141.90666666666667	143.12666666666667	144.20666666666668	145.72666666666666	146.03333333333333	147.08666666666667	148.33333333333334	148.50666666666666	149.36666666666667	149.94	150.42	151.08666666666667	151.26	152.44	152.64	153.24666666666667	153.32	153.50666666666666	154.01333333333332	154.14666666666668	154.81333333333333	154.22666666666666	154.62	155.21333333333334	155.14666666666668	155.34	154.85333333333332	154.47333333333333	155.12	155.48666666666668	154.8	155.58	155.32	155.02	154.74	154.92	154.46666666666667	154.38	153.67333333333335	153.04666666666665	153.00666666666666	152.59333333333333	151.84	151.01333333333332	150.98666666666668	150.47333333333333	149.88	148.82666666666665	147.95333333333335	147.34666666666666	146.79333333333332	145.5	144.19333333333333	142.4	140.91333333333333	139.24	137.36666666666667	135.39333333333335	132.88	130.10666666666665	125.40666666666667	119.05333333333333	108.28666666666666	0.0
0.0	107.98666666666666	119.20666666666666	125.00666666666666	130.04666666666665	132.84666666666666	135.66	137.64	139.52	141.14666666666668	142.60666666666665	143.66666666666666	145.08	146.07333333333332	146.91333333333333	147.86666666666667	149.00666666666666	149.38666666666666	150.04	151.02666666666667	151.41333333333333	151.80666666666667	151.72	152.28	152.39333333333335	152.71333333333334	153.18666666666667	153.25333333333333	153.32666666666665	153.20666666666668	153.78666666666666	153.51333333333332	153.64666666666668	154.16666666666666	154.08	154.66	154.69333333333333	154.86	154.60666666666665	154.24	154.63333333333333	154.56	154.35333333333332	153.82666666666665	153.36	153.09333333333333	152.88666666666666	152.5	151.64666666666668	152.06666666666666	151.6	151.14666666666668	150.75333333333333	149.71333333333334	149.26	148.92666666666668	147.88666666666666	147.44666666666666	146.85333333333332	145.79333333333332	144.86	143.60666666666665	142.88	140.95333333333335	139.78	137.64666666666668	135.81333333333333	133.07333333333332	129.76666666666668	125.69333333333333	119.38666666666667	107.79333333333334	0.0
0.0	107.8	119.25333333333333	125.92	130.00666666666666	133.63333333333333	136.0	138.46666666666667	140.10666666666665	141.63333333333333	142.93333333333334	144.30666666666667	145.44	146.56	147.22	147.72	148.66666666666666	149.54	150.10666666666665	151.19333333333333	151.74	152.11333333333334	152.26666666666668	152.96	153.36	153.58666666666667	154.26666666666668	154.39333333333335	154.38666666666666	154.38666666666666	154.48	154.86	155.08	155.58	155.54	155.56666666666666	155.68666666666667	155.49333333333334	155.33333333333334	154.22	154.56666666666666	154.71333333333334	154.95333333333335	154.84666666666666	154.86666666666667	154.74666666666667	154.54	154.00666666666666	153.57333333333332	152.78	151.92666666666668	151.72	150.66	150.27333333333334	149.72	149.52666666666667	148.01333333333332	147.54666666666665	146.71333333333334	145.68	144.67333333333335	144.44	143.1	141.61333333333334	139.76666666666668	137.81333333333333	135.63333333333333	132.76	129.64	124.84666666666666	119.16666666666667	107.50666666666666	0.0
0.0	107.77333333333333	119.26	125.33333333333333	129.82666666666665	133.14	135.53333333333333	137.79333333333332	139.52	141.39333333333335	142.75333333333333	143.83333333333334	145.25333333333333	145.98	147.21333333333334	147.62	148.46666666666667	149.0	149.35333333333332	150.26	150.04666666666665	150.56	151.4	151.23333333333332	151.9	152.74666666666667	152.45333333333335	152.84	153.44	153.81333333333333	153.63333333333333	153.70666666666668	153.96666666666667	154.48666666666668	154.54666666666665	154.84	154.75333333333333	154.66	154.28666666666666	154.89333333333335	153.80666666666667	154.20666666666668	154.06666666666666	153.61333333333334	153.89333333333335	153.25333333333333	152.96666666666667	152.60666666666665	152.34	152.04	151.79333333333332	151.17333333333335	150.57333333333332	150.53333333333333	149.67333333333335	149.18666666666667	148.79333333333332	147.86666666666667	146.68666666666667	145.86666666666667	144.75333333333333	143.68	142.55333333333334	141.12	139.82	137.77333333333334	135.60666666666665	133.26666666666668	130.05333333333334	125.14	118.67333333333333	108.19333333333333	0.0
0.0	108.46	118.96	125.07333333333334	129.38	132.86	136.30666666666667	138.64666666666668	140.04666666666665	141.56	142.75333333333333	144.24666666666667	145.5	146.51333333333332	147.85333333333332	147.98666666666668	148.98666666666668	149.1	149.90666666666667	150.97333333333333	151.38666666666666	151.77333333333334	152.28666666666666	152.3	152.85333333333332	153.58	153.88	154.18	154.08666666666667	154.34666666666666	154.54	155.12666666666667	155.53333333333333	155.56	155.61333333333334	155.80666666666667	156.02	155.23333333333332	155.25333333333333	155.06	154.62	155.09333333333333	154.87333333333333	154.58	154.33333333333334	154.30666666666667	153.64	153.12666666666667	152.72666666666666	152.8	152.22	151.56	151.17333333333335	150.72	150.45333333333335	150.02666666666667	149.29333333333332	148.12666666666667	147.95333333333335	146.62	145.9	144.75333333333333	143.32666666666665	142.36666666666667	140.2	137.94	135.70666666666668	133.41333333333333	129.77333333333334	125.78666666666666	119.63333333333334	108.24	0.0
0.0	107.84666666666666	119.04666666666667	124.72666666666667	128.9	132.14666666666668	134.92666666666668	137.0	139.02666666666667	141.06	142.34	143.66	144.75333333333333	146.2	146.82	148.00666666666666	148.52	148.98	150.05333333333334	150.28666666666666	151.14666666666668	151.48666666666668	151.9	151.94666666666666	152.57333333333332	152.38666666666666	152.69333333333333	152.85333333333332	153.37333333333333	153.05333333333334	153.76666666666668	153.84	154.61333333333334	154.18666666666667	154.18	154.42666666666668	154.63333333333333	154.24666666666667	154.34	153.98	154.19333333333333	153.69333333333333	153.66	153.62666666666667	154.02666666666667	153.6	153.16666666666666	153.05333333333334	152.89333333333335	152.84	151.84666666666666	151.48666666666668	151.21333333333334	150.98666666666668	150.48	149.82	148.40666666666667	147.92	146.66666666666666	145.79333333333332	144.67333333333335	142.86666666666667	141.58666666666667	140.86	139.74	137.39333333333335	135.42	132.77333333333334	129.52	125.21333333333334	118.48666666666666	107.58	0.0
0.0	108.13333333333334	119.01333333333334	125.67333333333333	129.86	133.00666666666666	135.73333333333332	138.28666666666666	139.97333333333333	141.69333333333333	142.63333333333333	144.11333333333334	145.05333333333334	145.53333333333333	146.95333333333335	148.02666666666667	148.46	149.14	150.14666666666668	150.76666666666668	150.98666666666668	151.60666666666665	151.96666666666667	152.48	152.62666666666667	152.98666666666668	153.31333333333333	153.34666666666666	153.04666666666665	152.99333333333334	153.18	153.2	153.62666666666667	153.66	153.86666666666667	154.02666666666667	153.80666666666667	153.81333333333333	153.91333333333333	153.88	153.60666666666665	153.78	153.62	153.64666666666668	153.47333333333333	153.38666666666666	153.23333333333332	152.78	151.95333333333335	151.56	151.84	151.56666666666666	151.54666666666665	150.74	150.15333333333334	149.54666666666665	148.49333333333334	148.17333333333335	147.12	146.54666666666665	145.48666666666668	144.0	143.12	141.22	139.35333333333332	137.88666666666666	135.88666666666666	133.64	130.12666666666667	125.34	119.25333333333333	107.91333333333333	0.0
0.0	107.64	119.22	125.23333333333333	130.16666666666666	132.98	135.76	137.46666666666667	139.73333333333332	141.64666666666668	142.94666666666666	143.92	145.26	146.38	147.08	148.02	148.54	149.39333333333335	149.9	150.49333333333334	151.18	151.76666666666668	151.93333333333334	152.35333333333332	152.47333333333333	152.9	153.31333333333333	153.54666666666665	153.9	154.38666666666666	154.32	154.18666666666667	154.70666666666668	154.40666666666667	154.78666666666666	154.86666666666667	154.65333333333334	154.38666666666666	154.02	154.19333333333333	154.49333333333334	154.31333333333333	154.06	153.36666666666667	153.46	153.41333333333333	153.03333333333333	152.32	152.27333333333334	152.02666666666667	151.44	151.58	150.93333333333334	150.10666666666665	149.38	148.92666666666668	148.61333333333334	148.26666666666668	147.9	146.77333333333334	145.62666666666667	144.53333333333333	142.92	141.48666666666668	139.71333333333334	138.14	136.07333333333332	133.24666666666667	129.72	124.96666666666667	118.72666666666667	107.79333333333334	0.0
0.0	107.56666666666666	119.26666666666667	125.44666666666667	129.92666666666668	133.19333333333333	135.48	137.9	140.16666666666666	141.29333333333332	142.62	143.66666666666666	145.16	146.14	146.94	147.90666666666667	148.44	149.28	149.81333333333333	150.32666666666665	151.55333333333334	151.5	151.89333333333335	153.13333333333333	153.08	153.56666666666666	153.77333333333334	154.44	154.44666666666666	155.2	154.68666666666667	154.63333333333333	155.08	155.25333333333333	155.00666666666666	154.66666666666666	154.40666666666667	154.68666666666667	154.94	154.29333333333332	154.8	154.39333333333335	154.04666666666665	154.00666666666666	153.61333333333334	153.58666666666667	153.14666666666668	152.67333333333335	152.7	152.68	151.78666666666666	151.73333333333332	151.12666666666667	151.02	150.24	149.8	148.93333333333334	148.1	146.93333333333334	145.90666666666667	145.58666666666667	143.7	142.3	141.17333333333335	139.44	137.63333333333333	134.85333333333332	132.52	129.61333333333334	125.20666666666666	118.94666666666667	108.19333333333333	0.0
0.0	108.25333333333333	119.53333333333333	125.52	130.38	133.74666666666667	136.42666666666668	138.44	140.24666666666667	141.74666666666667	142.86666666666667	144.70666666666668	145.6	147.06666666666666	148.18666666666667	149.46666666666667	149.79333333333332	150.13333333333333	150.36666666666667	151.03333333333333	151.50666666666666	152.08666666666667	152.72	153.28666666666666	153.62666666666667	153.90666666666667	154.48	154.65333333333334	154.75333333333333	155.04666666666665	154.94	154.99333333333334	155.06	155.65333333333334	156.0	156.24	155.64666666666668	155.90666666666667	156.04666666666665	155.38	155.66666666666666	155.44	155.19333333333333	155.35333333333332	154.95333333333335	154.5	154.06	154.05333333333334	153.84	153.61333333333334	153.11333333333334	152.86666666666667	151.77333333333334	151.3	150.52666666666667	149.98666666666668	149.63333333333333	148.78	148.79333333333332	147.51333333333332	146.18	144.54666666666665	143.11333333333334	142.02	140.12	138.92	136.68666666666667	134.2	130.84666666666666	125.97333333333333	119.53333333333333	108.08666666666667	0.0
0.0	107.79333333333334	118.84666666666666	125.38666666666667	129.62666666666667	133.03333333333333	135.59333333333333	138.06666666666666	140.18666666666667	141.45333333333335	142.85333333333332	144.51333333333332	145.55333333333334	146.43333333333334	147.06666666666666	147.86	149.00666666666666	149.68	150.6	150.96666666666667	151.96	152.52	152.3	153.16	153.47333333333333	154.01333333333332	153.91333333333333	153.78	154.36	154.2	154.01333333333332	154.49333333333334	154.52	154.46666666666667	155.10666666666665	154.41333333333333	154.44666666666666	154.51333333333332	154.18	154.34	154.42	154.18666666666667	153.94666666666666	153.55333333333334	153.39333333333335	153.12	153.00666666666666	152.80666666666667	152.37333333333333	152.10666666666665	151.7	151.78666666666666	151.22666666666666	150.33333333333334	149.98666666666668	149.48666666666668	148.99333333333334	148.11333333333334	146.94666666666666	146.58	145.30666666666667	144.33333333333334	143.24	141.56	139.84	138.49333333333334	135.89333333333335	133.90666666666667	129.82666666666665	125.43333333333334	118.76666666666667	107.76	0.0
0.0	107.69333333333333	119.00666666666666	124.89333333333333	129.45333333333335	132.72	136.33333333333334	137.56	139.52666666666667	141.68	142.8	144.1	145.19333333333333	146.1	146.85333333333332	148.08666666666667	149.02666666666667	149.63333333333333	149.84666666666666	150.75333333333333	150.94666666666666	151.52666666666667	152.04666666666665	152.6	152.51333333333332	152.84666666666666	153.32	153.04666666666665	153.22	153.22	153.58	153.67333333333335	153.97333333333333	154.72	154.58	154.54666666666665	154.64	154.40666666666667	154.62	154.60666666666665	154.50666666666666	154.65333333333334	154.62666666666667	154.34666666666666	154.38666666666666	153.66	153.66666666666666	153.79333333333332	153.36	153.18	152.82666666666665	151.80666666666667	151.96	151.33333333333334	150.77333333333334	149.50666666666666	148.77333333333334	147.58666666666667	147.06	146.16	144.97333333333333	143.62	142.79333333333332	141.57333333333332	139.62666666666667	137.89333333333335	135.57333333333332	133.44	129.61333333333334	125.1	118.83333333333333	107.60666666666667	0.0
0.0	107.79333333333334	119.26	125.14666666666666	129.91333333333333	132.76	135.84666666666666	138.02666666666667	139.64666666666668	141.67333333333335	143.0	144.41333333333333	145.74666666666667	146.74	147.72	148.56666666666666	149.33333333333334	149.82	150.81333333333333	150.92666666666668	151.80666666666667	151.82	152.41333333333333	152.76	153.07333333333332	153.31333333333333	153.91333333333333	153.99333333333334	153.7	154.16666666666666	154.24666666666667	154.78	154.39333333333335	154.31333333333333	154.66	154.96666666666667	154.93333333333334	154.83333333333334	154.58	154.67333333333335	154.7	154.46	154.46	154.14	154.09333333333333	154.13333333333333	153.36666666666667	152.98666666666668	152.69333333333333	152.76666666666668	152.12666666666667	151.46666666666667	151.26666666666668	150.49333333333334	149.75333333333333	148.86	148.26	147.41333333333333	146.95333333333335	145.5	144.75333333333333	142.92	141.63333333333333	141.01333333333332	139.28	137.58	135.48	133.67333333333335	129.77333333333334	125.44	118.74666666666667	107.90666666666667	0.0
0.0	107.67333333333333	119.30666666666667	125.56666666666666	130.24	133.91333333333333	136.44666666666666	137.9	139.61333333333334	140.87333333333333	142.61333333333334	143.97333333333333	144.94666666666666	146.15333333333334	146.72	147.22	148.3	148.9	150.06666666666666	150.62666666666667	151.24	151.9	152.38666666666666	151.98666666666668	152.87333333333333	152.42666666666668	153.22666666666666	153.01333333333332	153.7	153.97333333333333	154.14666666666668	154.86666666666667	154.90666666666667	155.04	155.12	155.00666666666666	154.48666666666668	154.96666666666667	155.0	154.64	154.90666666666667	154.67333333333335	154.46666666666667	153.78	153.99333333333334	153.06666666666666	152.77333333333334	152.38666666666666	152.48666666666668	151.7	151.88666666666666	151.06666666666666	150.76	150.31333333333333	149.6	149.26	148.72666666666666	147.74	147.04	146.38	145.34	144.06	142.67333333333335	141.31333333333333	139.86666666666667	137.78666666666666	135.62	133.82	129.98	125.94666666666667	119.04666666666667	107.76	0.0
0.0	108.21333333333334	119.74	126.32666666666667	130.35333333333332	133.25333333333333	136.01333333333332	137.98666666666668	140.28	141.8	143.28	144.95333333333335	145.44666666666666	146.56666666666666	147.34666666666666	148.22	148.99333333333334	149.62	150.03333333333333	151.35333333333332	152.08666666666667	152.12	152.98	153.52666666666667	153.30666666666667	153.62	154.14	153.89333333333335	154.69333333333333	155.02	154.78666666666666	155.20666666666668	154.69333333333333	154.66666666666666	154.56666666666666	154.76	154.24666666666667	154.80666666666667	154.96	155.02666666666667	155.38	154.98	155.38666666666666	154.71333333333334	154.06666666666666	153.75333333333333	153.64666666666668	153.13333333333333	153.08666666666667	152.62666666666667	152.05333333333334	151.74	151.19333333333333	151.03333333333333	150.20666666666668	149.89333333333335	148.24666666666667	147.64666666666668	147.53333333333333	146.65333333333334	145.69333333333333	144.19333333333333	142.86666666666667	141.44666666666666	139.62666666666667	138.08	135.96	133.06666666666666	130.18	125.6	118.92666666666666	107.76666666666667	0.0
0.0	107.72	119.1	125.34	129.81333333333333	133.23333333333332	135.49333333333334	137.72666666666666	139.86666666666667	140.84	142.35333333333332	143.6	144.88	145.43333333333334	146.62666666666667	147.47333333333333	148.2	149.04666666666665	149.74666666666667	150.68	151.14	152.10666666666665	152.26	152.37333333333333	152.98666666666668	153.31333333333333	153.38666666666666	153.78666666666666	153.88666666666666	154.18	154.02	154.32	154.25333333333333	154.94666666666666	155.18666666666667	154.78	154.15333333333334	155.02666666666667	154.86	155.20666666666668	154.78666666666666	154.88666666666666	154.60666666666665	154.63333333333333	154.3	154.35333333333332	154.08666666666667	153.50666666666666	152.88666666666666	152.56666666666666	152.29333333333332	151.79333333333332	151.63333333333333	150.66	150.17333333333335	149.68666666666667	149.06	148.33333333333334	146.91333333333333	146.42666666666668	145.53333333333333	144.72666666666666	143.09333333333333	141.78666666666666	140.21333333333334	138.54666666666665	135.99333333333334	133.04	130.24666666666667	124.96	118.47333333333333	107.82	0.0
0.0	108.66666666666667	119.66	125.93333333333334	130.32666666666665	133.53333333333333	136.07333333333332	137.72	140.32666666666665	141.84	143.70666666666668	144.05333333333334	145.56666666666666	146.55333333333334	147.42	148.3	149.31333333333333	150.21333333333334	150.94	151.79333333333332	151.33333333333334	152.41333333333333	152.78	152.93333333333334	153.14	153.91333333333333	153.96	154.61333333333334	154.50666666666666	155.07333333333332	155.16	155.42666666666668	154.98	154.82	154.74666666666667	155.26666666666668	154.97333333333333	155.57333333333332	155.17333333333335	155.16	155.36666666666667	154.91333333333333	154.65333333333334	155.16666666666666	154.96	154.14	153.88	153.72	153.04	152.78	152.16666666666666	152.16666666666666	151.38	150.52	150.25333333333333	149.36	148.63333333333333	147.67333333333335	147.14666666666668	146.16	145.43333333333334	144.12666666666667	143.34	142.20666666666668	140.17333333333335	138.06	135.88	133.09333333333333	130.13333333333333	125.65333333333334	119.44666666666667	107.69333333333333	0.0
0.0	108.56666666666666	119.55333333333333	126.39333333333333	130.40666666666667	133.39333333333335	136.18666666666667	138.54	139.90666666666667	141.28666666666666	143.11333333333334	144.71333333333334	145.74666666666667	147.14	147.93333333333334	148.53333333333333	149.21333333333334	149.40666666666667	150.66	151.27333333333334	151.76666666666668	152.18666666666667	152.45333333333335	152.56	153.39333333333335	153.58666666666667	154.22	153.99333333333334	154.62	154.80666666666667	155.08	155.18	155.20666666666668	155.52666666666667	155.54666666666665	155.34666666666666	155.28	155.28666666666666	155.24666666666667	154.96666666666667	155.36666666666667	155.11333333333334	154.90666666666667	154.55333333333334	154.65333333333334	154.66	154.02	153.26	152.92666666666668	152.97333333333333	152.26	152.02666666666667	151.39333333333335	150.86	150.05333333333334	149.77333333333334	148.84666666666666	147.69333333333333	147.28	146.07333333333332	144.69333333333333	143.83333333333334	142.82666666666665	141.52666666666667	139.59333333333333	138.30666666666667	135.66	133.54	130.22666666666666	125.89333333333333	119.16666666666667	108.15333333333334	0.0
0.0	108.21333333333334	119.17333333333333	125.90666666666667	129.90666666666667	132.57333333333332	135.54666666666665	137.35333333333332	139.43333333333334	141.20666666666668	142.9	143.86666666666667	144.86	145.89333333333335	147.43333333333334	148.15333333333334	149.24	149.73333333333332	150.54	151.16	151.42666666666668	151.91333333333333	152.04666666666665	152.74	153.42666666666668	153.8	154.22	154.41333333333333	154.02	154.73333333333332	154.24	155.04	155.14666666666668	155.26	154.72666666666666	154.89333333333335	155.54666666666665	155.24	155.04	154.68666666666667	155.01333333333332	154.24666666666667	154.36	154.54	154.02	154.09333333333333	153.51333333333332	153.12666666666667	152.67333333333335	152.37333333333333	151.62	151.49333333333334	151.1	150.14	149.64666666666668	148.88	148.18666666666667	147.53333333333333	146.44666666666666	145.64666666666668	144.81333333333333	143.69333333333333	142.39333333333335	141.68	140.01333333333332	137.82666666666665	135.58666666666667	133.15333333333334	129.62	125.57333333333334	119.18	107.9	0.0
0.0	107.50666666666666	119.18666666666667	125.8	129.99333333333334	133.46666666666667	136.18	138.34666666666666	139.56	141.36666666666667	142.42	143.98	145.76666666666668	146.96	147.78	148.51333333333332	149.18666666666667	149.89333333333335	150.3	150.42	151.22	151.89333333333335	152.29333333333332	152.56	152.13333333333333	152.07333333333332	152.89333333333335	153.14666666666668	153.8	153.63333333333333	154.09333333333333	153.94	154.2	154.26	153.90666666666667	153.82666666666665	153.94	153.58	154.06666666666666	154.29333333333332	153.82	153.92666666666668	153.68666666666667	153.99333333333334	153.70666666666668	153.24666666666667	153.70666666666668	153.04	152.69333333333333	152.79333333333332	152.36666666666667	151.86666666666667	151.37333333333333	150.48666666666668	149.76666666666668	148.83333333333334	148.09333333333333	147.10666666666665	145.92	145.83333333333334	144.4	143.95333333333335	143.04	141.64	139.99333333333334	137.96	135.68666666666667	133.39333333333335	129.74	125.41333333333333	118.74666666666667	107.43333333333334	0.0
0.0	107.70666666666666	119.44666666666667	125.71333333333334	129.67333333333335	132.62	136.28	138.18666666666667	140.26666666666668	141.82	143.38	144.27333333333334	145.10666666666665	146.27333333333334	147.3	148.54	149.36	149.64666666666668	150.26	151.42	151.73333333333332	152.44666666666666	152.78666666666666	153.52666666666667	153.94	154.18666666666667	153.88	154.15333333333334	154.56666666666666	154.81333333333333	155.03333333333333	154.87333333333333	155.85333333333332	155.80666666666667	156.42	155.65333333333334	155.48	156.04	155.64666666666668	155.59333333333333	155.67333333333335	155.77333333333334	155.07333333333332	155.35333333333332	154.85333333333332	154.12	154.60666666666665	154.06	153.59333333333333	153.41333333333333	153.10666666666665	152.65333333333334	152.42666666666668	151.64	151.06	150.63333333333333	149.12666666666667	148.81333333333333	147.72666666666666	146.74	145.51333333333332	144.12666666666667	142.98	141.64666666666668	139.72666666666666	137.96666666666667	135.74666666666667	132.88666666666666	129.42	125.07333333333334	118.67333333333333	107.66	0.0
0.0	108.08666666666667	119.07333333333334	125.47333333333333	129.89333333333335	132.70666666666668	136.02666666666667	138.24666666666667	139.86666666666667	141.86666666666667	143.32666666666665	144.71333333333334	145.54666666666665	146.47333333333333	147.52666666666667	148.13333333333333	148.44	149.27333333333334	149.92	150.60666666666665	150.70666666666668	151.01333333333332	151.42666666666668	151.90666666666667	152.86	152.78	153.16666666666666	153.42666666666668	153.64	154.66666666666666	154.74666666666667	154.87333333333333	154.78666666666666	155.2	155.69333333333333	155.06666666666666	154.58	154.52	154.25333333333333	154.10666666666665	154.40666666666667	154.38	154.33333333333334	153.46	153.51333333333332	153.73333333333332	153.4	153.14666666666668	153.00666666666666	152.36666666666667	151.93333333333334	151.56666666666666	151.1	150.48666666666668	149.78666666666666	149.1	148.75333333333333	148.34666666666666	147.0	146.39333333333335	144.81333333333333	143.88	142.66	141.20666666666668	139.56	137.78666666666666	135.22666666666666	132.56666666666666	129.56	124.94	119.42666666666666	108.24	0.0
0.0	108.61333333333333	119.7	125.82666666666667	130.11333333333334	133.16666666666666	135.9	138.20666666666668	140.20666666666668	141.88666666666666	143.01333333333332	144.96666666666667	146.08666666666667	147.15333333333334	147.99333333333334	148.94	149.48666666666668	149.89333333333335	150.76	151.32666666666665	151.49333333333334	152.10666666666665	151.98666666666668	152.44	153.02	153.20666666666668	153.86	153.87333333333333	154.10666666666665	154.26	154.62666666666667	154.80666666666667	155.26	155.77333333333334	155.57333333333332	155.64	155.4	154.93333333333334	154.52666666666667	155.10666666666665	154.54	154.26	154.42666666666668	154.0	153.96666666666667	153.48666666666668	153.26	153.27333333333334	152.52666666666667	152.42666666666668	152.06666666666666	151.39333333333335	151.40666666666667	151.33333333333334	150.26	149.74666666666667	148.83333333333334	148.24666666666667	147.44666666666666	146.50666666666666	145.14666666666668	144.16666666666666	142.89333333333335	141.97333333333333	140.12666666666667	138.09333333333333	135.32	133.23333333333332	129.84	125.94	119.34	108.03333333333333	0.0
0.0	107.77333333333333	119.06	125.38666666666667	129.92666666666668	133.45333333333335	135.99333333333334	138.3	139.78	141.27333333333334	142.76666666666668	144.67333333333335	145.77333333333334	146.31333333333333	146.97333333333333	148.24	149.3	149.98	150.5	150.79333333333332	151.78666666666666	151.93333333333334	152.73333333333332	153.32666666666665	153.66666666666666	154.04666666666665	154.26666666666668	154.35333333333332	154.66	155.05333333333334	154.66666666666666	154.79333333333332	154.9	155.04	155.51333333333332	154.92	154.96	154.94	155.19333333333333	155.52	155.01333333333332	155.22666666666666	155.60666666666665	155.43333333333334	154.78666666666666	154.14	154.29333333333332	153.48	153.44666666666666	152.64666666666668	152.32	151.94666666666666	151.52	151.16	150.08666666666667	149.44666666666666	148.98	148.06666666666666	146.90666666666667	146.12	145.54	144.43333333333334	143.46666666666667	141.81333333333333	140.0	137.98	135.74	133.18	129.79333333333332	125.18	118.77333333333333	107.84	0.0
0.0	107.66	118.70666666666666	125.16666666666667	129.94666666666666	133.35333333333332	135.88666666666666	137.66666666666666	139.57333333333332	141.2	142.82	143.90666666666667	145.36666666666667	145.97333333333333	147.19333333333333	148.08	148.46	148.95333333333335	150.05333333333334	151.14	151.12	151.37333333333333	152.48666666666668	152.36	152.78	153.21333333333334	153.28666666666666	153.34666666666666	153.47333333333333	153.66666666666666	154.01333333333332	153.7	154.10666666666665	154.14666666666668	154.31333333333333	154.63333333333333	154.62666666666667	154.80666666666667	154.76	154.88666666666666	155.04666666666665	154.38666666666666	154.08	153.82666666666665	153.33333333333334	153.15333333333334	153.38666666666666	153.15333333333334	152.92	152.34666666666666	152.08	151.65333333333334	151.26666666666668	150.96666666666667	150.19333333333333	149.16	148.59333333333333	147.78	147.33333333333334	145.88666666666666	145.24	143.98666666666668	142.39333333333335	141.38666666666666	140.04	138.3	136.28	133.17333333333335	130.09333333333333	125.72666666666667	119.28	108.13333333333334	0.0
0.0	108.16	118.98	125.14	129.62666666666667	133.35333333333332	135.82	138.50666666666666	140.36666666666667	141.63333333333333	143.05333333333334	144.18	145.29333333333332	146.51333333333332	147.19333333333333	147.65333333333334	148.72	149.3	149.78	150.5	151.22666666666666	151.48666666666668	152.16666666666666	152.83333333333334	152.80666666666667	153.06666666666666	153.61333333333334	153.9	154.32	154.48	154.82	154.91333333333333	154.61333333333334	155.03333333333333	155.58666666666667	155.38666666666666	155.34	155.24	154.78666666666666	154.49333333333334	155.02	155.22	154.64666666666668	154.64666666666668	154.36666666666667	154.22666666666666	153.88	153.34666666666666	153.16666666666666	152.73333333333332	153.02	152.76	151.95333333333335	151.20666666666668	150.20666666666668	149.46	148.82	148.31333333333333	147.57333333333332	146.44	145.53333333333333	144.41333333333333	142.64	141.15333333333334	139.61333333333334	137.64666666666668	135.54	132.99333333333334	129.45333333333335	125.40666666666667	118.56	107.37333333333333	0.0
0.0	108.15333333333334	119.09333333333333	124.72666666666667	129.42	132.92	135.69333333333333	137.98	139.76	141.38666666666666	142.46	144.04666666666665	145.54666666666665	146.42	147.34	147.86	148.79333333333332	149.64	149.96	151.07333333333332	151.32	151.9	151.86	152.37333333333333	153.21333333333334	154.12	153.66	154.38	154.58	154.62	154.65333333333334	154.54	154.92666666666668	154.96666666666667	155.00666666666666	154.78666666666666	155.08666666666667	155.40666666666667	155.42	155.23333333333332	155.58	155.23333333333332	154.82	154.44666666666666	154.6	154.31333333333333	153.63333333333333	153.28666666666666	153.44	152.92666666666668	152.58666666666667	152.42666666666668	151.54666666666665	150.78666666666666	150.33333333333334	149.77333333333334	149.07333333333332	148.72	147.8	146.91333333333333	145.24666666666667	144.31333333333333	143.48666666666668	142.04666666666665	140.24	137.83333333333334	135.94	133.2	129.72	125.40666666666667	119.19333333333333	107.90666666666667	0.0
0.0	107.54	118.91333333333333	125.3	129.01333333333332	132.57333333333332	135.13333333333333	137.56666666666666	139.36	141.18666666666667	142.56666666666666	144.19333333333333	144.92666666666668	146.46	146.92666666666668	147.42	148.02666666666667	148.78	149.16666666666666	149.82666666666665	150.58	150.94666666666666	151.75333333333333	152.25333333333333	152.56666666666666	152.62	152.90666666666667	153.55333333333334	154.33333333333334	154.49333333333334	154.48	155.02666666666667	155.08666666666667	155.08666666666667	155.05333333333334	154.7	154.84666666666666	154.83333333333334	155.46	155.08	154.76666666666668	154.73333333333332	154.93333333333334	154.98666666666668	154.78666666666666	153.97333333333333	153.94	154.02666666666667	152.84666666666666	153.34666666666666	152.40666666666667	151.76	151.26	150.70666666666668	150.18666666666667	149.27333333333334	147.67333333333335	147.3	146.56666666666666	146.02	144.4	143.88	142.42	140.99333333333334	139.94666666666666	137.86	136.06	133.31333333333333	129.87333333333333	125.22666666666667	118.91333333333333	108.01333333333334	0.0
0.0	108.07333333333334	118.99333333333334	125.56666666666666	129.9	133.11333333333334	135.87333333333333	138.30666666666667	140.12	141.64666666666668	143.3	144.04666666666665	145.04	145.97333333333333	147.24	147.88	148.63333333333333	149.13333333333333	149.62666666666667	150.28666666666666	151.03333333333333	151.21333333333334	151.59333333333333	152.41333333333333	152.38666666666666	152.97333333333333	153.65333333333334	153.82	154.22666666666666	153.84	154.6	155.03333333333333	154.91333333333333	154.7	154.54	154.29333333333332	154.3	154.43333333333334	153.84	153.61333333333334	154.44666666666666	154.34	153.82	154.14666666666668	153.91333333333333	154.04	153.76666666666668	153.38666666666666	152.93333333333334	152.67333333333335	151.76666666666668	151.63333333333333	150.65333333333334	150.29333333333332	150.12666666666667	149.62666666666667	149.01333333333332	147.54666666666665	146.81333333333333	146.14666666666668	144.94	144.23333333333332	142.4	141.28	139.75333333333333	137.74	135.88	133.49333333333334	130.52666666666667	125.48	119.04	108.25333333333333	0.0
0.0	107.4	118.96	124.78	129.46	132.83333333333334	135.24666666666667	137.28	139.18666666666667	140.71333333333334	142.17333333333335	143.40666666666667	144.18666666666667	145.64666666666668	145.98666666666668	147.28	147.82666666666665	148.82	149.58	149.76666666666668	150.92	150.88666666666666	151.26	151.62666666666667	152.2	152.46	152.68	153.50666666666666	153.66666666666666	153.67333333333335	153.36666666666667	153.8	153.21333333333334	153.89333333333335	153.62666666666667	154.38	154.49333333333334	154.22	154.26666666666668	154.22666666666666	154.35333333333332	154.19333333333333	154.18666666666667	153.75333333333333	153.44	153.81333333333333	153.57333333333332	152.9	152.61333333333334	152.07333333333332	151.83333333333334	150.68666666666667	150.43333333333334	149.68666666666667	149.45333333333335	148.63333333333333	148.06	147.12666666666667	146.72666666666666	145.81333333333333	144.44666666666666	143.75333333333333	142.73333333333332	140.98666666666668	139.98666666666668	137.64	135.65333333333334	132.78	129.31333333333333	125.02	118.85333333333334	107.64666666666666	0.0
0.0	108.16	119.65333333333334	125.96	130.90666666666667	134.3	136.46666666666667	138.26666666666668	140.60666666666665	141.73333333333332	142.96	144.14	145.72	146.49333333333334	147.22666666666666	148.55333333333334	149.14	149.22666666666666	150.05333333333334	150.36	151.42666666666668	151.37333333333333	151.80666666666667	152.46666666666667	153.04666666666665	153.68666666666667	153.84666666666666	154.00666666666666	153.70666666666668	153.76666666666668	154.18	154.04	154.68	154.58	154.12	154.38666666666666	155.06	154.54666666666665	154.51333333333332	154.29333333333332	154.22	154.02666666666667	154.14666666666668	153.93333333333334	153.7	153.66666666666666	153.37333333333333	153.02666666666667	152.54666666666665	152.20666666666668	152.12	151.6	151.04666666666665	150.47333333333333	150.60666666666665	150.04666666666665	148.86666666666667	147.68666666666667	146.94666666666666	145.69333333333333	144.96	143.9	143.04666666666665	141.31333333333333	139.56666666666666	137.9	135.99333333333334	133.72666666666666	129.96	125.64	119.38666666666667	108.00666666666666	0.0
0.0	108.33333333333333	118.86	125.44	129.93333333333334	132.86666666666667	135.94	138.3	140.0	141.6	142.71333333333334	144.09333333333333	145.12666666666667	146.34666666666666	146.74	147.77333333333334	148.48	149.34	149.47333333333333	150.61333333333334	151.26666666666668	151.56666666666666	152.43333333333334	152.36	153.08666666666667	152.91333333333333	153.36	153.73333333333332	153.6	153.97333333333333	154.51333333333332	154.64	154.82	155.3	155.41333333333333	155.66	155.45333333333335	155.42	154.83333333333334	155.25333333333333	155.33333333333334	154.52	154.4	154.37333333333333	154.38666666666666	153.88666666666666	153.69333333333333	154.17333333333335	153.24	152.92666666666668	152.08666666666667	151.46666666666667	150.99333333333334	150.38	149.58666666666667	149.58	148.71333333333334	147.52666666666667	146.78	146.19333333333333	144.96	143.48	142.28666666666666	141.34	139.76	137.94	135.85333333333332	132.99333333333334	129.86666666666667	125.56	119.13333333333334	107.83333333333333	0.0
0.0	107.94666666666667	118.89333333333333	125.37333333333333	129.34666666666666	132.98666666666668	135.80666666666667	137.82	139.83333333333334	141.75333333333333	143.14666666666668	144.55333333333334	145.96	146.95333333333335	147.87333333333333	148.2	148.92	149.51333333333332	150.2	150.73333333333332	150.68666666666667	151.61333333333334	151.94666666666666	152.2	152.58666666666667	153.25333333333333	153.7	153.38666666666666	153.90666666666667	154.17333333333335	154.34	154.34666666666666	154.4	153.96	154.14666666666668	154.54666666666665	154.29333333333332	154.54666666666665	154.55333333333334	154.34	154.48	154.66	154.31333333333333	154.31333333333333	153.60666666666665	153.72	153.12666666666667	152.98666666666668	152.45333333333335	151.97333333333333	152.14666666666668	151.76666666666668	151.58	150.2	149.94666666666666	149.00666666666666	148.71333333333334	147.98666666666668	146.84666666666666	146.04	144.82	143.92	142.76	141.92	139.10666666666665	137.56666666666666	135.24666666666667	133.08	129.66666666666666	125.46666666666667	119.26666666666667	107.82666666666667	0.0
0.0	107.40666666666667	118.40666666666667	124.8	129.30666666666667	132.04666666666665	135.04	137.28	139.18666666666667	140.96666666666667	142.36666666666667	143.58666666666667	144.85333333333332	145.80666666666667	146.79333333333332	147.69333333333333	148.29333333333332	149.2	149.4	149.22	150.06666666666666	150.45333333333335	151.18666666666667	151.19333333333333	151.91333333333333	152.38	152.90666666666667	153.20666666666668	154.0	153.88	154.19333333333333	154.00666666666666	154.06	154.60666666666665	154.76	154.59333333333333	154.40666666666667	154.28666666666666	154.0	153.94666666666666	154.19333333333333	154.07333333333332	153.86666666666667	153.96	153.35333333333332	153.33333333333334	153.36666666666667	153.04	152.40666666666667	151.92666666666668	151.72	150.84	150.11333333333334	149.6	149.17333333333335	148.49333333333334	147.70666666666668	147.34666666666666	146.83333333333334	145.63333333333333	144.64666666666668	143.83333333333334	142.58	141.19333333333333	139.56666666666666	137.40666666666667	134.74	132.35333333333332	129.35333333333332	125.16666666666667	119.04	107.54666666666667	0.0
0.0	107.97333333333333	118.91333333333333	125.4	129.99333333333334	133.52	136.40666666666667	138.54666666666665	140.22666666666666	141.5	143.55333333333334	144.54	145.94666666666666	146.78	147.62	148.22	149.36666666666667	149.96	150.54	151.31333333333333	151.89333333333335	152.22666666666666	152.74	153.05333333333334	153.14666666666668	154.06666666666666	154.02	154.0	154.40666666666667	154.77333333333334	154.39333333333335	154.88666666666666	155.58	155.50666666666666	155.58666666666667	155.66	155.88666666666666	155.58	155.46	155.76	155.39333333333335	155.34666666666666	155.16666666666666	155.02666666666667	155.04666666666665	153.89333333333335	154.12	153.50666666666666	152.89333333333335	152.95333333333335	152.22666666666666	151.74	151.55333333333334	150.88666666666666	151.01333333333332	150.50666666666666	149.77333333333334	148.61333333333334	147.52666666666667	146.51333333333332	145.60666666666665	144.49333333333334	143.16	142.22	140.29333333333332	138.38	135.76666666666668	133.14	130.29333333333332	126.02	119.36	107.9	0.0
0.0	107.94666666666667	119.51333333333334	125.36	129.78666666666666	133.22	135.58666666666667	138.38666666666666	140.15333333333334	141.98	142.94	144.40666666666667	144.98	145.79333333333332	147.26666666666668	148.56666666666666	148.99333333333334	149.13333333333333	149.92	150.40666666666667	151.03333333333333	151.78	152.0	152.50666666666666	152.98	152.82666666666665	153.48	153.98	153.93333333333334	153.91333333333333	154.23333333333332	153.85333333333332	154.06666666666666	154.13333333333333	154.2	154.17333333333335	154.84666666666666	154.52	154.56666666666666	154.80666666666667	154.23333333333332	154.2	154.0	154.01333333333332	154.16	153.70666666666668	153.40666666666667	153.18	152.6	152.39333333333335	151.99333333333334	151.45333333333335	151.08	150.66	150.07333333333332	150.07333333333332	149.03333333333333	148.04666666666665	146.96666666666667	145.92	145.63333333333333	143.58666666666667	142.59333333333333	141.02	139.36666666666667	137.59333333333333	135.65333333333334	132.84666666666666	129.94	125.28	118.55333333333333	107.72666666666667	0.0
0.0	108.19333333333333	118.8	125.36666666666666	129.79333333333332	132.81333333333333	136.16	137.89333333333335	139.32	141.44666666666666	142.72666666666666	143.81333333333333	144.14666666666668	146.0	146.94	147.9	148.37333333333333	149.09333333333333	150.01333333333332	151.03333333333333	151.22	151.75333333333333	151.79333333333332	152.32	152.94666666666666	153.00666666666666	153.26666666666668	153.88	153.9	154.36666666666667	154.28666666666666	154.84	154.36666666666667	154.52666666666667	154.54	154.77333333333334	154.99333333333334	155.06666666666666	155.26	154.96	154.88666666666666	155.24	154.68666666666667	154.32	154.09333333333333	153.75333333333333	152.88666666666666	152.83333333333334	152.82	152.68666666666667	152.04666666666665	151.88666666666666	151.53333333333333	150.79333333333332	150.16	149.5	148.73333333333332	148.10666666666665	147.46666666666667	146.71333333333334	146.13333333333333	144.74	143.73333333333332	142.48666666666668	140.5	138.49333333333334	136.26	133.41333333333333	130.45333333333335	125.55333333333333	119.13333333333334	108.10666666666667	0.0
0.0	107.89333333333333	118.8	125.24	129.59333333333333	132.98	135.92666666666668	137.88666666666666	139.99333333333334	141.81333333333333	142.49333333333334	143.50666666666666	144.7	146.10666666666665	146.92	147.45333333333335	148.28	149.24	150.26666666666668	150.86666666666667	151.09333333333333	151.68666666666667	152.28	152.56	153.02666666666667	153.32666666666665	154.18	154.08	154.4	154.37333333333333	154.41333333333333	154.94	154.58666666666667	155.03333333333333	154.44666666666666	154.73333333333332	154.86666666666667	154.50666666666666	154.55333333333334	154.40666666666667	155.07333333333332	154.49333333333334	153.96	154.02	153.42	152.71333333333334	152.44666666666666	151.94666666666666	152.36666666666667	151.91333333333333	151.52666666666667	151.14	151.02666666666667	150.36666666666667	150.29333333333332	149.63333333333333	149.08666666666667	148.1	147.32	146.1	145.44	144.44	143.62	141.96	140.1	138.36	136.04	133.48	129.98	125.5	119.08666666666667	107.58666666666667	0.0
0.0	107.7	118.66	125.22	129.83333333333334	133.31333333333333	135.57333333333332	138.08666666666667	139.30666666666667	140.88666666666666	142.52	143.52666666666667	144.56666666666666	145.63333333333333	146.68	147.08	148.08666666666667	148.82666666666665	149.51333333333332	149.83333333333334	150.15333333333334	150.67333333333335	151.50666666666666	151.85333333333332	151.75333333333333	152.44	152.95333333333335	153.11333333333334	154.05333333333334	153.84	153.75333333333333	154.06	153.64666666666668	153.98666666666668	154.16666666666666	154.51333333333332	154.62666666666667	154.35333333333332	154.62	154.76	154.28	154.58666666666667	154.29333333333332	154.0	153.66666666666666	154.17333333333335	153.80666666666667	153.08	152.8	152.29333333333332	151.81333333333333	151.14	150.94666666666666	150.86666666666667	149.98666666666668	149.48	148.72666666666666	148.11333333333334	147.30666666666667	146.24	144.93333333333334	144.15333333333334	143.35333333333332	141.84	139.94666666666666	137.92	135.76	132.78666666666666	130.02666666666667	126.00666666666666	119.24	108.17333333333333	0.0
0.0	108.05333333333333	119.3	125.66666666666667	130.30666666666667	133.68	137.1	139.16	140.81333333333333	142.42666666666668	143.83333333333334	145.02	145.94666666666666	147.42666666666668	148.28	149.06	149.97333333333333	150.48	150.85333333333332	151.64666666666668	151.78666666666666	152.78666666666666	152.77333333333334	153.3	153.26666666666668	153.26666666666668	153.37333333333333	154.32666666666665	154.70666666666668	154.96	155.34	155.17333333333335	155.65333333333334	155.72666666666666	155.68	156.34	156.07333333333332	156.52	155.62	155.76666666666668	155.76	155.2	155.49333333333334	155.4	155.09333333333333	154.18666666666667	154.11333333333334	153.75333333333333	153.40666666666667	153.23333333333332	152.86666666666667	152.46	151.86666666666667	151.31333333333333	150.96666666666667	150.18666666666667	149.66666666666666	148.35333333333332	147.82666666666665	146.74666666666667	145.58	144.65333333333334	143.21333333333334	141.49333333333334	140.23333333333332	138.44666666666666	135.82	133.28666666666666	129.82	124.76	118.77333333333333	107.60666666666667	0.0
0.0	108.43333333333334	119.37333333333333	125.67333333333333	130.36	133.45333333333335	135.72	138.24666666666667	139.62	141.64666666666668	143.40666666666667	144.76	145.39333333333335	146.52666666666667	147.56666666666666	147.84666666666666	148.51333333333332	149.22	150.33333333333334	150.72	151.48	151.74	151.86	153.03333333333333	153.34666666666666	153.5	153.62	153.59333333333333	154.36	154.27333333333334	154.27333333333334	154.53333333333333	154.66666666666666	155.03333333333333	155.05333333333334	155.07333333333332	154.69333333333333	154.39333333333335	154.27333333333334	154.66	154.63333333333333	154.22666666666666	153.92	153.84	153.56	153.50666666666666	152.82	152.52	153.00666666666666	153.01333333333332	152.30666666666667	151.87333333333333	151.84666666666666	151.24666666666667	150.36	149.49333333333334	148.96	147.6	147.4	146.46666666666667	145.10666666666665	144.34666666666666	142.71333333333334	141.36666666666667	139.62	137.46	135.32	133.06	129.52666666666667	125.18666666666667	118.78666666666666	107.97333333333333	0.0
0.0	107.48666666666666	118.71333333333334	125.36666666666666	129.31333333333333	133.04666666666665	135.35333333333332	137.34	139.23333333333332	140.74666666666667	142.60666666666665	143.95333333333335	145.12	146.26	147.17333333333335	148.27333333333334	149.23333333333332	149.66666666666666	150.22	150.6	151.03333333333333	151.98666666666668	152.17333333333335	153.08666666666667	153.34666666666666	153.92666666666668	154.21333333333334	154.56666666666666	154.22	154.80666666666667	155.56666666666666	155.10666666666665	155.29333333333332	154.82666666666665	155.54666666666665	155.2	155.86	155.7	155.12666666666667	155.20666666666668	155.24666666666667	155.02666666666667	154.78666666666666	154.18666666666667	154.54	154.65333333333334	154.42666666666668	153.70666666666668	153.31333333333333	152.52666666666667	152.08	151.56666666666666	151.78	151.44666666666666	150.56666666666666	149.6	149.19333333333333	148.27333333333334	147.58	146.21333333333334	145.22666666666666	143.70666666666668	142.53333333333333	141.32	139.81333333333333	137.93333333333334	135.78666666666666	133.04666666666665	129.64	125.46	118.96	107.84666666666666	0.0
0.0	107.74666666666667	118.62	125.48	129.88	133.03333333333333	136.29333333333332	138.05333333333334	139.91333333333333	141.72666666666666	142.74	144.40666666666667	145.59333333333333	146.12666666666667	147.34	148.26	149.1	149.86666666666667	150.40666666666667	151.60666666666665	151.93333333333334	151.72666666666666	152.58666666666667	152.98	153.66	154.28	154.24666666666667	154.22	154.0	154.57333333333332	154.55333333333334	155.04	154.89333333333335	155.51333333333332	155.21333333333334	155.19333333333333	155.39333333333335	155.24666666666667	154.94	154.8	155.02	155.04	154.86666666666667	154.88666666666666	154.46666666666667	154.16666666666666	153.99333333333334	153.47333333333333	153.2	152.82	152.84	152.48	151.74	150.60666666666665	150.29333333333332	149.23333333333332	148.54	147.96	147.26	146.58	144.90666666666667	144.01333333333332	143.11333333333334	141.8	140.16666666666666	138.16	136.18	133.12	129.45333333333335	125.20666666666666	118.85333333333334	107.62	0.0
0.0	107.78666666666666	119.16	125.44666666666667	129.78	132.71333333333334	135.6	137.44	139.34	141.40666666666667	142.48666666666668	144.0	145.06666666666666	145.58	147.32	147.97333333333333	149.12666666666667	149.93333333333334	150.42	151.26666666666668	151.14	151.66	152.15333333333334	152.02666666666667	152.32	152.97333333333333	152.86	153.48	153.69333333333333	153.96	153.6	154.83333333333334	154.8	154.68	154.77333333333334	155.21333333333334	155.25333333333333	154.84666666666666	154.62666666666667	154.87333333333333	154.38666666666666	154.57333333333332	154.08	153.76666666666668	153.46	153.10666666666665	153.2	153.41333333333333	152.81333333333333	152.96	151.80666666666667	152.06	151.03333333333333	150.75333333333333	150.22	149.80666666666667	148.21333333333334	147.8	146.88	145.82666666666665	144.77333333333334	143.33333333333334	142.04666666666665	140.5	139.33333333333334	137.32	134.88	132.65333333333334	129.3	124.93333333333334	118.54	107.7	0.0
0.0	107.98666666666666	119.28666666666666	125.5	129.50666666666666	132.60666666666665	134.99333333333334	137.21333333333334	139.22666666666666	140.83333333333334	142.56	143.70666666666668	144.63333333333333	145.56	146.52666666666667	147.67333333333335	148.8	149.79333333333332	149.82666666666665	150.28	150.8	151.16666666666666	152.06	151.92	152.62666666666667	153.40666666666667	153.45333333333335	153.46666666666667	154.13333333333333	153.67333333333335	155.22	154.4	154.19333333333333	154.38666666666666	154.3	154.68666666666667	154.66666666666666	155.14	155.3	155.02	154.52	154.6	154.33333333333334	154.03333333333333	153.68666666666667	153.53333333333333	153.62666666666667	153.12	152.72	152.5	151.88666666666666	151.54	151.43333333333334	150.72	150.24	149.38	148.68666666666667	148.10666666666665	147.68	146.21333333333334	145.42666666666668	144.02666666666667	142.35333333333332	141.38666666666666	140.02666666666667	138.52	136.15333333333334	133.93333333333334	130.13333333333333	125.69333333333333	119.62666666666667	108.1	0.0
0.0	107.72666666666667	118.49333333333334	125.04666666666667	129.52666666666667	132.52666666666667	135.26	137.47333333333333	139.51333333333332	140.5	141.81333333333333	143.90666666666667	144.86666666666667	145.92	146.08666666666667	147.22666666666666	147.99333333333334	148.43333333333334	149.29333333333332	149.72	150.33333333333334	150.96	151.49333333333334	151.74	152.17333333333335	152.5	152.02	153.14	152.96	153.09333333333333	153.34	153.21333333333334	153.62	153.72	153.79333333333332	153.90666666666667	154.14	154.12	153.94	153.77333333333334	153.86666666666667	153.72	153.88	153.34666666666666	153.41333333333333	153.14	153.28666666666666	153.24666666666667	152.56666666666666	152.46	151.82666666666665	151.45333333333335	150.62	150.54	149.5	149.04	147.96666666666667	147.52	146.70666666666668	145.96666666666667	145.05333333333334	143.34	142.72	142.05333333333334	140.02666666666667	137.32666666666665	135.65333333333334	132.55333333333334	129.54	125.66666666666667	119.14666666666666	107.94666666666667	0.0
0.0	107.75333333333333	118.58666666666667	125.18666666666667	129.10666666666665	133.13333333333333	136.10666666666665	138.04	139.61333333333334	141.08666666666667	142.67333333333335	144.1	145.37333333333333	145.80666666666667	147.03333333333333	148.1	148.36666666666667	149.46666666666667	150.11333333333334	150.45333333333335	151.51333333333332	151.32666666666665	151.58666666666667	152.33333333333334	153.31333333333333	153.54666666666665	154.01333333333332	153.78	153.98	153.98	154.30666666666667	154.86	155.04666666666665	155.14666666666668	154.98	154.73333333333332	155.14	154.85333333333332	154.84666666666666	154.51333333333332	154.61333333333334	154.35333333333332	153.31333333333333	154.06666666666666	154.14666666666668	153.71333333333334	153.22	153.56666666666666	153.31333333333333	152.45333333333335	152.02	152.06666666666666	151.53333333333333	150.58666666666667	150.14666666666668	149.58	149.03333333333333	148.28	147.65333333333334	146.95333333333335	146.02	144.81333333333333	142.96	141.55333333333334	140.24666666666667	138.14666666666668	136.3	133.34666666666666	130.04	125.58666666666667	119.8	108.12666666666667	0.0
0.0	108.18	119.12	125.37333333333333	129.94	133.38	136.41333333333333	138.4	140.28666666666666	142.28666666666666	143.89333333333335	145.46	146.18666666666667	147.38	147.98666666666668	148.98666666666668	149.80666666666667	150.61333333333334	150.96666666666667	151.71333333333334	152.15333333333334	152.52666666666667	153.08666666666667	153.04	153.52	153.86666666666667	154.59333333333333	154.29333333333332	154.56666666666666	154.51333333333332	154.82666666666665	154.8	154.94	154.19333333333333	154.76666666666668	154.77333333333334	155.62	155.11333333333334	155.86	155.24666666666667	155.04666666666665	154.96	154.82	154.74666666666667	154.49333333333334	154.18666666666667	153.68666666666667	153.48666666666668	153.38666666666666	152.7	152.72	152.01333333333332	151.72666666666666	150.95333333333335	150.00666666666666	149.79333333333332	148.87333333333333	147.94	147.06	146.42666666666668	145.4	144.43333333333334	143.32666666666665	141.84666666666666	140.03333333333333	138.44666666666666	136.54	133.86666666666667	130.8	126.24666666666667	120.07333333333334	107.89333333333333	0.0
0.0	107.79333333333334	119.29333333333334	125.24	129.64666666666668	133.0	136.14666666666668	138.10666666666665	139.76	141.44666666666666	143.00666666666666	144.11333333333334	145.1	146.57333333333332	147.30666666666667	147.90666666666667	148.88	149.42666666666668	150.56	150.68666666666667	151.28666666666666	151.78	152.38666666666666	152.7	153.1	153.49333333333334	154.05333333333334	153.68	153.9	153.87333333333333	154.29333333333332	154.14666666666668	154.18666666666667	154.39333333333335	155.14	154.81333333333333	154.92666666666668	155.03333333333333	154.82	155.08666666666667	154.9	155.12	154.84	154.66	154.12	153.94666666666666	153.46	152.39333333333335	152.94666666666666	152.28666666666666	152.08	151.12666666666667	150.86	150.02	149.24	149.62666666666667	148.33333333333334	147.58666666666667	146.76666666666668	146.08	144.54	143.65333333333334	143.1	141.54666666666665	139.85333333333332	137.46666666666667	135.27333333333334	132.78	129.58	125.26666666666667	119.02666666666667	107.42	0.0
0.0	108.04666666666667	119.14	125.48666666666666	129.84666666666666	132.15333333333334	135.61333333333334	137.40666666666667	139.20666666666668	141.29333333333332	142.62	144.10666666666665	145.06	145.99333333333334	146.98666666666668	148.46	148.38	149.39333333333335	149.33333333333334	150.23333333333332	151.00666666666666	151.33333333333334	152.05333333333334	152.67333333333335	152.90666666666667	153.48666666666668	153.68666666666667	153.52666666666667	154.14	153.76666666666668	154.01333333333332	154.16666666666666	154.15333333333334	154.59333333333333	154.46	155.44666666666666	155.30666666666667	155.01333333333332	155.12666666666667	154.88666666666666	155.30666666666667	155.12666666666667	155.07333333333332	154.4	154.36	153.86	153.51333333333332	153.19333333333333	152.89333333333335	152.44666666666666	152.20666666666668	151.36	150.60666666666665	150.16	149.38666666666666	149.00666666666666	147.98	147.82666666666665	146.17333333333335	145.49333333333334	144.97333333333333	144.18666666666667	142.72666666666666	141.12666666666667	139.89333333333335	138.16	135.74	133.41333333333333	129.79333333333332	125.54	118.93333333333334	107.75333333333333	0.0
0.0	107.99333333333334	118.72666666666667	125.03333333333333	129.66666666666666	133.62	136.10666666666665	138.26	140.14	141.73333333333332	142.97333333333333	144.11333333333334	145.12666666666667	145.51333333333332	147.32666666666665	147.78666666666666	148.83333333333334	149.44	149.91333333333333	150.81333333333333	150.91333333333333	152.11333333333334	152.74666666666667	152.92666666666668	153.27333333333334	153.42666666666668	154.16666666666666	154.1	155.03333333333333	154.49333333333334	154.67333333333335	154.80666666666667	154.84666666666666	155.01333333333332	154.88666666666666	154.96	154.74	154.66666666666666	153.88	154.92666666666668	154.36	154.86666666666667	154.53333333333333	154.53333333333333	154.33333333333334	153.78	153.86	153.65333333333334	153.62666666666667	152.64	152.52666666666667	152.0	151.24	150.55333333333334	149.53333333333333	149.55333333333334	148.44666666666666	147.74	147.33333333333334	146.60666666666665	145.68	144.60666666666665	143.09333333333333	141.46	140.00666666666666	138.30666666666667	135.50666666666666	132.61333333333334	129.26666666666668	125.39333333333333	119.34666666666666	107.76666666666667	0.0
0.0	107.45333333333333	118.38	125.23333333333333	129.58	133.23333333333332	136.06666666666666	138.26	139.73333333333332	141.26	142.57333333333332	143.78	145.28666666666666	145.84666666666666	147.08	147.85333333333332	148.15333333333334	148.93333333333334	149.54	149.94	151.00666666666666	151.00666666666666	151.52666666666667	152.06	152.42	152.54	153.44	153.57333333333332	153.96666666666667	153.81333333333333	154.81333333333333	154.58666666666667	155.45333333333335	155.72	155.5	155.6	155.62666666666667	155.5	155.48	155.16666666666666	155.22666666666666	154.75333333333333	154.16666666666666	154.16	154.4	154.16666666666666	153.79333333333332	154.06666666666666	153.21333333333334	153.16666666666666	152.8	152.66666666666666	151.85333333333332	151.44	150.63333333333333	149.8	149.3	148.99333333333334	148.62	147.21333333333334	146.24666666666667	144.48666666666668	143.86	142.28	140.15333333333334	138.29333333333332	136.04666666666665	133.26666666666668	130.44666666666666	125.48	118.74666666666667	107.74	0.0
0.0	107.49333333333334	118.90666666666667	125.11333333333333	129.30666666666667	133.04666666666665	135.37333333333333	137.54	140.3	141.54666666666665	142.85333333333332	144.01333333333332	145.04666666666665	146.28	147.36	147.56	148.21333333333334	149.19333333333333	149.63333333333333	150.2	150.58	150.88666666666666	151.42666666666668	152.12666666666667	152.74	153.25333333333333	152.79333333333332	153.27333333333334	153.64	153.82666666666665	153.9	154.45333333333335	154.4	154.54666666666665	154.6	154.81333333333333	154.08	154.0	153.98	154.03333333333333	153.49333333333334	153.56666666666666	153.08666666666667	153.34666666666666	153.46666666666667	153.33333333333334	152.62	152.70666666666668	152.69333333333333	152.74666666666667	152.36	150.99333333333334	150.89333333333335	150.32	149.79333333333332	148.95333333333335	148.47333333333333	148.42666666666668	147.80666666666667	146.81333333333333	145.36	143.96	142.87333333333333	141.21333333333334	139.7	137.80666666666667	135.1	132.6	129.75333333333333	125.35333333333334	118.64666666666666	108.19333333333333	0.0
0.0	107.56	118.94	126.14	130.17333333333335	133.07333333333332	135.98	138.08666666666667	139.66	141.16666666666666	143.56666666666666	144.62	145.44	146.30666666666667	147.54	147.94	148.55333333333334	149.65333333333334	150.3	151.26	151.58	152.13333333333333	152.57333333333332	153.63333333333333	153.58	153.80666666666667	153.82666666666665	154.72666666666666	154.40666666666667	154.98666666666668	155.52666666666667	155.16	155.47333333333333	155.51333333333332	155.68666666666667	155.38	155.45333333333335	155.44	155.64666666666668	155.54666666666665	155.32	155.13333333333333	154.75333333333333	155.57333333333332	154.78666666666666	154.7	154.84666666666666	154.32666666666665	154.04	153.5	153.26	153.08666666666667	152.18666666666667	151.64666666666668	151.08666666666667	150.95333333333335	149.88666666666666	148.76666666666668	147.78666666666666	146.57333333333332	146.16	144.82	143.42666666666668	141.52	140.83333333333334	138.63333333333333	136.24666666666667	133.75333333333333	130.42666666666668	126.24666666666667	119.74666666666667	108.24666666666667	0.0
0.0	107.28	118.89333333333333	125.78666666666666	129.99333333333334	133.00666666666666	135.46	137.39333333333335	139.52	141.46	143.20666666666668	144.46666666666667	145.53333333333333	146.66	147.63333333333333	148.38	148.92666666666668	149.98	150.4	151.08	151.74666666666667	152.38	152.51333333333332	153.34666666666666	153.68666666666667	154.14	154.71333333333334	154.45333333333335	155.41333333333333	155.94	155.88666666666666	156.34	156.26666666666668	155.67333333333335	155.78666666666666	155.60666666666665	155.32	154.87333333333333	155.01333333333332	154.74	154.94	154.46	154.80666666666667	154.80666666666667	154.21333333333334	154.33333333333334	153.9	153.49333333333334	152.88666666666666	152.90666666666667	152.03333333333333	151.51333333333332	151.07333333333332	150.66	149.76	149.22666666666666	148.4	147.74	147.11333333333334	146.22	144.88	144.19333333333333	142.5	140.84	139.56	137.69333333333333	135.46666666666667	132.54	129.78	125.4	118.92	107.59333333333333	0.0
0.0	107.72666666666667	118.1	125.21333333333334	129.99333333333334	133.43333333333334	135.83333333333334	138.45333333333335	140.09333333333333	141.22666666666666	142.96	144.18	145.41333333333333	146.91333333333333	147.10666666666665	147.94666666666666	148.65333333333334	148.32	149.52666666666667	149.94	150.88	150.68666666666667	151.86	151.8	152.56	152.32	152.3	153.04	153.29333333333332	153.17333333333335	153.73333333333332	154.55333333333334	154.41333333333333	154.52666666666667	154.24666666666667	154.08666666666667	154.64666666666668	154.83333333333334	154.37333333333333	154.56666666666666	154.51333333333332	154.62	154.34	154.20666666666668	153.76666666666668	153.15333333333334	153.28	153.37333333333333	152.66	152.58	152.08	151.2	151.37333333333333	150.43333333333334	150.0	149.42666666666668	148.8	148.27333333333334	147.26666666666668	146.47333333333333	145.33333333333334	144.42	143.36	141.94	140.41333333333333	139.00666666666666	136.36	133.48666666666668	129.65333333333334	125.9	119.67333333333333	108.23333333333333	0.0
0.0	108.10666666666667	119.25333333333333	125.74	130.12666666666667	133.82666666666665	136.25333333333333	138.46	140.24666666666667	141.75333333333333	143.07333333333332	144.07333333333332	145.28666666666666	146.82666666666665	147.02	147.52666666666667	148.66	148.97333333333333	149.84666666666666	150.34666666666666	150.80666666666667	151.78	152.22666666666666	152.28666666666666	152.7	152.93333333333334	153.83333333333334	153.74	153.86	153.74	154.26	154.67333333333335	154.27333333333334	154.28666666666666	153.88	153.81333333333333	154.34	154.77333333333334	154.72	154.16666666666666	154.6	154.47333333333333	154.59333333333333	154.30666666666667	153.78	153.56666666666666	153.58	152.90666666666667	152.57333333333332	152.48	152.1	151.25333333333333	150.81333333333333	150.34666666666666	149.86	148.83333333333334	148.08	147.58666666666667	146.97333333333333	146.15333333333334	145.26666666666668	144.18666666666667	142.97333333333333	141.08666666666667	139.79333333333332	137.62	135.49333333333334	132.45333333333335	129.58666666666667	125.48	119.0	107.8	0.0
0.0	107.57333333333334	118.34666666666666	125.5	129.94666666666666	133.30666666666667	135.92666666666668	138.64666666666668	139.96666666666667	141.71333333333334	142.82666666666665	144.51333333333332	145.62666666666667	146.50666666666666	147.85333333333332	148.64666666666668	148.70666666666668	149.31333333333333	150.45333333333335	150.49333333333334	151.29333333333332	152.0	152.72	152.21333333333334	152.81333333333333	153.16	153.58	153.86	154.30666666666667	154.06	154.31333333333333	154.67333333333335	154.98666666666668	154.84666666666666	155.2	154.96	155.20666666666668	154.86	155.30666666666667	155.46666666666667	154.82	154.65333333333334	154.52666666666667	154.20666666666668	154.44	154.28666666666666	153.48666666666668	153.60666666666665	153.34	152.74	152.16	151.56	151.2	150.57333333333332	149.6	149.55333333333334	148.49333333333334	147.94	147.08666666666667	146.08	145.04	143.86666666666667	142.50666666666666	140.97333333333333	139.97333333333333	138.19333333333333	135.90666666666667	133.18666666666667	130.20666666666668	125.76	119.32	107.97333333333333	0.0
0.0	107.30666666666667	119.18	125.4	129.08	132.68666666666667	135.16666666666666	137.22666666666666	139.43333333333334	141.03333333333333	142.64666666666668	143.69333333333333	144.32666666666665	145.26	146.36666666666667	147.37333333333333	147.94	148.84666666666666	148.99333333333334	149.60666666666665	150.55333333333334	151.33333333333334	151.40666666666667	152.26	152.98	153.2	153.19333333333333	153.09333333333333	153.94666666666666	153.71333333333334	153.66666666666666	153.88666666666666	154.02	153.68666666666667	154.00666666666666	154.48	154.65333333333334	154.6	154.88666666666666	154.88666666666666	154.63333333333333	155.04	154.34666666666666	153.96	153.50666666666666	153.52	153.1	153.41333333333333	153.11333333333334	152.89333333333335	152.26	151.90666666666667	150.80666666666667	150.33333333333334	149.86666666666667	149.23333333333332	148.57333333333332	147.85333333333332	147.44	146.25333333333333	145.57333333333332	144.52	143.26	141.33333333333334	139.72666666666666	138.22666666666666	135.40666666666667	133.15333333333334	130.27333333333334	125.83333333333333	118.94666666666667	107.86	0.0
0.0	107.84	118.91333333333333	125.28666666666666	129.76	132.57333333333332	135.72	138.40666666666667	140.02666666666667	141.50666666666666	142.74666666666667	143.66	144.91333333333333	146.28	147.14	147.58	148.07333333333332	149.65333333333334	150.57333333333332	150.98	150.90666666666667	151.14	151.59333333333333	152.57333333333332	153.27333333333334	153.34	153.62666666666667	153.92666666666668	153.99333333333334	154.35333333333332	154.54	154.89333333333335	154.26	154.78	154.88	154.98	155.27333333333334	155.68666666666667	155.26666666666668	154.7	154.9	154.56	154.24666666666667	154.17333333333335	153.74	153.52666666666667	153.44666666666666	153.38	152.98666666666668	152.78	152.59333333333333	151.99333333333334	151.65333333333334	151.25333333333333	150.65333333333334	150.12	149.74	148.01333333333332	147.25333333333333	146.50666666666666	145.24	144.24666666666667	142.82	141.9	140.18666666666667	138.42	136.33333333333334	133.64	130.48666666666668	126.00666666666666	119.50666666666666	107.93333333333334	0.0
0.0	107.71333333333334	119.21333333333334	125.50666666666666	130.02666666666667	133.23333333333332	135.74	138.08666666666667	139.69333333333333	141.2	142.72	143.82666666666665	144.98666666666668	145.80666666666667	146.93333333333334	146.86	148.16666666666666	148.58	149.30666666666667	149.95333333333335	150.32666666666665	150.57333333333332	150.93333333333334	151.52666666666667	151.36666666666667	151.32	151.68	151.70666666666668	151.92666666666668	152.35333333333332	152.16666666666666	152.87333333333333	152.89333333333335	153.16666666666666	152.82666666666665	152.32	152.44	152.46	152.74666666666667	152.68	152.56666666666666	152.23333333333332	152.28	151.85333333333332	151.76666666666668	151.98	151.54666666666665	150.80666666666667	151.16	150.52666666666667	150.41333333333333	150.01333333333332	149.74	149.28666666666666	148.75333333333333	148.24666666666667	147.57333333333332	146.84	146.42666666666668	145.9	144.97333333333333	143.52666666666667	142.26666666666668	140.71333333333334	139.12666666666667	137.19333333333333	135.34666666666666	132.66	129.23333333333332	125.16	118.44666666666667	107.86666666666666	0.0
0.0	108.15333333333334	119.06666666666666	125.36	129.37333333333333	132.77333333333334	136.32	138.40666666666667	139.67333333333335	141.40666666666667	142.86	144.15333333333334	145.35333333333332	146.50666666666666	147.30666666666667	147.73333333333332	148.67333333333335	148.89333333333335	150.0	150.86666666666667	151.20666666666668	151.57333333333332	151.98	152.84	153.43333333333334	153.50666666666666	153.76666666666668	153.59333333333333	153.69333333333333	153.87333333333333	154.37333333333333	154.53333333333333	154.54	154.14666666666668	154.52	154.6	155.05333333333334	154.6	155.17333333333335	155.04	154.90666666666667	155.02	154.52	153.93333333333334	154.14666666666668	153.68666666666667	152.87333333333333	152.45333333333335	152.84	151.8	151.14	150.70666666666668	150.8	150.25333333333333	149.56	148.86666666666667	148.52	147.74666666666667	146.9	146.01333333333332	145.42	143.93333333333334	142.29333333333332	141.32666666666665	139.42666666666668	137.82	135.8	133.54	130.16	125.88	119.54	107.68666666666667	0.0
0.0	107.66	118.94666666666667	125.64666666666666	129.8	133.02	135.66666666666666	138.0	139.44	140.64666666666668	142.92	143.66	144.95333333333335	145.96	147.12	148.06	148.64	149.31333333333333	149.82	150.64	151.5	152.66	152.59333333333333	153.69333333333333	153.36666666666667	154.16666666666666	154.55333333333334	154.64	154.84666666666666	154.8	154.69333333333333	154.96	154.82666666666665	155.04	154.68666666666667	154.87333333333333	154.70666666666668	154.76666666666668	154.20666666666668	154.88	154.47333333333333	154.31333333333333	154.45333333333335	153.56666666666666	153.98666666666668	153.5	152.56	153.01333333333332	152.49333333333334	152.49333333333334	152.29333333333332	151.78666666666666	151.78666666666666	151.00666666666666	149.91333333333333	149.54	148.70666666666668	147.81333333333333	146.86666666666667	146.06	145.2	143.74666666666667	142.95333333333335	141.24666666666667	139.89333333333335	137.32666666666665	135.64	132.66	129.51333333333332	125.20666666666666	118.86	108.06666666666666	0.0
0.0	107.94	119.29333333333334	125.29333333333334	129.64	132.88666666666666	135.53333333333333	137.79333333333332	139.6	141.62666666666667	143.00666666666666	144.10666666666665	144.9	146.09333333333333	146.61333333333334	147.81333333333333	149.01333333333332	149.64666666666668	150.55333333333334	150.54	150.96666666666667	151.06	151.9	152.29333333333332	153.39333333333335	153.3	153.62666666666667	154.01333333333332	154.6	154.22	154.58666666666667	155.32	154.96666666666667	155.13333333333333	155.1	155.04666666666665	154.59333333333333	155.02666666666667	155.24666666666667	155.16	154.63333333333333	154.61333333333334	154.49333333333334	154.10666666666665	154.12666666666667	153.34	153.68666666666667	153.88	152.99333333333334	152.11333333333334	152.22666666666666	152.01333333333332	150.83333333333334	150.59333333333333	149.58666666666667	148.86666666666667	147.74	147.74	146.77333333333334	145.67333333333335	144.74666666666667	143.77333333333334	142.42666666666668	141.25333333333333	139.06	138.16	135.48	133.17333333333335	129.08666666666667	125.31333333333333	118.73333333333333	107.52666666666667	0.0
0.0	108.30666666666667	119.31333333333333	125.66666666666667	129.99333333333334	133.12	135.98666666666668	137.50666666666666	139.87333333333333	141.89333333333335	143.28666666666666	144.56666666666666	145.7	146.92666666666668	147.39333333333335	148.44666666666666	149.06666666666666	150.02	150.97333333333333	150.89333333333335	151.66666666666666	152.02666666666667	152.82666666666665	152.49333333333334	153.32	153.6	154.13333333333333	154.21333333333334	154.32666666666665	154.37333333333333	154.62	154.66	154.90666666666667	153.80666666666667	154.49333333333334	154.26666666666668	154.38	154.24	154.24666666666667	154.25333333333333	154.09333333333333	154.46	153.92	153.51333333333332	153.58	153.24666666666667	152.33333333333334	152.04	152.17333333333335	151.65333333333334	151.02	150.53333333333333	150.12666666666667	150.1	149.94	149.36	149.14	148.18666666666667	146.82666666666665	146.02	145.28666666666666	144.36	142.38666666666666	140.83333333333334	139.52	138.14	135.84666666666666	133.09333333333333	130.15333333333334	125.76	118.56	108.02666666666667	0.0
0.0	107.77333333333333	119.18666666666667	125.3	129.93333333333334	133.24666666666667	136.41333333333333	138.46	140.13333333333333	141.93333333333334	143.61333333333334	144.65333333333334	145.72666666666666	146.79333333333332	147.90666666666667	148.63333333333333	149.21333333333334	150.04	150.67333333333335	151.45333333333335	151.35333333333332	151.66666666666666	152.45333333333335	152.99333333333334	153.54666666666665	153.74	153.83333333333334	154.22666666666666	154.34666666666666	154.81333333333333	155.35333333333332	155.73333333333332	155.34	155.19333333333333	155.64666666666668	155.82666666666665	155.68	155.53333333333333	155.4	155.68	155.56666666666666	155.69333333333333	155.2	155.29333333333332	154.54	154.28666666666666	154.36	153.5	152.78	152.84	151.98666666666668	151.92666666666668	151.46666666666667	150.7	150.04	149.31333333333333	148.92	148.64666666666668	147.58666666666667	146.70666666666668	145.4	144.36666666666667	143.19333333333333	141.53333333333333	140.34	138.20666666666668	135.77333333333334	133.30666666666667	130.1	125.6	119.69333333333333	107.88666666666667	0.0
0.0	107.97333333333333	119.30666666666667	125.58	130.33333333333334	133.54	136.46	138.36	140.08	141.08	142.59333333333333	144.14	145.02666666666667	145.96	146.78666666666666	148.12666666666667	148.72	149.12666666666667	149.87333333333333	149.90666666666667	150.69333333333333	151.62	152.24	152.0	153.12666666666667	152.82666666666665	153.16	153.19333333333333	153.93333333333334	153.72	154.20666666666668	154.28	154.56666666666666	154.66666666666666	154.88666666666666	155.10666666666665	154.76666666666668	154.86666666666667	154.35333333333332	154.19333333333333	154.62666666666667	154.88666666666666	154.62666666666667	154.24666666666667	153.48666666666668	153.32666666666665	153.87333333333333	153.46666666666667	153.83333333333334	153.5	152.00666666666666	152.52666666666667	151.68	151.30666666666667	150.5	150.04	148.62666666666667	148.17333333333335	147.48666666666668	145.92	145.3	144.18	143.31333333333333	141.51333333333332	139.93333333333334	138.08	136.5	133.73333333333332	130.16666666666666	125.50666666666666	118.98	107.97333333333333	0.0
0.0	108.56666666666666	120.02	126.1	130.35333333333332	133.25333333333333	135.75333333333333	137.50666666666666	139.08666666666667	141.13333333333333	141.81333333333333	143.27333333333334	144.26	145.87333333333333	147.05333333333334	147.64666666666668	148.84666666666666	149.54	149.54	150.30666666666667	150.71333333333334	151.18666666666667	151.44	151.94666666666666	152.14	152.62666666666667	152.68	152.68666666666667	153.18666666666667	153.59333333333333	154.31333333333333	154.33333333333334	154.76	155.09333333333333	154.70666666666668	154.51333333333332	155.2	154.7	154.71333333333334	154.52	154.89333333333335	154.29333333333332	154.52	154.37333333333333	153.82	153.47333333333333	153.55333333333334	152.96	152.36666666666667	151.68	151.70666666666668	151.09333333333333	150.78	150.24666666666667	150.05333333333334	149.21333333333334	148.47333333333333	147.49333333333334	147.09333333333333	146.11333333333334	145.18666666666667	143.92	142.48666666666668	141.6	139.70666666666668	138.13333333333333	136.09333333333333	133.03333333333333	130.42	125.72	119.67333333333333	108.27333333333333	0.0
0.0	107.72666666666667	119.13333333333334	125.61333333333333	130.14	133.48	136.41333333333333	139.05333333333334	140.60666666666665	142.18	143.34	144.79333333333332	145.82	146.60666666666665	147.12666666666667	148.19333333333333	149.23333333333332	150.17333333333335	150.72	151.44	151.84	152.34666666666666	152.69333333333333	153.04666666666665	152.82666666666665	153.92	153.68666666666667	154.12	153.98	154.19333333333333	154.84	155.04	154.98666666666668	155.53333333333333	155.61333333333334	155.76	155.83333333333334	155.80666666666667	155.58666666666667	155.36	155.36	154.94666666666666	155.20666666666668	154.87333333333333	154.42666666666668	153.94666666666666	153.76	153.36666666666667	153.28666666666666	152.8	152.94	151.78	151.82	151.34	151.0	150.70666666666668	149.98666666666668	149.1	147.95333333333335	147.19333333333333	146.22666666666666	145.12666666666667	143.88666666666666	142.21333333333334	141.14666666666668	138.53333333333333	136.29333333333332	133.86666666666667	130.46666666666667	125.89333333333333	119.79333333333334	107.8	0.0
0.0	108.30666666666667	119.62666666666667	125.50666666666666	130.42	134.12666666666667	136.69333333333333	138.16	140.56666666666666	142.02	143.82666666666665	144.96	146.68	147.49333333333334	147.98666666666668	149.46666666666667	149.97333333333333	150.71333333333334	151.8	152.11333333333334	152.5	153.44666666666666	153.72666666666666	153.98	153.81333333333333	153.96	154.01333333333332	154.19333333333333	154.46	154.94666666666666	155.04666666666665	155.13333333333333	155.7	155.78666666666666	155.37333333333333	155.5	155.86666666666667	155.80666666666667	155.24	155.19333333333333	154.98666666666668	155.19333333333333	154.42666666666668	154.92666666666668	155.01333333333332	154.76666666666668	154.66666666666666	154.38666666666666	154.31333333333333	153.78666666666666	152.76	152.60666666666665	151.94666666666666	151.26	150.28	149.68666666666667	149.16666666666666	148.23333333333332	147.39333333333335	146.76	145.38	144.58	143.08	142.08	140.46	138.51333333333332	136.02666666666667	133.78	130.65333333333334	125.84666666666666	119.34	108.21333333333334	0.0
0.0	107.96666666666667	119.13333333333334	126.08666666666667	129.84666666666666	132.77333333333334	135.42	138.41333333333333	140.16666666666666	141.5	142.3	143.76	145.2	145.67333333333335	146.64	147.48	148.27333333333334	149.18	149.84666666666666	150.48666666666668	150.71333333333334	151.73333333333332	152.64	152.90666666666667	152.94	153.40666666666667	153.42	154.0	153.86	153.96666666666667	154.48	154.79333333333332	155.0	154.86	155.04	155.24	155.34	155.06	154.88	154.34	154.20666666666668	154.26666666666668	153.58666666666667	153.90666666666667	153.52	153.24666666666667	152.91333333333333	153.10666666666665	152.50666666666666	152.6	152.08	151.74	151.52666666666667	150.68666666666667	150.41333333333333	149.84	149.31333333333333	147.98	147.52666666666667	146.42	145.06666666666666	143.68666666666667	142.32666666666665	141.49333333333334	139.58666666666667	137.82666666666665	135.19333333333333	132.87333333333333	129.66666666666666	124.92	118.88	108.14666666666666	0.0
0.0	107.63333333333334	119.04	125.69333333333333	130.14	133.25333333333333	136.4	138.16666666666666	139.67333333333335	141.19333333333333	142.52	143.94	144.49333333333334	145.65333333333334	146.70666666666668	147.14666666666668	147.81333333333333	148.6	149.84	150.15333333333334	151.14666666666668	151.51333333333332	151.84	152.04	152.38666666666666	152.75333333333333	152.91333333333333	153.44666666666666	153.3	153.59333333333333	153.99333333333334	154.27333333333334	154.51333333333332	154.28	154.59333333333333	154.92	154.61333333333334	154.44	154.23333333333332	154.73333333333332	154.28666666666666	154.38	154.86666666666667	154.74	154.60666666666665	154.84	154.33333333333334	153.58666666666667	153.33333333333334	152.55333333333334	152.33333333333334	152.19333333333333	150.95333333333335	151.01333333333332	150.44666666666666	150.00666666666666	149.01333333333332	148.53333333333333	147.19333333333333	146.31333333333333	145.2	144.01333333333332	142.82666666666665	141.64666666666668	140.47333333333333	138.40666666666667	135.7	133.04666666666665	130.02666666666667	125.72	119.38	107.85333333333334	0.0
0.0	108.25333333333333	119.41333333333333	125.76666666666667	130.21333333333334	133.90666666666667	136.88	139.14666666666668	141.24	142.98	144.21333333333334	145.8	146.85333333333332	147.63333333333333	148.84	149.74	150.74	150.83333333333334	151.52	152.34666666666666	152.26666666666668	152.65333333333334	153.25333333333333	153.25333333333333	153.78	154.24	154.53333333333333	154.16666666666666	154.6	155.07333333333332	155.44666666666666	155.79333333333332	155.96	156.32666666666665	155.95333333333335	156.14	155.87333333333333	155.6	156.31333333333333	155.94	155.83333333333334	155.26666666666668	155.09333333333333	155.26666666666668	154.58666666666667	154.44666666666666	154.16	153.95333333333335	153.64666666666668	153.32	152.8	152.65333333333334	152.51333333333332	152.12666666666667	151.36	150.94	149.84	148.52	148.2	147.41333333333333	146.42666666666668	144.96666666666667	143.40666666666667	142.12	140.64666666666668	138.74	137.00666666666666	133.62666666666667	129.47333333333333	125.34666666666666	118.93333333333334	108.0	0.0
0.0	108.02	119.46666666666667	125.8	130.12	133.22666666666666	136.26	138.52	140.42666666666668	142.08	143.5	145.14666666666668	145.92666666666668	146.50666666666666	147.56666666666666	147.85333333333332	149.20666666666668	149.98666666666668	150.20666666666668	151.28	151.8	152.20666666666668	152.09333333333333	152.73333333333332	153.06666666666666	153.1	153.44	153.46666666666667	153.74	153.77333333333334	154.18	154.32666666666665	154.59333333333333	155.16	155.1	154.96666666666667	155.38666666666666	155.18	154.76	154.82	154.52	154.55333333333334	154.4	154.38	154.5	153.65333333333334	153.78666666666666	153.37333333333333	153.38	153.16666666666666	152.60666666666665	151.97333333333333	151.28666666666666	150.7	150.20666666666668	149.74	148.9	148.36	147.49333333333334	146.36666666666667	145.56	144.52666666666667	142.90666666666667	141.29333333333332	140.58666666666667	138.23333333333332	136.14	133.66	130.86	126.45333333333333	118.98	108.33333333333333	0.0
0.0	108.24666666666667	119.56	125.92	130.25333333333333	134.05333333333334	136.82666666666665	138.89333333333335	140.26	142.48666666666668	143.31333333333333	144.68	145.74666666666667	146.46666666666667	147.08	147.60666666666665	149.22666666666666	149.54666666666665	150.64666666666668	151.07333333333332	152.09333333333333	152.32	152.50666666666666	152.52	153.46	153.91333333333333	154.18	154.62666666666667	154.72666666666666	155.09333333333333	155.48666666666668	155.53333333333333	155.84	155.63333333333333	155.66666666666666	155.56666666666666	155.70666666666668	155.65333333333334	154.66666666666666	154.78666666666666	154.93333333333334	154.46666666666667	154.74	154.35333333333332	153.76666666666668	153.62	153.71333333333334	153.97333333333333	153.25333333333333	152.58666666666667	152.58	152.14	151.84666666666666	151.68	151.0	150.05333333333334	149.96666666666667	148.56666666666666	147.11333333333334	145.92666666666668	145.92	144.57333333333332	143.17333333333335	142.02666666666667	140.30666666666667	137.86666666666667	135.76666666666668	133.28	129.71333333333334	125.78	119.33333333333333	108.04	0.0
