0.0	99.82666666666667	101.05333333333333	100.81333333333333	101.04	101.19333333333333	101.08666666666667	100.94666666666667	101.12	101.12666666666667	101.12	101.15333333333334	100.92666666666666	101.08	101.08666666666667	100.92	100.85333333333334	101.12666666666667	101.03333333333333	101.01333333333334	100.90666666666667	101.12666666666667	101.34666666666666	101.20666666666666	101.07333333333334	101.02	101.02666666666667	101.0	101.02	100.98666666666666	101.17333333333333	101.08	100.98666666666666	100.9	100.92	100.84	101.20666666666666	101.26	101.43333333333334	101.06666666666666	101.28	100.94	100.98	100.91333333333333	100.86666666666666	101.04666666666667	101.26666666666667	100.96666666666667	100.9	101.04666666666667	101.13333333333334	100.96	101.23333333333333	101.0	101.09333333333333	100.96	100.98666666666666	101.19333333333333	101.15333333333334	101.16666666666667	101.18	101.50666666666666	101.15333333333334	101.06	101.14	101.26666666666667	101.14666666666666	101.17333333333333	101.06666666666666	101.09333333333333	101.11333333333333	99.61333333333333	0.0
0.0	99.89333333333333	101.23333333333333	101.28666666666666	101.2	101.73333333333333	101.57333333333334	101.28666666666666	101.38	101.34666666666666	101.24666666666667	101.2	101.2	101.4	101.18666666666667	101.16	101.24	101.14666666666666	101.16666666666667	101.08	101.44666666666667	101.4	101.17333333333333	101.42	101.33333333333333	101.32666666666667	101.24	101.34	101.44	101.14666666666666	101.3	101.06	101.06666666666666	101.26666666666667	101.40666666666667	101.23333333333333	101.48666666666666	100.96	101.22666666666667	101.52	101.46	101.44666666666667	101.54666666666667	101.17333333333333	101.53333333333333	101.19333333333333	101.30666666666667	101.24666666666667	101.03333333333333	101.13333333333334	101.28666666666666	101.68	101.39333333333333	101.28666666666666	101.54	101.44	101.26666666666667	101.41333333333333	101.41333333333333	101.34666666666666	100.94666666666667	101.30666666666667	101.46666666666667	101.34	101.38666666666667	101.26	101.32666666666667	101.27333333333333	101.35333333333334	101.15333333333334	100.84666666666666	99.92666666666666	0.0
0.0	99.90666666666667	101.04666666666667	101.02	101.10666666666667	101.35333333333334	101.13333333333334	101.17333333333333	101.13333333333334	101.3	101.26666666666667	101.14	101.2	100.94666666666667	101.17333333333333	101.22	101.14666666666666	101.51333333333334	101.49333333333334	101.34	101.19333333333333	101.36666666666666	101.23333333333333	101.18	101.07333333333334	101.14	101.17333333333333	101.13333333333334	101.16	101.34666666666666	100.98666666666666	101.12666666666667	100.98	101.02	101.46666666666667	101.09333333333333	101.34666666666666	101.41333333333333	101.41333333333333	101.22	101.20666666666666	101.16	101.18	101.38666666666667	101.06	101.14	100.98	101.05333333333333	101.03333333333333	101.3	101.42	101.17333333333333	101.12	101.31333333333333	101.44666666666667	101.22666666666667	101.11333333333333	101.16	101.19333333333333	101.30666666666667	101.08666666666667	100.94666666666667	101.32666666666667	101.16666666666667	101.32666666666667	101.42666666666666	101.41333333333333	101.23333333333333	101.39333333333333	101.04	100.74	99.90666666666667	0.0
0.0	99.78666666666666	101.23333333333333	101.12	101.66	101.22666666666667	100.99333333333334	101.36666666666666	101.35333333333334	101.20666666666666	100.96666666666667	101.22666666666667	101.36666666666666	101.34666666666666	101.37333333333333	101.18666666666667	101.31333333333333	101.31333333333333	101.17333333333333	101.28	101.37333333333333	101.51333333333334	101.56	101.04666666666667	101.3	101.31333333333333	101.6	101.38666666666667	101.48666666666666	101.45333333333333	101.29333333333334	101.01333333333334	101.31333333333333	101.28666666666666	101.26	101.16666666666667	101.31333333333333	101.31333333333333	101.05333333333333	101.47333333333333	101.39333333333333	101.25333333333333	101.70666666666666	101.26	101.37333333333333	101.49333333333334	101.43333333333334	101.33333333333333	101.49333333333334	101.40666666666667	101.13333333333334	101.10666666666667	101.1	101.34	101.38	101.29333333333334	101.44666666666667	101.24666666666667	101.32	101.53333333333333	101.36	101.39333333333333	101.49333333333334	101.40666666666667	101.44666666666667	101.18666666666667	101.29333333333334	101.34	101.59333333333333	101.30666666666667	101.08666666666667	99.67333333333333	0.0
0.0	99.92666666666666	101.14666666666666	101.24	101.34666666666666	101.64666666666666	101.28666666666666	101.26666666666667	101.34	101.37333333333333	101.16666666666667	101.46666666666667	101.25333333333333	101.03333333333333	101.21333333333334	101.18666666666667	101.32666666666667	101.37333333333333	101.60666666666667	101.25333333333333	101.27333333333333	101.59333333333333	101.19333333333333	101.17333333333333	101.22666666666667	101.59333333333333	101.14	101.67333333333333	101.28	101.09333333333333	101.14	101.54	101.24666666666667	100.96666666666667	101.17333333333333	101.30666666666667	101.22	101.49333333333334	101.34	101.34	101.54	101.5	101.42	101.35333333333334	101.23333333333333	101.18	101.22	101.28666666666666	101.08	101.42	101.20666666666666	101.19333333333333	101.15333333333334	101.22	101.55333333333333	101.34	101.29333333333334	101.53333333333333	101.32	101.08666666666667	101.64	101.46666666666667	101.19333333333333	101.4	101.2	101.12666666666667	101.51333333333334	101.30666666666667	101.46666666666667	101.38	101.26666666666667	100.04	0.0
0.0	99.77333333333333	101.01333333333334	100.76	101.30666666666667	101.27333333333333	101.01333333333334	101.28	100.94666666666667	101.02	101.14666666666666	101.15333333333334	101.25333333333333	101.29333333333334	101.07333333333334	101.26	101.08	101.07333333333334	101.11333333333333	101.21333333333334	101.22666666666667	100.74	101.11333333333333	101.24666666666667	101.02666666666667	100.86	101.16666666666667	101.13333333333334	101.33333333333333	100.91333333333333	100.99333333333334	100.96666666666667	101.2	101.26	100.99333333333334	100.99333333333334	100.97333333333333	101.06666666666666	101.04666666666667	101.42	101.24	101.08	100.74666666666667	100.97333333333333	101.22	101.16666666666667	101.03333333333333	101.03333333333333	101.32	101.45333333333333	100.99333333333334	100.95333333333333	100.82	100.82666666666667	101.08666666666667	101.28	101.22	101.15333333333334	101.02	100.88666666666667	101.1	101.2	100.86666666666666	101.13333333333334	101.21333333333334	101.09333333333333	100.96666666666667	101.16	101.25333333333333	100.96666666666667	100.82666666666667	99.58666666666667	0.0
0.0	99.76	101.24666666666667	101.64	101.31333333333333	101.62666666666667	101.39333333333333	101.61333333333333	101.73333333333333	101.48666666666666	101.49333333333334	101.48666666666666	101.60666666666667	101.2	101.5	101.44	101.60666666666667	101.37333333333333	101.42	101.61333333333333	101.77333333333333	101.69333333333333	101.32666666666667	101.68	101.65333333333334	101.51333333333334	101.24666666666667	101.34	101.22666666666667	101.31333333333333	101.44666666666667	101.33333333333333	101.33333333333333	101.44	101.44666666666667	101.2	101.24	101.42	101.35333333333334	101.62666666666667	101.51333333333334	101.34666666666666	101.38666666666667	101.34	101.32666666666667	101.32	101.54	101.32666666666667	101.47333333333333	101.46	101.53333333333333	101.68666666666667	101.38666666666667	101.45333333333333	101.42666666666666	101.47333333333333	101.36666666666666	101.45333333333333	101.20666666666666	101.5	101.32666666666667	101.32	101.62	101.34	101.32666666666667	101.48	101.17333333333333	101.5	101.40666666666667	101.22	101.41333333333333	100.1	0.0
0.0	99.92666666666666	100.82666666666667	101.30666666666667	101.19333333333333	101.42	101.28	101.3	101.2	101.16666666666667	101.37333333333333	101.22	101.18666666666667	101.27333333333333	101.32	101.4	101.2	101.42666666666666	101.24666666666667	101.26	101.24	101.31333333333333	101.26	101.16666666666667	101.49333333333334	101.09333333333333	101.40666666666667	101.25333333333333	101.28	101.42	101.3	101.25333333333333	101.50666666666666	101.28666666666666	101.22666666666667	101.16666666666667	101.13333333333334	101.38666666666667	101.36666666666666	101.18666666666667	100.91333333333333	101.32666666666667	101.25333333333333	101.12666666666667	101.29333333333334	101.23333333333333	101.54666666666667	101.26666666666667	101.18	101.48666666666666	101.44666666666667	101.48666666666666	101.36666666666666	101.01333333333334	101.15333333333334	101.44	101.27333333333333	101.14	101.42	101.16	101.38	101.09333333333333	101.40666666666667	101.18	101.63333333333334	101.3	101.30666666666667	101.36	101.3	101.35333333333334	101.18	99.61333333333333	0.0
0.0	99.84666666666666	100.98	101.32666666666667	101.5	101.12	101.2	101.18	101.6	101.46666666666667	101.34	101.08	101.07333333333334	101.4	101.49333333333334	101.38	101.22	101.40666666666667	101.20666666666666	101.18666666666667	101.24666666666667	101.34	101.28666666666666	101.3	101.51333333333334	101.35333333333334	101.36666666666666	101.53333333333333	101.18666666666667	101.42	101.52666666666667	101.42	101.24	101.27333333333333	101.46	101.18	100.95333333333333	101.12666666666667	101.34666666666666	101.31333333333333	101.12666666666667	101.05333333333333	101.47333333333333	101.45333333333333	101.37333333333333	101.26666666666667	101.38666666666667	101.62	101.3	101.2	101.24	101.47333333333333	100.95333333333333	101.09333333333333	101.17333333333333	101.34	101.14666666666666	101.28666666666666	101.37333333333333	101.30666666666667	101.19333333333333	101.34666666666666	101.17333333333333	101.4	101.24666666666667	101.33333333333333	101.36	101.43333333333334	101.22666666666667	101.12666666666667	101.44666666666667	100.0	0.0
0.0	99.74666666666667	101.42	101.19333333333333	101.43333333333334	101.24666666666667	101.44	101.27333333333333	101.33333333333333	101.43333333333334	101.29333333333334	101.38666666666667	101.53333333333333	101.32	101.66666666666667	101.48	101.32666666666667	101.22666666666667	101.42	101.26666666666667	101.51333333333334	101.38	101.37333333333333	101.64666666666666	101.26666666666667	101.3	101.53333333333333	101.4	101.07333333333334	101.42	101.15333333333334	101.24	101.15333333333334	101.35333333333334	101.48666666666666	101.37333333333333	101.2	101.21333333333334	101.90666666666667	101.34666666666666	101.5	101.32	101.27333333333333	101.28	101.39333333333333	101.56	101.49333333333334	101.36	101.52	101.34666666666666	101.46666666666667	101.18666666666667	101.33333333333333	101.24666666666667	101.36	101.34666666666666	101.32666666666667	101.52666666666667	101.51333333333334	101.36666666666666	101.53333333333333	101.32	101.35333333333334	101.50666666666666	101.5	101.35333333333334	101.22666666666667	101.36	101.67333333333333	101.42666666666666	101.06	99.86666666666666	0.0
0.0	100.06	101.20666666666666	101.32	101.18	101.58	101.29333333333334	101.22	101.18666666666667	101.30666666666667	101.31333333333333	101.64666666666666	101.36666666666666	101.52666666666667	101.37333333333333	101.45333333333333	101.66666666666667	101.3	101.54	101.16666666666667	101.16	101.62	101.50666666666666	101.04	101.01333333333334	101.38666666666667	101.36	101.39333333333333	101.61333333333333	101.62	101.24	101.12	101.43333333333334	101.35333333333334	101.49333333333334	101.26666666666667	101.38666666666667	101.26	101.42666666666666	101.39333333333333	101.26	101.44	101.22666666666667	101.42	101.42	101.7	101.27333333333333	101.38666666666667	101.5	101.46	101.46	101.36	101.43333333333334	101.36	101.45333333333333	101.43333333333334	101.14666666666666	101.3	101.53333333333333	101.58	101.3	101.58	101.20666666666666	101.40666666666667	101.45333333333333	101.38666666666667	101.61333333333333	101.41333333333333	101.48666666666666	101.35333333333334	101.10666666666667	99.82666666666667	0.0
0.0	99.92	100.84666666666666	101.16	100.99333333333334	101.09333333333333	100.99333333333334	101.42	101.21333333333334	101.09333333333333	101.40666666666667	101.34666666666666	101.06666666666666	101.40666666666667	101.26	101.04	101.14	101.03333333333333	101.19333333333333	101.13333333333334	101.12666666666667	101.04666666666667	101.36666666666666	101.44	100.88666666666667	101.17333333333333	101.14	101.38	101.18666666666667	101.17333333333333	101.22666666666667	101.4	101.35333333333334	101.39333333333333	101.22666666666667	101.48	101.39333333333333	101.23333333333333	101.16666666666667	101.18666666666667	100.93333333333334	101.32	101.35333333333334	101.07333333333334	101.18666666666667	101.04	101.37333333333333	101.18	101.1	101.25333333333333	101.36	101.18	101.22	101.09333333333333	101.08	101.34	101.48	101.23333333333333	101.28	101.11333333333333	101.11333333333333	101.36	101.26666666666667	101.32666666666667	101.2	101.27333333333333	101.52	101.6	101.14666666666666	101.24666666666667	100.99333333333334	100.03333333333333	0.0
0.0	99.96666666666667	100.97333333333333	101.28	101.38	101.17333333333333	101.4	101.06	101.44666666666667	101.13333333333334	101.30666666666667	101.08	101.27333333333333	101.04666666666667	101.26666666666667	101.32	101.46666666666667	101.33333333333333	101.35333333333334	101.29333333333334	101.28	101.02	101.42	101.24666666666667	101.43333333333334	101.40666666666667	101.52666666666667	101.15333333333334	101.19333333333333	101.40666666666667	101.44	101.36	101.08666666666667	101.22666666666667	101.17333333333333	101.23333333333333	101.21333333333334	101.39333333333333	101.38	101.28	101.26	101.24666666666667	101.06666666666666	101.13333333333334	101.08	101.28	101.29333333333334	101.54	101.51333333333334	101.32666666666667	101.28666666666666	101.33333333333333	101.52666666666667	101.23333333333333	101.63333333333334	101.22	101.41333333333333	101.18	101.37333333333333	101.52	101.38	101.38	101.24666666666667	101.34666666666666	101.26666666666667	101.18666666666667	101.31333333333333	101.37333333333333	101.38666666666667	101.20666666666666	101.32	99.92666666666666	0.0
0.0	100.21333333333334	101.16666666666667	101.18666666666667	101.48	101.57333333333334	101.32	101.34	101.27333333333333	101.24666666666667	101.43333333333334	101.62	101.25333333333333	101.15333333333334	101.24	101.15333333333334	101.54	101.36	101.08	101.06	101.24666666666667	101.42666666666666	101.27333333333333	101.18	101.34	101.4	101.20666666666666	101.15333333333334	101.28	101.2	101.27333333333333	101.46666666666667	101.28	101.25333333333333	101.00666666666666	101.22	101.08666666666667	101.42	101.35333333333334	101.27333333333333	101.19333333333333	101.35333333333334	101.11333333333333	101.12666666666667	101.38	101.09333333333333	101.16666666666667	101.36666666666666	101.12	101.1	101.36666666666666	101.14666666666666	101.25333333333333	101.35333333333334	101.28	101.49333333333334	101.41333333333333	101.26666666666667	101.21333333333334	101.14666666666666	101.29333333333334	101.42	101.32666666666667	101.18	100.98666666666666	101.32666666666667	101.21333333333334	101.12666666666667	101.13333333333334	101.07333333333334	100.92666666666666	99.93333333333334	0.0
0.0	99.80666666666667	101.17333333333333	101.28	101.28	101.21333333333334	101.13333333333334	101.43333333333334	101.33333333333333	101.06	101.3	101.26	101.38	101.30666666666667	101.53333333333333	101.19333333333333	101.35333333333334	101.21333333333334	101.31333333333333	101.27333333333333	101.28666666666666	101.4	101.12666666666667	101.30666666666667	101.3	101.18666666666667	100.98666666666666	101.28666666666666	101.14666666666666	101.03333333333333	101.24666666666667	100.96	101.2	100.92	101.0	101.17333333333333	101.18666666666667	101.23333333333333	100.94	101.30666666666667	101.14	101.21333333333334	101.3	101.19333333333333	101.02	101.10666666666667	101.19333333333333	101.45333333333333	101.37333333333333	101.29333333333334	100.76666666666667	101.25333333333333	101.01333333333334	101.02666666666667	101.40666666666667	101.20666666666666	101.17333333333333	101.15333333333334	101.28666666666666	101.38	101.26666666666667	101.04666666666667	101.24666666666667	101.2	100.98	101.33333333333333	101.19333333333333	101.2	101.42666666666666	101.16666666666667	100.87333333333333	99.97333333333333	0.0
0.0	99.81333333333333	100.97333333333333	100.99333333333334	101.09333333333333	101.04666666666667	101.1	101.08	101.15333333333334	101.16666666666667	101.18666666666667	101.16	101.17333333333333	101.02	101.14666666666666	101.24666666666667	101.07333333333334	101.16	101.1	101.41333333333333	101.14666666666666	101.16	101.02666666666667	101.21333333333334	101.22666666666667	101.22666666666667	101.31333333333333	101.28666666666666	100.99333333333334	101.33333333333333	101.1	101.06666666666666	101.18	101.02666666666667	100.97333333333333	101.31333333333333	101.28666666666666	100.94666666666667	101.05333333333333	101.04	101.04666666666667	101.18666666666667	100.88666666666667	101.11333333333333	101.26	101.10666666666667	101.21333333333334	101.06	101.20666666666666	101.33333333333333	101.04	101.11333333333333	101.09333333333333	101.25333333333333	101.18	101.33333333333333	101.32	101.70666666666666	101.06	101.18	101.02	101.27333333333333	101.16666666666667	101.26666666666667	101.28	101.44666666666667	101.33333333333333	101.42666666666666	101.08666666666667	101.12666666666667	100.92666666666666	100.01333333333334	0.0
0.0	99.69333333333333	100.65333333333334	100.98666666666666	101.14	101.23333333333333	101.12666666666667	101.17333333333333	101.08666666666667	101.1	101.29333333333334	100.93333333333334	101.16666666666667	101.25333333333333	101.17333333333333	101.02666666666667	100.99333333333334	101.04	101.16	101.14	101.06666666666666	101.12	100.92	101.00666666666666	101.29333333333334	101.28	101.07333333333334	100.96666666666667	101.09333333333333	101.06666666666666	101.06666666666666	101.02	101.02666666666667	100.98	101.07333333333334	101.18	100.94666666666667	101.08666666666667	101.16666666666667	100.98666666666666	101.20666666666666	101.22666666666667	101.20666666666666	101.06666666666666	101.14	101.11333333333333	101.35333333333334	100.92666666666666	101.17333333333333	101.12	101.26666666666667	101.12666666666667	101.4	101.00666666666666	101.05333333333333	101.03333333333333	101.10666666666667	100.75333333333333	101.10666666666667	101.10666666666667	100.93333333333334	101.21333333333334	101.16666666666667	101.22666666666667	101.26	101.48	101.00666666666666	100.98666666666666	101.11333333333333	101.03333333333333	100.70666666666666	99.55333333333333	0.0
0.0	99.88	101.04666666666667	101.21333333333334	101.33333333333333	101.64	101.52666666666667	101.53333333333333	101.24666666666667	101.32	101.24	101.41333333333333	101.19333333333333	101.2	101.58666666666667	101.34	101.33333333333333	101.32	101.46	101.59333333333333	101.52666666666667	101.32	101.32666666666667	101.37333333333333	101.2	101.46666666666667	101.32	101.44666666666667	101.34666666666666	101.64666666666666	101.32666666666667	101.32	101.20666666666666	101.2	101.38	101.38	101.36666666666666	101.18666666666667	101.32666666666667	101.1	101.38	101.42	101.36666666666666	101.32	101.02666666666667	101.47333333333333	101.51333333333334	101.38	101.34	101.38666666666667	101.22666666666667	101.34	101.16	101.24	101.12666666666667	101.39333333333333	101.50666666666666	101.3	101.26666666666667	101.21333333333334	101.26666666666667	101.13333333333334	101.13333333333334	101.19333333333333	101.26666666666667	101.14	101.3	101.39333333333333	101.33333333333333	101.31333333333333	101.11333333333333	100.18	0.0
0.0	99.92666666666666	101.04	101.3	101.2	101.08	100.9	101.2	101.52	101.25333333333333	100.94	101.21333333333334	101.23333333333333	101.38666666666667	101.34666666666666	101.16666666666667	101.19333333333333	101.02666666666667	101.07333333333334	101.08	101.27333333333333	101.12	101.07333333333334	101.08	101.1	101.2	101.28	101.20666666666666	101.46666666666667	101.38	101.34	101.06	101.24666666666667	101.12666666666667	101.19333333333333	101.13333333333334	101.22666666666667	101.10666666666667	101.34	101.08666666666667	101.01333333333334	100.87333333333333	101.09333333333333	101.2	101.18666666666667	101.24	101.28666666666666	101.3	101.33333333333333	101.30666666666667	101.31333333333333	101.2	101.25333333333333	101.32666666666667	101.11333333333333	101.2	101.18666666666667	100.98	101.09333333333333	101.20666666666666	101.26	101.48666666666666	101.47333333333333	101.12	101.30666666666667	101.22666666666667	101.43333333333334	100.93333333333334	101.15333333333334	101.09333333333333	100.98666666666666	99.96	0.0
0.0	99.73333333333333	101.0	101.28666666666666	101.13333333333334	101.2	101.15333333333334	101.18	101.42666666666666	101.36	101.46666666666667	101.29333333333334	101.40666666666667	101.40666666666667	101.44666666666667	101.46	101.14666666666666	101.3	101.48	101.62	101.10666666666667	101.32	101.38666666666667	101.28666666666666	101.27333333333333	101.48666666666666	101.32666666666667	101.33333333333333	101.22	101.33333333333333	101.22666666666667	101.55333333333333	101.38666666666667	101.24	101.47333333333333	101.50666666666666	101.40666666666667	101.52666666666667	101.42666666666666	101.37333333333333	101.24666666666667	101.37333333333333	101.5	101.44666666666667	101.22	101.29333333333334	101.04	101.14666666666666	101.40666666666667	101.40666666666667	101.4	101.24	101.28	101.51333333333334	101.34666666666666	101.18666666666667	101.20666666666666	100.95333333333333	101.33333333333333	101.22666666666667	101.01333333333334	101.09333333333333	101.17333333333333	101.23333333333333	101.32666666666667	101.3	101.44	101.28	101.46666666666667	101.3	101.40666666666667	99.85333333333334	0.0
0.0	99.59333333333333	100.79333333333334	100.88666666666667	101.12	101.18	101.36	101.32666666666667	101.09333333333333	101.4	101.43333333333334	101.21333333333334	100.92666666666666	101.17333333333333	101.19333333333333	101.24666666666667	101.35333333333334	101.18666666666667	101.34	100.96666666666667	101.03333333333333	101.19333333333333	101.17333333333333	101.12666666666667	101.3	101.07333333333334	101.04666666666667	101.38	101.08666666666667	101.08666666666667	101.49333333333334	101.33333333333333	101.12666666666667	101.38666666666667	101.06	101.22	101.10666666666667	101.38	101.3	101.02	101.12666666666667	101.20666666666666	101.22	101.14666666666666	101.05333333333333	100.96	101.34	101.10666666666667	101.34666666666666	100.98	101.16666666666667	101.25333333333333	101.15333333333334	101.18666666666667	101.35333333333334	101.24	101.08666666666667	101.10666666666667	101.16	100.94	101.07333333333334	101.23333333333333	100.97333333333333	101.17333333333333	101.06	100.98666666666666	101.40666666666667	101.09333333333333	101.23333333333333	100.95333333333333	100.83333333333333	99.90666666666667	0.0
0.0	100.13333333333334	100.98	101.30666666666667	101.38666666666667	101.54666666666667	101.26666666666667	101.22	101.34	101.17333333333333	101.18666666666667	101.46	101.07333333333334	101.27333333333333	101.32666666666667	101.21333333333334	101.57333333333334	101.06666666666666	101.39333333333333	101.39333333333333	101.34	101.53333333333333	101.2	101.34	101.2	101.28	101.08666666666667	101.26666666666667	101.43333333333334	101.44	101.36	101.30666666666667	101.22	101.28	101.53333333333333	101.22	101.18666666666667	101.06666666666666	101.16	101.40666666666667	101.02666666666667	101.14666666666666	101.28	101.29333333333334	101.42	101.38	101.45333333333333	101.2	101.19333333333333	101.33333333333333	101.14666666666666	101.5	101.14	101.53333333333333	101.29333333333334	101.63333333333334	101.23333333333333	101.06666666666666	101.36666666666666	101.32	101.46666666666667	101.46666666666667	101.28	101.42	101.58666666666667	101.35333333333334	101.45333333333333	101.24	101.30666666666667	101.40666666666667	100.87333333333333	99.84666666666666	0.0
0.0	99.91333333333333	101.46	101.56	101.38666666666667	101.54666666666667	101.3	101.15333333333334	101.36	101.60666666666667	101.10666666666667	101.62	101.42	101.38666666666667	101.54	101.50666666666666	101.61333333333333	101.23333333333333	101.42	101.62	101.32666666666667	101.56666666666666	101.38	101.54	101.18666666666667	101.49333333333334	101.53333333333333	101.65333333333334	101.45333333333333	101.32	101.7	101.62666666666667	101.52	101.4	101.35333333333334	101.28	101.28	101.19333333333333	101.18	101.31333333333333	101.44666666666667	101.34666666666666	101.16	101.38666666666667	101.48	101.44	101.36	101.28	101.30666666666667	101.25333333333333	101.39333333333333	101.52	101.56	101.16	101.62	101.4	101.67333333333333	101.40666666666667	101.14666666666666	101.08666666666667	101.32666666666667	101.28	101.34666666666666	101.37333333333333	101.37333333333333	101.32666666666667	101.43333333333334	101.58	101.28666666666666	101.28666666666666	101.00666666666666	99.76666666666667	0.0
0.0	99.97333333333333	101.22666666666667	101.36	101.65333333333334	101.44666666666667	101.53333333333333	101.24666666666667	101.41333333333333	101.44666666666667	101.28	101.09333333333333	101.34666666666666	101.43333333333334	101.06666666666666	101.52666666666667	101.25333333333333	101.36	101.38666666666667	101.55333333333333	101.37333333333333	101.42	101.55333333333333	101.43333333333334	101.44666666666667	101.42666666666666	101.54666666666667	101.35333333333334	101.36	101.59333333333333	101.6	101.41333333333333	101.17333333333333	101.32	101.4	101.25333333333333	101.40666666666667	101.22666666666667	101.65333333333334	101.76666666666667	101.26666666666667	101.45333333333333	101.27333333333333	101.38	101.61333333333333	101.41333333333333	101.4	101.28666666666666	101.32666666666667	101.36666666666666	101.26666666666667	101.37333333333333	101.24	101.27333333333333	101.24666666666667	101.60666666666667	101.22	101.26666666666667	101.28666666666666	101.4	101.58	101.26	101.26	101.62	101.42666666666666	101.54666666666667	101.44	101.24	101.52	101.38	101.17333333333333	99.99333333333334	0.0
0.0	99.77333333333333	100.65333333333334	100.94	100.85333333333334	100.72666666666667	101.24	101.24	100.99333333333334	100.82666666666667	100.94	101.21333333333334	101.16666666666667	100.91333333333333	100.92666666666666	100.98	100.91333333333333	101.07333333333334	101.06666666666666	100.86	101.12	101.04	101.06	101.15333333333334	100.81333333333333	101.10666666666667	100.89333333333333	101.1	101.22	101.14666666666666	100.98	101.02	101.12	101.23333333333333	101.15333333333334	101.22	101.18	101.04666666666667	101.07333333333334	101.01333333333334	100.99333333333334	101.06	101.13333333333334	101.31333333333333	101.06666666666666	101.35333333333334	101.64666666666666	100.99333333333334	101.18666666666667	101.10666666666667	101.08666666666667	101.09333333333333	101.05333333333333	100.96666666666667	101.22	101.17333333333333	101.00666666666666	101.04666666666667	100.90666666666667	100.95333333333333	101.25333333333333	101.18	101.15333333333334	101.16666666666667	100.92	101.28666666666666	101.19333333333333	101.06666666666666	100.99333333333334	101.05333333333333	100.86666666666666	99.6	0.0
0.0	99.83333333333333	101.22	100.97333333333333	101.14666666666666	101.34	101.04	100.95333333333333	101.32666666666667	101.58666666666667	101.22	101.12	100.90666666666667	101.19333333333333	100.92	101.18	101.12666666666667	101.2	101.2	101.36666666666666	101.16	101.17333333333333	101.06666666666666	101.32	101.16	101.23333333333333	101.03333333333333	100.90666666666667	101.05333333333333	101.34666666666666	101.38	101.09333333333333	100.80666666666667	101.12	101.36666666666666	101.19333333333333	101.00666666666666	101.07333333333334	101.37333333333333	101.14666666666666	101.36	101.41333333333333	101.34	101.44666666666667	100.88666666666667	101.10666666666667	101.33333333333333	101.18	101.22666666666667	101.22	101.28666666666666	101.06666666666666	101.13333333333334	100.88	101.18	101.08	101.23333333333333	101.24	100.96666666666667	101.15333333333334	101.28	100.98	101.03333333333333	101.44666666666667	101.06	101.08	101.12666666666667	101.07333333333334	101.26	101.1	100.98	99.75333333333333	0.0
0.0	99.97333333333333	100.92	101.13333333333334	101.12666666666667	101.08666666666667	101.05333333333333	100.84	101.1	101.1	101.21333333333334	100.98666666666666	101.18666666666667	100.95333333333333	101.15333333333334	100.85333333333334	101.2	101.24666666666667	100.92	101.1	100.86	100.97333333333333	101.13333333333334	100.98	100.94666666666667	100.93333333333334	101.00666666666666	101.02	101.15333333333334	101.13333333333334	101.15333333333334	101.14	101.04	100.95333333333333	100.94	101.14	101.00666666666666	100.93333333333334	101.25333333333333	101.13333333333334	101.22	101.08	100.78	100.9	100.68666666666667	101.16	100.90666666666667	100.95333333333333	100.95333333333333	101.1	101.06	100.77333333333333	101.04666666666667	101.16	101.07333333333334	100.98	100.86666666666666	100.96666666666667	101.24	101.26	100.82666666666667	101.21333333333334	101.00666666666666	101.12666666666667	101.18666666666667	101.02	101.04	100.91333333333333	101.04	101.01333333333334	100.48666666666666	99.56	0.0
0.0	99.52666666666667	100.90666666666667	101.06666666666666	101.36666666666666	101.23333333333333	101.11333333333333	100.98666666666666	100.95333333333333	101.43333333333334	101.26666666666667	101.26666666666667	101.08	101.14666666666666	101.06	101.00666666666666	101.37333333333333	101.34	101.27333333333333	101.13333333333334	101.30666666666667	101.39333333333333	101.34666666666666	101.05333333333333	101.04	101.42	101.24	101.56	101.20666666666666	101.01333333333334	100.96666666666667	101.30666666666667	101.19333333333333	101.12	101.26	101.3	101.38	101.27333333333333	101.32666666666667	101.18	101.15333333333334	101.21333333333334	101.22	101.28	101.20666666666666	101.1	101.08	101.32666666666667	101.03333333333333	101.45333333333333	101.26666666666667	100.94666666666667	101.20666666666666	101.14666666666666	101.32666666666667	101.11333333333333	101.31333333333333	101.13333333333334	101.20666666666666	101.18666666666667	101.06666666666666	101.14	101.18666666666667	101.1	101.35333333333334	101.28	101.2	101.34	101.26	101.07333333333334	100.74666666666667	99.77333333333333	0.0
0.0	99.76	100.86666666666666	101.0	101.04	101.11333333333333	101.23333333333333	101.11333333333333	101.25333333333333	100.91333333333333	101.22	101.16	101.01333333333334	101.02	101.34	101.12666666666667	101.03333333333333	100.8	101.13333333333334	101.28	101.34666666666666	101.18	101.32	101.30666666666667	100.95333333333333	101.32666666666667	101.17333333333333	101.06666666666666	101.19333333333333	101.06	101.46666666666667	101.22	101.34	101.0	101.06666666666666	101.16	101.14666666666666	101.2	101.14	101.22666666666667	101.3	101.34666666666666	101.4	100.97333333333333	100.93333333333334	101.06666666666666	101.19333333333333	101.09333333333333	101.22666666666667	101.35333333333334	101.2	101.08	101.06	101.46666666666667	101.44666666666667	101.18666666666667	101.36	101.38	101.02	101.16	101.13333333333334	101.12666666666667	101.16	100.96666666666667	101.29333333333334	101.24	101.16	101.34666666666666	100.96666666666667	100.91333333333333	100.80666666666667	99.83333333333333	0.0
0.0	99.74666666666667	100.95333333333333	101.2	101.3	101.04666666666667	101.04	101.27333333333333	101.45333333333333	101.11333333333333	101.16666666666667	101.46	101.65333333333334	101.16666666666667	101.23333333333333	101.36	101.28	101.44666666666667	101.24	101.44666666666667	101.4	101.20666666666666	101.14666666666666	101.18	101.41333333333333	101.69333333333333	101.26666666666667	101.26666666666667	101.39333333333333	101.48	101.38	101.38	101.24	101.45333333333333	101.20666666666666	101.44	101.62	101.18	101.34666666666666	101.41333333333333	101.18666666666667	101.24666666666667	101.42666666666666	101.34666666666666	101.35333333333334	101.38	101.44	101.16666666666667	101.10666666666667	101.26666666666667	101.31333333333333	100.95333333333333	101.16666666666667	101.40666666666667	101.48666666666666	101.48666666666666	101.28666666666666	101.21333333333334	101.20666666666666	101.02	101.31333333333333	101.2	101.3	101.31333333333333	101.52666666666667	101.14	101.23333333333333	101.17333333333333	101.14666666666666	101.4	101.10666666666667	99.84666666666666	0.0
0.0	99.88666666666667	101.0	101.40666666666667	101.20666666666666	101.24666666666667	101.04666666666667	101.24666666666667	101.14	100.96	101.22666666666667	101.36	101.28	101.20666666666666	101.39333333333333	101.26666666666667	100.9	100.99333333333334	101.16666666666667	101.09333333333333	101.13333333333334	101.05333333333333	101.19333333333333	101.20666666666666	100.92666666666666	101.13333333333334	101.04666666666667	101.29333333333334	101.26	101.06	101.04666666666667	101.11333333333333	101.32	101.15333333333334	101.12	101.18666666666667	100.92	101.16666666666667	101.08	101.10666666666667	101.34	100.99333333333334	101.18666666666667	101.26666666666667	101.07333333333334	101.3	101.26	101.24666666666667	101.20666666666666	101.14666666666666	101.16666666666667	101.20666666666666	101.36666666666666	101.16	101.3	101.28	101.24	101.05333333333333	101.22666666666667	101.00666666666666	101.13333333333334	101.57333333333334	101.52	101.33333333333333	101.58	101.18	101.26666666666667	101.13333333333334	101.28	101.09333333333333	101.18	100.11333333333333	0.0
0.0	99.8	101.3	101.42	101.48666666666666	101.71333333333334	101.34	101.44	101.21333333333334	101.44	101.41333333333333	101.06	101.18	101.26666666666667	101.45333333333333	101.60666666666667	101.18666666666667	101.38666666666667	101.36	101.52666666666667	101.36666666666666	101.36666666666666	101.05333333333333	101.34666666666666	101.41333333333333	101.54	101.24666666666667	101.36666666666666	101.26666666666667	101.56666666666666	101.20666666666666	101.08	101.56666666666666	101.17333333333333	101.23333333333333	101.14666666666666	101.18	101.3	101.29333333333334	101.61333333333333	101.4	101.42666666666666	101.02	101.54666666666667	101.5	101.29333333333334	101.5	101.33333333333333	101.71333333333334	101.37333333333333	101.38	101.45333333333333	101.18	101.05333333333333	101.22	101.1	101.31333333333333	101.4	101.55333333333333	101.38	101.51333333333334	101.42	101.48	101.46666666666667	101.08666666666667	101.28666666666666	101.67333333333333	101.25333333333333	101.12666666666667	101.19333333333333	101.08666666666667	99.88666666666667	0.0
0.0	99.78	101.00666666666666	101.31333333333333	101.29333333333334	100.93333333333334	101.40666666666667	101.30666666666667	101.34666666666666	101.1	101.00666666666666	101.45333333333333	101.3	101.14666666666666	101.23333333333333	101.13333333333334	100.92666666666666	101.22666666666667	101.14666666666666	101.28	101.15333333333334	101.32666666666667	101.16	101.15333333333334	101.51333333333334	101.26666666666667	101.61333333333333	101.4	101.1	101.22	101.20666666666666	101.74	101.37333333333333	101.27333333333333	101.24	101.22666666666667	101.51333333333334	101.23333333333333	101.56666666666666	101.2	101.26	101.36666666666666	101.55333333333333	101.68	101.18666666666667	101.39333333333333	101.14	101.24	101.07333333333334	101.02	101.46	101.31333333333333	101.58666666666667	101.51333333333334	101.48666666666666	101.21333333333334	101.16	101.01333333333334	101.17333333333333	101.60666666666667	101.31333333333333	100.96666666666667	101.23333333333333	101.32666666666667	101.46	101.33333333333333	101.30666666666667	101.24666666666667	101.32	101.26	101.03333333333333	99.84	0.0
0.0	99.76666666666667	101.10666666666667	101.42	101.42	101.6	101.60666666666667	101.55333333333333	101.46666666666667	101.37333333333333	101.42	101.64666666666666	101.23333333333333	101.27333333333333	101.43333333333334	101.41333333333333	101.39333333333333	101.39333333333333	101.25333333333333	101.44	101.59333333333333	101.53333333333333	101.7	101.13333333333334	101.56	101.42666666666666	101.7	101.52666666666667	101.28666666666666	101.16666666666667	101.27333333333333	101.30666666666667	101.49333333333334	101.57333333333334	101.48666666666666	101.22666666666667	101.54	101.4	101.59333333333333	101.24666666666667	101.46	101.43333333333334	101.21333333333334	101.18	101.57333333333334	101.53333333333333	101.43333333333334	101.29333333333334	101.46666666666667	101.45333333333333	101.52666666666667	101.48666666666666	101.40666666666667	101.44	101.37333333333333	101.34666666666666	101.57333333333334	101.56666666666666	101.38666666666667	101.54	101.32666666666667	101.42	101.41333333333333	101.50666666666666	101.41333333333333	101.62666666666667	101.52666666666667	101.5	101.55333333333333	101.30666666666667	101.08	99.78666666666666	0.0
0.0	99.56666666666666	101.11333333333333	101.12666666666667	101.23333333333333	101.30666666666667	101.35333333333334	101.18666666666667	101.36	101.17333333333333	101.3	101.32	101.49333333333334	101.28	101.2	101.43333333333334	101.21333333333334	101.27333333333333	101.12666666666667	101.31333333333333	101.55333333333333	101.18666666666667	101.28	101.36666666666666	101.28666666666666	101.16666666666667	101.08666666666667	101.18666666666667	101.35333333333334	101.46	101.11333333333333	101.03333333333333	101.18666666666667	101.18666666666667	101.20666666666666	101.40666666666667	101.04	101.09333333333333	100.95333333333333	101.35333333333334	101.26666666666667	100.99333333333334	101.18	101.28	101.18	101.24666666666667	101.14	101.34666666666666	101.05333333333333	101.24	101.19333333333333	101.37333333333333	101.40666666666667	100.89333333333333	101.34666666666666	101.13333333333334	101.17333333333333	101.14	101.36	101.32	101.24	101.22	101.18	101.1	101.08666666666667	101.18666666666667	101.24666666666667	101.2	101.08666666666667	101.24666666666667	101.06666666666666	100.01333333333334	0.0
0.0	100.0	101.16	101.1	101.44	101.02	101.52	101.34666666666666	101.32	101.45333333333333	101.20666666666666	101.23333333333333	101.39333333333333	101.54666666666667	101.44666666666667	101.22666666666667	101.64666666666666	101.51333333333334	101.24666666666667	101.19333333333333	101.31333333333333	101.30666666666667	101.35333333333334	101.58666666666667	101.68666666666667	101.63333333333334	101.78	101.56	101.33333333333333	101.36666666666666	101.39333333333333	101.58666666666667	101.27333333333333	101.36	101.36666666666666	101.50666666666666	101.03333333333333	101.28666666666666	101.39333333333333	101.14666666666666	101.29333333333334	101.44666666666667	101.41333333333333	101.48666666666666	101.43333333333334	101.64666666666666	101.42	101.58666666666667	101.44	101.49333333333334	101.31333333333333	101.46666666666667	101.53333333333333	101.30666666666667	101.43333333333334	101.48	101.4	101.36	101.32	101.29333333333334	101.38	101.43333333333334	101.58666666666667	101.62	101.56	101.5	101.12666666666667	101.09333333333333	101.22666666666667	101.36	101.07333333333334	100.06	0.0
0.0	99.64	100.91333333333333	101.13333333333334	101.12666666666667	100.90666666666667	100.99333333333334	101.14666666666666	101.02666666666667	101.24	100.75333333333333	100.99333333333334	101.25333333333333	101.11333333333333	101.02666666666667	100.76666666666667	100.94	101.12666666666667	100.92666666666666	101.25333333333333	101.32	101.11333333333333	101.02	100.88666666666667	100.93333333333334	100.88	101.05333333333333	101.11333333333333	100.98	101.2	101.03333333333333	101.1	101.10666666666667	101.37333333333333	101.32	100.88	101.06666666666666	101.15333333333334	101.20666666666666	101.10666666666667	101.28666666666666	100.77333333333333	101.04	100.88	100.88	100.83333333333333	100.82666666666667	101.00666666666666	100.92666666666666	101.09333333333333	101.32	101.01333333333334	101.10666666666667	101.08666666666667	101.07333333333334	100.9	100.86	100.79333333333334	100.86	100.98666666666666	101.08	101.02666666666667	101.16666666666667	100.90666666666667	100.91333333333333	101.04	100.80666666666667	101.06666666666666	101.02666666666667	101.06	100.79333333333334	99.97333333333333	0.0
0.0	99.96	101.02	101.13333333333334	101.24	101.12666666666667	101.42666666666666	101.06	101.18666666666667	101.20666666666666	101.14666666666666	101.27333333333333	101.08666666666667	100.86666666666666	101.34	101.38	101.16	101.19333333333333	101.38666666666667	101.49333333333334	101.24	101.13333333333334	101.31333333333333	101.17333333333333	101.44666666666667	101.17333333333333	101.11333333333333	101.11333333333333	101.18666666666667	101.23333333333333	101.29333333333334	101.18666666666667	101.33333333333333	101.43333333333334	101.14	101.44666666666667	101.12	101.16666666666667	101.39333333333333	101.12	101.31333333333333	101.38	101.36	101.26	101.13333333333334	101.09333333333333	101.19333333333333	100.94666666666667	101.3	101.19333333333333	101.21333333333334	101.15333333333334	101.48666666666666	101.13333333333334	101.22	101.32666666666667	101.42666666666666	101.3	101.18	101.41333333333333	101.46666666666667	101.24	101.24	101.23333333333333	101.37333333333333	101.32	101.06	101.25333333333333	101.08	101.37333333333333	100.98666666666666	99.6	0.0
0.0	100.05333333333333	101.18	101.54666666666667	101.76	101.31333333333333	101.32666666666667	101.49333333333334	101.80666666666667	101.71333333333334	101.69333333333333	101.40666666666667	101.40666666666667	101.22666666666667	101.58666666666667	101.64	101.25333333333333	101.62666666666667	101.56	101.44666666666667	101.39333333333333	101.28666666666666	101.73333333333333	101.44	101.51333333333334	101.39333333333333	101.57333333333334	101.38	101.57333333333334	101.64	101.7	101.62666666666667	101.38	101.6	101.21333333333334	101.32	101.48666666666666	101.36666666666666	101.79333333333334	101.66666666666667	101.45333333333333	101.1	101.62666666666667	101.76	101.51333333333334	101.46666666666667	101.56	101.64666666666666	101.76666666666667	101.62666666666667	101.45333333333333	101.53333333333333	101.36666666666666	101.61333333333333	101.62	101.44	101.44	101.35333333333334	101.53333333333333	101.36	101.58	101.37333333333333	101.53333333333333	101.57333333333334	101.38666666666667	101.66666666666667	101.48666666666666	101.35333333333334	101.61333333333333	101.63333333333334	101.18666666666667	100.04	0.0
0.0	99.89333333333333	101.13333333333334	101.1	101.04666666666667	101.0	101.21333333333334	101.34666666666666	101.30666666666667	101.28666666666666	101.16	101.21333333333334	101.29333333333334	101.26666666666667	101.18	101.18	101.21333333333334	101.05333333333333	101.26	101.16666666666667	101.36666666666666	101.54	101.18	101.14	101.40666666666667	101.22	101.17333333333333	101.38666666666667	101.12666666666667	101.14	101.28	101.13333333333334	101.02	101.32666666666667	101.32666666666667	101.21333333333334	101.28666666666666	101.47333333333333	101.21333333333334	101.26	101.26	101.18	101.38	101.37333333333333	101.24666666666667	101.41333333333333	101.35333333333334	101.08	101.18666666666667	101.05333333333333	101.18	101.34666666666666	101.08666666666667	101.21333333333334	101.2	101.0	101.37333333333333	100.94	101.08	101.06666666666666	101.19333333333333	101.38666666666667	101.41333333333333	101.36666666666666	100.95333333333333	101.22666666666667	101.09333333333333	101.42	101.10666666666667	101.26	101.03333333333333	99.74	0.0
0.0	99.85333333333334	101.07333333333334	101.44	101.48666666666666	101.12666666666667	101.27333333333333	101.12	101.27333333333333	101.56666666666666	101.05333333333333	100.93333333333334	101.27333333333333	101.10666666666667	101.46666666666667	101.44	101.28666666666666	101.24666666666667	101.3	101.26666666666667	101.34	101.47333333333333	101.54666666666667	101.37333333333333	101.18666666666667	101.25333333333333	101.23333333333333	101.07333333333334	101.28666666666666	101.29333333333334	101.27333333333333	101.18	101.26666666666667	101.28	101.22	100.95333333333333	101.26666666666667	101.36	101.38666666666667	101.30666666666667	101.11333333333333	101.27333333333333	101.20666666666666	101.3	101.14	101.29333333333334	101.40666666666667	101.33333333333333	101.34666666666666	101.32	101.07333333333334	101.46	100.86	101.26666666666667	101.26666666666667	101.22666666666667	101.2	101.16	101.32	101.22666666666667	101.12	101.08666666666667	101.12666666666667	101.28666666666666	101.18	101.23333333333333	101.27333333333333	101.37333333333333	101.29333333333334	101.50666666666666	100.99333333333334	100.16666666666667	0.0
0.0	99.77333333333333	101.08	101.32666666666667	101.28666666666666	101.55333333333333	101.22666666666667	101.42	101.48	101.09333333333333	101.08666666666667	101.26666666666667	101.44666666666667	101.31333333333333	101.29333333333334	101.33333333333333	101.41333333333333	101.35333333333334	101.42	101.28	101.42	101.23333333333333	101.38	101.37333333333333	101.26	101.5	101.50666666666666	101.38	101.6	101.48666666666666	101.32666666666667	101.40666666666667	101.18	101.37333333333333	101.24666666666667	101.44666666666667	101.26	101.29333333333334	101.64	101.41333333333333	101.33333333333333	101.20666666666666	101.41333333333333	101.3	101.29333333333334	101.26	101.55333333333333	101.32666666666667	101.36666666666666	101.38	101.45333333333333	101.42666666666666	101.28	101.52666666666667	101.33333333333333	101.13333333333334	101.46666666666667	101.34666666666666	101.56	101.52666666666667	101.4	101.36666666666666	101.1	101.15333333333334	101.31333333333333	100.99333333333334	101.46666666666667	101.33333333333333	101.38	101.44666666666667	100.98	99.66	0.0
0.0	99.82	101.24	101.24666666666667	101.3	101.26666666666667	101.20666666666666	101.3	101.13333333333334	101.08666666666667	101.28	101.3	101.09333333333333	101.16666666666667	101.57333333333334	101.2	101.28666666666666	101.2	101.44	101.24	101.34666666666666	101.28	101.26	101.42666666666666	101.04	101.31333333333333	101.29333333333334	100.95333333333333	101.00666666666666	101.22666666666667	101.58	101.30666666666667	101.37333333333333	101.22	101.18666666666667	101.56666666666666	101.48	101.16	101.16666666666667	101.2	101.28	101.4	101.48666666666666	101.22666666666667	101.32666666666667	101.22	101.25333333333333	101.37333333333333	101.13333333333334	101.17333333333333	101.16	101.16666666666667	101.46	101.34	101.60666666666667	101.33333333333333	101.31333333333333	101.44	101.18	101.28	101.33333333333333	100.94666666666667	101.35333333333334	101.41333333333333	101.32666666666667	101.34	101.23333333333333	101.26666666666667	101.34	101.24	101.06666666666666	99.89333333333333	0.0
0.0	99.87333333333333	101.29333333333334	101.22666666666667	101.13333333333334	101.48666666666666	101.28	101.07333333333334	101.25333333333333	101.29333333333334	101.39333333333333	101.11333333333333	101.54666666666667	101.54	101.46	101.27333333333333	101.39333333333333	101.33333333333333	101.18	101.24	101.09333333333333	101.29333333333334	101.36666666666666	101.43333333333334	101.27333333333333	101.15333333333334	101.15333333333334	101.24	101.35333333333334	101.10666666666667	101.18	101.38666666666667	101.18	101.06666666666666	101.37333333333333	101.18	101.24666666666667	101.32	101.09333333333333	101.30666666666667	101.09333333333333	101.16	101.27333333333333	101.54	101.27333333333333	101.22666666666667	101.17333333333333	101.18	101.01333333333334	101.14	101.30666666666667	101.08	101.52666666666667	101.37333333333333	101.33333333333333	101.37333333333333	101.12	101.30666666666667	101.35333333333334	100.97333333333333	101.32	101.16666666666667	101.11333333333333	101.15333333333334	101.3	101.12	101.21333333333334	101.2	101.52	101.28666666666666	101.23333333333333	100.01333333333334	0.0
0.0	99.60666666666667	101.02	101.43333333333334	101.36	101.09333333333333	101.25333333333333	100.97333333333333	101.04666666666667	101.23333333333333	101.23333333333333	101.28	101.08666666666667	101.18	100.96666666666667	101.08666666666667	101.11333333333333	101.01333333333334	101.34	101.28	101.4	101.22666666666667	101.10666666666667	101.18	101.14666666666666	101.41333333333333	101.26	101.25333333333333	101.14666666666666	101.18666666666667	101.19333333333333	101.32	101.31333333333333	101.04666666666667	101.17333333333333	101.18666666666667	101.36666666666666	101.17333333333333	101.29333333333334	101.05333333333333	100.96666666666667	101.15333333333334	101.14	101.28	101.08666666666667	101.26	101.08666666666667	101.40666666666667	101.16666666666667	101.17333333333333	101.13333333333334	101.16	101.51333333333334	101.30666666666667	101.13333333333334	101.29333333333334	101.4	101.26666666666667	101.17333333333333	101.1	101.48666666666666	101.30666666666667	101.17333333333333	101.46	101.24666666666667	101.22	101.48	101.45333333333333	101.34666666666666	101.37333333333333	100.86666666666666	99.73333333333333	0.0
0.0	99.91333333333333	100.99333333333334	101.1	101.1	101.25333333333333	101.31333333333333	101.20666666666666	101.42666666666666	101.22666666666667	101.18	101.24666666666667	101.27333333333333	101.40666666666667	101.26	101.50666666666666	101.36666666666666	101.30666666666667	101.28	101.35333333333334	101.56666666666666	101.24666666666667	101.20666666666666	101.13333333333334	101.47333333333333	101.48666666666666	101.1	101.14	101.24666666666667	101.08	101.38666666666667	101.36	101.12666666666667	101.3	101.15333333333334	101.06666666666666	101.28666666666666	100.81333333333333	101.36	101.12	101.20666666666666	101.09333333333333	101.11333333333333	101.3	101.27333333333333	101.35333333333334	101.40666666666667	101.38666666666667	100.96666666666667	101.15333333333334	101.4	101.30666666666667	101.26	101.16666666666667	101.54666666666667	101.17333333333333	101.24666666666667	101.18666666666667	101.22666666666667	101.14666666666666	101.49333333333334	101.14	101.32666666666667	101.06	101.00666666666666	101.17333333333333	101.17333333333333	101.25333333333333	101.43333333333334	101.18	101.0	99.74666666666667	0.0
0.0	100.02	101.12666666666667	101.38	101.32666666666667	101.35333333333334	101.45333333333333	101.38	101.29333333333334	101.26666666666667	101.17333333333333	101.39333333333333	101.53333333333333	101.52	101.06	101.56	101.76666666666667	101.30666666666667	101.67333333333333	101.32	101.38666666666667	101.12	101.28666666666666	101.32666666666667	101.56	101.23333333333333	101.55333333333333	101.52	101.38666666666667	101.19333333333333	101.38	101.4	101.35333333333334	101.18	101.11333333333333	101.49333333333334	101.46	101.46666666666667	101.33333333333333	101.44	101.15333333333334	101.23333333333333	101.34	101.48	101.36	101.56666666666666	101.16666666666667	101.49333333333334	101.45333333333333	101.42666666666666	101.60666666666667	101.34	101.4	101.36666666666666	101.32	101.41333333333333	101.18	101.60666666666667	101.26666666666667	101.41333333333333	101.56666666666666	101.42666666666666	101.16666666666667	101.57333333333334	101.54666666666667	101.39333333333333	101.44666666666667	101.55333333333333	101.47333333333333	101.5	101.1	100.12	0.0
0.0	99.74666666666667	100.86	101.28	101.32	101.16	101.28666666666666	101.27333333333333	101.21333333333334	101.35333333333334	101.29333333333334	101.12	100.88666666666667	101.46	101.10666666666667	101.0	101.03333333333333	101.25333333333333	101.32	100.91333333333333	101.44	101.05333333333333	101.07333333333334	101.24666666666667	101.12666666666667	101.24666666666667	101.14666666666666	101.36	101.46	101.32666666666667	101.28666666666666	101.24	101.12666666666667	101.19333333333333	101.16666666666667	101.46	101.10666666666667	101.17333333333333	101.29333333333334	101.42	101.28666666666666	101.21333333333334	101.22	101.26666666666667	101.36666666666666	100.97333333333333	101.37333333333333	101.34666666666666	101.22	101.12	100.92	101.15333333333334	101.13333333333334	101.05333333333333	100.98	101.27333333333333	101.38666666666667	101.08666666666667	101.06	101.38	101.24	101.11333333333333	101.52	101.16	101.50666666666666	101.11333333333333	101.34	101.18	101.23333333333333	101.21333333333334	101.23333333333333	99.78666666666666	0.0
0.0	100.1	101.08666666666667	101.60666666666667	101.43333333333334	101.62	101.47333333333333	101.22666666666667	101.33333333333333	101.42	101.26666666666667	101.69333333333333	101.55333333333333	101.74666666666667	101.5	101.46	101.44	101.46	101.44666666666667	101.59333333333333	101.62	101.56	101.55333333333333	101.52666666666667	101.43333333333334	101.62	101.48666666666666	101.48	101.65333333333334	101.29333333333334	101.38	101.46	101.34666666666666	101.50666666666666	101.51333333333334	101.45333333333333	101.52666666666667	101.53333333333333	101.28	101.76	101.58666666666667	101.48666666666666	101.39333333333333	101.67333333333333	101.52666666666667	101.57333333333334	101.66	101.41333333333333	101.25333333333333	101.40666666666667	101.62	101.56666666666666	101.52	101.52666666666667	101.58	101.44666666666667	101.34	101.56	101.5	101.56666666666666	101.66666666666667	101.62	101.51333333333334	101.56666666666666	101.54	101.66	101.67333333333333	101.5	101.48	101.48	101.37333333333333	99.89333333333333	0.0
0.0	99.90666666666667	101.17333333333333	101.20666666666666	101.47333333333333	101.47333333333333	101.24	101.44	101.18666666666667	101.36	101.28666666666666	101.25333333333333	101.51333333333334	101.36	101.11333333333333	101.20666666666666	101.26666666666667	101.24666666666667	101.05333333333333	101.4	101.34666666666666	101.41333333333333	101.30666666666667	100.92666666666666	101.00666666666666	101.38	101.44666666666667	101.35333333333334	101.45333333333333	101.26666666666667	101.33333333333333	101.71333333333334	100.99333333333334	101.13333333333334	101.22	101.28666666666666	101.11333333333333	101.12666666666667	101.00666666666666	101.14	101.1	101.27333333333333	101.39333333333333	101.32666666666667	101.21333333333334	101.28	101.21333333333334	101.17333333333333	101.14666666666666	101.38666666666667	101.43333333333334	101.33333333333333	101.3	101.25333333333333	101.72	101.42	101.41333333333333	101.29333333333334	101.19333333333333	101.12666666666667	101.24666666666667	101.44	101.36666666666666	101.3	101.08	101.16666666666667	101.29333333333334	101.42666666666666	101.27333333333333	101.36	101.22	99.86666666666666	0.0
0.0	99.35333333333334	100.74666666666667	101.04	100.82	100.95333333333333	100.92	100.98	101.23333333333333	101.02666666666667	101.02	101.17333333333333	100.91333333333333	100.93333333333334	100.91333333333333	101.15333333333334	100.94	101.01333333333334	101.2	101.22	101.15333333333334	101.09333333333333	101.16	100.85333333333334	101.04666666666667	101.18	101.14	101.24666666666667	101.04666666666667	100.90666666666667	100.92666666666666	100.76666666666667	101.18	101.03333333333333	101.08666666666667	101.0	100.68	100.94	100.98	101.01333333333334	100.98	101.02	101.08666666666667	100.7	101.01333333333334	101.17333333333333	101.16666666666667	100.86666666666666	101.05333333333333	100.98666666666666	100.97333333333333	101.08	101.18666666666667	101.01333333333334	100.78666666666666	100.96	100.98666666666666	101.04666666666667	100.95333333333333	100.86666666666666	100.86	101.04	101.08	101.05333333333333	100.94666666666667	101.19333333333333	101.04666666666667	101.02	100.96666666666667	100.88	100.92	99.73333333333333	0.0
0.0	99.40666666666667	100.8	100.78666666666666	100.77333333333333	100.96	100.88666666666667	100.76	100.81333333333333	100.82	100.59333333333333	100.88666666666667	101.21333333333334	101.00666666666666	100.96666666666667	100.69333333333333	100.92666666666666	100.98666666666666	100.92666666666666	100.87333333333333	100.9	100.90666666666667	100.96666666666667	100.98666666666666	101.12666666666667	101.11333333333333	101.08666666666667	101.05333333333333	100.94	100.96666666666667	100.83333333333333	101.25333333333333	100.86666666666666	101.03333333333333	100.74666666666667	100.82666666666667	101.06	100.94	101.00666666666666	100.89333333333333	100.88	100.9	101.18666666666667	101.01333333333334	100.98666666666666	100.8	100.60666666666667	100.94	101.08	100.77333333333333	100.94	100.94666666666667	100.82666666666667	100.95333333333333	100.96666666666667	101.06	101.24	100.88666666666667	100.85333333333334	101.06	101.24	100.58666666666667	100.95333333333333	100.87333333333333	100.84666666666666	100.71333333333334	101.04666666666667	101.21333333333334	100.80666666666667	100.70666666666666	100.90666666666667	99.66666666666667	0.0
0.0	100.04666666666667	101.02666666666667	101.16666666666667	101.16	101.27333333333333	101.27333333333333	101.16666666666667	101.46666666666667	101.34	101.06	101.34666666666666	101.45333333333333	101.02666666666667	101.26666666666667	101.22	101.36	101.37333333333333	101.46666666666667	101.50666666666666	101.28666666666666	101.07333333333334	101.4	101.51333333333334	101.46666666666667	101.41333333333333	101.40666666666667	101.32666666666667	101.42666666666666	101.34	101.34	101.25333333333333	101.23333333333333	101.39333333333333	101.36666666666666	101.26	101.62	101.37333333333333	101.40666666666667	101.60666666666667	101.41333333333333	101.16	101.37333333333333	101.39333333333333	101.52666666666667	101.24666666666667	101.26666666666667	101.13333333333334	101.36666666666666	101.32	101.37333333333333	101.14666666666666	101.27333333333333	101.54	101.43333333333334	101.54	101.3	101.14	101.13333333333334	101.45333333333333	101.44	101.52666666666667	101.24	100.95333333333333	101.16	101.24666666666667	101.36	101.20666666666666	101.76	101.25333333333333	100.88	99.70666666666666	0.0
0.0	99.73333333333333	100.94	101.23333333333333	101.28	101.24	101.22	101.25333333333333	101.61333333333333	101.26	101.12	101.56	101.33333333333333	101.44	101.44	101.28	101.22666666666667	100.96	101.23333333333333	101.22	101.39333333333333	101.14666666666666	101.1	101.30666666666667	101.56666666666666	101.49333333333334	101.24	101.49333333333334	101.29333333333334	101.26666666666667	101.17333333333333	101.48	101.37333333333333	101.33333333333333	101.21333333333334	101.16666666666667	101.58666666666667	101.22	101.38666666666667	101.18666666666667	101.39333333333333	101.16	101.60666666666667	101.29333333333334	101.44	101.23333333333333	101.28	101.41333333333333	101.42	101.31333333333333	101.31333333333333	101.27333333333333	101.24	101.38	101.32	101.34	101.40666666666667	101.08666666666667	101.36666666666666	101.12	101.46666666666667	101.70666666666666	101.43333333333334	101.19333333333333	101.35333333333334	101.42	101.48666666666666	101.42	101.54666666666667	101.36	100.93333333333334	99.88666666666667	0.0
0.0	99.72666666666667	100.96	100.86666666666666	101.10666666666667	101.14666666666666	101.0	100.9	101.01333333333334	100.98	101.09333333333333	100.88666666666667	101.13333333333334	100.9	100.99333333333334	101.3	101.08666666666667	100.71333333333334	101.22666666666667	101.1	101.22	101.24	101.07333333333334	101.16	101.24666666666667	101.22	100.99333333333334	101.02666666666667	101.14	100.88	100.90666666666667	101.12	101.2	101.18666666666667	101.2	100.99333333333334	101.25333333333333	101.44666666666667	100.88	101.04666666666667	100.90666666666667	101.07333333333334	100.98	101.06	101.08666666666667	101.16666666666667	101.1	100.92666666666666	101.09333333333333	101.13333333333334	101.0	101.34666666666666	101.14666666666666	101.16666666666667	101.13333333333334	101.38666666666667	100.96	101.14	101.34666666666666	101.36666666666666	101.12	101.12	100.89333333333333	101.06666666666666	101.25333333333333	101.24666666666667	101.25333333333333	101.08666666666667	100.97333333333333	101.20666666666666	101.24666666666667	99.56	0.0
0.0	99.98	101.2	101.28666666666666	101.12	101.5	101.18	101.08666666666667	101.31333333333333	101.09333333333333	101.42666666666666	101.06666666666666	101.36666666666666	101.21333333333334	100.97333333333333	101.04666666666667	101.21333333333334	100.98666666666666	101.21333333333334	101.33333333333333	100.96	101.34666666666666	101.08	101.06	100.94	101.36666666666666	101.38	101.23333333333333	101.24	101.00666666666666	101.19333333333333	101.21333333333334	101.26666666666667	101.11333333333333	100.96666666666667	101.29333333333334	101.47333333333333	101.36666666666666	101.14666666666666	101.2	101.16666666666667	101.09333333333333	101.32	101.13333333333334	101.03333333333333	101.10666666666667	101.24666666666667	101.11333333333333	101.02666666666667	101.22	101.02666666666667	101.18	101.31333333333333	100.95333333333333	101.05333333333333	101.22666666666667	101.26666666666667	101.52	101.38666666666667	101.09333333333333	101.30666666666667	101.17333333333333	101.27333333333333	101.12	101.24	101.01333333333334	101.23333333333333	101.38	101.23333333333333	101.14	100.86666666666666	99.62666666666667	0.0
0.0	99.87333333333333	101.04666666666667	101.06666666666666	101.08	101.38	101.3	101.19333333333333	101.16666666666667	101.24666666666667	101.28	101.42666666666666	101.46666666666667	101.35333333333334	101.44666666666667	101.37333333333333	101.45333333333333	101.50666666666666	101.37333333333333	101.65333333333334	101.18	101.29333333333334	101.35333333333334	101.58666666666667	101.36666666666666	101.4	101.56666666666666	101.45333333333333	101.54	101.22	101.46	101.47333333333333	101.62	101.39333333333333	101.52	101.44666666666667	101.35333333333334	101.48666666666666	101.50666666666666	101.60666666666667	101.38	101.28	101.58666666666667	101.81333333333333	101.61333333333333	101.21333333333334	101.3	101.22666666666667	101.44666666666667	101.19333333333333	101.47333333333333	101.14666666666666	101.12666666666667	101.26	101.33333333333333	101.21333333333334	101.50666666666666	101.36666666666666	101.38	101.43333333333334	101.45333333333333	101.32666666666667	101.36666666666666	101.47333333333333	101.65333333333334	101.22666666666667	101.41333333333333	101.20666666666666	101.41333333333333	101.34	101.26	99.81333333333333	0.0
0.0	99.68666666666667	101.03333333333333	101.45333333333333	101.53333333333333	101.40666666666667	101.24	101.44666666666667	101.64	101.34	101.46	101.33333333333333	101.19333333333333	101.15333333333334	101.14	101.40666666666667	101.28666666666666	101.42666666666666	101.54	101.16666666666667	101.38	101.41333333333333	101.42666666666666	101.11333333333333	101.43333333333334	101.42666666666666	101.48666666666666	101.28666666666666	101.32	101.2	101.3	101.36	101.35333333333334	101.36666666666666	101.32	101.40666666666667	101.44	101.59333333333333	101.32666666666667	101.55333333333333	101.12	101.18	101.42	101.4	101.00666666666666	101.24	101.14	101.18	101.25333333333333	101.33333333333333	101.49333333333334	101.31333333333333	101.26666666666667	101.36	101.3	101.46666666666667	101.16	101.36666666666666	101.39333333333333	101.24	101.64666666666666	101.34666666666666	101.29333333333334	101.55333333333333	101.30666666666667	101.42	101.19333333333333	101.30666666666667	101.26666666666667	101.56666666666666	101.29333333333334	99.84	0.0
0.0	100.25333333333333	101.48666666666666	101.88666666666667	101.84	101.76	101.91333333333333	101.83333333333333	101.64666666666666	101.78666666666666	101.95333333333333	101.88	101.63333333333334	101.58666666666667	101.77333333333333	101.8	101.88666666666667	102.01333333333334	101.87333333333333	101.84666666666666	101.87333333333333	101.84666666666666	101.84	101.7	101.87333333333333	101.73333333333333	101.77333333333333	101.82666666666667	101.54	101.74666666666667	101.77333333333333	101.72	101.90666666666667	101.79333333333334	101.64666666666666	101.71333333333334	101.72	101.74666666666667	101.79333333333334	101.94666666666667	101.84	101.56666666666666	101.85333333333334	101.56	101.98	102.07333333333334	101.86	101.64666666666666	101.85333333333334	101.9	101.62666666666667	101.83333333333333	101.64	101.50666666666666	101.68666666666667	101.68	101.82666666666667	101.69333333333333	101.58666666666667	101.94666666666667	101.82	101.68666666666667	101.80666666666667	101.73333333333333	101.78666666666666	101.80666666666667	101.81333333333333	101.76666666666667	101.78	101.73333333333333	101.6	100.08	0.0
0.0	99.88	101.11333333333333	101.18	101.48	101.68666666666667	101.54666666666667	101.33333333333333	101.27333333333333	101.4	101.26666666666667	101.25333333333333	101.28	101.28	101.31333333333333	101.54666666666667	101.27333333333333	101.36666666666666	101.38666666666667	101.46666666666667	101.34	101.55333333333333	101.39333333333333	101.50666666666666	101.11333333333333	101.47333333333333	101.36	101.28	101.55333333333333	101.55333333333333	101.46	101.56	101.24666666666667	101.28	101.46666666666667	101.27333333333333	101.17333333333333	101.20666666666666	101.06	101.36666666666666	101.54666666666667	101.25333333333333	101.38666666666667	101.32666666666667	101.41333333333333	101.50666666666666	101.19333333333333	101.28	101.43333333333334	101.43333333333334	101.61333333333333	101.19333333333333	101.48666666666666	101.55333333333333	101.35333333333334	101.5	101.52666666666667	101.14	101.24	101.38666666666667	101.31333333333333	101.38	101.38666666666667	101.47333333333333	101.41333333333333	101.38666666666667	101.31333333333333	101.52	101.29333333333334	101.39333333333333	101.33333333333333	99.96	0.0
0.0	99.62666666666667	100.8	100.92666666666666	101.22	101.3	101.21333333333334	101.22	101.26666666666667	101.11333333333333	101.14666666666666	101.34666666666666	101.23333333333333	101.16666666666667	101.36	101.41333333333333	101.23333333333333	101.34666666666666	101.19333333333333	101.17333333333333	101.28666666666666	101.34666666666666	100.96	101.36666666666666	101.51333333333334	101.26	101.28666666666666	101.18666666666667	101.26666666666667	101.32666666666667	101.36	101.28	101.38	101.32666666666667	101.19333333333333	101.27333333333333	101.19333333333333	101.41333333333333	101.27333333333333	101.22	101.4	101.12	101.34666666666666	101.26	101.48666666666666	101.25333333333333	101.22666666666667	100.88	101.4	101.23333333333333	101.39333333333333	101.23333333333333	101.34	101.53333333333333	101.18	101.18666666666667	101.41333333333333	101.37333333333333	101.40666666666667	101.51333333333334	101.42	101.26	101.15333333333334	101.2	101.18666666666667	101.52666666666667	101.26666666666667	101.3	101.37333333333333	101.34	100.94666666666667	99.68	0.0
0.0	99.79333333333334	101.10666666666667	101.4	101.08	101.26666666666667	101.17333333333333	101.56666666666666	101.49333333333334	101.36666666666666	101.70666666666666	101.25333333333333	101.06	101.23333333333333	101.18	101.34666666666666	101.3	101.17333333333333	101.36666666666666	101.48666666666666	101.23333333333333	101.47333333333333	101.39333333333333	101.48	101.26	101.24666666666667	101.54	101.28666666666666	101.40666666666667	101.49333333333334	101.39333333333333	101.47333333333333	101.3	101.35333333333334	101.2	101.38666666666667	101.34666666666666	101.57333333333334	101.22666666666667	101.73333333333333	101.2	101.44	101.4	101.12666666666667	101.52	101.24666666666667	101.5	101.46666666666667	101.46	101.33333333333333	101.30666666666667	101.39333333333333	101.56666666666666	101.4	101.42	101.42	101.55333333333333	101.58666666666667	101.41333333333333	101.42666666666666	101.55333333333333	101.52666666666667	101.20666666666666	101.32	101.16666666666667	101.4	101.42	101.16666666666667	101.36666666666666	101.34666666666666	101.09333333333333	99.63333333333334	0.0
0.0	99.65333333333334	100.9	101.17333333333333	101.05333333333333	101.18666666666667	101.38666666666667	101.38	101.46666666666667	101.36666666666666	101.09333333333333	101.46666666666667	101.21333333333334	101.14	101.15333333333334	101.27333333333333	101.15333333333334	101.13333333333334	101.16	101.38	101.27333333333333	101.18666666666667	101.22666666666667	101.10666666666667	101.02666666666667	101.12	101.16666666666667	101.1	100.94666666666667	100.92	101.18666666666667	101.15333333333334	101.44666666666667	101.09333333333333	101.38666666666667	101.42	101.38666666666667	101.27333333333333	101.24666666666667	101.4	101.05333333333333	101.12666666666667	101.18	101.28666666666666	101.34666666666666	101.24666666666667	101.30666666666667	101.04	101.24	101.02	101.11333333333333	101.17333333333333	101.18	101.23333333333333	101.06666666666666	101.09333333333333	101.4	101.24666666666667	100.86666666666666	101.2	101.19333333333333	101.29333333333334	101.44	100.95333333333333	101.35333333333334	101.2	101.22666666666667	101.19333333333333	100.96666666666667	101.03333333333333	101.14	99.97333333333333	0.0
0.0	99.88666666666667	101.18666666666667	101.35333333333334	101.20666666666666	101.3	101.30666666666667	101.3	101.46666666666667	101.76	101.46666666666667	101.4	101.34	101.38	101.28666666666666	101.6	101.12666666666667	101.24	101.38666666666667	101.48666666666666	101.28	101.27333333333333	101.43333333333334	101.23333333333333	101.19333333333333	101.27333333333333	101.20666666666666	101.49333333333334	101.54666666666667	101.31333333333333	101.43333333333334	101.50666666666666	101.61333333333333	101.47333333333333	101.52666666666667	101.13333333333334	101.48666666666666	101.16666666666667	101.56	101.67333333333333	101.30666666666667	101.26666666666667	101.26	101.35333333333334	101.33333333333333	101.58666666666667	101.55333333333333	101.28	101.11333333333333	101.06	101.08	101.26666666666667	101.3	101.4	101.13333333333334	101.26666666666667	101.5	101.25333333333333	101.21333333333334	101.28666666666666	101.23333333333333	101.22666666666667	101.46666666666667	101.18	101.11333333333333	101.3	101.22	101.48666666666666	101.3	101.28	101.02	99.79333333333334	0.0
0.0	99.84	100.88666666666667	101.21333333333334	101.04666666666667	100.88	101.09333333333333	101.07333333333334	101.05333333333333	101.07333333333334	101.11333333333333	100.93333333333334	101.25333333333333	101.26	101.12	101.20666666666666	100.91333333333333	101.05333333333333	101.24666666666667	100.94	100.98	101.30666666666667	101.08	101.39333333333333	101.02	101.01333333333334	101.16	101.12	101.29333333333334	101.12	101.19333333333333	101.24666666666667	100.96	101.15333333333334	101.17333333333333	101.15333333333334	101.12666666666667	101.16	101.04	101.22666666666667	101.00666666666666	101.22666666666667	101.19333333333333	100.85333333333334	101.22	101.23333333333333	101.08	101.17333333333333	101.1	101.15333333333334	101.15333333333334	101.66	101.06666666666666	101.18	101.04666666666667	101.03333333333333	101.0	101.13333333333334	101.18666666666667	101.13333333333334	101.37333333333333	101.24	101.10666666666667	101.14666666666666	101.26	101.36	101.11333333333333	100.94666666666667	100.95333333333333	101.1	100.94666666666667	99.72	0.0
0.0	99.86	101.18	100.83333333333333	100.88666666666667	100.98	101.35333333333334	101.18	101.06	100.89333333333333	100.88	101.01333333333334	100.94	101.19333333333333	101.1	101.09333333333333	100.94666666666667	100.96	101.22666666666667	101.11333333333333	101.20666666666666	101.02	101.05333333333333	101.12	101.39333333333333	101.08666666666667	100.93333333333334	101.19333333333333	101.0	101.3	101.28666666666666	101.02666666666667	101.20666666666666	101.26	100.98	100.97333333333333	100.98666666666666	101.04	101.2	101.27333333333333	101.03333333333333	101.1	101.26666666666667	101.23333333333333	101.15333333333334	101.24666666666667	101.29333333333334	100.89333333333333	101.04666666666667	101.00666666666666	101.17333333333333	101.18	101.29333333333334	101.12	101.04666666666667	100.80666666666667	101.26666666666667	101.03333333333333	101.21333333333334	101.06666666666666	101.24	101.15333333333334	100.90666666666667	101.3	101.06666666666666	101.18	101.07333333333334	100.87333333333333	101.08	101.06666666666666	101.18	99.73333333333333	0.0
0.0	99.89333333333333	101.24	101.54	101.25333333333333	101.46666666666667	101.45333333333333	101.28	101.41333333333333	101.25333333333333	101.16	101.26666666666667	101.18666666666667	101.46	101.38	101.16666666666667	101.42	101.43333333333334	101.35333333333334	101.33333333333333	101.36666666666666	101.48	101.08	101.31333333333333	101.39333333333333	101.5	101.44666666666667	101.49333333333334	101.39333333333333	101.25333333333333	101.42	101.52666666666667	101.23333333333333	101.42	101.34	101.33333333333333	101.14666666666666	101.12666666666667	101.24666666666667	101.44666666666667	101.74	101.38666666666667	101.45333333333333	101.28666666666666	101.32666666666667	101.37333333333333	101.24	101.00666666666666	101.21333333333334	101.53333333333333	101.29333333333334	101.44666666666667	101.35333333333334	101.44	101.35333333333334	101.30666666666667	101.44666666666667	101.22	101.28666666666666	101.42	101.52666666666667	101.18	101.32	101.47333333333333	101.54	101.28	101.52666666666667	101.43333333333334	101.45333333333333	101.35333333333334	101.03333333333333	100.18	0.0
0.0	99.74	100.94666666666667	101.22666666666667	101.30666666666667	101.14	101.10666666666667	101.20666666666666	101.03333333333333	101.06	101.11333333333333	101.08	101.39333333333333	101.16	101.21333333333334	100.93333333333334	101.26666666666667	101.07333333333334	101.17333333333333	100.93333333333334	100.97333333333333	101.09333333333333	101.34	101.18	101.18666666666667	101.25333333333333	100.88666666666667	101.29333333333334	101.23333333333333	101.31333333333333	100.81333333333333	101.28666666666666	101.02	101.25333333333333	101.23333333333333	100.92666666666666	100.93333333333334	100.99333333333334	101.07333333333334	100.93333333333334	101.01333333333334	101.08	101.17333333333333	101.36	101.1	100.98	100.99333333333334	100.95333333333333	101.02666666666667	101.05333333333333	101.16666666666667	101.05333333333333	101.05333333333333	101.04	101.46	101.18666666666667	100.95333333333333	101.14	100.96666666666667	101.10666666666667	101.32666666666667	101.00666666666666	101.31333333333333	101.45333333333333	101.18666666666667	101.14	101.08	101.04666666666667	100.97333333333333	101.1	100.92	99.87333333333333	0.0
0.0	100.07333333333334	101.25333333333333	101.46	101.49333333333334	101.18666666666667	101.37333333333333	101.26	101.47333333333333	101.26666666666667	101.44	101.62	101.41333333333333	101.35333333333334	101.41333333333333	101.24	101.06666666666666	101.32	101.66	101.45333333333333	101.16666666666667	101.57333333333334	101.32	101.44666666666667	101.28	101.29333333333334	101.11333333333333	101.12	101.32	101.41333333333333	101.32666666666667	101.59333333333333	101.4	101.51333333333334	101.52	101.52	101.34	101.27333333333333	101.24666666666667	101.6	101.37333333333333	101.39333333333333	101.18	101.44666666666667	101.73333333333333	101.44	101.26	101.34666666666666	101.48666666666666	101.4	101.26	101.36666666666666	101.29333333333334	101.45333333333333	101.26666666666667	101.22	101.29333333333334	101.28	101.2	101.14	101.26	101.42	101.51333333333334	101.33333333333333	101.32666666666667	101.11333333333333	101.10666666666667	101.34	101.38	101.45333333333333	101.41333333333333	100.06	0.0
0.0	99.87333333333333	101.14	101.48	101.38666666666667	101.36666666666666	101.48	101.32	101.32	101.28	101.5	101.42	101.43333333333334	101.4	101.4	101.22	101.41333333333333	101.48	101.60666666666667	101.32666666666667	101.32	101.36666666666666	101.46666666666667	101.22	101.42	101.29333333333334	101.10666666666667	101.30666666666667	101.31333333333333	101.45333333333333	101.27333333333333	101.70666666666666	101.6	101.56	101.34666666666666	101.46666666666667	101.34666666666666	101.53333333333333	101.54666666666667	101.5	101.43333333333334	101.51333333333334	101.71333333333334	101.58666666666667	101.77333333333333	101.56666666666666	101.44	101.57333333333334	101.69333333333333	101.44666666666667	101.33333333333333	101.46	101.56666666666666	101.45333333333333	101.48	101.58666666666667	101.51333333333334	101.13333333333334	101.3	101.46	101.54	101.45333333333333	101.42	101.56666666666666	101.55333333333333	101.48	101.24666666666667	101.42	101.35333333333334	101.38	101.12	99.78666666666666	0.0
0.0	99.83333333333333	100.94	101.30666666666667	101.38	101.12	101.36	101.42	101.44	101.24666666666667	101.34	101.59333333333333	101.22	101.48666666666666	101.46	101.27333333333333	101.64	101.50666666666666	101.49333333333334	101.45333333333333	101.88666666666667	101.26	101.36666666666666	101.63333333333334	101.37333333333333	101.41333333333333	101.61333333333333	101.26666666666667	101.58	101.32666666666667	101.28666666666666	101.16666666666667	101.65333333333334	101.56666666666666	101.48666666666666	101.47333333333333	101.44	101.56	101.27333333333333	101.63333333333334	101.37333333333333	101.42666666666666	101.53333333333333	101.62	101.62666666666667	101.5	100.94	101.51333333333334	101.43333333333334	101.27333333333333	101.29333333333334	101.39333333333333	101.10666666666667	101.35333333333334	101.24666666666667	101.25333333333333	101.36	101.24666666666667	101.52	101.23333333333333	101.7	101.36	101.54	101.46666666666667	101.28	101.57333333333334	101.38666666666667	101.44666666666667	101.37333333333333	101.62666666666667	101.21333333333334	99.89333333333333	0.0
0.0	99.78666666666666	101.20666666666666	101.37333333333333	101.39333333333333	101.76666666666667	101.71333333333334	101.32	101.59333333333333	101.7	101.42666666666666	101.34	101.39333333333333	101.49333333333334	101.59333333333333	101.34	101.36666666666666	101.56666666666666	101.52666666666667	101.37333333333333	101.46	101.3	101.43333333333334	101.52	101.59333333333333	101.52	101.38	101.54	101.54	101.36666666666666	101.5	101.32	101.32	101.52	101.44666666666667	101.32666666666667	101.40666666666667	101.40666666666667	101.49333333333334	101.31333333333333	101.4	101.44666666666667	101.52	101.24	101.53333333333333	101.48	101.15333333333334	101.48666666666666	101.34	101.52	101.49333333333334	101.7	101.59333333333333	101.25333333333333	101.45333333333333	101.32	101.46666666666667	101.4	101.49333333333334	101.52666666666667	101.71333333333334	101.50666666666666	101.48	101.5	101.41333333333333	101.44666666666667	101.3	101.4	101.55333333333333	101.37333333333333	101.32666666666667	99.98	0.0
0.0	100.10666666666667	101.21333333333334	101.46666666666667	101.41333333333333	101.26	101.47333333333333	101.24	101.29333333333334	101.45333333333333	101.62	101.38666666666667	101.47333333333333	101.5	101.39333333333333	101.63333333333334	101.48666666666666	101.45333333333333	101.27333333333333	101.56	101.36	101.54	101.29333333333334	101.68	101.37333333333333	101.43333333333334	101.61333333333333	101.79333333333334	101.70666666666666	101.39333333333333	101.46	101.86666666666666	101.3	101.32666666666667	101.45333333333333	101.52	101.44	101.42666666666666	101.58666666666667	101.25333333333333	101.26	101.42	101.65333333333334	101.66666666666667	101.40666666666667	101.76	101.5	101.54	101.54666666666667	101.12666666666667	101.38666666666667	101.46666666666667	101.46	101.76	101.48	101.71333333333334	101.27333333333333	101.26	101.34666666666666	101.34	101.56	101.49333333333334	101.42666666666666	101.39333333333333	101.65333333333334	101.62666666666667	101.18666666666667	101.42	101.38	101.64	101.24	100.1	0.0
0.0	100.0	101.33333333333333	101.44666666666667	101.48	101.4	101.29333333333334	101.02666666666667	101.38	101.15333333333334	101.08	101.18	101.40666666666667	101.26	101.32	101.2	101.13333333333334	101.43333333333334	101.23333333333333	101.30666666666667	101.44	101.34	101.4	100.99333333333334	101.19333333333333	101.06666666666666	101.36666666666666	101.24	101.06666666666666	101.34	101.35333333333334	101.58666666666667	101.38	101.38	101.32666666666667	101.24666666666667	101.06	101.25333333333333	101.14	101.38666666666667	101.38666666666667	101.22666666666667	101.06	101.13333333333334	101.61333333333333	101.41333333333333	101.45333333333333	101.22	101.30666666666667	101.38666666666667	101.39333333333333	101.18666666666667	101.16666666666667	101.43333333333334	101.12666666666667	101.16666666666667	101.06666666666666	101.08	101.07333333333334	101.12	101.13333333333334	101.24666666666667	101.02	101.39333333333333	101.33333333333333	101.25333333333333	100.95333333333333	101.06	101.18666666666667	101.25333333333333	101.22	99.64666666666666	0.0
0.0	100.18	101.15333333333334	101.52	101.39333333333333	101.64	101.50666666666666	101.58666666666667	101.46	101.28	101.3	101.44	101.76	101.51333333333334	101.17333333333333	101.4	101.63333333333334	101.46	101.42	101.51333333333334	101.48666666666666	101.54	101.41333333333333	101.39333333333333	101.46	101.51333333333334	101.55333333333333	101.53333333333333	101.46666666666667	101.49333333333334	101.58666666666667	101.5	101.57333333333334	101.34	101.27333333333333	101.29333333333334	101.52	101.52666666666667	101.54666666666667	101.48	101.36666666666666	101.59333333333333	101.14	101.48	101.44666666666667	101.66666666666667	101.48666666666666	101.62666666666667	101.17333333333333	101.52666666666667	101.36666666666666	101.48666666666666	101.41333333333333	101.49333333333334	101.53333333333333	101.54666666666667	101.61333333333333	101.48666666666666	101.44666666666667	101.32	101.34666666666666	101.46	101.66	101.48666666666666	101.40666666666667	101.55333333333333	101.63333333333334	101.56666666666666	101.27333333333333	101.52	101.22	99.78666666666666	0.0
0.0	99.76666666666667	101.13333333333334	101.5	101.13333333333334	101.41333333333333	101.34666666666666	101.48	101.37333333333333	101.43333333333334	101.53333333333333	101.35333333333334	101.33333333333333	101.1	101.17333333333333	101.09333333333333	101.35333333333334	101.44666666666667	101.2	101.13333333333334	101.40666666666667	101.27333333333333	101.34666666666666	101.13333333333334	101.12	101.27333333333333	101.26	101.36	101.28	101.42	101.08	101.29333333333334	101.20666666666666	101.44666666666667	101.54666666666667	101.5	101.34	101.24666666666667	101.37333333333333	101.42666666666666	101.36666666666666	101.29333333333334	101.42	101.16666666666667	101.34	101.22	101.37333333333333	101.12666666666667	101.34	101.38666666666667	101.28	101.23333333333333	101.12666666666667	101.39333333333333	101.06666666666666	101.16	100.99333333333334	101.22666666666667	101.24666666666667	101.20666666666666	101.25333333333333	101.26666666666667	101.32	101.2	101.11333333333333	101.31333333333333	101.23333333333333	101.22	101.47333333333333	101.44666666666667	101.29333333333334	99.84	0.0
0.0	99.82	101.12	101.56666666666666	101.13333333333334	101.46	101.34	101.68666666666667	101.56666666666666	101.28	101.17333333333333	101.44	101.40666666666667	101.08666666666667	101.46	101.28666666666666	101.54	101.24666666666667	101.44	101.09333333333333	101.48666666666666	101.36	101.26	101.16	101.26	101.4	101.47333333333333	101.40666666666667	101.26	101.27333333333333	101.38666666666667	101.36	101.40666666666667	101.16	101.22	101.40666666666667	101.38	101.42	101.65333333333334	101.53333333333333	101.06666666666666	101.35333333333334	101.46666666666667	101.23333333333333	101.22666666666667	101.54666666666667	101.34666666666666	101.27333333333333	101.28666666666666	100.97333333333333	101.14666666666666	101.25333333333333	101.58666666666667	101.38666666666667	101.47333333333333	101.35333333333334	101.3	101.24	101.22666666666667	101.1	101.64	101.28666666666666	101.27333333333333	101.16666666666667	101.34	101.3	101.38666666666667	101.02	101.47333333333333	101.22666666666667	101.06666666666666	99.87333333333333	0.0
0.0	100.14	101.20666666666666	101.54666666666667	101.38	101.75333333333333	101.69333333333333	101.75333333333333	101.43333333333334	101.42	101.35333333333334	101.7	101.54	101.42	101.35333333333334	101.40666666666667	101.72	101.44	101.42666666666666	101.49333333333334	101.20666666666666	101.63333333333334	101.28	101.60666666666667	101.49333333333334	101.24	101.54	101.36	101.48	101.43333333333334	101.66	101.55333333333333	101.38666666666667	101.22	101.26	101.50666666666666	101.31333333333333	101.45333333333333	101.48666666666666	101.49333333333334	101.44666666666667	101.28666666666666	101.52	101.58	101.62666666666667	101.46666666666667	101.62	101.34666666666666	101.24	101.38666666666667	101.63333333333334	101.28	101.47333333333333	101.81333333333333	101.22666666666667	101.52	101.42666666666666	101.56666666666666	101.49333333333334	101.53333333333333	101.74666666666667	101.38	101.40666666666667	101.58666666666667	101.52666666666667	101.02666666666667	101.63333333333334	101.67333333333333	101.61333333333333	101.68	101.2	100.15333333333334	0.0
0.0	99.63333333333334	100.84	100.84666666666666	101.29333333333334	101.12	101.44666666666667	101.06666666666666	101.16	101.22666666666667	101.06	101.08	100.96666666666667	101.07333333333334	100.62666666666667	101.10666666666667	101.24666666666667	101.38666666666667	100.97333333333333	101.07333333333334	101.18666666666667	101.25333333333333	101.25333333333333	101.03333333333333	101.23333333333333	100.81333333333333	101.17333333333333	100.94	100.99333333333334	101.14666666666666	100.97333333333333	101.17333333333333	101.01333333333334	100.88	101.24	101.22666666666667	100.90666666666667	100.77333333333333	100.92	100.97333333333333	101.45333333333333	100.94666666666667	101.17333333333333	100.88666666666667	101.04666666666667	101.02666666666667	101.08	101.03333333333333	101.03333333333333	101.06666666666666	100.58666666666667	100.99333333333334	101.18666666666667	100.98666666666666	100.83333333333333	100.98	101.04	100.93333333333334	100.84	100.96	100.98	101.02	100.84	100.96666666666667	100.93333333333334	101.02666666666667	101.08666666666667	100.76666666666667	100.90666666666667	101.16666666666667	100.8	99.54666666666667	0.0
0.0	100.14666666666666	101.50666666666666	101.46666666666667	101.68	101.62666666666667	101.63333333333334	101.48	101.77333333333333	101.67333333333333	101.5	101.63333333333334	101.55333333333333	101.34	101.46	101.44	101.59333333333333	101.63333333333334	101.34666666666666	101.86	101.70666666666666	101.72	101.76666666666667	101.67333333333333	101.45333333333333	101.6	101.78	101.76	101.82	101.83333333333333	101.39333333333333	101.46666666666667	101.64666666666666	101.58	101.71333333333334	101.66666666666667	101.56666666666666	101.5	101.66	101.66666666666667	101.38	101.44666666666667	101.24666666666667	101.44	101.55333333333333	101.55333333333333	101.31333333333333	101.53333333333333	101.30666666666667	101.4	101.56	101.32	101.72	101.41333333333333	101.57333333333334	101.60666666666667	101.72666666666667	101.46666666666667	101.76666666666667	101.61333333333333	101.69333333333333	101.65333333333334	101.36	101.7	101.94666666666667	101.47333333333333	101.32666666666667	101.74666666666667	101.18666666666667	101.29333333333334	101.39333333333333	99.82	0.0
0.0	99.8	100.94666666666667	101.03333333333333	101.35333333333334	101.04666666666667	101.12666666666667	101.35333333333334	101.28666666666666	100.91333333333333	101.21333333333334	100.92666666666666	101.27333333333333	101.22	101.18666666666667	100.91333333333333	101.06	101.09333333333333	101.22	101.09333333333333	101.17333333333333	101.2	101.27333333333333	101.11333333333333	101.21333333333334	101.05333333333333	100.99333333333334	101.14666666666666	101.16666666666667	101.04666666666667	101.24	101.08	100.94666666666667	101.26	100.97333333333333	101.46	101.18	101.08666666666667	101.08	101.01333333333334	100.98666666666666	101.0	101.04	100.96	101.32	100.92666666666666	101.06666666666666	101.10666666666667	101.0	100.86	101.23333333333333	101.42666666666666	101.14666666666666	101.3	100.96	101.0	101.1	100.94666666666667	101.06666666666666	101.05333333333333	101.24666666666667	101.05333333333333	101.07333333333334	100.93333333333334	101.06666666666666	100.94666666666667	100.92666666666666	101.05333333333333	100.96666666666667	101.30666666666667	100.89333333333333	99.55333333333333	0.0
0.0	99.64666666666666	101.07333333333334	101.26	101.3	101.34	101.46666666666667	101.26666666666667	101.34	101.36	101.16	101.4	101.13333333333334	101.34	101.3	101.09333333333333	101.01333333333334	101.34	101.33333333333333	101.56	101.26666666666667	101.14666666666666	101.26666666666667	101.08	101.33333333333333	101.35333333333334	101.44	101.52666666666667	101.24	101.08666666666667	101.47333333333333	101.62666666666667	101.28	101.24	101.46	101.31333333333333	101.4	101.43333333333334	101.56	101.31333333333333	101.38666666666667	101.37333333333333	101.07333333333334	101.34666666666666	101.16666666666667	101.02	101.56666666666666	101.43333333333334	101.42666666666666	101.36666666666666	101.20666666666666	101.34	101.24666666666667	101.4	101.57333333333334	101.43333333333334	101.18	101.32	101.54	101.4	101.16	101.32666666666667	101.26	101.26	101.10666666666667	100.88666666666667	101.31333333333333	101.24	101.13333333333334	101.22666666666667	101.24	100.02	0.0
0.0	99.70666666666666	101.06	100.97333333333333	101.16666666666667	101.30666666666667	101.12666666666667	101.26666666666667	101.06	101.34	101.06	101.06666666666666	101.14666666666666	101.11333333333333	101.14	101.19333333333333	101.08666666666667	101.18666666666667	101.22	101.28	101.08666666666667	100.84	101.1	101.06666666666666	100.90666666666667	101.24	101.19333333333333	100.92666666666666	101.13333333333334	101.08	101.15333333333334	101.13333333333334	101.0	101.10666666666667	101.07333333333334	101.21333333333334	101.22	101.20666666666666	101.02	101.27333333333333	101.06	101.2	100.80666666666667	101.26666666666667	101.24666666666667	101.04	101.2	101.38	101.20666666666666	101.32	101.22666666666667	101.31333333333333	101.38	101.35333333333334	101.1	101.20666666666666	101.19333333333333	101.06	101.31333333333333	101.08	101.14	101.16	101.07333333333334	100.90666666666667	101.19333333333333	101.33333333333333	101.2	101.16666666666667	101.2	101.09333333333333	101.07333333333334	99.58666666666667	0.0
0.0	99.75333333333333	101.01333333333334	101.29333333333334	101.10666666666667	101.36	101.46	101.34666666666666	101.48	101.25333333333333	101.36	101.30666666666667	101.42666666666666	101.50666666666666	101.38	101.12	101.48	101.33333333333333	101.58	101.5	101.5	101.29333333333334	101.33333333333333	101.00666666666666	101.28	101.24666666666667	101.58666666666667	101.35333333333334	101.42	101.32666666666667	101.48666666666666	101.23333333333333	101.52	101.29333333333334	101.60666666666667	101.51333333333334	101.45333333333333	101.36666666666666	101.36666666666666	101.37333333333333	101.21333333333334	101.11333333333333	101.42666666666666	101.29333333333334	101.29333333333334	101.22666666666667	101.27333333333333	101.32666666666667	101.44666666666667	101.18666666666667	101.29333333333334	101.35333333333334	101.59333333333333	101.38	101.34	101.10666666666667	101.2	101.14	101.46	101.34	101.28	101.39333333333333	101.18666666666667	101.37333333333333	101.00666666666666	101.3	101.32	101.21333333333334	101.43333333333334	101.46	101.13333333333334	100.03333333333333	0.0
0.0	99.9	101.14666666666666	101.14666666666666	101.42	101.42	101.19333333333333	101.10666666666667	101.5	101.32666666666667	101.31333333333333	101.15333333333334	101.27333333333333	101.28666666666666	101.37333333333333	101.36	101.43333333333334	101.32	101.33333333333333	101.32666666666667	101.53333333333333	101.35333333333334	101.01333333333334	101.42666666666666	101.42666666666666	101.18666666666667	101.24	101.18	101.6	101.24	101.38	101.26666666666667	101.16666666666667	101.18	101.26	101.20666666666666	101.20666666666666	100.98	101.40666666666667	101.2	101.41333333333333	101.3	101.09333333333333	101.32666666666667	101.19333333333333	101.4	101.4	101.54	101.46666666666667	101.14666666666666	101.34666666666666	101.35333333333334	101.06666666666666	101.25333333333333	101.37333333333333	101.37333333333333	100.94	101.58666666666667	101.27333333333333	100.96	101.36666666666666	101.27333333333333	101.36666666666666	101.27333333333333	101.26	101.22666666666667	101.36	101.18666666666667	101.36	101.41333333333333	101.28666666666666	99.79333333333334	0.0
0.0	99.57333333333334	100.58	100.94	100.92	100.96666666666667	101.14666666666666	100.92	100.87333333333333	100.88	100.86	101.14	100.91333333333333	100.94666666666667	100.96666666666667	101.04666666666667	100.85333333333334	100.85333333333334	100.98	101.13333333333334	101.11333333333333	101.03333333333333	101.00666666666666	101.16	101.19333333333333	101.08	100.64	100.92	100.91333333333333	100.82	100.93333333333334	101.0	100.88	100.91333333333333	101.11333333333333	100.75333333333333	101.06	100.86	100.72666666666667	101.21333333333334	100.89333333333333	100.95333333333333	100.92666666666666	100.78	101.24	101.02	100.98	101.14666666666666	100.92	100.89333333333333	101.09333333333333	101.09333333333333	100.98666666666666	100.88666666666667	101.22666666666667	100.9	100.99333333333334	100.99333333333334	100.89333333333333	101.04	100.81333333333333	100.88666666666667	101.07333333333334	101.13333333333334	100.88	100.98	100.87333333333333	101.06	100.94	100.70666666666666	100.86666666666666	99.63333333333334	0.0
0.0	100.05333333333333	101.38666666666667	101.46	101.46666666666667	101.28	101.20666666666666	101.32	101.38666666666667	101.44666666666667	101.1	101.41333333333333	101.47333333333333	101.32	101.25333333333333	101.09333333333333	101.36666666666666	101.48666666666666	101.45333333333333	101.26	101.26	101.47333333333333	101.25333333333333	101.11333333333333	101.59333333333333	101.24666666666667	101.34666666666666	101.3	101.2	101.39333333333333	101.19333333333333	101.43333333333334	101.56	101.84666666666666	101.12	101.62	101.37333333333333	101.3	101.26	101.5	101.47333333333333	101.28	101.27333333333333	101.34666666666666	101.20666666666666	101.46666666666667	101.22666666666667	101.3	101.54666666666667	101.22666666666667	101.38666666666667	101.44	101.36666666666666	101.59333333333333	101.38666666666667	101.08666666666667	101.3	101.19333333333333	101.12	101.38666666666667	101.25333333333333	101.11333333333333	101.32666666666667	101.35333333333334	101.52	101.34	101.45333333333333	101.49333333333334	101.26	101.2	101.38	99.89333333333333	0.0
0.0	100.08	100.98666666666666	101.33333333333333	101.36	101.40666666666667	101.42	101.18666666666667	101.4	101.22666666666667	101.29333333333334	101.4	101.20666666666666	101.36666666666666	101.28	101.1	101.24	101.48666666666666	101.33333333333333	101.37333333333333	101.17333333333333	101.49333333333334	101.24	101.58666666666667	101.31333333333333	101.25333333333333	101.46	101.35333333333334	101.17333333333333	101.14666666666666	101.28	101.35333333333334	101.51333333333334	101.23333333333333	101.45333333333333	101.66	101.32	101.22	101.44666666666667	101.29333333333334	101.53333333333333	101.18	101.16666666666667	101.46	101.33333333333333	101.13333333333334	101.51333333333334	101.33333333333333	101.16	101.22666666666667	101.48666666666666	101.29333333333334	101.32666666666667	101.22	101.56	101.18666666666667	101.12666666666667	101.22666666666667	101.26666666666667	101.35333333333334	101.4	101.51333333333334	101.44	101.14666666666666	101.37333333333333	101.29333333333334	101.26666666666667	101.22666666666667	101.36666666666666	101.22	101.08666666666667	100.00666666666666	0.0
0.0	99.92	101.28	101.59333333333333	101.39333333333333	101.43333333333334	101.45333333333333	101.46	101.54666666666667	101.55333333333333	101.39333333333333	101.4	101.33333333333333	101.33333333333333	101.51333333333334	101.43333333333334	101.58666666666667	101.64	101.6	101.29333333333334	101.44666666666667	101.43333333333334	101.50666666666666	101.31333333333333	101.34666666666666	101.27333333333333	101.56	101.47333333333333	101.51333333333334	101.41333333333333	101.53333333333333	101.62666666666667	101.74	101.62	101.38666666666667	101.62	101.64	101.62	101.52666666666667	101.49333333333334	101.67333333333333	101.56666666666666	101.37333333333333	101.54	101.43333333333334	101.49333333333334	101.42	101.6	101.58666666666667	101.36666666666666	101.51333333333334	101.78666666666666	101.46666666666667	101.31333333333333	101.66666666666667	101.68666666666667	101.48666666666666	101.35333333333334	101.61333333333333	101.24	101.66666666666667	101.46	101.37333333333333	101.42666666666666	101.44666666666667	101.40666666666667	101.82	101.54	101.58	101.26666666666667	101.36	100.05333333333333	0.0
0.0	99.85333333333334	100.82666666666667	100.89333333333333	101.2	101.18666666666667	101.11333333333333	101.21333333333334	101.36	101.18	101.31333333333333	101.35333333333334	101.18	101.33333333333333	101.40666666666667	100.98666666666666	101.68	101.59333333333333	101.69333333333333	101.37333333333333	101.46	101.23333333333333	101.35333333333334	101.27333333333333	101.44	101.14666666666666	101.15333333333334	101.52666666666667	101.2	101.32	101.25333333333333	101.18666666666667	101.36	101.25333333333333	100.9	100.99333333333334	100.88666666666667	101.45333333333333	101.34666666666666	101.30666666666667	101.17333333333333	101.3	101.19333333333333	101.37333333333333	101.30666666666667	101.24	101.10666666666667	101.18	101.29333333333334	101.51333333333334	101.25333333333333	101.07333333333334	101.46666666666667	101.40666666666667	101.34666666666666	101.32	101.34	101.20666666666666	101.34666666666666	101.40666666666667	101.42	101.45333333333333	101.41333333333333	101.41333333333333	100.93333333333334	101.01333333333334	101.30666666666667	101.32666666666667	101.15333333333334	101.25333333333333	100.86666666666666	99.91333333333333	0.0
0.0	99.78666666666666	100.85333333333334	101.32	101.08666666666667	101.46666666666667	101.55333333333333	101.34	101.24666666666667	101.28	101.12	101.36666666666666	101.24	101.09333333333333	101.32666666666667	101.14666666666666	101.52	101.38666666666667	101.62	101.36666666666666	101.56	101.23333333333333	101.49333333333334	101.32666666666667	101.4	101.33333333333333	101.15333333333334	101.3	101.42	101.5	101.34666666666666	101.18	101.29333333333334	101.52666666666667	101.44	101.16666666666667	101.34	101.22	101.06	101.14666666666666	101.12666666666667	101.01333333333334	101.21333333333334	101.14666666666666	100.95333333333333	101.36666666666666	101.20666666666666	101.31333333333333	101.38666666666667	101.24	101.02	100.94	101.34	101.43333333333334	101.33333333333333	101.38	101.42	101.19333333333333	101.19333333333333	101.33333333333333	101.38	101.49333333333334	101.4	101.32	101.40666666666667	101.16	101.12666666666667	101.11333333333333	101.44666666666667	101.44666666666667	101.17333333333333	99.92666666666666	0.0
0.0	99.80666666666667	100.95333333333333	101.41333333333333	101.1	101.11333333333333	101.28666666666666	101.27333333333333	101.30666666666667	101.20666666666666	101.18	101.10666666666667	101.17333333333333	101.07333333333334	101.16	101.10666666666667	100.98	101.12	101.31333333333333	101.04	101.20666666666666	101.22666666666667	101.2	101.48666666666666	101.33333333333333	100.99333333333334	101.31333333333333	101.1	101.13333333333334	101.06666666666666	101.42666666666666	101.16	101.17333333333333	101.34	101.43333333333334	101.60666666666667	101.32	101.31333333333333	101.10666666666667	101.32	101.46	101.3	101.04666666666667	101.16	101.22666666666667	101.28666666666666	101.04666666666667	101.22666666666667	101.23333333333333	101.54666666666667	101.31333333333333	101.19333333333333	101.22666666666667	101.10666666666667	101.31333333333333	101.20666666666666	101.15333333333334	101.30666666666667	101.35333333333334	101.20666666666666	101.29333333333334	101.32	101.30666666666667	101.38666666666667	101.19333333333333	101.24	101.37333333333333	101.42666666666666	101.16666666666667	100.94666666666667	100.96	99.62666666666667	0.0
0.0	100.03333333333333	101.17333333333333	101.59333333333333	101.1	101.3	101.23333333333333	101.34666666666666	101.14	101.22	101.34	101.48	101.14666666666666	101.14	101.46	101.31333333333333	101.24	101.22	101.49333333333334	101.40666666666667	101.38666666666667	101.20666666666666	101.14	101.34	101.46666666666667	101.57333333333334	101.45333333333333	101.45333333333333	101.24666666666667	101.12666666666667	101.36	101.47333333333333	101.38666666666667	101.30666666666667	101.04666666666667	101.34	101.18666666666667	101.6	101.40666666666667	101.26	101.56	101.26	101.43333333333334	101.14	101.21333333333334	101.35333333333334	101.24	100.98	101.36	101.22	101.56	101.39333333333333	101.18666666666667	101.28666666666666	101.42	101.38	101.06666666666666	101.20666666666666	101.36	101.22666666666667	101.1	101.28	101.30666666666667	101.5	101.31333333333333	101.20666666666666	101.18	101.22666666666667	101.37333333333333	101.11333333333333	101.23333333333333	99.94666666666667	0.0
0.0	99.92	100.85333333333334	101.25333333333333	101.10666666666667	101.06666666666666	101.3	101.32666666666667	101.13333333333334	101.20666666666666	101.05333333333333	101.17333333333333	101.22	101.35333333333334	101.22666666666667	101.03333333333333	100.98666666666666	101.08666666666667	101.40666666666667	101.20666666666666	101.11333333333333	101.21333333333334	101.16666666666667	101.10666666666667	101.11333333333333	100.96666666666667	101.06	101.11333333333333	100.92666666666666	101.2	101.11333333333333	101.36	101.24666666666667	101.28	101.22	101.01333333333334	101.26666666666667	101.13333333333334	101.02	101.43333333333334	101.18666666666667	101.30666666666667	101.28666666666666	101.2	100.82	101.11333333333333	101.19333333333333	101.13333333333334	101.20666666666666	101.26	100.93333333333334	101.2	101.06666666666666	101.1	101.20666666666666	101.04	101.28	101.23333333333333	101.06666666666666	100.95333333333333	101.1	101.02666666666667	100.9	101.17333333333333	100.96666666666667	101.14666666666666	101.14	101.19333333333333	101.10666666666667	101.25333333333333	100.71333333333334	99.66666666666667	0.0
0.0	99.52666666666667	100.8	100.87333333333333	100.88666666666667	101.14666666666666	101.0	101.14666666666666	101.08666666666667	101.27333333333333	101.01333333333334	100.88666666666667	101.21333333333334	101.03333333333333	101.04666666666667	101.31333333333333	100.82	101.01333333333334	101.13333333333334	101.0	101.02666666666667	101.12666666666667	101.0	100.88666666666667	101.06666666666666	101.28	101.17333333333333	100.95333333333333	101.08	101.04666666666667	100.90666666666667	101.02	101.07333333333334	101.09333333333333	100.77333333333333	100.9	101.15333333333334	101.09333333333333	100.94	100.79333333333334	100.91333333333333	100.75333333333333	100.62	101.04	101.37333333333333	101.07333333333334	101.23333333333333	101.00666666666666	100.94666666666667	101.26	100.97333333333333	100.9	101.00666666666666	101.04	100.95333333333333	100.89333333333333	101.24666666666667	101.13333333333334	100.88666666666667	101.28666666666666	100.85333333333334	101.25333333333333	101.26	101.11333333333333	101.18	100.70666666666666	101.01333333333334	101.00666666666666	101.22666666666667	101.16666666666667	100.87333333333333	99.60666666666667	0.0
0.0	99.88666666666667	101.12	101.50666666666666	101.58	101.10666666666667	101.26	101.48	101.44	101.52666666666667	101.40666666666667	101.31333333333333	101.86	101.40666666666667	101.34	101.63333333333334	101.46666666666667	101.62	101.66	101.47333333333333	101.58	101.22666666666667	101.38666666666667	101.16	101.05333333333333	101.50666666666666	101.40666666666667	101.16666666666667	101.42666666666666	101.29333333333334	101.39333333333333	101.36666666666666	101.46666666666667	101.56666666666666	101.29333333333334	101.40666666666667	101.24666666666667	101.37333333333333	101.14	101.24	101.5	101.50666666666666	101.54	101.75333333333333	101.37333333333333	101.42666666666666	101.48666666666666	101.30666666666667	101.32	101.3	101.54	101.57333333333334	101.30666666666667	101.18	101.25333333333333	101.68666666666667	101.38666666666667	101.38666666666667	101.43333333333334	101.42666666666666	101.35333333333334	101.56	101.24666666666667	101.54666666666667	101.5	101.33333333333333	101.43333333333334	101.55333333333333	101.66	101.32666666666667	101.33333333333333	100.46666666666667	0.0
0.0	99.68	101.4	100.92666666666666	101.09333333333333	101.13333333333334	101.08666666666667	101.18666666666667	101.08	101.29333333333334	101.44666666666667	101.21333333333334	101.16666666666667	101.06666666666666	101.2	100.74	101.35333333333334	101.17333333333333	101.15333333333334	101.05333333333333	101.29333333333334	101.24666666666667	101.16	101.00666666666666	101.52666666666667	101.28	101.18	101.22666666666667	100.98	101.04	101.15333333333334	101.08	100.97333333333333	101.08666666666667	101.02	100.96666666666667	101.0	101.17333333333333	101.06666666666666	101.04	101.35333333333334	101.28	101.46	101.48	101.36666666666666	101.18	101.11333333333333	101.37333333333333	101.28	101.22666666666667	100.97333333333333	101.3	101.35333333333334	101.38666666666667	101.13333333333334	101.26666666666667	101.22666666666667	101.26666666666667	101.26666666666667	101.2	101.10666666666667	101.20666666666666	101.22	101.40666666666667	101.27333333333333	101.22666666666667	101.18	101.09333333333333	101.02	101.29333333333334	100.82	99.92	0.0
0.0	99.96	101.00666666666666	101.15333333333334	101.34666666666666	101.22666666666667	101.22	101.35333333333334	101.27333333333333	101.42	101.12	101.35333333333334	101.47333333333333	101.36666666666666	101.24666666666667	101.62666666666667	101.36666666666666	101.43333333333334	101.19333333333333	101.58	101.45333333333333	101.44666666666667	101.62	101.69333333333333	101.24666666666667	101.25333333333333	101.31333333333333	101.51333333333334	101.40666666666667	101.24	101.5	101.25333333333333	101.56666666666666	101.41333333333333	101.24666666666667	101.5	101.07333333333334	101.48666666666666	101.38	101.1	101.13333333333334	101.40666666666667	101.23333333333333	101.35333333333334	101.04666666666667	101.10666666666667	101.42	101.33333333333333	101.38	101.48666666666666	101.51333333333334	101.32	101.38666666666667	101.24666666666667	101.16	101.37333333333333	101.2	101.56	101.63333333333334	101.53333333333333	101.46	101.34666666666666	101.38666666666667	101.57333333333334	101.19333333333333	101.50666666666666	101.41333333333333	101.18	101.2	101.42666666666666	101.24	99.98	0.0
0.0	99.94	101.16	101.02	101.24	101.36	101.21333333333334	101.14	101.26666666666667	101.26	101.20666666666666	101.22666666666667	101.24	101.24666666666667	101.20666666666666	101.33333333333333	101.43333333333334	101.11333333333333	101.17333333333333	101.33333333333333	100.92666666666666	101.32	101.28	101.53333333333333	101.30666666666667	101.12666666666667	101.18666666666667	101.3	101.30666666666667	101.40666666666667	101.19333333333333	101.17333333333333	100.93333333333334	101.28	101.45333333333333	101.47333333333333	101.29333333333334	101.27333333333333	101.18666666666667	101.17333333333333	101.22666666666667	101.27333333333333	101.29333333333334	101.36666666666666	101.20666666666666	101.26	101.11333333333333	101.14666666666666	101.42	101.58	101.19333333333333	101.29333333333334	101.33333333333333	101.44	101.28666666666666	100.98	101.39333333333333	101.3	101.36	101.05333333333333	101.02	101.42666666666666	101.34	101.42666666666666	101.54666666666667	101.20666666666666	101.26666666666667	101.05333333333333	101.17333333333333	101.04666666666667	101.16	99.93333333333334	0.0
0.0	99.84	100.80666666666667	101.12	101.16	101.35333333333334	101.24666666666667	101.15333333333334	101.12666666666667	101.16666666666667	101.13333333333334	101.03333333333333	101.06	101.16	100.86666666666666	101.11333333333333	100.87333333333333	101.13333333333334	101.06666666666666	101.32	101.3	100.9	101.14	101.11333333333333	101.28	101.1	101.1	100.88	101.02	100.92666666666666	101.19333333333333	101.18	101.39333333333333	101.22	101.2	100.86	101.09333333333333	101.13333333333334	101.06	100.98	101.09333333333333	101.27333333333333	100.95333333333333	101.28666666666666	100.94666666666667	101.0	101.11333333333333	101.26666666666667	101.18666666666667	101.02666666666667	101.07333333333334	101.3	101.2	100.95333333333333	101.23333333333333	100.9	101.2	101.16	101.04666666666667	101.35333333333334	101.22	100.95333333333333	101.07333333333334	101.10666666666667	101.06	101.28666666666666	101.18	101.03333333333333	101.02666666666667	101.02	100.85333333333334	99.63333333333334	0.0
0.0	99.88	101.12	101.29333333333334	101.64	101.32	101.42666666666666	101.56	101.56	101.33333333333333	101.24	100.94666666666667	101.36	101.58666666666667	101.45333333333333	101.29333333333334	101.44	101.49333333333334	101.5	101.3	101.28666666666666	101.56	101.62	101.51333333333334	101.28666666666666	101.35333333333334	101.37333333333333	101.15333333333334	101.30666666666667	101.39333333333333	101.22	101.54666666666667	101.57333333333334	101.5	101.34	101.29333333333334	101.45333333333333	101.40666666666667	101.54	101.36	101.58	101.67333333333333	101.28666666666666	101.55333333333333	101.48666666666666	101.43333333333334	101.44666666666667	101.36	101.34	101.44	101.49333333333334	101.61333333333333	101.28	101.39333333333333	101.35333333333334	101.4	101.7	101.26666666666667	101.40666666666667	101.50666666666666	101.42	101.36	101.57333333333334	101.64666666666666	101.52	101.44666666666667	101.51333333333334	101.5	101.42	101.23333333333333	101.27333333333333	100.26	0.0
0.0	100.04666666666667	101.3	101.22	101.28666666666666	101.49333333333334	101.22	101.18	101.32	101.22	101.09333333333333	101.18	101.22666666666667	101.33333333333333	101.03333333333333	101.12666666666667	101.18666666666667	101.25333333333333	101.25333333333333	101.46666666666667	101.29333333333334	100.86	101.37333333333333	101.49333333333334	101.30666666666667	101.34	101.4	101.46	101.33333333333333	101.21333333333334	101.51333333333334	101.12666666666667	101.08	101.22666666666667	101.25333333333333	101.33333333333333	101.09333333333333	101.26666666666667	101.18666666666667	101.03333333333333	101.42666666666666	101.44	101.50666666666666	101.31333333333333	101.18	100.94666666666667	101.27333333333333	101.02666666666667	101.43333333333334	101.32666666666667	101.05333333333333	101.08	101.08	101.28	101.3	101.22	101.19333333333333	101.14666666666666	101.36666666666666	100.94666666666667	101.18	101.45333333333333	101.14666666666666	101.18666666666667	101.06	101.22666666666667	101.40666666666667	101.16	101.00666666666666	101.33333333333333	101.24	99.89333333333333	0.0
0.0	99.98666666666666	101.08	101.40666666666667	101.0	101.5	101.13333333333334	101.07333333333334	101.32666666666667	101.20666666666666	101.52	101.32	101.22666666666667	101.34	101.42	101.28	101.32	101.46666666666667	101.48	101.52666666666667	101.38	101.29333333333334	101.32666666666667	101.18666666666667	101.42666666666666	101.26	101.21333333333334	101.47333333333333	101.19333333333333	101.36666666666666	101.5	101.4	101.52666666666667	101.27333333333333	101.61333333333333	101.38	101.22	101.29333333333334	101.40666666666667	101.45333333333333	101.39333333333333	101.3	101.38666666666667	101.17333333333333	101.22	101.25333333333333	101.31333333333333	101.38666666666667	101.40666666666667	101.36	101.19333333333333	101.22	101.21333333333334	101.32666666666667	101.16	101.66666666666667	101.45333333333333	101.26666666666667	101.4	101.34	101.32	101.33333333333333	101.18	101.14666666666666	101.50666666666666	101.22	101.44666666666667	101.45333333333333	101.34666666666666	101.26666666666667	101.0	100.06666666666666	0.0
0.0	99.86	101.41333333333333	101.3	101.21333333333334	101.41333333333333	101.28666666666666	101.5	101.35333333333334	101.32666666666667	101.26	101.36666666666666	101.4	101.24666666666667	101.35333333333334	101.41333333333333	101.58	101.45333333333333	101.42	101.40666666666667	101.34666666666666	101.17333333333333	101.38666666666667	101.28	101.5	101.21333333333334	101.08	101.19333333333333	101.27333333333333	101.48	101.54	101.32666666666667	101.26666666666667	101.12	101.16	101.33333333333333	101.54	101.64	101.43333333333334	101.42666666666666	100.94666666666667	101.31333333333333	101.29333333333334	101.14666666666666	101.34666666666666	101.31333333333333	101.47333333333333	101.4	101.60666666666667	101.33333333333333	101.46	101.49333333333334	101.22	101.32666666666667	101.32666666666667	101.48666666666666	101.16666666666667	101.54666666666667	101.23333333333333	101.4	101.34	101.42666666666666	101.30666666666667	101.32666666666667	101.34666666666666	101.04666666666667	101.0	101.22	101.33333333333333	101.07333333333334	100.89333333333333	99.56666666666666	0.0
0.0	99.7	101.09333333333333	101.12666666666667	101.53333333333333	101.26	101.16	100.96	101.24	101.32	101.14666666666666	101.09333333333333	101.2	101.08	100.9	101.05333333333333	101.36	101.47333333333333	101.16666666666667	101.30666666666667	101.06666666666666	101.06	101.14	101.26	101.24	101.29333333333334	101.02	100.99333333333334	101.04	101.29333333333334	101.18	101.29333333333334	101.32	101.03333333333333	101.18666666666667	101.10666666666667	101.1	101.20666666666666	101.12	101.44666666666667	101.27333333333333	101.24	101.16666666666667	101.42	101.25333333333333	101.32666666666667	101.06	101.38	100.96	101.06666666666666	101.18666666666667	101.05333333333333	101.02	101.06	100.81333333333333	100.98666666666666	101.17333333333333	101.30666666666667	101.2	101.13333333333334	101.08666666666667	101.15333333333334	101.29333333333334	100.96666666666667	101.25333333333333	101.14	100.77333333333333	101.42666666666666	101.22	101.24666666666667	100.91333333333333	99.91333333333333	0.0
0.0	99.96666666666667	100.90666666666667	101.28666666666666	101.06666666666666	101.16666666666667	101.1	101.13333333333334	101.26	101.02666666666667	101.46	101.33333333333333	101.28666666666666	101.14	101.07333333333334	101.05333333333333	100.94666666666667	101.28666666666666	101.07333333333334	101.06666666666666	101.08666666666667	101.02666666666667	101.32666666666667	101.14	101.17333333333333	100.94666666666667	101.26	101.31333333333333	100.96	101.24666666666667	101.17333333333333	100.99333333333334	101.14666666666666	101.06666666666666	101.29333333333334	101.04666666666667	101.06	101.13333333333334	101.18666666666667	101.19333333333333	100.98	101.01333333333334	101.16	100.93333333333334	101.42	101.16	101.08666666666667	101.02	101.05333333333333	101.0	101.27333333333333	101.18666666666667	101.26	101.19333333333333	101.0	101.24	101.28	101.04666666666667	101.4	101.13333333333334	100.98	101.0	101.21333333333334	100.99333333333334	101.02	101.3	101.35333333333334	101.13333333333334	101.15333333333334	101.18	100.88	99.92	0.0
0.0	100.12	101.12666666666667	101.18	101.51333333333334	101.11333333333333	101.42666666666666	101.24666666666667	101.35333333333334	100.95333333333333	101.26666666666667	100.97333333333333	101.33333333333333	101.29333333333334	101.3	101.38666666666667	101.31333333333333	101.6	101.10666666666667	101.34666666666666	101.35333333333334	101.32	101.20666666666666	101.29333333333334	101.23333333333333	101.48666666666666	101.54666666666667	101.4	101.26	101.30666666666667	101.2	101.1	101.45333333333333	101.28	101.32666666666667	101.44	101.42	101.52666666666667	101.39333333333333	101.24666666666667	101.33333333333333	101.16	101.16	101.44	101.24	101.34	101.43333333333334	101.42666666666666	101.44666666666667	101.12	101.23333333333333	101.30666666666667	101.18666666666667	101.45333333333333	101.69333333333333	101.22	101.16666666666667	101.18	100.98666666666666	101.00666666666666	101.18	101.24	101.36	101.34	101.64	101.36	101.26	101.18	101.48	101.45333333333333	101.15333333333334	99.82666666666667	0.0
0.0	99.86	101.18666666666667	101.27333333333333	101.45333333333333	101.12666666666667	101.05333333333333	101.30666666666667	101.34666666666666	101.60666666666667	101.40666666666667	101.26666666666667	101.22666666666667	101.37333333333333	101.3	101.41333333333333	101.16666666666667	101.4	101.36666666666666	101.27333333333333	101.12666666666667	101.14666666666666	101.29333333333334	101.11333333333333	101.21333333333334	101.19333333333333	101.30666666666667	101.16	101.54	101.27333333333333	101.28	101.31333333333333	101.36666666666666	101.14666666666666	101.10666666666667	101.39333333333333	101.32	101.31333333333333	101.42	101.2	101.42	101.52666666666667	101.52666666666667	101.54666666666667	101.44666666666667	101.35333333333334	101.33333333333333	100.97333333333333	101.45333333333333	101.35333333333334	101.23333333333333	101.22666666666667	101.22	101.44	101.52	101.12	101.34666666666666	101.4	101.18666666666667	101.38	101.42666666666666	101.35333333333334	101.22	101.54	101.32666666666667	101.15333333333334	101.36	101.12666666666667	101.54666666666667	101.42	101.21333333333334	100.14	0.0
0.0	99.98666666666666	101.3	101.20666666666666	101.40666666666667	101.50666666666666	101.34	101.43333333333334	101.26666666666667	101.48666666666666	101.45333333333333	101.33333333333333	101.52	101.26	101.28	101.08666666666667	101.36666666666666	101.38666666666667	101.44666666666667	101.14	101.06666666666666	101.08	101.2	101.05333333333333	101.44	101.08666666666667	101.28666666666666	101.32666666666667	101.17333333333333	101.34	101.4	101.20666666666666	101.45333333333333	101.20666666666666	101.32	101.55333333333333	101.24	101.39333333333333	101.7	101.35333333333334	101.44	101.18666666666667	101.32666666666667	101.18	100.98	101.15333333333334	101.32	101.35333333333334	101.2	101.36	101.44	101.36	101.10666666666667	101.43333333333334	101.22	101.26666666666667	101.24666666666667	101.15333333333334	101.18666666666667	101.29333333333334	101.24666666666667	101.34	101.04666666666667	101.19333333333333	101.30666666666667	101.30666666666667	101.26	101.62666666666667	101.2	101.26666666666667	101.03333333333333	99.93333333333334	0.0
0.0	99.95333333333333	101.32666666666667	101.21333333333334	101.44	101.47333333333333	101.25333333333333	101.52666666666667	101.32	101.48	101.28	101.43333333333334	101.21333333333334	101.08666666666667	101.22	101.17333333333333	101.2	101.24666666666667	101.5	101.14	101.04	101.25333333333333	101.37333333333333	100.72	101.14666666666666	101.22666666666667	101.28666666666666	101.39333333333333	101.44	101.02	101.3	101.08	101.56666666666666	101.22	101.18	101.20666666666666	101.35333333333334	101.31333333333333	101.30666666666667	101.34	101.32666666666667	101.33333333333333	101.34666666666666	101.44	101.62666666666667	101.25333333333333	101.33333333333333	101.26666666666667	101.26	101.28	101.3	101.27333333333333	101.44666666666667	101.28	101.22666666666667	101.21333333333334	101.16666666666667	101.17333333333333	101.24	101.28	101.28666666666666	101.37333333333333	101.23333333333333	101.32	101.28666666666666	101.16	101.4	101.19333333333333	101.17333333333333	100.94666666666667	101.05333333333333	99.9	0.0
0.0	99.74	101.2	101.36666666666666	101.34666666666666	101.24666666666667	101.30666666666667	101.27333333333333	101.20666666666666	100.99333333333334	101.22	101.15333333333334	101.3	101.46666666666667	101.56	101.4	101.39333333333333	101.35333333333334	101.47333333333333	101.04	101.10666666666667	101.35333333333334	101.12	101.29333333333334	101.26	101.06666666666666	101.24	101.27333333333333	101.26	101.36666666666666	101.48666666666666	101.42	101.25333333333333	101.38666666666667	101.41333333333333	101.36	101.26666666666667	101.14	101.20666666666666	101.28666666666666	101.42	101.28666666666666	101.3	101.2	101.38666666666667	101.24	101.06666666666666	101.2	101.21333333333334	101.54666666666667	101.47333333333333	101.32666666666667	101.30666666666667	101.35333333333334	101.18666666666667	101.26	101.29333333333334	101.23333333333333	101.42	101.35333333333334	101.2	101.18666666666667	101.16666666666667	101.04666666666667	101.34	101.21333333333334	101.50666666666666	101.32666666666667	101.36	101.06666666666666	100.88	99.65333333333334	0.0
0.0	99.94666666666667	100.85333333333334	101.34666666666666	101.29333333333334	101.23333333333333	101.10666666666667	101.48666666666666	101.13333333333334	101.36	101.10666666666667	101.07333333333334	101.42666666666666	101.25333333333333	101.31333333333333	101.34666666666666	101.00666666666666	101.30666666666667	101.24666666666667	101.27333333333333	101.34666666666666	100.95333333333333	101.28666666666666	101.20666666666666	100.93333333333334	101.24	101.30666666666667	101.62	101.23333333333333	101.15333333333334	101.16666666666667	101.19333333333333	101.24	101.5	101.22	101.28666666666666	101.25333333333333	101.24666666666667	101.38666666666667	101.16666666666667	100.88	101.11333333333333	101.19333333333333	101.30666666666667	101.44666666666667	101.53333333333333	101.46666666666667	101.16666666666667	101.34666666666666	101.0	101.23333333333333	101.39333333333333	101.18	101.22666666666667	101.42	101.52666666666667	101.32666666666667	101.19333333333333	101.19333333333333	101.28666666666666	101.31333333333333	101.08	101.12	101.28666666666666	101.3	101.32666666666667	101.14	101.52	101.36	101.22	101.16	99.94666666666667	0.0
0.0	99.89333333333333	100.81333333333333	101.37333333333333	101.42	101.42	101.30666666666667	101.5	101.22666666666667	101.10666666666667	101.29333333333334	101.07333333333334	101.23333333333333	101.2	101.4	101.14666666666666	101.31333333333333	101.28	101.16666666666667	101.26666666666667	101.48	101.16	101.2	101.10666666666667	101.40666666666667	101.32666666666667	101.37333333333333	101.53333333333333	101.26666666666667	101.21333333333334	101.22	101.35333333333334	101.36666666666666	101.24666666666667	101.32	101.42666666666666	101.18	101.54	101.46	101.37333333333333	101.3	101.14666666666666	101.56	101.28	101.33333333333333	101.50666666666666	101.21333333333334	101.18666666666667	101.28666666666666	101.08666666666667	101.4	101.41333333333333	101.46666666666667	101.63333333333334	101.5	101.36	101.23333333333333	101.14	101.28666666666666	101.4	101.18	101.12666666666667	101.38666666666667	101.0	101.08	101.28	101.32666666666667	101.28	101.38	101.50666666666666	100.90666666666667	99.82666666666667	0.0
0.0	99.54	100.74666666666667	100.79333333333334	101.04	100.96	100.88666666666667	101.06	101.0	100.96666666666667	100.95333333333333	101.14	101.16	101.26666666666667	101.14	100.91333333333333	101.03333333333333	101.13333333333334	100.90666666666667	100.94666666666667	101.41333333333333	100.92	101.19333333333333	100.86	101.14	100.94666666666667	101.06	100.78666666666666	100.96666666666667	101.0	100.98666666666666	101.02666666666667	100.65333333333334	100.84666666666666	100.95333333333333	100.98	100.96	101.06666666666666	101.10666666666667	100.92	100.98	100.87333333333333	100.98	100.86	101.06666666666666	101.05333333333333	100.78666666666666	101.03333333333333	101.18	100.88666666666667	101.20666666666666	101.16	101.12	100.9	101.03333333333333	100.95333333333333	100.78666666666666	101.01333333333334	101.26666666666667	100.86666666666666	100.94	101.11333333333333	101.06	101.21333333333334	100.87333333333333	100.86666666666666	101.01333333333334	100.87333333333333	101.03333333333333	100.75333333333333	100.96666666666667	99.62666666666667	0.0
0.0	99.53333333333333	100.75333333333333	100.98666666666666	101.12	101.12666666666667	101.02	100.98666666666666	101.18666666666667	101.2	101.1	101.1	100.89333333333333	100.96	101.12666666666667	101.13333333333334	100.90666666666667	101.10666666666667	101.15333333333334	101.04	101.15333333333334	100.92	100.91333333333333	101.41333333333333	101.02	101.18	101.32	101.06666666666666	101.1	100.79333333333334	101.1	100.84666666666666	101.14	100.98666666666666	100.99333333333334	101.03333333333333	101.04	101.24666666666667	101.24666666666667	101.14666666666666	101.22666666666667	101.1	101.02	101.12666666666667	101.08	101.12666666666667	101.14	100.82	101.18	101.09333333333333	101.01333333333334	101.20666666666666	100.92	101.3	101.19333333333333	101.04	100.98	100.98	101.34666666666666	101.37333333333333	101.10666666666667	100.92666666666666	101.05333333333333	101.30666666666667	101.06	101.03333333333333	101.06	100.92666666666666	100.85333333333334	101.28	100.87333333333333	99.71333333333334	0.0
0.0	99.82	100.75333333333333	101.14666666666666	101.18666666666667	101.42666666666666	101.30666666666667	100.85333333333334	101.22	101.10666666666667	101.02	101.14	101.37333333333333	101.24666666666667	100.82	101.17333333333333	100.82666666666667	101.04666666666667	100.93333333333334	101.18666666666667	101.32666666666667	100.98666666666666	101.16	100.96666666666667	101.04	101.31333333333333	101.12666666666667	101.24	101.1	101.11333333333333	101.19333333333333	100.84	101.11333333333333	101.34666666666666	100.97333333333333	101.12666666666667	101.06	101.08	101.3	101.26	101.10666666666667	101.22	100.9	101.24	101.03333333333333	100.96	101.18666666666667	101.37333333333333	100.98	100.99333333333334	101.0	101.27333333333333	101.16666666666667	101.17333333333333	101.21333333333334	101.10666666666667	101.1	101.1	101.2	101.18666666666667	101.23333333333333	101.2	101.27333333333333	101.06666666666666	101.42666666666666	101.07333333333334	101.00666666666666	100.86	101.1	100.93333333333334	100.95333333333333	99.85333333333334	0.0
0.0	99.90666666666667	101.06666666666666	101.19333333333333	101.16666666666667	101.17333333333333	101.30666666666667	101.25333333333333	101.38	101.14	101.27333333333333	101.18	101.23333333333333	101.15333333333334	101.23333333333333	101.33333333333333	101.18	101.26	101.23333333333333	101.45333333333333	101.18666666666667	101.46	101.62666666666667	101.42	101.44	101.44	101.15333333333334	101.26666666666667	101.44666666666667	101.28	101.33333333333333	101.48666666666666	101.04	101.37333333333333	101.2	101.24	101.11333333333333	101.30666666666667	101.43333333333334	101.32	101.34666666666666	101.58	101.33333333333333	101.39333333333333	101.21333333333334	101.03333333333333	101.11333333333333	101.31333333333333	101.41333333333333	101.37333333333333	101.20666666666666	101.32666666666667	101.02	101.14666666666666	101.46	101.68	101.50666666666666	101.37333333333333	101.16	101.23333333333333	101.07333333333334	101.54	101.20666666666666	101.31333333333333	101.3	101.18	101.33333333333333	101.02666666666667	101.11333333333333	101.36	101.28	99.78666666666666	0.0
0.0	99.78666666666666	100.87333333333333	101.04	100.78	101.24666666666667	100.86666666666666	101.07333333333334	101.05333333333333	101.19333333333333	101.13333333333334	101.05333333333333	100.99333333333334	101.12666666666667	101.29333333333334	100.86666666666666	100.97333333333333	100.89333333333333	100.74666666666667	101.27333333333333	101.1	101.33333333333333	101.18	100.90666666666667	100.82	100.9	101.24	101.16666666666667	100.97333333333333	100.99333333333334	101.08	100.85333333333334	101.29333333333334	100.70666666666666	101.17333333333333	100.9	100.98	101.04666666666667	101.14	101.06	101.07333333333334	100.92666666666666	101.18	101.12666666666667	101.28	101.14	101.18666666666667	101.09333333333333	101.3	101.14	100.82666666666667	101.08666666666667	100.98	100.97333333333333	100.91333333333333	101.02666666666667	101.00666666666666	101.20666666666666	101.06666666666666	101.27333333333333	100.94	100.87333333333333	101.1	101.01333333333334	101.24	101.26	101.04666666666667	101.09333333333333	100.95333333333333	101.12	100.88666666666667	99.82666666666667	0.0
0.0	99.7	101.06	101.42	101.3	101.54666666666667	101.22666666666667	101.09333333333333	101.31333333333333	101.41333333333333	101.12	101.58	101.42666666666666	101.44666666666667	101.49333333333334	101.17333333333333	101.3	101.52666666666667	101.22	101.27333333333333	101.62	101.36666666666666	101.09333333333333	101.33333333333333	101.18666666666667	101.27333333333333	101.23333333333333	101.40666666666667	101.56666666666666	101.44666666666667	101.38	101.37333333333333	101.38	101.50666666666666	101.40666666666667	101.34	101.42	101.45333333333333	101.23333333333333	101.24666666666667	101.28666666666666	101.50666666666666	101.36666666666666	101.0	101.49333333333334	101.41333333333333	101.48	101.30666666666667	101.4	101.54666666666667	101.4	101.31333333333333	101.34666666666666	101.38	101.41333333333333	101.34666666666666	101.11333333333333	101.34	101.09333333333333	101.51333333333334	101.3	101.43333333333334	101.46666666666667	101.46666666666667	101.26666666666667	101.61333333333333	101.54	101.3	101.48666666666666	101.15333333333334	101.20666666666666	100.13333333333334	0.0
0.0	99.96666666666667	101.06666666666666	101.40666666666667	101.55333333333333	101.17333333333333	101.14666666666666	101.28666666666666	101.27333333333333	101.34	101.42	101.04666666666667	101.48666666666666	101.35333333333334	101.44666666666667	101.12666666666667	101.31333333333333	101.43333333333334	101.37333333333333	101.39333333333333	101.26666666666667	101.38666666666667	101.27333333333333	101.36	101.49333333333334	101.58666666666667	101.47333333333333	101.50666666666666	101.25333333333333	101.5	101.57333333333334	101.63333333333334	101.4	101.34666666666666	101.29333333333334	101.24666666666667	101.23333333333333	101.20666666666666	101.28666666666666	101.17333333333333	101.28666666666666	101.18	101.32	101.32666666666667	101.16	101.20666666666666	101.41333333333333	101.38666666666667	101.42	101.35333333333334	101.3	101.32666666666667	101.38	101.49333333333334	101.34	101.06	101.11333333333333	101.01333333333334	101.55333333333333	101.32666666666667	101.26666666666667	101.20666666666666	101.32666666666667	101.26666666666667	101.16	101.16666666666667	101.40666666666667	101.43333333333334	101.24666666666667	101.45333333333333	100.84666666666666	99.85333333333334	0.0
0.0	99.74666666666667	100.81333333333333	101.21333333333334	100.89333333333333	100.82	100.91333333333333	100.9	101.14666666666666	101.27333333333333	100.86666666666666	100.95333333333333	100.95333333333333	101.19333333333333	100.75333333333333	101.16	101.26666666666667	100.77333333333333	101.42	101.26	101.14666666666666	100.90666666666667	100.96666666666667	101.02666666666667	101.29333333333334	101.08	101.04666666666667	100.94	100.98666666666666	101.11333333333333	101.20666666666666	101.14666666666666	100.88666666666667	101.28666666666666	100.94	100.88	100.90666666666667	100.94	100.95333333333333	100.86666666666666	100.91333333333333	101.43333333333334	100.84666666666666	101.25333333333333	101.04	101.20666666666666	101.14	100.94	100.96	101.17333333333333	101.00666666666666	101.06	101.1	101.12	100.94666666666667	100.86666666666666	100.8	100.75333333333333	101.11333333333333	101.02666666666667	101.01333333333334	101.02666666666667	101.1	101.06	101.16	101.18	101.21333333333334	101.3	100.96666666666667	101.00666666666666	100.57333333333334	99.78666666666666	0.0
0.0	99.94	100.94666666666667	101.22666666666667	101.16666666666667	101.12666666666667	101.04	101.27333333333333	101.09333333333333	101.17333333333333	101.14	100.98	101.25333333333333	101.16	101.24666666666667	101.19333333333333	100.98	101.15333333333334	101.08	101.1	101.07333333333334	101.15333333333334	101.26	101.26	101.14666666666666	100.91333333333333	101.03333333333333	101.01333333333334	101.02666666666667	101.13333333333334	101.24	101.26	100.96666666666667	101.09333333333333	101.24666666666667	101.17333333333333	101.34666666666666	101.09333333333333	101.26	101.21333333333334	101.22666666666667	101.11333333333333	101.17333333333333	101.08666666666667	101.00666666666666	101.17333333333333	101.14	101.00666666666666	100.91333333333333	101.24666666666667	100.88	101.01333333333334	101.22666666666667	101.11333333333333	100.88666666666667	100.96666666666667	101.15333333333334	101.46666666666667	101.19333333333333	101.03333333333333	100.98666666666666	100.9	101.08	101.12	101.23333333333333	101.12	101.14	101.26666666666667	101.09333333333333	100.93333333333334	100.78666666666666	99.65333333333334	0.0
0.0	99.94666666666667	100.86	101.28	101.29333333333334	101.49333333333334	101.37333333333333	101.34	101.14666666666666	101.36666666666666	101.34666666666666	101.35333333333334	101.42	101.31333333333333	101.36666666666666	101.5	101.29333333333334	101.34666666666666	101.22	101.40666666666667	101.27333333333333	101.3	101.42666666666666	101.40666666666667	101.40666666666667	101.15333333333334	101.32666666666667	101.66666666666667	101.31333333333333	101.12666666666667	101.37333333333333	101.14666666666666	101.53333333333333	101.35333333333334	101.35333333333334	101.3	101.44	101.47333333333333	101.26666666666667	101.24666666666667	101.44666666666667	101.41333333333333	101.31333333333333	101.38666666666667	101.37333333333333	101.32	101.42666666666666	101.24666666666667	101.21333333333334	101.08666666666667	101.32	101.32666666666667	101.36666666666666	101.6	101.18666666666667	101.26	101.43333333333334	101.21333333333334	101.11333333333333	101.10666666666667	101.66666666666667	101.36	101.44666666666667	101.46	101.15333333333334	101.46	101.32	101.31333333333333	101.24	101.25333333333333	100.88	99.84666666666666	0.0
0.0	99.97333333333333	101.32666666666667	101.48666666666666	101.34666666666666	101.42666666666666	101.36	101.54	101.35333333333334	101.7	101.41333333333333	101.46666666666667	101.42	101.20666666666666	101.42666666666666	101.41333333333333	101.28	101.46	101.27333333333333	101.24666666666667	101.63333333333334	101.35333333333334	101.42666666666666	101.5	101.31333333333333	101.44	101.50666666666666	101.42	101.28666666666666	101.61333333333333	101.44	101.65333333333334	101.39333333333333	101.46666666666667	101.44	101.49333333333334	101.53333333333333	101.25333333333333	101.28	101.42666666666666	101.32	101.27333333333333	101.52666666666667	101.73333333333333	101.57333333333334	101.38666666666667	101.52	101.61333333333333	101.59333333333333	101.28666666666666	101.41333333333333	101.52666666666667	101.26666666666667	101.53333333333333	101.52	101.48	101.38666666666667	101.34	101.44666666666667	101.33333333333333	101.55333333333333	101.61333333333333	101.47333333333333	101.52666666666667	101.31333333333333	101.36666666666666	101.44	101.28666666666666	101.20666666666666	101.63333333333334	101.28	99.94	0.0
0.0	99.86666666666666	100.95333333333333	101.00666666666666	101.31333333333333	101.34666666666666	101.30666666666667	101.34666666666666	101.52666666666667	101.14	101.12	101.2	101.21333333333334	101.23333333333333	101.06	101.50666666666666	101.26666666666667	101.31333333333333	101.28	101.29333333333334	101.17333333333333	101.12666666666667	101.30666666666667	101.43333333333334	101.06	101.18	101.22	101.38666666666667	101.28666666666666	101.32666666666667	101.23333333333333	101.26666666666667	101.46	101.45333333333333	101.44666666666667	101.26	101.20666666666666	101.04666666666667	101.22666666666667	101.19333333333333	101.34666666666666	101.14	101.23333333333333	101.24666666666667	101.28	101.24	101.32666666666667	101.14666666666666	101.24666666666667	101.34666666666666	101.47333333333333	101.44666666666667	101.27333333333333	101.48	101.22666666666667	101.37333333333333	101.14	101.26	101.19333333333333	101.37333333333333	101.32	101.31333333333333	101.2	101.31333333333333	101.26	101.14	101.30666666666667	101.22	101.04	101.4	101.03333333333333	99.53333333333333	0.0
0.0	99.70666666666666	100.90666666666667	101.38666666666667	101.62	101.52	101.53333333333333	101.13333333333334	101.50666666666666	101.38	101.27333333333333	101.52	101.32666666666667	101.27333333333333	101.28	101.50666666666666	101.31333333333333	101.20666666666666	101.30666666666667	101.31333333333333	101.34	101.38666666666667	101.32	101.25333333333333	101.43333333333334	101.25333333333333	101.32666666666667	101.43333333333334	101.17333333333333	101.27333333333333	101.45333333333333	101.34	101.32666666666667	101.3	101.19333333333333	101.54	101.32666666666667	101.61333333333333	101.66666666666667	101.43333333333334	101.53333333333333	101.45333333333333	101.24666666666667	101.12666666666667	101.44666666666667	101.47333333333333	101.35333333333334	101.33333333333333	101.28666666666666	101.24666666666667	101.34666666666666	101.20666666666666	101.30666666666667	101.34666666666666	101.35333333333334	101.25333333333333	101.42666666666666	101.2	101.42666666666666	101.51333333333334	101.41333333333333	101.44	101.34	101.28666666666666	101.31333333333333	101.39333333333333	101.52	101.26	101.38	101.4	101.10666666666667	99.70666666666666	0.0
0.0	99.98666666666666	100.73333333333333	101.06	101.08666666666667	101.09333333333333	101.06	101.24	101.17333333333333	101.14	101.04666666666667	101.05333333333333	100.94666666666667	101.05333333333333	100.93333333333334	100.97333333333333	101.15333333333334	101.24	101.19333333333333	101.24666666666667	100.92666666666666	100.86	101.13333333333334	100.92666666666666	101.09333333333333	100.82	101.15333333333334	101.20666666666666	101.22	101.1	101.02	101.12666666666667	101.13333333333334	101.06666666666666	101.03333333333333	101.30666666666667	101.00666666666666	101.02	101.1	101.02	101.16	101.12	101.24	101.26	101.14	101.15333333333334	101.28	101.31333333333333	101.02	101.11333333333333	100.89333333333333	101.13333333333334	101.02	101.14	101.20666666666666	101.35333333333334	100.88666666666667	101.25333333333333	101.18666666666667	101.3	101.06	100.93333333333334	100.92	101.16666666666667	101.08666666666667	101.19333333333333	101.13333333333334	101.1	101.22	100.72666666666667	100.84	99.87333333333333	0.0
0.0	99.80666666666667	101.17333333333333	101.06	101.27333333333333	101.41333333333333	101.29333333333334	101.16	101.29333333333334	101.26666666666667	101.12666666666667	101.13333333333334	101.27333333333333	101.29333333333334	101.51333333333334	101.06	101.32	101.24	101.54666666666667	101.13333333333334	101.42666666666666	100.97333333333333	101.00666666666666	101.3	101.33333333333333	101.39333333333333	101.22	101.21333333333334	101.09333333333333	101.34666666666666	101.44	101.37333333333333	101.15333333333334	101.14666666666666	101.62666666666667	101.21333333333334	101.11333333333333	101.41333333333333	101.09333333333333	101.16666666666667	101.28666666666666	101.06	101.27333333333333	101.44666666666667	101.41333333333333	101.40666666666667	101.01333333333334	101.21333333333334	101.36	101.05333333333333	101.22666666666667	101.30666666666667	101.19333333333333	101.35333333333334	101.66	101.58	101.27333333333333	101.44666666666667	101.25333333333333	101.38	101.07333333333334	101.18	101.53333333333333	101.16	101.20666666666666	101.32666666666667	101.42666666666666	101.11333333333333	101.53333333333333	101.13333333333334	100.98	99.78666666666666	0.0
0.0	99.82666666666667	101.06	101.48	101.05333333333333	101.1	101.42	101.34666666666666	101.06	101.09333333333333	101.52	101.26	101.18666666666667	101.22	101.04	101.1	101.34	101.4	101.43333333333334	101.36	101.23333333333333	101.11333333333333	100.98	101.36666666666666	101.36	101.26	101.34	101.42	101.25333333333333	101.1	101.05333333333333	101.31333333333333	101.27333333333333	101.32	101.38	101.46666666666667	101.29333333333334	101.23333333333333	101.46	101.1	101.02	100.95333333333333	101.24	101.44666666666667	101.36666666666666	101.25333333333333	101.34	101.24666666666667	101.38	101.48	101.39333333333333	101.36	101.32	101.38	101.54	101.34	101.26	101.37333333333333	101.32666666666667	101.36666666666666	101.24666666666667	101.12666666666667	101.33333333333333	101.4	101.27333333333333	101.38	101.32666666666667	101.28	101.3	101.07333333333334	101.02	99.7	0.0
0.0	99.65333333333334	100.98666666666666	101.06	100.86666666666666	101.02666666666667	101.21333333333334	101.03333333333333	100.91333333333333	101.01333333333334	100.99333333333334	101.00666666666666	101.17333333333333	101.04666666666667	100.90666666666667	101.18666666666667	101.09333333333333	100.94666666666667	100.95333333333333	101.05333333333333	100.8	101.18666666666667	101.18	100.92666666666666	101.03333333333333	101.04	101.31333333333333	101.08666666666667	101.02	101.12666666666667	100.84	100.78666666666666	100.96666666666667	101.01333333333334	100.98	100.88666666666667	101.08	101.38	101.28	101.06666666666666	101.06	101.06666666666666	100.82	100.99333333333334	100.89333333333333	101.09333333333333	101.08	101.04	101.29333333333334	101.34	101.18	100.90666666666667	101.06666666666666	101.16666666666667	101.01333333333334	101.04666666666667	101.12	101.06	101.16666666666667	101.14	101.04666666666667	101.11333333333333	100.88666666666667	101.16	100.97333333333333	100.9	101.04666666666667	101.25333333333333	101.2	101.00666666666666	100.8	99.67333333333333	0.0
0.0	99.84666666666666	101.18666666666667	101.23333333333333	101.32666666666667	101.49333333333334	101.30666666666667	101.22	101.50666666666666	101.20666666666666	101.33333333333333	101.11333333333333	101.23333333333333	101.26	101.38666666666667	101.4	101.28666666666666	101.28	101.24	101.11333333333333	101.28	101.4	101.35333333333334	101.26666666666667	101.23333333333333	101.30666666666667	101.38	101.35333333333334	101.29333333333334	101.46666666666667	101.48	101.04	101.47333333333333	101.32666666666667	101.34	101.27333333333333	101.28666666666666	101.24	101.17333333333333	101.06666666666666	101.20666666666666	101.19333333333333	101.35333333333334	101.19333333333333	101.12	101.40666666666667	101.06	101.48	101.33333333333333	101.20666666666666	100.87333333333333	101.34666666666666	101.37333333333333	101.24	101.3	101.22	101.02	101.18666666666667	101.30666666666667	101.14	101.29333333333334	101.38666666666667	101.34	101.01333333333334	101.18	101.54666666666667	101.57333333333334	101.29333333333334	101.26666666666667	101.15333333333334	100.99333333333334	100.1	0.0
0.0	100.22666666666667	101.56666666666666	101.42	101.30666666666667	101.40666666666667	101.47333333333333	101.53333333333333	101.39333333333333	101.42666666666666	101.44	101.46666666666667	101.40666666666667	101.30666666666667	101.74	101.52	101.29333333333334	101.30666666666667	101.48666666666666	101.63333333333334	101.68	101.30666666666667	101.35333333333334	101.43333333333334	101.22	101.48	101.50666666666666	101.46	101.37333333333333	101.46666666666667	101.3	101.31333333333333	101.35333333333334	101.56	101.65333333333334	101.36	101.65333333333334	101.5	101.79333333333334	101.41333333333333	101.53333333333333	101.58	101.63333333333334	101.46666666666667	101.35333333333334	101.24666666666667	101.40666666666667	101.46	101.58666666666667	101.41333333333333	101.56	101.32666666666667	101.59333333333333	101.40666666666667	101.27333333333333	101.28666666666666	101.19333333333333	101.36	101.54	101.48	101.54	101.54	101.15333333333334	101.48666666666666	101.29333333333334	101.4	101.34	101.62	101.36666666666666	101.62	101.12666666666667	99.89333333333333	0.0
0.0	99.72	100.78666666666666	100.91333333333333	101.02	100.99333333333334	100.97333333333333	101.15333333333334	100.86666666666666	100.81333333333333	101.15333333333334	101.07333333333334	100.97333333333333	101.16666666666667	101.16	101.18	101.24	101.21333333333334	101.2	101.28666666666666	101.21333333333334	101.50666666666666	101.14666666666666	101.06666666666666	101.26	101.23333333333333	100.98666666666666	101.14	101.06666666666666	101.10666666666667	100.98666666666666	101.18	101.04	101.14666666666666	101.00666666666666	100.92666666666666	101.06	100.82	101.31333333333333	100.91333333333333	101.01333333333334	101.25333333333333	101.17333333333333	101.15333333333334	101.34666666666666	101.13333333333334	100.86	101.29333333333334	100.94	101.18	100.92666666666666	101.13333333333334	101.18666666666667	101.0	101.34	101.08666666666667	101.26666666666667	101.34666666666666	101.08	100.90666666666667	101.16666666666667	100.87333333333333	101.11333333333333	101.17333333333333	100.92	101.08666666666667	101.00666666666666	101.18	100.92666666666666	100.97333333333333	100.94666666666667	99.82	0.0
0.0	100.00666666666666	101.07333333333334	101.24	101.35333333333334	101.53333333333333	101.43333333333334	101.53333333333333	101.32666666666667	101.34666666666666	101.16666666666667	101.44	101.14666666666666	101.26	101.52	101.4	101.28666666666666	101.22666666666667	101.18	101.05333333333333	101.48	101.25333333333333	101.13333333333334	101.23333333333333	101.43333333333334	101.30666666666667	101.5	101.48666666666666	101.3	101.36	101.27333333333333	101.42	101.63333333333334	101.3	101.32666666666667	101.23333333333333	101.3	101.66666666666667	101.29333333333334	101.27333333333333	101.34	101.32	101.40666666666667	101.27333333333333	101.32	101.21333333333334	101.46	101.12666666666667	101.16	101.50666666666666	101.36	101.40666666666667	101.2	101.1	101.32	101.41333333333333	101.17333333333333	101.28	101.38666666666667	101.3	101.52	101.42666666666666	101.56666666666666	101.22	101.24666666666667	101.45333333333333	101.32	101.17333333333333	101.37333333333333	101.34	101.16666666666667	99.86	0.0
0.0	99.68	100.77333333333333	100.66666666666667	101.08	101.03333333333333	101.24666666666667	100.94666666666667	100.95333333333333	101.11333333333333	101.11333333333333	100.7	101.02	101.03333333333333	101.04	100.96	100.80666666666667	100.78666666666666	101.2	100.96666666666667	100.76	101.0	100.8	100.92	101.07333333333334	101.02	100.86	101.2	101.12	101.01333333333334	100.81333333333333	101.11333333333333	100.79333333333334	100.94666666666667	101.06	100.77333333333333	100.85333333333334	101.02	100.99333333333334	100.84666666666666	100.96	100.83333333333333	100.9	101.02	101.06666666666666	100.78	101.01333333333334	101.06666666666666	100.87333333333333	101.22666666666667	100.97333333333333	101.1	101.02666666666667	100.92666666666666	101.14666666666666	100.79333333333334	101.02	101.12	101.09333333333333	100.78	101.12	101.38	100.73333333333333	100.96	100.95333333333333	100.92	101.01333333333334	100.72	101.13333333333334	100.83333333333333	100.74666666666667	99.77333333333333	0.0
0.0	99.67333333333333	100.95333333333333	101.08	101.41333333333333	101.34	101.36666666666666	101.18	101.14666666666666	101.16	101.2	101.34666666666666	101.33333333333333	101.33333333333333	101.19333333333333	101.17333333333333	100.89333333333333	101.4	101.20666666666666	101.04	101.23333333333333	101.43333333333334	101.36	101.64666666666666	101.12666666666667	101.03333333333333	101.18	101.09333333333333	101.12666666666667	101.20666666666666	101.08666666666667	101.18	101.25333333333333	101.28666666666666	101.32666666666667	101.15333333333334	101.18	101.08	101.32666666666667	101.06	101.06	101.12	101.33333333333333	101.20666666666666	100.71333333333334	101.21333333333334	101.12666666666667	101.13333333333334	100.98	101.34	101.09333333333333	101.23333333333333	101.21333333333334	101.47333333333333	101.31333333333333	101.40666666666667	101.18666666666667	101.06	101.23333333333333	101.24	100.89333333333333	100.86666666666666	100.84	101.32	101.26	101.34	101.05333333333333	101.18666666666667	100.94666666666667	101.09333333333333	101.13333333333334	99.84	0.0
0.0	99.73333333333333	101.06666666666666	101.52666666666667	101.29333333333334	101.26666666666667	101.40666666666667	101.58666666666667	101.52	101.14	101.25333333333333	101.56666666666666	101.52666666666667	101.08666666666667	101.38666666666667	101.24666666666667	101.24	101.37333333333333	101.12666666666667	101.14666666666666	101.18	101.49333333333334	101.56666666666666	101.09333333333333	101.32	101.35333333333334	101.18	101.33333333333333	101.59333333333333	101.45333333333333	101.46666666666667	101.42666666666666	101.24	101.62666666666667	101.45333333333333	100.95333333333333	101.44	101.75333333333333	101.25333333333333	101.42666666666666	101.42	101.53333333333333	101.22666666666667	101.37333333333333	101.58	101.41333333333333	101.32	101.53333333333333	101.27333333333333	101.19333333333333	101.42666666666666	101.49333333333334	101.12	101.27333333333333	101.6	101.43333333333334	101.31333333333333	101.22	101.00666666666666	101.45333333333333	101.16666666666667	101.44666666666667	101.55333333333333	101.37333333333333	101.07333333333334	101.56666666666666	101.21333333333334	101.29333333333334	101.34666666666666	101.34	101.06666666666666	99.98	0.0
0.0	99.82666666666667	101.14	101.15333333333334	101.18	101.38666666666667	101.24666666666667	101.32666666666667	101.36	101.45333333333333	100.99333333333334	101.16666666666667	101.15333333333334	101.25333333333333	101.49333333333334	101.34666666666666	101.36666666666666	101.48666666666666	101.42666666666666	101.1	101.25333333333333	101.29333333333334	101.20666666666666	101.12	101.2	101.3	101.34	101.49333333333334	101.08666666666667	101.21333333333334	101.16666666666667	101.49333333333334	101.24666666666667	101.12	101.16	101.08666666666667	101.03333333333333	101.22666666666667	101.28666666666666	101.46666666666667	101.45333333333333	101.13333333333334	101.12	101.20666666666666	101.12	101.09333333333333	101.20666666666666	101.18	101.26	101.24666666666667	101.22666666666667	101.56666666666666	101.46	101.18666666666667	101.10666666666667	101.30666666666667	101.49333333333334	101.38666666666667	101.05333333333333	101.26666666666667	101.41333333333333	101.52666666666667	101.14	101.52666666666667	101.34	101.32	101.50666666666666	101.03333333333333	101.44	101.24666666666667	101.02666666666667	99.88	0.0
0.0	99.83333333333333	101.05333333333333	101.54	101.24666666666667	101.16666666666667	101.41333333333333	101.33333333333333	101.07333333333334	101.05333333333333	101.14666666666666	101.04	101.06	101.22666666666667	101.26	101.13333333333334	101.09333333333333	101.43333333333334	100.95333333333333	101.42	101.48666666666666	101.09333333333333	101.1	101.14	101.26666666666667	101.18	101.31333333333333	101.16	101.40666666666667	101.34	101.36666666666666	101.26	101.26	101.25333333333333	101.28	101.34	101.19333333333333	101.12666666666667	101.27333333333333	101.38	101.22666666666667	101.41333333333333	101.19333333333333	101.44666666666667	101.44666666666667	101.24	101.10666666666667	101.37333333333333	101.52	101.44666666666667	101.24666666666667	101.44	101.48	101.48666666666666	101.22	101.47333333333333	101.28666666666666	101.42	101.18666666666667	101.48666666666666	101.30666666666667	101.44666666666667	101.34	101.06	101.11333333333333	101.44666666666667	101.42666666666666	101.04	101.21333333333334	101.04666666666667	100.84666666666666	99.61333333333333	0.0
0.0	99.8	100.94666666666667	101.28666666666666	101.24666666666667	101.15333333333334	101.26	101.28666666666666	101.26666666666667	101.27333333333333	101.04	101.20666666666666	101.24666666666667	101.32	101.24	100.93333333333334	101.42666666666666	101.28666666666666	101.32666666666667	101.38666666666667	101.37333333333333	101.28	101.34	101.46666666666667	101.33333333333333	101.34	101.17333333333333	101.04666666666667	101.22666666666667	101.10666666666667	101.24	101.03333333333333	101.25333333333333	101.52666666666667	101.50666666666666	101.34666666666666	101.29333333333334	100.99333333333334	101.35333333333334	101.32666666666667	100.90666666666667	100.99333333333334	101.02666666666667	101.12	101.23333333333333	101.28666666666666	101.09333333333333	101.29333333333334	101.3	101.04	101.15333333333334	101.30666666666667	101.11333333333333	101.16666666666667	101.2	101.31333333333333	101.34666666666666	101.29333333333334	101.19333333333333	101.22666666666667	101.31333333333333	101.14	101.26	101.26	100.98666666666666	101.41333333333333	101.31333333333333	101.3	101.18666666666667	101.41333333333333	100.98	100.09333333333333	0.0
0.0	99.74	101.00666666666666	101.19333333333333	101.36	101.1	101.15333333333334	101.33333333333333	101.36	101.10666666666667	101.04666666666667	101.17333333333333	101.04	100.94	101.12	101.08666666666667	101.04	101.19333333333333	101.11333333333333	101.28	101.08	100.97333333333333	101.30666666666667	101.20666666666666	100.92666666666666	101.22666666666667	101.26666666666667	101.26666666666667	101.38	101.2	101.14	101.24	101.32666666666667	101.28666666666666	101.22	101.08	101.21333333333334	101.20666666666666	101.21333333333334	101.24	101.04	101.26	101.21333333333334	101.44	101.21333333333334	100.99333333333334	101.4	101.16	101.14	101.24	101.36	101.33333333333333	101.27333333333333	101.34	101.18	101.17333333333333	101.19333333333333	101.25333333333333	100.92	101.0	101.07333333333334	101.22666666666667	101.31333333333333	101.44666666666667	101.25333333333333	101.26	101.15333333333334	101.29333333333334	101.38666666666667	101.16	101.12	99.78	0.0
0.0	99.94	101.30666666666667	101.20666666666666	101.16	101.17333333333333	101.38666666666667	101.34	101.31333333333333	101.4	101.04666666666667	101.31333333333333	101.16666666666667	101.36666666666666	101.40666666666667	101.12	101.26	101.08	101.28	101.26	101.14666666666666	101.12	101.36	101.40666666666667	101.52666666666667	101.46	101.46666666666667	101.42	101.26666666666667	101.32	101.3	101.07333333333334	101.34666666666666	100.94	101.24666666666667	100.92666666666666	101.38666666666667	101.24	101.34666666666666	101.06	101.14666666666666	101.39333333333333	101.53333333333333	101.3	101.4	101.08	101.24	101.14	101.18666666666667	101.26666666666667	101.37333333333333	101.18666666666667	101.32	101.24	101.08666666666667	100.99333333333334	101.13333333333334	101.3	101.17333333333333	101.2	101.36666666666666	101.31333333333333	101.06	101.46666666666667	101.22666666666667	101.40666666666667	101.36	100.9	101.24666666666667	101.29333333333334	101.14666666666666	99.95333333333333	0.0
0.0	99.79333333333334	101.0	101.36666666666666	101.23333333333333	101.31333333333333	100.99333333333334	101.26666666666667	101.11333333333333	101.22	101.32666666666667	101.00666666666666	100.97333333333333	101.3	101.06666666666666	101.28	101.30666666666667	101.22	101.26666666666667	101.26666666666667	101.23333333333333	101.54	101.42	101.37333333333333	101.17333333333333	101.04666666666667	101.26	101.3	101.05333333333333	101.37333333333333	101.1	101.1	101.32	101.42	101.36666666666666	101.32666666666667	101.29333333333334	100.99333333333334	101.46666666666667	101.10666666666667	100.89333333333333	101.22666666666667	101.14	101.18666666666667	101.12	101.26	101.32666666666667	101.38666666666667	101.07333333333334	101.06	101.36	100.98666666666666	101.52666666666667	101.39333333333333	101.28666666666666	101.16666666666667	101.22666666666667	101.18	101.4	101.23333333333333	101.41333333333333	101.34	101.26	101.00666666666666	101.18666666666667	101.26	101.24666666666667	101.32666666666667	101.14666666666666	101.18666666666667	101.00666666666666	99.62	0.0
0.0	99.84	101.14666666666666	101.34666666666666	101.3	101.16	101.24	101.44666666666667	101.35333333333334	101.4	101.57333333333334	101.24	101.27333333333333	101.35333333333334	101.48666666666666	101.54666666666667	101.28666666666666	101.31333333333333	101.5	101.44666666666667	101.34666666666666	101.72	101.36666666666666	101.52	101.56	101.48	101.40666666666667	101.22666666666667	101.21333333333334	101.57333333333334	101.52	101.49333333333334	101.32	101.48	101.61333333333333	101.26	101.48	101.38	101.39333333333333	101.42666666666666	101.12666666666667	101.46	101.35333333333334	101.22666666666667	101.38666666666667	101.38	101.56666666666666	101.58666666666667	101.41333333333333	101.36666666666666	101.42	101.65333333333334	101.27333333333333	101.56	101.37333333333333	101.23333333333333	101.34666666666666	101.33333333333333	101.18	101.2	101.42666666666666	101.7	101.5	101.43333333333334	101.3	101.44	101.20666666666666	101.43333333333334	101.70666666666666	101.54666666666667	101.30666666666667	99.88666666666667	0.0
0.0	99.58	100.88666666666667	101.02666666666667	100.95333333333333	100.82	101.01333333333334	101.24	101.09333333333333	100.98	101.00666666666666	101.1	100.82	100.82666666666667	101.19333333333333	101.06666666666666	101.04666666666667	100.94666666666667	101.03333333333333	100.81333333333333	101.26	101.21333333333334	101.16666666666667	101.07333333333334	101.17333333333333	101.03333333333333	100.9	100.87333333333333	100.89333333333333	100.86	101.01333333333334	101.01333333333334	100.96	100.8	101.14	101.1	101.18	100.98	101.02666666666667	101.04666666666667	101.11333333333333	101.00666666666666	101.06	101.07333333333334	101.19333333333333	101.22	100.96	101.10666666666667	101.02	101.1	100.91333333333333	101.06666666666666	100.99333333333334	100.89333333333333	100.86666666666666	100.97333333333333	101.15333333333334	100.94666666666667	101.04	101.09333333333333	101.47333333333333	100.74666666666667	101.19333333333333	100.98666666666666	101.08666666666667	101.28666666666666	101.12	101.08	100.78666666666666	101.16666666666667	100.75333333333333	99.63333333333334	0.0
0.0	100.04	100.86	101.23333333333333	101.30666666666667	101.42666666666666	101.58666666666667	101.40666666666667	101.85333333333334	101.54666666666667	101.26	101.58	101.28	101.15333333333334	101.33333333333333	101.49333333333334	101.00666666666666	101.27333333333333	101.18	101.33333333333333	101.39333333333333	101.40666666666667	101.53333333333333	101.36	101.68666666666667	101.22	101.28666666666666	101.13333333333334	101.3	101.5	101.31333333333333	101.45333333333333	101.22666666666667	101.27333333333333	101.27333333333333	101.31333333333333	101.42666666666666	101.33333333333333	101.31333333333333	101.15333333333334	101.27333333333333	101.14	101.1	101.22666666666667	101.35333333333334	101.3	101.24	101.48	101.36666666666666	101.42	101.42	101.44666666666667	101.42	101.64666666666666	101.52	101.50666666666666	101.58	101.41333333333333	101.35333333333334	101.38666666666667	101.30666666666667	101.19333333333333	101.64666666666666	101.52666666666667	101.33333333333333	101.56666666666666	101.53333333333333	101.46	101.31333333333333	101.29333333333334	101.19333333333333	99.76	0.0
0.0	99.97333333333333	101.18	101.40666666666667	101.5	101.66	101.72666666666667	101.52	101.50666666666666	101.29333333333334	101.62	101.41333333333333	101.52	101.34	101.32666666666667	101.37333333333333	101.56	101.4	101.55333333333333	101.41333333333333	101.96	101.53333333333333	101.63333333333334	101.6	101.55333333333333	101.58	101.50666666666666	101.32	101.34666666666666	101.23333333333333	101.24	101.28666666666666	101.5	101.64666666666666	101.40666666666667	101.58	101.62	101.40666666666667	101.72	101.52666666666667	101.24	101.58	101.52	101.44	101.18	101.47333333333333	101.33333333333333	101.42666666666666	101.77333333333333	101.65333333333334	101.49333333333334	101.54666666666667	101.26666666666667	101.6	101.68666666666667	101.71333333333334	101.53333333333333	101.56	101.26	101.49333333333334	101.46666666666667	101.50666666666666	101.54	101.51333333333334	101.59333333333333	101.85333333333334	101.47333333333333	101.48	101.5	101.42	101.2	100.02666666666667	0.0
0.0	99.76	101.05333333333333	101.11333333333333	101.19333333333333	101.12	101.09333333333333	101.00666666666666	101.00666666666666	100.94	100.92666666666666	101.02666666666667	101.17333333333333	101.18	101.06	101.32666666666667	101.27333333333333	101.35333333333334	100.96	101.06666666666666	101.17333333333333	101.48	101.04	101.16	101.4	101.21333333333334	101.21333333333334	101.14666666666666	101.10666666666667	101.20666666666666	101.10666666666667	100.96	101.30666666666667	100.91333333333333	101.32	101.2	101.26	100.93333333333334	101.22666666666667	101.13333333333334	101.22666666666667	101.3	101.26	101.28	101.14666666666666	101.38	101.35333333333334	101.08	101.12666666666667	101.43333333333334	101.14666666666666	101.16	100.97333333333333	101.16	101.24666666666667	101.3	101.14	101.24	101.12	101.03333333333333	101.04666666666667	101.18	101.16	100.88666666666667	100.78666666666666	101.08	101.11333333333333	101.2	101.22	101.12	100.84666666666666	99.91333333333333	0.0
0.0	99.64666666666666	100.85333333333334	101.19333333333333	100.87333333333333	101.16666666666667	101.36	100.97333333333333	100.97333333333333	101.14	101.08	100.96	101.36	101.07333333333334	101.25333333333333	101.2	101.06666666666666	101.15333333333334	101.18	101.05333333333333	101.13333333333334	101.06	101.14	101.25333333333333	101.26666666666667	101.31333333333333	101.21333333333334	101.13333333333334	100.96	100.98	101.18666666666667	101.26666666666667	101.01333333333334	101.23333333333333	101.19333333333333	101.03333333333333	101.3	101.19333333333333	100.95333333333333	101.33333333333333	100.96	100.91333333333333	101.12666666666667	100.98	101.14666666666666	101.21333333333334	101.28	101.0	100.93333333333334	100.95333333333333	101.00666666666666	100.83333333333333	100.92	101.1	101.09333333333333	101.01333333333334	101.00666666666666	101.08	101.25333333333333	100.94	101.2	101.0	101.06666666666666	101.14666666666666	101.22	101.0	101.09333333333333	101.18666666666667	101.07333333333334	100.8	100.89333333333333	99.95333333333333	0.0
0.0	100.09333333333333	101.14	101.38	101.30666666666667	101.19333333333333	101.40666666666667	101.3	101.2	100.93333333333334	101.36	101.27333333333333	101.24	101.31333333333333	101.32	101.2	101.0	101.25333333333333	101.60666666666667	101.60666666666667	101.22666666666667	101.23333333333333	101.4	101.28666666666666	101.44	101.2	101.52	101.24666666666667	101.33333333333333	101.31333333333333	101.48666666666666	101.52666666666667	101.45333333333333	101.42666666666666	101.57333333333334	101.13333333333334	101.18666666666667	101.14666666666666	101.25333333333333	101.29333333333334	101.53333333333333	101.31333333333333	101.08	101.28666666666666	101.33333333333333	101.13333333333334	101.28	101.45333333333333	101.44	101.36	101.26666666666667	101.25333333333333	101.04666666666667	101.23333333333333	101.26	101.16	101.10666666666667	101.21333333333334	101.35333333333334	101.16	101.38666666666667	101.36	101.08666666666667	101.26666666666667	101.26	101.27333333333333	101.33333333333333	101.48	101.39333333333333	101.0	100.7	99.64	0.0
0.0	99.96	100.98	101.26	101.30666666666667	101.26	101.40666666666667	101.4	101.34	101.36	101.46666666666667	101.44666666666667	101.4	101.4	101.34	101.30666666666667	101.14666666666666	101.32	101.16666666666667	101.27333333333333	101.52666666666667	101.44	101.37333333333333	101.38666666666667	101.36666666666666	101.16	101.41333333333333	101.24	101.52	101.30666666666667	101.55333333333333	101.23333333333333	101.38666666666667	101.47333333333333	101.29333333333334	101.46666666666667	101.39333333333333	101.6	101.42666666666666	101.31333333333333	101.36666666666666	101.5	101.56666666666666	101.28	101.70666666666666	101.64	101.45333333333333	101.31333333333333	101.38666666666667	101.44666666666667	101.24	101.40666666666667	101.39333333333333	101.34	101.47333333333333	101.3	101.28666666666666	101.42666666666666	101.36666666666666	101.22	101.52666666666667	101.44	101.38666666666667	101.31333333333333	101.31333333333333	101.39333333333333	101.31333333333333	101.32666666666667	101.55333333333333	101.63333333333334	101.12666666666667	100.02	0.0
0.0	99.56	100.94666666666667	101.19333333333333	101.13333333333334	101.32	101.34	101.30666666666667	101.38666666666667	101.09333333333333	101.38	101.26666666666667	101.14666666666666	101.12666666666667	101.12666666666667	101.16666666666667	101.24	101.22	101.16	101.24	101.26	101.41333333333333	101.31333333333333	101.41333333333333	101.39333333333333	101.41333333333333	101.38666666666667	101.62	101.57333333333334	101.41333333333333	101.10666666666667	101.48	101.12	101.42	101.54	101.21333333333334	101.25333333333333	101.37333333333333	101.32666666666667	101.46666666666667	101.26	100.98	101.22666666666667	101.17333333333333	101.20666666666666	101.36666666666666	101.24666666666667	101.58666666666667	101.09333333333333	101.25333333333333	101.2	101.12	101.11333333333333	101.37333333333333	101.5	101.59333333333333	101.28	101.15333333333334	101.32666666666667	101.18666666666667	101.59333333333333	101.18666666666667	101.26	101.16	101.18666666666667	101.54666666666667	101.19333333333333	101.21333333333334	101.33333333333333	101.19333333333333	100.93333333333334	99.86666666666666	0.0
0.0	99.91333333333333	100.84666666666666	101.09333333333333	101.19333333333333	101.19333333333333	100.98666666666666	100.98666666666666	101.18666666666667	100.97333333333333	101.07333333333334	100.98	100.92	101.00666666666666	101.28666666666666	100.94	100.95333333333333	100.91333333333333	101.17333333333333	100.85333333333334	101.27333333333333	101.08	101.04666666666667	101.14	101.22	101.28666666666666	101.02666666666667	101.14666666666666	101.28666666666666	101.31333333333333	101.33333333333333	101.02666666666667	101.16	101.26666666666667	100.96	101.23333333333333	100.98666666666666	100.99333333333334	101.24	101.29333333333334	100.98	101.01333333333334	100.96666666666667	101.02	100.99333333333334	101.27333333333333	101.29333333333334	101.3	101.35333333333334	101.05333333333333	101.02	101.10666666666667	101.10666666666667	101.08	101.06666666666666	101.24	101.16	101.32	101.32	101.08666666666667	101.02666666666667	101.05333333333333	101.12	101.09333333333333	101.17333333333333	101.2	101.14666666666666	101.25333333333333	101.02	101.25333333333333	100.96666666666667	99.77333333333333	0.0
0.0	100.09333333333333	101.12	101.33333333333333	101.57333333333334	101.60666666666667	101.31333333333333	101.34666666666666	101.36	101.44	101.3	101.49333333333334	101.29333333333334	101.51333333333334	101.26	101.46	101.34	101.24666666666667	101.30666666666667	101.28	101.32	101.45333333333333	101.16	101.34	101.6	101.39333333333333	101.26666666666667	101.2	101.58	101.31333333333333	101.35333333333334	101.24	101.32666666666667	101.48	101.21333333333334	101.10666666666667	101.36	101.49333333333334	101.34666666666666	101.1	101.26	101.27333333333333	101.34666666666666	101.1	101.48	101.18	101.46666666666667	101.46666666666667	101.27333333333333	101.50666666666666	101.4	101.21333333333334	101.36666666666666	101.20666666666666	101.28666666666666	101.16666666666667	101.38666666666667	101.34666666666666	101.35333333333334	101.32666666666667	101.11333333333333	101.38666666666667	101.46	101.67333333333333	101.1	101.24	101.37333333333333	101.01333333333334	101.32	101.17333333333333	101.24	100.14	0.0
0.0	99.9	101.12	101.34666666666666	101.32	101.27333333333333	101.34	101.27333333333333	101.44666666666667	101.3	101.27333333333333	101.1	101.34	101.34666666666666	101.24666666666667	101.34	101.42	101.41333333333333	101.08666666666667	101.15333333333334	101.39333333333333	101.14	101.32666666666667	101.38	101.52	101.62666666666667	101.56666666666666	101.32	101.33333333333333	101.16666666666667	101.33333333333333	101.37333333333333	101.20666666666666	101.18	101.5	101.23333333333333	101.3	101.24	101.45333333333333	101.36	101.22666666666667	101.22	101.51333333333334	101.22	101.1	101.21333333333334	101.17333333333333	101.22666666666667	101.34	101.42	101.36	101.38	101.08	101.38666666666667	101.20666666666666	101.36	101.26666666666667	101.08	101.28	101.44	101.4	101.30666666666667	101.34	101.52666666666667	101.34666666666666	101.28	101.34	101.47333333333333	101.10666666666667	101.12	100.98	99.98666666666666	0.0
0.0	99.94	100.90666666666667	101.24	101.36666666666666	101.00666666666666	101.26666666666667	101.25333333333333	101.42666666666666	101.37333333333333	100.98	101.15333333333334	101.10666666666667	101.26666666666667	101.34666666666666	101.14	101.07333333333334	101.43333333333334	101.22	101.14666666666666	101.16666666666667	101.15333333333334	101.13333333333334	101.10666666666667	101.1	101.24666666666667	101.22666666666667	101.18666666666667	101.49333333333334	101.62	101.08666666666667	101.05333333333333	101.25333333333333	101.38	101.44666666666667	100.98	101.13333333333334	101.46666666666667	101.37333333333333	101.29333333333334	101.32	100.96666666666667	101.26666666666667	101.46666666666667	101.08666666666667	101.4	101.36	101.46	101.16	101.25333333333333	101.16666666666667	101.40666666666667	101.34	101.28666666666666	101.37333333333333	101.42666666666666	101.45333333333333	101.04666666666667	101.25333333333333	101.38666666666667	101.27333333333333	101.25333333333333	101.08666666666667	101.34666666666666	101.1	101.24	101.32666666666667	101.55333333333333	101.34	101.2	101.01333333333334	99.82	0.0
0.0	99.97333333333333	101.37333333333333	101.28	101.42666666666666	101.42	101.31333333333333	101.75333333333333	101.24	101.4	101.32	101.44	101.36666666666666	101.38666666666667	101.53333333333333	101.56666666666666	101.42	101.41333333333333	101.32	101.47333333333333	101.43333333333334	101.26	101.44	101.40666666666667	101.37333333333333	101.68666666666667	101.20666666666666	101.53333333333333	101.78	101.16666666666667	101.32	101.29333333333334	101.46666666666667	101.18666666666667	101.33333333333333	101.26	101.42	101.38666666666667	101.28	101.57333333333334	101.38	101.38666666666667	101.40666666666667	101.49333333333334	101.43333333333334	101.4	101.47333333333333	101.44	101.78	101.44666666666667	101.66666666666667	101.42	101.52	101.52666666666667	101.42	101.58666666666667	101.42666666666666	101.4	101.31333333333333	101.18666666666667	101.20666666666666	101.62666666666667	101.41333333333333	101.18666666666667	101.28666666666666	101.41333333333333	101.24666666666667	101.20666666666666	101.68666666666667	101.23333333333333	101.18666666666667	99.98666666666666	0.0
0.0	100.03333333333333	101.2	101.02666666666667	101.1	101.23333333333333	101.52666666666667	101.4	101.24666666666667	101.5	101.32	101.22666666666667	101.42	101.09333333333333	101.36666666666666	101.22	101.10666666666667	101.44	101.28666666666666	101.4	101.10666666666667	101.24666666666667	101.22666666666667	101.34	101.38666666666667	101.4	101.30666666666667	101.41333333333333	101.32	101.11333333333333	101.38666666666667	101.37333333333333	101.45333333333333	101.2	101.16	101.27333333333333	101.53333333333333	101.38	101.28	101.14666666666666	101.21333333333334	101.39333333333333	101.12666666666667	101.44	101.34	101.2	101.36	101.34666666666666	101.22666666666667	101.20666666666666	100.98666666666666	101.13333333333334	101.16666666666667	101.32	101.06666666666666	101.37333333333333	101.3	101.24666666666667	101.26666666666667	101.28	100.90666666666667	101.37333333333333	101.12666666666667	101.21333333333334	101.16666666666667	101.45333333333333	101.24666666666667	100.98	101.21333333333334	101.26666666666667	101.40666666666667	100.06	0.0
0.0	99.67333333333333	100.98666666666666	101.21333333333334	101.07333333333334	101.08666666666667	101.21333333333334	101.13333333333334	101.18	100.90666666666667	101.05333333333333	101.15333333333334	101.12	100.86	101.1	101.11333333333333	101.24666666666667	101.10666666666667	101.03333333333333	101.30666666666667	101.18666666666667	101.13333333333334	101.27333333333333	101.19333333333333	101.16666666666667	101.16	101.18	101.02	101.10666666666667	101.20666666666666	101.17333333333333	101.15333333333334	101.29333333333334	101.20666666666666	101.22	101.1	101.02666666666667	101.24	101.07333333333334	101.32	101.08	101.32	100.92	101.36	101.00666666666666	101.02666666666667	101.03333333333333	101.28	100.96666666666667	101.09333333333333	101.00666666666666	100.93333333333334	101.38666666666667	101.26	101.24	100.92666666666666	101.0	101.18	101.10666666666667	101.22666666666667	101.1	100.98666666666666	101.17333333333333	100.97333333333333	101.26	101.03333333333333	100.81333333333333	100.90666666666667	101.04	100.85333333333334	100.94666666666667	99.68666666666667	0.0
0.0	99.56666666666666	101.04666666666667	101.34	101.28666666666666	101.36	101.40666666666667	101.31333333333333	101.12	101.34666666666666	101.36666666666666	101.14	101.30666666666667	101.24666666666667	101.36666666666666	101.09333333333333	100.91333333333333	101.22	101.28666666666666	101.26666666666667	101.14666666666666	101.22666666666667	101.10666666666667	101.24	101.29333333333334	101.24	101.27333333333333	101.34666666666666	101.14	101.18	101.42666666666666	101.44	101.09333333333333	101.20666666666666	101.41333333333333	101.13333333333334	101.08	101.21333333333334	101.32666666666667	101.39333333333333	101.16666666666667	101.61333333333333	101.34	101.03333333333333	101.03333333333333	101.21333333333334	101.37333333333333	101.02	101.26	101.24666666666667	101.25333333333333	101.34666666666666	101.14	101.26	101.43333333333334	101.25333333333333	101.03333333333333	101.23333333333333	101.45333333333333	101.20666666666666	101.24666666666667	101.27333333333333	101.36	101.18666666666667	101.32666666666667	101.33333333333333	101.24666666666667	101.32666666666667	101.24	101.26	101.01333333333334	99.74	0.0
0.0	99.92	101.13333333333334	101.36	101.14	101.35333333333334	101.19333333333333	101.48666666666666	101.19333333333333	101.25333333333333	101.58666666666667	101.57333333333334	101.32	101.46666666666667	101.46666666666667	101.47333333333333	101.38	101.44	101.4	101.59333333333333	101.27333333333333	101.60666666666667	101.26666666666667	101.25333333333333	101.41333333333333	101.15333333333334	101.36666666666666	101.34666666666666	101.69333333333333	101.38666666666667	101.32666666666667	101.48	101.23333333333333	101.28	101.32	101.4	101.39333333333333	101.36	101.6	101.2	101.32	101.39333333333333	101.4	101.34	101.50666666666666	101.5	101.32666666666667	101.18666666666667	101.41333333333333	101.58	101.34	100.98	101.38666666666667	101.36666666666666	101.31333333333333	101.54	101.28	101.32666666666667	101.34666666666666	101.39333333333333	101.43333333333334	101.46	101.14	101.29333333333334	101.25333333333333	101.11333333333333	101.03333333333333	101.09333333333333	101.30666666666667	101.32	101.20666666666666	99.94666666666667	0.0
0.0	99.76666666666667	100.90666666666667	101.19333333333333	101.03333333333333	101.25333333333333	101.20666666666666	101.37333333333333	100.94666666666667	100.82	101.19333333333333	101.23333333333333	101.01333333333334	101.00666666666666	101.31333333333333	101.46666666666667	101.16	101.03333333333333	101.30666666666667	101.14666666666666	101.16	101.16	101.16666666666667	101.15333333333334	101.27333333333333	101.22666666666667	101.23333333333333	101.13333333333334	101.04	101.07333333333334	101.3	101.16666666666667	101.17333333333333	101.32666666666667	101.16	101.22	101.19333333333333	101.19333333333333	101.16666666666667	101.18666666666667	101.02	101.06	101.26	101.24	101.10666666666667	101.14	101.07333333333334	101.32666666666667	101.18666666666667	101.16666666666667	101.15333333333334	101.0	100.89333333333333	101.22666666666667	101.18	101.07333333333334	101.12	101.24	101.24	101.24	101.28	101.3	101.12	101.15333333333334	101.22666666666667	101.17333333333333	101.41333333333333	101.18	101.1	101.47333333333333	100.80666666666667	99.54666666666667	0.0
0.0	99.81333333333333	100.84666666666666	101.14	101.16666666666667	101.14	101.12	100.86666666666666	100.96	101.50666666666666	101.06666666666666	101.09333333333333	101.12	101.20666666666666	101.14	101.32666666666667	101.36666666666666	101.05333333333333	101.12	101.00666666666666	101.2	101.21333333333334	101.08	101.08	101.1	101.28666666666666	101.16	101.06666666666666	101.19333333333333	101.10666666666667	101.32666666666667	101.18666666666667	101.12	101.26666666666667	101.02666666666667	100.94666666666667	101.08666666666667	101.26	101.34666666666666	101.23333333333333	101.51333333333334	101.14	101.19333333333333	101.17333333333333	101.04666666666667	101.31333333333333	101.12666666666667	101.28	101.04666666666667	101.18	100.96	101.08	101.24	101.56666666666666	101.31333333333333	101.39333333333333	101.27333333333333	101.3	101.23333333333333	101.31333333333333	101.23333333333333	101.41333333333333	101.17333333333333	101.50666666666666	101.18	101.35333333333334	101.16	101.14666666666666	101.25333333333333	101.26666666666667	101.11333333333333	99.46666666666667	0.0
0.0	99.88	101.18666666666667	101.25333333333333	101.40666666666667	101.45333333333333	101.4	101.52	101.22666666666667	101.05333333333333	101.36	101.16	101.04666666666667	101.14666666666666	101.2	101.36666666666666	101.5	101.32666666666667	101.28666666666666	101.28666666666666	100.99333333333334	101.23333333333333	101.20666666666666	101.15333333333334	101.44	101.26666666666667	101.08666666666667	101.46666666666667	101.22666666666667	101.22	101.32	101.25333333333333	101.20666666666666	101.28	101.40666666666667	101.26	101.60666666666667	101.32	101.04	101.39333333333333	101.44	101.24666666666667	101.30666666666667	101.11333333333333	101.34666666666666	101.38	101.44	101.22	101.08666666666667	101.57333333333334	101.37333333333333	101.40666666666667	101.08	101.36	101.22	101.29333333333334	101.22	101.32	101.21333333333334	101.26666666666667	101.18666666666667	101.43333333333334	101.34666666666666	101.48666666666666	101.09333333333333	101.4	101.06666666666666	101.46	101.3	101.16666666666667	101.14	99.79333333333334	0.0
0.0	99.53333333333333	101.05333333333333	101.32	101.33333333333333	101.24666666666667	101.0	101.39333333333333	101.23333333333333	101.13333333333334	101.16666666666667	101.51333333333334	101.08	101.48666666666666	101.18666666666667	101.24666666666667	101.22666666666667	101.36666666666666	101.20666666666666	101.19333333333333	101.26666666666667	101.42	101.26	101.3	101.38	101.16666666666667	101.23333333333333	101.22666666666667	101.03333333333333	101.37333333333333	101.15333333333334	101.32	101.23333333333333	101.22666666666667	101.52666666666667	101.28	101.12	101.34	101.18666666666667	101.08666666666667	101.35333333333334	101.34666666666666	101.34666666666666	101.55333333333333	101.32	101.26666666666667	101.34666666666666	101.26666666666667	101.23333333333333	101.00666666666666	100.95333333333333	101.2	101.34	101.00666666666666	101.35333333333334	101.42	101.42	101.17333333333333	101.26666666666667	101.34	101.42	101.22	101.42666666666666	101.36666666666666	101.46666666666667	101.33333333333333	101.34666666666666	101.16	101.19333333333333	101.2	101.02666666666667	99.82	0.0
0.0	99.84	101.26	101.30666666666667	101.41333333333333	101.36	101.59333333333333	101.45333333333333	101.32666666666667	101.36666666666666	101.23333333333333	101.22	101.38666666666667	101.28666666666666	101.28666666666666	101.24	101.6	101.16	101.18666666666667	101.24	101.64	101.59333333333333	101.6	101.13333333333334	101.09333333333333	101.38	101.31333333333333	101.33333333333333	101.38666666666667	101.49333333333334	101.27333333333333	101.38	101.42	101.37333333333333	101.3	101.4	101.34666666666666	101.30666666666667	101.16	101.32	101.33333333333333	101.25333333333333	101.55333333333333	101.14666666666666	101.44666666666667	101.05333333333333	101.11333333333333	101.32666666666667	101.67333333333333	101.39333333333333	101.33333333333333	101.16666666666667	101.39333333333333	101.41333333333333	101.17333333333333	101.30666666666667	101.12	101.29333333333334	101.26666666666667	101.54666666666667	101.08666666666667	101.28	101.32	101.24	101.32	101.26	101.29333333333334	101.40666666666667	101.32666666666667	101.28666666666666	101.5	99.89333333333333	0.0
0.0	99.82666666666667	100.82	101.00666666666666	101.54	101.07333333333334	101.16666666666667	101.29333333333334	101.12666666666667	101.34666666666666	101.40666666666667	101.12666666666667	101.30666666666667	101.02	101.27333333333333	101.36666666666666	101.37333333333333	101.06	101.24	101.35333333333334	101.16666666666667	101.20666666666666	101.20666666666666	101.11333333333333	101.26	101.43333333333334	101.38	101.24666666666667	101.17333333333333	101.31333333333333	101.41333333333333	101.40666666666667	101.13333333333334	100.93333333333334	101.33333333333333	101.28	101.27333333333333	101.2	101.22	101.04	101.14666666666666	101.33333333333333	101.43333333333334	101.21333333333334	101.36	101.30666666666667	101.20666666666666	101.12666666666667	101.11333333333333	101.21333333333334	101.18	100.93333333333334	101.03333333333333	101.22	101.30666666666667	101.21333333333334	101.44	101.10666666666667	101.26	101.38666666666667	101.11333333333333	101.09333333333333	101.08666666666667	101.15333333333334	101.19333333333333	101.5	101.09333333333333	101.26	101.7	101.42	101.22666666666667	99.96666666666667	0.0
0.0	100.15333333333334	101.32666666666667	101.41333333333333	101.38	101.42666666666666	101.40666666666667	101.18666666666667	101.36666666666666	101.50666666666666	101.48	101.68666666666667	101.24	101.44	101.53333333333333	101.59333333333333	101.43333333333334	101.57333333333334	101.39333333333333	101.23333333333333	101.36666666666666	101.68	101.6	101.40666666666667	101.32	101.35333333333334	101.36	101.47333333333333	101.37333333333333	101.23333333333333	101.33333333333333	101.33333333333333	101.26666666666667	101.46666666666667	101.26666666666667	101.25333333333333	101.32666666666667	101.24666666666667	101.08666666666667	101.62	101.58	101.32	101.44	101.34666666666666	101.33333333333333	101.62	101.82	101.28666666666666	101.65333333333334	101.75333333333333	101.54	101.30666666666667	101.28666666666666	101.34	101.4	101.34666666666666	101.40666666666667	101.24666666666667	101.62	101.38	101.24	101.42	101.72	101.32	101.31333333333333	101.62	101.32666666666667	101.36666666666666	101.16	101.14666666666666	101.14	99.98	0.0
0.0	99.95333333333333	101.21333333333334	101.26	101.20666666666666	101.37333333333333	101.20666666666666	101.46	101.4	101.66666666666667	101.32	101.53333333333333	101.37333333333333	101.38	101.52	101.55333333333333	101.58666666666667	101.44666666666667	101.48	101.40666666666667	101.67333333333333	101.54	101.41333333333333	101.52	101.36	101.3	101.68666666666667	101.4	101.67333333333333	101.67333333333333	101.17333333333333	101.23333333333333	101.46	101.52666666666667	101.34666666666666	101.54666666666667	101.34	101.38	101.64	101.37333333333333	101.58	101.76	101.42666666666666	101.31333333333333	101.58666666666667	101.38	101.56666666666666	101.58	101.3	101.48	101.52666666666667	101.42666666666666	101.78666666666666	101.62666666666667	101.34666666666666	101.56666666666666	101.54666666666667	101.42	101.7	101.45333333333333	101.56666666666666	101.68	101.53333333333333	101.52666666666667	101.58666666666667	101.22666666666667	101.66666666666667	101.64	101.69333333333333	101.44	101.33333333333333	99.94	0.0
0.0	100.14	101.17333333333333	101.36	101.15333333333334	101.16	101.36	101.48666666666666	101.26666666666667	101.36	101.45333333333333	101.31333333333333	101.34666666666666	101.49333333333334	101.24666666666667	101.39333333333333	101.5	101.19333333333333	101.38	101.5	101.52	101.15333333333334	101.24666666666667	101.36	101.33333333333333	101.34	101.50666666666666	101.18	101.3	101.26	101.30666666666667	101.48666666666666	101.18	101.64666666666666	101.37333333333333	101.45333333333333	101.26666666666667	101.38666666666667	101.26666666666667	101.23333333333333	101.29333333333334	101.35333333333334	101.32	101.44	101.54666666666667	101.35333333333334	101.43333333333334	101.67333333333333	101.37333333333333	101.38	101.17333333333333	101.33333333333333	101.64	101.25333333333333	101.26	101.26	101.57333333333334	101.56	101.31333333333333	101.0	101.26666666666667	101.35333333333334	101.64666666666666	101.52	101.18	101.39333333333333	101.35333333333334	101.42	101.38666666666667	101.42	101.11333333333333	100.06666666666666	0.0
0.0	99.87333333333333	100.80666666666667	101.01333333333334	100.94	101.23333333333333	101.24	101.26666666666667	100.96	101.22	101.12	101.16	101.04666666666667	101.12	101.11333333333333	101.20666666666666	101.22666666666667	101.12	101.20666666666666	101.58	101.02	101.22	101.07333333333334	101.28	101.38666666666667	101.06666666666666	101.12	101.03333333333333	100.92	101.19333333333333	100.99333333333334	101.24	101.28666666666666	101.32666666666667	101.17333333333333	101.28666666666666	101.17333333333333	100.95333333333333	100.94666666666667	100.88	101.29333333333334	101.14	101.15333333333334	100.88666666666667	101.57333333333334	101.11333333333333	101.18666666666667	101.16	101.11333333333333	101.36666666666666	101.02	101.28	101.26666666666667	101.07333333333334	101.0	101.30666666666667	100.98	101.13333333333334	101.18666666666667	101.08666666666667	101.2	100.96	101.43333333333334	101.18	101.34	101.08666666666667	101.18666666666667	101.52	101.36	101.17333333333333	101.04	99.70666666666666	0.0
0.0	99.9	101.13333333333334	101.46666666666667	101.23333333333333	101.18666666666667	101.26	101.38666666666667	101.28666666666666	101.32	101.32666666666667	101.21333333333334	101.14666666666666	101.19333333333333	101.54	101.39333333333333	101.16666666666667	101.29333333333334	101.43333333333334	101.39333333333333	101.02666666666667	101.34	101.37333333333333	101.40666666666667	101.34666666666666	101.24	101.28	101.28666666666666	101.34666666666666	101.45333333333333	101.42	101.52666666666667	101.26	101.28666666666666	101.43333333333334	101.34	101.35333333333334	101.24	101.37333333333333	101.26	101.31333333333333	101.38	101.39333333333333	101.37333333333333	101.48	101.4	101.36	101.3	101.3	101.15333333333334	101.34666666666666	101.54666666666667	101.43333333333334	101.21333333333334	101.10666666666667	101.23333333333333	101.5	101.39333333333333	101.56	101.44666666666667	101.42666666666666	101.06666666666666	101.21333333333334	101.33333333333333	101.37333333333333	101.42	101.35333333333334	101.34	101.35333333333334	101.27333333333333	101.12666666666667	100.04	0.0
0.0	99.85333333333334	100.77333333333333	101.0	100.88	100.73333333333333	101.14	100.91333333333333	101.34	101.04666666666667	101.1	101.02	101.01333333333334	101.11333333333333	100.97333333333333	100.85333333333334	101.03333333333333	101.02666666666667	101.1	101.00666666666666	101.02	101.03333333333333	101.35333333333334	101.07333333333334	101.20666666666666	100.99333333333334	100.93333333333334	101.03333333333333	101.09333333333333	101.31333333333333	101.21333333333334	100.94	101.03333333333333	101.42666666666666	101.14	101.32666666666667	101.03333333333333	101.12666666666667	100.95333333333333	101.17333333333333	101.13333333333334	101.21333333333334	101.09333333333333	101.1	101.16	101.09333333333333	101.18666666666667	101.31333333333333	101.08666666666667	101.04	100.97333333333333	100.98	101.22666666666667	101.0	100.95333333333333	100.84666666666666	101.26	101.46	101.18	101.08	100.94666666666667	101.30666666666667	101.26	101.16	100.93333333333334	101.10666666666667	101.12	101.16666666666667	101.13333333333334	100.97333333333333	100.62	99.81333333333333	0.0
0.0	100.16	101.03333333333333	101.23333333333333	101.15333333333334	101.48	101.34	101.11333333333333	101.33333333333333	101.39333333333333	101.50666666666666	101.44	101.28	101.29333333333334	101.14666666666666	101.48	101.24	101.19333333333333	101.36	101.22666666666667	101.28	101.14666666666666	101.25333333333333	101.2	101.53333333333333	101.72666666666667	101.44666666666667	101.32	101.22666666666667	101.55333333333333	101.36666666666666	101.56666666666666	101.38	101.44	101.26666666666667	101.32	101.4	101.24	101.45333333333333	101.42	101.44666666666667	101.44	101.56666666666666	101.52666666666667	101.38	101.22	101.34666666666666	101.26	101.3	101.42	101.52666666666667	101.42666666666666	101.44	101.38666666666667	101.60666666666667	101.24666666666667	101.54666666666667	101.30666666666667	101.29333333333334	101.18	101.65333333333334	101.27333333333333	101.47333333333333	101.28	101.34	101.4	101.32	101.28	101.46666666666667	101.34	101.08	100.04	0.0
0.0	99.92	100.91333333333333	101.04	101.20666666666666	101.47333333333333	101.1	101.01333333333334	100.96	101.12	101.03333333333333	101.06666666666666	101.04	100.97333333333333	101.0	101.12	101.09333333333333	101.22666666666667	101.26666666666667	101.23333333333333	101.30666666666667	100.94	101.23333333333333	101.00666666666666	101.13333333333334	101.14	101.08	100.94	101.14666666666666	101.24666666666667	101.10666666666667	101.12666666666667	100.96	101.04	101.1	101.24	101.16666666666667	100.96	101.27333333333333	101.12666666666667	101.18	101.30666666666667	101.1	101.24666666666667	100.74666666666667	101.14666666666666	101.37333333333333	101.16666666666667	101.1	101.08	100.89333333333333	101.24	101.02	101.08666666666667	101.14	101.06666666666666	101.26666666666667	101.11333333333333	101.22	101.22666666666667	101.07333333333334	101.18666666666667	101.28666666666666	100.98666666666666	101.42666666666666	101.3	101.27333333333333	101.15333333333334	100.98666666666666	101.12666666666667	100.86	99.53333333333333	0.0
0.0	99.88666666666667	101.04	101.30666666666667	101.05333333333333	101.20666666666666	101.22666666666667	101.32	101.3	101.32	101.44666666666667	101.42666666666666	101.23333333333333	101.33333333333333	101.53333333333333	101.29333333333334	101.37333333333333	101.34	101.58	101.3	101.28666666666666	101.2	101.44	101.38	101.42666666666666	101.17333333333333	101.31333333333333	101.46	100.98666666666666	101.16	101.32	101.20666666666666	101.30666666666667	101.56	101.38	101.28	101.17333333333333	101.39333333333333	101.34666666666666	101.17333333333333	101.26	101.30666666666667	101.29333333333334	101.21333333333334	101.29333333333334	101.40666666666667	101.44666666666667	101.37333333333333	101.35333333333334	101.2	101.1	101.18	101.38	101.5	101.48	101.44666666666667	101.47333333333333	101.34	101.24	101.42	101.60666666666667	101.17333333333333	101.35333333333334	101.38	101.04	101.37333333333333	101.54	101.09333333333333	101.09333333333333	101.16	101.00666666666666	99.73333333333333	0.0
0.0	99.82666666666667	101.1	101.32	101.23333333333333	101.18666666666667	101.41333333333333	101.21333333333334	101.3	101.48	101.4	101.49333333333334	101.56	101.37333333333333	101.30666666666667	101.48	101.19333333333333	101.35333333333334	101.33333333333333	101.36666666666666	101.38666666666667	101.3	101.34	101.07333333333334	101.25333333333333	101.28	101.08666666666667	101.27333333333333	101.1	101.31333333333333	101.41333333333333	101.52666666666667	101.11333333333333	101.14666666666666	101.37333333333333	101.32	101.26666666666667	101.23333333333333	101.52	101.10666666666667	101.20666666666666	101.21333333333334	101.44666666666667	101.27333333333333	101.36	101.0	101.26666666666667	101.47333333333333	101.52666666666667	101.5	101.46	101.20666666666666	101.16	101.21333333333334	101.35333333333334	101.38666666666667	101.29333333333334	101.09333333333333	101.36	101.53333333333333	101.64666666666666	101.32666666666667	101.17333333333333	101.26666666666667	101.37333333333333	101.46	101.1	101.55333333333333	101.28666666666666	101.39333333333333	101.17333333333333	99.84	0.0
0.0	100.10666666666667	101.22	101.32666666666667	101.23333333333333	101.53333333333333	101.46	101.48666666666666	101.19333333333333	101.34666666666666	101.24	101.52666666666667	101.62666666666667	101.53333333333333	101.56666666666666	101.58666666666667	101.46666666666667	101.57333333333334	101.55333333333333	101.76	101.34	101.34	101.48	101.47333333333333	101.42	101.65333333333334	101.12	101.61333333333333	101.3	101.18666666666667	101.09333333333333	101.46666666666667	101.32	101.34666666666666	101.25333333333333	101.50666666666666	101.60666666666667	101.41333333333333	101.72	101.46	101.54666666666667	101.26	101.72666666666667	101.56666666666666	101.60666666666667	101.76666666666667	101.62666666666667	101.38	101.42666666666666	101.54666666666667	101.76	101.31333333333333	101.4	101.44	101.56666666666666	101.48	101.55333333333333	101.56	101.38666666666667	101.38666666666667	101.58	101.38	101.54666666666667	101.55333333333333	101.50666666666666	101.24666666666667	101.32	101.28666666666666	101.18666666666667	101.62	101.28	100.16666666666667	0.0
0.0	100.22	101.24666666666667	101.56666666666666	101.41333333333333	101.27333333333333	101.38	101.62	101.30666666666667	101.29333333333334	101.47333333333333	101.27333333333333	101.61333333333333	101.47333333333333	101.5	101.33333333333333	101.49333333333334	101.22	101.58	101.54	101.43333333333334	101.46666666666667	101.36	101.28	101.45333333333333	101.34	101.27333333333333	101.40666666666667	101.40666666666667	101.26	101.27333333333333	101.39333333333333	101.63333333333334	101.37333333333333	101.38	101.18	101.32	101.37333333333333	101.45333333333333	101.6	101.19333333333333	101.20666666666666	101.12666666666667	101.38666666666667	101.5	101.28	101.50666666666666	101.39333333333333	101.42666666666666	101.17333333333333	101.54	101.23333333333333	101.28666666666666	101.73333333333333	101.59333333333333	101.66	101.24	101.39333333333333	101.34	101.52	101.50666666666666	101.42	101.56	101.19333333333333	101.50666666666666	101.43333333333334	101.52666666666667	101.44666666666667	101.6	101.07333333333334	101.10666666666667	99.86	0.0
0.0	99.88666666666667	100.88	101.27333333333333	101.11333333333333	101.12666666666667	101.34	101.10666666666667	100.93333333333334	101.12666666666667	101.23333333333333	101.14666666666666	101.18666666666667	101.04666666666667	101.16666666666667	101.25333333333333	101.46	101.19333333333333	101.04	101.22	101.02666666666667	101.18666666666667	101.12	101.26666666666667	101.38	101.20666666666666	101.28666666666666	101.17333333333333	101.21333333333334	100.97333333333333	101.24	101.06666666666666	101.31333333333333	101.16666666666667	101.30666666666667	101.46666666666667	101.32	101.22666666666667	101.34666666666666	100.95333333333333	101.39333333333333	101.44	101.18666666666667	101.51333333333334	101.4	101.42	101.3	101.56666666666666	101.38	101.36	101.06666666666666	101.20666666666666	101.26	101.16666666666667	101.27333333333333	101.2	101.21333333333334	101.11333333333333	101.02	101.38666666666667	101.2	101.41333333333333	101.42	101.4	101.27333333333333	101.10666666666667	101.31333333333333	101.46666666666667	101.17333333333333	101.1	101.08	99.75333333333333	0.0
0.0	99.98	101.12	101.38	101.36	101.54666666666667	101.21333333333334	101.33333333333333	101.40666666666667	101.46	101.40666666666667	101.25333333333333	101.49333333333334	101.36	101.17333333333333	101.42	101.43333333333334	101.5	101.56	101.47333333333333	101.47333333333333	101.66666666666667	101.56666666666666	101.44	101.43333333333334	101.28666666666666	101.54	101.32	101.51333333333334	101.39333333333333	101.4	101.49333333333334	101.47333333333333	101.46666666666667	101.37333333333333	101.55333333333333	101.50666666666666	101.67333333333333	101.42666666666666	101.45333333333333	101.32	101.47333333333333	101.62	101.63333333333334	101.62	101.50666666666666	101.14	101.47333333333333	101.48666666666666	101.45333333333333	101.54666666666667	101.49333333333334	101.66	101.58	101.55333333333333	101.47333333333333	101.60666666666667	101.5	101.48	101.53333333333333	101.64666666666666	101.54666666666667	101.48666666666666	101.44	101.56	101.48	101.34666666666666	101.47333333333333	101.14	101.46	101.06	100.18666666666667	0.0
0.0	99.65333333333334	100.76	101.17333333333333	101.11333333333333	101.28	101.17333333333333	101.09333333333333	101.25333333333333	101.03333333333333	101.3	101.04	101.19333333333333	100.98	101.14666666666666	101.08	101.20666666666666	101.08	100.9	101.02666666666667	101.11333333333333	101.23333333333333	100.98	101.20666666666666	101.17333333333333	101.42666666666666	101.21333333333334	100.9	101.18666666666667	101.23333333333333	101.22	101.19333333333333	101.07333333333334	101.52666666666667	101.2	101.21333333333334	101.06	101.14666666666666	101.14	101.30666666666667	101.53333333333333	100.95333333333333	100.93333333333334	101.14	101.29333333333334	101.14666666666666	101.10666666666667	101.21333333333334	101.10666666666667	101.14666666666666	100.94666666666667	101.14666666666666	101.12	101.20666666666666	101.19333333333333	101.12	101.29333333333334	101.04	101.13333333333334	101.25333333333333	101.06	101.15333333333334	101.1	101.03333333333333	101.12666666666667	101.28	101.43333333333334	100.94	101.04666666666667	101.23333333333333	100.98666666666666	99.80666666666667	0.0
0.0	99.6	100.78	101.26666666666667	101.18	101.13333333333334	100.82666666666667	101.19333333333333	101.21333333333334	101.2	100.95333333333333	101.08	101.26	101.62	101.16666666666667	101.27333333333333	101.44666666666667	101.11333333333333	101.06	101.11333333333333	101.02666666666667	101.2	101.15333333333334	101.1	101.36	101.19333333333333	101.21333333333334	101.27333333333333	101.00666666666666	101.04666666666667	101.22	101.2	101.18	100.92666666666666	101.16	101.14	101.11333333333333	101.1	100.97333333333333	101.05333333333333	101.09333333333333	101.30666666666667	101.02666666666667	101.21333333333334	101.12	101.01333333333334	101.31333333333333	101.5	101.33333333333333	101.15333333333334	101.20666666666666	101.30666666666667	101.1	101.06666666666666	101.32	101.26	101.34666666666666	101.21333333333334	101.14	101.32666666666667	100.92666666666666	101.24666666666667	101.09333333333333	101.07333333333334	101.2	101.16	101.00666666666666	101.20666666666666	100.82666666666667	100.84	100.86	99.87333333333333	0.0
0.0	99.70666666666666	100.96	101.10666666666667	101.46666666666667	101.3	101.24666666666667	101.24	101.12666666666667	101.49333333333334	101.17333333333333	101.10666666666667	101.28666666666666	101.17333333333333	101.47333333333333	101.1	101.24	101.14	101.24	101.46	101.18	101.08	101.18	101.32	101.31333333333333	101.15333333333334	101.19333333333333	101.2	101.38666666666667	101.08	101.33333333333333	101.38	101.31333333333333	101.18	101.17333333333333	101.5	101.51333333333334	101.46	101.4	101.46666666666667	101.44	101.16666666666667	101.12	101.34	101.40666666666667	101.18666666666667	101.04	101.45333333333333	101.55333333333333	101.12	101.46666666666667	101.26	101.34666666666666	101.20666666666666	101.37333333333333	101.16	101.38666666666667	101.25333333333333	101.22	101.28	101.02666666666667	101.36	101.42666666666666	101.53333333333333	101.33333333333333	101.41333333333333	101.32666666666667	101.34	101.22666666666667	101.37333333333333	100.79333333333334	100.02	0.0
0.0	99.92	101.22	101.47333333333333	101.15333333333334	101.35333333333334	101.34666666666666	101.34666666666666	101.72666666666667	101.24666666666667	101.32	101.09333333333333	101.52	101.2	101.39333333333333	101.19333333333333	101.52	101.41333333333333	101.37333333333333	101.27333333333333	101.24666666666667	101.44	101.42666666666666	101.24666666666667	101.36	101.3	101.24	101.21333333333334	101.29333333333334	101.18	101.44	101.23333333333333	101.24666666666667	101.19333333333333	101.27333333333333	101.50666666666666	101.59333333333333	101.28666666666666	101.3	101.14666666666666	101.39333333333333	101.22	101.54	101.36666666666666	101.34	101.20666666666666	101.27333333333333	101.21333333333334	101.28	101.53333333333333	101.63333333333334	101.46666666666667	101.28	101.42	101.32	101.46666666666667	101.41333333333333	101.42	101.33333333333333	101.38666666666667	101.2	101.12	101.38666666666667	101.34666666666666	101.44	101.16	101.31333333333333	101.5	101.54	101.33333333333333	100.96666666666667	100.06666666666666	0.0
0.0	99.95333333333333	101.32	101.50666666666666	101.28	101.36666666666666	101.28666666666666	101.56	101.32	101.62666666666667	101.50666666666666	101.54	101.66666666666667	101.42	101.47333333333333	101.58666666666667	101.41333333333333	101.49333333333334	101.55333333333333	101.54	101.31333333333333	101.30666666666667	101.51333333333334	101.74666666666667	101.50666666666666	101.78666666666666	101.42666666666666	101.32	101.63333333333334	101.5	101.36	101.63333333333334	101.72666666666667	101.6	101.4	101.48	101.4	101.26666666666667	101.20666666666666	101.61333333333333	101.47333333333333	101.45333333333333	101.2	101.52	101.45333333333333	101.61333333333333	101.50666666666666	101.44666666666667	101.30666666666667	101.13333333333334	101.51333333333334	101.38666666666667	101.54666666666667	101.37333333333333	101.75333333333333	101.76666666666667	101.48666666666666	101.32666666666667	101.34666666666666	101.58666666666667	101.68	101.78	101.43333333333334	101.52666666666667	101.48666666666666	101.09333333333333	101.6	101.46	101.53333333333333	101.33333333333333	101.41333333333333	100.02666666666667	0.0
0.0	99.94666666666667	101.46	101.13333333333334	101.05333333333333	101.32666666666667	101.48666666666666	101.22666666666667	101.34	101.45333333333333	101.19333333333333	101.07333333333334	101.59333333333333	101.21333333333334	101.42	101.20666666666666	101.40666666666667	101.3	101.14666666666666	101.31333333333333	100.94	101.52666666666667	101.44	101.66666666666667	101.22	101.59333333333333	101.62	101.08666666666667	101.56	101.39333333333333	101.46	101.26666666666667	101.26666666666667	101.17333333333333	101.14666666666666	101.23333333333333	101.34666666666666	101.44666666666667	101.26	101.61333333333333	101.45333333333333	101.56	101.24	101.23333333333333	101.68666666666667	101.15333333333334	101.23333333333333	101.42666666666666	101.12666666666667	101.32666666666667	101.47333333333333	101.58666666666667	101.57333333333334	101.42	101.41333333333333	101.44	101.54666666666667	101.52	101.34	101.36666666666666	101.27333333333333	101.23333333333333	101.46	101.35333333333334	101.68	101.54	101.42	101.24	101.08	101.54666666666667	101.04666666666667	100.16666666666667	0.0
0.0	99.92666666666666	101.30666666666667	101.42	101.61333333333333	101.40666666666667	101.5	101.16	101.52	101.49333333333334	101.43333333333334	101.54	101.41333333333333	101.47333333333333	101.27333333333333	101.55333333333333	101.43333333333334	101.56	101.44	101.29333333333334	101.49333333333334	101.46	101.53333333333333	101.18	101.36666666666666	101.35333333333334	101.46	101.34666666666666	101.38	101.44	101.38	101.34666666666666	101.29333333333334	101.12666666666667	101.30666666666667	101.78	101.38666666666667	101.37333333333333	101.36666666666666	101.58666666666667	101.59333333333333	101.11333333333333	101.54	101.29333333333334	101.22	101.62666666666667	101.28	101.52666666666667	101.19333333333333	101.56	101.58666666666667	101.42	101.27333333333333	101.52	101.25333333333333	101.46	101.25333333333333	101.32	101.4	101.36666666666666	101.28	101.32	101.10666666666667	101.51333333333334	101.42666666666666	101.47333333333333	101.05333333333333	101.22	101.49333333333334	101.35333333333334	101.28	100.18	0.0
0.0	99.91333333333333	101.13333333333334	101.23333333333333	101.19333333333333	101.31333333333333	101.18666666666667	101.23333333333333	101.44666666666667	101.29333333333334	101.20666666666666	101.04	101.26	101.27333333333333	101.28666666666666	101.36	101.38	101.14666666666666	101.12	101.19333333333333	101.34	101.34	101.20666666666666	100.94666666666667	101.24666666666667	101.39333333333333	101.43333333333334	101.08	101.0	101.31333333333333	101.39333333333333	101.32666666666667	101.10666666666667	101.34666666666666	100.97333333333333	101.36666666666666	101.22	101.13333333333334	101.20666666666666	100.97333333333333	101.1	101.42666666666666	101.16	101.08666666666667	101.12	101.2	101.14666666666666	101.35333333333334	101.31333333333333	101.32666666666667	101.50666666666666	101.38	101.41333333333333	101.42	101.22	101.13333333333334	101.06666666666666	101.26666666666667	101.06	101.09333333333333	101.28	101.28	101.14666666666666	101.02666666666667	101.29333333333334	101.34666666666666	101.25333333333333	101.32	101.3	101.27333333333333	100.96666666666667	100.02	0.0
0.0	99.7	101.08	101.52666666666667	101.26666666666667	100.88666666666667	101.27333333333333	101.36	101.11333333333333	101.15333333333334	101.38666666666667	101.31333333333333	101.52666666666667	101.21333333333334	101.34666666666666	101.06666666666666	101.36	101.14666666666666	101.26	101.25333333333333	101.47333333333333	101.44666666666667	101.18	101.22	101.46666666666667	101.37333333333333	101.51333333333334	101.29333333333334	101.38666666666667	101.34	101.46	101.1	101.29333333333334	101.24666666666667	101.06666666666666	101.46666666666667	101.20666666666666	101.35333333333334	101.22	101.17333333333333	101.18	101.53333333333333	101.58	101.20666666666666	101.23333333333333	101.56	101.44666666666667	101.3	101.29333333333334	101.00666666666666	101.44	101.2	101.22	101.13333333333334	101.06	101.12	101.49333333333334	101.27333333333333	101.06666666666666	101.34	101.33333333333333	101.32666666666667	101.36	101.34	101.36	101.3	101.33333333333333	101.28	101.1	101.13333333333334	100.99333333333334	99.76	0.0
0.0	99.78666666666666	101.00666666666666	101.57333333333334	101.12666666666667	101.49333333333334	101.46	101.22666666666667	101.32666666666667	101.50666666666666	101.10666666666667	101.14	101.28666666666666	101.12	101.31333333333333	101.37333333333333	101.45333333333333	101.48	101.20666666666666	101.54666666666667	101.37333333333333	101.23333333333333	101.26666666666667	101.52666666666667	101.47333333333333	101.16	101.22	101.56666666666666	101.48666666666666	101.48	101.70666666666666	101.25333333333333	101.38666666666667	101.25333333333333	101.33333333333333	101.43333333333334	101.25333333333333	101.42	101.38	101.46666666666667	101.58	101.51333333333334	101.41333333333333	101.11333333333333	101.44666666666667	101.54666666666667	101.47333333333333	101.60666666666667	101.52	101.28	101.28	101.36	101.08666666666667	101.36	101.25333333333333	101.34	101.32	101.21333333333334	101.38666666666667	101.15333333333334	101.53333333333333	101.58	101.24	101.42666666666666	101.32666666666667	101.48	101.03333333333333	101.41333333333333	101.30666666666667	101.54666666666667	101.22	100.02	0.0
0.0	99.78	100.9	101.13333333333334	101.4	101.17333333333333	101.16666666666667	101.21333333333334	101.14	100.85333333333334	101.05333333333333	101.09333333333333	101.11333333333333	101.22	101.08666666666667	101.08	101.06666666666666	101.2	101.02	101.16666666666667	101.33333333333333	101.06666666666666	100.92666666666666	100.92666666666666	101.05333333333333	100.82666666666667	101.04666666666667	101.1	101.52	101.16	101.0	100.85333333333334	100.81333333333333	101.08	100.92666666666666	101.04666666666667	101.01333333333334	101.19333333333333	101.02666666666667	101.0	100.87333333333333	101.24666666666667	101.08666666666667	101.41333333333333	101.08666666666667	100.98	101.12	100.98	101.02666666666667	100.97333333333333	100.95333333333333	100.97333333333333	100.9	101.18666666666667	100.99333333333334	101.20666666666666	101.1	101.04	100.82666666666667	101.26666666666667	100.98	101.1	100.98	101.2	101.19333333333333	101.11333333333333	101.10666666666667	101.24	100.81333333333333	101.24666666666667	100.72666666666667	99.58	0.0
