



---------------------------------------------
start:2024-07-06T17:33:36.068
---------------------------------------------




rank 0 | running with 192 threads | 192 trajectories to sample...
rank 16 | running with 192 threads | 192 trajectories to sample...
rank 24 | running with 192 threads | 192 trajectories to sample...
rank 8 | running with 192 threads | 192 trajectories to sample...
rank 17 | running with 192 threads | 192 trajectories to sample...
rank 15 | running with 192 threads | 192 trajectories to sample...
rank 18 | running with 192 threads | 192 trajectories to sample...
rank 22 | running with 192 threads | 192 trajectories to sample...
rank 11 | running with 192 threads | 192 trajectories to sample...
rank 25 | running with 192 threads | 192 trajectories to sample...
rank 1 | running with 192 threads | 192 trajectories to sample...
rank 7 | running with 192 threads | 192 trajectories to sample...
rank 14 | running with 192 threads | 192 trajectories to sample...
rank 20 | running with 192 threads | 192 trajectories to sample...
rank 6 | running with 192 threads | 192 trajectories to sample...
rank 4 | running with 192 threads | 192 trajectories to sample...
rank 21 | running with 192 threads | 192 trajectories to sample...
rank 23 | running with 192 threads | 192 trajectories to sample...
rank 5 | running with 192 threads | 192 trajectories to sample...
rank 19 | running with 192 threads | 192 trajectories to sample...
rank 9 | running with 192 threads | 192 trajectories to sample...
rank 13 | running with 192 threads | 192 trajectories to sample...
rank 12 | running with 192 threads | 192 trajectories to sample...
rank 2 | running with 192 threads | 192 trajectories to sample...
rank 10 | running with 192 threads | 192 trajectories to sample...
rank 3 | running with 192 threads | 192 trajectories to sample...
rank 1 | trajectory 187 of circuit 1 -- done
rank 1 | trajectory 132 of circuit 1 -- done
rank 1 | trajectory 177 of circuit 1 -- done
rank 1 | trajectory 188 of circuit 1 -- done
rank 22 | trajectory 7 of circuit 1 -- done
rank 22 | trajectory 51 of circuit 2 -- done
rank 22 | trajectory 63 of circuit 2 -- done
rank 6 | trajectory 4 of circuit 1 -- done
rank 1 | trajectory 15 of circuit 2 -- done
rank 1 | trajectory 20 of circuit 1 -- done
rank 6 | trajectory 55 of circuit 1 -- done
rank 1 | trajectory 39 of circuit 1 -- done
rank 15 | trajectory 169 of circuit 1 -- done
rank 1 | trajectory 42 of circuit 1 -- done
rank 6 | trajectory 97 of circuit 1 -- done
rank 1 | trajectory 148 of circuit 1 -- done
rank 14 | trajectory 140 of circuit 1 -- done
rank 13 | trajectory 127 of circuit 1 -- done
rank 22 | trajectory 103 of circuit 1 -- done
rank 13 | trajectory 43 of circuit 1 -- done
rank 22 | trajectory 34 of circuit 1 -- done
rank 1 | trajectory 110 of circuit 2 -- done
rank 1 | trajectory 7 of circuit 3 -- done
rank 1 | trajectory 88 of circuit 3 -- done
rank 15 | trajectory 121 of circuit 1 -- done
rank 13 | trajectory 38 of circuit 2 -- done
rank 13 | trajectory 113 of circuit 1 -- done
rank 12 | trajectory 83 of circuit 1 -- done
rank 2 | trajectory 62 of circuit 1 -- done
rank 17 | trajectory 131 of circuit 1 -- done
rank 3 | trajectory 65 of circuit 1 -- done
rank 2 | trajectory 191 of circuit 1 -- done
rank 22 | trajectory 99 of circuit 3 -- done
rank 22 | trajectory 96 of circuit 2 -- done
rank 2 | trajectory 42 of circuit 2 -- done
rank 13 | trajectory 50 of circuit 2 -- done
rank 22 | trajectory 2 of circuit 1 -- done
rank 22 | trajectory 70 of circuit 3 -- done
rank 1 | trajectory 17 of circuit 2 -- done
rank 15 | trajectory 18 of circuit 2 -- done
rank 15 | trajectory 149 of circuit 1 -- done
rank 1 | trajectory 11 of circuit 3 -- done
rank 14 | trajectory 172 of circuit 1 -- done
rank 19 | trajectory 99 of circuit 1 -- done
rank 22 | trajectory 14 of circuit 2 -- done
rank 23 | trajectory 27 of circuit 1 -- done
rank 1 | trajectory 185 of circuit 4 -- done
rank 11 | trajectory 76 of circuit 1 -- done
rank 7 | trajectory 75 of circuit 1 -- done
rank 12 | trajectory 119 of circuit 1 -- done
rank 1 | trajectory 75 of circuit 2 -- done
rank 13 | trajectory 172 of circuit 2 -- done
rank 1 | trajectory 138 of circuit 1 -- done
rank 6 | trajectory 24 of circuit 1 -- done
rank 14 | trajectory 189 of circuit 1 -- done
rank 21 | trajectory 85 of circuit 1 -- done
rank 15 | trajectory 74 of circuit 2 -- done
rank 1 | trajectory 155 of circuit 4 -- done
rank 1 | trajectory 154 of circuit 3 -- done
rank 1 | trajectory 116 of circuit 4 -- done
rank 6 | trajectory 15 of circuit 4 -- done
rank 17 | trajectory 82 of circuit 1 -- done
rank 12 | trajectory 130 of circuit 1 -- done
rank 2 | trajectory 122 of circuit 2 -- done
rank 11 | trajectory 158 of circuit 1 -- done
rank 11 | trajectory 178 of circuit 1 -- done
rank 3 | trajectory 29 of circuit 1 -- done
rank 19 | trajectory 174 of circuit 1 -- done
rank 13 | trajectory 191 of circuit 2 -- done
rank 4 | trajectory 186 of circuit 1 -- done
rank 19 | trajectory 41 of circuit 1 -- done
rank 0 | trajectory 152 of circuit 1 -- done
rank 20 | trajectory 1 of circuit 2 -- done
rank 1 | trajectory 118 of circuit 3 -- done
rank 25 | trajectory 26 of circuit 1 -- done
rank 10 | trajectory 153 of circuit 1 -- done
rank 5 | trajectory 82 of circuit 2 -- done
rank 6 | trajectory 87 of circuit 1 -- done
rank 7 | trajectory 66 of circuit 1 -- done
rank 17 | trajectory 36 of circuit 1 -- done
rank 15 | trajectory 40 of circuit 1 -- done
rank 12 | trajectory 109 of circuit 1 -- done
rank 13 | trajectory 144 of circuit 1 -- done
rank 18 | trajectory 37 of circuit 1 -- done
rank 2 | trajectory 55 of circuit 2 -- done
rank 21 | trajectory 133 of circuit 1 -- done
rank 17 | trajectory 189 of circuit 2 -- done
rank 18 | trajectory 185 of circuit 1 -- done
rank 17 | trajectory 81 of circuit 2 -- done
rank 3 | trajectory 13 of circuit 2 -- done
rank 14 | trajectory 35 of circuit 1 -- done
rank 17 | trajectory 116 of circuit 2 -- done
rank 15 | trajectory 66 of circuit 2 -- done
rank 3 | trajectory 150 of circuit 2 -- done
rank 9 | trajectory 63 of circuit 1 -- done
rank 1 | trajectory 26 of circuit 2 -- done
rank 7 | trajectory 175 of circuit 1 -- done
rank 13 | trajectory 84 of circuit 2 -- done
rank 21 | trajectory 156 of circuit 1 -- done
rank 3 | trajectory 152 of circuit 3 -- done
rank 22 | trajectory 88 of circuit 1 -- done
rank 6 | trajectory 47 of circuit 4 -- done
rank 4 | trajectory 130 of circuit 2 -- done
rank 6 | trajectory 108 of circuit 4 -- done
rank 3 | trajectory 174 of circuit 2 -- done
rank 19 | trajectory 54 of circuit 2 -- done
rank 15 | trajectory 22 of circuit 1 -- done
rank 15 | trajectory 29 of circuit 2 -- done
rank 6 | trajectory 69 of circuit 2 -- done
rank 21 | trajectory 14 of circuit 1 -- done
rank 18 | trajectory 31 of circuit 2 -- done
rank 22 | trajectory 140 of circuit 3 -- done
rank 3 | trajectory 154 of circuit 1 -- done
rank 14 | trajectory 137 of circuit 1 -- done
rank 9 | trajectory 115 of circuit 1 -- done
rank 6 | trajectory 78 of circuit 1 -- done
rank 2 | trajectory 192 of circuit 1 -- done
rank 21 | trajectory 94 of circuit 1 -- done
rank 1 | trajectory 186 of circuit 3 -- done
rank 21 | trajectory 67 of circuit 2 -- done
rank 8 | trajectory 73 of circuit 1 -- done
rank 13 | trajectory 2 of circuit 2 -- done
rank 7 | trajectory 157 of circuit 2 -- done
rank 17 | trajectory 84 of circuit 3 -- done
rank 17 | trajectory 100 of circuit 2 -- done
rank 11 | trajectory 143 of circuit 1 -- done
rank 13 | trajectory 105 of circuit 2 -- done
rank 11 | trajectory 116 of circuit 1 -- done
rank 6 | trajectory 103 of circuit 2 -- done
rank 2 | trajectory 98 of circuit 2 -- done
rank 2 | trajectory 26 of circuit 3 -- done
rank 21 | trajectory 138 of circuit 2 -- done
rank 11 | trajectory 74 of circuit 1 -- done
rank 13 | trajectory 163 of circuit 2 -- done
rank 11 | trajectory 23 of circuit 1 -- done
rank 13 | trajectory 91 of circuit 2 -- done
rank 2 | trajectory 107 of circuit 1 -- done
rank 7 | trajectory 8 of circuit 3 -- done
rank 1 | trajectory 184 of circuit 4 -- done
rank 12 | trajectory 56 of circuit 1 -- done
rank 23 | trajectory 105 of circuit 1 -- done
rank 14 | trajectory 80 of circuit 1 -- done
rank 1 | trajectory 128 of circuit 5 -- done
rank 2 | trajectory 69 of circuit 3 -- done
rank 2 | trajectory 185 of circuit 3 -- done
rank 5 | trajectory 125 of circuit 1 -- done
rank 7 | trajectory 9 of circuit 1 -- done
rank 14 | trajectory 15 of circuit 1 -- done
rank 14 | trajectory 169 of circuit 3 -- done
rank 2 | trajectory 117 of circuit 2 -- done
rank 2 | trajectory 53 of circuit 2 -- done
rank 18 | trajectory 111 of circuit 1 -- done
rank 4 | trajectory 101 of circuit 1 -- done
rank 2 | trajectory 161 of circuit 3 -- done
rank 6 | trajectory 167 of circuit 4 -- done
rank 23 | trajectory 50 of circuit 1 -- done
rank 3 | trajectory 169 of circuit 2 -- done
rank 5 | trajectory 144 of circuit 3 -- done
rank 22 | trajectory 182 of circuit 5 -- done
rank 14 | trajectory 126 of circuit 1 -- done
rank 6 | trajectory 153 of circuit 3 -- done
rank 6 | trajectory 71 of circuit 3 -- done
rank 3 | trajectory 58 of circuit 2 -- done
rank 1 | trajectory 142 of circuit 5 -- done
rank 12 | trajectory 19 of circuit 3 -- done
rank 17 | trajectory 120 of circuit 1 -- done
rank 14 | trajectory 44 of circuit 2 -- done
rank 13 | trajectory 25 of circuit 2 -- done
rank 5 | trajectory 92 of circuit 2 -- done
rank 23 | trajectory 108 of circuit 1 -- done
rank 14 | trajectory 166 of circuit 1 -- done
rank 19 | trajectory 81 of circuit 1 -- done
rank 7 | trajectory 159 of circuit 1 -- done
rank 22 | trajectory 180 of circuit 5 -- done
rank 3 | trajectory 167 of circuit 2 -- done
rank 18 | trajectory 155 of circuit 2 -- done
rank 0 | trajectory 90 of circuit 1 -- done
rank 9 | trajectory 142 of circuit 2 -- done
rank 2 | trajectory 190 of circuit 3 -- done
rank 21 | trajectory 1 of circuit 1 -- done
rank 10 | trajectory 33 of circuit 1 -- done
rank 22 | trajectory 110 of circuit 5 -- done
rank 11 | trajectory 72 of circuit 1 -- done
rank 2 | trajectory 164 of circuit 3 -- done
rank 7 | trajectory 131 of circuit 3 -- done
rank 10 | trajectory 176 of circuit 1 -- done
rank 13 | trajectory 101 of circuit 4 -- done
rank 10 | trajectory 161 of circuit 1 -- done
rank 4 | trajectory 79 of circuit 1 -- done
rank 3 | trajectory 28 of circuit 2 -- done
rank 2 | trajectory 23 of circuit 3 -- done
rank 11 | trajectory 51 of circuit 1 -- done
rank 2 | trajectory 188 of circuit 3 -- done
rank 7 | trajectory 70 of circuit 2 -- done
rank 2 | trajectory 95 of circuit 3 -- done
rank 18 | trajectory 16 of circuit 2 -- done
rank 8 | trajectory 3 of circuit 1 -- done
rank 13 | trajectory 76 of circuit 3 -- done
rank 19 | trajectory 93 of circuit 3 -- done
rank 1 | trajectory 151 of circuit 3 -- done
rank 9 | trajectory 186 of circuit 2 -- done
rank 4 | trajectory 151 of circuit 1 -- done
rank 19 | trajectory 19 of circuit 2 -- done
rank 13 | trajectory 74 of circuit 5 -- done
rank 21 | trajectory 8 of circuit 2 -- done
rank 1 | trajectory 70 of circuit 5 -- done
rank 16 | trajectory 19 of circuit 1 -- done
rank 25 | trajectory 122 of circuit 1 -- done
rank 19 | trajectory 113 of circuit 2 -- done
rank 5 | trajectory 91 of circuit 1 -- done
rank 9 | trajectory 165 of circuit 1 -- done
rank 20 | trajectory 187 of circuit 3 -- done
rank 22 | trajectory 66 of circuit 3 -- done
rank 1 | trajectory 60 of circuit 4 -- done
rank 23 | trajectory 36 of circuit 2 -- done
rank 7 | trajectory 33 of circuit 3 -- done
rank 12 | trajectory 60 of circuit 2 -- done
rank 18 | trajectory 151 of circuit 2 -- done
rank 17 | trajectory 167 of circuit 1 -- done
rank 23 | trajectory 175 of circuit 2 -- done
rank 19 | trajectory 17 of circuit 1 -- done
rank 7 | trajectory 49 of circuit 1 -- done
rank 25 | trajectory 153 of circuit 2 -- done
rank 20 | trajectory 44 of circuit 1 -- done
rank 3 | trajectory 77 of circuit 1 -- done
rank 9 | trajectory 90 of circuit 2 -- done
rank 20 | trajectory 104 of circuit 2 -- done
rank 3 | trajectory 48 of circuit 2 -- done
rank 15 | trajectory 4 of circuit 3 -- done
rank 3 | trajectory 32 of circuit 2 -- done
rank 23 | trajectory 97 of circuit 3 -- done
rank 8 | trajectory 182 of circuit 1 -- done
rank 21 | trajectory 52 of circuit 1 -- done
rank 7 | trajectory 91 of circuit 3 -- done
rank 2 | trajectory 86 of circuit 2 -- done
rank 24 | trajectory 147 of circuit 2 -- done
rank 13 | trajectory 190 of circuit 4 -- done
rank 14 | trajectory 62 of circuit 2 -- done
rank 16 | trajectory 59 of circuit 2 -- done
rank 16 | trajectory 98 of circuit 1 -- done
rank 1 | trajectory 179 of circuit 4 -- done
rank 2 | trajectory 150 of circuit 3 -- done
rank 21 | trajectory 78 of circuit 2 -- done
rank 21 | trajectory 150 of circuit 1 -- done
rank 14 | trajectory 61 of circuit 2 -- done
rank 7 | trajectory 63 of circuit 3 -- done
rank 14 | trajectory 117 of circuit 3 -- done
rank 13 | trajectory 45 of circuit 2 -- done
rank 15 | trajectory 118 of circuit 1 -- done
rank 25 | trajectory 129 of circuit 3 -- done
rank 11 | trajectory 13 of circuit 1 -- done
rank 17 | trajectory 1 of circuit 3 -- done
rank 13 | trajectory 188 of circuit 4 -- done
rank 17 | trajectory 123 of circuit 2 -- done
rank 9 | trajectory 181 of circuit 2 -- done
rank 25 | trajectory 53 of circuit 1 -- done
rank 21 | trajectory 18 of circuit 1 -- done
rank 19 | trajectory 179 of circuit 3 -- done
rank 15 | trajectory 93 of circuit 2 -- done
rank 12 | trajectory 128 of circuit 3 -- done
rank 10 | trajectory 180 of circuit 1 -- done
rank 19 | trajectory 78 of circuit 3 -- done
rank 15 | trajectory 164 of circuit 1 -- done
rank 5 | trajectory 107 of circuit 3 -- done
rank 13 | trajectory 114 of circuit 3 -- done
rank 23 | trajectory 32 of circuit 1 -- done
rank 14 | trajectory 76 of circuit 2 -- done
rank 16 | trajectory 28 of circuit 1 -- done
rank 3 | trajectory 131 of circuit 2 -- done
rank 23 | trajectory 146 of circuit 1 -- done
rank 14 | trajectory 171 of circuit 2 -- done
rank 18 | trajectory 6 of circuit 3 -- done
rank 4 | trajectory 43 of circuit 3 -- done
rank 3 | trajectory 107 of circuit 2 -- done
rank 10 | trajectory 188 of circuit 2 -- done
rank 12 | trajectory 9 of circuit 3 -- done
rank 11 | trajectory 168 of circuit 1 -- done
rank 0 | trajectory 170 of circuit 2 -- done
rank 13 | trajectory 117 of circuit 1 -- done
rank 3 | trajectory 21 of circuit 2 -- done
rank 25 | trajectory 123 of circuit 1 -- done
rank 4 | trajectory 47 of circuit 1 -- done
rank 16 | trajectory 177 of circuit 3 -- done
rank 22 | trajectory 97 of circuit 4 -- done
rank 14 | trajectory 128 of circuit 1 -- done
rank 25 | trajectory 31 of circuit 1 -- done
rank 23 | trajectory 83 of circuit 2 -- done
rank 23 | trajectory 21 of circuit 1 -- done
rank 1 | trajectory 102 of circuit 4 -- done
rank 2 | trajectory 85 of circuit 4 -- done
rank 5 | trajectory 57 of circuit 1 -- done
rank 25 | trajectory 160 of circuit 2 -- done
rank 1 | trajectory 87 of circuit 3 -- done
rank 20 | trajectory 5 of circuit 1 -- done
rank 25 | trajectory 143 of circuit 2 -- done
rank 3 | trajectory 114 of circuit 1 -- done
rank 6 | trajectory 38 of circuit 1 -- done
rank 22 | trajectory 100 of circuit 4 -- done
rank 7 | trajectory 110 of circuit 3 -- done
rank 7 | trajectory 118 of circuit 2 -- done
rank 24 | trajectory 152 of circuit 2 -- done
rank 4 | trajectory 162 of circuit 2 -- done
rank 17 | trajectory 134 of circuit 2 -- done
rank 23 | trajectory 11 of circuit 1 -- done
rank 14 | trajectory 182 of circuit 2 -- done
rank 24 | trajectory 22 of circuit 3 -- done
rank 7 | trajectory 139 of circuit 2 -- done
rank 5 | trajectory 13 of circuit 3 -- done
rank 21 | trajectory 24 of circuit 2 -- done
rank 4 | trajectory 37 of circuit 3 -- done
rank 2 | trajectory 142 of circuit 1 -- done
rank 5 | trajectory 70 of circuit 1 -- done
rank 13 | trajectory 186 of circuit 5 -- done
rank 1 | trajectory 124 of circuit 6 -- done
rank 14 | trajectory 93 of circuit 4 -- done
rank 4 | trajectory 149 of circuit 2 -- done
rank 1 | trajectory 49 of circuit 4 -- done
rank 11 | trajectory 155 of circuit 1 -- done
rank 3 | trajectory 71 of circuit 2 -- done
rank 10 | trajectory 120 of circuit 2 -- done
rank 22 | trajectory 32 of circuit 4 -- done
rank 14 | trajectory 139 of circuit 1 -- done
rank 25 | trajectory 77 of circuit 2 -- done
rank 3 | trajectory 15 of circuit 3 -- done
rank 13 | trajectory 166 of circuit 4 -- done
rank 15 | trajectory 96 of circuit 3 -- done
rank 3 | trajectory 86 of circuit 4 -- done
rank 17 | trajectory 161 of circuit 2 -- done
rank 7 | trajectory 162 of circuit 3 -- done
rank 3 | trajectory 51 of circuit 3 -- done
rank 6 | trajectory 141 of circuit 4 -- done
rank 4 | trajectory 124 of circuit 2 -- done
rank 1 | trajectory 120 of circuit 6 -- done
rank 1 | trajectory 94 of circuit 6 -- done
rank 5 | trajectory 187 of circuit 2 -- done
rank 11 | trajectory 88 of circuit 2 -- done
rank 25 | trajectory 136 of circuit 2 -- done
rank 20 | trajectory 170 of circuit 1 -- done
rank 0 | trajectory 67 of circuit 1 -- done
rank 22 | trajectory 52 of circuit 6 -- done
rank 9 | trajectory 179 of circuit 1 -- done
rank 18 | trajectory 82 of circuit 3 -- done
rank 23 | trajectory 12 of circuit 1 -- done
rank 4 | trajectory 73 of circuit 2 -- done
rank 0 | trajectory 20 of circuit 2 -- done
rank 1 | trajectory 164 of circuit 5 -- done
rank 8 | trajectory 72 of circuit 2 -- done
rank 25 | trajectory 46 of circuit 3 -- done
rank 0 | trajectory 119 of circuit 2 -- done
rank 17 | trajectory 143 of circuit 3 -- done
rank 23 | trajectory 154 of circuit 2 -- done
rank 9 | trajectory 58 of circuit 1 -- done
rank 16 | trajectory 115 of circuit 2 -- done
rank 11 | trajectory 34 of circuit 2 -- done
rank 0 | trajectory 46 of circuit 1 -- done
rank 23 | trajectory 157 of circuit 1 -- done
rank 20 | trajectory 67 of circuit 3 -- done
rank 6 | trajectory 26 of circuit 4 -- done
rank 5 | trajectory 55 of circuit 3 -- done
rank 1 | trajectory 149 of circuit 5 -- done
rank 4 | trajectory 64 of circuit 2 -- done
rank 3 | trajectory 96 of circuit 1 -- done
rank 1 | trajectory 91 of circuit 5 -- done
rank 9 | trajectory 110 of circuit 1 -- done
rank 22 | trajectory 105 of circuit 6 -- done
rank 0 | trajectory 60 of circuit 1 -- done
rank 11 | trajectory 37 of circuit 2 -- done
rank 22 | trajectory 135 of circuit 5 -- done
rank 10 | trajectory 39 of circuit 2 -- done
rank 0 | trajectory 30 of circuit 3 -- done
rank 11 | trajectory 124 of circuit 1 -- done
rank 5 | trajectory 181 of circuit 1 -- done
rank 2 | trajectory 90 of circuit 3 -- done
rank 11 | trajectory 137 of circuit 2 -- done
rank 1 | trajectory 140 of circuit 5 -- done
rank 24 | trajectory 12 of circuit 2 -- done
rank 3 | trajectory 24 of circuit 4 -- done
rank 22 | trajectory 23 of circuit 6 -- done
rank 11 | trajectory 64 of circuit 1 -- done
rank 3 | trajectory 57 of circuit 2 -- done
rank 21 | trajectory 45 of circuit 1 -- done
rank 15 | trajectory 77 of circuit 4 -- done
rank 6 | trajectory 30 of circuit 1 -- done
rank 16 | trajectory 129 of circuit 2 -- done
rank 8 | trajectory 114 of circuit 2 -- done
rank 11 | trajectory 156 of circuit 2 -- done
rank 7 | trajectory 121 of circuit 3 -- done
rank 8 | trajectory 175 of circuit 3 -- done
rank 9 | trajectory 162 of circuit 1 -- done
rank 6 | trajectory 126 of circuit 4 -- done
rank 24 | trajectory 148 of circuit 2 -- done
rank 11 | trajectory 59 of circuit 1 -- done
rank 21 | trajectory 41 of circuit 2 -- done
rank 15 | trajectory 150 of circuit 4 -- done
rank 20 | trajectory 136 of circuit 1 -- done
rank 14 | trajectory 147 of circuit 1 -- done
rank 6 | trajectory 135 of circuit 3 -- done
rank 22 | trajectory 134 of circuit 6 -- done
rank 14 | trajectory 48 of circuit 1 -- done
rank 8 | trajectory 171 of circuit 1 -- done
rank 4 | trajectory 125 of circuit 3 -- done
rank 0 | trajectory 64 of circuit 3 -- done
rank 9 | trajectory 7 of circuit 2 -- done
rank 2 | trajectory 144 of circuit 4 -- done
rank 9 | trajectory 157 of circuit 3 -- done
rank 22 | trajectory 163 of circuit 1 -- done
rank 21 | trajectory 87 of circuit 2 -- done
rank 15 | trajectory 134 of circuit 3 -- done
rank 3 | trajectory 165 of circuit 2 -- done
rank 8 | trajectory 127 of circuit 2 -- done
rank 14 | trajectory 116 of circuit 3 -- done
rank 13 | trajectory 48 of circuit 5 -- done
rank 25 | trajectory 140 of circuit 2 -- done
rank 13 | trajectory 130 of circuit 5 -- done
rank 21 | trajectory 27 of circuit 2 -- done
rank 12 | trajectory 35 of circuit 3 -- done
rank 2 | trajectory 25 of circuit 3 -- done
rank 1 | trajectory 35 of circuit 6 -- done
rank 19 | trajectory 80 of circuit 2 -- done
rank 21 | trajectory 184 of circuit 3 -- done
rank 11 | trajectory 108 of circuit 2 -- done
rank 13 | trajectory 146 of circuit 5 -- done
rank 7 | trajectory 144 of circuit 2 -- done
rank 16 | trajectory 6 of circuit 1 -- done
rank 5 | trajectory 35 of circuit 2 -- done
rank 5 | trajectory 101 of circuit 2 -- done
rank 13 | trajectory 158 of circuit 4 -- done
rank 25 | trajectory 56 of circuit 2 -- done
rank 19 | trajectory 139 of circuit 3 -- done
rank 8 | trajectory 92 of circuit 1 -- done
rank 8 | trajectory 79 of circuit 3 -- done
rank 3 | trajectory 122 of circuit 3 -- done
rank 24 | trajectory 111 of circuit 2 -- done
rank 21 | trajectory 130 of circuit 3 -- done
rank 5 | trajectory 43 of circuit 2 -- done
rank 21 | trajectory 6 of circuit 2 -- done
rank 21 | trajectory 34 of circuit 3 -- done
rank 19 | trajectory 4 of circuit 2 -- done
rank 18 | trajectory 83 of circuit 3 -- done
rank 11 | trajectory 99 of circuit 2 -- done
rank 15 | trajectory 39 of circuit 4 -- done
rank 8 | trajectory 177 of circuit 4 -- done
rank 8 | trajectory 146 of circuit 3 -- done
rank 4 | trajectory 94 of circuit 2 -- done
rank 10 | trajectory 25 of circuit 1 -- done
rank 18 | trajectory 174 of circuit 4 -- done
rank 8 | trajectory 8 of circuit 1 -- done
rank 18 | trajectory 189 of circuit 4 -- done
rank 10 | trajectory 104 of circuit 1 -- done
rank 7 | trajectory 97 of circuit 2 -- done
rank 19 | trajectory 38 of circuit 4 -- done
rank 0 | trajectory 159 of circuit 2 -- done
rank 9 | trajectory 71 of circuit 1 -- done
rank 4 | trajectory 84 of circuit 1 -- done
rank 9 | trajectory 192 of circuit 2 -- done
rank 24 | trajectory 102 of circuit 2 -- done
rank 2 | trajectory 174 of circuit 5 -- done
rank 19 | trajectory 142 of circuit 4 -- done
rank 12 | trajectory 18 of circuit 3 -- done
rank 20 | trajectory 3 of circuit 4 -- done
rank 7 | trajectory 176 of circuit 2 -- done
rank 9 | trajectory 16 of circuit 1 -- done
rank 24 | trajectory 155 of circuit 3 -- done
rank 3 | trajectory 79 of circuit 2 -- done
rank 14 | trajectory 91 of circuit 4 -- done
rank 24 | trajectory 40 of circuit 2 -- done
rank 1 | trajectory 168 of circuit 4 -- done
rank 12 | trajectory 40 of circuit 4 -- done
rank 20 | trajectory 129 of circuit 1 -- done
rank 13 | trajectory 161 of circuit 5 -- done
rank 17 | trajectory 178 of circuit 2 -- done
rank 7 | trajectory 41 of circuit 4 -- done
rank 19 | trajectory 191 of circuit 4 -- done
rank 3 | trajectory 189 of circuit 3 -- done
rank 10 | trajectory 93 of circuit 1 -- done
rank 16 | trajectory 46 of circuit 2 -- done
rank 0 | trajectory 141 of circuit 1 -- done
rank 12 | trajectory 57 of circuit 3 -- done
rank 23 | trajectory 61 of circuit 1 -- done
rank 3 | trajectory 33 of circuit 4 -- done
rank 12 | trajectory 5 of circuit 4 -- done
rank 5 | trajectory 124 of circuit 3 -- done
rank 13 | trajectory 77 of circuit 5 -- done
rank 10 | trajectory 179 of circuit 2 -- done
rank 18 | trajectory 126 of circuit 2 -- done
rank 3 | trajectory 2 of circuit 4 -- done
rank 4 | trajectory 111 of circuit 3 -- done
rank 24 | trajectory 108 of circuit 3 -- done
rank 10 | trajectory 167 of circuit 3 -- done
rank 24 | trajectory 73 of circuit 3 -- done
rank 22 | trajectory 54 of circuit 3 -- done
rank 1 | trajectory 83 of circuit 4 -- done
rank 19 | trajectory 120 of circuit 4 -- done
rank 14 | trajectory 115 of circuit 3 -- done
rank 15 | trajectory 153 of circuit 4 -- done
rank 7 | trajectory 52 of circuit 3 -- done
rank 0 | trajectory 72 of circuit 3 -- done
rank 9 | trajectory 65 of circuit 3 -- done
rank 20 | trajectory 141 of circuit 2 -- done
rank 3 | trajectory 23 of circuit 4 -- done
rank 21 | trajectory 16 of circuit 3 -- done
rank 7 | trajectory 113 of circuit 3 -- done
rank 10 | trajectory 95 of circuit 2 -- done
rank 21 | trajectory 165 of circuit 3 -- done
rank 1 | trajectory 191 of circuit 5 -- done
rank 25 | trajectory 10 of circuit 4 -- done
rank 5 | trajectory 2 of circuit 3 -- done
rank 24 | trajectory 141 of circuit 3 -- done
rank 3 | trajectory 14 of circuit 4 -- done
rank 13 | trajectory 109 of circuit 2 -- done
rank 19 | trajectory 126 of circuit 3 -- done
rank 19 | trajectory 105 of circuit 3 -- done
rank 5 | trajectory 184 of circuit 1 -- done
rank 17 | trajectory 156 of circuit 3 -- done
rank 17 | trajectory 57 of circuit 5 -- done
rank 5 | trajectory 143 of circuit 4 -- done
rank 5 | trajectory 65 of circuit 2 -- done
rank 9 | trajectory 101 of circuit 3 -- done
rank 5 | trajectory 127 of circuit 5 -- done
rank 0 | trajectory 85 of circuit 3 -- done
rank 12 | trajectory 160 of circuit 3 -- done
rank 1 | trajectory 5 of circuit 7 -- done
rank 8 | trajectory 54 of circuit 1 -- done
rank 2 | trajectory 120 of circuit 5 -- done
rank 7 | trajectory 36 of circuit 4 -- done
rank 10 | trajectory 112 of circuit 3 -- done
rank 5 | trajectory 50 of circuit 3 -- done
rank 9 | trajectory 112 of circuit 1 -- done
rank 23 | trajectory 166 of circuit 2 -- done
rank 8 | trajectory 95 of circuit 1 -- done
rank 20 | trajectory 121 of circuit 2 -- done
rank 20 | trajectory 29 of circuit 3 -- done
rank 13 | trajectory 173 of circuit 4 -- done
rank 20 | trajectory 166 of circuit 3 -- done
rank 18 | trajectory 148 of circuit 3 -- done
rank 18 | trajectory 76 of circuit 4 -- done
rank 7 | trajectory 58 of circuit 3 -- done
rank 9 | trajectory 69 of circuit 1 -- done
rank 24 | trajectory 191 of circuit 3 -- done
rank 2 | trajectory 31 of circuit 4 -- done
rank 24 | trajectory 86 of circuit 1 -- done
rank 15 | trajectory 59 of circuit 4 -- done
rank 22 | trajectory 137 of circuit 7 -- done
rank 12 | trajectory 136 of circuit 4 -- done
rank 16 | trajectory 9 of circuit 2 -- done
rank 9 | trajectory 23 of circuit 2 -- done
rank 17 | trajectory 104 of circuit 3 -- done
rank 12 | trajectory 190 of circuit 1 -- done
rank 11 | trajectory 66 of circuit 5 -- done
rank 24 | trajectory 44 of circuit 3 -- done
rank 21 | trajectory 147 of circuit 3 -- done
rank 22 | trajectory 170 of circuit 5 -- done
rank 14 | trajectory 186 of circuit 4 -- done
rank 22 | trajectory 86 of circuit 7 -- done
rank 8 | trajectory 10 of circuit 1 -- done
rank 0 | trajectory 39 of circuit 3 -- done
rank 10 | trajectory 158 of circuit 3 -- done
rank 16 | trajectory 47 of circuit 2 -- done
rank 12 | trajectory 132 of circuit 3 -- done
rank 21 | trajectory 173 of circuit 2 -- done
rank 16 | trajectory 24 of circuit 3 -- done
rank 16 | trajectory 159 of circuit 3 -- done
rank 9 | trajectory 177 of circuit 2 -- done
rank 14 | trajectory 51 of circuit 4 -- done
rank 18 | trajectory 134 of circuit 4 -- done
rank 8 | trajectory 184 of circuit 2 -- done
rank 2 | trajectory 100 of circuit 3 -- done
rank 12 | trajectory 123 of circuit 3 -- done
rank 12 | trajectory 89 of circuit 3 -- done
rank 21 | trajectory 42 of circuit 4 -- done
rank 2 | trajectory 146 of circuit 2 -- done
rank 13 | trajectory 49 of circuit 3 -- done
rank 3 | trajectory 18 of circuit 5 -- done
rank 18 | trajectory 32 of circuit 5 -- done
rank 15 | trajectory 58 of circuit 4 -- done
rank 21 | trajectory 113 of circuit 4 -- done
rank 15 | trajectory 183 of circuit 1 -- done
rank 22 | trajectory 85 of circuit 7 -- done
rank 3 | trajectory 125 of circuit 2 -- done
rank 17 | trajectory 73 of circuit 4 -- done
rank 25 | trajectory 69 of circuit 4 -- done
rank 3 | trajectory 3 of circuit 3 -- done
rank 22 | trajectory 17 of circuit 5 -- done
rank 6 | trajectory 86 of circuit 5 -- done
rank 25 | trajectory 98 of circuit 3 -- done
rank 15 | trajectory 176 of circuit 6 -- done
rank 20 | trajectory 81 of circuit 3 -- done
rank 5 | trajectory 149 of circuit 4 -- done
rank 14 | trajectory 10 of circuit 2 -- done
rank 24 | trajectory 134 of circuit 1 -- done
rank 14 | trajectory 5 of circuit 2 -- done
rank 1 | trajectory 34 of circuit 5 -- done
rank 9 | trajectory 185 of circuit 2 -- done
rank 24 | trajectory 18 of circuit 4 -- done
rank 6 | trajectory 178 of circuit 5 -- done
rank 14 | trajectory 57 of circuit 4 -- done
rank 14 | trajectory 33 of circuit 2 -- done
rank 20 | trajectory 171 of circuit 3 -- done
rank 16 | trajectory 160 of circuit 1 -- done
rank 17 | trajectory 192 of circuit 3 -- done
rank 6 | trajectory 68 of circuit 3 -- done
rank 16 | trajectory 180 of circuit 3 -- done
rank 4 | trajectory 178 of circuit 3 -- done
rank 13 | trajectory 157 of circuit 5 -- done
rank 17 | trajectory 174 of circuit 3 -- done
rank 7 | trajectory 137 of circuit 4 -- done
rank 10 | trajectory 86 of circuit 3 -- done
rank 17 | trajectory 165 of circuit 4 -- done
rank 5 | trajectory 106 of circuit 1 -- done
rank 18 | trajectory 65 of circuit 5 -- done
rank 1 | trajectory 99 of circuit 6 -- done
rank 25 | trajectory 9 of circuit 4 -- done
rank 24 | trajectory 48 of circuit 4 -- done
rank 22 | trajectory 30 of circuit 2 -- done
rank 3 | trajectory 164 of circuit 4 -- done
rank 23 | trajectory 163 of circuit 3 -- done
rank 6 | trajectory 34 of circuit 4 -- done
rank 0 | trajectory 164 of circuit 2 -- done
rank 17 | trajectory 176 of circuit 3 -- done
rank 7 | trajectory 46 of circuit 4 -- done
rank 13 | trajectory 28 of circuit 4 -- done
rank 17 | trajectory 132 of circuit 4 -- done
rank 12 | trajectory 41 of circuit 5 -- done
rank 14 | trajectory 173 of circuit 3 -- done
rank 4 | trajectory 38 of circuit 3 -- done
rank 15 | trajectory 8 of circuit 5 -- done
rank 7 | trajectory 150 of circuit 5 -- done
rank 12 | trajectory 32 of circuit 3 -- done
rank 3 | trajectory 187 of circuit 4 -- done
rank 6 | trajectory 183 of circuit 3 -- done
rank 24 | trajectory 182 of circuit 3 -- done
rank 5 | trajectory 188 of circuit 5 -- done
rank 11 | trajectory 120 of circuit 3 -- done
rank 9 | trajectory 37 of circuit 4 -- done
rank 4 | trajectory 63 of circuit 4 -- done
rank 24 | trajectory 123 of circuit 4 -- done
rank 20 | trajectory 103 of circuit 4 -- done
rank 21 | trajectory 60 of circuit 3 -- done
rank 25 | trajectory 111 of circuit 4 -- done
rank 4 | trajectory 168 of circuit 3 -- done
rank 11 | trajectory 53 of circuit 3 -- done
rank 14 | trajectory 138 of circuit 3 -- done
rank 7 | trajectory 68 of circuit 1 -- done
rank 15 | trajectory 182 of circuit 4 -- done
rank 19 | trajectory 84 of circuit 5 -- done
rank 10 | trajectory 59 of circuit 3 -- done
rank 22 | trajectory 175 of circuit 7 -- done
rank 25 | trajectory 25 of circuit 4 -- done
rank 8 | trajectory 48 of circuit 3 -- done
rank 24 | trajectory 137 of circuit 3 -- done
rank 7 | trajectory 133 of circuit 4 -- done
rank 25 | trajectory 131 of circuit 4 -- done
rank 8 | trajectory 102 of circuit 1 -- done
rank 0 | trajectory 82 of circuit 4 -- done
rank 4 | trajectory 108 of circuit 5 -- done
rank 20 | trajectory 85 of circuit 2 -- done
rank 15 | trajectory 130 of circuit 4 -- done
rank 15 | trajectory 177 of circuit 5 -- done
rank 3 | trajectory 132 of circuit 2 -- done
rank 21 | trajectory 4 of circuit 4 -- done
rank 20 | trajectory 7 of circuit 4 -- done
rank 6 | trajectory 18 of circuit 7 -- done
rank 6 | trajectory 28 of circuit 6 -- done
rank 18 | trajectory 61 of circuit 5 -- done
rank 2 | trajectory 89 of circuit 2 -- done
rank 2 | trajectory 129 of circuit 4 -- done
rank 18 | trajectory 79 of circuit 5 -- done
rank 21 | trajectory 53 of circuit 4 -- done
rank 8 | trajectory 74 of circuit 4 -- done
rank 23 | trajectory 40 of circuit 3 -- done
rank 9 | trajectory 3 of circuit 2 -- done
rank 12 | trajectory 121 of circuit 4 -- done
rank 0 | trajectory 95 of circuit 4 -- done
rank 15 | trajectory 175 of circuit 4 -- done
rank 11 | trajectory 5 of circuit 3 -- done
rank 12 | trajectory 20 of circuit 3 -- done
rank 9 | trajectory 136 of circuit 3 -- done
rank 22 | trajectory 10 of circuit 7 -- done
rank 23 | trajectory 42 of circuit 3 -- done
rank 24 | trajectory 156 of circuit 4 -- done
rank 12 | trajectory 27 of circuit 5 -- done
rank 22 | trajectory 188 of circuit 6 -- done
rank 2 | trajectory 92 of circuit 4 -- done
rank 0 | trajectory 56 of circuit 3 -- done
rank 23 | trajectory 75 of circuit 4 -- done
rank 0 | trajectory 104 of circuit 4 -- done
rank 10 | trajectory 148 of circuit 4 -- done
rank 6 | trajectory 44 of circuit 6 -- done
rank 13 | trajectory 174 of circuit 6 -- done
rank 11 | trajectory 41 of circuit 3 -- done
rank 12 | trajectory 139 of circuit 4 -- done
rank 16 | trajectory 135 of circuit 2 -- done
rank 22 | trajectory 69 of circuit 8 -- done
rank 21 | trajectory 106 of circuit 4 -- done
rank 22 | trajectory 21 of circuit 5 -- done
rank 9 | trajectory 54 of circuit 4 -- done
rank 25 | trajectory 45 of circuit 4 -- done
rank 10 | trajectory 75 of circuit 3 -- done
rank 0 | trajectory 112 of circuit 2 -- done
rank 6 | trajectory 134 of circuit 5 -- done
rank 16 | trajectory 88 of circuit 5 -- done
rank 0 | trajectory 27 of circuit 3 -- done
rank 10 | trajectory 107 of circuit 4 -- done
rank 10 | trajectory 6 of circuit 4 -- done
rank 10 | trajectory 64 of circuit 4 -- done
rank 17 | trajectory 142 of circuit 3 -- done
rank 3 | trajectory 163 of circuit 4 -- done
rank 6 | trajectory 58 of circuit 5 -- done
rank 4 | trajectory 28 of circuit 3 -- done
rank 14 | trajectory 103 of circuit 5 -- done
rank 16 | trajectory 52 of circuit 4 -- done
rank 0 | trajectory 15 of circuit 5 -- done
rank 11 | trajectory 21 of circuit 4 -- done
rank 1 | trajectory 97 of circuit 7 -- done
rank 21 | trajectory 128 of circuit 4 -- done
rank 21 | trajectory 70 of circuit 4 -- done
rank 5 | trajectory 80 of circuit 3 -- done
rank 16 | trajectory 17 of circuit 3 -- done
rank 5 | trajectory 185 of circuit 5 -- done
rank 24 | trajectory 61 of circuit 3 -- done
rank 24 | trajectory 2 of circuit 5 -- done
rank 21 | trajectory 109 of circuit 5 -- done
rank 24 | trajectory 88 of circuit 4 -- done
rank 24 | trajectory 105 of circuit 5 -- done
rank 8 | trajectory 47 of circuit 3 -- done
rank 12 | trajectory 87 of circuit 4 -- done
rank 18 | trajectory 33 of circuit 5 -- done
rank 20 | trajectory 50 of circuit 5 -- done
rank 12 | trajectory 127 of circuit 3 -- done
rank 5 | trajectory 12 of circuit 3 -- done
rank 3 | trajectory 98 of circuit 4 -- done
rank 3 | trajectory 160 of circuit 5 -- done
rank 18 | trajectory 39 of circuit 5 -- done
rank 10 | trajectory 38 of circuit 5 -- done
rank 15 | trajectory 114 of circuit 5 -- done
rank 0 | trajectory 99 of circuit 4 -- done
rank 12 | trajectory 125 of circuit 4 -- done
rank 13 | trajectory 85 of circuit 6 -- done
rank 11 | trajectory 44 of circuit 4 -- done
rank 16 | trajectory 21 of circuit 3 -- done
rank 5 | trajectory 79 of circuit 6 -- done
rank 2 | trajectory 16 of circuit 4 -- done
rank 25 | trajectory 76 of circuit 5 -- done
rank 12 | trajectory 77 of circuit 3 -- done
rank 8 | trajectory 133 of circuit 2 -- done
rank 10 | trajectory 71 of circuit 4 -- done
rank 13 | trajectory 168 of circuit 2 -- done
rank 8 | trajectory 173 of circuit 1 -- done
rank 1 | trajectory 84 of circuit 8 -- done
rank 4 | trajectory 181 of circuit 3 -- done
rank 8 | trajectory 178 of circuit 6 -- done
rank 10 | trajectory 37 of circuit 5 -- done
rank 16 | trajectory 35 of circuit 5 -- done
rank 2 | trajectory 3 of circuit 6 -- done
rank 22 | trajectory 75 of circuit 6 -- done
rank 12 | trajectory 151 of circuit 6 -- done
rank 4 | trajectory 102 of circuit 3 -- done
rank 8 | trajectory 190 of circuit 5 -- done
rank 18 | trajectory 104 of circuit 5 -- done
rank 22 | trajectory 189 of circuit 6 -- done
rank 9 | trajectory 10 of circuit 3 -- done
rank 9 | trajectory 1 of circuit 4 -- done
rank 24 | trajectory 119 of circuit 3 -- done
rank 3 | trajectory 173 of circuit 5 -- done
rank 17 | trajectory 150 of circuit 6 -- done
rank 7 | trajectory 165 of circuit 5 -- done
rank 14 | trajectory 16 of circuit 5 -- done
rank 11 | trajectory 81 of circuit 5 -- done
rank 23 | trajectory 1 of circuit 5 -- done
rank 21 | trajectory 122 of circuit 5 -- done
rank 21 | trajectory 189 of circuit 5 -- done
rank 1 | trajectory 178 of circuit 7 -- done
rank 1 | trajectory 176 of circuit 8 -- done
rank 20 | trajectory 74 of circuit 3 -- done
rank 25 | trajectory 59 of circuit 5 -- done
rank 18 | trajectory 23 of circuit 5 -- done
rank 1 | trajectory 104 of circuit 8 -- done
rank 22 | trajectory 1 of circuit 8 -- done
rank 4 | trajectory 8 of circuit 4 -- done
rank 25 | trajectory 81 of circuit 4 -- done
rank 5 | trajectory 72 of circuit 4 -- done
rank 5 | trajectory 180 of circuit 2 -- done
rank 10 | trajectory 170 of circuit 3 -- done
rank 6 | trajectory 146 of circuit 6 -- done
rank 25 | trajectory 79 of circuit 4 -- done
rank 20 | trajectory 61 of circuit 4 -- done
rank 22 | trajectory 48 of circuit 6 -- done
rank 10 | trajectory 103 of circuit 3 -- done
rank 15 | trajectory 113 of circuit 5 -- done
rank 6 | trajectory 6 of circuit 6 -- done
rank 3 | trajectory 100 of circuit 1 -- done
rank 13 | trajectory 142 of circuit 6 -- done
rank 3 | trajectory 66 of circuit 4 -- done
rank 12 | trajectory 80 of circuit 4 -- done
rank 17 | trajectory 67 of circuit 4 -- done
rank 4 | trajectory 62 of circuit 3 -- done
rank 20 | trajectory 118 of circuit 5 -- done
rank 23 | trajectory 192 of circuit 4 -- done
rank 19 | trajectory 159 of circuit 5 -- done
rank 20 | trajectory 139 of circuit 6 -- done
rank 25 | trajectory 29 of circuit 4 -- done
rank 16 | trajectory 118 of circuit 4 -- done
rank 23 | trajectory 149 of circuit 3 -- done
rank 11 | trajectory 92 of circuit 5 -- done
rank 7 | trajectory 50 of circuit 6 -- done
rank 12 | trajectory 115 of circuit 4 -- done
rank 3 | trajectory 151 of circuit 4 -- done
rank 2 | trajectory 140 of circuit 6 -- done
rank 12 | trajectory 172 of circuit 3 -- done
rank 18 | trajectory 47 of circuit 5 -- done
rank 19 | trajectory 135 of circuit 4 -- done
rank 18 | trajectory 115 of circuit 5 -- done
rank 23 | trajectory 167 of circuit 5 -- done
rank 12 | trajectory 97 of circuit 5 -- done
rank 10 | trajectory 109 of circuit 3 -- done
rank 20 | trajectory 40 of circuit 6 -- done
rank 5 | trajectory 62 of circuit 5 -- done
rank 20 | trajectory 181 of circuit 4 -- done
rank 2 | trajectory 111 of circuit 7 -- done
rank 2 | trajectory 14 of circuit 3 -- done
rank 8 | trajectory 27 of circuit 4 -- done
rank 19 | trajectory 158 of circuit 2 -- done
rank 13 | trajectory 98 of circuit 6 -- done
rank 6 | trajectory 158 of circuit 7 -- done
rank 23 | trajectory 93 of circuit 5 -- done
rank 17 | trajectory 35 of circuit 4 -- done
rank 18 | trajectory 113 of circuit 6 -- done
rank 10 | trajectory 171 of circuit 5 -- done
rank 22 | trajectory 149 of circuit 6 -- done
rank 9 | trajectory 89 of circuit 4 -- done
rank 10 | trajectory 31 of circuit 3 -- done
rank 15 | trajectory 3 of circuit 5 -- done
rank 20 | trajectory 178 of circuit 4 -- done
rank 10 | trajectory 65 of circuit 4 -- done
rank 11 | trajectory 75 of circuit 5 -- done
rank 9 | trajectory 169 of circuit 4 -- done
rank 17 | trajectory 12 of circuit 5 -- done
rank 25 | trajectory 71 of circuit 5 -- done
rank 14 | trajectory 82 of circuit 5 -- done
rank 9 | trajectory 12 of circuit 4 -- done
rank 6 | trajectory 131 of circuit 7 -- done
rank 10 | trajectory 94 of circuit 4 -- done
rank 11 | trajectory 96 of circuit 4 -- done
rank 14 | trajectory 152 of circuit 4 -- done
rank 4 | trajectory 170 of circuit 4 -- done
rank 16 | trajectory 154 of circuit 4 -- done
rank 0 | trajectory 22 of circuit 2 -- done
rank 24 | trajectory 92 of circuit 3 -- done
rank 24 | trajectory 14 of circuit 5 -- done
rank 23 | trajectory 106 of circuit 2 -- done
rank 18 | trajectory 98 of circuit 5 -- done
rank 21 | trajectory 145 of circuit 1 -- done
rank 15 | trajectory 45 of circuit 6 -- done
rank 5 | trajectory 138 of circuit 4 -- done
rank 10 | trajectory 89 of circuit 1 -- done
rank 16 | trajectory 171 of circuit 4 -- done
rank 11 | trajectory 105 of circuit 4 -- done
rank 3 | trajectory 78 of circuit 5 -- done
rank 12 | trajectory 157 of circuit 4 -- done
rank 3 | trajectory 62 of circuit 4 -- done
rank 1 | trajectory 50 of circuit 7 -- done
rank 24 | trajectory 45 of circuit 5 -- done
rank 14 | trajectory 24 of circuit 5 -- done
rank 24 | trajectory 122 of circuit 4 -- done
rank 12 | trajectory 192 of circuit 7 -- done
rank 13 | trajectory 4 of circuit 6 -- done
rank 16 | trajectory 146 of circuit 4 -- done
rank 3 | trajectory 73 of circuit 6 -- done
rank 19 | trajectory 9 of circuit 5 -- done
rank 18 | trajectory 109 of circuit 6 -- done
rank 8 | trajectory 49 of circuit 2 -- done
rank 18 | trajectory 170 of circuit 6 -- done
rank 3 | trajectory 176 of circuit 4 -- done
rank 0 | trajectory 51 of circuit 5 -- done
rank 6 | trajectory 80 of circuit 8 -- done
rank 14 | trajectory 43 of circuit 5 -- done
rank 20 | trajectory 161 of circuit 4 -- done
rank 20 | trajectory 84 of circuit 4 -- done
rank 24 | trajectory 159 of circuit 4 -- done
rank 22 | trajectory 78 of circuit 6 -- done
rank 22 | trajectory 128 of circuit 2 -- done
rank 10 | trajectory 56 of circuit 5 -- done
rank 12 | trajectory 17 of circuit 4 -- done
rank 24 | trajectory 83 of circuit 5 -- done
rank 13 | trajectory 54 of circuit 6 -- done
rank 3 | trajectory 69 of circuit 5 -- done
rank 8 | trajectory 45 of circuit 3 -- done
rank 7 | trajectory 129 of circuit 5 -- done
rank 1 | trajectory 43 of circuit 8 -- done
rank 20 | trajectory 110 of circuit 4 -- done
rank 13 | trajectory 115 of circuit 7 -- done
rank 5 | trajectory 151 of circuit 5 -- done
rank 23 | trajectory 179 of circuit 5 -- done
rank 22 | trajectory 132 of circuit 7 -- done
rank 11 | trajectory 180 of circuit 6 -- done
rank 3 | trajectory 162 of circuit 5 -- done
rank 6 | trajectory 181 of circuit 8 -- done
rank 15 | trajectory 163 of circuit 5 -- done
rank 17 | trajectory 119 of circuit 4 -- done
rank 0 | trajectory 180 of circuit 4 -- done
rank 11 | trajectory 160 of circuit 4 -- done
rank 13 | trajectory 32 of circuit 7 -- done
rank 21 | trajectory 46 of circuit 5 -- done
rank 5 | trajectory 64 of circuit 5 -- done
rank 18 | trajectory 18 of circuit 6 -- done
rank 4 | trajectory 143 of circuit 6 -- done
rank 7 | trajectory 151 of circuit 7 -- done
rank 21 | trajectory 117 of circuit 4 -- done
rank 25 | trajectory 145 of circuit 2 -- done
rank 1 | trajectory 81 of circuit 6 -- done
rank 1 | trajectory 180 of circuit 7 -- done
rank 11 | trajectory 186 of circuit 6 -- done
rank 17 | trajectory 5 of circuit 5 -- done
rank 22 | trajectory 166 of circuit 7 -- done
rank 1 | trajectory 121 of circuit 9 -- done
rank 17 | trajectory 162 of circuit 4 -- done
rank 19 | trajectory 166 of circuit 5 -- done
rank 14 | trajectory 181 of circuit 5 -- done
rank 4 | trajectory 50 of circuit 4 -- done
rank 1 | trajectory 172 of circuit 7 -- done
rank 3 | trajectory 83 of circuit 7 -- done
rank 19 | trajectory 40 of circuit 5 -- done
rank 18 | trajectory 9 of circuit 6 -- done
rank 11 | trajectory 100 of circuit 5 -- done
rank 25 | trajectory 148 of circuit 5 -- done
rank 20 | trajectory 153 of circuit 6 -- done
rank 11 | trajectory 54 of circuit 5 -- done
rank 11 | trajectory 169 of circuit 5 -- done
rank 18 | trajectory 114 of circuit 4 -- done
rank 6 | trajectory 112 of circuit 8 -- done
rank 25 | trajectory 14 of circuit 6 -- done
rank 15 | trajectory 71 of circuit 7 -- done
rank 9 | trajectory 99 of circuit 5 -- done
rank 18 | trajectory 127 of circuit 6 -- done
rank 22 | trajectory 3 of circuit 9 -- done
rank 25 | trajectory 139 of circuit 5 -- done
rank 15 | trajectory 11 of circuit 5 -- done
rank 0 | trajectory 137 of circuit 5 -- done
rank 5 | trajectory 19 of circuit 5 -- done
rank 22 | trajectory 153 of circuit 7 -- done
rank 9 | trajectory 36 of circuit 3 -- done
rank 14 | trajectory 77 of circuit 6 -- done
rank 1 | trajectory 130 of circuit 9 -- done
rank 10 | trajectory 47 of circuit 6 -- done
rank 16 | trajectory 192 of circuit 5 -- done
rank 20 | trajectory 22 of circuit 5 -- done
rank 10 | trajectory 152 of circuit 5 -- done
rank 22 | trajectory 16 of circuit 7 -- done
rank 19 | trajectory 1 of circuit 6 -- done
rank 13 | trajectory 3 of circuit 7 -- done
rank 18 | trajectory 102 of circuit 7 -- done
rank 19 | trajectory 95 of circuit 5 -- done
rank 19 | trajectory 96 of circuit 5 -- done
rank 20 | trajectory 152 of circuit 6 -- done
rank 12 | trajectory 167 of circuit 6 -- done
rank 1 | trajectory 141 of circuit 8 -- done
rank 1 | trajectory 162 of circuit 8 -- done
rank 11 | trajectory 154 of circuit 5 -- done
rank 8 | trajectory 78 of circuit 4 -- done
rank 20 | trajectory 143 of circuit 7 -- done
rank 21 | trajectory 31 of circuit 5 -- done
rank 23 | trajectory 156 of circuit 5 -- done
rank 20 | trajectory 147 of circuit 4 -- done
rank 2 | trajectory 141 of circuit 6 -- done
rank 20 | trajectory 119 of circuit 5 -- done
rank 3 | trajectory 70 of circuit 6 -- done
rank 16 | trajectory 90 of circuit 6 -- done
rank 12 | trajectory 141 of circuit 5 -- done
rank 13 | trajectory 9 of circuit 7 -- done
rank 8 | trajectory 53 of circuit 6 -- done
rank 23 | trajectory 138 of circuit 5 -- done
rank 15 | trajectory 63 of circuit 7 -- done
rank 11 | trajectory 28 of circuit 5 -- done
rank 23 | trajectory 118 of circuit 6 -- done
rank 15 | trajectory 25 of circuit 7 -- done
rank 9 | trajectory 153 of circuit 5 -- done
rank 23 | trajectory 123 of circuit 5 -- done
rank 10 | trajectory 52 of circuit 2 -- done
rank 13 | trajectory 170 of circuit 7 -- done
rank 16 | trajectory 69 of circuit 6 -- done
rank 22 | trajectory 123 of circuit 9 -- done
rank 7 | trajectory 60 of circuit 7 -- done
rank 11 | trajectory 118 of circuit 7 -- done
rank 1 | trajectory 82 of circuit 9 -- done
rank 21 | trajectory 111 of circuit 6 -- done
rank 17 | trajectory 88 of circuit 7 -- done
rank 15 | trajectory 124 of circuit 4 -- done
rank 10 | trajectory 124 of circuit 5 -- done
rank 10 | trajectory 116 of circuit 6 -- done
rank 17 | trajectory 166 of circuit 6 -- done
rank 5 | trajectory 176 of circuit 5 -- done
rank 5 | trajectory 34 of circuit 6 -- done
rank 5 | trajectory 157 of circuit 6 -- done
rank 24 | trajectory 7 of circuit 6 -- done
rank 1 | trajectory 52 of circuit 8 -- done
rank 7 | trajectory 27 of circuit 6 -- done
rank 14 | trajectory 110 of circuit 6 -- done
rank 19 | trajectory 74 of circuit 6 -- done
rank 4 | trajectory 145 of circuit 3 -- done
rank 7 | trajectory 42 of circuit 6 -- done
rank 11 | trajectory 65 of circuit 6 -- done
rank 22 | trajectory 113 of circuit 9 -- done
rank 20 | trajectory 154 of circuit 7 -- done
rank 15 | trajectory 92 of circuit 8 -- done
rank 5 | trajectory 94 of circuit 5 -- done
rank 1 | trajectory 1 of circuit 9 -- done
rank 22 | trajectory 108 of circuit 8 -- done
rank 1 | trajectory 4 of circuit 8 -- done
rank 22 | trajectory 183 of circuit 2 -- done
rank 25 | trajectory 57 of circuit 6 -- done
rank 20 | trajectory 10 of circuit 5 -- done
rank 17 | trajectory 187 of circuit 5 -- done
rank 19 | trajectory 75 of circuit 7 -- done
rank 20 | trajectory 117 of circuit 5 -- done
rank 14 | trajectory 146 of circuit 7 -- done
rank 20 | trajectory 4 of circuit 5 -- done
rank 25 | trajectory 60 of circuit 5 -- done
rank 4 | trajectory 85 of circuit 5 -- done
rank 5 | trajectory 175 of circuit 5 -- done
rank 3 | trajectory 46 of circuit 7 -- done
rank 16 | trajectory 56 of circuit 4 -- done
rank 2 | trajectory 19 of circuit 4 -- done
rank 13 | trajectory 57 of circuit 7 -- done
rank 4 | trajectory 172 of circuit 5 -- done
rank 6 | trajectory 35 of circuit 8 -- done
rank 22 | trajectory 148 of circuit 9 -- done
rank 12 | trajectory 100 of circuit 6 -- done
rank 17 | trajectory 89 of circuit 6 -- done
rank 18 | trajectory 1 of circuit 7 -- done
rank 23 | trajectory 82 of circuit 7 -- done
rank 8 | trajectory 147 of circuit 6 -- done
rank 12 | trajectory 7 of circuit 7 -- done
rank 10 | trajectory 121 of circuit 5 -- done
rank 4 | trajectory 22 of circuit 6 -- done
rank 16 | trajectory 158 of circuit 5 -- done
rank 10 | trajectory 49 of circuit 5 -- done
rank 6 | trajectory 128 of circuit 8 -- done
rank 10 | trajectory 168 of circuit 5 -- done
rank 6 | trajectory 74 of circuit 8 -- done
rank 19 | trajectory 52 of circuit 5 -- done
rank 2 | trajectory 109 of circuit 7 -- done
rank 24 | trajectory 34 of circuit 7 -- done
rank 2 | trajectory 70 of circuit 8 -- done
rank 18 | trajectory 67 of circuit 6 -- done
rank 5 | trajectory 116 of circuit 7 -- done
rank 6 | trajectory 137 of circuit 8 -- done
rank 15 | trajectory 100 of circuit 7 -- done
rank 0 | trajectory 44 of circuit 5 -- done
rank 13 | trajectory 31 of circuit 7 -- done
rank 17 | trajectory 76 of circuit 6 -- done
rank 15 | trajectory 107 of circuit 7 -- done
rank 4 | trajectory 25 of circuit 6 -- done
rank 3 | trajectory 17 of circuit 7 -- done
rank 24 | trajectory 143 of circuit 5 -- done
rank 21 | trajectory 167 of circuit 7 -- done
rank 25 | trajectory 162 of circuit 6 -- done
rank 19 | trajectory 20 of circuit 4 -- done
rank 4 | trajectory 185 of circuit 7 -- done
rank 22 | trajectory 27 of circuit 8 -- done
rank 13 | trajectory 37 of circuit 7 -- done
rank 17 | trajectory 122 of circuit 6 -- done
rank 3 | trajectory 94 of circuit 3 -- done
rank 7 | trajectory 105 of circuit 7 -- done
rank 19 | trajectory 92 of circuit 6 -- done
rank 4 | trajectory 55 of circuit 6 -- done
rank 24 | trajectory 72 of circuit 5 -- done
rank 25 | trajectory 155 of circuit 7 -- done
rank 4 | trajectory 158 of circuit 6 -- done
rank 7 | trajectory 39 of circuit 7 -- done
rank 18 | trajectory 73 of circuit 7 -- done
rank 17 | trajectory 160 of circuit 6 -- done
rank 21 | trajectory 62 of circuit 7 -- done
rank 19 | trajectory 44 of circuit 7 -- done
rank 21 | trajectory 119 of circuit 6 -- done
rank 25 | trajectory 95 of circuit 6 -- done
rank 7 | trajectory 161 of circuit 6 -- done
rank 8 | trajectory 145 of circuit 4 -- done
rank 18 | trajectory 13 of circuit 4 -- done
rank 4 | trajectory 19 of circuit 6 -- done
rank 10 | trajectory 136 of circuit 5 -- done
rank 7 | trajectory 108 of circuit 6 -- done
rank 25 | trajectory 175 of circuit 6 -- done
rank 16 | trajectory 41 of circuit 7 -- done
rank 0 | trajectory 91 of circuit 6 -- done
rank 0 | trajectory 172 of circuit 4 -- done
rank 10 | trajectory 63 of circuit 5 -- done
rank 1 | trajectory 182 of circuit 10 -- done
rank 4 | trajectory 136 of circuit 6 -- done
rank 11 | trajectory 130 of circuit 6 -- done
rank 14 | trajectory 133 of circuit 5 -- done
rank 3 | trajectory 171 of circuit 6 -- done
rank 3 | trajectory 6 of circuit 7 -- done
rank 11 | trajectory 159 of circuit 6 -- done
rank 23 | trajectory 37 of circuit 6 -- done
rank 9 | trajectory 111 of circuit 5 -- done
rank 12 | trajectory 43 of circuit 6 -- done
rank 14 | trajectory 46 of circuit 6 -- done
rank 2 | trajectory 29 of circuit 8 -- done
rank 6 | trajectory 9 of circuit 8 -- done
rank 13 | trajectory 41 of circuit 8 -- done
rank 8 | trajectory 157 of circuit 7 -- done
rank 14 | trajectory 59 of circuit 6 -- done
rank 7 | trajectory 4 of circuit 7 -- done
rank 6 | trajectory 23 of circuit 8 -- done
rank 16 | trajectory 137 of circuit 6 -- done
rank 21 | trajectory 190 of circuit 6 -- done
rank 19 | trajectory 43 of circuit 4 -- done
rank 23 | trajectory 185 of circuit 6 -- done
rank 23 | trajectory 25 of circuit 5 -- done
rank 19 | trajectory 55 of circuit 4 -- done
rank 20 | trajectory 168 of circuit 6 -- done
rank 24 | trajectory 112 of circuit 5 -- done
rank 12 | trajectory 154 of circuit 6 -- done
rank 1 | trajectory 111 of circuit 10 -- done
rank 8 | trajectory 125 of circuit 5 -- done
rank 2 | trajectory 177 of circuit 7 -- done
rank 14 | trajectory 26 of circuit 6 -- done
rank 21 | trajectory 162 of circuit 7 -- done
rank 17 | trajectory 27 of circuit 7 -- done
rank 20 | trajectory 133 of circuit 3 -- done
rank 6 | trajectory 109 of circuit 8 -- done
rank 22 | trajectory 101 of circuit 8 -- done
rank 17 | trajectory 107 of circuit 6 -- done
rank 17 | trajectory 55 of circuit 7 -- done
rank 22 | trajectory 152 of circuit 8 -- done
rank 20 | trajectory 71 of circuit 6 -- done
rank 20 | trajectory 13 of circuit 8 -- done
rank 21 | trajectory 29 of circuit 6 -- done
rank 10 | trajectory 133 of circuit 6 -- done
rank 9 | trajectory 20 of circuit 5 -- done
rank 0 | trajectory 147 of circuit 5 -- done
rank 22 | trajectory 87 of circuit 7 -- done
rank 23 | trajectory 69 of circuit 7 -- done
rank 15 | trajectory 87 of circuit 5 -- done
rank 14 | trajectory 12 of circuit 7 -- done
rank 1 | trajectory 147 of circuit 8 -- done
rank 5 | trajectory 60 of circuit 6 -- done
rank 3 | trajectory 140 of circuit 4 -- done
rank 3 | trajectory 61 of circuit 7 -- done
rank 2 | trajectory 99 of circuit 8 -- done
rank 1 | trajectory 165 of circuit 8 -- done
rank 19 | trajectory 64 of circuit 6 -- done
rank 8 | trajectory 148 of circuit 6 -- done
rank 2 | trajectory 48 of circuit 7 -- done
rank 19 | trajectory 70 of circuit 7 -- done
rank 22 | trajectory 22 of circuit 8 -- done
rank 0 | trajectory 12 of circuit 6 -- done
rank 7 | trajectory 72 of circuit 7 -- done
rank 12 | trajectory 31 of circuit 6 -- done
rank 2 | trajectory 97 of circuit 8 -- done
rank 14 | trajectory 177 of circuit 6 -- done
rank 4 | trajectory 72 of circuit 6 -- done
rank 13 | trajectory 184 of circuit 5 -- done
rank 23 | trajectory 8 of circuit 7 -- done
rank 16 | trajectory 29 of circuit 5 -- done
rank 16 | trajectory 124 of circuit 7 -- done
rank 14 | trajectory 73 of circuit 5 -- done
rank 17 | trajectory 20 of circuit 7 -- done
rank 19 | trajectory 169 of circuit 6 -- done
rank 13 | trajectory 179 of circuit 9 -- done
rank 15 | trajectory 7 of circuit 5 -- done
rank 22 | trajectory 60 of circuit 8 -- done
rank 17 | trajectory 16 of circuit 6 -- done
rank 5 | trajectory 182 of circuit 8 -- done
rank 19 | trajectory 187 of circuit 6 -- done
rank 23 | trajectory 98 of circuit 7 -- done
rank 1 | trajectory 89 of circuit 9 -- done
rank 8 | trajectory 84 of circuit 7 -- done
rank 10 | trajectory 165 of circuit 6 -- done
rank 19 | trajectory 35 of circuit 7 -- done
rank 14 | trajectory 54 of circuit 7 -- done
rank 12 | trajectory 129 of circuit 7 -- done
rank 1 | trajectory 152 of circuit 10 -- done
rank 1 | trajectory 135 of circuit 9 -- done
rank 17 | trajectory 182 of circuit 7 -- done
rank 18 | trajectory 186 of circuit 8 -- done
rank 24 | trajectory 144 of circuit 5 -- done
rank 19 | trajectory 56 of circuit 7 -- done
rank 20 | trajectory 33 of circuit 6 -- done
rank 25 | trajectory 24 of circuit 7 -- done
rank 22 | trajectory 178 of circuit 8 -- done
rank 13 | trajectory 99 of circuit 7 -- done
rank 0 | trajectory 21 of circuit 6 -- done
rank 20 | trajectory 109 of circuit 4 -- done
rank 4 | trajectory 131 of circuit 5 -- done
rank 2 | trajectory 83 of circuit 6 -- done
rank 11 | trajectory 179 of circuit 6 -- done
rank 1 | trajectory 40 of circuit 10 -- done
rank 10 | trajectory 55 of circuit 5 -- done
rank 24 | trajectory 56 of circuit 6 -- done
rank 8 | trajectory 90 of circuit 4 -- done
rank 22 | trajectory 38 of circuit 7 -- done
rank 4 | trajectory 96 of circuit 6 -- done
rank 11 | trajectory 82 of circuit 6 -- done
rank 4 | trajectory 42 of circuit 7 -- done
rank 25 | trajectory 138 of circuit 6 -- done
rank 15 | trajectory 98 of circuit 8 -- done
rank 16 | trajectory 11 of circuit 4 -- done
rank 16 | trajectory 61 of circuit 6 -- done
rank 24 | trajectory 129 of circuit 6 -- done
rank 0 | trajectory 36 of circuit 5 -- done
rank 10 | trajectory 42 of circuit 5 -- done
rank 16 | trajectory 13 of circuit 6 -- done
rank 9 | trajectory 107 of circuit 5 -- done
rank 11 | trajectory 103 of circuit 6 -- done
rank 16 | trajectory 164 of circuit 6 -- done
rank 19 | trajectory 117 of circuit 6 -- done
rank 22 | trajectory 28 of circuit 9 -- done
rank 22 | trajectory 59 of circuit 8 -- done
rank 21 | trajectory 142 of circuit 7 -- done
rank 21 | trajectory 171 of circuit 7 -- done
rank 25 | trajectory 19 of circuit 7 -- done
rank 22 | trajectory 118 of circuit 10 -- done
rank 18 | trajectory 103 of circuit 8 -- done
rank 17 | trajectory 43 of circuit 7 -- done
rank 11 | trajectory 10 of circuit 6 -- done
rank 17 | trajectory 130 of circuit 7 -- done
rank 18 | trajectory 160 of circuit 8 -- done
rank 0 | trajectory 102 of circuit 6 -- done
rank 4 | trajectory 121 of circuit 6 -- done
rank 9 | trajectory 155 of circuit 5 -- done
rank 2 | trajectory 157 of circuit 8 -- done
rank 24 | trajectory 174 of circuit 7 -- done
rank 11 | trajectory 141 of circuit 7 -- done
rank 6 | trajectory 165 of circuit 10 -- done
rank 12 | trajectory 6 of circuit 5 -- done
rank 16 | trajectory 2 of circuit 7 -- done
rank 4 | trajectory 191 of circuit 6 -- done
rank 3 | trajectory 120 of circuit 7 -- done
rank 23 | trajectory 84 of circuit 6 -- done
rank 23 | trajectory 144 of circuit 7 -- done
rank 6 | trajectory 48 of circuit 8 -- done
rank 14 | trajectory 155 of circuit 6 -- done
rank 6 | trajectory 96 of circuit 8 -- done
rank 0 | trajectory 125 of circuit 6 -- done
rank 9 | trajectory 17 of circuit 6 -- done
rank 9 | trajectory 182 of circuit 6 -- done
rank 3 | trajectory 128 of circuit 6 -- done
rank 12 | trajectory 63 of circuit 8 -- done
rank 16 | trajectory 39 of circuit 6 -- done
rank 15 | trajectory 142 of circuit 8 -- done
rank 5 | trajectory 148 of circuit 7 -- done
rank 24 | trajectory 59 of circuit 7 -- done
rank 13 | trajectory 68 of circuit 6 -- done
rank 7 | trajectory 163 of circuit 6 -- done
rank 8 | trajectory 116 of circuit 5 -- done
rank 8 | trajectory 30 of circuit 4 -- done
rank 16 | trajectory 112 of circuit 6 -- done
rank 11 | trajectory 114 of circuit 6 -- done
rank 24 | trajectory 106 of circuit 3 -- done
rank 3 | trajectory 116 of circuit 8 -- done
rank 17 | trajectory 65 of circuit 7 -- done
rank 17 | trajectory 94 of circuit 7 -- done
rank 14 | trajectory 66 of circuit 6 -- done
rank 9 | trajectory 52 of circuit 7 -- done
rank 10 | trajectory 132 of circuit 8 -- done
rank 2 | trajectory 13 of circuit 7 -- done
rank 9 | trajectory 132 of circuit 5 -- done
rank 11 | trajectory 45 of circuit 7 -- done
rank 12 | trajectory 108 of circuit 7 -- done
rank 17 | trajectory 22 of circuit 4 -- done
rank 13 | trajectory 149 of circuit 9 -- done
rank 6 | trajectory 51 of circuit 7 -- done
rank 10 | trajectory 53 of circuit 7 -- done
rank 21 | trajectory 104 of circuit 7 -- done
rank 2 | trajectory 163 of circuit 8 -- done
rank 10 | trajectory 186 of circuit 7 -- done
rank 8 | trajectory 172 of circuit 6 -- done
rank 11 | trajectory 152 of circuit 7 -- done
rank 17 | trajectory 80 of circuit 7 -- done
rank 2 | trajectory 128 of circuit 9 -- done
rank 3 | trajectory 156 of circuit 7 -- done
rank 5 | trajectory 159 of circuit 7 -- done
rank 10 | trajectory 51 of circuit 6 -- done
rank 20 | trajectory 89 of circuit 7 -- done
rank 14 | trajectory 130 of circuit 8 -- done
rank 10 | trajectory 102 of circuit 5 -- done
rank 11 | trajectory 128 of circuit 7 -- done
rank 25 | trajectory 187 of circuit 7 -- done
rank 8 | trajectory 181 of circuit 6 -- done
rank 3 | trajectory 10 of circuit 8 -- done
rank 23 | trajectory 89 of circuit 8 -- done
rank 23 | trajectory 96 of circuit 7 -- done
rank 25 | trajectory 113 of circuit 7 -- done
rank 1 | trajectory 119 of circuit 10 -- done
rank 16 | trajectory 81 of circuit 7 -- done
rank 10 | trajectory 11 of circuit 2 -- done
rank 22 | trajectory 122 of circuit 7 -- done
rank 0 | trajectory 189 of circuit 7 -- done
rank 14 | trajectory 187 of circuit 8 -- done
rank 11 | trajectory 172 of circuit 8 -- done
rank 1 | trajectory 19 of circuit 10 -- done
rank 15 | trajectory 37 of circuit 8 -- done
rank 22 | trajectory 15 of circuit 9 -- done
rank 15 | trajectory 83 of circuit 8 -- done
rank 3 | trajectory 112 of circuit 7 -- done
rank 2 | trajectory 34 of circuit 9 -- done
rank 22 | trajectory 26 of circuit 9 -- done
rank 4 | trajectory 140 of circuit 8 -- done
rank 12 | trajectory 189 of circuit 8 -- done
rank 1 | trajectory 62 of circuit 10 -- done
rank 17 | trajectory 47 of circuit 8 -- done
rank 12 | trajectory 72 of circuit 8 -- done
rank 25 | trajectory 117 of circuit 8 -- done
rank 19 | trajectory 15 of circuit 8 -- done
rank 22 | trajectory 131 of circuit 9 -- done
rank 3 | trajectory 16 of circuit 9 -- done
rank 1 | trajectory 173 of circuit 10 -- done
rank 23 | trajectory 135 of circuit 1 -- done
rank 5 | trajectory 49 of circuit 6 -- done
rank 25 | trajectory 44 of circuit 8 -- done
rank 20 | trajectory 131 of circuit 6 -- done
rank 5 | trajectory 119 of circuit 7 -- done
rank 10 | trajectory 183 of circuit 4 -- done
rank 2 | trajectory 101 of circuit 5 -- done
rank 17 | trajectory 86 of circuit 8 -- done
rank 21 | trajectory 168 of circuit 7 -- done
rank 14 | trajectory 39 of circuit 8 -- done
rank 19 | trajectory 123 of circuit 7 -- done
rank 22 | trajectory 64 of circuit 7 -- done
rank 3 | trajectory 159 of circuit 8 -- done
rank 8 | trajectory 138 of circuit 7 -- done
rank 14 | trajectory 118 of circuit 8 -- done
rank 11 | trajectory 165 of circuit 7 -- done
rank 19 | trajectory 76 of circuit 7 -- done
rank 5 | trajectory 30 of circuit 5 -- done
rank 19 | trajectory 183 of circuit 5 -- done
rank 8 | trajectory 31 of circuit 8 -- done
rank 13 | trajectory 86 of circuit 6 -- done
rank 4 | trajectory 68 of circuit 2 -- done
rank 22 | trajectory 24 of circuit 9 -- done
rank 10 | trajectory 115 of circuit 8 -- done
rank 19 | trajectory 118 of circuit 9 -- done
rank 21 | trajectory 26 of circuit 7 -- done
rank 20 | trajectory 64 of circuit 8 -- done
rank 17 | trajectory 6 of circuit 8 -- done
rank 16 | trajectory 150 of circuit 7 -- done
rank 13 | trajectory 121 of circuit 10 -- done
rank 7 | trajectory 101 of circuit 7 -- done
rank 16 | trajectory 22 of circuit 7 -- done
rank 0 | trajectory 38 of circuit 6 -- done
rank 22 | trajectory 95 of circuit 9 -- done
rank 4 | trajectory 126 of circuit 6 -- done
rank 9 | trajectory 41 of circuit 6 -- done
rank 19 | trajectory 164 of circuit 8 -- done
rank 4 | trajectory 26 of circuit 5 -- done
rank 12 | trajectory 42 of circuit 8 -- done
rank 17 | trajectory 184 of circuit 7 -- done
rank 1 | trajectory 115 of circuit 11 -- done
rank 1 | trajectory 69 of circuit 10 -- done
rank 21 | trajectory 95 of circuit 7 -- done
rank 21 | trajectory 36 of circuit 7 -- done
rank 12 | trajectory 113 of circuit 8 -- done
rank 5 | trajectory 104 of circuit 6 -- done
rank 1 | trajectory 170 of circuit 10 -- done
rank 6 | trajectory 31 of circuit 10 -- done
rank 18 | trajectory 5 of circuit 8 -- done
rank 8 | trajectory 169 of circuit 7 -- done
rank 10 | trajectory 127 of circuit 7 -- done
rank 9 | trajectory 29 of circuit 7 -- done
rank 25 | trajectory 191 of circuit 7 -- done
rank 12 | trajectory 91 of circuit 7 -- done
rank 6 | trajectory 143 of circuit 9 -- done
rank 5 | trajectory 14 of circuit 7 -- done
rank 23 | trajectory 139 of circuit 7 -- done
rank 14 | trajectory 67 of circuit 5 -- done
rank 6 | trajectory 177 of circuit 10 -- done
rank 0 | trajectory 156 of circuit 6 -- done
rank 10 | trajectory 36 of circuit 6 -- done
rank 20 | trajectory 180 of circuit 9 -- done
rank 19 | trajectory 23 of circuit 7 -- done
rank 15 | trajectory 42 of circuit 9 -- done
rank 8 | trajectory 131 of circuit 8 -- done
rank 17 | trajectory 181 of circuit 7 -- done
rank 15 | trajectory 62 of circuit 9 -- done
rank 4 | trajectory 127 of circuit 4 -- done
rank 20 | trajectory 164 of circuit 7 -- done
rank 13 | trajectory 18 of circuit 9 -- done
rank 17 | trajectory 121 of circuit 7 -- done
rank 20 | trajectory 114 of circuit 7 -- done
rank 24 | trajectory 127 of circuit 8 -- done
rank 5 | trajectory 126 of circuit 5 -- done
rank 10 | trajectory 111 of circuit 8 -- done
rank 8 | trajectory 170 of circuit 8 -- done
rank 6 | trajectory 76 of circuit 10 -- done
rank 24 | trajectory 63 of circuit 6 -- done
rank 8 | trajectory 134 of circuit 9 -- done
rank 17 | trajectory 114 of circuit 8 -- done
rank 22 | trajectory 11 of circuit 10 -- done
rank 22 | trajectory 157 of circuit 11 -- done
rank 13 | trajectory 59 of circuit 9 -- done
rank 16 | trajectory 136 of circuit 7 -- done
rank 11 | trajectory 182 of circuit 9 -- done
rank 13 | trajectory 39 of circuit 9 -- done
rank 2 | trajectory 80 of circuit 5 -- done
rank 17 | trajectory 18 of circuit 8 -- done
rank 20 | trajectory 126 of circuit 7 -- done
rank 11 | trajectory 47 of circuit 7 -- done
rank 16 | trajectory 15 of circuit 6 -- done
rank 11 | trajectory 150 of circuit 8 -- done
rank 12 | trajectory 1 of circuit 10 -- done
rank 16 | trajectory 188 of circuit 7 -- done
rank 25 | trajectory 68 of circuit 4 -- done
rank 15 | trajectory 157 of circuit 10 -- done
rank 17 | trajectory 180 of circuit 8 -- done
rank 11 | trajectory 11 of circuit 6 -- done
rank 24 | trajectory 117 of circuit 7 -- done
rank 18 | trajectory 112 of circuit 9 -- done
rank 8 | trajectory 97 of circuit 6 -- done
rank 3 | trajectory 184 of circuit 6 -- done
rank 14 | trajectory 8 of circuit 8 -- done
rank 25 | trajectory 167 of circuit 8 -- done
rank 8 | trajectory 93 of circuit 7 -- done
rank 4 | trajectory 179 of circuit 8 -- done
rank 25 | trajectory 135 of circuit 6 -- done
rank 12 | trajectory 156 of circuit 8 -- done
rank 7 | trajectory 135 of circuit 7 -- done
rank 7 | trajectory 123 of circuit 8 -- done
rank 3 | trajectory 190 of circuit 8 -- done
rank 8 | trajectory 166 of circuit 8 -- done
rank 10 | trajectory 67 of circuit 7 -- done
rank 17 | trajectory 93 of circuit 8 -- done
rank 7 | trajectory 119 of circuit 8 -- done
rank 13 | trajectory 60 of circuit 10 -- done
rank 15 | trajectory 46 of circuit 9 -- done
rank 18 | trajectory 25 of circuit 8 -- done
rank 18 | trajectory 129 of circuit 8 -- done
rank 25 | trajectory 179 of circuit 7 -- done
rank 5 | trajectory 110 of circuit 7 -- done
rank 22 | trajectory 151 of circuit 11 -- done
rank 10 | trajectory 15 of circuit 7 -- done
rank 25 | trajectory 192 of circuit 6 -- done
rank 24 | trajectory 103 of circuit 7 -- done
rank 18 | trajectory 81 of circuit 8 -- done
rank 14 | trajectory 87 of circuit 6 -- done
rank 25 | trajectory 11 of circuit 7 -- done
rank 6 | trajectory 7 of circuit 8 -- done
rank 7 | trajectory 158 of circuit 10 -- done
rank 16 | trajectory 132 of circuit 6 -- done
rank 18 | trajectory 156 of circuit 9 -- done
rank 17 | trajectory 141 of circuit 9 -- done
rank 22 | trajectory 47 of circuit 10 -- done
rank 22 | trajectory 37 of circuit 11 -- done
rank 23 | trajectory 85 of circuit 8 -- done
rank 24 | trajectory 94 of circuit 8 -- done
rank 17 | trajectory 133 of circuit 10 -- done
rank 14 | trajectory 30 of circuit 9 -- done
rank 17 | trajectory 59 of circuit 10 -- done
rank 9 | trajectory 190 of circuit 7 -- done
rank 19 | trajectory 125 of circuit 7 -- done
rank 4 | trajectory 21 of circuit 8 -- done
rank 11 | trajectory 136 of circuit 8 -- done
rank 14 | trajectory 188 of circuit 8 -- done
rank 25 | trajectory 2 of circuit 8 -- done
rank 9 | trajectory 2 of circuit 6 -- done
rank 8 | trajectory 121 of circuit 8 -- done
rank 24 | trajectory 71 of circuit 8 -- done
rank 22 | trajectory 53 of circuit 10 -- done
rank 10 | trajectory 125 of circuit 8 -- done
rank 15 | trajectory 44 of circuit 9 -- done
rank 17 | trajectory 77 of circuit 7 -- done
rank 21 | trajectory 185 of circuit 8 -- done
rank 15 | trajectory 106 of circuit 5 -- done
rank 16 | trajectory 110 of circuit 8 -- done
rank 0 | trajectory 19 of circuit 8 -- done
rank 6 | trajectory 188 of circuit 10 -- done
rank 5 | trajectory 56 of circuit 8 -- done
rank 24 | trajectory 149 of circuit 8 -- done
rank 22 | trajectory 50 of circuit 10 -- done
rank 12 | trajectory 149 of circuit 7 -- done
rank 2 | trajectory 178 of circuit 9 -- done
rank 3 | trajectory 104 of circuit 9 -- done
rank 11 | trajectory 62 of circuit 8 -- done
rank 22 | trajectory 139 of circuit 26 -- done
rank 17 | trajectory 158 of circuit 8 -- done
rank 20 | trajectory 16 of circuit 8 -- done
rank 4 | trajectory 171 of circuit 8 -- done
rank 3 | trajectory 53 of circuit 5 -- done
rank 21 | trajectory 176 of circuit 9 -- done
rank 20 | trajectory 146 of circuit 9 -- done
rank 18 | trajectory 135 of circuit 8 -- done
rank 15 | trajectory 75 of circuit 9 -- done
rank 22 | trajectory 71 of circuit 10 -- done
rank 8 | trajectory 32 of circuit 6 -- done
rank 22 | trajectory 115 of circuit 10 -- done
rank 21 | trajectory 79 of circuit 8 -- done
rank 2 | trajectory 153 of circuit 8 -- done
rank 10 | trajectory 173 of circuit 6 -- done
rank 9 | trajectory 61 of circuit 8 -- done
rank 16 | trajectory 74 of circuit 7 -- done
rank 15 | trajectory 21 of circuit 9 -- done
rank 6 | trajectory 142 of circuit 10 -- done
rank 5 | trajectory 191 of circuit 8 -- done
rank 6 | trajectory 94 of circuit 10 -- done
rank 7 | trajectory 40 of circuit 9 -- done
rank 23 | trajectory 66 of circuit 8 -- done
rank 13 | trajectory 176 of circuit 10 -- done
rank 10 | trajectory 90 of circuit 7 -- done
rank 19 | trajectory 133 of circuit 9 -- done
rank 19 | trajectory 97 of circuit 9 -- done
rank 25 | trajectory 120 of circuit 8 -- done
rank 4 | trajectory 67 of circuit 8 -- done
rank 11 | trajectory 58 of circuit 8 -- done
rank 16 | trajectory 79 of circuit 9 -- done
rank 1 | trajectory 59 of circuit 26 -- done
rank 8 | trajectory 112 of circuit 4 -- done
rank 3 | trajectory 40 of circuit 7 -- done
rank 19 | trajectory 77 of circuit 8 -- done
rank 0 | trajectory 26 of circuit 8 -- done
rank 7 | trajectory 24 of circuit 8 -- done
rank 12 | trajectory 173 of circuit 8 -- done
rank 3 | trajectory 7 of circuit 9 -- done
rank 2 | trajectory 79 of circuit 10 -- done
rank 21 | trajectory 74 of circuit 9 -- done
rank 14 | trajectory 163 of circuit 7 -- done
rank 1 | trajectory 25 of circuit 10 -- done
rank 12 | trajectory 184 of circuit 8 -- done
rank 2 | trajectory 28 of circuit 10 -- done
rank 2 | trajectory 46 of circuit 10 -- done
rank 2 | trajectory 113 of circuit 10 -- done
rank 15 | trajectory 102 of circuit 9 -- done
rank 15 | trajectory 167 of circuit 9 -- done
rank 23 | trajectory 91 of circuit 9 -- done
rank 22 | trajectory 164 of circuit 26 -- done
rank 15 | trajectory 144 of circuit 9 -- done
rank 16 | trajectory 65 of circuit 8 -- done
rank 22 | trajectory 171 of circuit 10 -- done
rank 23 | trajectory 161 of circuit 7 -- done
rank 4 | trajectory 175 of circuit 8 -- done
rank 19 | trajectory 100 of circuit 8 -- done
rank 3 | trajectory 8 of circuit 10 -- done
rank 12 | trajectory 71 of circuit 9 -- done
rank 14 | trajectory 92 of circuit 7 -- done
rank 5 | trajectory 27 of circuit 10 -- done
rank 2 | trajectory 75 of circuit 8 -- done
rank 8 | trajectory 21 of circuit 7 -- done
rank 3 | trajectory 108 of circuit 9 -- done
rank 4 | trajectory 177 of circuit 8 -- done
rank 3 | trajectory 84 of circuit 10 -- done
rank 2 | trajectory 63 of circuit 10 -- done
rank 7 | trajectory 45 of circuit 10 -- done
rank 9 | trajectory 133 of circuit 7 -- done
rank 16 | trajectory 55 of circuit 8 -- done
rank 19 | trajectory 22 of circuit 9 -- done
rank 16 | trajectory 3 of circuit 8 -- done
rank 4 | trajectory 142 of circuit 9 -- done
rank 16 | trajectory 33 of circuit 7 -- done
rank 9 | trajectory 145 of circuit 5 -- done
rank 14 | trajectory 174 of circuit 8 -- done
rank 23 | trajectory 148 of circuit 8 -- done
rank 14 | trajectory 168 of circuit 8 -- done
rank 18 | trajectory 52 of circuit 9 -- done
rank 13 | trajectory 64 of circuit 10 -- done
rank 3 | trajectory 42 of circuit 10 -- done
rank 8 | trajectory 50 of circuit 9 -- done
rank 15 | trajectory 189 of circuit 9 -- done
rank 22 | trajectory 102 of circuit 8 -- done
rank 13 | trajectory 1 of circuit 26 -- done
rank 16 | trajectory 12 of circuit 8 -- done
rank 23 | trajectory 70 of circuit 9 -- done
rank 6 | trajectory 187 of circuit 11 -- done
rank 10 | trajectory 68 of circuit 5 -- done
rank 10 | trajectory 88 of circuit 8 -- done
rank 15 | trajectory 166 of circuit 10 -- done
rank 1 | trajectory 134 of circuit 10 -- done
rank 20 | trajectory 144 of circuit 6 -- done
rank 24 | trajectory 28 of circuit 8 -- done
rank 4 | trajectory 105 of circuit 8 -- done
rank 7 | trajectory 80 of circuit 10 -- done
rank 14 | trajectory 122 of circuit 10 -- done
rank 23 | trajectory 14 of circuit 8 -- done
rank 14 | trajectory 56 of circuit 9 -- done
rank 8 | trajectory 13 of circuit 5 -- done
rank 3 | trajectory 52 of circuit 10 -- done
rank 4 | trajectory 160 of circuit 9 -- done
rank 8 | trajectory 62 of circuit 6 -- done
rank 5 | trajectory 85 of circuit 9 -- done
rank 8 | trajectory 192 of circuit 8 -- done
rank 5 | trajectory 90 of circuit 9 -- done
rank 9 | trajectory 78 of circuit 8 -- done
rank 0 | trajectory 144 of circuit 8 -- done
rank 23 | trajectory 120 of circuit 9 -- done
rank 11 | trajectory 119 of circuit 9 -- done
rank 0 | trajectory 50 of circuit 8 -- done
rank 16 | trajectory 176 of circuit 7 -- done
rank 21 | trajectory 38 of circuit 8 -- done
rank 10 | trajectory 187 of circuit 9 -- done
rank 9 | trajectory 154 of circuit 8 -- done
rank 11 | trajectory 106 of circuit 6 -- done
rank 5 | trajectory 17 of circuit 8 -- done
rank 17 | trajectory 173 of circuit 7 -- done
rank 23 | trajectory 133 of circuit 8 -- done
rank 7 | trajectory 90 of circuit 8 -- done
rank 13 | trajectory 67 of circuit 10 -- done
rank 0 | trajectory 184 of circuit 9 -- done
rank 18 | trajectory 84 of circuit 9 -- done
rank 15 | trajectory 125 of circuit 9 -- done
rank 19 | trajectory 61 of circuit 9 -- done
rank 25 | trajectory 83 of circuit 9 -- done
rank 15 | trajectory 19 of circuit 9 -- done
rank 12 | trajectory 138 of circuit 9 -- done
rank 3 | trajectory 192 of circuit 10 -- done
rank 4 | trajectory 146 of circuit 8 -- done
rank 0 | trajectory 80 of circuit 6 -- done
rank 9 | trajectory 49 of circuit 7 -- done
rank 1 | trajectory 131 of circuit 12 -- done
rank 6 | trajectory 175 of circuit 10 -- done
rank 2 | trajectory 5 of circuit 9 -- done
rank 24 | trajectory 101 of circuit 9 -- done
rank 7 | trajectory 186 of circuit 10 -- done
rank 21 | trajectory 64 of circuit 9 -- done
rank 3 | trajectory 109 of circuit 9 -- done
rank 1 | trajectory 54 of circuit 26 -- done
rank 1 | trajectory 174 of circuit 11 -- done
rank 21 | trajectory 166 of circuit 9 -- done
rank 21 | trajectory 114 of circuit 9 -- done
rank 14 | trajectory 86 of circuit 10 -- done
rank 25 | trajectory 115 of circuit 9 -- done
rank 6 | trajectory 91 of circuit 8 -- done
rank 18 | trajectory 3 of circuit 10 -- done
rank 8 | trajectory 35 of circuit 9 -- done
rank 8 | trajectory 12 of circuit 9 -- done
rank 23 | trajectory 67 of circuit 9 -- done
rank 11 | trajectory 177 of circuit 9 -- done
rank 12 | trajectory 126 of circuit 8 -- done
rank 20 | trajectory 100 of circuit 10 -- done
rank 3 | trajectory 185 of circuit 9 -- done
rank 8 | trajectory 117 of circuit 9 -- done
rank 0 | trajectory 122 of circuit 8 -- done
rank 6 | trajectory 105 of circuit 10 -- done
rank 21 | trajectory 123 of circuit 6 -- done
rank 1 | trajectory 144 of circuit 11 -- done
rank 7 | trajectory 171 of circuit 9 -- done
rank 11 | trajectory 46 of circuit 8 -- done
rank 1 | trajectory 21 of circuit 12 -- done
rank 14 | trajectory 55 of circuit 9 -- done
rank 1 | trajectory 58 of circuit 11 -- done
rank 20 | trajectory 140 of circuit 7 -- done
rank 23 | trajectory 47 of circuit 9 -- done
rank 3 | trajectory 4 of circuit 10 -- done
rank 10 | trajectory 8 of circuit 6 -- done
rank 14 | trajectory 158 of circuit 9 -- done
rank 5 | trajectory 66 of circuit 9 -- done
rank 20 | trajectory 165 of circuit 9 -- done
rank 16 | trajectory 36 of circuit 8 -- done
rank 16 | trajectory 95 of circuit 8 -- done
rank 16 | trajectory 32 of circuit 8 -- done
rank 16 | trajectory 169 of circuit 9 -- done
rank 20 | trajectory 11 of circuit 9 -- done
rank 24 | trajectory 23 of circuit 9 -- done
rank 0 | trajectory 5 of circuit 6 -- done
rank 17 | trajectory 15 of circuit 10 -- done
rank 3 | trajectory 153 of circuit 9 -- done
rank 7 | trajectory 125 of circuit 10 -- done
rank 6 | trajectory 20 of circuit 8 -- done
rank 16 | trajectory 161 of circuit 8 -- done
rank 1 | trajectory 41 of circuit 12 -- done
rank 24 | trajectory 69 of circuit 9 -- done
rank 20 | trajectory 37 of circuit 9 -- done
rank 10 | trajectory 140 of circuit 9 -- done
rank 8 | trajectory 139 of circuit 8 -- done
rank 9 | trajectory 105 of circuit 9 -- done
rank 12 | trajectory 82 of circuit 8 -- done
rank 25 | trajectory 80 of circuit 9 -- done
rank 24 | trajectory 115 of circuit 6 -- done
rank 24 | trajectory 151 of circuit 8 -- done
rank 22 | trajectory 58 of circuit 10 -- done
rank 21 | trajectory 11 of circuit 8 -- done
rank 5 | trajectory 103 of circuit 9 -- done
rank 2 | trajectory 73 of circuit 8 -- done
rank 23 | trajectory 4 of circuit 9 -- done
rank 1 | trajectory 72 of circuit 12 -- done
rank 25 | trajectory 183 of circuit 6 -- done
rank 10 | trajectory 134 of circuit 8 -- done
rank 5 | trajectory 147 of circuit 7 -- done
rank 18 | trajectory 92 of circuit 10 -- done
rank 22 | trajectory 158 of circuit 11 -- done
rank 3 | trajectory 145 of circuit 7 -- done
rank 1 | trajectory 114 of circuit 26 -- done
rank 10 | trajectory 190 of circuit 9 -- done
rank 7 | trajectory 93 of circuit 9 -- done
rank 24 | trajectory 31 of circuit 9 -- done
rank 4 | trajectory 150 of circuit 9 -- done
rank 5 | trajectory 78 of circuit 9 -- done
rank 15 | trajectory 30 of circuit 7 -- done
rank 22 | trajectory 136 of circuit 26 -- done
rank 4 | trajectory 129 of circuit 9 -- done
rank 1 | trajectory 77 of circuit 26 -- done
rank 5 | trajectory 76 of circuit 9 -- done
rank 5 | trajectory 73 of circuit 9 -- done
rank 7 | trajectory 77 of circuit 9 -- done
rank 9 | trajectory 76 of circuit 8 -- done
rank 2 | trajectory 2 of circuit 10 -- done
rank 16 | trajectory 53 of circuit 9 -- done
rank 20 | trajectory 88 of circuit 6 -- done
rank 24 | trajectory 38 of circuit 9 -- done
rank 2 | trajectory 74 of circuit 10 -- done
rank 14 | trajectory 20 of circuit 6 -- done
rank 10 | trajectory 159 of circuit 10 -- done
rank 16 | trajectory 93 of circuit 6 -- done
rank 13 | trajectory 140 of circuit 11 -- done
rank 25 | trajectory 116 of circuit 9 -- done
rank 22 | trajectory 155 of circuit 11 -- done
rank 8 | trajectory 161 of circuit 10 -- done
rank 2 | trajectory 47 of circuit 11 -- done
rank 5 | trajectory 25 of circuit 9 -- done
rank 20 | trajectory 54 of circuit 8 -- done
rank 12 | trajectory 163 of circuit 9 -- done
rank 23 | trajectory 143 of circuit 10 -- done
rank 19 | trajectory 145 of circuit 6 -- done
rank 12 | trajectory 34 of circuit 8 -- done
rank 25 | trajectory 100 of circuit 9 -- done
rank 22 | trajectory 89 of circuit 11 -- done
rank 24 | trajectory 124 of circuit 8 -- done
rank 21 | trajectory 183 of circuit 7 -- done
rank 9 | trajectory 43 of circuit 9 -- done
rank 10 | trajectory 155 of circuit 9 -- done
rank 16 | trajectory 58 of circuit 7 -- done
rank 2 | trajectory 180 of circuit 10 -- done
rank 0 | trajectory 169 of circuit 8 -- done
rank 5 | trajectory 190 of circuit 10 -- done
rank 8 | trajectory 6 of circuit 10 -- done
rank 13 | trajectory 138 of circuit 8 -- done
rank 14 | trajectory 191 of circuit 10 -- done
rank 4 | trajectory 187 of circuit 10 -- done
rank 1 | trajectory 73 of circuit 26 -- done
rank 15 | trajectory 168 of circuit 10 -- done
rank 6 | trajectory 144 of circuit 10 -- done
rank 15 | trajectory 13 of circuit 10 -- done
rank 20 | trajectory 155 of circuit 8 -- done
rank 3 | trajectory 123 of circuit 10 -- done
rank 22 | trajectory 168 of circuit 12 -- done
rank 19 | trajectory 188 of circuit 9 -- done
rank 18 | trajectory 17 of circuit 10 -- done
rank 15 | trajectory 152 of circuit 9 -- done
rank 6 | trajectory 154 of circuit 10 -- done
rank 9 | trajectory 159 of circuit 9 -- done
rank 5 | trajectory 189 of circuit 10 -- done
rank 9 | trajectory 33 of circuit 8 -- done
rank 25 | trajectory 110 of circuit 9 -- done
rank 15 | trajectory 162 of circuit 10 -- done
rank 15 | trajectory 20 of circuit 10 -- done
rank 7 | trajectory 132 of circuit 9 -- done
rank 20 | trajectory 184 of circuit 10 -- done
rank 12 | trajectory 51 of circuit 10 -- done
rank 20 | trajectory 78 of circuit 10 -- done
rank 3 | trajectory 72 of circuit 9 -- done
rank 6 | trajectory 50 of circuit 12 -- done
rank 6 | trajectory 63 of circuit 11 -- done
rank 2 | trajectory 57 of circuit 11 -- done
rank 21 | trajectory 89 of circuit 10 -- done
rank 4 | trajectory 161 of circuit 9 -- done
rank 20 | trajectory 174 of circuit 9 -- done
rank 10 | trajectory 191 of circuit 9 -- done
rank 18 | trajectory 93 of circuit 11 -- done
rank 0 | trajectory 63 of circuit 9 -- done
rank 3 | trajectory 113 of circuit 11 -- done
rank 25 | trajectory 107 of circuit 8 -- done
rank 15 | trajectory 174 of circuit 10 -- done
rank 15 | trajectory 123 of circuit 11 -- done
rank 3 | trajectory 181 of circuit 10 -- done
rank 11 | trajectory 27 of circuit 9 -- done
rank 21 | trajectory 96 of circuit 9 -- done
rank 4 | trajectory 82 of circuit 10 -- done
rank 7 | trajectory 14 of circuit 9 -- done
rank 15 | trajectory 16 of circuit 10 -- done
rank 20 | trajectory 58 of circuit 9 -- done
rank 23 | trajectory 99 of circuit 9 -- done
rank 12 | trajectory 66 of circuit 7 -- done
rank 8 | trajectory 1 of circuit 11 -- done
rank 21 | trajectory 65 of circuit 9 -- done
rank 22 | trajectory 177 of circuit 11 -- done
rank 20 | trajectory 162 of circuit 9 -- done
rank 21 | trajectory 7 of circuit 10 -- done
rank 11 | trajectory 125 of circuit 11 -- done
rank 19 | trajectory 155 of circuit 10 -- done
rank 8 | trajectory 28 of circuit 7 -- done
rank 10 | trajectory 70 of circuit 10 -- done
rank 22 | trajectory 138 of circuit 12 -- done
rank 21 | trajectory 93 of circuit 10 -- done
rank 20 | trajectory 98 of circuit 11 -- done
rank 10 | trajectory 172 of circuit 9 -- done
rank 24 | trajectory 107 of circuit 9 -- done
rank 15 | trajectory 23 of circuit 11 -- done
rank 9 | trajectory 151 of circuit 9 -- done
rank 21 | trajectory 44 of circuit 10 -- done
rank 17 | trajectory 139 of circuit 11 -- done
rank 2 | trajectory 134 of circuit 7 -- done
rank 0 | trajectory 10 of circuit 9 -- done
rank 2 | trajectory 38 of circuit 10 -- done
rank 22 | trajectory 192 of circuit 26 -- done
rank 4 | trajectory 54 of circuit 9 -- done
rank 23 | trajectory 17 of circuit 9 -- done
rank 14 | trajectory 98 of circuit 9 -- done
rank 2 | trajectory 168 of circuit 9 -- done
rank 21 | trajectory 181 of circuit 9 -- done
rank 5 | trajectory 9 of circuit 10 -- done
rank 16 | trajectory 186 of circuit 9 -- done
rank 17 | trajectory 28 of circuit 11 -- done
rank 15 | trajectory 156 of circuit 11 -- done
rank 15 | trajectory 69 of circuit 11 -- done
rank 4 | trajectory 49 of circuit 9 -- done
rank 10 | trajectory 137 of circuit 9 -- done
rank 2 | trajectory 171 of circuit 26 -- done
rank 12 | trajectory 73 of circuit 10 -- done
rank 5 | trajectory 33 of circuit 9 -- done
rank 22 | trajectory 127 of circuit 10 -- done
rank 15 | trajectory 188 of circuit 26 -- done
rank 17 | trajectory 97 of circuit 10 -- done
rank 20 | trajectory 192 of circuit 9 -- done
rank 23 | trajectory 30 of circuit 6 -- done
rank 15 | trajectory 187 of circuit 26 -- done
rank 19 | trajectory 153 of circuit 10 -- done
rank 24 | trajectory 32 of circuit 9 -- done
rank 17 | trajectory 102 of circuit 11 -- done
rank 10 | trajectory 14 of circuit 10 -- done
rank 11 | trajectory 184 of circuit 11 -- done
rank 19 | trajectory 146 of circuit 10 -- done
rank 5 | trajectory 77 of circuit 10 -- done
rank 11 | trajectory 12 of circuit 11 -- done
rank 21 | trajectory 68 of circuit 7 -- done
rank 24 | trajectory 6 of circuit 9 -- done
rank 1 | trajectory 93 of circuit 12 -- done
rank 3 | trajectory 22 of circuit 11 -- done
rank 24 | trajectory 160 of circuit 7 -- done
rank 6 | trajectory 8 of circuit 11 -- done
rank 6 | trajectory 111 of circuit 9 -- done
rank 23 | trajectory 88 of circuit 10 -- done
rank 6 | trajectory 25 of circuit 12 -- done
rank 11 | trajectory 50 of circuit 11 -- done
rank 11 | trajectory 26 of circuit 10 -- done
rank 13 | trajectory 90 of circuit 26 -- done
rank 23 | trajectory 107 of circuit 10 -- done
rank 23 | trajectory 49 of circuit 8 -- done
rank 21 | trajectory 66 of circuit 10 -- done
rank 23 | trajectory 103 of circuit 10 -- done
rank 13 | trajectory 36 of circuit 10 -- done
rank 23 | trajectory 45 of circuit 9 -- done
rank 9 | trajectory 45 of circuit 8 -- done
rank 22 | trajectory 77 of circuit 11 -- done
rank 6 | trajectory 90 of circuit 11 -- done
rank 8 | trajectory 101 of circuit 11 -- done
rank 21 | trajectory 110 of circuit 10 -- done
rank 23 | trajectory 170 of circuit 9 -- done
rank 0 | trajectory 124 of circuit 10 -- done
rank 15 | trajectory 12 of circuit 10 -- done
rank 13 | trajectory 27 of circuit 26 -- done
rank 7 | trajectory 145 of circuit 9 -- done
rank 17 | trajectory 128 of circuit 10 -- done
rank 6 | trajectory 75 of circuit 11 -- done
rank 5 | trajectory 87 of circuit 10 -- done
rank 25 | trajectory 101 of circuit 10 -- done
rank 19 | trajectory 156 of circuit 10 -- done
rank 5 | trajectory 141 of circuit 10 -- done
rank 16 | trajectory 94 of circuit 9 -- done
rank 7 | trajectory 56 of circuit 10 -- done
rank 13 | trajectory 155 of circuit 26 -- done
rank 6 | trajectory 102 of circuit 26 -- done
rank 9 | trajectory 57 of circuit 9 -- done
rank 3 | trajectory 142 of circuit 11 -- done
rank 10 | trajectory 60 of circuit 9 -- done
rank 5 | trajectory 61 of circuit 10 -- done
rank 9 | trajectory 51 of circuit 9 -- done
rank 21 | trajectory 164 of circuit 10 -- done
rank 4 | trajectory 24 of circuit 10 -- done
rank 8 | trajectory 58 of circuit 6 -- done
rank 12 | trajectory 114 of circuit 11 -- done
rank 15 | trajectory 160 of circuit 11 -- done
rank 12 | trajectory 81 of circuit 26 -- done
rank 11 | trajectory 57 of circuit 10 -- done
rank 2 | trajectory 156 of circuit 26 -- done
rank 2 | trajectory 12 of circuit 26 -- done
rank 9 | trajectory 124 of circuit 9 -- done
rank 7 | trajectory 81 of circuit 11 -- done
rank 15 | trajectory 86 of circuit 11 -- done
rank 21 | trajectory 92 of circuit 9 -- done
rank 21 | trajectory 101 of circuit 6 -- done
rank 2 | trajectory 18 of circuit 11 -- done
rank 21 | trajectory 132 of circuit 11 -- done
rank 6 | trajectory 189 of circuit 26 -- done
rank 13 | trajectory 175 of circuit 9 -- done
rank 23 | trajectory 35 of circuit 10 -- done
rank 19 | trajectory 48 of circuit 9 -- done
rank 18 | trajectory 149 of circuit 11 -- done
rank 8 | trajectory 143 of circuit 8 -- done
rank 21 | trajectory 81 of circuit 10 -- done
rank 0 | trajectory 157 of circuit 9 -- done
rank 15 | trajectory 55 of circuit 10 -- done
rank 25 | trajectory 41 of circuit 11 -- done
rank 0 | trajectory 148 of circuit 10 -- done
rank 18 | trajectory 179 of circuit 11 -- done
rank 6 | trajectory 107 of circuit 12 -- done
rank 4 | trajectory 106 of circuit 7 -- done
rank 0 | trajectory 96 of circuit 10 -- done
rank 12 | trajectory 54 of circuit 10 -- done
rank 25 | trajectory 149 of circuit 10 -- done
rank 5 | trajectory 37 of circuit 10 -- done
rank 7 | trajectory 26 of circuit 11 -- done
rank 23 | trajectory 29 of circuit 9 -- done
rank 3 | trajectory 36 of circuit 26 -- done
rank 9 | trajectory 46 of circuit 11 -- done
rank 14 | trajectory 120 of circuit 26 -- done
rank 18 | trajectory 63 of circuit 26 -- done
rank 23 | trajectory 147 of circuit 9 -- done
rank 2 | trajectory 35 of circuit 11 -- done
rank 14 | trajectory 134 of circuit 26 -- done
rank 11 | trajectory 173 of circuit 9 -- done
rank 6 | trajectory 64 of circuit 12 -- done
rank 23 | trajectory 87 of circuit 8 -- done
rank 0 | trajectory 68 of circuit 9 -- done
rank 4 | trajectory 14 of circuit 11 -- done
rank 2 | trajectory 88 of circuit 9 -- done
rank 13 | trajectory 5 of circuit 11 -- done
rank 12 | trajectory 105 of circuit 11 -- done
rank 10 | trajectory 81 of circuit 9 -- done
rank 5 | trajectory 21 of circuit 10 -- done
rank 14 | trajectory 159 of circuit 11 -- done
rank 2 | trajectory 49 of circuit 11 -- done
rank 12 | trajectory 171 of circuit 11 -- done
rank 19 | trajectory 82 of circuit 11 -- done
rank 12 | trajectory 95 of circuit 10 -- done
rank 11 | trajectory 112 of circuit 26 -- done
rank 24 | trajectory 10 of circuit 26 -- done
rank 22 | trajectory 25 of circuit 26 -- done
rank 23 | trajectory 3 of circuit 11 -- done
rank 3 | trajectory 43 of circuit 11 -- done
rank 17 | trajectory 29 of circuit 10 -- done
rank 25 | trajectory 90 of circuit 10 -- done
rank 9 | trajectory 9 of circuit 9 -- done
rank 23 | trajectory 122 of circuit 9 -- done
rank 15 | trajectory 43 of circuit 10 -- done
rank 9 | trajectory 72 of circuit 10 -- done
rank 14 | trajectory 178 of circuit 10 -- done
rank 18 | trajectory 51 of circuit 11 -- done
rank 8 | trajectory 185 of circuit 10 -- done
rank 0 | trajectory 2 of circuit 9 -- done
rank 18 | trajectory 137 of circuit 11 -- done
rank 20 | trajectory 72 of circuit 26 -- done
rank 0 | trajectory 13 of circuit 9 -- done
rank 7 | trajectory 15 of circuit 11 -- done
rank 13 | trajectory 181 of circuit 26 -- done
rank 19 | trajectory 116 of circuit 10 -- done
rank 9 | trajectory 22 of circuit 10 -- done
rank 23 | trajectory 169 of circuit 10 -- done
rank 25 | trajectory 48 of circuit 11 -- done
rank 15 | trajectory 129 of circuit 11 -- done
rank 1 | trajectory 192 of circuit 12 -- done
rank 17 | trajectory 11 of circuit 11 -- done
rank 19 | trajectory 114 of circuit 10 -- done
rank 16 | trajectory 117 of circuit 10 -- done
rank 22 | trajectory 83 of circuit 12 -- done
rank 8 | trajectory 67 of circuit 26 -- done
rank 21 | trajectory 118 of circuit 11 -- done
rank 19 | trajectory 53 of circuit 8 -- done
rank 11 | trajectory 94 of circuit 11 -- done
rank 3 | trajectory 89 of circuit 26 -- done
rank 1 | trajectory 56 of circuit 13 -- done
rank 17 | trajectory 129 of circuit 10 -- done
rank 5 | trajectory 130 of circuit 11 -- done
rank 20 | trajectory 87 of circuit 9 -- done
rank 17 | trajectory 13 of circuit 26 -- done
rank 0 | trajectory 57 of circuit 8 -- done
rank 17 | trajectory 140 of circuit 10 -- done
rank 14 | trajectory 109 of circuit 10 -- done
rank 7 | trajectory 103 of circuit 11 -- done
rank 16 | trajectory 18 of circuit 10 -- done
rank 18 | trajectory 62 of circuit 26 -- done
rank 12 | trajectory 146 of circuit 11 -- done
rank 9 | trajectory 172 of circuit 10 -- done
rank 24 | trajectory 138 of circuit 10 -- done
rank 15 | trajectory 132 of circuit 10 -- done
rank 20 | trajectory 19 of circuit 11 -- done
rank 22 | trajectory 68 of circuit 11 -- done
rank 19 | trajectory 16 of circuit 11 -- done
rank 22 | trajectory 40 of circuit 13 -- done
rank 17 | trajectory 56 of circuit 26 -- done
rank 13 | trajectory 93 of circuit 26 -- done
rank 5 | trajectory 102 of circuit 10 -- done
rank 19 | trajectory 176 of circuit 11 -- done
rank 22 | trajectory 186 of circuit 26 -- done
rank 21 | trajectory 72 of circuit 11 -- done
rank 1 | trajectory 27 of circuit 13 -- done
rank 22 | trajectory 81 of circuit 13 -- done
rank 23 | trajectory 164 of circuit 9 -- done
rank 22 | trajectory 172 of circuit 12 -- done
rank 5 | trajectory 183 of circuit 8 -- done
rank 7 | trajectory 130 of circuit 26 -- done
rank 17 | trajectory 26 of circuit 26 -- done
rank 21 | trajectory 169 of circuit 11 -- done
rank 1 | trajectory 57 of circuit 13 -- done
rank 17 | trajectory 168 of circuit 11 -- done
rank 1 | trajectory 123 of circuit 26 -- done
rank 7 | trajectory 120 of circuit 10 -- done
rank 7 | trajectory 192 of circuit 11 -- done
rank 15 | trajectory 61 of circuit 12 -- done
rank 14 | trajectory 74 of circuit 11 -- done
rank 24 | trajectory 190 of circuit 11 -- done
rank 24 | trajectory 179 of circuit 10 -- done
rank 18 | trajectory 124 of circuit 11 -- done
rank 3 | trajectory 138 of circuit 26 -- done
rank 9 | trajectory 25 of circuit 11 -- done
rank 15 | trajectory 64 of circuit 11 -- done
rank 12 | trajectory 39 of circuit 11 -- done
rank 2 | trajectory 154 of circuit 11 -- done
rank 4 | trajectory 78 of circuit 7 -- done
rank 3 | trajectory 85 of circuit 10 -- done
rank 4 | trajectory 153 of circuit 26 -- done
rank 20 | trajectory 30 of circuit 8 -- done
rank 0 | trajectory 131 of circuit 10 -- done
rank 22 | trajectory 72 of circuit 13 -- done
rank 24 | trajectory 41 of circuit 10 -- done
rank 23 | trajectory 43 of circuit 26 -- done
rank 20 | trajectory 107 of circuit 11 -- done
rank 19 | trajectory 172 of circuit 11 -- done
rank 16 | trajectory 148 of circuit 11 -- done
rank 25 | trajectory 73 of circuit 11 -- done
rank 4 | trajectory 66 of circuit 11 -- done
rank 16 | trajectory 108 of circuit 10 -- done
rank 13 | trajectory 55 of circuit 26 -- done
rank 11 | trajectory 104 of circuit 10 -- done
rank 11 | trajectory 78 of circuit 11 -- done
rank 21 | trajectory 152 of circuit 11 -- done
rank 11 | trajectory 9 of circuit 11 -- done
rank 15 | trajectory 178 of circuit 11 -- done
rank 15 | trajectory 104 of circuit 26 -- done
rank 6 | trajectory 156 of circuit 12 -- done
rank 2 | trajectory 54 of circuit 11 -- done
rank 23 | trajectory 10 of circuit 11 -- done
rank 15 | trajectory 76 of circuit 26 -- done
rank 9 | trajectory 167 of circuit 10 -- done
rank 16 | trajectory 34 of circuit 10 -- done
rank 16 | trajectory 8 of circuit 9 -- done
rank 11 | trajectory 181 of circuit 11 -- done
rank 15 | trajectory 148 of circuit 26 -- done
rank 8 | trajectory 65 of circuit 10 -- done
rank 1 | trajectory 86 of circuit 13 -- done
rank 15 | trajectory 56 of circuit 11 -- done
rank 3 | trajectory 143 of circuit 11 -- done
rank 15 | trajectory 6 of circuit 11 -- done
rank 18 | trajectory 107 of circuit 26 -- done
rank 6 | trajectory 82 of circuit 13 -- done
rank 12 | trajectory 36 of circuit 9 -- done
rank 7 | trajectory 31 of circuit 26 -- done
rank 6 | trajectory 57 of circuit 12 -- done
rank 11 | trajectory 161 of circuit 11 -- done
rank 13 | trajectory 125 of circuit 26 -- done
rank 14 | trajectory 6 of circuit 26 -- done
rank 20 | trajectory 79 of circuit 11 -- done
rank 22 | trajectory 147 of circuit 11 -- done
rank 24 | trajectory 145 of circuit 8 -- done
rank 15 | trajectory 127 of circuit 12 -- done
rank 6 | trajectory 79 of circuit 26 -- done
rank 2 | trajectory 60 of circuit 12 -- done
rank 12 | trajectory 111 of circuit 11 -- done
rank 21 | trajectory 188 of circuit 11 -- done
rank 17 | trajectory 185 of circuit 11 -- done
rank 12 | trajectory 44 of circuit 26 -- done
rank 21 | trajectory 33 of circuit 10 -- done
rank 23 | trajectory 112 of circuit 11 -- done
rank 2 | trajectory 137 of circuit 12 -- done
rank 6 | trajectory 99 of circuit 26 -- done
rank 15 | trajectory 146 of circuit 26 -- done
rank 1 | trajectory 45 of circuit 12 -- done
rank 13 | trajectory 164 of circuit 11 -- done
rank 8 | trajectory 20 of circuit 9 -- done
rank 6 | trajectory 54 of circuit 12 -- done
rank 2 | trajectory 127 of circuit 9 -- done
rank 15 | trajectory 111 of circuit 26 -- done
rank 25 | trajectory 133 of circuit 11 -- done
rank 14 | trajectory 49 of circuit 10 -- done
rank 15 | trajectory 119 of circuit 26 -- done
rank 25 | trajectory 17 of circuit 26 -- done
rank 10 | trajectory 17 of circuit 11 -- done
rank 18 | trajectory 100 of circuit 26 -- done
rank 2 | trajectory 149 of circuit 12 -- done
rank 14 | trajectory 127 of circuit 11 -- done
rank 7 | trajectory 134 of circuit 11 -- done
rank 17 | trajectory 147 of circuit 10 -- done
rank 15 | trajectory 47 of circuit 26 -- done
rank 9 | trajectory 39 of circuit 10 -- done
rank 2 | trajectory 119 of circuit 12 -- done
rank 2 | trajectory 139 of circuit 9 -- done
rank 7 | trajectory 109 of circuit 11 -- done
rank 13 | trajectory 145 of circuit 10 -- done
rank 7 | trajectory 65 of circuit 26 -- done
rank 17 | trajectory 157 of circuit 26 -- done
rank 14 | trajectory 124 of circuit 26 -- done
rank 24 | trajectory 99 of circuit 10 -- done
rank 14 | trajectory 50 of circuit 26 -- done
rank 16 | trajectory 70 of circuit 11 -- done
rank 2 | trajectory 71 of circuit 12 -- done
rank 13 | trajectory 73 of circuit 12 -- done
rank 21 | trajectory 59 of circuit 11 -- done
rank 6 | trajectory 129 of circuit 13 -- done
rank 18 | trajectory 40 of circuit 11 -- done
rank 16 | trajectory 48 of circuit 10 -- done
rank 14 | trajectory 79 of circuit 7 -- done
rank 2 | trajectory 130 of circuit 12 -- done
rank 1 | trajectory 101 of circuit 13 -- done
rank 12 | trajectory 122 of circuit 26 -- done
rank 19 | trajectory 71 of circuit 11 -- done
rank 18 | trajectory 106 of circuit 9 -- done
rank 12 | trajectory 106 of circuit 8 -- done
rank 13 | trajectory 103 of circuit 12 -- done
rank 11 | trajectory 60 of circuit 11 -- done
rank 13 | trajectory 46 of circuit 13 -- done
rank 16 | trajectory 83 of circuit 10 -- done
rank 25 | trajectory 62 of circuit 11 -- done
rank 15 | trajectory 51 of circuit 26 -- done
rank 11 | trajectory 149 of circuit 26 -- done
rank 23 | trajectory 160 of circuit 10 -- done
rank 4 | trajectory 117 of circuit 11 -- done
rank 25 | trajectory 37 of circuit 26 -- done
rank 19 | trajectory 134 of circuit 12 -- done
rank 19 | trajectory 140 of circuit 26 -- done
rank 19 | trajectory 163 of circuit 10 -- done
rank 3 | trajectory 110 of circuit 11 -- done
rank 5 | trajectory 38 of circuit 11 -- done
rank 5 | trajectory 169 of circuit 26 -- done
rank 25 | trajectory 55 of circuit 11 -- done
rank 6 | trajectory 173 of circuit 26 -- done
rank 13 | trajectory 42 of circuit 12 -- done
rank 7 | trajectory 11 of circuit 26 -- done
rank 19 | trajectory 185 of circuit 26 -- done
rank 6 | trajectory 22 of circuit 26 -- done
rank 2 | trajectory 84 of circuit 11 -- done
rank 13 | trajectory 132 of circuit 12 -- done
rank 2 | trajectory 64 of circuit 26 -- done
rank 25 | trajectory 84 of circuit 26 -- done
rank 6 | trajectory 174 of circuit 12 -- done
rank 13 | trajectory 47 of circuit 12 -- done
rank 25 | trajectory 7 of circuit 11 -- done
rank 18 | trajectory 128 of circuit 11 -- done
rank 20 | trajectory 97 of circuit 11 -- done
rank 10 | trajectory 10 of circuit 10 -- done
rank 2 | trajectory 166 of circuit 12 -- done
rank 11 | trajectory 69 of circuit 12 -- done
rank 20 | trajectory 132 of circuit 26 -- done
rank 7 | trajectory 98 of circuit 10 -- done
rank 17 | trajectory 4 of circuit 11 -- done
rank 17 | trajectory 61 of circuit 11 -- done
rank 19 | trajectory 128 of circuit 12 -- done
rank 5 | trajectory 41 of circuit 9 -- done
rank 18 | trajectory 35 of circuit 12 -- done
rank 18 | trajectory 53 of circuit 26 -- done
rank 4 | trajectory 119 of circuit 11 -- done
rank 5 | trajectory 136 of circuit 9 -- done
rank 21 | trajectory 15 of circuit 26 -- done
rank 9 | trajectory 32 of circuit 10 -- done
rank 7 | trajectory 190 of circuit 12 -- done
rank 5 | trajectory 162 of circuit 26 -- done
rank 1 | trajectory 79 of circuit 14 -- done
rank 18 | trajectory 86 of circuit 26 -- done
rank 18 | trajectory 97 of circuit 12 -- done
rank 19 | trajectory 168 of circuit 26 -- done
rank 25 | trajectory 126 of circuit 9 -- done
rank 1 | trajectory 125 of circuit 13 -- done
rank 5 | trajectory 29 of circuit 11 -- done
rank 6 | trajectory 164 of circuit 12 -- done
rank 25 | trajectory 147 of circuit 26 -- done
rank 8 | trajectory 113 of circuit 26 -- done
rank 0 | trajectory 52 of circuit 26 -- done
rank 4 | trajectory 113 of circuit 12 -- done
rank 5 | trajectory 105 of circuit 26 -- done
rank 22 | trajectory 176 of circuit 26 -- done
rank 11 | trajectory 15 of circuit 12 -- done
rank 16 | trajectory 42 of circuit 11 -- done
rank 8 | trajectory 2 of circuit 26 -- done
rank 20 | trajectory 59 of circuit 12 -- done
rank 13 | trajectory 112 of circuit 10 -- done
rank 23 | trajectory 13 of circuit 11 -- done
rank 1 | trajectory 109 of circuit 13 -- done
rank 21 | trajectory 136 of circuit 12 -- done
rank 24 | trajectory 142 of circuit 12 -- done
rank 24 | trajectory 165 of circuit 11 -- done
rank 17 | trajectory 115 of circuit 12 -- done
rank 3 | trajectory 182 of circuit 12 -- done
rank 16 | trajectory 162 of circuit 11 -- done
rank 0 | trajectory 40 of circuit 26 -- done
rank 16 | trajectory 151 of circuit 10 -- done
rank 15 | trajectory 172 of circuit 26 -- done
rank 0 | trajectory 31 of circuit 11 -- done
rank 6 | trajectory 83 of circuit 11 -- done
rank 12 | trajectory 162 of circuit 12 -- done
rank 10 | trajectory 91 of circuit 26 -- done
rank 9 | trajectory 120 of circuit 11 -- done
rank 17 | trajectory 78 of circuit 26 -- done
rank 10 | trajectory 32 of circuit 11 -- done
rank 13 | trajectory 124 of circuit 12 -- done
rank 3 | trajectory 101 of circuit 12 -- done
rank 22 | trajectory 49 of circuit 13 -- done
rank 10 | trajectory 166 of circuit 11 -- done
rank 18 | trajectory 159 of circuit 26 -- done
rank 15 | trajectory 108 of circuit 26 -- done
rank 15 | trajectory 180 of circuit 12 -- done
rank 18 | trajectory 90 of circuit 12 -- done
rank 3 | trajectory 161 of circuit 12 -- done
rank 6 | trajectory 12 of circuit 13 -- done
rank 17 | trajectory 135 of circuit 10 -- done
rank 12 | trajectory 161 of circuit 26 -- done
rank 17 | trajectory 191 of circuit 11 -- done
rank 3 | trajectory 139 of circuit 12 -- done
rank 16 | trajectory 23 of circuit 10 -- done
rank 10 | trajectory 61 of circuit 26 -- done
rank 25 | trajectory 67 of circuit 11 -- done
rank 23 | trajectory 9 of circuit 26 -- done
rank 23 | trajectory 131 of circuit 11 -- done
rank 17 | trajectory 95 of circuit 12 -- done
rank 16 | trajectory 99 of circuit 11 -- done
rank 13 | trajectory 151 of circuit 13 -- done
rank 0 | trajectory 92 of circuit 26 -- done
rank 16 | trajectory 191 of circuit 12 -- done
rank 3 | trajectory 49 of circuit 12 -- done
rank 0 | trajectory 167 of circuit 11 -- done
rank 14 | trajectory 45 of circuit 11 -- done
rank 14 | trajectory 65 of circuit 11 -- done
rank 24 | trajectory 39 of circuit 26 -- done
rank 25 | trajectory 23 of circuit 26 -- done
rank 24 | trajectory 95 of circuit 11 -- done
rank 0 | trajectory 163 of circuit 11 -- done
rank 3 | trajectory 179 of circuit 26 -- done
rank 9 | trajectory 121 of circuit 11 -- done
rank 25 | trajectory 166 of circuit 26 -- done
rank 12 | trajectory 117 of circuit 12 -- done
rank 20 | trajectory 94 of circuit 12 -- done
rank 12 | trajectory 133 of circuit 26 -- done
rank 23 | trajectory 38 of circuit 26 -- done
rank 11 | trajectory 167 of circuit 12 -- done
rank 4 | trajectory 173 of circuit 11 -- done
rank 8 | trajectory 130 of circuit 10 -- done
rank 11 | trajectory 110 of circuit 26 -- done
rank 14 | trajectory 96 of circuit 11 -- done
rank 2 | trajectory 135 of circuit 11 -- done
rank 4 | trajectory 7 of circuit 26 -- done
rank 18 | trajectory 88 of circuit 12 -- done
rank 4 | trajectory 70 of circuit 26 -- done
rank 25 | trajectory 74 of circuit 26 -- done
rank 4 | trajectory 86 of circuit 12 -- done
rank 6 | trajectory 65 of circuit 13 -- done
rank 5 | trajectory 178 of circuit 26 -- done
rank 21 | trajectory 177 of circuit 26 -- done
rank 23 | trajectory 28 of circuit 26 -- done
rank 7 | trajectory 154 of circuit 26 -- done
rank 24 | trajectory 36 of circuit 11 -- done
rank 19 | trajectory 184 of circuit 12 -- done
rank 23 | trajectory 187 of circuit 12 -- done
rank 1 | trajectory 156 of circuit 14 -- done
rank 8 | trajectory 44 of circuit 12 -- done
rank 17 | trajectory 151 of circuit 26 -- done
rank 23 | trajectory 92 of circuit 11 -- done
rank 20 | trajectory 182 of circuit 26 -- done
rank 20 | trajectory 163 of circuit 26 -- done
rank 17 | trajectory 79 of circuit 12 -- done
rank 4 | trajectory 16 of circuit 26 -- done
rank 3 | trajectory 20 of circuit 12 -- done
rank 16 | trajectory 104 of circuit 11 -- done
rank 19 | trajectory 137 of circuit 10 -- done
rank 15 | trajectory 137 of circuit 26 -- done
rank 1 | trajectory 16 of circuit 13 -- done
rank 25 | trajectory 38 of circuit 12 -- done
rank 25 | trajectory 180 of circuit 11 -- done
rank 16 | trajectory 80 of circuit 11 -- done
rank 16 | trajectory 68 of circuit 8 -- done
rank 17 | trajectory 7 of circuit 12 -- done
rank 7 | trajectory 2 of circuit 11 -- done
rank 7 | trajectory 88 of circuit 26 -- done
rank 6 | trajectory 179 of circuit 12 -- done
rank 19 | trajectory 101 of circuit 26 -- done
rank 13 | trajectory 119 of circuit 13 -- done
rank 11 | trajectory 3 of circuit 26 -- done
rank 13 | trajectory 65 of circuit 12 -- done
rank 4 | trajectory 122 of circuit 12 -- done
rank 21 | trajectory 77 of circuit 12 -- done
rank 25 | trajectory 165 of circuit 26 -- done
rank 18 | trajectory 46 of circuit 12 -- done
rank 2 | trajectory 160 of circuit 26 -- done
rank 24 | trajectory 183 of circuit 9 -- done
rank 10 | trajectory 122 of circuit 11 -- done
rank 0 | trajectory 128 of circuit 26 -- done
rank 5 | trajectory 20 of circuit 11 -- done
rank 20 | trajectory 112 of circuit 12 -- done
rank 8 | trajectory 136 of circuit 10 -- done
rank 22 | trajectory 90 of circuit 13 -- done
rank 4 | trajectory 52 of circuit 11 -- done
rank 9 | trajectory 34 of circuit 11 -- done
rank 1 | trajectory 38 of circuit 14 -- done
rank 22 | trajectory 117 of circuit 13 -- done
rank 0 | trajectory 3 of circuit 12 -- done
rank 4 | trajectory 34 of circuit 26 -- done
rank 20 | trajectory 189 of circuit 11 -- done
rank 0 | trajectory 18 of circuit 26 -- done
rank 13 | trajectory 35 of circuit 13 -- done
rank 19 | trajectory 167 of circuit 26 -- done
rank 5 | trajectory 84 of circuit 12 -- done
rank 10 | trajectory 141 of circuit 26 -- done
rank 5 | trajectory 58 of circuit 26 -- done
rank 14 | trajectory 170 of circuit 26 -- done
rank 14 | trajectory 180 of circuit 26 -- done
rank 0 | trajectory 108 of circuit 11 -- done
rank 16 | trajectory 142 of circuit 26 -- done
rank 19 | trajectory 144 of circuit 12 -- done
rank 3 | trajectory 183 of circuit 10 -- done
rank 6 | trajectory 138 of circuit 11 -- done
rank 10 | trajectory 4 of circuit 26 -- done
rank 9 | trajectory 91 of circuit 11 -- done
rank 2 | trajectory 41 of circuit 26 -- done
rank 11 | trajectory 121 of circuit 26 -- done
rank 16 | trajectory 75 of circuit 10 -- done
rank 11 | trajectory 153 of circuit 12 -- done
rank 11 | trajectory 126 of circuit 26 -- done
rank 4 | trajectory 92 of circuit 12 -- done
rank 3 | trajectory 111 of circuit 12 -- done
rank 23 | trajectory 34 of circuit 12 -- done
rank 16 | trajectory 71 of circuit 26 -- done
rank 22 | trajectory 43 of circuit 13 -- done
rank 10 | trajectory 118 of circuit 26 -- done
rank 8 | trajectory 155 of circuit 12 -- done
rank 5 | trajectory 68 of circuit 10 -- done
rank 10 | trajectory 44 of circuit 11 -- done
rank 22 | trajectory 125 of circuit 14 -- done
rank 7 | trajectory 67 of circuit 12 -- done
rank 21 | trajectory 129 of circuit 26 -- done
rank 15 | trajectory 159 of circuit 12 -- done
rank 19 | trajectory 94 of circuit 26 -- done
rank 0 | trajectory 145 of circuit 26 -- done
rank 22 | trajectory 111 of circuit 13 -- done
rank 8 | trajectory 85 of circuit 11 -- done
rank 12 | trajectory 186 of circuit 11 -- done
rank 2 | trajectory 87 of circuit 26 -- done
rank 9 | trajectory 97 of circuit 26 -- done
rank 3 | trajectory 106 of circuit 10 -- done
rank 20 | trajectory 116 of circuit 26 -- done
rank 11 | trajectory 147 of circuit 12 -- done
rank 4 | trajectory 40 of circuit 12 -- done
rank 8 | trajectory 150 of circuit 11 -- done
rank 18 | trajectory 14 of circuit 12 -- done
rank 7 | trajectory 83 of circuit 26 -- done
rank 14 | trajectory 165 of circuit 12 -- done
rank 21 | trajectory 12 of circuit 12 -- done
rank 20 | trajectory 150 of circuit 10 -- done
rank 20 | trajectory 69 of circuit 26 -- done
rank 25 | trajectory 151 of circuit 12 -- done
rank 24 | trajectory 81 of circuit 12 -- done
rank 16 | trajectory 182 of circuit 11 -- done
rank 24 | trajectory 21 of circuit 11 -- done
rank 10 | trajectory 110 of circuit 12 -- done
rank 4 | trajectory 109 of circuit 12 -- done
rank 23 | trajectory 174 of circuit 26 -- done
rank 0 | trajectory 76 of circuit 11 -- done
rank 6 | trajectory 176 of circuit 13 -- done
rank 1 | trajectory 100 of circuit 14 -- done
rank 10 | trajectory 98 of circuit 12 -- done
rank 25 | trajectory 1 of circuit 12 -- done
rank 0 | trajectory 117 of circuit 26 -- done
rank 19 | trajectory 91 of circuit 10 -- done
rank 9 | trajectory 35 of circuit 26 -- done
rank 20 | trajectory 102 of circuit 12 -- done
rank 23 | trajectory 6 of circuit 12 -- done
rank 22 | trajectory 5 of circuit 13 -- done
rank 11 | trajectory 49 of circuit 26 -- done
rank 23 | trajectory 150 of circuit 26 -- done
rank 23 | trajectory 51 of circuit 8 -- done
rank 10 | trajectory 175 of circuit 11 -- done
rank 24 | trajectory 5 of circuit 26 -- done
rank 24 | trajectory 91 of circuit 12 -- done
rank 19 | trajectory 173 of circuit 12 -- done
rank 10 | trajectory 45 of circuit 26 -- done
rank 14 | trajectory 75 of circuit 26 -- done
rank 1 | trajectory 29 of circuit 14 -- done
rank 3 | trajectory 121 of circuit 13 -- done
rank 0 | trajectory 29 of circuit 26 -- done
rank 15 | trajectory 190 of circuit 26 -- done
rank 0 | trajectory 181 of circuit 12 -- done
rank 8 | trajectory 17 of circuit 12 -- done
rank 25 | trajectory 127 of circuit 26 -- done
rank 0 | trajectory 32 of circuit 26 -- done
rank 16 | trajectory 57 of circuit 26 -- done
rank 5 | trajectory 48 of circuit 26 -- done
rank 19 | trajectory 85 of circuit 26 -- done
rank 6 | trajectory 170 of circuit 13 -- done
rank 19 | trajectory 157 of circuit 12 -- done
rank 5 | trajectory 46 of circuit 26 -- done
rank 23 | trajectory 95 of circuit 26 -- done
rank 7 | trajectory 115 of circuit 26 -- done
rank 24 | trajectory 136 of circuit 11 -- done
rank 13 | trajectory 14 of circuit 26 -- done
rank 1 | trajectory 24 of circuit 14 -- done
rank 5 | trajectory 154 of circuit 12 -- done
rank 20 | trajectory 99 of circuit 12 -- done
rank 7 | trajectory 184 of circuit 26 -- done
rank 3 | trajectory 30 of circuit 10 -- done
rank 11 | trajectory 132 of circuit 13 -- done
rank 10 | trajectory 139 of circuit 10 -- done
rank 11 | trajectory 83 of circuit 13 -- done
rank 9 | trajectory 82 of circuit 26 -- done
rank 1 | trajectory 47 of circuit 15 -- done
rank 21 | trajectory 120 of circuit 12 -- done
rank 19 | trajectory 178 of circuit 13 -- done
rank 9 | trajectory 28 of circuit 12 -- done
rank 10 | trajectory 143 of circuit 26 -- done
rank 18 | trajectory 27 of circuit 11 -- done
rank 25 | trajectory 169 of circuit 12 -- done
rank 18 | trajectory 69 of circuit 13 -- done
rank 20 | trajectory 24 of circuit 12 -- done
rank 21 | trajectory 175 of circuit 12 -- done
rank 9 | trajectory 175 of circuit 26 -- done
rank 8 | trajectory 141 of circuit 12 -- done
rank 6 | trajectory 85 of circuit 14 -- done
rank 14 | trajectory 144 of circuit 13 -- done
rank 1 | trajectory 137 of circuit 15 -- done
rank 10 | trajectory 80 of circuit 12 -- done
rank 5 | trajectory 18 of circuit 12 -- done
rank 16 | trajectory 78 of circuit 12 -- done
rank 18 | trajectory 28 of circuit 13 -- done
rank 21 | trajectory 63 of circuit 12 -- done
rank 16 | trajectory 131 of circuit 26 -- done
rank 0 | trajectory 154 of circuit 9 -- done
rank 11 | trajectory 32 of circuit 12 -- done
rank 2 | trajectory 30 of circuit 11 -- done
rank 5 | trajectory 145 of circuit 11 -- done
rank 21 | trajectory 163 of circuit 12 -- done
rank 1 | trajectory 78 of circuit 14 -- done
rank 17 | trajectory 99 of circuit 13 -- done
rank 1 | trajectory 160 of circuit 14 -- done
rank 6 | trajectory 98 of circuit 14 -- done
rank 21 | trajectory 19 of circuit 26 -- done
rank 1 | trajectory 2 of circuit 15 -- done
rank 9 | trajectory 158 of circuit 26 -- done
rank 19 | trajectory 141 of circuit 11 -- done
rank 14 | trajectory 89 of circuit 12 -- done
rank 16 | trajectory 85 of circuit 12 -- done
rank 16 | trajectory 116 of circuit 11 -- done
rank 8 | trajectory 105 of circuit 12 -- done
rank 14 | trajectory 19 of circuit 12 -- done
rank 7 | trajectory 10 of circuit 12 -- done
rank 10 | trajectory 1 of circuit 13 -- done
rank 16 | trajectory 153 of circuit 11 -- done
rank 6 | trajectory 113 of circuit 14 -- done
rank 4 | trajectory 90 of circuit 5 -- done
rank 15 | trajectory 133 of circuit 12 -- done
rank 8 | trajectory 176 of circuit 12 -- done
rank 23 | trajectory 152 of circuit 26 -- done
rank 23 | trajectory 177 of circuit 12 -- done
rank 15 | trajectory 48 of circuit 12 -- done
rank 20 | trajectory 120 of circuit 13 -- done
rank 12 | trajectory 13 of circuit 13 -- done
rank 11 | trajectory 102 of circuit 13 -- done
rank 4 | trajectory 33 of circuit 11 -- done
rank 16 | trajectory 144 of circuit 26 -- done
rank 6 | trajectory 180 of circuit 14 -- done
rank 10 | trajectory 29 of circuit 12 -- done
rank 25 | trajectory 171 of circuit 12 -- done
rank 3 | trajectory 60 of circuit 26 -- done
rank 23 | trajectory 125 of circuit 12 -- done
rank 6 | trajectory 190 of circuit 14 -- done
rank 3 | trajectory 31 of circuit 13 -- done
rank 19 | trajectory 66 of circuit 12 -- done
rank 24 | trajectory 75 of circuit 12 -- done
rank 4 | trajectory 104 of circuit 12 -- done
rank 7 | trajectory 59 of circuit 13 -- done
rank 4 | trajectory 15 of circuit 13 -- done
rank 8 | trajectory 118 of circuit 12 -- done
rank 15 | trajectory 140 of circuit 12 -- done
rank 25 | trajectory 170 of circuit 12 -- done
rank 24 | trajectory 186 of circuit 12 -- done
rank 22 | trajectory 41 of circuit 15 -- done
rank 11 | trajectory 22 of circuit 12 -- done
rank 22 | trajectory 107 of circuit 15 -- done
rank 23 | trajectory 189 of circuit 12 -- done
rank 10 | trajectory 73 of circuit 13 -- done
rank 22 | trajectory 173 of circuit 13 -- done
rank 14 | trajectory 23 of circuit 12 -- done
rank 25 | trajectory 52 of circuit 12 -- done
rank 13 | trajectory 10 of circuit 13 -- done
rank 8 | trajectory 126 of circuit 11 -- done
rank 17 | trajectory 66 of circuit 13 -- done
rank 5 | trajectory 179 of circuit 13 -- done
rank 19 | trajectory 2 of circuit 12 -- done
rank 18 | trajectory 21 of circuit 13 -- done
rank 20 | trajectory 185 of circuit 12 -- done
rank 22 | trajectory 187 of circuit 14 -- done
rank 2 | trajectory 61 of circuit 14 -- done
rank 11 | trajectory 43 of circuit 12 -- done
rank 19 | trajectory 18 of circuit 13 -- done
rank 16 | trajectory 190 of circuit 13 -- done
rank 17 | trajectory 37 of circuit 13 -- done
rank 7 | trajectory 20 of circuit 26 -- done
rank 10 | trajectory 160 of circuit 12 -- done
rank 0 | trajectory 103 of circuit 26 -- done
rank 18 | trajectory 96 of circuit 12 -- done
rank 7 | trajectory 180 of circuit 13 -- done
rank 16 | trajectory 123 of circuit 12 -- done
rank 5 | trajectory 36 of circuit 12 -- done
rank 4 | trajectory 74 of circuit 12 -- done
rank 21 | trajectory 97 of circuit 13 -- done
rank 16 | trajectory 82 of circuit 12 -- done
rank 15 | trajectory 36 of circuit 13 -- done
rank 21 | trajectory 108 of circuit 13 -- done
rank 6 | trajectory 136 of circuit 14 -- done
rank 6 | trajectory 1 of circuit 15 -- done
rank 19 | trajectory 143 of circuit 12 -- done
rank 4 | trajectory 2 of circuit 13 -- done
rank 19 | trajectory 24 of circuit 26 -- done
rank 3 | trajectory 105 of circuit 13 -- done
rank 4 | trajectory 77 of circuit 13 -- done
rank 3 | trajectory 45 of circuit 13 -- done
rank 19 | trajectory 27 of circuit 12 -- done
rank 9 | trajectory 100 of circuit 12 -- done
rank 0 | trajectory 191 of circuit 26 -- done
rank 10 | trajectory 96 of circuit 26 -- done
rank 21 | trajectory 84 of circuit 13 -- done
rank 12 | trajectory 166 of circuit 13 -- done
rank 0 | trajectory 116 of circuit 12 -- done
rank 11 | trajectory 87 of circuit 12 -- done
rank 18 | trajectory 184 of circuit 13 -- done
rank 21 | trajectory 187 of circuit 13 -- done
rank 8 | trajectory 158 of circuit 12 -- done
rank 18 | trajectory 89 of circuit 13 -- done
rank 0 | trajectory 4 of circuit 12 -- done
rank 5 | trajectory 165 of circuit 13 -- done
rank 12 | trajectory 104 of circuit 13 -- done
rank 17 | trajectory 41 of circuit 13 -- done
rank 0 | trajectory 109 of circuit 26 -- done
rank 21 | trajectory 170 of circuit 11 -- done
rank 7 | trajectory 86 of circuit 9 -- done
rank 12 | trajectory 79 of circuit 13 -- done
rank 13 | trajectory 131 of circuit 14 -- done
rank 22 | trajectory 114 of circuit 15 -- done
rank 13 | trajectory 123 of circuit 14 -- done
rank 6 | trajectory 121 of circuit 12 -- done
rank 16 | trajectory 126 of circuit 12 -- done
rank 2 | trajectory 94 of circuit 14 -- done
rank 11 | trajectory 122 of circuit 13 -- done
rank 12 | trajectory 135 of circuit 26 -- done
rank 20 | trajectory 93 of circuit 13 -- done
rank 16 | trajectory 51 of circuit 12 -- done
rank 9 | trajectory 53 of circuit 12 -- done
rank 11 | trajectory 70 of circuit 13 -- done
rank 1 | trajectory 23 of circuit 16 -- done
rank 13 | trajectory 183 of circuit 26 -- done
rank 11 | trajectory 146 of circuit 13 -- done
rank 9 | trajectory 31 of circuit 12 -- done
rank 2 | trajectory 121 of circuit 14 -- done
rank 8 | trajectory 167 of circuit 13 -- done
rank 9 | trajectory 8 of circuit 12 -- done
rank 22 | trajectory 80 of circuit 13 -- done
rank 10 | trajectory 87 of circuit 11 -- done
rank 17 | trajectory 48 of circuit 13 -- done
rank 17 | trajectory 155 of circuit 13 -- done
rank 15 | trajectory 33 of circuit 13 -- done
rank 9 | trajectory 62 of circuit 12 -- done
rank 2 | trajectory 44 of circuit 14 -- done
rank 15 | trajectory 52 of circuit 14 -- done
rank 24 | trajectory 146 of circuit 12 -- done
rank 10 | trajectory 149 of circuit 13 -- done
rank 8 | trajectory 107 of circuit 13 -- done
rank 17 | trajectory 38 of circuit 13 -- done
rank 24 | trajectory 13 of circuit 12 -- done
rank 8 | trajectory 33 of circuit 26 -- done
rank 11 | trajectory 85 of circuit 13 -- done
rank 24 | trajectory 9 of circuit 12 -- done
rank 0 | trajectory 88 of circuit 11 -- done
rank 4 | trajectory 71 of circuit 13 -- done
rank 16 | trajectory 54 of circuit 13 -- done
rank 8 | trajectory 129 of circuit 12 -- done
rank 17 | trajectory 68 of circuit 26 -- done
rank 6 | trajectory 39 of circuit 14 -- done
rank 18 | trajectory 22 of circuit 13 -- done
rank 5 | trajectory 131 of circuit 13 -- done
rank 4 | trajectory 110 of circuit 13 -- done
rank 20 | trajectory 156 of circuit 13 -- done
rank 22 | trajectory 19 of circuit 16 -- done
rank 19 | trajectory 39 of circuit 12 -- done
rank 10 | trajectory 126 of circuit 10 -- done
rank 10 | trajectory 192 of circuit 13 -- done
rank 13 | trajectory 143 of circuit 13 -- done
rank 23 | trajectory 178 of circuit 12 -- done
rank 21 | trajectory 140 of circuit 13 -- done
rank 25 | trajectory 157 of circuit 13 -- done
rank 8 | trajectory 100 of circuit 11 -- done
rank 1 | trajectory 74 of circuit 15 -- done
rank 21 | trajectory 39 of circuit 13 -- done
rank 24 | trajectory 118 of circuit 13 -- done
rank 17 | trajectory 136 of circuit 13 -- done
rank 25 | trajectory 51 of circuit 13 -- done
rank 4 | trajectory 91 of circuit 13 -- done
rank 6 | trajectory 182 of circuit 15 -- done
rank 7 | trajectory 183 of circuit 11 -- done
rank 13 | trajectory 116 of circuit 13 -- done
rank 9 | trajectory 188 of circuit 12 -- done
rank 18 | trajectory 19 of circuit 14 -- done
rank 15 | trajectory 32 of circuit 13 -- done
rank 24 | trajectory 181 of circuit 13 -- done
rank 2 | trajectory 52 of circuit 13 -- done
rank 21 | trajectory 134 of circuit 13 -- done
rank 20 | trajectory 26 of circuit 12 -- done
rank 9 | trajectory 60 of circuit 13 -- done
rank 1 | trajectory 108 of circuit 16 -- done
rank 25 | trajectory 141 of circuit 13 -- done
rank 19 | trajectory 26 of circuit 13 -- done
rank 9 | trajectory 108 of circuit 12 -- done
rank 5 | trajectory 115 of circuit 13 -- done
rank 20 | trajectory 130 of circuit 13 -- done
rank 7 | trajectory 89 of circuit 14 -- done
rank 18 | trajectory 165 of circuit 14 -- done
rank 24 | trajectory 29 of circuit 13 -- done
rank 24 | trajectory 128 of circuit 13 -- done
rank 24 | trajectory 185 of circuit 13 -- done
rank 0 | trajectory 70 of circuit 12 -- done
rank 10 | trajectory 163 of circuit 13 -- done
rank 4 | trajectory 98 of circuit 26 -- done
rank 0 | trajectory 24 of circuit 11 -- done
rank 8 | trajectory 80 of circuit 26 -- done
rank 9 | trajectory 150 of circuit 12 -- done
rank 4 | trajectory 174 of circuit 13 -- done
rank 18 | trajectory 74 of circuit 14 -- done
rank 2 | trajectory 118 of circuit 14 -- done
rank 15 | trajectory 147 of circuit 13 -- done
rank 1 | trajectory 133 of circuit 15 -- done
rank 5 | trajectory 95 of circuit 13 -- done
rank 22 | trajectory 73 of circuit 16 -- done
rank 7 | trajectory 100 of circuit 13 -- done
rank 14 | trajectory 88 of circuit 13 -- done
rank 10 | trajectory 34 of circuit 13 -- done
rank 6 | trajectory 104 of circuit 14 -- done
rank 15 | trajectory 128 of circuit 14 -- done
rank 15 | trajectory 120 of circuit 14 -- done
rank 2 | trajectory 123 of circuit 13 -- done
rank 6 | trajectory 184 of circuit 15 -- done
rank 9 | trajectory 168 of circuit 13 -- done
rank 21 | trajectory 55 of circuit 13 -- done
rank 14 | trajectory 14 of circuit 13 -- done
rank 22 | trajectory 156 of circuit 16 -- done
rank 3 | trajectory 95 of circuit 15 -- done
rank 19 | trajectory 62 of circuit 13 -- done
rank 5 | trajectory 98 of circuit 13 -- done
rank 1 | trajectory 163 of circuit 15 -- done
rank 13 | trajectory 58 of circuit 14 -- done
rank 22 | trajectory 169 of circuit 16 -- done
rank 19 | trajectory 150 of circuit 13 -- done
rank 5 | trajectory 164 of circuit 13 -- done
rank 25 | trajectory 159 of circuit 13 -- done
rank 21 | trajectory 103 of circuit 14 -- done
rank 21 | trajectory 75 of circuit 13 -- done
rank 0 | trajectory 133 of circuit 13 -- done
rank 10 | trajectory 23 of circuit 13 -- done
rank 7 | trajectory 94 of circuit 13 -- done
rank 3 | trajectory 90 of circuit 14 -- done
rank 17 | trajectory 103 of circuit 13 -- done
rank 9 | trajectory 160 of circuit 13 -- done
rank 14 | trajectory 11 of circuit 12 -- done
rank 13 | trajectory 141 of circuit 15 -- done
rank 12 | trajectory 64 of circuit 13 -- done
rank 13 | trajectory 88 of circuit 15 -- done
rank 13 | trajectory 150 of circuit 15 -- done
rank 24 | trajectory 114 of circuit 14 -- done
rank 14 | trajectory 119 of circuit 14 -- done
rank 11 | trajectory 40 of circuit 14 -- done
rank 11 | trajectory 166 of circuit 14 -- done
rank 2 | trajectory 148 of circuit 12 -- done
rank 13 | trajectory 122 of circuit 15 -- done
rank 24 | trajectory 175 of circuit 13 -- done
rank 16 | trajectory 106 of circuit 26 -- done
rank 20 | trajectory 169 of circuit 14 -- done
rank 23 | trajectory 26 of circuit 14 -- done
rank 7 | trajectory 25 of circuit 13 -- done
rank 12 | trajectory 47 of circuit 13 -- done
rank 12 | trajectory 88 of circuit 14 -- done
rank 23 | trajectory 188 of circuit 13 -- done
rank 23 | trajectory 31 of circuit 14 -- done
rank 4 | trajectory 154 of circuit 13 -- done
rank 20 | trajectory 172 of circuit 13 -- done
rank 7 | trajectory 44 of circuit 13 -- done
rank 21 | trajectory 172 of circuit 14 -- done
rank 5 | trajectory 3 of circuit 13 -- done
rank 23 | trajectory 5 of circuit 10 -- done
rank 17 | trajectory 8 of circuit 14 -- done
rank 17 | trajectory 112 of circuit 13 -- done
rank 17 | trajectory 109 of circuit 14 -- done
rank 16 | trajectory 66 of circuit 26 -- done
rank 6 | trajectory 191 of circuit 14 -- done
rank 13 | trajectory 160 of circuit 15 -- done
rank 25 | trajectory 114 of circuit 13 -- done
rank 7 | trajectory 106 of circuit 11 -- done
rank 6 | trajectory 62 of circuit 14 -- done
rank 16 | trajectory 91 of circuit 14 -- done
rank 17 | trajectory 74 of circuit 13 -- done
rank 19 | trajectory 28 of circuit 14 -- done
rank 25 | trajectory 182 of circuit 13 -- done
rank 17 | trajectory 106 of circuit 12 -- done
rank 15 | trajectory 115 of circuit 14 -- done
rank 3 | trajectory 188 of circuit 14 -- done
rank 18 | trajectory 108 of circuit 14 -- done
rank 14 | trajectory 175 of circuit 14 -- done
rank 15 | trajectory 131 of circuit 15 -- done
rank 12 | trajectory 152 of circuit 14 -- done
rank 2 | trajectory 76 of circuit 12 -- done
rank 14 | trajectory 148 of circuit 13 -- done
rank 4 | trajectory 80 of circuit 14 -- done
rank 5 | trajectory 153 of circuit 13 -- done
rank 19 | trajectory 161 of circuit 13 -- done
rank 12 | trajectory 86 of circuit 14 -- done
rank 4 | trajectory 169 of circuit 13 -- done
rank 21 | trajectory 192 of circuit 14 -- done
rank 19 | trajectory 42 of circuit 26 -- done
rank 25 | trajectory 8 of circuit 13 -- done
rank 22 | trajectory 181 of circuit 17 -- done
rank 0 | trajectory 53 of circuit 11 -- done
rank 3 | trajectory 56 of circuit 14 -- done
rank 22 | trajectory 165 of circuit 17 -- done
rank 11 | trajectory 73 of circuit 14 -- done
rank 18 | trajectory 150 of circuit 14 -- done
rank 22 | trajectory 133 of circuit 17 -- done
rank 11 | trajectory 93 of circuit 14 -- done
rank 7 | trajectory 47 of circuit 14 -- done
rank 5 | trajectory 6 of circuit 13 -- done
rank 22 | trajectory 61 of circuit 17 -- done
rank 6 | trajectory 93 of circuit 16 -- done
rank 8 | trajectory 37 of circuit 12 -- done
rank 0 | trajectory 16 of circuit 14 -- done
rank 2 | trajectory 105 of circuit 15 -- done
rank 13 | trajectory 156 of circuit 15 -- done
rank 5 | trajectory 158 of circuit 13 -- done
rank 22 | trajectory 55 of circuit 14 -- done
rank 8 | trajectory 7 of circuit 13 -- done
rank 23 | trajectory 142 of circuit 14 -- done
rank 1 | trajectory 36 of circuit 16 -- done
rank 11 | trajectory 20 of circuit 13 -- done
rank 1 | trajectory 10 of circuit 17 -- done
rank 6 | trajectory 168 of circuit 16 -- done
rank 0 | trajectory 58 of circuit 12 -- done
rank 13 | trajectory 63 of circuit 13 -- done
rank 24 | trajectory 17 of circuit 13 -- done
rank 2 | trajectory 33 of circuit 12 -- done
rank 6 | trajectory 151 of circuit 14 -- done
rank 12 | trajectory 21 of circuit 14 -- done
rank 22 | trajectory 35 of circuit 15 -- done
rank 5 | trajectory 133 of circuit 14 -- done
rank 3 | trajectory 97 of circuit 15 -- done
rank 2 | trajectory 36 of circuit 15 -- done
rank 20 | trajectory 9 of circuit 14 -- done
rank 25 | trajectory 181 of circuit 14 -- done
rank 24 | trajectory 177 of circuit 13 -- done
rank 16 | trajectory 76 of circuit 13 -- done
rank 17 | trajectory 17 of circuit 15 -- done
rank 8 | trajectory 56 of circuit 12 -- done
rank 18 | trajectory 48 of circuit 15 -- done
rank 21 | trajectory 186 of circuit 14 -- done
rank 21 | trajectory 43 of circuit 14 -- done
rank 10 | trajectory 66 of circuit 14 -- done
rank 22 | trajectory 56 of circuit 16 -- done
rank 15 | trajectory 99 of circuit 14 -- done
rank 14 | trajectory 4 of circuit 14 -- done
rank 6 | trajectory 19 of circuit 15 -- done
rank 9 | trajectory 171 of circuit 13 -- done
rank 22 | trajectory 74 of circuit 17 -- done
rank 10 | trajectory 78 of circuit 13 -- done
rank 21 | trajectory 32 of circuit 14 -- done
rank 17 | trajectory 63 of circuit 15 -- done
rank 19 | trajectory 51 of circuit 14 -- done
rank 14 | trajectory 64 of circuit 14 -- done
rank 6 | trajectory 166 of circuit 16 -- done
rank 6 | trajectory 60 of circuit 15 -- done
rank 6 | trajectory 139 of circuit 13 -- done
rank 23 | trajectory 101 of circuit 14 -- done
rank 12 | trajectory 24 of circuit 13 -- done
rank 12 | trajectory 68 of circuit 12 -- done
rank 23 | trajectory 23 of circuit 14 -- done
rank 2 | trajectory 65 of circuit 14 -- done
rank 6 | trajectory 152 of circuit 15 -- done
rank 7 | trajectory 164 of circuit 14 -- done
rank 22 | trajectory 116 of circuit 17 -- done
rank 13 | trajectory 153 of circuit 15 -- done
rank 25 | trajectory 96 of circuit 13 -- done
rank 24 | trajectory 161 of circuit 14 -- done
rank 7 | trajectory 152 of circuit 12 -- done
rank 6 | trajectory 73 of circuit 15 -- done
rank 7 | trajectory 12 of circuit 14 -- done
rank 25 | trajectory 174 of circuit 14 -- done
rank 7 | trajectory 53 of circuit 14 -- done
rank 4 | trajectory 159 of circuit 14 -- done
rank 15 | trajectory 79 of circuit 15 -- done
rank 17 | trajectory 117 of circuit 14 -- done
rank 8 | trajectory 183 of circuit 12 -- done
rank 4 | trajectory 95 of circuit 14 -- done
rank 9 | trajectory 189 of circuit 13 -- done
rank 9 | trajectory 19 of circuit 13 -- done
rank 5 | trajectory 69 of circuit 14 -- done
rank 20 | trajectory 15 of circuit 15 -- done
rank 4 | trajectory 182 of circuit 14 -- done
rank 25 | trajectory 21 of circuit 26 -- done
rank 21 | trajectory 71 of circuit 14 -- done
rank 20 | trajectory 113 of circuit 13 -- done
rank 21 | trajectory 139 of circuit 14 -- done
rank 24 | trajectory 135 of circuit 14 -- done
rank 19 | trajectory 50 of circuit 14 -- done
rank 25 | trajectory 34 of circuit 14 -- done
rank 18 | trajectory 132 of circuit 15 -- done
rank 7 | trajectory 146 of circuit 14 -- done
rank 3 | trajectory 39 of circuit 15 -- done
rank 19 | trajectory 162 of circuit 14 -- done
rank 9 | trajectory 127 of circuit 13 -- done
rank 11 | trajectory 25 of circuit 14 -- done
rank 4 | trajectory 87 of circuit 14 -- done
rank 7 | trajectory 170 of circuit 14 -- done
rank 16 | trajectory 157 of circuit 14 -- done
rank 24 | trajectory 67 of circuit 13 -- done
rank 15 | trajectory 5 of circuit 15 -- done
rank 18 | trajectory 176 of circuit 14 -- done
rank 7 | trajectory 155 of circuit 14 -- done
rank 18 | trajectory 42 of circuit 14 -- done
rank 7 | trajectory 76 of circuit 15 -- done
rank 4 | trajectory 167 of circuit 14 -- done
rank 0 | trajectory 171 of circuit 14 -- done
rank 12 | trajectory 50 of circuit 13 -- done
rank 10 | trajectory 135 of circuit 13 -- done
rank 6 | trajectory 106 of circuit 13 -- done
rank 13 | trajectory 79 of circuit 16 -- done
rank 9 | trajectory 87 of circuit 13 -- done
rank 10 | trajectory 76 of circuit 14 -- done
rank 25 | trajectory 54 of circuit 14 -- done
rank 7 | trajectory 61 of circuit 15 -- done
rank 14 | trajectory 37 of circuit 14 -- done
rank 1 | trajectory 96 of circuit 16 -- done
rank 23 | trajectory 48 of circuit 14 -- done
rank 9 | trajectory 138 of circuit 13 -- done
rank 24 | trajectory 154 of circuit 14 -- done
rank 10 | trajectory 184 of circuit 14 -- done
rank 4 | trajectory 147 of circuit 14 -- done
rank 10 | trajectory 82 of circuit 14 -- done
rank 20 | trajectory 14 of circuit 14 -- done
rank 1 | trajectory 167 of circuit 18 -- done
rank 23 | trajectory 158 of circuit 14 -- done
rank 6 | trajectory 81 of circuit 15 -- done
rank 19 | trajectory 112 of circuit 14 -- done
rank 1 | trajectory 171 of circuit 16 -- done
rank 11 | trajectory 144 of circuit 14 -- done
rank 2 | trajectory 68 of circuit 15 -- done
rank 22 | trajectory 120 of circuit 16 -- done
rank 6 | trajectory 53 of circuit 15 -- done
rank 12 | trajectory 58 of circuit 13 -- done
rank 7 | trajectory 55 of circuit 12 -- done
rank 2 | trajectory 132 of circuit 16 -- done
rank 12 | trajectory 168 of circuit 15 -- done
rank 24 | trajectory 84 of circuit 14 -- done
rank 15 | trajectory 191 of circuit 13 -- done
rank 3 | trajectory 92 of circuit 13 -- done
rank 17 | trajectory 71 of circuit 15 -- done
rank 22 | trajectory 160 of circuit 16 -- done
rank 20 | trajectory 101 of circuit 15 -- done
rank 18 | trajectory 44 of circuit 15 -- done
rank 22 | trajectory 91 of circuit 16 -- done
rank 12 | trajectory 61 of circuit 13 -- done
rank 12 | trajectory 176 of circuit 15 -- done
rank 6 | trajectory 145 of circuit 13 -- done
rank 21 | trajectory 57 of circuit 14 -- done
rank 1 | trajectory 145 of circuit 15 -- done
rank 6 | trajectory 185 of circuit 15 -- done
rank 18 | trajectory 119 of circuit 15 -- done
rank 20 | trajectory 148 of circuit 14 -- done
rank 2 | trajectory 187 of circuit 16 -- done
rank 13 | trajectory 56 of circuit 15 -- done
rank 23 | trajectory 22 of circuit 14 -- done
rank 6 | trajectory 13 of circuit 15 -- done
rank 4 | trajectory 5 of circuit 12 -- done
rank 22 | trajectory 129 of circuit 16 -- done
rank 25 | trajectory 97 of circuit 14 -- done
rank 8 | trajectory 142 of circuit 13 -- done
rank 1 | trajectory 9 of circuit 18 -- done
rank 8 | trajectory 124 of circuit 13 -- done
rank 5 | trajectory 10 of circuit 14 -- done
rank 1 | trajectory 13 of circuit 17 -- done
rank 6 | trajectory 32 of circuit 17 -- done
rank 2 | trajectory 67 of circuit 15 -- done
rank 4 | trajectory 89 of circuit 5 -- done
rank 1 | trajectory 122 of circuit 17 -- done
rank 0 | trajectory 114 of circuit 12 -- done
rank 14 | trajectory 27 of circuit 15 -- done
rank 10 | trajectory 16 of circuit 12 -- done
rank 16 | trajectory 67 of circuit 14 -- done
rank 16 | trajectory 145 of circuit 12 -- done
rank 9 | trajectory 92 of circuit 14 -- done
rank 25 | trajectory 18 of circuit 14 -- done
rank 3 | trajectory 38 of circuit 16 -- done
rank 10 | trajectory 7 of circuit 14 -- done
rank 22 | trajectory 57 of circuit 16 -- done
rank 18 | trajectory 161 of circuit 15 -- done
rank 25 | trajectory 49 of circuit 14 -- done
rank 17 | trajectory 72 of circuit 14 -- done
rank 14 | trajectory 3 of circuit 15 -- done
rank 7 | trajectory 16 of circuit 15 -- done
rank 23 | trajectory 137 of circuit 14 -- done
rank 17 | trajectory 138 of circuit 14 -- done
rank 4 | trajectory 180 of circuit 15 -- done
rank 1 | trajectory 71 of circuit 17 -- done
rank 13 | trajectory 13 of circuit 16 -- done
rank 14 | trajectory 149 of circuit 14 -- done
rank 7 | trajectory 102 of circuit 15 -- done
rank 24 | trajectory 4 of circuit 13 -- done
rank 2 | trajectory 186 of circuit 15 -- done
rank 17 | trajectory 163 of circuit 14 -- done
rank 21 | trajectory 69 of circuit 15 -- done
rank 10 | trajectory 30 of circuit 12 -- done
rank 1 | trajectory 157 of circuit 17 -- done
rank 1 | trajectory 67 of circuit 16 -- done
rank 14 | trajectory 52 of circuit 15 -- done
rank 6 | trajectory 14 of circuit 15 -- done
rank 15 | trajectory 10 of circuit 15 -- done
rank 24 | trajectory 8 of circuit 26 -- done
rank 0 | trajectory 135 of circuit 12 -- done
rank 11 | trajectory 117 of circuit 15 -- done
rank 6 | trajectory 140 of circuit 16 -- done
rank 25 | trajectory 134 of circuit 14 -- done
rank 23 | trajectory 41 of circuit 14 -- done
rank 10 | trajectory 129 of circuit 14 -- done
rank 11 | trajectory 189 of circuit 15 -- done
rank 16 | trajectory 1 of circuit 14 -- done
rank 21 | trajectory 174 of circuit 15 -- done
rank 0 | trajectory 153 of circuit 14 -- done
rank 18 | trajectory 130 of circuit 15 -- done
rank 21 | trajectory 191 of circuit 15 -- done
rank 18 | trajectory 116 of circuit 15 -- done
rank 13 | trajectory 102 of circuit 16 -- done
rank 1 | trajectory 169 of circuit 19 -- done
rank 21 | trajectory 159 of circuit 15 -- done
rank 8 | trajectory 11 of circuit 13 -- done
rank 15 | trajectory 181 of circuit 15 -- done
rank 9 | trajectory 27 of circuit 14 -- done
rank 15 | trajectory 179 of circuit 14 -- done
rank 19 | trajectory 177 of circuit 14 -- done
rank 13 | trajectory 6 of circuit 16 -- done
rank 17 | trajectory 9 of circuit 13 -- done
rank 6 | trajectory 147 of circuit 16 -- done
rank 11 | trajectory 162 of circuit 13 -- done
rank 2 | trajectory 172 of circuit 16 -- done
rank 19 | trajectory 33 of circuit 15 -- done
rank 16 | trajectory 185 of circuit 14 -- done
rank 10 | trajectory 2 of circuit 14 -- done
rank 5 | trajectory 5 of circuit 14 -- done
rank 5 | trajectory 172 of circuit 15 -- done
rank 22 | trajectory 46 of circuit 19 -- done
rank 0 | trajectory 106 of circuit 14 -- done
rank 3 | trajectory 148 of circuit 15 -- done
rank 22 | trajectory 93 of circuit 18 -- done
rank 18 | trajectory 94 of circuit 15 -- done
rank 2 | trajectory 151 of circuit 16 -- done
rank 6 | trajectory 45 of circuit 15 -- done
rank 0 | trajectory 126 of circuit 14 -- done
rank 6 | trajectory 88 of circuit 16 -- done
rank 19 | trajectory 129 of circuit 15 -- done
rank 20 | trajectory 18 of circuit 15 -- done
rank 13 | trajectory 51 of circuit 16 -- done
rank 21 | trajectory 51 of circuit 15 -- done
rank 2 | trajectory 66 of circuit 15 -- done
rank 4 | trajectory 35 of circuit 14 -- done
rank 19 | trajectory 3 of circuit 14 -- done
rank 11 | trajectory 157 of circuit 15 -- done
rank 22 | trajectory 162 of circuit 19 -- done
rank 9 | trajectory 59 of circuit 14 -- done
rank 0 | trajectory 45 of circuit 14 -- done
rank 0 | trajectory 107 of circuit 14 -- done
rank 19 | trajectory 171 of circuit 15 -- done
rank 18 | trajectory 12 of circuit 15 -- done
rank 6 | trajectory 150 of circuit 16 -- done
rank 10 | trajectory 46 of circuit 14 -- done
rank 12 | trajectory 65 of circuit 15 -- done
rank 9 | trajectory 81 of circuit 14 -- done
rank 3 | trajectory 124 of circuit 14 -- done
rank 24 | trajectory 178 of circuit 14 -- done
rank 23 | trajectory 109 of circuit 15 -- done
rank 23 | trajectory 86 of circuit 15 -- done
rank 8 | trajectory 83 of circuit 15 -- done
rank 15 | trajectory 155 of circuit 15 -- done
rank 7 | trajectory 124 of circuit 16 -- done
rank 18 | trajectory 8 of circuit 15 -- done
rank 21 | trajectory 126 of circuit 15 -- done
rank 2 | trajectory 125 of circuit 15 -- done
rank 20 | trajectory 6 of circuit 14 -- done
rank 7 | trajectory 82 of circuit 16 -- done
rank 3 | trajectory 158 of circuit 15 -- done
rank 2 | trajectory 59 of circuit 15 -- done
rank 13 | trajectory 44 of circuit 16 -- done
rank 25 | trajectory 137 of circuit 13 -- done
rank 21 | trajectory 127 of circuit 15 -- done
rank 23 | trajectory 111 of circuit 14 -- done
rank 21 | trajectory 99 of circuit 15 -- done
rank 12 | trajectory 143 of circuit 14 -- done
rank 17 | trajectory 70 of circuit 16 -- done
rank 14 | trajectory 13 of circuit 14 -- done
rank 21 | trajectory 179 of circuit 15 -- done
rank 10 | trajectory 147 of circuit 15 -- done
rank 7 | trajectory 111 of circuit 17 -- done
rank 0 | trajectory 132 of circuit 14 -- done
rank 11 | trajectory 115 of circuit 15 -- done
rank 0 | trajectory 127 of circuit 14 -- done
rank 22 | trajectory 92 of circuit 19 -- done
rank 3 | trajectory 37 of circuit 16 -- done
rank 23 | trajectory 173 of circuit 14 -- done
rank 1 | trajectory 12 of circuit 18 -- done
rank 8 | trajectory 75 of circuit 14 -- done
rank 5 | trajectory 93 of circuit 15 -- done
rank 2 | trajectory 11 of circuit 15 -- done
rank 14 | trajectory 100 of circuit 15 -- done
rank 12 | trajectory 62 of circuit 15 -- done
rank 22 | trajectory 62 of circuit 19 -- done
rank 19 | trajectory 152 of circuit 13 -- done
rank 21 | trajectory 148 of circuit 16 -- done
rank 5 | trajectory 4 of circuit 15 -- done
rank 21 | trajectory 112 of circuit 15 -- done
rank 10 | trajectory 50 of circuit 15 -- done
rank 21 | trajectory 146 of circuit 15 -- done
rank 22 | trajectory 167 of circuit 19 -- done
rank 4 | trajectory 75 of circuit 16 -- done
rank 17 | trajectory 175 of circuit 15 -- done
rank 1 | trajectory 112 of circuit 19 -- done
rank 4 | trajectory 139 of circuit 15 -- done
rank 19 | trajectory 25 of circuit 15 -- done
rank 1 | trajectory 150 of circuit 18 -- done
rank 2 | trajectory 159 of circuit 16 -- done
rank 6 | trajectory 56 of circuit 17 -- done
rank 2 | trajectory 45 of circuit 16 -- done
rank 2 | trajectory 138 of circuit 17 -- done
rank 24 | trajectory 24 of circuit 15 -- done
rank 23 | trajectory 60 of circuit 14 -- done
rank 8 | trajectory 110 of circuit 14 -- done
rank 12 | trajectory 53 of circuit 16 -- done
rank 17 | trajectory 111 of circuit 15 -- done
rank 6 | trajectory 77 of circuit 14 -- done
rank 24 | trajectory 110 of circuit 15 -- done
rank 25 | trajectory 72 of circuit 15 -- done
rank 4 | trajectory 189 of circuit 14 -- done
rank 23 | trajectory 121 of circuit 16 -- done
rank 0 | trajectory 105 of circuit 14 -- done
rank 11 | trajectory 190 of circuit 15 -- done
rank 23 | trajectory 46 of circuit 15 -- done
rank 25 | trajectory 142 of circuit 15 -- done
rank 3 | trajectory 126 of circuit 13 -- done
rank 6 | trajectory 123 of circuit 15 -- done
rank 25 | trajectory 82 of circuit 15 -- done
rank 15 | trajectory 31 of circuit 16 -- done
rank 1 | trajectory 161 of circuit 18 -- done
rank 1 | trajectory 63 of circuit 17 -- done
rank 5 | trajectory 7 of circuit 15 -- done
rank 17 | trajectory 69 of circuit 16 -- done
rank 1 | trajectory 113 of circuit 20 -- done
rank 5 | trajectory 134 of circuit 15 -- done
rank 13 | trajectory 104 of circuit 17 -- done
rank 20 | trajectory 127 of circuit 16 -- done
rank 1 | trajectory 53 of circuit 20 -- done
rank 5 | trajectory 59 of circuit 16 -- done
rank 10 | trajectory 185 of circuit 16 -- done
rank 25 | trajectory 42 of circuit 15 -- done
rank 14 | trajectory 167 of circuit 15 -- done
rank 2 | trajectory 169 of circuit 17 -- done
rank 17 | trajectory 64 of circuit 15 -- done
rank 17 | trajectory 154 of circuit 15 -- done
rank 10 | trajectory 77 of circuit 15 -- done
rank 17 | trajectory 42 of circuit 18 -- done
rank 1 | trajectory 90 of circuit 18 -- done
rank 10 | trajectory 92 of circuit 15 -- done
rank 0 | trajectory 130 of circuit 14 -- done
rank 23 | trajectory 116 of circuit 14 -- done
rank 1 | trajectory 103 of circuit 21 -- done
rank 14 | trajectory 9 of circuit 15 -- done
rank 1 | trajectory 85 of circuit 20 -- done
rank 4 | trajectory 29 of circuit 15 -- done
rank 6 | trajectory 186 of circuit 17 -- done
rank 14 | trajectory 183 of circuit 13 -- done
rank 17 | trajectory 40 of circuit 15 -- done
rank 13 | trajectory 81 of circuit 16 -- done
rank 16 | trajectory 20 of circuit 14 -- done
rank 22 | trajectory 159 of circuit 17 -- done
rank 5 | trajectory 192 of circuit 15 -- done
rank 15 | trajectory 57 of circuit 15 -- done
rank 23 | trajectory 102 of circuit 14 -- done
rank 18 | trajectory 117 of circuit 16 -- done
rank 18 | trajectory 4 of circuit 16 -- done
rank 11 | trajectory 89 of circuit 15 -- done
rank 25 | trajectory 144 of circuit 16 -- done
rank 20 | trajectory 43 of circuit 15 -- done
rank 1 | trajectory 105 of circuit 18 -- done
rank 1 | trajectory 92 of circuit 18 -- done
rank 20 | trajectory 135 of circuit 15 -- done
rank 2 | trajectory 112 of circuit 17 -- done
rank 1 | trajectory 98 of circuit 18 -- done
rank 12 | trajectory 165 of circuit 16 -- done
rank 1 | trajectory 159 of circuit 18 -- done
rank 9 | trajectory 96 of circuit 14 -- done
rank 19 | trajectory 32 of circuit 15 -- done
rank 18 | trajectory 7 of circuit 16 -- done
rank 2 | trajectory 37 of circuit 15 -- done
rank 20 | trajectory 8 of circuit 17 -- done
rank 22 | trajectory 142 of circuit 19 -- done
rank 2 | trajectory 39 of circuit 17 -- done
rank 10 | trajectory 169 of circuit 15 -- done
rank 22 | trajectory 98 of circuit 20 -- done
rank 0 | trajectory 23 of circuit 15 -- done
rank 11 | trajectory 170 of circuit 15 -- done
rank 5 | trajectory 146 of circuit 17 -- done
rank 13 | trajectory 187 of circuit 18 -- done
rank 14 | trajectory 162 of circuit 15 -- done
rank 20 | trajectory 124 of circuit 15 -- done
rank 8 | trajectory 128 of circuit 15 -- done
rank 21 | trajectory 61 of circuit 16 -- done
rank 11 | trajectory 97 of circuit 16 -- done
rank 16 | trajectory 168 of circuit 14 -- done
rank 1 | trajectory 14 of circuit 20 -- done
rank 15 | trajectory 24 of circuit 16 -- done
rank 14 | trajectory 53 of circuit 13 -- done
rank 16 | trajectory 140 of circuit 14 -- done
rank 6 | trajectory 162 of circuit 17 -- done
rank 20 | trajectory 158 of circuit 17 -- done
rank 18 | trajectory 180 of circuit 16 -- done
rank 2 | trajectory 6 of circuit 17 -- done
rank 22 | trajectory 33 of circuit 16 -- done
rank 23 | trajectory 136 of circuit 16 -- done
rank 17 | trajectory 90 of circuit 16 -- done
rank 1 | trajectory 126 of circuit 20 -- done
rank 15 | trajectory 17 of circuit 16 -- done
rank 9 | trajectory 118 of circuit 15 -- done
rank 20 | trajectory 190 of circuit 16 -- done
rank 8 | trajectory 103 of circuit 15 -- done
rank 1 | trajectory 65 of circuit 19 -- done
rank 1 | trajectory 95 of circuit 21 -- done
rank 4 | trajectory 120 of circuit 15 -- done
rank 2 | trajectory 43 of circuit 17 -- done
rank 9 | trajectory 6 of circuit 15 -- done
rank 14 | trajectory 154 of circuit 16 -- done
rank 17 | trajectory 58 of circuit 16 -- done
rank 8 | trajectory 15 of circuit 14 -- done
rank 19 | trajectory 10 of circuit 16 -- done
rank 5 | trajectory 186 of circuit 13 -- done
rank 13 | trajectory 147 of circuit 17 -- done
rank 18 | trajectory 167 of circuit 16 -- done
rank 6 | trajectory 110 of circuit 18 -- done
rank 2 | trajectory 22 of circuit 17 -- done
rank 13 | trajectory 20 of circuit 16 -- done
rank 7 | trajectory 29 of circuit 16 -- done
rank 21 | trajectory 83 of circuit 16 -- done
rank 8 | trajectory 151 of circuit 15 -- done
rank 8 | trajectory 70 of circuit 14 -- done
rank 23 | trajectory 80 of circuit 16 -- done
rank 12 | trajectory 52 of circuit 16 -- done
rank 8 | trajectory 168 of circuit 17 -- done
rank 13 | trajectory 40 of circuit 17 -- done
rank 25 | trajectory 12 of circuit 16 -- done
rank 20 | trajectory 122 of circuit 14 -- done
rank 19 | trajectory 122 of circuit 16 -- done
rank 12 | trajectory 14 of circuit 17 -- done
rank 5 | trajectory 11 of circuit 14 -- done
rank 17 | trajectory 101 of circuit 16 -- done
rank 6 | trajectory 5 of circuit 17 -- done
rank 11 | trajectory 138 of circuit 15 -- done
rank 14 | trajectory 40 of circuit 16 -- done
rank 11 | trajectory 127 of circuit 17 -- done
rank 23 | trajectory 16 of circuit 16 -- done
rank 1 | trajectory 46 of circuit 22 -- done
rank 15 | trajectory 85 of circuit 16 -- done
rank 11 | trajectory 151 of circuit 17 -- done
rank 24 | trajectory 98 of circuit 15 -- done
rank 15 | trajectory 109 of circuit 16 -- done
rank 20 | trajectory 188 of circuit 16 -- done
rank 23 | trajectory 90 of circuit 15 -- done
rank 21 | trajectory 137 of circuit 17 -- done
rank 12 | trajectory 155 of circuit 17 -- done
rank 5 | trajectory 113 of circuit 16 -- done
rank 19 | trajectory 8 of circuit 16 -- done
rank 21 | trajectory 153 of circuit 16 -- done
rank 6 | trajectory 120 of circuit 18 -- done
rank 3 | trajectory 50 of circuit 18 -- done
rank 7 | trajectory 191 of circuit 16 -- done
rank 14 | trajectory 41 of circuit 16 -- done
rank 15 | trajectory 65 of circuit 17 -- done
rank 25 | trajectory 64 of circuit 16 -- done
rank 22 | trajectory 18 of circuit 17 -- done
rank 22 | trajectory 174 of circuit 21 -- done
rank 10 | trajectory 130 of circuit 16 -- done
rank 19 | trajectory 108 of circuit 15 -- done
rank 7 | trajectory 177 of circuit 15 -- done
rank 18 | trajectory 59 of circuit 17 -- done
rank 7 | trajectory 188 of circuit 15 -- done
rank 18 | trajectory 178 of circuit 16 -- done
rank 23 | trajectory 62 of circuit 16 -- done
rank 13 | trajectory 72 of circuit 18 -- done
rank 1 | trajectory 55 of circuit 20 -- done
rank 1 | trajectory 51 of circuit 22 -- done
rank 22 | trajectory 112 of circuit 21 -- done
rank 18 | trajectory 24 of circuit 17 -- done
rank 25 | trajectory 152 of circuit 16 -- done
rank 7 | trajectory 71 of circuit 16 -- done
rank 12 | trajectory 38 of circuit 15 -- done
rank 13 | trajectory 136 of circuit 18 -- done
rank 7 | trajectory 104 of circuit 16 -- done
rank 7 | trajectory 28 of circuit 15 -- done
rank 17 | trajectory 21 of circuit 16 -- done
rank 17 | trajectory 144 of circuit 15 -- done
rank 13 | trajectory 108 of circuit 17 -- done
rank 25 | trajectory 5 of circuit 16 -- done
rank 24 | trajectory 49 of circuit 15 -- done
rank 3 | trajectory 64 of circuit 17 -- done
rank 6 | trajectory 33 of circuit 18 -- done
rank 8 | trajectory 63 of circuit 16 -- done
rank 14 | trajectory 111 of circuit 18 -- done
rank 7 | trajectory 19 of circuit 18 -- done
rank 3 | trajectory 35 of circuit 17 -- done
rank 10 | trajectory 131 of circuit 16 -- done
rank 14 | trajectory 123 of circuit 16 -- done
rank 25 | trajectory 161 of circuit 16 -- done
rank 5 | trajectory 15 of circuit 16 -- done
rank 1 | trajectory 31 of circuit 18 -- done
rank 25 | trajectory 125 of circuit 16 -- done
rank 3 | trajectory 134 of circuit 17 -- done
rank 2 | trajectory 110 of circuit 16 -- done
rank 14 | trajectory 42 of circuit 13 -- done
rank 3 | trajectory 25 of circuit 17 -- done
rank 2 | trajectory 20 of circuit 17 -- done
rank 8 | trajectory 18 of circuit 16 -- done
rank 16 | trajectory 149 of circuit 15 -- done
rank 1 | trajectory 181 of circuit 20 -- done
rank 13 | trajectory 75 of circuit 15 -- done
rank 22 | trajectory 144 of circuit 21 -- done
rank 13 | trajectory 182 of circuit 20 -- done
rank 9 | trajectory 55 of circuit 15 -- done
rank 24 | trajectory 47 of circuit 16 -- done
rank 6 | trajectory 27 of circuit 19 -- done
rank 10 | trajectory 43 of circuit 16 -- done
rank 12 | trajectory 153 of circuit 17 -- done
rank 18 | trajectory 11 of circuit 17 -- done
rank 9 | trajectory 187 of circuit 15 -- done
rank 3 | trajectory 177 of circuit 17 -- done
rank 22 | trajectory 44 of circuit 22 -- done
rank 9 | trajectory 26 of circuit 15 -- done
rank 23 | trajectory 76 of circuit 16 -- done
rank 13 | trajectory 82 of circuit 18 -- done
rank 17 | trajectory 85 of circuit 17 -- done
rank 3 | trajectory 1 of circuit 18 -- done
rank 13 | trajectory 177 of circuit 19 -- done
rank 21 | trajectory 28 of circuit 16 -- done
rank 12 | trajectory 78 of circuit 15 -- done
rank 10 | trajectory 164 of circuit 16 -- done
rank 18 | trajectory 172 of circuit 17 -- done
rank 14 | trajectory 105 of circuit 16 -- done
rank 18 | trajectory 123 of circuit 17 -- done
rank 12 | trajectory 48 of circuit 16 -- done
rank 12 | trajectory 94 of circuit 18 -- done
rank 11 | trajectory 77 of circuit 16 -- done
rank 7 | trajectory 7 of circuit 18 -- done
rank 23 | trajectory 162 of circuit 16 -- done
rank 22 | trajectory 31 of circuit 19 -- done
rank 20 | trajectory 179 of circuit 17 -- done
rank 17 | trajectory 126 of circuit 17 -- done
rank 2 | trajectory 32 of circuit 16 -- done
rank 15 | trajectory 101 of circuit 18 -- done
rank 2 | trajectory 184 of circuit 17 -- done
rank 14 | trajectory 97 of circuit 17 -- done
rank 8 | trajectory 179 of circuit 16 -- done
rank 22 | trajectory 154 of circuit 22 -- done
rank 16 | trajectory 25 of circuit 16 -- done
rank 13 | trajectory 23 of circuit 18 -- done
rank 1 | trajectory 107 of circuit 19 -- done
rank 6 | trajectory 37 of circuit 21 -- done
rank 24 | trajectory 50 of circuit 16 -- done
rank 14 | trajectory 70 of circuit 17 -- done
rank 20 | trajectory 83 of circuit 14 -- done
rank 25 | trajectory 176 of circuit 16 -- done
rank 7 | trajectory 128 of circuit 16 -- done
rank 12 | trajectory 49 of circuit 16 -- done
rank 8 | trajectory 39 of circuit 16 -- done
rank 12 | trajectory 3 of circuit 16 -- done
rank 16 | trajectory 184 of circuit 16 -- done
rank 13 | trajectory 159 of circuit 19 -- done
rank 8 | trajectory 87 of circuit 16 -- done
rank 22 | trajectory 130 of circuit 23 -- done
rank 4 | trajectory 103 of circuit 16 -- done
rank 22 | trajectory 67 of circuit 21 -- done
rank 14 | trajectory 22 of circuit 15 -- done
rank 4 | trajectory 1 of circuit 17 -- done
rank 9 | trajectory 178 of circuit 15 -- done
rank 0 | trajectory 143 of circuit 17 -- done
rank 11 | trajectory 134 of circuit 16 -- done
rank 14 | trajectory 121 of circuit 15 -- done
rank 3 | trajectory 5 of circuit 18 -- done
rank 9 | trajectory 21 of circuit 15 -- done
rank 12 | trajectory 99 of circuit 17 -- done
rank 1 | trajectory 190 of circuit 21 -- done
rank 1 | trajectory 146 of circuit 20 -- done
rank 5 | trajectory 156 of circuit 17 -- done
rank 9 | trajectory 68 of circuit 13 -- done
rank 12 | trajectory 175 of circuit 16 -- done
rank 0 | trajectory 149 of circuit 16 -- done
rank 13 | trajectory 165 of circuit 19 -- done
rank 13 | trajectory 118 of circuit 20 -- done
rank 24 | trajectory 19 of circuit 17 -- done
rank 5 | trajectory 63 of circuit 14 -- done
rank 22 | trajectory 143 of circuit 18 -- done
rank 23 | trajectory 155 of circuit 16 -- done
rank 5 | trajectory 173 of circuit 15 -- done
rank 20 | trajectory 91 of circuit 15 -- done
rank 17 | trajectory 10 of circuit 18 -- done
rank 17 | trajectory 52 of circuit 19 -- done
rank 21 | trajectory 131 of circuit 17 -- done
rank 0 | trajectory 14 of circuit 16 -- done
rank 3 | trajectory 12 of circuit 19 -- done
rank 15 | trajectory 143 of circuit 16 -- done
rank 6 | trajectory 84 of circuit 20 -- done
rank 1 | trajectory 158 of circuit 25 -- done
rank 0 | trajectory 111 of circuit 16 -- done
rank 8 | trajectory 91 of circuit 17 -- done
rank 7 | trajectory 107 of circuit 18 -- done
rank 13 | trajectory 61 of circuit 19 -- done
rank 17 | trajectory 137 of circuit 18 -- done
rank 16 | trajectory 31 of circuit 15 -- done
rank 9 | trajectory 116 of circuit 16 -- done
rank 23 | trajectory 113 of circuit 17 -- done
rank 24 | trajectory 58 of circuit 15 -- done
rank 0 | trajectory 158 of circuit 16 -- done
rank 1 | trajectory 127 of circuit 23 -- done
rank 20 | trajectory 21 of circuit 17 -- done
rank 18 | trajectory 41 of circuit 18 -- done
rank 0 | trajectory 1 of circuit 16 -- done
rank 9 | trajectory 104 of circuit 15 -- done
rank 0 | trajectory 35 of circuit 16 -- done
rank 9 | trajectory 84 of circuit 16 -- done
rank 11 | trajectory 123 of circuit 18 -- done
rank 18 | trajectory 182 of circuit 16 -- done
rank 22 | trajectory 29 of circuit 19 -- done
rank 21 | trajectory 155 of circuit 18 -- done
rank 24 | trajectory 80 of circuit 15 -- done
rank 10 | trajectory 40 of circuit 8 -- done
rank 9 | trajectory 164 of circuit 15 -- done
rank 6 | trajectory 43 of circuit 20 -- done
rank 2 | trajectory 51 of circuit 19 -- done
rank 14 | trajectory 17 of circuit 14 -- done
rank 23 | trajectory 141 of circuit 14 -- done
rank 19 | trajectory 72 of circuit 17 -- done
rank 18 | trajectory 120 of circuit 17 -- done
rank 5 | trajectory 22 of circuit 16 -- done
rank 14 | trajectory 184 of circuit 18 -- done
rank 4 | trajectory 107 of circuit 17 -- done
rank 20 | trajectory 28 of circuit 17 -- done
rank 9 | trajectory 152 of circuit 17 -- done
rank 7 | trajectory 85 of circuit 19 -- done
rank 2 | trajectory 104 of circuit 19 -- done
rank 0 | trajectory 84 of circuit 15 -- done
rank 11 | trajectory 171 of circuit 18 -- done
rank 1 | trajectory 139 of circuit 21 -- done
rank 21 | trajectory 158 of circuit 18 -- done
rank 24 | trajectory 76 of circuit 17 -- done
rank 18 | trajectory 105 of circuit 17 -- done
rank 15 | trajectory 67 of circuit 17 -- done
rank 21 | trajectory 121 of circuit 18 -- done
rank 12 | trajectory 188 of circuit 17 -- done
rank 9 | trajectory 140 of circuit 15 -- done
rank 23 | trajectory 140 of circuit 17 -- done
rank 13 | trajectory 135 of circuit 18 -- done
rank 22 | trajectory 124 of circuit 23 -- done
rank 16 | trajectory 165 of circuit 15 -- done
rank 4 | trajectory 192 of circuit 17 -- done
rank 4 | trajectory 133 of circuit 16 -- done
rank 25 | trajectory 146 of circuit 16 -- done
rank 0 | trajectory 54 of circuit 16 -- done
rank 20 | trajectory 27 of circuit 17 -- done
rank 19 | trajectory 98 of circuit 16 -- done
rank 16 | trajectory 139 of circuit 16 -- done
rank 19 | trajectory 73 of circuit 18 -- done
rank 1 | trajectory 189 of circuit 21 -- done
rank 9 | trajectory 75 of circuit 17 -- done
rank 22 | trajectory 161 of circuit 24 -- done
rank 22 | trajectory 9 of circuit 23 -- done
rank 15 | trajectory 112 of circuit 16 -- done
rank 23 | trajectory 78 of circuit 16 -- done
rank 9 | trajectory 86 of circuit 16 -- done
rank 22 | trajectory 39 of circuit 23 -- done
rank 25 | trajectory 132 of circuit 17 -- done
rank 24 | trajectory 46 of circuit 17 -- done
rank 10 | trajectory 144 of circuit 17 -- done
rank 2 | trajectory 182 of circuit 19 -- done
rank 1 | trajectory 64 of circuit 25 -- done
rank 17 | trajectory 39 of circuit 18 -- done
rank 24 | trajectory 20 of circuit 15 -- done
rank 17 | trajectory 51 of circuit 17 -- done
rank 7 | trajectory 114 of circuit 18 -- done
rank 13 | trajectory 21 of circuit 18 -- done
rank 5 | trajectory 96 of circuit 15 -- done
rank 1 | trajectory 3 of circuit 23 -- done
rank 22 | trajectory 84 of circuit 17 -- done
rank 9 | trajectory 66 of circuit 16 -- done
rank 3 | trajectory 88 of circuit 17 -- done
rank 19 | trajectory 83 of circuit 17 -- done
rank 19 | trajectory 103 of circuit 17 -- done
rank 1 | trajectory 80 of circuit 25 -- done
rank 13 | trajectory 89 of circuit 20 -- done
rank 0 | trajectory 41 of circuit 17 -- done
rank 16 | trajectory 141 of circuit 17 -- done
rank 25 | trajectory 186 of circuit 16 -- done
rank 20 | trajectory 137 of circuit 16 -- done
rank 6 | trajectory 70 of circuit 21 -- done
rank 6 | trajectory 59 of circuit 20 -- done
rank 14 | trajectory 78 of circuit 18 -- done
rank 11 | trajectory 17 of circuit 18 -- done
rank 1 | trajectory 143 of circuit 19 -- done
rank 20 | trajectory 34 of circuit 17 -- done
rank 7 | trajectory 185 of circuit 17 -- done
rank 17 | trajectory 87 of circuit 15 -- done
rank 6 | trajectory 117 of circuit 18 -- done
rank 23 | trajectory 33 of circuit 17 -- done
rank 18 | trajectory 78 of circuit 17 -- done
rank 22 | trajectory 191 of circuit 24 -- done
rank 6 | trajectory 2 of circuit 21 -- done
rank 15 | trajectory 38 of circuit 19 -- done
rank 22 | trajectory 8 of circuit 20 -- done
rank 16 | trajectory 92 of circuit 16 -- done
rank 17 | trajectory 186 of circuit 18 -- done
rank 15 | trajectory 72 of circuit 19 -- done
rank 11 | trajectory 191 of circuit 17 -- done
rank 0 | trajectory 9 of circuit 16 -- done
rank 10 | trajectory 113 of circuit 18 -- done
rank 25 | trajectory 36 of circuit 14 -- done
rank 22 | trajectory 12 of circuit 25 -- done
rank 8 | trajectory 174 of circuit 16 -- done
rank 15 | trajectory 82 of circuit 17 -- done
rank 4 | trajectory 11 of circuit 16 -- done
rank 2 | trajectory 56 of circuit 20 -- done
rank 14 | trajectory 81 of circuit 17 -- done
rank 13 | trajectory 185 of circuit 19 -- done
rank 15 | trajectory 34 of circuit 18 -- done
rank 12 | trajectory 103 of circuit 19 -- done
rank 0 | trajectory 33 of circuit 14 -- done
rank 15 | trajectory 141 of circuit 16 -- done
rank 3 | trajectory 99 of circuit 18 -- done
rank 22 | trajectory 121 of circuit 25 -- done
rank 18 | trajectory 71 of circuit 18 -- done
rank 6 | trajectory 72 of circuit 20 -- done
rank 25 | trajectory 99 of circuit 16 -- done
rank 25 | trajectory 94 of circuit 16 -- done
rank 23 | trajectory 52 of circuit 17 -- done
rank 6 | trajectory 118 of circuit 19 -- done
rank 14 | trajectory 29 of circuit 17 -- done
rank 15 | trajectory 126 of circuit 16 -- done
rank 18 | trajectory 188 of circuit 18 -- done
rank 21 | trajectory 9 of circuit 17 -- done
rank 11 | trajectory 129 of circuit 19 -- done
rank 24 | trajectory 164 of circuit 17 -- done
rank 17 | trajectory 2 of circuit 16 -- done
rank 5 | trajectory 42 of circuit 16 -- done
rank 20 | trajectory 145 of circuit 14 -- done
rank 17 | trajectory 125 of circuit 17 -- done
rank 6 | trajectory 155 of circuit 20 -- done
rank 0 | trajectory 77 of circuit 17 -- done
rank 24 | trajectory 89 of circuit 17 -- done
rank 18 | trajectory 175 of circuit 17 -- done
rank 2 | trajectory 116 of circuit 18 -- done
rank 18 | trajectory 95 of circuit 18 -- done
rank 24 | trajectory 139 of circuit 17 -- done
rank 23 | trajectory 94 of circuit 17 -- done
rank 1 | trajectory 33 of circuit 19 -- done
rank 24 | trajectory 55 of circuit 17 -- done
rank 25 | trajectory 130 of circuit 17 -- done
rank 22 | trajectory 76 of circuit 23 -- done
rank 14 | trajectory 83 of circuit 18 -- done
rank 25 | trajectory 47 of circuit 17 -- done
rank 13 | trajectory 16 of circuit 19 -- done
rank 19 | trajectory 132 of circuit 18 -- done
rank 23 | trajectory 2 of circuit 17 -- done
rank 8 | trajectory 41 of circuit 19 -- done
rank 25 | trajectory 154 of circuit 17 -- done
rank 25 | trajectory 3 of circuit 17 -- done
rank 16 | trajectory 114 of circuit 16 -- done
rank 24 | trajectory 27 of circuit 16 -- done
rank 0 | trajectory 65 of circuit 16 -- done
rank 22 | trajectory 146 of circuit 21 -- done
rank 25 | trajectory 128 of circuit 18 -- done
rank 10 | trajectory 100 of circuit 17 -- done
rank 24 | trajectory 100 of circuit 16 -- done
rank 24 | trajectory 113 of circuit 15 -- done
rank 4 | trajectory 190 of circuit 2 -- done
rank 21 | trajectory 154 of circuit 18 -- done
rank 7 | trajectory 95 of circuit 17 -- done
rank 1 | trajectory 76 of circuit 24 -- done
rank 13 | trajectory 152 of circuit 18 -- done
rank 18 | trajectory 15 of circuit 17 -- done
rank 7 | trajectory 136 of circuit 17 -- done
rank 22 | trajectory 4 of circuit 24 -- done
rank 13 | trajectory 78 of circuit 19 -- done
rank 5 | trajectory 170 of circuit 18 -- done
rank 0 | trajectory 42 of circuit 17 -- done
rank 10 | trajectory 12 of circuit 17 -- done
rank 6 | trajectory 133 of circuit 21 -- done
rank 13 | trajectory 162 of circuit 20 -- done
rank 13 | trajectory 33 of circuit 23 -- done
rank 24 | trajectory 170 of circuit 16 -- done
rank 1 | trajectory 37 of circuit 22 -- done
rank 16 | trajectory 174 of circuit 17 -- done
rank 3 | trajectory 93 of circuit 19 -- done
rank 1 | trajectory 153 of circuit 23 -- done
rank 18 | trajectory 38 of circuit 18 -- done
rank 18 | trajectory 192 of circuit 18 -- done
rank 1 | trajectory 44 of circuit 23 -- done
rank 1 | trajectory 22 of circuit 25 -- done
rank 6 | trajectory 41 of circuit 22 -- done
rank 22 | trajectory 82 of circuit 20 -- done
rank 1 | trajectory 129 of circuit 22 -- done
rank 25 | trajectory 30 of circuit 26 -- done
rank 13 | trajectory 169 of circuit 23 -- done
rank 15 | trajectory 89 of circuit 19 -- done
rank 22 | trajectory 45 of circuit 22 -- done
rank 11 | trajectory 148 of circuit 19 -- done
rank 11 | trajectory 139 of circuit 18 -- done
rank 4 | trajectory 23 of circuit 19 -- done
rank 21 | trajectory 30 of circuit 14 -- done
rank 9 | trajectory 176 of circuit 18 -- done
rank 22 | trajectory 179 of circuit 25 -- done
rank 23 | trajectory 171 of circuit 17 -- done
rank 6 | trajectory 95 of circuit 19 -- done
rank 14 | trajectory 157 of circuit 19 -- done
rank 16 | trajectory 64 of circuit 18 -- done
rank 13 | trajectory 107 of circuit 16 -- done
rank 20 | trajectory 177 of circuit 16 -- done
rank 5 | trajectory 150 of circuit 17 -- done
rank 14 | trajectory 112 of circuit 18 -- done
rank 19 | trajectory 170 of circuit 17 -- done
rank 24 | trajectory 166 of circuit 15 -- done
rank 2 | trajectory 152 of circuit 21 -- done
rank 11 | trajectory 183 of circuit 15 -- done
rank 3 | trajectory 87 of circuit 17 -- done
rank 17 | trajectory 14 of circuit 19 -- done
rank 18 | trajectory 158 of circuit 19 -- done
rank 18 | trajectory 70 of circuit 19 -- done
rank 10 | trajectory 54 of circuit 17 -- done
rank 4 | trajectory 165 of circuit 18 -- done
rank 9 | trajectory 95 of circuit 16 -- done
rank 3 | trajectory 76 of circuit 19 -- done
rank 17 | trajectory 172 of circuit 18 -- done
rank 19 | trajectory 182 of circuit 18 -- done
rank 18 | trajectory 50 of circuit 19 -- done
rank 5 | trajectory 129 of circuit 17 -- done
rank 12 | trajectory 137 of circuit 19 -- done
rank 24 | trajectory 60 of circuit 16 -- done
rank 24 | trajectory 68 of circuit 14 -- done
rank 6 | trajectory 171 of circuit 19 -- done
rank 19 | trajectory 175 of circuit 18 -- done
rank 10 | trajectory 142 of circuit 17 -- done
rank 11 | trajectory 86 of circuit 17 -- done
rank 15 | trajectory 135 of circuit 20 -- done
rank 2 | trajectory 24 of circuit 20 -- done
rank 12 | trajectory 76 of circuit 18 -- done
rank 7 | trajectory 17 of circuit 20 -- done
rank 7 | trajectory 74 of circuit 18 -- done
rank 22 | trajectory 6 of circuit 20 -- done
rank 23 | trajectory 79 of circuit 17 -- done
rank 3 | trajectory 91 of circuit 18 -- done
rank 7 | trajectory 64 of circuit 19 -- done
rank 13 | trajectory 167 of circuit 20 -- done
rank 22 | trajectory 94 of circuit 21 -- done
rank 9 | trajectory 70 of circuit 15 -- done
rank 10 | trajectory 62 of circuit 17 -- done
rank 9 | trajectory 30 of circuit 13 -- done
rank 17 | trajectory 110 of circuit 17 -- done
rank 8 | trajectory 160 of circuit 19 -- done
rank 5 | trajectory 140 of circuit 18 -- done
rank 4 | trajectory 69 of circuit 17 -- done
rank 0 | trajectory 101 of circuit 17 -- done
rank 1 | trajectory 166 of circuit 20 -- done
rank 17 | trajectory 32 of circuit 20 -- done
rank 22 | trajectory 36 of circuit 21 -- done
rank 18 | trajectory 45 of circuit 20 -- done
rank 6 | trajectory 192 of circuit 20 -- done
rank 4 | trajectory 100 of circuit 18 -- done
rank 13 | trajectory 126 of circuit 18 -- done
rank 22 | trajectory 185 of circuit 21 -- done
rank 7 | trajectory 73 of circuit 17 -- done
rank 5 | trajectory 45 of circuit 18 -- done
rank 10 | trajectory 119 of circuit 18 -- done
rank 12 | trajectory 144 of circuit 18 -- done
rank 16 | trajectory 189 of circuit 16 -- done
rank 15 | trajectory 165 of circuit 20 -- done
rank 20 | trajectory 46 of circuit 18 -- done
rank 12 | trajectory 124 of circuit 17 -- done
rank 15 | trajectory 88 of circuit 18 -- done
rank 8 | trajectory 189 of circuit 17 -- done
rank 3 | trajectory 102 of circuit 21 -- done
rank 0 | trajectory 55 of circuit 16 -- done
rank 5 | trajectory 142 of circuit 18 -- done
rank 6 | trajectory 114 of circuit 21 -- done
rank 1 | trajectory 61 of circuit 23 -- done
rank 11 | trajectory 142 of circuit 20 -- done
rank 18 | trajectory 147 of circuit 18 -- done
rank 20 | trajectory 160 of circuit 17 -- done
rank 6 | trajectory 40 of circuit 21 -- done
rank 6 | trajectory 42 of circuit 20 -- done
rank 23 | trajectory 53 of circuit 18 -- done
rank 3 | trajectory 130 of circuit 18 -- done
rank 20 | trajectory 176 of circuit 19 -- done
rank 16 | trajectory 167 of circuit 17 -- done
rank 3 | trajectory 19 of circuit 22 -- done
rank 13 | trajectory 148 of circuit 22 -- done
rank 5 | trajectory 40 of circuit 18 -- done
rank 21 | trajectory 102 of circuit 18 -- done
rank 0 | trajectory 138 of circuit 16 -- done
rank 21 | trajectory 178 of circuit 18 -- done
rank 11 | trajectory 135 of circuit 17 -- done
rank 9 | trajectory 148 of circuit 17 -- done
rank 19 | trajectory 69 of circuit 19 -- done
rank 18 | trajectory 36 of circuit 19 -- done
rank 17 | trajectory 83 of circuit 22 -- done
rank 23 | trajectory 191 of circuit 18 -- done
rank 16 | trajectory 119 of circuit 16 -- done
rank 13 | trajectory 154 of circuit 20 -- done
rank 19 | trajectory 31 of circuit 17 -- done
rank 10 | trajectory 28 of circuit 18 -- done
rank 11 | trajectory 6 of circuit 18 -- done
rank 22 | trajectory 79 of circuit 22 -- done
rank 8 | trajectory 60 of circuit 18 -- done
rank 25 | trajectory 124 of circuit 18 -- done
rank 1 | trajectory 6 of circuit 24 -- done
rank 14 | trajectory 141 of circuit 18 -- done
rank 10 | trajectory 138 of circuit 18 -- done
rank 12 | trajectory 16 of circuit 18 -- done
rank 23 | trajectory 24 of circuit 18 -- done
rank 20 | trajectory 92 of circuit 17 -- done
rank 18 | trajectory 110 of circuit 19 -- done
rank 8 | trajectory 115 of circuit 16 -- done
rank 21 | trajectory 37 of circuit 18 -- done
rank 12 | trajectory 183 of circuit 16 -- done
rank 19 | trajectory 58 of circuit 17 -- done
rank 14 | trajectory 153 of circuit 18 -- done
rank 17 | trajectory 60 of circuit 19 -- done
rank 9 | trajectory 48 of circuit 17 -- done
rank 4 | trajectory 32 of circuit 18 -- done
rank 8 | trajectory 40 of circuit 20 -- done
rank 22 | trajectory 42 of circuit 22 -- done
rank 23 | trajectory 180 of circuit 18 -- done
rank 24 | trajectory 57 of circuit 17 -- done
rank 1 | trajectory 136 of circuit 25 -- done
rank 13 | trajectory 97 of circuit 20 -- done
rank 4 | trajectory 157 of circuit 18 -- done
rank 8 | trajectory 36 of circuit 17 -- done
rank 7 | trajectory 32 of circuit 19 -- done
rank 13 | trajectory 87 of circuit 20 -- done
rank 16 | trajectory 96 of circuit 17 -- done
rank 12 | trajectory 140 of circuit 19 -- done
rank 23 | trajectory 81 of circuit 18 -- done
rank 6 | trajectory 127 of circuit 21 -- done
rank 25 | trajectory 89 of circuit 18 -- done
rank 13 | trajectory 24 of circuit 24 -- done
rank 7 | trajectory 38 of circuit 17 -- done
rank 20 | trajectory 149 of circuit 17 -- done
rank 13 | trajectory 100 of circuit 20 -- done
rank 7 | trajectory 149 of circuit 19 -- done
rank 1 | trajectory 32 of circuit 23 -- done
rank 0 | trajectory 47 of circuit 18 -- done
rank 4 | trajectory 163 of circuit 17 -- done
rank 10 | trajectory 26 of circuit 18 -- done
rank 23 | trajectory 115 of circuit 18 -- done
rank 18 | trajectory 58 of circuit 18 -- done
rank 14 | trajectory 143 of circuit 15 -- done
rank 7 | trajectory 18 of circuit 18 -- done
rank 25 | trajectory 70 of circuit 18 -- done
rank 4 | trajectory 81 of circuit 19 -- done
rank 16 | trajectory 50 of circuit 17 -- done
rank 16 | trajectory 45 of circuit 17 -- done
rank 18 | trajectory 166 of circuit 19 -- done
rank 2 | trajectory 175 of circuit 21 -- done
rank 23 | trajectory 65 of circuit 18 -- done
rank 5 | trajectory 139 of circuit 20 -- done
rank 7 | trajectory 54 of circuit 20 -- done
rank 11 | trajectory 2 of circuit 18 -- done
rank 10 | trajectory 3 of circuit 18 -- done
rank 6 | trajectory 119 of circuit 24 -- done
rank 6 | trajectory 169 of circuit 24 -- done
rank 18 | trajectory 54 of circuit 19 -- done
rank 6 | trajectory 17 of circuit 19 -- done
rank 6 | trajectory 49 of circuit 20 -- done
rank 7 | trajectory 117 of circuit 19 -- done
rank 7 | trajectory 148 of circuit 18 -- done
rank 21 | trajectory 80 of circuit 18 -- done
rank 0 | trajectory 161 of circuit 17 -- done
rank 13 | trajectory 178 of circuit 24 -- done
rank 4 | trajectory 128 of circuit 17 -- done
rank 18 | trajectory 26 of circuit 20 -- done
rank 8 | trajectory 19 of circuit 19 -- done
rank 23 | trajectory 190 of circuit 18 -- done
rank 12 | trajectory 90 of circuit 17 -- done
rank 18 | trajectory 157 of circuit 20 -- done
rank 23 | trajectory 104 of circuit 18 -- done
rank 12 | trajectory 131 of circuit 20 -- done
rank 18 | trajectory 141 of circuit 19 -- done
rank 13 | trajectory 80 of circuit 21 -- done
rank 12 | trajectory 84 of circuit 19 -- done
rank 1 | trajectory 68 of circuit 23 -- done
rank 9 | trajectory 135 of circuit 16 -- done
rank 21 | trajectory 5 of circuit 19 -- done
rank 12 | trajectory 29 of circuit 18 -- done
rank 24 | trajectory 53 of circuit 17 -- done
rank 15 | trajectory 122 of circuit 20 -- done
rank 21 | trajectory 25 of circuit 18 -- done
rank 15 | trajectory 158 of circuit 20 -- done
rank 24 | trajectory 180 of circuit 17 -- done
rank 13 | trajectory 83 of circuit 21 -- done
rank 6 | trajectory 116 of circuit 24 -- done
rank 5 | trajectory 24 of circuit 19 -- done
rank 7 | trajectory 153 of circuit 19 -- done
rank 17 | trajectory 169 of circuit 18 -- done
rank 3 | trajectory 75 of circuit 21 -- done
rank 6 | trajectory 148 of circuit 21 -- done
rank 8 | trajectory 98 of circuit 17 -- done
rank 3 | trajectory 11 of circuit 18 -- done
rank 11 | trajectory 98 of circuit 19 -- done
rank 25 | trajectory 88 of circuit 19 -- done
rank 18 | trajectory 133 of circuit 20 -- done
rank 13 | trajectory 106 of circuit 17 -- done
rank 6 | trajectory 21 of circuit 23 -- done
rank 13 | trajectory 110 of circuit 21 -- done
rank 7 | trajectory 6 of circuit 19 -- done
rank 9 | trajectory 77 of circuit 18 -- done
rank 7 | trajectory 143 of circuit 20 -- done
rank 8 | trajectory 46 of circuit 16 -- done
rank 7 | trajectory 160 of circuit 20 -- done
rank 9 | trajectory 74 of circuit 16 -- done
rank 4 | trajectory 17 of circuit 17 -- done
rank 14 | trajectory 95 of circuit 20 -- done
rank 2 | trajectory 136 of circuit 15 -- done
rank 11 | trajectory 131 of circuit 18 -- done
rank 20 | trajectory 142 of circuit 16 -- done
rank 15 | trajectory 49 of circuit 18 -- done
rank 23 | trajectory 100 of circuit 19 -- done
rank 5 | trajectory 109 of circuit 20 -- done
rank 12 | trajectory 179 of circuit 20 -- done
rank 19 | trajectory 124 of circuit 19 -- done
rank 0 | trajectory 120 of circuit 19 -- done
rank 6 | trajectory 159 of circuit 20 -- done
rank 24 | trajectory 43 of circuit 19 -- done
rank 0 | trajectory 115 of circuit 17 -- done
rank 0 | trajectory 34 of circuit 15 -- done
rank 14 | trajectory 185 of circuit 18 -- done
rank 19 | trajectory 79 of circuit 19 -- done
rank 20 | trajectory 80 of circuit 17 -- done
rank 22 | trajectory 150 of circuit 23 -- done
rank 25 | trajectory 109 of circuit 19 -- done
rank 12 | trajectory 15 of circuit 19 -- done
rank 25 | trajectory 156 of circuit 19 -- done
rank 11 | trajectory 80 of circuit 20 -- done
rank 11 | trajectory 176 of circuit 21 -- done
rank 16 | trajectory 49 of circuit 17 -- done
rank 14 | trajectory 18 of circuit 19 -- done
rank 8 | trajectory 82 of circuit 19 -- done
rank 24 | trajectory 133 of circuit 18 -- done
rank 18 | trajectory 125 of circuit 19 -- done
rank 5 | trajectory 108 of circuit 18 -- done
rank 21 | trajectory 48 of circuit 19 -- done
rank 14 | trajectory 31 of circuit 20 -- done
rank 24 | trajectory 37 of circuit 17 -- done
rank 14 | trajectory 151 of circuit 18 -- done
rank 23 | trajectory 127 of circuit 18 -- done
rank 2 | trajectory 181 of circuit 22 -- done
rank 1 | trajectory 18 of circuit 24 -- done
rank 12 | trajectory 23 of circuit 17 -- done
rank 21 | trajectory 115 of circuit 19 -- done
rank 9 | trajectory 156 of circuit 18 -- done
rank 25 | trajectory 164 of circuit 19 -- done
rank 5 | trajectory 137 of circuit 20 -- done
rank 19 | trajectory 189 of circuit 18 -- done
rank 14 | trajectory 69 of circuit 21 -- done
rank 17 | trajectory 75 of circuit 20 -- done
rank 16 | trajectory 183 of circuit 14 -- done
rank 21 | trajectory 40 of circuit 19 -- done
rank 20 | trajectory 86 of circuit 18 -- done
rank 12 | trajectory 59 of circuit 18 -- done
rank 24 | trajectory 66 of circuit 17 -- done
rank 5 | trajectory 121 of circuit 17 -- done
rank 3 | trajectory 157 of circuit 16 -- done
rank 6 | trajectory 161 of circuit 25 -- done
rank 2 | trajectory 103 of circuit 22 -- done
rank 16 | trajectory 84 of circuit 18 -- done
rank 23 | trajectory 54 of circuit 18 -- done
rank 14 | trajectory 36 of circuit 18 -- done
rank 9 | trajectory 117 of circuit 17 -- done
rank 11 | trajectory 67 of circuit 18 -- done
rank 6 | trajectory 100 of circuit 24 -- done
rank 2 | trajectory 91 of circuit 19 -- done
rank 19 | trajectory 130 of circuit 19 -- done
rank 3 | trajectory 117 of circuit 21 -- done
rank 2 | trajectory 50 of circuit 22 -- done
rank 17 | trajectory 149 of circuit 21 -- done
rank 0 | trajectory 79 of circuit 18 -- done
rank 15 | trajectory 84 of circuit 21 -- done
rank 15 | trajectory 15 of circuit 20 -- done
rank 24 | trajectory 62 of circuit 18 -- done
rank 2 | trajectory 10 of circuit 23 -- done
rank 4 | trajectory 164 of circuit 20 -- done
rank 22 | trajectory 184 of circuit 23 -- done
rank 4 | trajectory 9 of circuit 19 -- done
rank 2 | trajectory 162 of circuit 18 -- done
rank 8 | trajectory 109 of circuit 18 -- done
rank 6 | trajectory 10 of circuit 21 -- done
rank 4 | trajectory 152 of circuit 20 -- done
rank 10 | trajectory 22 of circuit 19 -- done
rank 24 | trajectory 132 of circuit 19 -- done
rank 2 | trajectory 158 of circuit 23 -- done
rank 2 | trajectory 176 of circuit 22 -- done
rank 10 | trajectory 181 of circuit 18 -- done
rank 4 | trajectory 138 of circuit 19 -- done
rank 6 | trajectory 163 of circuit 20 -- done
rank 19 | trajectory 34 of circuit 19 -- done
rank 5 | trajectory 171 of circuit 20 -- done
rank 6 | trajectory 36 of circuit 22 -- done
rank 6 | trajectory 52 of circuit 22 -- done
rank 2 | trajectory 133 of circuit 23 -- done
rank 12 | trajectory 37 of circuit 19 -- done
rank 8 | trajectory 154 of circuit 19 -- done
rank 8 | trajectory 9 of circuit 21 -- done
rank 5 | trajectory 28 of circuit 19 -- done
rank 15 | trajectory 171 of circuit 22 -- done
rank 1 | trajectory 48 of circuit 25 -- done
rank 19 | trajectory 30 of circuit 15 -- done
rank 9 | trajectory 134 of circuit 19 -- done
rank 19 | trajectory 160 of circuit 21 -- done
rank 3 | trajectory 191 of circuit 19 -- done
rank 13 | trajectory 70 of circuit 23 -- done
rank 11 | trajectory 175 of circuit 19 -- done
rank 0 | trajectory 192 of circuit 16 -- done
rank 7 | trajectory 34 of circuit 20 -- done
rank 17 | trajectory 127 of circuit 20 -- done
rank 4 | trajectory 57 of circuit 18 -- done
rank 15 | trajectory 35 of circuit 22 -- done
rank 23 | trajectory 19 of circuit 20 -- done
rank 15 | trajectory 14 of circuit 22 -- done
rank 3 | trajectory 172 of circuit 22 -- done
rank 7 | trajectory 178 of circuit 20 -- done
rank 4 | trajectory 30 of circuit 16 -- done
rank 19 | trajectory 186 of circuit 19 -- done
rank 18 | trajectory 57 of circuit 19 -- done
rank 16 | trajectory 155 of circuit 19 -- done
rank 3 | trajectory 141 of circuit 21 -- done
rank 13 | trajectory 69 of circuit 24 -- done
rank 18 | trajectory 191 of circuit 20 -- done
rank 21 | trajectory 54 of circuit 21 -- done
rank 2 | trajectory 143 of circuit 23 -- done
rank 12 | trajectory 67 of circuit 19 -- done
rank 12 | trajectory 55 of circuit 19 -- done
rank 23 | trajectory 68 of circuit 16 -- done
rank 15 | trajectory 9 of circuit 20 -- done
rank 13 | trajectory 7 of circuit 23 -- done
rank 19 | trajectory 86 of circuit 21 -- done
rank 25 | trajectory 121 of circuit 20 -- done
rank 8 | trajectory 188 of circuit 21 -- done
rank 6 | trajectory 149 of circuit 22 -- done
rank 25 | trajectory 63 of circuit 20 -- done
rank 24 | trajectory 85 of circuit 15 -- done
rank 13 | trajectory 94 of circuit 22 -- done
rank 20 | trajectory 173 of circuit 17 -- done
rank 5 | trajectory 160 of circuit 22 -- done
rank 8 | trajectory 4 of circuit 17 -- done
rank 5 | trajectory 122 of circuit 18 -- done
rank 19 | trajectory 181 of circuit 19 -- done
rank 23 | trajectory 7 of circuit 19 -- done
rank 13 | trajectory 95 of circuit 23 -- done
rank 1 | trajectory 8 of circuit 21 -- done
rank 20 | trajectory 52 of circuit 18 -- done
rank 12 | trajectory 191 of circuit 21 -- done
rank 23 | trajectory 56 of circuit 19 -- done
rank 23 | trajectory 18 of circuit 20 -- done
rank 15 | trajectory 81 of circuit 21 -- done
rank 20 | trajectory 105 of circuit 19 -- done
rank 24 | trajectory 16 of circuit 17 -- done
rank 2 | trajectory 93 of circuit 22 -- done
rank 9 | trajectory 15 of circuit 18 -- done
rank 9 | trajectory 146 of circuit 18 -- done
rank 21 | trajectory 135 of circuit 19 -- done
rank 12 | trajectory 116 of circuit 19 -- done
rank 0 | trajectory 168 of circuit 18 -- done
rank 6 | trajectory 16 of circuit 21 -- done
rank 6 | trajectory 11 of circuit 19 -- done
rank 23 | trajectory 74 of circuit 19 -- done
rank 19 | trajectory 47 of circuit 19 -- done
rank 1 | trajectory 30 of circuit 18 -- done
rank 3 | trajectory 137 of circuit 21 -- done
rank 6 | trajectory 124 of circuit 25 -- done
rank 14 | trajectory 160 of circuit 18 -- done
rank 5 | trajectory 114 of circuit 17 -- done
rank 16 | trajectory 187 of circuit 17 -- done
rank 17 | trajectory 45 of circuit 19 -- done
rank 4 | trajectory 184 of circuit 21 -- done
rank 22 | trajectory 13 of circuit 23 -- done
rank 17 | trajectory 44 of circuit 19 -- done
rank 0 | trajectory 166 of circuit 17 -- done
rank 3 | trajectory 81 of circuit 22 -- done
rank 2 | trajectory 15 of circuit 22 -- done
rank 24 | trajectory 26 of circuit 16 -- done
rank 9 | trajectory 149 of circuit 18 -- done
rank 6 | trajectory 61 of circuit 25 -- done
rank 21 | trajectory 13 of circuit 19 -- done
rank 7 | trajectory 48 of circuit 18 -- done
rank 21 | trajectory 47 of circuit 20 -- done
rank 13 | trajectory 92 of circuit 23 -- done
rank 0 | trajectory 129 of circuit 18 -- done
rank 12 | trajectory 134 of circuit 21 -- done
rank 9 | trajectory 44 of circuit 17 -- done
rank 11 | trajectory 8 of circuit 18 -- done
rank 16 | trajectory 103 of circuit 18 -- done
rank 16 | trajectory 170 of circuit 19 -- done
rank 9 | trajectory 85 of circuit 18 -- done
rank 24 | trajectory 121 of circuit 19 -- done
rank 7 | trajectory 43 of circuit 21 -- done
rank 6 | trajectory 46 of circuit 21 -- done
rank 12 | trajectory 180 of circuit 20 -- done
rank 13 | trajectory 12 of circuit 23 -- done
rank 5 | trajectory 54 of circuit 15 -- done
rank 7 | trajectory 35 of circuit 20 -- done
rank 23 | trajectory 130 of circuit 20 -- done
rank 12 | trajectory 187 of circuit 20 -- done
rank 12 | trajectory 92 of circuit 20 -- done
rank 12 | trajectory 147 of circuit 19 -- done
rank 7 | trajectory 127 of circuit 19 -- done
rank 17 | trajectory 46 of circuit 23 -- done
rank 13 | trajectory 19 of circuit 24 -- done
rank 3 | trajectory 74 of circuit 20 -- done
rank 8 | trajectory 122 of circuit 19 -- done
rank 22 | trajectory 109 of circuit 25 -- done
rank 7 | trajectory 116 of circuit 20 -- done
rank 7 | trajectory 166 of circuit 24 -- done
rank 3 | trajectory 9 of circuit 25 -- done
rank 23 | trajectory 57 of circuit 20 -- done
rank 11 | trajectory 192 of circuit 19 -- done
rank 24 | trajectory 65 of circuit 20 -- done
rank 20 | trajectory 56 of circuit 18 -- done
rank 18 | trajectory 168 of circuit 20 -- done
rank 7 | trajectory 79 of circuit 20 -- done
rank 15 | trajectory 41 of circuit 21 -- done
rank 8 | trajectory 66 of circuit 18 -- done
rank 23 | trajectory 63 of circuit 19 -- done
rank 15 | trajectory 161 of circuit 23 -- done
rank 6 | trajectory 130 of circuit 22 -- done
rank 6 | trajectory 157 of circuit 25 -- done
rank 7 | trajectory 57 of circuit 22 -- done
rank 10 | trajectory 156 of circuit 21 -- done
rank 8 | trajectory 69 of circuit 18 -- done
rank 13 | trajectory 96 of circuit 20 -- done
rank 18 | trajectory 56 of circuit 21 -- done
rank 11 | trajectory 140 of circuit 21 -- done
rank 19 | trajectory 106 of circuit 16 -- done
rank 4 | trajectory 41 of circuit 20 -- done
rank 13 | trajectory 53 of circuit 25 -- done
rank 1 | trajectory 66 of circuit 23 -- done
rank 25 | trajectory 178 of circuit 19 -- done
rank 5 | trajectory 177 of circuit 18 -- done
rank 19 | trajectory 148 of circuit 20 -- done
rank 14 | trajectory 34 of circuit 16 -- done
rank 21 | trajectory 182 of circuit 17 -- done
rank 24 | trajectory 96 of circuit 19 -- done
rank 14 | trajectory 125 of circuit 23 -- done
rank 11 | trajectory 163 of circuit 16 -- done
rank 4 | trajectory 44 of circuit 21 -- done
rank 9 | trajectory 166 of circuit 18 -- done
rank 21 | trajectory 116 of circuit 21 -- done
rank 19 | trajectory 131 of circuit 24 -- done
rank 15 | trajectory 80 of circuit 19 -- done
rank 19 | trajectory 115 of circuit 21 -- done
rank 5 | trajectory 1 of circuit 21 -- done
rank 13 | trajectory 139 of circuit 24 -- done
rank 6 | trajectory 101 of circuit 23 -- done
rank 4 | trajectory 36 of circuit 20 -- done
rank 21 | trajectory 20 of circuit 19 -- done
rank 20 | trajectory 23 of circuit 21 -- done
rank 13 | trajectory 192 of circuit 24 -- done
rank 7 | trajectory 112 of circuit 22 -- done
rank 25 | trajectory 4 of circuit 20 -- done
rank 11 | trajectory 188 of circuit 22 -- done
rank 17 | trajectory 188 of circuit 19 -- done
rank 13 | trajectory 62 of circuit 25 -- done
rank 2 | trajectory 124 of circuit 22 -- done
rank 2 | trajectory 114 of circuit 25 -- done
rank 5 | trajectory 168 of circuit 19 -- done
rank 21 | trajectory 76 of circuit 21 -- done
rank 3 | trajectory 34 of circuit 25 -- done
rank 16 | trajectory 156 of circuit 20 -- done
rank 19 | trajectory 67 of circuit 22 -- done
rank 5 | trajectory 99 of circuit 19 -- done
rank 2 | trajectory 17 of circuit 22 -- done
rank 21 | trajectory 157 of circuit 22 -- done
rank 20 | trajectory 108 of circuit 19 -- done
rank 18 | trajectory 136 of circuit 20 -- done
rank 22 | trajectory 126 of circuit 19 -- done
rank 23 | trajectory 134 of circuit 20 -- done
rank 25 | trajectory 190 of circuit 20 -- done
rank 13 | trajectory 29 of circuit 25 -- done
rank 16 | trajectory 26 of circuit 17 -- done
rank 6 | trajectory 29 of circuit 24 -- done
rank 9 | trajectory 14 of circuit 18 -- done
rank 22 | trajectory 104 of circuit 24 -- done
rank 9 | trajectory 174 of circuit 18 -- done
rank 11 | trajectory 95 of circuit 24 -- done
rank 14 | trajectory 102 of circuit 17 -- done
rank 23 | trajectory 184 of circuit 20 -- done
rank 11 | trajectory 29 of circuit 20 -- done
rank 20 | trajectory 125 of circuit 18 -- done
rank 21 | trajectory 107 of circuit 22 -- done
rank 22 | trajectory 145 of circuit 21 -- done
rank 15 | trajectory 192 of circuit 21 -- done
rank 3 | trajectory 115 of circuit 23 -- done
rank 15 | trajectory 2 of circuit 19 -- done
rank 13 | trajectory 129 of circuit 25 -- done
rank 20 | trajectory 73 of circuit 20 -- done
rank 7 | trajectory 51 of circuit 21 -- done
rank 13 | trajectory 34 of circuit 24 -- done
rank 15 | trajectory 91 of circuit 20 -- done
rank 20 | trajectory 90 of circuit 20 -- done
rank 4 | trajectory 60 of circuit 20 -- done
rank 4 | trajectory 115 of circuit 20 -- done
rank 23 | trajectory 182 of circuit 22 -- done
rank 2 | trajectory 115 of circuit 24 -- done
rank 18 | trajectory 75 of circuit 23 -- done
rank 10 | trajectory 27 of circuit 20 -- done
rank 19 | trajectory 102 of circuit 19 -- done
rank 25 | trajectory 65 of circuit 22 -- done
rank 21 | trajectory 161 of circuit 22 -- done
rank 3 | trajectory 133 of circuit 22 -- done
rank 9 | trajectory 50 of circuit 20 -- done
rank 16 | trajectory 43 of circuit 18 -- done
rank 20 | trajectory 53 of circuit 19 -- done
rank 13 | trajectory 15 of circuit 23 -- done
rank 24 | trajectory 162 of circuit 24 -- done
rank 22 | trajectory 106 of circuit 18 -- done
rank 13 | trajectory 120 of circuit 24 -- done
rank 25 | trajectory 13 of circuit 21 -- done
rank 18 | trajectory 140 of circuit 20 -- done
rank 9 | trajectory 24 of circuit 6 -- done
rank 12 | trajectory 93 of circuit 17 -- done
rank 9 | trajectory 106 of circuit 15 -- done
rank 15 | trajectory 95 of circuit 25 -- done
rank 21 | trajectory 180 of circuit 21 -- done
rank 2 | trajectory 189 of circuit 25 -- done
rank 10 | trajectory 35 of circuit 18 -- done
rank 20 | trajectory 51 of circuit 18 -- done
rank 18 | trajectory 99 of circuit 24 -- done
rank 2 | trajectory 165 of circuit 24 -- done
rank 12 | trajectory 26 of circuit 19 -- done
rank 22 | trajectory 119 of circuit 21 -- done
rank 15 | trajectory 139 of circuit 23 -- done
rank 3 | trajectory 186 of circuit 20 -- done
rank 9 | trajectory 184 of circuit 19 -- done
rank 20 | trajectory 32 of circuit 22 -- done
rank 23 | trajectory 124 of circuit 20 -- done
rank 15 | trajectory 110 of circuit 22 -- done
rank 21 | trajectory 151 of circuit 22 -- done
rank 19 | trajectory 63 of circuit 22 -- done
rank 12 | trajectory 4 of circuit 23 -- done
rank 17 | trajectory 62 of circuit 20 -- done
rank 4 | trajectory 39 of circuit 20 -- done
rank 9 | trajectory 4 of circuit 19 -- done
rank 12 | trajectory 33 of circuit 20 -- done
rank 21 | trajectory 2 of circuit 20 -- done
rank 17 | trajectory 24 of circuit 23 -- done
rank 0 | trajectory 11 of circuit 20 -- done
rank 8 | trajectory 25 of circuit 20 -- done
rank 6 | trajectory 66 of circuit 25 -- done
rank 7 | trajectory 1 of circuit 20 -- done
rank 2 | trajectory 58 of circuit 21 -- done
rank 10 | trajectory 154 of circuit 21 -- done
rank 15 | trajectory 78 of circuit 21 -- done
rank 3 | trajectory 27 of circuit 24 -- done
rank 4 | trajectory 97 of circuit 21 -- done
rank 12 | trajectory 145 of circuit 16 -- done
rank 12 | trajectory 177 of circuit 21 -- done
rank 14 | trajectory 161 of circuit 20 -- done
rank 18 | trajectory 118 of circuit 16 -- done
rank 25 | trajectory 93 of circuit 20 -- done
rank 25 | trajectory 102 of circuit 20 -- done
rank 4 | trajectory 76 of circuit 20 -- done
rank 5 | trajectory 155 of circuit 21 -- done
rank 15 | trajectory 54 of circuit 24 -- done
rank 21 | trajectory 82 of circuit 23 -- done
rank 11 | trajectory 19 of circuit 23 -- done
rank 0 | trajectory 75 of circuit 18 -- done
rank 14 | trajectory 47 of circuit 21 -- done
rank 13 | trajectory 26 of circuit 23 -- done
rank 11 | trajectory 187 of circuit 22 -- done
rank 20 | trajectory 63 of circuit 21 -- done
rank 10 | trajectory 174 of circuit 19 -- done
rank 18 | trajectory 173 of circuit 16 -- done
rank 17 | trajectory 25 of circuit 23 -- done
rank 21 | trajectory 124 of circuit 21 -- done
rank 8 | trajectory 152 of circuit 19 -- done
rank 2 | trajectory 77 of circuit 19 -- done
rank 2 | trajectory 81 of circuit 24 -- done
rank 5 | trajectory 74 of circuit 21 -- done
rank 18 | trajectory 163 of circuit 21 -- done
rank 0 | trajectory 97 of circuit 18 -- done
rank 10 | trajectory 74 of circuit 22 -- done
rank 2 | trajectory 78 of circuit 20 -- done
rank 9 | trajectory 42 of circuit 19 -- done
rank 12 | trajectory 10 of circuit 19 -- done
rank 15 | trajectory 27 of circuit 23 -- done
rank 19 | trajectory 111 of circuit 25 -- done
rank 23 | trajectory 117 of circuit 22 -- done
rank 16 | trajectory 101 of circuit 21 -- done
rank 13 | trajectory 137 of circuit 24 -- done
rank 0 | trajectory 86 of circuit 19 -- done
rank 7 | trajectory 172 of circuit 25 -- done
rank 2 | trajectory 155 of circuit 22 -- done
rank 20 | trajectory 17 of circuit 24 -- done
rank 19 | trajectory 119 of circuit 20 -- done
rank 16 | trajectory 179 of circuit 19 -- done
rank 0 | trajectory 113 of circuit 19 -- done
rank 4 | trajectory 48 of circuit 20 -- done
rank 14 | trajectory 99 of circuit 20 -- done
rank 0 | trajectory 123 of circuit 19 -- done
rank 16 | trajectory 133 of circuit 19 -- done
rank 21 | trajectory 56 of circuit 24 -- done
rank 13 | trajectory 171 of circuit 25 -- done
rank 18 | trajectory 187 of circuit 21 -- done
rank 16 | trajectory 63 of circuit 18 -- done
rank 0 | trajectory 71 of circuit 19 -- done
rank 20 | trajectory 77 of circuit 21 -- done
rank 5 | trajectory 81 of circuit 23 -- done
rank 21 | trajectory 22 of circuit 21 -- done
rank 14 | trajectory 129 of circuit 21 -- done
rank 9 | trajectory 109 of circuit 17 -- done
rank 17 | trajectory 50 of circuit 23 -- done
rank 4 | trajectory 118 of circuit 21 -- done
rank 13 | trajectory 66 of circuit 20 -- done
rank 7 | trajectory 147 of circuit 23 -- done
rank 2 | trajectory 96 of circuit 18 -- done
rank 17 | trajectory 177 of circuit 20 -- done
rank 4 | trajectory 3 of circuit 19 -- done
rank 16 | trajectory 173 of circuit 18 -- done
rank 19 | trajectory 151 of circuit 19 -- done
rank 0 | trajectory 118 of circuit 18 -- done
rank 4 | trajectory 61 of circuit 21 -- done
rank 6 | trajectory 132 of circuit 23 -- done
rank 18 | trajectory 171 of circuit 24 -- done
rank 20 | trajectory 159 of circuit 22 -- done
rank 15 | trajectory 103 of circuit 20 -- done
rank 16 | trajectory 178 of circuit 17 -- done
rank 16 | trajectory 138 of circuit 23 -- done
rank 17 | trajectory 96 of circuit 21 -- done
rank 7 | trajectory 23 of circuit 20 -- done
rank 11 | trajectory 1 of circuit 24 -- done
rank 13 | trajectory 22 of circuit 23 -- done
rank 16 | trajectory 134 of circuit 18 -- done
rank 12 | trajectory 98 of circuit 21 -- done
rank 4 | trajectory 188 of circuit 23 -- done
rank 3 | trajectory 41 of circuit 25 -- done
rank 12 | trajectory 169 of circuit 20 -- done
rank 7 | trajectory 167 of circuit 21 -- done
rank 25 | trajectory 20 of circuit 18 -- done
rank 18 | trajectory 131 of circuit 22 -- done
rank 16 | trajectory 38 of circuit 21 -- done
rank 3 | trajectory 47 of circuit 24 -- done
rank 11 | trajectory 174 of circuit 20 -- done
rank 5 | trajectory 47 of circuit 22 -- done
rank 12 | trajectory 120 of circuit 20 -- done
rank 2 | trajectory 1 of circuit 22 -- done
rank 6 | trajectory 92 of circuit 25 -- done
rank 15 | trajectory 28 of circuit 20 -- done
rank 3 | trajectory 135 of circuit 25 -- done
rank 11 | trajectory 164 of circuit 21 -- done
rank 11 | trajectory 185 of circuit 22 -- done
rank 16 | trajectory 172 of circuit 20 -- done
rank 1 | trajectory 117 of circuit 25 -- done
rank 25 | trajectory 112 of circuit 20 -- done
rank 5 | trajectory 132 of circuit 21 -- done
rank 17 | trajectory 146 of circuit 22 -- done
rank 3 | trajectory 155 of circuit 23 -- done
rank 19 | trajectory 127 of circuit 22 -- done
rank 24 | trajectory 90 of circuit 21 -- done
rank 18 | trajectory 169 of circuit 21 -- done
rank 7 | trajectory 13 of circuit 24 -- done
rank 10 | trajectory 99 of circuit 22 -- done
rank 3 | trajectory 82 of circuit 25 -- done
rank 11 | trajectory 24 of circuit 22 -- done
rank 6 | trajectory 3 of circuit 20 -- done
rank 20 | trajectory 111 of circuit 19 -- done
rank 14 | trajectory 176 of circuit 20 -- done
rank 24 | trajectory 74 of circuit 25 -- done
rank 12 | trajectory 75 of circuit 22 -- done
rank 9 | trajectory 79 of circuit 21 -- done
rank 3 | trajectory 55 of circuit 24 -- done
rank 0 | trajectory 136 of circuit 19 -- done
rank 17 | trajectory 179 of circuit 24 -- done
rank 17 | trajectory 152 of circuit 22 -- done
rank 24 | trajectory 15 of circuit 21 -- done
rank 2 | trajectory 170 of circuit 24 -- done
rank 14 | trajectory 60 of circuit 21 -- done
rank 11 | trajectory 7 of circuit 21 -- done
rank 18 | trajectory 121 of circuit 23 -- done
rank 13 | trajectory 189 of circuit 19 -- done
rank 15 | trajectory 170 of circuit 20 -- done
rank 22 | trajectory 141 of circuit 22 -- done
rank 6 | trajectory 122 of circuit 21 -- done
rank 12 | trajectory 8 of circuit 19 -- done
rank 14 | trajectory 104 of circuit 20 -- done
rank 24 | trajectory 184 of circuit 22 -- done
rank 13 | trajectory 128 of circuit 24 -- done
rank 5 | trajectory 44 of circuit 20 -- done
rank 4 | trajectory 116 of circuit 23 -- done
rank 5 | trajectory 88 of circuit 22 -- done
rank 3 | trajectory 178 of circuit 23 -- done
rank 11 | trajectory 33 of circuit 22 -- done
rank 15 | trajectory 1 of circuit 25 -- done
rank 24 | trajectory 1 of circuit 19 -- done
rank 11 | trajectory 107 of circuit 21 -- done
rank 4 | trajectory 12 of circuit 20 -- done
rank 18 | trajectory 101 of circuit 22 -- done
rank 9 | trajectory 5 of circuit 20 -- done
rank 19 | trajectory 149 of circuit 24 -- done
rank 9 | trajectory 94 of circuit 20 -- done
rank 0 | trajectory 179 of circuit 18 -- done
rank 7 | trajectory 182 of circuit 24 -- done
rank 24 | trajectory 125 of circuit 20 -- done
rank 21 | trajectory 105 of circuit 21 -- done
rank 19 | trajectory 165 of circuit 25 -- done
rank 9 | trajectory 131 of circuit 21 -- done
rank 16 | trajectory 44 of circuit 18 -- done
rank 4 | trajectory 46 of circuit 20 -- done
rank 17 | trajectory 105 of circuit 22 -- done
rank 24 | trajectory 77 of circuit 22 -- done
rank 18 | trajectory 183 of circuit 17 -- done
rank 12 | trajectory 150 of circuit 22 -- done
rank 2 | trajectory 108 of circuit 22 -- done
rank 8 | trajectory 24 of circuit 21 -- done
rank 11 | trajectory 48 of circuit 24 -- done
rank 5 | trajectory 52 of circuit 20 -- done
rank 0 | trajectory 81 of circuit 20 -- done
rank 14 | trajectory 164 of circuit 22 -- done
rank 20 | trajectory 55 of circuit 25 -- done
rank 1 | trajectory 175 of circuit 24 -- done
rank 25 | trajectory 87 of circuit 19 -- done
rank 20 | trajectory 48 of circuit 21 -- done
rank 17 | trajectory 190 of circuit 22 -- done
rank 23 | trajectory 71 of circuit 22 -- done
rank 21 | trajectory 160 of circuit 23 -- done
rank 10 | trajectory 108 of circuit 20 -- done
rank 3 | trajectory 170 of circuit 25 -- done
rank 0 | trajectory 49 of circuit 19 -- done
rank 21 | trajectory 90 of circuit 23 -- done
rank 15 | trajectory 116 of circuit 25 -- done
rank 6 | trajectory 172 of circuit 23 -- done
rank 25 | trajectory 43 of circuit 25 -- done
rank 25 | trajectory 185 of circuit 20 -- done
rank 7 | trajectory 84 of circuit 22 -- done
rank 4 | trajectory 65 of circuit 21 -- done
rank 9 | trajectory 93 of circuit 21 -- done
rank 13 | trajectory 71 of circuit 25 -- done
rank 21 | trajectory 86 of circuit 23 -- done
rank 25 | trajectory 39 of circuit 21 -- done
rank 5 | trajectory 118 of circuit 17 -- done
rank 4 | trajectory 58 of circuit 19 -- done
rank 25 | trajectory 104 of circuit 21 -- done
rank 7 | trajectory 187 of circuit 19 -- done
rank 8 | trajectory 5 of circuit 21 -- done
rank 17 | trajectory 23 of circuit 22 -- done
rank 5 | trajectory 166 of circuit 21 -- done
rank 12 | trajectory 22 of circuit 20 -- done
rank 21 | trajectory 21 of circuit 21 -- done
rank 8 | trajectory 51 of circuit 20 -- done
rank 25 | trajectory 92 of circuit 22 -- done
rank 18 | trajectory 154 of circuit 24 -- done
rank 2 | trajectory 131 of circuit 19 -- done
rank 5 | trajectory 128 of circuit 22 -- done
rank 4 | trajectory 31 of circuit 22 -- done
rank 18 | trajectory 190 of circuit 25 -- done
rank 15 | trajectory 53 of circuit 21 -- done
rank 18 | trajectory 77 of circuit 23 -- done
rank 21 | trajectory 73 of circuit 21 -- done
rank 17 | trajectory 33 of circuit 21 -- done
rank 20 | trajectory 62 of circuit 23 -- done
rank 3 | trajectory 144 of circuit 24 -- done
rank 18 | trajectory 29 of circuit 23 -- done
rank 7 | trajectory 181 of circuit 23 -- done
rank 16 | trajectory 30 of circuit 17 -- done
rank 18 | trajectory 43 of circuit 23 -- done
rank 15 | trajectory 94 of circuit 23 -- done
rank 2 | trajectory 102 of circuit 24 -- done
rank 15 | trajectory 68 of circuit 18 -- done
rank 11 | trajectory 56 of circuit 23 -- done
rank 2 | trajectory 82 of circuit 24 -- done
rank 21 | trajectory 125 of circuit 24 -- done
rank 13 | trajectory 8 of circuit 22 -- done
rank 19 | trajectory 13 of circuit 25 -- done
rank 23 | trajectory 168 of circuit 21 -- done
rank 23 | trajectory 20 of circuit 20 -- done
rank 2 | trajectory 21 of circuit 20 -- done
rank 16 | trajectory 128 of circuit 25 -- done
rank 18 | trajectory 60 of circuit 23 -- done
rank 19 | trajectory 180 of circuit 25 -- done
rank 6 | trajectory 89 of circuit 23 -- done
rank 8 | trajectory 22 of circuit 18 -- done
rank 2 | trajectory 179 of circuit 22 -- done
rank 21 | trajectory 143 of circuit 24 -- done
rank 11 | trajectory 31 of circuit 21 -- done
rank 18 | trajectory 85 of circuit 24 -- done
rank 10 | trajectory 84 of circuit 25 -- done
rank 23 | trajectory 119 of circuit 19 -- done
rank 3 | trajectory 129 of circuit 24 -- done
rank 6 | trajectory 160 of circuit 25 -- done
rank 12 | trajectory 159 of circuit 21 -- done
rank 18 | trajectory 144 of circuit 25 -- done
rank 21 | trajectory 10 of circuit 22 -- done
rank 8 | trajectory 34 of circuit 21 -- done
rank 16 | trajectory 166 of circuit 23 -- done
rank 19 | trajectory 90 of circuit 22 -- done
rank 17 | trajectory 108 of circuit 25 -- done
rank 10 | trajectory 151 of circuit 25 -- done
rank 17 | trajectory 19 of circuit 21 -- done
rank 9 | trajectory 139 of circuit 19 -- done
rank 12 | trajectory 158 of circuit 21 -- done
rank 3 | trajectory 103 of circuit 25 -- done
rank 15 | trajectory 186 of circuit 25 -- done
rank 13 | trajectory 134 of circuit 24 -- done
rank 10 | trajectory 117 of circuit 20 -- done
rank 8 | trajectory 132 of circuit 20 -- done
rank 9 | trajectory 73 of circuit 19 -- done
rank 8 | trajectory 120 of circuit 25 -- done
rank 25 | trajectory 173 of circuit 20 -- done
rank 20 | trajectory 66 of circuit 22 -- done
rank 2 | trajectory 40 of circuit 23 -- done
rank 15 | trajectory 50 of circuit 24 -- done
rank 19 | trajectory 89 of circuit 25 -- done
rank 6 | trajectory 115 of circuit 25 -- done
rank 7 | trajectory 92 of circuit 21 -- done
rank 0 | trajectory 151 of circuit 20 -- done
rank 21 | trajectory 35 of circuit 23 -- done
rank 18 | trajectory 138 of circuit 25 -- done
rank 17 | trajectory 118 of circuit 23 -- done
rank 21 | trajectory 91 of circuit 21 -- done
rank 12 | trajectory 164 of circuit 23 -- done
rank 5 | trajectory 174 of circuit 22 -- done
rank 0 | trajectory 7 of circuit 20 -- done
rank 9 | trajectory 161 of circuit 19 -- done
rank 11 | trajectory 52 of circuit 23 -- done
rank 23 | trajectory 15 of circuit 25 -- done
rank 15 | trajectory 184 of circuit 25 -- done
rank 12 | trajectory 102 of circuit 25 -- done
rank 4 | trajectory 155 of circuit 25 -- done
rank 10 | trajectory 48 of circuit 22 -- done
rank 5 | trajectory 135 of circuit 21 -- done
rank 2 | trajectory 7 of circuit 22 -- done
rank 16 | trajectory 152 of circuit 23 -- done
rank 24 | trajectory 82 of circuit 22 -- done
rank 5 | trajectory 117 of circuit 24 -- done
rank 21 | trajectory 98 of circuit 25 -- done
rank 19 | trajectory 138 of circuit 20 -- done
rank 25 | trajectory 184 of circuit 24 -- done
rank 24 | trajectory 172 of circuit 19 -- done
rank 9 | trajectory 80 of circuit 22 -- done
rank 10 | trajectory 97 of circuit 22 -- done
rank 3 | trajectory 147 of circuit 22 -- done
rank 23 | trajectory 172 of circuit 21 -- done
rank 15 | trajectory 90 of circuit 19 -- done
rank 21 | trajectory 149 of circuit 23 -- done
rank 25 | trajectory 85 of circuit 21 -- done
rank 19 | trajectory 136 of circuit 21 -- done
rank 10 | trajectory 150 of circuit 21 -- done
rank 25 | trajectory 177 of circuit 24 -- done
rank 18 | trajectory 2 of circuit 22 -- done
rank 0 | trajectory 78 of circuit 23 -- done
rank 23 | trajectory 129 of circuit 23 -- done
rank 8 | trajectory 164 of circuit 18 -- done
rank 4 | trajectory 56 of circuit 25 -- done
rank 20 | trajectory 68 of circuit 17 -- done
rank 15 | trajectory 151 of circuit 24 -- done
rank 0 | trajectory 74 of circuit 24 -- done
rank 0 | trajectory 25 of circuit 19 -- done
rank 18 | trajectory 80 of circuit 23 -- done
rank 14 | trajectory 101 of circuit 20 -- done
rank 22 | trajectory 65 of circuit 24 -- done
rank 2 | trajectory 8 of circuit 25 -- done
rank 8 | trajectory 26 of circuit 21 -- done
rank 18 | trajectory 91 of circuit 25 -- done
rank 23 | trajectory 114 of circuit 19 -- done
rank 20 | trajectory 191 of circuit 22 -- done
rank 8 | trajectory 86 of circuit 20 -- done
rank 14 | trajectory 108 of circuit 23 -- done
rank 12 | trajectory 25 of circuit 21 -- done
rank 9 | trajectory 83 of circuit 19 -- done
rank 13 | trajectory 11 of circuit 22 -- done
rank 7 | trajectory 87 of circuit 25 -- done
rank 11 | trajectory 111 of circuit 22 -- done
rank 0 | trajectory 37 of circuit 20 -- done
rank 14 | trajectory 179 of circuit 21 -- done
rank 4 | trajectory 53 of circuit 23 -- done
rank 15 | trajectory 154 of circuit 23 -- done
rank 16 | trajectory 86 of circuit 22 -- done
rank 0 | trajectory 182 of circuit 21 -- done
rank 16 | trajectory 60 of circuit 17 -- done
rank 18 | trajectory 72 of circuit 25 -- done
rank 12 | trajectory 110 of circuit 20 -- done
rank 16 | trajectory 105 of circuit 24 -- done
rank 15 | trajectory 138 of circuit 24 -- done
rank 4 | trajectory 148 of circuit 24 -- done
rank 23 | trajectory 72 of circuit 22 -- done
rank 0 | trajectory 61 of circuit 20 -- done
rank 25 | trajectory 75 of circuit 19 -- done
rank 11 | trajectory 55 of circuit 23 -- done
rank 23 | trajectory 110 of circuit 23 -- done
rank 25 | trajectory 91 of circuit 22 -- done
rank 18 | trajectory 10 of circuit 25 -- done
rank 22 | trajectory 20 of circuit 25 -- done
rank 8 | trajectory 137 of circuit 25 -- done
rank 8 | trajectory 89 of circuit 24 -- done
rank 4 | trajectory 123 of circuit 21 -- done
rank 20 | trajectory 2 of circuit 24 -- done
rank 21 | trajectory 144 of circuit 22 -- done
rank 10 | trajectory 5 of circuit 23 -- done
rank 15 | trajectory 26 of circuit 24 -- done
rank 12 | trajectory 46 of circuit 25 -- done
rank 3 | trajectory 166 of circuit 25 -- done
rank 11 | trajectory 113 of circuit 24 -- done
rank 9 | trajectory 141 of circuit 20 -- done
rank 20 | trajectory 39 of circuit 24 -- done
rank 18 | trajectory 55 of circuit 22 -- done
rank 5 | trajectory 112 of circuit 24 -- done
rank 18 | trajectory 139 of circuit 22 -- done
rank 25 | trajectory 189 of circuit 23 -- done
rank 11 | trajectory 133 of circuit 25 -- done
rank 11 | trajectory 109 of circuit 23 -- done
rank 9 | trajectory 13 of circuit 20 -- done
rank 24 | trajectory 168 of circuit 22 -- done
rank 8 | trajectory 88 of circuit 21 -- done
rank 11 | trajectory 71 of circuit 21 -- done
rank 14 | trajectory 7 of circuit 17 -- done
rank 0 | trajectory 93 of circuit 24 -- done
rank 7 | trajectory 141 of circuit 25 -- done
rank 11 | trajectory 38 of circuit 23 -- done
rank 4 | trajectory 93 of circuit 25 -- done
rank 25 | trajectory 66 of circuit 21 -- done
rank 9 | trajectory 163 of circuit 18 -- done
rank 17 | trajectory 98 of circuit 23 -- done
rank 21 | trajectory 100 of circuit 21 -- done
rank 0 | trajectory 69 of circuit 22 -- done
rank 24 | trajectory 104 of circuit 25 -- done
rank 18 | trajectory 143 of circuit 25 -- done
rank 13 | trajectory 133 of circuit 24 -- done
rank 20 | trajectory 70 of circuit 20 -- done
rank 5 | trajectory 71 of circuit 24 -- done
rank 11 | trajectory 61 of circuit 22 -- done
rank 24 | trajectory 79 of circuit 24 -- done
rank 25 | trajectory 108 of circuit 21 -- done
rank 4 | trajectory 176 of circuit 24 -- done
rank 19 | trajectory 88 of circuit 25 -- done
rank 4 | trajectory 137 of circuit 23 -- done
rank 11 | trajectory 91 of circuit 24 -- done
rank 8 | trajectory 43 of circuit 22 -- done
rank 16 | trajectory 73 of circuit 22 -- done
rank 8 | trajectory 55 of circuit 18 -- done
rank 2 | trajectory 72 of circuit 24 -- done
rank 4 | trajectory 45 of circuit 23 -- done
rank 14 | trajectory 72 of circuit 23 -- done
rank 11 | trajectory 84 of circuit 23 -- done
rank 14 | trajectory 38 of circuit 25 -- done
rank 25 | trajectory 22 of circuit 24 -- done
rank 24 | trajectory 192 of circuit 25 -- done
rank 9 | trajectory 144 of circuit 19 -- done
rank 7 | trajectory 156 of circuit 23 -- done
rank 5 | trajectory 26 of circuit 22 -- done
rank 3 | trajectory 168 of circuit 25 -- done
rank 0 | trajectory 66 of circuit 19 -- done
rank 23 | trajectory 58 of circuit 22 -- done
rank 12 | trajectory 69 of circuit 20 -- done
rank 18 | trajectory 153 of circuit 24 -- done
rank 0 | trajectory 73 of circuit 23 -- done
rank 24 | trajectory 120 of circuit 22 -- done
rank 14 | trajectory 58 of circuit 20 -- done
rank 24 | trajectory 35 of circuit 21 -- done
rank 23 | trajectory 39 of circuit 22 -- done
rank 16 | trajectory 89 of circuit 21 -- done
rank 9 | trajectory 180 of circuit 19 -- done
rank 14 | trajectory 94 of circuit 25 -- done
rank 18 | trajectory 142 of circuit 23 -- done
rank 9 | trajectory 64 of circuit 22 -- done
rank 3 | trajectory 146 of circuit 25 -- done
rank 10 | trajectory 178 of circuit 21 -- done
rank 25 | trajectory 50 of circuit 21 -- done
rank 17 | trajectory 34 of circuit 22 -- done
rank 18 | trajectory 164 of circuit 24 -- done
rank 14 | trajectory 1 of circuit 23 -- done
rank 5 | trajectory 123 of circuit 24 -- done
rank 21 | trajectory 3 of circuit 25 -- done
rank 18 | trajectory 146 of circuit 24 -- done
rank 4 | trajectory 51 of circuit 24 -- done
rank 20 | trajectory 138 of circuit 21 -- done
rank 20 | trajectory 128 of circuit 23 -- done
rank 17 | trajectory 148 of circuit 23 -- done
rank 2 | trajectory 167 of circuit 22 -- done
rank 7 | trajectory 173 of circuit 22 -- done
rank 4 | trajectory 132 of circuit 25 -- done
rank 25 | trajectory 168 of circuit 24 -- done
rank 17 | trajectory 31 of circuit 24 -- done
rank 19 | trajectory 110 of circuit 25 -- done
rank 15 | trajectory 73 of circuit 25 -- done
rank 16 | trajectory 113 of circuit 22 -- done
rank 18 | trajectory 64 of circuit 24 -- done
rank 7 | trajectory 37 of circuit 24 -- done
rank 20 | trajectory 123 of circuit 23 -- done
rank 12 | trajectory 170 of circuit 21 -- done
rank 19 | trajectory 154 of circuit 25 -- done
rank 20 | trajectory 134 of circuit 22 -- done
rank 17 | trajectory 3 of circuit 22 -- done
rank 9 | trajectory 143 of circuit 22 -- done
rank 23 | trajectory 128 of circuit 21 -- done
rank 21 | trajectory 17 of circuit 25 -- done
rank 19 | trajectory 121 of circuit 24 -- done
rank 13 | trajectory 111 of circuit 23 -- done
rank 14 | trajectory 25 of circuit 22 -- done
rank 24 | trajectory 189 of circuit 20 -- done
rank 18 | trajectory 177 of circuit 25 -- done
rank 5 | trajectory 51 of circuit 23 -- done
rank 8 | trajectory 52 of circuit 21 -- done
rank 3 | trajectory 44 of circuit 24 -- done
rank 8 | trajectory 123 of circuit 20 -- done
rank 8 | trajectory 153 of circuit 20 -- done
rank 23 | trajectory 151 of circuit 23 -- done
rank 4 | trajectory 88 of circuit 23 -- done
rank 10 | trajectory 101 of circuit 19 -- done
rank 7 | trajectory 21 of circuit 19 -- done
rank 4 | trajectory 6 of circuit 22 -- done
rank 10 | trajectory 83 of circuit 20 -- done
rank 24 | trajectory 130 of circuit 24 -- done
rank 9 | trajectory 122 of circuit 23 -- done
rank 17 | trajectory 124 of circuit 24 -- done
rank 9 | trajectory 147 of circuit 21 -- done
rank 8 | trajectory 119 of circuit 25 -- done
rank 19 | trajectory 21 of circuit 25 -- done
rank 4 | trajectory 4 of circuit 21 -- done
rank 16 | trajectory 125 of circuit 25 -- done
rank 25 | trajectory 32 of circuit 25 -- done
rank 9 | trajectory 119 of circuit 17 -- done
rank 19 | trajectory 29 of circuit 21 -- done
rank 23 | trajectory 77 of circuit 24 -- done
rank 12 | trajectory 2 of circuit 23 -- done
rank 12 | trajectory 185 of circuit 25 -- done
rank 10 | trajectory 24 of circuit 25 -- done
rank 5 | trajectory 111 of circuit 21 -- done
rank 8 | trajectory 149 of circuit 20 -- done
rank 10 | trajectory 9 of circuit 24 -- done
rank 25 | trajectory 6 of circuit 23 -- done
rank 7 | trajectory 78 of circuit 22 -- done
rank 15 | trajectory 136 of circuit 22 -- done
rank 4 | trajectory 141 of circuit 24 -- done
rank 3 | trajectory 59 of circuit 19 -- done
rank 18 | trajectory 152 of circuit 24 -- done
rank 23 | trajectory 153 of circuit 21 -- done
rank 0 | trajectory 121 of circuit 21 -- done
rank 12 | trajectory 118 of circuit 22 -- done
rank 12 | trajectory 70 of circuit 22 -- done
rank 12 | trajectory 28 of circuit 22 -- done
rank 24 | trajectory 52 of circuit 25 -- done
rank 25 | trajectory 119 of circuit 22 -- done
rank 18 | trajectory 162 of circuit 25 -- done
rank 5 | trajectory 75 of circuit 24 -- done
rank 0 | trajectory 162 of circuit 21 -- done
rank 4 | trajectory 135 of circuit 22 -- done
rank 25 | trajectory 150 of circuit 24 -- done
rank 18 | trajectory 34 of circuit 23 -- done
rank 9 | trajectory 88 of circuit 20 -- done
rank 25 | trajectory 158 of circuit 22 -- done
rank 22 | trajectory 190 of circuit 19 -- done
rank 11 | trajectory 14 of circuit 25 -- done
rank 7 | trajectory 126 of circuit 21 -- done
rank 25 | trajectory 78 of circuit 25 -- done
rank 10 | trajectory 146 of circuit 23 -- done
rank 8 | trajectory 135 of circuit 23 -- done
rank 7 | trajectory 142 of circuit 21 -- done
rank 19 | trajectory 59 of circuit 22 -- done
rank 4 | trajectory 112 of circuit 23 -- done
rank 9 | trajectory 128 of circuit 20 -- done
rank 20 | trajectory 82 of circuit 21 -- done
rank 16 | trajectory 7 of circuit 25 -- done
rank 4 | trajectory 18 of circuit 22 -- done
rank 19 | trajectory 7 of circuit 24 -- done
rank 19 | trajectory 147 of circuit 25 -- done
rank 18 | trajectory 181 of circuit 25 -- done
rank 5 | trajectory 53 of circuit 22 -- done
rank 19 | trajectory 104 of circuit 22 -- done
rank 19 | trajectory 45 of circuit 25 -- done
rank 20 | trajectory 151 of circuit 21 -- done
rank 8 | trajectory 38 of circuit 20 -- done
rank 17 | trajectory 164 of circuit 25 -- done
rank 14 | trajectory 84 of circuit 24 -- done
rank 0 | trajectory 146 of circuit 19 -- done
rank 20 | trajectory 49 of circuit 21 -- done
rank 20 | trajectory 35 of circuit 19 -- done
rank 15 | trajectory 97 of circuit 23 -- done
rank 21 | trajectory 50 of circuit 25 -- done
rank 9 | trajectory 129 of circuit 20 -- done
rank 17 | trajectory 145 of circuit 18 -- done
rank 3 | trajectory 63 of circuit 25 -- done
rank 8 | trajectory 104 of circuit 23 -- done
rank 5 | trajectory 16 of circuit 23 -- done
rank 24 | trajectory 54 of circuit 23 -- done
rank 2 | trajectory 126 of circuit 25 -- done
rank 21 | trajectory 58 of circuit 23 -- done
rank 0 | trajectory 134 of circuit 23 -- done
rank 25 | trajectory 118 of circuit 24 -- done
rank 21 | trajectory 88 of circuit 24 -- done
rank 7 | trajectory 168 of circuit 23 -- done
rank 4 | trajectory 144 of circuit 23 -- done
rank 24 | trajectory 109 of circuit 21 -- done
rank 4 | trajectory 27 of circuit 18 -- done
rank 24 | trajectory 176 of circuit 17 -- done
rank 15 | trajectory 117 of circuit 23 -- done
rank 16 | trajectory 107 of circuit 20 -- done
rank 18 | trajectory 20 of circuit 23 -- done
rank 0 | trajectory 17 of circuit 21 -- done
rank 15 | trajectory 173 of circuit 23 -- done
rank 9 | trajectory 130 of circuit 25 -- done
rank 19 | trajectory 37 of circuit 25 -- done
rank 11 | trajectory 39 of circuit 25 -- done
rank 17 | trajectory 49 of circuit 23 -- done
rank 20 | trajectory 12 of circuit 21 -- done
rank 25 | trajectory 188 of circuit 25 -- done
rank 19 | trajectory 109 of circuit 24 -- done
rank 12 | trajectory 74 of circuit 23 -- done
rank 0 | trajectory 183 of circuit 21 -- done
rank 19 | trajectory 107 of circuit 25 -- done
rank 2 | trajectory 183 of circuit 20 -- done
rank 16 | trajectory 127 of circuit 25 -- done
rank 19 | trajectory 60 of circuit 22 -- done
rank 16 | trajectory 163 of circuit 19 -- done
rank 6 | trajectory 125 of circuit 22 -- done
rank 5 | trajectory 97 of circuit 24 -- done
rank 10 | trajectory 13 of circuit 22 -- done
rank 10 | trajectory 19 of circuit 25 -- done
rank 9 | trajectory 38 of circuit 22 -- done
rank 0 | trajectory 150 of circuit 20 -- done
rank 7 | trajectory 5 of circuit 22 -- done
rank 4 | trajectory 10 of circuit 24 -- done
rank 21 | trajectory 23 of circuit 23 -- done
rank 5 | trajectory 161 of circuit 21 -- done
rank 13 | trajectory 52 of circuit 24 -- done
rank 7 | trajectory 62 of circuit 22 -- done
rank 10 | trajectory 162 of circuit 23 -- done
rank 23 | trajectory 55 of circuit 21 -- done
rank 18 | trajectory 66 of circuit 24 -- done
rank 14 | trajectory 113 of circuit 23 -- done
rank 14 | trajectory 136 of circuit 23 -- done
rank 19 | trajectory 192 of circuit 22 -- done
rank 15 | trajectory 185 of circuit 23 -- done
rank 20 | trajectory 96 of circuit 23 -- done
rank 10 | trajectory 182 of circuit 25 -- done
rank 20 | trajectory 167 of circuit 25 -- done
rank 11 | trajectory 18 of circuit 25 -- done
rank 25 | trajectory 61 of circuit 24 -- done
rank 25 | trajectory 58 of circuit 25 -- done
rank 19 | trajectory 11 of circuit 24 -- done
rank 12 | trajectory 101 of circuit 25 -- done
rank 11 | trajectory 36 of circuit 23 -- done
rank 4 | trajectory 59 of circuit 21 -- done
rank 4 | trajectory 134 of circuit 25 -- done
rank 5 | trajectory 83 of circuit 23 -- done
rank 17 | trajectory 170 of circuit 22 -- done
rank 16 | trajectory 120 of circuit 21 -- done
rank 8 | trajectory 99 of circuit 21 -- done
rank 10 | trajectory 41 of circuit 24 -- done
rank 16 | trajectory 147 of circuit 20 -- done
rank 20 | trajectory 25 of circuit 24 -- done
rank 25 | trajectory 105 of circuit 20 -- done
rank 7 | trajectory 140 of circuit 24 -- done
rank 12 | trajectory 181 of circuit 24 -- done
rank 24 | trajectory 169 of circuit 22 -- done
rank 25 | trajectory 40 of circuit 25 -- done
rank 24 | trajectory 157 of circuit 23 -- done
rank 21 | trajectory 49 of circuit 24 -- done
rank 7 | trajectory 69 of circuit 25 -- done
rank 20 | trajectory 20 of circuit 24 -- done
rank 4 | trajectory 166 of circuit 22 -- done
rank 0 | trajectory 185 of circuit 24 -- done
rank 25 | trajectory 27 of circuit 22 -- done
rank 25 | trajectory 35 of circuit 25 -- done
rank 23 | trajectory 59 of circuit 24 -- done
rank 25 | trajectory 15 of circuit 24 -- done
rank 7 | trajectory 22 of circuit 22 -- done
rank 11 | trajectory 42 of circuit 25 -- done
rank 10 | trajectory 123 of circuit 25 -- done
rank 10 | trajectory 57 of circuit 24 -- done
rank 4 | trajectory 99 of circuit 23 -- done
rank 5 | trajectory 120 of circuit 23 -- done
rank 8 | trajectory 94 of circuit 24 -- done
rank 3 | trajectory 26 of circuit 25 -- done
rank 11 | trajectory 101 of circuit 24 -- done
rank 24 | trajectory 3 of circuit 21 -- done
rank 17 | trajectory 183 of circuit 22 -- done
rank 19 | trajectory 87 of circuit 22 -- done
rank 16 | trajectory 62 of circuit 24 -- done
rank 2 | trajectory 27 of circuit 25 -- done
rank 23 | trajectory 159 of circuit 25 -- done
rank 24 | trajectory 171 of circuit 23 -- done
rank 20 | trajectory 31 of circuit 23 -- done
rank 2 | trajectory 173 of circuit 25 -- done
rank 14 | trajectory 150 of circuit 25 -- done
rank 5 | trajectory 152 of circuit 25 -- done
rank 9 | trajectory 113 of circuit 21 -- done
rank 20 | trajectory 65 of circuit 25 -- done
rank 5 | trajectory 100 of circuit 25 -- done
rank 5 | trajectory 167 of circuit 24 -- done
rank 11 | trajectory 16 of circuit 25 -- done
rank 9 | trajectory 125 of circuit 21 -- done
rank 5 | trajectory 39 of circuit 19 -- done
rank 7 | trajectory 174 of circuit 24 -- done
rank 0 | trajectory 186 of circuit 21 -- done
rank 14 | trajectory 132 of circuit 22 -- done
rank 19 | trajectory 46 of circuit 24 -- done
rank 11 | trajectory 90 of circuit 25 -- done
rank 19 | trajectory 49 of circuit 22 -- done
rank 24 | trajectory 42 of circuit 24 -- done
rank 15 | trajectory 70 of circuit 24 -- done
rank 23 | trajectory 181 of circuit 21 -- done
rank 0 | trajectory 83 of circuit 25 -- done
rank 3 | trajectory 175 of circuit 22 -- done
rank 25 | trajectory 172 of circuit 24 -- done
rank 10 | trajectory 145 of circuit 17 -- done
rank 10 | trajectory 20 of circuit 22 -- done
rank 17 | trajectory 53 of circuit 24 -- done
rank 25 | trajectory 103 of circuit 23 -- done
rank 9 | trajectory 123 of circuit 22 -- done
rank 0 | trajectory 100 of circuit 23 -- done
rank 12 | trajectory 182 of circuit 23 -- done
rank 25 | trajectory 33 of circuit 25 -- done
rank 8 | trajectory 64 of circuit 20 -- done
rank 24 | trajectory 97 of circuit 19 -- done
rank 10 | trajectory 157 of circuit 24 -- done
rank 11 | trajectory 4 of circuit 25 -- done
rank 7 | trajectory 179 of circuit 23 -- done
rank 5 | trajectory 86 of circuit 24 -- done
rank 8 | trajectory 77 of circuit 20 -- done
rank 24 | trajectory 51 of circuit 25 -- done
rank 17 | trajectory 159 of circuit 23 -- done
rank 14 | trajectory 2 of circuit 25 -- done
rank 20 | trajectory 41 of circuit 23 -- done
rank 12 | trajectory 96 of circuit 22 -- done
rank 4 | trajectory 114 of circuit 23 -- done
rank 5 | trajectory 163 of circuit 22 -- done
rank 9 | trajectory 173 of circuit 19 -- done
rank 18 | trajectory 122 of circuit 25 -- done
rank 2 | trajectory 9 of circuit 22 -- done
rank 12 | trajectory 174 of circuit 25 -- done
rank 16 | trajectory 111 of circuit 20 -- done
rank 16 | trajectory 5 of circuit 25 -- done
rank 7 | trajectory 169 of circuit 25 -- done
rank 14 | trajectory 107 of circuit 24 -- done
rank 16 | trajectory 122 of circuit 22 -- done
rank 9 | trajectory 11 of circuit 21 -- done
rank 24 | trajectory 93 of circuit 23 -- done
rank 23 | trajectory 73 of circuit 24 -- done
rank 4 | trajectory 83 of circuit 24 -- done
rank 12 | trajectory 142 of circuit 22 -- done
rank 20 | trajectory 57 of circuit 23 -- done
rank 17 | trajectory 54 of circuit 25 -- done
rank 25 | trajectory 28 of circuit 24 -- done
rank 3 | trajectory 67 of circuit 20 -- done
rank 25 | trajectory 16 of circuit 24 -- done
rank 10 | trajectory 79 of circuit 23 -- done
rank 11 | trajectory 63 of circuit 24 -- done
rank 14 | trajectory 63 of circuit 23 -- done
rank 24 | trajectory 167 of circuit 23 -- done
rank 9 | trajectory 137 of circuit 22 -- done
rank 24 | trajectory 158 of circuit 24 -- done
rank 9 | trajectory 18 of circuit 23 -- done
rank 11 | trajectory 145 of circuit 19 -- done
rank 12 | trajectory 11 of circuit 25 -- done
rank 19 | trajectory 57 of circuit 25 -- done
rank 3 | trajectory 54 of circuit 22 -- done
rank 0 | trajectory 59 of circuit 23 -- done
rank 10 | trajectory 177 of circuit 23 -- done
rank 5 | trajectory 23 of circuit 25 -- done
rank 0 | trajectory 140 of circuit 22 -- done
rank 18 | trajectory 87 of circuit 23 -- done
rank 16 | trajectory 40 of circuit 24 -- done
rank 19 | trajectory 190 of circuit 23 -- done
rank 17 | trajectory 171 of circuit 21 -- done
rank 15 | trajectory 60 of circuit 25 -- done
rank 0 | trajectory 6 of circuit 21 -- done
rank 10 | trajectory 189 of circuit 24 -- done
rank 0 | trajectory 187 of circuit 23 -- done
rank 3 | trajectory 80 of circuit 24 -- done
rank 12 | trajectory 148 of circuit 25 -- done
rank 20 | trajectory 60 of circuit 24 -- done
rank 13 | trajectory 180 of circuit 22 -- done
rank 11 | trajectory 35 of circuit 24 -- done
rank 20 | trajectory 45 of circuit 21 -- done
rank 16 | trajectory 143 of circuit 21 -- done
rank 0 | trajectory 142 of circuit 24 -- done
rank 14 | trajectory 142 of circuit 25 -- done
rank 16 | trajectory 10 of circuit 20 -- done
rank 24 | trajectory 150 of circuit 19 -- done
rank 14 | trajectory 28 of circuit 23 -- done
rank 16 | trajectory 37 of circuit 23 -- done
rank 24 | trajectory 187 of circuit 25 -- done
rank 5 | trajectory 8 of circuit 24 -- done
rank 16 | trajectory 100 of circuit 22 -- done
rank 13 | trajectory 30 of circuit 20 -- done
rank 14 | trajectory 85 of circuit 23 -- done
rank 20 | trajectory 175 of circuit 23 -- done
rank 17 | trajectory 92 of circuit 24 -- done
rank 11 | trajectory 79 of circuit 25 -- done
rank 12 | trajectory 45 of circuit 24 -- done
rank 24 | trajectory 153 of circuit 22 -- done
rank 24 | trajectory 140 of circuit 25 -- done
rank 20 | trajectory 95 of circuit 22 -- done
rank 1 | trajectory 183 of circuit 24 -- done
rank 7 | trajectory 30 of circuit 19 -- done
rank 8 | trajectory 186 of circuit 22 -- done
rank 8 | trajectory 144 of circuit 20 -- done
rank 23 | trajectory 183 of circuit 18 -- done
rank 24 | trajectory 87 of circuit 18 -- done
rank 8 | trajectory 14 of circuit 21 -- done
rank 16 | trajectory 14 of circuit 23 -- done
rank 0 | trajectory 94 of circuit 19 -- done
rank 12 | trajectory 112 of circuit 25 -- done
rank 19 | trajectory 14 of circuit 24 -- done
rank 0 | trajectory 177 of circuit 22 -- done
rank 20 | trajectory 75 of circuit 25 -- done
rank 10 | trajectory 58 of circuit 24 -- done
rank 23 | trajectory 165 of circuit 22 -- done
rank 10 | trajectory 69 of circuit 23 -- done
rank 19 | trajectory 5 of circuit 24 -- done
rank 2 | trajectory 106 of circuit 22 -- done
rank 23 | trajectory 126 of circuit 24 -- done
rank 24 | trajectory 78 of circuit 24 -- done
rank 16 | trajectory 16 of circuit 22 -- done
rank 19 | trajectory 36 of circuit 24 -- done
rank 8 | trajectory 71 of circuit 20 -- done
rank 20 | trajectory 115 of circuit 22 -- done
rank 17 | trajectory 30 of circuit 24 -- done
rank 10 | trajectory 21 of circuit 24 -- done
rank 0 | trajectory 175 of circuit 20 -- done
rank 25 | trajectory 163 of circuit 23 -- done
rank 12 | trajectory 85 of circuit 22 -- done
rank 24 | trajectory 64 of circuit 23 -- done
rank 20 | trajectory 42 of circuit 23 -- done
rank 9 | trajectory 67 of circuit 25 -- done
rank 3 | trajectory 68 of circuit 19 -- done
rank 23 | trajectory 186 of circuit 23 -- done
rank 14 | trajectory 21 of circuit 22 -- done
rank 23 | trajectory 132 of circuit 24 -- done
rank 17 | trajectory 113 of circuit 25 -- done
rank 17 | trajectory 91 of circuit 23 -- done
rank 11 | trajectory 68 of circuit 20 -- done
rank 24 | trajectory 188 of circuit 24 -- done
rank 7 | trajectory 99 of circuit 25 -- done
rank 5 | trajectory 32 of circuit 24 -- done
rank 2 | trajectory 145 of circuit 22 -- done
rank 16 | trajectory 102 of circuit 23 -- done
rank 24 | trajectory 11 of circuit 23 -- done
rank 10 | trajectory 105 of circuit 23 -- done
rank 15 | trajectory 105 of circuit 25 -- done
rank 2 | trajectory 4 of circuit 18 -- done
rank 9 | trajectory 56 of circuit 22 -- done
rank 7 | trajectory 96 of circuit 24 -- done
rank 20 | trajectory 38 of circuit 24 -- done
rank 14 | trajectory 90 of circuit 24 -- done
rank 14 | trajectory 156 of circuit 24 -- done
rank 16 | trajectory 27 of circuit 21 -- done
rank 8 | trajectory 140 of circuit 23 -- done
rank 24 | trajectory 126 of circuit 22 -- done
rank 16 | trajectory 181 of circuit 16 -- done
rank 20 | trajectory 186 of circuit 24 -- done
rank 6 | trajectory 67 of circuit 24 -- done
rank 16 | trajectory 109 of circuit 22 -- done
rank 9 | trajectory 170 of circuit 23 -- done
rank 0 | trajectory 160 of circuit 24 -- done
rank 3 | trajectory 127 of circuit 24 -- done
rank 0 | trajectory 43 of circuit 24 -- done
rank 20 | trajectory 76 of circuit 25 -- done
rank 12 | trajectory 12 of circuit 24 -- done
rank 2 | trajectory 147 of circuit 24 -- done
rank 1 | trajectory 106 of circuit 24 -- done
rank 0 | trajectory 139 of circuit 25 -- done
rank 20 | trajectory 47 of circuit 25 -- done
rank 12 | trajectory 107 of circuit 23 -- done
rank 24 | trajectory 33 of circuit 24 -- done
rank 0 | trajectory 48 of circuit 23 -- done
rank 14 | trajectory 114 of circuit 20 -- done
rank 7 | trajectory 3 of circuit 24 -- done
rank 19 | trajectory 6 of circuit 25 -- done
rank 8 | trajectory 108 of circuit 24 -- done
rank 16 | trajectory 87 of circuit 21 -- done
rank 9 | trajectory 102 of circuit 22 -- done
rank 9 | trajectory 103 of circuit 24 -- done
rank 0 | trajectory 188 of circuit 20 -- done
rank 14 | trajectory 71 of circuit 23 -- done
rank 7 | trajectory 138 of circuit 22 -- done
rank 9 | trajectory 114 of circuit 24 -- done
rank 7 | trajectory 122 of circuit 24 -- done
rank 8 | trajectory 29 of circuit 22 -- done
rank 14 | trajectory 131 of circuit 23 -- done
rank 8 | trajectory 180 of circuit 24 -- done
rank 24 | trajectory 25 of circuit 25 -- done
rank 24 | trajectory 131 of circuit 25 -- done
rank 16 | trajectory 97 of circuit 25 -- done
rank 8 | trajectory 156 of circuit 25 -- done
rank 8 | trajectory 42 of circuit 21 -- done
rank 12 | trajectory 30 of circuit 21 -- done
rank 0 | trajectory 190 of circuit 24 -- done
rank 12 | trajectory 178 of circuit 22 -- done
rank 10 | trajectory 106 of circuit 19 -- done
rank 0 | trajectory 89 of circuit 22 -- done
rank 9 | trajectory 98 of circuit 24 -- done
rank 8 | trajectory 165 of circuit 23 -- done
rank 14 | trajectory 135 of circuit 24 -- done
rank 8 | trajectory 111 of circuit 24 -- done
rank 20 | trajectory 36 of circuit 25 -- done
rank 18 | trajectory 49 of circuit 25 -- done
rank 16 | trajectory 121 of circuit 22 -- done
rank 24 | trajectory 163 of circuit 25 -- done
rank 3 | trajectory 180 of circuit 23 -- done
rank 8 | trajectory 191 of circuit 23 -- done
rank 19 | trajectory 12 of circuit 22 -- done
rank 16 | trajectory 130 of circuit 21 -- done
rank 4 | trajectory 156 of circuit 22 -- done
rank 9 | trajectory 126 of circuit 23 -- done
rank 8 | trajectory 57 of circuit 21 -- done
rank 24 | trajectory 70 of circuit 25 -- done
rank 24 | trajectory 116 of circuit 22 -- done
rank 9 | trajectory 191 of circuit 25 -- done
rank 9 | trajectory 47 of circuit 23 -- done
rank 25 | trajectory 86 of circuit 25 -- done
rank 4 | trajectory 20 of circuit 21 -- done
rank 9 | trajectory 183 of circuit 19 -- done
rank 8 | trajectory 159 of circuit 24 -- done
rank 8 | trajectory 96 of circuit 25 -- done
rank 14 | trajectory 106 of circuit 21 -- done
rank 20 | trajectory 157 of circuit 21 -- done
rank 0 | trajectory 8 of circuit 23 -- done
rank 8 | trajectory 59 of circuit 25 -- done
rank 3 | trajectory 136 of circuit 24 -- done
rank 10 | trajectory 18 of circuit 21 -- done
rank 0 | trajectory 110 of circuit 24 -- done
rank 0 | trajectory 178 of circuit 25 -- done
rank 23 | trajectory 145 of circuit 20 -- done
rank 24 | trajectory 173 of circuit 24 -- done
rank 16 | trajectory 72 of circuit 21 -- done
rank 0 | trajectory 173 of circuit 21 -- done
rank 8 | trajectory 81 of circuit 25 -- done
rank 25 | trajectory 106 of circuit 20 -- done
rank 14 | trajectory 32 of circuit 21 -- done
rank 5 | trajectory 67 of circuit 23 -- done
rank 0 | trajectory 176 of circuit 23 -- done
rank 8 | trajectory 162 of circuit 22 -- done
rank 8 | trajectory 163 of circuit 24 -- done
rank 0 | trajectory 165 of circuit 21 -- done
rank 23 | trajectory 64 of circuit 21 -- done
rank 3 | trajectory 119 of circuit 23 -- done
rank 19 | trajectory 65 of circuit 23 -- done
rank 10 | trajectory 114 of circuit 22 -- done
rank 21 | trajectory 141 of circuit 23 -- done
rank 8 | trajectory 61 of circuit 18 -- done
rank 14 | trajectory 192 of circuit 23 -- done
rank 11 | trajectory 30 of circuit 22 -- done
rank 0 | trajectory 28 of circuit 21 -- done
rank 15 | trajectory 145 of circuit 25 -- done
rank 3 | trajectory 149 of circuit 25 -- done
rank 17 | trajectory 153 of circuit 25 -- done
rank 9 | trajectory 40 of circuit 22 -- done
rank 5 | trajectory 31 of circuit 25 -- done
rank 13 | trajectory 17 of circuit 23 -- done
rank 18 | trajectory 30 of circuit 23 -- done
rank 16 | trajectory 4 of circuit 22 -- done
rank 19 | trajectory 68 of circuit 22 -- done
rank 8 | trajectory 23 of circuit 24 -- done
rank 8 | trajectory 106 of circuit 25 -- done
rank 18 | trajectory 145 of circuit 23 -- done
rank 24 | trajectory 30 of circuit 25 -- done
rank 0 | trajectory 62 of circuit 21 -- done
rank 18 | trajectory 68 of circuit 25 -- done
rank 4 | trajectory 183 of circuit 23 -- done
rank 8 | trajectory 16 of circuit 20 -- done
rank 0 | trajectory 98 of circuit 22 -- done
rank 8 | trajectory 76 of circuit 22 -- done
rank 8 | trajectory 68 of circuit 21 -- done
rank 20 | trajectory 183 of circuit 25 -- done
rank 16 | trajectory 77 of circuit 25 -- done
rank 8 | trajectory 187 of circuit 24 -- done
rank 0 | trajectory 87 of circuit 24 -- done
rank 10 | trajectory 85 of circuit 25 -- done
rank 23 | trajectory 44 of circuit 25 -- done
rank 0 | trajectory 155 of circuit 24 -- done
rank 20 | trajectory 106 of circuit 23 -- done
rank 14 | trajectory 145 of circuit 24 -- done
rank 14 | trajectory 68 of circuit 24 -- done
rank 0 | trajectory 174 of circuit 23 -- done
rank 7 | trajectory 189 of circuit 22 -- done
rank 16 | trajectory 175 of circuit 25 -- done
rank 1 | trajectory 28 of circuit 25 -- done
rank 23 | trajectory 176 of circuit 25 -- done
rank 10 | trajectory 128 of circuit 19 -- done
rank 10 | trajectory 72 of circuit 16 -- done
rank 5 | trajectory 89 of circuit 16 -- done
rank 14 | trajectory 190 of circuit 17 -- done
rank 3 | trajectory 118 of circuit 25 -- done
rank 4 | trajectory 13 of circuit 18 -- done
