KitaevNNN L = 96
KitaevNNN L = 96
KitaevNNN L = 96
KitaevNNN L = 96
KitaevNNN L = 96
KitaevNNN L = 96
KitaevNNN L = 96
KitaevNNN L = 96
KitaevNNN L = 96
KitaevNNN L = 96
KitaevNNN L = 96
KitaevNNN L = 96
KitaevNNN L = 96
KitaevNNN L = 96
KitaevNNN L = 96
KitaevNNN L = 96
KitaevNNN L = 96
KitaevNNN L = 96
KitaevNNN L = 96
KitaevNNN L = 96
KitaevNNN L = 96
KitaevNNN L = 96
KitaevNNN L = 96
KitaevNNN L = 96
KitaevNNN L = 96
KitaevNNN L = 96
KitaevNNN L = 96
KitaevNNN L = 96
KitaevNNN L = 96
KitaevNNN L = 96
KitaevNNN L = 96
KitaevNNN L = 96
KitaevNNN L = 96
KitaevNNN L = 96
KitaevNNN L = 96
KitaevNNN L = 96
KitaevNNN L = 96
KitaevNNN L = 96
KitaevNNN L = 96
KitaevNNN L = 96
KitaevNNN L = 96
KitaevNNN L = 96
KitaevNNN L = 96
KitaevNNN L = 96
KitaevNNN L = 96
KitaevNNN L = 96
KitaevNNN L = 96
KitaevNNN L = 96
KitaevNNN L = 96
KitaevNNN L = 96




---------------------------------------------
start:2024-06-26T19:12:38.584
---------------------------------------------




rank 16 | running with 192 threads | 192 trajectories to sample...
rank 32 | running with 192 threads | 192 trajectories to sample...
rank 0 | running with 192 threads | 192 trajectories to sample...
rank 48 | running with 192 threads | 192 trajectories to sample...
rank 33 | running with 192 threads | 192 trajectories to sample...
rank 49 | running with 192 threads | 192 trajectories to sample...
rank 22 | running with 192 threads | 192 trajectories to sample...
rank 42 | running with 192 threads | 192 trajectories to sample...
rank 14 | running with 192 threads | 192 trajectories to sample...
rank 26 | running with 192 threads | 192 trajectories to sample...
rank 25 | running with 192 threads | 192 trajectories to sample...
rank 6 | running with 192 threads | 192 trajectories to sample...
rank 40 | running with 192 threads | 192 trajectories to sample...
rank 36 | running with 192 threads | 192 trajectories to sample...
rank 35 | running with 192 threads | 192 trajectories to sample...
rank 8 | running with 192 threads | 192 trajectories to sample...
rank 20 | running with 192 threads | 192 trajectories to sample...
rank 24 | running with 192 threads | 192 trajectories to sample...
rank 18 | running with 192 threads | 192 trajectories to sample...
rank 38 | running with 192 threads | 192 trajectories to sample...
rank 34 | running with 192 threads | 192 trajectories to sample...
rank 3 | running with 192 threads | 192 trajectories to sample...
rank 21 | running with 192 threads | 192 trajectories to sample...
rank 19 | running with 192 threads | 192 trajectories to sample...
rank 37 | running with 192 threads | 192 trajectories to sample...
rank 41 | running with 192 threads | 192 trajectories to sample...
rank 30 | running with 192 threads | 192 trajectories to sample...
rank 17 | running with 192 threads | 192 trajectories to sample...
rank 12 | running with 192 threads | 192 trajectories to sample...
rank 28 | running with 192 threads | 192 trajectories to sample...
rank 1 | running with 192 threads | 192 trajectories to sample...
rank 15 | running with 192 threads | 192 trajectories to sample...
rank 7 | running with 192 threads | 192 trajectories to sample...
rank 39 | running with 192 threads | 192 trajectories to sample...
rank 46 | running with 192 threads | 192 trajectories to sample...
rank 23 | running with 192 threads | 192 trajectories to sample...
rank 27 | running with 192 threads | 192 trajectories to sample...
rank 44 | running with 192 threads | 192 trajectories to sample...
rank 4 | running with 192 threads | 192 trajectories to sample...
rank 29 | running with 192 threads | 192 trajectories to sample...
rank 45 | running with 192 threads | 192 trajectories to sample...
rank 10 | running with 192 threads | 192 trajectories to sample...
rank 5 | running with 192 threads | 192 trajectories to sample...
rank 47 | running with 192 threads | 192 trajectories to sample...
rank 31 | running with 192 threads | 192 trajectories to sample...
rank 2 | running with 192 threads | 192 trajectories to sample...
rank 9 | running with 192 threads | 192 trajectories to sample...
rank 11 | running with 192 threads | 192 trajectories to sample...
rank 13 | running with 192 threads | 192 trajectories to sample...
rank 43 | running with 192 threads | 192 trajectories to sample...
rank 45 | trajectory 58 of circuit 77 -- done
rank 38 | trajectory 95 of circuit 93 -- done
rank 34 | trajectory 1 of circuit 85 -- done
rank 40 | trajectory 66 of circuit 84 -- done
rank 15 | trajectory 83 of circuit 97 -- done
rank 38 | trajectory 96 of circuit 19 -- done
rank 8 | trajectory 59 of circuit 98 -- done
rank 6 | trajectory 87 of circuit 74 -- done
rank 1 | trajectory 45 of circuit 91 -- done
rank 2 | trajectory 45 of circuit 85 -- done
rank 49 | trajectory 27 of circuit 51 -- done
rank 9 | trajectory 87 of circuit 93 -- done
rank 43 | trajectory 75 of circuit 76 -- done
rank 10 | trajectory 43 of circuit 86 -- done
rank 34 | trajectory 44 of circuit 5 -- done
rank 43 | trajectory 1 of circuit 77 -- done
rank 5 | trajectory 77 of circuit 70 -- done
rank 20 | trajectory 69 of circuit 53 -- done
rank 41 | trajectory 76 of circuit 62 -- done
rank 37 | trajectory 1 of circuit 100 -- done
rank 11 | trajectory 1 of circuit 74 -- done
rank 30 | trajectory 62 of circuit 70 -- done
rank 4 | trajectory 33 of circuit 73 -- done
rank 5 | trajectory 48 of circuit 90 -- done
rank 9 | trajectory 28 of circuit 87 -- done
rank 37 | trajectory 27 of circuit 62 -- done
rank 37 | trajectory 34 of circuit 84 -- done
rank 18 | trajectory 69 of circuit 62 -- done
rank 40 | trajectory 93 of circuit 77 -- done
rank 31 | trajectory 92 of circuit 90 -- done
rank 22 | trajectory 54 of circuit 94 -- done
rank 43 | trajectory 53 of circuit 86 -- done
rank 20 | trajectory 63 of circuit 78 -- done
rank 5 | trajectory 34 of circuit 49 -- done
rank 11 | trajectory 58 of circuit 81 -- done
rank 10 | trajectory 76 of circuit 90 -- done
rank 37 | trajectory 92 of circuit 46 -- done
rank 21 | trajectory 87 of circuit 94 -- done
rank 8 | trajectory 71 of circuit 99 -- done
rank 9 | trajectory 76 of circuit 83 -- done
rank 49 | trajectory 95 of circuit 57 -- done
rank 46 | trajectory 65 of circuit 80 -- done
rank 34 | trajectory 58 of circuit 70 -- done
rank 19 | trajectory 32 of circuit 84 -- done
rank 44 | trajectory 56 of circuit 26 -- done
rank 21 | trajectory 81 of circuit 63 -- done
rank 49 | trajectory 78 of circuit 73 -- done
rank 37 | trajectory 75 of circuit 74 -- done
rank 37 | trajectory 79 of circuit 85 -- done
rank 37 | trajectory 29 of circuit 83 -- done
rank 33 | trajectory 39 of circuit 61 -- done
rank 49 | trajectory 94 of circuit 75 -- done
rank 14 | trajectory 90 of circuit 64 -- done
rank 6 | trajectory 39 of circuit 81 -- done
rank 17 | trajectory 49 of circuit 78 -- done
rank 20 | trajectory 95 of circuit 13 -- done
rank 49 | trajectory 81 of circuit 100 -- done
rank 26 | trajectory 19 of circuit 69 -- done
rank 44 | trajectory 77 of circuit 100 -- done
rank 25 | trajectory 22 of circuit 72 -- done
rank 1 | trajectory 76 of circuit 73 -- done
rank 39 | trajectory 59 of circuit 32 -- done
rank 38 | trajectory 40 of circuit 97 -- done
rank 37 | trajectory 62 of circuit 59 -- done
rank 34 | trajectory 87 of circuit 58 -- done
rank 35 | trajectory 22 of circuit 94 -- done
rank 19 | trajectory 34 of circuit 19 -- done
rank 29 | trajectory 84 of circuit 22 -- done
rank 6 | trajectory 19 of circuit 26 -- done
rank 31 | trajectory 55 of circuit 71 -- done
rank 37 | trajectory 61 of circuit 56 -- done
rank 34 | trajectory 80 of circuit 79 -- done
rank 49 | trajectory 91 of circuit 56 -- done
rank 36 | trajectory 92 of circuit 92 -- done
rank 31 | trajectory 86 of circuit 57 -- done
rank 0 | trajectory 96 of circuit 78 -- done
rank 11 | trajectory 33 of circuit 69 -- done
rank 21 | trajectory 43 of circuit 87 -- done
rank 9 | trajectory 74 of circuit 20 -- done
rank 9 | trajectory 23 of circuit 5 -- done
rank 34 | trajectory 3 of circuit 58 -- done
rank 2 | trajectory 93 of circuit 99 -- done
rank 21 | trajectory 59 of circuit 90 -- done
rank 19 | trajectory 9 of circuit 32 -- done
rank 35 | trajectory 79 of circuit 12 -- done
rank 36 | trajectory 59 of circuit 60 -- done
rank 49 | trajectory 93 of circuit 76 -- done
rank 17 | trajectory 10 of circuit 96 -- done
rank 11 | trajectory 19 of circuit 93 -- done
rank 34 | trajectory 94 of circuit 62 -- done
rank 15 | trajectory 38 of circuit 90 -- done
rank 42 | trajectory 92 of circuit 64 -- done
rank 37 | trajectory 37 of circuit 43 -- done
rank 7 | trajectory 50 of circuit 80 -- done
rank 44 | trajectory 49 of circuit 69 -- done
rank 11 | trajectory 22 of circuit 89 -- done
rank 44 | trajectory 44 of circuit 58 -- done
rank 26 | trajectory 38 of circuit 63 -- done
rank 12 | trajectory 13 of circuit 99 -- done
rank 31 | trajectory 9 of circuit 91 -- done
rank 2 | trajectory 44 of circuit 81 -- done
rank 17 | trajectory 70 of circuit 82 -- done
rank 43 | trajectory 64 of circuit 50 -- done
rank 27 | trajectory 48 of circuit 80 -- done
rank 44 | trajectory 93 of circuit 56 -- done
rank 31 | trajectory 38 of circuit 67 -- done
rank 7 | trajectory 23 of circuit 76 -- done
rank 34 | trajectory 53 of circuit 91 -- done
rank 1 | trajectory 60 of circuit 6 -- done
rank 34 | trajectory 76 of circuit 87 -- done
rank 44 | trajectory 20 of circuit 65 -- done
rank 17 | trajectory 71 of circuit 62 -- done
rank 17 | trajectory 50 of circuit 23 -- done
rank 25 | trajectory 77 of circuit 98 -- done
rank 44 | trajectory 20 of circuit 62 -- done
rank 33 | trajectory 88 of circuit 95 -- done
rank 17 | trajectory 91 of circuit 30 -- done
rank 44 | trajectory 17 of circuit 77 -- done
rank 37 | trajectory 6 of circuit 90 -- done
rank 22 | trajectory 83 of circuit 92 -- done
rank 31 | trajectory 84 of circuit 56 -- done
rank 7 | trajectory 2 of circuit 32 -- done
rank 7 | trajectory 20 of circuit 93 -- done
rank 11 | trajectory 44 of circuit 95 -- done
rank 17 | trajectory 16 of circuit 97 -- done
rank 44 | trajectory 31 of circuit 77 -- done
rank 33 | trajectory 76 of circuit 37 -- done
rank 49 | trajectory 16 of circuit 88 -- done
rank 44 | trajectory 28 of circuit 54 -- done
rank 49 | trajectory 86 of circuit 100 -- done
rank 17 | trajectory 92 of circuit 89 -- done
rank 44 | trajectory 18 of circuit 83 -- done
rank 17 | trajectory 40 of circuit 40 -- done
rank 49 | trajectory 15 of circuit 79 -- done
rank 37 | trajectory 35 of circuit 62 -- done
rank 45 | trajectory 95 of circuit 84 -- done
rank 44 | trajectory 74 of circuit 93 -- done
rank 7 | trajectory 43 of circuit 81 -- done
rank 49 | trajectory 84 of circuit 69 -- done
rank 14 | trajectory 89 of circuit 24 -- done
rank 49 | trajectory 24 of circuit 34 -- done
rank 1 | trajectory 66 of circuit 48 -- done
rank 10 | trajectory 17 of circuit 70 -- done
rank 10 | trajectory 53 of circuit 63 -- done
rank 10 | trajectory 55 of circuit 82 -- done
rank 34 | trajectory 65 of circuit 90 -- done
rank 31 | trajectory 61 of circuit 72 -- done
rank 45 | trajectory 56 of circuit 95 -- done
rank 31 | trajectory 14 of circuit 58 -- done
rank 14 | trajectory 53 of circuit 13 -- done
rank 44 | trajectory 55 of circuit 86 -- done
rank 19 | trajectory 29 of circuit 66 -- done
rank 45 | trajectory 94 of circuit 79 -- done
rank 40 | trajectory 73 of circuit 45 -- done
rank 41 | trajectory 31 of circuit 87 -- done
rank 11 | trajectory 41 of circuit 43 -- done
rank 29 | trajectory 13 of circuit 52 -- done
rank 44 | trajectory 43 of circuit 82 -- done
rank 26 | trajectory 67 of circuit 55 -- done
rank 49 | trajectory 71 of circuit 81 -- done
rank 30 | trajectory 74 of circuit 89 -- done
rank 44 | trajectory 36 of circuit 47 -- done
rank 31 | trajectory 32 of circuit 75 -- done
rank 29 | trajectory 67 of circuit 95 -- done
rank 40 | trajectory 40 of circuit 67 -- done
rank 21 | trajectory 49 of circuit 83 -- done
rank 38 | trajectory 96 of circuit 55 -- done
rank 37 | trajectory 69 of circuit 76 -- done
rank 37 | trajectory 21 of circuit 86 -- done
rank 34 | trajectory 93 of circuit 71 -- done
rank 37 | trajectory 65 of circuit 99 -- done
rank 17 | trajectory 79 of circuit 92 -- done
rank 2 | trajectory 4 of circuit 86 -- done
rank 41 | trajectory 86 of circuit 39 -- done
rank 37 | trajectory 74 of circuit 67 -- done
rank 37 | trajectory 87 of circuit 47 -- done
rank 9 | trajectory 1 of circuit 70 -- done
rank 9 | trajectory 56 of circuit 42 -- done
rank 25 | trajectory 46 of circuit 65 -- done
rank 37 | trajectory 28 of circuit 79 -- done
rank 17 | trajectory 37 of circuit 94 -- done
rank 0 | trajectory 72 of circuit 60 -- done
rank 9 | trajectory 10 of circuit 52 -- done
rank 37 | trajectory 72 of circuit 90 -- done
rank 31 | trajectory 95 of circuit 97 -- done
rank 37 | trajectory 29 of circuit 46 -- done
rank 3 | trajectory 44 of circuit 64 -- done
rank 37 | trajectory 5 of circuit 96 -- done
rank 28 | trajectory 90 of circuit 54 -- done
rank 10 | trajectory 1 of circuit 19 -- done
rank 44 | trajectory 25 of circuit 59 -- done
rank 37 | trajectory 52 of circuit 17 -- done
rank 19 | trajectory 32 of circuit 88 -- done
rank 19 | trajectory 94 of circuit 100 -- done
rank 34 | trajectory 66 of circuit 64 -- done
rank 49 | trajectory 67 of circuit 72 -- done
rank 10 | trajectory 65 of circuit 93 -- done
rank 45 | trajectory 58 of circuit 97 -- done
rank 40 | trajectory 53 of circuit 92 -- done
rank 37 | trajectory 24 of circuit 99 -- done
rank 34 | trajectory 55 of circuit 98 -- done
rank 5 | trajectory 14 of circuit 82 -- done
rank 21 | trajectory 82 of circuit 93 -- done
rank 44 | trajectory 12 of circuit 99 -- done
rank 41 | trajectory 71 of circuit 24 -- done
rank 21 | trajectory 85 of circuit 98 -- done
rank 7 | trajectory 68 of circuit 58 -- done
rank 5 | trajectory 58 of circuit 47 -- done
rank 34 | trajectory 36 of circuit 39 -- done
rank 2 | trajectory 90 of circuit 89 -- done
rank 19 | trajectory 18 of circuit 67 -- done
rank 5 | trajectory 38 of circuit 98 -- done
rank 32 | trajectory 95 of circuit 98 -- done
rank 2 | trajectory 1 of circuit 62 -- done
rank 31 | trajectory 42 of circuit 100 -- done
rank 27 | trajectory 39 of circuit 84 -- done
rank 14 | trajectory 33 of circuit 98 -- done
rank 44 | trajectory 89 of circuit 78 -- done
rank 31 | trajectory 49 of circuit 24 -- done
rank 37 | trajectory 38 of circuit 87 -- done
rank 37 | trajectory 26 of circuit 99 -- done
rank 1 | trajectory 68 of circuit 13 -- done
rank 31 | trajectory 26 of circuit 70 -- done
rank 11 | trajectory 72 of circuit 93 -- done
rank 19 | trajectory 51 of circuit 76 -- done
rank 17 | trajectory 82 of circuit 90 -- done
rank 35 | trajectory 63 of circuit 91 -- done
rank 37 | trajectory 6 of circuit 96 -- done
rank 33 | trajectory 5 of circuit 81 -- done
rank 7 | trajectory 6 of circuit 98 -- done
rank 31 | trajectory 15 of circuit 68 -- done
rank 17 | trajectory 86 of circuit 95 -- done
rank 13 | trajectory 95 of circuit 32 -- done
rank 10 | trajectory 78 of circuit 65 -- done
rank 33 | trajectory 92 of circuit 68 -- done
rank 10 | trajectory 66 of circuit 93 -- done
rank 2 | trajectory 19 of circuit 94 -- done
rank 37 | trajectory 88 of circuit 92 -- done
rank 31 | trajectory 40 of circuit 2 -- done
rank 34 | trajectory 21 of circuit 75 -- done
rank 34 | trajectory 12 of circuit 81 -- done
rank 8 | trajectory 96 of circuit 99 -- done
rank 19 | trajectory 8 of circuit 88 -- done
rank 15 | trajectory 1 of circuit 26 -- done
rank 2 | trajectory 56 of circuit 49 -- done
rank 14 | trajectory 86 of circuit 71 -- done
rank 34 | trajectory 92 of circuit 20 -- done
rank 45 | trajectory 39 of circuit 94 -- done
rank 44 | trajectory 94 of circuit 77 -- done
rank 2 | trajectory 40 of circuit 96 -- done
rank 42 | trajectory 44 of circuit 68 -- done
rank 34 | trajectory 8 of circuit 74 -- done
rank 19 | trajectory 71 of circuit 74 -- done
rank 35 | trajectory 71 of circuit 20 -- done
rank 1 | trajectory 86 of circuit 67 -- done
rank 34 | trajectory 96 of circuit 96 -- done
rank 4 | trajectory 23 of circuit 90 -- done
rank 17 | trajectory 32 of circuit 97 -- done
rank 8 | trajectory 27 of circuit 37 -- done
rank 28 | trajectory 84 of circuit 54 -- done
rank 34 | trajectory 91 of circuit 72 -- done
rank 39 | trajectory 33 of circuit 39 -- done
rank 37 | trajectory 95 of circuit 51 -- done
rank 8 | trajectory 5 of circuit 77 -- done
rank 7 | trajectory 21 of circuit 63 -- done
rank 31 | trajectory 35 of circuit 100 -- done
rank 21 | trajectory 16 of circuit 94 -- done
rank 23 | trajectory 95 of circuit 74 -- done
rank 37 | trajectory 9 of circuit 99 -- done
rank 9 | trajectory 17 of circuit 71 -- done
rank 19 | trajectory 36 of circuit 92 -- done
rank 33 | trajectory 47 of circuit 88 -- done
rank 41 | trajectory 20 of circuit 59 -- done
rank 14 | trajectory 92 of circuit 80 -- done
rank 38 | trajectory 92 of circuit 1 -- done
rank 35 | trajectory 62 of circuit 14 -- done
rank 4 | trajectory 1 of circuit 81 -- done
rank 15 | trajectory 72 of circuit 99 -- done
rank 13 | trajectory 22 of circuit 96 -- done
rank 38 | trajectory 41 of circuit 46 -- done
rank 37 | trajectory 25 of circuit 52 -- done
rank 9 | trajectory 1 of circuit 29 -- done
rank 49 | trajectory 41 of circuit 83 -- done
rank 10 | trajectory 63 of circuit 76 -- done
rank 49 | trajectory 19 of circuit 60 -- done
rank 5 | trajectory 78 of circuit 95 -- done
rank 33 | trajectory 25 of circuit 96 -- done
rank 21 | trajectory 60 of circuit 81 -- done
rank 40 | trajectory 83 of circuit 89 -- done
rank 21 | trajectory 25 of circuit 30 -- done
rank 43 | trajectory 72 of circuit 94 -- done
rank 6 | trajectory 73 of circuit 100 -- done
rank 3 | trajectory 80 of circuit 81 -- done
rank 6 | trajectory 1 of circuit 56 -- done
rank 17 | trajectory 89 of circuit 83 -- done
rank 49 | trajectory 28 of circuit 94 -- done
rank 25 | trajectory 88 of circuit 90 -- done
rank 7 | trajectory 87 of circuit 60 -- done
rank 21 | trajectory 13 of circuit 82 -- done
rank 28 | trajectory 87 of circuit 91 -- done
rank 5 | trajectory 68 of circuit 93 -- done
rank 38 | trajectory 71 of circuit 73 -- done
rank 45 | trajectory 77 of circuit 93 -- done
rank 37 | trajectory 74 of circuit 17 -- done
rank 4 | trajectory 45 of circuit 95 -- done
rank 37 | trajectory 46 of circuit 62 -- done
rank 44 | trajectory 87 of circuit 72 -- done
rank 44 | trajectory 29 of circuit 25 -- done
rank 2 | trajectory 82 of circuit 82 -- done
rank 31 | trajectory 68 of circuit 34 -- done
rank 6 | trajectory 58 of circuit 57 -- done
rank 22 | trajectory 4 of circuit 99 -- done
rank 17 | trajectory 25 of circuit 49 -- done
rank 21 | trajectory 90 of circuit 19 -- done
rank 11 | trajectory 68 of circuit 56 -- done
rank 33 | trajectory 89 of circuit 36 -- done
rank 49 | trajectory 8 of circuit 63 -- done
rank 13 | trajectory 1 of circuit 99 -- done
rank 31 | trajectory 28 of circuit 51 -- done
rank 9 | trajectory 53 of circuit 99 -- done
rank 14 | trajectory 14 of circuit 96 -- done
rank 49 | trajectory 41 of circuit 98 -- done
rank 29 | trajectory 36 of circuit 98 -- done
rank 37 | trajectory 38 of circuit 88 -- done
rank 12 | trajectory 50 of circuit 73 -- done
rank 31 | trajectory 42 of circuit 92 -- done
rank 26 | trajectory 44 of circuit 88 -- done
rank 37 | trajectory 22 of circuit 14 -- done
rank 5 | trajectory 78 of circuit 75 -- done
rank 17 | trajectory 88 of circuit 67 -- done
rank 15 | trajectory 50 of circuit 92 -- done
rank 26 | trajectory 88 of circuit 99 -- done
rank 7 | trajectory 4 of circuit 70 -- done
rank 37 | trajectory 82 of circuit 69 -- done
rank 24 | trajectory 80 of circuit 85 -- done
rank 26 | trajectory 90 of circuit 73 -- done
rank 17 | trajectory 30 of circuit 97 -- done
rank 34 | trajectory 54 of circuit 95 -- done
rank 49 | trajectory 84 of circuit 59 -- done
rank 19 | trajectory 69 of circuit 86 -- done
rank 31 | trajectory 52 of circuit 50 -- done
rank 14 | trajectory 56 of circuit 34 -- done
rank 49 | trajectory 57 of circuit 61 -- done
rank 17 | trajectory 23 of circuit 70 -- done
rank 44 | trajectory 78 of circuit 89 -- done
rank 10 | trajectory 49 of circuit 64 -- done
rank 5 | trajectory 44 of circuit 76 -- done
rank 22 | trajectory 18 of circuit 17 -- done
rank 7 | trajectory 7 of circuit 71 -- done
rank 45 | trajectory 66 of circuit 89 -- done
rank 34 | trajectory 49 of circuit 59 -- done
rank 9 | trajectory 11 of circuit 99 -- done
rank 35 | trajectory 2 of circuit 51 -- done
rank 49 | trajectory 15 of circuit 82 -- done
rank 41 | trajectory 8 of circuit 32 -- done
rank 1 | trajectory 89 of circuit 55 -- done
rank 17 | trajectory 46 of circuit 5 -- done
rank 41 | trajectory 76 of circuit 40 -- done
rank 17 | trajectory 20 of circuit 94 -- done
rank 45 | trajectory 85 of circuit 6 -- done
rank 5 | trajectory 61 of circuit 83 -- done
rank 45 | trajectory 78 of circuit 93 -- done
rank 2 | trajectory 23 of circuit 96 -- done
rank 17 | trajectory 26 of circuit 87 -- done
rank 38 | trajectory 62 of circuit 76 -- done
rank 15 | trajectory 56 of circuit 87 -- done
rank 31 | trajectory 89 of circuit 60 -- done
rank 8 | trajectory 87 of circuit 70 -- done
rank 49 | trajectory 36 of circuit 99 -- done
rank 33 | trajectory 26 of circuit 81 -- done
rank 37 | trajectory 70 of circuit 2 -- done
rank 41 | trajectory 81 of circuit 93 -- done
rank 17 | trajectory 55 of circuit 62 -- done
rank 44 | trajectory 42 of circuit 81 -- done
rank 45 | trajectory 56 of circuit 48 -- done
rank 22 | trajectory 94 of circuit 94 -- done
rank 2 | trajectory 10 of circuit 50 -- done
rank 10 | trajectory 45 of circuit 15 -- done
rank 16 | trajectory 66 of circuit 97 -- done
rank 6 | trajectory 35 of circuit 94 -- done
rank 8 | trajectory 12 of circuit 41 -- done
rank 37 | trajectory 44 of circuit 9 -- done
rank 37 | trajectory 69 of circuit 100 -- done
rank 41 | trajectory 92 of circuit 96 -- done
rank 17 | trajectory 9 of circuit 81 -- done
rank 27 | trajectory 23 of circuit 49 -- done
rank 31 | trajectory 81 of circuit 50 -- done
rank 7 | trajectory 39 of circuit 71 -- done
rank 31 | trajectory 71 of circuit 79 -- done
rank 22 | trajectory 95 of circuit 87 -- done
rank 37 | trajectory 65 of circuit 58 -- done
rank 21 | trajectory 36 of circuit 7 -- done
rank 31 | trajectory 6 of circuit 94 -- done
rank 10 | trajectory 54 of circuit 58 -- done
rank 31 | trajectory 37 of circuit 18 -- done
rank 8 | trajectory 54 of circuit 67 -- done
rank 9 | trajectory 58 of circuit 94 -- done
rank 29 | trajectory 78 of circuit 52 -- done
rank 37 | trajectory 17 of circuit 97 -- done
rank 33 | trajectory 80 of circuit 88 -- done
rank 37 | trajectory 35 of circuit 87 -- done
rank 1 | trajectory 55 of circuit 84 -- done
rank 20 | trajectory 28 of circuit 78 -- done
rank 8 | trajectory 10 of circuit 56 -- done
rank 43 | trajectory 52 of circuit 96 -- done
rank 26 | trajectory 74 of circuit 82 -- done
rank 21 | trajectory 74 of circuit 79 -- done
rank 34 | trajectory 59 of circuit 29 -- done
rank 21 | trajectory 59 of circuit 33 -- done
rank 38 | trajectory 83 of circuit 25 -- done
rank 38 | trajectory 78 of circuit 70 -- done
rank 44 | trajectory 85 of circuit 73 -- done
rank 37 | trajectory 1 of circuit 51 -- done
rank 13 | trajectory 28 of circuit 99 -- done
rank 44 | trajectory 91 of circuit 64 -- done
rank 12 | trajectory 24 of circuit 86 -- done
rank 7 | trajectory 53 of circuit 76 -- done
rank 8 | trajectory 63 of circuit 71 -- done
rank 12 | trajectory 87 of circuit 68 -- done
rank 31 | trajectory 44 of circuit 43 -- done
rank 1 | trajectory 49 of circuit 86 -- done
rank 6 | trajectory 47 of circuit 94 -- done
rank 49 | trajectory 79 of circuit 91 -- done
rank 37 | trajectory 13 of circuit 81 -- done
rank 37 | trajectory 93 of circuit 29 -- done
rank 24 | trajectory 87 of circuit 87 -- done
rank 15 | trajectory 17 of circuit 95 -- done
rank 6 | trajectory 80 of circuit 70 -- done
rank 5 | trajectory 41 of circuit 79 -- done
rank 49 | trajectory 62 of circuit 41 -- done
rank 33 | trajectory 69 of circuit 73 -- done
rank 4 | trajectory 14 of circuit 99 -- done
rank 37 | trajectory 56 of circuit 72 -- done
rank 37 | trajectory 16 of circuit 93 -- done
rank 19 | trajectory 78 of circuit 86 -- done
rank 37 | trajectory 58 of circuit 83 -- done
rank 35 | trajectory 93 of circuit 57 -- done
rank 7 | trajectory 67 of circuit 94 -- done
rank 1 | trajectory 12 of circuit 94 -- done
rank 15 | trajectory 51 of circuit 94 -- done
rank 36 | trajectory 7 of circuit 98 -- done
rank 17 | trajectory 64 of circuit 75 -- done
rank 37 | trajectory 56 of circuit 53 -- done
rank 29 | trajectory 15 of circuit 88 -- done
rank 31 | trajectory 13 of circuit 71 -- done
rank 22 | trajectory 77 of circuit 99 -- done
rank 3 | trajectory 82 of circuit 80 -- done
rank 45 | trajectory 3 of circuit 79 -- done
rank 17 | trajectory 81 of circuit 28 -- done
rank 9 | trajectory 3 of circuit 76 -- done
rank 11 | trajectory 14 of circuit 100 -- done
rank 33 | trajectory 33 of circuit 29 -- done
rank 31 | trajectory 26 of circuit 75 -- done
rank 49 | trajectory 74 of circuit 12 -- done
rank 4 | trajectory 55 of circuit 93 -- done
rank 31 | trajectory 28 of circuit 74 -- done
rank 19 | trajectory 79 of circuit 64 -- done
rank 35 | trajectory 31 of circuit 39 -- done
rank 11 | trajectory 89 of circuit 87 -- done
rank 49 | trajectory 37 of circuit 46 -- done
rank 8 | trajectory 37 of circuit 51 -- done
rank 29 | trajectory 59 of circuit 18 -- done
rank 11 | trajectory 87 of circuit 100 -- done
rank 5 | trajectory 55 of circuit 74 -- done
rank 31 | trajectory 36 of circuit 67 -- done
rank 43 | trajectory 37 of circuit 95 -- done
rank 36 | trajectory 23 of circuit 86 -- done
rank 8 | trajectory 11 of circuit 73 -- done
rank 44 | trajectory 86 of circuit 28 -- done
rank 2 | trajectory 24 of circuit 79 -- done
rank 38 | trajectory 20 of circuit 90 -- done
rank 5 | trajectory 21 of circuit 70 -- done
rank 49 | trajectory 43 of circuit 50 -- done
rank 17 | trajectory 12 of circuit 39 -- done
rank 11 | trajectory 40 of circuit 81 -- done
rank 37 | trajectory 55 of circuit 26 -- done
rank 19 | trajectory 57 of circuit 89 -- done
rank 36 | trajectory 21 of circuit 90 -- done
rank 17 | trajectory 53 of circuit 68 -- done
rank 41 | trajectory 6 of circuit 61 -- done
rank 1 | trajectory 14 of circuit 97 -- done
rank 43 | trajectory 82 of circuit 83 -- done
rank 45 | trajectory 21 of circuit 81 -- done
rank 37 | trajectory 7 of circuit 83 -- done
rank 16 | trajectory 16 of circuit 67 -- done
rank 5 | trajectory 49 of circuit 77 -- done
rank 33 | trajectory 37 of circuit 74 -- done
rank 25 | trajectory 16 of circuit 99 -- done
rank 8 | trajectory 13 of circuit 70 -- done
rank 1 | trajectory 64 of circuit 74 -- done
rank 35 | trajectory 14 of circuit 91 -- done
rank 13 | trajectory 69 of circuit 59 -- done
rank 25 | trajectory 86 of circuit 76 -- done
rank 40 | trajectory 57 of circuit 96 -- done
rank 28 | trajectory 36 of circuit 81 -- done
rank 41 | trajectory 51 of circuit 99 -- done
rank 10 | trajectory 88 of circuit 74 -- done
rank 13 | trajectory 79 of circuit 89 -- done
rank 34 | trajectory 73 of circuit 6 -- done
rank 49 | trajectory 19 of circuit 49 -- done
rank 34 | trajectory 32 of circuit 2 -- done
rank 7 | trajectory 11 of circuit 22 -- done
rank 49 | trajectory 46 of circuit 73 -- done
rank 17 | trajectory 77 of circuit 42 -- done
rank 11 | trajectory 27 of circuit 99 -- done
rank 37 | trajectory 68 of circuit 24 -- done
rank 37 | trajectory 20 of circuit 53 -- done
rank 37 | trajectory 53 of circuit 75 -- done
rank 7 | trajectory 52 of circuit 60 -- done
rank 43 | trajectory 58 of circuit 61 -- done
rank 29 | trajectory 39 of circuit 42 -- done
rank 20 | trajectory 6 of circuit 77 -- done
rank 7 | trajectory 8 of circuit 78 -- done
rank 17 | trajectory 14 of circuit 90 -- done
rank 22 | trajectory 70 of circuit 75 -- done
rank 44 | trajectory 16 of circuit 63 -- done
rank 14 | trajectory 24 of circuit 87 -- done
rank 39 | trajectory 81 of circuit 38 -- done
rank 7 | trajectory 25 of circuit 39 -- done
rank 29 | trajectory 56 of circuit 64 -- done
rank 37 | trajectory 89 of circuit 88 -- done
rank 26 | trajectory 5 of circuit 76 -- done
rank 5 | trajectory 2 of circuit 85 -- done
rank 8 | trajectory 89 of circuit 80 -- done
rank 5 | trajectory 19 of circuit 90 -- done
rank 19 | trajectory 64 of circuit 90 -- done
rank 36 | trajectory 1 of circuit 98 -- done
rank 8 | trajectory 90 of circuit 7 -- done
rank 28 | trajectory 11 of circuit 68 -- done
rank 41 | trajectory 74 of circuit 100 -- done
rank 48 | trajectory 17 of circuit 73 -- done
rank 13 | trajectory 6 of circuit 99 -- done
rank 5 | trajectory 26 of circuit 47 -- done
rank 17 | trajectory 17 of circuit 46 -- done
rank 49 | trajectory 6 of circuit 47 -- done
rank 5 | trajectory 72 of circuit 97 -- done
rank 44 | trajectory 32 of circuit 98 -- done
rank 9 | trajectory 65 of circuit 100 -- done
rank 44 | trajectory 92 of circuit 75 -- done
rank 10 | trajectory 17 of circuit 88 -- done
rank 44 | trajectory 82 of circuit 64 -- done
rank 33 | trajectory 12 of circuit 62 -- done
rank 37 | trajectory 64 of circuit 71 -- done
rank 9 | trajectory 87 of circuit 17 -- done
rank 40 | trajectory 45 of circuit 13 -- done
rank 31 | trajectory 32 of circuit 87 -- done
rank 22 | trajectory 41 of circuit 78 -- done
rank 7 | trajectory 14 of circuit 92 -- done
rank 21 | trajectory 86 of circuit 72 -- done
rank 31 | trajectory 6 of circuit 3 -- done
rank 17 | trajectory 68 of circuit 43 -- done
rank 2 | trajectory 78 of circuit 50 -- done
rank 34 | trajectory 68 of circuit 100 -- done
rank 10 | trajectory 62 of circuit 77 -- done
rank 49 | trajectory 42 of circuit 21 -- done
rank 8 | trajectory 9 of circuit 86 -- done
rank 9 | trajectory 79 of circuit 32 -- done
rank 44 | trajectory 71 of circuit 49 -- done
rank 22 | trajectory 49 of circuit 71 -- done
rank 5 | trajectory 53 of circuit 41 -- done
rank 5 | trajectory 73 of circuit 63 -- done
rank 31 | trajectory 79 of circuit 72 -- done
rank 21 | trajectory 94 of circuit 82 -- done
rank 1 | trajectory 44 of circuit 34 -- done
rank 15 | trajectory 83 of circuit 79 -- done
rank 21 | trajectory 84 of circuit 86 -- done
rank 38 | trajectory 70 of circuit 59 -- done
rank 49 | trajectory 61 of circuit 80 -- done
rank 17 | trajectory 1 of circuit 34 -- done
rank 38 | trajectory 42 of circuit 94 -- done
rank 19 | trajectory 54 of circuit 96 -- done
rank 44 | trajectory 50 of circuit 7 -- done
rank 31 | trajectory 66 of circuit 33 -- done
rank 37 | trajectory 49 of circuit 49 -- done
rank 37 | trajectory 45 of circuit 63 -- done
rank 42 | trajectory 76 of circuit 72 -- done
rank 20 | trajectory 62 of circuit 81 -- done
rank 17 | trajectory 68 of circuit 68 -- done
rank 21 | trajectory 35 of circuit 74 -- done
rank 49 | trajectory 52 of circuit 100 -- done
rank 8 | trajectory 2 of circuit 93 -- done
rank 37 | trajectory 44 of circuit 39 -- done
rank 40 | trajectory 94 of circuit 80 -- done
rank 49 | trajectory 59 of circuit 81 -- done
rank 21 | trajectory 69 of circuit 93 -- done
rank 25 | trajectory 5 of circuit 88 -- done
rank 42 | trajectory 86 of circuit 99 -- done
rank 45 | trajectory 32 of circuit 90 -- done
rank 22 | trajectory 24 of circuit 77 -- done
rank 44 | trajectory 11 of circuit 50 -- done
rank 37 | trajectory 91 of circuit 87 -- done
rank 21 | trajectory 91 of circuit 60 -- done
rank 17 | trajectory 15 of circuit 66 -- done
rank 34 | trajectory 52 of circuit 73 -- done
rank 47 | trajectory 42 of circuit 88 -- done
rank 11 | trajectory 50 of circuit 51 -- done
rank 31 | trajectory 23 of circuit 93 -- done
rank 31 | trajectory 31 of circuit 90 -- done
rank 24 | trajectory 86 of circuit 96 -- done
rank 21 | trajectory 89 of circuit 62 -- done
rank 19 | trajectory 49 of circuit 81 -- done
rank 17 | trajectory 4 of circuit 77 -- done
rank 19 | trajectory 77 of circuit 53 -- done
rank 37 | trajectory 3 of circuit 70 -- done
rank 21 | trajectory 1 of circuit 79 -- done
rank 7 | trajectory 84 of circuit 24 -- done
rank 31 | trajectory 13 of circuit 80 -- done
rank 9 | trajectory 75 of circuit 71 -- done
rank 2 | trajectory 86 of circuit 83 -- done
rank 1 | trajectory 81 of circuit 96 -- done
rank 2 | trajectory 21 of circuit 84 -- done
rank 8 | trajectory 70 of circuit 83 -- done
rank 26 | trajectory 1 of circuit 78 -- done
rank 35 | trajectory 30 of circuit 99 -- done
rank 22 | trajectory 65 of circuit 44 -- done
rank 15 | trajectory 95 of circuit 85 -- done
rank 27 | trajectory 64 of circuit 87 -- done
rank 30 | trajectory 78 of circuit 56 -- done
rank 21 | trajectory 52 of circuit 84 -- done
rank 11 | trajectory 16 of circuit 17 -- done
rank 1 | trajectory 21 of circuit 95 -- done
rank 4 | trajectory 68 of circuit 8 -- done
rank 21 | trajectory 12 of circuit 92 -- done
rank 43 | trajectory 32 of circuit 100 -- done
rank 11 | trajectory 81 of circuit 61 -- done
rank 29 | trajectory 69 of circuit 17 -- done
rank 17 | trajectory 62 of circuit 83 -- done
rank 34 | trajectory 60 of circuit 2 -- done
rank 34 | trajectory 46 of circuit 50 -- done
rank 49 | trajectory 51 of circuit 95 -- done
rank 5 | trajectory 7 of circuit 66 -- done
rank 37 | trajectory 11 of circuit 85 -- done
rank 21 | trajectory 35 of circuit 77 -- done
rank 11 | trajectory 31 of circuit 100 -- done
rank 34 | trajectory 85 of circuit 81 -- done
rank 9 | trajectory 60 of circuit 49 -- done
rank 1 | trajectory 43 of circuit 98 -- done
rank 21 | trajectory 6 of circuit 45 -- done
rank 22 | trajectory 91 of circuit 75 -- done
rank 20 | trajectory 1 of circuit 83 -- done
rank 9 | trajectory 31 of circuit 21 -- done
rank 34 | trajectory 13 of circuit 55 -- done
rank 3 | trajectory 7 of circuit 99 -- done
rank 41 | trajectory 22 of circuit 79 -- done
rank 1 | trajectory 6 of circuit 93 -- done
rank 9 | trajectory 51 of circuit 97 -- done
rank 45 | trajectory 35 of circuit 90 -- done
rank 37 | trajectory 40 of circuit 72 -- done
rank 5 | trajectory 74 of circuit 85 -- done
rank 34 | trajectory 8 of circuit 84 -- done
rank 27 | trajectory 9 of circuit 89 -- done
rank 37 | trajectory 23 of circuit 99 -- done
rank 6 | trajectory 83 of circuit 98 -- done
rank 17 | trajectory 19 of circuit 75 -- done
rank 17 | trajectory 82 of circuit 88 -- done
rank 21 | trajectory 24 of circuit 2 -- done
rank 4 | trajectory 29 of circuit 74 -- done
rank 28 | trajectory 91 of circuit 89 -- done
rank 4 | trajectory 92 of circuit 38 -- done
rank 40 | trajectory 57 of circuit 40 -- done
rank 49 | trajectory 23 of circuit 84 -- done
rank 44 | trajectory 23 of circuit 65 -- done
rank 37 | trajectory 31 of circuit 52 -- done
rank 37 | trajectory 85 of circuit 91 -- done
rank 13 | trajectory 91 of circuit 34 -- done
rank 13 | trajectory 78 of circuit 88 -- done
rank 21 | trajectory 14 of circuit 61 -- done
rank 49 | trajectory 73 of circuit 85 -- done
rank 11 | trajectory 67 of circuit 96 -- done
rank 36 | trajectory 43 of circuit 92 -- done
rank 22 | trajectory 50 of circuit 88 -- done
rank 41 | trajectory 69 of circuit 75 -- done
rank 10 | trajectory 58 of circuit 35 -- done
rank 26 | trajectory 51 of circuit 75 -- done
rank 35 | trajectory 78 of circuit 82 -- done
rank 9 | trajectory 71 of circuit 41 -- done
rank 31 | trajectory 90 of circuit 27 -- done
rank 35 | trajectory 77 of circuit 83 -- done
rank 44 | trajectory 57 of circuit 97 -- done
rank 40 | trajectory 33 of circuit 100 -- done
rank 26 | trajectory 96 of circuit 90 -- done
rank 8 | trajectory 92 of circuit 79 -- done
rank 37 | trajectory 94 of circuit 96 -- done
rank 28 | trajectory 42 of circuit 70 -- done
rank 37 | trajectory 28 of circuit 43 -- done
rank 2 | trajectory 4 of circuit 93 -- done
rank 10 | trajectory 61 of circuit 87 -- done
rank 32 | trajectory 64 of circuit 77 -- done
rank 43 | trajectory 73 of circuit 76 -- done
rank 19 | trajectory 61 of circuit 15 -- done
rank 47 | trajectory 54 of circuit 71 -- done
rank 7 | trajectory 94 of circuit 38 -- done
rank 36 | trajectory 32 of circuit 65 -- done
rank 44 | trajectory 53 of circuit 45 -- done
rank 7 | trajectory 33 of circuit 49 -- done
rank 37 | trajectory 48 of circuit 86 -- done
rank 1 | trajectory 65 of circuit 82 -- done
rank 21 | trajectory 95 of circuit 3 -- done
rank 44 | trajectory 50 of circuit 95 -- done
rank 37 | trajectory 2 of circuit 95 -- done
rank 11 | trajectory 29 of circuit 92 -- done
rank 20 | trajectory 3 of circuit 97 -- done
rank 14 | trajectory 55 of circuit 69 -- done
rank 19 | trajectory 74 of circuit 19 -- done
rank 31 | trajectory 92 of circuit 72 -- done
rank 45 | trajectory 96 of circuit 59 -- done
rank 19 | trajectory 81 of circuit 19 -- done
rank 19 | trajectory 23 of circuit 8 -- done
rank 11 | trajectory 19 of circuit 99 -- done
rank 38 | trajectory 45 of circuit 100 -- done
rank 24 | trajectory 60 of circuit 99 -- done
rank 1 | trajectory 70 of circuit 76 -- done
rank 13 | trajectory 71 of circuit 54 -- done
rank 37 | trajectory 81 of circuit 46 -- done
rank 32 | trajectory 61 of circuit 14 -- done
rank 12 | trajectory 73 of circuit 94 -- done
rank 7 | trajectory 89 of circuit 86 -- done
rank 28 | trajectory 54 of circuit 92 -- done
rank 40 | trajectory 56 of circuit 81 -- done
rank 24 | trajectory 1 of circuit 39 -- done
rank 21 | trajectory 96 of circuit 72 -- done
rank 37 | trajectory 24 of circuit 17 -- done
rank 30 | trajectory 19 of circuit 76 -- done
rank 38 | trajectory 42 of circuit 97 -- done
rank 32 | trajectory 89 of circuit 13 -- done
rank 8 | trajectory 19 of circuit 36 -- done
rank 36 | trajectory 48 of circuit 96 -- done
rank 17 | trajectory 81 of circuit 74 -- done
rank 2 | trajectory 34 of circuit 95 -- done
rank 7 | trajectory 76 of circuit 24 -- done
rank 39 | trajectory 19 of circuit 100 -- done
rank 31 | trajectory 51 of circuit 20 -- done
rank 41 | trajectory 23 of circuit 56 -- done
rank 39 | trajectory 9 of circuit 83 -- done
rank 37 | trajectory 73 of circuit 34 -- done
rank 38 | trajectory 6 of circuit 28 -- done
rank 13 | trajectory 19 of circuit 83 -- done
rank 10 | trajectory 34 of circuit 98 -- done
rank 28 | trajectory 91 of circuit 50 -- done
rank 34 | trajectory 80 of circuit 96 -- done
rank 49 | trajectory 62 of circuit 24 -- done
rank 31 | trajectory 20 of circuit 67 -- done
rank 5 | trajectory 89 of circuit 52 -- done
rank 5 | trajectory 31 of circuit 40 -- done
rank 31 | trajectory 5 of circuit 73 -- done
rank 15 | trajectory 34 of circuit 76 -- done
rank 25 | trajectory 2 of circuit 57 -- done
rank 47 | trajectory 12 of circuit 36 -- done
rank 40 | trajectory 52 of circuit 47 -- done
rank 28 | trajectory 4 of circuit 95 -- done
rank 38 | trajectory 82 of circuit 44 -- done
rank 7 | trajectory 30 of circuit 100 -- done
rank 31 | trajectory 59 of circuit 24 -- done
rank 33 | trajectory 57 of circuit 58 -- done
rank 45 | trajectory 75 of circuit 27 -- done
rank 34 | trajectory 63 of circuit 75 -- done
rank 8 | trajectory 49 of circuit 100 -- done
rank 48 | trajectory 33 of circuit 96 -- done
rank 3 | trajectory 35 of circuit 96 -- done
rank 19 | trajectory 6 of circuit 23 -- done
rank 34 | trajectory 70 of circuit 93 -- done
rank 33 | trajectory 24 of circuit 11 -- done
rank 44 | trajectory 96 of circuit 58 -- done
rank 11 | trajectory 65 of circuit 11 -- done
rank 20 | trajectory 90 of circuit 80 -- done
rank 19 | trajectory 63 of circuit 80 -- done
rank 21 | trajectory 79 of circuit 73 -- done
rank 27 | trajectory 19 of circuit 85 -- done
rank 44 | trajectory 52 of circuit 12 -- done
rank 49 | trajectory 27 of circuit 81 -- done
rank 17 | trajectory 51 of circuit 47 -- done
rank 4 | trajectory 89 of circuit 70 -- done
rank 33 | trajectory 45 of circuit 75 -- done
rank 34 | trajectory 40 of circuit 98 -- done
rank 10 | trajectory 33 of circuit 62 -- done
rank 22 | trajectory 39 of circuit 68 -- done
rank 8 | trajectory 20 of circuit 87 -- done
rank 47 | trajectory 60 of circuit 86 -- done
rank 29 | trajectory 9 of circuit 46 -- done
rank 10 | trajectory 26 of circuit 67 -- done
rank 35 | trajectory 8 of circuit 36 -- done
rank 14 | trajectory 59 of circuit 61 -- done
rank 10 | trajectory 38 of circuit 38 -- done
rank 35 | trajectory 80 of circuit 69 -- done
rank 20 | trajectory 23 of circuit 34 -- done
rank 21 | trajectory 80 of circuit 77 -- done
rank 46 | trajectory 81 of circuit 91 -- done
rank 21 | trajectory 49 of circuit 87 -- done
rank 44 | trajectory 53 of circuit 39 -- done
rank 21 | trajectory 27 of circuit 85 -- done
rank 7 | trajectory 19 of circuit 87 -- done
rank 40 | trajectory 63 of circuit 98 -- done
rank 3 | trajectory 5 of circuit 51 -- done
rank 31 | trajectory 91 of circuit 33 -- done
rank 13 | trajectory 43 of circuit 49 -- done
rank 6 | trajectory 56 of circuit 4 -- done
rank 24 | trajectory 34 of circuit 91 -- done
rank 15 | trajectory 15 of circuit 63 -- done
rank 13 | trajectory 83 of circuit 35 -- done
rank 10 | trajectory 32 of circuit 53 -- done
rank 31 | trajectory 85 of circuit 16 -- done
rank 31 | trajectory 67 of circuit 68 -- done
rank 26 | trajectory 76 of circuit 81 -- done
rank 14 | trajectory 30 of circuit 91 -- done
rank 39 | trajectory 43 of circuit 100 -- done
rank 7 | trajectory 8 of circuit 53 -- done
rank 37 | trajectory 33 of circuit 56 -- done
rank 28 | trajectory 33 of circuit 82 -- done
rank 21 | trajectory 27 of circuit 42 -- done
rank 8 | trajectory 78 of circuit 85 -- done
rank 22 | trajectory 77 of circuit 71 -- done
rank 16 | trajectory 73 of circuit 72 -- done
rank 8 | trajectory 90 of circuit 3 -- done
rank 13 | trajectory 10 of circuit 60 -- done
rank 8 | trajectory 79 of circuit 96 -- done
rank 19 | trajectory 33 of circuit 84 -- done
rank 2 | trajectory 72 of circuit 96 -- done
rank 14 | trajectory 57 of circuit 100 -- done
rank 35 | trajectory 65 of circuit 95 -- done
rank 2 | trajectory 92 of circuit 93 -- done
rank 35 | trajectory 66 of circuit 59 -- done
rank 44 | trajectory 58 of circuit 87 -- done
rank 44 | trajectory 67 of circuit 37 -- done
rank 49 | trajectory 48 of circuit 99 -- done
rank 49 | trajectory 4 of circuit 73 -- done
rank 10 | trajectory 3 of circuit 89 -- done
rank 27 | trajectory 75 of circuit 70 -- done
rank 8 | trajectory 19 of circuit 21 -- done
rank 22 | trajectory 63 of circuit 87 -- done
rank 19 | trajectory 5 of circuit 62 -- done
rank 49 | trajectory 64 of circuit 56 -- done
rank 40 | trajectory 55 of circuit 50 -- done
rank 13 | trajectory 5 of circuit 64 -- done
rank 20 | trajectory 91 of circuit 71 -- done
rank 37 | trajectory 93 of circuit 24 -- done
rank 33 | trajectory 74 of circuit 99 -- done
rank 27 | trajectory 63 of circuit 100 -- done
rank 31 | trajectory 46 of circuit 36 -- done
rank 21 | trajectory 64 of circuit 5 -- done
rank 41 | trajectory 55 of circuit 95 -- done
rank 31 | trajectory 12 of circuit 65 -- done
rank 40 | trajectory 68 of circuit 78 -- done
rank 5 | trajectory 70 of circuit 64 -- done
rank 17 | trajectory 93 of circuit 93 -- done
rank 33 | trajectory 36 of circuit 87 -- done
rank 17 | trajectory 39 of circuit 26 -- done
rank 49 | trajectory 86 of circuit 54 -- done
rank 7 | trajectory 93 of circuit 40 -- done
rank 26 | trajectory 94 of circuit 54 -- done
rank 27 | trajectory 17 of circuit 54 -- done
rank 1 | trajectory 50 of circuit 59 -- done
rank 1 | trajectory 71 of circuit 90 -- done
rank 24 | trajectory 30 of circuit 55 -- done
rank 40 | trajectory 56 of circuit 89 -- done
rank 26 | trajectory 54 of circuit 89 -- done
rank 3 | trajectory 28 of circuit 100 -- done
rank 9 | trajectory 39 of circuit 96 -- done
rank 6 | trajectory 47 of circuit 62 -- done
rank 22 | trajectory 74 of circuit 56 -- done
rank 37 | trajectory 54 of circuit 40 -- done
rank 13 | trajectory 44 of circuit 91 -- done
rank 26 | trajectory 57 of circuit 59 -- done
rank 35 | trajectory 96 of circuit 45 -- done
rank 26 | trajectory 61 of circuit 95 -- done
rank 44 | trajectory 75 of circuit 99 -- done
rank 0 | trajectory 9 of circuit 84 -- done
rank 35 | trajectory 74 of circuit 83 -- done
rank 24 | trajectory 46 of circuit 95 -- done
rank 34 | trajectory 74 of circuit 57 -- done
rank 11 | trajectory 57 of circuit 19 -- done
rank 9 | trajectory 10 of circuit 47 -- done
rank 40 | trajectory 64 of circuit 97 -- done
rank 37 | trajectory 61 of circuit 53 -- done
rank 49 | trajectory 91 of circuit 39 -- done
rank 33 | trajectory 82 of circuit 100 -- done
rank 9 | trajectory 81 of circuit 69 -- done
rank 14 | trajectory 28 of circuit 77 -- done
rank 3 | trajectory 27 of circuit 45 -- done
rank 46 | trajectory 23 of circuit 73 -- done
rank 30 | trajectory 36 of circuit 57 -- done
rank 24 | trajectory 77 of circuit 87 -- done
rank 37 | trajectory 16 of circuit 49 -- done
rank 17 | trajectory 57 of circuit 75 -- done
rank 31 | trajectory 39 of circuit 44 -- done
rank 17 | trajectory 53 of circuit 71 -- done
rank 11 | trajectory 39 of circuit 90 -- done
rank 41 | trajectory 66 of circuit 95 -- done
rank 37 | trajectory 63 of circuit 32 -- done
rank 33 | trajectory 45 of circuit 79 -- done
rank 36 | trajectory 3 of circuit 99 -- done
rank 49 | trajectory 87 of circuit 36 -- done
rank 17 | trajectory 48 of circuit 74 -- done
rank 7 | trajectory 89 of circuit 29 -- done
rank 43 | trajectory 85 of circuit 74 -- done
rank 36 | trajectory 91 of circuit 44 -- done
rank 2 | trajectory 72 of circuit 82 -- done
rank 22 | trajectory 59 of circuit 89 -- done
rank 37 | trajectory 55 of circuit 76 -- done
rank 22 | trajectory 31 of circuit 99 -- done
rank 13 | trajectory 32 of circuit 89 -- done
rank 30 | trajectory 76 of circuit 50 -- done
rank 25 | trajectory 67 of circuit 59 -- done
rank 13 | trajectory 60 of circuit 67 -- done
rank 8 | trajectory 53 of circuit 58 -- done
rank 45 | trajectory 16 of circuit 81 -- done
rank 10 | trajectory 31 of circuit 92 -- done
rank 8 | trajectory 7 of circuit 28 -- done
rank 31 | trajectory 76 of circuit 74 -- done
rank 34 | trajectory 89 of circuit 57 -- done
rank 31 | trajectory 49 of circuit 10 -- done
rank 31 | trajectory 96 of circuit 30 -- done
rank 43 | trajectory 9 of circuit 56 -- done
rank 44 | trajectory 59 of circuit 16 -- done
rank 19 | trajectory 52 of circuit 14 -- done
rank 4 | trajectory 57 of circuit 92 -- done
rank 17 | trajectory 9 of circuit 3 -- done
rank 10 | trajectory 79 of circuit 28 -- done
rank 13 | trajectory 85 of circuit 77 -- done
rank 22 | trajectory 86 of circuit 81 -- done
rank 22 | trajectory 48 of circuit 59 -- done
rank 21 | trajectory 93 of circuit 91 -- done
rank 5 | trajectory 48 of circuit 85 -- done
rank 8 | trajectory 91 of circuit 88 -- done
rank 17 | trajectory 13 of circuit 90 -- done
rank 22 | trajectory 16 of circuit 45 -- done
rank 44 | trajectory 3 of circuit 59 -- done
rank 37 | trajectory 21 of circuit 93 -- done
rank 40 | trajectory 24 of circuit 95 -- done
rank 4 | trajectory 62 of circuit 15 -- done
rank 17 | trajectory 78 of circuit 43 -- done
rank 21 | trajectory 8 of circuit 80 -- done
rank 17 | trajectory 54 of circuit 86 -- done
rank 37 | trajectory 43 of circuit 76 -- done
rank 11 | trajectory 51 of circuit 23 -- done
rank 45 | trajectory 53 of circuit 87 -- done
rank 37 | trajectory 58 of circuit 78 -- done
rank 28 | trajectory 60 of circuit 9 -- done
rank 10 | trajectory 54 of circuit 24 -- done
rank 26 | trajectory 85 of circuit 86 -- done
rank 29 | trajectory 42 of circuit 84 -- done
rank 20 | trajectory 7 of circuit 93 -- done
rank 21 | trajectory 43 of circuit 69 -- done
rank 1 | trajectory 19 of circuit 82 -- done
rank 31 | trajectory 48 of circuit 30 -- done
rank 44 | trajectory 44 of circuit 98 -- done
rank 42 | trajectory 49 of circuit 48 -- done
rank 41 | trajectory 17 of circuit 81 -- done
rank 44 | trajectory 9 of circuit 31 -- done
rank 31 | trajectory 80 of circuit 36 -- done
rank 33 | trajectory 32 of circuit 82 -- done
rank 1 | trajectory 94 of circuit 16 -- done
rank 18 | trajectory 60 of circuit 72 -- done
rank 31 | trajectory 18 of circuit 78 -- done
rank 8 | trajectory 30 of circuit 52 -- done
rank 33 | trajectory 43 of circuit 89 -- done
rank 31 | trajectory 36 of circuit 90 -- done
rank 45 | trajectory 65 of circuit 94 -- done
rank 45 | trajectory 17 of circuit 80 -- done
rank 24 | trajectory 58 of circuit 95 -- done
rank 25 | trajectory 83 of circuit 62 -- done
rank 30 | trajectory 83 of circuit 53 -- done
rank 37 | trajectory 41 of circuit 42 -- done
rank 25 | trajectory 14 of circuit 73 -- done
rank 31 | trajectory 67 of circuit 42 -- done
rank 21 | trajectory 34 of circuit 55 -- done
rank 2 | trajectory 12 of circuit 88 -- done
rank 5 | trajectory 74 of circuit 69 -- done
rank 45 | trajectory 85 of circuit 64 -- done
rank 48 | trajectory 82 of circuit 98 -- done
rank 40 | trajectory 33 of circuit 71 -- done
rank 39 | trajectory 18 of circuit 82 -- done
rank 5 | trajectory 66 of circuit 19 -- done
rank 36 | trajectory 83 of circuit 73 -- done
rank 27 | trajectory 52 of circuit 79 -- done
rank 29 | trajectory 2 of circuit 43 -- done
rank 35 | trajectory 93 of circuit 86 -- done
rank 31 | trajectory 63 of circuit 56 -- done
rank 27 | trajectory 1 of circuit 7 -- done
rank 31 | trajectory 20 of circuit 92 -- done
rank 15 | trajectory 27 of circuit 27 -- done
rank 10 | trajectory 37 of circuit 13 -- done
rank 40 | trajectory 35 of circuit 75 -- done
rank 31 | trajectory 41 of circuit 12 -- done
rank 21 | trajectory 3 of circuit 63 -- done
rank 4 | trajectory 4 of circuit 96 -- done
rank 37 | trajectory 77 of circuit 7 -- done
rank 9 | trajectory 7 of circuit 61 -- done
rank 45 | trajectory 24 of circuit 45 -- done
rank 32 | trajectory 80 of circuit 84 -- done
rank 2 | trajectory 69 of circuit 66 -- done
rank 17 | trajectory 22 of circuit 97 -- done
rank 8 | trajectory 80 of circuit 26 -- done
rank 2 | trajectory 75 of circuit 75 -- done
rank 35 | trajectory 67 of circuit 76 -- done
rank 37 | trajectory 90 of circuit 15 -- done
rank 5 | trajectory 26 of circuit 21 -- done
rank 1 | trajectory 20 of circuit 100 -- done
rank 9 | trajectory 47 of circuit 37 -- done
rank 12 | trajectory 17 of circuit 92 -- done
rank 1 | trajectory 15 of circuit 92 -- done
rank 13 | trajectory 27 of circuit 41 -- done
rank 38 | trajectory 75 of circuit 54 -- done
rank 33 | trajectory 52 of circuit 63 -- done
rank 37 | trajectory 18 of circuit 14 -- done
rank 37 | trajectory 11 of circuit 70 -- done
rank 31 | trajectory 5 of circuit 63 -- done
rank 47 | trajectory 6 of circuit 87 -- done
rank 45 | trajectory 91 of circuit 70 -- done
rank 5 | trajectory 96 of circuit 84 -- done
rank 35 | trajectory 55 of circuit 61 -- done
rank 49 | trajectory 77 of circuit 3 -- done
rank 5 | trajectory 17 of circuit 91 -- done
rank 19 | trajectory 91 of circuit 55 -- done
rank 17 | trajectory 83 of circuit 40 -- done
rank 15 | trajectory 69 of circuit 96 -- done
rank 44 | trajectory 61 of circuit 61 -- done
rank 24 | trajectory 24 of circuit 54 -- done
rank 11 | trajectory 8 of circuit 86 -- done
rank 22 | trajectory 81 of circuit 76 -- done
rank 37 | trajectory 78 of circuit 28 -- done
rank 17 | trajectory 66 of circuit 43 -- done
rank 8 | trajectory 25 of circuit 92 -- done
rank 31 | trajectory 86 of circuit 49 -- done
rank 25 | trajectory 51 of circuit 39 -- done
rank 15 | trajectory 41 of circuit 39 -- done
rank 1 | trajectory 65 of circuit 71 -- done
rank 37 | trajectory 88 of circuit 64 -- done
rank 11 | trajectory 96 of circuit 34 -- done
rank 31 | trajectory 2 of circuit 71 -- done
rank 32 | trajectory 6 of circuit 71 -- done
rank 45 | trajectory 35 of circuit 95 -- done
rank 35 | trajectory 42 of circuit 28 -- done
rank 21 | trajectory 19 of circuit 62 -- done
rank 7 | trajectory 77 of circuit 58 -- done
rank 11 | trajectory 89 of circuit 100 -- done
rank 26 | trajectory 48 of circuit 92 -- done
rank 10 | trajectory 58 of circuit 64 -- done
rank 44 | trajectory 32 of circuit 68 -- done
rank 44 | trajectory 46 of circuit 83 -- done
rank 21 | trajectory 15 of circuit 59 -- done
rank 23 | trajectory 19 of circuit 84 -- done
rank 2 | trajectory 58 of circuit 53 -- done
rank 31 | trajectory 74 of circuit 34 -- done
rank 40 | trajectory 59 of circuit 72 -- done
rank 21 | trajectory 41 of circuit 99 -- done
rank 5 | trajectory 8 of circuit 99 -- done
rank 15 | trajectory 75 of circuit 86 -- done
rank 34 | trajectory 37 of circuit 85 -- done
rank 29 | trajectory 44 of circuit 99 -- done
rank 21 | trajectory 38 of circuit 69 -- done
rank 23 | trajectory 61 of circuit 89 -- done
rank 29 | trajectory 29 of circuit 82 -- done
rank 49 | trajectory 14 of circuit 42 -- done
rank 21 | trajectory 80 of circuit 25 -- done
rank 39 | trajectory 63 of circuit 88 -- done
rank 8 | trajectory 75 of circuit 17 -- done
rank 5 | trajectory 88 of circuit 54 -- done
rank 37 | trajectory 52 of circuit 16 -- done
rank 19 | trajectory 65 of circuit 85 -- done
rank 44 | trajectory 5 of circuit 84 -- done
rank 37 | trajectory 49 of circuit 53 -- done
rank 31 | trajectory 47 of circuit 86 -- done
rank 27 | trajectory 18 of circuit 95 -- done
rank 24 | trajectory 61 of circuit 76 -- done
rank 6 | trajectory 55 of circuit 3 -- done
rank 21 | trajectory 42 of circuit 58 -- done
rank 22 | trajectory 64 of circuit 59 -- done
rank 38 | trajectory 47 of circuit 84 -- done
rank 1 | trajectory 56 of circuit 12 -- done
rank 6 | trajectory 70 of circuit 9 -- done
rank 23 | trajectory 11 of circuit 98 -- done
rank 17 | trajectory 52 of circuit 27 -- done
rank 42 | trajectory 72 of circuit 68 -- done
rank 2 | trajectory 8 of circuit 91 -- done
rank 38 | trajectory 65 of circuit 74 -- done
rank 33 | trajectory 86 of circuit 64 -- done
rank 40 | trajectory 69 of circuit 99 -- done
rank 17 | trajectory 5 of circuit 95 -- done
rank 31 | trajectory 1 of circuit 61 -- done
rank 11 | trajectory 15 of circuit 99 -- done
rank 21 | trajectory 2 of circuit 68 -- done
rank 26 | trajectory 79 of circuit 90 -- done
rank 1 | trajectory 14 of circuit 52 -- done
rank 15 | trajectory 24 of circuit 41 -- done
rank 35 | trajectory 96 of circuit 81 -- done
rank 22 | trajectory 71 of circuit 77 -- done
rank 36 | trajectory 60 of circuit 88 -- done
rank 20 | trajectory 37 of circuit 60 -- done
rank 7 | trajectory 75 of circuit 95 -- done
rank 49 | trajectory 50 of circuit 18 -- done
rank 31 | trajectory 83 of circuit 69 -- done
rank 7 | trajectory 66 of circuit 88 -- done
rank 47 | trajectory 25 of circuit 81 -- done
rank 22 | trajectory 57 of circuit 80 -- done
rank 19 | trajectory 88 of circuit 1 -- done
rank 19 | trajectory 12 of circuit 97 -- done
rank 2 | trajectory 20 of circuit 43 -- done
rank 28 | trajectory 83 of circuit 65 -- done
rank 35 | trajectory 88 of circuit 63 -- done
rank 1 | trajectory 71 of circuit 75 -- done
rank 7 | trajectory 59 of circuit 19 -- done
rank 10 | trajectory 47 of circuit 32 -- done
rank 17 | trajectory 88 of circuit 100 -- done
rank 2 | trajectory 38 of circuit 83 -- done
rank 32 | trajectory 48 of circuit 82 -- done
rank 9 | trajectory 82 of circuit 52 -- done
rank 10 | trajectory 87 of circuit 67 -- done
rank 37 | trajectory 7 of circuit 9 -- done
rank 6 | trajectory 76 of circuit 54 -- done
rank 38 | trajectory 15 of circuit 53 -- done
rank 17 | trajectory 31 of circuit 97 -- done
rank 16 | trajectory 1 of circuit 33 -- done
rank 34 | trajectory 20 of circuit 30 -- done
rank 43 | trajectory 94 of circuit 39 -- done
rank 8 | trajectory 32 of circuit 74 -- done
rank 10 | trajectory 46 of circuit 99 -- done
rank 44 | trajectory 88 of circuit 22 -- done
rank 25 | trajectory 66 of circuit 31 -- done
rank 28 | trajectory 34 of circuit 99 -- done
rank 30 | trajectory 52 of circuit 90 -- done
rank 44 | trajectory 61 of circuit 84 -- done
rank 17 | trajectory 33 of circuit 85 -- done
rank 39 | trajectory 51 of circuit 67 -- done
rank 38 | trajectory 77 of circuit 56 -- done
rank 26 | trajectory 35 of circuit 81 -- done
rank 10 | trajectory 71 of circuit 27 -- done
rank 28 | trajectory 55 of circuit 83 -- done
rank 38 | trajectory 84 of circuit 17 -- done
rank 1 | trajectory 6 of circuit 81 -- done
rank 45 | trajectory 54 of circuit 97 -- done
rank 40 | trajectory 15 of circuit 51 -- done
rank 1 | trajectory 37 of circuit 77 -- done
rank 7 | trajectory 63 of circuit 73 -- done
rank 10 | trajectory 68 of circuit 36 -- done
rank 34 | trajectory 6 of circuit 53 -- done
rank 15 | trajectory 26 of circuit 85 -- done
rank 26 | trajectory 42 of circuit 71 -- done
rank 17 | trajectory 75 of circuit 15 -- done
rank 22 | trajectory 3 of circuit 92 -- done
rank 44 | trajectory 84 of circuit 36 -- done
rank 15 | trajectory 24 of circuit 91 -- done
rank 21 | trajectory 62 of circuit 73 -- done
rank 5 | trajectory 1 of circuit 97 -- done
rank 20 | trajectory 41 of circuit 86 -- done
rank 22 | trajectory 33 of circuit 22 -- done
rank 37 | trajectory 85 of circuit 12 -- done
rank 7 | trajectory 17 of circuit 83 -- done
rank 39 | trajectory 82 of circuit 56 -- done
rank 7 | trajectory 57 of circuit 47 -- done
rank 49 | trajectory 14 of circuit 38 -- done
rank 17 | trajectory 67 of circuit 54 -- done
rank 9 | trajectory 58 of circuit 66 -- done
rank 9 | trajectory 54 of circuit 49 -- done
rank 45 | trajectory 68 of circuit 91 -- done
rank 8 | trajectory 30 of circuit 3 -- done
rank 1 | trajectory 35 of circuit 86 -- done
rank 20 | trajectory 44 of circuit 63 -- done
rank 2 | trajectory 31 of circuit 41 -- done
rank 23 | trajectory 33 of circuit 94 -- done
rank 4 | trajectory 35 of circuit 17 -- done
rank 19 | trajectory 30 of circuit 66 -- done
rank 40 | trajectory 28 of circuit 83 -- done
rank 0 | trajectory 40 of circuit 79 -- done
rank 9 | trajectory 68 of circuit 79 -- done
rank 10 | trajectory 83 of circuit 99 -- done
rank 28 | trajectory 76 of circuit 85 -- done
rank 40 | trajectory 73 of circuit 90 -- done
rank 7 | trajectory 33 of circuit 25 -- done
rank 45 | trajectory 1 of circuit 71 -- done
rank 41 | trajectory 89 of circuit 53 -- done
rank 18 | trajectory 40 of circuit 93 -- done
rank 33 | trajectory 27 of circuit 72 -- done
rank 21 | trajectory 63 of circuit 90 -- done
rank 21 | trajectory 37 of circuit 96 -- done
rank 21 | trajectory 73 of circuit 95 -- done
rank 33 | trajectory 87 of circuit 20 -- done
rank 44 | trajectory 14 of circuit 3 -- done
rank 49 | trajectory 39 of circuit 55 -- done
rank 27 | trajectory 56 of circuit 99 -- done
rank 21 | trajectory 86 of circuit 93 -- done
rank 27 | trajectory 62 of circuit 100 -- done
rank 44 | trajectory 27 of circuit 90 -- done
rank 40 | trajectory 54 of circuit 70 -- done
rank 29 | trajectory 93 of circuit 98 -- done
rank 22 | trajectory 21 of circuit 97 -- done
rank 0 | trajectory 74 of circuit 76 -- done
rank 29 | trajectory 88 of circuit 31 -- done
rank 2 | trajectory 25 of circuit 76 -- done
rank 40 | trajectory 31 of circuit 74 -- done
rank 9 | trajectory 62 of circuit 96 -- done
rank 11 | trajectory 50 of circuit 43 -- done
rank 9 | trajectory 88 of circuit 73 -- done
rank 37 | trajectory 4 of circuit 59 -- done
rank 37 | trajectory 14 of circuit 67 -- done
rank 17 | trajectory 41 of circuit 69 -- done
rank 44 | trajectory 81 of circuit 54 -- done
rank 31 | trajectory 4 of circuit 2 -- done
rank 7 | trajectory 6 of circuit 97 -- done
rank 29 | trajectory 28 of circuit 91 -- done
rank 13 | trajectory 60 of circuit 56 -- done
rank 21 | trajectory 60 of circuit 11 -- done
rank 19 | trajectory 48 of circuit 52 -- done
rank 15 | trajectory 36 of circuit 60 -- done
rank 31 | trajectory 8 of circuit 72 -- done
rank 33 | trajectory 35 of circuit 56 -- done
rank 40 | trajectory 11 of circuit 28 -- done
rank 34 | trajectory 94 of circuit 42 -- done
rank 17 | trajectory 56 of circuit 8 -- done
rank 1 | trajectory 58 of circuit 85 -- done
rank 16 | trajectory 36 of circuit 41 -- done
rank 39 | trajectory 88 of circuit 93 -- done
rank 37 | trajectory 4 of circuit 22 -- done
rank 44 | trajectory 60 of circuit 100 -- done
rank 7 | trajectory 86 of circuit 1 -- done
rank 31 | trajectory 50 of circuit 64 -- done
rank 11 | trajectory 76 of circuit 30 -- done
rank 21 | trajectory 28 of circuit 96 -- done
rank 22 | trajectory 17 of circuit 59 -- done
rank 31 | trajectory 37 of circuit 93 -- done
rank 1 | trajectory 33 of circuit 15 -- done
rank 43 | trajectory 46 of circuit 97 -- done
rank 15 | trajectory 78 of circuit 33 -- done
rank 35 | trajectory 75 of circuit 91 -- done
rank 1 | trajectory 51 of circuit 77 -- done
rank 22 | trajectory 35 of circuit 64 -- done
rank 14 | trajectory 13 of circuit 97 -- done
rank 20 | trajectory 32 of circuit 26 -- done
rank 13 | trajectory 79 of circuit 33 -- done
rank 17 | trajectory 62 of circuit 75 -- done
rank 44 | trajectory 27 of circuit 23 -- done
rank 21 | trajectory 85 of circuit 94 -- done
rank 8 | trajectory 38 of circuit 32 -- done
rank 7 | trajectory 96 of circuit 14 -- done
rank 2 | trajectory 22 of circuit 30 -- done
rank 45 | trajectory 79 of circuit 66 -- done
rank 10 | trajectory 29 of circuit 57 -- done
rank 11 | trajectory 53 of circuit 78 -- done
rank 14 | trajectory 4 of circuit 65 -- done
rank 17 | trajectory 58 of circuit 33 -- done
rank 18 | trajectory 96 of circuit 46 -- done
rank 37 | trajectory 82 of circuit 81 -- done
rank 37 | trajectory 77 of circuit 66 -- done
rank 33 | trajectory 73 of circuit 68 -- done
rank 33 | trajectory 79 of circuit 67 -- done
rank 13 | trajectory 11 of circuit 100 -- done
rank 49 | trajectory 36 of circuit 56 -- done
rank 4 | trajectory 36 of circuit 64 -- done
rank 31 | trajectory 82 of circuit 73 -- done
rank 37 | trajectory 19 of circuit 25 -- done
rank 42 | trajectory 70 of circuit 98 -- done
rank 29 | trajectory 61 of circuit 81 -- done
rank 24 | trajectory 78 of circuit 96 -- done
rank 20 | trajectory 20 of circuit 83 -- done
rank 19 | trajectory 73 of circuit 48 -- done
rank 37 | trajectory 12 of circuit 79 -- done
rank 34 | trajectory 38 of circuit 77 -- done
rank 31 | trajectory 77 of circuit 26 -- done
rank 5 | trajectory 13 of circuit 24 -- done
rank 40 | trajectory 76 of circuit 19 -- done
rank 49 | trajectory 71 of circuit 69 -- done
rank 5 | trajectory 96 of circuit 37 -- done
rank 7 | trajectory 44 of circuit 74 -- done
rank 3 | trajectory 46 of circuit 55 -- done
rank 45 | trajectory 17 of circuit 87 -- done
rank 44 | trajectory 63 of circuit 86 -- done
rank 49 | trajectory 8 of circuit 81 -- done
rank 8 | trajectory 86 of circuit 22 -- done
rank 37 | trajectory 31 of circuit 25 -- done
rank 34 | trajectory 68 of circuit 99 -- done
rank 9 | trajectory 42 of circuit 55 -- done
rank 5 | trajectory 20 of circuit 25 -- done
rank 8 | trajectory 20 of circuit 80 -- done
rank 47 | trajectory 12 of circuit 8 -- done
rank 24 | trajectory 73 of circuit 79 -- done
rank 16 | trajectory 91 of circuit 95 -- done
rank 34 | trajectory 38 of circuit 70 -- done
rank 22 | trajectory 46 of circuit 67 -- done
rank 43 | trajectory 29 of circuit 36 -- done
rank 8 | trajectory 78 of circuit 48 -- done
rank 29 | trajectory 52 of circuit 57 -- done
rank 9 | trajectory 54 of circuit 51 -- done
rank 17 | trajectory 4 of circuit 94 -- done
rank 5 | trajectory 82 of circuit 42 -- done
rank 1 | trajectory 69 of circuit 5 -- done
rank 24 | trajectory 23 of circuit 74 -- done
rank 37 | trajectory 96 of circuit 8 -- done
rank 44 | trajectory 85 of circuit 75 -- done
rank 37 | trajectory 78 of circuit 66 -- done
rank 11 | trajectory 22 of circuit 61 -- done
rank 44 | trajectory 80 of circuit 89 -- done
rank 36 | trajectory 66 of circuit 51 -- done
rank 22 | trajectory 58 of circuit 36 -- done
rank 49 | trajectory 47 of circuit 52 -- done
rank 35 | trajectory 9 of circuit 40 -- done
rank 1 | trajectory 54 of circuit 56 -- done
rank 17 | trajectory 90 of circuit 78 -- done
rank 8 | trajectory 65 of circuit 60 -- done
rank 7 | trajectory 7 of circuit 86 -- done
rank 37 | trajectory 47 of circuit 5 -- done
rank 10 | trajectory 39 of circuit 22 -- done
rank 21 | trajectory 69 of circuit 14 -- done
rank 39 | trajectory 74 of circuit 66 -- done
rank 29 | trajectory 31 of circuit 66 -- done
rank 36 | trajectory 59 of circuit 51 -- done
rank 21 | trajectory 62 of circuit 63 -- done
rank 2 | trajectory 61 of circuit 35 -- done
rank 37 | trajectory 67 of circuit 25 -- done
rank 32 | trajectory 47 of circuit 55 -- done
rank 34 | trajectory 92 of circuit 23 -- done
rank 10 | trajectory 96 of circuit 97 -- done
rank 16 | trajectory 18 of circuit 90 -- done
rank 31 | trajectory 53 of circuit 81 -- done
rank 43 | trajectory 32 of circuit 86 -- done
rank 44 | trajectory 72 of circuit 98 -- done
rank 40 | trajectory 87 of circuit 62 -- done
rank 25 | trajectory 95 of circuit 72 -- done
rank 1 | trajectory 63 of circuit 27 -- done
rank 0 | trajectory 76 of circuit 69 -- done
rank 37 | trajectory 41 of circuit 44 -- done
rank 31 | trajectory 93 of circuit 74 -- done
rank 25 | trajectory 39 of circuit 29 -- done
rank 35 | trajectory 86 of circuit 61 -- done
rank 37 | trajectory 67 of circuit 97 -- done
rank 39 | trajectory 92 of circuit 54 -- done
rank 30 | trajectory 4 of circuit 92 -- done
rank 40 | trajectory 90 of circuit 49 -- done
rank 20 | trajectory 32 of circuit 95 -- done
rank 6 | trajectory 13 of circuit 21 -- done
rank 16 | trajectory 90 of circuit 99 -- done
rank 47 | trajectory 79 of circuit 44 -- done
rank 3 | trajectory 59 of circuit 69 -- done
rank 4 | trajectory 7 of circuit 35 -- done
rank 10 | trajectory 11 of circuit 86 -- done
rank 11 | trajectory 79 of circuit 53 -- done
rank 4 | trajectory 66 of circuit 66 -- done
rank 19 | trajectory 75 of circuit 87 -- done
rank 37 | trajectory 57 of circuit 39 -- done
rank 49 | trajectory 45 of circuit 36 -- done
rank 31 | trajectory 40 of circuit 66 -- done
rank 32 | trajectory 49 of circuit 99 -- done
rank 22 | trajectory 19 of circuit 35 -- done
rank 31 | trajectory 52 of circuit 71 -- done
rank 17 | trajectory 58 of circuit 43 -- done
rank 17 | trajectory 59 of circuit 74 -- done
rank 39 | trajectory 67 of circuit 38 -- done
rank 19 | trajectory 11 of circuit 82 -- done
rank 31 | trajectory 81 of circuit 57 -- done
rank 2 | trajectory 36 of circuit 28 -- done
rank 29 | trajectory 62 of circuit 82 -- done
rank 26 | trajectory 87 of circuit 30 -- done
rank 21 | trajectory 56 of circuit 27 -- done
rank 49 | trajectory 40 of circuit 1 -- done
rank 37 | trajectory 17 of circuit 34 -- done
rank 37 | trajectory 14 of circuit 17 -- done
rank 14 | trajectory 72 of circuit 54 -- done
rank 5 | trajectory 9 of circuit 73 -- done
rank 37 | trajectory 63 of circuit 66 -- done
rank 8 | trajectory 3 of circuit 72 -- done
rank 34 | trajectory 85 of circuit 5 -- done
rank 33 | trajectory 40 of circuit 61 -- done
rank 33 | trajectory 38 of circuit 33 -- done
rank 31 | trajectory 56 of circuit 98 -- done
rank 17 | trajectory 16 of circuit 57 -- done
rank 21 | trajectory 78 of circuit 91 -- done
rank 27 | trajectory 70 of circuit 92 -- done
rank 13 | trajectory 68 of circuit 9 -- done
rank 2 | trajectory 31 of circuit 73 -- done
rank 2 | trajectory 48 of circuit 83 -- done
rank 21 | trajectory 54 of circuit 72 -- done
rank 45 | trajectory 29 of circuit 99 -- done
rank 2 | trajectory 84 of circuit 79 -- done
rank 30 | trajectory 89 of circuit 89 -- done
rank 29 | trajectory 43 of circuit 2 -- done
rank 5 | trajectory 12 of circuit 13 -- done
rank 7 | trajectory 27 of circuit 2 -- done
rank 37 | trajectory 46 of circuit 61 -- done
rank 44 | trajectory 58 of circuit 12 -- done
rank 43 | trajectory 77 of circuit 49 -- done
rank 41 | trajectory 93 of circuit 97 -- done
rank 31 | trajectory 63 of circuit 40 -- done
rank 40 | trajectory 28 of circuit 98 -- done
rank 11 | trajectory 24 of circuit 88 -- done
rank 36 | trajectory 53 of circuit 25 -- done
rank 2 | trajectory 66 of circuit 50 -- done
rank 31 | trajectory 9 of circuit 75 -- done
rank 33 | trajectory 6 of circuit 62 -- done
rank 14 | trajectory 20 of circuit 50 -- done
rank 22 | trajectory 30 of circuit 58 -- done
rank 49 | trajectory 65 of circuit 63 -- done
rank 33 | trajectory 82 of circuit 61 -- done
rank 34 | trajectory 45 of circuit 44 -- done
rank 32 | trajectory 14 of circuit 80 -- done
rank 5 | trajectory 14 of circuit 81 -- done
rank 22 | trajectory 46 of circuit 68 -- done
rank 28 | trajectory 85 of circuit 95 -- done
rank 36 | trajectory 77 of circuit 75 -- done
rank 11 | trajectory 6 of circuit 11 -- done
rank 31 | trajectory 88 of circuit 30 -- done
rank 32 | trajectory 28 of circuit 60 -- done
rank 27 | trajectory 15 of circuit 78 -- done
rank 17 | trajectory 66 of circuit 25 -- done
rank 37 | trajectory 80 of circuit 38 -- done
rank 37 | trajectory 5 of circuit 47 -- done
rank 11 | trajectory 71 of circuit 89 -- done
rank 6 | trajectory 7 of circuit 80 -- done
rank 28 | trajectory 6 of circuit 84 -- done
rank 8 | trajectory 1 of circuit 3 -- done
rank 39 | trajectory 81 of circuit 64 -- done
rank 7 | trajectory 31 of circuit 63 -- done
rank 30 | trajectory 75 of circuit 100 -- done
rank 26 | trajectory 12 of circuit 70 -- done
rank 32 | trajectory 19 of circuit 74 -- done
rank 24 | trajectory 60 of circuit 68 -- done
rank 10 | trajectory 24 of circuit 63 -- done
rank 28 | trajectory 96 of circuit 82 -- done
rank 17 | trajectory 44 of circuit 60 -- done
rank 43 | trajectory 35 of circuit 78 -- done
rank 7 | trajectory 29 of circuit 98 -- done
rank 21 | trajectory 20 of circuit 70 -- done
rank 41 | trajectory 88 of circuit 46 -- done
rank 28 | trajectory 65 of circuit 38 -- done
rank 36 | trajectory 93 of circuit 87 -- done
rank 15 | trajectory 69 of circuit 95 -- done
rank 40 | trajectory 1 of circuit 53 -- done
rank 44 | trajectory 13 of circuit 86 -- done
rank 37 | trajectory 80 of circuit 68 -- done
rank 10 | trajectory 45 of circuit 40 -- done
rank 10 | trajectory 23 of circuit 71 -- done
rank 21 | trajectory 87 of circuit 43 -- done
rank 24 | trajectory 33 of circuit 70 -- done
rank 37 | trajectory 47 of circuit 82 -- done
rank 31 | trajectory 12 of circuit 73 -- done
rank 8 | trajectory 14 of circuit 79 -- done
rank 40 | trajectory 60 of circuit 62 -- done
rank 40 | trajectory 60 of circuit 7 -- done
rank 27 | trajectory 66 of circuit 100 -- done
rank 49 | trajectory 81 of circuit 4 -- done
rank 17 | trajectory 84 of circuit 48 -- done
rank 3 | trajectory 42 of circuit 89 -- done
rank 5 | trajectory 4 of circuit 78 -- done
rank 37 | trajectory 75 of circuit 13 -- done
rank 38 | trajectory 74 of circuit 74 -- done
rank 41 | trajectory 77 of circuit 95 -- done
rank 19 | trajectory 27 of circuit 64 -- done
rank 7 | trajectory 32 of circuit 93 -- done
rank 26 | trajectory 10 of circuit 97 -- done
rank 34 | trajectory 62 of circuit 99 -- done
rank 27 | trajectory 2 of circuit 94 -- done
rank 4 | trajectory 14 of circuit 68 -- done
rank 29 | trajectory 24 of circuit 67 -- done
rank 39 | trajectory 17 of circuit 94 -- done
rank 14 | trajectory 82 of circuit 76 -- done
rank 39 | trajectory 23 of circuit 29 -- done
rank 43 | trajectory 13 of circuit 87 -- done
rank 40 | trajectory 67 of circuit 35 -- done
rank 11 | trajectory 91 of circuit 93 -- done
rank 47 | trajectory 57 of circuit 70 -- done
rank 21 | trajectory 46 of circuit 71 -- done
rank 44 | trajectory 72 of circuit 46 -- done
rank 8 | trajectory 17 of circuit 61 -- done
rank 24 | trajectory 85 of circuit 99 -- done
rank 25 | trajectory 54 of circuit 25 -- done
rank 20 | trajectory 50 of circuit 79 -- done
rank 35 | trajectory 86 of circuit 65 -- done
rank 1 | trajectory 47 of circuit 54 -- done
rank 2 | trajectory 48 of circuit 66 -- done
rank 49 | trajectory 52 of circuit 88 -- done
rank 14 | trajectory 15 of circuit 74 -- done
rank 20 | trajectory 47 of circuit 92 -- done
rank 14 | trajectory 19 of circuit 95 -- done
rank 39 | trajectory 41 of circuit 72 -- done
rank 41 | trajectory 78 of circuit 35 -- done
rank 14 | trajectory 21 of circuit 79 -- done
rank 45 | trajectory 9 of circuit 66 -- done
rank 44 | trajectory 83 of circuit 41 -- done
rank 34 | trajectory 27 of circuit 61 -- done
rank 41 | trajectory 57 of circuit 87 -- done
rank 30 | trajectory 70 of circuit 97 -- done
rank 37 | trajectory 2 of circuit 18 -- done
rank 15 | trajectory 61 of circuit 96 -- done
rank 44 | trajectory 35 of circuit 47 -- done
rank 1 | trajectory 12 of circuit 74 -- done
rank 1 | trajectory 95 of circuit 100 -- done
rank 28 | trajectory 62 of circuit 39 -- done
rank 1 | trajectory 8 of circuit 95 -- done
rank 14 | trajectory 75 of circuit 79 -- done
rank 21 | trajectory 77 of circuit 2 -- done
rank 30 | trajectory 89 of circuit 81 -- done
rank 43 | trajectory 82 of circuit 63 -- done
rank 33 | trajectory 64 of circuit 85 -- done
rank 7 | trajectory 22 of circuit 64 -- done
rank 37 | trajectory 84 of circuit 26 -- done
rank 49 | trajectory 53 of circuit 70 -- done
rank 8 | trajectory 16 of circuit 77 -- done
rank 11 | trajectory 73 of circuit 66 -- done
rank 21 | trajectory 53 of circuit 56 -- done
rank 31 | trajectory 19 of circuit 4 -- done
rank 7 | trajectory 29 of circuit 79 -- done
rank 24 | trajectory 18 of circuit 97 -- done
rank 5 | trajectory 35 of circuit 65 -- done
rank 34 | trajectory 25 of circuit 45 -- done
rank 33 | trajectory 9 of circuit 92 -- done
rank 42 | trajectory 39 of circuit 36 -- done
rank 36 | trajectory 26 of circuit 63 -- done
rank 19 | trajectory 8 of circuit 2 -- done
rank 35 | trajectory 35 of circuit 92 -- done
rank 45 | trajectory 87 of circuit 54 -- done
rank 26 | trajectory 50 of circuit 91 -- done
rank 1 | trajectory 67 of circuit 75 -- done
rank 3 | trajectory 52 of circuit 39 -- done
rank 48 | trajectory 55 of circuit 81 -- done
rank 5 | trajectory 10 of circuit 5 -- done
rank 1 | trajectory 25 of circuit 34 -- done
rank 2 | trajectory 50 of circuit 39 -- done
rank 11 | trajectory 34 of circuit 13 -- done
rank 26 | trajectory 31 of circuit 32 -- done
rank 15 | trajectory 29 of circuit 77 -- done
rank 31 | trajectory 21 of circuit 98 -- done
rank 40 | trajectory 29 of circuit 34 -- done
rank 35 | trajectory 66 of circuit 98 -- done
rank 15 | trajectory 44 of circuit 57 -- done
rank 47 | trajectory 24 of circuit 97 -- done
rank 2 | trajectory 46 of circuit 30 -- done
rank 36 | trajectory 84 of circuit 42 -- done
rank 24 | trajectory 53 of circuit 79 -- done
rank 46 | trajectory 78 of circuit 63 -- done
rank 2 | trajectory 89 of circuit 98 -- done
rank 1 | trajectory 30 of circuit 67 -- done
rank 32 | trajectory 57 of circuit 78 -- done
rank 41 | trajectory 22 of circuit 100 -- done
rank 35 | trajectory 60 of circuit 64 -- done
rank 32 | trajectory 30 of circuit 44 -- done
rank 8 | trajectory 77 of circuit 97 -- done
rank 10 | trajectory 9 of circuit 78 -- done
rank 35 | trajectory 89 of circuit 91 -- done
rank 37 | trajectory 90 of circuit 41 -- done
rank 14 | trajectory 91 of circuit 22 -- done
rank 31 | trajectory 70 of circuit 37 -- done
rank 38 | trajectory 1 of circuit 38 -- done
rank 3 | trajectory 74 of circuit 24 -- done
rank 10 | trajectory 3 of circuit 16 -- done
rank 36 | trajectory 87 of circuit 85 -- done
rank 37 | trajectory 95 of circuit 38 -- done
rank 21 | trajectory 93 of circuit 51 -- done
rank 7 | trajectory 27 of circuit 18 -- done
rank 29 | trajectory 66 of circuit 32 -- done
rank 42 | trajectory 17 of circuit 75 -- done
rank 5 | trajectory 59 of circuit 67 -- done
rank 44 | trajectory 90 of circuit 97 -- done
rank 46 | trajectory 42 of circuit 77 -- done
rank 5 | trajectory 56 of circuit 31 -- done
rank 37 | trajectory 40 of circuit 52 -- done
rank 17 | trajectory 42 of circuit 96 -- done
rank 1 | trajectory 63 of circuit 50 -- done
rank 45 | trajectory 52 of circuit 86 -- done
rank 2 | trajectory 33 of circuit 78 -- done
rank 27 | trajectory 47 of circuit 90 -- done
rank 21 | trajectory 65 of circuit 15 -- done
rank 14 | trajectory 25 of circuit 98 -- done
rank 21 | trajectory 81 of circuit 40 -- done
rank 9 | trajectory 83 of circuit 49 -- done
rank 27 | trajectory 68 of circuit 16 -- done
rank 34 | trajectory 77 of circuit 61 -- done
rank 5 | trajectory 32 of circuit 70 -- done
rank 23 | trajectory 79 of circuit 19 -- done
rank 1 | trajectory 38 of circuit 76 -- done
rank 31 | trajectory 77 of circuit 52 -- done
rank 6 | trajectory 78 of circuit 29 -- done
rank 37 | trajectory 33 of circuit 8 -- done
rank 1 | trajectory 47 of circuit 17 -- done
rank 3 | trajectory 71 of circuit 85 -- done
rank 13 | trajectory 70 of circuit 52 -- done
rank 10 | trajectory 22 of circuit 95 -- done
rank 34 | trajectory 7 of circuit 76 -- done
rank 37 | trajectory 25 of circuit 63 -- done
rank 10 | trajectory 4 of circuit 58 -- done
rank 27 | trajectory 32 of circuit 96 -- done
rank 4 | trajectory 46 of circuit 19 -- done
rank 38 | trajectory 89 of circuit 42 -- done
rank 21 | trajectory 66 of circuit 90 -- done
rank 32 | trajectory 60 of circuit 87 -- done
rank 9 | trajectory 55 of circuit 58 -- done
rank 41 | trajectory 96 of circuit 70 -- done
rank 8 | trajectory 4 of circuit 41 -- done
rank 49 | trajectory 11 of circuit 88 -- done
rank 28 | trajectory 28 of circuit 93 -- done
rank 19 | trajectory 22 of circuit 34 -- done
rank 9 | trajectory 61 of circuit 86 -- done
rank 5 | trajectory 84 of circuit 93 -- done
rank 11 | trajectory 69 of circuit 30 -- done
rank 24 | trajectory 56 of circuit 30 -- done
rank 28 | trajectory 68 of circuit 82 -- done
rank 1 | trajectory 75 of circuit 45 -- done
rank 2 | trajectory 95 of circuit 9 -- done
rank 11 | trajectory 84 of circuit 53 -- done
rank 36 | trajectory 2 of circuit 76 -- done
rank 7 | trajectory 46 of circuit 66 -- done
rank 14 | trajectory 50 of circuit 55 -- done
rank 20 | trajectory 78 of circuit 99 -- done
rank 43 | trajectory 26 of circuit 93 -- done
rank 37 | trajectory 62 of circuit 54 -- done
rank 1 | trajectory 13 of circuit 100 -- done
rank 31 | trajectory 34 of circuit 44 -- done
rank 31 | trajectory 94 of circuit 32 -- done
rank 17 | trajectory 24 of circuit 71 -- done
rank 0 | trajectory 34 of circuit 65 -- done
rank 34 | trajectory 75 of circuit 57 -- done
rank 40 | trajectory 11 of circuit 48 -- done
rank 44 | trajectory 19 of circuit 38 -- done
rank 35 | trajectory 23 of circuit 13 -- done
rank 27 | trajectory 28 of circuit 28 -- done
rank 38 | trajectory 23 of circuit 88 -- done
rank 35 | trajectory 91 of circuit 90 -- done
rank 44 | trajectory 66 of circuit 49 -- done
rank 2 | trajectory 46 of circuit 89 -- done
rank 37 | trajectory 59 of circuit 13 -- done
rank 23 | trajectory 74 of circuit 86 -- done
rank 5 | trajectory 77 of circuit 51 -- done
rank 13 | trajectory 10 of circuit 63 -- done
rank 19 | trajectory 86 of circuit 78 -- done
rank 27 | trajectory 41 of circuit 11 -- done
rank 36 | trajectory 12 of circuit 71 -- done
rank 3 | trajectory 36 of circuit 70 -- done
rank 14 | trajectory 77 of circuit 94 -- done
rank 40 | trajectory 39 of circuit 88 -- done
rank 2 | trajectory 84 of circuit 98 -- done
rank 28 | trajectory 60 of circuit 93 -- done
rank 36 | trajectory 86 of circuit 52 -- done
rank 20 | trajectory 22 of circuit 70 -- done
rank 42 | trajectory 81 of circuit 94 -- done
rank 10 | trajectory 26 of circuit 97 -- done
rank 17 | trajectory 65 of circuit 56 -- done
rank 44 | trajectory 52 of circuit 80 -- done
rank 10 | trajectory 52 of circuit 42 -- done
rank 19 | trajectory 88 of circuit 49 -- done
rank 43 | trajectory 42 of circuit 80 -- done
rank 41 | trajectory 42 of circuit 45 -- done
rank 47 | trajectory 11 of circuit 65 -- done
rank 19 | trajectory 47 of circuit 31 -- done
rank 40 | trajectory 44 of circuit 69 -- done
rank 1 | trajectory 27 of circuit 14 -- done
rank 13 | trajectory 55 of circuit 72 -- done
rank 20 | trajectory 9 of circuit 80 -- done
rank 44 | trajectory 7 of circuit 70 -- done
rank 2 | trajectory 18 of circuit 99 -- done
rank 32 | trajectory 18 of circuit 96 -- done
rank 17 | trajectory 48 of circuit 77 -- done
rank 27 | trajectory 48 of circuit 49 -- done
rank 27 | trajectory 16 of circuit 100 -- done
rank 31 | trajectory 27 of circuit 49 -- done
rank 19 | trajectory 85 of circuit 80 -- done
rank 31 | trajectory 15 of circuit 91 -- done
rank 43 | trajectory 14 of circuit 89 -- done
rank 21 | trajectory 71 of circuit 55 -- done
rank 22 | trajectory 60 of circuit 51 -- done
rank 49 | trajectory 48 of circuit 22 -- done
rank 28 | trajectory 53 of circuit 2 -- done
rank 31 | trajectory 58 of circuit 1 -- done
rank 35 | trajectory 82 of circuit 99 -- done
rank 17 | trajectory 87 of circuit 37 -- done
rank 34 | trajectory 16 of circuit 31 -- done
rank 7 | trajectory 34 of circuit 43 -- done
rank 4 | trajectory 83 of circuit 52 -- done
rank 41 | trajectory 27 of circuit 98 -- done
rank 31 | trajectory 25 of circuit 20 -- done
rank 15 | trajectory 89 of circuit 82 -- done
rank 22 | trajectory 34 of circuit 96 -- done
rank 46 | trajectory 89 of circuit 77 -- done
rank 13 | trajectory 26 of circuit 23 -- done
rank 45 | trajectory 71 of circuit 72 -- done
rank 35 | trajectory 28 of circuit 55 -- done
rank 21 | trajectory 44 of circuit 41 -- done
rank 1 | trajectory 39 of circuit 67 -- done
rank 10 | trajectory 67 of circuit 40 -- done
rank 32 | trajectory 9 of circuit 74 -- done
rank 46 | trajectory 27 of circuit 89 -- done
rank 40 | trajectory 27 of circuit 31 -- done
rank 10 | trajectory 48 of circuit 78 -- done
rank 4 | trajectory 39 of circuit 38 -- done
rank 33 | trajectory 66 of circuit 37 -- done
rank 11 | trajectory 8 of circuit 58 -- done
rank 25 | trajectory 30 of circuit 54 -- done
rank 26 | trajectory 78 of circuit 58 -- done
rank 11 | trajectory 38 of circuit 92 -- done
rank 4 | trajectory 71 of circuit 96 -- done
rank 40 | trajectory 94 of circuit 61 -- done
rank 5 | trajectory 91 of circuit 18 -- done
rank 27 | trajectory 82 of circuit 95 -- done
rank 5 | trajectory 62 of circuit 47 -- done
rank 28 | trajectory 95 of circuit 95 -- done
rank 17 | trajectory 19 of circuit 14 -- done
rank 22 | trajectory 9 of circuit 64 -- done
rank 31 | trajectory 24 of circuit 47 -- done
rank 2 | trajectory 23 of circuit 94 -- done
rank 11 | trajectory 55 of circuit 67 -- done
rank 16 | trajectory 49 of circuit 67 -- done
rank 35 | trajectory 65 of circuit 69 -- done
rank 14 | trajectory 5 of circuit 72 -- done
rank 7 | trajectory 3 of circuit 86 -- done
rank 1 | trajectory 59 of circuit 14 -- done
rank 18 | trajectory 60 of circuit 76 -- done
rank 24 | trajectory 2 of circuit 62 -- done
rank 24 | trajectory 16 of circuit 39 -- done
rank 40 | trajectory 38 of circuit 9 -- done
rank 29 | trajectory 17 of circuit 53 -- done
rank 25 | trajectory 20 of circuit 55 -- done
rank 20 | trajectory 88 of circuit 91 -- done
rank 17 | trajectory 45 of circuit 98 -- done
rank 7 | trajectory 61 of circuit 99 -- done
rank 37 | trajectory 76 of circuit 65 -- done
rank 2 | trajectory 92 of circuit 86 -- done
rank 16 | trajectory 46 of circuit 72 -- done
rank 21 | trajectory 82 of circuit 45 -- done
rank 1 | trajectory 34 of circuit 85 -- done
rank 13 | trajectory 52 of circuit 58 -- done
rank 49 | trajectory 90 of circuit 10 -- done
rank 31 | trajectory 16 of circuit 37 -- done
rank 6 | trajectory 74 of circuit 90 -- done
rank 37 | trajectory 64 of circuit 45 -- done
rank 1 | trajectory 28 of circuit 38 -- done
rank 35 | trajectory 50 of circuit 83 -- done
rank 40 | trajectory 30 of circuit 81 -- done
rank 17 | trajectory 18 of circuit 72 -- done
rank 40 | trajectory 7 of circuit 34 -- done
rank 34 | trajectory 83 of circuit 48 -- done
rank 12 | trajectory 9 of circuit 44 -- done
rank 14 | trajectory 77 of circuit 79 -- done
rank 5 | trajectory 64 of circuit 53 -- done
rank 4 | trajectory 61 of circuit 36 -- done
rank 44 | trajectory 15 of circuit 83 -- done
rank 33 | trajectory 62 of circuit 61 -- done
rank 14 | trajectory 32 of circuit 57 -- done
rank 35 | trajectory 32 of circuit 30 -- done
rank 1 | trajectory 45 of circuit 11 -- done
rank 40 | trajectory 89 of circuit 6 -- done
rank 19 | trajectory 86 of circuit 23 -- done
rank 22 | trajectory 54 of circuit 11 -- done
rank 31 | trajectory 48 of circuit 50 -- done
rank 36 | trajectory 16 of circuit 90 -- done
rank 28 | trajectory 58 of circuit 44 -- done
rank 25 | trajectory 61 of circuit 54 -- done
rank 13 | trajectory 61 of circuit 39 -- done
rank 6 | trajectory 49 of circuit 70 -- done
rank 43 | trajectory 36 of circuit 80 -- done
rank 43 | trajectory 90 of circuit 55 -- done
rank 41 | trajectory 62 of circuit 7 -- done
rank 49 | trajectory 57 of circuit 53 -- done
rank 27 | trajectory 18 of circuit 55 -- done
rank 37 | trajectory 43 of circuit 1 -- done
rank 32 | trajectory 86 of circuit 62 -- done
rank 20 | trajectory 59 of circuit 93 -- done
rank 17 | trajectory 60 of circuit 1 -- done
rank 24 | trajectory 7 of circuit 87 -- done
rank 32 | trajectory 9 of circuit 77 -- done
rank 18 | trajectory 74 of circuit 81 -- done
rank 30 | trajectory 79 of circuit 82 -- done
rank 8 | trajectory 50 of circuit 96 -- done
rank 2 | trajectory 9 of circuit 98 -- done
rank 8 | trajectory 96 of circuit 7 -- done
rank 15 | trajectory 46 of circuit 29 -- done
rank 36 | trajectory 29 of circuit 76 -- done
rank 8 | trajectory 18 of circuit 52 -- done
rank 1 | trajectory 82 of circuit 97 -- done
rank 20 | trajectory 3 of circuit 9 -- done
rank 1 | trajectory 84 of circuit 82 -- done
rank 8 | trajectory 9 of circuit 58 -- done
rank 37 | trajectory 71 of circuit 40 -- done
rank 28 | trajectory 9 of circuit 87 -- done
rank 40 | trajectory 86 of circuit 86 -- done
rank 31 | trajectory 35 of circuit 68 -- done
rank 2 | trajectory 45 of circuit 17 -- done
rank 21 | trajectory 39 of circuit 64 -- done
rank 46 | trajectory 87 of circuit 83 -- done
rank 19 | trajectory 3 of circuit 83 -- done
rank 14 | trajectory 30 of circuit 79 -- done
rank 14 | trajectory 40 of circuit 91 -- done
rank 39 | trajectory 66 of circuit 96 -- done
rank 7 | trajectory 67 of circuit 88 -- done
rank 21 | trajectory 83 of circuit 82 -- done
rank 44 | trajectory 10 of circuit 41 -- done
rank 37 | trajectory 83 of circuit 47 -- done
rank 28 | trajectory 25 of circuit 90 -- done
rank 22 | trajectory 65 of circuit 49 -- done
rank 7 | trajectory 44 of circuit 66 -- done
rank 22 | trajectory 4 of circuit 17 -- done
rank 33 | trajectory 37 of circuit 3 -- done
rank 7 | trajectory 84 of circuit 81 -- done
rank 48 | trajectory 21 of circuit 99 -- done
rank 35 | trajectory 16 of circuit 91 -- done
rank 7 | trajectory 26 of circuit 89 -- done
rank 19 | trajectory 53 of circuit 74 -- done
rank 33 | trajectory 75 of circuit 80 -- done
rank 36 | trajectory 75 of circuit 50 -- done
rank 28 | trajectory 2 of circuit 60 -- done
rank 11 | trajectory 41 of circuit 29 -- done
rank 31 | trajectory 58 of circuit 88 -- done
rank 13 | trajectory 29 of circuit 93 -- done
rank 5 | trajectory 27 of circuit 15 -- done
rank 11 | trajectory 95 of circuit 63 -- done
rank 34 | trajectory 46 of circuit 90 -- done
rank 1 | trajectory 40 of circuit 76 -- done
rank 21 | trajectory 38 of circuit 16 -- done
rank 10 | trajectory 19 of circuit 67 -- done
rank 37 | trajectory 68 of circuit 54 -- done
rank 19 | trajectory 59 of circuit 3 -- done
rank 39 | trajectory 62 of circuit 68 -- done
rank 21 | trajectory 24 of circuit 33 -- done
rank 27 | trajectory 51 of circuit 59 -- done
rank 23 | trajectory 94 of circuit 97 -- done
rank 44 | trajectory 1 of circuit 90 -- done
rank 17 | trajectory 73 of circuit 67 -- done
rank 21 | trajectory 44 of circuit 85 -- done
rank 7 | trajectory 85 of circuit 46 -- done
rank 3 | trajectory 58 of circuit 65 -- done
rank 40 | trajectory 91 of circuit 83 -- done
rank 22 | trajectory 83 of circuit 83 -- done
rank 24 | trajectory 74 of circuit 71 -- done
rank 38 | trajectory 21 of circuit 91 -- done
rank 14 | trajectory 93 of circuit 90 -- done
rank 43 | trajectory 27 of circuit 91 -- done
rank 18 | trajectory 87 of circuit 82 -- done
rank 22 | trajectory 70 of circuit 33 -- done
rank 2 | trajectory 83 of circuit 75 -- done
rank 3 | trajectory 76 of circuit 98 -- done
rank 38 | trajectory 10 of circuit 92 -- done
rank 26 | trajectory 49 of circuit 29 -- done
rank 37 | trajectory 96 of circuit 69 -- done
rank 1 | trajectory 64 of circuit 68 -- done
rank 5 | trajectory 25 of circuit 89 -- done
rank 17 | trajectory 67 of circuit 15 -- done
rank 21 | trajectory 21 of circuit 34 -- done
rank 40 | trajectory 84 of circuit 87 -- done
rank 47 | trajectory 19 of circuit 77 -- done
rank 42 | trajectory 3 of circuit 93 -- done
rank 45 | trajectory 18 of circuit 56 -- done
rank 40 | trajectory 78 of circuit 98 -- done
rank 21 | trajectory 90 of circuit 79 -- done
rank 21 | trajectory 73 of circuit 87 -- done
rank 22 | trajectory 1 of circuit 58 -- done
rank 40 | trajectory 43 of circuit 45 -- done
rank 22 | trajectory 85 of circuit 97 -- done
rank 41 | trajectory 26 of circuit 60 -- done
rank 34 | trajectory 95 of circuit 41 -- done
rank 31 | trajectory 93 of circuit 12 -- done
rank 1 | trajectory 18 of circuit 41 -- done
rank 31 | trajectory 16 of circuit 7 -- done
rank 40 | trajectory 41 of circuit 23 -- done
rank 21 | trajectory 63 of circuit 4 -- done
rank 3 | trajectory 58 of circuit 96 -- done
rank 9 | trajectory 88 of circuit 84 -- done
rank 5 | trajectory 94 of circuit 52 -- done
rank 22 | trajectory 87 of circuit 92 -- done
rank 5 | trajectory 67 of circuit 85 -- done
rank 19 | trajectory 78 of circuit 42 -- done
rank 21 | trajectory 11 of circuit 41 -- done
rank 6 | trajectory 31 of circuit 80 -- done
rank 40 | trajectory 51 of circuit 53 -- done
rank 1 | trajectory 32 of circuit 52 -- done
rank 45 | trajectory 4 of circuit 81 -- done
rank 32 | trajectory 13 of circuit 50 -- done
rank 10 | trajectory 34 of circuit 17 -- done
rank 20 | trajectory 53 of circuit 38 -- done
rank 15 | trajectory 53 of circuit 14 -- done
rank 37 | trajectory 87 of circuit 84 -- done
rank 25 | trajectory 63 of circuit 94 -- done
rank 1 | trajectory 73 of circuit 56 -- done
rank 8 | trajectory 39 of circuit 76 -- done
rank 39 | trajectory 12 of circuit 19 -- done
rank 5 | trajectory 66 of circuit 80 -- done
rank 19 | trajectory 47 of circuit 99 -- done
rank 24 | trajectory 44 of circuit 6 -- done
rank 9 | trajectory 89 of circuit 47 -- done
rank 27 | trajectory 21 of circuit 60 -- done
rank 35 | trajectory 8 of circuit 33 -- done
rank 34 | trajectory 5 of circuit 9 -- done
rank 2 | trajectory 83 of circuit 29 -- done
rank 0 | trajectory 53 of circuit 72 -- done
rank 10 | trajectory 12 of circuit 80 -- done
rank 40 | trajectory 59 of circuit 85 -- done
rank 38 | trajectory 51 of circuit 33 -- done
rank 35 | trajectory 34 of circuit 87 -- done
rank 41 | trajectory 62 of circuit 57 -- done
rank 40 | trajectory 54 of circuit 59 -- done
rank 22 | trajectory 7 of circuit 59 -- done
rank 33 | trajectory 14 of circuit 78 -- done
rank 26 | trajectory 34 of circuit 64 -- done
rank 8 | trajectory 88 of circuit 77 -- done
rank 9 | trajectory 39 of circuit 78 -- done
rank 1 | trajectory 93 of circuit 50 -- done
rank 17 | trajectory 11 of circuit 80 -- done
rank 15 | trajectory 10 of circuit 94 -- done
rank 16 | trajectory 42 of circuit 9 -- done
rank 2 | trajectory 67 of circuit 91 -- done
rank 3 | trajectory 83 of circuit 81 -- done
rank 27 | trajectory 51 of circuit 60 -- done
rank 42 | trajectory 60 of circuit 96 -- done
rank 44 | trajectory 40 of circuit 46 -- done
rank 34 | trajectory 31 of circuit 83 -- done
rank 39 | trajectory 22 of circuit 51 -- done
rank 36 | trajectory 50 of circuit 85 -- done
rank 27 | trajectory 87 of circuit 63 -- done
rank 25 | trajectory 25 of circuit 55 -- done
rank 7 | trajectory 1 of circuit 45 -- done
rank 34 | trajectory 70 of circuit 95 -- done
rank 5 | trajectory 63 of circuit 57 -- done
rank 35 | trajectory 19 of circuit 64 -- done
rank 22 | trajectory 2 of circuit 49 -- done
rank 43 | trajectory 70 of circuit 91 -- done
rank 36 | trajectory 15 of circuit 77 -- done
rank 17 | trajectory 80 of circuit 27 -- done
rank 21 | trajectory 56 of circuit 97 -- done
rank 43 | trajectory 37 of circuit 21 -- done
rank 22 | trajectory 28 of circuit 49 -- done
rank 22 | trajectory 51 of circuit 98 -- done
rank 35 | trajectory 26 of circuit 44 -- done
rank 25 | trajectory 25 of circuit 99 -- done
rank 12 | trajectory 90 of circuit 90 -- done
rank 8 | trajectory 29 of circuit 58 -- done
rank 40 | trajectory 49 of circuit 32 -- done
rank 2 | trajectory 58 of circuit 29 -- done
rank 33 | trajectory 95 of circuit 25 -- done
rank 41 | trajectory 14 of circuit 53 -- done
rank 14 | trajectory 80 of circuit 71 -- done
rank 31 | trajectory 43 of circuit 80 -- done
rank 14 | trajectory 3 of circuit 91 -- done
rank 44 | trajectory 84 of circuit 92 -- done
rank 28 | trajectory 2 of circuit 99 -- done
rank 1 | trajectory 69 of circuit 27 -- done
rank 7 | trajectory 90 of circuit 95 -- done
rank 18 | trajectory 36 of circuit 53 -- done
rank 10 | trajectory 27 of circuit 4 -- done
rank 31 | trajectory 78 of circuit 80 -- done
rank 24 | trajectory 75 of circuit 84 -- done
rank 24 | trajectory 70 of circuit 47 -- done
rank 29 | trajectory 81 of circuit 80 -- done
rank 35 | trajectory 23 of circuit 47 -- done
rank 37 | trajectory 30 of circuit 82 -- done
rank 36 | trajectory 40 of circuit 99 -- done
rank 19 | trajectory 95 of circuit 64 -- done
rank 29 | trajectory 90 of circuit 39 -- done
rank 38 | trajectory 57 of circuit 72 -- done
rank 26 | trajectory 3 of circuit 88 -- done
rank 44 | trajectory 13 of circuit 9 -- done
rank 29 | trajectory 76 of circuit 29 -- done
rank 38 | trajectory 77 of circuit 64 -- done
rank 31 | trajectory 50 of circuit 82 -- done
rank 24 | trajectory 43 of circuit 99 -- done
rank 12 | trajectory 71 of circuit 71 -- done
rank 7 | trajectory 46 of circuit 4 -- done
rank 37 | trajectory 22 of circuit 50 -- done
rank 19 | trajectory 13 of circuit 28 -- done
rank 5 | trajectory 49 of circuit 63 -- done
rank 17 | trajectory 74 of circuit 13 -- done
rank 44 | trajectory 66 of circuit 76 -- done
rank 37 | trajectory 70 of circuit 25 -- done
rank 31 | trajectory 71 of circuit 35 -- done
rank 30 | trajectory 19 of circuit 68 -- done
rank 40 | trajectory 66 of circuit 85 -- done
rank 38 | trajectory 41 of circuit 96 -- done
rank 1 | trajectory 35 of circuit 99 -- done
rank 31 | trajectory 66 of circuit 10 -- done
rank 3 | trajectory 22 of circuit 9 -- done
rank 6 | trajectory 22 of circuit 54 -- done
rank 24 | trajectory 41 of circuit 47 -- done
rank 1 | trajectory 24 of circuit 28 -- done
rank 1 | trajectory 89 of circuit 61 -- done
rank 44 | trajectory 47 of circuit 9 -- done
rank 19 | trajectory 45 of circuit 46 -- done
rank 39 | trajectory 90 of circuit 74 -- done
rank 9 | trajectory 84 of circuit 50 -- done
rank 44 | trajectory 21 of circuit 77 -- done
rank 19 | trajectory 51 of circuit 42 -- done
rank 39 | trajectory 75 of circuit 39 -- done
rank 31 | trajectory 29 of circuit 8 -- done
rank 39 | trajectory 46 of circuit 92 -- done
rank 31 | trajectory 11 of circuit 40 -- done
rank 2 | trajectory 8 of circuit 57 -- done
rank 10 | trajectory 44 of circuit 93 -- done
rank 35 | trajectory 48 of circuit 51 -- done
rank 15 | trajectory 34 of circuit 75 -- done
rank 1 | trajectory 77 of circuit 88 -- done
rank 47 | trajectory 27 of circuit 86 -- done
rank 22 | trajectory 30 of circuit 2 -- done
rank 25 | trajectory 91 of circuit 92 -- done
rank 17 | trajectory 27 of circuit 44 -- done
rank 33 | trajectory 28 of circuit 80 -- done
rank 37 | trajectory 39 of circuit 43 -- done
rank 15 | trajectory 12 of circuit 37 -- done
rank 49 | trajectory 73 of circuit 93 -- done
rank 2 | trajectory 60 of circuit 18 -- done
rank 39 | trajectory 35 of circuit 84 -- done
rank 32 | trajectory 87 of circuit 99 -- done
rank 43 | trajectory 85 of circuit 9 -- done
rank 11 | trajectory 62 of circuit 27 -- done
rank 8 | trajectory 6 of circuit 91 -- done
rank 18 | trajectory 73 of circuit 83 -- done
rank 44 | trajectory 15 of circuit 33 -- done
rank 5 | trajectory 86 of circuit 98 -- done
rank 34 | trajectory 5 of circuit 90 -- done
rank 20 | trajectory 26 of circuit 65 -- done
rank 43 | trajectory 41 of circuit 71 -- done
rank 37 | trajectory 15 of circuit 27 -- done
rank 32 | trajectory 24 of circuit 59 -- done
rank 17 | trajectory 75 of circuit 8 -- done
rank 47 | trajectory 36 of circuit 96 -- done
rank 24 | trajectory 12 of circuit 93 -- done
rank 31 | trajectory 51 of circuit 71 -- done
rank 11 | trajectory 4 of circuit 57 -- done
rank 46 | trajectory 56 of circuit 84 -- done
rank 26 | trajectory 2 of circuit 9 -- done
rank 15 | trajectory 94 of circuit 25 -- done
rank 41 | trajectory 4 of circuit 84 -- done
rank 16 | trajectory 59 of circuit 99 -- done
rank 7 | trajectory 50 of circuit 75 -- done
rank 21 | trajectory 9 of circuit 38 -- done
rank 38 | trajectory 33 of circuit 18 -- done
rank 17 | trajectory 13 of circuit 33 -- done
rank 44 | trajectory 8 of circuit 66 -- done
rank 19 | trajectory 24 of circuit 89 -- done
rank 16 | trajectory 25 of circuit 65 -- done
rank 22 | trajectory 62 of circuit 28 -- done
rank 40 | trajectory 32 of circuit 15 -- done
rank 33 | trajectory 20 of circuit 27 -- done
rank 44 | trajectory 33 of circuit 46 -- done
rank 45 | trajectory 38 of circuit 89 -- done
rank 33 | trajectory 9 of circuit 68 -- done
rank 10 | trajectory 64 of circuit 65 -- done
rank 44 | trajectory 39 of circuit 77 -- done
rank 36 | trajectory 61 of circuit 74 -- done
rank 12 | trajectory 45 of circuit 77 -- done
rank 9 | trajectory 86 of circuit 73 -- done
rank 32 | trajectory 75 of circuit 59 -- done
rank 1 | trajectory 11 of circuit 84 -- done
rank 11 | trajectory 25 of circuit 62 -- done
rank 32 | trajectory 78 of circuit 71 -- done
rank 29 | trajectory 58 of circuit 90 -- done
rank 21 | trajectory 6 of circuit 30 -- done
rank 8 | trajectory 76 of circuit 55 -- done
rank 8 | trajectory 21 of circuit 82 -- done
rank 4 | trajectory 44 of circuit 82 -- done
rank 2 | trajectory 22 of circuit 92 -- done
rank 25 | trajectory 69 of circuit 48 -- done
rank 21 | trajectory 17 of circuit 13 -- done
rank 26 | trajectory 61 of circuit 34 -- done
rank 5 | trajectory 24 of circuit 18 -- done
rank 0 | trajectory 71 of circuit 76 -- done
rank 1 | trajectory 26 of circuit 25 -- done
rank 49 | trajectory 87 of circuit 75 -- done
rank 10 | trajectory 13 of circuit 36 -- done
rank 29 | trajectory 92 of circuit 88 -- done
rank 13 | trajectory 58 of circuit 49 -- done
rank 27 | trajectory 68 of circuit 88 -- done
rank 21 | trajectory 29 of circuit 62 -- done
rank 27 | trajectory 1 of circuit 65 -- done
rank 21 | trajectory 47 of circuit 20 -- done
rank 1 | trajectory 2 of circuit 89 -- done
rank 1 | trajectory 80 of circuit 58 -- done
rank 44 | trajectory 34 of circuit 66 -- done
rank 6 | trajectory 57 of circuit 73 -- done
rank 17 | trajectory 36 of circuit 19 -- done
rank 40 | trajectory 91 of circuit 10 -- done
rank 19 | trajectory 83 of circuit 95 -- done
rank 49 | trajectory 75 of circuit 16 -- done
rank 32 | trajectory 10 of circuit 76 -- done
rank 20 | trajectory 35 of circuit 48 -- done
rank 7 | trajectory 13 of circuit 41 -- done
rank 26 | trajectory 78 of circuit 16 -- done
rank 38 | trajectory 23 of circuit 57 -- done
rank 32 | trajectory 29 of circuit 21 -- done
rank 48 | trajectory 37 of circuit 83 -- done
rank 27 | trajectory 11 of circuit 81 -- done
rank 39 | trajectory 39 of circuit 82 -- done
rank 49 | trajectory 83 of circuit 61 -- done
rank 4 | trajectory 88 of circuit 68 -- done
rank 20 | trajectory 17 of circuit 31 -- done
rank 26 | trajectory 86 of circuit 6 -- done
rank 20 | trajectory 29 of circuit 27 -- done
rank 24 | trajectory 68 of circuit 45 -- done
rank 49 | trajectory 74 of circuit 95 -- done
rank 28 | trajectory 33 of circuit 80 -- done
rank 22 | trajectory 90 of circuit 50 -- done
rank 15 | trajectory 54 of circuit 55 -- done
rank 29 | trajectory 56 of circuit 28 -- done
rank 48 | trajectory 63 of circuit 83 -- done
rank 45 | trajectory 63 of circuit 95 -- done
rank 1 | trajectory 2 of circuit 88 -- done
rank 34 | trajectory 87 of circuit 88 -- done
rank 26 | trajectory 23 of circuit 67 -- done
rank 27 | trajectory 46 of circuit 96 -- done
rank 32 | trajectory 17 of circuit 96 -- done
rank 1 | trajectory 88 of circuit 24 -- done
rank 2 | trajectory 55 of circuit 75 -- done
rank 8 | trajectory 84 of circuit 85 -- done
rank 36 | trajectory 28 of circuit 11 -- done
rank 7 | trajectory 80 of circuit 74 -- done
rank 8 | trajectory 36 of circuit 65 -- done
rank 13 | trajectory 18 of circuit 88 -- done
rank 31 | trajectory 14 of circuit 31 -- done
rank 48 | trajectory 33 of circuit 59 -- done
rank 33 | trajectory 90 of circuit 40 -- done
rank 5 | trajectory 54 of circuit 2 -- done
rank 7 | trajectory 37 of circuit 49 -- done
rank 34 | trajectory 27 of circuit 83 -- done
rank 29 | trajectory 22 of circuit 81 -- done
rank 18 | trajectory 53 of circuit 46 -- done
rank 35 | trajectory 44 of circuit 70 -- done
rank 38 | trajectory 39 of circuit 33 -- done
rank 15 | trajectory 37 of circuit 6 -- done
rank 21 | trajectory 18 of circuit 86 -- done
rank 9 | trajectory 7 of circuit 24 -- done
rank 2 | trajectory 52 of circuit 89 -- done
rank 31 | trajectory 7 of circuit 40 -- done
rank 25 | trajectory 43 of circuit 91 -- done
rank 6 | trajectory 6 of circuit 56 -- done
rank 34 | trajectory 23 of circuit 7 -- done
rank 44 | trajectory 5 of circuit 17 -- done
rank 0 | trajectory 50 of circuit 84 -- done
rank 31 | trajectory 69 of circuit 72 -- done
rank 1 | trajectory 10 of circuit 98 -- done
rank 29 | trajectory 86 of circuit 92 -- done
rank 25 | trajectory 35 of circuit 41 -- done
rank 8 | trajectory 11 of circuit 30 -- done
rank 38 | trajectory 94 of circuit 57 -- done
rank 7 | trajectory 58 of circuit 80 -- done
rank 1 | trajectory 78 of circuit 12 -- done
rank 46 | trajectory 59 of circuit 43 -- done
rank 0 | trajectory 93 of circuit 11 -- done
rank 47 | trajectory 30 of circuit 62 -- done
rank 36 | trajectory 46 of circuit 75 -- done
rank 17 | trajectory 50 of circuit 61 -- done
rank 37 | trajectory 51 of circuit 44 -- done
rank 36 | trajectory 78 of circuit 100 -- done
rank 40 | trajectory 90 of circuit 67 -- done
rank 15 | trajectory 11 of circuit 95 -- done
rank 24 | trajectory 76 of circuit 28 -- done
rank 17 | trajectory 12 of circuit 84 -- done
rank 20 | trajectory 16 of circuit 86 -- done
rank 41 | trajectory 59 of circuit 21 -- done
rank 37 | trajectory 23 of circuit 50 -- done
rank 37 | trajectory 10 of circuit 70 -- done
rank 29 | trajectory 77 of circuit 17 -- done
rank 1 | trajectory 90 of circuit 48 -- done
rank 44 | trajectory 87 of circuit 81 -- done
rank 31 | trajectory 59 of circuit 46 -- done
rank 25 | trajectory 19 of circuit 42 -- done
rank 26 | trajectory 72 of circuit 77 -- done
rank 9 | trajectory 53 of circuit 54 -- done
rank 30 | trajectory 18 of circuit 98 -- done
rank 34 | trajectory 59 of circuit 63 -- done
rank 38 | trajectory 80 of circuit 100 -- done
rank 37 | trajectory 26 of circuit 46 -- done
rank 2 | trajectory 76 of circuit 58 -- done
rank 23 | trajectory 76 of circuit 89 -- done
rank 29 | trajectory 73 of circuit 31 -- done
rank 21 | trajectory 18 of circuit 8 -- done
rank 11 | trajectory 9 of circuit 96 -- done
rank 5 | trajectory 88 of circuit 69 -- done
rank 41 | trajectory 67 of circuit 61 -- done
rank 5 | trajectory 56 of circuit 16 -- done
rank 9 | trajectory 55 of circuit 100 -- done
rank 21 | trajectory 40 of circuit 39 -- done
rank 2 | trajectory 28 of circuit 46 -- done
rank 39 | trajectory 16 of circuit 69 -- done
rank 39 | trajectory 2 of circuit 55 -- done
rank 27 | trajectory 39 of circuit 15 -- done
rank 36 | trajectory 10 of circuit 58 -- done
rank 31 | trajectory 41 of circuit 73 -- done
rank 44 | trajectory 93 of circuit 89 -- done
rank 2 | trajectory 14 of circuit 84 -- done
rank 38 | trajectory 27 of circuit 66 -- done
rank 43 | trajectory 70 of circuit 11 -- done
rank 30 | trajectory 57 of circuit 49 -- done
rank 34 | trajectory 51 of circuit 46 -- done
rank 20 | trajectory 48 of circuit 34 -- done
rank 39 | trajectory 47 of circuit 49 -- done
rank 39 | trajectory 77 of circuit 45 -- done
rank 11 | trajectory 20 of circuit 84 -- done
rank 24 | trajectory 69 of circuit 80 -- done
rank 21 | trajectory 29 of circuit 1 -- done
rank 5 | trajectory 92 of circuit 50 -- done
rank 5 | trajectory 90 of circuit 100 -- done
rank 39 | trajectory 69 of circuit 69 -- done
rank 2 | trajectory 69 of circuit 87 -- done
rank 44 | trajectory 62 of circuit 71 -- done
rank 2 | trajectory 51 of circuit 86 -- done
rank 32 | trajectory 14 of circuit 77 -- done
rank 23 | trajectory 1 of circuit 4 -- done
rank 29 | trajectory 19 of circuit 97 -- done
rank 1 | trajectory 54 of circuit 21 -- done
rank 13 | trajectory 7 of circuit 15 -- done
rank 7 | trajectory 82 of circuit 41 -- done
rank 41 | trajectory 4 of circuit 39 -- done
rank 8 | trajectory 85 of circuit 45 -- done
rank 33 | trajectory 80 of circuit 94 -- done
rank 24 | trajectory 6 of circuit 92 -- done
rank 1 | trajectory 31 of circuit 69 -- done
rank 27 | trajectory 91 of circuit 61 -- done
rank 2 | trajectory 38 of circuit 60 -- done
rank 37 | trajectory 3 of circuit 10 -- done
rank 44 | trajectory 38 of circuit 35 -- done
rank 24 | trajectory 64 of circuit 78 -- done
rank 43 | trajectory 64 of circuit 9 -- done
rank 21 | trajectory 5 of circuit 74 -- done
rank 30 | trajectory 28 of circuit 45 -- done
rank 1 | trajectory 22 of circuit 3 -- done
rank 12 | trajectory 2 of circuit 42 -- done
rank 5 | trajectory 95 of circuit 75 -- done
rank 11 | trajectory 46 of circuit 84 -- done
rank 24 | trajectory 84 of circuit 68 -- done
rank 24 | trajectory 92 of circuit 3 -- done
rank 33 | trajectory 69 of circuit 55 -- done
rank 43 | trajectory 10 of circuit 12 -- done
rank 11 | trajectory 17 of circuit 39 -- done
rank 22 | trajectory 93 of circuit 82 -- done
rank 42 | trajectory 93 of circuit 63 -- done
rank 31 | trajectory 18 of circuit 93 -- done
rank 13 | trajectory 59 of circuit 64 -- done
rank 0 | trajectory 86 of circuit 70 -- done
rank 37 | trajectory 42 of circuit 64 -- done
rank 16 | trajectory 86 of circuit 91 -- done
rank 49 | trajectory 63 of circuit 84 -- done
rank 21 | trajectory 32 of circuit 76 -- done
rank 31 | trajectory 22 of circuit 78 -- done
rank 40 | trajectory 4 of circuit 71 -- done
rank 14 | trajectory 21 of circuit 64 -- done
rank 28 | trajectory 89 of circuit 97 -- done
rank 25 | trajectory 33 of circuit 93 -- done
rank 33 | trajectory 65 of circuit 61 -- done
rank 43 | trajectory 51 of circuit 21 -- done
rank 22 | trajectory 10 of circuit 64 -- done
rank 5 | trajectory 82 of circuit 7 -- done
rank 1 | trajectory 44 of circuit 30 -- done
rank 46 | trajectory 67 of circuit 36 -- done
rank 39 | trajectory 86 of circuit 94 -- done
rank 5 | trajectory 85 of circuit 23 -- done
rank 19 | trajectory 96 of circuit 61 -- done
rank 49 | trajectory 45 of circuit 80 -- done
rank 2 | trajectory 11 of circuit 37 -- done
rank 49 | trajectory 72 of circuit 12 -- done
rank 9 | trajectory 95 of circuit 78 -- done
rank 18 | trajectory 52 of circuit 66 -- done
rank 42 | trajectory 45 of circuit 31 -- done
rank 1 | trajectory 46 of circuit 69 -- done
rank 17 | trajectory 96 of circuit 17 -- done
rank 1 | trajectory 11 of circuit 21 -- done
rank 38 | trajectory 22 of circuit 75 -- done
rank 1 | trajectory 29 of circuit 84 -- done
rank 6 | trajectory 36 of circuit 63 -- done
rank 31 | trajectory 10 of circuit 83 -- done
rank 7 | trajectory 38 of circuit 65 -- done
rank 22 | trajectory 15 of circuit 48 -- done
rank 14 | trajectory 8 of circuit 100 -- done
rank 32 | trajectory 49 of circuit 31 -- done
rank 32 | trajectory 33 of circuit 87 -- done
rank 26 | trajectory 95 of circuit 86 -- done
rank 8 | trajectory 62 of circuit 87 -- done
rank 37 | trajectory 32 of circuit 78 -- done
rank 44 | trajectory 95 of circuit 30 -- done
rank 10 | trajectory 73 of circuit 35 -- done
rank 30 | trajectory 95 of circuit 4 -- done
rank 9 | trajectory 41 of circuit 95 -- done
rank 31 | trajectory 61 of circuit 97 -- done
rank 37 | trajectory 92 of circuit 81 -- done
rank 9 | trajectory 21 of circuit 74 -- done
rank 44 | trajectory 62 of circuit 34 -- done
rank 1 | trajectory 96 of circuit 85 -- done
rank 9 | trajectory 64 of circuit 81 -- done
rank 5 | trajectory 33 of circuit 79 -- done
rank 4 | trajectory 74 of circuit 87 -- done
rank 30 | trajectory 61 of circuit 85 -- done
rank 17 | trajectory 6 of circuit 82 -- done
rank 26 | trajectory 96 of circuit 93 -- done
rank 31 | trajectory 73 of circuit 8 -- done
rank 2 | trajectory 79 of circuit 52 -- done
rank 1 | trajectory 91 of circuit 99 -- done
rank 39 | trajectory 45 of circuit 51 -- done
rank 7 | trajectory 15 of circuit 56 -- done
rank 26 | trajectory 23 of circuit 83 -- done
rank 17 | trajectory 85 of circuit 43 -- done
rank 30 | trajectory 31 of circuit 51 -- done
rank 40 | trajectory 86 of circuit 55 -- done
rank 3 | trajectory 12 of circuit 98 -- done
rank 14 | trajectory 23 of circuit 28 -- done
rank 32 | trajectory 37 of circuit 71 -- done
rank 18 | trajectory 64 of circuit 18 -- done
rank 41 | trajectory 78 of circuit 62 -- done
rank 33 | trajectory 34 of circuit 100 -- done
rank 34 | trajectory 25 of circuit 82 -- done
rank 7 | trajectory 54 of circuit 61 -- done
rank 8 | trajectory 22 of circuit 38 -- done
rank 37 | trajectory 51 of circuit 11 -- done
rank 45 | trajectory 65 of circuit 29 -- done
rank 13 | trajectory 4 of circuit 80 -- done
rank 17 | trajectory 94 of circuit 6 -- done
rank 26 | trajectory 47 of circuit 97 -- done
rank 22 | trajectory 79 of circuit 36 -- done
rank 40 | trajectory 46 of circuit 9 -- done
rank 33 | trajectory 49 of circuit 39 -- done
rank 31 | trajectory 47 of circuit 2 -- done
rank 26 | trajectory 57 of circuit 81 -- done
rank 21 | trajectory 76 of circuit 80 -- done
rank 17 | trajectory 96 of circuit 49 -- done
rank 34 | trajectory 76 of circuit 96 -- done
rank 30 | trajectory 29 of circuit 96 -- done
rank 6 | trajectory 12 of circuit 25 -- done
rank 20 | trajectory 64 of circuit 66 -- done
rank 48 | trajectory 82 of circuit 91 -- done
rank 30 | trajectory 7 of circuit 85 -- done
rank 44 | trajectory 68 of circuit 87 -- done
rank 49 | trajectory 3 of circuit 3 -- done
rank 25 | trajectory 93 of circuit 84 -- done
rank 7 | trajectory 70 of circuit 27 -- done
rank 20 | trajectory 38 of circuit 97 -- done
rank 31 | trajectory 82 of circuit 79 -- done
rank 34 | trajectory 81 of circuit 81 -- done
rank 36 | trajectory 58 of circuit 73 -- done
rank 44 | trajectory 70 of circuit 58 -- done
rank 39 | trajectory 14 of circuit 33 -- done
rank 47 | trajectory 1 of circuit 60 -- done
rank 40 | trajectory 51 of circuit 69 -- done
rank 34 | trajectory 10 of circuit 14 -- done
rank 9 | trajectory 71 of circuit 88 -- done
rank 7 | trajectory 95 of circuit 62 -- done
rank 16 | trajectory 44 of circuit 100 -- done
rank 13 | trajectory 27 of circuit 73 -- done
rank 6 | trajectory 53 of circuit 93 -- done
rank 1 | trajectory 22 of circuit 2 -- done
rank 17 | trajectory 80 of circuit 91 -- done
rank 13 | trajectory 40 of circuit 88 -- done
rank 23 | trajectory 58 of circuit 92 -- done
rank 15 | trajectory 30 of circuit 33 -- done
rank 3 | trajectory 84 of circuit 71 -- done
rank 39 | trajectory 73 of circuit 89 -- done
rank 35 | trajectory 18 of circuit 48 -- done
rank 3 | trajectory 42 of circuit 95 -- done
rank 40 | trajectory 72 of circuit 8 -- done
rank 21 | trajectory 50 of circuit 10 -- done
rank 40 | trajectory 82 of circuit 72 -- done
rank 48 | trajectory 48 of circuit 95 -- done
rank 15 | trajectory 91 of circuit 94 -- done
rank 17 | trajectory 3 of circuit 41 -- done
rank 24 | trajectory 63 of circuit 96 -- done
rank 40 | trajectory 26 of circuit 36 -- done
rank 2 | trajectory 2 of circuit 73 -- done
rank 19 | trajectory 73 of circuit 33 -- done
rank 18 | trajectory 82 of circuit 47 -- done
rank 5 | trajectory 35 of circuit 88 -- done
rank 9 | trajectory 47 of circuit 23 -- done
rank 29 | trajectory 1 of circuit 89 -- done
rank 35 | trajectory 89 of circuit 85 -- done
rank 10 | trajectory 46 of circuit 23 -- done
rank 24 | trajectory 12 of circuit 28 -- done
rank 41 | trajectory 80 of circuit 82 -- done
rank 9 | trajectory 76 of circuit 60 -- done
rank 4 | trajectory 61 of circuit 79 -- done
rank 44 | trajectory 86 of circuit 88 -- done
rank 3 | trajectory 62 of circuit 78 -- done
rank 16 | trajectory 20 of circuit 97 -- done
rank 14 | trajectory 31 of circuit 98 -- done
rank 27 | trajectory 93 of circuit 80 -- done
rank 26 | trajectory 30 of circuit 46 -- done
rank 43 | trajectory 34 of circuit 53 -- done
rank 14 | trajectory 16 of circuit 80 -- done
rank 32 | trajectory 2 of circuit 78 -- done
rank 23 | trajectory 2 of circuit 75 -- done
rank 1 | trajectory 30 of circuit 27 -- done
rank 37 | trajectory 72 of circuit 5 -- done
rank 21 | trajectory 48 of circuit 63 -- done
rank 8 | trajectory 31 of circuit 6 -- done
rank 33 | trajectory 4 of circuit 47 -- done
rank 30 | trajectory 85 of circuit 66 -- done
rank 31 | trajectory 44 of circuit 38 -- done
rank 1 | trajectory 81 of circuit 95 -- done
rank 21 | trajectory 26 of circuit 34 -- done
rank 31 | trajectory 4 of circuit 28 -- done
rank 49 | trajectory 5 of circuit 68 -- done
rank 21 | trajectory 45 of circuit 29 -- done
rank 2 | trajectory 2 of circuit 100 -- done
rank 44 | trajectory 76 of circuit 23 -- done
rank 8 | trajectory 61 of circuit 25 -- done
rank 16 | trajectory 39 of circuit 92 -- done
rank 31 | trajectory 10 of circuit 67 -- done
rank 22 | trajectory 72 of circuit 88 -- done
rank 21 | trajectory 75 of circuit 66 -- done
rank 0 | trajectory 1 of circuit 59 -- done
rank 44 | trajectory 88 of circuit 17 -- done
rank 13 | trajectory 28 of circuit 73 -- done
rank 44 | trajectory 54 of circuit 85 -- done
rank 35 | trajectory 28 of circuit 58 -- done
rank 17 | trajectory 91 of circuit 49 -- done
rank 11 | trajectory 61 of circuit 52 -- done
rank 12 | trajectory 94 of circuit 71 -- done
rank 30 | trajectory 13 of circuit 37 -- done
rank 49 | trajectory 40 of circuit 11 -- done
rank 22 | trajectory 43 of circuit 47 -- done
rank 30 | trajectory 68 of circuit 52 -- done
rank 40 | trajectory 95 of circuit 60 -- done
rank 34 | trajectory 89 of circuit 92 -- done
rank 34 | trajectory 42 of circuit 40 -- done
rank 9 | trajectory 8 of circuit 42 -- done
rank 3 | trajectory 37 of circuit 45 -- done
rank 22 | trajectory 53 of circuit 66 -- done
rank 27 | trajectory 83 of circuit 86 -- done
rank 2 | trajectory 52 of circuit 93 -- done
rank 39 | trajectory 66 of circuit 81 -- done
rank 21 | trajectory 72 of circuit 6 -- done
rank 15 | trajectory 61 of circuit 78 -- done
rank 14 | trajectory 52 of circuit 65 -- done
rank 49 | trajectory 3 of circuit 94 -- done
rank 47 | trajectory 47 of circuit 69 -- done
rank 34 | trajectory 32 of circuit 28 -- done
rank 34 | trajectory 29 of circuit 3 -- done
rank 11 | trajectory 84 of circuit 9 -- done
rank 1 | trajectory 95 of circuit 92 -- done
rank 24 | trajectory 5 of circuit 60 -- done
rank 21 | trajectory 65 of circuit 37 -- done
rank 49 | trajectory 64 of circuit 60 -- done
rank 49 | trajectory 61 of circuit 11 -- done
rank 37 | trajectory 20 of circuit 32 -- done
rank 40 | trajectory 53 of circuit 80 -- done
rank 14 | trajectory 41 of circuit 40 -- done
rank 46 | trajectory 55 of circuit 87 -- done
rank 12 | trajectory 61 of circuit 100 -- done
rank 31 | trajectory 87 of circuit 26 -- done
rank 26 | trajectory 35 of circuit 28 -- done
rank 17 | trajectory 84 of circuit 78 -- done
rank 5 | trajectory 33 of circuit 19 -- done
rank 49 | trajectory 70 of circuit 90 -- done
rank 35 | trajectory 64 of circuit 15 -- done
rank 1 | trajectory 57 of circuit 41 -- done
rank 39 | trajectory 80 of circuit 80 -- done
rank 7 | trajectory 92 of circuit 29 -- done
rank 14 | trajectory 89 of circuit 33 -- done
rank 28 | trajectory 84 of circuit 99 -- done
rank 7 | trajectory 43 of circuit 46 -- done
rank 22 | trajectory 37 of circuit 1 -- done
rank 31 | trajectory 38 of circuit 5 -- done
rank 13 | trajectory 14 of circuit 35 -- done
rank 5 | trajectory 12 of circuit 69 -- done
rank 31 | trajectory 65 of circuit 2 -- done
rank 21 | trajectory 51 of circuit 2 -- done
rank 40 | trajectory 14 of circuit 62 -- done
rank 5 | trajectory 45 of circuit 32 -- done
rank 35 | trajectory 72 of circuit 74 -- done
rank 32 | trajectory 71 of circuit 47 -- done
rank 16 | trajectory 76 of circuit 100 -- done
rank 32 | trajectory 88 of circuit 87 -- done
rank 49 | trajectory 10 of circuit 53 -- done
rank 12 | trajectory 61 of circuit 69 -- done
rank 28 | trajectory 73 of circuit 78 -- done
rank 7 | trajectory 95 of circuit 16 -- done
rank 5 | trajectory 52 of circuit 59 -- done
rank 35 | trajectory 3 of circuit 45 -- done
rank 0 | trajectory 46 of circuit 37 -- done
rank 7 | trajectory 42 of circuit 38 -- done
rank 37 | trajectory 12 of circuit 90 -- done
rank 7 | trajectory 14 of circuit 36 -- done
rank 45 | trajectory 54 of circuit 66 -- done
rank 28 | trajectory 16 of circuit 58 -- done
rank 7 | trajectory 32 of circuit 4 -- done
rank 31 | trajectory 33 of circuit 86 -- done
rank 8 | trajectory 8 of circuit 97 -- done
rank 40 | trajectory 76 of circuit 92 -- done
rank 35 | trajectory 11 of circuit 66 -- done
rank 1 | trajectory 3 of circuit 49 -- done
rank 3 | trajectory 32 of circuit 73 -- done
rank 7 | trajectory 1 of circuit 21 -- done
rank 13 | trajectory 80 of circuit 12 -- done
rank 22 | trajectory 42 of circuit 72 -- done
rank 36 | trajectory 54 of circuit 62 -- done
rank 40 | trajectory 50 of circuit 81 -- done
rank 30 | trajectory 66 of circuit 21 -- done
rank 11 | trajectory 47 of circuit 30 -- done
rank 34 | trajectory 65 of circuit 17 -- done
rank 34 | trajectory 60 of circuit 22 -- done
rank 16 | trajectory 60 of circuit 58 -- done
rank 8 | trajectory 48 of circuit 15 -- done
rank 8 | trajectory 41 of circuit 31 -- done
rank 35 | trajectory 13 of circuit 64 -- done
rank 35 | trajectory 41 of circuit 60 -- done
rank 10 | trajectory 22 of circuit 19 -- done
rank 28 | trajectory 94 of circuit 63 -- done
rank 37 | trajectory 42 of circuit 48 -- done
rank 5 | trajectory 84 of circuit 74 -- done
rank 28 | trajectory 32 of circuit 69 -- done
rank 8 | trajectory 67 of circuit 46 -- done
rank 12 | trajectory 40 of circuit 55 -- done
rank 1 | trajectory 74 of circuit 4 -- done
rank 38 | trajectory 73 of circuit 99 -- done
rank 21 | trajectory 21 of circuit 53 -- done
rank 21 | trajectory 13 of circuit 73 -- done
rank 32 | trajectory 38 of circuit 4 -- done
rank 44 | trajectory 89 of circuit 41 -- done
rank 33 | trajectory 14 of circuit 76 -- done
rank 15 | trajectory 8 of circuit 13 -- done
rank 39 | trajectory 58 of circuit 69 -- done
rank 25 | trajectory 15 of circuit 62 -- done
rank 1 | trajectory 17 of circuit 74 -- done
rank 4 | trajectory 10 of circuit 71 -- done
rank 1 | trajectory 84 of circuit 19 -- done
rank 9 | trajectory 11 of circuit 56 -- done
rank 13 | trajectory 89 of circuit 45 -- done
rank 25 | trajectory 26 of circuit 98 -- done
rank 8 | trajectory 8 of circuit 68 -- done
rank 8 | trajectory 65 of circuit 14 -- done
rank 27 | trajectory 14 of circuit 85 -- done
rank 40 | trajectory 55 of circuit 28 -- done
rank 8 | trajectory 34 of circuit 80 -- done
rank 7 | trajectory 69 of circuit 54 -- done
rank 7 | trajectory 37 of circuit 76 -- done
rank 9 | trajectory 38 of circuit 17 -- done
rank 43 | trajectory 4 of circuit 72 -- done
rank 12 | trajectory 60 of circuit 77 -- done
rank 14 | trajectory 20 of circuit 81 -- done
rank 21 | trajectory 2 of circuit 10 -- done
rank 14 | trajectory 62 of circuit 20 -- done
rank 34 | trajectory 84 of circuit 64 -- done
rank 22 | trajectory 10 of circuit 81 -- done
rank 29 | trajectory 35 of circuit 58 -- done
rank 29 | trajectory 11 of circuit 97 -- done
rank 5 | trajectory 87 of circuit 34 -- done
rank 37 | trajectory 76 of circuit 1 -- done
rank 19 | trajectory 70 of circuit 1 -- done
rank 30 | trajectory 39 of circuit 46 -- done
rank 27 | trajectory 71 of circuit 64 -- done
rank 29 | trajectory 20 of circuit 40 -- done
rank 38 | trajectory 17 of circuit 98 -- done
rank 31 | trajectory 60 of circuit 32 -- done
rank 36 | trajectory 57 of circuit 94 -- done
rank 26 | trajectory 3 of circuit 54 -- done
rank 28 | trajectory 61 of circuit 92 -- done
rank 1 | trajectory 4 of circuit 75 -- done
rank 28 | trajectory 62 of circuit 22 -- done
rank 7 | trajectory 80 of circuit 55 -- done
rank 21 | trajectory 55 of circuit 65 -- done
rank 35 | trajectory 35 of circuit 24 -- done
rank 34 | trajectory 50 of circuit 60 -- done
rank 19 | trajectory 95 of circuit 52 -- done
rank 28 | trajectory 65 of circuit 13 -- done
rank 17 | trajectory 14 of circuit 25 -- done
rank 2 | trajectory 34 of circuit 11 -- done
rank 38 | trajectory 45 of circuit 60 -- done
rank 15 | trajectory 92 of circuit 52 -- done
rank 27 | trajectory 45 of circuit 68 -- done
rank 29 | trajectory 75 of circuit 94 -- done
rank 30 | trajectory 80 of circuit 5 -- done
rank 31 | trajectory 78 of circuit 39 -- done
rank 8 | trajectory 81 of circuit 6 -- done
rank 45 | trajectory 70 of circuit 65 -- done
rank 29 | trajectory 39 of circuit 11 -- done
rank 20 | trajectory 72 of circuit 48 -- done
rank 35 | trajectory 59 of circuit 83 -- done
rank 4 | trajectory 65 of circuit 31 -- done
rank 34 | trajectory 51 of circuit 9 -- done
rank 33 | trajectory 6 of circuit 13 -- done
rank 23 | trajectory 34 of circuit 89 -- done
rank 31 | trajectory 34 of circuit 29 -- done
rank 10 | trajectory 89 of circuit 94 -- done
rank 40 | trajectory 16 of circuit 79 -- done
rank 33 | trajectory 84 of circuit 33 -- done
rank 8 | trajectory 39 of circuit 99 -- done
rank 43 | trajectory 17 of circuit 2 -- done
rank 21 | trajectory 4 of circuit 12 -- done
rank 14 | trajectory 14 of circuit 29 -- done
rank 37 | trajectory 89 of circuit 73 -- done
rank 17 | trajectory 73 of circuit 73 -- done
rank 43 | trajectory 79 of circuit 80 -- done
rank 21 | trajectory 34 of circuit 45 -- done
rank 35 | trajectory 76 of circuit 22 -- done
rank 44 | trajectory 51 of circuit 54 -- done
rank 2 | trajectory 77 of circuit 57 -- done
rank 44 | trajectory 70 of circuit 74 -- done
rank 46 | trajectory 96 of circuit 86 -- done
rank 17 | trajectory 8 of circuit 67 -- done
rank 45 | trajectory 20 of circuit 66 -- done
rank 41 | trajectory 48 of circuit 71 -- done
rank 31 | trajectory 25 of circuit 16 -- done
rank 39 | trajectory 84 of circuit 49 -- done
rank 39 | trajectory 29 of circuit 55 -- done
rank 11 | trajectory 59 of circuit 17 -- done
rank 23 | trajectory 54 of circuit 52 -- done
rank 12 | trajectory 22 of circuit 44 -- done
rank 28 | trajectory 79 of circuit 26 -- done
rank 24 | trajectory 13 of circuit 75 -- done
rank 30 | trajectory 96 of circuit 50 -- done
rank 47 | trajectory 48 of circuit 97 -- done
rank 10 | trajectory 75 of circuit 38 -- done
rank 15 | trajectory 40 of circuit 78 -- done
rank 20 | trajectory 79 of circuit 34 -- done
rank 24 | trajectory 20 of circuit 99 -- done
rank 8 | trajectory 21 of circuit 68 -- done
rank 5 | trajectory 46 of circuit 46 -- done
rank 37 | trajectory 66 of circuit 30 -- done
rank 39 | trajectory 29 of circuit 65 -- done
rank 34 | trajectory 74 of circuit 50 -- done
rank 23 | trajectory 68 of circuit 85 -- done
rank 9 | trajectory 65 of circuit 64 -- done
rank 44 | trajectory 77 of circuit 59 -- done
rank 19 | trajectory 58 of circuit 22 -- done
rank 22 | trajectory 84 of circuit 70 -- done
rank 26 | trajectory 88 of circuit 94 -- done
rank 42 | trajectory 12 of circuit 47 -- done
rank 15 | trajectory 57 of circuit 35 -- done
rank 40 | trajectory 71 of circuit 33 -- done
rank 28 | trajectory 38 of circuit 74 -- done
rank 33 | trajectory 5 of circuit 70 -- done
rank 43 | trajectory 59 of circuit 40 -- done
rank 41 | trajectory 23 of circuit 18 -- done
rank 22 | trajectory 12 of circuit 63 -- done
rank 47 | trajectory 41 of circuit 94 -- done
rank 27 | trajectory 38 of circuit 43 -- done
rank 40 | trajectory 2 of circuit 77 -- done
rank 37 | trajectory 83 of circuit 30 -- done
rank 39 | trajectory 22 of circuit 73 -- done
rank 10 | trajectory 56 of circuit 50 -- done
rank 42 | trajectory 32 of circuit 45 -- done
rank 40 | trajectory 70 of circuit 53 -- done
rank 29 | trajectory 25 of circuit 41 -- done
rank 7 | trajectory 26 of circuit 26 -- done
rank 19 | trajectory 85 of circuit 39 -- done
rank 24 | trajectory 4 of circuit 46 -- done
rank 14 | trajectory 22 of circuit 84 -- done
rank 22 | trajectory 89 of circuit 84 -- done
rank 2 | trajectory 78 of circuit 61 -- done
rank 41 | trajectory 63 of circuit 62 -- done
rank 32 | trajectory 61 of circuit 58 -- done
rank 32 | trajectory 91 of circuit 76 -- done
rank 46 | trajectory 28 of circuit 71 -- done
rank 9 | trajectory 73 of circuit 64 -- done
rank 5 | trajectory 11 of circuit 89 -- done
rank 22 | trajectory 80 of circuit 98 -- done
rank 47 | trajectory 55 of circuit 77 -- done
rank 20 | trajectory 61 of circuit 82 -- done
rank 37 | trajectory 53 of circuit 22 -- done
rank 36 | trajectory 51 of circuit 72 -- done
rank 5 | trajectory 39 of circuit 2 -- done
rank 44 | trajectory 24 of circuit 42 -- done
rank 45 | trajectory 2 of circuit 59 -- done
rank 43 | trajectory 51 of circuit 37 -- done
rank 24 | trajectory 13 of circuit 53 -- done
rank 44 | trajectory 33 of circuit 12 -- done
rank 5 | trajectory 37 of circuit 36 -- done
rank 39 | trajectory 57 of circuit 84 -- done
rank 16 | trajectory 71 of circuit 25 -- done
rank 6 | trajectory 79 of circuit 55 -- done
rank 44 | trajectory 60 of circuit 70 -- done
rank 14 | trajectory 39 of circuit 19 -- done
rank 40 | trajectory 80 of circuit 92 -- done
rank 2 | trajectory 27 of circuit 26 -- done
rank 31 | trajectory 64 of circuit 3 -- done
rank 8 | trajectory 74 of circuit 91 -- done
rank 19 | trajectory 53 of circuit 90 -- done
rank 28 | trajectory 72 of circuit 78 -- done
rank 21 | trajectory 7 of circuit 53 -- done
rank 13 | trajectory 66 of circuit 94 -- done
rank 15 | trajectory 64 of circuit 72 -- done
rank 40 | trajectory 72 of circuit 69 -- done
rank 12 | trajectory 14 of circuit 95 -- done
rank 29 | trajectory 67 of circuit 14 -- done
rank 37 | trajectory 60 of circuit 57 -- done
rank 15 | trajectory 54 of circuit 74 -- done
rank 44 | trajectory 3 of circuit 19 -- done
rank 49 | trajectory 6 of circuit 51 -- done
rank 35 | trajectory 14 of circuit 88 -- done
rank 41 | trajectory 54 of circuit 99 -- done
rank 26 | trajectory 92 of circuit 74 -- done
rank 34 | trajectory 47 of circuit 91 -- done
rank 44 | trajectory 83 of circuit 55 -- done
rank 22 | trajectory 25 of circuit 36 -- done
rank 20 | trajectory 76 of circuit 12 -- done
rank 49 | trajectory 68 of circuit 42 -- done
rank 12 | trajectory 5 of circuit 91 -- done
rank 35 | trajectory 29 of circuit 2 -- done
rank 16 | trajectory 91 of circuit 65 -- done
rank 19 | trajectory 60 of circuit 73 -- done
rank 6 | trajectory 82 of circuit 87 -- done
rank 35 | trajectory 80 of circuit 50 -- done
rank 19 | trajectory 27 of circuit 38 -- done
rank 21 | trajectory 61 of circuit 90 -- done
rank 5 | trajectory 60 of circuit 27 -- done
rank 17 | trajectory 29 of circuit 81 -- done
rank 34 | trajectory 53 of circuit 30 -- done
rank 17 | trajectory 61 of circuit 70 -- done
rank 32 | trajectory 63 of circuit 82 -- done
rank 31 | trajectory 62 of circuit 67 -- done
rank 8 | trajectory 56 of circuit 60 -- done
rank 36 | trajectory 30 of circuit 89 -- done
rank 34 | trajectory 18 of circuit 92 -- done
rank 44 | trajectory 1 of circuit 43 -- done
rank 21 | trajectory 52 of circuit 46 -- done
rank 31 | trajectory 64 of circuit 23 -- done
rank 22 | trajectory 94 of circuit 36 -- done
rank 29 | trajectory 83 of circuit 32 -- done
rank 34 | trajectory 22 of circuit 33 -- done
rank 32 | trajectory 42 of circuit 32 -- done
rank 34 | trajectory 88 of circuit 76 -- done
rank 37 | trajectory 36 of circuit 2 -- done
rank 1 | trajectory 79 of circuit 59 -- done
rank 29 | trajectory 8 of circuit 9 -- done
rank 32 | trajectory 70 of circuit 96 -- done
rank 10 | trajectory 7 of circuit 46 -- done
rank 10 | trajectory 35 of circuit 27 -- done
rank 45 | trajectory 3 of circuit 61 -- done
rank 30 | trajectory 47 of circuit 68 -- done
rank 24 | trajectory 29 of circuit 75 -- done
rank 37 | trajectory 15 of circuit 9 -- done
rank 6 | trajectory 6 of circuit 95 -- done
rank 16 | trajectory 63 of circuit 93 -- done
rank 26 | trajectory 24 of circuit 65 -- done
rank 8 | trajectory 4 of circuit 24 -- done
rank 46 | trajectory 58 of circuit 56 -- done
rank 1 | trajectory 62 of circuit 3 -- done
rank 30 | trajectory 27 of circuit 76 -- done
rank 13 | trajectory 19 of circuit 31 -- done
rank 27 | trajectory 57 of circuit 66 -- done
rank 3 | trajectory 44 of circuit 62 -- done
rank 11 | trajectory 56 of circuit 92 -- done
rank 20 | trajectory 36 of circuit 76 -- done
rank 33 | trajectory 25 of circuit 57 -- done
rank 42 | trajectory 59 of circuit 26 -- done
rank 29 | trajectory 68 of circuit 90 -- done
rank 29 | trajectory 32 of circuit 99 -- done
rank 40 | trajectory 12 of circuit 27 -- done
rank 36 | trajectory 13 of circuit 62 -- done
rank 38 | trajectory 58 of circuit 30 -- done
rank 7 | trajectory 13 of circuit 72 -- done
rank 31 | trajectory 22 of circuit 27 -- done
rank 1 | trajectory 94 of circuit 90 -- done
rank 25 | trajectory 92 of circuit 99 -- done
rank 31 | trajectory 11 of circuit 31 -- done
rank 11 | trajectory 1 of circuit 2 -- done
rank 17 | trajectory 49 of circuit 26 -- done
rank 31 | trajectory 8 of circuit 44 -- done
rank 5 | trajectory 76 of circuit 57 -- done
rank 39 | trajectory 79 of circuit 50 -- done
rank 37 | trajectory 39 of circuit 65 -- done
rank 38 | trajectory 20 of circuit 78 -- done
rank 7 | trajectory 90 of circuit 43 -- done
rank 1 | trajectory 42 of circuit 52 -- done
rank 40 | trajectory 30 of circuit 21 -- done
rank 37 | trajectory 37 of circuit 19 -- done
rank 31 | trajectory 3 of circuit 6 -- done
rank 49 | trajectory 30 of circuit 24 -- done
rank 2 | trajectory 16 of circuit 95 -- done
rank 2 | trajectory 29 of circuit 31 -- done
rank 46 | trajectory 74 of circuit 98 -- done
rank 10 | trajectory 6 of circuit 36 -- done
rank 24 | trajectory 75 of circuit 56 -- done
rank 1 | trajectory 53 of circuit 21 -- done
rank 40 | trajectory 32 of circuit 40 -- done
rank 39 | trajectory 31 of circuit 95 -- done
rank 37 | trajectory 94 of circuit 59 -- done
rank 30 | trajectory 91 of circuit 43 -- done
rank 8 | trajectory 47 of circuit 64 -- done
rank 19 | trajectory 93 of circuit 70 -- done
rank 31 | trajectory 79 of circuit 65 -- done
rank 21 | trajectory 1 of circuit 40 -- done
rank 22 | trajectory 3 of circuit 27 -- done
rank 45 | trajectory 8 of circuit 10 -- done
rank 34 | trajectory 28 of circuit 53 -- done
rank 17 | trajectory 37 of circuit 86 -- done
rank 20 | trajectory 56 of circuit 88 -- done
rank 8 | trajectory 73 of circuit 62 -- done
rank 13 | trajectory 24 of circuit 93 -- done
rank 49 | trajectory 34 of circuit 10 -- done
rank 19 | trajectory 80 of circuit 28 -- done
rank 39 | trajectory 37 of circuit 99 -- done
rank 40 | trajectory 2 of circuit 1 -- done
rank 1 | trajectory 18 of circuit 59 -- done
rank 33 | trajectory 56 of circuit 25 -- done
rank 28 | trajectory 17 of circuit 25 -- done
rank 15 | trajectory 90 of circuit 56 -- done
rank 9 | trajectory 9 of circuit 82 -- done
rank 8 | trajectory 48 of circuit 76 -- done
rank 21 | trajectory 92 of circuit 44 -- done
rank 21 | trajectory 77 of circuit 35 -- done
rank 28 | trajectory 21 of circuit 24 -- done
rank 4 | trajectory 69 of circuit 58 -- done
rank 2 | trajectory 30 of circuit 35 -- done
rank 12 | trajectory 32 of circuit 58 -- done
rank 5 | trajectory 55 of circuit 25 -- done
rank 22 | trajectory 52 of circuit 30 -- done
rank 25 | trajectory 68 of circuit 98 -- done
rank 35 | trajectory 75 of circuit 92 -- done
rank 19 | trajectory 9 of circuit 27 -- done
rank 24 | trajectory 58 of circuit 89 -- done
rank 25 | trajectory 52 of circuit 94 -- done
rank 35 | trajectory 17 of circuit 38 -- done
rank 34 | trajectory 26 of circuit 71 -- done
rank 45 | trajectory 59 of circuit 95 -- done
rank 28 | trajectory 71 of circuit 66 -- done
rank 3 | trajectory 13 of circuit 74 -- done
rank 42 | trajectory 47 of circuit 83 -- done
rank 46 | trajectory 52 of circuit 98 -- done
rank 42 | trajectory 71 of circuit 67 -- done
rank 17 | trajectory 52 of circuit 34 -- done
rank 39 | trajectory 20 of circuit 21 -- done
rank 46 | trajectory 20 of circuit 47 -- done
rank 27 | trajectory 72 of circuit 42 -- done
rank 9 | trajectory 37 of circuit 50 -- done
rank 39 | trajectory 56 of circuit 93 -- done
rank 37 | trajectory 84 of circuit 61 -- done
rank 41 | trajectory 79 of circuit 51 -- done
rank 2 | trajectory 7 of circuit 8 -- done
rank 5 | trajectory 18 of circuit 63 -- done
rank 32 | trajectory 81 of circuit 56 -- done
rank 9 | trajectory 45 of circuit 92 -- done
rank 35 | trajectory 53 of circuit 69 -- done
rank 17 | trajectory 63 of circuit 60 -- done
rank 7 | trajectory 41 of circuit 41 -- done
rank 49 | trajectory 92 of circuit 56 -- done
rank 46 | trajectory 25 of circuit 72 -- done
rank 29 | trajectory 77 of circuit 55 -- done
rank 35 | trajectory 51 of circuit 82 -- done
rank 30 | trajectory 26 of circuit 55 -- done
rank 9 | trajectory 28 of circuit 61 -- done
rank 41 | trajectory 86 of circuit 68 -- done
rank 29 | trajectory 25 of circuit 31 -- done
rank 47 | trajectory 70 of circuit 71 -- done
rank 1 | trajectory 32 of circuit 11 -- done
rank 0 | trajectory 90 of circuit 83 -- done
rank 40 | trajectory 96 of circuit 16 -- done
rank 13 | trajectory 63 of circuit 70 -- done
rank 25 | trajectory 69 of circuit 97 -- done
rank 10 | trajectory 47 of circuit 78 -- done
rank 23 | trajectory 52 of circuit 54 -- done
rank 1 | trajectory 62 of circuit 89 -- done
rank 43 | trajectory 8 of circuit 34 -- done
rank 30 | trajectory 95 of circuit 91 -- done
rank 11 | trajectory 4 of circuit 74 -- done
rank 14 | trajectory 11 of circuit 96 -- done
rank 28 | trajectory 19 of circuit 71 -- done
rank 24 | trajectory 85 of circuit 78 -- done
rank 19 | trajectory 15 of circuit 44 -- done
rank 25 | trajectory 80 of circuit 73 -- done
rank 24 | trajectory 80 of circuit 76 -- done
rank 48 | trajectory 83 of circuit 68 -- done
rank 16 | trajectory 78 of circuit 81 -- done
rank 7 | trajectory 81 of circuit 36 -- done
rank 25 | trajectory 8 of circuit 94 -- done
rank 11 | trajectory 80 of circuit 32 -- done
rank 19 | trajectory 62 of circuit 85 -- done
rank 42 | trajectory 22 of circuit 31 -- done
rank 1 | trajectory 5 of circuit 85 -- done
rank 12 | trajectory 11 of circuit 94 -- done
rank 15 | trajectory 14 of circuit 64 -- done
rank 9 | trajectory 90 of circuit 33 -- done
rank 38 | trajectory 84 of circuit 90 -- done
rank 18 | trajectory 85 of circuit 89 -- done
rank 1 | trajectory 96 of circuit 25 -- done
rank 49 | trajectory 51 of circuit 91 -- done
rank 22 | trajectory 67 of circuit 12 -- done
rank 18 | trajectory 51 of circuit 96 -- done
rank 14 | trajectory 54 of circuit 75 -- done
rank 32 | trajectory 93 of circuit 15 -- done
rank 7 | trajectory 9 of circuit 79 -- done
rank 4 | trajectory 74 of circuit 43 -- done
rank 38 | trajectory 78 of circuit 77 -- done
rank 49 | trajectory 5 of circuit 41 -- done
rank 24 | trajectory 26 of circuit 90 -- done
rank 5 | trajectory 85 of circuit 65 -- done
rank 44 | trajectory 22 of circuit 32 -- done
rank 5 | trajectory 43 of circuit 75 -- done
rank 6 | trajectory 81 of circuit 82 -- done
rank 46 | trajectory 47 of circuit 72 -- done
rank 1 | trajectory 92 of circuit 8 -- done
rank 7 | trajectory 56 of circuit 71 -- done
rank 36 | trajectory 87 of circuit 14 -- done
rank 20 | trajectory 40 of circuit 84 -- done
rank 17 | trajectory 55 of circuit 52 -- done
rank 37 | trajectory 54 of circuit 19 -- done
rank 43 | trajectory 57 of circuit 93 -- done
rank 15 | trajectory 36 of circuit 93 -- done
rank 42 | trajectory 46 of circuit 20 -- done
rank 3 | trajectory 73 of circuit 32 -- done
rank 31 | trajectory 27 of circuit 24 -- done
rank 37 | trajectory 30 of circuit 4 -- done
rank 19 | trajectory 39 of circuit 6 -- done
rank 32 | trajectory 96 of circuit 41 -- done
rank 29 | trajectory 42 of circuit 35 -- done
rank 41 | trajectory 39 of circuit 86 -- done
rank 44 | trajectory 10 of circuit 85 -- done
rank 30 | trajectory 51 of circuit 88 -- done
rank 34 | trajectory 64 of circuit 17 -- done
rank 17 | trajectory 77 of circuit 54 -- done
rank 8 | trajectory 34 of circuit 33 -- done
rank 45 | trajectory 49 of circuit 33 -- done
rank 27 | trajectory 55 of circuit 31 -- done
rank 47 | trajectory 91 of circuit 27 -- done
rank 30 | trajectory 42 of circuit 17 -- done
rank 38 | trajectory 35 of circuit 72 -- done
rank 44 | trajectory 29 of circuit 60 -- done
rank 30 | trajectory 55 of circuit 88 -- done
rank 19 | trajectory 56 of circuit 66 -- done
rank 13 | trajectory 56 of circuit 83 -- done
rank 47 | trajectory 53 of circuit 43 -- done
rank 7 | trajectory 28 of circuit 40 -- done
rank 40 | trajectory 18 of circuit 10 -- done
rank 0 | trajectory 63 of circuit 5 -- done
rank 34 | trajectory 57 of circuit 85 -- done
rank 3 | trajectory 40 of circuit 80 -- done
rank 14 | trajectory 8 of circuit 29 -- done
rank 21 | trajectory 9 of circuit 65 -- done
rank 11 | trajectory 60 of circuit 33 -- done
rank 23 | trajectory 95 of circuit 71 -- done
rank 26 | trajectory 89 of circuit 75 -- done
rank 49 | trajectory 43 of circuit 16 -- done
rank 5 | trajectory 40 of circuit 13 -- done
rank 19 | trajectory 29 of circuit 88 -- done
rank 41 | trajectory 77 of circuit 89 -- done
rank 49 | trajectory 2 of circuit 91 -- done
rank 9 | trajectory 77 of circuit 84 -- done
rank 43 | trajectory 92 of circuit 17 -- done
rank 40 | trajectory 78 of circuit 1 -- done
rank 23 | trajectory 7 of circuit 58 -- done
rank 27 | trajectory 66 of circuit 44 -- done
rank 21 | trajectory 54 of circuit 9 -- done
rank 0 | trajectory 29 of circuit 54 -- done
rank 31 | trajectory 57 of circuit 62 -- done
rank 35 | trajectory 3 of circuit 8 -- done
rank 41 | trajectory 19 of circuit 37 -- done
rank 0 | trajectory 21 of circuit 52 -- done
rank 31 | trajectory 55 of circuit 34 -- done
rank 44 | trajectory 76 of circuit 84 -- done
rank 8 | trajectory 22 of circuit 25 -- done
rank 45 | trajectory 46 of circuit 79 -- done
rank 9 | trajectory 14 of circuit 28 -- done
rank 7 | trajectory 72 of circuit 70 -- done
rank 1 | trajectory 43 of circuit 84 -- done
rank 24 | trajectory 38 of circuit 54 -- done
rank 37 | trajectory 71 of circuit 26 -- done
rank 17 | trajectory 90 of circuit 4 -- done
rank 9 | trajectory 93 of circuit 73 -- done
rank 23 | trajectory 96 of circuit 91 -- done
rank 49 | trajectory 20 of circuit 61 -- done
rank 43 | trajectory 77 of circuit 48 -- done
rank 43 | trajectory 56 of circuit 10 -- done
rank 10 | trajectory 85 of circuit 36 -- done
rank 26 | trajectory 60 of circuit 83 -- done
rank 41 | trajectory 17 of circuit 90 -- done
rank 20 | trajectory 90 of circuit 70 -- done
rank 29 | trajectory 87 of circuit 39 -- done
rank 32 | trajectory 31 of circuit 15 -- done
rank 34 | trajectory 67 of circuit 80 -- done
rank 12 | trajectory 16 of circuit 60 -- done
rank 19 | trajectory 76 of circuit 99 -- done
rank 14 | trajectory 62 of circuit 69 -- done
rank 34 | trajectory 54 of circuit 47 -- done
rank 13 | trajectory 88 of circuit 2 -- done
rank 11 | trajectory 18 of circuit 35 -- done
rank 9 | trajectory 4 of circuit 31 -- done
rank 25 | trajectory 60 of circuit 94 -- done
rank 42 | trajectory 74 of circuit 37 -- done
rank 0 | trajectory 26 of circuit 84 -- done
rank 10 | trajectory 21 of circuit 80 -- done
rank 4 | trajectory 64 of circuit 100 -- done
rank 34 | trajectory 24 of circuit 98 -- done
rank 41 | trajectory 93 of circuit 46 -- done
rank 21 | trajectory 10 of circuit 22 -- done
rank 27 | trajectory 29 of circuit 90 -- done
rank 28 | trajectory 44 of circuit 84 -- done
rank 44 | trajectory 8 of circuit 30 -- done
rank 33 | trajectory 26 of circuit 39 -- done
rank 13 | trajectory 76 of circuit 93 -- done
rank 31 | trajectory 45 of circuit 16 -- done
rank 17 | trajectory 95 of circuit 65 -- done
rank 40 | trajectory 58 of circuit 62 -- done
rank 39 | trajectory 70 of circuit 30 -- done
rank 46 | trajectory 83 of circuit 85 -- done
rank 31 | trajectory 33 of circuit 53 -- done
rank 25 | trajectory 27 of circuit 92 -- done
rank 37 | trajectory 8 of circuit 56 -- done
rank 28 | trajectory 5 of circuit 33 -- done
rank 24 | trajectory 19 of circuit 89 -- done
rank 10 | trajectory 36 of circuit 46 -- done
rank 38 | trajectory 3 of circuit 32 -- done
rank 19 | trajectory 77 of circuit 27 -- done
rank 14 | trajectory 31 of circuit 49 -- done
rank 15 | trajectory 41 of circuit 74 -- done
rank 2 | trajectory 42 of circuit 33 -- done
rank 3 | trajectory 62 of circuit 50 -- done
rank 3 | trajectory 11 of circuit 58 -- done
rank 40 | trajectory 6 of circuit 49 -- done
rank 20 | trajectory 84 of circuit 20 -- done
rank 46 | trajectory 71 of circuit 97 -- done
rank 40 | trajectory 5 of circuit 30 -- done
rank 12 | trajectory 79 of circuit 81 -- done
rank 10 | trajectory 37 of circuit 84 -- done
rank 2 | trajectory 65 of circuit 19 -- done
rank 17 | trajectory 26 of circuit 88 -- done
rank 34 | trajectory 13 of circuit 40 -- done
rank 31 | trajectory 75 of circuit 11 -- done
rank 34 | trajectory 22 of circuit 41 -- done
rank 47 | trajectory 89 of circuit 34 -- done
rank 40 | trajectory 48 of circuit 16 -- done
rank 17 | trajectory 31 of circuit 65 -- done
rank 41 | trajectory 24 of circuit 74 -- done
rank 0 | trajectory 7 of circuit 52 -- done
rank 1 | trajectory 83 of circuit 33 -- done
rank 14 | trajectory 56 of circuit 47 -- done
rank 9 | trajectory 56 of circuit 36 -- done
rank 44 | trajectory 21 of circuit 42 -- done
rank 23 | trajectory 89 of circuit 72 -- done
rank 42 | trajectory 63 of circuit 44 -- done
rank 32 | trajectory 19 of circuit 66 -- done
rank 2 | trajectory 79 of circuit 8 -- done
rank 37 | trajectory 48 of circuit 61 -- done
rank 32 | trajectory 32 of circuit 60 -- done
rank 33 | trajectory 23 of circuit 35 -- done
rank 1 | trajectory 85 of circuit 13 -- done
rank 20 | trajectory 11 of circuit 69 -- done
rank 2 | trajectory 73 of circuit 86 -- done
rank 16 | trajectory 96 of circuit 76 -- done
rank 5 | trajectory 44 of circuit 86 -- done
rank 31 | trajectory 85 of circuit 72 -- done
rank 46 | trajectory 77 of circuit 69 -- done
rank 35 | trajectory 57 of circuit 82 -- done
rank 22 | trajectory 41 of circuit 58 -- done
rank 18 | trajectory 25 of circuit 94 -- done
rank 17 | trajectory 83 of circuit 5 -- done
rank 41 | trajectory 30 of circuit 74 -- done
rank 19 | trajectory 84 of circuit 80 -- done
rank 26 | trajectory 58 of circuit 2 -- done
rank 16 | trajectory 42 of circuit 99 -- done
rank 21 | trajectory 58 of circuit 63 -- done
rank 3 | trajectory 79 of circuit 71 -- done
rank 1 | trajectory 4 of circuit 60 -- done
rank 24 | trajectory 52 of circuit 45 -- done
rank 25 | trajectory 58 of circuit 15 -- done
rank 16 | trajectory 82 of circuit 58 -- done
rank 49 | trajectory 49 of circuit 88 -- done
rank 49 | trajectory 17 of circuit 69 -- done
rank 14 | trajectory 81 of circuit 97 -- done
rank 20 | trajectory 83 of circuit 87 -- done
rank 0 | trajectory 75 of circuit 98 -- done
rank 18 | trajectory 5 of circuit 89 -- done
rank 25 | trajectory 18 of circuit 13 -- done
rank 28 | trajectory 15 of circuit 97 -- done
rank 30 | trajectory 92 of circuit 40 -- done
rank 26 | trajectory 43 of circuit 41 -- done
rank 13 | trajectory 29 of circuit 14 -- done
rank 44 | trajectory 45 of circuit 39 -- done
rank 3 | trajectory 64 of circuit 93 -- done
rank 33 | trajectory 73 of circuit 24 -- done
rank 44 | trajectory 64 of circuit 12 -- done
rank 7 | trajectory 28 of circuit 12 -- done
rank 41 | trajectory 19 of circuit 29 -- done
rank 1 | trajectory 37 of circuit 81 -- done
rank 2 | trajectory 43 of circuit 63 -- done
rank 27 | trajectory 80 of circuit 43 -- done
rank 27 | trajectory 17 of circuit 55 -- done
rank 38 | trajectory 65 of circuit 52 -- done
rank 46 | trajectory 16 of circuit 78 -- done
rank 48 | trajectory 7 of circuit 77 -- done
rank 8 | trajectory 69 of circuit 84 -- done
rank 11 | trajectory 12 of circuit 48 -- done
rank 49 | trajectory 22 of circuit 52 -- done
rank 21 | trajectory 36 of circuit 14 -- done
rank 15 | trajectory 86 of circuit 21 -- done
rank 49 | trajectory 47 of circuit 19 -- done
rank 8 | trajectory 37 of circuit 87 -- done
rank 44 | trajectory 16 of circuit 33 -- done
rank 36 | trajectory 27 of circuit 93 -- done
rank 2 | trajectory 35 of circuit 14 -- done
rank 48 | trajectory 62 of circuit 98 -- done
rank 10 | trajectory 4 of circuit 54 -- done
rank 32 | trajectory 8 of circuit 90 -- done
rank 4 | trajectory 56 of circuit 9 -- done
rank 3 | trajectory 21 of circuit 78 -- done
rank 39 | trajectory 32 of circuit 17 -- done
rank 3 | trajectory 78 of circuit 59 -- done
rank 33 | trajectory 63 of circuit 53 -- done
rank 46 | trajectory 29 of circuit 80 -- done
rank 2 | trajectory 1 of circuit 80 -- done
rank 21 | trajectory 72 of circuit 20 -- done
rank 1 | trajectory 56 of circuit 41 -- done
rank 21 | trajectory 14 of circuit 44 -- done
rank 44 | trajectory 19 of circuit 1 -- done
rank 0 | trajectory 17 of circuit 93 -- done
rank 35 | trajectory 73 of circuit 84 -- done
rank 47 | trajectory 26 of circuit 45 -- done
rank 10 | trajectory 43 of circuit 59 -- done
rank 2 | trajectory 70 of circuit 70 -- done
rank 0 | trajectory 64 of circuit 39 -- done
rank 31 | trajectory 30 of circuit 17 -- done
rank 40 | trajectory 84 of circuit 31 -- done
rank 28 | trajectory 52 of circuit 20 -- done
rank 22 | trajectory 78 of circuit 27 -- done
rank 29 | trajectory 91 of circuit 85 -- done
rank 40 | trajectory 75 of circuit 62 -- done
rank 19 | trajectory 31 of circuit 36 -- done
rank 33 | trajectory 29 of circuit 29 -- done
rank 32 | trajectory 96 of circuit 68 -- done
rank 17 | trajectory 42 of circuit 6 -- done
rank 2 | trajectory 64 of circuit 36 -- done
rank 28 | trajectory 29 of circuit 64 -- done
rank 11 | trajectory 30 of circuit 48 -- done
rank 6 | trajectory 70 of circuit 55 -- done
rank 27 | trajectory 92 of circuit 36 -- done
rank 0 | trajectory 92 of circuit 53 -- done
rank 24 | trajectory 62 of circuit 52 -- done
rank 37 | trajectory 13 of circuit 25 -- done
rank 35 | trajectory 9 of circuit 95 -- done
rank 3 | trajectory 9 of circuit 37 -- done
rank 41 | trajectory 38 of circuit 57 -- done
rank 2 | trajectory 87 of circuit 86 -- done
rank 1 | trajectory 46 of circuit 48 -- done
rank 36 | trajectory 72 of circuit 85 -- done
rank 17 | trajectory 2 of circuit 33 -- done
rank 38 | trajectory 94 of circuit 58 -- done
rank 1 | trajectory 1 of circuit 42 -- done
rank 29 | trajectory 96 of circuit 60 -- done
rank 15 | trajectory 70 of circuit 34 -- done
rank 3 | trajectory 86 of circuit 40 -- done
rank 30 | trajectory 18 of circuit 84 -- done
rank 10 | trajectory 2 of circuit 64 -- done
rank 48 | trajectory 59 of circuit 41 -- done
rank 25 | trajectory 3 of circuit 40 -- done
rank 1 | trajectory 17 of circuit 64 -- done
rank 9 | trajectory 62 of circuit 4 -- done
rank 2 | trajectory 96 of circuit 5 -- done
rank 14 | trajectory 96 of circuit 67 -- done
rank 15 | trajectory 42 of circuit 79 -- done
rank 1 | trajectory 34 of circuit 57 -- done
rank 43 | trajectory 84 of circuit 47 -- done
rank 14 | trajectory 12 of circuit 9 -- done
rank 49 | trajectory 12 of circuit 12 -- done
rank 26 | trajectory 84 of circuit 73 -- done
rank 4 | trajectory 69 of circuit 89 -- done
rank 37 | trajectory 50 of circuit 19 -- done
rank 14 | trajectory 65 of circuit 97 -- done
rank 7 | trajectory 94 of circuit 28 -- done
rank 27 | trajectory 61 of circuit 20 -- done
rank 27 | trajectory 73 of circuit 77 -- done
rank 38 | trajectory 40 of circuit 58 -- done
rank 24 | trajectory 10 of circuit 4 -- done
rank 38 | trajectory 74 of circuit 59 -- done
rank 40 | trajectory 63 of circuit 13 -- done
rank 10 | trajectory 70 of circuit 68 -- done
rank 42 | trajectory 67 of circuit 62 -- done
rank 0 | trajectory 15 of circuit 18 -- done
rank 45 | trajectory 9 of circuit 57 -- done
rank 49 | trajectory 29 of circuit 97 -- done
rank 34 | trajectory 91 of circuit 16 -- done
rank 23 | trajectory 27 of circuit 95 -- done
rank 29 | trajectory 2 of circuit 72 -- done
rank 45 | trajectory 10 of circuit 99 -- done
rank 32 | trajectory 88 of circuit 88 -- done
rank 17 | trajectory 23 of circuit 40 -- done
rank 7 | trajectory 79 of circuit 29 -- done
rank 7 | trajectory 88 of circuit 33 -- done
rank 21 | trajectory 40 of circuit 12 -- done
rank 34 | trajectory 61 of circuit 37 -- done
rank 31 | trajectory 83 of circuit 57 -- done
rank 49 | trajectory 94 of circuit 14 -- done
rank 5 | trajectory 65 of circuit 34 -- done
rank 33 | trajectory 61 of circuit 42 -- done
rank 40 | trajectory 47 of circuit 60 -- done
rank 15 | trajectory 31 of circuit 33 -- done
rank 14 | trajectory 86 of circuit 24 -- done
rank 28 | trajectory 15 of circuit 90 -- done
rank 7 | trajectory 73 of circuit 40 -- done
rank 9 | trajectory 26 of circuit 50 -- done
rank 22 | trajectory 56 of circuit 76 -- done
rank 41 | trajectory 33 of circuit 89 -- done
rank 12 | trajectory 90 of circuit 61 -- done
rank 21 | trajectory 22 of circuit 53 -- done
rank 14 | trajectory 43 of circuit 35 -- done
rank 3 | trajectory 55 of circuit 56 -- done
rank 3 | trajectory 80 of circuit 48 -- done
rank 27 | trajectory 5 of circuit 55 -- done
rank 17 | trajectory 15 of circuit 96 -- done
rank 3 | trajectory 59 of circuit 11 -- done
rank 27 | trajectory 8 of circuit 96 -- done
rank 39 | trajectory 73 of circuit 55 -- done
rank 7 | trajectory 15 of circuit 98 -- done
rank 6 | trajectory 52 of circuit 64 -- done
rank 7 | trajectory 36 of circuit 17 -- done
rank 21 | trajectory 42 of circuit 1 -- done
rank 40 | trajectory 20 of circuit 24 -- done
rank 3 | trajectory 60 of circuit 53 -- done
rank 35 | trajectory 48 of circuit 88 -- done
rank 23 | trajectory 49 of circuit 66 -- done
rank 30 | trajectory 93 of circuit 65 -- done
rank 46 | trajectory 4 of circuit 37 -- done
rank 48 | trajectory 81 of circuit 72 -- done
rank 3 | trajectory 51 of circuit 45 -- done
rank 41 | trajectory 92 of circuit 77 -- done
rank 19 | trajectory 7 of circuit 64 -- done
rank 22 | trajectory 2 of circuit 50 -- done
rank 28 | trajectory 6 of circuit 83 -- done
rank 1 | trajectory 83 of circuit 59 -- done
rank 29 | trajectory 41 of circuit 65 -- done
rank 29 | trajectory 64 of circuit 67 -- done
rank 36 | trajectory 86 of circuit 50 -- done
rank 44 | trajectory 25 of circuit 4 -- done
rank 0 | trajectory 91 of circuit 84 -- done
rank 16 | trajectory 94 of circuit 31 -- done
rank 20 | trajectory 66 of circuit 74 -- done
rank 47 | trajectory 58 of circuit 99 -- done
rank 5 | trajectory 5 of circuit 97 -- done
rank 30 | trajectory 84 of circuit 15 -- done
rank 34 | trajectory 21 of circuit 88 -- done
rank 0 | trajectory 89 of circuit 17 -- done
rank 45 | trajectory 84 of circuit 84 -- done
rank 37 | trajectory 19 of circuit 8 -- done
rank 43 | trajectory 8 of circuit 43 -- done
rank 35 | trajectory 1 of circuit 31 -- done
rank 10 | trajectory 21 of circuit 4 -- done
rank 41 | trajectory 56 of circuit 54 -- done
rank 30 | trajectory 1 of circuit 82 -- done
rank 20 | trajectory 58 of circuit 86 -- done
rank 34 | trajectory 83 of circuit 12 -- done
rank 32 | trajectory 69 of circuit 61 -- done
rank 21 | trajectory 20 of circuit 60 -- done
rank 6 | trajectory 82 of circuit 20 -- done
rank 44 | trajectory 17 of circuit 63 -- done
rank 0 | trajectory 24 of circuit 21 -- done
rank 33 | trajectory 62 of circuit 17 -- done
rank 39 | trajectory 76 of circuit 31 -- done
rank 3 | trajectory 47 of circuit 85 -- done
rank 30 | trajectory 78 of circuit 17 -- done
rank 3 | trajectory 4 of circuit 56 -- done
rank 27 | trajectory 41 of circuit 97 -- done
rank 43 | trajectory 69 of circuit 26 -- done
rank 26 | trajectory 93 of circuit 75 -- done
rank 42 | trajectory 48 of circuit 46 -- done
rank 10 | trajectory 89 of circuit 7 -- done
rank 44 | trajectory 75 of circuit 9 -- done
rank 12 | trajectory 39 of circuit 75 -- done
rank 10 | trajectory 28 of circuit 97 -- done
rank 35 | trajectory 56 of circuit 51 -- done
rank 30 | trajectory 35 of circuit 91 -- done
rank 1 | trajectory 48 of circuit 27 -- done
rank 21 | trajectory 68 of circuit 3 -- done
rank 17 | trajectory 25 of circuit 77 -- done
rank 7 | trajectory 51 of circuit 27 -- done
rank 15 | trajectory 66 of circuit 91 -- done
rank 20 | trajectory 15 of circuit 45 -- done
rank 42 | trajectory 5 of circuit 99 -- done
rank 37 | trajectory 10 of circuit 90 -- done
rank 17 | trajectory 34 of circuit 25 -- done
rank 34 | trajectory 72 of circuit 64 -- done
rank 44 | trajectory 65 of circuit 81 -- done
rank 13 | trajectory 37 of circuit 100 -- done
rank 19 | trajectory 90 of circuit 31 -- done
rank 39 | trajectory 45 of circuit 64 -- done
rank 26 | trajectory 95 of circuit 50 -- done
rank 45 | trajectory 31 of circuit 37 -- done
rank 32 | trajectory 43 of circuit 85 -- done
rank 39 | trajectory 62 of circuit 49 -- done
rank 30 | trajectory 21 of circuit 29 -- done
rank 10 | trajectory 40 of circuit 68 -- done
rank 36 | trajectory 25 of circuit 87 -- done
rank 32 | trajectory 7 of circuit 44 -- done
rank 15 | trajectory 32 of circuit 13 -- done
rank 11 | trajectory 42 of circuit 22 -- done
rank 45 | trajectory 60 of circuit 78 -- done
rank 15 | trajectory 13 of circuit 92 -- done
rank 41 | trajectory 33 of circuit 47 -- done
rank 25 | trajectory 68 of circuit 95 -- done
rank 5 | trajectory 60 of circuit 24 -- done
rank 2 | trajectory 63 of circuit 33 -- done
rank 28 | trajectory 45 of circuit 89 -- done
rank 43 | trajectory 28 of circuit 56 -- done
rank 25 | trajectory 61 of circuit 3 -- done
rank 40 | trajectory 9 of circuit 34 -- done
rank 26 | trajectory 21 of circuit 55 -- done
rank 42 | trajectory 26 of circuit 77 -- done
rank 8 | trajectory 93 of circuit 60 -- done
rank 32 | trajectory 65 of circuit 79 -- done
rank 3 | trajectory 73 of circuit 80 -- done
rank 14 | trajectory 78 of circuit 84 -- done
rank 31 | trajectory 68 of circuit 41 -- done
rank 34 | trajectory 42 of circuit 91 -- done
rank 9 | trajectory 91 of circuit 41 -- done
rank 42 | trajectory 7 of circuit 43 -- done
rank 33 | trajectory 15 of circuit 5 -- done
rank 22 | trajectory 5 of circuit 15 -- done
rank 22 | trajectory 39 of circuit 48 -- done
rank 44 | trajectory 2 of circuit 24 -- done
rank 28 | trajectory 3 of circuit 90 -- done
rank 26 | trajectory 47 of circuit 42 -- done
rank 7 | trajectory 83 of circuit 27 -- done
rank 41 | trajectory 25 of circuit 66 -- done
rank 30 | trajectory 87 of circuit 56 -- done
rank 25 | trajectory 86 of circuit 41 -- done
rank 45 | trajectory 50 of circuit 99 -- done
rank 43 | trajectory 95 of circuit 90 -- done
rank 18 | trajectory 37 of circuit 44 -- done
rank 40 | trajectory 81 of circuit 68 -- done
rank 22 | trajectory 45 of circuit 87 -- done
rank 34 | trajectory 58 of circuit 72 -- done
rank 7 | trajectory 19 of circuit 92 -- done
rank 18 | trajectory 70 of circuit 81 -- done
rank 22 | trajectory 61 of circuit 29 -- done
rank 37 | trajectory 9 of circuit 4 -- done
rank 7 | trajectory 58 of circuit 75 -- done
rank 34 | trajectory 20 of circuit 74 -- done
rank 0 | trajectory 31 of circuit 79 -- done
rank 39 | trajectory 85 of circuit 92 -- done
rank 5 | trajectory 92 of circuit 30 -- done
rank 21 | trajectory 46 of circuit 15 -- done
rank 13 | trajectory 31 of circuit 45 -- done
rank 47 | trajectory 15 of circuit 76 -- done
rank 33 | trajectory 70 of circuit 40 -- done
rank 13 | trajectory 51 of circuit 48 -- done
rank 27 | trajectory 84 of circuit 28 -- done
rank 21 | trajectory 16 of circuit 9 -- done
rank 41 | trajectory 5 of circuit 92 -- done
rank 15 | trajectory 49 of circuit 23 -- done
rank 45 | trajectory 10 of circuit 24 -- done
rank 36 | trajectory 4 of circuit 85 -- done
rank 6 | trajectory 89 of circuit 99 -- done
rank 14 | trajectory 15 of circuit 22 -- done
rank 18 | trajectory 56 of circuit 85 -- done
rank 14 | trajectory 37 of circuit 28 -- done
rank 21 | trajectory 37 of circuit 2 -- done
rank 43 | trajectory 5 of circuit 5 -- done
rank 33 | trajectory 33 of circuit 67 -- done
rank 30 | trajectory 61 of circuit 31 -- done
rank 5 | trajectory 90 of circuit 18 -- done
rank 34 | trajectory 77 of circuit 91 -- done
rank 17 | trajectory 30 of circuit 61 -- done
rank 17 | trajectory 7 of circuit 79 -- done
rank 3 | trajectory 20 of circuit 29 -- done
rank 0 | trajectory 81 of circuit 75 -- done
rank 4 | trajectory 93 of circuit 48 -- done
rank 28 | trajectory 42 of circuit 86 -- done
rank 18 | trajectory 54 of circuit 69 -- done
rank 15 | trajectory 87 of circuit 51 -- done
rank 1 | trajectory 28 of circuit 9 -- done
rank 39 | trajectory 71 of circuit 87 -- done
rank 41 | trajectory 5 of circuit 87 -- done
rank 2 | trajectory 19 of circuit 9 -- done
rank 25 | trajectory 72 of circuit 27 -- done
rank 3 | trajectory 92 of circuit 27 -- done
rank 29 | trajectory 89 of circuit 11 -- done
rank 26 | trajectory 64 of circuit 62 -- done
rank 42 | trajectory 2 of circuit 84 -- done
rank 7 | trajectory 66 of circuit 57 -- done
rank 24 | trajectory 94 of circuit 83 -- done
rank 25 | trajectory 45 of circuit 50 -- done
rank 7 | trajectory 51 of circuit 15 -- done
rank 32 | trajectory 45 of circuit 94 -- done
rank 33 | trajectory 8 of circuit 70 -- done
rank 7 | trajectory 71 of circuit 42 -- done
rank 42 | trajectory 42 of circuit 23 -- done
rank 21 | trajectory 22 of circuit 47 -- done
rank 23 | trajectory 87 of circuit 95 -- done
rank 48 | trajectory 84 of circuit 58 -- done
rank 41 | trajectory 43 of circuit 14 -- done
rank 25 | trajectory 7 of circuit 38 -- done
rank 31 | trajectory 30 of circuit 18 -- done
rank 43 | trajectory 23 of circuit 51 -- done
rank 17 | trajectory 63 of circuit 2 -- done
rank 1 | trajectory 72 of circuit 92 -- done
rank 10 | trajectory 36 of circuit 62 -- done
rank 20 | trajectory 93 of circuit 88 -- done
rank 28 | trajectory 56 of circuit 29 -- done
rank 0 | trajectory 18 of circuit 32 -- done
rank 41 | trajectory 53 of circuit 55 -- done
rank 3 | trajectory 94 of circuit 7 -- done
rank 31 | trajectory 57 of circuit 20 -- done
rank 2 | trajectory 57 of circuit 8 -- done
rank 31 | trajectory 65 of circuit 18 -- done
rank 8 | trajectory 55 of circuit 24 -- done
rank 7 | trajectory 87 of circuit 89 -- done
rank 2 | trajectory 94 of circuit 23 -- done
rank 44 | trajectory 56 of circuit 69 -- done
rank 32 | trajectory 48 of circuit 68 -- done
rank 10 | trajectory 50 of circuit 48 -- done
rank 27 | trajectory 27 of circuit 17 -- done
rank 46 | trajectory 22 of circuit 68 -- done
rank 10 | trajectory 80 of circuit 18 -- done
rank 34 | trajectory 34 of circuit 54 -- done
rank 41 | trajectory 84 of circuit 75 -- done
rank 22 | trajectory 21 of circuit 26 -- done
rank 40 | trajectory 93 of circuit 72 -- done
rank 29 | trajectory 73 of circuit 15 -- done
rank 13 | trajectory 45 of circuit 62 -- done
rank 1 | trajectory 87 of circuit 64 -- done
rank 4 | trajectory 41 of circuit 21 -- done
rank 26 | trajectory 91 of circuit 25 -- done
rank 44 | trajectory 73 of circuit 11 -- done
rank 41 | trajectory 34 of circuit 26 -- done
rank 3 | trajectory 10 of circuit 30 -- done
rank 33 | trajectory 91 of circuit 91 -- done
rank 40 | trajectory 74 of circuit 32 -- done
rank 3 | trajectory 65 of circuit 92 -- done
rank 36 | trajectory 47 of circuit 81 -- done
rank 43 | trajectory 49 of circuit 62 -- done
rank 16 | trajectory 79 of circuit 99 -- done
rank 34 | trajectory 79 of circuit 9 -- done
rank 40 | trajectory 65 of circuit 96 -- done
rank 1 | trajectory 70 of circuit 73 -- done
rank 32 | trajectory 75 of circuit 90 -- done
rank 10 | trajectory 15 of circuit 28 -- done
rank 47 | trajectory 82 of circuit 36 -- done
rank 22 | trajectory 95 of circuit 76 -- done
rank 27 | trajectory 7 of circuit 55 -- done
rank 46 | trajectory 35 of circuit 98 -- done
rank 21 | trajectory 83 of circuit 45 -- done
rank 2 | trajectory 5 of circuit 49 -- done
rank 38 | trajectory 79 of circuit 95 -- done
rank 42 | trajectory 41 of circuit 49 -- done
rank 9 | trajectory 78 of circuit 38 -- done
rank 0 | trajectory 69 of circuit 71 -- done
rank 21 | trajectory 95 of circuit 34 -- done
rank 34 | trajectory 57 of circuit 28 -- done
rank 36 | trajectory 45 of circuit 59 -- done
rank 41 | trajectory 58 of circuit 41 -- done
rank 5 | trajectory 80 of circuit 33 -- done
rank 11 | trajectory 78 of circuit 41 -- done
rank 40 | trajectory 45 of circuit 5 -- done
rank 2 | trajectory 24 of circuit 8 -- done
rank 6 | trajectory 20 of circuit 82 -- done
rank 34 | trajectory 48 of circuit 54 -- done
rank 46 | trajectory 62 of circuit 95 -- done
rank 28 | trajectory 71 of circuit 53 -- done
rank 26 | trajectory 68 of circuit 73 -- done
rank 21 | trajectory 61 of circuit 93 -- done
rank 19 | trajectory 25 of circuit 67 -- done
rank 44 | trajectory 82 of circuit 21 -- done
rank 3 | trajectory 8 of circuit 26 -- done
rank 11 | trajectory 94 of circuit 49 -- done
rank 23 | trajectory 14 of circuit 72 -- done
rank 30 | trajectory 54 of circuit 91 -- done
rank 28 | trajectory 66 of circuit 72 -- done
rank 13 | trajectory 24 of circuit 56 -- done
rank 45 | trajectory 72 of circuit 61 -- done
rank 14 | trajectory 29 of circuit 69 -- done
rank 17 | trajectory 93 of circuit 42 -- done
rank 21 | trajectory 41 of circuit 15 -- done
rank 26 | trajectory 70 of circuit 56 -- done
rank 1 | trajectory 50 of circuit 31 -- done
rank 25 | trajectory 13 of circuit 95 -- done
rank 10 | trajectory 10 of circuit 1 -- done
rank 32 | trajectory 22 of circuit 74 -- done
rank 13 | trajectory 64 of circuit 4 -- done
rank 26 | trajectory 39 of circuit 58 -- done
rank 21 | trajectory 66 of circuit 61 -- done
rank 42 | trajectory 23 of circuit 87 -- done
rank 40 | trajectory 4 of circuit 48 -- done
rank 3 | trajectory 79 of circuit 68 -- done
rank 13 | trajectory 53 of circuit 97 -- done
rank 8 | trajectory 33 of circuit 99 -- done
rank 28 | trajectory 59 of circuit 97 -- done
rank 27 | trajectory 64 of circuit 83 -- done
rank 36 | trajectory 30 of circuit 75 -- done
rank 33 | trajectory 19 of circuit 50 -- done
rank 22 | trajectory 6 of circuit 38 -- done
rank 17 | trajectory 28 of circuit 48 -- done
rank 19 | trajectory 71 of circuit 100 -- done
rank 12 | trajectory 60 of circuit 63 -- done
rank 11 | trajectory 23 of circuit 17 -- done
rank 0 | trajectory 67 of circuit 92 -- done
rank 23 | trajectory 83 of circuit 90 -- done
rank 15 | trajectory 17 of circuit 89 -- done
rank 15 | trajectory 65 of circuit 86 -- done
rank 7 | trajectory 23 of circuit 45 -- done
rank 10 | trajectory 78 of circuit 46 -- done
rank 0 | trajectory 57 of circuit 98 -- done
rank 40 | trajectory 12 of circuit 68 -- done
rank 28 | trajectory 64 of circuit 44 -- done
rank 49 | trajectory 26 of circuit 58 -- done
rank 40 | trajectory 88 of circuit 98 -- done
rank 27 | trajectory 24 of circuit 90 -- done
rank 15 | trajectory 22 of circuit 77 -- done
rank 8 | trajectory 41 of circuit 89 -- done
rank 25 | trajectory 52 of circuit 51 -- done
rank 41 | trajectory 83 of circuit 36 -- done
rank 34 | trajectory 11 of circuit 39 -- done
rank 18 | trajectory 17 of circuit 50 -- done
rank 2 | trajectory 9 of circuit 71 -- done
rank 30 | trajectory 60 of circuit 80 -- done
rank 37 | trajectory 36 of circuit 3 -- done
rank 23 | trajectory 86 of circuit 97 -- done
rank 21 | trajectory 88 of circuit 40 -- done
rank 25 | trajectory 42 of circuit 74 -- done
rank 46 | trajectory 74 of circuit 96 -- done
rank 11 | trajectory 21 of circuit 9 -- done
rank 3 | trajectory 31 of circuit 96 -- done
rank 43 | trajectory 72 of circuit 83 -- done
rank 11 | trajectory 90 of circuit 12 -- done
rank 49 | trajectory 13 of circuit 35 -- done
rank 16 | trajectory 56 of circuit 80 -- done
rank 15 | trajectory 52 of circuit 99 -- done
rank 21 | trajectory 4 of circuit 68 -- done
rank 41 | trajectory 29 of circuit 16 -- done
rank 1 | trajectory 15 of circuit 58 -- done
rank 34 | trajectory 73 of circuit 91 -- done
rank 8 | trajectory 43 of circuit 73 -- done
rank 41 | trajectory 41 of circuit 38 -- done
rank 15 | trajectory 67 of circuit 79 -- done
rank 17 | trajectory 92 of circuit 71 -- done
rank 43 | trajectory 87 of circuit 77 -- done
rank 2 | trajectory 81 of circuit 11 -- done
rank 10 | trajectory 7 of circuit 48 -- done
rank 2 | trajectory 17 of circuit 99 -- done
rank 23 | trajectory 64 of circuit 27 -- done
rank 49 | trajectory 26 of circuit 13 -- done
rank 2 | trajectory 47 of circuit 51 -- done
rank 39 | trajectory 46 of circuit 93 -- done
rank 34 | trajectory 86 of circuit 27 -- done
rank 21 | trajectory 45 of circuit 72 -- done
rank 36 | trajectory 92 of circuit 26 -- done
rank 2 | trajectory 62 of circuit 80 -- done
rank 46 | trajectory 82 of circuit 92 -- done
rank 47 | trajectory 15 of circuit 75 -- done
rank 23 | trajectory 57 of circuit 90 -- done
rank 3 | trajectory 66 of circuit 79 -- done
rank 45 | trajectory 79 of circuit 10 -- done
rank 21 | trajectory 67 of circuit 78 -- done
rank 4 | trajectory 45 of circuit 82 -- done
rank 22 | trajectory 22 of circuit 20 -- done
rank 4 | trajectory 49 of circuit 79 -- done
rank 25 | trajectory 57 of circuit 86 -- done
rank 2 | trajectory 66 of circuit 17 -- done
rank 21 | trajectory 75 of circuit 85 -- done
rank 14 | trajectory 64 of circuit 95 -- done
rank 8 | trajectory 53 of circuit 53 -- done
rank 1 | trajectory 80 of circuit 35 -- done
rank 5 | trajectory 8 of circuit 25 -- done
rank 48 | trajectory 24 of circuit 44 -- done
rank 18 | trajectory 20 of circuit 85 -- done
rank 4 | trajectory 81 of circuit 53 -- done
rank 3 | trajectory 37 of circuit 75 -- done
rank 25 | trajectory 74 of circuit 3 -- done
rank 18 | trajectory 57 of circuit 48 -- done
rank 21 | trajectory 71 of circuit 80 -- done
rank 16 | trajectory 39 of circuit 80 -- done
rank 33 | trajectory 20 of circuit 91 -- done
rank 26 | trajectory 16 of circuit 36 -- done
rank 37 | trajectory 91 of circuit 28 -- done
rank 1 | trajectory 23 of circuit 81 -- done
rank 35 | trajectory 81 of circuit 73 -- done
rank 32 | trajectory 6 of circuit 59 -- done
rank 28 | trajectory 95 of circuit 94 -- done
rank 43 | trajectory 26 of circuit 24 -- done
rank 1 | trajectory 91 of circuit 62 -- done
rank 48 | trajectory 12 of circuit 43 -- done
rank 10 | trajectory 82 of circuit 32 -- done
rank 23 | trajectory 47 of circuit 98 -- done
rank 2 | trajectory 76 of circuit 66 -- done
rank 11 | trajectory 52 of circuit 13 -- done
rank 4 | trajectory 85 of circuit 71 -- done
rank 40 | trajectory 3 of circuit 26 -- done
rank 18 | trajectory 82 of circuit 60 -- done
rank 45 | trajectory 78 of circuit 9 -- done
rank 1 | trajectory 75 of circuit 49 -- done
rank 47 | trajectory 65 of circuit 78 -- done
rank 1 | trajectory 36 of circuit 95 -- done
rank 22 | trajectory 81 of circuit 45 -- done
rank 3 | trajectory 53 of circuit 23 -- done
rank 27 | trajectory 31 of circuit 94 -- done
rank 41 | trajectory 91 of circuit 97 -- done
rank 39 | trajectory 26 of circuit 5 -- done
rank 22 | trajectory 72 of circuit 75 -- done
rank 3 | trajectory 18 of circuit 28 -- done
rank 34 | trajectory 45 of circuit 90 -- done
rank 14 | trajectory 2 of circuit 63 -- done
rank 1 | trajectory 36 of circuit 55 -- done
rank 1 | trajectory 13 of circuit 59 -- done
rank 36 | trajectory 1 of circuit 52 -- done
rank 29 | trajectory 82 of circuit 48 -- done
rank 38 | trajectory 15 of circuit 41 -- done
rank 41 | trajectory 73 of circuit 70 -- done
rank 7 | trajectory 57 of circuit 4 -- done
rank 37 | trajectory 59 of circuit 31 -- done
rank 9 | trajectory 15 of circuit 50 -- done
rank 15 | trajectory 96 of circuit 88 -- done
rank 9 | trajectory 84 of circuit 96 -- done
rank 14 | trajectory 66 of circuit 92 -- done
rank 10 | trajectory 18 of circuit 100 -- done
rank 25 | trajectory 35 of circuit 19 -- done
rank 15 | trajectory 88 of circuit 81 -- done
rank 41 | trajectory 69 of circuit 60 -- done
rank 4 | trajectory 17 of circuit 100 -- done
rank 29 | trajectory 6 of circuit 42 -- done
rank 39 | trajectory 61 of circuit 45 -- done
rank 40 | trajectory 38 of circuit 8 -- done
rank 10 | trajectory 69 of circuit 43 -- done
rank 22 | trajectory 66 of circuit 54 -- done
rank 12 | trajectory 3 of circuit 77 -- done
rank 49 | trajectory 4 of circuit 98 -- done
rank 32 | trajectory 86 of circuit 77 -- done
rank 15 | trajectory 82 of circuit 53 -- done
rank 26 | trajectory 59 of circuit 48 -- done
rank 7 | trajectory 49 of circuit 58 -- done
rank 26 | trajectory 69 of circuit 21 -- done
rank 40 | trajectory 48 of circuit 43 -- done
rank 8 | trajectory 85 of circuit 11 -- done
rank 14 | trajectory 50 of circuit 98 -- done
rank 17 | trajectory 35 of circuit 20 -- done
rank 2 | trajectory 49 of circuit 74 -- done
rank 22 | trajectory 20 of circuit 23 -- done
rank 4 | trajectory 53 of circuit 65 -- done
rank 34 | trajectory 50 of circuit 74 -- done
rank 39 | trajectory 15 of circuit 71 -- done
rank 21 | trajectory 58 of circuit 18 -- done
rank 5 | trajectory 47 of circuit 77 -- done
rank 43 | trajectory 43 of circuit 90 -- done
rank 38 | trajectory 32 of circuit 42 -- done
rank 40 | trajectory 3 of circuit 30 -- done
rank 23 | trajectory 28 of circuit 70 -- done
rank 31 | trajectory 7 of circuit 50 -- done
rank 29 | trajectory 89 of circuit 58 -- done
rank 11 | trajectory 18 of circuit 20 -- done
rank 40 | trajectory 25 of circuit 11 -- done
rank 13 | trajectory 81 of circuit 58 -- done
rank 40 | trajectory 43 of circuit 33 -- done
rank 1 | trajectory 49 of circuit 4 -- done
rank 11 | trajectory 21 of circuit 3 -- done
rank 27 | trajectory 79 of circuit 86 -- done
rank 32 | trajectory 23 of circuit 9 -- done
rank 38 | trajectory 86 of circuit 47 -- done
rank 29 | trajectory 57 of circuit 16 -- done
rank 31 | trajectory 39 of circuit 97 -- done
rank 5 | trajectory 27 of circuit 55 -- done
rank 13 | trajectory 51 of circuit 1 -- done
rank 1 | trajectory 3 of circuit 62 -- done
rank 1 | trajectory 72 of circuit 87 -- done
rank 18 | trajectory 43 of circuit 83 -- done
rank 36 | trajectory 35 of circuit 51 -- done
rank 6 | trajectory 61 of circuit 88 -- done
rank 3 | trajectory 49 of circuit 7 -- done
rank 7 | trajectory 49 of circuit 75 -- done
rank 10 | trajectory 25 of circuit 38 -- done
rank 30 | trajectory 71 of circuit 65 -- done
rank 35 | trajectory 25 of circuit 44 -- done
rank 3 | trajectory 53 of circuit 77 -- done
rank 5 | trajectory 6 of circuit 29 -- done
rank 30 | trajectory 77 of circuit 9 -- done
rank 17 | trajectory 2 of circuit 41 -- done
rank 21 | trajectory 48 of circuit 14 -- done
rank 40 | trajectory 13 of circuit 23 -- done
rank 42 | trajectory 76 of circuit 70 -- done
rank 38 | trajectory 47 of circuit 66 -- done
rank 0 | trajectory 46 of circuit 77 -- done
rank 1 | trajectory 73 of circuit 50 -- done
rank 9 | trajectory 44 of circuit 17 -- done
rank 3 | trajectory 15 of circuit 32 -- done
rank 5 | trajectory 7 of circuit 60 -- done
rank 19 | trajectory 80 of circuit 29 -- done
rank 41 | trajectory 49 of circuit 40 -- done
rank 46 | trajectory 85 of circuit 49 -- done
rank 48 | trajectory 2 of circuit 14 -- done
rank 1 | trajectory 33 of circuit 45 -- done
rank 27 | trajectory 52 of circuit 77 -- done
rank 31 | trajectory 91 of circuit 23 -- done
rank 27 | trajectory 90 of circuit 46 -- done
rank 40 | trajectory 35 of circuit 18 -- done
rank 11 | trajectory 78 of circuit 14 -- done
rank 3 | trajectory 5 of circuit 38 -- done
rank 17 | trajectory 17 of circuit 67 -- done
rank 4 | trajectory 15 of circuit 72 -- done
rank 45 | trajectory 82 of circuit 85 -- done
rank 7 | trajectory 62 of circuit 90 -- done
rank 30 | trajectory 7 of circuit 12 -- done
rank 27 | trajectory 89 of circuit 16 -- done
rank 38 | trajectory 30 of circuit 22 -- done
rank 30 | trajectory 40 of circuit 26 -- done
rank 48 | trajectory 71 of circuit 46 -- done
rank 24 | trajectory 8 of circuit 49 -- done
rank 1 | trajectory 86 of circuit 37 -- done
rank 40 | trajectory 16 of circuit 82 -- done
rank 20 | trajectory 35 of circuit 43 -- done
rank 39 | trajectory 33 of circuit 63 -- done
rank 1 | trajectory 23 of circuit 59 -- done
rank 3 | trajectory 29 of circuit 61 -- done
rank 47 | trajectory 16 of circuit 92 -- done
rank 8 | trajectory 74 of circuit 65 -- done
rank 15 | trajectory 73 of circuit 26 -- done
rank 40 | trajectory 85 of circuit 21 -- done
rank 24 | trajectory 50 of circuit 5 -- done
rank 23 | trajectory 83 of circuit 60 -- done
rank 22 | trajectory 75 of circuit 37 -- done
rank 47 | trajectory 96 of circuit 44 -- done
rank 19 | trajectory 91 of circuit 80 -- done
rank 13 | trajectory 75 of circuit 6 -- done
rank 45 | trajectory 83 of circuit 88 -- done
rank 26 | trajectory 10 of circuit 40 -- done
rank 21 | trajectory 91 of circuit 1 -- done
rank 49 | trajectory 46 of circuit 17 -- done
rank 30 | trajectory 2 of circuit 66 -- done
rank 24 | trajectory 55 of circuit 79 -- done
rank 7 | trajectory 92 of circuit 82 -- done
rank 9 | trajectory 27 of circuit 48 -- done
rank 40 | trajectory 36 of circuit 97 -- done
rank 9 | trajectory 33 of circuit 28 -- done
rank 7 | trajectory 30 of circuit 1 -- done
rank 15 | trajectory 31 of circuit 91 -- done
rank 44 | trajectory 45 of circuit 53 -- done
rank 42 | trajectory 12 of circuit 78 -- done
rank 26 | trajectory 25 of circuit 58 -- done
rank 27 | trajectory 4 of circuit 66 -- done
rank 15 | trajectory 63 of circuit 67 -- done
rank 5 | trajectory 41 of circuit 82 -- done
rank 42 | trajectory 24 of circuit 52 -- done
rank 20 | trajectory 9 of circuit 14 -- done
rank 21 | trajectory 3 of circuit 4 -- done
rank 11 | trajectory 38 of circuit 23 -- done
rank 18 | trajectory 42 of circuit 59 -- done
rank 34 | trajectory 35 of circuit 25 -- done
rank 40 | trajectory 34 of circuit 16 -- done
rank 5 | trajectory 11 of circuit 60 -- done
rank 30 | trajectory 66 of circuit 24 -- done
rank 2 | trajectory 70 of circuit 85 -- done
rank 35 | trajectory 68 of circuit 31 -- done
rank 23 | trajectory 18 of circuit 33 -- done
rank 14 | trajectory 88 of circuit 37 -- done
rank 11 | trajectory 70 of circuit 24 -- done
rank 8 | trajectory 66 of circuit 23 -- done
rank 33 | trajectory 83 of circuit 78 -- done
rank 30 | trajectory 59 of circuit 86 -- done
rank 47 | trajectory 32 of circuit 94 -- done
rank 41 | trajectory 37 of circuit 68 -- done
rank 35 | trajectory 36 of circuit 82 -- done
rank 7 | trajectory 47 of circuit 46 -- done
rank 38 | trajectory 69 of circuit 63 -- done
rank 28 | trajectory 49 of circuit 13 -- done
rank 24 | trajectory 87 of circuit 49 -- done
rank 45 | trajectory 51 of circuit 58 -- done
rank 9 | trajectory 64 of circuit 41 -- done
rank 46 | trajectory 16 of circuit 87 -- done
rank 9 | trajectory 75 of circuit 43 -- done
rank 37 | trajectory 79 of circuit 40 -- done
rank 0 | trajectory 47 of circuit 80 -- done
rank 6 | trajectory 22 of circuit 91 -- done
rank 26 | trajectory 21 of circuit 35 -- done
rank 18 | trajectory 22 of circuit 85 -- done
rank 2 | trajectory 63 of circuit 25 -- done
rank 9 | trajectory 18 of circuit 74 -- done
rank 47 | trajectory 31 of circuit 59 -- done
rank 32 | trajectory 36 of circuit 18 -- done
rank 33 | trajectory 68 of circuit 35 -- done
rank 44 | trajectory 43 of circuit 66 -- done
rank 43 | trajectory 61 of circuit 73 -- done
rank 5 | trajectory 28 of circuit 66 -- done
rank 4 | trajectory 2 of circuit 90 -- done
rank 21 | trajectory 30 of circuit 16 -- done
rank 27 | trajectory 20 of circuit 69 -- done
rank 14 | trajectory 40 of circuit 73 -- done
rank 33 | trajectory 88 of circuit 65 -- done
rank 39 | trajectory 78 of circuit 36 -- done
rank 14 | trajectory 39 of circuit 91 -- done
rank 49 | trajectory 58 of circuit 100 -- done
rank 14 | trajectory 64 of circuit 99 -- done
rank 32 | trajectory 16 of circuit 16 -- done
rank 14 | trajectory 52 of circuit 82 -- done
rank 1 | trajectory 93 of circuit 66 -- done
rank 47 | trajectory 17 of circuit 29 -- done
rank 3 | trajectory 38 of circuit 82 -- done
rank 22 | trajectory 11 of circuit 49 -- done
rank 17 | trajectory 60 of circuit 79 -- done
rank 40 | trajectory 37 of circuit 72 -- done
rank 33 | trajectory 2 of circuit 97 -- done
rank 33 | trajectory 48 of circuit 28 -- done
rank 22 | trajectory 75 of circuit 58 -- done
rank 11 | trajectory 28 of circuit 42 -- done
rank 19 | trajectory 87 of circuit 42 -- done
rank 36 | trajectory 64 of circuit 48 -- done
rank 18 | trajectory 36 of circuit 58 -- done
rank 23 | trajectory 22 of circuit 43 -- done
rank 19 | trajectory 17 of circuit 28 -- done
rank 44 | trajectory 6 of circuit 55 -- done
rank 8 | trajectory 73 of circuit 61 -- done
rank 39 | trajectory 8 of circuit 60 -- done
rank 31 | trajectory 29 of circuit 17 -- done
rank 12 | trajectory 37 of circuit 98 -- done
rank 4 | trajectory 72 of circuit 31 -- done
rank 20 | trajectory 75 of circuit 48 -- done
rank 10 | trajectory 11 of circuit 90 -- done
rank 41 | trajectory 70 of circuit 84 -- done
rank 3 | trajectory 96 of circuit 57 -- done
rank 33 | trajectory 89 of circuit 68 -- done
rank 5 | trajectory 61 of circuit 16 -- done
rank 23 | trajectory 63 of circuit 59 -- done
rank 10 | trajectory 6 of circuit 9 -- done
rank 27 | trajectory 60 of circuit 97 -- done
rank 29 | trajectory 45 of circuit 56 -- done
rank 46 | trajectory 32 of circuit 80 -- done
rank 28 | trajectory 77 of circuit 92 -- done
rank 31 | trajectory 76 of circuit 53 -- done
rank 7 | trajectory 81 of circuit 62 -- done
rank 36 | trajectory 39 of circuit 47 -- done
rank 29 | trajectory 81 of circuit 89 -- done
rank 23 | trajectory 40 of circuit 94 -- done
rank 19 | trajectory 46 of circuit 63 -- done
rank 14 | trajectory 49 of circuit 57 -- done
rank 21 | trajectory 31 of circuit 44 -- done
rank 23 | trajectory 81 of circuit 84 -- done
rank 31 | trajectory 23 of circuit 44 -- done
rank 2 | trajectory 50 of circuit 77 -- done
rank 9 | trajectory 63 of circuit 16 -- done
rank 27 | trajectory 38 of circuit 62 -- done
rank 0 | trajectory 85 of circuit 62 -- done
rank 41 | trajectory 66 of circuit 52 -- done
rank 14 | trajectory 49 of circuit 85 -- done
rank 40 | trajectory 50 of circuit 8 -- done
rank 48 | trajectory 52 of circuit 33 -- done
rank 40 | trajectory 5 of circuit 78 -- done
rank 12 | trajectory 1 of circuit 76 -- done
rank 34 | trajectory 2 of circuit 87 -- done
rank 17 | trajectory 38 of circuit 27 -- done
rank 10 | trajectory 86 of circuit 18 -- done
rank 35 | trajectory 15 of circuit 61 -- done
rank 18 | trajectory 78 of circuit 78 -- done
rank 33 | trajectory 51 of circuit 73 -- done
rank 26 | trajectory 31 of circuit 38 -- done
rank 34 | trajectory 15 of circuit 60 -- done
rank 22 | trajectory 73 of circuit 23 -- done
rank 44 | trajectory 95 of circuit 6 -- done
rank 25 | trajectory 81 of circuit 49 -- done
rank 2 | trajectory 53 of circuit 18 -- done
rank 13 | trajectory 9 of circuit 35 -- done
rank 22 | trajectory 28 of circuit 82 -- done
rank 3 | trajectory 9 of circuit 94 -- done
rank 12 | trajectory 80 of circuit 78 -- done
rank 43 | trajectory 11 of circuit 53 -- done
rank 20 | trajectory 63 of circuit 97 -- done
rank 8 | trajectory 71 of circuit 78 -- done
rank 8 | trajectory 67 of circuit 39 -- done
rank 8 | trajectory 60 of circuit 61 -- done
rank 44 | trajectory 11 of circuit 51 -- done
rank 27 | trajectory 89 of circuit 65 -- done
rank 26 | trajectory 74 of circuit 53 -- done
rank 39 | trajectory 48 of circuit 98 -- done
rank 14 | trajectory 36 of circuit 79 -- done
rank 44 | trajectory 26 of circuit 22 -- done
rank 30 | trajectory 74 of circuit 28 -- done
rank 35 | trajectory 60 of circuit 44 -- done
rank 8 | trajectory 95 of circuit 21 -- done
rank 35 | trajectory 32 of circuit 47 -- done
rank 23 | trajectory 5 of circuit 35 -- done
rank 13 | trajectory 32 of circuit 6 -- done
rank 1 | trajectory 16 of circuit 43 -- done
rank 3 | trajectory 3 of circuit 100 -- done
rank 11 | trajectory 32 of circuit 91 -- done
rank 32 | trajectory 11 of circuit 87 -- done
rank 26 | trajectory 26 of circuit 66 -- done
rank 29 | trajectory 38 of circuit 44 -- done
rank 24 | trajectory 44 of circuit 92 -- done
rank 14 | trajectory 58 of circuit 60 -- done
rank 1 | trajectory 38 of circuit 39 -- done
rank 2 | trajectory 49 of circuit 89 -- done
rank 35 | trajectory 37 of circuit 29 -- done
rank 22 | trajectory 19 of circuit 86 -- done
rank 48 | trajectory 35 of circuit 97 -- done
rank 36 | trajectory 14 of circuit 20 -- done
rank 0 | trajectory 20 of circuit 19 -- done
rank 42 | trajectory 55 of circuit 51 -- done
rank 32 | trajectory 3 of circuit 47 -- done
rank 44 | trajectory 48 of circuit 18 -- done
rank 30 | trajectory 17 of circuit 56 -- done
rank 13 | trajectory 72 of circuit 45 -- done
rank 17 | trajectory 89 of circuit 49 -- done
rank 48 | trajectory 39 of circuit 72 -- done
rank 38 | trajectory 28 of circuit 92 -- done
rank 19 | trajectory 52 of circuit 36 -- done
rank 33 | trajectory 81 of circuit 51 -- done
rank 31 | trajectory 31 of circuit 23 -- done
rank 2 | trajectory 56 of circuit 90 -- done
rank 40 | trajectory 25 of circuit 26 -- done
rank 49 | trajectory 39 of circuit 34 -- done
rank 3 | trajectory 92 of circuit 83 -- done
rank 13 | trajectory 85 of circuit 35 -- done
rank 22 | trajectory 38 of circuit 48 -- done
rank 17 | trajectory 69 of circuit 23 -- done
rank 4 | trajectory 30 of circuit 71 -- done
rank 26 | trajectory 80 of circuit 20 -- done
rank 17 | trajectory 47 of circuit 27 -- done
rank 2 | trajectory 80 of circuit 61 -- done
rank 31 | trajectory 45 of circuit 35 -- done
rank 19 | trajectory 75 of circuit 41 -- done
rank 21 | trajectory 92 of circuit 6 -- done
rank 24 | trajectory 54 of circuit 78 -- done
rank 36 | trajectory 63 of circuit 65 -- done
rank 48 | trajectory 65 of circuit 98 -- done
rank 44 | trajectory 30 of circuit 51 -- done
rank 48 | trajectory 73 of circuit 97 -- done
rank 17 | trajectory 32 of circuit 1 -- done
rank 27 | trajectory 83 of circuit 42 -- done
rank 9 | trajectory 59 of circuit 66 -- done
rank 42 | trajectory 22 of circuit 76 -- done
rank 1 | trajectory 74 of circuit 52 -- done
rank 35 | trajectory 74 of circuit 27 -- done
rank 28 | trajectory 31 of circuit 28 -- done
rank 39 | trajectory 16 of circuit 70 -- done
rank 34 | trajectory 48 of circuit 38 -- done
rank 29 | trajectory 21 of circuit 58 -- done
rank 14 | trajectory 18 of circuit 27 -- done
rank 42 | trajectory 85 of circuit 60 -- done
rank 6 | trajectory 71 of circuit 91 -- done
rank 1 | trajectory 78 of circuit 2 -- done
rank 30 | trajectory 53 of circuit 67 -- done
rank 29 | trajectory 31 of circuit 42 -- done
rank 18 | trajectory 92 of circuit 51 -- done
rank 11 | trajectory 93 of circuit 81 -- done
rank 36 | trajectory 19 of circuit 45 -- done
rank 46 | trajectory 33 of circuit 21 -- done
rank 7 | trajectory 48 of circuit 53 -- done
rank 1 | trajectory 5 of circuit 100 -- done
rank 7 | trajectory 36 of circuit 13 -- done
rank 23 | trajectory 13 of circuit 65 -- done
rank 33 | trajectory 52 of circuit 37 -- done
rank 0 | trajectory 50 of circuit 93 -- done
rank 47 | trajectory 87 of circuit 79 -- done
rank 22 | trajectory 24 of circuit 75 -- done
rank 37 | trajectory 66 of circuit 45 -- done
rank 35 | trajectory 5 of circuit 50 -- done
rank 42 | trajectory 41 of circuit 50 -- done
rank 28 | trajectory 74 of circuit 92 -- done
rank 5 | trajectory 81 of circuit 23 -- done
rank 20 | trajectory 19 of circuit 91 -- done
rank 32 | trajectory 20 of circuit 31 -- done
rank 29 | trajectory 65 of circuit 65 -- done
rank 30 | trajectory 5 of circuit 71 -- done
rank 36 | trajectory 74 of circuit 94 -- done
rank 24 | trajectory 22 of circuit 42 -- done
rank 12 | trajectory 36 of circuit 73 -- done
rank 8 | trajectory 49 of circuit 97 -- done
rank 4 | trajectory 42 of circuit 65 -- done
rank 19 | trajectory 16 of circuit 52 -- done
rank 11 | trajectory 24 of circuit 55 -- done
rank 43 | trajectory 15 of circuit 29 -- done
rank 2 | trajectory 37 of circuit 9 -- done
rank 32 | trajectory 36 of circuit 84 -- done
rank 12 | trajectory 29 of circuit 42 -- done
rank 2 | trajectory 68 of circuit 65 -- done
rank 14 | trajectory 51 of circuit 93 -- done
rank 21 | trajectory 70 of circuit 12 -- done
rank 45 | trajectory 26 of circuit 92 -- done
rank 14 | trajectory 85 of circuit 85 -- done
rank 29 | trajectory 50 of circuit 40 -- done
rank 22 | trajectory 26 of circuit 42 -- done
rank 1 | trajectory 41 of circuit 22 -- done
rank 11 | trajectory 29 of circuit 87 -- done
rank 11 | trajectory 36 of circuit 5 -- done
rank 31 | trajectory 2 of circuit 20 -- done
rank 6 | trajectory 16 of circuit 29 -- done
rank 27 | trajectory 22 of circuit 10 -- done
rank 7 | trajectory 69 of circuit 90 -- done
rank 12 | trajectory 83 of circuit 93 -- done
rank 29 | trajectory 23 of circuit 95 -- done
rank 27 | trajectory 20 of circuit 52 -- done
rank 0 | trajectory 38 of circuit 100 -- done
rank 43 | trajectory 96 of circuit 64 -- done
rank 13 | trajectory 31 of circuit 93 -- done
rank 22 | trajectory 76 of circuit 27 -- done
rank 21 | trajectory 64 of circuit 88 -- done
rank 16 | trajectory 70 of circuit 39 -- done
rank 1 | trajectory 59 of circuit 70 -- done
rank 27 | trajectory 67 of circuit 41 -- done
rank 44 | trajectory 9 of circuit 88 -- done
rank 36 | trajectory 5 of circuit 82 -- done
rank 10 | trajectory 72 of circuit 79 -- done
rank 1 | trajectory 67 of circuit 3 -- done
rank 10 | trajectory 49 of circuit 76 -- done
rank 3 | trajectory 74 of circuit 41 -- done
rank 26 | trajectory 42 of circuit 83 -- done
rank 43 | trajectory 3 of circuit 82 -- done
rank 38 | trajectory 2 of circuit 3 -- done
rank 22 | trajectory 89 of circuit 90 -- done
rank 32 | trajectory 59 of circuit 75 -- done
rank 49 | trajectory 54 of circuit 34 -- done
rank 27 | trajectory 86 of circuit 85 -- done
rank 24 | trajectory 17 of circuit 1 -- done
rank 30 | trajectory 77 of circuit 73 -- done
rank 33 | trajectory 43 of circuit 11 -- done
rank 1 | trajectory 52 of circuit 41 -- done
rank 27 | trajectory 67 of circuit 31 -- done
rank 25 | trajectory 83 of circuit 94 -- done
rank 35 | trajectory 57 of circuit 71 -- done
rank 37 | trajectory 27 of circuit 100 -- done
rank 30 | trajectory 38 of circuit 96 -- done
rank 24 | trajectory 56 of circuit 33 -- done
rank 17 | trajectory 47 of circuit 38 -- done
rank 10 | trajectory 91 of circuit 48 -- done
rank 1 | trajectory 8 of circuit 73 -- done
rank 36 | trajectory 79 of circuit 49 -- done
rank 38 | trajectory 50 of circuit 86 -- done
rank 34 | trajectory 30 of circuit 94 -- done
rank 4 | trajectory 73 of circuit 65 -- done
rank 10 | trajectory 29 of circuit 51 -- done
rank 4 | trajectory 34 of circuit 4 -- done
rank 35 | trajectory 4 of circuit 63 -- done
rank 3 | trajectory 54 of circuit 76 -- done
rank 10 | trajectory 44 of circuit 72 -- done
rank 1 | trajectory 48 of circuit 94 -- done
rank 39 | trajectory 27 of circuit 87 -- done
rank 26 | trajectory 66 of circuit 69 -- done
rank 2 | trajectory 60 of circuit 60 -- done
rank 11 | trajectory 23 of circuit 69 -- done
rank 28 | trajectory 70 of circuit 48 -- done
rank 35 | trajectory 13 of circuit 17 -- done
rank 8 | trajectory 32 of circuit 79 -- done
rank 21 | trajectory 74 of circuit 15 -- done
rank 39 | trajectory 7 of circuit 27 -- done
rank 10 | trajectory 74 of circuit 9 -- done
rank 8 | trajectory 31 of circuit 20 -- done
rank 1 | trajectory 29 of circuit 15 -- done
rank 24 | trajectory 51 of circuit 52 -- done
rank 3 | trajectory 33 of circuit 77 -- done
rank 7 | trajectory 31 of circuit 85 -- done
rank 29 | trajectory 3 of circuit 53 -- done
rank 4 | trajectory 18 of circuit 6 -- done
rank 5 | trajectory 6 of circuit 7 -- done
rank 39 | trajectory 40 of circuit 65 -- done
rank 44 | trajectory 31 of circuit 2 -- done
rank 1 | trajectory 40 of circuit 32 -- done
rank 46 | trajectory 37 of circuit 65 -- done
rank 15 | trajectory 62 of circuit 74 -- done
rank 44 | trajectory 55 of circuit 89 -- done
rank 22 | trajectory 82 of circuit 84 -- done
rank 18 | trajectory 54 of circuit 98 -- done
rank 9 | trajectory 67 of circuit 45 -- done
rank 22 | trajectory 96 of circuit 98 -- done
rank 27 | trajectory 85 of circuit 56 -- done
rank 21 | trajectory 26 of circuit 64 -- done
rank 7 | trajectory 52 of circuit 52 -- done
rank 20 | trajectory 81 of circuit 15 -- done
rank 24 | trajectory 25 of circuit 100 -- done
rank 8 | trajectory 2 of circuit 48 -- done
rank 40 | trajectory 65 of circuit 70 -- done
rank 8 | trajectory 52 of circuit 87 -- done
rank 43 | trajectory 45 of circuit 57 -- done
rank 25 | trajectory 66 of circuit 71 -- done
rank 38 | trajectory 12 of circuit 96 -- done
rank 6 | trajectory 88 of circuit 89 -- done
rank 5 | trajectory 18 of circuit 69 -- done
rank 19 | trajectory 19 of circuit 79 -- done
rank 11 | trajectory 92 of circuit 67 -- done
rank 14 | trajectory 71 of circuit 52 -- done
rank 42 | trajectory 73 of circuit 96 -- done
rank 15 | trajectory 95 of circuit 69 -- done
rank 7 | trajectory 72 of circuit 49 -- done
rank 25 | trajectory 78 of circuit 69 -- done
rank 43 | trajectory 19 of circuit 88 -- done
rank 42 | trajectory 25 of circuit 91 -- done
rank 14 | trajectory 94 of circuit 29 -- done
rank 1 | trajectory 9 of circuit 70 -- done
rank 7 | trajectory 61 of circuit 48 -- done
rank 33 | trajectory 58 of circuit 67 -- done
rank 4 | trajectory 77 of circuit 90 -- done
rank 46 | trajectory 61 of circuit 12 -- done
rank 9 | trajectory 34 of circuit 93 -- done
rank 10 | trajectory 75 of circuit 97 -- done
rank 45 | trajectory 86 of circuit 75 -- done
rank 38 | trajectory 6 of circuit 64 -- done
rank 29 | trajectory 60 of circuit 71 -- done
rank 32 | trajectory 64 of circuit 89 -- done
rank 3 | trajectory 14 of circuit 75 -- done
rank 36 | trajectory 45 of circuit 28 -- done
rank 21 | trajectory 11 of circuit 17 -- done
rank 28 | trajectory 53 of circuit 94 -- done
rank 21 | trajectory 23 of circuit 10 -- done
rank 9 | trajectory 80 of circuit 53 -- done
rank 26 | trajectory 14 of circuit 93 -- done
rank 39 | trajectory 63 of circuit 21 -- done
rank 48 | trajectory 31 of circuit 84 -- done
rank 36 | trajectory 56 of circuit 59 -- done
rank 2 | trajectory 7 of circuit 73 -- done
rank 43 | trajectory 73 of circuit 57 -- done
rank 5 | trajectory 64 of circuit 52 -- done
rank 41 | trajectory 40 of circuit 41 -- done
rank 39 | trajectory 34 of circuit 39 -- done
rank 34 | trajectory 16 of circuit 56 -- done
rank 31 | trajectory 21 of circuit 20 -- done
rank 19 | trajectory 62 of circuit 36 -- done
rank 49 | trajectory 2 of circuit 58 -- done
rank 40 | trajectory 77 of circuit 67 -- done
rank 48 | trajectory 18 of circuit 91 -- done
rank 44 | trajectory 22 of circuit 39 -- done
rank 19 | trajectory 28 of circuit 7 -- done
rank 6 | trajectory 5 of circuit 22 -- done
rank 21 | trajectory 19 of circuit 13 -- done
rank 28 | trajectory 47 of circuit 67 -- done
rank 36 | trajectory 94 of circuit 87 -- done
rank 48 | trajectory 67 of circuit 81 -- done
rank 40 | trajectory 68 of circuit 72 -- done
rank 5 | trajectory 40 of circuit 90 -- done
rank 12 | trajectory 66 of circuit 70 -- done
rank 1 | trajectory 52 of circuit 11 -- done
rank 9 | trajectory 59 of circuit 27 -- done
rank 2 | trajectory 87 of circuit 40 -- done
rank 35 | trajectory 50 of circuit 25 -- done
rank 14 | trajectory 34 of circuit 27 -- done
rank 13 | trajectory 74 of circuit 38 -- done
rank 28 | trajectory 40 of circuit 60 -- done
rank 34 | trajectory 14 of circuit 59 -- done
rank 3 | trajectory 78 of circuit 83 -- done
rank 17 | trajectory 79 of circuit 14 -- done
rank 35 | trajectory 73 of circuit 52 -- done
rank 17 | trajectory 10 of circuit 77 -- done
rank 38 | trajectory 19 of circuit 27 -- done
rank 0 | trajectory 24 of circuit 78 -- done
rank 1 | trajectory 55 of circuit 22 -- done
rank 28 | trajectory 30 of circuit 83 -- done
rank 10 | trajectory 94 of circuit 65 -- done
rank 30 | trajectory 9 of circuit 41 -- done
rank 14 | trajectory 58 of circuit 84 -- done
rank 24 | trajectory 64 of circuit 70 -- done
rank 39 | trajectory 56 of circuit 21 -- done
rank 18 | trajectory 27 of circuit 10 -- done
rank 1 | trajectory 79 of circuit 42 -- done
rank 4 | trajectory 9 of circuit 42 -- done
rank 29 | trajectory 32 of circuit 31 -- done
rank 36 | trajectory 81 of circuit 99 -- done
rank 21 | trajectory 7 of circuit 16 -- done
rank 47 | trajectory 28 of circuit 30 -- done
rank 26 | trajectory 56 of circuit 3 -- done
rank 11 | trajectory 58 of circuit 25 -- done
rank 38 | trajectory 7 of circuit 88 -- done
rank 43 | trajectory 19 of circuit 57 -- done
rank 14 | trajectory 1 of circuit 87 -- done
rank 32 | trajectory 8 of circuit 18 -- done
rank 10 | trajectory 42 of circuit 90 -- done
rank 22 | trajectory 60 of circuit 66 -- done
rank 21 | trajectory 70 of circuit 67 -- done
rank 48 | trajectory 61 of circuit 91 -- done
rank 16 | trajectory 84 of circuit 29 -- done
rank 7 | trajectory 18 of circuit 45 -- done
rank 12 | trajectory 24 of circuit 94 -- done
rank 17 | trajectory 39 of circuit 73 -- done
rank 34 | trajectory 1 of circuit 47 -- done
rank 22 | trajectory 55 of circuit 66 -- done
rank 22 | trajectory 23 of circuit 2 -- done
rank 49 | trajectory 54 of circuit 15 -- done
rank 7 | trajectory 55 of circuit 94 -- done
rank 49 | trajectory 76 of circuit 5 -- done
rank 31 | trajectory 54 of circuit 13 -- done
rank 43 | trajectory 84 of circuit 45 -- done
rank 18 | trajectory 83 of circuit 37 -- done
rank 35 | trajectory 4 of circuit 29 -- done
rank 44 | trajectory 80 of circuit 56 -- done
rank 1 | trajectory 85 of circuit 14 -- done
rank 0 | trajectory 1 of circuit 15 -- done
rank 33 | trajectory 96 of circuit 63 -- done
rank 29 | trajectory 16 of circuit 55 -- done
rank 32 | trajectory 15 of circuit 87 -- done
rank 7 | trajectory 35 of circuit 52 -- done
rank 2 | trajectory 68 of circuit 28 -- done
rank 37 | trajectory 32 of circuit 41 -- done
rank 14 | trajectory 46 of circuit 76 -- done
rank 19 | trajectory 2 of circuit 54 -- done
rank 43 | trajectory 83 of circuit 70 -- done
rank 17 | trajectory 54 of circuit 20 -- done
rank 39 | trajectory 24 of circuit 32 -- done
rank 18 | trajectory 81 of circuit 70 -- done
rank 30 | trajectory 17 of circuit 52 -- done
rank 3 | trajectory 96 of circuit 38 -- done
rank 30 | trajectory 32 of circuit 46 -- done
rank 36 | trajectory 36 of circuit 59 -- done
rank 12 | trajectory 68 of circuit 55 -- done
rank 3 | trajectory 91 of circuit 40 -- done
rank 8 | trajectory 16 of circuit 34 -- done
rank 22 | trajectory 32 of circuit 35 -- done
rank 15 | trajectory 23 of circuit 55 -- done
rank 5 | trajectory 89 of circuit 63 -- done
rank 13 | trajectory 39 of circuit 100 -- done
rank 30 | trajectory 41 of circuit 48 -- done
rank 24 | trajectory 30 of circuit 43 -- done
rank 40 | trajectory 10 of circuit 11 -- done
rank 36 | trajectory 9 of circuit 60 -- done
rank 48 | trajectory 71 of circuit 63 -- done
rank 36 | trajectory 11 of circuit 91 -- done
rank 27 | trajectory 4 of circuit 79 -- done
rank 18 | trajectory 92 of circuit 97 -- done
rank 31 | trajectory 62 of circuit 9 -- done
rank 3 | trajectory 25 of circuit 43 -- done
rank 40 | trajectory 92 of circuit 70 -- done
rank 39 | trajectory 28 of circuit 59 -- done
rank 27 | trajectory 84 of circuit 67 -- done
rank 1 | trajectory 27 of circuit 68 -- done
rank 31 | trajectory 87 of circuit 61 -- done
rank 21 | trajectory 33 of circuit 17 -- done
rank 20 | trajectory 25 of circuit 97 -- done
rank 47 | trajectory 20 of circuit 26 -- done
rank 48 | trajectory 50 of circuit 32 -- done
rank 29 | trajectory 64 of circuit 55 -- done
rank 28 | trajectory 1 of circuit 64 -- done
rank 18 | trajectory 41 of circuit 56 -- done
rank 49 | trajectory 68 of circuit 4 -- done
rank 22 | trajectory 92 of circuit 58 -- done
rank 35 | trajectory 52 of circuit 19 -- done
rank 40 | trajectory 8 of circuit 61 -- done
rank 36 | trajectory 14 of circuit 50 -- done
rank 7 | trajectory 3 of circuit 25 -- done
rank 2 | trajectory 33 of circuit 37 -- done
rank 41 | trajectory 1 of circuit 75 -- done
rank 21 | trajectory 30 of circuit 68 -- done
rank 32 | trajectory 58 of circuit 52 -- done
rank 33 | trajectory 77 of circuit 13 -- done
rank 25 | trajectory 27 of circuit 34 -- done
rank 20 | trajectory 15 of circuit 86 -- done
rank 29 | trajectory 54 of circuit 26 -- done
rank 8 | trajectory 62 of circuit 29 -- done
rank 7 | trajectory 5 of circuit 26 -- done
rank 42 | trajectory 9 of circuit 13 -- done
rank 30 | trajectory 73 of circuit 14 -- done
rank 27 | trajectory 49 of circuit 45 -- done
rank 31 | trajectory 94 of circuit 70 -- done
rank 13 | trajectory 47 of circuit 56 -- done
rank 29 | trajectory 44 of circuit 37 -- done
rank 20 | trajectory 80 of circuit 34 -- done
rank 21 | trajectory 84 of circuit 37 -- done
rank 7 | trajectory 75 of circuit 42 -- done
rank 40 | trajectory 95 of circuit 79 -- done
rank 29 | trajectory 87 of circuit 90 -- done
rank 21 | trajectory 55 of circuit 47 -- done
rank 8 | trajectory 83 of circuit 96 -- done
rank 7 | trajectory 24 of circuit 5 -- done
rank 31 | trajectory 19 of circuit 7 -- done
rank 17 | trajectory 21 of circuit 10 -- done
rank 1 | trajectory 88 of circuit 12 -- done
rank 21 | trajectory 47 of circuit 24 -- done
rank 30 | trajectory 4 of circuit 34 -- done
rank 48 | trajectory 80 of circuit 52 -- done
rank 21 | trajectory 8 of circuit 45 -- done
rank 0 | trajectory 59 of circuit 38 -- done
rank 8 | trajectory 64 of circuit 96 -- done
rank 18 | trajectory 7 of circuit 67 -- done
rank 26 | trajectory 38 of circuit 47 -- done
rank 44 | trajectory 67 of circuit 63 -- done
rank 20 | trajectory 85 of circuit 63 -- done
rank 38 | trajectory 8 of circuit 22 -- done
rank 40 | trajectory 83 of circuit 18 -- done
rank 2 | trajectory 77 of circuit 29 -- done
rank 29 | trajectory 72 of circuit 21 -- done
rank 25 | trajectory 75 of circuit 89 -- done
rank 23 | trajectory 24 of circuit 96 -- done
rank 24 | trajectory 49 of circuit 8 -- done
rank 28 | trajectory 23 of circuit 82 -- done
rank 49 | trajectory 92 of circuit 16 -- done
rank 13 | trajectory 80 of circuit 15 -- done
rank 34 | trajectory 84 of circuit 10 -- done
rank 29 | trajectory 71 of circuit 17 -- done
rank 39 | trajectory 25 of circuit 80 -- done
rank 40 | trajectory 62 of circuit 33 -- done
rank 19 | trajectory 30 of circuit 19 -- done
rank 28 | trajectory 10 of circuit 39 -- done
rank 42 | trajectory 49 of circuit 84 -- done
rank 24 | trajectory 67 of circuit 2 -- done
rank 10 | trajectory 41 of circuit 54 -- done
rank 32 | trajectory 54 of circuit 6 -- done
rank 38 | trajectory 82 of circuit 57 -- done
rank 15 | trajectory 58 of circuit 34 -- done
rank 48 | trajectory 6 of circuit 58 -- done
rank 4 | trajectory 28 of circuit 72 -- done
rank 41 | trajectory 47 of circuit 87 -- done
rank 29 | trajectory 29 of circuit 45 -- done
rank 3 | trajectory 15 of circuit 94 -- done
rank 40 | trajectory 27 of circuit 74 -- done
rank 11 | trajectory 59 of circuit 37 -- done
rank 10 | trajectory 93 of circuit 78 -- done
rank 44 | trajectory 37 of circuit 58 -- done
rank 19 | trajectory 4 of circuit 14 -- done
rank 15 | trajectory 29 of circuit 20 -- done
rank 40 | trajectory 67 of circuit 51 -- done
rank 3 | trajectory 57 of circuit 79 -- done
rank 12 | trajectory 54 of circuit 93 -- done
rank 42 | trajectory 11 of circuit 78 -- done
rank 0 | trajectory 14 of circuit 87 -- done
rank 1 | trajectory 61 of circuit 19 -- done
rank 12 | trajectory 15 of circuit 70 -- done
rank 48 | trajectory 47 of circuit 57 -- done
rank 27 | trajectory 43 of circuit 95 -- done
rank 19 | trajectory 74 of circuit 72 -- done
rank 24 | trajectory 4 of circuit 43 -- done
rank 21 | trajectory 79 of circuit 45 -- done
rank 48 | trajectory 77 of circuit 63 -- done
rank 6 | trajectory 93 of circuit 28 -- done
rank 23 | trajectory 38 of circuit 2 -- done
rank 21 | trajectory 39 of circuit 63 -- done
rank 7 | trajectory 12 of circuit 46 -- done
rank 10 | trajectory 42 of circuit 68 -- done
rank 41 | trajectory 58 of circuit 11 -- done
rank 13 | trajectory 34 of circuit 63 -- done
rank 2 | trajectory 13 of circuit 91 -- done
rank 21 | trajectory 5 of circuit 16 -- done
rank 38 | trajectory 4 of circuit 64 -- done
rank 47 | trajectory 18 of circuit 47 -- done
rank 11 | trajectory 53 of circuit 15 -- done
rank 27 | trajectory 13 of circuit 43 -- done
rank 44 | trajectory 46 of circuit 82 -- done
rank 1 | trajectory 10 of circuit 74 -- done
rank 46 | trajectory 18 of circuit 53 -- done
rank 19 | trajectory 46 of circuit 64 -- done
rank 40 | trajectory 20 of circuit 79 -- done
rank 30 | trajectory 44 of circuit 3 -- done
rank 11 | trajectory 63 of circuit 74 -- done
rank 0 | trajectory 2 of circuit 27 -- done
rank 48 | trajectory 14 of circuit 48 -- done
rank 29 | trajectory 95 of circuit 83 -- done
rank 15 | trajectory 62 of circuit 93 -- done
rank 45 | trajectory 12 of circuit 49 -- done
rank 40 | trajectory 19 of circuit 72 -- done
rank 8 | trajectory 79 of circuit 54 -- done
rank 38 | trajectory 49 of circuit 94 -- done
rank 49 | trajectory 44 of circuit 4 -- done
rank 34 | trajectory 44 of circuit 75 -- done
rank 40 | trajectory 7 of circuit 81 -- done
rank 36 | trajectory 73 of circuit 92 -- done
rank 42 | trajectory 36 of circuit 85 -- done
rank 9 | trajectory 26 of circuit 1 -- done
rank 13 | trajectory 75 of circuit 77 -- done
rank 27 | trajectory 32 of circuit 71 -- done
rank 4 | trajectory 84 of circuit 51 -- done
rank 1 | trajectory 26 of circuit 43 -- done
rank 41 | trajectory 20 of circuit 98 -- done
rank 9 | trajectory 94 of circuit 72 -- done
rank 12 | trajectory 41 of circuit 70 -- done
rank 41 | trajectory 68 of circuit 74 -- done
rank 47 | trajectory 8 of circuit 92 -- done
rank 45 | trajectory 47 of circuit 74 -- done
rank 7 | trajectory 96 of circuit 39 -- done
rank 1 | trajectory 58 of circuit 82 -- done
rank 36 | trajectory 42 of circuit 73 -- done
rank 24 | trajectory 24 of circuit 57 -- done
rank 21 | trajectory 53 of circuit 98 -- done
rank 38 | trajectory 60 of circuit 19 -- done
rank 27 | trajectory 12 of circuit 17 -- done
rank 27 | trajectory 76 of circuit 47 -- done
rank 46 | trajectory 26 of circuit 57 -- done
rank 38 | trajectory 31 of circuit 3 -- done
rank 39 | trajectory 79 of circuit 47 -- done
rank 13 | trajectory 73 of circuit 39 -- done
rank 2 | trajectory 75 of circuit 52 -- done
rank 38 | trajectory 25 of circuit 42 -- done
rank 16 | trajectory 48 of circuit 91 -- done
rank 19 | trajectory 69 of circuit 28 -- done
rank 24 | trajectory 82 of circuit 65 -- done
rank 25 | trajectory 7 of circuit 62 -- done
rank 20 | trajectory 10 of circuit 65 -- done
rank 36 | trajectory 63 of circuit 3 -- done
rank 33 | trajectory 40 of circuit 95 -- done
rank 10 | trajectory 18 of circuit 61 -- done
rank 9 | trajectory 21 of circuit 100 -- done
rank 11 | trajectory 92 of circuit 35 -- done
rank 39 | trajectory 38 of circuit 94 -- done
rank 41 | trajectory 42 of circuit 51 -- done
rank 33 | trajectory 66 of circuit 34 -- done
rank 36 | trajectory 91 of circuit 77 -- done
rank 16 | trajectory 81 of circuit 59 -- done
rank 23 | trajectory 15 of circuit 89 -- done
rank 28 | trajectory 93 of circuit 45 -- done
rank 26 | trajectory 77 of circuit 86 -- done
rank 21 | trajectory 23 of circuit 63 -- done
rank 7 | trajectory 20 of circuit 49 -- done
rank 46 | trajectory 13 of circuit 31 -- done
rank 18 | trajectory 62 of circuit 37 -- done
rank 22 | trajectory 14 of circuit 60 -- done
rank 25 | trajectory 16 of circuit 15 -- done
rank 42 | trajectory 21 of circuit 72 -- done
rank 21 | trajectory 51 of circuit 64 -- done
rank 9 | trajectory 85 of circuit 26 -- done
rank 47 | trajectory 6 of circuit 89 -- done
rank 0 | trajectory 88 of circuit 83 -- done
rank 31 | trajectory 95 of circuit 8 -- done
rank 5 | trajectory 4 of circuit 53 -- done
rank 8 | trajectory 91 of circuit 58 -- done
rank 20 | trajectory 76 of circuit 6 -- done
rank 41 | trajectory 36 of circuit 25 -- done
rank 41 | trajectory 52 of circuit 55 -- done
rank 27 | trajectory 43 of circuit 29 -- done
rank 40 | trajectory 15 of circuit 14 -- done
rank 15 | trajectory 2 of circuit 47 -- done
rank 20 | trajectory 34 of circuit 50 -- done
rank 10 | trajectory 10 of circuit 21 -- done
rank 34 | trajectory 4 of circuit 30 -- done
rank 44 | trajectory 4 of circuit 50 -- done
rank 40 | trajectory 37 of circuit 16 -- done
rank 37 | trajectory 57 of circuit 27 -- done
rank 43 | trajectory 38 of circuit 84 -- done
rank 29 | trajectory 70 of circuit 57 -- done
rank 1 | trajectory 66 of circuit 15 -- done
rank 42 | trajectory 77 of circuit 38 -- done
rank 40 | trajectory 61 of circuit 24 -- done
rank 43 | trajectory 12 of circuit 32 -- done
rank 17 | trajectory 51 of circuit 41 -- done
rank 34 | trajectory 10 of circuit 37 -- done
rank 1 | trajectory 7 of circuit 20 -- done
rank 26 | trajectory 40 of circuit 92 -- done
rank 19 | trajectory 28 of circuit 69 -- done
rank 7 | trajectory 18 of circuit 18 -- done
rank 0 | trajectory 94 of circuit 84 -- done
rank 40 | trajectory 71 of circuit 1 -- done
rank 46 | trajectory 4 of circuit 76 -- done
rank 8 | trajectory 68 of circuit 37 -- done
rank 28 | trajectory 35 of circuit 8 -- done
rank 25 | trajectory 17 of circuit 57 -- done
rank 43 | trajectory 71 of circuit 48 -- done
rank 40 | trajectory 77 of circuit 60 -- done
rank 17 | trajectory 1 of circuit 67 -- done
rank 14 | trajectory 6 of circuit 65 -- done
rank 39 | trajectory 55 of circuit 42 -- done
rank 0 | trajectory 36 of circuit 36 -- done
rank 34 | trajectory 18 of circuit 5 -- done
rank 13 | trajectory 14 of circuit 94 -- done
rank 9 | trajectory 34 of circuit 38 -- done
rank 31 | trajectory 73 of circuit 42 -- done
rank 28 | trajectory 78 of circuit 11 -- done
rank 30 | trajectory 24 of circuit 43 -- done
rank 22 | trajectory 38 of circuit 31 -- done
rank 32 | trajectory 39 of circuit 9 -- done
rank 2 | trajectory 85 of circuit 41 -- done
rank 42 | trajectory 62 of circuit 97 -- done
rank 11 | trajectory 14 of circuit 57 -- done
rank 18 | trajectory 39 of circuit 95 -- done
rank 39 | trajectory 49 of circuit 72 -- done
rank 28 | trajectory 9 of circuit 67 -- done
rank 49 | trajectory 37 of circuit 25 -- done
rank 40 | trajectory 22 of circuit 66 -- done
rank 36 | trajectory 6 of circuit 68 -- done
rank 15 | trajectory 85 of circuit 69 -- done
rank 49 | trajectory 1 of circuit 63 -- done
rank 43 | trajectory 88 of circuit 29 -- done
rank 24 | trajectory 23 of circuit 91 -- done
rank 8 | trajectory 42 of circuit 98 -- done
rank 11 | trajectory 7 of circuit 33 -- done
rank 43 | trajectory 68 of circuit 61 -- done
rank 44 | trajectory 96 of circuit 4 -- done
rank 16 | trajectory 55 of circuit 54 -- done
rank 29 | trajectory 85 of circuit 18 -- done
rank 41 | trajectory 11 of circuit 29 -- done
rank 15 | trajectory 64 of circuit 58 -- done
rank 32 | trajectory 21 of circuit 38 -- done
rank 3 | trajectory 89 of circuit 74 -- done
rank 8 | trajectory 59 of circuit 30 -- done
rank 46 | trajectory 1 of circuit 91 -- done
rank 33 | trajectory 49 of circuit 61 -- done
rank 47 | trajectory 70 of circuit 63 -- done
rank 27 | trajectory 28 of circuit 44 -- done
rank 47 | trajectory 14 of circuit 56 -- done
rank 24 | trajectory 48 of circuit 89 -- done
rank 0 | trajectory 17 of circuit 41 -- done
rank 44 | trajectory 71 of circuit 19 -- done
rank 38 | trajectory 60 of circuit 92 -- done
rank 17 | trajectory 86 of circuit 13 -- done
rank 12 | trajectory 51 of circuit 35 -- done
rank 2 | trajectory 21 of circuit 67 -- done
rank 46 | trajectory 77 of circuit 82 -- done
rank 49 | trajectory 63 of circuit 14 -- done
rank 3 | trajectory 87 of circuit 28 -- done
rank 22 | trajectory 16 of circuit 18 -- done
rank 17 | trajectory 69 of circuit 94 -- done
rank 36 | trajectory 84 of circuit 83 -- done
rank 41 | trajectory 16 of circuit 66 -- done
rank 28 | trajectory 86 of circuit 45 -- done
rank 3 | trajectory 61 of circuit 44 -- done
rank 47 | trajectory 29 of circuit 78 -- done
rank 19 | trajectory 92 of circuit 94 -- done
rank 25 | trajectory 11 of circuit 72 -- done
rank 39 | trajectory 68 of circuit 81 -- done
rank 24 | trajectory 3 of circuit 24 -- done
rank 4 | trajectory 67 of circuit 77 -- done
rank 36 | trajectory 66 of circuit 77 -- done
rank 7 | trajectory 4 of circuit 33 -- done
rank 27 | trajectory 15 of circuit 35 -- done
rank 48 | trajectory 93 of circuit 20 -- done
rank 25 | trajectory 95 of circuit 58 -- done
rank 43 | trajectory 67 of circuit 74 -- done
rank 21 | trajectory 50 of circuit 4 -- done
rank 30 | trajectory 96 of circuit 36 -- done
rank 36 | trajectory 88 of circuit 62 -- done
rank 12 | trajectory 54 of circuit 42 -- done
rank 15 | trajectory 93 of circuit 92 -- done
rank 13 | trajectory 67 of circuit 100 -- done
rank 42 | trajectory 96 of circuit 26 -- done
rank 36 | trajectory 34 of circuit 52 -- done
rank 38 | trajectory 70 of circuit 61 -- done
rank 2 | trajectory 30 of circuit 45 -- done
rank 35 | trajectory 18 of circuit 19 -- done
rank 1 | trajectory 61 of circuit 17 -- done
rank 21 | trajectory 78 of circuit 10 -- done
rank 46 | trajectory 60 of circuit 85 -- done
rank 26 | trajectory 65 of circuit 73 -- done
rank 8 | trajectory 58 of circuit 54 -- done
rank 38 | trajectory 93 of circuit 69 -- done
rank 9 | trajectory 95 of circuit 66 -- done
rank 7 | trajectory 42 of circuit 78 -- done
rank 3 | trajectory 75 of circuit 12 -- done
rank 41 | trajectory 82 of circuit 26 -- done
rank 2 | trajectory 54 of circuit 31 -- done
rank 29 | trajectory 59 of circuit 50 -- done
rank 9 | trajectory 92 of circuit 13 -- done
rank 43 | trajectory 48 of circuit 45 -- done
rank 40 | trajectory 6 of circuit 74 -- done
rank 7 | trajectory 5 of circuit 53 -- done
rank 46 | trajectory 24 of circuit 100 -- done
rank 23 | trajectory 6 of circuit 15 -- done
rank 18 | trajectory 19 of circuit 43 -- done
rank 3 | trajectory 1 of circuit 57 -- done
rank 6 | trajectory 28 of circuit 27 -- done
rank 30 | trajectory 63 of circuit 22 -- done
rank 39 | trajectory 49 of circuit 60 -- done
rank 3 | trajectory 50 of circuit 58 -- done
rank 49 | trajectory 85 of circuit 54 -- done
rank 20 | trajectory 2 of circuit 92 -- done
rank 29 | trajectory 91 of circuit 15 -- done
rank 47 | trajectory 42 of circuit 54 -- done
rank 10 | trajectory 40 of circuit 37 -- done
rank 30 | trajectory 13 of circuit 13 -- done
rank 10 | trajectory 96 of circuit 47 -- done
rank 0 | trajectory 65 of circuit 87 -- done
rank 7 | trajectory 74 of circuit 16 -- done
rank 47 | trajectory 7 of circuit 42 -- done
rank 48 | trajectory 40 of circuit 75 -- done
rank 9 | trajectory 48 of circuit 5 -- done
rank 29 | trajectory 79 of circuit 87 -- done
rank 46 | trajectory 53 of circuit 7 -- done
rank 42 | trajectory 82 of circuit 70 -- done
rank 26 | trajectory 27 of circuit 75 -- done
rank 35 | trajectory 37 of circuit 66 -- done
rank 9 | trajectory 30 of circuit 65 -- done
rank 44 | trajectory 41 of circuit 88 -- done
rank 22 | trajectory 13 of circuit 15 -- done
rank 1 | trajectory 51 of circuit 10 -- done
rank 40 | trajectory 10 of circuit 2 -- done
rank 6 | trajectory 45 of circuit 84 -- done
rank 38 | trajectory 49 of circuit 93 -- done
rank 36 | trajectory 68 of circuit 33 -- done
rank 9 | trajectory 16 of circuit 96 -- done
rank 38 | trajectory 2 of circuit 52 -- done
rank 26 | trajectory 69 of circuit 4 -- done
rank 26 | trajectory 58 of circuit 42 -- done
rank 1 | trajectory 57 of circuit 44 -- done
rank 2 | trajectory 64 of circuit 98 -- done
rank 13 | trajectory 46 of circuit 32 -- done
rank 4 | trajectory 56 of circuit 77 -- done
rank 21 | trajectory 68 of circuit 25 -- done
rank 14 | trajectory 9 of circuit 25 -- done
rank 29 | trajectory 54 of circuit 44 -- done
rank 8 | trajectory 54 of circuit 82 -- done
rank 20 | trajectory 21 of circuit 71 -- done
rank 24 | trajectory 53 of circuit 88 -- done
rank 49 | trajectory 67 of circuit 21 -- done
rank 41 | trajectory 72 of circuit 34 -- done
rank 38 | trajectory 8 of circuit 41 -- done
rank 43 | trajectory 40 of circuit 70 -- done
rank 43 | trajectory 44 of circuit 90 -- done
rank 43 | trajectory 15 of circuit 93 -- done
rank 27 | trajectory 95 of circuit 23 -- done
rank 33 | trajectory 70 of circuit 69 -- done
rank 38 | trajectory 5 of circuit 45 -- done
rank 20 | trajectory 93 of circuit 83 -- done
rank 10 | trajectory 51 of circuit 90 -- done
rank 43 | trajectory 90 of circuit 37 -- done
rank 6 | trajectory 66 of circuit 75 -- done
rank 8 | trajectory 83 of circuit 100 -- done
rank 22 | trajectory 18 of circuit 23 -- done
rank 24 | trajectory 42 of circuit 49 -- done
rank 14 | trajectory 92 of circuit 95 -- done
rank 25 | trajectory 34 of circuit 42 -- done
rank 34 | trajectory 4 of circuit 62 -- done
rank 46 | trajectory 87 of circuit 44 -- done
rank 17 | trajectory 6 of circuit 50 -- done
rank 36 | trajectory 43 of circuit 74 -- done
rank 41 | trajectory 87 of circuit 80 -- done
rank 0 | trajectory 44 of circuit 80 -- done
rank 29 | trajectory 33 of circuit 92 -- done
rank 12 | trajectory 94 of circuit 50 -- done
rank 3 | trajectory 41 of circuit 66 -- done
rank 5 | trajectory 9 of circuit 51 -- done
rank 12 | trajectory 33 of circuit 55 -- done
rank 20 | trajectory 80 of circuit 90 -- done
rank 8 | trajectory 64 of circuit 63 -- done
rank 9 | trajectory 83 of circuit 71 -- done
rank 32 | trajectory 80 of circuit 97 -- done
rank 14 | trajectory 82 of circuit 19 -- done
rank 1 | trajectory 21 of circuit 87 -- done
rank 20 | trajectory 33 of circuit 2 -- done
rank 19 | trajectory 26 of circuit 27 -- done
rank 20 | trajectory 37 of circuit 67 -- done
rank 36 | trajectory 32 of circuit 64 -- done
rank 19 | trajectory 40 of circuit 86 -- done
rank 39 | trajectory 10 of circuit 46 -- done
rank 17 | trajectory 3 of circuit 64 -- done
rank 11 | trajectory 13 of circuit 29 -- done
rank 2 | trajectory 81 of circuit 67 -- done
rank 22 | trajectory 9 of circuit 7 -- done
rank 28 | trajectory 81 of circuit 77 -- done
rank 12 | trajectory 50 of circuit 87 -- done
rank 35 | trajectory 72 of circuit 36 -- done
rank 20 | trajectory 30 of circuit 26 -- done
rank 35 | trajectory 17 of circuit 68 -- done
rank 35 | trajectory 87 of circuit 69 -- done
rank 44 | trajectory 79 of circuit 93 -- done
rank 23 | trajectory 43 of circuit 22 -- done
rank 5 | trajectory 34 of circuit 46 -- done
rank 40 | trajectory 52 of circuit 69 -- done
rank 28 | trajectory 61 of circuit 65 -- done
rank 12 | trajectory 47 of circuit 29 -- done
rank 22 | trajectory 68 of circuit 29 -- done
rank 7 | trajectory 12 of circuit 34 -- done
rank 31 | trajectory 54 of circuit 3 -- done
rank 7 | trajectory 65 of circuit 50 -- done
rank 15 | trajectory 59 of circuit 49 -- done
rank 31 | trajectory 90 of circuit 69 -- done
rank 36 | trajectory 31 of circuit 67 -- done
rank 41 | trajectory 10 of circuit 61 -- done
rank 22 | trajectory 50 of circuit 49 -- done
rank 3 | trajectory 94 of circuit 85 -- done
rank 2 | trajectory 6 of circuit 57 -- done
rank 1 | trajectory 77 of circuit 28 -- done
rank 42 | trajectory 95 of circuit 47 -- done
rank 27 | trajectory 91 of circuit 98 -- done
rank 39 | trajectory 30 of circuit 34 -- done
rank 47 | trajectory 25 of circuit 53 -- done
rank 29 | trajectory 8 of circuit 38 -- done
rank 40 | trajectory 34 of circuit 1 -- done
rank 48 | trajectory 79 of circuit 37 -- done
rank 37 | trajectory 86 of circuit 26 -- done
rank 43 | trajectory 23 of circuit 62 -- done
rank 11 | trajectory 28 of circuit 76 -- done
rank 19 | trajectory 14 of circuit 65 -- done
rank 43 | trajectory 52 of circuit 95 -- done
rank 24 | trajectory 59 of circuit 92 -- done
rank 34 | trajectory 90 of circuit 52 -- done
rank 38 | trajectory 90 of circuit 42 -- done
rank 12 | trajectory 26 of circuit 95 -- done
rank 5 | trajectory 15 of circuit 15 -- done
rank 30 | trajectory 75 of circuit 67 -- done
rank 18 | trajectory 69 of circuit 65 -- done
rank 10 | trajectory 64 of circuit 64 -- done
rank 17 | trajectory 95 of circuit 61 -- done
rank 2 | trajectory 44 of circuit 36 -- done
rank 34 | trajectory 39 of circuit 21 -- done
rank 48 | trajectory 9 of circuit 93 -- done
rank 28 | trajectory 74 of circuit 73 -- done
rank 32 | trajectory 94 of circuit 48 -- done
rank 38 | trajectory 61 of circuit 75 -- done
rank 0 | trajectory 48 of circuit 79 -- done
rank 4 | trajectory 86 of circuit 44 -- done
rank 46 | trajectory 72 of circuit 80 -- done
rank 22 | trajectory 11 of circuit 20 -- done
rank 6 | trajectory 30 of circuit 40 -- done
rank 7 | trajectory 70 of circuit 86 -- done
rank 30 | trajectory 45 of circuit 74 -- done
rank 40 | trajectory 39 of circuit 66 -- done
rank 28 | trajectory 93 of circuit 58 -- done
rank 39 | trajectory 89 of circuit 1 -- done
rank 9 | trajectory 19 of circuit 81 -- done
rank 19 | trajectory 55 of circuit 44 -- done
rank 7 | trajectory 38 of circuit 26 -- done
rank 14 | trajectory 37 of circuit 12 -- done
rank 23 | trajectory 80 of circuit 87 -- done
rank 24 | trajectory 41 of circuit 59 -- done
rank 14 | trajectory 55 of circuit 49 -- done
rank 27 | trajectory 78 of circuit 18 -- done
rank 47 | trajectory 27 of circuit 43 -- done
rank 2 | trajectory 62 of circuit 66 -- done
rank 8 | trajectory 25 of circuit 40 -- done
rank 8 | trajectory 40 of circuit 48 -- done
rank 22 | trajectory 45 of circuit 93 -- done
rank 33 | trajectory 55 of circuit 59 -- done
rank 20 | trajectory 73 of circuit 20 -- done
rank 8 | trajectory 7 of circuit 90 -- done
rank 39 | trajectory 21 of circuit 28 -- done
rank 22 | trajectory 8 of circuit 85 -- done
rank 26 | trajectory 70 of circuit 36 -- done
rank 29 | trajectory 51 of circuit 62 -- done
rank 11 | trajectory 79 of circuit 100 -- done
rank 46 | trajectory 19 of circuit 48 -- done
rank 26 | trajectory 5 of circuit 14 -- done
rank 7 | trajectory 40 of circuit 8 -- done
rank 24 | trajectory 51 of circuit 18 -- done
rank 40 | trajectory 70 of circuit 38 -- done
rank 1 | trajectory 53 of circuit 37 -- done
rank 3 | trajectory 63 of circuit 48 -- done
rank 21 | trajectory 88 of circuit 10 -- done
rank 21 | trajectory 25 of circuit 84 -- done
rank 3 | trajectory 52 of circuit 72 -- done
rank 43 | trajectory 87 of circuit 96 -- done
rank 29 | trajectory 34 of circuit 2 -- done
rank 10 | trajectory 70 of circuit 20 -- done
rank 33 | trajectory 95 of circuit 39 -- done
rank 27 | trajectory 25 of circuit 56 -- done
rank 17 | trajectory 34 of circuit 5 -- done
rank 0 | trajectory 35 of circuit 93 -- done
rank 14 | trajectory 23 of circuit 77 -- done
rank 2 | trajectory 15 of circuit 36 -- done
rank 48 | trajectory 76 of circuit 94 -- done
rank 1 | trajectory 60 of circuit 15 -- done
rank 26 | trajectory 1 of circuit 96 -- done
rank 12 | trajectory 81 of circuit 60 -- done
rank 24 | trajectory 21 of circuit 1 -- done
rank 5 | trajectory 63 of circuit 92 -- done
rank 23 | trajectory 21 of circuit 22 -- done
rank 11 | trajectory 11 of circuit 8 -- done
rank 7 | trajectory 24 of circuit 37 -- done
rank 27 | trajectory 95 of circuit 70 -- done
rank 8 | trajectory 12 of circuit 91 -- done
rank 28 | trajectory 48 of circuit 55 -- done
rank 2 | trajectory 88 of circuit 96 -- done
rank 12 | trajectory 88 of circuit 45 -- done
rank 22 | trajectory 55 of circuit 21 -- done
rank 17 | trajectory 18 of circuit 57 -- done
rank 17 | trajectory 27 of circuit 36 -- done
rank 39 | trajectory 92 of circuit 4 -- done
rank 22 | trajectory 40 of circuit 24 -- done
rank 22 | trajectory 6 of circuit 88 -- done
rank 17 | trajectory 72 of circuit 71 -- done
rank 3 | trajectory 24 of circuit 26 -- done
rank 34 | trajectory 33 of circuit 27 -- done
rank 36 | trajectory 3 of circuit 75 -- done
rank 49 | trajectory 53 of circuit 33 -- done
rank 4 | trajectory 16 of circuit 62 -- done
rank 10 | trajectory 14 of circuit 83 -- done
rank 42 | trajectory 29 of circuit 40 -- done
rank 31 | trajectory 3 of circuit 71 -- done
rank 32 | trajectory 55 of circuit 46 -- done
rank 20 | trajectory 82 of circuit 25 -- done
rank 41 | trajectory 64 of circuit 1 -- done
rank 45 | trajectory 28 of circuit 8 -- done
rank 8 | trajectory 46 of circuit 81 -- done
rank 25 | trajectory 73 of circuit 22 -- done
rank 2 | trajectory 25 of circuit 54 -- done
rank 14 | trajectory 84 of circuit 94 -- done
rank 5 | trajectory 22 of circuit 49 -- done
rank 24 | trajectory 9 of circuit 36 -- done
rank 12 | trajectory 27 of circuit 57 -- done
rank 23 | trajectory 30 of circuit 69 -- done
rank 0 | trajectory 12 of circuit 60 -- done
rank 36 | trajectory 52 of circuit 38 -- done
rank 27 | trajectory 2 of circuit 36 -- done
rank 39 | trajectory 77 of circuit 21 -- done
rank 33 | trajectory 41 of circuit 80 -- done
rank 29 | trajectory 27 of circuit 20 -- done
rank 28 | trajectory 41 of circuit 76 -- done
rank 9 | trajectory 96 of circuit 20 -- done
rank 40 | trajectory 87 of circuit 11 -- done
rank 28 | trajectory 64 of circuit 94 -- done
rank 7 | trajectory 34 of circuit 6 -- done
rank 7 | trajectory 83 of circuit 63 -- done
rank 23 | trajectory 96 of circuit 54 -- done
rank 30 | trajectory 67 of circuit 83 -- done
rank 30 | trajectory 65 of circuit 91 -- done
rank 0 | trajectory 36 of circuit 51 -- done
rank 27 | trajectory 25 of circuit 70 -- done
rank 19 | trajectory 64 of circuit 73 -- done
rank 17 | trajectory 28 of circuit 16 -- done
rank 40 | trajectory 74 of circuit 46 -- done
rank 5 | trajectory 13 of circuit 32 -- done
rank 16 | trajectory 44 of circuit 31 -- done
rank 14 | trajectory 73 of circuit 16 -- done
rank 2 | trajectory 11 of circuit 10 -- done
rank 26 | trajectory 30 of circuit 86 -- done
rank 20 | trajectory 79 of circuit 27 -- done
rank 38 | trajectory 26 of circuit 72 -- done
rank 35 | trajectory 69 of circuit 10 -- done
rank 49 | trajectory 13 of circuit 98 -- done
rank 3 | trajectory 93 of circuit 64 -- done
rank 1 | trajectory 20 of circuit 88 -- done
rank 2 | trajectory 54 of circuit 43 -- done
rank 23 | trajectory 56 of circuit 75 -- done
rank 25 | trajectory 84 of circuit 4 -- done
rank 29 | trajectory 20 of circuit 51 -- done
rank 45 | trajectory 44 of circuit 56 -- done
rank 3 | trajectory 16 of circuit 4 -- done
rank 34 | trajectory 29 of circuit 89 -- done
rank 24 | trajectory 47 of circuit 65 -- done
rank 43 | trajectory 58 of circuit 38 -- done
rank 4 | trajectory 65 of circuit 47 -- done
rank 2 | trajectory 47 of circuit 58 -- done
rank 6 | trajectory 50 of circuit 57 -- done
rank 30 | trajectory 68 of circuit 76 -- done
rank 17 | trajectory 5 of circuit 61 -- done
rank 26 | trajectory 33 of circuit 90 -- done
rank 29 | trajectory 62 of circuit 12 -- done
rank 35 | trajectory 58 of circuit 98 -- done
rank 5 | trajectory 2 of circuit 21 -- done
rank 44 | trajectory 90 of circuit 92 -- done
rank 48 | trajectory 62 of circuit 51 -- done
rank 15 | trajectory 58 of circuit 37 -- done
rank 25 | trajectory 4 of circuit 42 -- done
rank 14 | trajectory 67 of circuit 58 -- done
rank 4 | trajectory 59 of circuit 53 -- done
rank 13 | trajectory 21 of circuit 94 -- done
rank 38 | trajectory 85 of circuit 100 -- done
rank 11 | trajectory 86 of circuit 15 -- done
rank 13 | trajectory 54 of circuit 7 -- done
rank 2 | trajectory 26 of circuit 80 -- done
rank 36 | trajectory 31 of circuit 14 -- done
rank 26 | trajectory 34 of circuit 83 -- done
rank 26 | trajectory 55 of circuit 8 -- done
rank 8 | trajectory 94 of circuit 27 -- done
rank 11 | trajectory 69 of circuit 78 -- done
rank 14 | trajectory 72 of circuit 44 -- done
rank 16 | trajectory 2 of circuit 56 -- done
rank 48 | trajectory 5 of circuit 56 -- done
rank 8 | trajectory 33 of circuit 75 -- done
rank 18 | trajectory 78 of circuit 24 -- done
rank 6 | trajectory 14 of circuit 74 -- done
rank 40 | trajectory 23 of circuit 39 -- done
rank 36 | trajectory 44 of circuit 53 -- done
rank 39 | trajectory 95 of circuit 20 -- done
rank 15 | trajectory 45 of circuit 78 -- done
rank 5 | trajectory 86 of circuit 69 -- done
rank 45 | trajectory 80 of circuit 57 -- done
rank 17 | trajectory 46 of circuit 33 -- done
rank 6 | trajectory 23 of circuit 21 -- done
rank 14 | trajectory 3 of circuit 1 -- done
rank 29 | trajectory 58 of circuit 13 -- done
rank 23 | trajectory 2 of circuit 96 -- done
rank 14 | trajectory 12 of circuit 100 -- done
rank 7 | trajectory 56 of circuit 96 -- done
rank 0 | trajectory 4 of circuit 9 -- done
rank 5 | trajectory 50 of circuit 2 -- done
rank 24 | trajectory 38 of circuit 46 -- done
rank 48 | trajectory 46 of circuit 88 -- done
rank 43 | trajectory 43 of circuit 78 -- done
rank 16 | trajectory 49 of circuit 90 -- done
rank 25 | trajectory 13 of circuit 46 -- done
rank 4 | trajectory 68 of circuit 96 -- done
rank 8 | trajectory 50 of circuit 38 -- done
rank 22 | trajectory 12 of circuit 64 -- done
rank 44 | trajectory 69 of circuit 22 -- done
rank 26 | trajectory 2 of circuit 40 -- done
rank 25 | trajectory 71 of circuit 86 -- done
rank 38 | trajectory 90 of circuit 38 -- done
rank 12 | trajectory 20 of circuit 89 -- done
rank 45 | trajectory 45 of circuit 22 -- done
rank 25 | trajectory 81 of circuit 5 -- done
rank 38 | trajectory 87 of circuit 41 -- done
rank 21 | trajectory 10 of circuit 35 -- done
rank 29 | trajectory 74 of circuit 22 -- done
rank 25 | trajectory 12 of circuit 53 -- done
rank 36 | trajectory 27 of circuit 63 -- done
rank 35 | trajectory 46 of circuit 59 -- done
rank 38 | trajectory 38 of circuit 72 -- done
rank 3 | trajectory 67 of circuit 87 -- done
rank 48 | trajectory 68 of circuit 70 -- done
rank 33 | trajectory 1 of circuit 24 -- done
rank 7 | trajectory 64 of circuit 91 -- done
rank 43 | trajectory 93 of circuit 14 -- done
rank 42 | trajectory 61 of circuit 98 -- done
rank 24 | trajectory 66 of circuit 35 -- done
rank 16 | trajectory 92 of circuit 78 -- done
rank 15 | trajectory 55 of circuit 1 -- done
rank 38 | trajectory 11 of circuit 77 -- done
rank 27 | trajectory 82 of circuit 59 -- done
rank 10 | trajectory 28 of circuit 67 -- done
rank 48 | trajectory 8 of circuit 87 -- done
rank 48 | trajectory 43 of circuit 26 -- done
rank 31 | trajectory 70 of circuit 13 -- done
rank 42 | trajectory 18 of circuit 64 -- done
rank 31 | trajectory 89 of circuit 3 -- done
rank 24 | trajectory 93 of circuit 62 -- done
rank 42 | trajectory 27 of circuit 40 -- done
rank 19 | trajectory 54 of circuit 5 -- done
rank 36 | trajectory 22 of circuit 57 -- done
rank 47 | trajectory 64 of circuit 92 -- done
rank 27 | trajectory 6 of circuit 86 -- done
rank 42 | trajectory 47 of circuit 96 -- done
rank 19 | trajectory 49 of circuit 43 -- done
rank 12 | trajectory 84 of circuit 100 -- done
rank 16 | trajectory 68 of circuit 71 -- done
rank 43 | trajectory 55 of circuit 68 -- done
rank 23 | trajectory 75 of circuit 4 -- done
rank 48 | trajectory 28 of circuit 52 -- done
rank 28 | trajectory 39 of circuit 56 -- done
rank 43 | trajectory 22 of circuit 86 -- done
rank 30 | trajectory 22 of circuit 40 -- done
rank 14 | trajectory 35 of circuit 76 -- done
rank 35 | trajectory 68 of circuit 38 -- done
rank 30 | trajectory 59 of circuit 82 -- done
rank 34 | trajectory 11 of circuit 74 -- done
rank 5 | trajectory 53 of circuit 60 -- done
rank 27 | trajectory 33 of circuit 35 -- done
rank 12 | trajectory 57 of circuit 95 -- done
rank 24 | trajectory 33 of circuit 83 -- done
rank 25 | trajectory 6 of circuit 75 -- done
rank 22 | trajectory 47 of circuit 93 -- done
rank 2 | trajectory 28 of circuit 65 -- done
rank 13 | trajectory 6 of circuit 1 -- done
rank 4 | trajectory 24 of circuit 62 -- done
rank 34 | trajectory 55 of circuit 97 -- done
rank 15 | trajectory 23 of circuit 92 -- done
rank 20 | trajectory 8 of circuit 16 -- done
rank 5 | trajectory 83 of circuit 6 -- done
rank 3 | trajectory 28 of circuit 21 -- done
rank 36 | trajectory 18 of circuit 30 -- done
rank 9 | trajectory 81 of circuit 22 -- done
rank 11 | trajectory 64 of circuit 7 -- done
rank 8 | trajectory 51 of circuit 7 -- done
rank 45 | trajectory 95 of circuit 40 -- done
rank 4 | trajectory 70 of circuit 50 -- done
rank 21 | trajectory 28 of circuit 5 -- done
rank 36 | trajectory 65 of circuit 23 -- done
rank 12 | trajectory 55 of circuit 63 -- done
rank 35 | trajectory 39 of circuit 39 -- done
rank 24 | trajectory 89 of circuit 96 -- done
rank 34 | trajectory 14 of circuit 11 -- done
rank 24 | trajectory 72 of circuit 38 -- done
rank 11 | trajectory 88 of circuit 55 -- done
rank 1 | trajectory 41 of circuit 62 -- done
rank 34 | trajectory 90 of circuit 53 -- done
rank 40 | trajectory 49 of circuit 34 -- done
rank 25 | trajectory 96 of circuit 62 -- done
rank 3 | trajectory 60 of circuit 21 -- done
rank 40 | trajectory 47 of circuit 48 -- done
rank 23 | trajectory 31 of circuit 30 -- done
rank 1 | trajectory 19 of circuit 16 -- done
rank 34 | trajectory 79 of circuit 38 -- done
rank 24 | trajectory 22 of circuit 15 -- done
rank 47 | trajectory 73 of circuit 30 -- done
rank 4 | trajectory 6 of circuit 46 -- done
rank 5 | trajectory 69 of circuit 19 -- done
rank 24 | trajectory 77 of circuit 77 -- done
rank 3 | trajectory 63 of circuit 43 -- done
rank 3 | trajectory 55 of circuit 85 -- done
rank 9 | trajectory 9 of circuit 85 -- done
rank 41 | trajectory 71 of circuit 61 -- done
rank 35 | trajectory 6 of circuit 14 -- done
rank 31 | trajectory 17 of circuit 40 -- done
rank 28 | trajectory 55 of circuit 78 -- done
rank 27 | trajectory 5 of circuit 2 -- done
rank 3 | trajectory 83 of circuit 44 -- done
rank 20 | trajectory 67 of circuit 86 -- done
rank 34 | trajectory 40 of circuit 29 -- done
rank 13 | trajectory 68 of circuit 23 -- done
rank 35 | trajectory 1 of circuit 92 -- done
rank 22 | trajectory 43 of circuit 10 -- done
rank 8 | trajectory 6 of circuit 60 -- done
rank 29 | trajectory 63 of circuit 58 -- done
rank 9 | trajectory 3 of circuit 81 -- done
rank 16 | trajectory 23 of circuit 58 -- done
rank 48 | trajectory 2 of circuit 82 -- done
rank 5 | trajectory 79 of circuit 70 -- done
rank 31 | trajectory 53 of circuit 49 -- done
rank 22 | trajectory 93 of circuit 85 -- done
rank 11 | trajectory 26 of circuit 35 -- done
rank 13 | trajectory 7 of circuit 2 -- done
rank 28 | trajectory 27 of circuit 56 -- done
rank 5 | trajectory 29 of circuit 48 -- done
rank 4 | trajectory 47 of circuit 35 -- done
rank 19 | trajectory 38 of circuit 85 -- done
rank 5 | trajectory 39 of circuit 35 -- done
rank 13 | trajectory 5 of circuit 28 -- done
rank 30 | trajectory 48 of circuit 25 -- done
rank 46 | trajectory 69 of circuit 81 -- done
rank 18 | trajectory 91 of circuit 100 -- done
rank 9 | trajectory 24 of circuit 80 -- done
rank 26 | trajectory 41 of circuit 57 -- done
rank 20 | trajectory 85 of circuit 61 -- done
rank 3 | trajectory 72 of circuit 53 -- done
rank 14 | trajectory 54 of circuit 84 -- done
rank 14 | trajectory 74 of circuit 51 -- done
rank 32 | trajectory 72 of circuit 65 -- done
rank 32 | trajectory 18 of circuit 50 -- done
rank 30 | trajectory 49 of circuit 52 -- done
rank 41 | trajectory 18 of circuit 79 -- done
rank 3 | trajectory 86 of circuit 2 -- done
rank 39 | trajectory 4 of circuit 26 -- done
rank 29 | trajectory 40 of circuit 63 -- done
rank 24 | trajectory 19 of circuit 39 -- done
rank 3 | trajectory 18 of circuit 3 -- done
rank 22 | trajectory 8 of circuit 82 -- done
rank 22 | trajectory 1 of circuit 48 -- done
rank 36 | trajectory 2 of circuit 19 -- done
rank 28 | trajectory 37 of circuit 89 -- done
rank 7 | trajectory 39 of circuit 32 -- done
rank 8 | trajectory 92 of circuit 85 -- done
rank 22 | trajectory 14 of circuit 41 -- done
rank 11 | trajectory 3 of circuit 7 -- done
rank 35 | trajectory 12 of circuit 52 -- done
rank 27 | trajectory 42 of circuit 61 -- done
rank 34 | trajectory 41 of circuit 85 -- done
rank 24 | trajectory 28 of circuit 63 -- done
rank 41 | trajectory 95 of circuit 82 -- done
rank 23 | trajectory 16 of circuit 71 -- done
rank 41 | trajectory 63 of circuit 68 -- done
rank 37 | trajectory 8 of circuit 52 -- done
rank 9 | trajectory 29 of circuit 47 -- done
rank 34 | trajectory 69 of circuit 3 -- done
rank 42 | trajectory 38 of circuit 50 -- done
rank 24 | trajectory 90 of circuit 28 -- done
rank 27 | trajectory 58 of circuit 93 -- done
rank 10 | trajectory 81 of circuit 25 -- done
rank 12 | trajectory 75 of circuit 31 -- done
rank 24 | trajectory 27 of circuit 65 -- done
rank 48 | trajectory 34 of circuit 73 -- done
rank 9 | trajectory 36 of circuit 69 -- done
rank 24 | trajectory 83 of circuit 58 -- done
rank 48 | trajectory 96 of circuit 24 -- done
rank 17 | trajectory 22 of circuit 22 -- done
rank 39 | trajectory 26 of circuit 49 -- done
rank 19 | trajectory 42 of circuit 30 -- done
rank 36 | trajectory 79 of circuit 60 -- done
rank 15 | trajectory 25 of circuit 74 -- done
rank 2 | trajectory 95 of circuit 24 -- done
rank 40 | trajectory 40 of circuit 16 -- done
rank 19 | trajectory 26 of circuit 51 -- done
rank 3 | trajectory 3 of circuit 22 -- done
rank 9 | trajectory 12 of circuit 1 -- done
rank 46 | trajectory 46 of circuit 28 -- done
rank 43 | trajectory 57 of circuit 67 -- done
rank 24 | trajectory 5 of circuit 18 -- done
rank 21 | trajectory 94 of circuit 44 -- done
rank 5 | trajectory 52 of circuit 24 -- done
rank 36 | trajectory 90 of circuit 24 -- done
rank 20 | trajectory 75 of circuit 29 -- done
rank 35 | trajectory 54 of circuit 28 -- done
rank 15 | trajectory 2 of circuit 30 -- done
rank 34 | trajectory 96 of circuit 92 -- done
rank 43 | trajectory 45 of circuit 2 -- done
rank 22 | trajectory 84 of circuit 52 -- done
rank 22 | trajectory 23 of circuit 85 -- done
rank 36 | trajectory 11 of circuit 47 -- done
rank 1 | trajectory 1 of circuit 18 -- done
rank 8 | trajectory 52 of circuit 75 -- done
rank 47 | trajectory 51 of circuit 28 -- done
rank 18 | trajectory 58 of circuit 51 -- done
rank 9 | trajectory 27 of circuit 19 -- done
rank 2 | trajectory 40 of circuit 50 -- done
rank 23 | trajectory 57 of circuit 65 -- done
rank 22 | trajectory 63 of circuit 41 -- done
rank 27 | trajectory 81 of circuit 66 -- done
rank 0 | trajectory 75 of circuit 21 -- done
rank 40 | trajectory 81 of circuit 47 -- done
rank 12 | trajectory 53 of circuit 82 -- done
rank 37 | trajectory 18 of circuit 2 -- done
rank 0 | trajectory 42 of circuit 31 -- done
rank 5 | trajectory 43 of circuit 51 -- done
rank 31 | trajectory 75 of circuit 23 -- done
rank 23 | trajectory 84 of circuit 89 -- done
rank 29 | trajectory 74 of circuit 23 -- done
rank 2 | trajectory 3 of circuit 13 -- done
rank 2 | trajectory 88 of circuit 41 -- done
rank 33 | trajectory 42 of circuit 15 -- done
rank 48 | trajectory 10 of circuit 82 -- done
rank 49 | trajectory 66 of circuit 67 -- done
rank 18 | trajectory 24 of circuit 46 -- done
rank 28 | trajectory 37 of circuit 42 -- done
rank 4 | trajectory 62 of circuit 94 -- done
rank 38 | trajectory 13 of circuit 61 -- done
rank 19 | trajectory 21 of circuit 31 -- done
rank 33 | trajectory 38 of circuit 61 -- done
rank 41 | trajectory 64 of circuit 31 -- done
rank 27 | trajectory 77 of circuit 62 -- done
rank 41 | trajectory 52 of circuit 91 -- done
rank 39 | trajectory 23 of circuit 37 -- done
rank 40 | trajectory 69 of circuit 52 -- done
rank 44 | trajectory 35 of circuit 59 -- done
rank 2 | trajectory 39 of circuit 54 -- done
rank 31 | trajectory 17 of circuit 26 -- done
rank 25 | trajectory 37 of circuit 40 -- done
rank 24 | trajectory 65 of circuit 32 -- done
rank 22 | trajectory 73 of circuit 1 -- done
rank 28 | trajectory 19 of circuit 3 -- done
rank 9 | trajectory 5 of circuit 21 -- done
rank 24 | trajectory 95 of circuit 43 -- done
rank 26 | trajectory 54 of circuit 23 -- done
rank 2 | trajectory 12 of circuit 58 -- done
rank 18 | trajectory 89 of circuit 93 -- done
rank 11 | trajectory 93 of circuit 34 -- done
rank 46 | trajectory 9 of circuit 6 -- done
rank 25 | trajectory 8 of circuit 59 -- done
rank 28 | trajectory 31 of circuit 24 -- done
rank 45 | trajectory 89 of circuit 23 -- done
rank 26 | trajectory 25 of circuit 47 -- done
rank 29 | trajectory 30 of circuit 49 -- done
rank 40 | trajectory 92 of circuit 14 -- done
rank 7 | trajectory 63 of circuit 24 -- done
rank 26 | trajectory 16 of circuit 76 -- done
rank 36 | trajectory 38 of circuit 19 -- done
rank 27 | trajectory 10 of circuit 59 -- done
rank 45 | trajectory 25 of circuit 64 -- done
rank 1 | trajectory 92 of circuit 42 -- done
rank 44 | trajectory 14 of circuit 1 -- done
rank 43 | trajectory 31 of circuit 7 -- done
rank 30 | trajectory 37 of circuit 70 -- done
rank 44 | trajectory 74 of circuit 42 -- done
rank 2 | trajectory 53 of circuit 95 -- done
rank 3 | trajectory 7 of circuit 10 -- done
rank 12 | trajectory 25 of circuit 33 -- done
rank 8 | trajectory 69 of circuit 74 -- done
rank 30 | trajectory 12 of circuit 50 -- done
rank 24 | trajectory 91 of circuit 14 -- done
rank 26 | trajectory 82 of circuit 35 -- done
rank 29 | trajectory 7 of circuit 19 -- done
rank 24 | trajectory 21 of circuit 51 -- done
rank 36 | trajectory 75 of circuit 35 -- done
rank 47 | trajectory 45 of circuit 99 -- done
rank 29 | trajectory 15 of circuit 10 -- done
rank 22 | trajectory 79 of circuit 46 -- done
rank 44 | trajectory 92 of circuit 18 -- done
rank 30 | trajectory 16 of circuit 3 -- done
rank 17 | trajectory 72 of circuit 40 -- done
rank 14 | trajectory 7 of circuit 78 -- done
rank 39 | trajectory 31 of circuit 75 -- done
rank 43 | trajectory 67 of circuit 64 -- done
rank 5 | trajectory 81 of circuit 55 -- done
rank 7 | trajectory 25 of circuit 2 -- done
rank 40 | trajectory 41 of circuit 20 -- done
rank 40 | trajectory 44 of circuit 61 -- done
rank 45 | trajectory 55 of circuit 32 -- done
rank 33 | trajectory 18 of circuit 39 -- done
rank 33 | trajectory 34 of circuit 86 -- done
rank 12 | trajectory 91 of circuit 63 -- done
rank 46 | trajectory 95 of circuit 53 -- done
rank 39 | trajectory 12 of circuit 30 -- done
rank 24 | trajectory 43 of circuit 97 -- done
rank 24 | trajectory 8 of circuit 98 -- done
rank 32 | trajectory 51 of circuit 4 -- done
rank 28 | trajectory 26 of circuit 31 -- done
rank 17 | trajectory 57 of circuit 30 -- done
rank 32 | trajectory 70 of circuit 99 -- done
rank 31 | trajectory 74 of circuit 88 -- done
rank 39 | trajectory 2 of circuit 16 -- done
rank 15 | trajectory 52 of circuit 5 -- done
rank 39 | trajectory 36 of circuit 40 -- done
rank 36 | trajectory 69 of circuit 13 -- done
rank 4 | trajectory 13 of circuit 76 -- done
rank 42 | trajectory 20 of circuit 46 -- done
rank 11 | trajectory 94 of circuit 35 -- done
rank 39 | trajectory 65 of circuit 62 -- done
rank 31 | trajectory 24 of circuit 15 -- done
rank 22 | trajectory 32 of circuit 49 -- done
rank 8 | trajectory 44 of circuit 1 -- done
rank 8 | trajectory 18 of circuit 25 -- done
rank 11 | trajectory 52 of circuit 29 -- done
rank 1 | trajectory 24 of circuit 27 -- done
rank 36 | trajectory 18 of circuit 51 -- done
rank 31 | trajectory 46 of circuit 3 -- done
rank 10 | trajectory 57 of circuit 54 -- done
rank 20 | trajectory 40 of circuit 83 -- done
rank 5 | trajectory 75 of circuit 64 -- done
rank 36 | trajectory 4 of circuit 91 -- done
rank 5 | trajectory 83 of circuit 10 -- done
rank 15 | trajectory 60 of circuit 13 -- done
rank 38 | trajectory 18 of circuit 81 -- done
rank 26 | trajectory 46 of circuit 14 -- done
rank 2 | trajectory 71 of circuit 16 -- done
rank 43 | trajectory 18 of circuit 77 -- done
rank 15 | trajectory 38 of circuit 66 -- done
rank 0 | trajectory 94 of circuit 1 -- done
rank 23 | trajectory 67 of circuit 10 -- done
rank 18 | trajectory 76 of circuit 79 -- done
rank 39 | trajectory 18 of circuit 65 -- done
rank 3 | trajectory 25 of circuit 83 -- done
rank 10 | trajectory 59 of circuit 9 -- done
rank 3 | trajectory 91 of circuit 79 -- done
rank 8 | trajectory 45 of circuit 6 -- done
rank 11 | trajectory 17 of circuit 19 -- done
rank 9 | trajectory 92 of circuit 15 -- done
rank 3 | trajectory 65 of circuit 72 -- done
rank 12 | trajectory 83 of circuit 76 -- done
rank 6 | trajectory 85 of circuit 53 -- done
rank 7 | trajectory 82 of circuit 11 -- done
rank 10 | trajectory 35 of circuit 89 -- done
rank 14 | trajectory 84 of circuit 18 -- done
rank 29 | trajectory 10 of circuit 66 -- done
rank 27 | trajectory 35 of circuit 26 -- done
rank 27 | trajectory 69 of circuit 36 -- done
rank 43 | trajectory 91 of circuit 73 -- done
rank 39 | trajectory 94 of circuit 93 -- done
rank 2 | trajectory 82 of circuit 27 -- done
rank 44 | trajectory 64 of circuit 20 -- done
rank 40 | trajectory 18 of circuit 62 -- done
rank 30 | trajectory 5 of circuit 23 -- done
rank 43 | trajectory 76 of circuit 97 -- done
rank 38 | trajectory 27 of circuit 70 -- done
rank 47 | trajectory 26 of circuit 100 -- done
rank 9 | trajectory 46 of circuit 87 -- done
rank 25 | trajectory 82 of circuit 28 -- done
rank 19 | trajectory 14 of circuit 45 -- done
rank 36 | trajectory 57 of circuit 91 -- done
rank 18 | trajectory 68 of circuit 60 -- done
rank 3 | trajectory 39 of circuit 50 -- done
rank 34 | trajectory 56 of circuit 20 -- done
rank 22 | trajectory 47 of circuit 33 -- done
rank 4 | trajectory 17 of circuit 65 -- done
rank 47 | trajectory 21 of circuit 43 -- done
rank 7 | trajectory 59 of circuit 88 -- done
rank 17 | trajectory 8 of circuit 28 -- done
rank 34 | trajectory 2 of circuit 65 -- done
rank 43 | trajectory 95 of circuit 36 -- done
rank 28 | trajectory 12 of circuit 83 -- done
rank 40 | trajectory 13 of circuit 11 -- done
rank 45 | trajectory 16 of circuit 11 -- done
rank 40 | trajectory 96 of circuit 13 -- done
rank 0 | trajectory 66 of circuit 6 -- done
rank 9 | trajectory 72 of circuit 9 -- done
rank 26 | trajectory 36 of circuit 4 -- done
rank 14 | trajectory 29 of circuit 26 -- done
rank 48 | trajectory 66 of circuit 9 -- done
rank 48 | trajectory 92 of circuit 60 -- done
rank 45 | trajectory 46 of circuit 44 -- done
rank 12 | trajectory 48 of circuit 13 -- done
rank 34 | trajectory 30 of circuit 10 -- done
rank 47 | trajectory 95 of circuit 27 -- done
rank 40 | trajectory 79 of circuit 31 -- done
rank 20 | trajectory 70 of circuit 77 -- done
rank 9 | trajectory 80 of circuit 45 -- done
rank 23 | trajectory 87 of circuit 15 -- done
rank 12 | trajectory 44 of circuit 87 -- done
rank 34 | trajectory 3 of circuit 98 -- done
rank 33 | trajectory 91 of circuit 82 -- done
rank 10 | trajectory 24 of circuit 58 -- done
rank 14 | trajectory 60 of circuit 25 -- done
rank 21 | trajectory 17 of circuit 10 -- done
rank 3 | trajectory 39 of circuit 59 -- done
rank 9 | trajectory 82 of circuit 77 -- done
rank 11 | trajectory 63 of circuit 30 -- done
rank 9 | trajectory 57 of circuit 24 -- done
rank 28 | trajectory 24 of circuit 68 -- done
rank 6 | trajectory 85 of circuit 27 -- done
rank 28 | trajectory 79 of circuit 75 -- done
rank 49 | trajectory 35 of circuit 61 -- done
rank 48 | trajectory 52 of circuit 18 -- done
rank 8 | trajectory 84 of circuit 44 -- done
rank 32 | trajectory 16 of circuit 89 -- done
rank 19 | trajectory 13 of circuit 26 -- done
rank 13 | trajectory 13 of circuit 16 -- done
rank 39 | trajectory 69 of circuit 2 -- done
rank 46 | trajectory 32 of circuit 55 -- done
rank 7 | trajectory 21 of circuit 13 -- done
rank 21 | trajectory 96 of circuit 15 -- done
rank 6 | trajectory 2 of circuit 80 -- done
rank 2 | trajectory 6 of circuit 48 -- done
rank 22 | trajectory 53 of circuit 62 -- done
rank 7 | trajectory 85 of circuit 82 -- done
rank 14 | trajectory 1 of circuit 10 -- done
rank 40 | trajectory 36 of circuit 30 -- done
rank 24 | trajectory 59 of circuit 4 -- done
rank 41 | trajectory 25 of circuit 6 -- done
rank 4 | trajectory 13 of circuit 89 -- done
rank 3 | trajectory 68 of circuit 39 -- done
rank 8 | trajectory 42 of circuit 87 -- done
rank 22 | trajectory 36 of circuit 49 -- done
rank 40 | trajectory 29 of circuit 63 -- done
rank 47 | trajectory 9 of circuit 55 -- done
rank 46 | trajectory 73 of circuit 13 -- done
rank 19 | trajectory 93 of circuit 3 -- done
rank 0 | trajectory 52 of circuit 61 -- done
rank 42 | trajectory 54 of circuit 48 -- done
rank 41 | trajectory 9 of circuit 62 -- done
rank 45 | trajectory 38 of circuit 80 -- done
rank 24 | trajectory 40 of circuit 35 -- done
rank 13 | trajectory 58 of circuit 71 -- done
rank 35 | trajectory 56 of circuit 62 -- done
rank 8 | trajectory 88 of circuit 39 -- done
rank 33 | trajectory 50 of circuit 53 -- done
rank 24 | trajectory 2 of circuit 12 -- done
rank 14 | trajectory 95 of circuit 56 -- done
rank 19 | trajectory 89 of circuit 51 -- done
rank 43 | trajectory 79 of circuit 61 -- done
rank 1 | trajectory 31 of circuit 35 -- done
rank 26 | trajectory 9 of circuit 69 -- done
rank 48 | trajectory 6 of circuit 17 -- done
rank 17 | trajectory 65 of circuit 43 -- done
rank 3 | trajectory 87 of circuit 45 -- done
rank 24 | trajectory 32 of circuit 12 -- done
rank 25 | trajectory 55 of circuit 23 -- done
rank 8 | trajectory 26 of circuit 76 -- done
rank 47 | trajectory 28 of circuit 35 -- done
rank 17 | trajectory 41 of circuit 37 -- done
rank 2 | trajectory 10 of circuit 72 -- done
rank 8 | trajectory 46 of circuit 51 -- done
rank 36 | trajectory 85 of circuit 70 -- done
rank 0 | trajectory 84 of circuit 91 -- done
rank 23 | trajectory 18 of circuit 80 -- done
rank 5 | trajectory 32 of circuit 85 -- done
rank 48 | trajectory 16 of circuit 98 -- done
rank 49 | trajectory 70 of circuit 45 -- done
rank 3 | trajectory 82 of circuit 55 -- done
rank 19 | trajectory 41 of circuit 55 -- done
rank 3 | trajectory 33 of circuit 38 -- done
rank 47 | trajectory 84 of circuit 95 -- done
rank 36 | trajectory 94 of circuit 40 -- done
rank 3 | trajectory 31 of circuit 58 -- done
rank 39 | trajectory 83 of circuit 39 -- done
rank 23 | trajectory 39 of circuit 98 -- done
rank 20 | trajectory 18 of circuit 34 -- done
rank 41 | trajectory 67 of circuit 1 -- done
rank 8 | trajectory 47 of circuit 18 -- done
rank 33 | trajectory 10 of circuit 15 -- done
rank 11 | trajectory 51 of circuit 5 -- done
rank 18 | trajectory 7 of circuit 63 -- done
rank 27 | trajectory 21 of circuit 21 -- done
rank 30 | trajectory 44 of circuit 8 -- done
rank 37 | trajectory 73 of circuit 28 -- done
rank 19 | trajectory 66 of circuit 99 -- done
rank 4 | trajectory 94 of circuit 46 -- done
rank 27 | trajectory 6 of circuit 12 -- done
rank 36 | trajectory 41 of circuit 52 -- done
rank 36 | trajectory 42 of circuit 63 -- done
rank 20 | trajectory 48 of circuit 29 -- done
rank 27 | trajectory 72 of circuit 56 -- done
rank 3 | trajectory 45 of circuit 83 -- done
rank 35 | trajectory 61 of circuit 57 -- done
rank 19 | trajectory 25 of circuit 9 -- done
rank 33 | trajectory 78 of circuit 7 -- done
rank 49 | trajectory 69 of circuit 51 -- done
rank 11 | trajectory 9 of circuit 24 -- done
rank 33 | trajectory 67 of circuit 73 -- done
rank 2 | trajectory 35 of circuit 69 -- done
rank 19 | trajectory 23 of circuit 46 -- done
rank 29 | trajectory 16 of circuit 32 -- done
rank 22 | trajectory 69 of circuit 16 -- done
rank 42 | trajectory 52 of circuit 81 -- done
rank 19 | trajectory 65 of circuit 39 -- done
rank 28 | trajectory 38 of circuit 28 -- done
rank 17 | trajectory 7 of circuit 69 -- done
rank 38 | trajectory 48 of circuit 26 -- done
rank 32 | trajectory 77 of circuit 80 -- done
rank 27 | trajectory 35 of circuit 38 -- done
rank 32 | trajectory 1 of circuit 84 -- done
rank 47 | trajectory 33 of circuit 64 -- done
rank 22 | trajectory 27 of circuit 59 -- done
rank 46 | trajectory 51 of circuit 56 -- done
rank 40 | trajectory 75 of circuit 73 -- done
rank 32 | trajectory 74 of circuit 5 -- done
rank 13 | trajectory 34 of circuit 36 -- done
rank 34 | trajectory 24 of circuit 49 -- done
rank 4 | trajectory 2 of circuit 37 -- done
rank 41 | trajectory 54 of circuit 4 -- done
rank 42 | trajectory 92 of circuit 61 -- done
rank 6 | trajectory 50 of circuit 26 -- done
rank 3 | trajectory 12 of circuit 26 -- done
rank 43 | trajectory 53 of circuit 31 -- done
rank 26 | trajectory 15 of circuit 80 -- done
rank 30 | trajectory 86 of circuit 29 -- done
rank 44 | trajectory 41 of circuit 90 -- done
rank 29 | trajectory 45 of circuit 30 -- done
rank 5 | trajectory 58 of circuit 40 -- done
rank 4 | trajectory 60 of circuit 50 -- done
rank 11 | trajectory 2 of circuit 34 -- done
rank 12 | trajectory 85 of circuit 38 -- done
rank 1 | trajectory 25 of circuit 50 -- done
rank 0 | trajectory 80 of circuit 2 -- done
rank 30 | trajectory 3 of circuit 38 -- done
rank 24 | trajectory 93 of circuit 2 -- done
rank 3 | trajectory 56 of circuit 74 -- done
rank 33 | trajectory 93 of circuit 59 -- done
rank 27 | trajectory 34 of circuit 3 -- done
rank 37 | trajectory 50 of circuit 6 -- done
rank 14 | trajectory 80 of circuit 3 -- done
rank 48 | trajectory 78 of circuit 34 -- done
rank 25 | trajectory 51 of circuit 31 -- done
rank 9 | trajectory 69 of circuit 37 -- done
rank 18 | trajectory 49 of circuit 20 -- done
rank 31 | trajectory 1 of circuit 86 -- done
rank 34 | trajectory 88 of circuit 53 -- done
rank 36 | trajectory 77 of circuit 46 -- done
rank 25 | trajectory 77 of circuit 16 -- done
rank 30 | trajectory 43 of circuit 53 -- done
rank 25 | trajectory 41 of circuit 25 -- done
rank 28 | trajectory 40 of circuit 18 -- done
rank 15 | trajectory 26 of circuit 38 -- done
rank 24 | trajectory 16 of circuit 47 -- done
rank 20 | trajectory 77 of circuit 22 -- done
rank 27 | trajectory 3 of circuit 57 -- done
rank 47 | trajectory 65 of circuit 76 -- done
rank 29 | trajectory 60 of circuit 34 -- done
rank 29 | trajectory 27 of circuit 97 -- done
rank 4 | trajectory 18 of circuit 94 -- done
rank 34 | trajectory 71 of circuit 7 -- done
rank 23 | trajectory 45 of circuit 38 -- done
rank 20 | trajectory 51 of circuit 24 -- done
rank 40 | trajectory 88 of circuit 23 -- done
rank 0 | trajectory 6 of circuit 37 -- done
rank 10 | trajectory 93 of circuit 32 -- done
rank 48 | trajectory 88 of circuit 34 -- done
rank 2 | trajectory 74 of circuit 63 -- done
rank 18 | trajectory 79 of circuit 83 -- done
rank 20 | trajectory 96 of circuit 95 -- done
rank 28 | trajectory 21 of circuit 32 -- done
rank 22 | trajectory 33 of circuit 30 -- done
rank 9 | trajectory 70 of circuit 41 -- done
rank 26 | trajectory 14 of circuit 46 -- done
rank 17 | trajectory 24 of circuit 50 -- done
rank 33 | trajectory 76 of circuit 63 -- done
rank 2 | trajectory 94 of circuit 74 -- done
rank 23 | trajectory 16 of circuit 8 -- done
rank 18 | trajectory 31 of circuit 22 -- done
rank 3 | trajectory 48 of circuit 36 -- done
rank 6 | trajectory 9 of circuit 61 -- done
rank 38 | trajectory 13 of circuit 83 -- done
rank 7 | trajectory 73 of circuit 81 -- done
rank 15 | trajectory 16 of circuit 14 -- done
rank 0 | trajectory 48 of circuit 40 -- done
rank 32 | trajectory 41 of circuit 13 -- done
rank 26 | trajectory 49 of circuit 28 -- done
rank 28 | trajectory 51 of circuit 92 -- done
rank 10 | trajectory 76 of circuit 18 -- done
rank 1 | trajectory 9 of circuit 43 -- done
rank 40 | trajectory 17 of circuit 23 -- done
rank 23 | trajectory 31 of circuit 81 -- done
rank 40 | trajectory 42 of circuit 57 -- done
rank 28 | trajectory 12 of circuit 85 -- done
rank 11 | trajectory 62 of circuit 18 -- done
rank 46 | trajectory 27 of circuit 60 -- done
rank 46 | trajectory 70 of circuit 88 -- done
rank 27 | trajectory 19 of circuit 22 -- done
rank 19 | trajectory 38 of circuit 93 -- done
rank 42 | trajectory 24 of circuit 81 -- done
rank 27 | trajectory 46 of circuit 94 -- done
rank 18 | trajectory 63 of circuit 54 -- done
rank 14 | trajectory 69 of circuit 50 -- done
rank 46 | trajectory 33 of circuit 88 -- done
rank 9 | trajectory 45 of circuit 7 -- done
rank 27 | trajectory 26 of circuit 40 -- done
rank 3 | trajectory 54 of circuit 88 -- done
rank 12 | trajectory 72 of circuit 81 -- done
rank 45 | trajectory 19 of circuit 28 -- done
rank 19 | trajectory 70 of circuit 60 -- done
rank 47 | trajectory 5 of circuit 94 -- done
rank 9 | trajectory 38 of circuit 3 -- done
rank 32 | trajectory 54 of circuit 54 -- done
rank 41 | trajectory 57 of circuit 33 -- done
rank 4 | trajectory 24 of circuit 7 -- done
rank 39 | trajectory 90 of circuit 85 -- done
rank 9 | trajectory 40 of circuit 87 -- done
rank 3 | trajectory 71 of circuit 51 -- done
rank 30 | trajectory 72 of circuit 72 -- done
rank 40 | trajectory 21 of circuit 14 -- done
rank 23 | trajectory 65 of circuit 83 -- done
rank 29 | trajectory 84 of circuit 11 -- done
rank 21 | trajectory 32 of circuit 61 -- done
rank 9 | trajectory 90 of circuit 34 -- done
rank 14 | trajectory 81 of circuit 34 -- done
rank 45 | trajectory 73 of circuit 46 -- done
rank 26 | trajectory 56 of circuit 73 -- done
rank 44 | trajectory 37 of circuit 61 -- done
rank 34 | trajectory 12 of circuit 55 -- done
rank 22 | trajectory 44 of circuit 32 -- done
rank 34 | trajectory 37 of circuit 23 -- done
rank 34 | trajectory 81 of circuit 32 -- done
rank 14 | trajectory 10 of circuit 27 -- done
rank 7 | trajectory 71 of circuit 36 -- done
rank 16 | trajectory 70 of circuit 78 -- done
rank 25 | trajectory 94 of circuit 64 -- done
rank 15 | trajectory 39 of circuit 60 -- done
rank 23 | trajectory 1 of circuit 30 -- done
rank 1 | trajectory 7 of circuit 17 -- done
rank 9 | trajectory 19 of circuit 98 -- done
rank 33 | trajectory 21 of circuit 7 -- done
rank 29 | trajectory 5 of circuit 54 -- done
rank 39 | trajectory 13 of circuit 54 -- done
rank 22 | trajectory 78 of circuit 67 -- done
rank 16 | trajectory 41 of circuit 100 -- done
rank 26 | trajectory 36 of circuit 86 -- done
rank 2 | trajectory 20 of circuit 45 -- done
rank 14 | trajectory 5 of circuit 79 -- done
rank 13 | trajectory 62 of circuit 91 -- done
rank 48 | trajectory 51 of circuit 66 -- done
rank 38 | trajectory 37 of circuit 90 -- done
rank 28 | trajectory 22 of circuit 99 -- done
rank 12 | trajectory 46 of circuit 56 -- done
rank 31 | trajectory 72 of circuit 2 -- done
rank 12 | trajectory 10 of circuit 42 -- done
rank 18 | trajectory 4 of circuit 51 -- done
rank 11 | trajectory 45 of circuit 33 -- done
rank 22 | trajectory 68 of circuit 80 -- done
rank 48 | trajectory 56 of circuit 86 -- done
rank 4 | trajectory 11 of circuit 15 -- done
rank 27 | trajectory 3 of circuit 21 -- done
rank 28 | trajectory 7 of circuit 68 -- done
rank 30 | trajectory 46 of circuit 7 -- done
rank 27 | trajectory 7 of circuit 54 -- done
rank 41 | trajectory 27 of circuit 11 -- done
rank 45 | trajectory 64 of circuit 25 -- done
rank 15 | trajectory 76 of circuit 16 -- done
rank 14 | trajectory 61 of circuit 27 -- done
rank 4 | trajectory 4 of circuit 5 -- done
rank 27 | trajectory 78 of circuit 8 -- done
rank 39 | trajectory 91 of circuit 38 -- done
rank 24 | trajectory 76 of circuit 86 -- done
rank 6 | trajectory 1 of circuit 95 -- done
rank 1 | trajectory 76 of circuit 82 -- done
rank 40 | trajectory 9 of circuit 11 -- done
rank 27 | trajectory 36 of circuit 20 -- done
rank 9 | trajectory 35 of circuit 40 -- done
rank 4 | trajectory 46 of circuit 70 -- done
rank 43 | trajectory 25 of circuit 17 -- done
rank 3 | trajectory 36 of circuit 21 -- done
rank 34 | trajectory 43 of circuit 96 -- done
rank 13 | trajectory 13 of circuit 10 -- done
rank 28 | trajectory 5 of circuit 69 -- done
rank 13 | trajectory 65 of circuit 84 -- done
rank 20 | trajectory 39 of circuit 18 -- done
rank 10 | trajectory 73 of circuit 29 -- done
rank 29 | trajectory 5 of circuit 1 -- done
rank 38 | trajectory 67 of circuit 32 -- done
rank 46 | trajectory 68 of circuit 83 -- done
rank 40 | trajectory 23 of circuit 80 -- done
rank 36 | trajectory 82 of circuit 62 -- done
rank 9 | trajectory 12 of circuit 44 -- done
rank 27 | trajectory 76 of circuit 59 -- done
rank 45 | trajectory 81 of circuit 20 -- done
rank 46 | trajectory 14 of circuit 37 -- done
rank 41 | trajectory 8 of circuit 50 -- done
rank 32 | trajectory 76 of circuit 88 -- done
rank 35 | trajectory 15 of circuit 26 -- done
rank 30 | trajectory 55 of circuit 60 -- done
rank 7 | trajectory 17 of circuit 84 -- done
rank 45 | trajectory 2 of circuit 4 -- done
rank 25 | trajectory 50 of circuit 41 -- done
rank 3 | trajectory 84 of circuit 1 -- done
rank 0 | trajectory 76 of circuit 51 -- done
rank 33 | trajectory 47 of circuit 4 -- done
rank 38 | trajectory 26 of circuit 8 -- done
rank 7 | trajectory 22 of circuit 69 -- done
rank 3 | trajectory 13 of circuit 3 -- done
rank 29 | trajectory 53 of circuit 35 -- done
rank 20 | trajectory 58 of circuit 32 -- done
rank 17 | trajectory 11 of circuit 2 -- done
rank 31 | trajectory 80 of circuit 54 -- done
rank 35 | trajectory 27 of circuit 47 -- done
rank 18 | trajectory 50 of circuit 70 -- done
rank 46 | trajectory 31 of circuit 70 -- done
rank 27 | trajectory 69 of circuit 31 -- done
rank 27 | trajectory 8 of circuit 65 -- done
rank 36 | trajectory 9 of circuit 29 -- done
rank 33 | trajectory 42 of circuit 76 -- done
rank 25 | trajectory 54 of circuit 38 -- done
rank 36 | trajectory 88 of circuit 47 -- done
rank 10 | trajectory 77 of circuit 34 -- done
rank 4 | trajectory 63 of circuit 37 -- done
rank 27 | trajectory 31 of circuit 78 -- done
rank 3 | trajectory 69 of circuit 91 -- done
rank 45 | trajectory 32 of circuit 44 -- done
rank 35 | trajectory 31 of circuit 31 -- done
rank 32 | trajectory 67 of circuit 89 -- done
rank 18 | trajectory 66 of circuit 63 -- done
rank 25 | trajectory 9 of circuit 72 -- done
rank 15 | trajectory 53 of circuit 16 -- done
rank 0 | trajectory 58 of circuit 68 -- done
rank 46 | trajectory 43 of circuit 39 -- done
rank 34 | trajectory 78 of circuit 97 -- done
rank 3 | trajectory 22 of circuit 6 -- done
rank 18 | trajectory 85 of circuit 84 -- done
rank 37 | trajectory 86 of circuit 7 -- done
rank 43 | trajectory 62 of circuit 25 -- done
rank 38 | trajectory 21 of circuit 37 -- done
rank 36 | trajectory 26 of circuit 59 -- done
rank 36 | trajectory 52 of circuit 70 -- done
rank 7 | trajectory 88 of circuit 28 -- done
rank 3 | trajectory 45 of circuit 19 -- done
rank 39 | trajectory 38 of circuit 58 -- done
rank 48 | trajectory 75 of circuit 82 -- done
rank 18 | trajectory 93 of circuit 95 -- done
rank 24 | trajectory 90 of circuit 35 -- done
rank 18 | trajectory 23 of circuit 43 -- done
rank 23 | trajectory 74 of circuit 29 -- done
rank 42 | trajectory 89 of circuit 25 -- done
rank 4 | trajectory 37 of circuit 38 -- done
rank 11 | trajectory 37 of circuit 31 -- done
rank 20 | trajectory 55 of circuit 92 -- done
rank 48 | trajectory 66 of circuit 87 -- done
rank 2 | trajectory 73 of circuit 60 -- done
rank 5 | trajectory 42 of circuit 42 -- done
rank 32 | trajectory 94 of circuit 66 -- done
rank 4 | trajectory 86 of circuit 84 -- done
rank 31 | trajectory 56 of circuit 22 -- done
rank 28 | trajectory 17 of circuit 76 -- done
rank 40 | trajectory 80 of circuit 59 -- done
rank 35 | trajectory 19 of circuit 96 -- done
rank 31 | trajectory 96 of circuit 65 -- done
rank 38 | trajectory 33 of circuit 66 -- done
rank 23 | trajectory 22 of circuit 65 -- done
rank 43 | trajectory 2 of circuit 7 -- done
rank 43 | trajectory 7 of circuit 91 -- done
rank 46 | trajectory 70 of circuit 49 -- done
rank 44 | trajectory 24 of circuit 16 -- done
rank 29 | trajectory 96 of circuit 10 -- done
rank 8 | trajectory 66 of circuit 86 -- done
rank 49 | trajectory 96 of circuit 53 -- done
rank 15 | trajectory 18 of circuit 70 -- done
rank 27 | trajectory 23 of circuit 72 -- done
rank 11 | trajectory 67 of circuit 47 -- done
rank 27 | trajectory 96 of circuit 51 -- done
rank 21 | trajectory 33 of circuit 24 -- done
rank 40 | trajectory 89 of circuit 5 -- done
rank 46 | trajectory 11 of circuit 25 -- done
rank 25 | trajectory 41 of circuit 10 -- done
rank 47 | trajectory 71 of circuit 57 -- done
rank 15 | trajectory 56 of circuit 44 -- done
rank 42 | trajectory 11 of circuit 93 -- done
rank 46 | trajectory 63 of circuit 42 -- done
rank 31 | trajectory 69 of circuit 98 -- done
rank 20 | trajectory 7 of circuit 65 -- done
rank 15 | trajectory 20 of circuit 36 -- done
rank 48 | trajectory 4 of circuit 67 -- done
rank 25 | trajectory 18 of circuit 37 -- done
rank 36 | trajectory 95 of circuit 31 -- done
rank 7 | trajectory 68 of circuit 11 -- done
rank 29 | trajectory 55 of circuit 53 -- done
rank 43 | trajectory 11 of circuit 34 -- done
rank 40 | trajectory 79 of circuit 23 -- done
rank 31 | trajectory 43 of circuit 27 -- done
rank 18 | trajectory 79 of circuit 35 -- done
rank 17 | trajectory 44 of circuit 79 -- done
rank 16 | trajectory 51 of circuit 43 -- done
rank 5 | trajectory 3 of circuit 5 -- done
rank 0 | trajectory 77 of circuit 85 -- done
rank 28 | trajectory 1 of circuit 14 -- done
rank 11 | trajectory 82 of circuit 29 -- done
rank 41 | trajectory 53 of circuit 29 -- done
rank 9 | trajectory 20 of circuit 72 -- done
rank 5 | trajectory 10 of circuit 7 -- done
rank 49 | trajectory 79 of circuit 98 -- done
rank 19 | trajectory 94 of circuit 26 -- done
rank 36 | trajectory 35 of circuit 32 -- done
rank 30 | trajectory 1 of circuit 94 -- done
rank 8 | trajectory 51 of circuit 81 -- done
rank 33 | trajectory 3 of circuit 68 -- done
rank 0 | trajectory 41 of circuit 35 -- done
rank 28 | trajectory 50 of circuit 9 -- done
rank 23 | trajectory 23 of circuit 75 -- done
rank 41 | trajectory 82 of circuit 51 -- done
rank 23 | trajectory 46 of circuit 6 -- done
rank 6 | trajectory 89 of circuit 39 -- done
rank 23 | trajectory 92 of circuit 76 -- done
rank 11 | trajectory 70 of circuit 72 -- done
rank 5 | trajectory 80 of circuit 44 -- done
rank 27 | trajectory 61 of circuit 67 -- done
rank 25 | trajectory 36 of circuit 100 -- done
rank 1 | trajectory 39 of circuit 5 -- done
rank 41 | trajectory 46 of circuit 21 -- done
rank 21 | trajectory 31 of circuit 27 -- done
rank 14 | trajectory 68 of circuit 84 -- done
rank 28 | trajectory 46 of circuit 98 -- done
rank 34 | trajectory 41 of circuit 1 -- done
rank 40 | trajectory 17 of circuit 9 -- done
rank 26 | trajectory 45 of circuit 54 -- done
rank 11 | trajectory 73 of circuit 9 -- done
rank 25 | trajectory 74 of circuit 33 -- done
rank 30 | trajectory 6 of circuit 63 -- done
rank 23 | trajectory 25 of circuit 35 -- done
rank 13 | trajectory 1 of circuit 66 -- done
rank 26 | trajectory 63 of circuit 29 -- done
rank 3 | trajectory 43 of circuit 38 -- done
rank 30 | trajectory 45 of circuit 73 -- done
rank 30 | trajectory 82 of circuit 34 -- done
rank 32 | trajectory 21 of circuit 92 -- done
rank 23 | trajectory 71 of circuit 11 -- done
rank 8 | trajectory 10 of circuit 78 -- done
rank 20 | trajectory 92 of circuit 55 -- done
rank 11 | trajectory 90 of circuit 94 -- done
rank 14 | trajectory 24 of circuit 22 -- done
rank 39 | trajectory 32 of circuit 24 -- done
rank 6 | trajectory 32 of circuit 14 -- done
rank 42 | trajectory 9 of circuit 15 -- done
rank 30 | trajectory 42 of circuit 2 -- done
rank 45 | trajectory 13 of circuit 88 -- done
rank 43 | trajectory 2 of circuit 83 -- done
rank 21 | trajectory 12 of circuit 4 -- done
rank 43 | trajectory 55 of circuit 18 -- done
rank 43 | trajectory 48 of circuit 39 -- done
rank 34 | trajectory 17 of circuit 48 -- done
rank 49 | trajectory 56 of circuit 100 -- done
rank 10 | trajectory 5 of circuit 27 -- done
rank 3 | trajectory 43 of circuit 36 -- done
rank 5 | trajectory 71 of circuit 43 -- done
rank 8 | trajectory 72 of circuit 35 -- done
rank 25 | trajectory 76 of circuit 13 -- done
rank 36 | trajectory 83 of circuit 31 -- done
rank 49 | trajectory 9 of circuit 90 -- done
rank 30 | trajectory 67 of circuit 23 -- done
rank 41 | trajectory 35 of circuit 23 -- done
rank 43 | trajectory 30 of circuit 73 -- done
rank 43 | trajectory 33 of circuit 7 -- done
rank 30 | trajectory 64 of circuit 21 -- done
rank 45 | trajectory 52 of circuit 97 -- done
rank 48 | trajectory 56 of circuit 82 -- done
rank 35 | trajectory 85 of circuit 40 -- done
rank 38 | trajectory 62 of circuit 16 -- done
rank 32 | trajectory 92 of circuit 69 -- done
rank 35 | trajectory 47 of circuit 40 -- done
rank 24 | trajectory 78 of circuit 44 -- done
rank 12 | trajectory 92 of circuit 49 -- done
rank 8 | trajectory 56 of circuit 45 -- done
rank 29 | trajectory 80 of circuit 23 -- done
rank 34 | trajectory 69 of circuit 20 -- done
rank 40 | trajectory 14 of circuit 7 -- done
rank 12 | trajectory 95 of circuit 88 -- done
rank 26 | trajectory 86 of circuit 4 -- done
rank 12 | trajectory 20 of circuit 56 -- done
rank 7 | trajectory 16 of circuit 41 -- done
rank 38 | trajectory 44 of circuit 35 -- done
rank 14 | trajectory 75 of circuit 34 -- done
rank 3 | trajectory 29 of circuit 32 -- done
rank 24 | trajectory 35 of circuit 30 -- done
rank 42 | trajectory 6 of circuit 85 -- done
rank 5 | trajectory 36 of circuit 71 -- done
rank 26 | trajectory 4 of circuit 38 -- done
rank 25 | trajectory 36 of circuit 10 -- done
rank 29 | trajectory 7 of circuit 41 -- done
rank 31 | trajectory 88 of circuit 75 -- done
rank 19 | trajectory 20 of circuit 86 -- done
rank 43 | trajectory 96 of circuit 80 -- done
rank 33 | trajectory 22 of circuit 56 -- done
rank 40 | trajectory 22 of circuit 59 -- done
rank 30 | trajectory 28 of circuit 13 -- done
rank 12 | trajectory 7 of circuit 82 -- done
rank 16 | trajectory 8 of circuit 5 -- done
rank 5 | trajectory 30 of circuit 90 -- done
rank 18 | trajectory 44 of circuit 49 -- done
rank 29 | trajectory 9 of circuit 76 -- done
rank 39 | trajectory 76 of circuit 52 -- done
rank 24 | trajectory 45 of circuit 52 -- done
rank 35 | trajectory 83 of circuit 43 -- done
rank 2 | trajectory 80 of circuit 49 -- done
rank 39 | trajectory 82 of circuit 49 -- done
rank 3 | trajectory 93 of circuit 39 -- done
rank 44 | trajectory 78 of circuit 30 -- done
rank 7 | trajectory 48 of circuit 70 -- done
rank 0 | trajectory 12 of circuit 21 -- done
rank 47 | trajectory 79 of circuit 78 -- done
rank 21 | trajectory 57 of circuit 34 -- done
rank 2 | trajectory 59 of circuit 22 -- done
rank 9 | trajectory 50 of circuit 72 -- done
rank 42 | trajectory 19 of circuit 19 -- done
rank 36 | trajectory 33 of circuit 20 -- done
rank 8 | trajectory 60 of circuit 12 -- done
rank 29 | trajectory 71 of circuit 58 -- done
rank 28 | trajectory 28 of circuit 89 -- done
rank 41 | trajectory 7 of circuit 11 -- done
rank 15 | trajectory 7 of circuit 57 -- done
rank 33 | trajectory 24 of circuit 82 -- done
rank 13 | trajectory 86 of circuit 43 -- done
rank 4 | trajectory 26 of circuit 73 -- done
rank 25 | trajectory 49 of circuit 9 -- done
rank 3 | trajectory 2 of circuit 6 -- done
rank 28 | trajectory 14 of circuit 47 -- done
rank 19 | trajectory 67 of circuit 98 -- done
rank 33 | trajectory 83 of circuit 20 -- done
rank 14 | trajectory 63 of circuit 72 -- done
rank 5 | trajectory 73 of circuit 19 -- done
rank 39 | trajectory 95 of circuit 99 -- done
rank 22 | trajectory 64 of circuit 13 -- done
rank 18 | trajectory 18 of circuit 15 -- done
rank 33 | trajectory 39 of circuit 37 -- done
rank 16 | trajectory 28 of circuit 84 -- done
rank 9 | trajectory 96 of circuit 2 -- done
rank 48 | trajectory 12 of circuit 7 -- done
rank 3 | trajectory 23 of circuit 68 -- done
rank 12 | trajectory 30 of circuit 98 -- done
rank 22 | trajectory 52 of circuit 48 -- done
rank 9 | trajectory 31 of circuit 11 -- done
rank 41 | trajectory 3 of circuit 48 -- done
rank 18 | trajectory 51 of circuit 55 -- done
rank 3 | trajectory 2 of circuit 45 -- done
rank 38 | trajectory 31 of circuit 29 -- done
rank 26 | trajectory 94 of circuit 45 -- done
rank 22 | trajectory 69 of circuit 1 -- done
rank 44 | trajectory 91 of circuit 36 -- done
rank 48 | trajectory 68 of circuit 53 -- done
rank 39 | trajectory 5 of circuit 20 -- done
rank 36 | trajectory 82 of circuit 24 -- done
rank 33 | trajectory 50 of circuit 33 -- done
rank 28 | trajectory 94 of circuit 73 -- done
rank 20 | trajectory 69 of circuit 47 -- done
rank 24 | trajectory 70 of circuit 4 -- done
rank 20 | trajectory 11 of circuit 42 -- done
rank 9 | trajectory 78 of circuit 22 -- done
rank 33 | trajectory 71 of circuit 60 -- done
rank 0 | trajectory 49 of circuit 56 -- done
rank 18 | trajectory 29 of circuit 91 -- done
rank 10 | trajectory 90 of circuit 84 -- done
rank 43 | trajectory 81 of circuit 35 -- done
rank 10 | trajectory 66 of circuit 11 -- done
rank 2 | trajectory 18 of circuit 31 -- done
rank 3 | trajectory 67 of circuit 11 -- done
rank 27 | trajectory 73 of circuit 36 -- done
rank 21 | trajectory 57 of circuit 7 -- done
rank 38 | trajectory 50 of circuit 71 -- done
rank 47 | trajectory 75 of circuit 63 -- done
rank 26 | trajectory 29 of circuit 22 -- done
rank 30 | trajectory 50 of circuit 20 -- done
rank 35 | trajectory 64 of circuit 61 -- done
rank 41 | trajectory 45 of circuit 21 -- done
rank 22 | trajectory 59 of circuit 6 -- done
rank 0 | trajectory 85 of circuit 88 -- done
rank 0 | trajectory 27 of circuit 33 -- done
rank 29 | trajectory 94 of circuit 9 -- done
rank 18 | trajectory 90 of circuit 91 -- done
rank 34 | trajectory 78 of circuit 23 -- done
rank 13 | trajectory 33 of circuit 1 -- done
rank 36 | trajectory 33 of circuit 51 -- done
rank 2 | trajectory 71 of circuit 31 -- done
rank 16 | trajectory 78 of circuit 54 -- done
rank 24 | trajectory 32 of circuit 3 -- done
rank 12 | trajectory 6 of circuit 27 -- done
rank 43 | trajectory 4 of circuit 49 -- done
rank 32 | trajectory 76 of circuit 20 -- done
rank 8 | trajectory 93 of circuit 36 -- done
rank 27 | trajectory 81 of circuit 31 -- done
rank 15 | trajectory 92 of circuit 37 -- done
rank 49 | trajectory 82 of circuit 22 -- done
rank 47 | trajectory 11 of circuit 24 -- done
rank 33 | trajectory 51 of circuit 51 -- done
rank 12 | trajectory 66 of circuit 82 -- done
rank 35 | trajectory 24 of circuit 73 -- done
rank 7 | trajectory 93 of circuit 21 -- done
rank 47 | trajectory 32 of circuit 20 -- done
rank 5 | trajectory 68 of circuit 89 -- done
rank 20 | trajectory 36 of circuit 52 -- done
rank 44 | trajectory 2 of circuit 22 -- done
rank 48 | trajectory 30 of circuit 28 -- done
rank 35 | trajectory 5 of circuit 4 -- done
rank 45 | trajectory 42 of circuit 43 -- done
rank 33 | trajectory 67 of circuit 7 -- done
rank 13 | trajectory 53 of circuit 34 -- done
rank 32 | trajectory 50 of circuit 78 -- done
rank 36 | trajectory 71 of circuit 34 -- done
rank 9 | trajectory 46 of circuit 35 -- done
rank 48 | trajectory 89 of circuit 95 -- done
rank 7 | trajectory 45 of circuit 23 -- done
rank 27 | trajectory 22 of circuit 28 -- done
rank 36 | trajectory 48 of circuit 3 -- done
rank 42 | trajectory 85 of circuit 68 -- done
rank 38 | trajectory 24 of circuit 40 -- done
rank 28 | trajectory 25 of circuit 8 -- done
rank 6 | trajectory 66 of circuit 27 -- done
rank 43 | trajectory 40 of circuit 21 -- done
rank 23 | trajectory 75 of circuit 60 -- done
rank 47 | trajectory 20 of circuit 38 -- done
rank 33 | trajectory 22 of circuit 71 -- done
rank 40 | trajectory 82 of circuit 74 -- done
rank 25 | trajectory 62 of circuit 56 -- done
rank 9 | trajectory 13 of circuit 42 -- done
rank 25 | trajectory 87 of circuit 16 -- done
rank 25 | trajectory 47 of circuit 76 -- done
rank 25 | trajectory 75 of circuit 93 -- done
rank 41 | trajectory 9 of circuit 23 -- done
rank 44 | trajectory 68 of circuit 48 -- done
rank 35 | trajectory 79 of circuit 97 -- done
rank 26 | trajectory 20 of circuit 68 -- done
rank 2 | trajectory 86 of circuit 35 -- done
rank 45 | trajectory 20 of circuit 95 -- done
rank 20 | trajectory 87 of circuit 97 -- done
rank 3 | trajectory 89 of circuit 37 -- done
rank 6 | trajectory 94 of circuit 22 -- done
rank 38 | trajectory 4 of circuit 82 -- done
rank 12 | trajectory 9 of circuit 50 -- done
rank 45 | trajectory 45 of circuit 24 -- done
rank 3 | trajectory 8 of circuit 46 -- done
rank 43 | trajectory 74 of circuit 64 -- done
rank 43 | trajectory 54 of circuit 100 -- done
rank 25 | trajectory 28 of circuit 29 -- done
rank 7 | trajectory 62 of circuit 45 -- done
rank 43 | trajectory 76 of circuit 10 -- done
rank 14 | trajectory 48 of circuit 9 -- done
rank 18 | trajectory 81 of circuit 83 -- done
rank 23 | trajectory 90 of circuit 98 -- done
rank 40 | trajectory 46 of circuit 16 -- done
rank 44 | trajectory 59 of circuit 56 -- done
rank 18 | trajectory 55 of circuit 29 -- done
rank 9 | trajectory 49 of circuit 15 -- done
rank 44 | trajectory 23 of circuit 25 -- done
rank 7 | trajectory 91 of circuit 52 -- done
rank 23 | trajectory 50 of circuit 100 -- done
rank 16 | trajectory 95 of circuit 46 -- done
rank 9 | trajectory 5 of circuit 98 -- done
rank 11 | trajectory 13 of circuit 79 -- done
rank 15 | trajectory 14 of circuit 13 -- done
rank 42 | trajectory 31 of circuit 26 -- done
rank 45 | trajectory 40 of circuit 74 -- done
rank 27 | trajectory 14 of circuit 16 -- done
rank 39 | trajectory 78 of circuit 32 -- done
rank 3 | trajectory 81 of circuit 18 -- done
rank 10 | trajectory 72 of circuit 24 -- done
rank 8 | trajectory 89 of circuit 40 -- done
rank 34 | trajectory 15 of circuit 25 -- done
rank 48 | trajectory 54 of circuit 65 -- done
rank 4 | trajectory 23 of circuit 22 -- done
rank 29 | trajectory 35 of circuit 21 -- done
rank 29 | trajectory 50 of circuit 30 -- done
rank 4 | trajectory 27 of circuit 53 -- done
rank 23 | trajectory 35 of circuit 9 -- done
rank 32 | trajectory 85 of circuit 90 -- done
rank 24 | trajectory 79 of circuit 76 -- done
rank 8 | trajectory 17 of circuit 20 -- done
rank 42 | trajectory 10 of circuit 32 -- done
rank 11 | trajectory 55 of circuit 14 -- done
rank 22 | trajectory 20 of circuit 34 -- done
rank 38 | trajectory 85 of circuit 34 -- done
rank 46 | trajectory 6 of circuit 22 -- done
rank 29 | trajectory 10 of circuit 36 -- done
rank 37 | trajectory 34 of circuit 51 -- done
rank 43 | trajectory 75 of circuit 33 -- done
rank 0 | trajectory 65 of circuit 36 -- done
rank 25 | trajectory 82 of circuit 94 -- done
rank 33 | trajectory 60 of circuit 82 -- done
rank 22 | trajectory 42 of circuit 60 -- done
rank 36 | trajectory 20 of circuit 41 -- done
rank 3 | trajectory 88 of circuit 9 -- done
rank 12 | trajectory 42 of circuit 7 -- done
rank 10 | trajectory 38 of circuit 30 -- done
rank 4 | trajectory 27 of circuit 12 -- done
rank 1 | trajectory 87 of circuit 3 -- done
rank 15 | trajectory 46 of circuit 25 -- done
rank 40 | trajectory 19 of circuit 55 -- done
rank 24 | trajectory 72 of circuit 41 -- done
rank 5 | trajectory 94 of circuit 18 -- done
rank 19 | trajectory 57 of circuit 3 -- done
rank 7 | trajectory 40 of circuit 56 -- done
rank 18 | trajectory 84 of circuit 2 -- done
rank 11 | trajectory 45 of circuit 88 -- done
rank 30 | trajectory 29 of circuit 94 -- done
rank 26 | trajectory 53 of circuit 36 -- done
rank 39 | trajectory 9 of circuit 97 -- done
rank 19 | trajectory 50 of circuit 14 -- done
rank 3 | trajectory 30 of circuit 88 -- done
rank 34 | trajectory 49 of circuit 68 -- done
rank 32 | trajectory 47 of circuit 50 -- done
rank 40 | trajectory 61 of circuit 26 -- done
rank 18 | trajectory 12 of circuit 51 -- done
rank 18 | trajectory 2 of circuit 86 -- done
rank 30 | trajectory 69 of circuit 83 -- done
rank 0 | trajectory 78 of circuit 60 -- done
rank 2 | trajectory 93 of circuit 94 -- done
rank 29 | trajectory 51 of circuit 61 -- done
rank 25 | trajectory 44 of circuit 54 -- done
rank 42 | trajectory 88 of circuit 78 -- done
rank 11 | trajectory 11 of circuit 83 -- done
rank 13 | trajectory 96 of circuit 3 -- done
rank 44 | trajectory 81 of circuit 12 -- done
rank 30 | trajectory 56 of circuit 78 -- done
rank 13 | trajectory 4 of circuit 87 -- done
rank 33 | trajectory 92 of circuit 57 -- done
rank 23 | trajectory 70 of circuit 17 -- done
rank 0 | trajectory 13 of circuit 8 -- done
rank 23 | trajectory 28 of circuit 1 -- done
rank 20 | trajectory 16 of circuit 28 -- done
rank 3 | trajectory 51 of circuit 50 -- done
rank 39 | trajectory 64 of circuit 76 -- done
rank 10 | trajectory 2 of circuit 79 -- done
rank 30 | trajectory 91 of circuit 68 -- done
rank 15 | trajectory 65 of circuit 24 -- done
rank 47 | trajectory 81 of circuit 98 -- done
rank 14 | trajectory 38 of circuit 25 -- done
rank 8 | trajectory 3 of circuit 80 -- done
rank 41 | trajectory 74 of circuit 31 -- done
rank 4 | trajectory 51 of circuit 63 -- done
rank 22 | trajectory 22 of circuit 12 -- done
rank 48 | trajectory 26 of circuit 4 -- done
rank 29 | trajectory 55 of circuit 99 -- done
rank 9 | trajectory 57 of circuit 51 -- done
rank 48 | trajectory 65 of circuit 28 -- done
rank 36 | trajectory 24 of circuit 35 -- done
rank 23 | trajectory 44 of circuit 96 -- done
rank 3 | trajectory 17 of circuit 12 -- done
rank 44 | trajectory 54 of circuit 27 -- done
rank 33 | trajectory 58 of circuit 7 -- done
rank 6 | trajectory 42 of circuit 56 -- done
rank 5 | trajectory 45 of circuit 45 -- done
rank 41 | trajectory 49 of circuit 92 -- done
rank 26 | trajectory 73 of circuit 49 -- done
rank 32 | trajectory 4 of circuit 55 -- done
rank 36 | trajectory 76 of circuit 17 -- done
rank 23 | trajectory 79 of circuit 63 -- done
rank 0 | trajectory 5 of circuit 75 -- done
rank 39 | trajectory 91 of circuit 54 -- done
rank 36 | trajectory 55 of circuit 35 -- done
rank 45 | trajectory 7 of circuit 84 -- done
rank 15 | trajectory 89 of circuit 64 -- done
rank 0 | trajectory 11 of circuit 33 -- done
rank 28 | trajectory 63 of circuit 39 -- done
rank 36 | trajectory 28 of circuit 3 -- done
rank 7 | trajectory 86 of circuit 38 -- done
rank 27 | trajectory 57 of circuit 50 -- done
rank 26 | trajectory 20 of circuit 75 -- done
rank 37 | trajectory 45 of circuit 3 -- done
rank 6 | trajectory 4 of circuit 45 -- done
rank 35 | trajectory 30 of circuit 92 -- done
rank 47 | trajectory 30 of circuit 53 -- done
rank 3 | trajectory 27 of circuit 39 -- done
rank 30 | trajectory 80 of circuit 31 -- done
rank 3 | trajectory 77 of circuit 33 -- done
rank 19 | trajectory 20 of circuit 42 -- done
rank 42 | trajectory 4 of circuit 97 -- done
rank 35 | trajectory 49 of circuit 98 -- done
rank 27 | trajectory 44 of circuit 45 -- done
rank 8 | trajectory 61 of circuit 5 -- done
rank 45 | trajectory 37 of circuit 91 -- done
rank 45 | trajectory 90 of circuit 23 -- done
rank 42 | trajectory 51 of circuit 38 -- done
rank 41 | trajectory 73 of circuit 47 -- done
rank 2 | trajectory 13 of circuit 96 -- done
rank 14 | trajectory 60 of circuit 23 -- done
rank 14 | trajectory 68 of circuit 50 -- done
rank 8 | trajectory 14 of circuit 32 -- done
rank 25 | trajectory 91 of circuit 11 -- done
rank 34 | trajectory 17 of circuit 36 -- done
rank 14 | trajectory 17 of circuit 44 -- done
rank 18 | trajectory 35 of circuit 80 -- done
rank 5 | trajectory 19 of circuit 63 -- done
rank 16 | trajectory 76 of circuit 78 -- done
rank 41 | trajectory 60 of circuit 17 -- done
rank 45 | trajectory 47 of circuit 71 -- done
rank 27 | trajectory 30 of circuit 39 -- done
rank 15 | trajectory 96 of circuit 71 -- done
rank 46 | trajectory 63 of circuit 52 -- done
rank 40 | trajectory 42 of circuit 39 -- done
rank 19 | trajectory 2 of circuit 81 -- done
rank 9 | trajectory 32 of circuit 16 -- done
rank 15 | trajectory 11 of circuit 3 -- done
rank 4 | trajectory 26 of circuit 68 -- done
rank 30 | trajectory 76 of circuit 75 -- done
rank 36 | trajectory 61 of circuit 64 -- done
rank 20 | trajectory 96 of circuit 75 -- done
rank 2 | trajectory 59 of circuit 8 -- done
rank 42 | trajectory 28 of circuit 47 -- done
rank 38 | trajectory 34 of circuit 14 -- done
rank 47 | trajectory 7 of circuit 23 -- done
rank 33 | trajectory 30 of circuit 64 -- done
rank 46 | trajectory 60 of circuit 37 -- done
rank 20 | trajectory 5 of circuit 42 -- done
rank 32 | trajectory 79 of circuit 57 -- done
rank 9 | trajectory 79 of circuit 41 -- done
rank 39 | trajectory 3 of circuit 11 -- done
rank 48 | trajectory 31 of circuit 50 -- done
rank 27 | trajectory 70 of circuit 35 -- done
rank 6 | trajectory 37 of circuit 79 -- done
rank 28 | trajectory 22 of circuit 29 -- done
rank 11 | trajectory 46 of circuit 11 -- done
rank 11 | trajectory 48 of circuit 56 -- done
rank 5 | trajectory 16 of circuit 23 -- done
rank 12 | trajectory 23 of circuit 89 -- done
rank 5 | trajectory 28 of circuit 18 -- done
rank 29 | trajectory 6 of circuit 19 -- done
rank 18 | trajectory 18 of circuit 49 -- done
rank 9 | trajectory 32 of circuit 33 -- done
rank 43 | trajectory 47 of circuit 7 -- done
rank 15 | trajectory 32 of circuit 62 -- done
rank 38 | trajectory 88 of circuit 72 -- done
rank 24 | trajectory 61 of circuit 33 -- done
rank 45 | trajectory 15 of circuit 54 -- done
rank 38 | trajectory 56 of circuit 38 -- done
rank 23 | trajectory 90 of circuit 77 -- done
rank 30 | trajectory 9 of circuit 9 -- done
rank 29 | trajectory 83 of circuit 21 -- done
rank 26 | trajectory 63 of circuit 63 -- done
rank 41 | trajectory 29 of circuit 18 -- done
rank 11 | trajectory 66 of circuit 83 -- done
rank 40 | trajectory 1 of circuit 16 -- done
rank 42 | trajectory 50 of circuit 97 -- done
rank 42 | trajectory 40 of circuit 85 -- done
rank 0 | trajectory 51 of circuit 22 -- done
rank 1 | trajectory 90 of circuit 9 -- done
rank 48 | trajectory 75 of circuit 96 -- done
rank 25 | trajectory 39 of circuit 14 -- done
rank 10 | trajectory 81 of circuit 37 -- done
rank 8 | trajectory 28 of circuit 14 -- done
rank 2 | trajectory 85 of circuit 59 -- done
rank 48 | trajectory 54 of circuit 77 -- done
rank 2 | trajectory 26 of circuit 74 -- done
rank 35 | trajectory 69 of circuit 64 -- done
rank 43 | trajectory 60 of circuit 41 -- done
rank 47 | trajectory 94 of circuit 98 -- done
rank 27 | trajectory 58 of circuit 76 -- done
rank 33 | trajectory 12 of circuit 15 -- done
rank 32 | trajectory 28 of circuit 81 -- done
rank 32 | trajectory 26 of circuit 14 -- done
rank 36 | trajectory 13 of circuit 19 -- done
rank 27 | trajectory 79 of circuit 74 -- done
rank 25 | trajectory 12 of circuit 24 -- done
rank 18 | trajectory 77 of circuit 15 -- done
rank 11 | trajectory 86 of circuit 11 -- done
rank 4 | trajectory 9 of circuit 54 -- done
rank 48 | trajectory 19 of circuit 20 -- done
rank 8 | trajectory 44 of circuit 65 -- done
rank 12 | trajectory 7 of circuit 26 -- done
rank 12 | trajectory 79 of circuit 62 -- done
rank 0 | trajectory 82 of circuit 33 -- done
rank 8 | trajectory 55 of circuit 37 -- done
rank 18 | trajectory 30 of circuit 80 -- done
rank 38 | trajectory 7 of circuit 3 -- done
rank 26 | trajectory 92 of circuit 34 -- done
rank 35 | trajectory 38 of circuit 34 -- done
rank 15 | trajectory 7 of circuit 100 -- done
rank 33 | trajectory 84 of circuit 35 -- done
rank 45 | trajectory 42 of circuit 34 -- done
rank 18 | trajectory 13 of circuit 63 -- done
rank 14 | trajectory 70 of circuit 22 -- done
rank 17 | trajectory 43 of circuit 42 -- done
rank 0 | trajectory 83 of circuit 77 -- done
rank 23 | trajectory 60 of circuit 55 -- done
rank 3 | trajectory 85 of circuit 32 -- done
rank 14 | trajectory 61 of circuit 40 -- done
rank 36 | trajectory 62 of circuit 60 -- done
rank 3 | trajectory 64 of circuit 29 -- done
rank 9 | trajectory 41 of circuit 92 -- done
rank 19 | trajectory 67 of circuit 48 -- done
rank 21 | trajectory 76 of circuit 34 -- done
rank 7 | trajectory 78 of circuit 15 -- done
rank 38 | trajectory 63 of circuit 85 -- done
rank 36 | trajectory 73 of circuit 10 -- done
rank 46 | trajectory 3 of circuit 85 -- done
rank 6 | trajectory 92 of circuit 32 -- done
rank 39 | trajectory 93 of circuit 55 -- done
rank 36 | trajectory 10 of circuit 34 -- done
rank 34 | trajectory 35 of circuit 53 -- done
rank 48 | trajectory 57 of circuit 56 -- done
rank 0 | trajectory 77 of circuit 24 -- done
rank 2 | trajectory 43 of circuit 15 -- done
rank 12 | trajectory 38 of circuit 56 -- done
rank 36 | trajectory 5 of circuit 86 -- done
rank 14 | trajectory 96 of circuit 40 -- done
rank 41 | trajectory 34 of circuit 7 -- done
rank 23 | trajectory 14 of circuit 51 -- done
rank 42 | trajectory 6 of circuit 20 -- done
rank 43 | trajectory 62 of circuit 46 -- done
rank 7 | trajectory 91 of circuit 21 -- done
rank 39 | trajectory 61 of circuit 43 -- done
rank 25 | trajectory 80 of circuit 16 -- done
rank 3 | trajectory 34 of circuit 21 -- done
rank 10 | trajectory 48 of circuit 33 -- done
rank 4 | trajectory 32 of circuit 77 -- done
rank 41 | trajectory 87 of circuit 52 -- done
rank 48 | trajectory 43 of circuit 25 -- done
rank 36 | trajectory 34 of circuit 62 -- done
rank 18 | trajectory 26 of circuit 96 -- done
rank 44 | trajectory 26 of circuit 78 -- done
rank 13 | trajectory 33 of circuit 61 -- done
rank 13 | trajectory 56 of circuit 55 -- done
rank 20 | trajectory 54 of circuit 60 -- done
rank 0 | trajectory 32 of circuit 83 -- done
rank 28 | trajectory 90 of circuit 66 -- done
rank 15 | trajectory 48 of circuit 6 -- done
rank 9 | trajectory 25 of circuit 10 -- done
rank 30 | trajectory 46 of circuit 2 -- done
rank 36 | trajectory 78 of circuit 79 -- done
rank 48 | trajectory 25 of circuit 25 -- done
rank 44 | trajectory 12 of circuit 35 -- done
rank 8 | trajectory 35 of circuit 35 -- done
rank 7 | trajectory 16 of circuit 53 -- done
rank 8 | trajectory 15 of circuit 4 -- done
rank 43 | trajectory 83 of circuit 19 -- done
rank 24 | trajectory 37 of circuit 59 -- done
rank 38 | trajectory 14 of circuit 2 -- done
rank 2 | trajectory 3 of circuit 14 -- done
rank 0 | trajectory 62 of circuit 53 -- done
rank 18 | trajectory 28 of circuit 10 -- done
rank 23 | trajectory 64 of circuit 57 -- done
rank 27 | trajectory 80 of circuit 42 -- done
rank 24 | trajectory 11 of circuit 64 -- done
rank 3 | trajectory 14 of circuit 70 -- done
rank 25 | trajectory 76 of circuit 25 -- done
rank 16 | trajectory 93 of circuit 52 -- done
rank 11 | trajectory 27 of circuit 58 -- done
rank 40 | trajectory 58 of circuit 17 -- done
rank 29 | trajectory 86 of circuit 82 -- done
rank 14 | trajectory 26 of circuit 18 -- done
rank 48 | trajectory 44 of circuit 59 -- done
rank 38 | trajectory 12 of circuit 59 -- done
rank 14 | trajectory 83 of circuit 3 -- done
rank 36 | trajectory 6 of circuit 72 -- done
rank 46 | trajectory 2 of circuit 26 -- done
rank 30 | trajectory 10 of circuit 19 -- done
rank 38 | trajectory 72 of circuit 63 -- done
rank 7 | trajectory 9 of circuit 20 -- done
rank 3 | trajectory 34 of circuit 81 -- done
rank 34 | trajectory 82 of circuit 78 -- done
rank 1 | trajectory 42 of circuit 67 -- done
rank 8 | trajectory 77 of circuit 31 -- done
rank 28 | trajectory 44 of circuit 29 -- done
rank 24 | trajectory 15 of circuit 30 -- done
rank 14 | trajectory 57 of circuit 69 -- done
rank 14 | trajectory 53 of circuit 47 -- done
rank 39 | trajectory 28 of circuit 86 -- done
rank 3 | trajectory 11 of circuit 71 -- done
rank 22 | trajectory 66 of circuit 38 -- done
rank 45 | trajectory 49 of circuit 54 -- done
rank 43 | trajectory 56 of circuit 61 -- done
rank 6 | trajectory 73 of circuit 25 -- done
rank 14 | trajectory 48 of circuit 67 -- done
rank 48 | trajectory 1 of circuit 6 -- done
rank 35 | trajectory 20 of circuit 9 -- done
rank 0 | trajectory 60 of circuit 36 -- done
rank 48 | trajectory 4 of circuit 27 -- done
rank 27 | trajectory 92 of circuit 73 -- done
rank 17 | trajectory 85 of circuit 51 -- done
rank 44 | trajectory 28 of circuit 64 -- done
rank 33 | trajectory 30 of circuit 38 -- done
rank 27 | trajectory 30 of circuit 37 -- done
rank 3 | trajectory 75 of circuit 78 -- done
rank 49 | trajectory 89 of circuit 71 -- done
rank 15 | trajectory 19 of circuit 78 -- done
rank 3 | trajectory 16 of circuit 26 -- done
rank 26 | trajectory 71 of circuit 94 -- done
rank 41 | trajectory 35 of circuit 82 -- done
rank 3 | trajectory 68 of circuit 15 -- done
rank 4 | trajectory 59 of circuit 71 -- done
rank 13 | trajectory 49 of circuit 25 -- done
rank 30 | trajectory 84 of circuit 30 -- done
rank 41 | trajectory 12 of circuit 72 -- done
rank 28 | trajectory 67 of circuit 6 -- done
rank 20 | trajectory 70 of circuit 15 -- done
rank 46 | trajectory 62 of circuit 40 -- done
rank 12 | trajectory 18 of circuit 68 -- done
rank 3 | trajectory 24 of circuit 51 -- done
rank 43 | trajectory 68 of circuit 63 -- done
rank 46 | trajectory 12 of circuit 82 -- done
rank 32 | trajectory 52 of circuit 3 -- done
rank 30 | trajectory 43 of circuit 61 -- done
rank 12 | trajectory 56 of circuit 2 -- done
rank 12 | trajectory 68 of circuit 77 -- done
rank 49 | trajectory 82 of circuit 5 -- done
rank 18 | trajectory 34 of circuit 94 -- done
rank 48 | trajectory 92 of circuit 22 -- done
rank 31 | trajectory 84 of circuit 23 -- done
rank 32 | trajectory 50 of circuit 35 -- done
rank 26 | trajectory 55 of circuit 90 -- done
rank 38 | trajectory 3 of circuit 29 -- done
rank 40 | trajectory 8 of circuit 62 -- done
rank 35 | trajectory 25 of circuit 21 -- done
rank 3 | trajectory 47 of circuit 79 -- done
rank 36 | trajectory 85 of circuit 22 -- done
rank 45 | trajectory 25 of circuit 68 -- done
rank 3 | trajectory 70 of circuit 32 -- done
rank 41 | trajectory 51 of circuit 70 -- done
rank 36 | trajectory 37 of circuit 14 -- done
rank 44 | trajectory 36 of circuit 66 -- done
rank 43 | trajectory 12 of circuit 45 -- done
rank 42 | trajectory 74 of circuit 47 -- done
rank 46 | trajectory 40 of circuit 20 -- done
rank 18 | trajectory 10 of circuit 89 -- done
rank 43 | trajectory 39 of circuit 79 -- done
rank 36 | trajectory 37 of circuit 92 -- done
rank 40 | trajectory 31 of circuit 55 -- done
rank 39 | trajectory 48 of circuit 69 -- done
rank 36 | trajectory 22 of circuit 63 -- done
rank 12 | trajectory 74 of circuit 30 -- done
rank 32 | trajectory 37 of circuit 33 -- done
rank 32 | trajectory 84 of circuit 13 -- done
rank 33 | trajectory 55 of circuit 38 -- done
rank 46 | trajectory 35 of circuit 60 -- done
rank 24 | trajectory 96 of circuit 35 -- done
rank 4 | trajectory 54 of circuit 46 -- done
rank 14 | trajectory 13 of circuit 58 -- done
rank 24 | trajectory 57 of circuit 31 -- done
rank 28 | trajectory 83 of circuit 54 -- done
rank 12 | trajectory 72 of circuit 58 -- done
rank 39 | trajectory 83 of circuit 9 -- done
rank 27 | trajectory 62 of circuit 26 -- done
rank 7 | trajectory 47 of circuit 12 -- done
rank 10 | trajectory 62 of circuit 58 -- done
rank 42 | trajectory 43 of circuit 44 -- done
rank 32 | trajectory 31 of circuit 86 -- done
rank 39 | trajectory 15 of circuit 47 -- done
rank 0 | trajectory 96 of circuit 56 -- done
rank 18 | trajectory 48 of circuit 58 -- done
rank 45 | trajectory 7 of circuit 75 -- done
rank 23 | trajectory 4 of circuit 52 -- done
rank 47 | trajectory 66 of circuit 73 -- done
rank 7 | trajectory 65 of circuit 53 -- done
rank 2 | trajectory 5 of circuit 6 -- done
rank 38 | trajectory 68 of circuit 44 -- done
rank 26 | trajectory 12 of circuit 2 -- done
rank 21 | trajectory 89 of circuit 15 -- done
rank 39 | trajectory 37 of circuit 15 -- done
rank 48 | trajectory 38 of circuit 14 -- done
rank 22 | trajectory 51 of circuit 17 -- done
rank 19 | trajectory 39 of circuit 83 -- done
rank 18 | trajectory 11 of circuit 32 -- done
rank 45 | trajectory 5 of circuit 65 -- done
rank 14 | trajectory 43 of circuit 77 -- done
rank 23 | trajectory 8 of circuit 7 -- done
rank 16 | trajectory 15 of circuit 55 -- done
rank 38 | trajectory 16 of circuit 83 -- done
rank 33 | trajectory 94 of circuit 21 -- done
rank 2 | trajectory 17 of circuit 43 -- done
rank 44 | trajectory 38 of circuit 91 -- done
rank 12 | trajectory 81 of circuit 88 -- done
rank 20 | trajectory 33 of circuit 97 -- done
rank 6 | trajectory 34 of circuit 78 -- done
rank 13 | trajectory 87 of circuit 98 -- done
rank 24 | trajectory 73 of circuit 44 -- done
rank 2 | trajectory 37 of circuit 8 -- done
rank 47 | trajectory 34 of circuit 48 -- done
rank 15 | trajectory 77 of circuit 14 -- done
rank 29 | trajectory 14 of circuit 63 -- done
rank 45 | trajectory 33 of circuit 10 -- done
rank 7 | trajectory 41 of circuit 51 -- done
rank 36 | trajectory 65 of circuit 10 -- done
rank 39 | trajectory 70 of circuit 79 -- done
rank 28 | trajectory 11 of circuit 43 -- done
rank 41 | trajectory 90 of circuit 58 -- done
rank 34 | trajectory 62 of circuit 30 -- done
rank 46 | trajectory 30 of circuit 15 -- done
rank 4 | trajectory 96 of circuit 89 -- done
rank 4 | trajectory 58 of circuit 23 -- done
rank 41 | trajectory 59 of circuit 23 -- done
rank 8 | trajectory 80 of circuit 22 -- done
rank 13 | trajectory 37 of circuit 48 -- done
rank 32 | trajectory 67 of circuit 99 -- done
rank 18 | trajectory 29 of circuit 6 -- done
rank 25 | trajectory 49 of circuit 14 -- done
rank 18 | trajectory 75 of circuit 61 -- done
rank 34 | trajectory 43 of circuit 88 -- done
rank 38 | trajectory 43 of circuit 72 -- done
rank 11 | trajectory 20 of circuit 13 -- done
rank 8 | trajectory 43 of circuit 68 -- done
rank 23 | trajectory 25 of circuit 79 -- done
rank 21 | trajectory 15 of circuit 2 -- done
rank 47 | trajectory 90 of circuit 65 -- done
rank 4 | trajectory 15 of circuit 37 -- done
rank 30 | trajectory 22 of circuit 36 -- done
rank 4 | trajectory 76 of circuit 56 -- done
rank 42 | trajectory 56 of circuit 65 -- done
rank 48 | trajectory 37 of circuit 35 -- done
rank 2 | trajectory 41 of circuit 87 -- done
rank 35 | trajectory 47 of circuit 34 -- done
rank 45 | trajectory 70 of circuit 54 -- done
rank 30 | trajectory 87 of circuit 59 -- done
rank 48 | trajectory 50 of circuit 90 -- done
rank 29 | trajectory 14 of circuit 69 -- done
rank 8 | trajectory 23 of circuit 19 -- done
rank 32 | trajectory 83 of circuit 14 -- done
rank 23 | trajectory 54 of circuit 63 -- done
rank 3 | trajectory 90 of circuit 11 -- done
rank 15 | trajectory 74 of circuit 60 -- done
rank 13 | trajectory 94 of circuit 67 -- done
rank 29 | trajectory 80 of circuit 60 -- done
rank 29 | trajectory 38 of circuit 68 -- done
rank 14 | trajectory 59 of circuit 94 -- done
rank 46 | trajectory 36 of circuit 16 -- done
rank 9 | trajectory 30 of circuit 6 -- done
rank 27 | trajectory 93 of circuit 27 -- done
rank 30 | trajectory 53 of circuit 32 -- done
rank 45 | trajectory 34 of circuit 58 -- done
rank 20 | trajectory 66 of circuit 62 -- done
rank 14 | trajectory 27 of circuit 8 -- done
rank 38 | trajectory 64 of circuit 35 -- done
rank 24 | trajectory 46 of circuit 42 -- done
rank 19 | trajectory 17 of circuit 6 -- done
rank 44 | trajectory 40 of circuit 44 -- done
rank 26 | trajectory 28 of circuit 36 -- done
rank 8 | trajectory 23 of circuit 42 -- done
rank 16 | trajectory 94 of circuit 81 -- done
rank 28 | trajectory 96 of circuit 79 -- done
rank 20 | trajectory 4 of circuit 35 -- done
rank 24 | trajectory 25 of circuit 18 -- done
rank 42 | trajectory 20 of circuit 15 -- done
rank 12 | trajectory 70 of circuit 44 -- done
rank 43 | trajectory 65 of circuit 33 -- done
rank 24 | trajectory 74 of circuit 62 -- done
rank 15 | trajectory 72 of circuit 66 -- done
rank 28 | trajectory 66 of circuit 41 -- done
rank 5 | trajectory 20 of circuit 16 -- done
rank 13 | trajectory 41 of circuit 33 -- done
rank 41 | trajectory 70 of circuit 100 -- done
rank 32 | trajectory 68 of circuit 14 -- done
rank 34 | trajectory 34 of circuit 8 -- done
rank 36 | trajectory 64 of circuit 33 -- done
rank 34 | trajectory 9 of circuit 45 -- done
rank 27 | trajectory 49 of circuit 27 -- done
rank 49 | trajectory 18 of circuit 22 -- done
rank 30 | trajectory 51 of circuit 74 -- done
rank 49 | trajectory 21 of circuit 50 -- done
rank 28 | trajectory 54 of circuit 41 -- done
rank 32 | trajectory 78 of circuit 51 -- done
rank 25 | trajectory 2 of circuit 98 -- done
rank 2 | trajectory 61 of circuit 28 -- done
rank 3 | trajectory 19 of circuit 2 -- done
rank 0 | trajectory 5 of circuit 40 -- done
rank 45 | trajectory 41 of circuit 36 -- done
rank 41 | trajectory 95 of circuit 59 -- done
rank 28 | trajectory 24 of circuit 69 -- done
rank 26 | trajectory 8 of circuit 35 -- done
rank 20 | trajectory 60 of circuit 4 -- done
rank 49 | trajectory 96 of circuit 21 -- done
rank 27 | trajectory 12 of circuit 18 -- done
rank 42 | trajectory 35 of circuit 54 -- done
rank 10 | trajectory 83 of circuit 50 -- done
rank 12 | trajectory 47 of circuit 70 -- done
rank 4 | trajectory 32 of circuit 25 -- done
rank 32 | trajectory 87 of circuit 2 -- done
rank 30 | trajectory 88 of circuit 11 -- done
rank 19 | trajectory 72 of circuit 25 -- done
rank 20 | trajectory 31 of circuit 64 -- done
rank 11 | trajectory 37 of circuit 80 -- done
rank 37 | trajectory 60 of circuit 65 -- done
rank 46 | trajectory 13 of circuit 78 -- done
rank 19 | trajectory 41 of circuit 17 -- done
rank 28 | trajectory 85 of circuit 47 -- done
rank 42 | trajectory 94 of circuit 88 -- done
rank 3 | trajectory 30 of circuit 25 -- done
rank 12 | trajectory 58 of circuit 4 -- done
rank 13 | trajectory 41 of circuit 81 -- done
rank 27 | trajectory 88 of circuit 35 -- done
rank 6 | trajectory 27 of circuit 67 -- done
rank 20 | trajectory 13 of circuit 84 -- done
rank 36 | trajectory 19 of circuit 12 -- done
rank 46 | trajectory 66 of circuit 26 -- done
rank 8 | trajectory 58 of circuit 8 -- done
rank 4 | trajectory 11 of circuit 38 -- done
rank 18 | trajectory 19 of circuit 80 -- done
rank 12 | trajectory 78 of circuit 45 -- done
rank 26 | trajectory 17 of circuit 27 -- done
rank 3 | trajectory 77 of circuit 37 -- done
rank 14 | trajectory 42 of circuit 44 -- done
rank 29 | trajectory 65 of circuit 25 -- done
rank 22 | trajectory 88 of circuit 19 -- done
rank 27 | trajectory 53 of circuit 83 -- done
rank 20 | trajectory 21 of circuit 54 -- done
rank 38 | trajectory 89 of circuit 54 -- done
rank 8 | trajectory 29 of circuit 33 -- done
rank 47 | trajectory 67 of circuit 65 -- done
rank 41 | trajectory 14 of circuit 4 -- done
rank 27 | trajectory 90 of circuit 63 -- done
rank 36 | trajectory 20 of circuit 77 -- done
rank 28 | trajectory 18 of circuit 42 -- done
rank 31 | trajectory 72 of circuit 33 -- done
rank 12 | trajectory 34 of circuit 41 -- done
rank 5 | trajectory 16 of circuit 30 -- done
rank 14 | trajectory 91 of circuit 81 -- done
rank 47 | trajectory 24 of circuit 60 -- done
rank 32 | trajectory 5 of circuit 58 -- done
rank 24 | trajectory 9 of circuit 1 -- done
rank 35 | trajectory 82 of circuit 71 -- done
rank 19 | trajectory 48 of circuit 21 -- done
rank 3 | trajectory 76 of circuit 33 -- done
rank 20 | trajectory 94 of circuit 24 -- done
rank 0 | trajectory 3 of circuit 35 -- done
rank 3 | trajectory 20 of circuit 2 -- done
rank 13 | trajectory 54 of circuit 39 -- done
rank 39 | trajectory 96 of circuit 27 -- done
rank 47 | trajectory 4 of circuit 19 -- done
rank 48 | trajectory 34 of circuit 70 -- done
rank 28 | trajectory 32 of circuit 50 -- done
rank 34 | trajectory 52 of circuit 6 -- done
rank 46 | trajectory 3 of circuit 60 -- done
rank 15 | trajectory 10 of circuit 28 -- done
rank 16 | trajectory 62 of circuit 23 -- done
rank 18 | trajectory 40 of circuit 62 -- done
rank 23 | trajectory 53 of circuit 50 -- done
rank 18 | trajectory 4 of circuit 100 -- done
rank 23 | trajectory 59 of circuit 34 -- done
rank 34 | trajectory 47 of circuit 63 -- done
rank 5 | trajectory 54 of circuit 35 -- done
rank 47 | trajectory 64 of circuit 46 -- done
rank 38 | trajectory 52 of circuit 8 -- done
rank 20 | trajectory 88 of circuit 3 -- done
rank 7 | trajectory 10 of circuit 17 -- done
rank 33 | trajectory 74 of circuit 77 -- done
rank 10 | trajectory 16 of circuit 35 -- done
rank 41 | trajectory 2 of circuit 15 -- done
rank 20 | trajectory 87 of circuit 12 -- done
rank 35 | trajectory 40 of circuit 64 -- done
rank 44 | trajectory 49 of circuit 38 -- done
rank 38 | trajectory 64 of circuit 14 -- done
rank 26 | trajectory 79 of circuit 88 -- done
rank 25 | trajectory 56 of circuit 70 -- done
rank 26 | trajectory 51 of circuit 84 -- done
rank 44 | trajectory 47 of circuit 6 -- done
rank 48 | trajectory 94 of circuit 95 -- done
rank 34 | trajectory 67 of circuit 43 -- done
rank 10 | trajectory 95 of circuit 15 -- done
rank 17 | trajectory 45 of circuit 42 -- done
rank 28 | trajectory 82 of circuit 16 -- done
rank 25 | trajectory 79 of circuit 48 -- done
rank 24 | trajectory 27 of circuit 80 -- done
rank 9 | trajectory 40 of circuit 43 -- done
rank 36 | trajectory 36 of circuit 83 -- done
rank 20 | trajectory 73 of circuit 51 -- done
rank 25 | trajectory 96 of circuit 73 -- done
rank 49 | trajectory 23 of circuit 48 -- done
rank 35 | trajectory 53 of circuit 64 -- done
rank 13 | trajectory 18 of circuit 9 -- done
rank 46 | trajectory 34 of circuit 32 -- done
rank 12 | trajectory 15 of circuit 19 -- done
rank 24 | trajectory 35 of circuit 85 -- done
rank 36 | trajectory 40 of circuit 59 -- done
rank 26 | trajectory 68 of circuit 92 -- done
rank 26 | trajectory 8 of circuit 11 -- done
rank 39 | trajectory 35 of circuit 83 -- done
rank 11 | trajectory 2 of circuit 23 -- done
rank 32 | trajectory 66 of circuit 53 -- done
rank 23 | trajectory 7 of circuit 13 -- done
rank 11 | trajectory 57 of circuit 45 -- done
rank 27 | trajectory 34 of circuit 56 -- done
rank 39 | trajectory 44 of circuit 10 -- done
rank 4 | trajectory 81 of circuit 78 -- done
rank 24 | trajectory 71 of circuit 68 -- done
rank 0 | trajectory 79 of circuit 24 -- done
rank 42 | trajectory 81 of circuit 86 -- done
rank 23 | trajectory 52 of circuit 74 -- done
rank 46 | trajectory 44 of circuit 71 -- done
rank 24 | trajectory 65 of circuit 68 -- done
rank 45 | trajectory 80 of circuit 9 -- done
rank 46 | trajectory 43 of circuit 5 -- done
rank 3 | trajectory 21 of circuit 85 -- done
rank 29 | trajectory 49 of circuit 42 -- done
rank 20 | trajectory 62 of circuit 19 -- done
rank 28 | trajectory 13 of circuit 22 -- done
rank 17 | trajectory 76 of circuit 9 -- done
rank 20 | trajectory 57 of circuit 77 -- done
rank 25 | trajectory 38 of circuit 37 -- done
rank 47 | trajectory 39 of circuit 85 -- done
rank 0 | trajectory 67 of circuit 50 -- done
rank 41 | trajectory 75 of circuit 30 -- done
rank 36 | trajectory 44 of circuit 89 -- done
rank 24 | trajectory 36 of circuit 61 -- done
rank 48 | trajectory 58 of circuit 74 -- done
rank 15 | trajectory 9 of circuit 8 -- done
rank 6 | trajectory 5 of circuit 44 -- done
rank 32 | trajectory 39 of circuit 69 -- done
rank 30 | trajectory 56 of circuit 24 -- done
rank 16 | trajectory 45 of circuit 70 -- done
rank 30 | trajectory 83 of circuit 2 -- done
rank 27 | trajectory 16 of circuit 22 -- done
rank 41 | trajectory 79 of circuit 4 -- done
rank 8 | trajectory 24 of circuit 38 -- done
rank 9 | trajectory 77 of circuit 18 -- done
rank 43 | trajectory 28 of circuit 6 -- done
rank 14 | trajectory 7 of circuit 18 -- done
rank 4 | trajectory 5 of circuit 8 -- done
rank 13 | trajectory 76 of circuit 95 -- done
rank 49 | trajectory 85 of circuit 30 -- done
rank 30 | trajectory 21 of circuit 16 -- done
rank 47 | trajectory 68 of circuit 17 -- done
rank 35 | trajectory 63 of circuit 26 -- done
rank 23 | trajectory 10 of circuit 100 -- done
rank 36 | trajectory 56 of circuit 13 -- done
rank 17 | trajectory 35 of circuit 29 -- done
rank 2 | trajectory 27 of circuit 69 -- done
rank 2 | trajectory 91 of circuit 4 -- done
rank 34 | trajectory 33 of circuit 65 -- done
rank 6 | trajectory 41 of circuit 77 -- done
rank 14 | trajectory 22 of circuit 58 -- done
rank 12 | trajectory 57 of circuit 74 -- done
rank 20 | trajectory 45 of circuit 25 -- done
rank 42 | trajectory 67 of circuit 33 -- done
rank 0 | trajectory 25 of circuit 12 -- done
rank 20 | trajectory 26 of circuit 53 -- done
rank 22 | trajectory 44 of circuit 44 -- done
rank 3 | trajectory 10 of circuit 10 -- done
rank 42 | trajectory 37 of circuit 88 -- done
rank 48 | trajectory 41 of circuit 84 -- done
rank 46 | trajectory 21 of circuit 36 -- done
rank 8 | trajectory 36 of circuit 44 -- done
rank 41 | trajectory 50 of circuit 29 -- done
rank 2 | trajectory 55 of circuit 36 -- done
rank 44 | trajectory 7 of circuit 7 -- done
rank 48 | trajectory 80 of circuit 62 -- done
rank 3 | trajectory 19 of circuit 41 -- done
rank 41 | trajectory 61 of circuit 30 -- done
rank 47 | trajectory 60 of circuit 89 -- done
rank 22 | trajectory 87 of circuit 4 -- done
rank 47 | trajectory 61 of circuit 94 -- done
rank 23 | trajectory 9 of circuit 52 -- done
rank 12 | trajectory 70 of circuit 80 -- done
rank 46 | trajectory 15 of circuit 34 -- done
rank 15 | trajectory 28 of circuit 4 -- done
rank 12 | trajectory 53 of circuit 100 -- done
rank 24 | trajectory 94 of circuit 69 -- done
rank 39 | trajectory 54 of circuit 10 -- done
rank 39 | trajectory 40 of circuit 3 -- done
rank 20 | trajectory 14 of circuit 39 -- done
rank 3 | trajectory 6 of circuit 73 -- done
rank 12 | trajectory 28 of circuit 24 -- done
rank 6 | trajectory 54 of circuit 50 -- done
rank 15 | trajectory 22 of circuit 55 -- done
rank 33 | trajectory 59 of circuit 20 -- done
rank 39 | trajectory 72 of circuit 91 -- done
rank 47 | trajectory 77 of circuit 43 -- done
rank 11 | trajectory 68 of circuit 30 -- done
rank 33 | trajectory 48 of circuit 42 -- done
rank 28 | trajectory 39 of circuit 16 -- done
rank 12 | trajectory 1 of circuit 49 -- done
rank 43 | trajectory 6 of circuit 35 -- done
rank 28 | trajectory 69 of circuit 45 -- done
rank 4 | trajectory 84 of circuit 97 -- done
rank 8 | trajectory 40 of circuit 89 -- done
rank 27 | trajectory 37 of circuit 32 -- done
rank 47 | trajectory 85 of circuit 33 -- done
rank 44 | trajectory 79 of circuit 17 -- done
rank 34 | trajectory 23 of circuit 24 -- done
rank 39 | trajectory 50 of circuit 3 -- done
rank 22 | trajectory 82 of circuit 9 -- done
rank 19 | trajectory 79 of circuit 79 -- done
rank 47 | trajectory 10 of circuit 45 -- done
rank 26 | trajectory 87 of circuit 50 -- done
rank 41 | trajectory 32 of circuit 8 -- done
rank 32 | trajectory 7 of circuit 51 -- done
rank 34 | trajectory 7 of circuit 74 -- done
rank 33 | trajectory 71 of circuit 39 -- done
rank 29 | trajectory 75 of circuit 5 -- done
rank 27 | trajectory 11 of circuit 27 -- done
rank 27 | trajectory 55 of circuit 64 -- done
rank 19 | trajectory 19 of circuit 15 -- done
rank 10 | trajectory 71 of circuit 45 -- done
rank 35 | trajectory 59 of circuit 91 -- done
rank 19 | trajectory 84 of circuit 21 -- done
rank 1 | trajectory 68 of circuit 19 -- done
rank 0 | trajectory 63 of circuit 38 -- done
rank 12 | trajectory 82 of circuit 38 -- done
rank 28 | trajectory 36 of circuit 6 -- done
rank 23 | trajectory 65 of circuit 1 -- done
rank 29 | trajectory 37 of circuit 73 -- done
rank 14 | trajectory 25 of circuit 37 -- done
rank 41 | trajectory 30 of circuit 42 -- done
rank 14 | trajectory 6 of circuit 8 -- done
rank 24 | trajectory 81 of circuit 79 -- done
rank 28 | trajectory 77 of circuit 12 -- done
rank 11 | trajectory 15 of circuit 20 -- done
rank 0 | trajectory 45 of circuit 65 -- done
rank 3 | trajectory 40 of circuit 27 -- done
rank 13 | trajectory 17 of circuit 16 -- done
rank 38 | trajectory 54 of circuit 57 -- done
rank 13 | trajectory 57 of circuit 21 -- done
rank 5 | trajectory 25 of circuit 13 -- done
rank 25 | trajectory 56 of circuit 23 -- done
rank 10 | trajectory 33 of circuit 9 -- done
rank 41 | trajectory 3 of circuit 20 -- done
rank 23 | trajectory 82 of circuit 86 -- done
rank 8 | trajectory 35 of circuit 15 -- done
rank 21 | trajectory 67 of circuit 16 -- done
rank 20 | trajectory 49 of circuit 91 -- done
rank 0 | trajectory 83 of circuit 74 -- done
rank 35 | trajectory 43 of circuit 48 -- done
rank 3 | trajectory 6 of circuit 25 -- done
rank 45 | trajectory 37 of circuit 30 -- done
rank 2 | trajectory 36 of circuit 54 -- done
rank 18 | trajectory 91 of circuit 53 -- done
rank 48 | trajectory 45 of circuit 20 -- done
rank 14 | trajectory 17 of circuit 78 -- done
rank 42 | trajectory 72 of circuit 50 -- done
rank 39 | trajectory 53 of circuit 3 -- done
rank 42 | trajectory 19 of circuit 70 -- done
rank 14 | trajectory 47 of circuit 15 -- done
rank 9 | trajectory 86 of circuit 10 -- done
rank 13 | trajectory 84 of circuit 76 -- done
rank 15 | trajectory 9 of circuit 16 -- done
rank 2 | trajectory 96 of circuit 22 -- done
rank 14 | trajectory 41 of circuit 14 -- done
rank 12 | trajectory 43 of circuit 62 -- done
rank 47 | trajectory 63 of circuit 99 -- done
rank 3 | trajectory 23 of circuit 3 -- done
rank 41 | trajectory 12 of circuit 16 -- done
rank 27 | trajectory 86 of circuit 48 -- done
rank 34 | trajectory 71 of circuit 18 -- done
rank 45 | trajectory 67 of circuit 29 -- done
rank 27 | trajectory 37 of circuit 56 -- done
rank 25 | trajectory 32 of circuit 92 -- done
rank 3 | trajectory 1 of circuit 20 -- done
rank 48 | trajectory 60 of circuit 45 -- done
rank 19 | trajectory 22 of circuit 48 -- done
rank 46 | trajectory 6 of circuit 79 -- done
rank 39 | trajectory 74 of circuit 55 -- done
rank 39 | trajectory 55 of circuit 91 -- done
rank 48 | trajectory 74 of circuit 40 -- done
rank 41 | trajectory 2 of circuit 17 -- done
rank 23 | trajectory 88 of circuit 82 -- done
rank 32 | trajectory 91 of circuit 24 -- done
rank 12 | trajectory 12 of circuit 6 -- done
rank 46 | trajectory 5 of circuit 67 -- done
rank 28 | trajectory 26 of circuit 28 -- done
rank 22 | trajectory 62 of circuit 72 -- done
rank 28 | trajectory 89 of circuit 26 -- done
rank 12 | trajectory 64 of circuit 82 -- done
rank 47 | trajectory 74 of circuit 1 -- done
rank 22 | trajectory 92 of circuit 24 -- done
rank 47 | trajectory 8 of circuit 37 -- done
rank 16 | trajectory 19 of circuit 46 -- done
rank 43 | trajectory 36 of circuit 74 -- done
rank 36 | trajectory 24 of circuit 30 -- done
rank 27 | trajectory 65 of circuit 8 -- done
rank 23 | trajectory 68 of circuit 66 -- done
rank 4 | trajectory 80 of circuit 1 -- done
rank 19 | trajectory 44 of circuit 28 -- done
rank 43 | trajectory 88 of circuit 86 -- done
rank 8 | trajectory 81 of circuit 48 -- done
rank 0 | trajectory 71 of circuit 28 -- done
rank 47 | trajectory 13 of circuit 38 -- done
rank 7 | trajectory 2 of circuit 74 -- done
rank 23 | trajectory 47 of circuit 25 -- done
rank 5 | trajectory 62 of circuit 86 -- done
rank 4 | trajectory 88 of circuit 48 -- done
rank 38 | trajectory 48 of circuit 62 -- done
rank 27 | trajectory 13 of circuit 45 -- done
rank 5 | trajectory 5 of circuit 7 -- done
rank 32 | trajectory 17 of circuit 49 -- done
rank 4 | trajectory 93 of circuit 61 -- done
rank 43 | trajectory 92 of circuit 33 -- done
rank 18 | trajectory 35 of circuit 3 -- done
rank 26 | trajectory 4 of circuit 7 -- done
rank 17 | trajectory 78 of circuit 20 -- done
rank 20 | trajectory 8 of circuit 19 -- done
rank 49 | trajectory 90 of circuit 14 -- done
rank 30 | trajectory 8 of circuit 83 -- done
rank 15 | trajectory 37 of circuit 41 -- done
rank 39 | trajectory 93 of circuit 23 -- done
rank 3 | trajectory 61 of circuit 7 -- done
rank 19 | trajectory 40 of circuit 57 -- done
rank 10 | trajectory 86 of circuit 46 -- done
rank 33 | trajectory 23 of circuit 33 -- done
rank 23 | trajectory 10 of circuit 8 -- done
rank 10 | trajectory 61 of circuit 47 -- done
rank 39 | trajectory 60 of circuit 40 -- done
rank 34 | trajectory 36 of circuit 9 -- done
rank 48 | trajectory 5 of circuit 83 -- done
rank 45 | trajectory 51 of circuit 100 -- done
rank 47 | trajectory 48 of circuit 73 -- done
rank 2 | trajectory 67 of circuit 71 -- done
rank 4 | trajectory 79 of circuit 11 -- done
rank 2 | trajectory 15 of circuit 13 -- done
rank 8 | trajectory 82 of circuit 66 -- done
rank 49 | trajectory 77 of circuit 78 -- done
rank 44 | trajectory 30 of circuit 29 -- done
rank 24 | trajectory 34 of circuit 30 -- done
rank 38 | trajectory 58 of circuit 28 -- done
rank 0 | trajectory 37 of circuit 17 -- done
rank 15 | trajectory 93 of circuit 43 -- done
rank 33 | trajectory 1 of circuit 46 -- done
rank 2 | trajectory 65 of circuit 26 -- done
rank 38 | trajectory 87 of circuit 9 -- done
rank 4 | trajectory 8 of circuit 12 -- done
rank 4 | trajectory 12 of circuit 31 -- done
rank 24 | trajectory 1 of circuit 1 -- done
rank 20 | trajectory 6 of circuit 26 -- done
rank 40 | trajectory 24 of circuit 23 -- done
rank 48 | trajectory 29 of circuit 72 -- done
rank 46 | trajectory 71 of circuit 4 -- done
rank 30 | trajectory 6 of circuit 31 -- done
rank 13 | trajectory 2 of circuit 13 -- done
rank 23 | trajectory 71 of circuit 29 -- done
rank 25 | trajectory 42 of circuit 18 -- done
rank 19 | trajectory 16 of circuit 54 -- done
rank 36 | trajectory 80 of circuit 46 -- done
rank 38 | trajectory 44 of circuit 40 -- done
rank 46 | trajectory 69 of circuit 57 -- done
rank 35 | trajectory 83 of circuit 8 -- done
rank 16 | trajectory 64 of circuit 30 -- done
rank 26 | trajectory 62 of circuit 32 -- done
rank 13 | trajectory 23 of circuit 61 -- done
rank 47 | trajectory 50 of circuit 54 -- done
rank 8 | trajectory 27 of circuit 28 -- done
rank 12 | trajectory 22 of circuit 93 -- done
rank 47 | trajectory 35 of circuit 66 -- done
rank 43 | trajectory 21 of circuit 61 -- done
rank 16 | trajectory 59 of circuit 62 -- done
rank 14 | trajectory 65 of circuit 16 -- done
rank 30 | trajectory 50 of circuit 44 -- done
rank 36 | trajectory 72 of circuit 55 -- done
rank 47 | trajectory 38 of circuit 22 -- done
rank 40 | trajectory 62 of circuit 8 -- done
rank 5 | trajectory 22 of circuit 90 -- done
rank 46 | trajectory 19 of circuit 24 -- done
rank 44 | trajectory 6 of circuit 67 -- done
rank 15 | trajectory 81 of circuit 9 -- done
rank 25 | trajectory 85 of circuit 76 -- done
rank 13 | trajectory 67 of circuit 24 -- done
rank 10 | trajectory 84 of circuit 32 -- done
rank 13 | trajectory 25 of circuit 95 -- done
rank 0 | trajectory 40 of circuit 10 -- done
rank 44 | trajectory 51 of circuit 3 -- done
rank 46 | trajectory 92 of circuit 48 -- done
rank 18 | trajectory 27 of circuit 30 -- done
rank 24 | trajectory 48 of circuit 93 -- done
rank 44 | trajectory 18 of circuit 7 -- done
rank 47 | trajectory 93 of circuit 33 -- done
rank 25 | trajectory 78 of circuit 94 -- done
rank 0 | trajectory 73 of circuit 74 -- done
rank 0 | trajectory 14 of circuit 54 -- done
rank 38 | trajectory 79 of circuit 13 -- done
rank 46 | trajectory 51 of circuit 79 -- done
rank 6 | trajectory 34 of circuit 18 -- done
rank 12 | trajectory 21 of circuit 25 -- done
rank 47 | trajectory 37 of circuit 55 -- done
rank 34 | trajectory 75 of circuit 19 -- done
rank 18 | trajectory 71 of circuit 30 -- done
rank 17 | trajectory 36 of circuit 37 -- done
rank 32 | trajectory 35 of circuit 44 -- done
rank 39 | trajectory 5 of circuit 93 -- done
rank 32 | trajectory 27 of circuit 78 -- done
rank 41 | trajectory 28 of circuit 62 -- done
rank 10 | trajectory 16 of circuit 40 -- done
rank 38 | trajectory 68 of circuit 51 -- done
rank 38 | trajectory 10 of circuit 91 -- done
rank 32 | trajectory 57 of circuit 63 -- done
rank 2 | trajectory 16 of circuit 10 -- done
rank 47 | trajectory 78 of circuit 90 -- done
rank 38 | trajectory 81 of circuit 44 -- done
rank 38 | trajectory 30 of circuit 95 -- done
rank 17 | trajectory 56 of circuit 11 -- done
rank 23 | trajectory 42 of circuit 46 -- done
rank 32 | trajectory 25 of circuit 23 -- done
rank 10 | trajectory 1 of circuit 93 -- done
rank 35 | trajectory 33 of circuit 31 -- done
rank 38 | trajectory 75 of circuit 36 -- done
rank 2 | trajectory 32 of circuit 19 -- done
rank 25 | trajectory 48 of circuit 20 -- done
rank 7 | trajectory 53 of circuit 1 -- done
rank 40 | trajectory 26 of circuit 48 -- done
rank 15 | trajectory 6 of circuit 32 -- done
rank 20 | trajectory 27 of circuit 6 -- done
rank 49 | trajectory 28 of circuit 50 -- done
rank 18 | trajectory 30 of circuit 57 -- done
rank 44 | trajectory 69 of circuit 79 -- done
rank 7 | trajectory 76 of circuit 61 -- done
rank 13 | trajectory 8 of circuit 55 -- done
rank 27 | trajectory 96 of circuit 29 -- done
rank 20 | trajectory 47 of circuit 59 -- done
rank 38 | trajectory 9 of circuit 47 -- done
rank 16 | trajectory 79 of circuit 43 -- done
rank 48 | trajectory 48 of circuit 57 -- done
rank 36 | trajectory 89 of circuit 32 -- done
rank 46 | trajectory 79 of circuit 77 -- done
rank 3 | trajectory 41 of circuit 19 -- done
rank 30 | trajectory 20 of circuit 73 -- done
rank 15 | trajectory 73 of circuit 12 -- done
rank 43 | trajectory 91 of circuit 12 -- done
rank 5 | trajectory 67 of circuit 18 -- done
rank 27 | trajectory 33 of circuit 58 -- done
rank 36 | trajectory 54 of circuit 29 -- done
rank 12 | trajectory 21 of circuit 15 -- done
rank 3 | trajectory 57 of circuit 5 -- done
rank 6 | trajectory 78 of circuit 31 -- done
rank 16 | trajectory 40 of circuit 36 -- done
rank 47 | trajectory 69 of circuit 42 -- done
rank 41 | trajectory 24 of circuit 19 -- done
rank 11 | trajectory 31 of circuit 62 -- done
rank 43 | trajectory 38 of circuit 49 -- done
rank 0 | trajectory 8 of circuit 79 -- done
rank 47 | trajectory 21 of circuit 65 -- done
rank 42 | trajectory 65 of circuit 46 -- done
rank 6 | trajectory 10 of circuit 88 -- done
rank 29 | trajectory 18 of circuit 66 -- done
rank 29 | trajectory 52 of circuit 76 -- done
rank 0 | trajectory 37 of circuit 64 -- done
rank 42 | trajectory 35 of circuit 45 -- done
rank 25 | trajectory 53 of circuit 96 -- done
rank 32 | trajectory 73 of circuit 27 -- done
rank 23 | trajectory 17 of circuit 51 -- done
rank 47 | trajectory 57 of circuit 99 -- done
rank 19 | trajectory 15 of circuit 8 -- done
rank 5 | trajectory 70 of circuit 7 -- done
rank 11 | trajectory 82 of circuit 54 -- done
rank 45 | trajectory 21 of circuit 18 -- done
rank 19 | trajectory 6 of circuit 21 -- done
rank 26 | trajectory 76 of circuit 42 -- done
rank 2 | trajectory 57 of circuit 64 -- done
rank 20 | trajectory 65 of circuit 55 -- done
rank 19 | trajectory 68 of circuit 46 -- done
rank 47 | trajectory 59 of circuit 54 -- done
rank 39 | trajectory 24 of circuit 4 -- done
rank 11 | trajectory 10 of circuit 18 -- done
rank 36 | trajectory 39 of circuit 52 -- done
rank 9 | trajectory 13 of circuit 68 -- done
rank 25 | trajectory 23 of circuit 14 -- done
rank 13 | trajectory 59 of circuit 15 -- done
rank 43 | trajectory 66 of circuit 47 -- done
rank 18 | trajectory 95 of circuit 17 -- done
rank 5 | trajectory 17 of circuit 17 -- done
rank 23 | trajectory 63 of circuit 47 -- done
rank 30 | trajectory 25 of circuit 51 -- done
rank 9 | trajectory 4 of circuit 44 -- done
rank 23 | trajectory 56 of circuit 43 -- done
rank 20 | trajectory 91 of circuit 86 -- done
rank 11 | trajectory 95 of circuit 89 -- done
rank 39 | trajectory 57 of circuit 17 -- done
rank 38 | trajectory 55 of circuit 70 -- done
rank 16 | trajectory 33 of circuit 54 -- done
rank 7 | trajectory 35 of circuit 42 -- done
rank 22 | trajectory 85 of circuit 24 -- done
rank 19 | trajectory 43 of circuit 34 -- done
rank 6 | trajectory 87 of circuit 71 -- done
rank 20 | trajectory 50 of circuit 68 -- done
rank 34 | trajectory 19 of circuit 17 -- done
rank 34 | trajectory 28 of circuit 41 -- done
rank 43 | trajectory 20 of circuit 44 -- done
rank 35 | trajectory 85 of circuit 17 -- done
rank 7 | trajectory 10 of circuit 95 -- done
rank 36 | trajectory 17 of circuit 85 -- done
rank 9 | trajectory 52 of circuit 1 -- done
rank 33 | trajectory 7 of circuit 29 -- done
rank 27 | trajectory 45 of circuit 47 -- done
rank 8 | trajectory 28 of circuit 37 -- done
rank 9 | trajectory 69 of circuit 56 -- done
rank 34 | trajectory 31 of circuit 43 -- done
rank 25 | trajectory 22 of circuit 67 -- done
rank 4 | trajectory 66 of circuit 20 -- done
rank 4 | trajectory 60 of circuit 69 -- done
rank 6 | trajectory 95 of circuit 96 -- done
rank 9 | trajectory 2 of circuit 46 -- done
rank 3 | trajectory 56 of circuit 46 -- done
rank 45 | trajectory 63 of circuit 18 -- done
rank 40 | trajectory 64 of circuit 69 -- done
rank 13 | trajectory 38 of circuit 29 -- done
rank 14 | trajectory 44 of circuit 47 -- done
rank 29 | trajectory 57 of circuit 6 -- done
rank 11 | trajectory 34 of circuit 60 -- done
rank 8 | trajectory 57 of circuit 12 -- done
rank 41 | trajectory 37 of circuit 53 -- done
rank 5 | trajectory 29 of circuit 10 -- done
rank 14 | trajectory 44 of circuit 83 -- done
rank 35 | trajectory 94 of circuit 3 -- done
rank 22 | trajectory 58 of circuit 79 -- done
rank 43 | trajectory 94 of circuit 43 -- done
rank 3 | trajectory 35 of circuit 5 -- done
rank 42 | trajectory 66 of circuit 29 -- done
rank 30 | trajectory 79 of circuit 94 -- done
rank 9 | trajectory 68 of circuit 26 -- done
rank 30 | trajectory 39 of circuit 74 -- done
rank 10 | trajectory 39 of circuit 30 -- done
rank 45 | trajectory 71 of circuit 37 -- done
rank 23 | trajectory 91 of circuit 59 -- done
rank 18 | trajectory 76 of circuit 48 -- done
rank 32 | trajectory 90 of circuit 96 -- done
rank 32 | trajectory 22 of circuit 26 -- done
rank 12 | trajectory 39 of circuit 28 -- done
rank 14 | trajectory 78 of circuit 72 -- done
rank 42 | trajectory 30 of circuit 11 -- done
rank 25 | trajectory 71 of circuit 32 -- done
rank 28 | trajectory 8 of circuit 4 -- done
rank 18 | trajectory 46 of circuit 41 -- done
rank 28 | trajectory 4 of circuit 20 -- done
rank 13 | trajectory 20 of circuit 14 -- done
rank 20 | trajectory 38 of circuit 1 -- done
rank 35 | trajectory 7 of circuit 36 -- done
rank 12 | trajectory 75 of circuit 65 -- done
rank 40 | trajectory 21 of circuit 11 -- done
rank 25 | trajectory 89 of circuit 44 -- done
rank 38 | trajectory 53 of circuit 6 -- done
rank 46 | trajectory 92 of circuit 31 -- done
rank 3 | trajectory 4 of circuit 32 -- done
rank 41 | trajectory 1 of circuit 28 -- done
rank 46 | trajectory 44 of circuit 94 -- done
rank 20 | trajectory 12 of circuit 66 -- done
rank 41 | trajectory 13 of circuit 47 -- done
rank 35 | trajectory 62 of circuit 5 -- done
rank 42 | trajectory 93 of circuit 100 -- done
rank 0 | trajectory 81 of circuit 41 -- done
rank 30 | trajectory 92 of circuit 59 -- done
rank 33 | trajectory 21 of circuit 66 -- done
rank 27 | trajectory 77 of circuit 50 -- done
rank 23 | trajectory 27 of circuit 50 -- done
rank 45 | trajectory 66 of circuit 8 -- done
rank 33 | trajectory 65 of circuit 7 -- done
rank 45 | trajectory 64 of circuit 28 -- done
rank 0 | trajectory 57 of circuit 60 -- done
rank 26 | trajectory 52 of circuit 26 -- done
rank 29 | trajectory 1 of circuit 11 -- done
rank 20 | trajectory 57 of circuit 46 -- done
rank 38 | trajectory 81 of circuit 65 -- done
rank 20 | trajectory 42 of circuit 69 -- done
rank 20 | trajectory 92 of circuit 12 -- done
rank 47 | trajectory 88 of circuit 50 -- done
rank 24 | trajectory 82 of circuit 18 -- done
rank 7 | trajectory 45 of circuit 10 -- done
rank 41 | trajectory 84 of circuit 62 -- done
rank 14 | trajectory 93 of circuit 4 -- done
rank 45 | trajectory 68 of circuit 94 -- done
rank 33 | trajectory 54 of circuit 32 -- done
rank 3 | trajectory 66 of circuit 16 -- done
rank 43 | trajectory 25 of circuit 5 -- done
rank 11 | trajectory 75 of circuit 14 -- done
rank 34 | trajectory 6 of circuit 5 -- done
rank 46 | trajectory 86 of circuit 80 -- done
rank 4 | trajectory 77 of circuit 40 -- done
rank 29 | trajectory 17 of circuit 86 -- done
rank 39 | trajectory 50 of circuit 21 -- done
rank 18 | trajectory 3 of circuit 56 -- done
rank 46 | trajectory 10 of circuit 93 -- done
rank 28 | trajectory 68 of circuit 69 -- done
rank 2 | trajectory 89 of circuit 30 -- done
rank 42 | trajectory 4 of circuit 90 -- done
rank 8 | trajectory 68 of circuit 18 -- done
rank 29 | trajectory 72 of circuit 100 -- done
rank 29 | trajectory 88 of circuit 43 -- done
rank 43 | trajectory 63 of circuit 28 -- done
rank 42 | trajectory 50 of circuit 94 -- done
rank 31 | trajectory 60 of circuit 16 -- done
rank 8 | trajectory 57 of circuit 37 -- done
rank 10 | trajectory 60 of circuit 35 -- done
rank 46 | trajectory 30 of circuit 76 -- done
rank 45 | trajectory 27 of circuit 52 -- done
rank 9 | trajectory 8 of circuit 17 -- done
rank 18 | trajectory 12 of circuit 42 -- done
rank 43 | trajectory 18 of circuit 12 -- done
rank 15 | trajectory 4 of circuit 25 -- done
rank 1 | trajectory 16 of circuit 42 -- done
rank 41 | trajectory 18 of circuit 11 -- done
rank 32 | trajectory 12 of circuit 22 -- done
rank 25 | trajectory 84 of circuit 25 -- done
rank 46 | trajectory 88 of circuit 27 -- done
rank 46 | trajectory 41 of circuit 68 -- done
rank 22 | trajectory 90 of circuit 87 -- done
rank 39 | trajectory 27 of circuit 35 -- done
rank 39 | trajectory 8 of circuit 39 -- done
rank 16 | trajectory 27 of circuit 1 -- done
rank 23 | trajectory 36 of circuit 34 -- done
rank 6 | trajectory 11 of circuit 79 -- done
rank 18 | trajectory 16 of circuit 75 -- done
rank 3 | trajectory 38 of circuit 10 -- done
rank 28 | trajectory 81 of circuit 42 -- done
rank 49 | trajectory 18 of circuit 89 -- done
rank 43 | trajectory 49 of circuit 18 -- done
rank 33 | trajectory 85 of circuit 1 -- done
rank 29 | trajectory 47 of circuit 1 -- done
rank 32 | trajectory 45 of circuit 86 -- done
rank 11 | trajectory 26 of circuit 86 -- done
rank 36 | trajectory 95 of circuit 45 -- done
rank 43 | trajectory 1 of circuit 25 -- done
rank 13 | trajectory 35 of circuit 1 -- done
rank 8 | trajectory 13 of circuit 51 -- done
rank 48 | trajectory 60 of circuit 74 -- done
rank 8 | trajectory 75 of circuit 2 -- done
rank 13 | trajectory 12 of circuit 67 -- done
rank 8 | trajectory 72 of circuit 59 -- done
rank 14 | trajectory 87 of circuit 27 -- done
rank 10 | trajectory 91 of circuit 45 -- done
rank 34 | trajectory 56 of circuit 68 -- done
rank 39 | trajectory 6 of circuit 52 -- done
rank 36 | trajectory 74 of circuit 25 -- done
rank 33 | trajectory 7 of circuit 56 -- done
rank 32 | trajectory 26 of circuit 52 -- done
rank 48 | trajectory 64 of circuit 26 -- done
rank 25 | trajectory 11 of circuit 12 -- done
rank 36 | trajectory 41 of circuit 91 -- done
rank 33 | trajectory 35 of circuit 33 -- done
rank 18 | trajectory 10 of circuit 57 -- done
rank 23 | trajectory 40 of circuit 45 -- done
rank 43 | trajectory 27 of circuit 71 -- done
rank 23 | trajectory 62 of circuit 88 -- done
rank 35 | trajectory 41 of circuit 8 -- done
rank 46 | trajectory 38 of circuit 95 -- done
rank 36 | trajectory 55 of circuit 30 -- done
rank 14 | trajectory 79 of circuit 20 -- done
rank 35 | trajectory 2 of circuit 67 -- done
rank 5 | trajectory 46 of circuit 10 -- done
rank 18 | trajectory 15 of circuit 85 -- done
rank 16 | trajectory 31 of circuit 76 -- done
rank 47 | trajectory 73 of circuit 59 -- done
rank 48 | trajectory 30 of circuit 41 -- done
rank 11 | trajectory 30 of circuit 93 -- done
rank 41 | trajectory 81 of circuit 1 -- done
rank 24 | trajectory 81 of circuit 27 -- done
rank 43 | trajectory 69 of circuit 70 -- done
rank 16 | trajectory 22 of circuit 7 -- done
rank 44 | trajectory 48 of circuit 41 -- done
rank 20 | trajectory 68 of circuit 20 -- done
rank 23 | trajectory 69 of circuit 85 -- done
rank 11 | trajectory 83 of circuit 13 -- done
rank 24 | trajectory 86 of circuit 42 -- done
rank 27 | trajectory 47 of circuit 95 -- done
rank 18 | trajectory 1 of circuit 37 -- done
rank 13 | trajectory 96 of circuit 100 -- done
rank 36 | trajectory 60 of circuit 54 -- done
rank 23 | trajectory 12 of circuit 23 -- done
rank 26 | trajectory 77 of circuit 19 -- done
rank 46 | trajectory 80 of circuit 13 -- done
rank 10 | trajectory 55 of circuit 33 -- done
rank 39 | trajectory 1 of circuit 8 -- done
rank 38 | trajectory 91 of circuit 26 -- done
rank 12 | trajectory 29 of circuit 11 -- done
rank 26 | trajectory 81 of circuit 3 -- done
rank 8 | trajectory 1 of circuit 5 -- done
rank 49 | trajectory 75 of circuit 7 -- done
rank 47 | trajectory 92 of circuit 45 -- done
rank 29 | trajectory 94 of circuit 34 -- done
rank 47 | trajectory 69 of circuit 82 -- done
rank 17 | trajectory 74 of circuit 80 -- done
rank 17 | trajectory 87 of circuit 55 -- done
rank 15 | trajectory 55 of circuit 19 -- done
rank 17 | trajectory 70 of circuit 3 -- done
rank 0 | trajectory 39 of circuit 20 -- done
rank 35 | trajectory 94 of circuit 60 -- done
rank 12 | trajectory 42 of circuit 47 -- done
rank 18 | trajectory 17 of circuit 37 -- done
rank 41 | trajectory 89 of circuit 28 -- done
rank 29 | trajectory 28 of circuit 33 -- done
rank 23 | trajectory 20 of circuit 37 -- done
rank 15 | trajectory 33 of circuit 60 -- done
rank 33 | trajectory 19 of circuit 61 -- done
rank 25 | trajectory 14 of circuit 12 -- done
rank 20 | trajectory 61 of circuit 4 -- done
rank 3 | trajectory 88 of circuit 8 -- done
rank 7 | trajectory 64 of circuit 6 -- done
rank 22 | trajectory 35 of circuit 4 -- done
rank 6 | trajectory 91 of circuit 51 -- done
rank 41 | trajectory 15 of circuit 81 -- done
rank 46 | trajectory 50 of circuit 56 -- done
rank 35 | trajectory 42 of circuit 37 -- done
rank 45 | trajectory 62 of circuit 84 -- done
rank 12 | trajectory 48 of circuit 32 -- done
rank 24 | trajectory 83 of circuit 64 -- done
rank 39 | trajectory 68 of circuit 27 -- done
rank 20 | trajectory 68 of circuit 49 -- done
rank 12 | trajectory 3 of circuit 95 -- done
rank 42 | trajectory 51 of circuit 87 -- done
rank 41 | trajectory 50 of circuit 66 -- done
rank 38 | trajectory 95 of circuit 37 -- done
rank 3 | trajectory 49 of circuit 95 -- done
rank 8 | trajectory 5 of circuit 48 -- done
rank 43 | trajectory 93 of circuit 18 -- done
rank 12 | trajectory 65 of circuit 89 -- done
rank 46 | trajectory 5 of circuit 43 -- done
rank 28 | trajectory 23 of circuit 60 -- done
rank 38 | trajectory 72 of circuit 18 -- done
rank 12 | trajectory 41 of circuit 53 -- done
rank 41 | trajectory 32 of circuit 22 -- done
rank 16 | trajectory 58 of circuit 19 -- done
rank 18 | trajectory 37 of circuit 37 -- done
rank 12 | trajectory 49 of circuit 47 -- done
rank 11 | trajectory 3 of circuit 78 -- done
rank 29 | trajectory 26 of circuit 29 -- done
rank 29 | trajectory 53 of circuit 17 -- done
rank 20 | trajectory 72 of circuit 52 -- done
rank 0 | trajectory 72 of circuit 17 -- done
rank 46 | trajectory 48 of circuit 100 -- done
rank 8 | trajectory 45 of circuit 55 -- done
rank 12 | trajectory 69 of circuit 38 -- done
rank 20 | trajectory 44 of circuit 15 -- done
rank 24 | trajectory 14 of circuit 24 -- done
rank 0 | trajectory 70 of circuit 62 -- done
rank 19 | trajectory 12 of circuit 29 -- done
rank 38 | trajectory 32 of circuit 38 -- done
rank 20 | trajectory 25 of circuit 71 -- done
rank 18 | trajectory 24 of circuit 66 -- done
rank 20 | trajectory 10 of circuit 73 -- done
rank 28 | trajectory 57 of circuit 18 -- done
rank 12 | trajectory 96 of circuit 43 -- done
rank 0 | trajectory 23 of circuit 36 -- done
rank 46 | trajectory 78 of circuit 92 -- done
rank 25 | trajectory 26 of circuit 11 -- done
rank 19 | trajectory 66 of circuit 13 -- done
rank 5 | trajectory 1 of circuit 69 -- done
rank 13 | trajectory 42 of circuit 12 -- done
rank 23 | trajectory 15 of circuit 73 -- done
rank 7 | trajectory 60 of circuit 39 -- done
rank 42 | trajectory 29 of circuit 73 -- done
rank 47 | trajectory 23 of circuit 66 -- done
rank 20 | trajectory 43 of circuit 58 -- done
rank 33 | trajectory 46 of circuit 91 -- done
rank 48 | trajectory 26 of circuit 56 -- done
rank 10 | trajectory 8 of circuit 20 -- done
rank 16 | trajectory 7 of circuit 94 -- done
rank 2 | trajectory 32 of circuit 43 -- done
rank 38 | trajectory 66 of circuit 78 -- done
rank 2 | trajectory 42 of circuit 20 -- done
rank 22 | trajectory 17 of circuit 4 -- done
rank 43 | trajectory 86 of circuit 33 -- done
rank 35 | trajectory 52 of circuit 32 -- done
rank 5 | trajectory 47 of circuit 41 -- done
rank 49 | trajectory 30 of circuit 63 -- done
rank 23 | trajectory 72 of circuit 29 -- done
rank 24 | trajectory 3 of circuit 18 -- done
rank 41 | trajectory 16 of circuit 25 -- done
rank 10 | trajectory 23 of circuit 4 -- done
rank 2 | trajectory 90 of circuit 72 -- done
rank 48 | trajectory 32 of circuit 51 -- done
rank 3 | trajectory 95 of circuit 44 -- done
rank 43 | trajectory 31 of circuit 60 -- done
rank 0 | trajectory 90 of circuit 25 -- done
rank 25 | trajectory 33 of circuit 36 -- done
rank 26 | trajectory 6 of circuit 2 -- done
rank 8 | trajectory 26 of circuit 6 -- done
rank 18 | trajectory 32 of circuit 10 -- done
rank 4 | trajectory 21 of circuit 59 -- done
rank 2 | trajectory 51 of circuit 29 -- done
rank 20 | trajectory 82 of circuit 75 -- done
rank 48 | trajectory 38 of circuit 99 -- done
rank 39 | trajectory 59 of circuit 12 -- done
rank 27 | trajectory 56 of circuit 63 -- done
rank 12 | trajectory 87 of circuit 18 -- done
rank 47 | trajectory 93 of circuit 67 -- done
rank 42 | trajectory 66 of circuit 28 -- done
rank 36 | trajectory 29 of circuit 70 -- done
rank 19 | trajectory 90 of circuit 22 -- done
rank 49 | trajectory 9 of circuit 100 -- done
rank 44 | trajectory 34 of circuit 40 -- done
rank 39 | trajectory 42 of circuit 14 -- done
rank 2 | trajectory 39 of circuit 13 -- done
rank 20 | trajectory 34 of circuit 74 -- done
rank 24 | trajectory 66 of circuit 3 -- done
rank 28 | trajectory 63 of circuit 64 -- done
rank 4 | trajectory 40 of circuit 19 -- done
rank 20 | trajectory 17 of circuit 79 -- done
rank 5 | trajectory 75 of circuit 28 -- done
rank 36 | trajectory 96 of circuit 6 -- done
rank 43 | trajectory 24 of circuit 36 -- done
rank 27 | trajectory 24 of circuit 1 -- done
rank 4 | trajectory 38 of circuit 71 -- done
rank 48 | trajectory 53 of circuit 84 -- done
rank 25 | trajectory 40 of circuit 5 -- done
rank 23 | trajectory 41 of circuit 45 -- done
rank 6 | trajectory 76 of circuit 38 -- done
rank 24 | trajectory 79 of circuit 16 -- done
rank 49 | trajectory 31 of circuit 8 -- done
rank 44 | trajectory 39 of circuit 25 -- done
rank 26 | trajectory 82 of circuit 13 -- done
rank 26 | trajectory 84 of circuit 40 -- done
rank 10 | trajectory 51 of circuit 65 -- done
rank 14 | trajectory 51 of circuit 13 -- done
rank 44 | trajectory 4 of circuit 21 -- done
rank 3 | trajectory 69 of circuit 34 -- done
rank 32 | trajectory 82 of circuit 23 -- done
rank 44 | trajectory 63 of circuit 79 -- done
rank 33 | trajectory 13 of circuit 20 -- done
rank 18 | trajectory 33 of circuit 44 -- done
rank 0 | trajectory 86 of circuit 14 -- done
rank 16 | trajectory 80 of circuit 83 -- done
rank 15 | trajectory 33 of circuit 76 -- done
rank 46 | trajectory 95 of circuit 33 -- done
rank 18 | trajectory 34 of circuit 31 -- done
rank 20 | trajectory 22 of circuit 17 -- done
rank 27 | trajectory 27 of circuit 79 -- done
rank 15 | trajectory 28 of circuit 19 -- done
rank 27 | trajectory 65 of circuit 4 -- done
rank 36 | trajectory 71 of circuit 3 -- done
rank 39 | trajectory 94 of circuit 37 -- done
rank 14 | trajectory 87 of circuit 33 -- done
rank 17 | trajectory 43 of circuit 65 -- done
rank 36 | trajectory 7 of circuit 1 -- done
rank 47 | trajectory 22 of circuit 80 -- done
rank 12 | trajectory 56 of circuit 37 -- done
rank 45 | trajectory 91 of circuit 8 -- done
rank 15 | trajectory 77 of circuit 8 -- done
rank 11 | trajectory 54 of circuit 8 -- done
rank 29 | trajectory 63 of circuit 51 -- done
rank 5 | trajectory 51 of circuit 30 -- done
rank 26 | trajectory 62 of circuit 2 -- done
rank 38 | trajectory 52 of circuit 68 -- done
rank 35 | trajectory 84 of circuit 57 -- done
rank 18 | trajectory 80 of circuit 63 -- done
rank 35 | trajectory 34 of circuit 67 -- done
rank 26 | trajectory 33 of circuit 5 -- done
rank 9 | trajectory 6 of circuit 18 -- done
rank 35 | trajectory 36 of circuit 32 -- done
rank 24 | trajectory 15 of circuit 42 -- done
rank 27 | trajectory 85 of circuit 4 -- done
rank 26 | trajectory 7 of circuit 49 -- done
rank 5 | trajectory 51 of circuit 12 -- done
rank 42 | trajectory 79 of circuit 30 -- done
rank 29 | trajectory 70 of circuit 42 -- done
rank 25 | trajectory 37 of circuit 63 -- done
rank 26 | trajectory 90 of circuit 20 -- done
rank 23 | trajectory 19 of circuit 40 -- done
rank 38 | trajectory 86 of circuit 3 -- done
rank 26 | trajectory 72 of circuit 32 -- done
rank 20 | trajectory 39 of circuit 49 -- done
rank 49 | trajectory 89 of circuit 50 -- done
rank 38 | trajectory 38 of circuit 52 -- done
rank 15 | trajectory 84 of circuit 43 -- done
rank 0 | trajectory 30 of circuit 14 -- done
rank 33 | trajectory 63 of circuit 9 -- done
rank 7 | trajectory 55 of circuit 10 -- done
rank 39 | trajectory 11 of circuit 6 -- done
rank 9 | trajectory 52 of circuit 25 -- done
rank 3 | trajectory 46 of circuit 8 -- done
rank 38 | trajectory 59 of circuit 84 -- done
rank 20 | trajectory 54 of circuit 83 -- done
rank 43 | trajectory 60 of circuit 5 -- done
rank 36 | trajectory 81 of circuit 92 -- done
rank 18 | trajectory 84 of circuit 8 -- done
rank 23 | trajectory 38 of circuit 18 -- done
rank 38 | trajectory 35 of circuit 70 -- done
rank 42 | trajectory 58 of circuit 91 -- done
rank 15 | trajectory 3 of circuit 15 -- done
rank 46 | trajectory 20 of circuit 96 -- done
rank 0 | trajectory 56 of circuit 58 -- done
rank 47 | trajectory 85 of circuit 79 -- done
rank 38 | trajectory 16 of circuit 38 -- done
rank 28 | trajectory 88 of circuit 52 -- done
rank 43 | trajectory 80 of circuit 67 -- done
rank 24 | trajectory 88 of circuit 5 -- done
rank 38 | trajectory 53 of circuit 52 -- done
rank 42 | trajectory 61 of circuit 49 -- done
rank 5 | trajectory 79 of circuit 2 -- done
rank 13 | trajectory 15 of circuit 43 -- done
rank 8 | trajectory 82 of circuit 40 -- done
rank 11 | trajectory 61 of circuit 71 -- done
rank 42 | trajectory 64 of circuit 84 -- done
rank 7 | trajectory 78 of circuit 3 -- done
rank 18 | trajectory 8 of circuit 76 -- done
rank 19 | trajectory 1 of circuit 27 -- done
rank 42 | trajectory 83 of circuit 22 -- done
rank 25 | trajectory 59 of circuit 1 -- done
rank 12 | trajectory 19 of circuit 52 -- done
rank 28 | trajectory 7 of circuit 89 -- done
rank 27 | trajectory 50 of circuit 12 -- done
rank 45 | trajectory 13 of circuit 30 -- done
rank 42 | trajectory 52 of circuit 78 -- done
rank 38 | trajectory 34 of circuit 9 -- done
rank 6 | trajectory 29 of circuit 86 -- done
rank 13 | trajectory 43 of circuit 37 -- done
rank 41 | trajectory 43 of circuit 32 -- done
rank 41 | trajectory 90 of circuit 68 -- done
rank 43 | trajectory 5 of circuit 39 -- done
rank 6 | trajectory 58 of circuit 27 -- done
rank 18 | trajectory 93 of circuit 26 -- done
rank 23 | trajectory 26 of circuit 41 -- done
rank 6 | trajectory 12 of circuit 3 -- done
rank 0 | trajectory 7 of circuit 72 -- done
rank 3 | trajectory 48 of circuit 1 -- done
rank 17 | trajectory 21 of circuit 39 -- done
rank 34 | trajectory 95 of circuit 77 -- done
rank 33 | trajectory 32 of circuit 32 -- done
rank 8 | trajectory 38 of circuit 41 -- done
rank 35 | trajectory 70 of circuit 87 -- done
rank 22 | trajectory 13 of circuit 1 -- done
rank 13 | trajectory 16 of circuit 51 -- done
rank 48 | trajectory 27 of circuit 25 -- done
rank 41 | trajectory 36 of circuit 50 -- done
rank 2 | trajectory 14 of circuit 5 -- done
rank 18 | trajectory 44 of circuit 97 -- done
rank 23 | trajectory 17 of circuit 15 -- done
rank 28 | trajectory 67 of circuit 52 -- done
rank 20 | trajectory 41 of circuit 32 -- done
rank 8 | trajectory 86 of circuit 25 -- done
rank 11 | trajectory 85 of circuit 20 -- done
rank 20 | trajectory 18 of circuit 16 -- done
rank 14 | trajectory 9 of circuit 12 -- done
rank 0 | trajectory 73 of circuit 41 -- done
rank 6 | trajectory 15 of circuit 38 -- done
rank 42 | trajectory 87 of circuit 76 -- done
rank 49 | trajectory 29 of circuit 35 -- done
rank 12 | trajectory 63 of circuit 34 -- done
rank 10 | trajectory 20 of circuit 64 -- done
rank 26 | trajectory 85 of circuit 3 -- done
rank 25 | trajectory 65 of circuit 40 -- done
rank 16 | trajectory 1 of circuit 44 -- done
rank 25 | trajectory 57 of circuit 88 -- done
rank 46 | trajectory 7 of circuit 95 -- done
rank 10 | trajectory 74 of circuit 6 -- done
rank 46 | trajectory 8 of circuit 54 -- done
rank 20 | trajectory 46 of circuit 53 -- done
rank 0 | trajectory 56 of circuit 57 -- done
rank 39 | trajectory 10 of circuit 13 -- done
rank 12 | trajectory 34 of circuit 59 -- done
rank 29 | trajectory 95 of circuit 12 -- done
rank 18 | trajectory 61 of circuit 1 -- done
rank 27 | trajectory 75 of circuit 83 -- done
rank 12 | trajectory 67 of circuit 60 -- done
rank 8 | trajectory 94 of circuit 33 -- done
rank 24 | trajectory 91 of circuit 19 -- done
rank 0 | trajectory 33 of circuit 34 -- done
rank 13 | trajectory 77 of circuit 6 -- done
rank 17 | trajectory 38 of circuit 81 -- done
rank 13 | trajectory 26 of circuit 79 -- done
rank 32 | trajectory 52 of circuit 44 -- done
rank 42 | trajectory 14 of circuit 43 -- done
rank 26 | trajectory 17 of circuit 35 -- done
rank 18 | trajectory 22 of circuit 11 -- done
rank 0 | trajectory 82 of circuit 50 -- done
rank 41 | trajectory 31 of circuit 89 -- done
rank 29 | trajectory 12 of circuit 10 -- done
rank 5 | trajectory 57 of circuit 36 -- done
rank 3 | trajectory 90 of circuit 1 -- done
rank 28 | trajectory 20 of circuit 1 -- done
rank 26 | trajectory 39 of circuit 87 -- done
rank 18 | trajectory 88 of circuit 66 -- done
rank 23 | trajectory 3 of circuit 69 -- done
rank 14 | trajectory 11 of circuit 4 -- done
rank 20 | trajectory 59 of circuit 39 -- done
rank 24 | trajectory 18 of circuit 58 -- done
rank 41 | trajectory 94 of circuit 47 -- done
rank 48 | trajectory 46 of circuit 38 -- done
rank 30 | trajectory 36 of circuit 24 -- done
rank 36 | trajectory 69 of circuit 15 -- done
rank 47 | trajectory 91 of circuit 57 -- done
rank 23 | trajectory 84 of circuit 39 -- done
rank 10 | trajectory 94 of circuit 89 -- done
rank 23 | trajectory 20 of circuit 22 -- done
rank 20 | trajectory 24 of circuit 48 -- done
rank 39 | trajectory 20 of circuit 3 -- done
rank 9 | trajectory 14 of circuit 26 -- done
rank 23 | trajectory 81 of circuit 87 -- done
rank 39 | trajectory 36 of circuit 22 -- done
rank 43 | trajectory 59 of circuit 55 -- done
rank 28 | trajectory 88 of circuit 85 -- done
rank 43 | trajectory 46 of circuit 85 -- done
rank 28 | trajectory 75 of circuit 88 -- done
rank 0 | trajectory 88 of circuit 7 -- done
rank 22 | trajectory 34 of circuit 37 -- done
rank 38 | trajectory 61 of circuit 77 -- done
rank 0 | trajectory 19 of circuit 51 -- done
rank 23 | trajectory 77 of circuit 4 -- done
rank 8 | trajectory 76 of circuit 14 -- done
rank 46 | trajectory 26 of circuit 69 -- done
rank 28 | trajectory 41 of circuit 30 -- done
rank 12 | trajectory 52 of circuit 28 -- done
rank 20 | trajectory 94 of circuit 86 -- done
rank 41 | trajectory 6 of circuit 54 -- done
rank 5 | trajectory 21 of circuit 23 -- done
rank 15 | trajectory 87 of circuit 53 -- done
rank 48 | trajectory 95 of circuit 68 -- done
rank 7 | trajectory 79 of circuit 25 -- done
rank 48 | trajectory 64 of circuit 11 -- done
rank 0 | trajectory 13 of circuit 7 -- done
rank 13 | trajectory 74 of circuit 14 -- done
rank 13 | trajectory 93 of circuit 1 -- done
rank 7 | trajectory 11 of circuit 61 -- done
rank 8 | trajectory 70 of circuit 31 -- done
rank 0 | trajectory 22 of circuit 82 -- done
rank 27 | trajectory 36 of circuit 42 -- done
rank 29 | trajectory 61 of circuit 32 -- done
rank 0 | trajectory 54 of circuit 80 -- done
rank 29 | trajectory 43 of circuit 3 -- done
rank 8 | trajectory 87 of circuit 32 -- done
rank 25 | trajectory 87 of circuit 1 -- done
rank 26 | trajectory 52 of circuit 62 -- done
rank 3 | trajectory 26 of circuit 9 -- done
rank 6 | trajectory 33 of circuit 81 -- done
rank 47 | trajectory 58 of circuit 24 -- done
rank 39 | trajectory 19 of circuit 59 -- done
rank 12 | trajectory 63 of circuit 7 -- done
rank 13 | trajectory 73 of circuit 75 -- done
rank 15 | trajectory 47 of circuit 11 -- done
rank 27 | trajectory 54 of circuit 33 -- done
rank 11 | trajectory 16 of circuit 6 -- done
rank 19 | trajectory 21 of circuit 27 -- done
rank 25 | trajectory 4 of circuit 18 -- done
rank 18 | trajectory 15 of circuit 40 -- done
rank 35 | trajectory 90 of circuit 36 -- done
rank 17 | trajectory 20 of circuit 6 -- done
rank 46 | trajectory 29 of circuit 43 -- done
rank 17 | trajectory 76 of circuit 2 -- done
rank 18 | trajectory 88 of circuit 61 -- done
rank 47 | trajectory 56 of circuit 17 -- done
rank 46 | trajectory 90 of circuit 29 -- done
rank 9 | trajectory 73 of circuit 38 -- done
rank 1 | trajectory 82 of circuit 10 -- done
rank 12 | trajectory 31 of circuit 5 -- done
rank 13 | trajectory 61 of circuit 6 -- done
rank 42 | trajectory 87 of circuit 57 -- done
rank 41 | trajectory 61 of circuit 21 -- done
rank 34 | trajectory 63 of circuit 46 -- done
rank 32 | trajectory 85 of circuit 8 -- done
rank 28 | trajectory 35 of circuit 12 -- done
rank 43 | trajectory 6 of circuit 69 -- done
rank 11 | trajectory 25 of circuit 24 -- done
rank 15 | trajectory 68 of circuit 12 -- done
rank 0 | trajectory 78 of circuit 26 -- done
rank 12 | trajectory 33 of circuit 42 -- done
rank 19 | trajectory 18 of circuit 46 -- done
rank 46 | trajectory 25 of circuit 78 -- done
rank 16 | trajectory 31 of circuit 17 -- done
rank 36 | trajectory 16 of circuit 72 -- done
rank 23 | trajectory 72 of circuit 76 -- done
rank 20 | trajectory 45 of circuit 14 -- done
rank 36 | trajectory 8 of circuit 93 -- done
rank 43 | trajectory 42 of circuit 11 -- done
rank 27 | trajectory 87 of circuit 35 -- done
rank 17 | trajectory 71 of circuit 82 -- done
rank 46 | trajectory 46 of circuit 80 -- done
rank 48 | trajectory 40 of circuit 14 -- done
rank 27 | trajectory 42 of circuit 50 -- done
rank 42 | trajectory 38 of circuit 42 -- done
rank 5 | trajectory 30 of circuit 20 -- done
rank 43 | trajectory 30 of circuit 56 -- done
rank 48 | trajectory 86 of circuit 90 -- done
rank 5 | trajectory 93 of circuit 53 -- done
rank 28 | trajectory 86 of circuit 20 -- done
rank 26 | trajectory 91 of circuit 74 -- done
rank 24 | trajectory 95 of circuit 54 -- done
rank 45 | trajectory 50 of circuit 16 -- done
rank 49 | trajectory 7 of circuit 6 -- done
rank 30 | trajectory 23 of circuit 27 -- done
rank 26 | trajectory 66 of circuit 18 -- done
rank 25 | trajectory 15 of circuit 31 -- done
rank 47 | trajectory 29 of circuit 59 -- done
rank 40 | trajectory 85 of circuit 50 -- done
rank 48 | trajectory 69 of circuit 35 -- done
rank 29 | trajectory 37 of circuit 27 -- done
rank 38 | trajectory 37 of circuit 26 -- done
rank 34 | trajectory 64 of circuit 47 -- done
rank 22 | trajectory 80 of circuit 14 -- done
rank 47 | trajectory 74 of circuit 75 -- done
rank 43 | trajectory 81 of circuit 39 -- done
rank 26 | trajectory 75 of circuit 25 -- done
rank 45 | trajectory 30 of circuit 5 -- done
rank 13 | trajectory 48 of circuit 87 -- done
rank 29 | trajectory 40 of circuit 17 -- done
rank 28 | trajectory 56 of circuit 14 -- done
rank 28 | trajectory 27 of circuit 54 -- done
rank 25 | trajectory 19 of circuit 54 -- done
rank 41 | trajectory 85 of circuit 25 -- done
rank 24 | trajectory 29 of circuit 38 -- done
rank 36 | trajectory 68 of circuit 59 -- done
rank 5 | trajectory 87 of circuit 22 -- done
rank 3 | trajectory 26 of circuit 17 -- done
rank 12 | trajectory 59 of circuit 58 -- done
rank 5 | trajectory 15 of circuit 7 -- done
rank 20 | trajectory 13 of circuit 69 -- done
rank 41 | trajectory 56 of circuit 32 -- done
rank 48 | trajectory 88 of circuit 70 -- done
rank 4 | trajectory 6 of circuit 34 -- done
rank 30 | trajectory 3 of circuit 96 -- done
rank 11 | trajectory 47 of circuit 22 -- done
rank 23 | trajectory 46 of circuit 78 -- done
rank 11 | trajectory 10 of circuit 49 -- done
rank 38 | trajectory 19 of circuit 6 -- done
rank 18 | trajectory 42 of circuit 16 -- done
rank 41 | trajectory 45 of circuit 8 -- done
rank 48 | trajectory 20 of circuit 35 -- done
rank 18 | trajectory 80 of circuit 39 -- done
rank 24 | trajectory 26 of circuit 54 -- done
rank 42 | trajectory 54 of circuit 36 -- done
rank 35 | trajectory 33 of circuit 16 -- done
rank 13 | trajectory 62 of circuit 62 -- done
rank 3 | trajectory 85 of circuit 2 -- done
rank 23 | trajectory 29 of circuit 68 -- done
rank 42 | trajectory 62 of circuit 65 -- done
rank 47 | trajectory 80 of circuit 86 -- done
rank 30 | trajectory 85 of circuit 52 -- done
rank 47 | trajectory 87 of circuit 13 -- done
rank 46 | trajectory 85 of circuit 15 -- done
rank 42 | trajectory 56 of circuit 19 -- done
rank 43 | trajectory 50 of circuit 47 -- done
rank 43 | trajectory 35 of circuit 7 -- done
rank 45 | trajectory 6 of circuit 6 -- done
rank 39 | trajectory 85 of circuit 31 -- done
rank 27 | trajectory 50 of circuit 24 -- done
rank 20 | trajectory 28 of circuit 34 -- done
rank 35 | trajectory 24 of circuit 72 -- done
rank 12 | trajectory 93 of circuit 8 -- done
rank 23 | trajectory 73 of circuit 54 -- done
rank 19 | trajectory 59 of circuit 76 -- done
rank 36 | trajectory 67 of circuit 30 -- done
rank 12 | trajectory 17 of circuit 32 -- done
rank 35 | trajectory 45 of circuit 97 -- done
rank 12 | trajectory 89 of circuit 27 -- done
rank 28 | trajectory 48 of circuit 7 -- done
rank 47 | trajectory 55 of circuit 57 -- done
rank 16 | trajectory 13 of circuit 60 -- done
rank 24 | trajectory 96 of circuit 18 -- done
rank 30 | trajectory 64 of circuit 10 -- done
rank 15 | trajectory 60 of circuit 42 -- done
rank 49 | trajectory 10 of circuit 68 -- done
rank 46 | trajectory 91 of circuit 67 -- done
rank 11 | trajectory 5 of circuit 52 -- done
rank 29 | trajectory 33 of circuit 91 -- done
rank 34 | trajectory 93 of circuit 44 -- done
rank 19 | trajectory 24 of circuit 92 -- done
rank 41 | trajectory 44 of circuit 21 -- done
rank 11 | trajectory 77 of circuit 23 -- done
rank 12 | trajectory 18 of circuit 73 -- done
rank 32 | trajectory 53 of circuit 44 -- done
rank 15 | trajectory 6 of circuit 40 -- done
rank 23 | trajectory 32 of circuit 59 -- done
rank 41 | trajectory 7 of circuit 31 -- done
rank 34 | trajectory 72 of circuit 4 -- done
rank 2 | trajectory 91 of circuit 9 -- done
rank 42 | trajectory 23 of circuit 64 -- done
rank 39 | trajectory 52 of circuit 22 -- done
rank 39 | trajectory 60 of circuit 20 -- done
rank 25 | trajectory 73 of circuit 4 -- done
rank 48 | trajectory 9 of circuit 10 -- done
rank 24 | trajectory 52 of circuit 92 -- done
rank 0 | trajectory 28 of circuit 22 -- done
rank 10 | trajectory 19 of circuit 30 -- done
rank 29 | trajectory 48 of circuit 12 -- done
rank 27 | trajectory 40 of circuit 6 -- done
rank 27 | trajectory 88 of circuit 44 -- done
rank 9 | trajectory 66 of circuit 14 -- done
rank 49 | trajectory 24 of circuit 85 -- done
rank 42 | trajectory 33 of circuit 4 -- done
rank 35 | trajectory 92 of circuit 62 -- done
rank 41 | trajectory 47 of circuit 39 -- done
rank 3 | trajectory 32 of circuit 5 -- done
rank 25 | trajectory 89 of circuit 8 -- done
rank 15 | trajectory 74 of circuit 97 -- done
rank 33 | trajectory 11 of circuit 7 -- done
rank 25 | trajectory 59 of circuit 47 -- done
rank 45 | trajectory 5 of circuit 10 -- done
rank 19 | trajectory 10 of circuit 33 -- done
rank 9 | trajectory 44 of circuit 18 -- done
rank 46 | trajectory 40 of circuit 25 -- done
rank 36 | trajectory 50 of circuit 62 -- done
rank 34 | trajectory 82 of circuit 68 -- done
rank 30 | trajectory 30 of circuit 13 -- done
rank 46 | trajectory 94 of circuit 8 -- done
rank 20 | trajectory 74 of circuit 18 -- done
rank 24 | trajectory 49 of circuit 41 -- done
rank 36 | trajectory 21 of circuit 5 -- done
rank 36 | trajectory 23 of circuit 52 -- done
rank 13 | trajectory 57 of circuit 52 -- done
rank 25 | trajectory 70 of circuit 8 -- done
rank 28 | trajectory 34 of circuit 20 -- done
rank 2 | trajectory 41 of circuit 67 -- done
rank 27 | trajectory 54 of circuit 12 -- done
rank 12 | trajectory 96 of circuit 77 -- done
rank 43 | trajectory 13 of circuit 94 -- done
rank 46 | trajectory 37 of circuit 34 -- done
rank 15 | trajectory 76 of circuit 67 -- done
rank 47 | trajectory 34 of circuit 34 -- done
rank 15 | trajectory 81 of circuit 30 -- done
rank 13 | trajectory 30 of circuit 70 -- done
rank 45 | trajectory 19 of circuit 73 -- done
rank 9 | trajectory 15 of circuit 69 -- done
rank 23 | trajectory 69 of circuit 92 -- done
rank 4 | trajectory 82 of circuit 43 -- done
rank 46 | trajectory 86 of circuit 53 -- done
rank 27 | trajectory 53 of circuit 51 -- done
rank 6 | trajectory 90 of circuit 17 -- done
rank 15 | trajectory 59 of circuit 100 -- done
rank 17 | trajectory 29 of circuit 9 -- done
rank 30 | trajectory 37 of circuit 78 -- done
rank 48 | trajectory 55 of circuit 11 -- done
rank 20 | trajectory 1 of circuit 55 -- done
rank 28 | trajectory 92 of circuit 65 -- done
rank 42 | trajectory 60 of circuit 43 -- done
rank 38 | trajectory 24 of circuit 9 -- done
rank 32 | trajectory 46 of circuit 13 -- done
rank 26 | trajectory 13 of circuit 39 -- done
rank 11 | trajectory 65 of circuit 42 -- done
rank 7 | trajectory 77 of circuit 36 -- done
rank 42 | trajectory 3 of circuit 74 -- done
rank 24 | trajectory 67 of circuit 82 -- done
rank 41 | trajectory 48 of circuit 60 -- done
rank 35 | trajectory 26 of circuit 32 -- done
rank 48 | trajectory 13 of circuit 77 -- done
rank 32 | trajectory 40 of circuit 33 -- done
rank 24 | trajectory 71 of circuit 13 -- done
rank 38 | trajectory 83 of circuit 34 -- done
rank 5 | trajectory 91 of circuit 42 -- done
rank 10 | trajectory 52 of circuit 10 -- done
rank 43 | trajectory 9 of circuit 22 -- done
rank 4 | trajectory 76 of circuit 3 -- done
rank 48 | trajectory 35 of circuit 36 -- done
rank 32 | trajectory 43 of circuit 57 -- done
rank 42 | trajectory 40 of circuit 23 -- done
rank 42 | trajectory 39 of circuit 51 -- done
rank 9 | trajectory 22 of circuit 98 -- done
rank 36 | trajectory 62 of circuit 44 -- done
rank 16 | trajectory 58 of circuit 9 -- done
rank 43 | trajectory 89 of circuit 76 -- done
rank 47 | trajectory 45 of circuit 37 -- done
rank 13 | trajectory 48 of circuit 72 -- done
rank 20 | trajectory 31 of circuit 53 -- done
rank 11 | trajectory 72 of circuit 7 -- done
rank 30 | trajectory 48 of circuit 81 -- done
rank 47 | trajectory 62 of circuit 48 -- done
rank 3 | trajectory 70 of circuit 6 -- done
rank 16 | trajectory 56 of circuit 35 -- done
rank 29 | trajectory 46 of circuit 26 -- done
rank 12 | trajectory 16 of circuit 74 -- done
rank 5 | trajectory 36 of circuit 94 -- done
rank 17 | trajectory 59 of circuit 68 -- done
rank 47 | trajectory 9 of circuit 2 -- done
rank 16 | trajectory 52 of circuit 35 -- done
rank 24 | trajectory 69 of circuit 25 -- done
rank 25 | trajectory 29 of circuit 85 -- done
rank 7 | trajectory 74 of circuit 7 -- done
rank 0 | trajectory 45 of circuit 12 -- done
rank 30 | trajectory 12 of circuit 38 -- done
rank 23 | trajectory 85 of circuit 55 -- done
rank 48 | trajectory 11 of circuit 13 -- done
rank 12 | trajectory 89 of circuit 10 -- done
rank 30 | trajectory 94 of circuit 30 -- done
rank 41 | trajectory 11 of circuit 23 -- done
rank 5 | trajectory 95 of circuit 29 -- done
rank 38 | trajectory 54 of circuit 90 -- done
rank 5 | trajectory 42 of circuit 8 -- done
rank 38 | trajectory 71 of circuit 22 -- done
rank 23 | trajectory 86 of circuit 89 -- done
rank 9 | trajectory 22 of circuit 5 -- done
rank 43 | trajectory 61 of circuit 60 -- done
rank 9 | trajectory 2 of circuit 38 -- done
rank 46 | trajectory 9 of circuit 63 -- done
rank 44 | trajectory 42 of circuit 5 -- done
rank 43 | trajectory 86 of circuit 5 -- done
rank 28 | trajectory 43 of circuit 18 -- done
rank 3 | trajectory 95 of circuit 22 -- done
rank 37 | trajectory 81 of circuit 16 -- done
rank 33 | trajectory 8 of circuit 21 -- done
rank 20 | trajectory 27 of circuit 3 -- done
rank 46 | trajectory 31 of circuit 71 -- done
rank 3 | trajectory 72 of circuit 16 -- done
rank 23 | trajectory 11 of circuit 36 -- done
rank 0 | trajectory 15 of circuit 11 -- done
rank 24 | trajectory 36 of circuit 78 -- done
rank 9 | trajectory 50 of circuit 11 -- done
rank 0 | trajectory 16 of circuit 1 -- done
rank 24 | trajectory 92 of circuit 11 -- done
rank 42 | trajectory 34 of circuit 90 -- done
rank 18 | trajectory 8 of circuit 75 -- done
rank 41 | trajectory 85 of circuit 29 -- done
rank 26 | trajectory 7 of circuit 30 -- done
rank 30 | trajectory 88 of circuit 51 -- done
rank 35 | trajectory 51 of circuit 8 -- done
rank 27 | trajectory 94 of circuit 4 -- done
rank 36 | trajectory 46 of circuit 39 -- done
rank 16 | trajectory 84 of circuit 6 -- done
rank 32 | trajectory 71 of circuit 59 -- done
rank 29 | trajectory 48 of circuit 84 -- done
rank 20 | trajectory 46 of circuit 18 -- done
rank 42 | trajectory 96 of circuit 94 -- done
rank 38 | trajectory 66 of circuit 42 -- done
rank 11 | trajectory 87 of circuit 23 -- done
rank 10 | trajectory 79 of circuit 15 -- done
rank 0 | trajectory 58 of circuit 58 -- done
rank 12 | trajectory 45 of circuit 61 -- done
rank 4 | trajectory 19 of circuit 58 -- done
rank 47 | trajectory 59 of circuit 36 -- done
rank 30 | trajectory 41 of circuit 7 -- done
rank 6 | trajectory 51 of circuit 26 -- done
rank 24 | trajectory 54 of circuit 30 -- done
rank 14 | trajectory 74 of circuit 78 -- done
rank 48 | trajectory 83 of circuit 26 -- done
rank 13 | trajectory 86 of circuit 17 -- done
rank 47 | trajectory 43 of circuit 30 -- done
rank 16 | trajectory 65 of circuit 48 -- done
rank 6 | trajectory 96 of circuit 23 -- done
rank 32 | trajectory 1 of circuit 35 -- done
rank 49 | trajectory 80 of circuit 11 -- done
rank 32 | trajectory 34 of circuit 68 -- done
rank 43 | trajectory 22 of circuit 4 -- done
rank 47 | trajectory 49 of circuit 22 -- done
rank 48 | trajectory 81 of circuit 85 -- done
rank 47 | trajectory 37 of circuit 39 -- done
rank 41 | trajectory 28 of circuit 20 -- done
rank 28 | trajectory 45 of circuit 18 -- done
rank 18 | trajectory 11 of circuit 44 -- done
rank 24 | trajectory 42 of circuit 3 -- done
rank 13 | trajectory 82 of circuit 17 -- done
rank 44 | trajectory 57 of circuit 1 -- done
rank 30 | trajectory 20 of circuit 28 -- done
rank 11 | trajectory 85 of circuit 10 -- done
rank 10 | trajectory 82 of circuit 30 -- done
rank 25 | trajectory 6 of circuit 66 -- done
rank 10 | trajectory 68 of circuit 75 -- done
rank 45 | trajectory 81 of circuit 90 -- done
rank 32 | trajectory 44 of circuit 7 -- done
rank 39 | trajectory 67 of circuit 9 -- done
rank 26 | trajectory 50 of circuit 69 -- done
rank 27 | trajectory 59 of circuit 10 -- done
rank 45 | trajectory 92 of circuit 5 -- done
rank 20 | trajectory 89 of circuit 59 -- done
rank 24 | trajectory 31 of circuit 13 -- done
rank 30 | trajectory 40 of circuit 71 -- done
rank 27 | trajectory 59 of circuit 45 -- done
rank 45 | trajectory 93 of circuit 22 -- done
rank 25 | trajectory 79 of circuit 18 -- done
rank 29 | trajectory 92 of circuit 100 -- done
rank 42 | trajectory 5 of circuit 25 -- done
rank 24 | trajectory 47 of circuit 89 -- done
rank 10 | trajectory 56 of circuit 5 -- done
rank 13 | trajectory 90 of circuit 86 -- done
rank 4 | trajectory 96 of circuit 1 -- done
rank 23 | trajectory 50 of circuit 37 -- done
rank 42 | trajectory 79 of circuit 21 -- done
rank 28 | trajectory 46 of circuit 24 -- done
rank 10 | trajectory 87 of circuit 38 -- done
rank 3 | trajectory 50 of circuit 45 -- done
rank 46 | trajectory 14 of circuit 49 -- done
rank 11 | trajectory 7 of circuit 96 -- done
rank 47 | trajectory 3 of circuit 42 -- done
rank 0 | trajectory 95 of circuit 35 -- done
rank 6 | trajectory 86 of circuit 74 -- done
rank 0 | trajectory 3 of circuit 36 -- done
rank 39 | trajectory 4 of circuit 3 -- done
rank 42 | trajectory 26 of circuit 83 -- done
rank 48 | trajectory 8 of circuit 47 -- done
rank 14 | trajectory 88 of circuit 32 -- done
rank 0 | trajectory 80 of circuit 72 -- done
rank 28 | trajectory 75 of circuit 22 -- done
rank 30 | trajectory 15 of circuit 39 -- done
rank 20 | trajectory 49 of circuit 46 -- done
rank 24 | trajectory 11 of circuit 46 -- done
rank 49 | trajectory 12 of circuit 76 -- done
rank 33 | trajectory 53 of circuit 26 -- done
rank 16 | trajectory 17 of circuit 60 -- done
rank 15 | trajectory 35 of circuit 11 -- done
rank 20 | trajectory 24 of circuit 53 -- done
rank 38 | trajectory 1 of circuit 22 -- done
rank 7 | trajectory 54 of circuit 14 -- done
rank 16 | trajectory 13 of circuit 34 -- done
rank 48 | trajectory 23 of circuit 1 -- done
rank 33 | trajectory 11 of circuit 57 -- done
rank 43 | trajectory 78 of circuit 25 -- done
rank 24 | trajectory 62 of circuit 55 -- done
rank 12 | trajectory 92 of circuit 63 -- done
rank 11 | trajectory 96 of circuit 66 -- done
rank 27 | trajectory 9 of circuit 21 -- done
rank 38 | trajectory 51 of circuit 14 -- done
rank 48 | trajectory 39 of circuit 1 -- done
rank 0 | trajectory 19 of circuit 32 -- done
rank 13 | trajectory 87 of circuit 10 -- done
rank 45 | trajectory 48 of circuit 75 -- done
rank 30 | trajectory 26 of circuit 2 -- done
rank 18 | trajectory 41 of circuit 2 -- done
rank 23 | trajectory 29 of circuit 56 -- done
rank 29 | trajectory 36 of circuit 15 -- done
rank 26 | trajectory 28 of circuit 88 -- done
rank 13 | trajectory 44 of circuit 48 -- done
rank 35 | trajectory 84 of circuit 77 -- done
rank 42 | trajectory 68 of circuit 6 -- done
rank 15 | trajectory 70 of circuit 14 -- done
rank 24 | trajectory 63 of circuit 17 -- done
rank 36 | trajectory 70 of circuit 10 -- done
rank 41 | trajectory 60 of circuit 8 -- done
rank 13 | trajectory 50 of circuit 22 -- done
rank 12 | trajectory 8 of circuit 24 -- done
rank 32 | trajectory 25 of circuit 27 -- done
rank 30 | trajectory 73 of circuit 37 -- done
rank 32 | trajectory 62 of circuit 64 -- done
rank 33 | trajectory 10 of circuit 79 -- done
rank 38 | trajectory 46 of circuit 34 -- done
rank 5 | trajectory 3 of circuit 37 -- done
rank 15 | trajectory 27 of circuit 77 -- done
rank 45 | trajectory 40 of circuit 82 -- done
rank 25 | trajectory 63 of circuit 1 -- done
rank 6 | trajectory 24 of circuit 61 -- done
rank 26 | trajectory 45 of circuit 41 -- done
rank 20 | trajectory 67 of circuit 53 -- done
rank 47 | trajectory 83 of circuit 23 -- done
rank 41 | trajectory 41 of circuit 9 -- done
rank 48 | trajectory 59 of circuit 25 -- done
rank 30 | trajectory 15 of circuit 95 -- done
rank 41 | trajectory 72 of circuit 39 -- done
rank 35 | trajectory 87 of circuit 19 -- done
rank 20 | trajectory 81 of circuit 71 -- done
rank 35 | trajectory 61 of circuit 8 -- done
rank 25 | trajectory 43 of circuit 67 -- done
rank 14 | trajectory 71 of circuit 6 -- done
rank 42 | trajectory 90 of circuit 88 -- done
rank 45 | trajectory 24 of circuit 20 -- done
rank 15 | trajectory 39 of circuit 23 -- done
rank 25 | trajectory 5 of circuit 12 -- done
rank 27 | trajectory 26 of circuit 37 -- done
rank 22 | trajectory 27 of circuit 21 -- done
rank 48 | trajectory 53 of circuit 40 -- done
rank 15 | trajectory 1 of circuit 88 -- done
rank 35 | trajectory 90 of circuit 82 -- done
rank 12 | trajectory 30 of circuit 36 -- done
rank 42 | trajectory 8 of circuit 23 -- done
rank 13 | trajectory 9 of circuit 49 -- done
rank 18 | trajectory 61 of circuit 55 -- done
rank 48 | trajectory 49 of circuit 1 -- done
rank 0 | trajectory 79 of circuit 58 -- done
rank 26 | trajectory 19 of circuit 34 -- done
rank 48 | trajectory 57 of circuit 29 -- done
rank 8 | trajectory 15 of circuit 16 -- done
rank 49 | trajectory 32 of circuit 66 -- done
rank 43 | trajectory 33 of circuit 3 -- done
rank 24 | trajectory 89 of circuit 79 -- done
rank 46 | trajectory 50 of circuit 36 -- done
rank 48 | trajectory 61 of circuit 59 -- done
rank 12 | trajectory 77 of circuit 10 -- done
rank 26 | trajectory 37 of circuit 4 -- done
rank 16 | trajectory 37 of circuit 69 -- done
rank 35 | trajectory 10 of circuit 84 -- done
rank 11 | trajectory 74 of circuit 39 -- done
rank 13 | trajectory 88 of circuit 6 -- done
rank 7 | trajectory 60 of circuit 47 -- done
rank 20 | trajectory 5 of circuit 19 -- done
rank 25 | trajectory 67 of circuit 90 -- done
rank 38 | trajectory 17 of circuit 18 -- done
rank 14 | trajectory 45 of circuit 27 -- done
rank 28 | trajectory 49 of circuit 5 -- done
rank 48 | trajectory 90 of circuit 76 -- done
rank 34 | trajectory 26 of circuit 82 -- done
rank 14 | trajectory 76 of circuit 15 -- done
rank 0 | trajectory 30 of circuit 59 -- done
rank 42 | trajectory 80 of circuit 99 -- done
rank 36 | trajectory 49 of circuit 82 -- done
rank 26 | trajectory 6 of circuit 39 -- done
rank 47 | trajectory 92 of circuit 2 -- done
rank 46 | trajectory 96 of circuit 12 -- done
rank 39 | trajectory 25 of circuit 3 -- done
rank 16 | trajectory 37 of circuit 5 -- done
rank 48 | trajectory 42 of circuit 29 -- done
rank 14 | trajectory 90 of circuit 5 -- done
rank 48 | trajectory 11 of circuit 75 -- done
rank 14 | trajectory 95 of circuit 1 -- done
rank 10 | trajectory 13 of circuit 2 -- done
rank 46 | trajectory 94 of circuit 17 -- done
rank 22 | trajectory 91 of circuit 29 -- done
rank 18 | trajectory 38 of circuit 6 -- done
rank 39 | trajectory 30 of circuit 8 -- done
rank 29 | trajectory 23 of circuit 41 -- done
rank 22 | trajectory 76 of circuit 32 -- done
rank 14 | trajectory 85 of circuit 44 -- done
rank 26 | trajectory 44 of circuit 24 -- done
rank 18 | trajectory 14 of circuit 40 -- done
rank 8 | trajectory 95 of circuit 19 -- done
rank 35 | trajectory 7 of circuit 4 -- done
rank 15 | trajectory 19 of circuit 65 -- done
rank 46 | trajectory 2 of circuit 11 -- done
rank 13 | trajectory 36 of circuit 68 -- done
rank 20 | trajectory 55 of circuit 6 -- done
rank 36 | trajectory 93 of circuit 79 -- done
rank 39 | trajectory 21 of circuit 47 -- done
rank 13 | trajectory 95 of circuit 42 -- done
rank 18 | trajectory 16 of circuit 84 -- done
rank 24 | trajectory 31 of circuit 61 -- done
rank 49 | trajectory 16 of circuit 73 -- done
rank 18 | trajectory 62 of circuit 38 -- done
rank 28 | trajectory 29 of circuit 19 -- done
rank 0 | trajectory 25 of circuit 32 -- done
rank 25 | trajectory 60 of circuit 38 -- done
rank 8 | trajectory 24 of circuit 70 -- done
rank 45 | trajectory 86 of circuit 56 -- done
rank 29 | trajectory 13 of circuit 49 -- done
rank 42 | trajectory 84 of circuit 65 -- done
rank 27 | trajectory 40 of circuit 28 -- done
rank 24 | trajectory 39 of circuit 24 -- done
rank 23 | trajectory 34 of circuit 71 -- done
rank 0 | trajectory 9 of circuit 26 -- done
rank 46 | trajectory 15 of circuit 57 -- done
rank 12 | trajectory 73 of circuit 58 -- done
rank 46 | trajectory 21 of circuit 40 -- done
rank 48 | trajectory 25 of circuit 15 -- done
rank 13 | trajectory 3 of circuit 23 -- done
rank 0 | trajectory 10 of circuit 87 -- done
rank 48 | trajectory 79 of circuit 56 -- done
rank 48 | trajectory 42 of circuit 27 -- done
rank 42 | trajectory 45 of circuit 1 -- done
rank 11 | trajectory 44 of circuit 20 -- done
rank 20 | trajectory 74 of circuit 44 -- done
rank 12 | trajectory 74 of circuit 58 -- done
rank 25 | trajectory 24 of circuit 39 -- done
rank 23 | trajectory 70 of circuit 16 -- done
rank 35 | trajectory 54 of circuit 18 -- done
rank 42 | trajectory 95 of circuit 18 -- done
rank 44 | trajectory 94 of circuit 13 -- done
rank 5 | trajectory 59 of circuit 87 -- done
rank 5 | trajectory 72 of circuit 28 -- done
rank 15 | trajectory 4 of circuit 10 -- done
rank 45 | trajectory 61 of circuit 68 -- done
rank 33 | trajectory 68 of circuit 86 -- done
rank 35 | trajectory 6 of circuit 4 -- done
rank 49 | trajectory 49 of circuit 55 -- done
rank 46 | trajectory 93 of circuit 68 -- done
rank 20 | trajectory 19 of circuit 10 -- done
rank 36 | trajectory 49 of circuit 37 -- done
rank 13 | trajectory 70 of circuit 21 -- done
rank 2 | trajectory 29 of circuit 5 -- done
rank 42 | trajectory 13 of circuit 48 -- done
rank 46 | trajectory 80 of circuit 51 -- done
rank 36 | trajectory 96 of circuit 28 -- done
rank 32 | trajectory 63 of circuit 77 -- done
rank 24 | trajectory 88 of circuit 42 -- done
rank 15 | trajectory 21 of circuit 6 -- done
rank 43 | trajectory 34 of circuit 28 -- done
rank 36 | trajectory 80 of circuit 41 -- done
rank 6 | trajectory 64 of circuit 80 -- done
rank 19 | trajectory 61 of circuit 66 -- done
rank 4 | trajectory 82 of circuit 15 -- done
rank 36 | trajectory 15 of circuit 23 -- done
rank 23 | trajectory 76 of circuit 46 -- done
rank 39 | trajectory 17 of circuit 33 -- done
rank 3 | trajectory 17 of circuit 14 -- done
rank 36 | trajectory 70 of circuit 18 -- done
rank 29 | trajectory 66 of circuit 1 -- done
rank 28 | trajectory 10 of circuit 55 -- done
rank 46 | trajectory 68 of circuit 10 -- done
rank 25 | trajectory 21 of circuit 56 -- done
rank 14 | trajectory 70 of circuit 28 -- done
rank 20 | trajectory 56 of circuit 1 -- done
rank 35 | trajectory 29 of circuit 53 -- done
rank 11 | trajectory 71 of circuit 14 -- done
rank 45 | trajectory 44 of circuit 23 -- done
rank 42 | trajectory 69 of circuit 88 -- done
rank 9 | trajectory 70 of circuit 51 -- done
rank 25 | trajectory 48 of circuit 44 -- done
rank 26 | trajectory 80 of circuit 47 -- done
rank 28 | trajectory 58 of circuit 59 -- done
rank 16 | trajectory 89 of circuit 69 -- done
rank 23 | trajectory 78 of circuit 40 -- done
rank 24 | trajectory 17 of circuit 66 -- done
rank 19 | trajectory 82 of circuit 31 -- done
rank 47 | trajectory 78 of circuit 76 -- done
rank 4 | trajectory 1 of circuit 73 -- done
rank 30 | trajectory 14 of circuit 27 -- done
rank 10 | trajectory 25 of circuit 86 -- done
rank 24 | trajectory 7 of circuit 5 -- done
rank 42 | trajectory 14 of circuit 9 -- done
rank 30 | trajectory 54 of circuit 37 -- done
rank 48 | trajectory 72 of circuit 13 -- done
rank 35 | trajectory 21 of circuit 41 -- done
rank 49 | trajectory 66 of circuit 40 -- done
rank 46 | trajectory 22 of circuit 87 -- done
rank 14 | trajectory 2 of circuit 69 -- done
rank 9 | trajectory 60 of circuit 90 -- done
rank 32 | trajectory 66 of circuit 46 -- done
rank 39 | trajectory 7 of circuit 45 -- done
rank 15 | trajectory 71 of circuit 12 -- done
rank 49 | trajectory 17 of circuit 82 -- done
rank 17 | trajectory 64 of circuit 19 -- done
rank 46 | trajectory 76 of circuit 36 -- done
rank 13 | trajectory 49 of circuit 19 -- done
rank 20 | trajectory 29 of circuit 100 -- done
rank 12 | trajectory 64 of circuit 24 -- done
rank 43 | trajectory 29 of circuit 12 -- done
rank 26 | trajectory 48 of circuit 19 -- done
rank 25 | trajectory 88 of circuit 58 -- done
rank 18 | trajectory 25 of circuit 88 -- done
rank 23 | trajectory 49 of circuit 35 -- done
rank 12 | trajectory 5 of circuit 31 -- done
rank 29 | trajectory 76 of circuit 41 -- done
rank 48 | trajectory 36 of circuit 29 -- done
rank 18 | trajectory 87 of circuit 7 -- done
rank 6 | trajectory 17 of circuit 47 -- done
rank 18 | trajectory 48 of circuit 10 -- done
rank 47 | trajectory 10 of circuit 44 -- done
rank 32 | trajectory 30 of circuit 85 -- done
rank 20 | trajectory 52 of circuit 4 -- done
rank 10 | trajectory 85 of circuit 96 -- done
rank 28 | trajectory 52 of circuit 7 -- done
rank 0 | trajectory 52 of circuit 9 -- done
rank 18 | trajectory 74 of circuit 26 -- done
rank 41 | trajectory 65 of circuit 22 -- done
rank 38 | trajectory 14 of circuit 86 -- done
rank 42 | trajectory 17 of circuit 45 -- done
rank 25 | trajectory 53 of circuit 59 -- done
rank 13 | trajectory 22 of circuit 23 -- done
rank 30 | trajectory 10 of circuit 25 -- done
rank 16 | trajectory 48 of circuit 65 -- done
rank 14 | trajectory 67 of circuit 27 -- done
rank 42 | trajectory 2 of circuit 35 -- done
rank 30 | trajectory 86 of circuit 51 -- done
rank 41 | trajectory 10 of circuit 29 -- done
rank 46 | trajectory 45 of circuit 43 -- done
rank 0 | trajectory 10 of circuit 9 -- done
rank 14 | trajectory 94 of circuit 76 -- done
rank 27 | trajectory 94 of circuit 51 -- done
rank 35 | trajectory 78 of circuit 6 -- done
rank 38 | trajectory 22 of circuit 24 -- done
rank 47 | trajectory 14 of circuit 15 -- done
rank 18 | trajectory 38 of circuit 20 -- done
rank 18 | trajectory 2 of circuit 70 -- done
rank 9 | trajectory 94 of circuit 12 -- done
rank 16 | trajectory 71 of circuit 95 -- done
rank 25 | trajectory 85 of circuit 57 -- done
rank 30 | trajectory 90 of circuit 13 -- done
rank 38 | trajectory 88 of circuit 38 -- done
rank 41 | trajectory 65 of circuit 6 -- done
rank 24 | trajectory 45 of circuit 58 -- done
rank 26 | trajectory 13 of circuit 4 -- done
rank 13 | trajectory 82 of circuit 46 -- done
rank 12 | trajectory 32 of circuit 81 -- done
rank 26 | trajectory 41 of circuit 24 -- done
rank 9 | trajectory 6 of circuit 24 -- done
rank 48 | trajectory 28 of circuit 25 -- done
rank 45 | trajectory 22 of circuit 83 -- done
rank 16 | trajectory 85 of circuit 28 -- done
rank 25 | trajectory 64 of circuit 51 -- done
rank 9 | trajectory 17 of circuit 42 -- done
rank 29 | trajectory 30 of circuit 30 -- done
rank 47 | trajectory 3 of circuit 51 -- done
rank 23 | trajectory 88 of circuit 59 -- done
rank 18 | trajectory 65 of circuit 45 -- done
rank 13 | trajectory 92 of circuit 91 -- done
rank 23 | trajectory 45 of circuit 66 -- done
rank 38 | trajectory 76 of circuit 76 -- done
rank 49 | trajectory 69 of circuit 39 -- done
rank 24 | trajectory 40 of circuit 7 -- done
rank 3 | trajectory 81 of circuit 10 -- done
rank 10 | trajectory 90 of circuit 2 -- done
rank 47 | trajectory 4 of circuit 8 -- done
rank 0 | trajectory 11 of circuit 52 -- done
rank 41 | trajectory 94 of circuit 10 -- done
rank 27 | trajectory 71 of circuit 9 -- done
rank 13 | trajectory 71 of circuit 92 -- done
rank 0 | trajectory 61 of circuit 50 -- done
rank 35 | trajectory 46 of circuit 100 -- done
rank 27 | trajectory 74 of circuit 61 -- done
rank 23 | trajectory 78 of circuit 74 -- done
rank 38 | trajectory 18 of circuit 85 -- done
rank 47 | trajectory 40 of circuit 38 -- done
rank 42 | trajectory 42 of circuit 85 -- done
rank 24 | trajectory 84 of circuit 3 -- done
rank 48 | trajectory 67 of circuit 4 -- done
rank 35 | trajectory 43 of circuit 70 -- done
rank 35 | trajectory 71 of circuit 70 -- done
rank 13 | trajectory 81 of circuit 17 -- done
rank 35 | trajectory 76 of circuit 35 -- done
rank 12 | trajectory 86 of circuit 34 -- done
rank 23 | trajectory 67 of circuit 84 -- done
rank 12 | trajectory 35 of circuit 49 -- done
rank 11 | trajectory 60 of circuit 91 -- done
rank 19 | trajectory 1 of circuit 12 -- done
rank 48 | trajectory 72 of circuit 62 -- done
rank 23 | trajectory 48 of circuit 37 -- done
rank 49 | trajectory 95 of circuit 26 -- done
rank 43 | trajectory 65 of circuit 20 -- done
rank 29 | trajectory 82 of circuit 14 -- done
rank 38 | trajectory 91 of circuit 17 -- done
rank 35 | trajectory 10 of circuit 51 -- done
rank 24 | trajectory 37 of circuit 24 -- done
rank 30 | trajectory 11 of circuit 35 -- done
rank 47 | trajectory 19 of circuit 53 -- done
rank 39 | trajectory 3 of circuit 52 -- done
rank 29 | trajectory 49 of circuit 80 -- done
rank 14 | trajectory 63 of circuit 12 -- done
rank 23 | trajectory 36 of circuit 91 -- done
rank 23 | trajectory 9 of circuit 33 -- done
rank 0 | trajectory 47 of circuit 100 -- done
rank 8 | trajectory 63 of circuit 23 -- done
rank 25 | trajectory 10 of circuit 80 -- done
rank 14 | trajectory 83 of circuit 67 -- done
rank 46 | trajectory 93 of circuit 7 -- done
rank 45 | trajectory 76 of circuit 39 -- done
rank 12 | trajectory 36 of circuit 1 -- done
rank 20 | trajectory 71 of circuit 2 -- done
rank 12 | trajectory 35 of circuit 57 -- done
rank 14 | trajectory 4 of circuit 89 -- done
rank 32 | trajectory 77 of circuit 96 -- done
rank 12 | trajectory 86 of circuit 8 -- done
rank 32 | trajectory 56 of circuit 18 -- done
rank 18 | trajectory 86 of circuit 60 -- done
rank 0 | trajectory 70 of circuit 19 -- done
rank 18 | trajectory 67 of circuit 13 -- done
rank 12 | trajectory 12 of circuit 75 -- done
rank 46 | trajectory 36 of circuit 27 -- done
rank 27 | trajectory 63 of circuit 35 -- done
rank 49 | trajectory 33 of circuit 40 -- done
rank 46 | trajectory 90 of circuit 81 -- done
rank 43 | trajectory 14 of circuit 21 -- done
rank 16 | trajectory 6 of circuit 43 -- done
rank 35 | trajectory 27 of circuit 84 -- done
rank 6 | trajectory 51 of circuit 57 -- done
rank 35 | trajectory 70 of circuit 29 -- done
rank 20 | trajectory 43 of circuit 13 -- done
rank 28 | trajectory 43 of circuit 40 -- done
rank 12 | trajectory 71 of circuit 98 -- done
rank 24 | trajectory 55 of circuit 17 -- done
rank 33 | trajectory 53 of circuit 57 -- done
rank 26 | trajectory 24 of circuit 3 -- done
rank 19 | trajectory 37 of circuit 97 -- done
rank 0 | trajectory 20 of circuit 76 -- done
rank 24 | trajectory 6 of circuit 41 -- done
rank 4 | trajectory 70 of circuit 5 -- done
rank 5 | trajectory 23 of circuit 31 -- done
rank 48 | trajectory 90 of circuit 16 -- done
rank 16 | trajectory 51 of circuit 78 -- done
rank 12 | trajectory 27 of circuit 7 -- done
rank 33 | trajectory 75 of circuit 44 -- done
rank 35 | trajectory 55 of circuit 96 -- done
rank 47 | trajectory 52 of circuit 49 -- done
rank 12 | trajectory 37 of circuit 22 -- done
rank 38 | trajectory 29 of circuit 24 -- done
rank 42 | trajectory 57 of circuit 26 -- done
rank 20 | trajectory 65 of circuit 59 -- done
rank 9 | trajectory 24 of circuit 76 -- done
rank 29 | trajectory 4 of circuit 16 -- done
rank 35 | trajectory 92 of circuit 19 -- done
rank 46 | trajectory 66 of circuit 7 -- done
rank 43 | trajectory 66 of circuit 39 -- done
rank 34 | trajectory 86 of circuit 9 -- done
rank 42 | trajectory 28 of circuit 57 -- done
rank 15 | trajectory 47 of circuit 26 -- done
rank 15 | trajectory 57 of circuit 25 -- done
rank 14 | trajectory 28 of circuit 85 -- done
rank 9 | trajectory 36 of circuit 48 -- done
rank 20 | trajectory 53 of circuit 24 -- done
rank 14 | trajectory 19 of circuit 23 -- done
rank 26 | trajectory 40 of circuit 4 -- done
rank 0 | trajectory 84 of circuit 27 -- done
rank 43 | trajectory 10 of circuit 20 -- done
rank 0 | trajectory 23 of circuit 15 -- done
rank 33 | trajectory 72 of circuit 1 -- done
rank 46 | trajectory 45 of circuit 49 -- done
rank 48 | trajectory 49 of circuit 50 -- done
rank 2 | trajectory 74 of circuit 2 -- done
rank 19 | trajectory 37 of circuit 7 -- done
rank 46 | trajectory 81 of circuit 2 -- done
rank 24 | trajectory 39 of circuit 41 -- done
rank 48 | trajectory 85 of circuit 67 -- done
rank 19 | trajectory 92 of circuit 84 -- done
rank 34 | trajectory 19 of circuit 5 -- done
rank 30 | trajectory 34 of circuit 72 -- done
rank 0 | trajectory 43 of circuit 31 -- done
rank 46 | trajectory 1 of circuit 41 -- done
rank 48 | trajectory 86 of circuit 12 -- done
rank 41 | trajectory 46 of circuit 57 -- done
rank 15 | trajectory 80 of circuit 64 -- done
rank 46 | trajectory 79 of circuit 7 -- done
rank 25 | trajectory 31 of circuit 54 -- done
rank 26 | trajectory 18 of circuit 24 -- done
rank 48 | trajectory 14 of circuit 98 -- done
rank 43 | trajectory 89 of circuit 18 -- done
rank 12 | trajectory 25 of circuit 48 -- done
rank 33 | trajectory 4 of circuit 61 -- done
rank 16 | trajectory 40 of circuit 77 -- done
rank 0 | trajectory 68 of circuit 2 -- done
rank 42 | trajectory 30 of circuit 78 -- done
rank 23 | trajectory 91 of circuit 5 -- done
rank 30 | trajectory 94 of circuit 92 -- done
rank 48 | trajectory 45 of circuit 26 -- done
rank 44 | trajectory 65 of circuit 67 -- done
rank 10 | trajectory 63 of circuit 81 -- done
rank 13 | trajectory 11 of circuit 62 -- done
rank 10 | trajectory 15 of circuit 84 -- done
rank 0 | trajectory 26 of circuit 30 -- done
rank 49 | trajectory 58 of circuit 46 -- done
rank 46 | trajectory 42 of circuit 36 -- done
rank 46 | trajectory 23 of circuit 32 -- done
rank 23 | trajectory 21 of circuit 62 -- done
rank 18 | trajectory 63 of circuit 69 -- done
rank 41 | trajectory 21 of circuit 12 -- done
rank 26 | trajectory 32 of circuit 23 -- done
rank 46 | trajectory 64 of circuit 32 -- done
rank 13 | trajectory 20 of circuit 71 -- done
rank 32 | trajectory 93 of circuit 47 -- done
rank 36 | trajectory 38 of circuit 45 -- done
rank 36 | trajectory 8 of circuit 40 -- done
rank 35 | trajectory 38 of circuit 12 -- done
rank 42 | trajectory 68 of circuit 64 -- done
rank 46 | trajectory 49 of circuit 73 -- done
rank 48 | trajectory 32 of circuit 9 -- done
rank 49 | trajectory 65 of circuit 57 -- done
rank 46 | trajectory 8 of circuit 89 -- done
rank 22 | trajectory 36 of circuit 12 -- done
rank 32 | trajectory 62 of circuit 1 -- done
rank 9 | trajectory 91 of circuit 3 -- done
rank 42 | trajectory 15 of circuit 24 -- done
rank 28 | trajectory 80 of circuit 21 -- done
rank 42 | trajectory 34 of circuit 15 -- done
rank 18 | trajectory 70 of circuit 43 -- done
rank 18 | trajectory 66 of circuit 5 -- done
rank 26 | trajectory 27 of circuit 96 -- done
rank 48 | trajectory 23 of circuit 11 -- done
rank 42 | trajectory 78 of circuit 55 -- done
rank 47 | trajectory 68 of circuit 67 -- done
rank 26 | trajectory 46 of circuit 27 -- done
rank 48 | trajectory 91 of circuit 35 -- done
rank 49 | trajectory 38 of circuit 11 -- done
rank 45 | trajectory 84 of circuit 34 -- done
rank 4 | trajectory 52 of circuit 85 -- done
rank 38 | trajectory 76 of circuit 77 -- done
rank 48 | trajectory 17 of circuit 62 -- done
rank 10 | trajectory 65 of circuit 35 -- done
rank 12 | trajectory 62 of circuit 92 -- done
rank 30 | trajectory 52 of circuit 15 -- done
rank 12 | trajectory 26 of circuit 61 -- done
rank 12 | trajectory 85 of circuit 19 -- done
rank 12 | trajectory 58 of circuit 55 -- done
rank 0 | trajectory 49 of circuit 17 -- done
rank 10 | trajectory 32 of circuit 72 -- done
rank 46 | trajectory 47 of circuit 21 -- done
rank 20 | trajectory 83 of circuit 80 -- done
rank 5 | trajectory 38 of circuit 75 -- done
rank 17 | trajectory 33 of circuit 33 -- done
rank 45 | trajectory 88 of circuit 25 -- done
rank 29 | trajectory 90 of circuit 21 -- done
rank 17 | trajectory 40 of circuit 69 -- done
rank 45 | trajectory 29 of circuit 67 -- done
rank 23 | trajectory 12 of circuit 57 -- done
rank 18 | trajectory 47 of circuit 16 -- done
rank 28 | trajectory 3 of circuit 73 -- done
rank 34 | trajectory 39 of circuit 8 -- done
rank 38 | trajectory 59 of circuit 73 -- done
rank 22 | trajectory 26 of circuit 91 -- done
rank 39 | trajectory 14 of circuit 34 -- done
rank 34 | trajectory 61 of circuit 18 -- done
rank 46 | trajectory 17 of circuit 24 -- done
rank 23 | trajectory 62 of circuit 42 -- done
rank 11 | trajectory 43 of circuit 20 -- done
rank 14 | trajectory 34 of circuit 24 -- done
rank 46 | trajectory 56 of circuit 15 -- done
rank 29 | trajectory 21 of circuit 30 -- done
rank 48 | trajectory 73 of circuit 2 -- done
rank 0 | trajectory 89 of circuit 56 -- done
rank 9 | trajectory 37 of circuit 20 -- done
rank 27 | trajectory 44 of circuit 51 -- done
rank 20 | trajectory 14 of circuit 19 -- done
rank 41 | trajectory 83 of circuit 84 -- done
rank 47 | trajectory 77 of circuit 20 -- done
rank 48 | trajectory 41 of circuit 5 -- done
rank 15 | trajectory 71 of circuit 8 -- done
rank 45 | trajectory 4 of circuit 36 -- done
rank 23 | trajectory 30 of circuit 96 -- done
rank 20 | trajectory 77 of circuit 1 -- done
rank 12 | trajectory 88 of circuit 15 -- done
rank 14 | trajectory 79 of circuit 5 -- done
rank 46 | trajectory 61 of circuit 38 -- done
rank 35 | trajectory 20 of circuit 11 -- done
rank 20 | trajectory 86 of circuit 66 -- done
rank 38 | trajectory 29 of circuit 49 -- done
rank 45 | trajectory 72 of circuit 57 -- done
rank 25 | trajectory 64 of circuit 34 -- done
rank 42 | trajectory 32 of circuit 7 -- done
rank 47 | trajectory 51 of circuit 83 -- done
rank 19 | trajectory 35 of circuit 13 -- done
rank 35 | trajectory 40 of circuit 47 -- done
rank 16 | trajectory 10 of circuit 48 -- done
rank 48 | trajectory 84 of circuit 5 -- done
rank 41 | trajectory 68 of circuit 47 -- done
rank 22 | trajectory 71 of circuit 10 -- done
rank 10 | trajectory 53 of circuit 61 -- done
rank 30 | trajectory 23 of circuit 100 -- done
rank 25 | trajectory 44 of circuit 25 -- done
rank 25 | trajectory 24 of circuit 14 -- done
rank 46 | trajectory 28 of circuit 31 -- done
rank 6 | trajectory 26 of circuit 12 -- done
rank 15 | trajectory 35 of circuit 6 -- done
rank 48 | trajectory 7 of circuit 21 -- done
rank 41 | trajectory 21 of circuit 19 -- done
rank 32 | trajectory 74 of circuit 54 -- done
rank 12 | trajectory 93 of circuit 19 -- done
rank 16 | trajectory 67 of circuit 69 -- done
rank 14 | trajectory 27 of circuit 22 -- done
rank 42 | trajectory 1 of circuit 54 -- done
rank 20 | trajectory 20 of circuit 48 -- done
rank 32 | trajectory 4 of circuit 40 -- done
rank 23 | trajectory 13 of circuit 14 -- done
rank 19 | trajectory 10 of circuit 3 -- done
rank 46 | trajectory 10 of circuit 31 -- done
rank 4 | trajectory 3 of circuit 43 -- done
rank 5 | trajectory 23 of circuit 54 -- done
rank 39 | trajectory 87 of circuit 29 -- done
rank 32 | trajectory 29 of circuit 28 -- done
rank 18 | trajectory 31 of circuit 72 -- done
rank 11 | trajectory 66 of circuit 68 -- done
rank 20 | trajectory 84 of circuit 72 -- done
rank 43 | trajectory 17 of circuit 11 -- done
rank 43 | trajectory 24 of circuit 31 -- done
rank 35 | trajectory 21 of circuit 76 -- done
rank 48 | trajectory 95 of circuit 49 -- done
rank 12 | trajectory 38 of circuit 55 -- done
rank 5 | trajectory 31 of circuit 68 -- done
rank 23 | trajectory 58 of circuit 20 -- done
rank 13 | trajectory 72 of circuit 22 -- done
rank 36 | trajectory 47 of circuit 8 -- done
rank 26 | trajectory 64 of circuit 42 -- done
rank 25 | trajectory 45 of circuit 34 -- done
rank 46 | trajectory 59 of circuit 78 -- done
rank 16 | trajectory 29 of circuit 50 -- done
rank 0 | trajectory 16 of circuit 20 -- done
rank 30 | trajectory 33 of circuit 14 -- done
rank 38 | trajectory 46 of circuit 86 -- done
rank 36 | trajectory 58 of circuit 21 -- done
rank 48 | trajectory 63 of circuit 49 -- done
rank 33 | trajectory 28 of circuit 26 -- done
rank 25 | trajectory 28 of circuit 15 -- done
rank 30 | trajectory 11 of circuit 16 -- done
rank 43 | trajectory 20 of circuit 10 -- done
rank 32 | trajectory 84 of circuit 46 -- done
rank 12 | trajectory 76 of circuit 44 -- done
rank 47 | trajectory 13 of circuit 56 -- done
rank 23 | trajectory 55 of circuit 43 -- done
rank 45 | trajectory 96 of circuit 32 -- done
rank 41 | trajectory 91 of circuit 13 -- done
rank 10 | trajectory 5 of circuit 11 -- done
rank 23 | trajectory 55 of circuit 80 -- done
rank 15 | trajectory 88 of circuit 60 -- done
rank 38 | trajectory 5 of circuit 59 -- done
rank 12 | trajectory 11 of circuit 5 -- done
rank 39 | trajectory 89 of circuit 48 -- done
rank 9 | trajectory 51 of circuit 25 -- done
rank 11 | trajectory 56 of circuit 39 -- done
rank 20 | trajectory 30 of circuit 87 -- done
rank 38 | trajectory 93 of circuit 54 -- done
rank 11 | trajectory 64 of circuit 49 -- done
rank 30 | trajectory 63 of circuit 10 -- done
rank 35 | trajectory 49 of circuit 2 -- done
rank 25 | trajectory 50 of circuit 76 -- done
rank 25 | trajectory 1 of circuit 72 -- done
rank 42 | trajectory 53 of circuit 42 -- done
rank 23 | trajectory 51 of circuit 68 -- done
rank 38 | trajectory 25 of circuit 19 -- done
rank 4 | trajectory 57 of circuit 38 -- done
rank 48 | trajectory 1 of circuit 36 -- done
rank 43 | trajectory 78 of circuit 68 -- done
rank 20 | trajectory 23 of circuit 12 -- done
rank 12 | trajectory 23 of circuit 23 -- done
rank 46 | trajectory 64 of circuit 2 -- done
rank 4 | trajectory 39 of circuit 31 -- done
rank 26 | trajectory 22 of circuit 46 -- done
rank 5 | trajectory 69 of circuit 29 -- done
rank 20 | trajectory 52 of circuit 23 -- done
rank 45 | trajectory 36 of circuit 31 -- done
rank 23 | trajectory 53 of circuit 19 -- done
rank 36 | trajectory 12 of circuit 20 -- done
rank 25 | trajectory 10 of circuit 26 -- done
rank 32 | trajectory 44 of circuit 77 -- done
rank 26 | trajectory 15 of circuit 1 -- done
rank 32 | trajectory 23 of circuit 30 -- done
rank 30 | trajectory 47 of circuit 44 -- done
rank 6 | trajectory 72 of circuit 95 -- done
rank 0 | trajectory 62 of circuit 11 -- done
rank 18 | trajectory 13 of circuit 6 -- done
rank 13 | trajectory 52 of circuit 53 -- done
rank 32 | trajectory 27 of circuit 16 -- done
rank 45 | trajectory 8 of circuit 27 -- done
rank 11 | trajectory 83 of circuit 56 -- done
rank 44 | trajectory 73 of circuit 5 -- done
rank 46 | trajectory 49 of circuit 16 -- done
rank 35 | trajectory 44 of circuit 14 -- done
rank 39 | trajectory 75 of circuit 26 -- done
rank 38 | trajectory 73 of circuit 98 -- done
rank 41 | trajectory 13 of circuit 12 -- done
rank 33 | trajectory 72 of circuit 89 -- done
rank 12 | trajectory 6 of circuit 80 -- done
rank 20 | trajectory 64 of circuit 54 -- done
rank 33 | trajectory 87 of circuit 78 -- done
rank 12 | trajectory 67 of circuit 93 -- done
rank 15 | trajectory 42 of circuit 24 -- done
rank 16 | trajectory 26 of circuit 7 -- done
rank 20 | trajectory 95 of circuit 55 -- done
rank 45 | trajectory 67 of circuit 26 -- done
rank 48 | trajectory 70 of circuit 89 -- done
rank 11 | trajectory 12 of circuit 61 -- done
rank 30 | trajectory 69 of circuit 40 -- done
rank 41 | trajectory 75 of circuit 55 -- done
rank 32 | trajectory 53 of circuit 5 -- done
rank 20 | trajectory 89 of circuit 9 -- done
rank 6 | trajectory 26 of circuit 15 -- done
rank 0 | trajectory 39 of circuit 27 -- done
rank 38 | trajectory 57 of circuit 2 -- done
rank 35 | trajectory 16 of circuit 24 -- done
rank 12 | trajectory 51 of circuit 19 -- done
rank 26 | trajectory 73 of circuit 88 -- done
rank 4 | trajectory 35 of circuit 67 -- done
rank 13 | trajectory 78 of circuit 21 -- done
rank 11 | trajectory 80 of circuit 30 -- done
rank 48 | trajectory 3 of circuit 65 -- done
rank 12 | trajectory 76 of circuit 11 -- done
rank 11 | trajectory 49 of circuit 21 -- done
rank 46 | trajectory 24 of circuit 12 -- done
rank 24 | trajectory 14 of circuit 6 -- done
rank 12 | trajectory 10 of circuit 69 -- done
rank 30 | trajectory 25 of circuit 14 -- done
rank 45 | trajectory 82 of circuit 3 -- done
rank 12 | trajectory 91 of circuit 20 -- done
rank 19 | trajectory 72 of circuit 19 -- done
rank 36 | trajectory 67 of circuit 56 -- done
rank 35 | trajectory 45 of circuit 76 -- done
rank 23 | trajectory 39 of circuit 10 -- done
rank 49 | trajectory 88 of circuit 13 -- done
rank 19 | trajectory 82 of circuit 89 -- done
rank 48 | trajectory 96 of circuit 31 -- done
rank 36 | trajectory 25 of circuit 73 -- done
rank 19 | trajectory 3 of circuit 87 -- done
rank 18 | trajectory 28 of circuit 23 -- done
rank 12 | trajectory 78 of circuit 37 -- done
rank 49 | trajectory 83 of circuit 1 -- done
rank 46 | trajectory 52 of circuit 67 -- done
rank 43 | trajectory 44 of circuit 16 -- done
rank 12 | trajectory 84 of circuit 66 -- done
rank 14 | trajectory 36 of circuit 88 -- done
rank 13 | trajectory 16 of circuit 13 -- done
rank 36 | trajectory 51 of circuit 80 -- done
rank 0 | trajectory 59 of circuit 77 -- done
rank 0 | trajectory 33 of circuit 13 -- done
rank 15 | trajectory 16 of circuit 46 -- done
rank 32 | trajectory 95 of circuit 10 -- done
rank 10 | trajectory 88 of circuit 4 -- done
rank 13 | trajectory 21 of circuit 69 -- done
rank 18 | trajectory 33 of circuit 68 -- done
rank 48 | trajectory 15 of circuit 3 -- done
rank 18 | trajectory 73 of circuit 71 -- done
rank 39 | trajectory 43 of circuit 7 -- done
rank 6 | trajectory 43 of circuit 93 -- done
rank 49 | trajectory 20 of circuit 17 -- done
rank 32 | trajectory 58 of circuit 26 -- done
rank 38 | trajectory 56 of circuit 56 -- done
rank 4 | trajectory 22 of circuit 13 -- done
rank 12 | trajectory 80 of circuit 24 -- done
rank 10 | trajectory 12 of circuit 5 -- done
rank 39 | trajectory 71 of circuit 93 -- done
rank 38 | trajectory 28 of circuit 68 -- done
rank 42 | trajectory 75 of circuit 10 -- done
rank 32 | trajectory 33 of circuit 74 -- done
rank 23 | trajectory 85 of circuit 7 -- done
rank 46 | trajectory 67 of circuit 70 -- done
rank 24 | trajectory 28 of circuit 32 -- done
rank 18 | trajectory 72 of circuit 67 -- done
rank 16 | trajectory 38 of circuit 53 -- done
rank 27 | trajectory 10 of circuit 23 -- done
rank 18 | trajectory 21 of circuit 33 -- done
rank 15 | trajectory 25 of circuit 75 -- done
rank 46 | trajectory 88 of circuit 18 -- done
rank 12 | trajectory 28 of circuit 2 -- done
rank 18 | trajectory 71 of circuit 38 -- done
rank 43 | trajectory 80 of circuit 4 -- done
rank 18 | trajectory 14 of circuit 23 -- done
rank 32 | trajectory 55 of circuit 48 -- done
rank 45 | trajectory 34 of circuit 47 -- done
rank 12 | trajectory 44 of circuit 46 -- done
rank 30 | trajectory 27 of circuit 46 -- done
rank 35 | trajectory 67 of circuit 44 -- done
rank 12 | trajectory 49 of circuit 44 -- done
rank 29 | trajectory 78 of circuit 53 -- done
rank 39 | trajectory 84 of circuit 88 -- done
rank 4 | trajectory 94 of circuit 11 -- done
rank 23 | trajectory 59 of circuit 44 -- done
rank 34 | trajectory 9 of circuit 53 -- done
rank 41 | trajectory 88 of circuit 14 -- done
rank 5 | trajectory 93 of circuit 31 -- done
rank 35 | trajectory 77 of circuit 74 -- done
rank 19 | trajectory 76 of circuit 43 -- done
rank 47 | trajectory 36 of circuit 45 -- done
rank 23 | trajectory 66 of circuit 12 -- done
rank 4 | trajectory 8 of circuit 14 -- done
rank 25 | trajectory 29 of circuit 52 -- done
rank 43 | trajectory 16 of circuit 50 -- done
rank 14 | trajectory 18 of circuit 21 -- done
rank 26 | trajectory 83 of circuit 11 -- done
rank 12 | trajectory 8 of circuit 48 -- done
rank 29 | trajectory 19 of circuit 47 -- done
rank 16 | trajectory 5 of circuit 36 -- done
rank 14 | trajectory 38 of circuit 21 -- done
rank 25 | trajectory 38 of circuit 13 -- done
rank 11 | trajectory 6 of circuit 10 -- done
rank 9 | trajectory 93 of circuit 17 -- done
rank 19 | trajectory 45 of circuit 9 -- done
rank 41 | trajectory 15 of circuit 21 -- done
rank 11 | trajectory 76 of circuit 64 -- done
rank 12 | trajectory 4 of circuit 1 -- done
rank 32 | trajectory 72 of circuit 84 -- done
rank 25 | trajectory 72 of circuit 10 -- done
rank 48 | trajectory 78 of circuit 87 -- done
rank 32 | trajectory 3 of circuit 67 -- done
rank 23 | trajectory 8 of circuit 64 -- done
rank 30 | trajectory 82 of circuit 37 -- done
rank 28 | trajectory 82 of circuit 67 -- done
rank 27 | trajectory 29 of circuit 4 -- done
rank 42 | trajectory 84 of circuit 55 -- done
rank 6 | trajectory 63 of circuit 45 -- done
rank 42 | trajectory 33 of circuit 6 -- done
rank 47 | trajectory 16 of circuit 2 -- done
rank 11 | trajectory 32 of circuit 36 -- done
rank 27 | trajectory 74 of circuit 68 -- done
rank 43 | trajectory 16 of circuit 12 -- done
rank 11 | trajectory 81 of circuit 7 -- done
rank 19 | trajectory 34 of circuit 92 -- done
rank 30 | trajectory 8 of circuit 6 -- done
rank 39 | trajectory 52 of circuit 21 -- done
rank 25 | trajectory 9 of circuit 19 -- done
rank 12 | trajectory 95 of circuit 2 -- done
rank 32 | trajectory 12 of circuit 95 -- done
rank 13 | trajectory 45 of circuit 81 -- done
rank 36 | trajectory 53 of circuit 28 -- done
rank 29 | trajectory 41 of circuit 18 -- done
rank 0 | trajectory 66 of circuit 4 -- done
rank 14 | trajectory 42 of circuit 13 -- done
rank 13 | trajectory 25 of circuit 1 -- done
rank 35 | trajectory 22 of circuit 45 -- done
rank 19 | trajectory 55 of circuit 5 -- done
rank 47 | trajectory 46 of circuit 58 -- done
rank 29 | trajectory 47 of circuit 53 -- done
rank 42 | trajectory 86 of circuit 16 -- done
rank 32 | trajectory 68 of circuit 62 -- done
rank 16 | trajectory 9 of circuit 28 -- done
rank 42 | trajectory 59 of circuit 79 -- done
rank 38 | trajectory 92 of circuit 9 -- done
rank 15 | trajectory 18 of circuit 76 -- done
rank 42 | trajectory 78 of circuit 47 -- done
rank 29 | trajectory 68 of circuit 32 -- done
rank 39 | trajectory 44 of circuit 26 -- done
rank 23 | trajectory 4 of circuit 15 -- done
rank 16 | trajectory 86 of circuit 30 -- done
rank 24 | trajectory 68 of circuit 21 -- done
rank 47 | trajectory 43 of circuit 54 -- done
rank 19 | trajectory 5 of circuit 57 -- done
rank 47 | trajectory 56 of circuit 6 -- done
rank 32 | trajectory 42 of circuit 10 -- done
rank 45 | trajectory 90 of circuit 59 -- done
rank 29 | trajectory 79 of circuit 84 -- done
rank 4 | trajectory 25 of circuit 60 -- done
rank 20 | trajectory 86 of circuit 32 -- done
rank 32 | trajectory 79 of circuit 3 -- done
rank 9 | trajectory 85 of circuit 83 -- done
rank 30 | trajectory 72 of circuit 47 -- done
rank 39 | trajectory 47 of circuit 73 -- done
rank 17 | trajectory 61 of circuit 2 -- done
rank 11 | trajectory 88 of circuit 56 -- done
rank 19 | trajectory 35 of circuit 63 -- done
rank 19 | trajectory 68 of circuit 57 -- done
rank 26 | trajectory 81 of circuit 21 -- done
rank 42 | trajectory 36 of circuit 75 -- done
rank 12 | trajectory 59 of circuit 28 -- done
rank 28 | trajectory 20 of circuit 39 -- done
rank 48 | trajectory 15 of circuit 12 -- done
rank 20 | trajectory 2 of circuit 2 -- done
rank 25 | trajectory 90 of circuit 45 -- done
rank 9 | trajectory 48 of circuit 2 -- done
rank 34 | trajectory 66 of circuit 60 -- done
rank 4 | trajectory 87 of circuit 66 -- done
rank 25 | trajectory 46 of circuit 1 -- done
rank 18 | trajectory 96 of circuit 11 -- done
rank 6 | trajectory 52 of circuit 40 -- done
rank 39 | trajectory 88 of circuit 57 -- done
rank 42 | trajectory 10 of circuit 16 -- done
rank 25 | trajectory 55 of circuit 4 -- done
rank 17 | trajectory 94 of circuit 19 -- done
rank 48 | trajectory 51 of circuit 6 -- done
rank 35 | trajectory 58 of circuit 5 -- done
rank 46 | trajectory 17 of circuit 58 -- done
rank 47 | trajectory 61 of circuit 63 -- done
rank 32 | trajectory 15 of circuit 17 -- done
rank 4 | trajectory 90 of circuit 26 -- done
rank 5 | trajectory 65 of circuit 3 -- done
rank 12 | trajectory 31 of circuit 88 -- done
rank 16 | trajectory 4 of circuit 83 -- done
rank 0 | trajectory 21 of circuit 89 -- done
rank 0 | trajectory 18 of circuit 71 -- done
rank 30 | trajectory 62 of circuit 21 -- done
rank 48 | trajectory 87 of circuit 46 -- done
rank 20 | trajectory 71 of circuit 23 -- done
rank 23 | trajectory 77 of circuit 41 -- done
rank 46 | trajectory 73 of circuit 17 -- done
rank 16 | trajectory 15 of circuit 49 -- done
rank 32 | trajectory 81 of circuit 43 -- done
rank 45 | trajectory 28 of circuit 75 -- done
rank 25 | trajectory 1 of circuit 32 -- done
rank 49 | trajectory 55 of circuit 15 -- done
rank 16 | trajectory 19 of circuit 56 -- done
rank 43 | trajectory 54 of circuit 17 -- done
rank 45 | trajectory 43 of circuit 60 -- done
rank 19 | trajectory 33 of circuit 52 -- done
rank 23 | trajectory 32 of circuit 27 -- done
rank 15 | trajectory 45 of circuit 71 -- done
rank 15 | trajectory 13 of circuit 27 -- done
rank 4 | trajectory 52 of circuit 31 -- done
rank 38 | trajectory 69 of circuit 68 -- done
rank 13 | trajectory 40 of circuit 15 -- done
rank 29 | trajectory 69 of circuit 12 -- done
rank 11 | trajectory 49 of circuit 51 -- done
rank 18 | trajectory 45 of circuit 48 -- done
rank 10 | trajectory 41 of circuit 75 -- done
rank 49 | trajectory 56 of circuit 52 -- done
rank 20 | trajectory 51 of circuit 34 -- done
rank 32 | trajectory 20 of circuit 7 -- done
rank 4 | trajectory 20 of circuit 5 -- done
rank 19 | trajectory 83 of circuit 91 -- done
rank 42 | trajectory 91 of circuit 37 -- done
rank 23 | trajectory 26 of circuit 10 -- done
rank 25 | trajectory 93 of circuit 13 -- done
rank 30 | trajectory 32 of circuit 37 -- done
rank 23 | trajectory 37 of circuit 82 -- done
rank 47 | trajectory 53 of circuit 10 -- done
rank 25 | trajectory 65 of circuit 5 -- done
rank 47 | trajectory 89 of circuit 4 -- done
rank 47 | trajectory 96 of circuit 42 -- done
rank 39 | trajectory 11 of circuit 1 -- done
rank 23 | trajectory 23 of circuit 98 -- done
rank 18 | trajectory 58 of circuit 48 -- done
rank 5 | trajectory 24 of circuit 29 -- done
rank 47 | trajectory 75 of circuit 20 -- done
rank 41 | trajectory 40 of circuit 34 -- done
rank 27 | trajectory 60 of circuit 29 -- done
rank 49 | trajectory 55 of circuit 40 -- done
rank 20 | trajectory 60 of circuit 30 -- done
rank 18 | trajectory 47 of circuit 45 -- done
rank 4 | trajectory 36 of circuit 72 -- done
rank 42 | trajectory 37 of circuit 57 -- done
rank 42 | trajectory 89 of circuit 67 -- done
rank 39 | trajectory 80 of circuit 95 -- done
rank 33 | trajectory 94 of circuit 2 -- done
rank 16 | trajectory 62 of circuit 35 -- done
rank 42 | trajectory 73 of circuit 18 -- done
rank 20 | trajectory 42 of circuit 75 -- done
rank 30 | trajectory 38 of circuit 78 -- done
rank 42 | trajectory 58 of circuit 50 -- done
rank 42 | trajectory 13 of circuit 57 -- done
rank 9 | trajectory 23 of circuit 38 -- done
rank 11 | trajectory 54 of circuit 45 -- done
rank 5 | trajectory 76 of circuit 4 -- done
rank 9 | trajectory 89 of circuit 20 -- done
rank 30 | trajectory 58 of circuit 39 -- done
rank 16 | trajectory 68 of circuit 7 -- done
rank 0 | trajectory 74 of circuit 45 -- done
rank 30 | trajectory 57 of circuit 55 -- done
rank 25 | trajectory 31 of circuit 56 -- done
rank 12 | trajectory 19 of circuit 33 -- done
rank 32 | trajectory 41 of circuit 93 -- done
rank 39 | trajectory 13 of circuit 66 -- done
rank 23 | trajectory 33 of circuit 26 -- done
rank 4 | trajectory 42 of circuit 41 -- done
rank 28 | trajectory 16 of circuit 59 -- done
rank 13 | trajectory 83 of circuit 66 -- done
rank 43 | trajectory 71 of circuit 5 -- done
rank 19 | trajectory 81 of circuit 52 -- done
rank 48 | trajectory 3 of circuit 34 -- done
rank 38 | trajectory 63 of circuit 8 -- done
rank 23 | trajectory 66 of circuit 2 -- done
rank 13 | trajectory 77 of circuit 25 -- done
rank 24 | trajectory 10 of circuit 75 -- done
rank 22 | trajectory 86 of circuit 36 -- done
rank 13 | trajectory 64 of circuit 22 -- done
rank 11 | trajectory 74 of circuit 84 -- done
rank 16 | trajectory 27 of circuit 9 -- done
rank 10 | trajectory 50 of circuit 50 -- done
rank 5 | trajectory 71 of circuit 50 -- done
rank 0 | trajectory 61 of circuit 9 -- done
rank 47 | trajectory 95 of circuit 48 -- done
rank 29 | trajectory 46 of circuit 45 -- done
rank 5 | trajectory 57 of circuit 11 -- done
rank 29 | trajectory 93 of circuit 35 -- done
rank 22 | trajectory 15 of circuit 64 -- done
rank 26 | trajectory 59 of circuit 35 -- done
rank 25 | trajectory 17 of circuit 3 -- done
rank 30 | trajectory 34 of circuit 69 -- done
rank 25 | trajectory 40 of circuit 31 -- done
rank 32 | trajectory 56 of circuit 67 -- done
rank 38 | trajectory 36 of circuit 77 -- done
rank 22 | trajectory 96 of circuit 83 -- done
rank 30 | trajectory 24 of circuit 6 -- done
rank 39 | trajectory 41 of circuit 3 -- done
rank 0 | trajectory 22 of circuit 8 -- done
rank 20 | trajectory 78 of circuit 57 -- done
rank 42 | trajectory 31 of circuit 4 -- done
rank 46 | trajectory 38 of circuit 86 -- done
rank 32 | trajectory 73 of circuit 82 -- done
rank 22 | trajectory 29 of circuit 30 -- done
rank 23 | trajectory 89 of circuit 46 -- done
rank 19 | trajectory 31 of circuit 57 -- done
rank 45 | trajectory 73 of circuit 69 -- done
rank 45 | trajectory 39 of circuit 53 -- done
rank 25 | trajectory 62 of circuit 10 -- done
rank 24 | trajectory 57 of circuit 43 -- done
rank 38 | trajectory 36 of circuit 89 -- done
rank 23 | trajectory 44 of circuit 19 -- done
rank 25 | trajectory 30 of circuit 72 -- done
rank 13 | trajectory 3 of circuit 46 -- done
rank 46 | trajectory 76 of circuit 8 -- done
rank 23 | trajectory 43 of circuit 4 -- done
rank 49 | trajectory 80 of circuit 19 -- done
rank 23 | trajectory 3 of circuit 31 -- done
rank 35 | trajectory 95 of circuit 5 -- done
rank 35 | trajectory 11 of circuit 14 -- done
rank 19 | trajectory 4 of circuit 69 -- done
rank 26 | trajectory 11 of circuit 92 -- done
rank 16 | trajectory 89 of circuit 43 -- done
rank 10 | trajectory 30 of circuit 12 -- done
rank 0 | trajectory 95 of circuit 67 -- done
rank 25 | trajectory 70 of circuit 94 -- done
rank 32 | trajectory 82 of circuit 6 -- done
rank 46 | trajectory 55 of circuit 2 -- done
rank 23 | trajectory 42 of circuit 53 -- done
rank 28 | trajectory 50 of circuit 42 -- done
rank 42 | trajectory 63 of circuit 19 -- done
rank 0 | trajectory 55 of circuit 45 -- done
rank 0 | trajectory 32 of circuit 18 -- done
rank 48 | trajectory 36 of circuit 8 -- done
rank 16 | trajectory 74 of circuit 49 -- done
rank 25 | trajectory 23 of circuit 26 -- done
rank 46 | trajectory 84 of circuit 63 -- done
rank 38 | trajectory 11 of circuit 18 -- done
rank 29 | trajectory 12 of circuit 33 -- done
rank 12 | trajectory 40 of circuit 54 -- done
rank 6 | trajectory 33 of circuit 43 -- done
rank 11 | trajectory 33 of circuit 50 -- done
rank 47 | trajectory 84 of circuit 16 -- done
rank 6 | trajectory 14 of circuit 10 -- done
rank 28 | trajectory 8 of circuit 51 -- done
rank 47 | trajectory 49 of circuit 3 -- done
rank 12 | trajectory 65 of circuit 21 -- done
rank 0 | trajectory 51 of circuit 49 -- done
rank 48 | trajectory 47 of circuit 36 -- done
rank 38 | trajectory 9 of circuit 18 -- done
rank 28 | trajectory 78 of circuit 5 -- done
rank 30 | trajectory 65 of circuit 75 -- done
rank 22 | trajectory 67 of circuit 8 -- done
rank 6 | trajectory 62 of circuit 43 -- done
rank 5 | trajectory 50 of circuit 28 -- done
rank 38 | trajectory 67 of circuit 66 -- done
rank 14 | trajectory 35 of circuit 71 -- done
rank 22 | trajectory 56 of circuit 79 -- done
rank 6 | trajectory 74 of circuit 11 -- done
rank 45 | trajectory 48 of circuit 4 -- done
rank 45 | trajectory 27 of circuit 82 -- done
rank 25 | trajectory 21 of circuit 2 -- done
rank 10 | trajectory 57 of circuit 22 -- done
rank 49 | trajectory 34 of circuit 23 -- done
rank 32 | trajectory 10 of circuit 43 -- done
rank 33 | trajectory 86 of circuit 19 -- done
rank 36 | trajectory 17 of circuit 21 -- done
rank 47 | trajectory 67 of circuit 34 -- done
rank 14 | trajectory 16 of circuit 85 -- done
rank 30 | trajectory 60 of circuit 28 -- done
rank 39 | trajectory 34 of circuit 88 -- done
rank 9 | trajectory 74 of circuit 70 -- done
rank 25 | trajectory 32 of circuit 63 -- done
rank 23 | trajectory 24 of circuit 64 -- done
rank 19 | trajectory 36 of circuit 43 -- done
rank 11 | trajectory 43 of circuit 21 -- done
rank 0 | trajectory 87 of circuit 21 -- done
rank 11 | trajectory 36 of circuit 33 -- done
rank 41 | trajectory 44 of circuit 11 -- done
rank 39 | trajectory 96 of circuit 87 -- done
rank 42 | trajectory 82 of circuit 1 -- done
rank 9 | trajectory 29 of circuit 7 -- done
rank 16 | trajectory 57 of circuit 68 -- done
rank 47 | trajectory 44 of circuit 12 -- done
rank 12 | trajectory 77 of circuit 76 -- done
rank 45 | trajectory 75 of circuit 46 -- done
rank 5 | trajectory 37 of circuit 62 -- done
rank 18 | trajectory 43 of circuit 9 -- done
rank 23 | trajectory 61 of circuit 10 -- done
rank 6 | trajectory 59 of circuit 42 -- done
rank 19 | trajectory 7 of circuit 37 -- done
rank 32 | trajectory 40 of circuit 9 -- done
rank 45 | trajectory 59 of circuit 7 -- done
rank 6 | trajectory 75 of circuit 47 -- done
rank 32 | trajectory 34 of circuit 82 -- done
rank 43 | trajectory 21 of circuit 45 -- done
rank 30 | trajectory 35 of circuit 73 -- done
rank 41 | trajectory 39 of circuit 62 -- done
rank 25 | trajectory 3 of circuit 44 -- done
rank 0 | trajectory 60 of circuit 48 -- done
rank 14 | trajectory 66 of circuit 65 -- done
rank 11 | trajectory 48 of circuit 31 -- done
rank 32 | trajectory 51 of circuit 36 -- done
rank 49 | trajectory 11 of circuit 26 -- done
rank 4 | trajectory 43 of circuit 79 -- done
rank 45 | trajectory 31 of circuit 46 -- done
rank 33 | trajectory 78 of circuit 4 -- done
rank 25 | trajectory 34 of circuit 77 -- done
rank 12 | trajectory 4 of circuit 13 -- done
rank 41 | trajectory 26 of circuit 19 -- done
rank 36 | trajectory 89 of circuit 22 -- done
rank 6 | trajectory 75 of circuit 81 -- done
rank 47 | trajectory 52 of circuit 56 -- done
rank 43 | trajectory 41 of circuit 26 -- done
rank 0 | trajectory 28 of circuit 90 -- done
rank 18 | trajectory 32 of circuit 56 -- done
rank 0 | trajectory 4 of circuit 6 -- done
rank 18 | trajectory 67 of circuit 22 -- done
rank 42 | trajectory 25 of circuit 69 -- done
rank 13 | trajectory 12 of circuit 86 -- done
rank 16 | trajectory 41 of circuit 27 -- done
rank 43 | trajectory 3 of circuit 2 -- done
rank 12 | trajectory 69 of circuit 24 -- done
rank 42 | trajectory 15 of circuit 67 -- done
rank 39 | trajectory 6 of circuit 44 -- done
rank 43 | trajectory 50 of circuit 1 -- done
rank 16 | trajectory 34 of circuit 61 -- done
rank 26 | trajectory 75 of circuit 68 -- done
rank 4 | trajectory 31 of circuit 47 -- done
rank 23 | trajectory 94 of circuit 78 -- done
rank 22 | trajectory 88 of circuit 26 -- done
rank 32 | trajectory 60 of circuit 26 -- done
rank 6 | trajectory 2 of circuit 44 -- done
rank 4 | trajectory 5 of circuit 29 -- done
rank 22 | trajectory 31 of circuit 82 -- done
rank 32 | trajectory 38 of circuit 40 -- done
rank 23 | trajectory 93 of circuit 49 -- done
rank 15 | trajectory 49 of circuit 6 -- done
rank 13 | trajectory 38 of circuit 24 -- done
rank 6 | trajectory 68 of circuit 5 -- done
rank 18 | trajectory 6 of circuit 16 -- done
rank 9 | trajectory 20 of circuit 4 -- done
rank 47 | trajectory 76 of circuit 49 -- done
rank 0 | trajectory 54 of circuit 16 -- done
rank 39 | trajectory 58 of circuit 31 -- done
rank 45 | trajectory 33 of circuit 72 -- done
rank 46 | trajectory 53 of circuit 12 -- done
rank 45 | trajectory 11 of circuit 55 -- done
rank 10 | trajectory 60 of circuit 10 -- done
rank 49 | trajectory 38 of circuit 7 -- done
rank 46 | trajectory 39 of circuit 3 -- done
rank 18 | trajectory 86 of circuit 58 -- done
rank 39 | trajectory 72 of circuit 51 -- done
rank 22 | trajectory 48 of circuit 11 -- done
rank 45 | trajectory 60 of circuit 31 -- done
rank 0 | trajectory 92 of circuit 41 -- done
rank 6 | trajectory 80 of circuit 93 -- done
rank 46 | trajectory 65 of circuit 30 -- done
rank 32 | trajectory 2 of circuit 61 -- done
rank 29 | trajectory 4 of circuit 11 -- done
rank 10 | trajectory 80 of circuit 37 -- done
rank 42 | trajectory 7 of circuit 32 -- done
rank 20 | trajectory 4 of circuit 4 -- done
rank 24 | trajectory 50 of circuit 15 -- done
rank 48 | trajectory 29 of circuit 95 -- done
rank 0 | trajectory 93 of circuit 37 -- done
rank 16 | trajectory 93 of circuit 16 -- done
rank 18 | trajectory 21 of circuit 46 -- done
rank 12 | trajectory 62 of circuit 79 -- done
rank 45 | trajectory 92 of circuit 39 -- done
rank 35 | trajectory 91 of circuit 6 -- done
rank 23 | trajectory 80 of circuit 40 -- done
rank 33 | trajectory 31 of circuit 10 -- done
rank 9 | trajectory 18 of circuit 1 -- done
rank 6 | trajectory 43 of circuit 56 -- done
rank 16 | trajectory 50 of circuit 89 -- done
rank 10 | trajectory 84 of circuit 41 -- done
rank 43 | trajectory 74 of circuit 8 -- done
rank 16 | trajectory 11 of circuit 59 -- done
rank 4 | trajectory 48 of circuit 8 -- done
rank 9 | trajectory 67 of circuit 20 -- done
rank 0 | trajectory 69 of circuit 8 -- done
rank 26 | trajectory 9 of circuit 30 -- done
rank 16 | trajectory 5 of circuit 32 -- done
rank 45 | trajectory 69 of circuit 6 -- done
rank 0 | trajectory 31 of circuit 1 -- done
rank 16 | trajectory 14 of circuit 22 -- done
rank 46 | trajectory 54 of circuit 64 -- done
rank 48 | trajectory 76 of circuit 45 -- done
rank 32 | trajectory 11 of circuit 54 -- done
rank 0 | trajectory 27 of circuit 29 -- done
rank 11 | trajectory 35 of circuit 50 -- done
rank 14 | trajectory 69 of circuit 11 -- done
rank 29 | trajectory 18 of circuit 44 -- done
rank 46 | trajectory 82 of circuit 2 -- done
rank 0 | trajectory 38 of circuit 51 -- done
rank 47 | trajectory 83 of circuit 4 -- done
rank 29 | trajectory 26 of circuit 62 -- done
rank 6 | trajectory 62 of circuit 6 -- done
rank 47 | trajectory 50 of circuit 52 -- done
rank 32 | trajectory 83 of circuit 24 -- done
rank 22 | trajectory 25 of circuit 61 -- done
rank 43 | trajectory 39 of circuit 4 -- done
rank 48 | trajectory 19 of circuit 44 -- done
rank 20 | trajectory 12 of circuit 11 -- done
rank 23 | trajectory 51 of circuit 32 -- done
rank 28 | trajectory 47 of circuit 14 -- done
rank 11 | trajectory 42 of circuit 62 -- done
rank 15 | trajectory 79 of circuit 6 -- done
rank 35 | trajectory 88 of circuit 16 -- done
rank 12 | trajectory 55 of circuit 41 -- done
rank 45 | trajectory 30 of circuit 23 -- done
rank 30 | trajectory 90 of circuit 75 -- done
rank 23 | trajectory 82 of circuit 4 -- done
rank 29 | trajectory 85 of circuit 87 -- done
rank 30 | trajectory 81 of circuit 8 -- done
rank 13 | trajectory 30 of circuit 60 -- done
rank 38 | trajectory 55 of circuit 16 -- done
rank 16 | trajectory 18 of circuit 60 -- done
rank 9 | trajectory 43 of circuit 6 -- done
rank 28 | trajectory 30 of circuit 32 -- done
rank 32 | trajectory 65 of circuit 77 -- done
rank 46 | trajectory 75 of circuit 69 -- done
rank 23 | trajectory 6 of circuit 100 -- done
rank 4 | trajectory 92 of circuit 43 -- done
rank 14 | trajectory 47 of circuit 43 -- done
rank 45 | trajectory 55 of circuit 73 -- done
rank 18 | trajectory 45 of circuit 4 -- done
rank 10 | trajectory 92 of circuit 7 -- done
rank 4 | trajectory 41 of circuit 16 -- done
rank 11 | trajectory 39 of circuit 45 -- done
rank 33 | trajectory 18 of circuit 26 -- done
rank 11 | trajectory 91 of circuit 32 -- done
rank 9 | trajectory 33 of circuit 41 -- done
rank 19 | trajectory 43 of circuit 43 -- done
rank 30 | trajectory 93 of circuit 25 -- done
rank 10 | trajectory 69 of circuit 41 -- done
rank 45 | trajectory 57 of circuit 83 -- done
rank 22 | trajectory 74 of circuit 10 -- done
rank 48 | trajectory 20 of circuit 57 -- done
rank 10 | trajectory 8 of circuit 1 -- done
rank 0 | trajectory 8 of circuit 71 -- done
rank 16 | trajectory 28 of circuit 95 -- done
rank 26 | trajectory 89 of circuit 14 -- done
rank 15 | trajectory 84 of circuit 38 -- done
rank 35 | trajectory 12 of circuit 54 -- done
rank 14 | trajectory 33 of circuit 32 -- done
rank 12 | trajectory 14 of circuit 14 -- done
rank 16 | trajectory 60 of circuit 75 -- done
rank 18 | trajectory 52 of circuit 2 -- done
rank 14 | trajectory 32 of circuit 54 -- done
rank 46 | trajectory 18 of circuit 87 -- done
rank 0 | trajectory 64 of circuit 8 -- done
rank 30 | trajectory 49 of circuit 96 -- done
rank 46 | trajectory 72 of circuit 73 -- done
rank 23 | trajectory 93 of circuit 30 -- done
rank 49 | trajectory 93 of circuit 96 -- done
rank 15 | trajectory 30 of circuit 50 -- done
rank 25 | trajectory 20 of circuit 54 -- done
rank 11 | trajectory 35 of circuit 34 -- done
rank 16 | trajectory 43 of circuit 52 -- done
rank 4 | trajectory 71 of circuit 83 -- done
rank 24 | trajectory 20 of circuit 8 -- done
rank 12 | trajectory 46 of circuit 40 -- done
rank 45 | trajectory 41 of circuit 63 -- done
rank 15 | trajectory 63 of circuit 11 -- done
rank 26 | trajectory 22 of circuit 18 -- done
rank 29 | trajectory 3 of circuit 66 -- done
rank 4 | trajectory 44 of circuit 13 -- done
rank 41 | trajectory 96 of circuit 9 -- done
rank 22 | trajectory 49 of circuit 65 -- done
rank 26 | trajectory 18 of circuit 43 -- done
rank 16 | trajectory 53 of circuit 11 -- done
rank 45 | trajectory 43 of circuit 64 -- done
rank 42 | trajectory 44 of circuit 22 -- done
rank 6 | trajectory 46 of circuit 47 -- done
rank 41 | trajectory 55 of circuit 13 -- done
rank 12 | trajectory 2 of circuit 25 -- done
rank 45 | trajectory 87 of circuit 73 -- done
rank 0 | trajectory 6 of circuit 76 -- done
rank 29 | trajectory 11 of circuit 45 -- done
rank 15 | trajectory 85 of circuit 42 -- done
rank 42 | trajectory 16 of circuit 19 -- done
rank 13 | trajectory 46 of circuit 54 -- done
rank 38 | trajectory 43 of circuit 19 -- done
rank 9 | trajectory 49 of circuit 30 -- done
rank 30 | trajectory 16 of circuit 44 -- done
rank 18 | trajectory 59 of circuit 2 -- done
rank 47 | trajectory 81 of circuit 26 -- done
rank 11 | trajectory 77 of circuit 30 -- done
rank 13 | trajectory 69 of circuit 49 -- done
rank 10 | trajectory 14 of circuit 30 -- done
rank 19 | trajectory 44 of circuit 50 -- done
rank 33 | trajectory 79 of circuit 1 -- done
rank 19 | trajectory 58 of circuit 6 -- done
rank 45 | trajectory 77 of circuit 72 -- done
rank 45 | trajectory 83 of circuit 51 -- done
rank 22 | trajectory 7 of circuit 47 -- done
rank 6 | trajectory 7 of circuit 97 -- done
rank 30 | trajectory 2 of circuit 8 -- done
rank 45 | trajectory 12 of circuit 87 -- done
rank 42 | trajectory 46 of circuit 22 -- done
rank 11 | trajectory 5 of circuit 66 -- done
rank 23 | trajectory 92 of circuit 10 -- done
rank 32 | trajectory 13 of circuit 18 -- done
rank 18 | trajectory 3 of circuit 12 -- done
rank 35 | trajectory 39 of circuit 7 -- done
rank 41 | trajectory 38 of circuit 36 -- done
rank 42 | trajectory 8 of circuit 31 -- done
rank 12 | trajectory 13 of circuit 5 -- done
rank 25 | trajectory 90 of circuit 93 -- done
rank 15 | trajectory 40 of circuit 22 -- done
rank 15 | trajectory 75 of circuit 72 -- done
rank 28 | trajectory 51 of circuit 85 -- done
rank 0 | trajectory 53 of circuit 9 -- done
rank 22 | trajectory 61 of circuit 41 -- done
rank 9 | trajectory 61 of circuit 46 -- done
rank 48 | trajectory 13 of circuit 93 -- done
rank 13 | trajectory 91 of circuit 31 -- done
rank 43 | trajectory 7 of circuit 14 -- done
rank 25 | trajectory 94 of circuit 56 -- done
rank 23 | trajectory 48 of circuit 23 -- done
rank 0 | trajectory 41 of circuit 64 -- done
rank 16 | trajectory 83 of circuit 46 -- done
rank 32 | trajectory 24 of circuit 10 -- done
rank 16 | trajectory 65 of circuit 66 -- done
rank 18 | trajectory 89 of circuit 66 -- done
rank 48 | trajectory 24 of circuit 83 -- done
rank 22 | trajectory 5 of circuit 37 -- done
rank 35 | trajectory 95 of circuit 11 -- done
rank 26 | trajectory 71 of circuit 56 -- done
rank 28 | trajectory 92 of circuit 66 -- done
rank 32 | trajectory 5 of circuit 24 -- done
rank 23 | trajectory 5 of circuit 13 -- done
rank 15 | trajectory 94 of circuit 91 -- done
rank 47 | trajectory 2 of circuit 39 -- done
rank 23 | trajectory 37 of circuit 47 -- done
rank 4 | trajectory 43 of circuit 24 -- done
rank 42 | trajectory 21 of circuit 44 -- done
rank 26 | trajectory 29 of circuit 44 -- done
rank 30 | trajectory 14 of circuit 18 -- done
rank 47 | trajectory 41 of circuit 6 -- done
rank 48 | trajectory 58 of circuit 3 -- done
rank 18 | trajectory 6 of circuit 33 -- done
rank 46 | trajectory 91 of circuit 47 -- done
rank 45 | trajectory 36 of circuit 11 -- done
rank 13 | trajectory 36 of circuit 35 -- done
rank 30 | trajectory 81 of circuit 14 -- done
rank 32 | trajectory 46 of circuit 52 -- done
rank 30 | trajectory 31 of circuit 18 -- done
rank 42 | trajectory 27 of circuit 13 -- done
rank 48 | trajectory 70 of circuit 23 -- done
rank 18 | trajectory 77 of circuit 44 -- done
rank 38 | trajectory 39 of circuit 57 -- done
rank 13 | trajectory 35 of circuit 39 -- done
rank 30 | trajectory 30 of circuit 47 -- done
rank 6 | trajectory 3 of circuit 55 -- done
rank 28 | trajectory 72 of circuit 43 -- done
rank 45 | trajectory 74 of circuit 21 -- done
rank 28 | trajectory 14 of circuit 8 -- done
rank 4 | trajectory 30 of circuit 77 -- done
rank 16 | trajectory 14 of circuit 55 -- done
rank 4 | trajectory 75 of circuit 3 -- done
rank 16 | trajectory 83 of circuit 15 -- done
rank 9 | trajectory 43 of circuit 55 -- done
rank 49 | trajectory 60 of circuit 98 -- done
rank 0 | trajectory 91 of circuit 7 -- done
rank 42 | trajectory 77 of circuit 65 -- done
rank 46 | trajectory 34 of circuit 35 -- done
rank 32 | trajectory 32 of circuit 21 -- done
rank 45 | trajectory 26 of circuit 20 -- done
rank 48 | trajectory 22 of circuit 62 -- done
rank 32 | trajectory 92 of circuit 21 -- done
rank 26 | trajectory 65 of circuit 54 -- done
rank 39 | trajectory 39 of circuit 89 -- done
rank 10 | trajectory 27 of circuit 32 -- done
rank 45 | trajectory 94 of circuit 99 -- done
rank 6 | trajectory 55 of circuit 55 -- done
rank 18 | trajectory 83 of circuit 7 -- done
rank 6 | trajectory 15 of circuit 65 -- done
rank 16 | trajectory 46 of circuit 12 -- done
rank 33 | trajectory 44 of circuit 52 -- done
rank 14 | trajectory 76 of circuit 26 -- done
rank 32 | trajectory 69 of circuit 33 -- done
rank 6 | trajectory 3 of circuit 33 -- done
rank 10 | trajectory 31 of circuit 12 -- done
rank 16 | trajectory 72 of circuit 23 -- done
rank 11 | trajectory 40 of circuit 53 -- done
rank 42 | trajectory 75 of circuit 18 -- done
rank 48 | trajectory 44 of circuit 73 -- done
rank 12 | trajectory 52 of circuit 43 -- done
rank 19 | trajectory 87 of circuit 65 -- done
rank 25 | trajectory 92 of circuit 47 -- done
rank 39 | trajectory 54 of circuit 73 -- done
rank 47 | trajectory 17 of circuit 22 -- done
rank 11 | trajectory 75 of circuit 24 -- done
rank 18 | trajectory 9 of circuit 5 -- done
rank 18 | trajectory 1 of circuit 23 -- done
rank 4 | trajectory 49 of circuit 36 -- done
rank 26 | trajectory 53 of circuit 73 -- done
rank 0 | trajectory 55 of circuit 7 -- done
rank 14 | trajectory 45 of circuit 69 -- done
rank 46 | trajectory 7 of circuit 92 -- done
rank 28 | trajectory 18 of circuit 54 -- done
rank 13 | trajectory 17 of circuit 5 -- done
rank 42 | trajectory 90 of circuit 32 -- done
rank 32 | trajectory 90 of circuit 57 -- done
rank 28 | trajectory 76 of circuit 68 -- done
rank 47 | trajectory 72 of circuit 11 -- done
rank 6 | trajectory 72 of circuit 26 -- done
rank 15 | trajectory 15 of circuit 6 -- done
rank 49 | trajectory 7 of circuit 22 -- done
rank 13 | trajectory 47 of circuit 3 -- done
rank 19 | trajectory 60 of circuit 84 -- done
rank 29 | trajectory 22 of circuit 1 -- done
rank 9 | trajectory 16 of circuit 61 -- done
rank 47 | trajectory 63 of circuit 36 -- done
rank 26 | trajectory 32 of circuit 67 -- done
rank 28 | trajectory 13 of circuit 67 -- done
rank 9 | trajectory 72 of circuit 30 -- done
rank 29 | trajectory 24 of circuit 25 -- done
rank 16 | trajectory 47 of circuit 75 -- done
rank 45 | trajectory 61 of circuit 13 -- done
rank 23 | trajectory 41 of circuit 4 -- done
rank 16 | trajectory 61 of circuit 23 -- done
rank 19 | trajectory 50 of circuit 17 -- done
rank 36 | trajectory 76 of circuit 7 -- done
rank 33 | trajectory 85 of circuit 48 -- done
rank 28 | trajectory 80 of circuit 66 -- done
rank 13 | trajectory 94 of circuit 68 -- done
rank 32 | trajectory 89 of circuit 38 -- done
rank 6 | trajectory 64 of circuit 16 -- done
rank 18 | trajectory 53 of circuit 8 -- done
rank 48 | trajectory 22 of circuit 16 -- done
rank 18 | trajectory 39 of circuit 93 -- done
rank 19 | trajectory 11 of circuit 76 -- done
rank 30 | trajectory 33 of circuit 23 -- done
rank 39 | trajectory 64 of circuit 86 -- done
rank 25 | trajectory 47 of circuit 13 -- done
rank 10 | trajectory 30 of circuit 84 -- done
rank 26 | trajectory 37 of circuit 52 -- done
rank 42 | trajectory 91 of circuit 96 -- done
rank 4 | trajectory 58 of circuit 16 -- done
rank 41 | trajectory 80 of circuit 6 -- done
rank 10 | trajectory 67 of circuit 67 -- done
rank 9 | trajectory 25 of circuit 28 -- done
rank 26 | trajectory 11 of circuit 11 -- done
rank 18 | trajectory 23 of circuit 16 -- done
rank 16 | trajectory 66 of circuit 55 -- done
rank 48 | trajectory 93 of circuit 38 -- done
rank 12 | trajectory 82 of circuit 8 -- done
rank 23 | trajectory 73 of circuit 7 -- done
rank 9 | trajectory 63 of circuit 20 -- done
rank 47 | trajectory 18 of circuit 38 -- done
rank 6 | trajectory 83 of circuit 72 -- done
rank 6 | trajectory 38 of circuit 59 -- done
rank 4 | trajectory 34 of circuit 97 -- done
rank 39 | trajectory 53 of circuit 27 -- done
rank 0 | trajectory 29 of circuit 39 -- done
rank 42 | trajectory 70 of circuit 66 -- done
rank 6 | trajectory 81 of circuit 24 -- done
rank 16 | trajectory 29 of circuit 13 -- done
rank 45 | trajectory 76 of circuit 71 -- done
rank 28 | trajectory 69 of circuit 67 -- done
rank 14 | trajectory 26 of circuit 33 -- done
rank 33 | trajectory 15 of circuit 46 -- done
rank 32 | trajectory 59 of circuit 5 -- done
rank 33 | trajectory 96 of circuit 74 -- done
rank 33 | trajectory 17 of circuit 8 -- done
rank 26 | trajectory 43 of circuit 23 -- done
rank 6 | trajectory 69 of circuit 7 -- done
rank 9 | trajectory 66 of circuit 22 -- done
rank 42 | trajectory 16 of circuit 27 -- done
rank 23 | trajectory 35 of circuit 10 -- done
rank 6 | trajectory 57 of circuit 32 -- done
rank 42 | trajectory 83 of circuit 17 -- done
rank 28 | trajectory 59 of circuit 57 -- done
rank 42 | trajectory 53 of circuit 20 -- done
rank 4 | trajectory 91 of circuit 46 -- done
rank 0 | trajectory 43 of circuit 12 -- done
rank 15 | trajectory 48 of circuit 47 -- done
rank 42 | trajectory 80 of circuit 8 -- done
rank 45 | trajectory 93 of circuit 10 -- done
rank 16 | trajectory 92 of circuit 98 -- done
rank 23 | trajectory 60 of circuit 59 -- done
rank 10 | trajectory 95 of circuit 80 -- done
rank 43 | trajectory 63 of circuit 15 -- done
rank 16 | trajectory 67 of circuit 19 -- done
rank 0 | trajectory 35 of circuit 22 -- done
rank 35 | trajectory 81 of circuit 13 -- done
rank 39 | trajectory 86 of circuit 79 -- done
rank 48 | trajectory 18 of circuit 36 -- done
rank 33 | trajectory 16 of circuit 68 -- done
rank 25 | trajectory 58 of circuit 10 -- done
rank 12 | trajectory 43 of circuit 17 -- done
rank 46 | trajectory 41 of circuit 61 -- done
rank 0 | trajectory 44 of circuit 33 -- done
rank 16 | trajectory 72 of circuit 37 -- done
rank 18 | trajectory 95 of circuit 73 -- done
rank 32 | trajectory 35 of circuit 46 -- done
rank 47 | trajectory 2 of circuit 53 -- done
rank 15 | trajectory 80 of circuit 7 -- done
rank 0 | trajectory 42 of circuit 19 -- done
rank 48 | trajectory 16 of circuit 5 -- done
rank 46 | trajectory 83 of circuit 16 -- done
rank 39 | trajectory 87 of circuit 31 -- done
rank 4 | trajectory 3 of circuit 50 -- done
rank 15 | trajectory 12 of circuit 77 -- done
rank 30 | trajectory 58 of circuit 14 -- done
rank 48 | trajectory 74 of circuit 48 -- done
rank 45 | trajectory 11 of circuit 9 -- done
rank 19 | trajectory 42 of circuit 4 -- done
rank 49 | trajectory 88 of circuit 20 -- done
rank 36 | trajectory 90 of circuit 60 -- done
rank 4 | trajectory 48 of circuit 64 -- done
rank 4 | trajectory 87 of circuit 25 -- done
rank 14 | trajectory 73 of circuit 53 -- done
rank 26 | trajectory 67 of circuit 57 -- done
rank 45 | trajectory 89 of circuit 2 -- done
rank 19 | trajectory 89 of circuit 19 -- done
rank 15 | trajectory 90 of circuit 6 -- done
rank 15 | trajectory 8 of circuit 69 -- done
rank 42 | trajectory 18 of circuit 40 -- done
rank 4 | trajectory 28 of circuit 17 -- done
rank 0 | trajectory 87 of circuit 48 -- done
rank 49 | trajectory 35 of circuit 79 -- done
rank 0 | trajectory 68 of circuit 1 -- done
rank 46 | trajectory 12 of circuit 40 -- done
rank 39 | trajectory 65 of circuit 41 -- done
rank 15 | trajectory 21 of circuit 73 -- done
rank 16 | trajectory 21 of circuit 83 -- done
rank 42 | trajectory 55 of circuit 9 -- done
rank 39 | trajectory 1 of circuit 17 -- done
rank 33 | trajectory 46 of circuit 74 -- done
rank 26 | trajectory 83 of circuit 28 -- done
rank 46 | trajectory 39 of circuit 40 -- done
rank 13 | trajectory 66 of circuit 58 -- done
rank 42 | trajectory 64 of circuit 43 -- done
rank 47 | trajectory 33 of circuit 95 -- done
rank 30 | trajectory 71 of circuit 44 -- done
rank 10 | trajectory 77 of circuit 5 -- done
rank 15 | trajectory 68 of circuit 40 -- done
rank 10 | trajectory 59 of circuit 59 -- done
rank 16 | trajectory 75 of circuit 40 -- done
rank 22 | trajectory 29 of circuit 37 -- done
rank 15 | trajectory 5 of circuit 80 -- done
rank 46 | trajectory 89 of circuit 12 -- done
rank 15 | trajectory 43 of circuit 28 -- done
rank 15 | trajectory 5 of circuit 46 -- done
rank 16 | trajectory 69 of circuit 18 -- done
rank 4 | trajectory 16 of circuit 65 -- done
rank 16 | trajectory 47 of circuit 28 -- done
rank 48 | trajectory 91 of circuit 69 -- done
rank 42 | trajectory 1 of circuit 68 -- done
rank 47 | trajectory 66 of circuit 36 -- done
rank 14 | trajectory 46 of circuit 60 -- done
rank 18 | trajectory 46 of circuit 31 -- done
rank 16 | trajectory 81 of circuit 33 -- done
rank 4 | trajectory 78 of circuit 49 -- done
rank 13 | trajectory 90 of circuit 62 -- done
rank 28 | trajectory 57 of circuit 15 -- done
rank 26 | trajectory 93 of circuit 5 -- done
rank 0 | trajectory 34 of circuit 22 -- done
rank 10 | trajectory 20 of circuit 18 -- done
rank 49 | trajectory 31 of circuit 48 -- done
rank 46 | trajectory 54 of circuit 53 -- done
rank 33 | trajectory 16 of circuit 21 -- done
rank 38 | trajectory 80 of circuit 10 -- done
rank 42 | trajectory 48 of circuit 48 -- done
rank 9 | trajectory 42 of circuit 26 -- done
rank 22 | trajectory 57 of circuit 23 -- done
rank 16 | trajectory 8 of circuit 15 -- done
rank 42 | trajectory 43 of circuit 8 -- done
rank 6 | trajectory 84 of circuit 7 -- done
rank 16 | trajectory 35 of circuit 16 -- done
rank 6 | trajectory 21 of circuit 49 -- done
rank 42 | trajectory 65 of circuit 12 -- done
rank 6 | trajectory 30 of circuit 9 -- done
rank 29 | trajectory 34 of circuit 12 -- done
rank 22 | trajectory 37 of circuit 10 -- done
rank 10 | trajectory 9 of circuit 17 -- done
rank 18 | trajectory 64 of circuit 38 -- done
rank 30 | trajectory 70 of circuit 26 -- done
rank 4 | trajectory 51 of circuit 89 -- done
rank 22 | trajectory 40 of circuit 49 -- done
rank 18 | trajectory 26 of circuit 94 -- done
rank 18 | trajectory 50 of circuit 46 -- done
rank 4 | trajectory 83 of circuit 38 -- done
rank 48 | trajectory 10 of circuit 86 -- done
rank 16 | trajectory 32 of circuit 34 -- done
rank 15 | trajectory 3 of circuit 39 -- done
rank 18 | trajectory 5 of circuit 34 -- done
rank 48 | trajectory 21 of circuit 48 -- done
rank 46 | trajectory 48 of circuit 17 -- done
rank 42 | trajectory 71 of circuit 21 -- done
rank 10 | trajectory 92 of circuit 25 -- done
rank 39 | trajectory 42 of circuit 25 -- done
rank 45 | trajectory 88 of circuit 21 -- done
rank 13 | trajectory 50 of circuit 34 -- done
rank 45 | trajectory 22 of circuit 35 -- done
rank 49 | trajectory 22 of circuit 21 -- done
rank 28 | trajectory 73 of circuit 21 -- done
rank 4 | trajectory 55 of circuit 12 -- done
rank 46 | trajectory 57 of circuit 14 -- done
rank 45 | trajectory 53 of circuit 4 -- done
rank 19 | trajectory 63 of circuit 31 -- done
rank 48 | trajectory 85 of circuit 37 -- done
rank 13 | trajectory 55 of circuit 27 -- done
rank 6 | trajectory 13 of circuit 44 -- done
rank 6 | trajectory 37 of circuit 54 -- done
rank 6 | trajectory 24 of circuit 24 -- done
rank 16 | trajectory 74 of circuit 35 -- done
rank 16 | trajectory 22 of circuit 60 -- done
rank 19 | trajectory 56 of circuit 7 -- done
rank 47 | trajectory 47 of circuit 61 -- done
rank 16 | trajectory 6 of circuit 78 -- done
rank 0 | trajectory 2 of circuit 5 -- done
rank 48 | trajectory 89 of circuit 31 -- done
rank 13 | trajectory 8 of circuit 8 -- done
rank 47 | trajectory 1 of circuit 13 -- done
rank 28 | trajectory 70 of circuit 46 -- done
rank 16 | trajectory 10 of circuit 38 -- done
rank 47 | trajectory 86 of circuit 87 -- done
rank 26 | trajectory 60 of circuit 3 -- done
rank 9 | trajectory 35 of circuit 31 -- done
rank 45 | trajectory 18 of circuit 75 -- done
rank 6 | trajectory 25 of circuit 29 -- done
rank 13 | trajectory 84 of circuit 60 -- done
rank 39 | trajectory 51 of circuit 16 -- done
rank 48 | trajectory 94 of circuit 53 -- done
rank 46 | trajectory 75 of circuit 53 -- done
rank 13 | trajectory 63 of circuit 55 -- done
rank 42 | trajectory 57 of circuit 9 -- done
rank 47 | trajectory 44 of circuit 42 -- done
rank 16 | trajectory 30 of circuit 31 -- done
rank 15 | trajectory 20 of circuit 20 -- done
rank 18 | trajectory 9 of circuit 39 -- done
rank 6 | trajectory 46 of circuit 43 -- done
rank 15 | trajectory 43 of circuit 94 -- done
rank 6 | trajectory 38 of circuit 64 -- done
rank 18 | trajectory 75 of circuit 32 -- done
rank 13 | trajectory 89 of circuit 21 -- done
rank 33 | trajectory 90 of circuit 8 -- done
rank 6 | trajectory 9 of circuit 59 -- done
rank 16 | trajectory 23 of circuit 97 -- done
rank 15 | trajectory 82 of circuit 96 -- done
rank 16 | trajectory 80 of circuit 17 -- done
rank 14 | trajectory 10 of circuit 54 -- done
rank 18 | trajectory 56 of circuit 94 -- done
rank 46 | trajectory 11 of circuit 63 -- done
rank 49 | trajectory 42 of circuit 82 -- done
rank 16 | trajectory 77 of circuit 39 -- done
rank 42 | trajectory 94 of circuit 15 -- done
rank 43 | trajectory 47 of circuit 47 -- done
rank 42 | trajectory 88 of circuit 71 -- done
rank 13 | trajectory 23 of circuit 6 -- done
rank 13 | trajectory 65 of circuit 27 -- done
rank 4 | trajectory 79 of circuit 39 -- done
rank 13 | trajectory 15 of circuit 100 -- done
rank 13 | trajectory 42 of circuit 66 -- done
rank 33 | trajectory 60 of circuit 52 -- done
rank 16 | trajectory 69 of circuit 44 -- done
rank 16 | trajectory 75 of circuit 51 -- done
rank 49 | trajectory 76 of circuit 21 -- done
rank 49 | trajectory 44 of circuit 67 -- done
rank 15 | trajectory 67 of circuit 17 -- done
rank 4 | trajectory 89 of circuit 35 -- done
rank 49 | trajectory 59 of circuit 80 -- done
rank 47 | trajectory 86 of circuit 31 -- done
rank 45 | trajectory 69 of circuit 46 -- done
rank 16 | trajectory 32 of circuit 29 -- done
rank 15 | trajectory 50 of circuit 67 -- done
rank 26 | trajectory 26 of circuit 3 -- done
rank 48 | trajectory 69 of circuit 32 -- done
rank 48 | trajectory 77 of circuit 32 -- done
rank 48 | trajectory 87 of circuit 5 -- done
rank 49 | trajectory 33 of circuit 11 -- done
rank 6 | trajectory 67 of circuit 5 -- done
rank 16 | trajectory 88 of circuit 36 -- done
rank 33 | trajectory 57 of circuit 10 -- done
rank 6 | trajectory 77 of circuit 47 -- done
rank 16 | trajectory 88 of circuit 97 -- done
rank 46 | trajectory 58 of circuit 45 -- done
rank 42 | trajectory 69 of circuit 9 -- done
rank 16 | trajectory 87 of circuit 8 -- done
rank 47 | trajectory 71 of circuit 84 -- done
rank 6 | trajectory 53 of circuit 89 -- done
rank 19 | trajectory 96 of circuit 52 -- done
rank 45 | trajectory 14 of circuit 66 -- done
rank 18 | trajectory 65 of circuit 9 -- done
rank 47 | trajectory 39 of circuit 12 -- done
rank 33 | trajectory 13 of circuit 85 -- done
rank 46 | trajectory 84 of circuit 14 -- done
rank 6 | trajectory 68 of circuit 22 -- done
rank 15 | trajectory 86 of circuit 63 -- done
rank 45 | trajectory 23 of circuit 78 -- done
rank 16 | trajectory 3 of circuit 28 -- done
rank 6 | trajectory 65 of circuit 51 -- done
rank 16 | trajectory 43 of circuit 71 -- done
rank 13 | trajectory 93 of circuit 6 -- done
rank 16 | trajectory 50 of circuit 27 -- done
rank 16 | trajectory 25 of circuit 46 -- done
rank 16 | trajectory 9 of circuit 48 -- done
rank 16 | trajectory 53 of circuit 48 -- done
rank 18 | trajectory 57 of circuit 57 -- done
rank 4 | trajectory 29 of circuit 41 -- done
rank 49 | trajectory 60 of circuit 14 -- done
rank 13 | trajectory 92 of circuit 87 -- done
rank 49 | trajectory 1 of circuit 9 -- done
rank 49 | trajectory 50 of circuit 65 -- done
rank 18 | trajectory 90 of circuit 30 -- done
rank 15 | trajectory 66 of circuit 56 -- done
rank 16 | trajectory 4 of circuit 23 -- done
rank 6 | trajectory 77 of circuit 68 -- done
rank 16 | trajectory 17 of circuit 7 -- done
rank 46 | trajectory 57 of circuit 13 -- done
rank 45 | trajectory 23 of circuit 20 -- done
rank 16 | trajectory 3 of circuit 84 -- done
rank 18 | trajectory 20 of circuit 63 -- done
rank 18 | trajectory 59 of circuit 52 -- done
rank 16 | trajectory 16 of circuit 64 -- done
rank 13 | trajectory 39 of circuit 17 -- done
rank 45 | trajectory 14 of circuit 71 -- done
rank 6 | trajectory 91 of circuit 66 -- done
rank 6 | trajectory 71 of circuit 15 -- done
rank 49 | trajectory 72 of circuit 14 -- done
rank 16 | trajectory 63 of circuit 6 -- done
rank 15 | trajectory 79 of circuit 22 -- done
rank 6 | trajectory 93 of circuit 9 -- done
rank 18 | trajectory 94 of circuit 55 -- done
rank 18 | trajectory 55 of circuit 39 -- done
rank 6 | trajectory 39 of circuit 70 -- done
rank 4 | trajectory 95 of circuit 14 -- done
rank 13 | trajectory 2 of circuit 28 -- done
rank 15 | trajectory 51 of circuit 40 -- done
rank 45 | trajectory 62 of circuit 31 -- done
rank 48 | trajectory 27 of circuit 5 -- done
rank 16 | trajectory 12 of circuit 14 -- done
rank 16 | trajectory 57 of circuit 76 -- done
rank 4 | trajectory 50 of circuit 63 -- done
rank 15 | trajectory 44 of circuit 27 -- done
rank 33 | trajectory 2 of circuit 29 -- done
rank 33 | trajectory 27 of circuit 88 -- done
rank 45 | trajectory 15 of circuit 52 -- done
rank 33 | trajectory 36 of circuit 26 -- done
rank 49 | trajectory 32 of circuit 48 -- done
rank 16 | trajectory 30 of circuit 7 -- done
rank 49 | trajectory 25 of circuit 7 -- done
rank 15 | trajectory 91 of circuit 2 -- done
rank 6 | trajectory 40 of circuit 100 -- done
rank 18 | trajectory 68 of circuit 97 -- done
rank 49 | trajectory 21 of circuit 96 -- done
rank 18 | trajectory 72 of circuit 15 -- done
rank 16 | trajectory 21 of circuit 17 -- done
rank 16 | trajectory 54 of circuit 79 -- done
rank 4 | trajectory 19 of circuit 11 -- done
rank 6 | trajectory 86 of circuit 59 -- done
rank 16 | trajectory 95 of circuit 81 -- done
rank 6 | trajectory 45 of circuit 67 -- done
rank 4 | trajectory 20 of circuit 33 -- done
rank 47 | trajectory 94 of circuit 20 -- done
rank 33 | trajectory 61 of circuit 51 -- done
rank 6 | trajectory 18 of circuit 29 -- done
rank 18 | trajectory 94 of circuit 5 -- done
rank 15 | trajectory 78 of circuit 13 -- done
rank 33 | trajectory 3 of circuit 17 -- done
rank 16 | trajectory 64 of circuit 40 -- done
rank 6 | trajectory 21 of circuit 57 -- done
rank 4 | trajectory 10 of circuit 62 -- done
rank 4 | trajectory 75 of circuit 1 -- done
rank 45 | trajectory 6 of circuit 70 -- done
rank 4 | trajectory 47 of circuit 10 -- done
rank 49 | trajectory 25 of circuit 93 -- done
rank 4 | trajectory 31 of circuit 34 -- done
rank 28 | trajectory 87 of circuit 24 -- done
rank 4 | trajectory 7 of circuit 25 -- done
rank 4 | trajectory 95 of circuit 28 -- done
rank 6 | trajectory 95 of circuit 7 -- done
rank 33 | trajectory 56 of circuit 40 -- done
rank 16 | trajectory 24 of circuit 13 -- done
rank 16 | trajectory 54 of circuit 87 -- done
rank 45 | trajectory 1 of circuit 50 -- done
rank 6 | trajectory 88 of circuit 80 -- done
rank 4 | trajectory 22 of circuit 37 -- done
rank 47 | trajectory 72 of circuit 86 -- done
rank 16 | trajectory 35 of circuit 55 -- done
rank 4 | trajectory 63 of circuit 89 -- done
rank 33 | trajectory 44 of circuit 2 -- done
rank 47 | trajectory 76 of circuit 91 -- done
rank 45 | trajectory 74 of circuit 36 -- done
rank 47 | trajectory 35 of circuit 2 -- done
rank 16 | trajectory 36 of circuit 23 -- done
rank 49 | trajectory 78 of circuit 64 -- done
rank 4 | trajectory 85 of circuit 58 -- done
rank 6 | trajectory 18 of circuit 4 -- done
rank 47 | trajectory 88 of circuit 79 -- done
rank 47 | trajectory 46 of circuit 49 -- done
rank 45 | trajectory 57 of circuit 42 -- done
rank 6 | trajectory 59 of circuit 96 -- done
rank 33 | trajectory 29 of circuit 23 -- done
rank 6 | trajectory 49 of circuit 12 -- done
rank 16 | trajectory 24 of circuit 84 -- done
rank 33 | trajectory 93 of circuit 41 -- done
rank 47 | trajectory 82 of circuit 39 -- done
rank 4 | trajectory 38 of circuit 15 -- done
rank 18 | trajectory 49 of circuit 11 -- done
rank 4 | trajectory 40 of circuit 42 -- done
rank 16 | trajectory 33 of circuit 57 -- done
rank 47 | trajectory 22 of circuit 88 -- done
rank 47 | trajectory 23 of circuit 79 -- done
rank 47 | trajectory 40 of circuit 30 -- done
rank 4 | trajectory 64 of circuit 79 -- done
rank 4 | trajectory 12 of circuit 89 -- done
rank 16 | trajectory 96 of circuit 48 -- done
rank 16 | trajectory 77 of circuit 81 -- done
rank 47 | trajectory 80 of circuit 75 -- done
rank 33 | trajectory 81 of circuit 29 -- done
rank 16 | trajectory 85 of circuit 93 -- done
rank 6 | trajectory 8 of circuit 77 -- done
rank 6 | trajectory 42 of circuit 93 -- done
rank 6 | trajectory 60 of circuit 46 -- done
rank 4 | trajectory 53 of circuit 85 -- done
rank 6 | trajectory 65 of circuit 88 -- done
rank 4 | trajectory 50 of circuit 13 -- done
rank 33 | trajectory 77 of circuit 11 -- done
rank 16 | trajectory 90 of circuit 47 -- done
rank 4 | trajectory 21 of circuit 8 -- done
rank 47 | trajectory 38 of circuit 79 -- done
rank 4 | trajectory 72 of circuit 3 -- done
rank 16 | trajectory 55 of circuit 20 -- done
rank 33 | trajectory 54 of circuit 68 -- done
rank 33 | trajectory 59 of circuit 65 -- done
rank 33 | trajectory 64 of circuit 37 -- done
rank 16 | trajectory 12 of circuit 56 -- done
rank 47 | trajectory 90 of circuit 44 -- done
rank 47 | trajectory 31 of circuit 19 -- done
rank 47 | trajectory 54 of circuit 22 -- done
rank 47 | trajectory 5 of circuit 3 -- done
rank 16 | trajectory 45 of circuit 96 -- done
rank 16 | trajectory 7 of circuit 39 -- done
rank 33 | trajectory 31 of circuit 16 -- done
rank 4 | trajectory 25 of circuit 22 -- done
rank 4 | trajectory 37 of circuit 11 -- done
rank 16 | trajectory 82 of circuit 12 -- done
rank 16 | trajectory 2 of circuit 31 -- done
rank 16 | trajectory 52 of circuit 83 -- done
rank 6 | trajectory 54 of circuit 81 -- done
rank 16 | trajectory 26 of circuit 16 -- done
rank 16 | trajectory 11 of circuit 67 -- done
rank 16 | trajectory 38 of circuit 73 -- done
rank 4 | trajectory 91 of circuit 78 -- done
rank 6 | trajectory 60 of circuit 95 -- done
rank 16 | trajectory 87 of circuit 6 -- done
rank 4 | trajectory 33 of circuit 48 -- done
rank 16 | trajectory 61 of circuit 62 -- done
rank 16 | trajectory 73 of circuit 43 -- done
rank 4 | trajectory 90 of circuit 71 -- done
rank 16 | trajectory 34 of circuit 79 -- done
rank 4 | trajectory 67 of circuit 28 -- done
rank 47 | trajectory 62 of circuit 13 -- done
rank 16 | trajectory 20 of circuit 58 -- done
rank 33 | trajectory 41 of circuit 28 -- done
rank 6 | trajectory 44 of circuit 78 -- done
rank 33 | trajectory 17 of circuit 30 -- done
rank 4 | trajectory 80 of circuit 65 -- done
rank 4 | trajectory 54 of circuit 1 -- done
rank 4 | trajectory 73 of circuit 3 -- done
rank 6 | trajectory 17 of circuit 72 -- done
rank 6 | trajectory 40 of circuit 51 -- done
rank 6 | trajectory 94 of circuit 41 -- done
rank 6 | trajectory 92 of circuit 28 -- done
rank 4 | trajectory 78 of circuit 19 -- done
rank 6 | trajectory 56 of circuit 91 -- done
rank 6 | trajectory 48 of circuit 24 -- done
rank 6 | trajectory 69 of circuit 77 -- done
rank 6 | trajectory 27 of circuit 94 -- done
rank 6 | trajectory 90 of circuit 51 -- done
rank 6 | trajectory 10 of circuit 6 -- done
rank 6 | trajectory 16 of circuit 48 -- done
rank 6 | trajectory 84 of circuit 12 -- done
rank 6 | trajectory 19 of circuit 18 -- done
rank 6 | trajectory 4 of circuit 88 -- done
rank 6 | trajectory 36 of circuit 38 -- done
rank 6 | trajectory 48 of circuit 35 -- done
rank 6 | trajectory 35 of circuit 37 -- done
rank 6 | trajectory 23 of circuit 53 -- done
rank 6 | trajectory 20 of circuit 12 -- done
rank 6 | trajectory 31 of circuit 9 -- done
rank 6 | trajectory 11 of circuit 19 -- done
rank 6 | trajectory 61 of circuit 22 -- done
rank 6 | trajectory 29 of circuit 71 -- done
rank 6 | trajectory 96 of circuit 33 -- done
rank 6 | trajectory 41 of circuit 34 -- done
rank 6 | trajectory 32 of circuit 39 -- done
rank 6 | trajectory 63 of circuit 61 -- done
rank 6 | trajectory 8 of circuit 3 -- done
rank 6 | trajectory 28 of circuit 39 -- done
rank 6 | trajectory 25 of circuit 85 -- done
rank 6 | trajectory 44 of circuit 55 -- done
rank 6 | trajectory 67 of circuit 49 -- done
rank 6 | trajectory 79 of circuit 69 -- done




---------------------------------------------
complete:2024-06-29T13:18:58.820
---------------------------------------------




