┌ Warning: The Pkg REPL mode is intended for interactive use only, and should not be used from scripts. It is recommended to use the functional API instead.
└ @ Pkg.REPLMode ~/.julia/juliaup/julia-1.10.3+0.x64.linux.gnu/share/julia/stdlib/v1.10/Pkg/src/REPLMode/REPLMode.jl:382
┌ Warning: The Pkg REPL mode is intended for interactive use only, and should not be used from scripts. It is recommended to use the functional API instead.
└ @ Pkg.REPLMode ~/.julia/juliaup/julia-1.10.3+0.x64.linux.gnu/share/julia/stdlib/v1.10/Pkg/src/REPLMode/REPLMode.jl:382




---------------------------------------------
start:2024-05-28T10:33:22.025
---------------------------------------------




rank 0 | running with 192 threads | 192 trajectories to sample...
rank 72 | running with 192 threads | 192 trajectories to sample...
rank 70 | running with 192 threads | 192 trajectories to sample...
rank 69 | running with 192 threads | 192 trajectories to sample...
rank 66 | running with 192 threads | 192 trajectories to sample...
rank 33 | running with 192 threads | 192 trajectories to sample...
rank 83 | running with 192 threads | 192 trajectories to sample...
rank 71 | running with 192 threads | 192 trajectories to sample...
rank 73 | running with 192 threads | 192 trajectories to sample...
rank 56 | running with 192 threads | 192 trajectories to sample...
rank 64 | running with 192 threads | 192 trajectories to sample...
rank 43 | running with 192 threads | 192 trajectories to sample...
rank 81 | running with 192 threads | 192 trajectories to sample...
rank 41 | running with 192 threads | 192 trajectories to sample...
rank 79 | running with 192 threads | 192 trajectories to sample...
rank 20 | running with 192 threads | 192 trajectories to sample...
rank 29 | running with 192 threads | 192 trajectories to sample...
rank 57 | running with 192 threads | 192 trajectories to sample...
rank 54 | running with 192 threads | 192 trajectories to sample...
rank 65 | running with 192 threads | 192 trajectories to sample...
rank 44 | running with 192 threads | 192 trajectories to sample...
rank 25 | running with 192 threads | 192 trajectories to sample...
rank 60 | running with 192 threads | 192 trajectories to sample...
rank 30 | running with 192 threads | 192 trajectories to sample...
rank 46 | running with 192 threads | 192 trajectories to sample...
rank 51 | running with 192 threads | 192 trajectories to sample...
rank 28 | running with 192 threads | 192 trajectories to sample...
rank 58 | running with 192 threads | 192 trajectories to sample...
rank 75 | running with 192 threads | 192 trajectories to sample...
rank 63 | running with 192 threads | 192 trajectories to sample...
rank 62 | running with 192 threads | 192 trajectories to sample...
rank 40 | running with 192 threads | 192 trajectories to sample...
rank 23 | running with 192 threads | 192 trajectories to sample...
rank 59 | running with 192 threads | 192 trajectories to sample...
rank 49 | running with 192 threads | 192 trajectories to sample...
rank 42 | running with 192 threads | 192 trajectories to sample...
rank 21 | running with 192 threads | 192 trajectories to sample...
rank 48 | running with 192 threads | 192 trajectories to sample...
rank 52 | running with 192 threads | 192 trajectories to sample...
rank 34 | running with 192 threads | 192 trajectories to sample...
rank 61 | running with 192 threads | 192 trajectories to sample...
rank 55 | running with 192 threads | 192 trajectories to sample...
rank 22 | running with 192 threads | 192 trajectories to sample...
rank 26 | running with 192 threads | 192 trajectories to sample...
rank 39 | running with 192 threads | 192 trajectories to sample...
rank 17 | running with 192 threads | 192 trajectories to sample...
rank 45 | running with 192 threads | 192 trajectories to sample...
rank 67 | running with 192 threads | 192 trajectories to sample...
rank 19 | running with 192 threads | 192 trajectories to sample...
rank 18 | running with 192 threads | 192 trajectories to sample...
rank 77 | running with 192 threads | 192 trajectories to sample...
rank 47 | running with 192 threads | 192 trajectories to sample...
rank 38 | running with 192 threads | 192 trajectories to sample...
rank 88 | running with 192 threads | 192 trajectories to sample...
rank 80 | running with 192 threads | 192 trajectories to sample...
rank 68 | running with 192 threads | 192 trajectories to sample...
rank 78 | running with 192 threads | 192 trajectories to sample...
rank 76 | running with 192 threads | 192 trajectories to sample...
rank 82 | running with 192 threads | 192 trajectories to sample...
rank 5 | running with 192 threads | 192 trajectories to sample...
rank 4 | running with 192 threads | 192 trajectories to sample...
rank 74 | running with 192 threads | 192 trajectories to sample...
rank 12 | running with 192 threads | 192 trajectories to sample...
rank 37 | running with 192 threads | 192 trajectories to sample...
rank 36 | running with 192 threads | 192 trajectories to sample...
rank 50 | running with 192 threads | 192 trajectories to sample...
rank 35 | running with 192 threads | 192 trajectories to sample...
rank 53 | running with 192 threads | 192 trajectories to sample...
rank 3 | running with 192 threads | 192 trajectories to sample...
rank 98 | running with 192 threads | 192 trajectories to sample...
rank 32 | running with 192 threads | 192 trajectories to sample...
rank 24 | running with 192 threads | 192 trajectories to sample...
rank 31 | running with 192 threads | 192 trajectories to sample...
rank 87 | running with 192 threads | 192 trajectories to sample...
rank 27 | running with 192 threads | 192 trajectories to sample...
rank 94 | running with 192 threads | 192 trajectories to sample...
rank 6 | running with 192 threads | 192 trajectories to sample...
rank 16 | running with 192 threads | 192 trajectories to sample...
rank 2 | running with 192 threads | 192 trajectories to sample...
rank 13 | running with 192 threads | 192 trajectories to sample...
rank 86 | running with 192 threads | 192 trajectories to sample...
rank 10 | running with 192 threads | 192 trajectories to sample...
rank 89 | running with 192 threads | 192 trajectories to sample...
rank 99 | running with 192 threads | 192 trajectories to sample...
rank 90 | running with 192 threads | 192 trajectories to sample...
rank 93 | running with 192 threads | 192 trajectories to sample...
rank 15 | running with 192 threads | 192 trajectories to sample...
rank 1 | running with 192 threads | 192 trajectories to sample...
rank 9 | running with 192 threads | 192 trajectories to sample...
rank 84 | running with 192 threads | 192 trajectories to sample...
rank 97 | running with 192 threads | 192 trajectories to sample...
rank 96 | running with 192 threads | 192 trajectories to sample...
rank 91 | running with 192 threads | 192 trajectories to sample...
rank 95 | running with 192 threads | 192 trajectories to sample...
rank 8 | running with 192 threads | 192 trajectories to sample...
rank 14 | running with 192 threads | 192 trajectories to sample...
rank 11 | running with 192 threads | 192 trajectories to sample...
rank 85 | running with 192 threads | 192 trajectories to sample...
rank 7 | running with 192 threads | 192 trajectories to sample...
rank 92 | running with 192 threads | 192 trajectories to sample...
rank 0 | trajectory 155 of circuit 72 -- done
rank 0 | trajectory 20 of circuit 77 -- done
rank 0 | trajectory 16 of circuit 75 -- done
rank 0 | trajectory 179 of circuit 90 -- done
rank 0 | trajectory 123 of circuit 49 -- done
rank 0 | trajectory 145 of circuit 25 -- done
rank 0 | trajectory 59 of circuit 81 -- done
rank 0 | trajectory 132 of circuit 81 -- done
rank 0 | trajectory 61 of circuit 24 -- done
rank 0 | trajectory 115 of circuit 67 -- done
rank 0 | trajectory 169 of circuit 30 -- done
rank 0 | trajectory 81 of circuit 6 -- done
rank 0 | trajectory 101 of circuit 48 -- done
rank 0 | trajectory 121 of circuit 59 -- done
rank 0 | trajectory 131 of circuit 91 -- done
rank 0 | trajectory 135 of circuit 78 -- done
rank 0 | trajectory 164 of circuit 61 -- done
rank 0 | trajectory 159 of circuit 26 -- done
rank 0 | trajectory 149 of circuit 18 -- done
rank 0 | trajectory 52 of circuit 30 -- done
rank 0 | trajectory 45 of circuit 42 -- done
rank 0 | trajectory 43 of circuit 7 -- done
rank 0 | trajectory 184 of circuit 47 -- done
rank 0 | trajectory 148 of circuit 46 -- done
rank 0 | trajectory 174 of circuit 61 -- done
rank 0 | trajectory 151 of circuit 17 -- done
rank 0 | trajectory 109 of circuit 4 -- done
rank 0 | trajectory 90 of circuit 21 -- done
rank 0 | trajectory 128 of circuit 30 -- done
rank 0 | trajectory 23 of circuit 97 -- done
rank 0 | trajectory 186 of circuit 83 -- done
rank 0 | trajectory 42 of circuit 24 -- done
rank 0 | trajectory 22 of circuit 5 -- done
rank 0 | trajectory 147 of circuit 90 -- done
rank 0 | trajectory 108 of circuit 100 -- done
rank 0 | trajectory 60 of circuit 92 -- done
rank 0 | trajectory 69 of circuit 72 -- done
rank 0 | trajectory 156 of circuit 70 -- done
rank 0 | trajectory 18 of circuit 51 -- done
rank 0 | trajectory 29 of circuit 46 -- done
rank 0 | trajectory 162 of circuit 80 -- done
rank 0 | trajectory 87 of circuit 51 -- done
rank 0 | trajectory 181 of circuit 29 -- done
rank 0 | trajectory 85 of circuit 28 -- done
rank 0 | trajectory 182 of circuit 22 -- done
rank 0 | trajectory 95 of circuit 6 -- done
rank 0 | trajectory 39 of circuit 13 -- done
rank 0 | trajectory 116 of circuit 44 -- done
rank 0 | trajectory 173 of circuit 21 -- done
rank 0 | trajectory 143 of circuit 56 -- done
rank 0 | trajectory 96 of circuit 67 -- done
rank 0 | trajectory 48 of circuit 13 -- done
rank 0 | trajectory 47 of circuit 1 -- done
rank 0 | trajectory 153 of circuit 76 -- done
rank 0 | trajectory 66 of circuit 38 -- done
rank 0 | trajectory 99 of circuit 95 -- done
rank 0 | trajectory 91 of circuit 37 -- done
rank 0 | trajectory 93 of circuit 52 -- done
rank 0 | trajectory 175 of circuit 26 -- done
rank 0 | trajectory 118 of circuit 66 -- done
rank 0 | trajectory 129 of circuit 11 -- done
rank 0 | trajectory 102 of circuit 45 -- done
rank 0 | trajectory 113 of circuit 88 -- done
rank 0 | trajectory 120 of circuit 74 -- done
rank 0 | trajectory 142 of circuit 86 -- done
rank 0 | trajectory 77 of circuit 79 -- done
rank 0 | trajectory 72 of circuit 55 -- done
rank 0 | trajectory 92 of circuit 87 -- done
rank 0 | trajectory 114 of circuit 85 -- done
rank 0 | trajectory 79 of circuit 38 -- done
rank 0 | trajectory 177 of circuit 50 -- done
rank 0 | trajectory 163 of circuit 48 -- done
rank 0 | trajectory 105 of circuit 56 -- done
rank 0 | trajectory 167 of circuit 15 -- done
rank 0 | trajectory 165 of circuit 32 -- done
rank 0 | trajectory 137 of circuit 63 -- done
rank 41 | trajectory 36 of circuit 48 -- done
rank 41 | trajectory 141 of circuit 80 -- done
rank 41 | trajectory 66 of circuit 15 -- done
rank 41 | trajectory 68 of circuit 67 -- done
rank 41 | trajectory 170 of circuit 7 -- done
rank 41 | trajectory 46 of circuit 22 -- done
rank 41 | trajectory 63 of circuit 48 -- done
rank 41 | trajectory 49 of circuit 86 -- done
rank 41 | trajectory 25 of circuit 60 -- done
rank 41 | trajectory 155 of circuit 39 -- done
rank 41 | trajectory 80 of circuit 77 -- done
rank 41 | trajectory 147 of circuit 15 -- done
rank 41 | trajectory 161 of circuit 46 -- done
rank 41 | trajectory 9 of circuit 62 -- done
rank 41 | trajectory 8 of circuit 15 -- done
rank 0 | trajectory 139 of circuit 55 -- done
rank 41 | trajectory 150 of circuit 27 -- done
rank 41 | trajectory 144 of circuit 44 -- done
rank 41 | trajectory 29 of circuit 74 -- done
rank 0 | trajectory 71 of circuit 12 -- done
rank 73 | trajectory 9 of circuit 16 -- done
rank 73 | trajectory 46 of circuit 13 -- done
rank 73 | trajectory 69 of circuit 62 -- done
rank 73 | trajectory 109 of circuit 11 -- done
rank 73 | trajectory 191 of circuit 88 -- done
rank 0 | trajectory 70 of circuit 54 -- done
rank 73 | trajectory 147 of circuit 33 -- done
rank 73 | trajectory 149 of circuit 83 -- done
rank 73 | trajectory 134 of circuit 54 -- done
rank 73 | trajectory 37 of circuit 62 -- done
rank 73 | trajectory 112 of circuit 63 -- done
rank 73 | trajectory 133 of circuit 2 -- done
rank 73 | trajectory 96 of circuit 92 -- done
rank 0 | trajectory 50 of circuit 21 -- done
rank 73 | trajectory 146 of circuit 64 -- done
rank 61 | trajectory 75 of circuit 60 -- done
rank 61 | trajectory 137 of circuit 42 -- done
rank 0 | trajectory 111 of circuit 89 -- done
rank 61 | trajectory 50 of circuit 60 -- done
rank 61 | trajectory 164 of circuit 63 -- done
rank 61 | trajectory 181 of circuit 83 -- done
rank 61 | trajectory 81 of circuit 58 -- done
rank 61 | trajectory 175 of circuit 23 -- done
rank 61 | trajectory 57 of circuit 68 -- done
rank 61 | trajectory 60 of circuit 21 -- done
rank 61 | trajectory 51 of circuit 11 -- done
rank 61 | trajectory 182 of circuit 51 -- done
rank 61 | trajectory 161 of circuit 81 -- done
rank 61 | trajectory 125 of circuit 76 -- done
rank 61 | trajectory 77 of circuit 19 -- done
rank 0 | trajectory 157 of circuit 64 -- done
rank 61 | trajectory 176 of circuit 10 -- done
rank 61 | trajectory 90 of circuit 88 -- done
rank 61 | trajectory 20 of circuit 79 -- done
rank 61 | trajectory 92 of circuit 95 -- done
rank 58 | trajectory 47 of circuit 98 -- done
rank 61 | trajectory 150 of circuit 34 -- done
rank 61 | trajectory 127 of circuit 95 -- done
rank 58 | trajectory 18 of circuit 42 -- done
rank 61 | trajectory 8 of circuit 82 -- done
rank 58 | trajectory 128 of circuit 81 -- done
rank 61 | trajectory 48 of circuit 83 -- done
rank 58 | trajectory 22 of circuit 3 -- done
rank 61 | trajectory 24 of circuit 79 -- done
rank 58 | trajectory 65 of circuit 3 -- done
rank 57 | trajectory 13 of circuit 35 -- done
rank 0 | trajectory 127 of circuit 26 -- done
rank 61 | trajectory 192 of circuit 20 -- done
rank 58 | trajectory 12 of circuit 29 -- done
rank 41 | trajectory 118 of circuit 80 -- done
rank 57 | trajectory 7 of circuit 9 -- done
rank 58 | trajectory 151 of circuit 42 -- done
rank 61 | trajectory 99 of circuit 59 -- done
rank 58 | trajectory 162 of circuit 94 -- done
rank 57 | trajectory 26 of circuit 61 -- done
rank 57 | trajectory 22 of circuit 33 -- done
rank 58 | trajectory 170 of circuit 85 -- done
rank 57 | trajectory 48 of circuit 42 -- done
rank 61 | trajectory 132 of circuit 62 -- done
rank 57 | trajectory 34 of circuit 11 -- done
rank 58 | trajectory 5 of circuit 8 -- done
rank 57 | trajectory 29 of circuit 67 -- done
rank 58 | trajectory 88 of circuit 80 -- done
rank 57 | trajectory 121 of circuit 46 -- done
rank 58 | trajectory 78 of circuit 64 -- done
rank 57 | trajectory 59 of circuit 11 -- done
rank 58 | trajectory 119 of circuit 44 -- done
rank 57 | trajectory 16 of circuit 33 -- done
rank 58 | trajectory 137 of circuit 49 -- done
rank 57 | trajectory 42 of circuit 4 -- done
rank 57 | trajectory 98 of circuit 32 -- done
rank 0 | trajectory 158 of circuit 62 -- done
rank 58 | trajectory 145 of circuit 12 -- done
rank 57 | trajectory 127 of circuit 22 -- done
rank 57 | trajectory 144 of circuit 17 -- done
rank 57 | trajectory 58 of circuit 52 -- done
rank 57 | trajectory 105 of circuit 42 -- done
rank 61 | trajectory 103 of circuit 100 -- done
rank 0 | trajectory 1 of circuit 64 -- done
rank 57 | trajectory 129 of circuit 25 -- done
rank 58 | trajectory 75 of circuit 1 -- done
rank 41 | trajectory 40 of circuit 2 -- done
rank 57 | trajectory 147 of circuit 35 -- done
rank 57 | trajectory 162 of circuit 75 -- done
rank 57 | trajectory 172 of circuit 3 -- done
rank 0 | trajectory 172 of circuit 15 -- done
rank 57 | trajectory 138 of circuit 44 -- done
rank 57 | trajectory 100 of circuit 95 -- done
rank 57 | trajectory 63 of circuit 21 -- done
rank 57 | trajectory 11 of circuit 88 -- done
rank 57 | trajectory 41 of circuit 80 -- done
rank 33 | trajectory 166 of circuit 24 -- done
rank 33 | trajectory 49 of circuit 100 -- done
rank 0 | trajectory 191 of circuit 89 -- done
rank 33 | trajectory 108 of circuit 5 -- done
rank 33 | trajectory 114 of circuit 42 -- done
rank 33 | trajectory 35 of circuit 92 -- done
rank 33 | trajectory 14 of circuit 79 -- done
rank 33 | trajectory 59 of circuit 22 -- done
rank 33 | trajectory 17 of circuit 36 -- done
rank 33 | trajectory 32 of circuit 28 -- done
rank 33 | trajectory 77 of circuit 20 -- done
rank 33 | trajectory 179 of circuit 80 -- done
rank 0 | trajectory 98 of circuit 46 -- done
rank 33 | trajectory 20 of circuit 64 -- done
rank 0 | trajectory 136 of circuit 71 -- done
rank 33 | trajectory 67 of circuit 47 -- done
rank 0 | trajectory 94 of circuit 88 -- done
rank 61 | trajectory 130 of circuit 83 -- done
rank 0 | trajectory 80 of circuit 66 -- done
rank 22 | trajectory 12 of circuit 72 -- done
rank 22 | trajectory 26 of circuit 37 -- done
rank 61 | trajectory 18 of circuit 49 -- done
rank 22 | trajectory 174 of circuit 84 -- done
rank 22 | trajectory 9 of circuit 97 -- done
rank 22 | trajectory 111 of circuit 97 -- done
rank 22 | trajectory 176 of circuit 66 -- done
rank 22 | trajectory 28 of circuit 22 -- done
rank 22 | trajectory 41 of circuit 63 -- done
rank 22 | trajectory 49 of circuit 50 -- done
rank 22 | trajectory 103 of circuit 52 -- done
rank 22 | trajectory 74 of circuit 83 -- done
rank 22 | trajectory 17 of circuit 40 -- done
rank 0 | trajectory 130 of circuit 94 -- done
rank 22 | trajectory 85 of circuit 35 -- done
rank 22 | trajectory 57 of circuit 89 -- done
rank 22 | trajectory 127 of circuit 54 -- done
rank 22 | trajectory 35 of circuit 25 -- done
rank 33 | trajectory 8 of circuit 49 -- done
rank 22 | trajectory 161 of circuit 58 -- done
rank 57 | trajectory 37 of circuit 45 -- done
rank 0 | trajectory 57 of circuit 69 -- done
rank 22 | trajectory 125 of circuit 64 -- done
rank 22 | trajectory 147 of circuit 93 -- done
rank 57 | trajectory 14 of circuit 58 -- done
rank 0 | trajectory 34 of circuit 41 -- done
rank 42 | trajectory 46 of circuit 43 -- done
rank 42 | trajectory 154 of circuit 62 -- done
rank 42 | trajectory 3 of circuit 85 -- done
rank 22 | trajectory 37 of circuit 17 -- done
rank 42 | trajectory 52 of circuit 69 -- done
rank 42 | trajectory 12 of circuit 8 -- done
rank 61 | trajectory 88 of circuit 25 -- done
rank 42 | trajectory 109 of circuit 99 -- done
rank 42 | trajectory 94 of circuit 72 -- done
rank 0 | trajectory 187 of circuit 3 -- done
rank 42 | trajectory 174 of circuit 98 -- done
rank 42 | trajectory 87 of circuit 50 -- done
rank 42 | trajectory 84 of circuit 90 -- done
rank 42 | trajectory 124 of circuit 99 -- done
rank 42 | trajectory 192 of circuit 25 -- done
rank 33 | trajectory 11 of circuit 29 -- done
rank 42 | trajectory 1 of circuit 43 -- done
rank 42 | trajectory 144 of circuit 89 -- done
rank 42 | trajectory 139 of circuit 3 -- done
rank 42 | trajectory 8 of circuit 26 -- done
rank 42 | trajectory 65 of circuit 99 -- done
rank 29 | trajectory 78 of circuit 96 -- done
rank 42 | trajectory 81 of circuit 100 -- done
rank 29 | trajectory 56 of circuit 18 -- done
rank 42 | trajectory 176 of circuit 21 -- done
rank 29 | trajectory 18 of circuit 61 -- done
rank 42 | trajectory 74 of circuit 7 -- done
rank 29 | trajectory 12 of circuit 66 -- done
rank 42 | trajectory 27 of circuit 75 -- done
rank 29 | trajectory 67 of circuit 60 -- done
rank 42 | trajectory 191 of circuit 38 -- done
rank 29 | trajectory 15 of circuit 70 -- done
rank 42 | trajectory 63 of circuit 100 -- done
rank 29 | trajectory 134 of circuit 29 -- done
rank 42 | trajectory 159 of circuit 20 -- done
rank 29 | trajectory 70 of circuit 82 -- done
rank 42 | trajectory 44 of circuit 54 -- done
rank 21 | trajectory 8 of circuit 9 -- done
rank 42 | trajectory 188 of circuit 94 -- done
rank 29 | trajectory 115 of circuit 44 -- done
rank 21 | trajectory 38 of circuit 72 -- done
rank 57 | trajectory 28 of circuit 67 -- done
rank 21 | trajectory 162 of circuit 54 -- done
rank 29 | trajectory 46 of circuit 11 -- done
rank 42 | trajectory 69 of circuit 27 -- done
rank 29 | trajectory 69 of circuit 23 -- done
rank 29 | trajectory 19 of circuit 2 -- done
rank 0 | trajectory 75 of circuit 26 -- done
rank 21 | trajectory 188 of circuit 30 -- done
rank 33 | trajectory 78 of circuit 49 -- done
rank 29 | trajectory 167 of circuit 8 -- done
rank 42 | trajectory 18 of circuit 87 -- done
rank 21 | trajectory 4 of circuit 85 -- done
rank 29 | trajectory 83 of circuit 78 -- done
rank 21 | trajectory 77 of circuit 75 -- done
rank 42 | trajectory 76 of circuit 64 -- done
rank 65 | trajectory 6 of circuit 39 -- done
rank 42 | trajectory 10 of circuit 48 -- done
rank 65 | trajectory 122 of circuit 3 -- done
rank 21 | trajectory 158 of circuit 30 -- done
rank 29 | trajectory 48 of circuit 37 -- done
rank 22 | trajectory 157 of circuit 55 -- done
rank 29 | trajectory 62 of circuit 69 -- done
rank 65 | trajectory 192 of circuit 22 -- done
rank 42 | trajectory 64 of circuit 44 -- done
rank 21 | trajectory 1 of circuit 44 -- done
rank 42 | trajectory 160 of circuit 77 -- done
rank 65 | trajectory 141 of circuit 79 -- done
rank 33 | trajectory 66 of circuit 83 -- done
rank 21 | trajectory 29 of circuit 37 -- done
rank 29 | trajectory 38 of circuit 57 -- done
rank 65 | trajectory 30 of circuit 48 -- done
rank 65 | trajectory 45 of circuit 46 -- done
rank 29 | trajectory 40 of circuit 79 -- done
rank 65 | trajectory 109 of circuit 70 -- done
rank 56 | trajectory 25 of circuit 91 -- done
rank 21 | trajectory 178 of circuit 2 -- done
rank 65 | trajectory 93 of circuit 22 -- done
rank 0 | trajectory 138 of circuit 67 -- done
rank 56 | trajectory 40 of circuit 15 -- done
rank 65 | trajectory 9 of circuit 67 -- done
rank 65 | trajectory 157 of circuit 21 -- done
rank 56 | trajectory 175 of circuit 7 -- done
rank 65 | trajectory 5 of circuit 64 -- done
rank 65 | trajectory 22 of circuit 77 -- done
rank 56 | trajectory 134 of circuit 70 -- done
rank 29 | trajectory 155 of circuit 8 -- done
rank 65 | trajectory 16 of circuit 44 -- done
rank 21 | trajectory 138 of circuit 94 -- done
rank 79 | trajectory 42 of circuit 94 -- done
rank 56 | trajectory 152 of circuit 45 -- done
rank 79 | trajectory 82 of circuit 94 -- done
rank 79 | trajectory 108 of circuit 76 -- done
rank 79 | trajectory 47 of circuit 75 -- done
rank 79 | trajectory 172 of circuit 94 -- done
rank 56 | trajectory 172 of circuit 82 -- done
rank 79 | trajectory 91 of circuit 1 -- done
rank 42 | trajectory 67 of circuit 84 -- done
rank 33 | trajectory 84 of circuit 19 -- done
rank 56 | trajectory 167 of circuit 5 -- done
rank 79 | trajectory 11 of circuit 16 -- done
rank 20 | trajectory 39 of circuit 4 -- done
rank 21 | trajectory 18 of circuit 23 -- done
rank 65 | trajectory 50 of circuit 35 -- done
rank 20 | trajectory 34 of circuit 72 -- done
rank 79 | trajectory 96 of circuit 68 -- done
rank 79 | trajectory 23 of circuit 33 -- done
rank 20 | trajectory 43 of circuit 18 -- done
rank 56 | trajectory 166 of circuit 21 -- done
rank 79 | trajectory 105 of circuit 49 -- done
rank 20 | trajectory 109 of circuit 49 -- done
rank 79 | trajectory 38 of circuit 38 -- done
rank 20 | trajectory 52 of circuit 53 -- done
rank 20 | trajectory 51 of circuit 72 -- done
rank 79 | trajectory 78 of circuit 30 -- done
rank 42 | trajectory 153 of circuit 48 -- done
rank 20 | trajectory 89 of circuit 94 -- done
rank 79 | trajectory 44 of circuit 93 -- done
rank 79 | trajectory 70 of circuit 60 -- done
rank 21 | trajectory 61 of circuit 41 -- done
rank 20 | trajectory 92 of circuit 40 -- done
rank 0 | trajectory 49 of circuit 73 -- done
rank 20 | trajectory 159 of circuit 72 -- done
rank 79 | trajectory 40 of circuit 44 -- done
rank 20 | trajectory 45 of circuit 72 -- done
rank 20 | trajectory 72 of circuit 31 -- done
rank 79 | trajectory 170 of circuit 80 -- done
rank 42 | trajectory 122 of circuit 26 -- done
rank 79 | trajectory 109 of circuit 65 -- done
rank 20 | trajectory 29 of circuit 81 -- done
rank 20 | trajectory 21 of circuit 8 -- done
rank 21 | trajectory 98 of circuit 48 -- done
rank 20 | trajectory 17 of circuit 78 -- done
rank 79 | trajectory 64 of circuit 88 -- done
rank 20 | trajectory 155 of circuit 40 -- done
rank 20 | trajectory 153 of circuit 45 -- done
rank 21 | trajectory 14 of circuit 53 -- done
rank 20 | trajectory 167 of circuit 83 -- done
rank 20 | trajectory 64 of circuit 40 -- done
rank 21 | trajectory 76 of circuit 75 -- done
rank 20 | trajectory 128 of circuit 93 -- done
rank 20 | trajectory 158 of circuit 72 -- done
rank 21 | trajectory 10 of circuit 93 -- done
rank 33 | trajectory 16 of circuit 13 -- done
rank 20 | trajectory 101 of circuit 61 -- done
rank 21 | trajectory 119 of circuit 16 -- done
rank 20 | trajectory 7 of circuit 40 -- done
rank 33 | trajectory 106 of circuit 13 -- done
rank 79 | trajectory 99 of circuit 61 -- done
rank 0 | trajectory 141 of circuit 87 -- done
rank 29 | trajectory 90 of circuit 85 -- done
rank 33 | trajectory 3 of circuit 49 -- done
rank 33 | trajectory 71 of circuit 58 -- done
rank 0 | trajectory 41 of circuit 17 -- done
rank 33 | trajectory 50 of circuit 34 -- done
rank 58 | trajectory 62 of circuit 39 -- done
rank 20 | trajectory 79 of circuit 81 -- done
rank 33 | trajectory 53 of circuit 82 -- done
rank 65 | trajectory 160 of circuit 72 -- done
rank 33 | trajectory 18 of circuit 84 -- done
rank 29 | trajectory 96 of circuit 82 -- done
rank 0 | trajectory 82 of circuit 70 -- done
rank 74 | trajectory 12 of circuit 52 -- done
rank 74 | trajectory 8 of circuit 91 -- done
rank 74 | trajectory 60 of circuit 41 -- done
rank 74 | trajectory 88 of circuit 76 -- done
rank 74 | trajectory 109 of circuit 23 -- done
rank 74 | trajectory 185 of circuit 43 -- done
rank 74 | trajectory 183 of circuit 59 -- done
rank 74 | trajectory 76 of circuit 86 -- done
rank 74 | trajectory 17 of circuit 65 -- done
rank 74 | trajectory 101 of circuit 51 -- done
rank 74 | trajectory 20 of circuit 26 -- done
rank 0 | trajectory 152 of circuit 58 -- done
rank 74 | trajectory 37 of circuit 43 -- done
rank 74 | trajectory 65 of circuit 65 -- done
rank 74 | trajectory 7 of circuit 60 -- done
rank 74 | trajectory 140 of circuit 14 -- done
rank 74 | trajectory 82 of circuit 14 -- done
rank 74 | trajectory 25 of circuit 80 -- done
rank 74 | trajectory 97 of circuit 42 -- done
rank 74 | trajectory 27 of circuit 55 -- done
rank 33 | trajectory 162 of circuit 62 -- done
rank 71 | trajectory 77 of circuit 60 -- done
rank 41 | trajectory 45 of circuit 47 -- done
rank 71 | trajectory 24 of circuit 5 -- done
rank 74 | trajectory 71 of circuit 99 -- done
rank 71 | trajectory 141 of circuit 99 -- done
rank 74 | trajectory 35 of circuit 47 -- done
rank 71 | trajectory 16 of circuit 1 -- done
rank 0 | trajectory 40 of circuit 77 -- done
rank 71 | trajectory 145 of circuit 57 -- done
rank 71 | trajectory 3 of circuit 57 -- done
rank 74 | trajectory 153 of circuit 86 -- done
rank 71 | trajectory 90 of circuit 55 -- done
rank 22 | trajectory 146 of circuit 35 -- done
rank 71 | trajectory 109 of circuit 62 -- done
rank 74 | trajectory 69 of circuit 89 -- done
rank 71 | trajectory 153 of circuit 100 -- done
rank 74 | trajectory 146 of circuit 58 -- done
rank 71 | trajectory 68 of circuit 55 -- done
rank 71 | trajectory 40 of circuit 50 -- done
rank 30 | trajectory 23 of circuit 4 -- done
rank 71 | trajectory 94 of circuit 45 -- done
rank 30 | trajectory 47 of circuit 91 -- done
rank 74 | trajectory 134 of circuit 41 -- done
rank 71 | trajectory 121 of circuit 80 -- done
rank 30 | trajectory 92 of circuit 17 -- done
rank 30 | trajectory 79 of circuit 40 -- done
rank 30 | trajectory 147 of circuit 62 -- done
rank 30 | trajectory 83 of circuit 74 -- done
rank 71 | trajectory 146 of circuit 24 -- done
rank 30 | trajectory 157 of circuit 70 -- done
rank 74 | trajectory 130 of circuit 41 -- done
rank 30 | trajectory 18 of circuit 18 -- done
rank 20 | trajectory 122 of circuit 67 -- done
rank 30 | trajectory 41 of circuit 25 -- done
rank 30 | trajectory 120 of circuit 60 -- done
rank 74 | trajectory 137 of circuit 36 -- done
rank 30 | trajectory 121 of circuit 31 -- done
rank 30 | trajectory 124 of circuit 95 -- done
rank 30 | trajectory 166 of circuit 8 -- done
rank 30 | trajectory 40 of circuit 92 -- done
rank 71 | trajectory 50 of circuit 28 -- done
rank 58 | trajectory 116 of circuit 71 -- done
rank 30 | trajectory 99 of circuit 7 -- done
rank 30 | trajectory 50 of circuit 24 -- done
rank 71 | trajectory 63 of circuit 36 -- done
rank 0 | trajectory 100 of circuit 27 -- done
rank 30 | trajectory 90 of circuit 57 -- done
rank 30 | trajectory 191 of circuit 16 -- done
rank 74 | trajectory 98 of circuit 58 -- done
rank 43 | trajectory 130 of circuit 29 -- done
rank 71 | trajectory 54 of circuit 98 -- done
rank 74 | trajectory 32 of circuit 71 -- done
rank 14 | trajectory 134 of circuit 38 -- done
rank 43 | trajectory 157 of circuit 1 -- done
rank 30 | trajectory 12 of circuit 11 -- done
rank 14 | trajectory 183 of circuit 69 -- done
rank 43 | trajectory 42 of circuit 98 -- done
rank 43 | trajectory 142 of circuit 34 -- done
rank 14 | trajectory 187 of circuit 77 -- done
rank 0 | trajectory 124 of circuit 17 -- done
rank 71 | trajectory 19 of circuit 95 -- done
rank 20 | trajectory 169 of circuit 39 -- done
rank 14 | trajectory 138 of circuit 32 -- done
rank 14 | trajectory 173 of circuit 76 -- done
rank 43 | trajectory 111 of circuit 5 -- done
rank 14 | trajectory 65 of circuit 35 -- done
rank 43 | trajectory 71 of circuit 76 -- done
rank 41 | trajectory 153 of circuit 60 -- done
rank 74 | trajectory 46 of circuit 21 -- done
rank 30 | trajectory 128 of circuit 48 -- done
rank 14 | trajectory 32 of circuit 72 -- done
rank 43 | trajectory 18 of circuit 40 -- done
rank 71 | trajectory 76 of circuit 12 -- done
rank 10 | trajectory 54 of circuit 37 -- done
rank 43 | trajectory 11 of circuit 33 -- done
rank 14 | trajectory 1 of circuit 58 -- done
rank 10 | trajectory 60 of circuit 74 -- done
rank 43 | trajectory 27 of circuit 51 -- done
rank 14 | trajectory 29 of circuit 3 -- done
rank 43 | trajectory 44 of circuit 62 -- done
rank 30 | trajectory 184 of circuit 38 -- done
rank 14 | trajectory 154 of circuit 52 -- done
rank 71 | trajectory 13 of circuit 46 -- done
rank 10 | trajectory 186 of circuit 47 -- done
rank 43 | trajectory 31 of circuit 47 -- done
rank 14 | trajectory 166 of circuit 95 -- done
rank 0 | trajectory 178 of circuit 98 -- done
rank 14 | trajectory 179 of circuit 49 -- done
rank 43 | trajectory 145 of circuit 21 -- done
rank 14 | trajectory 26 of circuit 90 -- done
rank 14 | trajectory 67 of circuit 61 -- done
rank 30 | trajectory 148 of circuit 4 -- done
rank 71 | trajectory 95 of circuit 85 -- done
rank 14 | trajectory 189 of circuit 57 -- done
rank 58 | trajectory 107 of circuit 11 -- done
rank 14 | trajectory 58 of circuit 70 -- done
rank 14 | trajectory 142 of circuit 72 -- done
rank 14 | trajectory 129 of circuit 62 -- done
rank 43 | trajectory 85 of circuit 50 -- done
rank 71 | trajectory 144 of circuit 68 -- done
rank 14 | trajectory 126 of circuit 9 -- done
rank 30 | trajectory 138 of circuit 5 -- done
rank 14 | trajectory 42 of circuit 45 -- done
rank 74 | trajectory 33 of circuit 93 -- done
rank 14 | trajectory 10 of circuit 62 -- done
rank 0 | trajectory 76 of circuit 77 -- done
rank 71 | trajectory 18 of circuit 64 -- done
rank 41 | trajectory 59 of circuit 20 -- done
rank 30 | trajectory 30 of circuit 37 -- done
rank 20 | trajectory 73 of circuit 29 -- done
rank 14 | trajectory 111 of circuit 9 -- done
rank 71 | trajectory 155 of circuit 26 -- done
rank 74 | trajectory 50 of circuit 52 -- done
rank 30 | trajectory 152 of circuit 81 -- done
rank 14 | trajectory 46 of circuit 57 -- done
rank 43 | trajectory 70 of circuit 65 -- done
rank 71 | trajectory 37 of circuit 41 -- done
rank 74 | trajectory 147 of circuit 84 -- done
rank 14 | trajectory 185 of circuit 46 -- done
rank 71 | trajectory 44 of circuit 72 -- done
rank 30 | trajectory 71 of circuit 55 -- done
rank 43 | trajectory 39 of circuit 64 -- done
rank 58 | trajectory 191 of circuit 97 -- done
rank 0 | trajectory 44 of circuit 7 -- done
rank 14 | trajectory 144 of circuit 76 -- done
rank 30 | trajectory 2 of circuit 35 -- done
rank 14 | trajectory 96 of circuit 21 -- done
rank 62 | trajectory 11 of circuit 15 -- done
rank 43 | trajectory 152 of circuit 80 -- done
rank 10 | trajectory 99 of circuit 22 -- done
rank 65 | trajectory 161 of circuit 84 -- done
rank 30 | trajectory 98 of circuit 82 -- done
rank 62 | trajectory 40 of circuit 56 -- done
rank 71 | trajectory 66 of circuit 84 -- done
rank 62 | trajectory 149 of circuit 72 -- done
rank 43 | trajectory 183 of circuit 90 -- done
rank 71 | trajectory 78 of circuit 31 -- done
rank 62 | trajectory 123 of circuit 64 -- done
rank 14 | trajectory 108 of circuit 89 -- done
rank 43 | trajectory 10 of circuit 99 -- done
rank 62 | trajectory 20 of circuit 94 -- done
rank 20 | trajectory 149 of circuit 8 -- done
rank 30 | trajectory 174 of circuit 100 -- done
rank 62 | trajectory 130 of circuit 9 -- done
rank 14 | trajectory 48 of circuit 81 -- done
rank 71 | trajectory 135 of circuit 15 -- done
rank 62 | trajectory 136 of circuit 87 -- done
rank 0 | trajectory 32 of circuit 33 -- done
rank 62 | trajectory 163 of circuit 6 -- done
rank 71 | trajectory 182 of circuit 92 -- done
rank 14 | trajectory 133 of circuit 3 -- done
rank 62 | trajectory 71 of circuit 20 -- done
rank 43 | trajectory 105 of circuit 28 -- done
rank 73 | trajectory 160 of circuit 23 -- done
rank 62 | trajectory 131 of circuit 44 -- done
rank 71 | trajectory 120 of circuit 8 -- done
rank 62 | trajectory 89 of circuit 10 -- done
rank 62 | trajectory 141 of circuit 8 -- done
rank 58 | trajectory 186 of circuit 92 -- done
rank 10 | trajectory 55 of circuit 100 -- done
rank 62 | trajectory 28 of circuit 19 -- done
rank 0 | trajectory 11 of circuit 70 -- done
rank 62 | trajectory 7 of circuit 96 -- done
rank 62 | trajectory 117 of circuit 34 -- done
rank 45 | trajectory 104 of circuit 42 -- done
rank 45 | trajectory 31 of circuit 95 -- done
rank 45 | trajectory 28 of circuit 37 -- done
rank 62 | trajectory 129 of circuit 49 -- done
rank 20 | trajectory 138 of circuit 96 -- done
rank 45 | trajectory 77 of circuit 31 -- done
rank 65 | trajectory 117 of circuit 84 -- done
rank 48 | trajectory 50 of circuit 95 -- done
rank 45 | trajectory 16 of circuit 66 -- done
rank 48 | trajectory 132 of circuit 42 -- done
rank 45 | trajectory 80 of circuit 45 -- done
rank 48 | trajectory 99 of circuit 34 -- done
rank 30 | trajectory 74 of circuit 66 -- done
rank 48 | trajectory 180 of circuit 18 -- done
rank 76 | trajectory 4 of circuit 98 -- done
rank 45 | trajectory 99 of circuit 39 -- done
rank 48 | trajectory 96 of circuit 34 -- done
rank 45 | trajectory 155 of circuit 7 -- done
rank 76 | trajectory 61 of circuit 95 -- done
rank 76 | trajectory 58 of circuit 83 -- done
rank 0 | trajectory 31 of circuit 99 -- done
rank 58 | trajectory 80 of circuit 49 -- done
rank 48 | trajectory 165 of circuit 100 -- done
rank 45 | trajectory 69 of circuit 7 -- done
rank 76 | trajectory 89 of circuit 85 -- done
rank 45 | trajectory 188 of circuit 69 -- done
rank 76 | trajectory 9 of circuit 61 -- done
rank 45 | trajectory 181 of circuit 63 -- done
rank 76 | trajectory 119 of circuit 50 -- done
rank 45 | trajectory 161 of circuit 68 -- done
rank 76 | trajectory 82 of circuit 1 -- done
rank 43 | trajectory 176 of circuit 26 -- done
rank 45 | trajectory 179 of circuit 73 -- done
rank 76 | trajectory 6 of circuit 40 -- done
rank 76 | trajectory 46 of circuit 35 -- done
rank 76 | trajectory 65 of circuit 64 -- done
rank 45 | trajectory 88 of circuit 77 -- done
rank 48 | trajectory 73 of circuit 22 -- done
rank 45 | trajectory 162 of circuit 27 -- done
rank 76 | trajectory 138 of circuit 39 -- done
rank 48 | trajectory 75 of circuit 95 -- done
rank 76 | trajectory 99 of circuit 71 -- done
rank 76 | trajectory 128 of circuit 67 -- done
rank 20 | trajectory 166 of circuit 61 -- done
rank 76 | trajectory 177 of circuit 15 -- done
rank 45 | trajectory 76 of circuit 90 -- done
rank 76 | trajectory 114 of circuit 98 -- done
rank 71 | trajectory 154 of circuit 22 -- done
rank 76 | trajectory 107 of circuit 72 -- done
rank 45 | trajectory 117 of circuit 78 -- done
rank 76 | trajectory 192 of circuit 74 -- done
rank 45 | trajectory 63 of circuit 78 -- done
rank 48 | trajectory 188 of circuit 76 -- done
rank 76 | trajectory 157 of circuit 22 -- done
rank 76 | trajectory 158 of circuit 53 -- done
rank 76 | trajectory 68 of circuit 71 -- done
rank 45 | trajectory 121 of circuit 32 -- done
rank 76 | trajectory 41 of circuit 1 -- done
rank 45 | trajectory 43 of circuit 37 -- done
rank 76 | trajectory 160 of circuit 29 -- done
rank 0 | trajectory 126 of circuit 49 -- done
rank 76 | trajectory 155 of circuit 73 -- done
rank 43 | trajectory 109 of circuit 37 -- done
rank 74 | trajectory 73 of circuit 11 -- done
rank 48 | trajectory 126 of circuit 99 -- done
rank 45 | trajectory 70 of circuit 36 -- done
rank 71 | trajectory 148 of circuit 19 -- done
rank 45 | trajectory 13 of circuit 68 -- done
rank 45 | trajectory 136 of circuit 44 -- done
rank 0 | trajectory 15 of circuit 71 -- done
rank 45 | trajectory 92 of circuit 62 -- done
rank 45 | trajectory 153 of circuit 64 -- done
rank 76 | trajectory 185 of circuit 100 -- done
rank 45 | trajectory 183 of circuit 80 -- done
rank 17 | trajectory 74 of circuit 31 -- done
rank 61 | trajectory 172 of circuit 46 -- done
rank 45 | trajectory 68 of circuit 30 -- done
rank 17 | trajectory 29 of circuit 13 -- done
rank 45 | trajectory 47 of circuit 35 -- done
rank 17 | trajectory 178 of circuit 76 -- done
rank 48 | trajectory 76 of circuit 59 -- done
rank 17 | trajectory 166 of circuit 82 -- done
rank 17 | trajectory 156 of circuit 2 -- done
rank 43 | trajectory 155 of circuit 48 -- done
rank 45 | trajectory 66 of circuit 8 -- done
rank 17 | trajectory 60 of circuit 48 -- done
rank 45 | trajectory 186 of circuit 57 -- done
rank 17 | trajectory 44 of circuit 36 -- done
rank 57 | trajectory 116 of circuit 32 -- done
rank 76 | trajectory 165 of circuit 68 -- done
rank 17 | trajectory 37 of circuit 4 -- done
rank 71 | trajectory 177 of circuit 54 -- done
rank 45 | trajectory 124 of circuit 15 -- done
rank 17 | trajectory 91 of circuit 22 -- done
rank 17 | trajectory 176 of circuit 83 -- done
rank 45 | trajectory 93 of circuit 61 -- done
rank 73 | trajectory 56 of circuit 51 -- done
rank 17 | trajectory 36 of circuit 85 -- done
rank 17 | trajectory 112 of circuit 35 -- done
rank 17 | trajectory 142 of circuit 70 -- done
rank 45 | trajectory 173 of circuit 31 -- done
rank 17 | trajectory 180 of circuit 80 -- done
rank 45 | trajectory 119 of circuit 3 -- done
rank 17 | trajectory 148 of circuit 94 -- done
rank 17 | trajectory 143 of circuit 65 -- done
rank 17 | trajectory 100 of circuit 53 -- done
rank 61 | trajectory 143 of circuit 20 -- done
rank 56 | trajectory 184 of circuit 66 -- done
rank 17 | trajectory 95 of circuit 78 -- done
rank 7 | trajectory 52 of circuit 59 -- done
rank 17 | trajectory 179 of circuit 56 -- done
rank 0 | trajectory 33 of circuit 81 -- done
rank 7 | trajectory 76 of circuit 80 -- done
rank 17 | trajectory 160 of circuit 66 -- done
rank 45 | trajectory 42 of circuit 38 -- done
rank 17 | trajectory 140 of circuit 75 -- done
rank 7 | trajectory 83 of circuit 26 -- done
rank 43 | trajectory 177 of circuit 11 -- done
rank 17 | trajectory 108 of circuit 30 -- done
rank 76 | trajectory 191 of circuit 27 -- done
rank 45 | trajectory 22 of circuit 42 -- done
rank 10 | trajectory 128 of circuit 100 -- done
rank 7 | trajectory 103 of circuit 40 -- done
rank 57 | trajectory 133 of circuit 76 -- done
rank 7 | trajectory 137 of circuit 100 -- done
rank 17 | trajectory 124 of circuit 83 -- done
rank 7 | trajectory 160 of circuit 46 -- done
rank 7 | trajectory 104 of circuit 65 -- done
rank 17 | trajectory 59 of circuit 67 -- done
rank 7 | trajectory 161 of circuit 40 -- done
rank 17 | trajectory 191 of circuit 1 -- done
rank 7 | trajectory 166 of circuit 60 -- done
rank 71 | trajectory 25 of circuit 57 -- done
rank 17 | trajectory 172 of circuit 21 -- done
rank 7 | trajectory 73 of circuit 39 -- done
rank 58 | trajectory 95 of circuit 2 -- done
rank 48 | trajectory 79 of circuit 69 -- done
rank 45 | trajectory 11 of circuit 12 -- done
rank 7 | trajectory 115 of circuit 56 -- done
rank 0 | trajectory 140 of circuit 71 -- done
rank 7 | trajectory 60 of circuit 75 -- done
rank 7 | trajectory 26 of circuit 1 -- done
rank 7 | trajectory 42 of circuit 93 -- done
rank 48 | trajectory 176 of circuit 5 -- done
rank 7 | trajectory 15 of circuit 55 -- done
rank 45 | trajectory 90 of circuit 29 -- done
rank 7 | trajectory 84 of circuit 79 -- done
rank 7 | trajectory 53 of circuit 55 -- done
rank 7 | trajectory 4 of circuit 46 -- done
rank 62 | trajectory 106 of circuit 32 -- done
rank 43 | trajectory 156 of circuit 73 -- done
rank 45 | trajectory 57 of circuit 30 -- done
rank 57 | trajectory 117 of circuit 41 -- done
rank 76 | trajectory 187 of circuit 85 -- done
rank 7 | trajectory 152 of circuit 56 -- done
rank 77 | trajectory 6 of circuit 75 -- done
rank 71 | trajectory 112 of circuit 10 -- done
rank 77 | trajectory 84 of circuit 70 -- done
rank 61 | trajectory 136 of circuit 80 -- done
rank 58 | trajectory 71 of circuit 77 -- done
rank 77 | trajectory 89 of circuit 73 -- done
rank 77 | trajectory 145 of circuit 37 -- done
rank 45 | trajectory 72 of circuit 19 -- done
rank 77 | trajectory 138 of circuit 11 -- done
rank 48 | trajectory 124 of circuit 62 -- done
rank 77 | trajectory 76 of circuit 47 -- done
rank 77 | trajectory 36 of circuit 41 -- done
rank 77 | trajectory 90 of circuit 75 -- done
rank 77 | trajectory 158 of circuit 73 -- done
rank 0 | trajectory 28 of circuit 85 -- done
rank 77 | trajectory 142 of circuit 20 -- done
rank 77 | trajectory 139 of circuit 96 -- done
rank 14 | trajectory 36 of circuit 42 -- done
rank 45 | trajectory 5 of circuit 71 -- done
rank 77 | trajectory 119 of circuit 22 -- done
rank 77 | trajectory 133 of circuit 1 -- done
rank 48 | trajectory 133 of circuit 44 -- done
rank 92 | trajectory 155 of circuit 90 -- done
rank 77 | trajectory 73 of circuit 76 -- done
rank 23 | trajectory 151 of circuit 20 -- done
rank 92 | trajectory 47 of circuit 42 -- done
rank 29 | trajectory 125 of circuit 37 -- done
rank 23 | trajectory 75 of circuit 89 -- done
rank 45 | trajectory 101 of circuit 52 -- done
rank 92 | trajectory 32 of circuit 84 -- done
rank 92 | trajectory 21 of circuit 45 -- done
rank 61 | trajectory 120 of circuit 13 -- done
rank 57 | trajectory 19 of circuit 85 -- done
rank 71 | trajectory 80 of circuit 5 -- done
rank 77 | trajectory 140 of circuit 35 -- done
rank 77 | trajectory 82 of circuit 34 -- done
rank 92 | trajectory 45 of circuit 93 -- done
rank 23 | trajectory 156 of circuit 19 -- done
rank 92 | trajectory 111 of circuit 35 -- done
rank 77 | trajectory 71 of circuit 50 -- done
rank 41 | trajectory 22 of circuit 89 -- done
rank 79 | trajectory 31 of circuit 4 -- done
rank 23 | trajectory 3 of circuit 11 -- done
rank 77 | trajectory 190 of circuit 28 -- done
rank 92 | trajectory 13 of circuit 29 -- done
rank 23 | trajectory 114 of circuit 36 -- done
rank 45 | trajectory 79 of circuit 63 -- done
rank 92 | trajectory 50 of circuit 37 -- done
rank 77 | trajectory 14 of circuit 86 -- done
rank 23 | trajectory 158 of circuit 54 -- done
rank 92 | trajectory 143 of circuit 18 -- done
rank 23 | trajectory 45 of circuit 82 -- done
rank 0 | trajectory 107 of circuit 30 -- done
rank 77 | trajectory 109 of circuit 69 -- done
rank 92 | trajectory 8 of circuit 6 -- done
rank 23 | trajectory 127 of circuit 46 -- done
rank 23 | trajectory 149 of circuit 24 -- done
rank 77 | trajectory 100 of circuit 97 -- done
rank 92 | trajectory 73 of circuit 40 -- done
rank 23 | trajectory 69 of circuit 24 -- done
rank 23 | trajectory 157 of circuit 86 -- done
rank 21 | trajectory 78 of circuit 93 -- done
rank 92 | trajectory 116 of circuit 77 -- done
rank 23 | trajectory 97 of circuit 86 -- done
rank 92 | trajectory 9 of circuit 78 -- done
rank 23 | trajectory 132 of circuit 79 -- done
rank 92 | trajectory 174 of circuit 70 -- done
rank 23 | trajectory 161 of circuit 90 -- done
rank 23 | trajectory 128 of circuit 84 -- done
rank 92 | trajectory 144 of circuit 78 -- done
rank 0 | trajectory 36 of circuit 79 -- done
rank 23 | trajectory 110 of circuit 11 -- done
rank 48 | trajectory 142 of circuit 84 -- done
rank 92 | trajectory 113 of circuit 61 -- done
rank 81 | trajectory 75 of circuit 83 -- done
rank 58 | trajectory 172 of circuit 38 -- done
rank 23 | trajectory 101 of circuit 38 -- done
rank 81 | trajectory 9 of circuit 51 -- done
rank 61 | trajectory 40 of circuit 53 -- done
rank 71 | trajectory 93 of circuit 94 -- done
rank 57 | trajectory 131 of circuit 77 -- done
rank 92 | trajectory 53 of circuit 70 -- done
rank 81 | trajectory 7 of circuit 75 -- done
rank 92 | trajectory 146 of circuit 76 -- done
rank 81 | trajectory 16 of circuit 62 -- done
rank 81 | trajectory 73 of circuit 35 -- done
rank 92 | trajectory 161 of circuit 32 -- done
rank 81 | trajectory 132 of circuit 56 -- done
rank 92 | trajectory 138 of circuit 12 -- done
rank 81 | trajectory 72 of circuit 25 -- done
rank 92 | trajectory 71 of circuit 80 -- done
rank 81 | trajectory 65 of circuit 38 -- done
rank 92 | trajectory 173 of circuit 22 -- done
rank 81 | trajectory 58 of circuit 14 -- done
rank 23 | trajectory 24 of circuit 59 -- done
rank 25 | trajectory 66 of circuit 48 -- done
rank 81 | trajectory 21 of circuit 81 -- done
rank 29 | trajectory 120 of circuit 2 -- done
rank 92 | trajectory 66 of circuit 61 -- done
rank 81 | trajectory 10 of circuit 55 -- done
rank 25 | trajectory 90 of circuit 62 -- done
rank 81 | trajectory 153 of circuit 52 -- done
rank 92 | trajectory 112 of circuit 51 -- done
rank 81 | trajectory 92 of circuit 100 -- done
rank 92 | trajectory 62 of circuit 20 -- done
rank 48 | trajectory 123 of circuit 50 -- done
rank 42 | trajectory 175 of circuit 27 -- done
rank 25 | trajectory 115 of circuit 2 -- done
rank 81 | trajectory 97 of circuit 30 -- done
rank 77 | trajectory 91 of circuit 5 -- done
rank 92 | trajectory 78 of circuit 83 -- done
rank 81 | trajectory 157 of circuit 92 -- done
rank 25 | trajectory 79 of circuit 43 -- done
rank 81 | trajectory 189 of circuit 94 -- done
rank 17 | trajectory 42 of circuit 47 -- done
rank 92 | trajectory 56 of circuit 85 -- done
rank 81 | trajectory 68 of circuit 76 -- done
rank 25 | trajectory 129 of circuit 18 -- done
rank 58 | trajectory 122 of circuit 94 -- done
rank 81 | trajectory 151 of circuit 11 -- done
rank 25 | trajectory 44 of circuit 42 -- done
rank 92 | trajectory 110 of circuit 86 -- done
rank 87 | trajectory 86 of circuit 35 -- done
rank 25 | trajectory 166 of circuit 98 -- done
rank 92 | trajectory 109 of circuit 1 -- done
rank 81 | trajectory 71 of circuit 28 -- done
rank 87 | trajectory 181 of circuit 1 -- done
rank 71 | trajectory 33 of circuit 14 -- done
rank 92 | trajectory 37 of circuit 5 -- done
rank 25 | trajectory 56 of circuit 91 -- done
rank 81 | trajectory 180 of circuit 58 -- done
rank 87 | trajectory 12 of circuit 90 -- done
rank 25 | trajectory 163 of circuit 96 -- done
rank 92 | trajectory 130 of circuit 11 -- done
rank 41 | trajectory 129 of circuit 77 -- done
rank 25 | trajectory 117 of circuit 63 -- done
rank 81 | trajectory 27 of circuit 71 -- done
rank 87 | trajectory 172 of circuit 88 -- done
rank 92 | trajectory 149 of circuit 76 -- done
rank 53 | trajectory 74 of circuit 53 -- done
rank 87 | trajectory 104 of circuit 26 -- done
rank 53 | trajectory 36 of circuit 15 -- done
rank 92 | trajectory 5 of circuit 21 -- done
rank 87 | trajectory 49 of circuit 2 -- done
rank 77 | trajectory 95 of circuit 60 -- done
rank 25 | trajectory 60 of circuit 52 -- done
rank 87 | trajectory 53 of circuit 75 -- done
rank 92 | trajectory 105 of circuit 25 -- done
rank 53 | trajectory 69 of circuit 96 -- done
rank 53 | trajectory 141 of circuit 48 -- done
rank 92 | trajectory 107 of circuit 37 -- done
rank 0 | trajectory 183 of circuit 61 -- done
rank 87 | trajectory 121 of circuit 79 -- done
rank 53 | trajectory 3 of circuit 76 -- done
rank 92 | trajectory 44 of circuit 43 -- done
rank 29 | trajectory 114 of circuit 79 -- done
rank 61 | trajectory 45 of circuit 19 -- done
rank 53 | trajectory 76 of circuit 72 -- done
rank 87 | trajectory 57 of circuit 15 -- done
rank 53 | trajectory 65 of circuit 44 -- done
rank 92 | trajectory 2 of circuit 80 -- done
rank 53 | trajectory 62 of circuit 99 -- done
rank 87 | trajectory 40 of circuit 73 -- done
rank 53 | trajectory 131 of circuit 18 -- done
rank 92 | trajectory 92 of circuit 8 -- done
rank 25 | trajectory 152 of circuit 13 -- done
rank 42 | trajectory 134 of circuit 39 -- done
rank 48 | trajectory 135 of circuit 87 -- done
rank 53 | trajectory 30 of circuit 4 -- done
rank 92 | trajectory 69 of circuit 16 -- done
rank 57 | trajectory 38 of circuit 64 -- done
rank 58 | trajectory 76 of circuit 67 -- done
rank 53 | trajectory 101 of circuit 24 -- done
rank 92 | trajectory 117 of circuit 90 -- done
rank 7 | trajectory 158 of circuit 70 -- done
rank 92 | trajectory 88 of circuit 20 -- done
rank 0 | trajectory 125 of circuit 8 -- done
rank 53 | trajectory 98 of circuit 62 -- done
rank 53 | trajectory 102 of circuit 36 -- done
rank 87 | trajectory 116 of circuit 2 -- done
rank 92 | trajectory 76 of circuit 33 -- done
rank 41 | trajectory 164 of circuit 99 -- done
rank 92 | trajectory 189 of circuit 96 -- done
rank 53 | trajectory 106 of circuit 97 -- done
rank 81 | trajectory 45 of circuit 4 -- done
rank 53 | trajectory 97 of circuit 44 -- done
rank 61 | trajectory 26 of circuit 56 -- done
rank 53 | trajectory 18 of circuit 36 -- done
rank 53 | trajectory 152 of circuit 62 -- done
rank 87 | trajectory 117 of circuit 76 -- done
rank 14 | trajectory 20 of circuit 85 -- done
rank 53 | trajectory 169 of circuit 33 -- done
rank 29 | trajectory 113 of circuit 27 -- done
rank 42 | trajectory 143 of circuit 79 -- done
rank 0 | trajectory 86 of circuit 21 -- done
rank 57 | trajectory 143 of circuit 26 -- done
rank 53 | trajectory 122 of circuit 8 -- done
rank 81 | trajectory 160 of circuit 47 -- done
rank 21 | trajectory 79 of circuit 72 -- done
rank 53 | trajectory 136 of circuit 31 -- done
rank 53 | trajectory 175 of circuit 8 -- done
rank 58 | trajectory 79 of circuit 59 -- done
rank 61 | trajectory 71 of circuit 75 -- done
rank 53 | trajectory 83 of circuit 1 -- done
rank 41 | trajectory 185 of circuit 94 -- done
rank 48 | trajectory 185 of circuit 92 -- done
rank 87 | trajectory 69 of circuit 15 -- done
rank 17 | trajectory 80 of circuit 84 -- done
rank 81 | trajectory 104 of circuit 100 -- done
rank 77 | trajectory 93 of circuit 78 -- done
rank 87 | trajectory 25 of circuit 10 -- done
rank 53 | trajectory 110 of circuit 56 -- done
rank 0 | trajectory 104 of circuit 54 -- done
rank 87 | trajectory 33 of circuit 48 -- done
rank 42 | trajectory 164 of circuit 71 -- done
rank 33 | trajectory 175 of circuit 68 -- done
rank 0 | trajectory 89 of circuit 14 -- done
rank 87 | trajectory 128 of circuit 6 -- done
rank 48 | trajectory 174 of circuit 94 -- done
rank 58 | trajectory 20 of circuit 69 -- done
rank 57 | trajectory 46 of circuit 56 -- done
rank 75 | trajectory 175 of circuit 22 -- done
rank 87 | trajectory 23 of circuit 50 -- done
rank 75 | trajectory 161 of circuit 97 -- done
rank 41 | trajectory 62 of circuit 38 -- done
rank 75 | trajectory 2 of circuit 93 -- done
rank 41 | trajectory 5 of circuit 27 -- done
rank 75 | trajectory 46 of circuit 60 -- done
rank 75 | trajectory 177 of circuit 90 -- done
rank 41 | trajectory 58 of circuit 96 -- done
rank 75 | trajectory 64 of circuit 61 -- done
rank 75 | trajectory 134 of circuit 83 -- done
rank 41 | trajectory 15 of circuit 5 -- done
rank 75 | trajectory 100 of circuit 55 -- done
rank 75 | trajectory 86 of circuit 66 -- done
rank 77 | trajectory 185 of circuit 97 -- done
rank 75 | trajectory 66 of circuit 94 -- done
rank 75 | trajectory 133 of circuit 88 -- done
rank 75 | trajectory 72 of circuit 78 -- done
rank 75 | trajectory 5 of circuit 81 -- done
rank 75 | trajectory 147 of circuit 52 -- done
rank 75 | trajectory 75 of circuit 28 -- done
rank 58 | trajectory 21 of circuit 12 -- done
rank 71 | trajectory 162 of circuit 74 -- done
rank 75 | trajectory 37 of circuit 33 -- done
rank 23 | trajectory 186 of circuit 96 -- done
rank 57 | trajectory 52 of circuit 46 -- done
rank 75 | trajectory 36 of circuit 99 -- done
rank 48 | trajectory 18 of circuit 34 -- done
rank 41 | trajectory 88 of circuit 83 -- done
rank 75 | trajectory 95 of circuit 69 -- done
rank 42 | trajectory 93 of circuit 79 -- done
rank 75 | trajectory 16 of circuit 61 -- done
rank 22 | trajectory 61 of circuit 38 -- done
rank 0 | trajectory 97 of circuit 80 -- done
rank 75 | trajectory 109 of circuit 14 -- done
rank 87 | trajectory 51 of circuit 32 -- done
rank 75 | trajectory 13 of circuit 55 -- done
rank 70 | trajectory 105 of circuit 60 -- done
rank 41 | trajectory 2 of circuit 18 -- done
rank 77 | trajectory 94 of circuit 7 -- done
rank 70 | trajectory 111 of circuit 33 -- done
rank 71 | trajectory 12 of circuit 51 -- done
rank 75 | trajectory 27 of circuit 89 -- done
rank 38 | trajectory 192 of circuit 98 -- done
rank 70 | trajectory 182 of circuit 38 -- done
rank 38 | trajectory 161 of circuit 73 -- done
rank 25 | trajectory 91 of circuit 28 -- done
rank 92 | trajectory 25 of circuit 48 -- done
rank 57 | trajectory 170 of circuit 11 -- done
rank 70 | trajectory 101 of circuit 7 -- done
rank 0 | trajectory 56 of circuit 62 -- done
rank 70 | trajectory 149 of circuit 31 -- done
rank 92 | trajectory 98 of circuit 3 -- done
rank 70 | trajectory 62 of circuit 77 -- done
rank 38 | trajectory 179 of circuit 84 -- done
rank 75 | trajectory 14 of circuit 96 -- done
rank 38 | trajectory 101 of circuit 76 -- done
rank 70 | trajectory 58 of circuit 29 -- done
rank 70 | trajectory 134 of circuit 57 -- done
rank 38 | trajectory 169 of circuit 32 -- done
rank 87 | trajectory 112 of circuit 54 -- done
rank 70 | trajectory 70 of circuit 90 -- done
rank 38 | trajectory 187 of circuit 66 -- done
rank 70 | trajectory 21 of circuit 26 -- done
rank 38 | trajectory 63 of circuit 27 -- done
rank 41 | trajectory 169 of circuit 41 -- done
rank 38 | trajectory 148 of circuit 60 -- done
rank 70 | trajectory 116 of circuit 73 -- done
rank 38 | trajectory 94 of circuit 37 -- done
rank 29 | trajectory 66 of circuit 77 -- done
rank 70 | trajectory 38 of circuit 39 -- done
rank 70 | trajectory 108 of circuit 87 -- done
rank 38 | trajectory 139 of circuit 87 -- done
rank 38 | trajectory 167 of circuit 51 -- done
rank 0 | trajectory 55 of circuit 26 -- done
rank 48 | trajectory 122 of circuit 22 -- done
rank 70 | trajectory 181 of circuit 62 -- done
rank 38 | trajectory 120 of circuit 99 -- done
rank 92 | trajectory 179 of circuit 63 -- done
rank 70 | trajectory 91 of circuit 17 -- done
rank 38 | trajectory 19 of circuit 94 -- done
rank 58 | trajectory 152 of circuit 27 -- done
rank 38 | trajectory 39 of circuit 19 -- done
rank 70 | trajectory 14 of circuit 25 -- done
rank 75 | trajectory 60 of circuit 68 -- done
rank 41 | trajectory 122 of circuit 74 -- done
rank 92 | trajectory 95 of circuit 74 -- done
rank 70 | trajectory 5 of circuit 55 -- done
rank 38 | trajectory 23 of circuit 72 -- done
rank 87 | trajectory 108 of circuit 25 -- done
rank 57 | trajectory 120 of circuit 44 -- done
rank 38 | trajectory 164 of circuit 70 -- done
rank 70 | trajectory 79 of circuit 45 -- done
rank 38 | trajectory 7 of circuit 83 -- done
rank 56 | trajectory 116 of circuit 20 -- done
rank 70 | trajectory 66 of circuit 20 -- done
rank 38 | trajectory 76 of circuit 26 -- done
rank 38 | trajectory 6 of circuit 99 -- done
rank 70 | trajectory 17 of circuit 45 -- done
rank 14 | trajectory 112 of circuit 4 -- done
rank 22 | trajectory 165 of circuit 75 -- done
rank 75 | trajectory 33 of circuit 54 -- done
rank 87 | trajectory 8 of circuit 78 -- done
rank 0 | trajectory 5 of circuit 36 -- done
rank 75 | trajectory 24 of circuit 21 -- done
rank 70 | trajectory 60 of circuit 82 -- done
rank 48 | trajectory 71 of circuit 65 -- done
rank 38 | trajectory 111 of circuit 68 -- done
rank 48 | trajectory 45 of circuit 74 -- done
rank 38 | trajectory 89 of circuit 53 -- done
rank 30 | trajectory 141 of circuit 59 -- done
rank 48 | trajectory 1 of circuit 26 -- done
rank 26 | trajectory 23 of circuit 86 -- done
rank 40 | trajectory 117 of circuit 80 -- done
rank 58 | trajectory 19 of circuit 78 -- done
rank 26 | trajectory 41 of circuit 79 -- done
rank 87 | trajectory 173 of circuit 28 -- done
rank 40 | trajectory 172 of circuit 33 -- done
rank 26 | trajectory 113 of circuit 1 -- done
rank 57 | trajectory 96 of circuit 100 -- done
rank 0 | trajectory 35 of circuit 28 -- done
rank 40 | trajectory 76 of circuit 20 -- done
rank 40 | trajectory 109 of circuit 93 -- done
rank 21 | trajectory 70 of circuit 23 -- done
rank 26 | trajectory 91 of circuit 62 -- done
rank 48 | trajectory 46 of circuit 95 -- done
rank 73 | trajectory 3 of circuit 38 -- done
rank 40 | trajectory 90 of circuit 83 -- done
rank 26 | trajectory 151 of circuit 45 -- done
rank 75 | trajectory 101 of circuit 14 -- done
rank 40 | trajectory 23 of circuit 71 -- done
rank 32 | trajectory 188 of circuit 51 -- done
rank 26 | trajectory 139 of circuit 8 -- done
rank 40 | trajectory 28 of circuit 29 -- done
rank 32 | trajectory 83 of circuit 16 -- done
rank 22 | trajectory 36 of circuit 30 -- done
rank 40 | trajectory 133 of circuit 11 -- done
rank 26 | trajectory 144 of circuit 25 -- done
rank 32 | trajectory 31 of circuit 1 -- done
rank 14 | trajectory 4 of circuit 94 -- done
rank 32 | trajectory 54 of circuit 96 -- done
rank 87 | trajectory 192 of circuit 38 -- done
rank 40 | trajectory 79 of circuit 73 -- done
rank 26 | trajectory 156 of circuit 41 -- done
rank 32 | trajectory 79 of circuit 11 -- done
rank 70 | trajectory 76 of circuit 9 -- done
rank 29 | trajectory 151 of circuit 36 -- done
rank 40 | trajectory 123 of circuit 75 -- done
rank 65 | trajectory 162 of circuit 22 -- done
rank 32 | trajectory 136 of circuit 29 -- done
rank 40 | trajectory 74 of circuit 89 -- done
rank 41 | trajectory 34 of circuit 100 -- done
rank 32 | trajectory 133 of circuit 14 -- done
rank 32 | trajectory 149 of circuit 94 -- done
rank 33 | trajectory 144 of circuit 82 -- done
rank 38 | trajectory 117 of circuit 69 -- done
rank 32 | trajectory 69 of circuit 66 -- done
rank 40 | trajectory 177 of circuit 58 -- done
rank 32 | trajectory 8 of circuit 67 -- done
rank 26 | trajectory 127 of circuit 76 -- done
rank 87 | trajectory 76 of circuit 49 -- done
rank 32 | trajectory 112 of circuit 9 -- done
rank 48 | trajectory 8 of circuit 84 -- done
rank 57 | trajectory 82 of circuit 33 -- done
rank 32 | trajectory 90 of circuit 96 -- done
rank 56 | trajectory 119 of circuit 21 -- done
rank 0 | trajectory 46 of circuit 88 -- done
rank 32 | trajectory 138 of circuit 95 -- done
rank 40 | trajectory 170 of circuit 72 -- done
rank 32 | trajectory 63 of circuit 84 -- done
rank 32 | trajectory 130 of circuit 22 -- done
rank 87 | trajectory 99 of circuit 20 -- done
rank 87 | trajectory 67 of circuit 17 -- done
rank 32 | trajectory 99 of circuit 30 -- done
rank 87 | trajectory 140 of circuit 84 -- done
rank 32 | trajectory 171 of circuit 21 -- done
rank 79 | trajectory 93 of circuit 73 -- done
rank 70 | trajectory 54 of circuit 27 -- done
rank 32 | trajectory 108 of circuit 37 -- done
rank 77 | trajectory 102 of circuit 10 -- done
rank 22 | trajectory 184 of circuit 80 -- done
rank 87 | trajectory 61 of circuit 37 -- done
rank 29 | trajectory 169 of circuit 91 -- done
rank 75 | trajectory 40 of circuit 14 -- done
rank 41 | trajectory 31 of circuit 38 -- done
rank 32 | trajectory 49 of circuit 12 -- done
rank 48 | trajectory 21 of circuit 92 -- done
rank 0 | trajectory 103 of circuit 56 -- done
rank 57 | trajectory 165 of circuit 35 -- done
rank 48 | trajectory 35 of circuit 13 -- done
rank 98 | trajectory 27 of circuit 66 -- done
rank 70 | trajectory 128 of circuit 22 -- done
rank 87 | trajectory 135 of circuit 60 -- done
rank 0 | trajectory 78 of circuit 5 -- done
rank 14 | trajectory 30 of circuit 63 -- done
rank 99 | trajectory 188 of circuit 3 -- done
rank 99 | trajectory 33 of circuit 82 -- done
rank 87 | trajectory 110 of circuit 2 -- done
rank 70 | trajectory 168 of circuit 63 -- done
rank 33 | trajectory 109 of circuit 22 -- done
rank 99 | trajectory 155 of circuit 32 -- done
rank 0 | trajectory 190 of circuit 70 -- done
rank 29 | trajectory 146 of circuit 86 -- done
rank 57 | trajectory 183 of circuit 35 -- done
rank 99 | trajectory 182 of circuit 69 -- done
rank 63 | trajectory 71 of circuit 27 -- done
rank 22 | trajectory 134 of circuit 10 -- done
rank 41 | trajectory 16 of circuit 68 -- done
rank 63 | trajectory 38 of circuit 92 -- done
rank 48 | trajectory 37 of circuit 97 -- done
rank 87 | trajectory 102 of circuit 50 -- done
rank 99 | trajectory 173 of circuit 14 -- done
rank 63 | trajectory 99 of circuit 29 -- done
rank 99 | trajectory 144 of circuit 10 -- done
rank 63 | trajectory 19 of circuit 62 -- done
rank 63 | trajectory 5 of circuit 49 -- done
rank 79 | trajectory 180 of circuit 86 -- done
rank 77 | trajectory 110 of circuit 52 -- done
rank 63 | trajectory 93 of circuit 54 -- done
rank 63 | trajectory 81 of circuit 19 -- done
rank 63 | trajectory 115 of circuit 89 -- done
rank 14 | trajectory 15 of circuit 37 -- done
rank 92 | trajectory 164 of circuit 59 -- done
rank 87 | trajectory 93 of circuit 55 -- done
rank 0 | trajectory 6 of circuit 71 -- done
rank 63 | trajectory 90 of circuit 60 -- done
rank 33 | trajectory 110 of circuit 54 -- done
rank 57 | trajectory 65 of circuit 52 -- done
rank 63 | trajectory 170 of circuit 78 -- done
rank 99 | trajectory 78 of circuit 94 -- done
rank 48 | trajectory 41 of circuit 81 -- done
rank 56 | trajectory 174 of circuit 80 -- done
rank 22 | trajectory 65 of circuit 82 -- done
rank 29 | trajectory 180 of circuit 62 -- done
rank 99 | trajectory 9 of circuit 38 -- done
rank 63 | trajectory 162 of circuit 52 -- done
rank 65 | trajectory 15 of circuit 63 -- done
rank 99 | trajectory 85 of circuit 7 -- done
rank 99 | trajectory 123 of circuit 84 -- done
rank 87 | trajectory 157 of circuit 75 -- done
rank 99 | trajectory 94 of circuit 4 -- done
rank 99 | trajectory 48 of circuit 75 -- done
rank 57 | trajectory 87 of circuit 36 -- done
rank 99 | trajectory 192 of circuit 96 -- done
rank 98 | trajectory 120 of circuit 97 -- done
rank 14 | trajectory 102 of circuit 70 -- done
rank 0 | trajectory 65 of circuit 73 -- done
rank 92 | trajectory 139 of circuit 15 -- done
rank 48 | trajectory 12 of circuit 22 -- done
rank 87 | trajectory 150 of circuit 81 -- done
rank 10 | trajectory 7 of circuit 76 -- done
rank 73 | trajectory 132 of circuit 71 -- done
rank 34 | trajectory 176 of circuit 69 -- done
rank 22 | trajectory 14 of circuit 6 -- done
rank 34 | trajectory 83 of circuit 21 -- done
rank 63 | trajectory 152 of circuit 84 -- done
rank 87 | trajectory 149 of circuit 51 -- done
rank 34 | trajectory 23 of circuit 77 -- done
rank 26 | trajectory 6 of circuit 16 -- done
rank 65 | trajectory 36 of circuit 91 -- done
rank 87 | trajectory 100 of circuit 49 -- done
rank 87 | trajectory 103 of circuit 16 -- done
rank 34 | trajectory 60 of circuit 4 -- done
rank 99 | trajectory 162 of circuit 96 -- done
rank 99 | trajectory 184 of circuit 34 -- done
rank 87 | trajectory 29 of circuit 70 -- done
rank 34 | trajectory 133 of circuit 43 -- done
rank 34 | trajectory 67 of circuit 80 -- done
rank 99 | trajectory 68 of circuit 45 -- done
rank 34 | trajectory 175 of circuit 17 -- done
rank 34 | trajectory 142 of circuit 6 -- done
rank 45 | trajectory 35 of circuit 88 -- done
rank 34 | trajectory 140 of circuit 98 -- done
rank 99 | trajectory 75 of circuit 62 -- done
rank 0 | trajectory 68 of circuit 5 -- done
rank 72 | trajectory 97 of circuit 47 -- done
rank 34 | trajectory 166 of circuit 49 -- done
rank 73 | trajectory 98 of circuit 33 -- done
rank 99 | trajectory 152 of circuit 41 -- done
rank 34 | trajectory 56 of circuit 20 -- done
rank 99 | trajectory 44 of circuit 10 -- done
rank 34 | trajectory 43 of circuit 99 -- done
rank 72 | trajectory 127 of circuit 37 -- done
rank 34 | trajectory 69 of circuit 10 -- done
rank 75 | trajectory 167 of circuit 99 -- done
rank 10 | trajectory 73 of circuit 45 -- done
rank 0 | trajectory 166 of circuit 57 -- done
rank 72 | trajectory 137 of circuit 53 -- done
rank 87 | trajectory 124 of circuit 34 -- done
rank 21 | trajectory 72 of circuit 30 -- done
rank 45 | trajectory 41 of circuit 94 -- done
rank 72 | trajectory 73 of circuit 18 -- done
rank 22 | trajectory 55 of circuit 58 -- done
rank 62 | trajectory 134 of circuit 58 -- done
rank 48 | trajectory 32 of circuit 56 -- done
rank 72 | trajectory 3 of circuit 20 -- done
rank 20 | trajectory 100 of circuit 34 -- done
rank 32 | trajectory 103 of circuit 25 -- done
rank 72 | trajectory 68 of circuit 86 -- done
rank 45 | trajectory 192 of circuit 23 -- done
rank 72 | trajectory 76 of circuit 91 -- done
rank 34 | trajectory 127 of circuit 77 -- done
rank 72 | trajectory 62 of circuit 98 -- done
rank 44 | trajectory 164 of circuit 24 -- done
rank 72 | trajectory 94 of circuit 10 -- done
rank 44 | trajectory 117 of circuit 11 -- done
rank 73 | trajectory 141 of circuit 14 -- done
rank 44 | trajectory 127 of circuit 82 -- done
rank 0 | trajectory 53 of circuit 73 -- done
rank 44 | trajectory 184 of circuit 77 -- done
rank 72 | trajectory 98 of circuit 65 -- done
rank 44 | trajectory 4 of circuit 12 -- done
rank 44 | trajectory 20 of circuit 35 -- done
rank 45 | trajectory 152 of circuit 65 -- done
rank 65 | trajectory 179 of circuit 10 -- done
rank 99 | trajectory 15 of circuit 66 -- done
rank 44 | trajectory 182 of circuit 27 -- done
rank 56 | trajectory 6 of circuit 6 -- done
rank 44 | trajectory 60 of circuit 7 -- done
rank 80 | trajectory 24 of circuit 50 -- done
rank 44 | trajectory 36 of circuit 94 -- done
rank 80 | trajectory 146 of circuit 5 -- done
rank 80 | trajectory 98 of circuit 85 -- done
rank 98 | trajectory 122 of circuit 54 -- done
rank 44 | trajectory 86 of circuit 58 -- done
rank 22 | trajectory 83 of circuit 92 -- done
rank 48 | trajectory 13 of circuit 47 -- done
rank 43 | trajectory 153 of circuit 73 -- done
rank 21 | trajectory 13 of circuit 76 -- done
rank 44 | trajectory 32 of circuit 57 -- done
rank 80 | trajectory 36 of circuit 28 -- done
rank 80 | trajectory 26 of circuit 33 -- done
rank 44 | trajectory 58 of circuit 72 -- done
rank 44 | trajectory 17 of circuit 83 -- done
rank 62 | trajectory 78 of circuit 2 -- done
rank 80 | trajectory 49 of circuit 47 -- done
rank 20 | trajectory 118 of circuit 20 -- done
rank 70 | trajectory 30 of circuit 31 -- done
rank 44 | trajectory 70 of circuit 87 -- done
rank 80 | trajectory 113 of circuit 86 -- done
rank 44 | trajectory 87 of circuit 72 -- done
rank 0 | trajectory 185 of circuit 53 -- done
rank 73 | trajectory 162 of circuit 63 -- done
rank 80 | trajectory 33 of circuit 50 -- done
rank 44 | trajectory 50 of circuit 2 -- done
rank 98 | trajectory 123 of circuit 37 -- done
rank 80 | trajectory 76 of circuit 36 -- done
rank 44 | trajectory 148 of circuit 88 -- done
rank 80 | trajectory 170 of circuit 82 -- done
rank 44 | trajectory 136 of circuit 68 -- done
rank 45 | trajectory 138 of circuit 78 -- done
rank 80 | trajectory 25 of circuit 23 -- done
rank 79 | trajectory 189 of circuit 99 -- done
rank 0 | trajectory 176 of circuit 64 -- done
rank 65 | trajectory 62 of circuit 31 -- done
rank 80 | trajectory 16 of circuit 37 -- done
rank 18 | trajectory 182 of circuit 96 -- done
rank 34 | trajectory 164 of circuit 19 -- done
rank 44 | trajectory 157 of circuit 18 -- done
rank 80 | trajectory 172 of circuit 68 -- done
rank 18 | trajectory 88 of circuit 72 -- done
rank 80 | trajectory 182 of circuit 10 -- done
rank 44 | trajectory 172 of circuit 78 -- done
rank 14 | trajectory 47 of circuit 32 -- done
rank 18 | trajectory 77 of circuit 34 -- done
rank 74 | trajectory 91 of circuit 83 -- done
rank 22 | trajectory 164 of circuit 14 -- done
rank 44 | trajectory 7 of circuit 54 -- done
rank 18 | trajectory 139 of circuit 6 -- done
rank 43 | trajectory 1 of circuit 96 -- done
rank 48 | trajectory 139 of circuit 79 -- done
rank 56 | trajectory 155 of circuit 80 -- done
rank 18 | trajectory 150 of circuit 30 -- done
rank 44 | trajectory 163 of circuit 4 -- done
rank 62 | trajectory 50 of circuit 83 -- done
rank 0 | trajectory 37 of circuit 58 -- done
rank 72 | trajectory 141 of circuit 69 -- done
rank 18 | trajectory 123 of circuit 17 -- done
rank 18 | trajectory 158 of circuit 52 -- done
rank 76 | trajectory 149 of circuit 73 -- done
rank 26 | trajectory 171 of circuit 7 -- done
rank 21 | trajectory 51 of circuit 8 -- done
rank 75 | trajectory 146 of circuit 72 -- done
rank 18 | trajectory 185 of circuit 24 -- done
rank 80 | trajectory 103 of circuit 19 -- done
rank 73 | trajectory 180 of circuit 94 -- done
rank 18 | trajectory 130 of circuit 21 -- done
rank 18 | trajectory 66 of circuit 89 -- done
rank 45 | trajectory 75 of circuit 44 -- done
rank 18 | trajectory 64 of circuit 90 -- done
rank 18 | trajectory 157 of circuit 41 -- done
rank 79 | trajectory 137 of circuit 27 -- done
rank 18 | trajectory 160 of circuit 38 -- done
rank 48 | trajectory 178 of circuit 79 -- done
rank 18 | trajectory 148 of circuit 51 -- done
rank 80 | trajectory 127 of circuit 67 -- done
rank 0 | trajectory 117 of circuit 83 -- done
rank 14 | trajectory 57 of circuit 52 -- done
rank 62 | trajectory 159 of circuit 31 -- done
rank 43 | trajectory 2 of circuit 89 -- done
rank 18 | trajectory 177 of circuit 8 -- done
rank 22 | trajectory 142 of circuit 31 -- done
rank 44 | trajectory 170 of circuit 89 -- done
rank 18 | trajectory 132 of circuit 65 -- done
rank 30 | trajectory 146 of circuit 83 -- done
rank 63 | trajectory 111 of circuit 61 -- done
rank 0 | trajectory 8 of circuit 73 -- done
rank 72 | trajectory 101 of circuit 79 -- done
rank 56 | trajectory 156 of circuit 18 -- done
rank 23 | trajectory 167 of circuit 27 -- done
rank 73 | trajectory 88 of circuit 97 -- done
rank 45 | trajectory 142 of circuit 38 -- done
rank 26 | trajectory 3 of circuit 68 -- done
rank 65 | trajectory 170 of circuit 27 -- done
rank 32 | trajectory 70 of circuit 24 -- done
rank 96 | trajectory 12 of circuit 63 -- done
rank 21 | trajectory 190 of circuit 21 -- done
rank 79 | trajectory 25 of circuit 68 -- done
rank 48 | trajectory 56 of circuit 83 -- done
rank 28 | trajectory 23 of circuit 75 -- done
rank 96 | trajectory 84 of circuit 5 -- done
rank 28 | trajectory 156 of circuit 27 -- done
rank 10 | trajectory 108 of circuit 93 -- done
rank 28 | trajectory 49 of circuit 49 -- done
rank 28 | trajectory 88 of circuit 98 -- done
rank 96 | trajectory 108 of circuit 2 -- done
rank 62 | trajectory 184 of circuit 10 -- done
rank 28 | trajectory 25 of circuit 26 -- done
rank 22 | trajectory 94 of circuit 84 -- done
rank 28 | trajectory 185 of circuit 38 -- done
rank 45 | trajectory 163 of circuit 24 -- done
rank 63 | trajectory 189 of circuit 91 -- done
rank 8 | trajectory 100 of circuit 83 -- done
rank 28 | trajectory 51 of circuit 14 -- done
rank 43 | trajectory 150 of circuit 100 -- done
rank 30 | trajectory 150 of circuit 79 -- done
rank 28 | trajectory 146 of circuit 93 -- done
rank 28 | trajectory 92 of circuit 5 -- done
rank 32 | trajectory 88 of circuit 31 -- done
rank 23 | trajectory 169 of circuit 94 -- done
rank 8 | trajectory 116 of circuit 79 -- done
rank 28 | trajectory 125 of circuit 96 -- done
rank 32 | trajectory 76 of circuit 6 -- done
rank 28 | trajectory 64 of circuit 27 -- done
rank 96 | trajectory 97 of circuit 64 -- done
rank 28 | trajectory 144 of circuit 35 -- done
rank 18 | trajectory 10 of circuit 56 -- done
rank 28 | trajectory 98 of circuit 36 -- done
rank 21 | trajectory 150 of circuit 72 -- done
rank 73 | trajectory 164 of circuit 52 -- done
rank 28 | trajectory 188 of circuit 27 -- done
rank 8 | trajectory 27 of circuit 67 -- done
rank 28 | trajectory 69 of circuit 50 -- done
rank 28 | trajectory 122 of circuit 73 -- done
rank 8 | trajectory 80 of circuit 7 -- done
rank 7 | trajectory 172 of circuit 98 -- done
rank 79 | trajectory 163 of circuit 26 -- done
rank 28 | trajectory 20 of circuit 6 -- done
rank 26 | trajectory 9 of circuit 72 -- done
rank 10 | trajectory 176 of circuit 30 -- done
rank 28 | trajectory 132 of circuit 90 -- done
rank 8 | trajectory 71 of circuit 63 -- done
rank 32 | trajectory 41 of circuit 61 -- done
rank 56 | trajectory 69 of circuit 76 -- done
rank 8 | trajectory 168 of circuit 57 -- done
rank 53 | trajectory 171 of circuit 13 -- done
rank 28 | trajectory 186 of circuit 88 -- done
rank 18 | trajectory 35 of circuit 73 -- done
rank 72 | trajectory 182 of circuit 20 -- done
rank 8 | trajectory 57 of circuit 46 -- done
rank 28 | trajectory 62 of circuit 100 -- done
rank 8 | trajectory 15 of circuit 15 -- done
rank 48 | trajectory 34 of circuit 61 -- done
rank 28 | trajectory 39 of circuit 24 -- done
rank 8 | trajectory 157 of circuit 71 -- done
rank 22 | trajectory 16 of circuit 48 -- done
rank 20 | trajectory 123 of circuit 24 -- done
rank 62 | trajectory 166 of circuit 4 -- done
rank 8 | trajectory 104 of circuit 19 -- done
rank 28 | trajectory 29 of circuit 91 -- done
rank 32 | trajectory 17 of circuit 57 -- done
rank 76 | trajectory 171 of circuit 39 -- done
rank 81 | trajectory 175 of circuit 16 -- done
rank 8 | trajectory 128 of circuit 62 -- done
rank 28 | trajectory 46 of circuit 16 -- done
rank 21 | trajectory 75 of circuit 7 -- done
rank 8 | trajectory 82 of circuit 60 -- done
rank 18 | trajectory 89 of circuit 89 -- done
rank 99 | trajectory 136 of circuit 18 -- done
rank 28 | trajectory 127 of circuit 62 -- done
rank 99 | trajectory 134 of circuit 73 -- done
rank 8 | trajectory 106 of circuit 41 -- done
rank 99 | trajectory 151 of circuit 33 -- done
rank 28 | trajectory 130 of circuit 18 -- done
rank 96 | trajectory 78 of circuit 84 -- done
rank 99 | trajectory 72 of circuit 13 -- done
rank 28 | trajectory 118 of circuit 13 -- done
rank 73 | trajectory 72 of circuit 22 -- done
rank 32 | trajectory 120 of circuit 35 -- done
rank 99 | trajectory 4 of circuit 26 -- done
rank 28 | trajectory 16 of circuit 67 -- done
rank 43 | trajectory 35 of circuit 95 -- done
rank 79 | trajectory 110 of circuit 89 -- done
rank 98 | trajectory 189 of circuit 47 -- done
rank 28 | trajectory 12 of circuit 56 -- done
rank 99 | trajectory 47 of circuit 52 -- done
rank 26 | trajectory 24 of circuit 51 -- done
rank 73 | trajectory 58 of circuit 17 -- done
rank 48 | trajectory 57 of circuit 39 -- done
rank 18 | trajectory 131 of circuit 53 -- done
rank 99 | trajectory 25 of circuit 71 -- done
rank 98 | trajectory 93 of circuit 32 -- done
rank 10 | trajectory 184 of circuit 84 -- done
rank 21 | trajectory 6 of circuit 65 -- done
rank 32 | trajectory 21 of circuit 1 -- done
rank 98 | trajectory 44 of circuit 31 -- done
rank 96 | trajectory 175 of circuit 43 -- done
rank 99 | trajectory 71 of circuit 86 -- done
rank 98 | trajectory 86 of circuit 4 -- done
rank 65 | trajectory 13 of circuit 75 -- done
rank 99 | trajectory 16 of circuit 12 -- done
rank 98 | trajectory 127 of circuit 51 -- done
rank 8 | trajectory 179 of circuit 23 -- done
rank 98 | trajectory 102 of circuit 48 -- done
rank 28 | trajectory 2 of circuit 10 -- done
rank 99 | trajectory 187 of circuit 57 -- done
rank 98 | trajectory 149 of circuit 2 -- done
rank 20 | trajectory 129 of circuit 42 -- done
rank 81 | trajectory 191 of circuit 70 -- done
rank 63 | trajectory 51 of circuit 90 -- done
rank 98 | trajectory 53 of circuit 61 -- done
rank 28 | trajectory 119 of circuit 75 -- done
rank 74 | trajectory 39 of circuit 63 -- done
rank 18 | trajectory 125 of circuit 33 -- done
rank 17 | trajectory 56 of circuit 57 -- done
rank 98 | trajectory 2 of circuit 21 -- done
rank 96 | trajectory 149 of circuit 48 -- done
rank 73 | trajectory 95 of circuit 25 -- done
rank 64 | trajectory 73 of circuit 9 -- done
rank 98 | trajectory 58 of circuit 18 -- done
rank 28 | trajectory 9 of circuit 18 -- done
rank 98 | trajectory 51 of circuit 44 -- done
rank 73 | trajectory 64 of circuit 29 -- done
rank 64 | trajectory 62 of circuit 7 -- done
rank 62 | trajectory 48 of circuit 66 -- done
rank 56 | trajectory 34 of circuit 50 -- done
rank 98 | trajectory 68 of circuit 41 -- done
rank 25 | trajectory 75 of circuit 82 -- done
rank 73 | trajectory 7 of circuit 18 -- done
rank 64 | trajectory 175 of circuit 57 -- done
rank 98 | trajectory 115 of circuit 92 -- done
rank 23 | trajectory 136 of circuit 85 -- done
rank 99 | trajectory 108 of circuit 58 -- done
rank 98 | trajectory 65 of circuit 97 -- done
rank 73 | trajectory 107 of circuit 18 -- done
rank 64 | trajectory 46 of circuit 74 -- done
rank 98 | trajectory 133 of circuit 34 -- done
rank 28 | trajectory 151 of circuit 18 -- done
rank 98 | trajectory 69 of circuit 22 -- done
rank 18 | trajectory 84 of circuit 33 -- done
rank 73 | trajectory 11 of circuit 97 -- done
rank 64 | trajectory 23 of circuit 87 -- done
rank 44 | trajectory 26 of circuit 81 -- done
rank 98 | trajectory 97 of circuit 46 -- done
rank 98 | trajectory 25 of circuit 95 -- done
rank 64 | trajectory 125 of circuit 50 -- done
rank 28 | trajectory 61 of circuit 62 -- done
rank 79 | trajectory 158 of circuit 25 -- done
rank 76 | trajectory 164 of circuit 10 -- done
rank 73 | trajectory 187 of circuit 2 -- done
rank 64 | trajectory 136 of circuit 69 -- done
rank 96 | trajectory 167 of circuit 98 -- done
rank 64 | trajectory 19 of circuit 36 -- done
rank 73 | trajectory 151 of circuit 37 -- done
rank 64 | trajectory 138 of circuit 19 -- done
rank 73 | trajectory 6 of circuit 33 -- done
rank 18 | trajectory 45 of circuit 81 -- done
rank 21 | trajectory 25 of circuit 84 -- done
rank 64 | trajectory 58 of circuit 93 -- done
rank 48 | trajectory 3 of circuit 18 -- done
rank 99 | trajectory 153 of circuit 25 -- done
rank 98 | trajectory 172 of circuit 95 -- done
rank 64 | trajectory 148 of circuit 18 -- done
rank 64 | trajectory 40 of circuit 23 -- done
rank 28 | trajectory 50 of circuit 41 -- done
rank 64 | trajectory 43 of circuit 75 -- done
rank 84 | trajectory 74 of circuit 90 -- done
rank 9 | trajectory 41 of circuit 4 -- done
rank 18 | trajectory 184 of circuit 86 -- done
rank 99 | trajectory 40 of circuit 47 -- done
rank 64 | trajectory 190 of circuit 95 -- done
rank 9 | trajectory 134 of circuit 94 -- done
rank 65 | trajectory 183 of circuit 27 -- done
rank 98 | trajectory 184 of circuit 4 -- done
rank 84 | trajectory 81 of circuit 30 -- done
rank 81 | trajectory 131 of circuit 21 -- done
rank 64 | trajectory 118 of circuit 71 -- done
rank 9 | trajectory 102 of circuit 52 -- done
rank 73 | trajectory 78 of circuit 15 -- done
rank 99 | trajectory 86 of circuit 31 -- done
rank 64 | trajectory 38 of circuit 29 -- done
rank 80 | trajectory 95 of circuit 64 -- done
rank 9 | trajectory 60 of circuit 71 -- done
rank 18 | trajectory 99 of circuit 3 -- done
rank 84 | trajectory 135 of circuit 91 -- done
rank 9 | trajectory 183 of circuit 23 -- done
rank 28 | trajectory 139 of circuit 66 -- done
rank 64 | trajectory 45 of circuit 64 -- done
rank 20 | trajectory 112 of circuit 48 -- done
rank 62 | trajectory 95 of circuit 15 -- done
rank 32 | trajectory 123 of circuit 14 -- done
rank 72 | trajectory 150 of circuit 82 -- done
rank 43 | trajectory 110 of circuit 6 -- done
rank 9 | trajectory 73 of circuit 52 -- done
rank 84 | trajectory 108 of circuit 55 -- done
rank 28 | trajectory 184 of circuit 81 -- done
rank 64 | trajectory 39 of circuit 31 -- done
rank 28 | trajectory 28 of circuit 39 -- done
rank 9 | trajectory 4 of circuit 71 -- done
rank 23 | trajectory 58 of circuit 66 -- done
rank 64 | trajectory 11 of circuit 38 -- done
rank 99 | trajectory 74 of circuit 40 -- done
rank 84 | trajectory 42 of circuit 85 -- done
rank 28 | trajectory 102 of circuit 86 -- done
rank 9 | trajectory 148 of circuit 42 -- done
rank 64 | trajectory 34 of circuit 19 -- done
rank 9 | trajectory 59 of circuit 74 -- done
rank 98 | trajectory 6 of circuit 60 -- done
rank 21 | trajectory 80 of circuit 37 -- done
rank 73 | trajectory 4 of circuit 95 -- done
rank 84 | trajectory 149 of circuit 28 -- done
rank 64 | trajectory 150 of circuit 63 -- done
rank 96 | trajectory 166 of circuit 79 -- done
rank 28 | trajectory 153 of circuit 20 -- done
rank 9 | trajectory 45 of circuit 26 -- done
rank 73 | trajectory 181 of circuit 56 -- done
rank 22 | trajectory 185 of circuit 88 -- done
rank 73 | trajectory 139 of circuit 58 -- done
rank 84 | trajectory 95 of circuit 41 -- done
rank 9 | trajectory 96 of circuit 99 -- done
rank 99 | trajectory 115 of circuit 59 -- done
rank 28 | trajectory 7 of circuit 70 -- done
rank 64 | trajectory 26 of circuit 74 -- done
rank 84 | trajectory 51 of circuit 73 -- done
rank 9 | trajectory 23 of circuit 25 -- done
rank 73 | trajectory 183 of circuit 93 -- done
rank 9 | trajectory 185 of circuit 22 -- done
rank 99 | trajectory 90 of circuit 89 -- done
rank 96 | trajectory 104 of circuit 47 -- done
rank 9 | trajectory 68 of circuit 27 -- done
rank 28 | trajectory 44 of circuit 26 -- done
rank 9 | trajectory 126 of circuit 8 -- done
rank 64 | trajectory 17 of circuit 72 -- done
rank 73 | trajectory 57 of circuit 5 -- done
rank 84 | trajectory 100 of circuit 78 -- done
rank 98 | trajectory 139 of circuit 10 -- done
rank 99 | trajectory 129 of circuit 100 -- done
rank 84 | trajectory 171 of circuit 78 -- done
rank 73 | trajectory 76 of circuit 34 -- done
rank 30 | trajectory 131 of circuit 10 -- done
rank 61 | trajectory 168 of circuit 83 -- done
rank 28 | trajectory 192 of circuit 1 -- done
rank 84 | trajectory 160 of circuit 83 -- done
rank 81 | trajectory 39 of circuit 25 -- done
rank 62 | trajectory 31 of circuit 92 -- done
rank 64 | trajectory 174 of circuit 26 -- done
rank 84 | trajectory 113 of circuit 21 -- done
rank 99 | trajectory 57 of circuit 72 -- done
rank 84 | trajectory 166 of circuit 75 -- done
rank 73 | trajectory 67 of circuit 35 -- done
rank 84 | trajectory 186 of circuit 99 -- done
rank 28 | trajectory 111 of circuit 11 -- done
rank 84 | trajectory 64 of circuit 100 -- done
rank 99 | trajectory 159 of circuit 30 -- done
rank 48 | trajectory 23 of circuit 10 -- done
rank 65 | trajectory 12 of circuit 85 -- done
rank 95 | trajectory 27 of circuit 39 -- done
rank 43 | trajectory 68 of circuit 23 -- done
rank 84 | trajectory 94 of circuit 48 -- done
rank 95 | trajectory 171 of circuit 49 -- done
rank 99 | trajectory 73 of circuit 60 -- done
rank 28 | trajectory 162 of circuit 82 -- done
rank 23 | trajectory 74 of circuit 58 -- done
rank 98 | trajectory 190 of circuit 30 -- done
rank 28 | trajectory 167 of circuit 76 -- done
rank 95 | trajectory 9 of circuit 65 -- done
rank 76 | trajectory 134 of circuit 90 -- done
rank 64 | trajectory 158 of circuit 76 -- done
rank 20 | trajectory 106 of circuit 73 -- done
rank 98 | trajectory 9 of circuit 9 -- done
rank 73 | trajectory 15 of circuit 79 -- done
rank 95 | trajectory 191 of circuit 40 -- done
rank 99 | trajectory 56 of circuit 38 -- done
rank 95 | trajectory 128 of circuit 10 -- done
rank 98 | trajectory 176 of circuit 35 -- done
rank 7 | trajectory 12 of circuit 97 -- done
rank 84 | trajectory 130 of circuit 69 -- done
rank 95 | trajectory 5 of circuit 33 -- done
rank 98 | trajectory 135 of circuit 95 -- done
rank 64 | trajectory 170 of circuit 64 -- done
rank 95 | trajectory 170 of circuit 66 -- done
rank 61 | trajectory 66 of circuit 71 -- done
rank 98 | trajectory 170 of circuit 69 -- done
rank 73 | trajectory 177 of circuit 10 -- done
rank 41 | trajectory 93 of circuit 38 -- done
rank 95 | trajectory 187 of circuit 99 -- done
rank 84 | trajectory 132 of circuit 8 -- done
rank 63 | trajectory 55 of circuit 12 -- done
rank 98 | trajectory 76 of circuit 54 -- done
rank 28 | trajectory 149 of circuit 30 -- done
rank 95 | trajectory 172 of circuit 87 -- done
rank 98 | trajectory 14 of circuit 28 -- done
rank 95 | trajectory 36 of circuit 56 -- done
rank 64 | trajectory 145 of circuit 76 -- done
rank 84 | trajectory 120 of circuit 61 -- done
rank 28 | trajectory 52 of circuit 100 -- done
rank 30 | trajectory 44 of circuit 48 -- done
rank 65 | trajectory 29 of circuit 22 -- done
rank 95 | trajectory 21 of circuit 71 -- done
rank 22 | trajectory 105 of circuit 90 -- done
rank 17 | trajectory 97 of circuit 56 -- done
rank 99 | trajectory 23 of circuit 90 -- done
rank 98 | trajectory 39 of circuit 32 -- done
rank 95 | trajectory 55 of circuit 15 -- done
rank 79 | trajectory 153 of circuit 13 -- done
rank 98 | trajectory 94 of circuit 43 -- done
rank 84 | trajectory 104 of circuit 94 -- done
rank 95 | trajectory 116 of circuit 52 -- done
rank 64 | trajectory 99 of circuit 32 -- done
rank 73 | trajectory 152 of circuit 67 -- done
rank 98 | trajectory 153 of circuit 39 -- done
rank 95 | trajectory 39 of circuit 71 -- done
rank 95 | trajectory 176 of circuit 22 -- done
rank 28 | trajectory 14 of circuit 65 -- done
rank 23 | trajectory 91 of circuit 13 -- done
rank 98 | trajectory 10 of circuit 73 -- done
rank 95 | trajectory 132 of circuit 33 -- done
rank 64 | trajectory 179 of circuit 82 -- done
rank 84 | trajectory 28 of circuit 35 -- done
rank 73 | trajectory 10 of circuit 52 -- done
rank 99 | trajectory 26 of circuit 35 -- done
rank 95 | trajectory 106 of circuit 87 -- done
rank 28 | trajectory 27 of circuit 91 -- done
rank 98 | trajectory 147 of circuit 69 -- done
rank 95 | trajectory 93 of circuit 46 -- done
rank 28 | trajectory 99 of circuit 99 -- done
rank 98 | trajectory 100 of circuit 45 -- done
rank 23 | trajectory 23 of circuit 30 -- done
rank 71 | trajectory 10 of circuit 49 -- done
rank 58 | trajectory 178 of circuit 56 -- done
rank 20 | trajectory 113 of circuit 39 -- done
rank 43 | trajectory 181 of circuit 74 -- done
rank 98 | trajectory 16 of circuit 60 -- done
rank 99 | trajectory 116 of circuit 66 -- done
rank 98 | trajectory 22 of circuit 95 -- done
rank 63 | trajectory 129 of circuit 98 -- done
rank 73 | trajectory 18 of circuit 55 -- done
rank 9 | trajectory 135 of circuit 36 -- done
rank 73 | trajectory 91 of circuit 57 -- done
rank 63 | trajectory 37 of circuit 73 -- done
rank 98 | trajectory 116 of circuit 84 -- done
rank 64 | trajectory 137 of circuit 2 -- done
rank 18 | trajectory 25 of circuit 13 -- done
rank 84 | trajectory 70 of circuit 95 -- done
rank 98 | trajectory 141 of circuit 100 -- done
rank 79 | trajectory 72 of circuit 61 -- done
rank 76 | trajectory 54 of circuit 50 -- done
rank 41 | trajectory 26 of circuit 54 -- done
rank 98 | trajectory 75 of circuit 66 -- done
rank 79 | trajectory 29 of circuit 88 -- done
rank 38 | trajectory 171 of circuit 97 -- done
rank 40 | trajectory 35 of circuit 24 -- done
rank 99 | trajectory 24 of circuit 96 -- done
rank 98 | trajectory 182 of circuit 13 -- done
rank 64 | trajectory 156 of circuit 98 -- done
rank 22 | trajectory 116 of circuit 30 -- done
rank 98 | trajectory 61 of circuit 63 -- done
rank 79 | trajectory 67 of circuit 99 -- done
rank 98 | trajectory 119 of circuit 34 -- done
rank 28 | trajectory 70 of circuit 31 -- done
rank 64 | trajectory 13 of circuit 18 -- done
rank 95 | trajectory 113 of circuit 42 -- done
rank 99 | trajectory 127 of circuit 10 -- done
rank 73 | trajectory 87 of circuit 27 -- done
rank 79 | trajectory 131 of circuit 36 -- done
rank 95 | trajectory 175 of circuit 24 -- done
rank 98 | trajectory 156 of circuit 40 -- done
rank 95 | trajectory 13 of circuit 41 -- done
rank 65 | trajectory 11 of circuit 11 -- done
rank 64 | trajectory 88 of circuit 86 -- done
rank 95 | trajectory 37 of circuit 35 -- done
rank 99 | trajectory 105 of circuit 20 -- done
rank 66 | trajectory 175 of circuit 33 -- done
rank 25 | trajectory 80 of circuit 68 -- done
rank 58 | trajectory 96 of circuit 27 -- done
rank 95 | trajectory 186 of circuit 86 -- done
rank 66 | trajectory 2 of circuit 60 -- done
rank 98 | trajectory 78 of circuit 26 -- done
rank 99 | trajectory 64 of circuit 58 -- done
rank 20 | trajectory 102 of circuit 90 -- done
rank 71 | trajectory 116 of circuit 95 -- done
rank 64 | trajectory 129 of circuit 78 -- done
rank 66 | trajectory 136 of circuit 59 -- done
rank 49 | trajectory 51 of circuit 48 -- done
rank 66 | trajectory 133 of circuit 83 -- done
rank 49 | trajectory 188 of circuit 4 -- done
rank 41 | trajectory 154 of circuit 31 -- done
rank 49 | trajectory 12 of circuit 45 -- done
rank 66 | trajectory 19 of circuit 76 -- done
rank 71 | trajectory 151 of circuit 80 -- done
rank 62 | trajectory 22 of circuit 87 -- done
rank 23 | trajectory 54 of circuit 75 -- done
rank 49 | trajectory 128 of circuit 92 -- done
rank 64 | trajectory 152 of circuit 17 -- done
rank 66 | trajectory 47 of circuit 22 -- done
rank 98 | trajectory 142 of circuit 81 -- done
rank 49 | trajectory 7 of circuit 36 -- done
rank 66 | trajectory 29 of circuit 52 -- done
rank 49 | trajectory 46 of circuit 75 -- done
rank 64 | trajectory 18 of circuit 4 -- done
rank 49 | trajectory 32 of circuit 83 -- done
rank 98 | trajectory 187 of circuit 59 -- done
rank 66 | trajectory 132 of circuit 87 -- done
rank 74 | trajectory 133 of circuit 35 -- done
rank 28 | trajectory 3 of circuit 2 -- done
rank 49 | trajectory 79 of circuit 48 -- done
rank 73 | trajectory 121 of circuit 22 -- done
rank 66 | trajectory 110 of circuit 24 -- done
rank 28 | trajectory 5 of circuit 13 -- done
rank 22 | trajectory 182 of circuit 7 -- done
rank 76 | trajectory 116 of circuit 74 -- done
rank 99 | trajectory 10 of circuit 36 -- done
rank 98 | trajectory 81 of circuit 5 -- done
rank 66 | trajectory 9 of circuit 47 -- done
rank 49 | trajectory 118 of circuit 2 -- done
rank 64 | trajectory 83 of circuit 69 -- done
rank 98 | trajectory 152 of circuit 95 -- done
rank 28 | trajectory 145 of circuit 11 -- done
rank 38 | trajectory 183 of circuit 65 -- done
rank 49 | trajectory 165 of circuit 83 -- done
rank 71 | trajectory 168 of circuit 38 -- done
rank 63 | trajectory 24 of circuit 35 -- done
rank 28 | trajectory 160 of circuit 6 -- done
rank 49 | trajectory 168 of circuit 20 -- done
rank 40 | trajectory 160 of circuit 54 -- done
rank 95 | trajectory 130 of circuit 64 -- done
rank 28 | trajectory 15 of circuit 82 -- done
rank 98 | trajectory 83 of circuit 13 -- done
rank 49 | trajectory 123 of circuit 3 -- done
rank 99 | trajectory 59 of circuit 41 -- done
rank 58 | trajectory 125 of circuit 75 -- done
rank 95 | trajectory 87 of circuit 25 -- done
rank 49 | trajectory 139 of circuit 65 -- done
rank 28 | trajectory 66 of circuit 56 -- done
rank 95 | trajectory 183 of circuit 48 -- done
rank 71 | trajectory 183 of circuit 11 -- done
rank 49 | trajectory 29 of circuit 35 -- done
rank 28 | trajectory 63 of circuit 26 -- done
rank 20 | trajectory 78 of circuit 19 -- done
rank 98 | trajectory 140 of circuit 53 -- done
rank 49 | trajectory 116 of circuit 36 -- done
rank 95 | trajectory 68 of circuit 89 -- done
rank 65 | trajectory 3 of circuit 83 -- done
rank 95 | trajectory 137 of circuit 19 -- done
rank 49 | trajectory 42 of circuit 50 -- done
rank 98 | trajectory 112 of circuit 40 -- done
rank 66 | trajectory 129 of circuit 93 -- done
rank 41 | trajectory 77 of circuit 44 -- done
rank 44 | trajectory 113 of circuit 45 -- done
rank 49 | trajectory 180 of circuit 51 -- done
rank 95 | trajectory 79 of circuit 94 -- done
rank 22 | trajectory 186 of circuit 79 -- done
rank 98 | trajectory 30 of circuit 60 -- done
rank 95 | trajectory 62 of circuit 78 -- done
rank 56 | trajectory 88 of circuit 44 -- done
rank 95 | trajectory 28 of circuit 7 -- done
rank 23 | trajectory 141 of circuit 9 -- done
rank 8 | trajectory 72 of circuit 74 -- done
rank 68 | trajectory 71 of circuit 2 -- done
rank 95 | trajectory 129 of circuit 85 -- done
rank 62 | trajectory 68 of circuit 10 -- done
rank 76 | trajectory 184 of circuit 91 -- done
rank 49 | trajectory 73 of circuit 36 -- done
rank 98 | trajectory 71 of circuit 89 -- done
rank 79 | trajectory 141 of circuit 46 -- done
rank 76 | trajectory 127 of circuit 84 -- done
rank 66 | trajectory 151 of circuit 51 -- done
rank 98 | trajectory 148 of circuit 73 -- done
rank 72 | trajectory 89 of circuit 12 -- done
rank 68 | trajectory 67 of circuit 26 -- done
rank 49 | trajectory 60 of circuit 43 -- done
rank 63 | trajectory 180 of circuit 69 -- done
rank 76 | trajectory 115 of circuit 38 -- done
rank 49 | trajectory 166 of circuit 73 -- done
rank 68 | trajectory 111 of circuit 60 -- done
rank 98 | trajectory 131 of circuit 47 -- done
rank 95 | trajectory 14 of circuit 91 -- done
rank 68 | trajectory 66 of circuit 63 -- done
rank 49 | trajectory 65 of circuit 47 -- done
rank 38 | trajectory 103 of circuit 69 -- done
rank 95 | trajectory 45 of circuit 40 -- done
rank 68 | trajectory 75 of circuit 36 -- done
rank 9 | trajectory 18 of circuit 41 -- done
rank 49 | trajectory 24 of circuit 40 -- done
rank 98 | trajectory 70 of circuit 58 -- done
rank 68 | trajectory 151 of circuit 43 -- done
rank 58 | trajectory 132 of circuit 32 -- done
rank 95 | trajectory 52 of circuit 73 -- done
rank 81 | trajectory 166 of circuit 15 -- done
rank 68 | trajectory 12 of circuit 38 -- done
rank 7 | trajectory 114 of circuit 76 -- done
rank 74 | trajectory 172 of circuit 57 -- done
rank 68 | trajectory 26 of circuit 18 -- done
rank 98 | trajectory 125 of circuit 20 -- done
rank 95 | trajectory 70 of circuit 25 -- done
rank 68 | trajectory 37 of circuit 2 -- done
rank 65 | trajectory 85 of circuit 55 -- done
rank 95 | trajectory 151 of circuit 26 -- done
rank 76 | trajectory 159 of circuit 83 -- done
rank 88 | trajectory 1 of circuit 52 -- done
rank 98 | trajectory 103 of circuit 30 -- done
rank 20 | trajectory 170 of circuit 22 -- done
rank 68 | trajectory 44 of circuit 35 -- done
rank 22 | trajectory 97 of circuit 59 -- done
rank 98 | trajectory 157 of circuit 8 -- done
rank 88 | trajectory 5 of circuit 76 -- done
rank 68 | trajectory 9 of circuit 28 -- done
rank 95 | trajectory 1 of circuit 49 -- done
rank 98 | trajectory 159 of circuit 54 -- done
rank 98 | trajectory 91 of circuit 77 -- done
rank 68 | trajectory 160 of circuit 60 -- done
rank 63 | trajectory 41 of circuit 99 -- done
rank 71 | trajectory 123 of circuit 87 -- done
rank 57 | trajectory 39 of circuit 100 -- done
rank 98 | trajectory 42 of circuit 43 -- done
rank 95 | trajectory 164 of circuit 100 -- done
rank 79 | trajectory 119 of circuit 52 -- done
rank 98 | trajectory 161 of circuit 24 -- done
rank 23 | trajectory 150 of circuit 19 -- done
rank 95 | trajectory 190 of circuit 57 -- done
rank 98 | trajectory 67 of circuit 15 -- done
rank 98 | trajectory 173 of circuit 38 -- done
rank 81 | trajectory 41 of circuit 53 -- done
rank 43 | trajectory 191 of circuit 54 -- done
rank 17 | trajectory 46 of circuit 42 -- done
rank 41 | trajectory 149 of circuit 9 -- done
rank 22 | trajectory 169 of circuit 53 -- done
rank 95 | trajectory 85 of circuit 37 -- done
rank 22 | trajectory 40 of circuit 62 -- done
rank 98 | trajectory 151 of circuit 89 -- done
rank 95 | trajectory 57 of circuit 62 -- done
rank 71 | trajectory 186 of circuit 66 -- done
rank 76 | trajectory 146 of circuit 8 -- done
rank 98 | trajectory 162 of circuit 61 -- done
rank 7 | trajectory 169 of circuit 51 -- done
rank 63 | trajectory 146 of circuit 43 -- done
rank 22 | trajectory 79 of circuit 36 -- done
rank 20 | trajectory 131 of circuit 78 -- done
rank 58 | trajectory 184 of circuit 56 -- done
rank 95 | trajectory 61 of circuit 28 -- done
rank 98 | trajectory 107 of circuit 46 -- done
rank 95 | trajectory 30 of circuit 1 -- done
rank 62 | trajectory 32 of circuit 44 -- done
rank 23 | trajectory 189 of circuit 76 -- done
rank 98 | trajectory 132 of circuit 80 -- done
rank 57 | trajectory 150 of circuit 62 -- done
rank 98 | trajectory 11 of circuit 21 -- done
rank 79 | trajectory 117 of circuit 14 -- done
rank 81 | trajectory 127 of circuit 58 -- done
rank 41 | trajectory 90 of circuit 61 -- done
rank 98 | trajectory 88 of circuit 22 -- done
rank 29 | trajectory 190 of circuit 40 -- done
rank 95 | trajectory 153 of circuit 77 -- done
rank 71 | trajectory 101 of circuit 73 -- done
rank 61 | trajectory 52 of circuit 16 -- done
rank 9 | trajectory 168 of circuit 45 -- done
rank 98 | trajectory 144 of circuit 65 -- done
rank 58 | trajectory 24 of circuit 90 -- done
rank 98 | trajectory 64 of circuit 41 -- done
rank 20 | trajectory 94 of circuit 80 -- done
rank 56 | trajectory 110 of circuit 90 -- done
rank 98 | trajectory 77 of circuit 2 -- done
rank 22 | trajectory 114 of circuit 15 -- done
rank 98 | trajectory 134 of circuit 81 -- done
rank 76 | trajectory 131 of circuit 31 -- done
rank 88 | trajectory 14 of circuit 7 -- done
rank 23 | trajectory 93 of circuit 66 -- done
rank 74 | trajectory 155 of circuit 97 -- done
rank 98 | trajectory 34 of circuit 9 -- done
rank 95 | trajectory 16 of circuit 35 -- done
rank 79 | trajectory 114 of circuit 28 -- done
rank 71 | trajectory 36 of circuit 57 -- done
rank 98 | trajectory 104 of circuit 80 -- done
rank 98 | trajectory 126 of circuit 45 -- done
rank 62 | trajectory 76 of circuit 61 -- done
rank 63 | trajectory 100 of circuit 13 -- done
rank 57 | trajectory 57 of circuit 25 -- done
rank 98 | trajectory 175 of circuit 95 -- done
rank 98 | trajectory 63 of circuit 95 -- done
rank 61 | trajectory 146 of circuit 97 -- done
rank 95 | trajectory 19 of circuit 80 -- done
rank 88 | trajectory 142 of circuit 40 -- done
rank 29 | trajectory 116 of circuit 25 -- done
rank 40 | trajectory 38 of circuit 87 -- done
rank 98 | trajectory 45 of circuit 43 -- done
rank 58 | trajectory 72 of circuit 15 -- done
rank 22 | trajectory 53 of circuit 58 -- done
rank 65 | trajectory 164 of circuit 28 -- done
rank 98 | trajectory 109 of circuit 20 -- done
rank 23 | trajectory 26 of circuit 13 -- done
rank 49 | trajectory 175 of circuit 60 -- done
rank 76 | trajectory 106 of circuit 21 -- done
rank 53 | trajectory 40 of circuit 12 -- done
rank 98 | trajectory 98 of circuit 35 -- done
rank 41 | trajectory 143 of circuit 50 -- done
rank 57 | trajectory 1 of circuit 41 -- done
rank 66 | trajectory 105 of circuit 75 -- done
rank 70 | trajectory 56 of circuit 99 -- done
rank 98 | trajectory 21 of circuit 42 -- done
rank 62 | trajectory 30 of circuit 86 -- done
rank 22 | trajectory 136 of circuit 37 -- done
rank 29 | trajectory 106 of circuit 29 -- done
rank 22 | trajectory 81 of circuit 96 -- done
rank 98 | trajectory 108 of circuit 88 -- done
rank 71 | trajectory 46 of circuit 87 -- done
rank 98 | trajectory 183 of circuit 75 -- done
rank 22 | trajectory 132 of circuit 23 -- done
rank 38 | trajectory 175 of circuit 32 -- done
rank 98 | trajectory 179 of circuit 48 -- done
rank 58 | trajectory 49 of circuit 64 -- done
rank 61 | trajectory 54 of circuit 14 -- done
rank 22 | trajectory 102 of circuit 38 -- done
rank 98 | trajectory 41 of circuit 82 -- done
rank 22 | trajectory 52 of circuit 15 -- done
rank 98 | trajectory 136 of circuit 83 -- done
rank 57 | trajectory 44 of circuit 79 -- done
rank 98 | trajectory 43 of circuit 91 -- done
rank 98 | trajectory 130 of circuit 75 -- done
rank 70 | trajectory 126 of circuit 15 -- done
rank 95 | trajectory 51 of circuit 1 -- done
rank 76 | trajectory 108 of circuit 1 -- done
rank 22 | trajectory 180 of circuit 49 -- done
rank 65 | trajectory 42 of circuit 48 -- done
rank 62 | trajectory 65 of circuit 83 -- done
rank 98 | trajectory 18 of circuit 85 -- done
rank 71 | trajectory 30 of circuit 16 -- done
rank 38 | trajectory 191 of circuit 31 -- done
rank 45 | trajectory 151 of circuit 99 -- done
rank 25 | trajectory 39 of circuit 17 -- done
rank 43 | trajectory 76 of circuit 71 -- done
rank 58 | trajectory 87 of circuit 90 -- done
rank 98 | trajectory 8 of circuit 34 -- done
rank 61 | trajectory 84 of circuit 40 -- done
rank 88 | trajectory 22 of circuit 23 -- done
rank 57 | trajectory 51 of circuit 55 -- done
rank 61 | trajectory 149 of circuit 22 -- done
rank 53 | trajectory 44 of circuit 24 -- done
rank 34 | trajectory 173 of circuit 67 -- done
rank 20 | trajectory 164 of circuit 80 -- done
rank 7 | trajectory 67 of circuit 67 -- done
rank 49 | trajectory 157 of circuit 69 -- done
rank 76 | trajectory 87 of circuit 30 -- done
rank 71 | trajectory 48 of circuit 17 -- done
rank 70 | trajectory 55 of circuit 69 -- done
rank 65 | trajectory 86 of circuit 99 -- done
rank 22 | trajectory 54 of circuit 88 -- done
rank 38 | trajectory 123 of circuit 73 -- done
rank 43 | trajectory 49 of circuit 62 -- done
rank 20 | trajectory 42 of circuit 75 -- done
rank 45 | trajectory 49 of circuit 70 -- done
rank 58 | trajectory 179 of circuit 28 -- done
rank 57 | trajectory 15 of circuit 19 -- done
rank 40 | trajectory 146 of circuit 55 -- done
rank 98 | trajectory 35 of circuit 63 -- done
rank 74 | trajectory 119 of circuit 19 -- done
rank 61 | trajectory 134 of circuit 28 -- done
rank 88 | trajectory 128 of circuit 32 -- done
rank 98 | trajectory 178 of circuit 38 -- done
rank 92 | trajectory 185 of circuit 60 -- done
rank 7 | trajectory 168 of circuit 32 -- done
rank 76 | trajectory 100 of circuit 67 -- done
rank 98 | trajectory 74 of circuit 86 -- done
rank 15 | trajectory 34 of circuit 79 -- done
rank 22 | trajectory 153 of circuit 58 -- done
rank 71 | trajectory 23 of circuit 14 -- done
rank 45 | trajectory 180 of circuit 72 -- done
rank 15 | trajectory 37 of circuit 53 -- done
rank 98 | trajectory 186 of circuit 28 -- done
rank 15 | trajectory 177 of circuit 29 -- done
rank 57 | trajectory 49 of circuit 48 -- done
rank 15 | trajectory 8 of circuit 11 -- done
rank 15 | trajectory 143 of circuit 100 -- done
rank 15 | trajectory 57 of circuit 83 -- done
rank 15 | trajectory 68 of circuit 20 -- done
rank 15 | trajectory 31 of circuit 31 -- done
rank 88 | trajectory 91 of circuit 54 -- done
rank 58 | trajectory 113 of circuit 43 -- done
rank 98 | trajectory 15 of circuit 90 -- done
rank 15 | trajectory 12 of circuit 64 -- done
rank 9 | trajectory 170 of circuit 83 -- done
rank 95 | trajectory 88 of circuit 93 -- done
rank 15 | trajectory 64 of circuit 13 -- done
rank 15 | trajectory 114 of circuit 47 -- done
rank 76 | trajectory 39 of circuit 11 -- done
rank 98 | trajectory 165 of circuit 82 -- done
rank 15 | trajectory 39 of circuit 95 -- done
rank 75 | trajectory 119 of circuit 9 -- done
rank 38 | trajectory 138 of circuit 40 -- done
rank 98 | trajectory 106 of circuit 93 -- done
rank 15 | trajectory 145 of circuit 64 -- done
rank 15 | trajectory 49 of circuit 42 -- done
rank 15 | trajectory 132 of circuit 70 -- done
rank 25 | trajectory 9 of circuit 1 -- done
rank 15 | trajectory 126 of circuit 64 -- done
rank 71 | trajectory 31 of circuit 36 -- done
rank 15 | trajectory 90 of circuit 54 -- done
rank 15 | trajectory 178 of circuit 46 -- done
rank 57 | trajectory 112 of circuit 19 -- done
rank 7 | trajectory 185 of circuit 5 -- done
rank 98 | trajectory 163 of circuit 32 -- done
rank 19 | trajectory 169 of circuit 13 -- done
rank 70 | trajectory 137 of circuit 4 -- done
rank 15 | trajectory 159 of circuit 7 -- done
rank 88 | trajectory 50 of circuit 49 -- done
rank 98 | trajectory 3 of circuit 33 -- done
rank 15 | trajectory 119 of circuit 76 -- done
rank 19 | trajectory 131 of circuit 4 -- done
rank 26 | trajectory 146 of circuit 28 -- done
rank 76 | trajectory 179 of circuit 99 -- done
rank 98 | trajectory 167 of circuit 95 -- done
rank 19 | trajectory 130 of circuit 23 -- done
rank 20 | trajectory 160 of circuit 37 -- done
rank 15 | trajectory 187 of circuit 83 -- done
rank 19 | trajectory 152 of circuit 21 -- done
rank 19 | trajectory 180 of circuit 16 -- done
rank 15 | trajectory 124 of circuit 27 -- done
rank 19 | trajectory 141 of circuit 67 -- done
rank 29 | trajectory 129 of circuit 86 -- done
rank 38 | trajectory 64 of circuit 79 -- done
rank 22 | trajectory 78 of circuit 37 -- done
rank 45 | trajectory 51 of circuit 82 -- done
rank 19 | trajectory 24 of circuit 91 -- done
rank 75 | trajectory 38 of circuit 52 -- done
rank 58 | trajectory 73 of circuit 95 -- done
rank 43 | trajectory 166 of circuit 67 -- done
rank 71 | trajectory 7 of circuit 82 -- done
rank 15 | trajectory 157 of circuit 34 -- done
rank 98 | trajectory 96 of circuit 42 -- done
rank 19 | trajectory 181 of circuit 70 -- done
rank 14 | trajectory 147 of circuit 12 -- done
rank 32 | trajectory 19 of circuit 42 -- done
rank 19 | trajectory 139 of circuit 51 -- done
rank 25 | trajectory 103 of circuit 65 -- done
rank 70 | trajectory 8 of circuit 28 -- done
rank 86 | trajectory 83 of circuit 64 -- done
rank 77 | trajectory 131 of circuit 84 -- done
rank 19 | trajectory 33 of circuit 6 -- done
rank 57 | trajectory 132 of circuit 7 -- done
rank 76 | trajectory 170 of circuit 59 -- done
rank 98 | trajectory 12 of circuit 39 -- done
rank 80 | trajectory 66 of circuit 73 -- done
rank 86 | trajectory 60 of circuit 67 -- done
rank 84 | trajectory 92 of circuit 61 -- done
rank 28 | trajectory 187 of circuit 81 -- done
rank 86 | trajectory 21 of circuit 93 -- done
rank 28 | trajectory 18 of circuit 53 -- done
rank 98 | trajectory 79 of circuit 65 -- done
rank 86 | trajectory 106 of circuit 37 -- done
rank 11 | trajectory 43 of circuit 21 -- done
rank 53 | trajectory 50 of circuit 73 -- done
rank 29 | trajectory 132 of circuit 45 -- done
rank 34 | trajectory 61 of circuit 20 -- done
rank 11 | trajectory 123 of circuit 56 -- done
rank 86 | trajectory 13 of circuit 86 -- done
rank 22 | trajectory 168 of circuit 33 -- done
rank 91 | trajectory 153 of circuit 6 -- done
rank 38 | trajectory 170 of circuit 52 -- done
rank 86 | trajectory 166 of circuit 96 -- done
rank 87 | trajectory 163 of circuit 81 -- done
rank 71 | trajectory 15 of circuit 74 -- done
rank 86 | trajectory 28 of circuit 1 -- done
rank 11 | trajectory 5 of circuit 47 -- done
rank 32 | trajectory 132 of circuit 27 -- done
rank 98 | trajectory 17 of circuit 50 -- done
rank 91 | trajectory 24 of circuit 76 -- done
rank 11 | trajectory 183 of circuit 15 -- done
rank 11 | trajectory 13 of circuit 62 -- done
rank 86 | trajectory 147 of circuit 16 -- done
rank 14 | trajectory 136 of circuit 36 -- done
rank 28 | trajectory 94 of circuit 15 -- done
rank 91 | trajectory 1 of circuit 66 -- done
rank 11 | trajectory 137 of circuit 59 -- done
rank 45 | trajectory 98 of circuit 100 -- done
rank 70 | trajectory 4 of circuit 99 -- done
rank 21 | trajectory 174 of circuit 50 -- done
rank 11 | trajectory 40 of circuit 98 -- done
rank 86 | trajectory 77 of circuit 1 -- done
rank 10 | trajectory 4 of circuit 40 -- done
rank 11 | trajectory 21 of circuit 3 -- done
rank 91 | trajectory 12 of circuit 58 -- done
rank 75 | trajectory 123 of circuit 9 -- done
rank 86 | trajectory 48 of circuit 45 -- done
rank 11 | trajectory 129 of circuit 35 -- done
rank 98 | trajectory 168 of circuit 82 -- done
rank 91 | trajectory 154 of circuit 56 -- done
rank 53 | trajectory 45 of circuit 33 -- done
rank 11 | trajectory 112 of circuit 60 -- done
rank 25 | trajectory 47 of circuit 69 -- done
rank 91 | trajectory 4 of circuit 14 -- done
rank 86 | trajectory 70 of circuit 20 -- done
rank 26 | trajectory 2 of circuit 13 -- done
rank 20 | trajectory 132 of circuit 89 -- done
rank 11 | trajectory 151 of circuit 97 -- done
rank 91 | trajectory 98 of circuit 41 -- done
rank 80 | trajectory 178 of circuit 89 -- done
rank 95 | trajectory 18 of circuit 31 -- done
rank 11 | trajectory 16 of circuit 31 -- done
rank 91 | trajectory 76 of circuit 3 -- done
rank 86 | trajectory 128 of circuit 87 -- done
rank 98 | trajectory 55 of circuit 23 -- done
rank 53 | trajectory 91 of circuit 71 -- done
rank 11 | trajectory 127 of circuit 6 -- done
rank 91 | trajectory 119 of circuit 78 -- done
rank 86 | trajectory 81 of circuit 13 -- done
rank 91 | trajectory 79 of circuit 42 -- done
rank 11 | trajectory 135 of circuit 7 -- done
rank 40 | trajectory 162 of circuit 81 -- done
rank 86 | trajectory 12 of circuit 93 -- done
rank 61 | trajectory 117 of circuit 87 -- done
rank 34 | trajectory 170 of circuit 92 -- done
rank 91 | trajectory 172 of circuit 75 -- done
rank 86 | trajectory 93 of circuit 98 -- done
rank 84 | trajectory 143 of circuit 7 -- done
rank 86 | trajectory 47 of circuit 20 -- done
rank 91 | trajectory 157 of circuit 60 -- done
rank 32 | trajectory 185 of circuit 1 -- done
rank 87 | trajectory 68 of circuit 48 -- done
rank 30 | trajectory 153 of circuit 16 -- done
rank 22 | trajectory 139 of circuit 100 -- done
rank 98 | trajectory 26 of circuit 36 -- done
rank 86 | trajectory 119 of circuit 53 -- done
rank 45 | trajectory 178 of circuit 19 -- done
rank 58 | trajectory 36 of circuit 78 -- done
rank 11 | trajectory 33 of circuit 86 -- done
rank 91 | trajectory 7 of circuit 77 -- done
rank 81 | trajectory 17 of circuit 60 -- done
rank 29 | trajectory 127 of circuit 32 -- done
rank 98 | trajectory 181 of circuit 16 -- done
rank 14 | trajectory 176 of circuit 79 -- done
rank 91 | trajectory 175 of circuit 99 -- done
rank 86 | trajectory 30 of circuit 96 -- done
rank 53 | trajectory 9 of circuit 49 -- done
rank 91 | trajectory 126 of circuit 14 -- done
rank 17 | trajectory 118 of circuit 38 -- done
rank 91 | trajectory 142 of circuit 29 -- done
rank 80 | trajectory 53 of circuit 90 -- done
rank 38 | trajectory 159 of circuit 14 -- done
rank 26 | trajectory 164 of circuit 53 -- done
rank 43 | trajectory 91 of circuit 52 -- done
rank 91 | trajectory 114 of circuit 49 -- done
rank 86 | trajectory 154 of circuit 19 -- done
rank 91 | trajectory 127 of circuit 41 -- done
rank 98 | trajectory 158 of circuit 12 -- done
rank 20 | trajectory 152 of circuit 88 -- done
rank 91 | trajectory 150 of circuit 32 -- done
rank 91 | trajectory 95 of circuit 40 -- done
rank 40 | trajectory 127 of circuit 27 -- done
rank 22 | trajectory 66 of circuit 35 -- done
rank 45 | trajectory 174 of circuit 55 -- done
rank 86 | trajectory 63 of circuit 5 -- done
rank 32 | trajectory 30 of circuit 83 -- done
rank 58 | trajectory 187 of circuit 25 -- done
rank 98 | trajectory 84 of circuit 55 -- done
rank 81 | trajectory 5 of circuit 87 -- done
rank 2 | trajectory 61 of circuit 82 -- done
rank 75 | trajectory 97 of circuit 32 -- done
rank 91 | trajectory 10 of circuit 9 -- done
rank 53 | trajectory 75 of circuit 75 -- done
rank 2 | trajectory 74 of circuit 57 -- done
rank 98 | trajectory 143 of circuit 27 -- done
rank 86 | trajectory 7 of circuit 74 -- done
rank 91 | trajectory 191 of circuit 47 -- done
rank 86 | trajectory 132 of circuit 75 -- done
rank 29 | trajectory 121 of circuit 75 -- done
rank 2 | trajectory 60 of circuit 33 -- done
rank 87 | trajectory 31 of circuit 67 -- done
rank 11 | trajectory 152 of circuit 53 -- done
rank 30 | trajectory 143 of circuit 15 -- done
rank 2 | trajectory 191 of circuit 53 -- done
rank 2 | trajectory 83 of circuit 43 -- done
rank 26 | trajectory 44 of circuit 87 -- done
rank 2 | trajectory 96 of circuit 43 -- done
rank 7 | trajectory 17 of circuit 5 -- done
rank 2 | trajectory 25 of circuit 42 -- done
rank 61 | trajectory 124 of circuit 59 -- done
rank 91 | trajectory 93 of circuit 4 -- done
rank 2 | trajectory 97 of circuit 28 -- done
rank 34 | trajectory 37 of circuit 21 -- done
rank 2 | trajectory 179 of circuit 29 -- done
rank 38 | trajectory 66 of circuit 91 -- done
rank 64 | trajectory 1 of circuit 35 -- done
rank 80 | trajectory 152 of circuit 2 -- done
rank 22 | trajectory 5 of circuit 66 -- done
rank 95 | trajectory 58 of circuit 22 -- done
rank 2 | trajectory 54 of circuit 80 -- done
rank 86 | trajectory 17 of circuit 82 -- done
rank 17 | trajectory 72 of circuit 66 -- done
rank 2 | trajectory 34 of circuit 56 -- done
rank 88 | trajectory 51 of circuit 43 -- done
rank 91 | trajectory 170 of circuit 6 -- done
rank 2 | trajectory 126 of circuit 84 -- done
rank 20 | trajectory 136 of circuit 76 -- done
rank 2 | trajectory 116 of circuit 7 -- done
rank 32 | trajectory 33 of circuit 57 -- done
rank 91 | trajectory 5 of circuit 20 -- done
rank 45 | trajectory 140 of circuit 15 -- done
rank 43 | trajectory 184 of circuit 9 -- done
rank 2 | trajectory 104 of circuit 86 -- done
rank 91 | trajectory 19 of circuit 53 -- done
rank 53 | trajectory 43 of circuit 16 -- done
rank 58 | trajectory 64 of circuit 19 -- done
rank 53 | trajectory 111 of circuit 22 -- done
rank 91 | trajectory 138 of circuit 41 -- done
rank 29 | trajectory 189 of circuit 90 -- done
rank 75 | trajectory 103 of circuit 12 -- done
rank 33 | trajectory 29 of circuit 2 -- done
rank 30 | trajectory 109 of circuit 17 -- done
rank 2 | trajectory 63 of circuit 94 -- done
rank 86 | trajectory 44 of circuit 30 -- done
rank 53 | trajectory 170 of circuit 87 -- done
rank 61 | trajectory 82 of circuit 52 -- done
rank 38 | trajectory 140 of circuit 29 -- done
rank 91 | trajectory 43 of circuit 53 -- done
rank 22 | trajectory 154 of circuit 82 -- done
rank 87 | trajectory 123 of circuit 4 -- done
rank 19 | trajectory 29 of circuit 24 -- done
rank 72 | trajectory 172 of circuit 67 -- done
rank 34 | trajectory 68 of circuit 80 -- done
rank 91 | trajectory 137 of circuit 61 -- done
rank 26 | trajectory 137 of circuit 78 -- done
rank 20 | trajectory 175 of circuit 70 -- done
rank 18 | trajectory 39 of circuit 67 -- done
rank 86 | trajectory 139 of circuit 94 -- done
rank 95 | trajectory 148 of circuit 66 -- done
rank 91 | trajectory 52 of circuit 93 -- done
rank 32 | trajectory 44 of circuit 28 -- done
rank 91 | trajectory 148 of circuit 68 -- done
rank 81 | trajectory 4 of circuit 76 -- done
rank 58 | trajectory 114 of circuit 50 -- done
rank 77 | trajectory 58 of circuit 16 -- done
rank 91 | trajectory 8 of circuit 41 -- done
rank 86 | trajectory 129 of circuit 32 -- done
rank 91 | trajectory 68 of circuit 61 -- done
rank 19 | trajectory 57 of circuit 18 -- done
rank 70 | trajectory 77 of circuit 12 -- done
rank 61 | trajectory 91 of circuit 11 -- done
rank 10 | trajectory 173 of circuit 30 -- done
rank 26 | trajectory 114 of circuit 31 -- done
rank 75 | trajectory 156 of circuit 24 -- done
rank 14 | trajectory 180 of circuit 68 -- done
rank 80 | trajectory 20 of circuit 88 -- done
rank 40 | trajectory 110 of circuit 22 -- done
rank 91 | trajectory 61 of circuit 5 -- done
rank 34 | trajectory 163 of circuit 2 -- done
rank 87 | trajectory 91 of circuit 58 -- done
rank 86 | trajectory 110 of circuit 91 -- done
rank 58 | trajectory 102 of circuit 63 -- done
rank 30 | trajectory 82 of circuit 2 -- done
rank 86 | trajectory 18 of circuit 22 -- done
rank 91 | trajectory 42 of circuit 31 -- done
rank 8 | trajectory 136 of circuit 77 -- done
rank 26 | trajectory 105 of circuit 1 -- done
rank 81 | trajectory 8 of circuit 95 -- done
rank 20 | trajectory 65 of circuit 58 -- done
rank 77 | trajectory 45 of circuit 39 -- done
rank 86 | trajectory 153 of circuit 7 -- done
rank 32 | trajectory 29 of circuit 10 -- done
rank 14 | trajectory 151 of circuit 12 -- done
rank 75 | trajectory 88 of circuit 60 -- done
rank 58 | trajectory 157 of circuit 97 -- done
rank 95 | trajectory 103 of circuit 47 -- done
rank 86 | trajectory 53 of circuit 44 -- done
rank 91 | trajectory 155 of circuit 83 -- done
rank 87 | trajectory 98 of circuit 72 -- done
rank 86 | trajectory 97 of circuit 71 -- done
rank 44 | trajectory 188 of circuit 79 -- done
rank 26 | trajectory 90 of circuit 11 -- done
rank 30 | trajectory 192 of circuit 64 -- done
rank 34 | trajectory 26 of circuit 7 -- done
rank 50 | trajectory 117 of circuit 27 -- done
rank 91 | trajectory 110 of circuit 59 -- done
rank 86 | trajectory 19 of circuit 46 -- done
rank 50 | trajectory 84 of circuit 53 -- done
rank 21 | trajectory 12 of circuit 54 -- done
rank 19 | trajectory 22 of circuit 6 -- done
rank 81 | trajectory 49 of circuit 78 -- done
rank 50 | trajectory 128 of circuit 68 -- done
rank 14 | trajectory 186 of circuit 59 -- done
rank 32 | trajectory 92 of circuit 47 -- done
rank 17 | trajectory 158 of circuit 47 -- done
rank 91 | trajectory 149 of circuit 60 -- done
rank 68 | trajectory 125 of circuit 97 -- done
rank 86 | trajectory 2 of circuit 70 -- done
rank 50 | trajectory 102 of circuit 59 -- done
rank 75 | trajectory 106 of circuit 76 -- done
rank 80 | trajectory 128 of circuit 77 -- done
rank 50 | trajectory 176 of circuit 87 -- done
rank 58 | trajectory 182 of circuit 74 -- done
rank 86 | trajectory 52 of circuit 21 -- done
rank 64 | trajectory 106 of circuit 1 -- done
rank 50 | trajectory 43 of circuit 92 -- done
rank 79 | trajectory 146 of circuit 19 -- done
rank 31 | trajectory 16 of circuit 2 -- done
rank 31 | trajectory 92 of circuit 89 -- done
rank 38 | trajectory 44 of circuit 8 -- done
rank 31 | trajectory 56 of circuit 4 -- done
rank 30 | trajectory 123 of circuit 45 -- done
rank 91 | trajectory 86 of circuit 63 -- done
rank 31 | trajectory 32 of circuit 43 -- done
rank 86 | trajectory 173 of circuit 40 -- done
rank 31 | trajectory 115 of circuit 79 -- done
rank 50 | trajectory 162 of circuit 41 -- done
rank 88 | trajectory 153 of circuit 61 -- done
rank 31 | trajectory 137 of circuit 48 -- done
rank 34 | trajectory 113 of circuit 83 -- done
rank 91 | trajectory 103 of circuit 79 -- done
rank 31 | trajectory 99 of circuit 98 -- done
rank 31 | trajectory 138 of circuit 49 -- done
rank 33 | trajectory 142 of circuit 25 -- done
rank 31 | trajectory 119 of circuit 49 -- done
rank 86 | trajectory 86 of circuit 89 -- done
rank 2 | trajectory 107 of circuit 1 -- done
rank 31 | trajectory 102 of circuit 77 -- done
rank 80 | trajectory 44 of circuit 67 -- done
rank 81 | trajectory 94 of circuit 93 -- done
rank 32 | trajectory 75 of circuit 15 -- done
rank 31 | trajectory 162 of circuit 45 -- done
rank 21 | trajectory 2 of circuit 73 -- done
rank 91 | trajectory 78 of circuit 34 -- done
rank 86 | trajectory 11 of circuit 55 -- done
rank 31 | trajectory 73 of circuit 17 -- done
rank 87 | trajectory 18 of circuit 33 -- done
rank 50 | trajectory 85 of circuit 53 -- done
rank 31 | trajectory 169 of circuit 5 -- done
rank 86 | trajectory 187 of circuit 84 -- done
rank 31 | trajectory 171 of circuit 18 -- done
rank 31 | trajectory 50 of circuit 29 -- done
rank 72 | trajectory 126 of circuit 12 -- done
rank 31 | trajectory 62 of circuit 6 -- done
rank 18 | trajectory 67 of circuit 34 -- done
rank 86 | trajectory 151 of circuit 88 -- done
rank 91 | trajectory 45 of circuit 24 -- done
rank 31 | trajectory 107 of circuit 10 -- done
rank 44 | trajectory 162 of circuit 31 -- done
rank 64 | trajectory 165 of circuit 53 -- done
rank 31 | trajectory 132 of circuit 59 -- done
rank 38 | trajectory 25 of circuit 3 -- done
rank 86 | trajectory 135 of circuit 24 -- done
rank 31 | trajectory 54 of circuit 39 -- done
rank 70 | trajectory 144 of circuit 5 -- done
rank 58 | trajectory 39 of circuit 41 -- done
rank 86 | trajectory 178 of circuit 72 -- done
rank 42 | trajectory 70 of circuit 81 -- done
rank 31 | trajectory 72 of circuit 93 -- done
rank 30 | trajectory 21 of circuit 65 -- done
rank 31 | trajectory 61 of circuit 23 -- done
rank 79 | trajectory 95 of circuit 63 -- done
rank 80 | trajectory 19 of circuit 33 -- done
rank 31 | trajectory 36 of circuit 18 -- done
rank 81 | trajectory 19 of circuit 45 -- done
rank 34 | trajectory 73 of circuit 26 -- done
rank 32 | trajectory 143 of circuit 29 -- done
rank 87 | trajectory 113 of circuit 25 -- done
rank 2 | trajectory 150 of circuit 65 -- done
rank 31 | trajectory 34 of circuit 87 -- done
rank 56 | trajectory 159 of circuit 89 -- done
rank 31 | trajectory 147 of circuit 50 -- done
rank 2 | trajectory 73 of circuit 73 -- done
rank 31 | trajectory 47 of circuit 49 -- done
rank 31 | trajectory 128 of circuit 82 -- done
rank 91 | trajectory 164 of circuit 84 -- done
rank 91 | trajectory 65 of circuit 1 -- done
rank 38 | trajectory 43 of circuit 40 -- done
rank 2 | trajectory 168 of circuit 15 -- done
rank 91 | trajectory 6 of circuit 58 -- done
rank 58 | trajectory 85 of circuit 63 -- done
rank 26 | trajectory 43 of circuit 59 -- done
rank 91 | trajectory 40 of circuit 39 -- done
rank 64 | trajectory 103 of circuit 72 -- done
rank 2 | trajectory 71 of circuit 87 -- done
rank 10 | trajectory 156 of circuit 12 -- done
rank 91 | trajectory 146 of circuit 61 -- done
rank 44 | trajectory 106 of circuit 95 -- done
rank 19 | trajectory 163 of circuit 69 -- done
rank 30 | trajectory 66 of circuit 90 -- done
rank 72 | trajectory 145 of circuit 34 -- done
rank 79 | trajectory 123 of circuit 20 -- done
rank 80 | trajectory 92 of circuit 4 -- done
rank 81 | trajectory 155 of circuit 59 -- done
rank 2 | trajectory 184 of circuit 98 -- done
rank 18 | trajectory 37 of circuit 29 -- done
rank 34 | trajectory 90 of circuit 66 -- done
rank 86 | trajectory 133 of circuit 96 -- done
rank 80 | trajectory 105 of circuit 37 -- done
rank 34 | trajectory 160 of circuit 16 -- done
rank 70 | trajectory 146 of circuit 70 -- done
rank 42 | trajectory 2 of circuit 2 -- done
rank 40 | trajectory 34 of circuit 38 -- done
rank 32 | trajectory 148 of circuit 61 -- done
rank 80 | trajectory 169 of circuit 47 -- done
rank 2 | trajectory 69 of circuit 100 -- done
rank 66 | trajectory 5 of circuit 69 -- done
rank 56 | trajectory 16 of circuit 82 -- done
rank 38 | trajectory 99 of circuit 28 -- done
rank 34 | trajectory 78 of circuit 74 -- done
rank 86 | trajectory 182 of circuit 94 -- done
rank 91 | trajectory 181 of circuit 73 -- done
rank 10 | trajectory 32 of circuit 58 -- done
rank 19 | trajectory 161 of circuit 53 -- done
rank 10 | trajectory 59 of circuit 62 -- done
rank 10 | trajectory 5 of circuit 42 -- done
rank 25 | trajectory 183 of circuit 29 -- done
rank 64 | trajectory 151 of circuit 90 -- done
rank 79 | trajectory 30 of circuit 93 -- done
rank 81 | trajectory 116 of circuit 49 -- done
rank 70 | trajectory 49 of circuit 45 -- done
rank 80 | trajectory 121 of circuit 78 -- done
rank 18 | trajectory 146 of circuit 66 -- done
rank 44 | trajectory 168 of circuit 48 -- done
rank 86 | trajectory 107 of circuit 29 -- done
rank 34 | trajectory 186 of circuit 81 -- done
rank 61 | trajectory 72 of circuit 58 -- done
rank 42 | trajectory 23 of circuit 7 -- done
rank 32 | trajectory 80 of circuit 79 -- done
rank 40 | trajectory 111 of circuit 93 -- done
rank 72 | trajectory 84 of circuit 21 -- done
rank 19 | trajectory 135 of circuit 52 -- done
rank 91 | trajectory 117 of circuit 77 -- done
rank 26 | trajectory 68 of circuit 69 -- done
rank 10 | trajectory 8 of circuit 16 -- done
rank 92 | trajectory 19 of circuit 96 -- done
rank 56 | trajectory 125 of circuit 66 -- done
rank 14 | trajectory 123 of circuit 62 -- done
rank 64 | trajectory 168 of circuit 41 -- done
rank 25 | trajectory 178 of circuit 68 -- done
rank 87 | trajectory 73 of circuit 70 -- done
rank 70 | trajectory 179 of circuit 96 -- done
rank 2 | trajectory 178 of circuit 15 -- done
rank 65 | trajectory 133 of circuit 62 -- done
rank 81 | trajectory 124 of circuit 70 -- done
rank 42 | trajectory 6 of circuit 73 -- done
rank 91 | trajectory 29 of circuit 32 -- done
rank 62 | trajectory 152 of circuit 42 -- done
rank 61 | trajectory 29 of circuit 66 -- done
rank 91 | trajectory 133 of circuit 67 -- done
rank 33 | trajectory 25 of circuit 24 -- done
rank 38 | trajectory 122 of circuit 4 -- done
rank 86 | trajectory 73 of circuit 53 -- done
rank 44 | trajectory 120 of circuit 84 -- done
rank 34 | trajectory 102 of circuit 94 -- done
rank 86 | trajectory 148 of circuit 67 -- done
rank 32 | trajectory 107 of circuit 44 -- done
rank 16 | trajectory 87 of circuit 97 -- done
rank 16 | trajectory 191 of circuit 46 -- done
rank 76 | trajectory 174 of circuit 59 -- done
rank 26 | trajectory 103 of circuit 90 -- done
rank 63 | trajectory 65 of circuit 43 -- done
rank 48 | trajectory 11 of circuit 26 -- done
rank 16 | trajectory 18 of circuit 100 -- done
rank 40 | trajectory 89 of circuit 2 -- done
rank 16 | trajectory 97 of circuit 98 -- done
rank 80 | trajectory 73 of circuit 7 -- done
rank 10 | trajectory 192 of circuit 26 -- done
rank 19 | trajectory 48 of circuit 59 -- done
rank 10 | trajectory 85 of circuit 96 -- done
rank 16 | trajectory 1 of circuit 65 -- done
rank 56 | trajectory 138 of circuit 10 -- done
rank 16 | trajectory 46 of circuit 52 -- done
rank 26 | trajectory 84 of circuit 63 -- done
rank 64 | trajectory 178 of circuit 66 -- done
rank 10 | trajectory 14 of circuit 51 -- done
rank 16 | trajectory 42 of circuit 41 -- done
rank 81 | trajectory 128 of circuit 3 -- done
rank 16 | trajectory 80 of circuit 9 -- done
rank 10 | trajectory 19 of circuit 57 -- done
rank 61 | trajectory 56 of circuit 26 -- done
rank 16 | trajectory 78 of circuit 52 -- done
rank 10 | trajectory 69 of circuit 87 -- done
rank 16 | trajectory 182 of circuit 50 -- done
rank 25 | trajectory 81 of circuit 87 -- done
rank 10 | trajectory 20 of circuit 44 -- done
rank 70 | trajectory 94 of circuit 29 -- done
rank 44 | trajectory 146 of circuit 21 -- done
rank 16 | trajectory 177 of circuit 86 -- done
rank 10 | trajectory 80 of circuit 4 -- done
rank 10 | trajectory 29 of circuit 85 -- done
rank 91 | trajectory 80 of circuit 34 -- done
rank 42 | trajectory 133 of circuit 50 -- done
rank 16 | trajectory 59 of circuit 94 -- done
rank 65 | trajectory 7 of circuit 34 -- done
rank 72 | trajectory 36 of circuit 17 -- done
rank 10 | trajectory 89 of circuit 36 -- done
rank 16 | trajectory 174 of circuit 69 -- done
rank 76 | trajectory 113 of circuit 50 -- done
rank 10 | trajectory 93 of circuit 87 -- done
rank 16 | trajectory 169 of circuit 81 -- done
rank 10 | trajectory 92 of circuit 49 -- done
rank 38 | trajectory 184 of circuit 37 -- done
rank 10 | trajectory 145 of circuit 72 -- done
rank 19 | trajectory 47 of circuit 61 -- done
rank 62 | trajectory 3 of circuit 71 -- done
rank 9 | trajectory 132 of circuit 99 -- done
rank 33 | trajectory 184 of circuit 46 -- done
rank 40 | trajectory 120 of circuit 92 -- done
rank 10 | trajectory 70 of circuit 13 -- done
rank 80 | trajectory 72 of circuit 33 -- done
rank 10 | trajectory 171 of circuit 38 -- done
rank 79 | trajectory 27 of circuit 15 -- done
rank 56 | trajectory 17 of circuit 25 -- done
rank 30 | trajectory 139 of circuit 17 -- done
rank 31 | trajectory 86 of circuit 29 -- done
rank 74 | trajectory 56 of circuit 10 -- done
rank 26 | trajectory 72 of circuit 100 -- done
rank 66 | trajectory 45 of circuit 17 -- done
rank 61 | trajectory 112 of circuit 79 -- done
rank 41 | trajectory 139 of circuit 95 -- done
rank 63 | trajectory 33 of circuit 12 -- done
rank 81 | trajectory 79 of circuit 86 -- done
rank 65 | trajectory 17 of circuit 27 -- done
rank 42 | trajectory 9 of circuit 98 -- done
rank 44 | trajectory 94 of circuit 62 -- done
rank 38 | trajectory 13 of circuit 43 -- done
rank 16 | trajectory 176 of circuit 23 -- done
rank 72 | trajectory 159 of circuit 9 -- done
rank 19 | trajectory 121 of circuit 16 -- done
rank 91 | trajectory 116 of circuit 1 -- done
rank 76 | trajectory 56 of circuit 61 -- done
rank 74 | trajectory 106 of circuit 23 -- done
rank 9 | trajectory 149 of circuit 49 -- done
rank 80 | trajectory 87 of circuit 34 -- done
rank 87 | trajectory 87 of circuit 8 -- done
rank 26 | trajectory 152 of circuit 5 -- done
rank 73 | trajectory 48 of circuit 54 -- done
rank 30 | trajectory 91 of circuit 45 -- done
rank 56 | trajectory 90 of circuit 76 -- done
rank 91 | trajectory 168 of circuit 36 -- done
rank 32 | trajectory 68 of circuit 92 -- done
rank 4 | trajectory 32 of circuit 55 -- done
rank 23 | trajectory 60 of circuit 50 -- done
rank 14 | trajectory 51 of circuit 49 -- done
rank 4 | trajectory 43 of circuit 86 -- done
rank 18 | trajectory 34 of circuit 99 -- done
rank 4 | trajectory 6 of circuit 42 -- done
rank 44 | trajectory 111 of circuit 32 -- done
rank 41 | trajectory 117 of circuit 95 -- done
rank 4 | trajectory 72 of circuit 42 -- done
rank 65 | trajectory 79 of circuit 37 -- done
rank 33 | trajectory 76 of circuit 29 -- done
rank 91 | trajectory 130 of circuit 20 -- done
rank 81 | trajectory 60 of circuit 94 -- done
rank 4 | trajectory 145 of circuit 68 -- done
rank 42 | trajectory 11 of circuit 9 -- done
rank 4 | trajectory 189 of circuit 21 -- done
rank 19 | trajectory 17 of circuit 37 -- done
rank 4 | trajectory 17 of circuit 24 -- done
rank 72 | trajectory 54 of circuit 85 -- done
rank 4 | trajectory 94 of circuit 56 -- done
rank 63 | trajectory 15 of circuit 77 -- done
rank 76 | trajectory 156 of circuit 21 -- done
rank 28 | trajectory 114 of circuit 32 -- done
rank 4 | trajectory 89 of circuit 35 -- done
rank 30 | trajectory 10 of circuit 28 -- done
rank 74 | trajectory 104 of circuit 41 -- done
rank 4 | trajectory 107 of circuit 36 -- done
rank 26 | trajectory 167 of circuit 4 -- done
rank 73 | trajectory 182 of circuit 15 -- done
rank 92 | trajectory 103 of circuit 91 -- done
rank 7 | trajectory 27 of circuit 40 -- done
rank 4 | trajectory 161 of circuit 28 -- done
rank 8 | trajectory 58 of circuit 3 -- done
rank 91 | trajectory 183 of circuit 86 -- done
rank 32 | trajectory 100 of circuit 86 -- done
rank 23 | trajectory 53 of circuit 40 -- done
rank 64 | trajectory 146 of circuit 31 -- done
rank 4 | trajectory 13 of circuit 32 -- done
rank 41 | trajectory 79 of circuit 98 -- done
rank 87 | trajectory 167 of circuit 35 -- done
rank 81 | trajectory 152 of circuit 47 -- done
rank 44 | trajectory 149 of circuit 38 -- done
rank 56 | trajectory 67 of circuit 4 -- done
rank 68 | trajectory 90 of circuit 14 -- done
rank 4 | trajectory 90 of circuit 46 -- done
rank 4 | trajectory 65 of circuit 40 -- done
rank 65 | trajectory 123 of circuit 36 -- done
rank 4 | trajectory 71 of circuit 38 -- done
rank 28 | trajectory 77 of circuit 7 -- done
rank 19 | trajectory 41 of circuit 62 -- done
rank 76 | trajectory 180 of circuit 2 -- done
rank 42 | trajectory 37 of circuit 100 -- done
rank 86 | trajectory 26 of circuit 40 -- done
rank 26 | trajectory 73 of circuit 83 -- done
rank 33 | trajectory 134 of circuit 93 -- done
rank 4 | trajectory 118 of circuit 14 -- done
rank 26 | trajectory 70 of circuit 80 -- done
rank 74 | trajectory 11 of circuit 25 -- done
rank 30 | trajectory 145 of circuit 41 -- done
rank 48 | trajectory 5 of circuit 9 -- done
rank 15 | trajectory 54 of circuit 45 -- done
rank 4 | trajectory 57 of circuit 80 -- done
rank 41 | trajectory 187 of circuit 54 -- done
rank 7 | trajectory 86 of circuit 10 -- done
rank 26 | trajectory 121 of circuit 33 -- done
rank 32 | trajectory 6 of circuit 81 -- done
rank 92 | trajectory 81 of circuit 94 -- done
rank 63 | trajectory 187 of circuit 22 -- done
rank 73 | trajectory 124 of circuit 51 -- done
rank 23 | trajectory 175 of circuit 76 -- done
rank 64 | trajectory 102 of circuit 11 -- done
rank 44 | trajectory 76 of circuit 53 -- done
rank 81 | trajectory 15 of circuit 75 -- done
rank 56 | trajectory 35 of circuit 90 -- done
rank 4 | trajectory 76 of circuit 32 -- done
rank 25 | trajectory 74 of circuit 94 -- done
rank 87 | trajectory 11 of circuit 85 -- done
rank 76 | trajectory 105 of circuit 17 -- done
rank 19 | trajectory 6 of circuit 25 -- done
rank 4 | trajectory 3 of circuit 52 -- done
rank 74 | trajectory 92 of circuit 98 -- done
rank 66 | trajectory 191 of circuit 77 -- done
rank 30 | trajectory 119 of circuit 61 -- done
rank 42 | trajectory 20 of circuit 8 -- done
rank 2 | trajectory 156 of circuit 58 -- done
rank 79 | trajectory 56 of circuit 22 -- done
rank 48 | trajectory 29 of circuit 92 -- done
rank 4 | trajectory 39 of circuit 20 -- done
rank 92 | trajectory 127 of circuit 4 -- done
rank 33 | trajectory 167 of circuit 72 -- done
rank 65 | trajectory 35 of circuit 61 -- done
rank 73 | trajectory 108 of circuit 59 -- done
rank 71 | trajectory 6 of circuit 20 -- done
rank 32 | trajectory 165 of circuit 71 -- done
rank 18 | trajectory 74 of circuit 59 -- done
rank 23 | trajectory 90 of circuit 87 -- done
rank 40 | trajectory 19 of circuit 31 -- done
rank 26 | trajectory 61 of circuit 30 -- done
rank 81 | trajectory 148 of circuit 62 -- done
rank 7 | trajectory 70 of circuit 17 -- done
rank 44 | trajectory 107 of circuit 40 -- done
rank 4 | trajectory 97 of circuit 31 -- done
rank 41 | trajectory 186 of circuit 100 -- done
rank 25 | trajectory 96 of circuit 81 -- done
rank 62 | trajectory 90 of circuit 27 -- done
rank 63 | trajectory 73 of circuit 38 -- done
rank 76 | trajectory 147 of circuit 30 -- done
rank 49 | trajectory 124 of circuit 45 -- done
rank 4 | trajectory 25 of circuit 83 -- done
rank 42 | trajectory 40 of circuit 7 -- done
rank 30 | trajectory 180 of circuit 21 -- done
rank 87 | trajectory 79 of circuit 25 -- done
rank 64 | trajectory 120 of circuit 4 -- done
rank 19 | trajectory 119 of circuit 97 -- done
rank 48 | trajectory 103 of circuit 6 -- done
rank 4 | trajectory 137 of circuit 26 -- done
rank 11 | trajectory 165 of circuit 47 -- done
rank 32 | trajectory 116 of circuit 100 -- done
rank 56 | trajectory 103 of circuit 45 -- done
rank 2 | trajectory 145 of circuit 80 -- done
rank 65 | trajectory 126 of circuit 27 -- done
rank 72 | trajectory 119 of circuit 70 -- done
rank 74 | trajectory 47 of circuit 97 -- done
rank 66 | trajectory 79 of circuit 14 -- done
rank 79 | trajectory 168 of circuit 44 -- done
rank 4 | trajectory 4 of circuit 8 -- done
rank 26 | trajectory 129 of circuit 30 -- done
rank 23 | trajectory 165 of circuit 28 -- done
rank 73 | trajectory 14 of circuit 3 -- done
rank 9 | trajectory 97 of circuit 85 -- done
rank 7 | trajectory 13 of circuit 33 -- done
rank 4 | trajectory 114 of circuit 52 -- done
rank 8 | trajectory 74 of circuit 17 -- done
rank 44 | trajectory 89 of circuit 78 -- done
rank 16 | trajectory 49 of circuit 43 -- done
rank 41 | trajectory 32 of circuit 82 -- done
rank 18 | trajectory 76 of circuit 4 -- done
rank 30 | trajectory 133 of circuit 4 -- done
rank 81 | trajectory 57 of circuit 20 -- done
rank 4 | trajectory 29 of circuit 9 -- done
rank 71 | trajectory 136 of circuit 45 -- done
rank 76 | trajectory 59 of circuit 52 -- done
rank 63 | trajectory 23 of circuit 38 -- done
rank 42 | trajectory 155 of circuit 82 -- done
rank 4 | trajectory 75 of circuit 30 -- done
rank 79 | trajectory 65 of circuit 46 -- done
rank 64 | trajectory 25 of circuit 2 -- done
rank 19 | trajectory 59 of circuit 97 -- done
rank 72 | trajectory 116 of circuit 81 -- done
rank 54 | trajectory 104 of circuit 53 -- done
rank 65 | trajectory 1 of circuit 33 -- done
rank 32 | trajectory 119 of circuit 65 -- done
rank 56 | trajectory 114 of circuit 87 -- done
rank 74 | trajectory 112 of circuit 81 -- done
rank 4 | trajectory 192 of circuit 42 -- done
rank 54 | trajectory 27 of circuit 21 -- done
rank 23 | trajectory 178 of circuit 87 -- done
rank 4 | trajectory 100 of circuit 10 -- done
rank 26 | trajectory 185 of circuit 77 -- done
rank 54 | trajectory 150 of circuit 64 -- done
rank 49 | trajectory 35 of circuit 30 -- done
rank 23 | trajectory 51 of circuit 75 -- done
rank 48 | trajectory 89 of circuit 66 -- done
rank 15 | trajectory 181 of circuit 34 -- done
rank 4 | trajectory 155 of circuit 71 -- done
rank 45 | trajectory 123 of circuit 77 -- done
rank 66 | trajectory 80 of circuit 80 -- done
rank 4 | trajectory 150 of circuit 57 -- done
rank 54 | trajectory 157 of circuit 54 -- done
rank 30 | trajectory 27 of circuit 26 -- done
rank 81 | trajectory 11 of circuit 13 -- done
rank 71 | trajectory 61 of circuit 55 -- done
rank 42 | trajectory 30 of circuit 52 -- done
rank 68 | trajectory 58 of circuit 46 -- done
rank 2 | trajectory 30 of circuit 69 -- done
rank 4 | trajectory 134 of circuit 22 -- done
rank 73 | trajectory 110 of circuit 55 -- done
rank 18 | trajectory 107 of circuit 48 -- done
rank 54 | trajectory 34 of circuit 85 -- done
rank 4 | trajectory 119 of circuit 84 -- done
rank 41 | trajectory 160 of circuit 48 -- done
rank 54 | trajectory 142 of circuit 45 -- done
rank 54 | trajectory 105 of circuit 53 -- done
rank 4 | trajectory 129 of circuit 73 -- done
rank 63 | trajectory 26 of circuit 68 -- done
rank 44 | trajectory 40 of circuit 60 -- done
rank 54 | trajectory 148 of circuit 75 -- done
rank 79 | trajectory 45 of circuit 63 -- done
rank 23 | trajectory 187 of circuit 9 -- done
rank 8 | trajectory 65 of circuit 56 -- done
rank 7 | trajectory 11 of circuit 62 -- done
rank 54 | trajectory 187 of circuit 39 -- done
rank 32 | trajectory 176 of circuit 61 -- done
rank 84 | trajectory 24 of circuit 16 -- done
rank 54 | trajectory 87 of circuit 74 -- done
rank 54 | trajectory 159 of circuit 47 -- done
rank 92 | trajectory 120 of circuit 45 -- done
rank 54 | trajectory 84 of circuit 56 -- done
rank 4 | trajectory 152 of circuit 30 -- done
rank 54 | trajectory 13 of circuit 9 -- done
rank 48 | trajectory 102 of circuit 12 -- done
rank 74 | trajectory 180 of circuit 48 -- done
rank 54 | trajectory 26 of circuit 89 -- done
rank 53 | trajectory 140 of circuit 11 -- done
rank 19 | trajectory 145 of circuit 22 -- done
rank 56 | trajectory 38 of circuit 79 -- done
rank 54 | trajectory 62 of circuit 67 -- done
rank 26 | trajectory 170 of circuit 13 -- done
rank 23 | trajectory 95 of circuit 82 -- done
rank 30 | trajectory 115 of circuit 15 -- done
rank 54 | trajectory 185 of circuit 58 -- done
rank 65 | trajectory 75 of circuit 25 -- done
rank 4 | trajectory 5 of circuit 94 -- done
rank 81 | trajectory 84 of circuit 22 -- done
rank 73 | trajectory 168 of circuit 91 -- done
rank 43 | trajectory 87 of circuit 59 -- done
rank 18 | trajectory 13 of circuit 39 -- done
rank 64 | trajectory 95 of circuit 28 -- done
rank 54 | trajectory 102 of circuit 82 -- done
rank 71 | trajectory 190 of circuit 27 -- done
rank 7 | trajectory 2 of circuit 69 -- done
rank 92 | trajectory 175 of circuit 86 -- done
rank 74 | trajectory 89 of circuit 18 -- done
rank 50 | trajectory 104 of circuit 38 -- done
rank 33 | trajectory 123 of circuit 71 -- done
rank 74 | trajectory 48 of circuit 2 -- done
rank 99 | trajectory 12 of circuit 25 -- done
rank 30 | trajectory 75 of circuit 52 -- done
rank 44 | trajectory 63 of circuit 17 -- done
rank 79 | trajectory 166 of circuit 10 -- done
rank 2 | trajectory 89 of circuit 88 -- done
rank 53 | trajectory 35 of circuit 41 -- done
rank 40 | trajectory 131 of circuit 15 -- done
rank 23 | trajectory 84 of circuit 98 -- done
rank 81 | trajectory 47 of circuit 65 -- done
rank 56 | trajectory 14 of circuit 41 -- done
rank 45 | trajectory 160 of circuit 34 -- done
rank 73 | trajectory 43 of circuit 72 -- done
rank 91 | trajectory 83 of circuit 22 -- done
rank 74 | trajectory 149 of circuit 25 -- done
rank 62 | trajectory 111 of circuit 54 -- done
rank 18 | trajectory 46 of circuit 96 -- done
rank 68 | trajectory 70 of circuit 37 -- done
rank 7 | trajectory 3 of circuit 84 -- done
rank 75 | trajectory 183 of circuit 73 -- done
rank 65 | trajectory 34 of circuit 55 -- done
rank 71 | trajectory 117 of circuit 2 -- done
rank 48 | trajectory 77 of circuit 6 -- done
rank 74 | trajectory 102 of circuit 43 -- done
rank 33 | trajectory 165 of circuit 77 -- done
rank 8 | trajectory 1 of circuit 10 -- done
rank 84 | trajectory 25 of circuit 63 -- done
rank 74 | trajectory 44 of circuit 90 -- done
rank 45 | trajectory 171 of circuit 48 -- done
rank 30 | trajectory 20 of circuit 18 -- done
rank 2 | trajectory 102 of circuit 22 -- done
rank 56 | trajectory 165 of circuit 12 -- done
rank 62 | trajectory 52 of circuit 84 -- done
rank 19 | trajectory 27 of circuit 100 -- done
rank 40 | trajectory 142 of circuit 100 -- done
rank 53 | trajectory 89 of circuit 27 -- done
rank 76 | trajectory 85 of circuit 76 -- done
rank 74 | trajectory 113 of circuit 71 -- done
rank 71 | trajectory 152 of circuit 22 -- done
rank 7 | trajectory 5 of circuit 38 -- done
rank 74 | trajectory 124 of circuit 35 -- done
rank 48 | trajectory 167 of circuit 25 -- done
rank 21 | trajectory 84 of circuit 27 -- done
rank 55 | trajectory 23 of circuit 95 -- done
rank 28 | trajectory 34 of circuit 16 -- done
rank 30 | trajectory 72 of circuit 90 -- done
rank 75 | trajectory 91 of circuit 65 -- done
rank 33 | trajectory 141 of circuit 41 -- done
rank 64 | trajectory 162 of circuit 29 -- done
rank 81 | trajectory 170 of circuit 21 -- done
rank 45 | trajectory 150 of circuit 45 -- done
rank 65 | trajectory 51 of circuit 13 -- done
rank 2 | trajectory 121 of circuit 18 -- done
rank 79 | trajectory 165 of circuit 23 -- done
rank 74 | trajectory 108 of circuit 7 -- done
rank 73 | trajectory 155 of circuit 28 -- done
rank 50 | trajectory 136 of circuit 81 -- done
rank 74 | trajectory 6 of circuit 43 -- done
rank 17 | trajectory 117 of circuit 81 -- done
rank 8 | trajectory 42 of circuit 95 -- done
rank 23 | trajectory 85 of circuit 38 -- done
rank 41 | trajectory 171 of circuit 64 -- done
rank 19 | trajectory 14 of circuit 64 -- done
rank 62 | trajectory 125 of circuit 2 -- done
rank 55 | trajectory 69 of circuit 52 -- done
rank 56 | trajectory 42 of circuit 87 -- done
rank 42 | trajectory 26 of circuit 30 -- done
rank 71 | trajectory 42 of circuit 8 -- done
rank 84 | trajectory 157 of circuit 6 -- done
rank 53 | trajectory 81 of circuit 79 -- done
rank 48 | trajectory 184 of circuit 60 -- done
rank 76 | trajectory 51 of circuit 79 -- done
rank 88 | trajectory 115 of circuit 97 -- done
rank 20 | trajectory 77 of circuit 21 -- done
rank 74 | trajectory 114 of circuit 80 -- done
rank 7 | trajectory 28 of circuit 8 -- done
rank 29 | trajectory 136 of circuit 63 -- done
rank 21 | trajectory 40 of circuit 49 -- done
rank 57 | trajectory 99 of circuit 11 -- done
rank 28 | trajectory 89 of circuit 11 -- done
rank 33 | trajectory 6 of circuit 82 -- done
rank 64 | trajectory 153 of circuit 53 -- done
rank 75 | trajectory 71 of circuit 93 -- done
rank 30 | trajectory 149 of circuit 61 -- done
rank 2 | trajectory 98 of circuit 29 -- done
rank 79 | trajectory 143 of circuit 48 -- done
rank 73 | trajectory 51 of circuit 84 -- done
rank 45 | trajectory 23 of circuit 58 -- done
rank 74 | trajectory 192 of circuit 94 -- done
rank 71 | trajectory 22 of circuit 96 -- done
rank 95 | trajectory 50 of circuit 59 -- done
rank 63 | trajectory 158 of circuit 36 -- done
rank 81 | trajectory 1 of circuit 61 -- done
rank 41 | trajectory 163 of circuit 11 -- done
rank 50 | trajectory 71 of circuit 62 -- done
rank 65 | trajectory 4 of circuit 19 -- done
rank 2 | trajectory 154 of circuit 57 -- done
rank 74 | trajectory 80 of circuit 61 -- done
rank 53 | trajectory 48 of circuit 50 -- done
rank 74 | trajectory 143 of circuit 49 -- done
rank 42 | trajectory 118 of circuit 83 -- done
rank 48 | trajectory 54 of circuit 2 -- done
rank 8 | trajectory 70 of circuit 44 -- done
rank 19 | trajectory 165 of circuit 55 -- done
rank 23 | trajectory 77 of circuit 54 -- done
rank 30 | trajectory 175 of circuit 46 -- done
rank 43 | trajectory 173 of circuit 26 -- done
rank 56 | trajectory 141 of circuit 55 -- done
rank 71 | trajectory 29 of circuit 98 -- done
rank 62 | trajectory 115 of circuit 3 -- done
rank 7 | trajectory 125 of circuit 38 -- done
rank 75 | trajectory 17 of circuit 100 -- done
rank 20 | trajectory 125 of circuit 41 -- done
rank 73 | trajectory 71 of circuit 48 -- done
rank 28 | trajectory 170 of circuit 50 -- done
rank 45 | trajectory 40 of circuit 95 -- done
rank 92 | trajectory 63 of circuit 89 -- done
rank 17 | trajectory 121 of circuit 67 -- done
rank 33 | trajectory 10 of circuit 41 -- done
rank 21 | trajectory 123 of circuit 41 -- done
rank 81 | trajectory 70 of circuit 21 -- done
rank 64 | trajectory 77 of circuit 62 -- done
rank 54 | trajectory 173 of circuit 91 -- done
rank 15 | trajectory 183 of circuit 22 -- done
rank 53 | trajectory 52 of circuit 10 -- done
rank 41 | trajectory 61 of circuit 69 -- done
rank 48 | trajectory 15 of circuit 76 -- done
rank 38 | trajectory 34 of circuit 58 -- done
rank 57 | trajectory 113 of circuit 55 -- done
rank 79 | trajectory 176 of circuit 100 -- done
rank 71 | trajectory 167 of circuit 54 -- done
rank 75 | trajectory 8 of circuit 74 -- done
rank 19 | trajectory 114 of circuit 23 -- done
rank 62 | trajectory 169 of circuit 86 -- done
rank 23 | trajectory 64 of circuit 81 -- done
rank 70 | trajectory 151 of circuit 57 -- done
rank 30 | trajectory 77 of circuit 90 -- done
rank 74 | trajectory 2 of circuit 50 -- done
rank 65 | trajectory 180 of circuit 29 -- done
rank 56 | trajectory 56 of circuit 47 -- done
rank 8 | trajectory 69 of circuit 70 -- done
rank 73 | trajectory 100 of circuit 81 -- done
rank 95 | trajectory 47 of circuit 57 -- done
rank 45 | trajectory 130 of circuit 85 -- done
rank 7 | trajectory 135 of circuit 31 -- done
rank 43 | trajectory 123 of circuit 10 -- done
rank 54 | trajectory 31 of circuit 72 -- done
rank 21 | trajectory 33 of circuit 53 -- done
rank 77 | trajectory 156 of circuit 54 -- done
rank 48 | trajectory 31 of circuit 28 -- done
rank 53 | trajectory 25 of circuit 33 -- done
rank 68 | trajectory 187 of circuit 49 -- done
rank 2 | trajectory 169 of circuit 85 -- done
rank 41 | trajectory 180 of circuit 6 -- done
rank 57 | trajectory 192 of circuit 90 -- done
rank 81 | trajectory 126 of circuit 51 -- done
rank 20 | trajectory 6 of circuit 24 -- done
rank 33 | trajectory 158 of circuit 68 -- done
rank 75 | trajectory 110 of circuit 32 -- done
rank 79 | trajectory 138 of circuit 75 -- done
rank 23 | trajectory 71 of circuit 67 -- done
rank 62 | trajectory 49 of circuit 39 -- done
rank 71 | trajectory 125 of circuit 68 -- done
rank 65 | trajectory 142 of circuit 93 -- done
rank 56 | trajectory 65 of circuit 29 -- done
rank 38 | trajectory 73 of circuit 98 -- done
rank 73 | trajectory 166 of circuit 26 -- done
rank 70 | trajectory 87 of circuit 83 -- done
rank 45 | trajectory 184 of circuit 18 -- done
rank 64 | trajectory 163 of circuit 56 -- done
rank 8 | trajectory 155 of circuit 81 -- done
rank 34 | trajectory 13 of circuit 95 -- done
rank 80 | trajectory 184 of circuit 48 -- done
rank 48 | trajectory 44 of circuit 89 -- done
rank 53 | trajectory 150 of circuit 95 -- done
rank 21 | trajectory 21 of circuit 72 -- done
rank 77 | trajectory 29 of circuit 19 -- done
rank 81 | trajectory 125 of circuit 19 -- done
rank 57 | trajectory 104 of circuit 50 -- done
rank 96 | trajectory 82 of circuit 67 -- done
rank 75 | trajectory 81 of circuit 15 -- done
rank 33 | trajectory 148 of circuit 17 -- done
rank 20 | trajectory 105 of circuit 39 -- done
rank 79 | trajectory 51 of circuit 54 -- done
rank 71 | trajectory 57 of circuit 73 -- done
rank 7 | trajectory 74 of circuit 61 -- done
rank 19 | trajectory 30 of circuit 43 -- done
rank 56 | trajectory 133 of circuit 86 -- done
rank 41 | trajectory 83 of circuit 99 -- done
rank 9 | trajectory 48 of circuit 58 -- done
rank 23 | trajectory 88 of circuit 69 -- done
rank 65 | trajectory 55 of circuit 65 -- done
rank 54 | trajectory 126 of circuit 94 -- done
rank 29 | trajectory 148 of circuit 26 -- done
rank 38 | trajectory 190 of circuit 52 -- done
rank 64 | trajectory 104 of circuit 20 -- done
rank 96 | trajectory 83 of circuit 84 -- done
rank 55 | trajectory 175 of circuit 3 -- done
rank 73 | trajectory 176 of circuit 4 -- done
rank 2 | trajectory 79 of circuit 31 -- done
rank 70 | trajectory 121 of circuit 23 -- done
rank 80 | trajectory 56 of circuit 63 -- done
rank 62 | trajectory 110 of circuit 39 -- done
rank 45 | trajectory 74 of circuit 25 -- done
rank 42 | trajectory 5 of circuit 59 -- done
rank 92 | trajectory 180 of circuit 14 -- done
rank 77 | trajectory 125 of circuit 94 -- done
rank 48 | trajectory 74 of circuit 78 -- done
rank 75 | trajectory 18 of circuit 54 -- done
rank 20 | trajectory 25 of circuit 8 -- done
rank 33 | trajectory 131 of circuit 39 -- done
rank 43 | trajectory 178 of circuit 86 -- done
rank 71 | trajectory 149 of circuit 10 -- done
rank 53 | trajectory 41 of circuit 84 -- done
rank 19 | trajectory 11 of circuit 58 -- done
rank 21 | trajectory 166 of circuit 58 -- done
rank 28 | trajectory 182 of circuit 25 -- done
rank 84 | trajectory 73 of circuit 81 -- done
rank 58 | trajectory 16 of circuit 6 -- done
rank 41 | trajectory 159 of circuit 97 -- done
rank 7 | trajectory 43 of circuit 36 -- done
rank 73 | trajectory 144 of circuit 42 -- done
rank 38 | trajectory 91 of circuit 59 -- done
rank 23 | trajectory 164 of circuit 49 -- done
rank 35 | trajectory 55 of circuit 18 -- done
rank 80 | trajectory 11 of circuit 14 -- done
rank 56 | trajectory 20 of circuit 82 -- done
rank 35 | trajectory 78 of circuit 1 -- done
rank 77 | trajectory 174 of circuit 44 -- done
rank 70 | trajectory 166 of circuit 85 -- done
rank 35 | trajectory 85 of circuit 11 -- done
rank 35 | trajectory 171 of circuit 33 -- done
rank 20 | trajectory 120 of circuit 70 -- done
rank 65 | trajectory 72 of circuit 73 -- done
rank 48 | trajectory 7 of circuit 87 -- done
rank 35 | trajectory 176 of circuit 27 -- done
rank 45 | trajectory 89 of circuit 9 -- done
rank 92 | trajectory 40 of circuit 58 -- done
rank 68 | trajectory 152 of circuit 9 -- done
rank 33 | trajectory 98 of circuit 73 -- done
rank 35 | trajectory 42 of circuit 7 -- done
rank 28 | trajectory 80 of circuit 99 -- done
rank 71 | trajectory 81 of circuit 8 -- done
rank 75 | trajectory 85 of circuit 33 -- done
rank 64 | trajectory 52 of circuit 32 -- done
rank 35 | trajectory 51 of circuit 34 -- done
rank 2 | trajectory 132 of circuit 54 -- done
rank 49 | trajectory 163 of circuit 46 -- done
rank 58 | trajectory 121 of circuit 21 -- done
rank 22 | trajectory 32 of circuit 30 -- done
rank 41 | trajectory 20 of circuit 25 -- done
rank 35 | trajectory 23 of circuit 56 -- done
rank 43 | trajectory 120 of circuit 76 -- done
rank 35 | trajectory 26 of circuit 42 -- done
rank 38 | trajectory 9 of circuit 91 -- done
rank 21 | trajectory 17 of circuit 22 -- done
rank 73 | trajectory 150 of circuit 86 -- done
rank 66 | trajectory 30 of circuit 20 -- done
rank 35 | trajectory 111 of circuit 69 -- done
rank 57 | trajectory 68 of circuit 90 -- done
rank 53 | trajectory 8 of circuit 3 -- done
rank 56 | trajectory 60 of circuit 56 -- done
rank 35 | trajectory 18 of circuit 14 -- done
rank 70 | trajectory 98 of circuit 93 -- done
rank 48 | trajectory 60 of circuit 61 -- done
rank 80 | trajectory 38 of circuit 71 -- done
rank 23 | trajectory 171 of circuit 63 -- done
rank 35 | trajectory 128 of circuit 73 -- done
rank 7 | trajectory 175 of circuit 88 -- done
rank 77 | trajectory 21 of circuit 28 -- done
rank 35 | trajectory 43 of circuit 8 -- done
rank 45 | trajectory 176 of circuit 1 -- done
rank 31 | trajectory 136 of circuit 27 -- done
rank 50 | trajectory 119 of circuit 73 -- done
rank 35 | trajectory 147 of circuit 26 -- done
rank 84 | trajectory 127 of circuit 17 -- done
rank 71 | trajectory 97 of circuit 2 -- done
rank 95 | trajectory 111 of circuit 92 -- done
rank 15 | trajectory 16 of circuit 89 -- done
rank 22 | trajectory 98 of circuit 54 -- done
rank 92 | trajectory 152 of circuit 25 -- done
rank 11 | trajectory 9 of circuit 33 -- done
rank 35 | trajectory 84 of circuit 46 -- done
rank 65 | trajectory 43 of circuit 70 -- done
rank 20 | trajectory 190 of circuit 36 -- done
rank 33 | trajectory 64 of circuit 8 -- done
rank 75 | trajectory 57 of circuit 31 -- done
rank 57 | trajectory 55 of circuit 67 -- done
rank 96 | trajectory 111 of circuit 51 -- done
rank 35 | trajectory 169 of circuit 4 -- done
rank 49 | trajectory 84 of circuit 2 -- done
rank 41 | trajectory 75 of circuit 46 -- done
rank 43 | trajectory 140 of circuit 46 -- done
rank 53 | trajectory 161 of circuit 3 -- done
rank 58 | trajectory 67 of circuit 64 -- done
rank 73 | trajectory 79 of circuit 64 -- done
rank 42 | trajectory 15 of circuit 28 -- done
rank 48 | trajectory 113 of circuit 57 -- done
rank 21 | trajectory 82 of circuit 64 -- done
rank 7 | trajectory 37 of circuit 37 -- done
rank 71 | trajectory 142 of circuit 11 -- done
rank 50 | trajectory 137 of circuit 41 -- done
rank 77 | trajectory 5 of circuit 98 -- done
rank 45 | trajectory 185 of circuit 39 -- done
rank 56 | trajectory 59 of circuit 70 -- done
rank 38 | trajectory 113 of circuit 82 -- done
rank 80 | trajectory 4 of circuit 44 -- done
rank 92 | trajectory 60 of circuit 45 -- done
rank 65 | trajectory 18 of circuit 57 -- done
rank 23 | trajectory 11 of circuit 100 -- done
rank 22 | trajectory 51 of circuit 80 -- done
rank 8 | trajectory 158 of circuit 48 -- done
rank 28 | trajectory 137 of circuit 83 -- done
rank 15 | trajectory 112 of circuit 83 -- done
rank 57 | trajectory 66 of circuit 64 -- done
rank 48 | trajectory 84 of circuit 47 -- done
rank 31 | trajectory 189 of circuit 10 -- done
rank 95 | trajectory 110 of circuit 42 -- done
rank 20 | trajectory 4 of circuit 91 -- done
rank 70 | trajectory 135 of circuit 26 -- done
rank 41 | trajectory 135 of circuit 67 -- done
rank 34 | trajectory 178 of circuit 92 -- done
rank 29 | trajectory 118 of circuit 24 -- done
rank 84 | trajectory 101 of circuit 25 -- done
rank 71 | trajectory 133 of circuit 45 -- done
rank 75 | trajectory 41 of circuit 37 -- done
rank 42 | trajectory 39 of circuit 42 -- done
rank 49 | trajectory 45 of circuit 51 -- done
rank 73 | trajectory 158 of circuit 89 -- done
rank 11 | trajectory 125 of circuit 54 -- done
rank 55 | trajectory 34 of circuit 5 -- done
rank 77 | trajectory 135 of circuit 90 -- done
rank 56 | trajectory 180 of circuit 31 -- done
rank 45 | trajectory 45 of circuit 50 -- done
rank 7 | trajectory 143 of circuit 38 -- done
rank 43 | trajectory 158 of circuit 9 -- done
rank 92 | trajectory 41 of circuit 10 -- done
rank 50 | trajectory 170 of circuit 38 -- done
rank 80 | trajectory 58 of circuit 67 -- done
rank 53 | trajectory 14 of circuit 55 -- done
rank 38 | trajectory 18 of circuit 25 -- done
rank 57 | trajectory 40 of circuit 84 -- done
rank 65 | trajectory 52 of circuit 48 -- done
rank 68 | trajectory 145 of circuit 32 -- done
rank 33 | trajectory 12 of circuit 5 -- done
rank 23 | trajectory 86 of circuit 77 -- done
rank 58 | trajectory 77 of circuit 25 -- done
rank 34 | trajectory 32 of circuit 10 -- done
rank 28 | trajectory 173 of circuit 42 -- done
rank 70 | trajectory 131 of circuit 62 -- done
rank 22 | trajectory 7 of circuit 37 -- done
rank 42 | trajectory 19 of circuit 88 -- done
rank 9 | trajectory 58 of circuit 43 -- done
rank 29 | trajectory 84 of circuit 31 -- done
rank 18 | trajectory 164 of circuit 91 -- done
rank 95 | trajectory 180 of circuit 39 -- done
rank 41 | trajectory 65 of circuit 22 -- done
rank 7 | trajectory 181 of circuit 93 -- done
rank 45 | trajectory 105 of circuit 51 -- done
rank 71 | trajectory 67 of circuit 97 -- done
rank 31 | trajectory 111 of circuit 17 -- done
rank 92 | trajectory 51 of circuit 16 -- done
rank 77 | trajectory 2 of circuit 88 -- done
rank 57 | trajectory 119 of circuit 91 -- done
rank 53 | trajectory 92 of circuit 78 -- done
rank 20 | trajectory 172 of circuit 54 -- done
rank 49 | trajectory 106 of circuit 98 -- done
rank 80 | trajectory 2 of circuit 44 -- done
rank 73 | trajectory 130 of circuit 17 -- done
rank 43 | trajectory 13 of circuit 85 -- done
rank 68 | trajectory 25 of circuit 72 -- done
rank 23 | trajectory 180 of circuit 28 -- done
rank 38 | trajectory 114 of circuit 71 -- done
rank 58 | trajectory 106 of circuit 11 -- done
rank 48 | trajectory 66 of circuit 3 -- done
rank 34 | trajectory 167 of circuit 12 -- done
rank 33 | trajectory 124 of circuit 94 -- done
rank 86 | trajectory 87 of circuit 75 -- done
rank 83 | trajectory 77 of circuit 46 -- done
rank 83 | trajectory 117 of circuit 58 -- done
rank 45 | trajectory 133 of circuit 89 -- done
rank 70 | trajectory 53 of circuit 15 -- done
rank 83 | trajectory 8 of circuit 62 -- done
rank 42 | trajectory 36 of circuit 90 -- done
rank 71 | trajectory 104 of circuit 66 -- done
rank 56 | trajectory 36 of circuit 8 -- done
rank 29 | trajectory 104 of circuit 24 -- done
rank 83 | trajectory 169 of circuit 34 -- done
rank 7 | trajectory 147 of circuit 42 -- done
rank 9 | trajectory 143 of circuit 13 -- done
rank 59 | trajectory 76 of circuit 63 -- done
rank 18 | trajectory 144 of circuit 80 -- done
rank 83 | trajectory 162 of circuit 51 -- done
rank 57 | trajectory 123 of circuit 65 -- done
rank 48 | trajectory 72 of circuit 63 -- done
rank 83 | trajectory 190 of circuit 55 -- done
rank 80 | trajectory 186 of circuit 55 -- done
rank 83 | trajectory 22 of circuit 94 -- done
rank 59 | trajectory 152 of circuit 36 -- done
rank 73 | trajectory 8 of circuit 48 -- done
rank 31 | trajectory 110 of circuit 36 -- done
rank 83 | trajectory 115 of circuit 85 -- done
rank 43 | trajectory 96 of circuit 41 -- done
rank 58 | trajectory 94 of circuit 21 -- done
rank 11 | trajectory 75 of circuit 41 -- done
rank 59 | trajectory 118 of circuit 49 -- done
rank 77 | trajectory 118 of circuit 72 -- done
rank 84 | trajectory 131 of circuit 99 -- done
rank 66 | trajectory 15 of circuit 26 -- done
rank 53 | trajectory 20 of circuit 95 -- done
rank 92 | trajectory 28 of circuit 63 -- done
rank 59 | trajectory 139 of circuit 36 -- done
rank 83 | trajectory 170 of circuit 79 -- done
rank 20 | trajectory 90 of circuit 9 -- done
rank 49 | trajectory 110 of circuit 23 -- done
rank 59 | trajectory 117 of circuit 100 -- done
rank 38 | trajectory 150 of circuit 47 -- done
rank 68 | trajectory 140 of circuit 24 -- done
rank 59 | trajectory 5 of circuit 4 -- done
rank 45 | trajectory 189 of circuit 88 -- done
rank 59 | trajectory 128 of circuit 90 -- done
rank 34 | trajectory 191 of circuit 15 -- done
rank 33 | trajectory 90 of circuit 51 -- done
rank 59 | trajectory 16 of circuit 59 -- done
rank 70 | trajectory 84 of circuit 15 -- done
rank 59 | trajectory 154 of circuit 98 -- done
rank 71 | trajectory 5 of circuit 24 -- done
rank 29 | trajectory 87 of circuit 13 -- done
rank 59 | trajectory 99 of circuit 93 -- done
rank 7 | trajectory 41 of circuit 96 -- done
rank 57 | trajectory 60 of circuit 28 -- done
rank 56 | trajectory 45 of circuit 84 -- done
rank 83 | trajectory 118 of circuit 87 -- done
rank 80 | trajectory 85 of circuit 83 -- done
rank 48 | trajectory 39 of circuit 75 -- done
rank 59 | trajectory 114 of circuit 48 -- done
rank 83 | trajectory 61 of circuit 12 -- done
rank 77 | trajectory 61 of circuit 26 -- done
rank 75 | trajectory 47 of circuit 100 -- done
rank 21 | trajectory 22 of circuit 57 -- done
rank 38 | trajectory 15 of circuit 2 -- done
rank 73 | trajectory 74 of circuit 88 -- done
rank 42 | trajectory 7 of circuit 21 -- done
rank 53 | trajectory 11 of circuit 35 -- done
rank 57 | trajectory 156 of circuit 10 -- done
rank 92 | trajectory 1 of circuit 80 -- done
rank 23 | trajectory 142 of circuit 80 -- done
rank 53 | trajectory 135 of circuit 100 -- done
rank 31 | trajectory 64 of circuit 7 -- done
rank 59 | trajectory 143 of circuit 83 -- done
rank 71 | trajectory 184 of circuit 21 -- done
rank 34 | trajectory 3 of circuit 46 -- done
rank 83 | trajectory 181 of circuit 25 -- done
rank 70 | trajectory 47 of circuit 19 -- done
rank 43 | trajectory 50 of circuit 8 -- done
rank 57 | trajectory 4 of circuit 36 -- done
rank 49 | trajectory 47 of circuit 9 -- done
rank 88 | trajectory 94 of circuit 32 -- done
rank 84 | trajectory 173 of circuit 58 -- done
rank 33 | trajectory 149 of circuit 6 -- done
rank 59 | trajectory 123 of circuit 98 -- done
rank 32 | trajectory 140 of circuit 83 -- done
rank 51 | trajectory 117 of circuit 51 -- done
rank 35 | trajectory 65 of circuit 18 -- done
rank 16 | trajectory 74 of circuit 6 -- done
rank 80 | trajectory 23 of circuit 5 -- done
rank 48 | trajectory 125 of circuit 86 -- done
rank 83 | trajectory 95 of circuit 81 -- done
rank 68 | trajectory 162 of circuit 43 -- done
rank 72 | trajectory 100 of circuit 77 -- done
rank 73 | trajectory 117 of circuit 36 -- done
rank 42 | trajectory 78 of circuit 91 -- done
rank 29 | trajectory 182 of circuit 99 -- done
rank 83 | trajectory 141 of circuit 42 -- done
rank 45 | trajectory 172 of circuit 92 -- done
rank 7 | trajectory 122 of circuit 61 -- done
rank 51 | trajectory 60 of circuit 38 -- done
rank 20 | trajectory 9 of circuit 41 -- done
rank 18 | trajectory 174 of circuit 83 -- done
rank 51 | trajectory 12 of circuit 62 -- done
rank 15 | trajectory 1 of circuit 30 -- done
rank 77 | trajectory 1 of circuit 98 -- done
rank 56 | trajectory 77 of circuit 82 -- done
rank 51 | trajectory 185 of circuit 81 -- done
rank 38 | trajectory 178 of circuit 25 -- done
rank 22 | trajectory 178 of circuit 7 -- done
rank 75 | trajectory 15 of circuit 86 -- done
rank 71 | trajectory 119 of circuit 24 -- done
rank 4 | trajectory 2 of circuit 37 -- done
rank 23 | trajectory 29 of circuit 5 -- done
rank 43 | trajectory 93 of circuit 36 -- done
rank 51 | trajectory 54 of circuit 30 -- done
rank 50 | trajectory 149 of circuit 20 -- done
rank 51 | trajectory 151 of circuit 78 -- done
rank 51 | trajectory 111 of circuit 50 -- done
rank 88 | trajectory 100 of circuit 5 -- done
rank 33 | trajectory 176 of circuit 93 -- done
rank 48 | trajectory 14 of circuit 14 -- done
rank 73 | trajectory 159 of circuit 87 -- done
rank 51 | trajectory 18 of circuit 75 -- done
rank 34 | trajectory 21 of circuit 16 -- done
rank 51 | trajectory 94 of circuit 82 -- done
rank 86 | trajectory 136 of circuit 47 -- done
rank 84 | trajectory 184 of circuit 22 -- done
rank 53 | trajectory 133 of circuit 77 -- done
rank 41 | trajectory 28 of circuit 25 -- done
rank 51 | trajectory 23 of circuit 62 -- done
rank 58 | trajectory 169 of circuit 31 -- done
rank 7 | trajectory 71 of circuit 49 -- done
rank 80 | trajectory 188 of circuit 2 -- done
rank 72 | trajectory 190 of circuit 66 -- done
rank 51 | trajectory 40 of circuit 100 -- done
rank 57 | trajectory 73 of circuit 54 -- done
rank 92 | trajectory 132 of circuit 47 -- done
rank 38 | trajectory 189 of circuit 100 -- done
rank 42 | trajectory 149 of circuit 40 -- done
rank 83 | trajectory 14 of circuit 71 -- done
rank 51 | trajectory 34 of circuit 88 -- done
rank 1 | trajectory 1 of circuit 34 -- done
rank 95 | trajectory 102 of circuit 80 -- done
rank 71 | trajectory 35 of circuit 69 -- done
rank 51 | trajectory 137 of circuit 38 -- done
rank 22 | trajectory 118 of circuit 47 -- done
rank 77 | trajectory 101 of circuit 46 -- done
rank 1 | trajectory 83 of circuit 52 -- done
rank 32 | trajectory 128 of circuit 76 -- done
rank 23 | trajectory 179 of circuit 19 -- done
rank 15 | trajectory 67 of circuit 59 -- done
rank 51 | trajectory 142 of circuit 43 -- done
rank 1 | trajectory 89 of circuit 49 -- done
rank 10 | trajectory 67 of circuit 88 -- done
rank 43 | trajectory 167 of circuit 63 -- done
rank 1 | trajectory 185 of circuit 18 -- done
rank 20 | trajectory 35 of circuit 52 -- done
rank 45 | trajectory 164 of circuit 32 -- done
rank 18 | trajectory 109 of circuit 9 -- done
rank 1 | trajectory 44 of circuit 75 -- done
rank 75 | trajectory 65 of circuit 91 -- done
rank 1 | trajectory 116 of circuit 17 -- done
rank 52 | trajectory 107 of circuit 7 -- done
rank 70 | trajectory 29 of circuit 27 -- done
rank 24 | trajectory 16 of circuit 71 -- done
rank 50 | trajectory 110 of circuit 29 -- done
rank 56 | trajectory 179 of circuit 31 -- done
rank 1 | trajectory 123 of circuit 80 -- done
rank 52 | trajectory 161 of circuit 70 -- done
rank 34 | trajectory 28 of circuit 2 -- done
rank 51 | trajectory 104 of circuit 5 -- done
rank 1 | trajectory 163 of circuit 9 -- done
rank 24 | trajectory 126 of circuit 3 -- done
rank 48 | trajectory 22 of circuit 80 -- done
rank 41 | trajectory 56 of circuit 97 -- done
rank 52 | trajectory 168 of circuit 90 -- done
rank 49 | trajectory 57 of circuit 99 -- done
rank 73 | trajectory 167 of circuit 96 -- done
rank 1 | trajectory 4 of circuit 60 -- done
rank 24 | trajectory 123 of circuit 63 -- done
rank 26 | trajectory 64 of circuit 78 -- done
rank 88 | trajectory 122 of circuit 82 -- done
rank 33 | trajectory 177 of circuit 3 -- done
rank 52 | trajectory 175 of circuit 53 -- done
rank 24 | trajectory 11 of circuit 61 -- done
rank 7 | trajectory 113 of circuit 36 -- done
rank 51 | trajectory 90 of circuit 70 -- done
rank 1 | trajectory 21 of circuit 48 -- done
rank 80 | trajectory 9 of circuit 74 -- done
rank 24 | trajectory 71 of circuit 61 -- done
rank 29 | trajectory 152 of circuit 83 -- done
rank 57 | trajectory 43 of circuit 87 -- done
rank 1 | trajectory 191 of circuit 37 -- done
rank 14 | trajectory 60 of circuit 99 -- done
rank 58 | trajectory 120 of circuit 29 -- done
rank 52 | trajectory 11 of circuit 91 -- done
rank 1 | trajectory 166 of circuit 50 -- done
rank 53 | trajectory 128 of circuit 50 -- done
rank 24 | trajectory 27 of circuit 65 -- done
rank 98 | trajectory 46 of circuit 68 -- done
rank 52 | trajectory 118 of circuit 33 -- done
rank 24 | trajectory 6 of circuit 48 -- done
rank 71 | trajectory 113 of circuit 49 -- done
rank 82 | trajectory 180 of circuit 56 -- done
rank 9 | trajectory 9 of circuit 93 -- done
rank 72 | trajectory 53 of circuit 6 -- done
rank 42 | trajectory 147 of circuit 74 -- done
rank 51 | trajectory 73 of circuit 58 -- done
rank 24 | trajectory 14 of circuit 1 -- done
rank 66 | trajectory 41 of circuit 20 -- done
rank 38 | trajectory 133 of circuit 64 -- done
rank 82 | trajectory 10 of circuit 75 -- done
rank 52 | trajectory 33 of circuit 5 -- done
rank 24 | trajectory 23 of circuit 59 -- done
rank 10 | trajectory 71 of circuit 71 -- done
rank 82 | trajectory 44 of circuit 68 -- done
rank 43 | trajectory 66 of circuit 81 -- done
rank 24 | trajectory 112 of circuit 56 -- done
rank 82 | trajectory 145 of circuit 55 -- done
rank 1 | trajectory 98 of circuit 67 -- done
rank 20 | trajectory 44 of circuit 99 -- done
rank 16 | trajectory 13 of circuit 63 -- done
rank 56 | trajectory 80 of circuit 21 -- done
rank 70 | trajectory 185 of circuit 54 -- done
rank 82 | trajectory 16 of circuit 45 -- done
rank 24 | trajectory 133 of circuit 18 -- done
rank 23 | trajectory 173 of circuit 49 -- done
rank 82 | trajectory 9 of circuit 88 -- done
rank 45 | trajectory 116 of circuit 4 -- done
rank 34 | trajectory 161 of circuit 34 -- done
rank 52 | trajectory 172 of circuit 65 -- done
rank 75 | trajectory 25 of circuit 11 -- done
rank 41 | trajectory 109 of circuit 35 -- done
rank 82 | trajectory 155 of circuit 76 -- done
rank 24 | trajectory 154 of circuit 23 -- done
rank 82 | trajectory 64 of circuit 30 -- done
rank 50 | trajectory 28 of circuit 50 -- done
rank 51 | trajectory 86 of circuit 9 -- done
rank 0 | trajectory 106 of circuit 65 -- done
rank 18 | trajectory 32 of circuit 81 -- done
rank 33 | trajectory 125 of circuit 55 -- done
rank 52 | trajectory 155 of circuit 88 -- done
rank 24 | trajectory 55 of circuit 47 -- done
rank 82 | trajectory 138 of circuit 36 -- done
rank 77 | trajectory 143 of circuit 36 -- done
rank 87 | trajectory 137 of circuit 6 -- done
rank 24 | trajectory 148 of circuit 92 -- done
rank 48 | trajectory 48 of circuit 82 -- done
rank 82 | trajectory 127 of circuit 61 -- done
rank 49 | trajectory 162 of circuit 26 -- done
rank 1 | trajectory 96 of circuit 54 -- done
rank 14 | trajectory 120 of circuit 42 -- done
rank 53 | trajectory 157 of circuit 19 -- done
rank 24 | trajectory 189 of circuit 77 -- done
rank 82 | trajectory 92 of circuit 50 -- done
rank 26 | trajectory 60 of circuit 89 -- done
rank 71 | trajectory 71 of circuit 41 -- done
rank 88 | trajectory 167 of circuit 10 -- done
rank 24 | trajectory 131 of circuit 57 -- done
rank 7 | trajectory 133 of circuit 16 -- done
rank 82 | trajectory 18 of circuit 63 -- done
rank 11 | trajectory 184 of circuit 57 -- done
rank 52 | trajectory 122 of circuit 70 -- done
rank 8 | trajectory 175 of circuit 20 -- done
rank 73 | trajectory 137 of circuit 84 -- done
rank 82 | trajectory 120 of circuit 91 -- done
rank 80 | trajectory 7 of circuit 49 -- done
rank 24 | trajectory 19 of circuit 97 -- done
rank 29 | trajectory 181 of circuit 32 -- done
rank 24 | trajectory 124 of circuit 72 -- done
rank 57 | trajectory 145 of circuit 67 -- done
rank 32 | trajectory 56 of circuit 89 -- done
rank 82 | trajectory 115 of circuit 47 -- done
rank 24 | trajectory 106 of circuit 84 -- done
rank 24 | trajectory 152 of circuit 99 -- done
rank 20 | trajectory 124 of circuit 31 -- done
rank 41 | trajectory 131 of circuit 49 -- done
rank 42 | trajectory 131 of circuit 30 -- done
rank 24 | trajectory 155 of circuit 45 -- done
rank 38 | trajectory 105 of circuit 64 -- done
rank 23 | trajectory 172 of circuit 96 -- done
rank 82 | trajectory 75 of circuit 98 -- done
rank 43 | trajectory 162 of circuit 100 -- done
rank 24 | trajectory 34 of circuit 4 -- done
rank 66 | trajectory 99 of circuit 18 -- done
rank 34 | trajectory 81 of circuit 57 -- done
rank 59 | trajectory 65 of circuit 63 -- done
rank 45 | trajectory 111 of circuit 84 -- done
rank 70 | trajectory 191 of circuit 92 -- done
rank 58 | trajectory 56 of circuit 78 -- done
rank 1 | trajectory 10 of circuit 100 -- done
rank 56 | trajectory 15 of circuit 27 -- done
rank 0 | trajectory 74 of circuit 35 -- done
rank 92 | trajectory 169 of circuit 27 -- done
rank 77 | trajectory 164 of circuit 96 -- done
rank 16 | trajectory 95 of circuit 35 -- done
rank 71 | trajectory 165 of circuit 57 -- done
rank 75 | trajectory 23 of circuit 40 -- done
rank 50 | trajectory 152 of circuit 33 -- done
rank 82 | trajectory 144 of circuit 50 -- done
rank 80 | trajectory 6 of circuit 97 -- done
rank 26 | trajectory 30 of circuit 76 -- done
rank 0 | trajectory 160 of circuit 3 -- done
rank 87 | trajectory 63 of circuit 99 -- done
rank 11 | trajectory 97 of circuit 8 -- done
rank 82 | trajectory 85 of circuit 30 -- done
rank 53 | trajectory 154 of circuit 76 -- done
rank 48 | trajectory 4 of circuit 24 -- done
rank 88 | trajectory 181 of circuit 58 -- done
rank 32 | trajectory 64 of circuit 33 -- done
rank 10 | trajectory 61 of circuit 8 -- done
rank 73 | trajectory 20 of circuit 7 -- done
rank 24 | trajectory 91 of circuit 10 -- done
rank 42 | trajectory 16 of circuit 3 -- done
rank 41 | trajectory 106 of circuit 88 -- done
rank 33 | trajectory 61 of circuit 4 -- done
rank 83 | trajectory 177 of circuit 61 -- done
rank 21 | trajectory 65 of circuit 59 -- done
rank 14 | trajectory 113 of circuit 77 -- done
rank 58 | trajectory 27 of circuit 90 -- done
rank 43 | trajectory 61 of circuit 14 -- done
rank 38 | trajectory 174 of circuit 82 -- done
rank 70 | trajectory 174 of circuit 6 -- done
rank 45 | trajectory 159 of circuit 10 -- done
rank 66 | trajectory 37 of circuit 51 -- done
rank 40 | trajectory 6 of circuit 96 -- done
rank 71 | trajectory 58 of circuit 35 -- done
rank 18 | trajectory 78 of circuit 45 -- done
rank 56 | trajectory 168 of circuit 22 -- done
rank 52 | trajectory 156 of circuit 7 -- done
rank 34 | trajectory 9 of circuit 13 -- done
rank 66 | trajectory 22 of circuit 11 -- done
rank 0 | trajectory 73 of circuit 66 -- done
rank 92 | trajectory 24 of circuit 34 -- done
rank 75 | trajectory 35 of circuit 84 -- done
rank 20 | trajectory 161 of circuit 44 -- done
rank 26 | trajectory 168 of circuit 34 -- done
rank 87 | trajectory 109 of circuit 41 -- done
rank 77 | trajectory 123 of circuit 26 -- done
rank 22 | trajectory 100 of circuit 2 -- done
rank 42 | trajectory 43 of circuit 42 -- done
rank 16 | trajectory 62 of circuit 56 -- done
rank 80 | trajectory 144 of circuit 7 -- done
rank 33 | trajectory 2 of circuit 52 -- done
rank 53 | trajectory 130 of circuit 87 -- done
rank 0 | trajectory 19 of circuit 48 -- done
rank 41 | trajectory 24 of circuit 47 -- done
rank 66 | trajectory 39 of circuit 23 -- done
rank 73 | trajectory 82 of circuit 41 -- done
rank 11 | trajectory 155 of circuit 31 -- done
rank 82 | trajectory 35 of circuit 39 -- done
rank 83 | trajectory 2 of circuit 77 -- done
rank 88 | trajectory 73 of circuit 48 -- done
rank 14 | trajectory 40 of circuit 41 -- done
rank 40 | trajectory 94 of circuit 38 -- done
rank 58 | trajectory 104 of circuit 72 -- done
rank 43 | trajectory 146 of circuit 51 -- done
rank 29 | trajectory 92 of circuit 79 -- done
rank 57 | trajectory 102 of circuit 42 -- done
rank 34 | trajectory 4 of circuit 78 -- done
rank 71 | trajectory 47 of circuit 30 -- done
rank 56 | trajectory 46 of circuit 39 -- done
rank 42 | trajectory 50 of circuit 57 -- done
rank 22 | trajectory 92 of circuit 60 -- done
rank 20 | trajectory 15 of circuit 36 -- done
rank 70 | trajectory 97 of circuit 19 -- done
rank 72 | trajectory 24 of circuit 52 -- done
rank 45 | trajectory 56 of circuit 86 -- done
rank 75 | trajectory 182 of circuit 77 -- done
rank 32 | trajectory 73 of circuit 28 -- done
rank 77 | trajectory 54 of circuit 21 -- done
rank 95 | trajectory 155 of circuit 78 -- done
rank 38 | trajectory 130 of circuit 13 -- done
rank 33 | trajectory 46 of circuit 14 -- done
rank 41 | trajectory 157 of circuit 30 -- done
rank 10 | trajectory 77 of circuit 73 -- done
rank 73 | trajectory 116 of circuit 41 -- done
rank 80 | trajectory 109 of circuit 42 -- done
rank 53 | trajectory 186 of circuit 87 -- done
rank 37 | trajectory 15 of circuit 16 -- done
rank 92 | trajectory 188 of circuit 71 -- done
rank 24 | trajectory 63 of circuit 54 -- done
rank 99 | trajectory 43 of circuit 65 -- done
rank 37 | trajectory 62 of circuit 48 -- done
rank 87 | trajectory 155 of circuit 67 -- done
rank 26 | trajectory 165 of circuit 84 -- done
rank 37 | trajectory 139 of circuit 50 -- done
rank 71 | trajectory 131 of circuit 7 -- done
rank 37 | trajectory 92 of circuit 37 -- done
rank 57 | trajectory 177 of circuit 62 -- done
rank 37 | trajectory 68 of circuit 22 -- done
rank 37 | trajectory 31 of circuit 91 -- done
rank 58 | trajectory 127 of circuit 28 -- done
rank 44 | trajectory 37 of circuit 11 -- done
rank 21 | trajectory 131 of circuit 27 -- done
rank 37 | trajectory 10 of circuit 80 -- done
rank 83 | trajectory 43 of circuit 46 -- done
rank 40 | trajectory 182 of circuit 59 -- done
rank 29 | trajectory 112 of circuit 70 -- done
rank 88 | trajectory 151 of circuit 67 -- done
rank 37 | trajectory 143 of circuit 19 -- done
rank 70 | trajectory 7 of circuit 43 -- done
rank 48 | trajectory 109 of circuit 38 -- done
rank 37 | trajectory 87 of circuit 54 -- done
rank 37 | trajectory 182 of circuit 86 -- done
rank 45 | trajectory 18 of circuit 1 -- done
rank 43 | trajectory 59 of circuit 43 -- done
rank 82 | trajectory 62 of circuit 50 -- done
rank 32 | trajectory 62 of circuit 82 -- done
rank 37 | trajectory 151 of circuit 38 -- done
rank 72 | trajectory 134 of circuit 64 -- done
rank 37 | trajectory 107 of circuit 60 -- done
rank 14 | trajectory 160 of circuit 35 -- done
rank 75 | trajectory 21 of circuit 94 -- done
rank 38 | trajectory 32 of circuit 63 -- done
rank 33 | trajectory 52 of circuit 98 -- done
rank 37 | trajectory 185 of circuit 87 -- done
rank 42 | trajectory 119 of circuit 36 -- done
rank 50 | trajectory 142 of circuit 61 -- done
rank 34 | trajectory 49 of circuit 96 -- done
rank 25 | trajectory 128 of circuit 17 -- done
rank 73 | trajectory 186 of circuit 90 -- done
rank 37 | trajectory 90 of circuit 12 -- done
rank 92 | trajectory 59 of circuit 78 -- done
rank 80 | trajectory 84 of circuit 74 -- done
rank 96 | trajectory 128 of circuit 55 -- done
rank 37 | trajectory 53 of circuit 25 -- done
rank 37 | trajectory 96 of circuit 58 -- done
rank 61 | trajectory 100 of circuit 80 -- done
rank 53 | trajectory 173 of circuit 41 -- done
rank 37 | trajectory 83 of circuit 85 -- done
rank 20 | trajectory 80 of circuit 38 -- done
rank 37 | trajectory 67 of circuit 43 -- done
rank 71 | trajectory 8 of circuit 76 -- done
rank 37 | trajectory 102 of circuit 23 -- done
rank 0 | trajectory 54 of circuit 11 -- done
rank 37 | trajectory 173 of circuit 70 -- done
rank 37 | trajectory 141 of circuit 81 -- done
rank 87 | trajectory 188 of circuit 65 -- done
rank 43 | trajectory 78 of circuit 29 -- done
rank 41 | trajectory 85 of circuit 31 -- done
rank 37 | trajectory 177 of circuit 98 -- done
rank 49 | trajectory 109 of circuit 98 -- done
rank 10 | trajectory 63 of circuit 98 -- done
rank 58 | trajectory 66 of circuit 100 -- done
rank 88 | trajectory 77 of circuit 93 -- done
rank 64 | trajectory 80 of circuit 14 -- done
rank 29 | trajectory 22 of circuit 76 -- done
rank 0 | trajectory 144 of circuit 15 -- done
rank 37 | trajectory 28 of circuit 95 -- done
rank 26 | trajectory 142 of circuit 89 -- done
rank 57 | trajectory 153 of circuit 68 -- done
rank 40 | trajectory 166 of circuit 20 -- done
rank 37 | trajectory 132 of circuit 73 -- done
rank 14 | trajectory 140 of circuit 17 -- done
rank 73 | trajectory 59 of circuit 9 -- done
rank 33 | trajectory 86 of circuit 28 -- done
rank 0 | trajectory 122 of circuit 49 -- done
rank 42 | trajectory 56 of circuit 44 -- done
rank 70 | trajectory 28 of circuit 15 -- done
rank 21 | trajectory 43 of circuit 3 -- done
rank 92 | trajectory 191 of circuit 64 -- done
rank 99 | trajectory 128 of circuit 54 -- done
rank 37 | trajectory 119 of circuit 42 -- done
rank 71 | trajectory 88 of circuit 34 -- done
rank 75 | trajectory 9 of circuit 59 -- done
rank 51 | trajectory 10 of circuit 65 -- done
rank 44 | trajectory 1 of circuit 83 -- done
rank 80 | trajectory 67 of circuit 71 -- done
rank 45 | trajectory 19 of circuit 26 -- done
rank 53 | trajectory 164 of circuit 26 -- done
rank 32 | trajectory 186 of circuit 49 -- done
rank 59 | trajectory 126 of circuit 82 -- done
rank 61 | trajectory 145 of circuit 24 -- done
rank 41 | trajectory 104 of circuit 84 -- done
rank 38 | trajectory 145 of circuit 26 -- done
rank 72 | trajectory 166 of circuit 52 -- done
rank 34 | trajectory 44 of circuit 57 -- done
rank 58 | trajectory 141 of circuit 38 -- done
rank 50 | trajectory 133 of circuit 68 -- done
rank 37 | trajectory 168 of circuit 56 -- done
rank 54 | trajectory 110 of circuit 12 -- done
rank 48 | trajectory 30 of circuit 56 -- done
rank 43 | trajectory 7 of circuit 91 -- done
rank 5 | trajectory 18 of circuit 45 -- done
rank 5 | trajectory 40 of circuit 10 -- done
rank 5 | trajectory 191 of circuit 100 -- done
rank 87 | trajectory 143 of circuit 10 -- done
rank 71 | trajectory 127 of circuit 93 -- done
rank 5 | trajectory 181 of circuit 23 -- done
rank 37 | trajectory 192 of circuit 35 -- done
rank 5 | trajectory 5 of circuit 35 -- done
rank 10 | trajectory 40 of circuit 87 -- done
rank 64 | trajectory 188 of circuit 82 -- done
rank 5 | trajectory 92 of circuit 36 -- done
rank 20 | trajectory 93 of circuit 65 -- done
rank 57 | trajectory 114 of circuit 7 -- done
rank 42 | trajectory 72 of circuit 57 -- done
rank 5 | trajectory 41 of circuit 15 -- done
rank 92 | trajectory 27 of circuit 87 -- done
rank 33 | trajectory 15 of circuit 10 -- done
rank 49 | trajectory 19 of circuit 35 -- done
rank 5 | trajectory 80 of circuit 89 -- done
rank 40 | trajectory 136 of circuit 25 -- done
rank 26 | trajectory 99 of circuit 14 -- done
rank 76 | trajectory 73 of circuit 31 -- done
rank 37 | trajectory 3 of circuit 1 -- done
rank 5 | trajectory 126 of circuit 80 -- done
rank 5 | trajectory 157 of circuit 67 -- done
rank 5 | trajectory 52 of circuit 22 -- done
rank 37 | trajectory 7 of circuit 93 -- done
rank 5 | trajectory 16 of circuit 80 -- done
rank 73 | trajectory 34 of circuit 52 -- done
rank 80 | trajectory 41 of circuit 66 -- done
rank 5 | trajectory 64 of circuit 24 -- done
rank 28 | trajectory 90 of circuit 31 -- done
rank 5 | trajectory 9 of circuit 86 -- done
rank 45 | trajectory 48 of circuit 19 -- done
rank 58 | trajectory 26 of circuit 60 -- done
rank 41 | trajectory 99 of circuit 1 -- done
rank 38 | trajectory 152 of circuit 82 -- done
rank 75 | trajectory 19 of circuit 38 -- done
rank 22 | trajectory 171 of circuit 94 -- done
rank 5 | trajectory 179 of circuit 55 -- done
rank 21 | trajectory 117 of circuit 18 -- done
rank 61 | trajectory 80 of circuit 85 -- done
rank 32 | trajectory 77 of circuit 18 -- done
rank 37 | trajectory 136 of circuit 90 -- done
rank 29 | trajectory 110 of circuit 94 -- done
rank 74 | trajectory 168 of circuit 14 -- done
rank 71 | trajectory 180 of circuit 85 -- done
rank 59 | trajectory 151 of circuit 82 -- done
rank 18 | trajectory 149 of circuit 14 -- done
rank 44 | trajectory 166 of circuit 41 -- done
rank 72 | trajectory 81 of circuit 66 -- done
rank 53 | trajectory 47 of circuit 6 -- done
rank 14 | trajectory 95 of circuit 26 -- done
rank 5 | trajectory 173 of circuit 47 -- done
rank 54 | trajectory 18 of circuit 78 -- done
rank 57 | trajectory 9 of circuit 66 -- done
rank 92 | trajectory 38 of circuit 16 -- done
rank 50 | trajectory 101 of circuit 27 -- done
rank 64 | trajectory 97 of circuit 1 -- done
rank 33 | trajectory 171 of circuit 45 -- done
rank 26 | trajectory 101 of circuit 31 -- done
rank 83 | trajectory 44 of circuit 74 -- done
rank 45 | trajectory 154 of circuit 15 -- done
rank 5 | trajectory 62 of circuit 65 -- done
rank 20 | trajectory 178 of circuit 88 -- done
rank 10 | trajectory 16 of circuit 70 -- done
rank 49 | trajectory 20 of circuit 68 -- done
rank 42 | trajectory 79 of circuit 21 -- done
rank 95 | trajectory 76 of circuit 88 -- done
rank 80 | trajectory 122 of circuit 42 -- done
rank 16 | trajectory 185 of circuit 3 -- done
rank 76 | trajectory 52 of circuit 71 -- done
rank 5 | trajectory 152 of circuit 52 -- done
rank 40 | trajectory 84 of circuit 81 -- done
rank 41 | trajectory 168 of circuit 72 -- done
rank 1 | trajectory 56 of circuit 94 -- done
rank 58 | trajectory 9 of circuit 55 -- done
rank 5 | trajectory 141 of circuit 76 -- done
rank 22 | trajectory 59 of circuit 75 -- done
rank 48 | trajectory 169 of circuit 73 -- done
rank 39 | trajectory 99 of circuit 78 -- done
rank 38 | trajectory 31 of circuit 27 -- done
rank 32 | trajectory 50 of circuit 93 -- done
rank 61 | trajectory 153 of circuit 51 -- done
rank 5 | trajectory 83 of circuit 6 -- done
rank 71 | trajectory 1 of circuit 27 -- done
rank 39 | trajectory 137 of circuit 56 -- done
rank 29 | trajectory 174 of circuit 93 -- done
rank 39 | trajectory 29 of circuit 8 -- done
rank 18 | trajectory 40 of circuit 81 -- done
rank 39 | trajectory 108 of circuit 72 -- done
rank 72 | trajectory 18 of circuit 86 -- done
rank 39 | trajectory 104 of circuit 91 -- done
rank 59 | trajectory 50 of circuit 53 -- done
rank 73 | trajectory 143 of circuit 70 -- done
rank 39 | trajectory 46 of circuit 9 -- done
rank 14 | trajectory 158 of circuit 15 -- done
rank 39 | trajectory 122 of circuit 60 -- done
rank 64 | trajectory 143 of circuit 88 -- done
rank 57 | trajectory 122 of circuit 62 -- done
rank 53 | trajectory 167 of circuit 57 -- done
rank 39 | trajectory 147 of circuit 86 -- done
rank 26 | trajectory 112 of circuit 73 -- done
rank 39 | trajectory 80 of circuit 69 -- done
rank 39 | trajectory 67 of circuit 8 -- done
rank 45 | trajectory 145 of circuit 75 -- done
rank 44 | trajectory 144 of circuit 63 -- done
rank 74 | trajectory 169 of circuit 25 -- done
rank 39 | trajectory 170 of circuit 94 -- done
rank 92 | trajectory 154 of circuit 65 -- done
rank 39 | trajectory 191 of circuit 90 -- done
rank 39 | trajectory 62 of circuit 18 -- done
rank 1 | trajectory 187 of circuit 20 -- done
rank 39 | trajectory 6 of circuit 19 -- done
rank 42 | trajectory 73 of circuit 10 -- done
rank 82 | trajectory 12 of circuit 36 -- done
rank 1 | trajectory 34 of circuit 3 -- done
rank 48 | trajectory 163 of circuit 5 -- done
rank 50 | trajectory 183 of circuit 3 -- done
rank 49 | trajectory 77 of circuit 9 -- done
rank 39 | trajectory 106 of circuit 8 -- done
rank 20 | trajectory 98 of circuit 28 -- done
rank 33 | trajectory 80 of circuit 43 -- done
rank 39 | trajectory 72 of circuit 95 -- done
rank 40 | trajectory 165 of circuit 87 -- done
rank 39 | trajectory 97 of circuit 6 -- done
rank 22 | trajectory 95 of circuit 54 -- done
rank 38 | trajectory 157 of circuit 96 -- done
rank 18 | trajectory 28 of circuit 40 -- done
rank 39 | trajectory 156 of circuit 1 -- done
rank 61 | trajectory 151 of circuit 65 -- done
rank 76 | trajectory 20 of circuit 13 -- done
rank 32 | trajectory 111 of circuit 81 -- done
rank 80 | trajectory 132 of circuit 96 -- done
rank 72 | trajectory 70 of circuit 22 -- done
rank 73 | trajectory 127 of circuit 87 -- done
rank 1 | trajectory 150 of circuit 56 -- done
rank 39 | trajectory 52 of circuit 77 -- done
rank 29 | trajectory 163 of circuit 87 -- done
rank 39 | trajectory 89 of circuit 99 -- done
rank 64 | trajectory 110 of circuit 16 -- done
rank 45 | trajectory 125 of circuit 15 -- done
rank 88 | trajectory 138 of circuit 3 -- done
rank 62 | trajectory 151 of circuit 25 -- done
rank 58 | trajectory 180 of circuit 77 -- done
rank 25 | trajectory 171 of circuit 41 -- done
rank 57 | trajectory 12 of circuit 71 -- done
rank 14 | trajectory 107 of circuit 100 -- done
rank 27 | trajectory 178 of circuit 11 -- done
rank 27 | trajectory 21 of circuit 80 -- done
rank 39 | trajectory 61 of circuit 2 -- done
rank 33 | trajectory 44 of circuit 80 -- done
rank 74 | trajectory 18 of circuit 99 -- done
rank 22 | trajectory 33 of circuit 42 -- done
rank 26 | trajectory 116 of circuit 85 -- done
rank 42 | trajectory 17 of circuit 98 -- done
rank 20 | trajectory 67 of circuit 33 -- done
rank 27 | trajectory 117 of circuit 85 -- done
rank 27 | trajectory 35 of circuit 5 -- done
rank 1 | trajectory 15 of circuit 67 -- done
rank 27 | trajectory 15 of circuit 14 -- done
rank 39 | trajectory 179 of circuit 35 -- done
rank 48 | trajectory 16 of circuit 16 -- done
rank 0 | trajectory 171 of circuit 3 -- done
rank 27 | trajectory 92 of circuit 81 -- done
rank 53 | trajectory 187 of circuit 10 -- done
rank 5 | trajectory 106 of circuit 7 -- done
rank 40 | trajectory 124 of circuit 71 -- done
rank 59 | trajectory 18 of circuit 32 -- done
rank 27 | trajectory 110 of circuit 3 -- done
rank 76 | trajectory 153 of circuit 31 -- done
rank 45 | trajectory 126 of circuit 25 -- done
rank 27 | trajectory 97 of circuit 51 -- done
rank 80 | trajectory 96 of circuit 28 -- done
rank 73 | trajectory 129 of circuit 97 -- done
rank 49 | trajectory 117 of circuit 54 -- done
rank 92 | trajectory 43 of circuit 50 -- done
rank 27 | trajectory 174 of circuit 18 -- done
rank 72 | trajectory 85 of circuit 95 -- done
rank 57 | trajectory 95 of circuit 94 -- done
rank 14 | trajectory 125 of circuit 46 -- done
rank 64 | trajectory 96 of circuit 23 -- done
rank 88 | trajectory 132 of circuit 24 -- done
rank 20 | trajectory 37 of circuit 15 -- done
rank 42 | trajectory 55 of circuit 94 -- done
rank 50 | trajectory 179 of circuit 18 -- done
rank 87 | trajectory 138 of circuit 29 -- done
rank 27 | trajectory 12 of circuit 84 -- done
rank 99 | trajectory 186 of circuit 94 -- done
rank 31 | trajectory 70 of circuit 96 -- done
rank 38 | trajectory 50 of circuit 97 -- done
rank 58 | trajectory 90 of circuit 20 -- done
rank 22 | trajectory 62 of circuit 4 -- done
rank 27 | trajectory 52 of circuit 49 -- done
rank 45 | trajectory 148 of circuit 6 -- done
rank 39 | trajectory 188 of circuit 89 -- done
rank 26 | trajectory 163 of circuit 72 -- done
rank 0 | trajectory 25 of circuit 20 -- done
rank 74 | trajectory 127 of circuit 66 -- done
rank 29 | trajectory 100 of circuit 65 -- done
rank 53 | trajectory 119 of circuit 79 -- done
rank 76 | trajectory 3 of circuit 15 -- done
rank 27 | trajectory 68 of circuit 32 -- done
rank 42 | trajectory 96 of circuit 9 -- done
rank 57 | trajectory 91 of circuit 73 -- done
rank 40 | trajectory 178 of circuit 70 -- done
rank 73 | trajectory 135 of circuit 51 -- done
rank 0 | trajectory 30 of circuit 8 -- done
rank 75 | trajectory 124 of circuit 30 -- done
rank 27 | trajectory 42 of circuit 83 -- done
rank 28 | trajectory 110 of circuit 49 -- done
rank 32 | trajectory 27 of circuit 32 -- done
rank 72 | trajectory 74 of circuit 29 -- done
rank 27 | trajectory 69 of circuit 51 -- done
rank 79 | trajectory 181 of circuit 72 -- done
rank 33 | trajectory 31 of circuit 68 -- done
rank 80 | trajectory 21 of circuit 25 -- done
rank 14 | trajectory 155 of circuit 55 -- done
rank 49 | trajectory 2 of circuit 11 -- done
rank 49 | trajectory 58 of circuit 97 -- done
rank 64 | trajectory 177 of circuit 67 -- done
rank 0 | trajectory 110 of circuit 64 -- done
rank 49 | trajectory 76 of circuit 79 -- done
rank 50 | trajectory 158 of circuit 79 -- done
rank 20 | trajectory 127 of circuit 68 -- done
rank 49 | trajectory 16 of circuit 65 -- done
rank 48 | trajectory 26 of circuit 73 -- done
rank 53 | trajectory 181 of circuit 68 -- done
rank 74 | trajectory 22 of circuit 61 -- done
rank 57 | trajectory 182 of circuit 11 -- done
rank 92 | trajectory 64 of circuit 59 -- done
rank 58 | trajectory 50 of circuit 32 -- done
rank 26 | trajectory 174 of circuit 67 -- done
rank 99 | trajectory 3 of circuit 88 -- done
rank 27 | trajectory 93 of circuit 33 -- done
rank 29 | trajectory 166 of circuit 39 -- done
rank 68 | trajectory 96 of circuit 29 -- done
rank 88 | trajectory 101 of circuit 60 -- done
rank 42 | trajectory 161 of circuit 22 -- done
rank 76 | trajectory 84 of circuit 83 -- done
rank 73 | trajectory 105 of circuit 7 -- done
rank 37 | trajectory 160 of circuit 42 -- done
rank 0 | trajectory 17 of circuit 67 -- done
rank 22 | trajectory 8 of circuit 63 -- done
rank 62 | trajectory 13 of circuit 2 -- done
rank 10 | trajectory 23 of circuit 57 -- done
rank 71 | trajectory 132 of circuit 91 -- done
rank 40 | trajectory 7 of circuit 32 -- done
rank 14 | trajectory 150 of circuit 85 -- done
rank 21 | trajectory 103 of circuit 31 -- done
rank 32 | trajectory 166 of circuit 100 -- done
rank 72 | trajectory 31 of circuit 12 -- done
rank 33 | trajectory 183 of circuit 63 -- done
rank 75 | trajectory 128 of circuit 94 -- done
rank 57 | trajectory 10 of circuit 90 -- done
rank 86 | trajectory 65 of circuit 13 -- done
rank 64 | trajectory 134 of circuit 98 -- done
rank 48 | trajectory 68 of circuit 65 -- done
rank 80 | trajectory 138 of circuit 22 -- done
rank 53 | trajectory 85 of circuit 84 -- done
rank 49 | trajectory 136 of circuit 42 -- done
rank 29 | trajectory 160 of circuit 78 -- done
rank 51 | trajectory 14 of circuit 29 -- done
rank 63 | trajectory 176 of circuit 11 -- done
rank 26 | trajectory 86 of circuit 34 -- done
rank 16 | trajectory 64 of circuit 62 -- done
rank 76 | trajectory 183 of circuit 12 -- done
rank 42 | trajectory 71 of circuit 78 -- done
rank 44 | trajectory 5 of circuit 63 -- done
rank 82 | trajectory 90 of circuit 34 -- done
rank 91 | trajectory 87 of circuit 5 -- done
rank 62 | trajectory 53 of circuit 53 -- done
rank 10 | trajectory 178 of circuit 81 -- done
rank 79 | trajectory 79 of circuit 13 -- done
rank 57 | trajectory 110 of circuit 9 -- done
rank 0 | trajectory 134 of circuit 21 -- done
rank 14 | trajectory 103 of circuit 24 -- done
rank 50 | trajectory 73 of circuit 21 -- done
rank 71 | trajectory 32 of circuit 89 -- done
rank 40 | trajectory 186 of circuit 53 -- done
rank 75 | trajectory 28 of circuit 30 -- done
rank 33 | trajectory 42 of circuit 81 -- done
rank 55 | trajectory 112 of circuit 25 -- done
rank 30 | trajectory 31 of circuit 33 -- done
rank 68 | trajectory 190 of circuit 11 -- done
rank 64 | trajectory 173 of circuit 94 -- done
rank 81 | trajectory 52 of circuit 52 -- done
rank 22 | trajectory 120 of circuit 69 -- done
rank 58 | trajectory 63 of circuit 37 -- done
rank 32 | trajectory 47 of circuit 43 -- done
rank 74 | trajectory 26 of circuit 24 -- done
rank 59 | trajectory 3 of circuit 65 -- done
rank 72 | trajectory 51 of circuit 58 -- done
rank 48 | trajectory 78 of circuit 32 -- done
rank 99 | trajectory 61 of circuit 10 -- done
rank 80 | trajectory 63 of circuit 45 -- done
rank 49 | trajectory 22 of circuit 64 -- done
rank 61 | trajectory 93 of circuit 90 -- done
rank 53 | trajectory 166 of circuit 87 -- done
rank 1 | trajectory 14 of circuit 67 -- done
rank 42 | trajectory 35 of circuit 29 -- done
rank 96 | trajectory 64 of circuit 17 -- done
rank 21 | trajectory 157 of circuit 48 -- done
rank 0 | trajectory 51 of circuit 7 -- done
rank 25 | trajectory 94 of circuit 70 -- done
rank 44 | trajectory 24 of circuit 29 -- done
rank 28 | trajectory 60 of circuit 55 -- done
rank 73 | trajectory 174 of circuit 4 -- done
rank 63 | trajectory 14 of circuit 100 -- done
rank 76 | trajectory 49 of circuit 16 -- done
rank 14 | trajectory 162 of circuit 44 -- done
rank 29 | trajectory 150 of circuit 68 -- done
rank 2 | trajectory 125 of circuit 82 -- done
rank 40 | trajectory 103 of circuit 96 -- done
rank 31 | trajectory 28 of circuit 52 -- done
rank 26 | trajectory 110 of circuit 19 -- done
rank 33 | trajectory 62 of circuit 81 -- done
rank 15 | trajectory 11 of circuit 64 -- done
rank 75 | trajectory 166 of circuit 31 -- done
rank 4 | trajectory 162 of circuit 84 -- done
rank 30 | trajectory 111 of circuit 23 -- done
rank 64 | trajectory 81 of circuit 82 -- done
rank 87 | trajectory 43 of circuit 6 -- done
rank 62 | trajectory 179 of circuit 17 -- done
rank 79 | trajectory 129 of circuit 9 -- done
rank 22 | trajectory 148 of circuit 33 -- done
rank 55 | trajectory 117 of circuit 62 -- done
rank 80 | trajectory 97 of circuit 55 -- done
rank 91 | trajectory 33 of circuit 59 -- done
rank 42 | trajectory 186 of circuit 25 -- done
rank 55 | trajectory 62 of circuit 42 -- done
rank 81 | trajectory 2 of circuit 64 -- done
rank 11 | trajectory 11 of circuit 82 -- done
rank 61 | trajectory 111 of circuit 71 -- done
rank 21 | trajectory 63 of circuit 79 -- done
rank 96 | trajectory 186 of circuit 33 -- done
rank 73 | trajectory 111 of circuit 96 -- done
rank 28 | trajectory 133 of circuit 47 -- done
rank 0 | trajectory 38 of circuit 76 -- done
rank 57 | trajectory 180 of circuit 99 -- done
rank 59 | trajectory 73 of circuit 68 -- done
rank 48 | trajectory 93 of circuit 1 -- done
rank 50 | trajectory 6 of circuit 2 -- done
rank 68 | trajectory 183 of circuit 72 -- done
rank 74 | trajectory 158 of circuit 84 -- done
rank 55 | trajectory 161 of circuit 98 -- done
rank 35 | trajectory 139 of circuit 2 -- done
rank 58 | trajectory 140 of circuit 66 -- done
rank 49 | trajectory 133 of circuit 36 -- done
rank 88 | trajectory 189 of circuit 42 -- done
rank 1 | trajectory 6 of circuit 59 -- done
rank 55 | trajectory 73 of circuit 61 -- done
rank 44 | trajectory 68 of circuit 93 -- done
rank 86 | trajectory 170 of circuit 61 -- done
rank 14 | trajectory 153 of circuit 50 -- done
rank 10 | trajectory 118 of circuit 55 -- done
rank 22 | trajectory 144 of circuit 16 -- done
rank 31 | trajectory 74 of circuit 4 -- done
rank 0 | trajectory 2 of circuit 51 -- done
rank 87 | trajectory 168 of circuit 89 -- done
rank 30 | trajectory 178 of circuit 69 -- done
rank 33 | trajectory 87 of circuit 63 -- done
rank 75 | trajectory 94 of circuit 46 -- done
rank 79 | trajectory 134 of circuit 18 -- done
rank 26 | trajectory 135 of circuit 17 -- done
rank 2 | trajectory 144 of circuit 91 -- done
rank 57 | trajectory 3 of circuit 31 -- done
rank 55 | trajectory 16 of circuit 95 -- done
rank 73 | trajectory 125 of circuit 85 -- done
rank 64 | trajectory 132 of circuit 36 -- done
rank 63 | trajectory 67 of circuit 10 -- done
rank 55 | trajectory 166 of circuit 59 -- done
rank 42 | trajectory 125 of circuit 88 -- done
rank 28 | trajectory 21 of circuit 4 -- done
rank 74 | trajectory 167 of circuit 62 -- done
rank 40 | trajectory 190 of circuit 53 -- done
rank 29 | trajectory 64 of circuit 50 -- done
rank 32 | trajectory 126 of circuit 26 -- done
rank 58 | trajectory 190 of circuit 33 -- done
rank 21 | trajectory 35 of circuit 15 -- done
rank 59 | trajectory 11 of circuit 76 -- done
rank 37 | trajectory 164 of circuit 77 -- done
rank 99 | trajectory 32 of circuit 2 -- done
rank 55 | trajectory 190 of circuit 56 -- done
rank 52 | trajectory 126 of circuit 5 -- done
rank 50 | trajectory 184 of circuit 61 -- done
rank 49 | trajectory 69 of circuit 77 -- done
rank 35 | trajectory 29 of circuit 56 -- done
rank 22 | trajectory 151 of circuit 60 -- done
rank 57 | trajectory 72 of circuit 50 -- done
rank 1 | trajectory 5 of circuit 53 -- done
rank 55 | trajectory 183 of circuit 1 -- done
rank 68 | trajectory 63 of circuit 73 -- done
rank 10 | trajectory 45 of circuit 90 -- done
rank 76 | trajectory 91 of circuit 50 -- done
rank 17 | trajectory 77 of circuit 51 -- done
rank 55 | trajectory 181 of circuit 60 -- done
rank 75 | trajectory 118 of circuit 36 -- done
rank 30 | trajectory 87 of circuit 73 -- done
rank 33 | trajectory 96 of circuit 94 -- done
rank 55 | trajectory 128 of circuit 31 -- done
rank 81 | trajectory 44 of circuit 71 -- done
rank 55 | trajectory 162 of circuit 59 -- done
rank 42 | trajectory 130 of circuit 80 -- done
rank 44 | trajectory 114 of circuit 66 -- done
rank 91 | trajectory 192 of circuit 61 -- done
rank 55 | trajectory 147 of circuit 97 -- done
rank 26 | trajectory 111 of circuit 45 -- done
rank 55 | trajectory 131 of circuit 25 -- done
rank 48 | trajectory 82 of circuit 63 -- done
rank 88 | trajectory 47 of circuit 74 -- done
rank 55 | trajectory 170 of circuit 53 -- done
rank 79 | trajectory 5 of circuit 28 -- done
rank 55 | trajectory 119 of circuit 37 -- done
rank 64 | trajectory 181 of circuit 65 -- done
rank 73 | trajectory 175 of circuit 4 -- done
rank 63 | trajectory 53 of circuit 54 -- done
rank 28 | trajectory 174 of circuit 7 -- done
rank 55 | trajectory 46 of circuit 69 -- done
rank 74 | trajectory 163 of circuit 86 -- done
rank 55 | trajectory 123 of circuit 88 -- done
rank 55 | trajectory 172 of circuit 66 -- done
rank 29 | trajectory 177 of circuit 27 -- done
rank 2 | trajectory 151 of circuit 94 -- done
rank 22 | trajectory 145 of circuit 73 -- done
rank 57 | trajectory 169 of circuit 1 -- done
rank 55 | trajectory 75 of circuit 63 -- done
rank 75 | trajectory 50 of circuit 27 -- done
rank 30 | trajectory 39 of circuit 99 -- done
rank 14 | trajectory 117 of circuit 45 -- done
rank 42 | trajectory 57 of circuit 75 -- done
rank 35 | trajectory 37 of circuit 49 -- done
rank 0 | trajectory 161 of circuit 29 -- done
rank 58 | trajectory 156 of circuit 65 -- done
rank 76 | trajectory 5 of circuit 16 -- done
rank 51 | trajectory 108 of circuit 17 -- done
rank 55 | trajectory 146 of circuit 27 -- done
rank 48 | trajectory 51 of circuit 60 -- done
rank 37 | trajectory 52 of circuit 8 -- done
rank 55 | trajectory 159 of circuit 37 -- done
rank 81 | trajectory 37 of circuit 46 -- done
rank 15 | trajectory 106 of circuit 5 -- done
rank 21 | trajectory 141 of circuit 12 -- done
rank 10 | trajectory 135 of circuit 47 -- done
rank 59 | trajectory 109 of circuit 66 -- done
rank 49 | trajectory 104 of circuit 89 -- done
rank 65 | trajectory 110 of circuit 38 -- done
rank 33 | trajectory 55 of circuit 60 -- done
rank 17 | trajectory 66 of circuit 7 -- done
rank 73 | trajectory 120 of circuit 27 -- done
rank 26 | trajectory 180 of circuit 71 -- done
rank 52 | trajectory 176 of circuit 34 -- done
rank 68 | trajectory 159 of circuit 92 -- done
rank 64 | trajectory 76 of circuit 50 -- done
rank 44 | trajectory 82 of circuit 40 -- done
rank 90 | trajectory 189 of circuit 7 -- done
rank 29 | trajectory 170 of circuit 60 -- done
rank 2 | trajectory 123 of circuit 94 -- done
rank 91 | trajectory 135 of circuit 10 -- done
rank 32 | trajectory 110 of circuit 68 -- done
rank 99 | trajectory 163 of circuit 94 -- done
rank 28 | trajectory 72 of circuit 54 -- done
rank 42 | trajectory 110 of circuit 28 -- done
rank 74 | trajectory 159 of circuit 96 -- done
rank 90 | trajectory 31 of circuit 61 -- done
rank 79 | trajectory 76 of circuit 82 -- done
rank 90 | trajectory 9 of circuit 79 -- done
rank 63 | trajectory 113 of circuit 85 -- done
rank 48 | trajectory 9 of circuit 70 -- done
rank 90 | trajectory 110 of circuit 82 -- done
rank 90 | trajectory 2 of circuit 48 -- done
rank 75 | trajectory 168 of circuit 16 -- done
rank 35 | trajectory 123 of circuit 22 -- done
rank 14 | trajectory 54 of circuit 49 -- done
rank 0 | trajectory 119 of circuit 7 -- done
rank 90 | trajectory 33 of circuit 55 -- done
rank 55 | trajectory 68 of circuit 42 -- done
rank 90 | trajectory 21 of circuit 57 -- done
rank 73 | trajectory 47 of circuit 95 -- done
rank 90 | trajectory 69 of circuit 11 -- done
rank 30 | trajectory 102 of circuit 51 -- done
rank 81 | trajectory 111 of circuit 29 -- done
rank 49 | trajectory 134 of circuit 49 -- done
rank 26 | trajectory 159 of circuit 74 -- done
rank 84 | trajectory 5 of circuit 85 -- done
rank 27 | trajectory 133 of circuit 31 -- done
rank 64 | trajectory 185 of circuit 6 -- done
rank 86 | trajectory 36 of circuit 25 -- done
rank 42 | trajectory 45 of circuit 68 -- done
rank 44 | trajectory 108 of circuit 70 -- done
rank 62 | trajectory 98 of circuit 52 -- done
rank 90 | trajectory 55 of circuit 51 -- done
rank 68 | trajectory 56 of circuit 16 -- done
rank 17 | trajectory 94 of circuit 47 -- done
rank 2 | trajectory 87 of circuit 48 -- done
rank 0 | trajectory 3 of circuit 53 -- done
rank 15 | trajectory 41 of circuit 11 -- done
rank 29 | trajectory 122 of circuit 28 -- done
rank 48 | trajectory 141 of circuit 4 -- done
rank 52 | trajectory 43 of circuit 26 -- done
rank 90 | trajectory 182 of circuit 29 -- done
rank 79 | trajectory 173 of circuit 36 -- done
rank 22 | trajectory 133 of circuit 37 -- done
rank 74 | trajectory 110 of circuit 18 -- done
rank 90 | trajectory 116 of circuit 50 -- done
rank 25 | trajectory 84 of circuit 88 -- done
rank 21 | trajectory 41 of circuit 73 -- done
rank 90 | trajectory 131 of circuit 48 -- done
rank 91 | trajectory 105 of circuit 84 -- done
rank 90 | trajectory 4 of circuit 18 -- done
rank 30 | trajectory 5 of circuit 73 -- done
rank 35 | trajectory 144 of circuit 83 -- done
rank 0 | trajectory 4 of circuit 100 -- done
rank 73 | trajectory 136 of circuit 98 -- done
rank 64 | trajectory 75 of circuit 18 -- done
rank 90 | trajectory 128 of circuit 7 -- done
rank 32 | trajectory 146 of circuit 79 -- done
rank 42 | trajectory 68 of circuit 15 -- done
rank 57 | trajectory 64 of circuit 15 -- done
rank 26 | trajectory 108 of circuit 52 -- done
rank 14 | trajectory 101 of circuit 89 -- done
rank 90 | trajectory 97 of circuit 70 -- done
rank 75 | trajectory 11 of circuit 49 -- done
rank 61 | trajectory 148 of circuit 57 -- done
rank 4 | trajectory 59 of circuit 27 -- done
rank 48 | trajectory 65 of circuit 70 -- done
rank 11 | trajectory 18 of circuit 46 -- done
rank 90 | trajectory 136 of circuit 10 -- done
rank 0 | trajectory 133 of circuit 48 -- done
rank 86 | trajectory 27 of circuit 47 -- done
rank 63 | trajectory 168 of circuit 43 -- done
rank 90 | trajectory 191 of circuit 42 -- done
rank 33 | trajectory 159 of circuit 64 -- done
rank 99 | trajectory 139 of circuit 27 -- done
rank 2 | trajectory 141 of circuit 62 -- done
rank 90 | trajectory 83 of circuit 67 -- done
rank 79 | trajectory 81 of circuit 56 -- done
rank 54 | trajectory 152 of circuit 28 -- done
rank 19 | trajectory 154 of circuit 68 -- done
rank 15 | trajectory 45 of circuit 48 -- done
rank 44 | trajectory 100 of circuit 24 -- done
rank 90 | trajectory 46 of circuit 72 -- done
rank 17 | trajectory 161 of circuit 92 -- done
rank 29 | trajectory 168 of circuit 35 -- done
rank 96 | trajectory 40 of circuit 4 -- done
rank 73 | trajectory 153 of circuit 8 -- done
rank 90 | trajectory 126 of circuit 21 -- done
rank 81 | trajectory 105 of circuit 8 -- done
rank 90 | trajectory 76 of circuit 62 -- done
rank 24 | trajectory 169 of circuit 40 -- done
rank 84 | trajectory 136 of circuit 72 -- done
rank 22 | trajectory 43 of circuit 23 -- done
rank 68 | trajectory 46 of circuit 49 -- done
rank 52 | trajectory 36 of circuit 75 -- done
rank 62 | trajectory 146 of circuit 52 -- done
rank 87 | trajectory 186 of circuit 82 -- done
rank 48 | trajectory 119 of circuit 30 -- done
rank 40 | trajectory 69 of circuit 97 -- done
rank 90 | trajectory 80 of circuit 10 -- done
rank 14 | trajectory 88 of circuit 84 -- done
rank 42 | trajectory 179 of circuit 41 -- done
rank 74 | trajectory 188 of circuit 81 -- done
rank 64 | trajectory 8 of circuit 80 -- done
rank 0 | trajectory 188 of circuit 64 -- done
rank 57 | trajectory 8 of circuit 98 -- done
rank 90 | trajectory 74 of circuit 87 -- done
rank 26 | trajectory 149 of circuit 42 -- done
rank 21 | trajectory 11 of circuit 53 -- done
rank 33 | trajectory 140 of circuit 99 -- done
rank 90 | trajectory 152 of circuit 43 -- done
rank 30 | trajectory 15 of circuit 50 -- done
rank 91 | trajectory 179 of circuit 26 -- done
rank 63 | trajectory 160 of circuit 99 -- done
rank 90 | trajectory 3 of circuit 74 -- done
rank 2 | trajectory 138 of circuit 2 -- done
rank 79 | trajectory 159 of circuit 77 -- done
rank 10 | trajectory 115 of circuit 36 -- done
rank 25 | trajectory 159 of circuit 67 -- done
rank 2 | trajectory 130 of circuit 35 -- done
rank 32 | trajectory 137 of circuit 40 -- done
rank 96 | trajectory 156 of circuit 84 -- done
rank 0 | trajectory 62 of circuit 97 -- done
rank 35 | trajectory 74 of circuit 95 -- done
rank 90 | trajectory 82 of circuit 99 -- done
rank 86 | trajectory 155 of circuit 58 -- done
rank 48 | trajectory 87 of circuit 58 -- done
rank 15 | trajectory 3 of circuit 5 -- done
rank 54 | trajectory 35 of circuit 68 -- done
rank 75 | trajectory 181 of circuit 96 -- done
rank 22 | trajectory 21 of circuit 61 -- done
rank 90 | trajectory 50 of circuit 64 -- done
rank 73 | trajectory 128 of circuit 36 -- done
rank 65 | trajectory 60 of circuit 64 -- done
rank 29 | trajectory 142 of circuit 85 -- done
rank 42 | trajectory 77 of circuit 8 -- done
rank 87 | trajectory 71 of circuit 57 -- done
rank 90 | trajectory 57 of circuit 81 -- done
rank 17 | trajectory 48 of circuit 26 -- done
rank 64 | trajectory 86 of circuit 59 -- done
rank 90 | trajectory 44 of circuit 95 -- done
rank 27 | trajectory 86 of circuit 80 -- done
rank 55 | trajectory 135 of circuit 62 -- done
rank 57 | trajectory 74 of circuit 51 -- done
rank 90 | trajectory 88 of circuit 30 -- done
rank 84 | trajectory 118 of circuit 54 -- done
rank 0 | trajectory 146 of circuit 45 -- done
rank 44 | trajectory 121 of circuit 69 -- done
rank 68 | trajectory 101 of circuit 65 -- done
rank 76 | trajectory 36 of circuit 29 -- done
rank 74 | trajectory 72 of circuit 44 -- done
rank 62 | trajectory 114 of circuit 82 -- done
rank 90 | trajectory 22 of circuit 44 -- done
rank 40 | trajectory 167 of circuit 14 -- done
rank 26 | trajectory 134 of circuit 72 -- done
rank 37 | trajectory 186 of circuit 61 -- done
rank 52 | trajectory 119 of circuit 1 -- done
rank 90 | trajectory 20 of circuit 80 -- done
rank 0 | trajectory 154 of circuit 85 -- done
rank 21 | trajectory 23 of circuit 92 -- done
rank 14 | trajectory 145 of circuit 20 -- done
rank 90 | trajectory 166 of circuit 56 -- done
rank 91 | trajectory 63 of circuit 56 -- done
rank 33 | trajectory 60 of circuit 6 -- done
rank 88 | trajectory 11 of circuit 79 -- done
rank 48 | trajectory 38 of circuit 75 -- done
rank 42 | trajectory 54 of circuit 62 -- done
rank 0 | trajectory 67 of circuit 48 -- done
rank 86 | trajectory 127 of circuit 23 -- done
rank 30 | trajectory 112 of circuit 32 -- done
rank 87 | trajectory 190 of circuit 31 -- done
rank 22 | trajectory 77 of circuit 4 -- done
rank 90 | trajectory 26 of circuit 79 -- done
rank 19 | trajectory 43 of circuit 64 -- done
rank 57 | trajectory 32 of circuit 6 -- done
rank 54 | trajectory 147 of circuit 56 -- done
rank 90 | trajectory 14 of circuit 80 -- done
rank 15 | trajectory 53 of circuit 100 -- done
rank 64 | trajectory 79 of circuit 46 -- done
rank 63 | trajectory 149 of circuit 93 -- done
rank 73 | trajectory 30 of circuit 64 -- done
rank 17 | trajectory 182 of circuit 81 -- done
rank 90 | trajectory 184 of circuit 45 -- done
rank 26 | trajectory 187 of circuit 71 -- done
rank 8 | trajectory 167 of circuit 70 -- done
rank 29 | trajectory 188 of circuit 47 -- done
rank 65 | trajectory 135 of circuit 55 -- done
rank 68 | trajectory 30 of circuit 70 -- done
rank 24 | trajectory 115 of circuit 54 -- done
rank 33 | trajectory 82 of circuit 42 -- done
rank 90 | trajectory 146 of circuit 69 -- done
rank 79 | trajectory 100 of circuit 82 -- done
rank 0 | trajectory 192 of circuit 43 -- done
rank 44 | trajectory 25 of circuit 41 -- done
rank 27 | trajectory 82 of circuit 27 -- done
rank 96 | trajectory 98 of circuit 49 -- done
rank 14 | trajectory 94 of circuit 20 -- done
rank 75 | trajectory 96 of circuit 14 -- done
rank 66 | trajectory 48 of circuit 21 -- done
rank 42 | trajectory 33 of circuit 26 -- done
rank 81 | trajectory 20 of circuit 89 -- done
rank 90 | trajectory 86 of circuit 61 -- done
rank 66 | trajectory 13 of circuit 100 -- done
rank 37 | trajectory 155 of circuit 50 -- done
rank 74 | trajectory 139 of circuit 18 -- done
rank 30 | trajectory 43 of circuit 20 -- done
rank 86 | trajectory 159 of circuit 57 -- done
rank 48 | trajectory 63 of circuit 2 -- done
rank 22 | trajectory 56 of circuit 46 -- done
rank 40 | trajectory 181 of circuit 44 -- done
rank 90 | trajectory 56 of circuit 8 -- done
rank 91 | trajectory 38 of circuit 17 -- done
rank 76 | trajectory 29 of circuit 44 -- done
rank 52 | trajectory 1 of circuit 59 -- done
rank 15 | trajectory 101 of circuit 41 -- done
rank 19 | trajectory 185 of circuit 65 -- done
rank 90 | trajectory 65 of circuit 23 -- done
rank 57 | trajectory 24 of circuit 100 -- done
rank 73 | trajectory 85 of circuit 4 -- done
rank 66 | trajectory 23 of circuit 51 -- done
rank 64 | trajectory 130 of circuit 50 -- done
rank 65 | trajectory 14 of circuit 13 -- done
rank 32 | trajectory 25 of circuit 49 -- done
rank 10 | trajectory 81 of circuit 60 -- done
rank 79 | trajectory 113 of circuit 70 -- done
rank 66 | trajectory 146 of circuit 40 -- done
rank 25 | trajectory 31 of circuit 24 -- done
rank 90 | trajectory 104 of circuit 79 -- done
rank 0 | trajectory 83 of circuit 9 -- done
rank 54 | trajectory 136 of circuit 97 -- done
rank 90 | trajectory 121 of circuit 37 -- done
rank 33 | trajectory 70 of circuit 94 -- done
rank 29 | trajectory 159 of circuit 49 -- done
rank 63 | trajectory 177 of circuit 41 -- done
rank 44 | trajectory 34 of circuit 10 -- done
rank 2 | trajectory 137 of circuit 28 -- done
rank 14 | trajectory 172 of circuit 32 -- done
rank 0 | trajectory 14 of circuit 56 -- done
rank 90 | trajectory 187 of circuit 87 -- done
rank 17 | trajectory 186 of circuit 40 -- done
rank 8 | trajectory 31 of circuit 76 -- done
rank 91 | trajectory 174 of circuit 10 -- done
rank 87 | trajectory 24 of circuit 38 -- done
rank 48 | trajectory 61 of circuit 77 -- done
rank 57 | trajectory 94 of circuit 100 -- done
rank 96 | trajectory 112 of circuit 52 -- done
rank 99 | trajectory 124 of circuit 80 -- done
rank 30 | trajectory 93 of circuit 40 -- done
rank 74 | trajectory 171 of circuit 19 -- done
rank 21 | trajectory 179 of circuit 52 -- done
rank 68 | trajectory 153 of circuit 41 -- done
rank 9 | trajectory 65 of circuit 33 -- done
rank 76 | trajectory 27 of circuit 43 -- done
rank 86 | trajectory 121 of circuit 49 -- done
rank 85 | trajectory 6 of circuit 51 -- done
rank 90 | trajectory 29 of circuit 49 -- done
rank 15 | trajectory 33 of circuit 66 -- done
rank 19 | trajectory 38 of circuit 44 -- done
rank 85 | trajectory 15 of circuit 91 -- done
rank 66 | trajectory 159 of circuit 71 -- done
rank 81 | trajectory 36 of circuit 74 -- done
rank 73 | trajectory 165 of circuit 4 -- done
rank 26 | trajectory 173 of circuit 37 -- done
rank 61 | trajectory 158 of circuit 98 -- done
rank 25 | trajectory 118 of circuit 58 -- done
rank 79 | trajectory 186 of circuit 69 -- done
rank 66 | trajectory 55 of circuit 90 -- done
rank 52 | trajectory 35 of circuit 79 -- done
rank 85 | trajectory 52 of circuit 61 -- done
rank 29 | trajectory 124 of circuit 97 -- done
rank 75 | trajectory 26 of circuit 15 -- done
rank 22 | trajectory 190 of circuit 54 -- done
rank 85 | trajectory 3 of circuit 28 -- done
rank 44 | trajectory 128 of circuit 37 -- done
rank 0 | trajectory 189 of circuit 73 -- done
rank 33 | trajectory 1 of circuit 67 -- done
rank 10 | trajectory 84 of circuit 10 -- done
rank 40 | trajectory 107 of circuit 47 -- done
rank 2 | trajectory 110 of circuit 13 -- done
rank 54 | trajectory 160 of circuit 33 -- done
rank 87 | trajectory 92 of circuit 90 -- done
rank 14 | trajectory 130 of circuit 59 -- done
rank 66 | trajectory 51 of circuit 15 -- done
rank 48 | trajectory 27 of circuit 20 -- done
rank 63 | trajectory 47 of circuit 24 -- done
rank 11 | trajectory 141 of circuit 19 -- done
rank 96 | trajectory 177 of circuit 33 -- done
rank 74 | trajectory 135 of circuit 61 -- done
rank 37 | trajectory 50 of circuit 9 -- done
rank 55 | trajectory 140 of circuit 58 -- done
rank 32 | trajectory 59 of circuit 46 -- done
rank 57 | trajectory 30 of circuit 71 -- done
rank 66 | trajectory 12 of circuit 79 -- done
rank 90 | trajectory 38 of circuit 24 -- done
rank 0 | trajectory 112 of circuit 93 -- done
rank 8 | trajectory 47 of circuit 31 -- done
rank 90 | trajectory 68 of circuit 100 -- done
rank 15 | trajectory 14 of circuit 88 -- done
rank 91 | trajectory 107 of circuit 28 -- done
rank 73 | trajectory 61 of circuit 71 -- done
rank 90 | trajectory 95 of circuit 13 -- done
rank 21 | trajectory 94 of circuit 55 -- done
rank 17 | trajectory 185 of circuit 13 -- done
rank 24 | trajectory 99 of circuit 94 -- done
rank 30 | trajectory 97 of circuit 41 -- done
rank 68 | trajectory 155 of circuit 9 -- done
rank 61 | trajectory 131 of circuit 66 -- done
rank 58 | trajectory 60 of circuit 26 -- done
rank 19 | trajectory 76 of circuit 74 -- done
rank 25 | trajectory 158 of circuit 63 -- done
rank 90 | trajectory 73 of circuit 86 -- done
rank 22 | trajectory 89 of circuit 61 -- done
rank 66 | trajectory 50 of circuit 58 -- done
rank 26 | trajectory 76 of circuit 56 -- done
rank 76 | trajectory 166 of circuit 53 -- done
rank 65 | trajectory 147 of circuit 37 -- done
rank 33 | trajectory 73 of circuit 32 -- done
rank 99 | trajectory 126 of circuit 28 -- done
rank 2 | trajectory 111 of circuit 76 -- done
rank 66 | trajectory 65 of circuit 19 -- done
rank 48 | trajectory 83 of circuit 73 -- done
rank 14 | trajectory 77 of circuit 92 -- done
rank 12 | trajectory 45 of circuit 86 -- done
rank 86 | trajectory 82 of circuit 12 -- done
rank 52 | trajectory 183 of circuit 18 -- done
rank 12 | trajectory 112 of circuit 2 -- done
rank 57 | trajectory 18 of circuit 81 -- done
rank 32 | trajectory 151 of circuit 83 -- done
rank 90 | trajectory 16 of circuit 15 -- done
rank 12 | trajectory 17 of circuit 55 -- done
rank 35 | trajectory 136 of circuit 5 -- done
rank 81 | trajectory 40 of circuit 37 -- done
rank 73 | trajectory 163 of circuit 33 -- done
rank 44 | trajectory 145 of circuit 65 -- done
rank 74 | trajectory 57 of circuit 67 -- done
rank 63 | trajectory 72 of circuit 10 -- done
rank 62 | trajectory 189 of circuit 13 -- done
rank 91 | trajectory 54 of circuit 89 -- done
rank 87 | trajectory 97 of circuit 83 -- done
rank 0 | trajectory 168 of circuit 9 -- done
rank 66 | trajectory 184 of circuit 88 -- done
rank 12 | trajectory 152 of circuit 93 -- done
rank 84 | trajectory 119 of circuit 99 -- done
rank 30 | trajectory 4 of circuit 47 -- done
rank 10 | trajectory 157 of circuit 74 -- done
rank 29 | trajectory 187 of circuit 100 -- done
rank 54 | trajectory 60 of circuit 76 -- done
rank 22 | trajectory 90 of circuit 24 -- done
rank 8 | trajectory 6 of circuit 67 -- done
rank 37 | trajectory 178 of circuit 14 -- done
rank 79 | trajectory 89 of circuit 71 -- done
rank 66 | trajectory 63 of circuit 24 -- done
rank 65 | trajectory 103 of circuit 50 -- done
rank 58 | trajectory 31 of circuit 2 -- done
rank 12 | trajectory 132 of circuit 94 -- done
rank 75 | trajectory 90 of circuit 26 -- done
rank 61 | trajectory 53 of circuit 72 -- done
rank 26 | trajectory 157 of circuit 45 -- done
rank 90 | trajectory 133 of circuit 46 -- done
rank 15 | trajectory 21 of circuit 58 -- done
rank 12 | trajectory 104 of circuit 21 -- done
rank 14 | trajectory 182 of circuit 64 -- done
rank 21 | trajectory 90 of circuit 82 -- done
rank 48 | trajectory 59 of circuit 4 -- done
rank 12 | trajectory 115 of circuit 42 -- done
rank 19 | trajectory 35 of circuit 66 -- done
rank 68 | trajectory 131 of circuit 35 -- done
rank 83 | trajectory 4 of circuit 77 -- done
rank 12 | trajectory 90 of circuit 8 -- done
rank 66 | trajectory 3 of circuit 30 -- done
rank 90 | trajectory 48 of circuit 51 -- done
rank 24 | trajectory 132 of circuit 20 -- done
rank 12 | trajectory 102 of circuit 67 -- done
rank 98 | trajectory 59 of circuit 32 -- done
rank 12 | trajectory 165 of circuit 80 -- done
rank 66 | trajectory 20 of circuit 37 -- done
rank 16 | trajectory 160 of circuit 89 -- done
rank 2 | trajectory 67 of circuit 81 -- done
rank 33 | trajectory 92 of circuit 6 -- done
rank 12 | trajectory 8 of circuit 52 -- done
rank 90 | trajectory 30 of circuit 14 -- done
rank 22 | trajectory 29 of circuit 48 -- done
rank 91 | trajectory 94 of circuit 28 -- done
rank 25 | trajectory 6 of circuit 92 -- done
rank 17 | trajectory 126 of circuit 68 -- done
rank 87 | trajectory 161 of circuit 91 -- done
rank 12 | trajectory 70 of circuit 59 -- done
rank 52 | trajectory 44 of circuit 96 -- done
rank 63 | trajectory 167 of circuit 60 -- done
rank 30 | trajectory 9 of circuit 37 -- done
rank 84 | trajectory 58 of circuit 9 -- done
rank 12 | trajectory 21 of circuit 97 -- done
rank 32 | trajectory 125 of circuit 27 -- done
rank 81 | trajectory 28 of circuit 83 -- done
rank 90 | trajectory 169 of circuit 99 -- done
rank 12 | trajectory 142 of circuit 39 -- done
rank 73 | trajectory 31 of circuit 13 -- done
rank 74 | trajectory 59 of circuit 99 -- done
rank 61 | trajectory 140 of circuit 22 -- done
rank 99 | trajectory 143 of circuit 12 -- done
rank 12 | trajectory 183 of circuit 4 -- done
rank 26 | trajectory 155 of circuit 22 -- done
rank 0 | trajectory 58 of circuit 62 -- done
rank 29 | trajectory 101 of circuit 96 -- done
rank 54 | trajectory 137 of circuit 89 -- done
rank 65 | trajectory 136 of circuit 11 -- done
rank 8 | trajectory 48 of circuit 63 -- done
rank 57 | trajectory 101 of circuit 63 -- done
rank 86 | trajectory 162 of circuit 70 -- done
rank 22 | trajectory 44 of circuit 44 -- done
rank 15 | trajectory 94 of circuit 90 -- done
rank 55 | trajectory 79 of circuit 16 -- done
rank 27 | trajectory 13 of circuit 42 -- done
rank 48 | trajectory 62 of circuit 54 -- done
rank 10 | trajectory 137 of circuit 93 -- done
rank 90 | trajectory 99 of circuit 37 -- done
rank 22 | trajectory 96 of circuit 45 -- done
rank 68 | trajectory 128 of circuit 85 -- done
rank 56 | trajectory 92 of circuit 55 -- done
rank 44 | trajectory 133 of circuit 56 -- done
rank 90 | trajectory 17 of circuit 14 -- done
rank 16 | trajectory 31 of circuit 77 -- done
rank 91 | trajectory 90 of circuit 68 -- done
rank 33 | trajectory 23 of circuit 27 -- done
rank 0 | trajectory 63 of circuit 60 -- done
rank 12 | trajectory 55 of circuit 93 -- done
rank 98 | trajectory 37 of circuit 78 -- done
rank 14 | trajectory 16 of circuit 58 -- done
rank 75 | trajectory 30 of circuit 28 -- done
rank 32 | trajectory 172 of circuit 81 -- done
rank 30 | trajectory 144 of circuit 97 -- done
rank 81 | trajectory 98 of circuit 83 -- done
rank 19 | trajectory 2 of circuit 33 -- done
rank 17 | trajectory 107 of circuit 49 -- done
rank 74 | trajectory 93 of circuit 82 -- done
rank 79 | trajectory 147 of circuit 60 -- done
rank 25 | trajectory 153 of circuit 2 -- done
rank 37 | trajectory 156 of circuit 51 -- done
rank 84 | trajectory 124 of circuit 55 -- done
rank 63 | trajectory 150 of circuit 94 -- done
rank 73 | trajectory 178 of circuit 17 -- done
rank 12 | trajectory 110 of circuit 31 -- done
rank 66 | trajectory 190 of circuit 49 -- done
rank 90 | trajectory 175 of circuit 52 -- done
rank 22 | trajectory 11 of circuit 78 -- done
rank 61 | trajectory 156 of circuit 63 -- done
rank 29 | trajectory 162 of circuit 88 -- done
rank 21 | trajectory 154 of circuit 100 -- done
rank 57 | trajectory 190 of circuit 44 -- done
rank 54 | trajectory 9 of circuit 15 -- done
rank 0 | trajectory 12 of circuit 40 -- done
rank 86 | trajectory 58 of circuit 79 -- done
rank 26 | trajectory 189 of circuit 60 -- done
rank 90 | trajectory 94 of circuit 76 -- done
rank 65 | trajectory 165 of circuit 54 -- done
rank 52 | trajectory 89 of circuit 57 -- done
rank 15 | trajectory 58 of circuit 10 -- done
rank 39 | trajectory 119 of circuit 51 -- done
rank 91 | trajectory 20 of circuit 93 -- done
rank 56 | trajectory 12 of circuit 81 -- done
rank 10 | trajectory 35 of circuit 85 -- done
rank 14 | trajectory 169 of circuit 43 -- done
rank 8 | trajectory 172 of circuit 49 -- done
rank 75 | trajectory 3 of circuit 21 -- done
rank 12 | trajectory 185 of circuit 89 -- done
rank 2 | trajectory 3 of circuit 90 -- done
rank 30 | trajectory 8 of circuit 72 -- done
rank 73 | trajectory 170 of circuit 8 -- done
rank 5 | trajectory 57 of circuit 19 -- done
rank 74 | trajectory 85 of circuit 72 -- done
rank 79 | trajectory 125 of circuit 3 -- done
rank 17 | trajectory 78 of circuit 53 -- done
rank 99 | trajectory 80 of circuit 67 -- done
rank 0 | trajectory 27 of circuit 11 -- done
rank 55 | trajectory 27 of circuit 50 -- done
rank 21 | trajectory 149 of circuit 89 -- done
rank 98 | trajectory 24 of circuit 70 -- done
rank 57 | trajectory 17 of circuit 43 -- done
rank 9 | trajectory 111 of circuit 49 -- done
rank 25 | trajectory 127 of circuit 89 -- done
rank 48 | trajectory 64 of circuit 82 -- done
rank 68 | trajectory 120 of circuit 85 -- done
rank 29 | trajectory 165 of circuit 89 -- done
rank 61 | trajectory 108 of circuit 79 -- done
rank 44 | trajectory 91 of circuit 70 -- done
rank 81 | trajectory 53 of circuit 5 -- done
rank 22 | trajectory 6 of circuit 45 -- done
rank 63 | trajectory 184 of circuit 54 -- done
rank 58 | trajectory 17 of circuit 61 -- done
rank 87 | trajectory 130 of circuit 90 -- done
rank 19 | trajectory 36 of circuit 63 -- done
rank 15 | trajectory 155 of circuit 52 -- done
rank 62 | trajectory 160 of circuit 88 -- done
rank 90 | trajectory 144 of circuit 31 -- done
rank 86 | trajectory 8 of circuit 92 -- done
rank 73 | trajectory 171 of circuit 83 -- done
rank 16 | trajectory 56 of circuit 7 -- done
rank 14 | trajectory 171 of circuit 16 -- done
rank 79 | trajectory 115 of circuit 51 -- done
rank 54 | trajectory 70 of circuit 89 -- done
rank 10 | trajectory 95 of circuit 97 -- done
rank 65 | trajectory 91 of circuit 4 -- done
rank 30 | trajectory 35 of circuit 6 -- done
rank 57 | trajectory 109 of circuit 58 -- done
rank 39 | trajectory 172 of circuit 62 -- done
rank 37 | trajectory 38 of circuit 36 -- done
rank 74 | trajectory 156 of circuit 28 -- done
rank 11 | trajectory 42 of circuit 5 -- done
rank 56 | trajectory 41 of circuit 93 -- done
rank 90 | trajectory 53 of circuit 47 -- done
rank 2 | trajectory 108 of circuit 91 -- done
rank 8 | trajectory 115 of circuit 60 -- done
rank 21 | trajectory 60 of circuit 22 -- done
rank 75 | trajectory 136 of circuit 100 -- done
rank 52 | trajectory 139 of circuit 7 -- done
rank 84 | trajectory 76 of circuit 27 -- done
rank 0 | trajectory 13 of circuit 81 -- done
rank 17 | trajectory 132 of circuit 61 -- done
rank 87 | trajectory 74 of circuit 12 -- done
rank 66 | trajectory 49 of circuit 71 -- done
rank 68 | trajectory 83 of circuit 4 -- done
rank 7 | trajectory 101 of circuit 5 -- done
rank 22 | trajectory 20 of circuit 84 -- done
rank 5 | trajectory 174 of circuit 45 -- done
rank 61 | trajectory 69 of circuit 41 -- done
rank 29 | trajectory 44 of circuit 66 -- done
rank 68 | trajectory 48 of circuit 22 -- done
rank 25 | trajectory 182 of circuit 85 -- done
rank 44 | trajectory 92 of circuit 67 -- done
rank 81 | trajectory 26 of circuit 46 -- done
rank 19 | trajectory 49 of circuit 6 -- done
rank 90 | trajectory 77 of circuit 55 -- done
rank 9 | trajectory 34 of circuit 2 -- done
rank 96 | trajectory 94 of circuit 86 -- done
rank 91 | trajectory 176 of circuit 2 -- done
rank 99 | trajectory 60 of circuit 30 -- done
rank 90 | trajectory 186 of circuit 60 -- done
rank 15 | trajectory 55 of circuit 14 -- done
rank 14 | trajectory 170 of circuit 67 -- done
rank 76 | trajectory 172 of circuit 10 -- done
rank 62 | trajectory 156 of circuit 36 -- done
rank 82 | trajectory 6 of circuit 27 -- done
rank 73 | trajectory 173 of circuit 50 -- done
rank 65 | trajectory 172 of circuit 71 -- done
rank 21 | trajectory 151 of circuit 92 -- done
rank 57 | trajectory 159 of circuit 33 -- done
rank 58 | trajectory 69 of circuit 42 -- done
rank 68 | trajectory 118 of circuit 39 -- done
rank 0 | trajectory 10 of circuit 3 -- done
rank 11 | trajectory 120 of circuit 73 -- done
rank 16 | trajectory 82 of circuit 28 -- done
rank 81 | trajectory 78 of circuit 6 -- done
rank 8 | trajectory 61 of circuit 76 -- done
rank 29 | trajectory 39 of circuit 36 -- done
rank 66 | trajectory 52 of circuit 90 -- done
rank 48 | trajectory 106 of circuit 77 -- done
rank 74 | trajectory 62 of circuit 19 -- done
rank 56 | trajectory 106 of circuit 45 -- done
rank 87 | trajectory 133 of circuit 22 -- done
rank 39 | trajectory 125 of circuit 47 -- done
rank 61 | trajectory 105 of circuit 23 -- done
rank 25 | trajectory 167 of circuit 17 -- done
rank 54 | trajectory 158 of circuit 50 -- done
rank 34 | trajectory 87 of circuit 91 -- done
rank 7 | trajectory 85 of circuit 51 -- done
rank 84 | trajectory 140 of circuit 63 -- done
rank 99 | trajectory 84 of circuit 9 -- done
rank 52 | trajectory 74 of circuit 19 -- done
rank 44 | trajectory 118 of circuit 82 -- done
rank 91 | trajectory 160 of circuit 69 -- done
rank 76 | trajectory 135 of circuit 99 -- done
rank 30 | trajectory 42 of circuit 16 -- done
rank 79 | trajectory 185 of circuit 57 -- done
rank 75 | trajectory 145 of circuit 48 -- done
rank 96 | trajectory 145 of circuit 5 -- done
rank 86 | trajectory 112 of circuit 61 -- done
rank 5 | trajectory 26 of circuit 3 -- done
rank 57 | trajectory 23 of circuit 24 -- done
rank 58 | trajectory 166 of circuit 45 -- done
rank 62 | trajectory 83 of circuit 50 -- done
rank 65 | trajectory 114 of circuit 4 -- done
rank 22 | trajectory 3 of circuit 81 -- done
rank 21 | trajectory 139 of circuit 33 -- done
rank 77 | trajectory 122 of circuit 43 -- done
rank 23 | trajectory 102 of circuit 47 -- done
rank 48 | trajectory 81 of circuit 84 -- done
rank 15 | trajectory 99 of circuit 83 -- done
rank 19 | trajectory 147 of circuit 71 -- done
rank 16 | trajectory 98 of circuit 69 -- done
rank 16 | trajectory 109 of circuit 12 -- done
rank 73 | trajectory 104 of circuit 81 -- done
rank 17 | trajectory 82 of circuit 22 -- done
rank 74 | trajectory 21 of circuit 31 -- done
rank 8 | trajectory 39 of circuit 5 -- done
rank 14 | trajectory 83 of circuit 47 -- done
rank 68 | trajectory 59 of circuit 87 -- done
rank 43 | trajectory 83 of circuit 12 -- done
rank 99 | trajectory 22 of circuit 10 -- done
rank 57 | trajectory 21 of circuit 5 -- done
rank 29 | trajectory 130 of circuit 60 -- done
rank 63 | trajectory 134 of circuit 53 -- done
rank 16 | trajectory 8 of circuit 38 -- done
rank 91 | trajectory 47 of circuit 66 -- done
rank 18 | trajectory 151 of circuit 74 -- done
rank 56 | trajectory 75 of circuit 64 -- done
rank 79 | trajectory 154 of circuit 43 -- done
rank 66 | trajectory 25 of circuit 89 -- done
rank 52 | trajectory 65 of circuit 86 -- done
rank 24 | trajectory 184 of circuit 42 -- done
rank 61 | trajectory 141 of circuit 61 -- done
rank 76 | trajectory 186 of circuit 67 -- done
rank 12 | trajectory 10 of circuit 74 -- done
rank 84 | trajectory 85 of circuit 1 -- done
rank 7 | trajectory 179 of circuit 87 -- done
rank 16 | trajectory 60 of circuit 80 -- done
rank 22 | trajectory 25 of circuit 64 -- done
rank 54 | trajectory 20 of circuit 29 -- done
rank 75 | trajectory 185 of circuit 45 -- done
rank 44 | trajectory 152 of circuit 10 -- done
rank 21 | trajectory 170 of circuit 75 -- done
rank 58 | trajectory 103 of circuit 4 -- done
rank 30 | trajectory 95 of circuit 58 -- done
rank 34 | trajectory 70 of circuit 78 -- done
rank 96 | trajectory 161 of circuit 9 -- done
rank 23 | trajectory 112 of circuit 87 -- done
rank 81 | trajectory 6 of circuit 57 -- done
rank 62 | trajectory 47 of circuit 58 -- done
rank 19 | trajectory 28 of circuit 32 -- done
rank 87 | trajectory 64 of circuit 54 -- done
rank 48 | trajectory 128 of circuit 51 -- done
rank 86 | trajectory 6 of circuit 77 -- done
rank 77 | trajectory 81 of circuit 4 -- done
rank 79 | trajectory 178 of circuit 27 -- done
rank 65 | trajectory 24 of circuit 4 -- done
rank 14 | trajectory 148 of circuit 25 -- done
rank 61 | trajectory 159 of circuit 6 -- done
rank 15 | trajectory 27 of circuit 79 -- done
rank 5 | trajectory 156 of circuit 44 -- done
rank 91 | trajectory 82 of circuit 75 -- done
rank 75 | trajectory 55 of circuit 25 -- done
rank 84 | trajectory 53 of circuit 22 -- done
rank 55 | trajectory 189 of circuit 53 -- done
rank 99 | trajectory 65 of circuit 54 -- done
rank 17 | trajectory 110 of circuit 8 -- done
rank 8 | trajectory 2 of circuit 90 -- done
rank 57 | trajectory 134 of circuit 48 -- done
rank 21 | trajectory 143 of circuit 87 -- done
rank 74 | trajectory 179 of circuit 42 -- done
rank 66 | trajectory 24 of circuit 36 -- done
rank 18 | trajectory 48 of circuit 89 -- done
rank 52 | trajectory 17 of circuit 52 -- done
rank 44 | trajectory 140 of circuit 40 -- done
rank 16 | trajectory 44 of circuit 11 -- done
rank 48 | trajectory 120 of circuit 49 -- done
rank 76 | trajectory 136 of circuit 67 -- done
rank 81 | trajectory 48 of circuit 38 -- done
rank 73 | trajectory 142 of circuit 76 -- done
rank 7 | trajectory 138 of circuit 93 -- done
rank 63 | trajectory 191 of circuit 41 -- done
rank 68 | trajectory 161 of circuit 77 -- done
rank 4 | trajectory 70 of circuit 29 -- done
rank 62 | trajectory 109 of circuit 79 -- done
rank 23 | trajectory 78 of circuit 10 -- done
rank 86 | trajectory 191 of circuit 24 -- done
rank 87 | trajectory 48 of circuit 72 -- done
rank 79 | trajectory 187 of circuit 62 -- done
rank 43 | trajectory 186 of circuit 75 -- done
rank 29 | trajectory 74 of circuit 16 -- done
rank 10 | trajectory 139 of circuit 26 -- done
rank 34 | trajectory 132 of circuit 11 -- done
rank 14 | trajectory 131 of circuit 43 -- done
rank 30 | trajectory 24 of circuit 98 -- done
rank 22 | trajectory 122 of circuit 19 -- done
rank 96 | trajectory 129 of circuit 17 -- done
rank 91 | trajectory 187 of circuit 6 -- done
rank 57 | trajectory 130 of circuit 72 -- done
rank 58 | trajectory 28 of circuit 87 -- done
rank 61 | trajectory 188 of circuit 9 -- done
rank 24 | trajectory 30 of circuit 87 -- done
rank 8 | trajectory 29 of circuit 51 -- done
rank 55 | trajectory 160 of circuit 14 -- done
rank 2 | trajectory 42 of circuit 67 -- done
rank 17 | trajectory 171 of circuit 79 -- done
rank 48 | trajectory 108 of circuit 46 -- done
rank 84 | trajectory 62 of circuit 53 -- done
rank 52 | trajectory 3 of circuit 89 -- done
rank 74 | trajectory 58 of circuit 99 -- done
rank 21 | trajectory 83 of circuit 19 -- done
rank 82 | trajectory 160 of circuit 26 -- done
rank 99 | trajectory 31 of circuit 54 -- done
rank 78 | trajectory 64 of circuit 12 -- done
rank 16 | trajectory 33 of circuit 46 -- done
rank 44 | trajectory 83 of circuit 93 -- done
rank 5 | trajectory 119 of circuit 55 -- done
rank 15 | trajectory 32 of circuit 68 -- done
rank 52 | trajectory 115 of circuit 71 -- done
rank 1 | trajectory 28 of circuit 82 -- done
rank 77 | trajectory 126 of circuit 74 -- done
rank 54 | trajectory 64 of circuit 66 -- done
rank 57 | trajectory 136 of circuit 43 -- done
rank 73 | trajectory 179 of circuit 3 -- done
rank 50 | trajectory 2 of circuit 82 -- done
rank 78 | trajectory 21 of circuit 14 -- done
rank 76 | trajectory 86 of circuit 20 -- done
rank 78 | trajectory 25 of circuit 56 -- done
rank 30 | trajectory 22 of circuit 37 -- done
rank 78 | trajectory 78 of circuit 69 -- done
rank 68 | trajectory 178 of circuit 96 -- done
rank 63 | trajectory 143 of circuit 93 -- done
rank 78 | trajectory 9 of circuit 96 -- done
rank 48 | trajectory 49 of circuit 20 -- done
rank 34 | trajectory 50 of circuit 42 -- done
rank 7 | trajectory 105 of circuit 88 -- done
rank 75 | trajectory 69 of circuit 34 -- done
rank 41 | trajectory 72 of circuit 79 -- done
rank 91 | trajectory 57 of circuit 65 -- done
rank 70 | trajectory 42 of circuit 97 -- done
rank 78 | trajectory 56 of circuit 30 -- done
rank 78 | trajectory 40 of circuit 66 -- done
rank 66 | trajectory 187 of circuit 80 -- done
rank 78 | trajectory 19 of circuit 18 -- done
rank 14 | trajectory 50 of circuit 12 -- done
rank 29 | trajectory 94 of circuit 57 -- done
rank 78 | trajectory 139 of circuit 78 -- done
rank 19 | trajectory 12 of circuit 3 -- done
rank 79 | trajectory 179 of circuit 88 -- done
rank 98 | trajectory 185 of circuit 83 -- done
rank 78 | trajectory 159 of circuit 75 -- done
rank 8 | trajectory 78 of circuit 57 -- done
rank 10 | trajectory 163 of circuit 82 -- done
rank 78 | trajectory 100 of circuit 30 -- done
rank 2 | trajectory 131 of circuit 16 -- done
rank 87 | trajectory 148 of circuit 34 -- done
rank 73 | trajectory 119 of circuit 4 -- done
rank 18 | trajectory 162 of circuit 38 -- done
rank 78 | trajectory 65 of circuit 4 -- done
rank 51 | trajectory 141 of circuit 31 -- done
rank 61 | trajectory 184 of circuit 7 -- done
rank 12 | trajectory 6 of circuit 93 -- done
rank 24 | trajectory 82 of circuit 80 -- done
rank 78 | trajectory 188 of circuit 100 -- done
rank 43 | trajectory 127 of circuit 7 -- done
rank 16 | trajectory 25 of circuit 21 -- done
rank 15 | trajectory 174 of circuit 48 -- done
rank 17 | trajectory 61 of circuit 93 -- done
rank 81 | trajectory 22 of circuit 75 -- done
rank 57 | trajectory 106 of circuit 27 -- done
rank 84 | trajectory 161 of circuit 85 -- done
rank 74 | trajectory 184 of circuit 100 -- done
rank 52 | trajectory 105 of circuit 87 -- done
rank 21 | trajectory 15 of circuit 17 -- done
rank 55 | trajectory 125 of circuit 78 -- done
rank 30 | trajectory 114 of circuit 68 -- done
rank 91 | trajectory 151 of circuit 98 -- done
rank 76 | trajectory 168 of circuit 71 -- done
rank 82 | trajectory 129 of circuit 58 -- done
rank 22 | trajectory 30 of circuit 61 -- done
rank 11 | trajectory 76 of circuit 89 -- done
rank 77 | trajectory 55 of circuit 86 -- done
rank 86 | trajectory 71 of circuit 84 -- done
rank 23 | trajectory 192 of circuit 78 -- done
rank 62 | trajectory 161 of circuit 74 -- done
rank 78 | trajectory 170 of circuit 15 -- done
rank 48 | trajectory 6 of circuit 84 -- done
rank 70 | trajectory 13 of circuit 71 -- done
rank 66 | trajectory 53 of circuit 52 -- done
rank 78 | trajectory 18 of circuit 68 -- done
rank 7 | trajectory 131 of circuit 13 -- done
rank 75 | trajectory 49 of circuit 29 -- done
rank 19 | trajectory 164 of circuit 21 -- done
rank 44 | trajectory 95 of circuit 31 -- done
rank 78 | trajectory 91 of circuit 94 -- done
rank 50 | trajectory 27 of circuit 42 -- done
rank 98 | trajectory 111 of circuit 37 -- done
rank 78 | trajectory 173 of circuit 27 -- done
rank 54 | trajectory 134 of circuit 61 -- done
rank 73 | trajectory 190 of circuit 62 -- done
rank 10 | trajectory 28 of circuit 59 -- done
rank 41 | trajectory 41 of circuit 45 -- done
rank 22 | trajectory 82 of circuit 35 -- done
rank 45 | trajectory 1 of circuit 55 -- done
rank 78 | trajectory 82 of circuit 65 -- done
rank 34 | trajectory 82 of circuit 68 -- done
rank 8 | trajectory 81 of circuit 50 -- done
rank 18 | trajectory 117 of circuit 73 -- done
rank 57 | trajectory 2 of circuit 46 -- done
rank 38 | trajectory 87 of circuit 96 -- done
rank 24 | trajectory 76 of circuit 78 -- done
rank 30 | trajectory 17 of circuit 94 -- done
rank 87 | trajectory 153 of circuit 59 -- done
rank 5 | trajectory 187 of circuit 64 -- done
rank 65 | trajectory 153 of circuit 26 -- done
rank 81 | trajectory 76 of circuit 98 -- done
rank 17 | trajectory 71 of circuit 44 -- done
rank 1 | trajectory 18 of circuit 9 -- done
rank 91 | trajectory 44 of circuit 53 -- done
rank 78 | trajectory 95 of circuit 90 -- done
rank 29 | trajectory 42 of circuit 72 -- done
rank 84 | trajectory 72 of circuit 27 -- done
rank 21 | trajectory 58 of circuit 69 -- done
rank 68 | trajectory 93 of circuit 92 -- done
rank 78 | trajectory 129 of circuit 8 -- done
rank 2 | trajectory 52 of circuit 54 -- done
rank 61 | trajectory 123 of circuit 12 -- done
rank 43 | trajectory 47 of circuit 7 -- done
rank 77 | trajectory 103 of circuit 37 -- done
rank 74 | trajectory 177 of circuit 87 -- done
rank 76 | trajectory 48 of circuit 8 -- done
rank 78 | trajectory 46 of circuit 19 -- done
rank 82 | trajectory 7 of circuit 84 -- done
rank 48 | trajectory 112 of circuit 28 -- done
rank 86 | trajectory 89 of circuit 100 -- done
rank 22 | trajectory 38 of circuit 25 -- done
rank 70 | trajectory 142 of circuit 95 -- done
rank 45 | trajectory 175 of circuit 56 -- done
rank 75 | trajectory 68 of circuit 18 -- done
rank 79 | trajectory 10 of circuit 18 -- done
rank 56 | trajectory 3 of circuit 86 -- done
rank 73 | trajectory 169 of circuit 57 -- done
rank 66 | trajectory 149 of circuit 63 -- done
rank 7 | trajectory 153 of circuit 80 -- done
rank 98 | trajectory 191 of circuit 91 -- done
rank 19 | trajectory 91 of circuit 91 -- done
rank 51 | trajectory 87 of circuit 40 -- done
rank 62 | trajectory 168 of circuit 100 -- done
rank 41 | trajectory 125 of circuit 58 -- done
rank 54 | trajectory 169 of circuit 75 -- done
rank 14 | trajectory 161 of circuit 31 -- done
rank 44 | trajectory 11 of circuit 31 -- done
rank 78 | trajectory 162 of circuit 76 -- done
rank 66 | trajectory 90 of circuit 73 -- done
rank 8 | trajectory 85 of circuit 59 -- done
rank 88 | trajectory 2 of circuit 12 -- done
rank 91 | trajectory 113 of circuit 33 -- done
rank 65 | trajectory 121 of circuit 29 -- done
rank 30 | trajectory 13 of circuit 97 -- done
rank 61 | trajectory 116 of circuit 47 -- done
rank 84 | trajectory 170 of circuit 30 -- done
rank 23 | trajectory 118 of circuit 97 -- done
rank 65 | trajectory 189 of circuit 32 -- done
rank 34 | trajectory 36 of circuit 46 -- done
rank 74 | trajectory 164 of circuit 30 -- done
rank 57 | trajectory 103 of circuit 84 -- done
rank 77 | trajectory 168 of circuit 39 -- done
rank 24 | trajectory 143 of circuit 89 -- done
rank 31 | trajectory 37 of circuit 82 -- done
rank 21 | trajectory 88 of circuit 99 -- done
rank 76 | trajectory 139 of circuit 85 -- done
rank 99 | trajectory 158 of circuit 10 -- done
rank 10 | trajectory 113 of circuit 80 -- done
rank 29 | trajectory 97 of circuit 73 -- done
rank 75 | trajectory 51 of circuit 51 -- done
rank 2 | trajectory 53 of circuit 30 -- done
rank 87 | trajectory 146 of circuit 12 -- done
rank 50 | trajectory 130 of circuit 66 -- done
rank 45 | trajectory 97 of circuit 13 -- done
rank 48 | trajectory 159 of circuit 44 -- done
rank 72 | trajectory 77 of circuit 63 -- done
rank 56 | trajectory 101 of circuit 77 -- done
rank 95 | trajectory 22 of circuit 22 -- done
rank 70 | trajectory 167 of circuit 79 -- done
rank 1 | trajectory 146 of circuit 16 -- done
rank 68 | trajectory 31 of circuit 51 -- done
rank 65 | trajectory 89 of circuit 45 -- done
rank 73 | trajectory 24 of circuit 85 -- done
rank 98 | trajectory 117 of circuit 67 -- done
rank 5 | trajectory 188 of circuit 10 -- done
rank 7 | trajectory 167 of circuit 66 -- done
rank 41 | trajectory 101 of circuit 88 -- done
rank 65 | trajectory 21 of circuit 32 -- done
rank 19 | trajectory 155 of circuit 18 -- done
rank 78 | trajectory 13 of circuit 66 -- done
rank 18 | trajectory 43 of circuit 22 -- done
rank 38 | trajectory 69 of circuit 78 -- done
rank 66 | trajectory 21 of circuit 33 -- done
rank 57 | trajectory 137 of circuit 81 -- done
rank 54 | trajectory 52 of circuit 28 -- done
rank 88 | trajectory 30 of circuit 75 -- done
rank 8 | trajectory 68 of circuit 2 -- done
rank 79 | trajectory 152 of circuit 76 -- done
rank 10 | trajectory 79 of circuit 52 -- done
rank 62 | trajectory 185 of circuit 95 -- done
rank 28 | trajectory 6 of circuit 80 -- done
rank 91 | trajectory 163 of circuit 90 -- done
rank 74 | trajectory 29 of circuit 17 -- done
rank 61 | trajectory 166 of circuit 88 -- done
rank 75 | trajectory 58 of circuit 89 -- done
rank 65 | trajectory 104 of circuit 69 -- done
rank 21 | trajectory 112 of circuit 34 -- done
rank 11 | trajectory 79 of circuit 87 -- done
rank 30 | trajectory 60 of circuit 24 -- done
rank 87 | trajectory 184 of circuit 95 -- done
rank 76 | trajectory 28 of circuit 33 -- done
rank 66 | trajectory 92 of circuit 94 -- done
rank 44 | trajectory 45 of circuit 20 -- done
rank 14 | trajectory 135 of circuit 64 -- done
rank 86 | trajectory 39 of circuit 92 -- done
rank 45 | trajectory 158 of circuit 7 -- done
rank 4 | trajectory 54 of circuit 23 -- done
rank 58 | trajectory 99 of circuit 69 -- done
rank 66 | trajectory 34 of circuit 54 -- done
rank 23 | trajectory 1 of circuit 22 -- done
rank 82 | trajectory 131 of circuit 67 -- done
rank 9 | trajectory 86 of circuit 98 -- done
rank 77 | trajectory 147 of circuit 94 -- done
rank 73 | trajectory 156 of circuit 97 -- done
rank 50 | trajectory 48 of circuit 23 -- done
rank 24 | trajectory 61 of circuit 97 -- done
rank 2 | trajectory 9 of circuit 26 -- done
rank 70 | trajectory 78 of circuit 98 -- done
rank 22 | trajectory 2 of circuit 34 -- done
rank 51 | trajectory 189 of circuit 46 -- done
rank 34 | trajectory 66 of circuit 99 -- done
rank 31 | trajectory 45 of circuit 79 -- done
rank 29 | trajectory 37 of circuit 55 -- done
rank 57 | trajectory 126 of circuit 46 -- done
rank 81 | trajectory 77 of circuit 96 -- done
rank 20 | trajectory 104 of circuit 1 -- done
rank 38 | trajectory 60 of circuit 57 -- done
rank 66 | trajectory 127 of circuit 11 -- done
rank 19 | trajectory 178 of circuit 65 -- done
rank 91 | trajectory 139 of circuit 37 -- done
rank 84 | trajectory 17 of circuit 87 -- done
rank 74 | trajectory 115 of circuit 95 -- done
rank 21 | trajectory 121 of circuit 19 -- done
rank 75 | trajectory 144 of circuit 61 -- done
rank 95 | trajectory 92 of circuit 30 -- done
rank 5 | trajectory 89 of circuit 33 -- done
rank 83 | trajectory 23 of circuit 22 -- done
rank 18 | trajectory 167 of circuit 77 -- done
rank 45 | trajectory 128 of circuit 88 -- done
rank 28 | trajectory 31 of circuit 17 -- done
rank 30 | trajectory 164 of circuit 60 -- done
rank 10 | trajectory 187 of circuit 42 -- done
rank 7 | trajectory 170 of circuit 91 -- done
rank 99 | trajectory 176 of circuit 95 -- done
rank 65 | trajectory 88 of circuit 57 -- done
rank 35 | trajectory 166 of circuit 42 -- done
rank 63 | trajectory 108 of circuit 19 -- done
rank 56 | trajectory 95 of circuit 52 -- done
rank 68 | trajectory 79 of circuit 60 -- done
rank 23 | trajectory 67 of circuit 6 -- done
rank 77 | trajectory 175 of circuit 39 -- done
rank 8 | trajectory 180 of circuit 8 -- done
rank 87 | trajectory 144 of circuit 54 -- done
rank 57 | trajectory 164 of circuit 38 -- done
rank 98 | trajectory 180 of circuit 25 -- done
rank 88 | trajectory 163 of circuit 47 -- done
rank 1 | trajectory 2 of circuit 54 -- done
rank 14 | trajectory 152 of circuit 35 -- done
rank 79 | trajectory 183 of circuit 17 -- done
rank 61 | trajectory 190 of circuit 77 -- done
rank 24 | trajectory 67 of circuit 90 -- done
rank 62 | trajectory 147 of circuit 72 -- done
rank 38 | trajectory 4 of circuit 81 -- done
rank 91 | trajectory 158 of circuit 46 -- done
rank 70 | trajectory 158 of circuit 71 -- done
rank 55 | trajectory 156 of circuit 13 -- done
rank 54 | trajectory 129 of circuit 1 -- done
rank 72 | trajectory 44 of circuit 46 -- done
rank 51 | trajectory 63 of circuit 75 -- done
rank 22 | trajectory 126 of circuit 96 -- done
rank 44 | trajectory 46 of circuit 27 -- done
rank 50 | trajectory 25 of circuit 43 -- done
rank 74 | trajectory 81 of circuit 23 -- done
rank 75 | trajectory 12 of circuit 70 -- done
rank 45 | trajectory 127 of circuit 18 -- done
rank 20 | trajectory 84 of circuit 1 -- done
rank 58 | trajectory 58 of circuit 91 -- done
rank 66 | trajectory 14 of circuit 38 -- done
rank 31 | trajectory 65 of circuit 96 -- done
rank 76 | trajectory 97 of circuit 67 -- done
rank 2 | trajectory 45 of circuit 61 -- done
rank 28 | trajectory 155 of circuit 60 -- done
rank 95 | trajectory 134 of circuit 11 -- done
rank 30 | trajectory 170 of circuit 10 -- done
rank 96 | trajectory 133 of circuit 41 -- done
rank 21 | trajectory 180 of circuit 15 -- done
rank 81 | trajectory 187 of circuit 97 -- done
rank 82 | trajectory 71 of circuit 3 -- done
rank 10 | trajectory 48 of circuit 39 -- done
rank 23 | trajectory 57 of circuit 7 -- done
rank 12 | trajectory 56 of circuit 37 -- done
rank 14 | trajectory 99 of circuit 33 -- done
rank 84 | trajectory 169 of circuit 87 -- done
rank 18 | trajectory 14 of circuit 16 -- done
rank 5 | trajectory 151 of circuit 7 -- done
rank 7 | trajectory 106 of circuit 78 -- done
rank 11 | trajectory 64 of circuit 1 -- done
rank 65 | trajectory 31 of circuit 16 -- done
rank 8 | trajectory 186 of circuit 73 -- done
rank 77 | trajectory 166 of circuit 19 -- done
rank 38 | trajectory 110 of circuit 70 -- done
rank 83 | trajectory 55 of circuit 9 -- done
rank 86 | trajectory 134 of circuit 45 -- done
rank 91 | trajectory 35 of circuit 12 -- done
rank 79 | trajectory 120 of circuit 47 -- done
rank 35 | trajectory 140 of circuit 94 -- done
rank 73 | trajectory 154 of circuit 12 -- done
rank 22 | trajectory 163 of circuit 93 -- done
rank 1 | trajectory 81 of circuit 81 -- done
rank 57 | trajectory 69 of circuit 75 -- done
rank 74 | trajectory 191 of circuit 50 -- done
rank 45 | trajectory 108 of circuit 6 -- done
rank 56 | trajectory 142 of circuit 78 -- done
rank 62 | trajectory 19 of circuit 25 -- done
rank 98 | trajectory 129 of circuit 74 -- done
rank 28 | trajectory 65 of circuit 37 -- done
rank 44 | trajectory 101 of circuit 18 -- done
rank 68 | trajectory 80 of circuit 47 -- done
rank 30 | trajectory 86 of circuit 38 -- done
rank 63 | trajectory 120 of circuit 68 -- done
rank 99 | trajectory 164 of circuit 55 -- done
rank 58 | trajectory 167 of circuit 7 -- done
rank 88 | trajectory 6 of circuit 94 -- done
rank 76 | trajectory 120 of circuit 62 -- done
rank 50 | trajectory 14 of circuit 43 -- done
rank 87 | trajectory 46 of circuit 61 -- done
rank 2 | trajectory 189 of circuit 72 -- done
rank 72 | trajectory 30 of circuit 66 -- done
rank 19 | trajectory 44 of circuit 23 -- done
rank 13 | trajectory 98 of circuit 6 -- done
rank 59 | trajectory 7 of circuit 38 -- done
rank 43 | trajectory 118 of circuit 90 -- done
rank 66 | trajectory 119 of circuit 66 -- done
rank 61 | trajectory 78 of circuit 43 -- done
rank 96 | trajectory 16 of circuit 8 -- done
rank 54 | trajectory 22 of circuit 100 -- done
rank 70 | trajectory 96 of circuit 73 -- done
rank 21 | trajectory 186 of circuit 36 -- done
rank 13 | trajectory 84 of circuit 82 -- done
rank 65 | trajectory 186 of circuit 70 -- done
rank 13 | trajectory 129 of circuit 64 -- done
rank 13 | trajectory 153 of circuit 38 -- done
rank 75 | trajectory 67 of circuit 12 -- done
rank 23 | trajectory 140 of circuit 21 -- done
rank 12 | trajectory 181 of circuit 9 -- done
rank 13 | trajectory 109 of circuit 8 -- done
rank 77 | trajectory 105 of circuit 78 -- done
rank 18 | trajectory 161 of circuit 78 -- done
rank 98 | trajectory 80 of circuit 97 -- done
rank 13 | trajectory 20 of circuit 66 -- done
rank 28 | trajectory 128 of circuit 52 -- done
rank 29 | trajectory 6 of circuit 13 -- done
rank 9 | trajectory 30 of circuit 65 -- done
rank 38 | trajectory 26 of circuit 32 -- done
rank 79 | trajectory 124 of circuit 82 -- done
rank 45 | trajectory 191 of circuit 30 -- done
rank 86 | trajectory 146 of circuit 78 -- done
rank 51 | trajectory 8 of circuit 64 -- done
rank 10 | trajectory 83 of circuit 30 -- done
rank 74 | trajectory 129 of circuit 23 -- done
rank 73 | trajectory 40 of circuit 33 -- done
rank 84 | trajectory 175 of circuit 50 -- done
rank 76 | trajectory 133 of circuit 90 -- done
rank 30 | trajectory 28 of circuit 10 -- done
rank 56 | trajectory 81 of circuit 29 -- done
rank 13 | trajectory 74 of circuit 28 -- done
rank 5 | trajectory 54 of circuit 19 -- done
rank 35 | trajectory 36 of circuit 24 -- done
rank 57 | trajectory 61 of circuit 49 -- done
rank 22 | trajectory 173 of circuit 25 -- done
rank 83 | trajectory 79 of circuit 28 -- done
rank 44 | trajectory 81 of circuit 28 -- done
rank 7 | trajectory 118 of circuit 93 -- done
rank 99 | trajectory 14 of circuit 69 -- done
rank 88 | trajectory 12 of circuit 67 -- done
rank 13 | trajectory 83 of circuit 68 -- done
rank 68 | trajectory 100 of circuit 79 -- done
rank 1 | trajectory 153 of circuit 89 -- done
rank 8 | trajectory 107 of circuit 20 -- done
rank 70 | trajectory 50 of circuit 47 -- done
rank 54 | trajectory 74 of circuit 67 -- done
rank 59 | trajectory 174 of circuit 40 -- done
rank 81 | trajectory 62 of circuit 23 -- done
rank 19 | trajectory 101 of circuit 68 -- done
rank 98 | trajectory 38 of circuit 41 -- done
rank 13 | trajectory 71 of circuit 10 -- done
rank 91 | trajectory 13 of circuit 10 -- done
rank 66 | trajectory 117 of circuit 72 -- done
rank 21 | trajectory 163 of circuit 12 -- done
rank 75 | trajectory 129 of circuit 57 -- done
rank 95 | trajectory 140 of circuit 51 -- done
rank 65 | trajectory 102 of circuit 96 -- done
rank 58 | trajectory 161 of circuit 19 -- done
rank 61 | trajectory 186 of circuit 51 -- done
rank 13 | trajectory 186 of circuit 24 -- done
rank 72 | trajectory 110 of circuit 71 -- done
rank 96 | trajectory 52 of circuit 34 -- done
rank 62 | trajectory 188 of circuit 18 -- done
rank 63 | trajectory 76 of circuit 92 -- done
rank 23 | trajectory 177 of circuit 34 -- done
rank 12 | trajectory 143 of circuit 62 -- done
rank 18 | trajectory 166 of circuit 29 -- done
rank 28 | trajectory 8 of circuit 61 -- done
rank 30 | trajectory 16 of circuit 99 -- done
rank 29 | trajectory 192 of circuit 32 -- done
rank 45 | trajectory 177 of circuit 66 -- done
rank 76 | trajectory 88 of circuit 24 -- done
rank 56 | trajectory 147 of circuit 100 -- done
rank 12 | trajectory 7 of circuit 99 -- done
rank 74 | trajectory 121 of circuit 27 -- done
rank 43 | trajectory 134 of circuit 3 -- done
rank 34 | trajectory 1 of circuit 15 -- done
rank 79 | trajectory 184 of circuit 74 -- done
rank 41 | trajectory 107 of circuit 12 -- done
rank 13 | trajectory 50 of circuit 54 -- done
rank 84 | trajectory 150 of circuit 43 -- done
rank 77 | trajectory 59 of circuit 79 -- done
rank 50 | trajectory 99 of circuit 5 -- done
rank 99 | trajectory 62 of circuit 14 -- done
rank 12 | trajectory 71 of circuit 59 -- done
rank 13 | trajectory 182 of circuit 16 -- done
rank 10 | trajectory 86 of circuit 39 -- done
rank 9 | trajectory 31 of circuit 11 -- done
rank 7 | trajectory 48 of circuit 90 -- done
rank 44 | trajectory 115 of circuit 43 -- done
rank 68 | trajectory 165 of circuit 79 -- done
rank 51 | trajectory 120 of circuit 59 -- done
rank 73 | trajectory 22 of circuit 81 -- done
rank 88 | trajectory 108 of circuit 71 -- done
rank 35 | trajectory 181 of circuit 57 -- done
rank 61 | trajectory 106 of circuit 35 -- done
rank 81 | trajectory 106 of circuit 57 -- done
rank 58 | trajectory 43 of circuit 71 -- done
rank 12 | trajectory 34 of circuit 30 -- done
rank 22 | trajectory 60 of circuit 62 -- done
rank 70 | trajectory 160 of circuit 19 -- done
rank 19 | trajectory 37 of circuit 77 -- done
rank 13 | trajectory 125 of circuit 36 -- done
rank 21 | trajectory 69 of circuit 83 -- done
rank 38 | trajectory 24 of circuit 37 -- done
rank 83 | trajectory 58 of circuit 5 -- done
rank 12 | trajectory 114 of circuit 55 -- done
rank 98 | trajectory 48 of circuit 91 -- done
rank 54 | trajectory 128 of circuit 42 -- done
rank 76 | trajectory 90 of circuit 69 -- done
rank 79 | trajectory 22 of circuit 97 -- done
rank 1 | trajectory 16 of circuit 34 -- done
rank 56 | trajectory 99 of circuit 62 -- done
rank 5 | trajectory 42 of circuit 100 -- done
rank 74 | trajectory 160 of circuit 91 -- done
rank 63 | trajectory 178 of circuit 6 -- done
rank 41 | trajectory 74 of circuit 60 -- done
rank 95 | trajectory 69 of circuit 37 -- done
rank 28 | trajectory 134 of circuit 6 -- done
rank 30 | trajectory 19 of circuit 10 -- done
rank 43 | trajectory 82 of circuit 59 -- done
rank 45 | trajectory 122 of circuit 18 -- done
rank 80 | trajectory 151 of circuit 29 -- done
rank 66 | trajectory 142 of circuit 13 -- done
rank 86 | trajectory 161 of circuit 54 -- done
rank 18 | trajectory 51 of circuit 52 -- done
rank 72 | trajectory 111 of circuit 27 -- done
rank 29 | trajectory 89 of circuit 24 -- done
rank 39 | trajectory 183 of circuit 41 -- done
rank 8 | trajectory 45 of circuit 69 -- done
rank 50 | trajectory 81 of circuit 44 -- done
rank 91 | trajectory 104 of circuit 3 -- done
rank 65 | trajectory 92 of circuit 70 -- done
rank 7 | trajectory 34 of circuit 45 -- done
rank 84 | trajectory 155 of circuit 93 -- done
rank 59 | trajectory 185 of circuit 84 -- done
rank 34 | trajectory 98 of circuit 90 -- done
rank 61 | trajectory 178 of circuit 43 -- done
rank 50 | trajectory 29 of circuit 93 -- done
rank 23 | trajectory 182 of circuit 60 -- done
rank 9 | trajectory 130 of circuit 49 -- done
rank 70 | trajectory 45 of circuit 38 -- done
rank 35 | trajectory 154 of circuit 92 -- done
rank 62 | trajectory 91 of circuit 64 -- done
rank 88 | trajectory 16 of circuit 72 -- done
rank 77 | trajectory 34 of circuit 47 -- done
rank 22 | trajectory 158 of circuit 16 -- done
rank 99 | trajectory 106 of circuit 52 -- done
rank 56 | trajectory 1 of circuit 5 -- done
rank 21 | trajectory 55 of circuit 68 -- done
rank 81 | trajectory 118 of circuit 48 -- done
rank 19 | trajectory 97 of circuit 11 -- done
rank 58 | trajectory 131 of circuit 88 -- done
rank 11 | trajectory 87 of circuit 7 -- done
rank 28 | trajectory 93 of circuit 18 -- done
rank 50 | trajectory 42 of circuit 2 -- done
rank 44 | trajectory 104 of circuit 71 -- done
rank 45 | trajectory 165 of circuit 67 -- done
rank 30 | trajectory 36 of circuit 33 -- done
rank 86 | trajectory 91 of circuit 20 -- done
rank 38 | trajectory 20 of circuit 17 -- done
rank 49 | trajectory 61 of circuit 52 -- done
rank 41 | trajectory 82 of circuit 81 -- done
rank 76 | trajectory 104 of circuit 85 -- done
rank 74 | trajectory 186 of circuit 22 -- done
rank 1 | trajectory 102 of circuit 39 -- done
rank 80 | trajectory 57 of circuit 14 -- done
rank 95 | trajectory 127 of circuit 21 -- done
rank 79 | trajectory 161 of circuit 88 -- done
rank 8 | trajectory 43 of circuit 96 -- done
rank 63 | trajectory 122 of circuit 39 -- done
rank 83 | trajectory 51 of circuit 5 -- done
rank 72 | trajectory 23 of circuit 70 -- done
rank 61 | trajectory 174 of circuit 53 -- done
rank 64 | trajectory 191 of circuit 9 -- done
rank 65 | trajectory 54 of circuit 12 -- done
rank 22 | trajectory 130 of circuit 86 -- done
rank 91 | trajectory 72 of circuit 18 -- done
rank 34 | trajectory 99 of circuit 87 -- done
rank 7 | trajectory 139 of circuit 46 -- done
rank 54 | trajectory 93 of circuit 3 -- done
rank 98 | trajectory 192 of circuit 14 -- done
rank 23 | trajectory 59 of circuit 72 -- done
rank 12 | trajectory 27 of circuit 64 -- done
rank 51 | trajectory 132 of circuit 31 -- done
rank 59 | trajectory 190 of circuit 32 -- done
rank 84 | trajectory 167 of circuit 90 -- done
rank 21 | trajectory 16 of circuit 86 -- done
rank 70 | trajectory 178 of circuit 12 -- done
rank 66 | trajectory 8 of circuit 75 -- done
rank 20 | trajectory 3 of circuit 69 -- done
rank 28 | trajectory 59 of circuit 76 -- done
rank 62 | trajectory 51 of circuit 78 -- done
rank 77 | trajectory 78 of circuit 23 -- done
rank 88 | trajectory 170 of circuit 56 -- done
rank 81 | trajectory 110 of circuit 30 -- done
rank 45 | trajectory 53 of circuit 18 -- done
rank 43 | trajectory 99 of circuit 86 -- done
rank 29 | trajectory 164 of circuit 50 -- done
rank 39 | trajectory 19 of circuit 99 -- done
rank 19 | trajectory 9 of circuit 52 -- done
rank 35 | trajectory 122 of circuit 36 -- done
rank 74 | trajectory 190 of circuit 6 -- done
rank 44 | trajectory 141 of circuit 70 -- done
rank 22 | trajectory 110 of circuit 98 -- done
rank 30 | trajectory 29 of circuit 20 -- done
rank 79 | trajectory 140 of circuit 38 -- done
rank 95 | trajectory 184 of circuit 72 -- done
rank 1 | trajectory 77 of circuit 30 -- done
rank 56 | trajectory 162 of circuit 66 -- done
rank 61 | trajectory 83 of circuit 23 -- done
rank 72 | trajectory 175 of circuit 59 -- done
rank 99 | trajectory 29 of circuit 78 -- done
rank 91 | trajectory 46 of circuit 71 -- done
rank 41 | trajectory 152 of circuit 48 -- done
rank 64 | trajectory 160 of circuit 2 -- done
rank 34 | trajectory 64 of circuit 42 -- done
rank 21 | trajectory 27 of circuit 27 -- done
rank 7 | trajectory 90 of circuit 7 -- done
rank 65 | trajectory 100 of circuit 25 -- done
rank 86 | trajectory 186 of circuit 68 -- done
rank 18 | trajectory 59 of circuit 92 -- done
rank 81 | trajectory 64 of circuit 52 -- done
rank 51 | trajectory 168 of circuit 69 -- done
rank 50 | trajectory 66 of circuit 6 -- done
rank 84 | trajectory 151 of circuit 100 -- done
rank 77 | trajectory 112 of circuit 89 -- done
rank 23 | trajectory 50 of circuit 70 -- done
rank 70 | trajectory 51 of circuit 27 -- done
rank 66 | trajectory 44 of circuit 63 -- done
rank 28 | trajectory 83 of circuit 44 -- done
rank 76 | trajectory 137 of circuit 9 -- done
rank 10 | trajectory 30 of circuit 77 -- done
rank 58 | trajectory 158 of circuit 21 -- done
rank 29 | trajectory 49 of circuit 57 -- done
rank 88 | trajectory 49 of circuit 79 -- done
rank 22 | trajectory 162 of circuit 90 -- done
rank 11 | trajectory 63 of circuit 66 -- done
rank 80 | trajectory 99 of circuit 45 -- done
rank 19 | trajectory 7 of circuit 25 -- done
rank 2 | trajectory 56 of circuit 43 -- done
rank 82 | trajectory 86 of circuit 76 -- done
rank 49 | trajectory 54 of circuit 87 -- done
rank 61 | trajectory 65 of circuit 32 -- done
rank 56 | trajectory 150 of circuit 78 -- done
rank 1 | trajectory 157 of circuit 63 -- done
rank 91 | trajectory 141 of circuit 35 -- done
rank 45 | trajectory 167 of circuit 49 -- done
rank 54 | trajectory 171 of circuit 2 -- done
rank 30 | trajectory 25 of circuit 44 -- done
rank 62 | trajectory 84 of circuit 18 -- done
rank 59 | trajectory 71 of circuit 60 -- done
rank 20 | trajectory 117 of circuit 57 -- done
rank 1 | trajectory 138 of circuit 14 -- done
rank 95 | trajectory 189 of circuit 33 -- done
rank 99 | trajectory 35 of circuit 70 -- done
rank 38 | trajectory 118 of circuit 50 -- done
rank 79 | trajectory 126 of circuit 100 -- done
rank 1 | trajectory 136 of circuit 79 -- done
rank 44 | trajectory 90 of circuit 4 -- done
rank 22 | trajectory 128 of circuit 63 -- done
rank 7 | trajectory 188 of circuit 97 -- done
rank 27 | trajectory 80 of circuit 41 -- done
rank 64 | trajectory 50 of circuit 25 -- done
rank 41 | trajectory 111 of circuit 41 -- done
rank 81 | trajectory 67 of circuit 56 -- done
rank 74 | trajectory 157 of circuit 91 -- done
rank 72 | trajectory 129 of circuit 99 -- done
rank 98 | trajectory 164 of circuit 2 -- done
rank 76 | trajectory 94 of circuit 61 -- done
rank 23 | trajectory 111 of circuit 10 -- done
rank 70 | trajectory 123 of circuit 54 -- done
rank 18 | trajectory 102 of circuit 31 -- done
rank 34 | trajectory 24 of circuit 15 -- done
rank 66 | trajectory 189 of circuit 54 -- done
rank 58 | trajectory 59 of circuit 83 -- done
rank 86 | trajectory 117 of circuit 96 -- done
rank 1 | trajectory 172 of circuit 64 -- done
rank 19 | trajectory 3 of circuit 60 -- done
rank 29 | trajectory 176 of circuit 8 -- done
rank 87 | trajectory 84 of circuit 68 -- done
rank 43 | trajectory 74 of circuit 18 -- done
rank 91 | trajectory 2 of circuit 84 -- done
rank 63 | trajectory 54 of circuit 16 -- done
rank 80 | trajectory 62 of circuit 15 -- done
rank 61 | trajectory 138 of circuit 87 -- done
rank 30 | trajectory 122 of circuit 69 -- done
rank 22 | trajectory 179 of circuit 74 -- done
rank 11 | trajectory 84 of circuit 11 -- done
rank 45 | trajectory 8 of circuit 39 -- done
rank 56 | trajectory 9 of circuit 34 -- done
rank 49 | trajectory 145 of circuit 83 -- done
rank 88 | trajectory 53 of circuit 66 -- done
rank 98 | trajectory 110 of circuit 25 -- done
rank 96 | trajectory 60 of circuit 29 -- done
rank 84 | trajectory 144 of circuit 38 -- done
rank 77 | trajectory 181 of circuit 66 -- done
rank 74 | trajectory 141 of circuit 82 -- done
rank 21 | trajectory 50 of circuit 98 -- done
rank 54 | trajectory 168 of circuit 2 -- done
rank 59 | trajectory 181 of circuit 35 -- done
rank 13 | trajectory 191 of circuit 99 -- done
rank 64 | trajectory 189 of circuit 66 -- done
rank 28 | trajectory 91 of circuit 95 -- done
rank 41 | trajectory 60 of circuit 72 -- done
rank 65 | trajectory 76 of circuit 58 -- done
rank 10 | trajectory 27 of circuit 8 -- done
rank 79 | trajectory 73 of circuit 56 -- done
rank 44 | trajectory 49 of circuit 98 -- done
rank 76 | trajectory 95 of circuit 61 -- done
rank 34 | trajectory 58 of circuit 19 -- done
rank 95 | trajectory 42 of circuit 73 -- done
rank 91 | trajectory 171 of circuit 92 -- done
rank 70 | trajectory 72 of circuit 98 -- done
rank 50 | trajectory 147 of circuit 92 -- done
rank 81 | trajectory 59 of circuit 91 -- done
rank 58 | trajectory 176 of circuit 38 -- done
rank 7 | trajectory 88 of circuit 10 -- done
rank 20 | trajectory 57 of circuit 71 -- done
rank 59 | trajectory 23 of circuit 82 -- done
rank 80 | trajectory 175 of circuit 37 -- done
rank 1 | trajectory 156 of circuit 100 -- done
rank 87 | trajectory 62 of circuit 46 -- done
rank 66 | trajectory 35 of circuit 34 -- done
rank 86 | trajectory 131 of circuit 98 -- done
rank 45 | trajectory 187 of circuit 70 -- done
rank 98 | trajectory 73 of circuit 46 -- done
rank 29 | trajectory 179 of circuit 58 -- done
rank 38 | trajectory 17 of circuit 23 -- done
rank 30 | trajectory 125 of circuit 29 -- done
rank 61 | trajectory 94 of circuit 5 -- done
rank 19 | trajectory 34 of circuit 20 -- done
rank 83 | trajectory 98 of circuit 57 -- done
rank 27 | trajectory 153 of circuit 29 -- done
rank 72 | trajectory 115 of circuit 62 -- done
rank 13 | trajectory 108 of circuit 68 -- done
rank 62 | trajectory 191 of circuit 29 -- done
rank 74 | trajectory 111 of circuit 40 -- done
rank 56 | trajectory 183 of circuit 83 -- done
rank 43 | trajectory 171 of circuit 9 -- done
rank 23 | trajectory 52 of circuit 99 -- done
rank 28 | trajectory 136 of circuit 1 -- done
rank 22 | trajectory 71 of circuit 53 -- done
rank 88 | trajectory 33 of circuit 68 -- done
rank 84 | trajectory 114 of circuit 27 -- done
rank 18 | trajectory 180 of circuit 78 -- done
rank 65 | trajectory 53 of circuit 29 -- done
rank 91 | trajectory 166 of circuit 44 -- done
rank 76 | trajectory 98 of circuit 68 -- done
rank 49 | trajectory 6 of circuit 4 -- done
rank 81 | trajectory 61 of circuit 1 -- done
rank 77 | trajectory 104 of circuit 57 -- done
rank 39 | trajectory 116 of circuit 10 -- done
rank 21 | trajectory 68 of circuit 72 -- done
rank 70 | trajectory 48 of circuit 94 -- done
rank 41 | trajectory 138 of circuit 31 -- done
rank 98 | trajectory 82 of circuit 30 -- done
rank 58 | trajectory 101 of circuit 66 -- done
rank 30 | trajectory 7 of circuit 20 -- done
rank 64 | trajectory 180 of circuit 44 -- done
rank 45 | trajectory 109 of circuit 90 -- done
rank 95 | trajectory 142 of circuit 82 -- done
rank 34 | trajectory 8 of circuit 77 -- done
rank 99 | trajectory 49 of circuit 77 -- done
rank 54 | trajectory 33 of circuit 49 -- done
rank 13 | trajectory 130 of circuit 47 -- done
rank 7 | trajectory 155 of circuit 15 -- done
rank 1 | trajectory 189 of circuit 12 -- done
rank 53 | trajectory 118 of circuit 78 -- done
rank 87 | trajectory 38 of circuit 94 -- done
rank 79 | trajectory 1 of circuit 21 -- done
rank 5 | trajectory 93 of circuit 75 -- done
rank 44 | trajectory 75 of circuit 3 -- done
rank 59 | trajectory 179 of circuit 95 -- done
rank 86 | trajectory 179 of circuit 4 -- done
rank 66 | trajectory 11 of circuit 68 -- done
rank 10 | trajectory 6 of circuit 74 -- done
rank 61 | trajectory 155 of circuit 96 -- done
rank 74 | trajectory 118 of circuit 10 -- done
rank 17 | trajectory 165 of circuit 76 -- done
rank 13 | trajectory 86 of circuit 2 -- done
rank 50 | trajectory 51 of circuit 91 -- done
rank 83 | trajectory 83 of circuit 63 -- done
rank 28 | trajectory 68 of circuit 94 -- done
rank 56 | trajectory 32 of circuit 92 -- done
rank 38 | trajectory 35 of circuit 97 -- done
rank 91 | trajectory 122 of circuit 44 -- done
rank 76 | trajectory 189 of circuit 71 -- done
rank 43 | trajectory 48 of circuit 93 -- done
rank 23 | trajectory 190 of circuit 45 -- done
rank 72 | trajectory 148 of circuit 37 -- done
rank 88 | trajectory 61 of circuit 32 -- done
rank 82 | trajectory 147 of circuit 61 -- done
rank 30 | trajectory 85 of circuit 43 -- done
rank 65 | trajectory 174 of circuit 88 -- done
rank 88 | trajectory 182 of circuit 1 -- done
rank 20 | trajectory 168 of circuit 70 -- done
rank 80 | trajectory 111 of circuit 82 -- done
rank 70 | trajectory 65 of circuit 16 -- done
rank 19 | trajectory 23 of circuit 34 -- done
rank 62 | trajectory 77 of circuit 58 -- done
rank 18 | trajectory 50 of circuit 20 -- done
rank 39 | trajectory 54 of circuit 6 -- done
rank 34 | trajectory 95 of circuit 9 -- done
rank 64 | trajectory 90 of circuit 25 -- done
rank 99 | trajectory 7 of circuit 67 -- done
rank 79 | trajectory 144 of circuit 52 -- done
rank 22 | trajectory 84 of circuit 50 -- done
rank 45 | trajectory 170 of circuit 62 -- done
rank 88 | trajectory 161 of circuit 55 -- done
rank 84 | trajectory 71 of circuit 17 -- done
rank 29 | trajectory 158 of circuit 61 -- done
rank 58 | trajectory 160 of circuit 84 -- done
rank 41 | trajectory 113 of circuit 15 -- done
rank 61 | trajectory 165 of circuit 31 -- done
rank 86 | trajectory 175 of circuit 93 -- done
rank 49 | trajectory 55 of circuit 3 -- done
rank 59 | trajectory 37 of circuit 3 -- done
rank 87 | trajectory 125 of circuit 73 -- done
rank 88 | trajectory 15 of circuit 9 -- done
rank 81 | trajectory 29 of circuit 100 -- done
rank 35 | trajectory 81 of circuit 69 -- done
rank 53 | trajectory 182 of circuit 42 -- done
rank 95 | trajectory 177 of circuit 47 -- done
rank 74 | trajectory 41 of circuit 100 -- done
rank 1 | trajectory 177 of circuit 1 -- done
rank 12 | trajectory 85 of circuit 48 -- done
rank 7 | trajectory 121 of circuit 88 -- done
rank 88 | trajectory 184 of circuit 78 -- done
rank 30 | trajectory 165 of circuit 42 -- done
rank 5 | trajectory 110 of circuit 14 -- done
rank 77 | trajectory 115 of circuit 50 -- done
rank 17 | trajectory 154 of circuit 80 -- done
rank 66 | trajectory 180 of circuit 83 -- done
rank 56 | trajectory 5 of circuit 88 -- done
rank 28 | trajectory 40 of circuit 75 -- done
rank 50 | trajectory 163 of circuit 64 -- done
rank 44 | trajectory 132 of circuit 50 -- done
rank 88 | trajectory 37 of circuit 30 -- done
rank 83 | trajectory 72 of circuit 32 -- done
rank 23 | trajectory 131 of circuit 83 -- done
rank 54 | trajectory 58 of circuit 25 -- done
rank 38 | trajectory 160 of circuit 4 -- done
rank 88 | trajectory 8 of circuit 21 -- done
rank 10 | trajectory 155 of circuit 89 -- done
rank 37 | trajectory 174 of circuit 47 -- done
rank 43 | trajectory 108 of circuit 65 -- done
rank 72 | trajectory 87 of circuit 12 -- done
rank 22 | trajectory 13 of circuit 6 -- done
rank 76 | trajectory 140 of circuit 50 -- done
rank 91 | trajectory 91 of circuit 44 -- done
rank 88 | trajectory 90 of circuit 3 -- done
rank 99 | trajectory 18 of circuit 28 -- done
rank 61 | trajectory 142 of circuit 5 -- done
rank 88 | trajectory 117 of circuit 65 -- done
rank 20 | trajectory 66 of circuit 45 -- done
rank 80 | trajectory 71 of circuit 54 -- done
rank 74 | trajectory 90 of circuit 99 -- done
rank 81 | trajectory 14 of circuit 18 -- done
rank 70 | trajectory 184 of circuit 28 -- done
rank 46 | trajectory 187 of circuit 60 -- done
rank 40 | trajectory 72 of circuit 53 -- done
rank 58 | trajectory 48 of circuit 53 -- done
rank 65 | trajectory 129 of circuit 84 -- done
rank 87 | trajectory 179 of circuit 38 -- done
rank 29 | trajectory 178 of circuit 91 -- done
rank 88 | trajectory 62 of circuit 29 -- done
rank 53 | trajectory 100 of circuit 74 -- done
rank 19 | trajectory 150 of circuit 90 -- done
rank 46 | trajectory 48 of circuit 97 -- done
rank 18 | trajectory 55 of circuit 35 -- done
rank 34 | trajectory 52 of circuit 7 -- done
rank 52 | trajectory 8 of circuit 32 -- done
rank 30 | trajectory 3 of circuit 59 -- done
rank 62 | trajectory 190 of circuit 17 -- done
rank 46 | trajectory 116 of circuit 58 -- done
rank 88 | trajectory 96 of circuit 48 -- done
rank 46 | trajectory 65 of circuit 9 -- done
rank 41 | trajectory 133 of circuit 23 -- done
rank 28 | trajectory 78 of circuit 46 -- done
rank 39 | trajectory 110 of circuit 97 -- done
rank 95 | trajectory 119 of circuit 69 -- done
rank 46 | trajectory 29 of circuit 47 -- done
rank 5 | trajectory 129 of circuit 54 -- done
rank 56 | trajectory 127 of circuit 39 -- done
rank 88 | trajectory 46 of circuit 98 -- done
rank 46 | trajectory 91 of circuit 66 -- done
rank 86 | trajectory 144 of circuit 84 -- done
rank 51 | trajectory 100 of circuit 70 -- done
rank 79 | trajectory 169 of circuit 16 -- done
rank 22 | trajectory 72 of circuit 3 -- done
rank 1 | trajectory 20 of circuit 40 -- done
rank 46 | trajectory 149 of circuit 64 -- done
rank 88 | trajectory 56 of circuit 69 -- done
rank 7 | trajectory 46 of circuit 82 -- done
rank 59 | trajectory 138 of circuit 18 -- done
rank 43 | trajectory 73 of circuit 75 -- done
rank 46 | trajectory 3 of circuit 32 -- done
rank 98 | trajectory 113 of circuit 26 -- done
rank 9 | trajectory 186 of circuit 12 -- done
rank 88 | trajectory 82 of circuit 29 -- done
rank 77 | trajectory 188 of circuit 35 -- done
rank 46 | trajectory 101 of circuit 54 -- done
rank 54 | trajectory 96 of circuit 1 -- done
rank 99 | trajectory 82 of circuit 54 -- done
rank 82 | trajectory 63 of circuit 18 -- done
rank 88 | trajectory 45 of circuit 31 -- done
rank 46 | trajectory 84 of circuit 60 -- done
rank 83 | trajectory 99 of circuit 23 -- done
rank 17 | trajectory 157 of circuit 98 -- done
rank 66 | trajectory 76 of circuit 69 -- done
rank 10 | trajectory 13 of circuit 31 -- done
rank 46 | trajectory 110 of circuit 88 -- done
rank 23 | trajectory 103 of circuit 59 -- done
rank 74 | trajectory 16 of circuit 52 -- done
rank 44 | trajectory 71 of circuit 83 -- done
rank 29 | trajectory 184 of circuit 50 -- done
rank 46 | trajectory 191 of circuit 12 -- done
rank 20 | trajectory 174 of circuit 16 -- done
rank 87 | trajectory 189 of circuit 78 -- done
rank 61 | trajectory 114 of circuit 33 -- done
rank 37 | trajectory 9 of circuit 95 -- done
rank 76 | trajectory 34 of circuit 33 -- done
rank 45 | trajectory 71 of circuit 22 -- done
rank 35 | trajectory 156 of circuit 38 -- done
rank 70 | trajectory 40 of circuit 1 -- done
rank 34 | trajectory 30 of circuit 88 -- done
rank 72 | trajectory 123 of circuit 46 -- done
rank 46 | trajectory 39 of circuit 65 -- done
rank 80 | trajectory 8 of circuit 94 -- done
rank 46 | trajectory 127 of circuit 47 -- done
rank 35 | trajectory 175 of circuit 49 -- done
rank 22 | trajectory 160 of circuit 67 -- done
rank 28 | trajectory 1 of circuit 2 -- done
rank 41 | trajectory 116 of circuit 92 -- done
rank 46 | trajectory 185 of circuit 64 -- done
rank 91 | trajectory 162 of circuit 40 -- done
rank 52 | trajectory 75 of circuit 6 -- done
rank 64 | trajectory 27 of circuit 80 -- done
rank 98 | trajectory 177 of circuit 96 -- done
rank 84 | trajectory 133 of circuit 13 -- done
rank 5 | trajectory 118 of circuit 32 -- done
rank 53 | trajectory 165 of circuit 18 -- done
rank 52 | trajectory 53 of circuit 59 -- done
rank 7 | trajectory 150 of circuit 74 -- done
rank 49 | trajectory 131 of circuit 19 -- done
rank 62 | trajectory 37 of circuit 40 -- done
rank 86 | trajectory 115 of circuit 86 -- done
rank 95 | trajectory 104 of circuit 15 -- done
rank 46 | trajectory 37 of circuit 39 -- done
rank 5 | trajectory 189 of circuit 35 -- done
rank 46 | trajectory 81 of circuit 35 -- done
rank 40 | trajectory 176 of circuit 40 -- done
rank 52 | trajectory 9 of circuit 100 -- done
rank 74 | trajectory 10 of circuit 87 -- done
rank 77 | trajectory 72 of circuit 17 -- done
rank 46 | trajectory 145 of circuit 88 -- done
rank 81 | trajectory 32 of circuit 65 -- done
rank 18 | trajectory 65 of circuit 57 -- done
rank 56 | trajectory 160 of circuit 87 -- done
rank 30 | trajectory 182 of circuit 33 -- done
rank 99 | trajectory 172 of circuit 29 -- done
rank 46 | trajectory 10 of circuit 5 -- done
rank 63 | trajectory 140 of circuit 30 -- done
rank 96 | trajectory 188 of circuit 38 -- done
rank 9 | trajectory 22 of circuit 67 -- done
rank 88 | trajectory 31 of circuit 55 -- done
rank 51 | trajectory 95 of circuit 65 -- done
rank 98 | trajectory 169 of circuit 46 -- done
rank 1 | trajectory 71 of circuit 7 -- done
rank 44 | trajectory 186 of circuit 20 -- done
rank 46 | trajectory 71 of circuit 18 -- done
rank 52 | trajectory 178 of circuit 64 -- done
rank 23 | trajectory 148 of circuit 83 -- done
rank 10 | trajectory 141 of circuit 29 -- done
rank 61 | trajectory 14 of circuit 52 -- done
rank 76 | trajectory 169 of circuit 96 -- done
rank 52 | trajectory 34 of circuit 32 -- done
rank 66 | trajectory 38 of circuit 49 -- done
rank 82 | trajectory 15 of circuit 33 -- done
rank 17 | trajectory 147 of circuit 39 -- done
rank 34 | trajectory 86 of circuit 27 -- done
rank 22 | trajectory 175 of circuit 47 -- done
rank 29 | trajectory 111 of circuit 2 -- done
rank 59 | trajectory 167 of circuit 82 -- done
rank 70 | trajectory 175 of circuit 71 -- done
rank 80 | trajectory 163 of circuit 97 -- done
rank 28 | trajectory 101 of circuit 8 -- done
rank 83 | trajectory 85 of circuit 61 -- done
rank 52 | trajectory 59 of circuit 65 -- done
rank 20 | trajectory 177 of circuit 18 -- done
rank 43 | trajectory 143 of circuit 25 -- done
rank 5 | trajectory 149 of circuit 79 -- done
rank 13 | trajectory 5 of circuit 34 -- done
rank 41 | trajectory 54 of circuit 25 -- done
rank 72 | trajectory 42 of circuit 25 -- done
rank 37 | trajectory 72 of circuit 71 -- done
rank 98 | trajectory 146 of circuit 36 -- done
rank 7 | trajectory 111 of circuit 63 -- done
rank 84 | trajectory 134 of circuit 60 -- done
rank 91 | trajectory 41 of circuit 27 -- done
rank 62 | trajectory 133 of circuit 78 -- done
rank 86 | trajectory 137 of circuit 77 -- done
rank 30 | trajectory 181 of circuit 78 -- done
rank 64 | trajectory 72 of circuit 56 -- done
rank 87 | trajectory 180 of circuit 4 -- done
rank 99 | trajectory 142 of circuit 63 -- done
rank 79 | trajectory 177 of circuit 22 -- done
rank 95 | trajectory 109 of circuit 51 -- done
rank 63 | trajectory 141 of circuit 22 -- done
rank 49 | trajectory 179 of circuit 94 -- done
rank 54 | trajectory 162 of circuit 42 -- done
rank 23 | trajectory 94 of circuit 25 -- done
rank 77 | trajectory 176 of circuit 50 -- done
rank 56 | trajectory 136 of circuit 70 -- done
rank 9 | trajectory 182 of circuit 9 -- done
rank 27 | trajectory 180 of circuit 13 -- done
rank 88 | trajectory 36 of circuit 27 -- done
rank 28 | trajectory 42 of circuit 69 -- done
rank 44 | trajectory 178 of circuit 26 -- done
rank 1 | trajectory 164 of circuit 78 -- done
rank 70 | trajectory 11 of circuit 18 -- done
rank 76 | trajectory 188 of circuit 6 -- done
rank 82 | trajectory 69 of circuit 99 -- done
rank 61 | trajectory 98 of circuit 11 -- done
rank 5 | trajectory 144 of circuit 9 -- done
rank 59 | trajectory 62 of circuit 5 -- done
rank 34 | trajectory 35 of circuit 60 -- done
rank 17 | trajectory 87 of circuit 62 -- done
rank 32 | trajectory 32 of circuit 13 -- done
rank 29 | trajectory 93 of circuit 68 -- done
rank 22 | trajectory 143 of circuit 17 -- done
rank 18 | trajectory 87 of circuit 99 -- done
rank 91 | trajectory 125 of circuit 61 -- done
rank 80 | trajectory 27 of circuit 4 -- done
rank 81 | trajectory 140 of circuit 16 -- done
rank 43 | trajectory 126 of circuit 67 -- done
rank 52 | trajectory 57 of circuit 51 -- done
rank 66 | trajectory 86 of circuit 41 -- done
rank 51 | trajectory 134 of circuit 13 -- done
rank 7 | trajectory 191 of circuit 36 -- done
rank 62 | trajectory 105 of circuit 22 -- done
rank 86 | trajectory 152 of circuit 70 -- done
rank 37 | trajectory 150 of circuit 96 -- done
rank 83 | trajectory 34 of circuit 84 -- done
rank 30 | trajectory 100 of circuit 93 -- done
rank 87 | trajectory 183 of circuit 42 -- done
rank 23 | trajectory 109 of circuit 5 -- done
rank 72 | trajectory 121 of circuit 92 -- done
rank 56 | trajectory 148 of circuit 70 -- done
rank 5 | trajectory 97 of circuit 91 -- done
rank 77 | trajectory 42 of circuit 52 -- done
rank 64 | trajectory 115 of circuit 6 -- done
rank 40 | trajectory 122 of circuit 5 -- done
rank 79 | trajectory 133 of circuit 12 -- done
rank 41 | trajectory 73 of circuit 50 -- done
rank 49 | trajectory 68 of circuit 95 -- done
rank 99 | trajectory 11 of circuit 41 -- done
rank 84 | trajectory 180 of circuit 66 -- done
rank 54 | trajectory 172 of circuit 30 -- done
rank 70 | trajectory 112 of circuit 14 -- done
rank 22 | trajectory 23 of circuit 37 -- done
rank 44 | trajectory 88 of circuit 40 -- done
rank 20 | trajectory 165 of circuit 61 -- done
rank 98 | trajectory 150 of circuit 40 -- done
rank 65 | trajectory 10 of circuit 84 -- done
rank 59 | trajectory 90 of circuit 95 -- done
rank 38 | trajectory 158 of circuit 78 -- done
rank 24 | trajectory 139 of circuit 5 -- done
rank 88 | trajectory 88 of circuit 27 -- done
rank 27 | trajectory 54 of circuit 3 -- done
rank 1 | trajectory 182 of circuit 72 -- done
rank 61 | trajectory 170 of circuit 12 -- done
rank 28 | trajectory 74 of circuit 37 -- done
rank 17 | trajectory 54 of circuit 8 -- done
rank 80 | trajectory 155 of circuit 19 -- done
rank 43 | trajectory 170 of circuit 90 -- done
rank 76 | trajectory 145 of circuit 90 -- done
rank 86 | trajectory 57 of circuit 59 -- done
rank 29 | trajectory 143 of circuit 39 -- done
rank 5 | trajectory 85 of circuit 16 -- done
rank 95 | trajectory 71 of circuit 74 -- done
rank 5 | trajectory 171 of circuit 98 -- done
rank 30 | trajectory 48 of circuit 41 -- done
rank 34 | trajectory 39 of circuit 39 -- done
rank 62 | trajectory 16 of circuit 69 -- done
rank 81 | trajectory 173 of circuit 10 -- done
rank 98 | trajectory 138 of circuit 79 -- done
rank 32 | trajectory 106 of circuit 31 -- done
rank 87 | trajectory 175 of circuit 61 -- done
rank 7 | trajectory 132 of circuit 88 -- done
rank 3 | trajectory 40 of circuit 51 -- done
rank 64 | trajectory 117 of circuit 8 -- done
rank 91 | trajectory 89 of circuit 79 -- done
rank 77 | trajectory 151 of circuit 6 -- done
rank 79 | trajectory 75 of circuit 27 -- done
rank 99 | trajectory 21 of circuit 15 -- done
rank 9 | trajectory 5 of circuit 18 -- done
rank 3 | trajectory 14 of circuit 48 -- done
rank 66 | trajectory 172 of circuit 9 -- done
rank 10 | trajectory 53 of circuit 56 -- done
rank 84 | trajectory 103 of circuit 36 -- done
rank 23 | trajectory 147 of circuit 67 -- done
rank 52 | trajectory 181 of circuit 69 -- done
rank 51 | trajectory 44 of circuit 22 -- done
rank 37 | trajectory 60 of circuit 42 -- done
rank 3 | trajectory 3 of circuit 47 -- done
rank 65 | trajectory 149 of circuit 55 -- done
rank 56 | trajectory 22 of circuit 51 -- done
rank 54 | trajectory 179 of circuit 39 -- done
rank 70 | trajectory 24 of circuit 95 -- done
rank 71 | trajectory 55 of circuit 5 -- done
rank 88 | trajectory 67 of circuit 92 -- done
rank 3 | trajectory 67 of circuit 72 -- done
rank 76 | trajectory 96 of circuit 62 -- done
rank 3 | trajectory 71 of circuit 92 -- done
rank 5 | trajectory 67 of circuit 100 -- done
rank 44 | trajectory 190 of circuit 7 -- done
rank 18 | trajectory 42 of circuit 20 -- done
rank 27 | trajectory 83 of circuit 48 -- done
rank 30 | trajectory 6 of circuit 78 -- done
rank 3 | trajectory 95 of circuit 51 -- done
rank 72 | trajectory 10 of circuit 30 -- done
rank 22 | trajectory 50 of circuit 89 -- done
rank 49 | trajectory 41 of circuit 13 -- done
rank 3 | trajectory 103 of circuit 54 -- done
rank 41 | trajectory 119 of circuit 94 -- done
rank 1 | trajectory 68 of circuit 99 -- done
rank 98 | trajectory 121 of circuit 77 -- done
rank 20 | trajectory 63 of circuit 71 -- done
rank 81 | trajectory 188 of circuit 72 -- done
rank 62 | trajectory 150 of circuit 48 -- done
rank 34 | trajectory 144 of circuit 73 -- done
rank 3 | trajectory 57 of circuit 53 -- done
rank 87 | trajectory 134 of circuit 31 -- done
rank 80 | trajectory 31 of circuit 64 -- done
rank 58 | trajectory 143 of circuit 71 -- done
rank 95 | trajectory 115 of circuit 58 -- done
rank 79 | trajectory 149 of circuit 33 -- done
rank 40 | trajectory 184 of circuit 73 -- done
rank 86 | trajectory 138 of circuit 89 -- done
rank 3 | trajectory 117 of circuit 5 -- done
rank 61 | trajectory 185 of circuit 4 -- done
rank 42 | trajectory 49 of circuit 9 -- done
rank 99 | trajectory 58 of circuit 7 -- done
rank 32 | trajectory 142 of circuit 24 -- done
rank 43 | trajectory 115 of circuit 52 -- done
rank 2 | trajectory 50 of circuit 69 -- done
rank 3 | trajectory 130 of circuit 33 -- done
rank 28 | trajectory 82 of circuit 74 -- done
rank 17 | trajectory 138 of circuit 59 -- done
rank 38 | trajectory 83 of circuit 82 -- done
rank 29 | trajectory 53 of circuit 93 -- done
rank 10 | trajectory 26 of circuit 41 -- done
rank 71 | trajectory 43 of circuit 98 -- done
rank 3 | trajectory 97 of circuit 53 -- done
rank 66 | trajectory 137 of circuit 92 -- done
rank 30 | trajectory 151 of circuit 44 -- done
rank 88 | trajectory 190 of circuit 35 -- done
rank 70 | trajectory 171 of circuit 54 -- done
rank 64 | trajectory 116 of circuit 55 -- done
rank 84 | trajectory 191 of circuit 85 -- done
rank 22 | trajectory 69 of circuit 21 -- done
rank 52 | trajectory 61 of circuit 29 -- done
rank 54 | trajectory 184 of circuit 70 -- done
rank 7 | trajectory 107 of circuit 97 -- done
rank 55 | trajectory 71 of circuit 46 -- done
rank 65 | trajectory 182 of circuit 57 -- done
rank 24 | trajectory 74 of circuit 41 -- done
rank 44 | trajectory 72 of circuit 99 -- done
rank 72 | trajectory 125 of circuit 48 -- done
rank 23 | trajectory 79 of circuit 33 -- done
rank 98 | trajectory 36 of circuit 71 -- done
rank 39 | trajectory 185 of circuit 33 -- done
rank 59 | trajectory 2 of circuit 57 -- done
rank 53 | trajectory 163 of circuit 3 -- done
rank 79 | trajectory 41 of circuit 14 -- done
rank 42 | trajectory 53 of circuit 97 -- done
rank 81 | trajectory 23 of circuit 84 -- done
rank 80 | trajectory 65 of circuit 66 -- done
rank 1 | trajectory 170 of circuit 32 -- done
rank 51 | trajectory 190 of circuit 24 -- done
rank 61 | trajectory 160 of circuit 10 -- done
rank 3 | trajectory 191 of circuit 28 -- done
rank 58 | trajectory 134 of circuit 9 -- done
rank 77 | trajectory 88 of circuit 12 -- done
rank 30 | trajectory 69 of circuit 9 -- done
rank 20 | trajectory 119 of circuit 11 -- done
rank 34 | trajectory 71 of circuit 34 -- done
rank 82 | trajectory 72 of circuit 64 -- done
rank 62 | trajectory 143 of circuit 44 -- done
rank 27 | trajectory 41 of circuit 85 -- done
rank 86 | trajectory 164 of circuit 62 -- done
rank 95 | trajectory 84 of circuit 76 -- done
rank 98 | trajectory 60 of circuit 93 -- done
rank 18 | trajectory 6 of circuit 15 -- done
rank 10 | trajectory 33 of circuit 65 -- done
rank 29 | trajectory 117 of circuit 4 -- done
rank 3 | trajectory 70 of circuit 69 -- done
rank 40 | trajectory 130 of circuit 89 -- done
rank 66 | trajectory 120 of circuit 16 -- done
rank 85 | trajectory 62 of circuit 1 -- done
rank 88 | trajectory 188 of circuit 7 -- done
rank 17 | trajectory 119 of circuit 39 -- done
rank 64 | trajectory 114 of circuit 54 -- done
rank 7 | trajectory 157 of circuit 39 -- done
rank 63 | trajectory 179 of circuit 91 -- done
rank 52 | trajectory 48 of circuit 3 -- done
rank 99 | trajectory 50 of circuit 94 -- done
rank 37 | trajectory 159 of circuit 88 -- done
rank 65 | trajectory 57 of circuit 13 -- done
rank 30 | trajectory 179 of circuit 75 -- done
rank 98 | trajectory 66 of circuit 34 -- done
rank 49 | trajectory 185 of circuit 11 -- done
rank 70 | trajectory 170 of circuit 40 -- done
rank 42 | trajectory 83 of circuit 36 -- done
rank 23 | trajectory 153 of circuit 62 -- done
rank 84 | trajectory 52 of circuit 11 -- done
rank 43 | trajectory 175 of circuit 65 -- done
rank 32 | trajectory 184 of circuit 97 -- done
rank 41 | trajectory 86 of circuit 97 -- done
rank 22 | trajectory 80 of circuit 12 -- done
rank 71 | trajectory 192 of circuit 56 -- done
rank 44 | trajectory 54 of circuit 53 -- done
rank 1 | trajectory 128 of circuit 71 -- done
rank 61 | trajectory 122 of circuit 79 -- done
rank 20 | trajectory 110 of circuit 4 -- done
rank 76 | trajectory 123 of circuit 78 -- done
rank 55 | trajectory 148 of circuit 82 -- done
rank 81 | trajectory 3 of circuit 42 -- done
rank 62 | trajectory 57 of circuit 60 -- done
rank 79 | trajectory 90 of circuit 30 -- done
rank 72 | trajectory 132 of circuit 97 -- done
rank 87 | trajectory 90 of circuit 64 -- done
rank 77 | trajectory 124 of circuit 46 -- done
rank 24 | trajectory 84 of circuit 80 -- done
rank 46 | trajectory 156 of circuit 3 -- done
rank 5 | trajectory 95 of circuit 95 -- done
rank 59 | trajectory 72 of circuit 86 -- done
rank 64 | trajectory 113 of circuit 64 -- done
rank 10 | trajectory 9 of circuit 63 -- done
rank 27 | trajectory 138 of circuit 55 -- done
rank 82 | trajectory 184 of circuit 55 -- done
rank 99 | trajectory 37 of circuit 9 -- done
rank 95 | trajectory 163 of circuit 74 -- done
rank 17 | trajectory 79 of circuit 5 -- done
rank 53 | trajectory 179 of circuit 64 -- done
rank 42 | trajectory 123 of circuit 40 -- done
rank 88 | trajectory 139 of circuit 40 -- done
rank 38 | trajectory 95 of circuit 43 -- done
rank 66 | trajectory 118 of circuit 91 -- done
rank 70 | trajectory 61 of circuit 90 -- done
rank 52 | trajectory 51 of circuit 100 -- done
rank 34 | trajectory 84 of circuit 89 -- done
rank 29 | trajectory 185 of circuit 67 -- done
rank 63 | trajectory 164 of circuit 81 -- done
rank 58 | trajectory 154 of circuit 84 -- done
rank 79 | trajectory 77 of circuit 100 -- done
rank 43 | trajectory 104 of circuit 31 -- done
rank 84 | trajectory 20 of circuit 34 -- done
rank 80 | trajectory 190 of circuit 81 -- done
rank 76 | trajectory 102 of circuit 37 -- done
rank 81 | trajectory 136 of circuit 51 -- done
rank 65 | trajectory 49 of circuit 97 -- done
rank 7 | trajectory 190 of circuit 22 -- done
rank 62 | trajectory 126 of circuit 34 -- done
rank 22 | trajectory 104 of circuit 30 -- done
rank 18 | trajectory 21 of circuit 55 -- done
rank 20 | trajectory 95 of circuit 83 -- done
rank 1 | trajectory 88 of circuit 43 -- done
rank 99 | trajectory 69 of circuit 81 -- done
rank 40 | trajectory 13 of circuit 24 -- done
rank 59 | trajectory 172 of circuit 4 -- done
rank 98 | trajectory 137 of circuit 39 -- done
rank 23 | trajectory 160 of circuit 17 -- done
rank 64 | trajectory 87 of circuit 41 -- done
rank 77 | trajectory 92 of circuit 71 -- done
rank 42 | trajectory 146 of circuit 54 -- done
rank 66 | trajectory 173 of circuit 43 -- done
rank 83 | trajectory 75 of circuit 12 -- done
rank 44 | trajectory 112 of circuit 27 -- done
rank 55 | trajectory 152 of circuit 51 -- done
rank 70 | trajectory 75 of circuit 65 -- done
rank 53 | trajectory 7 of circuit 28 -- done
rank 79 | trajectory 156 of circuit 79 -- done
rank 34 | trajectory 155 of circuit 5 -- done
rank 17 | trajectory 159 of circuit 45 -- done
rank 61 | trajectory 171 of circuit 70 -- done
rank 76 | trajectory 93 of circuit 89 -- done
rank 43 | trajectory 60 of circuit 46 -- done
rank 30 | trajectory 26 of circuit 70 -- done
rank 49 | trajectory 159 of circuit 50 -- done
rank 95 | trajectory 143 of circuit 74 -- done
rank 97 | trajectory 1 of circuit 46 -- done
rank 72 | trajectory 177 of circuit 28 -- done
rank 37 | trajectory 175 of circuit 36 -- done
rank 5 | trajectory 112 of circuit 8 -- done
rank 38 | trajectory 48 of circuit 79 -- done
rank 52 | trajectory 82 of circuit 90 -- done
rank 82 | trajectory 104 of circuit 25 -- done
rank 88 | trajectory 64 of circuit 84 -- done
rank 56 | trajectory 43 of circuit 60 -- done
rank 58 | trajectory 144 of circuit 30 -- done
rank 7 | trajectory 94 of circuit 99 -- done
rank 71 | trajectory 96 of circuit 30 -- done
rank 62 | trajectory 170 of circuit 19 -- done
rank 18 | trajectory 178 of circuit 32 -- done
rank 20 | trajectory 162 of circuit 4 -- done
rank 84 | trajectory 77 of circuit 78 -- done
rank 29 | trajectory 25 of circuit 35 -- done
rank 64 | trajectory 124 of circuit 44 -- done
rank 65 | trajectory 116 of circuit 54 -- done
rank 23 | trajectory 104 of circuit 87 -- done
rank 10 | trajectory 114 of circuit 41 -- done
rank 42 | trajectory 106 of circuit 70 -- done
rank 4 | trajectory 22 of circuit 68 -- done
rank 77 | trajectory 152 of circuit 94 -- done
rank 1 | trajectory 192 of circuit 71 -- done
rank 70 | trajectory 18 of circuit 79 -- done
rank 81 | trajectory 168 of circuit 53 -- done
rank 80 | trajectory 124 of circuit 88 -- done
rank 66 | trajectory 174 of circuit 89 -- done
rank 98 | trajectory 128 of circuit 13 -- done
rank 30 | trajectory 137 of circuit 15 -- done
rank 22 | trajectory 183 of circuit 92 -- done
rank 24 | trajectory 39 of circuit 51 -- done
rank 44 | trajectory 48 of circuit 98 -- done
rank 59 | trajectory 74 of circuit 64 -- done
rank 63 | trajectory 169 of circuit 19 -- done
rank 53 | trajectory 160 of circuit 15 -- done
rank 79 | trajectory 122 of circuit 34 -- done
rank 58 | trajectory 98 of circuit 99 -- done
rank 56 | trajectory 151 of circuit 73 -- done
rank 49 | trajectory 155 of circuit 4 -- done
rank 32 | trajectory 154 of circuit 64 -- done
rank 43 | trajectory 138 of circuit 80 -- done
rank 17 | trajectory 76 of circuit 28 -- done
rank 99 | trajectory 77 of circuit 43 -- done
rank 95 | trajectory 117 of circuit 70 -- done
rank 76 | trajectory 178 of circuit 41 -- done
rank 71 | trajectory 129 of circuit 51 -- done
rank 20 | trajectory 147 of circuit 75 -- done
rank 83 | trajectory 24 of circuit 31 -- done
rank 72 | trajectory 66 of circuit 70 -- done
rank 52 | trajectory 71 of circuit 24 -- done
rank 34 | trajectory 76 of circuit 66 -- done
rank 18 | trajectory 27 of circuit 38 -- done
rank 77 | trajectory 173 of circuit 65 -- done
rank 98 | trajectory 154 of circuit 3 -- done
rank 23 | trajectory 43 of circuit 13 -- done
rank 70 | trajectory 6 of circuit 91 -- done
rank 40 | trajectory 151 of circuit 91 -- done
rank 1 | trajectory 183 of circuit 87 -- done
rank 92 | trajectory 79 of circuit 7 -- done
rank 62 | trajectory 87 of circuit 37 -- done
rank 81 | trajectory 149 of circuit 34 -- done
rank 84 | trajectory 54 of circuit 15 -- done
rank 7 | trajectory 171 of circuit 5 -- done
rank 88 | trajectory 66 of circuit 95 -- done
rank 10 | trajectory 148 of circuit 35 -- done
rank 64 | trajectory 123 of circuit 72 -- done
rank 30 | trajectory 14 of circuit 5 -- done
rank 42 | trajectory 22 of circuit 14 -- done
rank 5 | trajectory 8 of circuit 99 -- done
rank 22 | trajectory 138 of circuit 37 -- done
rank 66 | trajectory 176 of circuit 75 -- done
rank 98 | trajectory 57 of circuit 57 -- done
rank 38 | trajectory 62 of circuit 96 -- done
rank 99 | trajectory 28 of circuit 98 -- done
rank 80 | trajectory 153 of circuit 24 -- done
rank 59 | trajectory 10 of circuit 95 -- done
rank 65 | trajectory 78 of circuit 40 -- done
rank 71 | trajectory 62 of circuit 27 -- done
rank 76 | trajectory 125 of circuit 34 -- done
rank 82 | trajectory 33 of circuit 72 -- done
rank 43 | trajectory 133 of circuit 82 -- done
rank 61 | trajectory 62 of circuit 51 -- done
rank 16 | trajectory 53 of circuit 37 -- done
rank 95 | trajectory 121 of circuit 71 -- done
rank 53 | trajectory 53 of circuit 48 -- done
rank 79 | trajectory 59 of circuit 34 -- done
rank 58 | trajectory 84 of circuit 34 -- done
rank 56 | trajectory 24 of circuit 23 -- done
rank 20 | trajectory 50 of circuit 38 -- done
rank 44 | trajectory 156 of circuit 16 -- done
rank 77 | trajectory 33 of circuit 92 -- done
rank 18 | trajectory 3 of circuit 34 -- done
rank 62 | trajectory 99 of circuit 48 -- done
rank 17 | trajectory 39 of circuit 43 -- done
rank 34 | trajectory 89 of circuit 82 -- done
rank 84 | trajectory 89 of circuit 74 -- done
rank 39 | trajectory 10 of circuit 11 -- done
rank 42 | trajectory 169 of circuit 88 -- done
rank 81 | trajectory 120 of circuit 93 -- done
rank 49 | trajectory 14 of circuit 57 -- done
rank 83 | trajectory 56 of circuit 12 -- done
rank 52 | trajectory 104 of circuit 62 -- done
rank 70 | trajectory 86 of circuit 19 -- done
rank 76 | trajectory 144 of circuit 29 -- done
rank 30 | trajectory 34 of circuit 42 -- done
rank 26 | trajectory 122 of circuit 9 -- done
rank 23 | trajectory 92 of circuit 54 -- done
rank 5 | trajectory 94 of circuit 30 -- done
rank 99 | trajectory 36 of circuit 40 -- done
rank 71 | trajectory 86 of circuit 91 -- done
rank 43 | trajectory 90 of circuit 23 -- done
rank 38 | trajectory 84 of circuit 95 -- done
rank 66 | trajectory 56 of circuit 13 -- done
rank 10 | trajectory 31 of circuit 71 -- done
rank 41 | trajectory 87 of circuit 22 -- done
rank 86 | trajectory 184 of circuit 64 -- done
rank 88 | trajectory 19 of circuit 100 -- done
rank 7 | trajectory 80 of circuit 44 -- done
rank 61 | trajectory 187 of circuit 7 -- done
rank 80 | trajectory 115 of circuit 22 -- done
rank 65 | trajectory 87 of circuit 67 -- done
rank 79 | trajectory 103 of circuit 74 -- done
rank 64 | trajectory 126 of circuit 59 -- done
rank 95 | trajectory 165 of circuit 10 -- done
rank 92 | trajectory 86 of circuit 68 -- done
rank 32 | trajectory 169 of circuit 28 -- done
rank 72 | trajectory 113 of circuit 7 -- done
rank 22 | trajectory 155 of circuit 27 -- done
rank 56 | trajectory 130 of circuit 4 -- done
rank 42 | trajectory 24 of circuit 14 -- done
rank 77 | trajectory 96 of circuit 39 -- done
rank 20 | trajectory 191 of circuit 72 -- done
rank 40 | trajectory 135 of circuit 79 -- done
rank 44 | trajectory 125 of circuit 57 -- done
rank 55 | trajectory 177 of circuit 53 -- done
rank 58 | trajectory 181 of circuit 50 -- done
rank 81 | trajectory 171 of circuit 20 -- done
rank 17 | trajectory 68 of circuit 58 -- done
rank 16 | trajectory 115 of circuit 99 -- done
rank 49 | trajectory 91 of circuit 68 -- done
rank 97 | trajectory 107 of circuit 52 -- done
rank 30 | trajectory 62 of circuit 45 -- done
rank 84 | trajectory 165 of circuit 65 -- done
rank 59 | trajectory 19 of circuit 41 -- done
rank 98 | trajectory 124 of circuit 52 -- done
rank 23 | trajectory 152 of circuit 1 -- done
rank 66 | trajectory 166 of circuit 51 -- done
rank 62 | trajectory 75 of circuit 99 -- done
rank 71 | trajectory 156 of circuit 75 -- done
rank 43 | trajectory 86 of circuit 64 -- done
rank 10 | trajectory 90 of circuit 48 -- done
rank 53 | trajectory 127 of circuit 83 -- done
rank 17 | trajectory 30 of circuit 24 -- done
rank 70 | trajectory 107 of circuit 96 -- done
rank 45 | trajectory 169 of circuit 44 -- done
rank 24 | trajectory 130 of circuit 51 -- done
rank 99 | trajectory 55 of circuit 85 -- done
rank 78 | trajectory 179 of circuit 89 -- done
rank 7 | trajectory 173 of circuit 80 -- done
rank 88 | trajectory 20 of circuit 72 -- done
rank 86 | trajectory 108 of circuit 99 -- done
rank 82 | trajectory 117 of circuit 94 -- done
rank 76 | trajectory 182 of circuit 47 -- done
rank 61 | trajectory 28 of circuit 99 -- done
rank 41 | trajectory 114 of circuit 16 -- done
rank 92 | trajectory 54 of circuit 36 -- done
rank 79 | trajectory 160 of circuit 12 -- done
rank 5 | trajectory 4 of circuit 89 -- done
rank 34 | trajectory 156 of circuit 11 -- done
rank 97 | trajectory 135 of circuit 41 -- done
rank 80 | trajectory 3 of circuit 25 -- done
rank 85 | trajectory 37 of circuit 25 -- done
rank 97 | trajectory 145 of circuit 2 -- done
rank 38 | trajectory 131 of circuit 51 -- done
rank 64 | trajectory 128 of circuit 89 -- done
rank 44 | trajectory 78 of circuit 42 -- done
rank 65 | trajectory 94 of circuit 81 -- done
rank 58 | trajectory 147 of circuit 89 -- done
rank 95 | trajectory 101 of circuit 71 -- done
rank 20 | trajectory 163 of circuit 70 -- done
rank 77 | trajectory 180 of circuit 1 -- done
rank 42 | trajectory 103 of circuit 20 -- done
rank 97 | trajectory 34 of circuit 29 -- done
rank 84 | trajectory 174 of circuit 66 -- done
rank 17 | trajectory 69 of circuit 68 -- done
rank 97 | trajectory 175 of circuit 83 -- done
rank 56 | trajectory 178 of circuit 82 -- done
rank 97 | trajectory 140 of circuit 23 -- done
rank 26 | trajectory 179 of circuit 70 -- done
rank 98 | trajectory 89 of circuit 81 -- done
rank 70 | trajectory 172 of circuit 36 -- done
rank 59 | trajectory 49 of circuit 46 -- done
rank 18 | trajectory 12 of circuit 82 -- done
rank 45 | trajectory 182 of circuit 8 -- done
rank 53 | trajectory 149 of circuit 17 -- done
rank 16 | trajectory 65 of circuit 24 -- done
rank 49 | trajectory 150 of circuit 60 -- done
rank 66 | trajectory 69 of circuit 95 -- done
rank 23 | trajectory 170 of circuit 4 -- done
rank 43 | trajectory 174 of circuit 5 -- done
rank 76 | trajectory 15 of circuit 41 -- done
rank 40 | trajectory 92 of circuit 43 -- done
rank 62 | trajectory 18 of circuit 43 -- done
rank 71 | trajectory 17 of circuit 16 -- done
rank 81 | trajectory 145 of circuit 99 -- done
rank 10 | trajectory 152 of circuit 98 -- done
rank 24 | trajectory 42 of circuit 18 -- done
rank 61 | trajectory 154 of circuit 13 -- done
rank 30 | trajectory 64 of circuit 6 -- done
rank 22 | trajectory 167 of circuit 40 -- done
rank 92 | trajectory 29 of circuit 99 -- done
rank 41 | trajectory 124 of circuit 74 -- done
rank 86 | trajectory 34 of circuit 48 -- done
rank 88 | trajectory 72 of circuit 77 -- done
rank 80 | trajectory 116 of circuit 33 -- done
rank 7 | trajectory 50 of circuit 19 -- done
rank 44 | trajectory 10 of circuit 12 -- done
rank 95 | trajectory 147 of circuit 1 -- done
rank 56 | trajectory 39 of circuit 48 -- done
rank 96 | trajectory 124 of circuit 39 -- done
rank 79 | trajectory 175 of circuit 40 -- done
rank 20 | trajectory 107 of circuit 41 -- done
rank 64 | trajectory 164 of circuit 42 -- done
rank 34 | trajectory 55 of circuit 24 -- done
rank 77 | trajectory 132 of circuit 2 -- done
rank 55 | trajectory 58 of circuit 78 -- done
rank 99 | trajectory 91 of circuit 33 -- done
rank 32 | trajectory 48 of circuit 46 -- done
rank 38 | trajectory 162 of circuit 36 -- done
rank 65 | trajectory 98 of circuit 40 -- done
rank 42 | trajectory 28 of circuit 74 -- done
rank 71 | trajectory 134 of circuit 76 -- done
rank 70 | trajectory 99 of circuit 73 -- done
rank 45 | trajectory 30 of circuit 53 -- done
rank 18 | trajectory 26 of circuit 59 -- done
rank 81 | trajectory 186 of circuit 58 -- done
rank 53 | trajectory 72 of circuit 70 -- done
rank 17 | trajectory 45 of circuit 15 -- done
rank 66 | trajectory 46 of circuit 7 -- done
rank 84 | trajectory 59 of circuit 18 -- done
rank 76 | trajectory 62 of circuit 58 -- done
rank 43 | trajectory 16 of circuit 76 -- done
rank 49 | trajectory 17 of circuit 39 -- done
rank 82 | trajectory 43 of circuit 29 -- done
rank 72 | trajectory 188 of circuit 86 -- done
rank 10 | trajectory 50 of circuit 39 -- done
rank 30 | trajectory 190 of circuit 15 -- done
rank 98 | trajectory 85 of circuit 36 -- done
rank 37 | trajectory 30 of circuit 33 -- done
rank 92 | trajectory 20 of circuit 9 -- done
rank 22 | trajectory 22 of circuit 70 -- done
rank 95 | trajectory 4 of circuit 17 -- done
rank 16 | trajectory 165 of circuit 21 -- done
rank 41 | trajectory 190 of circuit 72 -- done
rank 24 | trajectory 20 of circuit 20 -- done
rank 79 | trajectory 83 of circuit 45 -- done
rank 78 | trajectory 117 of circuit 88 -- done
rank 23 | trajectory 115 of circuit 19 -- done
rank 40 | trajectory 8 of circuit 42 -- done
rank 26 | trajectory 150 of circuit 22 -- done
rank 88 | trajectory 26 of circuit 12 -- done
rank 77 | trajectory 150 of circuit 17 -- done
rank 56 | trajectory 58 of circuit 40 -- done
rank 99 | trajectory 8 of circuit 29 -- done
rank 59 | trajectory 54 of circuit 35 -- done
rank 7 | trajectory 180 of circuit 88 -- done
rank 80 | trajectory 30 of circuit 80 -- done
rank 20 | trajectory 171 of circuit 74 -- done
rank 64 | trajectory 105 of circuit 30 -- done
rank 61 | trajectory 95 of circuit 32 -- done
rank 32 | trajectory 95 of circuit 67 -- done
rank 42 | trajectory 138 of circuit 16 -- done
rank 71 | trajectory 191 of circuit 18 -- done
rank 70 | trajectory 9 of circuit 36 -- done
rank 5 | trajectory 15 of circuit 20 -- done
rank 65 | trajectory 19 of circuit 83 -- done
rank 81 | trajectory 119 of circuit 86 -- done
rank 66 | trajectory 42 of circuit 21 -- done
rank 4 | trajectory 23 of circuit 26 -- done
rank 62 | trajectory 108 of circuit 49 -- done
rank 27 | trajectory 183 of circuit 84 -- done
rank 17 | trajectory 63 of circuit 65 -- done
rank 22 | trajectory 18 of circuit 24 -- done
rank 45 | trajectory 143 of circuit 52 -- done
rank 43 | trajectory 192 of circuit 53 -- done
rank 76 | trajectory 129 of circuit 46 -- done
rank 49 | trajectory 125 of circuit 26 -- done
rank 30 | trajectory 73 of circuit 24 -- done
rank 84 | trajectory 115 of circuit 18 -- done
rank 34 | trajectory 72 of circuit 62 -- done
rank 41 | trajectory 127 of circuit 56 -- done
rank 98 | trajectory 29 of circuit 12 -- done
rank 72 | trajectory 32 of circuit 35 -- done
rank 18 | trajectory 105 of circuit 74 -- done
rank 92 | trajectory 11 of circuit 10 -- done
rank 38 | trajectory 70 of circuit 56 -- done
rank 55 | trajectory 57 of circuit 50 -- done
rank 56 | trajectory 4 of circuit 79 -- done
rank 58 | trajectory 41 of circuit 3 -- done
rank 42 | trajectory 47 of circuit 14 -- done
rank 37 | trajectory 125 of circuit 100 -- done
rank 10 | trajectory 58 of circuit 98 -- done
rank 61 | trajectory 139 of circuit 53 -- done
rank 65 | trajectory 119 of circuit 32 -- done
rank 95 | trajectory 122 of circuit 7 -- done
rank 86 | trajectory 142 of circuit 1 -- done
rank 82 | trajectory 20 of circuit 47 -- done
rank 81 | trajectory 142 of circuit 3 -- done
rank 99 | trajectory 119 of circuit 17 -- done
rank 71 | trajectory 28 of circuit 45 -- done
rank 40 | trajectory 144 of circuit 99 -- done
rank 26 | trajectory 100 of circuit 38 -- done
rank 24 | trajectory 44 of circuit 92 -- done
rank 79 | trajectory 151 of circuit 22 -- done
rank 30 | trajectory 116 of circuit 88 -- done
rank 23 | trajectory 137 of circuit 10 -- done
rank 45 | trajectory 132 of circuit 60 -- done
rank 80 | trajectory 17 of circuit 97 -- done
rank 7 | trajectory 156 of circuit 68 -- done
rank 98 | trajectory 7 of circuit 10 -- done
rank 70 | trajectory 117 of circuit 28 -- done
rank 64 | trajectory 144 of circuit 55 -- done
rank 43 | trajectory 65 of circuit 5 -- done
rank 34 | trajectory 42 of circuit 12 -- done
rank 20 | trajectory 86 of circuit 13 -- done
rank 27 | trajectory 89 of circuit 39 -- done
rank 78 | trajectory 28 of circuit 31 -- done
rank 38 | trajectory 102 of circuit 49 -- done
rank 42 | trajectory 135 of circuit 40 -- done
rank 72 | trajectory 79 of circuit 80 -- done
rank 22 | trajectory 137 of circuit 67 -- done
rank 18 | trajectory 156 of circuit 6 -- done
rank 61 | trajectory 128 of circuit 1 -- done
rank 56 | trajectory 98 of circuit 14 -- done
rank 95 | trajectory 124 of circuit 33 -- done
rank 45 | trajectory 6 of circuit 17 -- done
rank 71 | trajectory 128 of circuit 33 -- done
rank 59 | trajectory 4 of circuit 56 -- done
rank 84 | trajectory 19 of circuit 11 -- done
rank 30 | trajectory 78 of circuit 76 -- done
rank 70 | trajectory 19 of circuit 19 -- done
rank 55 | trajectory 51 of circuit 26 -- done
rank 10 | trajectory 161 of circuit 15 -- done
rank 81 | trajectory 114 of circuit 14 -- done
rank 41 | trajectory 103 of circuit 67 -- done
rank 80 | trajectory 34 of circuit 34 -- done
rank 49 | trajectory 142 of circuit 62 -- done
rank 16 | trajectory 85 of circuit 69 -- done
rank 64 | trajectory 78 of circuit 25 -- done
rank 40 | trajectory 179 of circuit 60 -- done
rank 77 | trajectory 108 of circuit 3 -- done
rank 65 | trajectory 40 of circuit 48 -- done
rank 99 | trajectory 2 of circuit 49 -- done
rank 38 | trajectory 107 of circuit 8 -- done
rank 23 | trajectory 184 of circuit 16 -- done
rank 20 | trajectory 85 of circuit 22 -- done
rank 37 | trajectory 104 of circuit 10 -- done
rank 82 | trajectory 141 of circuit 47 -- done
rank 79 | trajectory 63 of circuit 77 -- done
rank 42 | trajectory 86 of circuit 95 -- done
rank 12 | trajectory 116 of circuit 38 -- done
rank 98 | trajectory 118 of circuit 15 -- done
rank 24 | trajectory 22 of circuit 88 -- done
rank 27 | trajectory 146 of circuit 23 -- done
rank 32 | trajectory 104 of circuit 46 -- done
rank 61 | trajectory 85 of circuit 68 -- done
rank 71 | trajectory 14 of circuit 15 -- done
rank 18 | trajectory 56 of circuit 29 -- done
rank 45 | trajectory 149 of circuit 92 -- done
rank 43 | trajectory 40 of circuit 18 -- done
rank 26 | trajectory 25 of circuit 98 -- done
rank 81 | trajectory 122 of circuit 91 -- done
rank 7 | trajectory 189 of circuit 70 -- done
rank 85 | trajectory 107 of circuit 84 -- done
rank 96 | trajectory 28 of circuit 76 -- done
rank 72 | trajectory 170 of circuit 28 -- done
rank 59 | trajectory 57 of circuit 63 -- done
rank 78 | trajectory 137 of circuit 95 -- done
rank 41 | trajectory 148 of circuit 100 -- done
rank 70 | trajectory 143 of circuit 3 -- done
rank 95 | trajectory 161 of circuit 38 -- done
rank 10 | trajectory 172 of circuit 35 -- done
rank 65 | trajectory 37 of circuit 18 -- done
rank 84 | trajectory 78 of circuit 72 -- done
rank 56 | trajectory 74 of circuit 10 -- done
rank 76 | trajectory 141 of circuit 10 -- done
rank 98 | trajectory 23 of circuit 44 -- done
rank 42 | trajectory 31 of circuit 78 -- done
rank 77 | trajectory 106 of circuit 58 -- done
rank 23 | trajectory 145 of circuit 8 -- done
rank 16 | trajectory 86 of circuit 8 -- done
rank 38 | trajectory 144 of circuit 23 -- done
rank 34 | trajectory 27 of circuit 72 -- done
rank 71 | trajectory 124 of circuit 68 -- done
rank 20 | trajectory 154 of circuit 6 -- done
rank 45 | trajectory 168 of circuit 49 -- done
rank 99 | trajectory 178 of circuit 62 -- done
rank 61 | trajectory 180 of circuit 41 -- done
rank 82 | trajectory 4 of circuit 90 -- done
rank 32 | trajectory 84 of circuit 25 -- done
rank 37 | trajectory 183 of circuit 55 -- done
rank 44 | trajectory 183 of circuit 5 -- done
rank 49 | trajectory 53 of circuit 92 -- done
rank 79 | trajectory 98 of circuit 8 -- done
rank 40 | trajectory 157 of circuit 7 -- done
rank 92 | trajectory 48 of circuit 70 -- done
rank 43 | trajectory 97 of circuit 97 -- done
rank 55 | trajectory 22 of circuit 25 -- done
rank 98 | trajectory 155 of circuit 84 -- done
rank 22 | trajectory 1 of circuit 94 -- done
rank 28 | trajectory 76 of circuit 84 -- done
rank 12 | trajectory 83 of circuit 96 -- done
rank 7 | trajectory 124 of circuit 65 -- done
rank 26 | trajectory 78 of circuit 90 -- done
rank 27 | trajectory 99 of circuit 97 -- done
rank 59 | trajectory 13 of circuit 82 -- done
rank 81 | trajectory 31 of circuit 35 -- done
rank 42 | trajectory 25 of circuit 82 -- done
rank 80 | trajectory 29 of circuit 77 -- done
rank 70 | trajectory 3 of circuit 13 -- done
rank 76 | trajectory 190 of circuit 86 -- done
rank 95 | trajectory 89 of circuit 75 -- done
rank 15 | trajectory 28 of circuit 62 -- done
rank 41 | trajectory 81 of circuit 77 -- done
rank 45 | trajectory 131 of circuit 75 -- done
rank 61 | trajectory 109 of circuit 78 -- done
rank 85 | trajectory 74 of circuit 68 -- done
rank 23 | trajectory 44 of circuit 45 -- done
rank 10 | trajectory 191 of circuit 74 -- done
rank 99 | trajectory 5 of circuit 3 -- done
rank 20 | trajectory 111 of circuit 21 -- done
rank 64 | trajectory 169 of circuit 63 -- done
rank 71 | trajectory 174 of circuit 75 -- done
rank 18 | trajectory 111 of circuit 26 -- done
rank 22 | trajectory 129 of circuit 82 -- done
rank 92 | trajectory 134 of circuit 84 -- done
rank 79 | trajectory 107 of circuit 14 -- done
rank 77 | trajectory 165 of circuit 6 -- done
rank 38 | trajectory 51 of circuit 37 -- done
rank 84 | trajectory 126 of circuit 6 -- done
rank 78 | trajectory 104 of circuit 51 -- done
rank 43 | trajectory 122 of circuit 93 -- done
rank 28 | trajectory 24 of circuit 22 -- done
rank 34 | trajectory 19 of circuit 68 -- done
rank 49 | trajectory 10 of circuit 78 -- done
rank 44 | trajectory 69 of circuit 53 -- done
rank 56 | trajectory 10 of circuit 44 -- done
rank 72 | trajectory 138 of circuit 66 -- done
rank 25 | trajectory 41 of circuit 42 -- done
rank 17 | trajectory 25 of circuit 1 -- done
rank 37 | trajectory 137 of circuit 73 -- done
rank 76 | trajectory 31 of circuit 58 -- done
rank 16 | trajectory 107 of circuit 31 -- done
rank 40 | trajectory 83 of circuit 59 -- done
rank 42 | trajectory 66 of circuit 78 -- done
rank 41 | trajectory 48 of circuit 32 -- done
rank 45 | trajectory 52 of circuit 27 -- done
rank 95 | trajectory 2 of circuit 9 -- done
rank 27 | trajectory 152 of circuit 64 -- done
rank 26 | trajectory 89 of circuit 72 -- done
rank 20 | trajectory 99 of circuit 70 -- done
rank 53 | trajectory 134 of circuit 7 -- done
rank 64 | trajectory 161 of circuit 36 -- done
rank 12 | trajectory 145 of circuit 23 -- done
rank 71 | trajectory 21 of circuit 73 -- done
rank 99 | trajectory 38 of circuit 6 -- done
rank 98 | trajectory 56 of circuit 17 -- done
rank 77 | trajectory 157 of circuit 20 -- done
rank 79 | trajectory 127 of circuit 31 -- done
rank 23 | trajectory 162 of circuit 46 -- done
rank 80 | trajectory 5 of circuit 5 -- done
rank 92 | trajectory 90 of circuit 49 -- done
rank 55 | trajectory 155 of circuit 56 -- done
rank 18 | trajectory 17 of circuit 28 -- done
rank 38 | trajectory 121 of circuit 42 -- done
rank 7 | trajectory 57 of circuit 77 -- done
rank 65 | trajectory 41 of circuit 22 -- done
rank 69 | trajectory 1 of circuit 76 -- done
rank 61 | trajectory 44 of circuit 49 -- done
rank 84 | trajectory 137 of circuit 45 -- done
rank 69 | trajectory 86 of circuit 52 -- done
rank 32 | trajectory 192 of circuit 50 -- done
rank 69 | trajectory 99 of circuit 27 -- done
rank 70 | trajectory 119 of circuit 33 -- done
rank 56 | trajectory 140 of circuit 34 -- done
rank 69 | trajectory 59 of circuit 98 -- done
rank 81 | trajectory 138 of circuit 77 -- done
rank 28 | trajectory 73 of circuit 100 -- done
rank 4 | trajectory 18 of circuit 3 -- done
rank 69 | trajectory 64 of circuit 80 -- done
rank 45 | trajectory 166 of circuit 16 -- done
rank 44 | trajectory 138 of circuit 45 -- done
rank 62 | trajectory 174 of circuit 57 -- done
rank 69 | trajectory 79 of circuit 99 -- done
rank 95 | trajectory 43 of circuit 5 -- done
rank 49 | trajectory 72 of circuit 26 -- done
rank 25 | trajectory 134 of circuit 69 -- done
rank 72 | trajectory 118 of circuit 6 -- done
rank 37 | trajectory 98 of circuit 2 -- done
rank 41 | trajectory 182 of circuit 61 -- done
rank 71 | trajectory 179 of circuit 62 -- done
rank 15 | trajectory 98 of circuit 4 -- done
rank 43 | trajectory 26 of circuit 58 -- done
rank 53 | trajectory 42 of circuit 6 -- done
rank 34 | trajectory 22 of circuit 74 -- done
rank 40 | trajectory 65 of circuit 84 -- done
rank 78 | trajectory 154 of circuit 20 -- done
rank 20 | trajectory 62 of circuit 17 -- done
rank 69 | trajectory 28 of circuit 38 -- done
rank 38 | trajectory 10 of circuit 33 -- done
rank 59 | trajectory 14 of circuit 77 -- done
rank 27 | trajectory 81 of circuit 61 -- done
rank 26 | trajectory 38 of circuit 90 -- done
rank 92 | trajectory 35 of circuit 22 -- done
rank 42 | trajectory 113 of circuit 63 -- done
rank 22 | trajectory 87 of circuit 49 -- done
rank 69 | trajectory 21 of circuit 84 -- done
rank 23 | trajectory 138 of circuit 51 -- done
rank 80 | trajectory 120 of circuit 53 -- done
rank 8 | trajectory 17 of circuit 86 -- done
rank 61 | trajectory 115 of circuit 64 -- done
rank 86 | trajectory 168 of circuit 99 -- done
rank 10 | trajectory 3 of circuit 19 -- done
rank 16 | trajectory 10 of circuit 13 -- done
rank 70 | trajectory 88 of circuit 38 -- done
rank 55 | trajectory 153 of circuit 21 -- done
rank 77 | trajectory 127 of circuit 45 -- done
rank 28 | trajectory 22 of circuit 71 -- done
rank 69 | trajectory 42 of circuit 78 -- done
rank 62 | trajectory 138 of circuit 26 -- done
rank 64 | trajectory 159 of circuit 86 -- done
rank 17 | trajectory 137 of circuit 75 -- done
rank 45 | trajectory 118 of circuit 16 -- done
rank 7 | trajectory 117 of circuit 91 -- done
rank 69 | trajectory 118 of circuit 75 -- done
rank 49 | trajectory 164 of circuit 74 -- done
rank 71 | trajectory 84 of circuit 73 -- done
rank 69 | trajectory 110 of circuit 65 -- done
rank 95 | trajectory 3 of circuit 96 -- done
rank 76 | trajectory 112 of circuit 76 -- done
rank 32 | trajectory 141 of circuit 16 -- done
rank 56 | trajectory 132 of circuit 40 -- done
rank 37 | trajectory 14 of circuit 54 -- done
rank 41 | trajectory 76 of circuit 95 -- done
rank 81 | trajectory 121 of circuit 17 -- done
rank 43 | trajectory 132 of circuit 16 -- done
rank 25 | trajectory 136 of circuit 52 -- done
rank 20 | trajectory 189 of circuit 67 -- done
rank 72 | trajectory 153 of circuit 74 -- done
rank 99 | trajectory 54 of circuit 99 -- done
rank 70 | trajectory 138 of circuit 74 -- done
rank 86 | trajectory 84 of circuit 86 -- done
rank 69 | trajectory 47 of circuit 5 -- done
rank 38 | trajectory 124 of circuit 75 -- done
rank 92 | trajectory 18 of circuit 73 -- done
rank 61 | trajectory 121 of circuit 24 -- done
rank 53 | trajectory 49 of circuit 1 -- done
rank 22 | trajectory 34 of circuit 35 -- done
rank 27 | trajectory 38 of circuit 4 -- done
rank 79 | trajectory 130 of circuit 39 -- done
rank 44 | trajectory 97 of circuit 29 -- done
rank 28 | trajectory 159 of circuit 36 -- done
rank 59 | trajectory 93 of circuit 47 -- done
rank 40 | trajectory 159 of circuit 62 -- done
rank 10 | trajectory 21 of circuit 60 -- done
rank 69 | trajectory 60 of circuit 8 -- done
rank 71 | trajectory 163 of circuit 62 -- done
rank 16 | trajectory 155 of circuit 63 -- done
rank 12 | trajectory 29 of circuit 94 -- done
rank 45 | trajectory 137 of circuit 8 -- done
rank 77 | trajectory 179 of circuit 8 -- done
rank 80 | trajectory 18 of circuit 27 -- done
rank 64 | trajectory 85 of circuit 66 -- done
rank 23 | trajectory 117 of circuit 52 -- done
rank 62 | trajectory 88 of circuit 100 -- done
rank 8 | trajectory 49 of circuit 93 -- done
rank 78 | trajectory 30 of circuit 51 -- done
rank 7 | trajectory 78 of circuit 41 -- done
rank 65 | trajectory 158 of circuit 28 -- done
rank 56 | trajectory 111 of circuit 57 -- done
rank 95 | trajectory 26 of circuit 47 -- done
rank 55 | trajectory 124 of circuit 3 -- done
rank 18 | trajectory 133 of circuit 84 -- done
rank 42 | trajectory 105 of circuit 35 -- done
rank 34 | trajectory 187 of circuit 74 -- done
rank 17 | trajectory 33 of circuit 89 -- done
rank 26 | trajectory 104 of circuit 8 -- done
rank 15 | trajectory 13 of circuit 15 -- done
rank 41 | trajectory 165 of circuit 14 -- done
rank 22 | trajectory 108 of circuit 33 -- done
rank 43 | trajectory 56 of circuit 73 -- done
rank 99 | trajectory 63 of circuit 70 -- done
rank 38 | trajectory 176 of circuit 7 -- done
rank 81 | trajectory 172 of circuit 72 -- done
rank 69 | trajectory 11 of circuit 89 -- done
rank 71 | trajectory 79 of circuit 70 -- done
rank 98 | trajectory 87 of circuit 64 -- done
rank 70 | trajectory 15 of circuit 72 -- done
rank 28 | trajectory 45 of circuit 8 -- done
rank 72 | trajectory 49 of circuit 15 -- done
rank 49 | trajectory 115 of circuit 100 -- done
rank 20 | trajectory 33 of circuit 61 -- done
rank 37 | trajectory 157 of circuit 32 -- done
rank 44 | trajectory 192 of circuit 97 -- done
rank 92 | trajectory 74 of circuit 27 -- done
rank 61 | trajectory 63 of circuit 62 -- done
rank 45 | trajectory 156 of circuit 93 -- done
rank 77 | trajectory 141 of circuit 53 -- done
rank 53 | trajectory 192 of circuit 39 -- done
rank 7 | trajectory 120 of circuit 63 -- done
rank 27 | trajectory 151 of circuit 3 -- done
rank 56 | trajectory 185 of circuit 80 -- done
rank 79 | trajectory 85 of circuit 54 -- done
rank 40 | trajectory 85 of circuit 57 -- done
rank 95 | trajectory 125 of circuit 39 -- done
rank 25 | trajectory 147 of circuit 45 -- done
rank 10 | trajectory 64 of circuit 31 -- done
rank 23 | trajectory 166 of circuit 83 -- done
rank 8 | trajectory 101 of circuit 10 -- done
rank 16 | trajectory 41 of circuit 90 -- done
rank 80 | trajectory 102 of circuit 9 -- done
rank 12 | trajectory 140 of circuit 49 -- done
rank 41 | trajectory 156 of circuit 67 -- done
rank 64 | trajectory 84 of circuit 84 -- done
rank 22 | trajectory 107 of circuit 80 -- done
rank 43 | trajectory 112 of circuit 59 -- done
rank 90 | trajectory 96 of circuit 7 -- done
rank 59 | trajectory 58 of circuit 51 -- done
rank 71 | trajectory 39 of circuit 59 -- done
rank 17 | trajectory 62 of circuit 28 -- done
rank 28 | trajectory 19 of circuit 87 -- done
rank 42 | trajectory 177 of circuit 88 -- done
rank 70 | trajectory 85 of circuit 19 -- done
rank 34 | trajectory 179 of circuit 78 -- done
rank 38 | trajectory 54 of circuit 95 -- done
rank 61 | trajectory 110 of circuit 77 -- done
rank 68 | trajectory 105 of circuit 16 -- done
rank 26 | trajectory 69 of circuit 63 -- done
rank 98 | trajectory 92 of circuit 13 -- done
rank 56 | trajectory 33 of circuit 37 -- done
rank 15 | trajectory 29 of circuit 61 -- done
rank 86 | trajectory 160 of circuit 61 -- done
rank 32 | trajectory 105 of circuit 100 -- done
rank 45 | trajectory 141 of circuit 17 -- done
rank 78 | trajectory 20 of circuit 58 -- done
rank 79 | trajectory 145 of circuit 36 -- done
rank 23 | trajectory 100 of circuit 19 -- done
rank 49 | trajectory 85 of circuit 25 -- done
rank 53 | trajectory 60 of circuit 13 -- done
rank 20 | trajectory 121 of circuit 36 -- done
rank 50 | trajectory 60 of circuit 60 -- done
rank 55 | trajectory 65 of circuit 49 -- done
rank 41 | trajectory 128 of circuit 49 -- done
rank 81 | trajectory 192 of circuit 80 -- done
rank 18 | trajectory 52 of circuit 68 -- done
rank 7 | trajectory 45 of circuit 23 -- done
rank 8 | trajectory 14 of circuit 78 -- done
rank 44 | trajectory 153 of circuit 32 -- done
rank 95 | trajectory 131 of circuit 100 -- done
rank 80 | trajectory 150 of circuit 58 -- done
rank 10 | trajectory 105 of circuit 31 -- done
rank 22 | trajectory 91 of circuit 89 -- done
rank 27 | trajectory 88 of circuit 91 -- done
rank 61 | trajectory 17 of circuit 17 -- done
rank 71 | trajectory 52 of circuit 57 -- done
rank 38 | trajectory 2 of circuit 23 -- done
rank 92 | trajectory 52 of circuit 88 -- done
rank 72 | trajectory 5 of circuit 57 -- done
rank 16 | trajectory 45 of circuit 77 -- done
rank 59 | trajectory 101 of circuit 94 -- done
rank 43 | trajectory 131 of circuit 28 -- done
rank 28 | trajectory 106 of circuit 82 -- done
rank 25 | trajectory 146 of circuit 10 -- done
rank 93 | trajectory 189 of circuit 59 -- done
rank 34 | trajectory 100 of circuit 6 -- done
rank 77 | trajectory 7 of circuit 94 -- done
rank 70 | trajectory 52 of circuit 26 -- done
rank 12 | trajectory 15 of circuit 81 -- done
rank 42 | trajectory 85 of circuit 88 -- done
rank 56 | trajectory 29 of circuit 79 -- done
rank 93 | trajectory 29 of circuit 30 -- done
rank 93 | trajectory 107 of circuit 39 -- done
rank 23 | trajectory 163 of circuit 1 -- done
rank 40 | trajectory 150 of circuit 42 -- done
rank 93 | trajectory 183 of circuit 66 -- done
rank 26 | trajectory 96 of circuit 70 -- done
rank 45 | trajectory 134 of circuit 25 -- done
rank 95 | trajectory 139 of circuit 24 -- done
rank 93 | trajectory 131 of circuit 85 -- done
rank 53 | trajectory 123 of circuit 27 -- done
rank 96 | trajectory 189 of circuit 64 -- done
rank 64 | trajectory 149 of circuit 45 -- done
rank 7 | trajectory 130 of circuit 100 -- done
rank 93 | trajectory 143 of circuit 75 -- done
rank 48 | trajectory 86 of circuit 30 -- done
rank 98 | trajectory 105 of circuit 98 -- done
rank 10 | trajectory 37 of circuit 91 -- done
rank 93 | trajectory 22 of circuit 84 -- done
rank 79 | trajectory 94 of circuit 2 -- done
rank 38 | trajectory 90 of circuit 5 -- done
rank 22 | trajectory 58 of circuit 53 -- done
rank 41 | trajectory 52 of circuit 43 -- done
rank 68 | trajectory 129 of circuit 37 -- done
rank 32 | trajectory 157 of circuit 88 -- done
rank 85 | trajectory 58 of circuit 60 -- done
rank 93 | trajectory 62 of circuit 30 -- done
rank 61 | trajectory 97 of circuit 57 -- done
rank 80 | trajectory 93 of circuit 53 -- done
rank 44 | trajectory 158 of circuit 59 -- done
rank 93 | trajectory 133 of circuit 59 -- done
rank 86 | trajectory 1 of circuit 90 -- done
rank 18 | trajectory 7 of circuit 17 -- done
rank 27 | trajectory 166 of circuit 2 -- done
rank 70 | trajectory 16 of circuit 22 -- done
rank 93 | trajectory 130 of circuit 42 -- done
rank 92 | trajectory 67 of circuit 29 -- done
rank 43 | trajectory 119 of circuit 60 -- done
rank 72 | trajectory 82 of circuit 3 -- done
rank 50 | trajectory 134 of circuit 100 -- done
rank 20 | trajectory 48 of circuit 88 -- done
rank 55 | trajectory 184 of circuit 39 -- done
rank 98 | trajectory 95 of circuit 70 -- done
rank 42 | trajectory 14 of circuit 47 -- done
rank 93 | trajectory 57 of circuit 98 -- done
rank 45 | trajectory 120 of circuit 43 -- done
rank 35 | trajectory 184 of circuit 92 -- done
rank 25 | trajectory 135 of circuit 16 -- done
rank 15 | trajectory 140 of circuit 42 -- done
rank 28 | trajectory 10 of circuit 27 -- done
rank 71 | trajectory 158 of circuit 77 -- done
rank 56 | trajectory 68 of circuit 57 -- done
rank 49 | trajectory 94 of circuit 36 -- done
rank 22 | trajectory 27 of circuit 6 -- done
rank 93 | trajectory 7 of circuit 13 -- done
rank 53 | trajectory 120 of circuit 94 -- done
rank 4 | trajectory 7 of circuit 81 -- done
rank 16 | trajectory 43 of circuit 12 -- done
rank 79 | trajectory 36 of circuit 37 -- done
rank 12 | trajectory 192 of circuit 81 -- done
rank 93 | trajectory 39 of circuit 84 -- done
rank 77 | trajectory 187 of circuit 36 -- done
rank 38 | trajectory 115 of circuit 10 -- done
rank 64 | trajectory 172 of circuit 100 -- done
rank 93 | trajectory 101 of circuit 85 -- done
rank 34 | trajectory 63 of circuit 96 -- done
rank 59 | trajectory 87 of circuit 33 -- done
rank 26 | trajectory 184 of circuit 63 -- done
rank 35 | trajectory 106 of circuit 15 -- done
rank 7 | trajectory 128 of circuit 26 -- done
rank 93 | trajectory 127 of circuit 25 -- done
rank 93 | trajectory 139 of circuit 29 -- done
rank 68 | trajectory 15 of circuit 78 -- done
rank 78 | trajectory 7 of circuit 71 -- done
rank 70 | trajectory 73 of circuit 59 -- done
rank 93 | trajectory 2 of circuit 36 -- done
rank 44 | trajectory 174 of circuit 58 -- done
rank 40 | trajectory 158 of circuit 27 -- done
rank 41 | trajectory 142 of circuit 2 -- done
rank 45 | trajectory 115 of circuit 83 -- done
rank 20 | trajectory 188 of circuit 13 -- done
rank 8 | trajectory 135 of circuit 35 -- done
rank 42 | trajectory 116 of circuit 39 -- done
rank 61 | trajectory 46 of circuit 70 -- done
rank 28 | trajectory 71 of circuit 11 -- done
rank 56 | trajectory 44 of circuit 50 -- done
rank 98 | trajectory 1 of circuit 97 -- done
rank 95 | trajectory 108 of circuit 98 -- done
rank 92 | trajectory 58 of circuit 41 -- done
rank 71 | trajectory 69 of circuit 98 -- done
rank 86 | trajectory 181 of circuit 64 -- done
rank 50 | trajectory 157 of circuit 51 -- done
rank 49 | trajectory 1 of circuit 82 -- done
rank 10 | trajectory 47 of circuit 8 -- done
rank 23 | trajectory 49 of circuit 65 -- done
rank 79 | trajectory 162 of circuit 50 -- done
rank 27 | trajectory 22 of circuit 29 -- done
rank 77 | trajectory 87 of circuit 78 -- done
rank 25 | trajectory 188 of circuit 56 -- done
rank 45 | trajectory 4 of circuit 62 -- done
rank 72 | trajectory 75 of circuit 77 -- done
rank 85 | trajectory 51 of circuit 94 -- done
rank 70 | trajectory 136 of circuit 75 -- done
rank 22 | trajectory 123 of circuit 85 -- done
rank 55 | trajectory 80 of circuit 81 -- done
rank 15 | trajectory 152 of circuit 39 -- done
rank 80 | trajectory 117 of circuit 7 -- done
rank 18 | trajectory 103 of circuit 70 -- done
rank 64 | trajectory 89 of circuit 28 -- done
rank 48 | trajectory 43 of circuit 41 -- done
rank 7 | trajectory 82 of circuit 91 -- done
rank 34 | trajectory 139 of circuit 97 -- done
rank 32 | trajectory 89 of circuit 25 -- done
rank 41 | trajectory 184 of circuit 32 -- done
rank 16 | trajectory 2 of circuit 91 -- done
rank 12 | trajectory 2 of circuit 63 -- done
rank 68 | trajectory 47 of circuit 16 -- done
rank 76 | trajectory 80 of circuit 51 -- done
rank 26 | trajectory 175 of circuit 11 -- done
rank 53 | trajectory 93 of circuit 85 -- done
rank 44 | trajectory 175 of circuit 21 -- done
rank 33 | trajectory 40 of circuit 31 -- done
rank 4 | trajectory 153 of circuit 95 -- done
rank 35 | trajectory 179 of circuit 59 -- done
rank 56 | trajectory 21 of circuit 21 -- done
rank 43 | trajectory 151 of circuit 59 -- done
rank 42 | trajectory 107 of circuit 6 -- done
rank 40 | trajectory 48 of circuit 100 -- done
rank 20 | trajectory 126 of circuit 7 -- done
rank 59 | trajectory 40 of circuit 52 -- done
rank 28 | trajectory 47 of circuit 17 -- done
rank 38 | trajectory 92 of circuit 14 -- done
rank 95 | trajectory 181 of circuit 33 -- done
rank 79 | trajectory 6 of circuit 66 -- done
rank 23 | trajectory 106 of circuit 91 -- done
rank 3 | trajectory 100 of circuit 71 -- done
rank 92 | trajectory 166 of circuit 38 -- done
rank 70 | trajectory 80 of circuit 28 -- done
rank 10 | trajectory 97 of circuit 82 -- done
rank 69 | trajectory 26 of circuit 64 -- done
rank 48 | trajectory 2 of circuit 43 -- done
rank 64 | trajectory 154 of circuit 50 -- done
rank 22 | trajectory 112 of circuit 22 -- done
rank 77 | trajectory 113 of circuit 58 -- done
rank 81 | trajectory 143 of circuit 31 -- done
rank 41 | trajectory 94 of circuit 22 -- done
rank 34 | trajectory 7 of circuit 14 -- done
rank 98 | trajectory 62 of circuit 87 -- done
rank 8 | trajectory 105 of circuit 55 -- done
rank 46 | trajectory 154 of circuit 73 -- done
rank 65 | trajectory 137 of circuit 21 -- done
rank 86 | trajectory 102 of circuit 79 -- done
rank 25 | trajectory 165 of circuit 41 -- done
rank 71 | trajectory 159 of circuit 90 -- done
rank 13 | trajectory 35 of circuit 53 -- done
rank 7 | trajectory 127 of circuit 97 -- done
rank 53 | trajectory 191 of circuit 95 -- done
rank 27 | trajectory 176 of circuit 68 -- done
rank 80 | trajectory 37 of circuit 95 -- done
rank 93 | trajectory 56 of circuit 84 -- done
rank 16 | trajectory 9 of circuit 11 -- done
rank 33 | trajectory 81 of circuit 26 -- done
rank 56 | trajectory 31 of circuit 34 -- done
rank 49 | trajectory 144 of circuit 93 -- done
rank 38 | trajectory 55 of circuit 91 -- done
rank 28 | trajectory 13 of circuit 59 -- done
rank 40 | trajectory 54 of circuit 79 -- done
rank 43 | trajectory 92 of circuit 64 -- done
rank 68 | trajectory 127 of circuit 79 -- done
rank 59 | trajectory 12 of circuit 69 -- done
rank 95 | trajectory 107 of circuit 16 -- done
rank 12 | trajectory 13 of circuit 23 -- done
rank 15 | trajectory 46 of circuit 4 -- done
rank 55 | trajectory 39 of circuit 58 -- done
rank 76 | trajectory 10 of circuit 8 -- done
rank 20 | trajectory 146 of circuit 33 -- done
rank 17 | trajectory 155 of circuit 41 -- done
rank 64 | trajectory 121 of circuit 35 -- done
rank 72 | trajectory 169 of circuit 21 -- done
rank 48 | trajectory 186 of circuit 93 -- done
rank 70 | trajectory 156 of circuit 81 -- done
rank 32 | trajectory 181 of circuit 98 -- done
rank 92 | trajectory 102 of circuit 64 -- done
rank 61 | trajectory 162 of circuit 20 -- done
rank 22 | trajectory 70 of circuit 98 -- done
rank 41 | trajectory 179 of circuit 86 -- done
rank 31 | trajectory 60 of circuit 49 -- done
rank 26 | trajectory 55 of circuit 32 -- done
rank 45 | trajectory 84 of circuit 42 -- done
rank 34 | trajectory 183 of circuit 57 -- done
rank 77 | trajectory 111 of circuit 13 -- done
rank 56 | trajectory 18 of circuit 48 -- done
rank 8 | trajectory 79 of circuit 92 -- done
rank 23 | trajectory 188 of circuit 50 -- done
rank 3 | trajectory 2 of circuit 67 -- done
rank 81 | trajectory 183 of circuit 70 -- done
rank 7 | trajectory 119 of circuit 80 -- done
rank 10 | trajectory 41 of circuit 28 -- done
rank 49 | trajectory 192 of circuit 8 -- done
rank 93 | trajectory 182 of circuit 5 -- done
rank 28 | trajectory 180 of circuit 91 -- done
rank 80 | trajectory 14 of circuit 45 -- done
rank 95 | trajectory 169 of circuit 18 -- done
rank 50 | trajectory 79 of circuit 39 -- done
rank 64 | trajectory 187 of circuit 14 -- done
rank 27 | trajectory 184 of circuit 17 -- done
rank 22 | trajectory 15 of circuit 24 -- done
rank 45 | trajectory 12 of circuit 2 -- done
rank 59 | trajectory 39 of circuit 8 -- done
rank 93 | trajectory 175 of circuit 30 -- done
rank 79 | trajectory 20 of circuit 96 -- done
rank 76 | trajectory 18 of circuit 26 -- done
rank 98 | trajectory 72 of circuit 91 -- done
rank 70 | trajectory 43 of circuit 30 -- done
rank 33 | trajectory 190 of circuit 10 -- done
rank 15 | trajectory 26 of circuit 53 -- done
rank 17 | trajectory 170 of circuit 39 -- done
rank 38 | trajectory 163 of circuit 79 -- done
rank 25 | trajectory 133 of circuit 94 -- done
rank 32 | trajectory 42 of circuit 74 -- done
rank 40 | trajectory 101 of circuit 99 -- done
rank 12 | trajectory 126 of circuit 18 -- done
rank 71 | trajectory 85 of circuit 29 -- done
rank 92 | trajectory 70 of circuit 77 -- done
rank 41 | trajectory 98 of circuit 12 -- done
rank 53 | trajectory 144 of circuit 62 -- done
rank 68 | trajectory 32 of circuit 88 -- done
rank 12 | trajectory 190 of circuit 23 -- done
rank 34 | trajectory 154 of circuit 1 -- done
rank 28 | trajectory 26 of circuit 76 -- done
rank 22 | trajectory 149 of circuit 15 -- done
rank 23 | trajectory 83 of circuit 17 -- done
rank 20 | trajectory 115 of circuit 70 -- done
rank 45 | trajectory 91 of circuit 40 -- done
rank 10 | trajectory 39 of circuit 57 -- done
rank 64 | trajectory 139 of circuit 91 -- done
rank 77 | trajectory 172 of circuit 85 -- done
rank 95 | trajectory 178 of circuit 31 -- done
rank 49 | trajectory 31 of circuit 5 -- done
rank 7 | trajectory 145 of circuit 63 -- done
rank 72 | trajectory 133 of circuit 93 -- done
rank 42 | trajectory 34 of circuit 21 -- done
rank 56 | trajectory 23 of circuit 17 -- done
rank 12 | trajectory 73 of circuit 90 -- done
rank 16 | trajectory 110 of circuit 51 -- done
rank 8 | trajectory 7 of circuit 27 -- done
rank 55 | trajectory 6 of circuit 53 -- done
rank 26 | trajectory 120 of circuit 89 -- done
rank 80 | trajectory 160 of circuit 79 -- done
rank 70 | trajectory 67 of circuit 95 -- done
rank 38 | trajectory 172 of circuit 31 -- done
rank 71 | trajectory 73 of circuit 12 -- done
rank 31 | trajectory 11 of circuit 42 -- done
rank 96 | trajectory 47 of circuit 51 -- done
rank 25 | trajectory 126 of circuit 43 -- done
rank 17 | trajectory 57 of circuit 4 -- done
rank 45 | trajectory 110 of circuit 21 -- done
rank 43 | trajectory 79 of circuit 44 -- done
rank 79 | trajectory 157 of circuit 52 -- done
rank 41 | trajectory 192 of circuit 24 -- done
rank 23 | trajectory 174 of circuit 36 -- done
rank 86 | trajectory 31 of circuit 18 -- done
rank 28 | trajectory 35 of circuit 87 -- done
rank 53 | trajectory 28 of circuit 84 -- done
rank 92 | trajectory 115 of circuit 73 -- done
rank 15 | trajectory 85 of circuit 93 -- done
rank 48 | trajectory 152 of circuit 24 -- done
rank 3 | trajectory 55 of circuit 10 -- done
rank 61 | trajectory 22 of circuit 31 -- done
rank 64 | trajectory 157 of circuit 36 -- done
rank 68 | trajectory 62 of circuit 83 -- done
rank 93 | trajectory 97 of circuit 78 -- done
rank 27 | trajectory 78 of circuit 92 -- done
rank 51 | trajectory 158 of circuit 4 -- done
rank 33 | trajectory 191 of circuit 98 -- done
rank 40 | trajectory 116 of circuit 43 -- done
rank 50 | trajectory 164 of circuit 73 -- done
rank 7 | trajectory 96 of circuit 85 -- done
rank 95 | trajectory 90 of circuit 44 -- done
rank 49 | trajectory 176 of circuit 42 -- done
rank 59 | trajectory 20 of circuit 55 -- done
rank 34 | trajectory 46 of circuit 63 -- done
rank 10 | trajectory 15 of circuit 58 -- done
rank 70 | trajectory 20 of circuit 39 -- done
rank 32 | trajectory 182 of circuit 65 -- done
rank 72 | trajectory 17 of circuit 47 -- done
rank 81 | trajectory 123 of circuit 58 -- done
rank 45 | trajectory 24 of circuit 33 -- done
rank 42 | trajectory 97 of circuit 100 -- done
rank 26 | trajectory 115 of circuit 53 -- done
rank 16 | trajectory 34 of circuit 89 -- done
rank 71 | trajectory 41 of circuit 50 -- done
rank 22 | trajectory 101 of circuit 98 -- done
rank 98 | trajectory 49 of circuit 21 -- done
rank 28 | trajectory 58 of circuit 54 -- done
rank 51 | trajectory 128 of circuit 56 -- done
rank 20 | trajectory 173 of circuit 39 -- done
rank 79 | trajectory 132 of circuit 83 -- done
rank 41 | trajectory 121 of circuit 66 -- done
rank 77 | trajectory 171 of circuit 58 -- done
rank 51 | trajectory 187 of circuit 72 -- done
rank 56 | trajectory 84 of circuit 7 -- done
rank 80 | trajectory 148 of circuit 74 -- done
rank 8 | trajectory 46 of circuit 65 -- done
rank 43 | trajectory 98 of circuit 26 -- done
rank 17 | trajectory 86 of circuit 86 -- done
rank 23 | trajectory 21 of circuit 89 -- done
rank 65 | trajectory 25 of circuit 22 -- done
rank 96 | trajectory 165 of circuit 72 -- done
rank 35 | trajectory 88 of circuit 7 -- done
rank 64 | trajectory 100 of circuit 73 -- done
rank 53 | trajectory 177 of circuit 79 -- done
rank 25 | trajectory 192 of circuit 63 -- done
rank 15 | trajectory 42 of circuit 92 -- done
rank 45 | trajectory 2 of circuit 24 -- done
rank 95 | trajectory 160 of circuit 13 -- done
rank 49 | trajectory 172 of circuit 23 -- done
rank 11 | trajectory 72 of circuit 97 -- done
rank 68 | trajectory 74 of circuit 45 -- done
rank 93 | trajectory 153 of circuit 17 -- done
rank 3 | trajectory 192 of circuit 92 -- done
rank 13 | trajectory 96 of circuit 2 -- done
rank 42 | trajectory 60 of circuit 58 -- done
rank 55 | trajectory 81 of circuit 40 -- done
rank 38 | trajectory 137 of circuit 55 -- done
rank 61 | trajectory 13 of circuit 70 -- done
rank 34 | trajectory 15 of circuit 32 -- done
rank 33 | trajectory 75 of circuit 43 -- done
rank 39 | trajectory 76 of circuit 65 -- done
rank 51 | trajectory 43 of circuit 38 -- done
rank 28 | trajectory 48 of circuit 78 -- done
rank 27 | trajectory 179 of circuit 66 -- done
rank 10 | trajectory 62 of circuit 89 -- done
rank 22 | trajectory 19 of circuit 21 -- done
rank 41 | trajectory 175 of circuit 51 -- done
rank 48 | trajectory 164 of circuit 54 -- done
rank 26 | trajectory 161 of circuit 27 -- done
rank 77 | trajectory 57 of circuit 35 -- done
rank 86 | trajectory 92 of circuit 28 -- done
rank 98 | trajectory 19 of circuit 91 -- done
rank 32 | trajectory 164 of circuit 25 -- done
rank 72 | trajectory 152 of circuit 31 -- done
rank 7 | trajectory 87 of circuit 38 -- done
rank 50 | trajectory 127 of circuit 88 -- done
rank 92 | trajectory 61 of circuit 59 -- done
rank 43 | trajectory 43 of circuit 39 -- done
rank 65 | trajectory 38 of circuit 48 -- done
rank 20 | trajectory 187 of circuit 65 -- done
rank 64 | trajectory 112 of circuit 30 -- done
rank 79 | trajectory 48 of circuit 61 -- done
rank 42 | trajectory 157 of circuit 15 -- done
rank 71 | trajectory 83 of circuit 5 -- done
rank 93 | trajectory 73 of circuit 43 -- done
rank 56 | trajectory 131 of circuit 22 -- done
rank 59 | trajectory 148 of circuit 79 -- done
rank 22 | trajectory 124 of circuit 36 -- done
rank 53 | trajectory 109 of circuit 3 -- done
rank 4 | trajectory 11 of circuit 95 -- done
rank 49 | trajectory 132 of circuit 51 -- done
rank 16 | trajectory 67 of circuit 74 -- done
rank 80 | trajectory 189 of circuit 80 -- done
rank 15 | trajectory 120 of circuit 32 -- done
rank 28 | trajectory 36 of circuit 59 -- done
rank 17 | trajectory 51 of circuit 65 -- done
rank 85 | trajectory 158 of circuit 41 -- done
rank 23 | trajectory 146 of circuit 53 -- done
rank 81 | trajectory 182 of circuit 44 -- done
rank 41 | trajectory 146 of circuit 41 -- done
rank 98 | trajectory 31 of circuit 75 -- done
rank 95 | trajectory 83 of circuit 77 -- done
rank 51 | trajectory 177 of circuit 13 -- done
rank 61 | trajectory 96 of circuit 25 -- done
rank 45 | trajectory 50 of circuit 77 -- done
rank 68 | trajectory 149 of circuit 65 -- done
rank 33 | trajectory 153 of circuit 78 -- done
rank 13 | trajectory 58 of circuit 59 -- done
rank 48 | trajectory 166 of circuit 86 -- done
rank 8 | trajectory 18 of circuit 7 -- done
rank 22 | trajectory 88 of circuit 62 -- done
rank 10 | trajectory 11 of circuit 8 -- done
rank 32 | trajectory 156 of circuit 80 -- done
rank 26 | trajectory 154 of circuit 40 -- done
rank 65 | trajectory 134 of circuit 82 -- done
rank 7 | trajectory 100 of circuit 4 -- done
rank 25 | trajectory 181 of circuit 88 -- done
rank 1 | trajectory 174 of circuit 31 -- done
rank 64 | trajectory 119 of circuit 95 -- done
rank 77 | trajectory 117 of circuit 48 -- done
rank 42 | trajectory 48 of circuit 48 -- done
rank 20 | trajectory 134 of circuit 26 -- done
rank 98 | trajectory 5 of circuit 46 -- done
rank 35 | trajectory 174 of circuit 24 -- done
rank 38 | trajectory 136 of circuit 12 -- done
rank 19 | trajectory 64 of circuit 60 -- done
rank 43 | trajectory 106 of circuit 54 -- done
rank 11 | trajectory 110 of circuit 41 -- done
rank 27 | trajectory 62 of circuit 47 -- done
rank 93 | trajectory 165 of circuit 16 -- done
rank 56 | trajectory 96 of circuit 18 -- done
rank 79 | trajectory 19 of circuit 71 -- done
rank 50 | trajectory 32 of circuit 67 -- done
rank 3 | trajectory 16 of circuit 30 -- done
rank 86 | trajectory 150 of circuit 69 -- done
rank 98 | trajectory 50 of circuit 5 -- done
rank 71 | trajectory 89 of circuit 38 -- done
rank 40 | trajectory 3 of circuit 50 -- done
rank 49 | trajectory 56 of circuit 93 -- done
rank 23 | trajectory 66 of circuit 54 -- done
rank 53 | trajectory 6 of circuit 86 -- done
rank 81 | trajectory 102 of circuit 33 -- done
rank 95 | trajectory 32 of circuit 46 -- done
rank 45 | trajectory 36 of circuit 83 -- done
rank 72 | trajectory 22 of circuit 66 -- done
rank 80 | trajectory 158 of circuit 80 -- done
rank 41 | trajectory 189 of circuit 61 -- done
rank 34 | trajectory 31 of circuit 93 -- done
rank 39 | trajectory 163 of circuit 44 -- done
rank 15 | trajectory 47 of circuit 78 -- done
rank 92 | trajectory 172 of circuit 77 -- done
rank 22 | trajectory 64 of circuit 23 -- done
rank 10 | trajectory 52 of circuit 66 -- done
rank 28 | trajectory 32 of circuit 50 -- done
rank 64 | trajectory 140 of circuit 87 -- done
rank 46 | trajectory 54 of circuit 59 -- done
rank 16 | trajectory 29 of circuit 42 -- done
rank 7 | trajectory 75 of circuit 49 -- done
rank 4 | trajectory 172 of circuit 25 -- done
rank 42 | trajectory 126 of circuit 37 -- done
rank 8 | trajectory 28 of circuit 77 -- done
rank 48 | trajectory 25 of circuit 74 -- done
rank 65 | trajectory 171 of circuit 93 -- done
rank 68 | trajectory 14 of circuit 32 -- done
rank 57 | trajectory 149 of circuit 53 -- done
rank 77 | trajectory 189 of circuit 40 -- done
rank 98 | trajectory 47 of circuit 27 -- done
rank 26 | trajectory 186 of circuit 41 -- done
rank 93 | trajectory 192 of circuit 87 -- done
rank 71 | trajectory 9 of circuit 27 -- done
rank 20 | trajectory 59 of circuit 14 -- done
rank 17 | trajectory 2 of circuit 47 -- done
rank 59 | trajectory 41 of circuit 98 -- done
rank 95 | trajectory 24 of circuit 60 -- done
rank 45 | trajectory 14 of circuit 63 -- done
rank 49 | trajectory 26 of circuit 96 -- done
rank 53 | trajectory 96 of circuit 72 -- done
rank 80 | trajectory 125 of circuit 10 -- done
rank 33 | trajectory 37 of circuit 93 -- done
rank 51 | trajectory 24 of circuit 2 -- done
rank 41 | trajectory 108 of circuit 54 -- done
rank 25 | trajectory 184 of circuit 24 -- done
rank 18 | trajectory 31 of circuit 37 -- done
rank 13 | trajectory 94 of circuit 34 -- done
rank 28 | trajectory 104 of circuit 4 -- done
rank 64 | trajectory 108 of circuit 18 -- done
rank 43 | trajectory 190 of circuit 92 -- done
rank 86 | trajectory 4 of circuit 5 -- done
rank 40 | trajectory 96 of circuit 87 -- done
rank 50 | trajectory 143 of circuit 28 -- done
rank 98 | trajectory 33 of circuit 38 -- done
rank 10 | trajectory 34 of circuit 31 -- done
rank 48 | trajectory 148 of circuit 85 -- done
rank 3 | trajectory 73 of circuit 92 -- done
rank 34 | trajectory 41 of circuit 76 -- done
rank 57 | trajectory 118 of circuit 69 -- done
rank 14 | trajectory 127 of circuit 75 -- done
rank 11 | trajectory 92 of circuit 27 -- done
rank 15 | trajectory 56 of circuit 33 -- done
rank 77 | trajectory 67 of circuit 94 -- done
rank 93 | trajectory 83 of circuit 41 -- done
rank 7 | trajectory 178 of circuit 61 -- done
rank 35 | trajectory 180 of circuit 81 -- done
rank 98 | trajectory 4 of circuit 59 -- done
rank 65 | trajectory 163 of circuit 35 -- done
rank 32 | trajectory 191 of circuit 19 -- done
rank 71 | trajectory 166 of circuit 32 -- done
rank 81 | trajectory 99 of circuit 9 -- done
rank 45 | trajectory 26 of circuit 38 -- done
rank 23 | trajectory 35 of circuit 18 -- done
rank 92 | trajectory 6 of circuit 62 -- done
rank 8 | trajectory 20 of circuit 63 -- done
rank 80 | trajectory 64 of circuit 91 -- done
rank 68 | trajectory 34 of circuit 64 -- done
rank 19 | trajectory 73 of circuit 30 -- done
rank 95 | trajectory 91 of circuit 16 -- done
rank 26 | trajectory 33 of circuit 51 -- done
rank 64 | trajectory 122 of circuit 20 -- done
rank 16 | trajectory 138 of circuit 38 -- done
rank 49 | trajectory 9 of circuit 84 -- done
rank 20 | trajectory 137 of circuit 1 -- done
rank 59 | trajectory 52 of circuit 9 -- done
rank 86 | trajectory 103 of circuit 17 -- done
rank 22 | trajectory 4 of circuit 83 -- done
rank 93 | trajectory 45 of circuit 2 -- done
rank 98 | trajectory 99 of circuit 84 -- done
rank 53 | trajectory 158 of circuit 24 -- done
rank 52 | trajectory 147 of circuit 91 -- done
rank 42 | trajectory 167 of circuit 87 -- done
rank 39 | trajectory 12 of circuit 27 -- done
rank 40 | trajectory 15 of circuit 51 -- done
rank 61 | trajectory 59 of circuit 68 -- done
rank 34 | trajectory 18 of circuit 5 -- done
rank 93 | trajectory 146 of circuit 9 -- done
rank 25 | trajectory 180 of circuit 45 -- done
rank 41 | trajectory 91 of circuit 93 -- done
rank 45 | trajectory 190 of circuit 89 -- done
rank 57 | trajectory 166 of circuit 48 -- done
rank 48 | trajectory 171 of circuit 88 -- done
rank 77 | trajectory 153 of circuit 79 -- done
rank 28 | trajectory 4 of circuit 72 -- done
rank 98 | trajectory 101 of circuit 2 -- done
rank 31 | trajectory 84 of circuit 4 -- done
rank 18 | trajectory 15 of circuit 64 -- done
rank 38 | trajectory 173 of circuit 69 -- done
rank 81 | trajectory 135 of circuit 50 -- done
rank 22 | trajectory 140 of circuit 26 -- done
rank 10 | trajectory 169 of circuit 11 -- done
rank 65 | trajectory 70 of circuit 9 -- done
rank 43 | trajectory 179 of circuit 34 -- done
rank 71 | trajectory 176 of circuit 57 -- done
rank 50 | trajectory 146 of circuit 67 -- done
rank 3 | trajectory 37 of circuit 36 -- done
rank 26 | trajectory 148 of circuit 15 -- done
rank 61 | trajectory 6 of circuit 10 -- done
rank 15 | trajectory 5 of circuit 95 -- done
rank 95 | trajectory 146 of circuit 6 -- done
rank 72 | trajectory 187 of circuit 67 -- done
rank 92 | trajectory 123 of circuit 91 -- done
rank 11 | trajectory 81 of circuit 99 -- done
rank 68 | trajectory 24 of circuit 12 -- done
rank 59 | trajectory 85 of circuit 89 -- done
rank 74 | trajectory 173 of circuit 34 -- done
rank 20 | trajectory 70 of circuit 16 -- done
rank 32 | trajectory 173 of circuit 75 -- done
rank 33 | trajectory 21 of circuit 24 -- done
rank 79 | trajectory 71 of circuit 8 -- done
rank 8 | trajectory 143 of circuit 43 -- done
rank 14 | trajectory 178 of circuit 21 -- done
rank 5 | trajectory 44 of circuit 13 -- done
rank 53 | trajectory 190 of circuit 69 -- done
rank 56 | trajectory 188 of circuit 88 -- done
rank 7 | trajectory 165 of circuit 50 -- done
rank 80 | trajectory 183 of circuit 52 -- done
rank 28 | trajectory 38 of circuit 96 -- done
rank 17 | trajectory 149 of circuit 69 -- done
rank 57 | trajectory 146 of circuit 22 -- done
rank 42 | trajectory 190 of circuit 64 -- done
rank 16 | trajectory 27 of circuit 59 -- done
rank 19 | trajectory 142 of circuit 12 -- done
rank 64 | trajectory 155 of circuit 23 -- done
rank 52 | trajectory 60 of circuit 5 -- done
rank 93 | trajectory 187 of circuit 19 -- done
rank 34 | trajectory 10 of circuit 32 -- done
rank 41 | trajectory 102 of circuit 85 -- done
rank 25 | trajectory 175 of circuit 72 -- done
rank 18 | trajectory 9 of circuit 24 -- done
rank 60 | trajectory 20 of circuit 27 -- done
rank 45 | trajectory 37 of circuit 80 -- done
rank 92 | trajectory 159 of circuit 51 -- done
rank 40 | trajectory 9 of circuit 25 -- done
rank 10 | trajectory 18 of circuit 72 -- done
rank 39 | trajectory 36 of circuit 66 -- done
rank 22 | trajectory 86 of circuit 49 -- done
rank 61 | trajectory 76 of circuit 14 -- done
rank 60 | trajectory 84 of circuit 77 -- done
rank 31 | trajectory 143 of circuit 98 -- done
rank 81 | trajectory 144 of circuit 60 -- done
rank 65 | trajectory 151 of circuit 56 -- done
rank 77 | trajectory 74 of circuit 26 -- done
rank 60 | trajectory 38 of circuit 98 -- done
rank 49 | trajectory 140 of circuit 7 -- done
rank 33 | trajectory 65 of circuit 41 -- done
rank 60 | trajectory 149 of circuit 29 -- done
rank 53 | trajectory 51 of circuit 76 -- done
rank 20 | trajectory 139 of circuit 11 -- done
rank 86 | trajectory 100 of circuit 50 -- done
rank 14 | trajectory 5 of circuit 77 -- done
rank 74 | trajectory 55 of circuit 63 -- done
rank 60 | trajectory 53 of circuit 38 -- done
rank 15 | trajectory 129 of circuit 27 -- done
rank 32 | trajectory 183 of circuit 62 -- done
rank 38 | trajectory 22 of circuit 13 -- done
rank 98 | trajectory 54 of circuit 9 -- done
rank 22 | trajectory 166 of circuit 69 -- done
rank 80 | trajectory 52 of circuit 81 -- done
rank 8 | trajectory 50 of circuit 84 -- done
rank 50 | trajectory 68 of circuit 79 -- done
rank 72 | trajectory 92 of circuit 74 -- done
rank 60 | trajectory 45 of circuit 91 -- done
rank 41 | trajectory 44 of circuit 65 -- done
rank 68 | trajectory 110 of circuit 43 -- done
rank 11 | trajectory 149 of circuit 84 -- done
rank 28 | trajectory 43 of circuit 85 -- done
rank 45 | trajectory 83 of circuit 71 -- done
rank 60 | trajectory 17 of circuit 30 -- done
rank 42 | trajectory 112 of circuit 6 -- done
rank 3 | trajectory 141 of circuit 73 -- done
rank 92 | trajectory 36 of circuit 19 -- done
rank 55 | trajectory 182 of circuit 37 -- done
rank 34 | trajectory 5 of circuit 43 -- done
rank 16 | trajectory 83 of circuit 58 -- done
rank 79 | trajectory 88 of circuit 94 -- done
rank 60 | trajectory 150 of circuit 50 -- done
rank 22 | trajectory 172 of circuit 22 -- done
rank 4 | trajectory 103 of circuit 63 -- done
rank 60 | trajectory 24 of circuit 27 -- done
rank 48 | trajectory 24 of circuit 74 -- done
rank 64 | trajectory 192 of circuit 4 -- done
rank 57 | trajectory 53 of circuit 63 -- done
rank 7 | trajectory 93 of circuit 30 -- done
rank 60 | trajectory 164 of circuit 33 -- done
rank 52 | trajectory 88 of circuit 33 -- done
rank 98 | trajectory 171 of circuit 40 -- done
rank 59 | trajectory 30 of circuit 35 -- done
rank 43 | trajectory 113 of circuit 93 -- done
rank 77 | trajectory 44 of circuit 33 -- done
rank 61 | trajectory 36 of circuit 68 -- done
rank 65 | trajectory 59 of circuit 16 -- done
rank 18 | trajectory 83 of circuit 24 -- done
rank 60 | trajectory 10 of circuit 76 -- done
rank 81 | trajectory 33 of circuit 7 -- done
rank 5 | trajectory 164 of circuit 76 -- done
rank 20 | trajectory 91 of circuit 24 -- done
rank 13 | trajectory 1 of circuit 87 -- done
rank 26 | trajectory 98 of circuit 92 -- done
rank 17 | trajectory 106 of circuit 36 -- done
rank 51 | trajectory 47 of circuit 45 -- done
rank 60 | trajectory 100 of circuit 32 -- done
rank 86 | trajectory 171 of circuit 72 -- done
rank 35 | trajectory 158 of circuit 67 -- done
rank 56 | trajectory 139 of circuit 16 -- done
rank 28 | trajectory 183 of circuit 2 -- done
rank 33 | trajectory 54 of circuit 28 -- done
rank 41 | trajectory 173 of circuit 82 -- done
rank 45 | trajectory 85 of circuit 42 -- done
rank 74 | trajectory 166 of circuit 91 -- done
rank 60 | trajectory 163 of circuit 75 -- done
rank 14 | trajectory 2 of circuit 29 -- done
rank 49 | trajectory 99 of circuit 81 -- done
rank 71 | trajectory 4 of circuit 86 -- done
rank 22 | trajectory 113 of circuit 94 -- done
rank 38 | trajectory 116 of circuit 46 -- done
rank 1 | trajectory 47 of circuit 83 -- done
rank 31 | trajectory 13 of circuit 84 -- done
rank 53 | trajectory 168 of circuit 37 -- done
rank 68 | trajectory 1 of circuit 25 -- done
rank 39 | trajectory 2 of circuit 32 -- done
rank 15 | trajectory 59 of circuit 66 -- done
rank 60 | trajectory 116 of circuit 61 -- done
rank 19 | trajectory 108 of circuit 38 -- done
rank 95 | trajectory 65 of circuit 15 -- done
rank 98 | trajectory 188 of circuit 28 -- done
rank 8 | trajectory 11 of circuit 63 -- done
rank 60 | trajectory 6 of circuit 47 -- done
rank 65 | trajectory 20 of circuit 32 -- done
rank 79 | trajectory 17 of circuit 99 -- done
rank 92 | trajectory 96 of circuit 47 -- done
rank 7 | trajectory 148 of circuit 98 -- done
rank 43 | trajectory 12 of circuit 91 -- done
rank 77 | trajectory 134 of circuit 79 -- done
rank 25 | trajectory 83 of circuit 56 -- done
rank 61 | trajectory 61 of circuit 40 -- done
rank 64 | trajectory 55 of circuit 54 -- done
rank 42 | trajectory 148 of circuit 72 -- done
rank 34 | trajectory 12 of circuit 13 -- done
rank 57 | trajectory 31 of circuit 41 -- done
rank 45 | trajectory 17 of circuit 26 -- done
rank 28 | trajectory 53 of circuit 69 -- done
rank 2 | trajectory 106 of circuit 12 -- done
rank 11 | trajectory 1 of circuit 18 -- done
rank 52 | trajectory 24 of circuit 88 -- done
rank 20 | trajectory 68 of circuit 64 -- done
rank 3 | trajectory 4 of circuit 87 -- done
rank 23 | trajectory 135 of circuit 88 -- done
rank 85 | trajectory 72 of circuit 75 -- done
rank 16 | trajectory 47 of circuit 70 -- done
rank 22 | trajectory 68 of circuit 28 -- done
rank 18 | trajectory 38 of circuit 83 -- done
rank 91 | trajectory 112 of circuit 39 -- done
rank 32 | trajectory 145 of circuit 44 -- done
rank 48 | trajectory 191 of circuit 22 -- done
rank 11 | trajectory 37 of circuit 28 -- done
rank 60 | trajectory 50 of circuit 11 -- done
rank 50 | trajectory 83 of circuit 83 -- done
rank 14 | trajectory 110 of circuit 10 -- done
rank 54 | trajectory 91 of circuit 8 -- done
rank 5 | trajectory 111 of circuit 59 -- done
rank 98 | trajectory 166 of circuit 17 -- done
rank 95 | trajectory 158 of circuit 85 -- done
rank 35 | trajectory 185 of circuit 50 -- done
rank 59 | trajectory 46 of circuit 79 -- done
rank 74 | trajectory 132 of circuit 78 -- done
rank 41 | trajectory 181 of circuit 94 -- done
rank 56 | trajectory 170 of circuit 46 -- done
rank 72 | trajectory 88 of circuit 71 -- done
rank 49 | trajectory 44 of circuit 82 -- done
rank 71 | trajectory 82 of circuit 25 -- done
rank 10 | trajectory 185 of circuit 47 -- done
rank 1 | trajectory 190 of circuit 16 -- done
rank 7 | trajectory 129 of circuit 72 -- done
rank 53 | trajectory 57 of circuit 1 -- done
rank 13 | trajectory 90 of circuit 78 -- done
rank 80 | trajectory 129 of circuit 31 -- done
rank 55 | trajectory 36 of circuit 10 -- done
rank 33 | trajectory 126 of circuit 85 -- done
rank 28 | trajectory 33 of circuit 30 -- done
rank 45 | trajectory 106 of circuit 83 -- done
rank 40 | trajectory 129 of circuit 71 -- done
rank 77 | trajectory 3 of circuit 98 -- done
rank 61 | trajectory 157 of circuit 81 -- done
rank 68 | trajectory 42 of circuit 71 -- done
rank 60 | trajectory 18 of circuit 67 -- done
rank 34 | trajectory 80 of circuit 94 -- done
rank 65 | trajectory 26 of circuit 6 -- done
rank 42 | trajectory 75 of circuit 42 -- done
rank 43 | trajectory 29 of circuit 50 -- done
rank 11 | trajectory 100 of circuit 92 -- done
rank 92 | trajectory 68 of circuit 25 -- done
rank 91 | trajectory 131 of circuit 59 -- done
rank 8 | trajectory 187 of circuit 45 -- done
rank 20 | trajectory 180 of circuit 11 -- done
rank 95 | trajectory 166 of circuit 81 -- done
rank 11 | trajectory 86 of circuit 78 -- done
rank 51 | trajectory 167 of circuit 89 -- done
rank 31 | trajectory 21 of circuit 47 -- done
rank 57 | trajectory 86 of circuit 96 -- done
rank 17 | trajectory 93 of circuit 91 -- done
rank 22 | trajectory 46 of circuit 24 -- done
rank 81 | trajectory 13 of circuit 54 -- done
rank 16 | trajectory 28 of circuit 91 -- done
rank 26 | trajectory 126 of circuit 63 -- done
rank 52 | trajectory 16 of circuit 49 -- done
rank 14 | trajectory 7 of circuit 62 -- done
rank 2 | trajectory 2 of circuit 45 -- done
rank 79 | trajectory 61 of circuit 79 -- done
rank 74 | trajectory 145 of circuit 33 -- done
rank 80 | trajectory 88 of circuit 35 -- done
rank 23 | trajectory 181 of circuit 27 -- done
rank 56 | trajectory 72 of circuit 94 -- done
rank 82 | trajectory 14 of circuit 74 -- done
rank 3 | trajectory 7 of circuit 2 -- done
rank 50 | trajectory 97 of circuit 99 -- done
rank 15 | trajectory 168 of circuit 81 -- done
rank 5 | trajectory 7 of circuit 57 -- done
rank 33 | trajectory 163 of circuit 21 -- done
rank 38 | trajectory 119 of circuit 14 -- done
rank 60 | trajectory 166 of circuit 93 -- done
rank 25 | trajectory 179 of circuit 6 -- done
rank 32 | trajectory 40 of circuit 21 -- done
rank 61 | trajectory 183 of circuit 56 -- done
rank 28 | trajectory 172 of circuit 20 -- done
rank 72 | trajectory 180 of circuit 38 -- done
rank 59 | trajectory 83 of circuit 32 -- done
rank 45 | trajectory 39 of circuit 7 -- done
rank 71 | trajectory 100 of circuit 48 -- done
rank 18 | trajectory 169 of circuit 36 -- done
rank 65 | trajectory 81 of circuit 54 -- done
rank 7 | trajectory 9 of circuit 43 -- done
rank 20 | trajectory 53 of circuit 67 -- done
rank 10 | trajectory 94 of circuit 77 -- done
rank 54 | trajectory 149 of circuit 27 -- done
rank 53 | trajectory 184 of circuit 89 -- done
rank 95 | trajectory 112 of circuit 23 -- done
rank 49 | trajectory 170 of circuit 31 -- done
rank 1 | trajectory 118 of circuit 27 -- done
rank 35 | trajectory 172 of circuit 69 -- done
rank 83 | trajectory 161 of circuit 12 -- done
rank 11 | trajectory 142 of circuit 96 -- done
rank 60 | trajectory 46 of circuit 59 -- done
rank 64 | trajectory 71 of circuit 23 -- done
rank 91 | trajectory 32 of circuit 16 -- done
rank 80 | trajectory 134 of circuit 34 -- done
rank 79 | trajectory 116 of circuit 63 -- done
rank 68 | trajectory 130 of circuit 82 -- done
rank 31 | trajectory 120 of circuit 14 -- done
rank 45 | trajectory 144 of circuit 46 -- done
rank 77 | trajectory 148 of circuit 96 -- done
rank 14 | trajectory 55 of circuit 83 -- done
rank 13 | trajectory 149 of circuit 41 -- done
rank 48 | trajectory 47 of circuit 23 -- done
rank 61 | trajectory 15 of circuit 11 -- done
rank 41 | trajectory 145 of circuit 18 -- done
rank 11 | trajectory 61 of circuit 65 -- done
rank 92 | trajectory 128 of circuit 35 -- done
rank 57 | trajectory 135 of circuit 98 -- done
rank 43 | trajectory 45 of circuit 14 -- done
rank 81 | trajectory 54 of circuit 20 -- done
rank 74 | trajectory 150 of circuit 66 -- done
rank 38 | trajectory 180 of circuit 36 -- done
rank 26 | trajectory 28 of circuit 27 -- done
rank 55 | trajectory 45 of circuit 29 -- done
rank 20 | trajectory 74 of circuit 30 -- done
rank 2 | trajectory 187 of circuit 91 -- done
rank 65 | trajectory 187 of circuit 93 -- done
rank 72 | trajectory 157 of circuit 94 -- done
rank 33 | trajectory 99 of circuit 44 -- done
rank 18 | trajectory 120 of circuit 81 -- done
rank 56 | trajectory 123 of circuit 25 -- done
rank 40 | trajectory 67 of circuit 52 -- done
rank 16 | trajectory 7 of circuit 30 -- done
rank 42 | trajectory 4 of circuit 50 -- done
rank 22 | trajectory 141 of circuit 60 -- done
rank 50 | trajectory 156 of circuit 23 -- done
rank 28 | trajectory 112 of circuit 29 -- done
rank 82 | trajectory 152 of circuit 74 -- done
rank 53 | trajectory 55 of circuit 64 -- done
rank 17 | trajectory 184 of circuit 96 -- done
rank 52 | trajectory 69 of circuit 12 -- done
rank 23 | trajectory 123 of circuit 82 -- done
rank 15 | trajectory 70 of circuit 79 -- done
rank 32 | trajectory 93 of circuit 39 -- done
rank 59 | trajectory 33 of circuit 73 -- done
rank 34 | trajectory 96 of circuit 97 -- done
rank 91 | trajectory 3 of circuit 77 -- done
rank 98 | trajectory 114 of circuit 88 -- done
rank 3 | trajectory 19 of circuit 73 -- done
rank 80 | trajectory 165 of circuit 70 -- done
rank 71 | trajectory 173 of circuit 74 -- done
rank 95 | trajectory 100 of circuit 56 -- done
rank 11 | trajectory 179 of circuit 97 -- done
rank 10 | trajectory 160 of circuit 96 -- done
rank 41 | trajectory 134 of circuit 89 -- done
rank 35 | trajectory 153 of circuit 54 -- done
rank 68 | trajectory 182 of circuit 80 -- done
rank 45 | trajectory 87 of circuit 1 -- done
rank 92 | trajectory 75 of circuit 61 -- done
rank 77 | trajectory 43 of circuit 93 -- done
rank 25 | trajectory 122 of circuit 30 -- done
rank 54 | trajectory 107 of circuit 55 -- done
rank 1 | trajectory 149 of circuit 11 -- done
rank 49 | trajectory 34 of circuit 23 -- done
rank 20 | trajectory 71 of circuit 16 -- done
rank 38 | trajectory 80 of circuit 26 -- done
rank 8 | trajectory 12 of circuit 14 -- done
rank 65 | trajectory 48 of circuit 30 -- done
rank 61 | trajectory 35 of circuit 71 -- done
rank 22 | trajectory 63 of circuit 43 -- done
rank 57 | trajectory 186 of circuit 50 -- done
rank 79 | trajectory 150 of circuit 88 -- done
rank 23 | trajectory 144 of circuit 6 -- done
rank 28 | trajectory 150 of circuit 11 -- done
rank 48 | trajectory 187 of circuit 52 -- done
rank 43 | trajectory 185 of circuit 61 -- done
rank 83 | trajectory 102 of circuit 72 -- done
rank 74 | trajectory 136 of circuit 57 -- done
rank 53 | trajectory 38 of circuit 77 -- done
rank 14 | trajectory 156 of circuit 52 -- done
rank 34 | trajectory 25 of circuit 34 -- done
rank 33 | trajectory 36 of circuit 31 -- done
rank 15 | trajectory 79 of circuit 27 -- done
rank 41 | trajectory 64 of circuit 46 -- done
rank 95 | trajectory 133 of circuit 25 -- done
rank 42 | trajectory 13 of circuit 91 -- done
rank 81 | trajectory 34 of circuit 91 -- done
rank 11 | trajectory 29 of circuit 33 -- done
rank 80 | trajectory 51 of circuit 41 -- done
rank 26 | trajectory 128 of circuit 69 -- done
rank 17 | trajectory 101 of circuit 26 -- done
rank 2 | trajectory 18 of circuit 11 -- done
rank 40 | trajectory 185 of circuit 31 -- done
rank 50 | trajectory 74 of circuit 49 -- done
rank 16 | trajectory 119 of circuit 63 -- done
rank 45 | trajectory 135 of circuit 74 -- done
rank 92 | trajectory 49 of circuit 23 -- done
rank 19 | trajectory 123 of circuit 38 -- done
rank 32 | trajectory 94 of circuit 85 -- done
rank 55 | trajectory 100 of circuit 58 -- done
rank 72 | trajectory 64 of circuit 96 -- done
rank 61 | trajectory 129 of circuit 88 -- done
rank 71 | trajectory 91 of circuit 43 -- done
rank 57 | trajectory 45 of circuit 92 -- done
rank 56 | trajectory 173 of circuit 63 -- done
rank 82 | trajectory 108 of circuit 31 -- done
rank 5 | trajectory 84 of circuit 8 -- done
rank 20 | trajectory 103 of circuit 75 -- done
rank 38 | trajectory 112 of circuit 1 -- done
rank 31 | trajectory 168 of circuit 30 -- done
rank 49 | trajectory 126 of circuit 39 -- done
rank 52 | trajectory 78 of circuit 89 -- done
rank 68 | trajectory 33 of circuit 28 -- done
rank 65 | trajectory 23 of circuit 83 -- done
rank 91 | trajectory 118 of circuit 25 -- done
rank 79 | trajectory 26 of circuit 85 -- done
rank 95 | trajectory 54 of circuit 69 -- done
rank 98 | trajectory 40 of circuit 3 -- done
rank 25 | trajectory 119 of circuit 67 -- done
rank 53 | trajectory 82 of circuit 56 -- done
rank 78 | trajectory 151 of circuit 13 -- done
rank 10 | trajectory 132 of circuit 53 -- done
rank 42 | trajectory 136 of circuit 7 -- done
rank 8 | trajectory 10 of circuit 86 -- done
rank 14 | trajectory 31 of circuit 57 -- done
rank 74 | trajectory 51 of circuit 99 -- done
rank 80 | trajectory 174 of circuit 9 -- done
rank 4 | trajectory 40 of circuit 78 -- done
rank 81 | trajectory 85 of circuit 65 -- done
rank 28 | trajectory 123 of circuit 8 -- done
rank 22 | trajectory 119 of circuit 43 -- done
rank 33 | trajectory 43 of circuit 44 -- done
rank 43 | trajectory 63 of circuit 92 -- done
rank 92 | trajectory 26 of circuit 11 -- done
rank 35 | trajectory 89 of circuit 77 -- done
rank 41 | trajectory 89 of circuit 76 -- done
rank 45 | trajectory 29 of circuit 23 -- done
rank 17 | trajectory 99 of circuit 80 -- done
rank 15 | trajectory 66 of circuit 26 -- done
rank 40 | trajectory 63 of circuit 76 -- done
rank 2 | trajectory 57 of circuit 86 -- done
rank 38 | trajectory 82 of circuit 6 -- done
rank 32 | trajectory 114 of circuit 97 -- done
rank 20 | trajectory 75 of circuit 86 -- done
rank 22 | trajectory 99 of circuit 72 -- done
rank 57 | trajectory 75 of circuit 67 -- done
rank 64 | trajectory 64 of circuit 53 -- done
rank 49 | trajectory 189 of circuit 20 -- done
rank 77 | trajectory 17 of circuit 32 -- done
rank 18 | trajectory 30 of circuit 98 -- done
rank 34 | trajectory 14 of circuit 49 -- done
rank 95 | trajectory 82 of circuit 4 -- done
rank 98 | trajectory 28 of circuit 41 -- done
rank 26 | trajectory 4 of circuit 2 -- done
rank 68 | trajectory 36 of circuit 7 -- done
rank 24 | trajectory 2 of circuit 55 -- done
rank 72 | trajectory 142 of circuit 54 -- done
rank 82 | trajectory 140 of circuit 39 -- done
rank 80 | trajectory 139 of circuit 80 -- done
rank 54 | trajectory 170 of circuit 95 -- done
rank 71 | trajectory 38 of circuit 80 -- done
rank 74 | trajectory 116 of circuit 26 -- done
rank 56 | trajectory 78 of circuit 60 -- done
rank 23 | trajectory 185 of circuit 12 -- done
rank 5 | trajectory 6 of circuit 8 -- done
rank 42 | trajectory 152 of circuit 73 -- done
rank 53 | trajectory 37 of circuit 67 -- done
rank 45 | trajectory 44 of circuit 27 -- done
rank 52 | trajectory 45 of circuit 41 -- done
rank 22 | trajectory 39 of circuit 96 -- done
rank 61 | trajectory 152 of circuit 40 -- done
rank 14 | trajectory 167 of circuit 74 -- done
rank 31 | trajectory 164 of circuit 22 -- done
rank 8 | trajectory 126 of circuit 55 -- done
rank 25 | trajectory 168 of circuit 60 -- done
rank 41 | trajectory 191 of circuit 65 -- done
rank 81 | trajectory 165 of circuit 86 -- done
rank 98 | trajectory 13 of circuit 79 -- done
rank 65 | trajectory 139 of circuit 1 -- done
rank 1 | trajectory 74 of circuit 96 -- done
rank 43 | trajectory 128 of circuit 40 -- done
rank 50 | trajectory 139 of circuit 42 -- done
rank 19 | trajectory 63 of circuit 28 -- done
rank 79 | trajectory 102 of circuit 83 -- done
rank 57 | trajectory 76 of circuit 73 -- done
rank 20 | trajectory 88 of circuit 45 -- done
rank 15 | trajectory 164 of circuit 47 -- done
rank 91 | trajectory 180 of circuit 74 -- done
rank 33 | trajectory 28 of circuit 23 -- done
rank 78 | trajectory 140 of circuit 52 -- done
rank 48 | trajectory 118 of circuit 23 -- done
rank 2 | trajectory 105 of circuit 86 -- done
rank 18 | trajectory 134 of circuit 37 -- done
rank 80 | trajectory 101 of circuit 91 -- done
rank 28 | trajectory 97 of circuit 50 -- done
rank 74 | trajectory 87 of circuit 61 -- done
rank 61 | trajectory 64 of circuit 85 -- done
rank 26 | trajectory 158 of circuit 11 -- done
rank 17 | trajectory 31 of circuit 82 -- done
rank 32 | trajectory 20 of circuit 59 -- done
rank 35 | trajectory 141 of circuit 43 -- done
rank 53 | trajectory 162 of circuit 12 -- done
rank 23 | trajectory 61 of circuit 51 -- done
rank 95 | trajectory 159 of circuit 61 -- done
rank 92 | trajectory 167 of circuit 71 -- done
rank 56 | trajectory 26 of circuit 9 -- done
rank 40 | trajectory 192 of circuit 40 -- done
rank 68 | trajectory 84 of circuit 17 -- done
rank 64 | trajectory 127 of circuit 40 -- done
rank 77 | trajectory 32 of circuit 69 -- done
rank 81 | trajectory 66 of circuit 21 -- done
rank 41 | trajectory 19 of circuit 75 -- done
rank 20 | trajectory 182 of circuit 41 -- done
rank 71 | trajectory 164 of circuit 86 -- done
rank 75 | trajectory 127 of circuit 71 -- done
rank 34 | trajectory 20 of circuit 98 -- done
rank 3 | trajectory 34 of circuit 36 -- done
rank 72 | trajectory 96 of circuit 20 -- done
rank 52 | trajectory 92 of circuit 83 -- done
rank 65 | trajectory 47 of circuit 40 -- done
rank 79 | trajectory 57 of circuit 76 -- done
rank 11 | trajectory 186 of circuit 78 -- done
rank 24 | trajectory 172 of circuit 40 -- done
rank 31 | trajectory 133 of circuit 24 -- done
rank 57 | trajectory 33 of circuit 18 -- done
rank 45 | trajectory 65 of circuit 20 -- done
rank 25 | trajectory 107 of circuit 34 -- done
rank 31 | trajectory 176 of circuit 47 -- done
rank 42 | trajectory 150 of circuit 80 -- done
rank 80 | trajectory 119 of circuit 59 -- done
rank 82 | trajectory 45 of circuit 3 -- done
rank 74 | trajectory 120 of circuit 83 -- done
rank 14 | trajectory 137 of circuit 85 -- done
rank 15 | trajectory 22 of circuit 54 -- done
rank 8 | trajectory 67 of circuit 42 -- done
rank 23 | trajectory 2 of circuit 81 -- done
rank 61 | trajectory 67 of circuit 76 -- done
rank 1 | trajectory 107 of circuit 23 -- done
rank 38 | trajectory 1 of circuit 4 -- done
rank 32 | trajectory 178 of circuit 42 -- done
rank 91 | trajectory 111 of circuit 74 -- done
rank 56 | trajectory 53 of circuit 26 -- done
rank 22 | trajectory 189 of circuit 18 -- done
rank 20 | trajectory 143 of circuit 95 -- done
rank 43 | trajectory 182 of circuit 6 -- done
rank 26 | trajectory 32 of circuit 26 -- done
rank 95 | trajectory 188 of circuit 67 -- done
rank 21 | trajectory 44 of circuit 78 -- done
rank 81 | trajectory 146 of circuit 30 -- done
rank 75 | trajectory 141 of circuit 37 -- done
rank 10 | trajectory 107 of circuit 99 -- done
rank 41 | trajectory 177 of circuit 9 -- done
rank 57 | trajectory 160 of circuit 95 -- done
rank 50 | trajectory 108 of circuit 84 -- done
rank 65 | trajectory 159 of circuit 65 -- done
rank 45 | trajectory 114 of circuit 58 -- done
rank 34 | trajectory 16 of circuit 40 -- done
rank 33 | trajectory 79 of circuit 62 -- done
rank 28 | trajectory 81 of circuit 31 -- done
rank 19 | trajectory 95 of circuit 7 -- done
rank 72 | trajectory 103 of circuit 3 -- done
rank 92 | trajectory 15 of circuit 61 -- done
rank 74 | trajectory 84 of circuit 41 -- done
rank 53 | trajectory 54 of circuit 93 -- done
rank 18 | trajectory 4 of circuit 49 -- done
rank 54 | trajectory 151 of circuit 32 -- done
rank 31 | trajectory 170 of circuit 88 -- done
rank 17 | trajectory 175 of circuit 45 -- done
rank 77 | trajectory 12 of circuit 42 -- done
rank 68 | trajectory 76 of circuit 39 -- done
rank 20 | trajectory 76 of circuit 25 -- done
rank 23 | trajectory 70 of circuit 51 -- done
rank 42 | trajectory 92 of circuit 46 -- done
rank 45 | trajectory 34 of circuit 70 -- done
rank 64 | trajectory 184 of circuit 58 -- done
rank 14 | trajectory 118 of circuit 64 -- done
rank 2 | trajectory 134 of circuit 95 -- done
rank 15 | trajectory 48 of circuit 73 -- done
rank 82 | trajectory 158 of circuit 64 -- done
rank 80 | trajectory 164 of circuit 15 -- done
rank 52 | trajectory 130 of circuit 30 -- done
rank 3 | trajectory 23 of circuit 32 -- done
rank 40 | trajectory 134 of circuit 99 -- done
rank 81 | trajectory 82 of circuit 93 -- done
rank 41 | trajectory 100 of circuit 91 -- done
rank 71 | trajectory 70 of circuit 76 -- done
rank 35 | trajectory 119 of circuit 96 -- done
rank 1 | trajectory 148 of circuit 56 -- done
rank 61 | trajectory 74 of circuit 47 -- done
rank 45 | trajectory 27 of circuit 25 -- done
rank 75 | trajectory 178 of circuit 36 -- done
rank 33 | trajectory 19 of circuit 79 -- done
rank 38 | trajectory 42 of circuit 60 -- done
rank 43 | trajectory 64 of circuit 21 -- done
rank 10 | trajectory 46 of circuit 40 -- done
rank 32 | trajectory 97 of circuit 18 -- done
rank 65 | trajectory 64 of circuit 48 -- done
rank 53 | trajectory 174 of circuit 1 -- done
rank 12 | trajectory 57 of circuit 56 -- done
rank 91 | trajectory 159 of circuit 40 -- done
rank 48 | trajectory 127 of circuit 90 -- done
rank 72 | trajectory 144 of circuit 64 -- done
rank 57 | trajectory 152 of circuit 57 -- done
rank 25 | trajectory 86 of circuit 5 -- done
rank 79 | trajectory 8 of circuit 4 -- done
rank 31 | trajectory 157 of circuit 90 -- done
rank 56 | trajectory 145 of circuit 89 -- done
rank 20 | trajectory 60 of circuit 25 -- done
rank 22 | trajectory 117 of circuit 66 -- done
rank 31 | trajectory 63 of circuit 7 -- done
rank 81 | trajectory 51 of circuit 68 -- done
rank 18 | trajectory 140 of circuit 90 -- done
rank 21 | trajectory 57 of circuit 24 -- done
rank 34 | trajectory 34 of circuit 53 -- done
rank 74 | trajectory 107 of circuit 66 -- done
rank 92 | trajectory 182 of circuit 35 -- done
rank 41 | trajectory 43 of circuit 68 -- done
rank 8 | trajectory 5 of circuit 2 -- done
rank 11 | trajectory 182 of circuit 56 -- done
rank 28 | trajectory 191 of circuit 21 -- done
rank 15 | trajectory 24 of circuit 73 -- done
rank 50 | trajectory 125 of circuit 18 -- done
rank 54 | trajectory 14 of circuit 35 -- done
rank 17 | trajectory 174 of circuit 77 -- done
rank 68 | trajectory 87 of circuit 17 -- done
rank 45 | trajectory 81 of circuit 59 -- done
rank 42 | trajectory 165 of circuit 1 -- done
rank 40 | trajectory 39 of circuit 21 -- done
rank 14 | trajectory 87 of circuit 68 -- done
rank 88 | trajectory 42 of circuit 65 -- done
rank 61 | trajectory 177 of circuit 26 -- done
rank 79 | trajectory 16 of circuit 11 -- done
rank 33 | trajectory 112 of circuit 58 -- done
rank 23 | trajectory 65 of circuit 61 -- done
rank 65 | trajectory 63 of circuit 34 -- done
rank 19 | trajectory 128 of circuit 59 -- done
rank 48 | trajectory 140 of circuit 60 -- done
rank 71 | trajectory 92 of circuit 72 -- done
rank 53 | trajectory 99 of circuit 17 -- done
rank 43 | trajectory 169 of circuit 15 -- done
rank 31 | trajectory 1 of circuit 57 -- done
rank 22 | trajectory 188 of circuit 46 -- done
rank 26 | trajectory 169 of circuit 64 -- done
rank 52 | trajectory 18 of circuit 65 -- done
rank 35 | trajectory 125 of circuit 5 -- done
rank 2 | trajectory 21 of circuit 86 -- done
rank 64 | trajectory 54 of circuit 65 -- done
rank 72 | trajectory 161 of circuit 16 -- done
rank 60 | trajectory 161 of circuit 100 -- done
rank 34 | trajectory 125 of circuit 80 -- done
rank 74 | trajectory 128 of circuit 5 -- done
rank 92 | trajectory 65 of circuit 77 -- done
rank 31 | trajectory 46 of circuit 2 -- done
rank 12 | trajectory 91 of circuit 85 -- done
rank 25 | trajectory 191 of circuit 5 -- done
rank 80 | trajectory 135 of circuit 57 -- done
rank 20 | trajectory 144 of circuit 66 -- done
rank 56 | trajectory 8 of circuit 22 -- done
rank 18 | trajectory 189 of circuit 16 -- done
rank 82 | trajectory 26 of circuit 10 -- done
rank 21 | trajectory 19 of circuit 98 -- done
rank 75 | trajectory 6 of circuit 22 -- done
rank 81 | trajectory 86 of circuit 18 -- done
rank 61 | trajectory 70 of circuit 34 -- done
rank 42 | trajectory 171 of circuit 56 -- done
rank 32 | trajectory 113 of circuit 14 -- done
rank 41 | trajectory 14 of circuit 82 -- done
rank 3 | trajectory 89 of circuit 62 -- done
rank 45 | trajectory 61 of circuit 89 -- done
rank 57 | trajectory 47 of circuit 3 -- done
rank 15 | trajectory 63 of circuit 33 -- done
rank 23 | trajectory 120 of circuit 87 -- done
rank 14 | trajectory 122 of circuit 33 -- done
rank 1 | trajectory 67 of circuit 19 -- done
rank 17 | trajectory 130 of circuit 95 -- done
rank 8 | trajectory 19 of circuit 81 -- done
rank 11 | trajectory 4 of circuit 21 -- done
rank 77 | trajectory 46 of circuit 30 -- done
rank 33 | trajectory 100 of circuit 1 -- done
rank 91 | trajectory 71 of circuit 43 -- done
rank 53 | trajectory 87 of circuit 66 -- done
rank 43 | trajectory 75 of circuit 16 -- done
rank 65 | trajectory 44 of circuit 97 -- done
rank 68 | trajectory 167 of circuit 85 -- done
rank 46 | trajectory 42 of circuit 90 -- done
rank 83 | trajectory 10 of circuit 24 -- done
rank 38 | trajectory 147 of circuit 41 -- done
rank 40 | trajectory 45 of circuit 99 -- done
rank 50 | trajectory 62 of circuit 86 -- done
rank 92 | trajectory 55 of circuit 61 -- done
rank 28 | trajectory 142 of circuit 14 -- done
rank 64 | trajectory 32 of circuit 75 -- done
rank 4 | trajectory 104 of circuit 36 -- done
rank 48 | trajectory 192 of circuit 34 -- done
rank 42 | trajectory 99 of circuit 38 -- done
rank 26 | trajectory 66 of circuit 37 -- done
rank 88 | trajectory 107 of circuit 83 -- done
rank 10 | trajectory 98 of circuit 87 -- done
rank 20 | trajectory 150 of circuit 16 -- done
rank 71 | trajectory 98 of circuit 37 -- done
rank 34 | trajectory 57 of circuit 11 -- done
rank 57 | trajectory 125 of circuit 87 -- done
rank 21 | trajectory 89 of circuit 20 -- done
rank 32 | trajectory 35 of circuit 76 -- done
rank 35 | trajectory 58 of circuit 92 -- done
rank 23 | trajectory 126 of circuit 48 -- done
rank 18 | trajectory 110 of circuit 63 -- done
rank 54 | trajectory 135 of circuit 85 -- done
rank 14 | trajectory 168 of circuit 18 -- done
rank 74 | trajectory 64 of circuit 99 -- done
rank 56 | trajectory 97 of circuit 38 -- done
rank 45 | trajectory 73 of circuit 55 -- done
rank 25 | trajectory 143 of circuit 45 -- done
rank 81 | trajectory 141 of circuit 84 -- done
rank 12 | trajectory 75 of circuit 73 -- done
rank 72 | trajectory 93 of circuit 15 -- done
rank 19 | trajectory 184 of circuit 49 -- done
rank 8 | trajectory 24 of circuit 32 -- done
rank 82 | trajectory 46 of circuit 99 -- done
rank 42 | trajectory 115 of circuit 26 -- done
rank 1 | trajectory 161 of circuit 49 -- done
rank 43 | trajectory 69 of circuit 5 -- done
rank 12 | trajectory 162 of circuit 17 -- done
rank 28 | trajectory 140 of circuit 31 -- done
rank 41 | trajectory 120 of circuit 33 -- done
rank 17 | trajectory 64 of circuit 32 -- done
rank 61 | trajectory 86 of circuit 57 -- done
rank 79 | trajectory 52 of circuit 39 -- done
rank 65 | trajectory 27 of circuit 61 -- done
rank 52 | trajectory 10 of circuit 4 -- done
rank 11 | trajectory 96 of circuit 22 -- done
rank 75 | trajectory 152 of circuit 20 -- done
rank 60 | trajectory 172 of circuit 73 -- done
rank 64 | trajectory 111 of circuit 72 -- done
rank 71 | trajectory 106 of circuit 94 -- done
rank 83 | trajectory 120 of circuit 48 -- done
rank 80 | trajectory 180 of circuit 20 -- done
rank 33 | trajectory 94 of circuit 11 -- done
rank 48 | trajectory 114 of circuit 81 -- done
rank 88 | trajectory 13 of circuit 49 -- done
rank 15 | trajectory 173 of circuit 92 -- done
rank 34 | trajectory 85 of circuit 58 -- done
rank 92 | trajectory 192 of circuit 49 -- done
rank 77 | trajectory 161 of circuit 26 -- done
rank 32 | trajectory 134 of circuit 17 -- done
rank 2 | trajectory 76 of circuit 46 -- done
rank 45 | trajectory 67 of circuit 62 -- done
rank 26 | trajectory 160 of circuit 45 -- done
rank 53 | trajectory 16 of circuit 90 -- done
rank 68 | trajectory 10 of circuit 92 -- done
rank 21 | trajectory 53 of circuit 96 -- done
rank 20 | trajectory 96 of circuit 76 -- done
rank 18 | trajectory 122 of circuit 40 -- done
rank 74 | trajectory 122 of circuit 2 -- done
rank 14 | trajectory 192 of circuit 9 -- done
rank 57 | trajectory 6 of circuit 41 -- done
rank 5 | trajectory 159 of circuit 99 -- done
rank 91 | trajectory 62 of circuit 59 -- done
rank 72 | trajectory 179 of circuit 79 -- done
rank 42 | trajectory 129 of circuit 91 -- done
rank 81 | trajectory 184 of circuit 40 -- done
rank 12 | trajectory 16 of circuit 64 -- done
rank 46 | trajectory 38 of circuit 66 -- done
rank 50 | trajectory 37 of circuit 20 -- done
rank 65 | trajectory 148 of circuit 89 -- done
rank 40 | trajectory 77 of circuit 28 -- done
rank 33 | trajectory 38 of circuit 55 -- done
rank 64 | trajectory 65 of circuit 36 -- done
rank 23 | trajectory 63 of circuit 90 -- done
rank 80 | trajectory 79 of circuit 79 -- done
rank 54 | trajectory 115 of circuit 28 -- done
rank 41 | trajectory 136 of circuit 74 -- done
rank 3 | trajectory 157 of circuit 42 -- done
rank 82 | trajectory 172 of circuit 7 -- done
rank 12 | trajectory 189 of circuit 63 -- done
rank 61 | trajectory 173 of circuit 11 -- done
rank 8 | trajectory 87 of circuit 32 -- done
rank 25 | trajectory 150 of circuit 53 -- done
rank 92 | trajectory 122 of circuit 100 -- done
rank 75 | trajectory 130 of circuit 43 -- done
rank 88 | trajectory 39 of circuit 62 -- done
rank 26 | trajectory 138 of circuit 90 -- done
rank 17 | trajectory 150 of circuit 36 -- done
rank 1 | trajectory 152 of circuit 90 -- done
rank 55 | trajectory 35 of circuit 48 -- done
rank 35 | trajectory 44 of circuit 1 -- done
rank 65 | trajectory 143 of circuit 64 -- done
rank 20 | trajectory 26 of circuit 50 -- done
rank 71 | trajectory 122 of circuit 11 -- done
rank 32 | trajectory 175 of circuit 12 -- done
rank 56 | trajectory 109 of circuit 63 -- done
rank 52 | trajectory 72 of circuit 76 -- done
rank 57 | trajectory 83 of circuit 27 -- done
rank 28 | trajectory 181 of circuit 54 -- done
rank 53 | trajectory 159 of circuit 13 -- done
rank 12 | trajectory 177 of circuit 51 -- done
rank 77 | trajectory 62 of circuit 90 -- done
rank 74 | trajectory 95 of circuit 92 -- done
rank 43 | trajectory 172 of circuit 2 -- done
rank 45 | trajectory 157 of circuit 68 -- done
rank 19 | trajectory 111 of circuit 80 -- done
rank 42 | trajectory 180 of circuit 7 -- done
rank 65 | trajectory 175 of circuit 81 -- done
rank 14 | trajectory 106 of circuit 99 -- done
rank 68 | trajectory 78 of circuit 7 -- done
rank 18 | trajectory 71 of circuit 29 -- done
rank 21 | trajectory 59 of circuit 40 -- done
rank 5 | trajectory 33 of circuit 23 -- done
rank 15 | trajectory 83 of circuit 18 -- done
rank 48 | trajectory 175 of circuit 92 -- done
rank 80 | trajectory 149 of circuit 75 -- done
rank 81 | trajectory 174 of circuit 35 -- done
rank 24 | trajectory 96 of circuit 37 -- done
rank 34 | trajectory 17 of circuit 69 -- done
rank 50 | trajectory 132 of circuit 52 -- done
rank 71 | trajectory 138 of circuit 100 -- done
rank 12 | trajectory 173 of circuit 55 -- done
rank 74 | trajectory 176 of circuit 67 -- done
rank 45 | trajectory 139 of circuit 32 -- done
rank 2 | trajectory 43 of circuit 69 -- done
rank 10 | trajectory 188 of circuit 84 -- done
rank 8 | trajectory 34 of circuit 75 -- done
rank 79 | trajectory 155 of circuit 24 -- done
rank 65 | trajectory 108 of circuit 80 -- done
rank 40 | trajectory 132 of circuit 68 -- done
rank 41 | trajectory 1 of circuit 85 -- done
rank 32 | trajectory 159 of circuit 24 -- done
rank 54 | trajectory 82 of circuit 85 -- done
rank 26 | trajectory 119 of circuit 29 -- done
rank 64 | trajectory 12 of circuit 23 -- done
rank 60 | trajectory 69 of circuit 48 -- done
rank 91 | trajectory 156 of circuit 47 -- done
rank 11 | trajectory 32 of circuit 98 -- done
rank 69 | trajectory 36 of circuit 11 -- done
rank 92 | trajectory 72 of circuit 81 -- done
rank 25 | trajectory 172 of circuit 37 -- done
rank 90 | trajectory 179 of circuit 98 -- done
rank 17 | trajectory 163 of circuit 37 -- done
rank 42 | trajectory 166 of circuit 77 -- done
rank 1 | trajectory 173 of circuit 19 -- done
rank 61 | trajectory 163 of circuit 19 -- done
rank 28 | trajectory 56 of circuit 23 -- done
rank 56 | trajectory 115 of circuit 17 -- done
rank 45 | trajectory 9 of circuit 3 -- done
rank 88 | trajectory 83 of circuit 42 -- done
rank 81 | trajectory 55 of circuit 40 -- done
rank 57 | trajectory 80 of circuit 60 -- done
rank 53 | trajectory 188 of circuit 54 -- done
rank 72 | trajectory 9 of circuit 80 -- done
rank 3 | trajectory 152 of circuit 54 -- done
rank 33 | trajectory 47 of circuit 29 -- done
rank 15 | trajectory 128 of circuit 29 -- done
rank 19 | trajectory 60 of circuit 63 -- done
rank 52 | trajectory 163 of circuit 99 -- done
rank 18 | trajectory 53 of circuit 77 -- done
rank 20 | trajectory 133 of circuit 80 -- done
rank 77 | trajectory 80 of circuit 1 -- done
rank 9 | trajectory 173 of circuit 66 -- done
rank 45 | trajectory 102 of circuit 73 -- done
rank 12 | trajectory 186 of circuit 63 -- done
rank 42 | trajectory 189 of circuit 6 -- done
rank 74 | trajectory 161 of circuit 57 -- done
rank 34 | trajectory 6 of circuit 7 -- done
rank 23 | trajectory 39 of circuit 69 -- done
rank 55 | trajectory 167 of circuit 1 -- done
rank 71 | trajectory 171 of circuit 26 -- done
rank 75 | trajectory 4 of circuit 25 -- done
rank 79 | trajectory 188 of circuit 73 -- done
rank 48 | trajectory 129 of circuit 20 -- done
rank 21 | trajectory 144 of circuit 8 -- done
rank 68 | trajectory 139 of circuit 28 -- done
rank 80 | trajectory 185 of circuit 98 -- done
rank 14 | trajectory 181 of circuit 12 -- done
rank 35 | trajectory 134 of circuit 35 -- done
rank 65 | trajectory 90 of circuit 22 -- done
rank 50 | trajectory 89 of circuit 44 -- done
rank 91 | trajectory 161 of circuit 7 -- done
rank 32 | trajectory 161 of circuit 75 -- done
rank 46 | trajectory 135 of circuit 44 -- done
rank 26 | trajectory 31 of circuit 40 -- done
rank 2 | trajectory 1 of circuit 42 -- done
rank 8 | trajectory 8 of circuit 71 -- done
rank 53 | trajectory 189 of circuit 52 -- done
rank 10 | trajectory 146 of circuit 59 -- done
rank 40 | trajectory 140 of circuit 1 -- done
rank 82 | trajectory 159 of circuit 63 -- done
rank 5 | trajectory 145 of circuit 82 -- done
rank 41 | trajectory 97 of circuit 37 -- done
rank 17 | trajectory 189 of circuit 41 -- done
rank 81 | trajectory 150 of circuit 73 -- done
rank 43 | trajectory 88 of circuit 79 -- done
rank 92 | trajectory 124 of circuit 61 -- done
rank 88 | trajectory 65 of circuit 26 -- done
rank 57 | trajectory 178 of circuit 39 -- done
rank 56 | trajectory 49 of circuit 81 -- done
rank 12 | trajectory 171 of circuit 22 -- done
rank 71 | trajectory 27 of circuit 41 -- done
rank 77 | trajectory 16 of circuit 20 -- done
rank 60 | trajectory 60 of circuit 78 -- done
rank 61 | trajectory 21 of circuit 49 -- done
rank 74 | trajectory 152 of circuit 97 -- done
rank 79 | trajectory 37 of circuit 48 -- done
rank 72 | trajectory 139 of circuit 34 -- done
rank 45 | trajectory 62 of circuit 26 -- done
rank 65 | trajectory 99 of circuit 82 -- done
rank 25 | trajectory 54 of circuit 64 -- done
rank 54 | trajectory 121 of circuit 54 -- done
rank 19 | trajectory 133 of circuit 6 -- done
rank 21 | trajectory 101 of circuit 64 -- done
rank 64 | trajectory 49 of circuit 66 -- done
rank 42 | trajectory 38 of circuit 65 -- done
rank 11 | trajectory 88 of circuit 95 -- done
rank 68 | trajectory 51 of circuit 25 -- done
rank 33 | trajectory 189 of circuit 36 -- done
rank 80 | trajectory 167 of circuit 53 -- done
rank 28 | trajectory 100 of circuit 66 -- done
rank 52 | trajectory 102 of circuit 3 -- done
rank 12 | trajectory 159 of circuit 84 -- done
rank 48 | trajectory 131 of circuit 11 -- done
rank 20 | trajectory 16 of circuit 25 -- done
rank 15 | trajectory 147 of circuit 29 -- done
rank 37 | trajectory 106 of circuit 14 -- done
rank 75 | trajectory 70 of circuit 27 -- done
rank 18 | trajectory 44 of circuit 4 -- done
rank 81 | trajectory 159 of circuit 34 -- done
rank 10 | trajectory 87 of circuit 100 -- done
rank 45 | trajectory 107 of circuit 98 -- done
rank 41 | trajectory 183 of circuit 28 -- done
rank 9 | trajectory 57 of circuit 29 -- done
rank 43 | trajectory 154 of circuit 58 -- done
rank 71 | trajectory 143 of circuit 61 -- done
rank 2 | trajectory 115 of circuit 13 -- done
rank 23 | trajectory 133 of circuit 7 -- done
rank 61 | trajectory 5 of circuit 67 -- done
rank 32 | trajectory 127 of circuit 55 -- done
rank 34 | trajectory 38 of circuit 31 -- done
rank 56 | trajectory 190 of circuit 60 -- done
rank 57 | trajectory 89 of circuit 86 -- done
rank 3 | trajectory 86 of circuit 56 -- done
rank 89 | trajectory 161 of circuit 76 -- done
rank 73 | trajectory 17 of circuit 8 -- done
rank 35 | trajectory 168 of circuit 11 -- done
rank 91 | trajectory 140 of circuit 69 -- done
rank 65 | trajectory 132 of circuit 4 -- done
rank 53 | trajectory 34 of circuit 13 -- done
rank 82 | trajectory 70 of circuit 3 -- done
rank 92 | trajectory 17 of circuit 62 -- done
rank 77 | trajectory 85 of circuit 92 -- done
rank 33 | trajectory 83 of circuit 91 -- done
rank 8 | trajectory 153 of circuit 82 -- done
rank 20 | trajectory 13 of circuit 56 -- done
rank 74 | trajectory 105 of circuit 93 -- done
rank 88 | trajectory 109 of circuit 60 -- done
rank 40 | trajectory 80 of circuit 87 -- done
rank 45 | trajectory 59 of circuit 85 -- done
rank 12 | trajectory 168 of circuit 51 -- done
rank 79 | trajectory 66 of circuit 46 -- done
rank 42 | trajectory 98 of circuit 15 -- done
rank 89 | trajectory 94 of circuit 68 -- done
rank 21 | trajectory 46 of circuit 86 -- done
rank 68 | trajectory 22 of circuit 40 -- done
rank 48 | trajectory 173 of circuit 99 -- done
rank 28 | trajectory 158 of circuit 86 -- done
rank 50 | trajectory 180 of circuit 59 -- done
rank 17 | trajectory 151 of circuit 34 -- done
rank 81 | trajectory 101 of circuit 16 -- done
rank 89 | trajectory 75 of circuit 100 -- done
rank 26 | trajectory 162 of circuit 78 -- done
rank 18 | trajectory 153 of circuit 12 -- done
rank 15 | trajectory 18 of circuit 59 -- done
rank 72 | trajectory 167 of circuit 91 -- done
rank 52 | trajectory 21 of circuit 79 -- done
rank 89 | trajectory 20 of circuit 21 -- done
rank 80 | trajectory 83 of circuit 87 -- done
rank 23 | trajectory 122 of circuit 85 -- done
rank 75 | trajectory 191 of circuit 83 -- done
rank 71 | trajectory 188 of circuit 26 -- done
rank 34 | trajectory 97 of circuit 61 -- done
rank 20 | trajectory 14 of circuit 12 -- done
rank 60 | trajectory 40 of circuit 11 -- done
rank 12 | trajectory 182 of circuit 45 -- done
rank 56 | trajectory 105 of circuit 10 -- done
rank 91 | trajectory 22 of circuit 83 -- done
rank 2 | trajectory 24 of circuit 93 -- done
rank 19 | trajectory 156 of circuit 30 -- done
rank 92 | trajectory 14 of circuit 92 -- done
rank 11 | trajectory 138 of circuit 88 -- done
rank 64 | trajectory 48 of circuit 12 -- done
rank 89 | trajectory 126 of circuit 91 -- done
rank 77 | trajectory 26 of circuit 16 -- done
rank 53 | trajectory 108 of circuit 48 -- done
rank 10 | trajectory 74 of circuit 2 -- done
rank 28 | trajectory 165 of circuit 46 -- done
rank 74 | trajectory 187 of circuit 37 -- done
rank 42 | trajectory 121 of circuit 26 -- done
rank 32 | trajectory 122 of circuit 98 -- done
rank 25 | trajectory 137 of circuit 88 -- done
rank 41 | trajectory 174 of circuit 38 -- done
rank 14 | trajectory 165 of circuit 36 -- done
rank 37 | trajectory 40 of circuit 55 -- done
rank 33 | trajectory 188 of circuit 92 -- done
rank 46 | trajectory 96 of circuit 32 -- done
rank 45 | trajectory 94 of circuit 63 -- done
rank 61 | trajectory 47 of circuit 21 -- done
rank 5 | trajectory 48 of circuit 24 -- done
rank 81 | trajectory 83 of circuit 31 -- done
rank 89 | trajectory 138 of circuit 15 -- done
rank 57 | trajectory 181 of circuit 19 -- done
rank 21 | trajectory 39 of circuit 93 -- done
rank 43 | trajectory 24 of circuit 1 -- done
rank 71 | trajectory 140 of circuit 56 -- done
rank 89 | trajectory 168 of circuit 52 -- done
rank 91 | trajectory 21 of circuit 34 -- done
rank 78 | trajectory 23 of circuit 68 -- done
rank 65 | trajectory 181 of circuit 8 -- done
rank 79 | trajectory 142 of circuit 37 -- done
rank 50 | trajectory 61 of circuit 46 -- done
rank 88 | trajectory 69 of circuit 54 -- done
rank 23 | trajectory 119 of circuit 45 -- done
rank 15 | trajectory 4 of circuit 31 -- done
rank 17 | trajectory 109 of circuit 72 -- done
rank 72 | trajectory 171 of circuit 37 -- done
rank 3 | trajectory 124 of circuit 64 -- done
rank 48 | trajectory 107 of circuit 27 -- done
rank 12 | trajectory 123 of circuit 42 -- done
rank 35 | trajectory 113 of circuit 23 -- done
rank 68 | trajectory 27 of circuit 54 -- done
rank 74 | trajectory 138 of circuit 57 -- done
rank 52 | trajectory 73 of circuit 99 -- done
rank 82 | trajectory 78 of circuit 51 -- done
rank 45 | trajectory 147 of circuit 23 -- done
rank 20 | trajectory 156 of circuit 32 -- done
rank 18 | trajectory 73 of circuit 16 -- done
rank 8 | trajectory 129 of circuit 52 -- done
rank 33 | trajectory 133 of circuit 75 -- done
rank 80 | trajectory 168 of circuit 93 -- done
rank 75 | trajectory 140 of circuit 36 -- done
rank 92 | trajectory 30 of circuit 100 -- done
rank 14 | trajectory 164 of circuit 44 -- done
rank 10 | trajectory 91 of circuit 69 -- done
rank 2 | trajectory 159 of circuit 100 -- done
rank 32 | trajectory 51 of circuit 46 -- done
rank 81 | trajectory 81 of circuit 37 -- done
rank 91 | trajectory 177 of circuit 99 -- done
rank 53 | trajectory 143 of circuit 8 -- done
rank 28 | trajectory 54 of circuit 40 -- done
rank 89 | trajectory 24 of circuit 24 -- done
rank 34 | trajectory 45 of circuit 76 -- done
rank 12 | trajectory 156 of circuit 8 -- done
rank 43 | trajectory 80 of circuit 83 -- done
rank 19 | trajectory 67 of circuit 83 -- done
rank 77 | trajectory 192 of circuit 82 -- done
rank 25 | trajectory 28 of circuit 86 -- done
rank 26 | trajectory 106 of circuit 50 -- done
rank 57 | trajectory 155 of circuit 98 -- done
rank 71 | trajectory 103 of circuit 7 -- done
rank 56 | trajectory 62 of circuit 79 -- done
rank 65 | trajectory 58 of circuit 6 -- done
rank 45 | trajectory 38 of circuit 1 -- done
rank 60 | trajectory 74 of circuit 99 -- done
rank 73 | trajectory 148 of circuit 32 -- done
rank 37 | trajectory 122 of circuit 37 -- done
rank 23 | trajectory 34 of circuit 90 -- done
rank 81 | trajectory 35 of circuit 43 -- done
rank 11 | trajectory 106 of circuit 60 -- done
rank 48 | trajectory 150 of circuit 89 -- done
rank 74 | trajectory 178 of circuit 9 -- done
rank 5 | trajectory 82 of circuit 98 -- done
rank 12 | trajectory 19 of circuit 60 -- done
rank 41 | trajectory 110 of circuit 99 -- done
rank 68 | trajectory 188 of circuit 52 -- done
rank 20 | trajectory 54 of circuit 86 -- done
rank 33 | trajectory 137 of circuit 11 -- done
rank 64 | trajectory 6 of circuit 36 -- done
rank 14 | trajectory 175 of circuit 10 -- done
rank 75 | trajectory 34 of circuit 17 -- done
rank 50 | trajectory 138 of circuit 17 -- done
rank 21 | trajectory 71 of circuit 51 -- done
rank 45 | trajectory 3 of circuit 36 -- done
rank 88 | trajectory 7 of circuit 42 -- done
rank 92 | trajectory 22 of circuit 78 -- done
rank 10 | trajectory 25 of circuit 87 -- done
rank 28 | trajectory 113 of circuit 66 -- done
rank 18 | trajectory 72 of circuit 16 -- done
rank 15 | trajectory 191 of circuit 20 -- done
rank 17 | trajectory 153 of circuit 75 -- done
rank 35 | trajectory 75 of circuit 76 -- done
rank 71 | trajectory 108 of circuit 39 -- done
rank 82 | trajectory 176 of circuit 14 -- done
rank 42 | trajectory 141 of circuit 97 -- done
rank 77 | trajectory 23 of circuit 64 -- done
rank 43 | trajectory 160 of circuit 57 -- done
rank 34 | trajectory 134 of circuit 15 -- done
rank 61 | trajectory 126 of circuit 40 -- done
rank 8 | trajectory 88 of circuit 48 -- done
rank 26 | trajectory 93 of circuit 84 -- done
rank 12 | trajectory 160 of circuit 43 -- done
rank 45 | trajectory 21 of circuit 95 -- done
rank 80 | trajectory 171 of circuit 100 -- done
rank 65 | trajectory 113 of circuit 100 -- done
rank 72 | trajectory 1 of circuit 68 -- done
rank 27 | trajectory 44 of circuit 58 -- done
rank 53 | trajectory 29 of circuit 82 -- done
rank 57 | trajectory 185 of circuit 23 -- done
rank 48 | trajectory 170 of circuit 33 -- done
rank 19 | trajectory 72 of circuit 43 -- done
rank 25 | trajectory 156 of circuit 66 -- done
rank 79 | trajectory 112 of circuit 90 -- done
rank 52 | trajectory 22 of circuit 56 -- done
rank 33 | trajectory 97 of circuit 10 -- done
rank 14 | trajectory 159 of circuit 53 -- done
rank 32 | trajectory 167 of circuit 22 -- done
rank 91 | trajectory 96 of circuit 17 -- done
rank 12 | trajectory 42 of circuit 63 -- done
rank 20 | trajectory 55 of circuit 42 -- done
rank 5 | trajectory 128 of circuit 65 -- done
rank 74 | trajectory 142 of circuit 91 -- done
rank 42 | trajectory 101 of circuit 6 -- done
rank 73 | trajectory 84 of circuit 59 -- done
rank 24 | trajectory 145 of circuit 4 -- done
rank 41 | trajectory 167 of circuit 2 -- done
rank 92 | trajectory 80 of circuit 20 -- done
rank 3 | trajectory 79 of circuit 10 -- done
rank 61 | trajectory 33 of circuit 71 -- done
rank 11 | trajectory 27 of circuit 74 -- done
rank 60 | trajectory 98 of circuit 97 -- done
rank 43 | trajectory 46 of circuit 8 -- done
rank 81 | trajectory 176 of circuit 91 -- done
rank 50 | trajectory 167 of circuit 29 -- done
rank 64 | trajectory 57 of circuit 36 -- done
rank 37 | trajectory 112 of circuit 57 -- done
rank 54 | trajectory 68 of circuit 88 -- done
rank 75 | trajectory 61 of circuit 15 -- done
rank 2 | trajectory 19 of circuit 82 -- done
rank 68 | trajectory 158 of circuit 19 -- done
rank 45 | trajectory 7 of circuit 6 -- done
rank 90 | trajectory 176 of circuit 28 -- done
rank 82 | trajectory 87 of circuit 84 -- done
rank 8 | trajectory 38 of circuit 62 -- done
rank 34 | trajectory 65 of circuit 98 -- done
rank 79 | trajectory 46 of circuit 1 -- done
rank 10 | trajectory 10 of circuit 21 -- done
rank 48 | trajectory 151 of circuit 15 -- done
rank 71 | trajectory 59 of circuit 64 -- done
rank 17 | trajectory 133 of circuit 32 -- done
rank 57 | trajectory 139 of circuit 30 -- done
rank 14 | trajectory 191 of circuit 25 -- done
rank 53 | trajectory 115 of circuit 87 -- done
rank 12 | trajectory 117 of circuit 53 -- done
rank 61 | trajectory 119 of circuit 71 -- done
rank 26 | trajectory 140 of circuit 70 -- done
rank 80 | trajectory 126 of circuit 86 -- done
rank 15 | trajectory 110 of circuit 46 -- done
rank 81 | trajectory 178 of circuit 34 -- done
rank 20 | trajectory 87 of circuit 57 -- done
rank 33 | trajectory 5 of circuit 30 -- done
rank 28 | trajectory 109 of circuit 40 -- done
rank 88 | trajectory 25 of circuit 19 -- done
rank 27 | trajectory 170 of circuit 25 -- done
rank 35 | trajectory 157 of circuit 72 -- done
rank 32 | trajectory 180 of circuit 22 -- done
rank 43 | trajectory 37 of circuit 70 -- done
rank 23 | trajectory 113 of circuit 19 -- done
rank 21 | trajectory 48 of circuit 95 -- done
rank 89 | trajectory 104 of circuit 77 -- done
rank 97 | trajectory 31 of circuit 10 -- done
rank 91 | trajectory 129 of circuit 67 -- done
rank 25 | trajectory 70 of circuit 45 -- done
rank 56 | trajectory 50 of circuit 15 -- done
rank 72 | trajectory 105 of circuit 76 -- done
rank 41 | trajectory 13 of circuit 11 -- done
rank 19 | trajectory 71 of circuit 31 -- done
rank 42 | trajectory 59 of circuit 53 -- done
rank 48 | trajectory 116 of circuit 72 -- done
rank 92 | trajectory 145 of circuit 50 -- done
rank 52 | trajectory 94 of circuit 97 -- done
rank 81 | trajectory 147 of circuit 87 -- done
rank 57 | trajectory 108 of circuit 42 -- done
rank 10 | trajectory 124 of circuit 5 -- done
rank 85 | trajectory 190 of circuit 99 -- done
rank 77 | trajectory 183 of circuit 94 -- done
rank 65 | trajectory 68 of circuit 73 -- done
rank 68 | trajectory 106 of circuit 38 -- done
rank 3 | trajectory 75 of circuit 20 -- done
rank 14 | trajectory 25 of circuit 40 -- done
rank 18 | trajectory 57 of circuit 47 -- done
rank 89 | trajectory 91 of circuit 15 -- done
rank 75 | trajectory 7 of circuit 61 -- done
rank 61 | trajectory 167 of circuit 38 -- done
rank 85 | trajectory 55 of circuit 19 -- done
rank 45 | trajectory 46 of circuit 66 -- done
rank 74 | trajectory 34 of circuit 65 -- done
rank 11 | trajectory 31 of circuit 45 -- done
rank 23 | trajectory 176 of circuit 44 -- done
rank 2 | trajectory 26 of circuit 27 -- done
rank 20 | trajectory 81 of circuit 49 -- done
rank 60 | trajectory 92 of circuit 92 -- done
rank 34 | trajectory 11 of circuit 65 -- done
rank 43 | trajectory 94 of circuit 40 -- done
rank 80 | trajectory 12 of circuit 19 -- done
rank 4 | trajectory 61 of circuit 42 -- done
rank 8 | trajectory 59 of circuit 89 -- done
rank 26 | trajectory 95 of circuit 33 -- done
rank 15 | trajectory 50 of circuit 16 -- done
rank 5 | trajectory 68 of circuit 63 -- done
rank 17 | trajectory 35 of circuit 59 -- done
rank 32 | trajectory 1 of circuit 69 -- done
rank 71 | trajectory 178 of circuit 50 -- done
rank 82 | trajectory 84 of circuit 43 -- done
rank 73 | trajectory 103 of circuit 22 -- done
rank 12 | trajectory 86 of circuit 100 -- done
rank 88 | trajectory 52 of circuit 45 -- done
rank 90 | trajectory 140 of circuit 100 -- done
rank 53 | trajectory 79 of circuit 54 -- done
rank 56 | trajectory 76 of circuit 22 -- done
rank 9 | trajectory 88 of circuit 49 -- done
rank 28 | trajectory 117 of circuit 10 -- done
rank 45 | trajectory 54 of circuit 46 -- done
rank 21 | trajectory 31 of circuit 52 -- done
rank 91 | trajectory 28 of circuit 61 -- done
rank 42 | trajectory 162 of circuit 48 -- done
rank 25 | trajectory 164 of circuit 56 -- done
rank 72 | trajectory 131 of circuit 23 -- done
rank 89 | trajectory 90 of circuit 91 -- done
rank 33 | trajectory 63 of circuit 49 -- done
rank 24 | trajectory 109 of circuit 74 -- done
rank 64 | trajectory 53 of circuit 88 -- done
rank 35 | trajectory 53 of circuit 42 -- done
rank 92 | trajectory 151 of circuit 55 -- done
rank 37 | trajectory 59 of circuit 93 -- done
rank 18 | trajectory 113 of circuit 3 -- done
rank 48 | trajectory 172 of circuit 97 -- done
rank 74 | trajectory 43 of circuit 62 -- done
rank 23 | trajectory 121 of circuit 81 -- done
rank 34 | trajectory 143 of circuit 91 -- done
rank 14 | trajectory 109 of circuit 96 -- done
rank 41 | trajectory 95 of circuit 42 -- done
rank 27 | trajectory 67 of circuit 2 -- done
rank 57 | trajectory 90 of circuit 71 -- done
rank 50 | trajectory 118 of circuit 77 -- done
rank 32 | trajectory 144 of circuit 95 -- done
rank 20 | trajectory 19 of circuit 51 -- done
rank 28 | trajectory 147 of circuit 27 -- done
rank 75 | trajectory 93 of circuit 80 -- done
rank 52 | trajectory 39 of circuit 78 -- done
rank 10 | trajectory 136 of circuit 33 -- done
rank 17 | trajectory 89 of circuit 32 -- done
rank 15 | trajectory 77 of circuit 27 -- done
rank 80 | trajectory 48 of circuit 18 -- done
rank 73 | trajectory 12 of circuit 28 -- done
rank 68 | trajectory 189 of circuit 45 -- done
rank 42 | trajectory 62 of circuit 25 -- done
rank 8 | trajectory 95 of circuit 48 -- done
rank 53 | trajectory 94 of circuit 13 -- done
rank 71 | trajectory 110 of circuit 87 -- done
rank 77 | trajectory 9 of circuit 45 -- done
rank 21 | trajectory 32 of circuit 18 -- done
rank 4 | trajectory 44 of circuit 98 -- done
rank 11 | trajectory 111 of circuit 36 -- done
rank 48 | trajectory 183 of circuit 33 -- done
rank 2 | trajectory 85 of circuit 62 -- done
rank 57 | trajectory 5 of circuit 48 -- done
rank 56 | trajectory 135 of circuit 66 -- done
rank 33 | trajectory 168 of circuit 66 -- done
rank 85 | trajectory 64 of circuit 71 -- done
rank 89 | trajectory 9 of circuit 5 -- done
rank 91 | trajectory 15 of circuit 22 -- done
rank 81 | trajectory 30 of circuit 99 -- done
rank 12 | trajectory 67 of circuit 77 -- done
rank 60 | trajectory 155 of circuit 79 -- done
rank 74 | trajectory 154 of circuit 87 -- done
rank 19 | trajectory 107 of circuit 51 -- done
rank 72 | trajectory 154 of circuit 72 -- done
rank 92 | trajectory 84 of circuit 36 -- done
rank 14 | trajectory 174 of circuit 56 -- done
rank 88 | trajectory 112 of circuit 53 -- done
rank 34 | trajectory 137 of circuit 57 -- done
rank 3 | trajectory 46 of circuit 31 -- done
rank 28 | trajectory 37 of circuit 68 -- done
rank 64 | trajectory 109 of circuit 50 -- done
rank 18 | trajectory 54 of circuit 81 -- done
rank 40 | trajectory 29 of circuit 38 -- done
rank 42 | trajectory 132 of circuit 74 -- done
rank 54 | trajectory 24 of circuit 86 -- done
rank 9 | trajectory 166 of circuit 28 -- done
rank 61 | trajectory 68 of circuit 49 -- done
rank 31 | trajectory 124 of circuit 20 -- done
rank 75 | trajectory 32 of circuit 93 -- done
rank 53 | trajectory 116 of circuit 8 -- done
rank 73 | trajectory 172 of circuit 99 -- done
rank 15 | trajectory 158 of circuit 5 -- done
rank 5 | trajectory 139 of circuit 77 -- done
rank 35 | trajectory 25 of circuit 78 -- done
rank 57 | trajectory 56 of circuit 54 -- done
rank 65 | trajectory 105 of circuit 36 -- done
rank 37 | trajectory 189 of circuit 93 -- done
rank 68 | trajectory 77 of circuit 13 -- done
rank 56 | trajectory 149 of circuit 70 -- done
rank 31 | trajectory 192 of circuit 46 -- done
rank 25 | trajectory 85 of circuit 97 -- done
rank 48 | trajectory 95 of circuit 98 -- done
rank 8 | trajectory 23 of circuit 54 -- done
rank 71 | trajectory 107 of circuit 67 -- done
rank 77 | trajectory 27 of circuit 7 -- done
rank 26 | trajectory 147 of circuit 98 -- done
rank 46 | trajectory 171 of circuit 61 -- done
rank 27 | trajectory 61 of circuit 66 -- done
rank 29 | trajectory 131 of circuit 17 -- done
rank 32 | trajectory 81 of circuit 71 -- done
rank 33 | trajectory 57 of circuit 82 -- done
rank 17 | trajectory 4 of circuit 96 -- done
rank 21 | trajectory 106 of circuit 90 -- done
rank 23 | trajectory 25 of circuit 92 -- done
rank 10 | trajectory 174 of circuit 32 -- done
rank 89 | trajectory 46 of circuit 67 -- done
rank 2 | trajectory 33 of circuit 96 -- done
rank 83 | trajectory 155 of circuit 6 -- done
rank 91 | trajectory 25 of circuit 39 -- done
rank 42 | trajectory 128 of circuit 20 -- done
rank 52 | trajectory 70 of circuit 68 -- done
rank 14 | trajectory 105 of circuit 29 -- done
rank 24 | trajectory 187 of circuit 51 -- done
rank 34 | trajectory 135 of circuit 32 -- done
rank 64 | trajectory 68 of circuit 59 -- done
rank 19 | trajectory 124 of circuit 16 -- done
rank 92 | trajectory 187 of circuit 15 -- done
rank 73 | trajectory 83 of circuit 20 -- done
rank 31 | trajectory 178 of circuit 30 -- done
rank 18 | trajectory 124 of circuit 54 -- done
rank 88 | trajectory 81 of circuit 83 -- done
rank 74 | trajectory 24 of circuit 97 -- done
rank 65 | trajectory 167 of circuit 50 -- done
rank 15 | trajectory 30 of circuit 38 -- done
rank 28 | trajectory 148 of circuit 47 -- done
rank 31 | trajectory 140 of circuit 25 -- done
rank 40 | trajectory 59 of circuit 17 -- done
rank 50 | trajectory 105 of circuit 62 -- done
rank 53 | trajectory 153 of circuit 83 -- done
rank 89 | trajectory 154 of circuit 75 -- done
rank 26 | trajectory 71 of circuit 64 -- done
rank 60 | trajectory 189 of circuit 84 -- done
rank 11 | trajectory 160 of circuit 53 -- done
rank 36 | trajectory 164 of circuit 5 -- done
rank 32 | trajectory 124 of circuit 58 -- done
rank 85 | trajectory 119 of circuit 35 -- done
rank 68 | trajectory 85 of circuit 12 -- done
rank 72 | trajectory 14 of circuit 73 -- done
rank 71 | trajectory 189 of circuit 85 -- done
rank 41 | trajectory 37 of circuit 89 -- done
rank 3 | trajectory 72 of circuit 12 -- done
rank 8 | trajectory 77 of circuit 65 -- done
rank 25 | trajectory 125 of circuit 95 -- done
rank 36 | trajectory 163 of circuit 98 -- done
rank 57 | trajectory 78 of circuit 36 -- done
rank 77 | trajectory 10 of circuit 29 -- done
rank 48 | trajectory 155 of circuit 57 -- done
rank 61 | trajectory 89 of circuit 7 -- done
rank 64 | trajectory 16 of circuit 88 -- done
rank 29 | trajectory 80 of circuit 72 -- done
rank 36 | trajectory 113 of circuit 72 -- done
rank 42 | trajectory 137 of circuit 5 -- done
rank 36 | trajectory 23 of circuit 67 -- done
rank 9 | trajectory 1 of circuit 17 -- done
rank 31 | trajectory 66 of circuit 17 -- done
rank 17 | trajectory 131 of circuit 80 -- done
rank 35 | trajectory 183 of circuit 14 -- done
rank 36 | trajectory 46 of circuit 85 -- done
rank 65 | trajectory 71 of circuit 70 -- done
rank 89 | trajectory 16 of circuit 32 -- done
rank 34 | trajectory 131 of circuit 50 -- done
rank 91 | trajectory 97 of circuit 89 -- done
rank 81 | trajectory 117 of circuit 35 -- done
rank 36 | trajectory 160 of circuit 44 -- done
rank 5 | trajectory 74 of circuit 100 -- done
rank 2 | trajectory 118 of circuit 8 -- done
rank 14 | trajectory 34 of circuit 37 -- done
rank 37 | trajectory 32 of circuit 19 -- done
rank 21 | trajectory 20 of circuit 22 -- done
rank 36 | trajectory 44 of circuit 60 -- done
rank 52 | trajectory 14 of circuit 95 -- done
rank 92 | trajectory 42 of circuit 22 -- done
rank 28 | trajectory 152 of circuit 66 -- done
rank 27 | trajectory 37 of circuit 7 -- done
rank 56 | trajectory 100 of circuit 100 -- done
rank 31 | trajectory 26 of circuit 45 -- done
rank 36 | trajectory 85 of circuit 79 -- done
rank 18 | trajectory 23 of circuit 41 -- done
rank 88 | trajectory 134 of circuit 33 -- done
rank 57 | trajectory 81 of circuit 22 -- done
rank 36 | trajectory 156 of circuit 91 -- done
rank 19 | trajectory 167 of circuit 84 -- done
rank 53 | trajectory 146 of circuit 44 -- done
rank 36 | trajectory 56 of circuit 56 -- done
rank 73 | trajectory 161 of circuit 95 -- done
rank 89 | trajectory 148 of circuit 91 -- done
rank 42 | trajectory 168 of circuit 47 -- done
rank 54 | trajectory 78 of circuit 13 -- done
rank 36 | trajectory 70 of circuit 30 -- done
rank 32 | trajectory 101 of circuit 21 -- done
rank 64 | trajectory 166 of circuit 27 -- done
rank 75 | trajectory 170 of circuit 48 -- done
rank 24 | trajectory 173 of circuit 8 -- done
rank 74 | trajectory 23 of circuit 76 -- done
rank 89 | trajectory 26 of circuit 34 -- done
rank 90 | trajectory 62 of circuit 9 -- done
rank 29 | trajectory 137 of circuit 34 -- done
rank 25 | trajectory 124 of circuit 50 -- done
rank 50 | trajectory 56 of circuit 24 -- done
rank 61 | trajectory 104 of circuit 45 -- done
rank 36 | trajectory 45 of circuit 57 -- done
rank 72 | trajectory 189 of circuit 98 -- done
rank 26 | trajectory 130 of circuit 54 -- done
rank 41 | trajectory 7 of circuit 15 -- done
rank 65 | trajectory 66 of circuit 12 -- done
rank 11 | trajectory 113 of circuit 17 -- done
rank 91 | trajectory 178 of circuit 84 -- done
rank 8 | trajectory 108 of circuit 74 -- done
rank 36 | trajectory 150 of circuit 44 -- done
rank 31 | trajectory 167 of circuit 75 -- done
rank 33 | trajectory 178 of circuit 73 -- done
rank 36 | trajectory 75 of circuit 58 -- done
rank 46 | trajectory 122 of circuit 83 -- done
rank 17 | trajectory 102 of circuit 32 -- done
rank 40 | trajectory 171 of circuit 87 -- done
rank 36 | trajectory 181 of circuit 77 -- done
rank 23 | trajectory 108 of circuit 51 -- done
rank 31 | trajectory 105 of circuit 97 -- done
rank 21 | trajectory 34 of circuit 8 -- done
rank 83 | trajectory 167 of circuit 81 -- done
rank 35 | trajectory 142 of circuit 15 -- done
rank 36 | trajectory 92 of circuit 24 -- done
rank 56 | trajectory 79 of circuit 71 -- done
rank 5 | trajectory 1 of circuit 45 -- done
rank 48 | trajectory 177 of circuit 39 -- done
rank 28 | trajectory 57 of circuit 8 -- done
rank 73 | trajectory 26 of circuit 98 -- done
rank 36 | trajectory 120 of circuit 25 -- done
rank 66 | trajectory 58 of circuit 11 -- done
rank 53 | trajectory 147 of circuit 88 -- done
rank 81 | trajectory 134 of circuit 8 -- done
rank 19 | trajectory 170 of circuit 45 -- done
rank 92 | trajectory 39 of circuit 86 -- done
rank 65 | trajectory 115 of circuit 91 -- done
rank 10 | trajectory 143 of circuit 33 -- done
rank 27 | trajectory 6 of circuit 90 -- done
rank 3 | trajectory 175 of circuit 62 -- done
rank 85 | trajectory 77 of circuit 68 -- done
rank 41 | trajectory 27 of circuit 83 -- done
rank 71 | trajectory 161 of circuit 83 -- done
rank 36 | trajectory 5 of circuit 78 -- done
rank 88 | trajectory 80 of circuit 8 -- done
rank 36 | trajectory 40 of circuit 26 -- done
rank 26 | trajectory 192 of circuit 54 -- done
rank 74 | trajectory 4 of circuit 53 -- done
rank 29 | trajectory 153 of circuit 30 -- done
rank 72 | trajectory 57 of circuit 85 -- done
rank 68 | trajectory 72 of circuit 68 -- done
rank 61 | trajectory 41 of circuit 55 -- done
rank 24 | trajectory 28 of circuit 79 -- done
rank 8 | trajectory 41 of circuit 40 -- done
rank 48 | trajectory 70 of circuit 40 -- done
rank 25 | trajectory 169 of circuit 24 -- done
rank 54 | trajectory 131 of circuit 73 -- done
rank 50 | trajectory 122 of circuit 52 -- done
rank 81 | trajectory 177 of circuit 7 -- done
rank 31 | trajectory 166 of circuit 55 -- done
rank 14 | trajectory 19 of circuit 89 -- done
rank 34 | trajectory 136 of circuit 50 -- done
rank 17 | trajectory 187 of circuit 76 -- done
rank 11 | trajectory 89 of circuit 96 -- done
rank 31 | trajectory 35 of circuit 4 -- done
rank 23 | trajectory 36 of circuit 72 -- done
rank 52 | trajectory 13 of circuit 7 -- done
rank 64 | trajectory 176 of circuit 84 -- done
rank 65 | trajectory 154 of circuit 89 -- done
rank 33 | trajectory 157 of circuit 9 -- done
rank 60 | trajectory 182 of circuit 23 -- done
rank 41 | trajectory 78 of circuit 87 -- done
rank 31 | trajectory 38 of circuit 3 -- done
rank 42 | trajectory 111 of circuit 38 -- done
rank 18 | trajectory 58 of circuit 90 -- done
rank 36 | trajectory 158 of circuit 2 -- done
rank 21 | trajectory 9 of circuit 58 -- done
rank 53 | trajectory 63 of circuit 52 -- done
rank 31 | trajectory 123 of circuit 32 -- done
rank 32 | trajectory 135 of circuit 8 -- done
rank 71 | trajectory 51 of circuit 9 -- done
rank 35 | trajectory 79 of circuit 24 -- done
rank 48 | trajectory 100 of circuit 9 -- done
rank 66 | trajectory 103 of circuit 18 -- done
rank 92 | trajectory 106 of circuit 79 -- done
rank 31 | trajectory 177 of circuit 14 -- done
rank 56 | trajectory 27 of circuit 1 -- done
rank 90 | trajectory 129 of circuit 69 -- done
rank 63 | trajectory 25 of circuit 59 -- done
rank 88 | trajectory 137 of circuit 87 -- done
rank 75 | trajectory 154 of circuit 99 -- done
rank 19 | trajectory 112 of circuit 74 -- done
rank 74 | trajectory 14 of circuit 46 -- done
rank 91 | trajectory 143 of circuit 77 -- done
rank 40 | trajectory 91 of circuit 56 -- done
rank 34 | trajectory 103 of circuit 26 -- done
rank 2 | trajectory 162 of circuit 19 -- done
rank 73 | trajectory 50 of circuit 13 -- done
rank 83 | trajectory 19 of circuit 69 -- done
rank 89 | trajectory 85 of circuit 80 -- done
rank 24 | trajectory 29 of circuit 63 -- done
rank 72 | trajectory 99 of circuit 58 -- done
rank 77 | trajectory 99 of circuit 88 -- done
rank 65 | trajectory 101 of circuit 80 -- done
rank 33 | trajectory 74 of circuit 75 -- done
rank 17 | trajectory 134 of circuit 51 -- done
rank 57 | trajectory 115 of circuit 75 -- done
rank 68 | trajectory 144 of circuit 3 -- done
rank 25 | trajectory 162 of circuit 56 -- done
rank 64 | trajectory 60 of circuit 27 -- done
rank 32 | trajectory 187 of circuit 8 -- done
rank 54 | trajectory 183 of circuit 8 -- done
rank 8 | trajectory 76 of circuit 83 -- done
rank 10 | trajectory 2 of circuit 22 -- done
rank 71 | trajectory 139 of circuit 49 -- done
rank 48 | trajectory 115 of circuit 69 -- done
rank 18 | trajectory 80 of circuit 42 -- done
rank 31 | trajectory 90 of circuit 28 -- done
rank 26 | trajectory 125 of circuit 60 -- done
rank 11 | trajectory 114 of circuit 51 -- done
rank 41 | trajectory 92 of circuit 56 -- done
rank 21 | trajectory 26 of circuit 31 -- done
rank 74 | trajectory 123 of circuit 90 -- done
rank 96 | trajectory 135 of circuit 81 -- done
rank 61 | trajectory 12 of circuit 76 -- done
rank 92 | trajectory 171 of circuit 66 -- done
rank 42 | trajectory 170 of circuit 51 -- done
rank 52 | trajectory 189 of circuit 69 -- done
rank 53 | trajectory 145 of circuit 66 -- done
rank 27 | trajectory 137 of circuit 99 -- done
rank 3 | trajectory 22 of circuit 36 -- done
rank 85 | trajectory 109 of circuit 19 -- done
rank 4 | trajectory 148 of circuit 93 -- done
rank 60 | trajectory 136 of circuit 30 -- done
rank 57 | trajectory 124 of circuit 40 -- done
rank 61 | trajectory 169 of circuit 100 -- done
rank 75 | trajectory 52 of circuit 6 -- done
rank 31 | trajectory 181 of circuit 71 -- done
rank 35 | trajectory 164 of circuit 51 -- done
rank 29 | trajectory 107 of circuit 91 -- done
rank 23 | trajectory 37 of circuit 64 -- done
rank 34 | trajectory 190 of circuit 47 -- done
rank 56 | trajectory 73 of circuit 49 -- done
rank 39 | trajectory 150 of circuit 20 -- done
rank 19 | trajectory 117 of circuit 16 -- done
rank 40 | trajectory 51 of circuit 4 -- done
rank 71 | trajectory 105 of circuit 71 -- done
rank 28 | trajectory 124 of circuit 63 -- done
rank 18 | trajectory 147 of circuit 96 -- done
rank 42 | trajectory 156 of circuit 25 -- done
rank 31 | trajectory 77 of circuit 15 -- done
rank 41 | trajectory 112 of circuit 100 -- done
rank 63 | trajectory 88 of circuit 32 -- done
rank 65 | trajectory 166 of circuit 43 -- done
rank 24 | trajectory 35 of circuit 35 -- done
rank 74 | trajectory 99 of circuit 24 -- done
rank 66 | trajectory 18 of circuit 15 -- done
rank 77 | trajectory 51 of circuit 19 -- done
rank 21 | trajectory 114 of circuit 38 -- done
rank 32 | trajectory 74 of circuit 84 -- done
rank 53 | trajectory 15 of circuit 80 -- done
rank 33 | trajectory 105 of circuit 46 -- done
rank 46 | trajectory 150 of circuit 83 -- done
rank 57 | trajectory 191 of circuit 80 -- done
rank 8 | trajectory 163 of circuit 95 -- done
rank 88 | trajectory 40 of circuit 17 -- done
rank 64 | trajectory 67 of circuit 66 -- done
rank 54 | trajectory 186 of circuit 19 -- done
rank 26 | trajectory 177 of circuit 76 -- done
rank 72 | trajectory 173 of circuit 73 -- done
rank 2 | trajectory 65 of circuit 2 -- done
rank 61 | trajectory 102 of circuit 62 -- done
rank 25 | trajectory 5 of circuit 96 -- done
rank 90 | trajectory 23 of circuit 45 -- done
rank 68 | trajectory 55 of circuit 92 -- done
rank 71 | trajectory 181 of circuit 92 -- done
rank 81 | trajectory 24 of circuit 19 -- done
rank 50 | trajectory 191 of circuit 60 -- done
rank 92 | trajectory 101 of circuit 49 -- done
rank 48 | trajectory 110 of circuit 20 -- done
rank 31 | trajectory 145 of circuit 53 -- done
rank 83 | trajectory 106 of circuit 49 -- done
rank 75 | trajectory 22 of circuit 98 -- done
rank 69 | trajectory 37 of circuit 79 -- done
rank 4 | trajectory 60 of circuit 34 -- done
rank 9 | trajectory 87 of circuit 44 -- done
rank 17 | trajectory 123 of circuit 57 -- done
rank 61 | trajectory 87 of circuit 18 -- done
rank 34 | trajectory 105 of circuit 96 -- done
rank 37 | trajectory 127 of circuit 57 -- done
rank 14 | trajectory 82 of circuit 72 -- done
rank 28 | trajectory 116 of circuit 42 -- done
rank 71 | trajectory 169 of circuit 8 -- done
rank 29 | trajectory 171 of circuit 91 -- done
rank 31 | trajectory 106 of circuit 17 -- done
rank 19 | trajectory 172 of circuit 89 -- done
rank 52 | trajectory 31 of circuit 98 -- done
rank 53 | trajectory 2 of circuit 5 -- done
rank 3 | trajectory 162 of circuit 73 -- done
rank 57 | trajectory 107 of circuit 63 -- done
rank 42 | trajectory 61 of circuit 92 -- done
rank 33 | trajectory 155 of circuit 51 -- done
rank 23 | trajectory 9 of circuit 90 -- done
rank 8 | trajectory 21 of circuit 78 -- done
rank 74 | trajectory 117 of circuit 99 -- done
rank 85 | trajectory 165 of circuit 25 -- done
rank 56 | trajectory 169 of circuit 97 -- done
rank 88 | trajectory 58 of circuit 48 -- done
rank 21 | trajectory 24 of circuit 62 -- done
rank 41 | trajectory 126 of circuit 50 -- done
rank 40 | trajectory 68 of circuit 14 -- done
rank 35 | trajectory 161 of circuit 50 -- done
rank 92 | trajectory 147 of circuit 51 -- done
rank 31 | trajectory 129 of circuit 4 -- done
rank 67 | trajectory 130 of circuit 8 -- done
rank 24 | trajectory 32 of circuit 15 -- done
rank 68 | trajectory 38 of circuit 74 -- done
rank 81 | trajectory 100 of circuit 37 -- done
rank 97 | trajectory 14 of circuit 84 -- done
rank 67 | trajectory 28 of circuit 5 -- done
rank 71 | trajectory 187 of circuit 27 -- done
rank 61 | trajectory 27 of circuit 57 -- done
rank 10 | trajectory 170 of circuit 77 -- done
rank 39 | trajectory 69 of circuit 90 -- done
rank 67 | trajectory 110 of circuit 76 -- done
rank 11 | trajectory 47 of circuit 37 -- done
rank 34 | trajectory 104 of circuit 29 -- done
rank 64 | trajectory 61 of circuit 27 -- done
rank 63 | trajectory 75 of circuit 88 -- done
rank 31 | trajectory 149 of circuit 43 -- done
rank 13 | trajectory 106 of circuit 80 -- done
rank 67 | trajectory 125 of circuit 83 -- done
rank 17 | trajectory 50 of circuit 43 -- done
rank 42 | trajectory 140 of circuit 62 -- done
rank 53 | trajectory 114 of circuit 94 -- done
rank 91 | trajectory 120 of circuit 82 -- done
rank 67 | trajectory 123 of circuit 74 -- done
rank 25 | trajectory 160 of circuit 82 -- done
rank 28 | trajectory 87 of circuit 55 -- done
rank 27 | trajectory 76 of circuit 44 -- done
rank 67 | trajectory 33 of circuit 47 -- done
rank 57 | trajectory 67 of circuit 30 -- done
rank 45 | trajectory 64 of circuit 74 -- done
rank 48 | trajectory 162 of circuit 7 -- done
rank 29 | trajectory 161 of circuit 94 -- done
rank 72 | trajectory 186 of circuit 32 -- done
rank 67 | trajectory 166 of circuit 34 -- done
rank 83 | trajectory 82 of circuit 18 -- done
rank 92 | trajectory 168 of circuit 85 -- done
rank 67 | trajectory 99 of circuit 8 -- done
rank 18 | trajectory 172 of circuit 5 -- done
rank 66 | trajectory 60 of circuit 47 -- done
rank 42 | trajectory 41 of circuit 16 -- done
rank 67 | trajectory 76 of circuit 18 -- done
rank 19 | trajectory 191 of circuit 17 -- done
rank 65 | trajectory 118 of circuit 17 -- done
rank 21 | trajectory 36 of circuit 6 -- done
rank 67 | trajectory 142 of circuit 79 -- done
rank 14 | trajectory 43 of circuit 79 -- done
rank 50 | trajectory 189 of circuit 74 -- done
rank 64 | trajectory 59 of circuit 96 -- done
rank 74 | trajectory 131 of circuit 29 -- done
rank 45 | trajectory 95 of circuit 10 -- done
rank 23 | trajectory 12 of circuit 18 -- done
rank 90 | trajectory 39 of circuit 3 -- done
rank 9 | trajectory 53 of circuit 50 -- done
rank 37 | trajectory 74 of circuit 38 -- done
rank 67 | trajectory 105 of circuit 18 -- done
rank 8 | trajectory 30 of circuit 67 -- done
rank 56 | trajectory 64 of circuit 11 -- done
rank 31 | trajectory 151 of circuit 63 -- done
rank 75 | trajectory 104 of circuit 98 -- done
rank 71 | trajectory 74 of circuit 82 -- done
rank 81 | trajectory 137 of circuit 98 -- done
rank 54 | trajectory 175 of circuit 84 -- done
rank 67 | trajectory 112 of circuit 80 -- done
rank 88 | trajectory 131 of circuit 86 -- done
rank 67 | trajectory 154 of circuit 93 -- done
rank 68 | trajectory 163 of circuit 63 -- done
rank 61 | trajectory 133 of circuit 15 -- done
rank 67 | trajectory 115 of circuit 77 -- done
rank 2 | trajectory 10 of circuit 98 -- done
rank 67 | trajectory 144 of circuit 100 -- done
rank 3 | trajectory 81 of circuit 70 -- done
rank 33 | trajectory 129 of circuit 68 -- done
rank 91 | trajectory 30 of circuit 26 -- done
rank 64 | trajectory 51 of circuit 67 -- done
rank 67 | trajectory 129 of circuit 96 -- done
rank 45 | trajectory 146 of circuit 89 -- done
rank 26 | trajectory 176 of circuit 43 -- done
rank 11 | trajectory 65 of circuit 100 -- done
rank 29 | trajectory 156 of circuit 85 -- done
rank 28 | trajectory 107 of circuit 59 -- done
rank 71 | trajectory 56 of circuit 79 -- done
rank 53 | trajectory 151 of circuit 81 -- done
rank 24 | trajectory 98 of circuit 9 -- done
rank 48 | trajectory 111 of circuit 16 -- done
rank 67 | trajectory 56 of circuit 52 -- done
rank 77 | trajectory 50 of circuit 90 -- done
rank 32 | trajectory 60 of circuit 35 -- done
rank 65 | trajectory 80 of circuit 55 -- done
rank 52 | trajectory 185 of circuit 49 -- done
rank 17 | trajectory 188 of circuit 93 -- done
rank 85 | trajectory 71 of circuit 98 -- done
rank 92 | trajectory 46 of circuit 6 -- done
rank 34 | trajectory 106 of circuit 62 -- done
rank 57 | trajectory 140 of circuit 10 -- done
rank 41 | trajectory 162 of circuit 93 -- done
rank 67 | trajectory 7 of circuit 45 -- done
rank 21 | trajectory 28 of circuit 16 -- done
rank 10 | trajectory 123 of circuit 33 -- done
rank 25 | trajectory 142 of circuit 69 -- done
rank 39 | trajectory 17 of circuit 7 -- done
rank 63 | trajectory 46 of circuit 34 -- done
rank 42 | trajectory 181 of circuit 49 -- done
rank 14 | trajectory 86 of circuit 84 -- done
rank 74 | trajectory 96 of circuit 8 -- done
rank 67 | trajectory 122 of circuit 78 -- done
rank 66 | trajectory 150 of circuit 4 -- done
rank 8 | trajectory 86 of circuit 16 -- done
rank 71 | trajectory 102 of circuit 41 -- done
rank 19 | trajectory 183 of circuit 9 -- done
rank 36 | trajectory 74 of circuit 54 -- done
rank 35 | trajectory 116 of circuit 60 -- done
rank 67 | trajectory 187 of circuit 96 -- done
rank 45 | trajectory 25 of circuit 96 -- done
rank 18 | trajectory 175 of circuit 97 -- done
rank 48 | trajectory 157 of circuit 84 -- done
rank 91 | trajectory 34 of circuit 95 -- done
rank 27 | trajectory 122 of circuit 51 -- done
rank 40 | trajectory 148 of circuit 41 -- done
rank 67 | trajectory 81 of circuit 80 -- done
rank 31 | trajectory 180 of circuit 90 -- done
rank 68 | trajectory 88 of circuit 14 -- done
rank 83 | trajectory 76 of circuit 57 -- done
rank 9 | trajectory 54 of circuit 31 -- done
rank 61 | trajectory 39 of circuit 35 -- done
rank 50 | trajectory 17 of circuit 53 -- done
rank 92 | trajectory 114 of circuit 19 -- done
rank 67 | trajectory 60 of circuit 15 -- done
rank 72 | trajectory 165 of circuit 94 -- done
rank 88 | trajectory 27 of circuit 70 -- done
rank 57 | trajectory 176 of circuit 88 -- done
rank 90 | trajectory 113 of circuit 10 -- done
rank 29 | trajectory 30 of circuit 79 -- done
rank 42 | trajectory 95 of circuit 37 -- done
rank 23 | trajectory 18 of circuit 44 -- done
rank 28 | trajectory 96 of circuit 6 -- done
rank 34 | trajectory 48 of circuit 60 -- done
rank 13 | trajectory 183 of circuit 95 -- done
rank 21 | trajectory 62 of circuit 44 -- done
rank 74 | trajectory 54 of circuit 66 -- done
rank 54 | trajectory 139 of circuit 39 -- done
rank 3 | trajectory 126 of circuit 61 -- done
rank 61 | trajectory 101 of circuit 70 -- done
rank 45 | trajectory 10 of circuit 67 -- done
rank 41 | trajectory 50 of circuit 68 -- done
rank 24 | trajectory 3 of circuit 9 -- done
rank 65 | trajectory 188 of circuit 32 -- done
rank 51 | trajectory 176 of circuit 53 -- done
rank 53 | trajectory 185 of circuit 55 -- done
rank 52 | trajectory 182 of circuit 21 -- done
rank 67 | trajectory 192 of circuit 55 -- done
rank 46 | trajectory 140 of circuit 86 -- done
rank 17 | trajectory 135 of circuit 42 -- done
rank 56 | trajectory 189 of circuit 39 -- done
rank 37 | trajectory 49 of circuit 31 -- done
rank 39 | trajectory 22 of circuit 47 -- done
rank 77 | trajectory 97 of circuit 3 -- done
rank 71 | trajectory 72 of circuit 49 -- done
rank 57 | trajectory 92 of circuit 44 -- done
rank 92 | trajectory 142 of circuit 33 -- done
rank 11 | trajectory 178 of circuit 60 -- done
rank 26 | trajectory 191 of circuit 8 -- done
rank 35 | trajectory 76 of circuit 93 -- done
rank 2 | trajectory 27 of circuit 13 -- done
rank 63 | trajectory 172 of circuit 14 -- done
rank 18 | trajectory 86 of circuit 75 -- done
rank 28 | trajectory 86 of circuit 45 -- done
rank 48 | trajectory 92 of circuit 88 -- done
rank 73 | trajectory 188 of circuit 59 -- done
rank 46 | trajectory 49 of circuit 94 -- done
rank 8 | trajectory 4 of circuit 93 -- done
rank 68 | trajectory 126 of circuit 47 -- done
rank 66 | trajectory 145 of circuit 79 -- done
rank 27 | trajectory 24 of circuit 87 -- done
rank 72 | trajectory 52 of circuit 95 -- done
rank 64 | trajectory 56 of circuit 5 -- done
rank 74 | trajectory 66 of circuit 86 -- done
rank 45 | trajectory 96 of circuit 26 -- done
rank 65 | trajectory 185 of circuit 41 -- done
rank 83 | trajectory 50 of circuit 66 -- done
rank 61 | trajectory 31 of circuit 97 -- done
rank 33 | trajectory 172 of circuit 42 -- done
rank 50 | trajectory 87 of circuit 31 -- done
rank 71 | trajectory 157 of circuit 99 -- done
rank 14 | trajectory 84 of circuit 85 -- done
rank 9 | trajectory 49 of circuit 60 -- done
rank 21 | trajectory 130 of circuit 32 -- done
rank 23 | trajectory 99 of circuit 52 -- done
rank 56 | trajectory 128 of circuit 14 -- done
rank 25 | trajectory 55 of circuit 76 -- done
rank 71 | trajectory 118 of circuit 29 -- done
rank 42 | trajectory 32 of circuit 53 -- done
rank 26 | trajectory 183 of circuit 100 -- done
rank 17 | trajectory 103 of circuit 15 -- done
rank 57 | trajectory 88 of circuit 23 -- done
rank 41 | trajectory 30 of circuit 7 -- done
rank 3 | trajectory 177 of circuit 4 -- done
rank 29 | trajectory 147 of circuit 80 -- done
rank 24 | trajectory 89 of circuit 90 -- done
rank 32 | trajectory 168 of circuit 67 -- done
rank 61 | trajectory 38 of circuit 43 -- done
rank 13 | trajectory 164 of circuit 3 -- done
rank 74 | trajectory 77 of circuit 56 -- done
rank 31 | trajectory 59 of circuit 25 -- done
rank 8 | trajectory 125 of circuit 45 -- done
rank 87 | trajectory 66 of circuit 30 -- done
rank 45 | trajectory 86 of circuit 24 -- done
rank 53 | trajectory 32 of circuit 90 -- done
rank 91 | trajectory 108 of circuit 21 -- done
rank 73 | trajectory 54 of circuit 90 -- done
rank 11 | trajectory 161 of circuit 72 -- done
rank 46 | trajectory 144 of circuit 86 -- done
rank 34 | trajectory 107 of circuit 95 -- done
rank 42 | trajectory 151 of circuit 87 -- done
rank 88 | trajectory 164 of circuit 6 -- done
rank 35 | trajectory 3 of circuit 87 -- done
rank 75 | trajectory 73 of circuit 3 -- done
rank 18 | trajectory 29 of circuit 29 -- done
rank 28 | trajectory 176 of circuit 74 -- done
rank 96 | trajectory 102 of circuit 27 -- done
rank 89 | trajectory 171 of circuit 57 -- done
rank 71 | trajectory 26 of circuit 48 -- done
rank 2 | trajectory 36 of circuit 43 -- done
rank 57 | trajectory 158 of circuit 26 -- done
rank 67 | trajectory 164 of circuit 9 -- done
rank 54 | trajectory 83 of circuit 61 -- done
rank 92 | trajectory 137 of circuit 96 -- done
rank 27 | trajectory 64 of circuit 39 -- done
rank 66 | trajectory 7 of circuit 95 -- done
rank 37 | trajectory 56 of circuit 64 -- done
rank 72 | trajectory 151 of circuit 48 -- done
rank 42 | trajectory 142 of circuit 47 -- done
rank 46 | trajectory 153 of circuit 19 -- done
rank 64 | trajectory 171 of circuit 30 -- done
rank 9 | trajectory 56 of circuit 75 -- done
rank 56 | trajectory 177 of circuit 68 -- done
rank 33 | trajectory 103 of circuit 77 -- done
rank 99 | trajectory 53 of circuit 83 -- done
rank 32 | trajectory 102 of circuit 44 -- done
rank 61 | trajectory 34 of circuit 81 -- done
rank 74 | trajectory 86 of circuit 22 -- done
rank 46 | trajectory 112 of circuit 45 -- done
rank 21 | trajectory 147 of circuit 78 -- done
rank 65 | trajectory 169 of circuit 90 -- done
rank 39 | trajectory 165 of circuit 91 -- done
rank 53 | trajectory 21 of circuit 20 -- done
rank 19 | trajectory 158 of circuit 40 -- done
rank 63 | trajectory 165 of circuit 73 -- done
rank 52 | trajectory 146 of circuit 17 -- done
rank 25 | trajectory 82 of circuit 16 -- done
rank 91 | trajectory 17 of circuit 4 -- done
rank 92 | trajectory 83 of circuit 28 -- done
rank 18 | trajectory 192 of circuit 89 -- done
rank 14 | trajectory 8 of circuit 47 -- done
rank 48 | trajectory 10 of circuit 46 -- done
rank 73 | trajectory 77 of circuit 81 -- done
rank 26 | trajectory 58 of circuit 26 -- done
rank 41 | trajectory 6 of circuit 38 -- done
rank 8 | trajectory 130 of circuit 70 -- done
rank 77 | trajectory 86 of circuit 92 -- done
rank 31 | trajectory 101 of circuit 57 -- done
rank 46 | trajectory 45 of circuit 98 -- done
rank 69 | trajectory 127 of circuit 9 -- done
rank 61 | trajectory 43 of circuit 90 -- done
rank 17 | trajectory 75 of circuit 68 -- done
rank 71 | trajectory 45 of circuit 80 -- done
rank 3 | trajectory 113 of circuit 13 -- done
rank 66 | trajectory 87 of circuit 98 -- done
rank 13 | trajectory 19 of circuit 1 -- done
rank 74 | trajectory 38 of circuit 97 -- done
rank 99 | trajectory 76 of circuit 45 -- done
rank 46 | trajectory 87 of circuit 47 -- done
rank 88 | trajectory 17 of circuit 80 -- done
rank 35 | trajectory 115 of circuit 72 -- done
rank 54 | trajectory 32 of circuit 80 -- done
rank 42 | trajectory 21 of circuit 38 -- done
rank 53 | trajectory 148 of circuit 69 -- done
rank 45 | trajectory 20 of circuit 57 -- done
rank 50 | trajectory 58 of circuit 31 -- done
rank 32 | trajectory 28 of circuit 46 -- done
rank 29 | trajectory 59 of circuit 36 -- done
rank 81 | trajectory 18 of circuit 10 -- done
rank 57 | trajectory 173 of circuit 60 -- done
rank 64 | trajectory 74 of circuit 11 -- done
rank 21 | trajectory 3 of circuit 10 -- done
rank 24 | trajectory 110 of circuit 7 -- done
rank 83 | trajectory 47 of circuit 94 -- done
rank 28 | trajectory 67 of circuit 37 -- done
rank 11 | trajectory 28 of circuit 80 -- done
rank 27 | trajectory 168 of circuit 7 -- done
rank 91 | trajectory 121 of circuit 91 -- done
rank 72 | trajectory 122 of circuit 71 -- done
rank 96 | trajectory 74 of circuit 14 -- done
rank 34 | trajectory 111 of circuit 56 -- done
rank 19 | trajectory 40 of circuit 9 -- done
rank 73 | trajectory 118 of circuit 85 -- done
rank 65 | trajectory 127 of circuit 78 -- done
rank 56 | trajectory 121 of circuit 12 -- done
rank 37 | trajectory 69 of circuit 38 -- done
rank 75 | trajectory 54 of circuit 51 -- done
rank 36 | trajectory 185 of circuit 86 -- done
rank 25 | trajectory 174 of circuit 86 -- done
rank 42 | trajectory 145 of circuit 40 -- done
rank 18 | trajectory 128 of circuit 91 -- done
rank 39 | trajectory 7 of circuit 11 -- done
rank 46 | trajectory 1 of circuit 86 -- done
rank 45 | trajectory 60 of circuit 18 -- done
rank 92 | trajectory 178 of circuit 85 -- done
rank 8 | trajectory 37 of circuit 10 -- done
rank 71 | trajectory 137 of circuit 64 -- done
rank 52 | trajectory 32 of circuit 77 -- done
rank 41 | trajectory 12 of circuit 49 -- done
rank 74 | trajectory 126 of circuit 2 -- done
rank 93 | trajectory 145 of circuit 13 -- done
rank 2 | trajectory 35 of circuit 38 -- done
rank 33 | trajectory 56 of circuit 68 -- done
rank 77 | trajectory 25 of circuit 66 -- done
rank 53 | trajectory 138 of circuit 73 -- done
rank 9 | trajectory 150 of circuit 28 -- done
rank 46 | trajectory 172 of circuit 74 -- done
rank 45 | trajectory 103 of circuit 23 -- done
rank 57 | trajectory 25 of circuit 77 -- done
rank 64 | trajectory 186 of circuit 3 -- done
rank 99 | trajectory 27 of circuit 97 -- done
rank 31 | trajectory 17 of circuit 35 -- done
rank 21 | trajectory 148 of circuit 2 -- done
rank 66 | trajectory 62 of circuit 40 -- done
rank 91 | trajectory 27 of circuit 56 -- done
rank 50 | trajectory 166 of circuit 9 -- done
rank 85 | trajectory 126 of circuit 60 -- done
rank 35 | trajectory 129 of circuit 21 -- done
rank 41 | trajectory 11 of circuit 71 -- done
rank 42 | trajectory 183 of circuit 25 -- done
rank 17 | trajectory 122 of circuit 41 -- done
rank 46 | trajectory 15 of circuit 94 -- done
rank 29 | trajectory 54 of circuit 92 -- done
rank 61 | trajectory 32 of circuit 29 -- done
rank 88 | trajectory 23 of circuit 49 -- done
rank 40 | trajectory 183 of circuit 30 -- done
rank 73 | trajectory 63 of circuit 1 -- done
rank 24 | trajectory 85 of circuit 18 -- done
rank 46 | trajectory 61 of circuit 61 -- done
rank 71 | trajectory 185 of circuit 44 -- done
rank 14 | trajectory 124 of circuit 29 -- done
rank 81 | trajectory 107 of circuit 78 -- done
rank 74 | trajectory 75 of circuit 80 -- done
rank 65 | trajectory 138 of circuit 76 -- done
rank 48 | trajectory 121 of circuit 34 -- done
rank 11 | trajectory 101 of circuit 9 -- done
rank 56 | trajectory 93 of circuit 20 -- done
rank 33 | trajectory 174 of circuit 78 -- done
rank 19 | trajectory 160 of circuit 59 -- done
rank 75 | trajectory 98 of circuit 63 -- done
rank 53 | trajectory 26 of circuit 14 -- done
rank 34 | trajectory 2 of circuit 30 -- done
rank 28 | trajectory 84 of circuit 66 -- done
rank 69 | trajectory 2 of circuit 85 -- done
rank 46 | trajectory 152 of circuit 12 -- done
rank 92 | trajectory 156 of circuit 59 -- done
rank 37 | trajectory 95 of circuit 3 -- done
rank 77 | trajectory 146 of circuit 7 -- done
rank 8 | trajectory 3 of circuit 40 -- done
rank 41 | trajectory 67 of circuit 24 -- done
rank 13 | trajectory 15 of circuit 69 -- done
rank 54 | trajectory 190 of circuit 8 -- done
rank 52 | trajectory 5 of circuit 75 -- done
rank 83 | trajectory 110 of circuit 83 -- done
rank 81 | trajectory 130 of circuit 98 -- done
rank 9 | trajectory 137 of circuit 47 -- done
rank 42 | trajectory 29 of circuit 16 -- done
rank 61 | trajectory 42 of circuit 33 -- done
rank 64 | trajectory 66 of circuit 40 -- done
rank 26 | trajectory 42 of circuit 11 -- done
rank 27 | trajectory 148 of circuit 63 -- done
rank 88 | trajectory 60 of circuit 39 -- done
rank 25 | trajectory 173 of circuit 89 -- done
rank 2 | trajectory 113 of circuit 28 -- done
rank 17 | trajectory 14 of circuit 98 -- done
rank 45 | trajectory 32 of circuit 14 -- done
rank 53 | trajectory 172 of circuit 18 -- done
rank 28 | trajectory 121 of circuit 28 -- done
rank 66 | trajectory 186 of circuit 34 -- done
rank 31 | trajectory 31 of circuit 88 -- done
rank 74 | trajectory 3 of circuit 8 -- done
rank 63 | trajectory 101 of circuit 59 -- done
rank 91 | trajectory 26 of circuit 88 -- done
rank 50 | trajectory 55 of circuit 66 -- done
rank 56 | trajectory 102 of circuit 13 -- done
rank 85 | trajectory 14 of circuit 33 -- done
rank 21 | trajectory 140 of circuit 77 -- done
rank 64 | trajectory 98 of circuit 13 -- done
rank 57 | trajectory 175 of circuit 1 -- done
rank 87 | trajectory 131 of circuit 95 -- done
rank 24 | trajectory 31 of circuit 89 -- done
rank 29 | trajectory 139 of circuit 75 -- done
rank 89 | trajectory 130 of circuit 24 -- done
rank 45 | trajectory 113 of circuit 87 -- done
rank 58 | trajectory 81 of circuit 11 -- done
rank 36 | trajectory 77 of circuit 86 -- done
rank 40 | trajectory 156 of circuit 55 -- done
rank 8 | trajectory 33 of circuit 17 -- done
rank 92 | trajectory 135 of circuit 84 -- done
rank 34 | trajectory 47 of circuit 81 -- done
rank 19 | trajectory 134 of circuit 97 -- done
rank 14 | trajectory 75 of circuit 8 -- done
rank 42 | trajectory 187 of circuit 75 -- done
rank 28 | trajectory 161 of circuit 51 -- done
rank 53 | trajectory 70 of circuit 61 -- done
rank 61 | trajectory 107 of circuit 33 -- done
rank 81 | trajectory 162 of circuit 87 -- done
rank 48 | trajectory 36 of circuit 2 -- done
rank 57 | trajectory 62 of circuit 72 -- done
rank 37 | trajectory 8 of circuit 1 -- done
rank 33 | trajectory 117 of circuit 42 -- done
rank 88 | trajectory 92 of circuit 1 -- done
rank 75 | trajectory 76 of circuit 76 -- done
rank 90 | trajectory 7 of circuit 97 -- done
rank 65 | trajectory 120 of circuit 3 -- done
rank 35 | trajectory 163 of circuit 66 -- done
rank 52 | trajectory 80 of circuit 59 -- done
rank 77 | trajectory 18 of circuit 35 -- done
rank 46 | trajectory 192 of circuit 95 -- done
rank 66 | trajectory 26 of circuit 82 -- done
rank 73 | trajectory 66 of circuit 1 -- done
rank 45 | trajectory 112 of circuit 12 -- done
rank 56 | trajectory 158 of circuit 1 -- done
rank 31 | trajectory 27 of circuit 17 -- done
rank 83 | trajectory 30 of circuit 39 -- done
rank 41 | trajectory 130 of circuit 31 -- done
rank 64 | trajectory 69 of circuit 69 -- done
rank 42 | trajectory 108 of circuit 44 -- done
rank 71 | trajectory 64 of circuit 63 -- done
rank 26 | trajectory 21 of circuit 30 -- done
rank 17 | trajectory 55 of circuit 97 -- done
rank 25 | trajectory 161 of circuit 13 -- done
rank 8 | trajectory 36 of circuit 36 -- done
rank 14 | trajectory 121 of circuit 62 -- done
rank 53 | trajectory 39 of circuit 52 -- done
rank 21 | trajectory 102 of circuit 1 -- done
rank 65 | trajectory 73 of circuit 88 -- done
rank 61 | trajectory 135 of circuit 69 -- done
rank 91 | trajectory 56 of circuit 41 -- done
rank 24 | trajectory 66 of circuit 69 -- done
rank 50 | trajectory 16 of circuit 74 -- done
rank 27 | trajectory 32 of circuit 52 -- done
rank 29 | trajectory 10 of circuit 64 -- done
rank 75 | trajectory 186 of circuit 42 -- done
rank 13 | trajectory 57 of circuit 61 -- done
rank 28 | trajectory 168 of circuit 1 -- done
rank 92 | trajectory 153 of circuit 90 -- done
rank 77 | trajectory 39 of circuit 10 -- done
rank 45 | trajectory 15 of circuit 60 -- done
rank 69 | trajectory 29 of circuit 75 -- done
rank 42 | trajectory 80 of circuit 24 -- done
rank 88 | trajectory 3 of circuit 44 -- done
rank 66 | trajectory 85 of circuit 85 -- done
rank 36 | trajectory 107 of circuit 87 -- done
rank 81 | trajectory 25 of circuit 52 -- done
rank 9 | trajectory 172 of circuit 34 -- done
rank 64 | trajectory 147 of circuit 28 -- done
rank 74 | trajectory 67 of circuit 14 -- done
rank 33 | trajectory 89 of circuit 97 -- done
rank 58 | trajectory 4 of circuit 38 -- done
rank 48 | trajectory 19 of circuit 58 -- done
rank 73 | trajectory 44 of circuit 21 -- done
rank 65 | trajectory 131 of circuit 56 -- done
rank 63 | trajectory 57 of circuit 2 -- done
rank 53 | trajectory 178 of circuit 58 -- done
rank 90 | trajectory 12 of circuit 60 -- done
rank 34 | trajectory 151 of circuit 64 -- done
rank 17 | trajectory 146 of circuit 15 -- done
rank 41 | trajectory 172 of circuit 8 -- done
rank 37 | trajectory 162 of circuit 85 -- done
rank 2 | trajectory 66 of circuit 96 -- done
rank 57 | trajectory 141 of circuit 1 -- done
rank 31 | trajectory 24 of circuit 82 -- done
rank 97 | trajectory 144 of circuit 1 -- done
rank 35 | trajectory 173 of circuit 78 -- done
rank 40 | trajectory 82 of circuit 89 -- done
rank 28 | trajectory 179 of circuit 21 -- done
rank 26 | trajectory 17 of circuit 76 -- done
rank 54 | trajectory 130 of circuit 97 -- done
rank 61 | trajectory 179 of circuit 1 -- done
rank 56 | trajectory 112 of circuit 82 -- done
rank 76 | trajectory 117 of circuit 38 -- done
rank 71 | trajectory 114 of circuit 1 -- done
rank 14 | trajectory 139 of circuit 12 -- done
rank 91 | trajectory 165 of circuit 56 -- done
rank 89 | trajectory 156 of circuit 57 -- done
rank 19 | trajectory 88 of circuit 96 -- done
rank 77 | trajectory 121 of circuit 68 -- done
rank 42 | trajectory 127 of circuit 64 -- done
rank 65 | trajectory 177 of circuit 44 -- done
rank 30 | trajectory 84 of circuit 12 -- done
rank 27 | trajectory 3 of circuit 62 -- done
rank 74 | trajectory 61 of circuit 99 -- done
rank 92 | trajectory 181 of circuit 21 -- done
rank 29 | trajectory 50 of circuit 48 -- done
rank 48 | trajectory 28 of circuit 78 -- done
rank 52 | trajectory 2 of circuit 58 -- done
rank 73 | trajectory 145 of circuit 100 -- done
rank 61 | trajectory 37 of circuit 57 -- done
rank 25 | trajectory 109 of circuit 94 -- done
rank 57 | trajectory 151 of circuit 66 -- done
rank 75 | trajectory 137 of circuit 76 -- done
rank 99 | trajectory 102 of circuit 84 -- done
rank 34 | trajectory 53 of circuit 4 -- done
rank 24 | trajectory 47 of circuit 73 -- done
rank 9 | trajectory 17 of circuit 44 -- done
rank 83 | trajectory 28 of circuit 96 -- done
rank 17 | trajectory 116 of circuit 28 -- done
rank 33 | trajectory 152 of circuit 4 -- done
rank 42 | trajectory 182 of circuit 62 -- done
rank 8 | trajectory 149 of circuit 81 -- done
rank 56 | trajectory 171 of circuit 84 -- done
rank 13 | trajectory 190 of circuit 46 -- done
rank 53 | trajectory 67 of circuit 78 -- done
rank 50 | trajectory 54 of circuit 78 -- done
rank 45 | trajectory 78 of circuit 20 -- done
rank 58 | trajectory 70 of circuit 42 -- done
rank 28 | trajectory 135 of circuit 71 -- done
rank 46 | trajectory 53 of circuit 62 -- done
rank 90 | trajectory 24 of circuit 67 -- done
rank 65 | trajectory 124 of circuit 14 -- done
rank 57 | trajectory 71 of circuit 79 -- done
rank 66 | trajectory 147 of circuit 79 -- done
rank 26 | trajectory 20 of circuit 23 -- done
rank 61 | trajectory 189 of circuit 24 -- done
rank 40 | trajectory 169 of circuit 69 -- done
rank 92 | trajectory 148 of circuit 48 -- done
rank 37 | trajectory 37 of circuit 56 -- done
rank 21 | trajectory 181 of circuit 7 -- done
rank 81 | trajectory 169 of circuit 67 -- done
rank 71 | trajectory 60 of circuit 83 -- done
rank 77 | trajectory 184 of circuit 65 -- done
rank 2 | trajectory 78 of circuit 79 -- done
rank 30 | trajectory 135 of circuit 1 -- done
rank 54 | trajectory 43 of circuit 48 -- done
rank 61 | trajectory 49 of circuit 75 -- done
rank 52 | trajectory 140 of circuit 20 -- done
rank 42 | trajectory 82 of circuit 21 -- done
rank 57 | trajectory 79 of circuit 68 -- done
rank 27 | trajectory 189 of circuit 28 -- done
rank 91 | trajectory 49 of circuit 59 -- done
rank 14 | trajectory 73 of circuit 72 -- done
rank 35 | trajectory 146 of circuit 56 -- done
rank 48 | trajectory 160 of circuit 68 -- done
rank 17 | trajectory 9 of circuit 23 -- done
rank 74 | trajectory 9 of circuit 53 -- done
rank 8 | trajectory 102 of circuit 88 -- done
rank 85 | trajectory 34 of circuit 67 -- done
rank 75 | trajectory 150 of circuit 55 -- done
rank 19 | trajectory 140 of circuit 41 -- done
rank 92 | trajectory 129 of circuit 89 -- done
rank 24 | trajectory 60 of circuit 40 -- done
rank 33 | trajectory 173 of circuit 68 -- done
rank 81 | trajectory 161 of circuit 43 -- done
rank 66 | trajectory 185 of circuit 76 -- done
rank 26 | trajectory 18 of circuit 38 -- done
rank 96 | trajectory 162 of circuit 97 -- done
rank 65 | trajectory 125 of circuit 32 -- done
rank 57 | trajectory 148 of circuit 16 -- done
rank 29 | trajectory 1 of circuit 32 -- done
rank 83 | trajectory 134 of circuit 19 -- done
rank 99 | trajectory 87 of circuit 16 -- done
rank 71 | trajectory 170 of circuit 17 -- done
rank 42 | trajectory 173 of circuit 5 -- done
rank 34 | trajectory 159 of circuit 2 -- done
rank 91 | trajectory 88 of circuit 19 -- done
rank 46 | trajectory 176 of circuit 41 -- done
rank 25 | trajectory 155 of circuit 87 -- done
rank 53 | trajectory 68 of circuit 21 -- done
rank 36 | trajectory 42 of circuit 10 -- done
rank 76 | trajectory 17 of circuit 15 -- done
rank 9 | trajectory 159 of circuit 78 -- done
rank 56 | trajectory 164 of circuit 41 -- done
rank 87 | trajectory 115 of circuit 5 -- done
rank 13 | trajectory 169 of circuit 45 -- done
rank 61 | trajectory 147 of circuit 68 -- done
rank 73 | trajectory 113 of circuit 48 -- done
rank 57 | trajectory 84 of circuit 67 -- done
rank 45 | trajectory 58 of circuit 63 -- done
rank 2 | trajectory 4 of circuit 43 -- done
rank 67 | trajectory 17 of circuit 48 -- done
rank 90 | trajectory 43 of circuit 47 -- done
rank 42 | trajectory 158 of circuit 93 -- done
rank 88 | trajectory 21 of circuit 99 -- done
rank 45 | trajectory 100 of circuit 54 -- done
rank 8 | trajectory 192 of circuit 10 -- done
rank 31 | trajectory 98 of circuit 71 -- done
rank 27 | trajectory 175 of circuit 9 -- done
rank 28 | trajectory 164 of circuit 31 -- done
rank 14 | trajectory 12 of circuit 92 -- done
rank 71 | trajectory 2 of circuit 27 -- done
rank 61 | trajectory 1 of circuit 79 -- done
rank 77 | trajectory 128 of circuit 15 -- done
rank 91 | trajectory 18 of circuit 90 -- done
rank 65 | trajectory 178 of circuit 67 -- done
rank 52 | trajectory 30 of circuit 36 -- done
rank 40 | trajectory 164 of circuit 57 -- done
rank 53 | trajectory 156 of circuit 53 -- done
rank 17 | trajectory 129 of circuit 6 -- done
rank 26 | trajectory 143 of circuit 5 -- done
rank 54 | trajectory 81 of circuit 10 -- done
rank 58 | trajectory 110 of circuit 34 -- done
rank 1 | trajectory 133 of circuit 57 -- done
rank 42 | trajectory 120 of circuit 30 -- done
rank 74 | trajectory 175 of circuit 74 -- done
rank 93 | trajectory 129 of circuit 66 -- done
rank 33 | trajectory 111 of circuit 3 -- done
rank 61 | trajectory 144 of circuit 32 -- done
rank 81 | trajectory 12 of circuit 20 -- done
rank 73 | trajectory 99 of circuit 19 -- done
rank 30 | trajectory 89 of circuit 50 -- done
rank 99 | trajectory 165 of circuit 8 -- done
rank 76 | trajectory 74 of circuit 32 -- done
rank 48 | trajectory 137 of circuit 17 -- done
rank 34 | trajectory 33 of circuit 11 -- done
rank 28 | trajectory 154 of circuit 33 -- done
rank 92 | trajectory 133 of circuit 9 -- done
rank 24 | trajectory 182 of circuit 52 -- done
rank 66 | trajectory 71 of circuit 14 -- done
rank 21 | trajectory 164 of circuit 94 -- done
rank 46 | trajectory 43 of circuit 32 -- done
rank 25 | trajectory 93 of circuit 72 -- done
rank 42 | trajectory 89 of circuit 15 -- done
rank 8 | trajectory 75 of circuit 71 -- done
rank 56 | trajectory 57 of circuit 78 -- done
rank 91 | trajectory 55 of circuit 39 -- done
rank 37 | trajectory 36 of circuit 77 -- done
rank 75 | trajectory 153 of circuit 15 -- done
rank 71 | trajectory 130 of circuit 37 -- done
rank 83 | trajectory 86 of circuit 1 -- done
rank 57 | trajectory 157 of circuit 26 -- done
rank 13 | trajectory 16 of circuit 27 -- done
rank 65 | trajectory 130 of circuit 28 -- done
rank 50 | trajectory 155 of circuit 47 -- done
rank 45 | trajectory 33 of circuit 98 -- done
rank 26 | trajectory 57 of circuit 22 -- done
rank 9 | trajectory 127 of circuit 99 -- done
rank 87 | trajectory 178 of circuit 33 -- done
rank 90 | trajectory 114 of circuit 89 -- done
rank 31 | trajectory 95 of circuit 76 -- done
rank 14 | trajectory 56 of circuit 66 -- done
rank 81 | trajectory 103 of circuit 5 -- done
rank 19 | trajectory 122 of circuit 47 -- done
rank 61 | trajectory 191 of circuit 55 -- done
rank 2 | trajectory 44 of circuit 70 -- done
rank 58 | trajectory 45 of circuit 54 -- done
rank 88 | trajectory 177 of circuit 35 -- done
rank 74 | trajectory 5 of circuit 39 -- done
rank 99 | trajectory 110 of circuit 27 -- done
rank 33 | trajectory 187 of circuit 90 -- done
rank 77 | trajectory 30 of circuit 72 -- done
rank 51 | trajectory 103 of circuit 13 -- done
rank 28 | trajectory 189 of circuit 51 -- done
rank 73 | trajectory 5 of circuit 14 -- done
rank 92 | trajectory 190 of circuit 42 -- done
rank 36 | trajectory 60 of circuit 37 -- done
rank 27 | trajectory 134 of circuit 65 -- done
rank 30 | trajectory 107 of circuit 43 -- done
rank 29 | trajectory 51 of circuit 31 -- done
rank 75 | trajectory 169 of circuit 83 -- done
rank 34 | trajectory 180 of circuit 42 -- done
rank 71 | trajectory 111 of circuit 6 -- done
rank 21 | trajectory 176 of circuit 92 -- done
rank 17 | trajectory 23 of circuit 73 -- done
rank 8 | trajectory 44 of circuit 84 -- done
rank 42 | trajectory 185 of circuit 69 -- done
rank 65 | trajectory 146 of circuit 62 -- done
rank 1 | trajectory 131 of circuit 20 -- done
rank 26 | trajectory 26 of circuit 8 -- done
rank 57 | trajectory 168 of circuit 87 -- done
rank 52 | trajectory 192 of circuit 99 -- done
rank 19 | trajectory 1 of circuit 88 -- done
rank 83 | trajectory 53 of circuit 23 -- done
rank 88 | trajectory 187 of circuit 31 -- done
rank 54 | trajectory 37 of circuit 83 -- done
rank 46 | trajectory 157 of circuit 25 -- done
rank 66 | trajectory 88 of circuit 18 -- done
rank 25 | trajectory 4 of circuit 6 -- done
rank 13 | trajectory 93 of circuit 50 -- done
rank 37 | trajectory 100 of circuit 90 -- done
rank 56 | trajectory 94 of circuit 60 -- done
rank 87 | trajectory 170 of circuit 29 -- done
rank 61 | trajectory 19 of circuit 64 -- done
rank 73 | trajectory 157 of circuit 66 -- done
rank 50 | trajectory 173 of circuit 98 -- done
rank 91 | trajectory 66 of circuit 65 -- done
rank 40 | trajectory 161 of circuit 39 -- done
rank 99 | trajectory 95 of circuit 91 -- done
rank 31 | trajectory 174 of circuit 73 -- done
rank 42 | trajectory 117 of circuit 22 -- done
rank 14 | trajectory 85 of circuit 60 -- done
rank 65 | trajectory 97 of circuit 22 -- done
rank 30 | trajectory 96 of circuit 95 -- done
rank 28 | trajectory 103 of circuit 82 -- done
rank 51 | trajectory 155 of circuit 69 -- done
rank 27 | trajectory 60 of circuit 97 -- done
rank 34 | trajectory 162 of circuit 34 -- done
rank 92 | trajectory 131 of circuit 9 -- done
rank 58 | trajectory 97 of circuit 23 -- done
rank 57 | trajectory 85 of circuit 90 -- done
rank 17 | trajectory 81 of circuit 98 -- done
rank 45 | trajectory 55 of circuit 81 -- done
rank 26 | trajectory 178 of circuit 71 -- done
rank 90 | trajectory 25 of circuit 58 -- done
rank 76 | trajectory 92 of circuit 20 -- done
rank 2 | trajectory 16 of circuit 38 -- done
rank 48 | trajectory 85 of circuit 94 -- done
rank 53 | trajectory 71 of circuit 82 -- done
rank 1 | trajectory 45 of circuit 13 -- done
rank 73 | trajectory 114 of circuit 21 -- done
rank 9 | trajectory 158 of circuit 51 -- done
rank 36 | trajectory 124 of circuit 37 -- done
rank 69 | trajectory 183 of circuit 24 -- done
rank 35 | trajectory 150 of circuit 6 -- done
rank 75 | trajectory 92 of circuit 99 -- done
rank 74 | trajectory 74 of circuit 36 -- done
rank 42 | trajectory 184 of circuit 99 -- done
rank 63 | trajectory 8 of circuit 96 -- done
rank 57 | trajectory 142 of circuit 30 -- done
rank 28 | trajectory 138 of circuit 99 -- done
rank 91 | trajectory 69 of circuit 19 -- done
rank 71 | trajectory 20 of circuit 45 -- done
rank 25 | trajectory 48 of circuit 14 -- done
rank 83 | trajectory 27 of circuit 33 -- done
rank 34 | trajectory 108 of circuit 29 -- done
rank 66 | trajectory 124 of circuit 78 -- done
rank 59 | trajectory 68 of circuit 38 -- done
rank 99 | trajectory 46 of circuit 100 -- done
rank 40 | trajectory 163 of circuit 41 -- done
rank 8 | trajectory 177 of circuit 91 -- done
rank 50 | trajectory 188 of circuit 48 -- done
rank 21 | trajectory 177 of circuit 31 -- done
rank 58 | trajectory 117 of circuit 19 -- done
rank 26 | trajectory 131 of circuit 90 -- done
rank 46 | trajectory 162 of circuit 33 -- done
rank 30 | trajectory 49 of circuit 7 -- done
rank 42 | trajectory 114 of circuit 72 -- done
rank 33 | trajectory 186 of circuit 11 -- done
rank 13 | trajectory 166 of circuit 30 -- done
rank 37 | trajectory 24 of circuit 56 -- done
rank 17 | trajectory 24 of circuit 71 -- done
rank 57 | trajectory 188 of circuit 15 -- done
rank 71 | trajectory 34 of circuit 39 -- done
rank 56 | trajectory 54 of circuit 5 -- done
rank 88 | trajectory 4 of circuit 27 -- done
rank 1 | trajectory 140 of circuit 91 -- done
rank 31 | trajectory 165 of circuit 78 -- done
rank 28 | trajectory 105 of circuit 59 -- done
rank 61 | trajectory 73 of circuit 14 -- done
rank 76 | trajectory 38 of circuit 19 -- done
rank 74 | trajectory 125 of circuit 42 -- done
rank 92 | trajectory 165 of circuit 27 -- done
rank 53 | trajectory 103 of circuit 99 -- done
rank 77 | trajectory 15 of circuit 83 -- done
rank 65 | trajectory 33 of circuit 75 -- done
rank 29 | trajectory 138 of circuit 72 -- done
rank 90 | trajectory 54 of circuit 77 -- done
rank 19 | trajectory 98 of circuit 18 -- done
rank 73 | trajectory 32 of circuit 39 -- done
rank 34 | trajectory 169 of circuit 14 -- done
rank 87 | trajectory 154 of circuit 60 -- done
rank 52 | trajectory 85 of circuit 3 -- done
rank 42 | trajectory 178 of circuit 22 -- done
rank 14 | trajectory 14 of circuit 11 -- done
rank 9 | trajectory 32 of circuit 41 -- done
rank 75 | trajectory 83 of circuit 46 -- done
rank 93 | trajectory 98 of circuit 50 -- done
rank 91 | trajectory 39 of circuit 38 -- done
rank 25 | trajectory 151 of circuit 76 -- done
rank 65 | trajectory 155 of circuit 17 -- done
rank 59 | trajectory 137 of circuit 74 -- done
rank 66 | trajectory 43 of circuit 9 -- done
rank 27 | trajectory 72 of circuit 23 -- done
rank 63 | trajectory 136 of circuit 53 -- done
rank 57 | trajectory 161 of circuit 66 -- done
rank 99 | trajectory 1 of circuit 62 -- done
rank 21 | trajectory 126 of circuit 93 -- done
rank 2 | trajectory 40 of circuit 65 -- done
rank 8 | trajectory 142 of circuit 58 -- done
rank 28 | trajectory 175 of circuit 38 -- done
rank 12 | trajectory 33 of circuit 83 -- done
rank 88 | trajectory 166 of circuit 68 -- done
rank 69 | trajectory 182 of circuit 70 -- done
rank 78 | trajectory 31 of circuit 63 -- done
rank 30 | trajectory 158 of circuit 31 -- done
rank 40 | trajectory 1 of circuit 16 -- done
rank 34 | trajectory 115 of circuit 30 -- done
rank 50 | trajectory 5 of circuit 62 -- done
rank 58 | trajectory 112 of circuit 72 -- done
rank 26 | trajectory 37 of circuit 52 -- done
rank 69 | trajectory 16 of circuit 78 -- done
rank 54 | trajectory 39 of circuit 98 -- done
rank 76 | trajectory 50 of circuit 92 -- done
rank 53 | trajectory 117 of circuit 60 -- done
rank 46 | trajectory 141 of circuit 21 -- done
rank 51 | trajectory 118 of circuit 67 -- done
rank 56 | trajectory 186 of circuit 89 -- done
rank 19 | trajectory 68 of circuit 47 -- done
rank 75 | trajectory 31 of circuit 21 -- done
rank 87 | trajectory 19 of circuit 72 -- done
rank 92 | trajectory 184 of circuit 36 -- done
rank 71 | trajectory 115 of circuit 94 -- done
rank 13 | trajectory 75 of circuit 45 -- done
rank 28 | trajectory 163 of circuit 22 -- done
rank 90 | trajectory 89 of circuit 58 -- done
rank 1 | trajectory 104 of circuit 23 -- done
rank 29 | trajectory 109 of circuit 100 -- done
rank 31 | trajectory 40 of circuit 94 -- done
rank 34 | trajectory 92 of circuit 96 -- done
rank 17 | trajectory 177 of circuit 89 -- done
rank 21 | trajectory 128 of circuit 83 -- done
rank 30 | trajectory 136 of circuit 19 -- done
rank 9 | trajectory 27 of circuit 12 -- done
rank 83 | trajectory 143 of circuit 41 -- done
rank 88 | trajectory 44 of circuit 51 -- done
rank 66 | trajectory 141 of circuit 11 -- done
rank 99 | trajectory 17 of circuit 11 -- done
rank 59 | trajectory 120 of circuit 55 -- done
rank 69 | trajectory 191 of circuit 76 -- done
rank 26 | trajectory 145 of circuit 69 -- done
rank 91 | trajectory 100 of circuit 33 -- done
rank 92 | trajectory 170 of circuit 63 -- done
rank 71 | trajectory 87 of circuit 76 -- done
rank 76 | trajectory 154 of circuit 35 -- done
rank 12 | trajectory 14 of circuit 26 -- done
rank 61 | trajectory 3 of circuit 58 -- done
rank 8 | trajectory 99 of circuit 63 -- done
rank 74 | trajectory 45 of circuit 55 -- done
rank 65 | trajectory 106 of circuit 33 -- done
rank 37 | trajectory 147 of circuit 48 -- done
rank 53 | trajectory 66 of circuit 41 -- done
rank 75 | trajectory 39 of circuit 54 -- done
rank 25 | trajectory 108 of circuit 34 -- done
rank 48 | trajectory 156 of circuit 64 -- done
rank 50 | trajectory 1 of circuit 6 -- done
rank 33 | trajectory 58 of circuit 15 -- done
rank 14 | trajectory 22 of circuit 53 -- done
rank 55 | trajectory 38 of circuit 8 -- done
rank 34 | trajectory 109 of circuit 46 -- done
rank 40 | trajectory 139 of circuit 35 -- done
rank 77 | trajectory 28 of circuit 94 -- done
rank 90 | trajectory 51 of circuit 63 -- done
rank 19 | trajectory 146 of circuit 74 -- done
rank 56 | trajectory 143 of circuit 66 -- done
rank 28 | trajectory 79 of circuit 30 -- done
rank 61 | trajectory 25 of circuit 67 -- done
rank 96 | trajectory 36 of circuit 80 -- done
rank 73 | trajectory 55 of circuit 50 -- done
rank 87 | trajectory 26 of circuit 69 -- done
rank 1 | trajectory 70 of circuit 35 -- done
rank 92 | trajectory 186 of circuit 97 -- done
rank 52 | trajectory 149 of circuit 82 -- done
rank 21 | trajectory 156 of circuit 15 -- done
rank 46 | trajectory 146 of circuit 98 -- done
rank 54 | trajectory 38 of circuit 14 -- done
rank 99 | trajectory 181 of circuit 26 -- done
rank 29 | trajectory 23 of circuit 31 -- done
rank 53 | trajectory 4 of circuit 39 -- done
rank 66 | trajectory 140 of circuit 59 -- done
rank 30 | trajectory 186 of circuit 6 -- done
rank 2 | trajectory 94 of circuit 54 -- done
rank 65 | trajectory 112 of circuit 77 -- done
rank 63 | trajectory 112 of circuit 5 -- done
rank 31 | trajectory 97 of circuit 96 -- done
rank 71 | trajectory 150 of circuit 51 -- done
rank 13 | trajectory 65 of circuit 8 -- done
rank 69 | trajectory 22 of circuit 82 -- done
rank 78 | trajectory 72 of circuit 51 -- done
rank 62 | trajectory 155 of circuit 36 -- done
rank 76 | trajectory 26 of circuit 49 -- done
rank 75 | trajectory 173 of circuit 29 -- done
rank 39 | trajectory 141 of circuit 49 -- done
rank 17 | trajectory 20 of circuit 54 -- done
rank 92 | trajectory 89 of circuit 22 -- done
rank 42 | trajectory 104 of circuit 73 -- done
rank 83 | trajectory 89 of circuit 55 -- done
rank 33 | trajectory 41 of circuit 7 -- done
rank 88 | trajectory 127 of circuit 100 -- done
rank 12 | trajectory 28 of circuit 11 -- done
rank 14 | trajectory 18 of circuit 39 -- done
rank 53 | trajectory 104 of circuit 40 -- done
rank 19 | trajectory 188 of circuit 29 -- done
rank 29 | trajectory 73 of circuit 2 -- done
rank 40 | trajectory 115 of circuit 35 -- done
rank 57 | trajectory 36 of circuit 65 -- done
rank 71 | trajectory 53 of circuit 2 -- done
rank 65 | trajectory 95 of circuit 38 -- done
rank 30 | trajectory 56 of circuit 6 -- done
rank 87 | trajectory 85 of circuit 5 -- done
rank 99 | trajectory 167 of circuit 88 -- done
rank 52 | trajectory 164 of circuit 92 -- done
rank 58 | trajectory 92 of circuit 58 -- done
rank 25 | trajectory 121 of circuit 86 -- done
rank 48 | trajectory 97 of circuit 92 -- done
rank 55 | trajectory 108 of circuit 63 -- done
rank 69 | trajectory 71 of circuit 45 -- done
rank 8 | trajectory 111 of circuit 83 -- done
rank 90 | trajectory 81 of circuit 78 -- done
rank 1 | trajectory 162 of circuit 91 -- done
rank 37 | trajectory 148 of circuit 12 -- done
rank 66 | trajectory 67 of circuit 20 -- done
rank 59 | trajectory 25 of circuit 18 -- done
rank 54 | trajectory 41 of circuit 6 -- done
rank 74 | trajectory 170 of circuit 68 -- done
rank 31 | trajectory 19 of circuit 61 -- done
rank 26 | trajectory 16 of circuit 24 -- done
rank 65 | trajectory 74 of circuit 74 -- done
rank 61 | trajectory 30 of circuit 50 -- done
rank 17 | trajectory 167 of circuit 46 -- done
rank 33 | trajectory 136 of circuit 54 -- done
rank 42 | trajectory 102 of circuit 30 -- done
rank 93 | trajectory 149 of circuit 32 -- done
rank 91 | trajectory 189 of circuit 48 -- done
rank 50 | trajectory 161 of circuit 47 -- done
rank 76 | trajectory 143 of circuit 86 -- done
rank 96 | trajectory 20 of circuit 43 -- done
rank 88 | trajectory 35 of circuit 77 -- done
rank 14 | trajectory 62 of circuit 95 -- done
rank 62 | trajectory 54 of circuit 84 -- done
rank 83 | trajectory 38 of circuit 84 -- done
rank 70 | trajectory 130 of circuit 48 -- done
rank 77 | trajectory 37 of circuit 12 -- done
rank 69 | trajectory 159 of circuit 21 -- done
rank 92 | trajectory 4 of circuit 30 -- done
rank 21 | trajectory 64 of circuit 9 -- done
rank 78 | trajectory 176 of circuit 20 -- done
rank 12 | trajectory 82 of circuit 73 -- done
rank 53 | trajectory 13 of circuit 27 -- done
rank 40 | trajectory 32 of circuit 51 -- done
rank 48 | trajectory 136 of circuit 28 -- done
rank 57 | trajectory 187 of circuit 32 -- done
rank 13 | trajectory 64 of circuit 47 -- done
rank 91 | trajectory 185 of circuit 79 -- done
rank 73 | trajectory 101 of circuit 11 -- done
rank 61 | trajectory 4 of circuit 41 -- done
rank 58 | trajectory 40 of circuit 38 -- done
rank 99 | trajectory 92 of circuit 41 -- done
rank 30 | trajectory 52 of circuit 20 -- done
rank 19 | trajectory 51 of circuit 81 -- done
rank 52 | trajectory 56 of circuit 74 -- done
rank 87 | trajectory 106 of circuit 2 -- done
rank 74 | trajectory 15 of circuit 95 -- done
rank 25 | trajectory 113 of circuit 75 -- done
rank 9 | trajectory 50 of circuit 76 -- done
rank 59 | trajectory 45 of circuit 97 -- done
rank 61 | trajectory 11 of circuit 6 -- done
rank 1 | trajectory 167 of circuit 21 -- done
rank 37 | trajectory 133 of circuit 5 -- done
rank 31 | trajectory 53 of circuit 80 -- done
rank 17 | trajectory 85 of circuit 64 -- done
rank 42 | trajectory 163 of circuit 71 -- done
rank 14 | trajectory 3 of circuit 45 -- done
rank 77 | trajectory 160 of circuit 7 -- done
rank 75 | trajectory 122 of circuit 27 -- done
rank 2 | trajectory 92 of circuit 48 -- done
rank 53 | trajectory 112 of circuit 94 -- done
rank 57 | trajectory 93 of circuit 28 -- done
rank 88 | trajectory 174 of circuit 2 -- done
rank 26 | trajectory 40 of circuit 72 -- done
rank 48 | trajectory 98 of circuit 75 -- done
rank 21 | trajectory 92 of circuit 63 -- done
rank 71 | trajectory 99 of circuit 76 -- done
rank 76 | trajectory 35 of circuit 21 -- done
rank 92 | trajectory 176 of circuit 81 -- done
rank 73 | trajectory 90 of circuit 19 -- done
rank 74 | trajectory 189 of circuit 38 -- done
rank 54 | trajectory 46 of circuit 38 -- done
rank 29 | trajectory 98 of circuit 24 -- done
rank 90 | trajectory 106 of circuit 71 -- done
rank 39 | trajectory 81 of circuit 9 -- done
rank 99 | trajectory 112 of circuit 17 -- done
rank 82 | trajectory 59 of circuit 8 -- done
rank 69 | trajectory 160 of circuit 80 -- done
rank 50 | trajectory 38 of circuit 54 -- done
rank 83 | trajectory 49 of circuit 33 -- done
rank 33 | trajectory 102 of circuit 18 -- done
rank 70 | trajectory 44 of circuit 83 -- done
rank 27 | trajectory 58 of circuit 76 -- done
rank 42 | trajectory 90 of circuit 93 -- done
rank 96 | trajectory 181 of circuit 2 -- done
rank 61 | trajectory 113 of circuit 74 -- done
rank 66 | trajectory 181 of circuit 95 -- done
rank 52 | trajectory 26 of circuit 86 -- done
rank 63 | trajectory 138 of circuit 83 -- done
rank 57 | trajectory 167 of circuit 18 -- done
rank 91 | trajectory 115 of circuit 25 -- done
rank 14 | trajectory 61 of circuit 57 -- done
rank 92 | trajectory 162 of circuit 83 -- done
rank 31 | trajectory 18 of circuit 95 -- done
rank 77 | trajectory 66 of circuit 33 -- done
rank 19 | trajectory 99 of circuit 68 -- done
rank 48 | trajectory 94 of circuit 19 -- done
rank 53 | trajectory 23 of circuit 18 -- done
rank 78 | trajectory 54 of circuit 94 -- done
rank 69 | trajectory 96 of circuit 49 -- done
rank 13 | trajectory 104 of circuit 67 -- done
rank 74 | trajectory 100 of circuit 72 -- done
rank 40 | trajectory 175 of circuit 28 -- done
rank 73 | trajectory 86 of circuit 7 -- done
rank 71 | trajectory 172 of circuit 79 -- done
rank 76 | trajectory 33 of circuit 45 -- done
rank 37 | trajectory 79 of circuit 96 -- done
rank 59 | trajectory 96 of circuit 19 -- done
rank 17 | trajectory 32 of circuit 1 -- done
rank 30 | trajectory 117 of circuit 37 -- done
rank 62 | trajectory 38 of circuit 9 -- done
rank 58 | trajectory 35 of circuit 42 -- done
rank 87 | trajectory 95 of circuit 56 -- done
rank 6 | trajectory 45 of circuit 75 -- done
rank 88 | trajectory 10 of circuit 26 -- done
rank 21 | trajectory 159 of circuit 48 -- done
rank 1 | trajectory 126 of circuit 32 -- done
rank 29 | trajectory 8 of circuit 83 -- done
rank 61 | trajectory 55 of circuit 7 -- done
rank 75 | trajectory 174 of circuit 15 -- done
rank 70 | trajectory 39 of circuit 9 -- done
rank 33 | trajectory 85 of circuit 20 -- done
rank 6 | trajectory 69 of circuit 71 -- done
rank 26 | trajectory 62 of circuit 37 -- done
rank 14 | trajectory 9 of circuit 4 -- done
rank 39 | trajectory 33 of circuit 85 -- done
rank 90 | trajectory 42 of circuit 91 -- done
rank 54 | trajectory 42 of circuit 32 -- done
rank 82 | trajectory 25 of circuit 29 -- done
rank 6 | trajectory 122 of circuit 23 -- done
rank 91 | trajectory 37 of circuit 96 -- done
rank 6 | trajectory 101 of circuit 43 -- done
rank 92 | trajectory 87 of circuit 92 -- done
rank 57 | trajectory 70 of circuit 92 -- done
rank 48 | trajectory 146 of circuit 92 -- done
rank 99 | trajectory 131 of circuit 94 -- done
rank 31 | trajectory 150 of circuit 99 -- done
rank 65 | trajectory 83 of circuit 97 -- done
rank 61 | trajectory 16 of circuit 87 -- done
rank 19 | trajectory 157 of circuit 93 -- done
rank 6 | trajectory 165 of circuit 88 -- done
rank 53 | trajectory 22 of circuit 62 -- done
rank 97 | trajectory 129 of circuit 90 -- done
rank 96 | trajectory 130 of circuit 56 -- done
rank 25 | trajectory 116 of circuit 24 -- done
rank 27 | trajectory 20 of circuit 38 -- done
rank 66 | trajectory 160 of circuit 50 -- done
rank 52 | trajectory 100 of circuit 94 -- done
rank 42 | trajectory 100 of circuit 21 -- done
rank 6 | trajectory 104 of circuit 99 -- done
rank 2 | trajectory 41 of circuit 32 -- done
rank 87 | trajectory 22 of circuit 50 -- done
rank 40 | trajectory 155 of circuit 10 -- done
rank 37 | trajectory 172 of circuit 83 -- done
rank 30 | trajectory 67 of circuit 98 -- done
rank 83 | trajectory 32 of circuit 74 -- done
rank 6 | trajectory 48 of circuit 84 -- done
rank 12 | trajectory 11 of circuit 4 -- done
rank 26 | trajectory 75 of circuit 96 -- done
rank 48 | trajectory 154 of circuit 95 -- done
rank 92 | trajectory 99 of circuit 42 -- done
rank 62 | trajectory 116 of circuit 75 -- done
rank 70 | trajectory 152 of circuit 61 -- done
rank 17 | trajectory 181 of circuit 59 -- done
rank 78 | trajectory 45 of circuit 36 -- done
rank 1 | trajectory 53 of circuit 12 -- done
rank 69 | trajectory 65 of circuit 93 -- done
rank 74 | trajectory 182 of circuit 26 -- done
rank 88 | trajectory 136 of circuit 35 -- done
rank 6 | trajectory 150 of circuit 71 -- done
rank 76 | trajectory 57 of circuit 74 -- done
rank 59 | trajectory 36 of circuit 35 -- done
rank 63 | trajectory 50 of circuit 51 -- done
rank 71 | trajectory 160 of circuit 62 -- done
rank 51 | trajectory 72 of circuit 24 -- done
rank 65 | trajectory 77 of circuit 64 -- done
rank 90 | trajectory 78 of circuit 66 -- done
rank 91 | trajectory 73 of circuit 6 -- done
rank 77 | trajectory 65 of circuit 78 -- done
rank 30 | trajectory 110 of circuit 26 -- done
rank 14 | trajectory 119 of circuit 93 -- done
rank 48 | trajectory 153 of circuit 11 -- done
rank 42 | trajectory 172 of circuit 16 -- done
rank 26 | trajectory 79 of circuit 34 -- done
rank 39 | trajectory 71 of circuit 95 -- done
rank 92 | trajectory 82 of circuit 100 -- done
rank 31 | trajectory 80 of circuit 71 -- done
rank 99 | trajectory 122 of circuit 16 -- done
rank 6 | trajectory 171 of circuit 34 -- done
rank 13 | trajectory 43 of circuit 1 -- done
rank 25 | trajectory 62 of circuit 57 -- done
rank 27 | trajectory 40 of circuit 83 -- done
rank 70 | trajectory 159 of circuit 68 -- done
rank 48 | trajectory 149 of circuit 91 -- done
rank 66 | trajectory 131 of circuit 58 -- done
rank 73 | trajectory 184 of circuit 59 -- done
rank 33 | trajectory 116 of circuit 59 -- done
rank 21 | trajectory 66 of circuit 28 -- done
rank 19 | trajectory 110 of circuit 79 -- done
rank 54 | trajectory 40 of circuit 82 -- done
rank 17 | trajectory 168 of circuit 54 -- done
rank 76 | trajectory 22 of circuit 35 -- done
rank 91 | trajectory 106 of circuit 72 -- done
rank 12 | trajectory 69 of circuit 58 -- done
rank 55 | trajectory 54 of circuit 33 -- done
rank 71 | trajectory 65 of circuit 62 -- done
rank 88 | trajectory 106 of circuit 24 -- done
rank 62 | trajectory 172 of circuit 59 -- done
rank 96 | trajectory 158 of circuit 75 -- done
rank 61 | trajectory 2 of circuit 20 -- done
rank 1 | trajectory 63 of circuit 32 -- done
rank 92 | trajectory 23 of circuit 28 -- done
rank 29 | trajectory 95 of circuit 29 -- done
rank 87 | trajectory 6 of circuit 1 -- done
rank 40 | trajectory 138 of circuit 42 -- done
rank 57 | trajectory 154 of circuit 38 -- done
rank 52 | trajectory 47 of circuit 76 -- done
rank 2 | trajectory 48 of circuit 47 -- done
rank 50 | trajectory 82 of circuit 38 -- done
rank 63 | trajectory 79 of circuit 23 -- done
rank 14 | trajectory 80 of circuit 74 -- done
rank 83 | trajectory 33 of circuit 79 -- done
rank 78 | trajectory 120 of circuit 86 -- done
rank 90 | trajectory 45 of circuit 59 -- done
rank 77 | trajectory 53 of circuit 8 -- done
rank 30 | trajectory 156 of circuit 87 -- done
rank 29 | trajectory 41 of circuit 59 -- done
rank 74 | trajectory 63 of circuit 57 -- done
rank 65 | trajectory 111 of circuit 77 -- done
rank 42 | trajectory 88 of circuit 36 -- done
rank 57 | trajectory 20 of circuit 11 -- done
rank 70 | trajectory 157 of circuit 73 -- done
rank 48 | trajectory 189 of circuit 82 -- done
rank 99 | trajectory 138 of circuit 13 -- done
rank 69 | trajectory 175 of circuit 73 -- done
rank 91 | trajectory 145 of circuit 3 -- done
rank 51 | trajectory 33 of circuit 76 -- done
rank 17 | trajectory 83 of circuit 7 -- done
rank 44 | trajectory 161 of circuit 96 -- done
rank 61 | trajectory 58 of circuit 74 -- done
rank 25 | trajectory 111 of circuit 28 -- done
rank 33 | trajectory 138 of circuit 84 -- done
rank 66 | trajectory 161 of circuit 2 -- done
rank 31 | trajectory 183 of circuit 37 -- done
rank 39 | trajectory 14 of circuit 76 -- done
rank 92 | trajectory 108 of circuit 83 -- done
rank 73 | trajectory 81 of circuit 68 -- done
rank 71 | trajectory 126 of circuit 72 -- done
rank 75 | trajectory 132 of circuit 30 -- done
rank 13 | trajectory 40 of circuit 5 -- done
rank 87 | trajectory 139 of circuit 47 -- done
rank 57 | trajectory 179 of circuit 16 -- done
rank 62 | trajectory 72 of circuit 87 -- done
rank 74 | trajectory 36 of circuit 26 -- done
rank 61 | trajectory 79 of circuit 22 -- done
rank 54 | trajectory 36 of circuit 100 -- done
rank 82 | trajectory 101 of circuit 84 -- done
rank 14 | trajectory 146 of circuit 13 -- done
rank 88 | trajectory 41 of circuit 49 -- done
rank 29 | trajectory 99 of circuit 75 -- done
rank 19 | trajectory 5 of circuit 44 -- done
rank 76 | trajectory 69 of circuit 13 -- done
rank 27 | trajectory 43 of circuit 84 -- done
rank 52 | trajectory 76 of circuit 16 -- done
rank 2 | trajectory 84 of circuit 96 -- done
rank 71 | trajectory 175 of circuit 79 -- done
rank 96 | trajectory 71 of circuit 15 -- done
rank 12 | trajectory 43 of circuit 34 -- done
rank 91 | trajectory 36 of circuit 54 -- done
rank 26 | trajectory 141 of circuit 3 -- done
rank 70 | trajectory 31 of circuit 39 -- done
rank 92 | trajectory 126 of circuit 16 -- done
rank 59 | trajectory 21 of circuit 69 -- done
rank 74 | trajectory 52 of circuit 65 -- done
rank 21 | trajectory 96 of circuit 52 -- done
rank 37 | trajectory 145 of circuit 28 -- done
rank 30 | trajectory 108 of circuit 94 -- done
rank 90 | trajectory 61 of circuit 11 -- done
rank 73 | trajectory 65 of circuit 67 -- done
rank 96 | trajectory 3 of circuit 17 -- done
rank 50 | trajectory 154 of circuit 39 -- done
rank 74 | trajectory 19 of circuit 12 -- done
rank 14 | trajectory 132 of circuit 84 -- done
rank 53 | trajectory 132 of circuit 49 -- done
rank 66 | trajectory 83 of circuit 33 -- done
rank 57 | trajectory 77 of circuit 67 -- done
rank 1 | trajectory 75 of circuit 21 -- done
rank 25 | trajectory 177 of circuit 69 -- done
rank 96 | trajectory 87 of circuit 79 -- done
rank 61 | trajectory 23 of circuit 91 -- done
rank 40 | trajectory 21 of circuit 66 -- done
rank 54 | trajectory 5 of circuit 52 -- done
rank 77 | trajectory 20 of circuit 65 -- done
rank 63 | trajectory 190 of circuit 13 -- done
rank 5 | trajectory 150 of circuit 46 -- done
rank 87 | trajectory 158 of circuit 57 -- done
rank 48 | trajectory 144 of circuit 34 -- done
rank 29 | trajectory 47 of circuit 34 -- done
rank 62 | trajectory 183 of circuit 97 -- done
rank 91 | trajectory 50 of circuit 4 -- done
rank 39 | trajectory 182 of circuit 100 -- done
rank 99 | trajectory 67 of circuit 28 -- done
rank 28 | trajectory 178 of circuit 10 -- done
rank 9 | trajectory 6 of circuit 28 -- done
rank 44 | trajectory 16 of circuit 50 -- done
rank 73 | trajectory 35 of circuit 26 -- done
rank 55 | trajectory 14 of circuit 40 -- done
rank 78 | trajectory 90 of circuit 36 -- done
rank 51 | trajectory 105 of circuit 70 -- done
rank 60 | trajectory 106 of circuit 92 -- done
rank 82 | trajectory 121 of circuit 60 -- done
rank 52 | trajectory 91 of circuit 12 -- done
rank 2 | trajectory 28 of circuit 97 -- done
rank 31 | trajectory 76 of circuit 21 -- done
rank 74 | trajectory 79 of circuit 56 -- done
rank 30 | trajectory 53 of circuit 79 -- done
rank 76 | trajectory 23 of circuit 81 -- done
rank 75 | trajectory 62 of circuit 10 -- done
rank 17 | trajectory 120 of circuit 96 -- done
rank 28 | trajectory 141 of circuit 63 -- done
rank 90 | trajectory 5 of circuit 45 -- done
rank 19 | trajectory 42 of circuit 96 -- done
rank 12 | trajectory 144 of circuit 27 -- done
rank 91 | trajectory 75 of circuit 22 -- done
rank 21 | trajectory 132 of circuit 76 -- done
rank 66 | trajectory 192 of circuit 15 -- done
rank 6 | trajectory 143 of circuit 21 -- done
rank 13 | trajectory 56 of circuit 40 -- done
rank 33 | trajectory 69 of circuit 17 -- done
rank 14 | trajectory 78 of circuit 70 -- done
rank 53 | trajectory 73 of circuit 97 -- done
rank 92 | trajectory 100 of circuit 57 -- done
rank 70 | trajectory 173 of circuit 9 -- done
rank 58 | trajectory 74 of circuit 98 -- done
rank 1 | trajectory 180 of circuit 82 -- done
rank 29 | trajectory 45 of circuit 37 -- done
rank 65 | trajectory 150 of circuit 49 -- done
rank 28 | trajectory 30 of circuit 25 -- done
rank 37 | trajectory 131 of circuit 71 -- done
rank 25 | trajectory 189 of circuit 30 -- done
rank 57 | trajectory 128 of circuit 41 -- done
rank 91 | trajectory 74 of circuit 1 -- done
rank 59 | trajectory 75 of circuit 78 -- done
rank 54 | trajectory 141 of circuit 45 -- done
rank 88 | trajectory 75 of circuit 70 -- done
rank 61 | trajectory 10 of circuit 23 -- done
rank 30 | trajectory 163 of circuit 14 -- done
rank 27 | trajectory 128 of circuit 34 -- done
rank 53 | trajectory 56 of circuit 19 -- done
rank 62 | trajectory 70 of circuit 18 -- done
rank 44 | trajectory 142 of circuit 49 -- done
rank 87 | trajectory 171 of circuit 96 -- done
rank 9 | trajectory 3 of circuit 100 -- done
rank 48 | trajectory 143 of circuit 16 -- done
rank 5 | trajectory 96 of circuit 16 -- done
rank 26 | trajectory 153 of circuit 84 -- done
rank 77 | trajectory 70 of circuit 62 -- done
rank 52 | trajectory 159 of circuit 28 -- done
rank 75 | trajectory 113 of circuit 44 -- done
rank 50 | trajectory 94 of circuit 65 -- done
rank 21 | trajectory 122 of circuit 86 -- done
rank 73 | trajectory 138 of circuit 60 -- done
rank 6 | trajectory 94 of circuit 91 -- done
rank 78 | trajectory 169 of circuit 23 -- done
rank 28 | trajectory 177 of circuit 84 -- done
rank 66 | trajectory 171 of circuit 46 -- done
rank 31 | trajectory 173 of circuit 77 -- done
rank 74 | trajectory 53 of circuit 91 -- done
rank 48 | trajectory 179 of circuit 54 -- done
rank 51 | trajectory 188 of circuit 96 -- done
rank 63 | trajectory 13 of circuit 77 -- done
rank 53 | trajectory 5 of circuit 25 -- done
rank 17 | trajectory 152 of circuit 11 -- done
rank 39 | trajectory 186 of circuit 10 -- done
rank 33 | trajectory 147 of circuit 46 -- done
rank 2 | trajectory 46 of circuit 81 -- done
rank 82 | trajectory 148 of circuit 55 -- done
rank 99 | trajectory 169 of circuit 10 -- done
rank 19 | trajectory 115 of circuit 84 -- done
rank 84 | trajectory 116 of circuit 76 -- done
rank 13 | trajectory 77 of circuit 89 -- done
rank 14 | trajectory 13 of circuit 48 -- done
rank 70 | trajectory 100 of circuit 23 -- done
rank 12 | trajectory 22 of circuit 60 -- done
rank 58 | trajectory 168 of circuit 78 -- done
rank 92 | trajectory 118 of circuit 4 -- done
rank 88 | trajectory 32 of circuit 3 -- done
rank 40 | trajectory 113 of circuit 2 -- done
rank 29 | trajectory 82 of circuit 55 -- done
rank 65 | trajectory 65 of circuit 69 -- done
rank 25 | trajectory 114 of circuit 95 -- done
rank 27 | trajectory 34 of circuit 18 -- done
rank 48 | trajectory 134 of circuit 87 -- done
rank 53 | trajectory 77 of circuit 14 -- done
rank 30 | trajectory 113 of circuit 96 -- done
rank 66 | trajectory 70 of circuit 67 -- done
rank 57 | trajectory 163 of circuit 40 -- done
rank 87 | trajectory 176 of circuit 24 -- done
rank 21 | trajectory 133 of circuit 52 -- done
rank 75 | trajectory 155 of circuit 46 -- done
rank 1 | trajectory 134 of circuit 24 -- done
rank 76 | trajectory 25 of circuit 79 -- done
rank 54 | trajectory 153 of circuit 57 -- done
rank 55 | trajectory 143 of circuit 54 -- done
rank 90 | trajectory 37 of circuit 8 -- done
rank 91 | trajectory 167 of circuit 45 -- done
rank 62 | trajectory 145 of circuit 51 -- done
rank 16 | trajectory 159 of circuit 17 -- done
rank 37 | trajectory 123 of circuit 100 -- done
rank 31 | trajectory 8 of circuit 14 -- done
rank 17 | trajectory 73 of circuit 42 -- done
rank 28 | trajectory 17 of circuit 34 -- done
rank 14 | trajectory 53 of circuit 7 -- done
rank 44 | trajectory 99 of circuit 67 -- done
rank 65 | trajectory 191 of circuit 86 -- done
rank 48 | trajectory 181 of circuit 10 -- done
rank 2 | trajectory 142 of circuit 74 -- done
rank 77 | trajectory 114 of circuit 59 -- done
rank 33 | trajectory 143 of circuit 47 -- done
rank 88 | trajectory 135 of circuit 19 -- done
rank 63 | trajectory 36 of circuit 98 -- done
rank 19 | trajectory 25 of circuit 6 -- done
rank 50 | trajectory 100 of circuit 52 -- done
rank 9 | trajectory 120 of circuit 90 -- done
rank 52 | trajectory 50 of circuit 1 -- done
rank 30 | trajectory 155 of circuit 21 -- done
rank 70 | trajectory 148 of circuit 10 -- done
rank 29 | trajectory 88 of circuit 37 -- done
rank 26 | trajectory 22 of circuit 55 -- done
rank 65 | trajectory 28 of circuit 20 -- done
rank 48 | trajectory 158 of circuit 99 -- done
rank 82 | trajectory 156 of circuit 22 -- done
rank 58 | trajectory 138 of circuit 62 -- done
rank 78 | trajectory 17 of circuit 96 -- done
rank 39 | trajectory 42 of circuit 42 -- done
rank 25 | trajectory 132 of circuit 34 -- done
rank 76 | trajectory 132 of circuit 37 -- done
rank 74 | trajectory 70 of circuit 14 -- done
rank 40 | trajectory 98 of circuit 21 -- done
rank 99 | trajectory 177 of circuit 16 -- done
rank 66 | trajectory 59 of circuit 7 -- done
rank 53 | trajectory 88 of circuit 90 -- done
rank 73 | trajectory 16 of circuit 23 -- done
rank 59 | trajectory 97 of circuit 4 -- done
rank 5 | trajectory 176 of circuit 72 -- done
rank 31 | trajectory 155 of circuit 53 -- done
rank 97 | trajectory 130 of circuit 53 -- done
rank 87 | trajectory 105 of circuit 6 -- done
rank 1 | trajectory 76 of circuit 43 -- done
rank 74 | trajectory 165 of circuit 64 -- done
rank 54 | trajectory 177 of circuit 56 -- done
rank 62 | trajectory 79 of circuit 53 -- done
rank 2 | trajectory 8 of circuit 7 -- done
rank 90 | trajectory 47 of circuit 54 -- done
rank 92 | trajectory 183 of circuit 46 -- done
rank 77 | trajectory 35 of circuit 57 -- done
rank 17 | trajectory 127 of circuit 15 -- done
rank 13 | trajectory 54 of circuit 100 -- done
rank 30 | trajectory 188 of circuit 95 -- done
rank 53 | trajectory 17 of circuit 70 -- done
rank 19 | trajectory 113 of circuit 20 -- done
rank 44 | trajectory 102 of circuit 98 -- done
rank 84 | trajectory 110 of circuit 85 -- done
rank 33 | trajectory 33 of circuit 20 -- done
rank 57 | trajectory 184 of circuit 31 -- done
rank 55 | trajectory 41 of circuit 56 -- done
rank 88 | trajectory 152 of circuit 86 -- done
rank 65 | trajectory 144 of circuit 77 -- done
rank 48 | trajectory 105 of circuit 54 -- done
rank 70 | trajectory 115 of circuit 82 -- done
rank 21 | trajectory 127 of circuit 85 -- done
rank 14 | trajectory 39 of circuit 47 -- done
rank 92 | trajectory 77 of circuit 88 -- done
rank 73 | trajectory 28 of circuit 21 -- done
rank 9 | trajectory 25 of circuit 55 -- done
rank 63 | trajectory 86 of circuit 74 -- done
rank 76 | trajectory 71 of circuit 30 -- done
rank 12 | trajectory 24 of circuit 80 -- done
rank 50 | trajectory 187 of circuit 46 -- done
rank 75 | trajectory 151 of circuit 35 -- done
rank 74 | trajectory 94 of circuit 83 -- done
rank 27 | trajectory 63 of circuit 19 -- done
rank 66 | trajectory 28 of circuit 65 -- done
rank 25 | trajectory 50 of circuit 65 -- done
rank 26 | trajectory 1 of circuit 60 -- done
rank 52 | trajectory 27 of circuit 78 -- done
rank 28 | trajectory 126 of circuit 41 -- done
rank 91 | trajectory 190 of circuit 26 -- done
rank 51 | trajectory 11 of circuit 87 -- done
rank 59 | trajectory 104 of circuit 78 -- done
rank 78 | trajectory 34 of circuit 98 -- done
rank 30 | trajectory 167 of circuit 78 -- done
rank 87 | trajectory 177 of circuit 45 -- done
rank 29 | trajectory 81 of circuit 85 -- done
rank 31 | trajectory 93 of circuit 69 -- done
rank 39 | trajectory 176 of circuit 25 -- done
rank 57 | trajectory 97 of circuit 66 -- done
rank 17 | trajectory 164 of circuit 20 -- done
rank 28 | trajectory 115 of circuit 14 -- done
rank 16 | trajectory 73 of circuit 94 -- done
rank 90 | trajectory 35 of circuit 14 -- done
rank 14 | trajectory 35 of circuit 37 -- done
rank 44 | trajectory 119 of circuit 15 -- done
rank 92 | trajectory 158 of circuit 22 -- done
rank 37 | trajectory 66 of circuit 32 -- done
rank 53 | trajectory 78 of circuit 71 -- done
rank 65 | trajectory 190 of circuit 48 -- done
rank 19 | trajectory 102 of circuit 78 -- done
rank 91 | trajectory 134 of circuit 2 -- done
rank 1 | trajectory 90 of circuit 35 -- done
rank 84 | trajectory 163 of circuit 85 -- done
rank 88 | trajectory 48 of circuit 28 -- done
rank 70 | trajectory 153 of circuit 99 -- done
rank 82 | trajectory 118 of circuit 88 -- done
rank 76 | trajectory 63 of circuit 4 -- done
rank 48 | trajectory 117 of circuit 32 -- done
rank 93 | trajectory 15 of circuit 62 -- done
rank 40 | trajectory 36 of circuit 67 -- done
rank 28 | trajectory 85 of circuit 6 -- done
rank 92 | trajectory 140 of circuit 54 -- done
rank 91 | trajectory 85 of circuit 77 -- done
rank 66 | trajectory 66 of circuit 14 -- done
rank 75 | trajectory 162 of circuit 6 -- done
rank 77 | trajectory 38 of circuit 81 -- done
rank 99 | trajectory 19 of circuit 65 -- done
rank 14 | trajectory 93 of circuit 7 -- done
rank 52 | trajectory 37 of circuit 84 -- done
rank 59 | trajectory 26 of circuit 77 -- done
rank 25 | trajectory 104 of circuit 49 -- done
rank 87 | trajectory 127 of circuit 33 -- done
rank 9 | trajectory 12 of circuit 16 -- done
rank 29 | trajectory 71 of circuit 56 -- done
rank 92 | trajectory 160 of circuit 41 -- done
rank 58 | trajectory 115 of circuit 27 -- done
rank 33 | trajectory 170 of circuit 57 -- done
rank 54 | trajectory 144 of circuit 45 -- done
rank 27 | trajectory 167 of circuit 24 -- done
rank 21 | trajectory 175 of circuit 78 -- done
rank 62 | trajectory 165 of circuit 29 -- done
rank 48 | trajectory 190 of circuit 3 -- done
rank 12 | trajectory 9 of circuit 94 -- done
rank 74 | trajectory 174 of circuit 20 -- done
rank 57 | trajectory 54 of circuit 97 -- done
rank 55 | trajectory 47 of circuit 25 -- done
rank 90 | trajectory 92 of circuit 22 -- done
rank 17 | trajectory 105 of circuit 73 -- done
rank 76 | trajectory 40 of circuit 43 -- done
rank 5 | trajectory 138 of circuit 46 -- done
rank 44 | trajectory 129 of circuit 2 -- done
rank 28 | trajectory 143 of circuit 1 -- done
rank 78 | trajectory 99 of circuit 89 -- done
rank 77 | trajectory 107 of circuit 4 -- done
rank 26 | trajectory 27 of circuit 58 -- done
rank 70 | trajectory 162 of circuit 25 -- done
rank 66 | trajectory 182 of circuit 49 -- done
rank 1 | trajectory 143 of circuit 46 -- done
rank 50 | trajectory 174 of circuit 95 -- done
rank 30 | trajectory 154 of circuit 55 -- done
rank 65 | trajectory 184 of circuit 93 -- done
rank 39 | trajectory 57 of circuit 49 -- done
rank 63 | trajectory 161 of circuit 87 -- done
rank 91 | trajectory 101 of circuit 93 -- done
rank 95 | trajectory 17 of circuit 74 -- done
rank 48 | trajectory 69 of circuit 44 -- done
rank 73 | trajectory 53 of circuit 17 -- done
rank 84 | trajectory 189 of circuit 50 -- done
rank 75 | trajectory 48 of circuit 9 -- done
rank 87 | trajectory 169 of circuit 74 -- done
rank 37 | trajectory 188 of circuit 98 -- done
rank 53 | trajectory 155 of circuit 92 -- done
rank 57 | trajectory 35 of circuit 99 -- done
rank 25 | trajectory 101 of circuit 55 -- done
rank 52 | trajectory 106 of circuit 51 -- done
rank 33 | trajectory 128 of circuit 80 -- done
rank 19 | trajectory 104 of circuit 64 -- done
rank 16 | trajectory 99 of circuit 41 -- done
rank 48 | trajectory 58 of circuit 38 -- done
rank 76 | trajectory 47 of circuit 60 -- done
rank 74 | trajectory 1 of circuit 3 -- done
rank 14 | trajectory 49 of circuit 8 -- done
rank 99 | trajectory 191 of circuit 43 -- done
rank 91 | trajectory 173 of circuit 100 -- done
rank 9 | trajectory 13 of circuit 30 -- done
rank 65 | trajectory 168 of circuit 79 -- done
rank 54 | trajectory 156 of circuit 94 -- done
rank 92 | trajectory 119 of circuit 72 -- done
rank 66 | trajectory 6 of circuit 34 -- done
rank 17 | trajectory 128 of circuit 75 -- done
rank 70 | trajectory 93 of circuit 51 -- done
rank 88 | trajectory 34 of circuit 97 -- done
rank 73 | trajectory 60 of circuit 16 -- done
rank 58 | trajectory 139 of circuit 45 -- done
rank 1 | trajectory 127 of circuit 35 -- done
rank 53 | trajectory 64 of circuit 51 -- done
rank 17 | trajectory 139 of circuit 21 -- done
rank 62 | trajectory 153 of circuit 98 -- done
rank 12 | trajectory 87 of circuit 70 -- done
rank 2 | trajectory 39 of circuit 50 -- done
rank 82 | trajectory 186 of circuit 27 -- done
rank 91 | trajectory 48 of circuit 10 -- done
rank 29 | trajectory 5 of circuit 29 -- done
rank 33 | trajectory 48 of circuit 71 -- done
rank 44 | trajectory 171 of circuit 43 -- done
rank 63 | trajectory 133 of circuit 87 -- done
rank 95 | trajectory 118 of circuit 3 -- done
rank 57 | trajectory 111 of circuit 85 -- done
rank 14 | trajectory 190 of circuit 71 -- done
rank 26 | trajectory 10 of circuit 88 -- done
rank 65 | trajectory 8 of circuit 8 -- done
rank 30 | trajectory 173 of circuit 15 -- done
rank 76 | trajectory 14 of circuit 31 -- done
rank 19 | trajectory 103 of circuit 71 -- done
rank 28 | trajectory 95 of circuit 21 -- done
rank 17 | trajectory 183 of circuit 21 -- done
rank 25 | trajectory 190 of circuit 94 -- done
rank 92 | trajectory 33 of circuit 67 -- done
rank 5 | trajectory 113 of circuit 60 -- done
rank 53 | trajectory 142 of circuit 19 -- done
rank 52 | trajectory 114 of circuit 34 -- done
rank 77 | trajectory 191 of circuit 93 -- done
rank 27 | trajectory 74 of circuit 42 -- done
rank 16 | trajectory 170 of circuit 99 -- done
rank 39 | trajectory 109 of circuit 92 -- done
rank 40 | trajectory 40 of circuit 46 -- done
rank 84 | trajectory 30 of circuit 82 -- done
rank 78 | trajectory 88 of circuit 16 -- done
rank 66 | trajectory 89 of circuit 92 -- done
rank 54 | trajectory 178 of circuit 3 -- done
rank 50 | trajectory 126 of circuit 69 -- done
rank 4 | trajectory 30 of circuit 5 -- done
rank 3 | trajectory 167 of circuit 34 -- done
rank 95 | trajectory 114 of circuit 2 -- done
rank 99 | trajectory 157 of circuit 35 -- done
rank 73 | trajectory 42 of circuit 89 -- done
rank 28 | trajectory 131 of circuit 68 -- done
rank 26 | trajectory 83 of circuit 2 -- done
rank 74 | trajectory 31 of circuit 46 -- done
rank 88 | trajectory 175 of circuit 63 -- done
rank 1 | trajectory 101 of circuit 83 -- done
rank 70 | trajectory 192 of circuit 93 -- done
rank 55 | trajectory 52 of circuit 44 -- done
rank 21 | trajectory 192 of circuit 86 -- done
rank 92 | trajectory 10 of circuit 89 -- done
rank 58 | trajectory 25 of circuit 4 -- done
rank 19 | trajectory 106 of circuit 63 -- done
rank 9 | trajectory 190 of circuit 79 -- done
rank 48 | trajectory 161 of circuit 59 -- done
rank 44 | trajectory 122 of circuit 38 -- done
rank 65 | trajectory 107 of circuit 88 -- done
rank 53 | trajectory 27 of circuit 94 -- done
rank 33 | trajectory 7 of circuit 79 -- done
rank 85 | trajectory 50 of circuit 23 -- done
rank 12 | trajectory 3 of circuit 3 -- done
rank 52 | trajectory 19 of circuit 92 -- done
rank 17 | trajectory 104 of circuit 44 -- done
rank 76 | trajectory 45 of circuit 52 -- done
rank 77 | trajectory 56 of circuit 2 -- done
rank 95 | trajectory 173 of circuit 2 -- done
rank 29 | trajectory 128 of circuit 43 -- done
rank 84 | trajectory 122 of circuit 88 -- done
rank 74 | trajectory 181 of circuit 40 -- done
rank 92 | trajectory 3 of circuit 78 -- done
rank 14 | trajectory 91 of circuit 99 -- done
rank 27 | trajectory 96 of circuit 31 -- done
rank 62 | trajectory 186 of circuit 65 -- done
rank 87 | trajectory 45 of circuit 53 -- done
rank 48 | trajectory 145 of circuit 31 -- done
rank 82 | trajectory 48 of circuit 99 -- done
rank 28 | trajectory 55 of circuit 30 -- done
rank 39 | trajectory 96 of circuit 66 -- done
rank 30 | trajectory 81 of circuit 88 -- done
rank 2 | trajectory 186 of circuit 2 -- done
rank 91 | trajectory 16 of circuit 26 -- done
rank 5 | trajectory 101 of circuit 69 -- done
rank 74 | trajectory 144 of circuit 48 -- done
rank 99 | trajectory 170 of circuit 37 -- done
rank 92 | trajectory 125 of circuit 53 -- done
rank 73 | trajectory 75 of circuit 57 -- done
rank 66 | trajectory 122 of circuit 76 -- done
rank 16 | trajectory 71 of circuit 88 -- done
rank 33 | trajectory 72 of circuit 85 -- done
rank 65 | trajectory 32 of circuit 76 -- done
rank 21 | trajectory 184 of circuit 8 -- done
rank 19 | trajectory 19 of circuit 23 -- done
rank 78 | trajectory 153 of circuit 42 -- done
rank 63 | trajectory 188 of circuit 5 -- done
rank 13 | trajectory 151 of circuit 28 -- done
rank 29 | trajectory 133 of circuit 29 -- done
rank 48 | trajectory 90 of circuit 80 -- done
rank 58 | trajectory 15 of circuit 73 -- done
rank 44 | trajectory 80 of circuit 75 -- done
rank 95 | trajectory 150 of circuit 76 -- done
rank 9 | trajectory 10 of circuit 42 -- done
rank 91 | trajectory 60 of circuit 32 -- done
rank 1 | trajectory 145 of circuit 27 -- done
rank 52 | trajectory 63 of circuit 42 -- done
rank 70 | trajectory 163 of circuit 43 -- done
rank 25 | trajectory 15 of circuit 57 -- done
rank 88 | trajectory 179 of circuit 51 -- done
rank 3 | trajectory 183 of circuit 10 -- done
rank 74 | trajectory 40 of circuit 20 -- done
rank 53 | trajectory 180 of circuit 76 -- done
rank 12 | trajectory 137 of circuit 44 -- done
rank 7 | trajectory 68 of circuit 50 -- done
rank 84 | trajectory 88 of circuit 87 -- done
rank 65 | trajectory 46 of circuit 5 -- done
rank 92 | trajectory 97 of circuit 75 -- done
rank 77 | trajectory 120 of circuit 52 -- done
rank 55 | trajectory 1 of circuit 54 -- done
rank 76 | trajectory 176 of circuit 76 -- done
rank 17 | trajectory 98 of circuit 34 -- done
rank 73 | trajectory 80 of circuit 35 -- done
rank 74 | trajectory 148 of circuit 59 -- done
rank 62 | trajectory 112 of circuit 69 -- done
rank 91 | trajectory 59 of circuit 6 -- done
rank 50 | trajectory 171 of circuit 71 -- done
rank 99 | trajectory 97 of circuit 35 -- done
rank 39 | trajectory 43 of circuit 49 -- done
rank 30 | trajectory 142 of circuit 57 -- done
rank 2 | trajectory 143 of circuit 53 -- done
rank 66 | trajectory 183 of circuit 40 -- done
rank 19 | trajectory 20 of circuit 3 -- done
rank 95 | trajectory 149 of circuit 35 -- done
rank 82 | trajectory 8 of circuit 70 -- done
rank 33 | trajectory 88 of circuit 29 -- done
rank 27 | trajectory 147 of circuit 43 -- done
rank 65 | trajectory 173 of circuit 93 -- done
rank 48 | trajectory 91 of circuit 31 -- done
rank 54 | trajectory 132 of circuit 69 -- done
rank 28 | trajectory 171 of circuit 44 -- done
rank 77 | trajectory 186 of circuit 14 -- done
rank 97 | trajectory 166 of circuit 76 -- done
rank 88 | trajectory 59 of circuit 19 -- done
rank 75 | trajectory 105 of circuit 63 -- done
rank 85 | trajectory 125 of circuit 74 -- done
rank 92 | trajectory 12 of circuit 46 -- done
rank 73 | trajectory 21 of circuit 44 -- done
rank 16 | trajectory 112 of circuit 67 -- done
rank 58 | trajectory 6 of circuit 29 -- done
rank 91 | trajectory 169 of circuit 52 -- done
rank 74 | trajectory 83 of circuit 35 -- done
rank 78 | trajectory 79 of circuit 85 -- done
rank 63 | trajectory 171 of circuit 62 -- done
rank 17 | trajectory 125 of circuit 65 -- done
rank 14 | trajectory 104 of circuit 58 -- done
rank 76 | trajectory 43 of circuit 95 -- done
rank 21 | trajectory 116 of circuit 12 -- done
rank 84 | trajectory 69 of circuit 4 -- done
rank 70 | trajectory 129 of circuit 83 -- done
rank 52 | trajectory 84 of circuit 91 -- done
rank 44 | trajectory 73 of circuit 84 -- done
rank 1 | trajectory 121 of circuit 10 -- done
rank 53 | trajectory 105 of circuit 99 -- done
rank 29 | trajectory 33 of circuit 33 -- done
rank 31 | trajectory 42 of circuit 27 -- done
rank 13 | trajectory 27 of circuit 48 -- done
rank 92 | trajectory 34 of circuit 82 -- done
rank 5 | trajectory 17 of circuit 3 -- done
rank 37 | trajectory 93 of circuit 37 -- done
rank 12 | trajectory 127 of circuit 53 -- done
rank 65 | trajectory 156 of circuit 95 -- done
rank 77 | trajectory 159 of circuit 73 -- done
rank 33 | trajectory 161 of circuit 17 -- done
rank 55 | trajectory 85 of circuit 87 -- done
rank 92 | trajectory 141 of circuit 57 -- done
rank 7 | trajectory 136 of circuit 64 -- done
rank 9 | trajectory 133 of circuit 85 -- done
rank 19 | trajectory 83 of circuit 98 -- done
rank 99 | trajectory 103 of circuit 41 -- done
rank 28 | trajectory 157 of circuit 46 -- done
rank 58 | trajectory 3 of circuit 41 -- done
rank 27 | trajectory 129 of circuit 59 -- done
rank 17 | trajectory 169 of circuit 42 -- done
rank 88 | trajectory 125 of circuit 6 -- done
rank 91 | trajectory 136 of circuit 96 -- done
rank 54 | trajectory 45 of circuit 62 -- done
rank 49 | trajectory 80 of circuit 96 -- done
rank 29 | trajectory 36 of circuit 92 -- done
rank 76 | trajectory 1 of circuit 8 -- done
rank 50 | trajectory 19 of circuit 27 -- done
rank 92 | trajectory 157 of circuit 2 -- done
rank 21 | trajectory 152 of circuit 63 -- done
rank 25 | trajectory 24 of circuit 25 -- done
rank 66 | trajectory 4 of circuit 29 -- done
rank 82 | trajectory 83 of circuit 75 -- done
rank 39 | trajectory 149 of circuit 88 -- done
rank 70 | trajectory 187 of circuit 26 -- done
rank 53 | trajectory 90 of circuit 67 -- done
rank 16 | trajectory 40 of circuit 70 -- done
rank 74 | trajectory 42 of circuit 35 -- done
rank 1 | trajectory 111 of circuit 52 -- done
rank 95 | trajectory 123 of circuit 48 -- done
rank 63 | trajectory 116 of circuit 16 -- done
rank 59 | trajectory 15 of circuit 34 -- done
rank 87 | trajectory 7 of circuit 1 -- done
rank 78 | trajectory 92 of circuit 31 -- done
rank 28 | trajectory 169 of circuit 55 -- done
rank 62 | trajectory 181 of circuit 22 -- done
rank 52 | trajectory 64 of circuit 67 -- done
rank 48 | trajectory 130 of circuit 55 -- done
rank 84 | trajectory 41 of circuit 65 -- done
rank 53 | trajectory 126 of circuit 76 -- done
rank 33 | trajectory 150 of circuit 24 -- done
rank 73 | trajectory 38 of circuit 88 -- done
rank 14 | trajectory 59 of circuit 54 -- done
rank 31 | trajectory 57 of circuit 90 -- done
rank 13 | trajectory 85 of circuit 23 -- done
rank 28 | trajectory 108 of circuit 41 -- done
rank 99 | trajectory 96 of circuit 96 -- done
rank 85 | trajectory 179 of circuit 77 -- done
rank 2 | trajectory 37 of circuit 60 -- done
rank 74 | trajectory 49 of circuit 26 -- done
rank 29 | trajectory 20 of circuit 92 -- done
rank 19 | trajectory 109 of circuit 85 -- done
rank 5 | trajectory 78 of circuit 39 -- done
rank 88 | trajectory 143 of circuit 85 -- done
rank 36 | trajectory 9 of circuit 81 -- done
rank 65 | trajectory 145 of circuit 9 -- done
rank 58 | trajectory 61 of circuit 9 -- done
rank 3 | trajectory 129 of circuit 61 -- done
rank 91 | trajectory 70 of circuit 75 -- done
rank 12 | trajectory 35 of circuit 3 -- done
rank 76 | trajectory 79 of circuit 77 -- done
rank 77 | trajectory 69 of circuit 39 -- done
rank 21 | trajectory 134 of circuit 27 -- done
rank 75 | trajectory 43 of circuit 73 -- done
rank 7 | trajectory 192 of circuit 65 -- done
rank 97 | trajectory 53 of circuit 3 -- done
rank 44 | trajectory 187 of circuit 5 -- done
rank 9 | trajectory 21 of circuit 27 -- done
rank 92 | trajectory 16 of circuit 77 -- done
rank 50 | trajectory 165 of circuit 37 -- done
rank 30 | trajectory 140 of circuit 74 -- done
rank 74 | trajectory 162 of circuit 68 -- done
rank 70 | trajectory 12 of circuit 34 -- done
rank 39 | trajectory 153 of circuit 65 -- done
rank 49 | trajectory 151 of circuit 4 -- done
rank 27 | trajectory 156 of circuit 31 -- done
rank 17 | trajectory 11 of circuit 39 -- done
rank 1 | trajectory 84 of circuit 39 -- done
rank 25 | trajectory 53 of circuit 20 -- done
rank 66 | trajectory 96 of circuit 38 -- done
rank 28 | trajectory 129 of circuit 76 -- done
rank 53 | trajectory 107 of circuit 53 -- done
rank 52 | trajectory 49 of circuit 25 -- done
rank 37 | trajectory 142 of circuit 59 -- done
rank 33 | trajectory 24 of circuit 89 -- done
rank 54 | trajectory 44 of circuit 18 -- done
rank 14 | trajectory 44 of circuit 2 -- done
rank 87 | trajectory 50 of circuit 7 -- done
rank 59 | trajectory 173 of circuit 16 -- done
rank 28 | trajectory 190 of circuit 34 -- done
rank 84 | trajectory 22 of circuit 63 -- done
rank 82 | trajectory 146 of circuit 46 -- done
rank 48 | trajectory 104 of circuit 93 -- done
rank 75 | trajectory 142 of circuit 75 -- done
rank 19 | trajectory 105 of circuit 11 -- done
rank 92 | trajectory 136 of circuit 88 -- done
rank 29 | trajectory 17 of circuit 38 -- done
rank 76 | trajectory 110 of circuit 40 -- done
rank 70 | trajectory 118 of circuit 9 -- done
rank 62 | trajectory 64 of circuit 36 -- done
rank 21 | trajectory 136 of circuit 26 -- done
rank 77 | trajectory 137 of circuit 50 -- done
rank 33 | trajectory 91 of circuit 55 -- done
rank 88 | trajectory 43 of circuit 52 -- done
rank 16 | trajectory 105 of circuit 19 -- done
rank 12 | trajectory 174 of circuit 21 -- done
rank 99 | trajectory 183 of circuit 79 -- done
rank 53 | trajectory 10 of circuit 94 -- done
rank 48 | trajectory 168 of circuit 92 -- done
rank 50 | trajectory 98 of circuit 74 -- done
rank 2 | trajectory 12 of circuit 80 -- done
rank 28 | trajectory 41 of circuit 91 -- done
rank 73 | trajectory 23 of circuit 21 -- done
rank 44 | trajectory 64 of circuit 92 -- done
rank 55 | trajectory 99 of circuit 50 -- done
rank 49 | trajectory 40 of circuit 90 -- done
rank 14 | trajectory 27 of circuit 52 -- done
rank 95 | trajectory 40 of circuit 29 -- done
rank 36 | trajectory 19 of circuit 5 -- done
rank 30 | trajectory 32 of circuit 8 -- done
rank 74 | trajectory 151 of circuit 71 -- done
rank 46 | trajectory 115 of circuit 61 -- done
rank 5 | trajectory 43 of circuit 33 -- done
rank 92 | trajectory 7 of circuit 48 -- done
rank 13 | trajectory 18 of circuit 77 -- done
rank 76 | trajectory 77 of circuit 97 -- done
rank 52 | trajectory 6 of circuit 12 -- done
rank 48 | trajectory 20 of circuit 62 -- done
rank 66 | trajectory 68 of circuit 31 -- done
rank 9 | trajectory 37 of circuit 54 -- done
rank 85 | trajectory 84 of circuit 65 -- done
rank 33 | trajectory 9 of circuit 99 -- done
rank 27 | trajectory 181 of circuit 11 -- done
rank 7 | trajectory 102 of circuit 71 -- done
rank 91 | trajectory 182 of circuit 30 -- done
rank 59 | trajectory 6 of circuit 35 -- done
rank 38 | trajectory 58 of circuit 13 -- done
rank 63 | trajectory 163 of circuit 18 -- done
rank 25 | trajectory 10 of circuit 70 -- done
rank 29 | trajectory 65 of circuit 28 -- done
rank 65 | trajectory 82 of circuit 86 -- done
rank 19 | trajectory 78 of circuit 9 -- done
rank 3 | trajectory 118 of circuit 96 -- done
rank 73 | trajectory 89 of circuit 16 -- done
rank 28 | trajectory 11 of circuit 5 -- done
rank 39 | trajectory 26 of circuit 94 -- done
rank 75 | trajectory 80 of circuit 50 -- done
rank 51 | trajectory 109 of circuit 26 -- done
rank 84 | trajectory 142 of circuit 27 -- done
rank 21 | trajectory 105 of circuit 45 -- done
rank 62 | trajectory 56 of circuit 36 -- done
rank 92 | trajectory 104 of circuit 13 -- done
rank 76 | trajectory 78 of circuit 80 -- done
rank 54 | trajectory 122 of circuit 96 -- done
rank 4 | trajectory 10 of circuit 10 -- done
rank 77 | trajectory 24 of circuit 18 -- done
rank 78 | trajectory 48 of circuit 52 -- done
rank 87 | trajectory 36 of circuit 53 -- done
rank 74 | trajectory 68 of circuit 13 -- done
rank 96 | trajectory 24 of circuit 44 -- done
rank 17 | trajectory 28 of circuit 9 -- done
rank 99 | trajectory 89 of circuit 68 -- done
rank 82 | trajectory 175 of circuit 18 -- done
rank 58 | trajectory 2 of circuit 95 -- done
rank 12 | trajectory 38 of circuit 21 -- done
rank 37 | trajectory 35 of circuit 93 -- done
rank 49 | trajectory 148 of circuit 8 -- done
rank 16 | trajectory 32 of circuit 94 -- done
rank 36 | trajectory 13 of circuit 80 -- done
rank 14 | trajectory 72 of circuit 35 -- done
rank 44 | trajectory 42 of circuit 30 -- done
rank 88 | trajectory 68 of circuit 83 -- done
rank 75 | trajectory 149 of circuit 39 -- done
rank 52 | trajectory 66 of circuit 2 -- done
rank 2 | trajectory 20 of circuit 15 -- done
rank 19 | trajectory 80 of circuit 92 -- done
rank 27 | trajectory 19 of circuit 49 -- done
rank 66 | trajectory 156 of circuit 86 -- done
rank 97 | trajectory 103 of circuit 10 -- done
rank 29 | trajectory 76 of circuit 38 -- done
rank 7 | trajectory 184 of circuit 23 -- done
rank 63 | trajectory 126 of circuit 31 -- done
rank 95 | trajectory 10 of circuit 72 -- done
rank 55 | trajectory 87 of circuit 28 -- done
rank 46 | trajectory 21 of circuit 36 -- done
rank 25 | trajectory 7 of circuit 46 -- done
rank 73 | trajectory 2 of circuit 87 -- done
rank 17 | trajectory 190 of circuit 37 -- done
rank 53 | trajectory 24 of circuit 10 -- done
rank 85 | trajectory 87 of circuit 85 -- done
rank 67 | trajectory 6 of circuit 21 -- done
rank 30 | trajectory 61 of circuit 50 -- done
rank 5 | trajectory 53 of circuit 10 -- done
rank 70 | trajectory 32 of circuit 48 -- done
rank 9 | trajectory 124 of circuit 6 -- done
rank 92 | trajectory 57 of circuit 45 -- done
rank 3 | trajectory 166 of circuit 22 -- done
rank 39 | trajectory 177 of circuit 55 -- done
rank 1 | trajectory 103 of circuit 61 -- done
rank 50 | trajectory 116 of circuit 99 -- done
rank 33 | trajectory 145 of circuit 29 -- done
rank 54 | trajectory 111 of circuit 31 -- done
rank 77 | trajectory 177 of circuit 94 -- done
rank 65 | trajectory 152 of circuit 92 -- done
rank 59 | trajectory 88 of circuit 78 -- done
rank 62 | trajectory 86 of circuit 44 -- done
rank 88 | trajectory 57 of circuit 27 -- done
rank 51 | trajectory 38 of circuit 61 -- done
rank 28 | trajectory 120 of circuit 66 -- done
rank 89 | trajectory 176 of circuit 89 -- done
rank 58 | trajectory 8 of circuit 25 -- done
rank 73 | trajectory 122 of circuit 87 -- done
rank 82 | trajectory 77 of circuit 33 -- done
rank 99 | trajectory 6 of circuit 3 -- done
rank 4 | trajectory 47 of circuit 18 -- done
rank 13 | trajectory 66 of circuit 47 -- done
rank 96 | trajectory 30 of circuit 40 -- done
rank 52 | trajectory 95 of circuit 62 -- done
rank 49 | trajectory 161 of circuit 41 -- done
rank 17 | trajectory 136 of circuit 39 -- done
rank 27 | trajectory 47 of circuit 28 -- done
rank 12 | trajectory 59 of circuit 42 -- done
rank 75 | trajectory 20 of circuit 5 -- done
rank 78 | trajectory 87 of circuit 9 -- done
rank 2 | trajectory 77 of circuit 24 -- done
rank 7 | trajectory 177 of circuit 92 -- done
rank 66 | trajectory 61 of circuit 47 -- done
rank 79 | trajectory 39 of circuit 44 -- done
rank 84 | trajectory 168 of circuit 10 -- done
rank 14 | trajectory 81 of circuit 76 -- done
rank 30 | trajectory 105 of circuit 12 -- done
rank 25 | trajectory 20 of circuit 90 -- done
rank 16 | trajectory 15 of circuit 98 -- done
rank 53 | trajectory 12 of circuit 33 -- done
rank 33 | trajectory 156 of circuit 20 -- done
rank 70 | trajectory 83 of circuit 60 -- done
rank 19 | trajectory 90 of circuit 86 -- done
rank 29 | trajectory 24 of circuit 13 -- done
rank 88 | trajectory 54 of circuit 43 -- done
rank 86 | trajectory 99 of circuit 10 -- done
rank 77 | trajectory 13 of circuit 90 -- done
rank 73 | trajectory 68 of circuit 12 -- done
rank 44 | trajectory 191 of circuit 33 -- done
rank 54 | trajectory 166 of circuit 7 -- done
rank 55 | trajectory 70 of circuit 12 -- done
rank 92 | trajectory 163 of circuit 39 -- done
rank 91 | trajectory 84 of circuit 48 -- done
rank 59 | trajectory 53 of circuit 81 -- done
rank 36 | trajectory 115 of circuit 49 -- done
rank 74 | trajectory 103 of circuit 11 -- done
rank 58 | trajectory 192 of circuit 37 -- done
rank 50 | trajectory 52 of circuit 76 -- done
rank 38 | trajectory 5 of circuit 79 -- done
rank 14 | trajectory 90 of circuit 58 -- done
rank 92 | trajectory 177 of circuit 80 -- done
rank 76 | trajectory 148 of circuit 77 -- done
rank 33 | trajectory 146 of circuit 57 -- done
rank 1 | trajectory 141 of circuit 65 -- done
rank 17 | trajectory 15 of circuit 99 -- done
rank 79 | trajectory 7 of circuit 4 -- done
rank 49 | trajectory 173 of circuit 17 -- done
rank 73 | trajectory 25 of circuit 25 -- done
rank 52 | trajectory 38 of circuit 70 -- done
rank 37 | trajectory 190 of circuit 1 -- done
rank 12 | trajectory 40 of circuit 36 -- done
rank 63 | trajectory 61 of circuit 74 -- done
rank 97 | trajectory 163 of circuit 92 -- done
rank 66 | trajectory 167 of circuit 69 -- done
rank 21 | trajectory 125 of circuit 21 -- done
rank 5 | trajectory 61 of circuit 96 -- done
rank 4 | trajectory 26 of circuit 78 -- done
rank 91 | trajectory 184 of circuit 82 -- done
rank 99 | trajectory 79 of circuit 57 -- done
rank 82 | trajectory 161 of circuit 89 -- done
rank 30 | trajectory 33 of circuit 15 -- done
rank 78 | trajectory 191 of circuit 82 -- done
rank 88 | trajectory 126 of circuit 17 -- done
rank 14 | trajectory 116 of circuit 27 -- done
rank 95 | trajectory 74 of circuit 5 -- done
rank 85 | trajectory 19 of circuit 15 -- done
rank 19 | trajectory 31 of circuit 20 -- done
rank 9 | trajectory 116 of circuit 23 -- done
rank 16 | trajectory 21 of circuit 6 -- done
rank 44 | trajectory 173 of circuit 59 -- done
rank 7 | trajectory 176 of circuit 52 -- done
rank 86 | trajectory 140 of circuit 57 -- done
rank 28 | trajectory 166 of circuit 33 -- done
rank 17 | trajectory 19 of circuit 39 -- done
rank 3 | trajectory 159 of circuit 18 -- done
rank 55 | trajectory 180 of circuit 10 -- done
rank 25 | trajectory 14 of circuit 20 -- done
rank 51 | trajectory 121 of circuit 89 -- done
rank 92 | trajectory 91 of circuit 21 -- done
rank 84 | trajectory 56 of circuit 15 -- done
rank 65 | trajectory 96 of circuit 44 -- done
rank 79 | trajectory 135 of circuit 11 -- done
rank 46 | trajectory 88 of circuit 65 -- done
rank 66 | trajectory 179 of circuit 72 -- done
rank 31 | trajectory 33 of circuit 39 -- done
rank 39 | trajectory 121 of circuit 96 -- done
rank 89 | trajectory 43 of circuit 54 -- done
rank 21 | trajectory 145 of circuit 38 -- done
rank 36 | trajectory 149 of circuit 90 -- done
rank 49 | trajectory 122 of circuit 12 -- done
rank 73 | trajectory 13 of circuit 72 -- done
rank 14 | trajectory 98 of circuit 27 -- done
rank 77 | trajectory 11 of circuit 22 -- done
rank 1 | trajectory 112 of circuit 49 -- done
rank 50 | trajectory 120 of circuit 51 -- done
rank 54 | trajectory 119 of circuit 20 -- done
rank 99 | trajectory 147 of circuit 31 -- done
rank 30 | trajectory 80 of circuit 31 -- done
rank 2 | trajectory 23 of circuit 35 -- done
rank 33 | trajectory 160 of circuit 98 -- done
rank 63 | trajectory 82 of circuit 61 -- done
rank 52 | trajectory 67 of circuit 70 -- done
rank 70 | trajectory 34 of circuit 60 -- done
rank 12 | trajectory 54 of circuit 63 -- done
rank 19 | trajectory 50 of circuit 3 -- done
rank 29 | trajectory 16 of circuit 46 -- done
rank 76 | trajectory 16 of circuit 73 -- done
rank 65 | trajectory 69 of circuit 45 -- done
rank 62 | trajectory 33 of circuit 3 -- done
rank 53 | trajectory 84 of circuit 92 -- done
rank 79 | trajectory 121 of circuit 20 -- done
rank 78 | trajectory 130 of circuit 74 -- done
rank 75 | trajectory 138 of circuit 91 -- done
rank 92 | trajectory 93 of circuit 71 -- done
rank 58 | trajectory 53 of circuit 41 -- done
rank 5 | trajectory 12 of circuit 12 -- done
rank 77 | trajectory 64 of circuit 97 -- done
rank 7 | trajectory 38 of circuit 35 -- done
rank 25 | trajectory 100 of circuit 3 -- done
rank 14 | trajectory 45 of circuit 95 -- done
rank 38 | trajectory 100 of circuit 15 -- done
rank 44 | trajectory 51 of circuit 89 -- done
rank 4 | trajectory 86 of circuit 11 -- done
rank 73 | trajectory 41 of circuit 41 -- done
rank 13 | trajectory 61 of circuit 58 -- done
rank 74 | trajectory 30 of circuit 21 -- done
rank 59 | trajectory 177 of circuit 37 -- done
rank 91 | trajectory 23 of circuit 55 -- done
rank 53 | trajectory 95 of circuit 68 -- done
rank 97 | trajectory 44 of circuit 5 -- done
rank 87 | trajectory 15 of circuit 56 -- done
rank 82 | trajectory 188 of circuit 24 -- done
rank 88 | trajectory 63 of circuit 74 -- done
rank 3 | trajectory 148 of circuit 43 -- done
rank 95 | trajectory 179 of circuit 65 -- done
rank 66 | trajectory 109 of circuit 68 -- done
rank 50 | trajectory 34 of circuit 6 -- done
rank 1 | trajectory 93 of circuit 64 -- done
rank 29 | trajectory 7 of circuit 88 -- done
rank 55 | trajectory 89 of circuit 52 -- done
rank 9 | trajectory 151 of circuit 72 -- done
rank 85 | trajectory 20 of circuit 49 -- done
rank 16 | trajectory 30 of circuit 78 -- done
rank 49 | trajectory 187 of circuit 73 -- done
rank 65 | trajectory 128 of circuit 64 -- done
rank 84 | trajectory 4 of circuit 48 -- done
rank 86 | trajectory 190 of circuit 85 -- done
rank 39 | trajectory 25 of circuit 15 -- done
rank 9 | trajectory 71 of circuit 69 -- done
rank 21 | trajectory 120 of circuit 41 -- done
rank 53 | trajectory 125 of circuit 35 -- done
rank 73 | trajectory 49 of circuit 82 -- done
rank 52 | trajectory 87 of circuit 24 -- done
rank 46 | trajectory 2 of circuit 61 -- done
rank 76 | trajectory 66 of circuit 67 -- done
rank 70 | trajectory 169 of circuit 76 -- done
rank 63 | trajectory 151 of circuit 58 -- done
rank 19 | trajectory 149 of circuit 78 -- done
rank 31 | trajectory 152 of circuit 75 -- done
rank 99 | trajectory 149 of circuit 98 -- done
rank 62 | trajectory 142 of circuit 22 -- done
rank 14 | trajectory 188 of circuit 80 -- done
rank 12 | trajectory 39 of circuit 49 -- done
rank 33 | trajectory 118 of circuit 60 -- done
rank 73 | trajectory 126 of circuit 33 -- done
rank 77 | trajectory 83 of circuit 15 -- done
rank 75 | trajectory 117 of circuit 17 -- done
rank 5 | trajectory 125 of circuit 77 -- done
rank 7 | trajectory 72 of circuit 84 -- done
rank 9 | trajectory 28 of circuit 60 -- done
rank 17 | trajectory 5 of circuit 80 -- done
rank 37 | trajectory 89 of circuit 70 -- done
rank 25 | trajectory 46 of circuit 23 -- done
rank 91 | trajectory 132 of circuit 55 -- done
rank 36 | trajectory 148 of circuit 3 -- done
rank 78 | trajectory 60 of circuit 98 -- done
rank 87 | trajectory 35 of circuit 11 -- done
rank 70 | trajectory 35 of circuit 62 -- done
rank 49 | trajectory 25 of circuit 9 -- done
rank 67 | trajectory 4 of circuit 33 -- done
rank 1 | trajectory 109 of circuit 34 -- done
rank 50 | trajectory 30 of circuit 27 -- done
rank 53 | trajectory 59 of circuit 39 -- done
rank 4 | trajectory 175 of circuit 64 -- done
rank 66 | trajectory 162 of circuit 13 -- done
rank 21 | trajectory 167 of circuit 37 -- done
rank 95 | trajectory 67 of circuit 50 -- done
rank 79 | trajectory 128 of circuit 98 -- done
rank 86 | trajectory 177 of circuit 95 -- done
rank 16 | trajectory 76 of circuit 40 -- done
rank 3 | trajectory 87 of circuit 29 -- done
rank 84 | trajectory 86 of circuit 87 -- done
rank 59 | trajectory 108 of circuit 86 -- done
rank 58 | trajectory 42 of circuit 86 -- done
rank 38 | trajectory 30 of circuit 42 -- done
rank 73 | trajectory 39 of circuit 29 -- done
rank 91 | trajectory 51 of circuit 95 -- done
rank 51 | trajectory 175 of circuit 98 -- done
rank 29 | trajectory 85 of circuit 10 -- done
rank 30 | trajectory 51 of circuit 24 -- done
rank 55 | trajectory 176 of circuit 59 -- done
rank 77 | trajectory 169 of circuit 79 -- done
rank 82 | trajectory 89 of circuit 13 -- done
rank 9 | trajectory 184 of circuit 12 -- done
rank 62 | trajectory 55 of circuit 79 -- done
rank 44 | trajectory 74 of circuit 23 -- done
rank 85 | trajectory 18 of circuit 96 -- done
rank 46 | trajectory 8 of circuit 31 -- done
rank 52 | trajectory 136 of circuit 62 -- done
rank 31 | trajectory 108 of circuit 43 -- done
rank 5 | trajectory 88 of circuit 53 -- done
rank 2 | trajectory 49 of circuit 90 -- done
rank 70 | trajectory 154 of circuit 86 -- done
rank 9 | trajectory 14 of circuit 62 -- done
rank 75 | trajectory 120 of circuit 18 -- done
rank 89 | trajectory 31 of circuit 60 -- done
rank 12 | trajectory 151 of circuit 95 -- done
rank 50 | trajectory 151 of circuit 46 -- done
rank 87 | trajectory 58 of circuit 75 -- done
rank 21 | trajectory 183 of circuit 32 -- done
rank 88 | trajectory 180 of circuit 12 -- done
rank 19 | trajectory 179 of circuit 92 -- done
rank 37 | trajectory 165 of circuit 52 -- done
rank 49 | trajectory 113 of circuit 6 -- done
rank 13 | trajectory 45 of circuit 32 -- done
rank 54 | trajectory 174 of circuit 8 -- done
rank 95 | trajectory 6 of circuit 63 -- done
rank 91 | trajectory 9 of circuit 40 -- done
rank 84 | trajectory 10 of circuit 81 -- done
rank 7 | trajectory 134 of circuit 52 -- done
rank 76 | trajectory 70 of circuit 19 -- done
rank 77 | trajectory 182 of circuit 34 -- done
rank 39 | trajectory 175 of circuit 15 -- done
rank 25 | trajectory 145 of circuit 42 -- done
rank 17 | trajectory 26 of circuit 63 -- done
rank 1 | trajectory 117 of circuit 40 -- done
rank 63 | trajectory 64 of circuit 34 -- done
rank 78 | trajectory 101 of circuit 75 -- done
rank 75 | trajectory 159 of circuit 98 -- done
rank 9 | trajectory 94 of circuit 73 -- done
rank 14 | trajectory 76 of circuit 41 -- done
rank 62 | trajectory 158 of circuit 18 -- done
rank 4 | trajectory 56 of circuit 60 -- done
rank 30 | trajectory 161 of circuit 86 -- done
rank 44 | trajectory 41 of circuit 52 -- done
rank 86 | trajectory 163 of circuit 10 -- done
rank 91 | trajectory 64 of circuit 94 -- done
rank 29 | trajectory 9 of circuit 56 -- done
rank 66 | trajectory 116 of circuit 18 -- done
rank 82 | trajectory 153 of circuit 70 -- done
rank 52 | trajectory 129 of circuit 40 -- done
rank 16 | trajectory 141 of circuit 51 -- done
rank 99 | trajectory 98 of circuit 59 -- done
rank 59 | trajectory 28 of circuit 14 -- done
rank 9 | trajectory 152 of circuit 3 -- done
rank 85 | trajectory 38 of circuit 12 -- done
rank 76 | trajectory 44 of circuit 16 -- done
rank 3 | trajectory 83 of circuit 70 -- done
rank 55 | trajectory 77 of circuit 29 -- done
rank 73 | trajectory 19 of circuit 32 -- done
rank 17 | trajectory 52 of circuit 97 -- done
rank 70 | trajectory 26 of circuit 92 -- done
rank 5 | trajectory 38 of circuit 93 -- done
rank 75 | trajectory 77 of circuit 85 -- done
rank 88 | trajectory 38 of circuit 47 -- done
rank 31 | trajectory 100 of circuit 62 -- done
rank 49 | trajectory 143 of circuit 73 -- done
rank 46 | trajectory 170 of circuit 20 -- done
rank 21 | trajectory 172 of circuit 44 -- done
rank 12 | trajectory 64 of circuit 75 -- done
rank 2 | trajectory 172 of circuit 1 -- done
rank 50 | trajectory 159 of circuit 66 -- done
rank 19 | trajectory 4 of circuit 68 -- done
rank 79 | trajectory 33 of circuit 95 -- done
rank 58 | trajectory 118 of circuit 92 -- done
rank 77 | trajectory 77 of circuit 52 -- done
rank 9 | trajectory 95 of circuit 44 -- done
rank 1 | trajectory 151 of circuit 27 -- done
rank 53 | trajectory 124 of circuit 66 -- done
rank 39 | trajectory 100 of circuit 42 -- done
rank 89 | trajectory 57 of circuit 33 -- done
rank 44 | trajectory 130 of circuit 93 -- done
rank 73 | trajectory 33 of circuit 70 -- done
rank 30 | trajectory 57 of circuit 64 -- done
rank 76 | trajectory 142 of circuit 64 -- done
rank 29 | trajectory 52 of circuit 31 -- done
rank 95 | trajectory 44 of circuit 61 -- done
rank 51 | trajectory 74 of circuit 97 -- done
rank 66 | trajectory 158 of circuit 96 -- done
rank 62 | trajectory 8 of circuit 17 -- done
rank 9 | trajectory 81 of circuit 48 -- done
rank 84 | trajectory 2 of circuit 72 -- done
rank 96 | trajectory 38 of circuit 100 -- done
rank 37 | trajectory 114 of circuit 26 -- done
rank 99 | trajectory 109 of circuit 33 -- done
rank 63 | trajectory 123 of circuit 15 -- done
rank 91 | trajectory 147 of circuit 6 -- done
rank 86 | trajectory 183 of circuit 13 -- done
rank 59 | trajectory 67 of circuit 3 -- done
rank 33 | trajectory 26 of circuit 80 -- done
rank 75 | trajectory 107 of circuit 38 -- done
rank 38 | trajectory 40 of circuit 32 -- done
rank 58 | trajectory 175 of circuit 89 -- done
rank 17 | trajectory 34 of circuit 77 -- done
rank 73 | trajectory 1 of circuit 13 -- done
rank 78 | trajectory 55 of circuit 37 -- done
rank 16 | trajectory 151 of circuit 69 -- done
rank 76 | trajectory 55 of circuit 46 -- done
rank 4 | trajectory 85 of circuit 78 -- done
rank 49 | trajectory 33 of circuit 25 -- done
rank 13 | trajectory 17 of circuit 1 -- done
rank 29 | trajectory 14 of circuit 81 -- done
rank 53 | trajectory 137 of circuit 31 -- done
rank 14 | trajectory 177 of circuit 65 -- done
rank 7 | trajectory 92 of circuit 66 -- done
rank 70 | trajectory 147 of circuit 57 -- done
rank 31 | trajectory 185 of circuit 74 -- done
rank 30 | trajectory 103 of circuit 29 -- done
rank 52 | trajectory 54 of circuit 22 -- done
rank 88 | trajectory 18 of circuit 70 -- done
rank 21 | trajectory 169 of circuit 60 -- done
rank 82 | trajectory 123 of circuit 67 -- done
rank 91 | trajectory 58 of circuit 21 -- done
rank 55 | trajectory 110 of circuit 44 -- done
rank 80 | trajectory 42 of circuit 46 -- done
rank 12 | trajectory 103 of circuit 83 -- done
rank 33 | trajectory 169 of circuit 12 -- done
rank 95 | trajectory 34 of circuit 40 -- done
rank 44 | trajectory 124 of circuit 84 -- done
rank 54 | trajectory 55 of circuit 33 -- done
rank 79 | trajectory 15 of circuit 93 -- done
rank 84 | trajectory 18 of circuit 2 -- done
rank 1 | trajectory 108 of circuit 8 -- done
rank 29 | trajectory 3 of circuit 82 -- done
rank 99 | trajectory 140 of circuit 76 -- done
rank 25 | trajectory 64 of circuit 73 -- done
rank 9 | trajectory 167 of circuit 6 -- done
rank 75 | trajectory 10 of circuit 91 -- done
rank 62 | trajectory 29 of circuit 26 -- done
rank 58 | trajectory 33 of circuit 10 -- done
rank 17 | trajectory 53 of circuit 60 -- done
rank 76 | trajectory 111 of circuit 42 -- done
rank 37 | trajectory 158 of circuit 56 -- done
rank 46 | trajectory 175 of circuit 69 -- done
rank 41 | trajectory 70 of circuit 57 -- done
rank 85 | trajectory 8 of circuit 5 -- done
rank 53 | trajectory 113 of circuit 53 -- done
rank 19 | trajectory 70 of circuit 2 -- done
rank 30 | trajectory 171 of circuit 15 -- done
rank 86 | trajectory 141 of circuit 74 -- done
rank 77 | trajectory 116 of circuit 90 -- done
rank 5 | trajectory 103 of circuit 58 -- done
rank 31 | trajectory 159 of circuit 56 -- done
rank 70 | trajectory 33 of circuit 88 -- done
rank 78 | trajectory 167 of circuit 16 -- done
rank 97 | trajectory 185 of circuit 10 -- done
rank 89 | trajectory 35 of circuit 50 -- done
rank 49 | trajectory 15 of circuit 100 -- done
rank 96 | trajectory 50 of circuit 56 -- done
rank 95 | trajectory 31 of circuit 94 -- done
rank 80 | trajectory 40 of circuit 68 -- done
rank 91 | trajectory 31 of circuit 32 -- done
rank 59 | trajectory 63 of circuit 64 -- done
rank 39 | trajectory 160 of circuit 97 -- done
rank 66 | trajectory 164 of circuit 88 -- done
rank 2 | trajectory 62 of circuit 73 -- done
rank 87 | trajectory 44 of circuit 37 -- done
rank 76 | trajectory 103 of circuit 1 -- done
rank 79 | trajectory 62 of circuit 36 -- done
rank 73 | trajectory 123 of circuit 5 -- done
rank 16 | trajectory 24 of circuit 8 -- done
rank 3 | trajectory 172 of circuit 80 -- done
rank 29 | trajectory 102 of circuit 55 -- done
rank 33 | trajectory 27 of circuit 63 -- done
rank 82 | trajectory 79 of circuit 19 -- done
rank 88 | trajectory 173 of circuit 13 -- done
rank 25 | trajectory 38 of circuit 11 -- done
rank 62 | trajectory 80 of circuit 73 -- done
rank 53 | trajectory 176 of circuit 60 -- done
rank 12 | trajectory 138 of circuit 86 -- done
rank 63 | trajectory 186 of circuit 7 -- done
rank 4 | trajectory 160 of circuit 24 -- done
rank 84 | trajectory 152 of circuit 55 -- done
rank 36 | trajectory 144 of circuit 4 -- done
rank 21 | trajectory 155 of circuit 54 -- done
rank 86 | trajectory 145 of circuit 52 -- done
rank 7 | trajectory 14 of circuit 85 -- done
rank 30 | trajectory 55 of circuit 43 -- done
rank 41 | trajectory 55 of circuit 22 -- done
rank 75 | trajectory 184 of circuit 25 -- done
rank 37 | trajectory 117 of circuit 12 -- done
rank 31 | trajectory 172 of circuit 47 -- done
rank 19 | trajectory 69 of circuit 65 -- done
rank 70 | trajectory 95 of circuit 59 -- done
rank 58 | trajectory 171 of circuit 51 -- done
rank 17 | trajectory 16 of circuit 85 -- done
rank 60 | trajectory 83 of circuit 51 -- done
rank 1 | trajectory 54 of circuit 1 -- done
rank 55 | trajectory 93 of circuit 17 -- done
rank 46 | trajectory 94 of circuit 51 -- done
rank 14 | trajectory 17 of circuit 84 -- done
rank 33 | trajectory 115 of circuit 34 -- done
rank 99 | trajectory 88 of circuit 50 -- done
rank 53 | trajectory 19 of circuit 50 -- done
rank 80 | trajectory 140 of circuit 6 -- done
rank 77 | trajectory 129 of circuit 81 -- done
rank 78 | trajectory 53 of circuit 89 -- done
rank 5 | trajectory 117 of circuit 13 -- done
rank 87 | trajectory 78 of circuit 86 -- done
rank 50 | trajectory 95 of circuit 22 -- done
rank 41 | trajectory 3 of circuit 93 -- done
rank 2 | trajectory 51 of circuit 92 -- done
rank 29 | trajectory 63 of circuit 82 -- done
rank 51 | trajectory 146 of circuit 39 -- done
rank 16 | trajectory 69 of circuit 33 -- done
rank 59 | trajectory 115 of circuit 24 -- done
rank 39 | trajectory 155 of circuit 20 -- done
rank 73 | trajectory 36 of circuit 51 -- done
rank 76 | trajectory 7 of circuit 66 -- done
rank 30 | trajectory 37 of circuit 81 -- done
rank 54 | trajectory 63 of circuit 93 -- done
rank 13 | trajectory 25 of circuit 51 -- done
rank 96 | trajectory 8 of circuit 56 -- done
rank 9 | trajectory 93 of circuit 59 -- done
rank 12 | trajectory 72 of circuit 67 -- done
rank 91 | trajectory 81 of circuit 39 -- done
rank 88 | trajectory 133 of circuit 8 -- done
rank 77 | trajectory 178 of circuit 52 -- done
rank 66 | trajectory 10 of circuit 71 -- done
rank 62 | trajectory 102 of circuit 53 -- done
rank 14 | trajectory 28 of circuit 18 -- done
rank 38 | trajectory 98 of circuit 55 -- done
rank 49 | trajectory 149 of circuit 66 -- done
rank 89 | trajectory 52 of circuit 58 -- done
rank 21 | trajectory 160 of circuit 5 -- done
rank 44 | trajectory 2 of circuit 1 -- done
rank 84 | trajectory 9 of circuit 50 -- done
rank 99 | trajectory 101 of circuit 90 -- done
rank 17 | trajectory 43 of circuit 67 -- done
rank 70 | trajectory 114 of circuit 99 -- done
rank 41 | trajectory 123 of circuit 69 -- done
rank 31 | trajectory 82 of circuit 57 -- done
rank 79 | trajectory 53 of circuit 39 -- done
rank 85 | trajectory 27 of circuit 96 -- done
rank 58 | trajectory 164 of circuit 72 -- done
rank 86 | trajectory 126 of circuit 92 -- done
rank 82 | trajectory 163 of circuit 23 -- done
rank 1 | trajectory 132 of circuit 9 -- done
rank 25 | trajectory 32 of circuit 27 -- done
rank 95 | trajectory 12 of circuit 68 -- done
rank 4 | trajectory 37 of circuit 23 -- done
rank 76 | trajectory 150 of circuit 91 -- done
rank 19 | trajectory 45 of circuit 25 -- done
rank 77 | trajectory 136 of circuit 8 -- done
rank 50 | trajectory 36 of circuit 73 -- done
rank 2 | trajectory 13 of circuit 96 -- done
rank 80 | trajectory 100 of circuit 87 -- done
rank 33 | trajectory 127 of circuit 72 -- done
rank 55 | trajectory 43 of circuit 89 -- done
rank 41 | trajectory 96 of circuit 33 -- done
rank 60 | trajectory 59 of circuit 12 -- done
rank 75 | trajectory 158 of circuit 37 -- done
rank 30 | trajectory 88 of circuit 85 -- done
rank 88 | trajectory 169 of circuit 65 -- done
rank 70 | trajectory 57 of circuit 87 -- done
rank 37 | trajectory 51 of circuit 64 -- done
rank 5 | trajectory 66 of circuit 68 -- done
rank 73 | trajectory 92 of circuit 25 -- done
rank 12 | trajectory 146 of circuit 25 -- done
rank 78 | trajectory 102 of circuit 57 -- done
rank 63 | trajectory 95 of circuit 71 -- done
rank 16 | trajectory 147 of circuit 5 -- done
rank 86 | trajectory 94 of circuit 66 -- done
rank 49 | trajectory 82 of circuit 20 -- done
rank 58 | trajectory 11 of circuit 52 -- done
rank 14 | trajectory 63 of circuit 58 -- done
rank 31 | trajectory 186 of circuit 21 -- done
rank 13 | trajectory 26 of circuit 62 -- done
rank 46 | trajectory 155 of circuit 70 -- done
rank 21 | trajectory 171 of circuit 4 -- done
rank 59 | trajectory 116 of circuit 11 -- done
rank 38 | trajectory 129 of circuit 75 -- done
rank 29 | trajectory 77 of circuit 70 -- done
rank 53 | trajectory 46 of circuit 93 -- done
rank 77 | trajectory 167 of circuit 73 -- done
rank 82 | trajectory 182 of circuit 95 -- done
rank 99 | trajectory 132 of circuit 19 -- done
rank 9 | trajectory 169 of circuit 9 -- done
rank 44 | trajectory 79 of circuit 76 -- done
rank 73 | trajectory 73 of circuit 89 -- done
rank 1 | trajectory 119 of circuit 23 -- done
rank 3 | trajectory 31 of circuit 22 -- done
rank 91 | trajectory 109 of circuit 95 -- done
rank 84 | trajectory 80 of circuit 32 -- done
rank 80 | trajectory 156 of circuit 83 -- done
rank 6 | trajectory 81 of circuit 51 -- done
rank 30 | trajectory 104 of circuit 88 -- done
rank 14 | trajectory 24 of circuit 99 -- done
rank 39 | trajectory 49 of circuit 24 -- done
rank 51 | trajectory 62 of circuit 84 -- done
rank 7 | trajectory 31 of circuit 53 -- done
rank 70 | trajectory 59 of circuit 10 -- done
rank 87 | trajectory 118 of circuit 57 -- done
rank 85 | trajectory 81 of circuit 67 -- done
rank 75 | trajectory 79 of circuit 100 -- done
rank 66 | trajectory 188 of circuit 25 -- done
rank 41 | trajectory 188 of circuit 83 -- done
rank 33 | trajectory 151 of circuit 47 -- done
rank 95 | trajectory 86 of circuit 25 -- done
rank 77 | trajectory 22 of circuit 65 -- done
rank 88 | trajectory 123 of circuit 70 -- done
rank 49 | trajectory 182 of circuit 32 -- done
rank 25 | trajectory 63 of circuit 46 -- done
rank 53 | trajectory 58 of circuit 32 -- done
rank 50 | trajectory 112 of circuit 24 -- done
rank 86 | trajectory 35 of circuit 100 -- done
rank 76 | trajectory 30 of circuit 62 -- done
rank 78 | trajectory 164 of circuit 7 -- done
rank 55 | trajectory 136 of circuit 65 -- done
rank 2 | trajectory 82 of circuit 5 -- done
rank 19 | trajectory 79 of circuit 29 -- done
rank 37 | trajectory 167 of circuit 39 -- done
rank 14 | trajectory 100 of circuit 39 -- done
rank 59 | trajectory 100 of circuit 7 -- done
rank 96 | trajectory 33 of circuit 19 -- done
rank 12 | trajectory 49 of circuit 87 -- done
rank 99 | trajectory 171 of circuit 36 -- done
rank 21 | trajectory 97 of circuit 60 -- done
rank 4 | trajectory 68 of circuit 87 -- done
rank 79 | trajectory 92 of circuit 85 -- done
rank 60 | trajectory 147 of circuit 64 -- done
rank 29 | trajectory 32 of circuit 79 -- done
rank 5 | trajectory 160 of circuit 75 -- done
rank 82 | trajectory 133 of circuit 49 -- done
rank 13 | trajectory 31 of circuit 7 -- done
rank 9 | trajectory 92 of circuit 45 -- done
rank 1 | trajectory 155 of circuit 43 -- done
rank 46 | trajectory 159 of circuit 1 -- done
rank 16 | trajectory 6 of circuit 37 -- done
rank 7 | trajectory 33 of circuit 100 -- done
rank 62 | trajectory 73 of circuit 63 -- done
rank 87 | trajectory 21 of circuit 22 -- done
rank 44 | trajectory 116 of circuit 45 -- done
rank 84 | trajectory 147 of circuit 66 -- done
rank 70 | trajectory 188 of circuit 42 -- done
rank 58 | trajectory 7 of circuit 69 -- done
rank 14 | trajectory 149 of circuit 77 -- done
rank 76 | trajectory 130 of circuit 81 -- done
rank 31 | trajectory 58 of circuit 47 -- done
rank 66 | trajectory 95 of circuit 19 -- done
rank 47 | trajectory 157 of circuit 44 -- done
rank 88 | trajectory 129 of circuit 94 -- done
rank 99 | trajectory 13 of circuit 87 -- done
rank 30 | trajectory 101 of circuit 92 -- done
rank 29 | trajectory 13 of circuit 14 -- done
rank 49 | trajectory 186 of circuit 91 -- done
rank 41 | trajectory 51 of circuit 66 -- done
rank 73 | trajectory 93 of circuit 43 -- done
rank 38 | trajectory 88 of circuit 92 -- done
rank 59 | trajectory 38 of circuit 42 -- done
rank 3 | trajectory 54 of circuit 58 -- done
rank 14 | trajectory 37 of circuit 13 -- done
rank 39 | trajectory 129 of circuit 33 -- done
rank 77 | trajectory 63 of circuit 29 -- done
rank 86 | trajectory 72 of circuit 2 -- done
rank 11 | trajectory 126 of circuit 70 -- done
rank 47 | trajectory 165 of circuit 81 -- done
rank 95 | trajectory 168 of circuit 64 -- done
rank 21 | trajectory 135 of circuit 92 -- done
rank 2 | trajectory 31 of circuit 6 -- done
rank 85 | trajectory 17 of circuit 18 -- done
rank 50 | trajectory 41 of circuit 92 -- done
rank 54 | trajectory 145 of circuit 35 -- done
rank 79 | trajectory 191 of circuit 63 -- done
rank 75 | trajectory 87 of circuit 2 -- done
rank 53 | trajectory 61 of circuit 83 -- done
rank 47 | trajectory 28 of circuit 100 -- done
rank 25 | trajectory 73 of circuit 13 -- done
rank 80 | trajectory 91 of circuit 51 -- done
rank 37 | trajectory 110 of circuit 78 -- done
rank 33 | trajectory 120 of circuit 22 -- done
rank 87 | trajectory 34 of circuit 69 -- done
rank 51 | trajectory 35 of circuit 55 -- done
rank 1 | trajectory 105 of circuit 61 -- done
rank 47 | trajectory 14 of circuit 24 -- done
rank 76 | trajectory 53 of circuit 84 -- done
rank 30 | trajectory 70 of circuit 32 -- done
rank 7 | trajectory 36 of circuit 55 -- done
rank 78 | trajectory 49 of circuit 52 -- done
rank 99 | trajectory 118 of circuit 28 -- done
rank 88 | trajectory 178 of circuit 8 -- done
rank 73 | trajectory 115 of circuit 32 -- done
rank 47 | trajectory 48 of circuit 44 -- done
rank 4 | trajectory 78 of circuit 88 -- done
rank 44 | trajectory 6 of circuit 56 -- done
rank 66 | trajectory 123 of circuit 66 -- done
rank 13 | trajectory 7 of circuit 72 -- done
rank 62 | trajectory 10 of circuit 53 -- done
rank 55 | trajectory 122 of circuit 21 -- done
rank 63 | trajectory 103 of circuit 21 -- done
rank 47 | trajectory 133 of circuit 95 -- done
rank 84 | trajectory 34 of circuit 15 -- done
rank 9 | trajectory 121 of circuit 3 -- done
rank 49 | trajectory 5 of circuit 26 -- done
rank 58 | trajectory 174 of circuit 91 -- done
rank 12 | trajectory 68 of circuit 29 -- done
rank 6 | trajectory 132 of circuit 10 -- done
rank 53 | trajectory 139 of circuit 48 -- done
rank 41 | trajectory 10 of circuit 47 -- done
rank 47 | trajectory 116 of circuit 70 -- done
rank 79 | trajectory 28 of circuit 24 -- done
rank 16 | trajectory 88 of circuit 66 -- done
rank 31 | trajectory 160 of circuit 31 -- done
rank 82 | trajectory 165 of circuit 66 -- done
rank 70 | trajectory 74 of circuit 65 -- done
rank 30 | trajectory 118 of circuit 45 -- done
rank 91 | trajectory 53 of circuit 19 -- done
rank 73 | trajectory 192 of circuit 85 -- done
rank 47 | trajectory 68 of circuit 11 -- done
rank 80 | trajectory 108 of circuit 92 -- done
rank 87 | trajectory 56 of circuit 48 -- done
rank 25 | trajectory 71 of circuit 40 -- done
rank 43 | trajectory 53 of circuit 65 -- done
rank 47 | trajectory 146 of circuit 63 -- done
rank 59 | trajectory 77 of circuit 74 -- done
rank 46 | trajectory 177 of circuit 83 -- done
rank 96 | trajectory 125 of circuit 13 -- done
rank 86 | trajectory 165 of circuit 13 -- done
rank 67 | trajectory 46 of circuit 44 -- done
rank 7 | trajectory 182 of circuit 90 -- done
rank 14 | trajectory 157 of circuit 43 -- done
rank 47 | trajectory 66 of circuit 59 -- done
rank 60 | trajectory 103 of circuit 93 -- done
rank 33 | trajectory 130 of circuit 3 -- done
rank 91 | trajectory 77 of circuit 40 -- done
rank 77 | trajectory 60 of circuit 1 -- done
rank 11 | trajectory 68 of circuit 70 -- done
rank 76 | trajectory 118 of circuit 76 -- done
rank 88 | trajectory 156 of circuit 45 -- done
rank 95 | trajectory 56 of circuit 82 -- done
rank 1 | trajectory 99 of circuit 100 -- done
rank 30 | trajectory 76 of circuit 68 -- done
rank 58 | trajectory 13 of circuit 83 -- done
rank 77 | trajectory 98 of circuit 91 -- done
rank 62 | trajectory 5 of circuit 50 -- done
rank 47 | trajectory 119 of circuit 47 -- done
rank 37 | trajectory 161 of circuit 35 -- done
rank 99 | trajectory 70 of circuit 63 -- done
rank 53 | trajectory 121 of circuit 7 -- done
rank 19 | trajectory 92 of circuit 35 -- done
rank 3 | trajectory 94 of circuit 9 -- done
rank 79 | trajectory 68 of circuit 24 -- done
rank 78 | trajectory 166 of circuit 40 -- done
rank 66 | trajectory 153 of circuit 34 -- done
rank 47 | trajectory 154 of circuit 96 -- done
rank 33 | trajectory 121 of circuit 48 -- done
rank 13 | trajectory 150 of circuit 12 -- done
rank 49 | trajectory 88 of circuit 5 -- done
rank 77 | trajectory 41 of circuit 5 -- done
rank 14 | trajectory 33 of circuit 94 -- done
rank 80 | trajectory 94 of circuit 44 -- done
rank 5 | trajectory 56 of circuit 42 -- done
rank 12 | trajectory 48 of circuit 62 -- done
rank 91 | trajectory 186 of circuit 8 -- done
rank 15 | trajectory 61 of circuit 72 -- done
rank 87 | trajectory 54 of circuit 41 -- done
rank 47 | trajectory 123 of circuit 11 -- done
rank 41 | trajectory 4 of circuit 63 -- done
rank 44 | trajectory 8 of circuit 93 -- done
rank 39 | trajectory 60 of circuit 100 -- done
rank 63 | trajectory 157 of circuit 17 -- done
rank 85 | trajectory 185 of circuit 21 -- done
rank 53 | trajectory 31 of circuit 25 -- done
rank 9 | trajectory 15 of circuit 48 -- done
rank 50 | trajectory 150 of circuit 35 -- done
rank 82 | trajectory 170 of circuit 3 -- done
rank 86 | trajectory 180 of circuit 61 -- done
rank 70 | trajectory 164 of circuit 12 -- done
rank 76 | trajectory 24 of circuit 65 -- done
rank 75 | trajectory 139 of circuit 88 -- done
rank 21 | trajectory 109 of circuit 87 -- done
rank 80 | trajectory 192 of circuit 72 -- done
rank 51 | trajectory 127 of circuit 81 -- done
rank 38 | trajectory 71 of circuit 4 -- done
rank 95 | trajectory 105 of circuit 47 -- done
rank 31 | trajectory 125 of circuit 14 -- done
rank 84 | trajectory 66 of circuit 27 -- done
rank 25 | trajectory 78 of circuit 47 -- done
rank 99 | trajectory 120 of circuit 88 -- done
rank 33 | trajectory 180 of circuit 73 -- done
rank 54 | trajectory 109 of circuit 55 -- done
rank 77 | trajectory 40 of circuit 91 -- done
rank 16 | trajectory 92 of circuit 7 -- done
rank 36 | trajectory 191 of circuit 66 -- done
rank 47 | trajectory 44 of circuit 91 -- done
rank 29 | trajectory 2 of circuit 41 -- done
rank 7 | trajectory 7 of circuit 59 -- done
rank 19 | trajectory 100 of circuit 35 -- done
rank 43 | trajectory 163 of circuit 55 -- done
rank 4 | trajectory 173 of circuit 33 -- done
rank 55 | trajectory 37 of circuit 74 -- done
rank 62 | trajectory 100 of circuit 44 -- done
rank 37 | trajectory 144 of circuit 79 -- done
rank 59 | trajectory 64 of circuit 72 -- done
rank 47 | trajectory 5 of circuit 17 -- done
rank 46 | trajectory 151 of circuit 53 -- done
rank 66 | trajectory 40 of circuit 80 -- done
rank 96 | trajectory 93 of circuit 35 -- done
rank 47 | trajectory 117 of circuit 31 -- done
rank 77 | trajectory 163 of circuit 28 -- done
rank 49 | trajectory 27 of circuit 45 -- done
rank 11 | trajectory 60 of circuit 36 -- done
rank 88 | trajectory 87 of circuit 93 -- done
rank 41 | trajectory 176 of circuit 19 -- done
rank 33 | trajectory 30 of circuit 85 -- done
rank 2 | trajectory 15 of circuit 59 -- done
rank 29 | trajectory 55 of circuit 59 -- done
rank 78 | trajectory 148 of circuit 99 -- done
rank 87 | trajectory 9 of circuit 21 -- done
rank 1 | trajectory 171 of circuit 82 -- done
rank 70 | trajectory 27 of circuit 14 -- done
rank 21 | trajectory 189 of circuit 23 -- done
rank 76 | trajectory 64 of circuit 87 -- done
rank 47 | trajectory 55 of circuit 2 -- done
rank 86 | trajectory 172 of circuit 53 -- done
rank 15 | trajectory 23 of circuit 66 -- done
rank 12 | trajectory 63 of circuit 67 -- done
rank 75 | trajectory 78 of circuit 8 -- done
rank 79 | trajectory 32 of circuit 59 -- done
rank 30 | trajectory 54 of circuit 52 -- done
rank 63 | trajectory 83 of circuit 76 -- done
rank 50 | trajectory 169 of circuit 77 -- done
rank 19 | trajectory 116 of circuit 96 -- done
rank 99 | trajectory 185 of circuit 72 -- done
rank 9 | trajectory 162 of circuit 5 -- done
rank 44 | trajectory 15 of circuit 7 -- done
rank 77 | trajectory 154 of circuit 70 -- done
rank 29 | trajectory 144 of circuit 24 -- done
rank 85 | trajectory 123 of circuit 93 -- done
rank 95 | trajectory 95 of circuit 23 -- done
rank 62 | trajectory 182 of circuit 98 -- done
rank 13 | trajectory 117 of circuit 59 -- done
rank 3 | trajectory 134 of circuit 75 -- done
rank 66 | trajectory 177 of circuit 19 -- done
rank 47 | trajectory 53 of circuit 85 -- done
rank 53 | trajectory 80 of circuit 88 -- done
rank 39 | trajectory 15 of circuit 42 -- done
rank 7 | trajectory 140 of circuit 81 -- done
rank 6 | trajectory 112 of circuit 50 -- done
rank 91 | trajectory 123 of circuit 61 -- done
rank 84 | trajectory 14 of circuit 19 -- done
rank 80 | trajectory 77 of circuit 71 -- done
rank 73 | trajectory 97 of circuit 9 -- done
rank 88 | trajectory 171 of circuit 47 -- done
rank 4 | trajectory 128 of circuit 16 -- done
rank 70 | trajectory 186 of circuit 56 -- done
rank 43 | trajectory 144 of circuit 47 -- done
rank 14 | trajectory 184 of circuit 35 -- done
rank 38 | trajectory 93 of circuit 96 -- done
rank 49 | trajectory 28 of circuit 26 -- done
rank 29 | trajectory 28 of circuit 54 -- done
rank 16 | trajectory 66 of circuit 55 -- done
rank 46 | trajectory 167 of circuit 28 -- done
rank 1 | trajectory 179 of circuit 40 -- done
rank 2 | trajectory 180 of circuit 3 -- done
rank 19 | trajectory 159 of circuit 41 -- done
rank 37 | trajectory 179 of circuit 50 -- done
rank 73 | trajectory 70 of circuit 83 -- done
rank 5 | trajectory 153 of circuit 37 -- done
rank 31 | trajectory 131 of circuit 41 -- done
rank 55 | trajectory 109 of circuit 80 -- done
rank 89 | trajectory 89 of circuit 43 -- done
rank 59 | trajectory 119 of circuit 27 -- done
rank 87 | trajectory 75 of circuit 11 -- done
rank 12 | trajectory 12 of circuit 21 -- done
rank 86 | trajectory 167 of circuit 56 -- done
rank 95 | trajectory 29 of circuit 1 -- done
rank 30 | trajectory 63 of circuit 11 -- done
rank 66 | trajectory 64 of circuit 83 -- done
rank 63 | trajectory 68 of circuit 85 -- done
rank 21 | trajectory 42 of circuit 17 -- done
rank 99 | trajectory 161 of circuit 8 -- done
rank 54 | trajectory 133 of circuit 65 -- done
rank 78 | trajectory 22 of circuit 30 -- done
rank 76 | trajectory 12 of circuit 94 -- done
rank 14 | trajectory 21 of circuit 17 -- done
rank 82 | trajectory 119 of circuit 56 -- done
rank 15 | trajectory 44 of circuit 29 -- done
rank 33 | trajectory 182 of circuit 17 -- done
rank 75 | trajectory 84 of circuit 45 -- done
rank 9 | trajectory 142 of circuit 23 -- done
rank 51 | trajectory 125 of circuit 7 -- done
rank 25 | trajectory 27 of circuit 92 -- done
rank 77 | trajectory 52 of circuit 5 -- done
rank 29 | trajectory 35 of circuit 36 -- done
rank 14 | trajectory 89 of circuit 67 -- done
rank 73 | trajectory 29 of circuit 95 -- done
rank 44 | trajectory 159 of circuit 81 -- done
rank 39 | trajectory 40 of circuit 71 -- done
rank 50 | trajectory 115 of circuit 4 -- done
rank 3 | trajectory 133 of circuit 20 -- done
rank 62 | trajectory 119 of circuit 18 -- done
rank 87 | trajectory 132 of circuit 48 -- done
rank 33 | trajectory 4 of circuit 88 -- done
rank 85 | trajectory 48 of circuit 35 -- done
rank 38 | trajectory 28 of circuit 53 -- done
rank 13 | trajectory 3 of circuit 56 -- done
rank 19 | trajectory 81 of circuit 95 -- done
rank 31 | trajectory 6 of circuit 61 -- done
rank 12 | trajectory 60 of circuit 53 -- done
rank 66 | trajectory 104 of circuit 60 -- done
rank 96 | trajectory 147 of circuit 36 -- done
rank 1 | trajectory 11 of circuit 48 -- done
rank 16 | trajectory 16 of circuit 83 -- done
rank 88 | trajectory 28 of circuit 72 -- done
rank 84 | trajectory 40 of circuit 76 -- done
rank 58 | trajectory 30 of circuit 41 -- done
rank 21 | trajectory 86 of circuit 81 -- done
rank 79 | trajectory 9 of circuit 22 -- done
rank 53 | trajectory 86 of circuit 46 -- done
rank 80 | trajectory 176 of circuit 97 -- done
rank 4 | trajectory 141 of circuit 77 -- done
rank 49 | trajectory 21 of circuit 74 -- done
rank 75 | trajectory 59 of circuit 30 -- done
rank 76 | trajectory 124 of circuit 85 -- done
rank 59 | trajectory 166 of circuit 66 -- done
rank 70 | trajectory 89 of circuit 69 -- done
rank 43 | trajectory 4 of circuit 64 -- done
rank 2 | trajectory 68 of circuit 36 -- done
rank 95 | trajectory 162 of circuit 30 -- done
rank 14 | trajectory 97 of circuit 81 -- done
rank 77 | trajectory 48 of circuit 67 -- done
rank 11 | trajectory 158 of circuit 95 -- done
rank 99 | trajectory 166 of circuit 65 -- done
rank 29 | trajectory 26 of circuit 44 -- done
rank 44 | trajectory 109 of circuit 71 -- done
rank 73 | trajectory 185 of circuit 7 -- done
rank 46 | trajectory 105 of circuit 94 -- done
rank 63 | trajectory 148 of circuit 1 -- done
rank 53 | trajectory 33 of circuit 32 -- done
rank 82 | trajectory 142 of circuit 18 -- done
rank 9 | trajectory 78 of circuit 97 -- done
rank 86 | trajectory 113 of circuit 40 -- done
rank 79 | trajectory 74 of circuit 22 -- done
rank 6 | trajectory 162 of circuit 18 -- done
rank 55 | trajectory 185 of circuit 32 -- done
rank 21 | trajectory 185 of circuit 9 -- done
rank 50 | trajectory 44 of circuit 100 -- done
rank 31 | trajectory 122 of circuit 84 -- done
rank 30 | trajectory 38 of circuit 27 -- done
rank 95 | trajectory 145 of circuit 70 -- done
rank 12 | trajectory 32 of circuit 100 -- done
rank 62 | trajectory 97 of circuit 65 -- done
rank 87 | trajectory 52 of circuit 41 -- done
rank 15 | trajectory 75 of circuit 72 -- done
rank 70 | trajectory 71 of circuit 39 -- done
rank 19 | trajectory 173 of circuit 97 -- done
rank 78 | trajectory 61 of circuit 33 -- done
rank 1 | trajectory 26 of circuit 17 -- done
rank 76 | trajectory 81 of circuit 12 -- done
rank 75 | trajectory 74 of circuit 92 -- done
rank 66 | trajectory 163 of circuit 67 -- done
rank 51 | trajectory 115 of circuit 11 -- done
rank 99 | trajectory 130 of circuit 96 -- done
rank 88 | trajectory 176 of circuit 6 -- done
rank 58 | trajectory 55 of circuit 99 -- done
rank 49 | trajectory 23 of circuit 46 -- done
rank 43 | trajectory 148 of circuit 28 -- done
rank 39 | trajectory 158 of circuit 8 -- done
rank 85 | trajectory 4 of circuit 66 -- done
rank 7 | trajectory 18 of circuit 71 -- done
rank 21 | trajectory 74 of circuit 81 -- done
rank 79 | trajectory 12 of circuit 86 -- done
rank 37 | trajectory 118 of circuit 7 -- done
rank 14 | trajectory 69 of circuit 74 -- done
rank 5 | trajectory 91 of circuit 60 -- done
rank 59 | trajectory 106 of circuit 74 -- done
rank 33 | trajectory 39 of circuit 60 -- done
rank 86 | trajectory 67 of circuit 40 -- done
rank 84 | trajectory 12 of circuit 83 -- done
rank 3 | trajectory 171 of circuit 24 -- done
rank 70 | trajectory 109 of circuit 39 -- done
rank 44 | trajectory 77 of circuit 36 -- done
rank 95 | trajectory 141 of circuit 24 -- done
rank 16 | trajectory 63 of circuit 13 -- done
rank 13 | trajectory 62 of circuit 22 -- done
rank 2 | trajectory 80 of circuit 25 -- done
rank 11 | trajectory 93 of circuit 12 -- done
rank 80 | trajectory 86 of circuit 60 -- done
rank 54 | trajectory 165 of circuit 96 -- done
rank 76 | trajectory 175 of circuit 6 -- done
rank 82 | trajectory 66 of circuit 44 -- done
rank 30 | trajectory 159 of circuit 58 -- done
rank 63 | trajectory 6 of circuit 83 -- done
rank 62 | trajectory 23 of circuit 89 -- done
rank 31 | trajectory 25 of circuit 76 -- done
rank 19 | trajectory 132 of circuit 29 -- done
rank 12 | trajectory 52 of circuit 94 -- done
rank 33 | trajectory 192 of circuit 2 -- done
rank 4 | trajectory 83 of circuit 89 -- done
rank 55 | trajectory 178 of circuit 45 -- done
rank 88 | trajectory 124 of circuit 26 -- done
rank 50 | trajectory 129 of circuit 24 -- done
rank 38 | trajectory 53 of circuit 49 -- done
rank 77 | trajectory 19 of circuit 84 -- done
rank 9 | trajectory 20 of circuit 33 -- done
rank 21 | trajectory 137 of circuit 60 -- done
rank 14 | trajectory 79 of circuit 8 -- done
rank 79 | trajectory 167 of circuit 61 -- done
rank 78 | trajectory 116 of circuit 5 -- done
rank 99 | trajectory 104 of circuit 9 -- done
rank 66 | trajectory 108 of circuit 96 -- done
rank 58 | trajectory 126 of circuit 62 -- done
rank 41 | trajectory 71 of circuit 1 -- done
rank 15 | trajectory 121 of circuit 85 -- done
rank 87 | trajectory 114 of circuit 63 -- done
rank 93 | trajectory 30 of circuit 89 -- done
rank 96 | trajectory 116 of circuit 31 -- done
rank 46 | trajectory 76 of circuit 1 -- done
rank 49 | trajectory 98 of circuit 94 -- done
rank 73 | trajectory 94 of circuit 79 -- done
rank 59 | trajectory 149 of circuit 95 -- done
rank 43 | trajectory 8 of circuit 86 -- done
rank 33 | trajectory 119 of circuit 88 -- done
rank 86 | trajectory 149 of circuit 44 -- done
rank 29 | trajectory 119 of circuit 77 -- done
rank 70 | trajectory 25 of circuit 46 -- done
rank 77 | trajectory 149 of circuit 97 -- done
rank 1 | trajectory 85 of circuit 91 -- done
rank 25 | trajectory 98 of circuit 96 -- done
rank 76 | trajectory 162 of circuit 15 -- done
rank 95 | trajectory 182 of circuit 71 -- done
rank 14 | trajectory 41 of circuit 29 -- done
rank 41 | trajectory 21 of circuit 29 -- done
rank 6 | trajectory 151 of circuit 23 -- done
rank 63 | trajectory 16 of circuit 94 -- done
rank 84 | trajectory 29 of circuit 96 -- done
rank 73 | trajectory 45 of circuit 83 -- done
rank 13 | trajectory 12 of circuit 32 -- done
rank 44 | trajectory 44 of circuit 39 -- done
rank 58 | trajectory 32 of circuit 97 -- done
rank 62 | trajectory 140 of circuit 37 -- done
rank 2 | trajectory 75 of circuit 40 -- done
rank 87 | trajectory 166 of circuit 94 -- done
rank 31 | trajectory 126 of circuit 1 -- done
rank 7 | trajectory 40 of circuit 22 -- done
rank 30 | trajectory 59 of circuit 77 -- done
rank 39 | trajectory 18 of circuit 66 -- done
rank 5 | trajectory 192 of circuit 36 -- done
rank 82 | trajectory 5 of circuit 54 -- done
rank 99 | trajectory 135 of circuit 83 -- done
rank 86 | trajectory 176 of circuit 55 -- done
rank 75 | trajectory 112 of circuit 46 -- done
rank 80 | trajectory 68 of circuit 26 -- done
rank 51 | trajectory 174 of circuit 92 -- done
rank 59 | trajectory 132 of circuit 72 -- done
rank 43 | trajectory 28 of circuit 81 -- done
rank 49 | trajectory 50 of circuit 61 -- done
rank 77 | trajectory 130 of circuit 88 -- done
rank 12 | trajectory 23 of circuit 61 -- done
rank 79 | trajectory 3 of circuit 80 -- done
rank 4 | trajectory 55 of circuit 87 -- done
rank 16 | trajectory 37 of circuit 63 -- done
rank 85 | trajectory 40 of circuit 61 -- done
rank 41 | trajectory 137 of circuit 29 -- done
rank 37 | trajectory 115 of circuit 12 -- done
rank 30 | trajectory 134 of circuit 74 -- done
rank 76 | trajectory 37 of circuit 26 -- done
rank 58 | trajectory 91 of circuit 75 -- done
rank 55 | trajectory 42 of circuit 19 -- done
rank 1 | trajectory 60 of circuit 86 -- done
rank 11 | trajectory 109 of circuit 82 -- done
rank 19 | trajectory 126 of circuit 42 -- done
rank 21 | trajectory 7 of circuit 35 -- done
rank 29 | trajectory 34 of circuit 68 -- done
rank 46 | trajectory 66 of circuit 98 -- done
rank 33 | trajectory 34 of circuit 73 -- done
rank 15 | trajectory 95 of circuit 46 -- done
rank 38 | trajectory 109 of circuit 31 -- done
rank 60 | trajectory 19 of circuit 6 -- done
rank 70 | trajectory 177 of circuit 32 -- done
rank 87 | trajectory 126 of circuit 95 -- done
rank 77 | trajectory 68 of circuit 19 -- done
rank 14 | trajectory 70 of circuit 100 -- done
rank 79 | trajectory 54 of circuit 18 -- done
rank 54 | trajectory 65 of circuit 74 -- done
rank 50 | trajectory 182 of circuit 91 -- done
rank 86 | trajectory 123 of circuit 44 -- done
rank 30 | trajectory 94 of circuit 33 -- done
rank 96 | trajectory 172 of circuit 43 -- done
rank 25 | trajectory 67 of circuit 89 -- done
rank 3 | trajectory 187 of circuit 48 -- done
rank 77 | trajectory 8 of circuit 53 -- done
rank 66 | trajectory 100 of circuit 14 -- done
rank 49 | trajectory 190 of circuit 50 -- done
rank 29 | trajectory 75 of circuit 55 -- done
rank 9 | trajectory 47 of circuit 96 -- done
rank 73 | trajectory 27 of circuit 9 -- done
rank 31 | trajectory 41 of circuit 2 -- done
rank 2 | trajectory 6 of circuit 44 -- done
rank 63 | trajectory 182 of circuit 67 -- done
rank 95 | trajectory 96 of circuit 10 -- done
rank 80 | trajectory 69 of circuit 86 -- done
rank 99 | trajectory 45 of circuit 22 -- done
rank 64 | trajectory 47 of circuit 92 -- done
rank 39 | trajectory 9 of circuit 35 -- done
rank 70 | trajectory 120 of circuit 19 -- done
rank 44 | trajectory 105 of circuit 9 -- done
rank 75 | trajectory 108 of circuit 47 -- done
rank 58 | trajectory 57 of circuit 41 -- done
rank 12 | trajectory 47 of circuit 79 -- done
rank 87 | trajectory 162 of circuit 71 -- done
rank 21 | trajectory 49 of circuit 28 -- done
rank 76 | trajectory 163 of circuit 51 -- done
rank 13 | trajectory 41 of circuit 89 -- done
rank 37 | trajectory 73 of circuit 74 -- done
rank 14 | trajectory 115 of circuit 39 -- done
rank 41 | trajectory 115 of circuit 96 -- done
rank 38 | trajectory 56 of circuit 59 -- done
rank 84 | trajectory 13 of circuit 5 -- done
rank 4 | trajectory 116 of circuit 87 -- done
rank 19 | trajectory 56 of circuit 77 -- done
rank 16 | trajectory 77 of circuit 61 -- done
rank 43 | trajectory 5 of circuit 82 -- done
rank 62 | trajectory 107 of circuit 92 -- done
rank 5 | trajectory 49 of circuit 80 -- done
rank 11 | trajectory 77 of circuit 23 -- done
rank 51 | trajectory 182 of circuit 79 -- done
rank 15 | trajectory 156 of circuit 9 -- done
rank 17 | trajectory 113 of circuit 34 -- done
rank 29 | trajectory 105 of circuit 69 -- done
rank 30 | trajectory 183 of circuit 53 -- done
rank 55 | trajectory 50 of circuit 86 -- done
rank 49 | trajectory 11 of circuit 47 -- done
rank 31 | trajectory 148 of circuit 20 -- done
rank 54 | trajectory 182 of circuit 36 -- done
rank 99 | trajectory 133 of circuit 54 -- done
rank 86 | trajectory 50 of circuit 85 -- done
rank 7 | trajectory 24 of circuit 48 -- done
rank 77 | trajectory 144 of circuit 72 -- done
rank 50 | trajectory 59 of circuit 5 -- done
rank 59 | trajectory 78 of circuit 55 -- done
rank 82 | trajectory 143 of circuit 68 -- done
rank 75 | trajectory 44 of circuit 25 -- done
rank 87 | trajectory 2 of circuit 3 -- done
rank 33 | trajectory 132 of circuit 18 -- done
rank 46 | trajectory 132 of circuit 44 -- done
rank 21 | trajectory 146 of circuit 50 -- done
rank 12 | trajectory 131 of circuit 3 -- done
rank 3 | trajectory 153 of circuit 36 -- done
rank 17 | trajectory 114 of circuit 56 -- done
rank 63 | trajectory 183 of circuit 44 -- done
rank 14 | trajectory 52 of circuit 14 -- done
rank 39 | trajectory 53 of circuit 24 -- done
rank 85 | trajectory 121 of circuit 99 -- done
rank 70 | trajectory 103 of circuit 55 -- done
rank 41 | trajectory 57 of circuit 44 -- done
rank 1 | trajectory 168 of circuit 28 -- done
rank 33 | trajectory 113 of circuit 65 -- done
rank 80 | trajectory 114 of circuit 45 -- done
rank 96 | trajectory 1 of circuit 89 -- done
rank 62 | trajectory 103 of circuit 64 -- done
rank 76 | trajectory 167 of circuit 36 -- done
rank 58 | trajectory 1 of circuit 20 -- done
rank 87 | trajectory 70 of circuit 85 -- done
rank 13 | trajectory 30 of circuit 68 -- done
rank 29 | trajectory 61 of circuit 7 -- done
rank 16 | trajectory 14 of circuit 4 -- done
rank 9 | trajectory 52 of circuit 64 -- done
rank 75 | trajectory 143 of circuit 22 -- done
rank 37 | trajectory 180 of circuit 75 -- done
rank 30 | trajectory 169 of circuit 3 -- done
rank 64 | trajectory 92 of circuit 73 -- done
rank 38 | trajectory 168 of circuit 21 -- done
rank 59 | trajectory 43 of circuit 63 -- done
rank 21 | trajectory 182 of circuit 54 -- done
rank 66 | trajectory 126 of circuit 4 -- done
rank 19 | trajectory 77 of circuit 16 -- done
rank 33 | trajectory 139 of circuit 38 -- done
rank 7 | trajectory 64 of circuit 4 -- done
rank 15 | trajectory 122 of circuit 63 -- done
rank 43 | trajectory 187 of circuit 63 -- done
rank 76 | trajectory 76 of circuit 11 -- done
rank 89 | trajectory 142 of circuit 8 -- done
rank 31 | trajectory 142 of circuit 44 -- done
rank 84 | trajectory 93 of circuit 76 -- done
rank 41 | trajectory 178 of circuit 80 -- done
rank 86 | trajectory 118 of circuit 65 -- done
rank 49 | trajectory 62 of circuit 91 -- done
rank 17 | trajectory 12 of circuit 30 -- done
rank 47 | trajectory 144 of circuit 40 -- done
rank 11 | trajectory 134 of circuit 66 -- done
rank 14 | trajectory 66 of circuit 62 -- done
rank 12 | trajectory 31 of circuit 44 -- done
rank 2 | trajectory 182 of circuit 55 -- done
rank 4 | trajectory 15 of circuit 97 -- done
rank 63 | trajectory 22 of circuit 79 -- done
rank 79 | trajectory 2 of circuit 26 -- done
rank 33 | trajectory 101 of circuit 28 -- done
rank 51 | trajectory 75 of circuit 74 -- done
rank 50 | trajectory 57 of circuit 54 -- done
rank 99 | trajectory 113 of circuit 46 -- done
rank 82 | trajectory 128 of circuit 79 -- done
rank 25 | trajectory 26 of circuit 95 -- done
rank 35 | trajectory 159 of circuit 82 -- done
rank 95 | trajectory 73 of circuit 41 -- done
rank 76 | trajectory 181 of circuit 5 -- done
rank 62 | trajectory 180 of circuit 37 -- done
rank 64 | trajectory 37 of circuit 59 -- done
rank 77 | trajectory 75 of circuit 48 -- done
rank 33 | trajectory 95 of circuit 89 -- done
rank 41 | trajectory 33 of circuit 74 -- done
rank 5 | trajectory 81 of circuit 45 -- done
rank 66 | trajectory 36 of circuit 60 -- done
rank 3 | trajectory 44 of circuit 88 -- done
rank 21 | trajectory 168 of circuit 29 -- done
rank 29 | trajectory 135 of circuit 43 -- done
rank 38 | trajectory 127 of circuit 14 -- done
rank 9 | trajectory 26 of circuit 20 -- done
rank 37 | trajectory 41 of circuit 87 -- done
rank 46 | trajectory 92 of circuit 75 -- done
rank 19 | trajectory 75 of circuit 93 -- done
rank 14 | trajectory 38 of circuit 13 -- done
rank 30 | trajectory 58 of circuit 73 -- done
rank 16 | trajectory 39 of circuit 97 -- done
rank 77 | trajectory 79 of circuit 97 -- done
rank 17 | trajectory 17 of circuit 68 -- done
rank 75 | trajectory 187 of circuit 50 -- done
rank 96 | trajectory 15 of circuit 89 -- done
rank 1 | trajectory 43 of circuit 58 -- done
rank 41 | trajectory 17 of circuit 19 -- done
rank 15 | trajectory 65 of circuit 6 -- done
rank 49 | trajectory 167 of circuit 31 -- done
rank 86 | trajectory 98 of circuit 81 -- done
rank 95 | trajectory 72 of circuit 6 -- done
rank 85 | trajectory 127 of circuit 8 -- done
rank 64 | trajectory 29 of circuit 89 -- done
rank 2 | trajectory 136 of circuit 41 -- done
rank 55 | trajectory 187 of circuit 86 -- done
rank 39 | trajectory 127 of circuit 16 -- done
rank 12 | trajectory 5 of circuit 40 -- done
rank 87 | trajectory 5 of circuit 10 -- done
rank 7 | trajectory 109 of circuit 47 -- done
rank 31 | trajectory 68 of circuit 6 -- done
rank 63 | trajectory 114 of circuit 43 -- done
rank 99 | trajectory 148 of circuit 58 -- done
rank 50 | trajectory 65 of circuit 27 -- done
rank 33 | trajectory 104 of circuit 27 -- done
rank 84 | trajectory 47 of circuit 86 -- done
rank 79 | trajectory 80 of circuit 30 -- done
rank 13 | trajectory 175 of circuit 82 -- done
rank 14 | trajectory 6 of circuit 18 -- done
rank 29 | trajectory 72 of circuit 5 -- done
rank 25 | trajectory 72 of circuit 69 -- done
rank 11 | trajectory 67 of circuit 38 -- done
rank 51 | trajectory 147 of circuit 47 -- done
rank 66 | trajectory 154 of circuit 45 -- done
rank 82 | trajectory 139 of circuit 67 -- done
rank 80 | trajectory 46 of circuit 46 -- done
rank 4 | trajectory 53 of circuit 86 -- done
rank 43 | trajectory 77 of circuit 22 -- done
rank 95 | trajectory 99 of circuit 43 -- done
rank 5 | trajectory 13 of circuit 8 -- done
rank 44 | trajectory 33 of circuit 44 -- done
rank 30 | trajectory 126 of circuit 65 -- done
rank 62 | trajectory 58 of circuit 86 -- done
rank 70 | trajectory 36 of circuit 5 -- done
rank 35 | trajectory 24 of circuit 30 -- done
rank 77 | trajectory 162 of circuit 35 -- done
rank 41 | trajectory 39 of circuit 6 -- done
rank 33 | trajectory 51 of circuit 35 -- done
rank 59 | trajectory 81 of circuit 63 -- done
rank 3 | trajectory 180 of circuit 54 -- done
rank 87 | trajectory 39 of circuit 34 -- done
rank 76 | trajectory 161 of circuit 20 -- done
rank 86 | trajectory 116 of circuit 34 -- done
rank 49 | trajectory 49 of circuit 38 -- done
rank 38 | trajectory 68 of circuit 46 -- done
rank 79 | trajectory 18 of circuit 83 -- done
rank 58 | trajectory 111 of circuit 94 -- done
rank 21 | trajectory 124 of circuit 7 -- done
rank 15 | trajectory 165 of circuit 44 -- done
rank 16 | trajectory 68 of circuit 96 -- done
rank 2 | trajectory 181 of circuit 82 -- done
rank 46 | trajectory 160 of circuit 90 -- done
rank 7 | trajectory 8 of circuit 43 -- done
rank 12 | trajectory 20 of circuit 2 -- done
rank 9 | trajectory 44 of circuit 86 -- done
rank 75 | trajectory 99 of circuit 31 -- done
rank 14 | trajectory 11 of circuit 50 -- done
rank 99 | trajectory 52 of circuit 36 -- done
rank 76 | trajectory 122 of circuit 59 -- done
rank 95 | trajectory 154 of circuit 16 -- done
rank 33 | trajectory 122 of circuit 50 -- done
rank 55 | trajectory 102 of circuit 99 -- done
rank 96 | trajectory 96 of circuit 80 -- done
rank 31 | trajectory 49 of circuit 95 -- done
rank 64 | trajectory 131 of circuit 55 -- done
rank 66 | trajectory 54 of circuit 74 -- done
rank 25 | trajectory 21 of circuit 53 -- done
rank 37 | trajectory 169 of circuit 66 -- done
rank 79 | trajectory 21 of circuit 90 -- done
rank 87 | trajectory 55 of circuit 52 -- done
rank 85 | trajectory 89 of circuit 3 -- done
rank 17 | trajectory 90 of circuit 32 -- done
rank 63 | trajectory 98 of circuit 22 -- done
rank 24 | trajectory 64 of circuit 77 -- done
rank 77 | trajectory 31 of circuit 8 -- done
rank 30 | trajectory 45 of circuit 28 -- done
rank 82 | trajectory 113 of circuit 24 -- done
rank 43 | trajectory 38 of circuit 30 -- done
rank 62 | trajectory 178 of circuit 90 -- done
rank 29 | trajectory 154 of circuit 29 -- done
rank 5 | trajectory 29 of circuit 53 -- done
rank 39 | trajectory 181 of circuit 30 -- done
rank 84 | trajectory 15 of circuit 39 -- done
rank 49 | trajectory 146 of circuit 37 -- done
rank 86 | trajectory 3 of circuit 63 -- done
rank 13 | trajectory 38 of circuit 91 -- done
rank 44 | trajectory 126 of circuit 53 -- done
rank 76 | trajectory 152 of circuit 19 -- done
rank 38 | trajectory 182 of circuit 31 -- done
rank 77 | trajectory 155 of circuit 16 -- done
rank 70 | trajectory 22 of circuit 86 -- done
rank 41 | trajectory 53 of circuit 34 -- done
rank 15 | trajectory 154 of circuit 81 -- done
rank 69 | trajectory 104 of circuit 7 -- done
rank 17 | trajectory 22 of circuit 20 -- done
rank 2 | trajectory 90 of circuit 81 -- done
rank 80 | trajectory 60 of circuit 17 -- done
rank 99 | trajectory 146 of circuit 85 -- done
rank 58 | trajectory 177 of circuit 97 -- done
rank 30 | trajectory 46 of circuit 58 -- done
rank 14 | trajectory 64 of circuit 93 -- done
rank 95 | trajectory 53 of circuit 51 -- done
rank 79 | trajectory 174 of circuit 29 -- done
rank 31 | trajectory 43 of circuit 80 -- done
rank 16 | trajectory 54 of circuit 68 -- done
rank 35 | trajectory 170 of circuit 16 -- done
rank 66 | trajectory 143 of circuit 84 -- done
rank 9 | trajectory 39 of circuit 66 -- done
rank 12 | trajectory 41 of circuit 57 -- done
rank 11 | trajectory 170 of circuit 93 -- done
rank 59 | trajectory 163 of circuit 16 -- done
rank 63 | trajectory 192 of circuit 28 -- done
rank 25 | trajectory 51 of circuit 40 -- done
rank 33 | trajectory 93 of circuit 93 -- done
rank 29 | trajectory 11 of circuit 34 -- done
rank 4 | trajectory 91 of circuit 88 -- done
rank 93 | trajectory 161 of circuit 11 -- done
rank 86 | trajectory 109 of circuit 83 -- done
rank 41 | trajectory 166 of circuit 3 -- done
rank 68 | trajectory 19 of circuit 29 -- done
rank 1 | trajectory 87 of circuit 4 -- done
rank 3 | trajectory 174 of circuit 96 -- done
rank 77 | trajectory 49 of circuit 76 -- done
rank 96 | trajectory 173 of circuit 54 -- done
rank 24 | trajectory 97 of circuit 12 -- done
rank 87 | trajectory 32 of circuit 12 -- done
rank 46 | trajectory 190 of circuit 4 -- done
rank 82 | trajectory 181 of circuit 97 -- done
rank 76 | trajectory 42 of circuit 56 -- done
rank 7 | trajectory 174 of circuit 25 -- done
rank 55 | trajectory 24 of circuit 42 -- done
rank 20 | trajectory 2 of circuit 53 -- done
rank 5 | trajectory 71 of circuit 97 -- done
rank 49 | trajectory 107 of circuit 25 -- done
rank 85 | trajectory 151 of circuit 21 -- done
rank 95 | trajectory 136 of circuit 55 -- done
rank 37 | trajectory 181 of circuit 53 -- done
rank 75 | trajectory 45 of circuit 70 -- done
rank 64 | trajectory 24 of circuit 66 -- done
rank 30 | trajectory 65 of circuit 72 -- done
rank 13 | trajectory 47 of circuit 80 -- done
rank 21 | trajectory 111 of circuit 30 -- done
rank 66 | trajectory 135 of circuit 75 -- done
rank 59 | trajectory 9 of circuit 83 -- done
rank 38 | trajectory 156 of circuit 34 -- done
rank 15 | trajectory 72 of circuit 46 -- done
rank 14 | trajectory 163 of circuit 100 -- done
rank 33 | trajectory 185 of circuit 70 -- done
rank 18 | trajectory 173 of circuit 4 -- done
rank 80 | trajectory 59 of circuit 86 -- done
rank 79 | trajectory 171 of circuit 6 -- done
rank 69 | trajectory 91 of circuit 42 -- done
rank 77 | trajectory 47 of circuit 90 -- done
rank 62 | trajectory 62 of circuit 60 -- done
rank 70 | trajectory 110 of circuit 75 -- done
rank 31 | trajectory 5 of circuit 60 -- done
rank 12 | trajectory 77 of circuit 94 -- done
rank 58 | trajectory 142 of circuit 4 -- done
rank 25 | trajectory 34 of circuit 44 -- done
rank 9 | trajectory 8 of circuit 97 -- done
rank 11 | trajectory 136 of circuit 99 -- done
rank 41 | trajectory 69 of circuit 85 -- done
rank 44 | trajectory 57 of circuit 66 -- done
rank 63 | trajectory 96 of circuit 98 -- done
rank 39 | trajectory 4 of circuit 73 -- done
rank 68 | trajectory 8 of circuit 37 -- done
rank 84 | trajectory 11 of circuit 67 -- done
rank 4 | trajectory 62 of circuit 74 -- done
rank 76 | trajectory 121 of circuit 65 -- done
rank 16 | trajectory 89 of circuit 84 -- done
rank 7 | trajectory 30 of circuit 22 -- done
rank 51 | trajectory 113 of circuit 68 -- done
rank 17 | trajectory 27 of circuit 44 -- done
rank 64 | trajectory 167 of circuit 11 -- done
rank 21 | trajectory 93 of circuit 60 -- done
rank 41 | trajectory 18 of circuit 92 -- done
rank 3 | trajectory 190 of circuit 96 -- done
rank 32 | trajectory 174 of circuit 99 -- done
rank 35 | trajectory 86 of circuit 93 -- done
rank 66 | trajectory 81 of circuit 14 -- done
rank 20 | trajectory 40 of circuit 16 -- done
rank 2 | trajectory 119 of circuit 54 -- done
rank 82 | trajectory 88 of circuit 39 -- done
rank 15 | trajectory 76 of circuit 5 -- done
rank 49 | trajectory 48 of circuit 29 -- done
rank 43 | trajectory 19 of circuit 70 -- done
rank 58 | trajectory 108 of circuit 69 -- done
rank 70 | trajectory 124 of circuit 4 -- done
rank 37 | trajectory 88 of circuit 88 -- done
rank 29 | trajectory 4 of circuit 84 -- done
rank 85 | trajectory 69 of circuit 79 -- done
rank 95 | trajectory 174 of circuit 76 -- done
rank 31 | trajectory 153 of circuit 67 -- done
rank 5 | trajectory 27 of circuit 35 -- done
rank 72 | trajectory 112 of circuit 20 -- done
rank 17 | trajectory 38 of circuit 99 -- done
rank 96 | trajectory 163 of circuit 58 -- done
rank 87 | trajectory 187 of circuit 41 -- done
rank 59 | trajectory 189 of circuit 65 -- done
rank 33 | trajectory 181 of circuit 67 -- done
rank 67 | trajectory 98 of circuit 42 -- done
rank 93 | trajectory 190 of circuit 38 -- done
rank 44 | trajectory 62 of circuit 64 -- done
rank 24 | trajectory 150 of circuit 59 -- done
rank 1 | trajectory 62 of circuit 76 -- done
rank 46 | trajectory 186 of circuit 1 -- done
rank 55 | trajectory 107 of circuit 50 -- done
rank 99 | trajectory 141 of circuit 95 -- done
rank 75 | trajectory 89 of circuit 60 -- done
rank 18 | trajectory 36 of circuit 9 -- done
rank 9 | trajectory 46 of circuit 89 -- done
rank 60 | trajectory 11 of circuit 57 -- done
rank 12 | trajectory 25 of circuit 16 -- done
rank 79 | trajectory 34 of circuit 74 -- done
rank 39 | trajectory 28 of circuit 47 -- done
rank 76 | trajectory 13 of circuit 73 -- done
rank 84 | trajectory 3 of circuit 43 -- done
rank 80 | trajectory 55 of circuit 74 -- done
rank 95 | trajectory 35 of circuit 40 -- done
rank 17 | trajectory 21 of circuit 13 -- done
rank 64 | trajectory 10 of circuit 96 -- done
rank 7 | trajectory 32 of circuit 38 -- done
rank 63 | trajectory 131 of circuit 74 -- done
rank 62 | trajectory 36 of circuit 23 -- done
rank 11 | trajectory 85 of circuit 81 -- done
rank 30 | trajectory 160 of circuit 51 -- done
rank 69 | trajectory 44 of circuit 47 -- done
rank 76 | trajectory 72 of circuit 39 -- done
rank 25 | trajectory 130 of circuit 19 -- done
rank 86 | trajectory 189 of circuit 62 -- done
rank 66 | trajectory 78 of circuit 73 -- done
rank 20 | trajectory 47 of circuit 68 -- done
rank 79 | trajectory 111 of circuit 14 -- done
rank 68 | trajectory 99 of circuit 60 -- done
rank 15 | trajectory 36 of circuit 32 -- done
rank 32 | trajectory 14 of circuit 23 -- done
rank 87 | trajectory 182 of circuit 48 -- done
rank 4 | trajectory 9 of circuit 73 -- done
rank 2 | trajectory 17 of circuit 92 -- done
rank 38 | trajectory 165 of circuit 40 -- done
rank 14 | trajectory 114 of circuit 91 -- done
rank 70 | trajectory 63 of circuit 47 -- done
rank 76 | trajectory 67 of circuit 46 -- done
rank 16 | trajectory 4 of circuit 35 -- done
rank 69 | trajectory 87 of circuit 11 -- done
rank 5 | trajectory 140 of circuit 65 -- done
rank 72 | trajectory 72 of circuit 59 -- done
rank 31 | trajectory 87 of circuit 95 -- done
rank 43 | trajectory 95 of circuit 17 -- done
rank 82 | trajectory 110 of circuit 93 -- done
rank 99 | trajectory 83 of circuit 40 -- done
rank 21 | trajectory 30 of circuit 59 -- done
rank 58 | trajectory 68 of circuit 16 -- done
rank 41 | trajectory 151 of circuit 8 -- done
rank 49 | trajectory 74 of circuit 52 -- done
rank 95 | trajectory 66 of circuit 29 -- done
rank 76 | trajectory 11 of circuit 45 -- done
rank 75 | trajectory 172 of circuit 39 -- done
rank 55 | trajectory 29 of circuit 4 -- done
rank 43 | trajectory 58 of circuit 58 -- done
rank 96 | trajectory 6 of circuit 31 -- done
rank 20 | trajectory 23 of circuit 99 -- done
rank 85 | trajectory 104 of circuit 90 -- done
rank 63 | trajectory 175 of circuit 19 -- done
rank 13 | trajectory 37 of circuit 66 -- done
rank 17 | trajectory 40 of circuit 63 -- done
rank 1 | trajectory 3 of circuit 99 -- done
rank 79 | trajectory 49 of circuit 44 -- done
rank 38 | trajectory 36 of circuit 3 -- done
rank 29 | trajectory 175 of circuit 2 -- done
rank 70 | trajectory 90 of circuit 18 -- done
rank 24 | trajectory 4 of circuit 7 -- done
rank 43 | trajectory 89 of circuit 59 -- done
rank 33 | trajectory 13 of circuit 65 -- done
rank 86 | trajectory 23 of circuit 1 -- done
rank 80 | trajectory 74 of circuit 69 -- done
rank 18 | trajectory 16 of circuit 39 -- done
rank 9 | trajectory 91 of circuit 78 -- done
rank 8 | trajectory 133 of circuit 26 -- done
rank 66 | trajectory 114 of circuit 73 -- done
rank 15 | trajectory 73 of circuit 69 -- done
rank 68 | trajectory 134 of circuit 1 -- done
rank 46 | trajectory 178 of circuit 16 -- done
rank 25 | trajectory 8 of circuit 87 -- done
rank 30 | trajectory 132 of circuit 21 -- done
rank 84 | trajectory 105 of circuit 82 -- done
rank 69 | trajectory 136 of circuit 38 -- done
rank 58 | trajectory 153 of circuit 56 -- done
rank 4 | trajectory 14 of circuit 27 -- done
rank 95 | trajectory 94 of circuit 92 -- done
rank 3 | trajectory 161 of circuit 14 -- done
rank 62 | trajectory 176 of circuit 94 -- done
rank 64 | trajectory 33 of circuit 80 -- done
rank 17 | trajectory 10 of circuit 35 -- done
rank 16 | trajectory 20 of circuit 100 -- done
rank 49 | trajectory 147 of circuit 17 -- done
rank 5 | trajectory 32 of circuit 87 -- done
rank 70 | trajectory 127 of circuit 60 -- done
rank 59 | trajectory 89 of circuit 65 -- done
rank 14 | trajectory 68 of circuit 17 -- done
rank 72 | trajectory 164 of circuit 40 -- done
rank 89 | trajectory 165 of circuit 15 -- done
rank 11 | trajectory 83 of circuit 57 -- done
rank 41 | trajectory 140 of circuit 92 -- done
rank 82 | trajectory 98 of circuit 98 -- done
rank 7 | trajectory 95 of circuit 79 -- done
rank 67 | trajectory 83 of circuit 81 -- done
rank 21 | trajectory 142 of circuit 56 -- done
rank 51 | trajectory 110 of circuit 58 -- done
rank 20 | trajectory 18 of circuit 20 -- done
rank 43 | trajectory 57 of circuit 96 -- done
rank 31 | trajectory 4 of circuit 23 -- done
rank 38 | trajectory 135 of circuit 93 -- done
rank 29 | trajectory 126 of circuit 78 -- done
rank 87 | trajectory 17 of circuit 81 -- done
rank 86 | trajectory 76 of circuit 96 -- done
rank 55 | trajectory 126 of circuit 11 -- done
rank 41 | trajectory 84 of circuit 69 -- done
rank 2 | trajectory 32 of circuit 91 -- done
rank 64 | trajectory 22 of circuit 12 -- done
rank 32 | trajectory 45 of circuit 49 -- done
rank 37 | trajectory 184 of circuit 67 -- done
rank 76 | trajectory 32 of circuit 37 -- done
rank 44 | trajectory 134 of circuit 67 -- done
rank 47 | trajectory 19 of circuit 93 -- done
rank 96 | trajectory 138 of circuit 48 -- done
rank 15 | trajectory 60 of circuit 31 -- done
rank 30 | trajectory 189 of circuit 5 -- done
rank 17 | trajectory 49 of circuit 14 -- done
rank 63 | trajectory 77 of circuit 35 -- done
rank 69 | trajectory 35 of circuit 96 -- done
rank 58 | trajectory 105 of circuit 2 -- done
rank 85 | trajectory 138 of circuit 6 -- done
rank 70 | trajectory 125 of circuit 16 -- done
rank 62 | trajectory 113 of circuit 97 -- done
rank 69 | trajectory 155 of circuit 62 -- done
rank 29 | trajectory 108 of circuit 32 -- done
rank 46 | trajectory 30 of circuit 45 -- done
rank 4 | trajectory 174 of circuit 17 -- done
rank 76 | trajectory 60 of circuit 66 -- done
rank 64 | trajectory 4 of circuit 70 -- done
rank 24 | trajectory 18 of circuit 94 -- done
rank 5 | trajectory 107 of circuit 75 -- done
rank 68 | trajectory 54 of circuit 29 -- done
rank 9 | trajectory 38 of circuit 5 -- done
rank 16 | trajectory 75 of circuit 24 -- done
rank 30 | trajectory 130 of circuit 91 -- done
rank 18 | trajectory 190 of circuit 39 -- done
rank 8 | trajectory 161 of circuit 25 -- done
rank 87 | trajectory 27 of circuit 22 -- done
rank 95 | trajectory 60 of circuit 90 -- done
rank 7 | trajectory 16 of circuit 21 -- done
rank 58 | trajectory 173 of circuit 96 -- done
rank 29 | trajectory 157 of circuit 47 -- done
rank 59 | trajectory 32 of circuit 49 -- done
rank 25 | trajectory 77 of circuit 47 -- done
rank 20 | trajectory 61 of circuit 60 -- done
rank 69 | trajectory 72 of circuit 7 -- done
rank 17 | trajectory 41 of circuit 43 -- done
rank 10 | trajectory 100 of circuit 12 -- done
rank 82 | trajectory 126 of circuit 77 -- done
rank 66 | trajectory 169 of circuit 37 -- done
rank 58 | trajectory 54 of circuit 55 -- done
rank 1 | trajectory 46 of circuit 80 -- done
rank 41 | trajectory 23 of circuit 8 -- done
rank 13 | trajectory 11 of circuit 72 -- done
rank 84 | trajectory 164 of circuit 65 -- done
rank 3 | trajectory 136 of circuit 89 -- done
rank 21 | trajectory 85 of circuit 46 -- done
rank 70 | trajectory 113 of circuit 8 -- done
rank 79 | trajectory 60 of circuit 12 -- done
rank 51 | trajectory 119 of circuit 87 -- done
rank 99 | trajectory 174 of circuit 85 -- done
rank 31 | trajectory 55 of circuit 78 -- done
rank 38 | trajectory 128 of circuit 58 -- done
rank 43 | trajectory 23 of circuit 53 -- done
rank 72 | trajectory 78 of circuit 48 -- done
rank 86 | trajectory 61 of circuit 70 -- done
rank 2 | trajectory 173 of circuit 86 -- done
rank 11 | trajectory 139 of circuit 59 -- done
rank 75 | trajectory 163 of circuit 49 -- done
rank 62 | trajectory 66 of circuit 31 -- done
rank 14 | trajectory 74 of circuit 79 -- done
rank 15 | trajectory 43 of circuit 45 -- done
rank 49 | trajectory 191 of circuit 81 -- done
rank 33 | trajectory 107 of circuit 54 -- done
rank 63 | trajectory 94 of circuit 98 -- done
rank 44 | trajectory 123 of circuit 1 -- done
rank 64 | trajectory 41 of circuit 74 -- done
rank 80 | trajectory 61 of circuit 44 -- done
rank 99 | trajectory 34 of circuit 49 -- done
rank 58 | trajectory 130 of circuit 68 -- done
rank 32 | trajectory 170 of circuit 35 -- done
rank 37 | trajectory 134 of circuit 20 -- done
rank 29 | trajectory 31 of circuit 3 -- done
rank 5 | trajectory 69 of circuit 80 -- done
rank 76 | trajectory 75 of circuit 37 -- done
rank 87 | trajectory 37 of circuit 88 -- done
rank 25 | trajectory 99 of circuit 21 -- done
rank 18 | trajectory 126 of circuit 29 -- done
rank 46 | trajectory 148 of circuit 95 -- done
rank 66 | trajectory 57 of circuit 6 -- done
rank 82 | trajectory 105 of circuit 95 -- done
rank 7 | trajectory 110 of circuit 69 -- done
rank 67 | trajectory 91 of circuit 79 -- done
rank 38 | trajectory 81 of circuit 86 -- done
rank 79 | trajectory 136 of circuit 60 -- done
rank 68 | trajectory 98 of circuit 60 -- done
rank 64 | trajectory 107 of circuit 21 -- done
rank 1 | trajectory 79 of circuit 78 -- done
rank 55 | trajectory 157 of circuit 27 -- done
rank 70 | trajectory 104 of circuit 32 -- done
rank 36 | trajectory 174 of circuit 33 -- done
rank 59 | trajectory 184 of circuit 87 -- done
rank 31 | trajectory 182 of circuit 68 -- done
rank 86 | trajectory 69 of circuit 91 -- done
rank 43 | trajectory 165 of circuit 24 -- done
rank 16 | trajectory 23 of circuit 69 -- done
rank 4 | trajectory 182 of circuit 87 -- done
rank 9 | trajectory 11 of circuit 2 -- done
rank 51 | trajectory 150 of circuit 39 -- done
rank 99 | trajectory 111 of circuit 19 -- done
rank 96 | trajectory 115 of circuit 9 -- done
rank 62 | trajectory 128 of circuit 25 -- done
rank 8 | trajectory 112 of circuit 26 -- done
rank 95 | trajectory 64 of circuit 86 -- done
rank 30 | trajectory 176 of circuit 82 -- done
rank 80 | trajectory 104 of circuit 2 -- done
rank 10 | trajectory 165 of circuit 58 -- done
rank 44 | trajectory 53 of circuit 45 -- done
rank 7 | trajectory 35 of circuit 2 -- done
rank 2 | trajectory 146 of circuit 18 -- done
rank 85 | trajectory 124 of circuit 90 -- done
rank 20 | trajectory 145 of circuit 84 -- done
rank 41 | trajectory 42 of circuit 51 -- done
rank 75 | trajectory 29 of circuit 31 -- done
rank 17 | trajectory 92 of circuit 9 -- done
rank 14 | trajectory 23 of circuit 48 -- done
rank 29 | trajectory 68 of circuit 60 -- done
rank 63 | trajectory 91 of circuit 96 -- done
rank 24 | trajectory 100 of circuit 88 -- done
rank 66 | trajectory 98 of circuit 19 -- done
rank 38 | trajectory 57 of circuit 32 -- done
rank 72 | trajectory 12 of circuit 1 -- done
rank 21 | trajectory 99 of circuit 46 -- done
rank 18 | trajectory 152 of circuit 8 -- done
rank 79 | trajectory 101 of circuit 97 -- done
rank 64 | trajectory 93 of circuit 31 -- done
rank 5 | trajectory 90 of circuit 56 -- done
rank 86 | trajectory 114 of circuit 8 -- done
rank 43 | trajectory 102 of circuit 60 -- done
rank 3 | trajectory 143 of circuit 40 -- done
rank 31 | trajectory 184 of circuit 3 -- done
rank 69 | trajectory 105 of circuit 65 -- done
rank 75 | trajectory 160 of circuit 40 -- done
rank 68 | trajectory 154 of circuit 34 -- done
rank 82 | trajectory 56 of circuit 27 -- done
rank 30 | trajectory 162 of circuit 3 -- done
rank 29 | trajectory 186 of circuit 15 -- done
rank 11 | trajectory 180 of circuit 52 -- done
rank 21 | trajectory 113 of circuit 41 -- done
rank 13 | trajectory 67 of circuit 11 -- done
rank 49 | trajectory 101 of circuit 19 -- done
rank 17 | trajectory 58 of circuit 80 -- done
rank 62 | trajectory 127 of circuit 52 -- done
rank 46 | trajectory 59 of circuit 51 -- done
rank 15 | trajectory 89 of circuit 87 -- done
rank 4 | trajectory 21 of circuit 7 -- done
rank 79 | trajectory 84 of circuit 49 -- done
rank 44 | trajectory 9 of circuit 85 -- done
rank 1 | trajectory 120 of circuit 12 -- done
rank 16 | trajectory 158 of circuit 35 -- done
rank 80 | trajectory 70 of circuit 39 -- done
rank 59 | trajectory 161 of circuit 4 -- done
rank 95 | trajectory 75 of circuit 10 -- done
rank 47 | trajectory 22 of circuit 49 -- done
rank 58 | trajectory 149 of circuit 4 -- done
rank 90 | trajectory 58 of circuit 1 -- done
rank 76 | trajectory 151 of circuit 68 -- done
rank 70 | trajectory 37 of circuit 16 -- done
rank 75 | trajectory 189 of circuit 29 -- done
rank 63 | trajectory 21 of circuit 75 -- done
rank 41 | trajectory 47 of circuit 12 -- done
rank 99 | trajectory 160 of circuit 36 -- done
rank 21 | trajectory 110 of circuit 35 -- done
rank 36 | trajectory 182 of circuit 88 -- done
rank 9 | trajectory 171 of circuit 53 -- done
rank 32 | trajectory 163 of circuit 73 -- done
rank 55 | trajectory 105 of circuit 27 -- done
rank 7 | trajectory 108 of circuit 24 -- done
rank 43 | trajectory 180 of circuit 24 -- done
rank 2 | trajectory 165 of circuit 85 -- done
rank 10 | trajectory 111 of circuit 48 -- done
rank 79 | trajectory 97 of circuit 88 -- done
rank 17 | trajectory 84 of circuit 87 -- done
rank 72 | trajectory 65 of circuit 10 -- done
rank 30 | trajectory 106 of circuit 85 -- done
rank 44 | trajectory 52 of circuit 83 -- done
rank 68 | trajectory 11 of circuit 74 -- done
rank 93 | trajectory 38 of circuit 78 -- done
rank 36 | trajectory 86 of circuit 40 -- done
rank 85 | trajectory 10 of circuit 45 -- done
rank 64 | trajectory 183 of circuit 85 -- done
rank 22 | trajectory 48 of circuit 86 -- done
rank 87 | trajectory 47 of circuit 71 -- done
rank 31 | trajectory 51 of circuit 18 -- done
rank 66 | trajectory 148 of circuit 44 -- done
rank 1 | trajectory 48 of circuit 96 -- done
rank 24 | trajectory 65 of circuit 11 -- done
rank 60 | trajectory 88 of circuit 2 -- done
rank 70 | trajectory 139 of circuit 14 -- done
rank 18 | trajectory 85 of circuit 45 -- done
rank 38 | trajectory 142 of circuit 46 -- done
rank 49 | trajectory 158 of circuit 82 -- done
rank 20 | trajectory 27 of circuit 84 -- done
rank 67 | trajectory 87 of circuit 56 -- done
rank 68 | trajectory 186 of circuit 77 -- done
rank 95 | trajectory 48 of circuit 7 -- done
rank 11 | trajectory 107 of circuit 93 -- done
rank 8 | trajectory 156 of circuit 88 -- done
rank 37 | trajectory 17 of circuit 42 -- done
rank 51 | trajectory 102 of circuit 7 -- done
rank 5 | trajectory 21 of circuit 63 -- done
rank 4 | trajectory 64 of circuit 56 -- done
rank 84 | trajectory 35 of circuit 8 -- done
rank 99 | trajectory 93 of circuit 25 -- done
rank 62 | trajectory 2 of circuit 7 -- done
rank 21 | trajectory 45 of circuit 100 -- done
rank 17 | trajectory 1 of circuit 31 -- done
rank 58 | trajectory 23 of circuit 29 -- done
rank 13 | trajectory 154 of circuit 27 -- done
rank 16 | trajectory 3 of circuit 51 -- done
rank 15 | trajectory 118 of circuit 34 -- done
rank 22 | trajectory 106 of circuit 22 -- done
rank 82 | trajectory 52 of circuit 51 -- done
rank 63 | trajectory 28 of circuit 92 -- done
rank 3 | trajectory 138 of circuit 81 -- done
rank 7 | trajectory 54 of circuit 82 -- done
rank 32 | trajectory 46 of circuit 97 -- done
rank 64 | trajectory 2 of circuit 14 -- done
rank 66 | trajectory 32 of circuit 4 -- done
rank 68 | trajectory 157 of circuit 29 -- done
rank 58 | trajectory 34 of circuit 27 -- done
rank 90 | trajectory 66 of circuit 39 -- done
rank 31 | trajectory 113 of circuit 54 -- done
rank 44 | trajectory 27 of circuit 29 -- done
rank 75 | trajectory 111 of circuit 24 -- done
rank 80 | trajectory 166 of circuit 64 -- done
rank 35 | trajectory 60 of circuit 81 -- done
rank 18 | trajectory 183 of circuit 54 -- done
rank 9 | trajectory 19 of circuit 13 -- done
rank 70 | trajectory 183 of circuit 78 -- done
rank 96 | trajectory 114 of circuit 37 -- done
rank 62 | trajectory 39 of circuit 26 -- done
rank 59 | trajectory 165 of circuit 95 -- done
rank 79 | trajectory 190 of circuit 84 -- done
rank 36 | trajectory 126 of circuit 75 -- done
rank 20 | trajectory 22 of circuit 85 -- done
rank 99 | trajectory 114 of circuit 69 -- done
rank 41 | trajectory 38 of circuit 68 -- done
rank 17 | trajectory 47 of circuit 2 -- done
rank 1 | trajectory 165 of circuit 90 -- done
rank 46 | trajectory 183 of circuit 64 -- done
rank 55 | trajectory 91 of circuit 87 -- done
rank 11 | trajectory 115 of circuit 33 -- done
rank 85 | trajectory 39 of circuit 87 -- done
rank 51 | trajectory 163 of circuit 84 -- done
rank 38 | trajectory 38 of circuit 69 -- done
rank 37 | trajectory 120 of circuit 98 -- done
rank 69 | trajectory 40 of circuit 42 -- done
rank 76 | trajectory 109 of circuit 32 -- done
rank 21 | trajectory 5 of circuit 56 -- done
rank 32 | trajectory 53 of circuit 32 -- done
rank 58 | trajectory 89 of circuit 93 -- done
rank 24 | trajectory 38 of circuit 20 -- done
rank 30 | trajectory 11 of circuit 43 -- done
rank 84 | trajectory 16 of circuit 56 -- done
rank 16 | trajectory 124 of circuit 81 -- done
rank 75 | trajectory 157 of circuit 89 -- done
rank 82 | trajectory 189 of circuit 81 -- done
rank 86 | trajectory 74 of circuit 63 -- done
rank 5 | trajectory 45 of circuit 21 -- done
rank 4 | trajectory 66 of circuit 36 -- done
rank 99 | trajectory 81 of circuit 52 -- done
rank 97 | trajectory 89 of circuit 37 -- done
rank 72 | trajectory 80 of circuit 90 -- done
rank 21 | trajectory 54 of circuit 13 -- done
rank 68 | trajectory 176 of circuit 46 -- done
rank 62 | trajectory 85 of circuit 2 -- done
rank 93 | trajectory 4 of circuit 74 -- done
rank 3 | trajectory 131 of circuit 33 -- done
rank 17 | trajectory 13 of circuit 52 -- done
rank 43 | trajectory 14 of circuit 36 -- done
rank 75 | trajectory 135 of circuit 73 -- done
rank 31 | trajectory 135 of circuit 97 -- done
rank 18 | trajectory 62 of circuit 55 -- done
rank 99 | trajectory 168 of circuit 13 -- done
rank 38 | trajectory 85 of circuit 99 -- done
rank 9 | trajectory 189 of circuit 34 -- done
rank 49 | trajectory 181 of circuit 43 -- done
rank 10 | trajectory 112 of circuit 37 -- done
rank 64 | trajectory 30 of circuit 54 -- done
rank 90 | trajectory 118 of circuit 59 -- done
rank 15 | trajectory 192 of circuit 6 -- done
rank 8 | trajectory 150 of circuit 1 -- done
rank 59 | trajectory 94 of circuit 35 -- done
rank 29 | trajectory 79 of circuit 95 -- done
rank 30 | trajectory 185 of circuit 51 -- done
rank 66 | trajectory 94 of circuit 6 -- done
rank 25 | trajectory 176 of circuit 12 -- done
rank 1 | trajectory 125 of circuit 81 -- done
rank 63 | trajectory 110 of circuit 45 -- done
rank 55 | trajectory 121 of circuit 38 -- done
rank 35 | trajectory 47 of circuit 67 -- done
rank 44 | trajectory 38 of circuit 73 -- done
rank 75 | trajectory 114 of circuit 75 -- done
rank 70 | trajectory 189 of circuit 55 -- done
rank 80 | trajectory 191 of circuit 71 -- done
rank 62 | trajectory 43 of circuit 97 -- done
rank 2 | trajectory 139 of circuit 25 -- done
rank 84 | trajectory 55 of circuit 55 -- done
rank 37 | trajectory 29 of circuit 62 -- done
rank 7 | trajectory 10 of circuit 85 -- done
rank 72 | trajectory 29 of circuit 39 -- done
rank 82 | trajectory 65 of circuit 17 -- done
rank 58 | trajectory 129 of circuit 14 -- done
rank 13 | trajectory 145 of circuit 86 -- done
rank 68 | trajectory 122 of circuit 97 -- done
rank 87 | trajectory 107 of circuit 56 -- done
rank 4 | trajectory 38 of circuit 58 -- done
rank 99 | trajectory 156 of circuit 17 -- done
rank 95 | trajectory 157 of circuit 4 -- done
rank 76 | trajectory 19 of circuit 28 -- done
rank 70 | trajectory 122 of circuit 15 -- done
rank 9 | trajectory 43 of circuit 100 -- done
rank 32 | trajectory 66 of circuit 16 -- done
rank 79 | trajectory 148 of circuit 50 -- done
rank 66 | trajectory 107 of circuit 45 -- done
rank 20 | trajectory 41 of circuit 21 -- done
rank 31 | trajectory 187 of circuit 11 -- done
rank 30 | trajectory 168 of circuit 50 -- done
rank 96 | trajectory 142 of circuit 51 -- done
rank 5 | trajectory 115 of circuit 76 -- done
rank 29 | trajectory 191 of circuit 39 -- done
rank 75 | trajectory 188 of circuit 14 -- done
rank 17 | trajectory 111 of circuit 65 -- done
rank 51 | trajectory 82 of circuit 7 -- done
rank 18 | trajectory 137 of circuit 32 -- done
rank 69 | trajectory 58 of circuit 24 -- done
rank 21 | trajectory 81 of circuit 53 -- done
rank 8 | trajectory 139 of circuit 82 -- done
rank 7 | trajectory 62 of circuit 62 -- done
rank 38 | trajectory 151 of circuit 61 -- done
rank 24 | trajectory 48 of circuit 11 -- done
rank 86 | trajectory 49 of circuit 36 -- done
rank 11 | trajectory 153 of circuit 5 -- done
rank 63 | trajectory 127 of circuit 44 -- done
rank 15 | trajectory 133 of circuit 60 -- done
rank 90 | trajectory 102 of circuit 74 -- done
rank 49 | trajectory 75 of circuit 17 -- done
rank 29 | trajectory 172 of circuit 45 -- done
rank 10 | trajectory 110 of circuit 73 -- done
rank 20 | trajectory 31 of circuit 49 -- done
rank 58 | trajectory 82 of circuit 15 -- done
rank 1 | trajectory 19 of circuit 74 -- done
rank 55 | trajectory 173 of circuit 90 -- done
rank 16 | trajectory 172 of circuit 84 -- done
rank 41 | trajectory 105 of circuit 14 -- done
rank 44 | trajectory 61 of circuit 85 -- done
rank 66 | trajectory 27 of circuit 36 -- done
rank 59 | trajectory 22 of circuit 26 -- done
rank 43 | trajectory 124 of circuit 18 -- done
rank 36 | trajectory 87 of circuit 3 -- done
rank 76 | trajectory 8 of circuit 79 -- done
rank 3 | trajectory 76 of circuit 31 -- done
rank 80 | trajectory 43 of circuit 31 -- done
rank 37 | trajectory 176 of circuit 73 -- done
rank 25 | trajectory 89 of circuit 34 -- done
rank 64 | trajectory 7 of circuit 52 -- done
rank 82 | trajectory 130 of circuit 67 -- done
rank 93 | trajectory 52 of circuit 17 -- done
rank 68 | trajectory 68 of circuit 66 -- done
rank 23 | trajectory 134 of circuit 5 -- done
rank 35 | trajectory 68 of circuit 40 -- done
rank 99 | trajectory 66 of circuit 88 -- done
rank 93 | trajectory 42 of circuit 58 -- done
rank 7 | trajectory 56 of circuit 72 -- done
rank 58 | trajectory 159 of circuit 8 -- done
rank 17 | trajectory 7 of circuit 50 -- done
rank 97 | trajectory 76 of circuit 99 -- done
rank 20 | trajectory 179 of circuit 46 -- done
rank 62 | trajectory 26 of circuit 5 -- done
rank 85 | trajectory 11 of circuit 69 -- done
rank 22 | trajectory 109 of circuit 28 -- done
rank 70 | trajectory 92 of circuit 16 -- done
rank 72 | trajectory 28 of circuit 73 -- done
rank 79 | trajectory 4 of circuit 82 -- done
rank 44 | trajectory 151 of circuit 24 -- done
rank 86 | trajectory 188 of circuit 66 -- done
rank 38 | trajectory 177 of circuit 46 -- done
rank 95 | trajectory 49 of circuit 27 -- done
rank 9 | trajectory 128 of circuit 61 -- done
rank 87 | trajectory 28 of circuit 42 -- done
rank 31 | trajectory 75 of circuit 14 -- done
rank 43 | trajectory 188 of circuit 11 -- done
rank 5 | trajectory 35 of circuit 98 -- done
rank 8 | trajectory 16 of circuit 17 -- done
rank 18 | trajectory 142 of circuit 60 -- done
rank 11 | trajectory 159 of circuit 69 -- done
rank 84 | trajectory 21 of circuit 18 -- done
rank 4 | trajectory 84 of circuit 62 -- done
rank 15 | trajectory 186 of circuit 62 -- done
rank 24 | trajectory 10 of circuit 16 -- done
rank 30 | trajectory 1 of circuit 93 -- done
rank 7 | trajectory 39 of circuit 70 -- done
rank 13 | trajectory 78 of circuit 17 -- done
rank 17 | trajectory 141 of circuit 39 -- done
rank 64 | trajectory 70 of circuit 1 -- done
rank 22 | trajectory 192 of circuit 84 -- done
rank 79 | trajectory 87 of circuit 80 -- done
rank 99 | trajectory 42 of circuit 55 -- done
rank 90 | trajectory 111 of circuit 86 -- done
rank 21 | trajectory 115 of circuit 98 -- done
rank 93 | trajectory 170 of circuit 54 -- done
rank 1 | trajectory 73 of circuit 20 -- done
rank 32 | trajectory 85 of circuit 17 -- done
rank 37 | trajectory 187 of circuit 40 -- done
rank 36 | trajectory 162 of circuit 49 -- done
rank 16 | trajectory 152 of circuit 71 -- done
rank 63 | trajectory 135 of circuit 38 -- done
rank 76 | trajectory 2 of circuit 100 -- done
rank 23 | trajectory 191 of circuit 51 -- done
rank 29 | trajectory 21 of circuit 91 -- done
rank 66 | trajectory 165 of circuit 34 -- done
rank 10 | trajectory 158 of circuit 83 -- done
rank 43 | trajectory 147 of circuit 63 -- done
rank 44 | trajectory 169 of circuit 92 -- done
rank 87 | trajectory 156 of circuit 49 -- done
rank 64 | trajectory 3 of circuit 27 -- done
rank 58 | trajectory 155 of circuit 38 -- done
rank 30 | trajectory 172 of circuit 11 -- done
rank 82 | trajectory 185 of circuit 26 -- done
rank 22 | trajectory 181 of circuit 79 -- done
rank 79 | trajectory 86 of circuit 90 -- done
rank 2 | trajectory 95 of circuit 75 -- done
rank 25 | trajectory 52 of circuit 1 -- done
rank 75 | trajectory 115 of circuit 65 -- done
rank 49 | trajectory 4 of circuit 69 -- done
rank 99 | trajectory 150 of circuit 18 -- done
rank 93 | trajectory 36 of circuit 89 -- done
rank 21 | trajectory 73 of circuit 96 -- done
rank 69 | trajectory 177 of circuit 100 -- done
rank 7 | trajectory 163 of circuit 52 -- done
rank 58 | trajectory 51 of circuit 23 -- done
rank 18 | trajectory 141 of circuit 86 -- done
rank 68 | trajectory 109 of circuit 86 -- done
rank 70 | trajectory 145 of circuit 43 -- done
rank 3 | trajectory 109 of circuit 76 -- done
rank 85 | trajectory 70 of circuit 91 -- done
rank 15 | trajectory 103 of circuit 88 -- done
rank 43 | trajectory 159 of circuit 94 -- done
rank 29 | trajectory 145 of circuit 49 -- done
rank 93 | trajectory 66 of circuit 53 -- done
rank 35 | trajectory 33 of circuit 1 -- done
rank 24 | trajectory 57 of circuit 42 -- done
rank 31 | trajectory 9 of circuit 30 -- done
rank 11 | trajectory 145 of circuit 47 -- done
rank 20 | trajectory 157 of circuit 5 -- done
rank 86 | trajectory 96 of circuit 46 -- done
rank 59 | trajectory 80 of circuit 86 -- done
rank 8 | trajectory 73 of circuit 93 -- done
rank 6 | trajectory 149 of circuit 100 -- done
rank 96 | trajectory 117 of circuit 15 -- done
rank 80 | trajectory 118 of circuit 44 -- done
rank 64 | trajectory 31 of circuit 84 -- done
rank 5 | trajectory 72 of circuit 9 -- done
rank 34 | trajectory 110 of circuit 66 -- done
rank 72 | trajectory 15 of circuit 43 -- done
rank 75 | trajectory 179 of circuit 22 -- done
rank 22 | trajectory 115 of circuit 48 -- done
rank 90 | trajectory 1 of circuit 91 -- done
rank 79 | trajectory 164 of circuit 39 -- done
rank 23 | trajectory 46 of circuit 64 -- done
rank 87 | trajectory 13 of circuit 60 -- done
rank 4 | trajectory 88 of circuit 89 -- done
rank 62 | trajectory 139 of circuit 31 -- done
rank 43 | trajectory 107 of circuit 65 -- done
rank 44 | trajectory 143 of circuit 69 -- done
rank 82 | trajectory 99 of circuit 51 -- done
rank 32 | trajectory 39 of circuit 74 -- done
rank 68 | trajectory 135 of circuit 37 -- done
rank 95 | trajectory 78 of circuit 95 -- done
rank 37 | trajectory 170 of circuit 73 -- done
rank 25 | trajectory 149 of circuit 99 -- done
rank 21 | trajectory 91 of circuit 27 -- done
rank 99 | trajectory 41 of circuit 34 -- done
rank 93 | trajectory 148 of circuit 7 -- done
rank 79 | trajectory 192 of circuit 45 -- done
rank 10 | trajectory 130 of circuit 10 -- done
rank 13 | trajectory 79 of circuit 66 -- done
rank 58 | trajectory 93 of circuit 56 -- done
rank 16 | trajectory 70 of circuit 97 -- done
rank 9 | trajectory 35 of circuit 33 -- done
rank 97 | trajectory 20 of circuit 70 -- done
rank 75 | trajectory 102 of circuit 4 -- done
rank 66 | trajectory 157 of circuit 58 -- done
rank 1 | trajectory 25 of circuit 47 -- done
rank 2 | trajectory 166 of circuit 12 -- done
rank 64 | trajectory 28 of circuit 68 -- done
rank 7 | trajectory 21 of circuit 10 -- done
rank 86 | trajectory 111 of circuit 34 -- done
rank 23 | trajectory 154 of circuit 67 -- done
rank 31 | trajectory 83 of circuit 79 -- done
rank 80 | trajectory 161 of circuit 63 -- done
rank 20 | trajectory 58 of circuit 27 -- done
rank 34 | trajectory 128 of circuit 38 -- done
rank 51 | trajectory 107 of circuit 82 -- done
rank 22 | trajectory 170 of circuit 18 -- done
rank 44 | trajectory 21 of circuit 35 -- done
rank 60 | trajectory 177 of circuit 72 -- done
rank 49 | trajectory 153 of circuit 81 -- done
rank 75 | trajectory 192 of circuit 52 -- done
rank 15 | trajectory 107 of circuit 9 -- done
rank 83 | trajectory 66 of circuit 19 -- done
rank 35 | trajectory 35 of circuit 56 -- done
rank 84 | trajectory 159 of circuit 29 -- done
rank 24 | trajectory 49 of circuit 89 -- done
rank 17 | trajectory 3 of circuit 75 -- done
rank 79 | trajectory 50 of circuit 88 -- done
rank 29 | trajectory 91 of circuit 14 -- done
rank 64 | trajectory 36 of circuit 81 -- done
rank 68 | trajectory 132 of circuit 15 -- done
rank 90 | trajectory 75 of circuit 85 -- done
rank 36 | trajectory 108 of circuit 62 -- done
rank 43 | trajectory 116 of circuit 93 -- done
rank 8 | trajectory 66 of circuit 76 -- done
rank 82 | trajectory 40 of circuit 74 -- done
rank 11 | trajectory 59 of circuit 33 -- done
rank 85 | trajectory 142 of circuit 26 -- done
rank 37 | trajectory 149 of circuit 56 -- done
rank 32 | trajectory 118 of circuit 68 -- done
rank 72 | trajectory 130 of circuit 5 -- done
rank 21 | trajectory 108 of circuit 12 -- done
rank 96 | trajectory 157 of circuit 59 -- done
rank 86 | trajectory 169 of circuit 17 -- done
rank 3 | trajectory 125 of circuit 79 -- done
rank 95 | trajectory 97 of circuit 69 -- done
rank 63 | trajectory 84 of circuit 78 -- done
rank 93 | trajectory 37 of circuit 90 -- done
rank 16 | trajectory 162 of circuit 72 -- done
rank 80 | trajectory 39 of circuit 45 -- done
rank 7 | trajectory 116 of circuit 53 -- done
rank 5 | trajectory 10 of circuit 59 -- done
rank 44 | trajectory 29 of circuit 90 -- done
rank 75 | trajectory 171 of circuit 86 -- done
rank 23 | trajectory 81 of circuit 93 -- done
rank 69 | trajectory 41 of circuit 83 -- done
rank 4 | trajectory 28 of circuit 71 -- done
rank 21 | trajectory 129 of circuit 65 -- done
rank 2 | trajectory 124 of circuit 22 -- done
rank 64 | trajectory 101 of circuit 32 -- done
rank 31 | trajectory 127 of circuit 65 -- done
rank 34 | trajectory 185 of circuit 62 -- done
rank 62 | trajectory 74 of circuit 34 -- done
rank 75 | trajectory 56 of circuit 53 -- done
rank 87 | trajectory 145 of circuit 45 -- done
rank 38 | trajectory 75 of circuit 87 -- done
rank 43 | trajectory 135 of circuit 86 -- done
rank 17 | trajectory 70 of circuit 46 -- done
rank 22 | trajectory 93 of circuit 42 -- done
rank 99 | trajectory 39 of circuit 22 -- done
rank 59 | trajectory 31 of circuit 56 -- done
rank 49 | trajectory 43 of circuit 82 -- done
rank 58 | trajectory 189 of circuit 22 -- done
rank 51 | trajectory 96 of circuit 78 -- done
rank 13 | trajectory 116 of circuit 97 -- done
rank 7 | trajectory 154 of circuit 18 -- done
rank 70 | trajectory 190 of circuit 73 -- done
rank 21 | trajectory 165 of circuit 11 -- done
rank 8 | trajectory 92 of circuit 26 -- done
rank 64 | trajectory 5 of circuit 51 -- done
rank 1 | trajectory 188 of circuit 19 -- done
rank 80 | trajectory 80 of circuit 53 -- done
rank 20 | trajectory 192 of circuit 21 -- done
rank 29 | trajectory 27 of circuit 95 -- done
rank 24 | trajectory 136 of circuit 56 -- done
rank 10 | trajectory 120 of circuit 54 -- done
rank 17 | trajectory 88 of circuit 46 -- done
rank 37 | trajectory 58 of circuit 12 -- done
rank 79 | trajectory 55 of circuit 73 -- done
rank 90 | trajectory 32 of circuit 23 -- done
rank 44 | trajectory 22 of circuit 16 -- done
rank 86 | trajectory 143 of circuit 6 -- done
rank 72 | trajectory 34 of circuit 93 -- done
rank 25 | trajectory 29 of circuit 43 -- done
rank 83 | trajectory 25 of circuit 17 -- done
rank 99 | trajectory 137 of circuit 70 -- done
rank 68 | trajectory 133 of circuit 97 -- done
rank 84 | trajectory 46 of circuit 76 -- done
rank 9 | trajectory 146 of circuit 96 -- done
rank 62 | trajectory 9 of circuit 60 -- done
rank 23 | trajectory 124 of circuit 21 -- done
rank 82 | trajectory 125 of circuit 56 -- done
rank 29 | trajectory 183 of circuit 6 -- done
rank 32 | trajectory 43 of circuit 77 -- done
rank 35 | trajectory 187 of circuit 38 -- done
rank 63 | trajectory 17 of circuit 12 -- done
rank 21 | trajectory 100 of circuit 28 -- done
rank 11 | trajectory 54 of circuit 57 -- done
rank 3 | trajectory 139 of circuit 41 -- done
rank 64 | trajectory 141 of circuit 88 -- done
rank 99 | trajectory 180 of circuit 93 -- done
rank 49 | trajectory 138 of circuit 21 -- done
rank 66 | trajectory 111 of circuit 62 -- done
rank 22 | trajectory 150 of circuit 14 -- done
rank 31 | trajectory 79 of circuit 35 -- done
rank 2 | trajectory 158 of circuit 65 -- done
rank 44 | trajectory 179 of circuit 32 -- done
rank 87 | trajectory 20 of circuit 76 -- done
rank 80 | trajectory 15 of circuit 23 -- done
rank 64 | trajectory 91 of circuit 7 -- done
rank 4 | trajectory 34 of circuit 62 -- done
rank 75 | trajectory 125 of circuit 40 -- done
rank 79 | trajectory 13 of circuit 53 -- done
rank 69 | trajectory 165 of circuit 19 -- done
rank 23 | trajectory 116 of circuit 29 -- done
rank 58 | trajectory 37 of circuit 92 -- done
rank 17 | trajectory 8 of circuit 66 -- done
rank 22 | trajectory 73 of circuit 91 -- done
rank 34 | trajectory 88 of circuit 42 -- done
rank 5 | trajectory 30 of circuit 95 -- done
rank 20 | trajectory 114 of circuit 25 -- done
rank 70 | trajectory 140 of circuit 96 -- done
rank 15 | trajectory 130 of circuit 1 -- done
rank 62 | trajectory 63 of circuit 22 -- done
rank 93 | trajectory 100 of circuit 68 -- done
rank 95 | trajectory 185 of circuit 16 -- done
rank 72 | trajectory 140 of circuit 85 -- done
rank 18 | trajectory 114 of circuit 65 -- done
rank 37 | trajectory 152 of circuit 18 -- done
rank 1 | trajectory 181 of circuit 87 -- done
rank 8 | trajectory 64 of circuit 49 -- done
rank 64 | trajectory 135 of circuit 4 -- done
rank 32 | trajectory 34 of circuit 94 -- done
rank 96 | trajectory 121 of circuit 58 -- done
rank 90 | trajectory 87 of circuit 60 -- done
rank 10 | trajectory 140 of circuit 89 -- done
rank 79 | trajectory 69 of circuit 35 -- done
rank 82 | trajectory 179 of circuit 93 -- done
rank 24 | trajectory 120 of circuit 71 -- done
rank 49 | trajectory 141 of circuit 78 -- done
rank 95 | trajectory 144 of circuit 94 -- done
rank 44 | trajectory 176 of circuit 51 -- done
rank 21 | trajectory 52 of circuit 24 -- done
rank 9 | trajectory 154 of circuit 48 -- done
rank 64 | trajectory 182 of circuit 58 -- done
rank 51 | trajectory 165 of circuit 92 -- done
rank 31 | trajectory 67 of circuit 7 -- done
rank 84 | trajectory 141 of circuit 85 -- done
rank 16 | trajectory 57 of circuit 23 -- done
rank 17 | trajectory 144 of circuit 67 -- done
rank 3 | trajectory 1 of circuit 1 -- done
rank 75 | trajectory 1 of circuit 24 -- done
rank 59 | trajectory 169 of circuit 68 -- done
rank 66 | trajectory 144 of circuit 87 -- done
rank 38 | trajectory 72 of circuit 92 -- done
rank 27 | trajectory 185 of circuit 56 -- done
rank 43 | trajectory 117 of circuit 98 -- done
rank 21 | trajectory 47 of circuit 46 -- done
rank 32 | trajectory 55 of circuit 95 -- done
rank 95 | trajectory 98 of circuit 16 -- done
rank 20 | trajectory 83 of circuit 37 -- done
rank 22 | trajectory 67 of circuit 69 -- done
rank 35 | trajectory 188 of circuit 12 -- done
rank 58 | trajectory 29 of circuit 40 -- done
rank 11 | trajectory 189 of circuit 1 -- done
rank 29 | trajectory 149 of circuit 59 -- done
rank 83 | trajectory 185 of circuit 52 -- done
rank 85 | trajectory 154 of circuit 41 -- done
rank 34 | trajectory 124 of circuit 25 -- done
rank 44 | trajectory 135 of circuit 45 -- done
rank 23 | trajectory 62 of circuit 8 -- done
rank 37 | trajectory 166 of circuit 35 -- done
rank 70 | trajectory 165 of circuit 33 -- done
rank 60 | trajectory 142 of circuit 67 -- done
rank 64 | trajectory 20 of circuit 36 -- done
rank 79 | trajectory 182 of circuit 18 -- done
rank 13 | trajectory 72 of circuit 37 -- done
rank 17 | trajectory 162 of circuit 37 -- done
rank 63 | trajectory 34 of circuit 51 -- done
rank 87 | trajectory 3 of circuit 29 -- done
rank 21 | trajectory 87 of circuit 23 -- done
rank 49 | trajectory 105 of circuit 85 -- done
rank 90 | trajectory 27 of circuit 62 -- done
rank 68 | trajectory 94 of circuit 52 -- done
rank 2 | trajectory 22 of circuit 90 -- done
rank 75 | trajectory 42 of circuit 36 -- done
rank 80 | trajectory 112 of circuit 7 -- done
rank 70 | trajectory 2 of circuit 79 -- done
rank 9 | trajectory 36 of circuit 38 -- done
rank 5 | trajectory 146 of circuit 48 -- done
rank 20 | trajectory 181 of circuit 14 -- done
rank 15 | trajectory 62 of circuit 75 -- done
rank 17 | trajectory 65 of circuit 89 -- done
rank 62 | trajectory 59 of circuit 13 -- done
rank 38 | trajectory 37 of circuit 87 -- done
rank 44 | trajectory 150 of circuit 77 -- done
rank 86 | trajectory 22 of circuit 8 -- done
rank 7 | trajectory 162 of circuit 67 -- done
rank 58 | trajectory 124 of circuit 11 -- done
rank 64 | trajectory 21 of circuit 40 -- done
rank 29 | trajectory 103 of circuit 89 -- done
rank 99 | trajectory 125 of circuit 9 -- done
rank 79 | trajectory 43 of circuit 88 -- done
rank 84 | trajectory 106 of circuit 89 -- done
rank 43 | trajectory 72 of circuit 45 -- done
rank 96 | trajectory 159 of circuit 80 -- done
rank 3 | trajectory 158 of circuit 58 -- done
rank 34 | trajectory 120 of circuit 17 -- done
rank 23 | trajectory 33 of circuit 90 -- done
rank 95 | trajectory 33 of circuit 56 -- done
rank 75 | trajectory 180 of circuit 43 -- done
rank 69 | trajectory 14 of circuit 72 -- done
rank 22 | trajectory 156 of circuit 96 -- done
rank 51 | trajectory 85 of circuit 27 -- done
rank 24 | trajectory 105 of circuit 3 -- done
rank 59 | trajectory 153 of circuit 33 -- done
rank 64 | trajectory 9 of circuit 76 -- done
rank 17 | trajectory 115 of circuit 16 -- done
rank 66 | trajectory 170 of circuit 44 -- done
rank 99 | trajectory 121 of circuit 51 -- done
rank 80 | trajectory 107 of circuit 90 -- done
rank 6 | trajectory 68 of circuit 44 -- done
rank 82 | trajectory 47 of circuit 38 -- done
rank 93 | trajectory 144 of circuit 37 -- done
rank 10 | trajectory 109 of circuit 2 -- done
rank 18 | trajectory 92 of circuit 34 -- done
rank 44 | trajectory 23 of circuit 96 -- done
rank 29 | trajectory 86 of circuit 67 -- done
rank 4 | trajectory 58 of circuit 36 -- done
rank 58 | trajectory 44 of circuit 17 -- done
rank 8 | trajectory 147 of circuit 81 -- done
rank 5 | trajectory 122 of circuit 24 -- done
rank 79 | trajectory 118 of circuit 37 -- done
rank 49 | trajectory 93 of circuit 99 -- done
rank 11 | trajectory 102 of circuit 81 -- done
rank 83 | trajectory 171 of circuit 67 -- done
rank 7 | trajectory 44 of circuit 59 -- done
rank 35 | trajectory 48 of circuit 34 -- done
rank 22 | trajectory 159 of circuit 93 -- done
rank 90 | trajectory 165 of circuit 5 -- done
rank 34 | trajectory 168 of circuit 59 -- done
rank 87 | trajectory 88 of circuit 75 -- done
rank 25 | trajectory 106 of circuit 64 -- done
rank 70 | trajectory 82 of circuit 96 -- done
rank 75 | trajectory 148 of circuit 49 -- done
rank 9 | trajectory 107 of circuit 17 -- done
rank 32 | trajectory 82 of circuit 11 -- done
rank 86 | trajectory 101 of circuit 1 -- done
rank 58 | trajectory 148 of circuit 38 -- done
rank 68 | trajectory 114 of circuit 74 -- done
rank 63 | trajectory 117 of circuit 23 -- done
rank 38 | trajectory 153 of circuit 44 -- done
rank 16 | trajectory 17 of circuit 79 -- done
rank 70 | trajectory 133 of circuit 63 -- done
rank 15 | trajectory 151 of circuit 40 -- done
rank 85 | trajectory 146 of circuit 80 -- done
rank 21 | trajectory 173 of circuit 18 -- done
rank 84 | trajectory 7 of circuit 90 -- done
rank 79 | trajectory 24 of circuit 39 -- done
rank 95 | trajectory 20 of circuit 97 -- done
rank 60 | trajectory 178 of circuit 54 -- done
rank 37 | trajectory 163 of circuit 91 -- done
rank 66 | trajectory 168 of circuit 86 -- done
rank 1 | trajectory 80 of circuit 95 -- done
rank 58 | trajectory 109 of circuit 13 -- done
rank 21 | trajectory 153 of circuit 92 -- done
rank 20 | trajectory 10 of circuit 31 -- done
rank 82 | trajectory 76 of circuit 24 -- done
rank 22 | trajectory 177 of circuit 12 -- done
rank 96 | trajectory 90 of circuit 98 -- done
rank 44 | trajectory 47 of circuit 39 -- done
rank 79 | trajectory 14 of circuit 37 -- done
rank 59 | trajectory 187 of circuit 55 -- done
rank 51 | trajectory 65 of circuit 88 -- done
rank 5 | trajectory 183 of circuit 99 -- done
rank 87 | trajectory 16 of circuit 63 -- done
rank 64 | trajectory 94 of circuit 16 -- done
rank 24 | trajectory 137 of circuit 14 -- done
rank 80 | trajectory 179 of circuit 24 -- done
rank 3 | trajectory 88 of circuit 11 -- done
rank 49 | trajectory 102 of circuit 100 -- done
rank 18 | trajectory 94 of circuit 3 -- done
rank 72 | trajectory 146 of circuit 20 -- done
rank 13 | trajectory 13 of circuit 64 -- done
rank 34 | trajectory 192 of circuit 41 -- done
rank 10 | trajectory 183 of circuit 89 -- done
rank 20 | trajectory 141 of circuit 96 -- done
rank 4 | trajectory 51 of circuit 98 -- done
rank 25 | trajectory 185 of circuit 68 -- done
rank 31 | trajectory 141 of circuit 7 -- done
rank 58 | trajectory 46 of circuit 26 -- done
rank 8 | trajectory 138 of circuit 58 -- done
rank 23 | trajectory 40 of circuit 19 -- done
rank 9 | trajectory 123 of circuit 6 -- done
rank 90 | trajectory 70 of circuit 4 -- done
rank 29 | trajectory 60 of circuit 96 -- done
rank 32 | trajectory 10 of circuit 34 -- done
rank 70 | trajectory 68 of circuit 7 -- done
rank 44 | trajectory 13 of circuit 93 -- done
rank 62 | trajectory 121 of circuit 90 -- done
rank 37 | trajectory 6 of circuit 95 -- done
rank 84 | trajectory 8 of circuit 24 -- done
rank 75 | trajectory 121 of circuit 40 -- done
rank 99 | trajectory 190 of circuit 75 -- done
rank 2 | trajectory 160 of circuit 65 -- done
rank 87 | trajectory 174 of circuit 27 -- done
rank 68 | trajectory 17 of circuit 56 -- done
rank 11 | trajectory 176 of circuit 33 -- done
rank 58 | trajectory 86 of circuit 26 -- done
rank 83 | trajectory 111 of circuit 73 -- done
rank 63 | trajectory 58 of circuit 20 -- done
rank 29 | trajectory 140 of circuit 44 -- done
rank 15 | trajectory 82 of circuit 53 -- done
rank 43 | trajectory 125 of circuit 25 -- done
rank 66 | trajectory 121 of circuit 84 -- done
rank 70 | trajectory 176 of circuit 16 -- done
rank 49 | trajectory 178 of circuit 94 -- done
rank 16 | trajectory 132 of circuit 95 -- done
rank 6 | trajectory 192 of circuit 67 -- done
rank 58 | trajectory 10 of circuit 77 -- done
rank 99 | trajectory 100 of circuit 18 -- done
rank 5 | trajectory 23 of circuit 6 -- done
rank 17 | trajectory 96 of circuit 56 -- done
rank 86 | trajectory 78 of circuit 62 -- done
rank 34 | trajectory 74 of circuit 70 -- done
rank 10 | trajectory 82 of circuit 77 -- done
rank 27 | trajectory 14 of circuit 70 -- done
rank 24 | trajectory 73 of circuit 19 -- done
rank 21 | trajectory 104 of circuit 83 -- done
rank 25 | trajectory 23 of circuit 15 -- done
rank 31 | trajectory 130 of circuit 99 -- done
rank 1 | trajectory 55 of circuit 88 -- done
rank 70 | trajectory 1 of circuit 47 -- done
rank 9 | trajectory 66 of circuit 4 -- done
rank 66 | trajectory 82 of circuit 23 -- done
rank 64 | trajectory 133 of circuit 17 -- done
rank 82 | trajectory 187 of circuit 24 -- done
rank 35 | trajectory 45 of circuit 6 -- done
rank 22 | trajectory 191 of circuit 49 -- done
rank 2 | trajectory 170 of circuit 65 -- done
rank 87 | trajectory 14 of circuit 68 -- done
rank 21 | trajectory 95 of circuit 66 -- done
rank 62 | trajectory 17 of circuit 54 -- done
rank 4 | trajectory 1 of circuit 78 -- done
rank 85 | trajectory 180 of circuit 33 -- done
rank 90 | trajectory 8 of circuit 27 -- done
rank 95 | trajectory 156 of circuit 71 -- done
rank 68 | trajectory 64 of circuit 26 -- done
rank 63 | trajectory 130 of circuit 73 -- done
rank 84 | trajectory 182 of circuit 43 -- done
rank 49 | trajectory 96 of circuit 5 -- done
rank 96 | trajectory 182 of circuit 89 -- done
rank 97 | trajectory 61 of circuit 21 -- done
rank 29 | trajectory 141 of circuit 52 -- done
rank 93 | trajectory 6 of circuit 87 -- done
rank 37 | trajectory 103 of circuit 49 -- done
rank 99 | trajectory 51 of circuit 42 -- done
rank 23 | trajectory 130 of circuit 36 -- done
rank 64 | trajectory 142 of circuit 41 -- done
rank 60 | trajectory 73 of circuit 85 -- done
rank 59 | trajectory 180 of circuit 46 -- done
rank 20 | trajectory 97 of circuit 7 -- done
rank 70 | trajectory 150 of circuit 84 -- done
rank 38 | trajectory 132 of circuit 64 -- done
rank 44 | trajectory 19 of circuit 7 -- done
rank 75 | trajectory 53 of circuit 36 -- done
rank 17 | trajectory 173 of circuit 44 -- done
rank 18 | trajectory 145 of circuit 16 -- done
rank 22 | trajectory 187 of circuit 35 -- done
rank 13 | trajectory 138 of circuit 82 -- done
rank 62 | trajectory 177 of circuit 23 -- done
rank 8 | trajectory 13 of circuit 58 -- done
rank 5 | trajectory 20 of circuit 61 -- done
rank 99 | trajectory 107 of circuit 85 -- done
rank 7 | trajectory 126 of circuit 79 -- done
rank 51 | trajectory 89 of circuit 98 -- done
rank 80 | trajectory 123 of circuit 19 -- done
rank 11 | trajectory 117 of circuit 30 -- done
rank 2 | trajectory 167 of circuit 100 -- done
rank 25 | trajectory 120 of circuit 37 -- done
rank 10 | trajectory 131 of circuit 70 -- done
rank 15 | trajectory 52 of circuit 70 -- done
rank 70 | trajectory 81 of circuit 27 -- done
rank 36 | trajectory 183 of circuit 20 -- done
rank 95 | trajectory 120 of circuit 11 -- done
rank 9 | trajectory 2 of circuit 39 -- done
rank 23 | trajectory 143 of circuit 30 -- done
rank 68 | trajectory 136 of circuit 61 -- done
rank 86 | trajectory 156 of circuit 33 -- done
rank 87 | trajectory 89 of circuit 5 -- done
rank 24 | trajectory 24 of circuit 9 -- done
rank 49 | trajectory 152 of circuit 50 -- done
rank 31 | trajectory 188 of circuit 37 -- done
rank 32 | trajectory 65 of circuit 80 -- done
rank 29 | trajectory 57 of circuit 91 -- done
rank 66 | trajectory 134 of circuit 50 -- done
rank 75 | trajectory 131 of circuit 6 -- done
rank 43 | trajectory 84 of circuit 52 -- done
rank 44 | trajectory 59 of circuit 38 -- done
rank 21 | trajectory 161 of circuit 61 -- done
rank 4 | trajectory 178 of circuit 99 -- done
rank 95 | trajectory 77 of circuit 77 -- done
rank 62 | trajectory 14 of circuit 90 -- done
rank 90 | trajectory 91 of circuit 74 -- done
rank 6 | trajectory 57 of circuit 94 -- done
rank 83 | trajectory 87 of circuit 21 -- done
rank 17 | trajectory 6 of circuit 9 -- done
rank 85 | trajectory 82 of circuit 47 -- done
rank 20 | trajectory 49 of circuit 58 -- done
rank 1 | trajectory 27 of circuit 46 -- done
rank 58 | trajectory 150 of circuit 26 -- done
rank 35 | trajectory 189 of circuit 37 -- done
rank 80 | trajectory 173 of circuit 84 -- done
rank 72 | trajectory 56 of circuit 34 -- done
rank 27 | trajectory 4 of circuit 97 -- done
rank 86 | trajectory 10 of circuit 6 -- done
rank 82 | trajectory 122 of circuit 10 -- done
rank 8 | trajectory 9 of circuit 68 -- done
rank 25 | trajectory 57 of circuit 92 -- done
rank 10 | trajectory 42 of circuit 53 -- done
rank 64 | trajectory 14 of circuit 9 -- done
rank 18 | trajectory 22 of circuit 9 -- done
rank 84 | trajectory 39 of circuit 91 -- done
rank 15 | trajectory 93 of circuit 13 -- done
rank 95 | trajectory 11 of circuit 24 -- done
rank 38 | trajectory 46 of circuit 47 -- done
rank 31 | trajectory 161 of circuit 79 -- done
rank 11 | trajectory 20 of circuit 12 -- done
rank 51 | trajectory 77 of circuit 66 -- done
rank 9 | trajectory 24 of circuit 94 -- done
rank 21 | trajectory 67 of circuit 93 -- done
rank 2 | trajectory 157 of circuit 11 -- done
rank 16 | trajectory 72 of circuit 83 -- done
rank 63 | trajectory 85 of circuit 70 -- done
rank 75 | trajectory 164 of circuit 34 -- done
rank 23 | trajectory 41 of circuit 60 -- done
rank 32 | trajectory 86 of circuit 88 -- done
rank 80 | trajectory 32 of circuit 21 -- done
rank 96 | trajectory 155 of circuit 11 -- done
rank 66 | trajectory 31 of circuit 74 -- done
rank 37 | trajectory 146 of circuit 3 -- done
rank 58 | trajectory 133 of circuit 38 -- done
rank 70 | trajectory 106 of circuit 9 -- done
rank 22 | trajectory 121 of circuit 98 -- done
rank 44 | trajectory 137 of circuit 97 -- done
rank 24 | trajectory 43 of circuit 83 -- done
rank 21 | trajectory 191 of circuit 79 -- done
rank 86 | trajectory 55 of circuit 70 -- done
rank 93 | trajectory 91 of circuit 25 -- done
rank 68 | trajectory 181 of circuit 20 -- done
rank 1 | trajectory 94 of circuit 42 -- done
rank 95 | trajectory 23 of circuit 80 -- done
rank 97 | trajectory 164 of circuit 67 -- done
rank 13 | trajectory 24 of circuit 83 -- done
rank 4 | trajectory 190 of circuit 14 -- done
rank 17 | trajectory 18 of circuit 62 -- done
rank 62 | trajectory 41 of circuit 54 -- done
rank 20 | trajectory 185 of circuit 66 -- done
rank 90 | trajectory 141 of circuit 2 -- done
rank 7 | trajectory 141 of circuit 50 -- done
rank 5 | trajectory 168 of circuit 25 -- done
rank 59 | trajectory 162 of circuit 77 -- done
rank 70 | trajectory 161 of circuit 48 -- done
rank 31 | trajectory 117 of circuit 74 -- done
rank 60 | trajectory 78 of circuit 38 -- done
rank 82 | trajectory 116 of circuit 48 -- done
rank 2 | trajectory 153 of circuit 66 -- done
rank 18 | trajectory 112 of circuit 99 -- done
rank 10 | trajectory 153 of circuit 23 -- done
rank 49 | trajectory 37 of circuit 22 -- done
rank 64 | trajectory 35 of circuit 45 -- done
rank 35 | trajectory 135 of circuit 70 -- done
rank 80 | trajectory 137 of circuit 51 -- done
rank 63 | trajectory 35 of circuit 31 -- done
rank 99 | trajectory 117 of circuit 9 -- done
rank 84 | trajectory 111 of circuit 46 -- done
rank 58 | trajectory 38 of circuit 59 -- done
rank 25 | trajectory 58 of circuit 71 -- done
rank 66 | trajectory 115 of circuit 88 -- done
rank 22 | trajectory 76 of circuit 48 -- done
rank 95 | trajectory 138 of circuit 56 -- done
rank 72 | trajectory 46 of circuit 54 -- done
rank 7 | trajectory 142 of circuit 55 -- done
rank 36 | trajectory 103 of circuit 14 -- done
rank 23 | trajectory 14 of circuit 10 -- done
rank 85 | trajectory 61 of circuit 35 -- done
rank 38 | trajectory 33 of circuit 35 -- done
rank 44 | trajectory 30 of circuit 49 -- done
rank 86 | trajectory 24 of circuit 64 -- done
rank 37 | trajectory 138 of circuit 64 -- done
rank 83 | trajectory 29 of circuit 25 -- done
rank 15 | trajectory 40 of circuit 45 -- done
rank 11 | trajectory 90 of circuit 59 -- done
rank 1 | trajectory 97 of circuit 34 -- done
rank 32 | trajectory 72 of circuit 14 -- done
rank 51 | trajectory 1 of circuit 12 -- done
rank 9 | trajectory 104 of circuit 55 -- done
rank 70 | trajectory 69 of circuit 59 -- done
rank 5 | trajectory 37 of circuit 99 -- done
rank 69 | trajectory 150 of circuit 52 -- done
rank 58 | trajectory 135 of circuit 54 -- done
rank 7 | trajectory 91 of circuit 72 -- done
rank 24 | trajectory 140 of circuit 32 -- done
rank 64 | trajectory 63 of circuit 81 -- done
rank 62 | trajectory 82 of circuit 83 -- done
rank 4 | trajectory 24 of circuit 72 -- done
rank 80 | trajectory 145 of circuit 97 -- done
rank 63 | trajectory 63 of circuit 63 -- done
rank 90 | trajectory 93 of circuit 8 -- done
rank 25 | trajectory 35 of circuit 82 -- done
rank 59 | trajectory 170 of circuit 70 -- done
rank 20 | trajectory 24 of circuit 78 -- done
rank 2 | trajectory 100 of circuit 69 -- done
rank 8 | trajectory 62 of circuit 93 -- done
rank 49 | trajectory 63 of circuit 83 -- done
rank 68 | trajectory 172 of circuit 24 -- done
rank 10 | trajectory 126 of circuit 22 -- done
rank 84 | trajectory 49 of circuit 18 -- done
rank 31 | trajectory 179 of circuit 36 -- done
rank 58 | trajectory 14 of circuit 61 -- done
rank 32 | trajectory 22 of circuit 45 -- done
rank 93 | trajectory 113 of circuit 56 -- done
rank 27 | trajectory 17 of circuit 89 -- done
rank 17 | trajectory 145 of circuit 77 -- done
rank 37 | trajectory 21 of circuit 39 -- done
rank 87 | trajectory 4 of circuit 4 -- done
rank 7 | trajectory 19 of circuit 40 -- done
rank 18 | trajectory 93 of circuit 24 -- done
rank 96 | trajectory 120 of circuit 26 -- done
rank 36 | trajectory 64 of circuit 20 -- done
rank 25 | trajectory 12 of circuit 37 -- done
rank 11 | trajectory 154 of circuit 66 -- done
rank 83 | trajectory 52 of circuit 55 -- done
rank 95 | trajectory 63 of circuit 38 -- done
rank 13 | trajectory 14 of circuit 97 -- done
rank 43 | trajectory 33 of circuit 87 -- done
rank 23 | trajectory 47 of circuit 84 -- done
rank 5 | trajectory 109 of circuit 61 -- done
rank 58 | trajectory 165 of circuit 3 -- done
rank 72 | trajectory 135 of circuit 56 -- done
rank 63 | trajectory 70 of circuit 6 -- done
rank 87 | trajectory 10 of circuit 19 -- done
rank 62 | trajectory 118 of circuit 42 -- done
rank 59 | trajectory 155 of circuit 95 -- done
rank 49 | trajectory 87 of circuit 35 -- done
rank 85 | trajectory 59 of circuit 80 -- done
rank 90 | trajectory 130 of circuit 71 -- done
rank 24 | trajectory 81 of circuit 3 -- done
rank 9 | trajectory 16 of circuit 81 -- done
rank 82 | trajectory 112 of circuit 33 -- done
rank 38 | trajectory 47 of circuit 48 -- done
rank 20 | trajectory 1 of circuit 84 -- done
rank 10 | trajectory 88 of circuit 61 -- done
rank 70 | trajectory 23 of circuit 12 -- done
rank 31 | trajectory 158 of circuit 60 -- done
rank 86 | trajectory 130 of circuit 34 -- done
rank 32 | trajectory 189 of circuit 79 -- done
rank 66 | trajectory 77 of circuit 11 -- done
rank 8 | trajectory 174 of circuit 39 -- done
rank 69 | trajectory 19 of circuit 22 -- done
rank 4 | trajectory 50 of circuit 36 -- done
rank 7 | trajectory 146 of circuit 94 -- done
rank 16 | trajectory 121 of circuit 53 -- done
rank 23 | trajectory 89 of circuit 23 -- done
rank 99 | trajectory 175 of circuit 34 -- done
rank 58 | trajectory 185 of circuit 82 -- done
rank 62 | trajectory 46 of circuit 77 -- done
rank 49 | trajectory 95 of circuit 14 -- done
rank 5 | trajectory 143 of circuit 9 -- done
rank 35 | trajectory 71 of circuit 33 -- done
rank 95 | trajectory 167 of circuit 59 -- done
rank 97 | trajectory 105 of circuit 38 -- done
rank 20 | trajectory 5 of circuit 100 -- done
rank 68 | trajectory 180 of circuit 70 -- done
rank 32 | trajectory 13 of circuit 34 -- done
rank 87 | trajectory 101 of circuit 67 -- done
rank 44 | trajectory 43 of circuit 78 -- done
rank 86 | trajectory 33 of circuit 62 -- done
rank 59 | trajectory 82 of circuit 24 -- done
rank 84 | trajectory 33 of circuit 41 -- done
rank 10 | trajectory 159 of circuit 19 -- done
rank 96 | trajectory 123 of circuit 16 -- done
rank 38 | trajectory 12 of circuit 89 -- done
rank 95 | trajectory 25 of circuit 97 -- done
rank 11 | trajectory 171 of circuit 25 -- done
rank 85 | trajectory 102 of circuit 68 -- done
rank 51 | trajectory 153 of circuit 22 -- done
rank 2 | trajectory 93 of circuit 29 -- done
rank 66 | trajectory 75 of circuit 97 -- done
rank 9 | trajectory 29 of circuit 14 -- done
rank 18 | trajectory 115 of circuit 90 -- done
rank 90 | trajectory 132 of circuit 67 -- done
rank 82 | trajectory 168 of circuit 77 -- done
rank 31 | trajectory 109 of circuit 16 -- done
rank 72 | trajectory 38 of circuit 7 -- done
rank 43 | trajectory 54 of circuit 10 -- done
rank 36 | trajectory 76 of circuit 81 -- done
rank 83 | trajectory 146 of circuit 81 -- done
rank 23 | trajectory 72 of circuit 40 -- done
rank 8 | trajectory 91 of circuit 26 -- done
rank 80 | trajectory 136 of circuit 22 -- done
rank 63 | trajectory 166 of circuit 1 -- done
rank 1 | trajectory 178 of circuit 55 -- done
rank 5 | trajectory 65 of circuit 12 -- done
rank 68 | trajectory 16 of circuit 53 -- done
rank 44 | trajectory 160 of circuit 39 -- done
rank 24 | trajectory 138 of circuit 69 -- done
rank 87 | trajectory 94 of circuit 71 -- done
rank 20 | trajectory 32 of circuit 11 -- done
rank 49 | trajectory 130 of circuit 84 -- done
rank 66 | trajectory 125 of circuit 62 -- done
rank 32 | trajectory 96 of circuit 63 -- done
rank 35 | trajectory 101 of circuit 12 -- done
rank 62 | trajectory 101 of circuit 86 -- done
rank 95 | trajectory 7 of circuit 22 -- done
rank 15 | trajectory 163 of circuit 54 -- done
rank 27 | trajectory 115 of circuit 63 -- done
rank 11 | trajectory 78 of circuit 28 -- done
rank 13 | trajectory 91 of circuit 86 -- done
rank 80 | trajectory 82 of circuit 50 -- done
rank 4 | trajectory 46 of circuit 37 -- done
rank 31 | trajectory 14 of circuit 50 -- done
rank 59 | trajectory 103 of circuit 95 -- done
rank 87 | trajectory 1 of circuit 92 -- done
rank 18 | trajectory 41 of circuit 12 -- done
rank 69 | trajectory 27 of circuit 18 -- done
rank 16 | trajectory 50 of circuit 44 -- done
rank 9 | trajectory 74 of circuit 76 -- done
rank 66 | trajectory 97 of circuit 45 -- done
rank 93 | trajectory 12 of circuit 78 -- done
rank 23 | trajectory 129 of circuit 47 -- done
rank 10 | trajectory 150 of circuit 98 -- done
rank 49 | trajectory 112 of circuit 65 -- done
rank 25 | trajectory 186 of circuit 30 -- done
rank 34 | trajectory 189 of circuit 97 -- done
rank 32 | trajectory 78 of circuit 18 -- done
rank 90 | trajectory 107 of circuit 22 -- done
rank 2 | trajectory 164 of circuit 82 -- done
rank 44 | trajectory 177 of circuit 59 -- done
rank 97 | trajectory 102 of circuit 61 -- done
rank 99 | trajectory 179 of circuit 33 -- done
rank 82 | trajectory 132 of circuit 41 -- done
rank 70 | trajectory 46 of circuit 41 -- done
rank 5 | trajectory 3 of circuit 67 -- done
rank 8 | trajectory 127 of circuit 69 -- done
rank 72 | trajectory 104 of circuit 96 -- done
rank 38 | trajectory 104 of circuit 75 -- done
rank 95 | trajectory 41 of circuit 19 -- done
rank 43 | trajectory 55 of circuit 71 -- done
rank 85 | trajectory 28 of circuit 51 -- done
rank 84 | trajectory 181 of circuit 84 -- done
rank 26 | trajectory 12 of circuit 53 -- done
rank 9 | trajectory 145 of circuit 92 -- done
rank 68 | trajectory 177 of circuit 36 -- done
rank 36 | trajectory 81 of circuit 46 -- done
rank 66 | trajectory 155 of circuit 99 -- done
rank 80 | trajectory 177 of circuit 57 -- done
rank 87 | trajectory 60 of circuit 51 -- done
rank 96 | trajectory 183 of circuit 36 -- done
rank 7 | trajectory 49 of circuit 32 -- done
rank 32 | trajectory 16 of circuit 100 -- done
rank 18 | trajectory 49 of circuit 56 -- done
rank 31 | trajectory 52 of circuit 78 -- done
rank 62 | trajectory 94 of circuit 69 -- done
rank 34 | trajectory 174 of circuit 71 -- done
rank 83 | trajectory 71 of circuit 91 -- done
rank 58 | trajectory 163 of circuit 60 -- done
rank 24 | trajectory 26 of circuit 100 -- done
rank 7 | trajectory 77 of circuit 83 -- done
rank 49 | trajectory 36 of circuit 84 -- done
rank 99 | trajectory 189 of circuit 68 -- done
rank 13 | trajectory 42 of circuit 29 -- done
rank 44 | trajectory 147 of circuit 70 -- done
rank 16 | trajectory 157 of circuit 76 -- done
rank 82 | trajectory 32 of circuit 40 -- done
rank 87 | trajectory 83 of circuit 88 -- done
rank 5 | trajectory 108 of circuit 4 -- done
rank 20 | trajectory 28 of circuit 43 -- done
rank 66 | trajectory 112 of circuit 86 -- done
rank 63 | trajectory 124 of circuit 47 -- done
rank 70 | trajectory 41 of circuit 88 -- done
rank 4 | trajectory 95 of circuit 27 -- done
rank 15 | trajectory 78 of circuit 21 -- done
rank 86 | trajectory 124 of circuit 13 -- done
rank 1 | trajectory 39 of circuit 77 -- done
rank 23 | trajectory 98 of circuit 30 -- done
rank 84 | trajectory 98 of circuit 95 -- done
rank 58 | trajectory 123 of circuit 76 -- done
rank 93 | trajectory 138 of circuit 50 -- done
rank 90 | trajectory 148 of circuit 40 -- done
rank 9 | trajectory 67 of circuit 79 -- done
rank 18 | trajectory 97 of circuit 52 -- done
rank 66 | trajectory 152 of circuit 29 -- done
rank 87 | trajectory 59 of circuit 63 -- done
rank 10 | trajectory 154 of circuit 42 -- done
rank 72 | trajectory 48 of circuit 27 -- done
rank 38 | trajectory 41 of circuit 72 -- done
rank 27 | trajectory 79 of circuit 9 -- done
rank 8 | trajectory 96 of circuit 69 -- done
rank 11 | trajectory 167 of circuit 30 -- done
rank 59 | trajectory 150 of circuit 8 -- done
rank 20 | trajectory 142 of circuit 83 -- done
rank 7 | trajectory 164 of circuit 69 -- done
rank 68 | trajectory 173 of circuit 7 -- done
rank 62 | trajectory 45 of circuit 30 -- done
rank 86 | trajectory 95 of circuit 72 -- done
rank 6 | trajectory 36 of circuit 13 -- done
rank 35 | trajectory 114 of circuit 86 -- done
rank 44 | trajectory 96 of circuit 74 -- done
rank 80 | trajectory 45 of circuit 60 -- done
rank 85 | trajectory 143 of circuit 60 -- done
rank 25 | trajectory 42 of circuit 23 -- done
rank 43 | trajectory 81 of circuit 33 -- done
rank 82 | trajectory 135 of circuit 9 -- done
rank 24 | trajectory 59 of circuit 37 -- done
rank 96 | trajectory 153 of circuit 88 -- done
rank 66 | trajectory 16 of circuit 97 -- done
rank 97 | trajectory 157 of circuit 100 -- done
rank 95 | trajectory 38 of circuit 50 -- done
rank 34 | trajectory 152 of circuit 96 -- done
rank 32 | trajectory 91 of circuit 48 -- done
rank 7 | trajectory 81 of circuit 64 -- done
rank 20 | trajectory 186 of circuit 54 -- done
rank 49 | trajectory 121 of circuit 47 -- done
rank 18 | trajectory 181 of circuit 13 -- done
rank 13 | trajectory 92 of circuit 65 -- done
rank 86 | trajectory 37 of circuit 61 -- done
rank 4 | trajectory 92 of circuit 32 -- done
rank 80 | trajectory 147 of circuit 85 -- done
rank 1 | trajectory 31 of circuit 26 -- done
rank 15 | trajectory 9 of circuit 87 -- done
rank 68 | trajectory 102 of circuit 69 -- done
rank 95 | trajectory 59 of circuit 28 -- done
rank 93 | trajectory 142 of circuit 50 -- done
rank 23 | trajectory 8 of circuit 13 -- done
rank 72 | trajectory 136 of circuit 4 -- done
rank 83 | trajectory 12 of circuit 41 -- done
rank 59 | trajectory 159 of circuit 15 -- done
rank 10 | trajectory 179 of circuit 25 -- done
rank 51 | trajectory 79 of circuit 2 -- done
rank 36 | trajectory 49 of circuit 83 -- done
rank 43 | trajectory 100 of circuit 84 -- done
rank 62 | trajectory 135 of circuit 2 -- done
rank 84 | trajectory 43 of circuit 24 -- done
rank 9 | trajectory 161 of circuit 80 -- done
rank 60 | trajectory 37 of circuit 1 -- done
rank 11 | trajectory 174 of circuit 54 -- done
rank 69 | trajectory 31 of circuit 85 -- done
rank 66 | trajectory 1 of circuit 81 -- done
rank 31 | trajectory 104 of circuit 52 -- done
rank 18 | trajectory 8 of circuit 20 -- done
rank 7 | trajectory 22 of circuit 73 -- done
rank 86 | trajectory 79 of circuit 67 -- done
rank 90 | trajectory 159 of circuit 16 -- done
rank 43 | trajectory 139 of circuit 69 -- done
rank 8 | trajectory 26 of circuit 93 -- done
rank 5 | trajectory 142 of circuit 98 -- done
rank 20 | trajectory 148 of circuit 5 -- done
rank 70 | trajectory 102 of circuit 92 -- done
rank 68 | trajectory 89 of circuit 40 -- done
rank 24 | trajectory 50 of circuit 17 -- done
rank 82 | trajectory 190 of circuit 87 -- done
rank 32 | trajectory 71 of circuit 100 -- done
rank 2 | trajectory 161 of circuit 60 -- done
rank 35 | trajectory 70 of circuit 38 -- done
rank 4 | trajectory 123 of circuit 81 -- done
rank 63 | trajectory 2 of circuit 25 -- done
rank 16 | trajectory 136 of circuit 48 -- done
rank 9 | trajectory 163 of circuit 34 -- done
rank 95 | trajectory 46 of circuit 50 -- done
rank 85 | trajectory 31 of circuit 50 -- done
rank 96 | trajectory 31 of circuit 81 -- done
rank 80 | trajectory 141 of circuit 5 -- done
rank 83 | trajectory 42 of circuit 62 -- done
rank 1 | trajectory 50 of circuit 80 -- done
rank 34 | trajectory 138 of circuit 71 -- done
rank 86 | trajectory 185 of circuit 48 -- done
rank 11 | trajectory 148 of circuit 22 -- done
rank 43 | trajectory 3 of circuit 16 -- done
rank 31 | trajectory 96 of circuit 13 -- done
rank 59 | trajectory 168 of circuit 31 -- done
rank 49 | trajectory 169 of circuit 50 -- done
rank 15 | trajectory 150 of circuit 92 -- done
rank 44 | trajectory 39 of circuit 53 -- done
rank 66 | trajectory 130 of circuit 45 -- done
rank 51 | trajectory 70 of circuit 10 -- done
rank 32 | trajectory 9 of circuit 57 -- done
rank 20 | trajectory 56 of circuit 45 -- done
rank 18 | trajectory 121 of circuit 11 -- done
rank 93 | trajectory 167 of circuit 13 -- done
rank 82 | trajectory 191 of circuit 48 -- done
rank 84 | trajectory 187 of circuit 56 -- done
rank 25 | trajectory 45 of circuit 78 -- done
rank 87 | trajectory 136 of circuit 84 -- done
rank 2 | trajectory 101 of circuit 95 -- done
rank 10 | trajectory 180 of circuit 100 -- done
rank 90 | trajectory 109 of circuit 97 -- done
rank 8 | trajectory 146 of circuit 42 -- done
rank 7 | trajectory 149 of circuit 47 -- done
rank 38 | trajectory 181 of circuit 51 -- done
rank 36 | trajectory 102 of circuit 76 -- done
rank 24 | trajectory 188 of circuit 49 -- done
rank 23 | trajectory 16 of circuit 47 -- done
rank 68 | trajectory 28 of circuit 58 -- done
rank 6 | trajectory 180 of circuit 60 -- done
rank 49 | trajectory 183 of circuit 31 -- done
rank 4 | trajectory 42 of circuit 44 -- done
rank 35 | trajectory 21 of circuit 98 -- done
rank 16 | trajectory 117 of circuit 3 -- done
rank 69 | trajectory 161 of circuit 93 -- done
rank 26 | trajectory 29 of circuit 71 -- done
rank 32 | trajectory 139 of circuit 56 -- done
rank 95 | trajectory 8 of circuit 10 -- done
rank 20 | trajectory 176 of circuit 70 -- done
rank 9 | trajectory 165 of circuit 9 -- done
rank 25 | trajectory 170 of circuit 24 -- done
rank 62 | trajectory 35 of circuit 65 -- done
rank 63 | trajectory 185 of circuit 42 -- done
rank 34 | trajectory 77 of circuit 3 -- done
rank 15 | trajectory 184 of circuit 19 -- done
rank 7 | trajectory 25 of circuit 54 -- done
rank 18 | trajectory 136 of circuit 91 -- done
rank 23 | trajectory 105 of circuit 79 -- done
rank 43 | trajectory 161 of circuit 42 -- done
rank 5 | trajectory 180 of circuit 34 -- done
rank 87 | trajectory 30 of circuit 10 -- done
rank 66 | trajectory 91 of circuit 84 -- done
rank 11 | trajectory 82 of circuit 95 -- done
rank 31 | trajectory 81 of circuit 18 -- done
rank 1 | trajectory 12 of circuit 47 -- done
rank 72 | trajectory 107 of circuit 74 -- done
rank 96 | trajectory 106 of circuit 25 -- done
rank 20 | trajectory 69 of circuit 73 -- done
rank 32 | trajectory 36 of circuit 22 -- done
rank 44 | trajectory 28 of circuit 69 -- done
rank 90 | trajectory 117 of circuit 20 -- done
rank 86 | trajectory 38 of circuit 67 -- done
rank 23 | trajectory 19 of circuit 66 -- done
rank 97 | trajectory 24 of circuit 28 -- done
rank 38 | trajectory 97 of circuit 25 -- done
rank 84 | trajectory 96 of circuit 71 -- done
rank 49 | trajectory 156 of circuit 74 -- done
rank 51 | trajectory 181 of circuit 52 -- done
rank 10 | trajectory 65 of circuit 14 -- done
rank 18 | trajectory 191 of circuit 69 -- done
rank 27 | trajectory 142 of circuit 66 -- done
rank 68 | trajectory 141 of circuit 83 -- done
rank 85 | trajectory 170 of circuit 36 -- done
rank 66 | trajectory 102 of circuit 91 -- done
rank 59 | trajectory 98 of circuit 25 -- done
rank 23 | trajectory 10 of circuit 20 -- done
rank 4 | trajectory 20 of circuit 74 -- done
rank 43 | trajectory 141 of circuit 91 -- done
rank 83 | trajectory 16 of circuit 36 -- done
rank 34 | trajectory 147 of circuit 21 -- done
rank 80 | trajectory 54 of circuit 47 -- done
rank 2 | trajectory 177 of circuit 75 -- done
rank 20 | trajectory 116 of circuit 6 -- done
rank 16 | trajectory 84 of circuit 14 -- done
rank 15 | trajectory 162 of circuit 47 -- done
rank 56 | trajectory 144 of circuit 90 -- done
rank 8 | trajectory 140 of circuit 95 -- done
rank 35 | trajectory 62 of circuit 49 -- done
rank 87 | trajectory 81 of circuit 17 -- done
rank 38 | trajectory 52 of circuit 37 -- done
rank 7 | trajectory 20 of circuit 67 -- done
rank 9 | trajectory 147 of circuit 83 -- done
rank 44 | trajectory 98 of circuit 84 -- done
rank 95 | trajectory 192 of circuit 44 -- done
rank 36 | trajectory 184 of circuit 69 -- done
rank 62 | trajectory 25 of circuit 100 -- done
rank 32 | trajectory 15 of circuit 38 -- done
rank 63 | trajectory 144 of circuit 88 -- done
rank 25 | trajectory 36 of circuit 20 -- done
rank 18 | trajectory 33 of circuit 22 -- done
rank 1 | trajectory 160 of circuit 25 -- done
rank 23 | trajectory 96 of circuit 57 -- done
rank 11 | trajectory 14 of circuit 60 -- done
rank 69 | trajectory 185 of circuit 96 -- done
rank 86 | trajectory 14 of circuit 87 -- done
rank 49 | trajectory 39 of circuit 68 -- done
rank 66 | trajectory 139 of circuit 89 -- done
rank 24 | trajectory 149 of circuit 3 -- done
rank 31 | trajectory 48 of circuit 40 -- done
rank 43 | trajectory 189 of circuit 31 -- done
rank 7 | trajectory 159 of circuit 25 -- done
rank 90 | trajectory 64 of circuit 16 -- done
rank 93 | trajectory 80 of circuit 64 -- done
rank 34 | trajectory 145 of circuit 58 -- done
rank 72 | trajectory 90 of circuit 79 -- done
rank 95 | trajectory 135 of circuit 72 -- done
rank 59 | trajectory 158 of circuit 90 -- done
rank 84 | trajectory 79 of circuit 6 -- done
rank 23 | trajectory 5 of circuit 89 -- done
rank 87 | trajectory 41 of circuit 97 -- done
rank 5 | trajectory 178 of circuit 4 -- done
rank 26 | trajectory 8 of circuit 57 -- done
rank 10 | trajectory 162 of circuit 28 -- done
rank 80 | trajectory 130 of circuit 38 -- done
rank 1 | trajectory 29 of circuit 57 -- done
rank 82 | trajectory 2 of circuit 99 -- done
rank 4 | trajectory 144 of circuit 22 -- done
rank 38 | trajectory 154 of circuit 51 -- done
rank 96 | trajectory 179 of circuit 27 -- done
rank 60 | trajectory 173 of circuit 6 -- done
rank 15 | trajectory 131 of circuit 97 -- done
rank 86 | trajectory 85 of circuit 52 -- done
rank 7 | trajectory 69 of circuit 6 -- done
rank 49 | trajectory 52 of circuit 72 -- done
rank 83 | trajectory 68 of circuit 33 -- done
rank 62 | trajectory 15 of circuit 25 -- done
rank 35 | trajectory 148 of circuit 76 -- done
rank 51 | trajectory 140 of circuit 33 -- done
rank 63 | trajectory 3 of circuit 54 -- done
rank 66 | trajectory 113 of circuit 98 -- done
rank 27 | trajectory 118 of circuit 12 -- done
rank 11 | trajectory 55 of circuit 28 -- done
rank 16 | trajectory 149 of circuit 57 -- done
rank 31 | trajectory 29 of circuit 76 -- done
rank 44 | trajectory 12 of circuit 44 -- done
rank 23 | trajectory 80 of circuit 2 -- done
rank 34 | trajectory 182 of circuit 28 -- done
rank 38 | trajectory 45 of circuit 35 -- done
rank 26 | trajectory 190 of circuit 91 -- done
rank 1 | trajectory 92 of circuit 97 -- done
rank 6 | trajectory 126 of circuit 90 -- done
rank 7 | trajectory 151 of circuit 14 -- done
rank 87 | trajectory 185 of circuit 29 -- done
rank 72 | trajectory 16 of circuit 43 -- done
rank 90 | trajectory 98 of circuit 31 -- done
rank 56 | trajectory 30 of circuit 47 -- done
rank 25 | trajectory 105 of circuit 4 -- done
rank 49 | trajectory 129 of circuit 7 -- done
rank 24 | trajectory 129 of circuit 79 -- done
rank 10 | trajectory 134 of circuit 78 -- done
rank 2 | trajectory 152 of circuit 26 -- done
rank 63 | trajectory 4 of circuit 52 -- done
rank 44 | trajectory 139 of circuit 9 -- done
rank 97 | trajectory 81 of circuit 41 -- done
rank 43 | trajectory 30 of circuit 44 -- done
rank 85 | trajectory 79 of circuit 12 -- done
rank 80 | trajectory 143 of circuit 37 -- done
rank 20 | trajectory 11 of circuit 60 -- done
rank 82 | trajectory 166 of circuit 47 -- done
rank 4 | trajectory 69 of circuit 26 -- done
rank 9 | trajectory 122 of circuit 75 -- done
rank 38 | trajectory 27 of circuit 81 -- done
rank 23 | trajectory 32 of circuit 31 -- done
rank 5 | trajectory 63 of circuit 51 -- done
rank 35 | trajectory 91 of circuit 46 -- done
rank 83 | trajectory 9 of circuit 31 -- done
rank 7 | trajectory 59 of circuit 60 -- done
rank 59 | trajectory 145 of circuit 91 -- done
rank 18 | trajectory 70 of circuit 71 -- done
rank 15 | trajectory 71 of circuit 96 -- done
rank 26 | trajectory 5 of circuit 93 -- done
rank 96 | trajectory 62 of circuit 92 -- done
rank 62 | trajectory 124 of circuit 86 -- done
rank 44 | trajectory 31 of circuit 23 -- done
rank 66 | trajectory 178 of circuit 74 -- done
rank 11 | trajectory 140 of circuit 88 -- done
rank 2 | trajectory 171 of circuit 12 -- done
rank 68 | trajectory 6 of circuit 55 -- done
rank 80 | trajectory 131 of circuit 64 -- done
rank 84 | trajectory 156 of circuit 61 -- done
rank 63 | trajectory 42 of circuit 9 -- done
rank 60 | trajectory 26 of circuit 66 -- done
rank 32 | trajectory 61 of circuit 81 -- done
rank 23 | trajectory 107 of circuit 71 -- done
rank 87 | trajectory 65 of circuit 51 -- done
rank 69 | trajectory 18 of circuit 37 -- done
rank 56 | trajectory 176 of circuit 15 -- done
rank 38 | trajectory 3 of circuit 23 -- done
rank 8 | trajectory 109 of circuit 84 -- done
rank 31 | trajectory 134 of circuit 47 -- done
rank 25 | trajectory 16 of circuit 84 -- done
rank 72 | trajectory 147 of circuit 22 -- done
rank 10 | trajectory 168 of circuit 65 -- done
rank 1 | trajectory 23 of circuit 20 -- done
rank 93 | trajectory 118 of circuit 22 -- done
rank 49 | trajectory 184 of circuit 53 -- done
rank 7 | trajectory 144 of circuit 74 -- done
rank 9 | trajectory 119 of circuit 38 -- done
rank 15 | trajectory 113 of circuit 52 -- done
rank 66 | trajectory 138 of circuit 92 -- done
rank 44 | trajectory 167 of circuit 23 -- done
rank 36 | trajectory 27 of circuit 69 -- done
rank 26 | trajectory 123 of circuit 35 -- done
rank 24 | trajectory 56 of circuit 50 -- done
rank 38 | trajectory 74 of circuit 56 -- done
rank 20 | trajectory 20 of circuit 56 -- done
rank 87 | trajectory 160 of circuit 22 -- done
rank 7 | trajectory 89 of circuit 21 -- done
rank 27 | trajectory 109 of circuit 30 -- done
rank 86 | trajectory 66 of circuit 51 -- done
rank 4 | trajectory 8 of circuit 59 -- done
rank 90 | trajectory 108 of circuit 77 -- done
rank 6 | trajectory 128 of circuit 47 -- done
rank 43 | trajectory 22 of circuit 7 -- done
rank 84 | trajectory 57 of circuit 38 -- done
rank 82 | trajectory 28 of circuit 6 -- done
rank 18 | trajectory 69 of circuit 36 -- done
rank 10 | trajectory 121 of circuit 9 -- done
rank 96 | trajectory 73 of circuit 25 -- done
rank 68 | trajectory 4 of circuit 32 -- done
rank 85 | trajectory 45 of circuit 89 -- done
rank 11 | trajectory 118 of circuit 95 -- done
rank 8 | trajectory 90 of circuit 42 -- done
rank 62 | trajectory 60 of circuit 69 -- done
rank 35 | trajectory 155 of circuit 42 -- done
rank 2 | trajectory 192 of circuit 59 -- done
rank 5 | trajectory 31 of circuit 15 -- done
rank 66 | trajectory 72 of circuit 96 -- done
rank 32 | trajectory 117 of circuit 86 -- done
rank 87 | trajectory 164 of circuit 68 -- done
rank 51 | trajectory 21 of circuit 11 -- done
rank 25 | trajectory 22 of circuit 19 -- done
rank 34 | trajectory 40 of circuit 93 -- done
rank 86 | trajectory 51 of circuit 96 -- done
rank 72 | trajectory 160 of circuit 71 -- done
rank 44 | trajectory 3 of circuit 70 -- done
rank 31 | trajectory 30 of circuit 92 -- done
rank 63 | trajectory 1 of circuit 53 -- done
rank 16 | trajectory 100 of circuit 85 -- done
rank 20 | trajectory 46 of circuit 90 -- done
rank 10 | trajectory 12 of circuit 88 -- done
rank 59 | trajectory 102 of circuit 46 -- done
rank 7 | trajectory 6 of circuit 26 -- done
rank 97 | trajectory 35 of circuit 20 -- done
rank 93 | trajectory 115 of circuit 40 -- done
rank 25 | trajectory 69 of circuit 92 -- done
rank 44 | trajectory 165 of circuit 26 -- done
rank 66 | trajectory 73 of circuit 79 -- done
rank 60 | trajectory 187 of circuit 82 -- done
rank 80 | trajectory 142 of circuit 7 -- done
rank 9 | trajectory 106 of circuit 4 -- done
rank 24 | trajectory 92 of circuit 53 -- done
rank 34 | trajectory 126 of circuit 24 -- done
rank 49 | trajectory 174 of circuit 97 -- done
rank 83 | trajectory 35 of circuit 86 -- done
rank 1 | trajectory 24 of circuit 45 -- done
rank 8 | trajectory 51 of circuit 36 -- done
rank 38 | trajectory 96 of circuit 79 -- done
rank 80 | trajectory 47 of circuit 26 -- done
rank 31 | trajectory 94 of circuit 49 -- done
rank 56 | trajectory 146 of circuit 49 -- done
rank 5 | trajectory 28 of circuit 12 -- done
rank 90 | trajectory 101 of circuit 58 -- done
rank 69 | trajectory 117 of circuit 44 -- done
rank 36 | trajectory 165 of circuit 22 -- done
rank 63 | trajectory 9 of circuit 10 -- done
rank 18 | trajectory 116 of circuit 67 -- done
rank 82 | trajectory 58 of circuit 64 -- done
rank 10 | trajectory 24 of circuit 75 -- done
rank 15 | trajectory 139 of circuit 99 -- done
rank 27 | trajectory 177 of circuit 74 -- done
rank 66 | trajectory 93 of circuit 83 -- done
rank 43 | trajectory 36 of circuit 87 -- done
rank 87 | trajectory 165 of circuit 45 -- done
rank 72 | trajectory 149 of circuit 46 -- done
rank 86 | trajectory 41 of circuit 75 -- done
rank 11 | trajectory 45 of circuit 45 -- done
rank 68 | trajectory 3 of circuit 24 -- done
rank 62 | trajectory 1 of circuit 72 -- done
rank 59 | trajectory 79 of circuit 93 -- done
rank 85 | trajectory 139 of circuit 70 -- done
rank 25 | trajectory 37 of circuit 98 -- done
rank 23 | trajectory 28 of circuit 56 -- done
rank 84 | trajectory 172 of circuit 70 -- done
rank 2 | trajectory 190 of circuit 2 -- done
rank 20 | trajectory 8 of circuit 12 -- done
rank 7 | trajectory 65 of circuit 60 -- done
rank 18 | trajectory 186 of circuit 95 -- done
rank 34 | trajectory 51 of circuit 69 -- done
rank 4 | trajectory 98 of circuit 39 -- done
rank 24 | trajectory 70 of circuit 7 -- done
rank 44 | trajectory 181 of circuit 55 -- done
rank 9 | trajectory 110 of circuit 81 -- done
rank 87 | trajectory 191 of circuit 7 -- done
rank 49 | trajectory 18 of circuit 12 -- done
rank 31 | trajectory 12 of circuit 6 -- done
rank 83 | trajectory 57 of circuit 100 -- done
rank 63 | trajectory 32 of circuit 25 -- done
rank 23 | trajectory 20 of circuit 42 -- done
rank 35 | trajectory 13 of circuit 69 -- done
rank 96 | trajectory 137 of circuit 58 -- done
rank 90 | trajectory 105 of circuit 50 -- done
rank 66 | trajectory 128 of circuit 24 -- done
rank 26 | trajectory 124 of circuit 76 -- done
rank 82 | trajectory 154 of circuit 7 -- done
rank 32 | trajectory 5 of circuit 65 -- done
rank 20 | trajectory 140 of circuit 9 -- done
rank 1 | trajectory 9 of circuit 32 -- done
rank 56 | trajectory 104 of circuit 48 -- done
rank 43 | trajectory 20 of circuit 10 -- done
rank 8 | trajectory 83 of circuit 100 -- done
rank 15 | trajectory 149 of circuit 26 -- done
rank 6 | trajectory 4 of circuit 65 -- done
rank 59 | trajectory 66 of circuit 5 -- done
rank 86 | trajectory 62 of circuit 43 -- done
rank 5 | trajectory 185 of circuit 91 -- done
rank 68 | trajectory 2 of circuit 76 -- done
rank 93 | trajectory 163 of circuit 68 -- done
rank 18 | trajectory 165 of circuit 39 -- done
rank 80 | trajectory 181 of circuit 42 -- done
rank 2 | trajectory 86 of circuit 3 -- done
rank 69 | trajectory 146 of circuit 91 -- done
rank 97 | trajectory 143 of circuit 67 -- done
rank 38 | trajectory 61 of circuit 84 -- done
rank 62 | trajectory 6 of circuit 11 -- done
rank 10 | trajectory 103 of circuit 60 -- done
rank 87 | trajectory 111 of circuit 91 -- done
rank 72 | trajectory 50 of circuit 62 -- done
rank 16 | trajectory 108 of circuit 53 -- done
rank 23 | trajectory 82 of circuit 8 -- done
rank 44 | trajectory 56 of circuit 92 -- done
rank 11 | trajectory 121 of circuit 64 -- done
rank 63 | trajectory 142 of circuit 28 -- done
rank 60 | trajectory 134 of circuit 80 -- done
rank 1 | trajectory 86 of circuit 6 -- done
rank 31 | trajectory 20 of circuit 87 -- done
rank 51 | trajectory 88 of circuit 81 -- done
rank 24 | trajectory 12 of circuit 100 -- done
rank 9 | trajectory 156 of circuit 72 -- done
rank 80 | trajectory 81 of circuit 92 -- done
rank 90 | trajectory 85 of circuit 40 -- done
rank 82 | trajectory 95 of circuit 100 -- done
rank 68 | trajectory 184 of circuit 62 -- done
rank 49 | trajectory 111 of circuit 64 -- done
rank 4 | trajectory 111 of circuit 18 -- done
rank 2 | trajectory 188 of circuit 23 -- done
rank 36 | trajectory 140 of circuit 79 -- done
rank 5 | trajectory 47 of circuit 41 -- done
rank 25 | trajectory 68 of circuit 78 -- done
rank 43 | trajectory 114 of circuit 44 -- done
rank 34 | trajectory 119 of circuit 57 -- done
rank 7 | trajectory 112 of circuit 18 -- done
rank 86 | trajectory 46 of circuit 10 -- done
rank 66 | trajectory 84 of circuit 57 -- done
rank 18 | trajectory 100 of circuit 40 -- done
rank 85 | trajectory 75 of circuit 79 -- done
rank 49 | trajectory 177 of circuit 82 -- done
rank 23 | trajectory 56 of circuit 80 -- done
rank 31 | trajectory 156 of circuit 5 -- done
rank 35 | trajectory 97 of circuit 90 -- done
rank 56 | trajectory 11 of circuit 51 -- done
rank 87 | trajectory 119 of circuit 28 -- done
rank 1 | trajectory 37 of circuit 14 -- done
rank 63 | trajectory 78 of circuit 27 -- done
rank 59 | trajectory 131 of circuit 26 -- done
rank 10 | trajectory 149 of circuit 19 -- done
rank 96 | trajectory 148 of circuit 86 -- done
rank 6 | trajectory 52 of circuit 96 -- done
rank 90 | trajectory 84 of circuit 51 -- done
rank 44 | trajectory 55 of circuit 56 -- done
rank 62 | trajectory 137 of circuit 91 -- done
rank 38 | trajectory 108 of circuit 40 -- done
rank 68 | trajectory 104 of circuit 22 -- done
rank 7 | trajectory 79 of circuit 82 -- done
rank 8 | trajectory 122 of circuit 64 -- done
rank 27 | trajectory 131 of circuit 61 -- done
rank 86 | trajectory 45 of circuit 18 -- done
rank 82 | trajectory 55 of circuit 49 -- done
rank 34 | trajectory 141 of circuit 33 -- done
rank 83 | trajectory 184 of circuit 75 -- done
rank 11 | trajectory 164 of circuit 17 -- done
rank 2 | trajectory 14 of circuit 8 -- done
rank 80 | trajectory 106 of circuit 43 -- done
rank 18 | trajectory 168 of circuit 5 -- done
rank 7 | trajectory 23 of circuit 13 -- done
rank 24 | trajectory 178 of circuit 100 -- done
rank 72 | trajectory 106 of circuit 81 -- done
rank 84 | trajectory 97 of circuit 21 -- done
rank 49 | trajectory 120 of circuit 9 -- done
rank 97 | trajectory 96 of circuit 88 -- done
rank 87 | trajectory 147 of circuit 49 -- done
rank 81 | trajectory 185 of circuit 35 -- done
rank 51 | trajectory 13 of circuit 51 -- done
rank 47 | trajectory 17 of circuit 93 -- done
rank 5 | trajectory 60 of circuit 10 -- done
rank 66 | trajectory 74 of circuit 39 -- done
rank 10 | trajectory 43 of circuit 17 -- done
rank 56 | trajectory 2 of circuit 92 -- done
rank 62 | trajectory 12 of circuit 10 -- done
rank 23 | trajectory 55 of circuit 21 -- done
rank 7 | trajectory 58 of circuit 81 -- done
rank 86 | trajectory 43 of circuit 2 -- done
rank 90 | trajectory 11 of circuit 98 -- done
rank 9 | trajectory 175 of circuit 42 -- done
rank 36 | trajectory 172 of circuit 56 -- done
rank 32 | trajectory 23 of circuit 93 -- done
rank 20 | trajectory 12 of circuit 95 -- done
rank 85 | trajectory 30 of circuit 74 -- done
rank 16 | trajectory 79 of circuit 3 -- done
rank 35 | trajectory 40 of circuit 25 -- done
rank 4 | trajectory 77 of circuit 95 -- done
rank 31 | trajectory 154 of circuit 2 -- done
rank 82 | trajectory 174 of circuit 79 -- done
rank 44 | trajectory 185 of circuit 99 -- done
rank 18 | trajectory 20 of circuit 50 -- done
rank 84 | trajectory 177 of circuit 73 -- done
rank 2 | trajectory 185 of circuit 73 -- done
rank 93 | trajectory 140 of circuit 55 -- done
rank 49 | trajectory 108 of circuit 11 -- done
rank 96 | trajectory 126 of circuit 83 -- done
rank 80 | trajectory 78 of circuit 61 -- done
rank 60 | trajectory 80 of circuit 18 -- done
rank 38 | trajectory 106 of circuit 19 -- done
rank 15 | trajectory 171 of circuit 69 -- done
rank 87 | trajectory 151 of circuit 86 -- done
rank 68 | trajectory 147 of circuit 8 -- done
rank 56 | trajectory 118 of circuit 98 -- done
rank 59 | trajectory 124 of circuit 23 -- done
rank 10 | trajectory 117 of circuit 89 -- done
rank 27 | trajectory 157 of circuit 24 -- done
rank 11 | trajectory 58 of circuit 39 -- done
rank 81 | trajectory 139 of circuit 98 -- done
rank 24 | trajectory 15 of circuit 31 -- done
rank 25 | trajectory 138 of circuit 85 -- done
rank 86 | trajectory 122 of circuit 1 -- done
rank 69 | trajectory 123 of circuit 79 -- done
rank 31 | trajectory 116 of circuit 19 -- done
rank 32 | trajectory 18 of circuit 8 -- done
rank 7 | trajectory 66 of circuit 79 -- done
rank 1 | trajectory 72 of circuit 20 -- done
rank 63 | trajectory 27 of circuit 85 -- done
rank 80 | trajectory 159 of circuit 91 -- done
rank 90 | trajectory 149 of circuit 16 -- done
rank 18 | trajectory 2 of circuit 38 -- done
rank 83 | trajectory 136 of circuit 13 -- done
rank 23 | trajectory 155 of circuit 86 -- done
rank 9 | trajectory 80 of circuit 76 -- done
rank 31 | trajectory 89 of circuit 64 -- done
rank 84 | trajectory 148 of circuit 97 -- done
rank 6 | trajectory 142 of circuit 73 -- done
rank 34 | trajectory 129 of circuit 87 -- done
rank 51 | trajectory 99 of circuit 35 -- done
rank 8 | trajectory 114 of circuit 39 -- done
rank 25 | trajectory 139 of circuit 83 -- done
rank 62 | trajectory 167 of circuit 97 -- done
rank 68 | trajectory 192 of circuit 29 -- done
rank 20 | trajectory 108 of circuit 64 -- done
rank 72 | trajectory 181 of circuit 61 -- done
rank 80 | trajectory 187 of circuit 98 -- done
rank 86 | trajectory 42 of circuit 34 -- done
rank 43 | trajectory 41 of circuit 8 -- done
rank 7 | trajectory 1 of circuit 70 -- done
rank 18 | trajectory 60 of circuit 19 -- done
rank 5 | trajectory 86 of circuit 43 -- done
rank 26 | trajectory 19 of circuit 4 -- done
rank 82 | trajectory 91 of circuit 53 -- done
rank 81 | trajectory 46 of circuit 28 -- done
rank 78 | trajectory 15 of circuit 52 -- done
rank 49 | trajectory 160 of circuit 100 -- done
rank 2 | trajectory 70 of circuit 15 -- done
rank 87 | trajectory 82 of circuit 82 -- done
rank 10 | trajectory 1 of circuit 50 -- done
rank 15 | trajectory 105 of circuit 32 -- done
rank 4 | trajectory 183 of circuit 71 -- done
rank 56 | trajectory 52 of circuit 87 -- done
rank 35 | trajectory 99 of circuit 26 -- done
rank 23 | trajectory 31 of circuit 9 -- done
rank 86 | trajectory 59 of circuit 71 -- done
rank 96 | trajectory 77 of circuit 32 -- done
rank 24 | trajectory 77 of circuit 59 -- done
rank 16 | trajectory 163 of circuit 42 -- done
rank 18 | trajectory 18 of circuit 16 -- done
rank 7 | trajectory 29 of circuit 58 -- done
rank 59 | trajectory 156 of circuit 50 -- done
rank 97 | trajectory 151 of circuit 50 -- done
rank 72 | trajectory 117 of circuit 97 -- done
rank 38 | trajectory 65 of circuit 71 -- done
rank 11 | trajectory 124 of circuit 57 -- done
rank 80 | trajectory 110 of circuit 84 -- done
rank 31 | trajectory 39 of circuit 81 -- done
rank 10 | trajectory 189 of circuit 11 -- done
rank 49 | trajectory 154 of circuit 61 -- done
rank 43 | trajectory 52 of circuit 79 -- done
rank 84 | trajectory 27 of circuit 10 -- done
rank 5 | trajectory 130 of circuit 76 -- done
rank 67 | trajectory 150 of circuit 87 -- done
rank 90 | trajectory 138 of circuit 23 -- done
rank 85 | trajectory 24 of circuit 41 -- done
rank 51 | trajectory 57 of circuit 93 -- done
rank 68 | trajectory 168 of circuit 6 -- done
rank 69 | trajectory 92 of circuit 10 -- done
rank 83 | trajectory 147 of circuit 44 -- done
rank 34 | trajectory 94 of circuit 53 -- done
rank 38 | trajectory 59 of circuit 47 -- done
rank 15 | trajectory 190 of circuit 93 -- done
rank 62 | trajectory 27 of circuit 88 -- done
rank 86 | trajectory 90 of circuit 37 -- done
rank 18 | trajectory 81 of circuit 20 -- done
rank 1 | trajectory 36 of circuit 62 -- done
rank 80 | trajectory 50 of circuit 14 -- done
rank 56 | trajectory 137 of circuit 3 -- done
rank 72 | trajectory 168 of circuit 95 -- done
rank 32 | trajectory 11 of circuit 66 -- done
rank 59 | trajectory 192 of circuit 47 -- done
rank 47 | trajectory 64 of circuit 95 -- done
rank 60 | trajectory 185 of circuit 27 -- done
rank 34 | trajectory 116 of circuit 64 -- done
rank 2 | trajectory 47 of circuit 64 -- done
rank 78 | trajectory 119 of circuit 13 -- done
rank 8 | trajectory 113 of circuit 22 -- done
rank 93 | trajectory 137 of circuit 52 -- done
rank 56 | trajectory 191 of circuit 11 -- done
rank 18 | trajectory 187 of circuit 21 -- done
rank 38 | trajectory 143 of circuit 23 -- done
rank 80 | trajectory 133 of circuit 92 -- done
rank 7 | trajectory 61 of circuit 56 -- done
rank 6 | trajectory 31 of circuit 43 -- done
rank 81 | trajectory 181 of circuit 39 -- done
rank 25 | trajectory 11 of circuit 17 -- done
rank 26 | trajectory 7 of circuit 31 -- done
rank 86 | trajectory 25 of circuit 93 -- done
rank 4 | trajectory 143 of circuit 59 -- done
rank 31 | trajectory 121 of circuit 25 -- done
rank 23 | trajectory 76 of circuit 15 -- done
rank 87 | trajectory 142 of circuit 10 -- done
rank 15 | trajectory 111 of circuit 25 -- done
rank 63 | trajectory 139 of circuit 64 -- done
rank 80 | trajectory 162 of circuit 11 -- done
rank 96 | trajectory 134 of circuit 30 -- done
rank 2 | trajectory 81 of circuit 97 -- done
rank 68 | trajectory 123 of circuit 43 -- done
rank 24 | trajectory 40 of circuit 57 -- done
rank 82 | trajectory 3 of circuit 66 -- done
rank 51 | trajectory 32 of circuit 66 -- done
rank 1 | trajectory 69 of circuit 3 -- done
rank 18 | trajectory 108 of circuit 82 -- done
rank 27 | trajectory 144 of circuit 59 -- done
rank 34 | trajectory 157 of circuit 33 -- done
rank 20 | trajectory 36 of circuit 16 -- done
rank 10 | trajectory 44 of circuit 69 -- done
rank 43 | trajectory 34 of circuit 92 -- done
rank 56 | trajectory 91 of circuit 61 -- done
rank 44 | trajectory 85 of circuit 75 -- done
rank 16 | trajectory 153 of circuit 3 -- done
rank 90 | trajectory 155 of circuit 100 -- done
rank 11 | trajectory 52 of circuit 18 -- done
rank 81 | trajectory 113 of circuit 91 -- done
rank 25 | trajectory 112 of circuit 95 -- done
rank 84 | trajectory 91 of circuit 3 -- done
rank 86 | trajectory 192 of circuit 31 -- done
rank 87 | trajectory 141 of circuit 90 -- done
rank 97 | trajectory 87 of circuit 69 -- done
rank 9 | trajectory 181 of circuit 85 -- done
rank 35 | trajectory 54 of circuit 71 -- done
rank 31 | trajectory 118 of circuit 35 -- done
rank 83 | trajectory 189 of circuit 56 -- done
rank 89 | trajectory 111 of circuit 87 -- done
rank 26 | trajectory 59 of circuit 57 -- done
rank 8 | trajectory 35 of circuit 27 -- done
rank 44 | trajectory 14 of circuit 66 -- done
rank 85 | trajectory 85 of circuit 26 -- done
rank 86 | trajectory 20 of circuit 73 -- done
rank 60 | trajectory 171 of circuit 10 -- done
rank 4 | trajectory 16 of circuit 4 -- done
rank 72 | trajectory 61 of circuit 73 -- done
rank 7 | trajectory 123 of circuit 60 -- done
rank 63 | trajectory 102 of circuit 21 -- done
rank 5 | trajectory 2 of circuit 65 -- done
rank 23 | trajectory 13 of circuit 61 -- done
rank 32 | trajectory 7 of circuit 53 -- done
rank 15 | trajectory 144 of circuit 12 -- done
rank 78 | trajectory 106 of circuit 69 -- done
rank 6 | trajectory 148 of circuit 53 -- done
rank 38 | trajectory 11 of circuit 96 -- done
rank 81 | trajectory 179 of circuit 71 -- done
rank 80 | trajectory 90 of circuit 90 -- done
rank 59 | trajectory 55 of circuit 75 -- done
rank 84 | trajectory 188 of circuit 20 -- done
rank 69 | trajectory 83 of circuit 65 -- done
rank 86 | trajectory 16 of circuit 57 -- done
rank 10 | trajectory 102 of circuit 66 -- done
rank 2 | trajectory 112 of circuit 41 -- done
rank 27 | trajectory 55 of circuit 11 -- done
rank 49 | trajectory 38 of circuit 26 -- done
rank 24 | trajectory 166 of circuit 25 -- done
rank 25 | trajectory 102 of circuit 75 -- done
rank 62 | trajectory 164 of circuit 13 -- done
rank 38 | trajectory 185 of circuit 90 -- done
rank 9 | trajectory 118 of circuit 84 -- done
rank 32 | trajectory 87 of circuit 14 -- done
rank 82 | trajectory 53 of circuit 31 -- done
rank 96 | trajectory 51 of circuit 22 -- done
rank 8 | trajectory 162 of circuit 98 -- done
rank 81 | trajectory 167 of circuit 94 -- done
rank 44 | trajectory 110 of circuit 80 -- done
rank 16 | trajectory 145 of circuit 60 -- done
rank 68 | trajectory 116 of circuit 78 -- done
rank 35 | trajectory 124 of circuit 69 -- done
rank 18 | trajectory 179 of circuit 45 -- done
rank 80 | trajectory 157 of circuit 28 -- done
rank 90 | trajectory 19 of circuit 54 -- done
rank 93 | trajectory 158 of circuit 100 -- done
rank 12 | trajectory 80 of circuit 62 -- done
rank 87 | trajectory 77 of circuit 10 -- done
rank 83 | trajectory 152 of circuit 77 -- done
rank 51 | trajectory 84 of circuit 38 -- done
rank 34 | trajectory 165 of circuit 59 -- done
rank 59 | trajectory 135 of circuit 77 -- done
rank 44 | trajectory 180 of circuit 98 -- done
rank 81 | trajectory 112 of circuit 97 -- done
rank 7 | trajectory 51 of circuit 59 -- done
rank 10 | trajectory 57 of circuit 48 -- done
rank 4 | trajectory 186 of circuit 48 -- done
rank 9 | trajectory 138 of circuit 34 -- done
rank 78 | trajectory 157 of circuit 31 -- done
rank 72 | trajectory 58 of circuit 42 -- done
rank 5 | trajectory 102 of circuit 34 -- done
rank 2 | trajectory 155 of circuit 66 -- done
rank 38 | trajectory 141 of circuit 94 -- done
rank 81 | trajectory 108 of circuit 97 -- done
rank 44 | trajectory 67 of circuit 32 -- done
rank 84 | trajectory 31 of circuit 86 -- done
rank 24 | trajectory 88 of circuit 8 -- done
rank 63 | trajectory 159 of circuit 46 -- done
rank 62 | trajectory 148 of circuit 84 -- done
rank 27 | trajectory 94 of circuit 89 -- done
rank 86 | trajectory 80 of circuit 82 -- done
rank 44 | trajectory 66 of circuit 22 -- done
rank 49 | trajectory 137 of circuit 13 -- done
rank 11 | trajectory 69 of circuit 94 -- done
rank 68 | trajectory 119 of circuit 26 -- done
rank 18 | trajectory 61 of circuit 48 -- done
rank 43 | trajectory 15 of circuit 29 -- done
rank 23 | trajectory 68 of circuit 3 -- done
rank 60 | trajectory 63 of circuit 30 -- done
rank 25 | trajectory 76 of circuit 17 -- done
rank 31 | trajectory 85 of circuit 34 -- done
rank 46 | trajectory 51 of circuit 21 -- done
rank 56 | trajectory 124 of circuit 19 -- done
rank 10 | trajectory 151 of circuit 39 -- done
rank 32 | trajectory 3 of circuit 92 -- done
rank 86 | trajectory 32 of circuit 73 -- done
rank 69 | trajectory 125 of circuit 99 -- done
rank 6 | trajectory 103 of circuit 76 -- done
rank 12 | trajectory 130 of circuit 52 -- done
rank 15 | trajectory 175 of circuit 58 -- done
rank 80 | trajectory 154 of circuit 49 -- done
rank 89 | trajectory 182 of circuit 84 -- done
rank 96 | trajectory 103 of circuit 97 -- done
rank 85 | trajectory 36 of circuit 47 -- done
rank 18 | trajectory 5 of circuit 41 -- done
rank 87 | trajectory 159 of circuit 70 -- done
rank 59 | trajectory 136 of circuit 9 -- done
rank 16 | trajectory 26 of circuit 71 -- done
rank 82 | trajectory 103 of circuit 87 -- done
rank 72 | trajectory 86 of circuit 36 -- done
rank 38 | trajectory 126 of circuit 35 -- done
rank 7 | trajectory 63 of circuit 61 -- done
rank 1 | trajectory 8 of circuit 30 -- done
rank 84 | trajectory 60 of circuit 79 -- done
rank 49 | trajectory 90 of circuit 94 -- done
rank 35 | trajectory 90 of circuit 40 -- done
rank 90 | trajectory 142 of circuit 92 -- done
rank 5 | trajectory 24 of circuit 69 -- done
rank 34 | trajectory 130 of circuit 2 -- done
rank 10 | trajectory 190 of circuit 25 -- done
rank 9 | trajectory 77 of circuit 39 -- done
rank 83 | trajectory 175 of circuit 100 -- done
rank 25 | trajectory 2 of circuit 16 -- done
rank 56 | trajectory 89 of circuit 51 -- done
rank 4 | trajectory 110 of circuit 95 -- done
rank 51 | trajectory 81 of circuit 36 -- done
rank 32 | trajectory 152 of circuit 15 -- done
rank 81 | trajectory 158 of circuit 33 -- done
rank 7 | trajectory 186 of circuit 84 -- done
rank 11 | trajectory 22 of circuit 52 -- done
rank 63 | trajectory 89 of circuit 29 -- done
rank 24 | trajectory 156 of circuit 29 -- done
rank 97 | trajectory 39 of circuit 40 -- done
rank 62 | trajectory 173 of circuit 32 -- done
rank 27 | trajectory 18 of circuit 19 -- done
rank 86 | trajectory 104 of circuit 61 -- done
rank 31 | trajectory 71 of circuit 85 -- done
rank 2 | trajectory 183 of circuit 96 -- done
rank 68 | trajectory 179 of circuit 7 -- done
rank 38 | trajectory 14 of circuit 39 -- done
rank 8 | trajectory 132 of circuit 63 -- done
rank 93 | trajectory 147 of circuit 11 -- done
rank 23 | trajectory 7 of circuit 86 -- done
rank 25 | trajectory 148 of circuit 78 -- done
rank 84 | trajectory 145 of circuit 59 -- done
rank 43 | trajectory 149 of circuit 68 -- done
rank 82 | trajectory 100 of circuit 16 -- done
rank 78 | trajectory 163 of circuit 78 -- done
rank 15 | trajectory 104 of circuit 37 -- done
rank 18 | trajectory 171 of circuit 23 -- done
rank 10 | trajectory 182 of circuit 93 -- done
rank 56 | trajectory 113 of circuit 32 -- done
rank 5 | trajectory 100 of circuit 8 -- done
rank 44 | trajectory 18 of circuit 80 -- done
rank 16 | trajectory 35 of circuit 74 -- done
rank 38 | trajectory 149 of circuit 74 -- done
rank 23 | trajectory 15 of circuit 85 -- done
rank 72 | trajectory 19 of circuit 55 -- done
rank 32 | trajectory 150 of circuit 25 -- done
rank 62 | trajectory 104 of circuit 68 -- done
rank 80 | trajectory 75 of circuit 35 -- done
rank 43 | trajectory 9 of circuit 54 -- done
rank 12 | trajectory 92 of circuit 57 -- done
rank 63 | trajectory 121 of circuit 63 -- done
rank 85 | trajectory 76 of circuit 100 -- done
rank 46 | trajectory 114 of circuit 62 -- done
rank 25 | trajectory 3 of circuit 73 -- done
rank 81 | trajectory 93 of circuit 58 -- done
rank 31 | trajectory 191 of circuit 96 -- done
rank 35 | trajectory 178 of circuit 59 -- done
rank 96 | trajectory 170 of circuit 74 -- done
rank 51 | trajectory 114 of circuit 100 -- done
rank 90 | trajectory 28 of circuit 28 -- done
rank 84 | trajectory 102 of circuit 6 -- done
rank 11 | trajectory 94 of circuit 96 -- done
rank 86 | trajectory 68 of circuit 77 -- done
rank 4 | trajectory 96 of circuit 15 -- done
rank 68 | trajectory 142 of circuit 21 -- done
rank 49 | trajectory 78 of circuit 81 -- done
rank 18 | trajectory 129 of circuit 43 -- done
rank 63 | trajectory 10 of circuit 68 -- done
rank 56 | trajectory 122 of circuit 57 -- done
rank 5 | trajectory 19 of circuit 59 -- done
rank 32 | trajectory 147 of circuit 25 -- done
rank 69 | trajectory 32 of circuit 61 -- done
rank 83 | trajectory 131 of circuit 5 -- done
rank 86 | trajectory 40 of circuit 34 -- done
rank 16 | trajectory 61 of circuit 64 -- done
rank 25 | trajectory 1 of circuit 40 -- done
rank 72 | trajectory 83 of circuit 49 -- done
rank 59 | trajectory 171 of circuit 50 -- done
rank 9 | trajectory 7 of circuit 5 -- done
rank 1 | trajectory 130 of circuit 78 -- done
rank 43 | trajectory 67 of circuit 63 -- done
rank 44 | trajectory 131 of circuit 93 -- done
rank 6 | trajectory 141 of circuit 44 -- done
rank 24 | trajectory 111 of circuit 39 -- done
rank 81 | trajectory 109 of circuit 7 -- done
rank 23 | trajectory 139 of circuit 23 -- done
rank 62 | trajectory 154 of circuit 17 -- done
rank 31 | trajectory 175 of circuit 75 -- done
rank 12 | trajectory 26 of circuit 99 -- done
rank 38 | trajectory 188 of circuit 40 -- done
rank 82 | trajectory 27 of circuit 68 -- done
rank 2 | trajectory 88 of circuit 26 -- done
rank 34 | trajectory 177 of circuit 64 -- done
rank 18 | trajectory 75 of circuit 47 -- done
rank 78 | trajectory 63 of circuit 25 -- done
rank 56 | trajectory 83 of circuit 90 -- done
rank 62 | trajectory 92 of circuit 69 -- done
rank 60 | trajectory 61 of circuit 54 -- done
rank 11 | trajectory 56 of circuit 76 -- done
rank 8 | trajectory 121 of circuit 72 -- done
rank 25 | trajectory 65 of circuit 92 -- done
rank 23 | trajectory 6 of circuit 14 -- done
rank 10 | trajectory 78 of circuit 24 -- done
rank 84 | trajectory 123 of circuit 30 -- done
rank 27 | trajectory 25 of circuit 31 -- done
rank 97 | trajectory 37 of circuit 75 -- done
rank 4 | trajectory 73 of circuit 4 -- done
rank 81 | trajectory 156 of circuit 89 -- done
rank 96 | trajectory 99 of circuit 36 -- done
rank 80 | trajectory 89 of circuit 46 -- done
rank 90 | trajectory 143 of circuit 42 -- done
rank 35 | trajectory 117 of circuit 75 -- done
rank 5 | trajectory 137 of circuit 16 -- done
rank 93 | trajectory 110 of circuit 92 -- done
rank 59 | trajectory 191 of circuit 94 -- done
rank 62 | trajectory 144 of circuit 96 -- done
rank 86 | trajectory 29 of circuit 80 -- done
rank 31 | trajectory 15 of circuit 3 -- done
rank 24 | trajectory 83 of circuit 25 -- done
rank 49 | trajectory 114 of circuit 29 -- done
rank 56 | trajectory 161 of circuit 1 -- done
rank 25 | trajectory 157 of circuit 13 -- done
rank 18 | trajectory 159 of circuit 76 -- done
rank 1 | trajectory 22 of circuit 39 -- done
rank 12 | trajectory 18 of circuit 6 -- done
rank 81 | trajectory 87 of circuit 10 -- done
rank 63 | trajectory 92 of circuit 86 -- done
rank 16 | trajectory 129 of circuit 39 -- done
rank 83 | trajectory 154 of circuit 77 -- done
rank 69 | trajectory 138 of circuit 53 -- done
rank 80 | trajectory 1 of circuit 29 -- done
rank 43 | trajectory 21 of circuit 67 -- done
rank 84 | trajectory 37 of circuit 86 -- done
rank 82 | trajectory 60 of circuit 20 -- done
rank 51 | trajectory 123 of circuit 99 -- done
rank 62 | trajectory 69 of circuit 40 -- done
rank 32 | trajectory 129 of circuit 34 -- done
rank 9 | trajectory 100 of circuit 36 -- done
rank 2 | trajectory 7 of circuit 100 -- done
rank 26 | trajectory 47 of circuit 10 -- done
rank 10 | trajectory 119 of circuit 98 -- done
rank 68 | trajectory 92 of circuit 15 -- done
rank 56 | trajectory 47 of circuit 82 -- done
rank 11 | trajectory 157 of circuit 65 -- done
rank 38 | trajectory 166 of circuit 62 -- done
rank 49 | trajectory 86 of circuit 15 -- done
rank 44 | trajectory 65 of circuit 25 -- done
rank 34 | trajectory 184 of circuit 52 -- done
rank 85 | trajectory 46 of circuit 36 -- done
rank 90 | trajectory 79 of circuit 15 -- done
rank 23 | trajectory 4 of circuit 61 -- done
rank 72 | trajectory 102 of circuit 56 -- done
rank 43 | trajectory 51 of circuit 3 -- done
rank 56 | trajectory 108 of circuit 36 -- done
rank 4 | trajectory 146 of circuit 90 -- done
rank 86 | trajectory 9 of circuit 69 -- done
rank 18 | trajectory 68 of circuit 1 -- done
rank 27 | trajectory 56 of circuit 32 -- done
rank 62 | trajectory 4 of circuit 10 -- done
rank 24 | trajectory 62 of circuit 12 -- done
rank 35 | trajectory 167 of circuit 19 -- done
rank 5 | trajectory 131 of circuit 69 -- done
rank 78 | trajectory 38 of circuit 53 -- done
rank 96 | trajectory 63 of circuit 50 -- done
rank 10 | trajectory 51 of circuit 93 -- done
rank 16 | trajectory 38 of circuit 33 -- done
rank 6 | trajectory 82 of circuit 10 -- done
rank 43 | trajectory 129 of circuit 29 -- done
rank 84 | trajectory 90 of circuit 52 -- done
rank 60 | trajectory 33 of circuit 21 -- done
rank 26 | trajectory 54 of circuit 61 -- done
rank 68 | trajectory 121 of circuit 57 -- done
rank 9 | trajectory 115 of circuit 7 -- done
rank 93 | trajectory 77 of circuit 98 -- done
rank 86 | trajectory 64 of circuit 65 -- done
rank 51 | trajectory 26 of circuit 57 -- done
rank 23 | trajectory 73 of circuit 65 -- done
rank 49 | trajectory 100 of circuit 96 -- done
rank 12 | trajectory 58 of circuit 61 -- done
rank 67 | trajectory 104 of circuit 33 -- done
rank 31 | trajectory 190 of circuit 12 -- done
rank 83 | trajectory 70 of circuit 33 -- done
rank 43 | trajectory 25 of circuit 5 -- done
rank 25 | trajectory 59 of circuit 24 -- done
rank 69 | trajectory 151 of circuit 54 -- done
rank 38 | trajectory 16 of circuit 7 -- done
rank 18 | trajectory 143 of circuit 35 -- done
rank 11 | trajectory 185 of circuit 78 -- done
rank 72 | trajectory 7 of circuit 7 -- done
rank 59 | trajectory 125 of circuit 90 -- done
rank 2 | trajectory 91 of circuit 29 -- done
rank 15 | trajectory 166 of circuit 5 -- done
rank 81 | trajectory 90 of circuit 65 -- done
rank 24 | trajectory 9 of circuit 2 -- done
rank 8 | trajectory 189 of circuit 92 -- done
rank 32 | trajectory 2 of circuit 68 -- done
rank 84 | trajectory 158 of circuit 55 -- done
rank 63 | trajectory 43 of circuit 14 -- done
rank 10 | trajectory 177 of circuit 2 -- done
rank 5 | trajectory 114 of circuit 35 -- done
rank 90 | trajectory 139 of circuit 68 -- done
rank 1 | trajectory 65 of circuit 31 -- done
rank 31 | trajectory 114 of circuit 6 -- done
rank 82 | trajectory 109 of circuit 56 -- done
rank 68 | trajectory 150 of circuit 3 -- done
rank 38 | trajectory 8 of circuit 85 -- done
rank 62 | trajectory 93 of circuit 45 -- done
rank 97 | trajectory 23 of circuit 94 -- done
rank 44 | trajectory 93 of circuit 100 -- done
rank 26 | trajectory 94 of circuit 74 -- done
rank 49 | trajectory 92 of circuit 38 -- done
rank 18 | trajectory 11 of circuit 86 -- done
rank 81 | trajectory 80 of circuit 54 -- done
rank 12 | trajectory 50 of circuit 81 -- done
rank 25 | trajectory 154 of circuit 90 -- done
rank 72 | trajectory 21 of circuit 85 -- done
rank 43 | trajectory 164 of circuit 95 -- done
rank 27 | trajectory 124 of circuit 56 -- done
rank 40 | trajectory 49 of circuit 99 -- done
rank 23 | trajectory 27 of circuit 82 -- done
rank 85 | trajectory 68 of circuit 9 -- done
rank 2 | trajectory 175 of circuit 87 -- done
rank 31 | trajectory 10 of circuit 22 -- done
rank 62 | trajectory 42 of circuit 61 -- done
rank 59 | trajectory 188 of circuit 43 -- done
rank 96 | trajectory 118 of circuit 46 -- done
rank 10 | trajectory 66 of circuit 85 -- done
rank 63 | trajectory 12 of circuit 24 -- done
rank 49 | trajectory 66 of circuit 23 -- done
rank 78 | trajectory 3 of circuit 4 -- done
rank 15 | trajectory 7 of circuit 24 -- done
rank 16 | trajectory 135 of circuit 65 -- done
rank 84 | trajectory 83 of circuit 80 -- done
rank 46 | trajectory 126 of circuit 30 -- done
rank 24 | trajectory 90 of circuit 6 -- done
rank 4 | trajectory 35 of circuit 58 -- done
rank 35 | trajectory 2 of circuit 40 -- done
rank 38 | trajectory 21 of circuit 56 -- done
rank 51 | trajectory 64 of circuit 89 -- done
rank 86 | trajectory 15 of circuit 6 -- done
rank 11 | trajectory 143 of circuit 34 -- done
rank 69 | trajectory 140 of circuit 82 -- done
rank 83 | trajectory 13 of circuit 37 -- done
rank 68 | trajectory 7 of circuit 47 -- done
rank 26 | trajectory 97 of circuit 63 -- done
rank 89 | trajectory 192 of circuit 75 -- done
rank 56 | trajectory 70 of circuit 72 -- done
rank 2 | trajectory 135 of circuit 89 -- done
rank 18 | trajectory 96 of circuit 65 -- done
rank 31 | trajectory 44 of circuit 64 -- done
rank 5 | trajectory 120 of circuit 21 -- done
rank 62 | trajectory 157 of circuit 83 -- done
rank 25 | trajectory 97 of circuit 74 -- done
rank 1 | trajectory 100 of circuit 63 -- done
rank 23 | trajectory 30 of circuit 81 -- done
rank 63 | trajectory 74 of circuit 48 -- done
rank 43 | trajectory 101 of circuit 36 -- done
rank 9 | trajectory 141 of circuit 64 -- done
rank 8 | trajectory 145 of circuit 98 -- done
rank 27 | trajectory 59 of circuit 55 -- done
rank 81 | trajectory 89 of circuit 63 -- done
rank 10 | trajectory 104 of circuit 92 -- done
rank 62 | trajectory 192 of circuit 73 -- done
rank 12 | trajectory 84 of circuit 94 -- done
rank 18 | trajectory 118 of circuit 81 -- done
rank 86 | trajectory 157 of circuit 12 -- done
rank 2 | trajectory 128 of circuit 96 -- done
rank 6 | trajectory 9 of circuit 29 -- done
rank 90 | trajectory 178 of circuit 75 -- done
rank 15 | trajectory 169 of circuit 61 -- done
rank 84 | trajectory 44 of circuit 94 -- done
rank 18 | trajectory 155 of circuit 65 -- done
rank 44 | trajectory 154 of circuit 47 -- done
rank 34 | trajectory 114 of circuit 64 -- done
rank 60 | trajectory 146 of circuit 60 -- done
rank 72 | trajectory 8 of circuit 100 -- done
rank 97 | trajectory 6 of circuit 72 -- done
rank 16 | trajectory 187 of circuit 43 -- done
rank 68 | trajectory 185 of circuit 63 -- done
rank 1 | trajectory 17 of circuit 77 -- done
rank 40 | trajectory 152 of circuit 85 -- done
rank 93 | trajectory 174 of circuit 81 -- done
rank 82 | trajectory 93 of circuit 67 -- done
rank 26 | trajectory 48 of circuit 68 -- done
rank 46 | trajectory 16 of circuit 14 -- done
rank 56 | trajectory 71 of circuit 42 -- done
rank 83 | trajectory 18 of circuit 50 -- done
rank 11 | trajectory 191 of circuit 59 -- done
rank 96 | trajectory 190 of circuit 100 -- done
rank 78 | trajectory 35 of circuit 89 -- done
rank 18 | trajectory 90 of circuit 39 -- done
rank 51 | trajectory 126 of circuit 56 -- done
rank 8 | trajectory 98 of circuit 45 -- done
rank 49 | trajectory 67 of circuit 73 -- done
rank 85 | trajectory 42 of circuit 84 -- done
rank 2 | trajectory 59 of circuit 48 -- done
rank 35 | trajectory 118 of circuit 62 -- done
rank 63 | trajectory 97 of circuit 94 -- done
rank 59 | trajectory 140 of circuit 61 -- done
rank 84 | trajectory 6 of circuit 64 -- done
rank 34 | trajectory 148 of circuit 13 -- done
rank 24 | trajectory 80 of circuit 70 -- done
rank 62 | trajectory 21 of circuit 59 -- done
rank 5 | trajectory 154 of circuit 69 -- done
rank 69 | trajectory 143 of circuit 14 -- done
rank 12 | trajectory 61 of circuit 22 -- done
rank 25 | trajectory 144 of circuit 70 -- done
rank 31 | trajectory 7 of circuit 73 -- done
rank 10 | trajectory 125 of circuit 51 -- done
rank 72 | trajectory 114 of circuit 9 -- done
rank 38 | trajectory 125 of circuit 93 -- done
rank 9 | trajectory 76 of circuit 94 -- done
rank 15 | trajectory 2 of circuit 78 -- done
rank 1 | trajectory 176 of circuit 78 -- done
rank 31 | trajectory 139 of circuit 84 -- done
rank 18 | trajectory 170 of circuit 23 -- done
rank 90 | trajectory 67 of circuit 51 -- done
rank 82 | trajectory 22 of circuit 41 -- done
rank 63 | trajectory 62 of circuit 34 -- done
rank 40 | trajectory 33 of circuit 31 -- done
rank 81 | trajectory 50 of circuit 6 -- done
rank 32 | trajectory 4 of circuit 67 -- done
rank 18 | trajectory 63 of circuit 85 -- done
rank 2 | trajectory 117 of circuit 49 -- done
rank 4 | trajectory 67 of circuit 86 -- done
rank 25 | trajectory 141 of circuit 15 -- done
rank 10 | trajectory 138 of circuit 25 -- done
rank 56 | trajectory 61 of circuit 19 -- done
rank 27 | trajectory 187 of circuit 94 -- done
rank 12 | trajectory 51 of circuit 77 -- done
rank 26 | trajectory 35 of circuit 32 -- done
rank 8 | trajectory 160 of circuit 70 -- done
rank 43 | trajectory 6 of circuit 50 -- done
rank 16 | trajectory 186 of circuit 74 -- done
rank 38 | trajectory 79 of circuit 32 -- done
rank 62 | trajectory 34 of circuit 83 -- done
rank 34 | trajectory 101 of circuit 13 -- done
rank 59 | trajectory 147 of circuit 65 -- done
rank 83 | trajectory 124 of circuit 32 -- done
rank 89 | trajectory 177 of circuit 38 -- done
rank 78 | trajectory 12 of circuit 9 -- done
rank 46 | trajectory 163 of circuit 17 -- done
rank 93 | trajectory 173 of circuit 79 -- done
rank 81 | trajectory 69 of circuit 29 -- done
rank 5 | trajectory 76 of circuit 7 -- done
rank 11 | trajectory 25 of circuit 45 -- done
rank 10 | trajectory 122 of circuit 58 -- done
rank 85 | trajectory 128 of circuit 74 -- done
rank 84 | trajectory 190 of circuit 82 -- done
rank 96 | trajectory 152 of circuit 38 -- done
rank 25 | trajectory 95 of circuit 20 -- done
rank 2 | trajectory 148 of circuit 31 -- done
rank 56 | trajectory 187 of circuit 34 -- done
rank 24 | trajectory 41 of circuit 71 -- done
rank 68 | trajectory 18 of circuit 76 -- done
rank 40 | trajectory 42 of circuit 57 -- done
rank 31 | trajectory 88 of circuit 54 -- done
rank 49 | trajectory 89 of circuit 19 -- done
rank 56 | trajectory 153 of circuit 94 -- done
rank 60 | trajectory 102 of circuit 93 -- done
rank 38 | trajectory 77 of circuit 76 -- done
rank 72 | trajectory 95 of circuit 73 -- done
rank 51 | trajectory 148 of circuit 21 -- done
rank 9 | trajectory 72 of circuit 82 -- done
rank 1 | trajectory 61 of circuit 36 -- done
rank 18 | trajectory 91 of circuit 100 -- done
rank 56 | trajectory 82 of circuit 43 -- done
rank 12 | trajectory 163 of circuit 45 -- done
rank 90 | trajectory 190 of circuit 83 -- done
rank 16 | trajectory 179 of circuit 69 -- done
rank 23 | trajectory 183 of circuit 39 -- done
rank 59 | trajectory 183 of circuit 19 -- done
rank 31 | trajectory 163 of circuit 25 -- done
rank 35 | trajectory 73 of circuit 8 -- done
rank 4 | trajectory 113 of circuit 99 -- done
rank 69 | trajectory 67 of circuit 91 -- done
rank 8 | trajectory 94 of circuit 27 -- done
rank 81 | trajectory 115 of circuit 23 -- done
rank 27 | trajectory 49 of circuit 55 -- done
rank 18 | trajectory 154 of circuit 74 -- done
rank 46 | trajectory 63 of circuit 59 -- done
rank 5 | trajectory 105 of circuit 24 -- done
rank 78 | trajectory 142 of circuit 87 -- done
rank 32 | trajectory 153 of circuit 63 -- done
rank 11 | trajectory 53 of circuit 57 -- done
rank 10 | trajectory 144 of circuit 71 -- done
rank 72 | trajectory 27 of circuit 53 -- done
rank 34 | trajectory 54 of circuit 60 -- done
rank 26 | trajectory 51 of circuit 12 -- done
rank 15 | trajectory 127 of circuit 48 -- done
rank 2 | trajectory 149 of circuit 80 -- done
rank 6 | trajectory 99 of circuit 47 -- done
rank 23 | trajectory 38 of circuit 22 -- done
rank 51 | trajectory 29 of circuit 54 -- done
rank 49 | trajectory 81 of circuit 21 -- done
rank 1 | trajectory 106 of circuit 53 -- done
rank 83 | trajectory 80 of circuit 6 -- done
rank 8 | trajectory 32 of circuit 95 -- done
rank 43 | trajectory 103 of circuit 94 -- done
rank 32 | trajectory 67 of circuit 36 -- done
rank 72 | trajectory 69 of circuit 84 -- done
rank 93 | trajectory 40 of circuit 13 -- done
rank 23 | trajectory 17 of circuit 29 -- done
rank 12 | trajectory 4 of circuit 55 -- done
rank 2 | trajectory 114 of circuit 46 -- done
rank 68 | trajectory 143 of circuit 97 -- done
rank 89 | trajectory 77 of circuit 72 -- done
rank 16 | trajectory 192 of circuit 5 -- done
rank 5 | trajectory 135 of circuit 63 -- done
rank 72 | trajectory 6 of circuit 89 -- done
rank 18 | trajectory 47 of circuit 13 -- done
rank 35 | trajectory 49 of circuit 34 -- done
rank 96 | trajectory 89 of circuit 80 -- done
rank 40 | trajectory 4 of circuit 80 -- done
rank 81 | trajectory 56 of circuit 9 -- done
rank 38 | trajectory 86 of circuit 82 -- done
rank 9 | trajectory 70 of circuit 11 -- done
rank 24 | trajectory 174 of circuit 37 -- done
rank 27 | trajectory 85 of circuit 14 -- done
rank 32 | trajectory 38 of circuit 23 -- done
rank 31 | trajectory 112 of circuit 47 -- done
rank 90 | trajectory 134 of circuit 96 -- done
rank 2 | trajectory 99 of circuit 2 -- done
rank 62 | trajectory 122 of circuit 56 -- done
rank 68 | trajectory 174 of circuit 19 -- done
rank 34 | trajectory 150 of circuit 10 -- done
rank 4 | trajectory 154 of circuit 88 -- done
rank 67 | trajectory 47 of circuit 11 -- done
rank 51 | trajectory 59 of circuit 23 -- done
rank 8 | trajectory 191 of circuit 84 -- done
rank 16 | trajectory 94 of circuit 26 -- done
rank 32 | trajectory 57 of circuit 95 -- done
rank 11 | trajectory 49 of circuit 84 -- done
rank 26 | trajectory 39 of circuit 46 -- done
rank 5 | trajectory 124 of circuit 9 -- done
rank 63 | trajectory 49 of circuit 74 -- done
rank 60 | trajectory 128 of circuit 12 -- done
rank 25 | trajectory 18 of circuit 69 -- done
rank 83 | trajectory 7 of circuit 64 -- done
rank 56 | trajectory 86 of circuit 17 -- done
rank 10 | trajectory 38 of circuit 2 -- done
rank 46 | trajectory 104 of circuit 18 -- done
rank 9 | trajectory 69 of circuit 56 -- done
rank 59 | trajectory 60 of circuit 59 -- done
rank 38 | trajectory 146 of circuit 47 -- done
rank 78 | trajectory 42 of circuit 14 -- done
rank 69 | trajectory 120 of circuit 50 -- done
rank 81 | trajectory 96 of circuit 89 -- done
rank 18 | trajectory 127 of circuit 73 -- done
rank 85 | trajectory 86 of circuit 65 -- done
rank 12 | trajectory 178 of circuit 20 -- done
rank 93 | trajectory 51 of circuit 39 -- done
rank 62 | trajectory 24 of circuit 17 -- done
rank 49 | trajectory 127 of circuit 59 -- done
rank 84 | trajectory 185 of circuit 75 -- done
rank 31 | trajectory 146 of circuit 29 -- done
rank 26 | trajectory 92 of circuit 23 -- done
rank 35 | trajectory 192 of circuit 62 -- done
rank 15 | trajectory 117 of circuit 82 -- done
rank 90 | trajectory 52 of circuit 47 -- done
rank 43 | trajectory 121 of circuit 5 -- done
rank 6 | trajectory 25 of circuit 32 -- done
rank 56 | trajectory 120 of circuit 20 -- done
rank 24 | trajectory 117 of circuit 71 -- done
rank 32 | trajectory 162 of circuit 21 -- done
rank 34 | trajectory 123 of circuit 95 -- done
rank 40 | trajectory 12 of circuit 59 -- done
rank 9 | trajectory 176 of circuit 13 -- done
rank 51 | trajectory 53 of circuit 68 -- done
rank 5 | trajectory 39 of circuit 16 -- done
rank 4 | trajectory 164 of circuit 46 -- done
rank 25 | trajectory 17 of circuit 13 -- done
rank 18 | trajectory 135 of circuit 94 -- done
rank 49 | trajectory 83 of circuit 34 -- done
rank 10 | trajectory 106 of circuit 26 -- done
rank 32 | trajectory 24 of circuit 3 -- done
rank 27 | trajectory 91 of circuit 49 -- done
rank 62 | trajectory 81 of circuit 47 -- done
rank 12 | trajectory 105 of circuit 66 -- done
rank 72 | trajectory 4 of circuit 9 -- done
rank 78 | trajectory 11 of circuit 59 -- done
rank 2 | trajectory 120 of circuit 6 -- done
rank 15 | trajectory 180 of circuit 9 -- done
rank 81 | trajectory 42 of circuit 28 -- done
rank 85 | trajectory 47 of circuit 87 -- done
rank 46 | trajectory 180 of circuit 27 -- done
rank 59 | trajectory 164 of circuit 48 -- done
rank 56 | trajectory 63 of circuit 91 -- done
rank 26 | trajectory 88 of circuit 28 -- done
rank 16 | trajectory 131 of circuit 8 -- done
rank 9 | trajectory 62 of circuit 85 -- done
rank 63 | trajectory 52 of circuit 3 -- done
rank 68 | trajectory 124 of circuit 41 -- done
rank 51 | trajectory 46 of circuit 51 -- done
rank 90 | trajectory 119 of circuit 25 -- done
rank 83 | trajectory 21 of circuit 51 -- done
rank 31 | trajectory 69 of circuit 57 -- done
rank 10 | trajectory 142 of circuit 42 -- done
rank 35 | trajectory 80 of circuit 46 -- done
rank 25 | trajectory 30 of circuit 30 -- done
rank 8 | trajectory 103 of circuit 8 -- done
rank 32 | trajectory 177 of circuit 93 -- done
rank 60 | trajectory 31 of circuit 29 -- done
rank 56 | trajectory 126 of circuit 66 -- done
rank 10 | trajectory 101 of circuit 34 -- done
rank 6 | trajectory 164 of circuit 79 -- done
rank 49 | trajectory 70 of circuit 8 -- done
rank 2 | trajectory 127 of circuit 86 -- done
rank 63 | trajectory 60 of circuit 2 -- done
rank 24 | trajectory 134 of circuit 77 -- done
rank 81 | trajectory 88 of circuit 13 -- done
rank 4 | trajectory 142 of circuit 77 -- done
rank 26 | trajectory 56 of circuit 90 -- done
rank 15 | trajectory 92 of circuit 29 -- done
rank 5 | trajectory 123 of circuit 55 -- done
rank 25 | trajectory 43 of circuit 11 -- done
rank 49 | trajectory 135 of circuit 58 -- done
rank 16 | trajectory 143 of circuit 94 -- done
rank 31 | trajectory 78 of circuit 68 -- done
rank 40 | trajectory 27 of circuit 60 -- done
rank 93 | trajectory 178 of circuit 23 -- done
rank 10 | trajectory 22 of circuit 92 -- done
rank 9 | trajectory 131 of circuit 52 -- done
rank 46 | trajectory 31 of circuit 48 -- done
rank 12 | trajectory 97 of circuit 40 -- done
rank 88 | trajectory 70 of circuit 84 -- done
rank 51 | trajectory 145 of circuit 14 -- done
rank 18 | trajectory 138 of circuit 68 -- done
rank 34 | trajectory 91 of circuit 35 -- done
rank 85 | trajectory 100 of circuit 75 -- done
rank 89 | trajectory 44 of circuit 56 -- done
rank 72 | trajectory 47 of circuit 77 -- done
rank 25 | trajectory 40 of circuit 89 -- done
rank 8 | trajectory 141 of circuit 40 -- done
rank 83 | trajectory 15 of circuit 53 -- done
rank 68 | trajectory 171 of circuit 60 -- done
rank 25 | trajectory 123 of circuit 97 -- done
rank 59 | trajectory 44 of circuit 76 -- done
rank 78 | trajectory 1 of circuit 56 -- done
rank 69 | trajectory 178 of circuit 28 -- done
rank 63 | trajectory 106 of circuit 44 -- done
rank 35 | trajectory 127 of circuit 63 -- done
rank 90 | trajectory 157 of circuit 95 -- done
rank 34 | trajectory 146 of circuit 4 -- done
rank 27 | trajectory 112 of circuit 84 -- done
rank 62 | trajectory 187 of circuit 53 -- done
rank 4 | trajectory 168 of circuit 97 -- done
rank 15 | trajectory 102 of circuit 14 -- done
rank 5 | trajectory 169 of circuit 71 -- done
rank 25 | trajectory 140 of circuit 28 -- done
rank 16 | trajectory 123 of circuit 23 -- done
rank 18 | trajectory 101 of circuit 50 -- done
rank 49 | trajectory 8 of circuit 19 -- done
rank 72 | trajectory 13 of circuit 38 -- done
rank 68 | trajectory 91 of circuit 76 -- done
rank 34 | trajectory 62 of circuit 63 -- done
rank 31 | trajectory 91 of circuit 32 -- done
rank 84 | trajectory 183 of circuit 7 -- done
rank 83 | trajectory 31 of circuit 59 -- done
rank 46 | trajectory 108 of circuit 67 -- done
rank 60 | trajectory 190 of circuit 65 -- done
rank 56 | trajectory 13 of circuit 21 -- done
rank 32 | trajectory 158 of circuit 91 -- done
rank 88 | trajectory 104 of circuit 35 -- done
rank 63 | trajectory 39 of circuit 82 -- done
rank 59 | trajectory 175 of circuit 94 -- done
rank 9 | trajectory 155 of circuit 85 -- done
rank 27 | trajectory 11 of circuit 30 -- done
rank 81 | trajectory 190 of circuit 97 -- done
rank 51 | trajectory 25 of circuit 38 -- done
rank 15 | trajectory 137 of circuit 24 -- done
rank 10 | trajectory 164 of circuit 87 -- done
rank 24 | trajectory 108 of circuit 45 -- done
rank 68 | trajectory 35 of circuit 16 -- done
rank 6 | trajectory 181 of circuit 31 -- done
rank 90 | trajectory 127 of circuit 34 -- done
rank 18 | trajectory 24 of circuit 20 -- done
rank 8 | trajectory 40 of circuit 28 -- done
rank 12 | trajectory 124 of circuit 28 -- done
rank 16 | trajectory 133 of circuit 27 -- done
rank 72 | trajectory 20 of circuit 51 -- done
rank 69 | trajectory 188 of circuit 61 -- done
rank 25 | trajectory 131 of circuit 65 -- done
rank 26 | trajectory 117 of circuit 43 -- done
rank 40 | trajectory 112 of circuit 3 -- done
rank 34 | trajectory 79 of circuit 90 -- done
rank 78 | trajectory 26 of circuit 25 -- done
rank 4 | trajectory 149 of circuit 71 -- done
rank 56 | trajectory 154 of circuit 28 -- done
rank 9 | trajectory 153 of circuit 10 -- done
rank 39 | trajectory 55 of circuit 38 -- done
rank 68 | trajectory 138 of circuit 1 -- done
rank 49 | trajectory 103 of circuit 80 -- done
rank 83 | trajectory 127 of circuit 43 -- done
rank 84 | trajectory 139 of circuit 43 -- done
rank 35 | trajectory 112 of circuit 62 -- done
rank 5 | trajectory 98 of circuit 89 -- done
rank 63 | trajectory 56 of circuit 95 -- done
rank 46 | trajectory 121 of circuit 100 -- done
rank 88 | trajectory 148 of circuit 24 -- done
rank 18 | trajectory 188 of circuit 87 -- done
rank 16 | trajectory 130 of circuit 77 -- done
rank 24 | trajectory 183 of circuit 60 -- done
rank 31 | trajectory 3 of circuit 7 -- done
rank 56 | trajectory 28 of circuit 4 -- done
rank 60 | trajectory 176 of circuit 36 -- done
rank 81 | trajectory 163 of circuit 29 -- done
rank 49 | trajectory 97 of circuit 43 -- done
rank 25 | trajectory 92 of circuit 12 -- done
rank 51 | trajectory 171 of circuit 59 -- done
rank 9 | trajectory 160 of circuit 74 -- done
rank 8 | trajectory 118 of circuit 56 -- done
rank 68 | trajectory 117 of circuit 39 -- done
rank 90 | trajectory 171 of circuit 31 -- done
rank 62 | trajectory 132 of circuit 93 -- done
rank 10 | trajectory 129 of circuit 48 -- done
rank 26 | trajectory 53 of circuit 99 -- done
rank 32 | trajectory 179 of circuit 81 -- done
rank 89 | trajectory 109 of circuit 57 -- done
rank 34 | trajectory 122 of circuit 35 -- done
rank 12 | trajectory 148 of circuit 45 -- done
rank 56 | trajectory 129 of circuit 60 -- done
rank 69 | trajectory 97 of circuit 24 -- done
rank 10 | trajectory 181 of circuit 45 -- done
rank 15 | trajectory 142 of circuit 9 -- done
rank 4 | trajectory 108 of circuit 73 -- done
rank 6 | trajectory 65 of circuit 48 -- done
rank 72 | trajectory 37 of circuit 31 -- done
rank 88 | trajectory 147 of circuit 24 -- done
rank 39 | trajectory 107 of circuit 19 -- done
rank 16 | trajectory 118 of circuit 26 -- done
rank 49 | trajectory 30 of circuit 57 -- done
rank 78 | trajectory 29 of circuit 97 -- done
rank 84 | trajectory 45 of circuit 94 -- done
rank 27 | trajectory 154 of circuit 91 -- done
rank 90 | trajectory 172 of circuit 60 -- done
rank 59 | trajectory 35 of circuit 94 -- done
rank 56 | trajectory 157 of circuit 49 -- done
rank 40 | trajectory 104 of circuit 97 -- done
rank 34 | trajectory 188 of circuit 60 -- done
rank 68 | trajectory 115 of circuit 46 -- done
rank 46 | trajectory 184 of circuit 2 -- done
rank 63 | trajectory 119 of circuit 40 -- done
rank 35 | trajectory 151 of circuit 85 -- done
rank 83 | trajectory 11 of circuit 46 -- done
rank 25 | trajectory 19 of circuit 20 -- done
rank 8 | trajectory 119 of circuit 85 -- done
rank 10 | trajectory 175 of circuit 67 -- done
rank 12 | trajectory 147 of circuit 55 -- done
rank 88 | trajectory 84 of circuit 99 -- done
rank 9 | trajectory 179 of circuit 9 -- done
rank 5 | trajectory 75 of circuit 54 -- done
rank 18 | trajectory 79 of circuit 89 -- done
rank 51 | trajectory 80 of circuit 23 -- done
rank 60 | trajectory 118 of circuit 61 -- done
rank 84 | trajectory 117 of circuit 6 -- done
rank 72 | trajectory 108 of circuit 90 -- done
rank 62 | trajectory 44 of circuit 55 -- done
rank 24 | trajectory 179 of circuit 43 -- done
rank 67 | trajectory 148 of circuit 54 -- done
rank 90 | trajectory 150 of circuit 97 -- done
rank 49 | trajectory 64 of circuit 43 -- done
rank 56 | trajectory 48 of circuit 33 -- done
rank 69 | trajectory 66 of circuit 75 -- done
rank 34 | trajectory 153 of circuit 4 -- done
rank 26 | trajectory 52 of circuit 63 -- done
rank 10 | trajectory 133 of circuit 33 -- done
rank 27 | trajectory 103 of circuit 34 -- done
rank 59 | trajectory 24 of circuit 26 -- done
rank 40 | trajectory 16 of circuit 9 -- done
rank 4 | trajectory 133 of circuit 73 -- done
rank 8 | trajectory 52 of circuit 35 -- done
rank 68 | trajectory 49 of circuit 51 -- done
rank 63 | trajectory 181 of circuit 36 -- done
rank 78 | trajectory 96 of circuit 3 -- done
rank 39 | trajectory 59 of circuit 26 -- done
rank 5 | trajectory 158 of circuit 97 -- done
rank 62 | trajectory 61 of circuit 39 -- done
rank 18 | trajectory 119 of circuit 62 -- done
rank 83 | trajectory 6 of circuit 49 -- done
rank 25 | trajectory 33 of circuit 9 -- done
rank 34 | trajectory 158 of circuit 94 -- done
rank 88 | trajectory 102 of circuit 40 -- done
rank 12 | trajectory 65 of circuit 39 -- done
rank 84 | trajectory 176 of circuit 56 -- done
rank 72 | trajectory 2 of circuit 62 -- done
rank 35 | trajectory 7 of circuit 41 -- done
rank 9 | trajectory 75 of circuit 33 -- done
rank 10 | trajectory 68 of circuit 82 -- done
rank 89 | trajectory 137 of circuit 62 -- done
rank 31 | trajectory 144 of circuit 2 -- done
rank 51 | trajectory 152 of circuit 6 -- done
rank 26 | trajectory 45 of circuit 58 -- done
rank 63 | trajectory 137 of circuit 86 -- done
rank 56 | trajectory 7 of circuit 56 -- done
rank 90 | trajectory 181 of circuit 4 -- done
rank 15 | trajectory 84 of circuit 26 -- done
rank 32 | trajectory 12 of circuit 98 -- done
rank 4 | trajectory 179 of circuit 53 -- done
rank 8 | trajectory 173 of circuit 48 -- done
rank 68 | trajectory 113 of circuit 30 -- done
rank 59 | trajectory 127 of circuit 42 -- done
rank 84 | trajectory 84 of circuit 64 -- done
rank 18 | trajectory 104 of circuit 95 -- done
rank 46 | trajectory 55 of circuit 6 -- done
rank 88 | trajectory 140 of circuit 67 -- done
rank 34 | trajectory 118 of circuit 86 -- done
rank 40 | trajectory 188 of circuit 44 -- done
rank 69 | trajectory 70 of circuit 28 -- done
rank 39 | trajectory 82 of circuit 92 -- done
rank 16 | trajectory 55 of circuit 96 -- done
rank 24 | trajectory 72 of circuit 38 -- done
rank 26 | trajectory 63 of circuit 87 -- done
rank 63 | trajectory 107 of circuit 58 -- done
rank 56 | trajectory 55 of circuit 4 -- done
rank 15 | trajectory 88 of circuit 73 -- done
rank 12 | trajectory 133 of circuit 72 -- done
rank 5 | trajectory 70 of circuit 93 -- done
rank 78 | trajectory 68 of circuit 84 -- done
rank 10 | trajectory 72 of circuit 60 -- done
rank 96 | trajectory 22 of circuit 72 -- done
rank 84 | trajectory 67 of circuit 85 -- done
rank 3 | trajectory 91 of circuit 97 -- done
rank 35 | trajectory 130 of circuit 63 -- done
rank 9 | trajectory 114 of circuit 17 -- done
rank 83 | trajectory 67 of circuit 27 -- done
rank 26 | trajectory 133 of circuit 19 -- done
rank 25 | trajectory 110 of circuit 61 -- done
rank 60 | trajectory 181 of circuit 28 -- done
rank 51 | trajectory 122 of circuit 13 -- done
rank 4 | trajectory 138 of circuit 47 -- done
rank 90 | trajectory 120 of circuit 56 -- done
rank 63 | trajectory 173 of circuit 62 -- done
rank 46 | trajectory 165 of circuit 93 -- done
rank 16 | trajectory 188 of circuit 90 -- done
rank 31 | trajectory 2 of circuit 4 -- done
rank 56 | trajectory 182 of circuit 14 -- done
rank 34 | trajectory 93 of circuit 97 -- done
rank 84 | trajectory 146 of circuit 34 -- done
rank 9 | trajectory 188 of circuit 17 -- done
rank 32 | trajectory 52 of circuit 91 -- done
rank 40 | trajectory 114 of circuit 5 -- done
rank 88 | trajectory 116 of circuit 94 -- done
rank 63 | trajectory 40 of circuit 99 -- done
rank 24 | trajectory 86 of circuit 94 -- done
rank 5 | trajectory 147 of circuit 82 -- done
rank 63 | trajectory 104 of circuit 28 -- done
rank 89 | trajectory 121 of circuit 39 -- done
rank 69 | trajectory 187 of circuit 13 -- done
rank 39 | trajectory 13 of circuit 3 -- done
rank 25 | trajectory 87 of circuit 20 -- done
rank 26 | trajectory 50 of circuit 26 -- done
rank 12 | trajectory 95 of circuit 45 -- done
rank 15 | trajectory 80 of circuit 39 -- done
rank 96 | trajectory 144 of circuit 20 -- done
rank 27 | trajectory 31 of circuit 90 -- done
rank 56 | trajectory 163 of circuit 77 -- done
rank 10 | trajectory 167 of circuit 43 -- done
rank 72 | trajectory 25 of circuit 14 -- done
rank 3 | trajectory 90 of circuit 1 -- done
rank 63 | trajectory 45 of circuit 96 -- done
rank 68 | trajectory 169 of circuit 78 -- done
rank 78 | trajectory 81 of circuit 73 -- done
rank 26 | trajectory 36 of circuit 61 -- done
rank 31 | trajectory 103 of circuit 68 -- done
rank 83 | trajectory 105 of circuit 5 -- done
rank 51 | trajectory 36 of circuit 93 -- done
rank 5 | trajectory 182 of circuit 66 -- done
rank 59 | trajectory 1 of circuit 19 -- done
rank 4 | trajectory 191 of circuit 57 -- done
rank 46 | trajectory 124 of circuit 8 -- done
rank 8 | trajectory 182 of circuit 63 -- done
rank 88 | trajectory 76 of circuit 42 -- done
rank 35 | trajectory 38 of circuit 28 -- done
rank 60 | trajectory 87 of circuit 53 -- done
rank 26 | trajectory 188 of circuit 58 -- done
rank 9 | trajectory 113 of circuit 79 -- done
rank 12 | trajectory 81 of circuit 24 -- done
rank 90 | trajectory 173 of circuit 85 -- done
rank 10 | trajectory 116 of circuit 98 -- done
rank 72 | trajectory 71 of circuit 21 -- done
rank 16 | trajectory 173 of circuit 72 -- done
rank 34 | trajectory 121 of circuit 13 -- done
rank 5 | trajectory 175 of circuit 5 -- done
rank 39 | trajectory 58 of circuit 30 -- done
rank 15 | trajectory 176 of circuit 54 -- done
rank 24 | trajectory 177 of circuit 81 -- done
rank 59 | trajectory 69 of circuit 30 -- done
rank 63 | trajectory 156 of circuit 99 -- done
rank 8 | trajectory 188 of circuit 68 -- done
rank 18 | trajectory 176 of circuit 31 -- done
rank 78 | trajectory 27 of circuit 99 -- done
rank 56 | trajectory 107 of circuit 79 -- done
rank 9 | trajectory 101 of circuit 30 -- done
rank 40 | trajectory 71 of circuit 25 -- done
rank 88 | trajectory 165 of circuit 60 -- done
rank 83 | trajectory 90 of circuit 74 -- done
rank 25 | trajectory 49 of circuit 53 -- done
rank 5 | trajectory 77 of circuit 17 -- done
rank 46 | trajectory 57 of circuit 28 -- done
rank 3 | trajectory 51 of circuit 71 -- done
rank 90 | trajectory 36 of circuit 96 -- done
rank 27 | trajectory 57 of circuit 37 -- done
rank 4 | trajectory 147 of circuit 2 -- done
rank 34 | trajectory 171 of circuit 35 -- done
rank 35 | trajectory 132 of circuit 1 -- done
rank 32 | trajectory 190 of circuit 43 -- done
rank 51 | trajectory 170 of circuit 100 -- done
rank 89 | trajectory 108 of circuit 60 -- done
rank 26 | trajectory 136 of circuit 94 -- done
rank 16 | trajectory 120 of circuit 58 -- done
rank 12 | trajectory 94 of circuit 95 -- done
rank 96 | trajectory 113 of circuit 37 -- done
rank 18 | trajectory 163 of circuit 20 -- done
rank 10 | trajectory 76 of circuit 97 -- done
rank 9 | trajectory 117 of circuit 92 -- done
rank 24 | trajectory 52 of circuit 82 -- done
rank 88 | trajectory 146 of circuit 14 -- done
rank 8 | trajectory 164 of circuit 36 -- done
rank 69 | trajectory 141 of circuit 26 -- done
rank 63 | trajectory 145 of circuit 85 -- done
rank 72 | trajectory 163 of circuit 57 -- done
rank 68 | trajectory 60 of circuit 14 -- done
rank 6 | trajectory 93 of circuit 14 -- done
rank 78 | trajectory 50 of circuit 40 -- done
rank 90 | trajectory 170 of circuit 1 -- done
rank 40 | trajectory 11 of circuit 75 -- done
rank 32 | trajectory 58 of circuit 57 -- done
rank 15 | trajectory 116 of circuit 83 -- done
rank 9 | trajectory 51 of circuit 85 -- done
rank 51 | trajectory 129 of circuit 53 -- done
rank 67 | trajectory 151 of circuit 1 -- done
rank 27 | trajectory 5 of circuit 6 -- done
rank 46 | trajectory 123 of circuit 86 -- done
rank 83 | trajectory 69 of circuit 32 -- done
rank 4 | trajectory 170 of circuit 96 -- done
rank 59 | trajectory 110 of circuit 47 -- done
rank 26 | trajectory 181 of circuit 15 -- done
rank 5 | trajectory 166 of circuit 84 -- done
rank 39 | trajectory 21 of circuit 62 -- done
rank 96 | trajectory 164 of circuit 8 -- done
rank 8 | trajectory 25 of circuit 53 -- done
rank 12 | trajectory 109 of circuit 77 -- done
rank 89 | trajectory 125 of circuit 72 -- done
rank 60 | trajectory 154 of circuit 37 -- done
rank 9 | trajectory 79 of circuit 50 -- done
rank 63 | trajectory 44 of circuit 52 -- done
rank 88 | trajectory 111 of circuit 79 -- done
rank 5 | trajectory 79 of circuit 51 -- done
rank 51 | trajectory 83 of circuit 39 -- done
rank 59 | trajectory 34 of circuit 96 -- done
rank 72 | trajectory 63 of circuit 86 -- done
rank 52 | trajectory 142 of circuit 17 -- done
rank 83 | trajectory 129 of circuit 80 -- done
rank 90 | trajectory 6 of circuit 70 -- done
rank 46 | trajectory 52 of circuit 23 -- done
rank 10 | trajectory 127 of circuit 20 -- done
rank 3 | trajectory 132 of circuit 6 -- done
rank 26 | trajectory 182 of circuit 76 -- done
rank 4 | trajectory 184 of circuit 85 -- done
rank 69 | trajectory 145 of circuit 54 -- done
rank 78 | trajectory 43 of circuit 55 -- done
rank 24 | trajectory 125 of circuit 63 -- done
rank 35 | trajectory 109 of circuit 6 -- done
rank 34 | trajectory 59 of circuit 49 -- done
rank 15 | trajectory 135 of circuit 33 -- done
rank 68 | trajectory 112 of circuit 91 -- done
rank 84 | trajectory 153 of circuit 85 -- done
rank 96 | trajectory 95 of circuit 12 -- done
rank 9 | trajectory 177 of circuit 63 -- done
rank 63 | trajectory 31 of circuit 66 -- done
rank 8 | trajectory 123 of circuit 51 -- done
rank 12 | trajectory 134 of circuit 46 -- done
rank 47 | trajectory 129 of circuit 3 -- done
rank 6 | trajectory 88 of circuit 74 -- done
rank 59 | trajectory 95 of circuit 1 -- done
rank 40 | trajectory 17 of circuit 91 -- done
rank 34 | trajectory 75 of circuit 13 -- done
rank 25 | trajectory 25 of circuit 12 -- done
rank 72 | trajectory 174 of circuit 14 -- done
rank 90 | trajectory 168 of circuit 68 -- done
rank 83 | trajectory 168 of circuit 12 -- done
rank 51 | trajectory 98 of circuit 61 -- done
rank 84 | trajectory 192 of circuit 57 -- done
rank 63 | trajectory 87 of circuit 43 -- done
rank 52 | trajectory 97 of circuit 54 -- done
rank 26 | trajectory 109 of circuit 89 -- done
rank 10 | trajectory 75 of circuit 2 -- done
rank 89 | trajectory 105 of circuit 21 -- done
rank 59 | trajectory 51 of circuit 53 -- done
rank 16 | trajectory 180 of circuit 35 -- done
rank 15 | trajectory 134 of circuit 68 -- done
rank 27 | trajectory 123 of circuit 53 -- done
rank 84 | trajectory 61 of circuit 100 -- done
rank 88 | trajectory 155 of circuit 13 -- done
rank 46 | trajectory 98 of circuit 80 -- done
rank 63 | trajectory 128 of circuit 18 -- done
rank 3 | trajectory 110 of circuit 74 -- done
rank 32 | trajectory 109 of circuit 45 -- done
rank 26 | trajectory 132 of circuit 100 -- done
rank 39 | trajectory 73 of circuit 33 -- done
rank 90 | trajectory 174 of circuit 11 -- done
rank 78 | trajectory 115 of circuit 93 -- done
rank 35 | trajectory 103 of circuit 48 -- done
rank 12 | trajectory 76 of circuit 51 -- done
rank 9 | trajectory 108 of circuit 10 -- done
rank 83 | trajectory 81 of circuit 38 -- done
rank 63 | trajectory 80 of circuit 40 -- done
rank 4 | trajectory 167 of circuit 93 -- done
rank 8 | trajectory 134 of circuit 42 -- done
rank 26 | trajectory 81 of circuit 91 -- done
rank 24 | trajectory 190 of circuit 74 -- done
rank 68 | trajectory 81 of circuit 75 -- done
rank 15 | trajectory 160 of circuit 18 -- done
rank 5 | trajectory 59 of circuit 84 -- done
rank 96 | trajectory 88 of circuit 51 -- done
rank 10 | trajectory 96 of circuit 55 -- done
rank 8 | trajectory 169 of circuit 26 -- done
rank 27 | trajectory 102 of circuit 17 -- done
rank 88 | trajectory 150 of circuit 38 -- done
rank 26 | trajectory 15 of circuit 87 -- done
rank 72 | trajectory 43 of circuit 56 -- done
rank 59 | trajectory 122 of circuit 95 -- done
rank 67 | trajectory 103 of circuit 57 -- done
rank 60 | trajectory 23 of circuit 9 -- done
rank 3 | trajectory 116 of circuit 80 -- done
rank 84 | trajectory 179 of circuit 14 -- done
rank 46 | trajectory 27 of circuit 2 -- done
rank 6 | trajectory 12 of circuit 61 -- done
rank 90 | trajectory 90 of circuit 43 -- done
rank 5 | trajectory 136 of circuit 73 -- done
rank 52 | trajectory 162 of circuit 60 -- done
rank 78 | trajectory 57 of circuit 70 -- done
rank 68 | trajectory 108 of circuit 81 -- done
rank 63 | trajectory 118 of circuit 21 -- done
rank 16 | trajectory 81 of circuit 7 -- done
rank 72 | trajectory 35 of circuit 91 -- done
rank 83 | trajectory 172 of circuit 17 -- done
rank 12 | trajectory 100 of circuit 51 -- done
rank 39 | trajectory 75 of circuit 81 -- done
rank 40 | trajectory 52 of circuit 75 -- done
rank 26 | trajectory 118 of circuit 5 -- done
rank 35 | trajectory 56 of circuit 55 -- done
rank 32 | trajectory 115 of circuit 74 -- done
rank 88 | trajectory 158 of circuit 44 -- done
rank 4 | trajectory 140 of circuit 19 -- done
rank 89 | trajectory 127 of circuit 74 -- done
rank 8 | trajectory 131 of circuit 82 -- done
rank 9 | trajectory 140 of circuit 43 -- done
rank 96 | trajectory 180 of circuit 26 -- done
rank 5 | trajectory 116 of circuit 89 -- done
rank 59 | trajectory 129 of circuit 26 -- done
rank 46 | trajectory 166 of circuit 70 -- done
rank 90 | trajectory 163 of circuit 83 -- done
rank 24 | trajectory 171 of circuit 77 -- done
rank 26 | trajectory 80 of circuit 27 -- done
rank 15 | trajectory 138 of circuit 30 -- done
rank 68 | trajectory 175 of circuit 55 -- done
rank 12 | trajectory 172 of circuit 28 -- done
rank 83 | trajectory 138 of circuit 9 -- done
rank 84 | trajectory 82 of circuit 87 -- done
rank 88 | trajectory 120 of circuit 67 -- done
rank 59 | trajectory 27 of circuit 16 -- done
rank 63 | trajectory 147 of circuit 7 -- done
rank 72 | trajectory 26 of circuit 26 -- done
rank 35 | trajectory 104 of circuit 11 -- done
rank 32 | trajectory 155 of circuit 14 -- done
rank 40 | trajectory 121 of circuit 8 -- done
rank 60 | trajectory 65 of circuit 95 -- done
rank 78 | trajectory 32 of circuit 32 -- done
rank 39 | trajectory 16 of circuit 51 -- done
rank 15 | trajectory 51 of circuit 57 -- done
rank 6 | trajectory 54 of circuit 73 -- done
rank 68 | trajectory 166 of circuit 46 -- done
rank 16 | trajectory 167 of circuit 33 -- done
rank 90 | trajectory 71 of circuit 68 -- done
rank 59 | trajectory 142 of circuit 16 -- done
rank 89 | trajectory 40 of circuit 96 -- done
rank 52 | trajectory 127 of circuit 24 -- done
rank 63 | trajectory 7 of circuit 98 -- done
rank 96 | trajectory 107 of circuit 32 -- done
rank 72 | trajectory 162 of circuit 14 -- done
rank 27 | trajectory 159 of circuit 85 -- done
rank 9 | trajectory 192 of circuit 60 -- done
rank 5 | trajectory 121 of circuit 83 -- done
rank 88 | trajectory 55 of circuit 57 -- done
rank 24 | trajectory 33 of circuit 97 -- done
rank 84 | trajectory 128 of circuit 95 -- done
rank 40 | trajectory 105 of circuit 72 -- done
rank 4 | trajectory 48 of circuit 57 -- done
rank 68 | trajectory 5 of circuit 11 -- done
rank 26 | trajectory 87 of circuit 89 -- done
rank 35 | trajectory 149 of circuit 12 -- done
rank 3 | trajectory 182 of circuit 40 -- done
rank 46 | trajectory 169 of circuit 38 -- done
rank 8 | trajectory 84 of circuit 16 -- done
rank 15 | trajectory 25 of circuit 75 -- done
rank 78 | trajectory 69 of circuit 20 -- done
rank 12 | trajectory 125 of circuit 30 -- done
rank 5 | trajectory 148 of circuit 71 -- done
rank 68 | trajectory 41 of circuit 86 -- done
rank 26 | trajectory 11 of circuit 99 -- done
rank 9 | trajectory 139 of circuit 61 -- done
rank 83 | trajectory 101 of circuit 40 -- done
rank 63 | trajectory 155 of circuit 75 -- done
rank 39 | trajectory 113 of circuit 81 -- done
rank 72 | trajectory 45 of circuit 44 -- done
rank 52 | trajectory 68 of circuit 34 -- done
rank 16 | trajectory 161 of circuit 52 -- done
rank 84 | trajectory 23 of circuit 23 -- done
rank 40 | trajectory 44 of circuit 77 -- done
rank 24 | trajectory 75 of circuit 94 -- done
rank 90 | trajectory 180 of circuit 87 -- done
rank 96 | trajectory 185 of circuit 34 -- done
rank 3 | trajectory 186 of circuit 5 -- done
rank 46 | trajectory 69 of circuit 60 -- done
rank 84 | trajectory 125 of circuit 52 -- done
rank 63 | trajectory 109 of circuit 59 -- done
rank 15 | trajectory 91 of circuit 38 -- done
rank 89 | trajectory 22 of circuit 15 -- done
rank 59 | trajectory 113 of circuit 38 -- done
rank 5 | trajectory 36 of circuit 4 -- done
rank 12 | trajectory 78 of circuit 22 -- done
rank 27 | trajectory 23 of circuit 43 -- done
rank 4 | trajectory 131 of circuit 92 -- done
rank 35 | trajectory 120 of circuit 28 -- done
rank 8 | trajectory 110 of circuit 100 -- done
rank 68 | trajectory 23 of circuit 79 -- done
rank 78 | trajectory 51 of circuit 33 -- done
rank 63 | trajectory 105 of circuit 68 -- done
rank 9 | trajectory 99 of circuit 90 -- done
rank 6 | trajectory 147 of circuit 95 -- done
rank 5 | trajectory 127 of circuit 5 -- done
rank 72 | trajectory 40 of circuit 54 -- done
rank 24 | trajectory 53 of circuit 11 -- done
rank 60 | trajectory 184 of circuit 30 -- done
rank 47 | trajectory 38 of circuit 56 -- done
rank 39 | trajectory 64 of circuit 10 -- done
rank 40 | trajectory 149 of circuit 85 -- done
rank 15 | trajectory 100 of circuit 43 -- done
rank 16 | trajectory 183 of circuit 38 -- done
rank 84 | trajectory 129 of circuit 70 -- done
rank 88 | trajectory 162 of circuit 65 -- done
rank 59 | trajectory 178 of circuit 44 -- done
rank 3 | trajectory 68 of circuit 56 -- done
rank 8 | trajectory 144 of circuit 85 -- done
rank 12 | trajectory 107 of circuit 70 -- done
rank 52 | trajectory 25 of circuit 50 -- done
rank 54 | trajectory 114 of circuit 93 -- done
rank 9 | trajectory 187 of circuit 79 -- done
rank 46 | trajectory 181 of circuit 90 -- done
rank 5 | trajectory 190 of circuit 5 -- done
rank 26 | trajectory 14 of circuit 75 -- done
rank 83 | trajectory 140 of circuit 45 -- done
rank 96 | trajectory 41 of circuit 38 -- done
rank 35 | trajectory 67 of circuit 23 -- done
rank 89 | trajectory 188 of circuit 45 -- done
rank 68 | trajectory 107 of circuit 2 -- done
rank 84 | trajectory 87 of circuit 39 -- done
rank 24 | trajectory 46 of circuit 55 -- done
rank 63 | trajectory 48 of circuit 64 -- done
rank 4 | trajectory 80 of circuit 63 -- done
rank 59 | trajectory 130 of circuit 14 -- done
rank 72 | trajectory 60 of circuit 11 -- done
rank 90 | trajectory 122 of circuit 68 -- done
rank 26 | trajectory 77 of circuit 57 -- done
rank 27 | trajectory 125 of circuit 91 -- done
rank 9 | trajectory 105 of circuit 81 -- done
rank 84 | trajectory 109 of circuit 54 -- done
rank 5 | trajectory 11 of circuit 90 -- done
rank 39 | trajectory 126 of circuit 81 -- done
rank 16 | trajectory 139 of circuit 22 -- done
rank 88 | trajectory 154 of circuit 30 -- done
rank 72 | trajectory 158 of circuit 17 -- done
rank 78 | trajectory 73 of circuit 87 -- done
rank 83 | trajectory 20 of circuit 16 -- done
rank 26 | trajectory 74 of circuit 15 -- done
rank 96 | trajectory 131 of circuit 63 -- done
rank 52 | trajectory 62 of circuit 2 -- done
rank 15 | trajectory 170 of circuit 34 -- done
rank 90 | trajectory 158 of circuit 39 -- done
rank 24 | trajectory 121 of circuit 93 -- done
rank 84 | trajectory 36 of circuit 1 -- done
rank 47 | trajectory 167 of circuit 47 -- done
rank 72 | trajectory 109 of circuit 53 -- done
rank 60 | trajectory 79 of circuit 91 -- done
rank 35 | trajectory 126 of circuit 87 -- done
rank 54 | trajectory 164 of circuit 35 -- done
rank 9 | trajectory 109 of circuit 36 -- done
rank 89 | trajectory 122 of circuit 81 -- done
rank 16 | trajectory 126 of circuit 19 -- done
rank 4 | trajectory 87 of circuit 52 -- done
rank 72 | trajectory 192 of circuit 83 -- done
rank 27 | trajectory 172 of circuit 51 -- done
rank 12 | trajectory 118 of circuit 63 -- done
rank 68 | trajectory 86 of circuit 79 -- done
rank 63 | trajectory 154 of circuit 46 -- done
rank 46 | trajectory 158 of circuit 13 -- done
rank 59 | trajectory 112 of circuit 31 -- done
rank 39 | trajectory 178 of circuit 5 -- done
rank 88 | trajectory 144 of circuit 49 -- done
rank 90 | trajectory 188 of circuit 91 -- done
rank 3 | trajectory 184 of circuit 6 -- done
rank 83 | trajectory 188 of circuit 1 -- done
rank 67 | trajectory 43 of circuit 74 -- done
rank 78 | trajectory 86 of circuit 50 -- done
rank 5 | trajectory 99 of circuit 16 -- done
rank 84 | trajectory 75 of circuit 4 -- done
rank 15 | trajectory 87 of circuit 81 -- done
rank 52 | trajectory 28 of circuit 70 -- done
rank 16 | trajectory 140 of circuit 2 -- done
rank 26 | trajectory 82 of circuit 19 -- done
rank 63 | trajectory 125 of circuit 67 -- done
rank 8 | trajectory 176 of circuit 63 -- done
rank 59 | trajectory 144 of circuit 81 -- done
rank 96 | trajectory 136 of circuit 66 -- done
rank 40 | trajectory 70 of circuit 53 -- done
rank 4 | trajectory 158 of circuit 43 -- done
rank 88 | trajectory 105 of circuit 57 -- done
rank 5 | trajectory 50 of circuit 75 -- done
rank 54 | trajectory 167 of circuit 48 -- done
rank 36 | trajectory 159 of circuit 5 -- done
rank 84 | trajectory 38 of circuit 45 -- done
rank 68 | trajectory 146 of circuit 11 -- done
rank 89 | trajectory 48 of circuit 92 -- done
rank 39 | trajectory 164 of circuit 37 -- done
rank 5 | trajectory 14 of circuit 94 -- done
rank 35 | trajectory 16 of circuit 93 -- done
rank 16 | trajectory 113 of circuit 95 -- done
rank 63 | trajectory 20 of circuit 52 -- done
rank 26 | trajectory 172 of circuit 50 -- done
rank 78 | trajectory 165 of circuit 49 -- done
rank 46 | trajectory 147 of circuit 54 -- done
rank 90 | trajectory 151 of circuit 84 -- done
rank 9 | trajectory 40 of circuit 8 -- done
rank 52 | trajectory 96 of circuit 51 -- done
rank 40 | trajectory 93 of circuit 88 -- done
rank 4 | trajectory 79 of circuit 84 -- done
rank 24 | trajectory 119 of circuit 74 -- done
rank 5 | trajectory 22 of circuit 59 -- done
rank 84 | trajectory 112 of circuit 13 -- done
rank 59 | trajectory 84 of circuit 3 -- done
rank 88 | trajectory 113 of circuit 69 -- done
rank 15 | trajectory 15 of circuit 18 -- done
rank 96 | trajectory 119 of circuit 8 -- done
rank 67 | trajectory 140 of circuit 93 -- done
rank 63 | trajectory 153 of circuit 40 -- done
rank 9 | trajectory 103 of circuit 86 -- done
rank 8 | trajectory 165 of circuit 97 -- done
rank 16 | trajectory 190 of circuit 19 -- done
rank 59 | trajectory 70 of circuit 50 -- done
rank 84 | trajectory 107 of circuit 64 -- done
rank 39 | trajectory 166 of circuit 72 -- done
rank 15 | trajectory 86 of circuit 37 -- done
rank 5 | trajectory 186 of circuit 43 -- done
rank 90 | trajectory 59 of circuit 100 -- done
rank 89 | trajectory 141 of circuit 54 -- done
rank 78 | trajectory 152 of circuit 68 -- done
rank 88 | trajectory 183 of circuit 49 -- done
rank 27 | trajectory 163 of circuit 38 -- done
rank 36 | trajectory 37 of circuit 69 -- done
rank 46 | trajectory 142 of circuit 35 -- done
rank 52 | trajectory 125 of circuit 11 -- done
rank 68 | trajectory 13 of circuit 28 -- done
rank 59 | trajectory 56 of circuit 58 -- done
rank 83 | trajectory 65 of circuit 50 -- done
rank 15 | trajectory 185 of circuit 2 -- done
rank 8 | trajectory 93 of circuit 27 -- done
rank 84 | trajectory 1 of circuit 73 -- done
rank 26 | trajectory 13 of circuit 16 -- done
rank 9 | trajectory 164 of circuit 64 -- done
rank 90 | trajectory 100 of circuit 17 -- done
rank 26 | trajectory 34 of circuit 14 -- done
rank 54 | trajectory 116 of circuit 22 -- done
rank 16 | trajectory 114 of circuit 40 -- done
rank 59 | trajectory 29 of circuit 59 -- done
rank 5 | trajectory 132 of circuit 28 -- done
rank 35 | trajectory 72 of circuit 88 -- done
rank 68 | trajectory 43 of circuit 27 -- done
rank 15 | trajectory 35 of circuit 54 -- done
rank 24 | trajectory 176 of circuit 45 -- done
rank 96 | trajectory 191 of circuit 23 -- done
rank 84 | trajectory 50 of circuit 87 -- done
rank 88 | trajectory 160 of circuit 21 -- done
rank 63 | trajectory 132 of circuit 66 -- done
rank 67 | trajectory 38 of circuit 34 -- done
rank 83 | trajectory 40 of circuit 69 -- done
rank 46 | trajectory 188 of circuit 41 -- done
rank 72 | trajectory 128 of circuit 66 -- done
rank 68 | trajectory 29 of circuit 55 -- done
rank 9 | trajectory 61 of circuit 6 -- done
rank 89 | trajectory 59 of circuit 21 -- done
rank 39 | trajectory 23 of circuit 88 -- done
rank 52 | trajectory 166 of circuit 36 -- done
rank 78 | trajectory 2 of circuit 17 -- done
rank 90 | trajectory 112 of circuit 16 -- done
rank 60 | trajectory 49 of circuit 5 -- done
rank 35 | trajectory 11 of circuit 81 -- done
rank 59 | trajectory 176 of circuit 29 -- done
rank 15 | trajectory 172 of circuit 58 -- done
rank 54 | trajectory 95 of circuit 84 -- done
rank 16 | trajectory 178 of circuit 95 -- done
rank 3 | trajectory 135 of circuit 49 -- done
rank 27 | trajectory 105 of circuit 15 -- done
rank 96 | trajectory 171 of circuit 55 -- done
rank 4 | trajectory 132 of circuit 3 -- done
rank 24 | trajectory 160 of circuit 73 -- done
rank 83 | trajectory 151 of circuit 19 -- done
rank 36 | trajectory 153 of circuit 18 -- done
rank 88 | trajectory 121 of circuit 14 -- done
rank 8 | trajectory 53 of circuit 9 -- done
rank 59 | trajectory 61 of circuit 16 -- done
rank 63 | trajectory 66 of circuit 25 -- done
rank 72 | trajectory 11 of circuit 54 -- done
rank 26 | trajectory 65 of circuit 81 -- done
rank 9 | trajectory 98 of circuit 78 -- done
rank 39 | trajectory 47 of circuit 59 -- done
rank 78 | trajectory 109 of circuit 48 -- done
rank 46 | trajectory 139 of circuit 71 -- done
rank 90 | trajectory 192 of circuit 58 -- done
rank 5 | trajectory 184 of circuit 26 -- done
rank 88 | trajectory 79 of circuit 58 -- done
rank 8 | trajectory 137 of circuit 22 -- done
rank 40 | trajectory 78 of circuit 44 -- done
rank 67 | trajectory 161 of circuit 64 -- done
rank 89 | trajectory 99 of circuit 13 -- done
rank 59 | trajectory 182 of circuit 83 -- done
rank 15 | trajectory 179 of circuit 57 -- done
rank 68 | trajectory 95 of circuit 34 -- done
rank 96 | trajectory 132 of circuit 38 -- done
rank 24 | trajectory 159 of circuit 38 -- done
rank 9 | trajectory 178 of circuit 47 -- done
rank 26 | trajectory 107 of circuit 3 -- done
rank 54 | trajectory 47 of circuit 88 -- done
rank 3 | trajectory 122 of circuit 17 -- done
rank 84 | trajectory 63 of circuit 40 -- done
rank 16 | trajectory 103 of circuit 27 -- done
rank 52 | trajectory 79 of circuit 74 -- done
rank 83 | trajectory 107 of circuit 94 -- done
rank 90 | trajectory 135 of circuit 29 -- done
rank 5 | trajectory 55 of circuit 1 -- done
rank 55 | trajectory 115 of circuit 66 -- done
rank 59 | trajectory 47 of circuit 53 -- done
rank 8 | trajectory 56 of circuit 96 -- done
rank 9 | trajectory 82 of circuit 31 -- done
rank 5 | trajectory 167 of circuit 32 -- done
rank 12 | trajectory 136 of circuit 34 -- done
rank 68 | trajectory 20 of circuit 41 -- done
rank 88 | trajectory 29 of circuit 64 -- done
rank 5 | trajectory 51 of circuit 10 -- done
rank 84 | trajectory 138 of circuit 43 -- done
rank 39 | trajectory 74 of circuit 50 -- done
rank 96 | trajectory 92 of circuit 42 -- done
rank 59 | trajectory 133 of circuit 79 -- done
rank 35 | trajectory 17 of circuit 63 -- done
rank 78 | trajectory 93 of circuit 70 -- done
rank 36 | trajectory 62 of circuit 61 -- done
rank 8 | trajectory 166 of circuit 99 -- done
rank 5 | trajectory 163 of circuit 59 -- done
rank 46 | trajectory 161 of circuit 10 -- done
rank 52 | trajectory 137 of circuit 12 -- done
rank 40 | trajectory 128 of circuit 2 -- done
rank 9 | trajectory 191 of circuit 73 -- done
rank 90 | trajectory 13 of circuit 45 -- done
rank 27 | trajectory 10 of circuit 17 -- done
rank 15 | trajectory 69 of circuit 46 -- done
rank 55 | trajectory 48 of circuit 36 -- done
rank 89 | trajectory 87 of circuit 82 -- done
rank 72 | trajectory 185 of circuit 40 -- done
rank 59 | trajectory 59 of circuit 58 -- done
rank 16 | trajectory 111 of circuit 43 -- done
rank 54 | trajectory 19 of circuit 34 -- done
rank 9 | trajectory 112 of circuit 78 -- done
rank 47 | trajectory 37 of circuit 65 -- done
rank 3 | trajectory 144 of circuit 36 -- done
rank 88 | trajectory 145 of circuit 93 -- done
rank 5 | trajectory 58 of circuit 68 -- done
rank 24 | trajectory 95 of circuit 16 -- done
rank 67 | trajectory 88 of circuit 82 -- done
rank 96 | trajectory 184 of circuit 27 -- done
rank 12 | trajectory 30 of circuit 46 -- done
rank 83 | trajectory 103 of circuit 46 -- done
rank 15 | trajectory 38 of circuit 46 -- done
rank 8 | trajectory 152 of circuit 7 -- done
rank 40 | trajectory 20 of circuit 48 -- done
rank 52 | trajectory 167 of circuit 26 -- done
rank 68 | trajectory 50 of circuit 100 -- done
rank 84 | trajectory 68 of circuit 39 -- done
rank 59 | trajectory 141 of circuit 20 -- done
rank 9 | trajectory 64 of circuit 70 -- done
rank 72 | trajectory 155 of circuit 12 -- done
rank 35 | trajectory 15 of circuit 12 -- done
rank 88 | trajectory 97 of circuit 79 -- done
rank 55 | trajectory 31 of circuit 96 -- done
rank 16 | trajectory 52 of circuit 86 -- done
rank 90 | trajectory 153 of circuit 93 -- done
rank 27 | trajectory 164 of circuit 18 -- done
rank 78 | trajectory 141 of circuit 36 -- done
rank 46 | trajectory 120 of circuit 24 -- done
rank 89 | trajectory 97 of circuit 93 -- done
rank 39 | trajectory 131 of circuit 24 -- done
rank 8 | trajectory 159 of circuit 42 -- done
rank 59 | trajectory 91 of circuit 34 -- done
rank 52 | trajectory 186 of circuit 52 -- done
rank 96 | trajectory 187 of circuit 12 -- done
rank 54 | trajectory 85 of circuit 15 -- done
rank 24 | trajectory 113 of circuit 9 -- done
rank 68 | trajectory 148 of circuit 90 -- done
rank 19 | trajectory 89 of circuit 54 -- done
rank 15 | trajectory 109 of circuit 25 -- done
rank 59 | trajectory 86 of circuit 55 -- done
rank 35 | trajectory 137 of circuit 72 -- done
rank 40 | trajectory 62 of circuit 80 -- done
rank 83 | trajectory 26 of circuit 72 -- done
rank 8 | trajectory 60 of circuit 91 -- done
rank 12 | trajectory 108 of circuit 23 -- done
rank 9 | trajectory 125 of circuit 12 -- done
rank 68 | trajectory 40 of circuit 97 -- done
rank 72 | trajectory 120 of circuit 100 -- done
rank 3 | trajectory 69 of circuit 2 -- done
rank 88 | trajectory 86 of circuit 54 -- done
rank 84 | trajectory 65 of circuit 76 -- done
rank 27 | trajectory 116 of circuit 15 -- done
rank 52 | trajectory 123 of circuit 34 -- done
rank 55 | trajectory 179 of circuit 30 -- done
rank 90 | trajectory 160 of circuit 85 -- done
rank 59 | trajectory 134 of circuit 32 -- done
rank 16 | trajectory 122 of circuit 48 -- done
rank 67 | trajectory 63 of circuit 14 -- done
rank 78 | trajectory 97 of circuit 62 -- done
rank 9 | trajectory 63 of circuit 97 -- done
rank 8 | trajectory 154 of circuit 9 -- done
rank 11 | trajectory 57 of circuit 17 -- done
rank 46 | trajectory 137 of circuit 18 -- done
rank 15 | trajectory 125 of circuit 44 -- done
rank 68 | trajectory 97 of circuit 15 -- done
rank 89 | trajectory 95 of circuit 39 -- done
rank 90 | trajectory 115 of circuit 68 -- done
rank 40 | trajectory 2 of circuit 56 -- done
rank 96 | trajectory 34 of circuit 57 -- done
rank 24 | trajectory 118 of circuit 89 -- done
rank 39 | trajectory 34 of circuit 78 -- done
rank 8 | trajectory 63 of circuit 9 -- done
rank 88 | trajectory 99 of circuit 40 -- done
rank 84 | trajectory 162 of circuit 57 -- done
rank 12 | trajectory 176 of circuit 96 -- done
rank 47 | trajectory 56 of circuit 14 -- done
rank 59 | trajectory 111 of circuit 95 -- done
rank 19 | trajectory 74 of circuit 3 -- done
rank 35 | trajectory 50 of circuit 22 -- done
rank 16 | trajectory 148 of circuit 52 -- done
rank 90 | trajectory 40 of circuit 24 -- done
rank 72 | trajectory 39 of circuit 2 -- done
rank 83 | trajectory 142 of circuit 99 -- done
rank 78 | trajectory 187 of circuit 69 -- done
rank 11 | trajectory 98 of circuit 17 -- done
rank 55 | trajectory 84 of circuit 13 -- done
rank 54 | trajectory 181 of circuit 86 -- done
rank 9 | trajectory 85 of circuit 32 -- done
rank 72 | trajectory 55 of circuit 98 -- done
rank 90 | trajectory 125 of circuit 59 -- done
rank 8 | trajectory 22 of circuit 46 -- done
rank 27 | trajectory 39 of circuit 12 -- done
rank 39 | trajectory 63 of circuit 39 -- done
rank 68 | trajectory 45 of circuit 85 -- done
rank 89 | trajectory 131 of circuit 76 -- done
rank 3 | trajectory 165 of circuit 51 -- done
rank 96 | trajectory 65 of circuit 45 -- done
rank 9 | trajectory 180 of circuit 57 -- done
rank 90 | trajectory 161 of circuit 30 -- done
rank 52 | trajectory 138 of circuit 7 -- done
rank 12 | trajectory 154 of circuit 24 -- done
rank 46 | trajectory 90 of circuit 45 -- done
rank 67 | trajectory 183 of circuit 98 -- done
rank 40 | trajectory 73 of circuit 37 -- done
rank 68 | trajectory 65 of circuit 68 -- done
rank 15 | trajectory 81 of circuit 42 -- done
rank 88 | trajectory 110 of circuit 17 -- done
rank 19 | trajectory 85 of circuit 49 -- done
rank 8 | trajectory 148 of circuit 11 -- done
rank 90 | trajectory 145 of circuit 81 -- done
rank 83 | trajectory 113 of circuit 4 -- done
rank 16 | trajectory 5 of circuit 74 -- done
rank 24 | trajectory 162 of circuit 32 -- done
rank 68 | trajectory 21 of circuit 19 -- done
rank 72 | trajectory 33 of circuit 34 -- done
rank 9 | trajectory 174 of circuit 72 -- done
rank 11 | trajectory 192 of circuit 27 -- done
rank 88 | trajectory 95 of circuit 8 -- done
rank 27 | trajectory 9 of circuit 17 -- done
rank 78 | trajectory 150 of circuit 9 -- done
rank 35 | trajectory 19 of circuit 67 -- done
rank 40 | trajectory 14 of circuit 30 -- done
rank 8 | trajectory 171 of circuit 89 -- done
rank 96 | trajectory 143 of circuit 90 -- done
rank 12 | trajectory 122 of circuit 92 -- done
rank 19 | trajectory 55 of circuit 29 -- done
rank 68 | trajectory 170 of circuit 2 -- done
rank 36 | trajectory 53 of circuit 27 -- done
rank 89 | trajectory 49 of circuit 22 -- done
rank 90 | trajectory 177 of circuit 30 -- done
rank 54 | trajectory 163 of circuit 36 -- done
rank 52 | trajectory 132 of circuit 58 -- done
rank 72 | trajectory 67 of circuit 45 -- done
rank 88 | trajectory 74 of circuit 21 -- done
rank 55 | trajectory 186 of circuit 29 -- done
rank 16 | trajectory 184 of circuit 79 -- done
rank 11 | trajectory 116 of circuit 37 -- done
rank 3 | trajectory 137 of circuit 65 -- done
rank 90 | trajectory 124 of circuit 42 -- done
rank 68 | trajectory 103 of circuit 98 -- done
rank 27 | trajectory 7 of circuit 29 -- done
rank 9 | trajectory 157 of circuit 87 -- done
rank 78 | trajectory 192 of circuit 70 -- done
rank 35 | trajectory 57 of circuit 40 -- done
rank 12 | trajectory 153 of circuit 35 -- done
rank 83 | trajectory 109 of circuit 21 -- done
rank 24 | trajectory 69 of circuit 61 -- done
rank 68 | trajectory 53 of circuit 46 -- done
rank 96 | trajectory 91 of circuit 63 -- done
rank 47 | trajectory 50 of circuit 99 -- done
rank 67 | trajectory 58 of circuit 4 -- done
rank 72 | trajectory 124 of circuit 53 -- done
rank 9 | trajectory 83 of circuit 62 -- done
rank 39 | trajectory 98 of circuit 1 -- done
rank 68 | trajectory 82 of circuit 51 -- done
rank 40 | trajectory 53 of circuit 64 -- done
rank 11 | trajectory 105 of circuit 44 -- done
rank 19 | trajectory 84 of circuit 61 -- done
rank 15 | trajectory 146 of circuit 77 -- done
rank 35 | trajectory 98 of circuit 51 -- done
rank 36 | trajectory 178 of circuit 93 -- done
rank 90 | trajectory 147 of circuit 9 -- done
rank 55 | trajectory 63 of circuit 55 -- done
rank 50 | trajectory 23 of circuit 39 -- done
rank 52 | trajectory 113 of circuit 78 -- done
rank 88 | trajectory 78 of circuit 50 -- done
rank 72 | trajectory 143 of circuit 51 -- done
rank 24 | trajectory 21 of circuit 2 -- done
rank 8 | trajectory 117 of circuit 93 -- done
rank 12 | trajectory 129 of circuit 28 -- done
rank 46 | trajectory 41 of circuit 78 -- done
rank 83 | trajectory 148 of circuit 87 -- done
rank 89 | trajectory 113 of circuit 92 -- done
rank 3 | trajectory 98 of circuit 66 -- done
rank 27 | trajectory 28 of circuit 13 -- done
rank 97 | trajectory 117 of circuit 50 -- done
rank 16 | trajectory 168 of circuit 62 -- done
rank 78 | trajectory 110 of circuit 96 -- done
rank 40 | trajectory 126 of circuit 73 -- done
rank 19 | trajectory 93 of circuit 81 -- done
rank 96 | trajectory 46 of circuit 92 -- done
rank 67 | trajectory 116 of circuit 65 -- done
rank 35 | trajectory 59 of circuit 95 -- done
rank 90 | trajectory 154 of circuit 53 -- done
rank 54 | trajectory 89 of circuit 31 -- done
rank 9 | trajectory 42 of circuit 70 -- done
rank 88 | trajectory 159 of circuit 27 -- done
rank 68 | trajectory 52 of circuit 85 -- done
rank 11 | trajectory 122 of circuit 53 -- done
rank 12 | trajectory 141 of circuit 30 -- done
rank 40 | trajectory 26 of circuit 23 -- done
rank 15 | trajectory 10 of circuit 63 -- done
rank 24 | trajectory 191 of circuit 87 -- done
rank 72 | trajectory 191 of circuit 44 -- done
rank 3 | trajectory 188 of circuit 22 -- done
rank 78 | trajectory 131 of circuit 46 -- done
rank 55 | trajectory 192 of circuit 79 -- done
rank 50 | trajectory 47 of circuit 99 -- done
rank 47 | trajectory 6 of circuit 88 -- done
rank 36 | trajectory 34 of circuit 7 -- done
rank 16 | trajectory 137 of circuit 66 -- done
rank 88 | trajectory 191 of circuit 35 -- done
rank 46 | trajectory 182 of circuit 73 -- done
rank 15 | trajectory 136 of circuit 23 -- done
rank 52 | trajectory 190 of circuit 90 -- done
rank 83 | trajectory 122 of circuit 77 -- done
rank 39 | trajectory 85 of circuit 21 -- done
rank 19 | trajectory 144 of circuit 43 -- done
rank 24 | trajectory 1 of circuit 74 -- done
rank 88 | trajectory 9 of circuit 75 -- done
rank 97 | trajectory 183 of circuit 47 -- done
rank 72 | trajectory 59 of circuit 69 -- done
rank 15 | trajectory 167 of circuit 58 -- done
rank 11 | trajectory 80 of circuit 15 -- done
rank 68 | trajectory 69 of circuit 64 -- done
rank 96 | trajectory 101 of circuit 29 -- done
rank 54 | trajectory 2 of circuit 28 -- done
rank 67 | trajectory 74 of circuit 85 -- done
rank 9 | trajectory 129 of circuit 50 -- done
rank 8 | trajectory 183 of circuit 34 -- done
rank 27 | trajectory 165 of circuit 43 -- done
rank 16 | trajectory 166 of circuit 74 -- done
rank 40 | trajectory 168 of circuit 26 -- done
rank 78 | trajectory 107 of circuit 73 -- done
rank 90 | trajectory 137 of circuit 46 -- done
rank 72 | trajectory 183 of circuit 88 -- done
rank 3 | trajectory 5 of circuit 32 -- done
rank 52 | trajectory 116 of circuit 21 -- done
rank 55 | trajectory 83 of circuit 10 -- done
rank 83 | trajectory 144 of circuit 13 -- done
rank 8 | trajectory 124 of circuit 24 -- done
rank 90 | trajectory 103 of circuit 42 -- done
rank 89 | trajectory 180 of circuit 47 -- done
rank 36 | trajectory 20 of circuit 91 -- done
rank 90 | trajectory 18 of circuit 21 -- done
rank 9 | trajectory 90 of circuit 72 -- done
rank 50 | trajectory 67 of circuit 44 -- done
rank 40 | trajectory 47 of circuit 4 -- done
rank 24 | trajectory 45 of circuit 71 -- done
rank 11 | trajectory 51 of circuit 74 -- done
rank 12 | trajectory 191 of circuit 56 -- done
rank 19 | trajectory 153 of circuit 87 -- done
rank 88 | trajectory 93 of circuit 77 -- done
rank 35 | trajectory 39 of circuit 80 -- done
rank 27 | trajectory 26 of circuit 87 -- done
rank 8 | trajectory 170 of circuit 98 -- done
rank 47 | trajectory 191 of circuit 58 -- done
rank 96 | trajectory 150 of circuit 54 -- done
rank 39 | trajectory 79 of circuit 26 -- done
rank 52 | trajectory 148 of circuit 9 -- done
rank 90 | trajectory 63 of circuit 12 -- done
rank 46 | trajectory 23 of circuit 63 -- done
rank 97 | trajectory 170 of circuit 5 -- done
rank 40 | trajectory 87 of circuit 65 -- done
rank 19 | trajectory 96 of circuit 36 -- done
rank 88 | trajectory 119 of circuit 31 -- done
rank 55 | trajectory 64 of circuit 37 -- done
rank 68 | trajectory 137 of circuit 35 -- done
rank 67 | trajectory 97 of circuit 14 -- done
rank 3 | trajectory 178 of circuit 35 -- done
rank 83 | trajectory 1 of circuit 11 -- done
rank 16 | trajectory 106 of circuit 100 -- done
rank 11 | trajectory 17 of circuit 90 -- done
rank 15 | trajectory 17 of circuit 33 -- done
rank 78 | trajectory 114 of circuit 3 -- done
rank 27 | trajectory 143 of circuit 76 -- done
rank 8 | trajectory 185 of circuit 85 -- done
rank 68 | trajectory 61 of circuit 34 -- done
rank 90 | trajectory 10 of circuit 50 -- done
rank 15 | trajectory 74 of circuit 73 -- done
rank 19 | trajectory 176 of circuit 98 -- done
rank 88 | trajectory 98 of circuit 86 -- done
rank 35 | trajectory 100 of circuit 29 -- done
rank 24 | trajectory 7 of circuit 55 -- done
rank 15 | trajectory 182 of circuit 53 -- done
rank 50 | trajectory 177 of circuit 5 -- done
rank 96 | trajectory 174 of circuit 52 -- done
rank 52 | trajectory 133 of circuit 98 -- done
rank 83 | trajectory 119 of circuit 82 -- done
rank 39 | trajectory 101 of circuit 87 -- done
rank 55 | trajectory 154 of circuit 5 -- done
rank 12 | trajectory 96 of circuit 12 -- done
rank 27 | trajectory 190 of circuit 98 -- done
rank 90 | trajectory 164 of circuit 97 -- done
rank 88 | trajectory 114 of circuit 67 -- done
rank 89 | trajectory 39 of circuit 27 -- done
rank 19 | trajectory 94 of circuit 31 -- done
rank 46 | trajectory 111 of circuit 98 -- done
rank 47 | trajectory 71 of circuit 13 -- done
rank 8 | trajectory 97 of circuit 68 -- done
rank 78 | trajectory 59 of circuit 2 -- done
rank 15 | trajectory 188 of circuit 70 -- done
rank 16 | trajectory 144 of circuit 26 -- done
rank 8 | trajectory 178 of circuit 18 -- done
rank 97 | trajectory 77 of circuit 38 -- done
rank 35 | trajectory 30 of circuit 13 -- done
rank 11 | trajectory 66 of circuit 97 -- done
rank 3 | trajectory 154 of circuit 94 -- done
rank 52 | trajectory 42 of circuit 66 -- done
rank 40 | trajectory 25 of circuit 85 -- done
rank 88 | trajectory 85 of circuit 98 -- done
rank 67 | trajectory 90 of circuit 16 -- done
rank 39 | trajectory 65 of circuit 42 -- done
rank 19 | trajectory 61 of circuit 25 -- done
rank 24 | trajectory 122 of circuit 90 -- done
rank 16 | trajectory 171 of circuit 11 -- done
rank 54 | trajectory 113 of circuit 62 -- done
rank 55 | trajectory 164 of circuit 90 -- done
rank 83 | trajectory 36 of circuit 70 -- done
rank 46 | trajectory 119 of circuit 68 -- done
rank 15 | trajectory 97 of circuit 20 -- done
rank 50 | trajectory 175 of circuit 96 -- done
rank 12 | trajectory 62 of circuit 41 -- done
rank 27 | trajectory 45 of circuit 65 -- done
rank 9 | trajectory 55 of circuit 36 -- done
rank 90 | trajectory 185 of circuit 17 -- done
rank 40 | trajectory 56 of circuit 3 -- done
rank 36 | trajectory 95 of circuit 88 -- done
rank 35 | trajectory 96 of circuit 83 -- done
rank 16 | trajectory 154 of circuit 54 -- done
rank 89 | trajectory 93 of circuit 16 -- done
rank 8 | trajectory 181 of circuit 37 -- done
rank 78 | trajectory 180 of circuit 17 -- done
rank 96 | trajectory 4 of circuit 45 -- done
rank 24 | trajectory 78 of circuit 33 -- done
rank 12 | trajectory 74 of circuit 77 -- done
rank 15 | trajectory 96 of circuit 60 -- done
rank 50 | trajectory 4 of circuit 58 -- done
rank 40 | trajectory 81 of circuit 72 -- done
rank 88 | trajectory 103 of circuit 2 -- done
rank 16 | trajectory 22 of circuit 17 -- done
rank 39 | trajectory 95 of circuit 5 -- done
rank 27 | trajectory 50 of circuit 79 -- done
rank 47 | trajectory 148 of circuit 36 -- done
rank 90 | trajectory 156 of circuit 48 -- done
rank 3 | trajectory 62 of circuit 70 -- done
rank 52 | trajectory 41 of circuit 64 -- done
rank 46 | trajectory 118 of circuit 51 -- done
rank 11 | trajectory 7 of circuit 65 -- done
rank 19 | trajectory 129 of circuit 55 -- done
rank 88 | trajectory 168 of circuit 75 -- done
rank 35 | trajectory 83 of circuit 11 -- done
rank 67 | trajectory 51 of circuit 28 -- done
rank 15 | trajectory 108 of circuit 27 -- done
rank 78 | trajectory 6 of circuit 85 -- done
rank 90 | trajectory 183 of circuit 76 -- done
rank 16 | trajectory 125 of circuit 1 -- done
rank 40 | trajectory 31 of circuit 19 -- done
rank 97 | trajectory 56 of circuit 65 -- done
rank 89 | trajectory 114 of circuit 60 -- done
rank 88 | trajectory 71 of circuit 73 -- done
rank 12 | trajectory 164 of circuit 75 -- done
rank 36 | trajectory 48 of circuit 15 -- done
rank 55 | trajectory 30 of circuit 84 -- done
rank 11 | trajectory 132 of circuit 85 -- done
rank 24 | trajectory 8 of circuit 54 -- done
rank 19 | trajectory 192 of circuit 12 -- done
rank 27 | trajectory 160 of circuit 86 -- done
rank 96 | trajectory 43 of circuit 35 -- done
rank 9 | trajectory 144 of circuit 19 -- done
rank 8 | trajectory 190 of circuit 58 -- done
rank 54 | trajectory 7 of circuit 44 -- done
rank 90 | trajectory 123 of circuit 92 -- done
rank 46 | trajectory 72 of circuit 28 -- done
rank 16 | trajectory 48 of circuit 43 -- done
rank 83 | trajectory 137 of circuit 79 -- done
rank 12 | trajectory 187 of circuit 18 -- done
rank 11 | trajectory 48 of circuit 31 -- done
rank 90 | trajectory 41 of circuit 33 -- done
rank 47 | trajectory 127 of circuit 19 -- done
rank 40 | trajectory 86 of circuit 12 -- done
rank 15 | trajectory 123 of circuit 83 -- done
rank 50 | trajectory 172 of circuit 27 -- done
rank 8 | trajectory 184 of circuit 43 -- done
rank 52 | trajectory 111 of circuit 44 -- done
rank 78 | trajectory 5 of circuit 72 -- done
rank 88 | trajectory 157 of circuit 82 -- done
rank 96 | trajectory 17 of circuit 73 -- done
rank 19 | trajectory 32 of circuit 20 -- done
rank 12 | trajectory 184 of circuit 15 -- done
rank 55 | trajectory 106 of circuit 42 -- done
rank 88 | trajectory 192 of circuit 69 -- done
rank 89 | trajectory 69 of circuit 47 -- done
rank 54 | trajectory 138 of circuit 70 -- done
rank 35 | trajectory 22 of circuit 28 -- done
rank 16 | trajectory 101 of circuit 15 -- done
rank 67 | trajectory 188 of circuit 31 -- done
rank 36 | trajectory 36 of circuit 49 -- done
rank 83 | trajectory 182 of circuit 97 -- done
rank 50 | trajectory 12 of circuit 74 -- done
rank 19 | trajectory 182 of circuit 4 -- done
rank 3 | trajectory 99 of circuit 56 -- done
rank 15 | trajectory 6 of circuit 68 -- done
rank 11 | trajectory 26 of circuit 55 -- done
rank 46 | trajectory 117 of circuit 46 -- done
rank 52 | trajectory 20 of circuit 83 -- done
rank 19 | trajectory 187 of circuit 23 -- done
rank 39 | trajectory 139 of circuit 57 -- done
rank 96 | trajectory 32 of circuit 99 -- done
rank 40 | trajectory 55 of circuit 44 -- done
rank 97 | trajectory 58 of circuit 65 -- done
rank 35 | trajectory 190 of circuit 68 -- done
rank 50 | trajectory 8 of circuit 90 -- done
rank 24 | trajectory 144 of circuit 69 -- done
rank 27 | trajectory 107 of circuit 15 -- done
rank 89 | trajectory 1 of circuit 48 -- done
rank 16 | trajectory 146 of circuit 88 -- done
rank 52 | trajectory 4 of circuit 57 -- done
rank 88 | trajectory 186 of circuit 37 -- done
rank 36 | trajectory 35 of circuit 19 -- done
rank 11 | trajectory 147 of circuit 53 -- done
rank 19 | trajectory 186 of circuit 39 -- done
rank 40 | trajectory 191 of circuit 34 -- done
rank 3 | trajectory 173 of circuit 88 -- done
rank 83 | trajectory 176 of circuit 85 -- done
rank 78 | trajectory 74 of circuit 93 -- done
rank 15 | trajectory 19 of circuit 3 -- done
rank 12 | trajectory 89 of circuit 6 -- done
rank 55 | trajectory 25 of circuit 7 -- done
rank 46 | trajectory 12 of circuit 55 -- done
rank 90 | trajectory 167 of circuit 20 -- done
rank 39 | trajectory 37 of circuit 27 -- done
rank 67 | trajectory 143 of circuit 78 -- done
rank 35 | trajectory 165 of circuit 74 -- done
rank 19 | trajectory 66 of circuit 49 -- done
rank 40 | trajectory 154 of circuit 63 -- done
rank 16 | trajectory 164 of circuit 45 -- done
rank 15 | trajectory 148 of circuit 27 -- done
rank 11 | trajectory 23 of circuit 16 -- done
rank 96 | trajectory 26 of circuit 67 -- done
rank 97 | trajectory 69 of circuit 8 -- done
rank 90 | trajectory 34 of circuit 1 -- done
rank 88 | trajectory 141 of circuit 92 -- done
rank 89 | trajectory 119 of circuit 83 -- done
rank 24 | trajectory 170 of circuit 84 -- done
rank 40 | trajectory 46 of circuit 73 -- done
rank 27 | trajectory 158 of circuit 23 -- done
rank 52 | trajectory 124 of circuit 89 -- done
rank 19 | trajectory 166 of circuit 89 -- done
rank 54 | trajectory 97 of circuit 77 -- done
rank 46 | trajectory 93 of circuit 41 -- done
rank 11 | trajectory 10 of circuit 1 -- done
rank 12 | trajectory 169 of circuit 62 -- done
rank 16 | trajectory 51 of circuit 20 -- done
rank 88 | trajectory 185 of circuit 25 -- done
rank 19 | trajectory 177 of circuit 71 -- done
rank 35 | trajectory 32 of circuit 17 -- done
rank 39 | trajectory 111 of circuit 53 -- done
rank 36 | trajectory 169 of circuit 59 -- done
rank 3 | trajectory 164 of circuit 98 -- done
rank 83 | trajectory 133 of circuit 99 -- done
rank 78 | trajectory 4 of circuit 92 -- done
rank 54 | trajectory 125 of circuit 69 -- done
rank 12 | trajectory 99 of circuit 49 -- done
rank 52 | trajectory 46 of circuit 17 -- done
rank 90 | trajectory 162 of circuit 79 -- done
rank 35 | trajectory 46 of circuit 78 -- done
rank 11 | trajectory 173 of circuit 83 -- done
rank 97 | trajectory 171 of circuit 90 -- done
rank 16 | trajectory 90 of circuit 100 -- done
rank 67 | trajectory 145 of circuit 94 -- done
rank 24 | trajectory 128 of circuit 53 -- done
rank 19 | trajectory 190 of circuit 9 -- done
rank 96 | trajectory 141 of circuit 18 -- done
rank 55 | trajectory 33 of circuit 84 -- done
rank 90 | trajectory 72 of circuit 48 -- done
rank 89 | trajectory 136 of circuit 14 -- done
rank 46 | trajectory 143 of circuit 24 -- done
rank 50 | trajectory 111 of circuit 67 -- done
rank 47 | trajectory 152 of circuit 78 -- done
rank 39 | trajectory 50 of circuit 71 -- done
rank 52 | trajectory 77 of circuit 41 -- done
rank 19 | trajectory 21 of circuit 70 -- done
rank 3 | trajectory 185 of circuit 93 -- done
rank 35 | trajectory 133 of circuit 10 -- done
rank 16 | trajectory 134 of circuit 63 -- done
rank 27 | trajectory 87 of circuit 6 -- done
rank 54 | trajectory 76 of circuit 85 -- done
rank 78 | trajectory 134 of circuit 43 -- done
rank 24 | trajectory 151 of circuit 96 -- done
rank 40 | trajectory 61 of circuit 88 -- done
rank 46 | trajectory 136 of circuit 15 -- done
rank 83 | trajectory 128 of circuit 45 -- done
rank 16 | trajectory 127 of circuit 94 -- done
rank 96 | trajectory 11 of circuit 56 -- done
rank 35 | trajectory 77 of circuit 84 -- done
rank 55 | trajectory 92 of circuit 19 -- done
rank 39 | trajectory 162 of circuit 99 -- done
rank 97 | trajectory 114 of circuit 11 -- done
rank 19 | trajectory 171 of circuit 8 -- done
rank 36 | trajectory 47 of circuit 62 -- done
rank 50 | trajectory 63 of circuit 68 -- done
rank 67 | trajectory 158 of circuit 34 -- done
rank 52 | trajectory 110 of circuit 72 -- done
rank 16 | trajectory 102 of circuit 89 -- done
rank 12 | trajectory 101 of circuit 74 -- done
rank 89 | trajectory 5 of circuit 91 -- done
rank 3 | trajectory 179 of circuit 100 -- done
rank 24 | trajectory 153 of circuit 69 -- done
rank 40 | trajectory 143 of circuit 11 -- done
rank 16 | trajectory 19 of circuit 16 -- done
rank 46 | trajectory 89 of circuit 8 -- done
rank 47 | trajectory 59 of circuit 35 -- done
rank 52 | trajectory 187 of circuit 78 -- done
rank 78 | trajectory 14 of circuit 2 -- done
rank 35 | trajectory 28 of circuit 55 -- done
rank 54 | trajectory 69 of circuit 18 -- done
rank 12 | trajectory 120 of circuit 72 -- done
rank 11 | trajectory 188 of circuit 99 -- done
rank 40 | trajectory 58 of circuit 33 -- done
rank 52 | trajectory 157 of circuit 38 -- done
rank 16 | trajectory 12 of circuit 77 -- done
rank 55 | trajectory 169 of circuit 70 -- done
rank 27 | trajectory 100 of circuit 64 -- done
rank 97 | trajectory 116 of circuit 62 -- done
rank 24 | trajectory 127 of circuit 50 -- done
rank 12 | trajectory 66 of circuit 43 -- done
rank 96 | trajectory 37 of circuit 6 -- done
rank 35 | trajectory 82 of circuit 62 -- done
rank 83 | trajectory 192 of circuit 51 -- done
rank 36 | trajectory 18 of circuit 60 -- done
rank 54 | trajectory 17 of circuit 6 -- done
rank 78 | trajectory 10 of circuit 57 -- done
rank 11 | trajectory 166 of circuit 23 -- done
rank 37 | trajectory 22 of circuit 69 -- done
rank 50 | trajectory 77 of circuit 26 -- done
rank 40 | trajectory 88 of circuit 56 -- done
rank 12 | trajectory 155 of circuit 61 -- done
rank 16 | trajectory 36 of circuit 76 -- done
rank 54 | trajectory 77 of circuit 37 -- done
rank 3 | trajectory 111 of circuit 55 -- done
rank 89 | trajectory 147 of circuit 77 -- done
rank 52 | trajectory 117 of circuit 68 -- done
rank 40 | trajectory 60 of circuit 73 -- done
rank 97 | trajectory 83 of circuit 95 -- done
rank 46 | trajectory 95 of circuit 50 -- done
rank 83 | trajectory 191 of circuit 75 -- done
rank 19 | trajectory 86 of circuit 69 -- done
rank 37 | trajectory 2 of circuit 31 -- done
rank 24 | trajectory 37 of circuit 72 -- done
rank 78 | trajectory 37 of circuit 44 -- done
rank 52 | trajectory 86 of circuit 83 -- done
rank 12 | trajectory 53 of circuit 33 -- done
rank 96 | trajectory 29 of circuit 72 -- done
rank 19 | trajectory 53 of circuit 76 -- done
rank 47 | trajectory 80 of circuit 56 -- done
rank 55 | trajectory 44 of circuit 3 -- done
rank 36 | trajectory 65 of circuit 87 -- done
rank 3 | trajectory 115 of circuit 8 -- done
rank 16 | trajectory 156 of circuit 42 -- done
rank 39 | trajectory 171 of circuit 52 -- done
rank 11 | trajectory 70 of circuit 48 -- done
rank 40 | trajectory 41 of circuit 36 -- done
rank 19 | trajectory 127 of circuit 36 -- done
rank 52 | trajectory 15 of circuit 30 -- done
rank 54 | trajectory 192 of circuit 16 -- done
rank 12 | trajectory 119 of circuit 90 -- done
rank 24 | trajectory 185 of circuit 14 -- done
rank 83 | trajectory 166 of circuit 13 -- done
rank 37 | trajectory 26 of circuit 43 -- done
rank 50 | trajectory 80 of circuit 33 -- done
rank 27 | trajectory 127 of circuit 96 -- done
rank 89 | trajectory 17 of circuit 51 -- done
rank 19 | trajectory 16 of circuit 29 -- done
rank 55 | trajectory 134 of circuit 91 -- done
rank 96 | trajectory 140 of circuit 73 -- done
rank 12 | trajectory 36 of circuit 88 -- done
rank 54 | trajectory 108 of circuit 66 -- done
rank 97 | trajectory 115 of circuit 29 -- done
rank 78 | trajectory 75 of circuit 51 -- done
rank 35 | trajectory 66 of circuit 80 -- done
rank 19 | trajectory 62 of circuit 94 -- done
rank 36 | trajectory 154 of circuit 97 -- done
rank 39 | trajectory 77 of circuit 99 -- done
rank 52 | trajectory 121 of circuit 73 -- done
rank 83 | trajectory 149 of circuit 13 -- done
rank 12 | trajectory 121 of circuit 44 -- done
rank 37 | trajectory 39 of circuit 30 -- done
rank 40 | trajectory 75 of circuit 31 -- done
rank 3 | trajectory 77 of circuit 49 -- done
rank 24 | trajectory 147 of circuit 19 -- done
rank 50 | trajectory 145 of circuit 15 -- done
rank 11 | trajectory 30 of circuit 73 -- done
rank 89 | trajectory 103 of circuit 66 -- done
rank 55 | trajectory 53 of circuit 21 -- done
rank 19 | trajectory 18 of circuit 58 -- done
rank 27 | trajectory 27 of circuit 86 -- done
rank 47 | trajectory 176 of circuit 99 -- done
rank 16 | trajectory 93 of circuit 19 -- done
rank 54 | trajectory 4 of circuit 22 -- done
rank 24 | trajectory 181 of circuit 41 -- done
rank 96 | trajectory 18 of circuit 29 -- done
rank 52 | trajectory 177 of circuit 70 -- done
rank 11 | trajectory 172 of circuit 41 -- done
rank 39 | trajectory 133 of circuit 91 -- done
rank 83 | trajectory 139 of circuit 54 -- done
rank 37 | trajectory 46 of circuit 12 -- done
rank 19 | trajectory 125 of circuit 71 -- done
rank 4 | trajectory 127 of circuit 70 -- done
rank 97 | trajectory 122 of circuit 32 -- done
rank 78 | trajectory 123 of circuit 52 -- done
rank 36 | trajectory 31 of circuit 80 -- done
rank 35 | trajectory 61 of circuit 98 -- done
rank 24 | trajectory 157 of circuit 3 -- done
rank 52 | trajectory 145 of circuit 74 -- done
rank 89 | trajectory 167 of circuit 3 -- done
rank 16 | trajectory 116 of circuit 91 -- done
rank 24 | trajectory 168 of circuit 80 -- done
rank 19 | trajectory 151 of circuit 77 -- done
rank 11 | trajectory 104 of circuit 76 -- done
rank 12 | trajectory 166 of circuit 71 -- done
rank 47 | trajectory 21 of circuit 64 -- done
rank 35 | trajectory 191 of circuit 45 -- done
rank 83 | trajectory 160 of circuit 52 -- done
rank 40 | trajectory 22 of circuit 4 -- done
rank 4 | trajectory 185 of circuit 15 -- done
rank 55 | trajectory 139 of circuit 92 -- done
rank 54 | trajectory 28 of circuit 66 -- done
rank 37 | trajectory 82 of circuit 97 -- done
rank 19 | trajectory 138 of circuit 61 -- done
rank 39 | trajectory 134 of circuit 14 -- done
rank 16 | trajectory 175 of circuit 25 -- done
rank 12 | trajectory 128 of circuit 97 -- done
rank 50 | trajectory 114 of circuit 10 -- done
rank 97 | trajectory 168 of circuit 84 -- done
rank 36 | trajectory 152 of circuit 59 -- done
rank 16 | trajectory 91 of circuit 81 -- done
rank 96 | trajectory 58 of circuit 8 -- done
rank 35 | trajectory 14 of circuit 59 -- done
rank 24 | trajectory 104 of circuit 12 -- done
rank 40 | trajectory 125 of circuit 98 -- done
rank 89 | trajectory 78 of circuit 65 -- done
rank 12 | trajectory 170 of circuit 71 -- done
rank 37 | trajectory 65 of circuit 94 -- done
rank 52 | trajectory 101 of circuit 82 -- done
rank 78 | trajectory 143 of circuit 80 -- done
rank 55 | trajectory 9 of circuit 64 -- done
rank 11 | trajectory 156 of circuit 14 -- done
rank 27 | trajectory 29 of circuit 11 -- done
rank 35 | trajectory 152 of circuit 34 -- done
rank 24 | trajectory 141 of circuit 34 -- done
rank 54 | trajectory 67 of circuit 82 -- done
rank 96 | trajectory 122 of circuit 89 -- done
rank 12 | trajectory 93 of circuit 74 -- done
rank 47 | trajectory 16 of circuit 98 -- done
rank 19 | trajectory 175 of circuit 41 -- done
rank 4 | trajectory 117 of circuit 56 -- done
rank 39 | trajectory 128 of circuit 46 -- done
rank 40 | trajectory 5 of circuit 37 -- done
rank 11 | trajectory 15 of circuit 46 -- done
rank 27 | trajectory 169 of circuit 6 -- done
rank 12 | trajectory 179 of circuit 5 -- done
rank 16 | trajectory 96 of circuit 90 -- done
rank 3 | trajectory 145 of circuit 30 -- done
rank 83 | trajectory 88 of circuit 64 -- done
rank 97 | trajectory 99 of circuit 92 -- done
rank 19 | trajectory 143 of circuit 63 -- done
rank 52 | trajectory 144 of circuit 98 -- done
rank 50 | trajectory 9 of circuit 92 -- done
rank 36 | trajectory 125 of circuit 17 -- done
rank 78 | trajectory 118 of circuit 43 -- done
rank 55 | trajectory 95 of circuit 47 -- done
rank 12 | trajectory 188 of circuit 21 -- done
rank 24 | trajectory 25 of circuit 37 -- done
rank 19 | trajectory 87 of circuit 88 -- done
rank 37 | trajectory 101 of circuit 23 -- done
rank 89 | trajectory 162 of circuit 39 -- done
rank 54 | trajectory 66 of circuit 18 -- done
rank 96 | trajectory 23 of circuit 60 -- done
rank 40 | trajectory 174 of circuit 87 -- done
rank 19 | trajectory 189 of circuit 49 -- done
rank 83 | trajectory 91 of circuit 18 -- done
rank 16 | trajectory 128 of circuit 8 -- done
rank 27 | trajectory 98 of circuit 53 -- done
rank 11 | trajectory 6 of circuit 30 -- done
rank 54 | trajectory 59 of circuit 88 -- done
rank 12 | trajectory 1 of circuit 23 -- done
rank 55 | trajectory 120 of circuit 15 -- done
rank 37 | trajectory 63 of circuit 35 -- done
rank 35 | trajectory 108 of circuit 78 -- done
rank 50 | trajectory 33 of circuit 40 -- done
rank 3 | trajectory 142 of circuit 32 -- done
rank 47 | trajectory 7 of circuit 78 -- done
rank 97 | trajectory 191 of circuit 10 -- done
rank 4 | trajectory 93 of circuit 49 -- done
rank 96 | trajectory 49 of circuit 30 -- done
rank 83 | trajectory 126 of circuit 54 -- done
rank 78 | trajectory 160 of circuit 28 -- done
rank 89 | trajectory 41 of circuit 77 -- done
rank 55 | trajectory 61 of circuit 87 -- done
rank 52 | trajectory 188 of circuit 53 -- done
rank 54 | trajectory 188 of circuit 77 -- done
rank 19 | trajectory 46 of circuit 84 -- done
rank 39 | trajectory 192 of circuit 91 -- done
rank 24 | trajectory 103 of circuit 62 -- done
rank 16 | trajectory 181 of circuit 38 -- done
rank 12 | trajectory 135 of circuit 13 -- done
rank 11 | trajectory 190 of circuit 88 -- done
rank 40 | trajectory 189 of circuit 75 -- done
rank 37 | trajectory 44 of circuit 34 -- done
rank 19 | trajectory 52 of circuit 67 -- done
rank 96 | trajectory 109 of circuit 24 -- done
rank 83 | trajectory 59 of circuit 1 -- done
rank 50 | trajectory 13 of circuit 57 -- done
rank 19 | trajectory 58 of circuit 100 -- done
rank 4 | trajectory 99 of circuit 96 -- done
rank 12 | trajectory 37 of circuit 32 -- done
rank 36 | trajectory 127 of circuit 30 -- done
rank 27 | trajectory 113 of circuit 31 -- done
rank 78 | trajectory 144 of circuit 92 -- done
rank 54 | trajectory 99 of circuit 4 -- done
rank 35 | trajectory 110 of circuit 5 -- done
rank 52 | trajectory 184 of circuit 44 -- done
rank 39 | trajectory 174 of circuit 34 -- done
rank 12 | trajectory 161 of circuit 33 -- done
rank 97 | trajectory 57 of circuit 34 -- done
rank 37 | trajectory 111 of circuit 12 -- done
rank 83 | trajectory 165 of circuit 17 -- done
rank 19 | trajectory 174 of circuit 43 -- done
rank 16 | trajectory 142 of circuit 52 -- done
rank 40 | trajectory 153 of circuit 27 -- done
rank 12 | trajectory 139 of circuit 20 -- done
rank 47 | trajectory 180 of circuit 67 -- done
rank 96 | trajectory 168 of circuit 73 -- done
rank 55 | trajectory 168 of circuit 46 -- done
rank 89 | trajectory 32 of circuit 22 -- done
rank 54 | trajectory 146 of circuit 99 -- done
rank 4 | trajectory 106 of circuit 6 -- done
rank 27 | trajectory 130 of circuit 46 -- done
rank 11 | trajectory 34 of circuit 46 -- done
rank 40 | trajectory 37 of circuit 85 -- done
rank 78 | trajectory 172 of circuit 19 -- done
rank 19 | trajectory 118 of circuit 41 -- done
rank 52 | trajectory 135 of circuit 96 -- done
rank 50 | trajectory 131 of circuit 34 -- done
rank 83 | trajectory 46 of circuit 94 -- done
rank 24 | trajectory 158 of circuit 92 -- done
rank 37 | trajectory 86 of circuit 23 -- done
rank 55 | trajectory 86 of circuit 73 -- done
rank 35 | trajectory 138 of circuit 28 -- done
rank 97 | trajectory 167 of circuit 68 -- done
rank 19 | trajectory 120 of circuit 5 -- done
rank 40 | trajectory 106 of circuit 10 -- done
rank 12 | trajectory 180 of circuit 53 -- done
rank 11 | trajectory 99 of circuit 74 -- done
rank 52 | trajectory 169 of circuit 20 -- done
rank 50 | trajectory 96 of circuit 86 -- done
rank 35 | trajectory 177 of circuit 52 -- done
rank 89 | trajectory 163 of circuit 27 -- done
rank 24 | trajectory 161 of circuit 45 -- done
rank 54 | trajectory 106 of circuit 30 -- done
rank 78 | trajectory 135 of circuit 28 -- done
rank 47 | trajectory 40 of circuit 6 -- done
rank 27 | trajectory 101 of circuit 78 -- done
rank 12 | trajectory 111 of circuit 66 -- done
rank 4 | trajectory 120 of circuit 95 -- done
rank 39 | trajectory 103 of circuit 53 -- done
rank 83 | trajectory 97 of circuit 5 -- done
rank 50 | trajectory 76 of circuit 37 -- done
rank 6 | trajectory 176 of circuit 49 -- done
rank 36 | trajectory 61 of circuit 43 -- done
rank 52 | trajectory 179 of circuit 61 -- done
rank 12 | trajectory 158 of circuit 81 -- done
rank 54 | trajectory 15 of circuit 8 -- done
rank 24 | trajectory 114 of circuit 13 -- done
rank 19 | trajectory 82 of circuit 71 -- done
rank 96 | trajectory 21 of circuit 76 -- done
rank 35 | trajectory 182 of circuit 82 -- done
rank 55 | trajectory 11 of circuit 36 -- done
rank 27 | trajectory 119 of circuit 48 -- done
rank 4 | trajectory 187 of circuit 44 -- done
rank 89 | trajectory 120 of circuit 31 -- done
rank 97 | trajectory 139 of circuit 73 -- done
rank 54 | trajectory 10 of circuit 40 -- done
rank 24 | trajectory 167 of circuit 44 -- done
rank 83 | trajectory 5 of circuit 70 -- done
rank 52 | trajectory 180 of circuit 97 -- done
rank 12 | trajectory 106 of circuit 34 -- done
rank 40 | trajectory 100 of circuit 22 -- done
rank 78 | trajectory 178 of circuit 97 -- done
rank 37 | trajectory 128 of circuit 19 -- done
rank 50 | trajectory 93 of circuit 48 -- done
rank 11 | trajectory 73 of circuit 62 -- done
rank 4 | trajectory 177 of circuit 85 -- done
rank 96 | trajectory 110 of circuit 1 -- done
rank 24 | trajectory 142 of circuit 97 -- done
rank 12 | trajectory 113 of circuit 51 -- done
rank 19 | trajectory 137 of circuit 30 -- done
rank 36 | trajectory 134 of circuit 44 -- done
rank 40 | trajectory 137 of circuit 90 -- done
rank 47 | trajectory 108 of circuit 13 -- done
rank 83 | trajectory 153 of circuit 96 -- done
rank 55 | trajectory 138 of circuit 35 -- done
rank 12 | trajectory 79 of circuit 88 -- done
rank 24 | trajectory 101 of circuit 53 -- done
rank 89 | trajectory 116 of circuit 13 -- done
rank 6 | trajectory 51 of circuit 61 -- done
rank 12 | trajectory 98 of circuit 64 -- done
rank 11 | trajectory 162 of circuit 8 -- done
rank 96 | trajectory 139 of circuit 90 -- done
rank 35 | trajectory 105 of circuit 92 -- done
rank 52 | trajectory 173 of circuit 87 -- done
rank 50 | trajectory 192 of circuit 18 -- done
rank 12 | trajectory 44 of circuit 40 -- done
rank 54 | trajectory 75 of circuit 32 -- done
rank 78 | trajectory 89 of circuit 4 -- done
rank 40 | trajectory 57 of circuit 16 -- done
rank 11 | trajectory 74 of circuit 62 -- done
rank 39 | trajectory 146 of circuit 1 -- done
rank 55 | trajectory 32 of circuit 62 -- done
rank 12 | trajectory 150 of circuit 70 -- done
rank 36 | trajectory 177 of circuit 25 -- done
rank 97 | trajectory 59 of circuit 44 -- done
rank 47 | trajectory 77 of circuit 50 -- done
rank 11 | trajectory 44 of circuit 12 -- done
rank 35 | trajectory 145 of circuit 87 -- done
rank 4 | trajectory 41 of circuit 44 -- done
rank 37 | trajectory 54 of circuit 7 -- done
rank 24 | trajectory 93 of circuit 10 -- done
rank 93 | trajectory 92 of circuit 80 -- done
rank 96 | trajectory 86 of circuit 71 -- done
rank 89 | trajectory 183 of circuit 58 -- done
rank 24 | trajectory 17 of circuit 59 -- done
rank 83 | trajectory 158 of circuit 45 -- done
rank 54 | trajectory 61 of circuit 80 -- done
rank 52 | trajectory 152 of circuit 60 -- done
rank 40 | trajectory 64 of circuit 69 -- done
rank 35 | trajectory 160 of circuit 49 -- done
rank 13 | trajectory 70 of circuit 73 -- done
rank 39 | trajectory 56 of circuit 98 -- done
rank 50 | trajectory 86 of circuit 33 -- done
rank 78 | trajectory 124 of circuit 43 -- done
rank 24 | trajectory 135 of circuit 82 -- done
rank 12 | trajectory 46 of circuit 32 -- done
rank 37 | trajectory 94 of circuit 87 -- done
rank 27 | trajectory 75 of circuit 90 -- done
rank 55 | trajectory 49 of circuit 17 -- done
rank 40 | trajectory 147 of circuit 58 -- done
rank 3 | trajectory 45 of circuit 11 -- done
rank 97 | trajectory 153 of circuit 46 -- done
rank 11 | trajectory 46 of circuit 25 -- done
rank 96 | trajectory 48 of circuit 74 -- done
rank 6 | trajectory 1 of circuit 9 -- done
rank 37 | trajectory 105 of circuit 83 -- done
rank 4 | trajectory 27 of circuit 73 -- done
rank 12 | trajectory 175 of circuit 90 -- done
rank 40 | trajectory 180 of circuit 50 -- done
rank 94 | trajectory 47 of circuit 44 -- done
rank 83 | trajectory 78 of circuit 14 -- done
rank 94 | trajectory 162 of circuit 92 -- done
rank 52 | trajectory 83 of circuit 54 -- done
rank 11 | trajectory 168 of circuit 3 -- done
rank 50 | trajectory 113 of circuit 47 -- done
rank 39 | trajectory 161 of circuit 37 -- done
rank 89 | trajectory 166 of circuit 92 -- done
rank 52 | trajectory 108 of circuit 20 -- done
rank 94 | trajectory 121 of circuit 82 -- done
rank 47 | trajectory 65 of circuit 53 -- done
rank 24 | trajectory 180 of circuit 40 -- done
rank 35 | trajectory 143 of circuit 96 -- done
rank 94 | trajectory 131 of circuit 40 -- done
rank 13 | trajectory 22 of circuit 93 -- done
rank 4 | trajectory 45 of circuit 12 -- done
rank 78 | trajectory 177 of circuit 17 -- done
rank 94 | trajectory 187 of circuit 88 -- done
rank 94 | trajectory 5 of circuit 7 -- done
rank 96 | trajectory 59 of circuit 82 -- done
rank 40 | trajectory 99 of circuit 12 -- done
rank 24 | trajectory 94 of circuit 8 -- done
rank 52 | trajectory 7 of circuit 58 -- done
rank 11 | trajectory 144 of circuit 18 -- done
rank 83 | trajectory 159 of circuit 52 -- done
rank 27 | trajectory 191 of circuit 67 -- done
rank 54 | trajectory 57 of circuit 3 -- done
rank 36 | trajectory 30 of circuit 29 -- done
rank 93 | trajectory 70 of circuit 55 -- done
rank 35 | trajectory 93 of circuit 63 -- done
rank 94 | trajectory 156 of circuit 60 -- done
rank 6 | trajectory 179 of circuit 68 -- done
rank 50 | trajectory 141 of circuit 27 -- done
rank 4 | trajectory 102 of circuit 58 -- done
rank 37 | trajectory 33 of circuit 8 -- done
rank 55 | trajectory 97 of circuit 84 -- done
rank 94 | trajectory 129 of circuit 22 -- done
rank 78 | trajectory 186 of circuit 64 -- done
rank 3 | trajectory 150 of circuit 93 -- done
rank 89 | trajectory 107 of circuit 76 -- done
rank 83 | trajectory 163 of circuit 53 -- done
rank 24 | trajectory 164 of circuit 83 -- done
rank 52 | trajectory 134 of circuit 86 -- done
rank 97 | trajectory 131 of circuit 81 -- done
rank 35 | trajectory 87 of circuit 77 -- done
rank 94 | trajectory 40 of circuit 64 -- done
rank 96 | trajectory 79 of circuit 47 -- done
rank 39 | trajectory 180 of circuit 65 -- done
rank 50 | trajectory 186 of circuit 31 -- done
rank 4 | trajectory 115 of circuit 41 -- done
rank 11 | trajectory 108 of circuit 50 -- done
rank 40 | trajectory 10 of circuit 51 -- done
rank 12 | trajectory 149 of circuit 50 -- done
rank 13 | trajectory 36 of circuit 39 -- done
rank 24 | trajectory 13 of circuit 26 -- done
rank 36 | trajectory 188 of circuit 34 -- done
rank 55 | trajectory 74 of circuit 20 -- done
rank 37 | trajectory 85 of circuit 39 -- done
rank 89 | trajectory 140 of circuit 80 -- done
rank 96 | trajectory 85 of circuit 8 -- done
rank 78 | trajectory 181 of circuit 76 -- done
rank 47 | trajectory 159 of circuit 23 -- done
rank 94 | trajectory 84 of circuit 97 -- done
rank 3 | trajectory 170 of circuit 86 -- done
rank 83 | trajectory 186 of circuit 16 -- done
rank 40 | trajectory 95 of circuit 57 -- done
rank 39 | trajectory 91 of circuit 41 -- done
rank 50 | trajectory 78 of circuit 75 -- done
rank 24 | trajectory 107 of circuit 35 -- done
rank 97 | trajectory 180 of circuit 95 -- done
rank 27 | trajectory 162 of circuit 16 -- done
rank 6 | trajectory 37 of circuit 24 -- done
rank 52 | trajectory 52 of circuit 42 -- done
rank 93 | trajectory 179 of circuit 44 -- done
rank 37 | trajectory 153 of circuit 14 -- done
rank 78 | trajectory 171 of circuit 99 -- done
rank 13 | trajectory 156 of circuit 37 -- done
rank 54 | trajectory 54 of circuit 38 -- done
rank 83 | trajectory 3 of circuit 95 -- done
rank 55 | trajectory 129 of circuit 95 -- done
rank 39 | trajectory 173 of circuit 46 -- done
rank 11 | trajectory 36 of circuit 52 -- done
rank 96 | trajectory 178 of circuit 13 -- done
rank 24 | trajectory 165 of circuit 2 -- done
rank 35 | trajectory 20 of circuit 78 -- done
rank 4 | trajectory 181 of circuit 89 -- done
rank 52 | trajectory 154 of circuit 25 -- done
rank 54 | trajectory 21 of circuit 23 -- done
rank 27 | trajectory 95 of circuit 49 -- done
rank 89 | trajectory 178 of circuit 49 -- done
rank 47 | trajectory 162 of circuit 2 -- done
rank 37 | trajectory 16 of circuit 28 -- done
rank 83 | trajectory 173 of circuit 52 -- done
rank 36 | trajectory 128 of circuit 72 -- done
rank 93 | trajectory 76 of circuit 70 -- done
rank 4 | trajectory 63 of circuit 69 -- done
rank 78 | trajectory 175 of circuit 48 -- done
rank 35 | trajectory 107 of circuit 57 -- done
rank 39 | trajectory 123 of circuit 47 -- done
rank 13 | trajectory 69 of circuit 49 -- done
rank 11 | trajectory 119 of circuit 81 -- done
rank 97 | trajectory 82 of circuit 76 -- done
rank 94 | trajectory 3 of circuit 79 -- done
rank 24 | trajectory 58 of circuit 37 -- done
rank 89 | trajectory 159 of circuit 60 -- done
rank 54 | trajectory 100 of circuit 76 -- done
rank 37 | trajectory 129 of circuit 13 -- done
rank 52 | trajectory 90 of circuit 50 -- done
rank 4 | trajectory 136 of circuit 49 -- done
rank 50 | trajectory 109 of circuit 27 -- done
rank 40 | trajectory 30 of circuit 23 -- done
rank 78 | trajectory 155 of circuit 77 -- done
rank 55 | trajectory 158 of circuit 66 -- done
rank 3 | trajectory 52 of circuit 33 -- done
rank 96 | trajectory 70 of circuit 66 -- done
rank 24 | trajectory 163 of circuit 89 -- done
rank 11 | trajectory 41 of circuit 39 -- done
rank 47 | trajectory 145 of circuit 96 -- done
rank 39 | trajectory 30 of circuit 11 -- done
rank 13 | trajectory 81 of circuit 89 -- done
rank 27 | trajectory 188 of circuit 62 -- done
rank 83 | trajectory 156 of circuit 82 -- done
rank 35 | trajectory 1 of circuit 71 -- done
rank 50 | trajectory 144 of circuit 14 -- done
rank 24 | trajectory 79 of circuit 4 -- done
rank 96 | trajectory 9 of circuit 48 -- done
rank 40 | trajectory 187 of circuit 17 -- done
rank 97 | trajectory 27 of circuit 19 -- done
rank 35 | trajectory 121 of circuit 70 -- done
rank 55 | trajectory 144 of circuit 33 -- done
rank 52 | trajectory 165 of circuit 48 -- done
rank 78 | trajectory 184 of circuit 20 -- done
rank 50 | trajectory 21 of circuit 82 -- done
rank 27 | trajectory 77 of circuit 80 -- done
rank 11 | trajectory 24 of circuit 63 -- done
rank 37 | trajectory 64 of circuit 98 -- done
rank 39 | trajectory 120 of circuit 38 -- done
rank 36 | trajectory 176 of circuit 65 -- done
rank 4 | trajectory 139 of circuit 60 -- done
rank 96 | trajectory 19 of circuit 37 -- done
rank 54 | trajectory 127 of circuit 91 -- done
rank 40 | trajectory 43 of circuit 51 -- done
rank 83 | trajectory 145 of circuit 61 -- done
rank 93 | trajectory 85 of circuit 82 -- done
rank 55 | trajectory 59 of circuit 29 -- done
rank 13 | trajectory 87 of circuit 19 -- done
rank 78 | trajectory 183 of circuit 91 -- done
rank 35 | trajectory 34 of circuit 24 -- done
rank 52 | trajectory 131 of circuit 54 -- done
rank 37 | trajectory 23 of circuit 2 -- done
rank 24 | trajectory 36 of circuit 58 -- done
rank 54 | trajectory 117 of circuit 29 -- done
rank 94 | trajectory 86 of circuit 85 -- done
rank 47 | trajectory 18 of circuit 91 -- done
rank 2 | trajectory 133 of circuit 74 -- done
rank 4 | trajectory 159 of circuit 43 -- done
rank 96 | trajectory 7 of circuit 63 -- done
rank 39 | trajectory 27 of circuit 28 -- done
rank 11 | trajectory 35 of circuit 17 -- done
rank 97 | trajectory 137 of circuit 94 -- done
rank 2 | trajectory 147 of circuit 40 -- done
rank 6 | trajectory 44 of circuit 85 -- done
rank 27 | trajectory 104 of circuit 59 -- done
rank 55 | trajectory 67 of circuit 68 -- done
rank 3 | trajectory 10 of circuit 38 -- done
rank 83 | trajectory 114 of circuit 96 -- done
rank 89 | trajectory 38 of circuit 63 -- done
rank 35 | trajectory 9 of circuit 71 -- done
rank 13 | trajectory 60 of circuit 65 -- done
rank 78 | trajectory 125 of circuit 4 -- done
rank 54 | trajectory 12 of circuit 75 -- done
rank 96 | trajectory 127 of circuit 49 -- done
rank 40 | trajectory 118 of circuit 1 -- done
rank 39 | trajectory 184 of circuit 71 -- done
rank 37 | trajectory 70 of circuit 70 -- done
rank 2 | trajectory 38 of circuit 89 -- done
rank 52 | trajectory 58 of circuit 77 -- done
rank 4 | trajectory 165 of circuit 30 -- done
rank 11 | trajectory 62 of circuit 32 -- done
rank 50 | trajectory 168 of circuit 17 -- done
rank 93 | trajectory 96 of circuit 77 -- done
rank 24 | trajectory 102 of circuit 8 -- done
rank 55 | trajectory 66 of circuit 74 -- done
rank 11 | trajectory 3 of circuit 12 -- done
rank 47 | trajectory 52 of circuit 25 -- done
rank 52 | trajectory 120 of circuit 10 -- done
rank 4 | trajectory 163 of circuit 15 -- done
rank 97 | trajectory 146 of circuit 95 -- done
rank 11 | trajectory 131 of circuit 96 -- done
rank 54 | trajectory 8 of circuit 51 -- done
rank 36 | trajectory 39 of circuit 79 -- done
rank 35 | trajectory 162 of circuit 9 -- done
rank 24 | trajectory 51 of circuit 87 -- done
rank 96 | trajectory 57 of circuit 97 -- done
rank 78 | trajectory 105 of circuit 52 -- done
rank 3 | trajectory 168 of circuit 4 -- done
rank 52 | trajectory 143 of circuit 2 -- done
rank 2 | trajectory 129 of circuit 19 -- done
rank 13 | trajectory 68 of circuit 62 -- done
rank 39 | trajectory 157 of circuit 16 -- done
rank 6 | trajectory 160 of circuit 58 -- done
rank 55 | trajectory 2 of circuit 96 -- done
rank 93 | trajectory 128 of circuit 70 -- done
rank 40 | trajectory 108 of circuit 28 -- done
rank 2 | trajectory 176 of circuit 90 -- done
rank 4 | trajectory 151 of circuit 10 -- done
rank 50 | trajectory 45 of circuit 66 -- done
rank 27 | trajectory 53 of circuit 71 -- done
rank 52 | trajectory 151 of circuit 5 -- done
rank 97 | trajectory 128 of circuit 60 -- done
rank 36 | trajectory 12 of circuit 31 -- done
rank 13 | trajectory 48 of circuit 16 -- done
rank 24 | trajectory 146 of circuit 38 -- done
rank 54 | trajectory 94 of circuit 59 -- done
rank 35 | trajectory 63 of circuit 16 -- done
rank 11 | trajectory 177 of circuit 6 -- done
rank 4 | trajectory 109 of circuit 44 -- done
rank 83 | trajectory 174 of circuit 41 -- done
rank 39 | trajectory 11 of circuit 7 -- done
rank 47 | trajectory 88 of circuit 68 -- done
rank 52 | trajectory 128 of circuit 99 -- done
rank 37 | trajectory 97 of circuit 95 -- done
rank 40 | trajectory 141 of circuit 58 -- done
rank 55 | trajectory 151 of circuit 70 -- done
rank 6 | trajectory 154 of circuit 10 -- done
rank 93 | trajectory 184 of circuit 14 -- done
rank 78 | trajectory 66 of circuit 50 -- done
rank 27 | trajectory 145 of circuit 39 -- done
rank 13 | trajectory 44 of circuit 81 -- done
rank 2 | trajectory 163 of circuit 13 -- done
rank 54 | trajectory 23 of circuit 65 -- done
rank 35 | trajectory 6 of circuit 5 -- done
rank 52 | trajectory 150 of circuit 61 -- done
rank 83 | trajectory 74 of circuit 44 -- done
rank 4 | trajectory 188 of circuit 39 -- done
rank 55 | trajectory 145 of circuit 46 -- done
rank 97 | trajectory 64 of circuit 55 -- done
rank 37 | trajectory 42 of circuit 80 -- done
rank 3 | trajectory 85 of circuit 73 -- done
rank 11 | trajectory 187 of circuit 89 -- done
rank 2 | trajectory 5 of circuit 68 -- done
rank 24 | trajectory 175 of circuit 29 -- done
rank 13 | trajectory 21 of circuit 83 -- done
rank 39 | trajectory 135 of circuit 53 -- done
rank 36 | trajectory 142 of circuit 36 -- done
rank 4 | trajectory 180 of circuit 96 -- done
rank 83 | trajectory 37 of circuit 42 -- done
rank 93 | trajectory 75 of circuit 38 -- done
rank 6 | trajectory 158 of circuit 49 -- done
rank 2 | trajectory 103 of circuit 9 -- done
rank 54 | trajectory 143 of circuit 72 -- done
rank 55 | trajectory 82 of circuit 88 -- done
rank 35 | trajectory 92 of circuit 82 -- done
rank 47 | trajectory 51 of circuit 47 -- done
rank 24 | trajectory 186 of circuit 18 -- done
rank 4 | trajectory 169 of circuit 84 -- done
rank 37 | trajectory 43 of circuit 76 -- done
rank 35 | trajectory 10 of circuit 58 -- done
rank 54 | trajectory 56 of circuit 11 -- done
rank 2 | trajectory 140 of circuit 47 -- done
rank 50 | trajectory 160 of circuit 30 -- done
rank 13 | trajectory 33 of circuit 58 -- done
rank 35 | trajectory 95 of circuit 87 -- done
rank 83 | trajectory 125 of circuit 43 -- done
rank 11 | trajectory 39 of circuit 28 -- done
rank 55 | trajectory 165 of circuit 63 -- done
rank 4 | trajectory 105 of circuit 89 -- done
rank 94 | trajectory 114 of circuit 78 -- done
rank 96 | trajectory 13 of circuit 50 -- done
rank 27 | trajectory 192 of circuit 76 -- done
rank 3 | trajectory 93 of circuit 62 -- done
rank 54 | trajectory 88 of circuit 63 -- done
rank 35 | trajectory 8 of circuit 40 -- done
rank 78 | trajectory 126 of circuit 88 -- done
rank 36 | trajectory 88 of circuit 4 -- done
rank 11 | trajectory 150 of circuit 75 -- done
rank 83 | trajectory 132 of circuit 12 -- done
rank 97 | trajectory 85 of circuit 74 -- done
rank 11 | trajectory 163 of circuit 76 -- done
rank 6 | trajectory 145 of circuit 19 -- done
rank 37 | trajectory 116 of circuit 51 -- done
rank 2 | trajectory 174 of circuit 49 -- done
rank 13 | trajectory 29 of circuit 7 -- done
rank 52 | trajectory 81 of circuit 16 -- done
rank 47 | trajectory 27 of circuit 49 -- done
rank 39 | trajectory 115 of circuit 37 -- done
rank 11 | trajectory 130 of circuit 92 -- done
rank 4 | trajectory 81 of circuit 65 -- done
rank 78 | trajectory 113 of circuit 16 -- done
rank 93 | trajectory 8 of circuit 46 -- done
rank 3 | trajectory 43 of circuit 4 -- done
rank 55 | trajectory 133 of circuit 70 -- done
rank 50 | trajectory 107 of circuit 68 -- done
rank 52 | trajectory 141 of circuit 98 -- done
rank 35 | trajectory 31 of circuit 83 -- done
rank 11 | trajectory 91 of circuit 36 -- done
rank 96 | trajectory 160 of circuit 1 -- done
rank 4 | trajectory 126 of circuit 38 -- done
rank 54 | trajectory 191 of circuit 14 -- done
rank 27 | trajectory 149 of circuit 52 -- done
rank 13 | trajectory 115 of circuit 80 -- done
rank 37 | trajectory 48 of circuit 20 -- done
rank 4 | trajectory 176 of circuit 39 -- done
rank 97 | trajectory 48 of circuit 56 -- done
rank 50 | trajectory 40 of circuit 40 -- done
rank 2 | trajectory 109 of circuit 67 -- done
rank 35 | trajectory 27 of circuit 31 -- done
rank 78 | trajectory 58 of circuit 94 -- done
rank 24 | trajectory 54 of circuit 42 -- done
rank 47 | trajectory 24 of circuit 68 -- done
rank 55 | trajectory 17 of circuit 49 -- done
rank 27 | trajectory 106 of circuit 40 -- done
rank 96 | trajectory 105 of circuit 43 -- done
rank 93 | trajectory 112 of circuit 55 -- done
rank 54 | trajectory 79 of circuit 83 -- done
rank 4 | trajectory 36 of circuit 86 -- done
rank 37 | trajectory 18 of circuit 98 -- done
rank 39 | trajectory 132 of circuit 92 -- done
rank 94 | trajectory 48 of circuit 25 -- done
rank 3 | trajectory 169 of circuit 22 -- done
rank 35 | trajectory 69 of circuit 55 -- done
rank 37 | trajectory 1 of circuit 28 -- done
rank 96 | trajectory 61 of circuit 18 -- done
rank 52 | trajectory 174 of circuit 64 -- done
rank 6 | trajectory 29 of circuit 87 -- done
rank 11 | trajectory 169 of circuit 95 -- done
rank 52 | trajectory 93 of circuit 11 -- done
rank 83 | trajectory 150 of circuit 33 -- done
rank 13 | trajectory 23 of circuit 47 -- done
rank 27 | trajectory 33 of circuit 91 -- done
rank 47 | trajectory 39 of circuit 1 -- done
rank 39 | trajectory 140 of circuit 3 -- done
rank 97 | trajectory 162 of circuit 95 -- done
rank 37 | trajectory 75 of circuit 91 -- done
rank 93 | trajectory 181 of circuit 24 -- done
rank 35 | trajectory 94 of circuit 17 -- done
rank 78 | trajectory 47 of circuit 89 -- done
rank 50 | trajectory 22 of circuit 1 -- done
rank 11 | trajectory 103 of circuit 33 -- done
rank 55 | trajectory 98 of circuit 44 -- done
rank 4 | trajectory 171 of circuit 85 -- done
rank 96 | trajectory 146 of circuit 82 -- done
rank 83 | trajectory 100 of circuit 41 -- done
rank 27 | trajectory 150 of circuit 2 -- done
rank 50 | trajectory 135 of circuit 46 -- done
rank 3 | trajectory 53 of circuit 13 -- done
rank 52 | trajectory 158 of circuit 42 -- done
rank 27 | trajectory 111 of circuit 1 -- done
rank 35 | trajectory 5 of circuit 31 -- done
rank 85 | trajectory 187 of circuit 58 -- done
rank 47 | trajectory 43 of circuit 28 -- done
rank 78 | trajectory 77 of circuit 69 -- done
rank 35 | trajectory 102 of circuit 20 -- done
rank 13 | trajectory 8 of circuit 60 -- done
rank 6 | trajectory 77 of circuit 53 -- done
rank 93 | trajectory 13 of circuit 94 -- done
rank 55 | trajectory 40 of circuit 35 -- done
rank 52 | trajectory 55 of circuit 13 -- done
rank 37 | trajectory 71 of circuit 32 -- done
rank 11 | trajectory 95 of circuit 86 -- done
rank 39 | trajectory 136 of circuit 58 -- done
rank 83 | trajectory 157 of circuit 85 -- done
rank 3 | trajectory 6 of circuit 98 -- done
rank 50 | trajectory 26 of circuit 51 -- done
rank 97 | trajectory 190 of circuit 67 -- done
rank 96 | trajectory 67 of circuit 41 -- done
rank 27 | trajectory 173 of circuit 12 -- done
rank 4 | trajectory 122 of circuit 80 -- done
rank 78 | trajectory 132 of circuit 17 -- done
rank 85 | trajectory 73 of circuit 71 -- done
rank 55 | trajectory 142 of circuit 65 -- done
rank 96 | trajectory 68 of circuit 8 -- done
rank 52 | trajectory 191 of circuit 61 -- done
rank 13 | trajectory 4 of circuit 75 -- done
rank 83 | trajectory 121 of circuit 97 -- done
rank 4 | trajectory 125 of circuit 92 -- done
rank 27 | trajectory 46 of circuit 15 -- done
rank 54 | trajectory 123 of circuit 29 -- done
rank 47 | trajectory 155 of circuit 64 -- done
rank 3 | trajectory 160 of circuit 32 -- done
rank 11 | trajectory 50 of circuit 45 -- done
rank 35 | trajectory 186 of circuit 13 -- done
rank 39 | trajectory 41 of circuit 69 -- done
rank 6 | trajectory 97 of circuit 76 -- done
rank 4 | trajectory 49 of circuit 35 -- done
rank 69 | trajectory 39 of circuit 72 -- done
rank 83 | trajectory 17 of circuit 95 -- done
rank 96 | trajectory 25 of circuit 88 -- done
rank 93 | trajectory 78 of circuit 100 -- done
rank 52 | trajectory 153 of circuit 28 -- done
rank 27 | trajectory 121 of circuit 52 -- done
rank 50 | trajectory 46 of circuit 53 -- done
rank 11 | trajectory 71 of circuit 94 -- done
rank 85 | trajectory 2 of circuit 6 -- done
rank 36 | trajectory 22 of circuit 24 -- done
rank 96 | trajectory 69 of circuit 93 -- done
rank 13 | trajectory 155 of circuit 44 -- done
rank 4 | trajectory 156 of circuit 77 -- done
rank 83 | trajectory 94 of circuit 78 -- done
rank 78 | trajectory 80 of circuit 17 -- done
rank 97 | trajectory 62 of circuit 35 -- done
rank 55 | trajectory 26 of circuit 29 -- done
rank 6 | trajectory 66 of circuit 72 -- done
rank 82 | trajectory 38 of circuit 85 -- done
rank 93 | trajectory 5 of circuit 23 -- done
rank 54 | trajectory 90 of circuit 17 -- done
rank 37 | trajectory 76 of circuit 55 -- done
rank 52 | trajectory 12 of circuit 73 -- done
rank 82 | trajectory 82 of circuit 39 -- done
rank 96 | trajectory 66 of circuit 11 -- done
rank 85 | trajectory 41 of circuit 35 -- done
rank 47 | trajectory 60 of circuit 44 -- done
rank 83 | trajectory 92 of circuit 11 -- done
rank 55 | trajectory 94 of circuit 24 -- done
rank 4 | trajectory 124 of circuit 38 -- done
rank 36 | trajectory 3 of circuit 55 -- done
rank 13 | trajectory 80 of circuit 91 -- done
rank 78 | trajectory 24 of circuit 43 -- done
rank 69 | trajectory 144 of circuit 51 -- done
rank 50 | trajectory 92 of circuit 68 -- done
rank 39 | trajectory 145 of circuit 78 -- done
rank 4 | trajectory 157 of circuit 78 -- done
rank 3 | trajectory 15 of circuit 96 -- done
rank 55 | trajectory 130 of circuit 44 -- done
rank 51 | trajectory 159 of circuit 79 -- done
rank 52 | trajectory 160 of circuit 56 -- done
rank 35 | trajectory 131 of circuit 37 -- done
rank 96 | trajectory 72 of circuit 29 -- done
rank 4 | trajectory 52 of circuit 56 -- done
rank 82 | trajectory 192 of circuit 3 -- done
rank 97 | trajectory 187 of circuit 47 -- done
rank 6 | trajectory 129 of circuit 63 -- done
rank 78 | trajectory 98 of circuit 38 -- done
rank 94 | trajectory 67 of circuit 87 -- done
rank 35 | trajectory 52 of circuit 38 -- done
rank 85 | trajectory 67 of circuit 21 -- done
rank 37 | trajectory 108 of circuit 85 -- done
rank 93 | trajectory 3 of circuit 61 -- done
rank 11 | trajectory 181 of circuit 47 -- done
rank 36 | trajectory 129 of circuit 44 -- done
rank 47 | trajectory 61 of circuit 53 -- done
rank 4 | trajectory 130 of circuit 6 -- done
rank 54 | trajectory 118 of circuit 74 -- done
rank 51 | trajectory 157 of circuit 56 -- done
rank 50 | trajectory 75 of circuit 53 -- done
rank 55 | trajectory 101 of circuit 20 -- done
rank 13 | trajectory 113 of circuit 89 -- done
rank 27 | trajectory 8 of circuit 69 -- done
rank 69 | trajectory 20 of circuit 19 -- done
rank 96 | trajectory 42 of circuit 88 -- done
rank 37 | trajectory 121 of circuit 4 -- done
rank 83 | trajectory 187 of circuit 68 -- done
rank 78 | trajectory 76 of circuit 19 -- done
rank 39 | trajectory 39 of circuit 90 -- done
rank 55 | trajectory 141 of circuit 66 -- done
rank 96 | trajectory 2 of circuit 71 -- done
rank 83 | trajectory 93 of circuit 26 -- done
rank 27 | trajectory 36 of circuit 14 -- done
rank 4 | trajectory 121 of circuit 76 -- done
rank 54 | trajectory 80 of circuit 98 -- done
rank 97 | trajectory 4 of circuit 34 -- done
rank 93 | trajectory 18 of circuit 82 -- done
rank 83 | trajectory 179 of circuit 2 -- done
rank 78 | trajectory 103 of circuit 78 -- done
rank 39 | trajectory 117 of circuit 55 -- done
rank 55 | trajectory 60 of circuit 88 -- done
rank 11 | trajectory 133 of circuit 28 -- done
rank 50 | trajectory 140 of circuit 8 -- done
rank 96 | trajectory 169 of circuit 80 -- done
rank 82 | trajectory 134 of circuit 62 -- done
rank 83 | trajectory 130 of circuit 26 -- done
rank 85 | trajectory 43 of circuit 43 -- done
rank 13 | trajectory 63 of circuit 41 -- done
rank 37 | trajectory 191 of circuit 13 -- done
rank 51 | trajectory 162 of circuit 64 -- done
rank 69 | trajectory 128 of circuit 28 -- done
rank 50 | trajectory 190 of circuit 78 -- done
rank 4 | trajectory 166 of circuit 14 -- done
rank 6 | trajectory 133 of circuit 51 -- done
rank 93 | trajectory 46 of circuit 3 -- done
rank 11 | trajectory 128 of circuit 57 -- done
rank 94 | trajectory 96 of circuit 64 -- done
rank 39 | trajectory 68 of circuit 53 -- done
rank 3 | trajectory 78 of circuit 77 -- done
rank 27 | trajectory 126 of circuit 23 -- done
rank 54 | trajectory 1 of circuit 100 -- done
rank 36 | trajectory 136 of circuit 32 -- done
rank 4 | trajectory 33 of circuit 4 -- done
rank 96 | trajectory 81 of circuit 90 -- done
rank 83 | trajectory 54 of circuit 26 -- done
rank 97 | trajectory 127 of circuit 98 -- done
rank 51 | trajectory 144 of circuit 53 -- done
rank 78 | trajectory 70 of circuit 26 -- done
rank 69 | trajectory 98 of circuit 79 -- done
rank 39 | trajectory 159 of circuit 35 -- done
rank 96 | trajectory 5 of circuit 1 -- done
rank 55 | trajectory 114 of circuit 53 -- done
rank 54 | trajectory 71 of circuit 19 -- done
rank 13 | trajectory 172 of circuit 6 -- done
rank 4 | trajectory 31 of circuit 65 -- done
rank 85 | trajectory 12 of circuit 57 -- done
rank 93 | trajectory 63 of circuit 88 -- done
rank 6 | trajectory 168 of circuit 74 -- done
rank 50 | trajectory 64 of circuit 38 -- done
rank 4 | trajectory 112 of circuit 71 -- done
rank 51 | trajectory 49 of circuit 67 -- done
rank 78 | trajectory 190 of circuit 63 -- done
rank 3 | trajectory 140 of circuit 27 -- done
rank 36 | trajectory 146 of circuit 73 -- done
rank 54 | trajectory 155 of circuit 29 -- done
rank 55 | trajectory 174 of circuit 60 -- done
rank 37 | trajectory 34 of circuit 66 -- done
rank 83 | trajectory 62 of circuit 16 -- done
rank 11 | trajectory 19 of circuit 30 -- done
rank 4 | trajectory 19 of circuit 86 -- done
rank 27 | trajectory 139 of circuit 74 -- done
rank 82 | trajectory 49 of circuit 63 -- done
rank 83 | trajectory 39 of circuit 76 -- done
rank 50 | trajectory 103 of circuit 51 -- done
rank 37 | trajectory 78 of circuit 78 -- done
rank 96 | trajectory 176 of circuit 18 -- done
rank 27 | trajectory 186 of circuit 35 -- done
rank 97 | trajectory 123 of circuit 39 -- done
rank 39 | trajectory 87 of circuit 42 -- done
rank 96 | trajectory 27 of circuit 37 -- done
rank 27 | trajectory 66 of circuit 24 -- done
rank 93 | trajectory 155 of circuit 3 -- done
rank 69 | trajectory 115 of circuit 21 -- done
rank 13 | trajectory 51 of circuit 88 -- done
rank 83 | trajectory 73 of circuit 44 -- done
rank 36 | trajectory 51 of circuit 29 -- done
rank 4 | trajectory 82 of circuit 17 -- done
rank 94 | trajectory 179 of circuit 12 -- done
rank 85 | trajectory 83 of circuit 94 -- done
rank 50 | trajectory 15 of circuit 45 -- done
rank 27 | trajectory 132 of circuit 13 -- done
rank 6 | trajectory 167 of circuit 64 -- done
rank 4 | trajectory 74 of circuit 24 -- done
rank 11 | trajectory 2 of circuit 66 -- done
rank 51 | trajectory 27 of circuit 93 -- done
rank 82 | trajectory 11 of circuit 20 -- done
rank 37 | trajectory 84 of circuit 20 -- done
rank 96 | trajectory 39 of circuit 61 -- done
rank 54 | trajectory 101 of circuit 37 -- done
rank 3 | trajectory 114 of circuit 57 -- done
rank 78 | trajectory 67 of circuit 13 -- done
rank 13 | trajectory 9 of circuit 42 -- done
rank 69 | trajectory 95 of circuit 36 -- done
rank 50 | trajectory 53 of circuit 78 -- done
rank 83 | trajectory 180 of circuit 92 -- done
rank 4 | trajectory 101 of circuit 35 -- done
rank 96 | trajectory 35 of circuit 44 -- done
rank 97 | trajectory 138 of circuit 8 -- done
rank 36 | trajectory 186 of circuit 85 -- done
rank 27 | trajectory 136 of circuit 92 -- done
rank 60 | trajectory 151 of circuit 31 -- done
rank 3 | trajectory 26 of circuit 84 -- done
rank 39 | trajectory 168 of circuit 88 -- done
rank 85 | trajectory 29 of circuit 84 -- done
rank 54 | trajectory 3 of circuit 94 -- done
rank 78 | trajectory 174 of circuit 51 -- done
rank 93 | trajectory 160 of circuit 64 -- done
rank 37 | trajectory 5 of circuit 90 -- done
rank 94 | trajectory 178 of circuit 63 -- done
rank 13 | trajectory 132 of circuit 43 -- done
rank 82 | trajectory 106 of circuit 20 -- done
rank 11 | trajectory 146 of circuit 2 -- done
rank 6 | trajectory 186 of circuit 71 -- done
rank 67 | trajectory 68 of circuit 91 -- done
rank 83 | trajectory 108 of circuit 15 -- done
rank 50 | trajectory 31 of circuit 30 -- done
rank 51 | trajectory 131 of circuit 12 -- done
rank 97 | trajectory 29 of circuit 15 -- done
rank 85 | trajectory 21 of circuit 52 -- done
rank 60 | trajectory 14 of circuit 44 -- done
rank 27 | trajectory 48 of circuit 87 -- done
rank 55 | trajectory 96 of circuit 50 -- done
rank 96 | trajectory 53 of circuit 74 -- done
rank 82 | trajectory 157 of circuit 61 -- done
rank 37 | trajectory 171 of circuit 80 -- done
rank 93 | trajectory 177 of circuit 20 -- done
rank 96 | trajectory 14 of circuit 83 -- done
rank 50 | trajectory 49 of circuit 85 -- done
rank 13 | trajectory 89 of circuit 47 -- done
rank 78 | trajectory 33 of circuit 16 -- done
rank 69 | trajectory 156 of circuit 90 -- done
rank 54 | trajectory 6 of circuit 23 -- done
rank 83 | trajectory 112 of circuit 21 -- done
rank 67 | trajectory 176 of circuit 86 -- done
rank 82 | trajectory 178 of circuit 77 -- done
rank 27 | trajectory 108 of circuit 35 -- done
rank 36 | trajectory 130 of circuit 65 -- done
rank 6 | trajectory 60 of circuit 95 -- done
rank 96 | trajectory 56 of circuit 67 -- done
rank 55 | trajectory 88 of circuit 52 -- done
rank 50 | trajectory 121 of circuit 55 -- done
rank 96 | trajectory 10 of circuit 43 -- done
rank 37 | trajectory 81 of circuit 34 -- done
rank 85 | trajectory 140 of circuit 48 -- done
rank 55 | trajectory 149 of circuit 5 -- done
rank 93 | trajectory 60 of circuit 85 -- done
rank 54 | trajectory 112 of circuit 42 -- done
rank 96 | trajectory 75 of circuit 50 -- done
rank 82 | trajectory 171 of circuit 81 -- done
rank 51 | trajectory 3 of circuit 6 -- done
rank 13 | trajectory 181 of circuit 91 -- done
rank 96 | trajectory 54 of circuit 48 -- done
rank 1 | trajectory 35 of circuit 51 -- done
rank 39 | trajectory 144 of circuit 58 -- done
rank 69 | trajectory 157 of circuit 80 -- done
rank 54 | trajectory 11 of circuit 77 -- done
rank 36 | trajectory 2 of circuit 59 -- done
rank 67 | trajectory 124 of circuit 92 -- done
rank 78 | trajectory 112 of circuit 98 -- done
rank 6 | trajectory 16 of circuit 5 -- done
rank 60 | trajectory 93 of circuit 6 -- done
rank 96 | trajectory 192 of circuit 88 -- done
rank 82 | trajectory 42 of circuit 64 -- done
rank 27 | trajectory 114 of circuit 77 -- done
rank 96 | trajectory 80 of circuit 58 -- done
rank 83 | trajectory 48 of circuit 5 -- done
rank 55 | trajectory 15 of circuit 88 -- done
rank 1 | trajectory 124 of circuit 60 -- done
rank 97 | trajectory 17 of circuit 9 -- done
rank 85 | trajectory 32 of circuit 78 -- done
rank 13 | trajectory 187 of circuit 29 -- done
rank 50 | trajectory 181 of circuit 99 -- done
rank 51 | trajectory 164 of circuit 1 -- done
rank 93 | trajectory 33 of circuit 36 -- done
rank 39 | trajectory 84 of circuit 24 -- done
rank 83 | trajectory 60 of circuit 87 -- done
rank 54 | trajectory 189 of circuit 2 -- done
rank 1 | trajectory 91 of circuit 30 -- done
rank 82 | trajectory 124 of circuit 91 -- done
rank 55 | trajectory 137 of circuit 82 -- done
rank 78 | trajectory 168 of circuit 96 -- done
rank 69 | trajectory 174 of circuit 12 -- done
rank 37 | trajectory 124 of circuit 79 -- done
rank 36 | trajectory 141 of circuit 93 -- done
rank 83 | trajectory 104 of circuit 56 -- done
rank 67 | trajectory 14 of circuit 21 -- done
rank 54 | trajectory 98 of circuit 5 -- done
rank 50 | trajectory 50 of circuit 91 -- done
rank 13 | trajectory 142 of circuit 53 -- done
rank 55 | trajectory 118 of circuit 52 -- done
rank 93 | trajectory 185 of circuit 71 -- done
rank 96 | trajectory 55 of circuit 48 -- done
rank 1 | trajectory 115 of circuit 81 -- done
rank 54 | trajectory 120 of circuit 77 -- done
rank 51 | trajectory 92 of circuit 77 -- done
rank 39 | trajectory 83 of circuit 55 -- done
rank 83 | trajectory 41 of circuit 67 -- done
rank 82 | trajectory 96 of circuit 53 -- done
rank 6 | trajectory 187 of circuit 1 -- done
rank 97 | trajectory 110 of circuit 50 -- done
rank 78 | trajectory 147 of circuit 3 -- done
rank 55 | trajectory 7 of circuit 92 -- done
rank 50 | trajectory 153 of circuit 91 -- done
rank 69 | trajectory 186 of circuit 98 -- done
rank 54 | trajectory 48 of circuit 77 -- done
rank 96 | trajectory 45 of circuit 1 -- done
rank 1 | trajectory 154 of circuit 78 -- done
rank 39 | trajectory 31 of circuit 42 -- done
rank 27 | trajectory 171 of circuit 27 -- done
rank 83 | trajectory 116 of circuit 69 -- done
rank 60 | trajectory 192 of circuit 13 -- done
rank 36 | trajectory 43 of circuit 66 -- done
rank 54 | trajectory 53 of circuit 95 -- done
rank 85 | trajectory 177 of circuit 21 -- done
rank 50 | trajectory 35 of circuit 80 -- done
rank 3 | trajectory 29 of circuit 36 -- done
rank 93 | trajectory 119 of circuit 89 -- done
rank 55 | trajectory 3 of circuit 35 -- done
rank 82 | trajectory 37 of circuit 38 -- done
rank 6 | trajectory 15 of circuit 54 -- done
rank 39 | trajectory 138 of circuit 98 -- done
rank 1 | trajectory 52 of circuit 13 -- done
rank 50 | trajectory 39 of circuit 33 -- done
rank 13 | trajectory 10 of circuit 54 -- done
rank 27 | trajectory 84 of circuit 54 -- done
rank 83 | trajectory 84 of circuit 29 -- done
rank 78 | trajectory 108 of circuit 16 -- done
rank 96 | trajectory 154 of circuit 59 -- done
rank 69 | trajectory 10 of circuit 60 -- done
rank 37 | trajectory 55 of circuit 62 -- done
rank 6 | trajectory 131 of circuit 87 -- done
rank 67 | trajectory 41 of circuit 31 -- done
rank 55 | trajectory 56 of circuit 31 -- done
rank 97 | trajectory 90 of circuit 15 -- done
rank 27 | trajectory 65 of circuit 21 -- done
rank 55 | trajectory 76 of circuit 30 -- done
rank 82 | trajectory 167 of circuit 52 -- done
rank 96 | trajectory 100 of circuit 89 -- done
rank 1 | trajectory 135 of circuit 48 -- done
rank 51 | trajectory 15 of circuit 92 -- done
rank 83 | trajectory 45 of circuit 87 -- done
rank 39 | trajectory 90 of circuit 63 -- done
rank 13 | trajectory 28 of circuit 64 -- done
rank 78 | trajectory 41 of circuit 47 -- done
rank 93 | trajectory 151 of circuit 16 -- done
rank 3 | trajectory 149 of circuit 54 -- done
rank 55 | trajectory 28 of circuit 3 -- done
rank 6 | trajectory 173 of circuit 57 -- done
rank 69 | trajectory 122 of circuit 65 -- done
rank 27 | trajectory 70 of circuit 86 -- done
rank 85 | trajectory 56 of circuit 21 -- done
rank 67 | trajectory 54 of circuit 17 -- done
rank 37 | trajectory 20 of circuit 86 -- done
rank 60 | trajectory 127 of circuit 92 -- done
rank 50 | trajectory 20 of circuit 1 -- done
rank 1 | trajectory 122 of circuit 46 -- done
rank 96 | trajectory 44 of circuit 20 -- done
rank 78 | trajectory 94 of circuit 94 -- done
rank 3 | trajectory 155 of circuit 91 -- done
rank 93 | trajectory 156 of circuit 76 -- done
rank 1 | trajectory 66 of circuit 9 -- done
rank 6 | trajectory 139 of circuit 81 -- done
rank 97 | trajectory 75 of circuit 29 -- done
rank 50 | trajectory 18 of circuit 13 -- done
rank 82 | trajectory 81 of circuit 25 -- done
rank 55 | trajectory 78 of circuit 54 -- done
rank 27 | trajectory 120 of circuit 46 -- done
rank 69 | trajectory 25 of circuit 28 -- done
rank 1 | trajectory 41 of circuit 30 -- done
rank 85 | trajectory 23 of circuit 98 -- done
rank 3 | trajectory 102 of circuit 29 -- done
rank 67 | trajectory 169 of circuit 54 -- done
rank 55 | trajectory 111 of circuit 47 -- done
rank 78 | trajectory 36 of circuit 97 -- done
rank 96 | trajectory 151 of circuit 30 -- done
rank 82 | trajectory 17 of circuit 64 -- done
rank 37 | trajectory 45 of circuit 10 -- done
rank 50 | trajectory 70 of circuit 99 -- done
rank 60 | trajectory 156 of circuit 92 -- done
rank 13 | trajectory 103 of circuit 35 -- done
rank 83 | trajectory 183 of circuit 81 -- done
rank 1 | trajectory 59 of circuit 31 -- done
rank 93 | trajectory 168 of circuit 76 -- done
rank 55 | trajectory 72 of circuit 36 -- done
rank 50 | trajectory 7 of circuit 16 -- done
rank 54 | trajectory 103 of circuit 28 -- done
rank 78 | trajectory 83 of circuit 8 -- done
rank 3 | trajectory 119 of circuit 12 -- done
rank 37 | trajectory 4 of circuit 1 -- done
rank 55 | trajectory 132 of circuit 77 -- done
rank 85 | trajectory 57 of circuit 58 -- done
rank 82 | trajectory 61 of circuit 78 -- done
rank 78 | trajectory 149 of circuit 96 -- done
rank 1 | trajectory 64 of circuit 3 -- done
rank 50 | trajectory 72 of circuit 34 -- done
rank 69 | trajectory 77 of circuit 48 -- done
rank 51 | trajectory 67 of circuit 31 -- done
rank 67 | trajectory 190 of circuit 29 -- done
rank 13 | trajectory 102 of circuit 35 -- done
rank 83 | trajectory 135 of circuit 30 -- done
rank 39 | trajectory 78 of circuit 85 -- done
rank 82 | trajectory 150 of circuit 31 -- done
rank 93 | trajectory 159 of circuit 39 -- done
rank 50 | trajectory 90 of circuit 38 -- done
rank 54 | trajectory 72 of circuit 80 -- done
rank 83 | trajectory 123 of circuit 59 -- done
rank 6 | trajectory 124 of circuit 100 -- done
rank 78 | trajectory 138 of circuit 65 -- done
rank 50 | trajectory 69 of circuit 31 -- done
rank 54 | trajectory 86 of circuit 14 -- done
rank 37 | trajectory 25 of circuit 65 -- done
rank 60 | trajectory 7 of circuit 19 -- done
rank 3 | trajectory 41 of circuit 23 -- done
rank 39 | trajectory 118 of circuit 70 -- done
rank 93 | trajectory 27 of circuit 34 -- done
rank 55 | trajectory 150 of circuit 5 -- done
rank 82 | trajectory 24 of circuit 7 -- done
rank 69 | trajectory 6 of circuit 52 -- done
rank 67 | trajectory 70 of circuit 47 -- done
rank 54 | trajectory 25 of circuit 69 -- done
rank 13 | trajectory 6 of circuit 54 -- done
rank 50 | trajectory 88 of circuit 70 -- done
rank 6 | trajectory 116 of circuit 68 -- done
rank 1 | trajectory 13 of circuit 89 -- done
rank 78 | trajectory 62 of circuit 88 -- done
rank 37 | trajectory 140 of circuit 13 -- done
rank 60 | trajectory 82 of circuit 48 -- done
rank 46 | trajectory 25 of circuit 81 -- done
rank 39 | trajectory 102 of circuit 65 -- done
rank 85 | trajectory 162 of circuit 23 -- done
rank 51 | trajectory 93 of circuit 34 -- done
rank 54 | trajectory 30 of circuit 91 -- done
rank 93 | trajectory 93 of circuit 21 -- done
rank 1 | trajectory 57 of circuit 88 -- done
rank 67 | trajectory 160 of circuit 9 -- done
rank 78 | trajectory 158 of circuit 38 -- done
rank 3 | trajectory 42 of circuit 49 -- done
rank 55 | trajectory 5 of circuit 99 -- done
rank 69 | trajectory 23 of circuit 52 -- done
rank 39 | trajectory 20 of circuit 53 -- done
rank 6 | trajectory 191 of circuit 52 -- done
rank 46 | trajectory 24 of circuit 54 -- done
rank 78 | trajectory 145 of circuit 10 -- done
rank 82 | trajectory 68 of circuit 37 -- done
rank 50 | trajectory 11 of circuit 3 -- done
rank 78 | trajectory 128 of circuit 4 -- done
rank 13 | trajectory 146 of circuit 68 -- done
rank 54 | trajectory 29 of circuit 65 -- done
rank 67 | trajectory 185 of circuit 30 -- done
rank 46 | trajectory 14 of circuit 93 -- done
rank 55 | trajectory 12 of circuit 4 -- done
rank 60 | trajectory 129 of circuit 12 -- done
rank 6 | trajectory 98 of circuit 43 -- done
rank 1 | trajectory 78 of circuit 67 -- done
rank 3 | trajectory 92 of circuit 59 -- done
rank 69 | trajectory 163 of circuit 65 -- done
rank 93 | trajectory 126 of circuit 71 -- done
rank 85 | trajectory 133 of circuit 55 -- done
rank 54 | trajectory 16 of circuit 18 -- done
rank 13 | trajectory 134 of circuit 23 -- done
rank 78 | trajectory 133 of circuit 42 -- done
rank 39 | trajectory 88 of circuit 55 -- done
rank 46 | trajectory 13 of circuit 36 -- done
rank 1 | trajectory 38 of circuit 82 -- done
rank 78 | trajectory 122 of circuit 29 -- done
rank 82 | trajectory 137 of circuit 54 -- done
rank 6 | trajectory 5 of circuit 92 -- done
rank 1 | trajectory 158 of circuit 88 -- done
rank 78 | trajectory 8 of circuit 65 -- done
rank 93 | trajectory 166 of circuit 90 -- done
rank 37 | trajectory 47 of circuit 50 -- done
rank 60 | trajectory 174 of circuit 22 -- done
rank 67 | trajectory 71 of circuit 81 -- done
rank 69 | trajectory 134 of circuit 59 -- done
rank 55 | trajectory 103 of circuit 85 -- done
rank 78 | trajectory 146 of circuit 32 -- done
rank 85 | trajectory 153 of circuit 47 -- done
rank 50 | trajectory 124 of circuit 93 -- done
rank 1 | trajectory 110 of circuit 60 -- done
rank 39 | trajectory 1 of circuit 39 -- done
rank 54 | trajectory 51 of circuit 83 -- done
rank 46 | trajectory 60 of circuit 9 -- done
rank 13 | trajectory 55 of circuit 53 -- done
rank 82 | trajectory 39 of circuit 94 -- done
rank 3 | trajectory 82 of circuit 44 -- done
rank 37 | trajectory 80 of circuit 16 -- done
rank 55 | trajectory 127 of circuit 29 -- done
rank 1 | trajectory 147 of circuit 76 -- done
rank 51 | trajectory 71 of circuit 37 -- done
rank 93 | trajectory 152 of circuit 91 -- done
rank 6 | trajectory 75 of circuit 39 -- done
rank 1 | trajectory 113 of circuit 5 -- done
rank 69 | trajectory 179 of circuit 37 -- done
rank 13 | trajectory 143 of circuit 4 -- done
rank 85 | trajectory 144 of circuit 28 -- done
rank 39 | trajectory 94 of circuit 14 -- done
rank 46 | trajectory 9 of circuit 14 -- done
rank 67 | trajectory 35 of circuit 78 -- done
rank 51 | trajectory 58 of circuit 2 -- done
rank 3 | trajectory 151 of circuit 62 -- done
rank 60 | trajectory 135 of circuit 27 -- done
rank 1 | trajectory 175 of circuit 13 -- done
rank 13 | trajectory 161 of circuit 69 -- done
rank 93 | trajectory 14 of circuit 99 -- done
rank 78 | trajectory 189 of circuit 3 -- done
rank 39 | trajectory 51 of circuit 2 -- done
rank 54 | trajectory 176 of circuit 71 -- done
rank 46 | trajectory 164 of circuit 93 -- done
rank 82 | trajectory 50 of circuit 63 -- done
rank 3 | trajectory 112 of circuit 66 -- done
rank 1 | trajectory 144 of circuit 11 -- done
rank 69 | trajectory 158 of circuit 87 -- done
rank 37 | trajectory 61 of circuit 94 -- done
rank 6 | trajectory 111 of circuit 88 -- done
rank 51 | trajectory 130 of circuit 15 -- done
rank 93 | trajectory 95 of circuit 99 -- done
rank 55 | trajectory 21 of circuit 54 -- done
rank 85 | trajectory 191 of circuit 68 -- done
rank 1 | trajectory 159 of circuit 3 -- done
rank 67 | trajectory 55 of circuit 45 -- done
rank 78 | trajectory 156 of circuit 46 -- done
rank 60 | trajectory 51 of circuit 86 -- done
rank 46 | trajectory 173 of circuit 35 -- done
rank 82 | trajectory 19 of circuit 63 -- done
rank 1 | trajectory 30 of circuit 94 -- done
rank 69 | trajectory 171 of circuit 73 -- done
rank 39 | trajectory 169 of circuit 98 -- done
rank 93 | trajectory 176 of circuit 48 -- done
rank 37 | trajectory 91 of circuit 19 -- done
rank 3 | trajectory 48 of circuit 76 -- done
rank 78 | trajectory 85 of circuit 47 -- done
rank 13 | trajectory 53 of circuit 87 -- done
rank 6 | trajectory 39 of circuit 37 -- done
rank 55 | trajectory 116 of circuit 86 -- done
rank 51 | trajectory 138 of circuit 97 -- done
rank 67 | trajectory 175 of circuit 66 -- done
rank 37 | trajectory 27 of circuit 24 -- done
rank 39 | trajectory 154 of circuit 79 -- done
rank 55 | trajectory 20 of circuit 81 -- done
rank 1 | trajectory 137 of circuit 33 -- done
rank 78 | trajectory 136 of circuit 3 -- done
rank 3 | trajectory 21 of circuit 88 -- done
rank 85 | trajectory 94 of circuit 64 -- done
rank 69 | trajectory 112 of circuit 43 -- done
rank 82 | trajectory 29 of circuit 6 -- done
rank 60 | trajectory 165 of circuit 38 -- done
rank 1 | trajectory 129 of circuit 92 -- done
rank 13 | trajectory 99 of circuit 79 -- done
rank 93 | trajectory 21 of circuit 68 -- done
rank 6 | trajectory 156 of circuit 69 -- done
rank 55 | trajectory 10 of circuit 66 -- done
rank 46 | trajectory 133 of circuit 100 -- done
rank 1 | trajectory 51 of circuit 6 -- done
rank 51 | trajectory 178 of circuit 37 -- done
rank 39 | trajectory 187 of circuit 16 -- done
rank 67 | trajectory 72 of circuit 65 -- done
rank 82 | trajectory 169 of circuit 29 -- done
rank 78 | trajectory 16 of circuit 42 -- done
rank 39 | trajectory 48 of circuit 69 -- done
rank 1 | trajectory 49 of circuit 40 -- done
rank 51 | trajectory 45 of circuit 88 -- done
rank 82 | trajectory 31 of circuit 100 -- done
rank 85 | trajectory 44 of circuit 19 -- done
rank 6 | trajectory 178 of circuit 83 -- done
rank 37 | trajectory 126 of circuit 57 -- done
rank 69 | trajectory 82 of circuit 79 -- done
rank 60 | trajectory 117 of circuit 33 -- done
rank 78 | trajectory 161 of circuit 5 -- done
rank 46 | trajectory 86 of circuit 51 -- done
rank 13 | trajectory 163 of circuit 80 -- done
rank 67 | trajectory 171 of circuit 42 -- done
rank 93 | trajectory 162 of circuit 58 -- done
rank 78 | trajectory 182 of circuit 12 -- done
rank 82 | trajectory 107 of circuit 77 -- done
rank 39 | trajectory 92 of circuit 2 -- done
rank 37 | trajectory 19 of circuit 56 -- done
rank 85 | trajectory 155 of circuit 74 -- done
rank 39 | trajectory 86 of circuit 47 -- done
rank 3 | trajectory 20 of circuit 99 -- done
rank 69 | trajectory 164 of circuit 89 -- done
rank 1 | trajectory 42 of circuit 54 -- done
rank 6 | trajectory 184 of circuit 83 -- done
rank 55 | trajectory 90 of circuit 77 -- done
rank 46 | trajectory 68 of circuit 75 -- done
rank 60 | trajectory 110 of circuit 48 -- done
rank 78 | trajectory 127 of circuit 38 -- done
rank 13 | trajectory 112 of circuit 64 -- done
rank 67 | trajectory 111 of circuit 75 -- done
rank 93 | trajectory 99 of circuit 77 -- done
rank 82 | trajectory 173 of circuit 1 -- done
rank 51 | trajectory 124 of circuit 77 -- done
rank 3 | trajectory 17 of circuit 58 -- done
rank 39 | trajectory 24 of circuit 92 -- done
rank 69 | trajectory 168 of circuit 27 -- done
rank 46 | trajectory 64 of circuit 22 -- done
rank 37 | trajectory 13 of circuit 19 -- done
rank 6 | trajectory 119 of circuit 2 -- done
rank 39 | trajectory 3 of circuit 39 -- done
rank 1 | trajectory 58 of circuit 95 -- done
rank 82 | trajectory 36 of circuit 95 -- done
rank 67 | trajectory 139 of circuit 19 -- done
rank 39 | trajectory 189 of circuit 15 -- done
rank 60 | trajectory 137 of circuit 25 -- done
rank 82 | trajectory 13 of circuit 40 -- done
rank 51 | trajectory 179 of circuit 76 -- done
rank 3 | trajectory 35 of circuit 46 -- done
rank 46 | trajectory 47 of circuit 56 -- done
rank 13 | trajectory 88 of circuit 17 -- done
rank 93 | trajectory 136 of circuit 78 -- done
rank 69 | trajectory 85 of circuit 100 -- done
rank 78 | trajectory 185 of circuit 37 -- done
rank 6 | trajectory 188 of circuit 55 -- done
rank 82 | trajectory 67 of circuit 53 -- done
rank 55 | trajectory 4 of circuit 51 -- done
rank 78 | trajectory 111 of circuit 20 -- done
rank 46 | trajectory 102 of circuit 26 -- done
rank 60 | trajectory 5 of circuit 83 -- done
rank 67 | trajectory 44 of circuit 32 -- done
rank 51 | trajectory 154 of circuit 83 -- done
rank 82 | trajectory 97 of circuit 72 -- done
rank 37 | trajectory 135 of circuit 68 -- done
rank 1 | trajectory 40 of circuit 86 -- done
rank 85 | trajectory 103 of circuit 81 -- done
rank 82 | trajectory 164 of circuit 58 -- done
rank 69 | trajectory 129 of circuit 56 -- done
rank 5 | trajectory 177 of circuit 24 -- done
rank 13 | trajectory 122 of circuit 55 -- done
rank 82 | trajectory 183 of circuit 50 -- done
rank 46 | trajectory 107 of circuit 86 -- done
rank 39 | trajectory 8 of circuit 88 -- done
rank 78 | trajectory 71 of circuit 36 -- done
rank 93 | trajectory 84 of circuit 100 -- done
rank 55 | trajectory 8 of circuit 68 -- done
rank 6 | trajectory 135 of circuit 23 -- done
rank 60 | trajectory 21 of circuit 50 -- done
rank 37 | trajectory 130 of circuit 57 -- done
rank 5 | trajectory 172 of circuit 91 -- done
rank 3 | trajectory 28 of circuit 88 -- done
rank 13 | trajectory 162 of circuit 24 -- done
rank 67 | trajectory 23 of circuit 74 -- done
rank 78 | trajectory 84 of circuit 35 -- done
rank 46 | trajectory 113 of circuit 18 -- done
rank 39 | trajectory 35 of circuit 81 -- done
rank 51 | trajectory 156 of circuit 26 -- done
rank 1 | trajectory 32 of circuit 60 -- done
rank 69 | trajectory 80 of circuit 57 -- done
rank 82 | trajectory 162 of circuit 53 -- done
rank 3 | trajectory 18 of circuit 52 -- done
rank 39 | trajectory 105 of circuit 26 -- done
rank 6 | trajectory 127 of circuit 12 -- done
rank 37 | trajectory 77 of circuit 87 -- done
rank 94 | trajectory 168 of circuit 19 -- done
rank 85 | trajectory 91 of circuit 80 -- done
rank 46 | trajectory 18 of circuit 89 -- done
rank 82 | trajectory 73 of circuit 51 -- done
rank 93 | trajectory 20 of circuit 31 -- done
rank 5 | trajectory 133 of circuit 69 -- done
rank 39 | trajectory 38 of circuit 40 -- done
rank 67 | trajectory 42 of circuit 15 -- done
rank 60 | trajectory 94 of circuit 75 -- done
rank 46 | trajectory 106 of circuit 46 -- done
rank 39 | trajectory 143 of circuit 99 -- done
rank 69 | trajectory 180 of circuit 5 -- done
rank 51 | trajectory 28 of circuit 36 -- done
rank 82 | trajectory 30 of circuit 3 -- done
rank 5 | trajectory 25 of circuit 99 -- done
rank 6 | trajectory 125 of circuit 84 -- done
rank 13 | trajectory 120 of circuit 79 -- done
rank 39 | trajectory 167 of circuit 42 -- done
rank 46 | trajectory 109 of circuit 75 -- done
rank 3 | trajectory 27 of circuit 30 -- done
rank 55 | trajectory 113 of circuit 12 -- done
rank 85 | trajectory 118 of circuit 79 -- done
rank 51 | trajectory 41 of circuit 70 -- done
rank 82 | trajectory 21 of circuit 41 -- done
rank 67 | trajectory 22 of circuit 91 -- done
rank 69 | trajectory 170 of circuit 42 -- done
rank 82 | trajectory 57 of circuit 9 -- done
rank 46 | trajectory 168 of circuit 98 -- done
rank 60 | trajectory 72 of circuit 52 -- done
rank 3 | trajectory 39 of circuit 14 -- done
rank 6 | trajectory 92 of circuit 52 -- done
rank 82 | trajectory 149 of circuit 62 -- done
rank 94 | trajectory 167 of circuit 9 -- done
rank 13 | trajectory 179 of circuit 13 -- done
rank 51 | trajectory 76 of circuit 60 -- done
rank 85 | trajectory 111 of circuit 70 -- done
rank 93 | trajectory 31 of circuit 14 -- done
rank 46 | trajectory 26 of circuit 52 -- done
rank 67 | trajectory 89 of circuit 26 -- done
rank 82 | trajectory 80 of circuit 13 -- done
rank 55 | trajectory 104 of circuit 43 -- done
rank 5 | trajectory 161 of circuit 18 -- done
rank 13 | trajectory 100 of circuit 60 -- done
rank 69 | trajectory 162 of circuit 55 -- done
rank 39 | trajectory 142 of circuit 90 -- done
rank 60 | trajectory 108 of circuit 26 -- done
rank 51 | trajectory 112 of circuit 88 -- done
rank 82 | trajectory 34 of circuit 76 -- done
rank 46 | trajectory 179 of circuit 11 -- done
rank 6 | trajectory 105 of circuit 34 -- done
rank 51 | trajectory 37 of circuit 19 -- done
rank 93 | trajectory 89 of circuit 56 -- done
rank 3 | trajectory 13 of circuit 78 -- done
rank 5 | trajectory 73 of circuit 23 -- done
rank 39 | trajectory 32 of circuit 64 -- done
rank 46 | trajectory 83 of circuit 86 -- done
rank 13 | trajectory 119 of circuit 6 -- done
rank 82 | trajectory 23 of circuit 42 -- done
rank 85 | trajectory 149 of circuit 36 -- done
rank 69 | trajectory 172 of circuit 86 -- done
rank 60 | trajectory 143 of circuit 81 -- done
rank 67 | trajectory 177 of circuit 43 -- done
rank 6 | trajectory 109 of circuit 64 -- done
rank 93 | trajectory 108 of circuit 9 -- done
rank 46 | trajectory 17 of circuit 75 -- done
rank 39 | trajectory 112 of circuit 92 -- done
rank 94 | trajectory 163 of circuit 31 -- done
rank 39 | trajectory 152 of circuit 37 -- done
rank 46 | trajectory 79 of circuit 61 -- done
rank 13 | trajectory 188 of circuit 74 -- done
rank 60 | trajectory 99 of circuit 25 -- done
rank 69 | trajectory 152 of circuit 46 -- done
rank 67 | trajectory 186 of circuit 38 -- done
rank 39 | trajectory 66 of circuit 60 -- done
rank 6 | trajectory 107 of circuit 42 -- done
rank 85 | trajectory 130 of circuit 16 -- done
rank 51 | trajectory 91 of circuit 2 -- done
rank 3 | trajectory 11 of circuit 27 -- done
rank 93 | trajectory 186 of circuit 44 -- done
rank 46 | trajectory 174 of circuit 30 -- done
rank 13 | trajectory 165 of circuit 69 -- done
rank 39 | trajectory 148 of circuit 65 -- done
rank 94 | trajectory 99 of circuit 65 -- done
rank 82 | trajectory 74 of circuit 71 -- done
rank 69 | trajectory 49 of circuit 92 -- done
rank 3 | trajectory 36 of circuit 44 -- done
rank 94 | trajectory 18 of circuit 93 -- done
rank 13 | trajectory 52 of circuit 29 -- done
rank 6 | trajectory 117 of circuit 61 -- done
rank 67 | trajectory 67 of circuit 18 -- done
rank 85 | trajectory 112 of circuit 15 -- done
rank 51 | trajectory 149 of circuit 21 -- done
rank 93 | trajectory 26 of circuit 83 -- done
rank 13 | trajectory 185 of circuit 28 -- done
rank 39 | trajectory 151 of circuit 79 -- done
rank 46 | trajectory 56 of circuit 1 -- done
rank 94 | trajectory 98 of circuit 70 -- done
rank 69 | trajectory 153 of circuit 43 -- done
rank 39 | trajectory 44 of circuit 6 -- done
rank 6 | trajectory 136 of circuit 95 -- done
rank 60 | trajectory 44 of circuit 38 -- done
rank 3 | trajectory 120 of circuit 57 -- done
rank 94 | trajectory 144 of circuit 21 -- done
rank 82 | trajectory 136 of circuit 82 -- done
rank 67 | trajectory 170 of circuit 41 -- done
rank 94 | trajectory 82 of circuit 45 -- done
rank 6 | trajectory 46 of circuit 91 -- done
rank 46 | trajectory 19 of circuit 44 -- done
rank 82 | trajectory 54 of circuit 44 -- done
rank 69 | trajectory 148 of circuit 39 -- done
rank 94 | trajectory 154 of circuit 11 -- done
rank 13 | trajectory 180 of circuit 64 -- done
rank 93 | trajectory 43 of circuit 15 -- done
rank 60 | trajectory 109 of circuit 73 -- done
rank 85 | trajectory 141 of circuit 72 -- done
rank 39 | trajectory 70 of circuit 49 -- done
rank 51 | trajectory 101 of circuit 45 -- done
rank 94 | trajectory 159 of circuit 32 -- done
rank 67 | trajectory 127 of circuit 1 -- done
rank 6 | trajectory 27 of circuit 77 -- done
rank 39 | trajectory 114 of circuit 22 -- done
rank 13 | trajectory 34 of circuit 22 -- done
rank 69 | trajectory 126 of circuit 97 -- done
rank 93 | trajectory 59 of circuit 15 -- done
rank 3 | trajectory 47 of circuit 85 -- done
rank 60 | trajectory 4 of circuit 54 -- done
rank 39 | trajectory 93 of circuit 95 -- done
rank 6 | trajectory 166 of circuit 6 -- done
rank 94 | trajectory 17 of circuit 21 -- done
rank 51 | trajectory 7 of circuit 85 -- done
rank 85 | trajectory 26 of circuit 22 -- done
rank 46 | trajectory 28 of circuit 75 -- done
rank 67 | trajectory 75 of circuit 84 -- done
rank 3 | trajectory 181 of circuit 6 -- done
rank 69 | trajectory 34 of circuit 71 -- done
rank 46 | trajectory 22 of circuit 18 -- done
rank 85 | trajectory 159 of circuit 4 -- done
rank 93 | trajectory 132 of circuit 5 -- done
rank 6 | trajectory 140 of circuit 97 -- done
rank 46 | trajectory 44 of circuit 9 -- done
rank 51 | trajectory 180 of circuit 84 -- done
rank 3 | trajectory 30 of circuit 18 -- done
rank 13 | trajectory 159 of circuit 12 -- done
rank 67 | trajectory 49 of circuit 72 -- done
rank 85 | trajectory 132 of circuit 39 -- done
rank 60 | trajectory 162 of circuit 89 -- done
rank 3 | trajectory 107 of circuit 5 -- done
rank 94 | trajectory 49 of circuit 13 -- done
rank 46 | trajectory 103 of circuit 92 -- done
rank 51 | trajectory 172 of circuit 52 -- done
rank 6 | trajectory 152 of circuit 79 -- done
rank 69 | trajectory 130 of circuit 27 -- done
rank 13 | trajectory 101 of circuit 62 -- done
rank 67 | trajectory 126 of circuit 44 -- done
rank 85 | trajectory 169 of circuit 48 -- done
rank 3 | trajectory 12 of circuit 96 -- done
rank 51 | trajectory 184 of circuit 41 -- done
rank 60 | trajectory 133 of circuit 39 -- done
rank 69 | trajectory 107 of circuit 26 -- done
rank 93 | trajectory 86 of circuit 32 -- done
rank 13 | trajectory 139 of circuit 72 -- done
rank 6 | trajectory 114 of circuit 20 -- done
rank 46 | trajectory 70 of circuit 41 -- done
rank 69 | trajectory 50 of circuit 46 -- done
rank 46 | trajectory 46 of circuit 45 -- done
rank 67 | trajectory 138 of circuit 24 -- done
rank 13 | trajectory 189 of circuit 44 -- done
rank 51 | trajectory 161 of circuit 67 -- done
rank 93 | trajectory 114 of circuit 61 -- done
rank 94 | trajectory 34 of circuit 28 -- done
rank 3 | trajectory 84 of circuit 75 -- done
rank 6 | trajectory 96 of circuit 75 -- done
rank 69 | trajectory 75 of circuit 69 -- done
rank 51 | trajectory 133 of circuit 30 -- done
rank 85 | trajectory 129 of circuit 16 -- done
rank 46 | trajectory 34 of circuit 25 -- done
rank 93 | trajectory 171 of circuit 68 -- done
rank 67 | trajectory 84 of circuit 32 -- done
rank 13 | trajectory 174 of circuit 68 -- done
rank 46 | trajectory 32 of circuit 36 -- done
rank 60 | trajectory 183 of circuit 82 -- done
rank 85 | trajectory 49 of circuit 88 -- done
rank 69 | trajectory 61 of circuit 86 -- done
rank 51 | trajectory 186 of circuit 26 -- done
rank 6 | trajectory 138 of circuit 63 -- done
rank 93 | trajectory 105 of circuit 48 -- done
rank 13 | trajectory 131 of circuit 72 -- done
rank 60 | trajectory 29 of circuit 86 -- done
rank 51 | trajectory 160 of circuit 93 -- done
rank 69 | trajectory 8 of circuit 2 -- done
rank 3 | trajectory 8 of circuit 55 -- done
rank 94 | trajectory 31 of circuit 62 -- done
rank 46 | trajectory 131 of circuit 38 -- done
rank 67 | trajectory 133 of circuit 40 -- done
rank 51 | trajectory 17 of circuit 71 -- done
rank 3 | trajectory 128 of circuit 27 -- done
rank 85 | trajectory 160 of circuit 63 -- done
rank 6 | trajectory 189 of circuit 17 -- done
rank 13 | trajectory 177 of circuit 78 -- done
rank 93 | trajectory 25 of circuit 73 -- done
rank 60 | trajectory 97 of circuit 26 -- done
rank 69 | trajectory 137 of circuit 71 -- done
rank 3 | trajectory 146 of circuit 65 -- done
rank 51 | trajectory 4 of circuit 28 -- done
rank 46 | trajectory 130 of circuit 79 -- done
rank 3 | trajectory 25 of circuit 90 -- done
rank 67 | trajectory 95 of circuit 55 -- done
rank 60 | trajectory 85 of circuit 9 -- done
rank 6 | trajectory 108 of circuit 61 -- done
rank 85 | trajectory 97 of circuit 33 -- done
rank 13 | trajectory 123 of circuit 2 -- done
rank 94 | trajectory 1 of circuit 63 -- done
rank 51 | trajectory 78 of circuit 99 -- done
rank 93 | trajectory 154 of circuit 21 -- done
rank 3 | trajectory 156 of circuit 39 -- done
rank 69 | trajectory 147 of circuit 99 -- done
rank 13 | trajectory 140 of circuit 18 -- done
rank 67 | trajectory 153 of circuit 49 -- done
rank 85 | trajectory 167 of circuit 80 -- done
rank 93 | trajectory 102 of circuit 5 -- done
rank 51 | trajectory 2 of circuit 86 -- done
rank 46 | trajectory 73 of circuit 15 -- done
rank 69 | trajectory 149 of circuit 37 -- done
rank 13 | trajectory 121 of circuit 94 -- done
rank 6 | trajectory 153 of circuit 97 -- done
rank 85 | trajectory 113 of circuit 84 -- done
rank 3 | trajectory 58 of circuit 82 -- done
rank 94 | trajectory 73 of circuit 27 -- done
rank 93 | trajectory 10 of circuit 83 -- done
rank 67 | trajectory 85 of circuit 56 -- done
rank 46 | trajectory 5 of circuit 61 -- done
rank 69 | trajectory 184 of circuit 76 -- done
rank 60 | trajectory 62 of circuit 52 -- done
rank 51 | trajectory 5 of circuit 15 -- done
rank 6 | trajectory 84 of circuit 28 -- done
rank 13 | trajectory 137 of circuit 20 -- done
rank 85 | trajectory 150 of circuit 21 -- done
rank 3 | trajectory 189 of circuit 86 -- done
rank 46 | trajectory 36 of circuit 45 -- done
rank 93 | trajectory 17 of circuit 66 -- done
rank 67 | trajectory 3 of circuit 26 -- done
rank 3 | trajectory 32 of circuit 24 -- done
rank 51 | trajectory 191 of circuit 78 -- done
rank 6 | trajectory 42 of circuit 40 -- done
rank 69 | trajectory 113 of circuit 11 -- done
rank 46 | trajectory 33 of circuit 64 -- done
rank 13 | trajectory 160 of circuit 11 -- done
rank 60 | trajectory 16 of circuit 54 -- done
rank 3 | trajectory 33 of circuit 43 -- done
rank 67 | trajectory 108 of circuit 75 -- done
rank 46 | trajectory 35 of circuit 83 -- done
rank 93 | trajectory 44 of circuit 73 -- done
rank 13 | trajectory 136 of circuit 40 -- done
rank 85 | trajectory 183 of circuit 26 -- done
rank 69 | trajectory 133 of circuit 81 -- done
rank 6 | trajectory 159 of circuit 11 -- done
rank 3 | trajectory 163 of circuit 8 -- done
rank 60 | trajectory 57 of circuit 84 -- done
rank 46 | trajectory 74 of circuit 91 -- done
rank 13 | trajectory 118 of circuit 99 -- done
rank 67 | trajectory 189 of circuit 58 -- done
rank 51 | trajectory 51 of circuit 45 -- done
rank 85 | trajectory 115 of circuit 78 -- done
rank 46 | trajectory 11 of circuit 92 -- done
rank 51 | trajectory 136 of circuit 24 -- done
rank 13 | trajectory 135 of circuit 76 -- done
rank 94 | trajectory 68 of circuit 54 -- done
rank 93 | trajectory 109 of circuit 18 -- done
rank 51 | trajectory 66 of circuit 42 -- done
rank 3 | trajectory 121 of circuit 2 -- done
rank 6 | trajectory 161 of circuit 21 -- done
rank 85 | trajectory 116 of circuit 40 -- done
rank 67 | trajectory 64 of circuit 18 -- done
rank 69 | trajectory 142 of circuit 88 -- done
rank 13 | trajectory 95 of circuit 93 -- done
rank 51 | trajectory 135 of circuit 34 -- done
rank 13 | trajectory 168 of circuit 23 -- done
rank 60 | trajectory 179 of circuit 15 -- done
rank 85 | trajectory 175 of circuit 54 -- done
rank 69 | trajectory 190 of circuit 51 -- done
rank 46 | trajectory 82 of circuit 26 -- done
rank 13 | trajectory 157 of circuit 62 -- done
rank 6 | trajectory 144 of circuit 56 -- done
rank 67 | trajectory 107 of circuit 69 -- done
rank 46 | trajectory 78 of circuit 12 -- done
rank 93 | trajectory 117 of circuit 47 -- done
rank 13 | trajectory 167 of circuit 67 -- done
rank 51 | trajectory 192 of circuit 19 -- done
rank 46 | trajectory 97 of circuit 36 -- done
rank 85 | trajectory 168 of circuit 94 -- done
rank 13 | trajectory 73 of circuit 1 -- done
rank 94 | trajectory 69 of circuit 82 -- done
rank 6 | trajectory 177 of circuit 42 -- done
rank 13 | trajectory 128 of circuit 78 -- done
rank 85 | trajectory 135 of circuit 25 -- done
rank 51 | trajectory 106 of circuit 3 -- done
rank 3 | trajectory 56 of circuit 25 -- done
rank 93 | trajectory 11 of circuit 84 -- done
rank 69 | trajectory 106 of circuit 56 -- done
rank 67 | trajectory 147 of circuit 59 -- done
rank 85 | trajectory 192 of circuit 68 -- done
rank 13 | trajectory 176 of circuit 37 -- done
rank 3 | trajectory 60 of circuit 77 -- done
rank 6 | trajectory 70 of circuit 64 -- done
rank 13 | trajectory 178 of circuit 1 -- done
rank 93 | trajectory 125 of circuit 22 -- done
rank 3 | trajectory 80 of circuit 65 -- done
rank 89 | trajectory 189 of circuit 26 -- done
rank 69 | trajectory 109 of circuit 52 -- done
rank 46 | trajectory 189 of circuit 19 -- done
rank 85 | trajectory 182 of circuit 78 -- done
rank 51 | trajectory 16 of circuit 91 -- done
rank 13 | trajectory 152 of circuit 69 -- done
rank 94 | trajectory 116 of circuit 56 -- done
rank 3 | trajectory 108 of circuit 14 -- done
rank 67 | trajectory 157 of circuit 57 -- done
rank 51 | trajectory 42 of circuit 99 -- done
rank 93 | trajectory 106 of circuit 39 -- done
rank 6 | trajectory 169 of circuit 35 -- done
rank 13 | trajectory 32 of circuit 86 -- done
rank 46 | trajectory 100 of circuit 31 -- done
rank 3 | trajectory 63 of circuit 8 -- done
rank 69 | trajectory 135 of circuit 59 -- done
rank 60 | trajectory 126 of circuit 20 -- done
rank 13 | trajectory 76 of circuit 52 -- done
rank 69 | trajectory 173 of circuit 61 -- done
rank 89 | trajectory 173 of circuit 3 -- done
rank 67 | trajectory 121 of circuit 43 -- done
rank 85 | trajectory 7 of circuit 89 -- done
rank 6 | trajectory 110 of circuit 33 -- done
rank 3 | trajectory 65 of circuit 85 -- done
rank 60 | trajectory 131 of circuit 79 -- done
rank 93 | trajectory 94 of circuit 58 -- done
rank 13 | trajectory 2 of circuit 42 -- done
rank 94 | trajectory 151 of circuit 41 -- done
rank 36 | trajectory 190 of circuit 76 -- done
rank 46 | trajectory 40 of circuit 67 -- done
rank 69 | trajectory 192 of circuit 33 -- done
rank 67 | trajectory 136 of circuit 46 -- done
rank 85 | trajectory 164 of circuit 43 -- done
rank 89 | trajectory 81 of circuit 32 -- done
rank 13 | trajectory 133 of circuit 61 -- done
rank 3 | trajectory 66 of circuit 93 -- done
rank 51 | trajectory 9 of circuit 6 -- done
rank 93 | trajectory 82 of circuit 49 -- done
rank 13 | trajectory 46 of circuit 18 -- done
rank 46 | trajectory 85 of circuit 13 -- done
rank 60 | trajectory 180 of circuit 89 -- done
rank 6 | trajectory 35 of circuit 9 -- done
rank 69 | trajectory 38 of circuit 86 -- done
rank 46 | trajectory 6 of circuit 69 -- done
rank 36 | trajectory 167 of circuit 86 -- done
rank 3 | trajectory 74 of circuit 80 -- done
rank 85 | trajectory 173 of circuit 51 -- done
rank 13 | trajectory 147 of circuit 20 -- done
rank 94 | trajectory 66 of circuit 87 -- done
rank 67 | trajectory 162 of circuit 86 -- done
rank 51 | trajectory 48 of circuit 65 -- done
rank 89 | trajectory 151 of circuit 52 -- done
rank 46 | trajectory 77 of circuit 42 -- done
rank 60 | trajectory 167 of circuit 65 -- done
rank 69 | trajectory 46 of circuit 62 -- done
rank 6 | trajectory 22 of circuit 38 -- done
rank 85 | trajectory 184 of circuit 94 -- done
rank 13 | trajectory 110 of circuit 37 -- done
rank 36 | trajectory 100 of circuit 59 -- done
rank 93 | trajectory 104 of circuit 82 -- done
rank 46 | trajectory 20 of circuit 75 -- done
rank 13 | trajectory 39 of circuit 83 -- done
rank 94 | trajectory 122 of circuit 99 -- done
rank 67 | trajectory 80 of circuit 100 -- done
rank 60 | trajectory 95 of circuit 80 -- done
rank 13 | trajectory 97 of circuit 27 -- done
rank 89 | trajectory 53 of circuit 94 -- done
rank 69 | trajectory 54 of circuit 32 -- done
rank 51 | trajectory 39 of circuit 15 -- done
rank 46 | trajectory 67 of circuit 96 -- done
rank 51 | trajectory 52 of circuit 40 -- done
rank 3 | trajectory 59 of circuit 59 -- done
rank 13 | trajectory 126 of circuit 36 -- done
rank 6 | trajectory 73 of circuit 34 -- done
rank 60 | trajectory 144 of circuit 41 -- done
rank 69 | trajectory 56 of circuit 70 -- done
rank 51 | trajectory 61 of circuit 3 -- done
rank 85 | trajectory 178 of circuit 40 -- done
rank 93 | trajectory 49 of circuit 91 -- done
rank 67 | trajectory 16 of circuit 10 -- done
rank 46 | trajectory 128 of circuit 86 -- done
rank 36 | trajectory 96 of circuit 84 -- done
rank 51 | trajectory 68 of circuit 97 -- done
rank 94 | trajectory 125 of circuit 49 -- done
rank 89 | trajectory 19 of circuit 77 -- done
rank 13 | trajectory 192 of circuit 100 -- done
rank 6 | trajectory 174 of circuit 74 -- done
rank 69 | trajectory 68 of circuit 81 -- done
rank 51 | trajectory 30 of circuit 9 -- done
rank 85 | trajectory 189 of circuit 87 -- done
rank 51 | trajectory 6 of circuit 32 -- done
rank 60 | trajectory 105 of circuit 91 -- done
rank 93 | trajectory 53 of circuit 98 -- done
rank 46 | trajectory 80 of circuit 11 -- done
rank 67 | trajectory 117 of circuit 21 -- done
rank 51 | trajectory 169 of circuit 2 -- done
rank 13 | trajectory 107 of circuit 61 -- done
rank 89 | trajectory 4 of circuit 37 -- done
rank 94 | trajectory 106 of circuit 66 -- done
rank 51 | trajectory 19 of circuit 17 -- done
rank 93 | trajectory 50 of circuit 74 -- done
rank 6 | trajectory 64 of circuit 64 -- done
rank 13 | trajectory 124 of circuit 49 -- done
rank 85 | trajectory 66 of circuit 10 -- done
rank 67 | trajectory 59 of circuit 3 -- done
rank 60 | trajectory 141 of circuit 89 -- done
rank 36 | trajectory 131 of circuit 89 -- done
rank 69 | trajectory 57 of circuit 10 -- done
rank 46 | trajectory 7 of circuit 8 -- done
rank 3 | trajectory 24 of circuit 57 -- done
rank 67 | trajectory 137 of circuit 80 -- done
rank 47 | trajectory 72 of circuit 8 -- done
rank 6 | trajectory 89 of circuit 48 -- done
rank 13 | trajectory 144 of circuit 75 -- done
rank 94 | trajectory 173 of circuit 56 -- done
rank 60 | trajectory 124 of circuit 2 -- done
rank 51 | trajectory 31 of circuit 73 -- done
rank 36 | trajectory 189 of circuit 95 -- done
rank 89 | trajectory 155 of circuit 30 -- done
rank 3 | trajectory 50 of circuit 33 -- done
rank 69 | trajectory 73 of circuit 80 -- done
rank 46 | trajectory 134 of circuit 71 -- done
rank 13 | trajectory 114 of circuit 84 -- done
rank 67 | trajectory 94 of circuit 50 -- done
rank 6 | trajectory 11 of circuit 80 -- done
rank 51 | trajectory 56 of circuit 87 -- done
rank 60 | trajectory 77 of circuit 45 -- done
rank 47 | trajectory 30 of circuit 17 -- done
rank 36 | trajectory 41 of circuit 26 -- done
rank 89 | trajectory 14 of circuit 89 -- done
rank 3 | trajectory 9 of circuit 46 -- done
rank 85 | trajectory 136 of circuit 93 -- done
rank 6 | trajectory 55 of circuit 80 -- done
rank 46 | trajectory 99 of circuit 85 -- done
rank 67 | trajectory 152 of circuit 72 -- done
rank 60 | trajectory 148 of circuit 23 -- done
rank 69 | trajectory 103 of circuit 44 -- done
rank 93 | trajectory 90 of circuit 84 -- done
rank 36 | trajectory 57 of circuit 43 -- done
rank 85 | trajectory 25 of circuit 62 -- done
rank 51 | trajectory 69 of circuit 43 -- done
rank 47 | trajectory 45 of circuit 73 -- done
rank 89 | trajectory 55 of circuit 84 -- done
rank 13 | trajectory 141 of circuit 75 -- done
rank 46 | trajectory 50 of circuit 55 -- done
rank 51 | trajectory 22 of circuit 2 -- done
rank 67 | trajectory 32 of circuit 34 -- done
rank 93 | trajectory 157 of circuit 37 -- done
rank 60 | trajectory 139 of circuit 62 -- done
rank 46 | trajectory 4 of circuit 15 -- done
rank 85 | trajectory 157 of circuit 10 -- done
rank 3 | trajectory 105 of circuit 33 -- done
rank 36 | trajectory 104 of circuit 17 -- done
rank 51 | trajectory 139 of circuit 76 -- done
rank 6 | trajectory 67 of circuit 5 -- done
rank 13 | trajectory 173 of circuit 71 -- done
rank 69 | trajectory 108 of circuit 56 -- done
rank 85 | trajectory 96 of circuit 24 -- done
rank 46 | trajectory 75 of circuit 56 -- done
rank 93 | trajectory 67 of circuit 75 -- done
rank 47 | trajectory 46 of circuit 20 -- done
rank 89 | trajectory 170 of circuit 49 -- done
rank 3 | trajectory 123 of circuit 7 -- done
rank 60 | trajectory 113 of circuit 90 -- done
rank 13 | trajectory 105 of circuit 41 -- done
rank 67 | trajectory 165 of circuit 98 -- done
rank 93 | trajectory 111 of circuit 78 -- done
rank 6 | trajectory 71 of circuit 47 -- done
rank 13 | trajectory 127 of circuit 2 -- done
rank 51 | trajectory 173 of circuit 81 -- done
rank 89 | trajectory 58 of circuit 44 -- done
rank 69 | trajectory 131 of circuit 60 -- done
rank 60 | trajectory 157 of circuit 40 -- done
rank 6 | trajectory 90 of circuit 41 -- done
rank 36 | trajectory 175 of circuit 80 -- done
rank 51 | trajectory 50 of circuit 67 -- done
rank 67 | trajectory 179 of circuit 83 -- done
rank 47 | trajectory 91 of circuit 90 -- done
rank 93 | trajectory 191 of circuit 32 -- done
rank 13 | trajectory 171 of circuit 29 -- done
rank 69 | trajectory 166 of circuit 97 -- done
rank 6 | trajectory 19 of circuit 14 -- done
rank 60 | trajectory 9 of circuit 89 -- done
rank 69 | trajectory 114 of circuit 90 -- done
rank 93 | trajectory 116 of circuit 57 -- done
rank 67 | trajectory 18 of circuit 97 -- done
rank 85 | trajectory 131 of circuit 32 -- done
rank 89 | trajectory 135 of circuit 21 -- done
rank 36 | trajectory 11 of circuit 93 -- done
rank 47 | trajectory 58 of circuit 23 -- done
rank 69 | trajectory 33 of circuit 29 -- done
rank 60 | trajectory 91 of circuit 67 -- done
rank 85 | trajectory 147 of circuit 73 -- done
rank 93 | trajectory 64 of circuit 45 -- done
rank 89 | trajectory 153 of circuit 55 -- done
rank 36 | trajectory 26 of circuit 75 -- done
rank 69 | trajectory 124 of circuit 67 -- done
rank 67 | trajectory 50 of circuit 31 -- done
rank 60 | trajectory 145 of circuit 62 -- done
rank 85 | trajectory 156 of circuit 35 -- done
rank 6 | trajectory 13 of circuit 92 -- done
rank 69 | trajectory 30 of circuit 97 -- done
rank 89 | trajectory 181 of circuit 75 -- done
rank 97 | trajectory 173 of circuit 23 -- done
rank 47 | trajectory 104 of circuit 39 -- done
rank 6 | trajectory 100 of circuit 98 -- done
rank 85 | trajectory 122 of circuit 45 -- done
rank 36 | trajectory 24 of circuit 11 -- done
rank 67 | trajectory 2 of circuit 8 -- done
rank 60 | trajectory 111 of circuit 90 -- done
rank 93 | trajectory 81 of circuit 74 -- done
rank 6 | trajectory 23 of circuit 85 -- done
rank 89 | trajectory 143 of circuit 32 -- done
rank 47 | trajectory 47 of circuit 33 -- done
rank 60 | trajectory 12 of circuit 48 -- done
rank 97 | trajectory 120 of circuit 39 -- done
rank 36 | trajectory 192 of circuit 30 -- done
rank 69 | trajectory 119 of circuit 5 -- done
rank 6 | trajectory 26 of circuit 97 -- done
rank 67 | trajectory 1 of circuit 75 -- done
rank 89 | trajectory 175 of circuit 14 -- done
rank 85 | trajectory 110 of circuit 67 -- done
rank 69 | trajectory 12 of circuit 65 -- done
rank 60 | trajectory 119 of circuit 41 -- done
rank 93 | trajectory 124 of circuit 98 -- done
rank 47 | trajectory 20 of circuit 24 -- done
rank 85 | trajectory 176 of circuit 80 -- done
rank 36 | trajectory 112 of circuit 75 -- done
rank 67 | trajectory 12 of circuit 7 -- done
rank 97 | trajectory 79 of circuit 20 -- done
rank 89 | trajectory 174 of circuit 28 -- done
rank 93 | trajectory 79 of circuit 41 -- done
rank 6 | trajectory 49 of circuit 37 -- done
rank 60 | trajectory 186 of circuit 80 -- done
rank 36 | trajectory 38 of circuit 95 -- done
rank 85 | trajectory 53 of circuit 43 -- done
rank 47 | trajectory 150 of circuit 15 -- done
rank 89 | trajectory 146 of circuit 84 -- done
rank 97 | trajectory 98 of circuit 20 -- done
rank 69 | trajectory 154 of circuit 32 -- done
rank 93 | trajectory 123 of circuit 13 -- done
rank 67 | trajectory 34 of circuit 26 -- done
rank 85 | trajectory 63 of circuit 15 -- done
rank 6 | trajectory 50 of circuit 82 -- done
rank 85 | trajectory 105 of circuit 67 -- done
rank 69 | trajectory 176 of circuit 32 -- done
rank 47 | trajectory 110 of circuit 62 -- done
rank 89 | trajectory 190 of circuit 18 -- done
rank 67 | trajectory 24 of circuit 58 -- done
rank 36 | trajectory 69 of circuit 14 -- done
rank 93 | trajectory 103 of circuit 39 -- done
rank 60 | trajectory 170 of circuit 81 -- done
rank 97 | trajectory 118 of circuit 19 -- done
rank 69 | trajectory 189 of circuit 27 -- done
rank 85 | trajectory 98 of circuit 47 -- done
rank 6 | trajectory 7 of circuit 39 -- done
rank 67 | trajectory 13 of circuit 88 -- done
rank 93 | trajectory 47 of circuit 55 -- done
rank 36 | trajectory 84 of circuit 30 -- done
rank 69 | trajectory 5 of circuit 86 -- done
rank 89 | trajectory 7 of circuit 23 -- done
rank 60 | trajectory 112 of circuit 36 -- done
rank 47 | trajectory 87 of circuit 46 -- done
rank 97 | trajectory 55 of circuit 41 -- done
rank 85 | trajectory 174 of circuit 62 -- done
rank 69 | trajectory 74 of circuit 13 -- done
rank 67 | trajectory 25 of circuit 86 -- done
rank 36 | trajectory 147 of circuit 34 -- done
rank 89 | trajectory 187 of circuit 61 -- done
rank 93 | trajectory 121 of circuit 45 -- done
rank 60 | trajectory 107 of circuit 81 -- done
rank 69 | trajectory 51 of circuit 97 -- done
rank 6 | trajectory 18 of circuit 30 -- done
rank 97 | trajectory 125 of circuit 89 -- done
rank 67 | trajectory 9 of circuit 7 -- done
rank 47 | trajectory 74 of circuit 43 -- done
rank 60 | trajectory 43 of circuit 10 -- done
rank 85 | trajectory 120 of circuit 40 -- done
rank 89 | trajectory 186 of circuit 17 -- done
rank 69 | trajectory 4 of circuit 16 -- done
rank 36 | trajectory 17 of circuit 46 -- done
rank 67 | trajectory 69 of circuit 88 -- done
rank 6 | trajectory 38 of circuit 51 -- done
rank 60 | trajectory 168 of circuit 8 -- done
rank 97 | trajectory 93 of circuit 86 -- done
rank 47 | trajectory 41 of circuit 24 -- done
rank 69 | trajectory 15 of circuit 1 -- done
rank 93 | trajectory 150 of circuit 41 -- done
rank 69 | trajectory 45 of circuit 5 -- done
rank 89 | trajectory 8 of circuit 89 -- done
rank 85 | trajectory 35 of circuit 49 -- done
rank 67 | trajectory 141 of circuit 68 -- done
rank 97 | trajectory 65 of circuit 55 -- done
rank 69 | trajectory 100 of circuit 99 -- done
rank 36 | trajectory 171 of circuit 32 -- done
rank 60 | trajectory 114 of circuit 18 -- done
rank 69 | trajectory 17 of circuit 2 -- done
rank 85 | trajectory 106 of circuit 16 -- done
rank 93 | trajectory 1 of circuit 99 -- done
rank 47 | trajectory 3 of circuit 97 -- done
rank 89 | trajectory 92 of circuit 84 -- done
rank 69 | trajectory 139 of circuit 86 -- done
rank 60 | trajectory 1 of circuit 77 -- done
rank 97 | trajectory 15 of circuit 4 -- done
rank 85 | trajectory 22 of circuit 34 -- done
rank 67 | trajectory 45 of circuit 7 -- done
rank 93 | trajectory 120 of circuit 36 -- done
rank 36 | trajectory 138 of circuit 33 -- done
rank 60 | trajectory 101 of circuit 22 -- done
rank 69 | trajectory 101 of circuit 47 -- done
rank 97 | trajectory 150 of circuit 67 -- done
rank 89 | trajectory 158 of circuit 74 -- done
rank 47 | trajectory 184 of circuit 11 -- done
rank 85 | trajectory 9 of circuit 19 -- done
rank 69 | trajectory 84 of circuit 58 -- done
rank 36 | trajectory 111 of circuit 15 -- done
rank 85 | trajectory 95 of circuit 53 -- done
rank 67 | trajectory 163 of circuit 30 -- done
rank 69 | trajectory 3 of circuit 14 -- done
rank 93 | trajectory 9 of circuit 77 -- done
rank 47 | trajectory 192 of circuit 66 -- done
rank 60 | trajectory 159 of circuit 95 -- done
rank 36 | trajectory 139 of circuit 93 -- done
rank 89 | trajectory 67 of circuit 22 -- done
rank 93 | trajectory 48 of circuit 49 -- done
rank 97 | trajectory 111 of circuit 7 -- done
rank 36 | trajectory 110 of circuit 15 -- done
rank 60 | trajectory 70 of circuit 74 -- done
rank 47 | trajectory 118 of circuit 94 -- done
rank 69 | trajectory 181 of circuit 17 -- done
rank 85 | trajectory 99 of circuit 6 -- done
rank 89 | trajectory 11 of circuit 19 -- done
rank 27 | trajectory 141 of circuit 32 -- done
rank 93 | trajectory 24 of circuit 84 -- done
rank 36 | trajectory 93 of circuit 57 -- done
rank 97 | trajectory 134 of circuit 16 -- done
rank 47 | trajectory 151 of circuit 93 -- done
rank 27 | trajectory 1 of circuit 36 -- done
rank 89 | trajectory 172 of circuit 76 -- done
rank 67 | trajectory 73 of circuit 82 -- done
rank 69 | trajectory 90 of circuit 10 -- done
rank 85 | trajectory 148 of circuit 81 -- done
rank 60 | trajectory 32 of circuit 42 -- done
rank 69 | trajectory 78 of circuit 16 -- done
rank 93 | trajectory 61 of circuit 31 -- done
rank 36 | trajectory 180 of circuit 23 -- done
rank 94 | trajectory 189 of circuit 25 -- done
rank 85 | trajectory 65 of circuit 75 -- done
rank 69 | trajectory 69 of circuit 25 -- done
rank 93 | trajectory 28 of circuit 89 -- done
rank 69 | trajectory 169 of circuit 82 -- done
rank 97 | trajectory 149 of circuit 58 -- done
rank 89 | trajectory 72 of circuit 89 -- done
rank 27 | trajectory 2 of circuit 98 -- done
rank 60 | trajectory 2 of circuit 75 -- done
rank 69 | trajectory 62 of circuit 3 -- done
rank 93 | trajectory 23 of circuit 36 -- done
rank 67 | trajectory 62 of circuit 11 -- done
rank 47 | trajectory 172 of circuit 63 -- done
rank 27 | trajectory 140 of circuit 78 -- done
rank 97 | trajectory 51 of circuit 62 -- done
rank 69 | trajectory 102 of circuit 97 -- done
rank 36 | trajectory 116 of circuit 9 -- done
rank 89 | trajectory 129 of circuit 38 -- done
rank 94 | trajectory 171 of circuit 65 -- done
rank 67 | trajectory 29 of circuit 73 -- done
rank 85 | trajectory 188 of circuit 57 -- done
rank 60 | trajectory 64 of circuit 35 -- done
rank 93 | trajectory 169 of circuit 89 -- done
rank 69 | trajectory 94 of circuit 23 -- done
rank 85 | trajectory 1 of circuit 95 -- done
rank 85 | trajectory 137 of circuit 69 -- done
rank 47 | trajectory 63 of circuit 72 -- done
rank 93 | trajectory 68 of circuit 51 -- done
rank 27 | trajectory 90 of circuit 92 -- done
rank 97 | trajectory 124 of circuit 10 -- done
rank 89 | trajectory 34 of circuit 80 -- done
rank 69 | trajectory 53 of circuit 14 -- done
rank 60 | trajectory 27 of circuit 3 -- done
rank 36 | trajectory 106 of circuit 86 -- done
rank 94 | trajectory 115 of circuit 45 -- done
rank 93 | trajectory 54 of circuit 56 -- done
rank 85 | trajectory 5 of circuit 84 -- done
rank 69 | trajectory 81 of circuit 43 -- done
rank 89 | trajectory 28 of circuit 90 -- done
rank 67 | trajectory 119 of circuit 10 -- done
rank 97 | trajectory 32 of circuit 70 -- done
rank 85 | trajectory 117 of circuit 25 -- done
rank 93 | trajectory 35 of circuit 10 -- done
rank 36 | trajectory 55 of circuit 72 -- done
rank 69 | trajectory 76 of circuit 87 -- done
rank 60 | trajectory 152 of circuit 44 -- done
rank 94 | trajectory 150 of circuit 23 -- done
rank 85 | trajectory 145 of circuit 71 -- done
rank 67 | trajectory 191 of circuit 6 -- done
rank 89 | trajectory 123 of circuit 68 -- done
rank 69 | trajectory 7 of circuit 33 -- done
rank 97 | trajectory 94 of circuit 12 -- done
rank 93 | trajectory 164 of circuit 27 -- done
rank 47 | trajectory 169 of circuit 58 -- done
rank 69 | trajectory 88 of circuit 58 -- done
rank 69 | trajectory 111 of circuit 4 -- done
rank 67 | trajectory 30 of circuit 6 -- done
rank 36 | trajectory 28 of circuit 44 -- done
rank 97 | trajectory 101 of circuit 39 -- done
rank 94 | trajectory 89 of circuit 1 -- done
rank 85 | trajectory 78 of circuit 4 -- done
rank 69 | trajectory 93 of circuit 2 -- done
rank 89 | trajectory 118 of circuit 73 -- done
rank 47 | trajectory 186 of circuit 72 -- done
rank 93 | trajectory 34 of circuit 12 -- done
rank 85 | trajectory 60 of circuit 84 -- done
rank 67 | trajectory 106 of circuit 47 -- done
rank 36 | trajectory 10 of circuit 61 -- done
rank 69 | trajectory 132 of circuit 26 -- done
rank 85 | trajectory 108 of circuit 57 -- done
rank 60 | trajectory 86 of circuit 70 -- done
rank 69 | trajectory 9 of circuit 39 -- done
rank 93 | trajectory 72 of circuit 11 -- done
rank 69 | trajectory 89 of circuit 30 -- done
rank 94 | trajectory 172 of circuit 48 -- done
rank 67 | trajectory 131 of circuit 2 -- done
rank 93 | trajectory 19 of circuit 52 -- done
rank 60 | trajectory 54 of circuit 67 -- done
rank 97 | trajectory 148 of circuit 64 -- done
rank 47 | trajectory 163 of circuit 50 -- done
rank 85 | trajectory 186 of circuit 23 -- done
rank 89 | trajectory 88 of circuit 47 -- done
rank 85 | trajectory 114 of circuit 12 -- done
rank 93 | trajectory 58 of circuit 84 -- done
rank 69 | trajectory 63 of circuit 20 -- done
rank 36 | trajectory 123 of circuit 31 -- done
rank 67 | trajectory 20 of circuit 4 -- done
rank 85 | trajectory 163 of circuit 61 -- done
rank 97 | trajectory 72 of circuit 4 -- done
rank 94 | trajectory 109 of circuit 15 -- done
rank 93 | trajectory 55 of circuit 16 -- done
rank 47 | trajectory 173 of circuit 95 -- done
rank 89 | trajectory 164 of circuit 85 -- done
rank 69 | trajectory 24 of circuit 77 -- done
rank 36 | trajectory 21 of circuit 43 -- done
rank 85 | trajectory 92 of circuit 21 -- done
rank 93 | trajectory 65 of circuit 34 -- done
rank 97 | trajectory 60 of circuit 3 -- done
rank 60 | trajectory 140 of circuit 68 -- done
rank 89 | trajectory 36 of circuit 64 -- done
rank 47 | trajectory 136 of circuit 86 -- done
rank 93 | trajectory 87 of circuit 86 -- done
rank 94 | trajectory 83 of circuit 53 -- done
rank 89 | trajectory 73 of circuit 67 -- done
rank 97 | trajectory 91 of circuit 23 -- done
rank 69 | trajectory 43 of circuit 81 -- done
rank 60 | trajectory 67 of circuit 58 -- done
rank 93 | trajectory 134 of circuit 85 -- done
rank 85 | trajectory 161 of circuit 82 -- done
rank 93 | trajectory 88 of circuit 6 -- done
rank 36 | trajectory 119 of circuit 100 -- done
rank 85 | trajectory 16 of circuit 79 -- done
rank 60 | trajectory 138 of circuit 27 -- done
rank 97 | trajectory 88 of circuit 15 -- done
rank 93 | trajectory 172 of circuit 93 -- done
rank 36 | trajectory 67 of circuit 54 -- done
rank 67 | trajectory 101 of circuit 42 -- done
rank 94 | trajectory 27 of circuit 98 -- done
rank 69 | trajectory 121 of circuit 41 -- done
rank 89 | trajectory 29 of circuit 68 -- done
rank 60 | trajectory 175 of circuit 77 -- done
rank 47 | trajectory 83 of circuit 3 -- done
rank 97 | trajectory 10 of circuit 82 -- done
rank 60 | trajectory 55 of circuit 77 -- done
rank 93 | trajectory 16 of circuit 55 -- done
rank 89 | trajectory 61 of circuit 75 -- done
rank 85 | trajectory 166 of circuit 80 -- done
rank 67 | trajectory 134 of circuit 92 -- done
rank 94 | trajectory 55 of circuit 82 -- done
rank 97 | trajectory 9 of circuit 20 -- done
rank 47 | trajectory 8 of circuit 23 -- done
rank 93 | trajectory 69 of circuit 1 -- done
rank 60 | trajectory 153 of circuit 71 -- done
rank 85 | trajectory 13 of circuit 67 -- done
rank 93 | trajectory 32 of circuit 7 -- done
rank 94 | trajectory 72 of circuit 1 -- done
rank 36 | trajectory 63 of circuit 80 -- done
rank 67 | trajectory 174 of circuit 90 -- done
rank 97 | trajectory 95 of circuit 24 -- done
rank 85 | trajectory 181 of circuit 46 -- done
rank 47 | trajectory 62 of circuit 66 -- done
rank 60 | trajectory 52 of circuit 89 -- done
rank 36 | trajectory 145 of circuit 56 -- done
rank 60 | trajectory 120 of circuit 7 -- done
rank 67 | trajectory 180 of circuit 55 -- done
rank 94 | trajectory 143 of circuit 57 -- done
rank 85 | trajectory 33 of circuit 13 -- done
rank 67 | trajectory 149 of circuit 67 -- done
rank 47 | trajectory 33 of circuit 52 -- done
rank 93 | trajectory 41 of circuit 46 -- done
rank 89 | trajectory 112 of circuit 96 -- done
rank 93 | trajectory 135 of circuit 39 -- done
rank 60 | trajectory 48 of circuit 6 -- done
rank 85 | trajectory 152 of circuit 32 -- done
rank 36 | trajectory 8 of circuit 36 -- done
rank 93 | trajectory 71 of circuit 35 -- done
rank 85 | trajectory 171 of circuit 75 -- done
rank 97 | trajectory 133 of circuit 71 -- done
rank 67 | trajectory 27 of circuit 23 -- done
rank 89 | trajectory 6 of circuit 79 -- done
rank 47 | trajectory 31 of circuit 69 -- done
rank 36 | trajectory 187 of circuit 92 -- done
rank 60 | trajectory 123 of circuit 21 -- done
rank 89 | trajectory 82 of circuit 37 -- done
rank 36 | trajectory 114 of circuit 92 -- done
rank 67 | trajectory 178 of circuit 53 -- done
rank 60 | trajectory 39 of circuit 56 -- done
rank 47 | trajectory 15 of circuit 84 -- done
rank 60 | trajectory 158 of circuit 6 -- done
rank 97 | trajectory 141 of circuit 23 -- done
rank 36 | trajectory 80 of circuit 36 -- done
rank 60 | trajectory 13 of circuit 22 -- done
rank 89 | trajectory 83 of circuit 66 -- done
rank 36 | trajectory 89 of circuit 95 -- done
rank 47 | trajectory 23 of circuit 100 -- done
rank 60 | trajectory 89 of circuit 91 -- done
rank 89 | trajectory 100 of circuit 61 -- done
rank 36 | trajectory 16 of circuit 92 -- done
rank 67 | trajectory 36 of circuit 69 -- done
rank 60 | trajectory 121 of circuit 74 -- done
rank 36 | trajectory 83 of circuit 29 -- done
rank 47 | trajectory 35 of circuit 67 -- done
rank 97 | trajectory 26 of circuit 2 -- done
rank 60 | trajectory 130 of circuit 61 -- done
rank 89 | trajectory 64 of circuit 68 -- done
rank 36 | trajectory 94 of circuit 1 -- done
rank 47 | trajectory 32 of circuit 85 -- done
rank 60 | trajectory 15 of circuit 35 -- done
rank 67 | trajectory 57 of circuit 12 -- done
rank 60 | trajectory 160 of circuit 81 -- done
rank 89 | trajectory 10 of circuit 37 -- done
rank 47 | trajectory 12 of circuit 26 -- done
rank 36 | trajectory 73 of circuit 77 -- done
rank 89 | trajectory 102 of circuit 16 -- done
rank 67 | trajectory 48 of circuit 85 -- done
rank 36 | trajectory 68 of circuit 68 -- done
rank 47 | trajectory 34 of circuit 59 -- done
rank 97 | trajectory 36 of circuit 34 -- done
rank 67 | trajectory 61 of circuit 13 -- done
rank 89 | trajectory 106 of circuit 68 -- done
rank 60 | trajectory 122 of circuit 66 -- done
rank 47 | trajectory 29 of circuit 69 -- done
rank 36 | trajectory 33 of circuit 60 -- done
rank 60 | trajectory 42 of circuit 39 -- done
rank 67 | trajectory 8 of circuit 18 -- done
rank 89 | trajectory 169 of circuit 72 -- done
rank 36 | trajectory 58 of circuit 34 -- done
rank 47 | trajectory 78 of circuit 59 -- done
rank 67 | trajectory 120 of circuit 80 -- done
rank 89 | trajectory 115 of circuit 31 -- done
rank 47 | trajectory 132 of circuit 25 -- done
rank 36 | trajectory 1 of circuit 7 -- done
rank 60 | trajectory 58 of circuit 45 -- done
rank 89 | trajectory 62 of circuit 24 -- done
rank 67 | trajectory 15 of circuit 65 -- done
rank 47 | trajectory 189 of circuit 83 -- done
rank 36 | trajectory 97 of circuit 39 -- done
rank 67 | trajectory 52 of circuit 60 -- done
rank 60 | trajectory 132 of circuit 35 -- done
rank 60 | trajectory 56 of circuit 100 -- done
rank 89 | trajectory 76 of circuit 35 -- done
rank 67 | trajectory 31 of circuit 79 -- done
rank 47 | trajectory 130 of circuit 25 -- done
rank 36 | trajectory 32 of circuit 96 -- done
rank 60 | trajectory 28 of circuit 57 -- done
rank 89 | trajectory 71 of circuit 90 -- done
rank 67 | trajectory 53 of circuit 28 -- done
rank 97 | trajectory 42 of circuit 82 -- done
rank 60 | trajectory 104 of circuit 74 -- done
rank 89 | trajectory 70 of circuit 5 -- done
rank 36 | trajectory 4 of circuit 11 -- done
rank 47 | trajectory 171 of circuit 14 -- done
rank 60 | trajectory 68 of circuit 74 -- done
rank 67 | trajectory 168 of circuit 61 -- done
rank 36 | trajectory 122 of circuit 31 -- done
rank 89 | trajectory 132 of circuit 57 -- done
rank 60 | trajectory 41 of circuit 48 -- done
rank 67 | trajectory 5 of circuit 22 -- done
rank 36 | trajectory 137 of circuit 43 -- done
rank 47 | trajectory 175 of circuit 85 -- done
rank 67 | trajectory 86 of circuit 42 -- done
rank 89 | trajectory 45 of circuit 16 -- done
rank 36 | trajectory 121 of circuit 87 -- done
rank 47 | trajectory 120 of circuit 78 -- done
rank 89 | trajectory 157 of circuit 23 -- done
rank 67 | trajectory 146 of circuit 100 -- done
rank 36 | trajectory 133 of circuit 53 -- done
rank 47 | trajectory 147 of circuit 4 -- done
rank 89 | trajectory 63 of circuit 3 -- done
rank 67 | trajectory 132 of circuit 98 -- done
rank 36 | trajectory 91 of circuit 47 -- done
rank 89 | trajectory 13 of circuit 99 -- done
rank 67 | trajectory 128 of circuit 39 -- done
rank 36 | trajectory 168 of circuit 24 -- done
rank 60 | trajectory 188 of circuit 16 -- done
rank 47 | trajectory 111 of circuit 99 -- done
rank 67 | trajectory 77 of circuit 5 -- done
rank 36 | trajectory 161 of circuit 99 -- done
rank 60 | trajectory 34 of circuit 63 -- done
rank 67 | trajectory 21 of circuit 96 -- done
rank 60 | trajectory 90 of circuit 53 -- done
rank 97 | trajectory 54 of circuit 70 -- done
rank 36 | trajectory 143 of circuit 82 -- done
rank 67 | trajectory 109 of circuit 43 -- done
rank 47 | trajectory 179 of circuit 20 -- done
rank 89 | trajectory 60 of circuit 23 -- done
rank 36 | trajectory 7 of circuit 26 -- done
rank 60 | trajectory 75 of circuit 23 -- done
rank 36 | trajectory 52 of circuit 92 -- done
rank 89 | trajectory 25 of circuit 27 -- done
rank 67 | trajectory 118 of circuit 100 -- done
rank 47 | trajectory 168 of circuit 55 -- done
rank 60 | trajectory 35 of circuit 72 -- done
rank 89 | trajectory 101 of circuit 81 -- done
rank 36 | trajectory 79 of circuit 55 -- done
rank 60 | trajectory 3 of circuit 37 -- done
rank 89 | trajectory 86 of circuit 62 -- done
rank 60 | trajectory 76 of circuit 10 -- done
rank 36 | trajectory 25 of circuit 36 -- done
rank 60 | trajectory 125 of circuit 23 -- done
rank 67 | trajectory 114 of circuit 83 -- done
rank 36 | trajectory 109 of circuit 29 -- done
rank 47 | trajectory 124 of circuit 73 -- done
rank 89 | trajectory 56 of circuit 28 -- done
rank 60 | trajectory 30 of circuit 15 -- done
rank 67 | trajectory 135 of circuit 3 -- done
rank 36 | trajectory 98 of circuit 77 -- done
rank 89 | trajectory 37 of circuit 47 -- done
rank 60 | trajectory 96 of circuit 61 -- done
rank 36 | trajectory 72 of circuit 72 -- done
rank 97 | trajectory 67 of circuit 49 -- done
rank 47 | trajectory 69 of circuit 28 -- done
rank 36 | trajectory 29 of circuit 41 -- done
rank 60 | trajectory 71 of circuit 52 -- done
rank 67 | trajectory 40 of circuit 59 -- done
rank 89 | trajectory 15 of circuit 13 -- done
rank 36 | trajectory 132 of circuit 82 -- done
rank 36 | trajectory 101 of circuit 72 -- done
rank 47 | trajectory 100 of circuit 46 -- done
rank 97 | trajectory 22 of circuit 99 -- done
rank 67 | trajectory 78 of circuit 82 -- done
rank 89 | trajectory 68 of circuit 35 -- done
rank 60 | trajectory 115 of circuit 1 -- done
rank 47 | trajectory 96 of circuit 35 -- done
rank 97 | trajectory 11 of circuit 73 -- done
rank 89 | trajectory 2 of circuit 94 -- done
rank 36 | trajectory 71 of circuit 72 -- done
rank 67 | trajectory 156 of circuit 62 -- done
rank 60 | trajectory 8 of circuit 58 -- done
rank 97 | trajectory 25 of circuit 61 -- done
rank 89 | trajectory 185 of circuit 20 -- done
rank 47 | trajectory 57 of circuit 79 -- done
rank 36 | trajectory 99 of circuit 53 -- done
rank 36 | trajectory 118 of circuit 18 -- done
rank 47 | trajectory 92 of circuit 93 -- done
rank 97 | trajectory 182 of circuit 2 -- done
rank 89 | trajectory 33 of circuit 78 -- done
rank 60 | trajectory 22 of circuit 27 -- done
rank 89 | trajectory 152 of circuit 100 -- done
rank 67 | trajectory 167 of circuit 92 -- done
rank 36 | trajectory 50 of circuit 72 -- done
rank 60 | trajectory 66 of circuit 58 -- done
rank 97 | trajectory 7 of circuit 51 -- done
rank 47 | trajectory 106 of circuit 59 -- done
rank 67 | trajectory 173 of circuit 45 -- done
rank 36 | trajectory 105 of circuit 80 -- done
rank 89 | trajectory 18 of circuit 88 -- done
rank 94 | trajectory 37 of circuit 94 -- done
rank 67 | trajectory 19 of circuit 90 -- done
rank 36 | trajectory 59 of circuit 90 -- done
rank 89 | trajectory 54 of circuit 72 -- done
rank 47 | trajectory 49 of circuit 61 -- done
rank 36 | trajectory 54 of circuit 83 -- done
rank 67 | trajectory 66 of circuit 13 -- done
rank 89 | trajectory 96 of circuit 59 -- done
rank 36 | trajectory 78 of circuit 56 -- done
rank 97 | trajectory 154 of circuit 44 -- done
rank 89 | trajectory 30 of circuit 19 -- done
rank 94 | trajectory 14 of circuit 34 -- done
rank 47 | trajectory 105 of circuit 77 -- done
rank 67 | trajectory 159 of circuit 55 -- done
rank 89 | trajectory 42 of circuit 68 -- done
rank 97 | trajectory 19 of circuit 24 -- done
rank 36 | trajectory 157 of circuit 79 -- done
rank 47 | trajectory 90 of circuit 33 -- done
rank 67 | trajectory 39 of circuit 89 -- done
rank 36 | trajectory 166 of circuit 54 -- done
rank 89 | trajectory 110 of circuit 57 -- done
rank 67 | trajectory 26 of circuit 19 -- done
rank 97 | trajectory 71 of circuit 66 -- done
rank 36 | trajectory 6 of circuit 76 -- done
rank 47 | trajectory 70 of circuit 43 -- done
rank 94 | trajectory 78 of circuit 3 -- done
rank 67 | trajectory 96 of circuit 91 -- done
rank 89 | trajectory 23 of circuit 78 -- done
rank 36 | trajectory 82 of circuit 78 -- done
rank 47 | trajectory 139 of circuit 52 -- done
rank 97 | trajectory 188 of circuit 78 -- done
rank 36 | trajectory 179 of circuit 67 -- done
rank 89 | trajectory 145 of circuit 17 -- done
rank 67 | trajectory 102 of circuit 19 -- done
rank 94 | trajectory 62 of circuit 68 -- done
rank 36 | trajectory 14 of circuit 42 -- done
rank 67 | trajectory 113 of circuit 35 -- done
rank 89 | trajectory 84 of circuit 44 -- done
rank 89 | trajectory 144 of circuit 39 -- done
rank 97 | trajectory 113 of circuit 59 -- done
rank 47 | trajectory 93 of circuit 23 -- done
rank 36 | trajectory 117 of circuit 26 -- done
rank 94 | trajectory 9 of circuit 82 -- done
rank 67 | trajectory 92 of circuit 51 -- done
rank 36 | trajectory 151 of circuit 49 -- done
rank 97 | trajectory 158 of circuit 32 -- done
rank 47 | trajectory 89 of circuit 42 -- done
rank 89 | trajectory 160 of circuit 94 -- done
rank 89 | trajectory 124 of circuit 87 -- done
rank 97 | trajectory 112 of circuit 85 -- done
rank 67 | trajectory 93 of circuit 5 -- done
rank 94 | trajectory 177 of circuit 77 -- done
rank 89 | trajectory 80 of circuit 22 -- done
rank 89 | trajectory 117 of circuit 64 -- done
rank 67 | trajectory 82 of circuit 69 -- done
rank 36 | trajectory 155 of circuit 35 -- done
rank 67 | trajectory 79 of circuit 49 -- done
rank 47 | trajectory 183 of circuit 67 -- done
rank 36 | trajectory 90 of circuit 13 -- done
rank 94 | trajectory 111 of circuit 58 -- done
rank 67 | trajectory 184 of circuit 51 -- done
rank 47 | trajectory 94 of circuit 39 -- done
rank 67 | trajectory 100 of circuit 47 -- done
rank 94 | trajectory 10 of circuit 39 -- done
rank 89 | trajectory 98 of circuit 56 -- done
rank 67 | trajectory 155 of circuit 33 -- done
rank 97 | trajectory 184 of circuit 29 -- done
rank 47 | trajectory 160 of circuit 76 -- done
rank 89 | trajectory 50 of circuit 96 -- done
rank 89 | trajectory 66 of circuit 57 -- done
rank 67 | trajectory 65 of circuit 79 -- done
rank 94 | trajectory 71 of circuit 9 -- done
rank 89 | trajectory 79 of circuit 18 -- done
rank 89 | trajectory 150 of circuit 37 -- done
rank 97 | trajectory 5 of circuit 97 -- done
rank 67 | trajectory 172 of circuit 61 -- done
rank 47 | trajectory 10 of circuit 97 -- done
rank 89 | trajectory 65 of circuit 30 -- done
rank 67 | trajectory 37 of circuit 71 -- done
rank 97 | trajectory 174 of circuit 3 -- done
rank 47 | trajectory 158 of circuit 69 -- done
rank 89 | trajectory 51 of circuit 30 -- done
rank 94 | trajectory 130 of circuit 58 -- done
rank 97 | trajectory 16 of circuit 96 -- done
rank 67 | trajectory 182 of circuit 46 -- done
rank 47 | trajectory 140 of circuit 72 -- done
rank 89 | trajectory 47 of circuit 93 -- done
rank 89 | trajectory 139 of circuit 4 -- done
rank 94 | trajectory 182 of circuit 39 -- done
rank 97 | trajectory 46 of circuit 33 -- done
rank 47 | trajectory 178 of circuit 24 -- done
rank 89 | trajectory 184 of circuit 90 -- done
rank 94 | trajectory 105 of circuit 40 -- done
rank 97 | trajectory 78 of circuit 58 -- done
rank 47 | trajectory 156 of circuit 43 -- done
rank 89 | trajectory 21 of circuit 77 -- done
rank 89 | trajectory 3 of circuit 22 -- done
rank 97 | trajectory 156 of circuit 78 -- done
rank 47 | trajectory 187 of circuit 95 -- done
rank 94 | trajectory 119 of circuit 92 -- done
rank 89 | trajectory 74 of circuit 33 -- done
rank 97 | trajectory 169 of circuit 93 -- done
rank 47 | trajectory 125 of circuit 31 -- done
rank 94 | trajectory 174 of circuit 13 -- done
rank 89 | trajectory 12 of circuit 35 -- done
rank 47 | trajectory 86 of circuit 53 -- done
rank 97 | trajectory 8 of circuit 44 -- done
rank 47 | trajectory 122 of circuit 25 -- done
rank 94 | trajectory 149 of circuit 7 -- done
rank 97 | trajectory 186 of circuit 45 -- done
rank 97 | trajectory 18 of circuit 74 -- done
rank 94 | trajectory 88 of circuit 59 -- done
rank 47 | trajectory 2 of circuit 19 -- done
rank 47 | trajectory 9 of circuit 8 -- done
rank 97 | trajectory 126 of circuit 89 -- done
rank 94 | trajectory 110 of circuit 53 -- done
rank 97 | trajectory 172 of circuit 55 -- done
rank 47 | trajectory 26 of circuit 28 -- done
rank 47 | trajectory 36 of circuit 50 -- done
rank 94 | trajectory 181 of circuit 81 -- done
rank 97 | trajectory 100 of circuit 11 -- done
rank 94 | trajectory 21 of circuit 46 -- done
rank 97 | trajectory 68 of circuit 98 -- done
rank 47 | trajectory 114 of circuit 70 -- done
rank 97 | trajectory 119 of circuit 64 -- done
rank 97 | trajectory 2 of circuit 15 -- done
rank 47 | trajectory 134 of circuit 88 -- done
rank 97 | trajectory 132 of circuit 22 -- done
rank 94 | trajectory 81 of circuit 1 -- done
rank 47 | trajectory 131 of circuit 42 -- done
rank 97 | trajectory 52 of circuit 50 -- done
rank 94 | trajectory 145 of circuit 7 -- done
rank 97 | trajectory 28 of circuit 48 -- done
rank 47 | trajectory 13 of circuit 17 -- done
rank 94 | trajectory 87 of circuit 15 -- done
rank 47 | trajectory 149 of circuit 86 -- done
rank 97 | trajectory 49 of circuit 54 -- done
rank 94 | trajectory 136 of circuit 20 -- done
rank 97 | trajectory 41 of circuit 95 -- done
rank 47 | trajectory 115 of circuit 57 -- done
rank 94 | trajectory 137 of circuit 23 -- done
rank 47 | trajectory 113 of circuit 29 -- done
rank 97 | trajectory 104 of circuit 16 -- done
rank 94 | trajectory 58 of circuit 87 -- done
rank 47 | trajectory 185 of circuit 19 -- done
rank 97 | trajectory 45 of circuit 67 -- done
rank 47 | trajectory 142 of circuit 48 -- done
rank 47 | trajectory 166 of circuit 78 -- done
rank 94 | trajectory 190 of circuit 20 -- done
rank 97 | trajectory 92 of circuit 18 -- done
rank 47 | trajectory 137 of circuit 37 -- done
rank 94 | trajectory 85 of circuit 71 -- done
rank 47 | trajectory 103 of circuit 43 -- done
rank 97 | trajectory 3 of circuit 48 -- done
rank 97 | trajectory 12 of circuit 99 -- done
rank 47 | trajectory 101 of circuit 100 -- done
rank 94 | trajectory 15 of circuit 44 -- done
rank 97 | trajectory 21 of circuit 87 -- done
rank 47 | trajectory 75 of circuit 92 -- done
rank 97 | trajectory 160 of circuit 8 -- done
rank 47 | trajectory 107 of circuit 24 -- done
rank 94 | trajectory 192 of circuit 17 -- done
rank 97 | trajectory 86 of circuit 72 -- done
rank 97 | trajectory 181 of circuit 80 -- done
rank 94 | trajectory 141 of circuit 71 -- done
rank 47 | trajectory 81 of circuit 55 -- done
rank 97 | trajectory 165 of circuit 99 -- done
rank 47 | trajectory 25 of circuit 70 -- done
rank 94 | trajectory 185 of circuit 59 -- done
rank 97 | trajectory 189 of circuit 89 -- done
rank 47 | trajectory 99 of circuit 91 -- done
rank 97 | trajectory 30 of circuit 90 -- done
rank 94 | trajectory 90 of circuit 97 -- done
rank 47 | trajectory 97 of circuit 87 -- done
rank 97 | trajectory 152 of circuit 87 -- done
rank 94 | trajectory 41 of circuit 68 -- done
rank 47 | trajectory 1 of circuit 51 -- done
rank 97 | trajectory 147 of circuit 10 -- done
rank 94 | trajectory 191 of circuit 26 -- done
rank 97 | trajectory 74 of circuit 8 -- done
rank 47 | trajectory 138 of circuit 54 -- done
rank 94 | trajectory 152 of circuit 23 -- done
rank 6 | trajectory 102 of circuit 95 -- done
rank 47 | trajectory 84 of circuit 93 -- done
rank 97 | trajectory 38 of circuit 10 -- done
rank 94 | trajectory 180 of circuit 30 -- done
rank 6 | trajectory 123 of circuit 96 -- done
rank 97 | trajectory 63 of circuit 44 -- done
rank 47 | trajectory 128 of circuit 44 -- done
rank 6 | trajectory 172 of circuit 26 -- done
rank 94 | trajectory 169 of circuit 49 -- done
rank 97 | trajectory 108 of circuit 95 -- done
rank 47 | trajectory 98 of circuit 76 -- done
rank 97 | trajectory 13 of circuit 25 -- done
rank 94 | trajectory 61 of circuit 91 -- done
rank 6 | trajectory 115 of circuit 55 -- done
rank 97 | trajectory 109 of circuit 91 -- done
rank 47 | trajectory 143 of circuit 58 -- done
rank 94 | trajectory 93 of circuit 9 -- done
rank 47 | trajectory 141 of circuit 13 -- done
rank 47 | trajectory 161 of circuit 65 -- done
rank 47 | trajectory 109 of circuit 88 -- done
rank 94 | trajectory 45 of circuit 9 -- done
rank 97 | trajectory 47 of circuit 47 -- done
rank 47 | trajectory 135 of circuit 12 -- done
rank 6 | trajectory 62 of circuit 71 -- done
rank 97 | trajectory 176 of circuit 17 -- done
rank 94 | trajectory 76 of circuit 2 -- done
rank 47 | trajectory 121 of circuit 61 -- done
rank 94 | trajectory 53 of circuit 35 -- done
rank 6 | trajectory 95 of circuit 30 -- done
rank 97 | trajectory 142 of circuit 94 -- done
rank 6 | trajectory 41 of circuit 9 -- done
rank 94 | trajectory 92 of circuit 91 -- done
rank 47 | trajectory 177 of circuit 48 -- done
rank 6 | trajectory 17 of circuit 10 -- done
rank 97 | trajectory 97 of circuit 58 -- done
rank 47 | trajectory 95 of circuit 96 -- done
rank 47 | trajectory 54 of circuit 76 -- done
rank 94 | trajectory 148 of circuit 80 -- done
rank 6 | trajectory 20 of circuit 71 -- done
rank 47 | trajectory 82 of circuit 32 -- done
rank 97 | trajectory 192 of circuit 7 -- done
rank 6 | trajectory 32 of circuit 5 -- done
rank 47 | trajectory 170 of circuit 47 -- done
rank 6 | trajectory 24 of circuit 81 -- done
rank 47 | trajectory 174 of circuit 63 -- done
rank 94 | trajectory 113 of circuit 67 -- done
rank 47 | trajectory 181 of circuit 100 -- done
rank 6 | trajectory 2 of circuit 74 -- done
rank 97 | trajectory 40 of circuit 30 -- done
rank 47 | trajectory 76 of circuit 13 -- done
rank 97 | trajectory 70 of circuit 88 -- done
rank 6 | trajectory 47 of circuit 63 -- done
rank 94 | trajectory 95 of circuit 4 -- done
rank 97 | trajectory 80 of circuit 29 -- done
rank 47 | trajectory 164 of circuit 29 -- done
rank 97 | trajectory 66 of circuit 92 -- done
rank 6 | trajectory 175 of circuit 91 -- done
rank 47 | trajectory 85 of circuit 41 -- done
rank 6 | trajectory 91 of circuit 82 -- done
rank 94 | trajectory 188 of circuit 36 -- done
rank 47 | trajectory 112 of circuit 38 -- done
rank 97 | trajectory 179 of circuit 85 -- done
rank 97 | trajectory 177 of circuit 49 -- done
rank 6 | trajectory 80 of circuit 78 -- done
rank 94 | trajectory 170 of circuit 55 -- done
rank 6 | trajectory 59 of circuit 56 -- done
rank 47 | trajectory 190 of circuit 59 -- done
rank 94 | trajectory 138 of circuit 52 -- done
rank 6 | trajectory 182 of circuit 75 -- done
rank 47 | trajectory 126 of circuit 58 -- done
rank 97 | trajectory 106 of circuit 96 -- done
rank 6 | trajectory 86 of circuit 48 -- done
rank 6 | trajectory 121 of circuit 95 -- done
rank 94 | trajectory 102 of circuit 25 -- done
rank 97 | trajectory 161 of circuit 56 -- done
rank 47 | trajectory 102 of circuit 28 -- done
rank 6 | trajectory 120 of circuit 23 -- done
rank 6 | trajectory 79 of circuit 17 -- done
rank 94 | trajectory 108 of circuit 22 -- done
rank 6 | trajectory 183 of circuit 43 -- done
rank 97 | trajectory 33 of circuit 63 -- done
rank 47 | trajectory 188 of circuit 85 -- done
rank 94 | trajectory 183 of circuit 51 -- done
rank 6 | trajectory 56 of circuit 35 -- done
rank 47 | trajectory 67 of circuit 1 -- done
rank 6 | trajectory 185 of circuit 8 -- done
rank 94 | trajectory 97 of circuit 17 -- done
rank 6 | trajectory 33 of circuit 99 -- done
rank 97 | trajectory 43 of circuit 25 -- done
rank 94 | trajectory 44 of circuit 14 -- done
rank 6 | trajectory 40 of circuit 88 -- done
rank 47 | trajectory 4 of circuit 42 -- done
rank 6 | trajectory 190 of circuit 41 -- done
rank 6 | trajectory 118 of circuit 53 -- done
rank 94 | trajectory 107 of circuit 13 -- done
rank 6 | trajectory 63 of circuit 23 -- done
rank 6 | trajectory 146 of circuit 26 -- done
rank 94 | trajectory 176 of circuit 62 -- done
rank 6 | trajectory 78 of circuit 35 -- done
rank 6 | trajectory 28 of circuit 17 -- done
rank 6 | trajectory 137 of circuit 68 -- done
rank 6 | trajectory 87 of circuit 94 -- done
rank 94 | trajectory 117 of circuit 79 -- done
rank 6 | trajectory 113 of circuit 76 -- done
rank 6 | trajectory 34 of circuit 86 -- done
rank 6 | trajectory 76 of circuit 23 -- done
rank 94 | trajectory 35 of circuit 64 -- done
rank 6 | trajectory 3 of circuit 72 -- done
rank 6 | trajectory 30 of circuit 55 -- done
rank 94 | trajectory 39 of circuit 85 -- done
rank 6 | trajectory 21 of circuit 100 -- done
rank 94 | trajectory 74 of circuit 55 -- done
rank 6 | trajectory 170 of circuit 26 -- done
rank 6 | trajectory 10 of circuit 69 -- done
rank 94 | trajectory 104 of circuit 70 -- done
rank 6 | trajectory 53 of circuit 16 -- done
rank 6 | trajectory 6 of circuit 46 -- done
rank 94 | trajectory 112 of circuit 44 -- done
rank 6 | trajectory 157 of circuit 50 -- done
rank 94 | trajectory 120 of circuit 75 -- done
rank 6 | trajectory 106 of circuit 55 -- done
rank 6 | trajectory 8 of circuit 81 -- done
rank 6 | trajectory 85 of circuit 86 -- done
rank 6 | trajectory 14 of circuit 17 -- done
rank 6 | trajectory 61 of circuit 45 -- done
rank 94 | trajectory 155 of circuit 37 -- done
rank 94 | trajectory 7 of circuit 68 -- done
rank 94 | trajectory 2 of circuit 97 -- done
rank 94 | trajectory 124 of circuit 96 -- done
rank 94 | trajectory 158 of circuit 3 -- done
rank 94 | trajectory 91 of circuit 92 -- done
rank 94 | trajectory 25 of circuit 30 -- done
rank 94 | trajectory 153 of circuit 1 -- done
rank 94 | trajectory 142 of circuit 71 -- done
rank 94 | trajectory 128 of circuit 23 -- done
rank 94 | trajectory 147 of circuit 38 -- done
rank 94 | trajectory 46 of circuit 48 -- done
rank 94 | trajectory 63 of circuit 31 -- done
rank 94 | trajectory 43 of circuit 94 -- done
rank 94 | trajectory 77 of circuit 91 -- done
rank 94 | trajectory 30 of circuit 58 -- done
rank 94 | trajectory 28 of circuit 49 -- done
rank 94 | trajectory 75 of circuit 9 -- done
rank 94 | trajectory 22 of circuit 32 -- done
rank 94 | trajectory 139 of circuit 63 -- done
rank 94 | trajectory 23 of circuit 11 -- done
rank 94 | trajectory 166 of circuit 37 -- done
rank 94 | trajectory 29 of circuit 21 -- done
rank 94 | trajectory 32 of circuit 45 -- done
rank 94 | trajectory 36 of circuit 21 -- done
rank 94 | trajectory 59 of circuit 61 -- done
rank 94 | trajectory 184 of circuit 68 -- done
rank 94 | trajectory 79 of circuit 75 -- done
rank 94 | trajectory 51 of circuit 56 -- done
rank 94 | trajectory 50 of circuit 50 -- done
rank 94 | trajectory 64 of circuit 57 -- done
rank 94 | trajectory 164 of circuit 66 -- done
rank 94 | trajectory 33 of circuit 2 -- done
rank 94 | trajectory 6 of circuit 100 -- done
rank 94 | trajectory 4 of circuit 3 -- done
rank 94 | trajectory 12 of circuit 50 -- done
rank 94 | trajectory 123 of circuit 28 -- done
rank 94 | trajectory 19 of circuit 47 -- done
rank 94 | trajectory 8 of circuit 45 -- done
rank 94 | trajectory 134 of circuit 56 -- done
rank 94 | trajectory 16 of circuit 19 -- done
rank 94 | trajectory 165 of circuit 62 -- done
rank 94 | trajectory 135 of circuit 6 -- done
rank 94 | trajectory 38 of circuit 18 -- done
rank 94 | trajectory 160 of circuit 92 -- done
rank 94 | trajectory 42 of circuit 59 -- done
rank 94 | trajectory 161 of circuit 23 -- done
rank 94 | trajectory 175 of circuit 31 -- done
rank 94 | trajectory 127 of circuit 80 -- done
rank 94 | trajectory 118 of circuit 31 -- done
rank 94 | trajectory 60 of circuit 70 -- done
rank 94 | trajectory 140 of circuit 5 -- done
rank 94 | trajectory 52 of circuit 80 -- done
rank 94 | trajectory 24 of circuit 49 -- done
rank 94 | trajectory 80 of circuit 93 -- done
rank 94 | trajectory 13 of circuit 98 -- done
rank 94 | trajectory 11 of circuit 40 -- done
rank 94 | trajectory 56 of circuit 71 -- done
rank 94 | trajectory 126 of circuit 98 -- done
rank 94 | trajectory 54 of circuit 91 -- done
rank 94 | trajectory 146 of circuit 71 -- done
rank 94 | trajectory 101 of circuit 17 -- done
rank 94 | trajectory 65 of circuit 7 -- done
rank 94 | trajectory 26 of circuit 91 -- done
rank 94 | trajectory 100 of circuit 20 -- done
rank 94 | trajectory 20 of circuit 46 -- done
rank 94 | trajectory 103 of circuit 73 -- done
rank 60 | trajectory 25 of circuit 94 -- done
rank 87 | trajectory 96 of circuit 93 -- done
rank 80 | trajectory 28 of circuit 93 -- done
rank 34 | trajectory 172 of circuit 90 -- done
rank 13 | trajectory 170 of circuit 97 -- done
rank 50 | trajectory 91 of circuit 98 -- done
rank 7 | trajectory 98 of circuit 88 -- done
rank 59 | trajectory 146 of circuit 87 -- done
rank 29 | trajectory 123 of circuit 89 -- done
rank 91 | trajectory 152 of circuit 89 -- done
rank 65 | trajectory 2 of circuit 83 -- done
rank 70 | trajectory 155 of circuit 94 -- done
rank 43 | trajectory 17 of circuit 85 -- done
rank 5 | trajectory 46 of circuit 83 -- done
rank 47 | trajectory 11 of circuit 94 -- done
rank 91 | trajectory 11 of circuit 83 -- done
rank 89 | trajectory 149 of circuit 87 -- done
rank 66 | trajectory 17 of circuit 88 -- done
rank 49 | trajectory 3 of circuit 91 -- done
rank 51 | trajectory 143 of circuit 92 -- done
rank 21 | trajectory 56 of circuit 88 -- done
rank 37 | trajectory 109 of circuit 81 -- done
rank 87 | trajectory 42 of circuit 77 -- done
rank 51 | trajectory 183 of circuit 77 -- done
rank 94 | trajectory 132 of circuit 86 -- done
rank 65 | trajectory 176 of circuit 77 -- done
rank 55 | trajectory 55 of circuit 89 -- done
rank 66 | trajectory 106 of circuit 75 -- done
rank 59 | trajectory 107 of circuit 89 -- done
rank 55 | trajectory 171 of circuit 95 -- done
rank 1 | trajectory 186 of circuit 76 -- done
rank 24 | trajectory 116 of circuit 82 -- done
rank 21 | trajectory 37 of circuit 76 -- done
rank 92 | trajectory 94 of circuit 67 -- done
rank 74 | trajectory 13 of circuit 74 -- done
rank 0 | trajectory 170 of circuit 76 -- done
rank 24 | trajectory 87 of circuit 71 -- done
rank 75 | trajectory 82 of circuit 84 -- done
rank 62 | trajectory 162 of circuit 69 -- done
rank 6 | trajectory 74 of circuit 72 -- done
rank 18 | trajectory 95 of circuit 77 -- done
rank 86 | trajectory 56 of circuit 81 -- done
rank 48 | trajectory 40 of circuit 85 -- done
rank 39 | trajectory 190 of circuit 80 -- done
rank 1 | trajectory 142 of circuit 68 -- done
rank 83 | trajectory 64 of circuit 76 -- done
rank 78 | trajectory 52 of circuit 74 -- done
rank 34 | trajectory 112 of circuit 68 -- done
rank 25 | trajectory 61 of circuit 67 -- done
rank 6 | trajectory 163 of circuit 88 -- done
rank 0 | trajectory 7 of circuit 80 -- done
rank 44 | trajectory 84 of circuit 71 -- done
rank 92 | trajectory 31 of circuit 70 -- done
rank 74 | trajectory 78 of circuit 63 -- done
rank 63 | trajectory 69 of circuit 67 -- done
rank 75 | trajectory 190 of circuit 61 -- done
rank 0 | trajectory 180 of circuit 63 -- done
rank 19 | trajectory 39 of circuit 88 -- done
rank 69 | trajectory 52 of circuit 62 -- done
rank 80 | trajectory 10 of circuit 79 -- done
rank 29 | trajectory 173 of circuit 64 -- done
rank 97 | trajectory 73 of circuit 64 -- done
rank 20 | trajectory 183 of circuit 68 -- done
rank 82 | trajectory 177 of circuit 60 -- done
rank 31 | trajectory 22 of circuit 58 -- done
rank 79 | trajectory 104 of circuit 63 -- done
rank 54 | trajectory 180 of circuit 79 -- done
rank 47 | trajectory 42 of circuit 79 -- done
rank 77 | trajectory 170 of circuit 58 -- done
rank 40 | trajectory 66 of circuit 82 -- done
rank 94 | trajectory 133 of circuit 58 -- done
rank 14 | trajectory 143 of circuit 55 -- done
rank 18 | trajectory 82 of circuit 58 -- done
rank 70 | trajectory 141 of circuit 56 -- done
rank 38 | trajectory 29 of circuit 83 -- done
rank 66 | trajectory 33 of circuit 69 -- done
rank 40 | trajectory 50 of circuit 78 -- done
rank 49 | trajectory 59 of circuit 73 -- done
rank 39 | trajectory 5 of circuit 58 -- done
rank 42 | trajectory 42 of circuit 76 -- done
rank 59 | trajectory 48 of circuit 80 -- done
rank 8 | trajectory 120 of circuit 65 -- done
rank 10 | trajectory 166 of circuit 63 -- done
rank 97 | trajectory 178 of circuit 78 -- done
rank 7 | trajectory 183 of circuit 74 -- done
rank 86 | trajectory 125 of circuit 70 -- done
rank 60 | trajectory 169 of circuit 56 -- done
rank 93 | trajectory 188 of circuit 75 -- done
rank 36 | trajectory 66 of circuit 52 -- done
rank 50 | trajectory 178 of circuit 51 -- done
rank 98 | trajectory 20 of circuit 60 -- done
rank 26 | trajectory 67 of circuit 55 -- done
rank 12 | trajectory 157 of circuit 77 -- done
rank 1 | trajectory 33 of circuit 77 -- done
rank 97 | trajectory 84 of circuit 72 -- done
rank 87 | trajectory 122 of circuit 72 -- done
rank 37 | trajectory 113 of circuit 73 -- done
rank 72 | trajectory 41 of circuit 51 -- done
rank 41 | trajectory 35 of circuit 75 -- done
rank 72 | trajectory 178 of circuit 57 -- done
rank 90 | trajectory 49 of circuit 68 -- done
rank 83 | trajectory 178 of circuit 48 -- done
rank 45 | trajectory 82 of circuit 46 -- done
rank 75 | trajectory 126 of circuit 52 -- done
rank 99 | trajectory 99 of circuit 66 -- done
rank 11 | trajectory 12 of circuit 87 -- done
rank 22 | trajectory 47 of circuit 72 -- done
rank 79 | trajectory 58 of circuit 56 -- done
rank 90 | trajectory 15 of circuit 49 -- done
rank 27 | trajectory 161 of circuit 62 -- done
rank 50 | trajectory 106 of circuit 48 -- done
rank 58 | trajectory 83 of circuit 72 -- done
rank 49 | trajectory 119 of circuit 46 -- done
rank 92 | trajectory 85 of circuit 67 -- done
rank 84 | trajectory 121 of circuit 50 -- done
rank 55 | trajectory 19 of circuit 43 -- done
rank 48 | trajectory 101 of circuit 44 -- done
rank 79 | trajectory 106 of circuit 67 -- done
rank 95 | trajectory 80 of circuit 48 -- done
rank 85 | trajectory 88 of circuit 67 -- done
rank 23 | trajectory 22 of circuit 43 -- done
rank 21 | trajectory 107 of circuit 62 -- done
rank 14 | trajectory 92 of circuit 39 -- done
rank 91 | trajectory 99 of circuit 55 -- done
rank 1 | trajectory 82 of circuit 66 -- done
rank 6 | trajectory 130 of circuit 40 -- done
rank 87 | trajectory 72 of circuit 41 -- done
rank 56 | trajectory 66 of circuit 66 -- done
rank 18 | trajectory 106 of circuit 61 -- done
rank 89 | trajectory 191 of circuit 62 -- done
rank 64 | trajectory 15 of circuit 40 -- done
rank 62 | trajectory 175 of circuit 44 -- done
rank 33 | trajectory 68 of circuit 43 -- done
rank 75 | trajectory 176 of circuit 58 -- done
rank 57 | trajectory 27 of circuit 76 -- done
rank 44 | trajectory 103 of circuit 38 -- done
rank 59 | trajectory 105 of circuit 58 -- done
rank 8 | trajectory 89 of circuit 41 -- done
rank 83 | trajectory 96 of circuit 40 -- done
rank 37 | trajectory 57 of circuit 55 -- done
rank 53 | trajectory 183 of circuit 45 -- done
rank 15 | trajectory 153 of circuit 72 -- done
rank 82 | trajectory 41 of circuit 58 -- done
rank 85 | trajectory 134 of circuit 55 -- done
rank 25 | trajectory 88 of circuit 41 -- done
rank 7 | trajectory 99 of circuit 54 -- done
rank 64 | trajectory 82 of circuit 36 -- done
rank 95 | trajectory 81 of circuit 62 -- done
rank 88 | trajectory 24 of circuit 61 -- done
rank 65 | trajectory 140 of circuit 64 -- done
rank 94 | trajectory 157 of circuit 53 -- done
rank 5 | trajectory 155 of circuit 68 -- done
rank 37 | trajectory 11 of circuit 37 -- done
rank 50 | trajectory 3 of circuit 64 -- done
rank 62 | trajectory 120 of circuit 64 -- done
rank 19 | trajectory 65 of circuit 90 -- done
rank 91 | trajectory 144 of circuit 57 -- done
rank 48 | trajectory 67 of circuit 57 -- done
rank 22 | trajectory 24 of circuit 55 -- done
rank 85 | trajectory 90 of circuit 47 -- done
rank 6 | trajectory 58 of circuit 55 -- done
rank 68 | trajectory 73 of circuit 57 -- done
rank 97 | trajectory 159 of circuit 59 -- done
rank 32 | trajectory 37 of circuit 34 -- done
rank 52 | trajectory 171 of circuit 76 -- done
rank 54 | trajectory 49 of circuit 69 -- done
rank 56 | trajectory 51 of circuit 70 -- done
rank 6 | trajectory 43 of circuit 57 -- done
rank 68 | trajectory 156 of circuit 56 -- done
rank 33 | trajectory 154 of circuit 36 -- done
rank 40 | trajectory 24 of circuit 46 -- done
rank 65 | trajectory 61 of circuit 68 -- done
rank 52 | trajectory 99 of circuit 57 -- done
rank 40 | trajectory 97 of circuit 48 -- done
rank 54 | trajectory 124 of circuit 48 -- done
rank 24 | trajectory 192 of circuit 48 -- done
rank 89 | trajectory 133 of circuit 66 -- done
rank 91 | trajectory 92 of circuit 33 -- done
rank 57 | trajectory 50 of circuit 30 -- done
rank 75 | trajectory 116 of circuit 35 -- done
rank 71 | trajectory 11 of circuit 28 -- done
rank 45 | trajectory 129 of circuit 36 -- done
rank 69 | trajectory 167 of circuit 55 -- done
rank 29 | trajectory 29 of circuit 34 -- done
rank 94 | trajectory 70 of circuit 52 -- done
rank 13 | trajectory 59 of circuit 50 -- done
rank 84 | trajectory 99 of circuit 64 -- done
rank 74 | trajectory 28 of circuit 34 -- done
rank 47 | trajectory 73 of circuit 47 -- done
rank 22 | trajectory 152 of circuit 49 -- done
rank 63 | trajectory 29 of circuit 60 -- done
rank 80 | trajectory 22 of circuit 48 -- done
rank 98 | trajectory 160 of circuit 55 -- done
rank 87 | trajectory 129 of circuit 45 -- done
rank 79 | trajectory 139 of circuit 44 -- done
rank 1 | trajectory 114 of circuit 30 -- done
rank 34 | trajectory 181 of circuit 48 -- done
rank 99 | trajectory 20 of circuit 30 -- done
rank 99 | trajectory 30 of circuit 34 -- done
rank 91 | trajectory 188 of circuit 63 -- done
rank 26 | trajectory 46 of circuit 29 -- done
rank 51 | trajectory 20 of circuit 28 -- done
rank 56 | trajectory 87 of circuit 45 -- done
rank 40 | trajectory 119 of circuit 58 -- done
rank 42 | trajectory 51 of circuit 38 -- done
rank 50 | trajectory 24 of circuit 53 -- done
rank 78 | trajectory 121 of circuit 56 -- done
rank 23 | trajectory 168 of circuit 40 -- done
rank 92 | trajectory 150 of circuit 29 -- done
rank 35 | trajectory 12 of circuit 43 -- done
rank 6 | trajectory 72 of circuit 47 -- done
rank 97 | trajectory 155 of circuit 49 -- done
rank 85 | trajectory 101 of circuit 56 -- done
rank 21 | trajectory 118 of circuit 40 -- done
rank 53 | trajectory 129 of circuit 41 -- done
rank 73 | trajectory 189 of circuit 43 -- done
rank 5 | trajectory 170 of circuit 43 -- done
rank 82 | trajectory 51 of circuit 50 -- done
rank 51 | trajectory 97 of circuit 49 -- done
rank 12 | trajectory 167 of circuit 41 -- done
rank 41 | trajectory 158 of circuit 29 -- done
rank 36 | trajectory 173 of circuit 53 -- done
rank 65 | trajectory 39 of circuit 55 -- done
rank 63 | trajectory 30 of circuit 32 -- done
rank 16 | trajectory 11 of circuit 44 -- done
rank 6 | trajectory 83 of circuit 38 -- done
rank 64 | trajectory 44 of circuit 41 -- done
rank 32 | trajectory 160 of circuit 27 -- done
rank 34 | trajectory 149 of circuit 23 -- done
rank 46 | trajectory 125 of circuit 24 -- done
rank 27 | trajectory 182 of circuit 24 -- done
rank 81 | trajectory 91 of circuit 39 -- done
rank 63 | trajectory 174 of circuit 23 -- done
rank 43 | trajectory 32 of circuit 54 -- done
rank 56 | trajectory 85 of circuit 44 -- done
rank 55 | trajectory 18 of circuit 47 -- done
rank 85 | trajectory 80 of circuit 52 -- done
rank 4 | trajectory 135 of circuit 22 -- done
rank 41 | trajectory 132 of circuit 46 -- done
rank 64 | trajectory 42 of circuit 37 -- done
rank 82 | trajectory 94 of circuit 41 -- done
rank 19 | trajectory 168 of circuit 58 -- done
rank 2 | trajectory 58 of circuit 49 -- done
rank 35 | trajectory 4 of circuit 20 -- done
rank 0 | trajectory 21 of circuit 37 -- done
rank 82 | trajectory 1 of circuit 38 -- done
rank 84 | trajectory 178 of circuit 29 -- done
rank 13 | trajectory 148 of circuit 29 -- done
rank 21 | trajectory 187 of circuit 33 -- done
rank 31 | trajectory 23 of circuit 19 -- done
rank 9 | trajectory 33 of circuit 27 -- done
rank 56 | trajectory 37 of circuit 50 -- done
rank 0 | trajectory 88 of circuit 21 -- done
rank 10 | trajectory 56 of circuit 39 -- done
rank 17 | trajectory 67 of circuit 65 -- done
rank 67 | trajectory 11 of circuit 23 -- done
rank 28 | trajectory 75 of circuit 19 -- done
rank 2 | trajectory 11 of circuit 32 -- done
rank 89 | trajectory 179 of circuit 47 -- done
rank 73 | trajectory 62 of circuit 33 -- done
rank 91 | trajectory 128 of circuit 21 -- done
rank 8 | trajectory 54 of circuit 34 -- done
rank 30 | trajectory 177 of circuit 40 -- done
rank 5 | trajectory 34 of circuit 43 -- done
rank 59 | trajectory 17 of circuit 31 -- done
rank 55 | trajectory 13 of circuit 44 -- done
rank 76 | trajectory 101 of circuit 33 -- done
rank 93 | trajectory 180 of circuit 32 -- done
rank 13 | trajectory 184 of circuit 33 -- done
rank 63 | trajectory 59 of circuit 45 -- done
rank 61 | trajectory 118 of circuit 30 -- done
rank 59 | trajectory 160 of circuit 20 -- done
rank 59 | trajectory 8 of circuit 33 -- done
rank 86 | trajectory 75 of circuit 34 -- done
rank 50 | trajectory 10 of circuit 25 -- done
rank 25 | trajectory 187 of circuit 28 -- done
rank 43 | trajectory 168 of circuit 42 -- done
rank 59 | trajectory 121 of circuit 30 -- done
rank 52 | trajectory 103 of circuit 32 -- done
rank 3 | trajectory 106 of circuit 28 -- done
rank 3 | trajectory 38 of circuit 37 -- done
rank 67 | trajectory 181 of circuit 18 -- done
rank 7 | trajectory 47 of circuit 36 -- done
rank 5 | trajectory 87 of circuit 26 -- done
rank 85 | trajectory 93 of circuit 44 -- done
rank 19 | trajectory 8 of circuit 35 -- done
rank 19 | trajectory 26 of circuit 21 -- done
rank 65 | trajectory 56 of circuit 49 -- done
rank 71 | trajectory 49 of circuit 41 -- done
rank 65 | trajectory 84 of circuit 37 -- done
rank 84 | trajectory 154 of circuit 26 -- done
rank 35 | trajectory 41 of circuit 18 -- done
rank 48 | trajectory 33 of circuit 24 -- done
rank 23 | trajectory 159 of circuit 22 -- done
rank 15 | trajectory 141 of circuit 25 -- done
rank 40 | trajectory 173 of circuit 20 -- done
rank 38 | trajectory 134 of circuit 36 -- done
rank 22 | trajectory 131 of circuit 45 -- done
rank 9 | trajectory 89 of circuit 17 -- done
rank 52 | trajectory 98 of circuit 23 -- done
rank 95 | trajectory 152 of circuit 14 -- done
rank 0 | trajectory 26 of circuit 39 -- done
rank 0 | trajectory 84 of circuit 23 -- done
rank 56 | trajectory 117 of circuit 24 -- done
rank 98 | trajectory 52 of circuit 19 -- done
rank 11 | trajectory 175 of circuit 35 -- done
rank 59 | trajectory 186 of circuit 46 -- done
rank 60 | trajectory 47 of circuit 15 -- done
rank 83 | trajectory 164 of circuit 16 -- done
rank 51 | trajectory 55 of circuit 17 -- done
rank 62 | trajectory 171 of circuit 17 -- done
rank 82 | trajectory 114 of circuit 24 -- done
rank 48 | trajectory 17 of circuit 41 -- done
rank 22 | trajectory 45 of circuit 27 -- done
rank 19 | trajectory 15 of circuit 47 -- done
rank 57 | trajectory 171 of circuit 28 -- done
rank 3 | trajectory 147 of circuit 32 -- done
rank 70 | trajectory 64 of circuit 28 -- done
rank 81 | trajectory 133 of circuit 21 -- done
rank 11 | trajectory 8 of circuit 50 -- done
rank 33 | trajectory 45 of circuit 34 -- done
rank 59 | trajectory 42 of circuit 26 -- done
rank 91 | trajectory 102 of circuit 15 -- done
rank 37 | trajectory 99 of circuit 15 -- done
rank 85 | trajectory 172 of circuit 13 -- done
rank 70 | trajectory 132 of circuit 14 -- done
rank 86 | trajectory 5 of circuit 19 -- done
rank 59 | trajectory 157 of circuit 14 -- done
rank 33 | trajectory 164 of circuit 11 -- done
rank 33 | trajectory 22 of circuit 21 -- done
rank 76 | trajectory 126 of circuit 13 -- done
rank 26 | trajectory 102 of circuit 24 -- done
rank 33 | trajectory 135 of circuit 14 -- done
rank 97 | trajectory 136 of circuit 21 -- done
rank 91 | trajectory 14 of circuit 22 -- done
rank 39 | trajectory 130 of circuit 12 -- done
rank 2 | trajectory 29 of circuit 28 -- done
rank 68 | trajectory 57 of circuit 21 -- done
rank 19 | trajectory 148 of circuit 30 -- done
rank 32 | trajectory 26 of circuit 65 -- done
rank 24 | trajectory 5 of circuit 12 -- done
rank 14 | trajectory 128 of circuit 11 -- done
rank 58 | trajectory 100 of circuit 26 -- done
rank 10 | trajectory 36 of circuit 12 -- done
rank 50 | trajectory 123 of circuit 18 -- done
rank 8 | trajectory 55 of circuit 20 -- done
rank 12 | trajectory 88 of circuit 9 -- done
rank 77 | trajectory 4 of circuit 13 -- done
rank 5 | trajectory 162 of circuit 10 -- done
rank 0 | trajectory 9 of circuit 12 -- done
rank 38 | trajectory 78 of circuit 11 -- done
rank 6 | trajectory 134 of circuit 12 -- done
rank 81 | trajectory 164 of circuit 23 -- done
rank 89 | trajectory 128 of circuit 9 -- done
rank 47 | trajectory 153 of circuit 9 -- done
rank 71 | trajectory 147 of circuit 18 -- done
rank 18 | trajectory 98 of circuit 10 -- done
rank 26 | trajectory 166 of circuit 11 -- done
rank 94 | trajectory 94 of circuit 18 -- done
rank 46 | trajectory 62 of circuit 21 -- done
rank 73 | trajectory 106 of circuit 18 -- done
rank 92 | trajectory 121 of circuit 15 -- done
rank 42 | trajectory 91 of circuit 9 -- done
rank 27 | trajectory 51 of circuit 17 -- done
rank 27 | trajectory 135 of circuit 18 -- done
rank 58 | trajectory 136 of circuit 17 -- done
rank 97 | trajectory 50 of circuit 10 -- done
rank 4 | trajectory 12 of circuit 15 -- done
rank 22 | trajectory 10 of circuit 15 -- done
rank 68 | trajectory 39 of circuit 18 -- done
rank 15 | trajectory 189 of circuit 14 -- done
rank 69 | trajectory 116 of circuit 14 -- done
rank 86 | trajectory 158 of circuit 20 -- done
rank 69 | trajectory 13 of circuit 12 -- done
rank 81 | trajectory 43 of circuit 19 -- done
rank 38 | trajectory 49 of circuit 19 -- done
rank 2 | trajectory 122 of circuit 14 -- done
rank 48 | trajectory 52 of circuit 4 -- done
rank 19 | trajectory 13 of circuit 20 -- done
rank 0 | trajectory 150 of circuit 13 -- done
rank 96 | trajectory 76 of circuit 8 -- done
rank 27 | trajectory 71 of circuit 5 -- done
rank 10 | trajectory 147 of circuit 14 -- done
rank 88 | trajectory 172 of circuit 12 -- done
rank 50 | trajectory 148 of circuit 14 -- done
rank 56 | trajectory 181 of circuit 3 -- done
rank 13 | trajectory 158 of circuit 14 -- done
rank 3 | trajectory 127 of circuit 13 -- done
rank 88 | trajectory 118 of circuit 11 -- done
rank 87 | trajectory 80 of circuit 3 -- done
rank 48 | trajectory 55 of circuit 27 -- done
rank 87 | trajectory 152 of circuit 16 -- done
rank 0 | trajectory 64 of circuit 2 -- done
rank 23 | trajectory 42 of circuit 1 -- done
rank 30 | trajectory 68 of circuit 4 -- done
rank 46 | trajectory 138 of circuit 20 -- done
rank 20 | trajectory 82 of circuit 13 -- done
rank 1 | trajectory 7 of circuit 12 -- done
rank 76 | trajectory 21 of circuit 9 -- done
rank 17 | trajectory 192 of circuit 11 -- done
rank 58 | trajectory 183 of circuit 16 -- done
rank 9 | trajectory 84 of circuit 6 -- done
rank 95 | trajectory 126 of circuit 10 -- done
rank 98 | trajectory 90 of circuit 2 -- done
rank 54 | trajectory 50 of circuit 18 -- done
rank 37 | trajectory 12 of circuit 17 -- done
rank 98 | trajectory 145 of circuit 1 -- done
rank 67 | trajectory 10 of circuit 2 -- done
rank 62 | trajectory 96 of circuit 11 -- done
rank 80 | trajectory 13 of circuit 13 -- done
rank 36 | trajectory 170 of circuit 14 -- done
rank 30 | trajectory 129 of circuit 10 -- done
rank 97 | trajectory 121 of circuit 1 -- done
rank 55 | trajectory 163 of circuit 7 -- done
rank 52 | trajectory 29 of circuit 18 -- done
rank 3 | trajectory 176 of circuit 3 -- done
rank 35 | trajectory 64 of circuit 5 -- done
rank 84 | trajectory 32 of circuit 9 -- done
rank 93 | trajectory 74 of circuit 9 -- done
rank 72 | trajectory 176 of circuit 9 -- done
rank 99 | trajectory 154 of circuit 8 -- done
rank 49 | trajectory 171 of circuit 1 -- done
rank 18 | trajectory 19 of circuit 9 -- done
rank 78 | trajectory 44 of circuit 15 -- done
rank 20 | trajectory 184 of circuit 13 -- done
rank 3 | trajectory 64 of circuit 14 -- done
rank 7 | trajectory 55 of circuit 8 -- done
rank 44 | trajectory 189 of circuit 9 -- done
rank 27 | trajectory 155 of circuit 1 -- done
rank 85 | trajectory 54 of circuit 24 -- done
rank 48 | trajectory 42 of circuit 13 -- done
rank 19 | trajectory 10 of circuit 7 -- done
rank 0 | trajectory 24 of circuit 6 -- done
rank 52 | trajectory 40 of circuit 27 -- done
rank 93 | trajectory 141 of circuit 6 -- done
rank 93 | trajectory 122 of circuit 6 -- done
rank 22 | trajectory 75 of circuit 5 -- done
rank 86 | trajectory 105 of circuit 13 -- done
rank 86 | trajectory 54 of circuit 4 -- done
rank 72 | trajectory 184 of circuit 5 -- done
rank 44 | trajectory 35 of circuit 7 -- done
rank 39 | trajectory 124 of circuit 1 -- done
rank 1 | trajectory 139 of circuit 13 -- done
rank 68 | trajectory 164 of circuit 4 -- done
rank 65 | trajectory 67 of circuit 16 -- done
rank 27 | trajectory 30 of circuit 2 -- done
rank 49 | trajectory 71 of circuit 6 -- done
rank 81 | trajectory 38 of circuit 15 -- done
rank 30 | trajectory 187 of circuit 4 -- done
rank 15 | trajectory 115 of circuit 20 -- done
rank 48 | trajectory 182 of circuit 3 -- done
rank 52 | trajectory 112 of circuit 11 -- done
rank 54 | trajectory 92 of circuit 3 -- done
rank 1 | trajectory 184 of circuit 1 -- done
rank 61 | trajectory 7 of circuit 3 -- done
rank 52 | trajectory 109 of circuit 10 -- done
rank 80 | trajectory 35 of circuit 1 -- done
rank 20 | trajectory 130 of circuit 7 -- done
rank 34 | trajectory 117 of circuit 1 -- done
rank 73 | trajectory 52 of circuit 2 -- done
rank 91 | trajectory 67 of circuit 9 -- done
rank 73 | trajectory 102 of circuit 2 -- done
rank 88 | trajectory 149 of circuit 1 -- done
rank 52 | trajectory 170 of circuit 9 -- done
rank 72 | trajectory 156 of circuit 4 -- done
rank 32 | trajectory 98 of circuit 7 -- done
rank 72 | trajectory 91 of circuit 6 -- done
rank 68 | trajectory 191 of circuit 4 -- done
rank 13 | trajectory 111 of circuit 8 -- done
rank 30 | trajectory 127 of circuit 3 -- done
rank 10 | trajectory 49 of circuit 10 -- done
rank 1 | trajectory 169 of circuit 7 -- done
rank 3 | trajectory 101 of circuit 4 -- done
rank 81 | trajectory 95 of circuit 11 -- done
rank 81 | trajectory 63 of circuit 6 -- done
rank 49 | trajectory 13 of circuit 1 -- done
rank 94 | trajectory 186 of circuit 4 -- done
rank 32 | trajectory 121 of circuit 6 -- done
rank 86 | trajectory 120 of circuit 1 -- done
rank 60 | trajectory 81 of circuit 2 -- done
rank 60 | trajectory 191 of circuit 2 -- done
rank 91 | trajectory 124 of circuit 12 -- done
rank 16 | trajectory 104 of circuit 6 -- done
rank 19 | trajectory 162 of circuit 1 -- done
rank 54 | trajectory 140 of circuit 4 -- done
rank 86 | trajectory 88 of circuit 3 -- done
rank 48 | trajectory 88 of circuit 1 -- done
rank 84 | trajectory 26 of circuit 4 -- done
rank 82 | trajectory 151 of circuit 9 -- done
rank 13 | trajectory 82 of circuit 9 -- done
rank 22 | trajectory 42 of circuit 3 -- done
rank 56 | trajectory 19 of circuit 8 -- done
rank 20 | trajectory 135 of circuit 5 -- done
rank 48 | trajectory 53 of circuit 1 -- done
rank 1 | trajectory 95 of circuit 18 -- done
rank 27 | trajectory 73 of circuit 5 -- done
rank 16 | trajectory 189 of circuit 4 -- done
rank 43 | trajectory 136 of circuit 6 -- done
rank 73 | trajectory 131 of circuit 1 -- done
rank 19 | trajectory 136 of circuit 2 -- done
rank 55 | trajectory 188 of circuit 8 -- done
rank 55 | trajectory 191 of circuit 3 -- done
rank 82 | trajectory 111 of circuit 100 -- done
rank 40 | trajectory 145 of circuit 95 -- done
rank 40 | trajectory 102 of circuit 87 -- done
rank 20 | trajectory 30 of circuit 12 -- done
rank 23 | trajectory 87 of circuit 87 -- done
rank 29 | trajectory 58 of circuit 88 -- done
rank 60 | trajectory 36 of circuit 82 -- done
rank 54 | trajectory 73 of circuit 78 -- done
rank 36 | trajectory 135 of circuit 80 -- done
rank 29 | trajectory 43 of circuit 61 -- done
rank 58 | trajectory 146 of circuit 75 -- done
rank 81 | trajectory 154 of circuit 71 -- done
rank 46 | trajectory 58 of circuit 85 -- done
rank 88 | trajectory 89 of circuit 83 -- done
rank 82 | trajectory 102 of circuit 54 -- done
rank 56 | trajectory 192 of circuit 77 -- done
rank 22 | trajectory 31 of circuit 87 -- done
rank 15 | trajectory 161 of circuit 71 -- done
rank 59 | trajectory 92 of circuit 76 -- done
rank 71 | trajectory 75 of circuit 59 -- done
rank 20 | trajectory 151 of circuit 75 -- done
rank 98 | trajectory 174 of circuit 65 -- done
rank 11 | trajectory 38 of circuit 60 -- done
rank 90 | trajectory 60 of circuit 54 -- done
rank 78 | trajectory 39 of circuit 73 -- done
rank 36 | trajectory 15 of circuit 68 -- done
rank 6 | trajectory 155 of circuit 34 -- done
rank 83 | trajectory 63 of circuit 53 -- done
rank 81 | trajectory 74 of circuit 46 -- done
rank 5 | trajectory 134 of circuit 40 -- done
rank 88 | trajectory 130 of circuit 62 -- done
rank 42 | trajectory 58 of circuit 50 -- done
rank 39 | trajectory 45 of circuit 56 -- done
rank 23 | trajectory 48 of circuit 55 -- done
rank 34 | trajectory 29 of circuit 45 -- done
rank 24 | trajectory 68 of circuit 52 -- done
rank 50 | trajectory 185 of circuit 36 -- done
rank 38 | trajectory 67 of circuit 39 -- done
rank 38 | trajectory 155 of circuit 25 -- done
rank 19 | trajectory 54 of circuit 54 -- done
rank 98 | trajectory 32 of circuit 47 -- done
rank 27 | trajectory 16 of circuit 41 -- done
rank 69 | trajectory 55 of circuit 34 -- done
rank 18 | trajectory 1 of circuit 37 -- done
rank 61 | trajectory 9 of circuit 44 -- done
rank 2 | trajectory 72 of circuit 21 -- done
rank 57 | trajectory 174 of circuit 46 -- done
rank 63 | trajectory 18 of circuit 56 -- done
rank 86 | trajectory 174 of circuit 42 -- done
rank 5 | trajectory 104 of circuit 34 -- done
rank 62 | trajectory 67 of circuit 25 -- done
rank 2 | trajectory 64 of circuit 25 -- done
rank 87 | trajectory 120 of circuit 34 -- done
rank 79 | trajectory 35 of circuit 23 -- done
rank 76 | trajectory 173 of circuit 24 -- done
rank 95 | trajectory 15 of circuit 21 -- done
rank 94 | trajectory 57 of circuit 26 -- done
rank 7 | trajectory 187 of circuit 30 -- done
rank 20 | trajectory 38 of circuit 32 -- done
rank 47 | trajectory 182 of circuit 19 -- done
rank 70 | trajectory 180 of circuit 19 -- done
rank 2 | trajectory 55 of circuit 31 -- done
rank 14 | trajectory 141 of circuit 28 -- done
rank 58 | trajectory 188 of circuit 33 -- done
rank 26 | trajectory 85 of circuit 24 -- done
rank 22 | trajectory 135 of circuit 20 -- done
rank 89 | trajectory 27 of circuit 5 -- done
rank 23 | trajectory 125 of circuit 28 -- done
rank 16 | trajectory 58 of circuit 28 -- done
rank 3 | trajectory 49 of circuit 11 -- done
rank 58 | trajectory 52 of circuit 12 -- done
rank 10 | trajectory 17 of circuit 20 -- done
rank 76 | trajectory 83 of circuit 14 -- done
rank 14 | trajectory 71 of circuit 26 -- done
rank 5 | trajectory 165 of circuit 20 -- done
rank 48 | trajectory 80 of circuit 19 -- done
rank 32 | trajectory 131 of circuit 14 -- done
rank 9 | trajectory 136 of circuit 16 -- done
rank 7 | trajectory 97 of circuit 16 -- done
rank 43 | trajectory 62 of circuit 13 -- done
rank 51 | trajectory 166 of circuit 18 -- done
rank 73 | trajectory 140 of circuit 12 -- done
rank 48 | trajectory 138 of circuit 4 -- done
rank 3 | trajectory 104 of circuit 14 -- done
rank 40 | trajectory 18 of circuit 17 -- done
rank 43 | trajectory 137 of circuit 7 -- done
rank 54 | trajectory 154 of circuit 14 -- done
rank 3 | trajectory 61 of circuit 17 -- done
rank 81 | trajectory 129 of circuit 15 -- done
rank 53 | trajectory 1 of circuit 14 -- done
rank 75 | trajectory 63 of circuit 10 -- done
rank 66 | trajectory 101 of circuit 3 -- done
rank 15 | trajectory 20 of circuit 14 -- done
rank 57 | trajectory 189 of circuit 8 -- done
rank 75 | trajectory 165 of circuit 7 -- done
rank 63 | trajectory 11 of circuit 1 -- done
rank 48 | trajectory 147 of circuit 13 -- done
rank 51 | trajectory 116 of circuit 3 -- done
rank 70 | trajectory 10 of circuit 14 -- done
rank 46 | trajectory 129 of circuit 5 -- done
rank 8 | trajectory 151 of circuit 2 -- done
rank 37 | trajectory 154 of circuit 4 -- done
rank 44 | trajectory 155 of circuit 2 -- done
rank 99 | trajectory 145 of circuit 6 -- done
rank 25 | trajectory 13 of circuit 4 -- done
rank 3 | trajectory 96 of circuit 4 -- done
rank 54 | trajectory 161 of circuit 6 -- done
rank 38 | trajectory 186 of circuit 9 -- done
rank 84 | trajectory 48 of circuit 4 -- done
rank 13 | trajectory 49 of circuit 4 -- done
rank 16 | trajectory 150 of circuit 7 -- done
rank 89 | trajectory 134 of circuit 4 -- done
rank 52 | trajectory 23 of circuit 3 -- done
rank 47 | trajectory 79 of circuit 1 -- done
rank 26 | trajectory 49 of circuit 3 -- done
rank 69 | trajectory 48 of circuit 1 -- done




---------------------------------------------
complete:2024-05-28T15:35:37.770
---------------------------------------------




