



---------------------------------------------
start:2024-07-05T00:07:28.471
---------------------------------------------




rank 0 | running with 192 threads | 461 trajectories to sample...
rank 21 | running with 192 threads | 460 trajectories to sample...
rank 1 | running with 192 threads | 461 trajectories to sample...
rank 11 | running with 192 threads | 461 trajectories to sample...
rank 22 | running with 192 threads | 460 trajectories to sample...
rank 20 | running with 192 threads | 460 trajectories to sample...
rank 8 | running with 192 threads | 461 trajectories to sample...
rank 14 | running with 192 threads | 461 trajectories to sample...
rank 15 | running with 192 threads | 461 trajectories to sample...
rank 23 | running with 192 threads | 460 trajectories to sample...
rank 12 | running with 192 threads | 461 trajectories to sample...
rank 7 | running with 192 threads | 461 trajectories to sample...
rank 5 | running with 192 threads | 461 trajectories to sample...
rank 6 | running with 192 threads | 461 trajectories to sample...
rank 19 | running with 192 threads | 461 trajectories to sample...
rank 13 | running with 192 threads | 461 trajectories to sample...
rank 16 | running with 192 threads | 461 trajectories to sample...
rank 10 | running with 192 threads | 461 trajectories to sample...
rank 9 | running with 192 threads | 461 trajectories to sample...
rank 2 | running with 192 threads | 461 trajectories to sample...
rank 24 | running with 192 threads | 460 trajectories to sample...
rank 18 | running with 192 threads | 461 trajectories to sample...
rank 4 | running with 192 threads | 461 trajectories to sample...
rank 3 | running with 192 threads | 461 trajectories to sample...
rank 17 | running with 192 threads | 461 trajectories to sample...
rank 1 | trajectory 2609 of circuit 1 -- done
rank 24 | trajectory 334 of circuit 1 -- done
rank 22 | trajectory 233 of circuit 1 -- done
rank 15 | trajectory 3514 of circuit 2 -- done
rank 4 | trajectory 2077 of circuit 2 -- done
rank 22 | trajectory 3091 of circuit 1 -- done
rank 1 | trajectory 376 of circuit 1 -- done
rank 4 | trajectory 2394 of circuit 1 -- done
rank 4 | trajectory 3044 of circuit 2 -- done
rank 15 | trajectory 2131 of circuit 2 -- done
rank 7 | trajectory 28 of circuit 1 -- done
rank 1 | trajectory 2076 of circuit 2 -- done
rank 4 | trajectory 2960 of circuit 1 -- done
rank 4 | trajectory 2094 of circuit 1 -- done
rank 22 | trajectory 1758 of circuit 1 -- done
rank 1 | trajectory 1726 of circuit 2 -- done
rank 23 | trajectory 3058 of circuit 2 -- done
rank 4 | trajectory 1377 of circuit 2 -- done
rank 23 | trajectory 183 of circuit 1 -- done
rank 15 | trajectory 1306 of circuit 2 -- done
rank 24 | trajectory 2892 of circuit 1 -- done
rank 22 | trajectory 3525 of circuit 1 -- done
rank 4 | trajectory 2610 of circuit 1 -- done
rank 22 | trajectory 3408 of circuit 1 -- done
rank 19 | trajectory 32 of circuit 2 -- done
rank 4 | trajectory 2544 of circuit 2 -- done
rank 1 | trajectory 1201 of circuit 3 -- done
rank 23 | trajectory 1808 of circuit 1 -- done
rank 15 | trajectory 581 of circuit 1 -- done
rank 3 | trajectory 3493 of circuit 2 -- done
rank 15 | trajectory 2697 of circuit 1 -- done
rank 5 | trajectory 1002 of circuit 1 -- done
rank 7 | trajectory 178 of circuit 2 -- done
rank 15 | trajectory 1056 of circuit 2 -- done
rank 7 | trajectory 2778 of circuit 2 -- done
rank 22 | trajectory 258 of circuit 2 -- done
rank 23 | trajectory 433 of circuit 2 -- done
rank 4 | trajectory 3144 of circuit 1 -- done
rank 4 | trajectory 3760 of circuit 1 -- done
rank 22 | trajectory 1008 of circuit 3 -- done
rank 4 | trajectory 427 of circuit 1 -- done
rank 15 | trajectory 2764 of circuit 3 -- done
rank 11 | trajectory 954 of circuit 2 -- done
rank 20 | trajectory 2657 of circuit 1 -- done
rank 1 | trajectory 626 of circuit 2 -- done
rank 22 | trajectory 1808 of circuit 2 -- done
rank 1 | trajectory 2043 of circuit 1 -- done
rank 4 | trajectory 2010 of circuit 1 -- done
rank 4 | trajectory 3277 of circuit 1 -- done
rank 16 | trajectory 3614 of circuit 1 -- done
rank 13 | trajectory 2780 of circuit 1 -- done
rank 4 | trajectory 2327 of circuit 1 -- done
rank 16 | trajectory 2531 of circuit 1 -- done
rank 15 | trajectory 2464 of circuit 2 -- done
rank 4 | trajectory 3177 of circuit 2 -- done
rank 16 | trajectory 1281 of circuit 1 -- done
rank 13 | trajectory 3797 of circuit 2 -- done
rank 11 | trajectory 2346 of circuit 2 -- done
rank 3 | trajectory 3343 of circuit 2 -- done
rank 16 | trajectory 3831 of circuit 1 -- done
rank 21 | trajectory 3191 of circuit 2 -- done
rank 4 | trajectory 1027 of circuit 2 -- done
rank 15 | trajectory 2097 of circuit 1 -- done
rank 15 | trajectory 3364 of circuit 2 -- done
rank 4 | trajectory 702 of circuit 2 -- done
rank 23 | trajectory 3708 of circuit 2 -- done
rank 4 | trajectory 3210 of circuit 1 -- done
rank 4 | trajectory 1102 of circuit 2 -- done
rank 4 | trajectory 1852 of circuit 2 -- done
rank 24 | trajectory 109 of circuit 1 -- done
rank 4 | trajectory 2710 of circuit 1 -- done
rank 22 | trajectory 1558 of circuit 3 -- done
rank 11 | trajectory 1279 of circuit 2 -- done
rank 8 | trajectory 603 of circuit 1 -- done
rank 2 | trajectory 1201 of circuit 1 -- done
rank 4 | trajectory 3460 of circuit 1 -- done
rank 22 | trajectory 1858 of circuit 3 -- done
rank 13 | trajectory 2213 of circuit 1 -- done
rank 4 | trajectory 3077 of circuit 1 -- done
rank 17 | trajectory 2998 of circuit 1 -- done
rank 4 | trajectory 102 of circuit 1 -- done
rank 17 | trajectory 3281 of circuit 2 -- done
rank 13 | trajectory 1880 of circuit 1 -- done
rank 4 | trajectory 2494 of circuit 2 -- done
rank 4 | trajectory 1960 of circuit 3 -- done
rank 23 | trajectory 208 of circuit 3 -- done
rank 17 | trajectory 2398 of circuit 1 -- done
rank 22 | trajectory 3491 of circuit 1 -- done
rank 18 | trajectory 482 of circuit 2 -- done
rank 20 | trajectory 382 of circuit 1 -- done
rank 24 | trajectory 3359 of circuit 1 -- done
rank 1 | trajectory 1526 of circuit 3 -- done
rank 22 | trajectory 3591 of circuit 1 -- done
rank 21 | trajectory 2324 of circuit 2 -- done
rank 4 | trajectory 527 of circuit 1 -- done
rank 1 | trajectory 1126 of circuit 3 -- done
rank 15 | trajectory 181 of circuit 3 -- done
rank 12 | trajectory 2196 of circuit 1 -- done
rank 15 | trajectory 3231 of circuit 2 -- done
rank 4 | trajectory 2460 of circuit 2 -- done
rank 23 | trajectory 3392 of circuit 1 -- done
rank 15 | trajectory 3331 of circuit 3 -- done
rank 4 | trajectory 2194 of circuit 2 -- done
rank 22 | trajectory 408 of circuit 1 -- done
rank 24 | trajectory 3225 of circuit 2 -- done
rank 16 | trajectory 1856 of circuit 1 -- done
rank 21 | trajectory 1508 of circuit 2 -- done
rank 22 | trajectory 1258 of circuit 1 -- done
rank 2 | trajectory 3260 of circuit 3 -- done
rank 2 | trajectory 2360 of circuit 1 -- done
rank 24 | trajectory 3675 of circuit 1 -- done
rank 12 | trajectory 3346 of circuit 1 -- done
rank 17 | trajectory 1331 of circuit 1 -- done
rank 15 | trajectory 2231 of circuit 1 -- done
rank 4 | trajectory 1752 of circuit 2 -- done
rank 17 | trajectory 3631 of circuit 1 -- done
rank 15 | trajectory 1981 of circuit 3 -- done
rank 22 | trajectory 458 of circuit 1 -- done
rank 19 | trajectory 2815 of circuit 1 -- done
rank 12 | trajectory 2446 of circuit 1 -- done
rank 4 | trajectory 1152 of circuit 2 -- done
rank 7 | trajectory 3395 of circuit 1 -- done
rank 21 | trajectory 383 of circuit 1 -- done
rank 4 | trajectory 3260 of circuit 1 -- done
rank 4 | trajectory 827 of circuit 2 -- done
rank 1 | trajectory 176 of circuit 3 -- done
rank 20 | trajectory 1557 of circuit 2 -- done
rank 4 | trajectory 602 of circuit 1 -- done
rank 22 | trajectory 1233 of circuit 1 -- done
rank 16 | trajectory 306 of circuit 1 -- done
rank 16 | trajectory 2848 of circuit 2 -- done
rank 2 | trajectory 2926 of circuit 1 -- done
rank 16 | trajectory 331 of circuit 1 -- done
rank 4 | trajectory 852 of circuit 3 -- done
rank 15 | trajectory 1156 of circuit 1 -- done
rank 4 | trajectory 1227 of circuit 1 -- done
rank 12 | trajectory 3096 of circuit 2 -- done
rank 3 | trajectory 652 of circuit 2 -- done
rank 3 | trajectory 3043 of circuit 1 -- done
rank 2 | trajectory 1501 of circuit 1 -- done
rank 15 | trajectory 2831 of circuit 1 -- done
rank 19 | trajectory 82 of circuit 1 -- done
rank 20 | trajectory 2824 of circuit 2 -- done
rank 15 | trajectory 3481 of circuit 1 -- done
rank 22 | trajectory 1033 of circuit 1 -- done
rank 22 | trajectory 683 of circuit 1 -- done
rank 19 | trajectory 3265 of circuit 3 -- done
rank 17 | trajectory 1031 of circuit 1 -- done
rank 2 | trajectory 1051 of circuit 2 -- done
rank 7 | trajectory 2128 of circuit 1 -- done
rank 1 | trajectory 2376 of circuit 1 -- done
rank 0 | trajectory 3192 of circuit 1 -- done
rank 14 | trajectory 705 of circuit 1 -- done
rank 4 | trajectory 1427 of circuit 1 -- done
rank 17 | trajectory 156 of circuit 3 -- done
rank 16 | trajectory 2231 of circuit 2 -- done
rank 5 | trajectory 252 of circuit 1 -- done
rank 18 | trajectory 1632 of circuit 2 -- done
rank 22 | trajectory 8 of circuit 2 -- done
rank 4 | trajectory 1777 of circuit 3 -- done
rank 8 | trajectory 2678 of circuit 1 -- done
rank 5 | trajectory 2127 of circuit 1 -- done
rank 21 | trajectory 3708 of circuit 3 -- done
rank 4 | trajectory 2627 of circuit 3 -- done
rank 12 | trajectory 55 of circuit 2 -- done
rank 22 | trajectory 2358 of circuit 1 -- done
rank 15 | trajectory 3397 of circuit 2 -- done
rank 4 | trajectory 877 of circuit 3 -- done
rank 8 | trajectory 2462 of circuit 1 -- done
rank 22 | trajectory 3125 of circuit 1 -- done
rank 11 | trajectory 1479 of circuit 1 -- done
rank 22 | trajectory 1308 of circuit 3 -- done
rank 1 | trajectory 301 of circuit 2 -- done
rank 22 | trajectory 1958 of circuit 1 -- done
rank 1 | trajectory 3443 of circuit 1 -- done
rank 16 | trajectory 131 of circuit 2 -- done
rank 12 | trajectory 2380 of circuit 1 -- done
rank 20 | trajectory 2791 of circuit 2 -- done
rank 15 | trajectory 1831 of circuit 1 -- done
rank 23 | trajectory 2258 of circuit 1 -- done
rank 24 | trajectory 2342 of circuit 1 -- done
rank 11 | trajectory 579 of circuit 2 -- done
rank 6 | trajectory 3628 of circuit 1 -- done
rank 1 | trajectory 3043 of circuit 2 -- done
rank 17 | trajectory 381 of circuit 1 -- done
rank 24 | trajectory 3709 of circuit 1 -- done
rank 0 | trajectory 2142 of circuit 1 -- done
rank 1 | trajectory 2726 of circuit 3 -- done
rank 11 | trajectory 929 of circuit 1 -- done
rank 4 | trajectory 277 of circuit 3 -- done
rank 7 | trajectory 2461 of circuit 1 -- done
rank 21 | trajectory 2691 of circuit 3 -- done
rank 14 | trajectory 1280 of circuit 1 -- done
rank 24 | trajectory 3109 of circuit 3 -- done
rank 1 | trajectory 51 of circuit 1 -- done
rank 18 | trajectory 3015 of circuit 1 -- done
rank 21 | trajectory 3258 of circuit 1 -- done
rank 12 | trajectory 655 of circuit 2 -- done
rank 2 | trajectory 3543 of circuit 3 -- done
rank 15 | trajectory 1331 of circuit 3 -- done
rank 20 | trajectory 2407 of circuit 2 -- done
rank 3 | trajectory 3593 of circuit 1 -- done
rank 23 | trajectory 1908 of circuit 1 -- done
rank 21 | trajectory 2158 of circuit 1 -- done
rank 21 | trajectory 2608 of circuit 1 -- done
rank 23 | trajectory 3742 of circuit 1 -- done
rank 24 | trajectory 534 of circuit 1 -- done
rank 21 | trajectory 3758 of circuit 2 -- done
rank 12 | trajectory 3063 of circuit 1 -- done
rank 22 | trajectory 3108 of circuit 2 -- done
rank 18 | trajectory 1407 of circuit 1 -- done
rank 5 | trajectory 752 of circuit 1 -- done
rank 1 | trajectory 1926 of circuit 1 -- done
rank 24 | trajectory 9 of circuit 1 -- done
rank 4 | trajectory 652 of circuit 3 -- done
rank 13 | trajectory 3163 of circuit 1 -- done
rank 16 | trajectory 1231 of circuit 2 -- done
rank 3 | trajectory 3210 of circuit 2 -- done
rank 7 | trajectory 2628 of circuit 1 -- done
rank 24 | trajectory 1184 of circuit 2 -- done
rank 4 | trajectory 727 of circuit 2 -- done
rank 16 | trajectory 3564 of circuit 1 -- done
rank 21 | trajectory 208 of circuit 1 -- done
rank 24 | trajectory 2792 of circuit 1 -- done
rank 24 | trajectory 2125 of circuit 1 -- done
rank 3 | trajectory 3743 of circuit 1 -- done
rank 11 | trajectory 2046 of circuit 1 -- done
rank 16 | trajectory 2464 of circuit 1 -- done
rank 15 | trajectory 2064 of circuit 2 -- done
rank 24 | trajectory 2709 of circuit 1 -- done
rank 11 | trajectory 1829 of circuit 1 -- done
rank 16 | trajectory 1656 of circuit 1 -- done
rank 20 | trajectory 832 of circuit 1 -- done
rank 4 | trajectory 2527 of circuit 1 -- done
rank 15 | trajectory 2447 of circuit 1 -- done
rank 22 | trajectory 3508 of circuit 1 -- done
rank 4 | trajectory 1502 of circuit 2 -- done
rank 15 | trajectory 1706 of circuit 2 -- done
rank 22 | trajectory 1108 of circuit 1 -- done
rank 21 | trajectory 3158 of circuit 2 -- done
rank 20 | trajectory 32 of circuit 3 -- done
rank 20 | trajectory 3774 of circuit 1 -- done
rank 4 | trajectory 3594 of circuit 3 -- done
rank 16 | trajectory 3814 of circuit 3 -- done
rank 8 | trajectory 1203 of circuit 2 -- done
rank 4 | trajectory 3394 of circuit 2 -- done
rank 4 | trajectory 1652 of circuit 2 -- done
rank 19 | trajectory 1532 of circuit 3 -- done
rank 22 | trajectory 2308 of circuit 2 -- done
rank 4 | trajectory 3010 of circuit 1 -- done
rank 4 | trajectory 1902 of circuit 2 -- done
rank 18 | trajectory 1607 of circuit 1 -- done
rank 1 | trajectory 926 of circuit 1 -- done
rank 7 | trajectory 1728 of circuit 3 -- done
rank 5 | trajectory 902 of circuit 1 -- done
rank 4 | trajectory 2294 of circuit 3 -- done
rank 16 | trajectory 2798 of circuit 2 -- done
rank 17 | trajectory 1631 of circuit 2 -- done
rank 24 | trajectory 1084 of circuit 1 -- done
rank 20 | trajectory 1482 of circuit 3 -- done
rank 22 | trajectory 3008 of circuit 1 -- done
rank 3 | trajectory 2860 of circuit 1 -- done
rank 19 | trajectory 2899 of circuit 1 -- done
rank 22 | trajectory 1433 of circuit 1 -- done
rank 18 | trajectory 2782 of circuit 3 -- done
rank 20 | trajectory 757 of circuit 1 -- done
rank 18 | trajectory 3532 of circuit 1 -- done
rank 22 | trajectory 1908 of circuit 2 -- done
rank 4 | trajectory 2894 of circuit 2 -- done
rank 20 | trajectory 332 of circuit 3 -- done
rank 21 | trajectory 833 of circuit 2 -- done
rank 20 | trajectory 257 of circuit 2 -- done
rank 16 | trajectory 3281 of circuit 1 -- done
rank 22 | trajectory 1483 of circuit 3 -- done
rank 21 | trajectory 1058 of circuit 1 -- done
rank 20 | trajectory 1332 of circuit 1 -- done
rank 15 | trajectory 3047 of circuit 1 -- done
rank 4 | trajectory 2477 of circuit 1 -- done
rank 8 | trajectory 53 of circuit 1 -- done
rank 21 | trajectory 2174 of circuit 1 -- done
rank 23 | trajectory 2675 of circuit 1 -- done
rank 4 | trajectory 3227 of circuit 3 -- done
rank 0 | trajectory 3576 of circuit 1 -- done
rank 7 | trajectory 2645 of circuit 3 -- done
rank 22 | trajectory 1658 of circuit 1 -- done
rank 11 | trajectory 3679 of circuit 1 -- done
rank 7 | trajectory 2695 of circuit 1 -- done
rank 18 | trajectory 2982 of circuit 2 -- done
rank 11 | trajectory 1429 of circuit 1 -- done
rank 20 | trajectory 2191 of circuit 3 -- done
rank 12 | trajectory 1830 of circuit 2 -- done
rank 4 | trajectory 1802 of circuit 3 -- done
rank 4 | trajectory 3660 of circuit 1 -- done
rank 16 | trajectory 3081 of circuit 2 -- done
rank 4 | trajectory 3427 of circuit 2 -- done
rank 4 | trajectory 2977 of circuit 3 -- done
rank 20 | trajectory 1807 of circuit 1 -- done
rank 7 | trajectory 3145 of circuit 1 -- done
rank 7 | trajectory 3078 of circuit 2 -- done
rank 8 | trajectory 2728 of circuit 2 -- done
rank 17 | trajectory 1206 of circuit 2 -- done
rank 9 | trajectory 1579 of circuit 1 -- done
rank 1 | trajectory 2243 of circuit 1 -- done
rank 5 | trajectory 2227 of circuit 1 -- done
rank 22 | trajectory 3075 of circuit 1 -- done
rank 20 | trajectory 2324 of circuit 1 -- done
rank 8 | trajectory 728 of circuit 1 -- done
rank 6 | trajectory 2328 of circuit 1 -- done
rank 20 | trajectory 3824 of circuit 1 -- done
rank 12 | trajectory 2696 of circuit 1 -- done
rank 8 | trajectory 1253 of circuit 1 -- done
rank 8 | trajectory 3212 of circuit 1 -- done
rank 7 | trajectory 2428 of circuit 2 -- done
rank 23 | trajectory 2225 of circuit 1 -- done
rank 21 | trajectory 408 of circuit 3 -- done
rank 24 | trajectory 2459 of circuit 2 -- done
rank 10 | trajectory 2129 of circuit 1 -- done
rank 24 | trajectory 2375 of circuit 1 -- done
rank 10 | trajectory 579 of circuit 1 -- done
rank 21 | trajectory 3791 of circuit 1 -- done
rank 16 | trajectory 1381 of circuit 1 -- done
rank 7 | trajectory 1578 of circuit 2 -- done
rank 4 | trajectory 1127 of circuit 1 -- done
rank 16 | trajectory 1531 of circuit 1 -- done
rank 17 | trajectory 2598 of circuit 1 -- done
rank 12 | trajectory 2813 of circuit 1 -- done
rank 2 | trajectory 3376 of circuit 1 -- done
rank 16 | trajectory 2864 of circuit 1 -- done
rank 17 | trajectory 2698 of circuit 2 -- done
rank 15 | trajectory 2014 of circuit 2 -- done
rank 10 | trajectory 904 of circuit 1 -- done
rank 22 | trajectory 1133 of circuit 1 -- done
rank 20 | trajectory 1282 of circuit 1 -- done
rank 20 | trajectory 2941 of circuit 1 -- done
rank 1 | trajectory 1943 of circuit 2 -- done
rank 23 | trajectory 2658 of circuit 2 -- done
rank 4 | trajectory 3794 of circuit 1 -- done
rank 1 | trajectory 1901 of circuit 1 -- done
rank 7 | trajectory 878 of circuit 1 -- done
rank 23 | trajectory 3642 of circuit 1 -- done
rank 21 | trajectory 2991 of circuit 3 -- done
rank 20 | trajectory 2224 of circuit 1 -- done
rank 24 | trajectory 1684 of circuit 1 -- done
rank 11 | trajectory 3579 of circuit 1 -- done
rank 4 | trajectory 2944 of circuit 2 -- done
rank 14 | trajectory 2830 of circuit 2 -- done
rank 22 | trajectory 2758 of circuit 1 -- done
rank 7 | trajectory 2861 of circuit 1 -- done
rank 4 | trajectory 1202 of circuit 2 -- done
rank 13 | trajectory 2863 of circuit 1 -- done
rank 9 | trajectory 2779 of circuit 1 -- done
rank 21 | trajectory 1208 of circuit 1 -- done
rank 2 | trajectory 626 of circuit 1 -- done
rank 20 | trajectory 2907 of circuit 1 -- done
rank 5 | trajectory 1877 of circuit 1 -- done
rank 20 | trajectory 3324 of circuit 1 -- done
rank 16 | trajectory 3798 of circuit 1 -- done
rank 18 | trajectory 2615 of circuit 1 -- done
rank 7 | trajectory 78 of circuit 2 -- done
rank 5 | trajectory 2727 of circuit 1 -- done
rank 11 | trajectory 204 of circuit 1 -- done
rank 5 | trajectory 302 of circuit 1 -- done
rank 23 | trajectory 3108 of circuit 1 -- done
rank 5 | trajectory 952 of circuit 2 -- done
rank 18 | trajectory 1032 of circuit 2 -- done
rank 7 | trajectory 353 of circuit 1 -- done
rank 17 | trajectory 2715 of circuit 1 -- done
rank 22 | trajectory 308 of circuit 1 -- done
rank 11 | trajectory 2229 of circuit 1 -- done
rank 14 | trajectory 3447 of circuit 1 -- done
rank 12 | trajectory 255 of circuit 1 -- done
rank 14 | trajectory 2547 of circuit 1 -- done
rank 22 | trajectory 908 of circuit 1 -- done
rank 21 | trajectory 2674 of circuit 1 -- done
rank 10 | trajectory 2279 of circuit 1 -- done
rank 13 | trajectory 3247 of circuit 1 -- done
rank 18 | trajectory 2165 of circuit 1 -- done
rank 16 | trajectory 2498 of circuit 3 -- done
rank 22 | trajectory 1283 of circuit 3 -- done
rank 15 | trajectory 1856 of circuit 2 -- done
rank 6 | trajectory 1978 of circuit 1 -- done
rank 22 | trajectory 3041 of circuit 3 -- done
rank 24 | trajectory 3492 of circuit 1 -- done
rank 12 | trajectory 2580 of circuit 1 -- done
rank 22 | trajectory 3808 of circuit 1 -- done
rank 17 | trajectory 1531 of circuit 2 -- done
rank 21 | trajectory 3058 of circuit 3 -- done
rank 16 | trajectory 1731 of circuit 1 -- done
rank 7 | trajectory 2678 of circuit 2 -- done
rank 5 | trajectory 177 of circuit 1 -- done
rank 22 | trajectory 2858 of circuit 3 -- done
rank 22 | trajectory 3775 of circuit 2 -- done
rank 13 | trajectory 655 of circuit 1 -- done
rank 16 | trajectory 1964 of circuit 1 -- done
rank 7 | trajectory 2961 of circuit 2 -- done
rank 2 | trajectory 2143 of circuit 1 -- done
rank 15 | trajectory 3764 of circuit 1 -- done
rank 4 | trajectory 377 of circuit 1 -- done
rank 7 | trajectory 2978 of circuit 1 -- done
rank 21 | trajectory 2208 of circuit 1 -- done
rank 2 | trajectory 751 of circuit 2 -- done
rank 16 | trajectory 231 of circuit 1 -- done
rank 5 | trajectory 552 of circuit 1 -- done
rank 10 | trajectory 1179 of circuit 1 -- done
rank 13 | trajectory 2647 of circuit 1 -- done
rank 15 | trajectory 3414 of circuit 1 -- done
rank 7 | trajectory 2295 of circuit 1 -- done
rank 22 | trajectory 2275 of circuit 2 -- done
rank 12 | trajectory 2896 of circuit 1 -- done
rank 24 | trajectory 2509 of circuit 1 -- done
rank 7 | trajectory 1503 of circuit 2 -- done
rank 1 | trajectory 2109 of circuit 1 -- done
rank 2 | trajectory 2176 of circuit 2 -- done
rank 6 | trajectory 2144 of circuit 1 -- done
rank 1 | trajectory 526 of circuit 1 -- done
rank 17 | trajectory 2548 of circuit 1 -- done
rank 16 | trajectory 1631 of circuit 1 -- done
rank 12 | trajectory 2913 of circuit 3 -- done
rank 21 | trajectory 1333 of circuit 1 -- done
rank 10 | trajectory 2912 of circuit 1 -- done
rank 20 | trajectory 2507 of circuit 3 -- done
rank 1 | trajectory 3693 of circuit 2 -- done
rank 8 | trajectory 2545 of circuit 3 -- done
rank 20 | trajectory 1957 of circuit 3 -- done
rank 20 | trajectory 457 of circuit 1 -- done
rank 20 | trajectory 3507 of circuit 2 -- done
rank 4 | trajectory 2144 of circuit 3 -- done
rank 2 | trajectory 3676 of circuit 1 -- done
rank 20 | trajectory 407 of circuit 1 -- done
rank 5 | trajectory 677 of circuit 1 -- done
rank 12 | trajectory 3763 of circuit 1 -- done
rank 20 | trajectory 482 of circuit 1 -- done
rank 4 | trajectory 3527 of circuit 2 -- done
rank 19 | trajectory 332 of circuit 1 -- done
rank 20 | trajectory 132 of circuit 1 -- done
rank 6 | trajectory 2744 of circuit 1 -- done
rank 19 | trajectory 2732 of circuit 3 -- done
rank 11 | trajectory 2563 of circuit 1 -- done
rank 24 | trajectory 459 of circuit 1 -- done
rank 17 | trajectory 106 of circuit 2 -- done
rank 21 | trajectory 3141 of circuit 2 -- done
rank 2 | trajectory 1351 of circuit 1 -- done
rank 5 | trajectory 2427 of circuit 1 -- done
rank 4 | trajectory 352 of circuit 1 -- done
rank 8 | trajectory 3412 of circuit 1 -- done
rank 24 | trajectory 2692 of circuit 2 -- done
rank 17 | trajectory 2098 of circuit 1 -- done
rank 15 | trajectory 1947 of circuit 3 -- done
rank 22 | trajectory 3541 of circuit 1 -- done
rank 3 | trajectory 202 of circuit 2 -- done
rank 1 | trajectory 3376 of circuit 3 -- done
rank 10 | trajectory 3729 of circuit 1 -- done
rank 4 | trajectory 3127 of circuit 3 -- done
rank 7 | trajectory 903 of circuit 2 -- done
rank 0 | trajectory 1992 of circuit 1 -- done
rank 11 | trajectory 1879 of circuit 1 -- done
rank 11 | trajectory 3363 of circuit 1 -- done
rank 16 | trajectory 2114 of circuit 2 -- done
rank 10 | trajectory 2929 of circuit 2 -- done
rank 2 | trajectory 2126 of circuit 2 -- done
rank 5 | trajectory 3294 of circuit 1 -- done
rank 18 | trajectory 432 of circuit 1 -- done
rank 21 | trajectory 1158 of circuit 1 -- done
rank 15 | trajectory 1381 of circuit 2 -- done
rank 1 | trajectory 476 of circuit 1 -- done
rank 5 | trajectory 2011 of circuit 1 -- done
rank 12 | trajectory 3730 of circuit 2 -- done
rank 17 | trajectory 2481 of circuit 3 -- done
rank 8 | trajectory 1378 of circuit 3 -- done
rank 19 | trajectory 957 of circuit 1 -- done
rank 24 | trajectory 1834 of circuit 1 -- done
rank 21 | trajectory 283 of circuit 2 -- done
rank 7 | trajectory 1478 of circuit 2 -- done
rank 20 | trajectory 3041 of circuit 1 -- done
rank 24 | trajectory 3042 of circuit 2 -- done
rank 3 | trajectory 3277 of circuit 3 -- done
rank 9 | trajectory 2379 of circuit 1 -- done
rank 7 | trajectory 3211 of circuit 1 -- done
rank 6 | trajectory 1378 of circuit 2 -- done
rank 0 | trajectory 1326 of circuit 1 -- done
rank 23 | trajectory 633 of circuit 1 -- done
rank 17 | trajectory 3131 of circuit 2 -- done
rank 16 | trajectory 2514 of circuit 1 -- done
rank 13 | trajectory 3430 of circuit 3 -- done
rank 20 | trajectory 1832 of circuit 1 -- done
rank 10 | trajectory 254 of circuit 1 -- done
rank 21 | trajectory 1758 of circuit 3 -- done
rank 7 | trajectory 153 of circuit 2 -- done
rank 16 | trajectory 2931 of circuit 3 -- done
rank 11 | trajectory 1029 of circuit 1 -- done
rank 12 | trajectory 2346 of circuit 1 -- done
rank 15 | trajectory 2347 of circuit 2 -- done
rank 0 | trajectory 2576 of circuit 3 -- done
rank 14 | trajectory 3814 of circuit 1 -- done
rank 19 | trajectory 3432 of circuit 2 -- done
rank 22 | trajectory 2725 of circuit 2 -- done
rank 4 | trajectory 677 of circuit 2 -- done
rank 13 | trajectory 2147 of circuit 2 -- done
rank 23 | trajectory 2042 of circuit 3 -- done
rank 20 | trajectory 2091 of circuit 1 -- done
rank 15 | trajectory 3697 of circuit 2 -- done
rank 17 | trajectory 2165 of circuit 2 -- done
rank 21 | trajectory 508 of circuit 1 -- done
rank 20 | trajectory 1432 of circuit 1 -- done
rank 2 | trajectory 2593 of circuit 1 -- done
rank 17 | trajectory 1881 of circuit 2 -- done
rank 15 | trajectory 1581 of circuit 1 -- done
rank 8 | trajectory 1878 of circuit 1 -- done
rank 1 | trajectory 1601 of circuit 2 -- done
rank 15 | trajectory 2281 of circuit 1 -- done
rank 22 | trajectory 2341 of circuit 1 -- done
rank 6 | trajectory 2994 of circuit 2 -- done
rank 21 | trajectory 3624 of circuit 2 -- done
rank 20 | trajectory 3291 of circuit 2 -- done
rank 4 | trajectory 2927 of circuit 2 -- done
rank 24 | trajectory 2309 of circuit 1 -- done
rank 20 | trajectory 982 of circuit 1 -- done
rank 8 | trajectory 3512 of circuit 2 -- done
rank 1 | trajectory 1501 of circuit 2 -- done
rank 6 | trajectory 2278 of circuit 1 -- done
rank 4 | trajectory 1727 of circuit 3 -- done
rank 20 | trajectory 1457 of circuit 1 -- done
rank 17 | trajectory 56 of circuit 1 -- done
rank 18 | trajectory 2848 of circuit 1 -- done
rank 17 | trajectory 1948 of circuit 1 -- done
rank 4 | trajectory 2644 of circuit 2 -- done
rank 4 | trajectory 2177 of circuit 1 -- done
rank 20 | trajectory 3257 of circuit 3 -- done
rank 2 | trajectory 1 of circuit 2 -- done
rank 1 | trajectory 3476 of circuit 3 -- done
rank 8 | trajectory 2262 of circuit 1 -- done
rank 0 | trajectory 3092 of circuit 1 -- done
rank 20 | trajectory 1707 of circuit 1 -- done
rank 21 | trajectory 3291 of circuit 1 -- done
rank 18 | trajectory 3132 of circuit 1 -- done
rank 22 | trajectory 2075 of circuit 3 -- done
rank 15 | trajectory 2981 of circuit 1 -- done
rank 16 | trajectory 2964 of circuit 1 -- done
rank 16 | trajectory 2698 of circuit 3 -- done
rank 22 | trajectory 558 of circuit 1 -- done
rank 1 | trajectory 1959 of circuit 2 -- done
rank 21 | trajectory 3541 of circuit 2 -- done
rank 12 | trajectory 2763 of circuit 1 -- done
rank 18 | trajectory 1582 of circuit 1 -- done
rank 17 | trajectory 2031 of circuit 3 -- done
rank 15 | trajectory 381 of circuit 2 -- done
rank 7 | trajectory 3511 of circuit 2 -- done
rank 16 | trajectory 3181 of circuit 1 -- done
rank 15 | trajectory 3297 of circuit 1 -- done
rank 5 | trajectory 1202 of circuit 1 -- done
rank 21 | trajectory 1258 of circuit 2 -- done
rank 18 | trajectory 182 of circuit 1 -- done
rank 17 | trajectory 2631 of circuit 1 -- done
rank 10 | trajectory 954 of circuit 1 -- done
rank 23 | trajectory 908 of circuit 3 -- done
rank 19 | trajectory 1932 of circuit 2 -- done
rank 17 | trajectory 3181 of circuit 2 -- done
rank 12 | trajectory 2146 of circuit 1 -- done
rank 1 | trajectory 3643 of circuit 1 -- done
rank 3 | trajectory 127 of circuit 1 -- done
rank 5 | trajectory 3711 of circuit 3 -- done
rank 0 | trajectory 2559 of circuit 1 -- done
rank 15 | trajectory 2164 of circuit 1 -- done
rank 7 | trajectory 578 of circuit 2 -- done
rank 14 | trajectory 2214 of circuit 1 -- done
rank 21 | trajectory 2874 of circuit 1 -- done
rank 23 | trajectory 2858 of circuit 1 -- done
rank 24 | trajectory 3192 of circuit 3 -- done
rank 6 | trajectory 2778 of circuit 1 -- done
rank 19 | trajectory 1007 of circuit 1 -- done
rank 19 | trajectory 2432 of circuit 1 -- done
rank 24 | trajectory 2842 of circuit 3 -- done
rank 15 | trajectory 631 of circuit 1 -- done
rank 21 | trajectory 1308 of circuit 1 -- done
rank 18 | trajectory 3282 of circuit 1 -- done
rank 2 | trajectory 2993 of circuit 2 -- done
rank 24 | trajectory 1109 of circuit 3 -- done
rank 5 | trajectory 2544 of circuit 1 -- done
rank 5 | trajectory 3561 of circuit 2 -- done
rank 22 | trajectory 3741 of circuit 1 -- done
rank 3 | trajectory 3677 of circuit 2 -- done
rank 18 | trajectory 1757 of circuit 2 -- done
rank 24 | trajectory 2959 of circuit 3 -- done
rank 11 | trajectory 104 of circuit 1 -- done
rank 19 | trajectory 3832 of circuit 1 -- done
rank 7 | trajectory 2378 of circuit 1 -- done
rank 2 | trajectory 226 of circuit 2 -- done
rank 23 | trajectory 758 of circuit 1 -- done
rank 18 | trajectory 882 of circuit 3 -- done
rank 15 | trajectory 3614 of circuit 2 -- done
rank 22 | trajectory 2875 of circuit 1 -- done
rank 24 | trajectory 2275 of circuit 1 -- done
rank 24 | trajectory 934 of circuit 2 -- done
rank 19 | trajectory 2232 of circuit 1 -- done
rank 22 | trajectory 808 of circuit 2 -- done
rank 6 | trajectory 3044 of circuit 1 -- done
rank 12 | trajectory 1255 of circuit 2 -- done
rank 7 | trajectory 2511 of circuit 1 -- done
rank 7 | trajectory 3811 of circuit 2 -- done
rank 18 | trajectory 2815 of circuit 3 -- done
rank 13 | trajectory 2830 of circuit 1 -- done
rank 4 | trajectory 2810 of circuit 1 -- done
rank 22 | trajectory 2225 of circuit 3 -- done
rank 22 | trajectory 58 of circuit 1 -- done
rank 24 | trajectory 2775 of circuit 1 -- done
rank 24 | trajectory 359 of circuit 1 -- done
rank 19 | trajectory 357 of circuit 1 -- done
rank 16 | trajectory 1706 of circuit 1 -- done
rank 22 | trajectory 3458 of circuit 2 -- done
rank 1 | trajectory 2493 of circuit 1 -- done
rank 7 | trajectory 2411 of circuit 2 -- done
rank 20 | trajectory 3157 of circuit 1 -- done
rank 5 | trajectory 727 of circuit 1 -- done
rank 1 | trajectory 1 of circuit 1 -- done
rank 5 | trajectory 1777 of circuit 1 -- done
rank 3 | trajectory 2810 of circuit 2 -- done
rank 17 | trajectory 2865 of circuit 3 -- done
rank 22 | trajectory 383 of circuit 3 -- done
rank 21 | trajectory 1858 of circuit 2 -- done
rank 22 | trajectory 3708 of circuit 1 -- done
rank 24 | trajectory 3642 of circuit 2 -- done
rank 20 | trajectory 2674 of circuit 3 -- done
rank 15 | trajectory 2581 of circuit 1 -- done
rank 9 | trajectory 1129 of circuit 1 -- done
rank 1 | trajectory 3743 of circuit 2 -- done
rank 22 | trajectory 2141 of circuit 1 -- done
rank 18 | trajectory 2698 of circuit 1 -- done
rank 19 | trajectory 3349 of circuit 1 -- done
rank 20 | trajectory 2857 of circuit 2 -- done
rank 18 | trajectory 1948 of circuit 2 -- done
rank 16 | trajectory 1881 of circuit 1 -- done
rank 5 | trajectory 1252 of circuit 3 -- done
rank 7 | trajectory 2095 of circuit 1 -- done
rank 1 | trajectory 3576 of circuit 2 -- done
rank 17 | trajectory 3781 of circuit 1 -- done
rank 16 | trajectory 1306 of circuit 3 -- done
rank 20 | trajectory 782 of circuit 3 -- done
rank 21 | trajectory 533 of circuit 1 -- done
rank 1 | trajectory 3776 of circuit 1 -- done
rank 12 | trajectory 2846 of circuit 1 -- done
rank 12 | trajectory 1330 of circuit 1 -- done
rank 24 | trajectory 784 of circuit 3 -- done
rank 8 | trajectory 2512 of circuit 3 -- done
rank 23 | trajectory 658 of circuit 1 -- done
rank 21 | trajectory 2274 of circuit 2 -- done
rank 12 | trajectory 3630 of circuit 2 -- done
rank 24 | trajectory 1884 of circuit 2 -- done
rank 2 | trajectory 426 of circuit 1 -- done
rank 10 | trajectory 2729 of circuit 2 -- done
rank 2 | trajectory 601 of circuit 1 -- done
rank 13 | trajectory 2230 of circuit 1 -- done
rank 6 | trajectory 3761 of circuit 1 -- done
rank 2 | trajectory 901 of circuit 1 -- done
rank 15 | trajectory 3547 of circuit 1 -- done
rank 15 | trajectory 206 of circuit 3 -- done
rank 24 | trajectory 2625 of circuit 2 -- done
rank 24 | trajectory 3092 of circuit 2 -- done
rank 16 | trajectory 606 of circuit 2 -- done
rank 2 | trajectory 2093 of circuit 3 -- done
rank 21 | trajectory 3591 of circuit 3 -- done
rank 12 | trajectory 3246 of circuit 1 -- done
rank 18 | trajectory 3548 of circuit 1 -- done
rank 7 | trajectory 228 of circuit 1 -- done
rank 23 | trajectory 3758 of circuit 1 -- done
rank 2 | trajectory 3410 of circuit 1 -- done
rank 18 | trajectory 3432 of circuit 1 -- done
rank 23 | trajectory 1183 of circuit 3 -- done
rank 17 | trajectory 1131 of circuit 1 -- done
rank 3 | trajectory 377 of circuit 2 -- done
rank 20 | trajectory 2641 of circuit 2 -- done
rank 21 | trajectory 2658 of circuit 3 -- done
rank 8 | trajectory 3228 of circuit 1 -- done
rank 21 | trajectory 583 of circuit 1 -- done
rank 19 | trajectory 1232 of circuit 2 -- done
rank 22 | trajectory 1783 of circuit 2 -- done
rank 20 | trajectory 2607 of circuit 2 -- done
rank 6 | trajectory 2811 of circuit 1 -- done
rank 17 | trajectory 1931 of circuit 1 -- done
rank 7 | trajectory 2028 of circuit 1 -- done
rank 3 | trajectory 3827 of circuit 1 -- done
rank 8 | trajectory 3595 of circuit 1 -- done
rank 17 | trajectory 1506 of circuit 1 -- done
rank 6 | trajectory 2944 of circuit 1 -- done
rank 22 | trajectory 2608 of circuit 2 -- done
rank 13 | trajectory 3597 of circuit 2 -- done
rank 17 | trajectory 1306 of circuit 1 -- done
rank 9 | trajectory 2595 of circuit 1 -- done
rank 15 | trajectory 2797 of circuit 1 -- done
rank 8 | trajectory 553 of circuit 1 -- done
rank 23 | trajectory 1408 of circuit 1 -- done
rank 8 | trajectory 2712 of circuit 1 -- done
rank 15 | trajectory 2031 of circuit 1 -- done
rank 3 | trajectory 3377 of circuit 2 -- done
rank 4 | trajectory 52 of circuit 1 -- done
rank 21 | trajectory 1558 of circuit 2 -- done
rank 1 | trajectory 851 of circuit 2 -- done
rank 1 | trajectory 2309 of circuit 3 -- done
rank 21 | trajectory 858 of circuit 1 -- done
rank 17 | trajectory 6 of circuit 1 -- done
rank 17 | trajectory 1781 of circuit 2 -- done
rank 16 | trajectory 456 of circuit 1 -- done
rank 22 | trajectory 833 of circuit 1 -- done
rank 12 | trajectory 2163 of circuit 2 -- done
rank 1 | trajectory 1851 of circuit 1 -- done
rank 18 | trajectory 107 of circuit 1 -- done
rank 17 | trajectory 2248 of circuit 1 -- done
rank 11 | trajectory 2063 of circuit 1 -- done
rank 15 | trajectory 2114 of circuit 1 -- done
rank 20 | trajectory 2474 of circuit 2 -- done
rank 1 | trajectory 1776 of circuit 1 -- done
rank 20 | trajectory 807 of circuit 3 -- done
rank 8 | trajectory 1353 of circuit 1 -- done
rank 6 | trajectory 1203 of circuit 1 -- done
rank 14 | trajectory 2930 of circuit 1 -- done
rank 3 | trajectory 2 of circuit 2 -- done
rank 0 | trajectory 201 of circuit 1 -- done
rank 21 | trajectory 3508 of circuit 3 -- done
rank 15 | trajectory 3531 of circuit 1 -- done
rank 21 | trajectory 3024 of circuit 1 -- done
rank 11 | trajectory 1179 of circuit 2 -- done
rank 17 | trajectory 1056 of circuit 1 -- done
rank 15 | trajectory 3431 of circuit 1 -- done
rank 21 | trajectory 2791 of circuit 1 -- done
rank 7 | trajectory 278 of circuit 1 -- done
rank 3 | trajectory 2710 of circuit 2 -- done
rank 16 | trajectory 2748 of circuit 1 -- done
rank 4 | trajectory 2510 of circuit 1 -- done
rank 19 | trajectory 832 of circuit 3 -- done
rank 7 | trajectory 1378 of circuit 1 -- done
rank 5 | trajectory 1702 of circuit 1 -- done
rank 5 | trajectory 3477 of circuit 1 -- done
rank 24 | trajectory 2475 of circuit 3 -- done
rank 24 | trajectory 3792 of circuit 1 -- done
rank 8 | trajectory 278 of circuit 2 -- done
rank 20 | trajectory 2041 of circuit 3 -- done
rank 16 | trajectory 931 of circuit 1 -- done
rank 24 | trajectory 1134 of circuit 1 -- done
rank 8 | trajectory 1653 of circuit 2 -- done
rank 23 | trajectory 2875 of circuit 2 -- done
rank 17 | trajectory 831 of circuit 1 -- done
rank 21 | trajectory 158 of circuit 1 -- done
rank 5 | trajectory 3027 of circuit 1 -- done
rank 2 | trajectory 3426 of circuit 1 -- done
rank 9 | trajectory 1379 of circuit 1 -- done
rank 7 | trajectory 1628 of circuit 1 -- done
rank 21 | trajectory 2074 of circuit 1 -- done
rank 23 | trajectory 3508 of circuit 2 -- done
rank 2 | trajectory 2476 of circuit 1 -- done
rank 13 | trajectory 2013 of circuit 1 -- done
rank 21 | trajectory 1358 of circuit 2 -- done
rank 15 | trajectory 531 of circuit 3 -- done
rank 5 | trajectory 827 of circuit 1 -- done
rank 23 | trajectory 2308 of circuit 1 -- done
rank 24 | trajectory 2859 of circuit 3 -- done
rank 14 | trajectory 3297 of circuit 3 -- done
rank 17 | trajectory 2015 of circuit 3 -- done
rank 4 | trajectory 2410 of circuit 3 -- done
rank 6 | trajectory 703 of circuit 2 -- done
rank 10 | trajectory 1079 of circuit 2 -- done
rank 12 | trajectory 2880 of circuit 1 -- done
rank 14 | trajectory 3764 of circuit 2 -- done
rank 3 | trajectory 2927 of circuit 1 -- done
rank 4 | trajectory 1177 of circuit 3 -- done
rank 16 | trajectory 1356 of circuit 2 -- done
rank 11 | trajectory 3379 of circuit 1 -- done
rank 21 | trajectory 2058 of circuit 1 -- done
rank 8 | trajectory 3 of circuit 1 -- done
rank 20 | trajectory 2107 of circuit 1 -- done
rank 4 | trajectory 1677 of circuit 2 -- done
rank 21 | trajectory 3241 of circuit 2 -- done
rank 10 | trajectory 3546 of circuit 2 -- done
rank 15 | trajectory 2547 of circuit 2 -- done
rank 17 | trajectory 2448 of circuit 3 -- done
rank 24 | trajectory 484 of circuit 1 -- done
rank 15 | trajectory 2081 of circuit 1 -- done
rank 13 | trajectory 2397 of circuit 1 -- done
rank 1 | trajectory 3109 of circuit 1 -- done
rank 24 | trajectory 2492 of circuit 1 -- done
rank 11 | trajectory 1304 of circuit 1 -- done
rank 5 | trajectory 1677 of circuit 3 -- done
rank 21 | trajectory 3124 of circuit 2 -- done
rank 13 | trajectory 1405 of circuit 1 -- done
rank 4 | trajectory 2877 of circuit 1 -- done
rank 11 | trajectory 2696 of circuit 2 -- done
rank 20 | trajectory 3557 of circuit 2 -- done
rank 11 | trajectory 2746 of circuit 1 -- done
rank 6 | trajectory 3661 of circuit 1 -- done
rank 1 | trajectory 101 of circuit 1 -- done
rank 9 | trajectory 2929 of circuit 1 -- done
rank 4 | trajectory 2110 of circuit 1 -- done
rank 2 | trajectory 3226 of circuit 2 -- done
rank 13 | trajectory 1530 of circuit 1 -- done
rank 14 | trajectory 180 of circuit 3 -- done
rank 15 | trajectory 331 of circuit 3 -- done
rank 16 | trajectory 2481 of circuit 1 -- done
rank 6 | trajectory 3678 of circuit 1 -- done
rank 7 | trajectory 1278 of circuit 1 -- done
rank 12 | trajectory 1655 of circuit 1 -- done
rank 6 | trajectory 528 of circuit 2 -- done
rank 14 | trajectory 3680 of circuit 1 -- done
rank 20 | trajectory 2591 of circuit 1 -- done
rank 23 | trajectory 3042 of circuit 3 -- done
rank 7 | trajectory 753 of circuit 2 -- done
rank 1 | trajectory 2193 of circuit 1 -- done
rank 19 | trajectory 3465 of circuit 1 -- done
rank 15 | trajectory 2314 of circuit 1 -- done
rank 16 | trajectory 3214 of circuit 1 -- done
rank 24 | trajectory 1259 of circuit 1 -- done
rank 18 | trajectory 2132 of circuit 1 -- done
rank 21 | trajectory 1633 of circuit 3 -- done
rank 3 | trajectory 1802 of circuit 1 -- done
rank 21 | trajectory 808 of circuit 1 -- done
rank 22 | trajectory 2575 of circuit 3 -- done
rank 17 | trajectory 181 of circuit 1 -- done
rank 13 | trajectory 830 of circuit 2 -- done
rank 24 | trajectory 3775 of circuit 1 -- done
rank 11 | trajectory 654 of circuit 1 -- done
rank 22 | trajectory 933 of circuit 3 -- done
rank 15 | trajectory 1456 of circuit 1 -- done
rank 6 | trajectory 3611 of circuit 1 -- done
rank 15 | trajectory 3014 of circuit 2 -- done
rank 24 | trajectory 209 of circuit 1 -- done
rank 13 | trajectory 130 of circuit 1 -- done
rank 11 | trajectory 3046 of circuit 3 -- done
rank 18 | trajectory 2482 of circuit 2 -- done
rank 23 | trajectory 3158 of circuit 1 -- done
rank 3 | trajectory 1452 of circuit 2 -- done
rank 11 | trajectory 1529 of circuit 2 -- done
rank 6 | trajectory 3561 of circuit 1 -- done
rank 22 | trajectory 2775 of circuit 3 -- done
rank 7 | trajectory 203 of circuit 2 -- done
rank 22 | trajectory 3575 of circuit 2 -- done
rank 24 | trajectory 1609 of circuit 1 -- done
rank 24 | trajectory 3325 of circuit 2 -- done
rank 9 | trajectory 454 of circuit 3 -- done
rank 5 | trajectory 3111 of circuit 1 -- done
rank 1 | trajectory 3826 of circuit 2 -- done
rank 5 | trajectory 3161 of circuit 1 -- done
rank 14 | trajectory 980 of circuit 1 -- done
rank 23 | trajectory 3375 of circuit 3 -- done
rank 24 | trajectory 2059 of circuit 3 -- done
rank 2 | trajectory 176 of circuit 1 -- done
rank 12 | trajectory 1030 of circuit 1 -- done
rank 17 | trajectory 131 of circuit 1 -- done
rank 8 | trajectory 2062 of circuit 1 -- done
rank 13 | trajectory 3413 of circuit 1 -- done
rank 20 | trajectory 857 of circuit 1 -- done
rank 4 | trajectory 227 of circuit 3 -- done
rank 17 | trajectory 781 of circuit 1 -- done
rank 5 | trajectory 2411 of circuit 1 -- done
rank 2 | trajectory 3693 of circuit 1 -- done
rank 24 | trajectory 2725 of circuit 1 -- done
rank 12 | trajectory 3513 of circuit 1 -- done
rank 16 | trajectory 3448 of circuit 3 -- done
rank 24 | trajectory 759 of circuit 1 -- done
rank 3 | trajectory 2843 of circuit 3 -- done
rank 24 | trajectory 3742 of circuit 3 -- done
rank 10 | trajectory 829 of circuit 1 -- done
rank 12 | trajectory 2030 of circuit 1 -- done
rank 7 | trajectory 1128 of circuit 2 -- done
rank 12 | trajectory 2263 of circuit 1 -- done
rank 12 | trajectory 30 of circuit 1 -- done
rank 21 | trajectory 1433 of circuit 3 -- done
rank 2 | trajectory 1476 of circuit 2 -- done
rank 4 | trajectory 1994 of circuit 3 -- done
rank 8 | trajectory 3278 of circuit 1 -- done
rank 0 | trajectory 2876 of circuit 1 -- done
rank 8 | trajectory 103 of circuit 1 -- done
rank 1 | trajectory 226 of circuit 1 -- done
rank 24 | trajectory 2359 of circuit 3 -- done
rank 22 | trajectory 2908 of circuit 3 -- done
rank 21 | trajectory 3374 of circuit 1 -- done
rank 20 | trajectory 2207 of circuit 3 -- done
rank 5 | trajectory 3011 of circuit 2 -- done
rank 12 | trajectory 1680 of circuit 1 -- done
rank 4 | trajectory 327 of circuit 2 -- done
rank 12 | trajectory 3030 of circuit 1 -- done
rank 6 | trajectory 3528 of circuit 1 -- done
rank 16 | trajectory 3014 of circuit 1 -- done
rank 20 | trajectory 3007 of circuit 2 -- done
rank 24 | trajectory 2575 of circuit 2 -- done
rank 0 | trajectory 1676 of circuit 1 -- done
rank 3 | trajectory 2577 of circuit 1 -- done
rank 17 | trajectory 731 of circuit 1 -- done
rank 18 | trajectory 232 of circuit 2 -- done
rank 2 | trajectory 3276 of circuit 1 -- done
rank 1 | trajectory 426 of circuit 3 -- done
rank 21 | trajectory 2391 of circuit 1 -- done
rank 19 | trajectory 2782 of circuit 1 -- done
rank 7 | trajectory 2061 of circuit 1 -- done
rank 21 | trajectory 483 of circuit 2 -- done
rank 5 | trajectory 1127 of circuit 3 -- done
rank 15 | trajectory 481 of circuit 1 -- done
rank 1 | trajectory 2443 of circuit 2 -- done
rank 11 | trajectory 3596 of circuit 1 -- done
rank 24 | trajectory 2042 of circuit 1 -- done
rank 24 | trajectory 1359 of circuit 2 -- done
rank 22 | trajectory 708 of circuit 2 -- done
rank 14 | trajectory 755 of circuit 1 -- done
rank 7 | trajectory 3645 of circuit 1 -- done
rank 21 | trajectory 3224 of circuit 2 -- done
rank 4 | trajectory 452 of circuit 3 -- done
rank 8 | trajectory 2945 of circuit 1 -- done
rank 24 | trajectory 3075 of circuit 2 -- done
rank 13 | trajectory 280 of circuit 1 -- done
rank 21 | trajectory 2524 of circuit 2 -- done
rank 14 | trajectory 905 of circuit 3 -- done
rank 19 | trajectory 1107 of circuit 1 -- done
rank 19 | trajectory 1857 of circuit 1 -- done
rank 3 | trajectory 3477 of circuit 3 -- done
rank 3 | trajectory 2960 of circuit 2 -- done
rank 16 | trajectory 2031 of circuit 2 -- done
rank 20 | trajectory 2441 of circuit 2 -- done
rank 2 | trajectory 3126 of circuit 1 -- done
rank 8 | trajectory 2995 of circuit 2 -- done
rank 22 | trajectory 483 of circuit 3 -- done
rank 19 | trajectory 1057 of circuit 1 -- done
rank 22 | trajectory 1508 of circuit 3 -- done
rank 18 | trajectory 1132 of circuit 1 -- done
rank 0 | trajectory 1076 of circuit 1 -- done
rank 9 | trajectory 1829 of circuit 3 -- done
rank 21 | trajectory 2941 of circuit 2 -- done
rank 0 | trajectory 3026 of circuit 3 -- done
rank 10 | trajectory 2396 of circuit 1 -- done
rank 11 | trajectory 2496 of circuit 2 -- done
rank 14 | trajectory 305 of circuit 1 -- done
rank 3 | trajectory 402 of circuit 1 -- done
rank 14 | trajectory 3230 of circuit 1 -- done
rank 11 | trajectory 1704 of circuit 1 -- done
rank 5 | trajectory 3694 of circuit 3 -- done
rank 23 | trajectory 33 of circuit 3 -- done
rank 16 | trajectory 181 of circuit 2 -- done
rank 3 | trajectory 3077 of circuit 2 -- done
rank 24 | trajectory 3242 of circuit 1 -- done
rank 23 | trajectory 3608 of circuit 1 -- done
rank 19 | trajectory 532 of circuit 1 -- done
rank 11 | trajectory 3313 of circuit 1 -- done
rank 16 | trajectory 3414 of circuit 3 -- done
rank 10 | trajectory 3012 of circuit 2 -- done
rank 24 | trajectory 1434 of circuit 1 -- done
rank 21 | trajectory 2824 of circuit 3 -- done
rank 19 | trajectory 2032 of circuit 1 -- done
rank 6 | trajectory 3244 of circuit 1 -- done
rank 13 | trajectory 3447 of circuit 2 -- done
rank 16 | trajectory 3148 of circuit 2 -- done
rank 10 | trajectory 2662 of circuit 2 -- done
rank 9 | trajectory 529 of circuit 1 -- done
rank 17 | trajectory 2881 of circuit 1 -- done
rank 11 | trajectory 2096 of circuit 1 -- done
rank 6 | trajectory 3578 of circuit 1 -- done
rank 13 | trajectory 955 of circuit 2 -- done
rank 4 | trajectory 2794 of circuit 3 -- done
rank 19 | trajectory 3415 of circuit 1 -- done
rank 0 | trajectory 3442 of circuit 1 -- done
rank 23 | trajectory 3458 of circuit 1 -- done
rank 0 | trajectory 2492 of circuit 3 -- done
rank 2 | trajectory 826 of circuit 2 -- done
rank 0 | trajectory 3009 of circuit 2 -- done
rank 5 | trajectory 1027 of circuit 1 -- done
rank 14 | trajectory 580 of circuit 3 -- done
rank 14 | trajectory 1605 of circuit 3 -- done
rank 15 | trajectory 1181 of circuit 3 -- done
rank 10 | trajectory 3512 of circuit 1 -- done
rank 12 | trajectory 530 of circuit 2 -- done
rank 6 | trajectory 1278 of circuit 3 -- done
rank 10 | trajectory 2796 of circuit 2 -- done
rank 17 | trajectory 706 of circuit 2 -- done
rank 22 | trajectory 2675 of circuit 3 -- done
rank 13 | trajectory 905 of circuit 1 -- done
rank 21 | trajectory 1533 of circuit 1 -- done
rank 9 | trajectory 1079 of circuit 1 -- done
rank 2 | trajectory 1451 of circuit 1 -- done
rank 5 | trajectory 3344 of circuit 2 -- done
rank 3 | trajectory 2493 of circuit 2 -- done
rank 16 | trajectory 2014 of circuit 3 -- done
rank 3 | trajectory 3460 of circuit 3 -- done
rank 15 | trajectory 81 of circuit 3 -- done
rank 12 | trajectory 155 of circuit 2 -- done
rank 1 | trajectory 2143 of circuit 2 -- done
rank 21 | trajectory 2974 of circuit 3 -- done
rank 3 | trajectory 2910 of circuit 1 -- done
rank 3 | trajectory 952 of circuit 1 -- done
rank 16 | trajectory 3664 of circuit 1 -- done
rank 13 | trajectory 1963 of circuit 1 -- done
rank 21 | trajectory 1733 of circuit 2 -- done
rank 23 | trajectory 3525 of circuit 3 -- done
rank 20 | trajectory 632 of circuit 1 -- done
rank 21 | trajectory 1583 of circuit 2 -- done
rank 20 | trajectory 1757 of circuit 3 -- done
rank 20 | trajectory 3124 of circuit 3 -- done
rank 12 | trajectory 1930 of circuit 2 -- done
rank 23 | trajectory 3175 of circuit 1 -- done
rank 8 | trajectory 2478 of circuit 1 -- done
rank 16 | trajectory 31 of circuit 1 -- done
rank 1 | trajectory 3709 of circuit 3 -- done
rank 14 | trajectory 105 of circuit 1 -- done
rank 21 | trajectory 3808 of circuit 2 -- done
rank 13 | trajectory 2297 of circuit 2 -- done
rank 23 | trajectory 1708 of circuit 1 -- done
rank 6 | trajectory 2978 of circuit 2 -- done
rank 16 | trajectory 3198 of circuit 1 -- done
rank 17 | trajectory 2731 of circuit 1 -- done
rank 18 | trajectory 2915 of circuit 1 -- done
rank 19 | trajectory 3365 of circuit 1 -- done
rank 20 | trajectory 1157 of circuit 2 -- done
rank 12 | trajectory 805 of circuit 1 -- done
rank 12 | trajectory 2496 of circuit 3 -- done
rank 12 | trajectory 1880 of circuit 3 -- done
rank 3 | trajectory 3127 of circuit 1 -- done
rank 24 | trajectory 2559 of circuit 2 -- done
rank 21 | trajectory 1283 of circuit 1 -- done
rank 24 | trajectory 1909 of circuit 1 -- done
rank 19 | trajectory 3215 of circuit 1 -- done
rank 3 | trajectory 1252 of circuit 2 -- done
rank 22 | trajectory 3691 of circuit 3 -- done
rank 17 | trajectory 3081 of circuit 1 -- done
rank 19 | trajectory 707 of circuit 1 -- done
rank 8 | trajectory 2278 of circuit 3 -- done
rank 24 | trajectory 3159 of circuit 3 -- done
rank 16 | trajectory 556 of circuit 1 -- done
rank 2 | trajectory 976 of circuit 1 -- done
rank 20 | trajectory 2807 of circuit 3 -- done
rank 23 | trajectory 1108 of circuit 3 -- done
rank 10 | trajectory 4 of circuit 1 -- done
rank 5 | trajectory 3544 of circuit 1 -- done
rank 8 | trajectory 1603 of circuit 1 -- done
rank 8 | trajectory 3812 of circuit 1 -- done
rank 3 | trajectory 1960 of circuit 1 -- done
rank 4 | trajectory 2860 of circuit 2 -- done
rank 5 | trajectory 2327 of circuit 2 -- done
rank 14 | trajectory 3464 of circuit 1 -- done
rank 7 | trajectory 1153 of circuit 1 -- done
rank 1 | trajectory 3543 of circuit 2 -- done
rank 17 | trajectory 3298 of circuit 3 -- done
rank 0 | trajectory 1876 of circuit 1 -- done
rank 18 | trajectory 3832 of circuit 3 -- done
rank 4 | trajectory 2227 of circuit 3 -- done
rank 23 | trajectory 3125 of circuit 2 -- done
rank 21 | trajectory 1833 of circuit 1 -- done
rank 9 | trajectory 3562 of circuit 1 -- done
rank 20 | trajectory 57 of circuit 3 -- done
rank 20 | trajectory 1732 of circuit 1 -- done
rank 15 | trajectory 731 of circuit 3 -- done
rank 18 | trajectory 2448 of circuit 1 -- done
rank 24 | trajectory 1992 of circuit 2 -- done
rank 19 | trajectory 3332 of circuit 2 -- done
rank 21 | trajectory 3308 of circuit 2 -- done
rank 4 | trajectory 1977 of circuit 1 -- done
rank 12 | trajectory 1230 of circuit 1 -- done
rank 16 | trajectory 1998 of circuit 3 -- done
rank 11 | trajectory 1904 of circuit 1 -- done
rank 0 | trajectory 326 of circuit 1 -- done
rank 7 | trajectory 2995 of circuit 1 -- done
rank 18 | trajectory 1682 of circuit 1 -- done
rank 21 | trajectory 1683 of circuit 2 -- done
rank 19 | trajectory 1507 of circuit 1 -- done
rank 2 | trajectory 1401 of circuit 2 -- done
rank 1 | trajectory 3626 of circuit 1 -- done
rank 4 | trajectory 2402 of circuit 2 -- done
rank 16 | trajectory 6 of circuit 2 -- done
rank 10 | trajectory 229 of circuit 2 -- done
rank 20 | trajectory 1382 of circuit 1 -- done
rank 12 | trajectory 2063 of circuit 3 -- done
rank 20 | trajectory 1924 of circuit 1 -- done
rank 4 | trajectory 3677 of circuit 3 -- done
rank 8 | trajectory 2795 of circuit 3 -- done
rank 20 | trajectory 2374 of circuit 1 -- done
rank 16 | trajectory 1806 of circuit 3 -- done
rank 10 | trajectory 654 of circuit 3 -- done
rank 18 | trajectory 3615 of circuit 1 -- done
rank 4 | trajectory 2560 of circuit 1 -- done
rank 20 | trajectory 882 of circuit 1 -- done
rank 1 | trajectory 2359 of circuit 1 -- done
rank 22 | trajectory 3825 of circuit 1 -- done
rank 8 | trajectory 3062 of circuit 2 -- done
rank 5 | trajectory 2677 of circuit 1 -- done
rank 2 | trajectory 3393 of circuit 3 -- done
rank 3 | trajectory 3360 of circuit 1 -- done
rank 0 | trajectory 1851 of circuit 2 -- done
rank 7 | trajectory 3778 of circuit 1 -- done
rank 24 | trajectory 659 of circuit 3 -- done
rank 13 | trajectory 2163 of circuit 1 -- done
rank 2 | trajectory 2310 of circuit 1 -- done
rank 6 | trajectory 2544 of circuit 3 -- done
rank 18 | trajectory 3748 of circuit 2 -- done
rank 5 | trajectory 3077 of circuit 3 -- done
rank 14 | trajectory 1580 of circuit 1 -- done
rank 22 | trajectory 3675 of circuit 2 -- done
rank 3 | trajectory 1927 of circuit 1 -- done
rank 24 | trajectory 2259 of circuit 1 -- done
rank 21 | trajectory 1183 of circuit 1 -- done
rank 16 | trajectory 2331 of circuit 1 -- done
rank 1 | trajectory 3659 of circuit 1 -- done
rank 8 | trajectory 1553 of circuit 2 -- done
rank 1 | trajectory 1226 of circuit 3 -- done
rank 6 | trajectory 953 of circuit 1 -- done
rank 22 | trajectory 2508 of circuit 1 -- done
rank 8 | trajectory 378 of circuit 1 -- done
rank 24 | trajectory 959 of circuit 3 -- done
rank 13 | trajectory 2897 of circuit 1 -- done
rank 13 | trajectory 3363 of circuit 2 -- done
rank 0 | trajectory 301 of circuit 1 -- done
rank 20 | trajectory 2341 of circuit 2 -- done
rank 8 | trajectory 1578 of circuit 1 -- done
rank 8 | trajectory 3745 of circuit 1 -- done
rank 23 | trajectory 258 of circuit 1 -- done
rank 12 | trajectory 2463 of circuit 3 -- done
rank 10 | trajectory 129 of circuit 1 -- done
rank 1 | trajectory 601 of circuit 3 -- done
rank 5 | trajectory 3411 of circuit 2 -- done
rank 10 | trajectory 1729 of circuit 1 -- done
rank 21 | trajectory 3208 of circuit 1 -- done
rank 12 | trajectory 3480 of circuit 1 -- done
rank 5 | trajectory 1552 of circuit 1 -- done
rank 19 | trajectory 2182 of circuit 1 -- done
rank 5 | trajectory 2244 of circuit 2 -- done
rank 13 | trajectory 3330 of circuit 1 -- done
rank 14 | trajectory 1830 of circuit 1 -- done
rank 3 | trajectory 2943 of circuit 3 -- done
rank 21 | trajectory 183 of circuit 3 -- done
rank 5 | trajectory 402 of circuit 2 -- done
rank 0 | trajectory 826 of circuit 1 -- done
rank 7 | trajectory 553 of circuit 2 -- done
rank 17 | trajectory 2281 of circuit 2 -- done
rank 11 | trajectory 854 of circuit 3 -- done
rank 22 | trajectory 2325 of circuit 3 -- done
rank 12 | trajectory 2480 of circuit 1 -- done
rank 2 | trajectory 3243 of circuit 1 -- done
rank 24 | trajectory 2292 of circuit 1 -- done
rank 6 | trajectory 2294 of circuit 1 -- done
rank 7 | trajectory 1753 of circuit 3 -- done
rank 14 | trajectory 3714 of circuit 1 -- done
rank 23 | trajectory 358 of circuit 1 -- done
rank 5 | trajectory 1961 of circuit 2 -- done
rank 1 | trajectory 901 of circuit 3 -- done
rank 10 | trajectory 979 of circuit 1 -- done
rank 4 | trajectory 2844 of circuit 3 -- done
rank 24 | trajectory 2592 of circuit 1 -- done
rank 5 | trajectory 3494 of circuit 1 -- done
rank 22 | trajectory 283 of circuit 3 -- done
rank 8 | trajectory 1428 of circuit 1 -- done
rank 2 | trajectory 1576 of circuit 1 -- done
rank 16 | trajectory 3464 of circuit 3 -- done
rank 6 | trajectory 2178 of circuit 2 -- done
rank 9 | trajectory 3145 of circuit 3 -- done
rank 19 | trajectory 1482 of circuit 1 -- done
rank 12 | trajectory 3263 of circuit 1 -- done
rank 18 | trajectory 1157 of circuit 1 -- done
rank 16 | trajectory 2281 of circuit 3 -- done
rank 6 | trajectory 1878 of circuit 2 -- done
rank 20 | trajectory 2991 of circuit 2 -- done
rank 5 | trajectory 1052 of circuit 1 -- done
rank 23 | trajectory 2925 of circuit 3 -- done
rank 17 | trajectory 1965 of circuit 1 -- done
rank 5 | trajectory 1527 of circuit 3 -- done
rank 2 | trajectory 3710 of circuit 3 -- done
rank 7 | trajectory 3678 of circuit 2 -- done
rank 14 | trajectory 780 of circuit 1 -- done
rank 2 | trajectory 3726 of circuit 1 -- done
rank 2 | trajectory 851 of circuit 1 -- done
rank 2 | trajectory 2576 of circuit 1 -- done
rank 2 | trajectory 3810 of circuit 1 -- done
rank 17 | trajectory 2781 of circuit 1 -- done
rank 17 | trajectory 681 of circuit 1 -- done
rank 24 | trajectory 1942 of circuit 1 -- done
rank 13 | trajectory 3347 of circuit 1 -- done
rank 15 | trajectory 3264 of circuit 1 -- done
rank 15 | trajectory 106 of circuit 3 -- done
rank 20 | trajectory 3724 of circuit 2 -- done
rank 13 | trajectory 3647 of circuit 2 -- done
rank 12 | trajectory 755 of circuit 3 -- done
rank 23 | trajectory 3292 of circuit 3 -- done
rank 13 | trajectory 1705 of circuit 1 -- done
rank 3 | trajectory 3727 of circuit 2 -- done
rank 2 | trajectory 3210 of circuit 3 -- done
rank 7 | trajectory 2895 of circuit 3 -- done
rank 18 | trajectory 3598 of circuit 1 -- done
rank 13 | trajectory 2197 of circuit 1 -- done
rank 0 | trajectory 3509 of circuit 2 -- done
rank 21 | trajectory 3174 of circuit 3 -- done
rank 17 | trajectory 1581 of circuit 3 -- done
rank 16 | trajectory 2264 of circuit 1 -- done
rank 7 | trajectory 2478 of circuit 2 -- done
rank 10 | trajectory 1279 of circuit 3 -- done
rank 18 | trajectory 1907 of circuit 1 -- done
rank 12 | trajectory 3813 of circuit 1 -- done
rank 24 | trajectory 1459 of circuit 2 -- done
rank 20 | trajectory 282 of circuit 3 -- done
rank 13 | trajectory 3747 of circuit 3 -- done
rank 24 | trajectory 2992 of circuit 1 -- done
rank 3 | trajectory 2177 of circuit 2 -- done
rank 24 | trajectory 409 of circuit 2 -- done
rank 15 | trajectory 3681 of circuit 1 -- done
rank 13 | trajectory 2880 of circuit 2 -- done
rank 23 | trajectory 3358 of circuit 2 -- done
rank 13 | trajectory 3663 of circuit 2 -- done
rank 8 | trajectory 1978 of circuit 3 -- done
rank 22 | trajectory 958 of circuit 1 -- done
rank 3 | trajectory 2060 of circuit 2 -- done
rank 12 | trajectory 80 of circuit 1 -- done
rank 12 | trajectory 2663 of circuit 1 -- done
rank 14 | trajectory 2030 of circuit 3 -- done
rank 5 | trajectory 227 of circuit 1 -- done
rank 8 | trajectory 1128 of circuit 1 -- done
rank 0 | trajectory 3309 of circuit 1 -- done
rank 21 | trajectory 2841 of circuit 1 -- done
rank 0 | trajectory 1701 of circuit 1 -- done
rank 5 | trajectory 2527 of circuit 2 -- done
rank 15 | trajectory 2847 of circuit 1 -- done
rank 24 | trajectory 1709 of circuit 1 -- done
rank 9 | trajectory 1279 of circuit 1 -- done
rank 6 | trajectory 403 of circuit 2 -- done
rank 16 | trajectory 2781 of circuit 3 -- done
rank 21 | trajectory 2924 of circuit 2 -- done
rank 6 | trajectory 2894 of circuit 1 -- done
rank 5 | trajectory 2794 of circuit 1 -- done
rank 4 | trajectory 2777 of circuit 1 -- done
rank 19 | trajectory 3032 of circuit 1 -- done
rank 15 | trajectory 356 of circuit 2 -- done
rank 18 | trajectory 257 of circuit 1 -- done
rank 21 | trajectory 1458 of circuit 2 -- done
rank 24 | trajectory 859 of circuit 3 -- done
rank 6 | trajectory 3378 of circuit 1 -- done
rank 1 | trajectory 3509 of circuit 1 -- done
rank 0 | trajectory 276 of circuit 1 -- done
rank 23 | trajectory 2192 of circuit 1 -- done
rank 7 | trajectory 3195 of circuit 2 -- done
rank 5 | trajectory 1727 of circuit 1 -- done
rank 17 | trajectory 3715 of circuit 1 -- done
rank 6 | trajectory 153 of circuit 1 -- done
rank 16 | trajectory 1431 of circuit 1 -- done
rank 16 | trajectory 1481 of circuit 1 -- done
rank 0 | trajectory 3559 of circuit 1 -- done
rank 13 | trajectory 2997 of circuit 3 -- done
rank 9 | trajectory 3795 of circuit 1 -- done
rank 3 | trajectory 552 of circuit 3 -- done
rank 19 | trajectory 582 of circuit 1 -- done
rank 22 | trajectory 2991 of circuit 1 -- done
rank 5 | trajectory 3144 of circuit 3 -- done
rank 23 | trajectory 1333 of circuit 2 -- done
rank 5 | trajectory 1852 of circuit 1 -- done
rank 21 | trajectory 2708 of circuit 1 -- done
rank 11 | trajectory 2763 of circuit 2 -- done
rank 20 | trajectory 432 of circuit 2 -- done
rank 0 | trajectory 2009 of circuit 1 -- done
rank 23 | trajectory 3792 of circuit 2 -- done
rank 12 | trajectory 2280 of circuit 3 -- done
rank 20 | trajectory 1882 of circuit 2 -- done
rank 10 | trajectory 454 of circuit 1 -- done
rank 9 | trajectory 2045 of circuit 1 -- done
rank 1 | trajectory 2393 of circuit 3 -- done
rank 23 | trajectory 2142 of circuit 2 -- done
rank 1 | trajectory 3809 of circuit 3 -- done
rank 5 | trajectory 2844 of circuit 1 -- done
rank 19 | trajectory 232 of circuit 3 -- done
rank 10 | trajectory 2246 of circuit 3 -- done
rank 1 | trajectory 2293 of circuit 1 -- done
rank 8 | trajectory 803 of circuit 2 -- done
rank 24 | trajectory 2542 of circuit 2 -- done
rank 11 | trajectory 2946 of circuit 1 -- done
rank 8 | trajectory 2428 of circuit 1 -- done
rank 22 | trajectory 3625 of circuit 2 -- done
rank 5 | trajectory 202 of circuit 1 -- done
rank 23 | trajectory 1533 of circuit 2 -- done
rank 14 | trajectory 3797 of circuit 1 -- done
rank 10 | trajectory 679 of circuit 1 -- done
rank 21 | trajectory 83 of circuit 2 -- done
rank 6 | trajectory 1053 of circuit 1 -- done
rank 20 | trajectory 1182 of circuit 2 -- done
rank 3 | trajectory 3310 of circuit 1 -- done
rank 23 | trajectory 2442 of circuit 1 -- done
rank 22 | trajectory 2625 of circuit 1 -- done
rank 22 | trajectory 2808 of circuit 3 -- done
rank 3 | trajectory 2477 of circuit 3 -- done
rank 0 | trajectory 1226 of circuit 1 -- done
rank 7 | trajectory 2811 of circuit 2 -- done
rank 19 | trajectory 2315 of circuit 1 -- done
rank 18 | trajectory 2415 of circuit 1 -- done
rank 18 | trajectory 3148 of circuit 1 -- done
rank 16 | trajectory 2414 of circuit 2 -- done
rank 9 | trajectory 3362 of circuit 1 -- done
rank 12 | trajectory 830 of circuit 3 -- done
rank 23 | trajectory 1358 of circuit 3 -- done
rank 21 | trajectory 1941 of circuit 1 -- done
rank 1 | trajectory 2709 of circuit 3 -- done
rank 20 | trajectory 2757 of circuit 1 -- done
rank 6 | trajectory 1403 of circuit 1 -- done
rank 11 | trajectory 2429 of circuit 1 -- done
rank 7 | trajectory 53 of circuit 2 -- done
rank 6 | trajectory 1128 of circuit 3 -- done
rank 19 | trajectory 1282 of circuit 2 -- done
rank 6 | trajectory 2378 of circuit 3 -- done
rank 13 | trajectory 1855 of circuit 2 -- done
rank 2 | trajectory 2860 of circuit 3 -- done
rank 16 | trajectory 906 of circuit 1 -- done
rank 5 | trajectory 2027 of circuit 3 -- done
rank 12 | trajectory 380 of circuit 2 -- done
rank 0 | trajectory 1251 of circuit 3 -- done
rank 22 | trajectory 2691 of circuit 2 -- done
rank 24 | trajectory 2225 of circuit 2 -- done
rank 22 | trajectory 1633 of circuit 1 -- done
rank 12 | trajectory 2213 of circuit 2 -- done
rank 14 | trajectory 2680 of circuit 2 -- done
rank 22 | trajectory 333 of circuit 1 -- done
rank 9 | trajectory 3829 of circuit 1 -- done
rank 9 | trajectory 2895 of circuit 1 -- done
rank 14 | trajectory 1755 of circuit 1 -- done
rank 18 | trajectory 807 of circuit 1 -- done
rank 22 | trajectory 2441 of circuit 1 -- done
rank 7 | trajectory 2345 of circuit 2 -- done
rank 5 | trajectory 1577 of circuit 1 -- done
rank 16 | trajectory 3098 of circuit 2 -- done
rank 12 | trajectory 3046 of circuit 1 -- done
rank 8 | trajectory 578 of circuit 1 -- done
rank 8 | trajectory 3112 of circuit 3 -- done
rank 21 | trajectory 3491 of circuit 3 -- done
rank 24 | trajectory 2975 of circuit 1 -- done
rank 14 | trajectory 3030 of circuit 2 -- done
rank 1 | trajectory 2809 of circuit 1 -- done
rank 1 | trajectory 1376 of circuit 2 -- done
rank 5 | trajectory 3811 of circuit 1 -- done
rank 0 | trajectory 1301 of circuit 1 -- done
rank 13 | trajectory 3530 of circuit 2 -- done
rank 13 | trajectory 1005 of circuit 1 -- done
rank 8 | trajectory 2195 of circuit 2 -- done
rank 8 | trajectory 2495 of circuit 1 -- done
rank 15 | trajectory 2047 of circuit 2 -- done
rank 10 | trajectory 2579 of circuit 1 -- done
rank 11 | trajectory 3213 of circuit 2 -- done
rank 15 | trajectory 3581 of circuit 3 -- done
rank 12 | trajectory 2313 of circuit 3 -- done
rank 16 | trajectory 3348 of circuit 2 -- done
rank 5 | trajectory 2494 of circuit 3 -- done
rank 13 | trajectory 2330 of circuit 2 -- done
rank 16 | trajectory 1056 of circuit 3 -- done
rank 13 | trajectory 3147 of circuit 1 -- done
rank 2 | trajectory 3493 of circuit 1 -- done
rank 21 | trajectory 1974 of circuit 3 -- done
rank 0 | trajectory 151 of circuit 1 -- done
rank 23 | trajectory 1925 of circuit 1 -- done
rank 19 | trajectory 2115 of circuit 2 -- done
rank 21 | trajectory 3674 of circuit 1 -- done
rank 4 | trajectory 2127 of circuit 3 -- done
rank 22 | trajectory 1683 of circuit 1 -- done
rank 11 | trajectory 1929 of circuit 2 -- done
rank 8 | trajectory 3312 of circuit 3 -- done
rank 12 | trajectory 2113 of circuit 1 -- done
rank 13 | trajectory 3580 of circuit 1 -- done
rank 2 | trajectory 3460 of circuit 2 -- done
rank 14 | trajectory 2714 of circuit 3 -- done
rank 7 | trajectory 2395 of circuit 1 -- done
rank 2 | trajectory 1126 of circuit 2 -- done
rank 4 | trajectory 3510 of circuit 3 -- done
rank 5 | trajectory 3127 of circuit 2 -- done
rank 15 | trajectory 3147 of circuit 2 -- done
rank 13 | trajectory 3713 of circuit 1 -- done
rank 1 | trajectory 751 of circuit 1 -- done
rank 11 | trajectory 3663 of circuit 1 -- done
rank 19 | trajectory 1182 of circuit 1 -- done
rank 2 | trajectory 2893 of circuit 1 -- done
rank 24 | trajectory 1584 of circuit 2 -- done
rank 13 | trajectory 3697 of circuit 3 -- done
rank 24 | trajectory 1959 of circuit 1 -- done
rank 8 | trajectory 2528 of circuit 2 -- done
rank 13 | trajectory 3497 of circuit 1 -- done
rank 5 | trajectory 627 of circuit 3 -- done
rank 24 | trajectory 3175 of circuit 3 -- done
rank 9 | trajectory 2079 of circuit 1 -- done
rank 19 | trajectory 2749 of circuit 3 -- done
rank 20 | trajectory 2774 of circuit 1 -- done
rank 5 | trajectory 327 of circuit 1 -- done
rank 5 | trajectory 1177 of circuit 2 -- done
rank 23 | trajectory 233 of circuit 3 -- done
rank 3 | trajectory 3777 of circuit 1 -- done
rank 6 | trajectory 3344 of circuit 1 -- done
rank 24 | trajectory 1284 of circuit 1 -- done
rank 22 | trajectory 3308 of circuit 1 -- done
rank 8 | trajectory 1628 of circuit 2 -- done
rank 13 | trajectory 3013 of circuit 1 -- done
rank 12 | trajectory 3080 of circuit 2 -- done
rank 9 | trajectory 29 of circuit 1 -- done
rank 15 | trajectory 956 of circuit 2 -- done
rank 0 | trajectory 2309 of circuit 2 -- done
rank 4 | trajectory 2377 of circuit 3 -- done
rank 13 | trajectory 1930 of circuit 3 -- done
rank 0 | trajectory 2042 of circuit 2 -- done
rank 18 | trajectory 2648 of circuit 1 -- done
rank 18 | trajectory 1482 of circuit 2 -- done
rank 22 | trajectory 208 of circuit 2 -- done
rank 8 | trajectory 1453 of circuit 2 -- done
rank 24 | trajectory 3259 of circuit 2 -- done
rank 23 | trajectory 2725 of circuit 3 -- done
rank 5 | trajectory 2627 of circuit 1 -- done
rank 6 | trajectory 903 of circuit 1 -- done
rank 9 | trajectory 1754 of circuit 2 -- done
rank 13 | trajectory 180 of circuit 1 -- done
rank 2 | trajectory 1176 of circuit 1 -- done
rank 4 | trajectory 1827 of circuit 3 -- done
rank 14 | trajectory 1230 of circuit 3 -- done
rank 21 | trajectory 2191 of circuit 2 -- done
rank 7 | trajectory 3528 of circuit 2 -- done
rank 23 | trajectory 3558 of circuit 2 -- done
rank 22 | trajectory 2658 of circuit 1 -- done
rank 8 | trajectory 3662 of circuit 1 -- done
rank 5 | trajectory 3194 of circuit 2 -- done
rank 19 | trajectory 2265 of circuit 1 -- done
rank 7 | trajectory 3011 of circuit 1 -- done
rank 4 | trajectory 2502 of circuit 2 -- done
rank 21 | trajectory 2091 of circuit 2 -- done
rank 7 | trajectory 3628 of circuit 3 -- done
rank 11 | trajectory 3429 of circuit 1 -- done
rank 24 | trajectory 1784 of circuit 2 -- done
rank 8 | trajectory 3078 of circuit 1 -- done
rank 11 | trajectory 1779 of circuit 2 -- done
rank 10 | trajectory 2612 of circuit 1 -- done
rank 10 | trajectory 1229 of circuit 1 -- done
rank 12 | trajectory 2680 of circuit 1 -- done
rank 7 | trajectory 3478 of circuit 1 -- done
rank 7 | trajectory 2445 of circuit 1 -- done
rank 22 | trajectory 3258 of circuit 2 -- done
rank 7 | trajectory 678 of circuit 1 -- done
rank 16 | trajectory 1556 of circuit 3 -- done
rank 2 | trajectory 3110 of circuit 1 -- done
rank 3 | trajectory 3443 of circuit 3 -- done
rank 19 | trajectory 3449 of circuit 1 -- done
rank 24 | trajectory 559 of circuit 1 -- done
rank 15 | trajectory 2914 of circuit 1 -- done
rank 21 | trajectory 633 of circuit 3 -- done
rank 20 | trajectory 2174 of circuit 2 -- done
rank 0 | trajectory 1942 of circuit 2 -- done
rank 9 | trajectory 1779 of circuit 1 -- done
rank 13 | trajectory 230 of circuit 1 -- done
rank 5 | trajectory 2261 of circuit 1 -- done
rank 5 | trajectory 77 of circuit 3 -- done
rank 3 | trajectory 2893 of circuit 2 -- done
rank 20 | trajectory 3474 of circuit 1 -- done
rank 11 | trajectory 2446 of circuit 2 -- done
rank 7 | trajectory 2361 of circuit 2 -- done
rank 21 | trajectory 333 of circuit 2 -- done
rank 8 | trajectory 3528 of circuit 3 -- done
rank 20 | trajectory 3574 of circuit 3 -- done
rank 20 | trajectory 1991 of circuit 1 -- done
rank 3 | trajectory 1202 of circuit 3 -- done
rank 18 | trajectory 1207 of circuit 1 -- done
rank 7 | trajectory 2828 of circuit 1 -- done
rank 16 | trajectory 1106 of circuit 2 -- done
rank 13 | trajectory 1430 of circuit 1 -- done
rank 24 | trajectory 3609 of circuit 2 -- done
rank 8 | trajectory 2612 of circuit 3 -- done
rank 14 | trajectory 2764 of circuit 1 -- done
rank 24 | trajectory 3542 of circuit 3 -- done
rank 23 | trajectory 3425 of circuit 3 -- done
rank 1 | trajectory 2226 of circuit 1 -- done
rank 20 | trajectory 3657 of circuit 3 -- done
rank 7 | trajectory 3728 of circuit 3 -- done
rank 17 | trajectory 2681 of circuit 1 -- done
rank 14 | trajectory 280 of circuit 3 -- done
rank 0 | trajectory 426 of circuit 2 -- done
rank 3 | trajectory 2027 of circuit 1 -- done
rank 0 | trajectory 3642 of circuit 3 -- done
rank 11 | trajectory 879 of circuit 1 -- done
rank 15 | trajectory 1806 of circuit 2 -- done
rank 7 | trajectory 2795 of circuit 1 -- done
rank 20 | trajectory 2707 of circuit 3 -- done
rank 0 | trajectory 126 of circuit 1 -- done
rank 12 | trajectory 105 of circuit 2 -- done
rank 12 | trajectory 2613 of circuit 1 -- done
rank 12 | trajectory 1380 of circuit 2 -- done
rank 8 | trajectory 3428 of circuit 2 -- done
rank 11 | trajectory 3129 of circuit 1 -- done
rank 10 | trajectory 1629 of circuit 1 -- done
rank 10 | trajectory 3112 of circuit 1 -- done
rank 9 | trajectory 804 of circuit 2 -- done
rank 5 | trajectory 2077 of circuit 1 -- done
rank 5 | trajectory 2061 of circuit 3 -- done
rank 1 | trajectory 3409 of circuit 3 -- done
rank 12 | trajectory 3546 of circuit 1 -- done
rank 0 | trajectory 1101 of circuit 1 -- done
rank 2 | trajectory 301 of circuit 3 -- done
rank 5 | trajectory 3227 of circuit 2 -- done
rank 17 | trajectory 3265 of circuit 1 -- done
rank 17 | trajectory 3048 of circuit 1 -- done
rank 4 | trajectory 2719 of circuit 1 -- done
rank 1 | trajectory 726 of circuit 2 -- done
rank 8 | trajectory 828 of circuit 2 -- done
rank 0 | trajectory 2276 of circuit 2 -- done
rank 5 | trajectory 527 of circuit 3 -- done
rank 24 | trajectory 34 of circuit 2 -- done
rank 2 | trajectory 701 of circuit 1 -- done
rank 15 | trajectory 1106 of circuit 3 -- done
rank 19 | trajectory 1207 of circuit 3 -- done
rank 3 | trajectory 2660 of circuit 2 -- done
rank 15 | trajectory 2181 of circuit 2 -- done
rank 3 | trajectory 1402 of circuit 1 -- done
rank 10 | trajectory 379 of circuit 1 -- done
rank 7 | trajectory 628 of circuit 1 -- done
rank 13 | trajectory 1030 of circuit 2 -- done
rank 1 | trajectory 2459 of circuit 1 -- done
rank 9 | trajectory 2145 of circuit 1 -- done
rank 5 | trajectory 3244 of circuit 3 -- done
rank 21 | trajectory 433 of circuit 3 -- done
rank 14 | trajectory 3830 of circuit 2 -- done
rank 3 | trajectory 3560 of circuit 1 -- done
rank 13 | trajectory 1605 of circuit 1 -- done
rank 16 | trajectory 1681 of circuit 1 -- done
rank 5 | trajectory 3677 of circuit 1 -- done
rank 21 | trajectory 3458 of circuit 3 -- done
rank 0 | trajectory 1726 of circuit 1 -- done
rank 13 | trajectory 1997 of circuit 2 -- done
rank 20 | trajectory 1357 of circuit 2 -- done
rank 16 | trajectory 1081 of circuit 1 -- done
rank 18 | trajectory 2182 of circuit 2 -- done
rank 8 | trajectory 2178 of circuit 1 -- done
rank 5 | trajectory 3594 of circuit 1 -- done
rank 7 | trajectory 478 of circuit 3 -- done
rank 16 | trajectory 2581 of circuit 2 -- done
rank 17 | trajectory 3581 of circuit 1 -- done
rank 14 | trajectory 405 of circuit 2 -- done
rank 23 | trajectory 1633 of circuit 2 -- done
rank 10 | trajectory 104 of circuit 2 -- done
rank 24 | trajectory 1009 of circuit 1 -- done
rank 5 | trajectory 2277 of circuit 1 -- done
rank 13 | trajectory 1355 of circuit 1 -- done
rank 24 | trajectory 984 of circuit 2 -- done
rank 4 | trajectory 2277 of circuit 2 -- done
rank 3 | trajectory 852 of circuit 2 -- done
rank 2 | trajectory 101 of circuit 2 -- done
rank 2 | trajectory 2643 of circuit 3 -- done
rank 13 | trajectory 2247 of circuit 1 -- done
rank 3 | trajectory 1852 of circuit 3 -- done
rank 13 | trajectory 3313 of circuit 3 -- done
rank 18 | trajectory 32 of circuit 1 -- done
rank 20 | trajectory 2024 of circuit 3 -- done
rank 0 | trajectory 2992 of circuit 2 -- done
rank 13 | trajectory 2180 of circuit 3 -- done
rank 1 | trajectory 1301 of circuit 2 -- done
rank 2 | trajectory 1801 of circuit 1 -- done
rank 14 | trajectory 1980 of circuit 1 -- done
rank 14 | trajectory 2497 of circuit 1 -- done
rank 14 | trajectory 2997 of circuit 1 -- done
rank 15 | trajectory 3564 of circuit 2 -- done
rank 9 | trajectory 3095 of circuit 1 -- done
rank 4 | trajectory 1160 of circuit 3 -- done
rank 5 | trajectory 3827 of circuit 2 -- done
rank 23 | trajectory 1308 of circuit 2 -- done
rank 15 | trajectory 3247 of circuit 3 -- done
rank 1 | trajectory 1801 of circuit 2 -- done
rank 3 | trajectory 2727 of circuit 3 -- done
rank 6 | trajectory 2611 of circuit 2 -- done
rank 0 | trajectory 3592 of circuit 2 -- done
rank 5 | trajectory 3444 of circuit 1 -- done
rank 18 | trajectory 2048 of circuit 2 -- done
rank 3 | trajectory 3793 of circuit 1 -- done
rank 10 | trajectory 3779 of circuit 1 -- done
rank 20 | trajectory 707 of circuit 3 -- done
rank 3 | trajectory 527 of circuit 2 -- done
rank 18 | trajectory 2282 of circuit 2 -- done
rank 4 | trajectory 3602 of circuit 1 -- done
rank 18 | trajectory 3082 of circuit 1 -- done
rank 23 | trajectory 2842 of circuit 1 -- done
rank 11 | trajectory 1229 of circuit 2 -- done
rank 16 | trajectory 2214 of circuit 3 -- done
rank 3 | trajectory 3410 of circuit 2 -- done
rank 13 | trajectory 980 of circuit 2 -- done
rank 16 | trajectory 956 of circuit 1 -- done
rank 23 | trajectory 2758 of circuit 2 -- done
rank 5 | trajectory 3061 of circuit 1 -- done
rank 19 | trajectory 1782 of circuit 2 -- done
rank 18 | trajectory 3732 of circuit 2 -- done
rank 13 | trajectory 1505 of circuit 1 -- done
rank 17 | trajectory 2465 of circuit 2 -- done
rank 14 | trajectory 2130 of circuit 1 -- done
rank 8 | trajectory 2012 of circuit 3 -- done
rank 9 | trajectory 1204 of circuit 1 -- done
rank 5 | trajectory 2661 of circuit 1 -- done
rank 8 | trajectory 2162 of circuit 1 -- done
rank 5 | trajectory 2977 of circuit 1 -- done
rank 6 | trajectory 3028 of circuit 2 -- done
rank 8 | trajectory 2128 of circuit 2 -- done
rank 16 | trajectory 706 of circuit 1 -- done
rank 0 | trajectory 2542 of circuit 1 -- done
rank 9 | trajectory 2012 of circuit 1 -- done
rank 9 | trajectory 4 of circuit 3 -- done
rank 11 | trajectory 1204 of circuit 2 -- done
rank 10 | trajectory 1154 of circuit 1 -- done
rank 9 | trajectory 2829 of circuit 1 -- done
rank 9 | trajectory 1304 of circuit 2 -- done
rank 3 | trajectory 2410 of circuit 2 -- done
rank 10 | trajectory 3746 of circuit 1 -- done
rank 17 | trajectory 281 of circuit 1 -- done
rank 11 | trajectory 704 of circuit 1 -- done
rank 3 | trajectory 1502 of circuit 1 -- done
rank 22 | trajectory 2541 of circuit 2 -- done
rank 12 | trajectory 3680 of circuit 3 -- done
rank 21 | trajectory 3358 of circuit 3 -- done
rank 17 | trajectory 1656 of circuit 3 -- done
rank 2 | trajectory 2110 of circuit 3 -- done
rank 4 | trajectory 802 of circuit 3 -- done
rank 22 | trajectory 3100 of circuit 2 -- done
rank 18 | trajectory 3215 of circuit 2 -- done
rank 12 | trajectory 1455 of circuit 1 -- done
rank 6 | trajectory 1553 of circuit 1 -- done
rank 10 | trajectory 3796 of circuit 1 -- done
rank 9 | trajectory 2545 of circuit 1 -- done
rank 2 | trajectory 2426 of circuit 3 -- done
rank 1 | trajectory 1451 of circuit 3 -- done
rank 0 | trajectory 2792 of circuit 2 -- done
rank 5 | trajectory 3511 of circuit 1 -- done
rank 7 | trajectory 3378 of circuit 3 -- done
rank 18 | trajectory 582 of circuit 2 -- done
rank 7 | trajectory 3228 of circuit 3 -- done
rank 11 | trajectory 2829 of circuit 2 -- done
rank 14 | trajectory 2097 of circuit 2 -- done
rank 21 | trajectory 3474 of circuit 2 -- done
rank 0 | trajectory 1651 of circuit 1 -- done
rank 7 | trajectory 2578 of circuit 2 -- done
rank 11 | trajectory 3463 of circuit 1 -- done
rank 0 | trajectory 3042 of circuit 1 -- done
rank 2 | trajectory 1226 of circuit 2 -- done
rank 19 | trajectory 2165 of circuit 3 -- done
rank 11 | trajectory 3629 of circuit 1 -- done
rank 14 | trajectory 1130 of circuit 3 -- done
rank 3 | trajectory 752 of circuit 3 -- done
rank 13 | trajectory 680 of circuit 1 -- done
rank 13 | trajectory 1480 of circuit 2 -- done
rank 5 | trajectory 2761 of circuit 1 -- done
rank 19 | trajectory 682 of circuit 1 -- done
rank 14 | trajectory 255 of circuit 3 -- done
rank 5 | trajectory 3311 of circuit 1 -- done
rank 2 | trajectory 2876 of circuit 3 -- done
rank 5 | trajectory 377 of circuit 3 -- done
rank 23 | trajectory 3692 of circuit 2 -- done
rank 10 | trajectory 2762 of circuit 1 -- done
rank 11 | trajectory 554 of circuit 1 -- done
rank 23 | trajectory 83 of circuit 1 -- done
rank 19 | trajectory 2932 of circuit 1 -- done
rank 1 | trajectory 1351 of circuit 2 -- done
rank 5 | trajectory 802 of circuit 2 -- done
rank 1 | trajectory 1551 of circuit 2 -- done
rank 8 | trajectory 2862 of circuit 1 -- done
rank 0 | trajectory 226 of circuit 3 -- done
rank 12 | trajectory 2946 of circuit 2 -- done
rank 20 | trajectory 3607 of circuit 1 -- done
rank 0 | trajectory 2026 of circuit 1 -- done
rank 19 | trajectory 807 of circuit 2 -- done
rank 3 | trajectory 227 of circuit 2 -- done
rank 6 | trajectory 3311 of circuit 2 -- done
rank 7 | trajectory 3 of circuit 2 -- done
rank 2 | trajectory 3526 of circuit 3 -- done
rank 3 | trajectory 1377 of circuit 1 -- done
rank 2 | trajectory 3660 of circuit 2 -- done
rank 10 | trajectory 2212 of circuit 3 -- done
rank 2 | trajectory 1301 of circuit 3 -- done
rank 18 | trajectory 307 of circuit 2 -- done
rank 1 | trajectory 701 of circuit 2 -- done
rank 11 | trajectory 2146 of circuit 2 -- done
rank 24 | trajectory 3759 of circuit 1 -- done
rank 3 | trajectory 1993 of circuit 1 -- done
rank 1 | trajectory 2843 of circuit 1 -- done
rank 12 | trajectory 2530 of circuit 2 -- done
rank 10 | trajectory 2496 of circuit 1 -- done
rank 3 | trajectory 3027 of circuit 2 -- done
rank 13 | trajectory 730 of circuit 1 -- done
rank 20 | trajectory 3107 of circuit 1 -- done
rank 8 | trajectory 3128 of circuit 2 -- done
rank 13 | trajectory 3063 of circuit 2 -- done
rank 13 | trajectory 705 of circuit 2 -- done
rank 24 | trajectory 1234 of circuit 1 -- done
rank 2 | trajectory 2793 of circuit 2 -- done
rank 18 | trajectory 3365 of circuit 3 -- done
rank 1 | trajectory 3259 of circuit 1 -- done
rank 0 | trajectory 2642 of circuit 1 -- done
rank 0 | trajectory 2742 of circuit 1 -- done
rank 24 | trajectory 1092 of circuit 2 -- done
rank 18 | trajectory 3582 of circuit 1 -- done
rank 8 | trajectory 2762 of circuit 2 -- done
rank 20 | trajectory 182 of circuit 2 -- done
rank 4 | trajectory 2994 of circuit 1 -- done
rank 3 | trajectory 1943 of circuit 1 -- done
rank 17 | trajectory 1906 of circuit 3 -- done
rank 8 | trajectory 3645 of circuit 2 -- done
rank 17 | trajectory 1431 of circuit 3 -- done
rank 7 | trajectory 3045 of circuit 1 -- done
rank 18 | trajectory 2765 of circuit 3 -- done
rank 18 | trajectory 2865 of circuit 1 -- done
rank 7 | trajectory 3295 of circuit 2 -- done
rank 0 | trajectory 2942 of circuit 1 -- done
rank 21 | trajectory 783 of circuit 1 -- done
rank 6 | trajectory 3411 of circuit 1 -- done
rank 2 | trajectory 2043 of circuit 2 -- done
rank 23 | trajectory 2692 of circuit 3 -- done
rank 13 | trajectory 3613 of circuit 3 -- done
rank 13 | trajectory 1455 of circuit 2 -- done
rank 19 | trajectory 407 of circuit 2 -- done
rank 7 | trajectory 2261 of circuit 2 -- done
rank 14 | trajectory 2597 of circuit 1 -- done
rank 9 | trajectory 3529 of circuit 1 -- done
rank 0 | trajectory 676 of circuit 1 -- done
rank 1 | trajectory 1026 of circuit 2 -- done
rank 12 | trajectory 1946 of circuit 2 -- done
rank 14 | trajectory 3080 of circuit 1 -- done
rank 2 | trajectory 2976 of circuit 2 -- done
rank 2 | trajectory 2410 of circuit 1 -- done
rank 12 | trajectory 2013 of circuit 2 -- done
rank 20 | trajectory 2891 of circuit 1 -- done
rank 20 | trajectory 2524 of circuit 1 -- done
rank 12 | trajectory 2413 of circuit 3 -- done
rank 1 | trajectory 184 of circuit 1 -- done
rank 9 | trajectory 2195 of circuit 1 -- done
rank 7 | trajectory 3828 of circuit 1 -- done
rank 1 | trajectory 3093 of circuit 3 -- done
rank 9 | trajectory 3379 of circuit 3 -- done
rank 13 | trajectory 3130 of circuit 1 -- done
rank 9 | trajectory 1604 of circuit 1 -- done
rank 12 | trajectory 3446 of circuit 2 -- done
rank 16 | trajectory 3748 of circuit 3 -- done
rank 23 | trajectory 1483 of circuit 2 -- done
rank 13 | trajectory 3480 of circuit 3 -- done
rank 7 | trajectory 1978 of circuit 2 -- done
rank 24 | trajectory 884 of circuit 3 -- done
rank 11 | trajectory 329 of circuit 1 -- done
rank 6 | trajectory 1944 of circuit 3 -- done
rank 2 | trajectory 1601 of circuit 1 -- done
rank 6 | trajectory 2961 of circuit 1 -- done
rank 5 | trajectory 1944 of circuit 1 -- done
rank 24 | trajectory 2242 of circuit 1 -- done
rank 23 | trajectory 2008 of circuit 2 -- done
rank 23 | trajectory 3008 of circuit 3 -- done
rank 8 | trajectory 2978 of circuit 3 -- done
rank 14 | trajectory 2630 of circuit 3 -- done
rank 0 | trajectory 2526 of circuit 1 -- done
rank 14 | trajectory 1947 of circuit 1 -- done
rank 0 | trajectory 2676 of circuit 1 -- done
rank 17 | trajectory 3465 of circuit 3 -- done
rank 19 | trajectory 3615 of circuit 3 -- done
rank 8 | trajectory 928 of circuit 2 -- done
rank 15 | trajectory 431 of circuit 1 -- done
rank 10 | trajectory 329 of circuit 2 -- done
rank 16 | trajectory 2398 of circuit 2 -- done
rank 14 | trajectory 55 of circuit 1 -- done
rank 2 | trajectory 2160 of circuit 2 -- done
rank 19 | trajectory 2682 of circuit 1 -- done
rank 21 | trajectory 2291 of circuit 1 -- done
rank 22 | trajectory 2458 of circuit 3 -- done
rank 22 | trajectory 3391 of circuit 1 -- done
rank 3 | trajectory 2460 of circuit 1 -- done
rank 14 | trajectory 1655 of circuit 2 -- done
rank 8 | trajectory 78 of circuit 1 -- done
rank 2 | trajectory 76 of circuit 2 -- done
rank 8 | trajectory 1328 of circuit 3 -- done
rank 3 | trajectory 27 of circuit 3 -- done
rank 21 | trajectory 358 of circuit 3 -- done
rank 1 | trajectory 2259 of circuit 2 -- done
rank 23 | trajectory 2425 of circuit 1 -- done
rank 5 | trajectory 2861 of circuit 2 -- done
rank 17 | trajectory 3748 of circuit 1 -- done
rank 14 | trajectory 2480 of circuit 2 -- done
rank 6 | trajectory 303 of circuit 1 -- done
rank 2 | trajectory 2776 of circuit 3 -- done
rank 14 | trajectory 2180 of circuit 1 -- done
rank 24 | trajectory 2925 of circuit 2 -- done
rank 9 | trajectory 1154 of circuit 2 -- done
rank 22 | trajectory 241 of circuit 1 -- done
rank 3 | trajectory 3627 of circuit 3 -- done
rank 12 | trajectory 1855 of circuit 1 -- done
rank 15 | trajectory 1031 of circuit 2 -- done
rank 11 | trajectory 2663 of circuit 3 -- done
rank 23 | trajectory 458 of circuit 2 -- done
rank 7 | trajectory 2278 of circuit 2 -- done
rank 13 | trajectory 2413 of circuit 1 -- done
rank 13 | trajectory 3197 of circuit 2 -- done
rank 5 | trajectory 3261 of circuit 1 -- done
rank 1 | trajectory 1251 of circuit 2 -- done
rank 10 | trajectory 1929 of circuit 1 -- done
rank 7 | trajectory 1103 of circuit 1 -- done
rank 13 | trajectory 1130 of circuit 1 -- done
rank 13 | trajectory 930 of circuit 3 -- done
rank 20 | trajectory 2541 of circuit 3 -- done
rank 11 | trajectory 2979 of circuit 1 -- done
rank 18 | trajectory 2798 of circuit 1 -- done
rank 16 | trajectory 681 of circuit 2 -- done
rank 4 | trajectory 27 of circuit 1 -- done
rank 11 | trajectory 3763 of circuit 2 -- done
rank 9 | trajectory 2512 of circuit 1 -- done
rank 14 | trajectory 2730 of circuit 1 -- done
rank 19 | trajectory 1757 of circuit 1 -- done
rank 6 | trajectory 3194 of circuit 1 -- done
rank 0 | trajectory 2592 of circuit 2 -- done
rank 15 | trajectory 931 of circuit 3 -- done
rank 8 | trajectory 1403 of circuit 2 -- done
rank 15 | trajectory 2414 of circuit 1 -- done
rank 10 | trajectory 2096 of circuit 2 -- done
rank 1 | trajectory 3159 of circuit 2 -- done
rank 20 | trajectory 3024 of circuit 2 -- done
rank 15 | trajectory 2931 of circuit 2 -- done
rank 10 | trajectory 3562 of circuit 2 -- done
rank 13 | trajectory 505 of circuit 3 -- done
rank 4 | trajectory 3469 of circuit 1 -- done
rank 10 | trajectory 3762 of circuit 1 -- done
rank 2 | trajectory 1726 of circuit 3 -- done
rank 15 | trajectory 1681 of circuit 2 -- done
rank 6 | trajectory 2511 of circuit 2 -- done
rank 3 | trajectory 1977 of circuit 2 -- done
rank 2 | trajectory 2293 of circuit 3 -- done
rank 22 | trajectory 266 of circuit 3 -- done
rank 3 | trajectory 477 of circuit 3 -- done
rank 6 | trajectory 2394 of circuit 2 -- done
rank 11 | trajectory 2479 of circuit 2 -- done
rank 12 | trajectory 2363 of circuit 3 -- done
rank 8 | trajectory 2662 of circuit 3 -- done
rank 12 | trajectory 930 of circuit 2 -- done
rank 0 | trajectory 1551 of circuit 3 -- done
rank 23 | trajectory 2375 of circuit 2 -- done
rank 1 | trajectory 351 of circuit 2 -- done
rank 2 | trajectory 3060 of circuit 1 -- done
rank 23 | trajectory 1758 of circuit 2 -- done
rank 14 | trajectory 2364 of circuit 1 -- done
rank 10 | trajectory 2329 of circuit 1 -- done
rank 10 | trajectory 1979 of circuit 1 -- done
rank 0 | trajectory 1126 of circuit 1 -- done
rank 22 | trajectory 1583 of circuit 3 -- done
rank 15 | trajectory 1231 of circuit 3 -- done
rank 6 | trajectory 2011 of circuit 2 -- done
rank 17 | trajectory 3381 of circuit 2 -- done
rank 11 | trajectory 1554 of circuit 1 -- done
rank 2 | trajectory 1976 of circuit 3 -- done
rank 24 | trajectory 1534 of circuit 1 -- done
rank 16 | trajectory 1864 of circuit 1 -- done
rank 4 | trajectory 1477 of circuit 3 -- done
rank 2 | trajectory 1526 of circuit 2 -- done
rank 5 | trajectory 1477 of circuit 1 -- done
rank 23 | trajectory 958 of circuit 3 -- done
rank 10 | trajectory 54 of circuit 3 -- done
rank 24 | trajectory 2192 of circuit 3 -- done
rank 3 | trajectory 2127 of circuit 2 -- done
rank 21 | trajectory 233 of circuit 2 -- done
rank 13 | trajectory 2263 of circuit 2 -- done
rank 11 | trajectory 3413 of circuit 2 -- done
rank 6 | trajectory 3011 of circuit 3 -- done
rank 12 | trajectory 430 of circuit 2 -- done
rank 9 | trajectory 3545 of circuit 2 -- done
rank 14 | trajectory 2564 of circuit 1 -- done
rank 10 | trajectory 3062 of circuit 1 -- done
rank 3 | trajectory 3543 of circuit 1 -- done
rank 19 | trajectory 1257 of circuit 3 -- done
rank 16 | trajectory 2148 of circuit 2 -- done
rank 21 | trajectory 2624 of circuit 1 -- done
rank 19 | trajectory 607 of circuit 3 -- done
rank 0 | trajectory 2126 of circuit 1 -- done
rank 11 | trajectory 2313 of circuit 1 -- done
rank 2 | trajectory 1826 of circuit 1 -- done
rank 1 | trajectory 451 of circuit 3 -- done
rank 12 | trajectory 3180 of circuit 2 -- done
rank 0 | trajectory 2909 of circuit 3 -- done
rank 11 | trajectory 3246 of circuit 2 -- done
rank 1 | trajectory 2743 of circuit 1 -- done
rank 11 | trajectory 3163 of circuit 3 -- done
rank 13 | trajectory 2663 of circuit 2 -- done
rank 20 | trajectory 391 of circuit 3 -- done
rank 8 | trajectory 653 of circuit 1 -- done
rank 0 | trajectory 2092 of circuit 1 -- done
rank 8 | trajectory 3295 of circuit 3 -- done
rank 0 | trajectory 2726 of circuit 1 -- done
rank 18 | trajectory 2198 of circuit 1 -- done
rank 12 | trajectory 3196 of circuit 1 -- done
rank 11 | trajectory 1254 of circuit 2 -- done
rank 11 | trajectory 3296 of circuit 2 -- done
rank 3 | trajectory 3110 of circuit 2 -- done
rank 17 | trajectory 3015 of circuit 2 -- done
rank 12 | trajectory 3746 of circuit 3 -- done
rank 19 | trajectory 282 of circuit 1 -- done
rank 11 | trajectory 1654 of circuit 1 -- done
rank 6 | trajectory 2694 of circuit 1 -- done
rank 5 | trajectory 452 of circuit 2 -- done
rank 14 | trajectory 2347 of circuit 1 -- done
rank 10 | trajectory 2812 of circuit 1 -- done
rank 4 | trajectory 2085 of circuit 1 -- done
rank 18 | trajectory 2748 of circuit 3 -- done
rank 22 | trajectory 2175 of circuit 3 -- done
rank 9 | trajectory 3779 of circuit 2 -- done
rank 6 | trajectory 1703 of circuit 1 -- done
rank 16 | trajectory 1981 of circuit 1 -- done
rank 8 | trajectory 3628 of circuit 2 -- done
rank 14 | trajectory 3164 of circuit 2 -- done
rank 16 | trajectory 314 of circuit 2 -- done
rank 23 | trajectory 533 of circuit 3 -- done
rank 8 | trajectory 3612 of circuit 2 -- done
rank 2 | trajectory 351 of circuit 1 -- done
rank 12 | trajectory 2996 of circuit 3 -- done
rank 22 | trajectory 608 of circuit 3 -- done
rank 18 | trajectory 382 of circuit 2 -- done
rank 15 | trajectory 3664 of circuit 2 -- done
rank 1 | trajectory 2051 of circuit 1 -- done
rank 18 | trajectory 2115 of circuit 3 -- done
rank 17 | trajectory 3031 of circuit 2 -- done
rank 15 | trajectory 3731 of circuit 3 -- done
rank 13 | trajectory 2447 of circuit 3 -- done
rank 7 | trajectory 2111 of circuit 3 -- done
rank 18 | trajectory 2682 of circuit 3 -- done
rank 13 | trajectory 2130 of circuit 3 -- done
rank 12 | trajectory 1205 of circuit 3 -- done
rank 10 | trajectory 604 of circuit 1 -- done
rank 8 | trajectory 2228 of circuit 1 -- done
rank 0 | trajectory 2976 of circuit 3 -- done
rank 18 | trajectory 1982 of circuit 2 -- done
rank 3 | trajectory 3810 of circuit 2 -- done
rank 0 | trajectory 2409 of circuit 1 -- done
rank 5 | trajectory 2194 of circuit 1 -- done
rank 5 | trajectory 1902 of circuit 3 -- done
rank 18 | trajectory 1532 of circuit 1 -- done
rank 22 | trajectory 633 of circuit 2 -- done
rank 11 | trajectory 2029 of circuit 1 -- done
rank 0 | trajectory 2359 of circuit 2 -- done
rank 4 | trajectory 2102 of circuit 1 -- done
rank 18 | trajectory 3348 of circuit 1 -- done
rank 21 | trajectory 3324 of circuit 2 -- done
rank 18 | trajectory 732 of circuit 2 -- done
rank 0 | trajectory 2226 of circuit 3 -- done
rank 24 | trajectory 2092 of circuit 3 -- done
rank 16 | trajectory 806 of circuit 1 -- done
rank 13 | trajectory 3180 of circuit 1 -- done
rank 3 | trajectory 2643 of circuit 1 -- done
rank 16 | trajectory 2064 of circuit 1 -- done
rank 1 | trajectory 2959 of circuit 1 -- done
rank 11 | trajectory 729 of circuit 3 -- done
rank 10 | trajectory 554 of circuit 2 -- done
rank 7 | trajectory 1945 of circuit 1 -- done
rank 22 | trajectory 3558 of circuit 1 -- done
rank 11 | trajectory 904 of circuit 2 -- done
rank 19 | trajectory 657 of circuit 1 -- done
rank 20 | trajectory 3624 of circuit 1 -- done
rank 24 | trajectory 1759 of circuit 2 -- done
rank 13 | trajectory 1205 of circuit 2 -- done
rank 13 | trajectory 80 of circuit 2 -- done
rank 7 | trajectory 3245 of circuit 1 -- done
rank 20 | trajectory 3207 of circuit 3 -- done
rank 16 | trajectory 1906 of circuit 1 -- done
rank 13 | trajectory 3397 of circuit 1 -- done
rank 7 | trajectory 3711 of circuit 1 -- done
rank 7 | trajectory 3611 of circuit 2 -- done
rank 7 | trajectory 3695 of circuit 1 -- done
rank 13 | trajectory 2747 of circuit 1 -- done
rank 20 | trajectory 2666 of circuit 2 -- done
rank 2 | trajectory 376 of circuit 3 -- done
rank 6 | trajectory 3794 of circuit 3 -- done
rank 15 | trajectory 3097 of circuit 1 -- done
rank 19 | trajectory 2632 of circuit 1 -- done
rank 4 | trajectory 1627 of circuit 3 -- done
rank 21 | trajectory 3074 of circuit 1 -- done
rank 2 | trajectory 3510 of circuit 1 -- done
rank 8 | trajectory 453 of circuit 3 -- done
rank 4 | trajectory 2660 of circuit 3 -- done
rank 15 | trajectory 256 of circuit 1 -- done
rank 19 | trajectory 1982 of circuit 3 -- done
rank 3 | trajectory 2593 of circuit 3 -- done
rank 4 | trajectory 1327 of circuit 1 -- done
rank 23 | trajectory 2175 of circuit 1 -- done
rank 19 | trajectory 3765 of circuit 2 -- done
rank 14 | trajectory 1780 of circuit 2 -- done
rank 22 | trajectory 2258 of circuit 3 -- done
rank 14 | trajectory 2530 of circuit 3 -- done
rank 23 | trajectory 1508 of circuit 1 -- done
rank 16 | trajectory 3698 of circuit 1 -- done
rank 4 | trajectory 2552 of circuit 3 -- done
rank 20 | trajectory 1532 of circuit 2 -- done
rank 20 | trajectory 3357 of circuit 2 -- done
rank 13 | trajectory 330 of circuit 2 -- done
rank 20 | trajectory 2391 of circuit 2 -- done
rank 15 | trajectory 2072 of circuit 1 -- done
rank 4 | trajectory 152 of circuit 2 -- done
rank 23 | trajectory 3208 of circuit 3 -- done
rank 6 | trajectory 203 of circuit 1 -- done
rank 9 | trajectory 579 of circuit 3 -- done
rank 21 | trajectory 2008 of circuit 1 -- done
rank 23 | trajectory 1258 of circuit 3 -- done
rank 9 | trajectory 1354 of circuit 1 -- done
rank 11 | trajectory 2179 of circuit 1 -- done
rank 3 | trajectory 327 of circuit 3 -- done
rank 9 | trajectory 2562 of circuit 1 -- done
rank 19 | trajectory 557 of circuit 3 -- done
rank 16 | trajectory 3531 of circuit 3 -- done
rank 18 | trajectory 2032 of circuit 3 -- done
rank 6 | trajectory 2244 of circuit 1 -- done
rank 20 | trajectory 307 of circuit 1 -- done
rank 20 | trajectory 3757 of circuit 2 -- done
rank 3 | trajectory 1602 of circuit 3 -- done
rank 8 | trajectory 2962 of circuit 1 -- done
rank 5 | trajectory 2177 of circuit 3 -- done
rank 2 | trajectory 2226 of circuit 2 -- done
rank 7 | trajectory 186 of circuit 1 -- done
rank 20 | trajectory 1132 of circuit 2 -- done
rank 18 | trajectory 1382 of circuit 3 -- done
rank 24 | trajectory 584 of circuit 3 -- done
rank 4 | trajectory 2485 of circuit 1 -- done
rank 4 | trajectory 2677 of circuit 2 -- done
rank 17 | trajectory 81 of circuit 1 -- done
rank 8 | trajectory 3695 of circuit 3 -- done
rank 10 | trajectory 629 of circuit 2 -- done
rank 0 | trajectory 3226 of circuit 1 -- done
rank 16 | trajectory 3048 of circuit 3 -- done
rank 22 | trajectory 2291 of circuit 2 -- done
rank 3 | trajectory 802 of circuit 1 -- done
rank 22 | trajectory 1208 of circuit 2 -- done
rank 1 | trajectory 3059 of circuit 1 -- done
rank 10 | trajectory 1879 of circuit 2 -- done
rank 18 | trajectory 157 of circuit 2 -- done
rank 6 | trajectory 1728 of circuit 1 -- done
rank 20 | trajectory 732 of circuit 3 -- done
rank 22 | trajectory 2108 of circuit 1 -- done
rank 20 | trajectory 1491 of circuit 2 -- done
rank 19 | trajectory 257 of circuit 3 -- done
rank 19 | trajectory 3565 of circuit 1 -- done
rank 16 | trajectory 1781 of circuit 3 -- done
rank 8 | trajectory 3145 of circuit 2 -- done
rank 24 | trajectory 1309 of circuit 3 -- done
rank 15 | trajectory 3314 of circuit 1 -- done
rank 13 | trajectory 1380 of circuit 1 -- done
rank 6 | trajectory 1528 of circuit 1 -- done
rank 10 | trajectory 2546 of circuit 3 -- done
rank 13 | trajectory 255 of circuit 2 -- done
rank 8 | trajectory 3678 of circuit 3 -- done
rank 6 | trajectory 928 of circuit 1 -- done
rank 8 | trajectory 3012 of circuit 1 -- done
rank 15 | trajectory 1406 of circuit 3 -- done
rank 18 | trajectory 3798 of circuit 2 -- done
rank 8 | trajectory 1703 of circuit 3 -- done
rank 17 | trajectory 3248 of circuit 1 -- done
rank 5 | trajectory 927 of circuit 2 -- done
rank 13 | trajectory 1805 of circuit 3 -- done
rank 6 | trajectory 978 of circuit 3 -- done
rank 11 | trajectory 3613 of circuit 1 -- done
rank 0 | trajectory 3142 of circuit 2 -- done
rank 12 | trajectory 855 of circuit 1 -- done
rank 20 | trajectory 532 of circuit 2 -- done
rank 4 | trajectory 2727 of circuit 2 -- done
rank 1 | trajectory 2209 of circuit 3 -- done
rank 13 | trajectory 3263 of circuit 2 -- done
rank 17 | trajectory 1756 of circuit 1 -- done
rank 19 | trajectory 457 of circuit 3 -- done
rank 13 | trajectory 1655 of circuit 3 -- done
rank 7 | trajectory 2728 of circuit 1 -- done
rank 12 | trajectory 1555 of circuit 1 -- done
rank 3 | trajectory 1552 of circuit 2 -- done
rank 0 | trajectory 1426 of circuit 2 -- done
rank 6 | trajectory 3094 of circuit 2 -- done
rank 19 | trajectory 2082 of circuit 2 -- done
rank 24 | trajectory 3475 of circuit 3 -- done
rank 8 | trajectory 2578 of circuit 3 -- done
rank 20 | trajectory 2257 of circuit 2 -- done
rank 24 | trajectory 2759 of circuit 3 -- done
rank 3 | trajectory 977 of circuit 1 -- done
rank 3 | trajectory 2543 of circuit 2 -- done
rank 8 | trajectory 2395 of circuit 3 -- done
rank 8 | trajectory 3762 of circuit 3 -- done
rank 10 | trajectory 2846 of circuit 2 -- done
rank 13 | trajectory 1580 of circuit 2 -- done
rank 20 | trajectory 2332 of circuit 1 -- done
rank 6 | trajectory 1928 of circuit 2 -- done
rank 24 | trajectory 2742 of circuit 3 -- done
rank 6 | trajectory 2078 of circuit 1 -- done
rank 1 | trajectory 2159 of circuit 2 -- done
rank 18 | trajectory 3648 of circuit 2 -- done
rank 9 | trajectory 3029 of circuit 1 -- done
rank 0 | trajectory 2242 of circuit 2 -- done
rank 5 | trajectory 877 of circuit 1 -- done
rank 21 | trajectory 2558 of circuit 1 -- done
rank 9 | trajectory 3762 of circuit 2 -- done
rank 17 | trajectory 3615 of circuit 2 -- done
rank 1 | trajectory 2993 of circuit 3 -- done
rank 23 | trajectory 1858 of circuit 1 -- done
rank 4 | trajectory 1277 of circuit 3 -- done
rank 20 | trajectory 3341 of circuit 1 -- done
rank 17 | trajectory 3665 of circuit 3 -- done
rank 19 | trajectory 3099 of circuit 1 -- done
rank 16 | trajectory 2131 of circuit 3 -- done
rank 5 | trajectory 977 of circuit 2 -- done
rank 6 | trajectory 428 of circuit 1 -- done
rank 2 | trajectory 2943 of circuit 1 -- done
rank 16 | trajectory 2239 of circuit 1 -- done
rank 10 | trajectory 529 of circuit 2 -- done
rank 9 | trajectory 2812 of circuit 2 -- done
rank 4 | trajectory 902 of circuit 2 -- done
rank 11 | trajectory 3829 of circuit 2 -- done
rank 6 | trajectory 3178 of circuit 3 -- done
rank 13 | trajectory 3230 of circuit 2 -- done
rank 17 | trajectory 1256 of circuit 1 -- done
rank 6 | trajectory 2344 of circuit 2 -- done
rank 22 | trajectory 1058 of circuit 2 -- done
rank 13 | trajectory 1780 of circuit 3 -- done
rank 11 | trajectory 3563 of circuit 1 -- done
rank 18 | trajectory 3715 of circuit 3 -- done
rank 2 | trajectory 1376 of circuit 1 -- done
rank 1 | trajectory 3343 of circuit 3 -- done
rank 0 | trajectory 2809 of circuit 3 -- done
rank 8 | trajectory 3345 of circuit 1 -- done
rank 24 | trajectory 3725 of circuit 3 -- done
rank 2 | trajectory 1626 of circuit 1 -- done
rank 17 | trajectory 2265 of circuit 2 -- done
rank 0 | trajectory 3709 of circuit 2 -- done
rank 23 | trajectory 2458 of circuit 1 -- done
rank 12 | trajectory 3396 of circuit 2 -- done
rank 10 | trajectory 1054 of circuit 1 -- done
rank 7 | trajectory 128 of circuit 2 -- done
rank 6 | trajectory 803 of circuit 1 -- done
rank 4 | trajectory 1035 of circuit 1 -- done
rank 3 | trajectory 2610 of circuit 2 -- done
rank 15 | trajectory 506 of circuit 2 -- done
rank 21 | trajectory 2808 of circuit 2 -- done
rank 23 | trajectory 1583 of circuit 1 -- done
rank 11 | trajectory 2546 of circuit 1 -- done
rank 10 | trajectory 3629 of circuit 3 -- done
rank 4 | trajectory 2827 of circuit 1 -- done
rank 9 | trajectory 2979 of circuit 3 -- done
rank 3 | trajectory 2143 of circuit 3 -- done
rank 19 | trajectory 2832 of circuit 1 -- done
rank 0 | trajectory 1751 of circuit 1 -- done
rank 10 | trajectory 3662 of circuit 2 -- done
rank 12 | trajectory 3146 of circuit 1 -- done
rank 10 | trajectory 179 of circuit 3 -- done
rank 10 | trajectory 429 of circuit 2 -- done
rank 0 | trajectory 2076 of circuit 1 -- done
rank 19 | trajectory 2882 of circuit 2 -- done
rank 24 | trajectory 542 of circuit 1 -- done
rank 17 | trajectory 2798 of circuit 3 -- done
rank 0 | trajectory 976 of circuit 3 -- done
rank 11 | trajectory 2679 of circuit 2 -- done
rank 19 | trajectory 3815 of circuit 2 -- done
rank 23 | trajectory 2358 of circuit 3 -- done
rank 5 | trajectory 3794 of circuit 2 -- done
rank 3 | trajectory 1027 of circuit 3 -- done
rank 10 | trajectory 3079 of circuit 2 -- done
rank 7 | trajectory 2611 of circuit 3 -- done
rank 13 | trajectory 3380 of circuit 1 -- done
rank 0 | trajectory 1526 of circuit 1 -- done
rank 1 | trajectory 2659 of circuit 3 -- done
rank 12 | trajectory 230 of circuit 3 -- done
rank 6 | trajectory 3694 of circuit 2 -- done
rank 6 | trajectory 478 of circuit 1 -- done
rank 10 | trajectory 1679 of circuit 1 -- done
rank 19 | trajectory 3682 of circuit 1 -- done
rank 4 | trajectory 1110 of circuit 1 -- done
rank 20 | trajectory 1466 of circuit 2 -- done
rank 8 | trajectory 2928 of circuit 1 -- done
rank 20 | trajectory 1032 of circuit 3 -- done
rank 7 | trajectory 778 of circuit 1 -- done
rank 5 | trajectory 1994 of circuit 1 -- done
rank 1 | trajectory 2059 of circuit 1 -- done
rank 8 | trajectory 3045 of circuit 3 -- done
rank 18 | trajectory 907 of circuit 1 -- done
rank 7 | trajectory 3561 of circuit 3 -- done
rank 4 | trajectory 3377 of circuit 1 -- done
rank 24 | trajectory 3559 of circuit 2 -- done
rank 2 | trajectory 1326 of circuit 3 -- done
rank 2 | trajectory 1551 of circuit 1 -- done
rank 19 | trajectory 1607 of circuit 2 -- done
rank 15 | trajectory 456 of circuit 3 -- done
rank 19 | trajectory 1457 of circuit 3 -- done
rank 11 | trajectory 2929 of circuit 3 -- done
rank 4 | trajectory 777 of circuit 2 -- done
rank 15 | trajectory 2397 of circuit 2 -- done
rank 1 | trajectory 2943 of circuit 2 -- done
rank 24 | trajectory 1192 of circuit 2 -- done
rank 23 | trajectory 2092 of circuit 2 -- done
rank 12 | trajectory 330 of circuit 3 -- done
rank 8 | trajectory 1678 of circuit 3 -- done
rank 2 | trajectory 1751 of circuit 2 -- done
rank 19 | trajectory 2582 of circuit 2 -- done
rank 9 | trajectory 3345 of circuit 2 -- done
rank 10 | trajectory 1804 of circuit 2 -- done
rank 11 | trajectory 1379 of circuit 2 -- done
rank 0 | trajectory 776 of circuit 3 -- done
rank 22 | trajectory 3533 of circuit 3 -- done
rank 7 | trajectory 3403 of circuit 1 -- done
rank 7 | trajectory 2145 of circuit 2 -- done
rank 9 | trajectory 2695 of circuit 2 -- done
rank 1 | trajectory 401 of circuit 1 -- done
rank 9 | trajectory 1804 of circuit 3 -- done
rank 22 | trajectory 3133 of circuit 1 -- done
rank 6 | trajectory 1503 of circuit 1 -- done
rank 20 | trajectory 1582 of circuit 3 -- done
rank 7 | trajectory 3111 of circuit 3 -- done
rank 16 | trajectory 2948 of circuit 2 -- done
rank 14 | trajectory 730 of circuit 3 -- done
rank 2 | trajectory 926 of circuit 2 -- done
rank 24 | trajectory 3425 of circuit 1 -- done
rank 11 | trajectory 679 of circuit 2 -- done
rank 2 | trajectory 2326 of circuit 3 -- done
rank 20 | trajectory 766 of circuit 2 -- done
rank 12 | trajectory 1630 of circuit 1 -- done
rank 16 | trajectory 2898 of circuit 1 -- done
rank 8 | trajectory 2345 of circuit 3 -- done
rank 8 | trajectory 3795 of circuit 2 -- done
rank 9 | trajectory 3479 of circuit 1 -- done
rank 15 | trajectory 406 of circuit 2 -- done
rank 13 | trajectory 430 of circuit 3 -- done
rank 13 | trajectory 2463 of circuit 1 -- done
rank 13 | trajectory 3097 of circuit 3 -- done
rank 10 | trajectory 2562 of circuit 3 -- done
rank 8 | trajectory 353 of circuit 3 -- done
rank 4 | trajectory 1552 of circuit 3 -- done
rank 12 | trajectory 2080 of circuit 1 -- done
rank 9 | trajectory 2679 of circuit 1 -- done
rank 8 | trajectory 703 of circuit 1 -- done
rank 3 | trajectory 2510 of circuit 2 -- done
rank 8 | trajectory 503 of circuit 1 -- done
rank 15 | trajectory 856 of circuit 3 -- done
rank 14 | trajectory 3497 of circuit 3 -- done
rank 18 | trajectory 3682 of circuit 2 -- done
rank 4 | trajectory 752 of circuit 2 -- done
rank 23 | trajectory 1733 of circuit 3 -- done
rank 17 | trajectory 1806 of circuit 1 -- done
rank 16 | trajectory 139 of circuit 1 -- done
rank 2 | trajectory 2626 of circuit 2 -- done
rank 6 | trajectory 3278 of circuit 2 -- done
rank 1 | trajectory 2509 of circuit 2 -- done
rank 16 | trajectory 1389 of circuit 1 -- done
rank 17 | trajectory 3215 of circuit 3 -- done
rank 16 | trajectory 1206 of circuit 1 -- done
rank 2 | trajectory 26 of circuit 2 -- done
rank 23 | trajectory 1958 of circuit 3 -- done
rank 5 | trajectory 1302 of circuit 1 -- done
rank 8 | trajectory 303 of circuit 3 -- done
rank 23 | trajectory 2475 of circuit 2 -- done
rank 0 | trajectory 2326 of circuit 1 -- done
rank 14 | trajectory 1155 of circuit 3 -- done
rank 15 | trajectory 981 of circuit 1 -- done
rank 6 | trajectory 2844 of circuit 2 -- done
rank 16 | trajectory 3264 of circuit 2 -- done
rank 13 | trajectory 3813 of circuit 3 -- done
rank 10 | trajectory 1996 of circuit 1 -- done
rank 11 | trajectory 2896 of circuit 3 -- done
rank 13 | trajectory 3730 of circuit 3 -- done
rank 10 | trajectory 2062 of circuit 2 -- done
rank 15 | trajectory 1006 of circuit 3 -- done
rank 17 | trajectory 3448 of circuit 1 -- done
rank 17 | trajectory 1681 of circuit 3 -- done
rank 13 | trajectory 1680 of circuit 2 -- done
rank 6 | trajectory 2494 of circuit 1 -- done
rank 2 | trajectory 2526 of circuit 3 -- done
rank 1 | trajectory 1876 of circuit 2 -- done
rank 16 | trajectory 3631 of circuit 2 -- done
rank 16 | trajectory 3481 of circuit 2 -- done
rank 6 | trajectory 2678 of circuit 3 -- done
rank 4 | trajectory 3152 of circuit 1 -- done
rank 8 | trajectory 1828 of circuit 2 -- done
rank 13 | trajectory 1055 of circuit 3 -- done
rank 18 | trajectory 2565 of circuit 2 -- done
rank 9 | trajectory 1995 of circuit 3 -- done
rank 2 | trajectory 3076 of circuit 1 -- done
rank 12 | trajectory 555 of circuit 1 -- done
rank 8 | trajectory 3245 of circuit 2 -- done
rank 22 | trajectory 3275 of circuit 1 -- done
rank 13 | trajectory 1630 of circuit 2 -- done
rank 9 | trajectory 1454 of circuit 1 -- done
rank 21 | trajectory 2591 of circuit 2 -- done
rank 6 | trajectory 1453 of circuit 3 -- done
rank 9 | trajectory 304 of circuit 1 -- done
rank 11 | trajectory 2529 of circuit 1 -- done
rank 17 | trajectory 3648 of circuit 1 -- done
rank 13 | trajectory 880 of circuit 2 -- done
rank 12 | trajectory 3296 of circuit 1 -- done
rank 15 | trajectory 3081 of circuit 3 -- done
rank 11 | trajectory 1579 of circuit 2 -- done
rank 3 | trajectory 1152 of circuit 1 -- done
rank 20 | trajectory 3516 of circuit 2 -- done
rank 10 | trajectory 1329 of circuit 1 -- done
rank 8 | trajectory 1278 of circuit 2 -- done
rank 14 | trajectory 3364 of circuit 1 -- done
rank 4 | trajectory 285 of circuit 2 -- done
rank 13 | trajectory 2430 of circuit 2 -- done
rank 13 | trajectory 555 of circuit 3 -- done
rank 19 | trajectory 2532 of circuit 3 -- done
rank 6 | trajectory 2044 of circuit 2 -- done
rank 19 | trajectory 2449 of circuit 3 -- done
rank 8 | trajectory 2412 of circuit 3 -- done
rank 8 | trajectory 2828 of circuit 2 -- done
rank 19 | trajectory 2599 of circuit 2 -- done
rank 20 | trajectory 2799 of circuit 2 -- done
rank 4 | trajectory 3769 of circuit 1 -- done
rank 14 | trajectory 605 of circuit 1 -- done
rank 1 | trajectory 3526 of circuit 1 -- done
rank 9 | trajectory 2745 of circuit 3 -- done
rank 20 | trajectory 491 of circuit 3 -- done
rank 15 | trajectory 3381 of circuit 1 -- done
rank 13 | trajectory 1830 of circuit 3 -- done
rank 21 | trajectory 958 of circuit 2 -- done
rank 11 | trajectory 2879 of circuit 1 -- done
rank 15 | trajectory 1206 of circuit 3 -- done
rank 17 | trajectory 3398 of circuit 2 -- done
rank 1 | trajectory 801 of circuit 2 -- done
rank 17 | trajectory 31 of circuit 2 -- done
rank 4 | trajectory 1210 of circuit 3 -- done
rank 4 | trajectory 2635 of circuit 1 -- done
rank 21 | trajectory 3274 of circuit 2 -- done
rank 21 | trajectory 683 of circuit 2 -- done
rank 24 | trajectory 2809 of circuit 2 -- done
rank 4 | trajectory 3160 of circuit 1 -- done
rank 18 | trajectory 1107 of circuit 2 -- done
rank 9 | trajectory 854 of circuit 1 -- done
rank 10 | trajectory 1704 of circuit 2 -- done
rank 0 | trajectory 2259 of circuit 3 -- done
rank 8 | trajectory 2212 of circuit 1 -- done
rank 2 | trajectory 2443 of circuit 1 -- done
rank 7 | trajectory 1328 of circuit 1 -- done
rank 18 | trajectory 2498 of circuit 2 -- done
rank 8 | trajectory 3028 of circuit 3 -- done
rank 19 | trajectory 3582 of circuit 3 -- done
rank 9 | trajectory 2862 of circuit 2 -- done
rank 10 | trajectory 1479 of circuit 3 -- done
rank 21 | trajectory 1033 of circuit 2 -- done
rank 14 | trajectory 1705 of circuit 2 -- done
rank 11 | trajectory 2513 of circuit 1 -- done
rank 14 | trajectory 1355 of circuit 3 -- done
rank 20 | trajectory 2616 of circuit 1 -- done
rank 14 | trajectory 1405 of circuit 2 -- done
rank 1 | trajectory 276 of circuit 2 -- done
rank 18 | trajectory 1782 of circuit 1 -- done
rank 22 | trajectory 3725 of circuit 1 -- done
rank 7 | trajectory 828 of circuit 3 -- done
rank 5 | trajectory 277 of circuit 2 -- done
rank 13 | trajectory 3463 of circuit 2 -- done
rank 22 | trajectory 2958 of circuit 2 -- done
rank 15 | trajectory 556 of circuit 3 -- done
rank 5 | trajectory 2394 of circuit 3 -- done
rank 16 | trajectory 3164 of circuit 1 -- done
rank 5 | trajectory 652 of circuit 1 -- done
rank 2 | trajectory 3043 of circuit 3 -- done
rank 8 | trajectory 978 of circuit 2 -- done
rank 2 | trajectory 3026 of circuit 1 -- done
rank 11 | trajectory 54 of circuit 2 -- done
rank 20 | trajectory 2482 of circuit 1 -- done
rank 15 | trajectory 2597 of circuit 3 -- done
rank 6 | trajectory 3428 of circuit 1 -- done
rank 4 | trajectory 3294 of circuit 2 -- done
rank 9 | trajectory 204 of circuit 3 -- done
rank 0 | trajectory 726 of circuit 1 -- done
rank 1 | trajectory 551 of circuit 1 -- done
rank 11 | trajectory 1946 of circuit 1 -- done
rank 15 | trajectory 2681 of circuit 2 -- done
rank 17 | trajectory 2148 of circuit 1 -- done
rank 5 | trajectory 27 of circuit 2 -- done
rank 4 | trajectory 127 of circuit 3 -- done
rank 13 | trajectory 1280 of circuit 3 -- done
rank 18 | trajectory 3265 of circuit 2 -- done
rank 2 | trajectory 651 of circuit 2 -- done
rank 5 | trajectory 3661 of circuit 2 -- done
rank 19 | trajectory 732 of circuit 1 -- done
rank 6 | trajectory 2644 of circuit 3 -- done
rank 21 | trajectory 216 of circuit 1 -- done
rank 9 | trajectory 2612 of circuit 2 -- done
rank 5 | trajectory 2094 of circuit 3 -- done
rank 10 | trajectory 1904 of circuit 2 -- done
rank 16 | trajectory 2881 of circuit 2 -- done
rank 21 | trajectory 658 of circuit 3 -- done
rank 0 | trajectory 651 of circuit 1 -- done
rank 17 | trajectory 2065 of circuit 2 -- done
rank 16 | trajectory 2348 of circuit 1 -- done
rank 15 | trajectory 31 of circuit 3 -- done
rank 11 | trajectory 1154 of circuit 3 -- done
rank 20 | trajectory 266 of circuit 1 -- done
rank 17 | trajectory 2381 of circuit 1 -- done
rank 19 | trajectory 3065 of circuit 1 -- done
rank 23 | trajectory 3325 of circuit 1 -- done
rank 9 | trajectory 2112 of circuit 1 -- done
rank 10 | trajectory 3462 of circuit 3 -- done
rank 6 | trajectory 2628 of circuit 3 -- done
rank 6 | trajectory 2528 of circuit 1 -- done
rank 18 | trajectory 3315 of circuit 1 -- done
rank 4 | trajectory 3435 of circuit 3 -- done
rank 3 | trajectory 702 of circuit 3 -- done
rank 15 | trajectory 3489 of circuit 1 -- done
rank 8 | trajectory 253 of circuit 1 -- done
rank 23 | trajectory 3308 of circuit 3 -- done
rank 12 | trajectory 1605 of circuit 2 -- done
rank 18 | trajectory 2998 of circuit 3 -- done
rank 4 | trajectory 3669 of circuit 1 -- done
rank 16 | trajectory 3289 of circuit 3 -- done
rank 7 | trajectory 3178 of circuit 1 -- done
rank 12 | trajectory 1755 of circuit 3 -- done
rank 0 | trajectory 3359 of circuit 2 -- done
rank 17 | trajectory 906 of circuit 2 -- done
rank 4 | trajectory 3560 of circuit 2 -- done
rank 9 | trajectory 754 of circuit 3 -- done
rank 15 | trajectory 3497 of circuit 2 -- done
rank 3 | trajectory 2343 of circuit 3 -- done
rank 9 | trajectory 3279 of circuit 3 -- done
rank 7 | trajectory 1995 of circuit 1 -- done
rank 7 | trajectory 603 of circuit 3 -- done
rank 22 | trajectory 2558 of circuit 2 -- done
rank 13 | trajectory 2497 of circuit 3 -- done
rank 14 | trajectory 3047 of circuit 3 -- done
rank 4 | trajectory 1302 of circuit 2 -- done
rank 19 | trajectory 3532 of circuit 3 -- done
rank 6 | trajectory 353 of circuit 2 -- done
rank 5 | trajectory 2611 of circuit 1 -- done
rank 9 | trajectory 2762 of circuit 3 -- done
rank 1 | trajectory 1276 of circuit 2 -- done
rank 11 | trajectory 2913 of circuit 2 -- done
rank 17 | trajectory 3348 of circuit 3 -- done
rank 9 | trajectory 2712 of circuit 3 -- done
rank 16 | trajectory 464 of circuit 1 -- done
rank 21 | trajectory 3441 of circuit 2 -- done
rank 20 | trajectory 3807 of circuit 1 -- done
rank 18 | trajectory 2898 of circuit 2 -- done
rank 9 | trajectory 2962 of circuit 3 -- done
rank 11 | trajectory 2329 of circuit 3 -- done
rank 16 | trajectory 1664 of circuit 3 -- done
rank 1 | trajectory 1209 of circuit 3 -- done
rank 10 | trajectory 204 of circuit 2 -- done
rank 8 | trajectory 2895 of circuit 2 -- done
rank 22 | trajectory 1158 of circuit 2 -- done
rank 9 | trajectory 129 of circuit 3 -- done
rank 7 | trajectory 3745 of circuit 2 -- done
rank 6 | trajectory 103 of circuit 2 -- done
rank 23 | trajectory 608 of circuit 1 -- done
rank 12 | trajectory 305 of circuit 2 -- done
rank 10 | trajectory 1504 of circuit 2 -- done
rank 10 | trajectory 79 of circuit 3 -- done
rank 14 | trajectory 3064 of circuit 3 -- done
rank 9 | trajectory 1962 of circuit 2 -- done
rank 17 | trajectory 756 of circuit 3 -- done
rank 21 | trajectory 2258 of circuit 2 -- done
rank 22 | trajectory 691 of circuit 1 -- done
rank 20 | trajectory 816 of circuit 2 -- done
rank 13 | trajectory 855 of circuit 3 -- done
rank 0 | trajectory 2426 of circuit 2 -- done
rank 13 | trajectory 3297 of circuit 2 -- done
rank 1 | trajectory 3593 of circuit 3 -- done
rank 21 | trajectory 3724 of circuit 1 -- done
rank 9 | trajectory 2262 of circuit 2 -- done
rank 6 | trajectory 1228 of circuit 3 -- done
rank 12 | trajectory 2863 of circuit 3 -- done
rank 23 | trajectory 1083 of circuit 1 -- done
rank 2 | trajectory 2393 of circuit 2 -- done
rank 1 | trajectory 2776 of circuit 1 -- done
rank 6 | trajectory 378 of circuit 3 -- done
rank 2 | trajectory 1076 of circuit 2 -- done
rank 13 | trajectory 2580 of circuit 2 -- done
rank 19 | trajectory 2199 of circuit 3 -- done
rank 12 | trajectory 1780 of circuit 1 -- done
rank 9 | trajectory 354 of circuit 2 -- done
rank 14 | trajectory 3197 of circuit 3 -- done
rank 4 | trajectory 2202 of circuit 1 -- done
rank 0 | trajectory 2392 of circuit 1 -- done
rank 23 | trajectory 3675 of circuit 3 -- done
rank 0 | trajectory 451 of circuit 1 -- done
rank 20 | trajectory 2116 of circuit 2 -- done
rank 6 | trajectory 328 of circuit 1 -- done
rank 17 | trajectory 2765 of circuit 2 -- done
rank 14 | trajectory 1455 of circuit 3 -- done
rank 6 | trajectory 1603 of circuit 2 -- done
rank 21 | trajectory 933 of circuit 1 -- done
rank 7 | trajectory 2161 of circuit 2 -- done
rank 1 | trajectory 826 of circuit 3 -- done
rank 0 | trajectory 3759 of circuit 3 -- done
rank 0 | trajectory 176 of circuit 2 -- done
rank 6 | trajectory 1303 of circuit 1 -- done
rank 8 | trajectory 2878 of circuit 1 -- done
rank 12 | trajectory 1155 of circuit 2 -- done
rank 10 | trajectory 2746 of circuit 2 -- done
rank 15 | trajectory 2839 of circuit 3 -- done
rank 23 | trajectory 1558 of circuit 1 -- done
rank 4 | trajectory 3535 of circuit 1 -- done
rank 16 | trajectory 506 of circuit 3 -- done
rank 4 | trajectory 627 of circuit 1 -- done
rank 1 | trajectory 3676 of circuit 2 -- done
rank 15 | trajectory 3831 of circuit 2 -- done
rank 23 | trajectory 3275 of circuit 3 -- done
rank 23 | trajectory 2625 of circuit 3 -- done
rank 5 | trajectory 427 of circuit 2 -- done
rank 23 | trajectory 2958 of circuit 1 -- done
rank 4 | trajectory 2619 of circuit 1 -- done
rank 9 | trajectory 3245 of circuit 3 -- done
rank 5 | trajectory 1627 of circuit 2 -- done
rank 18 | trajectory 1432 of circuit 3 -- done
rank 3 | trajectory 3610 of circuit 3 -- done
rank 9 | trajectory 1904 of circuit 3 -- done
rank 4 | trajectory 2060 of circuit 1 -- done
rank 17 | trajectory 2081 of circuit 3 -- done
rank 6 | trajectory 3544 of circuit 3 -- done
rank 6 | trajectory 778 of circuit 2 -- done
rank 21 | trajectory 3199 of circuit 1 -- done
rank 4 | trajectory 2019 of circuit 2 -- done
rank 0 | trajectory 3659 of circuit 2 -- done
rank 0 | trajectory 51 of circuit 2 -- done
rank 20 | trajectory 207 of circuit 1 -- done
rank 9 | trajectory 3695 of circuit 2 -- done
rank 19 | trajectory 3749 of circuit 3 -- done
rank 19 | trajectory 3382 of circuit 3 -- done
rank 18 | trajectory 2015 of circuit 1 -- done
rank 20 | trajectory 2124 of circuit 2 -- done
rank 18 | trajectory 2232 of circuit 3 -- done
rank 13 | trajectory 3630 of circuit 1 -- done
rank 22 | trajectory 2425 of circuit 2 -- done
rank 5 | trajectory 2211 of circuit 1 -- done
rank 5 | trajectory 2294 of circuit 2 -- done
rank 8 | trajectory 2362 of circuit 2 -- done
rank 20 | trajectory 1207 of circuit 2 -- done
rank 2 | trajectory 2910 of circuit 2 -- done
rank 6 | trajectory 3711 of circuit 2 -- done
rank 6 | trajectory 3478 of circuit 2 -- done
rank 17 | trajectory 931 of circuit 2 -- done
rank 0 | trajectory 3809 of circuit 1 -- done
rank 12 | trajectory 3413 of circuit 3 -- done
rank 7 | trajectory 378 of circuit 2 -- done
rank 16 | trajectory 2681 of circuit 3 -- done
rank 15 | trajectory 3064 of circuit 2 -- done
rank 12 | trajectory 2513 of circuit 3 -- done
rank 19 | trajectory 3149 of circuit 1 -- done
rank 6 | trajectory 1478 of circuit 3 -- done
rank 8 | trajectory 2645 of circuit 2 -- done
rank 22 | trajectory 2025 of circuit 3 -- done
rank 6 | trajectory 1853 of circuit 1 -- done
rank 17 | trajectory 1040 of circuit 1 -- done
rank 15 | trajectory 1931 of circuit 2 -- done
rank 6 | trajectory 1803 of circuit 1 -- done
rank 24 | trajectory 434 of circuit 2 -- done
rank 8 | trajectory 128 of circuit 1 -- done
rank 24 | trajectory 609 of circuit 1 -- done
rank 5 | trajectory 2594 of circuit 1 -- done
rank 18 | trajectory 1182 of circuit 3 -- done
rank 18 | trajectory 2265 of circuit 3 -- done
rank 16 | trajectory 1406 of circuit 2 -- done
rank 7 | trajectory 2136 of circuit 1 -- done
rank 23 | trajectory 1033 of circuit 3 -- done
rank 11 | trajectory 3029 of circuit 2 -- done
rank 15 | trajectory 3197 of circuit 1 -- done
rank 24 | trajectory 84 of circuit 2 -- done
rank 18 | trajectory 2082 of circuit 3 -- done
rank 0 | trajectory 601 of circuit 2 -- done
rank 9 | trajectory 1945 of circuit 2 -- done
rank 1 | trajectory 1826 of circuit 3 -- done
rank 12 | trajectory 2713 of circuit 2 -- done
rank 19 | trajectory 3782 of circuit 3 -- done
rank 0 | trajectory 3692 of circuit 1 -- done
rank 2 | trajectory 3160 of circuit 2 -- done
rank 20 | trajectory 957 of circuit 2 -- done
rank 15 | trajectory 1781 of circuit 1 -- done
rank 14 | trajectory 1180 of circuit 3 -- done
rank 14 | trajectory 1480 of circuit 1 -- done
rank 16 | trajectory 1889 of circuit 1 -- done
rank 9 | trajectory 2029 of circuit 2 -- done
rank 17 | trajectory 3331 of circuit 1 -- done
rank 9 | trajectory 2412 of circuit 2 -- done
rank 6 | trajectory 3228 of circuit 2 -- done
rank 4 | trajectory 3085 of circuit 1 -- done
rank 15 | trajectory 2731 of circuit 2 -- done
rank 8 | trajectory 3395 of circuit 3 -- done
rank 5 | trajectory 777 of circuit 1 -- done
rank 9 | trajectory 3395 of circuit 2 -- done
rank 20 | trajectory 3057 of circuit 3 -- done
rank 15 | trajectory 1631 of circuit 3 -- done
rank 13 | trajectory 1755 of circuit 2 -- done
rank 18 | trajectory 1882 of circuit 1 -- done
rank 20 | trajectory 1341 of circuit 1 -- done
rank 9 | trajectory 1479 of circuit 2 -- done
rank 11 | trajectory 779 of circuit 1 -- done
rank 11 | trajectory 3813 of circuit 2 -- done
rank 1 | trajectory 384 of circuit 3 -- done
rank 13 | trajectory 3030 of circuit 3 -- done
rank 6 | trajectory 2161 of circuit 3 -- done
rank 13 | trajectory 2030 of circuit 2 -- done
rank 18 | trajectory 1857 of circuit 2 -- done
rank 8 | trajectory 2745 of circuit 1 -- done
rank 3 | trajectory 2010 of circuit 2 -- done
rank 3 | trajectory 177 of circuit 3 -- done
rank 9 | trajectory 2429 of circuit 2 -- done
rank 0 | trajectory 3542 of circuit 1 -- done
rank 23 | trajectory 1383 of circuit 1 -- done
rank 20 | trajectory 2682 of circuit 2 -- done
rank 6 | trajectory 3111 of circuit 2 -- done
rank 7 | trajectory 1803 of circuit 2 -- done
rank 23 | trajectory 3025 of circuit 3 -- done
rank 24 | trajectory 2284 of circuit 1 -- done
rank 14 | trajectory 855 of circuit 2 -- done
rank 3 | trajectory 1277 of circuit 1 -- done
rank 1 | trajectory 2734 of circuit 1 -- done
rank 8 | trajectory 203 of circuit 3 -- done
rank 3 | trajectory 1052 of circuit 2 -- done
rank 21 | trajectory 133 of circuit 1 -- done
rank 21 | trajectory 416 of circuit 1 -- done
rank 19 | trajectory 2499 of circuit 3 -- done
rank 3 | trajectory 2210 of circuit 3 -- done
rank 16 | trajectory 3806 of circuit 3 -- done
rank 19 | trajectory 2365 of circuit 1 -- done
rank 18 | trajectory 3098 of circuit 3 -- done
rank 2 | trajectory 151 of circuit 3 -- done
rank 2 | trajectory 1276 of circuit 1 -- done
rank 14 | trajectory 3380 of circuit 2 -- done
rank 8 | trajectory 3195 of circuit 1 -- done
rank 8 | trajectory 328 of circuit 3 -- done
rank 16 | trajectory 631 of circuit 3 -- done
rank 17 | trajectory 1006 of circuit 2 -- done
rank 7 | trajectory 1178 of circuit 1 -- done
rank 3 | trajectory 3510 of circuit 2 -- done
rank 1 | trajectory 1534 of circuit 2 -- done
rank 22 | trajectory 983 of circuit 1 -- done
rank 13 | trajectory 2480 of circuit 3 -- done
rank 17 | trajectory 231 of circuit 3 -- done
rank 9 | trajectory 2645 of circuit 1 -- done
rank 13 | trajectory 405 of circuit 3 -- done
rank 9 | trajectory 979 of circuit 3 -- done
rank 9 | trajectory 3129 of circuit 2 -- done
rank 1 | trajectory 976 of circuit 2 -- done
rank 9 | trajectory 1879 of circuit 3 -- done
rank 18 | trajectory 2932 of circuit 2 -- done
rank 19 | trajectory 3549 of circuit 3 -- done
rank 0 | trajectory 3476 of circuit 2 -- done
rank 19 | trajectory 2915 of circuit 2 -- done
rank 13 | trajectory 2113 of circuit 3 -- done
rank 10 | trajectory 3096 of circuit 1 -- done
rank 5 | trajectory 2044 of circuit 3 -- done
rank 1 | trajectory 1151 of circuit 3 -- done
rank 4 | trajectory 2952 of circuit 1 -- done
rank 13 | trajectory 105 of circuit 3 -- done
rank 19 | trajectory 2049 of circuit 1 -- done
rank 9 | trajectory 2212 of circuit 2 -- done
rank 18 | trajectory 282 of circuit 2 -- done
rank 20 | trajectory 2916 of circuit 1 -- done
rank 14 | trajectory 3480 of circuit 2 -- done
rank 19 | trajectory 3799 of circuit 2 -- done
rank 11 | trajectory 604 of circuit 2 -- done
rank 10 | trajectory 1754 of circuit 1 -- done
rank 8 | trajectory 153 of circuit 3 -- done
rank 8 | trajectory 2295 of circuit 2 -- done
rank 18 | trajectory 3032 of circuit 3 -- done
rank 18 | trajectory 2598 of circuit 3 -- done
rank 0 | trajectory 2209 of circuit 1 -- done
rank 17 | trajectory 2965 of circuit 1 -- done
rank 19 | trajectory 932 of circuit 3 -- done
rank 10 | trajectory 2996 of circuit 1 -- done
rank 21 | trajectory 1108 of circuit 2 -- done
rank 10 | trajectory 1454 of circuit 2 -- done
rank 0 | trajectory 3326 of circuit 1 -- done
rank 10 | trajectory 504 of circuit 1 -- done
rank 4 | trajectory 1235 of circuit 2 -- done
rank 11 | trajectory 2646 of circuit 3 -- done
rank 13 | trajectory 3113 of circuit 1 -- done
rank 15 | trajectory 231 of circuit 2 -- done
rank 23 | trajectory 1283 of circuit 2 -- done
rank 1 | trajectory 3559 of circuit 3 -- done
rank 0 | trajectory 951 of circuit 3 -- done
rank 9 | trajectory 2479 of circuit 1 -- done
rank 13 | trajectory 2947 of circuit 3 -- done
rank 13 | trajectory 3805 of circuit 1 -- done
rank 0 | trajectory 3159 of circuit 1 -- done
rank 0 | trajectory 1376 of circuit 3 -- done
rank 0 | trajectory 2159 of circuit 3 -- done
rank 19 | trajectory 207 of circuit 3 -- done
rank 18 | trajectory 2632 of circuit 2 -- done
rank 0 | trajectory 2826 of circuit 1 -- done
rank 0 | trajectory 3459 of circuit 2 -- done
rank 15 | trajectory 1506 of circuit 3 -- done
rank 10 | trajectory 2412 of circuit 1 -- done
rank 20 | trajectory 582 of circuit 3 -- done
rank 12 | trajectory 205 of circuit 3 -- done
rank 18 | trajectory 2882 of circuit 1 -- done
rank 7 | trajectory 253 of circuit 3 -- done
rank 16 | trajectory 2631 of circuit 3 -- done
rank 2 | trajectory 3343 of circuit 1 -- done
rank 4 | trajectory 710 of circuit 2 -- done
rank 17 | trajectory 1981 of circuit 2 -- done
rank 24 | trajectory 3684 of circuit 2 -- done
rank 14 | trajectory 3397 of circuit 3 -- done
rank 2 | trajectory 401 of circuit 2 -- done
rank 3 | trajectory 277 of circuit 1 -- done
rank 17 | trajectory 2131 of circuit 1 -- done
rank 7 | trajectory 1653 of circuit 3 -- done
rank 4 | trajectory 252 of circuit 3 -- done
rank 6 | trajectory 2211 of circuit 3 -- done
rank 9 | trajectory 3662 of circuit 3 -- done
rank 12 | trajectory 3663 of circuit 3 -- done
rank 10 | trajectory 2012 of circuit 2 -- done
rank 16 | trajectory 56 of circuit 2 -- done
rank 14 | trajectory 3580 of circuit 2 -- done
rank 14 | trajectory 3514 of circuit 1 -- done
rank 22 | trajectory 3016 of circuit 2 -- done
rank 9 | trajectory 154 of circuit 1 -- done
rank 14 | trajectory 2197 of circuit 2 -- done
rank 6 | trajectory 1328 of circuit 2 -- done
rank 24 | trajectory 3142 of circuit 1 -- done
rank 7 | trajectory 1528 of circuit 2 -- done
rank 7 | trajectory 528 of circuit 3 -- done
rank 24 | trajectory 3125 of circuit 3 -- done
rank 24 | trajectory 2900 of circuit 3 -- done
rank 2 | trajectory 3560 of circuit 3 -- done
rank 11 | trajectory 3196 of circuit 3 -- done
rank 2 | trajectory 3610 of circuit 1 -- done
rank 6 | trajectory 78 of circuit 3 -- done
rank 0 | trajectory 2892 of circuit 2 -- done
rank 19 | trajectory 3299 of circuit 2 -- done
rank 23 | trajectory 1833 of circuit 3 -- done
rank 20 | trajectory 866 of circuit 2 -- done
rank 1 | trajectory 2893 of circuit 3 -- done
rank 20 | trajectory 1716 of circuit 1 -- done
rank 15 | trajectory 2456 of circuit 1 -- done
rank 9 | trajectory 3712 of circuit 1 -- done
rank 10 | trajectory 1554 of circuit 2 -- done
rank 23 | trajectory 2792 of circuit 3 -- done
rank 18 | trajectory 2065 of circuit 1 -- done
rank 15 | trajectory 1064 of circuit 1 -- done
rank 20 | trajectory 3791 of circuit 3 -- done
rank 18 | trajectory 1507 of circuit 3 -- done
rank 17 | trajectory 3831 of circuit 3 -- done
rank 20 | trajectory 3224 of circuit 1 -- done
rank 18 | trajectory 782 of circuit 2 -- done
rank 11 | trajectory 2213 of circuit 3 -- done
rank 6 | trajectory 1003 of circuit 3 -- done
rank 11 | trajectory 2629 of circuit 3 -- done
rank 16 | trajectory 239 of circuit 3 -- done
rank 11 | trajectory 2296 of circuit 1 -- done
rank 10 | trajectory 929 of circuit 3 -- done
rank 24 | trajectory 59 of circuit 3 -- done
rank 6 | trajectory 3594 of circuit 2 -- done
rank 23 | trajectory 2542 of circuit 3 -- done
rank 15 | trajectory 2589 of circuit 1 -- done
rank 21 | trajectory 883 of circuit 2 -- done
rank 20 | trajectory 2141 of circuit 2 -- done
rank 15 | trajectory 3031 of circuit 1 -- done
rank 9 | trajectory 404 of circuit 1 -- done
rank 3 | trajectory 2693 of circuit 1 -- done
rank 11 | trajectory 79 of circuit 2 -- done
rank 9 | trajectory 479 of circuit 2 -- done
rank 6 | trajectory 2711 of circuit 2 -- done
rank 4 | trajectory 2819 of circuit 1 -- done
rank 15 | trajectory 1164 of circuit 2 -- done
rank 19 | trajectory 3715 of circuit 2 -- done
rank 9 | trajectory 1029 of circuit 3 -- done
rank 9 | trajectory 929 of circuit 2 -- done
rank 13 | trajectory 2363 of circuit 1 -- done
rank 9 | trajectory 3079 of circuit 1 -- done
rank 24 | trajectory 2875 of circuit 3 -- done
rank 11 | trajectory 429 of circuit 1 -- done
rank 18 | trajectory 457 of circuit 2 -- done
rank 21 | trajectory 2224 of circuit 2 -- done
rank 19 | trajectory 1682 of circuit 3 -- done
rank 18 | trajectory 1057 of circuit 3 -- done
rank 6 | trajectory 3128 of circuit 3 -- done
rank 1 | trajectory 1701 of circuit 3 -- done
rank 13 | trajectory 805 of circuit 3 -- done
rank 21 | trajectory 1008 of circuit 1 -- done
rank 10 | trajectory 2179 of circuit 2 -- done
rank 22 | trajectory 2191 of circuit 1 -- done
rank 21 | trajectory 2699 of circuit 1 -- done
rank 0 | trajectory 2176 of circuit 1 -- done
rank 3 | trajectory 3327 of circuit 3 -- done
rank 21 | trajectory 2491 of circuit 2 -- done
rank 3 | trajectory 2077 of circuit 3 -- done
rank 19 | trajectory 2282 of circuit 1 -- done
rank 15 | trajectory 2864 of circuit 2 -- done
rank 3 | trajectory 902 of circuit 3 -- done
rank 16 | trajectory 1931 of circuit 3 -- done
rank 18 | trajectory 557 of circuit 1 -- done
rank 5 | trajectory 1652 of circuit 1 -- done
rank 6 | trajectory 3261 of circuit 3 -- done
rank 15 | trajectory 1339 of circuit 1 -- done
rank 8 | trajectory 3462 of circuit 2 -- done
rank 17 | trajectory 2931 of circuit 1 -- done
rank 23 | trajectory 2683 of circuit 1 -- done
rank 17 | trajectory 1356 of circuit 3 -- done
rank 13 | trajectory 380 of circuit 1 -- done
rank 23 | trajectory 3625 of circuit 1 -- done
rank 24 | trajectory 734 of circuit 3 -- done
rank 1 | trajectory 1626 of circuit 2 -- done
rank 17 | trajectory 656 of circuit 3 -- done
rank 4 | trajectory 3360 of circuit 3 -- done
rank 4 | trajectory 402 of circuit 3 -- done
rank 23 | trajectory 733 of circuit 1 -- done
rank 5 | trajectory 1277 of circuit 2 -- done
rank 7 | trajectory 2545 of circuit 2 -- done
rank 4 | trajectory 3052 of circuit 2 -- done
rank 6 | trajectory 3644 of circuit 2 -- done
rank 14 | trajectory 2697 of circuit 2 -- done
rank 3 | trajectory 877 of circuit 2 -- done
rank 13 | trajectory 2547 of circuit 3 -- done
rank 18 | trajectory 3632 of circuit 2 -- done
rank 19 | trajectory 432 of circuit 3 -- done
rank 23 | trajectory 408 of circuit 2 -- done
rank 2 | trajectory 2060 of circuit 3 -- done
rank 20 | trajectory 3391 of circuit 3 -- done
rank 3 | trajectory 1877 of circuit 2 -- done
rank 13 | trajectory 2913 of circuit 1 -- done
rank 16 | trajectory 2364 of circuit 2 -- done
rank 24 | trajectory 3025 of circuit 1 -- done
rank 11 | trajectory 4 of circuit 2 -- done
rank 20 | trajectory 2557 of circuit 2 -- done
rank 3 | trajectory 1477 of circuit 2 -- done
rank 19 | trajectory 3249 of circuit 2 -- done
rank 9 | trajectory 954 of circuit 3 -- done
rank 14 | trajectory 3597 of circuit 3 -- done
rank 10 | trajectory 1429 of circuit 2 -- done
rank 20 | trajectory 2866 of circuit 3 -- done
rank 24 | trajectory 2909 of circuit 1 -- done
rank 20 | trajectory 2741 of circuit 1 -- done
rank 4 | trajectory 3802 of circuit 3 -- done
rank 5 | trajectory 3777 of circuit 2 -- done
rank 21 | trajectory 3549 of circuit 1 -- done
rank 5 | trajectory 3627 of circuit 1 -- done
rank 2 | trajectory 2693 of circuit 3 -- done
rank 11 | trajectory 2196 of circuit 2 -- done
rank 15 | trajectory 3406 of circuit 3 -- done
rank 7 | trajectory 2703 of circuit 1 -- done
rank 6 | trajectory 578 of circuit 3 -- done
rank 2 | trajectory 1851 of circuit 3 -- done
rank 14 | trajectory 1005 of circuit 3 -- done
rank 21 | trajectory 391 of circuit 2 -- done
rank 11 | trajectory 1504 of circuit 1 -- done
rank 14 | trajectory 1380 of circuit 3 -- done
rank 3 | trajectory 2443 of circuit 3 -- done
rank 6 | trajectory 2444 of circuit 2 -- done
rank 5 | trajectory 3277 of circuit 2 -- done
rank 15 | trajectory 656 of circuit 2 -- done
rank 15 | trajectory 2147 of circuit 1 -- done
rank 2 | trajectory 3143 of circuit 1 -- done
rank 15 | trajectory 1956 of circuit 1 -- done
rank 5 | trajectory 2444 of circuit 3 -- done
rank 22 | trajectory 2125 of circuit 3 -- done
rank 0 | trajectory 351 of circuit 3 -- done
rank 1 | trajectory 1734 of circuit 2 -- done
rank 16 | trajectory 2648 of circuit 2 -- done
rank 3 | trajectory 1127 of circuit 2 -- done
rank 22 | trajectory 3325 of circuit 3 -- done
rank 0 | trajectory 3292 of circuit 1 -- done
rank 19 | trajectory 757 of circuit 2 -- done
rank 19 | trajectory 3699 of circuit 3 -- done
rank 17 | trajectory 1231 of circuit 1 -- done
rank 4 | trajectory 177 of circuit 2 -- done
rank 5 | trajectory 1152 of circuit 3 -- done
rank 18 | trajectory 3498 of circuit 2 -- done
rank 3 | trajectory 3218 of circuit 1 -- done
rank 22 | trajectory 1766 of circuit 2 -- done
rank 1 | trajectory 2384 of circuit 1 -- done
rank 8 | trajectory 2445 of circuit 2 -- done
rank 13 | trajectory 2797 of circuit 3 -- done
rank 17 | trajectory 3598 of circuit 3 -- done
rank 7 | trajectory 2686 of circuit 1 -- done
rank 3 | trajectory 252 of circuit 2 -- done
rank 22 | trajectory 3425 of circuit 2 -- done
rank 18 | trajectory 3198 of circuit 2 -- done
rank 24 | trajectory 3200 of circuit 2 -- done
rank 23 | trajectory 3658 of circuit 2 -- done
rank 8 | trajectory 2145 of circuit 3 -- done
rank 12 | trajectory 2705 of circuit 1 -- done
rank 4 | trajectory 3269 of circuit 2 -- done
rank 8 | trajectory 2112 of circuit 3 -- done
rank 6 | trajectory 3511 of circuit 3 -- done
rank 10 | trajectory 279 of circuit 1 -- done
rank 4 | trajectory 2869 of circuit 2 -- done
rank 5 | trajectory 477 of circuit 2 -- done
rank 23 | trajectory 1817 of circuit 3 -- done
rank 9 | trajectory 3112 of circuit 2 -- done
rank 0 | trajectory 901 of circuit 2 -- done
rank 1 | trajectory 1951 of circuit 2 -- done
rank 22 | trajectory 2208 of circuit 2 -- done
rank 9 | trajectory 79 of circuit 1 -- done
rank 20 | trajectory 2957 of circuit 3 -- done
rank 9 | trajectory 3729 of circuit 3 -- done
rank 17 | trajectory 1106 of circuit 1 -- done
rank 24 | trajectory 834 of circuit 1 -- done
rank 15 | trajectory 2814 of circuit 1 -- done
rank 8 | trajectory 1945 of circuit 3 -- done
rank 14 | trajectory 3180 of circuit 3 -- done
rank 3 | trajectory 2310 of circuit 3 -- done
rank 1 | trajectory 3609 of circuit 3 -- done
rank 9 | trajectory 1629 of circuit 2 -- done
rank 7 | trajectory 2211 of circuit 2 -- done
rank 14 | trajectory 3530 of circuit 1 -- done
rank 8 | trajectory 678 of circuit 3 -- done
rank 17 | trajectory 3731 of circuit 1 -- done
rank 23 | trajectory 2158 of circuit 3 -- done
rank 18 | trajectory 3698 of circuit 3 -- done
rank 17 | trajectory 3681 of circuit 3 -- done
rank 17 | trajectory 456 of circuit 2 -- done
rank 5 | trajectory 2944 of circuit 3 -- done
rank 18 | trajectory 57 of circuit 2 -- done
rank 5 | trajectory 3211 of circuit 2 -- done
rank 19 | trajectory 2299 of circuit 3 -- done
rank 18 | trajectory 3115 of circuit 1 -- done
rank 3 | trajectory 3243 of circuit 2 -- done
rank 14 | trajectory 805 of circuit 2 -- done
rank 20 | trajectory 2216 of circuit 3 -- done
rank 13 | trajectory 355 of circuit 3 -- done
rank 10 | trajectory 2596 of circuit 1 -- done
rank 11 | trajectory 3329 of circuit 3 -- done
rank 19 | trajectory 3515 of circuit 1 -- done
rank 11 | trajectory 2996 of circuit 2 -- done
rank 22 | trajectory 2091 of circuit 3 -- done
rank 23 | trajectory 3775 of circuit 3 -- done
rank 4 | trajectory 1185 of circuit 1 -- done
rank 16 | trajectory 2381 of circuit 3 -- done
rank 8 | trajectory 1728 of circuit 2 -- done
rank 10 | trajectory 2896 of circuit 2 -- done
rank 6 | trajectory 453 of circuit 1 -- done
rank 4 | trajectory 235 of circuit 1 -- done
rank 16 | trajectory 3331 of circuit 2 -- done
rank 2 | trajectory 3593 of circuit 2 -- done
rank 10 | trajectory 1204 of circuit 3 -- done
rank 10 | trajectory 854 of circuit 2 -- done
rank 8 | trajectory 2328 of circuit 2 -- done
rank 4 | trajectory 2902 of circuit 1 -- done
rank 22 | trajectory 1966 of circuit 2 -- done
rank 21 | trajectory 2441 of circuit 3 -- done
rank 6 | trajectory 28 of circuit 2 -- done
rank 18 | trajectory 2732 of circuit 2 -- done
rank 4 | trajectory 2152 of circuit 2 -- done
rank 16 | trajectory 3398 of circuit 1 -- done
rank 4 | trajectory 3344 of circuit 3 -- done
rank 6 | trajectory 2194 of circuit 3 -- done
rank 7 | trajectory 36 of circuit 2 -- done
rank 6 | trajectory 1428 of circuit 2 -- done
rank 17 | trajectory 3531 of circuit 2 -- done
rank 1 | trajectory 3276 of circuit 3 -- done
rank 0 | trajectory 2859 of circuit 2 -- done
rank 17 | trajectory 3565 of circuit 2 -- done
rank 24 | trajectory 342 of circuit 3 -- done
rank 18 | trajectory 1082 of circuit 3 -- done
rank 13 | trajectory 1330 of circuit 3 -- done
rank 13 | trajectory 2513 of circuit 2 -- done
rank 11 | trajectory 529 of circuit 3 -- done
rank 23 | trajectory 383 of circuit 2 -- done
rank 6 | trajectory 2128 of circuit 3 -- done
rank 14 | trajectory 830 of circuit 1 -- done
rank 8 | trajectory 1995 of circuit 2 -- done
rank 20 | trajectory 2999 of circuit 2 -- done
rank 9 | trajectory 1429 of circuit 3 -- done
rank 14 | trajectory 1730 of circuit 1 -- done
rank 19 | trajectory 3632 of circuit 3 -- done
rank 18 | trajectory 682 of circuit 2 -- done
rank 13 | trajectory 2597 of circuit 2 -- done
rank 20 | trajectory 3732 of circuit 1 -- done
rank 6 | trajectory 1778 of circuit 3 -- done
rank 17 | trajectory 2331 of circuit 2 -- done
rank 2 | trajectory 3826 of circuit 1 -- done
rank 9 | trajectory 104 of circuit 3 -- done
rank 4 | trajectory 2235 of circuit 2 -- done
rank 1 | trajectory 3726 of circuit 3 -- done
rank 22 | trajectory 3791 of circuit 2 -- done
rank 12 | trajectory 880 of circuit 1 -- done
rank 4 | trajectory 3185 of circuit 3 -- done
rank 4 | trajectory 302 of circuit 3 -- done
rank 18 | trajectory 2715 of circuit 3 -- done
rank 5 | trajectory 2711 of circuit 1 -- done
rank 0 | trajectory 551 of circuit 2 -- done
rank 3 | trajectory 1227 of circuit 3 -- done
rank 11 | trajectory 1129 of circuit 2 -- done
rank 3 | trajectory 777 of circuit 3 -- done
rank 6 | trajectory 1678 of circuit 2 -- done
rank 9 | trajectory 679 of circuit 3 -- done
rank 23 | trajectory 3825 of circuit 3 -- done
rank 14 | trajectory 2464 of circuit 3 -- done
rank 4 | trajectory 977 of circuit 3 -- done
rank 23 | trajectory 3225 of circuit 1 -- done
rank 8 | trajectory 178 of circuit 1 -- done
rank 18 | trajectory 3482 of circuit 2 -- done
rank 20 | trajectory 2949 of circuit 1 -- done
rank 6 | trajectory 503 of circuit 3 -- done
rank 18 | trajectory 1257 of circuit 1 -- done
rank 22 | trajectory 2408 of circuit 1 -- done
rank 5 | trajectory 2577 of circuit 2 -- done
rank 18 | trajectory 2665 of circuit 1 -- done
rank 15 | trajectory 2472 of circuit 2 -- done
rank 19 | trajectory 7 of circuit 2 -- done
rank 3 | trajectory 3052 of circuit 1 -- done
rank 14 | trajectory 2147 of circuit 3 -- done
rank 12 | trajectory 680 of circuit 3 -- done
rank 19 | trajectory 882 of circuit 2 -- done
rank 3 | trajectory 1177 of circuit 1 -- done
rank 11 | trajectory 2713 of circuit 3 -- done
rank 24 | trajectory 3659 of circuit 3 -- done
rank 17 | trajectory 2215 of circuit 1 -- done
rank 17 | trajectory 206 of circuit 1 -- done
rank 17 | trajectory 3798 of circuit 3 -- done
rank 3 | trajectory 3427 of circuit 1 -- done
rank 16 | trajectory 1364 of circuit 2 -- done
rank 10 | trajectory 2712 of circuit 2 -- done
rank 0 | trajectory 1401 of circuit 1 -- done
rank 6 | trajectory 53 of circuit 3 -- done
rank 3 | trajectory 2527 of circuit 3 -- done
rank 1 | trajectory 1001 of circuit 2 -- done
rank 8 | trajectory 1003 of circuit 1 -- done
rank 1 | trajectory 2876 of circuit 2 -- done
rank 9 | trajectory 3262 of circuit 2 -- done
rank 20 | trajectory 291 of circuit 2 -- done
rank 16 | trajectory 2048 of circuit 1 -- done
rank 15 | trajectory 2106 of circuit 1 -- done
rank 10 | trajectory 1604 of circuit 2 -- done
rank 9 | trajectory 3629 of circuit 2 -- done
rank 22 | trajectory 1991 of circuit 2 -- done
rank 22 | trajectory 1566 of circuit 1 -- done
rank 12 | trajectory 3013 of circuit 2 -- done
rank 16 | trajectory 2039 of circuit 1 -- done
rank 23 | trajectory 2408 of circuit 2 -- done
rank 9 | trajectory 2879 of circuit 2 -- done
rank 9 | trajectory 2179 of circuit 3 -- done
rank 9 | trajectory 3312 of circuit 1 -- done
rank 5 | trajectory 852 of circuit 1 -- done
rank 14 | trajectory 3747 of circuit 2 -- done
rank 24 | trajectory 2009 of circuit 2 -- done
rank 11 | trajectory 479 of circuit 3 -- done
rank 0 | trajectory 3259 of circuit 3 -- done
rank 3 | trajectory 2110 of circuit 2 -- done
rank 23 | trajectory 508 of circuit 3 -- done
rank 9 | trajectory 1104 of circuit 1 -- done
rank 10 | trajectory 3679 of circuit 3 -- done
rank 18 | trajectory 1232 of circuit 3 -- done
rank 3 | trajectory 3227 of circuit 1 -- done
rank 18 | trajectory 2532 of circuit 2 -- done
rank 8 | trajectory 3445 of circuit 1 -- done
rank 1 | trajectory 3026 of circuit 2 -- done
rank 9 | trajectory 604 of circuit 3 -- done
rank 4 | trajectory 1135 of circuit 2 -- done
rank 10 | trajectory 3696 of circuit 3 -- done
rank 10 | trajectory 479 of circuit 1 -- done
rank 19 | trajectory 2465 of circuit 1 -- done
rank 10 | trajectory 1854 of circuit 1 -- done
rank 15 | trajectory 1839 of circuit 1 -- done
rank 10 | trajectory 2646 of circuit 1 -- done
rank 18 | trajectory 2315 of circuit 2 -- done
rank 6 | trajectory 1961 of circuit 1 -- done
rank 6 | trajectory 1903 of circuit 3 -- done
rank 7 | trajectory 2228 of circuit 3 -- done
rank 1 | trajectory 3359 of circuit 3 -- done
rank 2 | trajectory 1026 of circuit 1 -- done
rank 20 | trajectory 1841 of circuit 1 -- done
rank 4 | trajectory 3744 of circuit 3 -- done
rank 1 | trajectory 1134 of circuit 2 -- done
rank 21 | trajectory 3166 of circuit 3 -- done
rank 22 | trajectory 2475 of circuit 1 -- done
rank 9 | trajectory 3012 of circuit 3 -- done
rank 16 | trajectory 2914 of circuit 3 -- done
rank 10 | trajectory 729 of circuit 2 -- done
rank 16 | trajectory 2506 of circuit 2 -- done
rank 24 | trajectory 3234 of circuit 3 -- done
rank 21 | trajectory 1866 of circuit 1 -- done
rank 14 | trajectory 530 of circuit 3 -- done
rank 17 | trajectory 556 of circuit 2 -- done
rank 9 | trajectory 1329 of circuit 2 -- done
rank 11 | trajectory 3546 of circuit 3 -- done
rank 6 | trajectory 253 of circuit 2 -- done
rank 11 | trajectory 2596 of circuit 3 -- done
rank 4 | trajectory 927 of circuit 3 -- done
rank 21 | trajectory 1566 of circuit 2 -- done
rank 4 | trajectory 1602 of circuit 1 -- done
rank 24 | trajectory 384 of circuit 2 -- done
rank 14 | trajectory 2980 of circuit 2 -- done
rank 9 | trajectory 229 of circuit 3 -- done
rank 13 | trajectory 1947 of circuit 2 -- done
rank 20 | trajectory 991 of circuit 2 -- done
rank 23 | trajectory 3258 of circuit 3 -- done
rank 16 | trajectory 3514 of circuit 3 -- done
rank 16 | trajectory 3248 of circuit 2 -- done
rank 0 | trajectory 2692 of circuit 1 -- done
rank 20 | trajectory 682 of circuit 3 -- done
rank 0 | trajectory 1051 of circuit 1 -- done
rank 12 | trajectory 3355 of circuit 2 -- done
rank 6 | trajectory 753 of circuit 3 -- done
rank 6 | trajectory 3294 of circuit 3 -- done
rank 8 | trajectory 3220 of circuit 1 -- done
rank 9 | trajectory 1054 of circuit 3 -- done
rank 5 | trajectory 261 of circuit 1 -- done
rank 10 | trajectory 154 of circuit 3 -- done
rank 3 | trajectory 2260 of circuit 3 -- done
rank 1 | trajectory 3493 of circuit 3 -- done
rank 10 | trajectory 29 of circuit 2 -- done
rank 13 | trajectory 2788 of circuit 1 -- done
rank 16 | trajectory 431 of circuit 3 -- done
rank 6 | trajectory 1653 of circuit 1 -- done
rank 24 | trajectory 1409 of circuit 2 -- done
rank 21 | trajectory 1441 of circuit 2 -- done
rank 24 | trajectory 1059 of circuit 1 -- done
rank 19 | trajectory 2907 of circuit 2 -- done
rank 7 | trajectory 3578 of circuit 2 -- done
rank 16 | trajectory 3206 of circuit 1 -- done
rank 7 | trajectory 1586 of circuit 1 -- done
rank 5 | trajectory 1352 of circuit 1 -- done
rank 22 | trajectory 1183 of circuit 2 -- done
rank 23 | trajectory 3750 of circuit 1 -- done
rank 2 | trajectory 2610 of circuit 3 -- done
rank 1 | trajectory 309 of circuit 2 -- done
rank 16 | trajectory 1581 of circuit 2 -- done
rank 7 | trajectory 2761 of circuit 2 -- done
rank 10 | trajectory 3812 of circuit 3 -- done
rank 15 | trajectory 3647 of circuit 3 -- done
rank 19 | trajectory 3499 of circuit 3 -- done
rank 12 | trajectory 5 of circuit 1 -- done
rank 21 | trajectory 2341 of circuit 3 -- done
rank 1 | trajectory 2643 of circuit 2 -- done
rank 3 | trajectory 3393 of circuit 2 -- done
rank 0 | trajectory 2442 of circuit 2 -- done
rank 1 | trajectory 3051 of circuit 2 -- done
rank 17 | trajectory 3231 of circuit 1 -- done
rank 9 | trajectory 2912 of circuit 3 -- done
rank 11 | trajectory 304 of circuit 3 -- done
rank 12 | trajectory 2780 of circuit 3 -- done
rank 2 | trajectory 2726 of circuit 2 -- done
rank 1 | trajectory 3759 of circuit 2 -- done
rank 23 | trajectory 3808 of circuit 3 -- done
rank 18 | trajectory 832 of circuit 2 -- done
rank 19 | trajectory 2615 of circuit 3 -- done
rank 4 | trajectory 1785 of circuit 1 -- done
rank 22 | trajectory 391 of circuit 1 -- done
rank 20 | trajectory 3782 of circuit 2 -- done
rank 6 | trajectory 2794 of circuit 2 -- done
rank 9 | trajectory 2329 of circuit 2 -- done
rank 18 | trajectory 2148 of circuit 3 -- done
rank 9 | trajectory 3045 of circuit 2 -- done
rank 8 | trajectory 3562 of circuit 3 -- done
rank 18 | trajectory 3782 of circuit 1 -- done
rank 6 | trajectory 2428 of circuit 3 -- done
rank 10 | trajectory 3029 of circuit 3 -- done
rank 10 | trajectory 3379 of circuit 2 -- done
rank 13 | trajectory 2980 of circuit 1 -- done
rank 15 | trajectory 1997 of circuit 1 -- done
rank 15 | trajectory 2022 of circuit 1 -- done
rank 23 | trajectory 3342 of circuit 2 -- done
rank 15 | trajectory 2881 of circuit 3 -- done
rank 22 | trajectory 2316 of circuit 1 -- done
rank 17 | trajectory 1856 of circuit 3 -- done
rank 2 | trajectory 1876 of circuit 3 -- done
rank 13 | trajectory 2063 of circuit 2 -- done
rank 0 | trajectory 3526 of circuit 2 -- done
rank 21 | trajectory 3658 of circuit 3 -- done
rank 17 | trajectory 2048 of circuit 3 -- done
rank 23 | trajectory 3242 of circuit 3 -- done
rank 16 | trajectory 3648 of circuit 3 -- done
rank 16 | trajectory 1714 of circuit 1 -- done
rank 9 | trajectory 429 of circuit 3 -- done
rank 18 | trajectory 2548 of circuit 2 -- done
rank 15 | trajectory 1656 of circuit 2 -- done
rank 0 | trajectory 1601 of circuit 3 -- done
rank 17 | trajectory 3198 of circuit 3 -- done
rank 0 | trajectory 2342 of circuit 2 -- done
rank 20 | trajectory 2516 of circuit 3 -- done
rank 4 | trajectory 2744 of circuit 2 -- done
rank 23 | trajectory 2775 of circuit 2 -- done
rank 0 | trajectory 2776 of circuit 2 -- done
rank 6 | trajectory 2028 of circuit 2 -- done
rank 20 | trajectory 2307 of circuit 3 -- done
rank 12 | trajectory 180 of circuit 2 -- done
rank 8 | trajectory 1803 of circuit 3 -- done
rank 9 | trajectory 2395 of circuit 2 -- done
rank 7 | trajectory 2436 of circuit 1 -- done
rank 10 | trajectory 2312 of circuit 2 -- done
rank 7 | trajectory 2711 of circuit 3 -- done
rank 1 | trajectory 151 of circuit 2 -- done
rank 5 | trajectory 1327 of circuit 2 -- done
rank 21 | trajectory 2216 of circuit 1 -- done
rank 15 | trajectory 2297 of circuit 1 -- done
rank 15 | trajectory 3781 of circuit 3 -- done
rank 3 | trajectory 502 of circuit 1 -- done
rank 17 | trajectory 2515 of circuit 2 -- done
rank 12 | trajectory 1080 of circuit 2 -- done
rank 15 | trajectory 2897 of circuit 3 -- done
rank 4 | trajectory 2885 of circuit 1 -- done
rank 7 | trajectory 2470 of circuit 1 -- done
rank 4 | trajectory 1969 of circuit 3 -- done
rank 21 | trajectory 2891 of circuit 3 -- done
rank 0 | trajectory 3826 of circuit 3 -- done
rank 19 | trajectory 1707 of circuit 2 -- done
rank 22 | trajectory 3025 of circuit 2 -- done
rank 7 | trajectory 1511 of circuit 1 -- done
rank 5 | trajectory 2144 of circuit 2 -- done
rank 22 | trajectory 1816 of circuit 2 -- done
rank 10 | trajectory 2029 of circuit 3 -- done
rank 6 | trajectory 3728 of circuit 2 -- done
rank 3 | trajectory 3143 of circuit 3 -- done
rank 1 | trajectory 3793 of circuit 2 -- done
rank 12 | trajectory 2930 of circuit 3 -- done
rank 14 | trajectory 2880 of circuit 3 -- done
rank 21 | trajectory 1808 of circuit 3 -- done
rank 20 | trajectory 3541 of circuit 3 -- done
rank 12 | trajectory 2980 of circuit 3 -- done
rank 2 | trajectory 3551 of circuit 3 -- done
rank 4 | trajectory 2785 of circuit 3 -- done
rank 7 | trajectory 2986 of circuit 1 -- done
rank 1 | trajectory 2318 of circuit 1 -- done
rank 3 | trajectory 1902 of circuit 1 -- done
rank 17 | trajectory 406 of circuit 1 -- done
rank 21 | trajectory 2283 of circuit 2 -- done
rank 24 | trajectory 259 of circuit 1 -- done
rank 5 | trajectory 2561 of circuit 1 -- done
rank 18 | trajectory 1307 of circuit 1 -- done
rank 12 | trajectory 3280 of circuit 1 -- done
rank 12 | trajectory 505 of circuit 1 -- done
rank 1 | trajectory 26 of circuit 3 -- done
rank 14 | trajectory 880 of circuit 3 -- done
rank 20 | trajectory 466 of circuit 2 -- done
rank 2 | trajectory 3385 of circuit 1 -- done
rank 6 | trajectory 2061 of circuit 2 -- done
rank 24 | trajectory 2317 of circuit 3 -- done
rank 11 | trajectory 2779 of circuit 2 -- done
rank 8 | trajectory 1028 of circuit 1 -- done
rank 14 | trajectory 1905 of circuit 3 -- done
rank 21 | trajectory 2424 of circuit 1 -- done
rank 5 | trajectory 2461 of circuit 2 -- done
rank 12 | trajectory 663 of circuit 1 -- done
rank 7 | trajectory 1678 of circuit 1 -- done
rank 12 | trajectory 1280 of circuit 2 -- done
rank 16 | trajectory 1156 of circuit 3 -- done
rank 18 | trajectory 2398 of circuit 3 -- done
rank 17 | trajectory 2298 of circuit 1 -- done
rank 4 | trajectory 110 of circuit 1 -- done
rank 20 | trajectory 3266 of circuit 1 -- done
rank 12 | trajectory 2546 of circuit 2 -- done
rank 14 | trajectory 3247 of circuit 2 -- done
rank 4 | trajectory 1435 of circuit 3 -- done
rank 17 | trajectory 3098 of circuit 1 -- done
rank 17 | trajectory 2981 of circuit 3 -- done
rank 6 | trajectory 3444 of circuit 3 -- done
rank 20 | trajectory 1391 of circuit 3 -- done
rank 8 | trajectory 2628 of circuit 2 -- done
rank 9 | trajectory 3579 of circuit 3 -- done
rank 16 | trajectory 339 of circuit 2 -- done
rank 6 | trajectory 3061 of circuit 3 -- done
rank 7 | trajectory 2653 of circuit 2 -- done
rank 0 | trajectory 1201 of circuit 2 -- done
rank 2 | trajectory 2826 of circuit 3 -- done
rank 3 | trajectory 827 of circuit 3 -- done
rank 4 | trajectory 3810 of circuit 3 -- done
rank 16 | trajectory 2548 of circuit 3 -- done
rank 16 | trajectory 406 of circuit 3 -- done
rank 5 | trajectory 3744 of circuit 2 -- done
rank 22 | trajectory 1883 of circuit 2 -- done
rank 21 | trajectory 3774 of circuit 3 -- done
rank 20 | trajectory 141 of circuit 2 -- done
rank 5 | trajectory 2777 of circuit 2 -- done
rank 6 | trajectory 228 of circuit 2 -- done
rank 19 | trajectory 1882 of circuit 3 -- done
rank 6 | trajectory 3361 of circuit 2 -- done
rank 22 | trajectory 1083 of circuit 3 -- done
rank 22 | trajectory 2083 of circuit 1 -- done
rank 19 | trajectory 157 of circuit 3 -- done
rank 7 | trajectory 2745 of circuit 2 -- done
rank 7 | trajectory 2386 of circuit 3 -- done
rank 7 | trajectory 1778 of circuit 2 -- done
rank 17 | trajectory 1456 of circuit 2 -- done
rank 4 | trajectory 1927 of circuit 3 -- done
rank 14 | trajectory 3664 of circuit 3 -- done
rank 16 | trajectory 81 of circuit 2 -- done
rank 8 | trajectory 3378 of circuit 2 -- done
rank 1 | trajectory 484 of circuit 2 -- done
rank 1 | trajectory 2976 of circuit 1 -- done
rank 9 | trajectory 3329 of circuit 1 -- done
rank 3 | trajectory 2277 of circuit 3 -- done
rank 23 | trajectory 2942 of circuit 2 -- done
rank 16 | trajectory 2431 of circuit 3 -- done
rank 21 | trajectory 191 of circuit 3 -- done
rank 11 | trajectory 2863 of circuit 2 -- done
rank 22 | trajectory 658 of circuit 2 -- done
rank 10 | trajectory 1187 of circuit 1 -- done
rank 19 | trajectory 1032 of circuit 1 -- done
rank 3 | trajectory 2827 of circuit 2 -- done
rank 3 | trajectory 2243 of circuit 2 -- done
rank 19 | trajectory 1807 of circuit 3 -- done
rank 5 | trajectory 1452 of circuit 3 -- done
rank 19 | trajectory 1157 of circuit 3 -- done
rank 3 | trajectory 602 of circuit 2 -- done
rank 20 | trajectory 1891 of circuit 1 -- done
rank 3 | trajectory 627 of circuit 2 -- done
rank 7 | trajectory 2595 of circuit 2 -- done
rank 0 | trajectory 251 of circuit 2 -- done
rank 0 | trajectory 851 of circuit 3 -- done
rank 11 | trajectory 3063 of circuit 3 -- done
rank 11 | trajectory 754 of circuit 1 -- done
rank 21 | trajectory 3108 of circuit 3 -- done
rank 15 | trajectory 2356 of circuit 3 -- done
rank 9 | trajectory 2579 of circuit 2 -- done
rank 11 | trajectory 3229 of circuit 1 -- done
rank 2 | trajectory 1676 of circuit 3 -- done
rank 20 | trajectory 1291 of circuit 1 -- done
rank 14 | trajectory 2380 of circuit 3 -- done
rank 14 | trajectory 2797 of circuit 2 -- done
rank 10 | trajectory 2046 of circuit 2 -- done
rank 18 | trajectory 3465 of circuit 2 -- done
rank 6 | trajectory 3144 of circuit 2 -- done
rank 12 | trajectory 2130 of circuit 2 -- done
rank 10 | trajectory 2462 of circuit 2 -- done
rank 11 | trajectory 2163 of circuit 3 -- done
rank 14 | trajectory 3114 of circuit 2 -- done
rank 10 | trajectory 1962 of circuit 1 -- done
rank 23 | trajectory 3575 of circuit 3 -- done
rank 15 | trajectory 2039 of circuit 3 -- done
rank 17 | trajectory 2415 of circuit 3 -- done
rank 4 | trajectory 3135 of circuit 3 -- done
rank 14 | trajectory 3547 of circuit 3 -- done
rank 9 | trajectory 3645 of circuit 3 -- done
rank 4 | trajectory 2519 of circuit 1 -- done
rank 22 | trajectory 3341 of circuit 3 -- done
rank 8 | trajectory 62 of circuit 1 -- done
rank 0 | trajectory 476 of circuit 3 -- done
rank 2 | trajectory 251 of circuit 1 -- done
rank 9 | trajectory 1654 of circuit 2 -- done
rank 11 | trajectory 354 of circuit 1 -- done
rank 0 | trajectory 876 of circuit 1 -- done
rank 20 | trajectory 66 of circuit 2 -- done
rank 1 | trajectory 3118 of circuit 1 -- done
rank 24 | trajectory 2142 of circuit 3 -- done
rank 14 | trajectory 430 of circuit 1 -- done
rank 4 | trajectory 60 of circuit 1 -- done
rank 19 | trajectory 3232 of circuit 3 -- done
rank 3 | trajectory 3177 of circuit 3 -- done
rank 19 | trajectory 3182 of circuit 2 -- done
rank 10 | trajectory 354 of circuit 3 -- done
rank 11 | trajectory 3396 of circuit 1 -- done
rank 6 | trajectory 2594 of circuit 2 -- done
rank 11 | trajectory 3113 of circuit 2 -- done
rank 11 | trajectory 3696 of circuit 2 -- done
rank 14 | trajectory 1055 of circuit 2 -- done
rank 2 | trajectory 2460 of circuit 3 -- done
rank 17 | trajectory 165 of circuit 3 -- done
rank 14 | trajectory 155 of circuit 3 -- done
rank 4 | trajectory 3577 of circuit 2 -- done
rank 16 | trajectory 2423 of circuit 2 -- done
rank 2 | trajectory 1151 of circuit 1 -- done
rank 24 | trajectory 2350 of circuit 3 -- done
rank 21 | trajectory 3249 of circuit 1 -- done
rank 20 | trajectory 2099 of circuit 1 -- done
rank 21 | trajectory 1883 of circuit 3 -- done
rank 4 | trajectory 3494 of circuit 3 -- done
rank 2 | trajectory 2193 of circuit 3 -- done
rank 3 | trajectory 1627 of circuit 1 -- done
rank 9 | trajectory 179 of circuit 1 -- done
rank 17 | trajectory 2348 of circuit 2 -- done
rank 6 | trajectory 3778 of circuit 2 -- done
rank 3 | trajectory 677 of circuit 3 -- done
rank 20 | trajectory 2274 of circuit 3 -- done
rank 10 | trajectory 3579 of circuit 2 -- done
rank 15 | trajectory 539 of circuit 1 -- done
rank 24 | trajectory 2784 of circuit 1 -- done
rank 19 | trajectory 57 of circuit 1 -- done
rank 1 | trajectory 326 of circuit 3 -- done
rank 23 | trajectory 133 of circuit 3 -- done
rank 23 | trajectory 3117 of circuit 2 -- done
rank 12 | trajectory 2388 of circuit 2 -- done
rank 12 | trajectory 2746 of circuit 3 -- done
rank 16 | trajectory 189 of circuit 1 -- done
rank 16 | trajectory 2831 of circuit 3 -- done
rank 15 | trajectory 3797 of circuit 3 -- done
rank 23 | trajectory 108 of circuit 1 -- done
rank 16 | trajectory 756 of circuit 1 -- done
rank 23 | trajectory 2525 of circuit 3 -- done
rank 6 | trajectory 728 of circuit 3 -- done
rank 7 | trajectory 2328 of circuit 3 -- done
rank 15 | trajectory 3181 of circuit 3 -- done
rank 1 | trajectory 1076 of circuit 3 -- done
rank 12 | trajectory 3580 of circuit 3 -- done
rank 5 | trajectory 1077 of circuit 3 -- done
rank 20 | trajectory 2816 of circuit 1 -- done
rank 15 | trajectory 2806 of circuit 1 -- done
rank 11 | trajectory 3513 of circuit 3 -- done
rank 15 | trajectory 3339 of circuit 3 -- done
rank 15 | trajectory 2056 of circuit 1 -- done
rank 21 | trajectory 3741 of circuit 3 -- done
rank 20 | trajectory 2649 of circuit 1 -- done
rank 11 | trajectory 1963 of circuit 2 -- done
rank 16 | trajectory 1439 of circuit 2 -- done
rank 23 | trajectory 2708 of circuit 2 -- done
rank 24 | trajectory 2109 of circuit 2 -- done
rank 11 | trajectory 279 of circuit 3 -- done
rank 21 | trajectory 1316 of circuit 1 -- done
rank 16 | trajectory 2098 of circuit 2 -- done
rank 3 | trajectory 1102 of circuit 1 -- done
rank 10 | trajectory 779 of circuit 2 -- done
rank 13 | trajectory 3547 of circuit 2 -- done
rank 16 | trajectory 1489 of circuit 2 -- done
rank 7 | trajectory 3520 of circuit 1 -- done
rank 10 | trajectory 704 of circuit 3 -- done
rank 18 | trajectory 632 of circuit 2 -- done
rank 16 | trajectory 3498 of circuit 1 -- done
rank 22 | trajectory 1708 of circuit 2 -- done
rank 22 | trajectory 1791 of circuit 1 -- done
rank 5 | trajectory 2111 of circuit 1 -- done
rank 24 | trajectory 3084 of circuit 1 -- done
rank 12 | trajectory 1980 of circuit 2 -- done
rank 11 | trajectory 1854 of circuit 2 -- done
rank 23 | trajectory 192 of circuit 2 -- done
rank 18 | trajectory 2365 of circuit 2 -- done
rank 24 | trajectory 3525 of circuit 2 -- done
rank 6 | trajectory 3636 of circuit 2 -- done
rank 22 | trajectory 2733 of circuit 1 -- done
rank 22 | trajectory 3083 of circuit 3 -- done
rank 14 | trajectory 3014 of circuit 3 -- done
rank 18 | trajectory 1998 of circuit 2 -- done
rank 8 | trajectory 2812 of circuit 3 -- done
rank 1 | trajectory 3384 of circuit 2 -- done
rank 10 | trajectory 804 of circuit 3 -- done
rank 4 | trajectory 3285 of circuit 3 -- done
rank 17 | trajectory 1081 of circuit 2 -- done
rank 0 | trajectory 1276 of circuit 3 -- done
rank 5 | trajectory 602 of circuit 3 -- done
rank 19 | trajectory 2332 of circuit 3 -- done
rank 3 | trajectory 2293 of circuit 2 -- done
rank 23 | trajectory 442 of circuit 1 -- done
rank 15 | trajectory 831 of circuit 3 -- done
rank 19 | trajectory 307 of circuit 3 -- done
rank 13 | trajectory 1155 of circuit 1 -- done
rank 9 | trajectory 2245 of circuit 1 -- done
rank 6 | trajectory 2561 of circuit 3 -- done
rank 3 | trajectory 102 of circuit 3 -- done
rank 20 | trajectory 2491 of circuit 3 -- done
rank 3 | trajectory 2793 of circuit 1 -- done
rank 11 | trajectory 2846 of circuit 3 -- done
rank 6 | trajectory 653 of circuit 3 -- done
rank 0 | trajectory 2926 of circuit 3 -- done
rank 12 | trajectory 3463 of circuit 3 -- done
rank 19 | trajectory 2215 of circuit 3 -- done
rank 10 | trajectory 2479 of circuit 3 -- done
rank 21 | trajectory 2666 of circuit 3 -- done
rank 19 | trajectory 1357 of circuit 3 -- done
rank 9 | trajectory 654 of circuit 2 -- done
rank 15 | trajectory 2781 of circuit 2 -- done
rank 21 | trajectory 491 of circuit 2 -- done
rank 16 | trajectory 3673 of circuit 1 -- done
rank 24 | trajectory 634 of circuit 1 -- done
rank 11 | trajectory 1996 of circuit 2 -- done
rank 0 | trajectory 2959 of circuit 2 -- done
rank 19 | trajectory 2824 of circuit 1 -- done
rank 4 | trajectory 3610 of circuit 2 -- done
rank 18 | trajectory 3048 of circuit 2 -- done
rank 24 | trajectory 2567 of circuit 1 -- done
rank 10 | trajectory 1104 of circuit 2 -- done
rank 9 | trajectory 3512 of circuit 3 -- done
rank 20 | trajectory 1107 of circuit 3 -- done
rank 15 | trajectory 89 of circuit 1 -- done
rank 19 | trajectory 132 of circuit 2 -- done
rank 3 | trajectory 1752 of circuit 1 -- done
rank 8 | trajectory 2378 of circuit 2 -- done
rank 5 | trajectory 311 of circuit 1 -- done
rank 2 | trajectory 2676 of circuit 3 -- done
rank 10 | trajectory 1829 of circuit 2 -- done
rank 2 | trajectory 1060 of circuit 1 -- done
rank 21 | trajectory 3133 of circuit 2 -- done
rank 16 | trajectory 1239 of circuit 3 -- done
rank 4 | trajectory 1077 of circuit 2 -- done
rank 20 | trajectory 2449 of circuit 2 -- done
rank 10 | trajectory 3646 of circuit 3 -- done
rank 16 | trajectory 1973 of circuit 3 -- done
rank 4 | trajectory 2 of circuit 1 -- done
rank 21 | trajectory 3633 of circuit 2 -- done
rank 19 | trajectory 2565 of circuit 1 -- done
rank 3 | trajectory 3060 of circuit 3 -- done
rank 0 | trajectory 2059 of circuit 2 -- done
rank 7 | trajectory 703 of circuit 3 -- done
rank 23 | trajectory 2267 of circuit 2 -- done
rank 11 | trajectory 1804 of circuit 1 -- done
rank 1 | trajectory 2676 of circuit 2 -- done
rank 19 | trajectory 1332 of circuit 2 -- done
rank 1 | trajectory 876 of circuit 3 -- done
rank 9 | trajectory 2229 of circuit 2 -- done
rank 0 | trajectory 376 of circuit 2 -- done
rank 11 | trajectory 254 of circuit 3 -- done
rank 1 | trajectory 2618 of circuit 2 -- done
rank 8 | trajectory 2095 of circuit 2 -- done
rank 22 | trajectory 2283 of circuit 1 -- done
rank 23 | trajectory 2508 of circuit 3 -- done
rank 11 | trajectory 129 of circuit 2 -- done
rank 23 | trajectory 2275 of circuit 3 -- done
rank 12 | trajectory 3713 of circuit 2 -- done
rank 10 | trajectory 1779 of circuit 3 -- done
rank 24 | trajectory 1842 of circuit 2 -- done
rank 10 | trajectory 2512 of circuit 2 -- done
rank 23 | trajectory 283 of circuit 1 -- done
rank 12 | trajectory 955 of circuit 1 -- done
rank 14 | trajectory 3347 of circuit 3 -- done
rank 15 | trajectory 2172 of circuit 1 -- done
rank 19 | trajectory 2149 of circuit 1 -- done
rank 10 | trajectory 3329 of circuit 2 -- done
rank 11 | trajectory 2379 of circuit 2 -- done
rank 9 | trajectory 2529 of circuit 3 -- done
rank 5 | trajectory 152 of circuit 1 -- done
rank 5 | trajectory 2911 of circuit 3 -- done
rank 14 | trajectory 2047 of circuit 1 -- done
rank 1 | trajectory 2501 of circuit 1 -- done
rank 2 | trajectory 2660 of circuit 1 -- done
rank 18 | trajectory 207 of circuit 2 -- done
rank 18 | trajectory 1657 of circuit 1 -- done
rank 18 | trajectory 3290 of circuit 1 -- done
rank 1 | trajectory 1401 of circuit 3 -- done
rank 15 | trajectory 3631 of circuit 3 -- done
rank 11 | trajectory 1454 of circuit 3 -- done
rank 7 | trajectory 3095 of circuit 2 -- done
rank 12 | trajectory 1105 of circuit 2 -- done
rank 9 | trajectory 1929 of circuit 3 -- done
rank 6 | trajectory 2228 of circuit 2 -- done
rank 23 | trajectory 1992 of circuit 3 -- done
rank 8 | trajectory 3478 of circuit 3 -- done
rank 4 | trajectory 3402 of circuit 3 -- done
rank 14 | trajectory 1930 of circuit 1 -- done
rank 21 | trajectory 1483 of circuit 1 -- done
rank 20 | trajectory 1407 of circuit 3 -- done
rank 24 | trajectory 2209 of circuit 2 -- done
rank 4 | trajectory 2002 of circuit 3 -- done
rank 9 | trajectory 829 of circuit 3 -- done
rank 16 | trajectory 2489 of circuit 1 -- done
rank 16 | trajectory 3114 of circuit 1 -- done
rank 6 | trajectory 3161 of circuit 3 -- done
rank 6 | trajectory 2828 of circuit 3 -- done
rank 20 | trajectory 3566 of circuit 3 -- done
rank 23 | trajectory 158 of circuit 2 -- done
rank 17 | trajectory 2181 of circuit 1 -- done
rank 14 | trajectory 2514 of circuit 3 -- done
rank 0 | trajectory 3209 of circuit 3 -- done
rank 2 | trajectory 2076 of circuit 3 -- done
rank 9 | trajectory 329 of circuit 3 -- done
rank 6 | trajectory 553 of circuit 3 -- done
rank 16 | trajectory 2164 of circuit 3 -- done
rank 14 | trajectory 1880 of circuit 2 -- done
rank 18 | trajectory 1415 of circuit 1 -- done
rank 4 | trajectory 1760 of circuit 3 -- done
rank 10 | trajectory 2862 of circuit 3 -- done
rank 21 | trajectory 3066 of circuit 3 -- done
rank 16 | trajectory 356 of circuit 1 -- done
rank 20 | trajectory 607 of circuit 1 -- done
rank 24 | trajectory 2325 of circuit 1 -- done
rank 20 | trajectory 2782 of circuit 2 -- done
rank 7 | trajectory 1486 of circuit 2 -- done
rank 2 | trajectory 2276 of circuit 3 -- done
rank 10 | trajectory 2979 of circuit 2 -- done
rank 24 | trajectory 1692 of circuit 1 -- done
rank 9 | trajectory 2995 of circuit 3 -- done
rank 22 | trajectory 158 of circuit 3 -- done
rank 22 | trajectory 1116 of circuit 2 -- done
rank 14 | trajectory 3264 of circuit 3 -- done
rank 7 | trajectory 2786 of circuit 3 -- done
rank 11 | trajectory 2079 of circuit 2 -- done
rank 0 | trajectory 3109 of circuit 2 -- done
rank 22 | trajectory 1441 of circuit 1 -- done
rank 4 | trajectory 2910 of circuit 3 -- done
rank 24 | trajectory 217 of circuit 1 -- done
rank 24 | trajectory 1484 of circuit 3 -- done
rank 21 | trajectory 2641 of circuit 3 -- done
rank 7 | trajectory 1453 of circuit 1 -- done
rank 15 | trajectory 3422 of circuit 3 -- done
rank 4 | trajectory 2594 of circuit 3 -- done
rank 22 | trajectory 3783 of circuit 3 -- done
rank 24 | trajectory 2050 of circuit 1 -- done
rank 24 | trajectory 3784 of circuit 2 -- done
rank 21 | trajectory 8 of circuit 1 -- done
rank 15 | trajectory 2364 of circuit 3 -- done
rank 1 | trajectory 2343 of circuit 1 -- done
rank 24 | trajectory 467 of circuit 1 -- done
rank 16 | trajectory 1064 of circuit 2 -- done
rank 1 | trajectory 951 of circuit 2 -- done
rank 11 | trajectory 3096 of circuit 3 -- done
rank 24 | trajectory 709 of circuit 1 -- done
rank 1 | trajectory 2093 of circuit 1 -- done
rank 20 | trajectory 1657 of circuit 2 -- done
rank 9 | trajectory 2462 of circuit 3 -- done
rank 10 | trajectory 2529 of circuit 2 -- done
rank 20 | trajectory 3374 of circuit 2 -- done
rank 18 | trajectory 3165 of circuit 1 -- done
rank 7 | trajectory 911 of circuit 3 -- done
rank 1 | trajectory 2559 of circuit 3 -- done
rank 20 | trajectory 3641 of circuit 2 -- done
rank 11 | trajectory 2963 of circuit 3 -- done
rank 0 | trajectory 3076 of circuit 3 -- done
rank 17 | trajectory 2365 of circuit 3 -- done
rank 21 | trajectory 3799 of circuit 1 -- done
rank 12 | trajectory 2563 of circuit 3 -- done
rank 15 | trajectory 1281 of circuit 2 -- done
rank 11 | trajectory 3729 of circuit 2 -- done
rank 16 | trajectory 106 of circuit 1 -- done
rank 20 | trajectory 1566 of circuit 3 -- done
rank 17 | trajectory 1956 of circuit 2 -- done
rank 4 | trajectory 202 of circuit 3 -- done
rank 22 | trajectory 1333 of circuit 3 -- done
rank 0 | trajectory 3676 of circuit 3 -- done
rank 20 | trajectory 891 of circuit 2 -- done
rank 5 | trajectory 1502 of circuit 3 -- done
rank 4 | trajectory 577 of circuit 3 -- done
rank 1 | trajectory 3193 of circuit 3 -- done
rank 9 | trajectory 254 of circuit 2 -- done
rank 17 | trajectory 356 of circuit 3 -- done
rank 15 | trajectory 3131 of circuit 1 -- done
rank 3 | trajectory 1677 of circuit 1 -- done
rank 0 | trajectory 3242 of circuit 2 -- done
rank 10 | trajectory 3479 of circuit 3 -- done
rank 19 | trajectory 3049 of circuit 2 -- done
rank 3 | trajectory 1777 of circuit 2 -- done
rank 15 | trajectory 2747 of circuit 2 -- done
rank 23 | trajectory 2242 of circuit 3 -- done
rank 21 | trajectory 1341 of circuit 3 -- done
rank 10 | trajectory 3521 of circuit 1 -- done
rank 10 | trajectory 2779 of circuit 3 -- done
rank 21 | trajectory 1991 of circuit 3 -- done
rank 22 | trajectory 3516 of circuit 3 -- done
rank 10 | trajectory 3412 of circuit 2 -- done
rank 4 | trajectory 3727 of circuit 1 -- done
rank 20 | trajectory 1999 of circuit 3 -- done
rank 11 | trajectory 179 of circuit 2 -- done
rank 20 | trajectory 1741 of circuit 2 -- done
rank 24 | trajectory 2234 of circuit 2 -- done
rank 11 | trajectory 629 of circuit 3 -- done
rank 14 | trajectory 3314 of circuit 2 -- done
rank 24 | trajectory 809 of circuit 3 -- done
rank 17 | trajectory 65 of circuit 1 -- done
rank 14 | trajectory 2914 of circuit 2 -- done
rank 5 | trajectory 2477 of circuit 2 -- done
rank 17 | trajectory 3006 of circuit 2 -- done
rank 20 | trajectory 3166 of circuit 1 -- done
rank 15 | trajectory 2964 of circuit 3 -- done
rank 11 | trajectory 1329 of circuit 3 -- done
rank 11 | trajectory 2354 of circuit 1 -- done
rank 5 | trajectory 3094 of circuit 3 -- done
rank 13 | trajectory 1180 of circuit 2 -- done
rank 14 | trajectory 3455 of circuit 1 -- done
rank 13 | trajectory 1413 of circuit 2 -- done
rank 15 | trajectory 2531 of circuit 2 -- done
rank 2 | trajectory 2210 of circuit 2 -- done
rank 20 | trajectory 2574 of circuit 3 -- done
rank 3 | trajectory 1702 of circuit 3 -- done
rank 12 | trajectory 1355 of circuit 2 -- done
rank 13 | trajectory 2930 of circuit 2 -- done
rank 23 | trajectory 2058 of circuit 3 -- done
rank 4 | trajectory 1527 of circuit 1 -- done
rank 17 | trajectory 1140 of circuit 1 -- done
rank 18 | trajectory 3248 of circuit 3 -- done
rank 15 | trajectory 1464 of circuit 3 -- done
rank 24 | trajectory 1892 of circuit 2 -- done
rank 21 | trajectory 1233 of circuit 2 -- done
rank 19 | trajectory 1965 of circuit 3 -- done
rank 6 | trajectory 3253 of circuit 1 -- done
rank 6 | trajectory 1211 of circuit 1 -- done
rank 13 | trajectory 1538 of circuit 2 -- done
rank 11 | trajectory 3179 of circuit 2 -- done
rank 8 | trajectory 1212 of circuit 2 -- done
rank 22 | trajectory 3175 of circuit 2 -- done
rank 18 | trajectory 2948 of circuit 3 -- done
rank 16 | trajectory 1456 of circuit 3 -- done
rank 20 | trajectory 1907 of circuit 2 -- done
rank 14 | trajectory 3430 of circuit 1 -- done
rank 1 | trajectory 3701 of circuit 3 -- done
rank 22 | trajectory 783 of circuit 2 -- done
rank 0 | trajectory 701 of circuit 3 -- done
rank 11 | trajectory 154 of circuit 2 -- done
rank 15 | trajectory 2431 of circuit 1 -- done
rank 17 | trajectory 2231 of circuit 3 -- done
rank 0 | trajectory 801 of circuit 3 -- done
rank 23 | trajectory 1608 of circuit 3 -- done
rank 21 | trajectory 3599 of circuit 3 -- done
rank 10 | trajectory 2262 of circuit 3 -- done
rank 7 | trajectory 586 of circuit 2 -- done
rank 15 | trajectory 1881 of circuit 3 -- done
rank 0 | trajectory 1901 of circuit 2 -- done
rank 23 | trajectory 3517 of circuit 1 -- done
rank 22 | trajectory 3500 of circuit 2 -- done
rank 0 | trajectory 2292 of circuit 2 -- done
rank 20 | trajectory 2716 of circuit 1 -- done
rank 16 | trajectory 3548 of circuit 2 -- done
rank 1 | trajectory 2151 of circuit 1 -- done
rank 22 | trajectory 1733 of circuit 1 -- done
rank 17 | trajectory 1315 of circuit 1 -- done
rank 7 | trajectory 1353 of circuit 3 -- done
rank 12 | trajectory 1430 of circuit 3 -- done
rank 1 | trajectory 234 of circuit 1 -- done
rank 8 | trajectory 3162 of circuit 2 -- done
rank 6 | trajectory 1078 of circuit 1 -- done
rank 8 | trajectory 12 of circuit 1 -- done
rank 23 | trajectory 3492 of circuit 3 -- done
rank 24 | trajectory 2609 of circuit 2 -- done
rank 15 | trajectory 3214 of circuit 3 -- done
rank 3 | trajectory 927 of circuit 1 -- done
rank 22 | trajectory 2666 of circuit 1 -- done
rank 0 | trajectory 501 of circuit 2 -- done
rank 4 | trajectory 2335 of circuit 2 -- done
rank 4 | trajectory 77 of circuit 1 -- done
rank 7 | trajectory 953 of circuit 3 -- done
rank 14 | trajectory 2297 of circuit 3 -- done
rank 0 | trajectory 2759 of circuit 2 -- done
rank 14 | trajectory 1505 of circuit 3 -- done
rank 7 | trajectory 161 of circuit 3 -- done
rank 20 | trajectory 2074 of circuit 2 -- done
rank 1 | trajectory 2693 of circuit 2 -- done
rank 19 | trajectory 3199 of circuit 2 -- done
rank 16 | trajectory 939 of circuit 2 -- done
rank 22 | trajectory 2158 of circuit 2 -- done
rank 17 | trajectory 2581 of circuit 3 -- done
rank 7 | trajectory 1286 of circuit 2 -- done
rank 11 | trajectory 3746 of circuit 2 -- done
rank 5 | trajectory 1377 of circuit 3 -- done
rank 24 | trajectory 767 of circuit 1 -- done
rank 14 | trajectory 3697 of circuit 1 -- done
rank 20 | trajectory 3524 of circuit 1 -- done
rank 15 | trajectory 1189 of circuit 2 -- done
rank 18 | trajectory 857 of circuit 3 -- done
rank 18 | trajectory 1357 of circuit 1 -- done
rank 9 | trajectory 3295 of circuit 1 -- done
rank 12 | trajectory 2205 of circuit 3 -- done
rank 7 | trajectory 978 of circuit 1 -- done
rank 24 | trajectory 1367 of circuit 1 -- done
rank 6 | trajectory 2094 of circuit 2 -- done
rank 10 | trajectory 2229 of circuit 3 -- done
rank 10 | trajectory 3529 of circuit 3 -- done
rank 9 | trajectory 1254 of circuit 3 -- done
rank 0 | trajectory 2842 of circuit 2 -- done
rank 19 | trajectory 857 of circuit 2 -- done
rank 22 | trajectory 941 of circuit 1 -- done
rank 3 | trajectory 3577 of circuit 1 -- done
rank 4 | trajectory 3519 of circuit 2 -- done
rank 3 | trajectory 1077 of circuit 1 -- done
rank 20 | trajectory 1366 of circuit 1 -- done
rank 4 | trajectory 385 of circuit 3 -- done
rank 1 | trajectory 3584 of circuit 1 -- done
rank 6 | trajectory 1103 of circuit 3 -- done
rank 24 | trajectory 2600 of circuit 2 -- done
rank 8 | trajectory 1778 of circuit 1 -- done
rank 22 | trajectory 3158 of circuit 3 -- done
rank 15 | trajectory 2556 of circuit 2 -- done
rank 10 | trajectory 754 of circuit 2 -- done
rank 7 | trajectory 761 of circuit 1 -- done
rank 2 | trajectory 2243 of circuit 3 -- done
rank 22 | trajectory 3050 of circuit 2 -- done
rank 23 | trajectory 933 of circuit 2 -- done
rank 22 | trajectory 1491 of circuit 1 -- done
rank 3 | trajectory 1352 of circuit 3 -- done
rank 11 | trajectory 3346 of circuit 3 -- done
rank 9 | trajectory 1587 of circuit 1 -- done
rank 2 | trajectory 2960 of circuit 3 -- done
rank 20 | trajectory 3632 of circuit 1 -- done
rank 0 | trajectory 1 of circuit 3 -- done
rank 20 | trajectory 641 of circuit 2 -- done
rank 12 | trajectory 2155 of circuit 1 -- done
rank 18 | trajectory 240 of circuit 1 -- done
rank 0 | trajectory 926 of circuit 3 -- done
rank 20 | trajectory 2049 of circuit 2 -- done
rank 8 | trajectory 2520 of circuit 1 -- done
rank 21 | trajectory 641 of circuit 1 -- done
rank 12 | trajectory 2588 of circuit 1 -- done
rank 19 | trajectory 2799 of circuit 3 -- done
rank 20 | trajectory 3116 of circuit 1 -- done
rank 12 | trajectory 2396 of circuit 2 -- done
rank 20 | trajectory 2974 of circuit 2 -- done
rank 1 | trajectory 1968 of circuit 1 -- done
rank 19 | trajectory 2699 of circuit 2 -- done
rank 5 | trajectory 2419 of circuit 1 -- done
rank 10 | trajectory 1254 of circuit 1 -- done
rank 15 | trajectory 3589 of circuit 2 -- done
rank 22 | trajectory 841 of circuit 1 -- done
rank 0 | trajectory 1026 of circuit 3 -- done
rank 1 | trajectory 3101 of circuit 1 -- done
rank 12 | trajectory 3105 of circuit 3 -- done
rank 13 | trajectory 1230 of circuit 2 -- done
rank 22 | trajectory 2766 of circuit 1 -- done
rank 10 | trajectory 304 of circuit 2 -- done
rank 23 | trajectory 2808 of circuit 1 -- done
rank 11 | trajectory 1629 of circuit 3 -- done
rank 24 | trajectory 1467 of circuit 2 -- done
rank 8 | trajectory 1962 of circuit 3 -- done
rank 3 | trajectory 3260 of circuit 2 -- done
rank 4 | trajectory 2044 of circuit 1 -- done
rank 20 | trajectory 341 of circuit 3 -- done
rank 19 | trajectory 2949 of circuit 2 -- done
rank 6 | trajectory 628 of circuit 2 -- done
rank 19 | trajectory 1407 of circuit 2 -- done
rank 13 | trajectory 455 of circuit 3 -- done
rank 8 | trajectory 1753 of circuit 1 -- done
rank 1 | trajectory 934 of circuit 3 -- done
rank 23 | trajectory 1883 of circuit 1 -- done
rank 17 | trajectory 3140 of circuit 3 -- done
rank 11 | trajectory 3796 of circuit 3 -- done
rank 5 | trajectory 2161 of circuit 1 -- done
rank 21 | trajectory 3216 of circuit 2 -- done
rank 19 | trajectory 782 of circuit 1 -- done
rank 2 | trajectory 3135 of circuit 2 -- done
rank 20 | trajectory 3032 of circuit 2 -- done
rank 9 | trajectory 1504 of circuit 3 -- done
rank 18 | trajectory 2490 of circuit 1 -- done
rank 22 | trajectory 1316 of circuit 2 -- done
rank 23 | trajectory 2317 of circuit 1 -- done
rank 20 | trajectory 3132 of circuit 2 -- done
rank 15 | trajectory 339 of circuit 1 -- done
rank 7 | trajectory 1228 of circuit 2 -- done
rank 14 | trajectory 2222 of circuit 1 -- done
rank 11 | trajectory 1729 of circuit 2 -- done
rank 7 | trajectory 1078 of circuit 3 -- done
rank 14 | trajectory 589 of circuit 1 -- done
rank 20 | trajectory 1166 of circuit 2 -- done
rank 14 | trajectory 3280 of circuit 2 -- done
rank 1 | trajectory 201 of circuit 2 -- done
rank 24 | trajectory 1209 of circuit 2 -- done
rank 12 | trajectory 3363 of circuit 3 -- done
rank 23 | trajectory 3650 of circuit 2 -- done
rank 9 | trajectory 1729 of circuit 3 -- done
rank 9 | trajectory 2495 of circuit 2 -- done
rank 2 | trajectory 3476 of circuit 1 -- done
rank 4 | trajectory 1685 of circuit 3 -- done
rank 20 | trajectory 2032 of circuit 2 -- done
rank 6 | trajectory 128 of circuit 3 -- done
rank 5 | trajectory 3302 of circuit 1 -- done
rank 23 | trajectory 2975 of circuit 3 -- done
rank 24 | trajectory 3500 of circuit 3 -- done
rank 10 | trajectory 2137 of circuit 1 -- done
rank 4 | trajectory 2852 of circuit 3 -- done
rank 16 | trajectory 2248 of circuit 3 -- done
rank 16 | trajectory 2006 of circuit 1 -- done
rank 3 | trajectory 3285 of circuit 2 -- done
rank 18 | trajectory 440 of circuit 1 -- done
rank 16 | trajectory 3189 of circuit 2 -- done
rank 11 | trajectory 3713 of circuit 3 -- done
rank 2 | trajectory 3793 of circuit 3 -- done
rank 20 | trajectory 1766 of circuit 1 -- done
rank 21 | trajectory 2799 of circuit 1 -- done
rank 15 | trajectory 906 of circuit 3 -- done
rank 12 | trajectory 2646 of circuit 2 -- done
rank 5 | trajectory 1969 of circuit 1 -- done
rank 4 | trajectory 1485 of circuit 1 -- done
rank 17 | trajectory 1973 of circuit 2 -- done
rank 10 | trajectory 404 of circuit 3 -- done
rank 21 | trajectory 1291 of circuit 2 -- done
rank 9 | trajectory 779 of circuit 3 -- done
rank 10 | trajectory 2937 of circuit 1 -- done
rank 4 | trajectory 810 of circuit 3 -- done
rank 14 | trajectory 2864 of circuit 3 -- done
rank 20 | trajectory 1082 of circuit 1 -- done
rank 1 | trajectory 1176 of circuit 2 -- done
rank 3 | trajectory 2427 of circuit 2 -- done
rank 13 | trajectory 2347 of circuit 3 -- done
rank 18 | trajectory 2990 of circuit 1 -- done
rank 3 | trajectory 3093 of circuit 1 -- done
rank 7 | trajectory 3428 of circuit 3 -- done
rank 9 | trajectory 3162 of circuit 1 -- done
rank 21 | trajectory 2408 of circuit 3 -- done
rank 16 | trajectory 14 of circuit 2 -- done
rank 21 | trajectory 3041 of circuit 2 -- done
rank 1 | trajectory 3326 of circuit 2 -- done
rank 24 | trajectory 1142 of circuit 3 -- done
rank 2 | trajectory 3360 of circuit 2 -- done
rank 5 | trajectory 2644 of circuit 1 -- done
rank 4 | trajectory 3777 of circuit 3 -- done
rank 18 | trajectory 1040 of circuit 2 -- done
rank 12 | trajectory 1938 of circuit 1 -- done
rank 2 | trajectory 1360 of circuit 2 -- done
rank 8 | trajectory 1662 of circuit 1 -- done
rank 15 | trajectory 756 of circuit 2 -- done
rank 9 | trajectory 3462 of circuit 1 -- done
rank 5 | trajectory 3486 of circuit 3 -- done
rank 14 | trajectory 230 of circuit 2 -- done
rank 3 | trajectory 427 of circuit 3 -- done
rank 22 | trajectory 2466 of circuit 1 -- done
rank 16 | trajectory 1606 of circuit 2 -- done
rank 17 | trajectory 1640 of circuit 3 -- done
rank 15 | trajectory 3539 of circuit 3 -- done
rank 13 | trajectory 2222 of circuit 3 -- done
rank 5 | trajectory 127 of circuit 2 -- done
rank 22 | trajectory 3550 of circuit 1 -- done
rank 6 | trajectory 1986 of circuit 1 -- done
rank 6 | trajectory 3394 of circuit 1 -- done
rank 14 | trajectory 2014 of circuit 1 -- done
rank 21 | trajectory 3383 of circuit 1 -- done
rank 23 | trajectory 642 of circuit 3 -- done
rank 17 | trajectory 2040 of circuit 2 -- done
rank 19 | trajectory 3282 of circuit 3 -- done
rank 7 | trajectory 2661 of circuit 2 -- done
rank 2 | trajectory 3576 of circuit 3 -- done
rank 23 | trajectory 3617 of circuit 1 -- done
rank 17 | trajectory 3165 of circuit 2 -- done
rank 18 | trajectory 407 of circuit 3 -- done
rank 19 | trajectory 2482 of circuit 3 -- done
rank 22 | trajectory 733 of circuit 2 -- done
rank 21 | trajectory 1408 of circuit 2 -- done
rank 7 | trajectory 2036 of circuit 3 -- done
rank 18 | trajectory 3765 of circuit 1 -- done
rank 21 | trajectory 2616 of circuit 3 -- done
rank 8 | trajectory 28 of circuit 3 -- done
rank 21 | trajectory 2458 of circuit 2 -- done
rank 0 | trajectory 3059 of circuit 2 -- done
rank 15 | trajectory 3372 of circuit 3 -- done
rank 16 | trajectory 914 of circuit 1 -- done
rank 2 | trajectory 2543 of circuit 3 -- done
rank 17 | trajectory 2706 of circuit 2 -- done
rank 20 | trajectory 841 of circuit 2 -- done
rank 8 | trajectory 1903 of circuit 1 -- done
rank 10 | trajectory 1087 of circuit 2 -- done
rank 11 | trajectory 1488 of circuit 1 -- done
rank 24 | trajectory 1442 of circuit 2 -- done
rank 7 | trajectory 1903 of circuit 2 -- done
rank 6 | trajectory 1578 of circuit 3 -- done
rank 11 | trajectory 1438 of circuit 2 -- done
rank 16 | trajectory 2614 of circuit 2 -- done
rank 16 | trajectory 481 of circuit 3 -- done
rank 13 | trajectory 3155 of circuit 1 -- done
rank 4 | trajectory 2285 of circuit 2 -- done
rank 6 | trajectory 2753 of circuit 2 -- done
rank 11 | trajectory 404 of circuit 2 -- done
rank 11 | trajectory 3279 of circuit 1 -- done
rank 11 | trajectory 3263 of circuit 3 -- done
rank 6 | trajectory 2786 of circuit 2 -- done
rank 18 | trajectory 3515 of circuit 2 -- done
rank 3 | trajectory 135 of circuit 2 -- done
rank 8 | trajectory 878 of circuit 3 -- done
rank 1 | trajectory 2626 of circuit 3 -- done
rank 16 | trajectory 1006 of circuit 1 -- done
rank 7 | trajectory 2803 of circuit 1 -- done
rank 11 | trajectory 1838 of circuit 1 -- done
rank 4 | trajectory 860 of circuit 2 -- done
rank 13 | trajectory 2888 of circuit 2 -- done
rank 13 | trajectory 3322 of circuit 1 -- done
rank 23 | trajectory 1417 of circuit 1 -- done
rank 7 | trajectory 1961 of circuit 3 -- done
rank 24 | trajectory 3050 of circuit 1 -- done
rank 2 | trajectory 760 of circuit 2 -- done
rank 9 | trajectory 2387 of circuit 2 -- done
rank 8 | trajectory 3420 of circuit 3 -- done
rank 4 | trajectory 335 of circuit 3 -- done
rank 24 | trajectory 2267 of circuit 1 -- done
rank 22 | trajectory 416 of circuit 3 -- done
rank 13 | trajectory 630 of circuit 3 -- done
rank 14 | trajectory 2247 of circuit 2 -- done
rank 0 | trajectory 1626 of circuit 3 -- done
rank 11 | trajectory 113 of circuit 1 -- done
rank 6 | trajectory 3328 of circuit 1 -- done
rank 9 | trajectory 3745 of circuit 3 -- done
rank 6 | trajectory 2153 of circuit 2 -- done
rank 2 | trajectory 2510 of circuit 3 -- done
rank 5 | trajectory 2311 of circuit 2 -- done
rank 24 | trajectory 2942 of circuit 3 -- done
rank 6 | trajectory 1253 of circuit 2 -- done
rank 18 | trajectory 657 of circuit 3 -- done
rank 24 | trajectory 1509 of circuit 1 -- done
rank 22 | trajectory 3475 of circuit 2 -- done
rank 15 | trajectory 364 of circuit 1 -- done
rank 22 | trajectory 2633 of circuit 1 -- done
rank 3 | trajectory 10 of circuit 2 -- done
rank 24 | trajectory 3100 of circuit 1 -- done
rank 15 | trajectory 2197 of circuit 3 -- done
rank 17 | trajectory 481 of circuit 2 -- done
rank 24 | trajectory 3550 of circuit 3 -- done
rank 5 | trajectory 1402 of circuit 3 -- done
rank 3 | trajectory 2502 of circuit 3 -- done
rank 10 | trajectory 1654 of circuit 3 -- done
rank 4 | trajectory 2260 of circuit 2 -- done
rank 4 | trajectory 1660 of circuit 2 -- done
rank 5 | trajectory 836 of circuit 2 -- done
rank 20 | trajectory 441 of circuit 2 -- done
rank 4 | trajectory 3244 of circuit 2 -- done
rank 10 | trajectory 2737 of circuit 2 -- done
rank 19 | trajectory 3424 of circuit 1 -- done
rank 6 | trajectory 3536 of circuit 1 -- done
rank 7 | trajectory 2353 of circuit 1 -- done
rank 4 | trajectory 1335 of circuit 2 -- done
rank 16 | trajectory 2981 of circuit 2 -- done
rank 6 | trajectory 2553 of circuit 1 -- done
rank 15 | trajectory 1131 of circuit 3 -- done
rank 8 | trajectory 2045 of circuit 2 -- done
rank 13 | trajectory 2280 of circuit 2 -- done
rank 16 | trajectory 2814 of circuit 2 -- done
rank 4 | trajectory 3410 of circuit 3 -- done
rank 13 | trajectory 55 of circuit 3 -- done
rank 10 | trajectory 2679 of circuit 3 -- done
rank 21 | trajectory 3408 of circuit 2 -- done
rank 7 | trajectory 1136 of circuit 3 -- done
rank 13 | trajectory 3172 of circuit 3 -- done
rank 4 | trajectory 160 of circuit 2 -- done
rank 5 | trajectory 1686 of circuit 3 -- done
rank 23 | trajectory 1458 of circuit 1 -- done
rank 1 | trajectory 2576 of circuit 2 -- done
rank 24 | trajectory 2175 of circuit 2 -- done
rank 14 | trajectory 714 of circuit 2 -- done
rank 1 | trajectory 2451 of circuit 2 -- done
rank 14 | trajectory 3647 of circuit 1 -- done
rank 9 | trajectory 3445 of circuit 3 -- done
rank 23 | trajectory 983 of circuit 3 -- done
rank 8 | trajectory 3712 of circuit 3 -- done
rank 20 | trajectory 2899 of circuit 2 -- done
rank 11 | trajectory 3479 of circuit 2 -- done
rank 10 | trajectory 3179 of circuit 3 -- done
rank 1 | trajectory 1359 of circuit 1 -- done
rank 21 | trajectory 3391 of circuit 2 -- done
rank 11 | trajectory 3371 of circuit 2 -- done
rank 15 | trajectory 3156 of circuit 2 -- done
rank 22 | trajectory 1866 of circuit 2 -- done
rank 14 | trajectory 3097 of circuit 2 -- done
rank 21 | trajectory 2741 of circuit 2 -- done
rank 4 | trajectory 1635 of circuit 2 -- done
rank 11 | trajectory 1313 of circuit 1 -- done
rank 11 | trajectory 2579 of circuit 3 -- done
rank 15 | trajectory 2631 of circuit 2 -- done
rank 15 | trajectory 781 of circuit 3 -- done
rank 7 | trajectory 11 of circuit 1 -- done
rank 4 | trajectory 2694 of circuit 3 -- done
rank 19 | trajectory 2249 of circuit 2 -- done
rank 20 | trajectory 3299 of circuit 3 -- done
rank 16 | trajectory 3156 of circuit 3 -- done
rank 1 | trajectory 3293 of circuit 2 -- done
rank 21 | trajectory 2166 of circuit 3 -- done
rank 2 | trajectory 1460 of circuit 1 -- done
rank 20 | trajectory 2766 of circuit 3 -- done
rank 11 | trajectory 1104 of circuit 3 -- done
rank 11 | trajectory 1679 of circuit 2 -- done
rank 20 | trajectory 2416 of circuit 3 -- done
rank 20 | trajectory 357 of circuit 3 -- done
rank 0 | trajectory 76 of circuit 1 -- done
rank 7 | trajectory 3028 of circuit 1 -- done
rank 20 | trajectory 2349 of circuit 3 -- done
rank 4 | trajectory 685 of circuit 3 -- done
rank 22 | trajectory 2266 of circuit 1 -- done
rank 18 | trajectory 3540 of circuit 3 -- done
rank 12 | trajectory 3496 of circuit 1 -- done
rank 5 | trajectory 2852 of circuit 1 -- done
rank 23 | trajectory 2742 of circuit 2 -- done
rank 15 | trajectory 3347 of circuit 2 -- done
rank 17 | trajectory 3431 of circuit 2 -- done
rank 0 | trajectory 1334 of circuit 2 -- done
rank 20 | trajectory 2532 of circuit 1 -- done
rank 24 | trajectory 3767 of circuit 2 -- done
rank 20 | trajectory 3616 of circuit 1 -- done
rank 19 | trajectory 3357 of circuit 1 -- done
rank 19 | trajectory 965 of circuit 3 -- done
rank 24 | trajectory 1967 of circuit 2 -- done
rank 0 | trajectory 3426 of circuit 2 -- done
rank 5 | trajectory 1136 of circuit 1 -- done
rank 4 | trajectory 502 of circuit 2 -- done
rank 7 | trajectory 3545 of circuit 3 -- done
rank 13 | trajectory 580 of circuit 1 -- done
rank 15 | trajectory 2381 of circuit 2 -- done
rank 8 | trajectory 3003 of circuit 2 -- done
rank 16 | trajectory 39 of circuit 3 -- done
rank 24 | trajectory 17 of circuit 1 -- done
rank 6 | trajectory 2728 of circuit 3 -- done
rank 22 | trajectory 466 of circuit 3 -- done
rank 15 | trajectory 3739 of circuit 1 -- done
rank 19 | trajectory 1907 of circuit 3 -- done
rank 22 | trajectory 2366 of circuit 2 -- done
rank 3 | trajectory 152 of circuit 3 -- done
rank 5 | trajectory 1011 of circuit 2 -- done
rank 3 | trajectory 2677 of circuit 3 -- done
rank 3 | trajectory 860 of circuit 1 -- done
rank 14 | trajectory 1255 of circuit 1 -- done
rank 14 | trajectory 1855 of circuit 3 -- done
rank 16 | trajectory 3356 of circuit 3 -- done
rank 20 | trajectory 2182 of circuit 3 -- done
rank 3 | trajectory 2043 of circuit 3 -- done
rank 19 | trajectory 540 of circuit 1 -- done
rank 24 | trajectory 3267 of circuit 3 -- done
rank 5 | trajectory 2802 of circuit 1 -- done
rank 0 | trajectory 3742 of circuit 2 -- done
rank 7 | trajectory 3328 of circuit 3 -- done
rank 4 | trajectory 2685 of circuit 1 -- done
rank 24 | trajectory 3575 of circuit 1 -- done
rank 21 | trajectory 3499 of circuit 2 -- done
rank 24 | trajectory 509 of circuit 1 -- done
rank 9 | trajectory 2054 of circuit 1 -- done
rank 16 | trajectory 3298 of circuit 1 -- done
rank 21 | trajectory 2533 of circuit 1 -- done
rank 13 | trajectory 2613 of circuit 2 -- done
rank 18 | trajectory 957 of circuit 3 -- done
rank 5 | trajectory 1227 of circuit 2 -- done
rank 7 | trajectory 428 of circuit 2 -- done
rank 23 | trajectory 2392 of circuit 2 -- done
rank 21 | trajectory 2124 of circuit 3 -- done
rank 23 | trajectory 2492 of circuit 2 -- done
rank 11 | trajectory 3646 of circuit 1 -- done
rank 2 | trajectory 2343 of circuit 2 -- done
rank 3 | trajectory 2160 of circuit 1 -- done
rank 1 | trajectory 859 of circuit 1 -- done
rank 6 | trajectory 961 of circuit 1 -- done
rank 19 | trajectory 2190 of circuit 2 -- done
rank 21 | trajectory 1766 of circuit 3 -- done
rank 11 | trajectory 979 of circuit 2 -- done
rank 5 | trajectory 702 of circuit 1 -- done
rank 17 | trajectory 2748 of circuit 2 -- done
rank 16 | trajectory 1114 of circuit 1 -- done
rank 15 | trajectory 2922 of circuit 2 -- done
rank 22 | trajectory 1291 of circuit 3 -- done
rank 9 | trajectory 2129 of circuit 3 -- done
rank 23 | trajectory 333 of circuit 3 -- done
rank 10 | trajectory 2946 of circuit 3 -- done
rank 10 | trajectory 2296 of circuit 3 -- done
rank 3 | trajectory 2868 of circuit 1 -- done
rank 12 | trajectory 1180 of circuit 1 -- done
rank 16 | trajectory 1739 of circuit 2 -- done
rank 12 | trajectory 1405 of circuit 3 -- done
rank 12 | trajectory 1055 of circuit 1 -- done
rank 0 | trajectory 3792 of circuit 3 -- done
rank 11 | trajectory 2263 of circuit 3 -- done
rank 24 | trajectory 3342 of circuit 1 -- done
rank 8 | trajectory 3778 of circuit 3 -- done
rank 1 | trajectory 1609 of circuit 3 -- done
rank 21 | trajectory 541 of circuit 2 -- done
rank 21 | trajectory 1216 of circuit 3 -- done
rank 23 | trajectory 1133 of circuit 2 -- done
rank 11 | trajectory 2463 of circuit 2 -- done
rank 14 | trajectory 455 of circuit 2 -- done
rank 5 | trajectory 2336 of circuit 1 -- done
rank 12 | trajectory 2271 of circuit 1 -- done
rank 22 | trajectory 2550 of circuit 1 -- done
rank 8 | trajectory 3545 of circuit 1 -- done
rank 21 | trajectory 2958 of circuit 3 -- done
rank 10 | trajectory 2629 of circuit 2 -- done
rank 11 | trajectory 1354 of circuit 3 -- done
rank 17 | trajectory 2173 of circuit 2 -- done
rank 21 | trajectory 1949 of circuit 1 -- done
rank 4 | trajectory 2569 of circuit 2 -- done
rank 20 | trajectory 3582 of circuit 2 -- done
rank 14 | trajectory 1530 of circuit 3 -- done
rank 23 | trajectory 2883 of circuit 2 -- done
rank 0 | trajectory 1926 of circuit 2 -- done
rank 0 | trajectory 284 of circuit 1 -- done
rank 7 | trajectory 2495 of circuit 3 -- done
rank 16 | trajectory 2598 of circuit 2 -- done
rank 8 | trajectory 3328 of circuit 2 -- done
rank 5 | trajectory 3169 of circuit 2 -- done
rank 20 | trajectory 932 of circuit 1 -- done
rank 11 | trajectory 1979 of circuit 2 -- done
rank 7 | trajectory 2078 of circuit 3 -- done
rank 18 | trajectory 3415 of circuit 2 -- done
rank 0 | trajectory 2509 of circuit 3 -- done
rank 4 | trajectory 1560 of circuit 1 -- done
rank 6 | trajectory 178 of circuit 3 -- done
rank 1 | trajectory 3484 of circuit 1 -- done
rank 7 | trajectory 3003 of circuit 1 -- done
rank 23 | trajectory 2450 of circuit 1 -- done
rank 10 | trajectory 3129 of circuit 3 -- done
rank 21 | trajectory 758 of circuit 3 -- done
rank 22 | trajectory 3633 of circuit 1 -- done
rank 4 | trajectory 1877 of circuit 3 -- done
rank 14 | trajectory 2747 of circuit 3 -- done
rank 19 | trajectory 2790 of circuit 2 -- done
rank 11 | trajectory 938 of circuit 2 -- done
rank 5 | trajectory 2502 of circuit 1 -- done
rank 1 | trajectory 3651 of circuit 2 -- done
rank 12 | trajectory 2330 of circuit 1 -- done
rank 24 | trajectory 117 of circuit 1 -- done
rank 18 | trajectory 890 of circuit 2 -- done
rank 2 | trajectory 1135 of circuit 1 -- done
rank 21 | trajectory 2299 of circuit 1 -- done
rank 12 | trajectory 2071 of circuit 2 -- done
rank 12 | trajectory 1263 of circuit 3 -- done
rank 9 | trajectory 2345 of circuit 1 -- done
rank 8 | trajectory 3537 of circuit 1 -- done
rank 14 | trajectory 2064 of circuit 3 -- done
rank 8 | trajectory 1437 of circuit 1 -- done
rank 20 | trajectory 557 of circuit 2 -- done
rank 6 | trajectory 2661 of circuit 3 -- done
rank 17 | trajectory 2490 of circuit 2 -- done
rank 22 | trajectory 3816 of circuit 2 -- done
rank 4 | trajectory 760 of circuit 1 -- done
rank 1 | trajectory 2201 of circuit 2 -- done
rank 1 | trajectory 3534 of circuit 1 -- done
rank 12 | trajectory 2171 of circuit 2 -- done
rank 1 | trajectory 2276 of circuit 1 -- done
rank 4 | trajectory 952 of circuit 3 -- done
rank 4 | trajectory 1735 of circuit 3 -- done
rank 9 | trajectory 504 of circuit 3 -- done
rank 14 | trajectory 2430 of circuit 3 -- done
rank 15 | trajectory 3572 of circuit 1 -- done
rank 5 | trajectory 3552 of circuit 1 -- done
rank 15 | trajectory 3439 of circuit 2 -- done
rank 20 | trajectory 3191 of circuit 1 -- done
rank 18 | trajectory 2790 of circuit 1 -- done
rank 20 | trajectory 3216 of circuit 1 -- done
rank 4 | trajectory 3002 of circuit 2 -- done
rank 3 | trajectory 577 of circuit 1 -- done
rank 16 | trajectory 323 of circuit 1 -- done
rank 21 | trajectory 3558 of circuit 3 -- done
rank 9 | trajectory 879 of circuit 2 -- done
rank 18 | trajectory 1457 of circuit 2 -- done
rank 24 | trajectory 3059 of circuit 3 -- done
rank 14 | trajectory 2555 of circuit 1 -- done
rank 24 | trajectory 3734 of circuit 1 -- done
rank 15 | trajectory 2997 of circuit 2 -- done
rank 21 | trajectory 733 of circuit 3 -- done
rank 17 | trajectory 2498 of circuit 1 -- done
rank 20 | trajectory 3666 of circuit 1 -- done
rank 24 | trajectory 3625 of circuit 3 -- done
rank 21 | trajectory 241 of circuit 2 -- done
rank 14 | trajectory 3730 of circuit 1 -- done
rank 1 | trajectory 2368 of circuit 1 -- done
rank 14 | trajectory 2447 of circuit 2 -- done
rank 21 | trajectory 2474 of circuit 1 -- done
rank 6 | trajectory 1994 of circuit 2 -- done
rank 14 | trajectory 1105 of circuit 3 -- done
rank 20 | trajectory 3174 of circuit 2 -- done
rank 18 | trajectory 3398 of circuit 3 -- done
rank 7 | trajectory 3220 of circuit 3 -- done
rank 14 | trajectory 2647 of circuit 3 -- done
rank 12 | trajectory 1038 of circuit 2 -- done
rank 12 | trajectory 1688 of circuit 1 -- done
rank 13 | trajectory 530 of circuit 1 -- done
rank 17 | trajectory 2256 of circuit 3 -- done
rank 15 | trajectory 2239 of circuit 3 -- done
rank 7 | trajectory 3161 of circuit 2 -- done
rank 3 | trajectory 2877 of circuit 2 -- done
rank 13 | trajectory 1730 of circuit 3 -- done
rank 20 | trajectory 232 of circuit 1 -- done
rank 15 | trajectory 1989 of circuit 3 -- done
rank 18 | trajectory 757 of circuit 3 -- done
rank 24 | trajectory 2984 of circuit 1 -- done
rank 17 | trajectory 3765 of circuit 3 -- done
rank 18 | trajectory 3565 of circuit 3 -- done
rank 20 | trajectory 2157 of circuit 2 -- done
rank 2 | trajectory 2651 of circuit 3 -- done
rank 1 | trajectory 193 of circuit 2 -- done
rank 4 | trajectory 1044 of circuit 2 -- done
rank 2 | trajectory 476 of circuit 2 -- done
rank 6 | trajectory 3686 of circuit 1 -- done
rank 15 | trajectory 3239 of circuit 3 -- done
rank 24 | trajectory 1117 of circuit 1 -- done
rank 3 | trajectory 1827 of circuit 2 -- done
rank 4 | trajectory 2835 of circuit 3 -- done
rank 17 | trajectory 190 of circuit 2 -- done
rank 19 | trajectory 907 of circuit 2 -- done
rank 24 | trajectory 234 of circuit 2 -- done
rank 4 | trajectory 3694 of circuit 1 -- done
rank 14 | trajectory 1330 of circuit 2 -- done
rank 24 | trajectory 367 of circuit 1 -- done
rank 3 | trajectory 3135 of circuit 1 -- done
rank 14 | trajectory 205 of circuit 1 -- done
rank 22 | trajectory 1666 of circuit 3 -- done
rank 24 | trajectory 3650 of circuit 3 -- done
rank 16 | trajectory 2448 of circuit 2 -- done
rank 1 | trajectory 2926 of circuit 2 -- done
rank 8 | trajectory 287 of circuit 2 -- done
rank 11 | trajectory 2113 of circuit 2 -- done
rank 20 | trajectory 3307 of circuit 2 -- done
rank 20 | trajectory 2399 of circuit 1 -- done
rank 9 | trajectory 3612 of circuit 3 -- done
rank 6 | trajectory 2578 of circuit 1 -- done
rank 24 | trajectory 284 of circuit 3 -- done
rank 12 | trajectory 3055 of circuit 1 -- done
rank 15 | trajectory 2497 of circuit 2 -- done
rank 18 | trajectory 1282 of circuit 3 -- done
rank 7 | trajectory 2845 of circuit 2 -- done
rank 1 | trajectory 709 of circuit 2 -- done
rank 5 | trajectory 1211 of circuit 3 -- done
rank 24 | trajectory 1034 of circuit 1 -- done
rank 2 | trajectory 1701 of circuit 2 -- done
rank 4 | trajectory 2669 of circuit 1 -- done
rank 9 | trajectory 2062 of circuit 3 -- done
rank 22 | trajectory 2300 of circuit 2 -- done
rank 11 | trajectory 1604 of circuit 3 -- done
rank 15 | trajectory 2856 of circuit 2 -- done
rank 8 | trajectory 528 of circuit 1 -- done
rank 21 | trajectory 1083 of circuit 2 -- done
rank 18 | trajectory 3332 of circuit 3 -- done
rank 18 | trajectory 2965 of circuit 3 -- done
rank 1 | trajectory 2426 of circuit 1 -- done
rank 5 | trajectory 3236 of circuit 1 -- done
rank 21 | trajectory 866 of circuit 3 -- done
rank 20 | trajectory 1057 of circuit 2 -- done
rank 1 | trajectory 3243 of circuit 3 -- done
rank 8 | trajectory 3753 of circuit 3 -- done
rank 8 | trajectory 2312 of circuit 1 -- done
rank 14 | trajectory 2847 of circuit 2 -- done
rank 24 | trajectory 417 of circuit 2 -- done
rank 11 | trajectory 3529 of circuit 2 -- done
rank 12 | trajectory 730 of circuit 2 -- done
rank 16 | trajectory 714 of circuit 3 -- done
rank 4 | trajectory 785 of circuit 2 -- done
rank 12 | trajectory 763 of circuit 2 -- done
rank 12 | trajectory 2905 of circuit 2 -- done
rank 2 | trajectory 501 of circuit 1 -- done
rank 23 | trajectory 2325 of circuit 2 -- done
rank 3 | trajectory 1260 of circuit 1 -- done
rank 21 | trajectory 458 of circuit 3 -- done
rank 12 | trajectory 3696 of circuit 1 -- done
rank 19 | trajectory 2274 of circuit 1 -- done
rank 15 | trajectory 1756 of circuit 2 -- done
rank 22 | trajectory 1358 of circuit 1 -- done
rank 14 | trajectory 2780 of circuit 2 -- done
rank 7 | trajectory 3153 of circuit 1 -- done
rank 24 | trajectory 1950 of circuit 3 -- done
rank 1 | trajectory 2718 of circuit 2 -- done
rank 5 | trajectory 1736 of circuit 1 -- done
rank 24 | trajectory 2717 of circuit 1 -- done
rank 5 | trajectory 1102 of circuit 3 -- done
rank 20 | trajectory 3766 of circuit 1 -- done
rank 18 | trajectory 1615 of circuit 3 -- done
rank 23 | trajectory 1517 of circuit 2 -- done
rank 20 | trajectory 1499 of circuit 2 -- done
rank 13 | trajectory 188 of circuit 2 -- done
rank 14 | trajectory 3564 of circuit 3 -- done
rank 22 | trajectory 216 of circuit 3 -- done
rank 11 | trajectory 3146 of circuit 3 -- done
rank 22 | trajectory 1533 of circuit 3 -- done
rank 2 | trajectory 1001 of circuit 1 -- done
rank 14 | trajectory 1680 of circuit 3 -- done
rank 10 | trajectory 962 of circuit 3 -- done
rank 16 | trajectory 3706 of circuit 2 -- done
rank 13 | trajectory 3705 of circuit 2 -- done
rank 2 | trajectory 1426 of circuit 3 -- done
rank 13 | trajectory 1438 of circuit 3 -- done
rank 19 | trajectory 1190 of circuit 1 -- done
rank 10 | trajectory 879 of circuit 3 -- done
rank 3 | trajectory 52 of circuit 2 -- done
rank 7 | trajectory 636 of circuit 1 -- done
rank 11 | trajectory 1754 of circuit 3 -- done
rank 21 | trajectory 3516 of circuit 1 -- done
rank 21 | trajectory 1841 of circuit 2 -- done
rank 12 | trajectory 2246 of circuit 2 -- done
rank 0 | trajectory 2884 of circuit 2 -- done
rank 11 | trajectory 2438 of circuit 1 -- done
rank 21 | trajectory 1983 of circuit 1 -- done
rank 13 | trajectory 3213 of circuit 1 -- done
rank 0 | trajectory 3567 of circuit 1 -- done
rank 6 | trajectory 1153 of circuit 3 -- done
rank 10 | trajectory 1579 of circuit 3 -- done
rank 0 | trajectory 3584 of circuit 2 -- done
rank 22 | trajectory 3400 of circuit 2 -- done
rank 21 | trajectory 3183 of circuit 3 -- done
rank 24 | trajectory 992 of circuit 1 -- done
rank 20 | trajectory 3366 of circuit 1 -- done
rank 0 | trajectory 26 of circuit 1 -- done
rank 5 | trajectory 2286 of circuit 1 -- done
rank 20 | trajectory 3349 of circuit 3 -- done
rank 22 | trajectory 2183 of circuit 2 -- done
rank 6 | trajectory 2261 of circuit 3 -- done
rank 14 | trajectory 3822 of circuit 2 -- done
rank 7 | trajectory 3653 of circuit 2 -- done
rank 12 | trajectory 355 of circuit 2 -- done
rank 20 | trajectory 399 of circuit 3 -- done
rank 18 | trajectory 82 of circuit 2 -- done
rank 6 | trajectory 3619 of circuit 1 -- done
rank 1 | trajectory 3518 of circuit 1 -- done
rank 4 | trajectory 2344 of circuit 3 -- done
rank 5 | trajectory 961 of circuit 3 -- done
rank 21 | trajectory 2633 of circuit 2 -- done
rank 23 | trajectory 308 of circuit 3 -- done
rank 16 | trajectory 3423 of circuit 2 -- done
rank 10 | trajectory 2429 of circuit 3 -- done
rank 17 | trajectory 1590 of circuit 2 -- done
rank 14 | trajectory 3130 of circuit 3 -- done
rank 5 | trajectory 2694 of circuit 2 -- done
rank 22 | trajectory 2816 of circuit 2 -- done
rank 1 | trajectory 1034 of circuit 3 -- done
rank 8 | trajectory 3520 of circuit 3 -- done
rank 12 | trajectory 3488 of circuit 1 -- done
rank 23 | trajectory 1942 of circuit 3 -- done
rank 2 | trajectory 3285 of circuit 1 -- done
rank 4 | trajectory 1310 of circuit 2 -- done
rank 21 | trajectory 1591 of circuit 3 -- done
rank 23 | trajectory 3050 of circuit 3 -- done
rank 18 | trajectory 3448 of circuit 2 -- done
rank 22 | trajectory 83 of circuit 3 -- done
rank 2 | trajectory 2843 of circuit 2 -- done
rank 8 | trajectory 2170 of circuit 1 -- done
rank 2 | trajectory 1210 of circuit 2 -- done
rank 20 | trajectory 3141 of circuit 1 -- done
rank 5 | trajectory 3327 of circuit 2 -- done
rank 18 | trajectory 3665 of circuit 1 -- done
rank 18 | trajectory 115 of circuit 3 -- done
rank 4 | trajectory 2210 of circuit 1 -- done
rank 21 | trajectory 3333 of circuit 3 -- done
rank 16 | trajectory 3231 of circuit 3 -- done
rank 9 | trajectory 3495 of circuit 3 -- done
rank 4 | trajectory 2735 of circuit 3 -- done
rank 20 | trajectory 1541 of circuit 2 -- done
rank 16 | trajectory 3223 of circuit 2 -- done
rank 6 | trajectory 1178 of circuit 3 -- done
rank 8 | trajectory 3820 of circuit 1 -- done
rank 24 | trajectory 2000 of circuit 3 -- done
rank 12 | trajectory 3755 of circuit 1 -- done
rank 1 | trajectory 1751 of circuit 3 -- done
rank 24 | trajectory 567 of circuit 2 -- done
rank 4 | trajectory 3094 of circuit 1 -- done
rank 0 | trajectory 576 of circuit 3 -- done
rank 3 | trajectory 960 of circuit 2 -- done
rank 12 | trajectory 3563 of circuit 3 -- done
rank 1 | trajectory 1909 of circuit 3 -- done
rank 2 | trajectory 526 of circuit 3 -- done
rank 20 | trajectory 1141 of circuit 3 -- done
rank 12 | trajectory 2430 of circuit 1 -- done
rank 17 | trajectory 2898 of circuit 3 -- done
rank 6 | trajectory 2186 of circuit 3 -- done
rank 16 | trajectory 3314 of circuit 3 -- done
rank 16 | trajectory 3089 of circuit 1 -- done
rank 15 | trajectory 2614 of circuit 1 -- done
rank 12 | trajectory 1388 of circuit 1 -- done
rank 2 | trajectory 3468 of circuit 2 -- done
rank 6 | trajectory 1061 of circuit 1 -- done
rank 16 | trajectory 3839 of circuit 2 -- done
rank 7 | trajectory 2928 of circuit 2 -- done
rank 15 | trajectory 1481 of circuit 3 -- done
rank 13 | trajectory 205 of circuit 2 -- done
rank 5 | trajectory 2744 of circuit 3 -- done
rank 16 | trajectory 581 of circuit 3 -- done
rank 18 | trajectory 3440 of circuit 1 -- done
rank 17 | trajectory 3190 of circuit 3 -- done
rank 4 | trajectory 2935 of circuit 3 -- done
rank 16 | trajectory 2223 of circuit 2 -- done
rank 16 | trajectory 2589 of circuit 3 -- done
rank 0 | trajectory 3376 of circuit 2 -- done
rank 10 | trajectory 1529 of circuit 3 -- done
rank 6 | trajectory 2478 of circuit 3 -- done
rank 22 | trajectory 1216 of circuit 2 -- done
rank 14 | trajectory 289 of circuit 1 -- done
rank 16 | trajectory 3473 of circuit 1 -- done
rank 16 | trajectory 3456 of circuit 2 -- done
rank 1 | trajectory 2818 of circuit 1 -- done
rank 22 | trajectory 358 of circuit 2 -- done
rank 16 | trajectory 3539 of circuit 1 -- done
rank 1 | trajectory 2301 of circuit 1 -- done
rank 9 | trajectory 2904 of circuit 2 -- done
rank 15 | trajectory 2647 of circuit 2 -- done
rank 7 | trajectory 1253 of circuit 3 -- done
rank 24 | trajectory 2484 of circuit 3 -- done
rank 17 | trajectory 790 of circuit 1 -- done
rank 12 | trajectory 1663 of circuit 2 -- done
rank 10 | trajectory 3829 of circuit 3 -- done
rank 9 | trajectory 3229 of circuit 3 -- done
rank 17 | trajectory 3790 of circuit 2 -- done
rank 15 | trajectory 1731 of circuit 3 -- done
rank 7 | trajectory 3278 of circuit 3 -- done
rank 12 | trajectory 905 of circuit 2 -- done
rank 19 | trajectory 90 of circuit 2 -- done
rank 14 | trajectory 1805 of circuit 1 -- done
rank 8 | trajectory 2270 of circuit 3 -- done
rank 18 | trajectory 2873 of circuit 1 -- done
rank 12 | trajectory 1838 of circuit 2 -- done
rank 14 | trajectory 1630 of circuit 3 -- done
rank 3 | trajectory 3368 of circuit 3 -- done
rank 20 | trajectory 2057 of circuit 3 -- done
rank 1 | trajectory 1576 of circuit 2 -- done
rank 24 | trajectory 867 of circuit 3 -- done
rank 13 | trajectory 288 of circuit 2 -- done
rank 22 | trajectory 2391 of circuit 3 -- done
rank 1 | trajectory 1459 of circuit 1 -- done
rank 16 | trajectory 689 of circuit 3 -- done
rank 14 | trajectory 1305 of circuit 1 -- done
rank 19 | trajectory 3440 of circuit 3 -- done
rank 19 | trajectory 1832 of circuit 2 -- done
rank 10 | trajectory 2362 of circuit 1 -- done
rank 7 | trajectory 486 of circuit 3 -- done
rank 14 | trajectory 2839 of circuit 2 -- done
rank 4 | trajectory 135 of circuit 1 -- done
rank 6 | trajectory 3811 of circuit 3 -- done
rank 5 | trajectory 3136 of circuit 1 -- done
rank 0 | trajectory 309 of circuit 1 -- done
rank 4 | trajectory 3627 of circuit 2 -- done
rank 14 | trajectory 3214 of circuit 2 -- done
rank 23 | trajectory 2850 of circuit 1 -- done
rank 22 | trajectory 2700 of circuit 1 -- done
rank 22 | trajectory 616 of circuit 1 -- done
rank 19 | trajectory 2240 of circuit 2 -- done
rank 17 | trajectory 1915 of circuit 3 -- done
rank 1 | trajectory 3226 of circuit 3 -- done
rank 16 | trajectory 1564 of circuit 1 -- done
rank 20 | trajectory 3424 of circuit 2 -- done
rank 2 | trajectory 3326 of circuit 3 -- done
rank 24 | trajectory 2300 of circuit 3 -- done
rank 20 | trajectory 2357 of circuit 3 -- done
rank 23 | trajectory 767 of circuit 3 -- done
rank 1 | trajectory 3268 of circuit 3 -- done
rank 21 | trajectory 141 of circuit 1 -- done
rank 18 | trajectory 2515 of circuit 3 -- done
rank 21 | trajectory 2183 of circuit 1 -- done
rank 22 | trajectory 2116 of circuit 1 -- done
rank 4 | trajectory 477 of circuit 1 -- done
rank 20 | trajectory 1932 of circuit 1 -- done
rank 0 | trajectory 3276 of circuit 2 -- done
rank 14 | trajectory 2080 of circuit 3 -- done
rank 12 | trajectory 1530 of circuit 2 -- done
rank 22 | trajectory 3758 of circuit 3 -- done
rank 7 | trajectory 3128 of circuit 1 -- done
rank 14 | trajectory 2314 of circuit 2 -- done
rank 13 | trajectory 2155 of circuit 3 -- done
rank 21 | trajectory 2066 of circuit 2 -- done
rank 7 | trajectory 1761 of circuit 1 -- done
rank 16 | trajectory 2081 of circuit 2 -- done
rank 12 | trajectory 38 of circuit 3 -- done
rank 6 | trajectory 1353 of circuit 2 -- done
rank 22 | trajectory 3000 of circuit 1 -- done
rank 6 | trajectory 2386 of circuit 1 -- done
rank 22 | trajectory 566 of circuit 2 -- done
rank 13 | trajectory 780 of circuit 3 -- done
rank 7 | trajectory 3303 of circuit 1 -- done
rank 20 | trajectory 1041 of circuit 2 -- done
rank 4 | trajectory 3019 of circuit 2 -- done
rank 1 | trajectory 3718 of circuit 3 -- done
rank 12 | trajectory 3313 of circuit 2 -- done
rank 22 | trajectory 2525 of circuit 2 -- done
rank 19 | trajectory 1265 of circuit 1 -- done
rank 10 | trajectory 2146 of circuit 3 -- done
rank 1 | trajectory 2759 of circuit 1 -- done
rank 19 | trajectory 1215 of circuit 1 -- done
rank 18 | trajectory 3232 of circuit 1 -- done
rank 12 | trajectory 2180 of circuit 2 -- done
rank 19 | trajectory 3274 of circuit 1 -- done
rank 23 | trajectory 3367 of circuit 3 -- done
rank 20 | trajectory 2841 of circuit 2 -- done
rank 17 | trajectory 1515 of circuit 3 -- done
rank 18 | trajectory 1765 of circuit 1 -- done
rank 9 | trajectory 3104 of circuit 1 -- done
rank 22 | trajectory 1016 of circuit 3 -- done
rank 22 | trajectory 2783 of circuit 2 -- done
rank 13 | trajectory 838 of circuit 2 -- done
rank 2 | trajectory 2368 of circuit 2 -- done
rank 6 | trajectory 853 of circuit 3 -- done
rank 24 | trajectory 1317 of circuit 1 -- done
rank 18 | trajectory 1690 of circuit 1 -- done
rank 6 | trajectory 3769 of circuit 3 -- done
rank 19 | trajectory 3082 of circuit 2 -- done
rank 8 | trajectory 2737 of circuit 3 -- done
rank 16 | trajectory 3056 of circuit 1 -- done
rank 15 | trajectory 3622 of circuit 3 -- done
rank 13 | trajectory 1972 of circuit 1 -- done
rank 17 | trajectory 2406 of circuit 2 -- done
rank 21 | trajectory 1366 of circuit 2 -- done
rank 12 | trajectory 1730 of circuit 2 -- done
rank 4 | trajectory 2419 of circuit 2 -- done
rank 12 | trajectory 2421 of circuit 1 -- done
rank 9 | trajectory 1229 of circuit 3 -- done
rank 15 | trajectory 1014 of circuit 2 -- done
rank 13 | trajectory 3005 of circuit 1 -- done
rank 2 | trajectory 3760 of circuit 3 -- done
rank 14 | trajectory 330 of circuit 1 -- done
rank 4 | trajectory 660 of circuit 2 -- done
rank 4 | trajectory 2985 of circuit 3 -- done
rank 20 | trajectory 416 of circuit 2 -- done
rank 15 | trajectory 1256 of circuit 2 -- done
rank 6 | trajectory 436 of circuit 2 -- done
rank 24 | trajectory 3167 of circuit 1 -- done
rank 12 | trajectory 405 of circuit 1 -- done
rank 2 | trajectory 3685 of circuit 1 -- done
rank 5 | trajectory 1427 of circuit 2 -- done
rank 5 | trajectory 2877 of circuit 3 -- done
rank 0 | trajectory 1234 of circuit 3 -- done
rank 4 | trajectory 3685 of circuit 3 -- done
rank 2 | trajectory 2185 of circuit 1 -- done
rank 12 | trajectory 1863 of circuit 1 -- done
rank 16 | trajectory 256 of circuit 3 -- done
rank 12 | trajectory 2630 of circuit 1 -- done
rank 4 | trajectory 1285 of circuit 1 -- done
rank 16 | trajectory 2764 of circuit 2 -- done
rank 14 | trajectory 1430 of circuit 2 -- done
rank 1 | trajectory 2009 of circuit 3 -- done
rank 19 | trajectory 1307 of circuit 2 -- done
rank 12 | trajectory 1805 of circuit 2 -- done
rank 11 | trajectory 2729 of circuit 3 -- done
rank 1 | trajectory 3634 of circuit 2 -- done
rank 13 | trajectory 3672 of circuit 2 -- done
rank 20 | trajectory 2832 of circuit 3 -- done
rank 18 | trajectory 2382 of circuit 2 -- done
rank 21 | trajectory 366 of circuit 2 -- done
rank 18 | trajectory 1732 of circuit 2 -- done
rank 17 | trajectory 3481 of circuit 3 -- done
rank 17 | trajectory 2640 of circuit 2 -- done
rank 19 | trajectory 2174 of circuit 3 -- done
rank 23 | trajectory 3767 of circuit 3 -- done
rank 14 | trajectory 505 of circuit 2 -- done
rank 13 | trajectory 1105 of circuit 1 -- done
rank 21 | trajectory 2758 of circuit 3 -- done
rank 18 | trajectory 7 of circuit 3 -- done
rank 8 | trajectory 1562 of circuit 1 -- done
rank 1 | trajectory 1976 of circuit 2 -- done
rank 19 | trajectory 1865 of circuit 2 -- done
rank 4 | trajectory 460 of circuit 3 -- done
rank 13 | trajectory 2455 of circuit 1 -- done
rank 19 | trajectory 3165 of circuit 3 -- done
rank 23 | trajectory 1492 of circuit 1 -- done
rank 1 | trajectory 1384 of circuit 1 -- done
rank 0 | trajectory 2609 of circuit 3 -- done
rank 21 | trajectory 983 of circuit 2 -- done
rank 9 | trajectory 1679 of circuit 3 -- done
rank 22 | trajectory 1691 of circuit 2 -- done
rank 24 | trajectory 2967 of circuit 2 -- done
rank 4 | trajectory 1452 of circuit 1 -- done
rank 20 | trajectory 3482 of circuit 1 -- done
rank 0 | trajectory 2659 of circuit 2 -- done
rank 10 | trajectory 2404 of circuit 1 -- done
rank 6 | trajectory 3019 of circuit 1 -- done
rank 3 | trajectory 2668 of circuit 1 -- done
rank 9 | trajectory 3595 of circuit 3 -- done
rank 18 | trajectory 315 of circuit 1 -- done
rank 8 | trajectory 1178 of circuit 2 -- done
rank 8 | trajectory 2028 of circuit 3 -- done
rank 12 | trajectory 3038 of circuit 3 -- done
rank 7 | trajectory 2453 of circuit 1 -- done
rank 20 | trajectory 107 of circuit 3 -- done
rank 4 | trajectory 1577 of circuit 2 -- done
rank 8 | trajectory 662 of circuit 1 -- done
rank 9 | trajectory 2945 of circuit 2 -- done
rank 22 | trajectory 2941 of circuit 3 -- done
rank 22 | trajectory 2150 of circuit 3 -- done
rank 24 | trajectory 1717 of circuit 2 -- done
rank 16 | trajectory 1989 of circuit 1 -- done
rank 14 | trajectory 380 of circuit 3 -- done
rank 18 | trajectory 2823 of circuit 1 -- done
rank 18 | trajectory 2057 of circuit 1 -- done
rank 3 | trajectory 2035 of circuit 1 -- done
rank 0 | trajectory 3034 of circuit 2 -- done
rank 2 | trajectory 1776 of circuit 2 -- done
rank 0 | trajectory 2317 of circuit 2 -- done
rank 8 | trajectory 1153 of circuit 2 -- done
rank 24 | trajectory 2584 of circuit 2 -- done
rank 12 | trajectory 88 of circuit 1 -- done
rank 19 | trajectory 40 of circuit 1 -- done
rank 22 | trajectory 3733 of circuit 1 -- done
rank 4 | trajectory 3169 of circuit 3 -- done
rank 7 | trajectory 286 of circuit 1 -- done
rank 4 | trajectory 3302 of circuit 3 -- done
rank 11 | trajectory 2013 of circuit 3 -- done
rank 17 | trajectory 3590 of circuit 1 -- done
rank 15 | trajectory 3056 of circuit 2 -- done
rank 1 | trajectory 59 of circuit 1 -- done
rank 4 | trajectory 1219 of circuit 1 -- done
rank 13 | trajectory 3755 of circuit 2 -- done
rank 15 | trajectory 1214 of circuit 1 -- done
rank 4 | trajectory 1985 of circuit 1 -- done
rank 21 | trajectory 666 of circuit 3 -- done
rank 17 | trajectory 2915 of circuit 3 -- done
rank 8 | trajectory 1137 of circuit 1 -- done
rank 15 | trajectory 239 of circuit 2 -- done
rank 0 | trajectory 3492 of circuit 2 -- done
rank 1 | trajectory 2518 of circuit 1 -- done
rank 21 | trajectory 2908 of circuit 1 -- done
rank 0 | trajectory 1109 of circuit 1 -- done
rank 13 | trajectory 1713 of circuit 2 -- done
rank 8 | trajectory 2187 of circuit 1 -- done
rank 0 | trajectory 1859 of circuit 1 -- done
rank 18 | trajectory 3623 of circuit 1 -- done
rank 14 | trajectory 680 of circuit 2 -- done
rank 13 | trajectory 1813 of circuit 2 -- done
rank 15 | trajectory 2706 of circuit 1 -- done
rank 5 | trajectory 2536 of circuit 2 -- done
rank 16 | trajectory 1948 of circuit 3 -- done
rank 23 | trajectory 808 of circuit 3 -- done
rank 18 | trajectory 1557 of circuit 3 -- done
rank 12 | trajectory 3771 of circuit 3 -- done
rank 2 | trajectory 3193 of circuit 2 -- done
rank 3 | trajectory 2393 of circuit 1 -- done
rank 0 | trajectory 2584 of circuit 3 -- done
rank 12 | trajectory 3596 of circuit 2 -- done
rank 12 | trajectory 2471 of circuit 3 -- done
rank 10 | trajectory 837 of circuit 2 -- done
rank 22 | trajectory 533 of circuit 2 -- done
rank 11 | trajectory 1004 of circuit 2 -- done
rank 18 | trajectory 1807 of circuit 2 -- done
rank 21 | trajectory 2358 of circuit 2 -- done
rank 19 | trajectory 2457 of circuit 1 -- done
rank 19 | trajectory 815 of circuit 1 -- done
rank 3 | trajectory 3835 of circuit 1 -- done
rank 17 | trajectory 1665 of circuit 1 -- done
rank 10 | trajectory 3754 of circuit 2 -- done
rank 3 | trajectory 3710 of circuit 1 -- done
rank 6 | trajectory 2361 of circuit 3 -- done
rank 0 | trajectory 401 of circuit 3 -- done
rank 11 | trajectory 2363 of circuit 2 -- done
rank 2 | trajectory 1651 of circuit 2 -- done
rank 22 | trajectory 2975 of circuit 2 -- done
rank 13 | trajectory 2305 of circuit 1 -- done
rank 20 | trajectory 3832 of circuit 2 -- done
rank 7 | trajectory 803 of circuit 3 -- done
rank 1 | trajectory 2268 of circuit 3 -- done
rank 5 | trajectory 3527 of circuit 1 -- done
rank 18 | trajectory 2332 of circuit 2 -- done
rank 23 | trajectory 542 of circuit 2 -- done
rank 21 | trajectory 558 of circuit 2 -- done
rank 22 | trajectory 641 of circuit 3 -- done
rank 23 | trajectory 708 of circuit 3 -- done
rank 9 | trajectory 1612 of circuit 1 -- done
rank 1 | trajectory 1309 of circuit 1 -- done
rank 2 | trajectory 2485 of circuit 2 -- done
rank 8 | trajectory 3053 of circuit 1 -- done
rank 11 | trajectory 1238 of circuit 1 -- done
rank 5 | trajectory 102 of circuit 2 -- done
rank 8 | trajectory 3353 of circuit 1 -- done
rank 7 | trajectory 786 of circuit 1 -- done
rank 17 | trajectory 3406 of circuit 2 -- done
rank 21 | trajectory 3316 of circuit 3 -- done
rank 24 | trajectory 3334 of circuit 3 -- done
rank 7 | trajectory 3686 of circuit 2 -- done
rank 3 | trajectory 1860 of circuit 1 -- done
rank 6 | trajectory 2878 of circuit 3 -- done
rank 24 | trajectory 3250 of circuit 3 -- done
rank 13 | trajectory 2963 of circuit 1 -- done
rank 10 | trajectory 3212 of circuit 2 -- done
rank 19 | trajectory 1515 of circuit 1 -- done
rank 11 | trajectory 2413 of circuit 2 -- done
rank 2 | trajectory 51 of circuit 3 -- done
rank 8 | trajectory 3828 of circuit 2 -- done
rank 15 | trajectory 3306 of circuit 2 -- done
rank 3 | trajectory 1210 of circuit 1 -- done
rank 9 | trajectory 812 of circuit 1 -- done
rank 15 | trajectory 3464 of circuit 2 -- done
rank 10 | trajectory 2879 of circuit 3 -- done
rank 14 | trajectory 2614 of circuit 3 -- done
rank 2 | trajectory 3176 of circuit 1 -- done
rank 2 | trajectory 2135 of circuit 1 -- done
rank 24 | trajectory 3009 of circuit 1 -- done
rank 2 | trajectory 3668 of circuit 1 -- done
rank 23 | trajectory 1967 of circuit 1 -- done
rank 3 | trajectory 3568 of circuit 2 -- done
rank 9 | trajectory 1179 of circuit 3 -- done
rank 8 | trajectory 2720 of circuit 3 -- done
rank 22 | trajectory 1241 of circuit 1 -- done
rank 21 | trajectory 1641 of circuit 3 -- done
rank 1 | trajectory 3393 of circuit 1 -- done
rank 19 | trajectory 3132 of circuit 3 -- done
rank 9 | trajectory 2154 of circuit 1 -- done
rank 6 | trajectory 1386 of circuit 2 -- done
rank 1 | trajectory 1101 of circuit 2 -- done
rank 24 | trajectory 3717 of circuit 2 -- done
rank 24 | trajectory 442 of circuit 2 -- done
rank 1 | trajectory 1634 of circuit 1 -- done
rank 11 | trajectory 3054 of circuit 2 -- done
rank 23 | trajectory 2208 of circuit 3 -- done
rank 5 | trajectory 502 of circuit 3 -- done
rank 1 | trajectory 1859 of circuit 2 -- done
rank 19 | trajectory 2124 of circuit 1 -- done
rank 7 | trajectory 3736 of circuit 3 -- done
rank 23 | trajectory 3475 of circuit 1 -- done
rank 4 | trajectory 2444 of circuit 1 -- done
rank 22 | trajectory 2058 of circuit 2 -- done
rank 20 | trajectory 7 of circuit 1 -- done
rank 17 | trajectory 840 of circuit 3 -- done
rank 20 | trajectory 499 of circuit 3 -- done
rank 20 | trajectory 2382 of circuit 3 -- done
rank 1 | trajectory 434 of circuit 1 -- done
rank 5 | trajectory 2069 of circuit 1 -- done
rank 22 | trajectory 108 of circuit 3 -- done
rank 17 | trajectory 3256 of circuit 1 -- done
rank 13 | trajectory 1905 of circuit 1 -- done
rank 10 | trajectory 1237 of circuit 2 -- done
rank 5 | trajectory 2994 of circuit 3 -- done
rank 17 | trajectory 3548 of circuit 3 -- done
rank 19 | trajectory 590 of circuit 3 -- done
rank 5 | trajectory 3069 of circuit 1 -- done
rank 14 | trajectory 2114 of circuit 3 -- done
rank 23 | trajectory 8 of circuit 3 -- done
rank 12 | trajectory 3455 of circuit 2 -- done
rank 4 | trajectory 185 of circuit 2 -- done
rank 22 | trajectory 883 of circuit 1 -- done
rank 24 | trajectory 3800 of circuit 3 -- done
rank 18 | trajectory 265 of circuit 1 -- done
rank 8 | trajectory 2770 of circuit 2 -- done
rank 12 | trajectory 2488 of circuit 3 -- done
rank 14 | trajectory 955 of circuit 3 -- done
rank 16 | trajectory 1031 of circuit 3 -- done
rank 5 | trajectory 3569 of circuit 2 -- done
rank 10 | trajectory 2287 of circuit 1 -- done
rank 9 | trajectory 12 of circuit 2 -- done
rank 7 | trajectory 3253 of circuit 2 -- done
rank 19 | trajectory 2715 of circuit 2 -- done
rank 18 | trajectory 2190 of circuit 1 -- done
rank 1 | trajectory 2234 of circuit 3 -- done
rank 6 | trajectory 3203 of circuit 1 -- done
rank 24 | trajectory 2550 of circuit 3 -- done
rank 17 | trajectory 2273 of circuit 1 -- done
rank 8 | trajectory 837 of circuit 3 -- done
rank 2 | trajectory 3118 of circuit 2 -- done
rank 19 | trajectory 2507 of circuit 1 -- done
rank 21 | trajectory 2724 of circuit 2 -- done
rank 13 | trajectory 3080 of circuit 3 -- done
rank 7 | trajectory 403 of circuit 3 -- done
rank 6 | trajectory 603 of circuit 2 -- done
rank 21 | trajectory 1958 of circuit 2 -- done
rank 20 | trajectory 2266 of circuit 2 -- done
rank 20 | trajectory 3049 of circuit 3 -- done
rank 14 | trajectory 80 of circuit 3 -- done
rank 15 | trajectory 3089 of circuit 2 -- done
rank 12 | trajectory 3430 of circuit 2 -- done
rank 2 | trajectory 3435 of circuit 1 -- done
rank 17 | trajectory 740 of circuit 2 -- done
rank 1 | trajectory 2751 of circuit 1 -- done
rank 13 | trajectory 3588 of circuit 2 -- done
rank 5 | trajectory 1186 of circuit 3 -- done
rank 12 | trajectory 238 of circuit 1 -- done
rank 23 | trajectory 1367 of circuit 2 -- done
rank 2 | trajectory 276 of circuit 3 -- done
rank 7 | trajectory 3786 of circuit 1 -- done
rank 12 | trajectory 480 of circuit 3 -- done
rank 15 | trajectory 414 of circuit 1 -- done
rank 19 | trajectory 2982 of circuit 1 -- done
rank 8 | trajectory 3578 of circuit 3 -- done
rank 24 | trajectory 1617 of circuit 1 -- done
rank 1 | trajectory 809 of circuit 2 -- done
rank 22 | trajectory 316 of circuit 3 -- done
rank 15 | trajectory 3281 of circuit 3 -- done
rank 16 | trajectory 3273 of circuit 2 -- done
rank 20 | trajectory 2724 of circuit 3 -- done
rank 22 | trajectory 3600 of circuit 3 -- done
rank 17 | trajectory 2648 of circuit 3 -- done
rank 23 | trajectory 1542 of circuit 1 -- done
rank 9 | trajectory 1704 of circuit 3 -- done
rank 15 | trajectory 1639 of circuit 2 -- done
rank 18 | trajectory 3157 of circuit 2 -- done
rank 12 | trajectory 263 of circuit 2 -- done
rank 10 | trajectory 2221 of circuit 2 -- done
rank 21 | trajectory 791 of circuit 2 -- done
rank 11 | trajectory 3138 of circuit 3 -- done
rank 4 | trajectory 985 of circuit 1 -- done
rank 5 | trajectory 1861 of circuit 2 -- done
rank 21 | trajectory 3091 of circuit 2 -- done
rank 19 | trajectory 2382 of circuit 1 -- done
rank 19 | trajectory 2849 of circuit 3 -- done
rank 15 | trajectory 114 of circuit 1 -- done
rank 6 | trajectory 2969 of circuit 1 -- done
rank 24 | trajectory 2134 of circuit 2 -- done
rank 21 | trajectory 33 of circuit 1 -- done
rank 10 | trajectory 662 of circuit 2 -- done
rank 23 | trajectory 3467 of circuit 2 -- done
rank 2 | trajectory 3718 of circuit 1 -- done
rank 18 | trajectory 1640 of circuit 1 -- done
rank 12 | trajectory 1338 of circuit 3 -- done
rank 6 | trajectory 3353 of circuit 3 -- done
rank 15 | trajectory 2406 of circuit 3 -- done
rank 14 | trajectory 3472 of circuit 3 -- done
rank 19 | trajectory 565 of circuit 2 -- done
rank 7 | trajectory 2286 of circuit 3 -- done
rank 19 | trajectory 2940 of circuit 2 -- done
rank 20 | trajectory 316 of circuit 1 -- done
rank 22 | trajectory 1266 of circuit 3 -- done
rank 16 | trajectory 2956 of circuit 3 -- done
rank 15 | trajectory 306 of circuit 2 -- done
rank 7 | trajectory 1336 of circuit 1 -- done
rank 16 | trajectory 1673 of circuit 1 -- done
rank 8 | trajectory 2953 of circuit 3 -- done
rank 23 | trajectory 367 of circuit 3 -- done
rank 13 | trajectory 2672 of circuit 3 -- done
rank 22 | trajectory 3641 of circuit 1 -- done
rank 24 | trajectory 892 of circuit 2 -- done
rank 4 | trajectory 3027 of circuit 3 -- done
rank 10 | trajectory 2854 of circuit 1 -- done
rank 15 | trajectory 2689 of circuit 3 -- done
rank 18 | trajectory 1915 of circuit 2 -- done
rank 7 | trajectory 3620 of circuit 2 -- done
rank 16 | trajectory 1789 of circuit 3 -- done
rank 9 | trajectory 3570 of circuit 2 -- done
rank 15 | trajectory 464 of circuit 3 -- done
rank 12 | trajectory 2830 of circuit 3 -- done
rank 23 | trajectory 92 of circuit 1 -- done
rank 2 | trajectory 2710 of circuit 3 -- done
rank 10 | trajectory 3046 of circuit 2 -- done
rank 16 | trajectory 1214 of circuit 2 -- done
rank 21 | trajectory 3483 of circuit 1 -- done
rank 7 | trajectory 536 of circuit 1 -- done
rank 12 | trajectory 2505 of circuit 2 -- done
rank 0 | trajectory 1084 of circuit 3 -- done
rank 21 | trajectory 108 of circuit 2 -- done
rank 5 | trajectory 1486 of circuit 1 -- done
rank 4 | trajectory 1810 of circuit 1 -- done
rank 21 | trajectory 1741 of circuit 1 -- done
rank 16 | trajectory 2356 of circuit 1 -- done
rank 2 | trajectory 1735 of circuit 1 -- done
rank 20 | trajectory 157 of circuit 1 -- done
rank 13 | trajectory 3830 of circuit 1 -- done
rank 22 | trajectory 2333 of circuit 2 -- done
rank 16 | trajectory 2273 of circuit 3 -- done
rank 1 | trajectory 2068 of circuit 3 -- done
rank 10 | trajectory 3121 of circuit 2 -- done
rank 20 | trajectory 299 of circuit 2 -- done
rank 20 | trajectory 1974 of circuit 1 -- done
rank 20 | trajectory 541 of circuit 1 -- done
rank 6 | trajectory 2636 of circuit 2 -- done
rank 20 | trajectory 3074 of circuit 2 -- done
rank 20 | trajectory 3407 of circuit 3 -- done
rank 4 | trajectory 3219 of circuit 1 -- done
rank 3 | trajectory 2468 of circuit 1 -- done
rank 14 | trajectory 1555 of circuit 2 -- done
rank 24 | trajectory 1334 of circuit 3 -- done
rank 7 | trajectory 3795 of circuit 3 -- done
rank 21 | trajectory 3149 of circuit 2 -- done
rank 5 | trajectory 3836 of circuit 3 -- done
rank 14 | trajectory 3305 of circuit 1 -- done
rank 15 | trajectory 439 of circuit 3 -- done
rank 13 | trajectory 2563 of circuit 2 -- done
rank 19 | trajectory 3107 of circuit 2 -- done
rank 20 | trajectory 2232 of circuit 2 -- done
rank 24 | trajectory 967 of circuit 2 -- done
rank 11 | trajectory 688 of circuit 1 -- done
rank 2 | trajectory 3293 of circuit 1 -- done
rank 13 | trajectory 1488 of circuit 2 -- done
rank 23 | trajectory 2125 of circuit 2 -- done
rank 2 | trajectory 3501 of circuit 1 -- done
rank 16 | trajectory 3064 of circuit 1 -- done
rank 2 | trajectory 160 of circuit 1 -- done
rank 21 | trajectory 1541 of circuit 3 -- done
rank 22 | trajectory 2233 of circuit 1 -- done
rank 4 | trajectory 1244 of circuit 2 -- done
rank 1 | trajectory 1284 of circuit 2 -- done
rank 11 | trajectory 1663 of circuit 1 -- done
rank 24 | trajectory 492 of circuit 3 -- done
rank 24 | trajectory 3209 of circuit 1 -- done
rank 22 | trajectory 816 of circuit 1 -- done
rank 19 | trajectory 2640 of circuit 1 -- done
rank 7 | trajectory 653 of circuit 2 -- done
rank 8 | trajectory 1853 of circuit 3 -- done
rank 23 | trajectory 3133 of circuit 3 -- done
rank 0 | trajectory 2234 of circuit 1 -- done
rank 22 | trajectory 1775 of circuit 2 -- done
rank 21 | trajectory 1066 of circuit 2 -- done
rank 3 | trajectory 3035 of circuit 3 -- done
rank 14 | trajectory 2964 of circuit 2 -- done
rank 15 | trajectory 1514 of circuit 2 -- done
rank 24 | trajectory 1384 of circuit 3 -- done
rank 12 | trajectory 3330 of circuit 2 -- done
rank 21 | trajectory 2041 of circuit 2 -- done
rank 14 | trajectory 2164 of circuit 2 -- done
rank 24 | trajectory 2675 of circuit 2 -- done
rank 24 | trajectory 3150 of circuit 1 -- done
rank 5 | trajectory 336 of circuit 1 -- done
rank 9 | trajectory 3387 of circuit 1 -- done
rank 11 | trajectory 2504 of circuit 2 -- done
rank 7 | trajectory 928 of circuit 3 -- done
rank 4 | trajectory 535 of circuit 2 -- done
rank 22 | trajectory 3441 of circuit 3 -- done
rank 21 | trajectory 2566 of circuit 1 -- done
rank 19 | trajectory 240 of circuit 3 -- done
rank 7 | trajectory 3753 of circuit 1 -- done
rank 16 | trajectory 3339 of circuit 1 -- done
rank 19 | trajectory 182 of circuit 3 -- done
rank 22 | trajectory 3416 of circuit 3 -- done
rank 24 | trajectory 667 of circuit 1 -- done
rank 19 | trajectory 1790 of circuit 2 -- done
rank 7 | trajectory 1053 of circuit 3 -- done
rank 8 | trajectory 2503 of circuit 2 -- done
rank 12 | trajectory 3830 of circuit 3 -- done
rank 13 | trajectory 2005 of circuit 2 -- done
rank 20 | trajectory 2691 of circuit 1 -- done
rank 23 | trajectory 2100 of circuit 1 -- done
rank 22 | trajectory 3658 of circuit 1 -- done
rank 7 | trajectory 2528 of circuit 3 -- done
rank 20 | trajectory 774 of circuit 3 -- done
rank 11 | trajectory 2613 of circuit 3 -- done
rank 8 | trajectory 2912 of circuit 2 -- done
rank 4 | trajectory 3569 of circuit 3 -- done
rank 11 | trajectory 2521 of circuit 1 -- done
rank 0 | trajectory 2284 of circuit 2 -- done
rank 22 | trajectory 2925 of circuit 1 -- done
rank 24 | trajectory 2159 of circuit 1 -- done
rank 20 | trajectory 966 of circuit 3 -- done
rank 12 | trajectory 455 of circuit 1 -- done
rank 6 | trajectory 2819 of circuit 3 -- done
rank 2 | trajectory 3626 of circuit 3 -- done
rank 16 | trajectory 2806 of circuit 2 -- done
rank 4 | trajectory 2969 of circuit 2 -- done
rank 13 | trajectory 3505 of circuit 1 -- done
rank 15 | trajectory 214 of circuit 2 -- done
rank 14 | trajectory 30 of circuit 3 -- done
rank 1 | trajectory 1476 of circuit 1 -- done
rank 13 | trajectory 513 of circuit 1 -- done
rank 12 | trajectory 1463 of circuit 1 -- done
rank 20 | trajectory 507 of circuit 2 -- done
rank 3 | trajectory 3193 of circuit 1 -- done
rank 14 | trajectory 2397 of circuit 3 -- done
rank 21 | trajectory 3283 of circuit 3 -- done
rank 23 | trajectory 917 of circuit 1 -- done
rank 24 | trajectory 2442 of circuit 3 -- done
rank 5 | trajectory 3602 of circuit 2 -- done
rank 3 | trajectory 2360 of circuit 2 -- done
rank 5 | trajectory 2202 of circuit 3 -- done
rank 18 | trajectory 3382 of circuit 2 -- done
rank 16 | trajectory 981 of circuit 3 -- done
rank 7 | trajectory 3120 of circuit 3 -- done
rank 21 | trajectory 2141 of circuit 3 -- done
rank 15 | trajectory 3039 of circuit 2 -- done
rank 5 | trajectory 3519 of circuit 1 -- done
rank 8 | trajectory 2078 of circuit 2 -- done
rank 16 | trajectory 3756 of circuit 2 -- done
rank 8 | trajectory 3770 of circuit 1 -- done
rank 8 | trajectory 3087 of circuit 1 -- done
rank 1 | trajectory 3601 of circuit 1 -- done
rank 1 | trajectory 1834 of circuit 3 -- done
rank 17 | trajectory 3815 of circuit 1 -- done
rank 23 | trajectory 2075 of circuit 1 -- done
rank 7 | trajectory 2003 of circuit 2 -- done
rank 6 | trajectory 3319 of circuit 3 -- done
rank 22 | trajectory 3583 of circuit 2 -- done
rank 15 | trajectory 2822 of circuit 1 -- done
rank 20 | trajectory 3491 of circuit 2 -- done
rank 15 | trajectory 881 of circuit 1 -- done
rank 10 | trajectory 1737 of circuit 2 -- done
rank 1 | trajectory 2951 of circuit 2 -- done
rank 12 | trajectory 438 of circuit 1 -- done
rank 7 | trajectory 1186 of circuit 2 -- done
rank 19 | trajectory 3482 of circuit 3 -- done
rank 10 | trajectory 187 of circuit 2 -- done
rank 7 | trajectory 1636 of circuit 1 -- done
rank 11 | trajectory 1913 of circuit 1 -- done
rank 11 | trajectory 454 of circuit 2 -- done
rank 3 | trajectory 1385 of circuit 1 -- done
rank 17 | trajectory 2431 of circuit 2 -- done
rank 4 | trajectory 1402 of circuit 2 -- done
rank 18 | trajectory 3373 of circuit 1 -- done
rank 0 | trajectory 2751 of circuit 2 -- done
rank 4 | trajectory 1860 of circuit 3 -- done
rank 5 | trajectory 2002 of circuit 1 -- done
rank 13 | trajectory 2338 of circuit 3 -- done
rank 5 | trajectory 3361 of circuit 3 -- done
rank 8 | trajectory 2237 of circuit 2 -- done
rank 8 | trajectory 1412 of circuit 3 -- done
rank 8 | trajectory 2245 of circuit 2 -- done
rank 6 | trajectory 1628 of circuit 3 -- done
rank 18 | trajectory 2123 of circuit 1 -- done
rank 22 | trajectory 2000 of circuit 2 -- done
rank 11 | trajectory 1188 of circuit 1 -- done
rank 4 | trajectory 2244 of circuit 3 -- done
rank 5 | trajectory 3611 of circuit 3 -- done
rank 7 | trajectory 3661 of circuit 3 -- done
rank 6 | trajectory 3003 of circuit 3 -- done
rank 4 | trajectory 719 of circuit 1 -- done
rank 23 | trajectory 2367 of circuit 2 -- done
rank 14 | trajectory 930 of circuit 1 -- done
rank 7 | trajectory 1003 of circuit 2 -- done
rank 19 | trajectory 415 of circuit 1 -- done
rank 24 | trajectory 92 of circuit 2 -- done
rank 2 | trajectory 2885 of circuit 3 -- done
rank 15 | trajectory 1347 of circuit 1 -- done
rank 15 | trajectory 3164 of circuit 3 -- done
rank 12 | trajectory 1905 of circuit 2 -- done
rank 1 | trajectory 3784 of circuit 3 -- done
rank 17 | trajectory 2690 of circuit 3 -- done
rank 17 | trajectory 3840 of circuit 1 -- done
rank 4 | trajectory 1610 of circuit 2 -- done
rank 19 | trajectory 2132 of circuit 3 -- done
rank 5 | trajectory 3502 of circuit 1 -- done
rank 3 | trajectory 1985 of circuit 2 -- done
rank 24 | trajectory 2025 of circuit 1 -- done
rank 16 | trajectory 2973 of circuit 2 -- done
rank 9 | trajectory 2604 of circuit 2 -- done
rank 13 | trajectory 3455 of circuit 3 -- done
rank 20 | trajectory 3016 of circuit 3 -- done
rank 11 | trajectory 913 of circuit 2 -- done
rank 7 | trajectory 328 of circuit 2 -- done
rank 19 | trajectory 1999 of circuit 1 -- done
rank 10 | trajectory 2554 of circuit 2 -- done
rank 14 | trajectory 2330 of circuit 3 -- done
rank 15 | trajectory 3322 of circuit 3 -- done
rank 15 | trajectory 489 of circuit 2 -- done
rank 22 | trajectory 966 of circuit 2 -- done
rank 24 | trajectory 2934 of circuit 2 -- done
rank 18 | trajectory 3740 of circuit 2 -- done
rank 24 | trajectory 42 of circuit 2 -- done
rank 19 | trajectory 2665 of circuit 3 -- done
rank 8 | trajectory 612 of circuit 1 -- done
rank 19 | trajectory 740 of circuit 1 -- done
rank 19 | trajectory 1465 of circuit 3 -- done
rank 14 | trajectory 3839 of circuit 1 -- done
rank 6 | trajectory 2953 of circuit 2 -- done
rank 5 | trajectory 536 of circuit 2 -- done
rank 4 | trajectory 3752 of circuit 1 -- done
rank 15 | trajectory 2331 of circuit 3 -- done
rank 20 | trajectory 874 of circuit 3 -- done
rank 20 | trajectory 824 of circuit 3 -- done
rank 16 | trajectory 2656 of circuit 3 -- done
rank 15 | trajectory 989 of circuit 3 -- done
rank 19 | trajectory 2399 of circuit 2 -- done
rank 15 | trajectory 2564 of circuit 2 -- done
rank 5 | trajectory 3577 of circuit 3 -- done
rank 24 | trajectory 2850 of circuit 3 -- done
rank 12 | trajectory 2596 of circuit 2 -- done
rank 23 | trajectory 1342 of circuit 3 -- done
rank 20 | trajectory 3232 of circuit 2 -- done
rank 20 | trajectory 1216 of circuit 1 -- done
rank 24 | trajectory 2017 of circuit 1 -- done
rank 2 | trajectory 2985 of circuit 2 -- done
rank 13 | trajectory 2138 of circuit 2 -- done
rank 7 | trajectory 3386 of circuit 3 -- done
rank 1 | trajectory 1051 of circuit 3 -- done
rank 23 | trajectory 3017 of circuit 2 -- done
rank 4 | trajectory 2185 of circuit 3 -- done
rank 0 | trajectory 3451 of circuit 2 -- done
rank 21 | trajectory 2233 of circuit 2 -- done
rank 11 | trajectory 1538 of circuit 3 -- done
rank 4 | trajectory 735 of circuit 3 -- done
rank 15 | trajectory 2481 of circuit 2 -- done
rank 14 | trajectory 989 of circuit 1 -- done
rank 2 | trajectory 1185 of circuit 2 -- done
rank 7 | trajectory 1986 of circuit 3 -- done
rank 15 | trajectory 1114 of circuit 3 -- done
rank 21 | trajectory 2333 of circuit 1 -- done
rank 24 | trajectory 2409 of circuit 3 -- done
rank 4 | trajectory 2760 of circuit 3 -- done
rank 9 | trajectory 2095 of circuit 3 -- done
rank 19 | trajectory 3590 of circuit 2 -- done
rank 8 | trajectory 2670 of circuit 1 -- done
rank 1 | trajectory 984 of circuit 1 -- done
rank 24 | trajectory 2767 of circuit 2 -- done
rank 1 | trajectory 459 of circuit 2 -- done
rank 21 | trajectory 2349 of circuit 1 -- done
rank 14 | trajectory 630 of circuit 1 -- done
rank 23 | trajectory 3700 of circuit 2 -- done
rank 15 | trajectory 939 of circuit 1 -- done
rank 21 | trajectory 2449 of circuit 1 -- done
rank 1 | trajectory 1934 of circuit 1 -- done
rank 13 | trajectory 1888 of circuit 1 -- done
rank 3 | trajectory 2952 of circuit 2 -- done
rank 12 | trajectory 113 of circuit 2 -- done
rank 7 | trajectory 211 of circuit 2 -- done
rank 22 | trajectory 2483 of circuit 2 -- done
rank 4 | trajectory 260 of circuit 3 -- done
rank 13 | trajectory 2380 of circuit 2 -- done
rank 2 | trajectory 2418 of circuit 2 -- done
rank 15 | trajectory 681 of circuit 3 -- done
rank 7 | trajectory 3720 of circuit 1 -- done
rank 21 | trajectory 2499 of circuit 1 -- done
rank 14 | trajectory 3780 of circuit 2 -- done
rank 8 | trajectory 3728 of circuit 1 -- done
rank 17 | trajectory 2556 of circuit 1 -- done
rank 8 | trajectory 312 of circuit 2 -- done
rank 9 | trajectory 3679 of circuit 2 -- done
rank 22 | trajectory 2241 of circuit 2 -- done
rank 23 | trajectory 1267 of circuit 3 -- done
rank 19 | trajectory 107 of circuit 2 -- done
rank 3 | trajectory 260 of circuit 1 -- done
rank 14 | trajectory 2772 of circuit 1 -- done
rank 23 | trajectory 3092 of circuit 3 -- done
rank 2 | trajectory 3085 of circuit 2 -- done
rank 10 | trajectory 3671 of circuit 1 -- done
rank 5 | trajectory 2827 of circuit 3 -- done
rank 6 | trajectory 678 of circuit 2 -- done
rank 5 | trajectory 1952 of circuit 3 -- done
rank 17 | trajectory 3515 of circuit 3 -- done
rank 23 | trajectory 1767 of circuit 1 -- done
rank 22 | trajectory 3700 of circuit 1 -- done
rank 23 | trajectory 3033 of circuit 3 -- done
rank 10 | trajectory 462 of circuit 1 -- done
rank 10 | trajectory 1162 of circuit 2 -- done
rank 11 | trajectory 2038 of circuit 1 -- done
rank 0 | trajectory 3517 of circuit 3 -- done
rank 20 | trajectory 3799 of circuit 3 -- done
rank 5 | trajectory 661 of circuit 1 -- done
rank 17 | trajectory 240 of circuit 2 -- done
rank 24 | trajectory 2884 of circuit 1 -- done
rank 19 | trajectory 1582 of circuit 2 -- done
rank 6 | trajectory 3036 of circuit 1 -- done
rank 10 | trajectory 1004 of circuit 1 -- done
rank 15 | trajectory 189 of circuit 3 -- done
rank 3 | trajectory 660 of circuit 3 -- done
rank 1 | trajectory 3351 of circuit 2 -- done
rank 21 | trajectory 1016 of circuit 2 -- done
rank 23 | trajectory 2767 of circuit 3 -- done
rank 1 | trajectory 284 of circuit 2 -- done
rank 11 | trajectory 1713 of circuit 1 -- done
rank 17 | trajectory 40 of circuit 2 -- done
rank 11 | trajectory 1404 of circuit 2 -- done
rank 11 | trajectory 804 of circuit 1 -- done
rank 14 | trajectory 1080 of circuit 3 -- done
rank 14 | trajectory 1030 of circuit 3 -- done
rank 4 | trajectory 3385 of circuit 3 -- done
rank 22 | trajectory 3316 of circuit 1 -- done
rank 16 | trajectory 1756 of circuit 3 -- done
rank 12 | trajectory 1955 of circuit 1 -- done
rank 2 | trajectory 3401 of circuit 2 -- done
rank 2 | trajectory 3776 of circuit 2 -- done
rank 7 | trajectory 236 of circuit 2 -- done
rank 2 | trajectory 2785 of circuit 1 -- done
rank 15 | trajectory 3656 of circuit 2 -- done
rank 8 | trajectory 1503 of circuit 3 -- done
rank 18 | trajectory 3140 of circuit 1 -- done
rank 15 | trajectory 739 of circuit 3 -- done
rank 24 | trajectory 2817 of circuit 3 -- done
rank 13 | trajectory 438 of circuit 3 -- done
rank 24 | trajectory 842 of circuit 2 -- done
rank 4 | trajectory 310 of circuit 3 -- done
rank 24 | trajectory 3617 of circuit 3 -- done
rank 0 | trajectory 2034 of circuit 2 -- done
rank 19 | trajectory 3774 of circuit 2 -- done
rank 14 | trajectory 1205 of circuit 1 -- done
rank 16 | trajectory 1414 of circuit 1 -- done
rank 10 | trajectory 3554 of circuit 3 -- done
rank 6 | trajectory 2653 of circuit 1 -- done
rank 17 | trajectory 1606 of circuit 1 -- done
rank 6 | trajectory 2461 of circuit 3 -- done
rank 20 | trajectory 691 of circuit 2 -- done
rank 15 | trajectory 56 of circuit 3 -- done
rank 17 | trajectory 581 of circuit 2 -- done
rank 24 | trajectory 2800 of circuit 2 -- done
rank 24 | trajectory 942 of circuit 3 -- done
rank 12 | trajectory 3155 of circuit 2 -- done
rank 2 | trajectory 3218 of circuit 3 -- done
rank 13 | trajectory 3622 of circuit 1 -- done
rank 16 | trajectory 1914 of circuit 2 -- done
rank 5 | trajectory 986 of circuit 1 -- done
rank 10 | trajectory 1487 of circuit 2 -- done
rank 20 | trajectory 3066 of circuit 1 -- done
rank 16 | trajectory 1089 of circuit 3 -- done
rank 10 | trajectory 612 of circuit 3 -- done
rank 4 | trajectory 2752 of circuit 1 -- done
rank 13 | trajectory 155 of circuit 1 -- done
rank 7 | trajectory 1661 of circuit 2 -- done
rank 10 | trajectory 1687 of circuit 1 -- done
rank 19 | trajectory 2324 of circuit 3 -- done
rank 24 | trajectory 3484 of circuit 3 -- done
rank 24 | trajectory 3367 of circuit 1 -- done
rank 13 | trajectory 1863 of circuit 2 -- done
rank 23 | trajectory 1317 of circuit 2 -- done
rank 16 | trajectory 3573 of circuit 2 -- done
rank 23 | trajectory 3542 of circuit 2 -- done
rank 13 | trajectory 1638 of circuit 2 -- done
rank 13 | trajectory 2763 of circuit 3 -- done
rank 17 | trajectory 3698 of circuit 2 -- done
rank 0 | trajectory 101 of circuit 3 -- done
rank 16 | trajectory 814 of circuit 2 -- done
rank 7 | trajectory 836 of circuit 3 -- done
rank 17 | trajectory 1556 of circuit 1 -- done
rank 1 | trajectory 1543 of circuit 1 -- done
rank 14 | trajectory 3239 of circuit 1 -- done
rank 13 | trajectory 3072 of circuit 3 -- done
rank 17 | trajectory 3040 of circuit 1 -- done
rank 20 | trajectory 3674 of circuit 2 -- done
rank 16 | trajectory 1164 of circuit 1 -- done
rank 2 | trajectory 1835 of circuit 3 -- done
rank 5 | trajectory 86 of circuit 1 -- done
rank 8 | trajectory 2987 of circuit 1 -- done
rank 5 | trajectory 1911 of circuit 2 -- done
rank 16 | trajectory 3656 of circuit 1 -- done
rank 12 | trajectory 3088 of circuit 3 -- done
rank 8 | trajectory 2370 of circuit 1 -- done
rank 23 | trajectory 1208 of circuit 3 -- done
rank 20 | trajectory 1899 of circuit 1 -- done
rank 7 | trajectory 686 of circuit 3 -- done
rank 7 | trajectory 2945 of circuit 3 -- done
rank 22 | trajectory 3716 of circuit 2 -- done
rank 4 | trajectory 3819 of circuit 1 -- done
rank 13 | trajectory 2472 of circuit 1 -- done
rank 5 | trajectory 3394 of circuit 3 -- done
rank 15 | trajectory 1172 of circuit 2 -- done
rank 21 | trajectory 199 of circuit 1 -- done
rank 3 | trajectory 2602 of circuit 2 -- done
rank 3 | trajectory 1577 of circuit 3 -- done
rank 22 | trajectory 3800 of circuit 1 -- done
rank 10 | trajectory 3396 of circuit 3 -- done
rank 0 | trajectory 1659 of circuit 2 -- done
rank 10 | trajectory 1287 of circuit 3 -- done
rank 20 | trajectory 3441 of circuit 1 -- done
rank 3 | trajectory 1510 of circuit 1 -- done
rank 8 | trajectory 2620 of circuit 3 -- done
rank 5 | trajectory 936 of circuit 3 -- done
rank 23 | trajectory 2017 of circuit 3 -- done
rank 3 | trajectory 452 of circuit 1 -- done
rank 20 | trajectory 3816 of circuit 1 -- done
rank 18 | trajectory 2215 of circuit 2 -- done
rank 12 | trajectory 1638 of circuit 1 -- done
rank 16 | trajectory 1398 of circuit 3 -- done
rank 15 | trajectory 1689 of circuit 3 -- done
rank 6 | trajectory 1686 of circuit 2 -- done
rank 6 | trajectory 536 of circuit 3 -- done
rank 22 | trajectory 2100 of circuit 2 -- done
rank 2 | trajectory 2118 of circuit 2 -- done
rank 12 | trajectory 2296 of circuit 2 -- done
rank 10 | trajectory 2821 of circuit 2 -- done
rank 13 | trajectory 2122 of circuit 1 -- done
rank 18 | trajectory 3023 of circuit 2 -- done
rank 19 | trajectory 2690 of circuit 2 -- done
rank 0 | trajectory 2101 of circuit 1 -- done
rank 13 | trajectory 2238 of circuit 2 -- done
rank 23 | trajectory 1158 of circuit 3 -- done
rank 13 | trajectory 913 of circuit 1 -- done
rank 17 | trajectory 290 of circuit 1 -- done
rank 13 | trajectory 3047 of circuit 2 -- done
rank 22 | trajectory 1383 of circuit 3 -- done
rank 20 | trajectory 2624 of circuit 3 -- done
rank 18 | trajectory 1707 of circuit 3 -- done
rank 4 | trajectory 885 of circuit 3 -- done
rank 24 | trajectory 2200 of circuit 1 -- done
rank 16 | trajectory 531 of circuit 1 -- done
rank 7 | trajectory 3020 of circuit 3 -- done
rank 9 | trajectory 137 of circuit 2 -- done
rank 15 | trajectory 2739 of circuit 3 -- done
rank 6 | trajectory 2253 of circuit 3 -- done
rank 2 | trajectory 3735 of circuit 3 -- done
rank 23 | trajectory 1783 of circuit 3 -- done
rank 21 | trajectory 3816 of circuit 3 -- done
rank 8 | trajectory 362 of circuit 2 -- done
rank 13 | trajectory 3188 of circuit 2 -- done
rank 24 | trajectory 2750 of circuit 3 -- done
rank 8 | trajectory 687 of circuit 2 -- done
rank 18 | trajectory 3323 of circuit 1 -- done
rank 8 | trajectory 512 of circuit 1 -- done
rank 10 | trajectory 437 of circuit 1 -- done
rank 7 | trajectory 2636 of circuit 1 -- done
rank 22 | trajectory 1591 of circuit 1 -- done
rank 4 | trajectory 3585 of circuit 2 -- done
rank 7 | trajectory 261 of circuit 3 -- done
rank 1 | trajectory 2468 of circuit 2 -- done
rank 20 | trajectory 191 of circuit 1 -- done
rank 2 | trajectory 1310 of circuit 3 -- done
rank 11 | trajectory 888 of circuit 3 -- done
rank 24 | trajectory 3000 of circuit 2 -- done
rank 24 | trajectory 3567 of circuit 3 -- done
rank 16 | trajectory 206 of circuit 2 -- done
rank 4 | trajectory 3369 of circuit 1 -- done
rank 17 | trajectory 3623 of circuit 2 -- done
rank 4 | trajectory 1935 of circuit 2 -- done
rank 16 | trajectory 2389 of circuit 3 -- done
rank 4 | trajectory 610 of circuit 1 -- done
rank 22 | trajectory 1825 of circuit 1 -- done
rank 2 | trajectory 1385 of circuit 2 -- done
rank 21 | trajectory 2374 of circuit 3 -- done
rank 16 | trajectory 2289 of circuit 3 -- done
rank 0 | trajectory 3717 of circuit 1 -- done
rank 8 | trajectory 1687 of circuit 2 -- done
rank 1 | trajectory 3076 of circuit 2 -- done
rank 7 | trajectory 1603 of circuit 3 -- done
rank 1 | trajectory 2401 of circuit 1 -- done
rank 3 | trajectory 3085 of circuit 3 -- done
rank 21 | trajectory 516 of circuit 3 -- done
rank 15 | trajectory 1939 of circuit 3 -- done
rank 9 | trajectory 3429 of circuit 3 -- done
rank 15 | trajectory 2906 of circuit 2 -- done
rank 22 | trajectory 666 of circuit 2 -- done
rank 1 | trajectory 3418 of circuit 3 -- done
rank 16 | trajectory 64 of circuit 2 -- done
rank 2 | trajectory 3168 of circuit 2 -- done
rank 22 | trajectory 16 of circuit 1 -- done
rank 16 | trajectory 964 of circuit 1 -- done
rank 2 | trajectory 201 of circuit 3 -- done
rank 5 | trajectory 3152 of circuit 3 -- done
rank 7 | trajectory 2236 of circuit 2 -- done
rank 11 | trajectory 2321 of circuit 1 -- done
rank 9 | trajectory 1312 of circuit 2 -- done
rank 10 | trajectory 1887 of circuit 1 -- done
rank 19 | trajectory 3340 of circuit 3 -- done
rank 13 | trajectory 305 of circuit 3 -- done
rank 8 | trajectory 2903 of circuit 2 -- done
rank 5 | trajectory 3761 of circuit 2 -- done
rank 20 | trajectory 2966 of circuit 2 -- done
rank 7 | trajectory 561 of circuit 1 -- done
rank 0 | trajectory 2367 of circuit 1 -- done
rank 15 | trajectory 39 of circuit 1 -- done
rank 2 | trajectory 1860 of circuit 2 -- done
rank 4 | trajectory 3352 of circuit 3 -- done
rank 7 | trajectory 1928 of circuit 1 -- done
rank 24 | trajectory 3309 of circuit 2 -- done
rank 7 | trajectory 2220 of circuit 2 -- done
rank 0 | trajectory 834 of circuit 3 -- done
rank 12 | trajectory 1238 of circuit 2 -- done
rank 12 | trajectory 3205 of circuit 2 -- done
rank 17 | trajectory 2473 of circuit 3 -- done
rank 20 | trajectory 3741 of circuit 2 -- done
rank 13 | trajectory 1463 of circuit 3 -- done
rank 16 | trajectory 1181 of circuit 1 -- done
rank 18 | trajectory 2423 of circuit 3 -- done
rank 4 | trajectory 1702 of circuit 2 -- done
rank 1 | trajectory 2543 of circuit 1 -- done
rank 11 | trajectory 3588 of circuit 1 -- done
rank 4 | trajectory 1085 of circuit 1 -- done
rank 1 | trajectory 734 of circuit 1 -- done
rank 2 | trajectory 3818 of circuit 1 -- done
rank 5 | trajectory 1586 of circuit 3 -- done
rank 7 | trajectory 2153 of circuit 3 -- done
rank 24 | trajectory 1859 of circuit 3 -- done
rank 23 | trajectory 3233 of circuit 1 -- done
rank 15 | trajectory 3189 of circuit 1 -- done
rank 24 | trajectory 2734 of circuit 2 -- done
rank 19 | trajectory 2065 of circuit 3 -- done
rank 7 | trajectory 195 of circuit 2 -- done
rank 14 | trajectory 1964 of circuit 2 -- done
rank 3 | trajectory 1460 of circuit 2 -- done
rank 19 | trajectory 1115 of circuit 2 -- done
rank 4 | trajectory 119 of circuit 1 -- done
rank 13 | trajectory 888 of circuit 1 -- done
rank 13 | trajectory 1213 of circuit 3 -- done
rank 12 | trajectory 2921 of circuit 1 -- done
rank 12 | trajectory 2321 of circuit 3 -- done
rank 22 | trajectory 3241 of circuit 1 -- done
rank 4 | trajectory 1144 of circuit 1 -- done
rank 4 | trajectory 835 of circuit 1 -- done
rank 5 | trajectory 3461 of circuit 1 -- done
rank 12 | trajectory 2721 of circuit 2 -- done
rank 12 | trajectory 3738 of circuit 3 -- done
rank 15 | trajectory 2889 of circuit 2 -- done
rank 19 | trajectory 2740 of circuit 1 -- done
rank 20 | trajectory 3549 of circuit 2 -- done
rank 6 | trajectory 2311 of circuit 3 -- done
rank 20 | trajectory 1399 of circuit 2 -- done
rank 8 | trajectory 112 of circuit 1 -- done
rank 15 | trajectory 3597 of circuit 1 -- done
rank 22 | trajectory 583 of circuit 2 -- done
rank 7 | trajectory 2011 of circuit 3 -- done
rank 15 | trajectory 156 of circuit 1 -- done
rank 5 | trajectory 1711 of circuit 2 -- done
rank 23 | trajectory 2608 of circuit 3 -- done
rank 0 | trajectory 984 of circuit 3 -- done
rank 15 | trajectory 3114 of circuit 3 -- done
rank 6 | trajectory 2286 of circuit 2 -- done
rank 17 | trajectory 3065 of circuit 2 -- done
rank 20 | trajectory 1966 of circuit 3 -- done
rank 6 | trajectory 2219 of circuit 2 -- done
rank 12 | trajectory 3163 of circuit 2 -- done
rank 20 | trajectory 74 of circuit 1 -- done
rank 12 | trajectory 1213 of circuit 1 -- done
rank 4 | trajectory 3644 of circuit 1 -- done
rank 15 | trajectory 3072 of circuit 2 -- done
rank 16 | trajectory 2873 of circuit 2 -- done
rank 16 | trajectory 1831 of circuit 3 -- done
rank 21 | trajectory 2024 of circuit 2 -- done
rank 9 | trajectory 2554 of circuit 3 -- done
rank 9 | trajectory 1812 of circuit 2 -- done
rank 7 | trajectory 1686 of circuit 1 -- done
rank 17 | trajectory 1481 of circuit 2 -- done
rank 7 | trajectory 103 of circuit 3 -- done
rank 24 | trajectory 3292 of circuit 2 -- done
rank 11 | trajectory 1563 of circuit 1 -- done
rank 6 | trajectory 2086 of circuit 1 -- done
rank 14 | trajectory 555 of circuit 2 -- done
rank 22 | trajectory 2825 of circuit 2 -- done
rank 4 | trajectory 1252 of circuit 1 -- done
rank 17 | trajectory 2948 of circuit 1 -- done
rank 12 | trajectory 2038 of circuit 3 -- done
rank 4 | trajectory 69 of circuit 1 -- done
rank 13 | trajectory 1938 of circuit 2 -- done
rank 7 | trajectory 2870 of circuit 1 -- done
rank 3 | trajectory 1002 of circuit 3 -- done
rank 5 | trajectory 3319 of circuit 2 -- done
rank 4 | trajectory 2919 of circuit 1 -- done
rank 5 | trajectory 3686 of circuit 3 -- done
rank 18 | trajectory 607 of circuit 2 -- done
rank 6 | trajectory 3603 of circuit 2 -- done
rank 3 | trajectory 2085 of circuit 2 -- done
rank 7 | trajectory 1786 of circuit 1 -- done
rank 13 | trajectory 1688 of circuit 3 -- done
rank 19 | trajectory 3540 of circuit 2 -- done
rank 4 | trajectory 1002 of circuit 2 -- done
rank 10 | trajectory 3362 of circuit 2 -- done
rank 19 | trajectory 2999 of circuit 1 -- done
rank 22 | trajectory 1458 of circuit 3 -- done
rank 12 | trajectory 688 of circuit 2 -- done
rank 20 | trajectory 2199 of circuit 1 -- done
rank 4 | trajectory 635 of circuit 3 -- done
rank 3 | trajectory 1527 of circuit 2 -- done
rank 21 | trajectory 3783 of circuit 1 -- done
rank 3 | trajectory 1952 of circuit 2 -- done
rank 5 | trajectory 3669 of circuit 2 -- done
rank 18 | trajectory 1965 of circuit 2 -- done
rank 15 | trajectory 3839 of circuit 3 -- done
rank 16 | trajectory 2689 of circuit 2 -- done
rank 16 | trajectory 3731 of circuit 2 -- done
rank 1 | trajectory 3168 of circuit 1 -- done
rank 6 | trajectory 828 of circuit 1 -- done
rank 19 | trajectory 2765 of circuit 1 -- done
rank 5 | trajectory 2894 of circuit 3 -- done
rank 0 | trajectory 2167 of circuit 1 -- done
rank 22 | trajectory 1941 of circuit 2 -- done
rank 2 | trajectory 2635 of circuit 3 -- done
rank 12 | trajectory 2121 of circuit 3 -- done
rank 20 | trajectory 1191 of circuit 1 -- done
rank 17 | trajectory 2140 of circuit 3 -- done
rank 0 | trajectory 2817 of circuit 1 -- done
rank 8 | trajectory 428 of circuit 3 -- done
rank 8 | trajectory 3637 of circuit 3 -- done
rank 24 | trajectory 3117 of circuit 3 -- done
rank 1 | trajectory 76 of circuit 3 -- done
rank 15 | trajectory 564 of circuit 1 -- done
rank 0 | trajectory 1476 of circuit 3 -- done
rank 14 | trajectory 739 of circuit 1 -- done
rank 16 | trajectory 2839 of circuit 1 -- done
rank 12 | trajectory 2046 of circuit 3 -- done
rank 10 | trajectory 2446 of circuit 3 -- done
rank 19 | trajectory 3690 of circuit 1 -- done
rank 20 | trajectory 1474 of circuit 2 -- done
rank 2 | trajectory 2260 of circuit 1 -- done
rank 20 | trajectory 2749 of circuit 1 -- done
rank 21 | trajectory 2833 of circuit 1 -- done
rank 24 | trajectory 3034 of circuit 1 -- done
rank 6 | trajectory 261 of circuit 2 -- done
rank 15 | trajectory 264 of circuit 3 -- done
rank 24 | trajectory 1417 of circuit 2 -- done
rank 18 | trajectory 2623 of circuit 1 -- done
rank 21 | trajectory 908 of circuit 2 -- done
rank 21 | trajectory 1449 of circuit 3 -- done
rank 19 | trajectory 507 of circuit 1 -- done
rank 1 | trajectory 2118 of circuit 3 -- done
rank 7 | trajectory 136 of circuit 3 -- done
rank 18 | trajectory 932 of circuit 2 -- done
rank 24 | trajectory 2659 of circuit 1 -- done
rank 3 | trajectory 635 of circuit 1 -- done
rank 8 | trajectory 2137 of circuit 2 -- done
rank 4 | trajectory 2027 of circuit 2 -- done
rank 1 | trajectory 359 of circuit 2 -- done
rank 5 | trajectory 2236 of circuit 1 -- done
rank 15 | trajectory 1589 of circuit 1 -- done
rank 3 | trajectory 2902 of circuit 2 -- done
rank 4 | trajectory 2602 of circuit 1 -- done
rank 4 | trajectory 3194 of circuit 3 -- done
rank 4 | trajectory 3477 of circuit 2 -- done
rank 15 | trajectory 2156 of circuit 3 -- done
rank 0 | trajectory 3767 of circuit 1 -- done
rank 4 | trajectory 3444 of circuit 2 -- done
rank 7 | trajectory 1828 of circuit 1 -- done
rank 22 | trajectory 3375 of circuit 1 -- done
rank 2 | trajectory 235 of circuit 2 -- done
rank 1 | trajectory 409 of circuit 3 -- done
rank 10 | trajectory 2771 of circuit 2 -- done
rank 1 | trajectory 1651 of circuit 3 -- done
rank 20 | trajectory 2924 of circuit 3 -- done
rank 15 | trajectory 1789 of circuit 2 -- done
rank 21 | trajectory 1924 of circuit 2 -- done
rank 22 | trajectory 1975 of circuit 3 -- done
rank 18 | trajectory 2432 of circuit 2 -- done
rank 12 | trajectory 2221 of circuit 1 -- done
rank 1 | trajectory 1509 of circuit 2 -- done
rank 24 | trajectory 2917 of circuit 1 -- done
rank 22 | trajectory 3358 of circuit 1 -- done
rank 10 | trajectory 3596 of circuit 3 -- done
rank 5 | trajectory 1286 of circuit 1 -- done
rank 5 | trajectory 3269 of circuit 3 -- done
rank 11 | trajectory 3671 of circuit 2 -- done
rank 12 | trajectory 63 of circuit 2 -- done
rank 4 | trajectory 10 of circuit 1 -- done
rank 12 | trajectory 2355 of circuit 1 -- done
rank 5 | trajectory 886 of circuit 2 -- done
rank 19 | trajectory 632 of circuit 3 -- done
rank 19 | trajectory 1940 of circuit 3 -- done
rank 17 | trajectory 1690 of circuit 3 -- done
rank 8 | trajectory 1287 of circuit 1 -- done
rank 16 | trajectory 1589 of circuit 3 -- done
rank 15 | trajectory 3022 of circuit 2 -- done
rank 15 | trajectory 3206 of circuit 2 -- done
rank 6 | trajectory 2036 of circuit 1 -- done
rank 7 | trajectory 2486 of circuit 3 -- done
rank 9 | trajectory 1462 of circuit 1 -- done
rank 7 | trajectory 3361 of circuit 1 -- done
rank 15 | trajectory 664 of circuit 3 -- done
rank 9 | trajectory 3537 of circuit 3 -- done
rank 18 | trajectory 490 of circuit 3 -- done
rank 22 | trajectory 1800 of circuit 2 -- done
rank 2 | trajectory 835 of circuit 2 -- done
rank 12 | trajectory 1963 of circuit 3 -- done
rank 23 | trajectory 3592 of circuit 3 -- done
rank 13 | trajectory 3255 of circuit 2 -- done
rank 1 | trajectory 1218 of circuit 1 -- done
rank 15 | trajectory 97 of circuit 1 -- done
rank 18 | trajectory 2607 of circuit 1 -- done
rank 1 | trajectory 2218 of circuit 3 -- done
rank 15 | trajectory 3389 of circuit 3 -- done
rank 7 | trajectory 386 of circuit 3 -- done
rank 7 | trajectory 2553 of circuit 3 -- done
rank 1 | trajectory 3818 of circuit 2 -- done
rank 1 | trajectory 2968 of circuit 3 -- done
rank 13 | trajectory 3205 of circuit 1 -- done
rank 15 | trajectory 3447 of circuit 3 -- done
rank 23 | trajectory 467 of circuit 3 -- done
rank 9 | trajectory 362 of circuit 1 -- done
rank 21 | trajectory 2433 of circuit 2 -- done
rank 0 | trajectory 2567 of circuit 2 -- done
rank 20 | trajectory 1116 of circuit 1 -- done
rank 4 | trajectory 1444 of circuit 1 -- done
rank 6 | trajectory 3744 of circuit 1 -- done
rank 20 | trajectory 2499 of circuit 2 -- done
rank 12 | trajectory 2138 of circuit 1 -- done
rank 14 | trajectory 3630 of circuit 3 -- done
rank 22 | trajectory 183 of circuit 2 -- done
rank 3 | trajectory 3635 of circuit 1 -- done
rank 22 | trajectory 2883 of circuit 1 -- done
rank 20 | trajectory 1849 of circuit 2 -- done
rank 10 | trajectory 1562 of circuit 2 -- done
rank 18 | trajectory 915 of circuit 3 -- done
rank 13 | trajectory 238 of circuit 3 -- done
rank 13 | trajectory 1588 of circuit 1 -- done
rank 17 | trajectory 3090 of circuit 2 -- done
rank 15 | trajectory 3806 of circuit 1 -- done
rank 10 | trajectory 62 of circuit 3 -- done
rank 23 | trajectory 242 of circuit 1 -- done
rank 22 | trajectory 858 of circuit 3 -- done
rank 16 | trajectory 614 of circuit 3 -- done
rank 4 | trajectory 1169 of circuit 2 -- done
rank 14 | trajectory 3689 of circuit 1 -- done
rank 0 | trajectory 2051 of circuit 3 -- done
rank 11 | trajectory 2813 of circuit 3 -- done
rank 17 | trajectory 3606 of circuit 3 -- done
rank 5 | trajectory 2052 of circuit 2 -- done
rank 4 | trajectory 3502 of circuit 3 -- done
rank 16 | trajectory 2856 of circuit 1 -- done
rank 22 | trajectory 2916 of circuit 3 -- done
rank 22 | trajectory 2133 of circuit 1 -- done
rank 20 | trajectory 1916 of circuit 1 -- done
rank 16 | trajectory 3523 of circuit 1 -- done
rank 5 | trajectory 2102 of circuit 2 -- done
rank 2 | trajectory 1901 of circuit 3 -- done
rank 0 | trajectory 2801 of circuit 3 -- done
rank 4 | trajectory 2302 of circuit 2 -- done
rank 6 | trajectory 936 of circuit 2 -- done
rank 22 | trajectory 3283 of circuit 1 -- done
rank 15 | trajectory 3789 of circuit 2 -- done
rank 0 | trajectory 659 of circuit 1 -- done
rank 9 | trajectory 1554 of circuit 3 -- done
rank 22 | trajectory 1716 of circuit 2 -- done
rank 8 | trajectory 1078 of circuit 2 -- done
rank 6 | trajectory 1936 of circuit 3 -- done
rank 17 | trajectory 1998 of circuit 1 -- done
rank 1 | trajectory 1009 of circuit 3 -- done
rank 10 | trajectory 1062 of circuit 3 -- done
rank 8 | trajectory 2803 of circuit 3 -- done
rank 16 | trajectory 3581 of circuit 2 -- done
rank 20 | trajectory 1349 of circuit 2 -- done
rank 1 | trajectory 1676 of circuit 2 -- done
rank 12 | trajectory 2288 of circuit 3 -- done
rank 21 | trajectory 2849 of circuit 1 -- done
rank 14 | trajectory 2205 of circuit 1 -- done
rank 24 | trajectory 1634 of circuit 2 -- done
rank 4 | trajectory 1535 of circuit 1 -- done
rank 7 | trajectory 45 of circuit 2 -- done
rank 24 | trajectory 1292 of circuit 3 -- done
rank 19 | trajectory 2307 of circuit 2 -- done
rank 12 | trajectory 3821 of circuit 3 -- done
rank 21 | trajectory 2899 of circuit 3 -- done
rank 8 | trajectory 478 of circuit 2 -- done
rank 4 | trajectory 2119 of circuit 2 -- done
rank 8 | trajectory 3620 of circuit 1 -- done
rank 17 | trajectory 1281 of circuit 3 -- done
rank 7 | trajectory 920 of circuit 1 -- done
rank 6 | trajectory 2353 of circuit 3 -- done
rank 20 | trajectory 716 of circuit 2 -- done
rank 24 | trajectory 1159 of circuit 3 -- done
rank 7 | trajectory 728 of circuit 2 -- done
rank 20 | trajectory 999 of circuit 1 -- done
rank 16 | trajectory 2556 of circuit 3 -- done
rank 0 | trajectory 1976 of circuit 1 -- done
rank 24 | trajectory 392 of circuit 3 -- done
rank 5 | trajectory 461 of circuit 3 -- done
rank 7 | trajectory 2770 of circuit 1 -- done
rank 15 | trajectory 2289 of circuit 2 -- done
rank 13 | trajectory 3388 of circuit 2 -- done
rank 20 | trajectory 1591 of circuit 2 -- done
rank 0 | trajectory 1434 of circuit 2 -- done
rank 3 | trajectory 1935 of circuit 3 -- done
rank 22 | trajectory 2641 of circuit 1 -- done
rank 0 | trajectory 609 of circuit 3 -- done
rank 19 | trajectory 3040 of circuit 2 -- done
rank 3 | trajectory 2352 of circuit 1 -- done
rank 1 | trajectory 2526 of circuit 2 -- done
rank 6 | trajectory 211 of circuit 1 -- done
rank 24 | trajectory 2075 of circuit 2 -- done
rank 16 | trajectory 414 of circuit 2 -- done
rank 6 | trajectory 1753 of circuit 2 -- done
rank 22 | trajectory 3333 of circuit 1 -- done
rank 1 | trajectory 251 of circuit 3 -- done
rank 11 | trajectory 2721 of circuit 1 -- done
rank 17 | trajectory 1790 of circuit 3 -- done
rank 23 | trajectory 2800 of circuit 3 -- done
rank 16 | trajectory 364 of circuit 2 -- done
rank 19 | trajectory 3474 of circuit 3 -- done
rank 6 | trajectory 3269 of circuit 1 -- done
rank 4 | trajectory 1385 of circuit 3 -- done
rank 11 | trajectory 2104 of circuit 2 -- done
rank 18 | trajectory 707 of circuit 2 -- done
rank 0 | trajectory 784 of circuit 2 -- done
rank 19 | trajectory 940 of circuit 1 -- done
rank 5 | trajectory 2361 of circuit 1 -- done
rank 11 | trajectory 2571 of circuit 3 -- done
rank 24 | trajectory 2384 of circuit 3 -- done
rank 18 | trajectory 332 of circuit 2 -- done
rank 3 | trajectory 3760 of circuit 2 -- done
rank 16 | trajectory 2106 of circuit 2 -- done
rank 11 | trajectory 504 of circuit 2 -- done
rank 10 | trajectory 3246 of circuit 3 -- done
rank 13 | trajectory 1763 of circuit 2 -- done
rank 4 | trajectory 3735 of circuit 1 -- done
rank 10 | trajectory 2621 of circuit 3 -- done
rank 23 | trajectory 517 of circuit 3 -- done
rank 8 | trajectory 187 of circuit 1 -- done
rank 13 | trajectory 2905 of circuit 3 -- done
rank 21 | trajectory 1116 of circuit 3 -- done
rank 16 | trajectory 731 of circuit 2 -- done
rank 1 | trajectory 2476 of circuit 3 -- done
rank 12 | trajectory 3305 of circuit 2 -- done
rank 23 | trajectory 483 of circuit 1 -- done
rank 10 | trajectory 1304 of circuit 3 -- done
rank 4 | trajectory 210 of circuit 1 -- done
rank 3 | trajectory 885 of circuit 1 -- done
rank 15 | trajectory 2872 of circuit 3 -- done
rank 21 | trajectory 2999 of circuit 3 -- done
rank 4 | trajectory 585 of circuit 2 -- done
rank 23 | trajectory 1867 of circuit 2 -- done
rank 17 | trajectory 90 of circuit 1 -- done
rank 3 | trajectory 2627 of circuit 2 -- done
rank 18 | trajectory 2582 of circuit 3 -- done
rank 24 | trajectory 2867 of circuit 3 -- done
rank 19 | trajectory 2840 of circuit 2 -- done
rank 19 | trajectory 2649 of circuit 3 -- done
rank 5 | trajectory 2452 of circuit 1 -- done
rank 12 | trajectory 2671 of circuit 2 -- done
rank 19 | trajectory 2965 of circuit 2 -- done
rank 21 | trajectory 3691 of circuit 1 -- done
rank 4 | trajectory 294 of circuit 3 -- done
rank 22 | trajectory 916 of circuit 2 -- done
rank 4 | trajectory 3327 of circuit 1 -- done
rank 21 | trajectory 2983 of circuit 2 -- done
rank 17 | trajectory 3456 of circuit 1 -- done
rank 21 | trajectory 224 of circuit 3 -- done
rank 2 | trajectory 1960 of circuit 2 -- done
rank 22 | trajectory 1141 of circuit 2 -- done
rank 0 | trajectory 1309 of circuit 2 -- done
rank 8 | trajectory 137 of circuit 3 -- done
rank 11 | trajectory 863 of circuit 3 -- done
rank 4 | trajectory 2652 of circuit 2 -- done
rank 24 | trajectory 3134 of circuit 1 -- done
rank 15 | trajectory 3814 of circuit 2 -- done
rank 14 | trajectory 264 of circuit 1 -- done
rank 0 | trajectory 3651 of circuit 3 -- done
rank 7 | trajectory 2911 of circuit 1 -- done
rank 20 | trajectory 657 of circuit 2 -- done
rank 4 | trajectory 2385 of circuit 1 -- done
rank 17 | trajectory 3656 of circuit 3 -- done
rank 15 | trajectory 2247 of circuit 3 -- done
rank 4 | trajectory 2160 of circuit 3 -- done
rank 15 | trajectory 1864 of circuit 2 -- done
rank 14 | trajectory 655 of circuit 3 -- done
rank 15 | trajectory 806 of circuit 2 -- done
rank 3 | trajectory 2835 of circuit 1 -- done
rank 16 | trajectory 2731 of circuit 3 -- done
rank 3 | trajectory 2760 of circuit 1 -- done
rank 3 | trajectory 2743 of circuit 2 -- done
rank 16 | trajectory 198 of circuit 2 -- done
rank 7 | trajectory 2753 of circuit 1 -- done
rank 24 | trajectory 617 of circuit 2 -- done
rank 4 | trajectory 410 of circuit 2 -- done
rank 12 | trajectory 3421 of circuit 3 -- done
rank 20 | trajectory 2082 of circuit 1 -- done
rank 24 | trajectory 2367 of circuit 3 -- done
rank 6 | trajectory 3719 of circuit 2 -- done
rank 19 | trajectory 615 of circuit 2 -- done
rank 10 | trajectory 2021 of circuit 1 -- done
rank 4 | trajectory 2310 of circuit 2 -- done
rank 18 | trajectory 2640 of circuit 3 -- done
rank 14 | trajectory 2947 of circuit 2 -- done
rank 24 | trajectory 2425 of circuit 3 -- done
rank 20 | trajectory 1232 of circuit 1 -- done
rank 1 | trajectory 2651 of circuit 1 -- done
rank 12 | trajectory 3130 of circuit 2 -- done
rank 24 | trajectory 2334 of circuit 1 -- done
rank 15 | trajectory 2789 of circuit 2 -- done
rank 5 | trajectory 1636 of circuit 2 -- done
rank 2 | trajectory 185 of circuit 3 -- done
rank 16 | trajectory 764 of circuit 1 -- done
rank 13 | trajectory 2405 of circuit 3 -- done
rank 13 | trajectory 1080 of circuit 1 -- done
rank 13 | trajectory 1838 of circuit 3 -- done
rank 5 | trajectory 2377 of circuit 1 -- done
rank 18 | trajectory 982 of circuit 2 -- done
rank 17 | trajectory 3390 of circuit 1 -- done
rank 10 | trajectory 2587 of circuit 3 -- done
rank 7 | trajectory 886 of circuit 3 -- done
rank 20 | trajectory 741 of circuit 2 -- done
rank 17 | trajectory 431 of circuit 2 -- done
rank 17 | trajectory 215 of circuit 2 -- done
rank 10 | trajectory 1812 of circuit 1 -- done
rank 1 | trajectory 1993 of circuit 2 -- done
rank 12 | trajectory 1163 of circuit 1 -- done
rank 16 | trajectory 3781 of circuit 2 -- done
rank 1 | trajectory 1143 of circuit 1 -- done
rank 20 | trajectory 2316 of circuit 3 -- done
rank 20 | trajectory 1299 of circuit 3 -- done
rank 8 | trajectory 2753 of circuit 3 -- done
rank 20 | trajectory 3332 of circuit 1 -- done
rank 0 | trajectory 3817 of circuit 1 -- done
rank 6 | trajectory 2403 of circuit 3 -- done
rank 13 | trajectory 3822 of circuit 1 -- done
rank 21 | trajectory 1891 of circuit 2 -- done
rank 3 | trajectory 1685 of circuit 1 -- done
rank 16 | trajectory 3406 of circuit 1 -- done
rank 15 | trajectory 1356 of circuit 1 -- done
rank 4 | trajectory 1910 of circuit 1 -- done
rank 2 | trajectory 85 of circuit 3 -- done
rank 15 | trajectory 2006 of circuit 3 -- done
rank 22 | trajectory 1091 of circuit 1 -- done
rank 9 | trajectory 2220 of circuit 3 -- done
rank 6 | trajectory 3553 of circuit 1 -- done
rank 10 | trajectory 1637 of circuit 2 -- done
rank 21 | trajectory 1708 of circuit 3 -- done
rank 16 | trajectory 3556 of circuit 1 -- done
rank 16 | trajectory 2339 of circuit 1 -- done
rank 16 | trajectory 1814 of circuit 3 -- done
rank 17 | trajectory 1156 of circuit 2 -- done
rank 22 | trajectory 2866 of circuit 2 -- done
rank 23 | trajectory 2050 of circuit 2 -- done
rank 2 | trajectory 3351 of circuit 3 -- done
rank 14 | trajectory 3414 of circuit 2 -- done
rank 11 | trajectory 2888 of circuit 1 -- done
rank 1 | trajectory 2176 of circuit 3 -- done
rank 2 | trajectory 635 of circuit 2 -- done
rank 18 | trajectory 532 of circuit 3 -- done
rank 21 | trajectory 3366 of circuit 3 -- done
rank 9 | trajectory 2570 of circuit 2 -- done
rank 20 | trajectory 791 of circuit 3 -- done
rank 0 | trajectory 2651 of circuit 2 -- done
rank 13 | trajectory 3605 of circuit 2 -- done
rank 1 | trajectory 2859 of circuit 1 -- done
rank 13 | trajectory 2530 of circuit 1 -- done
rank 15 | trajectory 589 of circuit 2 -- done
rank 21 | trajectory 3116 of circuit 2 -- done
rank 15 | trajectory 2514 of circuit 2 -- done
rank 15 | trajectory 281 of circuit 2 -- done
rank 19 | trajectory 1732 of circuit 3 -- done
rank 4 | trajectory 1052 of circuit 3 -- done
rank 24 | trajectory 3592 of circuit 1 -- done
rank 20 | trajectory 474 of circuit 3 -- done
rank 20 | trajectory 1441 of circuit 3 -- done
rank 20 | trajectory 2582 of circuit 1 -- done
rank 18 | trajectory 1115 of circuit 1 -- done
rank 22 | trajectory 2516 of circuit 2 -- done
rank 4 | trajectory 1944 of circuit 2 -- done
rank 20 | trajectory 1007 of circuit 2 -- done
rank 23 | trajectory 2417 of circuit 3 -- done
rank 10 | trajectory 2654 of circuit 1 -- done
rank 16 | trajectory 3623 of circuit 3 -- done
rank 10 | trajectory 3496 of circuit 3 -- done
rank 22 | trajectory 2216 of circuit 2 -- done
rank 15 | trajectory 3747 of circuit 1 -- done
rank 20 | trajectory 274 of circuit 3 -- done
rank 4 | trajectory 85 of circuit 2 -- done
rank 20 | trajectory 3591 of circuit 2 -- done
rank 10 | trajectory 262 of circuit 1 -- done
rank 5 | trajectory 1361 of circuit 1 -- done
rank 14 | trajectory 130 of circuit 3 -- done
rank 13 | trajectory 2422 of circuit 2 -- done
rank 5 | trajectory 3636 of circuit 1 -- done
rank 15 | trajectory 2756 of circuit 2 -- done
rank 23 | trajectory 3333 of circuit 2 -- done
rank 23 | trajectory 1058 of circuit 3 -- done
rank 3 | trajectory 3735 of circuit 2 -- done
rank 22 | trajectory 33 of circuit 2 -- done
rank 9 | trajectory 2520 of circuit 3 -- done
rank 24 | trajectory 2117 of circuit 2 -- done
rank 13 | trajectory 3655 of circuit 3 -- done
rank 21 | trajectory 1658 of circuit 2 -- done
rank 24 | trajectory 2634 of circuit 2 -- done
rank 3 | trajectory 2585 of circuit 2 -- done
rank 22 | trajectory 166 of circuit 1 -- done
rank 14 | trajectory 2689 of circuit 1 -- done
rank 0 | trajectory 3001 of circuit 2 -- done
rank 0 | trajectory 3342 of circuit 3 -- done
rank 6 | trajectory 2203 of circuit 3 -- done
rank 6 | trajectory 736 of circuit 1 -- done
rank 22 | trajectory 2450 of circuit 3 -- done
rank 8 | trajectory 2470 of circuit 2 -- done
rank 0 | trajectory 434 of circuit 3 -- done
rank 21 | trajectory 3666 of circuit 2 -- done
rank 23 | trajectory 1292 of circuit 2 -- done
rank 22 | trajectory 1608 of circuit 2 -- done
rank 21 | trajectory 2574 of circuit 1 -- done
rank 8 | trajectory 2220 of circuit 1 -- done
rank 23 | trajectory 2383 of circuit 3 -- done
rank 9 | trajectory 2270 of circuit 2 -- done
rank 17 | trajectory 2973 of circuit 1 -- done
rank 7 | trajectory 2520 of circuit 2 -- done
rank 22 | trajectory 3266 of circuit 3 -- done
rank 9 | trajectory 162 of circuit 1 -- done
rank 20 | trajectory 2291 of circuit 3 -- done
rank 9 | trajectory 1362 of circuit 1 -- done
rank 17 | trajectory 2156 of circuit 1 -- done
rank 24 | trajectory 3409 of circuit 1 -- done
rank 13 | trajectory 563 of circuit 2 -- done
rank 18 | trajectory 2298 of circuit 3 -- done
rank 21 | trajectory 1691 of circuit 3 -- done
rank 19 | trajectory 1365 of circuit 1 -- done
rank 24 | trajectory 2250 of circuit 3 -- done
rank 16 | trajectory 1498 of circuit 1 -- done
rank 3 | trajectory 3268 of circuit 1 -- done
rank 19 | trajectory 2607 of circuit 3 -- done
rank 18 | trajectory 190 of circuit 1 -- done
rank 16 | trajectory 781 of circuit 2 -- done
rank 16 | trajectory 3106 of circuit 3 -- done
rank 16 | trajectory 2406 of circuit 1 -- done
rank 2 | trajectory 876 of circuit 2 -- done
rank 12 | trajectory 888 of circuit 2 -- done
rank 1 | trajectory 2701 of circuit 2 -- done
rank 6 | trajectory 278 of circuit 3 -- done
rank 21 | trajectory 3824 of circuit 3 -- done
rank 4 | trajectory 1352 of circuit 2 -- done
rank 22 | trajectory 2566 of circuit 3 -- done
rank 16 | trajectory 114 of circuit 2 -- done
rank 0 | trajectory 59 of circuit 2 -- done
rank 19 | trajectory 2415 of circuit 2 -- done
rank 10 | trajectory 3704 of circuit 1 -- done
rank 10 | trajectory 2337 of circuit 1 -- done
rank 18 | trajectory 507 of circuit 3 -- done
rank 21 | trajectory 291 of circuit 1 -- done
rank 18 | trajectory 1390 of circuit 3 -- done
rank 4 | trajectory 2469 of circuit 3 -- done
rank 0 | trajectory 2734 of circuit 3 -- done
rank 5 | trajectory 2636 of circuit 3 -- done
rank 6 | trajectory 2336 of circuit 2 -- done
rank 14 | trajectory 2280 of circuit 1 -- done
rank 13 | trajectory 3780 of circuit 3 -- done
rank 22 | trajectory 433 of circuit 1 -- done
rank 16 | trajectory 3381 of circuit 3 -- done
rank 22 | trajectory 1191 of circuit 3 -- done
rank 23 | trajectory 58 of circuit 3 -- done
rank 15 | trajectory 839 of circuit 3 -- done
rank 20 | trajectory 3399 of circuit 2 -- done
rank 3 | trajectory 2802 of circuit 2 -- done
rank 14 | trajectory 1839 of circuit 2 -- done
rank 15 | trajectory 706 of circuit 3 -- done
rank 9 | trajectory 2362 of circuit 3 -- done
rank 18 | trajectory 3815 of circuit 3 -- done
rank 20 | trajectory 216 of circuit 2 -- done
rank 19 | trajectory 3707 of circuit 3 -- done
rank 1 | trajectory 759 of circuit 3 -- done
rank 13 | trajectory 2847 of circuit 3 -- done
rank 24 | trajectory 642 of circuit 1 -- done
rank 12 | trajectory 2571 of circuit 1 -- done
rank 5 | trajectory 2869 of circuit 3 -- done
rank 15 | trajectory 2989 of circuit 3 -- done
rank 21 | trajectory 166 of circuit 2 -- done
rank 5 | trajectory 1752 of circuit 3 -- done
rank 19 | trajectory 890 of circuit 1 -- done
rank 12 | trajectory 1788 of circuit 2 -- done
rank 15 | trajectory 3522 of circuit 2 -- done
rank 16 | trajectory 89 of circuit 2 -- done
rank 15 | trajectory 2714 of circuit 2 -- done
rank 2 | trajectory 776 of circuit 2 -- done
rank 16 | trajectory 3364 of circuit 3 -- done
rank 15 | trajectory 514 of circuit 2 -- done
rank 21 | trajectory 2816 of circuit 3 -- done
rank 15 | trajectory 1414 of circuit 2 -- done
rank 24 | trajectory 267 of circuit 1 -- done
rank 7 | trajectory 1495 of circuit 1 -- done
rank 19 | trajectory 3157 of circuit 3 -- done
rank 8 | trajectory 1478 of circuit 1 -- done
rank 14 | trajectory 480 of circuit 1 -- done
rank 0 | trajectory 1176 of circuit 3 -- done
rank 7 | trajectory 1811 of circuit 2 -- done
rank 22 | trajectory 2433 of circuit 1 -- done
rank 23 | trajectory 3667 of circuit 1 -- done
rank 2 | trajectory 2401 of circuit 2 -- done
rank 15 | trajectory 964 of circuit 2 -- done
rank 23 | trajectory 2108 of circuit 3 -- done
rank 24 | trajectory 3375 of circuit 2 -- done
rank 17 | trajectory 2056 of circuit 2 -- done
rank 6 | trajectory 2453 of circuit 2 -- done
rank 18 | trajectory 815 of circuit 3 -- done
rank 3 | trajectory 3152 of circuit 2 -- done
rank 14 | trajectory 1414 of circuit 3 -- done
rank 22 | trajectory 66 of circuit 3 -- done
rank 23 | trajectory 2992 of circuit 3 -- done
rank 18 | trajectory 1865 of circuit 3 -- done
rank 5 | trajectory 3377 of circuit 3 -- done
rank 6 | trajectory 2861 of circuit 3 -- done
rank 13 | trajectory 388 of circuit 1 -- done
rank 3 | trajectory 535 of circuit 3 -- done
rank 24 | trajectory 1067 of circuit 2 -- done
rank 15 | trajectory 1556 of circuit 2 -- done
rank 7 | trajectory 1595 of circuit 1 -- done
rank 15 | trajectory 3139 of circuit 1 -- done
rank 10 | trajectory 212 of circuit 3 -- done
rank 4 | trajectory 910 of circuit 1 -- done
rank 20 | trajectory 2874 of circuit 2 -- done
rank 20 | trajectory 1782 of circuit 3 -- done
rank 12 | trajectory 3405 of circuit 2 -- done
rank 15 | trajectory 2372 of circuit 1 -- done
rank 9 | trajectory 2820 of circuit 1 -- done
rank 3 | trajectory 2018 of circuit 1 -- done
rank 5 | trajectory 2811 of circuit 3 -- done
rank 0 | trajectory 1759 of circuit 1 -- done
rank 18 | trajectory 3298 of circuit 2 -- done
rank 20 | trajectory 1666 of circuit 2 -- done
rank 19 | trajectory 1890 of circuit 1 -- done
rank 9 | trajectory 2620 of circuit 2 -- done
rank 5 | trajectory 269 of circuit 2 -- done
rank 8 | trajectory 162 of circuit 2 -- done
rank 17 | trajectory 3473 of circuit 3 -- done
rank 5 | trajectory 2486 of circuit 1 -- done
rank 9 | trajectory 487 of circuit 3 -- done
rank 15 | trajectory 1472 of circuit 1 -- done
rank 2 | trajectory 676 of circuit 2 -- done
rank 18 | trajectory 1832 of circuit 3 -- done
rank 9 | trajectory 2187 of circuit 2 -- done
rank 4 | trajectory 435 of circuit 3 -- done
rank 5 | trajectory 2219 of circuit 3 -- done
rank 11 | trajectory 3779 of circuit 3 -- done
rank 1 | trajectory 559 of circuit 3 -- done
rank 5 | trajectory 52 of circuit 3 -- done
rank 8 | trajectory 2487 of circuit 2 -- done
rank 18 | trajectory 3590 of circuit 3 -- done
rank 11 | trajectory 29 of circuit 3 -- done
rank 23 | trajectory 1092 of circuit 3 -- done
rank 21 | trajectory 1574 of circuit 3 -- done
rank 13 | trajectory 3122 of circuit 3 -- done
rank 11 | trajectory 438 of circuit 2 -- done
rank 1 | trajectory 3618 of circuit 1 -- done
rank 1 | trajectory 2568 of circuit 3 -- done
rank 24 | trajectory 1792 of circuit 2 -- done
rank 21 | trajectory 258 of circuit 3 -- done
rank 3 | trajectory 727 of circuit 3 -- done
rank 11 | trajectory 3338 of circuit 2 -- done
rank 17 | trajectory 2306 of circuit 3 -- done
rank 14 | trajectory 3330 of circuit 3 -- done
rank 2 | trajectory 1585 of circuit 3 -- done
rank 19 | trajectory 365 of circuit 3 -- done
rank 15 | trajectory 3506 of circuit 2 -- done
rank 18 | trajectory 40 of circuit 3 -- done
rank 12 | trajectory 1613 of circuit 1 -- done
rank 16 | trajectory 2923 of circuit 2 -- done
rank 6 | trajectory 3078 of circuit 3 -- done
rank 14 | trajectory 2639 of circuit 1 -- done
rank 24 | trajectory 792 of circuit 3 -- done
rank 9 | trajectory 3654 of circuit 1 -- done
rank 5 | trajectory 2252 of circuit 1 -- done
rank 4 | trajectory 3060 of circuit 2 -- done
rank 23 | trajectory 1042 of circuit 1 -- done
rank 6 | trajectory 1561 of circuit 1 -- done
rank 4 | trajectory 394 of circuit 1 -- done
rank 4 | trajectory 1694 of circuit 1 -- done
rank 24 | trajectory 2825 of circuit 1 -- done
rank 3 | trajectory 3352 of circuit 1 -- done
rank 1 | trajectory 3768 of circuit 1 -- done
rank 7 | trajectory 2820 of circuit 3 -- done
rank 16 | trajectory 3173 of circuit 2 -- done
rank 20 | trajectory 649 of circuit 1 -- done
rank 3 | trajectory 1610 of circuit 1 -- done
rank 7 | trajectory 1028 of circuit 2 -- done
rank 14 | trajectory 2105 of circuit 3 -- done
rank 17 | trajectory 3240 of circuit 1 -- done
rank 23 | trajectory 3633 of circuit 3 -- done
rank 0 | trajectory 2351 of circuit 2 -- done
rank 18 | trajectory 1790 of circuit 1 -- done
rank 14 | trajectory 64 of circuit 3 -- done
rank 1 | trajectory 2026 of circuit 2 -- done
rank 22 | trajectory 3350 of circuit 3 -- done
rank 10 | trajectory 3279 of circuit 2 -- done
rank 24 | trajectory 1242 of circuit 1 -- done
rank 16 | trajectory 248 of circuit 2 -- done
rank 4 | trajectory 1494 of circuit 1 -- done
rank 6 | trajectory 811 of circuit 1 -- done
rank 23 | trajectory 3567 of circuit 2 -- done
rank 15 | trajectory 1289 of circuit 1 -- done
rank 15 | trajectory 1847 of circuit 2 -- done
rank 18 | trajectory 3657 of circuit 2 -- done
rank 9 | trajectory 2754 of circuit 3 -- done
rank 3 | trajectory 3602 of circuit 3 -- done
rank 3 | trajectory 3685 of circuit 2 -- done
rank 2 | trajectory 660 of circuit 1 -- done
rank 16 | trajectory 2373 of circuit 2 -- done
rank 23 | trajectory 1008 of circuit 2 -- done
rank 22 | trajectory 2033 of circuit 2 -- done
rank 24 | trajectory 2150 of circuit 1 -- done
rank 14 | trajectory 3372 of circuit 2 -- done
rank 20 | trajectory 1574 of circuit 2 -- done
rank 3 | trajectory 3802 of circuit 1 -- done
rank 23 | trajectory 3192 of circuit 2 -- done
rank 4 | trajectory 3710 of circuit 2 -- done
rank 21 | trajectory 2266 of circuit 3 -- done
rank 2 | trajectory 2743 of circuit 3 -- done
rank 18 | trajectory 3640 of circuit 2 -- done
rank 6 | trajectory 2603 of circuit 3 -- done
rank 1 | trajectory 2351 of circuit 1 -- done
rank 16 | trajectory 2564 of circuit 3 -- done
rank 12 | trajectory 3021 of circuit 1 -- done
rank 7 | trajectory 2878 of circuit 2 -- done
rank 22 | trajectory 1891 of circuit 3 -- done
rank 17 | trajectory 1115 of circuit 3 -- done
rank 10 | trajectory 2421 of circuit 2 -- done
rank 7 | trajectory 3595 of circuit 2 -- done
rank 12 | trajectory 938 of circuit 3 -- done
rank 6 | trajectory 3736 of circuit 1 -- done
rank 7 | trajectory 961 of circuit 2 -- done
rank 4 | trajectory 3252 of circuit 2 -- done
rank 4 | trajectory 360 of circuit 3 -- done
rank 17 | trajectory 606 of circuit 1 -- done
rank 19 | trajectory 2440 of circuit 3 -- done
rank 23 | trajectory 3350 of circuit 2 -- done
rank 16 | trajectory 831 of circuit 2 -- done
rank 21 | trajectory 3233 of circuit 2 -- done
rank 12 | trajectory 3005 of circuit 3 -- done
rank 20 | trajectory 2424 of circuit 3 -- done
rank 12 | trajectory 130 of circuit 2 -- done
rank 4 | trajectory 3619 of circuit 3 -- done
rank 15 | trajectory 2939 of circuit 2 -- done
rank 0 | trajectory 234 of circuit 3 -- done
rank 13 | trajectory 1063 of circuit 3 -- done
rank 2 | trajectory 3151 of circuit 1 -- done
rank 20 | trajectory 1416 of circuit 3 -- done
rank 1 | trajectory 1809 of circuit 2 -- done
rank 6 | trajectory 1311 of circuit 3 -- done
rank 23 | trajectory 3267 of circuit 2 -- done
rank 3 | trajectory 3785 of circuit 2 -- done
rank 19 | trajectory 3524 of circuit 3 -- done
rank 23 | trajectory 2733 of circuit 2 -- done
rank 21 | trajectory 2541 of circuit 1 -- done
rank 20 | trajectory 149 of circuit 2 -- done
rank 13 | trajectory 3738 of circuit 1 -- done
rank 24 | trajectory 3509 of circuit 3 -- done
rank 3 | trajectory 385 of circuit 2 -- done
rank 20 | trajectory 82 of circuit 3 -- done
rank 10 | trajectory 1612 of circuit 2 -- done
rank 21 | trajectory 499 of circuit 1 -- done
rank 4 | trajectory 2269 of circuit 1 -- done
rank 1 | trajectory 2593 of circuit 2 -- done
rank 4 | trajectory 344 of circuit 1 -- done
rank 1 | trajectory 3001 of circuit 3 -- done
rank 9 | trajectory 2704 of circuit 2 -- done
rank 21 | trajectory 2599 of circuit 3 -- done
rank 1 | trajectory 3201 of circuit 3 -- done
rank 23 | trajectory 3583 of circuit 1 -- done
rank 11 | trajectory 88 of circuit 3 -- done
rank 2 | trajectory 2493 of circuit 3 -- done
rank 10 | trajectory 3612 of circuit 1 -- done
rank 22 | trajectory 1925 of circuit 2 -- done
rank 24 | trajectory 3750 of circuit 2 -- done
rank 20 | trajectory 907 of circuit 3 -- done
rank 9 | trajectory 1912 of circuit 1 -- done
rank 19 | trajectory 2515 of circuit 1 -- done
rank 6 | trajectory 3386 of circuit 1 -- done
rank 20 | trajectory 2549 of circuit 2 -- done
rank 10 | trajectory 37 of circuit 1 -- done
rank 15 | trajectory 914 of circuit 2 -- done
rank 8 | trajectory 2637 of circuit 1 -- done
rank 20 | trajectory 2149 of circuit 3 -- done
rank 12 | trajectory 1988 of circuit 1 -- done
rank 9 | trajectory 3320 of circuit 2 -- done
rank 7 | trajectory 1295 of circuit 2 -- done
rank 5 | trajectory 186 of circuit 3 -- done
rank 6 | trajectory 911 of circuit 2 -- done
rank 20 | trajectory 41 of circuit 1 -- done
rank 4 | trajectory 244 of circuit 1 -- done
rank 8 | trajectory 3037 of circuit 2 -- done
rank 5 | trajectory 236 of circuit 1 -- done
rank 6 | trajectory 161 of circuit 2 -- done
rank 13 | trajectory 2555 of circuit 3 -- done
rank 5 | trajectory 2302 of circuit 1 -- done
rank 4 | trajectory 1669 of circuit 1 -- done
rank 12 | trajectory 580 of circuit 2 -- done
rank 9 | trajectory 37 of circuit 3 -- done
rank 5 | trajectory 3252 of circuit 1 -- done
rank 18 | trajectory 2007 of circuit 1 -- done
rank 13 | trajectory 938 of circuit 1 -- done
rank 4 | trajectory 35 of circuit 1 -- done
rank 8 | trajectory 778 of circuit 3 -- done
rank 16 | trajectory 2756 of circuit 1 -- done
rank 23 | trajectory 2575 of circuit 1 -- done
rank 6 | trajectory 1536 of circuit 1 -- done
rank 18 | trajectory 2023 of circuit 1 -- done
rank 12 | trajectory 2538 of circuit 3 -- done
rank 4 | trajectory 552 of circuit 2 -- done
rank 16 | trajectory 1073 of circuit 1 -- done
rank 5 | trajectory 436 of circuit 1 -- done
rank 5 | trajectory 2719 of circuit 2 -- done
rank 1 | trajectory 2884 of circuit 3 -- done
rank 15 | trajectory 3256 of circuit 2 -- done
rank 6 | trajectory 1286 of circuit 3 -- done
rank 1 | trajectory 2901 of circuit 3 -- done
rank 16 | trajectory 3023 of circuit 3 -- done
rank 7 | trajectory 2178 of circuit 3 -- done
rank 17 | trajectory 3756 of circuit 1 -- done
rank 20 | trajectory 1749 of circuit 3 -- done
rank 19 | trajectory 3307 of circuit 1 -- done
rank 8 | trajectory 712 of circuit 2 -- done
rank 23 | trajectory 2783 of circuit 3 -- done
rank 21 | trajectory 3049 of circuit 1 -- done
rank 1 | trajectory 2251 of circuit 1 -- done
rank 16 | trajectory 2714 of circuit 1 -- done
rank 8 | trajectory 1953 of circuit 1 -- done
rank 10 | trajectory 3037 of circuit 1 -- done
rank 20 | trajectory 1507 of circuit 2 -- done
rank 1 | trajectory 2684 of circuit 3 -- done
rank 22 | trajectory 341 of circuit 1 -- done
rank 15 | trajectory 3639 of circuit 3 -- done
rank 6 | trajectory 3653 of circuit 3 -- done
rank 17 | trajectory 2390 of circuit 2 -- done
rank 14 | trajectory 3539 of circuit 2 -- done
rank 9 | trajectory 962 of circuit 2 -- done
rank 18 | trajectory 2173 of circuit 1 -- done
rank 19 | trajectory 3290 of circuit 2 -- done
rank 21 | trajectory 3524 of circuit 2 -- done
rank 1 | trajectory 2984 of circuit 3 -- done
rank 4 | trajectory 1769 of circuit 3 -- done
rank 21 | trajectory 2774 of circuit 3 -- done
rank 8 | trajectory 3303 of circuit 2 -- done
rank 6 | trajectory 411 of circuit 3 -- done
rank 11 | trajectory 2338 of circuit 1 -- done
rank 21 | trajectory 16 of circuit 3 -- done
rank 22 | trajectory 1041 of circuit 3 -- done
rank 10 | trajectory 487 of circuit 1 -- done
rank 14 | trajectory 1139 of circuit 2 -- done
rank 3 | trajectory 935 of circuit 1 -- done
rank 3 | trajectory 3618 of circuit 2 -- done
rank 5 | trajectory 1827 of circuit 1 -- done
rank 18 | trajectory 2140 of circuit 1 -- done
rank 4 | trajectory 2577 of circuit 3 -- done
rank 21 | trajectory 1349 of circuit 1 -- done
rank 22 | trajectory 1341 of circuit 2 -- done
rank 11 | trajectory 2688 of circuit 2 -- done
rank 5 | trajectory 2469 of circuit 2 -- done
rank 2 | trajectory 2801 of circuit 1 -- done
rank 22 | trajectory 700 of circuit 2 -- done
rank 2 | trajectory 3251 of circuit 1 -- done
rank 18 | trajectory 2707 of circuit 2 -- done
rank 14 | trajectory 3089 of circuit 3 -- done
rank 0 | trajectory 1734 of circuit 1 -- done
rank 23 | trajectory 2283 of circuit 3 -- done
rank 17 | trajectory 1265 of circuit 3 -- done
rank 0 | trajectory 1684 of circuit 3 -- done
rank 9 | trajectory 3837 of circuit 1 -- done
rank 20 | trajectory 1941 of circuit 3 -- done
rank 7 | trajectory 3586 of circuit 2 -- done
rank 19 | trajectory 1490 of circuit 1 -- done
rank 13 | trajectory 2488 of circuit 2 -- done
rank 5 | trajectory 3786 of circuit 2 -- done
rank 7 | trajectory 3261 of circuit 2 -- done
rank 20 | trajectory 3532 of circuit 2 -- done
rank 2 | trajectory 1485 of circuit 3 -- done
rank 6 | trajectory 111 of circuit 3 -- done
rank 2 | trajectory 3618 of circuit 3 -- done
rank 12 | trajectory 3780 of circuit 1 -- done
rank 16 | trajectory 1614 of circuit 1 -- done
rank 15 | trajectory 2214 of circuit 2 -- done
rank 2 | trajectory 3068 of circuit 2 -- done
rank 23 | trajectory 3817 of circuit 2 -- done
rank 21 | trajectory 2308 of circuit 3 -- done
rank 17 | trajectory 3290 of circuit 3 -- done
rank 21 | trajectory 891 of circuit 1 -- done
rank 20 | trajectory 349 of circuit 1 -- done
rank 6 | trajectory 1953 of circuit 2 -- done
rank 1 | trajectory 3334 of circuit 2 -- done
rank 24 | trajectory 225 of circuit 3 -- done
rank 22 | trajectory 2583 of circuit 2 -- done
rank 5 | trajectory 2136 of circuit 3 -- done
rank 15 | trajectory 2206 of circuit 2 -- done
rank 18 | trajectory 65 of circuit 2 -- done
rank 22 | trajectory 491 of circuit 1 -- done
rank 7 | trajectory 1853 of circuit 2 -- done
rank 0 | trajectory 2601 of circuit 2 -- done
rank 19 | trajectory 2707 of circuit 1 -- done
rank 19 | trajectory 2540 of circuit 2 -- done
rank 12 | trajectory 2796 of circuit 3 -- done
rank 7 | trajectory 2561 of circuit 2 -- done
rank 24 | trajectory 1100 of circuit 2 -- done
rank 12 | trajectory 3288 of circuit 2 -- done
rank 2 | trajectory 3268 of circuit 2 -- done
rank 21 | trajectory 399 of circuit 1 -- done
rank 4 | trajectory 819 of circuit 1 -- done
rank 20 | trajectory 3382 of circuit 1 -- done
rank 3 | trajectory 1560 of circuit 2 -- done
rank 15 | trajectory 2139 of circuit 3 -- done
rank 12 | trajectory 2096 of circuit 3 -- done
rank 12 | trajectory 2755 of circuit 1 -- done
rank 19 | trajectory 1715 of circuit 1 -- done
rank 14 | trajectory 1664 of circuit 1 -- done
rank 22 | trajectory 3058 of circuit 1 -- done
rank 20 | trajectory 616 of circuit 3 -- done
rank 21 | trajectory 1783 of circuit 1 -- done
rank 3 | trajectory 560 of circuit 1 -- done
rank 22 | trajectory 2041 of circuit 1 -- done
rank 20 | trajectory 1607 of circuit 3 -- done
rank 7 | trajectory 1236 of circuit 2 -- done
rank 8 | trajectory 2403 of circuit 1 -- done
rank 22 | trajectory 3683 of circuit 1 -- done
rank 11 | trajectory 3771 of circuit 2 -- done
rank 20 | trajectory 3649 of circuit 3 -- done
rank 24 | trajectory 775 of circuit 1 -- done
rank 16 | trajectory 2023 of circuit 3 -- done
rank 9 | trajectory 1037 of circuit 1 -- done
rank 18 | trajectory 3207 of circuit 2 -- done
rank 5 | trajectory 2952 of circuit 3 -- done
rank 17 | trajectory 2190 of circuit 3 -- done
rank 3 | trajectory 1427 of circuit 3 -- done
rank 1 | trajectory 3284 of circuit 3 -- done
rank 1 | trajectory 534 of circuit 2 -- done
rank 20 | trajectory 899 of circuit 3 -- done
rank 16 | trajectory 2989 of circuit 1 -- done
rank 20 | trajectory 366 of circuit 1 -- done
rank 15 | trajectory 6 of circuit 3 -- done
rank 6 | trajectory 2911 of circuit 2 -- done
rank 12 | trajectory 3588 of circuit 3 -- done
rank 4 | trajectory 3544 of circuit 2 -- done
rank 20 | trajectory 1307 of circuit 3 -- done
rank 4 | trajectory 1119 of circuit 3 -- done
rank 20 | trajectory 3457 of circuit 2 -- done
rank 8 | trajectory 3453 of circuit 1 -- done
rank 13 | trajectory 3680 of circuit 2 -- done
rank 20 | trajectory 3707 of circuit 1 -- done
rank 19 | trajectory 1690 of circuit 2 -- done
rank 24 | trajectory 684 of circuit 2 -- done
rank 1 | trajectory 159 of circuit 1 -- done
rank 15 | trajectory 1314 of circuit 2 -- done
rank 14 | trajectory 914 of circuit 3 -- done
rank 15 | trajectory 2947 of circuit 1 -- done
rank 7 | trajectory 2620 of circuit 1 -- done
rank 12 | trajectory 213 of circuit 1 -- done
rank 24 | trajectory 817 of circuit 3 -- done
rank 1 | trajectory 2409 of circuit 2 -- done
rank 6 | trajectory 1661 of circuit 1 -- done
rank 0 | trajectory 459 of circuit 3 -- done
rank 20 | trajectory 1774 of circuit 2 -- done
rank 5 | trajectory 3452 of circuit 2 -- done
rank 16 | trajectory 1373 of circuit 1 -- done
rank 7 | trajectory 2336 of circuit 3 -- done
rank 7 | trajectory 170 of circuit 1 -- done
rank 6 | trajectory 1411 of circuit 3 -- done
rank 9 | trajectory 837 of circuit 1 -- done
rank 15 | trajectory 606 of circuit 3 -- done
rank 12 | trajectory 1005 of circuit 2 -- done
rank 22 | trajectory 3608 of circuit 3 -- done
rank 3 | trajectory 610 of circuit 2 -- done
rank 6 | trajectory 1586 of circuit 2 -- done
rank 20 | trajectory 2132 of circuit 2 -- done
rank 13 | trajectory 2630 of circuit 2 -- done
rank 3 | trajectory 2118 of circuit 1 -- done
rank 23 | trajectory 2967 of circuit 1 -- done
rank 6 | trajectory 3828 of circuit 3 -- done
rank 16 | trajectory 2256 of circuit 2 -- done
rank 7 | trajectory 2420 of circuit 2 -- done
rank 0 | trajectory 1259 of circuit 2 -- done
rank 24 | trajectory 3184 of circuit 1 -- done
rank 2 | trajectory 360 of circuit 1 -- done
rank 0 | trajectory 3626 of circuit 2 -- done
rank 3 | trajectory 1085 of circuit 2 -- done
rank 4 | trajectory 1344 of circuit 2 -- done
rank 1 | trajectory 126 of circuit 2 -- done
rank 11 | trajectory 3554 of circuit 1 -- done
rank 3 | trajectory 835 of circuit 3 -- done
rank 17 | trajectory 2773 of circuit 2 -- done
rank 2 | trajectory 2435 of circuit 2 -- done
rank 24 | trajectory 2500 of circuit 1 -- done
rank 21 | trajectory 1774 of circuit 1 -- done
rank 6 | trajectory 3803 of circuit 3 -- done
rank 7 | trajectory 3411 of circuit 3 -- done
rank 3 | trajectory 1727 of circuit 2 -- done
rank 16 | trajectory 1131 of circuit 2 -- done
rank 15 | trajectory 347 of circuit 3 -- done
rank 0 | trajectory 3467 of circuit 3 -- done
rank 13 | trajectory 2047 of circuit 3 -- done
rank 23 | trajectory 1975 of circuit 2 -- done
rank 23 | trajectory 1567 of circuit 2 -- done
rank 18 | trajectory 415 of circuit 2 -- done
rank 24 | trajectory 517 of circuit 1 -- done
rank 20 | trajectory 449 of circuit 1 -- done
rank 6 | trajectory 461 of circuit 1 -- done
rank 22 | trajectory 2375 of circuit 3 -- done
rank 5 | trajectory 611 of circuit 1 -- done
rank 17 | trajectory 2115 of circuit 1 -- done
rank 20 | trajectory 3691 of circuit 2 -- done
rank 15 | trajectory 3714 of circuit 2 -- done
rank 21 | trajectory 2099 of circuit 3 -- done
rank 21 | trajectory 3266 of circuit 2 -- done
rank 7 | trajectory 3461 of circuit 2 -- done
rank 14 | trajectory 3039 of circuit 3 -- done
rank 12 | trajectory 2371 of circuit 2 -- done
rank 4 | trajectory 2135 of circuit 3 -- done
rank 10 | trajectory 2804 of circuit 1 -- done
rank 16 | trajectory 2056 of circuit 3 -- done
rank 3 | trajectory 2852 of circuit 2 -- done
rank 16 | trajectory 2439 of circuit 3 -- done
rank 1 | trajectory 501 of circuit 3 -- done
rank 19 | trajectory 1340 of circuit 1 -- done
rank 1 | trajectory 909 of circuit 1 -- done
rank 3 | trajectory 2302 of circuit 3 -- done
rank 1 | trajectory 634 of circuit 2 -- done
rank 12 | trajectory 3555 of circuit 3 -- done
rank 18 | trajectory 1957 of circuit 2 -- done
rank 24 | trajectory 2617 of circuit 2 -- done
rank 19 | trajectory 1290 of circuit 2 -- done
rank 1 | trajectory 3301 of circuit 2 -- done
rank 4 | trajectory 869 of circuit 1 -- done
rank 16 | trajectory 2523 of circuit 2 -- done
rank 23 | trajectory 3400 of circuit 3 -- done
rank 1 | trajectory 1368 of circuit 1 -- done
rank 13 | trajectory 2988 of circuit 3 -- done
rank 16 | trajectory 2198 of circuit 2 -- done
rank 9 | trajectory 704 of circuit 2 -- done
rank 22 | trajectory 3750 of circuit 3 -- done
rank 3 | trajectory 335 of circuit 1 -- done
rank 24 | trajectory 3667 of circuit 2 -- done
rank 7 | trajectory 303 of circuit 2 -- done
rank 24 | trajectory 592 of circuit 2 -- done
rank 12 | trajectory 1580 of circuit 3 -- done
rank 9 | trajectory 2845 of circuit 1 -- done
rank 4 | trajectory 1510 of circuit 2 -- done
rank 16 | trajectory 1873 of circuit 1 -- done
rank 5 | trajectory 2586 of circuit 1 -- done
rank 10 | trajectory 1862 of circuit 1 -- done
rank 19 | trajectory 3599 of circuit 1 -- done
rank 14 | trajectory 355 of circuit 1 -- done
rank 16 | trajectory 1448 of circuit 2 -- done
rank 17 | trajectory 715 of circuit 1 -- done
rank 10 | trajectory 287 of circuit 1 -- done
rank 19 | trajectory 2257 of circuit 1 -- done
rank 20 | trajectory 3182 of circuit 1 -- done
rank 22 | trajectory 2741 of circuit 3 -- done
rank 19 | trajectory 65 of circuit 3 -- done
rank 16 | trajectory 1248 of circuit 3 -- done
rank 15 | trajectory 2306 of circuit 1 -- done
rank 5 | trajectory 561 of circuit 2 -- done
rank 22 | trajectory 291 of circuit 3 -- done
rank 12 | trajectory 980 of circuit 3 -- done
rank 9 | trajectory 3137 of circuit 1 -- done
rank 5 | trajectory 3202 of circuit 2 -- done
rank 23 | trajectory 1233 of circuit 3 -- done
rank 7 | trajectory 3311 of circuit 3 -- done
rank 4 | trajectory 2802 of circuit 3 -- done
rank 4 | trajectory 1569 of circuit 1 -- done
rank 13 | trajectory 688 of circuit 3 -- done
rank 4 | trajectory 3785 of circuit 3 -- done
rank 19 | trajectory 2340 of circuit 1 -- done
rank 5 | trajectory 2169 of circuit 1 -- done
rank 12 | trajectory 630 of circuit 2 -- done
rank 17 | trajectory 690 of circuit 2 -- done
rank 10 | trajectory 737 of circuit 1 -- done
rank 13 | trajectory 1980 of circuit 3 -- done
rank 12 | trajectory 3530 of circuit 3 -- done
rank 14 | trajectory 1614 of circuit 3 -- done
rank 4 | trajectory 935 of circuit 3 -- done
rank 21 | trajectory 3299 of circuit 1 -- done
rank 16 | trajectory 3131 of circuit 3 -- done
rank 20 | trajectory 1091 of circuit 3 -- done
rank 17 | trajectory 3498 of circuit 3 -- done
rank 7 | trajectory 1878 of circuit 3 -- done
rank 0 | trajectory 2917 of circuit 2 -- done
rank 14 | trajectory 439 of circuit 1 -- done
rank 1 | trajectory 834 of circuit 2 -- done
rank 0 | trajectory 2217 of circuit 1 -- done
rank 7 | trajectory 2045 of circuit 3 -- done
rank 20 | trajectory 1374 of circuit 3 -- done
rank 4 | trajectory 2702 of circuit 2 -- done
rank 21 | trajectory 2241 of circuit 1 -- done
rank 11 | trajectory 829 of circuit 2 -- done
rank 3 | trajectory 510 of circuit 3 -- done
rank 24 | trajectory 1700 of circuit 3 -- done
rank 12 | trajectory 2821 of circuit 1 -- done
rank 3 | trajectory 1035 of circuit 2 -- done
rank 7 | trajectory 1536 of circuit 3 -- done
rank 22 | trajectory 275 of circuit 2 -- done
rank 16 | trajectory 2173 of circuit 3 -- done
rank 0 | trajectory 259 of circuit 2 -- done
rank 4 | trajectory 510 of circuit 1 -- done
rank 18 | trajectory 1140 of circuit 2 -- done
rank 20 | trajectory 1724 of circuit 1 -- done
rank 14 | trajectory 3005 of circuit 2 -- done
rank 12 | trajectory 3380 of circuit 3 -- done
rank 24 | trajectory 550 of circuit 3 -- done
rank 18 | trajectory 2248 of circuit 2 -- done
rank 18 | trajectory 2773 of circuit 1 -- done
rank 8 | trajectory 3803 of circuit 2 -- done
rank 1 | trajectory 651 of circuit 3 -- done
rank 19 | trajectory 382 of circuit 3 -- done
rank 0 | trajectory 334 of circuit 2 -- done
rank 4 | trajectory 3702 of circuit 1 -- done
rank 6 | trajectory 2686 of circuit 2 -- done
rank 4 | trajectory 2052 of circuit 3 -- done
rank 0 | trajectory 934 of circuit 1 -- done
rank 7 | trajectory 1520 of circuit 3 -- done
rank 24 | trajectory 1375 of circuit 3 -- done
rank 16 | trajectory 2906 of circuit 3 -- done
rank 8 | trajectory 3387 of circuit 2 -- done
rank 15 | trajectory 1139 of circuit 1 -- done
rank 1 | trajectory 3034 of circuit 3 -- done
rank 17 | trajectory 2240 of circuit 1 -- done
rank 15 | trajectory 2264 of circuit 2 -- done
rank 20 | trajectory 2007 of circuit 2 -- done
rank 14 | trajectory 3289 of circuit 1 -- done
rank 1 | trajectory 2101 of circuit 3 -- done
rank 15 | trajectory 2439 of circuit 2 -- done
rank 21 | trajectory 1299 of circuit 2 -- done
rank 20 | trajectory 1174 of circuit 3 -- done
rank 23 | trajectory 1192 of circuit 1 -- done
rank 1 | trajectory 334 of circuit 3 -- done
rank 7 | trajectory 1461 of circuit 1 -- done
rank 6 | trajectory 3494 of circuit 2 -- done
rank 24 | trajectory 3275 of circuit 2 -- done
rank 6 | trajectory 1236 of circuit 1 -- done
rank 11 | trajectory 2938 of circuit 3 -- done
rank 16 | trajectory 3598 of circuit 2 -- done
rank 24 | trajectory 1917 of circuit 1 -- done
rank 2 | trajectory 2218 of circuit 2 -- done
rank 24 | trajectory 3692 of circuit 3 -- done
rank 12 | trajectory 2855 of circuit 1 -- done
rank 12 | trajectory 513 of circuit 2 -- done
rank 19 | trajectory 840 of circuit 1 -- done
rank 18 | trajectory 390 of circuit 2 -- done
rank 17 | trajectory 3306 of circuit 3 -- done
rank 9 | trajectory 3520 of circuit 2 -- done
rank 11 | trajectory 1079 of circuit 3 -- done
rank 10 | trajectory 1787 of circuit 1 -- done
rank 4 | trajectory 1835 of circuit 1 -- done
rank 1 | trajectory 3568 of circuit 3 -- done
rank 24 | trajectory 1492 of circuit 3 -- done
rank 13 | trajectory 2255 of circuit 1 -- done
rank 21 | trajectory 649 of circuit 2 -- done
rank 3 | trajectory 2268 of circuit 1 -- done
rank 17 | trajectory 2940 of circuit 1 -- done
rank 24 | trajectory 1734 of circuit 3 -- done
rank 16 | trajectory 881 of circuit 2 -- done
rank 5 | trajectory 2569 of circuit 3 -- done
rank 5 | trajectory 911 of circuit 1 -- done
rank 13 | trajectory 3472 of circuit 1 -- done
rank 9 | trajectory 3637 of circuit 1 -- done
rank 9 | trajectory 3370 of circuit 1 -- done
rank 12 | trajectory 2655 of circuit 2 -- done
rank 20 | trajectory 2982 of circuit 3 -- done
rank 2 | trajectory 3001 of circuit 1 -- done
rank 19 | trajectory 3507 of circuit 3 -- done
rank 19 | trajectory 465 of circuit 3 -- done
rank 24 | trajectory 1017 of circuit 2 -- done
rank 21 | trajectory 941 of circuit 2 -- done
rank 24 | trajectory 1217 of circuit 2 -- done
rank 22 | trajectory 3225 of circuit 3 -- done
rank 16 | trajectory 2623 of circuit 2 -- done
rank 1 | trajectory 1259 of circuit 3 -- done
rank 7 | trajectory 3036 of circuit 2 -- done
rank 7 | trajectory 2070 of circuit 3 -- done
rank 17 | trajectory 2090 of circuit 2 -- done
rank 21 | trajectory 966 of circuit 1 -- done
rank 21 | trajectory 3449 of circuit 3 -- done
rank 22 | trajectory 850 of circuit 1 -- done
rank 14 | trajectory 2605 of circuit 2 -- done
rank 14 | trajectory 114 of circuit 3 -- done
rank 4 | trajectory 3110 of circuit 3 -- done
rank 6 | trajectory 2928 of circuit 3 -- done
rank 13 | trajectory 2522 of circuit 2 -- done
rank 16 | trajectory 3823 of circuit 3 -- done
rank 12 | trajectory 3213 of circuit 3 -- done
rank 11 | trajectory 2588 of circuit 2 -- done
rank 3 | trajectory 2327 of circuit 3 -- done
rank 12 | trajectory 1363 of circuit 1 -- done
rank 11 | trajectory 2488 of circuit 1 -- done
rank 0 | trajectory 184 of circuit 3 -- done
rank 1 | trajectory 2434 of circuit 1 -- done
rank 10 | trajectory 1379 of circuit 3 -- done
rank 2 | trajectory 2935 of circuit 2 -- done
rank 19 | trajectory 2224 of circuit 3 -- done
rank 24 | trajectory 2950 of circuit 2 -- done
rank 21 | trajectory 2483 of circuit 1 -- done
rank 23 | trajectory 1617 of circuit 2 -- done
rank 12 | trajectory 3071 of circuit 1 -- done
rank 7 | trajectory 2403 of circuit 2 -- done
rank 9 | trajectory 3704 of circuit 3 -- done
rank 2 | trajectory 3801 of circuit 1 -- done
rank 7 | trajectory 3336 of circuit 1 -- done
rank 15 | trajectory 1531 of circuit 3 -- done
rank 0 | trajectory 2901 of circuit 1 -- done
rank 22 | trajectory 2491 of circuit 1 -- done
rank 22 | trajectory 3433 of circuit 2 -- done
rank 15 | trajectory 2772 of circuit 2 -- done
rank 5 | trajectory 2602 of circuit 3 -- done
rank 13 | trajectory 663 of circuit 3 -- done
rank 15 | trajectory 2389 of circuit 2 -- done
rank 18 | trajectory 3357 of circuit 3 -- done
rank 0 | trajectory 2476 of circuit 2 -- done
rank 17 | trajectory 365 of circuit 2 -- done
rank 12 | trajectory 1480 of circuit 3 -- done
rank 21 | trajectory 2716 of circuit 3 -- done
rank 8 | trajectory 37 of circuit 2 -- done
rank 21 | trajectory 3566 of circuit 1 -- done
rank 0 | trajectory 1534 of circuit 3 -- done
rank 17 | trajectory 2315 of circuit 3 -- done
rank 2 | trajectory 935 of circuit 2 -- done
rank 18 | trajectory 590 of circuit 2 -- done
rank 2 | trajectory 1085 of circuit 3 -- done
rank 18 | trajectory 2690 of circuit 1 -- done
rank 19 | trajectory 1432 of circuit 2 -- done
rank 1 | trajectory 2584 of circuit 1 -- done
rank 1 | trajectory 2668 of circuit 2 -- done
rank 21 | trajectory 3399 of circuit 1 -- done
rank 24 | trajectory 1900 of circuit 1 -- done
rank 11 | trajectory 1513 of circuit 1 -- done
rank 8 | trajectory 2562 of circuit 2 -- done
rank 17 | trajectory 1215 of circuit 3 -- done
rank 23 | trajectory 2183 of circuit 3 -- done
rank 20 | trajectory 2566 of circuit 2 -- done
rank 24 | trajectory 2517 of circuit 1 -- done
rank 15 | trajectory 1039 of circuit 2 -- done
rank 24 | trajectory 3809 of circuit 2 -- done
rank 24 | trajectory 3825 of circuit 2 -- done
rank 24 | trajectory 1767 of circuit 3 -- done
rank 22 | trajectory 2841 of circuit 3 -- done
rank 6 | trajectory 61 of circuit 1 -- done
rank 19 | trajectory 982 of circuit 3 -- done
rank 22 | trajectory 425 of circuit 2 -- done
rank 24 | trajectory 1975 of circuit 1 -- done
rank 4 | trajectory 1744 of circuit 2 -- done
rank 23 | trajectory 2717 of circuit 3 -- done
rank 16 | trajectory 3306 of circuit 1 -- done
rank 11 | trajectory 2246 of circuit 1 -- done
rank 5 | trajectory 1602 of circuit 2 -- done
rank 14 | trajectory 2189 of circuit 1 -- done
rank 19 | trajectory 2374 of circuit 2 -- done
rank 11 | trajectory 2604 of circuit 1 -- done
rank 6 | trajectory 2103 of circuit 1 -- done
rank 21 | trajectory 1491 of circuit 3 -- done
rank 6 | trajectory 2019 of circuit 1 -- done
rank 6 | trajectory 3486 of circuit 1 -- done
rank 19 | trajectory 3315 of circuit 2 -- done
rank 1 | trajectory 3451 of circuit 1 -- done
rank 11 | trajectory 2221 of circuit 3 -- done
rank 24 | trajectory 425 of circuit 1 -- done
rank 16 | trajectory 2823 of circuit 2 -- done
rank 17 | trajectory 3340 of circuit 1 -- done
rank 7 | trajectory 3553 of circuit 2 -- done
rank 9 | trajectory 3337 of circuit 3 -- done
rank 16 | trajectory 2073 of circuit 2 -- done
rank 24 | trajectory 2067 of circuit 3 -- done
rank 0 | trajectory 3534 of circuit 3 -- done
rank 19 | trajectory 790 of circuit 2 -- done
rank 2 | trajectory 260 of circuit 2 -- done
rank 8 | trajectory 1387 of circuit 1 -- done
rank 23 | trajectory 617 of circuit 1 -- done
rank 16 | trajectory 3489 of circuit 2 -- done
rank 20 | trajectory 3316 of circuit 2 -- done
rank 23 | trajectory 1683 of circuit 3 -- done
rank 7 | trajectory 853 of circuit 2 -- done
rank 22 | trajectory 3191 of circuit 3 -- done
rank 16 | trajectory 281 of circuit 3 -- done
rank 19 | trajectory 3757 of circuit 1 -- done
rank 22 | trajectory 2891 of circuit 2 -- done
rank 22 | trajectory 1125 of circuit 2 -- done
rank 15 | trajectory 1606 of circuit 3 -- done
rank 4 | trajectory 1644 of circuit 3 -- done
rank 20 | trajectory 1257 of circuit 2 -- done
rank 8 | trajectory 2003 of circuit 1 -- done
rank 2 | trajectory 2735 of circuit 1 -- done
rank 23 | trajectory 2517 of circuit 3 -- done
rank 5 | trajectory 1802 of circuit 2 -- done
rank 21 | trajectory 741 of circuit 1 -- done
rank 8 | trajectory 3020 of circuit 1 -- done
rank 2 | trajectory 1285 of circuit 3 -- done
rank 10 | trajectory 2921 of circuit 3 -- done
rank 17 | trajectory 1815 of circuit 2 -- done
rank 19 | trajectory 765 of circuit 1 -- done
rank 16 | trajectory 2156 of circuit 2 -- done
rank 4 | trajectory 169 of circuit 3 -- done
rank 15 | trajectory 3222 of circuit 2 -- done
rank 21 | trajectory 1324 of circuit 3 -- done
rank 9 | trajectory 1787 of circuit 3 -- done
rank 4 | trajectory 2427 of circuit 3 -- done
rank 16 | trajectory 2298 of circuit 2 -- done
rank 15 | trajectory 3106 of circuit 2 -- done
rank 16 | trajectory 2314 of circuit 3 -- done
rank 17 | trajectory 2423 of circuit 1 -- done
rank 11 | trajectory 379 of circuit 3 -- done
rank 21 | trajectory 841 of circuit 3 -- done
rank 16 | trajectory 23 of circuit 1 -- done
rank 24 | trajectory 3350 of circuit 1 -- done
rank 15 | trajectory 1197 of circuit 2 -- done
rank 7 | trajectory 3445 of circuit 2 -- done
rank 5 | trajectory 1927 of circuit 2 -- done
rank 9 | trajectory 987 of circuit 1 -- done
rank 9 | trajectory 237 of circuit 2 -- done
rank 6 | trajectory 336 of circuit 3 -- done
rank 0 | trajectory 1609 of circuit 2 -- done
rank 3 | trajectory 2935 of circuit 1 -- done
rank 21 | trajectory 1133 of circuit 3 -- done
rank 24 | trajectory 1592 of circuit 1 -- done
rank 22 | trajectory 3033 of circuit 1 -- done
rank 11 | trajectory 588 of circuit 1 -- done
rank 4 | trajectory 2219 of circuit 1 -- done
rank 20 | trajectory 1682 of circuit 2 -- done
rank 17 | trajectory 3540 of circuit 1 -- done
rank 22 | trajectory 2591 of circuit 3 -- done
rank 21 | trajectory 3574 of circuit 2 -- done
rank 13 | trajectory 1288 of circuit 3 -- done
rank 19 | trajectory 3790 of circuit 3 -- done
rank 20 | trajectory 2241 of circuit 3 -- done
rank 22 | trajectory 1675 of circuit 2 -- done
rank 2 | trajectory 1926 of circuit 3 -- done
rank 14 | trajectory 3439 of circuit 1 -- done
rank 20 | trajectory 2282 of circuit 3 -- done
rank 24 | trajectory 1000 of circuit 1 -- done
rank 14 | trajectory 1464 of circuit 1 -- done
rank 2 | trajectory 326 of circuit 2 -- done
rank 14 | trajectory 2739 of circuit 2 -- done
rank 4 | trajectory 1194 of circuit 2 -- done
rank 21 | trajectory 2749 of circuit 2 -- done
rank 18 | trajectory 3723 of circuit 1 -- done
rank 13 | trajectory 5 of circuit 2 -- done
rank 0 | trajectory 3151 of circuit 3 -- done
rank 20 | trajectory 2166 of circuit 1 -- done
rank 11 | trajectory 188 of circuit 1 -- done
rank 4 | trajectory 1319 of circuit 1 -- done
rank 10 | trajectory 2004 of circuit 1 -- done
rank 18 | trajectory 3090 of circuit 1 -- done
rank 10 | trajectory 362 of circuit 3 -- done
rank 0 | trajectory 2684 of circuit 1 -- done
rank 0 | trajectory 1001 of circuit 3 -- done
rank 10 | trajectory 3587 of circuit 3 -- done
rank 14 | trajectory 2230 of circuit 3 -- done
rank 10 | trajectory 2487 of circuit 1 -- done
rank 23 | trajectory 1142 of circuit 1 -- done
rank 16 | trajectory 1314 of circuit 3 -- done
rank 24 | trajectory 2184 of circuit 2 -- done
rank 1 | trajectory 609 of circuit 2 -- done
rank 6 | trajectory 636 of circuit 2 -- done
rank 16 | trajectory 948 of circuit 1 -- done
rank 17 | trajectory 3440 of circuit 2 -- done
rank 17 | trajectory 2340 of circuit 2 -- done
rank 13 | trajectory 113 of circuit 3 -- done
rank 0 | trajectory 2451 of circuit 1 -- done
rank 3 | trajectory 3452 of circuit 1 -- done
rank 12 | trajectory 3371 of circuit 1 -- done
rank 21 | trajectory 3749 of circuit 2 -- done
rank 9 | trajectory 1837 of circuit 1 -- done
rank 6 | trajectory 2836 of circuit 2 -- done
rank 13 | trajectory 2022 of circuit 2 -- done
rank 6 | trajectory 969 of circuit 1 -- done
rank 22 | trajectory 2708 of circuit 3 -- done
rank 6 | trajectory 36 of circuit 1 -- done
rank 21 | trajectory 1241 of circuit 3 -- done
rank 19 | trajectory 2490 of circuit 3 -- done
rank 15 | trajectory 2639 of circuit 3 -- done
rank 19 | trajectory 1557 of circuit 1 -- done
rank 24 | trajectory 1542 of circuit 3 -- done
rank 24 | trajectory 3634 of circuit 1 -- done
rank 9 | trajectory 862 of circuit 1 -- done
rank 24 | trajectory 2700 of circuit 2 -- done
rank 15 | trajectory 2189 of circuit 2 -- done
rank 1 | trajectory 493 of circuit 2 -- done
rank 22 | trajectory 2683 of circuit 2 -- done
rank 10 | trajectory 3429 of circuit 2 -- done
rank 22 | trajectory 475 of circuit 1 -- done
rank 22 | trajectory 2616 of circuit 2 -- done
rank 3 | trajectory 77 of circuit 2 -- done
rank 16 | trajectory 3681 of circuit 2 -- done
rank 22 | trajectory 1833 of circuit 2 -- done
rank 22 | trajectory 1166 of circuit 3 -- done
rank 16 | trajectory 723 of circuit 1 -- done
rank 18 | trajectory 2573 of circuit 1 -- done
rank 21 | trajectory 1466 of circuit 3 -- done
rank 10 | trajectory 2054 of circuit 2 -- done
rank 22 | trajectory 2416 of circuit 2 -- done
rank 19 | trajectory 1415 of circuit 2 -- done
rank 4 | trajectory 694 of circuit 3 -- done
rank 4 | trajectory 3419 of circuit 3 -- done
rank 21 | trajectory 1849 of circuit 1 -- done
rank 5 | trajectory 161 of circuit 1 -- done
rank 6 | trajectory 186 of circuit 2 -- done
rank 7 | trajectory 2853 of circuit 1 -- done
rank 11 | trajectory 1054 of circuit 2 -- done
rank 7 | trajectory 595 of circuit 1 -- done
rank 14 | trajectory 3147 of circuit 3 -- done
rank 24 | trajectory 159 of circuit 3 -- done
rank 21 | trajectory 1383 of circuit 2 -- done
rank 11 | trajectory 413 of circuit 1 -- done
rank 16 | trajectory 3031 of circuit 3 -- done
rank 7 | trajectory 2303 of circuit 1 -- done
rank 22 | trajectory 716 of circuit 3 -- done
rank 16 | trajectory 1506 of circuit 2 -- done
rank 21 | trajectory 708 of circuit 1 -- done
rank 15 | trajectory 3356 of circuit 1 -- done
rank 20 | trajectory 941 of circuit 3 -- done
rank 24 | trajectory 742 of circuit 2 -- done
rank 12 | trajectory 3688 of circuit 1 -- done
rank 0 | trajectory 2867 of circuit 2 -- done
rank 6 | trajectory 361 of circuit 2 -- done
rank 20 | trajectory 1066 of circuit 1 -- done
rank 0 | trajectory 2334 of circuit 3 -- done
rank 10 | trajectory 137 of circuit 1 -- done
rank 21 | trajectory 1091 of circuit 2 -- done
rank 7 | trajectory 1086 of circuit 2 -- done
rank 9 | trajectory 2254 of circuit 1 -- done
rank 4 | trajectory 2352 of circuit 2 -- done
rank 18 | trajectory 3065 of circuit 3 -- done
rank 9 | trajectory 2587 of circuit 2 -- done
rank 5 | trajectory 136 of circuit 1 -- done
rank 15 | trajectory 764 of circuit 3 -- done
rank 14 | trajectory 614 of circuit 2 -- done
rank 16 | trajectory 3256 of circuit 3 -- done
rank 16 | trajectory 48 of circuit 2 -- done
rank 22 | trajectory 1066 of circuit 3 -- done
rank 9 | trajectory 1637 of circuit 3 -- done
rank 2 | trajectory 985 of circuit 3 -- done
rank 19 | trajectory 1915 of circuit 1 -- done
rank 18 | trajectory 1932 of circuit 3 -- done
rank 3 | trajectory 2535 of circuit 1 -- done
rank 22 | trajectory 950 of circuit 2 -- done
rank 4 | trajectory 769 of circuit 3 -- done
rank 21 | trajectory 3341 of circuit 2 -- done
rank 17 | trajectory 1990 of circuit 1 -- done
rank 0 | trajectory 2401 of circuit 3 -- done
rank 21 | trajectory 608 of circuit 2 -- done
rank 0 | trajectory 684 of circuit 1 -- done
rank 4 | trajectory 2360 of circuit 3 -- done
rank 8 | trajectory 1262 of circuit 3 -- done
rank 20 | trajectory 3241 of circuit 3 -- done
rank 10 | trajectory 87 of circuit 1 -- done
rank 15 | trajectory 1389 of circuit 3 -- done
rank 23 | trajectory 650 of circuit 2 -- done
rank 6 | trajectory 3286 of circuit 1 -- done
rank 14 | trajectory 164 of circuit 1 -- done
rank 15 | trajectory 3272 of circuit 3 -- done
rank 10 | trajectory 2696 of circuit 3 -- done
rank 24 | trajectory 292 of circuit 1 -- done
rank 18 | trajectory 2807 of circuit 1 -- done
rank 9 | trajectory 2770 of circuit 3 -- done
rank 19 | trajectory 1632 of circuit 1 -- done
rank 12 | trajectory 605 of circuit 2 -- done
rank 19 | trajectory 2057 of circuit 2 -- done
rank 22 | trajectory 1541 of circuit 1 -- done
rank 2 | trajectory 310 of circuit 2 -- done
rank 16 | trajectory 1331 of circuit 2 -- done
rank 21 | trajectory 3641 of circuit 3 -- done
rank 19 | trajectory 2157 of circuit 1 -- done
rank 24 | trajectory 717 of circuit 2 -- done
rank 24 | trajectory 3534 of circuit 2 -- done
rank 10 | trajectory 3146 of circuit 2 -- done
rank 16 | trajectory 1123 of circuit 2 -- done
rank 23 | trajectory 2817 of circuit 2 -- done
rank 16 | trajectory 923 of circuit 3 -- done
rank 9 | trajectory 212 of circuit 1 -- done
rank 4 | trajectory 485 of circuit 1 -- done
rank 10 | trajectory 3004 of circuit 1 -- done
rank 22 | trajectory 250 of circuit 1 -- done
rank 1 | trajectory 3459 of circuit 1 -- done
rank 8 | trajectory 2387 of circuit 3 -- done
rank 21 | trajectory 591 of circuit 1 -- done
rank 18 | trajectory 790 of circuit 3 -- done
rank 19 | trajectory 915 of circuit 2 -- done
rank 16 | trajectory 489 of circuit 3 -- done
rank 23 | trajectory 2983 of circuit 1 -- done
rank 0 | trajectory 2192 of circuit 2 -- done
rank 18 | trajectory 3223 of circuit 3 -- done
rank 18 | trajectory 1048 of circuit 1 -- done
rank 0 | trajectory 3434 of circuit 1 -- done
rank 8 | trajectory 1970 of circuit 1 -- done
rank 1 | trajectory 1618 of circuit 1 -- done
rank 2 | trajectory 1810 of circuit 3 -- done
rank 18 | trajectory 3690 of circuit 2 -- done
rank 22 | trajectory 2791 of circuit 3 -- done
rank 0 | trajectory 9 of circuit 3 -- done
rank 9 | trajectory 587 of circuit 3 -- done
rank 2 | trajectory 451 of circuit 2 -- done
rank 11 | trajectory 2088 of circuit 1 -- done
rank 10 | trajectory 1196 of circuit 1 -- done
rank 18 | trajectory 357 of circuit 2 -- done
rank 10 | trajectory 1112 of circuit 2 -- done
rank 4 | trajectory 1885 of circuit 3 -- done
rank 11 | trajectory 1213 of circuit 2 -- done
rank 19 | trajectory 2924 of circuit 1 -- done
rank 8 | trajectory 1737 of circuit 1 -- done
rank 4 | trajectory 1794 of circuit 3 -- done
rank 1 | trajectory 1184 of circuit 3 -- done
rank 3 | trajectory 1268 of circuit 2 -- done
rank 18 | trajectory 2098 of circuit 3 -- done
rank 12 | trajectory 2230 of circuit 2 -- done
rank 4 | trajectory 2535 of circuit 3 -- done
rank 8 | trajectory 20 of circuit 2 -- done
rank 18 | trajectory 1515 of circuit 2 -- done
rank 12 | trajectory 1888 of circuit 3 -- done
rank 20 | trajectory 591 of circuit 2 -- done
rank 9 | trajectory 3487 of circuit 3 -- done
rank 11 | trajectory 2788 of circuit 2 -- done
rank 16 | trajectory 2664 of circuit 1 -- done
rank 21 | trajectory 874 of circuit 1 -- done
rank 0 | trajectory 2701 of circuit 1 -- done
rank 4 | trajectory 3310 of circuit 3 -- done
rank 19 | trajectory 1974 of circuit 2 -- done
rank 17 | trajectory 115 of circuit 1 -- done
rank 0 | trajectory 3176 of circuit 2 -- done
rank 9 | trajectory 554 of circuit 3 -- done
rank 21 | trajectory 466 of circuit 1 -- done
rank 16 | trajectory 2473 of circuit 2 -- done
rank 20 | trajectory 849 of circuit 2 -- done
rank 23 | trajectory 2500 of circuit 2 -- done
rank 2 | trajectory 3535 of circuit 2 -- done
rank 21 | trajectory 3008 of circuit 2 -- done
rank 24 | trajectory 575 of circuit 1 -- done
rank 20 | trajectory 1149 of circuit 2 -- done
rank 9 | trajectory 2295 of circuit 3 -- done
rank 17 | trajectory 2815 of circuit 2 -- done
rank 16 | trajectory 2181 of circuit 3 -- done
rank 23 | trajectory 450 of circuit 2 -- done
rank 4 | trajectory 960 of circuit 3 -- done
rank 8 | trajectory 3337 of circuit 1 -- done
rank 12 | trajectory 363 of circuit 1 -- done
rank 24 | trajectory 309 of circuit 3 -- done
rank 21 | trajectory 2858 of circuit 2 -- done
rank 5 | trajectory 2344 of circuit 1 -- done
rank 17 | trajectory 490 of circuit 1 -- done
rank 20 | trajectory 1816 of circuit 3 -- done
rank 4 | trajectory 3102 of circuit 2 -- done
rank 9 | trajectory 1762 of circuit 1 -- done
rank 14 | trajectory 1955 of circuit 2 -- done
rank 15 | trajectory 1814 of circuit 2 -- done
rank 10 | trajectory 2962 of circuit 2 -- done
rank 17 | trajectory 3740 of circuit 3 -- done
rank 6 | trajectory 1086 of circuit 1 -- done
rank 9 | trajectory 2920 of circuit 2 -- done
rank 11 | trajectory 313 of circuit 1 -- done
rank 11 | trajectory 563 of circuit 1 -- done
rank 1 | trajectory 1468 of circuit 2 -- done
rank 11 | trajectory 1971 of circuit 1 -- done
rank 12 | trajectory 705 of circuit 3 -- done
rank 7 | trajectory 711 of circuit 2 -- done
rank 14 | trajectory 2805 of circuit 1 -- done
rank 0 | trajectory 2109 of circuit 3 -- done
rank 10 | trajectory 2687 of circuit 2 -- done
rank 8 | trajectory 3470 of circuit 3 -- done
rank 15 | trajectory 1489 of circuit 1 -- done
rank 16 | trajectory 3431 of circuit 3 -- done
rank 15 | trajectory 789 of circuit 3 -- done
rank 6 | trajectory 2669 of circuit 2 -- done
rank 11 | trajectory 2988 of circuit 1 -- done
rank 11 | trajectory 3188 of circuit 1 -- done
rank 19 | trajectory 2865 of circuit 2 -- done
rank 22 | trajectory 3183 of circuit 2 -- done
rank 24 | trajectory 3392 of circuit 3 -- done
rank 24 | trajectory 475 of circuit 3 -- done
rank 22 | trajectory 1450 of circuit 3 -- done
rank 8 | trajectory 1812 of circuit 3 -- done
rank 14 | trajectory 2305 of circuit 2 -- done
rank 17 | trajectory 3315 of circuit 3 -- done
rank 24 | trajectory 1267 of circuit 2 -- done
rank 5 | trajectory 3427 of circuit 3 -- done
rank 3 | trajectory 2135 of circuit 2 -- done
rank 10 | trajectory 512 of circuit 2 -- done
rank 21 | trajectory 1266 of circuit 1 -- done
rank 4 | trajectory 3635 of circuit 2 -- done
rank 3 | trajectory 3518 of circuit 2 -- done
rank 14 | trajectory 189 of circuit 2 -- done
rank 5 | trajectory 1111 of circuit 2 -- done
rank 1 | trajectory 776 of circuit 1 -- done
rank 3 | trajectory 2052 of circuit 1 -- done
rank 6 | trajectory 2903 of circuit 1 -- done
rank 17 | trajectory 1648 of circuit 2 -- done
rank 19 | trajectory 2290 of circuit 3 -- done
rank 5 | trajectory 3036 of circuit 3 -- done
rank 15 | trajectory 3689 of circuit 3 -- done
rank 12 | trajectory 1305 of circuit 2 -- done
rank 6 | trajectory 3153 of circuit 2 -- done
rank 13 | trajectory 2697 of circuit 3 -- done
rank 22 | trajectory 1225 of circuit 1 -- done
rank 24 | trajectory 375 of circuit 2 -- done
rank 3 | trajectory 1835 of circuit 2 -- done
rank 15 | trajectory 2622 of circuit 1 -- done
rank 22 | trajectory 1500 of circuit 1 -- done
rank 11 | trajectory 3571 of circuit 3 -- done
rank 12 | trajectory 771 of circuit 2 -- done
rank 12 | trajectory 863 of circuit 2 -- done
rank 16 | trajectory 1014 of circuit 1 -- done
rank 15 | trajectory 1764 of circuit 1 -- done
rank 2 | trajectory 2601 of circuit 1 -- done
rank 8 | trajectory 2020 of circuit 1 -- done
rank 2 | trajectory 2835 of circuit 2 -- done
rank 14 | trajectory 3589 of circuit 3 -- done
rank 7 | trajectory 436 of circuit 3 -- done
rank 21 | trajectory 441 of circuit 1 -- done
rank 9 | trajectory 2487 of circuit 3 -- done
rank 11 | trajectory 163 of circuit 2 -- done
rank 10 | trajectory 1762 of circuit 3 -- done
rank 12 | trajectory 838 of circuit 3 -- done
rank 10 | trajectory 3487 of circuit 1 -- done
rank 13 | trajectory 2805 of circuit 2 -- done
rank 22 | trajectory 91 of circuit 1 -- done
rank 17 | trajectory 565 of circuit 3 -- done
rank 13 | trajectory 1338 of circuit 2 -- done
rank 3 | trajectory 3402 of circuit 1 -- done
rank 1 | trajectory 2634 of circuit 3 -- done
rank 22 | trajectory 3166 of circuit 2 -- done
rank 18 | trajectory 690 of circuit 3 -- done
rank 6 | trajectory 1161 of circuit 1 -- done
rank 7 | trajectory 986 of circuit 2 -- done
rank 3 | trajectory 18 of circuit 2 -- done
rank 0 | trajectory 3217 of circuit 1 -- done
rank 17 | trajectory 2223 of circuit 3 -- done
rank 1 | trajectory 3009 of circuit 3 -- done
rank 16 | trajectory 1289 of circuit 3 -- done
rank 1 | trajectory 3734 of circuit 2 -- done
rank 13 | trajectory 2655 of circuit 3 -- done
rank 24 | trajectory 1517 of circuit 3 -- done
rank 14 | trajectory 2814 of circuit 3 -- done
rank 0 | trajectory 3334 of circuit 1 -- done
rank 5 | trajectory 2652 of circuit 3 -- done
rank 20 | trajectory 424 of circuit 1 -- done
rank 4 | trajectory 1585 of circuit 1 -- done
rank 24 | trajectory 3584 of circuit 3 -- done
rank 15 | trajectory 1081 of circuit 3 -- done
rank 16 | trajectory 3323 of circuit 2 -- done
rank 15 | trajectory 131 of circuit 3 -- done
rank 15 | trajectory 3556 of circuit 2 -- done
rank 8 | trajectory 295 of circuit 2 -- done
rank 9 | trajectory 3304 of circuit 3 -- done
rank 22 | trajectory 1300 of circuit 3 -- done
rank 15 | trajectory 2656 of circuit 2 -- done
rank 7 | trajectory 1145 of circuit 3 -- done
rank 23 | trajectory 2750 of circuit 1 -- done
rank 15 | trajectory 389 of circuit 3 -- done
rank 0 | trajectory 3167 of circuit 3 -- done
rank 9 | trajectory 729 of circuit 1 -- done
rank 0 | trajectory 2267 of circuit 3 -- done
rank 15 | trajectory 1906 of circuit 2 -- done
rank 9 | trajectory 2437 of circuit 3 -- done
rank 8 | trajectory 2053 of circuit 2 -- done
rank 5 | trajectory 2119 of circuit 3 -- done
rank 21 | trajectory 2966 of circuit 1 -- done
rank 0 | trajectory 2934 of circuit 1 -- done
rank 20 | trajectory 241 of circuit 3 -- done
rank 11 | trajectory 2471 of circuit 1 -- done
rank 20 | trajectory 3274 of circuit 3 -- done
rank 11 | trajectory 2396 of circuit 3 -- done
rank 14 | trajectory 239 of circuit 1 -- done
rank 4 | trajectory 469 of circuit 1 -- done
rank 8 | trajectory 2820 of circuit 2 -- done
rank 23 | trajectory 1742 of circuit 2 -- done
rank 15 | trajectory 2664 of circuit 3 -- done
rank 18 | trajectory 2348 of circuit 3 -- done
rank 15 | trajectory 1739 of circuit 1 -- done
rank 12 | trajectory 3613 of circuit 2 -- done
rank 12 | trajectory 2788 of circuit 3 -- done
rank 21 | trajectory 2083 of circuit 3 -- done
rank 23 | trajectory 3300 of circuit 3 -- done
rank 6 | trajectory 1111 of circuit 1 -- done
rank 6 | trajectory 1969 of circuit 2 -- done
rank 6 | trajectory 878 of circuit 2 -- done
rank 8 | trajectory 3720 of circuit 2 -- done
rank 1 | trajectory 3143 of circuit 2 -- done
rank 23 | trajectory 3075 of circuit 3 -- done
rank 20 | trajectory 566 of circuit 3 -- done
rank 24 | trajectory 3459 of circuit 3 -- done
rank 16 | trajectory 2606 of circuit 2 -- done
rank 9 | trajectory 3004 of circuit 3 -- done
rank 12 | trajectory 3113 of circuit 3 -- done
rank 23 | trajectory 992 of circuit 2 -- done
rank 22 | trajectory 791 of circuit 1 -- done
rank 15 | trajectory 1964 of circuit 3 -- done
rank 4 | trajectory 3235 of circuit 3 -- done
rank 24 | trajectory 1475 of circuit 3 -- done
rank 22 | trajectory 508 of circuit 2 -- done
rank 16 | trajectory 1639 of circuit 1 -- done
rank 8 | trajectory 537 of circuit 1 -- done
rank 20 | trajectory 2849 of circuit 2 -- done
rank 3 | trajectory 1760 of circuit 2 -- done
rank 22 | trajectory 758 of circuit 2 -- done
rank 0 | trajectory 1576 of circuit 3 -- done
rank 5 | trajectory 411 of circuit 2 -- done
rank 5 | trajectory 1661 of circuit 3 -- done
rank 16 | trajectory 2889 of circuit 3 -- done
rank 2 | trajectory 1685 of circuit 2 -- done
rank 16 | trajectory 856 of circuit 1 -- done
rank 8 | trajectory 1220 of circuit 2 -- done
rank 1 | trajectory 884 of circuit 1 -- done
rank 6 | trajectory 2003 of circuit 3 -- done
rank 2 | trajectory 3585 of circuit 1 -- done
rank 23 | trajectory 2200 of circuit 2 -- done
rank 7 | trajectory 2603 of circuit 2 -- done
rank 17 | trajectory 3106 of circuit 1 -- done
rank 23 | trajectory 417 of circuit 1 -- done
rank 20 | trajectory 3199 of circuit 3 -- done
rank 21 | trajectory 766 of circuit 1 -- done
rank 3 | trajectory 1302 of circuit 3 -- done
rank 24 | trajectory 1809 of circuit 3 -- done
rank 2 | trajectory 2618 of circuit 1 -- done
rank 1 | trajectory 1043 of circuit 2 -- done
rank 23 | trajectory 2000 of circuit 1 -- done
rank 8 | trajectory 2103 of circuit 2 -- done
rank 4 | trajectory 669 of circuit 2 -- done
rank 16 | trajectory 381 of circuit 3 -- done
rank 4 | trajectory 794 of circuit 3 -- done
rank 15 | trajectory 547 of circuit 3 -- done
rank 8 | trajectory 2595 of circuit 3 -- done
rank 6 | trajectory 1861 of circuit 1 -- done
rank 8 | trajectory 3570 of circuit 3 -- done
rank 12 | trajectory 1538 of circuit 1 -- done
rank 9 | trajectory 2662 of circuit 1 -- done
rank 23 | trajectory 3442 of circuit 2 -- done
rank 3 | trajectory 60 of circuit 2 -- done
rank 4 | trajectory 3827 of circuit 3 -- done
rank 19 | trajectory 3374 of circuit 3 -- done
rank 24 | trajectory 2525 of circuit 1 -- done
rank 5 | trajectory 711 of circuit 1 -- done
rank 20 | trajectory 3091 of circuit 3 -- done
rank 23 | trajectory 1525 of circuit 1 -- done
rank 15 | trajectory 2322 of circuit 2 -- done
rank 17 | trajectory 2831 of circuit 2 -- done
rank 10 | trajectory 3687 of circuit 2 -- done
rank 14 | trajectory 3355 of circuit 1 -- done
rank 23 | trajectory 167 of circuit 1 -- done
rank 9 | trajectory 2729 of circuit 1 -- done
rank 11 | trajectory 288 of circuit 3 -- done
rank 6 | trajectory 761 of circuit 2 -- done
rank 17 | trajectory 940 of circuit 3 -- done
rank 22 | trajectory 1575 of circuit 2 -- done
rank 22 | trajectory 400 of circuit 3 -- done
rank 3 | trajectory 1635 of circuit 1 -- done
rank 19 | trajectory 690 of circuit 1 -- done
rank 17 | trajectory 1540 of circuit 2 -- done
rank 1 | trajectory 2084 of circuit 2 -- done
rank 14 | trajectory 314 of circuit 3 -- done
rank 8 | trajectory 3403 of circuit 3 -- done
rank 13 | trajectory 538 of circuit 1 -- done
rank 16 | trajectory 2639 of circuit 2 -- done
rank 15 | trajectory 1431 of circuit 2 -- done
rank 10 | trajectory 3471 of circuit 1 -- done
rank 13 | trajectory 988 of circuit 3 -- done
rank 17 | trajectory 2373 of circuit 1 -- done
rank 15 | trajectory 1239 of circuit 1 -- done
rank 3 | trajectory 2552 of circuit 2 -- done
rank 24 | trajectory 1559 of circuit 3 -- done
rank 17 | trajectory 331 of circuit 2 -- done
rank 16 | trajectory 1748 of circuit 1 -- done
rank 20 | trajectory 2599 of circuit 1 -- done
rank 10 | trajectory 2871 of circuit 1 -- done
rank 21 | trajectory 1999 of circuit 2 -- done
rank 16 | trajectory 1939 of circuit 2 -- done
rank 24 | trajectory 1925 of circuit 3 -- done
rank 1 | trajectory 2934 of circuit 3 -- done
rank 17 | trajectory 1381 of circuit 3 -- done
rank 11 | trajectory 1813 of circuit 3 -- done
rank 5 | trajectory 1411 of circuit 1 -- done
rank 1 | trajectory 676 of circuit 3 -- done
rank 1 | trajectory 2284 of circuit 3 -- done
rank 6 | trajectory 3703 of circuit 1 -- done
rank 23 | trajectory 3683 of circuit 3 -- done
rank 13 | trajectory 1238 of circuit 3 -- done
rank 1 | trajectory 3068 of circuit 1 -- done
rank 13 | trajectory 588 of circuit 2 -- done
rank 0 | trajectory 2851 of circuit 2 -- done
rank 20 | trajectory 116 of circuit 2 -- done
rank 3 | trajectory 2093 of circuit 2 -- done
rank 23 | trajectory 2892 of circuit 3 -- done
rank 8 | trajectory 737 of circuit 2 -- done
rank 12 | trajectory 313 of circuit 2 -- done
rank 6 | trajectory 3569 of circuit 1 -- done
rank 16 | trajectory 2456 of circuit 3 -- done
rank 24 | trajectory 2642 of circuit 2 -- done
rank 8 | trajectory 2778 of circuit 3 -- done
rank 12 | trajectory 2730 of circuit 2 -- done
rank 3 | trajectory 3068 of circuit 3 -- done
rank 17 | trajectory 465 of circuit 1 -- done
rank 8 | trajectory 2320 of circuit 1 -- done
rank 8 | trajectory 1712 of circuit 1 -- done
rank 19 | trajectory 2015 of circuit 2 -- done
rank 21 | trajectory 1599 of circuit 1 -- done
rank 8 | trajectory 1145 of circuit 1 -- done
rank 8 | trajectory 387 of circuit 1 -- done
rank 13 | trajectory 1013 of circuit 3 -- done
rank 16 | trajectory 2789 of circuit 3 -- done
rank 24 | trajectory 3442 of circuit 3 -- done
rank 13 | trajectory 3488 of circuit 2 -- done
rank 1 | trajectory 959 of circuit 1 -- done
rank 12 | trajectory 1813 of circuit 1 -- done
rank 22 | trajectory 2400 of circuit 2 -- done
rank 2 | trajectory 1160 of circuit 1 -- done
rank 18 | trajectory 3182 of circuit 3 -- done
rank 24 | trajectory 184 of circuit 2 -- done
rank 17 | trajectory 2873 of circuit 3 -- done
rank 0 | trajectory 2984 of circuit 2 -- done
rank 21 | trajectory 2416 of circuit 1 -- done
rank 7 | trajectory 3053 of circuit 2 -- done
rank 12 | trajectory 2255 of circuit 2 -- done
rank 8 | trajectory 1670 of circuit 3 -- done
rank 18 | trajectory 3573 of circuit 1 -- done
rank 0 | trajectory 3067 of circuit 1 -- done
rank 0 | trajectory 709 of circuit 3 -- done
rank 11 | trajectory 3738 of circuit 2 -- done
rank 19 | trajectory 2474 of circuit 3 -- done
rank 2 | trajectory 1985 of circuit 3 -- done
rank 0 | trajectory 2626 of circuit 1 -- done
rank 6 | trajectory 3169 of circuit 1 -- done
rank 21 | trajectory 2649 of circuit 2 -- done
rank 24 | trajectory 875 of circuit 2 -- done
rank 1 | trajectory 243 of circuit 2 -- done
rank 8 | trajectory 3553 of circuit 3 -- done
rank 12 | trajectory 1063 of circuit 1 -- done
rank 1 | trajectory 718 of circuit 3 -- done
rank 18 | trajectory 2957 of circuit 1 -- done
rank 7 | trajectory 20 of circuit 1 -- done
rank 7 | trajectory 3636 of circuit 3 -- done
rank 4 | trajectory 1294 of circuit 1 -- done
rank 4 | trajectory 2069 of circuit 3 -- done
rank 7 | trajectory 2195 of circuit 3 -- done
rank 6 | trajectory 2069 of circuit 2 -- done
rank 13 | trajectory 3222 of circuit 1 -- done
rank 13 | trajectory 2955 of circuit 1 -- done
rank 7 | trajectory 645 of circuit 1 -- done
rank 9 | trajectory 3087 of circuit 2 -- done
rank 11 | trajectory 229 of circuit 1 -- done
rank 0 | trajectory 3701 of circuit 2 -- done
rank 12 | trajectory 2088 of circuit 3 -- done
rank 11 | trajectory 2129 of circuit 2 -- done
rank 1 | trajectory 318 of circuit 2 -- done
rank 7 | trajectory 2245 of circuit 3 -- done
rank 14 | trajectory 3405 of circuit 1 -- done
rank 19 | trajectory 3224 of circuit 3 -- done
rank 3 | trajectory 2068 of circuit 1 -- done
rank 7 | trajectory 1770 of circuit 1 -- done
rank 2 | trajectory 2285 of circuit 1 -- done
rank 13 | trajectory 847 of circuit 1 -- done
rank 22 | trajectory 1408 of circuit 3 -- done
rank 22 | trajectory 1916 of circuit 2 -- done
rank 7 | trajectory 611 of circuit 3 -- done
rank 18 | trajectory 2290 of circuit 1 -- done
rank 23 | trajectory 558 of circuit 3 -- done
rank 2 | trajectory 951 of circuit 1 -- done
rank 18 | trajectory 1623 of circuit 2 -- done
rank 19 | trajectory 2090 of circuit 1 -- done
rank 11 | trajectory 3404 of circuit 3 -- done
rank 21 | trajectory 2466 of circuit 3 -- done
rank 0 | trajectory 2084 of circuit 3 -- done
rank 20 | trajectory 2457 of circuit 3 -- done
rank 6 | trajectory 1886 of circuit 3 -- done
rank 21 | trajectory 1608 of circuit 1 -- done
rank 23 | trajectory 1950 of circuit 1 -- done
rank 9 | trajectory 2787 of circuit 3 -- done
rank 12 | trajectory 1996 of circuit 3 -- done
rank 0 | trajectory 2709 of circuit 2 -- done
rank 15 | trajectory 639 of circuit 3 -- done
rank 3 | trajectory 3435 of circuit 2 -- done
rank 16 | trajectory 3123 of circuit 3 -- done
rank 7 | trajectory 3286 of circuit 2 -- done
rank 6 | trajectory 1461 of circuit 3 -- done
rank 22 | trajectory 1700 of circuit 1 -- done
rank 6 | trajectory 3519 of circuit 3 -- done
rank 22 | trajectory 2950 of circuit 1 -- done
rank 0 | trajectory 1342 of circuit 1 -- done
rank 19 | trajectory 1949 of circuit 2 -- done
rank 17 | trajectory 3773 of circuit 3 -- done
rank 19 | trajectory 1382 of circuit 2 -- done
rank 12 | trajectory 96 of circuit 1 -- done
rank 12 | trajectory 2405 of circuit 2 -- done
rank 2 | trajectory 551 of circuit 3 -- done
rank 9 | trajectory 3754 of circuit 1 -- done
rank 22 | trajectory 2966 of circuit 3 -- done
rank 24 | trajectory 909 of circuit 2 -- done
rank 20 | trajectory 3149 of circuit 3 -- done
rank 17 | trajectory 3206 of circuit 3 -- done
rank 8 | trajectory 2687 of circuit 3 -- done
rank 0 | trajectory 1709 of circuit 3 -- done
rank 1 | trajectory 576 of circuit 2 -- done
rank 14 | trajectory 2855 of circuit 3 -- done
rank 23 | trajectory 2167 of circuit 2 -- done
rank 5 | trajectory 1061 of circuit 2 -- done
rank 21 | trajectory 58 of circuit 2 -- done
rank 17 | trajectory 798 of circuit 2 -- done
rank 14 | trajectory 2414 of circuit 3 -- done
rank 5 | trajectory 1436 of circuit 1 -- done
rank 22 | trajectory 3483 of circuit 2 -- done
rank 17 | trajectory 1523 of circuit 1 -- done
rank 21 | trajectory 308 of circuit 2 -- done
rank 24 | trajectory 350 of circuit 3 -- done
rank 21 | trajectory 2016 of circuit 2 -- done
rank 23 | trajectory 142 of circuit 2 -- done
rank 18 | trajectory 3507 of circuit 1 -- done
rank 14 | trajectory 3755 of circuit 3 -- done
rank 22 | trajectory 741 of circuit 3 -- done
rank 1 | trajectory 3426 of circuit 3 -- done
rank 20 | trajectory 1632 of circuit 3 -- done
rank 15 | trajectory 1889 of circuit 2 -- done
rank 15 | trajectory 1714 of circuit 2 -- done
rank 24 | trajectory 1725 of circuit 1 -- done
rank 24 | trajectory 1325 of circuit 1 -- done
rank 20 | trajectory 1549 of circuit 3 -- done
rank 14 | trajectory 1364 of circuit 1 -- done
rank 21 | trajectory 549 of circuit 3 -- done
rank 21 | trajectory 1908 of circuit 3 -- done
rank 23 | trajectory 2867 of circuit 1 -- done
rank 0 | trajectory 1884 of circuit 1 -- done
rank 12 | trajectory 3705 of circuit 1 -- done
rank 4 | trajectory 194 of circuit 1 -- done
rank 15 | trajectory 2089 of circuit 2 -- done
rank 1 | trajectory 2909 of circuit 2 -- done
rank 7 | trajectory 503 of circuit 2 -- done
rank 11 | trajectory 2004 of circuit 2 -- done
rank 12 | trajectory 3321 of circuit 2 -- done
rank 15 | trajectory 2506 of circuit 3 -- done
rank 12 | trajectory 2621 of circuit 1 -- done
rank 21 | trajectory 2766 of circuit 2 -- done
rank 16 | trajectory 3714 of circuit 3 -- done
rank 13 | trajectory 3638 of circuit 3 -- done
rank 9 | trajectory 3454 of circuit 1 -- done
rank 22 | trajectory 2533 of circuit 2 -- done
rank 7 | trajectory 2936 of circuit 1 -- done
rank 18 | trajectory 248 of circuit 1 -- done
rank 0 | trajectory 3601 of circuit 3 -- done
rank 15 | trajectory 3772 of circuit 3 -- done
rank 2 | trajectory 2968 of circuit 1 -- done
rank 20 | trajectory 2732 of circuit 1 -- done
rank 23 | trajectory 2150 of circuit 2 -- done
rank 2 | trajectory 576 of circuit 1 -- done
rank 7 | trajectory 2311 of circuit 1 -- done
rank 0 | trajectory 1959 of circuit 3 -- done
rank 18 | trajectory 3790 of circuit 1 -- done
rank 5 | trajectory 3102 of circuit 3 -- done
rank 21 | trajectory 2683 of circuit 3 -- done
rank 21 | trajectory 691 of circuit 3 -- done
rank 3 | trajectory 3752 of circuit 2 -- done
rank 14 | trajectory 3722 of circuit 2 -- done
rank 18 | trajectory 2657 of circuit 3 -- done
rank 12 | trajectory 2771 of circuit 1 -- done
rank 18 | trajectory 2832 of circuit 2 -- done
rank 22 | trajectory 1025 of circuit 2 -- done
rank 13 | trajectory 3722 of circuit 3 -- done
rank 16 | trajectory 1898 of circuit 2 -- done
rank 13 | trajectory 1138 of circuit 1 -- done
rank 20 | trajectory 2366 of circuit 3 -- done
rank 21 | trajectory 1166 of circuit 1 -- done
rank 20 | trajectory 2066 of circuit 3 -- done
rank 3 | trajectory 2377 of circuit 2 -- done
rank 1 | trajectory 3234 of circuit 2 -- done
rank 18 | trajectory 3057 of circuit 1 -- done
rank 23 | trajectory 2025 of circuit 2 -- done
rank 7 | trajectory 1553 of circuit 3 -- done
rank 13 | trajectory 1788 of circuit 3 -- done
rank 18 | trajectory 2457 of circuit 2 -- done
rank 12 | trajectory 1671 of circuit 1 -- done
rank 9 | trajectory 2937 of circuit 3 -- done
rank 7 | trajectory 3061 of circuit 2 -- done
rank 1 | trajectory 1426 of circuit 1 -- done
rank 17 | trajectory 3273 of circuit 1 -- done
rank 13 | trajectory 2355 of circuit 2 -- done
rank 0 | trajectory 959 of circuit 2 -- done
rank 2 | trajectory 2701 of circuit 3 -- done
rank 6 | trajectory 1394 of circuit 1 -- done
rank 2 | trajectory 2668 of circuit 3 -- done
rank 1 | trajectory 3209 of circuit 2 -- done
rank 23 | trajectory 2400 of circuit 3 -- done
rank 19 | trajectory 3574 of circuit 1 -- done
rank 20 | trajectory 1857 of circuit 3 -- done
rank 16 | trajectory 3506 of circuit 1 -- done
rank 12 | trajectory 280 of circuit 2 -- done
rank 2 | trajectory 1510 of circuit 3 -- done
rank 1 | trajectory 1326 of circuit 2 -- done
rank 5 | trajectory 1461 of circuit 2 -- done
rank 16 | trajectory 2539 of circuit 2 -- done
rank 3 | trajectory 3118 of circuit 3 -- done
rank 5 | trajectory 3419 of circuit 1 -- done
rank 1 | trajectory 3751 of circuit 2 -- done
rank 23 | trajectory 3250 of circuit 2 -- done
rank 8 | trajectory 2303 of circuit 2 -- done
rank 15 | trajectory 3006 of circuit 3 -- done
rank 20 | trajectory 16 of circuit 2 -- done
rank 15 | trajectory 247 of circuit 1 -- done
rank 2 | trajectory 510 of circuit 2 -- done
rank 13 | trajectory 2188 of circuit 1 -- done
rank 2 | trajectory 1435 of circuit 2 -- done
rank 2 | trajectory 3443 of circuit 2 -- done
rank 8 | trajectory 1337 of circuit 2 -- done
rank 12 | trajectory 3571 of circuit 1 -- done
rank 22 | trajectory 1366 of circuit 3 -- done
rank 1 | trajectory 1393 of circuit 2 -- done
rank 19 | trajectory 3624 of circuit 3 -- done
rank 16 | trajectory 264 of circuit 2 -- done
rank 23 | trajectory 783 of circuit 3 -- done
rank 5 | trajectory 1036 of circuit 1 -- done
rank 21 | trajectory 2933 of circuit 3 -- done
rank 3 | trajectory 3293 of circuit 3 -- done
rank 17 | trajectory 2906 of circuit 1 -- done
rank 20 | trajectory 3432 of circuit 3 -- done
rank 24 | trajectory 1042 of circuit 2 -- done
rank 6 | trajectory 2169 of circuit 2 -- done
rank 10 | trajectory 162 of circuit 3 -- done
rank 0 | trajectory 3834 of circuit 1 -- done
rank 18 | trajectory 1540 of circuit 1 -- done
rank 13 | trajectory 1738 of circuit 2 -- done
rank 1 | trajectory 1584 of circuit 1 -- done
rank 19 | trajectory 2349 of circuit 2 -- done
rank 19 | trajectory 3207 of circuit 1 -- done
rank 9 | trajectory 3720 of circuit 3 -- done
rank 2 | trajectory 110 of circuit 3 -- done
rank 23 | trajectory 392 of circuit 2 -- done
rank 16 | trajectory 473 of circuit 3 -- done
rank 8 | trajectory 1012 of circuit 3 -- done
rank 13 | trajectory 338 of circuit 3 -- done
rank 16 | trajectory 1539 of circuit 3 -- done
rank 7 | trajectory 3570 of circuit 1 -- done
rank 14 | trajectory 414 of circuit 3 -- done
rank 6 | trajectory 2886 of circuit 2 -- done
rank 9 | trajectory 3062 of circuit 3 -- done
rank 17 | trajectory 1340 of circuit 3 -- done
rank 2 | trajectory 1943 of circuit 3 -- done
rank 18 | trajectory 1265 of circuit 2 -- done
rank 1 | trajectory 1084 of circuit 2 -- done
rank 22 | trajectory 2166 of circuit 2 -- done
rank 13 | trajectory 2922 of circuit 3 -- done
rank 23 | trajectory 2825 of circuit 3 -- done
rank 5 | trajectory 3086 of circuit 1 -- done
rank 23 | trajectory 2067 of circuit 2 -- done
rank 9 | trajectory 3179 of circuit 1 -- done
rank 3 | trajectory 410 of circuit 3 -- done
rank 20 | trajectory 324 of circuit 1 -- done
rank 21 | trajectory 566 of circuit 1 -- done
rank 7 | trajectory 770 of circuit 2 -- done
rank 17 | trajectory 2290 of circuit 2 -- done
rank 21 | trajectory 3733 of circuit 2 -- done
rank 4 | trajectory 994 of circuit 2 -- done
rank 5 | trajectory 1019 of circuit 1 -- done
rank 7 | trajectory 2503 of circuit 3 -- done
rank 3 | trajectory 910 of circuit 2 -- done
rank 21 | trajectory 2108 of circuit 2 -- done
rank 19 | trajectory 1082 of circuit 2 -- done
rank 22 | trajectory 3466 of circuit 2 -- done
rank 4 | trajectory 144 of circuit 3 -- done
rank 24 | trajectory 2100 of circuit 3 -- done
rank 3 | trajectory 710 of circuit 3 -- done
rank 5 | trajectory 2436 of circuit 2 -- done
rank 1 | trajectory 3368 of circuit 1 -- done
rank 13 | trajectory 755 of circuit 2 -- done
rank 20 | trajectory 3416 of circuit 1 -- done
rank 23 | trajectory 2558 of circuit 3 -- done
rank 18 | trajectory 1440 of circuit 3 -- done
rank 20 | trajectory 1982 of circuit 1 -- done
rank 9 | trajectory 1595 of circuit 2 -- done
rank 24 | trajectory 2467 of circuit 2 -- done
rank 11 | trajectory 613 of circuit 3 -- done
rank 12 | trajectory 1846 of circuit 2 -- done
rank 18 | trajectory 2273 of circuit 2 -- done
rank 9 | trajectory 1737 of circuit 3 -- done
rank 14 | trajectory 1064 of circuit 3 -- done
rank 13 | trajectory 2438 of circuit 2 -- done
rank 24 | trajectory 1450 of circuit 1 -- done
rank 9 | trajectory 687 of circuit 3 -- done
rank 9 | trajectory 1162 of circuit 1 -- done
rank 1 | trajectory 3801 of circuit 2 -- done
rank 22 | trajectory 116 of circuit 1 -- done
rank 22 | trajectory 3291 of circuit 3 -- done
rank 13 | trajectory 363 of circuit 2 -- done
rank 1 | trajectory 2326 of circuit 2 -- done
rank 0 | trajectory 1451 of circuit 2 -- done
rank 13 | trajectory 3105 of circuit 2 -- done
rank 19 | trajectory 1274 of circuit 2 -- done
rank 19 | trajectory 3649 of circuit 2 -- done
rank 21 | trajectory 3416 of circuit 2 -- done
rank 9 | trajectory 762 of circuit 3 -- done
rank 22 | trajectory 2066 of circuit 1 -- done
rank 21 | trajectory 3424 of circuit 3 -- done
rank 9 | trajectory 3354 of circuit 3 -- done
rank 18 | trajectory 3673 of circuit 2 -- done
rank 6 | trajectory 2111 of circuit 2 -- done
rank 8 | trajectory 587 of circuit 1 -- done
rank 6 | trajectory 1361 of circuit 3 -- done
rank 0 | trajectory 751 of circuit 3 -- done
rank 7 | trajectory 1361 of circuit 2 -- done
rank 15 | trajectory 1664 of circuit 2 -- done
rank 22 | trajectory 3208 of circuit 2 -- done
rank 11 | trajectory 2388 of circuit 1 -- done
rank 21 | trajectory 2366 of circuit 1 -- done
rank 23 | trajectory 3183 of circuit 1 -- done
rank 24 | trajectory 25 of circuit 1 -- done
rank 21 | trajectory 1374 of circuit 1 -- done
rank 9 | trajectory 112 of circuit 3 -- done
rank 2 | trajectory 535 of circuit 1 -- done
rank 23 | trajectory 317 of circuit 3 -- done
rank 5 | trajectory 2927 of circuit 3 -- done
rank 5 | trajectory 3819 of circuit 2 -- done
rank 21 | trajectory 1966 of circuit 1 -- done
rank 19 | trajectory 1240 of circuit 2 -- done
rank 11 | trajectory 488 of circuit 3 -- done
rank 14 | trajectory 5 of circuit 3 -- done
rank 18 | trajectory 1240 of circuit 1 -- done
rank 14 | trajectory 3614 of circuit 3 -- done
rank 16 | trajectory 1723 of circuit 2 -- done
rank 1 | trajectory 2784 of circuit 3 -- done
rank 23 | trajectory 1425 of circuit 1 -- done
rank 15 | trajectory 122 of circuit 1 -- done
rank 19 | trajectory 2099 of circuit 2 -- done
rank 17 | trajectory 531 of circuit 2 -- done
rank 4 | trajectory 3035 of circuit 2 -- done
rank 23 | trajectory 1433 of circuit 2 -- done
rank 17 | trajectory 3490 of circuit 2 -- done
rank 18 | trajectory 1815 of circuit 1 -- done
rank 2 | trajectory 1068 of circuit 1 -- done
rank 21 | trajectory 991 of circuit 1 -- done
rank 0 | trajectory 3609 of circuit 1 -- done
rank 13 | trajectory 1822 of circuit 1 -- done
rank 1 | trajectory 1109 of circuit 2 -- done
rank 18 | trajectory 2040 of circuit 1 -- done
rank 24 | trajectory 3067 of circuit 2 -- done
rank 23 | trajectory 200 of circuit 2 -- done
rank 16 | trajectory 2123 of circuit 2 -- done
rank 10 | trajectory 1587 of circuit 2 -- done
rank 20 | trajectory 1049 of circuit 3 -- done
rank 13 | trajectory 480 of circuit 2 -- done
rank 19 | trajectory 3732 of circuit 3 -- done
rank 1 | trajectory 2851 of circuit 3 -- done
rank 2 | trajectory 2010 of circuit 3 -- done
rank 7 | trajectory 1911 of circuit 3 -- done
rank 11 | trajectory 638 of circuit 1 -- done
rank 1 | trajectory 1409 of circuit 3 -- done
rank 15 | trajectory 3472 of circuit 2 -- done
rank 3 | trajectory 2252 of circuit 3 -- done
rank 21 | trajectory 674 of circuit 2 -- done
rank 16 | trajectory 3239 of circuit 2 -- done
rank 11 | trajectory 1738 of circuit 1 -- done
rank 16 | trajectory 1573 of circuit 2 -- done
rank 7 | trajectory 3486 of circuit 2 -- done
rank 23 | trajectory 2592 of circuit 3 -- done
rank 13 | trajectory 2972 of circuit 1 -- done
rank 10 | trajectory 2187 of circuit 3 -- done
rank 24 | trajectory 1125 of circuit 1 -- done
rank 3 | trajectory 1410 of circuit 1 -- done
rank 8 | trajectory 3687 of circuit 1 -- done
rank 5 | trajectory 111 of circuit 2 -- done
rank 18 | trajectory 2857 of circuit 3 -- done
rank 10 | trajectory 2237 of circuit 1 -- done
rank 9 | trajectory 2629 of circuit 1 -- done
rank 22 | trajectory 3566 of circuit 2 -- done
rank 12 | trajectory 1130 of circuit 2 -- done
rank 18 | trajectory 2323 of circuit 1 -- done
rank 0 | trajectory 2184 of circuit 3 -- done
rank 4 | trajectory 1460 of circuit 3 -- done
rank 15 | trajectory 3706 of circuit 1 -- done
rank 5 | trajectory 3536 of circuit 2 -- done
rank 16 | trajectory 1039 of circuit 1 -- done
rank 8 | trajectory 2153 of circuit 1 -- done
rank 17 | trajectory 506 of circuit 1 -- done
rank 7 | trajectory 1345 of circuit 1 -- done
rank 2 | trajectory 2068 of circuit 2 -- done
rank 15 | trajectory 2539 of circuit 1 -- done
rank 16 | trajectory 564 of circuit 2 -- done
rank 8 | trajectory 953 of circuit 2 -- done
rank 20 | trajectory 974 of circuit 1 -- done
rank 10 | trajectory 2637 of circuit 2 -- done
rank 20 | trajectory 516 of circuit 1 -- done
rank 2 | trajectory 3051 of circuit 3 -- done
rank 19 | trajectory 2807 of circuit 2 -- done
rank 9 | trajectory 2720 of circuit 1 -- done
rank 0 | trajectory 884 of circuit 2 -- done
rank 1 | trajectory 3176 of circuit 3 -- done
rank 5 | trajectory 2786 of circuit 1 -- done
rank 12 | trajectory 2955 of circuit 3 -- done
rank 15 | trajectory 1647 of circuit 1 -- done
rank 13 | trajectory 1422 of circuit 3 -- done
rank 1 | trajectory 2018 of circuit 2 -- done
rank 20 | trajectory 3499 of circuit 1 -- done
rank 23 | trajectory 683 of circuit 3 -- done
rank 0 | trajectory 3126 of circuit 2 -- done
rank 0 | trajectory 209 of circuit 3 -- done
rank 19 | trajectory 2390 of circuit 1 -- done
rank 12 | trajectory 3638 of circuit 2 -- done
rank 2 | trajectory 2560 of circuit 3 -- done
rank 22 | trajectory 1741 of circuit 3 -- done
rank 22 | trajectory 3650 of circuit 1 -- done
rank 21 | trajectory 816 of circuit 3 -- done
rank 1 | trajectory 9 of circuit 2 -- done
rank 18 | trajectory 2540 of circuit 3 -- done
rank 12 | trajectory 3505 of circuit 3 -- done
rank 8 | trajectory 3095 of circuit 3 -- done
rank 13 | trajectory 1722 of circuit 2 -- done
rank 16 | trajectory 3764 of circuit 3 -- done
rank 2 | trajectory 710 of circuit 1 -- done
rank 22 | trajectory 366 of circuit 3 -- done
rank 3 | trajectory 2402 of circuit 1 -- done
rank 12 | trajectory 3255 of circuit 3 -- done
rank 13 | trajectory 3280 of circuit 3 -- done
rank 6 | trajectory 3819 of circuit 3 -- done
rank 6 | trajectory 1611 of circuit 3 -- done
rank 3 | trajectory 352 of circuit 3 -- done
rank 22 | trajectory 3833 of circuit 2 -- done
rank 2 | trajectory 1535 of circuit 3 -- done
rank 4 | trajectory 1819 of circuit 1 -- done
rank 11 | trajectory 3121 of circuit 3 -- done
rank 8 | trajectory 2037 of circuit 1 -- done
rank 17 | trajectory 173 of circuit 2 -- done
rank 2 | trajectory 3301 of circuit 1 -- done
rank 0 | trajectory 317 of circuit 2 -- done
rank 11 | trajectory 2838 of circuit 2 -- done
rank 21 | trajectory 1416 of circuit 2 -- done
rank 16 | trajectory 1798 of circuit 1 -- done
rank 16 | trajectory 656 of circuit 1 -- done
rank 13 | trajectory 2938 of circuit 1 -- done
rank 2 | trajectory 1785 of circuit 2 -- done
rank 20 | trajectory 549 of circuit 2 -- done
rank 5 | trajectory 3044 of circuit 3 -- done
rank 7 | trajectory 2536 of circuit 1 -- done
rank 14 | trajectory 789 of circuit 2 -- done
rank 15 | trajectory 3289 of circuit 2 -- done
rank 11 | trajectory 2871 of circuit 2 -- done
rank 12 | trajectory 2963 of circuit 2 -- done
rank 7 | trajectory 2970 of circuit 1 -- done
rank 17 | trajectory 2565 of circuit 3 -- done
rank 19 | trajectory 1840 of circuit 1 -- done
rank 8 | trajectory 853 of circuit 1 -- done
rank 6 | trajectory 2736 of circuit 1 -- done
rank 9 | trajectory 2537 of circuit 3 -- done
rank 1 | trajectory 1918 of circuit 3 -- done
rank 12 | trajectory 2521 of circuit 2 -- done
rank 7 | trajectory 3136 of circuit 3 -- done
rank 17 | trajectory 1831 of circuit 2 -- done
rank 23 | trajectory 3500 of circuit 1 -- done
rank 15 | trajectory 314 of circuit 1 -- done
rank 5 | trajectory 3727 of circuit 3 -- done
rank 5 | trajectory 2152 of circuit 1 -- done
rank 19 | trajectory 3724 of circuit 3 -- done
rank 2 | trajectory 2518 of circuit 2 -- done
rank 8 | trajectory 3237 of circuit 2 -- done
rank 3 | trajectory 2618 of circuit 3 -- done
rank 2 | trajectory 2351 of circuit 3 -- done
rank 16 | trajectory 2089 of circuit 3 -- done
rank 9 | trajectory 54 of circuit 1 -- done
rank 7 | trajectory 1261 of circuit 1 -- done
rank 23 | trajectory 2433 of circuit 3 -- done
rank 5 | trajectory 1977 of circuit 3 -- done
rank 3 | trajectory 1968 of circuit 2 -- done
rank 7 | trajectory 795 of circuit 1 -- done
rank 10 | trajectory 3054 of circuit 1 -- done
rank 0 | trajectory 1151 of circuit 2 -- done
rank 23 | trajectory 2933 of circuit 2 -- done
rank 7 | trajectory 2086 of circuit 3 -- done
rank 3 | trajectory 3718 of circuit 2 -- done
rank 2 | trajectory 1251 of circuit 1 -- done
rank 18 | trajectory 2673 of circuit 3 -- done
rank 13 | trajectory 1613 of circuit 2 -- done
rank 13 | trajectory 3088 of circuit 1 -- done
rank 0 | trajectory 1384 of circuit 2 -- done
rank 6 | trajectory 586 of circuit 3 -- done
rank 13 | trajectory 297 of circuit 3 -- done
rank 14 | trajectory 1239 of circuit 2 -- done
rank 12 | trajectory 3796 of circuit 2 -- done
rank 16 | trajectory 1689 of circuit 2 -- done
rank 15 | trajectory 864 of circuit 3 -- done
rank 16 | trajectory 514 of circuit 1 -- done
rank 2 | trajectory 3235 of circuit 2 -- done
rank 10 | trajectory 1029 of circuit 2 -- done
rank 9 | trajectory 1529 of circuit 1 -- done
rank 23 | trajectory 342 of circuit 2 -- done
rank 9 | trajectory 662 of circuit 3 -- done
rank 23 | trajectory 2217 of circuit 2 -- done
rank 16 | trajectory 2773 of circuit 3 -- done
rank 2 | trajectory 3201 of circuit 1 -- done
rank 16 | trajectory 2939 of circuit 1 -- done
rank 23 | trajectory 3717 of circuit 3 -- done
rank 12 | trajectory 2688 of circuit 3 -- done
rank 17 | trajectory 2806 of circuit 3 -- done
rank 12 | trajectory 1505 of circuit 2 -- done
rank 21 | trajectory 2916 of circuit 2 -- done
rank 11 | trajectory 963 of circuit 1 -- done
rank 4 | trajectory 1410 of circuit 2 -- done
rank 22 | trajectory 325 of circuit 2 -- done
rank 8 | trajectory 628 of circuit 3 -- done
rank 0 | trajectory 384 of circuit 1 -- done
rank 10 | trajectory 637 of circuit 2 -- done
rank 19 | trajectory 3074 of circuit 3 -- done
rank 12 | trajectory 163 of circuit 3 -- done
rank 1 | trajectory 818 of circuit 2 -- done
rank 21 | trajectory 3033 of circuit 2 -- done
rank 24 | trajectory 3217 of circuit 2 -- done
rank 21 | trajectory 3608 of circuit 2 -- done
rank 24 | trajectory 1150 of circuit 3 -- done
rank 12 | trajectory 1346 of circuit 1 -- done
rank 8 | trajectory 337 of circuit 2 -- done
rank 10 | trajectory 2371 of circuit 3 -- done
rank 8 | trajectory 1303 of circuit 2 -- done
rank 2 | trajectory 2335 of circuit 1 -- done
rank 15 | trajectory 2122 of circuit 3 -- done
rank 1 | trajectory 2126 of circuit 3 -- done
rank 16 | trajectory 589 of circuit 3 -- done
rank 15 | trajectory 1522 of circuit 2 -- done
rank 16 | trajectory 348 of circuit 2 -- done
rank 21 | trajectory 249 of circuit 1 -- done
rank 23 | trajectory 3725 of circuit 2 -- done
rank 23 | trajectory 775 of circuit 2 -- done
rank 8 | trajectory 3787 of circuit 1 -- done
rank 6 | trajectory 2586 of circuit 3 -- done
rank 4 | trajectory 2252 of circuit 2 -- done
rank 17 | trajectory 1406 of circuit 1 -- done
rank 9 | trajectory 3404 of circuit 2 -- done
rank 2 | trajectory 2718 of circuit 1 -- done
rank 11 | trajectory 3438 of circuit 1 -- done
rank 17 | trajectory 1923 of circuit 3 -- done
rank 24 | trajectory 1200 of circuit 3 -- done
rank 15 | trajectory 1264 of circuit 3 -- done
rank 21 | trajectory 1649 of circuit 2 -- done
rank 12 | trajectory 1871 of circuit 1 -- done
rank 18 | trajectory 2757 of circuit 2 -- done
rank 10 | trajectory 3346 of circuit 2 -- done
rank 12 | trajectory 188 of circuit 3 -- done
rank 6 | trajectory 3069 of circuit 3 -- done
rank 2 | trajectory 726 of circuit 3 -- done
rank 5 | trajectory 211 of circuit 3 -- done
rank 3 | trajectory 3385 of circuit 2 -- done
rank 17 | trajectory 981 of circuit 2 -- done
rank 22 | trajectory 1875 of circuit 1 -- done
rank 24 | trajectory 500 of circuit 1 -- done
rank 14 | trajectory 2897 of circuit 2 -- done
rank 10 | trajectory 3637 of circuit 2 -- done
rank 0 | trajectory 409 of circuit 1 -- done
rank 0 | trajectory 1559 of circuit 1 -- done
rank 24 | trajectory 2684 of circuit 2 -- done
rank 0 | trajectory 734 of circuit 2 -- done
rank 9 | trajectory 337 of circuit 3 -- done
rank 15 | trajectory 447 of circuit 1 -- done
rank 19 | trajectory 2857 of circuit 1 -- done
rank 22 | trajectory 2933 of circuit 1 -- done
rank 21 | trajectory 149 of circuit 3 -- done
rank 22 | trajectory 2350 of circuit 2 -- done
rank 1 | trajectory 868 of circuit 2 -- done
rank 4 | trajectory 2769 of circuit 1 -- done
rank 3 | trajectory 3468 of circuit 3 -- done
rank 0 | trajectory 3392 of circuit 2 -- done
rank 5 | trajectory 352 of circuit 2 -- done
rank 19 | trajectory 1199 of circuit 1 -- done
rank 7 | trajectory 936 of circuit 1 -- done
rank 6 | trajectory 3461 of circuit 3 -- done
rank 2 | trajectory 126 of circuit 3 -- done
rank 3 | trajectory 302 of circuit 2 -- done
rank 7 | trajectory 3803 of circuit 1 -- done
rank 3 | trajectory 3202 of circuit 1 -- done
rank 8 | trajectory 1228 of circuit 1 -- done
rank 8 | trajectory 2203 of circuit 1 -- done
rank 23 | trajectory 3383 of circuit 2 -- done
rank 10 | trajectory 2304 of circuit 3 -- done
rank 17 | trajectory 2198 of circuit 3 -- done
rank 22 | trajectory 133 of circuit 2 -- done
rank 2 | trajectory 1710 of circuit 2 -- done
rank 3 | trajectory 2885 of circuit 2 -- done
rank 7 | trajectory 2103 of circuit 3 -- done
rank 11 | trajectory 138 of circuit 3 -- done
rank 4 | trajectory 1869 of circuit 1 -- done
rank 17 | trajectory 2506 of circuit 1 -- done
rank 18 | trajectory 3457 of circuit 1 -- done
rank 4 | trajectory 1619 of circuit 2 -- done
rank 11 | trajectory 2954 of circuit 3 -- done
rank 9 | trajectory 2954 of circuit 1 -- done
rank 5 | trajectory 3719 of circuit 3 -- done
rank 2 | trajectory 3418 of circuit 1 -- done
rank 2 | trajectory 3701 of circuit 1 -- done
rank 17 | trajectory 2356 of circuit 2 -- done
rank 7 | trajectory 3186 of circuit 2 -- done
rank 1 | trajectory 1643 of circuit 2 -- done
rank 7 | trajectory 453 of circuit 2 -- done
rank 6 | trajectory 3453 of circuit 3 -- done
rank 12 | trajectory 3271 of circuit 3 -- done
rank 18 | trajectory 1007 of circuit 3 -- done
rank 10 | trajectory 1912 of circuit 2 -- done
rank 12 | trajectory 3721 of circuit 2 -- done
rank 21 | trajectory 799 of circuit 2 -- done
rank 0 | trajectory 1776 of circuit 3 -- done
rank 22 | trajectory 1516 of circuit 3 -- done
rank 18 | trajectory 132 of circuit 3 -- done
rank 8 | trajectory 2845 of circuit 3 -- done
rank 13 | trajectory 1497 of circuit 2 -- done
rank 0 | trajectory 3726 of circuit 2 -- done
rank 7 | trajectory 2270 of circuit 1 -- done
rank 8 | trajectory 3670 of circuit 3 -- done
rank 5 | trajectory 2736 of circuit 2 -- done
rank 4 | trajectory 2452 of circuit 3 -- done
rank 1 | trajectory 209 of circuit 2 -- done
rank 8 | trajectory 2437 of circuit 1 -- done
rank 16 | trajectory 2998 of circuit 2 -- done
rank 0 | trajectory 859 of circuit 2 -- done
rank 18 | trajectory 1465 of circuit 2 -- done
rank 5 | trajectory 686 of circuit 2 -- done
rank 9 | trajectory 3054 of circuit 3 -- done
rank 13 | trajectory 413 of circuit 3 -- done
rank 16 | trajectory 1256 of circuit 3 -- done
rank 9 | trajectory 2420 of circuit 1 -- done
rank 14 | trajectory 1997 of circuit 3 -- done
rank 1 | trajectory 1843 of circuit 1 -- done
rank 23 | trajectory 1500 of circuit 2 -- done
rank 15 | trajectory 3172 of circuit 1 -- done
rank 9 | trajectory 1979 of circuit 3 -- done
rank 11 | trajectory 1321 of circuit 1 -- done
rank 8 | trajectory 845 of circuit 1 -- done
rank 9 | trajectory 1887 of circuit 3 -- done
rank 1 | trajectory 2768 of circuit 2 -- done
rank 21 | trajectory 1041 of circuit 1 -- done
rank 23 | trajectory 2633 of circuit 3 -- done
rank 7 | trajectory 1303 of circuit 3 -- done
rank 8 | trajectory 228 of circuit 3 -- done
rank 17 | trajectory 1323 of circuit 3 -- done
rank 11 | trajectory 338 of circuit 2 -- done
rank 3 | trajectory 435 of circuit 1 -- done
rank 3 | trajectory 485 of circuit 2 -- done
rank 16 | trajectory 156 of circuit 2 -- done
rank 19 | trajectory 2724 of circuit 1 -- done
rank 9 | trajectory 2887 of circuit 3 -- done
rank 23 | trajectory 3317 of circuit 3 -- done
rank 11 | trajectory 121 of circuit 1 -- done
rank 14 | trajectory 722 of circuit 1 -- done
rank 21 | trajectory 374 of circuit 3 -- done
rank 10 | trajectory 3712 of circuit 2 -- done
rank 1 | trajectory 1784 of circuit 3 -- done
rank 18 | trajectory 1890 of circuit 3 -- done
rank 10 | trajectory 2521 of circuit 3 -- done
rank 3 | trajectory 2193 of circuit 2 -- done
rank 18 | trajectory 665 of circuit 2 -- done
rank 1 | trajectory 1984 of circuit 3 -- done
rank 23 | trajectory 2250 of circuit 1 -- done
rank 1 | trajectory 1484 of circuit 2 -- done
rank 18 | trajectory 215 of circuit 1 -- done
rank 19 | trajectory 1315 of circuit 3 -- done
rank 8 | trajectory 3070 of circuit 2 -- done
rank 16 | trajectory 1956 of circuit 3 -- done
rank 12 | trajectory 3646 of circuit 2 -- done
rank 14 | trajectory 3505 of circuit 2 -- done
rank 6 | trajectory 2136 of circuit 2 -- done
rank 8 | trajectory 3178 of circuit 2 -- done
rank 22 | trajectory 3766 of circuit 3 -- done
rank 22 | trajectory 541 of circuit 3 -- done
rank 8 | trajectory 3587 of circuit 2 -- done
rank 3 | trajectory 3693 of circuit 3 -- done
rank 7 | trajectory 3703 of circuit 2 -- done
rank 7 | trajectory 86 of circuit 3 -- done
rank 5 | trajectory 3286 of circuit 3 -- done
rank 0 | trajectory 1034 of circuit 2 -- done
rank 21 | trajectory 341 of circuit 2 -- done
rank 17 | trajectory 631 of circuit 2 -- done
rank 21 | trajectory 3466 of circuit 1 -- done
rank 12 | trajectory 2338 of circuit 2 -- done
rank 23 | trajectory 833 of circuit 3 -- done
rank 19 | trajectory 3640 of circuit 1 -- done
rank 23 | trajectory 1467 of circuit 3 -- done
rank 15 | trajectory 372 of circuit 3 -- done
rank 10 | trajectory 2071 of circuit 1 -- done
rank 17 | trajectory 1440 of circuit 2 -- done
rank 16 | trajectory 698 of circuit 3 -- done
rank 13 | trajectory 3372 of circuit 1 -- done
rank 2 | trajectory 2868 of circuit 3 -- done
rank 22 | trajectory 2983 of circuit 3 -- done
rank 17 | trajectory 956 of circuit 3 -- done
rank 21 | trajectory 2508 of circuit 2 -- done
rank 15 | trajectory 1072 of circuit 2 -- done
rank 12 | trajectory 246 of circuit 1 -- done
rank 8 | trajectory 1928 of circuit 3 -- done
rank 13 | trajectory 1913 of circuit 2 -- done
rank 7 | trajectory 2586 of circuit 2 -- done
rank 13 | trajectory 2038 of circuit 2 -- done
rank 13 | trajectory 3538 of circuit 2 -- done
rank 1 | trajectory 443 of circuit 1 -- done
rank 0 | trajectory 3801 of circuit 3 -- done
rank 23 | trajectory 817 of circuit 2 -- done
rank 17 | trajectory 3723 of circuit 2 -- done
rank 24 | trajectory 50 of circuit 1 -- done
rank 19 | trajectory 2624 of circuit 2 -- done
rank 24 | trajectory 100 of circuit 2 -- done
rank 3 | trajectory 2227 of circuit 2 -- done
rank 7 | trajectory 1645 of circuit 2 -- done
rank 12 | trajectory 913 of circuit 3 -- done
rank 3 | trajectory 1885 of circuit 2 -- done
rank 19 | trajectory 2207 of circuit 2 -- done
rank 23 | trajectory 2233 of circuit 3 -- done
rank 17 | trajectory 2665 of circuit 2 -- done
rank 20 | trajectory 699 of circuit 1 -- done
rank 1 | trajectory 1293 of circuit 2 -- done
rank 15 | trajectory 1022 of circuit 2 -- done
rank 24 | trajectory 134 of circuit 2 -- done
rank 3 | trajectory 868 of circuit 3 -- done
rank 17 | trajectory 806 of circuit 3 -- done
rank 8 | trajectory 70 of circuit 1 -- done
rank 16 | trajectory 2139 of circuit 2 -- done
rank 18 | trajectory 3423 of circuit 3 -- done
rank 5 | trajectory 969 of circuit 3 -- done
rank 2 | trajectory 168 of circuit 2 -- done
rank 19 | trajectory 3057 of circuit 2 -- done
rank 11 | trajectory 1863 of circuit 3 -- done
rank 7 | trajectory 545 of circuit 2 -- done
rank 6 | trajectory 3 of circuit 3 -- done
rank 19 | trajectory 3665 of circuit 2 -- done
rank 5 | trajectory 544 of circuit 1 -- done
rank 7 | trajectory 811 of circuit 3 -- done
rank 19 | trajectory 99 of circuit 2 -- done
rank 5 | trajectory 2036 of circuit 2 -- done
rank 19 | trajectory 1799 of circuit 2 -- done
rank 18 | trajectory 2523 of circuit 1 -- done
rank 9 | trajectory 612 of circuit 2 -- done
rank 17 | trajectory 765 of circuit 3 -- done
rank 11 | trajectory 3704 of circuit 2 -- done
rank 22 | trajectory 225 of circuit 2 -- done
rank 11 | trajectory 1263 of circuit 1 -- done
rank 10 | trajectory 1662 of circuit 3 -- done
rank 18 | trajectory 1698 of circuit 3 -- done
rank 2 | trajectory 3310 of circuit 2 -- done
rank 24 | trajectory 2417 of circuit 1 -- done
rank 23 | trajectory 2667 of circuit 1 -- done
rank 7 | trajectory 1203 of circuit 3 -- done
rank 22 | trajectory 991 of circuit 3 -- done
rank 15 | trajectory 2606 of circuit 1 -- done
rank 15 | trajectory 222 of circuit 2 -- done
rank 21 | trajectory 3099 of circuit 3 -- done
rank 1 | trajectory 943 of circuit 2 -- done
rank 10 | trajectory 3137 of circuit 2 -- done
rank 11 | trajectory 3354 of circuit 2 -- done
rank 1 | trajectory 1234 of circuit 2 -- done
rank 16 | trajectory 989 of circuit 2 -- done
rank 11 | trajectory 988 of circuit 2 -- done
rank 14 | trajectory 214 of circuit 3 -- done
rank 5 | trajectory 2702 of circuit 1 -- done
rank 12 | trajectory 738 of circuit 1 -- done
rank 2 | trajectory 1993 of circuit 3 -- done
rank 7 | trajectory 1195 of circuit 2 -- done
rank 0 | trajectory 3384 of circuit 3 -- done
rank 19 | trajectory 3174 of circuit 1 -- done
rank 12 | trajectory 2021 of circuit 2 -- done
rank 5 | trajectory 577 of circuit 2 -- done
rank 11 | trajectory 1463 of circuit 2 -- done
rank 18 | trajectory 898 of circuit 2 -- done
rank 12 | trajectory 1413 of circuit 3 -- done
rank 21 | trajectory 1549 of circuit 2 -- done
rank 24 | trajectory 450 of circuit 3 -- done
rank 12 | trajectory 780 of circuit 2 -- done
rank 1 | trajectory 2826 of circuit 2 -- done
rank 10 | trajectory 3821 of circuit 1 -- done
rank 5 | trajectory 2186 of circuit 1 -- done
rank 1 | trajectory 1868 of circuit 3 -- done
rank 3 | trajectory 2435 of circuit 1 -- done
rank 6 | trajectory 1136 of circuit 2 -- done
rank 6 | trajectory 686 of circuit 1 -- done
rank 19 | trajectory 3015 of circuit 3 -- done
rank 7 | trajectory 1111 of circuit 3 -- done
rank 20 | trajectory 2699 of circuit 3 -- done
rank 18 | trajectory 123 of circuit 2 -- done
rank 0 | trajectory 2459 of circuit 3 -- done
rank 16 | trajectory 1223 of circuit 1 -- done
rank 13 | trajectory 1038 of circuit 1 -- done
rank 21 | trajectory 3083 of circuit 1 -- done
rank 18 | trajectory 565 of circuit 1 -- done
rank 16 | trajectory 1464 of circuit 2 -- done
rank 21 | trajectory 1749 of circuit 1 -- done
rank 0 | trajectory 1092 of circuit 1 -- done
rank 9 | trajectory 2312 of circuit 3 -- done
rank 12 | trajectory 2638 of circuit 1 -- done
rank 12 | trajectory 413 of circuit 2 -- done
rank 15 | trajectory 689 of circuit 1 -- done
rank 24 | trajectory 675 of circuit 2 -- done
rank 13 | trajectory 1305 of circuit 3 -- done
rank 8 | trajectory 2337 of circuit 2 -- done
rank 1 | trajectory 1709 of circuit 2 -- done
rank 1 | trajectory 68 of circuit 2 -- done
rank 17 | trajectory 2615 of circuit 2 -- done
rank 0 | trajectory 134 of circuit 1 -- done
rank 18 | trajectory 323 of circuit 2 -- done
rank 24 | trajectory 2450 of circuit 2 -- done
rank 13 | trajectory 138 of circuit 1 -- done
rank 7 | trajectory 336 of circuit 2 -- done
rank 23 | trajectory 2908 of circuit 2 -- done
rank 0 | trajectory 3484 of circuit 2 -- done
rank 21 | trajectory 1024 of circuit 1 -- done
rank 14 | trajectory 3055 of circuit 2 -- done
rank 22 | trajectory 650 of circuit 3 -- done
rank 7 | trajectory 495 of circuit 2 -- done
rank 24 | trajectory 950 of circuit 1 -- done
rank 3 | trajectory 2168 of circuit 2 -- done
rank 18 | trajectory 2240 of circuit 3 -- done
rank 0 | trajectory 3101 of circuit 2 -- done
rank 20 | trajectory 166 of circuit 3 -- done
rank 15 | trajectory 1222 of circuit 3 -- done
rank 24 | trajectory 3017 of circuit 3 -- done
rank 9 | trajectory 2445 of circuit 3 -- done
rank 13 | trajectory 1163 of circuit 3 -- done
rank 24 | trajectory 125 of circuit 2 -- done
rank 13 | trajectory 2288 of circuit 2 -- done
rank 13 | trajectory 2080 of circuit 2 -- done
rank 2 | trajectory 3768 of circuit 2 -- done
rank 3 | trajectory 1785 of circuit 3 -- done
rank 5 | trajectory 3619 of circuit 2 -- done
rank 15 | trajectory 997 of circuit 2 -- done
rank 23 | trajectory 1550 of circuit 2 -- done
rank 14 | trajectory 2789 of circuit 1 -- done
rank 1 | trajectory 1318 of circuit 3 -- done
rank 5 | trajectory 736 of circuit 3 -- done
rank 0 | trajectory 1826 of circuit 2 -- done
rank 17 | trajectory 3023 of circuit 1 -- done
rank 4 | trajectory 319 of circuit 2 -- done
rank 6 | trajectory 1911 of circuit 1 -- done
rank 2 | trajectory 1143 of circuit 2 -- done
rank 7 | trajectory 411 of circuit 1 -- done
rank 12 | trajectory 2871 of circuit 3 -- done
rank 15 | trajectory 64 of circuit 1 -- done
rank 15 | trajectory 422 of circuit 2 -- done
rank 8 | trajectory 2087 of circuit 2 -- done
rank 2 | trajectory 1235 of circuit 1 -- done
rank 17 | trajectory 2106 of circuit 3 -- done
rank 0 | trajectory 584 of circuit 1 -- done
rank 0 | trajectory 2767 of circuit 1 -- done
rank 7 | trajectory 2370 of circuit 2 -- done
rank 13 | trajectory 2572 of circuit 2 -- done
rank 17 | trajectory 1240 of circuit 3 -- done
rank 13 | trajectory 3838 of circuit 2 -- done
rank 2 | trajectory 2168 of circuit 1 -- done
rank 13 | trajectory 463 of circuit 2 -- done
rank 7 | trajectory 3670 of circuit 1 -- done
rank 7 | trajectory 2953 of circuit 1 -- done
rank 17 | trajectory 3223 of circuit 1 -- done
rank 0 | trajectory 3776 of circuit 3 -- done
rank 18 | trajectory 3173 of circuit 1 -- done
rank 9 | trajectory 3254 of circuit 2 -- done
rank 12 | trajectory 1738 of circuit 3 -- done
rank 13 | trajectory 788 of circuit 3 -- done
rank 2 | trajectory 2235 of circuit 1 -- done
rank 20 | trajectory 3082 of circuit 3 -- done
rank 19 | trajectory 599 of circuit 1 -- done
rank 23 | trajectory 742 of circuit 1 -- done
rank 20 | trajectory 3449 of circuit 2 -- done
rank 14 | trajectory 1789 of circuit 1 -- done
rank 8 | trajectory 3320 of circuit 1 -- done
rank 2 | trajectory 2760 of circuit 2 -- done
rank 12 | trajectory 463 of circuit 1 -- done
rank 22 | trajectory 2250 of circuit 2 -- done
rank 11 | trajectory 1688 of circuit 2 -- done
rank 17 | trajectory 2531 of circuit 3 -- done
rank 9 | trajectory 2687 of circuit 1 -- done
rank 17 | trajectory 256 of circuit 2 -- done
rank 13 | trajectory 2072 of circuit 3 -- done
rank 8 | trajectory 2920 of circuit 1 -- done
rank 7 | trajectory 295 of circuit 1 -- done
rank 4 | trajectory 619 of circuit 1 -- done
rank 19 | trajectory 482 of circuit 3 -- done
rank 8 | trajectory 1162 of circuit 3 -- done
rank 11 | trajectory 2154 of circuit 2 -- done
rank 24 | trajectory 1659 of circuit 3 -- done
rank 17 | trajectory 2890 of circuit 1 -- done
rank 17 | trajectory 1731 of circuit 2 -- done
rank 23 | trajectory 1658 of circuit 3 -- done
rank 18 | trajectory 3040 of circuit 3 -- done
rank 6 | trajectory 2369 of circuit 2 -- done
rank 1 | trajectory 3251 of circuit 2 -- done
rank 3 | trajectory 2718 of circuit 3 -- done
rank 0 | trajectory 2301 of circuit 2 -- done
rank 21 | trajectory 3766 of circuit 2 -- done
rank 0 | trajectory 3684 of circuit 1 -- done
rank 9 | trajectory 904 of circuit 3 -- done
rank 8 | trajectory 2937 of circuit 2 -- done
rank 2 | trajectory 2851 of circuit 1 -- done
rank 15 | trajectory 1122 of circuit 1 -- done
rank 15 | trajectory 947 of circuit 2 -- done
rank 17 | trajectory 3365 of circuit 2 -- done
rank 18 | trajectory 3257 of circuit 2 -- done
rank 17 | trajectory 1940 of circuit 2 -- done
rank 10 | trajectory 2954 of circuit 2 -- done
rank 0 | trajectory 2617 of circuit 3 -- done
rank 3 | trajectory 2318 of circuit 2 -- done
rank 14 | trajectory 3072 of circuit 1 -- done
rank 17 | trajectory 3556 of circuit 3 -- done
rank 5 | trajectory 344 of circuit 2 -- done
rank 5 | trajectory 1219 of circuit 2 -- done
rank 1 | trajectory 2793 of circuit 3 -- done
rank 18 | trajectory 1773 of circuit 2 -- done
rank 13 | trajectory 2313 of circuit 2 -- done
rank 24 | trajectory 900 of circuit 3 -- done
rank 13 | trajectory 3355 of circuit 3 -- done
rank 8 | trajectory 2587 of circuit 1 -- done
rank 19 | trajectory 15 of circuit 2 -- done
rank 7 | trajectory 1970 of circuit 2 -- done
rank 6 | trajectory 2703 of circuit 2 -- done
rank 3 | trajectory 1218 of circuit 2 -- done
rank 16 | trajectory 1423 of circuit 2 -- done
rank 16 | trajectory 3073 of circuit 3 -- done
rank 8 | trajectory 887 of circuit 1 -- done
rank 3 | trajectory 110 of circuit 2 -- done
rank 11 | trajectory 1013 of circuit 2 -- done
rank 15 | trajectory 3672 of circuit 3 -- done
rank 2 | trajectory 3010 of circuit 2 -- done
rank 8 | trajectory 2553 of circuit 2 -- done
rank 8 | trajectory 1420 of circuit 2 -- done
rank 8 | trajectory 3653 of circuit 1 -- done
rank 23 | trajectory 925 of circuit 2 -- done
rank 5 | trajectory 1261 of circuit 3 -- done
rank 0 | trajectory 1934 of circuit 3 -- done
rank 1 | trajectory 3668 of circuit 3 -- done
rank 9 | trajectory 2504 of circuit 1 -- done
rank 12 | trajectory 538 of circuit 2 -- done
rank 24 | trajectory 975 of circuit 1 -- done
rank 18 | trajectory 2973 of circuit 3 -- done
rank 9 | trajectory 279 of circuit 2 -- done
rank 19 | trajectory 2957 of circuit 2 -- done
rank 1 | trajectory 993 of circuit 1 -- done
rank 14 | trajectory 2489 of circuit 2 -- done
rank 23 | trajectory 1117 of circuit 2 -- done
rank 20 | trajectory 3749 of circuit 1 -- done
rank 12 | trajectory 488 of circuit 2 -- done
rank 23 | trajectory 883 of circuit 3 -- done
rank 7 | trajectory 2170 of circuit 2 -- done
rank 6 | trajectory 86 of circuit 2 -- done
rank 9 | trajectory 2654 of circuit 3 -- done
rank 16 | trajectory 1173 of circuit 1 -- done
rank 24 | trajectory 67 of circuit 1 -- done
rank 12 | trajectory 1396 of circuit 1 -- done
rank 24 | trajectory 1342 of circuit 2 -- done
rank 4 | trajectory 544 of circuit 3 -- done
rank 15 | trajectory 1697 of circuit 1 -- done
rank 12 | trajectory 3438 of circuit 2 -- done
rank 22 | trajectory 825 of circuit 2 -- done
rank 22 | trajectory 891 of circuit 3 -- done
rank 16 | trajectory 639 of circuit 2 -- done
rank 11 | trajectory 1113 of circuit 3 -- done
rank 17 | trajectory 3173 of circuit 3 -- done
rank 12 | trajectory 2438 of circuit 3 -- done
rank 14 | trajectory 1889 of circuit 3 -- done
rank 22 | trajectory 975 of circuit 2 -- done
rank 7 | trajectory 1428 of circuit 3 -- done
rank 10 | trajectory 3021 of circuit 2 -- done
rank 6 | trajectory 2619 of circuit 2 -- done
rank 17 | trajectory 3056 of circuit 3 -- done
rank 15 | trajectory 747 of circuit 1 -- done
rank 6 | trajectory 136 of circuit 2 -- done
rank 19 | trajectory 2674 of circuit 2 -- done
rank 4 | trajectory 3652 of circuit 1 -- done
rank 3 | trajectory 3818 of circuit 3 -- done
rank 4 | trajectory 894 of circuit 2 -- done
rank 18 | trajectory 1565 of circuit 3 -- done
rank 23 | trajectory 3533 of circuit 2 -- done
rank 21 | trajectory 41 of circuit 3 -- done
rank 16 | trajectory 148 of circuit 3 -- done
rank 17 | trajectory 3823 of circuit 2 -- done
rank 11 | trajectory 2454 of circuit 1 -- done
rank 3 | trajectory 2152 of circuit 3 -- done
rank 19 | trajectory 3557 of circuit 3 -- done
rank 6 | trajectory 2411 of circuit 3 -- done
rank 19 | trajectory 2140 of circuit 2 -- done
rank 16 | trajectory 214 of circuit 1 -- done
rank 16 | trajectory 1098 of circuit 2 -- done
rank 0 | trajectory 2376 of circuit 2 -- done
rank 7 | trajectory 1670 of circuit 1 -- done
rank 12 | trajectory 2838 of circuit 1 -- done
rank 24 | trajectory 2392 of circuit 3 -- done
rank 1 | trajectory 3684 of circuit 3 -- done
rank 24 | trajectory 1625 of circuit 3 -- done
rank 22 | trajectory 3116 of circuit 3 -- done
rank 3 | trajectory 810 of circuit 2 -- done
rank 14 | trajectory 1589 of circuit 2 -- done
rank 4 | trajectory 1010 of circuit 1 -- done
rank 17 | trajectory 2923 of circuit 1 -- done
rank 22 | trajectory 1641 of circuit 2 -- done
rank 21 | trajectory 116 of circuit 3 -- done
rank 8 | trajectory 2887 of circuit 1 -- done
rank 21 | trajectory 1191 of circuit 2 -- done
rank 23 | trajectory 2083 of circuit 2 -- done
rank 23 | trajectory 3483 of circuit 3 -- done
rank 18 | trajectory 1490 of circuit 2 -- done
rank 16 | trajectory 1923 of circuit 1 -- done
rank 7 | trajectory 3495 of circuit 2 -- done
rank 16 | trajectory 3639 of circuit 2 -- done
rank 23 | trajectory 42 of circuit 3 -- done
rank 17 | trajectory 2756 of circuit 3 -- done
rank 10 | trajectory 2379 of circuit 3 -- done
rank 11 | trajectory 2171 of circuit 3 -- done
rank 2 | trajectory 3185 of circuit 1 -- done
rank 1 | trajectory 468 of circuit 1 -- done
rank 21 | trajectory 2149 of circuit 2 -- done
rank 23 | trajectory 2133 of circuit 2 -- done
rank 12 | trajectory 1471 of circuit 1 -- done
rank 12 | trajectory 271 of circuit 1 -- done
rank 11 | trajectory 946 of circuit 1 -- done
rank 17 | trajectory 3115 of circuit 2 -- done
rank 22 | trajectory 575 of circuit 2 -- done
rank 21 | trajectory 1224 of circuit 1 -- done
rank 16 | trajectory 823 of circuit 1 -- done
rank 23 | trajectory 1892 of circuit 3 -- done
rank 2 | trajectory 1660 of circuit 1 -- done
rank 10 | trajectory 3187 of circuit 2 -- done
rank 16 | trajectory 1189 of circuit 1 -- done
rank 10 | trajectory 312 of circuit 3 -- done
rank 6 | trajectory 444 of circuit 1 -- done
rank 24 | trajectory 2167 of circuit 3 -- done
rank 14 | trajectory 1289 of circuit 2 -- done
rank 0 | trajectory 3409 of circuit 2 -- done
rank 14 | trajectory 2939 of circuit 3 -- done
rank 23 | trajectory 1933 of circuit 3 -- done
rank 7 | trajectory 1953 of circuit 3 -- done
rank 18 | trajectory 3773 of circuit 2 -- done
rank 15 | trajectory 2972 of circuit 3 -- done
rank 17 | trajectory 915 of circuit 1 -- done
rank 23 | trajectory 1275 of circuit 2 -- done
rank 24 | trajectory 3317 of circuit 1 -- done
rank 18 | trajectory 3490 of circuit 1 -- done
rank 0 | trajectory 2517 of circuit 2 -- done
rank 5 | trajectory 2886 of circuit 3 -- done
rank 7 | trajectory 695 of circuit 2 -- done
rank 14 | trajectory 3772 of circuit 2 -- done
rank 13 | trajectory 3138 of circuit 1 -- done
rank 13 | trajectory 163 of circuit 1 -- done
rank 17 | trajectory 3356 of circuit 2 -- done
rank 15 | trajectory 472 of circuit 3 -- done
rank 8 | trajectory 1912 of circuit 3 -- done
rank 20 | trajectory 1224 of circuit 3 -- done
rank 1 | trajectory 3401 of circuit 3 -- done
rank 15 | trajectory 2339 of circuit 3 -- done
rank 2 | trajectory 1335 of circuit 3 -- done
rank 8 | trajectory 1053 of circuit 2 -- done
rank 19 | trajectory 2990 of circuit 2 -- done
rank 10 | trajectory 2112 of circuit 2 -- done
rank 7 | trajectory 270 of circuit 1 -- done
rank 12 | trajectory 1705 of circuit 3 -- done
rank 10 | trajectory 846 of circuit 3 -- done
rank 24 | trajectory 3300 of circuit 1 -- done
rank 22 | trajectory 2008 of circuit 3 -- done
rank 18 | trajectory 1365 of circuit 2 -- done
rank 3 | trajectory 460 of circuit 1 -- done
rank 7 | trajectory 1611 of circuit 1 -- done
rank 14 | trajectory 2505 of circuit 1 -- done
rank 8 | trajectory 2253 of circuit 2 -- done
rank 8 | trajectory 3362 of circuit 3 -- done
rank 12 | trajectory 1646 of circuit 1 -- done
rank 14 | trajectory 1689 of circuit 1 -- done
rank 0 | trajectory 2667 of circuit 2 -- done
rank 18 | trajectory 640 of circuit 2 -- done
rank 19 | trajectory 824 of circuit 2 -- done
rank 7 | trajectory 1695 of circuit 1 -- done
rank 22 | trajectory 3250 of circuit 1 -- done
rank 0 | trajectory 526 of circuit 2 -- done
rank 21 | trajectory 3683 of circuit 2 -- done
rank 6 | trajectory 486 of circuit 1 -- done
rank 0 | trajectory 1134 of circuit 3 -- done
rank 9 | trajectory 3812 of circuit 2 -- done
rank 2 | trajectory 285 of circuit 3 -- done
rank 1 | trajectory 293 of circuit 2 -- done
rank 15 | trajectory 2572 of circuit 3 -- done
rank 22 | trajectory 1391 of circuit 2 -- done
rank 4 | trajectory 3485 of circuit 1 -- done
rank 7 | trajectory 2736 of circuit 3 -- done
rank 2 | trajectory 2301 of circuit 3 -- done
rank 10 | trajectory 3262 of circuit 1 -- done
rank 8 | trajectory 2837 of circuit 2 -- done
rank 7 | trajectory 3236 of circuit 2 -- done
rank 10 | trajectory 2196 of circuit 3 -- done
rank 24 | trajectory 1392 of circuit 3 -- done
rank 6 | trajectory 386 of circuit 1 -- done
rank 22 | trajectory 1325 of circuit 3 -- done
rank 1 | trajectory 1159 of circuit 1 -- done
rank 5 | trajectory 3402 of circuit 2 -- done
rank 12 | trajectory 3230 of circuit 3 -- done
rank 5 | trajectory 286 of circuit 3 -- done
rank 6 | trajectory 2503 of circuit 1 -- done
rank 0 | trajectory 2551 of circuit 3 -- done
rank 1 | trajectory 393 of circuit 2 -- done
rank 19 | trajectory 3399 of circuit 3 -- done
rank 8 | trajectory 753 of circuit 1 -- done
rank 3 | trajectory 285 of circuit 1 -- done
rank 14 | trajectory 3105 of circuit 1 -- done
rank 19 | trajectory 1815 of circuit 3 -- done
rank 12 | trajectory 963 of circuit 2 -- done
rank 6 | trajectory 3436 of circuit 2 -- done
rank 24 | trajectory 242 of circuit 3 -- done
rank 6 | trajectory 3136 of circuit 2 -- done
rank 22 | trajectory 1250 of circuit 2 -- done
rank 8 | trajectory 2870 of circuit 2 -- done
rank 8 | trajectory 3253 of circuit 3 -- done
rank 15 | trajectory 3122 of circuit 1 -- done
rank 18 | trajectory 3240 of circuit 3 -- done
rank 14 | trajectory 1714 of circuit 3 -- done
rank 18 | trajectory 1315 of circuit 2 -- done
rank 1 | trajectory 3309 of circuit 3 -- done
rank 13 | trajectory 1647 of circuit 2 -- done
rank 21 | trajectory 2133 of circuit 3 -- done
rank 7 | trajectory 1011 of circuit 3 -- done
rank 6 | trajectory 1486 of circuit 3 -- done
rank 23 | trajectory 2467 of circuit 1 -- done
rank 19 | trajectory 3090 of circuit 3 -- done
rank 19 | trajectory 2407 of circuit 1 -- done
rank 4 | trajectory 2035 of circuit 2 -- done
rank 4 | trajectory 744 of circuit 3 -- done
rank 12 | trajectory 1288 of circuit 1 -- done
rank 23 | trajectory 3550 of circuit 2 -- done
rank 2 | trajectory 2585 of circuit 3 -- done
rank 13 | trajectory 2813 of circuit 2 -- done
rank 22 | trajectory 3666 of circuit 3 -- done
rank 20 | trajectory 1199 of circuit 2 -- done
rank 23 | trajectory 2342 of circuit 3 -- done
rank 12 | trajectory 2605 of circuit 1 -- done
rank 24 | trajectory 3434 of circuit 3 -- done
rank 3 | trajectory 3102 of circuit 1 -- done
rank 19 | trajectory 2549 of circuit 3 -- done
rank 23 | trajectory 2292 of circuit 3 -- done
rank 0 | trajectory 3301 of circuit 3 -- done
rank 11 | trajectory 1763 of circuit 1 -- done
rank 0 | trajectory 3234 of circuit 1 -- done
rank 15 | trajectory 3606 of circuit 1 -- done
rank 8 | trajectory 1512 of circuit 2 -- done
rank 4 | trajectory 644 of circuit 2 -- done
rank 8 | trajectory 403 of circuit 1 -- done
rank 16 | trajectory 539 of circuit 2 -- done
rank 11 | trajectory 1288 of circuit 2 -- done
rank 23 | trajectory 3833 of circuit 3 -- done
rank 21 | trajectory 1816 of circuit 1 -- done
rank 18 | trajectory 1065 of circuit 2 -- done
rank 3 | trajectory 143 of circuit 3 -- done
rank 6 | trajectory 611 of circuit 2 -- done
rank 5 | trajectory 2 of circuit 3 -- done
rank 6 | trajectory 1811 of circuit 1 -- done
rank 6 | trajectory 1636 of circuit 3 -- done
rank 18 | trajectory 2507 of circuit 2 -- done
rank 8 | trajectory 1187 of circuit 2 -- done
rank 7 | trajectory 1703 of circuit 2 -- done
rank 7 | trajectory 1061 of circuit 3 -- done
rank 6 | trajectory 2469 of circuit 1 -- done
rank 19 | trajectory 1590 of circuit 1 -- done
rank 9 | trajectory 3154 of circuit 3 -- done
rank 23 | trajectory 583 of circuit 3 -- done
rank 23 | trajectory 717 of circuit 3 -- done
rank 14 | trajectory 1089 of circuit 1 -- done
rank 21 | trajectory 2049 of circuit 3 -- done
rank 17 | trajectory 3523 of circuit 2 -- done
rank 23 | trajectory 1717 of circuit 1 -- done
rank 17 | trajectory 1598 of circuit 3 -- done
rank 16 | trajectory 439 of circuit 2 -- done
rank 7 | trajectory 2120 of circuit 2 -- done
rank 9 | trajectory 1337 of circuit 3 -- done
rank 12 | trajectory 3338 of circuit 3 -- done
rank 14 | trajectory 2455 of circuit 3 -- done
rank 23 | trajectory 3408 of circuit 3 -- done
rank 17 | trajectory 1365 of circuit 3 -- done
rank 23 | trajectory 858 of circuit 2 -- done
rank 6 | trajectory 2761 of circuit 3 -- done
rank 7 | trajectory 1736 of circuit 2 -- done
rank 13 | trajectory 1113 of circuit 2 -- done
rank 19 | trajectory 1657 of circuit 3 -- done
rank 23 | trajectory 1217 of circuit 1 -- done
rank 5 | trajectory 1194 of circuit 3 -- done
rank 22 | trajectory 2200 of circuit 3 -- done
rank 5 | trajectory 844 of circuit 2 -- done
rank 7 | trajectory 3536 of circuit 3 -- done
rank 18 | trajectory 2207 of circuit 1 -- done
rank 6 | trajectory 2319 of circuit 1 -- done
rank 10 | trajectory 762 of circuit 1 -- done
rank 10 | trajectory 787 of circuit 1 -- done
rank 21 | trajectory 2883 of circuit 3 -- done
rank 6 | trajectory 2519 of circuit 2 -- done
rank 1 | trajectory 2168 of circuit 3 -- done
rank 2 | trajectory 3785 of circuit 1 -- done
rank 11 | trajectory 2304 of circuit 2 -- done
rank 19 | trajectory 424 of circuit 2 -- done
rank 15 | trajectory 164 of circuit 2 -- done
rank 19 | trajectory 574 of circuit 2 -- done
rank 23 | trajectory 1775 of circuit 1 -- done
rank 16 | trajectory 2706 of circuit 3 -- done
rank 4 | trajectory 269 of circuit 3 -- done
rank 7 | trajectory 361 of circuit 3 -- done
rank 18 | trajectory 1990 of circuit 2 -- done
rank 13 | trajectory 447 of circuit 2 -- done
rank 3 | trajectory 2968 of circuit 2 -- done
rank 11 | trajectory 713 of circuit 1 -- done
rank 15 | trajectory 889 of circuit 3 -- done
rank 22 | trajectory 1466 of circuit 1 -- done
rank 14 | trajectory 1314 of circuit 1 -- done
rank 7 | trajectory 1403 of circuit 3 -- done
rank 21 | trajectory 2199 of circuit 2 -- done
rank 6 | trajectory 2986 of circuit 2 -- done
rank 1 | trajectory 3834 of circuit 3 -- done
rank 6 | trajectory 1028 of circuit 3 -- done
rank 17 | trajectory 1673 of circuit 3 -- done
rank 23 | trajectory 1325 of circuit 2 -- done
rank 13 | trajectory 197 of circuit 1 -- done
rank 13 | trajectory 2713 of circuit 1 -- done
rank 5 | trajectory 1144 of circuit 3 -- done
rank 0 | trajectory 3201 of circuit 2 -- done
rank 11 | trajectory 1671 of circuit 2 -- done
rank 0 | trajectory 626 of circuit 3 -- done
rank 6 | trajectory 2236 of circuit 3 -- done
rank 9 | trajectory 1512 of circuit 1 -- done
rank 11 | trajectory 813 of circuit 1 -- done
rank 13 | trajectory 3438 of circuit 3 -- done
rank 7 | trajectory 1836 of circuit 1 -- done
rank 18 | trajectory 1423 of circuit 3 -- done
rank 10 | trajectory 1696 of circuit 1 -- done
rank 3 | trajectory 2685 of circuit 2 -- done
rank 21 | trajectory 2383 of circuit 2 -- done
rank 14 | trajectory 2339 of circuit 2 -- done
rank 15 | trajectory 2422 of circuit 3 -- done
rank 2 | trajectory 1393 of circuit 1 -- done
rank 7 | trajectory 220 of circuit 2 -- done
rank 15 | trajectory 1797 of circuit 1 -- done
rank 17 | trajectory 390 of circuit 3 -- done
rank 18 | trajectory 2390 of circuit 3 -- done
rank 17 | trajectory 2606 of circuit 3 -- done
rank 15 | trajectory 572 of circuit 1 -- done
rank 8 | trajectory 520 of circuit 1 -- done
rank 24 | trajectory 2034 of circuit 3 -- done
rank 6 | trajectory 3403 of circuit 2 -- done
rank 5 | trajectory 2319 of circuit 2 -- done
rank 5 | trajectory 3119 of circuit 2 -- done
rank 12 | trajectory 1696 of circuit 3 -- done
rank 5 | trajectory 2836 of circuit 1 -- done
rank 6 | trajectory 1186 of circuit 1 -- done
rank 21 | trajectory 91 of circuit 3 -- done
rank 7 | trajectory 1795 of circuit 2 -- done
rank 19 | trajectory 115 of circuit 2 -- done
rank 14 | trajectory 2264 of circuit 3 -- done
rank 17 | trajectory 1565 of circuit 2 -- done
rank 14 | trajectory 2139 of circuit 1 -- done
rank 8 | trajectory 3120 of circuit 1 -- done
rank 11 | trajectory 1788 of circuit 1 -- done
rank 5 | trajectory 636 of circuit 3 -- done
rank 4 | trajectory 19 of circuit 2 -- done
rank 2 | trajectory 1743 of circuit 2 -- done
rank 5 | trajectory 3802 of circuit 2 -- done
rank 15 | trajectory 672 of circuit 1 -- done
rank 10 | trajectory 3737 of circuit 3 -- done
rank 8 | trajectory 3837 of circuit 3 -- done
rank 8 | trajectory 1862 of circuit 3 -- done
rank 23 | trajectory 3142 of circuit 3 -- done
rank 15 | trajectory 272 of circuit 2 -- done
rank 4 | trajectory 1544 of circuit 1 -- done
rank 11 | trajectory 263 of circuit 3 -- done
rank 22 | trajectory 625 of circuit 3 -- done
rank 12 | trajectory 1046 of circuit 3 -- done
rank 14 | trajectory 2572 of circuit 1 -- done
rank 17 | trajectory 3148 of circuit 3 -- done
rank 5 | trajectory 2961 of circuit 3 -- done
rank 5 | trajectory 3644 of circuit 3 -- done
rank 21 | trajectory 2033 of circuit 1 -- done
rank 23 | trajectory 1375 of circuit 1 -- done
rank 23 | trajectory 217 of circuit 2 -- done
rank 7 | trajectory 111 of circuit 1 -- done
rank 6 | trajectory 2269 of circuit 3 -- done
rank 6 | trajectory 1069 of circuit 2 -- done
rank 1 | trajectory 84 of circuit 1 -- done
rank 3 | trajectory 3335 of circuit 1 -- done
rank 6 | trajectory 2486 of circuit 2 -- done
rank 10 | trajectory 887 of circuit 2 -- done
rank 15 | trajectory 497 of circuit 3 -- done
rank 5 | trajectory 2086 of circuit 2 -- done
rank 22 | trajectory 1600 of circuit 1 -- done
rank 18 | trajectory 2223 of circuit 1 -- done
rank 20 | trajectory 199 of circuit 3 -- done
rank 23 | trajectory 3167 of circuit 2 -- done
rank 12 | trajectory 3605 of circuit 1 -- done
rank 18 | trajectory 1715 of circuit 2 -- done
rank 5 | trajectory 3769 of circuit 2 -- done
rank 0 | trajectory 3667 of circuit 3 -- done
rank 9 | trajectory 3604 of circuit 3 -- done
rank 8 | trajectory 562 of circuit 2 -- done
rank 3 | trajectory 1585 of circuit 2 -- done
rank 11 | trajectory 1338 of circuit 1 -- done
rank 1 | trajectory 1743 of circuit 3 -- done
rank 13 | trajectory 2388 of circuit 3 -- done
rank 6 | trajectory 1511 of circuit 2 -- done
rank 0 | trajectory 1117 of circuit 3 -- done
rank 21 | trajectory 1874 of circuit 3 -- done
rank 13 | trajectory 2605 of circuit 3 -- done
rank 13 | trajectory 963 of circuit 3 -- done
rank 0 | trajectory 109 of circuit 2 -- done
rank 21 | trajectory 2399 of circuit 3 -- done
rank 8 | trajectory 1528 of circuit 3 -- done
rank 12 | trajectory 563 of circuit 3 -- done
rank 2 | trajectory 768 of circuit 3 -- done
rank 3 | trajectory 235 of circuit 3 -- done
rank 5 | trajectory 3586 of circuit 3 -- done
rank 5 | trajectory 811 of circuit 2 -- done
rank 14 | trajectory 2989 of circuit 2 -- done
rank 20 | trajectory 1124 of circuit 2 -- done
rank 3 | trajectory 2368 of circuit 3 -- done
rank 0 | trajectory 2151 of circuit 2 -- done
rank 13 | trajectory 63 of circuit 1 -- done
rank 5 | trajectory 3369 of circuit 3 -- done
rank 1 | trajectory 1759 of circuit 3 -- done
rank 23 | trajectory 100 of circuit 1 -- done
rank 1 | trajectory 2551 of circuit 2 -- done
rank 24 | trajectory 1642 of circuit 1 -- done
rank 2 | trajectory 3635 of circuit 3 -- done
rank 2 | trajectory 2376 of circuit 3 -- done
rank 20 | trajectory 3682 of circuit 3 -- done
rank 18 | trajectory 465 of circuit 2 -- done
rank 1 | trajectory 1559 of circuit 2 -- done
rank 17 | trajectory 306 of circuit 3 -- done
rank 12 | trajectory 1246 of circuit 1 -- done
rank 13 | trajectory 3038 of circuit 1 -- done
rank 21 | trajectory 2949 of circuit 3 -- done
rank 8 | trajectory 1987 of circuit 2 -- done
rank 0 | trajectory 2417 of circuit 2 -- done
rank 4 | trajectory 594 of circuit 1 -- done
rank 24 | trajectory 1167 of circuit 1 -- done
rank 17 | trajectory 298 of circuit 2 -- done
rank 22 | trajectory 1983 of circuit 2 -- done
rank 17 | trajectory 848 of circuit 3 -- done
rank 10 | trajectory 2829 of circuit 3 -- done
rank 9 | trajectory 3020 of circuit 2 -- done
rank 22 | trajectory 2833 of circuit 2 -- done
rank 6 | trajectory 836 of circuit 1 -- done
rank 22 | trajectory 866 of circuit 1 -- done
rank 3 | trajectory 2918 of circuit 3 -- done
rank 11 | trajectory 1388 of circuit 2 -- done
rank 21 | trajectory 1516 of circuit 1 -- done
rank 9 | trajectory 3212 of circuit 3 -- done
rank 24 | trajectory 400 of circuit 1 -- done
rank 14 | trajectory 2972 of circuit 2 -- done
rank 13 | trajectory 1697 of circuit 2 -- done
rank 20 | trajectory 666 of circuit 1 -- done
rank 19 | trajectory 165 of circuit 2 -- done
rank 8 | trajectory 437 of circuit 2 -- done
rank 1 | trajectory 1659 of circuit 1 -- done
rank 1 | trajectory 1884 of circuit 3 -- done
rank 22 | trajectory 1950 of circuit 2 -- done
rank 7 | trajectory 3761 of circuit 3 -- done
rank 18 | trajectory 3390 of circuit 3 -- done
rank 6 | trajectory 269 of circuit 1 -- done
rank 5 | trajectory 319 of circuit 3 -- done
rank 12 | trajectory 3838 of circuit 1 -- done
rank 23 | trajectory 1167 of circuit 2 -- done
rank 0 | trajectory 842 of circuit 1 -- done
rank 8 | trajectory 2537 of circuit 2 -- done
rank 5 | trajectory 2019 of circuit 3 -- done
rank 17 | trajectory 48 of circuit 1 -- done
rank 22 | trajectory 25 of circuit 2 -- done
rank 0 | trajectory 3017 of circuit 1 -- done
rank 10 | trajectory 2721 of circuit 3 -- done
rank 24 | trajectory 850 of circuit 3 -- done
rank 5 | trajectory 2986 of circuit 3 -- done
rank 3 | trajectory 3552 of circuit 2 -- done
rank 12 | trajectory 46 of circuit 3 -- done
rank 1 | trajectory 1518 of circuit 1 -- done
rank 23 | trajectory 1642 of circuit 2 -- done
rank 7 | trajectory 3820 of circuit 3 -- done
rank 10 | trajectory 2787 of circuit 1 -- done
rank 1 | trajectory 3126 of circuit 3 -- done
rank 13 | trajectory 2872 of circuit 2 -- done
rank 5 | trajectory 1594 of circuit 1 -- done
rank 14 | trajectory 2089 of circuit 1 -- done
rank 10 | trajectory 1896 of circuit 1 -- done
rank 8 | trajectory 1787 of circuit 2 -- done
rank 7 | trajectory 1936 of circuit 1 -- done
rank 8 | trajectory 1637 of circuit 1 -- done
rank 12 | trajectory 3188 of circuit 3 -- done
rank 22 | trajectory 3366 of circuit 2 -- done
rank 8 | trajectory 3603 of circuit 3 -- done
rank 17 | trajectory 3415 of circuit 3 -- done
rank 7 | trajectory 61 of circuit 3 -- done
rank 7 | trajectory 3086 of circuit 3 -- done
rank 9 | trajectory 2162 of circuit 2 -- done
rank 5 | trajectory 2669 of circuit 3 -- done
rank 15 | trajectory 1597 of circuit 1 -- done
rank 10 | trajectory 3312 of circuit 2 -- done
rank 23 | trajectory 3600 of circuit 1 -- done
rank 17 | trajectory 2990 of circuit 3 -- done
rank 16 | trajectory 1598 of circuit 2 -- done
rank 6 | trajectory 711 of circuit 3 -- done
rank 4 | trajectory 3335 of circuit 2 -- done
rank 7 | trajectory 1161 of circuit 2 -- done
rank 15 | trajectory 2489 of circuit 3 -- done
rank 10 | trajectory 446 of circuit 2 -- done
rank 19 | trajectory 2590 of circuit 3 -- done
rank 19 | trajectory 1132 of circuit 3 -- done
rank 9 | trajectory 2279 of circuit 2 -- done
rank 10 | trajectory 3571 of circuit 2 -- done
rank 14 | trajectory 2664 of circuit 2 -- done
rank 17 | trajectory 3640 of circuit 3 -- done
rank 24 | trajectory 1850 of circuit 3 -- done
rank 9 | trajectory 1212 of circuit 1 -- done
rank 17 | trajectory 856 of circuit 2 -- done
rank 18 | trajectory 1648 of circuit 1 -- done
rank 3 | trajectory 1393 of circuit 3 -- done
rank 3 | trajectory 1535 of circuit 2 -- done
rank 23 | trajectory 2617 of circuit 1 -- done
rank 13 | trajectory 1513 of circuit 2 -- done
rank 12 | trajectory 1438 of circuit 1 -- done
rank 20 | trajectory 2632 of circuit 3 -- done
rank 13 | trajectory 3555 of circuit 2 -- done
rank 24 | trajectory 2084 of circuit 1 -- done
rank 10 | trajectory 562 of circuit 1 -- done
rank 9 | trajectory 1712 of circuit 3 -- done
rank 12 | trajectory 13 of circuit 1 -- done
rank 16 | trajectory 973 of circuit 2 -- done
rank 6 | trajectory 3419 of circuit 2 -- done
rank 3 | trajectory 3185 of circuit 2 -- done
rank 1 | trajectory 1059 of circuit 3 -- done
rank 2 | trajectory 10 of circuit 3 -- done
rank 19 | trajectory 1224 of circuit 2 -- done
rank 11 | trajectory 3496 of circuit 2 -- done
rank 4 | trajectory 419 of circuit 1 -- done
rank 10 | trajectory 3221 of circuit 1 -- done
rank 13 | trajectory 1555 of circuit 3 -- done
rank 20 | trajectory 749 of circuit 1 -- done
rank 18 | trajectory 1740 of circuit 3 -- done
rank 5 | trajectory 1694 of circuit 3 -- done
rank 13 | trajectory 638 of circuit 3 -- done
rank 19 | trajectory 3257 of circuit 1 -- done
rank 21 | trajectory 1933 of circuit 2 -- done
rank 17 | trajectory 2523 of circuit 3 -- done
rank 3 | trajectory 2452 of circuit 2 -- done
rank 17 | trajectory 1181 of circuit 2 -- done
rank 19 | trajectory 515 of circuit 2 -- done
rank 3 | trajectory 1518 of circuit 2 -- done
rank 4 | trajectory 1919 of circuit 1 -- done
rank 2 | trajectory 2551 of circuit 1 -- done
rank 17 | trajectory 1890 of circuit 2 -- done
rank 2 | trajectory 3335 of circuit 3 -- done
rank 0 | trajectory 3051 of circuit 1 -- done
rank 2 | trajectory 1468 of circuit 1 -- done
rank 5 | trajectory 1386 of circuit 1 -- done
rank 3 | trajectory 3643 of circuit 3 -- done
rank 0 | trajectory 1501 of circuit 3 -- done
rank 6 | trajectory 1694 of circuit 2 -- done
rank 11 | trajectory 1196 of circuit 2 -- done
rank 11 | trajectory 3079 of circuit 3 -- done
rank 1 | trajectory 3501 of circuit 3 -- done
rank 0 | trajectory 3367 of circuit 2 -- done
rank 12 | trajectory 338 of circuit 1 -- done
rank 23 | trajectory 2550 of circuit 2 -- done
rank 23 | trajectory 17 of circuit 2 -- done
rank 3 | trajectory 1185 of circuit 3 -- done
rank 12 | trajectory 3171 of circuit 1 -- done
rank 14 | trajectory 639 of circuit 1 -- done
rank 6 | trajectory 1828 of circuit 3 -- done
rank 9 | trajectory 2795 of circuit 2 -- done
rank 12 | trajectory 2055 of circuit 2 -- done
rank 3 | trajectory 268 of circuit 3 -- done
rank 6 | trajectory 544 of circuit 2 -- done
rank 6 | trajectory 3753 of circuit 2 -- done
rank 2 | trajectory 3601 of circuit 2 -- done
rank 10 | trajectory 3404 of circuit 1 -- done
rank 19 | trajectory 974 of circuit 3 -- done
rank 13 | trajectory 1897 of circuit 2 -- done
rank 17 | trajectory 1615 of circuit 1 -- done
rank 15 | trajectory 2256 of circuit 1 -- done
rank 1 | trajectory 2484 of circuit 1 -- done
rank 19 | trajectory 1474 of circuit 3 -- done
rank 3 | trajectory 2993 of circuit 1 -- done
rank 5 | trajectory 1886 of circuit 2 -- done
rank 13 | trajectory 2172 of circuit 2 -- done
rank 16 | trajectory 3589 of circuit 1 -- done
rank 12 | trajectory 3521 of circuit 2 -- done
rank 16 | trajectory 2739 of circuit 1 -- done
rank 13 | trajectory 2838 of circuit 3 -- done
rank 8 | trajectory 1570 of circuit 1 -- done
rank 3 | trajectory 1060 of circuit 3 -- done
rank 0 | trajectory 2251 of circuit 3 -- done
rank 15 | trajectory 1872 of circuit 1 -- done
rank 17 | trajectory 1065 of circuit 1 -- done
rank 23 | trajectory 1917 of circuit 3 -- done
rank 24 | trajectory 1867 of circuit 3 -- done
rank 2 | trajectory 35 of circuit 2 -- done
rank 15 | trajectory 814 of circuit 1 -- done
rank 5 | trajectory 2511 of circuit 3 -- done
rank 14 | trajectory 464 of circuit 2 -- done
rank 22 | trajectory 925 of circuit 1 -- done
rank 20 | trajectory 799 of circuit 1 -- done
rank 1 | trajectory 1684 of circuit 2 -- done
rank 20 | trajectory 1241 of circuit 2 -- done
rank 8 | trajectory 2353 of circuit 2 -- done
rank 2 | trajectory 60 of circuit 3 -- done
rank 0 | trajectory 3084 of circuit 2 -- done
rank 10 | trajectory 671 of circuit 1 -- done
rank 14 | trajectory 3805 of circuit 3 -- done
rank 24 | trajectory 1300 of circuit 2 -- done
rank 14 | trajectory 2580 of circuit 3 -- done
rank 20 | trajectory 1449 of circuit 1 -- done
rank 11 | trajectory 3721 of circuit 1 -- done
rank 4 | trajectory 1952 of circuit 1 -- done
rank 2 | trajectory 1610 of circuit 3 -- done
rank 24 | trajectory 625 of circuit 1 -- done
rank 1 | trajectory 109 of circuit 3 -- done
rank 17 | trajectory 2590 of circuit 2 -- done
rank 9 | trajectory 820 of circuit 2 -- done
rank 11 | trajectory 2279 of circuit 3 -- done
rank 18 | trajectory 1923 of circuit 2 -- done
rank 14 | trajectory 89 of circuit 3 -- done
rank 20 | trajectory 1016 of circuit 1 -- done
rank 7 | trajectory 245 of circuit 3 -- done
rank 4 | trajectory 1710 of circuit 3 -- done
rank 17 | trajectory 1148 of circuit 2 -- done
rank 19 | trajectory 1015 of circuit 3 -- done
rank 22 | trajectory 2650 of circuit 2 -- done
rank 0 | trajectory 1484 of circuit 1 -- done
rank 4 | trajectory 844 of circuit 3 -- done
rank 0 | trajectory 3751 of circuit 1 -- done
rank 2 | trajectory 2810 of circuit 3 -- done
rank 4 | trajectory 1360 of circuit 1 -- done
rank 19 | trajectory 1540 of circuit 3 -- done
rank 19 | trajectory 2007 of circuit 3 -- done
rank 21 | trajectory 1124 of circuit 1 -- done
rank 1 | trajectory 1018 of circuit 2 -- done
rank 17 | trajectory 248 of circuit 3 -- done
rank 3 | trajectory 2652 of circuit 1 -- done
rank 21 | trajectory 1074 of circuit 2 -- done
rank 13 | trajectory 30 of circuit 2 -- done
rank 12 | trajectory 696 of circuit 2 -- done
rank 5 | trajectory 944 of circuit 3 -- done
rank 18 | trajectory 498 of circuit 1 -- done
rank 23 | trajectory 1350 of circuit 2 -- done
rank 8 | trajectory 1887 of circuit 2 -- done
rank 3 | trajectory 643 of circuit 1 -- done
rank 14 | trajectory 2655 of circuit 1 -- done
rank 2 | trajectory 610 of circuit 3 -- done
rank 11 | trajectory 3446 of circuit 3 -- done
rank 3 | trajectory 1652 of circuit 3 -- done
rank 7 | trajectory 395 of circuit 2 -- done
rank 16 | trajectory 3789 of circuit 1 -- done
rank 20 | trajectory 2932 of circuit 3 -- done
rank 0 | trajectory 1667 of circuit 2 -- done
rank 8 | trajectory 1695 of circuit 2 -- done
rank 13 | trajectory 1255 of circuit 3 -- done
rank 13 | trajectory 3055 of circuit 3 -- done
rank 11 | trajectory 1938 of circuit 3 -- done
rank 3 | trajectory 3502 of circuit 2 -- done
rank 22 | trajectory 1725 of circuit 2 -- done
rank 1 | trajectory 34 of circuit 3 -- done
rank 16 | trajectory 423 of circuit 2 -- done
rank 3 | trajectory 1868 of circuit 2 -- done
rank 3 | trajectory 1810 of circuit 2 -- done
rank 4 | trajectory 1260 of circuit 3 -- done
rank 4 | trajectory 1094 of circuit 3 -- done
rank 3 | trajectory 1910 of circuit 2 -- done
rank 10 | trajectory 1337 of circuit 1 -- done
rank 15 | trajectory 197 of circuit 3 -- done
rank 22 | trajectory 1275 of circuit 3 -- done
rank 11 | trajectory 2054 of circuit 3 -- done
rank 18 | trajectory 2340 of circuit 3 -- done
rank 5 | trajectory 36 of circuit 3 -- done
rank 20 | trajectory 3599 of circuit 2 -- done
rank 22 | trajectory 3450 of circuit 3 -- done
rank 17 | trajectory 73 of circuit 2 -- done
rank 6 | trajectory 1219 of circuit 3 -- done
rank 8 | trajectory 1103 of circuit 2 -- done
rank 23 | trajectory 2642 of circuit 3 -- done
rank 23 | trajectory 2700 of circuit 3 -- done
rank 6 | trajectory 3103 of circuit 1 -- done
rank 13 | trajectory 2272 of circuit 1 -- done
rank 1 | trajectory 743 of circuit 2 -- done
rank 14 | trajectory 689 of circuit 2 -- done
rank 20 | trajectory 224 of circuit 1 -- done
rank 13 | trajectory 88 of circuit 2 -- done
rank 22 | trajectory 191 of circuit 2 -- done
rank 17 | trajectory 140 of circuit 3 -- done
rank 13 | trajectory 3422 of circuit 2 -- done
rank 7 | trajectory 3170 of circuit 3 -- done
rank 2 | trajectory 210 of circuit 2 -- done
rank 12 | trajectory 1088 of circuit 2 -- done
rank 6 | trajectory 1711 of circuit 1 -- done
rank 3 | trajectory 685 of circuit 2 -- done
rank 17 | trajectory 590 of circuit 1 -- done
rank 1 | trajectory 3084 of circuit 3 -- done
rank 3 | trajectory 585 of circuit 1 -- done
rank 4 | trajectory 1394 of circuit 2 -- done
rank 17 | trajectory 2723 of circuit 1 -- done
rank 10 | trajectory 3229 of circuit 2 -- done
rank 14 | trajectory 2622 of circuit 2 -- done
rank 12 | trajectory 1563 of circuit 3 -- done
rank 7 | trajectory 145 of circuit 2 -- done
rank 17 | trajectory 2848 of circuit 3 -- done
rank 12 | trajectory 1913 of circuit 3 -- done
rank 19 | trajectory 340 of circuit 2 -- done
rank 10 | trajectory 3162 of circuit 3 -- done
rank 12 | trajectory 671 of circuit 2 -- done
rank 18 | trajectory 3807 of circuit 2 -- done
rank 19 | trajectory 1524 of circuit 3 -- done
rank 4 | trajectory 1060 of circuit 2 -- done
rank 14 | trajectory 1989 of circuit 2 -- done
rank 21 | trajectory 3699 of circuit 2 -- done
rank 16 | trajectory 773 of circuit 1 -- done
rank 17 | trajectory 1048 of circuit 2 -- done
rank 12 | trajectory 3671 of circuit 3 -- done
rank 21 | trajectory 524 of circuit 3 -- done
rank 18 | trajectory 923 of circuit 2 -- done
rank 6 | trajectory 219 of circuit 1 -- done
rank 3 | trajectory 2002 of circuit 2 -- done
rank 7 | trajectory 845 of circuit 3 -- done
rank 24 | trajectory 3417 of circuit 1 -- done
rank 21 | trajectory 3716 of circuit 3 -- done
rank 3 | trajectory 1710 of circuit 1 -- done
rank 13 | trajectory 713 of circuit 2 -- done
rank 1 | trajectory 2184 of circuit 1 -- done
rank 16 | trajectory 739 of circuit 2 -- done
rank 10 | trajectory 587 of circuit 2 -- done
rank 12 | trajectory 813 of circuit 3 -- done
rank 23 | trajectory 942 of circuit 2 -- done
rank 7 | trajectory 736 of circuit 2 -- done
rank 9 | trajectory 1062 of circuit 2 -- done
rank 23 | trajectory 375 of circuit 3 -- done
rank 14 | trajectory 864 of circuit 2 -- done
rank 7 | trajectory 2903 of circuit 3 -- done
rank 7 | trajectory 3103 of circuit 2 -- done
rank 18 | trajectory 940 of circuit 2 -- done
rank 5 | trajectory 1536 of circuit 2 -- done
rank 5 | trajectory 3177 of circuit 1 -- done
rank 24 | trajectory 2217 of circuit 3 -- done
rank 8 | trajectory 3737 of circuit 2 -- done
rank 22 | trajectory 3141 of circuit 3 -- done
rank 22 | trajectory 1150 of circuit 1 -- done
rank 14 | trajectory 939 of circuit 3 -- done
rank 0 | trajectory 2951 of circuit 1 -- done
rank 19 | trajectory 640 of circuit 1 -- done
rank 8 | trajectory 987 of circuit 3 -- done
rank 1 | trajectory 2001 of circuit 1 -- done
rank 23 | trajectory 475 of circuit 2 -- done
rank 23 | trajectory 3100 of circuit 3 -- done
rank 11 | trajectory 2796 of circuit 1 -- done
rank 6 | trajectory 2303 of circuit 3 -- done
rank 5 | trajectory 1919 of circuit 3 -- done
rank 19 | trajectory 665 of circuit 1 -- done
rank 20 | trajectory 2299 of circuit 2 -- done
rank 17 | trajectory 1698 of circuit 2 -- done
rank 19 | trajectory 865 of circuit 2 -- done
rank 16 | trajectory 1823 of circuit 1 -- done
rank 3 | trajectory 2977 of circuit 2 -- done
rank 5 | trajectory 761 of circuit 3 -- done
rank 1 | trajectory 368 of circuit 2 -- done
rank 4 | trajectory 3452 of circuit 3 -- done
rank 4 | trajectory 3202 of circuit 3 -- done
rank 22 | trajectory 1616 of circuit 1 -- done
rank 18 | trajectory 90 of circuit 3 -- done
rank 15 | trajectory 714 of circuit 1 -- done
rank 21 | trajectory 1666 of circuit 1 -- done
rank 18 | trajectory 3273 of circuit 3 -- done
rank 18 | trajectory 965 of circuit 2 -- done
rank 2 | trajectory 243 of circuit 1 -- done
rank 3 | trajectory 1485 of circuit 2 -- done
rank 10 | trajectory 3604 of circuit 1 -- done
rank 13 | trajectory 3338 of circuit 1 -- done
rank 17 | trajectory 1465 of circuit 1 -- done
rank 8 | trajectory 1445 of circuit 2 -- done
rank 22 | trajectory 675 of circuit 3 -- done
rank 15 | trajectory 47 of circuit 3 -- done
rank 2 | trajectory 860 of circuit 3 -- done
rank 8 | trajectory 2695 of circuit 3 -- done
rank 2 | trajectory 2535 of circuit 2 -- done
rank 17 | trajectory 1290 of circuit 1 -- done
rank 15 | trajectory 1422 of circuit 1 -- done
rank 23 | trajectory 492 of circuit 2 -- done
rank 22 | trajectory 591 of circuit 3 -- done
rank 7 | trajectory 3345 of circuit 3 -- done
rank 19 | trajectory 2757 of circuit 3 -- done
rank 13 | trajectory 522 of circuit 2 -- done
rank 2 | trajectory 193 of circuit 1 -- done
rank 13 | trajectory 1188 of circuit 2 -- done
rank 12 | trajectory 2455 of circuit 2 -- done
rank 16 | trajectory 789 of circuit 1 -- done
rank 15 | trajectory 522 of circuit 1 -- done
rank 16 | trajectory 123 of circuit 1 -- done
rank 8 | trajectory 903 of circuit 3 -- done
rank 11 | trajectory 3321 of circuit 1 -- done
rank 11 | trajectory 1038 of circuit 3 -- done
rank 19 | trajectory 749 of circuit 3 -- done
rank 6 | trajectory 944 of circuit 2 -- done
rank 2 | trajectory 1218 of circuit 3 -- done
rank 20 | trajectory 724 of circuit 3 -- done
rank 12 | trajectory 1221 of circuit 2 -- done
rank 11 | trajectory 3013 of circuit 3 -- done
rank 11 | trajectory 2621 of circuit 2 -- done
rank 4 | trajectory 444 of circuit 2 -- done
rank 14 | trajectory 1039 of circuit 3 -- done
rank 19 | trajectory 2974 of circuit 1 -- done
rank 21 | trajectory 424 of circuit 3 -- done
rank 23 | trajectory 2483 of circuit 3 -- done
rank 5 | trajectory 786 of circuit 3 -- done
rank 12 | trajectory 2305 of circuit 3 -- done
rank 8 | trajectory 3495 of circuit 1 -- done
rank 19 | trajectory 3115 of circuit 3 -- done
rank 22 | trajectory 175 of circuit 1 -- done
rank 2 | trajectory 3643 of circuit 2 -- done
rank 14 | trajectory 3789 of circuit 3 -- done
rank 10 | trajectory 71 of circuit 1 -- done
rank 1 | trajectory 2868 of circuit 2 -- done
rank 24 | trajectory 1425 of circuit 3 -- done
rank 17 | trajectory 3706 of circuit 3 -- done
rank 24 | trajectory 3600 of circuit 2 -- done
rank 10 | trajectory 471 of circuit 2 -- done
rank 7 | trajectory 3203 of circuit 3 -- done
rank 18 | trajectory 3123 of circuit 2 -- done
rank 11 | trajectory 2854 of circuit 3 -- done
rank 8 | trajectory 3137 of circuit 3 -- done
rank 10 | trajectory 1987 of circuit 3 -- done
rank 14 | trajectory 2039 of circuit 2 -- done
rank 8 | trajectory 212 of circuit 2 -- done
rank 3 | trajectory 2218 of circuit 1 -- done
rank 8 | trajectory 1362 of circuit 2 -- done
rank 24 | trajectory 3384 of circuit 1 -- done
rank 5 | trajectory 1744 of circuit 3 -- done
rank 6 | trajectory 1761 of circuit 2 -- done
rank 4 | trajectory 219 of circuit 3 -- done
rank 16 | trajectory 1764 of circuit 3 -- done
rank 24 | trajectory 2667 of circuit 3 -- done
rank 16 | trajectory 73 of circuit 3 -- done
rank 4 | trajectory 3719 of circuit 1 -- done
rank 7 | trajectory 2720 of circuit 2 -- done
rank 11 | trajectory 2421 of circuit 3 -- done
rank 5 | trajectory 2269 of circuit 2 -- done
rank 8 | trajectory 487 of circuit 2 -- done
rank 12 | trajectory 1113 of circuit 1 -- done
rank 24 | trajectory 650 of circuit 1 -- done
rank 7 | trajectory 3836 of circuit 2 -- done
rank 22 | trajectory 1200 of circuit 1 -- done
rank 20 | trajectory 1599 of circuit 3 -- done
rank 13 | trajectory 1872 of circuit 3 -- done
rank 17 | trajectory 881 of circuit 3 -- done
rank 3 | trajectory 2635 of circuit 2 -- done
rank 2 | trajectory 1101 of circuit 3 -- done
rank 9 | trajectory 1620 of circuit 3 -- done
rank 23 | trajectory 1067 of circuit 1 -- done
rank 13 | trajectory 863 of circuit 1 -- done
rank 0 | trajectory 1984 of circuit 1 -- done
rank 8 | trajectory 3287 of circuit 1 -- done
rank 4 | trajectory 369 of circuit 1 -- done
rank 3 | trajectory 1468 of circuit 3 -- done
rank 14 | trajectory 2872 of circuit 1 -- done
rank 19 | trajectory 1040 of circuit 3 -- done
rank 8 | trajectory 2070 of circuit 2 -- done
rank 3 | trajectory 668 of circuit 1 -- done
rank 11 | trajectory 2771 of circuit 3 -- done
rank 8 | trajectory 370 of circuit 3 -- done
rank 17 | trajectory 3073 of circuit 2 -- done
rank 4 | trajectory 3069 of circuit 2 -- done
rank 10 | trajectory 3387 of circuit 3 -- done
rank 14 | trajectory 1189 of circuit 3 -- done
rank 14 | trajectory 1214 of circuit 3 -- done
rank 8 | trajectory 2970 of circuit 2 -- done
rank 23 | trajectory 1300 of circuit 1 -- done
rank 11 | trajectory 1363 of circuit 3 -- done
rank 23 | trajectory 3067 of circuit 3 -- done
rank 23 | trajectory 1792 of circuit 3 -- done
rank 11 | trajectory 2754 of circuit 1 -- done
rank 5 | trajectory 2386 of circuit 2 -- done
rank 3 | trajectory 160 of circuit 3 -- done
rank 16 | trajectory 3739 of circuit 3 -- done
rank 12 | trajectory 2555 of circuit 2 -- done
rank 24 | trajectory 2834 of circuit 1 -- done
rank 19 | trajectory 190 of circuit 3 -- done
rank 22 | trajectory 41 of circuit 2 -- done
rank 12 | trajectory 3138 of circuit 2 -- done
rank 2 | trajectory 801 of circuit 1 -- done
rank 7 | trajectory 2836 of circuit 3 -- done
rank 5 | trajectory 386 of circuit 2 -- done
rank 9 | trajectory 1404 of circuit 3 -- done
rank 12 | trajectory 121 of circuit 3 -- done
rank 17 | trajectory 2006 of circuit 2 -- done
rank 6 | trajectory 3211 of circuit 3 -- done
rank 21 | trajectory 916 of circuit 3 -- done
rank 21 | trajectory 3833 of circuit 1 -- done
rank 8 | trajectory 3487 of circuit 2 -- done
rank 20 | trajectory 1424 of circuit 1 -- done
rank 8 | trajectory 1087 of circuit 1 -- done
rank 8 | trajectory 3437 of circuit 2 -- done
rank 7 | trajectory 2020 of circuit 2 -- done
rank 24 | trajectory 275 of circuit 1 -- done
rank 14 | trajectory 2889 of circuit 1 -- done
rank 3 | trajectory 3010 of circuit 3 -- done
rank 16 | trajectory 3389 of circuit 2 -- done
rank 23 | trajectory 1875 of circuit 2 -- done
rank 10 | trajectory 621 of circuit 1 -- done
rank 23 | trajectory 2333 of circuit 3 -- done
rank 24 | trajectory 800 of circuit 1 -- done
rank 15 | trajectory 1297 of circuit 1 -- done
rank 13 | trajectory 313 of circuit 3 -- done
rank 3 | trajectory 3585 of circuit 3 -- done
rank 19 | trajectory 265 of circuit 2 -- done
rank 2 | trajectory 1843 of circuit 2 -- done
rank 6 | trajectory 3186 of circuit 3 -- done
rank 6 | trajectory 744 of circuit 1 -- done
rank 15 | trajectory 1564 of circuit 2 -- done
rank 2 | trajectory 1318 of circuit 2 -- done
rank 20 | trajectory 916 of circuit 1 -- done
rank 11 | trajectory 3104 of circuit 2 -- done
rank 5 | trajectory 1644 of circuit 2 -- done
rank 10 | trajectory 3196 of circuit 2 -- done
rank 19 | trajectory 2574 of circuit 2 -- done
rank 2 | trajectory 2026 of circuit 3 -- done
rank 5 | trajectory 2769 of circuit 3 -- done
rank 3 | trajectory 185 of circuit 1 -- done
rank 22 | trajectory 3383 of circuit 3 -- done
rank 0 | trajectory 792 of circuit 2 -- done
rank 14 | trajectory 564 of circuit 3 -- done
rank 1 | trajectory 3551 of circuit 2 -- done
rank 6 | trajectory 2869 of circuit 1 -- done
rank 15 | trajectory 972 of circuit 2 -- done
rank 12 | trajectory 2988 of circuit 2 -- done
rank 4 | trajectory 44 of circuit 1 -- done
rank 1 | trajectory 2034 of circuit 1 -- done
rank 3 | trajectory 1010 of circuit 3 -- done
rank 8 | trajectory 2287 of circuit 3 -- done
rank 20 | trajectory 49 of circuit 1 -- done
rank 18 | trajectory 290 of circuit 3 -- done
rank 19 | trajectory 1740 of circuit 2 -- done
rank 10 | trajectory 3837 of circuit 2 -- done
rank 15 | trajectory 3456 of circuit 3 -- done
rank 21 | trajectory 266 of circuit 2 -- done
rank 10 | trajectory 1096 of circuit 3 -- done
rank 21 | trajectory 174 of circuit 1 -- done
rank 13 | trajectory 3513 of circuit 2 -- done
rank 17 | trajectory 2790 of circuit 3 -- done
rank 13 | trajectory 1388 of circuit 3 -- done
rank 11 | trajectory 13 of circuit 3 -- done
rank 10 | trajectory 2887 of circuit 2 -- done
rank 16 | trajectory 373 of circuit 3 -- done
rank 2 | trajectory 2951 of circuit 3 -- done
rank 13 | trajectory 2538 of circuit 2 -- done
rank 22 | trajectory 75 of circuit 2 -- done
rank 6 | trajectory 786 of circuit 2 -- done
rank 17 | trajectory 1865 of circuit 1 -- done
rank 1 | trajectory 768 of circuit 1 -- done
rank 19 | trajectory 315 of circuit 2 -- done
rank 4 | trajectory 2585 of circuit 1 -- done
rank 17 | trajectory 1706 of circuit 3 -- done
rank 3 | trajectory 3252 of circuit 3 -- done
rank 11 | trajectory 1446 of circuit 3 -- done
rank 6 | trajectory 286 of circuit 2 -- done
rank 10 | trajectory 12 of circuit 3 -- done
rank 9 | trajectory 3687 of circuit 3 -- done
rank 13 | trajectory 263 of circuit 1 -- done
rank 17 | trajectory 3673 of circuit 3 -- done
rank 4 | trajectory 2169 of circuit 3 -- done
rank 15 | trajectory 3822 of circuit 3 -- done
rank 12 | trajectory 1971 of circuit 3 -- done
rank 8 | trajectory 2120 of circuit 1 -- done
rank 19 | trajectory 3807 of circuit 3 -- done
rank 2 | trajectory 1868 of circuit 1 -- done
rank 23 | trajectory 3283 of circuit 2 -- done
rank 8 | trajectory 695 of circuit 3 -- done
rank 4 | trajectory 2319 of circuit 3 -- done
rank 11 | trajectory 1638 of circuit 3 -- done
rank 0 | trajectory 3317 of circuit 2 -- done
rank 17 | trajectory 748 of circuit 2 -- done
rank 12 | trajectory 3471 of circuit 3 -- done
rank 5 | trajectory 994 of circuit 3 -- done
rank 13 | trajectory 1597 of circuit 2 -- done
rank 19 | trajectory 3007 of circuit 3 -- done
rank 3 | trajectory 1693 of circuit 1 -- done
rank 16 | trajectory 98 of circuit 2 -- done
rank 4 | trajectory 560 of circuit 2 -- done
rank 4 | trajectory 94 of circuit 3 -- done
rank 5 | trajectory 861 of circuit 2 -- done
rank 2 | trajectory 3568 of circuit 1 -- done
rank 15 | trajectory 922 of circuit 1 -- done
rank 17 | trajectory 1165 of circuit 1 -- done
rank 2 | trajectory 2685 of circuit 3 -- done
rank 5 | trajectory 1494 of circuit 2 -- done
rank 10 | trajectory 2254 of circuit 3 -- done
rank 18 | trajectory 2157 of circuit 3 -- done
rank 21 | trajectory 2549 of circuit 1 -- done
rank 8 | trajectory 320 of circuit 2 -- done
rank 16 | trajectory 2573 of circuit 2 -- done
rank 3 | trajectory 985 of circuit 2 -- done
rank 20 | trajectory 91 of circuit 2 -- done
rank 16 | trajectory 839 of circuit 2 -- done
rank 1 | trajectory 418 of circuit 3 -- done
rank 5 | trajectory 1561 of circuit 3 -- done
rank 14 | trajectory 1864 of circuit 3 -- done
rank 23 | trajectory 3217 of circuit 3 -- done
rank 7 | trajectory 2886 of circuit 1 -- done
rank 9 | trajectory 2987 of circuit 2 -- done
rank 11 | trajectory 2538 of circuit 1 -- done
rank 7 | trajectory 570 of circuit 3 -- done
rank 7 | trajectory 970 of circuit 1 -- done
rank 14 | trajectory 2922 of circuit 1 -- done
rank 0 | trajectory 1801 of circuit 3 -- done
rank 22 | trajectory 1933 of circuit 1 -- done
rank 0 | trajectory 3267 of circuit 1 -- done
rank 17 | trajectory 2656 of circuit 1 -- done
rank 10 | trajectory 1437 of circuit 3 -- done
rank 13 | trajectory 922 of circuit 3 -- done
rank 2 | trajectory 385 of circuit 1 -- done
rank 2 | trajectory 3368 of circuit 2 -- done
rank 17 | trajectory 1490 of circuit 3 -- done
rank 12 | trajectory 896 of circuit 2 -- done
rank 2 | trajectory 785 of circuit 1 -- done
rank 7 | trajectory 3370 of circuit 3 -- done
rank 0 | trajectory 2017 of circuit 2 -- done
rank 15 | trajectory 1364 of circuit 3 -- done
rank 18 | trajectory 3823 of circuit 1 -- done
rank 12 | trajectory 2188 of circuit 2 -- done
rank 11 | trajectory 3688 of circuit 3 -- done
rank 12 | trajectory 1796 of circuit 1 -- done
rank 0 | trajectory 992 of circuit 3 -- done
rank 18 | trajectory 1973 of circuit 1 -- done
rank 5 | trajectory 2919 of circuit 3 -- done
rank 7 | trajectory 3603 of circuit 1 -- done
rank 20 | trajectory 624 of circuit 1 -- done
rank 19 | trajectory 3490 of circuit 3 -- done
rank 8 | trajectory 3203 of circuit 2 -- done
rank 17 | trajectory 1090 of circuit 3 -- done
rank 11 | trajectory 3388 of circuit 3 -- done
rank 19 | trajectory 2424 of circuit 2 -- done
rank 19 | trajectory 715 of circuit 3 -- done
rank 9 | trajectory 3270 of circuit 1 -- done
rank 17 | trajectory 223 of circuit 2 -- done
rank 14 | trajectory 389 of circuit 1 -- done
rank 12 | trajectory 1621 of circuit 1 -- done
rank 12 | trajectory 71 of circuit 3 -- done
rank 13 | trajectory 1222 of circuit 1 -- done
rank 18 | trajectory 823 of circuit 2 -- done
rank 10 | trajectory 2346 of circuit 3 -- done
rank 16 | trajectory 1839 of circuit 3 -- done
rank 18 | trajectory 3340 of circuit 2 -- done
rank 22 | trajectory 1900 of circuit 2 -- done
rank 9 | trajectory 379 of circuit 2 -- done
rank 0 | trajectory 2784 of circuit 2 -- done
rank 24 | trajectory 3517 of circuit 2 -- done
rank 0 | trajectory 2501 of circuit 2 -- done
rank 13 | trajectory 3763 of circuit 3 -- done
rank 3 | trajectory 2560 of circuit 2 -- done
rank 19 | trajectory 2074 of circuit 3 -- done
rank 7 | trajectory 3436 of circuit 3 -- done
rank 10 | trajectory 1404 of circuit 1 -- done
rank 10 | trajectory 3446 of circuit 1 -- done
rank 23 | trajectory 1592 of circuit 3 -- done
rank 19 | trajectory 2774 of circuit 2 -- done
rank 19 | trajectory 949 of circuit 3 -- done
rank 20 | trajectory 1516 of circuit 2 -- done
rank 5 | trajectory 2902 of circuit 3 -- done
rank 18 | trajectory 715 of circuit 2 -- done
rank 18 | trajectory 1090 of circuit 1 -- done
rank 7 | trajectory 895 of circuit 2 -- done
rank 2 | trajectory 2901 of circuit 2 -- done
rank 13 | trajectory 2205 of circuit 2 -- done
rank 5 | trajectory 3219 of circuit 3 -- done
rank 22 | trajectory 350 of circuit 1 -- done
rank 14 | trajectory 297 of circuit 1 -- done
rank 11 | trajectory 463 of circuit 3 -- done
rank 18 | trajectory 540 of circuit 2 -- done
rank 19 | trajectory 3840 of circuit 3 -- done
rank 18 | trajectory 3557 of circuit 1 -- done
rank 21 | trajectory 24 of circuit 1 -- done
rank 2 | trajectory 3743 of circuit 3 -- done
rank 21 | trajectory 2783 of circuit 1 -- done
rank 17 | trajectory 15 of circuit 3 -- done
rank 11 | trajectory 1988 of circuit 3 -- done
rank 18 | trajectory 2890 of circuit 2 -- done
rank 10 | trajectory 2104 of circuit 1 -- done
rank 20 | trajectory 374 of circuit 1 -- done
rank 3 | trajectory 3660 of circuit 3 -- done
rank 11 | trajectory 2238 of circuit 3 -- done
rank 21 | trajectory 3533 of circuit 1 -- done
rank 20 | trajectory 3716 of circuit 1 -- done
rank 10 | trajectory 1212 of circuit 3 -- done
rank 6 | trajectory 3053 of circuit 3 -- done
rank 24 | trajectory 2434 of circuit 3 -- done
rank 2 | trajectory 885 of circuit 2 -- done
rank 9 | trajectory 3120 of circuit 2 -- done
rank 10 | trajectory 3771 of circuit 1 -- done
rank 19 | trajectory 899 of circuit 2 -- done
rank 1 | trajectory 2534 of circuit 3 -- done
rank 13 | trajectory 897 of circuit 1 -- done
rank 18 | trajectory 3107 of circuit 3 -- done
rank 13 | trajectory 2855 of circuit 2 -- done
rank 13 | trajectory 738 of circuit 3 -- done
rank 0 | trajectory 1767 of circuit 2 -- done
rank 19 | trajectory 1874 of circuit 2 -- done
rank 5 | trajectory 1311 of circuit 2 -- done
rank 2 | trajectory 2201 of circuit 3 -- done
rank 9 | trajectory 3437 of circuit 3 -- done
rank 17 | trajectory 665 of circuit 3 -- done
rank 19 | trajectory 1899 of circuit 2 -- done
rank 20 | trajectory 1616 of circuit 2 -- done
rank 13 | trajectory 1363 of circuit 2 -- done
rank 2 | trajectory 435 of circuit 2 -- done
rank 17 | trajectory 2456 of circuit 2 -- done
rank 19 | trajectory 3824 of circuit 2 -- done
rank 21 | trajectory 2733 of circuit 3 -- done
rank 18 | trajectory 2090 of circuit 3 -- done
rank 2 | trajectory 3035 of circuit 1 -- done
rank 7 | trajectory 1386 of circuit 3 -- done
rank 5 | trajectory 2819 of circuit 2 -- done
rank 18 | trajectory 1332 of circuit 3 -- done
rank 0 | trajectory 3351 of circuit 1 -- done
rank 18 | trajectory 515 of circuit 1 -- done
rank 9 | trajectory 20 of circuit 3 -- done
rank 19 | trajectory 1374 of circuit 2 -- done
rank 11 | trajectory 38 of circuit 2 -- done
rank 10 | trajectory 3087 of circuit 3 -- done
rank 18 | trajectory 2557 of circuit 1 -- done
rank 3 | trajectory 735 of circuit 1 -- done
rank 23 | trajectory 250 of circuit 3 -- done
rank 0 | trajectory 1184 of circuit 1 -- done
rank 21 | trajectory 899 of circuit 1 -- done
rank 12 | trajectory 1271 of circuit 2 -- done
rank 6 | trajectory 819 of circuit 2 -- done
rank 18 | trajectory 3407 of circuit 2 -- done
rank 19 | trajectory 2040 of circuit 3 -- done
rank 5 | trajectory 3386 of circuit 2 -- done
rank 12 | trajectory 388 of circuit 3 -- done
rank 11 | trajectory 896 of circuit 1 -- done
rank 2 | trajectory 1910 of circuit 3 -- done
rank 13 | trajectory 3022 of circuit 3 -- done
rank 14 | trajectory 2322 of circuit 3 -- done
rank 23 | trajectory 550 of circuit 1 -- done
rank 10 | trajectory 3254 of circuit 1 -- done
rank 8 | trajectory 1462 of circuit 3 -- done
rank 9 | trajectory 629 of circuit 1 -- done
rank 20 | trajectory 3699 of circuit 1 -- done
rank 15 | trajectory 2956 of circuit 1 -- done
rank 23 | trajectory 667 of circuit 3 -- done
rank 15 | trajectory 847 of circuit 3 -- done
rank 11 | trajectory 3654 of circuit 3 -- done
rank 16 | trajectory 2723 of circuit 2 -- done
rank 16 | trajectory 623 of circuit 3 -- done
rank 23 | trajectory 2950 of circuit 3 -- done
rank 24 | trajectory 825 of circuit 1 -- done
rank 10 | trajectory 1971 of circuit 2 -- done
rank 9 | trajectory 1237 of circuit 1 -- done
rank 9 | trajectory 312 of circuit 1 -- done
rank 13 | trajectory 1847 of circuit 3 -- done
rank 14 | trajectory 1539 of circuit 2 -- done
rank 5 | trajectory 469 of circuit 3 -- done
rank 10 | trajectory 221 of circuit 1 -- done
rank 13 | trajectory 813 of circuit 2 -- done
rank 9 | trajectory 1387 of circuit 2 -- done
rank 15 | trajectory 2522 of circuit 3 -- done
rank 19 | trajectory 440 of circuit 2 -- done
rank 23 | trajectory 117 of circuit 2 -- done
rank 13 | trajectory 3272 of circuit 2 -- done
rank 7 | trajectory 661 of circuit 3 -- done
rank 23 | trajectory 1100 of circuit 1 -- done
rank 10 | trajectory 2079 of circuit 3 -- done
rank 4 | trajectory 1519 of circuit 1 -- done
rank 5 | trajectory 511 of circuit 3 -- done
rank 3 | trajectory 1618 of circuit 2 -- done
rank 23 | trajectory 1050 of circuit 1 -- done
rank 10 | trajectory 2162 of circuit 3 -- done
rank 19 | trajectory 2657 of circuit 2 -- done
rank 10 | trajectory 1946 of circuit 3 -- done
rank 3 | trajectory 760 of circuit 3 -- done
rank 13 | trajectory 247 of circuit 3 -- done
rank 15 | trajectory 614 of circuit 1 -- done
rank 5 | trajectory 1336 of circuit 2 -- done
rank 6 | trajectory 2536 of circuit 3 -- done
rank 15 | trajectory 2222 of circuit 2 -- done
rank 1 | trajectory 543 of circuit 1 -- done
rank 4 | trajectory 944 of circuit 1 -- done
rank 13 | trajectory 2772 of circuit 3 -- done
rank 7 | trajectory 2570 of circuit 1 -- done
rank 18 | trajectory 340 of circuit 3 -- done
rank 24 | trajectory 525 of circuit 1 -- done
rank 15 | trajectory 3722 of circuit 1 -- done
rank 9 | trajectory 370 of circuit 2 -- done
rank 9 | trajectory 1487 of circuit 1 -- done
rank 15 | trajectory 289 of circuit 3 -- done
rank 12 | trajectory 2938 of circuit 2 -- done
rank 16 | trajectory 3373 of circuit 3 -- done
rank 12 | trajectory 446 of circuit 3 -- done
rank 15 | trajectory 3756 of circuit 3 -- done
rank 0 | trajectory 1351 of circuit 3 -- done
rank 10 | trajectory 1354 of circuit 2 -- done
rank 10 | trajectory 537 of circuit 2 -- done
rank 4 | trajectory 519 of circuit 1 -- done
rank 19 | trajectory 3140 of circuit 2 -- done
rank 3 | trajectory 3527 of circuit 3 -- done
rank 21 | trajectory 2316 of circuit 2 -- done
rank 18 | trajectory 448 of circuit 1 -- done
rank 8 | trajectory 1762 of circuit 2 -- done
rank 23 | trajectory 2583 of circuit 1 -- done
rank 8 | trajectory 937 of circuit 2 -- done
rank 13 | trajectory 2730 of circuit 3 -- done
rank 16 | trajectory 2206 of circuit 1 -- done
rank 17 | trajectory 1123 of circuit 1 -- done
rank 19 | trajectory 249 of circuit 2 -- done
rank 0 | trajectory 1909 of circuit 2 -- done
rank 24 | trajectory 1075 of circuit 3 -- done
rank 24 | trajectory 692 of circuit 2 -- done
rank 12 | trajectory 3788 of circuit 1 -- done
rank 5 | trajectory 3002 of circuit 3 -- done
rank 6 | trajectory 3086 of circuit 2 -- done
rank 14 | trajectory 3272 of circuit 1 -- done
rank 5 | trajectory 2369 of circuit 1 -- done
rank 5 | trajectory 2752 of circuit 2 -- done
rank 12 | trajectory 2105 of circuit 1 -- done
rank 2 | trajectory 1760 of circuit 1 -- done
rank 3 | trajectory 2777 of circuit 3 -- done
rank 1 | trajectory 259 of circuit 3 -- done
rank 14 | trajectory 272 of circuit 1 -- done
rank 14 | trajectory 2955 of circuit 2 -- done
rank 2 | trajectory 2101 of circuit 2 -- done
rank 15 | trajectory 597 of circuit 3 -- done
rank 1 | trajectory 2418 of circuit 1 -- done
rank 8 | trajectory 120 of circuit 3 -- done
rank 12 | trajectory 138 of circuit 2 -- done
rank 4 | trajectory 919 of circuit 3 -- done
rank 6 | trajectory 2569 of circuit 1 -- done
rank 3 | trajectory 1285 of circuit 2 -- done
rank 22 | trajectory 2383 of circuit 1 -- done
rank 20 | trajectory 2882 of circuit 3 -- done
rank 7 | trajectory 2920 of circuit 3 -- done
rank 22 | trajectory 3066 of circuit 2 -- done
rank 2 | trajectory 3093 of circuit 2 -- done
rank 18 | trajectory 198 of circuit 1 -- done
rank 9 | trajectory 1937 of circuit 1 -- done
rank 0 | trajectory 242 of circuit 2 -- done
rank 2 | trajectory 2051 of circuit 2 -- done
rank 21 | trajectory 1899 of circuit 3 -- done
rank 9 | trajectory 3787 of circuit 3 -- done
rank 0 | trajectory 1242 of circuit 2 -- done
rank 0 | trajectory 1867 of circuit 1 -- done
rank 3 | trajectory 2768 of circuit 3 -- done
rank 18 | trajectory 2465 of circuit 3 -- done
rank 0 | trajectory 34 of circuit 1 -- done
rank 20 | trajectory 1791 of circuit 3 -- done
rank 8 | trajectory 787 of circuit 2 -- done
rank 9 | trajectory 412 of circuit 1 -- done
rank 0 | trajectory 2001 of circuit 3 -- done
rank 9 | trajectory 1320 of circuit 1 -- done
rank 11 | trajectory 3538 of circuit 3 -- done
rank 1 | trajectory 168 of circuit 1 -- done
rank 14 | trajectory 3205 of circuit 3 -- done
rank 18 | trajectory 2440 of circuit 1 -- done
rank 20 | trajectory 1674 of circuit 3 -- done
rank 0 | trajectory 292 of circuit 2 -- done
rank 0 | trajectory 67 of circuit 2 -- done
rank 9 | trajectory 437 of circuit 3 -- done
rank 18 | trajectory 2723 of circuit 3 -- done
rank 6 | trajectory 2053 of circuit 3 -- done
rank 18 | trajectory 765 of circuit 2 -- done
rank 13 | trajectory 3563 of circuit 2 -- done
rank 10 | trajectory 3504 of circuit 1 -- done
rank 7 | trajectory 3270 of circuit 2 -- done
rank 17 | trajectory 615 of circuit 1 -- done
rank 4 | trajectory 3119 of circuit 1 -- done
rank 8 | trajectory 1037 of circuit 2 -- done
rank 17 | trajectory 2023 of circuit 2 -- done
rank 6 | trajectory 1011 of circuit 1 -- done
rank 12 | trajectory 946 of circuit 2 -- done
rank 6 | trajectory 1569 of circuit 2 -- done
rank 14 | trajectory 764 of circuit 2 -- done
rank 24 | trajectory 1250 of circuit 3 -- done
rank 18 | trajectory 3757 of circuit 3 -- done
rank 8 | trajectory 195 of circuit 3 -- done
rank 2 | trajectory 3835 of circuit 2 -- done
rank 10 | trajectory 337 of circuit 1 -- done
rank 7 | trajectory 2186 of circuit 2 -- done
rank 15 | trajectory 2722 of circuit 3 -- done
rank 10 | trajectory 3287 of circuit 2 -- done
rank 18 | trajectory 2073 of circuit 1 -- done
rank 6 | trajectory 3836 of circuit 1 -- done
rank 11 | trajectory 696 of circuit 3 -- done
rank 2 | trajectory 843 of circuit 2 -- done
rank 14 | trajectory 2722 of circuit 2 -- done
rank 14 | trajectory 997 of circuit 1 -- done
rank 19 | trajectory 49 of circuit 3 -- done
rank 2 | trajectory 1593 of circuit 2 -- done
rank 21 | trajectory 1791 of circuit 2 -- done
rank 3 | trajectory 968 of circuit 2 -- done
rank 24 | trajectory 3284 of circuit 1 -- done
rank 12 | trajectory 1013 of circuit 1 -- done
rank 5 | trajectory 3352 of circuit 2 -- done
rank 9 | trajectory 787 of circuit 3 -- done
rank 15 | trajectory 1147 of circuit 1 -- done
rank 6 | trajectory 1436 of circuit 3 -- done
rank 21 | trajectory 2583 of circuit 3 -- done
rank 13 | trajectory 1772 of circuit 3 -- done
rank 21 | trajectory 1716 of circuit 3 -- done
rank 8 | trajectory 462 of circuit 2 -- done
rank 22 | trajectory 441 of circuit 3 -- done
rank 3 | trajectory 3768 of circuit 3 -- done
rank 14 | trajectory 1972 of circuit 3 -- done
rank 9 | trajectory 1470 of circuit 3 -- done
rank 3 | trajectory 843 of circuit 1 -- done
rank 3 | trajectory 1327 of circuit 3 -- done
rank 21 | trajectory 299 of circuit 3 -- done
rank 14 | trajectory 3572 of circuit 3 -- done
rank 21 | trajectory 2249 of circuit 1 -- done
rank 11 | trajectory 3204 of circuit 1 -- done
rank 10 | trajectory 687 of circuit 1 -- done
rank 10 | trajectory 3787 of circuit 2 -- done
rank 10 | trajectory 3621 of circuit 1 -- done
rank 13 | trajectory 1472 of circuit 3 -- done
rank 0 | trajectory 84 of circuit 3 -- done
rank 18 | trajectory 165 of circuit 1 -- done
rank 8 | trajectory 2420 of circuit 3 -- done
rank 13 | trajectory 1088 of circuit 3 -- done
rank 22 | trajectory 500 of circuit 2 -- done
rank 3 | trajectory 3485 of circuit 2 -- done
rank 19 | trajectory 1499 of circuit 1 -- done
rank 18 | trajectory 3840 of circuit 2 -- done
rank 14 | trajectory 2372 of circuit 2 -- done
rank 14 | trajectory 1422 of circuit 2 -- done
rank 22 | trajectory 1100 of circuit 3 -- done
rank 22 | trajectory 3616 of circuit 2 -- done
rank 9 | trajectory 145 of circuit 1 -- done
rank 23 | trajectory 3800 of circuit 2 -- done
rank 11 | trajectory 3254 of circuit 3 -- done
rank 23 | trajectory 292 of circuit 3 -- done
rank 16 | trajectory 3139 of circuit 2 -- done
rank 5 | trajectory 61 of circuit 2 -- done
rank 8 | trajectory 1295 of circuit 3 -- done
rank 16 | trajectory 889 of circuit 1 -- done
rank 2 | trajectory 1968 of circuit 3 -- done
rank 0 | trajectory 2134 of circuit 1 -- done
rank 8 | trajectory 1587 of circuit 3 -- done
rank 9 | trajectory 3412 of circuit 3 -- done
rank 6 | trajectory 1294 of circuit 2 -- done
rank 5 | trajectory 2619 of circuit 3 -- done
rank 14 | trajectory 747 of circuit 3 -- done
rank 6 | trajectory 661 of circuit 2 -- done
rank 10 | trajectory 2571 of circuit 2 -- done
rank 17 | trajectory 1273 of circuit 1 -- done
rank 2 | trajectory 1885 of circuit 1 -- done
rank 0 | trajectory 617 of circuit 3 -- done
rank 0 | trajectory 3117 of circuit 1 -- done
rank 8 | trajectory 3170 of circuit 2 -- done
rank 24 | trajectory 1800 of circuit 3 -- done
rank 0 | trajectory 1409 of circuit 1 -- done
rank 4 | trajectory 1844 of circuit 2 -- done
rank 12 | trajectory 2888 of circuit 3 -- done
rank 6 | trajectory 919 of circuit 1 -- done
rank 9 | trajectory 1262 of circuit 1 -- done
rank 12 | trajectory 1763 of circuit 3 -- done
rank 10 | trajectory 2604 of circuit 3 -- done
rank 7 | trajectory 2053 of circuit 1 -- done
rank 2 | trajectory 1035 of circuit 3 -- done
rank 7 | trajectory 3420 of circuit 2 -- done
rank 13 | trajectory 2055 of circuit 1 -- done
rank 3 | trajectory 1435 of circuit 1 -- done
rank 5 | trajectory 1161 of circuit 3 -- done
rank 24 | trajectory 600 of circuit 2 -- done
rank 8 | trajectory 3153 of circuit 3 -- done
rank 18 | trajectory 1590 of circuit 3 -- done
rank 1 | trajectory 509 of circuit 2 -- done
rank 6 | trajectory 3119 of circuit 3 -- done
rank 22 | trajectory 2750 of circuit 2 -- done
rank 8 | trajectory 262 of circuit 2 -- done
rank 15 | trajectory 1539 of circuit 1 -- done
rank 2 | trajectory 1193 of circuit 2 -- done
rank 18 | trajectory 2590 of circuit 1 -- done
rank 18 | trajectory 3523 of circuit 3 -- done
rank 20 | trajectory 1949 of circuit 3 -- done
rank 5 | trajectory 1761 of circuit 3 -- done
rank 20 | trajectory 2432 of circuit 3 -- done
rank 12 | trajectory 1188 of circuit 3 -- done
rank 19 | trajectory 374 of circuit 2 -- done
rank 1 | trajectory 343 of circuit 1 -- done
rank 13 | trajectory 2097 of circuit 3 -- done
rank 0 | trajectory 1951 of circuit 3 -- done
rank 10 | trajectory 496 of circuit 2 -- done
rank 5 | trajectory 894 of circuit 3 -- done
rank 7 | trajectory 1886 of circuit 1 -- done
rank 11 | trajectory 2704 of circuit 1 -- done
rank 5 | trajectory 1086 of circuit 3 -- done
rank 19 | trajectory 624 of circuit 3 -- done
rank 8 | trajectory 1612 of circuit 3 -- done
rank 5 | trajectory 669 of circuit 3 -- done
rank 23 | trajectory 67 of circuit 3 -- done
rank 12 | trajectory 3538 of circuit 1 -- done
rank 17 | trajectory 3806 of circuit 2 -- done
rank 13 | trajectory 605 of circuit 3 -- done
rank 6 | trajectory 511 of circuit 1 -- done
rank 12 | trajectory 1171 of circuit 3 -- done
rank 10 | trajectory 1821 of circuit 3 -- done
rank 19 | trajectory 1299 of circuit 1 -- done
rank 6 | trajectory 3303 of circuit 3 -- done
rank 12 | trajectory 988 of circuit 1 -- done
rank 18 | trajectory 990 of circuit 3 -- done
rank 10 | trajectory 971 of circuit 3 -- done
rank 15 | trajectory 2272 of circuit 2 -- done
rank 14 | trajectory 3255 of circuit 1 -- done
rank 15 | trajectory 1047 of circuit 1 -- done
rank 0 | trajectory 809 of circuit 1 -- done
rank 18 | trajectory 15 of circuit 1 -- done
rank 0 | trajectory 1742 of circuit 1 -- done
rank 13 | trajectory 2588 of circuit 3 -- done
rank 16 | trajectory 3606 of circuit 2 -- done
rank 9 | trajectory 1562 of circuit 3 -- done
rank 11 | trajectory 96 of circuit 2 -- done
rank 0 | trajectory 559 of circuit 2 -- done
rank 19 | trajectory 290 of circuit 2 -- done
rank 14 | trajectory 1764 of circuit 2 -- done
rank 11 | trajectory 763 of circuit 3 -- done
rank 3 | trajectory 3318 of circuit 3 -- done
rank 2 | trajectory 1368 of circuit 2 -- done
rank 3 | trajectory 568 of circuit 1 -- done
rank 19 | trajectory 1765 of circuit 3 -- done
rank 10 | trajectory 3654 of circuit 2 -- done
rank 17 | trajectory 440 of circuit 3 -- done
rank 10 | trajectory 271 of circuit 2 -- done
rank 7 | trajectory 3470 of circuit 1 -- done
rank 19 | trajectory 390 of circuit 1 -- done
rank 21 | trajectory 1699 of circuit 3 -- done
rank 5 | trajectory 569 of circuit 2 -- done
rank 3 | trajectory 1160 of circuit 2 -- done
rank 2 | trajectory 643 of circuit 2 -- done
rank 5 | trajectory 3469 of circuit 3 -- done
rank 19 | trajectory 1615 of circuit 2 -- done
rank 23 | trajectory 525 of circuit 3 -- done
rank 6 | trajectory 469 of circuit 2 -- done
rank 6 | trajectory 1669 of circuit 2 -- done
rank 6 | trajectory 2919 of circuit 2 -- done
rank 18 | trajectory 423 of circuit 1 -- done
rank 6 | trajectory 861 of circuit 3 -- done
rank 2 | trajectory 368 of circuit 1 -- done
rank 12 | trajectory 3388 of circuit 1 -- done
rank 5 | trajectory 1369 of circuit 3 -- done
rank 20 | trajectory 1691 of circuit 1 -- done
rank 19 | trajectory 1990 of circuit 3 -- done
rank 1 | trajectory 659 of circuit 2 -- done
rank 8 | trajectory 812 of circuit 3 -- done
rank 19 | trajectory 140 of circuit 2 -- done
rank 23 | trajectory 2117 of circuit 3 -- done
rank 0 | trajectory 442 of circuit 3 -- done
rank 6 | trajectory 2803 of circuit 2 -- done
rank 0 | trajectory 2067 of circuit 1 -- done
rank 2 | trajectory 2085 of circuit 3 -- done
rank 18 | trajectory 48 of circuit 3 -- done
rank 7 | trajectory 1036 of circuit 3 -- done
rank 11 | trajectory 2638 of circuit 3 -- done
rank 8 | trajectory 3262 of circuit 3 -- done
rank 13 | trajectory 2638 of circuit 2 -- done
rank 22 | trajectory 1350 of circuit 3 -- done
rank 11 | trajectory 3788 of circuit 2 -- done
rank 20 | trajectory 1266 of circuit 2 -- done
rank 2 | trajectory 2468 of circuit 3 -- done
rank 10 | trajectory 1296 of circuit 3 -- done
rank 6 | trajectory 3503 of circuit 1 -- done
rank 6 | trajectory 1336 of circuit 3 -- done
rank 10 | trajectory 2437 of circuit 2 -- done
rank 13 | trajectory 1988 of circuit 2 -- done
rank 17 | trajectory 415 of circuit 3 -- done
rank 22 | trajectory 3200 of circuit 1 -- done
rank 6 | trajectory 3586 of circuit 1 -- done
rank 11 | trajectory 921 of circuit 3 -- done
rank 11 | trajectory 1496 of circuit 1 -- done
rank 21 | trajectory 949 of circuit 2 -- done
rank 13 | trajectory 572 of circuit 3 -- done
rank 0 | trajectory 942 of circuit 1 -- done
rank 19 | trajectory 2890 of circuit 3 -- done
rank 9 | trajectory 2137 of circuit 3 -- done
rank 9 | trajectory 1687 of circuit 3 -- done
rank 13 | trajectory 2755 of circuit 2 -- done
rank 11 | trajectory 1888 of circuit 2 -- done
rank 8 | trajectory 720 of circuit 3 -- done
rank 0 | trajectory 342 of circuit 1 -- done
rank 18 | trajectory 1398 of circuit 2 -- done
rank 6 | trajectory 1319 of circuit 3 -- done
rank 6 | trajectory 3236 of circuit 3 -- done
rank 17 | trajectory 1015 of circuit 2 -- done
rank 1 | trajectory 1268 of circuit 1 -- done
rank 1 | trajectory 568 of circuit 3 -- done
rank 5 | trajectory 2552 of circuit 1 -- done
rank 9 | trajectory 3195 of circuit 3 -- done
rank 7 | trajectory 1545 of circuit 2 -- done
rank 21 | trajectory 974 of circuit 2 -- done
rank 14 | trajectory 1147 of circuit 2 -- done
rank 14 | trajectory 2022 of circuit 3 -- done
rank 8 | trajectory 170 of circuit 2 -- done
rank 24 | trajectory 3834 of circuit 2 -- done
rank 7 | trajectory 1470 of circuit 1 -- done
rank 7 | trajectory 861 of circuit 1 -- done
rank 12 | trajectory 638 of circuit 2 -- done
rank 10 | trajectory 912 of circuit 3 -- done
rank 3 | trajectory 2518 of circuit 3 -- done
rank 15 | trajectory 1322 of circuit 3 -- done
rank 14 | trajectory 2705 of circuit 2 -- done
rank 18 | trajectory 398 of circuit 1 -- done
rank 0 | trajectory 1209 of circuit 1 -- done
rank 10 | trajectory 1129 of circuit 3 -- done
rank 23 | trajectory 1200 of circuit 2 -- done
rank 24 | trajectory 1984 of circuit 2 -- done
rank 22 | trajectory 2050 of circuit 3 -- done
rank 19 | trajectory 3390 of circuit 2 -- done
rank 9 | trajectory 2970 of circuit 3 -- done
rank 16 | trajectory 2306 of circuit 2 -- done
rank 4 | trajectory 3552 of circuit 3 -- done
rank 21 | trajectory 1141 of circuit 1 -- done
rank 19 | trajectory 474 of circuit 1 -- done
rank 20 | trajectory 949 of circuit 1 -- done
rank 2 | trajectory 1635 of circuit 3 -- done
rank 10 | trajectory 112 of circuit 2 -- done
rank 19 | trajectory 1065 of circuit 3 -- done
rank 23 | trajectory 3000 of circuit 3 -- done
rank 22 | trajectory 2600 of circuit 1 -- done
rank 13 | trajectory 1447 of circuit 2 -- done
rank 18 | trajectory 1290 of circuit 3 -- done
rank 9 | trajectory 1287 of circuit 2 -- done
rank 11 | trajectory 3604 of circuit 2 -- done
rank 24 | trajectory 1550 of circuit 1 -- done
rank 6 | trajectory 1736 of circuit 3 -- done
rank 16 | trajectory 289 of circuit 2 -- done
rank 14 | trajectory 1739 of circuit 3 -- done
rank 15 | trajectory 1614 of circuit 2 -- done
rank 0 | trajectory 1267 of circuit 1 -- done
rank 6 | trajectory 311 of circuit 2 -- done
rank 0 | trajectory 3551 of circuit 1 -- done
rank 20 | trajectory 1074 of circuit 1 -- done
rank 10 | trajectory 1646 of circuit 3 -- done
rank 2 | trajectory 93 of circuit 3 -- done
rank 6 | trajectory 1261 of circuit 2 -- done
rank 23 | trajectory 2533 of circuit 3 -- done
rank 8 | trajectory 2653 of circuit 3 -- done
rank 7 | trajectory 2670 of circuit 3 -- done
rank 18 | trajectory 2923 of circuit 3 -- done
rank 17 | trajectory 1765 of circuit 2 -- done
rank 2 | trajectory 2268 of circuit 2 -- done
rank 24 | trajectory 1600 of circuit 2 -- done
rank 0 | trajectory 1692 of circuit 3 -- done
rank 3 | trajectory 893 of circuit 3 -- done
rank 5 | trajectory 1294 of circuit 3 -- done
rank 1 | trajectory 2601 of circuit 3 -- done
rank 16 | trajectory 3039 of circuit 1 -- done
rank 3 | trajectory 2702 of circuit 3 -- done
rank 17 | trajectory 1798 of circuit 3 -- done
rank 13 | trajectory 2372 of circuit 3 -- done
rank 22 | trajectory 2850 of circuit 2 -- done
rank 14 | trajectory 3022 of circuit 1 -- done
rank 18 | trajectory 73 of circuit 1 -- done
rank 9 | trajectory 1662 of circuit 2 -- done
rank 9 | trajectory 1370 of circuit 3 -- done
rank 20 | trajectory 3466 of circuit 3 -- done
rank 19 | trajectory 215 of circuit 3 -- done
rank 9 | trajectory 2087 of circuit 1 -- done
rank 11 | trajectory 2821 of circuit 3 -- done
rank 20 | trajectory 1316 of circuit 3 -- done
rank 19 | trajectory 3240 of circuit 2 -- done
rank 14 | trajectory 3339 of circuit 2 -- done
rank 2 | trajectory 943 of circuit 1 -- done
rank 3 | trajectory 2735 of circuit 2 -- done
rank 14 | trajectory 1847 of circuit 1 -- done
rank 17 | trajectory 2440 of circuit 2 -- done
rank 5 | trajectory 1511 of circuit 3 -- done
rank 18 | trajectory 2307 of circuit 1 -- done
rank 12 | trajectory 1371 of circuit 1 -- done
rank 19 | trajectory 1440 of circuit 1 -- done
rank 4 | trajectory 3319 of circuit 1 -- done
rank 15 | trajectory 772 of circuit 1 -- done
rank 11 | trajectory 3488 of circuit 3 -- done
rank 9 | trajectory 45 of circuit 1 -- done
rank 0 | trajectory 192 of circuit 1 -- done
rank 1 | trajectory 1818 of circuit 3 -- done
rank 6 | trajectory 419 of circuit 2 -- done
rank 2 | trajectory 2918 of circuit 2 -- done
rank 22 | trajectory 2900 of circuit 2 -- done
rank 21 | trajectory 749 of circuit 2 -- done
rank 18 | trajectory 273 of circuit 1 -- done
rank 19 | trajectory 1165 of circuit 3 -- done
rank 11 | trajectory 663 of circuit 2 -- done
rank 24 | trajectory 725 of circuit 1 -- done
rank 12 | trajectory 221 of circuit 2 -- done
rank 7 | trajectory 1820 of circuit 2 -- done
rank 6 | trajectory 2936 of circuit 2 -- done
rank 21 | trajectory 1391 of circuit 1 -- done
rank 16 | trajectory 1323 of circuit 2 -- done
rank 14 | trajectory 2439 of circuit 1 -- done
rank 14 | trajectory 2172 of circuit 3 -- done
rank 16 | trajectory 1623 of circuit 3 -- done
rank 11 | trajectory 1088 of circuit 1 -- done
rank 1 | trajectory 134 of circuit 3 -- done
rank 4 | trajectory 494 of circuit 2 -- done
rank 6 | trajectory 3336 of circuit 2 -- done
rank 19 | trajectory 1699 of circuit 2 -- done
rank 18 | trajectory 2907 of circuit 3 -- done
rank 7 | trajectory 3453 of circuit 2 -- done
rank 23 | trajectory 3200 of circuit 3 -- done
rank 15 | trajectory 14 of circuit 3 -- done
rank 21 | trajectory 716 of circuit 1 -- done
rank 9 | trajectory 845 of circuit 2 -- done
rank 10 | trajectory 46 of circuit 2 -- done
rank 24 | trajectory 300 of circuit 1 -- done
rank 13 | trajectory 1547 of circuit 3 -- done
rank 23 | trajectory 1017 of circuit 3 -- done
rank 3 | trajectory 543 of circuit 2 -- done
rank 21 | trajectory 1474 of circuit 1 -- done
rank 23 | trajectory 267 of circuit 3 -- done
rank 10 | trajectory 987 of circuit 2 -- done
rank 18 | trajectory 615 of circuit 3 -- done
rank 3 | trajectory 3160 of circuit 3 -- done
rank 23 | trajectory 1825 of circuit 3 -- done
rank 23 | trajectory 1692 of circuit 2 -- done
rank 6 | trajectory 1544 of circuit 2 -- done
rank 10 | trajectory 1621 of circuit 2 -- done
rank 12 | trajectory 588 of circuit 3 -- done
rank 14 | trajectory 139 of circuit 3 -- done
rank 0 | trajectory 267 of circuit 2 -- done
rank 10 | trajectory 237 of circuit 3 -- done
rank 19 | trajectory 3190 of circuit 2 -- done
rank 17 | trajectory 723 of circuit 2 -- done
rank 11 | trajectory 3304 of circuit 1 -- done
rank 0 | trajectory 1442 of circuit 1 -- done
rank 10 | trajectory 1071 of circuit 2 -- done
rank 13 | trajectory 1072 of circuit 3 -- done
rank 3 | trajectory 2185 of circuit 2 -- done
rank 21 | trajectory 3649 of circuit 1 -- done
rank 10 | trajectory 1871 of circuit 2 -- done
rank 9 | trajectory 1820 of circuit 1 -- done
rank 5 | trajectory 3752 of circuit 3 -- done
rank 14 | trajectory 2122 of circuit 2 -- done
rank 9 | trajectory 2854 of circuit 2 -- done
rank 4 | trajectory 969 of circuit 2 -- done
rank 0 | trajectory 2534 of circuit 2 -- done
rank 24 | trajectory 317 of circuit 1 -- done
rank 9 | trajectory 2104 of circuit 3 -- done
rank 20 | trajectory 1824 of circuit 1 -- done
rank 6 | trajectory 3369 of circuit 2 -- done
rank 11 | trajectory 3638 of circuit 1 -- done
rank 22 | trajectory 2716 of circuit 2 -- done
rank 6 | trajectory 69 of circuit 2 -- done
rank 2 | trajectory 2501 of circuit 3 -- done
rank 7 | trajectory 1861 of circuit 3 -- done
rank 23 | trajectory 1625 of circuit 2 -- done
rank 5 | trajectory 444 of circuit 3 -- done
rank 1 | trajectory 3468 of circuit 1 -- done
rank 24 | trajectory 750 of circuit 2 -- done
rank 22 | trajectory 1050 of circuit 3 -- done
rank 24 | trajectory 3400 of circuit 1 -- done
rank 22 | trajectory 2800 of circuit 1 -- done
rank 18 | trajectory 1123 of circuit 3 -- done
rank 22 | trajectory 725 of circuit 2 -- done
rank 10 | trajectory 1712 of circuit 2 -- done
rank 9 | trajectory 1854 of circuit 3 -- done
rank 6 | trajectory 2719 of circuit 3 -- done
rank 0 | trajectory 2834 of circuit 3 -- done
rank 16 | trajectory 3689 of circuit 2 -- done
rank 9 | trajectory 495 of circuit 3 -- done
rank 10 | trajectory 2671 of circuit 3 -- done
rank 24 | trajectory 1275 of circuit 1 -- done
rank 11 | trajectory 3171 of circuit 3 -- done
rank 6 | trajectory 1594 of circuit 3 -- done
rank 7 | trajectory 1245 of circuit 3 -- done
rank 13 | trajectory 947 of circuit 3 -- done
rank 18 | trajectory 1873 of circuit 2 -- done
rank 13 | trajectory 672 of circuit 2 -- done
rank 10 | trajectory 746 of circuit 2 -- done
rank 0 | trajectory 3501 of circuit 2 -- done
rank 8 | trajectory 1487 of circuit 3 -- done
rank 16 | trajectory 1139 of circuit 3 -- done
rank 19 | trajectory 2524 of circuit 3 -- done
rank 5 | trajectory 1836 of circuit 3 -- done
rank 19 | trajectory 1724 of circuit 3 -- done
rank 3 | trajectory 210 of circuit 3 -- done
rank 13 | trajectory 213 of circuit 2 -- done
rank 2 | trajectory 1935 of circuit 1 -- done
rank 9 | trajectory 1137 of circuit 3 -- done
rank 11 | trajectory 2271 of circuit 2 -- done
rank 5 | trajectory 169 of circuit 1 -- done
rank 0 | trajectory 1284 of circuit 3 -- done
rank 5 | trajectory 1236 of circuit 3 -- done
rank 18 | trajectory 3307 of circuit 3 -- done
rank 21 | trajectory 3016 of circuit 1 -- done
rank 3 | trajectory 393 of circuit 1 -- done
rank 3 | trajectory 1360 of circuit 3 -- done
rank 21 | trajectory 2866 of circuit 1 -- done
rank 9 | trajectory 2070 of circuit 1 -- done
rank 23 | trajectory 625 of circuit 2 -- done
rank 0 | trajectory 909 of circuit 3 -- done
rank 20 | trajectory 1099 of circuit 3 -- done
rank 22 | trajectory 1075 of circuit 2 -- done
rank 9 | trajectory 1795 of circuit 1 -- done
rank 17 | trajectory 2740 of circuit 3 -- done
rank 18 | trajectory 3073 of circuit 1 -- done
rank 0 | trajectory 2484 of circuit 2 -- done
rank 18 | trajectory 1840 of circuit 2 -- done
rank 9 | trajectory 3804 of circuit 1 -- done
rank 19 | trajectory 1565 of circuit 1 -- done
rank 17 | trajectory 2323 of circuit 2 -- done
rank 16 | trajectory 2673 of circuit 2 -- done
rank 14 | trajectory 2255 of circuit 3 -- done
rank 16 | trajectory 1339 of circuit 2 -- done
rank 21 | trajectory 1099 of circuit 2 -- done
rank 9 | trajectory 3770 of circuit 3 -- done
rank 5 | trajectory 194 of circuit 3 -- done
rank 17 | trajectory 373 of circuit 2 -- done
rank 16 | trajectory 1023 of circuit 1 -- done
rank 12 | trajectory 613 of circuit 1 -- done
rank 3 | trajectory 785 of circuit 3 -- done
rank 3 | trajectory 85 of circuit 1 -- done
rank 5 | trajectory 1611 of circuit 2 -- done
rank 2 | trajectory 2151 of circuit 3 -- done
rank 0 | trajectory 467 of circuit 2 -- done
rank 9 | trajectory 3170 of circuit 1 -- done
rank 3 | trajectory 1110 of circuit 3 -- done
rank 20 | trajectory 2016 of circuit 3 -- done
rank 9 | trajectory 995 of circuit 1 -- done
rank 14 | trajectory 3639 of circuit 1 -- done
rank 11 | trajectory 213 of circuit 3 -- done
rank 21 | trajectory 1274 of circuit 1 -- done
rank 13 | trajectory 3688 of circuit 2 -- done
rank 19 | trajectory 1124 of circuit 3 -- done
rank 4 | trajectory 2435 of circuit 3 -- done
rank 0 | trajectory 1009 of circuit 2 -- done
rank 2 | trajectory 2451 of circuit 3 -- done
rank 21 | trajectory 3349 of circuit 2 -- done
rank 21 | trajectory 616 of circuit 2 -- done
rank 5 | trajectory 1936 of circuit 2 -- done
rank 0 | trajectory 1059 of circuit 2 -- done
rank 1 | trajectory 784 of circuit 1 -- done
rank 9 | trajectory 2370 of circuit 3 -- done
rank 7 | trajectory 720 of circuit 1 -- done
rank 0 | trajectory 159 of circuit 2 -- done
rank 13 | trajectory 3788 of circuit 3 -- done
rank 0 | trajectory 2201 of circuit 1 -- done
rank 12 | trajectory 521 of circuit 2 -- done
rank 1 | trajectory 643 of circuit 3 -- done
rank 10 | trajectory 2321 of circuit 2 -- done
rank 11 | trajectory 2121 of circuit 2 -- done
rank 3 | trajectory 943 of circuit 3 -- done
rank 8 | trajectory 3703 of circuit 3 -- done
rank 15 | trajectory 397 of circuit 1 -- done
rank 18 | trajectory 365 of circuit 1 -- done
rank 24 | trajectory 3467 of circuit 1 -- done
rank 14 | trajectory 72 of circuit 1 -- done
rank 0 | trajectory 2967 of circuit 3 -- done
rank 9 | trajectory 1004 of circuit 3 -- done
rank 10 | trajectory 3071 of circuit 2 -- done
rank 13 | trajectory 13 of circuit 2 -- done
rank 0 | trajectory 1542 of circuit 2 -- done
rank 9 | trajectory 2020 of circuit 3 -- done
rank 10 | trajectory 2154 of circuit 3 -- done
rank 19 | trajectory 990 of circuit 1 -- done
rank 11 | trajectory 3521 of circuit 3 -- done
rank 15 | trajectory 2672 of circuit 1 -- done
rank 22 | trajectory 300 of circuit 3 -- done
rank 5 | trajectory 3702 of circuit 3 -- done
rank 2 | trajectory 268 of circuit 2 -- done
rank 2 | trajectory 335 of circuit 2 -- done
rank 23 | trajectory 1575 of circuit 3 -- done
rank 12 | trajectory 2238 of circuit 1 -- done
rank 2 | trajectory 1493 of circuit 2 -- done
rank 6 | trajectory 3786 of circuit 3 -- done
rank 12 | trajectory 371 of circuit 1 -- done
rank 23 | trajectory 1150 of circuit 2 -- done
rank 21 | trajectory 599 of circuit 2 -- done
rank 2 | trajectory 2318 of circuit 3 -- done
rank 13 | trajectory 2680 of circuit 3 -- done
rank 2 | trajectory 910 of circuit 3 -- done
rank 4 | trajectory 1594 of circuit 2 -- done
rank 23 | trajectory 1392 of circuit 2 -- done
rank 12 | trajectory 2805 of circuit 3 -- done
rank 3 | trajectory 3235 of circuit 1 -- done
rank 14 | trajectory 3672 of circuit 1 -- done
rank 14 | trajectory 2289 of circuit 1 -- done
rank 3 | trajectory 2818 of circuit 3 -- done
rank 24 | trajectory 3700 of circuit 3 -- done
rank 6 | trajectory 236 of circuit 3 -- done
rank 7 | trajectory 3320 of circuit 3 -- done
rank 24 | trajectory 1742 of circuit 3 -- done
rank 19 | trajectory 549 of circuit 1 -- done
rank 0 | trajectory 2434 of circuit 2 -- done
rank 18 | trajectory 3607 of circuit 2 -- done
rank 6 | trajectory 119 of circuit 3 -- done
rank 5 | trajectory 919 of circuit 2 -- done
rank 11 | trajectory 1546 of circuit 2 -- done
rank 23 | trajectory 967 of circuit 3 -- done
rank 18 | trajectory 1798 of circuit 2 -- done
rank 9 | trajectory 3237 of circuit 3 -- done
rank 20 | trajectory 3282 of circuit 2 -- done
rank 2 | trajectory 3518 of circuit 3 -- done
rank 21 | trajectory 474 of circuit 2 -- done
rank 5 | trajectory 1719 of circuit 3 -- done
rank 9 | trajectory 3670 of circuit 2 -- done
rank 7 | trajectory 311 of circuit 3 -- done
rank 10 | trajectory 812 of circuit 2 -- done
rank 10 | trajectory 3296 of circuit 3 -- done
rank 13 | trajectory 1297 of circuit 2 -- done
rank 24 | trajectory 1025 of circuit 3 -- done
rank 11 | trajectory 838 of circuit 1 -- done
rank 3 | trajectory 35 of circuit 3 -- done
rank 11 | trajectory 1846 of circuit 3 -- done
rank 15 | trajectory 1772 of circuit 2 -- done
rank 16 | trajectory 864 of circuit 1 -- done
rank 2 | trajectory 318 of circuit 1 -- done
rank 3 | trajectory 618 of circuit 1 -- done
rank 16 | trajectory 2323 of circuit 3 -- done
rank 13 | trajectory 2622 of circuit 3 -- done
rank 12 | trajectory 871 of circuit 1 -- done
rank 24 | trajectory 1225 of circuit 3 -- done
rank 24 | trajectory 2534 of circuit 1 -- done
rank 19 | trajectory 849 of circuit 1 -- done
rank 14 | trajectory 2155 of circuit 2 -- done
rank 9 | trajectory 1920 of circuit 1 -- done
rank 0 | trajectory 1317 of circuit 3 -- done
rank 21 | trajectory 449 of circuit 2 -- done
rank 15 | trajectory 139 of circuit 2 -- done
rank 5 | trajectory 619 of circuit 2 -- done
rank 18 | trajectory 1940 of circuit 1 -- done
rank 5 | trajectory 3436 of circuit 1 -- done
rank 10 | trajectory 3537 of circuit 2 -- done
rank 0 | trajectory 3284 of circuit 2 -- done
rank 18 | trajectory 1148 of circuit 3 -- done
rank 0 | trajectory 359 of circuit 3 -- done
rank 6 | trajectory 44 of circuit 2 -- done
rank 11 | trajectory 596 of circuit 1 -- done
rank 14 | trajectory 622 of circuit 1 -- done
rank 15 | trajectory 1972 of circuit 2 -- done
rank 24 | trajectory 1567 of circuit 1 -- done
rank 24 | trajectory 1500 of circuit 3 -- done
rank 13 | trajectory 3305 of circuit 3 -- done
rank 17 | trajectory 1823 of circuit 2 -- done
rank 19 | trajectory 1640 of circuit 2 -- done
rank 3 | trajectory 2418 of circuit 3 -- done
rank 18 | trajectory 1215 of circuit 2 -- done
rank 23 | trajectory 1983 of circuit 3 -- done
rank 14 | trajectory 2405 of circuit 1 -- done
rank 15 | trajectory 1089 of circuit 2 -- done
rank 14 | trajectory 922 of circuit 2 -- done
rank 7 | trajectory 445 of circuit 1 -- done
rank 7 | trajectory 995 of circuit 2 -- done
rank 0 | trajectory 484 of circuit 3 -- done
rank 13 | trajectory 1663 of circuit 3 -- done
rank 10 | trajectory 3437 of circuit 1 -- done
rank 22 | trajectory 3233 of circuit 3 -- done
rank 1 | trajectory 918 of circuit 3 -- done
rank 14 | trajectory 2355 of circuit 3 -- done
rank 6 | trajectory 369 of circuit 2 -- done
rank 11 | trajectory 2021 of circuit 3 -- done
rank 8 | trajectory 87 of circuit 3 -- done
rank 15 | trajectory 1747 of circuit 2 -- done
rank 10 | trajectory 2471 of circuit 2 -- done
rank 24 | trajectory 1775 of circuit 3 -- done
rank 21 | trajectory 849 of circuit 3 -- done
rank 2 | trajectory 1410 of circuit 3 -- done
rank 11 | trajectory 2904 of circuit 1 -- done
rank 9 | trajectory 3470 of circuit 2 -- done
rank 12 | trajectory 1896 of circuit 2 -- done
rank 24 | trajectory 3817 of circuit 3 -- done
rank 15 | trajectory 1247 of circuit 1 -- done
rank 1 | trajectory 843 of circuit 3 -- done
rank 13 | trajectory 3238 of circuit 3 -- done
rank 3 | trajectory 3418 of circuit 2 -- done
rank 0 | trajectory 3634 of circuit 3 -- done
rank 12 | trajectory 1588 of circuit 3 -- done
rank 12 | trajectory 3121 of circuit 1 -- done
rank 11 | trajectory 388 of circuit 2 -- done
rank 1 | trajectory 893 of circuit 1 -- done
rank 17 | trajectory 98 of circuit 3 -- done
rank 24 | trajectory 1817 of circuit 2 -- done
rank 0 | trajectory 667 of circuit 2 -- done
rank 8 | trajectory 670 of circuit 3 -- done
rank 8 | trajectory 145 of circuit 3 -- done
rank 9 | trajectory 870 of circuit 1 -- done
rank 19 | trajectory 924 of circuit 2 -- done
rank 4 | trajectory 2369 of circuit 3 -- done
rank 14 | trajectory 889 of circuit 2 -- done
rank 22 | trajectory 516 of circuit 2 -- done
rank 3 | trajectory 2335 of circuit 3 -- done
rank 9 | trajectory 3504 of circuit 3 -- done
rank 17 | trajectory 698 of circuit 1 -- done
rank 19 | trajectory 3457 of circuit 3 -- done
rank 19 | trajectory 774 of circuit 1 -- done
rank 5 | trajectory 3336 of circuit 3 -- done
rank 9 | trajectory 245 of circuit 2 -- done
rank 2 | trajectory 685 of circuit 1 -- done
rank 20 | trajectory 3099 of circuit 2 -- done
rank 11 | trajectory 2671 of circuit 1 -- done
rank 22 | trajectory 2500 of circuit 3 -- done
rank 3 | trajectory 2752 of circuit 3 -- done
rank 9 | trajectory 1045 of circuit 3 -- done
rank 1 | trajectory 3151 of circuit 2 -- done
rank 17 | trajectory 2073 of circuit 3 -- done
rank 20 | trajectory 2249 of circuit 3 -- done
rank 18 | trajectory 2357 of circuit 1 -- done
rank 3 | trajectory 1568 of circuit 3 -- done
rank 14 | trajectory 1472 of circuit 2 -- done
rank 6 | trajectory 886 of circuit 1 -- done
rank 22 | trajectory 1841 of circuit 3 -- done
rank 17 | trajectory 3573 of circuit 3 -- done
rank 11 | trajectory 3221 of circuit 2 -- done
rank 11 | trajectory 738 of circuit 2 -- done
rank 16 | trajectory 389 of circuit 2 -- done
rank 16 | trajectory 1514 of circuit 3 -- done
rank 18 | trajectory 740 of circuit 3 -- done
rank 6 | trajectory 1786 of circuit 3 -- done
rank 24 | trajectory 1934 of circuit 2 -- done
rank 10 | trajectory 1121 of circuit 1 -- done
rank 6 | trajectory 1094 of circuit 2 -- done
rank 2 | trajectory 2251 of circuit 2 -- done
rank 9 | trajectory 1970 of circuit 3 -- done
rank 12 | trajectory 846 of circuit 2 -- done
rank 9 | trajectory 3587 of circuit 1 -- done
rank 15 | trajectory 647 of circuit 1 -- done
rank 14 | trajectory 122 of circuit 2 -- done
rank 2 | trajectory 1010 of circuit 2 -- done
rank 10 | trajectory 1512 of circuit 3 -- done
rank 6 | trajectory 194 of circuit 2 -- done
rank 13 | trajectory 1955 of circuit 3 -- done
rank 20 | trajectory 1641 of circuit 1 -- done
rank 3 | trajectory 1735 of circuit 2 -- done
rank 8 | trajectory 545 of circuit 1 -- done
rank 17 | trajectory 2123 of circuit 3 -- done
rank 14 | trajectory 489 of circuit 1 -- done
rank 14 | trajectory 3705 of circuit 3 -- done
rank 14 | trajectory 3605 of circuit 3 -- done
rank 7 | trajectory 620 of circuit 1 -- done
rank 23 | trajectory 1842 of circuit 3 -- done
rank 17 | trajectory 498 of circuit 2 -- done
rank 23 | trajectory 1242 of circuit 3 -- done
rank 21 | trajectory 774 of circuit 2 -- done
rank 7 | trajectory 2253 of circuit 1 -- done
rank 18 | trajectory 2257 of circuit 3 -- done
rank 22 | trajectory 1416 of circuit 1 -- done
rank 10 | trajectory 3104 of circuit 3 -- done
rank 18 | trajectory 1665 of circuit 2 -- done
rank 10 | trajectory 2754 of circuit 2 -- done
rank 5 | trajectory 1119 of circuit 2 -- done
rank 3 | trajectory 2485 of circuit 3 -- done
rank 14 | trajectory 1164 of circuit 3 -- done
rank 23 | trajectory 3450 of circuit 1 -- done
rank 12 | trajectory 321 of circuit 1 -- done
rank 10 | trajectory 1462 of circuit 2 -- done
rank 24 | trajectory 3450 of circuit 2 -- done
rank 10 | trajectory 3154 of circuit 2 -- done
rank 10 | trajectory 521 of circuit 1 -- done
rank 17 | trajectory 2956 of circuit 2 -- done
rank 12 | trajectory 2738 of circuit 1 -- done
rank 5 | trajectory 144 of circuit 2 -- done
rank 3 | trajectory 518 of circuit 3 -- done
rank 15 | trajectory 1897 of circuit 1 -- done
rank 19 | trajectory 3324 of circuit 3 -- done
rank 17 | trajectory 573 of circuit 2 -- done
rank 17 | trajectory 3690 of circuit 3 -- done
rank 8 | trajectory 45 of circuit 3 -- done
rank 9 | trajectory 2304 of circuit 1 -- done
rank 12 | trajectory 3221 of circuit 3 -- done
rank 7 | trajectory 2203 of circuit 2 -- done
rank 3 | trajectory 68 of circuit 1 -- done
rank 17 | trajectory 340 of circuit 1 -- done
rank 21 | trajectory 3583 of circuit 3 -- done
rank 21 | trajectory 66 of circuit 1 -- done
rank 10 | trajectory 1312 of circuit 1 -- done
rank 9 | trajectory 887 of circuit 3 -- done
rank 5 | trajectory 1419 of circuit 1 -- done
rank 5 | trajectory 2402 of circuit 3 -- done
rank 0 | trajectory 3184 of circuit 2 -- done
rank 14 | trajectory 1622 of circuit 3 -- done
rank 20 | trajectory 2466 of circuit 2 -- done
rank 12 | trajectory 1821 of circuit 1 -- done
rank 10 | trajectory 1012 of circuit 2 -- done
rank 2 | trajectory 1818 of circuit 2 -- done
rank 23 | trajectory 3083 of circuit 2 -- done
rank 13 | trajectory 547 of circuit 1 -- done
rank 2 | trajectory 2751 of circuit 3 -- done
rank 3 | trajectory 1093 of circuit 2 -- done
rank 14 | trajectory 2239 of circuit 2 -- done
rank 11 | trajectory 3154 of circuit 1 -- done
rank 2 | trajectory 1560 of circuit 3 -- done
rank 3 | trajectory 1310 of circuit 1 -- done
rank 12 | trajectory 1488 of circuit 3 -- done
rank 23 | trajectory 2900 of circuit 1 -- done
rank 14 | trajectory 3172 of circuit 2 -- done
rank 18 | trajectory 698 of circuit 2 -- done
rank 2 | trajectory 460 of circuit 2 -- done
rank 5 | trajectory 244 of circuit 2 -- done
rank 18 | trajectory 3707 of circuit 2 -- done
rank 9 | trajectory 3287 of circuit 3 -- done
rank 23 | trajectory 3433 of circuit 3 -- done
rank 21 | trajectory 1499 of circuit 3 -- done
rank 8 | trajectory 2603 of circuit 1 -- done
rank 24 | trajectory 167 of circuit 3 -- done
rank 17 | trajectory 473 of circuit 1 -- done
rank 14 | trajectory 1814 of circuit 1 -- done
rank 22 | trajectory 750 of circuit 1 -- done
rank 6 | trajectory 769 of circuit 1 -- done
rank 6 | trajectory 3669 of circuit 3 -- done
rank 9 | trajectory 1112 of circuit 1 -- done
rank 1 | trajectory 2918 of circuit 1 -- done
rank 20 | trajectory 3249 of circuit 3 -- done
rank 19 | trajectory 2024 of circuit 1 -- done
rank 14 | trajectory 3422 of circuit 1 -- done
rank 11 | trajectory 2254 of circuit 2 -- done
rank 16 | trajectory 2189 of circuit 3 -- done
rank 2 | trajectory 485 of circuit 3 -- done
rank 4 | trajectory 1894 of circuit 3 -- done
rank 8 | trajectory 2453 of circuit 3 -- done
rank 24 | trajectory 917 of circuit 2 -- done
rank 14 | trajectory 3555 of circuit 1 -- done
rank 12 | trajectory 2005 of circuit 1 -- done
rank 14 | trajectory 39 of circuit 2 -- done
rank 8 | trajectory 2570 of circuit 3 -- done
rank 9 | trajectory 1645 of circuit 1 -- done
rank 8 | trajectory 395 of circuit 1 -- done
rank 14 | trajectory 1389 of circuit 2 -- done
rank 18 | trajectory 3190 of circuit 1 -- done
rank 6 | trajectory 1419 of circuit 3 -- done
rank 15 | trajectory 1497 of circuit 3 -- done
rank 11 | trajectory 538 of circuit 3 -- done
rank 18 | trajectory 865 of circuit 3 -- done
rank 1 | trajectory 618 of circuit 3 -- done
rank 10 | trajectory 712 of circuit 1 -- done
rank 11 | trajectory 1521 of circuit 3 -- done
rank 14 | trajectory 1439 of circuit 1 -- done
rank 1 | trajectory 1193 of circuit 3 -- done
rank 23 | trajectory 1000 of circuit 2 -- done
rank 15 | trajectory 1397 of circuit 3 -- done
rank 17 | trajectory 198 of circuit 3 -- done
rank 6 | trajectory 1119 of circuit 1 -- done
rank 0 | trajectory 717 of circuit 1 -- done
rank 10 | trajectory 3421 of circuit 1 -- done
rank 1 | trajectory 1334 of circuit 1 -- done
rank 14 | trajectory 964 of circuit 3 -- done
rank 16 | trajectory 1548 of circuit 1 -- done
rank 17 | trajectory 948 of circuit 2 -- done
rank 23 | trajectory 567 of circuit 1 -- done
rank 20 | trajectory 249 of circuit 3 -- done
rank 0 | trajectory 2634 of circuit 1 -- done
rank 22 | trajectory 1175 of circuit 3 -- done
rank 19 | trajectory 1390 of circuit 1 -- done
rank 8 | trajectory 620 of circuit 3 -- done
rank 23 | trajectory 175 of circuit 2 -- done
rank 9 | trajectory 712 of circuit 3 -- done
rank 14 | trajectory 2822 of circuit 2 -- done
rank 20 | trajectory 599 of circuit 3 -- done
rank 9 | trajectory 2470 of circuit 3 -- done
rank 22 | trajectory 1550 of circuit 3 -- done
rank 1 | trajectory 584 of circuit 2 -- done
rank 16 | trajectory 498 of circuit 3 -- done
rank 19 | trajectory 1957 of circuit 1 -- done
rank 3 | trajectory 1235 of circuit 3 -- done
rank 21 | trajectory 1249 of circuit 3 -- done
rank 8 | trajectory 1837 of circuit 3 -- done
rank 3 | trajectory 343 of circuit 3 -- done
rank 6 | trajectory 169 of circuit 2 -- done
rank 19 | trajectory 799 of circuit 3 -- done
rank 21 | trajectory 316 of circuit 2 -- done
rank 1 | trajectory 3434 of circuit 2 -- done
rank 24 | trajectory 1050 of circuit 2 -- done
rank 7 | trajectory 1095 of circuit 3 -- done
rank 17 | trajectory 1548 of circuit 2 -- done
rank 18 | trajectory 840 of circuit 2 -- done
rank 2 | trajectory 1093 of circuit 3 -- done
rank 8 | trajectory 2787 of circuit 2 -- done
rank 5 | trajectory 1811 of circuit 3 -- done
rank 8 | trajectory 1395 of circuit 3 -- done
rank 2 | trajectory 960 of circuit 1 -- done
rank 17 | trajectory 1223 of circuit 3 -- done
rank 15 | trajectory 1672 of circuit 1 -- done
rank 20 | trajectory 24 of circuit 2 -- done
rank 7 | trajectory 511 of circuit 2 -- done
rank 12 | trajectory 288 of circuit 1 -- done
rank 11 | trajectory 1138 of circuit 3 -- done
rank 5 | trajectory 1069 of circuit 1 -- done
rank 14 | trajectory 3122 of circuit 2 -- done
rank 14 | trajectory 1939 of circuit 1 -- done
rank 19 | trajectory 74 of circuit 3 -- done
rank 21 | trajectory 3433 of circuit 1 -- done
rank 18 | trajectory 2373 of circuit 3 -- done
rank 21 | trajectory 574 of circuit 1 -- done
rank 1 | trajectory 1093 of circuit 1 -- done
rank 11 | trajectory 1613 of circuit 3 -- done
rank 0 | trajectory 1892 of circuit 1 -- done
rank 2 | trajectory 993 of circuit 2 -- done
rank 10 | trajectory 2504 of circuit 3 -- done
rank 11 | trajectory 2654 of circuit 2 -- done
rank 8 | trajectory 1720 of circuit 1 -- done
rank 1 | trajectory 3018 of circuit 3 -- done
rank 22 | trajectory 125 of circuit 1 -- done
rank 15 | trajectory 797 of circuit 3 -- done
rank 4 | trajectory 1469 of circuit 1 -- done
rank 11 | trajectory 2921 of circuit 2 -- done
rank 15 | trajectory 1822 of circuit 3 -- done
rank 10 | trajectory 1796 of circuit 3 -- done
rank 7 | trajectory 2320 of circuit 2 -- done
rank 6 | trajectory 1244 of circuit 1 -- done
rank 2 | trajectory 410 of circuit 1 -- done
rank 13 | trajectory 697 of circuit 3 -- done
rank 17 | trajectory 3506 of circuit 3 -- done
rank 2 | trajectory 1168 of circuit 2 -- done
rank 16 | trajectory 3439 of circuit 3 -- done
rank 9 | trajectory 2670 of circuit 2 -- done
rank 19 | trajectory 3607 of circuit 3 -- done
rank 17 | trajectory 1390 of circuit 2 -- done
rank 11 | trajectory 3421 of circuit 2 -- done
rank 7 | trajectory 1561 of circuit 2 -- done
rank 11 | trajectory 446 of circuit 1 -- done
rank 11 | trajectory 2404 of circuit 2 -- done
rank 12 | trajectory 713 of circuit 3 -- done
rank 21 | trajectory 1174 of circuit 2 -- done
rank 2 | trajectory 3485 of circuit 3 -- done
rank 19 | trajectory 2874 of circuit 3 -- done
rank 2 | trajectory 668 of circuit 3 -- done
rank 19 | trajectory 1349 of circuit 3 -- done
rank 1 | trajectory 3218 of circuit 2 -- done
rank 10 | trajectory 296 of circuit 3 -- done
rank 11 | trajectory 2738 of circuit 2 -- done
rank 20 | trajectory 524 of circuit 1 -- done
rank 24 | trajectory 1525 of circuit 3 -- done
rank 22 | trajectory 766 of circuit 3 -- done
rank 11 | trajectory 3071 of circuit 3 -- done
rank 10 | trajectory 3804 of circuit 3 -- done
rank 6 | trajectory 1894 of circuit 2 -- done
rank 18 | trajectory 2840 of circuit 1 -- done
rank 13 | trajectory 597 of circuit 2 -- done
rank 18 | trajectory 598 of circuit 3 -- done
rank 5 | trajectory 94 of circuit 2 -- done
rank 23 | trajectory 792 of circuit 1 -- done
rank 18 | trajectory 2407 of circuit 3 -- done
rank 17 | trajectory 2823 of circuit 3 -- done
rank 19 | trajectory 1924 of circuit 3 -- done
rank 11 | trajectory 2554 of circuit 1 -- done
rank 19 | trajectory 1424 of circuit 3 -- done
rank 17 | trajectory 123 of circuit 3 -- done
rank 23 | trajectory 3783 of circuit 2 -- done
rank 10 | trajectory 1387 of circuit 3 -- done
rank 22 | trajectory 1375 of circuit 2 -- done
rank 11 | trajectory 1954 of circuit 3 -- done
rank 16 | trajectory 1298 of circuit 3 -- done
rank 11 | trajectory 321 of circuit 2 -- done
rank 20 | trajectory 574 of circuit 3 -- done
rank 7 | trajectory 1370 of circuit 2 -- done
rank 13 | trajectory 2505 of circuit 3 -- done
rank 0 | trajectory 2117 of circuit 1 -- done
rank 18 | trajectory 1448 of circuit 1 -- done
rank 3 | trajectory 2285 of circuit 3 -- done
rank 15 | trajectory 1914 of circuit 3 -- done
rank 11 | trajectory 1221 of circuit 1 -- done
rank 11 | trajectory 296 of circuit 1 -- done
rank 14 | trajectory 247 of circuit 2 -- done
rank 13 | trajectory 347 of circuit 1 -- done
rank 9 | trajectory 2870 of circuit 3 -- done
rank 21 | trajectory 824 of circuit 1 -- done
rank 22 | trajectory 3300 of circuit 2 -- done
rank 23 | trajectory 400 of circuit 2 -- done
rank 4 | trajectory 3835 of circuit 3 -- done
rank 6 | trajectory 2436 of circuit 3 -- done
rank 6 | trajectory 2119 of circuit 1 -- done
rank 16 | trajectory 3773 of circuit 1 -- done
rank 19 | trajectory 3657 of circuit 1 -- done
rank 10 | trajectory 1262 of circuit 2 -- done
rank 0 | trajectory 1634 of circuit 3 -- done
rank 22 | trajectory 100 of circuit 3 -- done
rank 16 | trajectory 664 of circuit 1 -- done
rank 1 | trajectory 2334 of circuit 2 -- done
rank 10 | trajectory 387 of circuit 2 -- done
rank 23 | trajectory 325 of circuit 1 -- done
rank 17 | trajectory 3323 of circuit 3 -- done
rank 2 | trajectory 118 of circuit 1 -- done
rank 14 | trajectory 2389 of circuit 1 -- done
rank 13 | trajectory 763 of circuit 1 -- done
rank 14 | trajectory 2422 of circuit 1 -- done
rank 3 | trajectory 718 of circuit 1 -- done
rank 19 | trajectory 699 of circuit 2 -- done
rank 11 | trajectory 363 of circuit 3 -- done
rank 13 | trajectory 3405 of circuit 3 -- done
rank 6 | trajectory 1469 of circuit 2 -- done
rank 6 | trajectory 1369 of circuit 1 -- done
rank 10 | trajectory 862 of circuit 2 -- done
rank 15 | trajectory 322 of circuit 1 -- done
rank 16 | trajectory 1648 of circuit 3 -- done
rank 19 | trajectory 2357 of circuit 2 -- done
rank 3 | trajectory 418 of circuit 1 -- done
rank 9 | trajectory 3037 of circuit 3 -- done
rank 23 | trajectory 1750 of circuit 3 -- done
rank 10 | trajectory 96 of circuit 3 -- done
rank 22 | trajectory 1750 of circuit 1 -- done
rank 14 | trajectory 364 of circuit 3 -- done
rank 3 | trajectory 3302 of circuit 2 -- done
rank 15 | trajectory 1439 of circuit 3 -- done
rank 22 | trajectory 375 of circuit 1 -- done
rank 15 | trajectory 872 of circuit 1 -- done
rank 0 | trajectory 17 of circuit 3 -- done
rank 11 | trajectory 3471 of circuit 2 -- done
rank 8 | trajectory 1345 of circuit 2 -- done
rank 13 | trajectory 122 of circuit 3 -- done
rank 0 | trajectory 2717 of circuit 2 -- done
rank 3 | trajectory 1043 of circuit 3 -- done
rank 22 | trajectory 800 of circuit 3 -- done
rank 6 | trajectory 344 of circuit 3 -- done
rank 13 | trajectory 372 of circuit 1 -- done
rank 16 | trajectory 1698 of circuit 1 -- done
rank 2 | trajectory 1293 of circuit 3 -- done
rank 7 | trajectory 1270 of circuit 1 -- done
rank 20 | trajectory 124 of circuit 3 -- done
rank 2 | trajectory 1951 of circuit 1 -- done
rank 11 | trajectory 1588 of circuit 2 -- done
rank 19 | trajectory 1090 of circuit 2 -- done
rank 11 | trajectory 3621 of circuit 2 -- done
rank 5 | trajectory 1669 of circuit 3 -- done
rank 17 | trajectory 1348 of circuit 2 -- done
rank 1 | trajectory 968 of circuit 3 -- done
rank 12 | trajectory 1313 of circuit 3 -- done
rank 18 | trajectory 2107 of circuit 3 -- done
rank 23 | trajectory 692 of circuit 1 -- done
rank 12 | trajectory 2971 of circuit 1 -- done
rank 9 | trajectory 462 of circuit 3 -- done
rank 3 | trajectory 2385 of circuit 2 -- done
rank 1 | trajectory 1418 of circuit 2 -- done
rank 19 | trajectory 3740 of circuit 1 -- done
rank 13 | trajectory 488 of circuit 1 -- done
rank 24 | trajectory 2650 of circuit 3 -- done
rank 14 | trajectory 1514 of circuit 1 -- done
rank 6 | trajectory 561 of circuit 3 -- done
rank 5 | trajectory 719 of circuit 3 -- done
rank 16 | trajectory 598 of circuit 1 -- done
rank 9 | trajectory 3554 of circuit 2 -- done
rank 2 | trajectory 518 of circuit 2 -- done
rank 0 | trajectory 967 of circuit 1 -- done
rank 9 | trajectory 737 of circuit 3 -- done
rank 3 | trajectory 918 of circuit 2 -- done
rank 10 | trajectory 412 of circuit 2 -- done
rank 24 | trajectory 192 of circuit 3 -- done
rank 8 | trajectory 962 of circuit 1 -- done
rank 12 | trajectory 3621 of circuit 3 -- done
rank 21 | trajectory 1424 of circuit 2 -- done
rank 18 | trajectory 3007 of circuit 1 -- done
rank 14 | trajectory 172 of circuit 3 -- done
rank 3 | trajectory 1768 of circuit 3 -- done
rank 4 | trajectory 1419 of circuit 2 -- done
rank 9 | trajectory 1845 of circuit 3 -- done
rank 3 | trajectory 1643 of circuit 3 -- done
rank 5 | trajectory 1786 of circuit 2 -- done
rank 10 | trajectory 2537 of circuit 1 -- done
rank 20 | trajectory 1866 of circuit 3 -- done
rank 9 | trajectory 2037 of circuit 2 -- done
rank 11 | trajectory 3821 of circuit 2 -- done
rank 12 | trajectory 1138 of circuit 2 -- done
rank 8 | trajectory 1020 of circuit 2 -- done
rank 5 | trajectory 2352 of circuit 3 -- done
rank 9 | trajectory 1087 of circuit 3 -- done
rank 8 | trajectory 1820 of circuit 3 -- done
rank 10 | trajectory 1171 of circuit 2 -- done
rank 11 | trajectory 1063 of circuit 2 -- done
rank 10 | trajectory 371 of circuit 3 -- done
rank 9 | trajectory 3737 of circuit 1 -- done
rank 3 | trajectory 1418 of circuit 1 -- done
rank 14 | trajectory 1372 of circuit 2 -- done
rank 11 | trajectory 513 of circuit 3 -- done
rank 16 | trajectory 3006 of circuit 1 -- done
rank 10 | trajectory 2704 of circuit 3 -- done
rank 16 | trajectory 1264 of circuit 1 -- done
rank 13 | trajectory 3288 of circuit 1 -- done
rank 13 | trajectory 397 of circuit 3 -- done
rank 11 | trajectory 2204 of circuit 2 -- done
rank 0 | trajectory 892 of circuit 1 -- done
rank 1 | trajectory 684 of circuit 3 -- done
rank 11 | trajectory 3038 of circuit 2 -- done
rank 14 | trajectory 597 of circuit 1 -- done
rank 9 | trajectory 3070 of circuit 1 -- done
rank 9 | trajectory 512 of circuit 3 -- done
rank 0 | trajectory 509 of circuit 3 -- done
rank 11 | trajectory 1921 of circuit 2 -- done
rank 6 | trajectory 1169 of circuit 3 -- done
rank 8 | trajectory 1745 of circuit 3 -- done
rank 10 | trajectory 2037 of circuit 3 -- done
rank 12 | trajectory 3805 of circuit 2 -- done
rank 9 | trajectory 120 of circuit 1 -- done
rank 9 | trajectory 537 of circuit 3 -- done
rank 9 | trajectory 2120 of circuit 3 -- done
rank 0 | trajectory 1584 of circuit 3 -- done
rank 10 | trajectory 3337 of circuit 2 -- done
rank 6 | trajectory 2853 of circuit 3 -- done
rank 10 | trajectory 171 of circuit 1 -- done
rank 9 | trajectory 562 of circuit 3 -- done
rank 2 | trajectory 2568 of circuit 1 -- done
rank 12 | trajectory 1546 of circuit 3 -- done
rank 10 | trajectory 2271 of circuit 3 -- done
rank 9 | trajectory 1770 of circuit 3 -- done
rank 12 | trajectory 196 of circuit 1 -- done
rank 11 | trajectory 1163 of circuit 2 -- done
rank 15 | trajectory 1272 of circuit 2 -- done
rank 7 | trajectory 1311 of circuit 1 -- done
rank 14 | trajectory 3155 of circuit 3 -- done
rank 24 | trajectory 142 of circuit 1 -- done
rank 9 | trajectory 187 of circuit 3 -- done
rank 13 | trajectory 1022 of circuit 3 -- done
rank 21 | trajectory 1616 of circuit 3 -- done
rank 0 | trajectory 759 of circuit 2 -- done
rank 0 | trajectory 692 of circuit 3 -- done
rank 7 | trajectory 461 of circuit 2 -- done
rank 0 | trajectory 392 of circuit 1 -- done
rank 9 | trajectory 1187 of circuit 3 -- done
rank 19 | trajectory 2107 of circuit 2 -- done
rank 0 | trajectory 1392 of circuit 1 -- done
rank 13 | trajectory 1622 of circuit 1 -- done
rank 23 | trajectory 425 of circuit 3 -- done
rank 9 | trajectory 220 of circuit 3 -- done
rank 1 | trajectory 1793 of circuit 1 -- done
rank 10 | trajectory 1571 of circuit 2 -- done
rank 14 | trajectory 1072 of circuit 1 -- done
rank 21 | trajectory 2516 of circuit 1 -- done
rank 10 | trajectory 1771 of circuit 1 -- done
rank 16 | trajectory 3723 of circuit 3 -- done
rank 5 | trajectory 1444 of circuit 3 -- done
rank 5 | trajectory 1869 of circuit 2 -- done
rank 8 | trajectory 745 of circuit 3 -- done
rank 5 | trajectory 119 of circuit 2 -- done
rank 5 | trajectory 1986 of circuit 2 -- done
rank 11 | trajectory 171 of circuit 3 -- done
rank 12 | trajectory 171 of circuit 2 -- done
rank 1 | trajectory 1593 of circuit 3 -- done
rank 13 | trajectory 1247 of circuit 3 -- done
rank 15 | trajectory 1722 of circuit 3 -- done
rank 12 | trajectory 3655 of circuit 1 -- done
rank 8 | trajectory 1270 of circuit 3 -- done
rank 17 | trajectory 2840 of circuit 3 -- done
rank 5 | trajectory 3736 of circuit 2 -- done
rank 5 | trajectory 361 of circuit 1 -- done
rank 11 | trajectory 196 of circuit 3 -- done
rank 23 | trajectory 2033 of circuit 3 -- done
rank 11 | trajectory 2071 of circuit 3 -- done
rank 11 | trajectory 571 of circuit 1 -- done
rank 19 | trajectory 1249 of circuit 2 -- done
rank 12 | trajectory 1071 of circuit 3 -- done
rank 2 | trajectory 1793 of circuit 2 -- done
rank 2 | trajectory 1260 of circuit 2 -- done
rank 21 | trajectory 1916 of circuit 3 -- done
rank 14 | trajectory 1564 of circuit 3 -- done
rank 13 | trajectory 2705 of circuit 3 -- done
rank 11 | trajectory 238 of circuit 2 -- done
rank 18 | trajectory 140 of circuit 1 -- done
rank 8 | trajectory 345 of circuit 2 -- done
rank 7 | trajectory 820 of circuit 1 -- done
rank 18 | trajectory 1015 of circuit 1 -- done
rank 0 | trajectory 1717 of circuit 3 -- done
rank 7 | trajectory 3070 of circuit 3 -- done
rank 8 | trajectory 237 of circuit 1 -- done
rank 18 | trajectory 1473 of circuit 1 -- done
rank 5 | trajectory 694 of circuit 1 -- done
rank 15 | trajectory 697 of circuit 1 -- done
rank 2 | trajectory 718 of circuit 2 -- done
rank 3 | trajectory 360 of circuit 2 -- done
rank 1 | trajectory 218 of circuit 2 -- done
rank 23 | trajectory 1475 of circuit 1 -- done
rank 0 | trajectory 1159 of circuit 2 -- done
rank 14 | trajectory 2539 of circuit 3 -- done
rank 13 | trajectory 1797 of circuit 3 -- done
rank 3 | trajectory 310 of circuit 1 -- done
rank 1 | trajectory 1243 of circuit 1 -- done
rank 11 | trajectory 788 of circuit 2 -- done
rank 3 | trajectory 2102 of circuit 3 -- done
rank 12 | trajectory 921 of circuit 1 -- done
rank 9 | trajectory 2737 of circuit 1 -- done
rank 9 | trajectory 1170 of circuit 2 -- done
rank 2 | trajectory 1718 of circuit 1 -- done
rank 22 | trajectory 1525 of circuit 2 -- done
rank 11 | trajectory 2188 of circuit 3 -- done
rank 0 | trajectory 1784 of circuit 1 -- done
rank 21 | trajectory 1049 of circuit 2 -- done
rank 17 | trajectory 990 of circuit 2 -- done
rank 1 | trajectory 1434 of circuit 3 -- done
rank 16 | trajectory 273 of circuit 3 -- done
rank 8 | trajectory 3187 of circuit 1 -- done
rank 6 | trajectory 986 of circuit 3 -- done
rank 14 | trajectory 1264 of circuit 2 -- done
rank 2 | trajectory 1693 of circuit 3 -- done
rank 9 | trajectory 1954 of circuit 2 -- done
rank 0 | trajectory 3617 of circuit 2 -- done
rank 7 | trajectory 95 of circuit 2 -- done
rank 0 | trajectory 867 of circuit 1 -- done
rank 14 | trajectory 539 of circuit 3 -- done
rank 17 | trajectory 965 of circuit 1 -- done
rank 10 | trajectory 2971 of circuit 2 -- done
rank 0 | trajectory 3401 of circuit 1 -- done
rank 11 | trajectory 2371 of circuit 1 -- done
rank 22 | trajectory 550 of circuit 2 -- done
rank 6 | trajectory 3469 of circuit 2 -- done
rank 9 | trajectory 1745 of circuit 2 -- done
rank 9 | trajectory 2004 of circuit 3 -- done
rank 14 | trajectory 14 of circuit 1 -- done
rank 14 | trajectory 3522 of circuit 3 -- done
rank 18 | trajectory 3473 of circuit 2 -- done
rank 17 | trajectory 2673 of circuit 1 -- done
rank 12 | trajectory 788 of circuit 1 -- done
rank 9 | trajectory 970 of circuit 3 -- done
rank 18 | trajectory 1523 of circuit 3 -- done
rank 8 | trajectory 2853 of circuit 2 -- done
rank 23 | trajectory 350 of circuit 2 -- done
rank 10 | trajectory 1496 of circuit 3 -- done
rank 13 | trajectory 1922 of circuit 1 -- done
rank 3 | trajectory 1135 of circuit 3 -- done
rank 24 | trajectory 1667 of circuit 1 -- done
rank 21 | trajectory 699 of circuit 3 -- done
rank 7 | trajectory 1120 of circuit 2 -- done
rank 5 | trajectory 219 of circuit 2 -- done
rank 9 | trajectory 695 of circuit 1 -- done
rank 11 | trajectory 3838 of circuit 3 -- done
rank 13 | trajectory 422 of circuit 1 -- done
rank 21 | trajectory 2116 of circuit 3 -- done
rank 2 | trajectory 735 of circuit 2 -- done
rank 7 | trajectory 1211 of circuit 2 -- done
rank 14 | trajectory 797 of circuit 1 -- done
rank 22 | trajectory 3216 of circuit 3 -- done
rank 11 | trajectory 1571 of circuit 1 -- done
rank 3 | trajectory 1843 of circuit 3 -- done
rank 23 | trajectory 150 of circuit 3 -- done
rank 12 | trajectory 421 of circuit 1 -- done
rank 14 | trajectory 1114 of circuit 2 -- done
rank 11 | trajectory 1746 of circuit 2 -- done
rank 0 | trajectory 3251 of circuit 3 -- done
rank 13 | trajectory 1147 of circuit 3 -- done
rank 5 | trajectory 586 of circuit 1 -- done
rank 14 | trajectory 2522 of circuit 1 -- done
rank 14 | trajectory 447 of circuit 3 -- done
rank 6 | trajectory 1869 of circuit 3 -- done
rank 2 | trajectory 1518 of circuit 3 -- done
rank 8 | trajectory 1937 of circuit 2 -- done
rank 24 | trajectory 1350 of circuit 1 -- done
rank 2 | trajectory 560 of circuit 3 -- done
rank 5 | trajectory 419 of circuit 3 -- done
rank 17 | trajectory 815 of circuit 2 -- done
rank 10 | trajectory 1537 of circuit 3 -- done
rank 14 | trajectory 3622 of circuit 2 -- done
rank 11 | trajectory 971 of circuit 1 -- done
rank 9 | trajectory 87 of circuit 2 -- done
rank 18 | trajectory 573 of circuit 1 -- done
rank 10 | trajectory 196 of circuit 2 -- done
rank 9 | trajectory 1987 of circuit 1 -- done
rank 1 | trajectory 2834 of circuit 2 -- done
rank 10 | trajectory 2904 of circuit 3 -- done
rank 11 | trajectory 3004 of circuit 2 -- done
rank 3 | trajectory 3702 of circuit 2 -- done
rank 14 | trajectory 3655 of circuit 2 -- done
rank 2 | trajectory 3318 of circuit 1 -- done
rank 12 | trajectory 1746 of circuit 1 -- done
rank 19 | trajectory 1324 of circuit 2 -- done
rank 12 | trajectory 471 of circuit 1 -- done
rank 6 | trajectory 644 of circuit 3 -- done
rank 2 | trajectory 585 of circuit 3 -- done
rank 9 | trajectory 1537 of circuit 2 -- done
rank 13 | trajectory 997 of circuit 3 -- done
rank 23 | trajectory 2600 of circuit 3 -- done
rank 3 | trajectory 2202 of circuit 2 -- done
rank 21 | trajectory 999 of circuit 3 -- done
rank 11 | trajectory 621 of circuit 2 -- done
rank 24 | trajectory 2400 of circuit 1 -- done
rank 16 | trajectory 648 of circuit 1 -- done
rank 10 | trajectory 1596 of circuit 1 -- done
rank 11 | trajectory 2138 of circuit 3 -- done
rank 14 | trajectory 2072 of circuit 2 -- done
rank 14 | trajectory 3322 of circuit 2 -- done
rank 18 | trajectory 798 of circuit 3 -- done
rank 0 | trajectory 1967 of circuit 3 -- done
rank 14 | trajectory 514 of circuit 3 -- done
rank 7 | trajectory 420 of circuit 2 -- done
rank 3 | trajectory 1893 of circuit 2 -- done
rank 1 | trajectory 1118 of circuit 3 -- done
rank 9 | trajectory 345 of circuit 1 -- done
rank 16 | trajectory 1048 of circuit 3 -- done
rank 7 | trajectory 1920 of circuit 3 -- done
rank 21 | trajectory 3616 of circuit 3 -- done
rank 11 | trajectory 421 of circuit 3 -- done
rank 13 | trajectory 1172 of circuit 1 -- done
rank 11 | trajectory 1413 of circuit 1 -- done
rank 17 | trajectory 1248 of circuit 1 -- done
rank 4 | trajectory 1019 of circuit 2 -- done
rank 6 | trajectory 694 of circuit 2 -- done
rank 13 | trajectory 1347 of circuit 3 -- done
rank 13 | trajectory 1313 of circuit 2 -- done
rank 16 | trajectory 573 of circuit 3 -- done
rank 9 | trajectory 1437 of circuit 2 -- done
rank 2 | trajectory 3451 of circuit 3 -- done
rank 9 | trajectory 937 of circuit 3 -- done
rank 6 | trajectory 1144 of circuit 2 -- done
rank 16 | trajectory 223 of circuit 1 -- done
rank 17 | trajectory 2540 of circuit 1 -- done
rank 23 | trajectory 2567 of circuit 3 -- done
rank 12 | trajectory 496 of circuit 1 -- done
rank 13 | trajectory 1747 of circuit 3 -- done
rank 23 | trajectory 2833 of circuit 3 -- done
rank 17 | trajectory 1740 of circuit 1 -- done
rank 11 | trajectory 3238 of circuit 2 -- done
rank 1 | trajectory 3184 of circuit 3 -- done
rank 2 | trajectory 1443 of circuit 3 -- done
rank 0 | trajectory 3784 of circuit 1 -- done
rank 14 | trajectory 322 of circuit 3 -- done
rank 0 | trajectory 1617 of circuit 3 -- done
rank 18 | trajectory 2740 of circuit 2 -- done
rank 2 | trajectory 2001 of circuit 2 -- done
rank 13 | trajectory 2322 of circuit 1 -- done
rank 10 | trajectory 1246 of circuit 2 -- done
rank 6 | trajectory 1919 of circuit 2 -- done
rank 1 | trajectory 18 of circuit 3 -- done
rank 10 | trajectory 3354 of circuit 1 -- done
rank 23 | trajectory 1442 of circuit 3 -- done
rank 2 | trajectory 2768 of circuit 1 -- done
rank 5 | trajectory 3019 of circuit 3 -- done
rank 14 | trajectory 1247 of circuit 2 -- done
rank 1 | trajectory 2801 of circuit 2 -- done
rank 14 | trajectory 814 of circuit 3 -- done
rank 5 | trajectory 1269 of circuit 1 -- done
rank 5 | trajectory 2936 of circuit 3 -- done
rank 9 | trajectory 3620 of circuit 3 -- done
rank 22 | trajectory 2016 of circuit 1 -- done
rank 21 | trajectory 49 of circuit 2 -- done
rank 6 | trajectory 94 of circuit 1 -- done
rank 0 | trajectory 1459 of circuit 3 -- done
rank 18 | trajectory 1248 of circuit 2 -- done
rank 22 | trajectory 1400 of circuit 1 -- done
rank 7 | trajectory 1436 of circuit 2 -- done
rank 5 | trajectory 744 of circuit 2 -- done
rank 13 | trajectory 2088 of circuit 2 -- done
rank 16 | trajectory 523 of circuit 3 -- done
rank 9 | trajectory 262 of circuit 3 -- done
rank 7 | trajectory 1620 of circuit 1 -- done
rank 17 | trajectory 1840 of circuit 3 -- done
rank 9 | trajectory 1895 of circuit 2 -- done
rank 22 | trajectory 900 of circuit 2 -- done
rank 2 | trajectory 543 of circuit 3 -- done
rank 0 | trajectory 1834 of circuit 2 -- done
rank 19 | trajectory 490 of circuit 2 -- done
rank 8 | trajectory 1312 of circuit 3 -- done
rank 2 | trajectory 1543 of circuit 3 -- done
rank 17 | trajectory 3373 of circuit 2 -- done
rank 8 | trajectory 3103 of circuit 3 -- done
rank 10 | trajectory 646 of circuit 1 -- done
rank 6 | trajectory 144 of circuit 1 -- done
rank 17 | trajectory 540 of circuit 3 -- done
rank 12 | trajectory 546 of circuit 2 -- done
rank 7 | trajectory 3503 of circuit 2 -- done
rank 23 | trajectory 3733 of circuit 3 -- done
rank 11 | trajectory 871 of circuit 2 -- done
rank 13 | trajectory 797 of circuit 2 -- done
rank 13 | trajectory 472 of circuit 2 -- done
rank 21 | trajectory 124 of circuit 2 -- done
rank 1 | trajectory 1168 of circuit 1 -- done
rank 9 | trajectory 170 of circuit 3 -- done
rank 2 | trajectory 1243 of circuit 2 -- done
rank 9 | trajectory 2404 of circuit 3 -- done
rank 17 | trajectory 1415 of circuit 3 -- done
rank 9 | trajectory 670 of circuit 1 -- done
rank 14 | trajectory 222 of circuit 1 -- done
rank 17 | trajectory 3123 of circuit 1 -- done
rank 22 | trajectory 1650 of circuit 2 -- done
rank 7 | trajectory 1745 of circuit 1 -- done
rank 12 | trajectory 3238 of circuit 1 -- done
rank 12 | trajectory 1513 of circuit 3 -- done
rank 5 | trajectory 486 of circuit 2 -- done
rank 16 | trajectory 998 of circuit 3 -- done
rank 15 | trajectory 172 of circuit 1 -- done
rank 1 | trajectory 2134 of circuit 3 -- done
rank 5 | trajectory 1044 of circuit 3 -- done
rank 24 | trajectory 1400 of circuit 2 -- done
rank 11 | trajectory 346 of circuit 1 -- done
rank 11 | trajectory 996 of circuit 1 -- done
rank 24 | trajectory 250 of circuit 2 -- done
rank 18 | trajectory 1165 of circuit 2 -- done
rank 0 | trajectory 742 of circuit 3 -- done
rank 9 | trajectory 2204 of circuit 3 -- done
rank 17 | trajectory 923 of circuit 1 -- done
rank 16 | trajectory 1473 of circuit 3 -- done
rank 17 | trajectory 2206 of circuit 3 -- done
rank 17 | trajectory 515 of circuit 3 -- done
rank 9 | trajectory 2237 of circuit 3 -- done
rank 0 | trajectory 3134 of circuit 3 -- done
rank 16 | trajectory 548 of circuit 2 -- done
rank 19 | trajectory 3407 of circuit 1 -- done
rank 17 | trajectory 2573 of circuit 3 -- done
rank 2 | trajectory 2018 of circuit 3 -- done
rank 7 | trajectory 370 of circuit 1 -- done
rank 22 | trajectory 141 of circuit 3 -- done
rank 8 | trajectory 1062 of circuit 1 -- done
rank 8 | trajectory 862 of circuit 3 -- done
rank 19 | trajectory 1849 of circuit 3 -- done
rank 5 | trajectory 3052 of circuit 3 -- done
rank 8 | trajectory 595 of circuit 3 -- done
rank 0 | trajectory 217 of circuit 3 -- done
rank 7 | trajectory 945 of circuit 3 -- done
rank 14 | trajectory 1489 of circuit 3 -- done
rank 5 | trajectory 1469 of circuit 3 -- done
rank 22 | trajectory 1000 of circuit 3 -- done
rank 0 | trajectory 3734 of circuit 3 -- done
rank 2 | trajectory 3018 of circuit 2 -- done
rank 23 | trajectory 2350 of circuit 1 -- done
rank 16 | trajectory 164 of circuit 3 -- done
rank 6 | trajectory 494 of circuit 1 -- done
rank 9 | trajectory 595 of circuit 2 -- done
rank 23 | trajectory 2300 of circuit 1 -- done
rank 6 | trajectory 594 of circuit 3 -- done
rank 23 | trajectory 592 of circuit 1 -- done
rank 6 | trajectory 1619 of circuit 3 -- done
rank 11 | trajectory 146 of circuit 2 -- done
rank 0 | trajectory 3417 of circuit 2 -- done
rank 23 | trajectory 50 of circuit 2 -- done
rank 5 | trajectory 294 of circuit 1 -- done
rank 10 | trajectory 3371 of circuit 3 -- done
rank 18 | trajectory 1323 of circuit 1 -- done
rank 0 | trajectory 2384 of circuit 2 -- done
rank 1 | trajectory 3318 of circuit 2 -- done
rank 21 | trajectory 99 of circuit 1 -- done
rank 8 | trajectory 3370 of circuit 2 -- done
rank 9 | trajectory 2837 of circuit 3 -- done
rank 7 | trajectory 345 of circuit 3 -- done
rank 21 | trajectory 349 of circuit 3 -- done
rank 6 | trajectory 1644 of circuit 1 -- done
rank 14 | trajectory 664 of circuit 2 -- done
rank 9 | trajectory 62 of circuit 2 -- done
rank 18 | trajectory 1823 of circuit 3 -- done
rank 8 | trajectory 637 of circuit 3 -- done
rank 10 | trajectory 937 of circuit 1 -- done
rank 14 | trajectory 2905 of circuit 1 -- done
rank 0 | trajectory 1042 of circuit 3 -- done
rank 11 | trajectory 1696 of circuit 2 -- done
rank 3 | trajectory 293 of circuit 1 -- done
rank 1 | trajectory 1493 of circuit 3 -- done
rank 8 | trajectory 1195 of circuit 1 -- done
rank 7 | trajectory 1070 of circuit 2 -- done
rank 1 | trajectory 1718 of circuit 3 -- done
rank 9 | trajectory 2454 of circuit 2 -- done
rank 12 | trajectory 1296 of circuit 2 -- done
rank 17 | trajectory 773 of circuit 3 -- done
rank 10 | trajectory 1937 of circuit 3 -- done
rank 10 | trajectory 2121 of circuit 1 -- done
rank 8 | trajectory 1920 of circuit 2 -- done
rank 12 | trajectory 971 of circuit 2 -- done
rank 19 | trajectory 3674 of circuit 3 -- done
rank 14 | trajectory 1797 of circuit 2 -- done
rank 8 | trajectory 1237 of circuit 3 -- done
rank 24 | trajectory 1175 of circuit 1 -- done
rank 8 | trajectory 762 of circuit 2 -- done
rank 18 | trajectory 1373 of circuit 2 -- done
rank 13 | trajectory 172 of circuit 2 -- done
rank 22 | trajectory 1475 of circuit 2 -- done
rank 5 | trajectory 11 of circuit 2 -- done
rank 18 | trajectory 1548 of circuit 3 -- done
rank 0 | trajectory 1142 of circuit 2 -- done
rank 13 | trajectory 2722 of circuit 1 -- done
rank 7 | trajectory 1411 of circuit 2 -- done
rank 11 | trajectory 63 of circuit 3 -- done
rank 18 | trajectory 1273 of circuit 2 -- done
rank 10 | trajectory 3721 of circuit 3 -- done
rank 10 | trajectory 2387 of circuit 1 -- done
rank 14 | trajectory 3189 of circuit 3 -- done
rank 19 | trajectory 124 of circuit 1 -- done
rank 6 | trajectory 1194 of circuit 1 -- done
rank 17 | trajectory 1573 of circuit 1 -- done
rank 19 | trajectory 1824 of circuit 2 -- done
rank 20 | trajectory 174 of circuit 3 -- done
rank 10 | trajectory 1037 of circuit 3 -- done
rank 7 | trajectory 1845 of circuit 2 -- done
rank 11 | trajectory 1246 of circuit 3 -- done
rank 23 | trajectory 225 of circuit 1 -- done
rank 21 | trajectory 1524 of circuit 1 -- done
rank 5 | trajectory 644 of circuit 1 -- done
rank 6 | trajectory 394 of circuit 2 -- done
rank 17 | trajectory 3156 of circuit 1 -- done
rank 18 | trajectory 648 of circuit 2 -- done
rank 19 | trajectory 1599 of circuit 2 -- done
rank 2 | trajectory 1343 of circuit 2 -- done
rank 23 | trajectory 1225 of circuit 2 -- done
rank 10 | trajectory 2204 of circuit 1 -- done
rank 14 | trajectory 3139 of circuit 3 -- done
rank 17 | trajectory 2623 of circuit 3 -- done
rank 9 | trajectory 912 of circuit 2 -- done
rank 8 | trajectory 1870 of circuit 1 -- done
rank 6 | trajectory 2769 of circuit 2 -- done
rank 1 | trajectory 1668 of circuit 1 -- done
rank 9 | trajectory 2637 of circuit 3 -- done
rank 23 | trajectory 867 of circuit 2 -- done
rank 10 | trajectory 1746 of circuit 3 -- done
rank 8 | trajectory 1520 of circuit 2 -- done
rank 1 | trajectory 93 of circuit 2 -- done
rank 15 | trajectory 72 of circuit 3 -- done
rank 7 | trajectory 120 of circuit 2 -- done
rank 23 | trajectory 842 of circuit 3 -- done
rank 0 | trajectory 1567 of circuit 3 -- done
rank 14 | trajectory 3389 of circuit 1 -- done
rank 18 | trajectory 1723 of circuit 1 -- done
rank 8 | trajectory 1537 of circuit 1 -- done
rank 3 | trajectory 1593 of circuit 1 -- done
rank 6 | trajectory 1036 of circuit 2 -- done
rank 3 | trajectory 443 of circuit 3 -- done
rank 2 | trajectory 135 of circuit 3 -- done
rank 7 | trajectory 1170 of circuit 1 -- done
rank 6 | trajectory 844 of circuit 1 -- done
rank 3 | trajectory 493 of circuit 3 -- done
rank 11 | trajectory 1121 of circuit 2 -- done
rank 12 | trajectory 1421 of circuit 3 -- done
rank 23 | trajectory 750 of circuit 3 -- done
rank 3 | trajectory 1793 of circuit 3 -- done
rank 10 | trajectory 146 of circuit 3 -- done
rank 18 | trajectory 1073 of circuit 2 -- done
rank 1 | trajectory 1768 of circuit 2 -- done
rank 14 | trajectory 3489 of circuit 3 -- done
rank 12 | trajectory 746 of circuit 3 -- done
rank 18 | trajectory 1190 of circuit 3 -- done
rank 8 | trajectory 1170 of circuit 3 -- done
rank 0 | trajectory 142 of circuit 3 -- done
rank 17 | trajectory 640 of circuit 3 -- done
rank 1 | trajectory 3134 of circuit 2 -- done
rank 6 | trajectory 11 of circuit 3 -- done
rank 20 | trajectory 1249 of circuit 1 -- done
rank 11 | trajectory 646 of circuit 3 -- done
rank 23 | trajectory 1650 of circuit 1 -- done
rank 12 | trajectory 21 of circuit 1 -- done
rank 7 | trajectory 3770 of circuit 2 -- done
rank 18 | trajectory 673 of circuit 3 -- done
rank 17 | trajectory 1448 of circuit 3 -- done
rank 18 | trajectory 1898 of circuit 3 -- done
rank 14 | trajectory 1722 of circuit 1 -- done
rank 18 | trajectory 223 of circuit 3 -- done
rank 1 | trajectory 1568 of circuit 2 -- done
rank 11 | trajectory 1296 of circuit 1 -- done
rank 3 | trajectory 2235 of circuit 3 -- done
rank 0 | trajectory 417 of circuit 3 -- done
rank 11 | trajectory 3804 of circuit 2 -- done
rank 16 | trajectory 1198 of circuit 3 -- done
rank 19 | trajectory 3024 of circuit 3 -- done
rank 23 | trajectory 1125 of circuit 3 -- done
rank 17 | trajectory 3423 of circuit 1 -- done
rank 9 | trajectory 620 of circuit 2 -- done
rank 8 | trajectory 895 of circuit 3 -- done
rank 11 | trajectory 2971 of circuit 3 -- done
rank 24 | trajectory 75 of circuit 3 -- done
rank 6 | trajectory 1519 of circuit 2 -- done
rank 23 | trajectory 2917 of circuit 3 -- done
rank 14 | trajectory 339 of circuit 3 -- done
rank 17 | trajectory 865 of circuit 1 -- done
rank 13 | trajectory 1522 of circuit 1 -- done
rank 14 | trajectory 1322 of circuit 1 -- done
rank 8 | trajectory 570 of circuit 2 -- done
rank 13 | trajectory 1047 of circuit 3 -- done
rank 13 | trajectory 72 of circuit 2 -- done
rank 10 | trajectory 2837 of circuit 1 -- done
rank 0 | trajectory 2467 of circuit 3 -- done
rank 4 | trajectory 1719 of circuit 2 -- done
rank 4 | trajectory 1369 of circuit 2 -- done
rank 12 | trajectory 1446 of circuit 2 -- done
rank 6 | trajectory 2419 of circuit 3 -- done
rank 10 | trajectory 3271 of circuit 1 -- done
rank 9 | trajectory 1520 of circuit 1 -- done
rank 11 | trajectory 1721 of circuit 3 -- done
rank 11 | trajectory 496 of circuit 3 -- done
rank 9 | trajectory 770 of circuit 3 -- done
rank 17 | trajectory 1623 of circuit 1 -- done
rank 10 | trajectory 2454 of circuit 3 -- done
rank 19 | trajectory 174 of circuit 2 -- done
rank 10 | trajectory 1671 of circuit 3 -- done
rank 23 | trajectory 825 of circuit 3 -- done
rank 2 | trajectory 18 of circuit 1 -- done
rank 23 | trajectory 1175 of circuit 2 -- done
rank 5 | trajectory 2686 of circuit 3 -- done
rank 11 | trajectory 1821 of circuit 2 -- done
rank 5 | trajectory 1894 of circuit 1 -- done
rank 1 | trajectory 1068 of circuit 2 -- done
rank 17 | trajectory 1898 of circuit 1 -- done
rank 20 | trajectory 1024 of circuit 2 -- done
rank 11 | trajectory 3271 of circuit 2 -- done
rank 16 | trajectory 448 of circuit 3 -- done
rank 13 | trajectory 147 of circuit 3 -- done
rank 0 | trajectory 592 of circuit 3 -- done
rank 7 | trajectory 1711 of circuit 3 -- done
rank 14 | trajectory 2005 of circuit 3 -- done
rank 21 | trajectory 1199 of circuit 3 -- done
rank 3 | trajectory 1193 of circuit 1 -- done
rank 7 | trajectory 1020 of circuit 3 -- done
rank 9 | trajectory 3820 of circuit 2 -- done
rank 15 | trajectory 822 of circuit 2 -- done
rank 23 | trajectory 1667 of circuit 3 -- done
rank 18 | trajectory 473 of circuit 2 -- done
rank 4 | trajectory 1269 of circuit 2 -- done
rank 1 | trajectory 1693 of circuit 2 -- done
rank 11 | trajectory 3288 of circuit 3 -- done
rank 3 | trajectory 3002 of circuit 1 -- done
rank 2 | trajectory 43 of circuit 1 -- done
rank 11 | trajectory 1471 of circuit 2 -- done
rank 6 | trajectory 719 of circuit 2 -- done
rank 9 | trajectory 3187 of circuit 3 -- done
rank 18 | trajectory 1498 of circuit 3 -- done
rank 10 | trajectory 771 of circuit 1 -- done
rank 14 | trajectory 197 of circuit 2 -- done
rank 19 | trajectory 24 of circuit 3 -- done
rank 14 | trajectory 422 of circuit 3 -- done
rank 19 | trajectory 1549 of circuit 1 -- done
rank 23 | trajectory 892 of circuit 3 -- done
rank 11 | trajectory 821 of circuit 2 -- done
rank 7 | trajectory 745 of circuit 1 -- done
rank 3 | trajectory 3652 of circuit 2 -- done
rank 11 | trajectory 3754 of circuit 3 -- done
rank 13 | trajectory 1563 of circuit 2 -- done
rank 17 | trajectory 265 of circuit 3 -- done
rank 11 | trajectory 1871 of circuit 3 -- done
rank 13 | trajectory 38 of circuit 1 -- done
rank 19 | trajectory 524 of circuit 2 -- done
rank 12 | trajectory 821 of circuit 1 -- done
rank 1 | trajectory 118 of circuit 2 -- done
rank 21 | trajectory 1674 of circuit 1 -- done
rank 11 | trajectory 1771 of circuit 2 -- done
rank 10 | trajectory 1921 of circuit 3 -- done
rank 13 | trajectory 647 of circuit 2 -- done
rank 23 | trajectory 2650 of circuit 1 -- done
rank 12 | trajectory 1921 of circuit 1 -- done
rank 11 | trajectory 721 of circuit 1 -- done
rank 3 | trajectory 468 of circuit 3 -- done
rank 3 | trajectory 118 of circuit 3 -- done
rank 22 | trajectory 1625 of circuit 1 -- done
rank 3 | trajectory 1543 of circuit 2 -- done
rank 6 | trajectory 1836 of circuit 2 -- done
rank 1 | trajectory 43 of circuit 2 -- done
rank 14 | trajectory 1339 of circuit 3 -- done
rank 16 | trajectory 798 of circuit 1 -- done
rank 17 | trajectory 1190 of circuit 2 -- done
rank 10 | trajectory 1837 of circuit 2 -- done
rank 6 | trajectory 1819 of circuit 3 -- done
rank 6 | trajectory 1719 of circuit 1 -- done
rank 3 | trajectory 1818 of circuit 1 -- done
rank 22 | trajectory 600 of circuit 1 -- done
rank 23 | trajectory 1900 of circuit 3 -- done
rank 12 | trajectory 1713 of circuit 3 -- done
rank 5 | trajectory 3186 of circuit 1 -- done
rank 18 | trajectory 1573 of circuit 3 -- done
rank 0 | trajectory 1492 of circuit 2 -- done
rank 20 | trajectory 674 of circuit 3 -- done
rank 6 | trajectory 619 of circuit 3 -- done
rank 13 | trajectory 1263 of circuit 2 -- done
rank 19 | trajectory 674 of circuit 1 -- done
rank 3 | trajectory 693 of circuit 1 -- done
rank 2 | trajectory 2818 of circuit 2 -- done
rank 22 | trajectory 3150 of circuit 2 -- done
rank 21 | trajectory 1824 of circuit 3 -- done
rank 15 | trajectory 897 of circuit 3 -- done
rank 12 | trajectory 1096 of circuit 2 -- done
rank 9 | trajectory 2320 of circuit 3 -- done
rank 9 | trajectory 3220 of circuit 2 -- done
rank 14 | trajectory 2672 of circuit 2 -- done
rank 11 | trajectory 2288 of circuit 1 -- done
rank 3 | trajectory 2985 of circuit 1 -- done
rank 3 | trajectory 818 of circuit 3 -- done
rank 3 | trajectory 1493 of circuit 1 -- done
rank 18 | trajectory 98 of circuit 1 -- done
rank 20 | trajectory 924 of circuit 1 -- done
rank 19 | trajectory 349 of circuit 2 -- done
rank 2 | trajectory 618 of circuit 2 -- done
rank 8 | trajectory 912 of circuit 1 -- done
rank 7 | trajectory 3353 of circuit 2 -- done
rank 2 | trajectory 1668 of circuit 3 -- done
rank 2 | trajectory 293 of circuit 3 -- done
rank 0 | trajectory 534 of circuit 3 -- done
rank 17 | trajectory 598 of circuit 2 -- done
rank 17 | trajectory 1298 of circuit 1 -- done
rank 5 | trajectory 794 of circuit 1 -- done
rank 11 | trajectory 3088 of circuit 2 -- done
rank 19 | trajectory 3124 of circuit 1 -- done
rank 19 | trajectory 2557 of circuit 3 -- done
rank 11 | trajectory 1271 of circuit 3 -- done
rank 13 | trajectory 722 of circuit 2 -- done
rank 10 | trajectory 3237 of circuit 1 -- done
rank 17 | trajectory 148 of circuit 2 -- done
rank 3 | trajectory 1918 of circuit 2 -- done
rank 9 | trajectory 2287 of circuit 2 -- done
rank 11 | trajectory 1021 of circuit 3 -- done
rank 10 | trajectory 571 of circuit 2 -- done
rank 23 | trajectory 1725 of circuit 3 -- done
rank 4 | trajectory 569 of circuit 1 -- done
rank 11 | trajectory 3504 of circuit 2 -- done
rank 8 | trajectory 220 of circuit 1 -- done
rank 23 | trajectory 725 of circuit 3 -- done
rank 14 | trajectory 472 of circuit 1 -- done
rank 11 | trajectory 1796 of circuit 2 -- done
rank 3 | trajectory 593 of circuit 2 -- done
rank 6 | trajectory 1494 of circuit 3 -- done
rank 2 | trajectory 868 of circuit 1 -- done
rank 13 | trajectory 2822 of circuit 3 -- done
rank 6 | trajectory 1769 of circuit 1 -- done
rank 21 | trajectory 274 of circuit 1 -- done
rank 9 | trajectory 2804 of circuit 2 -- done
rank 19 | trajectory 1049 of circuit 1 -- done
rank 9 | trajectory 287 of circuit 3 -- done
rank 2 | trajectory 3651 of circuit 1 -- done
rank 8 | trajectory 1370 of circuit 1 -- done
rank 23 | trajectory 3417 of circuit 3 -- done
rank 23 | trajectory 1075 of circuit 1 -- done
rank 14 | trajectory 1639 of circuit 3 -- done
rank 8 | trajectory 412 of circuit 3 -- done
rank 23 | trajectory 1800 of circuit 1 -- done
rank 19 | trajectory 874 of circuit 2 -- done
rank 17 | trajectory 1473 of circuit 2 -- done
rank 5 | trajectory 769 of circuit 2 -- done
rank 9 | trajectory 1720 of circuit 2 -- done
rank 24 | trajectory 1875 of circuit 3 -- done
rank 8 | trajectory 495 of circuit 1 -- done
rank 14 | trajectory 1697 of circuit 3 -- done
rank 24 | trajectory 1650 of circuit 3 -- done
rank 17 | trajectory 315 of circuit 3 -- done
rank 19 | trajectory 1665 of circuit 3 -- done
rank 9 | trajectory 2337 of circuit 3 -- done
rank 3 | trajectory 1718 of circuit 2 -- done
rank 5 | trajectory 819 of circuit 3 -- done
rank 0 | trajectory 634 of circuit 3 -- done
rank 10 | trajectory 3171 of circuit 2 -- done
rank 13 | trajectory 1122 of circuit 3 -- done
rank 17 | trajectory 1373 of circuit 3 -- done
rank 22 | trajectory 875 of circuit 3 -- done
rank 4 | trajectory 1069 of circuit 3 -- done
rank 2 | trajectory 810 of circuit 1 -- done
rank 9 | trajectory 1345 of circuit 3 -- done
rank 14 | trajectory 1097 of circuit 3 -- done
rank 10 | trajectory 321 of circuit 3 -- done
rank 23 | trajectory 3150 of circuit 3 -- done
rank 8 | trajectory 1095 of circuit 1 -- done
rank 3 | trajectory 3018 of circuit 1 -- done
rank 1 | trajectory 1893 of circuit 3 -- done
rank 16 | trajectory 848 of circuit 1 -- done
rank 11 | trajectory 1346 of circuit 2 -- done
rank 17 | trajectory 398 of circuit 3 -- done
rank 14 | trajectory 947 of circuit 1 -- done
rank 5 | trajectory 3652 of circuit 3 -- done
rank 2 | trajectory 1110 of circuit 2 -- done
rank 5 | trajectory 2969 of circuit 3 -- done
rank 13 | trajectory 3522 of circuit 1 -- done
rank 12 | trajectory 571 of circuit 3 -- done
rank 7 | trajectory 70 of circuit 3 -- done
rank 14 | trajectory 97 of circuit 2 -- done
rank 14 | trajectory 697 of circuit 2 -- done
rank 6 | trajectory 3219 of circuit 2 -- done
rank 14 | trajectory 3222 of circuit 3 -- done
rank 10 | trajectory 896 of circuit 3 -- done
rank 14 | trajectory 1897 of circuit 3 -- done
rank 19 | trajectory 199 of circuit 2 -- done
rank 19 | trajectory 274 of circuit 2 -- done
rank 13 | trajectory 972 of circuit 3 -- done
rank 22 | trajectory 200 of circuit 3 -- done
rank 14 | trajectory 872 of circuit 2 -- done
rank 14 | trajectory 1197 of circuit 1 -- done
rank 9 | trajectory 1070 of circuit 1 -- done
rank 0 | trajectory 117 of circuit 3 -- done
rank 14 | trajectory 1297 of circuit 3 -- done
rank 14 | trajectory 1914 of circuit 1 -- done
rank 20 | trajectory 1524 of circuit 2 -- done
rank 3 | trajectory 243 of circuit 3 -- done
rank 0 | trajectory 1809 of circuit 1 -- done
rank 14 | trajectory 1047 of circuit 2 -- done
rank 3 | trajectory 1068 of circuit 3 -- done
rank 8 | trajectory 445 of circuit 3 -- done
rank 13 | trajectory 322 of circuit 2 -- done
rank 19 | trajectory 1749 of circuit 2 -- done
rank 19 | trajectory 724 of circuit 1 -- done
rank 2 | trajectory 2385 of circuit 3 -- done
rank 20 | trajectory 1624 of circuit 2 -- done
rank 14 | trajectory 2272 of circuit 3 -- done
rank 14 | trajectory 839 of circuit 1 -- done
rank 12 | trajectory 346 of circuit 3 -- done
rank 19 | trajectory 1140 of circuit 3 -- done
rank 7 | trajectory 1395 of circuit 1 -- done
rank 2 | trajectory 1618 of circuit 3 -- done
rank 8 | trajectory 1645 of circuit 3 -- done
rank 9 | trajectory 2354 of circuit 2 -- done
rank 8 | trajectory 1795 of circuit 3 -- done
rank 2 | trajectory 68 of circuit 3 -- done
rank 13 | trajectory 1397 of circuit 2 -- done
rank 14 | trajectory 1014 of circuit 3 -- done
rank 16 | trajectory 1848 of circuit 2 -- done
rank 6 | trajectory 294 of circuit 2 -- done
rank 13 | trajectory 3772 of circuit 1 -- done
rank 9 | trajectory 2170 of circuit 3 -- done
rank 14 | trajectory 1222 of circuit 2 -- done
rank 9 | trajectory 1412 of circuit 2 -- done
rank 5 | trajectory 1394 of circuit 3 -- done
rank 18 | trajectory 1098 of circuit 1 -- done
rank 18 | trajectory 548 of circuit 1 -- done
rank 23 | trajectory 25 of circuit 3 -- done
rank 17 | trajectory 1073 of circuit 3 -- done
rank 10 | trajectory 3204 of circuit 2 -- done
rank 11 | trajectory 1046 of circuit 2 -- done
rank 0 | trajectory 1509 of circuit 3 -- done
rank 18 | trajectory 1748 of circuit 3 -- done
rank 3 | trajectory 2568 of circuit 2 -- done
rank 18 | trajectory 2940 of circuit 3 -- done
rank 16 | trajectory 748 of circuit 3 -- done
rank 23 | trajectory 675 of circuit 1 -- done
rank 10 | trajectory 1412 of circuit 1 -- done
rank 13 | trajectory 1372 of circuit 1 -- done
rank 5 | trajectory 2519 of circuit 3 -- done
rank 3 | trajectory 743 of circuit 1 -- done
rank 11 | trajectory 271 of circuit 3 -- done
rank 10 | trajectory 1446 of circuit 1 -- done
rank 17 | trajectory 1498 of circuit 2 -- done
rank 3 | trajectory 3668 of circuit 2 -- done
rank 1 | trajectory 268 of circuit 1 -- done
rank 18 | trajectory 523 of circuit 1 -- done
rank 15 | trajectory 722 of circuit 3 -- done
rank 15 | trajectory 297 of circuit 2 -- done
rank 10 | trajectory 21 of circuit 2 -- done
rank 2 | trajectory 1918 of circuit 1 -- done
rank 8 | trajectory 1895 of circuit 3 -- done
rank 10 | trajectory 3321 of circuit 3 -- done
rank 5 | trajectory 44 of circuit 3 -- done
rank 17 | trajectory 673 of circuit 2 -- done
rank 14 | trajectory 2755 of circuit 3 -- done
rank 12 | trajectory 1571 of circuit 3 -- done
rank 19 | trajectory 1024 of circuit 3 -- done
rank 10 | trajectory 2987 of circuit 3 -- done
rank 14 | trajectory 572 of circuit 2 -- done
rank 13 | trajectory 747 of circuit 2 -- done
rank 8 | trajectory 3503 of circuit 3 -- done
rank 17 | trajectory 23 of circuit 2 -- done
rank 2 | trajectory 443 of circuit 2 -- done
rank 12 | trajectory 396 of circuit 2 -- done
rank 14 | trajectory 1672 of circuit 3 -- done
rank 3 | trajectory 1660 of circuit 3 -- done
rank 12 | trajectory 146 of circuit 1 -- done
rank 7 | trajectory 670 of circuit 2 -- done
rank 6 | trajectory 794 of circuit 2 -- done
rank 8 | trajectory 1112 of circuit 3 -- done
rank 2 | trajectory 893 of circuit 2 -- done
rank 21 | trajectory 1799 of circuit 1 -- done
rank 23 | trajectory 950 of circuit 3 -- done
rank 17 | trajectory 2856 of circuit 3 -- done
rank 11 | trajectory 1396 of circuit 3 -- done
rank 22 | trajectory 450 of circuit 1 -- done
rank 11 | trajectory 3454 of circuit 3 -- done
rank 5 | trajectory 1319 of circuit 2 -- done
rank 8 | trajectory 945 of circuit 1 -- done
rank 13 | trajectory 97 of circuit 3 -- done
rank 2 | trajectory 1768 of circuit 1 -- done
rank 0 | trajectory 42 of circuit 1 -- done
rank 2 | trajectory 218 of circuit 3 -- done
rank 14 | trajectory 3739 of circuit 2 -- done
rank 11 | trajectory 46 of circuit 1 -- done
rank 14 | trajectory 1872 of circuit 2 -- done
rank 10 | trajectory 1346 of circuit 3 -- done
rank 12 | trajectory 1021 of circuit 1 -- done
rank 10 | trajectory 2171 of circuit 1 -- done
rank 18 | trajectory 1340 of circuit 2 -- done
rank 19 | trajectory 649 of circuit 3 -- done
rank 3 | trajectory 1293 of circuit 1 -- done
rank 16 | trajectory 1773 of circuit 3 -- done
rank 9 | trajectory 637 of circuit 1 -- done
rank 16 | trajectory 898 of circuit 1 -- done
rank 10 | trajectory 1954 of circuit 1 -- done
rank 10 | trajectory 3454 of circuit 2 -- done
rank 9 | trajectory 1220 of circuit 3 -- done
rank 5 | trajectory 1544 of circuit 3 -- done
rank 8 | trajectory 1470 of circuit 2 -- done
rank 8 | trajectory 1045 of circuit 1 -- done
rank 18 | trajectory 2473 of circuit 1 -- done
rank 10 | trajectory 546 of circuit 1 -- done
rank 18 | trajectory 948 of circuit 3 -- done
rank 3 | trajectory 768 of circuit 2 -- done
rank 22 | trajectory 50 of circuit 3 -- done
rank 6 | trajectory 669 of circuit 1 -- done
rank 1 | trajectory 518 of circuit 1 -- done
rank 23 | trajectory 500 of circuit 3 -- done
rank 8 | trajectory 995 of circuit 3 -- done
rank 21 | trajectory 924 of circuit 3 -- done
rank 12 | trajectory 1121 of circuit 3 -- done
rank 15 | trajectory 1372 of circuit 3 -- done
rank 15 | trajectory 1572 of circuit 3 -- done
rank 13 | trajectory 1197 of circuit 3 -- done
rank 3 | trajectory 1335 of circuit 1 -- done
rank 7 | trajectory 1895 of circuit 1 -- done
rank 8 | trajectory 1770 of circuit 2 -- done
rank 13 | trajectory 1097 of circuit 1 -- done
rank 14 | trajectory 2589 of circuit 2 -- done
rank 11 | trajectory 1646 of circuit 2 -- done
rank 8 | trajectory 2703 of circuit 3 -- done
rank 0 | trajectory 1917 of circuit 2 -- done
rank 17 | trajectory 890 of circuit 3 -- done
rank 14 | trajectory 2472 of circuit 3 -- done
rank 21 | trajectory 1724 of circuit 2 -- done
rank 18 | trajectory 973 of circuit 3 -- done
rank 14 | trajectory 397 of circuit 2 -- done
rank 3 | trajectory 2785 of circuit 2 -- done
rank 18 | trajectory 298 of circuit 3 -- done
rank 20 | trajectory 1699 of circuit 1 -- done
rank 18 | trajectory 1598 of circuit 1 -- done
rank 2 | trajectory 2035 of circuit 3 -- done
rank 3 | trajectory 1443 of circuit 1 -- done
rank 13 | trajectory 3572 of circuit 2 -- done
rank 11 | trajectory 3021 of circuit 3 -- done
rank 5 | trajectory 1169 of circuit 1 -- done
rank 23 | trajectory 75 of circuit 1 -- done
rank 14 | trajectory 1597 of circuit 3 -- done
rank 10 | trajectory 596 of circuit 3 -- done
rank 10 | trajectory 696 of circuit 1 -- done
rank 9 | trajectory 1245 of circuit 2 -- done
rank 2 | trajectory 1043 of circuit 1 -- done
rank 2 | trajectory 1893 of circuit 1 -- done
rank 5 | trajectory 1094 of circuit 1 -- done
rank 15 | trajectory 1547 of circuit 2 -- done
rank 8 | trajectory 795 of circuit 2 -- done
rank 18 | trajectory 773 of circuit 2 -- done
rank 17 | trajectory 623 of circuit 2 -- done
rank 10 | trajectory 796 of circuit 3 -- done
rank 14 | trajectory 1547 of circuit 1 -- done
rank 6 | trajectory 1444 of circuit 2 -- done
rank 0 | trajectory 817 of circuit 1 -- done
rank 5 | trajectory 394 of circuit 3 -- done
rank 13 | trajectory 872 of circuit 3 -- done
rank 9 | trajectory 1395 of circuit 2 -- done
rank 23 | trajectory 300 of circuit 2 -- done
rank 9 | trajectory 1495 of circuit 2 -- done
rank 20 | trajectory 99 of circuit 3 -- done
rank 11 | trajectory 2804 of circuit 3 -- done
rank 8 | trajectory 470 of circuit 2 -- done
rank 19 | trajectory 299 of circuit 1 -- done
rank 3 | trajectory 168 of circuit 3 -- done
rank 9 | trajectory 3420 of circuit 1 -- done
rank 8 | trajectory 270 of circuit 2 -- done
rank 19 | trajectory 149 of circuit 1 -- done
rank 19 | trajectory 1624 of circuit 1 -- done
rank 6 | trajectory 1344 of circuit 1 -- done
rank 16 | trajectory 298 of circuit 1 -- done
rank 11 | trajectory 21 of circuit 3 -- done
rank 21 | trajectory 1149 of circuit 1 -- done
rank 3 | trajectory 193 of circuit 3 -- done
rank 12 | trajectory 996 of circuit 2 -- done
rank 5 | trajectory 1769 of circuit 2 -- done
rank 20 | trajectory 1324 of circuit 1 -- done
rank 10 | trajectory 346 of circuit 2 -- done
rank 6 | trajectory 519 of circuit 2 -- done
rank 19 | trajectory 324 of circuit 3 -- done
rank 5 | trajectory 869 of circuit 3 -- done
rank 17 | trajectory 1873 of circuit 3 -- done
rank 13 | trajectory 2105 of circuit 2 -- done
rank 9 | trajectory 445 of circuit 2 -- done
rank 14 | trajectory 772 of circuit 2 -- done
rank 18 | trajectory 998 of circuit 2 -- done
rank 6 | trajectory 869 of circuit 2 -- done
rank 13 | trajectory 613 of circuit 2 -- done
rank 6 | trajectory 1744 of circuit 1 -- done
rank 24 | trajectory 700 of circuit 3 -- done
rank 1 | trajectory 668 of circuit 2 -- done
rank 13 | trajectory 272 of circuit 3 -- done
rank 17 | trajectory 1715 of circuit 3 -- done
rank 6 | trajectory 319 of circuit 1 -- done
rank 8 | trajectory 1620 of circuit 2 -- done
rank 3 | trajectory 1018 of circuit 3 -- done
rank 5 | trajectory 1569 of circuit 3 -- done
rank 7 | trajectory 1045 of circuit 2 -- done
rank 19 | trajectory 399 of circuit 2 -- done
rank 14 | trajectory 1772 of circuit 1 -- done
rank 0 | trajectory 1192 of circuit 3 -- done
rank 2 | trajectory 1643 of circuit 1 -- done
rank 17 | trajectory 1173 of circuit 3 -- done
rank 3 | trajectory 993 of circuit 3 -- done
rank 17 | trajectory 448 of circuit 2 -- done
rank 17 | trajectory 1098 of circuit 3 -- done
rank 5 | trajectory 519 of circuit 3 -- done
rank 2 | trajectory 393 of circuit 3 -- done
rank 14 | trajectory 647 of circuit 3 -- done
rank 17 | trajectory 1773 of circuit 1 -- done
rank 10 | trajectory 2354 of circuit 3 -- done
rank 9 | trajectory 1270 of circuit 2 -- done
rank 15 | trajectory 1622 of circuit 2 -- done
rank 5 | trajectory 1344 of circuit 3 -- done
rank 11 | trajectory 471 of circuit 3 -- done
rank 23 | trajectory 1600 of circuit 3 -- done
rank 12 | trajectory 646 of circuit 2 -- done
rank 15 | trajectory 622 of circuit 3 -- done
rank 11 | trajectory 1371 of circuit 3 -- done
rank 2 | trajectory 793 of circuit 3 -- done
rank 19 | trajectory 1174 of circuit 1 -- done
rank 13 | trajectory 2738 of circuit 3 -- done
rank 17 | trajectory 1023 of circuit 2 -- done
rank 23 | trajectory 1025 of circuit 1 -- done
rank 16 | trajectory 1148 of circuit 1 -- done
rank 21 | trajectory 724 of circuit 2 -- done
rank 18 | trajectory 723 of circuit 3 -- done
rank 2 | trajectory 3751 of circuit 3 -- done
rank 9 | trajectory 1295 of circuit 1 -- done
rank 10 | trajectory 1137 of circuit 2 -- done
rank 14 | trajectory 1747 of circuit 1 -- done
rank 1 | trajectory 143 of circuit 2 -- done
rank 15 | trajectory 22 of circuit 2 -- done
rank 18 | trajectory 623 of circuit 1 -- done
rank 18 | trajectory 1298 of circuit 2 -- done
rank 20 | trajectory 1799 of circuit 3 -- done
rank 9 | trajectory 320 of circuit 3 -- done
rank 18 | trajectory 173 of circuit 1 -- done
rank 19 | trajectory 1449 of circuit 2 -- done
rank 19 | trajectory 224 of circuit 2 -- done
rank 13 | trajectory 822 of circuit 3 -- done
rank 11 | trajectory 1096 of circuit 1 -- done
rank 5 | trajectory 1844 of circuit 1 -- done
rank 10 | trajectory 921 of circuit 2 -- done
rank 10 | trajectory 121 of circuit 2 -- done
rank 23 | trajectory 125 of circuit 3 -- done
rank 12 | trajectory 596 of circuit 2 -- done
rank 19 | trajectory 449 of circuit 3 -- done
rank 9 | trajectory 387 of circuit 3 -- done
rank 0 | trajectory 1292 of circuit 1 -- done
rank 19 | trajectory 1574 of circuit 1 -- done
rank 18 | trajectory 348 of circuit 3 -- done
rank 12 | trajectory 1771 of circuit 3 -- done
rank 3 | trajectory 218 of circuit 1 -- done
rank 0 | trajectory 92 of circuit 3 -- done
rank 23 | trajectory 1700 of circuit 2 -- done
rank 5 | trajectory 1619 of circuit 1 -- done
rank 10 | trajectory 1221 of circuit 3 -- done
rank 0 | trajectory 1359 of circuit 3 -- done
rank 3 | trajectory 3535 of circuit 3 -- done
rank 3 | trajectory 93 of circuit 1 -- done
rank 14 | trajectory 147 of circuit 1 -- done
rank 0 | trajectory 1417 of circuit 3 -- done
rank 3 | trajectory 793 of circuit 1 -- done
rank 18 | trajectory 373 of circuit 1 -- done
rank 9 | trajectory 1670 of circuit 2 -- done
rank 10 | trajectory 1721 of circuit 1 -- done
rank 24 | trajectory 1575 of circuit 1 -- done
rank 10 | trajectory 2087 of circuit 3 -- done
rank 13 | trajectory 22 of circuit 1 -- done
rank 0 | trajectory 1017 of circuit 1 -- done
rank 7 | trajectory 320 of circuit 1 -- done
rank 21 | trajectory 624 of circuit 2 -- done
rank 13 | trajectory 2688 of circuit 1 -- done
rank 3 | trajectory 1118 of circuit 2 -- done
rank 10 | trajectory 246 of circuit 2 -- done
rank 2 | trajectory 918 of circuit 1 -- done
rank 1 | trajectory 793 of circuit 2 -- done
rank 18 | trajectory 23 of circuit 3 -- done
rank 6 | trajectory 1019 of circuit 3 -- done
rank 24 | trajectory 1750 of circuit 2 -- done
rank 10 | trajectory 1362 of circuit 3 -- done
rank 2 | trajectory 3101 of circuit 3 -- done
rank 7 | trajectory 870 of circuit 3 -- done
rank 9 | trajectory 1862 of circuit 2 -- done
rank 19 | trajectory 999 of circuit 2 -- done
rank 9 | trajectory 1012 of circuit 1 -- done
rank 12 | trajectory 1196 of circuit 3 -- done
rank 9 | trajectory 420 of circuit 3 -- done
rank 8 | trajectory 3270 of circuit 3 -- done
rank 17 | trajectory 423 of circuit 3 -- done
rank 15 | trajectory 147 of circuit 2 -- done
rank 5 | trajectory 69 of circuit 3 -- done
rank 0 | trajectory 492 of circuit 1 -- done
rank 0 | trajectory 167 of circuit 2 -- done
rank 8 | trajectory 1595 of circuit 3 -- done
rank 22 | trajectory 1850 of circuit 1 -- done
rank 2 | trajectory 343 of circuit 2 -- done
rank 11 | trajectory 846 of circuit 1 -- done
rank 20 | trajectory 1274 of circuit 3 -- done
rank 15 | trajectory 1097 of circuit 2 -- done
rank 8 | trajectory 95 of circuit 1 -- done
rank 20 | trajectory 1649 of circuit 1 -- done
rank 9 | trajectory 1145 of circuit 2 -- done
rank 11 | trajectory 771 of circuit 3 -- done
rank 6 | trajectory 894 of circuit 1 -- done
rank 24 | trajectory 1825 of circuit 2 -- done
rank 22 | trajectory 525 of circuit 2 -- done
rank 6 | trajectory 1794 of circuit 1 -- done
rank 0 | trajectory 567 of circuit 3 -- done
rank 0 | trajectory 367 of circuit 2 -- done
rank 14 | trajectory 2055 of circuit 3 -- done
rank 24 | trajectory 325 of circuit 3 -- done
rank 9 | trajectory 795 of circuit 3 -- done
rank 19 | trajectory 1774 of circuit 3 -- done
rank 9 | trajectory 1695 of circuit 3 -- done
rank 12 | trajectory 1596 of circuit 2 -- done
rank 23 | trajectory 1250 of circuit 1 -- done
rank 13 | trajectory 1672 of circuit 2 -- done
rank 16 | trajectory 398 of circuit 2 -- done
rank 2 | trajectory 1018 of circuit 1 -- done
rank 3 | trajectory 1168 of circuit 3 -- done
rank 3 | trajectory 1743 of circuit 1 -- done
rank 18 | trajectory 748 of circuit 1 -- done
rank 16 | trajectory 1523 of circuit 2 -- done
rank 22 | trajectory 1425 of circuit 2 -- done
rank 18 | trajectory 1223 of circuit 2 -- done
rank 10 | trajectory 3304 of circuit 2 -- done
rank 8 | trajectory 820 of circuit 3 -- done
rank 11 | trajectory 746 of circuit 1 -- done
rank 6 | trajectory 1269 of circuit 3 -- done
rank 17 | trajectory 348 of circuit 1 -- done
rank 0 | trajectory 1217 of circuit 3 -- done
rank 21 | trajectory 1399 of circuit 3 -- done
rank 19 | trajectory 1074 of circuit 3 -- done
rank 2 | trajectory 1568 of circuit 1 -- done
rank 14 | trajectory 497 of circuit 1 -- done
rank 18 | trajectory 1673 of circuit 2 -- done
rank 9 | trajectory 1570 of circuit 3 -- done
rank 21 | trajectory 74 of circuit 2 -- done
rank 7 | trajectory 1870 of circuit 3 -- done
rank 12 | trajectory 1496 of circuit 2 -- done
rank 5 | trajectory 1244 of circuit 3 -- done
rank 2 | trajectory 493 of circuit 1 -- done
rank 3 | trajectory 1318 of circuit 1 -- done
rank 23 | trajectory 1850 of circuit 2 -- done
rank 18 | trajectory 873 of circuit 1 -- done
rank 5 | trajectory 1519 of circuit 3 -- done
rank 9 | trajectory 3204 of circuit 3 -- done
rank 11 | trajectory 1896 of circuit 3 -- done
rank 9 | trajectory 895 of circuit 1 -- done
rank 23 | trajectory 275 of circuit 3 -- done
rank 19 | trajectory 1399 of circuit 1 -- done
rank 14 | trajectory 897 of circuit 2 -- done
rank 10 | trajectory 1521 of circuit 2 -- done
rank 9 | trajectory 1120 of circuit 1 -- done
rank 3 | trajectory 3168 of circuit 3 -- done
rank 8 | trajectory 1845 of circuit 1 -- done
rank 14 | trajectory 1447 of circuit 1 -- done
rank 2 | trajectory 468 of circuit 2 -- done
rank 2 | trajectory 968 of circuit 1 -- done
rank 16 | trajectory 1348 of circuit 3 -- done
rank 7 | trajectory 520 of circuit 2 -- done
rank 14 | trajectory 1397 of circuit 1 -- done
rank 21 | trajectory 324 of circuit 2 -- done
rank 17 | trajectory 1398 of circuit 1 -- done
rank 14 | trajectory 972 of circuit 1 -- done
rank 12 | trajectory 621 of circuit 3 -- done
rank 10 | trajectory 1021 of circuit 2 -- done
rank 8 | trajectory 1495 of circuit 3 -- done
rank 14 | trajectory 47 of circuit 2 -- done
rank 13 | trajectory 222 of circuit 3 -- done
rank 18 | trajectory 848 of circuit 2 -- done
rank 11 | trajectory 671 of circuit 3 -- done
rank 16 | trajectory 673 of circuit 1 -- done
rank 5 | trajectory 1819 of circuit 2 -- done
rank 12 | trajectory 296 of circuit 2 -- done
rank 14 | trajectory 1822 of circuit 2 -- done
rank 0 | trajectory 917 of circuit 3 -- done
rank 3 | trajectory 1368 of circuit 3 -- done
rank 10 | trajectory 721 of circuit 2 -- done
rank 10 | trajectory 996 of circuit 3 -- done
rank 16 | trajectory 873 of circuit 3 -- done
rank 18 | trajectory 1848 of circuit 3 -- done
rank 7 | trajectory 1570 of circuit 2 -- done
rank 0 | trajectory 1067 of circuit 3 -- done
rank 10 | trajectory 821 of circuit 3 -- done
rank 11 | trajectory 221 of circuit 3 -- done
rank 2 | trajectory 418 of circuit 2 -- done
rank 23 | trajectory 1400 of circuit 3 -- done
rank 9 | trajectory 720 of circuit 2 -- done
rank 6 | trajectory 244 of circuit 3 -- done
rank 23 | trajectory 975 of circuit 3 -- done
rank 24 | trajectory 200 of circuit 1 -- done
rank 2 | trajectory 693 of circuit 3 -- done
rank 20 | trajectory 1874 of circuit 1 -- done
rank 10 | trajectory 1271 of circuit 1 -- done
rank 23 | trajectory 800 of circuit 2 -- done
rank 19 | trajectory 1099 of circuit 1 -- done
rank 10 | trajectory 396 of circuit 1 -- done
rank 3 | trajectory 43 of circuit 3 -- done
rank 19 | trajectory 1649 of circuit 3 -- done
rank 23 | trajectory 700 of circuit 1 -- done
rank 12 | trajectory 1146 of circuit 1 -- done
rank 2 | trajectory 1418 of circuit 3 -- done
rank 24 | trajectory 150 of circuit 1 -- done
rank 9 | trajectory 470 of circuit 1 -- done
rank 10 | trajectory 1396 of circuit 2 -- done
rank 1 | trajectory 593 of circuit 3 -- done
rank 12 | trajectory 1321 of circuit 2 -- done
rank 11 | trajectory 1071 of circuit 1 -- done
rank 10 | trajectory 1321 of circuit 3 -- done
rank 5 | trajectory 1794 of circuit 2 -- done
rank 13 | trajectory 497 of circuit 2 -- done
rank 11 | trajectory 371 of circuit 2 -- done
rank 24 | trajectory 175 of circuit 3 -- done
rank 24 | trajectory 925 of circuit 3 -- done
rank 11 | trajectory 396 of circuit 3 -- done
rank 1 | trajectory 693 of circuit 2 -- done
rank 8 | trajectory 970 of circuit 2 -- done
rank 14 | trajectory 372 of circuit 2 -- done
rank 11 | trajectory 1171 of circuit 1 -- done
rank 7 | trajectory 1320 of circuit 2 -- done
rank 9 | trajectory 570 of circuit 1 -- done
rank 3 | trajectory 1243 of circuit 3 -- done
rank 22 | trajectory 775 of circuit 3 -- done
rank 10 | trajectory 421 of circuit 2 -- done
rank 1 | trajectory 1343 of circuit 3 -- done
rank 9 | trajectory 745 of circuit 2 -- done
rank 9 | trajectory 1095 of circuit 2 -- done
rank 18 | trajectory 148 of circuit 1 -- done
rank 0 | trajectory 517 of circuit 2 -- done
rank 6 | trajectory 994 of circuit 1 -- done
rank 8 | trajectory 245 of circuit 1 -- done
rank 24 | trajectory 1675 of circuit 1 -- done
rank 10 | trajectory 1471 of circuit 3 -- done
rank 9 | trajectory 195 of circuit 1 -- done
rank 11 | trajectory 796 of circuit 1 -- done
rank 11 | trajectory 1621 of circuit 3 -- done
rank 14 | trajectory 1172 of circuit 3 -- done
rank 0 | trajectory 1592 of circuit 2 -- done
rank 0 | trajectory 1792 of circuit 1 -- done
rank 17 | trajectory 973 of circuit 1 -- done
rank 0 | trajectory 767 of circuit 2 -- done
rank 17 | trajectory 998 of circuit 1 -- done
rank 7 | trajectory 1220 of circuit 1 -- done
rank 23 | trajectory 575 of circuit 3 -- done
rank 14 | trajectory 1572 of circuit 1 -- done
rank 1 | trajectory 1443 of circuit 2 -- done
rank 11 | trajectory 546 of circuit 3 -- done
rank 12 | trajectory 721 of circuit 3 -- done
rank 11 | trajectory 1146 of circuit 3 -- done
rank 0 | trajectory 1642 of circuit 3 -- done
rank 15 | trajectory 1922 of circuit 3 -- done
rank 2 | trajectory 593 of circuit 1 -- done
rank 5 | trajectory 594 of circuit 2 -- done
rank 12 | trajectory 796 of circuit 2 -- done
rank 10 | trajectory 871 of circuit 3 -- done
rank 10 | trajectory 1546 of circuit 1 -- done
rank 14 | trajectory 547 of circuit 2 -- done
rank 15 | trajectory 1447 of circuit 3 -- done
rank 11 | trajectory 1596 of circuit 3 -- done
rank 13 | trajectory 772 of circuit 3 -- done
rank 2 | trajectory 568 of circuit 2 -- done
rank 9 | trajectory 1545 of circuit 1 -- done
rank 13 | trajectory 1322 of circuit 2 -- done
rank 14 | trajectory 1122 of circuit 2 -- done
rank 9 | trajectory 1445 of circuit 1 -- done
rank 0 | trajectory 1467 of circuit 1 -- done
rank 0 | trajectory 1842 of circuit 1 -- done
rank 6 | trajectory 569 of circuit 3 -- done
rank 16 | trajectory 1273 of circuit 3 -- done
rank 17 | trajectory 1848 of circuit 1 -- done
rank 9 | trajectory 520 of circuit 3 -- done
rank 17 | trajectory 1748 of circuit 2 -- done
rank 14 | trajectory 822 of circuit 1 -- done
rank 9 | trajectory 545 of circuit 3 -- done
rank 11 | trajectory 1421 of circuit 2 -- done
rank 17 | trajectory 1423 of circuit 1 -- done
rank 19 | trajectory 499 of circuit 2 -- done
rank 12 | trajectory 1521 of circuit 1 -- done
rank 9 | trajectory 1195 of circuit 3 -- done
rank 9 | trajectory 945 of circuit 2 -- done
rank 7 | trajectory 470 of circuit 3 -- done
rank 23 | trajectory 1450 of circuit 2 -- done
rank 22 | trajectory 150 of circuit 2 -- done
rank 14 | trajectory 1522 of circuit 3 -- done
rank 21 | trajectory 1624 of circuit 3 -- done
rank 11 | trajectory 521 of circuit 3 -- done
rank 5 | trajectory 369 of circuit 3 -- done
rank 14 | trajectory 1497 of circuit 1 -- done
rank 8 | trajectory 1245 of circuit 1 -- done
rank 2 | trajectory 1268 of circuit 3 -- done
rank 18 | trajectory 1173 of circuit 2 -- done
rank 8 | trajectory 770 of circuit 1 -- done
rank 3 | trajectory 1143 of circuit 3 -- done
rank 14 | trajectory 1272 of circuit 3 -- done
rank 18 | trajectory 1023 of circuit 3 -- done
rank 8 | trajectory 870 of circuit 2 -- done
rank 11 | trajectory 246 of circuit 3 -- done
rank 17 | trajectory 523 of circuit 2 -- done
rank 3 | trajectory 318 of circuit 3 -- done
rank 10 | trajectory 1046 of circuit 1 -- done
rank 23 | trajectory 875 of circuit 1 -- done
rank 0 | trajectory 1167 of circuit 3 -- done
rank 3 | trajectory 368 of circuit 3 -- done
rank 6 | trajectory 1044 of circuit 1 -- done
rank 9 | trajectory 70 of circuit 2 -- done
rank 6 | trajectory 19 of circuit 1 -- done
rank 2 | trajectory 143 of circuit 1 -- done
rank 11 | trajectory 71 of circuit 2 -- done
rank 14 | trajectory 22 of circuit 3 -- done
rank 2 | trajectory 743 of circuit 3 -- done
rank 23 | trajectory 850 of circuit 2 -- done
rank 17 | trajectory 823 of circuit 3 -- done
rank 18 | trajectory 1198 of circuit 2 -- done
rank 9 | trajectory 95 of circuit 3 -- done
rank 23 | trajectory 900 of circuit 1 -- done
rank 14 | trajectory 522 of circuit 3 -- done
rank 13 | trajectory 47 of circuit 1 -- done
rank 7 | trajectory 1445 of circuit 3 -- done
rank 17 | trajectory 873 of circuit 2 -- done
rank 23 | trajectory 600 of circuit 3 -- done
rank 17 | trajectory 1198 of circuit 1 -- done
rank 8 | trajectory 1320 of circuit 3 -- done
rank 13 | trajectory 1572 of circuit 2 -- done
rank 14 | trajectory 347 of circuit 2 -- done
rank 10 | trajectory 1846 of circuit 1 -- done
rank 13 | trajectory 1272 of circuit 1 -- done
rank 17 | trajectory 548 of circuit 3 -- done
rank 17 | trajectory 273 of circuit 2 -- done
rank 9 | trajectory 270 of circuit 3 -- done
rank 5 | trajectory 494 of circuit 3 -- done
rank 10 | trajectory 946 of circuit 3 -- done
rank 14 | trajectory 1347 of circuit 2 -- done
rank 8 | trajectory 1070 of circuit 3 -- done
rank 16 | trajectory 173 of circuit 3 -- done
rank 12 | trajectory 1721 of circuit 2 -- done
rank 8 | trajectory 645 of circuit 3 -- done
rank 5 | trajectory 19 of circuit 3 -- done
rank 7 | trajectory 1420 of circuit 3 -- done
rank 8 | trajectory 420 of circuit 1 -- done
rank 9 | trajectory 920 of circuit 3 -- done
rank 17 | trajectory 648 of circuit 3 -- done
rank 8 | trajectory 920 of circuit 2 -- done
rank 2 | trajectory 818 of circuit 1 -- done
rank 14 | trajectory 672 of circuit 3 -- done
rank 2 | trajectory 1118 of circuit 1 -- done
rank 19 | trajectory 1674 of circuit 2 -- done
rank 23 | trajectory 1675 of circuit 3 -- done
rank 0 | trajectory 642 of circuit 2 -- done
rank 8 | trajectory 1545 of circuit 3 -- done
rank 0 | trajectory 1817 of circuit 1 -- done
rank 14 | trajectory 1022 of circuit 1 -- done
rank 7 | trajectory 1720 of circuit 3 -- done
rank 0 | trajectory 1517 of circuit 1 -- done
rank 9 | trajectory 1420 of circuit 1 -- done
rank 10 | trajectory 1421 of circuit 1 -- done
rank 14 | trajectory 1922 of circuit 2 -- done
rank 14 | trajectory 847 of circuit 2 -- done
rank 6 | trajectory 1844 of circuit 3 -- done
rank 18 | trajectory 1348 of circuit 1 -- done
rank 3 | trajectory 1668 of circuit 2 -- done
rank 3 | trajectory 1343 of circuit 1 -- done
rank 0 | trajectory 542 of circuit 3 -- done
rank 17 | trajectory 323 of circuit 3 -- done
rank 9 | trajectory 645 of circuit 2 -- done
rank 9 | trajectory 295 of circuit 3 -- done
rank 14 | trajectory 1647 of circuit 3 -- done
rank 19 | trajectory 1149 of circuit 3 -- done
rank 13 | trajectory 622 of circuit 2 -- done
rank 10 | trajectory 1146 of circuit 2 -- done
rank 8 | trajectory 1120 of circuit 3 -- done
rank 17 | trajectory 898 of circuit 3 -- done
rank 9 | trajectory 1020 of circuit 1 -- done
rank 9 | trajectory 1870 of circuit 2 -- done
rank 10 | trajectory 1371 of circuit 2 -- done
rank 17 | trajectory 1723 of circuit 3 -- done
rank 0 | trajectory 1367 of circuit 3 -- done
rank 9 | trajectory 395 of circuit 3 -- done




---------------------------------------------
complete:2024-07-05T05:11:25.043
---------------------------------------------




