0.0	125.26	138.66	145.26666666666668	149.30666666666667	152.08	154.07333333333332	155.32666666666665	157.00666666666666	158.48666666666668	158.98666666666668	160.18666666666667	160.47333333333333	161.48666666666668	161.94666666666666	162.59333333333333	162.93333333333334	163.28	163.63333333333333	164.10666666666665	164.37333333333333	164.61333333333334	164.99333333333334	165.16	165.53333333333333	165.85333333333332	165.99333333333334	166.33333333333334	166.54	166.36666666666667	166.56	166.52	166.66666666666666	166.90666666666667	166.92666666666668	167.04666666666665	166.84666666666666	166.81333333333333	166.83333333333334	166.63333333333333	166.66	166.64	166.57333333333332	166.6	166.09333333333333	166.12666666666667	165.72	165.50666666666666	165.34666666666666	165.26666666666668	164.84	164.71333333333334	164.38	163.99333333333334	163.57333333333332	163.39333333333335	162.74666666666667	162.14	162.10666666666665	161.66	160.64666666666668	160.00666666666666	159.56666666666666	157.98	156.93333333333334	155.69333333333333	153.96666666666667	152.22	148.95333333333335	145.14666666666668	138.50666666666666	125.14	0.0
0.0	125.38	138.68	145.03333333333333	149.39333333333335	152.47333333333333	154.25333333333333	155.92	157.6	158.59333333333333	159.70666666666668	160.68	161.54666666666665	162.28666666666666	163.01333333333332	163.50666666666666	163.85333333333332	164.39333333333335	164.70666666666668	165.08666666666667	165.25333333333333	165.56666666666666	165.98666666666668	166.08	166.40666666666667	166.74666666666667	166.89333333333335	166.85333333333332	167.26	167.42	167.64666666666668	167.52	167.38666666666666	167.44666666666666	167.48	167.40666666666667	167.25333333333333	167.00666666666666	166.92666666666668	167.07333333333332	166.64	166.81333333333333	166.92	166.59333333333333	166.59333333333333	166.36	166.40666666666667	165.94666666666666	165.76	165.39333333333335	165.43333333333334	165.15333333333334	164.7	164.4	164.31333333333333	163.97333333333333	163.52666666666667	163.37333333333333	162.82	161.80666666666667	161.19333333333333	160.2	159.37333333333333	158.41333333333333	157.39333333333335	156.1	154.51333333333332	152.07333333333332	149.08	144.98	138.76666666666668	125.54666666666667	0.0
0.0	125.26	139.05333333333334	145.15333333333334	149.40666666666667	152.32666666666665	154.53333333333333	156.35333333333332	157.36666666666667	158.5	159.32666666666665	160.43333333333334	161.27333333333334	162.1	162.64	163.19333333333333	163.50666666666666	163.92	164.28666666666666	164.7	164.98666666666668	165.21333333333334	165.24666666666667	165.56	166.05333333333334	166.68	166.83333333333334	167.31333333333333	167.52	167.07333333333332	167.48666666666668	167.58666666666667	167.42666666666668	167.68	167.37333333333333	167.84	167.09333333333333	167.36666666666667	167.66	167.60666666666665	167.38666666666666	166.99333333333334	167.18666666666667	167.42666666666668	167.08	167.04666666666665	166.41333333333333	166.69333333333333	165.92	166.18666666666667	165.62	165.44666666666666	165.07333333333332	164.81333333333333	164.38666666666666	163.82	163.31333333333333	162.74	162.23333333333332	161.61333333333334	161.02666666666667	160.44666666666666	159.76	158.79333333333332	157.32666666666665	156.03333333333333	154.05333333333334	151.74666666666667	149.10666666666665	145.67333333333335	138.6	125.28666666666666	0.0
0.0	125.28	138.77333333333334	145.52666666666667	149.08666666666667	151.88	153.64	155.71333333333334	157.17333333333335	158.54666666666665	159.52666666666667	160.14	161.00666666666666	161.67333333333335	162.3	162.98666666666668	163.47333333333333	164.02	164.38	164.9	165.06666666666666	165.42666666666668	165.84666666666666	165.44666666666666	165.76	166.12666666666667	166.26666666666668	166.46	166.74666666666667	167.00666666666666	166.39333333333335	166.97333333333333	166.76666666666668	166.97333333333333	167.01333333333332	167.12666666666667	167.02	166.64	166.78	166.68	166.62666666666667	166.24666666666667	166.32	166.03333333333333	166.18	166.06	165.89333333333335	165.90666666666667	165.49333333333334	165.16666666666666	165.25333333333333	165.12	164.81333333333333	164.57333333333332	164.02	163.71333333333334	163.04666666666665	162.64	162.14666666666668	161.86	161.18	160.44666666666666	159.30666666666667	158.6	157.16666666666666	155.97333333333333	153.98666666666668	151.78	149.40666666666667	145.20666666666668	139.00666666666666	125.16666666666667	0.0
0.0	125.02	138.26666666666668	144.92	148.96	151.92	153.90666666666667	156.11333333333334	157.35333333333332	158.59333333333333	159.13333333333333	160.0	161.1	161.53333333333333	162.56666666666666	162.7	163.01333333333332	163.82666666666665	164.42	164.73333333333332	165.24666666666667	165.47333333333333	165.84	166.17333333333335	166.36666666666667	166.32	167.0	166.66	167.22666666666666	166.91333333333333	167.28	167.17333333333335	167.30666666666667	167.03333333333333	166.90666666666667	167.25333333333333	167.48666666666668	168.11333333333334	167.92	167.64666666666668	167.7	167.79333333333332	167.45333333333335	167.40666666666667	167.27333333333334	167.10666666666665	166.68	166.66666666666666	166.37333333333333	166.21333333333334	166.09333333333333	165.66	165.25333333333333	165.10666666666665	164.29333333333332	163.71333333333334	163.28	162.65333333333334	162.59333333333333	161.75333333333333	160.97333333333333	160.49333333333334	159.91333333333333	158.62666666666667	157.76	156.07333333333332	154.32666666666665	152.41333333333333	149.25333333333333	145.22	138.63333333333333	125.16666666666667	0.0
0.0	125.33333333333333	138.98666666666668	145.45333333333335	149.4	152.67333333333335	154.73333333333332	155.79333333333332	157.64666666666668	158.66666666666666	159.62666666666667	160.42	161.36	161.88	162.22	163.02666666666667	163.29333333333332	163.78666666666666	164.15333333333334	164.26666666666668	164.64666666666668	165.19333333333333	165.74	165.71333333333334	165.98	166.14666666666668	166.27333333333334	166.55333333333334	166.56	167.05333333333334	166.85333333333332	166.94	167.08666666666667	167.44	167.32666666666665	166.92666666666668	167.62	167.68	167.41333333333333	167.43333333333334	167.18666666666667	167.32	167.07333333333332	166.94666666666666	166.78666666666666	166.75333333333333	166.44	166.33333333333334	166.07333333333332	165.50666666666666	165.28666666666666	165.23333333333332	164.84	164.61333333333334	164.56666666666666	163.88	163.3	162.96666666666667	162.21333333333334	162.12	161.18666666666667	160.34	159.9	158.74	157.57333333333332	156.42	154.78	152.40666666666667	149.83333333333334	145.91333333333333	138.82666666666665	124.84666666666666	0.0
0.0	125.15333333333334	138.33333333333334	144.68666666666667	148.56	151.67333333333335	153.71333333333334	155.90666666666667	157.09333333333333	157.99333333333334	159.28666666666666	159.58	160.44666666666666	161.21333333333334	161.78666666666666	162.58666666666667	162.78666666666666	163.53333333333333	164.09333333333333	163.97333333333333	164.43333333333334	164.72666666666666	164.99333333333334	164.92	165.28	165.67333333333335	165.78666666666666	166.15333333333334	166.18	166.34	166.4	166.31333333333333	166.54666666666665	166.44	166.38666666666666	166.79333333333332	166.87333333333333	167.04666666666665	167.1	166.90666666666667	166.44666666666666	166.5	166.42	166.33333333333334	166.10666666666665	166.43333333333334	166.14	165.84	165.68666666666667	165.02	165.1	164.74	164.22	163.94666666666666	163.99333333333334	163.42666666666668	162.79333333333332	162.39333333333335	161.81333333333333	160.82	160.34666666666666	160.07333333333332	158.74666666666667	157.73333333333332	156.6	155.38	153.32	151.36	148.58666666666667	144.78	138.15333333333334	125.02	0.0
0.0	125.24	138.68	145.16666666666666	149.25333333333333	152.41333333333333	154.54666666666665	156.32	157.92	159.0	159.75333333333333	160.45333333333335	161.27333333333334	161.89333333333335	162.76666666666668	163.24666666666667	163.63333333333333	164.26	164.46666666666667	164.53333333333333	164.90666666666667	165.24666666666667	165.76	165.98666666666668	166.16	166.53333333333333	166.68666666666667	166.67333333333335	166.56666666666666	166.76	167.14666666666668	166.75333333333333	166.67333333333335	166.82	166.95333333333335	166.83333333333334	167.08666666666667	166.94	166.90666666666667	167.08	166.88	166.71333333333334	166.69333333333333	166.57333333333332	166.49333333333334	166.69333333333333	166.54	166.31333333333333	165.72	165.66666666666666	165.26666666666668	164.92	164.72	164.18666666666667	164.00666666666666	163.92	163.28666666666666	162.31333333333333	162.12666666666667	161.30666666666667	160.74666666666667	159.58666666666667	158.67333333333335	157.96	156.99333333333334	155.30666666666667	153.99333333333334	152.10666666666665	149.0	145.03333333333333	138.66666666666666	124.94666666666667	0.0
0.0	125.44	138.81333333333333	145.51333333333332	149.56	151.89333333333335	154.16666666666666	155.56	156.8	158.48666666666668	159.35333333333332	160.16666666666666	160.52666666666667	161.13333333333333	162.17333333333335	162.52666666666667	163.50666666666666	164.00666666666666	164.65333333333334	164.72	165.24	165.76	165.96	166.00666666666666	165.98	166.28666666666666	166.42666666666668	166.9	166.73333333333332	166.35333333333332	166.88	167.0	167.1	167.26	167.32	167.72666666666666	167.44666666666666	167.32666666666665	166.87333333333333	167.30666666666667	166.89333333333335	166.67333333333335	166.76	166.68	166.32	166.6	166.16	165.73333333333332	165.78666666666666	165.58666666666667	165.32666666666665	164.91333333333333	164.6	164.40666666666667	164.27333333333334	164.09333333333333	163.61333333333334	162.94	162.29333333333332	161.68666666666667	160.68666666666667	159.9	159.03333333333333	158.12666666666667	156.83333333333334	155.70666666666668	154.20666666666668	152.09333333333333	149.32666666666665	145.64	138.70666666666668	125.07333333333334	0.0
0.0	125.5	138.64	145.36	149.15333333333334	152.04	154.13333333333333	155.94	157.09333333333333	158.45333333333335	159.28	160.05333333333334	161.10666666666665	161.68	162.15333333333334	162.88	163.09333333333333	163.57333333333332	164.29333333333332	164.64666666666668	164.88666666666666	165.11333333333334	165.06	165.46	166.14666666666668	166.46666666666667	166.64	167.07333333333332	166.8	166.95333333333335	167.2	167.40666666666667	167.53333333333333	167.7	167.36	167.16	167.32	167.10666666666665	167.07333333333332	167.12666666666667	167.35333333333332	167.13333333333333	167.26666666666668	167.27333333333334	166.7	166.54666666666665	166.56666666666666	166.40666666666667	166.0	165.73333333333332	165.59333333333333	165.23333333333332	164.72666666666666	164.48	164.03333333333333	163.68666666666667	163.2	163.08666666666667	162.47333333333333	161.8	160.83333333333334	160.18	158.93333333333334	158.33333333333334	157.27333333333334	155.78666666666666	154.14	152.02	148.82666666666665	145.12	138.6	125.04	0.0
0.0	125.16666666666667	138.63333333333333	145.32666666666665	148.98	151.8	153.85333333333332	155.52666666666667	156.5	158.03333333333333	159.22	160.1	160.70666666666668	161.72	162.32	162.56666666666666	163.3	163.43333333333334	164.22666666666666	164.52	164.66	164.92666666666668	165.24	165.38666666666666	165.65333333333334	166.11333333333334	166.48666666666668	166.40666666666667	166.75333333333333	166.78	167.35333333333332	167.37333333333333	167.37333333333333	167.2	167.28666666666666	167.14	167.26	167.08	167.12	167.14666666666668	166.92	167.10666666666665	167.01333333333332	166.92	166.73333333333332	166.96	166.16666666666666	166.06666666666666	166.32	166.20666666666668	165.94	165.53333333333333	165.10666666666665	164.92	164.65333333333334	164.11333333333334	163.76	163.18666666666667	162.38	161.97333333333333	161.32	160.12	159.57333333333332	158.34666666666666	157.26666666666668	156.0	154.26666666666668	152.14666666666668	149.19333333333333	145.08666666666667	138.52666666666667	125.18666666666667	0.0
0.0	125.40666666666667	138.10666666666665	144.66	149.19333333333333	151.93333333333334	154.20666666666668	155.65333333333334	157.14	158.15333333333334	159.04666666666665	160.25333333333333	160.76666666666668	161.66666666666666	162.23333333333332	162.54	163.37333333333333	163.44	164.02	164.86666666666667	165.47333333333333	165.74666666666667	165.88	166.08	166.28	166.44	166.60666666666665	167.00666666666666	167.18666666666667	167.00666666666666	167.43333333333334	167.25333333333333	167.36666666666667	167.28	167.78	168.07333333333332	167.83333333333334	167.82	167.68666666666667	167.68	167.60666666666665	167.46	167.40666666666667	167.37333333333333	166.87333333333333	166.80666666666667	166.48666666666668	166.42666666666668	165.87333333333333	165.78666666666666	165.40666666666667	165.26666666666668	165.02666666666667	164.70666666666668	164.47333333333333	163.83333333333334	163.35333333333332	163.13333333333333	162.45333333333335	162.01333333333332	161.51333333333332	160.36	159.64	158.77333333333334	157.42666666666668	156.12	154.24666666666667	151.97333333333333	149.23333333333332	145.14	138.38	125.07333333333334	0.0
0.0	125.78666666666666	139.19333333333333	145.16666666666666	149.48	152.16666666666666	154.25333333333333	156.22666666666666	157.84666666666666	158.96666666666667	160.04	160.80666666666667	161.58666666666667	162.61333333333334	162.97333333333333	163.42666666666668	164.18	164.21333333333334	164.64	164.86666666666667	164.98	165.78666666666666	166.17333333333335	166.5	166.37333333333333	166.74	166.89333333333335	167.24666666666667	167.74666666666667	167.58	167.32666666666665	167.79333333333332	167.72	167.78	167.78666666666666	167.76	167.68	168.02	167.97333333333333	167.60666666666665	167.76	167.44666666666666	167.06	167.12	166.79333333333332	166.52	166.72	166.15333333333334	166.12666666666667	165.76666666666668	165.63333333333333	165.61333333333334	165.26666666666668	164.98	164.74666666666667	164.28	163.80666666666667	163.60666666666665	162.96	162.27333333333334	161.7	160.77333333333334	160.16666666666666	158.58666666666667	158.03333333333333	156.10666666666665	154.23333333333332	151.95333333333335	148.92666666666668	145.19333333333333	138.89333333333335	125.61333333333333	0.0
0.0	125.75333333333333	139.27333333333334	145.22	149.77333333333334	152.43333333333334	154.72666666666666	155.86	157.30666666666667	158.52666666666667	159.35333333333332	160.28	160.94666666666666	161.69333333333333	162.38666666666666	162.87333333333333	163.23333333333332	163.93333333333334	164.14	164.75333333333333	165.1	165.28666666666666	165.63333333333333	165.74	165.76666666666668	165.96666666666667	165.84666666666666	166.29333333333332	166.27333333333334	166.89333333333335	167.20666666666668	166.94	166.89333333333335	167.26666666666668	167.10666666666665	166.52	167.02666666666667	167.02	167.0	166.91333333333333	167.28666666666666	166.93333333333334	166.75333333333333	166.26	166.37333333333333	166.31333333333333	166.10666666666665	166.08	165.88	165.53333333333333	165.2	164.88666666666666	164.76	164.60666666666665	164.32	164.0	163.38666666666666	162.73333333333332	162.42666666666668	161.44666666666666	160.62666666666667	159.58666666666667	159.36666666666667	157.93333333333334	157.06	155.76	154.00666666666666	151.76666666666668	149.00666666666666	144.9	138.53333333333333	125.06666666666666	0.0
0.0	125.18666666666667	138.60666666666665	145.02	149.28666666666666	152.31333333333333	154.57333333333332	156.03333333333333	157.6	158.32	159.61333333333334	160.63333333333333	161.19333333333333	161.50666666666666	162.3	162.94	163.06666666666666	163.37333333333333	164.04	164.48666666666668	164.82666666666665	165.36666666666667	164.97333333333333	165.33333333333334	165.76	165.8	166.10666666666665	166.32666666666665	166.72666666666666	166.56666666666666	166.86	166.52	166.99333333333334	166.66666666666666	166.78	166.68	167.07333333333332	167.04	167.06666666666666	166.92666666666668	166.46	166.49333333333334	166.29333333333332	166.68	166.06666666666666	166.0	165.67333333333335	165.50666666666666	165.96666666666667	165.80666666666667	165.36	165.46	165.08	164.59333333333333	164.42	163.90666666666667	164.09333333333333	163.34666666666666	162.62666666666667	161.92666666666668	161.13333333333333	160.78666666666666	159.33333333333334	158.37333333333333	157.43333333333334	155.94	154.21333333333334	152.48	149.40666666666667	145.24	138.44666666666666	125.06	0.0
0.0	125.40666666666667	138.65333333333334	145.08	148.86666666666667	151.58	153.97333333333333	155.82666666666665	157.58666666666667	158.56	159.65333333333334	160.70666666666668	161.75333333333333	162.35333333333332	163.02666666666667	163.48	164.02	164.47333333333333	164.86666666666667	164.56	165.42	166.0	166.20666666666668	166.37333333333333	166.24666666666667	166.61333333333334	166.76666666666668	167.06	167.00666666666666	167.24	167.19333333333333	167.32666666666665	167.36	167.28	167.67333333333335	167.51333333333332	167.49333333333334	167.28666666666666	167.12666666666667	166.99333333333334	167.16	167.23333333333332	167.06	166.68	166.74666666666667	166.26666666666668	166.38666666666666	165.94	165.94	165.76	165.23333333333332	165.0	164.75333333333333	164.66	164.06	163.56666666666666	163.14666666666668	162.94666666666666	162.25333333333333	161.67333333333335	161.09333333333333	160.75333333333333	159.92666666666668	158.50666666666666	156.99333333333334	155.60666666666665	154.36666666666667	151.94	148.93333333333334	144.90666666666667	138.29333333333332	125.76	0.0
0.0	125.3	138.11333333333334	145.0	149.2	152.34666666666666	154.18	156.11333333333334	157.19333333333333	158.23333333333332	159.78	160.17333333333335	161.26666666666668	161.90666666666667	162.21333333333334	162.55333333333334	162.87333333333333	163.99333333333334	164.32	164.50666666666666	165.37333333333333	165.90666666666667	165.83333333333334	165.82666666666665	165.66666666666666	165.93333333333334	165.99333333333334	166.09333333333333	166.36	166.61333333333334	167.06	167.10666666666665	166.77333333333334	166.71333333333334	166.94	167.14666666666668	167.28	167.08	166.81333333333333	166.97333333333333	166.76666666666668	167.20666666666668	166.93333333333334	166.65333333333334	166.83333333333334	166.37333333333333	166.08	166.02666666666667	166.09333333333333	165.32	165.18666666666667	164.98666666666668	164.68666666666667	164.41333333333333	163.96	163.29333333333332	163.20666666666668	162.27333333333334	162.25333333333333	161.5	160.82	160.68666666666667	159.49333333333334	158.30666666666667	157.04666666666665	155.95333333333335	154.1	152.32666666666665	149.68666666666667	145.29333333333332	138.67333333333335	125.05333333333333	0.0
0.0	125.28666666666666	138.61333333333334	145.04	149.42666666666668	152.15333333333334	154.12666666666667	155.63333333333333	157.15333333333334	158.09333333333333	159.42666666666668	160.13333333333333	160.88	162.02	162.39333333333335	163.09333333333333	163.66666666666666	163.98	164.46	164.68666666666667	165.37333333333333	165.92	166.46666666666667	166.35333333333332	166.77333333333334	166.84666666666666	167.26666666666668	166.94666666666666	167.14666666666668	166.95333333333335	167.25333333333333	167.65333333333334	167.46666666666667	167.48	167.94	167.56	167.79333333333332	167.98666666666668	167.98666666666668	168.15333333333334	167.61333333333334	167.54	167.36	167.62	167.02666666666667	166.96666666666667	167.08666666666667	166.82	166.44666666666666	166.19333333333333	165.92	165.67333333333335	165.76666666666668	165.55333333333334	164.85333333333332	164.36	164.14	163.28	162.86	162.30666666666667	161.62	160.88666666666666	160.14	158.90666666666667	157.59333333333333	156.65333333333334	154.64666666666668	152.36666666666667	149.54666666666665	145.12666666666667	139.16	125.18	0.0
0.0	125.58	138.72666666666666	145.20666666666668	148.88666666666666	151.81333333333333	154.09333333333333	155.55333333333334	157.01333333333332	158.28	159.1	160.62	160.68	161.51333333333332	162.01333333333332	162.56666666666666	163.13333333333333	163.32	163.68666666666667	164.31333333333333	164.57333333333332	164.56666666666666	165.11333333333334	165.42666666666668	165.38	165.32666666666665	165.81333333333333	166.03333333333333	166.62666666666667	166.68	166.52666666666667	166.62666666666667	166.64	166.64	166.61333333333334	166.45333333333335	166.38666666666666	166.58	166.88666666666666	166.48	166.46666666666667	166.67333333333335	166.72666666666666	166.30666666666667	166.28	166.38666666666666	166.07333333333332	165.79333333333332	165.53333333333333	165.26666666666668	164.95333333333335	164.91333333333333	164.74	164.23333333333332	164.08666666666667	163.59333333333333	163.18666666666667	162.26	161.96666666666667	160.98666666666668	160.81333333333333	160.16666666666666	158.78	157.95333333333335	157.13333333333333	155.70666666666668	154.0	152.26666666666668	148.99333333333334	144.7	138.56	125.26666666666667	0.0
0.0	125.59333333333333	138.63333333333333	145.34	149.32666666666665	152.32	154.74666666666667	156.26666666666668	157.83333333333334	159.02666666666667	159.41333333333333	160.42	160.99333333333334	161.75333333333333	162.32666666666665	162.86	163.52	163.86	164.37333333333333	164.81333333333333	164.9	164.93333333333334	165.42	165.48666666666668	165.86	165.83333333333334	166.30666666666667	166.38666666666666	166.80666666666667	166.9	167.19333333333333	167.05333333333334	167.68	167.28	167.5	167.44	167.16	167.32666666666665	166.90666666666667	166.86666666666667	166.82666666666665	166.96	166.96666666666667	166.48666666666668	166.30666666666667	166.46	166.34	166.46666666666667	165.68666666666667	165.85333333333332	165.21333333333334	165.07333333333332	164.84	164.52666666666667	164.48666666666668	163.72	163.38	163.02	162.83333333333334	161.72666666666666	161.17333333333335	160.64666666666668	159.95333333333335	158.56	157.71333333333334	155.99333333333334	154.31333333333333	152.24	149.39333333333335	145.52	139.04666666666665	125.30666666666667	0.0
0.0	125.59333333333333	138.67333333333335	145.58	149.28	152.45333333333335	154.09333333333333	156.19333333333333	157.88666666666666	158.77333333333334	159.57333333333332	160.36	161.17333333333335	161.81333333333333	162.54666666666665	163.05333333333334	163.45333333333335	163.88666666666666	164.08	164.42	164.98666666666668	165.58	165.53333333333333	165.92666666666668	166.02666666666667	166.32666666666665	166.76	166.92666666666668	166.90666666666667	167.14666666666668	167.37333333333333	167.32	167.26666666666668	166.94666666666666	167.10666666666665	167.06666666666666	167.06666666666666	166.65333333333334	166.84	166.46666666666667	166.74666666666667	166.80666666666667	166.5	166.38	166.10666666666665	166.42	166.30666666666667	165.57333333333332	165.66	165.73333333333332	165.36	165.25333333333333	164.96	164.96666666666667	164.70666666666668	164.22	163.55333333333334	163.58	162.74	161.91333333333333	161.51333333333332	160.6	159.93333333333334	158.64	157.57333333333332	156.1	155.03333333333333	152.38	149.68	145.56	139.28	125.45333333333333	0.0
0.0	124.97333333333333	139.02666666666667	145.58666666666667	149.52	151.91333333333333	154.38	156.44	157.41333333333333	158.42	159.49333333333334	160.40666666666667	161.09333333333333	161.64666666666668	162.28	162.55333333333334	162.91333333333333	163.70666666666668	164.08	164.94	164.83333333333334	165.32	165.72666666666666	166.01333333333332	166.28	165.75333333333333	165.98	166.14666666666668	166.41333333333333	166.64	166.55333333333334	166.7	166.92	166.98	167.08666666666667	167.08666666666667	167.24	167.30666666666667	167.38	167.02	166.97333333333333	167.18	167.18666666666667	167.06666666666666	166.86	166.88	166.29333333333332	166.69333333333333	166.25333333333333	165.90666666666667	165.67333333333335	165.42	164.80666666666667	164.43333333333334	163.99333333333334	164.0	163.47333333333333	162.6	162.22	161.97333333333333	161.18	160.52	159.91333333333333	158.9	157.90666666666667	156.34	154.22	152.08666666666667	149.10666666666665	145.06	138.94666666666666	125.41333333333333	0.0
0.0	124.63333333333334	138.37333333333333	145.08	149.3	152.06666666666666	154.02666666666667	155.6	157.11333333333334	158.20666666666668	159.33333333333334	160.42666666666668	161.32	161.68	162.47333333333333	162.44	163.18666666666667	163.48666666666668	163.62666666666667	164.21333333333334	164.28666666666666	164.64666666666668	164.91333333333333	165.0	165.19333333333333	165.24666666666667	165.44666666666666	166.11333333333334	166.38666666666666	166.48	166.14666666666668	166.1	166.46	166.82	166.78666666666666	166.84666666666666	167.00666666666666	166.74666666666667	166.69333333333333	166.88666666666666	166.96666666666667	166.81333333333333	166.82666666666665	166.32666666666665	166.26666666666668	166.25333333333333	166.14666666666668	165.90666666666667	165.6	165.16666666666666	165.3	164.90666666666667	164.33333333333334	163.94	164.16	163.84	163.34666666666666	163.14666666666668	162.68666666666667	161.53333333333333	161.54	160.40666666666667	159.36666666666667	158.46	157.26666666666668	155.98	154.49333333333334	152.34666666666666	148.98666666666668	145.16	138.36666666666667	124.86	0.0
0.0	125.0	138.13333333333333	144.92	149.00666666666666	151.96	154.46	156.42666666666668	157.6	158.74666666666667	159.79333333333332	160.68666666666667	161.50666666666666	161.84	162.12666666666667	163.17333333333335	163.55333333333334	164.36	164.71333333333334	164.91333333333333	165.21333333333334	165.60666666666665	166.16	166.26666666666668	166.3	166.6	166.59333333333333	166.92666666666668	166.72666666666666	166.74	167.39333333333335	167.29333333333332	167.27333333333334	167.72	167.50666666666666	167.3	167.33333333333334	167.14	167.40666666666667	167.22666666666666	167.08	167.03333333333333	166.80666666666667	167.12666666666667	166.99333333333334	166.44	166.29333333333332	166.37333333333333	166.28	165.87333333333333	165.98	165.57333333333332	165.74	165.23333333333332	164.3	163.76	163.47333333333333	163.17333333333335	162.35333333333332	161.86	161.18666666666667	160.85333333333332	160.08	159.15333333333334	157.30666666666667	155.92666666666668	154.2	152.29333333333332	148.99333333333334	144.93333333333334	138.34666666666666	125.17333333333333	0.0
0.0	125.33333333333333	138.92666666666668	145.57333333333332	149.76666666666668	152.54666666666665	154.69333333333333	156.37333333333333	157.67333333333335	158.7	159.62	160.65333333333334	161.47333333333333	162.04	162.99333333333334	163.61333333333334	164.38666666666666	164.82666666666665	164.94666666666666	165.24	165.40666666666667	165.68	166.18666666666667	166.58	166.96666666666667	167.17333333333335	167.02	167.35333333333332	167.44	167.75333333333333	167.59333333333333	167.35333333333332	167.50666666666666	167.70666666666668	167.36	167.70666666666668	167.92666666666668	168.12	168.11333333333334	168.26	167.71333333333334	167.36666666666667	167.43333333333334	167.82	167.35333333333332	167.30666666666667	167.06666666666666	166.72	166.72	166.28666666666666	166.14	165.72666666666666	165.08666666666667	164.79333333333332	164.69333333333333	163.99333333333334	163.86	163.22	162.53333333333333	162.14666666666668	161.58	160.84	159.92	158.94666666666666	157.78	156.25333333333333	154.90666666666667	152.78666666666666	149.81333333333333	145.60666666666665	138.84	125.08666666666667	0.0
0.0	125.48666666666666	139.15333333333334	145.46666666666667	149.28	152.45333333333335	154.66	156.02	157.44	158.72	159.67333333333335	160.30666666666667	161.20666666666668	161.5	162.33333333333334	163.09333333333333	163.19333333333333	163.94666666666666	164.13333333333333	165.00666666666666	165.25333333333333	165.85333333333332	165.92666666666668	166.03333333333333	166.70666666666668	166.48666666666668	166.72666666666666	166.71333333333334	167.38	167.20666666666668	167.36666666666667	167.06666666666666	167.42666666666668	167.71333333333334	167.28666666666666	167.63333333333333	167.79333333333332	167.27333333333334	167.36666666666667	167.17333333333335	167.23333333333332	167.50666666666666	166.90666666666667	166.98	166.52666666666667	166.58	166.42666666666668	166.08	166.22	165.98	165.72666666666666	165.54	165.36	164.76	164.65333333333334	164.46666666666667	163.94	163.26	163.02666666666667	162.71333333333334	161.72	160.88	160.14666666666668	158.90666666666667	157.62	156.36666666666667	154.4	152.14666666666668	149.20666666666668	145.17333333333335	138.77333333333334	125.34666666666666	0.0
0.0	125.54	138.68666666666667	144.91333333333333	149.12	152.14666666666668	153.93333333333334	155.68666666666667	157.14666666666668	158.41333333333333	159.46	160.69333333333333	161.27333333333334	162.45333333333335	162.26666666666668	162.85333333333332	163.27333333333334	164.44	164.54666666666665	165.17333333333335	165.00666666666666	165.28	165.54	166.15333333333334	166.26	166.79333333333332	166.94	167.18	167.02	167.07333333333332	167.12	167.0	167.28666666666666	167.56	167.4	167.39333333333335	167.16666666666666	167.31333333333333	167.50666666666666	167.4	167.38	167.48	167.22	166.76666666666668	167.11333333333334	166.7	166.63333333333333	166.49333333333334	165.8	165.92666666666668	165.58	165.31333333333333	164.83333333333334	164.74	164.35333333333332	163.64666666666668	163.26666666666668	162.85333333333332	162.12666666666667	161.67333333333335	161.24	160.32666666666665	159.6	158.62666666666667	157.46666666666667	156.22666666666666	154.20666666666668	152.2	149.16	145.43333333333334	138.97333333333333	125.22	0.0
0.0	125.19333333333333	138.96	145.10666666666665	149.1	151.84666666666666	154.11333333333334	155.71333333333334	157.4	158.45333333333335	159.02	160.11333333333334	160.38666666666666	161.59333333333333	161.88666666666666	162.67333333333335	163.28	163.55333333333334	163.89333333333335	164.10666666666665	164.27333333333334	164.28666666666666	164.57333333333332	165.17333333333335	165.34	165.92	165.78666666666666	166.3	166.69333333333333	166.68666666666667	166.86666666666667	166.86	166.64	167.05333333333334	166.99333333333334	167.64666666666668	167.54	167.12666666666667	167.10666666666665	166.98	167.04	167.01333333333332	166.67333333333335	166.50666666666666	166.4	166.58	166.27333333333334	166.04	166.00666666666666	165.6	165.50666666666666	164.88	165.08	164.46666666666667	164.46666666666667	163.74	163.55333333333334	162.53333333333333	162.37333333333333	161.66666666666666	161.14666666666668	160.56666666666666	159.53333333333333	158.22	157.14	155.98666666666668	153.84	151.89333333333335	149.24	145.28	138.56	125.49333333333334	0.0
0.0	125.09333333333333	138.28	145.24666666666667	149.38	152.04666666666665	154.20666666666668	156.08	157.45333333333335	158.4	159.42	160.59333333333333	161.46666666666667	161.94666666666666	162.69333333333333	163.22	163.44	163.32666666666665	163.44	164.05333333333334	164.40666666666667	165.18	164.94	165.24666666666667	165.44666666666666	165.84666666666666	165.87333333333333	166.02	166.03333333333333	166.4	166.34666666666666	167.03333333333333	166.95333333333335	166.65333333333334	166.56666666666666	166.88	166.90666666666667	166.97333333333333	167.1	166.94	167.21333333333334	167.02666666666667	166.68666666666667	166.63333333333333	166.78	166.72666666666666	165.86	166.12666666666667	165.98666666666668	165.8	165.50666666666666	165.0	164.52666666666667	164.08666666666667	164.22	163.54666666666665	163.07333333333332	162.64	162.19333333333333	161.58	160.88	160.29333333333332	159.46	158.12666666666667	157.14666666666668	155.56	153.93333333333334	152.02666666666667	149.4	145.03333333333333	138.48666666666668	125.17333333333333	0.0
0.0	125.24	138.53333333333333	144.85333333333332	149.34666666666666	151.8	154.38	156.32	157.65333333333334	159.08666666666667	159.87333333333333	160.66	161.48666666666668	162.24	162.72	162.93333333333334	163.42666666666668	163.86	164.16	164.45333333333335	165.26666666666668	165.21333333333334	165.28	165.80666666666667	166.18	166.32	166.73333333333332	166.63333333333333	166.86666666666667	167.30666666666667	166.85333333333332	166.58	166.64	167.33333333333334	167.06666666666666	167.14	167.20666666666668	167.26	167.12	166.81333333333333	167.02666666666667	166.82	166.74	166.53333333333333	166.44666666666666	166.27333333333334	165.99333333333334	166.18666666666667	165.63333333333333	165.51333333333332	165.66	165.14	164.86666666666667	164.56	163.91333333333333	163.84666666666666	163.2	162.72666666666666	161.82666666666665	161.32	160.90666666666667	160.20666666666668	159.41333333333333	158.62	157.56	156.08	154.14666666666668	152.06666666666666	148.86666666666667	144.8	137.76666666666668	124.28666666666666	0.0
0.0	124.98666666666666	138.70666666666668	145.06666666666666	149.00666666666666	152.23333333333332	154.30666666666667	156.12	157.76666666666668	158.91333333333333	159.49333333333334	160.56	161.13333333333333	161.5	162.21333333333334	162.48666666666668	163.07333333333332	163.38	163.92666666666668	164.35333333333332	164.76666666666668	164.72	165.45333333333335	165.40666666666667	165.85333333333332	166.04	166.15333333333334	166.38	166.41333333333333	166.22	166.68666666666667	166.74666666666667	166.82666666666665	166.57333333333332	166.64	166.73333333333332	166.52	166.41333333333333	166.63333333333333	166.55333333333334	166.35333333333332	166.34	166.76666666666668	166.74	166.43333333333334	166.04666666666665	165.85333333333332	165.71333333333334	165.19333333333333	165.0	164.90666666666667	164.49333333333334	164.24	163.67333333333335	162.97333333333333	163.12	162.61333333333334	162.08	161.57333333333332	161.05333333333334	160.48666666666668	159.59333333333333	158.83333333333334	157.99333333333334	157.39333333333335	155.65333333333334	154.31333333333333	151.99333333333334	149.14666666666668	145.34	138.34	125.70666666666666	0.0
0.0	125.46	138.44	144.66	149.17333333333335	151.74666666666667	153.88666666666666	155.83333333333334	156.90666666666667	158.31333333333333	159.42666666666668	160.59333333333333	160.85333333333332	161.85333333333332	162.68666666666667	163.53333333333333	164.32666666666665	164.26666666666668	164.68	165.26666666666668	165.52666666666667	165.89333333333335	165.59333333333333	166.22666666666666	166.5	166.96666666666667	166.97333333333333	167.03333333333333	167.07333333333332	166.96666666666667	167.19333333333333	167.41333333333333	167.67333333333335	167.89333333333335	168.35333333333332	167.99333333333334	167.77333333333334	167.63333333333333	167.78666666666666	167.42666666666668	167.46	167.2	167.12666666666667	167.05333333333334	166.64666666666668	166.96666666666667	166.64666666666668	166.33333333333334	166.32	165.68666666666667	166.02	165.54	165.08	164.89333333333335	164.71333333333334	164.22	163.48666666666668	162.8	162.52666666666667	162.01333333333332	161.12	160.18666666666667	159.36666666666667	158.52666666666667	157.30666666666667	155.93333333333334	154.12666666666667	152.17333333333335	149.57333333333332	145.28	138.86	125.16666666666667	0.0
0.0	124.89333333333333	138.56	145.29333333333332	149.48	151.85333333333332	154.58	156.16666666666666	157.36666666666667	158.36666666666667	158.84666666666666	159.70666666666668	160.9	161.62	162.08	162.49333333333334	162.88	163.14666666666668	164.04	164.19333333333333	164.82	165.18666666666667	165.60666666666665	165.71333333333334	166.25333333333333	166.14	166.38	166.78666666666666	166.77333333333334	166.82	166.82666666666665	166.86	167.00666666666666	166.93333333333334	166.99333333333334	166.96	166.67333333333335	167.09333333333333	166.93333333333334	166.91333333333333	167.03333333333333	166.66	166.86666666666667	166.86	166.50666666666666	166.19333333333333	166.08	166.24666666666667	166.16666666666666	165.91333333333333	165.32	164.75333333333333	164.86	164.21333333333334	164.13333333333333	163.63333333333333	163.36666666666667	162.64666666666668	162.29333333333332	161.90666666666667	161.1	160.2	159.46	158.36	156.96	155.76666666666668	154.01333333333332	152.12	149.36	144.98666666666668	138.59333333333333	124.98666666666666	0.0
0.0	125.43333333333334	138.60666666666665	145.56666666666666	149.54666666666665	152.51333333333332	154.32	156.48	157.48666666666668	158.98	159.61333333333334	160.07333333333332	161.44	162.28666666666666	162.42666666666668	162.78666666666666	163.73333333333332	164.24666666666667	164.56	165.03333333333333	165.02	165.56	166.01333333333332	166.39333333333335	166.74666666666667	166.74	166.96	167.25333333333333	167.32	167.22	167.4	167.43333333333334	167.16	167.42	167.4	167.97333333333333	167.48	167.58	167.02666666666667	167.23333333333332	167.08	166.98666666666668	166.92666666666668	166.71333333333334	166.65333333333334	166.65333333333334	166.53333333333333	166.3	165.71333333333334	165.32	165.20666666666668	164.72	164.60666666666665	164.18	163.63333333333333	163.01333333333332	163.04	162.34	162.18666666666667	161.79333333333332	161.32	160.75333333333333	160.21333333333334	159.03333333333333	157.78	156.64666666666668	154.54	152.42666666666668	149.42	145.47333333333333	139.02666666666667	125.62666666666667	0.0
0.0	125.20666666666666	138.49333333333334	144.89333333333335	148.92666666666668	152.33333333333334	154.42	156.06	157.01333333333332	158.56	159.77333333333334	160.48	161.34	161.92	162.40666666666667	163.0	163.58666666666667	163.84666666666666	163.75333333333333	164.42666666666668	164.83333333333334	165.21333333333334	165.48666666666668	165.78666666666666	166.3	166.42	166.46666666666667	166.89333333333335	166.71333333333334	166.70666666666668	166.88	166.98	167.41333333333333	167.18666666666667	167.16	166.96666666666667	166.82	167.20666666666668	167.46666666666667	167.44	167.45333333333335	167.2	167.11333333333334	167.28	167.22666666666666	166.99333333333334	166.82	166.41333333333333	166.01333333333332	166.02666666666667	165.64	165.34666666666666	165.2	164.58	164.30666666666667	164.10666666666665	163.62666666666667	162.97333333333333	162.52	161.76666666666668	161.46	160.65333333333334	159.62666666666667	158.59333333333333	157.57333333333332	155.84666666666666	154.3	152.08	149.15333333333334	145.36	138.51333333333332	124.95333333333333	0.0
0.0	125.39333333333333	139.21333333333334	145.52	149.48666666666668	152.64666666666668	154.67333333333335	156.45333333333335	157.98666666666668	159.20666666666668	160.37333333333333	161.33333333333334	161.52666666666667	162.25333333333333	162.94	163.44666666666666	163.94666666666666	164.52	164.95333333333335	165.34	165.46666666666667	165.77333333333334	165.97333333333333	166.02	166.48666666666668	166.93333333333334	166.87333333333333	166.97333333333333	167.14666666666668	167.54666666666665	167.24666666666667	167.61333333333334	167.09333333333333	167.17333333333335	167.17333333333335	167.30666666666667	167.40666666666667	167.64666666666668	167.43333333333334	167.34666666666666	167.56666666666666	167.94	167.73333333333332	167.72666666666666	167.45333333333335	167.19333333333333	166.66666666666666	166.32	166.32666666666665	166.10666666666665	166.06666666666666	165.95333333333335	165.74	165.38666666666666	164.74666666666667	164.04666666666665	163.77333333333334	163.38666666666666	163.17333333333335	162.46	161.16	160.41333333333333	159.39333333333335	158.32	157.26	156.08	153.74	151.64666666666668	149.32666666666665	145.30666666666667	138.99333333333334	125.79333333333334	0.0
0.0	124.60666666666667	138.22666666666666	145.02666666666667	148.88666666666666	151.62666666666667	153.76666666666668	155.56	156.89333333333335	158.65333333333334	159.45333333333335	160.31333333333333	160.94666666666666	161.98666666666668	162.21333333333334	163.18666666666667	163.78	164.15333333333334	164.38	164.67333333333335	165.07333333333332	165.96	165.79333333333332	166.14	166.38666666666666	166.23333333333332	166.51333333333332	166.73333333333332	166.50666666666666	166.95333333333335	167.58666666666667	167.5	167.45333333333335	167.26	167.33333333333334	167.68	167.23333333333332	167.06	167.18	166.89333333333335	166.91333333333333	166.79333333333332	166.99333333333334	166.66	166.67333333333335	166.47333333333333	166.35333333333332	165.94666666666666	165.24	165.48	165.37333333333333	164.92666666666668	164.56666666666666	164.78666666666666	164.15333333333334	163.36666666666667	163.0	162.54666666666665	162.29333333333332	161.26666666666668	160.81333333333333	160.04666666666665	159.01333333333332	158.34	157.06666666666666	155.82	154.43333333333334	152.11333333333334	149.06666666666666	145.41333333333333	138.76	125.19333333333333	0.0
0.0	125.12	138.23333333333332	144.78	148.97333333333333	152.41333333333333	154.59333333333333	156.36666666666667	157.55333333333334	158.76	159.94666666666666	160.40666666666667	161.25333333333333	161.74666666666667	162.76	163.3	163.6	164.06666666666666	164.58	164.44	164.89333333333335	165.48666666666668	165.54	165.86	166.46666666666667	166.3	166.50666666666666	166.2	166.82	166.99333333333334	166.82666666666665	167.12	166.94666666666666	167.01333333333332	167.10666666666665	167.22	167.12666666666667	167.14666666666668	166.66	166.94666666666666	166.77333333333334	166.78	167.00666666666666	166.91333333333333	166.68	166.74666666666667	166.68666666666667	166.58	166.1	165.82	165.78	165.52	164.84666666666666	164.50666666666666	164.26	164.22666666666666	163.31333333333333	163.16	162.4	162.06666666666666	161.28666666666666	160.46666666666667	159.9	158.55333333333334	157.5	156.00666666666666	154.6	152.47333333333333	149.55333333333334	145.22	138.53333333333333	125.34666666666666	0.0
0.0	125.30666666666667	139.07333333333332	144.96666666666667	148.83333333333334	151.8	153.86666666666667	155.84	157.38	158.38	159.47333333333333	160.16666666666666	160.98	161.40666666666667	161.83333333333334	162.35333333333332	162.96	163.53333333333333	163.72	164.28666666666666	164.34	164.68666666666667	165.15333333333334	165.41333333333333	165.13333333333333	165.40666666666667	165.62666666666667	165.58	166.02	165.75333333333333	166.19333333333333	166.50666666666666	166.66	166.59333333333333	166.8	167.19333333333333	166.95333333333335	167.29333333333332	166.93333333333334	166.76666666666668	166.86	166.84666666666666	166.75333333333333	166.7	166.65333333333334	166.46	166.01333333333332	166.06666666666666	165.55333333333334	165.22	165.11333333333334	164.98	164.77333333333334	164.38666666666666	164.15333333333334	163.93333333333334	163.45333333333335	163.16666666666666	162.18666666666667	162.18666666666667	161.3	160.34666666666666	159.62666666666667	158.52	157.45333333333335	156.33333333333334	154.5	152.54666666666665	149.38	145.32	138.58	125.22	0.0
0.0	125.06	138.74	145.51333333333332	149.58666666666667	152.60666666666665	154.59333333333333	155.91333333333333	157.2	158.54	159.59333333333333	160.36666666666667	161.0	161.64	162.33333333333334	162.9	163.36666666666667	163.99333333333334	164.42666666666668	164.8	164.97333333333333	165.10666666666665	165.33333333333334	165.52	166.04	166.26	166.32	166.6	166.44666666666666	166.77333333333334	166.98	167.03333333333333	167.06	167.08	166.97333333333333	167.02666666666667	166.87333333333333	166.82666666666665	167.15333333333334	166.87333333333333	166.71333333333334	166.98	166.68	166.66	166.72	166.35333333333332	166.15333333333334	165.9	165.65333333333334	165.36666666666667	164.96666666666667	164.48666666666668	164.54666666666665	164.25333333333333	164.12666666666667	163.48	162.94666666666666	162.63333333333333	162.26	161.71333333333334	161.32	160.34666666666666	159.34666666666666	158.66	156.97333333333333	155.7	154.14666666666668	151.81333333333333	149.00666666666666	145.15333333333334	138.64	125.23333333333333	0.0
0.0	125.31333333333333	138.89333333333335	145.4	149.86666666666667	152.24	153.95333333333335	155.48666666666668	156.82	158.4	159.73333333333332	160.52666666666667	161.52	162.17333333333335	162.70666666666668	162.93333333333334	163.61333333333334	164.02666666666667	164.41333333333333	164.38666666666666	164.72666666666666	165.30666666666667	165.44666666666666	166.04	165.95333333333335	165.98666666666668	165.77333333333334	166.13333333333333	166.68	166.46	166.28	166.65333333333334	166.44666666666666	166.80666666666667	166.4	166.63333333333333	166.8	166.71333333333334	166.18	166.47333333333333	166.28	166.92	166.85333333333332	166.96	166.95333333333335	166.58666666666667	166.19333333333333	165.94666666666666	165.85333333333332	166.02666666666667	165.62	165.18	164.92	164.88	164.64666666666668	164.18	163.64	163.12666666666667	162.40666666666667	161.76666666666668	161.38666666666666	160.67333333333335	159.7	158.98	157.82	156.26	154.55333333333334	152.41333333333333	149.23333333333332	145.22666666666666	138.67333333333335	124.94	0.0
0.0	125.8	138.57333333333332	145.02666666666667	149.52	151.93333333333334	154.22666666666666	155.93333333333334	157.36	158.86666666666667	159.86	160.44666666666666	161.06	162.22666666666666	162.44666666666666	162.98	163.48666666666668	163.83333333333334	164.14666666666668	164.52666666666667	165.1	165.76	165.76	166.24666666666667	166.38666666666666	166.28666666666666	166.55333333333334	166.61333333333334	166.73333333333332	167.15333333333334	167.62	167.66	167.83333333333334	168.16	167.7	167.90666666666667	167.54666666666665	167.42666666666668	167.29333333333332	166.99333333333334	166.88	166.84666666666666	166.75333333333333	166.56	166.86666666666667	166.56666666666666	166.44	166.5	166.31333333333333	166.04	165.61333333333334	165.65333333333334	164.84	164.38666666666666	164.31333333333333	164.17333333333335	163.51333333333332	163.28666666666666	162.45333333333335	161.71333333333334	160.90666666666667	160.6	159.44	158.34	157.46	156.04666666666665	154.66	152.21333333333334	149.53333333333333	145.18666666666667	139.17333333333335	125.45333333333333	0.0
0.0	125.40666666666667	138.68666666666667	144.93333333333334	149.29333333333332	152.23333333333332	154.2	155.88	156.92666666666668	158.30666666666667	159.35333333333332	160.08	161.18666666666667	161.77333333333334	162.51333333333332	162.92666666666668	163.58	163.74	163.86	164.34	164.56666666666666	165.12	165.22	165.50666666666666	165.66666666666666	165.80666666666667	166.24666666666667	166.6	166.42666666666668	166.75333333333333	166.64	166.91333333333333	167.15333333333334	167.18	167.22	167.19333333333333	167.48	167.23333333333332	167.02666666666667	167.34666666666666	167.18666666666667	166.68	166.45333333333335	166.61333333333334	166.68666666666667	166.62666666666667	166.05333333333334	165.74666666666667	165.79333333333332	165.84666666666666	165.47333333333333	164.96	164.62666666666667	164.06	164.1	163.75333333333333	163.73333333333332	163.04666666666665	162.16	161.7	161.08666666666667	160.36	159.35333333333332	158.58666666666667	157.98	156.13333333333333	154.58	152.39333333333335	149.82	145.49333333333334	138.65333333333334	125.76	0.0
0.0	125.51333333333334	138.78	145.34	149.39333333333335	152.32	154.61333333333334	155.91333333333333	157.45333333333335	158.40666666666667	159.36	160.4	161.05333333333334	161.69333333333333	162.39333333333335	162.94	163.74666666666667	164.07333333333332	164.03333333333333	164.84666666666666	164.79333333333332	165.20666666666668	165.89333333333335	165.76	166.04	166.2	166.39333333333335	166.57333333333332	166.36	166.24666666666667	166.50666666666666	167.11333333333334	167.21333333333334	167.07333333333332	167.20666666666668	167.16666666666666	167.22666666666666	167.28666666666666	167.03333333333333	167.24666666666667	167.03333333333333	166.98666666666668	166.9	166.5	166.26666666666668	166.70666666666668	166.5	166.27333333333334	165.81333333333333	165.63333333333333	164.70666666666668	164.94	164.42	164.22	163.84	163.14666666666668	162.32	162.26	161.87333333333333	161.37333333333333	160.58	159.8	159.09333333333333	157.89333333333335	156.94	155.98	154.38666666666666	152.02	149.08666666666667	144.82666666666665	138.43333333333334	125.46	0.0
0.0	125.16666666666667	138.28666666666666	145.06	149.02	151.72666666666666	154.08666666666667	155.62666666666667	157.17333333333335	158.26666666666668	159.41333333333333	160.20666666666668	161.09333333333333	161.76	162.66	163.10666666666665	163.33333333333334	164.20666666666668	164.46666666666667	165.10666666666665	165.08	165.56	166.00666666666666	166.08	166.42	166.27333333333334	166.56666666666666	166.59333333333333	166.76666666666668	166.7	166.36	166.9	167.18666666666667	166.96666666666667	166.81333333333333	166.78666666666666	166.84	167.21333333333334	167.02666666666667	166.98666666666668	166.82666666666665	166.9	166.8	166.64	166.02	166.22666666666666	166.10666666666665	165.76666666666668	165.32666666666665	165.34	165.1	164.83333333333334	164.63333333333333	164.45333333333335	163.78666666666666	163.42666666666668	162.95333333333335	162.57333333333332	161.8	161.18	160.64	160.3	159.16666666666666	158.26	157.0	156.04666666666665	154.34666666666666	152.11333333333334	149.44	145.53333333333333	138.66	125.77333333333333	0.0
0.0	125.17333333333333	138.19333333333333	144.68666666666667	148.48	151.36	153.72	155.20666666666668	156.78	157.95333333333335	159.04	159.68	160.45333333333335	160.95333333333335	161.37333333333333	161.66666666666666	162.37333333333333	163.39333333333335	163.57333333333332	163.96666666666667	164.06	164.3	164.64	165.08	165.15333333333334	165.05333333333334	165.22	165.80666666666667	165.74	165.86666666666667	166.09333333333333	166.10666666666665	166.49333333333334	166.48	166.56666666666666	166.26	166.78666666666666	166.57333333333332	166.46666666666667	166.41333333333333	166.28	166.31333333333333	166.00666666666666	165.84	165.88	165.72	165.82666666666665	165.6	165.59333333333333	165.18666666666667	164.88666666666666	165.37333333333333	164.71333333333334	164.45333333333335	163.88	163.44	163.00666666666666	162.64666666666668	161.95333333333335	161.48	160.48666666666668	159.64666666666668	159.01333333333332	158.38666666666666	157.23333333333332	155.65333333333334	153.97333333333333	151.87333333333333	148.96	144.92666666666668	138.36	125.40666666666667	0.0
0.0	125.44	138.59333333333333	145.03333333333333	149.49333333333334	151.80666666666667	154.11333333333334	155.76666666666668	157.06	158.12666666666667	158.96	159.72	160.87333333333333	161.42666666666668	161.83333333333334	162.59333333333333	163.18666666666667	163.9	164.41333333333333	164.76666666666668	165.06666666666666	165.20666666666668	165.57333333333332	165.91333333333333	166.24	166.00666666666666	166.44	166.58666666666667	166.34666666666666	166.96666666666667	166.82666666666665	166.86666666666667	166.78	166.77333333333334	167.11333333333334	167.55333333333334	167.36666666666667	167.29333333333332	167.10666666666665	167.06	167.16666666666666	166.96	166.69333333333333	166.40666666666667	166.6	166.32666666666665	166.14666666666668	166.30666666666667	165.82	165.26666666666668	164.84	164.7	164.71333333333334	164.36	163.87333333333333	163.44666666666666	163.16666666666666	162.97333333333333	162.26	161.87333333333333	161.02666666666667	160.25333333333333	159.54666666666665	158.38	157.42	156.03333333333333	154.10666666666665	152.13333333333333	148.84	144.82	137.92	125.29333333333334	0.0
0.0	125.61333333333333	139.19333333333333	145.51333333333332	149.36	152.79333333333332	154.48666666666668	156.5	158.00666666666666	158.32	159.60666666666665	160.60666666666665	161.39333333333335	162.05333333333334	162.90666666666667	163.42666666666668	163.45333333333335	164.42	164.92	164.94666666666666	165.50666666666666	165.44666666666666	165.51333333333332	165.7	165.98666666666668	166.25333333333333	166.28666666666666	166.70666666666668	166.92666666666668	167.14666666666668	167.45333333333335	167.8	167.86666666666667	167.76	167.47333333333333	167.56	167.81333333333333	167.88	167.95333333333335	167.77333333333334	167.54666666666665	167.04666666666665	167.02	167.27333333333334	166.70666666666668	166.94666666666666	166.94	166.35333333333332	166.26	165.84	166.16666666666666	166.05333333333334	165.82	165.56666666666666	164.96666666666667	164.16666666666666	163.74666666666667	163.01333333333332	162.7	162.13333333333333	161.6	160.71333333333334	159.75333333333333	158.67333333333335	157.68	155.81333333333333	154.12	151.90666666666667	149.23333333333332	145.58	138.61333333333334	124.66666666666667	0.0
0.0	125.10666666666667	138.74666666666667	145.46666666666667	149.28666666666666	152.11333333333334	154.67333333333335	156.61333333333334	158.44	159.4	160.22	160.78666666666666	161.94666666666666	162.18666666666667	162.52666666666667	163.36666666666667	163.58	164.49333333333334	164.54	164.95333333333335	165.16666666666666	165.43333333333334	165.90666666666667	166.68	166.44666666666666	166.94666666666666	167.24	166.82666666666665	167.14666666666668	167.12	167.58666666666667	167.77333333333334	167.52	167.58666666666667	167.24	167.45333333333335	167.83333333333334	167.35333333333332	167.66	167.58	167.46666666666667	166.85333333333332	167.58	167.41333333333333	166.91333333333333	166.94	167.04	166.82666666666665	166.48	166.14	165.86	165.47333333333333	165.44	164.92666666666668	164.55333333333334	164.02	163.75333333333333	163.34	162.74	162.04666666666665	161.42	160.22	159.58666666666667	158.60666666666665	157.42666666666668	156.09333333333333	154.39333333333335	151.96	148.97333333333333	144.82	137.91333333333333	125.06	0.0
0.0	125.85333333333334	139.25333333333333	145.61333333333334	149.58666666666667	152.2	153.97333333333333	156.08666666666667	157.66	158.71333333333334	160.1	160.81333333333333	161.92	162.87333333333333	163.47333333333333	163.91333333333333	164.26666666666668	164.5	164.70666666666668	165.61333333333334	166.02	166.11333333333334	166.26666666666668	166.65333333333334	166.57333333333332	166.93333333333334	166.88	166.55333333333334	166.92666666666668	167.31333333333333	167.00666666666666	167.24	167.54	167.57333333333332	167.48	167.58666666666667	167.57333333333332	167.77333333333334	167.54666666666665	167.38	167.19333333333333	167.24666666666667	167.55333333333334	167.26	167.20666666666668	167.32	167.08	167.12	166.74	166.08666666666667	166.1	165.45333333333335	164.92	164.76	164.30666666666667	164.04666666666665	163.44666666666666	162.98	162.42666666666668	162.05333333333334	161.09333333333333	160.36666666666667	159.58	158.84666666666666	157.69333333333333	155.73333333333332	154.38	152.50666666666666	149.19333333333333	145.02666666666667	138.9	125.9	0.0
0.0	125.37333333333333	138.46	145.43333333333334	149.28	152.58666666666667	154.58	156.52	157.82	159.16	159.97333333333333	161.16666666666666	161.96	162.6	163.40666666666667	163.89333333333335	164.17333333333335	165.02	165.11333333333334	165.60666666666665	166.04666666666665	166.30666666666667	166.58666666666667	166.59333333333333	166.68	166.69333333333333	166.86	166.94	166.98	167.05333333333334	167.16666666666666	167.6	167.88	167.63333333333333	167.70666666666668	167.62	167.52	167.37333333333333	167.30666666666667	167.32666666666665	167.08	167.28666666666666	167.22	167.29333333333332	167.15333333333334	167.04	167.15333333333334	167.10666666666665	166.68	166.14	165.86666666666667	166.13333333333333	165.52	165.52	164.96	164.45333333333335	163.98666666666668	163.14666666666668	162.59333333333333	161.98	161.35333333333332	160.88	159.62666666666667	158.96	157.66666666666666	156.41333333333333	154.28666666666666	152.41333333333333	149.17333333333335	145.16	138.46	125.36666666666666	0.0
0.0	125.49333333333334	138.82666666666665	146.18	149.68	152.18666666666667	154.33333333333334	156.38666666666666	157.6	158.95333333333335	159.74666666666667	160.44666666666666	160.96	161.6	162.16	162.76	163.29333333333332	163.88666666666666	164.45333333333335	164.82	165.03333333333333	165.27333333333334	165.5	165.84	166.46	166.15333333333334	166.29333333333332	166.49333333333334	166.76666666666668	166.77333333333334	166.79333333333332	166.79333333333332	167.05333333333334	166.86666666666667	167.32	167.32	167.39333333333335	167.24	167.46	167.25333333333333	166.89333333333335	166.88666666666666	166.83333333333334	166.96666666666667	167.08	166.58666666666667	166.42	166.53333333333333	166.3	166.04	165.75333333333333	165.33333333333334	164.95333333333335	165.33333333333334	164.68666666666667	164.75333333333333	163.96	163.76666666666668	162.87333333333333	162.26	161.58666666666667	160.92666666666668	159.68666666666667	158.97333333333333	157.68666666666667	156.06	154.92	152.29333333333332	149.72	145.25333333333333	139.01333333333332	125.38666666666667	0.0
0.0	125.7	138.36	145.30666666666667	149.43333333333334	152.15333333333334	153.96	155.7	156.82	158.28666666666666	159.18	160.22666666666666	161.15333333333334	162.1	162.7	163.28666666666666	164.14666666666668	163.97333333333333	164.72666666666666	164.58666666666667	164.81333333333333	165.08666666666667	164.99333333333334	165.4	165.98	166.12	166.37333333333333	166.43333333333334	166.88	166.96666666666667	167.17333333333335	167.11333333333334	167.24	167.16666666666666	167.08666666666667	167.26666666666668	167.29333333333332	167.11333333333334	167.10666666666665	167.20666666666668	167.09333333333333	167.29333333333332	167.26666666666668	166.96	166.50666666666666	166.63333333333333	166.25333333333333	165.76	165.91333333333333	165.56666666666666	165.39333333333335	165.09333333333333	164.40666666666667	164.36	164.16	163.44	163.12	162.92	162.04	161.58666666666667	161.29333333333332	160.42	159.57333333333332	158.84666666666666	157.28666666666666	155.88	154.14666666666668	152.18666666666667	149.24666666666667	145.17333333333335	138.57333333333332	125.51333333333334	0.0
0.0	125.45333333333333	138.62	144.9	148.79333333333332	151.7	153.94	156.02666666666667	157.14666666666668	158.12666666666667	158.62	159.88	160.44666666666666	161.32	161.98666666666668	162.75333333333333	163.18666666666667	163.31333333333333	163.83333333333334	164.17333333333335	164.50666666666666	164.72666666666666	165.05333333333334	165.38666666666666	165.91333333333333	166.04666666666665	166.21333333333334	166.51333333333332	166.72666666666666	167.15333333333334	167.06666666666666	166.96666666666667	167.02666666666667	167.18666666666667	167.02666666666667	167.03333333333333	166.94	167.34	167.41333333333333	167.12	167.20666666666668	167.22	166.92	166.54	166.85333333333332	166.68666666666667	166.08666666666667	166.12666666666667	166.09333333333333	165.96	165.20666666666668	165.08	165.20666666666668	164.66	164.08	163.46	163.07333333333332	162.58	161.60666666666665	161.07333333333332	160.42	159.66	158.74666666666667	157.76	156.70666666666668	155.12666666666667	153.73333333333332	151.85333333333332	148.93333333333334	145.15333333333334	138.94666666666666	125.31333333333333	0.0
0.0	125.15333333333334	138.80666666666667	145.13333333333333	150.06	152.40666666666667	154.47333333333333	156.36	157.56666666666666	158.86666666666667	159.91333333333333	160.6	161.32	162.00666666666666	162.90666666666667	163.64666666666668	164.19333333333333	164.36666666666667	164.64666666666668	165.10666666666665	165.36666666666667	165.21333333333334	165.62666666666667	166.02	165.72666666666666	166.68666666666667	166.42666666666668	166.62	166.67333333333335	166.4	166.82666666666665	166.88666666666666	167.2	166.92	166.77333333333334	167.02	167.07333333333332	167.10666666666665	167.43333333333334	167.23333333333332	166.95333333333335	166.86	167.02	166.67333333333335	166.32666666666665	166.22666666666666	166.2	165.69333333333333	165.52	165.49333333333334	165.33333333333334	164.85333333333332	164.76	164.35333333333332	163.84666666666666	163.67333333333335	162.96666666666667	162.82666666666665	162.41333333333333	161.58	160.94	160.4	159.40666666666667	158.12666666666667	157.5	156.51333333333332	154.76666666666668	152.44666666666666	149.43333333333334	145.36	138.65333333333334	124.9	0.0
0.0	125.29333333333334	138.48666666666668	145.3	148.98666666666668	152.0	153.79333333333332	155.35333333333332	156.92666666666668	158.16	159.44	160.09333333333333	160.9	161.54	162.2	162.75333333333333	163.12666666666667	163.36666666666667	163.86	164.32666666666665	164.37333333333333	164.92	165.34	165.60666666666665	165.82	165.76666666666668	166.01333333333332	166.33333333333334	166.66	166.30666666666667	166.46	166.86666666666667	167.14	166.98	167.28	167.35333333333332	167.53333333333333	167.71333333333334	167.65333333333334	167.6	167.22666666666666	167.60666666666665	167.03333333333333	167.10666666666665	167.08666666666667	167.09333333333333	166.51333333333332	166.48	166.28	166.34666666666666	165.56666666666666	165.31333333333333	165.07333333333332	164.83333333333334	164.28	163.88666666666666	163.72666666666666	162.94	162.35333333333332	161.78	161.5	160.28666666666666	159.34	158.45333333333335	157.76	156.43333333333334	154.78	152.10666666666665	149.27333333333334	145.56666666666666	138.84666666666666	125.18	0.0
0.0	124.98	138.87333333333333	145.76	149.56666666666666	152.59333333333333	155.14666666666668	157.01333333333332	158.01333333333332	159.42	160.46	161.24666666666667	162.13333333333333	162.47333333333333	163.10666666666665	163.74	164.4	164.94	165.43333333333334	165.4	165.68666666666667	165.92666666666668	166.51333333333332	166.43333333333334	166.43333333333334	166.9	167.02666666666667	167.46	167.34666666666666	167.33333333333334	167.60666666666665	167.62	167.89333333333335	168.03333333333333	167.92666666666668	167.97333333333333	167.74666666666667	167.57333333333332	167.79333333333332	167.68	167.37333333333333	167.02666666666667	167.29333333333332	167.15333333333334	166.88	166.62666666666667	166.48666666666668	166.36666666666667	166.42666666666668	166.04666666666665	165.87333333333333	165.63333333333333	165.02	164.71333333333334	164.39333333333335	163.65333333333334	163.41333333333333	163.48666666666668	162.63333333333333	162.16666666666666	161.25333333333333	160.57333333333332	159.82	159.04666666666665	158.02666666666667	156.73333333333332	154.82666666666665	152.81333333333333	149.70666666666668	145.66666666666666	138.41333333333333	125.13333333333334	0.0
0.0	125.41333333333333	138.92666666666668	145.33333333333334	149.24	152.33333333333334	154.62666666666667	156.28	157.77333333333334	159.04666666666665	160.01333333333332	160.86666666666667	161.54666666666665	162.17333333333335	162.55333333333334	163.01333333333332	163.53333333333333	164.36	164.91333333333333	165.22	165.47333333333333	165.96666666666667	166.16666666666666	166.52	166.72	166.38	166.5	166.75333333333333	166.64666666666668	166.97333333333333	167.27333333333334	167.33333333333334	167.28	167.32666666666665	167.4	167.48666666666668	167.04	167.44	167.28	167.33333333333334	167.07333333333332	167.25333333333333	166.91333333333333	166.96666666666667	166.62666666666667	167.29333333333332	166.90666666666667	166.67333333333335	166.34666666666666	166.64666666666668	165.82666666666665	165.62	165.5	165.06666666666666	164.62	164.00666666666666	163.74	162.86666666666667	162.52666666666667	162.23333333333332	161.66666666666666	160.29333333333332	159.78666666666666	158.85333333333332	157.56666666666666	156.11333333333334	154.32666666666665	151.84	149.51333333333332	145.46	138.5	125.31333333333333	0.0
0.0	125.0	138.9	145.06666666666666	149.11333333333334	152.3	154.94666666666666	156.28666666666666	157.50666666666666	158.27333333333334	159.46	160.09333333333333	161.09333333333333	161.96	162.59333333333333	163.07333333333332	162.94666666666666	163.75333333333333	164.32666666666665	164.40666666666667	165.08	165.56666666666666	165.38666666666666	165.92	166.13333333333333	165.95333333333335	166.14	166.56	167.02	167.31333333333333	167.06	167.2	167.24	167.42	167.24666666666667	167.22666666666666	167.05333333333334	166.41333333333333	166.48666666666668	166.84666666666666	167.15333333333334	167.32	166.74666666666667	166.62666666666667	166.80666666666667	166.57333333333332	166.25333333333333	166.0	165.99333333333334	165.83333333333334	165.19333333333333	165.05333333333334	164.78	164.72666666666666	164.32666666666665	164.16666666666666	163.34	163.08666666666667	162.67333333333335	162.3	161.42	160.42666666666668	159.68666666666667	158.56666666666666	157.59333333333333	156.05333333333334	154.38666666666666	152.58666666666667	149.72	145.6	138.65333333333334	125.29333333333334	0.0
0.0	125.44	139.08	145.24666666666667	149.34666666666666	152.44	154.02	155.6	156.87333333333333	158.32666666666665	158.96	160.14	160.76666666666668	161.70666666666668	162.27333333333334	162.95333333333335	162.93333333333334	163.48666666666668	164.02666666666667	164.05333333333334	164.76666666666668	164.88	165.26	165.13333333333333	165.72666666666666	165.66666666666666	166.24666666666667	166.48666666666668	166.5	166.56	166.84	166.46	166.78666666666666	166.94666666666666	167.26666666666668	167.15333333333334	167.1	167.05333333333334	166.84	166.67333333333335	166.63333333333333	166.48666666666668	166.30666666666667	166.96	166.81333333333333	166.61333333333334	166.17333333333335	166.1	165.6	165.68666666666667	165.48666666666668	165.32666666666665	164.68666666666667	164.75333333333333	164.10666666666665	163.79333333333332	163.32666666666665	162.98666666666668	162.29333333333332	161.66666666666666	161.06666666666666	160.44	159.71333333333334	158.64	157.43333333333334	156.32666666666665	154.42666666666668	152.32666666666665	149.7	145.48666666666668	138.93333333333334	125.25333333333333	0.0
0.0	125.91333333333333	138.86666666666667	144.88666666666666	149.16666666666666	152.04666666666665	154.32	155.89333333333335	157.47333333333333	158.69333333333333	159.6	160.78666666666666	161.09333333333333	161.83333333333334	162.44666666666666	163.06666666666666	163.16	163.7	164.11333333333334	164.36666666666667	165.21333333333334	165.34666666666666	165.66	165.60666666666665	165.80666666666667	166.20666666666668	166.50666666666666	166.67333333333335	166.48666666666668	166.68	167.34	167.01333333333332	167.36666666666667	167.49333333333334	167.09333333333333	167.67333333333335	167.60666666666665	167.52	167.56666666666666	167.42666666666668	167.20666666666668	167.07333333333332	167.18	166.94666666666666	166.91333333333333	166.83333333333334	166.67333333333335	166.36	166.16	166.00666666666666	165.63333333333333	165.58	165.18666666666667	164.78666666666666	164.32666666666665	164.01333333333332	163.51333333333332	162.96	162.54	161.82666666666665	161.18666666666667	160.49333333333334	159.32	158.30666666666667	157.29333333333332	156.2	154.22666666666666	152.48666666666668	149.69333333333333	145.35333333333332	138.40666666666667	125.62666666666667	0.0
0.0	125.33333333333333	138.78666666666666	145.14666666666668	149.36666666666667	152.72	154.86	156.36	157.73333333333332	158.90666666666667	159.85333333333332	160.86	161.44	162.05333333333334	162.78	163.31333333333333	164.02	164.16	164.23333333333332	164.69333333333333	164.94666666666666	165.26	165.2	165.71333333333334	166.16	166.50666666666666	166.83333333333334	167.25333333333333	167.35333333333332	167.50666666666666	167.88	167.92	168.12666666666667	167.94666666666666	168.05333333333334	167.89333333333335	168.09333333333333	168.19333333333333	168.21333333333334	168.11333333333334	167.86666666666667	167.98666666666668	168.01333333333332	167.76666666666668	168.00666666666666	167.39333333333335	167.03333333333333	166.88666666666666	166.64	166.20666666666668	165.94	165.70666666666668	165.26666666666668	165.21333333333334	164.79333333333332	164.07333333333332	164.10666666666665	163.32666666666665	163.05333333333334	162.31333333333333	161.50666666666666	160.64	159.62666666666667	158.63333333333333	157.41333333333333	155.79333333333332	154.17333333333335	152.17333333333335	149.59333333333333	145.32	138.78666666666666	125.36666666666666	0.0
0.0	125.6	138.71333333333334	144.92	149.33333333333334	152.1	154.34	155.88	157.48666666666668	158.25333333333333	159.09333333333333	160.24666666666667	160.88666666666666	161.58666666666667	162.28	162.72666666666666	163.22666666666666	163.5	163.76666666666668	164.18666666666667	164.61333333333334	164.92	164.8	165.18	165.18666666666667	165.40666666666667	165.44666666666666	165.38666666666666	166.0	166.18666666666667	166.11333333333334	166.25333333333333	165.9	166.02	166.08666666666667	166.50666666666666	166.39333333333335	166.32666666666665	166.58	166.47333333333333	166.24666666666667	166.02666666666667	165.84666666666666	165.89333333333335	165.88	165.94666666666666	166.05333333333334	165.9	165.77333333333334	165.68666666666667	165.34666666666666	165.34666666666666	164.8	164.62	164.16	163.82666666666665	163.24	162.88666666666666	161.88666666666666	161.58666666666667	160.7	160.55333333333334	159.27333333333334	158.29333333333332	157.26666666666668	155.76666666666668	153.90666666666667	151.59333333333333	148.86	144.64	138.28	125.26	0.0
0.0	125.21333333333334	138.66666666666666	145.30666666666667	149.32666666666665	152.08666666666667	154.00666666666666	155.96	157.67333333333335	158.60666666666665	159.75333333333333	160.59333333333333	160.98	162.26	162.7	163.24666666666667	163.73333333333332	164.54666666666665	164.86666666666667	165.82666666666665	165.58	165.94	166.33333333333334	166.92666666666668	166.74666666666667	167.02	167.07333333333332	167.26	167.14	167.26	167.5	167.69333333333333	168.02	168.22	167.72666666666666	167.93333333333334	167.85333333333332	167.66	167.96	167.96666666666667	168.04	167.88666666666666	167.72666666666666	167.58	167.90666666666667	167.66666666666666	167.50666666666666	167.44	167.36	167.00666666666666	166.6	166.09333333333333	165.64666666666668	165.54666666666665	164.72666666666666	164.46666666666667	164.04	163.43333333333334	162.54	162.27333333333334	161.69333333333333	161.1	159.94666666666666	159.06666666666666	157.82666666666665	156.38666666666666	155.04	152.72	149.87333333333333	145.19333333333333	138.48666666666668	125.25333333333333	0.0
0.0	125.92666666666666	138.64666666666668	145.1	149.16	151.88666666666666	154.17333333333335	155.81333333333333	157.24666666666667	157.88666666666666	159.33333333333334	160.02	160.96666666666667	161.82	162.38	162.74	163.38	164.20666666666668	164.3	164.66	165.04	165.51333333333332	165.69333333333333	166.10666666666665	165.93333333333334	166.20666666666668	166.38666666666666	166.37333333333333	166.86666666666667	166.70666666666668	166.4	166.94	167.01333333333332	167.03333333333333	166.87333333333333	167.09333333333333	167.12666666666667	167.13333333333333	167.02	166.98	166.91333333333333	167.23333333333332	166.72	166.68666666666667	166.30666666666667	166.42	166.13333333333333	166.12	165.96	165.28	164.64	164.23333333333332	164.41333333333333	164.34666666666666	163.62	163.48	163.21333333333334	162.66666666666666	162.24666666666667	161.45333333333335	160.99333333333334	160.27333333333334	159.37333333333333	158.57333333333332	157.20666666666668	155.97333333333333	154.25333333333333	151.96666666666667	149.08	145.2	139.20666666666668	125.08	0.0
0.0	125.51333333333334	138.41333333333333	144.96666666666667	149.28666666666666	152.16	153.73333333333332	155.48666666666668	156.78	157.21333333333334	158.37333333333333	159.65333333333334	160.86666666666667	161.35333333333332	162.17333333333335	162.64666666666668	163.03333333333333	163.42666666666668	163.36666666666667	164.30666666666667	164.51333333333332	164.68	164.96666666666667	165.19333333333333	165.53333333333333	166.06666666666666	166.09333333333333	166.11333333333334	166.31333333333333	166.19333333333333	166.64	166.4	166.68666666666667	166.74	166.53333333333333	166.61333333333334	166.71333333333334	166.52666666666667	166.66	166.63333333333333	166.45333333333335	166.6	166.24	166.75333333333333	166.78	166.3	166.01333333333332	166.08666666666667	165.63333333333333	165.46	165.39333333333335	164.98666666666668	164.84	164.86	164.39333333333335	163.71333333333334	163.3	162.62	162.29333333333332	161.49333333333334	160.72666666666666	160.15333333333334	159.32	158.08	157.32	156.01333333333332	154.14666666666668	151.78	148.82666666666665	144.98	138.77333333333334	125.47333333333333	0.0
0.0	125.2	138.67333333333335	145.53333333333333	149.56666666666666	152.5	154.18666666666667	156.09333333333333	157.70666666666668	158.54666666666665	159.70666666666668	160.61333333333334	160.91333333333333	161.72666666666666	161.89333333333335	162.91333333333333	163.92666666666668	163.90666666666667	164.51333333333332	164.52	164.92	165.26	165.54	165.81333333333333	166.24	166.64666666666668	167.02666666666667	167.1	167.06	167.37333333333333	167.41333333333333	167.54	167.18	167.38666666666666	167.53333333333333	167.87333333333333	167.62666666666667	167.49333333333334	167.7	167.77333333333334	167.62	167.94	167.47333333333333	167.57333333333332	167.40666666666667	167.12	166.97333333333333	166.48	166.52666666666667	166.41333333333333	166.19333333333333	165.85333333333332	165.93333333333334	165.28	165.0	164.54666666666665	164.13333333333333	163.56666666666666	163.01333333333332	162.23333333333332	161.58666666666667	161.00666666666666	159.92	159.22666666666666	157.62666666666667	156.42666666666668	154.64666666666668	152.55333333333334	149.48666666666668	145.4	138.62666666666667	125.64	0.0
0.0	125.85333333333334	139.12	145.54666666666665	149.07333333333332	152.00666666666666	154.76	156.46666666666667	157.82	158.81333333333333	159.57333333333332	160.48	161.14666666666668	161.87333333333333	162.71333333333334	163.08	163.54666666666665	164.29333333333332	164.42666666666668	164.87333333333333	165.18	165.50666666666666	166.08	166.13333333333333	166.32	166.68666666666667	166.56666666666666	167.06666666666666	167.42	167.50666666666666	167.7	167.74666666666667	167.74666666666667	168.06	168.17333333333335	168.16	167.73333333333332	167.70666666666668	167.49333333333334	167.58666666666667	167.64	167.25333333333333	167.27333333333334	167.11333333333334	166.86666666666667	166.71333333333334	166.38666666666666	166.46666666666667	166.03333333333333	165.64	165.21333333333334	164.88666666666666	164.66	164.32666666666665	164.25333333333333	163.80666666666667	163.12666666666667	162.56666666666666	162.42	161.46	160.84666666666666	160.21333333333334	159.66	158.91333333333333	158.08666666666667	156.17333333333335	154.59333333333333	152.46666666666667	149.53333333333333	145.33333333333334	138.68	125.61333333333333	0.0
0.0	125.46666666666667	139.03333333333333	145.3	149.18666666666667	152.10666666666665	153.94666666666666	155.33333333333334	156.48666666666668	158.17333333333335	158.70666666666668	160.05333333333334	160.43333333333334	161.23333333333332	162.11333333333334	162.68666666666667	163.24	163.86666666666667	164.40666666666667	164.52666666666667	165.06	165.33333333333334	165.69333333333333	165.86	166.04	166.29333333333332	166.30666666666667	166.64	167.13333333333333	167.27333333333334	167.60666666666665	167.72	167.68666666666667	167.62	167.27333333333334	167.12666666666667	167.28666666666666	167.08	167.43333333333334	167.52666666666667	167.64666666666668	167.6	167.43333333333334	167.12	167.18666666666667	167.16666666666666	167.10666666666665	166.91333333333333	166.14666666666668	165.88	165.98	165.41333333333333	164.9	164.76666666666668	164.28666666666666	163.93333333333334	163.55333333333334	163.26666666666668	163.08666666666667	162.19333333333333	161.62	160.80666666666667	160.02666666666667	158.62666666666667	157.32	156.27333333333334	154.3	152.42	149.34666666666666	145.24	138.90666666666667	125.38666666666667	0.0
0.0	125.62666666666667	138.53333333333333	145.08666666666667	148.88	151.28666666666666	153.62666666666667	155.28	157.02	158.12666666666667	158.92666666666668	159.91333333333333	160.54666666666665	161.0	161.68	162.62	162.50666666666666	162.92666666666668	163.18	163.63333333333333	164.14666666666668	164.44	164.54	165.1	165.12	165.14	165.54	165.54666666666665	166.31333333333333	166.15333333333334	166.23333333333332	166.52	166.48666666666668	166.55333333333334	166.65333333333334	166.8	167.11333333333334	167.16666666666666	167.00666666666666	166.89333333333335	167.17333333333335	167.01333333333332	166.84666666666666	167.0	166.46666666666667	166.22666666666666	166.21333333333334	166.34	165.97333333333333	165.50666666666666	165.35333333333332	164.92	165.06	164.22	164.39333333333335	163.63333333333333	162.95333333333335	162.52	161.89333333333335	161.2	160.34666666666666	159.60666666666665	158.52	157.56666666666666	156.64	155.3	154.12666666666667	151.38	148.43333333333334	144.43333333333334	138.41333333333333	125.1	0.0
0.0	125.09333333333333	138.98	145.52666666666667	149.30666666666667	152.32666666666665	154.58666666666667	155.91333333333333	157.69333333333333	158.50666666666666	159.82	160.35333333333332	160.88	161.92666666666668	162.57333333333332	162.99333333333334	163.52	163.61333333333334	164.38666666666666	164.16666666666666	165.01333333333332	165.14666666666668	165.02	165.39333333333335	166.22666666666666	166.26666666666668	166.42	166.6	166.91333333333333	166.92666666666668	166.88	166.75333333333333	166.96666666666667	167.54666666666665	167.1	167.24666666666667	167.09333333333333	166.90666666666667	166.82666666666665	166.93333333333334	167.00666666666666	166.76666666666668	167.19333333333333	167.00666666666666	166.64	167.05333333333334	166.57333333333332	166.49333333333334	166.3	165.69333333333333	165.38666666666666	165.45333333333335	164.72	164.3	164.38666666666666	163.92	163.02	162.77333333333334	162.16	161.48	160.69333333333333	160.48	159.15333333333334	158.36	157.16	155.62	154.13333333333333	151.66666666666666	149.18	145.24666666666667	138.37333333333333	125.38666666666667	0.0
0.0	125.36	139.42666666666668	145.5	149.34666666666666	152.19333333333333	154.28666666666666	156.08666666666667	157.34666666666666	158.48	159.28	159.96	160.99333333333334	161.98	162.36	163.00666666666666	163.59333333333333	164.56666666666666	165.00666666666666	164.90666666666667	165.34	165.63333333333333	166.17333333333335	166.40666666666667	166.26	166.6	166.54666666666665	166.54	166.36666666666667	166.38	166.39333333333335	166.74	167.08666666666667	166.67333333333335	166.69333333333333	166.88666666666666	167.33333333333334	167.38	167.03333333333333	167.12	167.66	167.35333333333332	167.3	167.06	167.24	166.7	166.50666666666666	166.24666666666667	166.43333333333334	166.2	165.98	165.88666666666666	165.26	164.64	164.26	163.75333333333333	163.14666666666668	162.99333333333334	162.32	161.72	161.22	160.3	159.62666666666667	158.68	157.22666666666666	156.06	154.67333333333335	152.4	149.69333333333333	145.46	139.12	125.47333333333333	0.0
0.0	125.04	138.76666666666668	145.28	149.42666666666668	152.16	154.38666666666666	156.42666666666668	157.36	158.41333333333333	159.92666666666668	160.69333333333333	161.50666666666666	161.74666666666667	162.54666666666665	163.28666666666666	163.47333333333333	163.92	164.09333333333333	164.33333333333334	164.80666666666667	165.22	165.48	165.70666666666668	165.82666666666665	166.41333333333333	166.18	166.56666666666666	166.93333333333334	167.0	167.36	167.57333333333332	167.35333333333332	167.64	167.39333333333335	167.30666666666667	167.54666666666665	167.32	167.41333333333333	167.87333333333333	167.76	167.43333333333334	167.36666666666667	166.65333333333334	166.5	166.41333333333333	166.7	166.46666666666667	165.90666666666667	165.97333333333333	165.64666666666668	165.28666666666666	165.12666666666667	164.73333333333332	164.26	163.78666666666666	163.69333333333333	163.34666666666666	162.85333333333332	162.23333333333332	161.62	160.64	159.90666666666667	158.64666666666668	157.66	156.34666666666666	154.52666666666667	151.94666666666666	149.58	145.42	138.84666666666666	125.30666666666667	0.0
0.0	125.70666666666666	138.59333333333333	144.76666666666668	148.88	151.73333333333332	154.22666666666666	155.62666666666667	157.52	158.86	159.64	160.35333333333332	161.21333333333334	161.62666666666667	162.07333333333332	162.70666666666668	163.15333333333334	163.59333333333333	163.85333333333332	164.11333333333334	164.79333333333332	165.18	165.20666666666668	165.64666666666668	165.84	166.12	165.99333333333334	166.39333333333335	166.47333333333333	166.80666666666667	167.00666666666666	166.78666666666666	167.17333333333335	166.93333333333334	167.03333333333333	167.32	167.24	167.18666666666667	167.12	167.15333333333334	167.21333333333334	167.12666666666667	166.87333333333333	166.65333333333334	166.97333333333333	166.78666666666666	166.19333333333333	166.52666666666667	165.84666666666666	165.41333333333333	165.35333333333332	165.20666666666668	164.72666666666666	164.08	164.1	163.88666666666666	163.34	162.43333333333334	162.50666666666666	162.14666666666668	161.4	160.84	160.08666666666667	158.53333333333333	157.74666666666667	156.18	154.28666666666666	151.84666666666666	149.10666666666665	144.95333333333335	138.47333333333333	124.54	0.0
0.0	125.25333333333333	139.12	145.34	149.64666666666668	152.8	154.98666666666668	156.66	157.92	158.86666666666667	159.77333333333334	160.44	161.34666666666666	162.4	162.79333333333332	163.68	164.01333333333332	164.21333333333334	164.74666666666667	165.08666666666667	165.68	165.74	165.61333333333334	166.00666666666666	166.38	166.76666666666668	166.94666666666666	167.51333333333332	167.25333333333333	167.3	167.6	167.46666666666667	167.77333333333334	167.92666666666668	167.72	167.60666666666665	167.46666666666667	167.46666666666667	167.46	167.63333333333333	167.50666666666666	167.38	167.48666666666668	167.00666666666666	166.75333333333333	166.73333333333332	166.7	166.17333333333335	166.49333333333334	166.16	166.38666666666666	165.94666666666666	165.64666666666668	165.17333333333335	164.92	164.36666666666667	164.08666666666667	163.53333333333333	163.14	162.51333333333332	161.68666666666667	161.26666666666668	159.98666666666668	159.34	157.54666666666665	156.26	154.66	152.48666666666668	149.53333333333333	145.79333333333332	139.04	125.26	0.0
0.0	125.68666666666667	138.72666666666666	145.37333333333333	149.14	151.78666666666666	154.09333333333333	155.56666666666666	157.20666666666668	158.57333333333332	159.28	160.0	160.49333333333334	161.48666666666668	161.78	162.72666666666666	162.93333333333334	163.52	164.15333333333334	164.38666666666666	164.42	164.73333333333332	165.18	165.06	165.54666666666665	165.84	165.74	165.88666666666666	165.83333333333334	166.2	166.07333333333332	166.32666666666665	166.2	166.39333333333335	165.7	166.00666666666666	166.22666666666666	165.95333333333335	166.40666666666667	166.21333333333334	166.34666666666666	166.15333333333334	166.17333333333335	166.16666666666666	166.19333333333333	165.80666666666667	165.19333333333333	165.48	165.33333333333334	165.05333333333334	165.17333333333335	164.82	164.62	164.24	163.84666666666666	163.71333333333334	163.04666666666665	162.58	162.03333333333333	161.40666666666667	161.03333333333333	160.1	159.2	158.60666666666665	157.32	155.97333333333333	154.32666666666665	151.8	149.29333333333332	145.20666666666668	138.56666666666666	125.16	0.0
0.0	125.28	138.74666666666667	145.21333333333334	149.10666666666665	152.46666666666667	154.5	156.01333333333332	157.51333333333332	158.50666666666666	159.65333333333334	160.51333333333332	161.20666666666668	161.88666666666666	162.71333333333334	163.16666666666666	163.65333333333334	163.91333333333333	164.10666666666665	164.52	164.88	165.18	165.45333333333335	165.72666666666666	165.72	165.57333333333332	166.0	166.3	166.39333333333335	166.17333333333335	166.56	166.84	167.02666666666667	166.96666666666667	166.73333333333332	166.9	166.67333333333335	166.80666666666667	166.82666666666665	166.68666666666667	166.76	166.36666666666667	166.59333333333333	166.48	166.56666666666666	166.08666666666667	166.16666666666666	166.45333333333335	166.25333333333333	165.80666666666667	165.48666666666668	165.21333333333334	164.91333333333333	164.26666666666668	164.16	163.58	163.23333333333332	163.06666666666666	162.36666666666667	161.72	160.94666666666666	160.26	159.26666666666668	158.15333333333334	157.36	155.84666666666666	154.09333333333333	152.00666666666666	149.28	145.32666666666665	139.04666666666665	125.85333333333334	0.0
0.0	125.42	139.06	145.28666666666666	149.35333333333332	152.16666666666666	153.71333333333334	155.36	156.76	158.32	159.23333333333332	160.64666666666668	161.55333333333334	162.18666666666667	162.82	163.22666666666666	163.87333333333333	164.17333333333335	164.29333333333332	164.91333333333333	164.92	165.5	165.96666666666667	165.98666666666668	165.60666666666665	166.26666666666668	166.56666666666666	166.17333333333335	166.47333333333333	166.54	166.67333333333335	167.02	167.27333333333334	167.42666666666668	167.12	167.07333333333332	166.98	167.21333333333334	167.21333333333334	167.08666666666667	166.83333333333334	167.23333333333332	167.31333333333333	166.9	166.78	167.1	166.85333333333332	166.19333333333333	166.2	166.09333333333333	165.77333333333334	165.45333333333335	165.04	164.68666666666667	164.50666666666666	164.43333333333334	163.93333333333334	163.50666666666666	163.08	162.23333333333332	161.48	160.73333333333332	159.58	158.56	157.16666666666666	155.98666666666668	154.17333333333335	152.34	149.52	145.19333333333333	138.37333333333333	125.57333333333334	0.0
0.0	125.58	138.55333333333334	145.20666666666668	149.58	152.1	154.15333333333334	156.43333333333334	157.5	158.85333333333332	160.02666666666667	160.68	161.03333333333333	161.78	162.14	162.91333333333333	163.42	163.98	163.89333333333335	164.55333333333334	165.08	165.33333333333334	165.44	165.41333333333333	165.99333333333334	165.96666666666667	165.76	166.41333333333333	166.36	166.54666666666665	166.52666666666667	167.14666666666668	166.88	167.1	167.22666666666666	167.25333333333333	167.44666666666666	167.26666666666668	167.25333333333333	167.58	167.32666666666665	167.26	167.28	166.84	166.84	166.96	166.76666666666668	166.25333333333333	165.93333333333334	165.76666666666668	165.38	165.28	164.88	164.38666666666666	164.02666666666667	163.36666666666667	163.02	162.63333333333333	162.54666666666665	161.98	161.18	160.04666666666665	159.25333333333333	158.53333333333333	157.23333333333332	155.87333333333333	154.12	152.02666666666667	149.24666666666667	145.38	138.8	125.54666666666667	0.0
0.0	125.25333333333333	138.85333333333332	145.36	149.03333333333333	151.82	154.16666666666666	155.62	157.48	158.66666666666666	159.24666666666667	160.0	160.95333333333335	161.69333333333333	162.17333333333335	162.12666666666667	162.55333333333334	163.40666666666667	163.78666666666666	164.20666666666668	164.3	165.0	165.02666666666667	165.52666666666667	165.94	166.2	166.12	166.1	166.44666666666666	166.37333333333333	166.64	166.51333333333332	166.34	166.54666666666665	166.80666666666667	167.01333333333332	166.78	167.18666666666667	167.31333333333333	166.91333333333333	166.88666666666666	166.97333333333333	167.14	166.94	166.85333333333332	166.72666666666666	166.60666666666665	166.34	166.16	166.00666666666666	165.94	165.75333333333333	165.44	165.3	165.03333333333333	164.22666666666666	163.44666666666666	163.50666666666666	162.58	161.92666666666668	161.73333333333332	160.78666666666666	160.0	158.78	157.24666666666667	156.25333333333333	154.58666666666667	152.46666666666667	149.8	145.33333333333334	138.92	124.90666666666667	0.0
0.0	125.07333333333334	138.09333333333333	145.17333333333335	149.29333333333332	152.2	154.06666666666666	156.23333333333332	157.80666666666667	158.65333333333334	159.36	160.28666666666666	160.90666666666667	162.00666666666666	162.57333333333332	162.68	163.37333333333333	163.62666666666667	164.0	164.25333333333333	164.26	164.36666666666667	165.0	165.16	165.31333333333333	165.31333333333333	165.62	165.82666666666665	166.27333333333334	166.18666666666667	166.3	166.58	166.36666666666667	166.58666666666667	166.67333333333335	167.21333333333334	166.86666666666667	166.76666666666668	166.89333333333335	166.56666666666666	166.76666666666668	166.57333333333332	166.64	166.60666666666665	166.38	165.97333333333333	165.96666666666667	165.51333333333332	165.56	165.58666666666667	165.42	165.33333333333334	165.01333333333332	164.78666666666666	164.46	163.88666666666666	163.65333333333334	163.26666666666668	162.24	161.89333333333335	161.11333333333334	160.6	159.34666666666666	158.22	157.16	156.01333333333332	154.14666666666668	152.06	149.16	145.65333333333334	138.71333333333334	125.16	0.0
0.0	125.07333333333334	138.34	144.92666666666668	148.83333333333334	151.58	153.76	155.37333333333333	156.38	157.91333333333333	159.02	160.36666666666667	160.76	161.27333333333334	161.50666666666666	162.33333333333334	162.89333333333335	163.03333333333333	163.45333333333335	163.82	164.05333333333334	164.38	164.75333333333333	164.68666666666667	165.08	165.33333333333334	165.64666666666668	165.68666666666667	165.76666666666668	166.2	165.90666666666667	166.06666666666666	166.40666666666667	166.14666666666668	166.58	166.34	166.64666666666668	166.52	166.5	166.46	166.60666666666665	166.6	166.53333333333333	166.35333333333332	166.12	166.11333333333334	165.97333333333333	165.78	165.26	165.12	165.17333333333335	164.85333333333332	164.54666666666665	164.35333333333332	164.08	163.70666666666668	162.85333333333332	162.57333333333332	162.08666666666667	161.52666666666667	160.85333333333332	159.95333333333335	158.85333333333332	157.72	156.72	155.83333333333334	154.00666666666666	151.95333333333335	148.85333333333332	144.96666666666667	138.27333333333334	125.06666666666666	0.0
0.0	125.38	138.65333333333334	145.24	148.88666666666666	151.81333333333333	154.46	156.10666666666665	157.38666666666666	158.4	159.37333333333333	160.51333333333332	161.26	161.65333333333334	162.22666666666666	162.73333333333332	163.74666666666667	163.85333333333332	164.80666666666667	164.66666666666666	164.96666666666667	165.4	165.47333333333333	165.84	165.77333333333334	165.95333333333335	165.74666666666667	166.65333333333334	166.79333333333332	166.66666666666666	167.07333333333332	167.24666666666667	167.1	167.15333333333334	166.91333333333333	166.67333333333335	166.7	166.64666666666668	167.10666666666665	166.84	166.36666666666667	166.49333333333334	166.53333333333333	166.04666666666665	166.13333333333333	165.79333333333332	165.42	165.40666666666667	164.75333333333333	164.58	164.48666666666668	164.28	164.49333333333334	164.24	163.41333333333333	162.98666666666668	162.88666666666666	162.45333333333335	161.6	161.3	160.76666666666668	160.24	159.38	158.33333333333334	156.99333333333334	155.71333333333334	154.13333333333333	151.83333333333334	148.68	144.78666666666666	138.4	125.24	0.0
0.0	125.45333333333333	138.75333333333333	145.40666666666667	149.36666666666667	152.66	154.59333333333333	156.36666666666667	157.90666666666667	158.97333333333333	160.1	160.74	161.62666666666667	161.8	162.48	163.12666666666667	163.47333333333333	163.88666666666666	164.61333333333334	164.66666666666666	165.06666666666666	165.44666666666666	166.0	165.84	166.12666666666667	166.46666666666667	166.66	167.01333333333332	166.80666666666667	167.10666666666665	167.06666666666666	167.30666666666667	167.5	167.38	166.94666666666666	167.00666666666666	167.25333333333333	167.00666666666666	167.18	166.8	166.93333333333334	167.15333333333334	166.88666666666666	166.76	166.52	166.78666666666666	166.54	166.58	166.27333333333334	165.94666666666666	165.69333333333333	165.78	165.72	165.14666666666668	164.62	164.37333333333333	164.02666666666667	163.18	163.06666666666666	162.64	162.0	161.34666666666666	160.06	158.70666666666668	157.79333333333332	156.04666666666665	154.7	152.35333333333332	149.6	145.06666666666666	138.64666666666668	125.58	0.0
0.0	125.4	138.43333333333334	145.10666666666665	149.66666666666666	152.40666666666667	154.48666666666668	156.18666666666667	157.77333333333334	158.85333333333332	159.33333333333334	160.31333333333333	161.38	162.15333333333334	162.64	163.00666666666666	163.67333333333335	163.98	164.69333333333333	165.02666666666667	165.14666666666668	165.56666666666666	166.08666666666667	166.08666666666667	166.61333333333334	167.20666666666668	167.06666666666666	167.3	167.12	168.07333333333332	167.87333333333333	167.58	167.94	168.17333333333335	168.3	168.22666666666666	168.42666666666668	168.28	168.61333333333334	167.92	167.82	168.06666666666666	167.46666666666667	167.35333333333332	166.87333333333333	166.99333333333334	166.61333333333334	166.15333333333334	165.96666666666667	165.72	165.58	165.40666666666667	164.95333333333335	164.77333333333334	164.04666666666665	164.08	163.35333333333332	162.88	162.18	161.84	161.08666666666667	160.35333333333332	159.75333333333333	158.47333333333333	157.71333333333334	156.21333333333334	154.6	152.04666666666665	149.78666666666666	145.28	138.48666666666668	125.08666666666667	0.0
0.0	125.16	138.70666666666668	145.00666666666666	149.44	152.56	154.5	156.24	157.39333333333335	158.79333333333332	159.74	160.60666666666665	161.17333333333335	161.9	162.57333333333332	163.25333333333333	163.58	163.91333333333333	164.35333333333332	164.87333333333333	164.62666666666667	165.36666666666667	165.62666666666667	165.64	165.45333333333335	166.08666666666667	166.26	166.24	166.26666666666668	166.47333333333333	166.62666666666667	166.64666666666668	166.04	166.29333333333332	166.67333333333335	166.84666666666666	166.62	167.14666666666668	167.08666666666667	167.08666666666667	166.84	166.7	166.49333333333334	166.87333333333333	166.34	166.02666666666667	166.33333333333334	166.29333333333332	165.99333333333334	165.98666666666668	165.76666666666668	165.01333333333332	164.98	164.29333333333332	164.31333333333333	164.08	163.65333333333334	162.93333333333334	162.54	161.75333333333333	161.32666666666665	160.56	159.61333333333334	158.48666666666668	157.32	156.46666666666667	154.54	152.25333333333333	149.07333333333332	145.24	138.77333333333334	125.11333333333333	0.0
0.0	125.11333333333333	138.64	145.27333333333334	149.02	152.21333333333334	154.25333333333333	155.97333333333333	157.48666666666668	158.28	159.28	160.2	161.38	161.83333333333334	162.26	163.51333333333332	163.28	163.98	164.41333333333333	164.75333333333333	165.8	165.98	165.96	166.23333333333332	166.18666666666667	166.83333333333334	166.91333333333333	166.9	167.12666666666667	167.02	167.48	167.38	167.70666666666668	167.36666666666667	167.60666666666665	167.78666666666666	167.60666666666665	167.77333333333334	167.89333333333335	167.78666666666666	167.58666666666667	167.28	167.50666666666666	167.48666666666668	167.14	167.00666666666666	166.86666666666667	166.57333333333332	166.24	166.0	165.64	165.21333333333334	165.00666666666666	164.96666666666667	164.71333333333334	164.26	163.8	162.93333333333334	162.84	162.31333333333333	161.53333333333333	160.85333333333332	159.53333333333333	158.76666666666668	157.68	156.11333333333334	154.62	152.15333333333334	149.38	145.72666666666666	138.58666666666667	125.42666666666666	0.0
0.0	125.35333333333334	138.44666666666666	145.42	149.16	152.07333333333332	154.14	155.84666666666666	157.15333333333334	158.39333333333335	159.26	160.02	160.78	161.64666666666668	161.8	162.54666666666665	163.56	163.88666666666666	164.49333333333334	164.74	165.2	165.05333333333334	165.34	165.16666666666666	165.98	166.41333333333333	166.44	166.7	166.9	167.11333333333334	166.66	166.67333333333335	166.4	167.12	167.02666666666667	167.18	167.46666666666667	167.06	166.91333333333333	167.16666666666666	166.72	166.84666666666666	166.46666666666667	166.6	166.48	166.25333333333333	166.11333333333334	165.97333333333333	165.71333333333334	165.38666666666666	165.04666666666665	164.76666666666668	165.18	164.67333333333335	164.12666666666667	164.21333333333334	163.49333333333334	163.18666666666667	162.56666666666666	162.04666666666665	161.32	160.62	159.43333333333334	158.46666666666667	157.27333333333334	155.86666666666667	154.4	152.36	149.9	145.77333333333334	138.68	125.27333333333333	0.0
0.0	125.38	138.52666666666667	145.29333333333332	149.52	152.04666666666665	154.0	155.83333333333334	157.23333333333332	158.11333333333334	159.44666666666666	160.21333333333334	160.83333333333334	161.76	162.27333333333334	162.84	163.42	163.42666666666668	164.04666666666665	164.18666666666667	164.65333333333334	164.75333333333333	164.92666666666668	165.66666666666666	165.87333333333333	165.75333333333333	166.05333333333334	166.13333333333333	166.01333333333332	166.35333333333332	166.78	166.92666666666668	166.64666666666668	166.89333333333335	166.7	166.86	166.42	166.57333333333332	166.78666666666666	166.74666666666667	166.83333333333334	166.71333333333334	166.62	166.54666666666665	166.28666666666666	166.17333333333335	166.23333333333332	165.90666666666667	165.30666666666667	165.64666666666668	165.2	164.91333333333333	164.41333333333333	164.51333333333332	164.44	163.65333333333334	163.04666666666665	163.04666666666665	162.12666666666667	161.48	160.85333333333332	160.23333333333332	159.19333333333333	157.92	157.34	155.78	153.97333333333333	151.84	148.94666666666666	145.0	138.86666666666667	125.20666666666666	0.0
0.0	125.58666666666667	138.38	145.0	149.21333333333334	151.91333333333333	153.77333333333334	155.44	156.98666666666668	158.35333333333332	159.3	160.07333333333332	160.68666666666667	161.56	162.23333333333332	163.23333333333332	163.62	164.18666666666667	164.65333333333334	165.03333333333333	165.22666666666666	165.33333333333334	165.22666666666666	165.66	165.94	165.50666666666666	166.36	166.61333333333334	166.43333333333334	167.01333333333332	167.0	167.04	167.2	167.18	167.02	167.2	167.35333333333332	167.22666666666666	167.16666666666666	167.44666666666666	167.24	167.13333333333333	166.82666666666665	166.78666666666666	166.63333333333333	166.56666666666666	166.85333333333332	166.46	166.01333333333332	165.88	165.49333333333334	165.56666666666666	165.12	164.74	164.1	164.08	163.73333333333332	162.94	161.89333333333335	161.16666666666666	160.76666666666668	160.01333333333332	159.24	158.05333333333334	157.33333333333334	156.34	154.42666666666668	152.38666666666666	149.24666666666667	145.42	138.79333333333332	125.65333333333334	0.0
0.0	125.10666666666667	138.52	145.13333333333333	149.2	152.46	154.63333333333333	155.80666666666667	157.07333333333332	158.63333333333333	159.7	160.66666666666666	161.56	161.56	162.63333333333333	163.29333333333332	163.56666666666666	163.64	164.0	164.52666666666667	164.86666666666667	165.35333333333332	165.74	166.16	166.18	166.30666666666667	166.68666666666667	166.92	167.24666666666667	167.23333333333332	167.33333333333334	167.19333333333333	167.41333333333333	167.48666666666668	167.47333333333333	167.46666666666667	167.40666666666667	167.58	167.65333333333334	167.74666666666667	167.6	167.06666666666666	166.9	167.26	167.26	166.84	166.73333333333332	166.55333333333334	166.3	165.80666666666667	165.96666666666667	165.33333333333334	165.00666666666666	164.84666666666666	164.07333333333332	164.11333333333334	163.57333333333332	163.36666666666667	163.01333333333332	162.52666666666667	161.3	160.47333333333333	159.35333333333332	158.44666666666666	157.15333333333334	155.34	153.8	151.86666666666667	148.8	145.00666666666666	137.92666666666668	125.34666666666666	0.0
0.0	125.10666666666667	138.52666666666667	145.13333333333333	148.85333333333332	151.57333333333332	154.44	156.3	157.48666666666668	158.9	159.88666666666666	160.63333333333333	161.32	162.12666666666667	162.92666666666668	163.30666666666667	163.55333333333334	163.76	164.49333333333334	164.60666666666665	164.82	165.43333333333334	165.32	165.66666666666666	165.62666666666667	165.82666666666665	165.84	166.2	166.56666666666666	166.82	167.06	166.84666666666666	167.15333333333334	167.07333333333332	167.46	167.48	167.71333333333334	167.43333333333334	167.51333333333332	167.2	166.79333333333332	166.84666666666666	166.61333333333334	166.45333333333335	166.32	165.83333333333334	166.01333333333332	165.76666666666668	165.94666666666666	165.12666666666667	164.73333333333332	164.78666666666666	164.47333333333333	164.4	164.13333333333333	163.89333333333335	163.32	163.18666666666667	162.92666666666668	162.24666666666667	161.35333333333332	160.62	159.76	158.72	157.54666666666665	156.51333333333332	155.08666666666667	152.34	149.49333333333334	145.56666666666666	138.85333333333332	125.3	0.0
0.0	125.42	139.01333333333332	145.26	149.22666666666666	152.20666666666668	154.44666666666666	155.74	157.4	158.52	159.44	160.41333333333333	161.05333333333334	162.00666666666666	162.50666666666666	162.76666666666668	163.02666666666667	163.5	164.11333333333334	164.42	164.84	165.30666666666667	165.47333333333333	165.62666666666667	165.44	165.68666666666667	165.91333333333333	166.47333333333333	166.66	167.32	167.26	167.26666666666668	167.24666666666667	167.40666666666667	167.82	167.50666666666666	167.1	167.4	167.21333333333334	166.97333333333333	167.16666666666666	166.67333333333335	166.60666666666665	166.29333333333332	166.49333333333334	166.13333333333333	165.91333333333333	165.61333333333334	165.77333333333334	165.70666666666668	165.18666666666667	164.51333333333332	164.6	164.45333333333335	164.44	164.09333333333333	163.47333333333333	163.01333333333332	162.35333333333332	161.68666666666667	160.83333333333334	160.26666666666668	159.3	158.16666666666666	156.92666666666668	155.37333333333333	154.11333333333334	151.97333333333333	149.06	144.68	138.29333333333332	125.12	0.0
0.0	124.92	138.66	145.24	149.15333333333334	152.14	154.77333333333334	155.91333333333333	157.30666666666667	158.90666666666667	159.53333333333333	160.36666666666667	161.42666666666668	162.19333333333333	162.65333333333334	163.32	163.30666666666667	164.14666666666668	164.31333333333333	164.53333333333333	165.11333333333334	165.32	165.55333333333334	165.64	166.0	166.15333333333334	166.64666666666668	166.48	166.25333333333333	166.27333333333334	166.58	166.58	166.87333333333333	166.86	167.56	167.33333333333334	167.24	167.34666666666666	167.01333333333332	166.97333333333333	166.78666666666666	167.28	166.93333333333334	166.84	166.56666666666666	166.67333333333335	166.42	166.15333333333334	166.00666666666666	165.74666666666667	165.44666666666666	165.12666666666667	165.19333333333333	164.87333333333333	163.96666666666667	163.72666666666666	163.62666666666667	163.15333333333334	162.58666666666667	161.69333333333333	161.07333333333332	160.44666666666666	159.63333333333333	158.48666666666668	157.21333333333334	155.95333333333335	154.05333333333334	152.42666666666668	149.48666666666668	145.32666666666665	138.27333333333334	124.89333333333333	0.0
0.0	125.39333333333333	138.38666666666666	145.18	149.34	152.38666666666666	154.22666666666666	156.32666666666665	157.57333333333332	158.86	160.06	160.94666666666666	161.72	162.49333333333334	163.22666666666666	163.20666666666668	163.54666666666665	164.16666666666666	164.59333333333333	164.59333333333333	164.95333333333335	165.38	165.84666666666666	166.55333333333334	166.27333333333334	167.04	166.55333333333334	167.02666666666667	167.06	167.0	167.14666666666668	167.28666666666666	167.27333333333334	167.17333333333335	167.29333333333332	167.34666666666666	167.25333333333333	166.9	167.36666666666667	167.48666666666668	167.26	167.73333333333332	167.50666666666666	167.24	167.27333333333334	167.02	166.67333333333335	166.55333333333334	165.99333333333334	165.88	165.7	165.56	165.62	165.44	164.94666666666666	164.3	164.12666666666667	163.44	162.76666666666668	162.04666666666665	161.28666666666666	160.75333333333333	159.68666666666667	158.68	157.25333333333333	155.92	154.24666666666667	152.44	149.78	145.64	139.41333333333333	125.85333333333334	0.0
0.0	125.54	138.30666666666667	144.96666666666667	149.13333333333333	151.50666666666666	153.81333333333333	155.52	156.64	158.08	158.78666666666666	159.76	160.43333333333334	161.26666666666668	161.92666666666668	162.45333333333335	163.07333333333332	163.49333333333334	163.57333333333332	164.19333333333333	164.60666666666665	164.84666666666666	164.98	165.30666666666667	165.42666666666668	165.54666666666665	166.23333333333332	166.1	165.98666666666668	166.16666666666666	166.71333333333334	166.72666666666666	166.99333333333334	167.03333333333333	166.96	167.01333333333332	166.76666666666668	166.79333333333332	166.71333333333334	167.0	166.78666666666666	166.84666666666666	166.76	166.86666666666667	166.85333333333332	166.48666666666668	166.48	166.10666666666665	165.81333333333333	165.98	165.66666666666666	165.08666666666667	164.94	164.38666666666666	164.03333333333333	163.63333333333333	163.01333333333332	162.68	162.46	161.93333333333334	161.96	160.83333333333334	159.98	158.7	157.4	156.1	154.42666666666668	152.39333333333335	149.07333333333332	145.14	138.45333333333335	125.17333333333333	0.0
0.0	125.30666666666667	138.86666666666667	145.38666666666666	149.96	152.71333333333334	154.8	156.79333333333332	157.93333333333334	159.18	160.29333333333332	161.32666666666665	162.05333333333334	162.59333333333333	163.50666666666666	164.18	164.32666666666665	165.02666666666667	165.36	165.56666666666666	165.88	166.01333333333332	166.42	166.36	166.28666666666666	166.4	166.49333333333334	166.94666666666666	166.62	166.7	167.08666666666667	167.32666666666665	167.10666666666665	167.36666666666667	167.57333333333332	167.63333333333333	167.89333333333335	167.43333333333334	167.65333333333334	167.62	167.73333333333332	167.64666666666668	167.20666666666668	167.56666666666666	167.44	166.94	167.26	167.28666666666666	166.54666666666665	166.64	166.37333333333333	165.73333333333332	165.61333333333334	165.6	164.76666666666668	164.33333333333334	164.08	163.45333333333335	162.79333333333332	162.33333333333334	161.42666666666668	160.92	160.03333333333333	158.84666666666666	157.81333333333333	157.03333333333333	154.7	152.86666666666667	149.88666666666666	145.66666666666666	138.72	125.53333333333333	0.0
0.0	125.90666666666667	138.65333333333334	145.39333333333335	149.69333333333333	152.65333333333334	154.80666666666667	156.07333333333332	157.43333333333334	158.70666666666668	159.52666666666667	160.3	161.13333333333333	161.92	162.60666666666665	162.94666666666666	163.23333333333332	164.19333333333333	164.04666666666665	164.68666666666667	164.9	165.5	165.98	165.72666666666666	165.95333333333335	166.13333333333333	166.54	166.58	167.00666666666666	166.92666666666668	167.34	166.81333333333333	167.26666666666668	167.23333333333332	167.57333333333332	167.26666666666668	167.43333333333334	167.24666666666667	167.32	167.06	167.38	167.47333333333333	167.44	167.13333333333333	166.94666666666666	167.00666666666666	167.09333333333333	166.95333333333335	166.55333333333334	166.27333333333334	166.28	166.1	165.68	165.23333333333332	164.96	164.26666666666668	163.77333333333334	163.47333333333333	162.56	162.06	161.36	160.77333333333334	159.75333333333333	158.80666666666667	157.6	156.22666666666666	154.54666666666665	152.52666666666667	149.59333333333333	145.59333333333333	139.35333333333332	125.26666666666667	0.0
0.0	125.34666666666666	139.21333333333334	145.64	149.66666666666666	152.85333333333332	154.81333333333333	156.56666666666666	157.75333333333333	158.99333333333334	160.28666666666666	161.16	161.88666666666666	162.5	162.89333333333335	163.50666666666666	163.34666666666666	164.08666666666667	164.66666666666666	165.08	165.47333333333333	165.38	165.80666666666667	166.09333333333333	166.37333333333333	166.49333333333334	166.90666666666667	166.82	167.08666666666667	167.64	167.6	167.46666666666667	167.34	167.60666666666665	167.79333333333332	167.65333333333334	167.56	167.49333333333334	167.67333333333335	167.61333333333334	167.49333333333334	167.32666666666665	167.56666666666666	167.08	167.21333333333334	167.16666666666666	166.90666666666667	167.03333333333333	167.28666666666666	166.6	166.37333333333333	165.94666666666666	165.64	165.50666666666666	164.96666666666667	164.52666666666667	164.07333333333332	163.47333333333333	162.86	162.43333333333334	161.62666666666667	160.74666666666667	160.15333333333334	158.64	157.65333333333334	156.13333333333333	154.63333333333333	152.11333333333334	149.18666666666667	145.34666666666666	138.68	125.09333333333333	0.0
0.0	125.07333333333334	138.46	145.23333333333332	149.41333333333333	152.0	153.68	155.61333333333334	157.27333333333334	158.26	159.25333333333333	160.36	161.44	161.93333333333334	162.36	163.00666666666666	163.10666666666665	163.74666666666667	164.02666666666667	164.60666666666665	164.94666666666666	165.20666666666668	165.59333333333333	165.83333333333334	165.92666666666668	166.23333333333332	166.94666666666666	167.13333333333333	166.98	167.39333333333335	167.30666666666667	167.24666666666667	167.33333333333334	167.67333333333335	167.65333333333334	167.35333333333332	167.14	167.32	166.97333333333333	167.3	166.96666666666667	166.7	166.66666666666666	166.58	166.70666666666668	166.48	166.31333333333333	166.0	166.14	165.88	165.16	164.95333333333335	164.95333333333335	164.64	164.24666666666667	163.8	163.35333333333332	162.96666666666667	162.51333333333332	162.07333333333332	161.1	160.33333333333334	159.64666666666668	158.64	157.21333333333334	155.95333333333335	154.02666666666667	152.0	149.24666666666667	145.16	139.02	125.36	0.0
0.0	125.28666666666666	138.54	144.84	149.23333333333332	151.52	154.02666666666667	156.11333333333334	157.19333333333333	158.34666666666666	159.75333333333333	160.6	161.37333333333333	161.98666666666668	162.49333333333334	162.38	163.01333333333332	163.8	164.0	164.29333333333332	164.0	164.75333333333333	165.14666666666668	165.33333333333334	164.86	165.52666666666667	165.73333333333332	166.00666666666666	166.02	166.05333333333334	165.81333333333333	165.94	166.25333333333333	166.05333333333334	166.24666666666667	166.31333333333333	166.15333333333334	166.19333333333333	166.07333333333332	165.88	165.99333333333334	166.24666666666667	166.32	165.84666666666666	165.98666666666668	165.98666666666668	165.56666666666666	165.15333333333334	164.88	164.77333333333334	164.61333333333334	164.60666666666665	164.18	163.98666666666668	163.58666666666667	163.47333333333333	163.30666666666667	163.08	162.28	161.94666666666666	160.95333333333335	160.34666666666666	159.18666666666667	158.14666666666668	157.17333333333335	155.65333333333334	154.24	152.36666666666667	148.96666666666667	145.24	138.36	125.56	0.0
0.0	125.38	138.36	145.66	149.58	151.98	154.17333333333335	155.86	157.41333333333333	158.74	159.78	160.55333333333334	161.43333333333334	162.26	162.79333333333332	163.38	163.47333333333333	163.92666666666668	164.02	164.28	164.90666666666667	165.21333333333334	165.8	165.98	166.18	166.39333333333335	166.16	166.75333333333333	166.88666666666666	167.14666666666668	166.93333333333334	167.24	167.16666666666666	167.32	167.46	166.98	166.83333333333334	167.24666666666667	167.07333333333332	166.94	167.3	167.12666666666667	166.77333333333334	166.71333333333334	166.23333333333332	166.13333333333333	165.94	165.44	165.06666666666666	165.01333333333332	164.76	164.6	164.22666666666666	164.02	163.73333333333332	163.29333333333332	163.14666666666668	162.66	162.17333333333335	161.64666666666668	160.78666666666666	160.15333333333334	159.8	158.56666666666666	157.66	156.19333333333333	154.23333333333332	151.7	149.32	145.39333333333335	138.84666666666666	125.52666666666667	0.0
0.0	125.3	138.44	144.7	148.48666666666668	151.68666666666667	154.08666666666667	155.48666666666668	157.01333333333332	158.15333333333334	159.30666666666667	159.97333333333333	160.91333333333333	161.87333333333333	161.77333333333334	162.78	162.77333333333334	163.28	163.81333333333333	163.94	164.62666666666667	164.80666666666667	165.28666666666666	165.08	165.57333333333332	166.16666666666666	166.6	166.6	166.97333333333333	166.88	167.19333333333333	166.94666666666666	167.28666666666666	167.02666666666667	167.03333333333333	167.44666666666666	167.31333333333333	167.28	167.20666666666668	166.92666666666668	167.02	166.86	166.93333333333334	166.96666666666667	166.51333333333332	166.34666666666666	166.00666666666666	165.99333333333334	165.64666666666668	165.68666666666667	165.3	164.76666666666668	164.52666666666667	164.26	163.82	163.58666666666667	162.57333333333332	162.12666666666667	161.88666666666666	160.96666666666667	160.73333333333332	160.14666666666668	158.90666666666667	157.97333333333333	156.52666666666667	155.02	153.72666666666666	151.36	148.35333333333332	144.56666666666666	137.82666666666665	124.86	0.0
0.0	125.30666666666667	138.58666666666667	144.84666666666666	149.24666666666667	151.80666666666667	154.09333333333333	155.91333333333333	156.86666666666667	158.22	159.13333333333333	160.16666666666666	160.78	161.60666666666665	161.91333333333333	162.75333333333333	162.88	163.48666666666668	163.79333333333332	163.83333333333334	164.6	164.71333333333334	165.10666666666665	165.5	165.64666666666668	165.85333333333332	166.15333333333334	166.00666666666666	166.17333333333335	166.59333333333333	166.28	166.37333333333333	166.66666666666666	166.50666666666666	166.83333333333334	166.62	166.44	166.34666666666666	166.42	166.59333333333333	166.82	166.40666666666667	166.6	166.3	166.07333333333332	165.75333333333333	165.54	166.04666666666665	165.8	165.48666666666668	165.14	165.42666666666668	165.03333333333333	164.69333333333333	164.32666666666665	163.98666666666668	163.35333333333332	162.97333333333333	162.43333333333334	161.59333333333333	160.48666666666668	160.02	159.13333333333333	158.42	157.1	155.91333333333333	154.56	151.59333333333333	149.06666666666666	144.88666666666666	138.58	125.18666666666667	0.0
0.0	124.95333333333333	138.72	145.30666666666667	148.74666666666667	151.78666666666666	153.56666666666666	155.68666666666667	157.37333333333333	158.41333333333333	159.38666666666666	160.13333333333333	160.76	162.05333333333334	162.77333333333334	162.97333333333333	162.99333333333334	163.91333333333333	164.67333333333335	164.73333333333332	165.16	165.74	166.24666666666667	166.44666666666666	166.44666666666666	166.89333333333335	167.02	167.43333333333334	167.54	167.42666666666668	167.73333333333332	167.54666666666665	167.80666666666667	167.69333333333333	167.74666666666667	167.75333333333333	167.70666666666668	167.58	167.92666666666668	167.49333333333334	167.46	167.47333333333333	166.98	167.32	167.46666666666667	167.24	166.66666666666666	166.50666666666666	166.46666666666667	166.11333333333334	165.92	165.85333333333332	165.58	165.39333333333335	164.56	164.24	163.64666666666668	163.28666666666666	163.10666666666665	162.68666666666667	161.94	160.84	159.7	159.09333333333333	157.59333333333333	156.28666666666666	154.48	152.8	149.81333333333333	145.54	138.69333333333333	125.14	0.0
0.0	125.32666666666667	138.64	145.30666666666667	149.3	152.2	154.55333333333334	156.1	157.76	158.58666666666667	159.97333333333333	160.52	161.37333333333333	162.37333333333333	163.02	163.33333333333334	163.80666666666667	164.17333333333335	164.49333333333334	164.69333333333333	165.08	165.63333333333333	165.84666666666666	165.88	166.56	166.54666666666665	166.56666666666666	166.56666666666666	166.74	166.62666666666667	166.6	166.88	167.04	166.71333333333334	167.19333333333333	167.24	167.28	167.50666666666666	167.33333333333334	167.44666666666666	167.09333333333333	166.72666666666666	166.64	166.98	166.62666666666667	166.6	166.44666666666666	166.56	166.15333333333334	166.21333333333334	165.68666666666667	165.46666666666667	165.28666666666666	164.88	164.4	163.77333333333334	163.24666666666667	162.85333333333332	162.11333333333334	161.51333333333332	161.06	160.44666666666666	159.61333333333334	158.6	157.42666666666668	155.96666666666667	154.1	152.18666666666667	149.38666666666666	144.66	138.5	125.32666666666667	0.0
0.0	125.18	138.38	145.1	149.19333333333333	151.78	154.52666666666667	156.14666666666668	157.76666666666668	158.67333333333335	159.81333333333333	160.51333333333332	161.16666666666666	161.56	162.20666666666668	162.4	163.24	163.08666666666667	163.72666666666666	164.06666666666666	164.5	164.89333333333335	164.9	165.07333333333332	165.74666666666667	166.04	166.22666666666666	166.54666666666665	166.27333333333334	166.42	167.08666666666667	166.70666666666668	167.00666666666666	167.06666666666666	167.13333333333333	166.78666666666666	166.76666666666668	166.74666666666667	166.63333333333333	166.68666666666667	166.72666666666666	166.63333333333333	166.70666666666668	166.42666666666668	166.48	166.37333333333333	166.44	166.0	165.56	165.36666666666667	165.01333333333332	164.98	164.22666666666666	164.41333333333333	164.43333333333334	163.95333333333335	163.79333333333332	163.27333333333334	162.62	161.82666666666665	161.42	160.61333333333334	159.23333333333332	157.96666666666667	157.02666666666667	155.96666666666667	154.1	152.33333333333334	149.27333333333334	145.23333333333332	138.39333333333335	125.39333333333333	0.0
0.0	125.26666666666667	138.82666666666665	145.32	149.04666666666665	151.95333333333335	154.06	155.58	156.94666666666666	158.09333333333333	159.02	159.82	160.78666666666666	161.06666666666666	161.73333333333332	162.36666666666667	162.55333333333334	162.87333333333333	163.78666666666666	164.26	164.50666666666666	164.85333333333332	165.0	165.73333333333332	165.46	165.84666666666666	165.87333333333333	166.12666666666667	166.20666666666668	166.4	166.64666666666668	166.75333333333333	166.42666666666668	166.91333333333333	167.05333333333334	166.94666666666666	167.22	166.92	167.08666666666667	167.3	167.26	166.97333333333333	167.01333333333332	166.66	166.41333333333333	166.19333333333333	165.94	165.55333333333334	165.58	165.36666666666667	164.70666666666668	165.16666666666666	164.81333333333333	164.30666666666667	163.84666666666666	163.28666666666666	163.24	162.64666666666668	162.38666666666666	161.69333333333333	161.28666666666666	160.06	159.08666666666667	158.28666666666666	157.36	155.83333333333334	154.14	151.73333333333332	149.24666666666667	145.36666666666667	138.69333333333333	125.41333333333333	0.0
0.0	125.18666666666667	138.63333333333333	145.32	149.55333333333334	152.3	154.59333333333333	156.6	157.77333333333334	158.93333333333334	159.76	160.70666666666668	161.62	162.06	162.84666666666666	163.60666666666665	163.88666666666666	164.04666666666665	164.63333333333333	164.96	164.90666666666667	165.46	166.14	166.12	166.23333333333332	166.52666666666667	166.59333333333333	166.95333333333335	166.69333333333333	166.92666666666668	167.16	167.18666666666667	167.58666666666667	167.4	167.53333333333333	167.81333333333333	167.60666666666665	167.66666666666666	167.46666666666667	167.34666666666666	166.96	167.16	166.93333333333334	167.3	167.16666666666666	167.06	166.55333333333334	166.49333333333334	165.9	165.74666666666667	165.79333333333332	165.47333333333333	165.42	165.31333333333333	164.71333333333334	164.44666666666666	163.94	163.39333333333335	163.03333333333333	162.37333333333333	161.42666666666668	160.90666666666667	160.16	158.79333333333332	157.64666666666668	156.38666666666666	154.93333333333334	152.32666666666665	149.41333333333333	145.67333333333335	138.62	125.05333333333333	0.0
0.0	125.27333333333333	138.1	145.12666666666667	148.82666666666665	151.82	153.56666666666666	155.83333333333334	156.96	158.34	158.95333333333335	159.45333333333335	160.52	161.25333333333333	162.25333333333333	162.81333333333333	163.27333333333334	163.87333333333333	164.49333333333334	164.83333333333334	164.95333333333335	165.18666666666667	165.64666666666668	166.16666666666666	166.20666666666668	166.49333333333334	166.48666666666668	166.50666666666666	166.48	166.86	166.82	166.97333333333333	167.10666666666665	167.00666666666666	167.13333333333333	166.85333333333332	166.98	167.02	167.26	167.14	167.29333333333332	166.92666666666668	167.04	166.66	166.26	166.00666666666666	166.04666666666665	165.68666666666667	165.55333333333334	165.50666666666666	164.88	165.1	164.67333333333335	164.5	164.17333333333335	163.8	163.18	162.93333333333334	162.61333333333334	161.98	161.48	160.28666666666666	159.36	158.33333333333334	157.28	155.77333333333334	154.06666666666666	152.14	149.48666666666668	145.25333333333333	138.23333333333332	125.07333333333334	0.0
0.0	125.04	138.28	144.99333333333334	149.12	152.14	154.03333333333333	155.97333333333333	157.21333333333334	158.32	159.28	159.88666666666666	160.85333333333332	161.70666666666668	162.62666666666667	162.99333333333334	163.47333333333333	164.1	164.42666666666668	164.67333333333335	164.96	165.24666666666667	165.72666666666666	166.05333333333334	166.25333333333333	166.42	165.94	166.06666666666666	166.28	166.59333333333333	166.98666666666668	166.78666666666666	167.08666666666667	167.72	167.27333333333334	167.21333333333334	167.04666666666665	167.19333333333333	167.20666666666668	166.91333333333333	166.69333333333333	166.69333333333333	166.43333333333334	166.06	166.22666666666666	166.28	166.26	165.72666666666666	165.45333333333335	165.36	165.04666666666665	164.98666666666668	164.6	164.54666666666665	164.07333333333332	163.66	162.96666666666667	163.03333333333333	162.58	161.62666666666667	161.26	160.3	159.45333333333335	158.29333333333332	157.18	156.14	154.08	152.44	149.34	145.24666666666667	138.41333333333333	125.34666666666666	0.0
0.0	125.26	138.46	144.86	148.78666666666666	152.06	154.34	156.19333333333333	157.26666666666668	158.18666666666667	159.32	160.66666666666666	161.46	161.86	162.26666666666668	162.94	163.16666666666666	164.04666666666665	164.51333333333332	165.02	165.4	165.39333333333335	165.84666666666666	166.18666666666667	166.44666666666666	166.28666666666666	166.57333333333332	166.38666666666666	166.56	166.69333333333333	166.38	166.47333333333333	166.9	166.88666666666666	167.12	167.21333333333334	166.44666666666666	166.72666666666666	166.52	166.23333333333332	166.54666666666665	166.34666666666666	166.59333333333333	165.64666666666668	165.85333333333332	165.57333333333332	165.72	165.54666666666665	165.33333333333334	165.20666666666668	165.52666666666667	164.95333333333335	164.47333333333333	164.32	163.85333333333332	163.55333333333334	163.20666666666668	162.6	161.94666666666666	161.18666666666667	161.01333333333332	160.17333333333335	159.33333333333334	158.67333333333335	157.83333333333334	155.97333333333333	153.95333333333335	152.14666666666668	149.17333333333335	144.98666666666668	138.17333333333335	125.1	0.0
0.0	125.66666666666667	138.9	145.39333333333335	149.41333333333333	152.02666666666667	154.1	155.70666666666668	157.40666666666667	158.52	159.52	160.50666666666666	160.97333333333333	161.54	162.38666666666666	163.04666666666665	163.61333333333334	164.20666666666668	164.44666666666666	164.54666666666665	165.56666666666666	165.9	166.00666666666666	166.12	166.24	166.36666666666667	166.77333333333334	167.04666666666665	166.78	166.96	166.52	166.55333333333334	167.17333333333335	166.80666666666667	167.18	166.88	167.14666666666668	167.43333333333334	166.86	167.28666666666666	167.59333333333333	167.56666666666666	167.42	167.01333333333332	166.75333333333333	166.55333333333334	166.55333333333334	166.21333333333334	166.18	165.74	165.53333333333333	165.2	164.71333333333334	164.66666666666666	164.07333333333332	163.61333333333334	163.24	162.9	162.17333333333335	161.8	160.72	160.21333333333334	159.32666666666665	158.47333333333333	157.41333333333333	156.12	154.41333333333333	152.06	149.40666666666667	145.54666666666665	139.04666666666665	125.89333333333333	0.0
0.0	125.18	138.64	145.03333333333333	148.98	151.57333333333332	154.01333333333332	155.8	157.36	158.44666666666666	159.08666666666667	159.96	160.56666666666666	161.23333333333332	162.5	162.42	163.01333333333332	163.18666666666667	163.62	163.84666666666666	164.35333333333332	164.46666666666667	164.49333333333334	164.88666666666666	164.95333333333335	165.15333333333334	165.05333333333334	165.32	165.60666666666665	165.78	166.16666666666666	166.52	166.08	166.16	166.42666666666668	166.38666666666666	166.66666666666666	166.54	166.34	166.64	166.00666666666666	166.46666666666667	166.0	166.09333333333333	166.08666666666667	165.83333333333334	165.93333333333334	165.56666666666666	165.68666666666667	165.60666666666665	165.32	165.33333333333334	164.78666666666666	164.56666666666666	164.36666666666667	163.9	163.10666666666665	162.59333333333333	162.18666666666667	161.42666666666668	160.83333333333334	159.93333333333334	159.61333333333334	158.64	157.48666666666668	156.18	154.59333333333333	152.51333333333332	149.36666666666667	145.44	139.03333333333333	124.84666666666666	0.0
0.0	125.4	139.25333333333333	145.16	149.32666666666665	152.24666666666667	154.26666666666668	155.98666666666668	157.17333333333335	158.17333333333335	159.23333333333332	159.99333333333334	161.05333333333334	161.93333333333334	162.7	163.12	163.81333333333333	164.18666666666667	164.62666666666667	164.85333333333332	164.93333333333334	165.31333333333333	165.83333333333334	165.62	165.79333333333332	166.13333333333333	166.4	166.51333333333332	166.91333333333333	166.83333333333334	166.86	167.14666666666668	167.36	167.34666666666666	167.45333333333335	167.54	167.52666666666667	167.26	167.5	167.16666666666666	167.46	167.02	166.95333333333335	167.0	166.75333333333333	166.48	166.34	165.46	165.72666666666666	165.59333333333333	165.31333333333333	164.86	164.57333333333332	164.2	163.9	163.48666666666668	162.98666666666668	162.48	161.96	161.33333333333334	160.89333333333335	160.28666666666666	159.64	158.5	157.34	156.08	154.29333333333332	152.16	149.56	145.12	138.52666666666667	125.34666666666666	0.0
0.0	124.99333333333334	138.66	145.83333333333334	149.46	152.12	154.65333333333334	156.14666666666668	157.36666666666667	158.80666666666667	159.94666666666666	160.88	161.7	162.18666666666667	162.70666666666668	163.48	163.80666666666667	164.14	164.48	164.78	165.14666666666668	165.62666666666667	165.45333333333335	165.83333333333334	166.11333333333334	166.2	166.10666666666665	166.54666666666665	166.66666666666666	166.64666666666668	167.22	167.11333333333334	167.23333333333332	167.35333333333332	167.50666666666666	167.44666666666666	167.35333333333332	167.46	167.10666666666665	167.0	167.61333333333334	166.92	167.39333333333335	167.46666666666667	167.51333333333332	167.31333333333333	167.37333333333333	166.74	166.59333333333333	166.24	166.16666666666666	165.88	165.2	164.93333333333334	164.75333333333333	164.0	164.01333333333332	163.28666666666666	162.76666666666668	162.22	161.91333333333333	160.39333333333335	159.08666666666667	158.42	156.96666666666667	155.92	154.57333333333332	152.63333333333333	149.74666666666667	145.16666666666666	138.40666666666667	125.53333333333333	0.0
0.0	125.3	138.42666666666668	144.98	149.43333333333334	152.14666666666668	154.16	156.09333333333333	157.46666666666667	158.43333333333334	159.55333333333334	160.24666666666667	161.24	162.16	162.67333333333335	163.27333333333334	163.68	164.07333333333332	164.44666666666666	164.86	164.84	165.31333333333333	165.4	166.04666666666665	166.08	166.24	166.82666666666665	166.6	166.64666666666668	166.68666666666667	166.69333333333333	166.48666666666668	166.62	166.54	166.63333333333333	166.69333333333333	166.92	167.29333333333332	167.1	166.86	167.02666666666667	166.77333333333334	166.44666666666666	166.99333333333334	166.93333333333334	166.84	166.58	166.33333333333334	166.56666666666666	165.86	165.98666666666668	165.74666666666667	165.12666666666667	164.90666666666667	164.48666666666668	164.01333333333332	163.86666666666667	162.90666666666667	162.29333333333332	162.09333333333333	161.26	159.98	159.42666666666668	158.49333333333334	156.89333333333335	155.78666666666666	153.97333333333333	151.77333333333334	149.07333333333332	144.53333333333333	138.64	125.22666666666667	0.0
0.0	124.95333333333333	138.72	145.14666666666668	149.25333333333333	151.94666666666666	154.23333333333332	156.12	157.46	158.65333333333334	159.4	160.45333333333335	160.78	161.59333333333333	162.1	162.72	163.41333333333333	163.71333333333334	164.1	164.69333333333333	164.87333333333333	165.26666666666668	165.37333333333333	166.0	165.79333333333332	166.20666666666668	166.11333333333334	166.54666666666665	166.88	167.04666666666665	167.66666666666666	167.46	167.53333333333333	167.76666666666668	167.56	167.55333333333334	167.55333333333334	167.41333333333333	167.72	167.38	167.37333333333333	167.12666666666667	167.20666666666668	166.58666666666667	167.14	166.52666666666667	166.75333333333333	166.70666666666668	166.0	165.63333333333333	165.32666666666665	165.39333333333335	165.18	164.59333333333333	163.98666666666668	163.46	163.44666666666666	162.94666666666666	162.43333333333334	161.84	161.26666666666668	160.32	159.38	158.31333333333333	157.34	155.71333333333334	154.12666666666667	152.18	149.08666666666667	145.48666666666668	138.78666666666666	125.32666666666667	0.0
0.0	125.43333333333334	138.76666666666668	145.34666666666666	149.38666666666666	152.27333333333334	154.40666666666667	156.18	157.20666666666668	158.16	159.12666666666667	160.11333333333334	160.69333333333333	161.84666666666666	162.14666666666668	162.66	163.16666666666666	164.04666666666665	164.46	164.74666666666667	165.16666666666666	165.23333333333332	165.88	165.86666666666667	166.16	166.15333333333334	166.39333333333335	166.61333333333334	166.32	166.97333333333333	167.31333333333333	167.4	167.39333333333335	167.22	167.51333333333332	167.4	167.70666666666668	167.65333333333334	167.59333333333333	167.7	167.65333333333334	167.9	167.52666666666667	167.00666666666666	166.94666666666666	167.13333333333333	166.94	166.47333333333333	166.23333333333332	166.03333333333333	165.54	165.28	165.37333333333333	165.0	164.78	164.64	163.93333333333334	163.35333333333332	162.70666666666668	162.51333333333332	161.48	160.76666666666668	159.68	158.75333333333333	157.62666666666667	156.06666666666666	154.38666666666666	152.03333333333333	149.36	145.60666666666665	138.6	124.8	0.0
0.0	125.22666666666667	138.58666666666667	145.45333333333335	149.52	152.16	154.14666666666668	155.96	157.50666666666666	158.93333333333334	159.86	160.75333333333333	161.39333333333335	162.04666666666665	162.30666666666667	163.01333333333332	163.63333333333333	164.33333333333334	164.76666666666668	165.01333333333332	165.41333333333333	165.66	165.91333333333333	165.95333333333335	166.24666666666667	166.34666666666666	166.54666666666665	166.54666666666665	166.94	166.83333333333334	166.62	167.02	167.34	167.0	167.25333333333333	167.03333333333333	166.88666666666666	166.96666666666667	166.96666666666667	166.80666666666667	167.1	166.94	167.0	166.65333333333334	166.6	166.73333333333332	166.47333333333333	166.15333333333334	166.53333333333333	166.16	165.35333333333332	165.12	165.02666666666667	164.56	164.34666666666666	163.76	163.3	163.10666666666665	162.42666666666668	161.57333333333332	161.20666666666668	160.65333333333334	159.67333333333335	158.14	157.46	155.94	154.31333333333333	152.17333333333335	149.36666666666667	144.93333333333334	138.76	125.42	0.0
0.0	125.60666666666667	138.42666666666668	145.55333333333334	149.22666666666666	152.4	154.35333333333332	156.04666666666665	157.42	158.49333333333334	159.52	160.56666666666666	161.14	161.36666666666667	162.37333333333333	162.80666666666667	163.39333333333335	163.7	164.28666666666666	164.70666666666668	164.92666666666668	165.29333333333332	165.51333333333332	166.10666666666665	166.45333333333335	166.39333333333335	166.68666666666667	166.73333333333332	166.42	166.98	167.14666666666668	166.89333333333335	167.36	167.23333333333332	167.44666666666666	167.54666666666665	167.28666666666666	167.27333333333334	167.41333333333333	166.83333333333334	166.91333333333333	166.98	166.8	166.51333333333332	166.20666666666668	166.14	165.9	165.70666666666668	165.56666666666666	165.42	165.16	164.97333333333333	164.50666666666666	164.64666666666668	164.32	163.96	163.12666666666667	163.25333333333333	162.47333333333333	162.22666666666666	161.14	160.48666666666668	159.41333333333333	158.50666666666666	157.22666666666666	155.86	154.61333333333334	152.14	149.65333333333334	145.23333333333332	138.71333333333334	125.40666666666667	0.0
0.0	125.26	138.64	144.91333333333333	148.97333333333333	151.85333333333332	153.86666666666667	155.64	156.8	157.97333333333333	158.95333333333335	159.61333333333334	160.24666666666667	161.28	161.89333333333335	162.09333333333333	162.56	162.77333333333334	163.25333333333333	163.62	164.25333333333333	164.21333333333334	164.52666666666667	164.68	164.93333333333334	165.47333333333333	165.44	165.85333333333332	166.21333333333334	166.21333333333334	166.44666666666666	166.08	166.21333333333334	166.34	166.21333333333334	166.22	166.28	166.03333333333333	166.48666666666668	166.40666666666667	166.04	166.33333333333334	166.08666666666667	166.02	166.20666666666668	165.97333333333333	165.91333333333333	165.32666666666665	165.00666666666666	164.48	164.74666666666667	164.78	164.21333333333334	163.56	163.4	163.18	162.90666666666667	162.12666666666667	161.91333333333333	161.06666666666666	160.72666666666666	159.8	159.58	158.38	156.86	156.01333333333332	154.34	152.18666666666667	149.24	145.57333333333332	138.55333333333334	125.18	0.0
0.0	125.22666666666667	138.60666666666665	145.27333333333334	149.25333333333333	152.18666666666667	154.47333333333333	156.08666666666667	157.19333333333333	158.24	158.95333333333335	160.36666666666667	161.32	161.82666666666665	162.61333333333334	163.14	163.96	164.55333333333334	164.68	165.06	165.22666666666666	165.63333333333333	165.94666666666666	166.6	166.45333333333335	166.77333333333334	166.77333333333334	167.01333333333332	167.26666666666668	166.85333333333332	167.07333333333332	167.10666666666665	166.92666666666668	167.37333333333333	167.61333333333334	167.80666666666667	167.56666666666666	167.56	167.84	167.58666666666667	167.25333333333333	167.46666666666667	167.36666666666667	167.50666666666666	167.69333333333333	167.09333333333333	166.88	166.64666666666668	166.48	166.48666666666668	165.90666666666667	165.3	165.09333333333333	164.88666666666666	164.67333333333335	164.19333333333333	163.73333333333332	163.31333333333333	162.44	162.0	161.35333333333332	160.52666666666667	159.2	158.22666666666666	157.06	155.98666666666668	154.54	152.22666666666666	149.69333333333333	145.54	139.2	125.68666666666667	0.0
0.0	125.48666666666666	138.54	145.46666666666667	149.34	152.47333333333333	153.89333333333335	155.66	157.00666666666666	158.11333333333334	158.94	159.69333333333333	160.4	161.34	161.69333333333333	162.57333333333332	162.80666666666667	163.66666666666666	163.89333333333335	164.20666666666668	164.41333333333333	164.8	164.95333333333335	165.12	164.97333333333333	165.42666666666668	165.62666666666667	165.9	166.12	166.42	166.18666666666667	166.34666666666666	166.46	166.81333333333333	166.75333333333333	166.69333333333333	166.87333333333333	166.94	166.7	166.63333333333333	166.55333333333334	166.86666666666667	166.61333333333334	166.48	166.14666666666668	166.22666666666666	166.00666666666666	165.94	165.28	165.06	165.07333333333332	164.72	164.66666666666666	164.56	164.05333333333334	163.83333333333334	163.29333333333332	162.62666666666667	162.32	161.61333333333334	161.38666666666666	160.37333333333333	158.98	158.34	156.91333333333333	155.36666666666667	153.88	151.37333333333333	148.51333333333332	144.95333333333335	138.53333333333333	125.40666666666667	0.0
0.0	125.09333333333333	138.59333333333333	145.22666666666666	148.98	151.80666666666667	154.02	155.68	157.06	158.06666666666666	159.26666666666668	159.94666666666666	160.8	161.87333333333333	161.99333333333334	162.52	162.86666666666667	163.08	163.84	164.76	164.94	165.14	165.26	165.57333333333332	165.77333333333334	165.90666666666667	166.56666666666666	166.54666666666665	166.63333333333333	166.76666666666668	166.84	167.19333333333333	167.38	167.30666666666667	167.33333333333334	167.25333333333333	167.06	167.18	167.12666666666667	166.82666666666665	166.94	166.66666666666666	167.03333333333333	166.92	166.48666666666668	166.59333333333333	166.06666666666666	166.63333333333333	165.94	165.60666666666665	165.31333333333333	165.15333333333334	165.01333333333332	164.62	164.23333333333332	163.38666666666666	162.94	162.36	162.13333333333333	161.63333333333333	160.81333333333333	160.14	159.3	158.63333333333333	157.32666666666665	155.70666666666668	153.84	152.08666666666667	149.58	145.26666666666668	138.55333333333334	125.5	0.0
0.0	125.01333333333334	138.86	145.05333333333334	149.48	152.34666666666666	154.34	155.86666666666667	157.23333333333332	158.04666666666665	159.67333333333335	160.5	160.95333333333335	162.03333333333333	162.54	163.40666666666667	163.9	163.99333333333334	164.31333333333333	164.83333333333334	165.0	165.22	165.89333333333335	165.69333333333333	166.09333333333333	166.31333333333333	166.99333333333334	167.11333333333334	167.02666666666667	167.79333333333332	167.46666666666667	167.68	167.69333333333333	167.88666666666666	167.43333333333334	166.92	167.49333333333334	167.16666666666666	167.44666666666666	167.5	167.28	167.27333333333334	167.28	167.08	166.98666666666668	166.62666666666667	166.42666666666668	166.04666666666665	165.67333333333335	165.88666666666666	165.88	165.70666666666668	165.12666666666667	165.05333333333334	164.48	164.06666666666666	163.63333333333333	163.04	162.46666666666667	162.00666666666666	161.36	160.42	159.28	158.06666666666666	157.05333333333334	155.90666666666667	154.26	151.52666666666667	148.90666666666667	144.84666666666666	138.62666666666667	125.17333333333333	0.0
0.0	125.31333333333333	139.08666666666667	145.72666666666666	149.31333333333333	152.39333333333335	154.05333333333334	156.05333333333334	157.66666666666666	158.76	159.27333333333334	160.16666666666666	160.81333333333333	162.12	162.59333333333333	163.34666666666666	163.6	164.08666666666667	164.30666666666667	164.92	165.21333333333334	165.32666666666665	165.63333333333333	166.04666666666665	166.07333333333332	165.94	166.20666666666668	166.44	166.61333333333334	166.7	166.87333333333333	167.12666666666667	167.41333333333333	167.59333333333333	167.36666666666667	167.75333333333333	167.2	167.16	167.36	167.38666666666666	167.34	167.35333333333332	167.11333333333334	167.18666666666667	166.96	167.08	166.6	166.34666666666666	166.10666666666665	165.90666666666667	165.40666666666667	164.99333333333334	164.61333333333334	164.28	163.86	163.43333333333334	163.58666666666667	162.66	162.11333333333334	161.66666666666666	161.24	160.40666666666667	159.63333333333333	158.64666666666668	157.36666666666667	156.24666666666667	154.61333333333334	152.39333333333335	149.19333333333333	145.38	138.84666666666666	125.10666666666667	0.0
0.0	125.2	138.96666666666667	144.92	148.93333333333334	151.97333333333333	154.73333333333332	155.98	158.09333333333333	158.97333333333333	159.99333333333334	160.97333333333333	161.66666666666666	162.48666666666668	163.16	163.23333333333332	164.21333333333334	164.38666666666666	164.96666666666667	165.05333333333334	165.17333333333335	165.4	165.35333333333332	165.88666666666666	166.4	166.68666666666667	166.7	166.54	166.60666666666665	166.88666666666666	166.70666666666668	166.86666666666667	166.42666666666668	166.59333333333333	166.98	166.56666666666666	167.24666666666667	166.8	167.22	167.1	166.98	166.60666666666665	166.82	166.80666666666667	166.69333333333333	166.20666666666668	166.39333333333335	166.15333333333334	165.85333333333332	165.44666666666666	165.38666666666666	165.22666666666666	164.67333333333335	164.46	164.21333333333334	163.55333333333334	163.81333333333333	162.83333333333334	162.28	162.02	161.07333333333332	160.48	159.82	158.69333333333333	157.60666666666665	156.07333333333332	154.38	152.42666666666668	149.65333333333334	145.26666666666668	138.53333333333333	125.24666666666667	0.0
0.0	125.38666666666667	139.24666666666667	145.61333333333334	149.80666666666667	152.64	154.68666666666667	156.00666666666666	157.48	158.79333333333332	159.35333333333332	160.20666666666668	161.17333333333335	161.93333333333334	162.48	163.46	163.88	164.3	164.74	164.98666666666668	165.43333333333334	165.65333333333334	166.06666666666666	166.53333333333333	166.34666666666666	166.83333333333334	167.12666666666667	167.07333333333332	167.19333333333333	167.14666666666668	167.29333333333332	167.56666666666666	167.56666666666666	167.70666666666668	167.64	167.87333333333333	168.14	167.84666666666666	168.18	167.95333333333335	167.84666666666666	167.74	167.55333333333334	167.33333333333334	167.9	167.50666666666666	167.23333333333332	166.42666666666668	165.94	165.77333333333334	165.32	165.06666666666666	164.76666666666668	164.03333333333333	164.24666666666667	163.46666666666667	163.28	163.06	162.81333333333333	161.87333333333333	161.0	160.62	159.6	158.38666666666666	157.26	155.93333333333334	154.2	152.04	149.77333333333334	145.32	138.66666666666666	125.51333333333334	0.0
0.0	125.17333333333333	138.72	145.13333333333333	149.43333333333334	152.42666666666668	154.32666666666665	155.82666666666665	157.56666666666666	158.66	159.90666666666667	160.35333333333332	161.42666666666668	161.82666666666665	162.72	163.58	163.92666666666668	163.96666666666667	164.24666666666667	164.85333333333332	165.59333333333333	165.79333333333332	166.08666666666667	165.66	166.14666666666668	166.38666666666666	166.23333333333332	166.78	166.55333333333334	166.9	166.99333333333334	167.11333333333334	167.26	166.98	167.43333333333334	167.54666666666665	167.5	167.18	167.15333333333334	166.88	166.86666666666667	167.15333333333334	167.39333333333335	166.88	167.16	166.6	166.2	166.15333333333334	165.92666666666668	165.66666666666666	165.42666666666668	165.16666666666666	164.96	164.72666666666666	164.53333333333333	164.02666666666667	163.82666666666665	163.24	162.46	162.13333333333333	161.35333333333332	160.84666666666666	159.74666666666667	159.22	157.69333333333333	156.34	154.7	152.5	149.5	145.38666666666666	138.72666666666666	125.33333333333333	0.0
0.0	124.40666666666667	138.16666666666666	145.18	149.14666666666668	152.3	154.17333333333335	155.94666666666666	157.46	158.46666666666667	159.1	160.23333333333332	161.02666666666667	161.88666666666666	162.46	163.19333333333333	163.96	164.35333333333332	164.47333333333333	164.12	164.7	165.30666666666667	165.68	165.90666666666667	165.90666666666667	166.39333333333335	166.9	166.62	166.98666666666668	166.84	167.04666666666665	166.92	166.60666666666665	166.86666666666667	167.32666666666665	167.14	167.01333333333332	167.18666666666667	167.14	167.35333333333332	167.3	167.04666666666665	167.21333333333334	166.87333333333333	166.68	166.53333333333333	166.36	166.49333333333334	166.06666666666666	165.72	165.68	165.58666666666667	165.50666666666666	165.00666666666666	164.27333333333334	164.15333333333334	163.35333333333332	163.17333333333335	162.46	161.72666666666666	161.16	160.5	159.82666666666665	159.00666666666666	157.61333333333334	156.01333333333332	154.32	152.23333333333332	149.68	145.73333333333332	138.95333333333335	125.60666666666667	0.0
0.0	125.06666666666666	138.46666666666667	145.25333333333333	148.96	151.82666666666665	154.04	155.60666666666665	157.13333333333333	158.36	159.04	160.11333333333334	161.18666666666667	161.67333333333335	162.46666666666667	162.89333333333335	163.57333333333332	164.04666666666665	164.75333333333333	164.89333333333335	164.82	165.28666666666666	165.68	166.04666666666665	166.13333333333333	166.14	166.2	166.28	166.58666666666667	166.58666666666667	166.49333333333334	166.7	167.16	167.15333333333334	166.9	166.58666666666667	167.21333333333334	167.10666666666665	166.85333333333332	166.81333333333333	166.66	166.96666666666667	166.78	166.90666666666667	166.57333333333332	166.57333333333332	166.26	165.99333333333334	165.76	165.52666666666667	165.37333333333333	164.78	164.31333333333333	163.94666666666666	163.45333333333335	163.18666666666667	162.63333333333333	162.54	162.22666666666666	161.49333333333334	160.8	159.92	159.26	158.33333333333334	157.32	156.1	154.00666666666666	151.56666666666666	149.02666666666667	144.9	138.36666666666667	125.32	0.0
0.0	125.21333333333334	138.5	145.2	149.36	152.27333333333334	154.72	156.21333333333334	157.50666666666666	158.84666666666666	159.82666666666665	161.21333333333334	161.86	162.4	163.18666666666667	163.84	164.14666666666668	164.68666666666667	165.39333333333335	165.64	166.13333333333333	166.16	166.31333333333333	166.74	166.99333333333334	167.16666666666666	167.75333333333333	167.88	167.7	167.82	167.78	167.86	167.99333333333334	167.76	167.68	167.68666666666667	167.83333333333334	167.92666666666668	167.82	167.7	167.44	167.26666666666668	167.06666666666666	167.32666666666665	167.29333333333332	167.40666666666667	167.30666666666667	166.89333333333335	166.89333333333335	166.41333333333333	166.93333333333334	166.76666666666668	166.0	165.68666666666667	165.2	164.78	163.91333333333333	163.64	163.00666666666666	162.44666666666666	161.71333333333334	161.13333333333333	160.20666666666668	158.78	157.63333333333333	156.35333333333332	154.71333333333334	151.97333333333333	149.34666666666666	145.18	138.22	126.0	0.0
0.0	125.73333333333333	138.36666666666667	144.84666666666666	148.94	151.78	153.90666666666667	155.76666666666668	156.58	157.72666666666666	158.88	159.72	160.61333333333334	161.23333333333332	161.97333333333333	162.14666666666668	162.83333333333334	163.13333333333333	163.5	163.89333333333335	164.09333333333333	164.53333333333333	164.96	164.86666666666667	165.32666666666665	165.78	165.96	166.32	166.51333333333332	166.62	166.44666666666666	166.98	166.52	166.56666666666666	166.66	166.62666666666667	166.66	166.80666666666667	166.54666666666665	166.78	166.57333333333332	166.52666666666667	166.66666666666666	166.64666666666668	166.54666666666665	166.4	165.87333333333333	165.35333333333332	165.06666666666666	164.86666666666667	164.72	164.29333333333332	164.08666666666667	164.03333333333333	163.38666666666666	163.29333333333332	162.76	162.44	161.90666666666667	161.20666666666668	160.71333333333334	160.0	158.86	158.29333333333332	156.94666666666666	155.63333333333333	153.94	151.76666666666668	148.93333333333334	144.94	138.24	125.16666666666667	0.0
0.0	125.51333333333334	139.12666666666667	145.33333333333334	149.5	152.40666666666667	154.84	156.28666666666666	157.68	159.15333333333334	159.80666666666667	160.58	161.71333333333334	162.24	162.66	163.26	163.57333333333332	164.49333333333334	164.75333333333333	165.28	165.54	165.93333333333334	166.4	166.31333333333333	166.6	166.82666666666665	166.96666666666667	167.07333333333332	167.00666666666666	166.92666666666668	167.05333333333334	167.2	167.22	167.52	167.50666666666666	167.26666666666668	167.25333333333333	166.98	167.14666666666668	167.02	166.98666666666668	166.6	166.71333333333334	166.62	166.84	166.72666666666666	166.42666666666668	166.3	166.21333333333334	165.97333333333333	165.52	165.30666666666667	164.72	164.92666666666668	164.48666666666668	163.81333333333333	163.38	162.94	162.31333333333333	161.89333333333335	161.16666666666666	160.64	159.83333333333334	158.95333333333335	157.48	155.94666666666666	154.38	151.98666666666668	149.22666666666666	145.08666666666667	138.93333333333334	125.91333333333333	0.0
0.0	125.22666666666667	138.49333333333334	145.26666666666668	149.20666666666668	152.26666666666668	154.03333333333333	156.08	157.11333333333334	158.31333333333333	159.47333333333333	159.94666666666666	160.84	161.62	161.96	162.59333333333333	163.62666666666667	163.56666666666666	163.89333333333335	164.52	164.93333333333334	165.0	165.27333333333334	165.73333333333332	166.24	166.57333333333332	166.87333333333333	167.05333333333334	167.08666666666667	167.16666666666666	167.44666666666666	167.29333333333332	167.56666666666666	167.44666666666666	167.4	167.36666666666667	167.22666666666666	167.04	167.01333333333332	167.16	167.00666666666666	167.10666666666665	167.36	167.1	166.79333333333332	166.44	166.16666666666666	166.24	166.13333333333333	165.94666666666666	165.62666666666667	165.50666666666666	165.38666666666666	164.89333333333335	164.17333333333335	164.06	163.47333333333333	163.14666666666668	163.31333333333333	162.41333333333333	161.72666666666666	160.19333333333333	159.26	158.58	157.22666666666666	156.05333333333334	153.9	151.86666666666667	149.25333333333333	144.90666666666667	138.32666666666665	125.03333333333333	0.0
0.0	125.58666666666667	138.69333333333333	145.40666666666667	149.04666666666665	151.9	154.09333333333333	155.83333333333334	157.28666666666666	158.08666666666667	159.21333333333334	160.0	160.86666666666667	161.54	162.33333333333334	163.02	163.48666666666668	163.55333333333334	164.04666666666665	164.38	164.80666666666667	165.0	165.46666666666667	165.75333333333333	166.09333333333333	166.09333333333333	166.37333333333333	166.48666666666668	166.4	166.38666666666666	166.8	167.12	167.01333333333332	167.36666666666667	167.57333333333332	167.90666666666667	167.35333333333332	167.30666666666667	167.30666666666667	167.43333333333334	167.12	167.00666666666666	166.76666666666668	166.78	166.60666666666665	166.16	166.49333333333334	166.40666666666667	166.44	166.0	165.87333333333333	165.39333333333335	165.34666666666666	165.3	164.54666666666665	164.02666666666667	163.73333333333332	163.26666666666668	162.44666666666666	161.89333333333335	161.41333333333333	160.29333333333332	159.40666666666667	158.41333333333333	157.33333333333334	156.15333333333334	154.71333333333334	152.34	149.58666666666667	145.38666666666666	138.32666666666665	125.03333333333333	0.0
0.0	125.26	138.56	144.90666666666667	149.30666666666667	151.81333333333333	153.98666666666668	156.00666666666666	157.59333333333333	158.83333333333334	159.85333333333332	160.56666666666666	161.42666666666668	162.26	162.58666666666667	162.86	163.6	163.56666666666666	164.32666666666665	164.83333333333334	165.3	165.54	165.69333333333333	166.32666666666665	166.20666666666668	166.46	166.19333333333333	166.48	166.56666666666666	166.93333333333334	166.95333333333335	166.95333333333335	166.84666666666666	167.10666666666665	167.44	167.44	167.19333333333333	167.22	167.48	167.6	167.56666666666666	167.42666666666668	167.54	167.73333333333332	167.28666666666666	167.17333333333335	167.36	167.18	167.21333333333334	166.54	166.47333333333333	166.38	165.98	165.49333333333334	165.10666666666665	164.78666666666666	164.29333333333332	163.58	162.74	161.97333333333333	161.51333333333332	160.76666666666668	159.73333333333332	158.98	157.44666666666666	155.92	154.55333333333334	152.15333333333334	149.12	145.34666666666666	139.09333333333333	125.24666666666667	0.0
0.0	125.66	138.32	145.41333333333333	149.36666666666667	152.04666666666665	154.36	156.18666666666667	157.18666666666667	158.35333333333332	159.6	160.68	161.26	162.38666666666666	162.28666666666666	162.67333333333335	163.07333333333332	164.06	164.43333333333334	164.98666666666668	165.28666666666666	165.68666666666667	165.88666666666666	165.83333333333334	166.23333333333332	166.19333333333333	166.46666666666667	166.7	166.90666666666667	167.08	167.06666666666666	167.14	167.24	167.62666666666667	167.72	167.56666666666666	167.79333333333332	167.67333333333335	168.05333333333334	167.53333333333333	167.66	167.57333333333332	166.87333333333333	166.82666666666665	166.96666666666667	166.57333333333332	166.63333333333333	166.68	166.10666666666665	166.05333333333334	166.0	165.91333333333333	165.3	165.06	164.48666666666668	163.74666666666667	163.64666666666668	163.26	163.06	162.01333333333332	161.26666666666668	160.50666666666666	159.74	158.53333333333333	157.3	155.72	154.14	151.95333333333335	149.26	145.32	138.60666666666665	124.90666666666667	0.0
0.0	125.15333333333334	138.57333333333332	145.28666666666666	149.96	152.4	154.4	156.48	157.68666666666667	159.2	160.14666666666668	160.84666666666666	161.54	162.32666666666665	162.70666666666668	163.34	163.9	164.4	164.44	164.82666666666665	165.07333333333332	165.34666666666666	165.63333333333333	166.22666666666666	166.63333333333333	166.51333333333332	166.79333333333332	166.96	166.98	166.56	166.76	166.82666666666665	167.22	167.06	167.12	167.46	167.45333333333335	167.11333333333334	167.23333333333332	166.99333333333334	166.69333333333333	166.69333333333333	166.83333333333334	166.48	166.58666666666667	166.72666666666666	166.58	166.26	165.88666666666666	165.92	165.39333333333335	165.24	164.54	164.47333333333333	164.36666666666667	164.18	163.44666666666666	162.74666666666667	162.30666666666667	161.80666666666667	160.98666666666668	160.38666666666666	159.28	158.43333333333334	157.43333333333334	155.74666666666667	154.6	151.62	149.04666666666665	145.10666666666665	138.40666666666667	125.02666666666667	0.0
0.0	124.94666666666667	139.0	145.55333333333334	149.34	152.26666666666668	154.82	156.76	157.96	159.06666666666666	159.86666666666667	161.26666666666668	161.46	162.18666666666667	163.16666666666666	163.74666666666667	163.59333333333333	164.26	164.56	165.4	165.47333333333333	165.52	166.23333333333332	166.25333333333333	166.35333333333332	166.97333333333333	166.63333333333333	167.02666666666667	167.34	167.32	167.38666666666666	167.19333333333333	167.41333333333333	167.32666666666665	167.10666666666665	167.34666666666666	167.32666666666665	167.34	167.46666666666667	167.22666666666666	166.9	167.11333333333334	166.93333333333334	166.96	166.9	166.77333333333334	166.48666666666668	166.50666666666666	166.00666666666666	166.01333333333332	166.02666666666667	165.48	165.28	164.96666666666667	164.79333333333332	164.22	163.87333333333333	163.21333333333334	162.75333333333333	162.26666666666668	161.53333333333333	160.51333333333332	159.82	158.76	157.42666666666668	156.06666666666666	153.91333333333333	152.04	149.36666666666667	145.43333333333334	139.05333333333334	125.16	0.0
0.0	125.15333333333334	138.85333333333332	145.15333333333334	148.92666666666668	152.06	154.58666666666667	155.98666666666668	157.04666666666665	158.28666666666666	159.11333333333334	160.24666666666667	161.04666666666665	161.68	162.39333333333335	162.84666666666666	163.08666666666667	163.72	164.16666666666666	164.81333333333333	165.22	165.13333333333333	165.46	165.80666666666667	165.5	165.6	166.05333333333334	166.24	166.44	166.76	166.72666666666666	167.09333333333333	167.28666666666666	167.19333333333333	167.56666666666666	167.54666666666665	167.17333333333335	167.44	167.38666666666666	167.08666666666667	167.36666666666667	167.34666666666666	167.19333333333333	166.92666666666668	166.62666666666667	166.45333333333335	166.31333333333333	166.24	166.04	165.82666666666665	165.20666666666668	165.35333333333332	165.10666666666665	164.82666666666665	164.64	164.16666666666666	163.61333333333334	163.22666666666666	162.53333333333333	162.49333333333334	161.71333333333334	160.4	159.92	158.8	157.16	156.16	154.54	152.52666666666667	149.61333333333334	145.44	138.11333333333334	124.80666666666667	0.0
0.0	125.7	138.88666666666666	145.74666666666667	149.74	152.82666666666665	154.85333333333332	156.56	157.91333333333333	158.77333333333334	159.58666666666667	160.52	161.22	161.68	162.88666666666666	163.18	163.42666666666668	164.02	164.40666666666667	164.96	165.13333333333333	165.32	165.72666666666666	166.03333333333333	166.26	166.47333333333333	166.65333333333334	166.66	166.76	166.7	166.95333333333335	166.64666666666668	167.02	167.42666666666668	167.06	167.13333333333333	167.30666666666667	167.02666666666667	167.24	167.22666666666666	166.52	166.67333333333335	166.86	166.52	165.99333333333334	166.00666666666666	165.81333333333333	165.83333333333334	165.46666666666667	165.36666666666667	165.38666666666666	164.82666666666665	164.71333333333334	164.48	164.02	163.51333333333332	163.28666666666666	162.64	162.0	162.0	161.32	160.44	159.62666666666667	158.64666666666668	157.67333333333335	156.23333333333332	154.32	152.15333333333334	149.64666666666668	145.8	138.62666666666667	125.31333333333333	0.0
0.0	124.96	138.78	144.99333333333334	149.24666666666667	152.32	154.74	156.14	157.71333333333334	159.39333333333335	159.9	160.79333333333332	162.04	162.16	162.59333333333333	162.72	163.07333333333332	163.6	163.69333333333333	164.32666666666665	164.88	164.76666666666668	165.11333333333334	165.25333333333333	165.65333333333334	166.03333333333333	165.77333333333334	166.56	166.48666666666668	166.42	166.41333333333333	166.6	166.46666666666667	166.61333333333334	166.95333333333335	166.9	167.07333333333332	167.36	167.56	167.56666666666666	167.39333333333335	167.48666666666668	167.09333333333333	166.92666666666668	166.42	166.57333333333332	166.40666666666667	166.21333333333334	166.02666666666667	165.98666666666668	165.6	165.29333333333332	165.26666666666668	164.52666666666667	164.47333333333333	164.38	163.69333333333333	163.33333333333334	162.89333333333335	161.85333333333332	161.51333333333332	160.88666666666666	159.67333333333335	158.77333333333334	157.34666666666666	155.99333333333334	154.65333333333334	152.30666666666667	149.50666666666666	145.02666666666667	138.46666666666667	125.34	0.0
0.0	125.07333333333334	138.45333333333335	145.2	149.54	152.38666666666666	154.99333333333334	156.19333333333333	157.3	158.74666666666667	159.48	160.38666666666666	161.26666666666668	161.87333333333333	162.78	163.24	163.86666666666667	164.29333333333332	164.58666666666667	165.06	165.26666666666668	165.91333333333333	165.86666666666667	166.02	166.41333333333333	166.39333333333335	166.81333333333333	167.06	167.44	167.3	167.42666666666668	167.90666666666667	167.60666666666665	167.80666666666667	167.76	167.50666666666666	167.72666666666666	167.51333333333332	167.56	167.34666666666666	167.68666666666667	167.05333333333334	167.10666666666665	167.37333333333333	166.94666666666666	167.08	166.90666666666667	166.62666666666667	166.36	166.20666666666668	166.14	165.82	165.41333333333333	164.99333333333334	164.76666666666668	164.12	163.72	163.04	162.51333333333332	161.94666666666666	161.20666666666668	160.41333333333333	159.51333333333332	158.60666666666665	157.46	155.88	154.34666666666666	151.78666666666666	149.3	145.1	138.36	125.00666666666666	0.0
0.0	125.43333333333334	138.16	145.26666666666668	149.44	152.02	154.08666666666667	155.72	156.84666666666666	158.19333333333333	158.86	159.84	160.28	160.98	161.72666666666666	162.22	162.47333333333333	163.22	163.39333333333335	163.94666666666666	163.98	164.02	164.36666666666667	165.11333333333334	165.07333333333332	165.27333333333334	165.39333333333335	165.48666666666668	165.69333333333333	165.62666666666667	166.5	166.38	166.50666666666666	166.54666666666665	166.49333333333334	166.79333333333332	166.67333333333335	166.60666666666665	166.26	166.72666666666666	166.50666666666666	166.70666666666668	166.22	166.51333333333332	166.04	165.79333333333332	166.01333333333332	165.56	164.78666666666666	164.71333333333334	165.35333333333332	164.78	164.68666666666667	164.14666666666668	164.02	163.56666666666666	162.91333333333333	162.25333333333333	162.01333333333332	161.28666666666666	160.26666666666668	160.18	159.28666666666666	158.26	157.08	155.47333333333333	154.02666666666667	151.76666666666668	149.06	145.09333333333333	138.49333333333334	125.50666666666666	0.0
0.0	125.23333333333333	138.97333333333333	145.26	149.40666666666667	151.82	154.18666666666667	155.67333333333335	157.21333333333334	158.7	159.50666666666666	160.50666666666666	160.74666666666667	161.97333333333333	162.61333333333334	162.92666666666668	163.37333333333333	163.60666666666665	163.78666666666666	164.36666666666667	164.98	165.18666666666667	165.36666666666667	165.84	165.71333333333334	166.16	166.34	166.79333333333332	166.59333333333333	166.68	167.08	167.2	167.49333333333334	167.24666666666667	167.54	167.40666666666667	167.25333333333333	167.28	167.24	167.00666666666666	167.17333333333335	167.28	167.14	167.02666666666667	166.86666666666667	166.82666666666665	166.79333333333332	166.9	166.46	165.99333333333334	165.91333333333333	165.74666666666667	165.33333333333334	165.1	164.49333333333334	164.26666666666668	163.80666666666667	163.25333333333333	162.63333333333333	161.79333333333332	161.55333333333334	160.6	159.8	158.70666666666668	157.75333333333333	155.8	154.26666666666668	151.96	149.28666666666666	144.97333333333333	138.28	125.47333333333333	0.0
0.0	125.03333333333333	138.58666666666667	144.71333333333334	148.78	151.53333333333333	154.22666666666666	155.66666666666666	157.24	158.24666666666667	159.34	160.76666666666668	161.13333333333333	161.70666666666668	161.94	162.77333333333334	163.28666666666666	163.49333333333334	163.99333333333334	164.16666666666666	164.7	164.84666666666666	165.12666666666667	165.29333333333332	165.88	165.86666666666667	165.56666666666666	166.36	166.30666666666667	166.50666666666666	166.73333333333332	167.08666666666667	167.21333333333334	167.22666666666666	166.63333333333333	166.66666666666666	166.61333333333334	166.77333333333334	166.88	166.8	166.49333333333334	166.18666666666667	165.98	165.96666666666667	165.87333333333333	165.89333333333335	166.06	165.92	165.78666666666666	165.96666666666667	165.42	165.27333333333334	165.08	164.24	164.00666666666666	163.78	163.31333333333333	162.46	162.13333333333333	161.70666666666668	161.08	160.14	159.32666666666665	158.1	157.15333333333334	155.94	154.35333333333332	151.94666666666666	149.27333333333334	145.38	138.51333333333332	125.66	0.0
0.0	125.56666666666666	138.8	145.17333333333335	149.18	152.11333333333334	153.94666666666666	155.64666666666668	156.94666666666666	158.50666666666666	159.51333333333332	160.09333333333333	161.18	161.91333333333333	162.12666666666667	162.48	163.23333333333332	164.06666666666666	164.61333333333334	164.85333333333332	165.22666666666666	165.26666666666668	165.71333333333334	165.75333333333333	165.91333333333333	165.80666666666667	166.25333333333333	166.34666666666666	166.29333333333332	166.44666666666666	166.65333333333334	166.6	166.87333333333333	166.91333333333333	167.08	167.49333333333334	167.83333333333334	167.33333333333334	167.24	167.21333333333334	167.28	167.26666666666668	166.88	166.78	166.53333333333333	166.53333333333333	166.24666666666667	165.73333333333332	165.48666666666668	165.37333333333333	165.39333333333335	165.36666666666667	165.05333333333334	164.66	164.0	163.5	163.30666666666667	162.86	162.52666666666667	162.12666666666667	160.84666666666666	160.48	159.68666666666667	158.49333333333334	157.58	156.00666666666666	154.21333333333334	152.08666666666667	149.40666666666667	145.06666666666666	138.50666666666666	125.55333333333333	0.0
0.0	125.02	138.56	144.86	149.27333333333334	152.21333333333334	154.14	156.3	157.26	158.23333333333332	159.46	160.53333333333333	160.98666666666668	161.51333333333332	162.09333333333333	162.80666666666667	163.52	163.64666666666668	163.89333333333335	164.10666666666665	164.5	165.17333333333335	165.4	165.59333333333333	165.57333333333332	165.85333333333332	166.26666666666668	166.16666666666666	166.46666666666667	166.58666666666667	166.56	167.06666666666666	167.04	166.8	167.46	167.66	167.63333333333333	167.69333333333333	167.01333333333332	167.62	167.32666666666665	167.26666666666668	167.01333333333332	167.02	166.68666666666667	166.38666666666666	166.14666666666668	166.26	166.22	165.91333333333333	165.6	165.17333333333335	165.12666666666667	164.64	164.18	163.86	163.38666666666666	163.18666666666667	162.24	161.80666666666667	161.36	160.58666666666667	159.67333333333335	158.61333333333334	157.22666666666666	155.71333333333334	154.20666666666668	151.90666666666667	149.33333333333334	145.44	138.42666666666668	125.18666666666667	0.0
0.0	125.41333333333333	139.16	146.03333333333333	150.10666666666665	152.52	154.54	156.37333333333333	157.91333333333333	158.69333333333333	159.69333333333333	160.67333333333335	161.24666666666667	162.28	162.91333333333333	163.24	163.74666666666667	164.44	165.01333333333332	165.13333333333333	165.40666666666667	165.82	166.3	166.44	166.80666666666667	167.24666666666667	167.19333333333333	167.24666666666667	167.57333333333332	167.68666666666667	167.87333333333333	168.04	167.98666666666668	168.30666666666667	167.96	168.25333333333333	168.05333333333334	167.97333333333333	167.73333333333332	167.44666666666666	167.75333333333333	167.88666666666666	167.64666666666668	167.34	167.27333333333334	167.10666666666665	166.6	166.6	166.88666666666666	166.19333333333333	166.19333333333333	165.90666666666667	165.78666666666666	165.32666666666665	164.47333333333333	164.42666666666668	164.01333333333332	163.39333333333335	162.83333333333334	162.3	161.48666666666668	160.54666666666665	159.87333333333333	158.94666666666666	157.53333333333333	156.12666666666667	154.75333333333333	152.52	149.52666666666667	145.64	138.88666666666666	125.17333333333333	0.0
0.0	125.14	138.47333333333333	144.76	148.68	151.89333333333335	154.03333333333333	155.92	157.41333333333333	158.47333333333333	159.48	160.42	161.16	161.75333333333333	162.06666666666666	162.65333333333334	162.78666666666666	163.10666666666665	163.72	164.38	164.95333333333335	165.00666666666666	164.98	165.15333333333334	165.58666666666667	166.26666666666668	166.21333333333334	166.15333333333334	166.2	166.4	166.52666666666667	166.94	167.22	167.13333333333333	166.94666666666666	167.34666666666666	167.30666666666667	167.16666666666666	167.21333333333334	167.02666666666667	166.98	167.24	167.06	166.56666666666666	166.73333333333332	166.49333333333334	166.38	166.44	166.36666666666667	166.14666666666668	165.88666666666666	165.71333333333334	165.11333333333334	165.14666666666668	164.45333333333335	163.84666666666666	163.84666666666666	162.76666666666668	162.15333333333334	161.95333333333335	161.08	160.09333333333333	159.26	158.23333333333332	156.99333333333334	155.82666666666665	154.36	151.95333333333335	149.22666666666666	145.01333333333332	138.94666666666666	125.04666666666667	0.0
0.0	125.70666666666666	138.86666666666667	145.57333333333332	149.72666666666666	152.06	154.58	156.06	157.82666666666665	158.82666666666665	159.61333333333334	160.40666666666667	161.12	161.67333333333335	162.52	163.08	163.76	163.92666666666668	164.23333333333332	164.34	164.92666666666668	165.28	165.00666666666666	165.32666666666665	165.59333333333333	165.95333333333335	166.39333333333335	166.15333333333334	166.26	166.78666666666666	167.10666666666665	167.02	166.50666666666666	167.11333333333334	167.03333333333333	166.82666666666665	166.83333333333334	166.60666666666665	166.84	166.6	166.86	166.70666666666668	166.55333333333334	166.67333333333335	166.8	166.62666666666667	166.23333333333332	166.1	166.15333333333334	165.7	165.73333333333332	165.68	165.24666666666667	164.92	164.44	163.93333333333334	163.28	163.04666666666665	163.16666666666666	162.24	161.12	160.1	159.26666666666668	158.25333333333333	157.16666666666666	156.15333333333334	153.94666666666666	152.04	149.34	145.05333333333334	138.46666666666667	125.38666666666667	0.0
0.0	125.2	139.00666666666666	145.46	149.56666666666666	152.14666666666668	154.24	155.88666666666666	157.65333333333334	158.58	159.55333333333334	160.16666666666666	160.98666666666668	161.92	162.08666666666667	162.85333333333332	163.09333333333333	163.64666666666668	164.58	164.76666666666668	165.08	165.24	165.38	165.41333333333333	165.91333333333333	166.34666666666666	166.62	166.97333333333333	166.66	166.94666666666666	166.92	166.92	167.10666666666665	167.12666666666667	167.1	167.07333333333332	167.24666666666667	167.1	167.06666666666666	166.89333333333335	166.92	167.05333333333334	166.95333333333335	166.66666666666666	166.68	166.63333333333333	166.58	166.22666666666666	165.92	165.62	165.94	165.46666666666667	165.11333333333334	164.75333333333333	164.22666666666666	164.04666666666665	163.54666666666665	163.26	162.84	162.19333333333333	161.36	160.64	160.03333333333333	158.86666666666667	157.97333333333333	157.02666666666667	154.8	152.95333333333335	149.78	145.67333333333335	138.80666666666667	125.56666666666666	0.0
0.0	124.68666666666667	138.46	144.86666666666667	148.77333333333334	152.12666666666667	153.80666666666667	155.76666666666668	156.82	157.94	159.26666666666668	159.92	160.76666666666668	161.44	162.28	162.66666666666666	163.54666666666665	164.00666666666666	164.44666666666666	164.89333333333335	165.02	165.62	166.1	166.16666666666666	166.65333333333334	166.34666666666666	167.13333333333333	166.86	166.8	166.80666666666667	167.03333333333333	167.46666666666667	167.15333333333334	167.0	167.2	167.27333333333334	167.26666666666668	167.38666666666666	167.17333333333335	167.00666666666666	167.14	167.35333333333332	167.09333333333333	166.58	166.43333333333334	166.46	166.32	166.09333333333333	166.01333333333332	165.52666666666667	165.32666666666665	165.30666666666667	164.80666666666667	164.30666666666667	164.26	164.10666666666665	163.51333333333332	163.24666666666667	162.42666666666668	161.93333333333334	161.38666666666666	160.34666666666666	159.9	158.63333333333333	157.56666666666666	156.32	154.42	152.20666666666668	149.18666666666667	145.42	138.98	125.89333333333333	0.0
0.0	125.72	138.84	145.36666666666667	149.44666666666666	152.22666666666666	154.64666666666668	156.18	157.63333333333333	158.44666666666666	159.57333333333332	160.30666666666667	161.01333333333332	161.82666666666665	162.50666666666666	163.10666666666665	163.24	163.88	164.38	164.85333333333332	164.75333333333333	165.12	165.41333333333333	165.88666666666666	166.52	166.54	166.78666666666666	167.00666666666666	166.93333333333334	167.14666666666668	167.04	167.46666666666667	167.3	167.12666666666667	167.08	166.94666666666666	167.13333333333333	167.03333333333333	167.16	167.28	167.18	167.46	167.25333333333333	166.95333333333335	167.01333333333332	167.11333333333334	166.76666666666668	166.78666666666666	166.59333333333333	166.93333333333334	166.04	165.76666666666668	165.48666666666668	164.94666666666666	164.33333333333334	164.22666666666666	163.78	163.05333333333334	162.66666666666666	162.05333333333334	161.25333333333333	160.46666666666667	160.2	159.07333333333332	157.92666666666668	156.28666666666666	154.65333333333334	152.46666666666667	149.64666666666668	146.08666666666667	139.12	125.64	0.0
0.0	125.36666666666666	138.43333333333334	144.84666666666666	148.96	151.44666666666666	153.72	155.22	156.78	158.19333333333333	159.06	160.26	160.82	161.5	162.25333333333333	162.77333333333334	163.07333333333332	163.42	163.82666666666665	164.20666666666668	164.28	165.11333333333334	165.31333333333333	165.42666666666668	165.70666666666668	165.68	166.05333333333334	166.14666666666668	166.05333333333334	165.99333333333334	166.35333333333332	166.44666666666666	166.72666666666666	166.87333333333333	166.43333333333334	166.58666666666667	166.85333333333332	166.77333333333334	167.2	166.86	166.82666666666665	166.80666666666667	166.64	166.63333333333333	166.52666666666667	166.44	166.12	166.1	165.73333333333332	165.64	165.69333333333333	165.26	164.9	164.72	164.68	164.04	163.72	163.40666666666667	162.70666666666668	162.10666666666665	161.49333333333334	160.49333333333334	159.79333333333332	158.91333333333333	157.53333333333333	156.04666666666665	154.09333333333333	151.78	149.07333333333332	144.84	138.38666666666666	125.18	0.0
0.0	125.47333333333333	139.12	145.17333333333335	149.32666666666665	151.8	153.83333333333334	155.75333333333333	157.3	158.31333333333333	159.41333333333333	160.28666666666666	161.02	161.81333333333333	162.28	162.95333333333335	163.10666666666665	164.33333333333334	164.48666666666668	165.00666666666666	165.20666666666668	165.32666666666665	165.70666666666668	165.60666666666665	166.0	166.11333333333334	166.75333333333333	166.91333333333333	166.42666666666668	166.99333333333334	167.32	167.42	167.68	167.31333333333333	167.43333333333334	167.86666666666667	167.86	167.88666666666666	167.46	167.54	167.51333333333332	167.32	167.11333333333334	166.99333333333334	166.77333333333334	166.48	166.2	165.98	166.17333333333335	166.04	165.85333333333332	165.98666666666668	165.54666666666665	165.27333333333334	165.12666666666667	164.56666666666666	164.21333333333334	163.67333333333335	163.06666666666666	161.99333333333334	161.08	160.42666666666668	159.6	158.83333333333334	157.59333333333333	155.84	154.6	152.48666666666668	149.44666666666666	145.52	138.44	125.4	0.0
0.0	125.06	138.45333333333335	144.96666666666667	149.08	152.2	153.94	155.58	157.5	158.36666666666667	159.52666666666667	160.49333333333334	161.26666666666668	161.86666666666667	162.57333333333332	163.31333333333333	163.52666666666667	164.06	164.12666666666667	164.7	165.01333333333332	165.18666666666667	165.85333333333332	165.9	166.12666666666667	166.4	166.70666666666668	166.84666666666666	167.33333333333334	167.73333333333332	167.7	167.97333333333333	167.95333333333335	168.08666666666667	167.84	167.56	167.97333333333333	167.80666666666667	168.28666666666666	167.98	168.06	167.81333333333333	167.93333333333334	167.55333333333334	166.96	167.26666666666668	167.3	166.60666666666665	166.59333333333333	166.15333333333334	166.24	166.13333333333333	165.68666666666667	165.09333333333333	164.58	164.09333333333333	164.12	163.56666666666666	162.53333333333333	162.36	161.33333333333334	160.57333333333332	159.65333333333334	158.58666666666667	157.51333333333332	156.34	154.69333333333333	152.12666666666667	149.26666666666668	144.99333333333334	138.57333333333332	124.83333333333333	0.0
0.0	125.52666666666667	138.7	145.14	149.0	151.94666666666666	154.22666666666666	155.91333333333333	157.7	158.84	159.94	160.74	161.36666666666667	162.09333333333333	162.64	163.31333333333333	163.66666666666666	164.71333333333334	164.95333333333335	165.12666666666667	165.25333333333333	166.03333333333333	165.74	166.29333333333332	166.68	166.64666666666668	166.5	166.92666666666668	167.11333333333334	167.1	166.92666666666668	167.48666666666668	167.50666666666666	167.04	166.98666666666668	167.29333333333332	167.26666666666668	167.35333333333332	167.23333333333332	167.14666666666668	167.03333333333333	166.77333333333334	167.30666666666667	166.84666666666666	166.59333333333333	166.1	165.94666666666666	165.90666666666667	165.26666666666668	165.68666666666667	165.41333333333333	164.99333333333334	164.69333333333333	164.44	164.08666666666667	163.69333333333333	162.93333333333334	162.51333333333332	162.06666666666666	161.67333333333335	160.68666666666667	159.94666666666666	159.11333333333334	158.16	157.16666666666666	155.76	153.99333333333334	151.72666666666666	149.16	145.01333333333332	138.51333333333332	125.43333333333334	0.0
0.0	125.61333333333333	138.78666666666666	145.48666666666668	149.24666666666667	152.03333333333333	154.21333333333334	155.87333333333333	157.14666666666668	158.47333333333333	159.41333333333333	159.84	160.86666666666667	161.37333333333333	161.75333333333333	162.77333333333334	163.02	163.86666666666667	163.85333333333332	164.66666666666666	165.36	165.62666666666667	165.61333333333334	166.18666666666667	166.60666666666665	166.52666666666667	166.78	166.76	166.75333333333333	166.76666666666668	166.78	166.80666666666667	166.86	167.14666666666668	167.18	167.44666666666666	167.6	167.88666666666666	167.32666666666665	167.88666666666666	167.47333333333333	167.69333333333333	167.36	167.27333333333334	167.03333333333333	166.84666666666666	166.52666666666667	166.17333333333335	166.18	166.01333333333332	165.27333333333334	165.30666666666667	165.00666666666666	164.48	164.34666666666666	164.02	163.79333333333332	162.85333333333332	162.40666666666667	161.39333333333335	160.90666666666667	160.40666666666667	159.24	158.43333333333334	157.27333333333334	156.1	154.34	152.10666666666665	148.94	145.32666666666665	138.70666666666668	125.4	0.0
0.0	125.23333333333333	138.55333333333334	145.18	149.32666666666665	151.82666666666665	153.89333333333335	155.78666666666666	157.43333333333334	158.92666666666668	159.83333333333334	160.24666666666667	161.39333333333335	162.25333333333333	162.65333333333334	162.78666666666666	163.61333333333334	164.4	164.48666666666668	164.72	165.46666666666667	165.86666666666667	165.80666666666667	166.06666666666666	166.05333333333334	166.24666666666667	166.19333333333333	165.94	166.57333333333332	166.47333333333333	167.15333333333334	166.84666666666666	166.84666666666666	166.98666666666668	167.11333333333334	166.7	166.86666666666667	166.84666666666666	166.72666666666666	166.82666666666665	166.60666666666665	166.54666666666665	166.38	166.62	166.45333333333335	166.22	166.29333333333332	166.08666666666667	165.8	165.30666666666667	165.5	165.41333333333333	164.97333333333333	164.67333333333335	164.15333333333334	163.95333333333335	163.70666666666668	163.32666666666665	162.88666666666666	162.22666666666666	161.46	160.68666666666667	159.8	158.38666666666666	157.44	155.68	154.25333333333333	152.18	149.42666666666668	145.43333333333334	138.66666666666666	125.46666666666667	0.0
0.0	125.46666666666667	139.16666666666666	145.39333333333335	149.44	152.71333333333334	154.40666666666667	155.98666666666668	157.64	158.48	159.6	160.42	161.38	161.72666666666666	162.25333333333333	162.90666666666667	163.61333333333334	164.07333333333332	164.42666666666668	164.93333333333334	165.48666666666668	165.50666666666666	165.98	166.62666666666667	166.23333333333332	166.74666666666667	167.04666666666665	167.36	167.22666666666666	167.39333333333335	167.84666666666666	167.52	167.7	168.04666666666665	167.72666666666666	167.72666666666666	167.53333333333333	167.65333333333334	167.90666666666667	167.64	168.0	167.45333333333335	167.50666666666666	167.56	167.56666666666666	167.39333333333335	166.98666666666668	166.95333333333335	166.44666666666666	166.52	166.06666666666666	165.63333333333333	165.49333333333334	165.08	164.94	164.54	164.29333333333332	162.98666666666668	162.64666666666668	162.14666666666668	161.73333333333332	160.72666666666666	159.50666666666666	158.42666666666668	157.29333333333332	155.95333333333335	154.25333333333333	152.08	149.31333333333333	145.9	138.46	125.06666666666666	0.0
0.0	125.35333333333334	138.85333333333332	145.51333333333332	149.98	152.24666666666667	154.70666666666668	156.42	157.53333333333333	158.96	159.70666666666668	161.09333333333333	161.84666666666666	162.72	163.36	163.92	164.02666666666667	164.34	165.10666666666665	165.72	166.11333333333334	166.40666666666667	166.70666666666668	166.73333333333332	166.78	166.88666666666666	166.78666666666666	166.91333333333333	167.0	167.39333333333335	167.44666666666666	167.12	167.14666666666668	167.32	167.16666666666666	167.15333333333334	167.08	167.45333333333335	167.58666666666667	167.32	167.80666666666667	167.43333333333334	167.62666666666667	167.33333333333334	167.24	166.94	166.26666666666668	166.34666666666666	166.23333333333332	165.98	165.54	165.21333333333334	164.88	164.67333333333335	164.45333333333335	164.16666666666666	163.59333333333333	163.33333333333334	162.4	161.9	161.37333333333333	160.77333333333334	159.41333333333333	158.71333333333334	157.71333333333334	156.2	154.67333333333335	152.08666666666667	149.61333333333334	145.82666666666665	138.8	125.72	0.0
0.0	125.42	138.64666666666668	145.13333333333333	149.35333333333332	151.8	153.76	155.45333333333335	157.17333333333335	158.31333333333333	159.27333333333334	159.77333333333334	160.85333333333332	161.36666666666667	161.94666666666666	162.66	163.26666666666668	163.42666666666668	164.12	164.3	164.8	165.06666666666666	165.46	165.54	165.59333333333333	166.29333333333332	166.24666666666667	166.58	166.28	166.39333333333335	166.73333333333332	166.84666666666666	166.62666666666667	166.91333333333333	167.01333333333332	166.48666666666668	166.7	166.58666666666667	166.74666666666667	166.45333333333335	166.57333333333332	166.60666666666665	166.33333333333334	166.18666666666667	166.44666666666666	166.44	166.10666666666665	165.70666666666668	166.13333333333333	165.92666666666668	165.34	165.34	164.86	164.6	164.02666666666667	163.95333333333335	163.13333333333333	162.87333333333333	162.42666666666668	161.83333333333334	161.13333333333333	160.57333333333332	159.69333333333333	158.80666666666667	157.54666666666665	155.88666666666666	154.47333333333333	152.16666666666666	149.14	145.23333333333332	138.83333333333334	125.78	0.0
0.0	125.49333333333334	138.83333333333334	145.26666666666668	149.28666666666666	152.18	154.38	156.37333333333333	157.63333333333333	158.96666666666667	159.6	160.84666666666666	161.49333333333334	161.88	162.63333333333333	163.15333333333334	163.86	164.42666666666668	164.77333333333334	165.46666666666667	165.7	165.82	165.96	166.46666666666667	167.18	167.06666666666666	166.92	167.07333333333332	167.22666666666666	166.84666666666666	167.06	167.24666666666667	167.19333333333333	167.41333333333333	167.54	167.7	167.8	168.00666666666666	167.88	167.66666666666666	167.68	167.27333333333334	166.7	166.93333333333334	166.80666666666667	166.94	166.37333333333333	166.75333333333333	166.36666666666667	166.16	166.06666666666666	165.44666666666666	164.95333333333335	164.81333333333333	164.41333333333333	164.09333333333333	163.65333333333334	163.45333333333335	162.56666666666666	162.22666666666666	161.42	160.92	159.8	158.9	157.8	156.61333333333334	154.36	152.55333333333334	149.58666666666667	145.41333333333333	138.84666666666666	125.23333333333333	0.0
0.0	125.51333333333334	139.02666666666667	145.63333333333333	149.49333333333334	152.28	154.34666666666666	156.24666666666667	157.84	158.68666666666667	159.70666666666668	160.35333333333332	161.39333333333335	162.00666666666666	162.51333333333332	163.12666666666667	163.62666666666667	163.89333333333335	164.42666666666668	164.66	164.82	165.52	165.64	166.12	166.39333333333335	166.3	166.30666666666667	166.26	166.70666666666668	166.40666666666667	166.62	166.49333333333334	166.36666666666667	166.97333333333333	166.84666666666666	166.92666666666668	166.59333333333333	166.7	166.50666666666666	166.7	166.59333333333333	166.8	166.86666666666667	166.58	166.71333333333334	166.55333333333334	166.11333333333334	166.31333333333333	165.93333333333334	165.50666666666666	165.33333333333334	165.34	164.69333333333333	164.57333333333332	164.48	164.07333333333332	163.69333333333333	163.12	162.44	162.02666666666667	161.44666666666666	160.28666666666666	159.33333333333334	158.67333333333335	157.5	155.81333333333333	153.92666666666668	152.02666666666667	149.05333333333334	145.29333333333332	138.70666666666668	125.35333333333334	0.0
0.0	125.45333333333333	138.98666666666668	145.5	149.38666666666666	152.53333333333333	154.66	156.29333333333332	157.5	158.81333333333333	159.72	160.84666666666666	161.11333333333334	161.90666666666667	162.46666666666667	163.01333333333332	163.44666666666666	163.95333333333335	164.16	164.70666666666668	165.41333333333333	165.39333333333335	165.67333333333335	166.11333333333334	166.16	166.78666666666666	166.77333333333334	166.87333333333333	166.87333333333333	166.84	166.72	166.97333333333333	167.19333333333333	167.4	167.01333333333332	167.05333333333334	167.02666666666667	166.69333333333333	166.82666666666665	166.32	166.40666666666667	166.49333333333334	166.5	166.04666666666665	166.21333333333334	165.90666666666667	166.03333333333333	166.05333333333334	165.85333333333332	165.49333333333334	165.27333333333334	165.16	164.92	164.19333333333333	164.25333333333333	164.08	163.54	163.15333333333334	162.00666666666666	161.66666666666666	161.06	160.22666666666666	159.64	158.74666666666667	157.52666666666667	156.56666666666666	154.85333333333332	152.27333333333334	149.79333333333332	145.51333333333332	139.11333333333334	125.42	0.0
0.0	125.57333333333334	139.05333333333334	145.58	149.56666666666666	152.64	154.59333333333333	156.56	157.68666666666667	159.02666666666667	159.64	160.58666666666667	161.96	162.46666666666667	162.88666666666666	163.8	163.92	164.24666666666667	164.6	165.1	165.29333333333332	165.33333333333334	166.02	166.32	166.34666666666666	166.37333333333333	166.58	166.60666666666665	166.78	166.62666666666667	167.07333333333332	167.42	167.23333333333332	167.36	167.27333333333334	167.42666666666668	167.50666666666666	167.30666666666667	167.39333333333335	167.62666666666667	167.62666666666667	167.13333333333333	167.13333333333333	166.96	167.04666666666665	167.11333333333334	166.54	166.08	166.18666666666667	165.95333333333335	165.9	165.27333333333334	165.00666666666666	164.68	164.34666666666666	164.18666666666667	163.86	163.04	162.74666666666667	162.22	161.41333333333333	160.69333333333333	159.76666666666668	158.68666666666667	157.76	156.26	154.77333333333334	152.78	150.11333333333334	145.69333333333333	139.06	125.75333333333333	0.0
0.0	125.66	138.94	145.73333333333332	149.61333333333334	152.37333333333333	154.41333333333333	156.02666666666667	157.52	158.58	159.64	160.54666666666665	160.99333333333334	161.59333333333333	162.77333333333334	162.85333333333332	163.16666666666666	163.58	163.88666666666666	164.13333333333333	164.56666666666666	164.78666666666666	165.02666666666667	165.41333333333333	166.2	166.00666666666666	166.26	166.16	166.36	166.32	166.42	166.90666666666667	166.99333333333334	167.31333333333333	167.4	167.51333333333332	167.4	167.44	167.42	167.52666666666667	167.68	167.5	167.6	167.36	166.92	166.98	166.71333333333334	166.73333333333332	166.28	166.08666666666667	165.78666666666666	165.48666666666668	165.18666666666667	164.62	164.72666666666666	164.02	163.42	162.74	162.34	161.96	160.88	160.37333333333333	159.38	158.15333333333334	157.28	156.01333333333332	154.20666666666668	152.36666666666667	149.50666666666666	145.34	138.82	124.86	0.0
0.0	125.48	138.85333333333332	145.21333333333334	149.15333333333334	152.06	154.41333333333333	156.32	157.81333333333333	158.91333333333333	159.84666666666666	160.68	160.86	161.97333333333333	162.33333333333334	162.88	163.56666666666666	163.91333333333333	164.32	164.53333333333333	164.84666666666666	165.08	165.58666666666667	166.00666666666666	165.91333333333333	166.02666666666667	166.35333333333332	166.68	166.58666666666667	166.38666666666666	166.76666666666668	166.63333333333333	167.16	167.07333333333332	167.33333333333334	167.4	167.61333333333334	167.32	166.98	167.05333333333334	167.09333333333333	166.75333333333333	166.89333333333335	166.94	166.48	166.66666666666666	166.30666666666667	165.86666666666667	165.52	165.16666666666666	164.94666666666666	164.84666666666666	164.24666666666667	163.95333333333335	163.78	163.11333333333334	162.73333333333332	162.4	161.77333333333334	161.44666666666666	160.84666666666666	159.75333333333333	159.58	158.42	157.52	155.82	154.24	152.09333333333333	149.31333333333333	144.80666666666667	138.34666666666666	125.03333333333333	0.0
0.0	125.55333333333333	138.74666666666667	145.18666666666667	149.19333333333333	152.52666666666667	154.64	156.0	157.35333333333332	158.76	160.14666666666668	160.86666666666667	161.37333333333333	162.04666666666665	162.42	163.07333333333332	163.48	163.98666666666668	164.33333333333334	164.50666666666666	165.23333333333332	165.49333333333334	165.60666666666665	165.9	166.08666666666667	166.22	166.12	166.31333333333333	166.68666666666667	167.05333333333334	166.90666666666667	166.96666666666667	166.87333333333333	167.13333333333333	166.89333333333335	167.10666666666665	167.03333333333333	167.06666666666666	166.74666666666667	167.38666666666666	167.0	167.09333333333333	166.53333333333333	166.10666666666665	166.56	166.3	165.87333333333333	166.08	165.7	165.40666666666667	165.38666666666666	164.97333333333333	165.08	164.36666666666667	164.18666666666667	163.84	163.43333333333334	162.85333333333332	162.26666666666668	162.16	161.14	160.76	159.86666666666667	158.40666666666667	157.32	156.22666666666666	153.80666666666667	152.13333333333333	149.16	144.97333333333333	138.31333333333333	125.12	0.0
0.0	124.62666666666667	138.39333333333335	144.67333333333335	149.16	151.55333333333334	153.8	155.87333333333333	157.01333333333332	158.12	159.04666666666665	160.0	161.06	161.84666666666666	162.44	163.1	163.33333333333334	164.07333333333332	164.65333333333334	164.52666666666667	164.82	165.28666666666666	165.47333333333333	165.84	165.91333333333333	166.08	166.33333333333334	166.93333333333334	166.67333333333335	166.86	166.81333333333333	167.31333333333333	167.18666666666667	166.94	166.98	167.25333333333333	167.06666666666666	167.19333333333333	167.39333333333335	167.01333333333332	166.86666666666667	167.06666666666666	166.93333333333334	166.41333333333333	166.31333333333333	166.43333333333334	166.28	165.6	165.18666666666667	165.34666666666666	164.98666666666668	164.93333333333334	164.54666666666665	164.45333333333335	164.0	163.42	163.08	162.36	161.55333333333334	161.14666666666668	160.76	160.24	159.3	158.23333333333332	157.02	155.45333333333335	153.8	151.63333333333333	149.34666666666666	145.12666666666667	138.00666666666666	124.77333333333333	0.0
0.0	125.8	138.76	145.22	149.23333333333332	152.46666666666667	154.43333333333334	156.42666666666668	157.73333333333332	159.22666666666666	159.71333333333334	160.52666666666667	161.32666666666665	161.81333333333333	162.54666666666665	162.94	163.44	163.94666666666666	164.35333333333332	164.62666666666667	165.11333333333334	165.44666666666666	165.65333333333334	166.35333333333332	166.58666666666667	166.32666666666665	166.86	167.17333333333335	167.2	167.37333333333333	167.36666666666667	167.17333333333335	167.35333333333332	167.74666666666667	167.78666666666666	167.56	167.98	168.0	167.52	167.18	167.41333333333333	167.18	167.0	166.72666666666666	167.32666666666665	167.12	166.65333333333334	166.36666666666667	166.56666666666666	165.94	165.86	165.48666666666668	165.28	164.87333333333333	164.56	164.46666666666667	163.54666666666665	163.41333333333333	163.02666666666667	162.06666666666666	161.52	160.34	159.76	158.44666666666666	157.62666666666667	156.28	154.27333333333334	152.32	149.59333333333333	145.34666666666666	138.80666666666667	125.36	0.0
0.0	125.34	138.72	145.01333333333332	149.19333333333333	152.16	153.90666666666667	155.50666666666666	157.27333333333334	158.49333333333334	159.36666666666667	160.48666666666668	160.84666666666666	161.20666666666668	162.04666666666665	162.79333333333332	163.2	162.94666666666666	163.73333333333332	164.37333333333333	164.66	165.18	165.24666666666667	165.49333333333334	165.79333333333332	165.98666666666668	166.10666666666665	166.14	166.28	166.48666666666668	166.34666666666666	166.68	166.68	166.64	166.7	166.60666666666665	166.66666666666666	166.50666666666666	166.42666666666668	166.07333333333332	166.02	166.33333333333334	166.02666666666667	166.09333333333333	165.96	165.67333333333335	165.69333333333333	165.73333333333332	165.65333333333334	164.97333333333333	165.11333333333334	164.76666666666668	164.77333333333334	164.4	163.88666666666666	163.54666666666665	163.28	163.06666666666666	162.24	161.28	160.77333333333334	160.07333333333332	158.9	158.09333333333333	156.90666666666667	155.5	153.68666666666667	151.80666666666667	149.02	145.01333333333332	138.60666666666665	125.30666666666667	0.0
0.0	125.10666666666667	138.29333333333332	145.06	149.12	152.13333333333333	154.32666666666665	155.95333333333335	157.55333333333334	158.45333333333335	159.65333333333334	160.61333333333334	161.19333333333333	161.91333333333333	162.50666666666666	162.56	163.09333333333333	163.68666666666667	163.90666666666667	164.2	164.24	164.84666666666666	165.20666666666668	165.64666666666668	165.71333333333334	165.60666666666665	166.22	166.43333333333334	166.38	166.54666666666665	166.79333333333332	166.92666666666668	166.92666666666668	167.06	166.72666666666666	166.81333333333333	167.06666666666666	167.11333333333334	167.33333333333334	167.04	167.47333333333333	166.93333333333334	166.92666666666668	166.82666666666665	167.13333333333333	167.3	166.65333333333334	166.22	165.92	165.76666666666668	165.85333333333332	165.5	165.12	164.74666666666667	164.34666666666666	164.06666666666666	163.42666666666668	162.7	162.36666666666667	161.99333333333334	161.15333333333334	160.50666666666666	159.54	158.54666666666665	157.30666666666667	156.45333333333335	154.25333333333333	152.32	149.27333333333334	145.60666666666665	138.43333333333334	124.96666666666667	0.0
0.0	125.42	139.2	145.74666666666667	149.72666666666666	152.19333333333333	154.39333333333335	155.88	157.09333333333333	158.03333333333333	159.44666666666666	160.34	160.96666666666667	162.04	162.43333333333334	162.80666666666667	163.3	163.98	164.39333333333335	164.90666666666667	164.7	165.45333333333335	165.71333333333334	165.57333333333332	166.06	166.58	166.74666666666667	166.94666666666666	167.24	167.18666666666667	166.73333333333332	167.16	166.89333333333335	167.18666666666667	167.37333333333333	167.22	167.66	167.6	167.31333333333333	167.34	167.34666666666666	167.14	166.99333333333334	166.92666666666668	166.83333333333334	166.67333333333335	166.35333333333332	166.11333333333334	166.13333333333333	166.4	165.78	165.65333333333334	165.68666666666667	165.23333333333332	164.74666666666667	164.28666666666666	163.91333333333333	163.42666666666668	162.96666666666667	161.88666666666666	161.58	160.32666666666665	159.54666666666665	158.71333333333334	157.25333333333333	156.09333333333333	154.72666666666666	152.16666666666666	149.64	145.78666666666666	139.16	125.38	0.0
0.0	125.46666666666667	138.78	145.32	149.40666666666667	152.24666666666667	154.02666666666667	155.74	157.27333333333334	158.82666666666665	159.59333333333333	160.14	161.4	162.1	162.58666666666667	162.95333333333335	163.42	163.79333333333332	163.93333333333334	164.28666666666666	164.8	165.02666666666667	165.39333333333335	165.28	165.74666666666667	166.07333333333332	166.04	166.19333333333333	166.07333333333332	166.72666666666666	166.6	166.78	166.5	166.9	167.19333333333333	167.07333333333332	167.1	167.21333333333334	166.82	167.06666666666666	166.86666666666667	167.17333333333335	167.08	167.18666666666667	167.11333333333334	167.00666666666666	166.62	166.68666666666667	166.48	166.32666666666665	166.02	165.75333333333333	165.58666666666667	165.39333333333335	164.88666666666666	164.53333333333333	163.81333333333333	163.1	162.69333333333333	162.15333333333334	161.56666666666666	160.74666666666667	159.45333333333335	158.24	157.04	155.99333333333334	154.18666666666667	151.82666666666665	148.97333333333333	144.84666666666666	138.40666666666667	125.54	0.0
0.0	124.98666666666666	138.22666666666666	145.14666666666668	149.28	151.89333333333335	154.62666666666667	155.88666666666666	157.71333333333334	158.80666666666667	159.77333333333334	160.67333333333335	161.24666666666667	162.06666666666666	162.98	162.83333333333334	163.96666666666667	164.02666666666667	164.47333333333333	164.49333333333334	164.75333333333333	165.24666666666667	165.28666666666666	165.56666666666666	165.5	165.83333333333334	166.06	166.27333333333334	166.53333333333333	166.86666666666667	166.75333333333333	166.75333333333333	167.0	167.01333333333332	167.24666666666667	167.13333333333333	167.2	167.38666666666666	167.14	167.42	167.44	167.51333333333332	166.96	166.89333333333335	166.58666666666667	166.72	166.34	166.53333333333333	166.45333333333335	166.02	165.82666666666665	165.6	165.38666666666666	164.97333333333333	164.58666666666667	164.14666666666668	163.93333333333334	163.03333333333333	162.4	161.96666666666667	161.28	160.43333333333334	159.44666666666666	158.44	157.7	155.94666666666666	154.2	152.43333333333334	149.36666666666667	145.50666666666666	139.14666666666668	125.38666666666667	0.0
0.0	125.44	138.39333333333335	145.08666666666667	149.60666666666665	152.34666666666666	154.92	156.26	157.36666666666667	158.69333333333333	159.76666666666668	160.68	161.03333333333333	161.63333333333333	162.25333333333333	162.67333333333335	163.04	163.36666666666667	163.91333333333333	164.25333333333333	164.63333333333333	164.44666666666666	164.69333333333333	165.19333333333333	165.32	165.32	165.72666666666666	165.89333333333335	166.12	166.47333333333333	166.41333333333333	166.68666666666667	166.78	166.54	166.64666666666668	166.91333333333333	166.71333333333334	167.00666666666666	167.49333333333334	167.02666666666667	167.20666666666668	167.30666666666667	167.33333333333334	167.02	166.93333333333334	166.77333333333334	166.76	166.28666666666666	166.08	165.98	165.66	165.36	165.08	165.02666666666667	164.71333333333334	163.86666666666667	163.85333333333332	163.41333333333333	162.6	162.19333333333333	161.34666666666666	160.85333333333332	160.32666666666665	158.68	157.76	156.64	154.64666666666668	152.54666666666665	150.27333333333334	145.89333333333335	139.09333333333333	125.3	0.0
0.0	125.06	138.46	145.26	149.69333333333333	152.51333333333332	154.48	156.14666666666668	157.74666666666667	158.82666666666665	159.62	160.50666666666666	161.54666666666665	162.02666666666667	162.85333333333332	163.06666666666666	164.02666666666667	164.3	164.74666666666667	164.92666666666668	165.46	165.58	165.78	166.27333333333334	166.01333333333332	166.71333333333334	166.73333333333332	166.81333333333333	167.12666666666667	167.16	167.42666666666668	167.52	167.61333333333334	167.82666666666665	167.67333333333335	167.38666666666666	167.62666666666667	167.54	167.69333333333333	167.71333333333334	167.66666666666666	167.48666666666668	167.62666666666667	167.71333333333334	167.43333333333334	167.46666666666667	166.82666666666665	166.72666666666666	166.72666666666666	166.22666666666666	165.84666666666666	165.84666666666666	165.52	165.42666666666668	164.90666666666667	164.26	163.82	162.93333333333334	162.44	161.8	161.14	160.70666666666668	160.10666666666665	159.07333333333332	157.77333333333334	156.19333333333333	154.52666666666667	152.30666666666667	149.6	145.58	138.70666666666668	124.97333333333333	0.0
0.0	125.18666666666667	138.52	145.12	149.20666666666668	152.18666666666667	154.46666666666667	155.8	157.51333333333332	158.46666666666667	159.17333333333335	160.12666666666667	161.22666666666666	161.6	162.28666666666666	163.07333333333332	163.26	163.59333333333333	163.84666666666666	164.37333333333333	164.72666666666666	165.09333333333333	165.2	165.42	165.57333333333332	165.77333333333334	166.18	166.2	166.66666666666666	166.50666666666666	166.52666666666667	166.86	166.93333333333334	167.2	167.07333333333332	167.62666666666667	167.54666666666665	167.44666666666666	167.61333333333334	167.15333333333334	166.91333333333333	166.89333333333335	166.8	166.82	166.31333333333333	166.38666666666666	166.16666666666666	165.9	165.44	164.88	164.60666666666665	164.38	164.44666666666666	164.3	164.07333333333332	163.9	163.22	162.45333333333335	161.99333333333334	161.61333333333334	161.29333333333332	160.4	159.56	158.66666666666666	157.28	156.08	154.27333333333334	152.36666666666667	149.57333333333332	145.27333333333334	138.74666666666667	125.73333333333333	0.0
0.0	125.08	138.76	145.44	150.03333333333333	152.73333333333332	155.08666666666667	156.56666666666666	157.83333333333334	158.67333333333335	159.29333333333332	160.52	161.4	162.46666666666667	162.82666666666665	163.46	163.81333333333333	164.4	164.98	165.44666666666666	165.65333333333334	165.98666666666668	166.01333333333332	166.38666666666666	166.46	166.87333333333333	167.13333333333333	167.7	167.49333333333334	167.64	167.86	167.86666666666667	168.15333333333334	167.70666666666668	167.4	167.66	167.66	167.64	167.62666666666667	167.59333333333333	167.69333333333333	167.44	167.24	167.06666666666666	166.92666666666668	166.93333333333334	166.72	166.3	166.20666666666668	166.14666666666668	166.02666666666667	165.81333333333333	165.14666666666668	164.77333333333334	164.43333333333334	164.34	163.63333333333333	163.29333333333332	162.78	162.30666666666667	161.56666666666666	160.86666666666667	159.71333333333334	159.0	157.56	156.39333333333335	154.94	152.76666666666668	150.02666666666667	145.02	138.87333333333333	125.64	0.0
0.0	125.38	138.76	145.10666666666665	149.19333333333333	152.38666666666666	154.22666666666666	155.88	157.4	158.57333333333332	159.44666666666666	160.28666666666666	160.82	161.13333333333333	161.7	162.67333333333335	163.36	163.35333333333332	163.93333333333334	164.24	164.60666666666665	164.66666666666666	164.99333333333334	165.57333333333332	165.54	165.84	166.34	166.24	166.39333333333335	166.48666666666668	166.38	166.48	166.66666666666666	166.92666666666668	167.19333333333333	167.04	166.82	166.78	166.86	167.15333333333334	167.08666666666667	167.08666666666667	166.80666666666667	166.24	166.4	166.10666666666665	165.86	165.63333333333333	165.46	165.31333333333333	164.96	164.82666666666665	164.24	163.71333333333334	163.48666666666668	162.9	162.78666666666666	162.24666666666667	161.81333333333333	161.01333333333332	160.67333333333335	160.10666666666665	159.13333333333333	158.38	157.29333333333332	155.98	154.33333333333334	152.11333333333334	149.21333333333334	145.22	138.98	125.16	0.0
0.0	125.30666666666667	138.78666666666666	145.36	149.47333333333333	152.32666666666665	154.52	155.96	157.36	158.34	159.35333333333332	160.09333333333333	160.7	161.20666666666668	161.91333333333333	162.79333333333332	163.24666666666667	163.74666666666667	163.98666666666668	164.18666666666667	164.63333333333333	164.89333333333335	165.09333333333333	165.24	165.66	166.01333333333332	165.95333333333335	166.34	166.66666666666666	166.76	166.99333333333334	167.33333333333334	167.22	167.17333333333335	167.06	166.92	166.91333333333333	167.06666666666666	167.07333333333332	166.57333333333332	166.81333333333333	167.02666666666667	166.57333333333332	166.22666666666666	166.19333333333333	165.78666666666666	165.70666666666668	165.58	165.00666666666666	165.08666666666667	164.86	164.42666666666668	164.23333333333332	163.91333333333333	163.87333333333333	163.40666666666667	163.44666666666666	162.64	162.32	161.76	161.11333333333334	160.50666666666666	159.43333333333334	158.72666666666666	157.68666666666667	156.22	154.92666666666668	152.74	149.74666666666667	145.98666666666668	138.91333333333333	125.11333333333333	0.0
0.0	125.48666666666666	138.49333333333334	144.92	149.45333333333335	152.1	154.25333333333333	155.94	157.36666666666667	158.92	159.86666666666667	160.50666666666666	161.63333333333333	162.2	162.54666666666665	162.88666666666666	163.81333333333333	164.38	164.63333333333333	164.97333333333333	165.42666666666668	165.98666666666668	166.22	166.28	166.38666666666666	166.71333333333334	166.83333333333334	166.85333333333332	167.14666666666668	167.28666666666666	166.93333333333334	167.01333333333332	167.10666666666665	167.18	167.16	167.22666666666666	167.32666666666665	166.92	167.1	167.46666666666667	167.11333333333334	167.42666666666668	167.04666666666665	166.64	166.65333333333334	166.41333333333333	166.23333333333332	165.98666666666668	165.95333333333335	165.74666666666667	165.31333333333333	165.0	165.07333333333332	164.74666666666667	164.5	164.34666666666666	163.94	163.59333333333333	162.97333333333333	162.46666666666667	161.8	160.72666666666666	159.65333333333334	159.06	157.70666666666668	156.32	155.06	152.64	149.92666666666668	145.77333333333334	139.29333333333332	125.46666666666667	0.0
0.0	125.28	138.94	145.6	148.99333333333334	152.22666666666666	154.48	156.06666666666666	157.20666666666668	158.4	159.34666666666666	159.85333333333332	160.72666666666666	161.38	162.13333333333333	162.95333333333335	163.41333333333333	163.58	163.9	164.76666666666668	165.01333333333332	165.27333333333334	165.33333333333334	165.28	166.08666666666667	166.3	166.44	166.96666666666667	167.05333333333334	167.49333333333334	167.21333333333334	167.20666666666668	167.32	167.16	166.83333333333334	167.5	166.88666666666666	166.71333333333334	166.72666666666666	166.77333333333334	166.57333333333332	167.14	166.73333333333332	166.9	166.31333333333333	166.52666666666667	166.31333333333333	166.36666666666667	166.06666666666666	165.58	165.5	165.11333333333334	165.16	164.54666666666665	164.13333333333333	163.68666666666667	163.38666666666666	163.26	162.50666666666666	162.19333333333333	161.29333333333332	160.58666666666667	159.50666666666666	158.69333333333333	158.04	156.37333333333333	154.64666666666668	152.58	149.67333333333335	145.66	138.66	125.35333333333334	0.0
0.0	125.24	138.66666666666666	144.92666666666668	149.03333333333333	152.12	154.06	155.84	157.6	158.84	159.49333333333334	160.46666666666667	160.73333333333332	161.70666666666668	162.09333333333333	162.82666666666665	163.17333333333335	163.35333333333332	164.02666666666667	164.57333333333332	164.81333333333333	165.16666666666666	165.90666666666667	165.61333333333334	165.72666666666666	165.73333333333332	165.64666666666668	166.09333333333333	165.97333333333333	166.35333333333332	166.81333333333333	166.88666666666666	166.94	166.75333333333333	166.72666666666666	167.05333333333334	166.8	166.82666666666665	166.76666666666668	166.76	166.88666666666666	166.46666666666667	166.72666666666666	166.56666666666666	166.41333333333333	166.02666666666667	166.17333333333335	165.87333333333333	165.52	165.52666666666667	165.46	165.13333333333333	164.85333333333332	164.28666666666666	163.58666666666667	163.4	163.14666666666668	162.86	161.9	161.72666666666666	160.75333333333333	160.22666666666666	159.15333333333334	158.26666666666668	157.46666666666667	155.87333333333333	154.34	152.12666666666667	149.42666666666668	145.02666666666667	139.04666666666665	125.42666666666666	0.0
0.0	125.44666666666667	138.87333333333333	145.32	149.43333333333334	152.20666666666668	154.46	156.04666666666665	157.72	158.34666666666666	159.48	160.63333333333333	161.29333333333332	161.96666666666667	162.44	162.75333333333333	163.45333333333335	163.69333333333333	164.25333333333333	164.82	164.98666666666668	165.47333333333333	165.59333333333333	165.68	166.13333333333333	166.39333333333335	166.42666666666668	166.8	166.90666666666667	166.88	167.12	167.17333333333335	167.12666666666667	167.41333333333333	167.74	167.7	167.92666666666668	167.47333333333333	167.66	167.20666666666668	166.84666666666666	166.87333333333333	166.88666666666666	166.84	166.72	166.54	166.32666666666665	166.27333333333334	166.04666666666665	165.75333333333333	165.76666666666668	165.33333333333334	165.26	164.70666666666668	164.36	163.94	163.62	163.25333333333333	162.74666666666667	161.68666666666667	161.18666666666667	160.47333333333333	159.44666666666666	158.52666666666667	157.46666666666667	156.09333333333333	154.46	152.20666666666668	149.48666666666668	145.55333333333334	138.78	125.52666666666667	0.0
0.0	125.06	138.36	145.41333333333333	149.92	152.6	154.62666666666667	156.04666666666665	157.66666666666666	158.71333333333334	159.41333333333333	160.28666666666666	161.54	162.18	162.41333333333333	162.68666666666667	163.52666666666667	164.1	164.50666666666666	164.78666666666666	165.25333333333333	165.7	166.14	166.74666666666667	166.74	166.79333333333332	167.4	167.53333333333333	167.91333333333333	167.79333333333332	167.98	167.82	167.88	168.07333333333332	168.10666666666665	167.66	167.56	167.56666666666666	167.18	167.5	167.62	167.36666666666667	167.33333333333334	167.45333333333335	167.24	167.44666666666666	167.54	166.68	166.56	166.38	166.29333333333332	165.88666666666666	165.79333333333332	165.89333333333335	164.94666666666666	164.42666666666668	163.87333333333333	163.61333333333334	162.90666666666667	161.92	161.51333333333332	160.67333333333335	159.82	159.22	157.73333333333332	155.88	154.30666666666667	152.40666666666667	149.78	145.34666666666666	138.48666666666668	125.20666666666666	0.0
0.0	125.24666666666667	138.45333333333335	145.34	149.15333333333334	151.64666666666668	154.02	156.14	157.69333333333333	158.59333333333333	159.7	160.43333333333334	161.06	162.10666666666665	162.34	163.00666666666666	163.24666666666667	164.17333333333335	164.14	164.89333333333335	165.30666666666667	165.62666666666667	165.60666666666665	165.98666666666668	165.91333333333333	166.06666666666666	166.34666666666666	166.03333333333333	166.69333333333333	166.74	166.88	166.82666666666665	167.40666666666667	167.01333333333332	166.71333333333334	166.67333333333335	166.95333333333335	167.29333333333332	167.28	167.16666666666666	167.38	166.86	166.49333333333334	166.71333333333334	166.58	166.41333333333333	166.38666666666666	166.22	165.72	165.58666666666667	165.47333333333333	165.2	165.02666666666667	164.66	164.42666666666668	163.54666666666665	163.28	162.68666666666667	162.56	161.92	161.00666666666666	160.46666666666667	159.74666666666667	158.92	157.32666666666665	156.07333333333332	154.54666666666665	152.61333333333334	149.61333333333334	145.92666666666668	138.99333333333334	125.57333333333334	0.0
0.0	125.22666666666667	138.68	145.00666666666666	149.66	152.62	154.68666666666667	156.56666666666666	157.91333333333333	159.12666666666667	160.00666666666666	161.06666666666666	161.89333333333335	162.60666666666665	163.44	163.59333333333333	164.42666666666668	164.75333333333333	165.18	165.11333333333334	165.63333333333333	166.36666666666667	166.46	166.8	166.92	166.80666666666667	167.37333333333333	167.21333333333334	167.25333333333333	167.57333333333332	167.68666666666667	167.55333333333334	167.55333333333334	167.36666666666667	167.30666666666667	167.11333333333334	167.07333333333332	167.35333333333332	167.30666666666667	167.6	167.52	167.01333333333332	167.18666666666667	167.06	166.9	166.81333333333333	166.69333333333333	166.24666666666667	166.14	166.11333333333334	165.62666666666667	165.45333333333335	165.18	165.04	164.56	163.94	163.67333333333335	163.19333333333333	162.41333333333333	161.91333333333333	161.20666666666668	160.54666666666665	160.25333333333333	159.06	158.28666666666666	156.61333333333334	154.35333333333332	152.66666666666666	149.58	145.73333333333332	139.01333333333332	125.3	0.0
