0.0	128.36666666666667	140.35333333333332	145.23333333333332	147.75333333333333	149.22	150.25333333333333	150.96	151.14	151.64	151.7	152.28666666666666	152.52666666666667	152.48666666666668	152.69333333333333	152.60666666666665	152.58	152.47333333333333	152.72666666666666	152.81333333333333	152.86	153.40666666666667	153.24666666666667	153.34666666666666	153.22666666666666	153.30666666666667	153.16666666666666	153.14666666666668	153.04	153.28	153.32666666666665	153.34	153.4	153.38666666666666	153.42666666666668	153.14666666666668	153.06	153.32	153.21333333333334	153.34666666666666	153.31333333333333	153.37333333333333	153.28	153.17333333333335	153.18666666666667	152.94666666666666	152.88666666666666	152.94666666666666	153.14	153.1	153.08	153.00666666666666	152.86	152.95333333333335	152.67333333333335	152.74	152.32666666666665	152.40666666666667	152.57333333333332	152.39333333333335	152.6	152.38666666666666	152.11333333333334	151.54666666666665	151.29333333333332	150.57333333333332	150.10666666666665	149.02666666666667	147.59333333333333	144.74666666666667	139.77333333333334	128.28	0.0
0.0	128.29333333333332	140.16	145.09333333333333	147.66	149.34	150.19333333333333	150.82	151.33333333333334	151.73333333333332	152.01333333333332	152.48666666666668	152.67333333333335	152.58	152.88	152.76666666666668	152.74	152.72666666666666	152.78666666666666	152.75333333333333	152.98666666666668	153.02666666666667	153.05333333333334	153.05333333333334	153.14666666666668	153.28666666666666	153.12	153.21333333333334	153.12	153.28666666666666	153.14	153.08666666666667	152.89333333333335	152.86	153.04	153.18666666666667	153.03333333333333	153.16666666666666	152.95333333333335	153.02666666666667	152.92666666666668	153.12666666666667	153.24666666666667	153.08	153.18666666666667	152.98666666666668	153.05333333333334	153.22666666666666	153.25333333333333	152.79333333333332	152.86	152.76	152.78666666666666	152.42	152.76666666666668	152.87333333333333	152.6	152.7	152.69333333333333	152.55333333333334	152.68	152.18	152.07333333333332	151.83333333333334	151.65333333333334	151.08666666666667	150.46666666666667	149.27333333333334	147.48	144.88666666666666	140.25333333333333	128.63333333333333	0.0
0.0	128.19333333333333	140.12	145.47333333333333	148.02	149.86	150.90666666666667	151.48	151.72	152.17333333333335	152.41333333333333	152.46666666666667	152.60666666666665	152.88666666666666	152.82	153.07333333333332	153.12666666666667	153.44666666666666	153.75333333333333	153.90666666666667	153.78	153.89333333333335	154.16	153.94666666666666	153.86666666666667	153.86666666666667	153.72	153.57333333333332	153.71333333333334	153.63333333333333	153.70666666666668	153.71333333333334	153.47333333333333	153.54666666666665	153.96	153.81333333333333	153.80666666666667	153.66	153.59333333333333	153.77333333333334	153.92666666666668	153.76666666666668	153.72666666666666	153.56	153.56	153.78666666666666	153.61333333333334	153.49333333333334	153.62	153.72666666666666	153.56666666666666	153.54666666666665	153.40666666666667	153.46666666666667	153.61333333333334	153.34	153.2	153.23333333333332	153.41333333333333	153.29333333333332	153.28666666666666	153.02	152.59333333333333	152.42	152.1	151.64666666666668	150.66666666666666	149.75333333333333	148.38	145.68	140.62	128.16	0.0
0.0	128.42666666666668	140.76666666666668	145.3	147.68	149.15333333333334	150.25333333333333	150.85333333333332	151.59333333333333	152.08666666666667	152.6	152.82666666666665	152.93333333333334	153.28	153.18	152.76	153.04666666666665	153.07333333333332	153.1	153.33333333333334	153.38666666666666	153.52666666666667	153.64666666666668	153.54666666666665	153.35333333333332	153.23333333333332	153.36	153.54	153.58666666666667	153.46	153.65333333333334	153.64	153.59333333333333	153.56	153.72	153.82	153.86	153.61333333333334	154.04666666666665	153.69333333333333	153.40666666666667	153.47333333333333	153.52	153.32	153.28	153.24	153.47333333333333	153.16666666666666	153.31333333333333	153.56	153.46666666666667	153.42666666666668	153.47333333333333	153.15333333333334	153.5	153.32666666666665	153.29333333333332	153.32666666666665	153.07333333333332	152.78	152.88	152.59333333333333	152.24	152.32666666666665	151.77333333333334	151.18	150.64	149.72666666666666	147.95333333333335	145.14666666666668	140.04	128.00666666666666	0.0
0.0	128.5	140.45333333333335	145.36666666666667	147.98	149.28666666666666	150.5	151.06666666666666	151.86666666666667	152.22666666666666	152.3	152.59333333333333	152.62	152.86666666666667	152.96	152.94666666666666	153.51333333333332	153.76666666666668	153.66666666666666	153.45333333333335	153.45333333333335	153.30666666666667	153.13333333333333	153.47333333333333	153.44666666666666	153.28666666666666	153.43333333333334	153.55333333333334	153.88	153.87333333333333	153.89333333333335	153.66	153.91333333333333	153.8	153.72666666666666	153.56	153.59333333333333	153.71333333333334	153.79333333333332	153.82	153.9	153.68666666666667	153.49333333333334	153.57333333333332	153.44666666666666	153.5	153.4	153.7	153.56666666666666	153.12	153.46666666666667	153.37333333333333	153.5	153.43333333333334	153.68666666666667	153.14666666666668	153.04666666666665	152.74666666666667	153.04666666666665	152.87333333333333	152.80666666666667	152.48666666666668	151.99333333333334	151.92666666666668	151.64	151.31333333333333	150.49333333333334	149.59333333333333	148.02666666666667	145.30666666666667	140.50666666666666	128.12	0.0
0.0	127.84	140.30666666666667	145.23333333333332	147.82666666666665	149.36	150.72666666666666	151.22	151.8	152.12666666666667	152.3	152.64666666666668	152.80666666666667	153.03333333333333	153.28666666666666	153.03333333333333	153.02	153.10666666666665	153.02	153.54666666666665	153.37333333333333	153.45333333333335	153.32	153.44666666666666	153.27333333333334	153.49333333333334	153.40666666666667	153.4	153.58666666666667	153.32666666666665	153.47333333333333	153.56666666666666	153.54	153.44	153.49333333333334	153.34	153.28666666666666	153.3	153.34666666666666	153.22666666666666	153.51333333333332	153.62666666666667	153.59333333333333	153.74666666666667	153.76666666666668	153.72	153.64666666666668	153.32	153.59333333333333	153.36666666666667	153.4	153.31333333333333	153.36	153.16666666666666	153.02	152.89333333333335	152.96666666666667	152.65333333333334	152.61333333333334	152.48666666666668	152.37333333333333	152.22	152.12	151.83333333333334	151.48	150.92666666666668	150.56	149.54666666666665	147.83333333333334	145.13333333333333	140.09333333333333	128.12	0.0
0.0	128.44	140.43333333333334	145.27333333333334	148.3	149.73333333333332	150.68	151.22666666666666	151.72666666666666	152.22666666666666	152.42	152.82666666666665	153.12	153.1	153.14666666666668	153.28666666666666	153.56666666666666	153.27333333333334	153.15333333333334	153.16	153.36666666666667	153.52	153.56	153.58	153.75333333333333	154.17333333333335	153.90666666666667	153.52666666666667	153.44666666666666	153.58666666666667	153.62	153.92666666666668	153.72	153.68666666666667	153.76666666666668	153.58666666666667	153.82666666666665	153.93333333333334	153.84	153.65333333333334	153.69333333333333	153.67333333333335	153.83333333333334	153.42	153.82666666666665	153.82	154.07333333333332	154.31333333333333	153.92666666666668	154.07333333333332	153.69333333333333	154.0	153.82	153.52666666666667	153.27333333333334	153.26	153.41333333333333	153.18666666666667	153.18666666666667	153.11333333333334	153.0	152.85333333333332	152.56	152.38666666666666	151.92666666666668	151.23333333333332	150.57333333333332	149.37333333333333	148.27333333333334	145.65333333333334	140.88	128.94666666666666	0.0
0.0	128.20666666666668	140.12	145.2	148.12	149.39333333333335	150.31333333333333	151.22666666666666	151.94666666666666	152.14	152.40666666666667	152.78	153.06666666666666	153.18	153.18	153.21333333333334	153.44666666666666	153.19333333333333	153.44666666666666	153.27333333333334	153.44666666666666	153.16	153.28	153.48	153.3	153.27333333333334	153.08	153.39333333333335	153.32666666666665	153.71333333333334	153.43333333333334	153.56	153.54	153.42	153.41333333333333	153.84	153.90666666666667	153.44666666666666	153.96	153.53333333333333	153.94666666666666	153.86	153.9	153.85333333333332	153.74666666666667	153.50666666666666	153.22	153.23333333333332	153.37333333333333	153.32666666666665	153.06	153.46	153.35333333333332	153.54	153.11333333333334	153.12	153.18	152.96	152.82666666666665	152.64666666666668	152.72666666666666	152.16666666666666	152.27333333333334	152.27333333333334	151.93333333333334	151.1	150.67333333333335	149.44	147.91333333333333	145.10666666666665	140.28	128.56	0.0
0.0	128.54666666666665	140.63333333333333	145.49333333333334	148.26666666666668	149.66	150.8	151.30666666666667	151.78666666666666	152.32	152.6	152.87333333333333	152.98	153.16	153.14666666666668	153.29333333333332	153.25333333333333	153.39333333333335	153.47333333333333	153.59333333333333	153.61333333333334	153.44	153.38666666666666	153.44	153.51333333333332	153.70666666666668	153.6	153.67333333333335	153.62	153.82	153.74	153.79333333333332	153.5	153.58666666666667	153.42666666666668	153.46666666666667	153.75333333333333	153.67333333333335	153.58	153.63333333333333	153.52666666666667	153.63333333333333	153.95333333333335	153.75333333333333	153.66	153.48666666666668	153.82666666666665	153.78	153.78666666666666	153.59333333333333	153.48	153.53333333333333	153.77333333333334	153.58666666666667	153.6	153.67333333333335	153.42666666666668	153.27333333333334	153.39333333333335	153.32	153.08666666666667	153.05333333333334	152.82666666666665	152.34	152.09333333333333	151.39333333333335	150.52666666666667	149.61333333333334	148.08666666666667	145.64	140.34	128.47333333333333	0.0
0.0	128.45333333333335	140.41333333333333	145.12	148.15333333333334	149.58	150.82666666666665	151.48	151.72666666666666	152.23333333333332	152.53333333333333	152.99333333333334	153.08	153.28666666666666	153.18666666666667	153.27333333333334	153.63333333333333	153.70666666666668	153.31333333333333	153.38666666666666	153.41333333333333	153.62666666666667	153.52	153.72666666666666	153.94	153.73333333333332	153.68	153.69333333333333	153.83333333333334	153.68666666666667	153.80666666666667	153.78	153.81333333333333	153.98	154.08	153.69333333333333	153.66	153.80666666666667	154.00666666666666	153.68666666666667	153.58666666666667	153.52	153.40666666666667	153.53333333333333	153.68666666666667	153.37333333333333	153.86	154.02666666666667	154.08	154.09333333333333	153.99333333333334	153.7	153.74	153.64666666666668	153.81333333333333	153.59333333333333	153.32666666666665	153.35333333333332	153.26666666666668	153.20666666666668	153.12	152.88666666666666	152.36666666666667	152.36666666666667	152.22666666666666	151.4	150.88	149.54666666666665	147.97333333333333	145.29333333333332	140.21333333333334	128.04666666666665	0.0
0.0	128.84	140.12	145.20666666666668	148.2	149.54666666666665	150.45333333333335	151.15333333333334	151.74666666666667	151.76666666666668	152.18	152.4	152.50666666666666	152.6	152.57333333333332	152.62666666666667	152.82666666666665	152.87333333333333	153.0	152.61333333333334	152.71333333333334	152.65333333333334	152.66666666666666	152.86666666666667	152.78	152.94	152.93333333333334	152.88666666666666	152.80666666666667	152.92	153.10666666666665	152.91333333333333	153.22666666666666	153.15333333333334	153.04666666666665	152.77333333333334	152.92666666666668	153.09333333333333	153.05333333333334	152.58	152.76666666666668	152.7	152.73333333333332	152.96	152.72	152.74666666666667	152.64	152.70666666666668	152.72666666666666	152.76	152.92	152.92	152.92	152.88666666666666	152.96666666666667	152.46666666666667	152.74	152.54	152.88	152.36666666666667	152.64	152.47333333333333	152.1	151.67333333333335	151.3	150.90666666666667	150.03333333333333	149.17333333333335	147.70666666666668	145.07333333333332	140.31333333333333	128.72	0.0
0.0	128.38	140.16	145.28	147.85333333333332	149.61333333333334	150.84	151.54666666666665	151.9	152.32666666666665	152.56666666666666	152.83333333333334	152.87333333333333	153.00666666666666	153.1	153.10666666666665	153.32666666666665	153.50666666666666	153.08	153.14666666666668	153.12	153.29333333333332	153.72666666666666	153.3	153.57333333333332	153.51333333333332	153.33333333333334	153.54666666666665	153.58	153.71333333333334	153.71333333333334	153.44666666666666	153.48	153.31333333333333	153.01333333333332	153.29333333333332	153.34	153.35333333333332	153.08666666666667	153.26	153.25333333333333	153.39333333333335	153.32666666666665	153.13333333333333	153.52666666666667	153.56	153.52	153.4	153.67333333333335	153.28666666666666	153.28666666666666	153.32	153.42	153.55333333333334	153.40666666666667	153.40666666666667	153.48	153.16	152.88666666666666	152.92666666666668	152.70666666666668	152.46666666666667	152.08	151.66666666666666	151.17333333333335	150.92	150.27333333333334	149.12666666666667	147.8	145.22	140.00666666666666	128.50666666666666	0.0
0.0	128.58	140.22	145.48666666666668	148.26	149.8	150.7	151.54666666666665	151.92	152.6	152.65333333333334	152.68666666666667	152.83333333333334	153.21333333333334	153.41333333333333	153.13333333333333	153.49333333333334	153.44666666666666	153.53333333333333	153.38666666666666	153.84	153.14666666666668	153.56666666666666	153.44	153.56666666666666	153.52666666666667	153.35333333333332	153.62	153.78666666666666	153.57333333333332	153.58	153.74666666666667	153.60666666666665	153.65333333333334	153.88666666666666	153.8	153.86666666666667	153.80666666666667	153.84666666666666	153.69333333333333	153.79333333333332	153.8	153.94	153.93333333333334	154.04	154.17333333333335	153.95333333333335	153.60666666666665	153.7	153.54	153.71333333333334	153.46666666666667	153.59333333333333	153.66666666666666	153.39333333333335	153.27333333333334	153.39333333333335	153.38	153.40666666666667	153.14	152.88666666666666	152.79333333333332	152.63333333333333	152.19333333333333	151.77333333333334	151.54666666666665	150.45333333333335	149.57333333333332	148.14	145.42	140.39333333333335	128.51333333333332	0.0
0.0	128.02666666666667	140.27333333333334	145.45333333333335	148.02666666666667	149.58	150.66666666666666	151.10666666666665	152.0	152.31333333333333	152.73333333333332	152.50666666666666	152.46	153.06666666666666	153.12666666666667	153.12	153.28666666666666	153.38666666666666	153.51333333333332	153.58666666666667	153.5	153.54	153.65333333333334	153.68666666666667	153.92	153.63333333333333	153.64666666666668	153.76	153.84	153.71333333333334	153.65333333333334	153.72666666666666	153.64	153.48	153.61333333333334	153.57333333333332	153.82	153.72	153.83333333333334	153.46666666666667	153.62666666666667	153.67333333333335	153.52666666666667	153.59333333333333	153.45333333333335	153.74	153.62666666666667	153.72	153.62	153.5	153.45333333333335	153.33333333333334	153.25333333333333	153.17333333333335	153.18	153.22	152.98666666666668	152.69333333333333	152.94	152.71333333333334	152.68	152.66	152.38	152.31333333333333	151.74	151.25333333333333	150.38	149.48	147.79333333333332	145.13333333333333	140.11333333333334	128.13333333333333	0.0
0.0	128.46666666666667	140.30666666666667	145.16666666666666	147.86666666666667	149.78	150.88	151.2	151.84666666666666	152.22666666666666	152.4	152.84	153.07333333333332	153.24	153.32	153.42666666666668	153.32	153.48	153.84	153.72666666666666	153.81333333333333	153.70666666666668	153.53333333333333	153.82	153.62666666666667	153.58	153.81333333333333	153.65333333333334	153.62666666666667	153.60666666666665	153.8	153.78666666666666	153.71333333333334	153.63333333333333	153.94666666666666	153.58666666666667	154.09333333333333	153.9	153.85333333333332	153.66666666666666	153.52666666666667	153.74666666666667	153.71333333333334	153.95333333333335	153.73333333333332	153.74666666666667	153.56666666666666	153.24666666666667	153.32	153.38	153.26	153.24666666666667	153.57333333333332	153.42	153.40666666666667	153.33333333333334	153.14	153.18	153.00666666666666	153.08	153.02	152.98666666666668	152.66666666666666	152.17333333333335	151.76	151.34666666666666	150.64666666666668	149.5	147.88666666666666	145.41333333333333	140.33333333333334	128.05333333333334	0.0
0.0	128.01333333333332	140.41333333333333	145.34	147.86	149.68	150.6	151.35333333333332	151.60666666666665	152.09333333333333	152.77333333333334	152.62666666666667	152.75333333333333	153.01333333333332	153.14666666666668	153.20666666666668	153.21333333333334	153.46666666666667	153.66	153.63333333333333	153.35333333333332	153.62666666666667	153.41333333333333	153.29333333333332	153.15333333333334	153.27333333333334	153.58	153.2	153.24	153.23333333333332	153.24	153.08666666666667	153.18666666666667	153.53333333333333	153.66666666666666	153.54	153.65333333333334	153.59333333333333	153.63333333333333	153.58	153.53333333333333	153.4	153.41333333333333	153.58666666666667	153.47333333333333	153.54666666666665	153.3	153.28666666666666	153.28666666666666	153.38	153.17333333333335	153.44	152.97333333333333	153.06666666666666	153.04666666666665	153.07333333333332	153.06	152.74666666666667	152.59333333333333	152.62	152.33333333333334	152.52666666666667	152.42	151.86	151.68666666666667	151.01333333333332	150.41333333333333	149.41333333333333	147.72666666666666	145.16	139.98	128.05333333333334	0.0
0.0	128.44	140.28666666666666	145.0	147.48	149.31333333333333	150.55333333333334	151.13333333333333	151.58	151.86	152.12	152.58	152.79333333333332	152.59333333333333	152.90666666666667	152.98666666666668	153.06666666666666	153.00666666666666	153.14	153.22666666666666	153.07333333333332	153.42666666666668	153.56	153.42666666666668	153.24666666666667	153.30666666666667	153.22	153.38666666666666	153.46666666666667	153.54666666666665	153.26666666666668	153.19333333333333	153.25333333333333	153.51333333333332	153.32666666666665	153.78666666666666	153.48	153.58	153.92666666666668	153.74	153.82666666666665	153.66666666666666	153.76	153.67333333333335	153.68	153.76666666666668	153.8	153.29333333333332	153.32666666666665	153.33333333333334	153.50666666666666	153.17333333333335	153.21333333333334	153.08666666666667	153.27333333333334	153.54	153.14	152.56666666666666	152.71333333333334	152.74666666666667	152.48	152.41333333333333	152.22666666666666	152.12	151.75333333333333	151.04666666666665	150.42	149.35333333333332	147.76666666666668	145.16666666666666	140.07333333333332	128.5	0.0
0.0	128.54666666666665	140.10666666666665	145.02	146.97333333333333	149.11333333333334	149.82666666666665	150.85333333333332	151.19333333333333	151.64	151.90666666666667	152.08	152.16	152.26666666666668	152.37333333333333	152.87333333333333	152.89333333333335	152.74666666666667	152.76	152.91333333333333	153.02	153.1	153.00666666666666	152.94666666666666	152.74666666666667	152.92666666666668	153.16	152.86666666666667	153.18666666666667	152.74666666666667	153.12	153.18	153.06	153.33333333333334	153.47333333333333	153.06666666666666	153.19333333333333	153.32	153.22666666666666	153.00666666666666	153.2	152.85333333333332	152.86	153.09333333333333	152.52	152.6	152.54	152.90666666666667	152.82666666666665	152.57333333333332	152.46666666666667	152.52	152.50666666666666	152.52	152.54	152.58666666666667	152.47333333333333	152.49333333333334	152.44	152.48	152.36	152.56	152.11333333333334	151.85333333333332	151.36666666666667	151.1	150.42666666666668	149.44	147.77333333333334	145.13333333333333	140.36666666666667	128.86666666666667	0.0
0.0	128.54666666666665	140.44	145.44	148.02	149.44666666666666	150.58	151.36666666666667	151.98	152.17333333333335	152.78	152.92	152.88	153.34666666666666	153.26	153.53333333333333	153.52	153.42	153.28	153.16	153.42666666666668	153.56666666666666	153.49333333333334	153.46	153.73333333333332	153.84	153.78666666666666	153.65333333333334	153.72666666666666	153.72666666666666	153.72	153.72666666666666	153.78666666666666	153.76666666666668	153.84	153.91333333333333	153.85333333333332	153.5	153.36666666666667	153.28666666666666	153.31333333333333	153.67333333333335	153.77333333333334	153.64	153.66666666666666	153.58666666666667	153.32	153.31333333333333	153.48	153.34666666666666	153.48	153.82	153.72	153.65333333333334	153.54666666666665	153.32666666666665	153.28	153.07333333333332	152.62666666666667	152.85333333333332	152.96666666666667	152.65333333333334	152.60666666666665	152.20666666666668	151.44	150.98	150.39333333333335	149.28	147.88666666666666	145.21333333333334	140.18666666666667	128.36666666666667	0.0
0.0	128.3	140.38666666666666	145.14666666666668	148.14	149.72	150.92666666666668	151.56666666666666	152.43333333333334	152.52666666666667	152.7	152.78	152.74666666666667	152.96	153.34666666666666	153.36	153.54	153.44	153.34	153.86666666666667	154.02	153.86666666666667	153.8	153.64	153.8	153.78	153.72666666666666	153.63333333333333	153.48666666666668	153.66	153.78666666666666	153.92	153.52666666666667	153.52	153.82	153.88	153.79333333333332	153.87333333333333	154.08666666666667	153.50666666666666	153.7	153.68666666666667	153.69333333333333	153.87333333333333	153.94666666666666	153.6	153.42	153.53333333333333	153.84	153.98666666666668	154.01333333333332	153.81333333333333	153.72	154.02	153.90666666666667	153.88	153.60666666666665	153.52	153.32666666666665	153.26666666666668	153.36666666666667	152.88666666666666	153.04	152.52	151.86	151.47333333333333	150.76	149.8	148.26	145.16666666666666	140.1	127.95333333333333	0.0
0.0	128.44666666666666	140.02666666666667	145.26666666666668	148.11333333333334	149.34	150.60666666666665	151.34	151.54666666666665	152.21333333333334	151.89333333333335	152.26666666666668	152.18666666666667	152.36	152.36	152.38666666666666	152.64	153.05333333333334	153.00666666666666	152.74	152.97333333333333	152.98666666666668	153.14666666666668	153.16	153.32	153.28666666666666	153.36666666666667	153.13333333333333	153.32	153.45333333333335	153.59333333333333	153.42	153.41333333333333	153.54	153.74666666666667	153.48	153.34	153.86666666666667	153.74	153.54666666666665	153.58	153.51333333333332	153.70666666666668	153.54	153.57333333333332	153.83333333333334	153.89333333333335	153.62	153.78666666666666	153.60666666666665	153.72666666666666	153.49333333333334	153.38666666666666	153.27333333333334	153.16	153.38666666666666	153.09333333333333	153.02	153.10666666666665	152.97333333333333	152.74666666666667	152.48666666666668	152.08666666666667	151.86	151.5	151.11333333333334	150.34	149.22	147.83333333333334	145.02666666666667	140.44	128.40666666666667	0.0
0.0	128.84666666666666	140.70666666666668	145.2	147.75333333333333	149.26666666666668	150.37333333333333	150.99333333333334	151.6	152.2	152.5	152.64	152.98	153.16	153.21333333333334	152.89333333333335	153.24666666666667	153.4	153.42666666666668	153.41333333333333	153.26	153.42666666666668	153.40666666666667	153.17333333333335	153.44	153.52	153.37333333333333	153.41333333333333	153.48666666666668	153.28666666666666	153.42666666666668	153.46	153.44666666666666	153.66666666666666	153.68	153.76	153.85333333333332	153.91333333333333	153.69333333333333	153.76666666666668	153.62666666666667	153.74666666666667	153.7	153.75333333333333	153.86	153.68	154.00666666666666	153.49333333333334	153.68666666666667	153.54666666666665	153.28	153.53333333333333	153.48666666666668	153.18	153.16	153.08666666666667	153.04666666666665	152.8	153.03333333333333	152.85333333333332	152.87333333333333	152.67333333333335	152.66666666666666	152.27333333333334	151.83333333333334	151.38666666666666	150.65333333333334	149.74	147.72666666666666	145.02666666666667	140.10666666666665	128.42666666666668	0.0
0.0	128.34	140.02	144.94666666666666	148.12666666666667	149.78666666666666	150.74666666666667	151.14	151.86666666666667	151.99333333333334	152.36	152.59333333333333	152.63333333333333	152.70666666666668	152.86666666666667	153.04666666666665	153.28	153.55333333333334	153.24666666666667	153.22666666666666	153.41333333333333	153.48	153.67333333333335	153.92666666666668	153.94666666666666	153.86666666666667	153.91333333333333	154.14666666666668	154.06666666666666	154.34666666666666	154.31333333333333	154.19333333333333	154.12	154.28666666666666	153.98666666666668	153.90666666666667	153.96666666666667	154.24	154.26666666666668	153.94666666666666	154.07333333333332	153.92666666666668	153.76	153.84	153.72666666666666	153.84	153.91333333333333	153.76666666666668	153.74666666666667	153.92666666666668	153.68666666666667	153.86	153.74666666666667	153.8	153.52	153.40666666666667	153.44666666666666	153.32666666666665	153.32	152.93333333333334	152.77333333333334	152.93333333333334	152.50666666666666	152.32	151.75333333333333	151.34666666666666	150.54666666666665	149.62	148.22666666666666	145.17333333333335	140.1	127.92666666666666	0.0
0.0	128.42	140.28	145.78666666666666	147.70666666666668	149.94666666666666	150.86666666666667	151.52666666666667	152.16	152.09333333333333	152.32666666666665	152.74666666666667	152.61333333333334	152.93333333333334	153.10666666666665	153.08	153.3	153.38	153.43333333333334	153.48666666666668	153.18	153.70666666666668	153.52666666666667	153.64666666666668	153.46	153.84	153.55333333333334	153.74666666666667	153.8	153.77333333333334	154.02	153.66	153.80666666666667	153.81333333333333	153.92666666666668	153.70666666666668	153.74	153.74666666666667	153.72666666666666	153.73333333333332	153.72666666666666	154.05333333333334	153.82	153.91333333333333	153.76666666666668	153.79333333333332	153.66	153.72666666666666	153.66	153.76	153.84666666666666	153.92666666666668	153.52	153.43333333333334	153.40666666666667	153.35333333333332	153.21333333333334	153.16666666666666	152.92	152.96	152.93333333333334	153.07333333333332	152.70666666666668	152.38666666666666	152.06	151.34666666666666	150.4	149.26666666666668	147.96	145.31333333333333	140.27333333333334	128.60666666666665	0.0
0.0	128.66	140.39333333333335	145.09333333333333	147.84	149.44666666666666	150.37333333333333	151.22666666666666	151.46	151.66666666666666	152.11333333333334	152.36666666666667	152.90666666666667	152.85333333333332	152.94666666666666	152.99333333333334	152.92	153.32666666666665	153.00666666666666	153.28	153.09333333333333	153.43333333333334	153.8	153.40666666666667	153.92	153.71333333333334	153.42	153.57333333333332	153.66666666666666	153.68	153.32666666666665	153.34	153.46666666666667	153.38666666666666	153.36	153.49333333333334	153.22666666666666	153.49333333333334	153.36	153.32	153.86666666666667	153.71333333333334	153.54	153.4	153.32	153.46	153.47333333333333	153.48666666666668	153.26	153.4	153.24	153.26	153.29333333333332	153.26	153.18	153.36	153.2	153.22666666666666	153.03333333333333	152.82	152.60666666666665	152.51333333333332	152.12666666666667	152.10666666666665	151.39333333333335	151.22666666666666	150.29333333333332	149.41333333333333	147.99333333333334	144.9	140.48	128.06666666666666	0.0
0.0	128.20666666666668	140.25333333333333	145.68666666666667	147.97333333333333	149.16666666666666	150.4	151.24	151.82	152.02	152.28	152.54666666666665	152.91333333333333	152.86666666666667	152.83333333333334	153.36	153.38	153.46666666666667	153.54	153.39333333333335	153.62666666666667	153.54	153.72666666666666	153.54	153.75333333333333	153.86666666666667	153.50666666666666	153.58666666666667	153.95333333333335	153.78	153.84	153.45333333333335	153.88666666666666	153.82666666666665	153.50666666666666	153.55333333333334	153.72	153.88	153.56	153.56666666666666	153.66666666666666	153.21333333333334	153.54666666666665	153.45333333333335	153.55333333333334	153.57333333333332	153.38	153.35333333333332	153.51333333333332	153.38666666666666	153.49333333333334	153.47333333333333	153.49333333333334	153.16	153.12666666666667	153.34666666666666	153.36	153.16	152.82666666666665	153.22666666666666	152.94	152.7	152.52666666666667	152.08666666666667	151.86666666666667	151.42	150.59333333333333	149.56666666666666	147.85333333333332	145.27333333333334	139.90666666666667	128.13333333333333	0.0
0.0	128.58	140.38	145.36	147.72666666666666	149.52	150.16	150.90666666666667	151.62666666666667	152.31333333333333	152.34	152.54	152.93333333333334	152.8	153.24666666666667	153.04666666666665	153.14666666666668	153.04666666666665	152.96	153.1	153.16	153.44	153.29333333333332	153.34666666666666	153.24666666666667	153.4	153.27333333333334	153.04666666666665	153.26666666666668	153.52666666666667	153.50666666666666	153.53333333333333	153.53333333333333	153.51333333333332	153.68666666666667	154.02666666666667	153.64	153.60666666666665	153.75333333333333	153.74666666666667	153.86	153.41333333333333	153.36	153.39333333333335	153.78666666666666	153.44	153.4	153.23333333333332	153.40666666666667	153.18	153.04666666666665	153.26666666666668	152.95333333333335	153.16666666666666	153.13333333333333	153.2	153.28666666666666	153.12	152.67333333333335	152.76666666666668	152.55333333333334	152.34666666666666	152.18666666666667	151.98666666666668	151.7	151.14666666666668	150.49333333333334	149.26	148.00666666666666	145.22	140.3	128.22	0.0
0.0	128.26	139.9	145.0	147.97333333333333	149.23333333333332	150.34	151.03333333333333	151.64666666666668	152.02666666666667	152.4	152.72666666666666	153.06	153.06	152.77333333333334	153.20666666666668	152.98666666666668	153.44666666666666	153.3	153.24666666666667	153.45333333333335	153.51333333333332	153.24	153.60666666666665	153.46666666666667	153.83333333333334	153.61333333333334	153.88	153.75333333333333	153.42	153.54	153.36666666666667	153.62	153.34666666666666	153.75333333333333	153.90666666666667	153.64	153.41333333333333	153.7	153.66666666666666	153.22	153.6	153.51333333333332	153.42	153.61333333333334	153.44666666666666	153.38	153.24	153.40666666666667	153.35333333333332	153.27333333333334	153.10666666666665	153.3	153.36666666666667	153.27333333333334	153.28	153.53333333333333	153.54666666666665	153.25333333333333	152.96666666666667	152.89333333333335	152.82	152.72666666666666	152.18	151.82666666666665	151.38666666666666	150.70666666666668	149.74	148.46	145.5	140.24666666666667	128.58	0.0
0.0	128.38	140.15333333333334	145.09333333333333	147.82	149.02	150.22	151.05333333333334	151.6	151.96	152.12666666666667	152.48	152.72666666666666	152.97333333333333	153.00666666666666	152.98666666666668	153.16666666666666	153.04666666666665	152.96	153.26666666666668	153.04	153.21333333333334	153.05333333333334	153.17333333333335	153.34666666666666	153.41333333333333	153.35333333333332	153.51333333333332	153.3	153.54666666666665	153.24666666666667	153.32	153.21333333333334	153.33333333333334	153.42	153.2	153.08	153.22666666666666	153.32666666666665	153.46666666666667	153.28666666666666	153.26666666666668	153.3	153.29333333333332	153.24	153.18666666666667	153.28666666666666	153.06666666666666	153.23333333333332	153.35333333333332	153.46666666666667	153.48	153.34666666666666	153.25333333333333	153.21333333333334	153.4	153.14666666666668	153.35333333333332	153.08	152.9	152.70666666666668	152.63333333333333	152.32	152.22666666666666	151.53333333333333	151.32	150.29333333333332	149.60666666666665	148.20666666666668	145.04666666666665	140.04	128.11333333333334	0.0
0.0	128.12666666666667	140.01333333333332	145.02666666666667	147.82	149.47333333333333	150.53333333333333	150.73333333333332	151.18	151.62666666666667	152.22	152.24666666666667	152.58666666666667	152.79333333333332	152.8	153.01333333333332	153.14	152.89333333333335	153.09333333333333	153.20666666666668	153.40666666666667	153.22666666666666	153.19333333333333	153.12666666666667	153.07333333333332	153.12666666666667	153.03333333333333	153.07333333333332	153.14666666666668	152.9	153.11333333333334	153.21333333333334	153.23333333333332	153.42666666666668	153.28666666666666	153.07333333333332	153.09333333333333	153.08666666666667	153.10666666666665	153.24	153.13333333333333	152.98666666666668	153.18666666666667	153.31333333333333	153.30666666666667	153.24666666666667	153.16	153.07333333333332	153.15333333333334	152.99333333333334	153.00666666666666	153.22666666666666	153.23333333333332	153.08666666666667	153.00666666666666	153.07333333333332	153.22	152.97333333333333	152.52	152.6	152.62666666666667	152.36666666666667	152.09333333333333	151.82666666666665	151.61333333333334	150.98666666666668	150.16	149.22	147.9	145.0	140.02	128.44666666666666	0.0
0.0	128.17333333333335	139.98666666666668	144.88666666666666	147.91333333333333	149.26	150.36666666666667	151.31333333333333	151.68	151.92	152.19333333333333	152.27333333333334	152.57333333333332	152.64	152.72666666666666	152.78666666666666	152.77333333333334	153.12	153.34	153.15333333333334	153.38	153.51333333333332	153.16	153.34	153.40666666666667	153.27333333333334	153.36	153.28	153.28	153.24	153.28	153.29333333333332	153.49333333333334	153.58666666666667	153.32666666666665	153.63333333333333	153.38666666666666	153.29333333333332	153.14666666666668	153.49333333333334	153.62	153.74666666666667	153.45333333333335	153.56666666666666	153.52	153.5	153.53333333333333	153.50666666666666	153.7	153.48	153.40666666666667	153.0	153.2	153.26	153.15333333333334	153.2	153.31333333333333	153.26666666666668	153.28	153.1	152.84	152.36	152.29333333333332	151.82666666666665	151.75333333333333	151.35333333333332	150.42666666666668	149.44666666666666	147.98	145.29333333333332	140.39333333333335	128.58	0.0
0.0	128.61333333333334	140.48	145.13333333333333	147.93333333333334	149.43333333333334	150.25333333333333	151.12	151.50666666666666	152.11333333333334	152.22666666666666	152.51333333333332	152.61333333333334	152.92666666666668	153.06	153.0	153.01333333333332	152.99333333333334	152.95333333333335	153.05333333333334	153.17333333333335	153.53333333333333	153.25333333333333	153.57333333333332	153.34666666666666	153.38666666666666	153.7	153.56	153.9	153.59333333333333	153.9	153.76	153.62	154.05333333333334	153.82	153.82	153.70666666666668	153.51333333333332	153.86666666666667	153.38	153.44	153.44	153.46	153.42666666666668	153.34	153.74666666666667	153.46666666666667	153.41333333333333	153.40666666666667	153.56	153.50666666666666	153.32666666666665	153.40666666666667	153.24666666666667	153.18	152.96666666666667	152.88666666666666	152.73333333333332	152.81333333333333	152.55333333333334	152.32	152.46	152.14	152.16666666666666	151.64666666666668	151.29333333333332	150.64	149.68	147.88666666666666	145.17333333333335	140.28	128.45333333333335	0.0
0.0	128.27333333333334	139.94	144.88	147.64666666666668	149.24666666666667	149.96666666666667	150.7	151.14	151.69333333333333	152.13333333333333	152.38666666666666	152.59333333333333	152.51333333333332	152.56	152.74	152.99333333333334	152.78666666666666	153.12	153.25333333333333	153.21333333333334	153.09333333333333	153.18666666666667	153.54666666666665	153.51333333333332	153.36	153.39333333333335	153.51333333333332	153.49333333333334	153.34666666666666	153.43333333333334	153.38	153.20666666666668	153.50666666666666	153.43333333333334	153.20666666666668	153.28666666666666	153.52666666666667	153.63333333333333	153.34	153.22666666666666	153.50666666666666	153.48666666666668	153.52666666666667	153.6	153.46	153.36	153.47333333333333	153.16	153.51333333333332	153.09333333333333	153.2	153.20666666666668	153.39333333333335	153.12666666666667	153.03333333333333	152.84666666666666	152.78666666666666	152.9	152.96666666666667	152.76	152.42666666666668	152.04	151.72666666666666	151.82	151.42	150.41333333333333	149.2	147.59333333333333	144.84666666666666	139.48666666666668	128.23333333333332	0.0
0.0	128.23333333333332	140.32	145.04	147.91333333333333	149.4	150.7	151.58	152.17333333333335	152.31333333333333	152.36666666666667	152.92666666666668	152.86666666666667	152.96666666666667	153.16	153.47333333333333	153.68	153.65333333333334	153.68666666666667	153.66	153.82	153.59333333333333	153.07333333333332	153.28666666666666	153.22	153.40666666666667	153.61333333333334	153.47333333333333	153.55333333333334	153.48666666666668	153.30666666666667	153.52	153.49333333333334	153.25333333333333	153.29333333333332	153.5	153.99333333333334	153.6	153.72	153.58	153.53333333333333	153.51333333333332	153.56	153.50666666666666	153.38	153.48	153.51333333333332	153.53333333333333	153.39333333333335	153.33333333333334	153.4	153.38	153.32	153.26	153.27333333333334	153.08	153.04666666666665	153.08	153.01333333333332	153.29333333333332	152.84666666666666	152.57333333333332	152.58	151.94	151.82666666666665	151.08666666666667	150.37333333333333	149.36666666666667	147.81333333333333	145.17333333333335	140.24666666666667	128.3	0.0
0.0	128.12666666666667	140.14	145.24	147.64	149.54666666666665	150.58666666666667	151.48	151.72	152.37333333333333	152.69333333333333	153.04666666666665	153.29333333333332	153.48666666666668	153.44	153.51333333333332	153.49333333333334	153.44	153.9	153.96	153.59333333333333	153.65333333333334	153.92666666666668	153.92	153.92666666666668	153.83333333333334	154.02	154.13333333333333	153.84	154.01333333333332	154.07333333333332	153.60666666666665	153.82	153.97333333333333	153.75333333333333	153.57333333333332	154.02666666666667	153.96666666666667	154.13333333333333	154.17333333333335	154.29333333333332	153.88666666666666	153.88666666666666	153.67333333333335	153.94	153.74	153.62666666666667	153.48666666666668	153.75333333333333	153.4	153.69333333333333	153.77333333333334	153.56666666666666	153.53333333333333	153.63333333333333	153.59333333333333	153.47333333333333	153.5	153.01333333333332	152.82666666666665	153.14	152.93333333333334	152.68666666666667	152.03333333333333	151.57333333333332	151.38	150.32	149.39333333333335	147.74666666666667	145.34	140.24666666666667	128.32	0.0
0.0	128.15333333333334	140.11333333333334	145.0	147.66	149.33333333333334	150.3	150.88666666666666	151.47333333333333	151.94666666666666	152.18	152.3	152.31333333333333	152.26666666666668	152.51333333333332	152.62	152.58666666666667	152.94	153.03333333333333	152.96	152.85333333333332	153.00666666666666	153.20666666666668	153.3	153.32	153.34	153.14666666666668	152.97333333333333	152.81333333333333	153.06666666666666	153.34	153.16666666666666	153.19333333333333	153.16666666666666	153.40666666666667	153.46666666666667	153.19333333333333	153.10666666666665	153.17333333333335	152.9	152.71333333333334	152.97333333333333	153.12	152.97333333333333	153.0	152.92666666666668	152.66	152.80666666666667	152.99333333333334	152.97333333333333	153.00666666666666	152.92666666666668	152.76666666666668	152.96	152.8	152.7	152.54666666666665	152.36	152.37333333333333	152.62	152.39333333333335	151.89333333333335	151.88	151.82666666666665	151.39333333333335	150.74	150.14	149.15333333333334	147.62666666666667	145.23333333333332	140.44	128.36	0.0
0.0	128.56	140.08	145.01333333333332	148.02	149.8	150.82666666666665	151.36666666666667	151.66666666666666	152.44	152.66666666666666	152.73333333333332	152.9	152.94666666666666	153.25333333333333	153.5	153.59333333333333	153.5	153.66666666666666	153.44	153.63333333333333	153.38666666666666	153.27333333333334	153.60666666666665	153.76666666666668	153.75333333333333	153.66666666666666	153.60666666666665	153.92	153.55333333333334	153.48666666666668	153.25333333333333	153.21333333333334	153.35333333333332	153.28	153.09333333333333	153.4	153.4	153.34	153.58	153.62666666666667	153.68666666666667	153.67333333333335	153.41333333333333	153.82666666666665	153.38	153.52666666666667	153.64666666666668	153.44	153.64	153.64	153.46666666666667	153.82	153.58	153.64666666666668	153.44	153.38	153.35333333333332	153.23333333333332	152.78	152.61333333333334	152.73333333333332	152.53333333333333	152.22	151.98	151.5	150.81333333333333	149.96666666666667	148.43333333333334	145.46	140.64	128.58666666666667	0.0
0.0	128.68666666666667	140.61333333333334	145.71333333333334	148.05333333333334	149.76666666666668	150.66666666666666	151.48666666666668	151.9	152.23333333333332	152.46666666666667	152.83333333333334	153.09333333333333	152.87333333333333	152.89333333333335	152.96666666666667	153.45333333333335	153.22666666666666	153.12	153.24666666666667	153.57333333333332	153.48666666666668	153.68666666666667	153.55333333333334	153.87333333333333	153.76666666666668	153.74	153.55333333333334	153.48666666666668	153.29333333333332	153.73333333333332	153.62666666666667	153.55333333333334	153.76666666666668	153.6	153.78	153.64	153.48	153.50666666666666	153.46666666666667	153.52666666666667	153.64666666666668	153.68	153.7	153.93333333333334	153.54666666666665	153.51333333333332	153.53333333333333	153.49333333333334	153.6	153.64666666666668	153.6	153.44	153.38	153.72666666666666	153.32666666666665	153.24666666666667	153.13333333333333	153.00666666666666	152.79333333333332	152.65333333333334	152.50666666666666	152.59333333333333	152.12666666666667	151.58	151.18666666666667	150.69333333333333	149.65333333333334	147.90666666666667	145.42	140.28666666666666	128.45333333333335	0.0
0.0	128.39333333333335	140.39333333333335	145.11333333333334	147.85333333333332	149.41333333333333	150.48	151.03333333333333	151.58666666666667	151.91333333333333	152.25333333333333	152.67333333333335	152.73333333333332	152.88666666666666	153.27333333333334	153.42666666666668	153.24	153.08666666666667	153.3	153.23333333333332	153.42666666666668	153.36	153.4	153.30666666666667	153.42666666666668	153.75333333333333	153.52	153.82666666666665	153.78	153.79333333333332	153.57333333333332	153.16	153.44666666666666	153.59333333333333	153.74666666666667	153.60666666666665	153.58666666666667	153.84	153.75333333333333	153.63333333333333	154.00666666666666	153.66666666666666	153.67333333333335	153.61333333333334	153.47333333333333	153.50666666666666	153.11333333333334	153.15333333333334	153.29333333333332	153.06666666666666	153.50666666666666	153.21333333333334	153.44	153.63333333333333	153.28666666666666	153.16	153.25333333333333	153.14666666666668	152.96666666666667	153.00666666666666	152.82	152.9	152.36666666666667	152.26666666666668	151.54	151.34	150.38	149.46	147.98666666666668	145.28	140.46666666666667	128.22666666666666	0.0
0.0	128.21333333333334	140.66	145.56666666666666	148.14	149.46666666666667	150.58	151.36666666666667	151.70666666666668	152.34	152.50666666666666	152.46	152.95333333333335	153.05333333333334	153.27333333333334	153.16666666666666	153.31333333333333	153.27333333333334	153.20666666666668	153.34	153.27333333333334	153.56666666666666	153.35333333333332	153.30666666666667	153.42	153.86666666666667	153.43333333333334	153.66666666666666	153.48	153.58	153.59333333333333	153.61333333333334	153.38	153.54	153.44	153.56666666666666	153.36	153.16666666666666	153.52	153.31333333333333	153.62	153.62666666666667	153.52	153.47333333333333	153.46666666666667	153.56666666666666	153.64	153.53333333333333	153.60666666666665	153.48666666666668	153.44666666666666	153.32666666666665	153.32	153.47333333333333	153.41333333333333	153.27333333333334	153.59333333333333	153.06666666666666	153.0	153.04	153.25333333333333	152.68	152.38666666666666	152.50666666666666	151.55333333333334	151.38	150.87333333333333	149.68666666666667	147.76	145.36	140.4	128.6	0.0
0.0	128.22	140.26	145.46	148.28666666666666	149.98666666666668	150.77333333333334	151.56666666666666	151.61333333333334	152.09333333333333	152.34	152.77333333333334	152.76	153.01333333333332	153.10666666666665	153.28	153.23333333333332	153.42666666666668	153.38	153.39333333333335	153.70666666666668	153.47333333333333	153.68666666666667	153.58	153.49333333333334	153.48666666666668	153.70666666666668	153.76	153.93333333333334	153.67333333333335	153.43333333333334	153.82	153.67333333333335	153.83333333333334	153.72	153.66	153.98666666666668	153.90666666666667	153.62666666666667	153.60666666666665	154.04	153.96	153.65333333333334	153.66666666666666	153.39333333333335	153.39333333333335	153.4	153.46666666666667	153.45333333333335	153.72	153.58666666666667	153.72666666666666	153.58666666666667	153.27333333333334	153.69333333333333	153.43333333333334	153.26666666666668	153.38	153.04	152.75333333333333	152.92666666666668	152.75333333333333	152.54666666666665	152.3	152.24	151.57333333333332	150.94	149.9	148.13333333333333	145.52	140.32666666666665	128.3	0.0
0.0	128.53333333333333	140.46666666666667	145.21333333333334	148.19333333333333	149.10666666666665	150.45333333333335	151.21333333333334	151.78666666666666	151.92666666666668	152.04666666666665	152.46	152.56	152.34	152.53333333333333	152.80666666666667	152.72666666666666	152.82	152.70666666666668	152.84	152.78	152.8	152.83333333333334	153.06	153.13333333333333	153.06666666666666	153.17333333333335	153.08666666666667	153.4	153.2	153.17333333333335	153.24666666666667	153.1	153.2	153.52666666666667	153.47333333333333	153.60666666666665	153.58	153.46	153.45333333333335	153.64	153.18	153.04	153.58	153.45333333333335	153.29333333333332	153.06666666666666	152.96	152.82	152.85333333333332	152.74	152.86	152.85333333333332	152.88666666666666	153.07333333333332	153.13333333333333	152.70666666666668	152.73333333333332	152.28666666666666	152.45333333333335	152.53333333333333	152.08	152.18666666666667	151.63333333333333	151.58	150.79333333333332	150.44	149.37333333333333	147.85333333333332	145.08666666666667	140.37333333333333	128.43333333333334	0.0
0.0	128.58	140.28	145.48	148.28666666666666	149.3	150.72666666666666	150.89333333333335	151.66	152.06	152.14	152.60666666666665	152.57333333333332	152.96	153.06	153.40666666666667	153.32	152.88666666666666	153.04	153.00666666666666	153.18666666666667	153.16666666666666	153.42666666666668	153.14	153.24666666666667	153.23333333333332	153.47333333333333	153.4	153.35333333333332	153.42666666666668	153.55333333333334	153.18	153.48	153.23333333333332	153.09333333333333	153.17333333333335	153.34	153.62666666666667	153.50666666666666	153.56	153.36	153.29333333333332	153.45333333333335	153.22	153.29333333333332	153.3	153.0	153.13333333333333	153.33333333333334	153.34666666666666	153.44	152.92	153.01333333333332	152.72	153.18	153.29333333333332	153.05333333333334	152.86666666666667	152.83333333333334	152.77333333333334	152.68	152.16666666666666	152.36666666666667	151.68	151.45333333333335	150.99333333333334	150.42666666666668	149.7	147.82	145.32	140.23333333333332	128.32666666666665	0.0
0.0	128.48	140.28666666666666	145.10666666666665	147.97333333333333	149.36	150.2	151.2	151.63333333333333	152.14	152.42	152.45333333333335	152.82666666666665	152.95333333333335	153.09333333333333	153.02	153.18	153.41333333333333	153.3	153.24	153.13333333333333	153.00666666666666	153.02666666666667	153.25333333333333	153.12	153.34666666666666	153.4	153.61333333333334	153.56	153.31333333333333	153.37333333333333	153.28	153.55333333333334	153.39333333333335	153.24	153.38	153.23333333333332	153.54	153.16	153.16666666666666	153.34	153.40666666666667	153.56666666666666	153.27333333333334	153.4	153.36	153.36666666666667	152.98	153.21333333333334	153.34666666666666	153.22	153.06666666666666	153.19333333333333	153.29333333333332	153.14666666666668	153.18	153.04	152.99333333333334	153.02666666666667	153.17333333333335	152.83333333333334	152.48666666666668	152.63333333333333	152.42666666666668	151.8	150.95333333333335	150.28666666666666	149.19333333333333	147.62666666666667	145.43333333333334	139.92666666666668	128.02666666666667	0.0
0.0	128.81333333333333	140.62	145.49333333333334	147.56	149.48666666666668	150.18666666666667	151.10666666666665	151.71333333333334	151.84666666666666	152.18666666666667	152.3	152.70666666666668	152.73333333333332	152.84666666666666	152.75333333333333	152.89333333333335	153.10666666666665	153.34666666666666	152.98	153.13333333333333	153.30666666666667	153.17333333333335	153.44666666666666	153.45333333333335	153.62	153.46	153.47333333333333	153.26666666666668	153.62666666666667	153.31333333333333	153.57333333333332	153.73333333333332	153.6	153.52666666666667	153.44	153.59333333333333	153.41333333333333	153.38	153.17333333333335	153.10666666666665	153.32	153.31333333333333	153.34666666666666	153.21333333333334	153.13333333333333	153.13333333333333	153.28	153.52666666666667	153.27333333333334	153.17333333333335	153.20666666666668	153.14	153.14666666666668	153.05333333333334	152.78666666666666	153.20666666666668	152.86666666666667	152.84666666666666	152.9	152.59333333333333	152.56666666666666	152.48	151.96666666666667	151.49333333333334	150.9	150.5	149.56	148.05333333333334	145.4	140.2	128.02	0.0
0.0	128.20666666666668	139.64666666666668	144.94	147.66	149.23333333333332	150.07333333333332	150.84	151.16	151.5	151.74666666666667	151.94666666666666	152.06	152.34666666666666	152.40666666666667	152.25333333333333	152.48666666666668	152.48	152.53333333333333	152.63333333333333	152.54	152.89333333333335	152.54666666666665	152.77333333333334	152.74	152.89333333333335	153.21333333333334	153.05333333333334	152.88666666666666	152.73333333333332	153.06666666666666	152.85333333333332	153.29333333333332	153.08	153.12	153.1	153.36666666666667	153.15333333333334	153.46	153.26666666666668	153.15333333333334	153.3	153.11333333333334	152.84666666666666	153.1	153.09333333333333	153.22666666666666	153.12666666666667	153.24	152.94666666666666	153.11333333333334	153.25333333333333	153.07333333333332	153.05333333333334	152.91333333333333	153.00666666666666	152.96	152.86666666666667	152.50666666666666	152.38	152.29333333333332	152.20666666666668	152.06666666666666	151.55333333333334	151.32666666666665	151.02666666666667	150.16666666666666	149.48666666666668	147.48666666666668	145.28	140.18	128.30666666666667	0.0
0.0	128.26666666666668	140.04	145.19333333333333	147.66666666666666	149.4	150.45333333333335	151.56	151.93333333333334	151.88666666666666	152.50666666666666	152.64666666666668	152.98	152.88	153.10666666666665	152.90666666666667	153.0	153.18	153.13333333333333	153.40666666666667	153.33333333333334	153.06666666666666	153.35333333333332	153.39333333333335	153.54	153.74	153.54	153.32666666666665	153.56	153.48	153.67333333333335	153.64666666666668	153.47333333333333	153.58666666666667	153.55333333333334	153.64	153.82666666666665	153.70666666666668	153.74	153.71333333333334	154.01333333333332	153.66666666666666	153.7	153.48666666666668	153.8	154.05333333333334	154.02666666666667	153.78666666666666	153.72	153.81333333333333	153.61333333333334	153.74666666666667	153.16	153.4	153.34	153.21333333333334	152.78	153.18666666666667	153.04666666666665	152.86666666666667	152.74	152.47333333333333	152.56	152.22666666666666	151.6	151.34666666666666	150.28666666666666	149.4	147.73333333333332	145.33333333333334	140.14	128.14	0.0
0.0	129.07333333333332	139.89333333333335	145.10666666666665	147.7	149.45333333333335	150.65333333333334	151.36666666666667	151.91333333333333	152.14	152.59333333333333	152.76666666666668	152.79333333333332	152.94666666666666	153.17333333333335	153.36	153.45333333333335	153.42666666666668	153.68	153.51333333333332	153.36666666666667	153.37333333333333	153.32	153.53333333333333	153.39333333333335	153.34	153.34666666666666	153.34666666666666	153.24	153.60666666666665	153.36666666666667	153.22666666666666	153.03333333333333	153.17333333333335	153.43333333333334	153.34	153.4	153.46666666666667	153.34666666666666	153.66	153.71333333333334	153.6	153.52	153.57333333333332	153.75333333333333	153.78666666666666	153.77333333333334	153.56	153.61333333333334	153.88666666666666	153.23333333333332	153.6	154.0	153.79333333333332	153.80666666666667	153.72666666666666	153.25333333333333	153.55333333333334	153.06666666666666	152.97333333333333	153.08	152.92	152.8	152.49333333333334	152.11333333333334	151.68	151.06666666666666	149.75333333333333	148.13333333333333	145.31333333333333	140.21333333333334	128.44666666666666	0.0
0.0	128.81333333333333	140.40666666666667	145.09333333333333	147.95333333333335	149.70666666666668	150.99333333333334	151.72666666666666	152.07333333333332	152.82666666666665	152.84666666666666	153.03333333333333	152.93333333333334	153.02666666666667	153.23333333333332	153.47333333333333	153.68	153.71333333333334	153.76	153.55333333333334	153.60666666666665	153.66666666666666	153.78666666666666	153.80666666666667	153.74666666666667	153.42666666666668	153.08666666666667	153.50666666666666	153.62	153.5	153.55333333333334	153.98666666666668	153.82	153.81333333333333	154.13333333333333	153.8	154.04666666666665	153.99333333333334	153.65333333333334	153.83333333333334	154.06	154.03333333333333	153.97333333333333	153.91333333333333	153.87333333333333	153.83333333333334	153.91333333333333	153.89333333333335	153.92	153.67333333333335	153.62666666666667	153.58	153.41333333333333	153.68	153.6	153.44	153.39333333333335	153.4	153.47333333333333	153.16666666666666	153.13333333333333	153.1	152.49333333333334	152.13333333333333	152.06	151.18	150.60666666666665	149.76	148.13333333333333	145.35333333333332	140.22666666666666	128.32	0.0
0.0	128.08666666666667	140.37333333333333	145.25333333333333	147.62	149.40666666666667	150.15333333333334	151.34	151.76666666666668	152.16666666666666	152.32666666666665	152.42666666666668	152.62	152.87333333333333	152.95333333333335	153.02666666666667	153.11333333333334	152.96	153.23333333333332	153.32666666666665	153.17333333333335	153.45333333333335	153.53333333333333	153.54	153.56	153.53333333333333	153.7	153.75333333333333	153.56	153.53333333333333	153.56666666666666	153.43333333333334	153.46666666666667	153.56666666666666	153.79333333333332	153.69333333333333	153.74	153.93333333333334	153.71333333333334	153.82666666666665	153.75333333333333	153.62666666666667	153.34666666666666	153.48666666666668	153.56	153.38	153.32	153.57333333333332	153.56666666666666	153.46666666666667	153.7	153.87333333333333	153.40666666666667	153.54	153.72666666666666	153.40666666666667	153.5	153.26666666666668	153.09333333333333	153.26666666666668	152.96	152.56	152.59333333333333	151.80666666666667	151.72	151.29333333333332	150.51333333333332	149.04	147.7	144.94	139.92666666666668	127.3	0.0
0.0	127.82666666666667	140.37333333333333	145.22	148.19333333333333	149.86	150.59333333333333	151.16	151.56	151.86	152.24666666666667	152.58	153.04666666666665	152.96666666666667	153.04666666666665	152.95333333333335	153.22	153.30666666666667	153.34	153.43333333333334	153.3	153.32666666666665	153.4	153.43333333333334	153.52	153.39333333333335	153.22	153.15333333333334	153.30666666666667	153.33333333333334	153.34	153.64666666666668	153.54666666666665	153.51333333333332	153.56666666666666	153.62666666666667	153.64666666666668	153.56	153.23333333333332	153.48666666666668	153.44	153.26	153.20666666666668	153.23333333333332	153.28	153.12	153.03333333333333	153.13333333333333	153.27333333333334	153.45333333333335	153.38	153.10666666666665	153.15333333333334	153.35333333333332	153.47333333333333	153.00666666666666	153.07333333333332	153.22666666666666	153.06	152.76666666666668	152.74666666666667	152.62	152.34666666666666	152.04666666666665	151.72	151.45333333333335	150.56	149.52	148.07333333333332	145.05333333333334	140.15333333333334	128.32	0.0
0.0	128.54	140.35333333333332	145.72	147.94666666666666	149.55333333333334	150.57333333333332	151.26666666666668	151.89333333333335	152.38666666666666	152.66666666666666	152.78666666666666	152.98666666666668	153.25333333333333	153.28666666666666	152.98	153.2	153.19333333333333	153.27333333333334	153.39333333333335	153.56666666666666	153.69333333333333	153.53333333333333	153.47333333333333	153.58	153.50666666666666	153.51333333333332	153.66	153.68666666666667	153.72	153.34	153.46666666666667	153.25333333333333	153.38	153.54666666666665	153.4	153.52666666666667	153.34	153.1	153.26666666666668	152.92	153.26666666666668	153.26666666666668	153.56666666666666	153.45333333333335	153.18666666666667	153.26	153.56666666666666	153.45333333333335	153.4	153.38	153.42666666666668	153.21333333333334	153.14	153.28666666666666	153.36666666666667	153.0	153.28	152.93333333333334	152.77333333333334	152.34	152.51333333333332	152.09333333333333	151.93333333333334	151.36666666666667	150.79333333333332	150.40666666666667	149.26	147.53333333333333	145.53333333333333	140.14666666666668	128.16	0.0
0.0	128.58666666666667	140.41333333333333	145.16	147.94666666666666	149.57333333333332	150.42666666666668	151.06	151.76666666666668	152.06	152.46	152.66	152.72666666666666	152.82	153.06	152.83333333333334	152.97333333333333	153.23333333333332	153.12	153.08	153.32666666666665	153.36	153.46666666666667	153.37333333333333	153.3	153.42666666666668	153.28666666666666	153.37333333333333	153.53333333333333	153.36	153.36666666666667	153.46666666666667	153.41333333333333	153.68	153.58	153.16	153.26	153.40666666666667	153.39333333333335	153.22	153.58	153.47333333333333	153.97333333333333	153.87333333333333	153.74	153.3	153.18	153.12666666666667	152.9	153.15333333333334	153.18	153.21333333333334	153.2	153.36666666666667	153.23333333333332	152.98	152.89333333333335	152.98	152.98	152.72	152.62	152.46666666666667	151.9	151.86	151.50666666666666	150.74666666666667	150.32666666666665	149.38	147.88	145.24666666666667	140.54	128.26	0.0
0.0	127.89333333333333	140.6	145.36666666666667	148.22666666666666	149.51333333333332	150.86666666666667	151.56666666666666	152.06	152.3	152.7	152.79333333333332	152.66	153.03333333333333	152.95333333333335	153.3	153.2	153.64666666666668	153.79333333333332	153.42666666666668	153.52666666666667	153.54666666666665	153.62666666666667	153.48666666666668	153.55333333333334	153.84	153.89333333333335	153.62666666666667	153.69333333333333	153.93333333333334	153.64	153.92666666666668	153.66	153.58	153.72	153.58	153.86666666666667	153.95333333333335	153.84	153.73333333333332	153.62	153.75333333333333	153.57333333333332	153.51333333333332	153.62	153.59333333333333	153.65333333333334	153.5	153.59333333333333	153.61333333333334	153.44	153.43333333333334	153.34	153.38	153.52	153.32666666666665	153.25333333333333	153.23333333333332	152.94	152.70666666666668	152.71333333333334	152.50666666666666	152.42	152.52	151.54666666666665	151.12666666666667	150.53333333333333	149.7	148.07333333333332	145.78	140.72666666666666	128.6	0.0
0.0	128.56	140.49333333333334	145.4	147.83333333333334	149.77333333333334	150.36	151.08	151.68666666666667	151.78666666666666	152.24666666666667	152.36	152.34666666666666	152.62666666666667	152.80666666666667	152.78666666666666	153.25333333333333	153.05333333333334	153.05333333333334	153.12666666666667	152.88	153.02	153.17333333333335	153.26	153.44	153.20666666666668	153.29333333333332	153.10666666666665	153.03333333333333	153.18666666666667	153.09333333333333	153.11333333333334	153.14	153.22666666666666	153.20666666666668	153.04666666666665	153.04666666666665	153.0	153.12	153.40666666666667	153.04	152.9	153.26666666666668	153.14	153.07333333333332	153.26666666666668	153.34	153.3	153.08	153.06666666666666	153.11333333333334	153.06666666666666	153.16666666666666	153.27333333333334	153.28	153.40666666666667	153.06	153.16666666666666	153.16	152.94666666666666	152.91333333333333	152.67333333333335	152.56	152.11333333333334	151.72666666666666	150.91333333333333	150.26	149.17333333333335	147.39333333333335	144.79333333333332	139.66666666666666	128.05333333333334	0.0
0.0	128.16666666666666	140.34666666666666	145.34	147.93333333333334	149.36666666666667	150.73333333333332	151.51333333333332	151.76	151.9	152.44666666666666	152.66666666666666	152.91333333333333	153.30666666666667	153.2	153.23333333333332	153.24	153.27333333333334	153.39333333333335	153.25333333333333	153.43333333333334	153.48666666666668	153.52	153.63333333333333	153.56666666666666	153.63333333333333	153.53333333333333	153.57333333333332	153.57333333333332	153.60666666666665	153.60666666666665	153.72	153.43333333333334	153.56	153.78666666666666	153.83333333333334	153.93333333333334	153.6	153.78	153.76666666666668	153.76666666666668	153.83333333333334	153.75333333333333	153.73333333333332	153.95333333333335	153.71333333333334	153.4	153.48666666666668	153.54666666666665	153.42	153.49333333333334	153.50666666666666	153.24	152.72	153.08	152.99333333333334	153.22	153.19333333333333	153.32666666666665	153.12666666666667	152.75333333333333	152.81333333333333	152.28	152.40666666666667	152.18	151.82	150.64	149.62666666666667	148.24	145.52	140.51333333333332	129.1	0.0
0.0	128.32	140.22666666666666	145.28	148.17333333333335	149.75333333333333	150.7	151.25333333333333	151.65333333333334	152.24	152.22666666666666	152.5	153.05333333333334	152.76	153.0	152.90666666666667	153.19333333333333	153.08	153.20666666666668	153.44666666666666	153.23333333333332	153.20666666666668	153.55333333333334	153.64666666666668	153.73333333333332	153.96	153.80666666666667	153.85333333333332	153.5	154.02666666666667	153.79333333333332	153.44666666666666	153.51333333333332	153.56666666666666	153.68666666666667	153.66	153.40666666666667	153.38666666666666	153.78	153.82666666666665	153.84666666666666	153.9	153.84	154.00666666666666	153.91333333333333	153.78	154.02666666666667	153.89333333333335	153.72666666666666	153.69333333333333	153.54666666666665	153.18	153.18666666666667	153.50666666666666	153.65333333333334	153.5	153.54	153.41333333333333	153.0	153.36666666666667	152.84	152.73333333333332	152.43333333333334	152.00666666666666	151.77333333333334	151.2	150.34666666666666	149.14666666666668	147.70666666666668	145.20666666666668	139.96666666666667	128.04666666666665	0.0
0.0	128.61333333333334	140.28666666666666	145.53333333333333	148.23333333333332	149.17333333333335	150.65333333333334	151.3	151.78	152.39333333333335	152.62666666666667	152.9	153.14666666666668	153.04	153.28666666666666	153.48666666666668	153.34	153.55333333333334	153.68666666666667	153.82666666666665	153.76666666666668	154.13333333333333	154.13333333333333	153.88666666666666	154.13333333333333	154.10666666666665	154.00666666666666	153.84	153.77333333333334	154.06	153.83333333333334	153.73333333333332	154.10666666666665	154.04666666666665	153.88666666666666	154.04	153.96	153.9	154.09333333333333	154.36666666666667	154.11333333333334	153.83333333333334	153.70666666666668	153.71333333333334	153.76666666666668	153.89333333333335	153.74	153.68666666666667	153.54666666666665	153.84	153.92	154.0	154.18	154.02	153.43333333333334	153.42	153.46666666666667	153.3	153.26	153.14	152.96666666666667	152.97333333333333	152.62666666666667	152.15333333333334	151.93333333333334	151.22666666666666	150.60666666666665	149.44666666666666	148.00666666666666	144.9	140.33333333333334	128.3	0.0
0.0	128.12666666666667	140.44666666666666	145.47333333333333	148.02666666666667	149.61333333333334	150.60666666666665	151.34666666666666	151.78	152.31333333333333	152.43333333333334	152.63333333333333	152.87333333333333	153.08666666666667	153.03333333333333	153.48666666666668	153.58	153.80666666666667	153.67333333333335	153.46666666666667	153.1	153.50666666666666	153.71333333333334	153.69333333333333	153.50666666666666	153.36	153.40666666666667	153.25333333333333	153.38	153.30666666666667	153.24666666666667	153.30666666666667	153.58	153.58	153.60666666666665	153.56666666666666	153.54	153.49333333333334	153.2	153.2	153.36	153.48666666666668	153.57333333333332	153.24	153.31333333333333	153.36666666666667	153.39333333333335	153.49333333333334	153.42	153.39333333333335	153.42666666666668	153.46666666666667	153.36	153.1	153.28666666666666	153.15333333333334	153.08	153.19333333333333	153.07333333333332	152.76	152.83333333333334	152.42666666666668	152.10666666666665	151.84	151.61333333333334	151.14666666666668	150.48666666666668	149.50666666666666	147.8	145.18	140.33333333333334	127.93333333333334	0.0
0.0	128.52666666666667	140.42666666666668	145.58	147.89333333333335	149.48666666666668	150.44666666666666	151.04666666666665	151.52	152.05333333333334	152.27333333333334	152.28666666666666	152.76	152.83333333333334	153.40666666666667	152.81333333333333	153.18666666666667	153.19333333333333	153.51333333333332	153.37333333333333	153.08666666666667	153.00666666666666	153.19333333333333	153.30666666666667	153.60666666666665	153.38666666666666	153.46	153.76666666666668	153.65333333333334	153.68666666666667	153.39333333333335	153.32666666666665	153.38	153.66666666666666	153.86	153.71333333333334	153.40666666666667	153.46	153.28666666666666	153.45333333333335	153.22666666666666	153.26	153.20666666666668	153.26666666666668	153.22	153.34666666666666	153.16	152.89333333333335	153.41333333333333	153.22	153.12	153.22666666666666	152.97333333333333	152.85333333333332	152.90666666666667	152.61333333333334	153.02	153.0	152.92666666666668	152.80666666666667	152.95333333333335	152.4	152.41333333333333	151.94666666666666	151.79333333333332	151.08	150.53333333333333	149.2	148.11333333333334	145.59333333333333	140.48666666666668	128.48	0.0
0.0	128.49333333333334	140.54666666666665	145.72	148.05333333333334	149.68666666666667	150.66	151.22666666666666	151.74666666666667	152.17333333333335	152.6	152.56	152.98	152.97333333333333	153.00666666666666	153.20666666666668	153.32666666666665	153.6	153.34	153.25333333333333	153.44666666666666	153.65333333333334	153.35333333333332	153.42666666666668	153.45333333333335	153.62666666666667	153.50666666666666	153.50666666666666	153.87333333333333	153.96	153.92	153.72666666666666	153.79333333333332	153.89333333333335	153.70666666666668	153.71333333333334	153.29333333333332	153.70666666666668	153.66666666666666	153.56	153.43333333333334	153.57333333333332	153.41333333333333	153.61333333333334	153.89333333333335	153.85333333333332	154.01333333333332	153.86666666666667	153.64	154.1	153.62	153.46666666666667	153.68	153.86666666666667	153.58	153.48666666666668	153.43333333333334	153.68666666666667	153.36666666666667	153.08	153.02	152.64	152.38666666666666	152.12	151.89333333333335	151.47333333333333	150.55333333333334	149.7	148.25333333333333	145.50666666666666	140.42	128.47333333333333	0.0
0.0	128.88	140.12666666666667	145.2	147.74	149.20666666666668	150.56	151.15333333333334	151.9	152.34	152.48	152.82666666666665	153.13333333333333	153.34	153.24	153.47333333333333	153.42666666666668	153.22	153.48	153.37333333333333	153.44	153.48666666666668	153.14	153.42666666666668	153.16666666666666	153.4	153.68	153.49333333333334	153.47333333333333	153.48	153.42	153.48666666666668	153.50666666666666	153.40666666666667	153.40666666666667	153.58666666666667	153.34	153.56666666666666	153.49333333333334	153.4	153.18	153.27333333333334	153.24	153.11333333333334	153.15333333333334	153.46	153.32	153.24	153.28	153.14	153.60666666666665	153.35333333333332	153.29333333333332	153.29333333333332	153.16666666666666	153.16666666666666	153.06	152.82666666666665	152.77333333333334	152.87333333333333	152.7	152.40666666666667	152.38666666666666	151.8	151.36666666666667	150.88666666666666	150.40666666666667	149.31333333333333	147.89333333333335	145.31333333333333	140.18	128.57333333333332	0.0
0.0	128.7	140.26	145.40666666666667	147.96666666666667	149.5	150.80666666666667	151.56666666666666	151.95333333333335	152.36666666666667	152.74666666666667	152.88	153.06	153.24666666666667	153.08	153.30666666666667	153.47333333333333	153.24	153.50666666666666	153.66666666666666	153.36666666666667	153.25333333333333	153.12	153.22666666666666	153.25333333333333	153.76	153.65333333333334	153.66	153.54	153.37333333333333	153.34666666666666	153.3	153.57333333333332	153.86666666666667	153.92	153.87333333333333	153.74666666666667	153.52	153.37333333333333	153.36666666666667	153.53333333333333	153.68666666666667	153.62666666666667	153.45333333333335	153.44	153.40666666666667	153.70666666666668	153.54666666666665	153.48666666666668	153.5	153.66666666666666	153.71333333333334	153.45333333333335	153.24666666666667	153.6	153.53333333333333	153.22	153.14	153.26666666666668	153.08666666666667	153.16666666666666	152.89333333333335	152.67333333333335	152.24	151.57333333333332	151.44666666666666	150.50666666666666	149.38666666666666	148.23333333333332	145.48	140.42666666666668	128.78666666666666	0.0
0.0	128.24	140.28666666666666	145.18666666666667	148.19333333333333	149.54	150.67333333333335	151.25333333333333	151.70666666666668	152.02666666666667	152.17333333333335	152.44666666666666	152.59333333333333	152.80666666666667	152.90666666666667	153.17333333333335	153.3	153.36666666666667	153.68	153.64	153.78666666666666	153.72666666666666	153.72666666666666	153.59333333333333	153.55333333333334	153.67333333333335	153.89333333333335	153.72	153.58666666666667	153.63333333333333	153.69333333333333	153.63333333333333	153.63333333333333	153.56	153.65333333333334	153.53333333333333	153.78666666666666	153.74	153.70666666666668	153.75333333333333	153.75333333333333	154.12	153.88666666666666	153.70666666666668	153.78666666666666	153.87333333333333	153.77333333333334	153.69333333333333	153.52	153.42666666666668	153.36666666666667	153.38	153.50666666666666	153.55333333333334	153.29333333333332	153.24	153.41333333333333	153.06666666666666	152.91333333333333	153.0	153.02	152.76	152.42	151.95333333333335	151.62	151.16666666666666	150.52666666666667	149.22	147.92666666666668	145.16	140.06	128.34666666666666	0.0
0.0	128.66	140.15333333333334	145.26	147.74	149.46	150.46	150.88666666666666	151.83333333333334	152.16666666666666	152.46	152.56	152.61333333333334	152.66666666666666	153.10666666666665	153.05333333333334	153.14666666666668	152.98	153.40666666666667	153.58	153.52	153.54	153.60666666666665	153.83333333333334	153.62	153.64	153.55333333333334	153.84666666666666	153.53333333333333	153.87333333333333	153.77333333333334	153.56666666666666	153.35333333333332	153.30666666666667	153.67333333333335	153.70666666666668	153.61333333333334	153.42666666666668	153.81333333333333	153.74	153.76666666666668	153.66666666666666	153.62	153.65333333333334	153.73333333333332	153.63333333333333	153.49333333333334	153.51333333333332	153.66666666666666	153.28666666666666	153.18666666666667	153.35333333333332	153.48666666666668	153.54666666666665	153.4	152.96	153.28666666666666	153.37333333333333	152.86666666666667	152.88666666666666	152.76	152.63333333333333	152.58	151.97333333333333	151.80666666666667	151.53333333333333	150.8	149.72	148.19333333333333	145.56666666666666	140.7	128.78	0.0
0.0	128.49333333333334	140.37333333333333	145.28666666666666	148.1	149.63333333333333	150.56	151.44	151.84	152.4	152.63333333333333	152.68	152.71333333333334	152.94666666666666	152.96	153.29333333333332	153.02666666666667	152.98	153.03333333333333	153.28666666666666	152.94	153.36	153.32	153.57333333333332	153.5	153.28	153.34666666666666	153.44	153.42	153.66	153.70666666666668	153.39333333333335	153.28	153.40666666666667	153.62	153.42	153.31333333333333	153.45333333333335	153.33333333333334	153.40666666666667	153.6	153.64	153.76	153.80666666666667	153.20666666666668	153.03333333333333	153.43333333333334	153.12666666666667	153.18666666666667	153.34666666666666	153.26	153.22666666666666	153.30666666666667	153.26666666666668	153.68	153.29333333333332	153.26	153.18	153.04	152.95333333333335	153.02666666666667	152.84666666666666	152.58666666666667	151.87333333333333	151.79333333333332	151.18	150.64666666666668	149.49333333333334	147.74	144.98	140.2	128.57333333333332	0.0
0.0	128.46666666666667	140.32666666666665	145.58666666666667	147.91333333333333	149.98666666666668	150.44	151.44	152.07333333333332	152.15333333333334	152.62666666666667	152.77333333333334	153.02	152.98	153.22666666666666	153.22	153.15333333333334	153.33333333333334	153.48	153.40666666666667	153.36	153.60666666666665	153.88666666666666	153.81333333333333	153.70666666666668	153.78666666666666	153.68666666666667	153.58666666666667	153.88666666666666	153.55333333333334	153.48666666666668	153.42666666666668	153.50666666666666	153.64	153.5	153.34	153.38	153.45333333333335	153.61333333333334	153.74666666666667	153.66666666666666	153.63333333333333	153.41333333333333	153.20666666666668	153.38666666666666	153.51333333333332	153.20666666666668	153.16	153.36666666666667	153.64666666666668	153.66	153.63333333333333	153.52	153.44666666666666	153.34	153.20666666666668	153.33333333333334	153.24666666666667	153.12666666666667	153.06666666666666	152.6	152.52666666666667	152.13333333333333	151.99333333333334	151.58	151.08666666666667	150.53333333333333	149.26666666666668	147.78666666666666	145.27333333333334	140.14	128.28666666666666	0.0
0.0	128.36	140.04666666666665	145.00666666666666	147.63333333333333	149.37333333333333	150.17333333333335	150.75333333333333	151.22666666666666	151.62	151.80666666666667	152.37333333333333	152.66	152.81333333333333	152.81333333333333	152.88666666666666	153.14	153.36	153.47333333333333	153.44666666666666	153.29333333333332	153.10666666666665	153.05333333333334	153.17333333333335	153.12	153.52666666666667	153.45333333333335	153.32666666666665	153.56	153.48	153.38666666666666	153.52666666666667	153.38	153.45333333333335	153.44666666666666	153.12	153.52666666666667	153.43333333333334	153.14	152.92666666666668	152.95333333333335	153.19333333333333	153.38666666666666	153.32666666666665	153.14	152.98666666666668	153.31333333333333	153.44666666666666	153.46	153.36	153.44666666666666	153.30666666666667	153.08	153.42	153.43333333333334	153.19333333333333	153.46	153.09333333333333	153.32	153.07333333333332	152.66666666666666	152.32666666666665	152.13333333333333	151.99333333333334	151.5	151.02	150.33333333333334	149.18666666666667	147.56	145.02	140.02	128.13333333333333	0.0
0.0	128.12	139.62	144.74666666666667	147.66666666666666	149.3	150.41333333333333	151.17333333333335	151.29333333333332	152.02	152.13333333333333	152.08666666666667	152.30666666666667	152.37333333333333	152.64	152.88666666666666	153.08	153.34666666666666	153.42666666666668	153.08666666666667	153.28	153.26666666666668	153.07333333333332	152.92666666666668	153.29333333333332	153.34666666666666	153.27333333333334	153.55333333333334	153.64666666666668	153.34	153.36666666666667	153.66666666666666	153.36666666666667	153.46	153.48666666666668	153.36666666666667	153.50666666666666	153.68	153.44	153.32	153.27333333333334	153.20666666666668	153.08666666666667	153.35333333333332	153.63333333333333	153.37333333333333	153.39333333333335	153.46	153.38666666666666	153.59333333333333	153.43333333333334	153.28666666666666	153.4	153.15333333333334	153.31333333333333	153.10666666666665	153.04666666666665	152.9	152.92	152.98666666666668	152.54666666666665	152.34666666666666	152.06	151.87333333333333	151.40666666666667	151.19333333333333	150.34	149.42	148.28	145.50666666666666	140.47333333333333	128.64666666666668	0.0
0.0	128.42	140.32666666666665	145.30666666666667	147.78	149.55333333333334	150.58666666666667	150.99333333333334	151.54666666666665	151.94	152.05333333333334	152.3	152.50666666666666	152.5	152.82666666666665	153.18666666666667	152.93333333333334	153.04	153.16	153.37333333333333	153.24666666666667	153.06	152.98	153.12	152.94666666666666	153.04	153.17333333333335	153.12	153.18	153.06	153.12666666666667	153.25333333333333	153.40666666666667	153.06666666666666	153.32666666666665	153.14	153.31333333333333	153.05333333333334	153.13333333333333	153.37333333333333	152.79333333333332	153.2	153.28	153.38666666666666	153.21333333333334	153.22	153.55333333333334	153.04666666666665	152.92666666666668	152.99333333333334	153.14	152.96666666666667	153.12	153.35333333333332	153.02666666666667	153.12666666666667	152.94	152.91333333333333	152.94666666666666	152.44	152.48666666666668	152.18	152.13333333333333	151.96	151.42	150.90666666666667	150.42	149.33333333333334	148.08	145.30666666666667	140.25333333333333	128.48666666666668	0.0
0.0	128.22	140.18666666666667	145.16666666666666	147.9	149.17333333333335	150.54	151.28666666666666	151.55333333333334	151.94666666666666	152.22	152.55333333333334	152.74	153.11333333333334	153.27333333333334	153.40666666666667	153.33333333333334	153.22	153.45333333333335	153.55333333333334	153.70666666666668	153.65333333333334	153.54666666666665	153.5	153.22666666666666	153.41333333333333	153.54	153.64	153.49333333333334	153.34	153.39333333333335	153.34666666666666	153.52	153.29333333333332	153.26666666666668	153.00666666666666	153.34666666666666	153.34666666666666	153.28	153.24	153.37333333333333	153.32666666666665	153.43333333333334	153.57333333333332	153.42	153.34	153.54666666666665	153.56666666666666	153.44666666666666	153.37333333333333	153.2	153.35333333333332	153.15333333333334	152.96666666666667	153.12666666666667	153.09333333333333	152.97333333333333	152.92666666666668	153.04666666666665	153.2	152.99333333333334	152.47333333333333	152.48666666666668	152.14666666666668	151.65333333333334	151.20666666666668	150.56	149.24666666666667	147.44	144.76	140.34666666666666	128.49333333333334	0.0
0.0	128.48666666666668	140.36666666666667	145.4	147.94	149.45333333333335	150.18	150.95333333333335	151.56666666666666	151.90666666666667	152.30666666666667	152.49333333333334	152.4	152.87333333333333	152.85333333333332	153.06666666666666	152.9	153.04	153.43333333333334	153.29333333333332	153.27333333333334	153.42666666666668	153.68	153.76666666666668	153.78	153.70666666666668	153.66666666666666	153.8	153.54	153.52	153.68	153.70666666666668	153.61333333333334	153.26	153.56666666666666	153.64	153.61333333333334	153.74	153.76666666666668	153.70666666666668	153.69333333333333	153.78666666666666	153.70666666666668	153.49333333333334	153.56	153.73333333333332	153.38666666666666	153.60666666666665	153.26	153.27333333333334	153.52	153.3	153.21333333333334	153.37333333333333	153.42	153.24	153.28666666666666	153.32666666666665	153.1	152.94	152.52666666666667	152.52666666666667	152.40666666666667	152.44666666666666	151.98666666666668	151.44	150.76	149.84	147.92	145.55333333333334	140.44666666666666	128.61333333333334	0.0
0.0	128.40666666666667	139.92	145.02666666666667	147.85333333333332	149.56	150.59333333333333	151.35333333333332	152.07333333333332	152.24666666666667	152.59333333333333	153.1	153.21333333333334	153.1	153.50666666666666	153.4	153.62	153.79333333333332	153.57333333333332	153.76	153.56666666666666	153.65333333333334	153.40666666666667	153.22666666666666	153.84666666666666	153.70666666666668	153.88	154.02	154.01333333333332	154.01333333333332	154.09333333333333	154.14	153.94666666666666	153.94	153.95333333333335	154.04666666666665	154.34	154.02666666666667	153.88	154.09333333333333	154.1	154.10666666666665	153.98	153.6	153.62666666666667	153.52666666666667	153.46	153.46666666666667	153.32	153.24	153.40666666666667	153.22	153.18	153.4	153.42	153.32666666666665	153.04	153.14	153.13333333333333	153.06	152.85333333333332	152.78666666666666	152.57333333333332	152.38666666666666	152.11333333333334	151.30666666666667	150.39333333333335	149.38	147.97333333333333	145.46	140.20666666666668	128.40666666666667	0.0
0.0	128.0	140.26	145.21333333333334	147.76	149.24	150.43333333333334	151.15333333333334	151.80666666666667	152.08666666666667	152.25333333333333	152.38666666666666	152.37333333333333	152.48	152.88	152.84666666666666	152.87333333333333	152.88	152.95333333333335	153.30666666666667	153.3	153.0	153.08	153.09333333333333	152.82666666666665	152.92	153.3	152.93333333333334	153.38	153.20666666666668	153.52666666666667	153.57333333333332	153.48	153.39333333333335	153.28666666666666	153.18666666666667	153.14	153.54	153.39333333333335	153.38666666666666	153.40666666666667	153.28	153.01333333333332	153.10666666666665	153.4	153.34666666666666	153.55333333333334	153.35333333333332	153.19333333333333	153.29333333333332	153.40666666666667	153.60666666666665	153.42	153.27333333333334	153.48	153.33333333333334	153.12	152.85333333333332	152.68666666666667	152.80666666666667	152.70666666666668	152.39333333333335	152.40666666666667	152.09333333333333	151.56	151.04	150.50666666666666	149.09333333333333	147.62	145.15333333333334	140.27333333333334	128.04666666666665	0.0
0.0	128.53333333333333	140.48	145.42666666666668	148.40666666666667	149.69333333333333	150.75333333333333	151.42666666666668	151.67333333333335	152.27333333333334	152.43333333333334	152.22	152.8	152.96666666666667	152.80666666666667	152.97333333333333	152.89333333333335	152.8	153.06	153.17333333333335	153.20666666666668	153.24666666666667	153.33333333333334	152.94666666666666	153.3	153.40666666666667	153.2	153.22	153.3	153.23333333333332	153.43333333333334	153.36	153.32666666666665	153.46	153.26	153.33333333333334	153.48	153.47333333333333	153.34666666666666	153.07333333333332	153.22	153.35333333333332	153.24666666666667	153.25333333333333	153.19333333333333	152.96666666666667	153.02666666666667	153.00666666666666	153.00666666666666	153.18	153.06	152.88666666666666	153.19333333333333	153.11333333333334	152.87333333333333	152.78666666666666	152.96666666666667	152.86666666666667	152.55333333333334	152.70666666666668	152.42	152.44	152.37333333333333	151.99333333333334	151.82666666666665	151.22	150.72666666666666	149.56666666666666	147.82	145.16	140.70666666666668	128.58	0.0
0.0	128.24	139.86	145.27333333333334	147.71333333333334	149.48666666666668	150.24666666666667	151.08666666666667	151.58	151.83333333333334	152.05333333333334	152.20666666666668	152.75333333333333	152.73333333333332	153.02666666666667	153.28666666666666	153.28	153.22666666666666	153.43333333333334	153.32666666666665	153.36666666666667	153.44	153.23333333333332	153.32	153.19333333333333	153.37333333333333	153.13333333333333	153.26666666666668	153.16666666666666	153.17333333333335	153.48	153.54666666666665	153.56	153.31333333333333	153.62	153.40666666666667	153.3	153.4	153.41333333333333	153.70666666666668	153.44666666666666	153.48	153.56666666666666	153.51333333333332	153.53333333333333	153.47333333333333	153.36	153.61333333333334	153.55333333333334	153.48666666666668	153.25333333333333	153.08	152.94666666666666	152.91333333333333	152.98666666666668	152.93333333333334	152.94	152.97333333333333	153.12	152.88666666666666	152.81333333333333	152.48	152.23333333333332	151.86	151.47333333333333	151.04	150.31333333333333	149.54	147.77333333333334	144.86	140.19333333333333	128.42	0.0
0.0	128.10666666666665	140.23333333333332	145.52666666666667	148.35333333333332	149.62666666666667	150.70666666666668	151.34	151.58666666666667	151.94666666666666	152.39333333333335	152.65333333333334	152.61333333333334	152.68666666666667	152.59333333333333	152.95333333333335	152.82	152.82666666666665	153.31333333333333	153.41333333333333	153.40666666666667	153.48666666666668	153.42666666666668	153.13333333333333	153.18	153.35333333333332	153.3	153.64	153.29333333333332	153.48666666666668	153.37333333333333	153.38	153.46666666666667	153.56666666666666	153.64	153.42	153.32	153.32666666666665	153.53333333333333	153.98	153.78666666666666	153.96666666666667	153.58	153.72	153.42	153.57333333333332	153.54	153.29333333333332	153.4	153.3	153.45333333333335	153.52666666666667	153.35333333333332	153.44666666666666	153.31333333333333	153.24666666666667	153.24	153.16666666666666	153.31333333333333	152.85333333333332	152.91333333333333	152.66666666666666	152.46666666666667	152.34666666666666	152.02	151.45333333333335	150.74666666666667	149.46	147.84666666666666	145.30666666666667	140.33333333333334	128.47333333333333	0.0
0.0	129.03333333333333	140.56	145.63333333333333	148.34	149.93333333333334	151.19333333333333	151.86	152.39333333333335	152.7	152.86666666666667	153.15333333333334	153.22666666666666	153.28666666666666	153.49333333333334	153.49333333333334	153.48	153.62	153.68666666666667	153.49333333333334	153.96666666666667	153.74666666666667	153.76666666666668	153.78	154.04	154.11333333333334	154.26666666666668	153.99333333333334	153.88	153.92666666666668	153.76	153.78666666666666	153.93333333333334	154.00666666666666	153.92	154.12666666666667	153.97333333333333	154.04666666666665	153.91333333333333	153.86666666666667	153.96666666666667	153.95333333333335	153.78666666666666	153.77333333333334	153.88	153.88666666666666	153.83333333333334	153.46666666666667	153.54666666666665	153.58666666666667	153.57333333333332	153.84666666666666	153.87333333333333	153.8	153.86666666666667	153.75333333333333	153.51333333333332	153.18	153.16666666666666	153.14	153.18	153.18	152.87333333333333	152.68666666666667	152.03333333333333	151.48	150.54	149.83333333333334	148.10666666666665	145.55333333333334	140.46666666666667	128.63333333333333	0.0
0.0	128.0	140.07333333333332	145.10666666666665	147.67333333333335	149.42666666666668	150.36666666666667	151.28666666666666	151.69333333333333	152.12	152.64666666666668	152.96	152.64	152.66	152.74666666666667	153.23333333333332	153.19333333333333	152.92666666666668	153.51333333333332	153.40666666666667	153.62	153.54	153.52666666666667	153.62	153.62	153.52	153.24666666666667	153.39333333333335	153.44	153.5	153.49333333333334	153.49333333333334	153.77333333333334	153.7	153.74	153.38	153.53333333333333	153.6	153.80666666666667	153.65333333333334	153.66	153.56666666666666	153.46	153.46666666666667	153.74666666666667	153.54666666666665	153.74	153.68	153.44	153.81333333333333	153.38	153.41333333333333	153.48	153.37333333333333	153.32666666666665	153.47333333333333	153.56	153.24666666666667	153.2	152.84666666666666	152.86666666666667	152.54	152.61333333333334	152.10666666666665	151.56666666666666	151.16	150.6	149.68666666666667	147.99333333333334	145.26666666666668	140.49333333333334	128.50666666666666	0.0
0.0	128.7	140.44	145.46666666666667	148.16	149.24666666666667	150.33333333333334	151.13333333333333	151.64666666666668	152.0	152.5	152.68	152.88	153.41333333333333	153.17333333333335	153.34	153.5	153.48666666666668	153.18	153.19333333333333	153.21333333333334	152.99333333333334	152.84666666666666	153.36	153.36	153.45333333333335	153.38666666666666	153.54	153.24666666666667	153.26666666666668	153.5	153.43333333333334	153.52666666666667	153.81333333333333	153.72666666666666	153.47333333333333	153.76666666666668	153.68666666666667	153.71333333333334	153.52666666666667	153.7	153.72	153.83333333333334	153.81333333333333	153.73333333333332	153.50666666666666	153.42666666666668	153.28	153.30666666666667	153.44	153.22	153.56666666666666	153.42666666666668	153.69333333333333	153.71333333333334	153.41333333333333	153.43333333333334	153.18666666666667	153.31333333333333	152.96	152.81333333333333	152.72	152.5	152.09333333333333	151.73333333333332	151.6	150.60666666666665	149.52	148.04666666666665	145.27333333333334	140.32666666666665	128.51333333333332	0.0
0.0	128.12666666666667	140.27333333333334	145.21333333333334	147.96	149.64666666666668	150.76	151.22666666666666	152.01333333333332	152.13333333333333	152.44	152.82666666666665	152.69333333333333	152.79333333333332	152.8	152.94	152.97333333333333	153.03333333333333	153.04	153.36666666666667	153.30666666666667	153.20666666666668	153.5	153.74666666666667	153.92	154.02666666666667	153.66666666666666	153.73333333333332	153.59333333333333	153.38	153.6	153.74666666666667	153.6	153.39333333333335	153.69333333333333	153.47333333333333	153.43333333333334	153.63333333333333	153.64	153.70666666666668	153.48	153.63333333333333	153.76666666666668	153.43333333333334	153.63333333333333	153.8	153.66666666666666	153.52666666666667	153.48	153.36	153.32	153.22666666666666	153.16666666666666	153.21333333333334	152.89333333333335	152.88	152.74	152.86	152.56	152.81333333333333	152.48	152.30666666666667	152.02	152.03333333333333	151.54666666666665	151.28666666666666	150.68	149.36	147.66666666666666	145.33333333333334	140.30666666666667	127.94	0.0
0.0	128.78666666666666	140.54666666666665	145.53333333333333	147.83333333333334	149.46666666666667	150.39333333333335	151.34	151.74666666666667	152.31333333333333	152.5	152.40666666666667	152.78	152.67333333333335	152.92666666666668	153.1	152.93333333333334	152.84666666666666	153.13333333333333	153.32666666666665	153.48	153.50666666666666	153.31333333333333	153.38666666666666	153.38666666666666	153.25333333333333	153.17333333333335	153.02	153.3	153.44	153.28	153.42	153.57333333333332	153.60666666666665	153.64666666666668	153.61333333333334	153.6	153.65333333333334	153.48666666666668	153.23333333333332	153.14	153.28	153.24	153.6	153.67333333333335	153.46666666666667	153.46666666666667	153.78	153.62666666666667	153.64666666666668	153.6	153.38666666666666	153.45333333333335	153.58	153.44	153.27333333333334	153.2	152.98	152.55333333333334	152.59333333333333	152.45333333333335	152.53333333333333	152.26666666666668	151.90666666666667	151.61333333333334	151.12666666666667	150.43333333333334	149.1	147.91333333333333	145.12	140.29333333333332	128.22	0.0
0.0	128.51333333333332	140.36	144.88666666666666	148.1	149.71333333333334	150.55333333333334	151.09333333333333	151.78666666666666	152.32	152.6	152.55333333333334	153.25333333333333	153.35333333333332	153.14	153.31333333333333	153.26666666666668	153.64	153.68666666666667	153.76	153.51333333333332	153.58	153.58	153.66	153.64	153.78666666666666	153.53333333333333	153.34	153.42666666666668	153.76666666666668	153.98	153.82	153.50666666666666	153.64	153.93333333333334	153.86666666666667	154.06	153.93333333333334	154.08666666666667	153.7	153.72	153.88666666666666	154.06	154.07333333333332	153.94	153.91333333333333	153.96	153.75333333333333	153.82666666666665	153.76	153.83333333333334	153.68	154.03333333333333	153.78	153.68	153.76	153.64666666666668	153.75333333333333	153.58	152.77333333333334	152.78666666666666	152.75333333333333	152.24666666666667	152.22666666666666	152.29333333333332	151.6	151.35333333333332	149.92666666666668	148.2	145.56	140.32666666666665	128.78666666666666	0.0
0.0	128.4	140.42666666666668	145.31333333333333	147.76666666666668	149.45333333333335	150.56	151.14666666666668	151.73333333333332	152.13333333333333	152.48	152.43333333333334	152.94	152.86666666666667	152.85333333333332	153.22666666666666	152.96666666666667	153.32666666666665	153.17333333333335	153.32666666666665	153.41333333333333	153.35333333333332	153.32	153.5	153.56666666666666	153.44666666666666	153.35333333333332	153.24666666666667	153.46666666666667	153.58	153.51333333333332	153.67333333333335	153.70666666666668	153.50666666666666	153.34	153.68666666666667	153.59333333333333	153.52	153.7	153.84666666666666	153.73333333333332	153.55333333333334	153.49333333333334	153.56666666666666	153.51333333333332	154.0	153.48666666666668	153.67333333333335	153.20666666666668	153.24	153.08	153.28	153.18666666666667	153.17333333333335	153.20666666666668	153.48666666666668	153.06666666666666	152.81333333333333	153.06666666666666	153.26	152.86666666666667	152.6	152.19333333333333	151.99333333333334	151.75333333333333	151.24	150.51333333333332	149.36666666666667	147.99333333333334	145.13333333333333	140.4	128.69333333333333	0.0
0.0	128.24	140.36666666666667	145.60666666666665	148.04	149.70666666666668	150.86	151.61333333333334	151.89333333333335	152.3	152.68666666666667	152.72	152.73333333333332	153.31333333333333	153.52	153.18	153.2	153.08666666666667	153.3	153.29333333333332	153.45333333333335	153.68	153.61333333333334	153.44	153.74666666666667	153.76666666666668	153.64666666666668	153.81333333333333	153.82	153.74	153.99333333333334	153.7	153.62666666666667	153.68666666666667	153.59333333333333	153.65333333333334	153.71333333333334	153.68666666666667	153.60666666666665	153.57333333333332	153.7	153.56	153.63333333333333	153.35333333333332	153.66	153.81333333333333	153.66	153.59333333333333	153.69333333333333	153.65333333333334	153.64	153.53333333333333	153.67333333333335	153.78	153.43333333333334	153.49333333333334	153.08666666666667	152.76666666666668	153.1	153.08	153.19333333333333	152.72666666666666	152.53333333333333	152.26666666666668	151.7	151.36	150.66	149.5	147.98666666666668	145.64666666666668	140.32666666666665	128.59333333333333	0.0
0.0	128.38666666666666	140.5	145.04	147.93333333333334	149.64666666666668	150.89333333333335	151.22	151.74	152.36	152.76666666666668	152.87333333333333	153.1	153.15333333333334	153.42	153.20666666666668	153.42	153.39333333333335	153.42	153.44	153.54666666666665	153.69333333333333	153.59333333333333	153.86666666666667	153.66666666666666	153.82	153.74666666666667	153.66	153.70666666666668	153.81333333333333	153.94666666666666	153.77333333333334	153.96	153.72666666666666	153.54	153.76666666666668	153.89333333333335	153.97333333333333	153.72666666666666	153.55333333333334	153.44	153.2	153.21333333333334	153.5	153.73333333333332	153.42	153.21333333333334	153.45333333333335	153.34666666666666	153.29333333333332	153.46	153.65333333333334	153.82666666666665	153.71333333333334	153.84	153.71333333333334	153.49333333333334	153.43333333333334	153.23333333333332	153.12666666666667	153.1	152.82	152.42666666666668	152.2	152.03333333333333	151.16	150.83333333333334	149.79333333333332	147.89333333333335	145.16	140.21333333333334	128.07333333333332	0.0
0.0	128.60666666666665	140.36666666666667	145.37333333333333	148.12666666666667	149.63333333333333	150.8	151.45333333333335	152.17333333333335	152.57333333333332	152.60666666666665	152.68666666666667	152.82666666666665	153.11333333333334	153.44	153.31333333333333	153.46666666666667	153.68	153.64666666666668	153.81333333333333	153.86666666666667	153.99333333333334	154.14	154.14	153.94	153.78666666666666	154.07333333333332	153.74	154.02	153.76666666666668	153.82666666666665	153.71333333333334	153.82	154.01333333333332	154.04666666666665	153.94	154.07333333333332	153.90666666666667	153.98	153.93333333333334	154.14	154.21333333333334	153.99333333333334	153.83333333333334	153.93333333333334	153.95333333333335	153.73333333333332	153.6	153.85333333333332	154.13333333333333	153.98666666666668	154.16666666666666	153.86666666666667	153.96	153.83333333333334	153.80666666666667	153.68666666666667	153.64	153.53333333333333	153.27333333333334	153.30666666666667	152.90666666666667	152.60666666666665	152.07333333333332	151.50666666666666	151.20666666666668	150.60666666666665	149.63333333333333	148.17333333333335	145.62	141.22	129.02	0.0
0.0	128.76666666666668	140.71333333333334	145.63333333333333	148.29333333333332	150.04	150.51333333333332	151.68	152.41333333333333	152.77333333333334	152.77333333333334	153.01333333333332	152.85333333333332	152.98666666666668	153.21333333333334	153.54	153.42666666666668	153.13333333333333	153.72666666666666	153.6	153.55333333333334	153.65333333333334	153.58666666666667	153.6	153.36	153.38666666666666	153.87333333333333	153.82	153.94666666666666	153.78	153.73333333333332	153.46666666666667	153.78	153.72	153.60666666666665	153.78666666666666	154.15333333333334	153.87333333333333	154.04	153.94666666666666	154.04666666666665	153.82666666666665	154.08666666666667	153.98666666666668	154.02666666666667	153.75333333333333	153.78666666666666	153.78666666666666	153.76666666666668	153.63333333333333	153.60666666666665	153.58	153.60666666666665	153.42	153.32	153.49333333333334	153.47333333333333	153.64	153.39333333333335	153.20666666666668	153.14	152.70666666666668	152.69333333333333	152.63333333333333	152.20666666666668	151.72666666666666	150.95333333333335	149.74666666666667	147.82666666666665	145.08	140.65333333333334	128.68	0.0
0.0	128.22666666666666	140.22	145.61333333333334	148.30666666666667	149.74	150.64	151.13333333333333	151.66	152.07333333333332	152.42	152.48	152.67333333333335	152.95333333333335	153.27333333333334	153.4	153.3	153.48	153.41333333333333	153.47333333333333	153.49333333333334	153.37333333333333	153.35333333333332	153.44	153.52	153.45333333333335	153.53333333333333	153.51333333333332	153.15333333333334	153.42666666666668	153.48666666666668	153.16	153.16666666666666	153.18	153.37333333333333	153.28	153.38	153.39333333333335	153.27333333333334	152.94666666666666	153.36666666666667	153.1	153.56	153.52	153.71333333333334	153.4	153.40666666666667	153.44	153.66666666666666	153.48	153.54666666666665	153.4	153.1	153.25333333333333	153.04666666666665	153.08666666666667	152.88666666666666	152.81333333333333	152.67333333333335	152.61333333333334	152.58	152.49333333333334	152.33333333333334	151.90666666666667	151.64666666666668	151.32666666666665	150.28666666666666	149.04	147.92	145.14	140.48	128.72666666666666	0.0
0.0	128.30666666666667	140.13333333333333	144.9	147.76666666666668	149.32666666666665	150.85333333333332	151.17333333333335	151.72666666666666	152.02	152.20666666666668	152.20666666666668	152.53333333333333	152.67333333333335	152.88	152.91333333333333	153.1	152.79333333333332	152.97333333333333	152.98	152.91333333333333	153.06	153.13333333333333	153.24	153.47333333333333	153.32666666666665	153.27333333333334	152.99333333333334	153.18666666666667	153.17333333333335	153.14666666666668	153.19333333333333	153.44	153.4	153.46	153.42	153.56	153.43333333333334	153.36	153.26	153.43333333333334	153.04	153.4	153.43333333333334	153.26666666666668	153.29333333333332	153.00666666666666	153.28666666666666	153.26	153.04666666666665	152.8	152.9	152.68666666666667	152.82666666666665	153.12	152.76666666666668	152.82	152.76	152.72666666666666	152.98	152.46	152.14666666666668	152.09333333333333	151.50666666666666	151.39333333333335	150.62666666666667	150.24	149.38	147.64666666666668	145.30666666666667	140.3	128.31333333333333	0.0
0.0	128.66	140.17333333333335	145.26666666666668	147.8	149.26666666666668	150.41333333333333	150.95333333333335	151.46666666666667	152.22666666666666	152.32666666666665	152.15333333333334	152.8	153.02	152.84	152.84666666666666	152.77333333333334	153.04	153.12	153.40666666666667	153.32	153.03333333333333	153.31333333333333	153.35333333333332	153.66666666666666	153.52	153.34	153.58666666666667	153.49333333333334	153.46666666666667	153.61333333333334	153.38666666666666	153.27333333333334	153.17333333333335	153.4	153.54666666666665	153.29333333333332	153.34666666666666	153.50666666666666	153.36	153.44	153.52666666666667	153.65333333333334	153.46666666666667	153.56666666666666	153.36666666666667	153.42666666666668	153.28	153.59333333333333	153.20666666666668	153.24666666666667	153.16	153.27333333333334	153.3	153.12666666666667	152.99333333333334	153.05333333333334	152.55333333333334	152.58666666666667	152.72666666666666	152.54666666666665	152.28666666666666	151.98666666666668	151.70666666666668	151.52666666666667	151.19333333333333	150.52	149.52	147.86666666666667	145.02	140.26666666666668	128.61333333333334	0.0
0.0	128.17333333333335	139.94666666666666	144.58	147.36	149.4	150.50666666666666	151.18	151.44666666666666	152.32666666666665	152.51333333333332	152.92	153.14666666666668	153.2	153.0	153.1	153.62	153.19333333333333	153.29333333333332	153.24	153.38	153.45333333333335	153.62	153.37333333333333	153.37333333333333	153.56666666666666	153.48666666666668	153.60666666666665	153.79333333333332	153.82	153.65333333333334	153.74666666666667	153.61333333333334	154.07333333333332	153.82666666666665	153.94666666666666	153.90666666666667	153.8	153.80666666666667	153.81333333333333	154.05333333333334	153.96	153.67333333333335	153.68	153.82666666666665	153.74666666666667	153.35333333333332	153.56	153.61333333333334	153.61333333333334	153.42	153.54666666666665	153.43333333333334	153.38	153.25333333333333	153.32	153.05333333333334	152.96	152.87333333333333	152.71333333333334	152.46666666666667	152.38666666666666	152.20666666666668	152.22	151.86666666666667	151.40666666666667	150.6	149.34	147.90666666666667	145.58	140.14	128.64	0.0
0.0	128.16666666666666	140.26666666666668	145.4	148.2	149.69333333333333	150.50666666666666	151.12666666666667	151.77333333333334	152.22	152.26	152.58666666666667	152.7	152.95333333333335	153.33333333333334	152.97333333333333	153.00666666666666	153.32	153.32666666666665	153.25333333333333	153.11333333333334	152.95333333333335	153.06	153.07333333333332	152.97333333333333	153.36	153.23333333333332	153.3	153.38666666666666	153.47333333333333	153.30666666666667	153.38	153.37333333333333	153.29333333333332	153.34	153.13333333333333	153.24666666666667	153.18666666666667	153.44666666666666	153.46666666666667	153.28666666666666	153.16	153.14	153.36	153.56666666666666	153.56	153.4	153.50666666666666	153.62666666666667	153.51333333333332	153.63333333333333	153.72	153.86666666666667	153.63333333333333	153.70666666666668	153.5	153.51333333333332	153.16666666666666	153.07333333333332	153.17333333333335	152.76666666666668	152.7	152.56	152.38666666666666	151.94	151.36666666666667	150.71333333333334	149.47333333333333	147.70666666666668	145.28	140.64666666666668	127.59333333333333	0.0
0.0	128.25333333333333	140.19333333333333	145.46	147.96666666666667	149.57333333333332	150.32666666666665	150.96	151.66666666666666	151.85333333333332	151.88	152.23333333333332	152.77333333333334	153.0	153.0	153.38	153.48666666666668	153.78666666666666	153.66666666666666	153.60666666666665	153.62	153.6	153.49333333333334	153.26	153.39333333333335	153.40666666666667	153.48666666666668	153.5	153.58666666666667	153.42666666666668	153.43333333333334	153.46666666666667	153.40666666666667	153.40666666666667	153.28666666666666	153.38	153.19333333333333	153.15333333333334	153.36	153.46666666666667	153.6	153.91333333333333	153.71333333333334	153.74	153.60666666666665	153.56666666666666	153.42	153.62	153.27333333333334	153.33333333333334	153.56666666666666	153.03333333333333	153.37333333333333	153.46	153.5	153.18	153.02	153.08	152.99333333333334	153.02	152.92	152.79333333333332	152.22	152.10666666666665	151.62666666666667	151.22	150.2	149.36	147.95333333333335	145.3	140.09333333333333	128.47333333333333	0.0
0.0	128.5	140.37333333333333	145.14	147.56	149.24666666666667	150.16	150.90666666666667	151.30666666666667	152.16666666666666	152.34	152.32	152.91333333333333	152.86666666666667	152.98666666666668	153.3	153.10666666666665	153.30666666666667	153.22	153.40666666666667	153.18666666666667	153.27333333333334	153.39333333333335	153.54	153.75333333333333	153.45333333333335	153.73333333333332	153.54	153.3	153.17333333333335	153.07333333333332	153.18	153.33333333333334	153.17333333333335	152.95333333333335	153.05333333333334	153.11333333333334	153.40666666666667	153.44666666666666	153.6	153.58666666666667	153.59333333333333	153.3	153.23333333333332	152.87333333333333	152.9	152.90666666666667	153.02666666666667	153.17333333333335	153.01333333333332	152.76	152.88666666666666	152.84666666666666	152.8	153.08	153.15333333333334	153.06	152.82	152.7	153.08666666666667	152.84666666666666	152.48666666666668	152.38	151.85333333333332	151.82	151.18	150.59333333333333	149.37333333333333	147.80666666666667	145.32666666666665	140.24666666666667	128.26	0.0
0.0	128.55333333333334	140.04666666666665	145.06666666666666	147.88	149.61333333333334	150.47333333333333	151.2	152.01333333333332	152.26	152.58	152.59333333333333	152.82666666666665	153.25333333333333	152.84	152.79333333333332	153.18	153.26	153.37333333333333	153.27333333333334	153.17333333333335	153.29333333333332	153.44666666666666	153.34	153.26	153.39333333333335	153.30666666666667	153.16666666666666	153.39333333333335	153.31333333333333	153.45333333333335	153.42	153.74	153.61333333333334	153.64	153.4	153.22	153.39333333333335	153.40666666666667	153.14	153.19333333333333	153.52	153.45333333333335	153.38	153.36	153.16	153.48	153.40666666666667	153.42	153.30666666666667	153.32666666666665	153.08666666666667	153.22	153.39333333333335	153.21333333333334	152.80666666666667	152.88666666666666	152.9	152.59333333333333	152.55333333333334	152.38	152.26	151.72666666666666	151.68666666666667	151.48666666666668	151.17333333333335	150.14	149.21333333333334	147.66	145.28	140.28	128.57333333333332	0.0
0.0	127.86666666666666	139.85333333333332	145.2	147.84666666666666	149.92	150.85333333333332	151.38	151.6	152.31333333333333	152.45333333333335	152.78	152.76666666666668	152.80666666666667	153.00666666666666	153.22666666666666	153.56666666666666	153.64666666666668	153.58	153.78	153.33333333333334	153.21333333333334	153.53333333333333	153.50666666666666	153.67333333333335	153.26	153.4	153.52666666666667	153.83333333333334	154.01333333333332	153.85333333333332	153.84	153.84666666666666	154.0	153.8	153.93333333333334	153.76666666666668	153.51333333333332	153.48	153.72666666666666	153.52	153.73333333333332	153.91333333333333	153.86666666666667	153.84666666666666	153.84666666666666	153.82666666666665	153.66666666666666	153.65333333333334	153.54	153.86	153.68666666666667	153.56666666666666	153.63333333333333	153.47333333333333	153.31333333333333	153.31333333333333	153.2	153.07333333333332	153.24666666666667	152.84666666666666	152.72	152.5	152.31333333333333	151.98666666666668	151.08	150.62	149.51333333333332	147.82	145.28	140.16666666666666	127.80666666666667	0.0
0.0	128.1	140.24	145.05333333333334	147.94	149.74	150.79333333333332	151.50666666666666	151.99333333333334	152.24	152.66666666666666	152.81333333333333	153.10666666666665	153.16666666666666	153.20666666666668	153.12666666666667	153.48	153.46666666666667	153.56	153.57333333333332	153.43333333333334	153.56	153.68666666666667	153.79333333333332	153.79333333333332	153.93333333333334	153.92	153.92	153.80666666666667	153.73333333333332	153.80666666666667	153.92	154.06	154.04666666666665	154.15333333333334	154.02666666666667	154.31333333333333	154.02666666666667	154.25333333333333	154.24	154.17333333333335	154.25333333333333	153.90666666666667	153.86666666666667	153.96	153.46666666666667	153.68666666666667	153.78	153.64	153.86666666666667	153.60666666666665	153.73333333333332	153.65333333333334	153.42	153.32	153.4	153.19333333333333	153.04666666666665	152.85333333333332	152.46	152.38	152.24	152.46	152.17333333333335	151.48666666666668	151.24666666666667	150.6	149.37333333333333	148.04666666666665	145.3	140.48	128.48666666666668	0.0
0.0	128.41333333333333	140.07333333333332	145.14	147.86666666666667	149.4	150.66	150.92	151.42	151.78	152.18666666666667	152.42	152.60666666666665	152.62	152.8	153.08666666666667	153.12	152.97333333333333	153.17333333333335	153.49333333333334	153.33333333333334	153.29333333333332	153.66	153.44	153.26666666666668	153.34666666666666	153.05333333333334	153.01333333333332	153.09333333333333	153.1	152.79333333333332	153.18	153.22	152.99333333333334	153.04	152.8	153.06666666666666	152.89333333333335	153.06	153.18666666666667	153.05333333333334	152.98666666666668	152.94666666666666	153.08666666666667	152.88666666666666	153.14	153.33333333333334	153.11333333333334	152.92	152.83333333333334	153.24	153.6	153.36	153.10666666666665	153.14	153.04	153.22	152.99333333333334	152.65333333333334	152.57333333333332	152.47333333333333	152.3	152.25333333333333	151.78	151.53333333333333	151.02	150.18666666666667	149.09333333333333	148.0	145.09333333333333	140.13333333333333	128.56	0.0
0.0	128.60666666666665	140.36666666666667	145.15333333333334	147.72666666666666	149.32666666666665	150.69333333333333	151.54	151.81333333333333	152.18	152.57333333333332	153.0	153.24666666666667	153.17333333333335	153.52666666666667	153.44666666666666	153.52666666666667	153.18666666666667	153.28	153.5	153.40666666666667	153.37333333333333	153.64666666666668	153.56666666666666	153.73333333333332	153.70666666666668	153.72	153.82	154.14666666666668	154.1	153.98	153.93333333333334	154.0	154.35333333333332	154.07333333333332	154.00666666666666	154.16666666666666	153.84666666666666	154.08	153.97333333333333	154.08666666666667	153.88666666666666	154.20666666666668	154.0	154.14666666666668	153.96666666666667	153.72666666666666	153.54666666666665	153.37333333333333	153.42	153.26	153.36666666666667	153.62	153.45333333333335	153.35333333333332	153.24666666666667	153.08	153.4	153.20666666666668	152.86666666666667	152.62666666666667	152.41333333333333	152.5	152.26666666666668	151.84666666666666	151.32666666666665	150.44666666666666	149.27333333333334	147.95333333333335	145.06	140.02666666666667	127.86666666666666	0.0
0.0	128.04666666666665	140.10666666666665	145.31333333333333	147.88666666666666	149.46666666666667	150.7	151.04666666666665	151.46666666666667	152.06666666666666	151.94666666666666	152.23333333333332	152.34	152.76666666666668	152.98	153.01333333333332	152.8	153.04	153.04	153.07333333333332	152.91333333333333	152.96666666666667	153.00666666666666	152.88	153.38666666666666	153.22666666666666	153.3	153.58	153.56666666666666	153.67333333333335	153.47333333333333	153.52	153.54666666666665	153.86	153.67333333333335	153.62	153.46	153.43333333333334	153.5	153.49333333333334	153.54	153.46666666666667	153.30666666666667	153.68	153.6	153.64666666666668	153.54666666666665	153.52	153.34666666666666	153.44	153.32	153.3	153.21333333333334	153.13333333333333	153.00666666666666	152.86666666666667	153.22666666666666	152.96	152.74666666666667	152.77333333333334	152.41333333333333	152.36	152.16666666666666	152.14666666666668	151.89333333333335	151.41333333333333	150.44	149.47333333333333	147.69333333333333	145.14666666666668	140.29333333333332	128.98666666666668	0.0
0.0	128.4	140.54	145.03333333333333	147.82	149.40666666666667	150.34	151.04	151.83333333333334	152.39333333333335	152.58	152.53333333333333	152.86666666666667	153.10666666666665	153.16666666666666	153.26666666666668	153.62	153.7	153.54	153.18	153.33333333333334	153.37333333333333	153.18666666666667	153.41333333333333	153.41333333333333	153.51333333333332	153.45333333333335	153.50666666666666	153.65333333333334	153.69333333333333	153.62666666666667	153.62666666666667	153.68666666666667	153.89333333333335	154.02666666666667	153.66	153.50666666666666	153.62	153.98	153.85333333333332	153.69333333333333	153.9	153.69333333333333	153.17333333333335	153.54	153.64666666666668	153.73333333333332	153.51333333333332	153.34	153.59333333333333	153.65333333333334	153.72	153.62	153.6	152.93333333333334	153.37333333333333	153.03333333333333	153.14666666666668	153.05333333333334	153.03333333333333	152.83333333333334	152.51333333333332	152.27333333333334	151.95333333333335	151.80666666666667	151.03333333333333	150.49333333333334	149.33333333333334	147.91333333333333	145.29333333333332	140.4	128.56	0.0
0.0	127.82666666666667	139.78666666666666	144.96666666666667	147.75333333333333	149.63333333333333	150.48	151.05333333333334	151.56	151.83333333333334	152.24666666666667	152.71333333333334	152.84	152.91333333333333	153.0	153.24	153.06666666666666	153.02	152.96	153.12666666666667	153.22666666666666	153.1	153.09333333333333	152.97333333333333	153.19333333333333	153.32	153.25333333333333	153.32	153.75333333333333	153.48	153.55333333333334	153.62	153.82	153.80666666666667	153.36666666666667	153.44	153.65333333333334	153.80666666666667	153.64666666666668	153.78	153.39333333333335	153.79333333333332	153.68666666666667	153.48666666666668	153.57333333333332	153.58666666666667	153.64666666666668	153.48	153.38	153.32666666666665	153.38	153.44666666666666	153.3	153.35333333333332	153.09333333333333	153.00666666666666	152.86666666666667	153.25333333333333	152.74666666666667	152.7	152.41333333333333	152.5	152.59333333333333	152.07333333333332	151.80666666666667	151.08666666666667	150.57333333333332	149.62666666666667	147.92666666666668	145.47333333333333	140.16666666666666	128.68666666666667	0.0
0.0	128.52666666666667	140.61333333333334	145.69333333333333	147.92	149.42	150.70666666666668	151.11333333333334	151.61333333333334	152.14	152.30666666666667	152.44666666666666	152.57333333333332	152.63333333333333	152.74	153.09333333333333	153.12666666666667	152.91333333333333	153.12	153.36666666666667	153.28666666666666	153.37333333333333	153.18	153.25333333333333	153.25333333333333	153.28666666666666	153.64	153.68	153.49333333333334	153.74666666666667	153.56	153.73333333333332	153.63333333333333	153.57333333333332	153.46	153.47333333333333	153.42666666666668	153.41333333333333	153.42666666666668	153.64	153.72	153.27333333333334	153.36	153.38666666666666	153.55333333333334	153.44	153.6	153.50666666666666	153.48666666666668	153.18	153.46666666666667	153.52666666666667	153.58	153.12	153.10666666666665	153.12666666666667	153.02666666666667	153.18666666666667	152.81333333333333	153.04	152.58	152.57333333333332	152.3	151.86666666666667	151.48	151.08	150.36666666666667	149.29333333333332	147.9	145.05333333333334	140.49333333333334	128.44	0.0
0.0	129.01333333333332	140.32	145.32	147.72	149.46666666666667	150.76666666666668	151.38	151.41333333333333	151.67333333333335	152.04666666666665	151.90666666666667	152.24666666666667	152.37333333333333	152.74	152.69333333333333	152.91333333333333	152.84	152.84	152.9	153.19333333333333	153.08	153.2	153.07333333333332	153.12666666666667	153.42	153.32666666666665	153.23333333333332	153.06666666666666	153.38666666666666	153.25333333333333	153.18	153.1	152.98	153.1	152.91333333333333	153.06	152.98666666666668	153.17333333333335	153.36	153.09333333333333	153.2	153.2	153.18	153.14	153.02666666666667	152.98666666666668	153.47333333333333	153.02	152.96	153.22666666666666	152.91333333333333	153.06666666666666	153.04666666666665	153.03333333333333	152.93333333333334	153.02	153.00666666666666	152.60666666666665	152.64	152.46	152.25333333333333	152.23333333333332	151.81333333333333	151.37333333333333	150.94666666666666	150.42	149.3	148.03333333333333	145.54	140.30666666666667	128.51333333333332	0.0
0.0	128.30666666666667	140.14	145.32666666666665	148.07333333333332	149.44666666666666	150.58666666666667	151.43333333333334	152.04	152.31333333333333	152.62	152.66	152.86666666666667	153.02	152.95333333333335	153.04	152.96	153.17333333333335	153.23333333333332	153.24	153.15333333333334	153.33333333333334	153.32666666666665	153.32666666666665	153.55333333333334	153.58	153.52	153.41333333333333	153.53333333333333	153.62666666666667	153.86666666666667	153.52	153.51333333333332	153.7	153.6	153.60666666666665	153.61333333333334	153.66	153.68	153.58	153.74666666666667	153.71333333333334	153.48666666666668	153.68	153.87333333333333	153.54	153.58	153.90666666666667	153.28666666666666	153.24666666666667	153.48	153.52666666666667	153.58	153.28666666666666	153.38666666666666	153.56	153.42666666666668	153.66	153.29333333333332	153.26666666666668	153.03333333333333	153.15333333333334	152.64	152.66	151.94666666666666	151.24666666666667	150.78	149.79333333333332	148.08	145.24	140.17333333333335	128.58666666666667	0.0
0.0	128.48666666666668	140.22666666666666	145.08	148.00666666666666	148.86	150.44666666666666	150.64666666666668	151.38	151.88	151.93333333333334	152.31333333333333	152.38	152.70666666666668	152.77333333333334	152.98666666666668	153.21333333333334	153.29333333333332	153.40666666666667	153.14666666666668	153.17333333333335	153.32666666666665	153.29333333333332	153.29333333333332	153.55333333333334	153.44666666666666	153.38666666666666	153.23333333333332	153.51333333333332	153.26666666666668	153.35333333333332	153.55333333333334	153.60666666666665	153.7	153.60666666666665	153.83333333333334	153.66666666666666	153.56666666666666	153.68666666666667	153.62	153.88	153.76666666666668	153.93333333333334	153.64	153.64666666666668	153.56666666666666	153.56	153.55333333333334	153.40666666666667	153.22	153.33333333333334	153.53333333333333	153.41333333333333	153.72666666666666	153.67333333333335	153.95333333333335	153.58	153.46666666666667	153.23333333333332	153.10666666666665	152.98	153.00666666666666	152.54	151.91333333333333	151.38	150.83333333333334	150.21333333333334	149.4	147.74666666666667	145.12666666666667	140.39333333333335	128.75333333333333	0.0
0.0	129.10666666666665	140.23333333333332	145.33333333333334	148.09333333333333	149.49333333333334	150.34	151.3	151.75333333333333	152.54666666666665	152.42	152.62	152.7	152.93333333333334	152.94666666666666	153.41333333333333	153.04	153.33333333333334	153.57333333333332	153.8	153.54666666666665	153.45333333333335	153.63333333333333	153.7	153.73333333333332	153.73333333333332	153.75333333333333	153.81333333333333	153.90666666666667	153.74666666666667	153.86	153.91333333333333	154.12	154.08	154.08666666666667	153.87333333333333	153.76666666666668	153.88666666666666	154.26	153.9	153.65333333333334	153.83333333333334	154.12666666666667	153.94	153.75333333333333	153.71333333333334	153.73333333333332	153.69333333333333	153.78666666666666	153.57333333333332	153.47333333333333	153.64	153.84	153.52666666666667	153.3	153.34666666666666	153.54	153.26666666666668	153.44	152.98666666666668	153.04	152.74	152.5	152.34666666666666	151.8	151.11333333333334	150.61333333333334	149.50666666666666	147.97333333333333	145.14	140.52666666666667	128.17333333333335	0.0
0.0	128.79333333333332	140.38	145.38	147.93333333333334	149.35333333333332	150.60666666666665	151.12	152.00666666666666	152.15333333333334	152.55333333333334	152.72666666666666	153.18666666666667	153.4	153.44666666666666	153.56666666666666	153.52666666666667	153.90666666666667	153.66666666666666	153.68	153.6	153.68	153.86666666666667	153.7	153.91333333333333	153.98	153.66666666666666	153.68666666666667	153.64	153.76666666666668	153.71333333333334	153.78666666666666	153.54666666666665	153.76	153.90666666666667	153.73333333333332	153.78666666666666	153.61333333333334	153.66666666666666	153.57333333333332	153.51333333333332	153.64	153.86666666666667	153.8	153.45333333333335	153.75333333333333	153.82	153.75333333333333	153.6	153.56666666666666	153.4	153.32	153.28	153.43333333333334	153.60666666666665	153.50666666666666	153.41333333333333	153.38666666666666	153.01333333333332	153.14	152.68	152.54666666666665	152.74666666666667	152.28	151.62666666666667	151.18	150.4	149.32666666666665	147.85333333333332	145.04666666666665	140.22	128.5	0.0
0.0	128.3	140.03333333333333	145.08666666666667	147.61333333333334	149.34666666666666	150.38	151.23333333333332	151.99333333333334	152.21333333333334	152.41333333333333	152.71333333333334	152.71333333333334	153.04	153.08	153.06	153.03333333333333	153.37333333333333	153.18	153.54	153.44	153.28666666666666	153.36666666666667	153.51333333333332	153.4	153.68	153.60666666666665	153.58	153.48	153.45333333333335	153.44	153.47333333333333	153.31333333333333	153.23333333333332	153.46666666666667	153.60666666666665	153.37333333333333	153.48	153.58	153.68666666666667	153.74	153.49333333333334	153.38666666666666	153.39333333333335	153.44	153.82666666666665	153.69333333333333	153.77333333333334	153.24	153.53333333333333	153.61333333333334	153.28666666666666	153.62	153.43333333333334	153.57333333333332	153.34666666666666	153.35333333333332	153.22	153.0	152.86	152.74666666666667	152.64	152.52	152.1	151.9	151.2	150.35333333333332	149.57333333333332	148.05333333333334	145.12	140.48666666666668	128.24	0.0
0.0	128.24	140.32666666666665	145.57333333333332	147.92666666666668	149.7	150.25333333333333	151.04666666666665	151.5	151.96	152.24666666666667	152.55333333333334	152.64	153.0	152.93333333333334	153.05333333333334	153.3	153.2	153.40666666666667	153.24	152.96666666666667	153.15333333333334	153.04	153.28	153.50666666666666	153.50666666666666	153.38	153.42666666666668	153.42666666666668	153.32	153.12666666666667	153.40666666666667	153.63333333333333	153.44666666666666	153.48	153.87333333333333	153.71333333333334	153.95333333333335	153.68666666666667	154.06	153.34666666666666	153.46	153.06	153.50666666666666	153.35333333333332	153.45333333333335	153.79333333333332	153.76	153.78666666666666	153.42	153.6	153.49333333333334	153.42666666666668	153.36666666666667	153.48666666666668	153.34666666666666	153.38	153.02666666666667	153.07333333333332	153.00666666666666	152.71333333333334	152.51333333333332	152.03333333333333	151.9	151.47333333333333	151.08	150.46666666666667	149.38	147.94666666666666	145.35333333333332	140.44	128.55333333333334	0.0
0.0	128.2	139.94666666666666	145.22	147.97333333333333	149.43333333333334	150.22	150.99333333333334	151.5	151.79333333333332	152.2	152.34	152.43333333333334	152.54	152.59333333333333	152.62666666666667	152.60666666666665	153.19333333333333	152.97333333333333	153.01333333333332	153.19333333333333	152.80666666666667	153.09333333333333	152.95333333333335	152.81333333333333	152.98	152.92	153.0	153.12666666666667	153.31333333333333	153.13333333333333	153.35333333333332	152.97333333333333	153.0	153.0	153.09333333333333	153.24666666666667	153.13333333333333	153.2	153.03333333333333	153.14666666666668	153.08666666666667	153.14	153.49333333333334	153.26666666666668	153.26	153.49333333333334	153.15333333333334	153.42	153.54	153.56	153.48	153.42666666666668	153.14666666666668	153.24666666666667	153.1	152.82666666666665	152.68	152.76666666666668	152.65333333333334	152.46666666666667	152.40666666666667	152.25333333333333	152.24666666666667	151.74666666666667	151.41333333333333	150.51333333333332	149.36666666666667	147.84666666666666	145.31333333333333	139.97333333333333	128.25333333333333	0.0
0.0	128.36666666666667	140.5	145.44	148.16	149.81333333333333	150.68	151.52	151.94	152.16	152.69333333333333	153.1	153.02	153.48666666666668	153.28	153.28666666666666	153.75333333333333	153.83333333333334	153.8	153.78	153.72	153.82	153.73333333333332	153.46666666666667	153.70666666666668	153.63333333333333	153.37333333333333	153.59333333333333	153.77333333333334	153.42	153.55333333333334	153.92666666666668	153.74666666666667	153.64666666666668	153.63333333333333	153.91333333333333	153.82	154.0	153.55333333333334	153.80666666666667	153.85333333333332	153.74	153.91333333333333	153.71333333333334	153.66	153.89333333333335	153.96666666666667	153.83333333333334	153.84666666666666	153.46	153.68666666666667	153.52	153.53333333333333	153.48666666666668	153.64	153.6	153.54666666666665	153.32	153.17333333333335	153.17333333333335	152.71333333333334	152.48666666666668	152.46666666666667	152.21333333333334	151.86	151.37333333333333	150.58	149.80666666666667	147.79333333333332	145.5	140.16	128.31333333333333	0.0
0.0	128.28	140.22	145.35333333333332	147.82666666666665	149.60666666666665	150.56	151.36	151.92	152.02	152.16666666666666	152.64	152.74666666666667	153.20666666666668	153.50666666666666	153.51333333333332	153.74666666666667	153.33333333333334	153.5	153.52666666666667	153.79333333333332	153.80666666666667	153.50666666666666	153.8	153.98	153.84	153.68666666666667	153.87333333333333	153.92	154.15333333333334	154.08	153.69333333333333	153.54666666666665	153.58	153.88	154.08	153.92	153.80666666666667	153.99333333333334	153.82	153.72	153.54	153.72	153.80666666666667	153.88666666666666	153.9	153.55333333333334	153.64	153.75333333333333	153.64666666666668	153.80666666666667	153.32	153.71333333333334	153.48	153.76	153.71333333333334	153.61333333333334	153.22666666666666	153.31333333333333	152.93333333333334	152.93333333333334	152.91333333333333	152.76666666666668	152.04666666666665	151.81333333333333	151.18	150.38666666666666	149.44	147.74	145.10666666666665	140.74666666666667	129.04	0.0
0.0	128.58	140.43333333333334	145.28	148.02	149.69333333333333	150.73333333333332	151.4	151.96	152.12666666666667	152.85333333333332	153.08	153.12666666666667	153.43333333333334	153.64666666666668	154.00666666666666	154.17333333333335	153.82	154.28666666666666	153.94666666666666	154.16666666666666	153.96	153.95333333333335	154.07333333333332	154.12	154.1	154.19333333333333	154.22	154.14	153.84666666666666	153.88666666666666	154.17333333333335	154.10666666666665	154.20666666666668	154.04666666666665	154.18	153.79333333333332	153.87333333333333	153.87333333333333	153.92	154.22666666666666	154.1	154.25333333333333	154.32666666666665	154.01333333333332	153.89333333333335	153.86	153.9	153.66666666666666	153.97333333333333	154.01333333333332	153.77333333333334	153.90666666666667	153.83333333333334	153.96	153.64	153.85333333333332	153.52	153.68666666666667	153.44	153.34	153.10666666666665	152.84	152.43333333333334	151.94666666666666	151.28666666666666	150.46	149.29333333333332	148.06	145.38	140.60666666666665	128.54666666666665	0.0
0.0	128.4	140.44666666666666	145.52666666666667	147.84	149.68	150.8	151.42	152.0	152.7	152.92666666666668	153.30666666666667	153.52	153.24	153.25333333333333	153.32	153.74	153.58	153.64	153.73333333333332	153.65333333333334	153.79333333333332	153.74666666666667	154.04666666666665	153.74	154.02666666666667	154.02	154.06	154.05333333333334	153.96	153.84666666666666	154.35333333333332	154.10666666666665	154.19333333333333	154.00666666666666	153.86	153.92	154.06666666666666	154.22666666666666	154.28	154.35333333333332	154.24	154.12666666666667	153.92666666666668	153.89333333333335	154.14666666666668	154.03333333333333	154.16	154.22666666666666	153.92	154.08	153.93333333333334	153.73333333333332	153.53333333333333	153.66	153.76	153.62	153.74	153.36	153.23333333333332	153.16666666666666	152.80666666666667	152.35333333333332	152.12	151.74666666666667	151.39333333333335	150.48666666666668	149.46	147.99333333333334	145.74	140.16666666666666	128.50666666666666	0.0
0.0	128.42	140.38666666666666	145.27333333333334	147.88666666666666	149.27333333333334	150.69333333333333	151.44	151.77333333333334	152.28	152.37333333333333	152.4	152.48666666666668	152.57333333333332	152.65333333333334	152.60666666666665	152.56666666666666	153.0	152.92666666666668	152.96666666666667	153.11333333333334	153.07333333333332	153.32666666666665	153.18	152.97333333333333	153.09333333333333	152.82	153.10666666666665	153.43333333333334	153.31333333333333	153.39333333333335	153.36	153.1	153.03333333333333	153.16	152.97333333333333	153.15333333333334	153.21333333333334	153.16666666666666	153.09333333333333	153.11333333333334	153.35333333333332	153.06666666666666	153.04	152.93333333333334	152.84	153.02	152.75333333333333	152.75333333333333	152.96666666666667	152.86	152.97333333333333	152.94666666666666	153.20666666666668	152.99333333333334	152.93333333333334	152.68666666666667	152.86666666666667	152.70666666666668	152.77333333333334	152.87333333333333	152.80666666666667	152.17333333333335	151.75333333333333	151.4	150.87333333333333	150.32	149.29333333333332	147.4	145.03333333333333	139.94	128.40666666666667	0.0
0.0	128.71333333333334	140.10666666666665	145.21333333333334	147.67333333333335	149.15333333333334	150.02666666666667	151.0	151.50666666666666	151.97333333333333	152.40666666666667	152.70666666666668	152.66	152.90666666666667	153.02	153.06666666666666	153.16666666666666	153.06666666666666	153.3	153.70666666666668	153.57333333333332	153.4	153.8	153.41333333333333	153.68666666666667	153.23333333333332	153.43333333333334	153.63333333333333	153.51333333333332	153.73333333333332	153.85333333333332	153.92666666666668	153.8	153.56	153.48666666666668	153.42666666666668	153.51333333333332	153.37333333333333	153.56666666666666	153.63333333333333	153.35333333333332	153.44	153.3	153.62	153.78	153.64666666666668	153.40666666666667	153.37333333333333	153.14666666666668	153.41333333333333	153.53333333333333	153.44	153.28666666666666	153.24	153.15333333333334	153.2	152.91333333333333	152.71333333333334	153.06	153.01333333333332	152.82	152.68666666666667	152.32	152.02	151.93333333333334	151.54	150.64	149.6	147.68	145.12666666666667	140.04666666666665	128.32	0.0
0.0	127.98	140.4	145.57333333333332	147.71333333333334	149.39333333333335	150.27333333333334	151.34	151.78666666666666	151.78	152.24666666666667	152.23333333333332	152.54	152.74666666666667	153.14	152.86	152.87333333333333	153.03333333333333	153.15333333333334	153.2	153.30666666666667	153.21333333333334	153.03333333333333	153.18	153.43333333333334	153.31333333333333	153.32	153.26	153.28	153.02	153.12	153.28666666666666	153.37333333333333	153.21333333333334	153.20666666666668	153.16	153.18	153.04	153.04	152.72666666666666	153.18	153.08666666666667	153.20666666666668	153.28	153.07333333333332	152.98666666666668	153.02666666666667	153.11333333333334	153.03333333333333	153.44	153.13333333333333	153.22666666666666	153.12	153.12	152.96666666666667	153.10666666666665	152.92666666666668	152.88	152.84666666666666	152.52666666666667	152.32	152.12	151.74666666666667	151.67333333333335	151.17333333333335	151.02666666666667	150.47333333333333	149.39333333333335	147.82666666666665	145.12	140.18	128.72	0.0
0.0	128.31333333333333	140.16666666666666	144.73333333333332	147.81333333333333	149.12	150.22666666666666	150.96	151.36	151.70666666666668	152.28	152.40666666666667	152.76666666666668	152.93333333333334	152.9	153.14	153.31333333333333	153.58666666666667	153.72	153.54	153.56	153.77333333333334	153.72	153.64	153.6	153.46	153.72	153.56	153.69333333333333	153.48	153.58666666666667	153.58666666666667	153.7	153.64666666666668	153.64	153.60666666666665	153.64	153.73333333333332	153.64666666666668	153.54666666666665	153.50666666666666	153.78	153.58666666666667	153.69333333333333	153.59333333333333	153.38666666666666	153.37333333333333	153.51333333333332	153.64	153.44666666666666	153.37333333333333	153.68666666666667	153.37333333333333	153.18	153.18666666666667	152.98	153.1	153.13333333333333	152.88666666666666	152.76666666666668	152.62	152.63333333333333	152.37333333333333	151.86666666666667	151.50666666666666	150.81333333333333	150.48	149.27333333333334	147.58666666666667	145.25333333333333	140.01333333333332	128.03333333333333	0.0
0.0	128.16666666666666	140.11333333333334	144.84	147.87333333333333	149.39333333333335	150.69333333333333	151.54	151.82	152.22666666666666	152.50666666666666	152.68666666666667	152.89333333333335	153.06	153.2	153.56	153.58	153.49333333333334	153.52	153.70666666666668	153.76	153.51333333333332	153.34666666666666	153.97333333333333	153.9	153.92	153.50666666666666	153.43333333333334	153.43333333333334	153.55333333333334	153.32	153.20666666666668	153.48666666666668	153.31333333333333	153.24666666666667	153.50666666666666	153.42	153.52666666666667	153.51333333333332	153.67333333333335	153.63333333333333	153.68	153.38	153.38	153.38666666666666	153.48666666666668	153.44	153.46666666666667	153.19333333333333	153.44	153.10666666666665	152.81333333333333	152.86	153.12	153.50666666666666	153.22666666666666	152.91333333333333	153.25333333333333	153.1	152.89333333333335	152.88	152.54	152.4	152.18666666666667	151.78666666666666	151.08666666666667	150.47333333333333	149.17333333333335	147.64	145.25333333333333	139.85333333333332	127.90666666666667	0.0
0.0	128.38	140.18666666666667	145.38	148.36	149.77333333333334	150.53333333333333	151.65333333333334	152.09333333333333	152.54666666666665	152.70666666666668	153.18666666666667	153.12	153.12666666666667	153.22666666666666	153.41333333333333	153.41333333333333	153.75333333333333	153.95333333333335	153.8	153.77333333333334	153.58	153.74666666666667	153.90666666666667	153.71333333333334	154.08	153.95333333333335	154.04	153.92666666666668	153.93333333333334	153.82666666666665	154.01333333333332	153.89333333333335	154.01333333333332	153.79333333333332	154.0	153.86	154.08666666666667	154.04666666666665	153.88666666666666	154.04	153.91333333333333	153.87333333333333	153.72	153.59333333333333	153.89333333333335	153.62666666666667	153.72666666666666	153.86	153.74	153.8	153.42	153.49333333333334	153.62	153.45333333333335	153.47333333333333	153.33333333333334	153.48	153.37333333333333	153.36666666666667	152.98666666666668	152.94666666666666	152.48666666666668	152.19333333333333	151.77333333333334	151.62666666666667	150.60666666666665	149.68	147.69333333333333	145.16666666666666	140.26666666666668	128.64666666666668	0.0
0.0	128.18666666666667	140.36666666666667	145.16666666666666	148.0	149.5	150.26666666666668	151.1	151.74	151.94	152.58	152.74666666666667	152.73333333333332	152.98	153.08	153.14	153.17333333333335	153.28666666666666	153.14666666666668	153.23333333333332	153.26666666666668	153.23333333333332	153.41333333333333	153.34	153.57333333333332	153.62666666666667	153.64	153.61333333333334	153.7	153.85333333333332	153.78666666666666	153.70666666666668	153.62666666666667	153.72666666666666	153.68666666666667	153.77333333333334	153.80666666666667	153.6	153.71333333333334	153.65333333333334	153.70666666666668	153.7	153.63333333333333	153.76666666666668	153.8	153.77333333333334	153.58	153.62	153.57333333333332	153.64666666666668	153.44	153.36	153.34666666666666	153.62	153.41333333333333	153.18666666666667	153.06666666666666	153.08	152.95333333333335	152.70666666666668	152.68666666666667	152.49333333333334	152.09333333333333	151.79333333333332	151.8	151.35333333333332	150.50666666666666	149.06666666666666	147.66666666666666	145.21333333333334	140.31333333333333	128.36666666666667	0.0
0.0	128.16	140.45333333333335	145.42	148.07333333333332	149.39333333333335	150.63333333333333	151.67333333333335	151.88666666666666	152.43333333333334	152.56666666666666	152.61333333333334	152.84	153.06666666666666	153.28	153.17333333333335	153.28	153.46	153.22666666666666	153.79333333333332	153.48666666666668	153.59333333333333	153.29333333333332	153.55333333333334	153.5	153.42	153.38666666666666	153.54	153.62666666666667	153.66666666666666	153.43333333333334	153.62666666666667	153.56666666666666	153.75333333333333	153.56	153.84666666666666	153.77333333333334	153.66666666666666	153.48666666666668	153.64	153.84666666666666	153.6	153.61333333333334	153.8	153.54	153.71333333333334	153.8	153.74	153.68666666666667	153.57333333333332	153.69333333333333	153.37333333333333	153.44666666666666	153.24666666666667	153.30666666666667	153.34666666666666	153.23333333333332	153.23333333333332	152.90666666666667	152.72666666666666	153.03333333333333	152.56666666666666	152.58	152.12666666666667	151.38666666666666	150.98666666666668	150.59333333333333	149.32	147.78666666666666	145.20666666666668	140.14666666666668	127.97333333333333	0.0
0.0	128.00666666666666	140.04666666666665	145.16	147.94666666666666	149.24666666666667	150.71333333333334	151.31333333333333	151.68	151.84666666666666	152.19333333333333	152.76666666666668	152.8	153.25333333333333	153.04	153.52	153.3	153.33333333333334	153.50666666666666	153.40666666666667	153.22666666666666	153.33333333333334	153.32	153.46666666666667	153.66	153.45333333333335	153.42	153.51333333333332	153.46666666666667	153.50666666666666	153.46	153.58666666666667	153.68666666666667	153.88	153.84	153.90666666666667	153.84666666666666	153.93333333333334	154.14	153.93333333333334	153.84	153.76	154.06666666666666	154.1	154.04	153.69333333333333	153.76	153.64	153.72	153.82	153.48666666666668	153.72666666666666	153.37333333333333	153.52666666666667	153.50666666666666	153.30666666666667	153.58666666666667	153.28	153.12	152.84	153.2	152.98	152.52666666666667	152.14	151.70666666666668	151.28666666666666	150.52666666666667	149.48	148.06666666666666	144.96	140.12	128.03333333333333	0.0
0.0	129.14	140.58666666666667	145.81333333333333	148.14666666666668	149.73333333333332	150.85333333333332	151.33333333333334	151.67333333333335	152.07333333333332	152.54	152.86666666666667	153.02666666666667	153.23333333333332	153.28	153.20666666666668	153.18	153.56666666666666	153.29333333333332	153.40666666666667	153.37333333333333	153.37333333333333	153.24	153.49333333333334	153.43333333333334	153.58	153.52	153.64	153.6	153.89333333333335	153.60666666666665	153.74	153.70666666666668	153.57333333333332	153.78666666666666	153.79333333333332	153.83333333333334	153.83333333333334	153.72	153.70666666666668	153.81333333333333	153.50666666666666	153.54666666666665	153.94666666666666	154.11333333333334	153.86666666666667	153.64666666666668	153.80666666666667	153.66666666666666	154.04666666666665	153.65333333333334	153.72	153.52	153.48666666666668	153.30666666666667	153.08666666666667	153.18	153.20666666666668	153.08666666666667	152.79333333333332	152.48666666666668	152.69333333333333	152.26666666666668	152.51333333333332	151.81333333333333	151.28	150.68	149.73333333333332	147.97333333333333	145.32666666666665	140.56	128.27333333333334	0.0
0.0	128.42	140.15333333333334	145.42666666666668	147.88	149.50666666666666	150.26666666666668	151.32666666666665	151.75333333333333	152.20666666666668	152.32666666666665	152.45333333333335	152.43333333333334	152.58666666666667	152.96	152.92	153.12	152.9	153.26666666666668	153.29333333333332	153.38666666666666	153.28	153.2	153.45333333333335	153.16666666666666	153.36	153.65333333333334	153.82	153.32666666666665	153.49333333333334	153.55333333333334	153.65333333333334	153.58666666666667	153.54666666666665	153.59333333333333	153.31333333333333	153.57333333333332	153.56	153.5	153.53333333333333	153.44666666666666	153.27333333333334	153.52666666666667	153.55333333333334	153.38666666666666	153.54666666666665	153.37333333333333	153.45333333333335	153.18	153.34	153.48	153.28	153.44	153.36666666666667	153.02	153.22	153.28666666666666	153.06	152.86	152.85333333333332	152.44	152.14666666666668	152.05333333333334	152.04666666666665	151.82666666666665	151.24666666666667	150.47333333333333	149.38666666666666	148.05333333333334	145.43333333333334	140.44	128.55333333333334	0.0
0.0	128.34	140.53333333333333	145.81333333333333	148.14666666666668	149.49333333333334	150.72666666666666	151.34666666666666	151.94	152.30666666666667	152.46666666666667	152.81333333333333	152.8	152.88	153.14666666666668	153.21333333333334	153.49333333333334	153.48666666666668	153.65333333333334	153.54	153.62	153.58	153.51333333333332	153.26	153.78	153.67333333333335	153.28	153.52	153.76	153.85333333333332	153.94	153.83333333333334	153.56	153.27333333333334	153.45333333333335	153.64666666666668	153.74	153.46	153.68666666666667	153.68	153.68	153.85333333333332	153.64	153.61333333333334	153.75333333333333	153.66666666666666	153.44	153.62666666666667	153.44666666666666	153.46	153.44	153.63333333333333	153.52666666666667	153.31333333333333	153.32	153.28666666666666	153.13333333333333	153.18	153.07333333333332	152.88666666666666	152.76	152.24	152.30666666666667	151.88666666666666	151.52666666666667	151.2	150.52666666666667	149.51333333333332	148.24	145.69333333333333	140.53333333333333	128.64	0.0
0.0	128.52666666666667	140.60666666666665	145.64666666666668	148.01333333333332	149.31333333333333	150.60666666666665	151.24666666666667	151.42666666666668	151.78	152.38666666666666	152.18	152.91333333333333	152.94	152.94666666666666	153.15333333333334	153.36666666666667	153.3	153.10666666666665	153.21333333333334	153.26	153.48	153.36	153.67333333333335	153.40666666666667	153.17333333333335	153.61333333333334	153.68	153.76	153.68666666666667	153.95333333333335	153.50666666666666	153.63333333333333	153.66	153.78666666666666	153.72666666666666	153.82666666666665	153.52666666666667	153.42666666666668	153.28666666666666	153.54666666666665	153.7	153.73333333333332	153.75333333333333	153.69333333333333	153.58	153.74	153.84	153.94666666666666	153.75333333333333	153.57333333333332	153.45333333333335	153.70666666666668	153.22666666666666	153.20666666666668	153.18666666666667	153.09333333333333	152.98666666666668	153.07333333333332	152.83333333333334	152.63333333333333	152.52666666666667	152.36666666666667	152.08	151.74	151.14	150.44666666666666	149.11333333333334	147.44666666666666	144.8	140.09333333333333	128.32666666666665	0.0
0.0	128.10666666666665	140.54	145.38	147.67333333333335	149.23333333333332	150.51333333333332	150.94	151.42666666666668	151.84	152.3	152.5	152.5	152.93333333333334	153.04666666666665	153.14666666666668	153.2	153.16666666666666	153.24	153.44666666666666	153.45333333333335	153.10666666666665	152.98666666666668	153.05333333333334	153.15333333333334	153.29333333333332	153.29333333333332	153.33333333333334	153.62666666666667	153.55333333333334	153.74666666666667	153.42666666666668	153.32	153.46	153.14666666666668	153.30666666666667	153.52666666666667	153.7	153.18666666666667	153.35333333333332	153.34666666666666	153.28666666666666	153.32666666666665	153.02	153.0	153.01333333333332	153.02666666666667	153.13333333333333	153.3	153.28666666666666	153.03333333333333	153.08666666666667	153.12666666666667	152.9	152.89333333333335	152.80666666666667	152.86666666666667	152.76	152.95333333333335	152.70666666666668	152.44666666666666	152.26666666666668	151.99333333333334	151.81333333333333	151.52666666666667	151.18666666666667	150.53333333333333	149.5	147.97333333333333	145.36666666666667	140.55333333333334	128.5	0.0
0.0	128.45333333333335	140.32	145.4	147.78	149.49333333333334	150.64	151.30666666666667	151.50666666666666	152.08666666666667	152.14666666666668	152.67333333333335	153.00666666666666	152.92666666666668	153.26666666666668	153.27333333333334	153.46	153.34666666666666	153.42	153.38666666666666	153.32	153.34666666666666	153.29333333333332	153.6	153.72	153.36666666666667	153.44	153.69333333333333	153.63333333333333	153.5	154.0	153.76666666666668	153.76666666666668	153.68	153.38	153.83333333333334	153.8	153.61333333333334	153.52	153.76666666666668	153.64	153.78666666666666	153.84	154.13333333333333	154.0	154.08666666666667	154.18	153.92	153.78666666666666	153.9	153.88666666666666	153.58	153.52666666666667	153.48	153.40666666666667	153.63333333333333	153.7	153.19333333333333	153.01333333333332	152.91333333333333	152.85333333333332	152.76666666666668	152.40666666666667	152.26	151.89333333333335	151.14	150.48	149.46	147.81333333333333	145.2	140.18666666666667	128.17333333333335	0.0
0.0	128.57333333333332	140.73333333333332	145.52666666666667	148.16	149.61333333333334	150.38666666666666	151.30666666666667	151.87333333333333	152.13333333333333	152.85333333333332	153.00666666666666	153.17333333333335	153.36	153.32	153.28	153.42	153.5	153.50666666666666	153.37333333333333	153.45333333333335	153.47333333333333	153.58666666666667	153.91333333333333	153.63333333333333	153.88	153.79333333333332	153.44666666666666	153.98	153.82	153.98	154.17333333333335	154.22	154.16666666666666	154.21333333333334	154.12	154.13333333333333	153.97333333333333	154.12666666666667	154.21333333333334	154.21333333333334	153.82666666666665	154.06666666666666	153.96666666666667	154.02666666666667	153.77333333333334	153.80666666666667	154.00666666666666	153.94	153.69333333333333	153.6	153.51333333333332	153.56666666666666	153.67333333333335	153.8	153.64	153.69333333333333	153.38666666666666	153.43333333333334	153.44	153.20666666666668	152.91333333333333	152.91333333333333	152.58	151.86666666666667	151.59333333333333	150.48666666666668	149.36666666666667	147.71333333333334	145.56	140.64	129.02666666666667	0.0
0.0	128.68	140.11333333333334	144.87333333333333	147.65333333333334	149.52	150.65333333333334	151.18666666666667	151.46666666666667	151.96666666666667	152.48666666666668	152.68	152.92666666666668	152.89333333333335	152.98	153.34	153.26666666666668	153.33333333333334	152.98	153.06666666666666	153.4	153.35333333333332	153.12	153.44	153.12666666666667	153.27333333333334	153.34666666666666	153.38666666666666	153.44666666666666	153.28666666666666	153.47333333333333	153.66666666666666	153.42666666666668	153.27333333333334	153.14666666666668	153.24666666666667	153.15333333333334	153.24	153.52666666666667	153.35333333333332	153.04666666666665	153.17333333333335	153.02666666666667	152.96	152.96	153.16666666666666	153.00666666666666	153.24	153.09333333333333	153.00666666666666	152.92	152.88666666666666	152.84666666666666	153.04	153.11333333333334	153.03333333333333	152.74	152.83333333333334	152.80666666666667	152.70666666666668	152.14666666666668	152.04666666666665	151.85333333333332	151.38666666666666	151.19333333333333	150.82	150.06666666666666	149.21333333333334	147.82666666666665	145.44	140.56	128.52	0.0
0.0	127.9	139.89333333333335	144.95333333333335	147.62	149.05333333333334	150.26	150.94666666666666	151.46	151.80666666666667	152.22666666666666	152.53333333333333	152.81333333333333	152.90666666666667	152.95333333333335	153.1	153.47333333333333	153.22	153.18666666666667	153.00666666666666	152.99333333333334	153.44666666666666	153.31333333333333	153.28	153.37333333333333	153.66	153.56	153.44666666666666	153.15333333333334	153.19333333333333	153.24666666666667	153.28666666666666	153.16	153.08	153.14	153.30666666666667	153.22666666666666	153.24	153.09333333333333	152.96	152.82	153.15333333333334	153.36	153.39333333333335	153.38	153.32666666666665	153.12	153.07333333333332	153.15333333333334	153.07333333333332	152.97333333333333	152.88	152.99333333333334	152.92	153.06	152.87333333333333	152.68666666666667	152.77333333333334	152.70666666666668	152.78	152.60666666666665	152.34	152.10666666666665	151.88	151.28666666666666	151.04666666666665	150.54666666666665	149.36	147.69333333333333	144.97333333333333	139.99333333333334	128.7	0.0
0.0	128.46	139.81333333333333	145.34	147.80666666666667	149.32666666666665	150.44	151.08666666666667	151.63333333333333	152.07333333333332	152.25333333333333	152.62666666666667	152.88	152.96666666666667	152.86666666666667	152.89333333333335	153.26	153.3	153.22666666666666	153.31333333333333	153.36	153.47333333333333	153.29333333333332	153.48	153.2	153.64666666666668	153.76666666666668	153.52666666666667	153.58666666666667	153.64	153.56666666666666	153.62666666666667	153.7	153.82	153.92	153.81333333333333	153.78	153.72	153.68666666666667	153.81333333333333	153.76	153.72666666666666	153.86	153.74666666666667	153.67333333333335	153.81333333333333	153.76666666666668	153.77333333333334	153.54	153.66	153.68	153.4	153.38666666666666	153.48666666666668	153.55333333333334	153.1	153.31333333333333	153.19333333333333	152.81333333333333	152.71333333333334	152.68	152.26	152.3	151.93333333333334	151.54	151.15333333333334	150.38666666666666	149.37333333333333	147.6	144.96666666666667	140.0	128.66666666666666	0.0
0.0	128.36666666666667	140.64	145.16	147.80666666666667	149.49333333333334	150.36	151.18666666666667	151.56	152.32	152.52	152.48666666666668	153.01333333333332	152.88666666666666	153.16666666666666	153.16	153.28666666666666	153.50666666666666	153.40666666666667	153.44666666666666	153.58666666666667	153.4	153.5	153.63333333333333	153.46	153.66666666666666	153.58666666666667	153.48	153.44666666666666	153.23333333333332	153.31333333333333	153.50666666666666	153.62	153.58	153.46	153.54666666666665	153.77333333333334	153.72666666666666	153.58666666666667	153.56	153.70666666666668	153.63333333333333	153.62	153.7	153.66	153.51333333333332	153.54666666666665	153.53333333333333	153.54	153.60666666666665	153.55333333333334	153.64666666666668	153.67333333333335	153.51333333333332	153.26666666666668	153.37333333333333	153.14	152.98666666666668	153.14	153.1	152.81333333333333	152.47333333333333	152.22666666666666	151.95333333333335	151.53333333333333	151.11333333333334	150.32666666666665	149.46	147.92666666666668	145.51333333333332	140.18	128.40666666666667	0.0
0.0	128.28666666666666	140.09333333333333	145.24	148.01333333333332	149.54	150.60666666666665	151.12666666666667	151.62	151.8	151.86	152.35333333333332	152.73333333333332	152.79333333333332	153.12666666666667	152.91333333333333	153.08	153.22666666666666	153.04666666666665	153.11333333333334	153.13333333333333	153.39333333333335	153.27333333333334	153.16	153.36666666666667	153.36666666666667	153.38	153.32666666666665	153.24666666666667	153.27333333333334	153.52	153.52	153.49333333333334	153.42666666666668	153.7	153.79333333333332	153.7	153.56	153.61333333333334	153.56666666666666	153.67333333333335	153.46	153.25333333333333	153.48666666666668	153.50666666666666	153.65333333333334	153.18	153.44	153.45333333333335	153.81333333333333	153.59333333333333	153.76666666666668	153.39333333333335	153.58666666666667	153.58	153.32	153.48	152.96	152.82	152.74666666666667	152.38666666666666	152.29333333333332	152.04666666666665	151.93333333333334	151.83333333333334	151.24666666666667	150.68	149.3	147.88	145.34	140.32666666666665	128.46666666666667	0.0
0.0	128.21333333333334	140.41333333333333	145.04666666666665	147.78	149.06666666666666	150.61333333333334	150.99333333333334	151.78	151.81333333333333	152.48666666666668	152.6	152.62	152.58	152.72	153.14	153.03333333333333	152.96666666666667	152.81333333333333	152.9	153.23333333333332	153.37333333333333	153.44	153.38	153.45333333333335	153.26666666666668	153.2	153.12666666666667	153.14666666666668	153.40666666666667	153.43333333333334	153.28666666666666	153.28	152.84	152.76	152.6	153.05333333333334	152.95333333333335	152.96	153.18	153.28666666666666	153.33333333333334	153.28	153.45333333333335	153.44	153.40666666666667	153.29333333333332	152.96666666666667	152.93333333333334	153.18666666666667	153.16	153.07333333333332	153.02666666666667	153.21333333333334	153.22	152.99333333333334	152.84	152.64	152.6	152.64	152.54666666666665	152.31333333333333	152.14	151.74	151.61333333333334	151.15333333333334	150.39333333333335	149.30666666666667	147.62	145.09333333333333	140.32	128.23333333333332	0.0
0.0	128.55333333333334	140.28666666666666	145.03333333333333	147.80666666666667	149.36	150.27333333333334	150.92666666666668	151.50666666666666	152.07333333333332	152.10666666666665	152.45333333333335	152.63333333333333	152.82	152.84	153.07333333333332	152.58	152.7	152.87333333333333	153.11333333333334	153.34	153.05333333333334	153.50666666666666	153.46666666666667	153.51333333333332	153.34666666666666	153.39333333333335	153.24	153.20666666666668	153.36	153.16	153.14	153.38	153.24	153.38666666666666	153.47333333333333	153.21333333333334	153.55333333333334	153.47333333333333	153.5	153.23333333333332	152.86666666666667	153.34	153.39333333333335	153.44	153.65333333333334	153.4	153.66	153.56666666666666	153.54	153.66666666666666	153.36	153.12666666666667	153.11333333333334	153.11333333333334	153.08	153.08666666666667	152.92666666666668	153.0	152.79333333333332	152.44666666666666	151.90666666666667	152.21333333333334	151.8	151.32	150.84	150.21333333333334	149.30666666666667	147.82666666666665	145.06666666666666	140.18666666666667	128.80666666666667	0.0
0.0	128.96666666666667	140.68	145.46	147.93333333333334	149.68	150.62666666666667	151.41333333333333	151.72	151.96666666666667	152.41333333333333	152.42	152.59333333333333	152.89333333333335	153.33333333333334	153.36666666666667	153.20666666666668	153.44	153.35333333333332	153.04666666666665	153.4	153.43333333333334	153.53333333333333	153.36	153.53333333333333	153.70666666666668	153.46666666666667	153.68	153.66666666666666	153.59333333333333	153.56666666666666	153.47333333333333	153.22666666666666	153.32	153.59333333333333	153.59333333333333	153.44666666666666	153.36666666666667	153.58666666666667	153.53333333333333	153.74	153.27333333333334	153.08666666666667	153.12666666666667	153.33333333333334	153.50666666666666	153.3	153.5	153.45333333333335	153.4	153.34	153.60666666666665	153.28666666666666	153.35333333333332	153.40666666666667	153.2	153.01333333333332	153.06	153.02666666666667	152.36	152.63333333333333	152.44666666666666	152.30666666666667	152.11333333333334	151.89333333333335	151.53333333333333	150.78	149.74666666666667	147.85333333333332	145.44666666666666	140.92666666666668	128.96	0.0
0.0	128.03333333333333	140.16666666666666	145.36	147.99333333333334	149.78666666666666	150.68	151.50666666666666	152.08	152.1	152.47333333333333	152.81333333333333	152.6	152.82	152.79333333333332	153.26666666666668	153.18666666666667	153.54666666666665	153.33333333333334	153.65333333333334	153.37333333333333	153.5	153.32	153.51333333333332	153.62	153.5	153.73333333333332	154.01333333333332	153.68	153.39333333333335	153.67333333333335	153.33333333333334	153.41333333333333	153.68666666666667	153.78	153.48	153.82	153.64	153.76	153.80666666666667	153.80666666666667	153.74	153.52666666666667	153.24666666666667	153.44	153.5	153.4	153.46666666666667	153.4	153.28	153.15333333333334	153.14	153.36666666666667	153.5	153.62	153.04666666666665	153.14666666666668	153.11333333333334	153.1	152.92	152.67333333333335	152.68666666666667	152.28666666666666	151.85333333333332	151.7	151.14666666666668	150.48	149.25333333333333	147.62	145.06666666666666	139.96666666666667	127.90666666666667	0.0
0.0	128.16666666666666	140.27333333333334	145.68	148.1	149.76666666666668	150.60666666666665	151.34	152.08	152.32666666666665	152.42	153.07333333333332	153.29333333333332	153.38	153.33333333333334	153.63333333333333	153.80666666666667	153.78	153.68	153.72	153.76666666666668	153.92666666666668	153.91333333333333	153.44666666666666	153.9	153.94666666666666	153.87333333333333	153.52	153.72	153.92666666666668	153.8	153.72	153.81333333333333	153.56666666666666	153.79333333333332	153.52	153.61333333333334	153.83333333333334	153.7	153.60666666666665	153.8	153.87333333333333	153.65333333333334	154.23333333333332	154.24666666666667	154.10666666666665	154.0	153.84666666666666	153.81333333333333	153.79333333333332	153.86666666666667	153.96666666666667	153.85333333333332	153.87333333333333	153.99333333333334	153.52	153.24	153.12	153.02666666666667	152.91333333333333	152.79333333333332	152.97333333333333	152.48666666666668	152.08	151.64	151.38666666666666	150.8	149.59333333333333	147.93333333333334	145.38	140.38	128.29333333333332	0.0
0.0	128.00666666666666	140.24666666666667	144.87333333333333	147.94666666666666	149.48	150.37333333333333	150.99333333333334	151.46666666666667	152.19333333333333	152.35333333333332	152.71333333333334	152.72	152.61333333333334	152.90666666666667	153.12666666666667	153.04	152.87333333333333	153.0	152.84666666666666	153.08	153.45333333333335	153.42	153.32666666666665	153.50666666666666	153.41333333333333	153.87333333333333	153.48666666666668	153.47333333333333	153.2	153.28	153.41333333333333	153.37333333333333	153.42	153.66	153.45333333333335	153.52	153.50666666666666	153.75333333333333	153.40666666666667	153.28666666666666	153.2	153.28666666666666	153.27333333333334	153.26	153.10666666666665	153.19333333333333	153.26666666666668	153.16666666666666	153.17333333333335	153.22	153.35333333333332	153.34666666666666	153.0	153.07333333333332	153.13333333333333	152.84666666666666	153.07333333333332	153.00666666666666	152.80666666666667	152.43333333333334	152.29333333333332	152.14	152.04	151.83333333333334	151.11333333333334	150.26666666666668	149.33333333333334	147.75333333333333	145.12	140.70666666666668	128.08	0.0
0.0	128.16	140.54666666666665	145.22	147.6	149.52666666666667	150.39333333333335	151.25333333333333	151.73333333333332	151.89333333333335	152.30666666666667	152.65333333333334	152.67333333333335	152.6	153.02	153.18666666666667	153.26	153.32	153.35333333333332	153.46666666666667	153.36666666666667	153.6	153.55333333333334	153.45333333333335	153.34	153.66666666666666	153.42666666666668	153.48	153.29333333333332	153.44	153.32666666666665	153.56666666666666	153.50666666666666	153.54666666666665	153.42666666666668	153.43333333333334	153.27333333333334	153.59333333333333	153.53333333333333	153.40666666666667	153.66666666666666	153.47333333333333	153.76	153.79333333333332	153.25333333333333	153.36666666666667	153.35333333333332	153.41333333333333	153.38	153.33333333333334	153.69333333333333	153.33333333333334	153.22666666666666	153.22	153.3	153.39333333333335	153.3	153.19333333333333	153.06	152.94	152.90666666666667	152.57333333333332	152.42	151.96	151.59333333333333	151.02	150.42	149.41333333333333	147.96666666666667	145.22	140.34666666666666	128.64666666666668	0.0
0.0	127.95333333333333	139.93333333333334	144.87333333333333	147.56	149.44	150.16666666666666	150.79333333333332	151.6	151.54	152.1	152.22666666666666	152.08	152.48666666666668	152.59333333333333	152.46	152.63333333333333	152.83333333333334	153.02	152.76666666666668	152.71333333333334	152.71333333333334	153.02666666666667	152.90666666666667	153.26	152.96666666666667	153.14666666666668	152.92666666666668	153.04	153.12	153.08666666666667	153.14666666666668	153.36666666666667	153.38666666666666	153.47333333333333	153.18	153.22	153.19333333333333	153.27333333333334	153.19333333333333	152.88666666666666	153.24	153.08	153.14	153.19333333333333	152.98666666666668	152.82	152.82	153.04666666666665	152.98	153.42666666666668	153.14666666666668	153.18	153.08666666666667	153.02666666666667	152.75333333333333	152.86	152.55333333333334	152.43333333333334	152.21333333333334	152.40666666666667	152.22666666666666	151.98666666666668	151.42666666666668	151.46	151.06666666666666	150.33333333333334	149.48	147.82666666666665	145.44	140.08	128.46666666666667	0.0
0.0	128.52	139.91333333333333	145.08	147.58	149.00666666666666	150.13333333333333	151.26666666666668	151.34666666666666	151.84666666666666	152.21333333333334	152.10666666666665	152.44	152.58	152.72666666666666	152.76	152.58666666666667	152.96666666666667	152.94	153.18	153.14666666666668	153.10666666666665	153.19333333333333	153.09333333333333	153.27333333333334	153.48	153.19333333333333	153.09333333333333	153.34	153.16	152.95333333333335	153.48	152.99333333333334	153.09333333333333	153.11333333333334	152.88	153.15333333333334	152.90666666666667	153.06666666666666	153.10666666666665	153.11333333333334	153.03333333333333	153.20666666666668	153.28666666666666	153.24666666666667	153.60666666666665	153.77333333333334	153.30666666666667	153.2	153.24666666666667	153.21333333333334	153.08	152.8	152.86666666666667	152.63333333333333	152.72	152.79333333333332	152.66666666666666	152.65333333333334	152.48666666666668	152.44	152.10666666666665	152.11333333333334	151.69333333333333	151.39333333333335	150.88	150.30666666666667	149.28666666666666	147.72	145.16	140.29333333333332	128.08	0.0
0.0	127.91333333333333	140.51333333333332	145.20666666666668	147.82	149.62	150.42	151.34	151.52666666666667	151.88666666666666	152.13333333333333	152.60666666666665	152.47333333333333	152.79333333333332	152.86	152.74	152.96666666666667	153.34666666666666	153.46666666666667	153.52	153.31333333333333	153.58	153.37333333333333	153.41333333333333	153.59333333333333	153.10666666666665	153.37333333333333	153.50666666666666	153.31333333333333	153.40666666666667	153.37333333333333	153.30666666666667	153.58	153.88666666666666	153.66666666666666	153.74	153.50666666666666	153.63333333333333	153.28	153.6	153.35333333333332	153.26	153.28	153.13333333333333	153.46666666666667	153.52666666666667	153.28	153.18	153.12	153.25333333333333	153.44	153.01333333333332	152.99333333333334	152.66	153.08666666666667	153.08	152.82666666666665	152.97333333333333	152.92666666666668	152.64	152.52	152.58	152.26666666666668	151.92666666666668	151.48	151.06666666666666	150.53333333333333	149.55333333333334	147.7	145.46	140.35333333333332	128.26	0.0
0.0	127.99333333333334	140.06	145.38	147.73333333333332	149.15333333333334	150.18	151.11333333333334	151.59333333333333	152.00666666666666	152.36666666666667	152.74	152.87333333333333	152.88666666666666	152.91333333333333	153.07333333333332	152.78666666666666	153.23333333333332	153.13333333333333	153.02666666666667	153.27333333333334	153.44	153.18	153.52666666666667	153.28	153.20666666666668	153.44666666666666	153.67333333333335	153.32666666666665	153.43333333333334	153.64	153.56666666666666	153.38666666666666	153.34	153.64666666666668	153.58666666666667	153.67333333333335	153.74666666666667	153.7	153.70666666666668	153.64666666666668	153.60666666666665	153.86666666666667	153.58666666666667	153.54	153.16	153.16666666666666	153.48	152.94	153.01333333333332	152.94	153.10666666666665	153.22	153.35333333333332	153.19333333333333	153.09333333333333	152.92666666666668	152.74666666666667	153.22	152.74666666666667	152.72	152.48666666666668	152.19333333333333	151.76666666666668	151.57333333333332	151.13333333333333	150.63333333333333	149.46666666666667	147.88	145.33333333333334	140.11333333333334	128.16666666666666	0.0
0.0	128.26666666666668	140.14666666666668	145.14	148.28666666666666	149.80666666666667	150.5	151.46666666666667	151.72	151.94666666666666	152.34666666666666	152.72	153.06666666666666	153.26666666666668	153.39333333333335	153.28666666666666	153.42	153.42666666666668	153.62	153.44666666666666	153.66	153.33333333333334	153.28	153.29333333333332	153.54666666666665	153.48666666666668	153.72	153.82	153.82666666666665	153.65333333333334	153.66666666666666	153.58666666666667	153.18666666666667	153.38666666666666	153.6	153.62666666666667	153.66666666666666	153.62666666666667	153.89333333333335	153.87333333333333	153.50666666666666	153.55333333333334	153.42666666666668	153.66666666666666	153.72666666666666	153.58666666666667	153.73333333333332	153.78666666666666	153.59333333333333	153.62666666666667	153.47333333333333	153.48666666666668	153.3	153.32	153.14666666666668	153.03333333333333	153.51333333333332	153.38666666666666	153.26	153.52666666666667	153.02	152.91333333333333	152.50666666666666	152.42666666666668	152.12666666666667	151.54666666666665	150.73333333333332	149.62666666666667	148.16	145.35333333333332	140.7	128.50666666666666	0.0
0.0	128.40666666666667	140.12	145.08666666666667	147.95333333333335	149.38	150.41333333333333	151.12666666666667	151.90666666666667	152.24	152.54666666666665	153.00666666666666	152.98666666666668	153.06	153.16666666666666	153.31333333333333	153.13333333333333	153.24666666666667	153.32	153.42	153.5	153.54666666666665	153.72666666666666	153.68	153.48666666666668	153.91333333333333	153.75333333333333	153.72	153.64666666666668	153.92	153.94666666666666	153.56	153.58	153.41333333333333	153.79333333333332	153.52	153.55333333333334	153.86666666666667	153.61333333333334	153.34666666666666	153.58666666666667	153.73333333333332	153.81333333333333	153.56	153.42666666666668	153.28	153.62666666666667	153.48666666666668	153.26666666666668	153.58	153.48	153.46666666666667	153.39333333333335	153.45333333333335	153.02666666666667	153.19333333333333	153.42666666666668	153.23333333333332	153.12	153.05333333333334	152.78	152.61333333333334	152.63333333333333	152.26	151.86	151.44666666666666	150.60666666666665	149.33333333333334	147.68	145.07333333333332	140.30666666666667	128.12	0.0
0.0	128.21333333333334	140.12	145.08	147.9	149.52	150.54	151.1	151.6	151.85333333333332	151.87333333333333	151.92666666666668	152.32	152.42	152.58666666666667	152.9	152.89333333333335	152.87333333333333	153.11333333333334	152.75333333333333	153.06666666666666	153.12666666666667	153.12666666666667	153.06666666666666	153.38666666666666	153.15333333333334	153.22666666666666	153.20666666666668	153.09333333333333	153.06666666666666	153.37333333333333	153.45333333333335	153.68666666666667	153.52	153.55333333333334	153.53333333333333	153.50666666666666	153.55333333333334	153.38	153.48	153.27333333333334	153.3	153.13333333333333	152.86666666666667	152.95333333333335	153.16666666666666	153.0	153.16666666666666	153.29333333333332	152.98	153.01333333333332	152.84	153.19333333333333	152.97333333333333	152.97333333333333	152.66	152.86	152.74666666666667	152.44	152.58	152.3	152.44666666666666	151.86	151.91333333333333	151.5	150.76	150.18666666666667	149.0	147.66666666666666	145.06	139.75333333333333	128.74	0.0
0.0	128.66	140.28	145.0	147.64666666666668	149.23333333333332	150.18	151.12666666666667	151.67333333333335	151.38666666666666	151.8	152.14	152.63333333333333	152.53333333333333	152.73333333333332	152.86666666666667	153.12	153.14666666666668	152.99333333333334	152.94	153.2	153.22	153.19333333333333	153.24666666666667	153.32	153.30666666666667	152.98	153.62666666666667	153.4	153.52666666666667	153.36	153.30666666666667	153.12	153.47333333333333	153.38	153.62666666666667	153.53333333333333	153.61333333333334	153.57333333333332	153.42	153.82	153.86	153.68	153.52666666666667	153.68	153.63333333333333	153.60666666666665	153.94666666666666	153.24666666666667	153.26	153.16666666666666	153.31333333333333	153.25333333333333	153.29333333333332	153.23333333333332	153.28666666666666	153.09333333333333	153.15333333333334	152.78	152.75333333333333	152.46666666666667	152.31333333333333	152.36666666666667	151.78	151.56	150.82666666666665	150.34	149.3	147.72666666666666	145.09333333333333	140.24666666666667	128.05333333333334	0.0
0.0	128.48666666666668	139.83333333333334	145.36	147.62	149.07333333333332	150.34666666666666	150.91333333333333	151.57333333333332	151.78	152.08666666666667	152.20666666666668	152.39333333333335	152.55333333333334	152.78666666666666	153.02666666666667	153.07333333333332	152.97333333333333	152.73333333333332	153.15333333333334	153.08	153.34	153.23333333333332	153.22	153.28666666666666	153.33333333333334	153.19333333333333	153.31333333333333	153.34	153.35333333333332	153.30666666666667	153.03333333333333	153.35333333333332	153.42666666666668	153.41333333333333	153.02666666666667	153.11333333333334	153.46	153.64	153.80666666666667	153.48	153.56	153.46	153.42	153.23333333333332	153.6	153.06666666666666	153.27333333333334	153.23333333333332	152.85333333333332	152.86	153.00666666666666	153.14	152.90666666666667	153.02666666666667	152.82666666666665	152.82	152.86	152.64666666666668	152.84	152.63333333333333	152.2	151.85333333333332	151.88666666666666	151.46	150.86	150.43333333333334	149.26	147.32666666666665	145.24	140.29333333333332	128.26666666666668	0.0
0.0	128.54666666666665	140.08	145.2	147.57333333333332	149.44	150.36	150.82	151.52666666666667	151.68666666666667	152.19333333333333	152.13333333333333	152.4	152.76666666666668	152.72	153.05333333333334	152.98666666666668	153.21333333333334	152.91333333333333	153.06	153.08666666666667	152.94	152.87333333333333	153.19333333333333	153.08	153.37333333333333	153.21333333333334	153.07333333333332	153.26	152.91333333333333	153.39333333333335	153.23333333333332	153.31333333333333	153.28	153.42	153.17333333333335	153.34	153.36666666666667	153.25333333333333	153.04666666666665	153.34	153.32666666666665	153.56	153.60666666666665	153.32666666666665	153.38666666666666	153.13333333333333	153.36666666666667	153.13333333333333	153.17333333333335	153.16666666666666	153.18666666666667	153.2	153.00666666666666	153.13333333333333	153.21333333333334	152.95333333333335	153.11333333333334	152.60666666666665	152.93333333333334	152.46	152.57333333333332	152.27333333333334	151.82666666666665	151.66	151.40666666666667	150.55333333333334	149.36666666666667	147.85333333333332	144.86	140.18666666666667	128.08666666666667	0.0
0.0	128.59333333333333	140.03333333333333	145.33333333333334	148.12666666666667	149.44	150.65333333333334	151.41333333333333	151.92	152.31333333333333	152.71333333333334	152.96	152.95333333333335	153.34666666666666	153.24	153.37333333333333	153.56666666666666	154.10666666666665	153.70666666666668	153.98666666666668	153.92666666666668	153.8	154.28	153.84	154.01333333333332	154.08666666666667	153.98666666666668	154.06	154.17333333333335	154.13333333333333	154.11333333333334	154.16	154.0	154.02666666666667	153.99333333333334	154.04666666666665	153.84666666666666	154.12666666666667	154.02	154.10666666666665	153.89333333333335	154.06	153.87333333333333	154.14	153.72666666666666	154.09333333333333	153.78	153.91333333333333	153.99333333333334	153.87333333333333	153.81333333333333	153.81333333333333	153.61333333333334	153.56666666666666	153.70666666666668	153.28	153.49333333333334	153.4	153.36666666666667	153.20666666666668	153.17333333333335	152.95333333333335	152.61333333333334	152.58	152.04666666666665	151.84666666666666	150.95333333333335	149.74	148.1	145.45333333333335	140.72	128.58	0.0
0.0	128.20666666666668	140.10666666666665	145.06	147.89333333333335	149.18666666666667	150.28666666666666	151.10666666666665	151.64	151.85333333333332	152.05333333333334	152.41333333333333	152.37333333333333	152.45333333333335	152.86	152.83333333333334	152.82	152.70666666666668	152.84666666666666	153.34666666666666	153.4	153.39333333333335	153.13333333333333	153.28666666666666	153.10666666666665	153.03333333333333	153.04666666666665	153.39333333333335	153.02	153.27333333333334	153.16	153.33333333333334	152.93333333333334	153.07333333333332	153.11333333333334	153.06	153.16	152.98	153.08	153.24	153.46666666666667	153.42666666666668	153.06666666666666	153.24666666666667	153.16666666666666	153.12666666666667	153.06	152.94666666666666	152.83333333333334	152.83333333333334	153.0	153.05333333333334	152.95333333333335	152.77333333333334	152.82666666666665	152.97333333333333	152.72666666666666	152.76	153.04666666666665	152.62666666666667	152.56666666666666	152.5	152.32	152.02666666666667	151.66	151.36666666666667	150.52666666666667	149.40666666666667	148.06	145.06666666666666	140.22666666666666	128.31333333333333	0.0
0.0	128.45333333333335	140.4	145.27333333333334	147.95333333333335	149.37333333333333	150.29333333333332	150.95333333333335	151.45333333333335	151.74	152.40666666666667	152.36	152.53333333333333	152.66	153.02666666666667	153.11333333333334	153.25333333333333	153.12	153.20666666666668	153.30666666666667	153.53333333333333	153.59333333333333	153.52666666666667	153.52666666666667	153.41333333333333	153.28666666666666	153.51333333333332	153.29333333333332	153.59333333333333	153.91333333333333	153.5	153.42	153.81333333333333	153.55333333333334	153.79333333333332	153.69333333333333	153.6	153.41333333333333	153.54666666666665	153.7	153.56	153.88	153.65333333333334	153.64666666666668	153.76666666666668	153.84666666666666	153.8	153.74	153.76	153.64666666666668	153.76666666666668	153.61333333333334	153.24	153.13333333333333	153.16	153.18666666666667	153.14666666666668	153.0	152.88666666666666	152.79333333333332	152.86666666666667	152.66666666666666	152.66	152.22666666666666	151.99333333333334	151.21333333333334	150.65333333333334	149.48	147.96666666666667	145.47333333333333	140.87333333333333	128.38666666666666	0.0
0.0	128.51333333333332	140.14666666666668	145.3	147.84666666666666	149.44	150.50666666666666	150.94	151.58666666666667	151.88666666666666	152.19333333333333	152.48666666666668	152.73333333333332	152.75333333333333	152.72666666666666	152.92	153.08666666666667	153.0	153.26666666666668	153.1	153.42666666666668	153.18	153.32666666666665	153.16	152.91333333333333	153.16666666666666	153.30666666666667	153.4	153.10666666666665	153.11333333333334	153.08	152.84666666666666	153.34	153.17333333333335	153.02	153.18666666666667	153.53333333333333	153.15333333333334	153.00666666666666	153.14666666666668	153.01333333333332	153.28	153.3	153.03333333333333	153.24	153.18666666666667	153.14666666666668	153.48666666666668	153.10666666666665	153.24	153.39333333333335	153.15333333333334	153.28	153.31333333333333	152.96	152.7	152.94666666666666	152.65333333333334	152.6	152.31333333333333	152.49333333333334	152.22666666666666	151.90666666666667	151.49333333333334	151.58666666666667	150.74666666666667	150.16666666666666	149.42	147.52666666666667	145.22666666666666	140.13333333333333	128.80666666666667	0.0
0.0	128.72666666666666	140.69333333333333	145.43333333333334	148.09333333333333	149.80666666666667	150.46666666666667	151.67333333333335	152.09333333333333	152.36	152.57333333333332	152.74	152.61333333333334	152.78666666666666	153.37333333333333	153.48666666666668	153.28666666666666	153.60666666666665	153.81333333333333	153.74	153.86	153.62666666666667	154.09333333333333	154.16666666666666	154.04	153.80666666666667	153.84	153.7	153.76	153.44666666666666	153.61333333333334	153.62	153.64	153.82666666666665	154.02	153.89333333333335	153.86	153.88666666666666	153.56666666666666	153.51333333333332	153.40666666666667	153.81333333333333	153.82666666666665	153.65333333333334	153.5	153.58666666666667	153.80666666666667	153.74666666666667	153.86666666666667	153.64	153.20666666666668	153.41333333333333	153.18	153.16	153.46666666666667	153.29333333333332	153.22666666666666	153.09333333333333	153.00666666666666	152.94666666666666	152.64666666666668	152.61333333333334	152.41333333333333	152.3	152.06	151.6	150.56666666666666	149.55333333333334	147.88	144.94	140.12666666666667	128.08666666666667	0.0
0.0	128.67333333333335	140.20666666666668	145.14666666666668	147.93333333333334	149.5	150.22666666666666	151.18666666666667	151.87333333333333	151.74666666666667	152.17333333333335	152.45333333333335	152.4	152.85333333333332	153.12666666666667	153.12666666666667	153.21333333333334	153.38666666666666	153.14	153.3	153.09333333333333	153.1	153.05333333333334	153.12	153.27333333333334	153.19333333333333	153.60666666666665	153.46	153.16	153.62666666666667	153.44	153.54	153.42	153.73333333333332	153.46	153.63333333333333	153.75333333333333	154.07333333333332	153.71333333333334	153.78666666666666	153.59333333333333	153.65333333333334	153.90666666666667	153.97333333333333	153.99333333333334	153.91333333333333	153.57333333333332	153.74	153.84666666666666	154.07333333333332	153.98666666666668	153.78666666666666	153.63333333333333	153.49333333333334	153.42	153.22	153.20666666666668	153.06	153.09333333333333	152.73333333333332	152.98	152.62	152.40666666666667	151.86666666666667	151.83333333333334	151.42	150.63333333333333	149.55333333333334	148.09333333333333	145.45333333333335	140.45333333333335	128.4	0.0
0.0	128.42666666666668	140.24	145.42	148.02	149.67333333333335	150.8	151.43333333333334	152.00666666666666	152.24	152.59333333333333	152.52	152.68	152.58	153.07333333333332	153.03333333333333	153.01333333333332	152.95333333333335	153.28666666666666	153.54	153.36666666666667	153.54666666666665	153.32	153.62	153.50666666666666	153.47333333333333	153.48666666666668	153.59333333333333	154.02	153.70666666666668	153.64	153.70666666666668	153.56	153.48	153.58	153.64666666666668	153.48	153.30666666666667	153.66	153.64	153.68666666666667	153.86666666666667	153.79333333333332	153.69333333333333	153.74	153.76	153.42666666666668	153.15333333333334	153.36	153.46666666666667	153.41333333333333	153.56	153.20666666666668	153.29333333333332	153.12	153.2	153.17333333333335	153.0	152.83333333333334	152.90666666666667	152.97333333333333	152.72	152.62666666666667	152.34666666666666	151.69333333333333	151.2	150.38666666666666	149.42666666666668	147.84	145.23333333333332	140.22	128.40666666666667	0.0
0.0	128.18	140.49333333333334	145.51333333333332	147.99333333333334	149.24	150.22666666666666	151.00666666666666	151.55333333333334	152.06666666666666	152.33333333333334	152.50666666666666	152.76666666666668	152.62666666666667	153.13333333333333	153.24666666666667	153.02666666666667	153.38666666666666	153.18	153.15333333333334	153.47333333333333	153.56666666666666	153.71333333333334	153.53333333333333	153.52	153.27333333333334	153.54	153.15333333333334	153.49333333333334	153.28666666666666	153.38	153.62	153.67333333333335	153.38666666666666	153.50666666666666	153.64	153.57333333333332	153.58666666666667	153.68666666666667	153.43333333333334	153.46	153.42666666666668	153.35333333333332	153.48	153.63333333333333	153.58	153.47333333333333	153.05333333333334	153.15333333333334	153.3	153.02666666666667	153.06666666666666	153.27333333333334	153.62666666666667	153.34666666666666	153.3	153.28	152.97333333333333	152.51333333333332	152.36	152.56	152.56	152.38666666666666	152.09333333333333	151.81333333333333	151.42	150.5	149.56	147.7	145.13333333333333	140.39333333333335	128.53333333333333	0.0
0.0	128.56666666666666	139.94	144.96666666666667	147.49333333333334	148.92	150.26	151.28666666666666	151.63333333333333	152.14666666666668	152.12	152.50666666666666	152.68666666666667	153.05333333333334	152.78	153.30666666666667	152.94	153.07333333333332	153.2	153.19333333333333	153.43333333333334	153.51333333333332	153.34	153.4	153.72	153.88666666666666	153.58	153.5	153.49333333333334	153.36666666666667	153.54	153.66	153.62666666666667	153.62666666666667	153.48666666666668	153.44666666666666	153.94	153.35333333333332	153.69333333333333	153.47333333333333	153.50666666666666	153.27333333333334	153.48666666666668	153.2	153.24666666666667	153.14	153.49333333333334	153.72	153.58666666666667	153.75333333333333	153.38666666666666	153.38666666666666	153.61333333333334	153.68666666666667	153.1	153.04	152.66666666666666	152.80666666666667	152.92	152.83333333333334	152.60666666666665	152.47333333333333	152.34666666666666	152.02666666666667	151.66	151.16666666666666	150.52666666666667	149.35333333333332	147.68	144.72	139.97333333333333	128.06	0.0
0.0	128.28666666666666	140.07333333333332	144.69333333333333	147.65333333333334	149.54666666666665	150.36666666666667	150.77333333333334	151.48666666666668	151.82	151.71333333333334	152.1	152.28666666666666	152.35333333333332	152.13333333333333	152.36	152.77333333333334	152.78	152.76666666666668	152.74	153.32	153.08	153.15333333333334	152.87333333333333	152.77333333333334	152.92666666666668	152.76666666666668	153.03333333333333	152.95333333333335	153.29333333333332	153.36	153.15333333333334	152.98666666666668	152.96	152.84666666666666	153.05333333333334	153.14	153.14666666666668	153.16	152.96	153.13333333333333	153.0	152.82	152.78666666666666	152.76666666666668	152.89333333333335	152.88666666666666	152.8	153.1	153.19333333333333	153.02666666666667	152.73333333333332	152.87333333333333	152.94	152.97333333333333	152.99333333333334	152.95333333333335	152.88	152.92	152.80666666666667	152.32666666666665	152.32666666666665	152.04	151.47333333333333	151.47333333333333	150.64	150.27333333333334	149.15333333333334	147.72666666666666	145.01333333333332	140.64	128.37333333333333	0.0
0.0	128.4	139.84	145.16	148.04	149.28	150.73333333333332	151.52666666666667	152.06666666666666	152.52	152.74666666666667	152.94666666666666	153.23333333333332	153.46666666666667	153.56666666666666	153.78666666666666	153.84666666666666	153.94666666666666	153.84	153.80666666666667	153.88	153.78666666666666	153.65333333333334	153.83333333333334	153.7	153.93333333333334	154.04666666666665	154.03333333333333	154.27333333333334	153.86666666666667	153.92666666666668	153.84	153.93333333333334	153.87333333333333	153.8	153.84	153.82666666666665	153.89333333333335	153.96	153.89333333333335	153.72	153.82666666666665	154.02	153.93333333333334	153.91333333333333	154.33333333333334	154.05333333333334	153.86	153.86666666666667	153.56666666666666	153.75333333333333	153.78666666666666	153.34	153.5	153.59333333333333	153.59333333333333	153.53333333333333	153.75333333333333	153.58	153.22666666666666	153.04	152.89333333333335	152.75333333333333	152.4	151.8	151.42	150.52	149.46666666666667	147.94666666666666	145.22666666666666	140.29333333333332	128.77333333333334	0.0
0.0	128.72666666666666	140.72	145.36	147.98	149.8	150.68666666666667	151.28	151.90666666666667	152.30666666666667	152.6	152.82666666666665	153.0	152.84666666666666	152.92	153.22666666666666	153.27333333333334	153.31333333333333	153.31333333333333	153.21333333333334	153.12	153.34666666666666	153.36	153.36	153.57333333333332	153.54666666666665	153.46666666666667	153.70666666666668	153.74666666666667	153.79333333333332	153.64	153.58666666666667	153.38666666666666	153.28666666666666	153.53333333333333	153.36	153.44	153.44	153.71333333333334	153.75333333333333	153.7	153.6	153.68666666666667	153.66	153.49333333333334	153.62	153.46666666666667	153.62666666666667	153.68	153.65333333333334	153.38	153.38666666666666	153.46	153.42666666666668	153.27333333333334	153.4	153.43333333333334	153.26666666666668	153.11333333333334	153.08666666666667	152.88666666666666	152.60666666666665	152.39333333333335	152.4	151.97333333333333	151.29333333333332	150.92	149.58666666666667	147.91333333333333	145.21333333333334	140.26	128.42	0.0
0.0	128.62	140.25333333333333	145.34666666666666	147.84	149.39333333333335	150.84	151.42	151.58666666666667	152.03333333333333	152.34	152.52666666666667	152.89333333333335	153.01333333333332	152.99333333333334	153.08666666666667	153.42666666666668	153.41333333333333	153.48666666666668	153.37333333333333	153.41333333333333	153.64	153.46666666666667	153.41333333333333	153.54	153.48	153.73333333333332	153.57333333333332	153.46	153.6	153.52666666666667	153.46666666666667	153.4	153.66666666666666	153.62666666666667	153.38	153.32	153.3	153.45333333333335	153.37333333333333	153.23333333333332	153.41333333333333	153.54	153.29333333333332	153.19333333333333	153.38	153.19333333333333	153.52	153.56666666666666	153.75333333333333	153.46666666666667	153.32666666666665	153.66666666666666	153.28666666666666	153.61333333333334	153.47333333333333	153.38666666666666	153.30666666666667	153.05333333333334	153.20666666666668	152.88666666666666	152.63333333333333	152.4	152.27333333333334	151.59333333333333	151.44666666666666	150.57333333333332	149.88666666666666	147.98	145.35333333333332	140.41333333333333	128.62	0.0
0.0	128.46	139.87333333333333	145.18	147.88666666666666	149.33333333333334	150.12	151.16	151.63333333333333	151.74	152.22	152.56666666666666	152.70666666666668	152.80666666666667	152.86	152.95333333333335	153.18	153.35333333333332	153.35333333333332	153.45333333333335	153.38	153.24	153.20666666666668	153.11333333333334	153.33333333333334	153.57333333333332	153.23333333333332	153.52666666666667	153.77333333333334	153.74	153.70666666666668	153.82666666666665	154.07333333333332	153.64	153.83333333333334	153.86	153.42	153.63333333333333	153.70666666666668	153.71333333333334	153.91333333333333	153.68	153.71333333333334	153.9	153.66666666666666	153.35333333333332	153.62666666666667	153.55333333333334	153.54666666666665	153.37333333333333	153.46666666666667	153.46666666666667	153.52	153.71333333333334	153.49333333333334	153.41333333333333	153.18	153.14666666666668	153.18	152.74	152.69333333333333	152.49333333333334	152.44	152.07333333333332	151.74	151.05333333333334	150.46	149.42666666666668	147.3	145.11333333333334	140.06666666666666	128.51333333333332	0.0
0.0	128.06	139.96666666666667	145.20666666666668	147.78666666666666	149.35333333333332	150.05333333333334	150.79333333333332	151.41333333333333	151.60666666666665	152.28666666666666	152.60666666666665	152.77333333333334	152.73333333333332	152.77333333333334	152.88	152.97333333333333	153.00666666666666	153.22666666666666	153.24	153.19333333333333	152.96	153.17333333333335	152.90666666666667	153.12666666666667	153.23333333333332	153.15333333333334	153.16666666666666	153.33333333333334	153.39333333333335	153.40666666666667	153.20666666666668	153.21333333333334	152.99333333333334	153.00666666666666	152.85333333333332	153.04	152.98666666666668	153.35333333333332	153.34666666666666	153.19333333333333	153.28	153.21333333333334	153.56	153.45333333333335	153.40666666666667	153.38	153.35333333333332	153.1	153.40666666666667	153.5	153.39333333333335	153.14	153.26666666666668	153.12	152.96	153.01333333333332	152.89333333333335	152.90666666666667	152.97333333333333	153.04666666666665	152.76	152.46	151.79333333333332	151.38	150.98	150.10666666666665	149.01333333333332	147.62	145.18666666666667	140.18	128.26666666666668	0.0
0.0	128.84	140.53333333333333	145.2	147.72666666666666	149.58	150.76666666666668	151.6	152.14666666666668	152.56	152.54	152.59333333333333	153.38666666666666	153.48	153.58666666666667	153.58666666666667	153.75333333333333	153.76666666666668	153.62666666666667	153.6	153.53333333333333	153.25333333333333	153.54	153.33333333333334	153.62666666666667	153.44	153.46666666666667	153.82666666666665	153.47333333333333	153.49333333333334	153.40666666666667	153.71333333333334	153.26	153.48	153.44666666666666	153.98	153.92	153.84	153.86	153.61333333333334	153.76	153.84666666666666	153.64666666666668	153.69333333333333	153.69333333333333	153.63333333333333	153.53333333333333	153.54	153.64	153.6	153.29333333333332	153.48	153.25333333333333	153.28	153.17333333333335	153.14	153.3	153.26	153.18666666666667	152.89333333333335	152.79333333333332	152.61333333333334	152.46666666666667	152.16666666666666	152.04	151.44	150.75333333333333	149.58666666666667	147.97333333333333	145.44	140.59333333333333	128.76	0.0
0.0	128.26666666666668	139.74	145.36666666666667	147.93333333333334	149.64	150.72	151.72666666666666	151.82666666666665	152.25333333333333	152.33333333333334	152.52666666666667	152.82666666666665	152.92666666666668	153.30666666666667	153.32	153.36	153.69333333333333	153.82666666666665	153.94666666666666	153.90666666666667	153.96666666666667	154.07333333333332	153.84666666666666	153.86	153.39333333333335	153.48	153.8	153.54	153.93333333333334	153.94666666666666	154.14666666666668	154.21333333333334	154.03333333333333	153.96	154.13333333333333	153.85333333333332	153.98666666666668	153.72666666666666	153.84666666666666	153.94666666666666	153.99333333333334	154.24	154.06666666666666	154.04666666666665	154.22666666666666	154.19333333333333	153.98	153.94	153.74	153.98	153.86666666666667	153.72666666666666	153.66	153.62	153.5	153.12	153.49333333333334	153.51333333333332	153.38666666666666	153.20666666666668	152.93333333333334	152.71333333333334	152.38666666666666	151.81333333333333	151.44	151.07333333333332	149.78666666666666	148.2	145.26666666666668	140.22	128.29333333333332	0.0
0.0	128.14	140.30666666666667	145.02666666666667	147.78	149.46666666666667	150.57333333333332	151.36666666666667	151.58666666666667	152.1	152.16666666666666	152.46	152.63333333333333	152.80666666666667	152.84	153.0	153.08666666666667	153.2	153.14666666666668	152.96	153.02666666666667	153.31333333333333	153.44666666666666	153.39333333333335	153.56	153.65333333333334	153.59333333333333	153.38666666666666	153.64	153.60666666666665	153.53333333333333	153.65333333333334	153.66666666666666	153.74	153.63333333333333	153.34	153.40666666666667	152.89333333333335	153.33333333333334	153.16	153.26666666666668	153.56666666666666	153.34666666666666	153.84	153.54	153.48666666666668	153.2	153.52	153.44	153.60666666666665	153.53333333333333	153.46	153.11333333333334	153.21333333333334	153.08	153.18	153.13333333333333	153.01333333333332	152.62666666666667	152.65333333333334	152.26666666666668	152.19333333333333	152.14	151.76666666666668	151.76	151.12	150.38	149.34	147.88666666666666	145.00666666666666	139.76	128.12	0.0
0.0	128.04666666666665	140.05333333333334	145.28	148.15333333333334	149.57333333333332	150.23333333333332	150.85333333333332	151.62	151.99333333333334	152.2	152.32666666666665	152.8	152.61333333333334	153.17333333333335	153.28666666666666	153.50666666666666	153.29333333333332	153.44666666666666	153.22	153.2	153.52666666666667	153.47333333333333	153.76666666666668	153.77333333333334	153.82	153.91333333333333	153.63333333333333	153.90666666666667	153.68666666666667	153.62	153.68666666666667	153.26666666666668	153.56	153.53333333333333	153.66666666666666	153.59333333333333	153.86666666666667	153.8	153.80666666666667	153.99333333333334	153.8	153.84666666666666	153.82	153.81333333333333	153.76	153.58	153.82666666666665	153.50666666666666	153.52666666666667	153.65333333333334	153.76	153.55333333333334	153.64666666666668	153.62	153.59333333333333	153.8	153.19333333333333	153.32666666666665	152.87333333333333	152.87333333333333	152.83333333333334	152.7	152.48666666666668	152.0	151.24666666666667	150.42	149.38	147.93333333333334	145.26	140.38666666666666	128.38666666666666	0.0
0.0	128.84666666666666	140.17333333333335	145.19333333333333	147.79333333333332	149.55333333333334	150.78	151.19333333333333	151.94666666666666	152.44	152.54666666666665	152.76	152.84	153.04	152.86	152.84666666666666	152.88	153.33333333333334	153.54	153.42666666666668	153.54666666666665	153.82	153.76666666666668	153.5	153.77333333333334	153.6	153.32666666666665	153.27333333333334	153.36666666666667	153.34	152.88666666666666	153.2	152.98666666666668	153.10666666666665	153.19333333333333	153.26666666666668	153.38666666666666	153.45333333333335	153.21333333333334	153.30666666666667	153.14	153.16	153.24	153.19333333333333	153.04	153.46	153.28	152.99333333333334	153.16666666666666	152.93333333333334	152.80666666666667	152.9	152.98666666666668	152.85333333333332	152.62	152.9	152.99333333333334	152.75333333333333	152.9	152.71333333333334	152.42666666666668	152.61333333333334	152.48	152.16	151.72	151.3	150.74666666666667	149.70666666666668	148.00666666666666	145.19333333333333	140.22666666666666	128.82	0.0
0.0	128.13333333333333	140.39333333333335	145.56666666666666	148.08	149.69333333333333	150.85333333333332	151.35333333333332	151.90666666666667	152.1	152.38	152.89333333333335	152.72	153.07333333333332	153.24666666666667	153.24	153.15333333333334	153.32	153.22666666666666	153.29333333333332	153.26666666666668	153.52666666666667	153.68	153.56666666666666	153.48	153.63333333333333	153.6	153.56666666666666	153.56666666666666	153.38	153.41333333333333	153.79333333333332	153.52	153.36666666666667	153.3	153.43333333333334	153.09333333333333	153.08666666666667	153.28666666666666	153.5	153.42	153.35333333333332	153.25333333333333	153.4	153.42666666666668	153.59333333333333	153.59333333333333	153.68666666666667	153.4	153.14	153.30666666666667	153.25333333333333	153.21333333333334	153.08	152.92666666666668	153.05333333333334	153.23333333333332	152.88666666666666	152.8	152.82	152.87333333333333	153.02	152.48	152.27333333333334	151.77333333333334	151.35333333333332	151.04	149.83333333333334	148.34	145.64666666666668	140.7	128.03333333333333	0.0
0.0	128.21333333333334	140.26	145.46666666666667	147.9	149.36666666666667	150.49333333333334	151.26	151.72	152.09333333333333	152.26	152.36	152.67333333333335	152.95333333333335	153.15333333333334	153.34666666666666	153.36	153.24	153.15333333333334	153.29333333333332	153.15333333333334	153.43333333333334	153.47333333333333	153.65333333333334	153.42	153.32	153.36666666666667	153.72666666666666	153.46666666666667	153.63333333333333	153.54666666666665	153.54666666666665	153.39333333333335	153.45333333333335	153.60666666666665	153.40666666666667	153.48	153.47333333333333	153.89333333333335	153.75333333333333	153.61333333333334	153.90666666666667	153.90666666666667	153.44666666666666	153.40666666666667	153.46	153.4	153.72	153.58666666666667	153.48666666666668	153.57333333333332	153.38	153.38	153.46666666666667	153.2	153.4	153.41333333333333	153.59333333333333	153.16	152.77333333333334	152.89333333333335	152.35333333333332	152.3	151.92	151.63333333333333	151.21333333333334	150.18	149.14666666666668	147.69333333333333	145.31333333333333	139.85333333333332	127.99333333333334	0.0
0.0	128.31333333333333	139.94	144.85333333333332	147.64	148.96666666666667	150.18666666666667	150.84666666666666	151.26	151.67333333333335	152.0	152.25333333333333	152.48	152.38	152.32666666666665	152.73333333333332	152.85333333333332	152.8	152.83333333333334	152.88	153.09333333333333	153.25333333333333	153.02666666666667	152.90666666666667	153.22666666666666	153.34	153.09333333333333	153.42666666666668	153.29333333333332	153.21333333333334	153.42	153.21333333333334	152.94	152.94666666666666	152.89333333333335	152.88	152.98	152.78	153.01333333333332	153.03333333333333	152.90666666666667	153.22666666666666	152.78666666666666	152.97333333333333	153.26	153.2	152.92666666666668	152.64	152.84	152.86666666666667	153.02	153.27333333333334	153.12	153.02666666666667	152.8	153.13333333333333	152.96	152.72666666666666	152.86666666666667	152.76666666666668	152.83333333333334	152.48666666666668	152.15333333333334	151.72666666666666	151.5	150.77333333333334	150.31333333333333	149.46	147.81333333333333	144.97333333333333	139.94666666666666	128.76666666666668	0.0
0.0	127.71333333333334	140.18	145.10666666666665	147.78	149.56	150.73333333333332	151.26666666666668	151.91333333333333	152.38666666666666	152.52	152.73333333333332	153.14	153.06	153.12666666666667	153.04666666666665	153.32	153.38666666666666	153.36666666666667	153.40666666666667	153.57333333333332	153.72	154.04666666666665	153.89333333333335	154.08	153.98	153.94	153.86	153.86666666666667	153.8	153.62	153.78	153.68666666666667	153.82	153.97333333333333	154.13333333333333	153.99333333333334	154.16666666666666	154.1	153.81333333333333	153.60666666666665	153.86666666666667	153.78	153.98	154.03333333333333	154.23333333333332	154.11333333333334	154.02666666666667	154.04666666666665	153.77333333333334	154.1	154.07333333333332	154.06	153.69333333333333	153.78666666666666	153.73333333333332	153.59333333333333	153.59333333333333	153.64	153.49333333333334	153.31333333333333	153.22666666666666	152.88	152.66	152.14666666666668	151.35333333333332	150.86666666666667	149.66666666666666	147.77333333333334	145.36	140.85333333333332	128.81333333333333	0.0
0.0	128.20666666666668	139.80666666666667	145.34	147.77333333333334	149.67333333333335	150.65333333333334	151.52	151.78	152.43333333333334	152.45333333333335	152.67333333333335	152.95333333333335	153.04	153.12666666666667	153.06	152.84	153.13333333333333	153.00666666666666	153.11333333333334	153.40666666666667	153.36	153.53333333333333	153.54666666666665	153.19333333333333	153.52	153.63333333333333	153.48666666666668	153.52666666666667	153.56666666666666	153.48666666666668	153.49333333333334	153.60666666666665	153.66666666666666	153.62	153.76666666666668	153.77333333333334	153.75333333333333	153.72666666666666	153.55333333333334	153.76666666666668	153.58666666666667	153.73333333333332	153.52	153.28	153.47333333333333	153.4	153.18666666666667	153.23333333333332	153.34	153.50666666666666	153.43333333333334	153.52	153.17333333333335	153.11333333333334	153.43333333333334	153.0	152.98	153.16	152.77333333333334	152.79333333333332	152.74666666666667	152.43333333333334	152.22	151.74	151.43333333333334	150.60666666666665	149.38	147.79333333333332	145.2	140.12	128.16	0.0
0.0	128.18	140.67333333333335	144.95333333333335	148.1	149.43333333333334	150.54666666666665	151.03333333333333	151.73333333333332	152.31333333333333	152.50666666666666	152.61333333333334	152.74666666666667	153.02	153.02666666666667	153.16666666666666	153.2	153.16666666666666	153.42666666666668	153.60666666666665	153.54666666666665	153.40666666666667	153.64666666666668	153.60666666666665	153.62	153.76666666666668	153.70666666666668	153.58666666666667	153.86666666666667	153.87333333333333	154.08666666666667	153.82666666666665	153.84666666666666	153.86666666666667	154.02	154.01333333333332	153.94666666666666	154.26	154.08666666666667	154.0	153.9	153.98	153.98	153.79333333333332	153.89333333333335	153.84	153.98666666666668	153.92666666666668	153.81333333333333	153.63333333333333	153.74	153.77333333333334	153.52	153.54	153.48666666666668	153.44	153.78666666666666	153.58	153.5	153.33333333333334	152.85333333333332	152.86666666666667	152.72	152.4	151.86	151.42	151.33333333333334	149.91333333333333	148.03333333333333	145.26666666666668	140.07333333333332	128.09333333333333	0.0
0.0	128.56	140.14	145.47333333333333	147.75333333333333	149.58	150.25333333333333	150.88666666666666	151.42	151.88	152.28	152.24	152.52666666666667	152.56	152.78	152.63333333333333	152.94666666666666	152.94666666666666	152.92	152.91333333333333	152.85333333333332	153.32	152.93333333333334	153.26	153.44	153.38666666666666	153.47333333333333	153.46666666666667	153.44666666666666	153.36	153.56666666666666	153.34666666666666	153.44666666666666	153.28666666666666	153.43333333333334	153.51333333333332	153.4	153.54666666666665	153.34	153.32	153.44666666666666	153.43333333333334	153.7	153.29333333333332	153.32	153.27333333333334	153.46	153.62666666666667	153.27333333333334	153.12	153.20666666666668	153.09333333333333	153.05333333333334	152.96	152.87333333333333	152.98666666666668	152.82666666666665	152.8	152.46	152.46666666666667	152.33333333333334	152.10666666666665	151.86	151.66666666666666	151.36666666666667	150.80666666666667	150.24	149.08	147.64666666666668	145.47333333333333	140.36	128.3	0.0
0.0	128.25333333333333	140.22666666666666	145.46666666666667	148.54	150.28	150.89333333333335	151.57333333333332	151.9	152.02666666666667	152.50666666666666	152.35333333333332	152.93333333333334	153.24	153.08	153.34	153.42666666666668	153.36	153.62666666666667	153.62666666666667	153.54	153.82666666666665	153.86666666666667	153.42666666666668	153.45333333333335	153.60666666666665	153.48	153.53333333333333	153.50666666666666	153.64666666666668	153.90666666666667	153.94666666666666	153.86	154.06666666666666	154.02	154.00666666666666	153.89333333333335	153.98666666666668	154.06666666666666	153.76	154.09333333333333	153.78666666666666	153.92	154.08	153.70666666666668	153.68666666666667	153.57333333333332	153.60666666666665	153.41333333333333	153.62666666666667	153.45333333333335	153.1	153.10666666666665	153.14	153.31333333333333	153.20666666666668	153.15333333333334	153.35333333333332	153.26666666666668	153.18	153.07333333333332	152.98	152.76666666666668	152.34	152.02	151.48	150.89333333333335	149.81333333333333	148.05333333333334	145.38	140.56666666666666	128.56666666666666	0.0
0.0	127.9	140.15333333333334	145.28666666666666	148.09333333333333	149.76666666666668	150.66	151.44666666666666	151.66666666666666	152.16666666666666	152.41333333333333	152.55333333333334	152.97333333333333	153.11333333333334	153.09333333333333	153.08	153.48666666666668	153.39333333333335	153.42666666666668	153.54	153.96666666666667	153.54	153.82	153.82	153.85333333333332	153.98	153.78666666666666	153.54	153.84666666666666	153.88	153.84666666666666	153.79333333333332	153.60666666666665	153.54666666666665	153.64	153.94666666666666	153.90666666666667	153.66	153.68666666666667	154.08	153.79333333333332	153.61333333333334	153.70666666666668	153.64666666666668	153.46	153.86	153.78	153.44	153.61333333333334	153.58666666666667	153.88	153.92	153.73333333333332	153.78	153.55333333333334	153.80666666666667	153.41333333333333	153.10666666666665	153.24	153.19333333333333	153.06	152.87333333333333	152.83333333333334	152.35333333333332	151.80666666666667	151.37333333333333	150.26666666666668	149.43333333333334	148.19333333333333	145.2	140.14666666666668	128.05333333333334	0.0
0.0	128.12	140.30666666666667	145.21333333333334	148.17333333333335	149.62	150.49333333333334	151.1	151.58666666666667	152.02666666666667	152.35333333333332	152.69333333333333	152.61333333333334	152.71333333333334	152.76666666666668	152.92	152.91333333333333	153.09333333333333	153.3	153.01333333333332	153.16666666666666	153.13333333333333	153.08	153.18	153.16666666666666	153.48666666666668	153.43333333333334	153.38	153.42666666666668	153.65333333333334	153.66666666666666	153.72666666666666	153.58	153.74	153.66666666666666	153.36	153.69333333333333	153.29333333333332	153.54666666666665	153.5	153.44	153.42	153.44666666666666	153.37333333333333	153.3	153.62666666666667	153.54	153.43333333333334	153.62	153.48666666666668	153.36	153.56666666666666	153.10666666666665	153.11333333333334	153.36	153.00666666666666	152.85333333333332	152.8	152.70666666666668	152.32	152.54	152.14666666666668	151.86	151.68666666666667	151.51333333333332	151.13333333333333	150.31333333333333	149.37333333333333	148.19333333333333	145.40666666666667	140.31333333333333	128.88666666666666	0.0
0.0	128.04	139.72666666666666	144.97333333333333	147.65333333333334	149.38	150.11333333333334	151.19333333333333	151.51333333333332	151.6	152.08666666666667	152.3	152.43333333333334	152.93333333333334	152.92	152.64	152.71333333333334	152.82666666666665	152.98666666666668	152.9	153.32666666666665	153.12666666666667	153.2	152.87333333333333	152.97333333333333	153.07333333333332	153.31333333333333	153.31333333333333	153.21333333333334	153.23333333333332	153.36666666666667	153.19333333333333	153.26	153.29333333333332	153.06666666666666	153.53333333333333	153.52	153.48666666666668	153.26666666666668	153.01333333333332	153.28666666666666	153.13333333333333	153.30666666666667	153.33333333333334	153.73333333333332	153.55333333333334	153.29333333333332	153.24	153.45333333333335	153.06	153.16666666666666	153.34666666666666	153.2	153.10666666666665	153.18	153.04	152.92666666666668	152.81333333333333	152.45333333333335	152.34	152.08666666666667	152.14	152.03333333333333	152.04666666666665	151.62666666666667	151.32	150.18	149.33333333333334	147.68	145.25333333333333	139.99333333333334	127.98	0.0
0.0	128.92	140.46666666666667	144.92	147.58666666666667	149.41333333333333	150.51333333333332	151.22	151.66666666666666	152.13333333333333	152.38	152.40666666666667	152.59333333333333	152.73333333333332	152.82666666666665	152.98666666666668	153.12	153.04	152.99333333333334	153.4	153.67333333333335	153.83333333333334	153.69333333333333	153.66	153.55333333333334	153.96	153.83333333333334	153.32	153.40666666666667	153.50666666666666	153.40666666666667	153.49333333333334	153.46	153.66666666666666	153.52666666666667	153.46666666666667	153.91333333333333	153.58666666666667	153.46666666666667	153.77333333333334	153.55333333333334	153.87333333333333	153.85333333333332	154.09333333333333	153.89333333333335	154.04666666666665	153.92666666666668	153.8	153.92	153.71333333333334	153.61333333333334	153.63333333333333	153.64666666666668	153.59333333333333	153.73333333333332	153.51333333333332	153.44666666666666	153.28666666666666	153.59333333333333	153.2	153.22	152.92	152.27333333333334	152.02666666666667	151.65333333333334	151.08666666666667	150.31333333333333	149.13333333333333	147.76	145.17333333333335	140.15333333333334	128.03333333333333	0.0
0.0	128.14	140.12	144.96	147.62	149.35333333333332	150.46	151.22	151.76666666666668	152.27333333333334	152.54	152.58	152.97333333333333	152.71333333333334	153.05333333333334	152.86666666666667	152.90666666666667	153.3	153.30666666666667	153.40666666666667	153.18666666666667	153.32	153.19333333333333	153.24	153.60666666666665	153.62666666666667	153.30666666666667	153.20666666666668	153.57333333333332	153.46666666666667	153.71333333333334	153.82	153.97333333333333	153.84666666666666	153.74666666666667	153.64666666666668	153.7	153.75333333333333	153.88666666666666	153.90666666666667	153.72666666666666	153.51333333333332	153.60666666666665	153.70666666666668	153.53333333333333	153.43333333333334	153.83333333333334	153.46	153.42	153.14666666666668	153.18666666666667	153.26666666666668	153.22666666666666	153.42	153.25333333333333	153.0	153.00666666666666	153.00666666666666	153.21333333333334	152.99333333333334	152.92	152.68666666666667	152.42	152.06	151.72666666666666	151.12666666666667	150.50666666666666	149.19333333333333	147.94	145.32	140.23333333333332	128.70666666666668	0.0
0.0	128.39333333333335	139.92	144.88	147.68	149.21333333333334	150.02	150.86666666666667	151.47333333333333	151.79333333333332	151.88666666666666	152.12666666666667	152.32	152.66	152.78	152.79333333333332	153.12	152.88666666666666	153.03333333333333	153.38666666666666	153.24	153.19333333333333	153.11333333333334	153.08666666666667	153.06	153.12	152.62666666666667	152.88	152.82666666666665	153.16	153.39333333333335	153.23333333333332	153.12666666666667	152.94666666666666	152.93333333333334	152.76666666666668	152.96666666666667	153.0	152.86	153.22	153.11333333333334	153.22	152.90666666666667	153.10666666666665	153.08	153.23333333333332	153.06666666666666	153.02	152.89333333333335	152.88	152.68	152.86666666666667	152.82	152.81333333333333	152.88666666666666	152.72666666666666	152.80666666666667	152.38666666666666	152.38	152.52666666666667	152.45333333333335	152.12	151.76666666666668	151.47333333333333	151.22666666666666	150.94	150.4	149.1	147.62	145.0	139.97333333333333	128.61333333333334	0.0
0.0	128.77333333333334	140.01333333333332	144.96666666666667	147.86	149.56666666666666	150.55333333333334	151.27333333333334	151.70666666666668	152.19333333333333	152.65333333333334	152.42	152.54	152.82666666666665	152.94666666666666	152.98666666666668	153.08666666666667	153.26	153.3	153.57333333333332	153.61333333333334	153.37333333333333	153.32	153.38	153.38	153.56666666666666	153.51333333333332	153.22	153.56	153.39333333333335	153.48	153.56	153.49333333333334	153.47333333333333	153.62666666666667	153.77333333333334	153.59333333333333	153.39333333333335	153.38	153.74	153.76666666666668	153.72	153.72	153.78	153.82666666666665	153.97333333333333	153.61333333333334	153.64666666666668	153.33333333333334	153.41333333333333	153.34666666666666	153.48666666666668	153.42	153.37333333333333	153.02	152.93333333333334	152.92	152.94666666666666	152.92	152.84	152.50666666666666	152.35333333333332	152.14666666666668	151.82	151.66	151.32666666666665	150.1	149.26	147.72	144.91333333333333	139.85333333333332	127.80666666666667	0.0
0.0	128.69333333333333	140.40666666666667	145.52	147.99333333333334	149.40666666666667	150.49333333333334	151.22666666666666	151.94666666666666	152.06	152.60666666666665	152.51333333333332	152.68	152.68	152.69333333333333	153.25333333333333	153.3	153.18	153.2	153.28666666666666	153.56666666666666	153.6	153.44666666666666	153.23333333333332	153.42	153.72	153.69333333333333	153.92	153.66	153.58666666666667	153.62	153.55333333333334	153.48	153.56	153.63333333333333	153.66666666666666	153.69333333333333	154.09333333333333	153.82	154.09333333333333	154.0	153.90666666666667	153.52666666666667	153.48	153.55333333333334	153.81333333333333	153.54	153.82	153.54666666666665	153.28	153.62666666666667	153.30666666666667	153.64666666666668	153.34	153.58666666666667	153.46666666666667	153.38666666666666	153.14666666666668	152.74666666666667	152.88	152.74666666666667	152.62666666666667	152.12	151.9	151.64	151.19333333333333	150.48666666666668	149.36	147.70666666666668	145.36	140.23333333333332	128.38666666666666	0.0
0.0	127.90666666666667	140.16666666666666	144.95333333333335	147.50666666666666	149.16	150.33333333333334	151.08	151.44666666666666	152.0	152.2	152.19333333333333	152.33333333333334	152.20666666666668	152.48	152.56666666666666	152.54	152.6	152.79333333333332	152.89333333333335	153.05333333333334	152.97333333333333	153.0	152.82	153.38	153.49333333333334	153.42	153.41333333333333	153.34666666666666	153.05333333333334	153.06	153.39333333333335	153.45333333333335	153.35333333333332	153.29333333333332	153.04666666666665	153.38666666666666	153.5	153.26666666666668	153.40666666666667	153.23333333333332	153.35333333333332	153.03333333333333	153.28	153.28	153.06666666666666	153.22666666666666	153.60666666666665	153.08	153.06666666666666	153.27333333333334	153.12	153.08	153.12	152.72	152.83333333333334	152.87333333333333	152.76	152.75333333333333	152.21333333333334	152.29333333333332	152.24666666666667	151.90666666666667	151.58666666666667	151.35333333333332	150.75333333333333	150.18	149.03333333333333	147.45333333333335	145.23333333333332	140.13333333333333	128.46	0.0
0.0	128.45333333333335	140.20666666666668	145.3	148.02666666666667	149.75333333333333	150.66	151.49333333333334	152.1	152.19333333333333	152.45333333333335	152.96666666666667	152.85333333333332	153.24	153.26	153.5	153.54666666666665	153.58	153.51333333333332	153.84666666666666	153.52	153.83333333333334	153.83333333333334	153.89333333333335	154.08666666666667	154.08	154.00666666666666	153.8	154.13333333333333	153.92	153.89333333333335	153.82666666666665	153.75333333333333	153.56	153.60666666666665	153.86666666666667	153.82	153.78	153.85333333333332	153.88666666666666	154.01333333333332	153.68	154.15333333333334	153.93333333333334	154.0	153.78666666666666	153.99333333333334	154.14666666666668	153.84	153.86	153.66666666666666	153.74666666666667	153.65333333333334	153.68	153.32	153.39333333333335	153.50666666666666	153.42	153.12	153.23333333333332	153.02666666666667	152.63333333333333	152.64666666666668	152.47333333333333	152.08	151.75333333333333	150.91333333333333	149.56666666666666	147.76666666666668	145.43333333333334	140.2	128.63333333333333	0.0
