0.0	119.14	133.12666666666667	141.43333333333334	147.04666666666665	150.68	154.74	157.64	159.32	161.06	162.70666666666668	164.76	166.66	167.27333333333334	168.34	169.46666666666667	170.22	170.84666666666666	171.92	172.90666666666667	173.31333333333333	174.18666666666667	174.91333333333333	175.48	175.64	176.14	176.2	176.62	176.76	177.13333333333333	177.98	177.72666666666666	177.46666666666667	178.71333333333334	178.48666666666668	178.32	178.82666666666665	178.62666666666667	178.32	178.83333333333334	178.44	178.47333333333333	178.36666666666667	178.56	178.23333333333332	177.49333333333334	176.44666666666666	176.18666666666667	175.64	175.15333333333334	174.42666666666668	173.95333333333335	173.91333333333333	172.92666666666668	172.51333333333332	171.35333333333332	170.85333333333332	170.14666666666668	169.04	168.45333333333335	166.82666666666665	165.06666666666666	163.78666666666666	161.84666666666666	159.70666666666668	157.66	154.71333333333334	151.47333333333333	147.11333333333334	141.48666666666668	133.11333333333334	118.86666666666666	0.0
0.0	118.86	132.76	140.54	145.91333333333333	150.03333333333333	153.56	156.88	159.30666666666667	160.86666666666667	163.04666666666665	164.61333333333334	166.51333333333332	167.59333333333333	168.96	169.5	170.60666666666665	171.20666666666668	171.68	172.46	173.25333333333333	174.26666666666668	174.26666666666668	175.3	175.74666666666667	175.88666666666666	176.74666666666667	176.53333333333333	177.02	177.18	177.27333333333334	177.78666666666666	177.87333333333333	178.14666666666668	178.48	178.54	178.09333333333333	178.38	178.24666666666667	177.92666666666668	178.02666666666667	177.88666666666666	177.94	177.52	177.3	177.26666666666668	176.58666666666667	176.33333333333334	176.10666666666665	175.62666666666667	174.87333333333333	174.55333333333334	173.58666666666667	172.92	172.74666666666667	171.68666666666667	170.38	169.14666666666668	167.86	166.65333333333334	165.49333333333334	164.85333333333332	163.18	161.31333333333333	159.53333333333333	157.19333333333333	154.4	151.32666666666665	147.28	141.29333333333332	133.33333333333334	118.52	0.0
0.0	118.55333333333333	133.56	141.48	147.48	151.28666666666666	154.54	157.12666666666667	159.79333333333332	161.70666666666668	163.44	164.9	166.4	167.2	168.8	169.42666666666668	170.54666666666665	171.45333333333335	172.48	173.50666666666666	173.89333333333335	174.92666666666668	175.53333333333333	175.75333333333333	176.08	176.49333333333334	176.62	176.82666666666665	177.55333333333334	177.74666666666667	177.84666666666666	178.06666666666666	178.72	178.06	178.39333333333335	178.43333333333334	177.94666666666666	178.17333333333335	177.92666666666668	177.81333333333333	178.02	177.66666666666666	177.33333333333334	177.12666666666667	176.38666666666666	176.44666666666666	175.98666666666668	175.63333333333333	174.89333333333335	175.09333333333333	174.72666666666666	173.73333333333332	173.44666666666666	173.06	172.08	171.3	170.35333333333332	169.34	168.84	167.51333333333332	165.94	165.06666666666666	163.23333333333332	161.37333333333333	159.51333333333332	157.32	154.83333333333334	151.42666666666668	147.11333333333334	141.43333333333334	133.4	119.3	0.0
0.0	119.22	133.52	141.80666666666667	147.26666666666668	151.03333333333333	154.28666666666666	157.12	159.70666666666668	161.94666666666666	163.64666666666668	164.66666666666666	166.58	167.24666666666667	168.50666666666666	169.27333333333334	170.04666666666665	171.01333333333332	172.32666666666665	173.23333333333332	173.65333333333334	174.39333333333335	175.38	175.92	175.8	176.25333333333333	177.01333333333332	177.07333333333332	176.91333333333333	177.54666666666665	177.36666666666667	177.81333333333333	178.13333333333333	178.2	178.5	178.51333333333332	178.18666666666667	178.79333333333332	178.01333333333332	178.54	178.16666666666666	178.09333333333333	178.02666666666667	177.74	178.14	178.04666666666665	177.49333333333334	177.27333333333334	176.46666666666667	175.78666666666666	175.00666666666666	175.20666666666668	174.73333333333332	173.91333333333333	172.72	172.43333333333334	171.40666666666667	170.24	169.31333333333333	167.98666666666668	166.05333333333334	164.92	163.52	161.47333333333333	159.88666666666666	157.18666666666667	154.64666666666668	151.82666666666665	147.09333333333333	141.3	133.59333333333333	119.2	0.0
0.0	118.58	133.16	141.12	146.27333333333334	150.31333333333333	153.82666666666665	156.83333333333334	158.80666666666667	160.32666666666665	162.12	164.04	165.42	166.48	168.04666666666665	168.41333333333333	169.98	170.78666666666666	171.86	172.46666666666667	172.82666666666665	173.50666666666666	174.22666666666666	174.74666666666667	174.94	175.4	175.76	176.4	176.58666666666667	176.49333333333334	176.78	176.87333333333333	176.57333333333332	176.99333333333334	177.17333333333335	176.46	176.99333333333334	177.22	177.44666666666666	177.16	176.98666666666668	176.84	176.46	176.54	176.27333333333334	175.88	175.78	175.40666666666667	174.64666666666668	174.27333333333334	174.10666666666665	173.78666666666666	172.80666666666667	172.18666666666667	171.62666666666667	170.44666666666666	169.88	169.32	168.54666666666665	167.24666666666667	165.64	164.32666666666665	163.06	161.26666666666668	159.06	156.32666666666665	153.71333333333334	150.28	146.63333333333333	140.80666666666667	132.56666666666666	118.76666666666667	0.0
0.0	118.80666666666667	133.61333333333334	141.61333333333334	146.88666666666666	150.95333333333335	154.78666666666666	157.24666666666667	159.56	161.36666666666667	163.45333333333335	165.05333333333334	165.74	167.32666666666665	168.51333333333332	169.81333333333333	170.28	171.04	172.08666666666667	173.11333333333334	173.20666666666668	173.85333333333332	174.22666666666666	174.62666666666667	175.16666666666666	175.6	175.48	176.28666666666666	176.74	177.23333333333332	177.36666666666667	177.64	178.0	177.98666666666668	177.93333333333334	178.78	178.4	178.32666666666665	177.94666666666666	178.26	177.9	178.08666666666667	177.63333333333333	177.62	177.40666666666667	176.93333333333334	176.34	176.09333333333333	175.54	175.23333333333332	174.98	174.13333333333333	173.27333333333334	172.92666666666668	172.10666666666665	171.04	170.52666666666667	169.88	168.78666666666666	166.99333333333334	165.78	164.78666666666666	162.88	161.24666666666667	159.10666666666665	157.12666666666667	154.3	151.59333333333333	146.60666666666665	141.39333333333335	133.22666666666666	119.34	0.0
0.0	119.33333333333333	133.48	141.31333333333333	146.55333333333334	150.98	154.02666666666667	157.52666666666667	159.68	161.68666666666667	163.56	164.76666666666668	166.28	167.23333333333332	168.65333333333334	169.93333333333334	170.72666666666666	171.64	172.22666666666666	173.08	173.30666666666667	173.89333333333335	174.62	175.44666666666666	175.62666666666667	176.08666666666667	176.50666666666666	176.45333333333335	176.98666666666668	177.15333333333334	177.04666666666665	177.61333333333334	178.45333333333335	178.52666666666667	178.78	178.99333333333334	178.66	178.74666666666667	178.70666666666668	178.73333333333332	178.50666666666666	178.14666666666668	177.93333333333334	177.53333333333333	177.22	177.12	176.38666666666666	176.85333333333332	176.06666666666666	175.36	174.84666666666666	174.36666666666667	173.52	173.31333333333333	171.86	171.56666666666666	170.67333333333335	169.93333333333334	168.24666666666667	167.3	165.6	164.34	162.99333333333334	161.23333333333332	159.39333333333335	156.64666666666668	153.98	150.16	146.82666666666665	141.04	133.51333333333332	118.76666666666667	0.0
0.0	119.28	133.57333333333332	141.36	146.81333333333333	151.08	154.42666666666668	157.23333333333332	159.68666666666667	161.70666666666668	163.59333333333333	165.07333333333332	166.93333333333334	167.97333333333333	168.94666666666666	169.85333333333332	171.06666666666666	171.85333333333332	173.27333333333334	173.60666666666665	174.57333333333332	175.45333333333335	175.68	175.88	176.41333333333333	176.62666666666667	177.56	177.81333333333333	178.02	178.36666666666667	178.0	178.03333333333333	178.54	178.49333333333334	178.57333333333332	178.43333333333334	178.97333333333333	178.96666666666667	178.67333333333335	178.86666666666667	178.73333333333332	178.78666666666666	178.34666666666666	178.32	177.64	177.26	176.80666666666667	176.44	175.86666666666667	175.44666666666666	175.02	174.46	173.92	173.24666666666667	172.74666666666667	171.33333333333334	170.71333333333334	169.74666666666667	168.78666666666666	167.96	165.97333333333333	164.89333333333335	163.34	161.52	159.41333333333333	157.18	154.65333333333334	151.31333333333333	146.74	141.43333333333334	133.68666666666667	119.03333333333333	0.0
0.0	119.02666666666667	132.98	141.34666666666666	146.97333333333333	151.6	154.26	156.79333333333332	159.36	161.22	163.12666666666667	164.55333333333334	166.01333333333332	166.62	167.8	169.66666666666666	170.35333333333332	171.18666666666667	172.28	172.52666666666667	173.88	174.06	174.70666666666668	175.54	175.6	176.71333333333334	176.68	176.68666666666667	177.28	177.30666666666667	177.52	177.86	178.21333333333334	177.99333333333334	178.21333333333334	178.13333333333333	178.00666666666666	178.28666666666666	177.41333333333333	177.58666666666667	177.58666666666667	177.03333333333333	177.1	176.66666666666666	176.59333333333333	176.54	175.8	175.13333333333333	175.18666666666667	174.57333333333332	173.72666666666666	173.29333333333332	172.98	172.24666666666667	172.38	171.18666666666667	170.28666666666666	169.91333333333333	168.44666666666666	167.76	166.24666666666667	164.48666666666668	163.00666666666666	161.28	159.51333333333332	157.34666666666666	154.39333333333335	151.03333333333333	146.79333333333332	140.91333333333333	133.27333333333334	118.88666666666667	0.0
0.0	118.93333333333334	133.41333333333333	141.05333333333334	146.98	151.48666666666668	154.80666666666667	156.95333333333335	158.96	162.07333333333332	164.04	165.7	167.67333333333335	168.67333333333335	169.51333333333332	170.04	171.34666666666666	172.16666666666666	173.24	173.86666666666667	174.46	175.08	175.58	175.87333333333333	175.97333333333333	176.88666666666666	176.83333333333334	176.93333333333334	177.47333333333333	177.82666666666665	177.7	177.64	177.81333333333333	177.72666666666666	177.8	177.72666666666666	177.76	177.8	177.91333333333333	177.88666666666666	177.64	177.88666666666666	177.51333333333332	177.34	176.51333333333332	176.42666666666668	176.02666666666667	175.36666666666667	175.14666666666668	174.60666666666665	174.11333333333334	173.36	172.82	172.75333333333333	171.72	171.09333333333333	169.61333333333334	168.36666666666667	167.80666666666667	166.92	165.48666666666668	164.14666666666668	162.93333333333334	161.96	159.40666666666667	156.94666666666666	154.2	150.97333333333333	146.6	141.1	133.19333333333333	118.81333333333333	0.0
0.0	118.94666666666667	133.52666666666667	141.84666666666666	147.23333333333332	151.44	153.99333333333334	157.34	159.31333333333333	161.04666666666665	162.69333333333333	164.56	165.44666666666666	166.86666666666667	168.17333333333335	169.22666666666666	170.08666666666667	171.16	171.96666666666667	172.44	173.03333333333333	174.13333333333333	174.52	174.94	175.39333333333335	176.12	175.92666666666668	176.12	176.85333333333332	177.12	177.45333333333335	178.00666666666666	177.36	177.62666666666667	177.36666666666667	177.34666666666666	177.48666666666668	178.03333333333333	178.38666666666666	178.14	177.59333333333333	177.36666666666667	177.63333333333333	177.33333333333334	176.60666666666665	176.55333333333334	175.92666666666668	175.34	175.17333333333335	174.20666666666668	173.9	173.71333333333334	172.95333333333335	172.32	171.47333333333333	170.98	170.32666666666665	169.26	168.4	167.50666666666666	166.51333333333332	165.12666666666667	163.12	161.28	159.24	156.46	153.42	150.6	146.97333333333333	141.38666666666666	134.12	119.32	0.0
0.0	118.56	133.1	140.69333333333333	146.46666666666667	150.74666666666667	153.56	156.5	158.42	160.52666666666667	162.13333333333333	164.13333333333333	165.62666666666667	167.32666666666665	168.29333333333332	169.62666666666667	170.19333333333333	171.44666666666666	172.18666666666667	172.97333333333333	173.55333333333334	174.18666666666667	174.1	174.92666666666668	175.6	175.61333333333334	176.06	176.55333333333334	176.55333333333334	176.49333333333334	177.2	177.73333333333332	178.02666666666667	177.50666666666666	177.54666666666665	177.94	177.67333333333335	177.70666666666668	177.62666666666667	177.36666666666667	177.24	177.24	177.11333333333334	176.98666666666668	176.37333333333333	175.42666666666668	175.46666666666667	174.82	174.58666666666667	174.50666666666666	173.78	173.1	172.42	172.46	171.22	170.18	169.14666666666668	168.62	167.9	166.2	165.4	164.10666666666665	162.34	160.62666666666667	158.99333333333334	156.48	154.15333333333334	150.58666666666667	146.39333333333335	141.08666666666667	133.31333333333333	118.38666666666667	0.0
0.0	119.06	133.42	141.24	146.95333333333335	150.81333333333333	154.20666666666668	157.32	159.61333333333334	161.51333333333332	163.43333333333334	164.69333333333333	165.97333333333333	167.03333333333333	168.17333333333335	169.4	170.46666666666667	171.3	171.82666666666665	172.92	173.81333333333333	173.89333333333335	174.78666666666666	175.33333333333334	175.72666666666666	176.11333333333334	176.54	176.79333333333332	177.14	177.54666666666665	177.68666666666667	177.89333333333335	178.02666666666667	177.86	177.81333333333333	177.96	178.38	178.12666666666667	178.18	177.72666666666666	177.47333333333333	177.62	177.23333333333332	176.72	176.33333333333334	175.96666666666667	176.02	175.61333333333334	175.32666666666665	174.82666666666665	174.20666666666668	174.04666666666665	173.64666666666668	172.94666666666666	172.19333333333333	171.4	170.32666666666665	169.51333333333332	168.50666666666666	167.36	165.74666666666667	164.42666666666668	162.87333333333333	161.33333333333334	159.34	157.2	154.8	150.92666666666668	147.26	141.26666666666668	133.05333333333334	119.38	0.0
0.0	119.10666666666667	133.10666666666665	141.41333333333333	146.74666666666667	151.28	153.97333333333333	156.35333333333332	158.74666666666667	161.26	162.64666666666668	164.02666666666667	165.64666666666668	167.00666666666666	168.23333333333332	169.18666666666667	169.51333333333332	170.16666666666666	171.46666666666667	172.04	172.84	173.3	173.92	174.67333333333335	175.06666666666666	175.46666666666667	175.98	176.28	175.92	176.55333333333334	176.62	177.30666666666667	177.81333333333333	177.56666666666666	177.62	178.26666666666668	178.40666666666667	177.97333333333333	178.34	178.16	178.17333333333335	177.22	177.09333333333333	177.11333333333334	177.01333333333332	176.93333333333334	176.20666666666668	175.43333333333334	175.96	175.09333333333333	174.14666666666668	173.76	172.93333333333334	172.63333333333333	171.28	170.80666666666667	169.92	168.82666666666665	167.72666666666666	166.54	165.51333333333332	164.5	162.88	160.94	159.49333333333334	157.01333333333332	154.58666666666667	151.23333333333332	146.83333333333334	141.16666666666666	133.23333333333332	119.11333333333333	0.0
0.0	118.56666666666666	133.18666666666667	141.49333333333334	146.88	150.98666666666668	154.03333333333333	156.65333333333334	159.00666666666666	161.20666666666668	162.68	164.32	166.41333333333333	167.77333333333334	168.21333333333334	169.45333333333335	170.65333333333334	171.27333333333334	172.18666666666667	173.31333333333333	173.88	174.58	175.22	175.46666666666667	175.78666666666666	176.36	176.52666666666667	177.14666666666668	177.2	177.43333333333334	177.53333333333333	177.94	178.02	177.45333333333335	177.66	178.04	177.84666666666666	178.0	177.77333333333334	177.62	177.42666666666668	177.21333333333334	177.11333333333334	177.74666666666667	177.42	176.88666666666666	176.3	176.14666666666668	175.74	175.16	174.42	173.87333333333333	172.80666666666667	172.33333333333334	171.91333333333333	171.1	170.1	169.08666666666667	168.25333333333333	167.48	166.48666666666668	164.76666666666668	163.5	161.42	159.43333333333334	157.54666666666665	154.60666666666665	150.89333333333335	146.9	141.45333333333335	133.25333333333333	119.52	0.0
0.0	119.07333333333334	133.02666666666667	140.86	146.72	151.0	154.32	156.61333333333334	159.15333333333334	161.43333333333334	163.08	164.7	166.38	168.06	168.35333333333332	169.53333333333333	170.04666666666665	170.93333333333334	171.64	172.7	173.46666666666667	174.01333333333332	174.98	175.39333333333335	176.46	176.52666666666667	177.10666666666665	177.60666666666665	177.47333333333333	177.89333333333335	178.28	178.69333333333333	178.94	179.2	179.15333333333334	179.01333333333332	179.22666666666666	179.17333333333335	179.04666666666665	178.28	178.11333333333334	178.60666666666665	178.28	178.30666666666667	178.3	177.63333333333333	177.32666666666665	176.44666666666666	176.61333333333334	175.80666666666667	175.43333333333334	174.84	174.02666666666667	173.60666666666665	172.74	171.44666666666666	170.69333333333333	169.80666666666667	169.3	167.9	166.28666666666666	165.11333333333334	163.11333333333334	161.38666666666666	159.57333333333332	157.55333333333334	154.47333333333333	151.34666666666666	146.48666666666668	141.76	133.26	118.77333333333333	0.0
0.0	118.98	133.38666666666666	141.81333333333333	147.18	151.28	154.64666666666668	157.42666666666668	159.68666666666667	161.51333333333332	163.02666666666667	164.88666666666666	166.21333333333334	167.11333333333334	168.38666666666666	168.93333333333334	170.01333333333332	171.27333333333334	171.86	172.50666666666666	173.43333333333334	173.52666666666667	173.9	175.02	174.89333333333335	175.68666666666667	176.06	176.07333333333332	176.70666666666668	176.82	176.69333333333333	177.02	177.56	177.38666666666666	177.30666666666667	177.64666666666668	177.86	177.66666666666666	177.35333333333332	177.54	177.02666666666667	177.01333333333332	177.17333333333335	176.67333333333335	176.63333333333333	176.67333333333335	176.28	175.91333333333333	175.59333333333333	175.51333333333332	174.6	173.72	173.56666666666666	173.36666666666667	172.16	171.35333333333332	170.20666666666668	169.61333333333334	168.72666666666666	167.40666666666667	166.15333333333334	164.7	163.38	161.48666666666668	159.32666666666665	157.03333333333333	154.44	151.21333333333334	147.3	141.59333333333333	133.20666666666668	119.10666666666667	0.0
0.0	119.2	132.90666666666667	141.47333333333333	146.92	150.78666666666666	154.02666666666667	157.08	159.38666666666666	161.16666666666666	163.02666666666667	164.3	165.98666666666668	167.08666666666667	168.58	169.16	170.52	171.26	172.52	172.86666666666667	173.62	174.42	174.82	174.76666666666668	175.31333333333333	176.4	176.81333333333333	176.97333333333333	176.90666666666667	177.32666666666665	177.03333333333333	177.26666666666668	177.34666666666666	177.85333333333332	178.20666666666668	178.12	178.32666666666665	177.91333333333333	178.37333333333333	178.04	177.76666666666668	177.56666666666666	177.80666666666667	177.0	176.92666666666668	176.97333333333333	176.86666666666667	175.74666666666667	175.18666666666667	174.66	174.6	174.04666666666665	173.32666666666665	172.2	171.35333333333332	170.52	169.94666666666666	169.47333333333333	167.95333333333335	166.98	165.91333333333333	164.52666666666667	163.2	161.28666666666666	159.43333333333334	156.93333333333334	154.55333333333334	151.46	146.96666666666667	141.33333333333334	133.13333333333333	118.90666666666667	0.0
0.0	119.46666666666667	133.46	141.27333333333334	146.57333333333332	151.05333333333334	153.58666666666667	156.74	159.79333333333332	161.38666666666666	163.1	164.31333333333333	165.68	166.85333333333332	167.94	168.56	170.29333333333332	171.00666666666666	172.09333333333333	172.26	173.7	174.52	175.13333333333333	175.54666666666665	175.70666666666668	175.97333333333333	176.69333333333333	176.55333333333334	177.12	177.22666666666666	177.65333333333334	177.68666666666667	177.82	177.34	177.53333333333333	177.79333333333332	177.85333333333332	177.63333333333333	177.23333333333332	177.45333333333335	177.86666666666667	177.34	177.81333333333333	177.4	176.89333333333335	176.84666666666666	175.84666666666666	175.67333333333335	175.40666666666667	175.24666666666667	174.97333333333333	174.16666666666666	172.92	172.88	171.81333333333333	171.18666666666667	170.56666666666666	169.22666666666666	168.28666666666666	167.14	166.0	164.47333333333333	162.94	161.36666666666667	159.1	157.34	154.6	150.64	146.76666666666668	141.56	133.36	118.50666666666666	0.0
0.0	118.46666666666667	132.88666666666666	140.82	146.40666666666667	150.26	153.78666666666666	156.88	159.40666666666667	161.35333333333332	162.98666666666668	164.72666666666666	166.13333333333333	167.26666666666668	168.26666666666668	169.24	170.26666666666668	171.24	172.19333333333333	172.66	173.54	173.63333333333333	174.25333333333333	175.50666666666666	175.49333333333334	176.36	176.32666666666665	176.08666666666667	176.86	177.68	177.88	178.27333333333334	177.66666666666666	178.08	178.14666666666668	178.34666666666666	178.24	178.45333333333335	178.70666666666668	178.02	178.26	178.20666666666668	177.52666666666667	177.32666666666665	177.18666666666667	176.60666666666665	176.10666666666665	176.13333333333333	175.56666666666666	175.06666666666666	174.74666666666667	174.25333333333333	174.0	173.42	171.81333333333333	171.31333333333333	170.16666666666666	169.35333333333332	168.09333333333333	166.94666666666666	166.19333333333333	164.33333333333334	163.05333333333334	161.72666666666666	159.69333333333333	157.26666666666668	155.01333333333332	151.32	146.92666666666668	141.14666666666668	133.58	119.25333333333333	0.0
0.0	118.9	132.95333333333335	141.31333333333333	147.42	151.16	154.32	156.46666666666667	158.74666666666667	161.26666666666668	163.19333333333333	164.43333333333334	165.60666666666665	166.74666666666667	168.16666666666666	169.44	170.74	171.64666666666668	172.22	172.44666666666666	173.35333333333332	173.7	174.24666666666667	174.78666666666666	175.28	175.78	176.16666666666666	177.02666666666667	177.24	177.10666666666665	177.62666666666667	177.54	178.26666666666668	178.20666666666668	178.61333333333334	178.18	178.58	178.15333333333334	178.0	177.86666666666667	177.91333333333333	178.16	178.04666666666665	177.32	177.1	176.66	176.65333333333334	176.24666666666667	176.15333333333334	175.6	175.16666666666666	174.6	174.10666666666665	173.03333333333333	172.39333333333335	171.60666666666665	170.71333333333334	169.88	169.31333333333333	168.18666666666667	166.88666666666666	165.16666666666666	163.27333333333334	161.71333333333334	159.95333333333335	157.67333333333335	154.35333333333332	151.38666666666666	147.42666666666668	141.35333333333332	133.29333333333332	119.02	0.0
0.0	118.99333333333334	133.62	141.24	146.95333333333335	151.64	154.77333333333334	157.03333333333333	159.68	161.44666666666666	162.96666666666667	164.62	165.95333333333335	167.30666666666667	168.54	169.6	171.06666666666666	171.48	172.66	173.29333333333332	173.56666666666666	174.24	174.78666666666666	175.56	175.42666666666668	175.42	176.33333333333334	176.25333333333333	176.6	177.26666666666668	177.41333333333333	177.78	177.95333333333335	178.14	177.98666666666668	178.00666666666666	178.30666666666667	177.60666666666665	178.17333333333335	178.53333333333333	178.56666666666666	178.36	177.85333333333332	178.23333333333332	177.82666666666665	177.28	176.98	176.41333333333333	176.22666666666666	175.42666666666668	175.09333333333333	174.05333333333334	173.75333333333333	173.26	172.09333333333333	171.44	170.80666666666667	169.67333333333335	168.70666666666668	167.4	166.07333333333332	164.88	163.44666666666666	161.48666666666668	159.06	157.42666666666668	154.27333333333334	150.69333333333333	146.79333333333332	140.88666666666666	133.24666666666667	119.01333333333334	0.0
0.0	119.32	133.26	141.42	146.82666666666665	151.30666666666667	154.78666666666666	157.52	159.46	161.66	163.67333333333335	164.85333333333332	165.89333333333335	167.09333333333333	168.18666666666667	170.02	170.94666666666666	171.49333333333334	172.34666666666666	173.26	173.86	174.26	174.57333333333332	175.16	175.41333333333333	176.02666666666667	176.21333333333334	176.73333333333332	176.96666666666667	177.73333333333332	177.74666666666667	178.11333333333334	177.99333333333334	177.86	178.15333333333334	178.24	178.07333333333332	178.30666666666667	178.49333333333334	178.44666666666666	178.45333333333335	177.92	177.39333333333335	177.24	176.6	176.54	176.21333333333334	176.16666666666666	175.65333333333334	175.16	174.71333333333334	174.05333333333334	173.36	172.8	171.94	171.28666666666666	169.74666666666667	168.94666666666666	168.31333333333333	167.77333333333334	166.15333333333334	164.86666666666667	162.44	160.78666666666666	158.86	156.76666666666668	154.2	150.74666666666667	146.37333333333333	141.24	133.30666666666667	118.92	0.0
0.0	119.1	133.93333333333334	141.39333333333335	146.53333333333333	151.18	154.07333333333332	156.72	159.56	161.69333333333333	162.86	164.39333333333335	166.28	167.5	168.66	170.08	170.8	171.59333333333333	172.7	173.16	173.74666666666667	174.15333333333334	175.04666666666665	175.8	175.34666666666666	176.28666666666666	176.68666666666667	177.14666666666668	176.60666666666665	177.08666666666667	177.36666666666667	177.54	177.78666666666666	177.86666666666667	177.72666666666666	178.55333333333334	178.55333333333334	178.18	178.42666666666668	177.78	178.32666666666665	177.94	177.60666666666665	177.66	176.96	176.85333333333332	176.26666666666668	176.04666666666665	176.1	175.42	174.76	174.48666666666668	173.78	172.98666666666668	172.1	171.79333333333332	171.08	170.07333333333332	168.67333333333335	167.50666666666666	166.64	164.66666666666666	163.57333333333332	161.73333333333332	159.74666666666667	157.12666666666667	153.73333333333332	150.57333333333332	146.96666666666667	141.21333333333334	133.16666666666666	119.07333333333334	0.0
0.0	118.4	132.62666666666667	140.43333333333334	146.53333333333333	150.74	153.82	157.10666666666665	159.38	161.33333333333334	162.85333333333332	164.25333333333333	166.10666666666665	167.48	168.03333333333333	169.18666666666667	170.02	170.76	171.55333333333334	172.3	173.10666666666665	173.73333333333332	174.32	174.95333333333335	175.78	175.68666666666667	175.97333333333333	176.29333333333332	176.42	176.44666666666666	176.97333333333333	177.36666666666667	177.31333333333333	177.6	177.8	177.79333333333332	177.65333333333334	177.66	178.15333333333334	177.84666666666666	177.17333333333335	177.56666666666666	177.47333333333333	177.20666666666668	176.69333333333333	176.52	176.22	175.78666666666666	175.77333333333334	175.11333333333334	174.64666666666668	174.3	173.65333333333334	173.0	172.13333333333333	170.84666666666666	170.44666666666666	169.06666666666666	168.38666666666666	167.25333333333333	166.25333333333333	164.68	163.14666666666668	161.24	159.31333333333333	157.02666666666667	154.38666666666666	150.91333333333333	146.75333333333333	141.29333333333332	132.92666666666668	118.64666666666666	0.0
0.0	118.60666666666667	133.14666666666668	141.21333333333334	146.42	150.42	154.26666666666668	157.06	159.40666666666667	161.43333333333334	163.55333333333334	164.92666666666668	166.30666666666667	167.76666666666668	169.16666666666666	169.94666666666666	171.28	172.12666666666667	173.10666666666665	173.98	174.51333333333332	175.12	175.39333333333335	175.88666666666666	176.52666666666667	177.0	176.65333333333334	177.44666666666666	177.91333333333333	177.82666666666665	178.24666666666667	177.97333333333333	178.82666666666665	178.98666666666668	178.4	178.35333333333332	178.54666666666665	178.45333333333335	178.42	178.77333333333334	178.52666666666667	178.30666666666667	178.5	177.57333333333332	177.24666666666667	177.32666666666665	177.05333333333334	176.90666666666667	176.12666666666667	175.92666666666668	175.05333333333334	174.47333333333333	174.08666666666667	173.12	172.19333333333333	171.58	170.34666666666666	169.37333333333333	168.68	167.13333333333333	165.63333333333333	163.88	162.61333333333334	160.48	158.43333333333334	156.24	154.00666666666666	150.3	145.97333333333333	140.54666666666665	132.85333333333332	118.56	0.0
0.0	118.44666666666667	133.86	141.57333333333332	147.22666666666666	151.08	154.46666666666667	156.92666666666668	159.36666666666667	161.56666666666666	163.11333333333334	165.08666666666667	166.66	168.04	168.57333333333332	170.16666666666666	170.77333333333334	172.12666666666667	172.42	173.6	173.92666666666668	174.22666666666666	174.68	175.10666666666665	175.31333333333333	175.76	176.85333333333332	177.12666666666667	177.66666666666666	177.25333333333333	177.82	177.74	177.69333333333333	177.4	177.36666666666667	177.6	177.78	178.10666666666665	177.89333333333335	177.32666666666665	177.46666666666667	177.24666666666667	177.16	177.02	176.81333333333333	176.2	175.62666666666667	175.45333333333335	175.08	174.75333333333333	174.93333333333334	173.84666666666666	173.28	173.08	172.77333333333334	171.66	170.76	169.84	168.94	167.73333333333332	166.40666666666667	165.74	163.88	161.94666666666666	159.66	157.42	154.54	150.81333333333333	146.88666666666666	141.38	133.21333333333334	118.67333333333333	0.0
0.0	119.34666666666666	133.29333333333332	141.16	147.26	151.50666666666666	154.73333333333332	158.01333333333332	159.66	161.79333333333332	163.00666666666666	164.34	166.01333333333332	167.44	168.14	169.37333333333333	170.38666666666666	171.46666666666667	172.12	172.83333333333334	172.98	174.04	174.47333333333333	174.9	175.18666666666667	175.61333333333334	176.1	176.04	176.11333333333334	176.63333333333333	177.11333333333334	176.84	177.38666666666666	177.02666666666667	177.12666666666667	177.17333333333335	177.84666666666666	177.31333333333333	177.41333333333333	177.58	177.27333333333334	177.36	177.12666666666667	177.06666666666666	176.90666666666667	176.76	176.00666666666666	175.86666666666667	175.06	174.83333333333334	174.87333333333333	173.85333333333332	173.34	172.14	171.70666666666668	171.16	170.06	168.80666666666667	167.66666666666666	166.47333333333333	165.30666666666667	164.53333333333333	162.94666666666666	160.70666666666668	159.24666666666667	156.81333333333333	154.34666666666666	151.4	146.91333333333333	141.6	133.06666666666666	118.78666666666666	0.0
0.0	118.9	132.85333333333332	141.06	146.79333333333332	151.05333333333334	154.22666666666666	157.62	159.85333333333332	161.94	163.86666666666667	165.24666666666667	166.84	167.98	168.85333333333332	169.92	170.73333333333332	171.84666666666666	172.48	173.09333333333333	173.91333333333333	174.76	175.38666666666666	175.96666666666667	176.40666666666667	177.09333333333333	177.29333333333332	178.03333333333333	178.05333333333334	178.16	178.18	178.44	178.74666666666667	179.13333333333333	179.42	179.14	179.06	179.06666666666666	178.69333333333333	178.72	178.50666666666666	179.07333333333332	178.35333333333332	178.05333333333334	177.62	177.58	177.37333333333333	176.65333333333334	176.4	175.92666666666668	175.10666666666665	175.10666666666665	175.09333333333333	173.40666666666667	172.5	172.49333333333334	171.48666666666668	169.99333333333334	169.32	167.76	166.44	165.02666666666667	163.47333333333333	161.34666666666666	159.43333333333334	157.08	153.98666666666668	151.19333333333333	146.6	141.32666666666665	133.48	119.34	0.0
0.0	119.00666666666666	133.31333333333333	141.19333333333333	146.72	150.73333333333332	153.7	156.62666666666667	158.79333333333332	160.57333333333332	162.40666666666667	163.99333333333334	165.48	166.86	168.44	169.40666666666667	170.62	171.35333333333332	172.24	173.15333333333334	173.84666666666666	174.72666666666666	175.25333333333333	175.68666666666667	176.32666666666665	176.45333333333335	176.83333333333334	177.07333333333332	176.84666666666666	177.0	177.38	177.24	177.32	177.42666666666668	177.40666666666667	177.54666666666665	177.91333333333333	178.02666666666667	178.14666666666668	178.38666666666666	177.96666666666667	178.53333333333333	178.10666666666665	177.68666666666667	177.87333333333333	177.17333333333335	177.02666666666667	176.90666666666667	176.53333333333333	175.62	175.41333333333333	174.57333333333332	173.68666666666667	173.08	172.24666666666667	171.10666666666665	170.16666666666666	169.18	168.25333333333333	166.93333333333334	166.02	164.70666666666668	162.98666666666668	161.41333333333333	159.24	156.87333333333333	153.92	150.56	146.72	141.13333333333333	133.0	119.24	0.0
0.0	118.82	133.07333333333332	141.32666666666665	146.96	151.28666666666666	154.52666666666667	157.50666666666666	159.80666666666667	161.50666666666666	163.46	165.04	166.41333333333333	167.57333333333332	169.44666666666666	170.70666666666668	171.79333333333332	172.24666666666667	172.82	173.36	173.56666666666666	174.33333333333334	175.2	175.73333333333332	176.02	176.49333333333334	176.28	176.86	176.96666666666667	176.98	177.11333333333334	177.41333333333333	177.10666666666665	177.49333333333334	177.72	177.75333333333333	178.18666666666667	178.56	178.53333333333333	178.32666666666665	178.52	178.15333333333334	178.01333333333332	177.91333333333333	177.72666666666666	177.29333333333332	177.1	176.70666666666668	176.57333333333332	175.84	175.55333333333334	174.62	174.56666666666666	173.10666666666665	172.85333333333332	172.4	172.06	170.23333333333332	169.42666666666668	168.23333333333332	166.47333333333333	165.47333333333333	163.43333333333334	162.22	159.48	157.42666666666668	154.55333333333334	150.92666666666668	146.58	141.12	132.98666666666668	118.90666666666667	0.0
0.0	119.08666666666667	133.17333333333335	141.54	147.36666666666667	151.18666666666667	154.57333333333332	157.16	159.62	161.67333333333335	163.17333333333335	164.78	166.42	167.7	168.47333333333333	169.91333333333333	171.10666666666665	172.30666666666667	172.48	173.02	174.17333333333335	174.52	175.29333333333332	175.88	175.85333333333332	176.74	176.93333333333334	177.14666666666668	176.86	177.2	177.28666666666666	177.88	178.16666666666666	178.12	178.0	177.94666666666666	177.31333333333333	177.87333333333333	177.77333333333334	177.09333333333333	177.42666666666668	177.49333333333334	177.53333333333333	177.43333333333334	176.66	176.38	175.92	175.26	174.9	174.47333333333333	174.24666666666667	173.61333333333334	172.99333333333334	173.02666666666667	171.47333333333333	171.25333333333333	170.45333333333335	169.58666666666667	168.58	167.42666666666668	165.96	164.54	162.87333333333333	161.2	158.93333333333334	156.68	153.82666666666665	150.45333333333335	146.58666666666667	141.30666666666667	133.30666666666667	119.0	0.0
0.0	118.88	133.26	141.26666666666668	146.56666666666666	150.94	154.31333333333333	157.06666666666666	159.17333333333335	161.37333333333333	163.42	164.88666666666666	166.63333333333333	167.41333333333333	168.64666666666668	169.55333333333334	170.46	171.32666666666665	172.17333333333335	172.44666666666666	173.19333333333333	173.61333333333334	174.43333333333334	174.95333333333335	175.56666666666666	175.79333333333332	176.13333333333333	176.32666666666665	176.91333333333333	177.28	177.53333333333333	178.14666666666668	178.22	177.88	177.72666666666666	178.36	178.14	178.01333333333332	177.83333333333334	177.37333333333333	177.54666666666665	177.50666666666666	176.71333333333334	176.46	176.32	175.70666666666668	175.44666666666666	175.42666666666668	175.30666666666667	174.06	174.63333333333333	173.36666666666667	172.86	172.40666666666667	171.84666666666666	171.33333333333334	170.46666666666667	169.91333333333333	168.66666666666666	166.96	166.74	164.86	163.34666666666666	160.96666666666667	159.22666666666666	157.36666666666667	154.58	150.76666666666668	146.79333333333332	141.36666666666667	133.73333333333332	119.24	0.0
0.0	118.86666666666666	133.48	141.3	146.22666666666666	150.4	153.58666666666667	156.45333333333335	159.10666666666665	161.29333333333332	163.16666666666666	164.31333333333333	166.00666666666666	167.62	168.6	169.09333333333333	170.09333333333333	171.02666666666667	171.49333333333334	172.62666666666667	173.67333333333335	173.90666666666667	174.58666666666667	174.76	175.0	175.88666666666666	176.23333333333332	176.83333333333334	176.89333333333335	176.71333333333334	177.47333333333333	177.90666666666667	177.92666666666668	178.16	177.86666666666667	178.34666666666666	178.02	177.57333333333332	177.34666666666666	177.24	176.86	176.56666666666666	177.36666666666667	176.78	176.35333333333332	176.48666666666668	176.26	176.18	175.72	175.11333333333334	174.26	173.88666666666666	173.73333333333332	173.02	171.91333333333333	171.65333333333334	170.52666666666667	169.54666666666665	168.71333333333334	167.21333333333334	165.98	164.9	162.58666666666667	161.00666666666666	159.16666666666666	156.60666666666665	153.69333333333333	150.76666666666668	146.76666666666668	140.94	132.93333333333334	118.22666666666667	0.0
0.0	118.84666666666666	133.75333333333333	141.62666666666667	147.0	151.32	154.32666666666665	157.00666666666666	159.50666666666666	161.3	163.50666666666666	165.01333333333332	166.38	166.87333333333333	168.16	169.14666666666668	169.89333333333335	170.29333333333332	171.36666666666667	172.29333333333332	172.73333333333332	173.69333333333333	173.96666666666667	174.55333333333334	174.73333333333332	175.46	175.77333333333334	176.35333333333332	176.64	176.84	177.44	177.70666666666668	177.62666666666667	177.62666666666667	177.34666666666666	177.64666666666668	177.85333333333332	177.70666666666668	177.4	177.65333333333334	177.43333333333334	177.36666666666667	177.08	177.04	176.42	176.28666666666666	175.73333333333332	175.10666666666665	175.05333333333334	174.19333333333333	173.96666666666667	173.69333333333333	173.48	172.50666666666666	171.66	170.58666666666667	169.50666666666666	168.73333333333332	167.96666666666667	167.00666666666666	165.66	164.62	163.51333333333332	161.58666666666667	159.69333333333333	157.1	154.40666666666667	150.68666666666667	146.58666666666667	141.28666666666666	133.02666666666667	118.8	0.0
0.0	119.02	133.31333333333333	141.15333333333334	146.70666666666668	150.94	154.4	157.07333333333332	159.10666666666665	160.92	162.63333333333333	164.29333333333332	165.70666666666668	167.31333333333333	169.16	169.65333333333334	170.32666666666665	171.54666666666665	172.63333333333333	172.9	173.96666666666667	174.58	174.67333333333335	175.13333333333333	176.06666666666666	176.17333333333335	176.22	176.74	177.14666666666668	177.27333333333334	177.60666666666665	178.02666666666667	178.26666666666668	178.16666666666666	178.39333333333335	178.43333333333334	178.0	177.28666666666666	177.73333333333332	177.21333333333334	176.92	177.47333333333333	177.42	177.32	176.76666666666668	176.16	175.78	175.26666666666668	174.85333333333332	174.18	174.15333333333334	174.51333333333332	172.93333333333334	172.55333333333334	171.91333333333333	171.53333333333333	170.56	169.69333333333333	168.68	167.44	166.31333333333333	164.60666666666665	163.3	161.04666666666665	158.78	156.52666666666667	154.14	150.9	146.66	141.02666666666667	133.57333333333332	118.56666666666666	0.0
0.0	118.74	132.56	141.1	146.96666666666667	151.24	154.37333333333333	156.97333333333333	159.38666666666666	161.3	163.0	165.06	166.40666666666667	167.78666666666666	168.42	169.32666666666665	170.52666666666667	171.6	171.88666666666666	172.46666666666667	173.44	173.98666666666668	174.73333333333332	175.35333333333332	175.75333333333333	176.49333333333334	176.92	177.31333333333333	177.36	177.55333333333334	177.86666666666667	178.25333333333333	178.03333333333333	178.30666666666667	178.18666666666667	178.88	178.86666666666667	178.96	178.96	178.74666666666667	178.27333333333334	177.72666666666666	177.60666666666665	177.28666666666666	177.26666666666668	176.67333333333335	176.69333333333333	176.27333333333334	175.76666666666668	175.9	175.34	174.70666666666668	173.96	173.3	172.56	171.9	171.50666666666666	170.65333333333334	169.38	168.01333333333332	166.34	164.91333333333333	163.11333333333334	161.31333333333333	159.26666666666668	156.93333333333334	154.06666666666666	150.45333333333335	146.74	141.30666666666667	132.88666666666666	118.72	0.0
0.0	118.79333333333334	132.88	140.88666666666666	146.99333333333334	150.88	153.78	156.57333333333332	158.75333333333333	160.6	162.28	163.88666666666666	165.19333333333333	166.70666666666668	167.88	169.28	170.05333333333334	171.28	172.29333333333332	173.04666666666665	173.93333333333334	173.61333333333334	174.08666666666667	174.66	175.35333333333332	175.08	175.56	176.15333333333334	176.62	176.82	177.13333333333333	177.04	177.68	177.34666666666666	177.74	178.38666666666666	178.36666666666667	178.20666666666668	177.9	177.7	177.40666666666667	177.52666666666667	176.85333333333332	177.07333333333332	177.16666666666666	176.86666666666667	175.64666666666668	175.40666666666667	174.7	174.39333333333335	174.12	173.52	173.12666666666667	172.49333333333334	171.98666666666668	171.07333333333332	169.79333333333332	169.04666666666665	167.94	166.94	165.21333333333334	164.37333333333333	162.72666666666666	161.02	158.66	156.67333333333335	153.94	150.83333333333334	146.62666666666667	141.29333333333332	133.06	119.18666666666667	0.0
0.0	118.96666666666667	133.45333333333335	141.48666666666668	146.56666666666666	150.88	154.02666666666667	156.84	159.41333333333333	161.22666666666666	162.96666666666667	163.96666666666667	165.52	166.86	168.28	169.16	170.74666666666667	171.34666666666666	171.94	172.76666666666668	173.45333333333335	174.54666666666665	174.55333333333334	174.70666666666668	176.00666666666666	176.58666666666667	176.92	177.52	177.91333333333333	177.79333333333332	178.00666666666666	178.23333333333332	178.29333333333332	178.64666666666668	178.94666666666666	179.06	178.51333333333332	178.41333333333333	178.59333333333333	178.70666666666668	178.32666666666665	178.64	178.7	178.63333333333333	177.81333333333333	177.82	177.24	176.76	176.14666666666668	175.35333333333332	175.08	174.74	173.70666666666668	173.19333333333333	172.44	171.35333333333332	170.87333333333333	169.81333333333333	168.91333333333333	167.36	166.36	165.48	163.42666666666668	161.55333333333334	159.48666666666668	157.04	154.61333333333334	151.16666666666666	147.25333333333333	141.3	133.14666666666668	119.14666666666666	0.0
0.0	118.84	133.32	140.89333333333335	146.12666666666667	150.62666666666667	154.38	156.93333333333334	159.61333333333334	161.11333333333334	163.00666666666666	164.17333333333335	165.66666666666666	167.18666666666667	168.17333333333335	169.25333333333333	170.28666666666666	170.83333333333334	171.38	172.52666666666667	173.06	173.86666666666667	174.28666666666666	174.72	175.16	175.8	176.50666666666666	177.36666666666667	177.24666666666667	177.57333333333332	177.63333333333333	177.66	177.96	178.14666666666668	178.26666666666668	178.34	178.15333333333334	178.42666666666668	178.00666666666666	178.62	178.12	177.56666666666666	177.8	177.53333333333333	177.45333333333335	177.61333333333334	176.90666666666667	176.6	175.58	175.49333333333334	174.8	174.67333333333335	174.17333333333335	172.77333333333334	172.26666666666668	171.35333333333332	171.13333333333333	169.73333333333332	168.46666666666667	167.28	165.78666666666666	164.86	162.83333333333334	161.13333333333333	158.99333333333334	157.27333333333334	153.91333333333333	150.84666666666666	147.03333333333333	141.30666666666667	133.38666666666666	119.31333333333333	0.0
0.0	119.08	132.87333333333333	141.38666666666666	146.49333333333334	150.84	154.18666666666667	156.92	159.06	161.23333333333332	162.92666666666668	164.64666666666668	165.92	167.28666666666666	168.74	169.36666666666667	170.49333333333334	170.76666666666668	171.39333333333335	171.83333333333334	172.26	173.37333333333333	174.03333333333333	174.9	175.56666666666666	176.06666666666666	177.07333333333332	177.04	177.54666666666665	177.32666666666665	177.88666666666666	178.28	178.36	178.57333333333332	178.67333333333335	178.74	178.66	179.04666666666665	178.64	178.41333333333333	177.97333333333333	178.01333333333332	177.36	177.16	176.96666666666667	176.83333333333334	176.14666666666668	175.67333333333335	175.36666666666667	174.72	174.51333333333332	173.72666666666666	173.13333333333333	172.72666666666666	172.01333333333332	171.25333333333333	170.36666666666667	169.22	168.13333333333333	167.21333333333334	165.67333333333335	163.77333333333334	162.50666666666666	160.48	158.52666666666667	156.10666666666665	153.25333333333333	149.89333333333335	146.00666666666666	140.83333333333334	132.84666666666666	118.99333333333334	0.0
0.0	119.50666666666666	133.66666666666666	141.30666666666667	147.2	151.59333333333333	154.53333333333333	157.75333333333333	159.76666666666668	161.88666666666666	163.07333333333332	164.79333333333332	166.08666666666667	166.74666666666667	167.96666666666667	169.30666666666667	170.3	170.68666666666667	171.30666666666667	173.01333333333332	172.95333333333335	173.98666666666668	174.86666666666667	174.86666666666667	175.21333333333334	175.32	176.21333333333334	176.78666666666666	177.34	177.42	177.63333333333333	177.76	177.89333333333335	178.22	178.44	178.59333333333333	178.00666666666666	177.97333333333333	177.54666666666665	177.19333333333333	177.58666666666667	177.29333333333332	177.47333333333333	177.26	176.75333333333333	176.58	175.66	175.74	174.98	174.80666666666667	174.34666666666666	173.79333333333332	173.46666666666667	172.8	172.02666666666667	171.44666666666666	170.96	170.02666666666667	168.58	167.62	166.52666666666667	164.76666666666668	163.41333333333333	161.74	159.37333333333333	157.44	154.35333333333332	150.7	146.50666666666666	141.73333333333332	133.72666666666666	119.06	0.0
0.0	119.40666666666667	133.63333333333333	141.20666666666668	146.79333333333332	151.00666666666666	154.14666666666668	157.07333333333332	159.41333333333333	161.7	163.24666666666667	164.41333333333333	166.03333333333333	167.37333333333333	168.81333333333333	169.88666666666666	170.80666666666667	171.82666666666665	172.67333333333335	172.98	173.7	174.04	175.0	175.19333333333333	175.83333333333334	176.53333333333333	177.42666666666668	177.79333333333332	177.89333333333335	178.02	178.08666666666667	178.61333333333334	179.23333333333332	178.99333333333334	178.86666666666667	178.66	178.60666666666665	178.12	177.82666666666665	178.17333333333335	178.06	177.64666666666668	177.52	177.39333333333335	176.65333333333334	176.19333333333333	176.14666666666668	175.67333333333335	175.05333333333334	175.09333333333333	174.97333333333333	173.97333333333333	173.36666666666667	172.56	172.25333333333333	171.78666666666666	171.06666666666666	169.44666666666666	168.92	167.44	166.03333333333333	164.3	162.75333333333333	161.28	159.50666666666666	156.64	153.93333333333334	151.18	146.31333333333333	141.46666666666667	133.74	118.74666666666667	0.0
0.0	119.14	133.26666666666668	141.77333333333334	146.86	151.11333333333334	154.68	157.78	159.8	161.37333333333333	163.46666666666667	165.0	166.55333333333334	167.78	168.94666666666666	170.25333333333333	170.92	171.82	172.81333333333333	173.55333333333334	174.4	174.78666666666666	175.34666666666666	176.06	176.18666666666667	176.63333333333333	177.24	177.79333333333332	177.79333333333332	177.53333333333333	178.22	179.24666666666667	178.97333333333333	179.14666666666668	178.74	178.86666666666667	179.18	178.97333333333333	178.55333333333334	179.21333333333334	178.63333333333333	178.15333333333334	177.86	177.60666666666665	177.91333333333333	177.42666666666668	177.09333333333333	176.81333333333333	176.24666666666667	175.85333333333332	175.53333333333333	175.08666666666667	173.98666666666668	173.58	172.88666666666666	172.26666666666668	171.06666666666666	169.72	168.42	167.59333333333333	165.98	165.01333333333332	163.09333333333333	161.13333333333333	159.13333333333333	157.24	154.68	151.34666666666666	146.98	141.44	133.18	118.73333333333333	0.0
0.0	119.42	133.54	141.66666666666666	146.77333333333334	150.57333333333332	154.38	157.06	159.65333333333334	161.46	162.96	164.4	165.58	166.76666666666668	168.26	169.28	170.28666666666666	171.49333333333334	172.54	172.90666666666667	173.40666666666667	174.26666666666668	174.96	175.58666666666667	176.20666666666668	176.4	176.64	177.16666666666666	176.95333333333335	177.30666666666667	177.34	177.14	177.52	177.78666666666666	177.90666666666667	178.17333333333335	177.83333333333334	177.70666666666668	178.03333333333333	177.84	177.68666666666667	177.24666666666667	177.4	176.55333333333334	176.46	176.17333333333335	176.08	175.18666666666667	175.12666666666667	174.61333333333334	174.07333333333332	173.76666666666668	172.96	172.57333333333332	171.86	171.11333333333334	170.1	169.04666666666665	167.77333333333334	166.85333333333332	165.30666666666667	164.22	162.94	161.02666666666667	159.64	157.02666666666667	153.97333333333333	151.0	146.46666666666667	141.34	133.46	118.78666666666666	0.0
0.0	119.29333333333334	133.38	141.27333333333334	146.79333333333332	151.14	154.20666666666668	156.71333333333334	159.09333333333333	161.54	163.38666666666666	165.04666666666665	166.12	167.24666666666667	169.02	169.61333333333334	170.58	172.09333333333333	173.04666666666665	173.80666666666667	174.28	175.36	175.37333333333333	176.52	176.75333333333333	177.2	177.61333333333334	177.86	178.56	178.60666666666665	178.53333333333333	178.91333333333333	179.00666666666666	179.39333333333335	179.04	178.87333333333333	178.60666666666665	178.41333333333333	178.43333333333334	177.82666666666665	177.92666666666668	177.92666666666668	177.92	177.65333333333334	177.14	177.22	176.47333333333333	176.46	176.45333333333335	175.78666666666666	175.39333333333335	174.92	174.18	173.0	172.22666666666666	171.46666666666667	170.86666666666667	170.13333333333333	168.8	167.80666666666667	166.5	165.16	163.56666666666666	161.63333333333333	159.42666666666668	157.51333333333332	154.51333333333332	151.55333333333334	147.19333333333333	141.17333333333335	133.24666666666667	118.43333333333334	0.0
0.0	119.02	133.76	141.74	147.58	151.59333333333333	155.02	157.43333333333334	159.61333333333334	161.43333333333334	163.58666666666667	165.06666666666666	166.24	167.42	168.56	169.7	171.12	171.50666666666666	172.22	172.7	173.80666666666667	174.33333333333334	175.18	175.16	175.81333333333333	176.18	176.44666666666666	176.95333333333335	177.78666666666666	177.62666666666667	177.38	177.78666666666666	178.06	178.04	178.71333333333334	178.68666666666667	178.37333333333333	178.50666666666666	178.45333333333335	178.73333333333332	178.48	177.93333333333334	178.18	177.96	177.72	177.16	176.76	176.72	176.06666666666666	175.46	174.90666666666667	174.2	173.71333333333334	172.44666666666666	171.76	171.32	170.58	169.52666666666667	168.15333333333334	167.04	166.15333333333334	164.68666666666667	162.92666666666668	161.15333333333334	159.11333333333334	156.72666666666666	154.18	150.6	146.77333333333334	141.14666666666668	133.01333333333332	118.95333333333333	0.0
0.0	118.95333333333333	132.56666666666666	140.73333333333332	146.64	151.15333333333334	154.08666666666667	156.83333333333334	159.22666666666666	161.43333333333334	163.41333333333333	164.76666666666668	165.77333333333334	167.07333333333332	168.11333333333334	169.73333333333332	170.37333333333333	171.56	172.55333333333334	173.36666666666667	174.06666666666666	174.3	175.12	175.45333333333335	176.12	176.52666666666667	177.32666666666665	177.16	177.49333333333334	177.32	177.20666666666668	177.91333333333333	177.57333333333332	178.24	177.93333333333334	178.11333333333334	177.96	177.88	178.28666666666666	178.32666666666665	178.16666666666666	178.03333333333333	178.16666666666666	177.3	177.36	176.99333333333334	176.09333333333333	175.74666666666667	175.56666666666666	175.14666666666668	175.04666666666665	174.78666666666666	174.14	173.42	172.76	171.81333333333333	170.75333333333333	169.34	168.68666666666667	167.38	166.18	164.68666666666667	163.01333333333332	161.28	159.04	156.50666666666666	153.78666666666666	150.94666666666666	146.74	141.34666666666666	133.17333333333335	118.94	0.0
0.0	119.41333333333333	133.61333333333334	141.08	146.98666666666668	151.33333333333334	154.16	157.09333333333333	159.04	161.08666666666667	163.17333333333335	164.68666666666667	166.06666666666666	167.17333333333335	168.16666666666666	169.44666666666666	170.32666666666665	171.23333333333332	172.08666666666667	172.72	173.44	173.81333333333333	174.56	175.04666666666665	175.6	175.85333333333332	176.62	177.04666666666665	177.4	177.67333333333335	177.63333333333333	177.88666666666666	178.28666666666666	178.51333333333332	178.18666666666667	178.55333333333334	178.20666666666668	178.75333333333333	178.4	178.84666666666666	178.62	178.24	177.86	177.91333333333333	177.33333333333334	177.06666666666666	177.18666666666667	176.54	175.97333333333333	175.86666666666667	175.40666666666667	174.69333333333333	174.17333333333335	173.1	172.88666666666666	171.76666666666668	170.68666666666667	170.04	169.03333333333333	168.19333333333333	166.55333333333334	165.22666666666666	164.00666666666666	162.22666666666666	160.02	157.31333333333333	154.37333333333333	150.81333333333333	146.9	141.45333333333335	133.73333333333332	119.12	0.0
0.0	119.10666666666667	133.38666666666666	140.99333333333334	146.56666666666666	150.44	153.92	157.10666666666665	158.64666666666668	160.91333333333333	162.22	163.96666666666667	165.48666666666668	166.92	167.89333333333335	169.12	170.06	171.40666666666667	172.15333333333334	173.0	173.33333333333334	173.9	174.75333333333333	175.32666666666665	175.70666666666668	176.10666666666665	176.42	176.7	177.13333333333333	176.88666666666666	177.31333333333333	178.13333333333333	177.77333333333334	178.05333333333334	177.68666666666667	177.42666666666668	177.6	177.60666666666665	177.2	177.47333333333333	177.63333333333333	177.52	176.73333333333332	176.56	176.7	176.34	176.34666666666666	175.89333333333335	175.38666666666666	174.98666666666668	174.26666666666668	173.76666666666668	173.14666666666668	172.87333333333333	171.75333333333333	170.88	170.12666666666667	169.84	168.4	167.11333333333334	165.79333333333332	164.28	162.95333333333335	161.14666666666668	159.37333333333333	156.55333333333334	153.58666666666667	150.05333333333334	146.16	140.97333333333333	133.16666666666666	118.78666666666666	0.0
0.0	118.94666666666667	133.69333333333333	142.02666666666667	147.35333333333332	151.38666666666666	154.55333333333334	157.30666666666667	159.4	161.36666666666667	163.16	165.06666666666666	166.26	167.56666666666666	168.55333333333334	170.17333333333335	171.14	172.46666666666667	173.02666666666667	173.23333333333332	173.96	174.62666666666667	175.12	175.61333333333334	175.97333333333333	176.82666666666665	177.4	177.68666666666667	177.98666666666668	178.62	178.54	178.52	178.98666666666668	179.15333333333334	179.07333333333332	179.44	179.15333333333334	179.28	179.32666666666665	179.22	178.92	178.27333333333334	178.4	177.84666666666666	177.45333333333335	177.11333333333334	176.70666666666668	176.27333333333334	175.66666666666666	175.52	174.80666666666667	174.24	173.67333333333335	172.83333333333334	172.60666666666665	171.72666666666666	170.70666666666668	169.61333333333334	168.39333333333335	167.24666666666667	166.08	164.90666666666667	163.57333333333332	161.83333333333334	159.32666666666665	156.72	153.85333333333332	150.35333333333332	146.29333333333332	140.98	133.20666666666668	119.04666666666667	0.0
0.0	118.98	133.60666666666665	141.23333333333332	146.94	151.22666666666666	154.21333333333334	157.08	159.31333333333333	161.12666666666667	162.59333333333333	164.48666666666668	166.03333333333333	166.98666666666668	168.68	170.06666666666666	170.75333333333333	171.45333333333335	172.22	173.02666666666667	173.9	174.73333333333332	175.26666666666668	175.62666666666667	176.29333333333332	176.7	176.97333333333333	177.06666666666666	177.8	177.71333333333334	177.67333333333335	177.91333333333333	178.17333333333335	178.29333333333332	178.7	178.82	179.04	178.63333333333333	178.75333333333333	178.87333333333333	178.64666666666668	178.67333333333335	178.35333333333332	177.93333333333334	178.24	177.69333333333333	176.98	176.58666666666667	176.64666666666668	175.37333333333333	174.9	174.72666666666666	174.00666666666666	172.85333333333332	172.5	171.82	170.67333333333335	170.03333333333333	169.40666666666667	168.30666666666667	167.03333333333333	164.97333333333333	163.59333333333333	161.78	159.83333333333334	157.24666666666667	154.44	151.5	147.17333333333335	141.60666666666665	133.80666666666667	118.6	0.0
0.0	118.91333333333333	133.29333333333332	141.2	146.80666666666667	150.36666666666667	153.98666666666668	156.52	158.59333333333333	160.33333333333334	162.52666666666667	164.2	165.26666666666668	166.55333333333334	167.85333333333332	169.17333333333335	169.28	170.32	170.73333333333332	171.61333333333334	172.48666666666668	173.16666666666666	174.09333333333333	174.17333333333335	174.86666666666667	175.34666666666666	175.44666666666666	175.94	176.6	176.51333333333332	176.83333333333334	177.32666666666665	177.18666666666667	177.34666666666666	177.80666666666667	178.01333333333332	178.00666666666666	177.66	177.6	177.29333333333332	177.29333333333332	177.16666666666666	177.0	176.48666666666668	176.40666666666667	175.95333333333335	176.0	175.64	175.50666666666666	175.20666666666668	174.85333333333332	174.14	173.06	172.77333333333334	171.85333333333332	170.76	170.07333333333332	169.36666666666667	168.07333333333332	167.05333333333334	165.66	164.17333333333335	162.46666666666667	160.6	159.15333333333334	156.62	153.64	150.98	146.1	140.94	133.21333333333334	118.56666666666666	0.0
0.0	118.87333333333333	133.5	141.37333333333333	147.1	151.43333333333334	155.11333333333334	157.18	159.7	161.48	163.12	164.64	165.8	167.22666666666666	168.20666666666668	169.66666666666666	170.44666666666666	171.67333333333335	172.42	173.21333333333334	174.27333333333334	174.56	175.28	176.30666666666667	176.61333333333334	177.12	177.32	177.98666666666668	177.78666666666666	178.34	178.14666666666668	178.36666666666667	178.47333333333333	178.42	178.38	178.75333333333333	178.38	178.74	178.67333333333335	178.78	178.31333333333333	178.65333333333334	178.42666666666668	178.03333333333333	177.65333333333334	177.36	177.45333333333335	177.32	176.74	176.32666666666665	176.09333333333333	175.19333333333333	174.23333333333332	174.05333333333334	172.81333333333333	172.06666666666666	170.84666666666666	170.13333333333333	168.56	167.36666666666667	165.74666666666667	164.42666666666668	162.49333333333334	160.56	158.94666666666666	156.31333333333333	154.16	150.79333333333332	147.26666666666668	141.4	133.10666666666665	118.62	0.0
0.0	118.62	132.93333333333334	140.65333333333334	146.56	151.00666666666666	154.02666666666667	157.0	159.24666666666667	160.90666666666667	162.64	164.6	165.55333333333334	166.56	168.00666666666666	168.58666666666667	170.05333333333334	170.46	171.99333333333334	172.54666666666665	172.78666666666666	172.94	174.04666666666665	174.00666666666666	174.88666666666666	174.92666666666668	175.3	175.71333333333334	175.98666666666668	176.40666666666667	176.78	176.86666666666667	177.30666666666667	177.43333333333334	177.04666666666665	177.32	177.52666666666667	177.34	177.33333333333334	177.2	177.32	177.04666666666665	176.64	176.65333333333334	176.62	176.28666666666666	176.43333333333334	176.46666666666667	175.61333333333334	175.02666666666667	174.83333333333334	174.03333333333333	173.50666666666666	172.52	171.96666666666667	170.78	169.47333333333333	168.84	167.64	166.45333333333335	165.06	163.68666666666667	162.66666666666666	160.44666666666666	158.96	156.35333333333332	153.34666666666666	150.36	146.31333333333333	140.95333333333335	132.38666666666666	118.74	0.0
0.0	119.57333333333334	133.40666666666667	141.38	147.14666666666668	151.28	154.48	157.30666666666667	159.7	161.62666666666667	163.13333333333333	164.68	166.28666666666666	167.57333333333332	168.47333333333333	169.52666666666667	170.3	171.19333333333333	172.11333333333334	173.04	173.95333333333335	174.34666666666666	174.43333333333334	174.7	175.34666666666666	175.49333333333334	175.69333333333333	176.62666666666667	177.0	177.48666666666668	178.06	178.32	178.64666666666668	178.19333333333333	178.34666666666666	178.40666666666667	178.28666666666666	178.02666666666667	178.16	177.20666666666668	177.60666666666665	176.97333333333333	177.16666666666666	177.00666666666666	177.0	177.12	176.92	176.57333333333332	176.31333333333333	176.24	175.53333333333333	174.64666666666668	174.14666666666668	173.26	172.41333333333333	171.8	170.88666666666666	170.62	169.47333333333333	168.02	167.14666666666668	165.16666666666666	163.81333333333333	161.55333333333334	159.96666666666667	157.04666666666665	154.68666666666667	151.57333333333332	147.33333333333334	141.38	133.56	119.12666666666667	0.0
0.0	118.34666666666666	133.23333333333332	141.34	146.46666666666667	150.98666666666668	154.12666666666667	156.73333333333332	158.78	160.90666666666667	162.84	164.21333333333334	165.87333333333333	167.02	168.16666666666666	169.18	170.10666666666665	170.6	171.25333333333333	171.92666666666668	172.34	173.02666666666667	173.88	174.25333333333333	174.62	175.24666666666667	175.86666666666667	176.3	176.36666666666667	176.25333333333333	176.64666666666668	176.55333333333334	176.72	176.50666666666666	176.85333333333332	176.76666666666668	176.68666666666667	176.7	176.82666666666665	177.3	177.26666666666668	176.74	176.8	176.58	176.09333333333333	176.0	175.54	175.25333333333333	174.92	174.27333333333334	173.98666666666668	173.53333333333333	172.90666666666667	172.0	171.99333333333334	170.81333333333333	169.96	168.84666666666666	168.02	166.58666666666667	165.3	164.32666666666665	162.70666666666668	160.32	158.44666666666666	156.32	153.74666666666667	150.27333333333334	146.54	141.36	132.76	118.68666666666667	0.0
0.0	118.83333333333333	132.94	141.10666666666665	146.93333333333334	151.07333333333332	153.82	157.15333333333334	159.79333333333332	162.02666666666667	163.14666666666668	164.72666666666666	165.78666666666666	167.08	168.39333333333335	169.26	170.3	170.89333333333335	171.45333333333335	172.30666666666667	173.22	173.65333333333334	174.32666666666665	175.66666666666666	175.74666666666667	176.92	176.76	177.10666666666665	177.19333333333333	177.46666666666667	177.78	177.78	177.65333333333334	177.74666666666667	177.78	177.23333333333332	177.42666666666668	177.84666666666666	177.50666666666666	177.75333333333333	177.64666666666668	177.3	177.76	177.55333333333334	177.21333333333334	176.63333333333333	176.54666666666665	175.98	175.78	175.27333333333334	175.12666666666667	174.2	173.36	172.88	172.61333333333334	171.33333333333334	170.02666666666667	169.46	168.27333333333334	167.24	165.65333333333334	164.67333333333335	163.47333333333333	161.88	159.62	157.2	154.41333333333333	151.46	147.28666666666666	141.66	133.70666666666668	119.05333333333333	0.0
0.0	119.11333333333333	133.19333333333333	141.05333333333334	146.4	150.25333333333333	153.6	156.54666666666665	158.65333333333334	160.91333333333333	163.2	164.78	166.02666666666667	167.19333333333333	168.09333333333333	169.64	170.40666666666667	170.86	171.97333333333333	172.26	173.01333333333332	173.11333333333334	174.13333333333333	174.34	174.92666666666668	175.8	175.52	176.01333333333332	176.24666666666667	176.28666666666666	176.55333333333334	177.26666666666668	176.66666666666666	177.16666666666666	177.32666666666665	177.03333333333333	177.26	177.07333333333332	177.25333333333333	177.28666666666666	177.43333333333334	176.73333333333332	177.13333333333333	176.70666666666668	176.64666666666668	176.11333333333334	175.86666666666667	175.44	174.88666666666666	175.0	174.35333333333332	173.5	173.07333333333332	172.57333333333332	171.88	171.02666666666667	170.37333333333333	169.36	168.47333333333333	167.32	166.22	165.02	162.96666666666667	161.22666666666666	159.09333333333333	156.30666666666667	154.01333333333332	150.88	146.29333333333332	140.98666666666668	133.18666666666667	119.12	0.0
0.0	119.24666666666667	133.6	141.53333333333333	147.31333333333333	150.62	154.59333333333333	157.28	159.06	160.98	163.08666666666667	164.59333333333333	165.66666666666666	167.36666666666667	168.46	169.22666666666666	170.27333333333334	171.31333333333333	171.37333333333333	172.62666666666667	173.42666666666668	174.28666666666666	174.97333333333333	175.42	176.34666666666666	176.55333333333334	176.86	176.56666666666666	176.94666666666666	177.30666666666667	177.58666666666667	177.65333333333334	177.86666666666667	178.16	178.32666666666665	178.45333333333335	178.31333333333333	178.17333333333335	178.2	177.8	177.82	177.22	177.00666666666666	176.5	175.9	175.96666666666667	175.62666666666667	175.34666666666666	175.54666666666665	174.55333333333334	174.25333333333333	173.05333333333334	173.30666666666667	172.60666666666665	171.22	170.40666666666667	169.81333333333333	169.22	168.37333333333333	166.41333333333333	165.08	164.22666666666666	162.73333333333332	160.80666666666667	158.7	156.72	154.48	151.12666666666667	146.50666666666666	141.8	133.12	118.82666666666667	0.0
0.0	118.52666666666667	133.41333333333333	141.60666666666665	146.80666666666667	150.80666666666667	154.60666666666665	156.95333333333335	159.73333333333332	161.34	163.35333333333332	165.14	166.65333333333334	167.68	168.76666666666668	169.83333333333334	170.66	171.51333333333332	172.06	172.94	174.05333333333334	174.82666666666665	175.61333333333334	175.90666666666667	176.49333333333334	177.05333333333334	177.48	177.52	177.4	177.32	177.69333333333333	178.05333333333334	178.05333333333334	178.38666666666666	178.48	177.98666666666668	178.1	178.18666666666667	177.5	178.2	178.42666666666668	177.96	177.26666666666668	176.86666666666667	176.2	176.65333333333334	175.83333333333334	175.12	175.22666666666666	174.69333333333333	174.3	173.99333333333334	173.24	172.46	171.29333333333332	170.72	169.83333333333334	169.01333333333332	168.01333333333332	167.10666666666665	165.68	164.48666666666668	163.07333333333332	161.16	159.39333333333335	157.23333333333332	154.54666666666665	150.81333333333333	147.08	141.26666666666668	133.32666666666665	119.25333333333333	0.0
0.0	119.20666666666666	133.79333333333332	141.7	146.88	151.4	154.70666666666668	157.34	159.13333333333333	161.19333333333333	163.10666666666665	164.30666666666667	165.93333333333334	167.07333333333332	168.71333333333334	169.68	171.31333333333333	172.15333333333334	172.59333333333333	173.27333333333334	174.03333333333333	173.75333333333333	174.36666666666667	175.20666666666668	175.38666666666666	175.84	176.34666666666666	176.86666666666667	176.69333333333333	176.86666666666667	177.31333333333333	177.59333333333333	177.26666666666668	177.32666666666665	177.16	177.28	176.9	177.16	177.04	177.22666666666666	176.59333333333333	176.56666666666666	176.55333333333334	176.70666666666668	176.58	176.7	176.35333333333332	175.98666666666668	176.2	175.57333333333332	174.90666666666667	174.8	173.81333333333333	172.87333333333333	172.49333333333334	171.82	170.8	169.68666666666667	168.74666666666667	167.62	166.60666666666665	164.7	163.69333333333333	161.9	159.22666666666666	156.84666666666666	154.82666666666665	151.2	147.0	141.28666666666666	133.42666666666668	119.27333333333333	0.0
0.0	119.0	133.52666666666667	141.24	147.19333333333333	151.43333333333334	154.50666666666666	156.6	159.27333333333334	161.7	162.85333333333332	164.68	166.2	167.70666666666668	168.75333333333333	169.44666666666666	170.06666666666666	170.66	171.66	172.54666666666665	172.92666666666668	173.37333333333333	173.94666666666666	174.45333333333335	175.24666666666667	176.11333333333334	176.26	176.10666666666665	176.67333333333335	176.84666666666666	176.95333333333335	177.35333333333332	177.77333333333334	178.11333333333334	177.91333333333333	177.95333333333335	178.04666666666665	177.85333333333332	177.18	177.2	177.11333333333334	177.58666666666667	176.97333333333333	177.42666666666668	176.88	176.22	175.71333333333334	175.95333333333335	175.10666666666665	174.68666666666667	174.18	173.50666666666666	172.57333333333332	172.04	171.54666666666665	171.0	170.32666666666665	169.14666666666668	168.28666666666666	166.94666666666666	166.0	164.32666666666665	162.90666666666667	161.24	158.83333333333334	156.96	154.44666666666666	150.55333333333334	146.52	140.92666666666668	132.99333333333334	118.95333333333333	0.0
0.0	119.01333333333334	133.86	141.57333333333332	147.28666666666666	151.22	154.66666666666666	157.19333333333333	159.76	161.56	163.08666666666667	165.24666666666667	166.59333333333333	168.11333333333334	168.99333333333334	170.00666666666666	171.22666666666666	172.1	172.72666666666666	173.57333333333332	173.77333333333334	174.25333333333333	175.38666666666666	174.97333333333333	174.92666666666668	175.64666666666668	176.17333333333335	176.30666666666667	177.31333333333333	178.07333333333332	177.90666666666667	178.32666666666665	178.76	178.5	178.67333333333335	178.63333333333333	178.40666666666667	178.36666666666667	178.74	178.66666666666666	178.57333333333332	177.92	178.10666666666665	177.78666666666666	178.24	177.79333333333332	176.67333333333335	176.29333333333332	175.76	174.88	174.9	174.53333333333333	174.04666666666665	172.67333333333335	172.22	171.61333333333334	170.42666666666668	169.35333333333332	168.42666666666668	166.96666666666667	166.01333333333332	164.89333333333335	163.28666666666666	161.52666666666667	159.4	156.86	154.31333333333333	151.46666666666667	146.76666666666668	141.68	133.87333333333333	119.08666666666667	0.0
0.0	119.28666666666666	133.56	141.54	147.48666666666668	151.28666666666666	154.91333333333333	157.68	159.77333333333334	161.67333333333335	163.20666666666668	164.69333333333333	166.51333333333332	167.72666666666666	169.18	170.26666666666668	170.97333333333333	172.20666666666668	172.99333333333334	173.42666666666668	173.80666666666667	174.42	174.98666666666668	175.67333333333335	176.21333333333334	176.5	176.90666666666667	177.06	177.54	177.62	177.92666666666668	178.05333333333334	178.00666666666666	177.93333333333334	178.44	178.13333333333333	178.28666666666666	178.76666666666668	178.56666666666666	178.47333333333333	178.02	178.34666666666666	178.30666666666667	177.33333333333334	177.18666666666667	177.37333333333333	176.91333333333333	176.11333333333334	175.67333333333335	175.77333333333334	175.78666666666666	174.54666666666665	173.94666666666666	173.83333333333334	173.08	172.40666666666667	171.10666666666665	170.1	168.93333333333334	168.02	166.46	165.28	164.19333333333333	162.19333333333333	159.48	157.5	154.22666666666666	150.75333333333333	147.04	141.94	133.58666666666667	119.14666666666666	0.0
0.0	119.11333333333333	133.5	141.00666666666666	146.4	150.30666666666667	153.95333333333335	156.8	159.35333333333332	161.48	162.64666666666668	164.23333333333332	166.05333333333334	166.41333333333333	168.34666666666666	169.44666666666666	170.85333333333332	171.47333333333333	172.10666666666665	172.48	172.83333333333334	174.5	174.5	174.95333333333335	175.46	175.90666666666667	176.30666666666667	176.81333333333333	176.57333333333332	176.65333333333334	177.00666666666666	176.95333333333335	177.23333333333332	177.4	177.53333333333333	177.86666666666667	177.8	178.03333333333333	178.12	177.32	176.98666666666668	176.91333333333333	176.51333333333332	176.50666666666666	176.20666666666668	175.89333333333335	175.86	175.43333333333334	174.94666666666666	174.57333333333332	174.15333333333334	173.46	173.13333333333333	172.73333333333332	172.02	171.23333333333332	170.52666666666667	169.72	168.48666666666668	166.63333333333333	165.57333333333332	164.16	162.20666666666668	160.43333333333334	158.26666666666668	156.22666666666666	154.14666666666668	150.92666666666668	146.74666666666667	141.32666666666665	133.36666666666667	118.86666666666666	0.0
0.0	119.13333333333334	133.35333333333332	141.33333333333334	146.37333333333333	150.94666666666666	154.16666666666666	156.81333333333333	159.18	161.14	163.16	164.58666666666667	166.08	167.15333333333334	168.55333333333334	169.78666666666666	170.25333333333333	171.03333333333333	171.94	172.89333333333335	173.67333333333335	173.75333333333333	174.71333333333334	174.72	175.01333333333332	175.54666666666665	176.11333333333334	176.30666666666667	176.64666666666668	176.76	176.82	177.58	177.44666666666666	177.82	177.81333333333333	177.53333333333333	178.08	177.98	178.14666666666668	178.20666666666668	178.04	177.99333333333334	177.47333333333333	176.86	177.33333333333334	176.74	176.11333333333334	175.76	175.17333333333335	175.29333333333332	174.86666666666667	174.24666666666667	173.58666666666667	172.8	172.06666666666666	171.59333333333333	170.88666666666666	170.25333333333333	169.12666666666667	168.25333333333333	166.68	165.04	163.72	161.38	159.67333333333335	156.58666666666667	154.17333333333335	150.56	147.18666666666667	141.26	133.03333333333333	118.91333333333333	0.0
0.0	119.64666666666666	133.74666666666667	141.7	147.82666666666665	151.62	154.34	157.03333333333333	159.65333333333334	161.53333333333333	163.56666666666666	165.00666666666666	166.26666666666668	167.68666666666667	168.38666666666666	169.22	170.25333333333333	171.30666666666667	171.98	172.90666666666667	173.37333333333333	174.13333333333333	174.70666666666668	175.28666666666666	175.81333333333333	176.44	177.15333333333334	177.32666666666665	177.24666666666667	177.53333333333333	177.5	177.99333333333334	177.92	178.44	178.18666666666667	178.16	177.90666666666667	178.08666666666667	178.28	178.06666666666666	178.08666666666667	178.13333333333333	178.11333333333334	177.58	177.72666666666666	176.86	176.45333333333335	175.96	175.74	175.02666666666667	174.84666666666666	174.51333333333332	173.78	172.92666666666668	172.31333333333333	171.52	170.78666666666666	169.48	168.25333333333333	167.37333333333333	166.14666666666668	165.02	163.49333333333334	161.47333333333333	159.55333333333334	157.12666666666667	154.38666666666666	151.16666666666666	146.81333333333333	141.46	133.64	118.92666666666666	0.0
0.0	118.82666666666667	133.0	141.06666666666666	147.11333333333334	151.17333333333335	154.36666666666667	156.82666666666665	159.27333333333334	161.48666666666668	163.2	164.54	166.07333333333332	167.47333333333333	168.98	169.76666666666668	170.9	171.47333333333333	171.69333333333333	172.4	173.28	173.8	174.36	175.16666666666666	175.86666666666667	176.23333333333332	176.32	176.08	176.58	177.12666666666667	177.25333333333333	177.86666666666667	177.89333333333335	177.92	177.49333333333334	177.78666666666666	177.58	177.60666666666665	177.18666666666667	177.12	176.42	176.21333333333334	176.15333333333334	176.40666666666667	176.12	176.02666666666667	175.08666666666667	174.85333333333332	174.44666666666666	173.99333333333334	173.43333333333334	173.02666666666667	172.29333333333332	172.35333333333332	171.66666666666666	170.54666666666665	170.16	168.79333333333332	167.48	166.50666666666666	165.44666666666666	163.95333333333335	162.48	160.82666666666665	158.71333333333334	156.66666666666666	153.76	150.62666666666667	146.92666666666668	141.65333333333334	133.0	118.95333333333333	0.0
0.0	119.36666666666666	133.38666666666666	141.30666666666667	146.43333333333334	150.84666666666666	154.64	157.48	159.36	161.44	163.52	164.66666666666666	166.24666666666667	167.03333333333333	168.46	169.87333333333333	170.85333333333332	171.60666666666665	171.98666666666668	173.14	173.99333333333334	174.38666666666666	174.22666666666666	174.51333333333332	175.48	176.00666666666666	176.20666666666668	176.54	177.11333333333334	177.55333333333334	177.84666666666666	178.06	177.76666666666668	178.23333333333332	178.36666666666667	178.16666666666666	177.94	178.00666666666666	177.75333333333333	177.71333333333334	177.51333333333332	177.78666666666666	177.34666666666666	177.05333333333334	176.80666666666667	176.36	176.42666666666668	175.82	175.76666666666668	175.22	174.92666666666668	174.46	174.04	173.32666666666665	172.48666666666668	171.54	170.64666666666668	169.9	168.93333333333334	167.38	166.28666666666666	164.84	163.12	161.94	159.60666666666665	157.72666666666666	155.00666666666666	151.33333333333334	147.15333333333334	141.50666666666666	133.78666666666666	119.33333333333333	0.0
0.0	119.22666666666667	133.4	141.52666666666667	146.80666666666667	151.23333333333332	154.59333333333333	157.03333333333333	159.07333333333332	161.41333333333333	163.36	164.44666666666666	166.22666666666666	167.45333333333335	169.08666666666667	169.55333333333334	170.29333333333332	171.77333333333334	172.26666666666668	172.8	173.34666666666666	174.18	174.99333333333334	175.38666666666666	175.84666666666666	176.28666666666666	176.73333333333332	177.22666666666666	176.76	176.64666666666668	177.49333333333334	177.74666666666667	177.52666666666667	177.72	178.21333333333334	178.16	178.36666666666667	177.89333333333335	177.83333333333334	177.56666666666666	178.11333333333334	177.14666666666668	176.97333333333333	177.49333333333334	177.17333333333335	177.0	176.58666666666667	176.63333333333333	175.92	175.64	174.57333333333332	174.14666666666668	174.02	173.02666666666667	172.08	171.64666666666668	170.88	170.26666666666668	168.81333333333333	167.70666666666668	166.55333333333334	164.20666666666668	162.81333333333333	161.81333333333333	159.54666666666665	157.05333333333334	154.32666666666665	150.6	146.36666666666667	140.74666666666667	132.8	118.78	0.0
0.0	118.94	133.26	141.43333333333334	146.4	150.36	153.88	156.47333333333333	159.45333333333335	161.00666666666666	163.37333333333333	165.31333333333333	166.14	167.98	169.24666666666667	170.26666666666668	170.91333333333333	171.86	172.7	173.51333333333332	173.89333333333335	174.32666666666665	175.08666666666667	175.52	176.16	176.40666666666667	176.67333333333335	176.52	176.84666666666666	177.2	177.1	177.63333333333333	177.80666666666667	177.79333333333332	178.29333333333332	177.99333333333334	177.94666666666666	177.92666666666668	177.7	177.95333333333335	177.32666666666665	177.4	177.26	176.78666666666666	176.62666666666667	176.02666666666667	175.86	175.64666666666668	175.9	175.48	174.79333333333332	174.26666666666668	173.81333333333333	173.25333333333333	172.38	171.04666666666665	170.02	169.24666666666667	168.34	167.36	166.12	164.37333333333333	163.04666666666665	161.22	159.5	156.94	154.54	151.12	146.96	141.39333333333335	133.28	119.11333333333333	0.0
0.0	118.67333333333333	132.81333333333333	141.46	146.56666666666666	151.02666666666667	153.99333333333334	157.36	159.36666666666667	161.48	163.38	164.48	166.03333333333333	167.69333333333333	168.78666666666666	170.02666666666667	170.85333333333332	171.78666666666666	172.34	173.1	173.66	174.22	174.74	175.22	175.69333333333333	176.04666666666665	176.14666666666668	176.49333333333334	176.9	177.46666666666667	177.13333333333333	177.09333333333333	178.07333333333332	177.74666666666667	177.26666666666668	177.74666666666667	177.95333333333335	178.21333333333334	178.24	178.06666666666666	177.77333333333334	177.52	178.00666666666666	177.4	177.14666666666668	176.78	176.69333333333333	176.08666666666667	175.89333333333335	175.30666666666667	175.18666666666667	174.84	174.43333333333334	173.30666666666667	172.54	172.06666666666666	171.24666666666667	169.97333333333333	168.86666666666667	168.16	166.14	165.02666666666667	163.17333333333335	161.52666666666667	159.82	157.61333333333334	154.5	151.04666666666665	146.78	141.12666666666667	133.26666666666668	119.08666666666667	0.0
0.0	118.96	133.62	141.61333333333334	146.81333333333333	150.55333333333334	153.91333333333333	157.10666666666665	159.42666666666668	161.03333333333333	162.62	164.0	165.48	166.98666666666668	168.27333333333334	168.86666666666667	169.74	170.69333333333333	171.56666666666666	172.01333333333332	172.88666666666666	173.92666666666668	174.38	174.94666666666666	175.42	175.78	176.58	177.2	177.2	177.40666666666667	177.68666666666667	177.49333333333334	177.56666666666666	177.72666666666666	178.21333333333334	177.68666666666667	177.66	177.88	177.87333333333333	177.32	176.90666666666667	176.85333333333332	177.16666666666666	177.2	176.68666666666667	176.26666666666668	176.56	175.61333333333334	175.63333333333333	175.28666666666666	174.79333333333332	173.78666666666666	173.46	172.55333333333334	171.88666666666666	171.22666666666666	170.16	168.93333333333334	168.59333333333333	166.88	165.85333333333332	164.56	163.01333333333332	161.17333333333335	159.37333333333333	157.04666666666665	153.94	150.62	146.35333333333332	140.92666666666668	133.22	118.89333333333333	0.0
0.0	119.46666666666667	133.95333333333335	141.37333333333333	147.01333333333332	150.73333333333332	154.31333333333333	156.82666666666665	158.71333333333334	161.04666666666665	163.40666666666667	164.66666666666666	165.78666666666666	167.09333333333333	168.05333333333334	168.96	170.02666666666667	170.98666666666668	172.62666666666667	172.60666666666665	173.12666666666667	174.07333333333332	174.04	174.18666666666667	175.38	175.60666666666665	176.10666666666665	176.07333333333332	176.36	176.79333333333332	177.10666666666665	177.92	177.9	177.59333333333333	177.55333333333334	177.8	178.20666666666668	178.18	178.27333333333334	178.21333333333334	177.87333333333333	178.32666666666665	178.02666666666667	177.36	177.14	176.97333333333333	177.13333333333333	176.80666666666667	176.14666666666668	175.64	174.88666666666666	174.04666666666665	173.39333333333335	173.14	172.4	171.85333333333332	171.15333333333334	169.46	168.26666666666668	167.14	166.44666666666666	164.66666666666666	163.27333333333334	160.78666666666666	158.83333333333334	156.80666666666667	154.35333333333332	150.81333333333333	146.48	141.53333333333333	133.52666666666667	119.14666666666666	0.0
0.0	119.10666666666667	133.04	141.37333333333333	146.86	151.38666666666666	154.76	157.16	159.75333333333333	161.54	162.83333333333334	164.45333333333335	165.94	167.24	168.54	169.3	170.31333333333333	171.08	172.07333333333332	172.62666666666667	172.80666666666667	174.15333333333334	174.49333333333334	174.78666666666666	176.19333333333333	176.47333333333333	176.35333333333332	176.56	177.07333333333332	176.80666666666667	177.35333333333332	177.83333333333334	178.01333333333332	178.28	178.03333333333333	178.42666666666668	178.29333333333332	178.36	178.10666666666665	177.98	178.2	178.0	177.27333333333334	177.33333333333334	176.98666666666668	176.33333333333334	176.06666666666666	175.69333333333333	175.13333333333333	174.53333333333333	174.22666666666666	174.33333333333334	173.29333333333332	172.33333333333334	171.86	171.18	170.28666666666666	169.38	168.46	167.13333333333333	166.32	164.83333333333334	163.26666666666668	161.74666666666667	159.70666666666668	157.54666666666665	154.47333333333333	151.07333333333332	147.10666666666665	141.8	133.86	118.74	0.0
0.0	119.06	133.54666666666665	141.73333333333332	148.1	152.34	155.1	157.84666666666666	160.06666666666666	161.48666666666668	163.28	164.5	166.08666666666667	166.99333333333334	168.65333333333334	169.18666666666667	170.41333333333333	171.28666666666666	171.93333333333334	172.66666666666666	173.0	173.86666666666667	174.56	175.05333333333334	175.91333333333333	176.21333333333334	176.05333333333334	176.36	177.23333333333332	177.42	178.08666666666667	178.26	178.18666666666667	178.4	178.18666666666667	178.64	178.42	178.13333333333333	178.03333333333333	178.05333333333334	178.38666666666666	178.18	178.10666666666665	177.43333333333334	177.47333333333333	176.98666666666668	176.53333333333333	176.17333333333335	176.22666666666666	175.82666666666665	175.2	174.4	173.96666666666667	173.58666666666667	172.38666666666666	171.77333333333334	170.91333333333333	170.22	168.51333333333332	167.60666666666665	166.64	164.26666666666668	163.38666666666666	160.95333333333335	159.22	156.91333333333333	154.58666666666667	150.75333333333333	146.58	141.2	133.50666666666666	119.25333333333333	0.0
0.0	119.16666666666667	133.28	140.84	146.63333333333333	151.22	154.34666666666666	156.97333333333333	159.04	161.22666666666666	163.33333333333334	165.02666666666667	166.36666666666667	168.06	168.58666666666667	169.59333333333333	169.82	171.13333333333333	171.59333333333333	172.59333333333333	173.52666666666667	174.20666666666668	175.06666666666666	175.76	176.66	177.00666666666666	176.91333333333333	177.72666666666666	178.48	178.04666666666665	178.78666666666666	178.41333333333333	178.18666666666667	178.74666666666667	179.01333333333332	178.79333333333332	179.49333333333334	179.14	179.19333333333333	178.45333333333335	178.57333333333332	178.32	178.14666666666668	177.59333333333333	177.70666666666668	177.39333333333335	177.44	176.84666666666666	176.4	176.35333333333332	175.58666666666667	174.78666666666666	174.00666666666666	173.74	172.57333333333332	171.64	170.84666666666666	169.76	168.42666666666668	167.48	166.12	164.08	162.92666666666668	160.72666666666666	158.87333333333333	156.80666666666667	154.56	151.46666666666667	147.00666666666666	141.86	133.39333333333335	118.84	0.0
0.0	119.04	133.48666666666668	141.23333333333332	146.60666666666665	150.64666666666668	154.35333333333332	157.5	159.35333333333332	161.06	162.96666666666667	164.56666666666666	165.92	167.18666666666667	167.97333333333333	169.32666666666665	170.66	171.06	171.87333333333333	172.85333333333332	173.42	174.14	174.67333333333335	175.12	175.43333333333334	175.85333333333332	176.39333333333335	176.56	177.16	177.30666666666667	177.38666666666666	177.72666666666666	178.10666666666665	178.27333333333334	178.42666666666668	178.1	178.4	178.39333333333335	177.99333333333334	177.97333333333333	178.01333333333332	177.95333333333335	177.87333333333333	177.49333333333334	177.58666666666667	177.55333333333334	177.36	176.56666666666666	176.56666666666666	176.22	174.92	175.00666666666666	174.16666666666666	172.92	172.08666666666667	171.72666666666666	171.08	169.71333333333334	168.32	167.84	166.21333333333334	165.14666666666668	163.28	162.18666666666667	160.02	157.27333333333334	154.12666666666667	151.26666666666668	147.28	141.21333333333334	133.23333333333332	118.98	0.0
0.0	119.0	133.06	141.21333333333334	146.77333333333334	151.08	154.18	156.84666666666666	159.06666666666666	160.96	163.02666666666667	164.6	165.95333333333335	167.19333333333333	168.2	169.12666666666667	170.26666666666668	171.47333333333333	171.90666666666667	172.54	173.58	174.05333333333334	174.97333333333333	175.16	175.61333333333334	176.0	176.46	176.92666666666668	177.1	177.52666666666667	177.50666666666666	178.15333333333334	178.2	178.16	178.53333333333333	178.39333333333335	178.13333333333333	177.68666666666667	177.56666666666666	177.58	177.08666666666667	177.44	177.07333333333332	177.15333333333334	176.68666666666667	177.08	176.19333333333333	175.84666666666666	175.12	175.09333333333333	173.96	173.35333333333332	173.09333333333333	172.46	171.21333333333334	170.48	170.19333333333333	168.82666666666665	168.24	167.26	165.99333333333334	164.78666666666666	163.2	161.74666666666667	159.34666666666666	156.76	154.08666666666667	150.66	146.55333333333334	141.28	133.18666666666667	118.94666666666667	0.0
0.0	119.53333333333333	133.32	141.66	147.10666666666665	151.00666666666666	154.27333333333334	156.84666666666666	159.14	161.16	162.78	164.58666666666667	165.95333333333335	167.06666666666666	167.89333333333335	168.62	170.41333333333333	170.61333333333334	171.46666666666667	172.16	173.33333333333334	173.87333333333333	174.04666666666665	174.46666666666667	174.74	175.18	175.60666666666665	175.51333333333332	176.2	176.89333333333335	176.89333333333335	176.76	176.74	176.8	177.00666666666666	177.31333333333333	177.41333333333333	177.76	177.52	178.00666666666666	177.2	177.16	177.34	176.8	176.6	176.18666666666667	175.81333333333333	175.03333333333333	175.02666666666667	174.56	173.52	173.32666666666665	173.18666666666667	172.72	171.53333333333333	170.59333333333333	170.11333333333334	168.93333333333334	167.94	166.38666666666666	164.95333333333335	163.98666666666668	162.64	160.52666666666667	159.05333333333334	157.0	154.31333333333333	151.24	147.04666666666665	141.22666666666666	133.13333333333333	118.73333333333333	0.0
0.0	118.97333333333333	133.58666666666667	141.84	147.56666666666666	151.53333333333333	154.44	157.70666666666668	159.90666666666667	162.11333333333334	163.1	165.52666666666667	166.54	167.54	168.39333333333335	170.14	170.96	171.94	172.21333333333334	173.0	173.46	174.27333333333334	174.69333333333333	175.84	175.86	176.10666666666665	176.34	176.87333333333333	177.25333333333333	177.69333333333333	178.00666666666666	177.65333333333334	177.92666666666668	177.89333333333335	178.38	178.37333333333333	178.24666666666667	178.11333333333334	178.51333333333332	178.16666666666666	178.72666666666666	178.48666666666668	178.15333333333334	177.73333333333332	177.34	176.99333333333334	176.85333333333332	176.79333333333332	176.54666666666665	175.90666666666667	175.18	174.50666666666666	173.68	172.98666666666668	172.41333333333333	171.44666666666666	170.91333333333333	170.02	168.95333333333335	168.01333333333332	166.5	165.76666666666668	163.77333333333334	162.20666666666668	160.14666666666668	158.16	154.9	151.25333333333333	147.08	141.81333333333333	134.06	119.13333333333334	0.0
0.0	118.60666666666667	133.46	141.32	146.86666666666667	151.16666666666666	154.43333333333334	157.41333333333333	159.52	161.35333333333332	162.86666666666667	164.67333333333335	165.96666666666667	167.65333333333334	168.44666666666666	169.72666666666666	170.44666666666666	171.88666666666666	172.53333333333333	172.85333333333332	173.5	174.64666666666668	175.03333333333333	175.56666666666666	175.41333333333333	175.55333333333334	176.17333333333335	176.70666666666668	177.08666666666667	177.32666666666665	177.20666666666668	177.58	177.70666666666668	178.31333333333333	177.52	178.18	178.36666666666667	178.16	178.35333333333332	178.2	177.82666666666665	177.66666666666666	177.76	176.98666666666668	177.32666666666665	176.48	177.14	175.75333333333333	175.57333333333332	175.28	175.04	174.46	173.80666666666667	172.88666666666666	172.37333333333333	171.37333333333333	170.37333333333333	169.49333333333334	168.63333333333333	167.30666666666667	166.24	164.49333333333334	162.76666666666668	161.45333333333335	159.34666666666666	157.38666666666666	154.55333333333334	151.40666666666667	147.44	141.46666666666667	133.64	119.32666666666667	0.0
0.0	118.77333333333333	132.84666666666666	141.11333333333334	146.56	150.79333333333332	154.12	157.01333333333332	159.64666666666668	161.58	163.24666666666667	164.71333333333334	166.21333333333334	166.72666666666666	168.02666666666667	169.04	169.85333333333332	170.71333333333334	171.93333333333334	173.02	173.82666666666665	174.24	175.08666666666667	175.48	176.10666666666665	176.37333333333333	176.65333333333334	176.96	177.08	177.36666666666667	177.78	177.85333333333332	177.93333333333334	177.76	178.40666666666667	178.82666666666665	178.7	178.29333333333332	178.22	178.13333333333333	178.36	178.04	178.00666666666666	177.84	177.41333333333333	177.23333333333332	176.4	175.86666666666667	175.58	175.09333333333333	174.91333333333333	174.65333333333334	174.12	173.22666666666666	172.13333333333333	171.4	171.10666666666665	169.76	168.79333333333332	167.58666666666667	165.92666666666668	164.50666666666666	163.32666666666665	161.23333333333332	158.79333333333332	156.58666666666667	154.23333333333332	150.64	146.42	140.78666666666666	133.06	119.02666666666667	0.0
0.0	119.51333333333334	133.28666666666666	141.59333333333333	147.02666666666667	151.4	154.53333333333333	157.29333333333332	159.69333333333333	161.12666666666667	163.43333333333334	164.92	166.65333333333334	167.81333333333333	168.42666666666668	170.08666666666667	170.86666666666667	171.59333333333333	172.00666666666666	172.89333333333335	173.46	174.45333333333335	174.58	175.84666666666666	175.86666666666667	176.40666666666667	176.22	176.71333333333334	177.40666666666667	177.5	177.76666666666668	177.64666666666668	178.52666666666667	178.4	178.13333333333333	178.36	178.25333333333333	178.26666666666668	178.22666666666666	177.96	177.58	178.32	177.52666666666667	177.8	177.74	177.23333333333332	177.08666666666667	176.30666666666667	176.2	175.16	174.90666666666667	174.32	174.08666666666667	173.32	172.87333333333333	171.84	170.8	169.85333333333332	168.51333333333332	167.28666666666666	166.68	164.68	163.36	161.14	159.4	156.85333333333332	154.46	150.67333333333335	147.00666666666666	140.98666666666668	133.0	118.98666666666666	0.0
0.0	118.72	133.3	141.22666666666666	146.39333333333335	150.55333333333334	154.31333333333333	157.06666666666666	159.14	161.08	162.96	164.42666666666668	166.21333333333334	167.75333333333333	168.57333333333332	169.84666666666666	170.92666666666668	171.92	172.18	173.07333333333332	173.70666666666668	174.22666666666666	174.56666666666666	175.58	175.93333333333334	175.8	176.34666666666666	176.33333333333334	176.65333333333334	176.9	177.30666666666667	177.62	177.42666666666668	177.71333333333334	177.9	177.91333333333333	178.22	177.96666666666667	178.46	178.26666666666668	178.37333333333333	178.34666666666666	178.11333333333334	177.82	177.81333333333333	177.58	177.22	176.33333333333334	176.32	175.73333333333332	175.16666666666666	174.39333333333335	173.74	173.30666666666667	172.36666666666667	171.56	170.76	169.77333333333334	168.68	167.55333333333334	166.54666666666665	164.84	163.33333333333334	161.4	159.38	156.76	154.37333333333333	151.0	146.21333333333334	140.89333333333335	132.94666666666666	119.21333333333334	0.0
0.0	119.19333333333333	133.34666666666666	141.6	146.95333333333335	151.28666666666666	154.64	157.06666666666666	159.76666666666668	161.92	163.54666666666665	165.38666666666666	166.45333333333335	167.98	168.96666666666667	170.02666666666667	171.64	171.96666666666667	173.14	173.92666666666668	174.49333333333334	174.33333333333334	175.19333333333333	176.09333333333333	176.35333333333332	176.2	176.92666666666668	177.12	177.17333333333335	177.65333333333334	177.65333333333334	178.31333333333333	178.46666666666667	178.98	179.10666666666665	178.70666666666668	178.91333333333333	178.90666666666667	178.96	178.64	178.59333333333333	178.87333333333333	178.86666666666667	178.42	177.59333333333333	177.29333333333332	177.47333333333333	177.24	176.36	176.22666666666666	175.2	174.96	174.52666666666667	173.77333333333334	172.58	172.0	170.96666666666667	170.02	169.58666666666667	168.2	167.34666666666666	165.66666666666666	163.54666666666665	162.04666666666665	159.96666666666667	157.1	154.35333333333332	151.36666666666667	146.98666666666668	141.96666666666667	133.71333333333334	119.44666666666667	0.0
0.0	118.48	133.15333333333334	140.91333333333333	146.04666666666665	150.41333333333333	154.55333333333334	157.00666666666666	158.96666666666667	161.44	162.80666666666667	164.65333333333334	165.82	167.37333333333333	168.02	169.62666666666667	170.18	171.22666666666666	172.4	172.98	173.45333333333335	173.92666666666668	174.75333333333333	175.08	175.08666666666667	175.02	175.38666666666666	176.25333333333333	176.51333333333332	176.6	176.95333333333335	177.1	177.60666666666665	177.75333333333333	177.76666666666668	177.58666666666667	178.22	178.27333333333334	178.48666666666668	178.25333333333333	178.02	177.56666666666666	177.40666666666667	177.12666666666667	177.26	176.38666666666666	176.88666666666666	176.41333333333333	175.76666666666668	175.5	174.68	174.33333333333334	173.74666666666667	172.72666666666666	171.89333333333335	171.35333333333332	170.52666666666667	169.29333333333332	168.40666666666667	167.02	165.84	164.44	162.67333333333335	161.01333333333332	159.24	156.98	154.46	151.14	146.62666666666667	141.39333333333335	133.65333333333334	119.28	0.0
0.0	119.02666666666667	133.1	140.92	146.38666666666666	150.40666666666667	153.66	156.63333333333333	159.43333333333334	161.70666666666668	162.83333333333334	164.76	165.88666666666666	167.10666666666665	168.42666666666668	169.74	170.96666666666667	171.59333333333333	172.78	173.68666666666667	174.40666666666667	174.77333333333334	175.31333333333333	176.20666666666668	176.78666666666666	176.91333333333333	177.10666666666665	177.26	177.78666666666666	177.68	178.02	178.2	178.28	178.85333333333332	179.18	179.09333333333333	178.68	178.39333333333335	178.28666666666666	178.50666666666666	178.31333333333333	178.28666666666666	177.72	177.74	177.8	177.07333333333332	176.79333333333332	176.86666666666667	176.09333333333333	175.42666666666668	174.62666666666667	174.25333333333333	173.7	173.28	172.78	172.00666666666666	171.19333333333333	170.07333333333332	168.7	167.92	166.81333333333333	165.49333333333334	163.93333333333334	161.91333333333333	159.84	156.9	154.79333333333332	151.24666666666667	146.72666666666666	141.36666666666667	133.35333333333332	119.00666666666666	0.0
0.0	119.05333333333333	133.32	141.48	146.92	151.00666666666666	154.51333333333332	157.41333333333333	160.36	161.99333333333334	163.31333333333333	165.32	166.36	167.68666666666667	168.84	169.42	170.34666666666666	171.29333333333332	172.12666666666667	172.63333333333333	173.42	173.67333333333335	174.43333333333334	174.92	175.43333333333334	175.76666666666668	176.34	176.85333333333332	176.4	177.10666666666665	177.2	177.10666666666665	177.14666666666668	177.77333333333334	177.78666666666666	178.72	178.61333333333334	178.82	178.77333333333334	178.75333333333333	178.31333333333333	178.32	177.93333333333334	178.04666666666665	177.72666666666666	176.83333333333334	176.60666666666665	176.73333333333332	176.49333333333334	176.59333333333333	175.8	175.14666666666668	174.62666666666667	173.45333333333335	173.06666666666666	171.8	171.22666666666666	170.45333333333335	169.52	168.18666666666667	166.74	164.75333333333333	163.66	161.42	159.46	157.42666666666668	154.80666666666667	151.42666666666668	147.31333333333333	141.56	133.79333333333332	119.16666666666667	0.0
0.0	119.08666666666667	133.08666666666667	141.14666666666668	146.82666666666665	150.96666666666667	154.74666666666667	157.54	160.04	161.81333333333333	163.82	165.40666666666667	166.63333333333333	167.79333333333332	168.88	169.58666666666667	170.46666666666667	171.05333333333334	172.34	172.92666666666668	174.06	174.82666666666665	174.94666666666666	176.00666666666666	176.2	176.4	176.64	177.21333333333334	177.22666666666666	177.74	178.18666666666667	178.88666666666666	178.73333333333332	178.75333333333333	179.2	178.46666666666667	178.94666666666666	179.48666666666668	179.32666666666665	179.65333333333334	178.79333333333332	178.68	178.51333333333332	178.54666666666665	178.32	177.68666666666667	176.92	176.31333333333333	176.48	176.10666666666665	175.44	174.79333333333332	174.39333333333335	173.5	172.33333333333334	171.56	171.22666666666666	170.27333333333334	169.32666666666665	168.19333333333333	167.16666666666666	165.65333333333334	163.84	161.68	159.91333333333333	157.24	154.57333333333332	151.12	147.07333333333332	141.4	133.44	118.59333333333333	0.0
0.0	118.19333333333333	132.88	140.46666666666667	146.56	150.60666666666665	153.72666666666666	156.39333333333335	158.70666666666668	161.14666666666668	162.79333333333332	164.04666666666665	166.05333333333334	167.06666666666666	167.95333333333335	169.48666666666668	170.10666666666665	170.85333333333332	171.66	172.2	172.99333333333334	174.26666666666668	174.62666666666667	174.98	175.77333333333334	176.09333333333333	176.02	176.74	177.04666666666665	177.18666666666667	177.32	177.53333333333333	177.74666666666667	177.30666666666667	177.35333333333332	177.41333333333333	177.68666666666667	177.26666666666668	177.4	177.46666666666667	177.37333333333333	177.30666666666667	176.71333333333334	176.70666666666668	176.28666666666666	176.36666666666667	176.27333333333334	175.54666666666665	175.72	175.13333333333333	174.41333333333333	173.92	173.69333333333333	173.28666666666666	172.28	171.61333333333334	170.47333333333333	169.26	167.98666666666668	166.84666666666666	165.60666666666665	164.36	163.18	161.14	159.04666666666665	156.42	153.41333333333333	150.48666666666668	146.9	141.36	133.21333333333334	118.68	0.0
0.0	119.18666666666667	133.57333333333332	141.32666666666665	146.97333333333333	151.0	154.64666666666668	157.10666666666665	159.26666666666668	161.28	163.58	165.32666666666665	166.74666666666667	167.60666666666665	169.03333333333333	170.17333333333335	170.88666666666666	171.62666666666667	172.40666666666667	173.04	173.62666666666667	174.27333333333334	174.55333333333334	175.12	175.94666666666666	176.31333333333333	176.7	176.69333333333333	177.16	177.77333333333334	177.9	177.94666666666666	178.35333333333332	178.31333333333333	178.43333333333334	178.94	178.82666666666665	179.02	179.0	178.39333333333335	178.78666666666666	178.92666666666668	178.26	177.26666666666668	177.77333333333334	177.28666666666666	176.94666666666666	176.50666666666666	175.92	175.74666666666667	175.11333333333334	174.78	174.70666666666668	173.92	172.66666666666666	171.93333333333334	171.30666666666667	170.61333333333334	169.18	167.68	166.46666666666667	164.71333333333334	163.30666666666667	161.72666666666666	159.54666666666665	157.56	154.70666666666668	151.78	147.52666666666667	142.13333333333333	133.80666666666667	119.0	0.0
0.0	119.00666666666666	133.86666666666667	141.61333333333334	147.57333333333332	150.83333333333334	154.3	156.66666666666666	159.47333333333333	160.98666666666668	162.74	164.54	166.05333333333334	167.16	168.56666666666666	169.5	170.40666666666667	171.26666666666668	172.16	172.62	173.44	173.92666666666668	174.72	175.02666666666667	175.62	176.67333333333335	177.38	177.19333333333333	177.57333333333332	177.64	178.14	178.50666666666666	178.33333333333334	178.15333333333334	178.56666666666666	178.18666666666667	178.55333333333334	178.58666666666667	178.43333333333334	178.08	177.98	178.33333333333334	178.00666666666666	177.59333333333333	177.54	177.25333333333333	176.25333333333333	176.02666666666667	175.20666666666668	175.04666666666665	174.96	174.16	173.22	172.48666666666668	172.24	171.42	170.64666666666668	170.02	169.17333333333335	167.6	166.11333333333334	165.01333333333332	163.46666666666667	161.62666666666667	159.91333333333333	157.22	154.29333333333332	150.52	146.88	141.7	133.27333333333334	119.07333333333334	0.0
0.0	118.94	133.69333333333333	141.14	146.69333333333333	151.04666666666665	154.07333333333332	156.35333333333332	158.76666666666668	160.96	162.69333333333333	164.65333333333334	165.99333333333334	166.54	167.8	168.39333333333335	169.69333333333333	170.55333333333334	171.72666666666666	172.68666666666667	173.28	173.7	174.55333333333334	174.76	175.3	175.94	175.4	175.9	176.56666666666666	176.76666666666668	176.74666666666667	177.32	177.36666666666667	177.74666666666667	177.91333333333333	178.32	177.91333333333333	178.05333333333334	177.82	177.64	176.97333333333333	177.32	176.86666666666667	176.47333333333333	175.97333333333333	176.03333333333333	175.66666666666666	175.54666666666665	175.65333333333334	175.38666666666666	174.80666666666667	174.21333333333334	173.55333333333334	172.66	172.34666666666666	170.9	170.06	168.92666666666668	168.26	167.38666666666666	166.44	164.95333333333335	163.39333333333335	161.43333333333334	159.67333333333335	156.76666666666668	154.58	150.84666666666666	147.32	141.64666666666668	133.47333333333333	118.84	0.0
0.0	118.68	133.57333333333332	141.56	147.42	151.22	154.45333333333335	156.96666666666667	159.50666666666666	161.7	163.06	165.12666666666667	166.2	167.55333333333334	168.12	169.59333333333333	170.23333333333332	171.34666666666666	172.36	173.02666666666667	173.72	174.64	175.10666666666665	175.78666666666666	176.03333333333333	177.08666666666667	176.92666666666668	177.24	177.75333333333333	177.54	178.26	178.54666666666665	177.82	177.99333333333334	178.20666666666668	178.32666666666665	178.1	178.32666666666665	177.83333333333334	177.86666666666667	177.38	177.16666666666666	177.70666666666668	177.72	177.36	176.62666666666667	176.96	176.23333333333332	175.71333333333334	175.12666666666667	175.17333333333335	174.31333333333333	173.64666666666668	173.26	172.71333333333334	172.07333333333332	171.29333333333332	170.14	169.46666666666667	167.83333333333334	167.06	165.29333333333332	163.4	161.74	159.53333333333333	157.78666666666666	154.44	151.38	146.91333333333333	141.44666666666666	133.34666666666666	119.02	0.0
0.0	119.14	133.48	141.21333333333334	146.78	151.04	154.42	157.18	159.64	160.98666666666668	163.08666666666667	164.44666666666666	165.72666666666666	167.24666666666667	168.69333333333333	169.62	170.10666666666665	171.40666666666667	172.03333333333333	172.32666666666665	173.27333333333334	174.02666666666667	174.36666666666667	174.8	174.94666666666666	175.67333333333335	175.98	176.10666666666665	176.3	176.42666666666668	177.20666666666668	177.39333333333335	177.56666666666666	177.32	177.5	177.53333333333333	177.27333333333334	177.60666666666665	177.75333333333333	177.34666666666666	177.67333333333335	177.38666666666666	177.18	177.37333333333333	176.7	176.29333333333332	175.82666666666665	175.71333333333334	175.22	174.95333333333335	174.09333333333333	173.76666666666668	173.17333333333335	172.50666666666666	171.79333333333332	171.38666666666666	170.25333333333333	169.4	168.63333333333333	167.64666666666668	166.06	164.74666666666667	162.96666666666667	161.38	159.12666666666667	156.77333333333334	154.06	151.09333333333333	147.12	141.52	133.92666666666668	119.05333333333333	0.0
0.0	119.22666666666667	133.66	141.61333333333334	147.01333333333332	150.86666666666667	154.76666666666668	157.36	159.70666666666668	161.66	163.37333333333333	164.61333333333334	165.78666666666666	167.58666666666667	168.68	170.28	170.9	171.53333333333333	172.07333333333332	172.92666666666668	173.16	174.7	175.06	175.12	175.82666666666665	176.23333333333332	176.76	176.96666666666667	176.88	177.45333333333335	177.45333333333335	177.81333333333333	177.86666666666667	177.72	178.01333333333332	177.82666666666665	177.64666666666668	177.67333333333335	178.14666666666668	178.02	177.91333333333333	177.9	177.94666666666666	177.93333333333334	177.30666666666667	177.26	177.06	176.58666666666667	175.9	175.56666666666666	174.51333333333332	174.43333333333334	173.72	173.22	172.42	172.22	170.84	169.77333333333334	169.14666666666668	168.2	166.71333333333334	164.88	163.56666666666666	161.27333333333334	159.44	157.61333333333334	154.39333333333335	151.59333333333333	147.22	141.40666666666667	132.94666666666666	118.79333333333334	0.0
0.0	119.50666666666666	133.78666666666666	141.54666666666665	146.94	150.94	154.16666666666666	157.22666666666666	159.65333333333334	161.71333333333334	163.60666666666665	165.53333333333333	166.68	167.83333333333334	168.87333333333333	169.68	171.04	172.22	173.28666666666666	174.02	174.79333333333332	175.36666666666667	175.65333333333334	175.99333333333334	176.71333333333334	176.75333333333333	177.46666666666667	178.21333333333334	178.08	178.34	178.32666666666665	178.83333333333334	178.45333333333335	178.41333333333333	179.09333333333333	178.95333333333335	178.9	179.54666666666665	179.2	178.56	178.32666666666665	178.30666666666667	178.02666666666667	177.82	177.22	176.85333333333332	176.48666666666668	176.52666666666667	176.29333333333332	175.4	175.22	174.50666666666666	173.52666666666667	173.12666666666667	172.21333333333334	171.15333333333334	170.55333333333334	169.62666666666667	168.57333333333332	167.43333333333334	166.01333333333332	164.45333333333335	162.86	161.41333333333333	158.96666666666667	156.82666666666665	154.54	151.12	146.78666666666666	141.15333333333334	133.1	119.02666666666667	0.0
0.0	119.4	132.97333333333333	140.88	146.48666666666668	150.63333333333333	153.68666666666667	156.71333333333334	159.02666666666667	161.1	162.50666666666666	164.75333333333333	165.87333333333333	167.2	168.47333333333333	169.5	169.77333333333334	171.02666666666667	171.98666666666668	172.8	173.28666666666666	173.92	174.22	175.18	175.68	175.73333333333332	176.05333333333334	176.94666666666666	177.12666666666667	177.21333333333334	177.52	177.73333333333332	177.89333333333335	178.16	178.19333333333333	178.4	178.29333333333332	178.46	179.17333333333335	178.60666666666665	178.86	178.66	178.62666666666667	178.0	177.47333333333333	177.35333333333332	176.67333333333335	176.48666666666668	176.18666666666667	176.12	175.87333333333333	174.65333333333334	174.26666666666668	173.22	172.62666666666667	171.42666666666668	170.19333333333333	169.53333333333333	168.32	167.56	166.02	165.20666666666668	163.6	161.5	159.48666666666668	157.29333333333332	154.29333333333332	150.67333333333335	146.98	141.48666666666668	133.60666666666665	119.63333333333334	0.0
0.0	118.94	132.52666666666667	141.32666666666665	146.70666666666668	150.32666666666665	153.89333333333335	156.34666666666666	158.42	160.88666666666666	162.74	164.72666666666666	166.26666666666668	166.87333333333333	167.94666666666666	168.36	169.82	171.01333333333332	171.50666666666666	172.26666666666668	172.52666666666667	173.08666666666667	173.65333333333334	174.2	174.74	175.58666666666667	175.23333333333332	176.19333333333333	176.56666666666666	177.23333333333332	177.18	177.28	177.92666666666668	177.53333333333333	177.76666666666668	177.88	177.95333333333335	177.92	177.66	178.08666666666667	177.44666666666666	177.04666666666665	177.25333333333333	177.29333333333332	177.26666666666668	176.76	175.84666666666666	175.51333333333332	175.38	174.75333333333333	174.21333333333334	173.44	172.84666666666666	171.93333333333334	171.24666666666667	170.16666666666666	169.54	169.22666666666666	168.05333333333334	166.66666666666666	165.90666666666667	164.38666666666666	163.02	161.73333333333332	159.29333333333332	157.40666666666667	153.96666666666667	150.88	147.20666666666668	141.60666666666665	133.54	119.11333333333333	0.0
0.0	119.13333333333334	133.04	141.46666666666667	146.41333333333333	150.75333333333333	153.88666666666666	157.18666666666667	159.18666666666667	161.03333333333333	162.65333333333334	164.25333333333333	165.88	166.98	168.52666666666667	169.53333333333333	170.49333333333334	171.82	171.96	172.89333333333335	173.16	174.13333333333333	174.66	175.07333333333332	175.52	175.54	175.89333333333335	176.28	176.52	176.88666666666666	177.09333333333333	177.24	177.51333333333332	177.48	177.46	177.52	177.5	177.74	177.46666666666667	177.59333333333333	177.03333333333333	176.7	176.69333333333333	176.62	176.04	175.90666666666667	174.95333333333335	175.00666666666666	174.85333333333332	174.50666666666666	173.75333333333333	173.63333333333333	172.82666666666665	172.56	172.18666666666667	171.45333333333335	170.36	169.14	168.72666666666666	167.33333333333334	165.59333333333333	164.49333333333334	162.84	161.52666666666667	159.0	156.55333333333334	153.78666666666666	150.71333333333334	146.59333333333333	141.55333333333334	133.4	118.91333333333333	0.0
0.0	119.35333333333334	133.61333333333334	141.64666666666668	147.12	150.79333333333332	154.16	157.44	159.5	161.1	162.56666666666666	164.15333333333334	165.92666666666668	167.19333333333333	167.93333333333334	169.27333333333334	170.30666666666667	171.28	171.82	172.54666666666665	173.21333333333334	173.68	175.18	175.98	176.14666666666668	176.03333333333333	176.75333333333333	176.88	177.63333333333333	177.50666666666666	177.55333333333334	177.94666666666666	178.1	178.3	178.04	178.3	178.46	178.31333333333333	177.88	178.06	177.58666666666667	178.00666666666666	177.36	177.33333333333334	177.03333333333333	177.08666666666667	176.39333333333335	175.98666666666668	175.38	174.66666666666666	174.00666666666666	174.36	173.53333333333333	172.79333333333332	172.09333333333333	171.45333333333335	170.57333333333332	169.51333333333332	169.24	167.94666666666666	166.13333333333333	165.3	163.1	161.71333333333334	159.59333333333333	156.96666666666667	154.71333333333334	150.88	146.95333333333335	141.42	132.98	118.9	0.0
0.0	118.44	132.84666666666666	141.03333333333333	146.66666666666666	150.59333333333333	154.10666666666665	156.84	159.08	161.42	163.04	164.11333333333334	165.93333333333334	167.47333333333333	168.50666666666666	169.37333333333333	170.03333333333333	171.18666666666667	172.18666666666667	172.70666666666668	173.42	174.11333333333334	175.03333333333333	175.62	175.93333333333334	176.4	176.70666666666668	177.54	178.14666666666668	178.74	179.09333333333333	178.69333333333333	178.76	178.96666666666667	178.44666666666666	178.86666666666667	178.62666666666667	178.49333333333334	178.22666666666666	178.17333333333335	177.86666666666667	178.3	178.06	177.92	177.68	177.94666666666666	177.48	177.11333333333334	175.93333333333334	175.99333333333334	175.38666666666666	175.05333333333334	174.60666666666665	173.56	172.77333333333334	171.56666666666666	170.59333333333333	169.38666666666666	169.02	167.51333333333332	166.90666666666667	165.42	163.38	161.35333333333332	160.27333333333334	157.52	154.90666666666667	151.41333333333333	146.86666666666667	141.38	133.7	119.08	0.0
0.0	118.95333333333333	133.52666666666667	141.04	146.85333333333332	150.75333333333333	154.02	157.13333333333333	159.19333333333333	161.12	163.29333333333332	165.3	166.54666666666665	167.56	168.3	169.20666666666668	170.44666666666666	171.20666666666668	172.44	172.53333333333333	173.36666666666667	174.0	174.68666666666667	175.46	175.5	175.85333333333332	176.24	176.05333333333334	176.46666666666667	176.58666666666667	177.18	176.76	177.66666666666666	177.56	177.06666666666666	176.89333333333335	177.55333333333334	177.88666666666666	177.72666666666666	177.69333333333333	177.90666666666667	177.97333333333333	177.62	177.73333333333332	177.45333333333335	177.15333333333334	177.05333333333334	176.24	175.16	174.93333333333334	174.34	174.1	173.46	173.08	172.18666666666667	171.34	170.07333333333332	169.39333333333335	168.01333333333332	167.13333333333333	166.08666666666667	164.64666666666668	163.38	161.68	159.6	157.25333333333333	154.3	150.94666666666666	146.84666666666666	141.39333333333335	133.22	118.73333333333333	0.0
0.0	119.03333333333333	133.20666666666668	141.34666666666666	146.58	150.64	153.69333333333333	156.44	159.03333333333333	161.55333333333334	162.94	164.68666666666667	165.97333333333333	167.58	168.86666666666667	169.52666666666667	170.80666666666667	171.65333333333334	172.56	172.84	174.24	174.79333333333332	175.06	174.90666666666667	175.74666666666667	175.58666666666667	176.34666666666666	177.10666666666665	177.34	177.36	177.47333333333333	177.44666666666666	177.16	177.63333333333333	177.62666666666667	177.87333333333333	178.05333333333334	177.87333333333333	178.18666666666667	178.16666666666666	177.34	176.76666666666668	177.22	176.15333333333334	176.44	176.02666666666667	176.06666666666666	175.47333333333333	175.72666666666666	174.68666666666667	174.34	173.38666666666666	172.75333333333333	172.14	171.3	170.21333333333334	169.69333333333333	168.42666666666668	167.77333333333334	166.84666666666666	165.8	164.54	162.96	161.24666666666667	159.39333333333335	157.13333333333333	154.18666666666667	150.48666666666668	146.56	140.74666666666667	132.72666666666666	118.82666666666667	0.0
0.0	118.96	133.08	141.14	146.68666666666667	150.72666666666666	153.96666666666667	156.42	158.95333333333335	161.38	163.10666666666665	164.27333333333334	165.46666666666667	166.80666666666667	168.55333333333334	169.75333333333333	170.13333333333333	171.38666666666666	171.85333333333332	172.82666666666665	173.18666666666667	173.75333333333333	174.28	174.43333333333334	175.04666666666665	175.40666666666667	175.73333333333332	175.90666666666667	176.53333333333333	176.86666666666667	176.92666666666668	177.19333333333333	177.42666666666668	177.77333333333334	177.93333333333334	178.27333333333334	178.14	178.04	178.03333333333333	177.64	177.7	177.52	177.94666666666666	177.80666666666667	177.24	176.82666666666665	176.47333333333333	176.36666666666667	175.98	175.26666666666668	174.88	174.48666666666668	173.82666666666665	172.81333333333333	172.14	171.0	170.32	168.92	168.48	167.33333333333334	166.41333333333333	164.89333333333335	162.86	161.02	159.16	157.23333333333332	154.12666666666667	150.66666666666666	146.54666666666665	141.42666666666668	133.12666666666667	119.07333333333334	0.0
0.0	118.74666666666667	133.22666666666666	141.50666666666666	147.15333333333334	151.62	154.98	157.69333333333333	160.28	162.02666666666667	163.46	165.48	166.90666666666667	168.38	169.25333333333333	170.72666666666666	171.75333333333333	172.34	173.38	173.91333333333333	174.92666666666668	175.52666666666667	176.32	176.44666666666666	177.16666666666666	177.80666666666667	177.76	178.07333333333332	178.48666666666668	178.65333333333334	179.25333333333333	179.46	179.72666666666666	179.56	179.48	179.57333333333332	179.43333333333334	179.37333333333333	179.24666666666667	178.84	179.0	178.78666666666666	178.34666666666666	178.2	177.6	177.46666666666667	176.92	176.58666666666667	175.68	175.45333333333335	174.54666666666665	174.11333333333334	173.80666666666667	173.04	172.82	171.76666666666668	170.76666666666668	169.79333333333332	168.70666666666668	167.54666666666665	166.08666666666667	164.33333333333334	162.74666666666667	161.55333333333334	159.48	157.04	154.54	151.16	147.31333333333333	141.47333333333333	133.48666666666668	119.14	0.0
0.0	118.77333333333333	133.24	141.1	146.60666666666665	151.22666666666666	153.61333333333334	156.71333333333334	158.75333333333333	160.92666666666668	162.81333333333333	164.41333333333333	166.19333333333333	167.49333333333334	168.36	169.08666666666667	170.4	171.02	172.28666666666666	172.76	173.38666666666666	173.92	174.09333333333333	174.76	175.10666666666665	175.86	176.14666666666668	176.62666666666667	177.46	177.56666666666666	177.75333333333333	178.21333333333334	178.49333333333334	178.16666666666666	178.48	178.40666666666667	178.38	178.16	177.9	178.09333333333333	177.8	177.57333333333332	177.64	177.41333333333333	176.68	176.24666666666667	176.22666666666666	175.43333333333334	175.12666666666667	174.91333333333333	174.82666666666665	174.42	173.61333333333334	173.41333333333333	172.41333333333333	171.46	170.73333333333332	169.64	168.67333333333335	167.77333333333334	166.14	165.16	163.23333333333332	161.06	159.3	157.07333333333332	154.81333333333333	151.29333333333332	147.26666666666668	141.54	133.24666666666667	119.16666666666667	0.0
0.0	118.86	133.18	140.99333333333334	146.49333333333334	150.23333333333332	153.06666666666666	156.75333333333333	158.96	161.52666666666667	162.92666666666668	165.29333333333332	166.33333333333334	167.8	168.67333333333335	169.32	170.43333333333334	171.23333333333332	171.71333333333334	172.06	173.22666666666666	174.45333333333335	174.11333333333334	175.04	175.61333333333334	175.93333333333334	176.18666666666667	177.1	177.25333333333333	177.58	177.82666666666665	177.82	177.75333333333333	177.78	177.59333333333333	177.58	177.58666666666667	177.80666666666667	177.82	178.29333333333332	177.79333333333332	177.71333333333334	178.06666666666666	177.38666666666666	177.19333333333333	177.16	176.84	176.0	175.92666666666668	175.16	174.38	174.6	173.65333333333334	173.04	172.34	171.68666666666667	170.2	169.72	168.38	166.88	165.48	163.84	162.41333333333333	160.84	159.24666666666667	156.91333333333333	154.02	150.61333333333334	146.78	141.04666666666665	132.96666666666667	119.16	0.0
0.0	119.1	133.24666666666667	141.34666666666666	146.29333333333332	150.36666666666667	154.03333333333333	156.98666666666668	158.88	161.41333333333333	162.83333333333334	164.77333333333334	165.46666666666667	166.92	168.0	168.81333333333333	170.24666666666667	171.3	171.72666666666666	172.91333333333333	173.47333333333333	174.21333333333334	174.9	175.12	175.57333333333332	175.68	176.11333333333334	176.24666666666667	176.55333333333334	176.62	176.9	176.97333333333333	177.09333333333333	177.08	177.22666666666666	177.52	177.42666666666668	177.58	177.30666666666667	177.56	177.70666666666668	177.32	177.22	177.11333333333334	176.24	176.18	176.08666666666667	175.92	175.16666666666666	174.23333333333332	174.18666666666667	173.44	173.24666666666667	172.45333333333335	172.02	171.18	170.62	169.36666666666667	168.20666666666668	166.92666666666668	165.88666666666666	164.89333333333335	162.94666666666666	161.05333333333334	158.92	156.77333333333334	154.05333333333334	151.10666666666665	146.98	141.43333333333334	133.39333333333335	118.9	0.0
0.0	118.65333333333334	133.36	141.35333333333332	146.74666666666667	150.34666666666666	154.08666666666667	156.6	159.27333333333334	161.44666666666666	163.32	165.08666666666667	166.34	167.36	168.84	169.81333333333333	170.68666666666667	171.34	172.53333333333333	173.52	173.70666666666668	174.57333333333332	174.91333333333333	175.18	175.44666666666666	176.44	176.79333333333332	176.83333333333334	178.0	178.0	178.06666666666666	178.12666666666667	178.66	178.44666666666666	178.64	178.79333333333332	178.83333333333334	178.67333333333335	178.48666666666668	178.17333333333335	178.31333333333333	177.88666666666666	177.98	177.23333333333332	177.12666666666667	176.3	176.41333333333333	175.60666666666665	175.28	175.46666666666667	174.64	174.04	173.32	172.86	172.32	171.86	170.73333333333332	169.54666666666665	168.64	167.94	166.55333333333334	164.84666666666666	162.96	161.30666666666667	159.15333333333334	156.88	154.21333333333334	150.83333333333334	146.77333333333334	141.68666666666667	133.46666666666667	118.71333333333334	0.0
0.0	118.6	133.10666666666665	140.91333333333333	146.04666666666665	150.32	153.94	156.36666666666667	158.9	161.06666666666666	162.52	164.20666666666668	165.53333333333333	166.53333333333333	167.76	169.00666666666666	170.56	170.73333333333332	171.89333333333335	171.86666666666667	172.56	173.26	173.70666666666668	174.58	175.40666666666667	175.78666666666666	175.93333333333334	176.41333333333333	176.42666666666668	176.79333333333332	177.09333333333333	177.38	177.45333333333335	177.89333333333335	177.7	177.90666666666667	177.64	177.14666666666668	177.34	177.52	177.11333333333334	177.3	177.2	176.5	176.68	175.97333333333333	175.95333333333335	175.07333333333332	174.46	174.41333333333333	174.32	173.42	172.48	171.62666666666667	171.04666666666665	170.45333333333335	169.62	168.48	167.39333333333335	166.46666666666667	165.58	163.94666666666666	162.92	161.11333333333334	159.14	156.59333333333333	154.42666666666668	151.02666666666667	146.65333333333334	141.11333333333334	133.88	119.25333333333333	0.0
0.0	118.32	132.20666666666668	140.68666666666667	146.52666666666667	150.12666666666667	153.52	156.46	158.76	160.98666666666668	162.42	163.83333333333334	165.12	166.28666666666666	167.66666666666666	169.28	170.06	171.24	172.23333333333332	172.72666666666666	173.69333333333333	174.01333333333332	174.14666666666668	174.7	175.36666666666667	176.05333333333334	176.58666666666667	176.44666666666666	176.88	177.46	177.82666666666665	177.7	177.4	177.45333333333335	177.7	177.58666666666667	177.42666666666668	177.75333333333333	177.49333333333334	177.08666666666667	176.98666666666668	176.84666666666666	177.13333333333333	176.54	176.38	176.05333333333334	176.09333333333333	175.56	175.2	174.14666666666668	173.85333333333332	173.42	172.68666666666667	172.0	171.08666666666667	170.36666666666667	169.61333333333334	168.59333333333333	167.82666666666665	166.96	165.43333333333334	164.07333333333332	162.45333333333335	160.56666666666666	159.06	157.01333333333332	153.71333333333334	150.32666666666665	146.46	140.47333333333333	133.08666666666667	119.01333333333334	0.0
0.0	118.46	133.28	141.44	146.71333333333334	150.43333333333334	153.92	156.84	159.56666666666666	161.74666666666667	163.63333333333333	164.73333333333332	166.42666666666668	167.32	168.43333333333334	169.06666666666666	170.25333333333333	171.32666666666665	171.64	172.32	172.93333333333334	173.43333333333334	174.22666666666666	174.86666666666667	175.4	175.58666666666667	176.36	176.36666666666667	176.76	177.24	177.44	177.56	177.43333333333334	177.65333333333334	177.96666666666667	178.06666666666666	178.2	178.25333333333333	178.27333333333334	177.79333333333332	178.04666666666665	178.52	178.54666666666665	177.93333333333334	176.98666666666668	177.0	176.82	176.7	175.57333333333332	175.18666666666667	175.24666666666667	174.28	173.65333333333334	172.73333333333332	171.83333333333334	171.76	170.68	169.27333333333334	168.06	166.98	165.82666666666665	164.02	162.77333333333334	161.18666666666667	158.82	156.46	154.24666666666667	150.78	146.6	141.22	133.50666666666666	118.88	0.0
0.0	118.86	133.16	141.0	146.2	150.56	153.71333333333334	156.63333333333333	159.21333333333334	160.96	162.29333333333332	163.75333333333333	165.54	167.28666666666666	168.38	169.25333333333333	170.39333333333335	170.54666666666665	171.52666666666667	172.21333333333334	172.72	173.46	173.96666666666667	174.87333333333333	175.35333333333332	175.42666666666668	176.47333333333333	176.28	176.1	176.63333333333333	176.74666666666667	176.65333333333334	176.69333333333333	177.12666666666667	177.09333333333333	177.50666666666666	177.48666666666668	177.6	177.14	177.03333333333333	176.87333333333333	176.83333333333334	177.06	176.47333333333333	176.47333333333333	176.4	175.61333333333334	175.14666666666668	174.71333333333334	174.06666666666666	174.06	173.93333333333334	173.23333333333332	172.11333333333334	171.74	170.90666666666667	170.25333333333333	169.01333333333332	168.33333333333334	167.78666666666666	165.86	164.72666666666666	162.72	161.56	158.98666666666668	156.95333333333335	154.4	151.13333333333333	147.1	140.88	133.24	119.02666666666667	0.0
0.0	119.42666666666666	133.36666666666667	140.91333333333333	146.93333333333334	151.42	154.57333333333332	157.4	159.9	161.87333333333333	163.64666666666668	165.01333333333332	166.24666666666667	167.62	168.97333333333333	169.73333333333332	170.82	171.55333333333334	172.44	172.92	174.02	174.64666666666668	174.8	175.68	176.27333333333334	177.08	177.23333333333332	177.55333333333334	177.86666666666667	178.44666666666666	178.46	178.46	177.98666666666668	177.9	178.12666666666667	178.31333333333333	178.17333333333335	178.19333333333333	178.26	178.15333333333334	178.04	177.92666666666668	177.65333333333334	177.35333333333332	177.16666666666666	177.46	176.68	176.01333333333332	175.49333333333334	175.20666666666668	174.85333333333332	174.54	174.17333333333335	173.00666666666666	172.91333333333333	171.97333333333333	171.2	169.88666666666666	168.62	167.86666666666667	166.65333333333334	165.16666666666666	163.1	161.6	159.76666666666668	157.08	153.97333333333333	150.78	146.7	141.47333333333333	133.27333333333334	119.34	0.0
0.0	119.15333333333334	133.75333333333333	141.62	147.24666666666667	151.55333333333334	154.82	157.63333333333333	160.48666666666668	161.46	163.27333333333334	164.82666666666665	166.62	167.63333333333333	168.51333333333332	169.5	170.41333333333333	171.37333333333333	171.86	173.45333333333335	174.17333333333335	174.78	175.04666666666665	175.36666666666667	175.70666666666668	177.2	176.77333333333334	177.44	178.06666666666666	178.08	177.96	178.28666666666666	178.71333333333334	178.56	178.31333333333333	178.16	178.21333333333334	178.54666666666665	178.27333333333334	178.41333333333333	178.28	178.08666666666667	177.84666666666666	177.24	176.86	176.12666666666667	175.62	175.91333333333333	174.84666666666666	174.79333333333332	174.10666666666665	174.1	173.63333333333333	172.71333333333334	172.22	171.12	170.22	169.25333333333333	168.52666666666667	167.6	165.77333333333334	164.52	162.78666666666666	161.16666666666666	159.28666666666666	157.37333333333333	154.06	150.78	146.66666666666666	141.02	133.3	118.88666666666667	0.0
0.0	118.60666666666667	132.72666666666666	140.56	146.84	151.02	154.15333333333334	156.90666666666667	159.22	161.36	163.02	165.12666666666667	166.04	167.45333333333335	168.6	169.52	170.10666666666665	171.70666666666668	172.46666666666667	173.41333333333333	174.15333333333334	174.62666666666667	174.94666666666666	175.48666666666668	175.54666666666665	175.68666666666667	176.08	176.40666666666667	176.5	176.57333333333332	177.39333333333335	177.45333333333335	177.43333333333334	177.80666666666667	177.74	178.12	177.78	177.18666666666667	177.24666666666667	177.35333333333332	177.60666666666665	176.94	177.16	176.86666666666667	176.61333333333334	176.07333333333332	175.85333333333332	175.29333333333332	175.10666666666665	174.66	174.19333333333333	173.44	173.09333333333333	172.11333333333334	171.53333333333333	170.65333333333334	170.26	168.51333333333332	167.34	166.74666666666667	165.73333333333332	164.46666666666667	162.92	161.34666666666666	158.76	156.98666666666668	154.16666666666666	150.79333333333332	146.98	141.13333333333333	133.03333333333333	119.10666666666667	0.0
0.0	118.7	133.66666666666666	141.24	147.07333333333332	151.66	154.50666666666666	157.2	159.26	161.47333333333333	163.59333333333333	164.77333333333334	166.84666666666666	167.69333333333333	169.04666666666665	169.98	171.36	171.24	172.56	173.77333333333334	173.96666666666667	174.64666666666668	175.62	176.38666666666666	177.09333333333333	177.12	177.42666666666668	177.80666666666667	178.32	179.05333333333334	179.13333333333333	178.85333333333332	178.85333333333332	179.22666666666666	179.19333333333333	179.35333333333332	179.05333333333334	179.41333333333333	179.11333333333334	179.17333333333335	178.75333333333333	178.3	177.99333333333334	177.63333333333333	177.47333333333333	177.53333333333333	176.76	176.56666666666666	176.1	175.64	175.18	174.68666666666667	173.81333333333333	172.98666666666668	172.08	170.9	170.69333333333333	170.22666666666666	168.72	167.33333333333334	166.26666666666668	164.85333333333332	163.16666666666666	160.94	159.03333333333333	156.82666666666665	154.30666666666667	151.39333333333335	146.96	141.32666666666665	133.37333333333333	118.96	0.0
0.0	119.10666666666667	133.46666666666667	141.2	146.72	151.1	154.33333333333334	157.02	159.76	161.08666666666667	163.07333333333332	164.62666666666667	166.77333333333334	167.83333333333334	168.86666666666667	169.78666666666666	170.53333333333333	171.62666666666667	172.46666666666667	172.8	173.74666666666667	174.09333333333333	175.18666666666667	175.66666666666666	175.56	176.18	176.74666666666667	176.50666666666666	177.02	177.2	177.75333333333333	177.38666666666666	177.82	178.17333333333335	177.89333333333335	178.34	177.73333333333332	177.56	177.87333333333333	177.20666666666668	176.7	177.01333333333332	177.13333333333333	177.55333333333334	177.07333333333332	176.94666666666666	176.45333333333335	175.96	175.68	174.98666666666668	174.64	174.11333333333334	173.02	172.41333333333333	171.56	171.17333333333335	170.66	170.02	168.71333333333334	167.09333333333333	165.92666666666668	164.52666666666667	162.98	161.57333333333332	159.76666666666668	157.54666666666665	154.78	151.18666666666667	146.86	141.48	133.66	118.97333333333333	0.0
0.0	118.7	133.56	141.56	147.04	150.46	154.16666666666666	156.83333333333334	159.18	161.18	163.4	164.98	166.22	167.19333333333333	168.41333333333333	168.90666666666667	170.14	170.82	171.63333333333333	172.26	173.08	173.9	174.56	174.86666666666667	175.22	175.72666666666666	176.08666666666667	176.84666666666666	176.82666666666665	177.46	177.90666666666667	177.72666666666666	178.04	178.12	178.06666666666666	177.98	178.28666666666666	178.64	178.59333333333333	178.35333333333332	178.10666666666665	178.16666666666666	177.93333333333334	178.06	177.1	176.35333333333332	176.49333333333334	176.59333333333333	175.87333333333333	175.34666666666666	174.65333333333334	174.11333333333334	173.90666666666667	173.07333333333332	172.64	172.27333333333334	171.16	170.11333333333334	168.81333333333333	167.89333333333335	166.36	165.48666666666668	163.59333333333333	161.69333333333333	159.12	157.15333333333334	154.89333333333335	151.40666666666667	147.02	141.03333333333333	133.60666666666665	119.38666666666667	0.0
0.0	119.2	133.52	141.56666666666666	146.55333333333334	150.75333333333333	153.70666666666668	156.55333333333334	159.04	160.78	162.30666666666667	163.82666666666665	165.62666666666667	166.94666666666666	168.12666666666667	169.46	169.91333333333333	171.1	171.98	172.25333333333333	173.70666666666668	173.82	174.60666666666665	175.21333333333334	175.77333333333334	175.91333333333333	176.77333333333334	176.72666666666666	176.80666666666667	176.86666666666667	177.5	177.88	178.28666666666666	178.32666666666665	177.94	177.76	178.00666666666666	178.42	178.42666666666668	178.22	177.95333333333335	178.24666666666667	177.84	177.65333333333334	177.52666666666667	177.64666666666668	176.96666666666667	176.8	175.99333333333334	175.24	174.56666666666666	173.92666666666668	173.32	173.34666666666666	172.62	172.07333333333332	170.94666666666666	170.07333333333332	168.6	167.68	166.56	165.14	163.4	161.19333333333333	159.19333333333333	156.86	154.12666666666667	150.31333333333333	146.58666666666667	140.86	132.94666666666666	118.59333333333333	0.0
0.0	118.92	133.04	141.11333333333334	147.14666666666668	151.16	154.08	156.98	159.29333333333332	161.08	162.59333333333333	164.55333333333334	166.08	167.46666666666667	168.29333333333332	169.4	170.18666666666667	171.48	172.48	173.21333333333334	173.70666666666668	174.11333333333334	175.12	174.94666666666666	175.54	176.14666666666668	176.9	177.22666666666666	177.68	177.35333333333332	178.04666666666665	178.4	178.38666666666666	178.20666666666668	178.33333333333334	178.70666666666668	178.56666666666666	178.48	178.09333333333333	177.86666666666667	177.84	177.74666666666667	177.07333333333332	177.14	176.72666666666666	176.81333333333333	176.50666666666666	176.35333333333332	175.78	175.09333333333333	174.39333333333335	173.95333333333335	173.68	173.0	172.4	171.52	170.72	169.68666666666667	168.66666666666666	167.42666666666668	166.44666666666666	165.3	163.26666666666668	161.23333333333332	159.62	157.09333333333333	154.8	151.02666666666667	146.50666666666666	141.17333333333335	133.08	119.04	0.0
0.0	119.30666666666667	133.63333333333333	141.98	147.06	151.13333333333333	154.55333333333334	157.80666666666667	160.30666666666667	162.28	164.04666666666665	165.85333333333332	167.36666666666667	168.52	169.56	170.80666666666667	171.58	172.15333333333334	172.63333333333333	173.08	173.84	174.53333333333333	174.99333333333334	175.14	175.86	176.34	176.48	177.01333333333332	177.46	178.02	177.8	178.18666666666667	178.18	178.02666666666667	178.71333333333334	178.90666666666667	178.6	178.08666666666667	178.17333333333335	178.18	178.59333333333333	177.81333333333333	177.94666666666666	177.82	178.24666666666667	177.72666666666666	177.27333333333334	176.70666666666668	176.34	175.78	175.25333333333333	175.25333333333333	174.91333333333333	173.88666666666666	173.27333333333334	172.35333333333332	171.26666666666668	170.33333333333334	169.27333333333334	167.97333333333333	166.87333333333333	165.47333333333333	164.08666666666667	162.38	159.86	157.66	154.87333333333333	151.70666666666668	147.34	141.14666666666668	133.53333333333333	119.16	0.0
0.0	119.24666666666667	133.25333333333333	141.77333333333334	147.81333333333333	152.0	154.66	157.46666666666667	159.82666666666665	161.86	163.48666666666668	165.18666666666667	166.38666666666666	167.8	169.40666666666667	170.86	171.11333333333334	171.98666666666668	172.7	173.34	174.08666666666667	174.95333333333335	175.16	175.2	176.39333333333335	176.44	176.57333333333332	177.31333333333333	177.48666666666668	177.92666666666668	177.68	177.78666666666666	178.09333333333333	178.53333333333333	178.27333333333334	178.13333333333333	177.9	177.99333333333334	177.65333333333334	177.94	178.03333333333333	178.05333333333334	178.07333333333332	177.5	177.34666666666666	176.86	176.21333333333334	175.72	175.49333333333334	175.32666666666665	174.41333333333333	173.86	173.46	172.84666666666666	171.92	171.52	170.14666666666668	169.88	168.32	167.64666666666668	166.26	164.68666666666667	163.26666666666668	161.28666666666666	158.90666666666667	157.2	154.83333333333334	151.13333333333333	146.74666666666667	141.52666666666667	133.39333333333335	118.95333333333333	0.0
0.0	119.08666666666667	133.41333333333333	141.44	146.43333333333334	150.92	154.5	156.84666666666666	159.40666666666667	161.63333333333333	163.60666666666665	165.18	166.93333333333334	167.52666666666667	168.45333333333335	169.26666666666668	170.50666666666666	171.39333333333335	172.04666666666665	172.86666666666667	173.32	173.58	174.44666666666666	175.04666666666665	175.49333333333334	175.70666666666668	176.14	176.12	176.29333333333332	177.06666666666666	177.32666666666665	177.71333333333334	178.24666666666667	178.29333333333332	178.1	178.04	178.18666666666667	177.73333333333332	177.72666666666666	177.14	176.95333333333335	176.83333333333334	176.75333333333333	176.79333333333332	176.38666666666666	176.30666666666667	175.95333333333335	175.70666666666668	175.46	175.28666666666666	174.7	174.17333333333335	173.31333333333333	172.57333333333332	171.58666666666667	171.06	170.42	169.46	168.52666666666667	166.85333333333332	166.09333333333333	164.62	163.14	161.52666666666667	159.58666666666667	156.82	154.46	151.08	146.99333333333334	141.38666666666666	133.19333333333333	119.08	0.0
0.0	119.12	133.02666666666667	141.56666666666666	146.69333333333333	151.07333333333332	154.04	156.91333333333333	159.33333333333334	161.58	162.78	164.70666666666668	166.10666666666665	167.74	168.87333333333333	169.66666666666666	170.55333333333334	171.38666666666666	172.40666666666667	172.59333333333333	173.42666666666668	173.9	174.27333333333334	175.16666666666666	175.79333333333332	175.96666666666667	176.43333333333334	176.99333333333334	177.05333333333334	177.48666666666668	177.46666666666667	177.42	177.10666666666665	177.48	177.88666666666666	177.7	177.74666666666667	177.71333333333334	177.98666666666668	178.15333333333334	177.60666666666665	177.54	177.39333333333335	176.88	176.88666666666666	176.64666666666668	176.49333333333334	175.86666666666667	175.11333333333334	175.35333333333332	174.57333333333332	173.69333333333333	172.98	173.03333333333333	172.18666666666667	171.73333333333332	170.9	170.32	168.67333333333335	167.22666666666666	166.08666666666667	164.78666666666666	163.07333333333332	161.26	159.10666666666665	157.18666666666667	154.34666666666666	151.09333333333333	147.02666666666667	141.31333333333333	133.68	119.25333333333333	0.0
0.0	119.18	133.32	141.82	147.26	151.67333333333335	155.08	158.12666666666667	160.13333333333333	162.16	163.70666666666668	165.21333333333334	166.49333333333334	168.23333333333332	169.28666666666666	169.89333333333335	171.28666666666666	172.43333333333334	172.94	173.45333333333335	173.88666666666666	174.56	175.22666666666666	175.69333333333333	176.32666666666665	176.64	176.69333333333333	177.04666666666665	177.31333333333333	177.51333333333332	177.62666666666667	177.92	177.36666666666667	177.74666666666667	178.12	178.47333333333333	177.98	177.97333333333333	177.88	177.47333333333333	177.26666666666668	177.22666666666666	177.38666666666666	177.08	176.92	176.46	176.0	175.9	175.2	174.3	174.02	173.74666666666667	173.58666666666667	173.02	172.52	171.46	170.95333333333335	169.96	169.18	167.64	166.32666666666665	165.06666666666666	163.33333333333334	162.13333333333333	159.72666666666666	157.31333333333333	154.32	150.86666666666667	146.94666666666666	141.30666666666667	133.36	119.36	0.0
0.0	119.0	133.41333333333333	141.42	146.98666666666668	150.80666666666667	153.62	157.23333333333332	159.54	161.00666666666666	162.75333333333333	165.12666666666667	166.28666666666666	167.36	168.41333333333333	169.59333333333333	170.96666666666667	171.45333333333335	172.11333333333334	172.77333333333334	173.23333333333332	174.12666666666667	174.38666666666666	174.76	175.43333333333334	175.50666666666666	175.70666666666668	176.44666666666666	176.58	176.72	176.5	177.07333333333332	177.17333333333335	177.42666666666668	177.59333333333333	177.71333333333334	178.06666666666666	177.95333333333335	177.72	177.62	177.52666666666667	177.48666666666668	176.93333333333334	177.2	176.31333333333333	176.2	176.06666666666666	175.36	175.10666666666665	174.28	174.74666666666667	173.72666666666666	173.24666666666667	172.28666666666666	171.45333333333335	170.59333333333333	169.72666666666666	169.33333333333334	168.44	167.25333333333333	165.55333333333334	164.2	162.26666666666668	160.77333333333334	158.97333333333333	156.40666666666667	154.02666666666667	150.48	146.76666666666668	141.0	132.67333333333335	118.9	0.0
0.0	118.96666666666667	133.76666666666668	142.07333333333332	147.12666666666667	151.32666666666665	154.91333333333333	157.76	159.93333333333334	161.82	163.55333333333334	165.22666666666666	166.86	167.78	169.38	170.30666666666667	171.42	172.0	173.13333333333333	174.05333333333334	174.35333333333332	175.17333333333335	175.82666666666665	176.73333333333332	177.23333333333332	177.6	177.3	177.78666666666666	177.94	178.68666666666667	178.42666666666668	178.96666666666667	178.69333333333333	179.19333333333333	179.01333333333332	179.30666666666667	179.04666666666665	179.46	179.37333333333333	179.17333333333335	179.1	179.26666666666668	178.78	178.01333333333332	178.12	177.54	177.06	176.44666666666666	176.03333333333333	175.59333333333333	174.95333333333335	173.96	174.05333333333334	173.33333333333334	172.10666666666665	171.38666666666666	170.86666666666667	169.68666666666667	168.58	167.2	165.96666666666667	164.7	163.22	161.36666666666667	159.42	157.61333333333334	154.41333333333333	150.48	147.12666666666667	141.2	133.72666666666666	119.41333333333333	0.0
0.0	118.78	133.26	140.97333333333333	146.98666666666668	150.89333333333335	154.25333333333333	157.22666666666666	159.55333333333334	161.62	162.59333333333333	164.41333333333333	165.60666666666665	167.13333333333333	168.36666666666667	169.23333333333332	169.89333333333335	171.17333333333335	172.53333333333333	173.62	173.84	174.23333333333332	174.36666666666667	175.16	175.72	176.17333333333335	176.57333333333332	177.06	177.18	177.38666666666666	177.27333333333334	178.08	177.52666666666667	177.9	178.37333333333333	178.33333333333334	178.15333333333334	177.98	177.93333333333334	178.19333333333333	177.81333333333333	177.56	177.39333333333335	176.99333333333334	177.21333333333334	176.92	176.86	176.10666666666665	175.88	175.16	174.62666666666667	174.28666666666666	173.18666666666667	172.40666666666667	171.96666666666667	171.16	170.21333333333334	169.58	168.48666666666668	167.22	165.88666666666666	164.52	162.77333333333334	161.21333333333334	159.57333333333332	156.69333333333333	154.34	151.14666666666668	146.77333333333334	140.72666666666666	133.07333333333332	118.84	0.0
0.0	118.81333333333333	133.26666666666668	140.75333333333333	146.83333333333334	150.60666666666665	154.07333333333332	156.75333333333333	158.74666666666667	160.82666666666665	162.51333333333332	163.86	165.43333333333334	166.75333333333333	168.08666666666667	168.91333333333333	170.56666666666666	171.04	171.88666666666666	172.94666666666666	173.29333333333332	174.10666666666665	174.7	175.03333333333333	175.58666666666667	175.69333333333333	175.50666666666666	176.38	176.4	176.9	176.92666666666668	177.20666666666668	177.63333333333333	177.65333333333334	177.59333333333333	177.91333333333333	177.69333333333333	177.8	177.56666666666666	177.26666666666668	177.01333333333332	176.93333333333334	177.08666666666667	176.71333333333334	176.49333333333334	176.49333333333334	175.78	175.95333333333335	175.33333333333334	174.76666666666668	174.45333333333335	174.0	173.48	172.46666666666667	171.74666666666667	170.98	169.91333333333333	168.88666666666666	167.52	166.55333333333334	165.11333333333334	163.87333333333333	162.26666666666668	160.22	158.72666666666666	156.28	153.52	150.4	146.57333333333332	140.69333333333333	133.19333333333333	118.4	0.0
0.0	119.44	133.36	141.54666666666665	147.32666666666665	151.03333333333333	154.64	157.62	160.28	162.08666666666667	164.11333333333334	165.15333333333334	166.29333333333332	167.32666666666665	168.26666666666668	169.59333333333333	170.81333333333333	171.32666666666665	172.05333333333334	173.13333333333333	173.86666666666667	174.46666666666667	175.08666666666667	175.77333333333334	176.10666666666665	176.86	177.0	177.94666666666666	177.95333333333335	177.72666666666666	178.08	178.49333333333334	178.98666666666668	178.79333333333332	178.62666666666667	178.52	178.27333333333334	178.21333333333334	178.16666666666666	178.22	177.92	177.86666666666667	177.37333333333333	176.96666666666667	177.04	176.76666666666668	176.47333333333333	176.46666666666667	175.45333333333335	175.07333333333332	174.52666666666667	174.29333333333332	174.04	173.33333333333334	172.74666666666667	172.18666666666667	171.22	170.5	169.40666666666667	168.02666666666667	166.75333333333333	165.42	163.44	161.54	159.69333333333333	157.50666666666666	154.67333333333335	151.18666666666667	147.52666666666667	141.67333333333335	133.40666666666667	119.34	0.0
0.0	119.25333333333333	133.40666666666667	141.46666666666667	146.85333333333332	151.09333333333333	154.6	157.21333333333334	159.24666666666667	161.3	162.89333333333335	164.92	166.00666666666666	167.48666666666668	168.94	169.66666666666666	170.64666666666668	171.78	172.5	173.46666666666667	173.96666666666667	174.68	174.94	175.36	176.51333333333332	176.96	177.62	177.36666666666667	177.94	178.08	178.32666666666665	178.32	178.58666666666667	178.38	178.90666666666667	178.82	178.66666666666666	178.62	178.79333333333332	178.36	178.35333333333332	177.74	177.71333333333334	177.39333333333335	177.0	176.95333333333335	176.40666666666667	176.27333333333334	175.69333333333333	174.93333333333334	174.50666666666666	173.88	173.44	173.43333333333334	172.29333333333332	171.14666666666668	170.50666666666666	169.86	168.55333333333334	167.39333333333335	166.5	165.48	163.86666666666667	161.74	159.73333333333332	157.16666666666666	154.28	150.84	147.2	141.86666666666667	133.54	118.76	0.0
0.0	119.40666666666667	133.43333333333334	141.44	147.35333333333332	151.58	154.47333333333333	157.29333333333332	159.24666666666667	161.33333333333334	163.32666666666665	165.17333333333335	166.70666666666668	167.94	169.49333333333334	170.17333333333335	170.8	171.63333333333333	172.52666666666667	172.94666666666666	173.58	174.06	175.13333333333333	175.39333333333335	175.86	176.08666666666667	175.76	176.24	176.67333333333335	176.87333333333333	177.24666666666667	177.56666666666666	176.98666666666668	177.76	177.61333333333334	178.2	178.17333333333335	177.44666666666666	177.56666666666666	177.98666666666668	178.40666666666667	178.14666666666668	177.98	177.94	177.96	177.72	177.28666666666666	177.27333333333334	176.51333333333332	175.95333333333335	175.48666666666668	175.6	174.54	173.8	172.48	171.72	170.61333333333334	169.98666666666668	168.82	168.12	166.94666666666666	165.12666666666667	163.12	161.44	159.98	157.29333333333332	154.39333333333335	150.68666666666667	146.61333333333334	141.33333333333334	133.03333333333333	119.42	0.0
0.0	118.99333333333334	133.04666666666665	141.75333333333333	146.98	151.05333333333334	153.97333333333333	156.80666666666667	159.40666666666667	161.39333333333335	162.97333333333333	164.72	166.25333333333333	167.66	168.92666666666668	169.0	170.06666666666666	170.82	171.72	172.24	173.27333333333334	173.79333333333332	174.78	175.19333333333333	175.81333333333333	176.13333333333333	176.13333333333333	176.52	176.72	176.69333333333333	176.74666666666667	177.53333333333333	178.05333333333334	177.96	178.23333333333332	178.7	178.32666666666665	178.06	178.24	177.95333333333335	177.68	177.66	177.58666666666667	177.38	176.88666666666666	176.01333333333332	176.1	175.92	175.22666666666666	174.94	174.26	174.12666666666667	173.75333333333333	172.73333333333332	172.12666666666667	171.72	170.84	170.02666666666667	169.18	167.52	166.32666666666665	165.14666666666668	163.72666666666666	161.68666666666667	160.14666666666668	157.69333333333333	154.91333333333333	151.54	147.34	141.82666666666665	133.82	119.12666666666667	0.0
0.0	118.88	133.6	141.93333333333334	147.38666666666666	150.91333333333333	154.66	157.51333333333332	159.60666666666665	161.82666666666665	163.51333333333332	165.28666666666666	166.58666666666667	167.68	168.88666666666666	169.99333333333334	170.83333333333334	171.73333333333332	172.29333333333332	172.96	173.29333333333332	173.57333333333332	174.04666666666665	174.39333333333335	175.30666666666667	175.79333333333332	176.25333333333333	176.81333333333333	177.32666666666665	177.81333333333333	177.55333333333334	178.25333333333333	178.55333333333334	178.45333333333335	178.45333333333335	178.22666666666666	178.1	178.10666666666665	178.18666666666667	178.04	177.88	177.68	177.59333333333333	177.10666666666665	177.21333333333334	176.94666666666666	176.65333333333334	175.94666666666666	175.28666666666666	174.64	174.67333333333335	173.89333333333335	173.38	172.80666666666667	171.99333333333334	171.01333333333332	170.51333333333332	169.52666666666667	168.78666666666666	167.75333333333333	166.50666666666666	164.65333333333334	163.67333333333335	161.4	159.65333333333334	157.46666666666667	154.74666666666667	151.58	147.0	141.02	132.75333333333333	119.04	0.0
0.0	119.04	133.76666666666668	141.62	147.16666666666666	150.73333333333332	154.18666666666667	157.11333333333334	159.38	161.35333333333332	162.73333333333332	164.51333333333332	165.60666666666665	166.59333333333333	167.82	168.36666666666667	169.86666666666667	170.92666666666668	171.53333333333333	172.31333333333333	173.25333333333333	173.72	174.70666666666668	175.28666666666666	175.89333333333335	176.42666666666668	176.87333333333333	177.17333333333335	176.86	177.36666666666667	177.78666666666666	177.99333333333334	178.48666666666668	178.74	178.6	178.58666666666667	178.23333333333332	178.24	177.93333333333334	177.59333333333333	177.72666666666666	177.6	177.54666666666665	177.38	177.10666666666665	177.01333333333332	176.52	175.68	175.28	175.04666666666665	174.51333333333332	173.9	173.68	172.75333333333333	172.32666666666665	171.44	170.84666666666666	169.88	168.58666666666667	167.18666666666667	166.39333333333335	165.18	163.70666666666668	161.93333333333334	159.91333333333333	157.22666666666666	154.54	150.79333333333332	146.32666666666665	141.58	133.56	119.0	0.0
0.0	118.77333333333333	132.92	140.67333333333335	146.02	150.41333333333333	153.24	156.5	159.26666666666668	161.04666666666665	162.62	163.94666666666666	165.66	167.24	168.52666666666667	169.69333333333333	170.71333333333334	171.16666666666666	171.56666666666666	172.58666666666667	173.21333333333334	173.66	174.32	175.04	175.3	175.43333333333334	175.74666666666667	175.9	176.64666666666668	176.91333333333333	177.16	177.06666666666666	177.55333333333334	177.73333333333332	177.79333333333332	178.02	178.29333333333332	177.78	177.51333333333332	177.70666666666668	177.44666666666666	177.58	177.78	177.54666666666665	177.49333333333334	177.23333333333332	176.34	175.73333333333332	175.16666666666666	174.86	174.62	173.99333333333334	173.78	172.84	172.04666666666665	171.23333333333332	170.22	169.58666666666667	168.02666666666667	167.32	166.15333333333334	164.4	162.90666666666667	161.01333333333332	158.93333333333334	156.54	154.08666666666667	150.81333333333333	146.24666666666667	141.20666666666668	133.34	118.45333333333333	0.0
0.0	118.75333333333333	132.92666666666668	141.41333333333333	146.69333333333333	150.54	154.10666666666665	156.88	159.24	161.18	162.85333333333332	164.36666666666667	166.08666666666667	167.37333333333333	168.21333333333334	169.54666666666665	170.34666666666666	171.26	172.20666666666668	172.34	173.4	174.05333333333334	174.68666666666667	175.44666666666666	175.54	175.94666666666666	176.04	176.17333333333335	176.66	176.52666666666667	176.94666666666666	176.86666666666667	176.92666666666668	177.18666666666667	177.24	176.72666666666666	177.14	177.32666666666665	177.49333333333334	177.78666666666666	177.65333333333334	177.46666666666667	177.64666666666668	177.08666666666667	176.5	176.67333333333335	175.80666666666667	175.70666666666668	175.56666666666666	174.8	173.96666666666667	173.78	173.56666666666666	172.74	172.44	171.07333333333332	170.31333333333333	169.32	167.98	166.58	165.53333333333333	164.03333333333333	162.24	160.80666666666667	158.5	156.77333333333334	154.38666666666666	151.08666666666667	146.72	140.95333333333335	133.16666666666666	119.08666666666667	0.0
0.0	118.31333333333333	132.42	140.96666666666667	146.32	150.8	153.99333333333334	156.94666666666666	159.00666666666666	160.98666666666668	163.13333333333333	164.76	165.92	167.21333333333334	168.38	169.22	170.48666666666668	171.70666666666668	172.02	172.64	173.0	173.36	173.5	174.24666666666667	174.39333333333335	175.02666666666667	175.05333333333334	175.78	175.65333333333334	176.42	176.82	177.2	176.85333333333332	176.98	177.01333333333332	177.42666666666668	177.52666666666667	177.69333333333333	177.50666666666666	177.5	177.01333333333332	176.9	176.63333333333333	176.79333333333332	176.0	176.44666666666666	176.36666666666667	175.84	175.40666666666667	174.31333333333333	173.99333333333334	173.5	173.03333333333333	172.47333333333333	171.89333333333335	171.00666666666666	169.73333333333332	168.76666666666668	167.45333333333335	166.00666666666666	165.14	163.91333333333333	162.48666666666668	160.72	158.64666666666668	156.36666666666667	153.67333333333335	150.50666666666666	146.62	140.58666666666667	133.24	118.71333333333334	0.0
0.0	118.76	133.08666666666667	140.76	146.37333333333333	150.63333333333333	153.96	156.68	159.3	161.20666666666668	163.03333333333333	164.70666666666668	166.06	167.42666666666668	168.74666666666667	169.66	170.52	171.20666666666668	172.02	172.4	173.14	173.38	173.95333333333335	174.66666666666666	175.15333333333334	175.54	176.47333333333333	176.87333333333333	176.68666666666667	177.17333333333335	177.46	177.52666666666667	178.36666666666667	178.69333333333333	178.66666666666666	178.46666666666667	178.63333333333333	178.76666666666668	177.94666666666666	177.98	177.98666666666668	177.74666666666667	177.34	176.88666666666666	176.68666666666667	176.00666666666666	175.84666666666666	175.82	175.12666666666667	174.94	174.40666666666667	174.07333333333332	173.44	172.69333333333333	172.14	171.3	170.60666666666665	169.42666666666668	168.22666666666666	166.82666666666665	165.60666666666665	164.46	163.23333333333332	161.18666666666667	158.93333333333334	156.68	153.92	151.63333333333333	146.98666666666668	141.14	133.00666666666666	118.83333333333333	0.0
0.0	119.10666666666667	133.42	141.52666666666667	146.58666666666667	151.16666666666666	153.94666666666666	156.74	158.81333333333333	160.58	162.38	163.94	165.54	166.94666666666666	168.24666666666667	168.50666666666666	169.28666666666666	170.0	170.82	172.06	172.6	173.45333333333335	173.83333333333334	174.48	174.64666666666668	175.74666666666667	176.1	176.7	176.92	176.50666666666666	177.38666666666666	177.2	177.76666666666668	177.60666666666665	177.54666666666665	177.32	177.76666666666668	178.32	178.11333333333334	177.85333333333332	177.53333333333333	177.52666666666667	177.58666666666667	177.02666666666667	176.87333333333333	176.18	176.24666666666667	175.57333333333332	175.40666666666667	175.24	174.02	173.95333333333335	172.96	172.63333333333333	171.54666666666665	170.5	169.88666666666666	168.84	167.59333333333333	166.98666666666668	165.29333333333332	163.87333333333333	162.46666666666667	160.45333333333335	158.58	156.84	154.20666666666668	150.36666666666667	146.91333333333333	141.53333333333333	133.38666666666666	119.06	0.0
0.0	118.50666666666666	133.12666666666667	141.15333333333334	146.52	150.48	153.86666666666667	157.20666666666668	159.20666666666668	161.13333333333333	162.93333333333334	164.6	165.84	166.73333333333332	168.24	169.12	170.1	170.9	171.97333333333333	173.01333333333332	173.48	174.5	174.76	175.27333333333334	176.12666666666667	176.28666666666666	176.75333333333333	176.64666666666668	177.18666666666667	177.33333333333334	177.24666666666667	177.27333333333334	177.38	177.90666666666667	177.8	177.92666666666668	177.72	177.95333333333335	177.97333333333333	178.22666666666666	178.18	177.83333333333334	177.54666666666665	176.98666666666668	176.96	176.66666666666666	176.36	175.91333333333333	175.56	175.24	174.84666666666666	174.26666666666668	173.37333333333333	172.73333333333332	171.68666666666667	171.08	170.48	169.63333333333333	168.46666666666667	167.50666666666666	166.35333333333332	165.03333333333333	162.95333333333335	161.42	159.31333333333333	156.88666666666666	153.67333333333335	150.40666666666667	146.64	140.90666666666667	134.01333333333332	119.22666666666667	0.0
0.0	118.94	133.71333333333334	141.69333333333333	146.88	150.96666666666667	154.30666666666667	157.2	159.17333333333335	161.15333333333334	162.56666666666666	164.09333333333333	165.66	167.24	168.39333333333335	169.86	170.52666666666667	171.42	172.24	172.96666666666667	174.38666666666666	174.44	175.14	175.7	176.03333333333333	176.78	177.17333333333335	176.95333333333335	177.34	177.10666666666665	177.79333333333332	177.77333333333334	177.96	177.86666666666667	178.05333333333334	178.13333333333333	178.04666666666665	178.56666666666666	178.39333333333335	177.41333333333333	177.7	177.86	177.4	177.48666666666668	177.22666666666666	177.02	176.45333333333335	175.82	175.78	174.74	174.66	174.06666666666666	173.49333333333334	172.74	172.18666666666667	171.18666666666667	170.39333333333335	169.52666666666667	168.62666666666667	167.65333333333334	166.11333333333334	164.58666666666667	163.21333333333334	161.69333333333333	159.79333333333332	156.92666666666668	154.64	151.02666666666667	146.88666666666666	141.29333333333332	133.47333333333333	118.58666666666667	0.0
0.0	118.78666666666666	133.39333333333335	141.69333333333333	147.28666666666666	151.41333333333333	154.60666666666665	157.16	160.1	161.73333333333332	163.72	165.02666666666667	166.64666666666668	167.62	168.98	169.92	171.1	171.74666666666667	172.75333333333333	173.85333333333332	174.76666666666668	175.36666666666667	175.68	175.93333333333334	176.35333333333332	176.61333333333334	177.08666666666667	177.29333333333332	177.47333333333333	177.85333333333332	177.86666666666667	178.51333333333332	177.8	178.26666666666668	178.5	178.46	178.11333333333334	178.73333333333332	178.5	178.41333333333333	178.40666666666667	178.38666666666666	178.1	177.70666666666668	176.97333333333333	176.52	176.35333333333332	176.13333333333333	175.91333333333333	174.77333333333334	174.48	174.02666666666667	173.62	172.74	172.1	171.68	170.62666666666667	169.96	168.73333333333332	167.34	165.79333333333332	164.7	162.92666666666668	161.15333333333334	159.06666666666666	157.58	155.11333333333334	151.4	147.11333333333334	141.28	133.33333333333334	119.20666666666666	0.0
0.0	119.16666666666667	133.44666666666666	141.32666666666665	147.0	150.86666666666667	154.14666666666668	156.92666666666668	159.52666666666667	162.07333333333332	163.16	164.62	166.31333333333333	167.56	169.03333333333333	169.80666666666667	170.56	171.34666666666666	171.90666666666667	173.12	173.32666666666665	174.35333333333332	174.74666666666667	175.35333333333332	175.92	176.37333333333333	176.59333333333333	177.26	177.78	178.19333333333333	177.93333333333334	178.61333333333334	178.08666666666667	178.42	177.97333333333333	178.40666666666667	178.31333333333333	178.4	178.06	178.57333333333332	178.25333333333333	177.99333333333334	177.55333333333334	177.12	177.16666666666666	176.82	177.03333333333333	177.03333333333333	175.86666666666667	175.14	174.88666666666666	174.25333333333333	173.52	173.14666666666668	172.02666666666667	171.58666666666667	170.22666666666666	169.36666666666667	168.07333333333332	167.42	166.10666666666665	164.37333333333333	163.15333333333334	161.72666666666666	159.63333333333333	156.92666666666668	154.26666666666668	151.33333333333334	146.8	140.72	132.82666666666665	118.68	0.0
0.0	119.4	133.74666666666667	141.46	147.25333333333333	151.30666666666667	154.28666666666666	156.96666666666667	159.35333333333332	161.26	162.91333333333333	164.16	165.86	166.88666666666666	167.92	168.98	170.16	171.19333333333333	172.00666666666666	172.56666666666666	173.30666666666667	173.64	174.00666666666666	174.52666666666667	175.04	175.62666666666667	176.20666666666668	176.11333333333334	176.36666666666667	177.36666666666667	177.80666666666667	177.99333333333334	178.17333333333335	178.55333333333334	178.47333333333333	178.12	178.40666666666667	178.15333333333334	178.00666666666666	178.05333333333334	177.99333333333334	177.86666666666667	177.29333333333332	177.25333333333333	176.74	176.1	175.85333333333332	175.64666666666668	175.01333333333332	174.7	174.32666666666665	173.66666666666666	172.96666666666667	172.73333333333332	172.06	171.07333333333332	170.40666666666667	169.31333333333333	167.91333333333333	166.77333333333334	165.56666666666666	163.94666666666666	163.23333333333332	161.56	159.76	156.80666666666667	154.45333333333335	150.54	146.45333333333335	141.22666666666666	133.4	118.95333333333333	0.0
0.0	119.19333333333333	133.24	141.82666666666665	147.24666666666667	151.57333333333332	154.78666666666666	157.54	160.16	162.37333333333333	163.38	165.34	166.96	168.05333333333334	168.94666666666666	170.27333333333334	171.46666666666667	171.98666666666668	172.08	173.18	173.86666666666667	174.62666666666667	175.48666666666668	176.08666666666667	176.51333333333332	177.15333333333334	177.53333333333333	177.54666666666665	178.28666666666666	178.30666666666667	178.74666666666667	178.72666666666666	178.94	178.99333333333334	179.05333333333334	179.38666666666666	179.29333333333332	179.02666666666667	179.16666666666666	178.97333333333333	179.60666666666665	178.84666666666666	178.26	178.16	178.15333333333334	177.67333333333335	177.52666666666667	176.95333333333335	176.83333333333334	176.2	175.49333333333334	175.01333333333332	174.74666666666667	173.68	172.84	171.50666666666666	170.70666666666668	169.85333333333332	169.01333333333332	168.23333333333332	166.64	164.92	163.4	161.38	159.84	157.07333333333332	154.21333333333334	150.84666666666666	146.7	141.7	133.53333333333333	119.28666666666666	0.0
0.0	118.68666666666667	133.42	141.42666666666668	146.58666666666667	151.08666666666667	153.96666666666667	156.82666666666665	159.33333333333334	161.15333333333334	162.50666666666666	164.12666666666667	165.69333333333333	166.97333333333333	167.98666666666668	168.77333333333334	169.85333333333332	170.60666666666665	171.68	172.28666666666666	173.38	173.94666666666666	174.40666666666667	174.95333333333335	175.66666666666666	175.58	176.20666666666668	176.50666666666666	177.14	177.30666666666667	177.29333333333332	177.9	177.78666666666666	177.95333333333335	177.90666666666667	178.12	178.13333333333333	178.26	177.68	177.96666666666667	177.86666666666667	177.62	177.26	176.67333333333335	177.02666666666667	176.46666666666667	176.09333333333333	175.58666666666667	175.62	174.54	173.78666666666666	173.54	172.9	171.87333333333333	171.46	170.62666666666667	170.00666666666666	169.16666666666666	167.93333333333334	166.83333333333334	165.75333333333333	164.24	162.86	160.62	158.85333333333332	156.44	154.3	151.20666666666668	146.92666666666668	141.12666666666667	133.48	119.15333333333334	0.0
0.0	118.62666666666667	133.29333333333332	141.45333333333335	146.38	150.44666666666666	154.34666666666666	157.20666666666668	159.47333333333333	161.71333333333334	163.34666666666666	164.4	166.01333333333332	167.58	168.76	169.41333333333333	170.54	171.90666666666667	172.64666666666668	173.66	174.57333333333332	174.86	175.66	175.76	176.27333333333334	176.43333333333334	177.05333333333334	177.26	177.33333333333334	177.40666666666667	178.22666666666666	177.96666666666667	178.18	178.24	178.49333333333334	178.11333333333334	178.14666666666668	178.29333333333332	177.9	177.96	177.42	177.64666666666668	177.81333333333333	177.32666666666665	177.20666666666668	176.18666666666667	176.14	175.51333333333332	175.51333333333332	174.56666666666666	174.24666666666667	173.84	173.28	172.67333333333335	171.58	170.54	169.47333333333333	168.51333333333332	168.16	166.49333333333334	165.26666666666668	164.71333333333334	162.67333333333335	160.72666666666666	158.98	156.68666666666667	154.41333333333333	151.0	146.97333333333333	141.1	132.65333333333334	118.85333333333334	0.0
0.0	119.53333333333333	133.42	141.72	147.34666666666666	151.37333333333333	154.11333333333334	157.24	159.51333333333332	161.02666666666667	162.91333333333333	164.16	165.73333333333332	166.82	168.62	169.17333333333335	170.34666666666666	171.70666666666668	172.42666666666668	173.44	173.98666666666668	174.5	175.20666666666668	175.68666666666667	175.64666666666668	176.02666666666667	176.68	176.76666666666668	176.89333333333335	177.14	177.44666666666666	177.3	177.92666666666668	177.5	177.83333333333334	177.62	177.93333333333334	177.40666666666667	177.42	177.08	177.36666666666667	177.26	177.03333333333333	176.78	176.81333333333333	176.71333333333334	176.31333333333333	175.57333333333332	175.48	175.12666666666667	174.30666666666667	174.08666666666667	173.28	172.58666666666667	171.70666666666668	170.68	170.0	169.06	168.27333333333334	167.02666666666667	165.44666666666666	164.23333333333332	162.69333333333333	160.99333333333334	159.55333333333334	157.14	154.71333333333334	151.5	147.09333333333333	141.46	133.31333333333333	119.00666666666666	0.0
0.0	119.19333333333333	133.2	141.48	146.62666666666667	150.80666666666667	153.68666666666667	156.46666666666667	159.0	161.06666666666666	162.42666666666668	164.46	166.00666666666666	167.64	168.69333333333333	170.2	170.71333333333334	171.08	172.40666666666667	172.92	173.77333333333334	174.29333333333332	175.21333333333334	175.64	176.08666666666667	176.22	176.49333333333334	176.86666666666667	177.51333333333332	177.5	177.98666666666668	178.02666666666667	178.28666666666666	178.15333333333334	178.30666666666667	178.94666666666666	178.50666666666666	178.72666666666666	178.3	178.49333333333334	178.46666666666667	178.08666666666667	178.34666666666666	178.42666666666668	177.84666666666666	177.41333333333333	176.84	176.37333333333333	175.5	174.97333333333333	174.7	174.04	173.71333333333334	172.84	172.1	172.00666666666666	170.77333333333334	169.7	168.77333333333334	167.14	166.26666666666668	164.86666666666667	163.05333333333334	161.27333333333334	159.13333333333333	156.65333333333334	154.02	150.59333333333333	146.49333333333334	141.46	133.59333333333333	119.26	0.0
0.0	118.98666666666666	132.56	141.4	146.75333333333333	150.66	153.82	157.22666666666666	159.55333333333334	161.08	162.66	164.44666666666666	165.5	166.86	167.98666666666668	169.05333333333334	170.68	171.17333333333335	172.37333333333333	173.62666666666667	174.26666666666668	174.60666666666665	174.99333333333334	175.56	175.82	176.23333333333332	176.56666666666666	177.5	178.21333333333334	178.35333333333332	177.94	178.25333333333333	178.95333333333335	178.74	177.88	178.28	178.14	178.20666666666668	178.3	178.27333333333334	178.14666666666668	177.95333333333335	178.04	177.76666666666668	177.26	177.32	176.54	176.23333333333332	175.78	175.5	175.00666666666666	174.86	174.14	173.85333333333332	172.29333333333332	171.91333333333333	170.72666666666666	169.8	169.08666666666667	167.74	166.61333333333334	164.87333333333333	163.16	161.98	159.68	156.64666666666668	154.14666666666668	150.98666666666668	146.88	141.34	133.12	118.79333333333334	0.0
0.0	119.06	133.12	141.00666666666666	146.54	150.71333333333334	154.12	156.91333333333333	159.02	161.36666666666667	163.07333333333332	163.98666666666668	165.43333333333334	166.78666666666666	167.84	169.19333333333333	169.92	171.28666666666666	171.46	172.7	172.93333333333334	173.82666666666665	174.1	174.34666666666666	175.25333333333333	175.52	175.74666666666667	176.16666666666666	176.71333333333334	176.64666666666668	177.32	176.96666666666667	176.96666666666667	176.94666666666666	177.20666666666668	176.96	177.29333333333332	177.33333333333334	177.15333333333334	177.02	177.19333333333333	176.41333333333333	176.64666666666668	176.19333333333333	176.35333333333332	175.90666666666667	175.47333333333333	175.05333333333334	174.86666666666667	174.45333333333335	173.8	173.3	173.04	171.86666666666667	171.77333333333334	170.48	169.96	168.60666666666665	167.7	166.56	165.33333333333334	163.73333333333332	162.48666666666668	160.69333333333333	158.08666666666667	156.34666666666666	153.79333333333332	150.54	146.65333333333334	140.93333333333334	133.20666666666668	118.39333333333333	0.0
0.0	119.28	133.34666666666666	141.80666666666667	146.98666666666668	150.93333333333334	154.44666666666666	157.18	159.52666666666667	161.12	163.16666666666666	164.81333333333333	166.16	167.16666666666666	168.76666666666668	169.52	170.35333333333332	171.80666666666667	172.76	173.45333333333335	173.93333333333334	174.52	175.11333333333334	175.64666666666668	175.74	175.80666666666667	176.2	176.52	176.94666666666666	177.11333333333334	177.67333333333335	177.47333333333333	177.90666666666667	177.68666666666667	177.54666666666665	177.96666666666667	177.7	178.12	177.78666666666666	177.77333333333334	177.67333333333335	177.80666666666667	177.16	177.0	176.64666666666668	176.82	175.91333333333333	175.35333333333332	175.71333333333334	175.14	174.77333333333334	173.92666666666668	173.09333333333333	172.91333333333333	172.34	171.56	170.47333333333333	169.46	168.36	167.46666666666667	165.64	164.04	162.90666666666667	161.15333333333334	158.90666666666667	157.03333333333333	154.16	150.82666666666665	146.85333333333332	141.11333333333334	133.26666666666668	119.28	0.0
0.0	118.84666666666666	133.56	141.42666666666668	147.10666666666665	151.32	154.94666666666666	157.24	159.82	162.06666666666666	163.68666666666667	164.92666666666668	166.14	167.56666666666666	168.46	169.53333333333333	170.36	171.36666666666667	172.15333333333334	172.52666666666667	173.48666666666668	174.14666666666668	174.77333333333334	175.64666666666668	175.94	176.58666666666667	176.86666666666667	177.04666666666665	177.67333333333335	178.02666666666667	177.76	178.00666666666666	177.97333333333333	178.02	178.21333333333334	178.23333333333332	178.56666666666666	178.02	178.08	178.36666666666667	177.59333333333333	177.50666666666666	177.99333333333334	177.72	177.54666666666665	177.52666666666667	176.90666666666667	176.56	176.0	175.56	174.70666666666668	174.23333333333332	173.97333333333333	173.60666666666665	173.02666666666667	172.4	171.36	170.32	169.08	167.86	166.08	164.9	163.11333333333334	161.50666666666666	159.36666666666667	157.18666666666667	154.11333333333334	151.02666666666667	146.66666666666666	141.50666666666666	133.26666666666668	118.91333333333333	0.0
0.0	118.89333333333333	133.32	141.32666666666665	146.85333333333332	151.56666666666666	154.22666666666666	157.41333333333333	159.36666666666667	160.84	162.64	164.34	166.00666666666666	167.19333333333333	168.3	169.56	169.98	170.73333333333332	171.70666666666668	172.26666666666668	173.37333333333333	173.58666666666667	174.60666666666665	174.74	175.40666666666667	175.0	175.46666666666667	176.24	176.20666666666668	176.59333333333333	177.16	176.8	177.12666666666667	176.95333333333335	177.24	178.14666666666668	177.63333333333333	178.26	177.88	177.56	177.34666666666666	177.05333333333334	176.37333333333333	176.63333333333333	176.13333333333333	176.46	176.17333333333335	175.67333333333335	175.53333333333333	175.21333333333334	174.47333333333333	173.86	172.96666666666667	171.79333333333332	171.29333333333332	170.58666666666667	169.60666666666665	168.8	167.98666666666668	166.32666666666665	165.10666666666665	164.07333333333332	162.52666666666667	161.25333333333333	159.02	156.38	153.96	150.72666666666666	146.46	140.94	133.36	118.7	0.0
0.0	119.15333333333334	133.16666666666666	141.20666666666668	146.92	151.02	154.11333333333334	156.71333333333334	159.28666666666666	160.84666666666666	163.02666666666667	164.78666666666666	166.18666666666667	167.14666666666668	168.18666666666667	169.26666666666668	170.84666666666666	171.37333333333333	172.13333333333333	172.63333333333333	173.34666666666666	174.45333333333335	174.47333333333333	175.01333333333332	175.68666666666667	175.74666666666667	176.29333333333332	176.82666666666665	176.88	176.95333333333335	177.48	177.83333333333334	178.10666666666665	177.44666666666666	178.15333333333334	178.38666666666666	178.47333333333333	178.40666666666667	178.0	177.5	177.54666666666665	177.38	177.36666666666667	177.19333333333333	177.04666666666665	176.39333333333335	176.02666666666667	176.06666666666666	175.60666666666665	175.10666666666665	174.91333333333333	174.19333333333333	173.5	172.89333333333335	171.92666666666668	171.66666666666666	170.04666666666665	169.67333333333335	169.12	167.66666666666666	166.36	164.72666666666666	163.46	161.76	159.8	157.38	154.24666666666667	151.29333333333332	146.80666666666667	141.29333333333332	133.26666666666668	119.27333333333333	0.0
0.0	118.81333333333333	132.56666666666666	140.92666666666668	146.24	150.62666666666667	153.88666666666666	157.06	159.46	160.76	163.04	164.02	165.57333333333332	167.19333333333333	168.11333333333334	169.55333333333334	169.67333333333335	170.34666666666666	171.18	171.82	172.52	173.24666666666667	174.16666666666666	174.84666666666666	175.44	176.12666666666667	176.44666666666666	176.82666666666665	176.79333333333332	177.18666666666667	177.74	177.48	177.84666666666666	177.44	177.46	177.81333333333333	177.78	177.84	178.14666666666668	177.96666666666667	177.97333333333333	177.83333333333334	177.27333333333334	176.70666666666668	176.12666666666667	176.31333333333333	175.91333333333333	175.56666666666666	175.44666666666666	174.54666666666665	174.13333333333333	173.76	173.27333333333334	172.60666666666665	171.72666666666666	171.34	170.78	169.74666666666667	168.69333333333333	167.52666666666667	166.73333333333332	165.30666666666667	163.61333333333334	161.55333333333334	159.26666666666668	156.97333333333333	153.95333333333335	150.92	146.71333333333334	140.82	132.96666666666667	118.77333333333333	0.0
0.0	118.93333333333334	133.11333333333334	141.43333333333334	146.70666666666668	150.46	154.32666666666665	156.98666666666668	158.91333333333333	160.69333333333333	162.32	164.38666666666666	166.04	167.07333333333332	168.39333333333335	169.48	170.32666666666665	171.04	171.71333333333334	172.48666666666668	173.59333333333333	174.11333333333334	174.56	175.01333333333332	175.21333333333334	175.74666666666667	175.4	176.28666666666666	176.86	177.01333333333332	177.37333333333333	177.64666666666668	177.98	177.88666666666666	178.25333333333333	178.32	178.45333333333335	178.15333333333334	177.57333333333332	177.68666666666667	178.42	178.24	177.65333333333334	177.36666666666667	177.06	176.56	176.36666666666667	176.18666666666667	175.70666666666668	175.49333333333334	174.96	174.26	173.7	172.97333333333333	172.42666666666668	170.97333333333333	170.32666666666665	169.58666666666667	168.24666666666667	167.48	166.21333333333334	165.4	163.26	161.27333333333334	159.11333333333334	157.57333333333332	154.68666666666667	151.27333333333334	146.60666666666665	141.26666666666668	133.97333333333333	119.18666666666667	0.0
0.0	118.24666666666667	132.94666666666666	141.33333333333334	147.04666666666665	150.90666666666667	154.12	157.33333333333334	159.39333333333335	161.29333333333332	162.88	164.17333333333335	166.29333333333332	167.84	169.08	170.48666666666668	171.15333333333334	172.32666666666665	172.68666666666667	173.45333333333335	174.08666666666667	174.74	175.05333333333334	175.4	176.20666666666668	176.23333333333332	176.99333333333334	177.00666666666666	176.92	177.26	177.08	177.85333333333332	178.18	178.09333333333333	178.37333333333333	178.00666666666666	177.84666666666666	178.06	178.2	178.04	177.96	177.5	177.9	177.80666666666667	178.00666666666666	177.61333333333334	177.44	176.9	176.43333333333334	175.78	175.15333333333334	174.23333333333332	173.80666666666667	172.86666666666667	172.10666666666665	171.56666666666666	170.81333333333333	169.96	168.74	167.34	166.32	165.46666666666667	163.68	161.8	159.74666666666667	157.86666666666667	154.72666666666666	151.20666666666668	147.04666666666665	141.74666666666667	133.54666666666665	119.36666666666666	0.0
0.0	119.23333333333333	133.58	141.71333333333334	147.14666666666668	150.92	153.62666666666667	157.1	159.38666666666666	161.36	163.34	165.03333333333333	166.06	167.49333333333334	168.26666666666668	168.75333333333333	170.44666666666666	171.28666666666666	171.86	173.24	174.10666666666665	174.40666666666667	174.71333333333334	175.58666666666667	176.17333333333335	176.58666666666667	176.80666666666667	177.02	177.29333333333332	177.48	177.90666666666667	178.26	178.47333333333333	178.24666666666667	178.26666666666668	178.23333333333332	178.24	178.4	178.24666666666667	178.40666666666667	178.14	177.86	177.49333333333334	177.46	177.37333333333333	177.12	176.78	176.55333333333334	175.78666666666666	175.58666666666667	175.01333333333332	174.87333333333333	174.05333333333334	173.93333333333334	172.81333333333333	172.15333333333334	171.22	170.04	168.91333333333333	167.44	166.45333333333335	165.09333333333333	163.32	161.86	159.47333333333333	157.83333333333334	154.92666666666668	151.41333333333333	147.34	141.12666666666667	133.37333333333333	119.78666666666666	0.0
0.0	119.11333333333333	133.36666666666667	141.27333333333334	146.26666666666668	150.85333333333332	154.10666666666665	157.2	159.15333333333334	160.70666666666668	163.39333333333335	164.45333333333335	165.76	166.80666666666667	168.12666666666667	169.49333333333334	170.08666666666667	171.43333333333334	171.82	172.88	173.48666666666668	173.78	174.01333333333332	174.89333333333335	175.81333333333333	175.84	176.66	176.96	176.91333333333333	177.11333333333334	177.34666666666666	178.28	178.27333333333334	178.78666666666666	179.26	178.85333333333332	178.6	179.03333333333333	179.13333333333333	179.22	179.29333333333332	179.16666666666666	178.38	178.19333333333333	177.84666666666666	177.49333333333334	176.94	176.42	176.04666666666665	176.20666666666668	175.08	174.40666666666667	173.99333333333334	173.27333333333334	172.22666666666666	171.08666666666667	170.42666666666668	169.62666666666667	168.41333333333333	167.06	165.93333333333334	164.12666666666667	162.74666666666667	161.10666666666665	159.00666666666666	155.97333333333333	153.79333333333332	151.1	146.57333333333332	141.26	132.84666666666666	118.68666666666667	0.0
0.0	118.90666666666667	133.06666666666666	141.64	147.21333333333334	150.78666666666666	154.16666666666666	157.06	159.21333333333334	161.39333333333335	163.16666666666666	165.12666666666667	166.16666666666666	167.42	168.48	169.46666666666667	170.58	171.63333333333333	172.45333333333335	172.78	173.43333333333334	174.35333333333332	174.95333333333335	175.2	176.2	175.8	176.0	176.86666666666667	177.02	176.88	177.38	177.53333333333333	177.16666666666666	177.74666666666667	177.78666666666666	177.66	177.84	178.02666666666667	177.53333333333333	177.57333333333332	177.99333333333334	177.58666666666667	177.58666666666667	176.76666666666668	177.15333333333334	176.56666666666666	175.93333333333334	175.74	175.31333333333333	174.8	174.6	173.89333333333335	173.44666666666666	172.89333333333335	172.18	171.62	170.92	169.57333333333332	168.66	167.68666666666667	166.18	164.79333333333332	163.34	161.51333333333332	159.54666666666665	156.9	154.29333333333332	151.1	146.94	141.4	133.5	119.04666666666667	0.0
0.0	118.82	132.76	140.45333333333335	145.96666666666667	150.42666666666668	154.07333333333332	156.76	159.21333333333334	160.7	162.74	164.3	165.54	166.76	168.00666666666666	168.89333333333335	169.19333333333333	170.21333333333334	170.67333333333335	172.25333333333333	172.67333333333335	173.0	173.72	174.22	174.94666666666666	175.51333333333332	175.27333333333334	175.94666666666666	176.4	176.92	177.63333333333333	177.59333333333333	177.69333333333333	177.74	177.51333333333332	177.74	177.74	177.54	177.46	177.04666666666665	177.10666666666665	176.96666666666667	176.4	176.63333333333333	176.50666666666666	176.39333333333335	175.58	175.14666666666668	174.68	174.07333333333332	173.94666666666666	173.54666666666665	173.02666666666667	172.44666666666666	172.00666666666666	170.96	169.57333333333332	168.74	168.0	166.87333333333333	165.60666666666665	164.0	162.58	161.0	158.43333333333334	156.47333333333333	153.61333333333334	150.83333333333334	146.08	140.8	132.72	118.44	0.0
0.0	119.35333333333334	133.61333333333334	142.08	147.26666666666668	151.22	154.72666666666666	157.38	160.04	162.10666666666665	163.54666666666665	165.42	166.43333333333334	167.92666666666668	168.72666666666666	169.72666666666666	170.56666666666666	171.61333333333334	172.28	173.09333333333333	173.71333333333334	173.98	174.52	174.79333333333332	175.03333333333333	175.56	175.94666666666666	176.77333333333334	176.97333333333333	177.44666666666666	178.07333333333332	178.22666666666666	178.21333333333334	177.96666666666667	178.28	178.09333333333333	177.86	178.30666666666667	178.4	178.20666666666668	178.12	177.63333333333333	178.04666666666665	177.94666666666666	177.66666666666666	177.28	176.82	176.59333333333333	175.85333333333332	175.84666666666666	175.12	174.70666666666668	174.26	173.51333333333332	172.95333333333335	172.20666666666668	171.20666666666668	169.99333333333334	168.78	167.84	166.42666666666668	165.06666666666666	163.66666666666666	161.88666666666666	159.89333333333335	157.39333333333335	154.04666666666665	150.61333333333334	146.66666666666666	141.24	132.92	118.67333333333333	0.0
0.0	119.03333333333333	133.46	141.48	146.68666666666667	151.09333333333333	154.42	157.54	159.48	161.48666666666668	163.66666666666666	165.50666666666666	166.82666666666665	167.69333333333333	169.16	169.88	170.78666666666666	171.98666666666668	173.06	173.51333333333332	174.48666666666668	175.06	175.18	175.32666666666665	175.80666666666667	176.30666666666667	176.58666666666667	176.88666666666666	177.16666666666666	177.35333333333332	178.04666666666665	178.18666666666667	178.34	178.61333333333334	178.52666666666667	178.95333333333335	178.94666666666666	178.65333333333334	178.45333333333335	178.25333333333333	177.89333333333335	177.71333333333334	177.35333333333332	177.17333333333335	177.01333333333332	177.32666666666665	176.66666666666666	176.27333333333334	175.49333333333334	175.2	174.46666666666667	174.20666666666668	173.29333333333332	172.39333333333335	172.31333333333333	171.88666666666666	170.77333333333334	169.84	168.54	167.13333333333333	165.92666666666668	164.79333333333332	162.98666666666668	161.68666666666667	159.84	157.42666666666668	154.14666666666668	151.12666666666667	147.10666666666665	141.36	133.34	118.76666666666667	0.0
0.0	118.76	132.98666666666668	140.96	146.48666666666668	150.48	154.03333333333333	156.62	158.42666666666668	160.86	162.28	164.04	165.80666666666667	166.74666666666667	168.18	169.21333333333334	170.59333333333333	171.51333333333332	171.96666666666667	172.88666666666666	173.68	174.27333333333334	174.57333333333332	175.02666666666667	174.82666666666665	175.12	175.64	176.3	176.58666666666667	176.55333333333334	177.26	177.52666666666667	177.32	177.45333333333335	177.67333333333335	178.22666666666666	177.76666666666668	178.23333333333332	178.41333333333333	178.28	178.12	177.82666666666665	177.74	177.71333333333334	176.96666666666667	177.04	176.98666666666668	176.91333333333333	175.85333333333332	175.13333333333333	174.32666666666665	174.02	173.9	173.56666666666666	172.38	171.99333333333334	170.73333333333332	170.30666666666667	168.69333333333333	167.50666666666666	166.85333333333332	165.29333333333332	163.48	161.78666666666666	159.36666666666667	156.88666666666666	153.64666666666668	151.11333333333334	146.96	141.72666666666666	133.58666666666667	119.26	0.0
0.0	119.00666666666666	133.10666666666665	141.59333333333333	146.79333333333332	151.09333333333333	154.84666666666666	157.82	159.85333333333332	161.98	163.96	165.49333333333334	167.24	168.18	169.19333333333333	170.12666666666667	171.03333333333333	171.33333333333334	171.98666666666668	172.36666666666667	173.44666666666666	174.15333333333334	174.66666666666666	175.27333333333334	175.36	175.99333333333334	176.39333333333335	176.69333333333333	177.05333333333334	177.26	177.46666666666667	177.48666666666668	177.94666666666666	178.12	178.35333333333332	177.82	177.91333333333333	178.16666666666666	178.46666666666667	178.06	178.02	178.71333333333334	178.44	177.55333333333334	177.78666666666666	177.80666666666667	177.18	176.62666666666667	175.91333333333333	174.73333333333332	174.59333333333333	174.22666666666666	173.95333333333335	172.68	172.28666666666666	171.65333333333334	171.06666666666666	170.07333333333332	168.98	168.06	166.84666666666666	165.08666666666667	163.58666666666667	161.47333333333333	159.48666666666668	157.33333333333334	154.45333333333335	150.83333333333334	146.75333333333333	141.24666666666667	133.46	118.83333333333333	0.0
0.0	118.7	133.12	141.30666666666667	146.93333333333334	151.34	154.44	157.32	159.13333333333333	161.32666666666665	163.08666666666667	164.40666666666667	165.64	167.01333333333332	167.94	168.83333333333334	169.74666666666667	171.01333333333332	172.04	173.10666666666665	173.89333333333335	174.6	174.88666666666666	175.03333333333333	175.38666666666666	175.72	175.68666666666667	176.76666666666668	176.83333333333334	176.94	177.25333333333333	177.32666666666665	177.45333333333335	177.30666666666667	177.25333333333333	177.67333333333335	177.68666666666667	177.7	177.23333333333332	177.64666666666668	177.35333333333332	176.96666666666667	177.14	176.95333333333335	176.89333333333335	176.82	176.09333333333333	175.95333333333335	175.74	174.7	174.5	173.78	173.29333333333332	172.50666666666666	171.87333333333333	171.42666666666668	170.15333333333334	169.38	168.35333333333332	167.34	166.15333333333334	164.82666666666665	163.03333333333333	161.40666666666667	159.71333333333334	157.09333333333333	154.72666666666666	150.86666666666667	147.02666666666667	141.5	133.16666666666666	118.88666666666667	0.0
0.0	118.81333333333333	133.41333333333333	141.87333333333333	146.50666666666666	150.87333333333333	154.33333333333334	157.32666666666665	159.52666666666667	160.74666666666667	162.79333333333332	164.78666666666666	165.74	167.16666666666666	168.33333333333334	169.50666666666666	170.61333333333334	171.12666666666667	171.44	172.34666666666666	172.94666666666666	173.26666666666668	173.48	173.83333333333334	174.48666666666668	174.97333333333333	175.66666666666666	176.09333333333333	176.85333333333332	177.09333333333333	177.38666666666666	177.52	177.90666666666667	178.20666666666668	178.18666666666667	178.6	178.46666666666667	178.50666666666666	178.62666666666667	178.55333333333334	178.18666666666667	178.45333333333335	177.65333333333334	177.62	177.47333333333333	177.28	177.10666666666665	176.34	176.35333333333332	175.54666666666665	174.86	174.38	173.73333333333332	173.06666666666666	172.44666666666666	171.67333333333335	170.7	169.51333333333332	168.06666666666666	166.83333333333334	165.66666666666666	164.83333333333334	162.88	161.02	159.19333333333333	156.82	153.9	150.73333333333332	146.87333333333333	141.09333333333333	133.17333333333335	118.92	0.0
0.0	118.84666666666666	133.57333333333332	141.11333333333334	146.93333333333334	150.75333333333333	154.3	156.60666666666665	159.04	161.29333333333332	162.98	164.22666666666666	165.72666666666666	167.0	167.79333333333332	169.21333333333334	170.96	171.75333333333333	172.92666666666668	173.21333333333334	173.46666666666667	173.87333333333333	174.60666666666665	175.06	175.22	176.28666666666666	176.33333333333334	177.46	177.31333333333333	177.71333333333334	178.1	178.28666666666666	178.62	179.06	179.54666666666665	179.53333333333333	179.35333333333332	179.38	179.35333333333332	179.16	178.75333333333333	178.89333333333335	178.36666666666667	178.18666666666667	177.88666666666666	177.58666666666667	177.21333333333334	176.28666666666666	175.64	175.44666666666666	174.94	174.32	173.62	173.00666666666666	172.34666666666666	171.02666666666667	170.73333333333332	169.89333333333335	168.03333333333333	167.74	165.92666666666668	164.45333333333335	163.37333333333333	161.14	158.8	156.13333333333333	153.55333333333334	150.79333333333332	146.75333333333333	141.23333333333332	133.56	118.8	0.0
0.0	119.42	133.75333333333333	141.81333333333333	146.74666666666667	151.04	154.38	157.34666666666666	159.2	161.46666666666667	163.32666666666665	164.71333333333334	166.00666666666666	167.32666666666665	168.78	169.62666666666667	170.68	171.18666666666667	171.98	172.17333333333335	173.07333333333332	173.61333333333334	174.36	174.82666666666665	175.44666666666666	175.99333333333334	176.23333333333332	176.73333333333332	177.17333333333335	177.34	177.4	177.34666666666666	177.94666666666666	178.16	177.89333333333335	177.94666666666666	177.86	177.66666666666666	177.52666666666667	177.37333333333333	177.79333333333332	177.68	177.20666666666668	176.74666666666667	176.69333333333333	176.08	175.82	175.69333333333333	175.01333333333332	174.94	174.22666666666666	173.51333333333332	173.33333333333334	172.42666666666668	171.98	171.10666666666665	170.16	169.56	168.40666666666667	166.98	166.16	164.46666666666667	162.7	161.16	159.09333333333333	156.27333333333334	153.82	150.42	146.38	140.86	132.92	119.18	0.0
0.0	118.67333333333333	133.12666666666667	141.05333333333334	146.32	150.74666666666667	153.63333333333333	156.83333333333334	158.85333333333332	161.04	162.94	164.70666666666668	166.16	167.58	168.37333333333333	168.68	170.28666666666666	170.84	171.89333333333335	172.42	172.98	173.78666666666666	174.32	174.62	175.28666666666666	175.9	176.23333333333332	176.06666666666666	176.76666666666668	176.80666666666667	177.36	177.77333333333334	177.7	177.46	177.68666666666667	177.62666666666667	177.56666666666666	176.94666666666666	177.02666666666667	177.01333333333332	176.78666666666666	176.92666666666668	176.64	176.99333333333334	176.5	175.97333333333333	175.59333333333333	175.46	174.89333333333335	174.36666666666667	174.5	173.02666666666667	172.80666666666667	171.73333333333332	171.08666666666667	170.56666666666666	169.74666666666667	168.84	168.35333333333332	166.72666666666666	165.14	163.93333333333334	162.94666666666666	161.45333333333335	159.52666666666667	157.24	153.76666666666668	150.95333333333335	146.9	141.34	133.34666666666666	118.87333333333333	0.0
0.0	118.97333333333333	133.18	141.42666666666668	147.31333333333333	151.33333333333334	154.78	156.66	159.07333333333332	161.5	163.84	165.52666666666667	166.12666666666667	168.32	169.22666666666666	170.22666666666666	171.36	172.07333333333332	172.92666666666668	173.35333333333332	174.30666666666667	174.78	175.06	175.62	176.28	176.32	176.3	176.74666666666667	177.85333333333332	177.50666666666666	177.79333333333332	178.34	178.21333333333334	177.94	177.86	178.16	178.47333333333333	177.96	178.6	178.15333333333334	178.12	177.99333333333334	177.80666666666667	177.88	177.51333333333332	177.72	177.42666666666668	176.24666666666667	176.56	175.68666666666667	174.92666666666668	174.47333333333333	174.24	173.4	173.14	172.12	170.98	169.74666666666667	169.04666666666665	167.25333333333333	166.28666666666666	165.46	163.73333333333332	161.84	160.41333333333333	157.33333333333334	154.58666666666667	151.20666666666668	147.12666666666667	141.75333333333333	133.28	119.30666666666667	0.0
0.0	119.01333333333334	133.22666666666666	141.58	147.00666666666666	151.18666666666667	154.5	157.05333333333334	159.32	161.0	162.74	164.28666666666666	166.21333333333334	167.13333333333333	168.26666666666668	168.93333333333334	169.94666666666666	171.47333333333333	171.73333333333332	173.04	173.46	173.6	174.34	175.28	175.94	176.50666666666666	176.42	176.96	177.52666666666667	178.01333333333332	178.32	178.11333333333334	178.17333333333335	178.44	178.6	177.9	177.94666666666666	178.40666666666667	178.34666666666666	178.02	178.37333333333333	178.48666666666668	178.34	177.7	177.28666666666666	176.74	176.58666666666667	176.56666666666666	176.00666666666666	175.76666666666668	175.02666666666667	174.46	174.39333333333335	173.36666666666667	172.67333333333335	171.84	171.23333333333332	170.21333333333334	169.58666666666667	168.02	166.73333333333332	165.38	163.43333333333334	162.14666666666668	160.00666666666666	157.48666666666668	154.57333333333332	151.03333333333333	147.0	141.68666666666667	133.43333333333334	119.26666666666667	0.0
0.0	118.49333333333334	132.26	140.77333333333334	146.04666666666665	151.08666666666667	154.33333333333334	157.0	159.36666666666667	161.35333333333332	162.6	164.54	165.89333333333335	166.64666666666668	168.14	169.12	170.20666666666668	170.94666666666666	171.68666666666667	171.94666666666666	172.77333333333334	173.45333333333335	174.45333333333335	174.85333333333332	174.81333333333333	175.06	175.06	175.63333333333333	176.03333333333333	175.83333333333334	176.16666666666666	176.24666666666667	176.68666666666667	176.94666666666666	177.16	177.06	177.22	176.80666666666667	176.72	176.75333333333333	176.68	176.64666666666668	176.81333333333333	176.49333333333334	175.84666666666666	175.68666666666667	175.35333333333332	174.92	174.88666666666666	173.74666666666667	173.39333333333335	173.05333333333334	172.38666666666666	172.28666666666666	171.52	170.15333333333334	169.48	168.54	168.02	166.66666666666666	166.10666666666665	164.14666666666668	162.65333333333334	161.22	159.19333333333333	156.79333333333332	153.86666666666667	150.90666666666667	146.56	141.38	133.09333333333333	119.14666666666666	0.0
0.0	119.10666666666667	133.4	142.09333333333333	147.18	151.48	153.97333333333333	157.36	159.88	162.13333333333333	163.56	165.43333333333334	166.46	167.88	169.28666666666666	170.48	170.95333333333335	172.34	172.8	173.46666666666667	174.12	174.77333333333334	174.85333333333332	175.86	175.92	176.26	176.51333333333332	177.02	177.66	177.48	177.48666666666668	178.24666666666667	177.78	177.68	178.19333333333333	178.38	178.34	178.39333333333335	178.44666666666666	178.07333333333332	177.30666666666667	177.32666666666665	177.56	177.31333333333333	177.39333333333335	177.51333333333332	177.24	176.84666666666666	176.44	175.7	175.04666666666665	174.96	174.26	173.13333333333333	172.42666666666668	171.42666666666668	170.56666666666666	169.96666666666667	168.52666666666667	167.39333333333335	166.14	164.86	163.92	162.06666666666666	159.68	157.38	154.44	151.46666666666667	147.16	141.42666666666668	133.52	118.75333333333333	0.0
0.0	119.18	133.23333333333332	140.84	146.62666666666667	150.98	154.3	157.00666666666666	159.81333333333333	162.06	163.48	165.12	166.23333333333332	167.27333333333334	168.64	170.0	170.78	171.64666666666668	172.39333333333335	173.47333333333333	173.76666666666668	174.53333333333333	175.18	175.75333333333333	175.76666666666668	176.46	176.95333333333335	177.09333333333333	177.97333333333333	177.84	178.41333333333333	178.63333333333333	178.86	178.65333333333334	179.26	179.14	179.14	179.13333333333333	178.87333333333333	178.96666666666667	179.06	178.88666666666666	178.66	178.24666666666667	178.58	178.01333333333332	177.48666666666668	176.58	175.92666666666668	175.65333333333334	174.61333333333334	174.47333333333333	173.53333333333333	173.1	172.2	171.31333333333333	170.31333333333333	169.63333333333333	168.56	167.76	166.04	164.94	163.39333333333335	161.56	159.94666666666666	157.3	154.46666666666667	151.11333333333334	147.56666666666666	141.85333333333332	133.18666666666667	119.03333333333333	0.0
0.0	118.95333333333333	133.14	140.95333333333335	146.64666666666668	150.92	154.08666666666667	156.66666666666666	158.74	160.69333333333333	162.96	165.04	165.85333333333332	167.08	168.12	169.26	170.39333333333335	171.38666666666666	172.02666666666667	172.65333333333334	173.26666666666668	174.21333333333334	174.2	174.72666666666666	175.13333333333333	175.48	176.0	175.99333333333334	176.6	177.30666666666667	177.63333333333333	177.77333333333334	178.23333333333332	177.74666666666667	178.65333333333334	178.71333333333334	178.38	178.48	177.99333333333334	177.83333333333334	178.27333333333334	177.61333333333334	177.54666666666665	177.18666666666667	176.86	176.2	175.55333333333334	174.87333333333333	174.74666666666667	174.46666666666667	173.84666666666666	173.67333333333335	172.99333333333334	172.94666666666666	171.8	171.75333333333333	170.81333333333333	169.89333333333335	168.76	168.0	166.86666666666667	164.84	163.28666666666666	161.38	159.11333333333334	157.29333333333332	153.82666666666665	150.58666666666667	146.58	141.24666666666667	133.21333333333334	119.01333333333334	0.0
0.0	118.73333333333333	133.00666666666666	141.5	147.19333333333333	151.41333333333333	154.16666666666666	157.53333333333333	159.82	161.78	163.6	164.89333333333335	166.5	167.62	168.22	169.43333333333334	170.93333333333334	171.44666666666666	172.49333333333334	172.60666666666665	173.4	173.78	174.34	175.02	175.32666666666665	176.2	176.50666666666666	176.54666666666665	176.96	177.21333333333334	177.39333333333335	177.91333333333333	178.04666666666665	178.04	177.88	177.71333333333334	177.36	177.04	177.86666666666667	176.89333333333335	177.39333333333335	177.46	177.14	177.00666666666666	177.50666666666666	176.59333333333333	176.23333333333332	175.66666666666666	175.64666666666668	175.1	174.86666666666667	174.59333333333333	174.06	173.56666666666666	172.53333333333333	171.37333333333333	171.10666666666665	169.98666666666668	168.20666666666668	167.54666666666665	166.30666666666667	165.16	163.27333333333334	161.79333333333332	159.84666666666666	157.37333333333333	154.52666666666667	151.08	147.38666666666666	141.38666666666666	133.48666666666668	118.98666666666666	0.0
0.0	118.80666666666667	132.98	141.24	146.92666666666668	150.75333333333333	154.16666666666666	157.14	159.45333333333335	162.00666666666666	163.5	164.88	166.42	167.44666666666666	168.99333333333334	169.74	170.46666666666667	171.28666666666666	172.43333333333334	173.26666666666668	173.54	174.26	175.15333333333334	176.12	176.41333333333333	176.74	177.12	177.55333333333334	177.94	178.14	178.70666666666668	178.74666666666667	179.54	179.06	178.8	179.06666666666666	179.09333333333333	179.30666666666667	179.3	179.1	178.83333333333334	178.84666666666666	178.92666666666668	178.39333333333335	177.36	177.9	177.33333333333334	177.06	176.68666666666667	176.11333333333334	175.58	174.86666666666667	174.47333333333333	173.2	172.36	171.96	171.33333333333334	170.36	168.64	167.47333333333333	166.02666666666667	164.98	163.44	161.22666666666666	159.80666666666667	157.36	154.56666666666666	151.34	147.12	141.70666666666668	133.39333333333335	119.08	0.0
0.0	119.26666666666667	133.04666666666665	141.48666666666668	147.08	151.21333333333334	154.47333333333333	156.7	159.22666666666666	161.36666666666667	163.34666666666666	165.0	165.68	167.63333333333333	168.63333333333333	169.57333333333332	170.22666666666666	171.03333333333333	171.76666666666668	172.87333333333333	173.98	174.51333333333332	174.51333333333332	174.95333333333335	175.38	175.62666666666667	176.44	176.42	176.62666666666667	176.18666666666667	176.73333333333332	177.3	177.31333333333333	176.91333333333333	177.62	177.44	177.8	177.43333333333334	177.48	177.33333333333334	177.23333333333332	176.98666666666668	176.93333333333334	176.82666666666665	176.08	175.97333333333333	175.55333333333334	175.74	174.98	174.52	174.85333333333332	173.26666666666668	172.66	172.33333333333334	171.73333333333332	170.92666666666668	170.20666666666668	169.34	168.2	167.25333333333333	165.54666666666665	164.28666666666666	163.11333333333334	161.01333333333332	158.96	156.76	153.47333333333333	150.21333333333334	146.5	140.96666666666667	133.09333333333333	118.77333333333333	0.0
0.0	118.85333333333334	133.48	141.44	146.76	150.6	154.06666666666666	157.17333333333335	159.81333333333333	161.16	163.67333333333335	164.90666666666667	166.80666666666667	167.69333333333333	168.7	170.29333333333332	171.28	171.84666666666666	172.56666666666666	173.37333333333333	173.88666666666666	174.56	175.41333333333333	176.27333333333334	176.44666666666666	176.5	177.23333333333332	177.56	178.48666666666668	177.87333333333333	177.7	177.66	177.98	178.19333333333333	178.74	178.64	178.00666666666666	178.64666666666668	178.2	178.64	177.92666666666668	177.93333333333334	177.36666666666667	177.47333333333333	177.27333333333334	176.68	176.35333333333332	175.82	175.67333333333335	175.10666666666665	174.5	174.29333333333332	173.93333333333334	173.36	172.64666666666668	171.64666666666668	171.19333333333333	169.82666666666665	169.56	167.71333333333334	166.56666666666666	164.96666666666667	163.26666666666668	160.97333333333333	159.06666666666666	157.2	154.12666666666667	151.16666666666666	146.52	141.68666666666667	132.83333333333334	118.76	0.0
0.0	118.66666666666667	132.98	141.75333333333333	146.67333333333335	150.99333333333334	153.96666666666667	156.77333333333334	159.12666666666667	161.26666666666668	163.13333333333333	164.62666666666667	165.65333333333334	167.53333333333333	168.41333333333333	169.22	170.63333333333333	171.79333333333332	172.49333333333334	173.63333333333333	173.81333333333333	174.31333333333333	174.7	175.58666666666667	176.23333333333332	176.78666666666666	176.77333333333334	177.40666666666667	177.0	177.91333333333333	177.94	177.75333333333333	177.72	178.24666666666667	178.43333333333334	177.96666666666667	178.65333333333334	178.23333333333332	178.46666666666667	178.49333333333334	178.59333333333333	178.24666666666667	178.34	178.14	177.83333333333334	177.33333333333334	177.03333333333333	176.66	176.62	176.02	175.12666666666667	174.27333333333334	173.85333333333332	173.80666666666667	172.86666666666667	172.03333333333333	171.40666666666667	170.37333333333333	168.74	167.80666666666667	166.74	164.94	163.9	161.51333333333332	159.22	156.93333333333334	154.26	151.42666666666668	147.24666666666667	141.85333333333332	133.72666666666666	118.88	0.0
0.0	119.11333333333333	133.42	141.42666666666668	147.07333333333332	150.66666666666666	154.33333333333334	157.12	159.0	161.0	162.66666666666666	164.88666666666666	166.51333333333332	167.24	168.16	169.64666666666668	170.46	171.27333333333334	171.86	172.89333333333335	173.54666666666665	174.15333333333334	174.06	174.49333333333334	175.58666666666667	176.32	176.74666666666667	177.09333333333333	177.71333333333334	177.86666666666667	178.06	178.3	178.18	178.14666666666668	178.04	178.09333333333333	178.15333333333334	178.16666666666666	177.71333333333334	177.51333333333332	177.74	177.36666666666667	177.42666666666668	177.08666666666667	176.34666666666666	176.38	175.96	175.98666666666668	175.94	175.09333333333333	175.02666666666667	174.02666666666667	173.42	173.14666666666668	172.33333333333334	171.36666666666667	170.44666666666666	169.12	168.55333333333334	167.66	166.29333333333332	164.82	163.3	161.40666666666667	159.50666666666666	157.2	154.58666666666667	151.41333333333333	147.70666666666668	141.78666666666666	133.81333333333333	118.94666666666667	0.0
0.0	119.23333333333333	133.76	141.4	146.53333333333333	150.32666666666665	154.08	156.62666666666667	158.99333333333334	160.71333333333334	162.86	164.66666666666666	166.02	167.28666666666666	168.66666666666666	169.59333333333333	170.78	171.54	172.44666666666666	173.34	173.39333333333335	174.03333333333333	174.96	175.35333333333332	176.09333333333333	175.84666666666666	176.46666666666667	177.31333333333333	177.44	177.24	177.71333333333334	177.7	177.92	178.27333333333334	177.89333333333335	178.40666666666667	178.04	177.64	178.0	178.04	177.82	178.1	177.88	177.69333333333333	177.3	176.75333333333333	176.93333333333334	176.2	175.63333333333333	175.08666666666667	174.8	173.95333333333335	173.1	172.83333333333334	172.46666666666667	171.73333333333332	170.73333333333332	169.88	168.27333333333334	167.43333333333334	166.22666666666666	164.59333333333333	162.8	160.91333333333333	158.48	156.31333333333333	154.02666666666667	151.24666666666667	146.71333333333334	141.05333333333334	133.67333333333335	119.54666666666667	0.0
0.0	119.12666666666667	133.3	141.39333333333335	146.86666666666667	151.44666666666666	154.63333333333333	157.45333333333335	159.65333333333334	161.96	163.64	165.18	166.60666666666665	168.0	169.03333333333333	169.66	170.42	171.31333333333333	172.0	173.24666666666667	173.68666666666667	174.24	175.36	175.48666666666668	176.07333333333332	176.51333333333332	176.91333333333333	177.38666666666666	177.11333333333334	177.33333333333334	177.57333333333332	177.56	177.72666666666666	178.17333333333335	178.40666666666667	178.10666666666665	178.62	178.37333333333333	178.08	178.1	177.62666666666667	177.22	177.45333333333335	177.24	176.94	176.84	175.96666666666667	175.78666666666666	175.74666666666667	175.15333333333334	175.34	174.52	174.55333333333334	173.38666666666666	173.22	171.91333333333333	171.16666666666666	169.95333333333335	168.84	167.55333333333334	165.96	164.59333333333333	162.77333333333334	161.52666666666667	159.50666666666666	157.39333333333335	154.29333333333332	150.42666666666668	146.79333333333332	141.56666666666666	133.82	119.38	0.0
0.0	119.16666666666667	133.3	141.14	147.14666666666668	151.47333333333333	154.78	157.14	159.60666666666665	161.55333333333334	163.34	164.42	166.04	167.13333333333333	168.38	169.08666666666667	170.15333333333334	171.06	171.89333333333335	172.70666666666668	173.39333333333335	173.84666666666666	174.56666666666666	174.97333333333333	175.54	175.92666666666668	176.02666666666667	176.87333333333333	176.88	177.3	177.79333333333332	177.7	177.70666666666668	178.13333333333333	178.34666666666666	178.03333333333333	178.13333333333333	178.10666666666665	177.93333333333334	178.01333333333332	177.68666666666667	177.51333333333332	176.92	177.2	176.7	176.58666666666667	176.43333333333334	175.82	175.58	175.31333333333333	174.80666666666667	174.06	173.68666666666667	172.83333333333334	172.08	171.66	170.11333333333334	169.82666666666665	168.72	167.9	166.74666666666667	165.24666666666667	163.6	161.7	159.56666666666666	157.36666666666667	154.58	151.19333333333333	147.63333333333333	142.22	133.94666666666666	119.2	0.0
0.0	118.73333333333333	133.23333333333332	141.55333333333334	147.06666666666666	151.20666666666668	154.79333333333332	157.23333333333332	159.55333333333334	161.76	163.46666666666667	164.5	166.40666666666667	168.12	168.92666666666668	170.06666666666666	170.73333333333332	171.57333333333332	172.62	173.09333333333333	173.84	174.30666666666667	175.18666666666667	175.50666666666666	176.62666666666667	176.22666666666666	176.34666666666666	176.80666666666667	177.6	177.34	177.61333333333334	178.09333333333333	177.8	178.02	178.07333333333332	178.07333333333332	178.18	177.74666666666667	178.22	177.68666666666667	177.40666666666667	177.11333333333334	176.77333333333334	176.54666666666665	176.56666666666666	176.4	176.32	176.66666666666666	175.75333333333333	175.09333333333333	175.1	174.2	173.46	173.16666666666666	172.52	171.82	170.58	169.52666666666667	168.87333333333333	168.09333333333333	166.63333333333333	165.45333333333335	163.64666666666668	161.79333333333332	159.38666666666666	157.02	154.20666666666668	151.40666666666667	146.8	141.13333333333333	133.54	119.09333333333333	0.0
