0.0	127.00666666666666	139.48	145.41333333333333	148.86666666666667	151.23333333333332	153.06666666666666	154.0	154.86	155.53333333333333	155.99333333333334	156.46666666666667	156.86	157.54	157.81333333333333	158.26666666666668	158.53333333333333	158.84666666666666	158.86666666666667	159.38	159.74	159.93333333333334	160.12	160.06666666666666	160.37333333333333	160.38666666666666	160.6	160.48666666666668	160.60666666666665	160.82	160.81333333333333	161.16666666666666	160.99333333333334	161.29333333333332	161.19333333333333	161.25333333333333	161.38	161.19333333333333	160.91333333333333	161.02	161.16666666666666	160.82666666666665	161.14	160.91333333333333	160.85333333333332	160.79333333333332	160.49333333333334	160.46666666666667	160.16	160.16666666666666	160.09333333333333	159.72	159.7	159.24	159.4	159.64666666666668	158.74666666666667	158.60666666666665	158.32666666666665	157.97333333333333	157.35333333333332	157.15333333333334	156.6	155.84666666666666	154.86	154.01333333333332	152.67333333333335	150.86	148.59333333333333	145.43333333333334	139.64	127.02666666666667	0.0
0.0	126.24666666666667	139.39333333333335	145.22666666666666	148.60666666666665	151.20666666666668	152.36666666666667	153.57333333333332	154.87333333333333	155.56	156.45333333333335	156.50666666666666	156.82	157.52666666666667	158.04	158.08666666666667	158.62666666666667	159.0	159.00666666666666	159.16	159.02	159.38666666666666	159.46	159.53333333333333	159.72	160.10666666666665	160.17333333333335	159.77333333333334	160.12	160.25333333333333	160.36666666666667	160.26	160.64666666666668	160.57333333333332	160.50666666666666	160.56666666666666	160.68	160.38666666666666	160.46666666666667	160.34	160.64	160.51333333333332	160.22	160.17333333333335	159.96	159.57333333333332	159.47333333333333	159.62	159.55333333333334	159.52	159.40666666666667	159.18666666666667	159.45333333333335	159.13333333333333	159.09333333333333	158.94666666666666	158.65333333333334	158.20666666666668	158.26666666666668	157.78	157.64	156.84666666666666	156.44	155.74	154.96666666666667	153.58666666666667	152.47333333333333	150.94666666666666	148.75333333333333	145.4	139.71333333333334	126.7	0.0
0.0	126.62	139.64666666666668	145.4	149.13333333333333	151.06666666666666	152.82666666666665	153.93333333333334	154.77333333333334	155.85333333333332	156.12	156.98666666666668	157.46	158.14	158.32	158.56	158.54666666666665	159.19333333333333	159.25333333333333	159.52666666666667	159.44666666666666	159.26	159.63333333333333	159.90666666666667	160.16666666666666	160.51333333333332	160.11333333333334	160.41333333333333	160.27333333333334	160.56	160.55333333333334	160.54666666666665	160.56666666666666	160.78	160.72666666666666	160.38	160.37333333333333	160.04	160.15333333333334	160.55333333333334	160.51333333333332	160.32	160.1	160.12	159.87333333333333	159.88	159.83333333333334	159.96	160.02666666666667	159.84	159.94666666666666	159.58666666666667	159.23333333333332	159.02	158.76	158.71333333333334	158.62666666666667	158.54	157.8	157.58666666666667	157.1	156.95333333333335	156.44666666666666	155.51333333333332	155.18	154.28666666666666	152.85333333333332	151.20666666666668	148.7	145.34666666666666	139.78	127.02666666666667	0.0
0.0	127.15333333333334	139.76666666666668	145.62666666666667	149.16666666666666	151.48	153.16	153.94	155.13333333333333	155.71333333333334	156.52	156.82666666666665	157.75333333333333	157.87333333333333	158.48666666666668	158.74666666666667	158.97333333333333	159.53333333333333	159.69333333333333	159.61333333333334	160.09333333333333	160.38666666666666	160.42	160.58	160.72666666666666	161.11333333333334	160.93333333333334	161.11333333333334	160.82	161.05333333333334	161.28666666666666	161.23333333333332	161.05333333333334	161.36666666666667	160.82666666666665	161.04666666666665	161.0	161.36666666666667	160.94666666666666	160.85333333333332	160.77333333333334	160.85333333333332	160.50666666666666	160.42666666666668	160.25333333333333	160.32	159.97333333333333	159.86666666666667	160.08	159.83333333333334	159.85333333333332	159.86	159.46	159.38	158.94666666666666	158.80666666666667	158.61333333333334	158.78666666666666	158.38	157.88	157.5	157.30666666666667	156.83333333333334	156.03333333333333	155.15333333333334	154.22666666666666	152.89333333333335	151.03333333333333	149.07333333333332	145.60666666666665	139.84	127.08666666666667	0.0
0.0	126.80666666666667	139.53333333333333	145.26666666666668	148.63333333333333	150.8	152.72666666666666	153.62666666666667	154.91333333333333	155.33333333333334	156.16666666666666	156.48666666666668	156.68666666666667	157.18	157.62	157.82	158.48666666666668	158.60666666666665	159.1	158.95333333333335	158.94666666666666	159.59333333333333	159.72	159.47333333333333	159.86	159.58	159.92666666666668	159.84666666666666	160.18	160.11333333333334	160.34	160.34666666666666	160.4	160.05333333333334	160.35333333333332	160.72	160.48	160.54	160.48	160.24	160.75333333333333	160.51333333333332	160.60666666666665	160.37333333333333	160.58	160.42	159.88666666666666	160.40666666666667	160.09333333333333	159.96666666666667	159.53333333333333	159.55333333333334	159.47333333333333	159.49333333333334	159.31333333333333	159.56	158.96	158.54	158.28	158.38	157.24	156.96	156.26	155.55333333333334	155.0	153.99333333333334	152.70666666666668	151.38	148.72666666666666	145.06	139.39333333333335	127.15333333333334	0.0
0.0	126.77333333333333	139.54	145.64666666666668	149.13333333333333	151.44	152.75333333333333	154.04	155.13333333333333	155.9	156.40666666666667	157.26666666666668	157.71333333333334	157.96666666666667	158.14	158.49333333333334	158.48	159.0	158.95333333333335	159.07333333333332	159.45333333333335	159.51333333333332	160.0	160.20666666666668	160.04666666666665	160.36	160.26666666666668	160.20666666666668	160.79333333333332	160.98	160.67333333333335	160.74666666666667	160.87333333333333	160.72	160.90666666666667	160.8	160.73333333333332	160.94666666666666	160.37333333333333	160.7	160.81333333333333	160.71333333333334	160.78666666666666	160.53333333333333	160.56666666666666	160.11333333333334	160.08666666666667	159.80666666666667	159.72	159.57333333333332	159.64666666666668	159.00666666666666	159.12	159.03333333333333	158.84	158.47333333333333	158.86	158.43333333333334	158.06666666666666	157.62666666666667	157.5	156.72	156.55333333333334	155.73333333333332	154.95333333333335	153.89333333333335	152.70666666666668	151.14666666666668	148.95333333333335	145.40666666666667	139.78666666666666	126.72666666666667	0.0
0.0	126.97333333333333	139.94666666666666	145.78	148.89333333333335	151.03333333333333	153.09333333333333	154.06666666666666	154.8	155.62666666666667	156.48666666666668	156.92	157.22666666666666	157.38	157.99333333333334	158.68	158.66666666666666	159.04666666666665	159.08666666666667	159.14	159.03333333333333	159.35333333333332	159.59333333333333	159.48666666666668	159.86	159.63333333333333	159.90666666666667	159.97333333333333	159.8	159.79333333333332	160.09333333333333	159.86666666666667	159.9	160.18666666666667	160.18	159.93333333333334	160.04666666666665	160.10666666666665	160.16666666666666	160.26	159.98666666666668	160.36	160.49333333333334	160.50666666666666	160.32	160.12666666666667	160.14	160.19333333333333	160.71333333333334	160.3	159.86	159.82	159.5	159.56666666666666	159.37333333333333	158.82	158.77333333333334	158.28	157.93333333333334	157.69333333333333	157.27333333333334	156.95333333333335	156.72666666666666	156.08	155.07333333333332	154.17333333333335	153.18666666666667	151.4	149.09333333333333	145.18	139.25333333333333	127.15333333333334	0.0
0.0	127.55333333333333	139.66666666666666	145.28666666666666	148.53333333333333	150.68666666666667	152.62	153.63333333333333	154.72	155.58	155.88666666666666	156.84	157.06	157.40666666666667	157.7	158.06	158.55333333333334	158.9	158.97333333333333	159.18666666666667	159.63333333333333	159.39333333333335	159.60666666666665	159.84	159.64	159.90666666666667	159.65333333333334	159.80666666666667	160.28666666666666	160.03333333333333	159.94	159.95333333333335	160.28666666666666	160.35333333333332	160.44666666666666	160.36666666666667	160.22666666666666	160.11333333333334	160.39333333333335	160.00666666666666	160.16666666666666	159.82	160.07333333333332	160.11333333333334	160.18666666666667	159.99333333333334	160.18	159.99333333333334	159.79333333333332	159.93333333333334	159.76	159.48	159.21333333333334	159.14	158.75333333333333	158.81333333333333	158.25333333333333	157.94	157.32	157.11333333333334	156.71333333333334	156.22	155.7	154.93333333333334	154.60666666666665	153.05333333333334	152.46666666666667	150.93333333333334	148.44666666666666	145.15333333333334	139.35333333333332	126.6	0.0
0.0	127.24	139.96666666666667	145.30666666666667	148.78666666666666	151.33333333333334	153.22666666666666	154.05333333333334	154.66666666666666	155.67333333333335	155.96666666666667	156.58666666666667	157.06666666666666	157.66	157.78	158.47333333333333	158.31333333333333	158.58	158.76666666666668	158.82	158.72	159.24	159.16	159.23333333333332	159.64	160.04666666666665	159.90666666666667	159.97333333333333	160.08	160.04666666666665	160.28666666666666	160.37333333333333	160.36666666666667	160.65333333333334	160.16666666666666	159.97333333333333	160.46666666666667	160.20666666666668	160.44666666666666	160.12	160.10666666666665	159.99333333333334	160.23333333333332	160.04666666666665	160.11333333333334	160.12	160.22	159.68666666666667	159.76	159.52	159.32666666666665	159.54	159.48	159.31333333333333	158.87333333333333	159.00666666666666	158.98666666666668	158.15333333333334	157.85333333333332	157.96	157.51333333333332	157.26666666666668	156.22666666666666	156.00666666666666	155.2	154.06	152.67333333333335	150.88	148.88666666666666	145.20666666666668	139.36	126.93333333333334	0.0
0.0	127.19333333333333	139.84	145.26	148.94666666666666	151.09333333333333	152.98	154.01333333333332	155.04666666666665	155.74	156.47333333333333	157.03333333333333	157.60666666666665	157.99333333333334	158.16	158.69333333333333	158.7	158.98	158.88	159.20666666666668	159.43333333333334	159.36	159.32	159.97333333333333	160.08	160.12666666666667	160.24	160.16666666666666	160.41333333333333	160.31333333333333	160.27333333333334	160.32	160.20666666666668	160.38666666666666	160.58	160.69333333333333	160.52	160.34666666666666	160.33333333333334	159.96	159.87333333333333	159.88	160.04	159.98666666666668	160.17333333333335	160.25333333333333	160.05333333333334	160.09333333333333	160.22	160.04666666666665	160.09333333333333	159.76	159.51333333333332	159.20666666666668	159.08	159.01333333333332	158.61333333333334	157.82666666666665	157.51333333333332	157.28666666666666	156.73333333333332	156.55333333333334	156.05333333333334	155.24666666666667	154.45333333333335	154.09333333333333	152.68	151.13333333333333	148.66666666666666	145.54666666666665	139.52666666666667	127.01333333333334	0.0
0.0	126.52	139.32666666666665	144.77333333333334	148.72	150.91333333333333	152.85333333333332	153.98	154.46666666666667	155.32666666666665	156.06666666666666	156.49333333333334	157.03333333333333	157.29333333333332	157.92666666666668	158.25333333333333	158.31333333333333	158.6	158.58666666666667	159.22666666666666	159.10666666666665	159.32	159.85333333333332	160.2	160.46	160.84666666666666	160.74	160.64666666666668	160.76	160.39333333333335	160.76	160.59333333333333	160.68	160.50666666666666	160.82	160.71333333333334	160.63333333333333	160.98	160.78666666666666	160.88666666666666	160.58	160.62	160.53333333333333	160.51333333333332	160.30666666666667	160.51333333333332	160.27333333333334	160.29333333333332	160.01333333333332	159.88	159.60666666666665	159.38666666666666	159.27333333333334	159.09333333333333	158.78666666666666	158.20666666666668	158.38	158.14	157.76666666666668	157.66	157.28	156.72	156.23333333333332	155.38666666666666	154.53333333333333	153.75333333333333	152.43333333333334	150.79333333333332	148.45333333333335	145.36	139.46	126.97333333333333	0.0
0.0	127.04666666666667	139.63333333333333	145.53333333333333	149.06	151.04666666666665	152.46666666666667	153.83333333333334	154.63333333333333	155.54666666666665	156.04	156.89333333333335	157.04666666666665	157.36666666666667	157.96	158.28666666666666	158.41333333333333	158.63333333333333	158.65333333333334	158.88666666666666	158.93333333333334	159.31333333333333	159.68666666666667	160.11333333333334	160.41333333333333	160.43333333333334	160.38666666666666	160.78666666666666	160.70666666666668	160.53333333333333	160.67333333333335	160.63333333333333	160.55333333333334	160.35333333333332	160.33333333333334	160.65333333333334	160.67333333333335	160.67333333333335	160.76	160.4	160.21333333333334	160.18666666666667	160.14	160.06666666666666	160.14	160.04	160.07333333333332	159.88666666666666	159.90666666666667	159.4	159.20666666666668	159.16	159.23333333333332	159.14666666666668	158.92	158.87333333333333	158.6	158.3	157.9	157.49333333333334	156.83333333333334	156.44666666666666	156.12666666666667	155.72666666666666	154.81333333333333	153.83333333333334	152.57333333333332	150.86	148.7	145.22	139.61333333333334	126.84	0.0
0.0	126.71333333333334	139.44	145.49333333333334	148.74666666666667	150.75333333333333	152.70666666666668	153.90666666666667	154.78	155.59333333333333	155.70666666666668	156.38	156.76666666666668	157.18	157.63333333333333	157.89333333333335	158.24666666666667	158.22	158.74	159.40666666666667	159.31333333333333	159.19333333333333	159.37333333333333	159.70666666666668	159.80666666666667	159.57333333333332	159.88	160.18666666666667	160.46	160.46666666666667	160.2	160.16666666666666	160.42	160.23333333333332	160.36	160.07333333333332	160.17333333333335	159.78666666666666	159.9	160.12666666666667	160.37333333333333	159.96666666666667	159.95333333333335	160.08666666666667	160.1	160.33333333333334	160.07333333333332	160.13333333333333	159.43333333333334	159.47333333333333	159.28	159.44	159.56666666666666	159.20666666666668	158.7	158.32	158.53333333333333	157.91333333333333	157.6	157.38	156.90666666666667	156.39333333333335	156.12	155.72	154.94	153.94	152.68	150.98	148.77333333333334	145.50666666666666	139.94666666666666	127.28	0.0
0.0	126.90666666666667	139.26	144.79333333333332	148.62	150.82666666666665	152.08666666666667	153.34666666666666	154.60666666666665	155.19333333333333	155.63333333333333	156.07333333333332	156.70666666666668	157.0	157.52	158.08666666666667	158.24	158.24666666666667	158.36666666666667	158.38666666666666	158.70666666666668	158.80666666666667	159.16666666666666	159.29333333333332	159.54666666666665	159.37333333333333	159.40666666666667	159.55333333333334	159.84666666666666	160.03333333333333	160.12	160.25333333333333	160.50666666666666	160.37333333333333	160.24666666666667	160.21333333333334	160.53333333333333	160.34	160.38666666666666	160.37333333333333	160.19333333333333	160.38666666666666	159.71333333333334	159.98666666666668	159.70666666666668	159.65333333333334	159.51333333333332	159.02666666666667	159.14	159.01333333333332	158.94	158.98	159.16666666666666	158.64666666666668	158.34	158.18	158.04666666666665	157.73333333333332	157.37333333333333	156.90666666666667	156.68666666666667	156.15333333333334	155.81333333333333	155.2	154.30666666666667	153.29333333333332	152.36	150.68666666666667	148.60666666666665	145.36	139.23333333333332	126.96666666666667	0.0
0.0	126.86666666666666	139.82666666666665	145.61333333333334	148.89333333333335	150.90666666666667	152.33333333333334	153.82	154.86666666666667	155.57333333333332	156.13333333333333	156.92666666666668	157.05333333333334	157.64	158.08	158.31333333333333	158.39333333333335	158.75333333333333	158.97333333333333	159.19333333333333	159.17333333333335	159.12	159.58666666666667	159.7	159.90666666666667	159.69333333333333	159.86666666666667	159.37333333333333	159.43333333333334	159.72666666666666	159.93333333333334	160.57333333333332	160.40666666666667	160.48	160.42	160.41333333333333	160.16	160.36666666666667	160.5	160.66	160.50666666666666	160.39333333333335	160.28666666666666	160.58	160.24666666666667	160.08666666666667	160.06	160.15333333333334	160.27333333333334	159.74666666666667	159.88	159.40666666666667	159.4	159.22666666666666	158.72	158.56666666666666	158.43333333333334	158.24	157.74666666666667	157.66	157.01333333333332	156.82666666666665	156.34	155.40666666666667	154.58	154.06	152.58	150.94	148.88	145.6	139.26666666666668	126.86	0.0
0.0	126.62666666666667	139.28666666666666	145.21333333333334	148.57333333333332	150.92666666666668	152.56666666666666	153.78666666666666	154.56666666666666	155.49333333333334	155.86666666666667	156.29333333333332	156.64666666666668	157.04	157.67333333333335	157.78666666666666	158.2	158.34666666666666	158.42	158.92	158.90666666666667	159.06	159.56	159.58666666666667	159.26666666666668	159.56666666666666	159.41333333333333	159.27333333333334	159.72	159.82666666666665	159.97333333333333	159.70666666666668	159.73333333333332	159.76	160.13333333333333	159.86666666666667	160.18666666666667	159.73333333333332	159.66666666666666	159.69333333333333	160.02666666666667	159.89333333333335	159.76666666666668	159.56	159.95333333333335	159.90666666666667	159.56	159.46666666666667	159.47333333333333	159.57333333333332	159.2	159.06	159.25333333333333	158.86	158.98666666666668	159.02666666666667	158.25333333333333	158.16666666666666	157.85333333333332	157.81333333333333	156.99333333333334	156.19333333333333	156.38	155.58666666666667	154.75333333333333	153.76666666666668	152.54666666666665	151.32	148.76666666666668	145.43333333333334	139.49333333333334	127.08666666666667	0.0
0.0	126.8	139.54	145.32666666666665	149.01333333333332	150.94666666666666	152.80666666666667	154.07333333333332	154.82666666666665	155.79333333333332	156.30666666666667	156.81333333333333	157.18	157.73333333333332	158.30666666666667	158.33333333333334	158.85333333333332	158.99333333333334	159.22666666666666	159.57333333333332	159.97333333333333	159.9	160.03333333333333	160.33333333333334	159.83333333333334	160.16	160.41333333333333	160.5	160.40666666666667	160.30666666666667	160.05333333333334	160.32	160.40666666666667	160.42	160.49333333333334	160.64	160.62666666666667	160.72	160.64666666666668	160.54	160.54	160.68	160.3	160.28	160.28666666666666	160.34666666666666	159.84666666666666	159.65333333333334	159.70666666666668	159.66666666666666	159.54	159.34666666666666	159.05333333333334	158.86	158.7	158.52666666666667	158.26	158.1	157.69333333333333	157.28	156.84666666666666	156.60666666666665	156.26666666666668	155.45333333333335	154.88666666666666	153.91333333333333	152.65333333333334	150.95333333333335	148.90666666666667	145.52	140.02	126.75333333333333	0.0
0.0	126.85333333333334	139.46	145.68	148.54	151.0	152.13333333333333	153.49333333333334	154.40666666666667	155.36666666666667	156.06	156.53333333333333	157.15333333333334	157.55333333333334	158.09333333333333	158.66666666666666	158.50666666666666	158.96	159.13333333333333	159.23333333333332	159.62666666666667	159.78	159.60666666666665	159.94	160.08	160.23333333333332	160.39333333333335	160.18	160.44	160.44666666666666	160.56	160.34	160.65333333333334	160.66666666666666	160.37333333333333	160.25333333333333	160.58666666666667	160.94666666666666	160.52	160.50666666666666	160.6	160.77333333333334	160.58666666666667	160.68	160.66	160.4	160.27333333333334	160.22	160.20666666666668	159.86	159.6	159.60666666666665	159.4	158.93333333333334	159.11333333333334	159.05333333333334	158.7	158.22	158.08	157.86666666666667	157.51333333333332	156.98666666666668	156.54	155.83333333333334	155.3	154.36	152.85333333333332	151.2	148.82	145.61333333333334	139.74666666666667	127.01333333333334	0.0
0.0	126.86	139.61333333333334	145.26666666666668	148.72666666666666	151.10666666666665	152.74	153.88	154.97333333333333	155.76	156.47333333333333	156.78	157.46	157.74666666666667	158.2	158.26666666666668	158.23333333333332	158.46	158.96	159.07333333333332	159.24	159.56666666666666	159.48666666666668	160.04	160.15333333333334	159.76666666666668	160.13333333333333	159.86666666666667	160.38666666666666	160.18666666666667	160.08	160.15333333333334	160.28666666666666	160.32666666666665	160.32	160.46666666666667	160.56	160.64	160.69333333333333	160.58666666666667	160.56666666666666	160.3	160.13333333333333	160.36	160.62	160.47333333333333	160.3	159.99333333333334	160.04666666666665	160.00666666666666	159.92666666666668	159.58	159.11333333333334	158.88	158.94	158.52666666666667	158.42666666666668	158.13333333333333	157.98	157.64	157.48	156.82	156.30666666666667	155.77333333333334	154.99333333333334	154.20666666666668	152.90666666666667	150.87333333333333	148.83333333333334	145.08666666666667	139.29333333333332	126.61333333333333	0.0
0.0	127.12666666666667	139.72666666666666	145.64	148.58	151.18666666666667	152.54	154.03333333333333	155.07333333333332	155.88666666666666	156.22666666666666	156.78	157.38	157.52	157.94666666666666	158.60666666666665	158.70666666666668	158.69333333333333	159.5	159.36666666666667	159.6	159.54666666666665	159.94666666666666	160.29333333333332	159.97333333333333	160.16666666666666	160.36666666666667	160.56666666666666	160.91333333333333	160.84	160.94	160.35333333333332	160.61333333333334	160.66	160.43333333333334	160.72	160.86	160.48	160.42	160.31333333333333	160.53333333333333	160.31333333333333	160.51333333333332	160.68	160.30666666666667	159.98	160.19333333333333	160.06	159.73333333333332	159.92	159.40666666666667	159.02	158.76666666666668	158.7	158.74666666666667	158.69333333333333	158.58666666666667	158.45333333333335	158.3	157.72	157.34666666666666	156.89333333333335	156.15333333333334	155.36	154.78666666666666	153.86666666666667	152.69333333333333	151.12666666666667	148.76666666666668	145.66	139.85333333333332	127.32	0.0
0.0	126.42	139.60666666666665	145.33333333333334	148.78666666666666	151.16666666666666	152.57333333333332	153.56666666666666	154.72666666666666	155.48	156.1	156.61333333333334	156.72	157.44	157.80666666666667	157.81333333333333	158.16666666666666	158.38	158.48666666666668	158.74666666666667	159.02666666666667	159.54666666666665	159.80666666666667	159.78	159.76	159.88666666666666	160.26666666666668	160.25333333333333	160.04	160.13333333333333	159.94666666666666	160.01333333333332	159.95333333333335	160.01333333333332	160.23333333333332	160.10666666666665	160.07333333333332	160.15333333333334	160.44	160.22666666666666	160.02666666666667	159.74	160.14666666666668	159.90666666666667	160.37333333333333	160.10666666666665	160.00666666666666	159.97333333333333	159.98666666666668	160.02	159.87333333333333	159.73333333333332	159.42666666666668	159.21333333333334	158.77333333333334	158.64	158.32666666666665	157.96	158.21333333333334	157.41333333333333	157.27333333333334	156.92	156.17333333333335	155.50666666666666	154.7	153.69333333333333	152.72	151.02666666666667	148.96666666666667	145.60666666666665	139.83333333333334	126.99333333333334	0.0
0.0	126.64	139.28666666666666	145.27333333333334	148.69333333333333	151.24	152.83333333333334	153.68	154.84	155.52666666666667	156.21333333333334	156.46	157.23333333333332	157.32	157.65333333333334	157.90666666666667	158.19333333333333	158.26	158.46	158.96666666666667	159.0	159.35333333333332	159.64	159.70666666666668	159.82666666666665	159.91333333333333	159.79333333333332	160.08	160.20666666666668	160.36666666666667	160.47333333333333	160.8	159.92	160.07333333333332	160.40666666666667	160.46666666666667	160.31333333333333	160.43333333333334	160.65333333333334	160.22666666666666	160.45333333333335	160.39333333333335	160.56	160.46666666666667	160.63333333333333	160.83333333333334	160.32666666666665	160.37333333333333	160.3	159.98	159.92	159.82666666666665	159.58	159.44666666666666	159.26666666666668	159.00666666666666	158.75333333333333	158.3	158.5	157.98	157.52	156.68	156.24	155.80666666666667	155.14	153.91333333333333	152.58	150.90666666666667	149.09333333333333	145.43333333333334	139.25333333333333	126.4	0.0
0.0	126.70666666666666	139.54	145.02	148.81333333333333	151.46	153.04666666666665	154.00666666666666	155.06666666666666	155.36	156.42	156.91333333333333	157.50666666666666	157.95333333333335	158.32666666666665	158.52	158.75333333333333	158.79333333333332	159.16666666666666	159.6	159.59333333333333	159.80666666666667	159.99333333333334	160.11333333333334	159.69333333333333	159.92	160.0	160.13333333333333	160.15333333333334	160.32666666666665	160.63333333333333	160.83333333333334	160.53333333333333	160.58666666666667	160.80666666666667	160.87333333333333	161.06	160.72666666666666	160.6	160.57333333333332	160.53333333333333	160.58666666666667	160.41333333333333	160.33333333333334	160.49333333333334	160.62666666666667	160.44	160.46666666666667	160.24666666666667	160.16666666666666	159.98666666666668	159.7	159.59333333333333	159.31333333333333	159.02	158.84666666666666	158.68666666666667	158.42666666666668	158.18666666666667	157.77333333333334	157.84666666666666	157.10666666666665	156.86666666666667	156.27333333333334	155.41333333333333	154.44666666666666	153.27333333333334	151.12	149.00666666666666	145.7	139.28	126.64	0.0
0.0	126.88	139.41333333333333	145.45333333333335	148.64	150.88	152.5	153.92666666666668	154.84	155.58	155.96666666666667	156.59333333333333	157.19333333333333	157.66666666666666	157.93333333333334	158.24666666666667	158.4	158.19333333333333	158.54666666666665	158.64666666666668	159.04	159.26	159.56	159.70666666666668	159.92666666666668	159.80666666666667	159.93333333333334	160.36666666666667	160.2	160.18666666666667	160.36666666666667	160.30666666666667	160.63333333333333	160.84	160.48666666666668	160.71333333333334	160.62666666666667	160.66666666666666	160.31333333333333	160.64666666666668	160.48	160.44666666666666	160.47333333333333	159.89333333333335	160.17333333333335	159.72666666666666	159.66	159.60666666666665	159.52	159.55333333333334	159.26666666666668	159.32666666666665	159.08	158.86	158.74	158.42666666666668	158.30666666666667	158.07333333333332	157.73333333333332	157.78	157.10666666666665	156.42666666666668	156.34666666666666	155.52666666666667	154.4	153.66	152.44666666666666	150.69333333333333	148.54666666666665	145.16	139.22	126.96	0.0
0.0	126.72	139.85333333333332	145.69333333333333	149.13333333333333	150.41333333333333	152.34	153.44	154.72666666666666	155.63333333333333	156.17333333333335	156.37333333333333	156.88666666666666	157.67333333333335	157.67333333333335	158.01333333333332	158.35333333333332	158.46	158.56666666666666	158.64666666666668	159.22	159.51333333333332	159.52666666666667	159.73333333333332	159.92	160.0	159.99333333333334	160.08666666666667	159.81333333333333	159.95333333333335	160.32666666666665	160.31333333333333	160.06666666666666	160.3	160.42	160.20666666666668	160.03333333333333	159.86666666666667	160.08	160.09333333333333	159.98	160.02666666666667	160.15333333333334	159.56	159.72666666666666	160.04	160.13333333333333	159.82	159.46	159.47333333333333	159.37333333333333	159.02666666666667	159.04	158.91333333333333	158.74	158.51333333333332	158.26666666666668	158.1	157.61333333333334	157.04666666666665	157.14	156.42	156.08	155.47333333333333	154.42	153.74666666666667	152.85333333333332	150.97333333333333	148.64666666666668	145.12666666666667	139.5	126.54666666666667	0.0
0.0	127.01333333333334	139.75333333333333	145.34	148.80666666666667	150.97333333333333	152.63333333333333	153.63333333333333	154.95333333333335	155.88666666666666	156.15333333333334	157.0	157.61333333333334	158.05333333333334	158.33333333333334	158.56	158.58666666666667	159.14666666666668	159.16	159.11333333333334	159.23333333333332	159.48	159.53333333333333	159.45333333333335	159.94	160.24	160.16	160.38	160.36	160.46666666666667	160.39333333333335	159.97333333333333	160.36666666666667	160.26	160.58666666666667	160.50666666666666	160.96	160.93333333333334	161.04666666666665	160.96666666666667	160.96666666666667	160.86	161.23333333333332	161.04666666666665	160.75333333333333	160.54666666666665	160.44666666666666	160.50666666666666	160.39333333333335	160.40666666666667	160.1	159.99333333333334	159.59333333333333	159.02	159.06666666666666	158.7	158.56666666666666	158.09333333333333	158.08666666666667	157.63333333333333	157.14666666666668	156.88	156.27333333333334	155.51333333333332	154.67333333333335	153.56	152.22666666666666	151.01333333333332	148.46	145.11333333333334	139.88666666666666	126.59333333333333	0.0
0.0	126.91333333333333	139.49333333333334	145.66	149.1	151.28666666666666	152.84	153.82666666666665	154.63333333333333	155.48666666666668	156.31333333333333	156.89333333333335	157.12	157.48666666666668	157.86	158.18666666666667	158.58666666666667	158.79333333333332	159.06	159.26666666666668	159.43333333333334	159.20666666666668	159.88666666666666	159.76	160.16	160.22	160.27333333333334	160.03333333333333	160.03333333333333	160.1	160.10666666666665	160.18	160.06666666666666	160.18	160.08	160.26	160.29333333333332	160.54	160.46	160.32666666666665	160.4	160.32	160.33333333333334	160.08666666666667	160.04	160.28	160.09333333333333	159.84	159.46666666666667	159.42	159.57333333333332	159.09333333333333	158.94	158.74666666666667	158.45333333333335	158.56666666666666	157.95333333333335	157.64666666666668	157.61333333333334	157.16666666666666	156.64	156.12	155.78	154.81333333333333	154.05333333333334	153.08	152.03333333333333	150.71333333333334	148.68666666666667	145.22	139.4	126.80666666666667	0.0
0.0	126.94	139.76666666666668	145.3	148.81333333333333	151.24	152.56666666666666	153.57333333333332	154.79333333333332	155.32	156.08	156.42	156.92	157.34666666666666	157.54666666666665	157.94	158.16666666666666	158.32666666666665	158.54	158.82	159.05333333333334	158.96666666666667	159.61333333333334	159.38666666666666	159.66	159.74	160.33333333333334	160.38	159.9	160.50666666666666	160.28	160.55333333333334	160.14	160.70666666666668	160.29333333333332	160.44666666666666	160.25333333333333	160.31333333333333	160.08666666666667	160.38666666666666	160.49333333333334	160.34	160.54	160.19333333333333	160.24666666666667	160.07333333333332	159.98	159.96666666666667	159.74666666666667	159.94666666666666	159.67333333333335	159.22666666666666	158.97333333333333	159.03333333333333	158.94	158.29333333333332	158.36	158.12	157.91333333333333	157.23333333333332	156.84	156.64	155.72666666666666	155.27333333333334	154.56666666666666	153.77333333333334	152.59333333333333	150.94666666666666	148.63333333333333	145.59333333333333	139.68	126.84666666666666	0.0
0.0	127.2	139.73333333333332	145.71333333333334	148.8	150.46	151.94666666666666	153.09333333333333	154.06666666666666	154.86666666666667	155.42666666666668	156.21333333333334	156.47333333333333	157.1	157.14666666666668	157.55333333333334	158.04	158.04666666666665	158.56	158.81333333333333	159.0	158.96	159.48	159.01333333333332	159.24666666666667	159.35333333333332	159.50666666666666	159.65333333333334	159.88	159.83333333333334	160.02	159.99333333333334	160.11333333333334	160.2	160.09333333333333	160.11333333333334	160.18666666666667	160.36	160.35333333333332	160.29333333333332	159.89333333333335	160.04	159.88	159.95333333333335	159.81333333333333	159.79333333333332	159.48	159.6	159.76666666666668	159.43333333333334	159.6	159.27333333333334	159.19333333333333	159.17333333333335	158.73333333333332	158.70666666666668	158.27333333333334	157.96	157.73333333333332	157.5	157.02	156.28666666666666	155.64	155.16	154.48666666666668	153.68666666666667	152.06666666666666	150.41333333333333	148.6	145.04	139.1	126.49333333333334	0.0
0.0	126.94666666666667	139.63333333333333	145.28666666666666	148.99333333333334	150.89333333333335	152.46	153.76	154.74666666666667	155.47333333333333	155.98666666666668	156.97333333333333	157.31333333333333	157.42	157.98	158.43333333333334	158.74	159.12	159.31333333333333	159.5	159.11333333333334	159.06666666666666	159.58666666666667	159.93333333333334	159.8	160.04666666666665	160.30666666666667	160.28	160.36	160.23333333333332	160.12666666666667	159.96666666666667	160.07333333333332	160.23333333333332	160.13333333333333	159.97333333333333	160.02666666666667	160.1	160.24	160.29333333333332	160.86666666666667	160.50666666666666	160.19333333333333	160.10666666666665	160.23333333333332	160.02	159.93333333333334	159.91333333333333	159.61333333333334	159.78	159.42666666666668	159.28666666666666	159.09333333333333	158.72666666666666	158.34666666666666	158.27333333333334	158.00666666666666	157.96666666666667	157.30666666666667	157.04	157.10666666666665	156.4	156.11333333333334	155.19333333333333	154.68666666666667	153.8	152.51333333333332	151.42	148.77333333333334	145.31333333333333	139.42666666666668	126.38666666666667	0.0
0.0	126.8	139.62	145.4	148.72	151.14	152.58666666666667	153.94	154.78	155.75333333333333	156.59333333333333	157.48	157.68	158.35333333333332	158.18	158.6	158.83333333333334	158.86666666666667	159.00666666666666	159.42	159.60666666666665	159.81333333333333	160.30666666666667	160.42666666666668	160.66666666666666	160.73333333333332	160.82666666666665	160.64666666666668	160.54	160.80666666666667	160.98666666666668	160.91333333333333	160.70666666666668	161.04	160.80666666666667	160.82666666666665	160.50666666666666	160.6	160.54666666666665	160.53333333333333	160.92	160.5	160.58	160.26666666666668	160.44666666666666	160.1	160.25333333333333	159.96	160.24	160.24	160.02666666666667	159.78666666666666	159.80666666666667	159.55333333333334	159.34666666666666	158.74666666666667	158.80666666666667	158.38666666666666	158.19333333333333	157.51333333333332	156.98	156.68666666666667	156.18666666666667	155.5	154.92666666666668	153.84666666666666	152.74666666666667	151.07333333333332	148.71333333333334	145.28666666666666	139.5	127.12666666666667	0.0
0.0	126.75333333333333	139.71333333333334	145.46	148.77333333333334	151.04	152.41333333333333	153.90666666666667	155.09333333333333	155.73333333333332	156.12	156.94666666666666	157.31333333333333	157.52666666666667	157.90666666666667	158.48666666666668	158.49333333333334	158.94666666666666	159.25333333333333	159.44666666666666	159.60666666666665	159.50666666666666	159.73333333333332	159.86666666666667	159.81333333333333	160.00666666666666	160.09333333333333	160.38	160.08	160.28	159.92	159.88	160.22666666666666	160.26666666666668	159.96	159.92666666666668	160.11333333333334	160.32	160.35333333333332	160.40666666666667	160.39333333333335	160.28666666666666	160.06	160.0	159.94	159.89333333333335	160.0	159.63333333333333	159.58	159.38666666666666	159.28666666666666	159.25333333333333	158.64666666666668	158.58666666666667	158.38666666666666	158.38666666666666	158.26666666666668	158.00666666666666	157.79333333333332	157.55333333333334	157.14666666666668	156.71333333333334	156.31333333333333	155.66666666666666	155.36666666666667	154.13333333333333	152.76	151.06	148.84666666666666	145.42666666666668	139.32666666666665	126.57333333333334	0.0
0.0	126.92666666666666	139.68666666666667	145.33333333333334	148.68	151.31333333333333	152.52666666666667	153.76	154.92	156.0	156.52	157.04666666666665	157.22666666666666	157.73333333333332	157.9	158.66666666666666	158.93333333333334	159.03333333333333	159.21333333333334	159.33333333333334	159.72666666666666	159.41333333333333	159.77333333333334	159.69333333333333	159.88666666666666	160.28	160.35333333333332	160.18	160.22666666666666	160.32	160.4	159.98	160.16666666666666	160.02666666666667	160.58	160.25333333333333	160.42666666666668	160.67333333333335	160.2	160.4	160.43333333333334	160.16666666666666	160.17333333333335	159.96666666666667	159.92666666666668	159.92666666666668	159.67333333333335	160.05333333333334	159.84	159.55333333333334	159.58	159.24	158.88666666666666	159.12	158.81333333333333	158.61333333333334	158.38	158.22	158.18666666666667	157.66	157.14	156.64666666666668	156.21333333333334	156.1	155.14	153.98	152.86	151.22666666666666	148.95333333333335	145.78	139.51333333333332	127.30666666666667	0.0
0.0	126.74	139.49333333333334	145.11333333333334	148.56666666666666	150.38666666666666	151.72666666666666	153.00666666666666	154.42	155.22	155.77333333333334	156.39333333333335	156.74	157.04666666666665	157.32666666666665	157.98	158.21333333333334	158.32666666666665	158.51333333333332	158.78	158.93333333333334	159.05333333333334	159.39333333333335	159.46666666666667	159.66	159.74	159.64666666666668	159.64	159.5	159.69333333333333	160.28	159.88	160.08	160.2	160.32666666666665	160.49333333333334	160.22666666666666	160.58	160.46	160.44666666666666	160.60666666666665	160.74	160.5	160.16666666666666	160.14	160.12	160.12666666666667	160.34666666666666	160.06666666666666	159.73333333333332	159.47333333333333	159.65333333333334	159.36666666666667	159.07333333333332	158.94666666666666	158.72	158.60666666666665	158.09333333333333	157.86	157.02	156.99333333333334	156.40666666666667	155.91333333333333	155.45333333333335	154.68666666666667	153.68666666666667	152.37333333333333	150.80666666666667	148.52	144.95333333333335	139.24666666666667	126.72666666666667	0.0
0.0	127.16	139.88666666666666	145.24666666666667	149.09333333333333	151.05333333333334	152.99333333333334	153.92666666666668	154.42666666666668	155.38666666666666	156.07333333333332	156.70666666666668	157.52	157.99333333333334	158.04666666666665	158.43333333333334	158.87333333333333	158.77333333333334	158.96666666666667	159.22666666666666	159.15333333333334	159.07333333333332	159.23333333333332	159.57333333333332	159.78666666666666	159.87333333333333	160.22	160.3	160.08	160.34666666666666	160.70666666666668	160.71333333333334	160.89333333333335	160.86666666666667	160.63333333333333	160.92	160.76	160.96666666666667	160.78	160.28	160.54666666666665	160.74666666666667	160.84666666666666	160.72	160.59333333333333	160.24666666666667	160.46	160.47333333333333	159.91333333333333	159.88666666666666	159.38666666666666	159.21333333333334	159.12666666666667	158.99333333333334	158.72666666666666	158.38	158.1	157.43333333333334	157.22666666666666	156.91333333333333	156.63333333333333	156.23333333333332	155.92666666666668	155.14	154.44	153.26666666666668	152.32666666666665	150.56	148.37333333333333	145.37333333333333	139.46	126.80666666666667	0.0
0.0	127.26666666666667	139.95333333333335	145.31333333333333	149.1	151.09333333333333	152.78	154.12	154.58	155.32	156.17333333333335	156.87333333333333	157.50666666666666	157.76666666666668	158.1	158.46	158.6	158.95333333333335	159.15333333333334	159.30666666666667	159.52666666666667	159.53333333333333	159.66666666666666	159.65333333333334	159.7	159.75333333333333	159.72666666666666	159.94	159.84	159.85333333333332	159.96666666666667	160.0	159.76	159.84	160.12666666666667	160.31333333333333	160.0	160.46666666666667	160.06	160.07333333333332	159.91333333333333	160.20666666666668	160.50666666666666	160.12	160.12	159.98	159.70666666666668	160.06	160.01333333333332	159.58	159.62666666666667	159.3	159.31333333333333	158.9	158.8	158.93333333333334	158.54	158.18	157.8	157.32	157.24666666666667	156.62	156.23333333333332	155.5	154.78	153.96	152.52666666666667	150.83333333333334	148.55333333333334	145.6	139.64666666666668	127.16	0.0
0.0	127.10666666666667	139.56666666666666	145.43333333333334	148.98666666666668	151.16666666666666	152.62666666666667	154.08666666666667	155.15333333333334	155.76666666666668	156.36666666666667	156.54	157.08666666666667	157.53333333333333	158.00666666666666	158.61333333333334	158.89333333333335	159.02	158.86	159.45333333333335	159.54666666666665	159.98666666666668	159.75333333333333	160.1	160.02	160.4	160.08666666666667	160.14	160.18666666666667	160.34666666666666	160.49333333333334	160.44666666666666	160.24	160.5	160.3	160.54666666666665	160.2	160.38	160.28	160.12666666666667	160.48	160.32	160.17333333333335	160.28	160.19333333333333	160.28666666666666	160.0	159.94666666666666	159.96	159.74666666666667	159.66666666666666	159.44	159.3	159.14	159.06	159.07333333333332	158.5	158.02	158.1	157.64	157.04666666666665	156.56	156.0	155.64666666666668	154.72666666666666	154.16666666666666	152.62	150.64666666666668	148.59333333333333	145.52666666666667	139.47333333333333	126.54666666666667	0.0
0.0	126.88666666666667	139.6	145.09333333333333	148.54666666666665	151.12666666666667	152.21333333333334	153.4	154.4	155.62666666666667	155.53333333333333	156.54666666666665	156.69333333333333	156.93333333333334	157.27333333333334	157.78666666666666	157.97333333333333	158.07333333333332	158.27333333333334	158.54	158.78666666666666	158.97333333333333	158.96666666666667	159.08	159.22	159.56	159.50666666666666	159.5	159.82666666666665	159.76666666666668	160.09333333333333	159.96	160.51333333333332	160.18	160.04	160.09333333333333	160.52	160.50666666666666	160.54666666666665	160.81333333333333	160.63333333333333	160.47333333333333	160.15333333333334	159.89333333333335	160.44666666666666	160.04	159.91333333333333	159.81333333333333	159.52666666666667	159.4	159.56	159.18	159.28666666666666	158.97333333333333	158.72666666666666	158.63333333333333	158.64666666666668	158.22666666666666	157.96666666666667	157.64	157.03333333333333	156.55333333333334	155.70666666666668	155.06	154.54	153.69333333333333	152.44666666666666	150.74	148.97333333333333	145.34666666666666	139.9	126.48	0.0
0.0	126.87333333333333	139.36666666666667	145.70666666666668	148.96	151.43333333333334	153.04	153.95333333333335	155.12666666666667	155.7	156.15333333333334	156.81333333333333	157.34666666666666	157.66666666666666	158.22	158.04666666666665	158.44	158.58	158.74666666666667	158.63333333333333	159.23333333333332	159.36	159.82666666666665	160.2	160.26666666666668	160.16666666666666	160.36666666666667	160.46666666666667	160.64666666666668	160.51333333333332	160.68	160.3	160.42	160.4	160.43333333333334	160.21333333333334	160.36666666666667	160.44666666666666	160.54666666666665	160.54666666666665	160.66	160.44	160.59333333333333	160.61333333333334	160.29333333333332	160.26	160.23333333333332	160.25333333333333	160.21333333333334	160.12666666666667	159.98	159.86666666666667	159.52666666666667	159.12	158.9	158.94	158.57333333333332	158.45333333333335	158.48	158.10666666666665	157.64	157.10666666666665	156.19333333333333	155.68	154.69333333333333	153.98	152.97333333333333	151.19333333333333	149.21333333333334	145.78	139.79333333333332	126.64	0.0
0.0	126.66666666666667	139.3	145.18	148.43333333333334	151.3	152.43333333333334	153.78666666666666	154.74666666666667	156.04666666666665	156.48	157.01333333333332	157.42666666666668	157.7	158.00666666666666	157.91333333333333	158.34	158.60666666666665	158.90666666666667	159.35333333333332	159.16666666666666	159.21333333333334	159.47333333333333	160.02666666666667	160.05333333333334	160.18	160.21333333333334	160.27333333333334	160.66	160.53333333333333	160.64	160.76666666666668	160.42	160.3	160.63333333333333	160.38666666666666	160.52	160.54666666666665	160.60666666666665	160.65333333333334	160.90666666666667	160.58	160.28	160.58666666666667	160.42	160.18666666666667	160.05333333333334	160.18	160.0	159.96	159.97333333333333	159.81333333333333	159.86	159.21333333333334	158.89333333333335	158.32666666666665	158.67333333333335	158.71333333333334	158.41333333333333	157.72	157.32	156.78	156.26	155.73333333333332	154.98666666666668	154.24666666666667	152.92	151.24666666666667	148.92	145.53333333333333	139.60666666666665	126.7	0.0
0.0	127.12666666666667	139.65333333333334	145.41333333333333	148.88666666666666	150.91333333333333	152.56	153.9	154.69333333333333	155.58	156.12666666666667	156.47333333333333	157.40666666666667	157.92	157.98	158.52	159.04666666666665	158.82	159.18	159.27333333333334	159.7	159.59333333333333	159.26666666666668	159.74	159.87333333333333	159.88666666666666	160.02	160.16	160.04666666666665	160.26	160.62666666666667	160.65333333333334	160.54666666666665	160.69333333333333	160.35333333333332	160.26666666666668	160.24666666666667	160.42666666666668	160.66	160.47333333333333	160.46666666666667	160.64666666666668	160.55333333333334	160.58666666666667	160.52666666666667	160.21333333333334	160.24666666666667	160.15333333333334	159.92	159.95333333333335	159.82666666666665	159.45333333333335	159.16	158.99333333333334	158.88666666666666	158.39333333333335	158.29333333333332	158.37333333333333	157.8	157.22	156.91333333333333	156.38666666666666	155.98	155.34666666666666	154.49333333333334	153.8	152.35333333333332	151.01333333333332	148.90666666666667	145.70666666666668	139.60666666666665	126.96	0.0
0.0	126.22666666666667	139.60666666666665	145.47333333333333	148.6	150.89333333333335	152.44	153.48666666666668	154.67333333333335	155.61333333333334	156.02666666666667	156.10666666666665	157.02	157.16	157.66666666666666	158.29333333333332	158.1	158.46	158.73333333333332	159.46	159.34666666666666	159.86	159.68666666666667	160.11333333333334	160.1	160.25333333333333	160.11333333333334	160.38	160.02666666666667	160.16666666666666	160.37333333333333	160.32	160.17333333333335	160.3	160.29333333333332	160.30666666666667	159.9	160.18	159.95333333333335	159.82666666666665	160.2	160.04666666666665	159.9	160.14666666666668	159.92	159.77333333333334	159.53333333333333	159.61333333333334	159.48666666666668	159.47333333333333	159.4	159.25333333333333	159.34666666666666	158.72666666666666	158.66666666666666	158.48	158.12	158.05333333333334	157.60666666666665	157.14666666666668	157.07333333333332	156.6	156.19333333333333	155.66	154.88	153.75333333333333	152.52	150.88666666666666	148.62666666666667	145.33333333333334	139.34666666666666	126.96666666666667	0.0
0.0	127.05333333333333	139.57333333333332	145.52	148.54	150.95333333333335	152.36	153.86	154.62	155.54	156.10666666666665	156.68	157.76666666666668	157.84	158.26	158.66	158.82666666666665	158.94	159.13333333333333	159.21333333333334	159.42666666666668	159.82	159.56666666666666	160.42	160.30666666666667	160.40666666666667	160.56	160.54666666666665	160.63333333333333	160.74	160.84666666666666	160.53333333333333	160.78	160.68666666666667	160.68666666666667	160.78666666666666	160.32	160.86666666666667	160.74	160.54	160.80666666666667	160.57333333333332	160.58	160.56666666666666	160.49333333333334	160.28666666666666	160.12666666666667	160.30666666666667	160.14	160.04666666666665	159.91333333333333	159.86	159.74666666666667	159.50666666666666	159.08666666666667	159.3	158.59333333333333	158.62	158.0	157.96	157.34666666666666	156.55333333333334	156.36	155.6	154.97333333333333	153.47333333333333	152.46666666666667	151.38666666666666	148.83333333333334	145.81333333333333	139.9	126.80666666666667	0.0
0.0	126.92	139.80666666666667	145.57333333333332	149.24	151.23333333333332	152.61333333333334	153.79333333333332	154.62	155.50666666666666	156.14	156.89333333333335	157.35333333333332	158.02666666666667	158.22	158.47333333333333	158.52666666666667	159.12	159.65333333333334	159.67333333333335	159.90666666666667	159.93333333333334	160.11333333333334	160.12	160.36666666666667	160.66	160.41333333333333	160.32	160.68666666666667	160.66	160.22666666666666	160.28666666666666	160.76666666666668	160.56666666666666	160.38666666666666	160.38666666666666	160.26666666666668	160.10666666666665	160.12666666666667	160.42	160.77333333333334	160.46666666666667	160.38	160.55333333333334	160.52	160.35333333333332	160.24	160.20666666666668	160.07333333333332	159.88666666666666	159.78	159.8	159.72	159.65333333333334	159.28666666666666	158.86666666666667	158.62666666666667	158.41333333333333	158.65333333333334	158.06	157.28	157.41333333333333	156.21333333333334	155.58	154.74666666666667	154.04666666666665	152.69333333333333	150.94	148.68666666666667	145.09333333333333	139.52	127.26666666666667	0.0
0.0	126.50666666666666	139.08	145.38666666666666	148.65333333333334	150.82666666666665	152.8	153.62	154.74	155.56	156.18	156.72	157.07333333333332	157.42	157.66666666666666	157.92	158.20666666666668	158.36	158.70666666666668	158.58666666666667	158.68	159.06	159.36666666666667	159.21333333333334	159.62	160.01333333333332	159.66666666666666	159.92666666666668	159.86	160.06666666666666	160.06	160.18	160.16	160.17333333333335	160.58	160.36	160.11333333333334	160.19333333333333	160.15333333333334	160.15333333333334	160.43333333333334	160.54	160.07333333333332	160.09333333333333	160.27333333333334	160.00666666666666	160.02666666666667	159.84666666666666	159.72666666666666	159.54666666666665	159.61333333333334	159.34	159.1	159.25333333333333	159.05333333333334	158.93333333333334	158.74666666666667	158.41333333333333	158.02	157.68	157.52	156.52666666666667	156.11333333333334	155.77333333333334	154.68	153.72	152.24666666666667	150.58666666666667	148.71333333333334	145.21333333333334	139.38	126.60666666666667	0.0
0.0	126.96666666666667	139.73333333333332	145.32	148.58666666666667	151.07333333333332	152.34	154.16	154.95333333333335	155.56666666666666	156.34	156.88	157.37333333333333	157.74666666666667	158.18666666666667	158.60666666666665	159.02666666666667	159.12666666666667	159.54	159.39333333333335	159.42	159.70666666666668	160.0	160.15333333333334	160.42666666666668	160.59333333333333	160.33333333333334	160.68	160.54666666666665	161.11333333333334	161.3	161.17333333333335	161.08	161.37333333333333	161.30666666666667	161.38	161.48666666666668	161.42	161.66	161.45333333333335	161.42	161.35333333333332	160.96666666666667	160.77333333333334	160.52666666666667	160.50666666666666	160.61333333333334	160.29333333333332	160.27333333333334	160.22	160.19333333333333	159.90666666666667	160.16	159.68	159.32666666666665	159.02	158.90666666666667	158.24	158.32	157.82	157.41333333333333	156.98666666666668	156.61333333333334	156.30666666666667	154.87333333333333	153.98	153.08	151.35333333333332	148.95333333333335	145.48666666666668	139.56	126.72	0.0
0.0	126.26	139.43333333333334	145.15333333333334	148.26	150.66666666666666	152.18	153.48666666666668	154.12	155.05333333333334	155.47333333333333	156.28666666666666	156.44666666666666	156.71333333333334	157.32	157.99333333333334	157.94666666666666	158.19333333333333	158.38	158.85333333333332	158.96666666666667	158.70666666666668	158.80666666666667	158.95333333333335	159.14	159.3	159.10666666666665	159.26	159.60666666666665	159.54	159.83333333333334	159.99333333333334	159.74	159.86	159.62	159.66	159.71333333333334	159.54666666666665	159.75333333333333	159.74	159.68666666666667	159.82666666666665	159.77333333333334	159.68666666666667	159.46	159.38666666666666	159.26666666666668	159.14	159.0	158.88666666666666	158.98	158.83333333333334	158.98	158.65333333333334	157.86666666666667	158.08666666666667	157.93333333333334	157.78666666666666	157.27333333333334	156.98	156.79333333333332	156.14666666666668	155.86666666666667	155.32666666666665	154.34666666666666	152.98666666666668	152.23333333333332	150.39333333333335	148.50666666666666	145.15333333333334	139.35333333333332	126.70666666666666	0.0
0.0	126.92	139.68666666666667	145.29333333333332	148.64666666666668	150.91333333333333	152.43333333333334	153.57333333333332	154.39333333333335	155.14	156.02	156.37333333333333	156.90666666666667	157.10666666666665	157.3	158.13333333333333	158.56666666666666	158.7	158.57333333333332	158.75333333333333	158.77333333333334	159.05333333333334	159.15333333333334	159.23333333333332	159.45333333333335	159.7	159.70666666666668	159.68	159.66666666666666	160.33333333333334	160.20666666666668	160.26666666666668	160.27333333333334	160.36666666666667	160.42666666666668	160.3	160.3	160.39333333333335	160.38666666666666	160.63333333333333	160.42	160.36666666666667	160.4	160.7	160.05333333333334	159.84666666666666	159.96	160.08	159.46666666666667	159.77333333333334	159.39333333333335	159.01333333333332	159.31333333333333	159.14666666666668	158.64666666666668	158.38666666666666	158.34666666666666	157.83333333333334	157.54	157.4	156.77333333333334	156.44666666666666	156.04	155.09333333333333	154.53333333333333	153.66666666666666	152.27333333333334	150.74666666666667	148.4	145.01333333333332	139.36666666666667	126.88666666666667	0.0
0.0	126.5	139.34	144.95333333333335	148.46666666666667	150.93333333333334	152.60666666666665	154.01333333333332	154.64	155.72	156.02666666666667	156.54	157.08666666666667	157.36666666666667	157.75333333333333	158.31333333333333	158.37333333333333	158.32	158.66666666666666	158.92	159.26666666666668	159.41333333333333	159.61333333333334	159.39333333333335	159.27333333333334	159.65333333333334	159.54	159.74	159.68666666666667	159.89333333333335	160.09333333333333	159.81333333333333	160.04	159.86666666666667	160.14	159.78	159.93333333333334	160.40666666666667	160.24666666666667	160.43333333333334	160.32	160.36666666666667	160.6	160.21333333333334	159.86	159.92666666666668	160.16	159.87333333333333	159.78	159.36666666666667	159.34666666666666	159.16	159.34	159.13333333333333	159.05333333333334	158.89333333333335	158.82666666666665	158.42666666666668	157.73333333333332	157.54	157.07333333333332	156.88	156.17333333333335	155.34666666666666	154.82666666666665	153.82	152.84666666666666	151.41333333333333	149.16666666666666	145.34	139.40666666666667	126.32666666666667	0.0
0.0	127.05333333333333	139.62	145.20666666666668	148.44666666666666	150.73333333333332	152.4	153.60666666666665	154.63333333333333	155.42	155.9	156.68	157.1	157.54666666666665	157.91333333333333	158.28	158.14	158.95333333333335	158.94666666666666	159.11333333333334	158.96666666666667	159.24666666666667	159.74666666666667	160.12	159.82666666666665	160.12666666666667	160.02	160.12666666666667	160.45333333333335	160.43333333333334	160.18	160.30666666666667	160.32666666666665	160.36666666666667	160.62	160.35333333333332	160.23333333333332	160.20666666666668	160.42	160.42666666666668	160.16	160.13333333333333	159.93333333333334	160.08	160.21333333333334	160.16666666666666	160.08666666666667	160.38666666666666	159.88666666666666	159.65333333333334	159.86666666666667	159.46	159.26666666666668	159.17333333333335	159.02666666666667	158.56	158.36666666666667	158.28666666666666	158.05333333333334	157.87333333333333	156.97333333333333	156.48666666666668	155.78	155.24666666666667	154.55333333333334	153.53333333333333	152.51333333333332	150.93333333333334	148.64666666666668	145.58666666666667	139.46666666666667	126.62666666666667	0.0
0.0	127.05333333333333	139.84666666666666	145.34666666666666	148.54	150.78666666666666	152.53333333333333	153.62	154.46	155.35333333333332	155.96666666666667	156.55333333333334	156.84	157.20666666666668	157.72666666666666	157.66	158.03333333333333	158.38	158.68666666666667	158.98	159.24666666666667	159.66	159.48666666666668	159.50666666666666	159.6	160.13333333333333	159.92	160.02666666666667	159.9	160.37333333333333	160.32666666666665	160.34	160.45333333333335	160.48	160.74666666666667	160.40666666666667	160.19333333333333	160.63333333333333	160.48666666666668	160.32	160.36666666666667	160.36	160.60666666666665	160.57333333333332	160.45333333333335	160.35333333333332	160.46666666666667	160.47333333333333	160.31333333333333	160.26666666666668	159.84	159.77333333333334	159.5	159.48666666666668	159.53333333333333	158.78	158.20666666666668	158.24666666666667	157.40666666666667	157.27333333333334	157.17333333333335	156.63333333333333	155.92	155.48	154.64	153.78666666666666	152.86666666666667	151.15333333333334	148.84666666666666	145.02666666666667	139.15333333333334	126.70666666666666	0.0
0.0	126.47333333333333	139.29333333333332	145.22666666666666	148.6	150.99333333333334	152.44	153.68	154.48	155.52	156.24	156.99333333333334	157.63333333333333	157.59333333333333	157.87333333333333	158.08666666666667	158.41333333333333	159.02666666666667	158.65333333333334	159.18	159.44	159.61333333333334	159.52	159.52	159.76	159.86	159.93333333333334	159.92	159.99333333333334	160.53333333333333	160.33333333333334	160.37333333333333	160.4	160.38	160.46666666666667	160.74666666666667	160.67333333333335	160.44	160.53333333333333	160.42666666666668	160.33333333333334	160.03333333333333	159.74	160.15333333333334	159.98666666666668	160.04	160.13333333333333	159.88666666666666	159.80666666666667	159.64	159.62666666666667	159.34	159.04	158.61333333333334	158.67333333333335	158.50666666666666	158.18666666666667	157.55333333333334	157.54666666666665	157.28666666666666	156.83333333333334	156.23333333333332	155.68666666666667	154.92	154.36	153.54666666666665	152.42666666666668	150.82	148.82	145.13333333333333	139.43333333333334	126.18	0.0
0.0	126.56666666666666	139.43333333333334	145.03333333333333	148.72	151.08	152.94666666666666	154.0	154.64666666666668	155.88	156.31333333333333	156.96666666666667	157.29333333333332	158.04	158.33333333333334	158.76666666666668	158.95333333333335	159.06	159.14666666666668	159.48	159.62	160.03333333333333	159.84666666666666	159.92666666666668	160.44	160.64666666666668	160.42	160.46666666666667	160.66666666666666	160.34	160.79333333333332	160.58	160.77333333333334	160.91333333333333	160.76	160.79333333333332	161.00666666666666	160.88	161.18666666666667	160.92666666666668	160.86666666666667	160.84	160.90666666666667	160.6	160.53333333333333	160.34666666666666	160.43333333333334	160.19333333333333	160.21333333333334	160.28	159.82	160.29333333333332	160.35333333333332	159.88	159.43333333333334	159.44666666666666	159.32666666666665	159.15333333333334	158.91333333333333	158.48	157.88666666666666	157.26	156.6	155.62666666666667	155.02666666666667	154.26	153.05333333333334	151.38666666666666	148.86666666666667	146.07333333333332	139.76666666666668	126.96666666666667	0.0
0.0	126.49333333333334	138.96	144.88	148.26	150.89333333333335	152.32666666666665	153.41333333333333	154.29333333333332	154.78666666666666	155.55333333333334	156.24666666666667	156.5	156.80666666666667	157.38	157.8	157.91333333333333	158.46666666666667	158.8	159.0	159.36666666666667	159.35333333333332	159.82666666666665	160.00666666666666	159.94666666666666	160.25333333333333	160.14666666666668	159.77333333333334	160.11333333333334	160.14	160.22	160.58666666666667	160.6	160.09333333333333	160.39333333333335	160.18666666666667	160.07333333333332	160.18666666666667	160.01333333333332	160.30666666666667	160.27333333333334	160.26666666666668	159.80666666666667	160.01333333333332	159.92	160.11333333333334	159.94666666666666	159.61333333333334	159.33333333333334	159.56	159.04	158.88666666666666	158.76666666666668	158.72666666666666	158.56	158.59333333333333	158.08	158.04	157.52666666666667	157.00666666666666	156.16	156.25333333333333	155.33333333333334	154.7	154.52666666666667	153.46	152.42	150.93333333333334	148.68666666666667	145.00666666666666	139.18	126.26	0.0
0.0	126.72	139.62	145.50666666666666	149.35333333333332	151.40666666666667	152.8	154.14666666666668	155.01333333333332	155.83333333333334	156.6	157.06666666666666	157.42666666666668	157.86	158.06666666666666	158.52666666666667	158.75333333333333	159.22	159.1	159.58	159.57333333333332	159.96	160.26	160.15333333333334	160.00666666666666	160.3	160.66666666666666	160.82	160.72	160.9	161.05333333333334	161.06	160.8	160.92	160.67333333333335	160.92666666666668	160.92666666666668	160.80666666666667	161.05333333333334	160.69333333333333	160.76666666666668	160.93333333333334	160.92	160.66666666666666	160.37333333333333	160.53333333333333	160.16	159.82	159.77333333333334	159.87333333333333	159.72	159.86	159.72666666666666	159.5	159.64666666666668	158.98666666666668	159.03333333333333	159.02666666666667	158.49333333333334	158.04666666666665	157.53333333333333	156.80666666666667	156.72666666666666	155.85333333333332	154.93333333333334	153.94666666666666	152.73333333333332	150.87333333333333	148.72	145.49333333333334	139.42	127.07333333333334	0.0
0.0	126.82	139.4	145.32666666666665	148.78	151.32666666666665	152.95333333333335	154.36	155.66	156.09333333333333	156.40666666666667	156.98666666666668	157.32666666666665	157.82666666666665	157.66666666666666	158.06	158.17333333333335	158.59333333333333	159.1	159.03333333333333	159.40666666666667	159.54666666666665	159.63333333333333	159.62	159.74666666666667	159.78666666666666	159.96	160.04666666666665	160.24	160.03333333333333	160.34666666666666	160.15333333333334	160.39333333333335	160.52666666666667	160.56	160.44	160.51333333333332	160.57333333333332	160.94	160.8	160.53333333333333	160.48	160.70666666666668	160.53333333333333	160.31333333333333	160.59333333333333	160.51333333333332	160.32	160.37333333333333	160.15333333333334	159.94	159.88666666666666	159.68	159.44666666666666	159.17333333333335	159.00666666666666	158.88666666666666	158.63333333333333	157.94666666666666	157.63333333333333	157.25333333333333	156.96666666666667	156.14666666666668	155.68666666666667	155.01333333333332	153.64	152.48666666666668	151.02666666666667	148.8	145.18	139.5	126.88666666666667	0.0
0.0	127.10666666666667	139.73333333333332	145.56	149.07333333333332	151.16	152.59333333333333	154.13333333333333	154.79333333333332	155.67333333333335	156.50666666666666	156.9	157.56666666666666	157.83333333333334	158.25333333333333	158.30666666666667	158.78666666666666	158.98666666666668	159.06	159.60666666666665	159.59333333333333	160.07333333333332	160.20666666666668	160.19333333333333	159.70666666666668	160.15333333333334	160.16666666666666	160.30666666666667	159.94	160.2	160.44666666666666	160.55333333333334	160.68666666666667	160.93333333333334	160.99333333333334	161.44666666666666	161.20666666666668	161.12666666666667	161.22	161.25333333333333	161.06666666666666	161.34666666666666	160.85333333333332	160.79333333333332	160.75333333333333	160.86	160.48	160.46666666666667	160.21333333333334	160.35333333333332	160.4	160.16666666666666	160.09333333333333	160.19333333333333	159.84666666666666	159.86666666666667	159.47333333333333	158.93333333333334	158.52666666666667	157.98666666666668	157.6	157.14666666666668	156.40666666666667	156.21333333333334	155.16666666666666	153.88666666666666	152.85333333333332	151.20666666666668	148.81333333333333	145.67333333333335	139.62666666666667	126.77333333333333	0.0
0.0	126.55333333333333	139.36666666666667	145.6	148.77333333333334	150.51333333333332	151.96666666666667	153.24	154.3	155.20666666666668	155.7	156.59333333333333	156.92	157.38	157.77333333333334	157.80666666666667	158.16	158.04666666666665	158.52666666666667	158.68	158.98	159.19333333333333	158.99333333333334	158.94	159.24	159.26	159.46	159.42	159.58666666666667	159.37333333333333	159.57333333333332	159.84666666666666	159.96666666666667	159.81333333333333	159.82	159.85333333333332	159.75333333333333	159.91333333333333	160.08666666666667	160.04	160.22	159.89333333333335	160.08	159.82666666666665	159.88666666666666	159.71333333333334	159.78666666666666	159.42666666666668	159.18	159.1	158.58666666666667	158.98	158.83333333333334	158.64666666666668	158.2	158.19333333333333	158.14666666666668	157.90666666666667	157.66	157.21333333333334	156.82666666666665	155.87333333333333	155.38666666666666	155.06	154.1	153.35333333333332	152.15333333333334	150.43333333333334	148.71333333333334	145.18666666666667	139.42666666666668	126.98	0.0
0.0	127.12	139.75333333333333	145.47333333333333	148.95333333333335	151.16666666666666	152.5	153.38666666666666	154.38	155.42	155.80666666666667	156.12666666666667	156.6	157.26	157.45333333333335	158.05333333333334	158.07333333333332	158.76	159.08	158.99333333333334	159.17333333333335	159.18666666666667	159.26	159.35333333333332	159.61333333333334	159.89333333333335	159.87333333333333	160.0	160.14666666666668	160.08	159.78	160.04666666666665	160.12	160.21333333333334	160.40666666666667	160.44	160.05333333333334	160.42666666666668	160.14666666666668	160.52	160.30666666666667	160.00666666666666	160.33333333333334	160.28666666666666	159.97333333333333	160.20666666666668	160.42666666666668	160.3	160.00666666666666	159.69333333333333	159.46	159.3	158.84	159.05333333333334	158.99333333333334	158.37333333333333	158.37333333333333	158.3	158.18666666666667	157.68666666666667	157.02666666666667	156.30666666666667	155.65333333333334	155.33333333333334	154.90666666666667	154.02666666666667	152.92	151.06666666666666	148.70666666666668	145.40666666666667	139.61333333333334	126.83333333333333	0.0
0.0	126.62	139.84	145.62	149.02	151.12	152.77333333333334	153.9	154.79333333333332	155.6	156.17333333333335	157.05333333333334	157.30666666666667	157.80666666666667	157.84666666666666	158.57333333333332	158.67333333333335	158.68666666666667	158.97333333333333	159.24666666666667	159.44	159.46	159.6	159.53333333333333	159.91333333333333	159.90666666666667	160.04	160.12666666666667	160.04	159.7	160.75333333333333	160.65333333333334	160.88666666666666	161.04666666666665	160.79333333333332	160.98666666666668	160.45333333333335	160.63333333333333	160.8	160.77333333333334	160.86	160.79333333333332	160.44666666666666	160.59333333333333	160.34666666666666	160.28	160.09333333333333	160.12	159.62	159.96	159.58666666666667	159.52666666666667	158.96666666666667	159.14	158.70666666666668	158.50666666666666	158.12666666666667	158.14	158.05333333333334	157.59333333333333	157.10666666666665	156.72666666666666	156.26	155.77333333333334	154.81333333333333	154.12	152.9	151.06666666666666	148.99333333333334	145.49333333333334	139.44666666666666	127.48666666666666	0.0
0.0	127.24666666666667	139.74	145.26666666666668	148.75333333333333	150.79333333333332	152.58	153.94	154.66	155.6	156.33333333333334	157.04	157.64666666666668	157.70666666666668	158.09333333333333	158.64666666666668	158.69333333333333	158.9	158.79333333333332	159.27333333333334	159.14666666666668	159.68666666666667	159.72666666666666	159.80666666666667	160.39333333333335	160.35333333333332	160.35333333333332	160.50666666666666	160.52	160.59333333333333	160.65333333333334	160.24	160.54666666666665	160.76666666666668	160.88	160.65333333333334	160.84666666666666	160.68666666666667	160.66666666666666	160.66666666666666	160.36	160.52	160.49333333333334	160.23333333333332	160.51333333333332	160.42666666666668	160.06	159.94	159.94	159.88666666666666	159.82	159.66666666666666	159.55333333333334	159.3	159.2	158.74666666666667	159.17333333333335	158.40666666666667	158.10666666666665	157.48666666666668	157.05333333333334	156.77333333333334	156.23333333333332	155.36	154.59333333333333	153.32666666666665	152.51333333333332	150.92	148.48	145.36	139.80666666666667	126.53333333333333	0.0
0.0	126.35333333333334	139.10666666666665	144.93333333333334	148.78	150.88666666666666	152.25333333333333	153.5	154.67333333333335	155.14	155.58	156.81333333333333	156.82666666666665	157.16	157.64666666666668	157.83333333333334	158.20666666666668	158.14666666666668	158.78	158.73333333333332	158.85333333333332	159.21333333333334	159.58666666666667	159.76	159.81333333333333	159.90666666666667	160.26666666666668	160.29333333333332	160.30666666666667	160.42	160.19333333333333	160.15333333333334	160.32666666666665	160.86	160.52	160.54	160.74	160.57333333333332	160.44	160.48666666666668	160.43333333333334	159.8	160.33333333333334	160.16666666666666	160.26666666666668	159.86666666666667	159.57333333333332	159.64	159.68666666666667	159.75333333333333	159.33333333333334	159.28	159.36	159.36666666666667	159.30666666666667	158.76666666666668	158.78666666666666	158.60666666666665	158.52	158.03333333333333	157.52666666666667	156.89333333333335	156.44666666666666	155.5	154.56666666666666	153.82	152.74666666666667	151.10666666666665	148.96666666666667	145.65333333333334	139.78	127.1	0.0
0.0	126.09333333333333	139.24	144.84666666666666	148.54666666666665	150.93333333333334	152.46666666666667	153.73333333333332	154.64666666666668	155.18666666666667	155.63333333333333	156.34666666666666	157.17333333333335	157.38	157.68	158.14666666666668	158.58666666666667	158.73333333333332	159.28666666666666	159.39333333333335	159.57333333333332	159.58666666666667	159.85333333333332	159.66	159.80666666666667	160.14	160.32666666666665	160.48666666666668	160.54	160.74666666666667	160.6	160.64666666666668	160.66666666666666	160.77333333333334	160.7	160.88	160.57333333333332	160.36666666666667	160.36666666666667	160.23333333333332	160.48666666666668	160.38	160.04	160.24	160.04	160.13333333333333	160.0	159.95333333333335	159.89333333333335	159.7	159.66	159.58666666666667	159.32666666666665	159.26666666666668	159.04666666666665	159.22666666666666	158.44666666666666	158.36666666666667	158.00666666666666	157.58	157.48	157.01333333333332	155.91333333333333	155.31333333333333	154.70666666666668	154.01333333333332	152.54	150.89333333333335	148.72	145.43333333333334	139.47333333333333	126.44666666666667	0.0
0.0	126.38666666666667	139.26	145.27333333333334	148.92	151.36666666666667	152.68	153.85333333333332	154.96666666666667	155.74666666666667	156.41333333333333	156.54	157.14	157.66	158.01333333333332	158.18	158.72	159.01333333333332	159.03333333333333	159.59333333333333	159.52666666666667	159.48	159.88666666666666	159.62	160.02666666666667	160.04	160.36	160.26	160.4	160.31333333333333	160.44666666666666	160.71333333333334	160.82666666666665	160.62666666666667	160.67333333333335	160.6	160.61333333333334	160.67333333333335	160.7	160.53333333333333	160.75333333333333	160.46666666666667	160.48	160.42	160.08	160.02666666666667	159.97333333333333	160.04	159.73333333333332	159.55333333333334	159.8	159.46	159.15333333333334	159.07333333333332	158.79333333333332	158.54	158.32	158.08666666666667	157.68	157.24666666666667	157.28666666666666	156.62666666666667	156.07333333333332	155.46666666666667	154.44	153.74	152.52	150.73333333333332	148.72	145.16666666666666	139.16666666666666	126.52666666666667	0.0
0.0	126.68666666666667	139.28	145.31333333333333	148.87333333333333	150.7	152.28	153.52666666666667	154.88	155.79333333333332	156.33333333333334	156.60666666666665	157.12666666666667	157.63333333333333	157.9	158.48666666666668	158.41333333333333	158.64666666666668	158.67333333333335	158.80666666666667	158.98	159.16666666666666	158.98	159.36666666666667	159.41333333333333	159.30666666666667	159.7	159.64	159.99333333333334	160.11333333333334	160.24	160.22	160.7	160.31333333333333	160.7	160.96	160.74666666666667	161.08	160.67333333333335	160.62666666666667	160.80666666666667	160.64666666666668	160.65333333333334	160.77333333333334	160.89333333333335	160.54666666666665	160.54666666666665	160.51333333333332	160.35333333333332	160.20666666666668	159.94	159.96	159.55333333333334	159.4	159.14666666666668	158.98	158.64666666666668	158.44666666666666	157.89333333333335	157.68666666666667	157.3	156.94	156.25333333333333	155.5	155.00666666666666	153.84666666666666	152.96	151.07333333333332	149.08	145.31333333333333	139.39333333333335	126.04666666666667	0.0
0.0	126.59333333333333	139.20666666666668	145.39333333333335	148.82	151.15333333333334	152.68	153.97333333333333	155.04666666666665	156.22	156.71333333333334	157.23333333333332	157.74	157.92666666666668	158.36	158.12	158.90666666666667	158.68666666666667	158.74666666666667	159.27333333333334	159.67333333333335	159.72666666666666	159.56	160.03333333333333	160.24	160.18	160.18	160.21333333333334	160.2	160.52	160.47333333333333	160.47333333333333	160.22666666666666	160.41333333333333	160.61333333333334	160.6	160.42666666666668	160.44666666666666	160.62	160.53333333333333	160.72	160.82	160.65333333333334	160.57333333333332	160.18666666666667	160.12666666666667	160.00666666666666	160.13333333333333	159.97333333333333	159.87333333333333	160.01333333333332	159.98	159.86	159.58666666666667	159.35333333333332	159.20666666666668	158.53333333333333	158.05333333333334	157.92666666666668	157.39333333333335	157.24666666666667	156.72666666666666	156.34666666666666	155.6	154.62666666666667	153.68	152.97333333333333	150.98	148.8	145.62666666666667	139.36666666666667	126.98666666666666	0.0
0.0	126.48666666666666	139.58	145.11333333333334	148.36	151.15333333333334	152.42666666666668	153.64	154.52	155.36666666666667	155.91333333333333	156.42666666666668	157.07333333333332	157.41333333333333	158.12	158.42666666666668	158.55333333333334	158.97333333333333	159.44666666666666	159.48666666666668	159.35333333333332	159.81333333333333	159.5	159.64	159.82666666666665	160.12666666666667	160.08666666666667	160.26	160.36666666666667	160.33333333333334	160.56	160.10666666666665	160.40666666666667	160.26666666666668	160.78	160.58	160.60666666666665	160.58	160.72666666666666	160.49333333333334	160.61333333333334	160.38666666666666	160.37333333333333	160.37333333333333	160.56	160.18666666666667	159.86666666666667	160.11333333333334	159.69333333333333	159.62666666666667	159.44666666666666	159.79333333333332	159.60666666666665	159.48666666666668	159.12	158.72	158.79333333333332	158.40666666666667	158.03333333333333	158.10666666666665	157.76	157.08666666666667	156.63333333333333	155.80666666666667	154.7	154.01333333333332	152.6	151.16666666666666	148.58	145.35333333333332	139.52	127.0	0.0
0.0	126.48666666666666	139.52666666666667	145.30666666666667	148.50666666666666	150.69333333333333	152.14666666666668	153.28666666666666	154.28	154.94	155.76	156.44666666666666	156.87333333333333	156.96666666666667	157.81333333333333	157.84666666666666	158.26	158.44	158.59333333333333	159.16666666666666	159.34666666666666	159.51333333333332	159.55333333333334	159.49333333333334	159.57333333333332	160.15333333333334	160.04666666666665	160.09333333333333	160.44666666666666	160.21333333333334	160.1	160.00666666666666	160.43333333333334	160.36	160.52666666666667	160.64	160.51333333333332	160.67333333333335	160.53333333333333	160.64666666666668	160.14666666666668	160.24	160.15333333333334	160.29333333333332	160.22	160.18	160.21333333333334	159.96	159.87333333333333	159.82	159.66666666666666	159.41333333333333	159.4	159.02	158.59333333333333	158.47333333333333	158.49333333333334	157.94	157.88	157.52	157.03333333333333	156.61333333333334	155.74666666666667	155.07333333333332	154.21333333333334	153.08666666666667	152.22666666666666	150.71333333333334	148.74	145.12666666666667	139.41333333333333	126.69333333333333	0.0
0.0	126.68	139.14666666666668	145.00666666666666	148.27333333333334	150.55333333333334	152.44	153.95333333333335	155.00666666666666	155.61333333333334	155.99333333333334	156.61333333333334	156.90666666666667	157.68	158.23333333333332	158.25333333333333	158.71333333333334	158.93333333333334	158.9	159.07333333333332	159.07333333333332	159.27333333333334	159.6	159.53333333333333	159.84666666666666	160.04	160.14666666666668	160.42666666666668	160.47333333333333	160.51333333333332	160.42666666666668	160.42666666666668	160.85333333333332	160.36	160.16666666666666	160.25333333333333	159.95333333333335	159.96	159.86666666666667	160.06666666666666	159.93333333333334	159.97333333333333	159.88666666666666	159.82666666666665	159.85333333333332	159.7	159.76	159.76	160.1	159.58	159.38	158.96666666666667	159.06	158.78	158.98	158.77333333333334	158.23333333333332	157.99333333333334	158.16666666666666	157.54666666666665	157.05333333333334	156.81333333333333	156.22666666666666	156.02	155.07333333333332	154.22666666666666	152.79333333333332	151.3	149.09333333333333	145.42	139.74666666666667	126.98666666666666	0.0
0.0	127.18666666666667	139.30666666666667	145.21333333333334	148.72	150.67333333333335	152.47333333333333	153.56	154.87333333333333	155.47333333333333	156.32666666666665	156.78	157.22	157.72666666666666	158.05333333333334	158.41333333333333	158.62	158.68	158.82666666666665	159.1	159.29333333333332	159.59333333333333	159.07333333333332	159.32666666666665	159.06666666666666	159.52	159.77333333333334	160.17333333333335	159.38666666666666	159.81333333333333	160.06666666666666	160.25333333333333	160.04666666666665	160.4	160.38	160.38	160.06666666666666	160.25333333333333	160.30666666666667	160.13333333333333	160.02	159.98666666666668	160.2	160.18	160.17333333333335	159.9	159.61333333333334	159.84	159.84	159.88	159.88	159.92	159.76666666666668	159.54666666666665	159.22	159.08666666666667	159.25333333333333	158.43333333333334	158.24	157.84666666666666	157.14	156.83333333333334	156.24	155.73333333333332	154.88	153.94666666666666	152.78666666666666	150.84666666666666	148.56666666666666	144.91333333333333	139.39333333333335	126.42666666666666	0.0
0.0	127.24666666666667	139.79333333333332	145.72666666666666	149.42	151.88	153.42	154.2	154.93333333333334	155.82	156.62666666666667	156.97333333333333	157.53333333333333	157.85333333333332	158.12666666666667	158.42	159.16	159.14666666666668	159.21333333333334	159.44666666666666	159.76666666666668	159.74	159.89333333333335	160.1	160.12	160.29333333333332	160.42	160.1	160.39333333333335	160.24666666666667	160.38666666666666	160.61333333333334	160.97333333333333	160.80666666666667	160.47333333333333	160.66666666666666	160.79333333333332	160.44666666666666	160.58	160.84	160.64	160.76	160.67333333333335	160.57333333333332	160.71333333333334	160.20666666666668	160.54	160.45333333333335	160.5	160.31333333333333	160.11333333333334	159.84	159.69333333333333	159.40666666666667	159.49333333333334	159.23333333333332	159.1	159.08	158.48666666666668	158.28666666666666	157.78666666666666	157.17333333333335	156.67333333333335	155.9	155.56666666666666	154.59333333333333	152.65333333333334	151.31333333333333	149.20666666666668	145.62666666666667	139.41333333333333	127.34	0.0
0.0	126.5	139.36	145.32666666666665	148.59333333333333	150.53333333333333	152.42	153.54666666666665	154.72666666666666	155.64	155.99333333333334	156.42666666666668	157.22	157.32666666666665	157.62666666666667	158.24	158.59333333333333	158.7	159.06666666666666	159.20666666666668	159.34	159.32666666666665	159.6	159.9	160.28	160.24666666666667	160.23333333333332	160.73333333333332	160.46666666666667	160.48	160.63333333333333	160.76	160.86666666666667	160.93333333333334	160.69333333333333	160.95333333333335	160.79333333333332	160.7	160.72	160.87333333333333	160.79333333333332	160.77333333333334	160.68	160.78	160.55333333333334	160.68	160.55333333333334	160.26	160.02	159.99333333333334	159.6	159.71333333333334	159.51333333333332	159.08	159.18	158.57333333333332	158.31333333333333	158.08666666666667	157.99333333333334	157.75333333333333	156.86666666666667	156.62	156.31333333333333	155.74666666666667	154.83333333333334	154.04	152.78666666666666	151.13333333333333	148.24	144.81333333333333	139.06	126.32666666666667	0.0
0.0	126.69333333333333	139.62	145.22666666666666	149.20666666666668	151.18666666666667	152.53333333333333	153.55333333333334	154.54	155.38	156.23333333333332	156.96666666666667	157.45333333333335	157.2	157.75333333333333	158.04	158.31333333333333	158.46666666666667	158.77333333333334	158.88	159.29333333333332	159.51333333333332	159.28	159.66666666666666	159.79333333333332	159.72666666666666	159.46	159.52	159.55333333333334	159.33333333333334	159.78	160.10666666666665	160.29333333333332	160.23333333333332	160.28666666666666	160.44	160.16666666666666	159.88666666666666	160.11333333333334	159.90666666666667	159.98666666666668	160.1	159.76	159.98666666666668	159.86	159.81333333333333	159.86	159.92	159.74	159.62	159.74666666666667	159.36	159.3	158.81333333333333	159.0	158.7	158.58	158.51333333333332	157.99333333333334	157.84	157.40666666666667	157.14666666666668	156.37333333333333	156.00666666666666	155.22	153.91333333333333	152.90666666666667	150.82	148.97333333333333	145.48	139.55333333333334	126.77333333333333	0.0
0.0	126.92	139.71333333333334	145.32666666666665	148.96	151.24	153.15333333333334	154.10666666666665	155.5	155.74666666666667	156.31333333333333	157.26	157.63333333333333	157.8	158.04666666666665	158.26	158.71333333333334	159.27333333333334	159.06666666666666	159.68	159.69333333333333	159.85333333333332	159.98	159.86666666666667	160.03333333333333	159.67333333333335	160.24666666666667	160.52666666666667	160.49333333333334	160.77333333333334	160.86	160.90666666666667	160.8	160.7	160.82666666666665	160.80666666666667	161.06666666666666	160.73333333333332	160.88666666666666	160.82	160.53333333333333	160.53333333333333	160.56666666666666	160.26666666666668	160.52666666666667	160.34666666666666	159.96666666666667	159.91333333333333	159.99333333333334	159.85333333333332	159.94666666666666	159.75333333333333	159.28666666666666	159.56	159.14666666666668	158.96	158.82	158.80666666666667	158.48666666666668	158.1	157.61333333333334	157.24	156.8	156.04666666666665	155.46666666666667	154.46	153.22666666666666	151.36	149.14	145.94	139.94666666666666	126.80666666666667	0.0
0.0	126.58	139.49333333333334	145.33333333333334	148.64666666666668	151.26	152.62	153.71333333333334	154.55333333333334	155.78	156.02666666666667	156.56	157.05333333333334	157.7	157.98	158.17333333333335	158.98	159.15333333333334	159.62666666666667	159.43333333333334	159.49333333333334	159.59333333333333	159.95333333333335	160.00666666666666	160.16666666666666	160.07333333333332	160.26	160.37333333333333	159.93333333333334	160.42	160.32666666666665	160.98666666666668	160.66	160.73333333333332	160.73333333333332	160.67333333333335	160.64	160.61333333333334	160.57333333333332	160.72666666666666	160.49333333333334	160.4	160.16666666666666	160.44	160.44	160.58	160.11333333333334	159.91333333333333	159.82	159.88666666666666	159.82	159.27333333333334	159.22666666666666	159.39333333333335	159.18	158.82	158.51333333333332	158.28	158.16666666666666	157.78666666666666	157.12	156.82	156.16	155.48	154.77333333333334	153.83333333333334	152.62666666666667	150.92	148.84666666666666	145.1	139.04666666666665	126.95333333333333	0.0
0.0	126.46	139.35333333333332	145.21333333333334	148.77333333333334	151.3	152.9	154.12666666666667	155.08	155.59333333333333	156.19333333333333	156.95333333333335	157.13333333333333	157.56666666666666	158.11333333333334	158.14	158.67333333333335	158.88	158.86666666666667	159.50666666666666	160.0	159.95333333333335	159.93333333333334	159.78666666666666	159.88	160.03333333333333	160.47333333333333	160.28	160.86666666666667	160.69333333333333	160.65333333333334	160.50666666666666	160.79333333333332	160.30666666666667	160.13333333333333	160.22666666666666	160.75333333333333	160.74666666666667	160.77333333333334	160.80666666666667	160.75333333333333	160.43333333333334	160.88	160.56	160.80666666666667	160.71333333333334	160.78	160.59333333333333	160.38	160.18	159.92666666666668	159.78	159.47333333333333	159.02	159.18	158.94	158.6	158.66	158.37333333333333	157.85333333333332	157.84666666666666	157.24666666666667	156.48666666666668	155.96666666666667	154.86	154.20666666666668	153.01333333333332	151.21333333333334	148.62666666666667	145.66	139.76666666666668	127.15333333333334	0.0
0.0	126.8	138.86	145.32	148.81333333333333	150.98666666666668	152.33333333333334	153.96	154.38666666666666	155.34	156.46	156.61333333333334	157.05333333333334	157.41333333333333	158.0	158.28666666666666	158.54666666666665	158.51333333333332	158.60666666666665	159.36	159.08666666666667	159.14666666666668	159.52	159.56666666666666	159.98666666666668	159.93333333333334	160.13333333333333	160.02666666666667	160.16666666666666	159.97333333333333	160.08666666666667	160.09333333333333	160.20666666666668	160.32666666666665	160.63333333333333	160.21333333333334	160.52	160.24	159.86	160.24666666666667	160.08666666666667	159.88666666666666	160.04666666666665	159.95333333333335	159.97333333333333	159.52	160.0	159.9	159.8	159.63333333333333	159.4	159.3	158.98666666666668	159.05333333333334	158.79333333333332	158.31333333333333	158.38	158.18666666666667	157.82	157.47333333333333	157.32666666666665	156.45333333333335	155.96666666666667	155.58666666666667	154.72666666666666	153.73333333333332	152.46	150.88666666666666	148.74	145.52	139.27333333333334	126.05333333333333	0.0
0.0	126.98666666666666	140.23333333333332	145.84	148.83333333333334	151.38	152.46666666666667	153.97333333333333	154.71333333333334	155.55333333333334	156.28666666666666	156.96666666666667	157.38	157.68	157.92	158.44666666666666	158.56666666666666	158.98	159.22	159.56666666666666	159.5	159.96666666666667	159.95333333333335	159.72	159.98666666666668	159.94666666666666	160.08666666666667	160.16666666666666	160.52666666666667	160.32	160.3	160.28666666666666	160.26666666666668	160.53333333333333	161.00666666666666	160.54666666666665	160.62666666666667	160.65333333333334	160.54666666666665	160.17333333333335	160.30666666666667	160.4	160.19333333333333	160.14	160.22666666666666	160.22	160.26666666666668	160.00666666666666	159.82666666666665	160.02666666666667	159.68666666666667	159.88	159.64	159.52	158.92	158.62	158.35333333333332	158.38666666666666	157.86666666666667	157.68666666666667	157.30666666666667	156.65333333333334	156.20666666666668	155.76666666666668	155.13333333333333	153.81333333333333	152.82	150.77333333333334	148.92	145.1	139.62	127.04	0.0
0.0	127.16666666666667	139.94666666666666	145.4	148.52666666666667	150.89333333333335	152.57333333333332	153.96	155.02	155.82	156.39333333333335	156.81333333333333	157.50666666666666	157.97333333333333	158.34	158.52	158.63333333333333	159.33333333333334	159.35333333333332	159.68666666666667	159.73333333333332	159.68666666666667	159.82	159.57333333333332	160.17333333333335	160.16	160.28666666666666	160.54666666666665	160.66666666666666	160.42	160.56666666666666	160.94666666666666	160.55333333333334	160.8	160.85333333333332	160.91333333333333	160.80666666666667	160.86666666666667	160.92666666666668	160.96666666666667	161.03333333333333	160.72	160.74666666666667	160.56666666666666	160.44666666666666	160.57333333333332	160.16	160.32	160.14666666666668	160.03333333333333	160.18	159.83333333333334	159.87333333333333	159.44	158.91333333333333	158.86	158.56666666666666	158.35333333333332	158.1	157.83333333333334	157.89333333333335	157.12	156.71333333333334	155.80666666666667	155.07333333333332	154.22666666666666	152.89333333333335	151.08666666666667	148.84666666666666	145.5	139.52666666666667	126.66	0.0
0.0	126.98666666666666	139.20666666666668	145.46666666666667	148.87333333333333	151.20666666666668	152.70666666666668	153.85333333333332	154.97333333333333	155.40666666666667	156.03333333333333	156.64666666666668	157.14666666666668	157.35333333333332	157.85333333333332	158.19333333333333	158.61333333333334	158.9	159.05333333333334	159.27333333333334	159.36666666666667	159.58666666666667	159.6	159.94666666666666	159.76666666666668	159.86666666666667	159.72666666666666	159.9	160.16666666666666	160.29333333333332	160.4	160.5	160.69333333333333	160.28666666666666	160.56	160.68666666666667	160.78666666666666	160.28	160.26666666666668	160.45333333333335	160.57333333333332	160.08666666666667	160.48666666666668	160.33333333333334	160.28	160.11333333333334	160.10666666666665	160.01333333333332	159.92666666666668	159.9	159.54	159.76666666666668	159.47333333333333	159.40666666666667	158.9	158.78	158.6	158.54666666666665	158.02	157.56	156.86666666666667	156.76666666666668	156.14	155.29333333333332	154.32666666666665	154.00666666666666	152.60666666666665	151.36666666666667	149.33333333333334	145.60666666666665	139.59333333333333	126.47333333333333	0.0
0.0	126.84666666666666	139.48666666666668	144.97333333333333	148.75333333333333	151.03333333333333	152.48	153.38	154.47333333333333	154.94	155.85333333333332	156.12666666666667	156.94	156.99333333333334	157.52666666666667	158.13333333333333	158.06	158.26	158.43333333333334	158.92666666666668	158.76666666666668	159.07333333333332	159.22	159.26	159.38	159.5	159.92	159.68666666666667	159.68	159.65333333333334	159.78666666666666	159.85333333333332	159.71333333333334	159.89333333333335	159.84	159.75333333333333	159.87333333333333	160.11333333333334	160.08666666666667	159.77333333333334	159.69333333333333	159.86666666666667	159.88	159.47333333333333	159.62666666666667	160.07333333333332	159.68	159.46666666666667	159.30666666666667	159.19333333333333	159.22	159.36	158.93333333333334	158.51333333333332	158.94	158.31333333333333	158.27333333333334	157.68	157.7	157.45333333333335	157.17333333333335	156.61333333333334	156.22	155.34	154.77333333333334	153.75333333333333	152.40666666666667	150.9	148.91333333333333	145.79333333333332	139.62666666666667	126.96	0.0
0.0	126.68	139.45333333333335	145.28666666666666	148.66	151.31333333333333	152.56666666666666	154.02666666666667	154.78666666666666	155.67333333333335	156.86	156.88666666666666	157.7	157.82666666666665	158.41333333333333	158.67333333333335	158.81333333333333	159.18666666666667	159.07333333333332	159.19333333333333	159.54666666666665	159.70666666666668	159.85333333333332	159.78	160.06	160.12	160.4	160.26666666666668	160.20666666666668	160.62	160.30666666666667	160.6	160.63333333333333	160.84	160.28	160.72	160.23333333333332	160.34	160.36666666666667	159.86	159.93333333333334	159.86	160.16	160.28	160.48666666666668	159.90666666666667	159.88	159.94666666666666	159.82	159.46	159.16	159.34666666666666	158.96	158.94	159.12666666666667	158.7	158.63333333333333	158.28666666666666	158.06666666666666	157.40666666666667	157.32	156.61333333333334	156.2	155.55333333333334	154.66666666666666	153.68666666666667	152.71333333333334	151.09333333333333	149.1	145.32	139.90666666666667	127.11333333333333	0.0
0.0	127.46	139.77333333333334	145.05333333333334	149.06666666666666	150.89333333333335	152.71333333333334	153.91333333333333	154.90666666666667	155.35333333333332	156.1	157.21333333333334	157.56666666666666	157.94666666666666	158.51333333333332	158.59333333333333	159.27333333333334	159.35333333333332	159.48666666666668	159.47333333333333	159.52	159.84666666666666	160.06	160.22	160.17333333333335	160.28	160.24666666666667	160.14	160.27333333333334	160.04666666666665	160.38	160.32	160.57333333333332	160.30666666666667	160.46	160.20666666666668	160.59333333333333	160.72	160.7	160.88666666666666	160.63333333333333	160.48666666666668	160.69333333333333	160.60666666666665	160.52666666666667	160.46	160.44	160.23333333333332	160.20666666666668	160.04	159.72666666666666	159.51333333333332	159.43333333333334	159.22666666666666	159.28	159.17333333333335	158.72666666666666	158.61333333333334	158.29333333333332	157.46666666666667	157.51333333333332	156.82	156.17333333333335	155.80666666666667	155.20666666666668	154.05333333333334	152.45333333333335	151.04	148.87333333333333	145.24	139.62	127.33333333333333	0.0
0.0	126.92	139.83333333333334	145.42	149.42666666666668	151.58	153.13333333333333	154.28666666666666	155.16	156.02666666666667	156.74666666666667	156.81333333333333	157.58	158.04	158.28	158.61333333333334	158.76666666666668	158.74	159.04666666666665	159.1	159.62666666666667	159.51333333333332	159.51333333333332	160.0	159.9	160.11333333333334	160.11333333333334	160.08666666666667	160.38	160.44666666666666	160.37333333333333	160.76666666666668	160.65333333333334	160.75333333333333	161.00666666666666	160.97333333333333	161.06	160.94666666666666	160.94	160.91333333333333	160.71333333333334	161.10666666666665	160.92	161.07333333333332	160.77333333333334	160.60666666666665	160.46666666666667	160.48	160.33333333333334	159.92666666666668	159.81333333333333	159.62	159.48	158.94666666666666	158.97333333333333	159.0	158.65333333333334	158.62	158.29333333333332	157.74666666666667	157.57333333333332	156.76	156.22	155.76	154.92666666666668	154.02666666666667	153.04	151.35333333333332	149.36	145.80666666666667	139.98	127.38666666666667	0.0
0.0	126.97333333333333	139.70666666666668	146.14	149.28666666666666	151.54	153.08	154.08	155.05333333333334	155.82666666666665	156.66	156.81333333333333	157.52666666666667	157.91333333333333	158.29333333333332	158.5	158.75333333333333	159.15333333333334	159.56666666666666	159.98	159.81333333333333	159.75333333333333	159.93333333333334	160.22	160.24666666666667	160.28666666666666	160.28	160.32666666666665	160.28	160.28	160.13333333333333	160.1	160.25333333333333	160.58666666666667	160.42666666666668	160.36666666666667	160.56666666666666	160.92	160.51333333333332	160.78	160.5	160.35333333333332	160.38	160.62	160.18666666666667	160.32	160.42	160.1	159.58	159.76	159.36666666666667	159.7	159.19333333333333	159.35333333333332	159.3	158.88666666666666	158.66666666666666	158.72666666666666	157.87333333333333	157.5	156.98	156.7	156.48666666666668	156.08	155.00666666666666	154.36666666666667	152.83333333333334	150.85333333333332	149.06666666666666	145.76	139.59333333333333	126.98	0.0
0.0	126.81333333333333	140.13333333333333	145.86666666666667	149.34666666666666	151.49333333333334	153.00666666666666	154.37333333333333	155.37333333333333	155.87333333333333	156.55333333333334	157.12666666666667	157.53333333333333	157.87333333333333	158.25333333333333	158.66	159.04666666666665	159.3	159.39333333333335	160.10666666666665	160.19333333333333	160.22666666666666	160.65333333333334	160.64	160.76666666666668	160.98666666666668	161.08	161.11333333333334	161.19333333333333	161.06	161.21333333333334	161.44666666666666	161.16	161.12666666666667	161.19333333333333	161.02	160.88666666666666	161.26	161.38	161.02666666666667	161.08	160.84	161.24	161.47333333333333	160.99333333333334	160.89333333333335	160.58	160.52666666666667	160.47333333333333	160.59333333333333	160.25333333333333	160.53333333333333	159.91333333333333	159.76	159.3	159.49333333333334	159.46	158.74666666666667	158.61333333333334	158.33333333333334	157.79333333333332	157.5	156.83333333333334	155.78	155.02	154.52	153.2	151.51333333333332	149.41333333333333	145.83333333333334	139.72666666666666	127.14666666666666	0.0
0.0	126.24	139.74666666666667	145.84666666666666	149.24	151.31333333333333	152.88	153.76666666666668	154.88	155.64666666666668	156.62666666666667	156.95333333333335	157.56666666666666	157.88	158.52666666666667	158.96	159.05333333333334	159.49333333333334	159.59333333333333	159.06666666666666	159.48	159.51333333333332	159.49333333333334	159.68	160.11333333333334	160.03333333333333	160.24	160.11333333333334	160.28	160.83333333333334	160.71333333333334	160.93333333333334	161.07333333333332	161.3	161.34	161.28666666666666	161.24666666666667	161.07333333333332	160.98666666666668	161.08666666666667	160.54666666666665	160.47333333333333	160.85333333333332	160.24666666666667	160.39333333333335	160.18666666666667	160.11333333333334	160.24666666666667	160.08	160.47333333333333	160.01333333333332	159.89333333333335	159.57333333333332	159.53333333333333	159.42	159.56	159.29333333333332	158.75333333333333	158.44666666666666	158.18666666666667	157.32	156.85333333333332	156.14	155.04666666666665	154.62	153.58	152.77333333333334	151.22666666666666	148.66	145.48666666666668	139.76	127.12666666666667	0.0
0.0	126.66	139.6	145.28666666666666	148.53333333333333	150.96666666666667	152.4	153.67333333333335	154.82666666666665	155.36666666666667	156.07333333333332	156.18	157.04	157.48666666666668	157.62666666666667	157.77333333333334	158.37333333333333	158.43333333333334	158.88	158.88	159.04	159.25333333333333	159.16666666666666	159.54666666666665	159.64	159.98666666666668	160.12	160.16	159.91333333333333	159.95333333333335	160.32	160.44	160.56	160.83333333333334	160.58	160.54	160.62	160.68666666666667	160.42	160.48	160.4	160.7	160.4	160.03333333333333	160.08666666666667	160.32666666666665	159.92	159.96666666666667	159.6	159.44666666666666	159.43333333333334	159.18	159.20666666666668	158.76	158.78	158.38666666666666	158.00666666666666	157.65333333333334	158.0	157.22666666666666	157.30666666666667	156.56	155.82666666666665	155.27333333333334	155.08666666666667	153.68	152.71333333333334	151.02666666666667	148.62666666666667	145.23333333333332	139.82	127.05333333333333	0.0
0.0	127.06	139.28	145.23333333333332	148.78	151.24	152.8	154.05333333333334	155.09333333333333	155.91333333333333	156.09333333333333	156.50666666666666	156.74666666666667	157.53333333333333	157.50666666666666	158.12666666666667	158.15333333333334	158.22666666666666	158.65333333333334	158.74	158.8	158.97333333333333	159.01333333333332	159.17333333333335	159.27333333333334	159.32666666666665	159.62	159.63333333333333	159.66	159.65333333333334	159.88666666666666	159.85333333333332	159.8	160.22	160.01333333333332	159.93333333333334	160.07333333333332	159.86	160.09333333333333	160.21333333333334	159.86	159.84666666666666	159.78	159.87333333333333	159.86666666666667	160.1	159.90666666666667	159.9	159.58	159.57333333333332	159.35333333333332	159.3	159.07333333333332	158.97333333333333	158.87333333333333	158.7	158.39333333333335	158.1	157.6	157.18	157.03333333333333	156.81333333333333	155.87333333333333	155.42666666666668	154.76	153.96	152.78	151.16	148.8	145.45333333333335	139.06666666666666	126.56666666666666	0.0
0.0	126.91333333333333	139.34666666666666	145.04666666666665	148.52666666666667	150.75333333333333	152.44666666666666	153.84	154.54666666666665	155.67333333333335	155.88666666666666	156.54	157.26666666666668	157.19333333333333	157.87333333333333	158.13333333333333	158.18666666666667	158.92	158.88	158.98	158.90666666666667	159.15333333333334	159.41333333333333	159.65333333333334	159.72	159.60666666666665	159.46666666666667	159.44	159.65333333333334	159.85333333333332	159.66	159.92	159.88	159.65333333333334	159.95333333333335	159.90666666666667	160.38	160.50666666666666	160.44	160.44	160.26666666666668	160.24666666666667	160.38	160.32	160.06666666666666	160.02666666666667	160.02666666666667	160.51333333333332	160.02666666666667	159.72666666666666	159.48666666666668	159.70666666666668	159.34666666666666	159.12	158.85333333333332	158.55333333333334	158.3	158.22	158.02666666666667	157.33333333333334	156.88	156.38666666666666	155.75333333333333	155.64666666666668	154.76	153.49333333333334	152.55333333333334	150.71333333333334	148.58666666666667	145.15333333333334	139.28666666666666	126.6	0.0
0.0	126.78666666666666	139.39333333333335	145.12	148.82	150.84	152.64	153.42666666666668	154.57333333333332	155.16666666666666	155.76666666666668	156.48	157.22	157.53333333333333	157.92666666666668	158.53333333333333	158.74	158.78	158.78666666666666	159.17333333333335	159.57333333333332	159.58666666666667	159.8	159.87333333333333	160.40666666666667	160.14666666666668	160.22666666666666	160.6	160.84	160.92666666666668	160.92	160.81333333333333	161.03333333333333	160.85333333333332	160.97333333333333	161.02666666666667	160.8	161.18	161.11333333333334	161.32666666666665	161.07333333333332	160.78	160.80666666666667	160.95333333333335	160.65333333333334	160.47333333333333	160.09333333333333	160.62666666666667	160.48666666666668	160.2	159.74	159.32	159.6	159.33333333333334	159.6	158.98	158.66666666666666	158.41333333333333	157.98	157.60666666666665	157.32	156.86	156.3	155.93333333333334	154.68666666666667	153.82	152.43333333333334	151.12	149.08666666666667	145.71333333333334	139.57333333333332	126.47333333333333	0.0
0.0	126.63333333333334	139.61333333333334	145.51333333333332	148.76666666666668	151.20666666666668	152.37333333333333	153.71333333333334	155.05333333333334	155.82	156.64666666666668	156.83333333333334	157.31333333333333	158.14666666666668	158.38	158.44666666666666	158.65333333333334	159.38666666666666	159.18666666666667	159.74	160.01333333333332	160.02666666666667	160.42666666666668	160.36	160.27333333333334	160.4	160.64	160.78	160.98	160.96666666666667	161.01333333333332	160.81333333333333	160.82666666666665	160.93333333333334	160.92666666666668	161.08666666666667	160.85333333333332	160.66666666666666	160.78	160.57333333333332	160.44666666666666	160.38	160.73333333333332	160.44	160.32666666666665	159.97333333333333	160.04666666666665	160.20666666666668	160.21333333333334	159.98	159.92666666666668	159.70666666666668	159.46666666666667	159.25333333333333	159.19333333333333	158.92	158.5	158.43333333333334	158.06	157.78666666666666	157.31333333333333	157.06	156.49333333333334	155.77333333333334	154.74	153.81333333333333	152.56	151.04	148.53333333333333	146.01333333333332	139.83333333333334	126.98666666666666	0.0
0.0	126.66666666666667	139.61333333333334	145.50666666666666	148.72666666666666	151.12	152.88666666666666	153.91333333333333	154.51333333333332	155.6	155.82	156.35333333333332	156.92666666666668	157.1	157.60666666666665	158.12	158.43333333333334	158.4	158.89333333333335	158.81333333333333	158.99333333333334	159.3	159.44	159.56666666666666	159.67333333333335	159.93333333333334	159.98	159.94	159.92666666666668	160.18	160.42666666666668	160.42	160.48666666666668	160.63333333333333	160.77333333333334	160.74666666666667	160.39333333333335	160.75333333333333	160.36666666666667	160.52	160.56666666666666	160.52	160.16666666666666	160.13333333333333	159.94666666666666	160.2	160.16666666666666	159.98	159.86666666666667	159.51333333333332	159.42	159.6	159.14	158.82	158.92	158.42666666666668	158.76666666666668	158.41333333333333	157.86666666666667	157.59333333333333	157.0	156.60666666666665	156.59333333333333	155.79333333333332	155.02666666666667	154.00666666666666	152.76666666666668	151.15333333333334	148.76666666666668	145.24666666666667	139.71333333333334	126.76666666666667	0.0
0.0	126.94	139.22	145.28	148.77333333333334	151.09333333333333	153.02666666666667	153.74	154.44666666666666	155.21333333333334	155.53333333333333	156.53333333333333	156.74	157.39333333333335	157.54666666666665	157.98666666666668	158.7	159.14	159.10666666666665	159.44666666666666	159.46	159.57333333333332	159.64666666666668	159.34	159.6	159.62	159.9	160.04	160.0	159.82	160.16	160.37333333333333	160.6	160.56	160.68666666666667	160.6	160.48	160.51333333333332	160.64666666666668	160.45333333333335	160.55333333333334	160.39333333333335	160.53333333333333	160.44666666666666	160.37333333333333	160.25333333333333	160.03333333333333	160.30666666666667	160.19333333333333	160.23333333333332	160.06	159.14666666666668	159.14	159.14666666666668	158.60666666666665	158.86	158.45333333333335	158.3	158.26666666666668	157.91333333333333	157.67333333333335	156.83333333333334	156.11333333333334	155.69333333333333	154.78	153.65333333333334	152.73333333333332	151.00666666666666	148.86666666666667	145.30666666666667	139.56666666666666	127.08666666666667	0.0
0.0	127.2	139.98	145.42	149.23333333333332	151.22	152.79333333333332	154.0	154.89333333333335	155.21333333333334	156.02666666666667	156.62	157.56	157.68666666666667	157.86666666666667	158.01333333333332	158.5	158.99333333333334	158.96666666666667	159.07333333333332	159.50666666666666	159.16666666666666	159.36666666666667	159.58666666666667	159.51333333333332	159.41333333333333	159.59333333333333	159.74666666666667	160.01333333333332	160.42	160.51333333333332	160.34	160.57333333333332	160.74	160.41333333333333	160.48666666666668	160.44666666666666	160.38	160.76666666666668	160.66666666666666	160.74666666666667	161.06	161.00666666666666	160.5	160.90666666666667	160.6	160.45333333333335	160.20666666666668	159.95333333333335	160.02	159.70666666666668	159.70666666666668	159.52666666666667	159.38666666666666	159.12666666666667	158.92	158.56666666666666	157.93333333333334	157.76	157.84666666666666	157.22666666666666	156.94	156.50666666666666	155.62666666666667	154.86	154.12	153.16	151.56	149.06	145.78	139.83333333333334	126.93333333333334	0.0
0.0	126.96	139.66	145.34666666666666	148.88	151.38	152.66	153.55333333333334	154.88666666666666	155.56	156.04	156.68	157.07333333333332	157.6	157.78	157.94666666666666	158.40666666666667	158.62666666666667	158.82	159.22666666666666	159.08666666666667	159.51333333333332	159.49333333333334	159.87333333333333	159.8	160.01333333333332	160.01333333333332	160.1	160.62666666666667	160.38666666666666	160.58666666666667	160.8	160.54666666666665	160.26	160.54666666666665	160.08	160.37333333333333	160.06	160.19333333333333	160.26666666666668	160.18666666666667	159.97333333333333	160.12	159.70666666666668	160.00666666666666	159.87333333333333	159.78666666666666	160.00666666666666	159.71333333333334	159.66	159.65333333333334	159.55333333333334	159.29333333333332	159.20666666666668	158.80666666666667	158.59333333333333	158.72666666666666	158.28666666666666	157.81333333333333	157.64	157.14	156.95333333333335	156.39333333333335	155.67333333333335	155.13333333333333	153.90666666666667	152.86	151.04	149.0	145.57333333333332	139.54666666666665	127.01333333333334	0.0
0.0	126.60666666666667	139.48666666666668	145.34666666666666	148.86	151.02666666666667	152.86666666666667	153.81333333333333	155.19333333333333	156.1	156.82	157.4	157.78	158.12666666666667	158.52666666666667	158.94	159.52666666666667	159.42666666666668	159.67333333333335	159.62666666666667	159.92666666666668	160.30666666666667	160.48	160.44666666666666	160.74	160.81333333333333	160.78666666666666	160.72	160.59333333333333	161.06666666666666	160.93333333333334	160.99333333333334	160.88	161.04	160.87333333333333	160.8	161.08	160.86	160.67333333333335	160.71333333333334	160.74666666666667	160.52	160.54666666666665	160.65333333333334	160.46	160.61333333333334	160.56666666666666	160.18666666666667	160.3	160.39333333333335	160.45333333333335	160.04666666666665	159.8	159.35333333333332	159.19333333333333	159.34	158.67333333333335	158.08666666666667	157.92666666666668	157.71333333333334	156.94	156.85333333333332	156.45333333333335	155.66	154.62666666666667	153.51333333333332	152.62666666666667	151.04	148.68	145.10666666666665	139.58666666666667	126.62666666666667	0.0
0.0	126.72666666666667	139.83333333333334	145.06666666666666	148.50666666666666	150.55333333333334	152.33333333333334	153.56	154.47333333333333	154.97333333333333	155.81333333333333	156.18	156.33333333333334	156.72666666666666	157.13333333333333	157.58	158.12	158.0	158.4	158.71333333333334	158.61333333333334	158.98666666666668	159.28	159.29333333333332	159.68666666666667	159.91333333333333	159.85333333333332	160.19333333333333	160.05333333333334	160.14	160.32666666666665	160.3	160.24	160.38	160.60666666666665	160.43333333333334	160.32666666666665	160.45333333333335	160.26666666666668	160.14	160.29333333333332	160.36666666666667	160.59333333333333	160.25333333333333	159.69333333333333	159.68666666666667	159.6	159.35333333333332	159.16	159.22666666666666	159.12	159.15333333333334	158.87333333333333	159.00666666666666	158.92666666666668	158.23333333333332	158.15333333333334	158.06	157.48666666666668	156.75333333333333	156.80666666666667	156.42	155.67333333333335	154.93333333333334	154.22666666666666	153.32	152.36	150.76666666666668	148.26	145.01333333333332	139.70666666666668	126.7	0.0
0.0	126.34666666666666	139.5	145.22666666666666	148.62666666666667	150.76	152.3	153.08	154.0	154.94666666666666	155.5	156.28666666666666	156.62	156.99333333333334	156.89333333333335	157.71333333333334	158.15333333333334	158.24666666666667	158.58666666666667	158.83333333333334	159.16666666666666	159.16	159.24	159.61333333333334	159.41333333333333	159.34	159.58	159.41333333333333	159.72666666666666	159.42	159.61333333333334	159.89333333333335	159.39333333333335	159.93333333333334	160.2	159.76	159.91333333333333	160.07333333333332	160.0	159.90666666666667	159.79333333333332	160.34	160.07333333333332	160.13333333333333	159.99333333333334	160.10666666666665	159.89333333333335	159.38	159.86666666666667	159.42666666666668	159.51333333333332	159.18666666666667	158.96666666666667	158.87333333333333	158.83333333333334	158.18	157.98666666666668	157.78	157.33333333333334	157.08666666666667	157.23333333333332	156.36	155.94666666666666	155.16	154.36666666666667	153.08	151.95333333333335	150.44	148.5	145.21333333333334	139.3	126.81333333333333	0.0
0.0	126.58	139.16	145.18	148.55333333333334	150.70666666666668	152.24	153.34666666666666	154.34	155.6	155.76666666666668	156.88666666666666	157.56666666666666	157.62	157.99333333333334	157.88	158.41333333333333	158.76666666666668	158.98666666666668	158.90666666666667	159.24	159.37333333333333	159.84666666666666	159.80666666666667	159.91333333333333	159.92666666666668	159.71333333333334	160.17333333333335	159.80666666666667	160.33333333333334	160.46666666666667	160.24	160.15333333333334	160.0	160.17333333333335	160.34666666666666	160.12666666666667	160.51333333333332	160.23333333333332	160.16	160.14	159.89333333333335	159.84666666666666	159.68666666666667	159.6	159.83333333333334	159.76	159.74666666666667	159.46	159.48666666666668	159.16	159.24	158.80666666666667	158.68	158.26	158.54	158.22	158.28666666666666	158.05333333333334	157.58666666666667	157.32	156.84	156.24	155.40666666666667	154.42	153.94666666666666	152.42	150.76	148.79333333333332	145.35333333333332	139.02	126.67333333333333	0.0
0.0	127.14	139.71333333333334	145.52	148.66	151.02666666666667	152.58	154.14	154.96666666666667	155.56	156.18666666666667	156.94666666666666	157.34	157.70666666666668	157.85333333333332	158.54666666666665	158.47333333333333	158.76666666666668	158.82666666666665	159.07333333333332	159.11333333333334	159.57333333333332	159.72	159.62666666666667	159.98	160.08666666666667	160.13333333333333	160.14666666666668	160.29333333333332	160.33333333333334	160.52	160.67333333333335	160.69333333333333	160.81333333333333	160.69333333333333	160.66666666666666	160.54666666666665	160.31333333333333	160.55333333333334	160.58	160.59333333333333	160.71333333333334	160.64666666666668	160.54	160.24	159.91333333333333	159.99333333333334	159.84	159.36	159.44	159.7	159.48666666666668	159.3	159.36	158.96666666666667	158.94666666666666	158.5	158.33333333333334	157.98	157.48666666666668	157.52	157.01333333333332	156.47333333333333	155.57333333333332	154.94666666666666	154.10666666666665	152.38	151.11333333333334	149.19333333333333	145.4	139.64	126.92666666666666	0.0
0.0	127.06666666666666	139.57333333333332	145.3	148.76	151.10666666666665	152.54	153.73333333333332	154.74666666666667	155.75333333333333	156.4	156.74666666666667	157.41333333333333	157.98	158.05333333333334	158.36	158.67333333333335	158.86666666666667	159.36	159.09333333333333	159.48666666666668	159.58	159.92666666666668	159.64	159.89333333333335	159.97333333333333	160.03333333333333	159.78	160.11333333333334	160.27333333333334	160.50666666666666	160.65333333333334	160.77333333333334	160.47333333333333	160.51333333333332	160.58	160.78666666666666	160.68666666666667	160.69333333333333	160.96666666666667	160.63333333333333	160.46666666666667	160.17333333333335	160.33333333333334	160.52666666666667	160.18	160.28666666666666	160.14	160.32666666666665	160.06	159.48666666666668	159.44666666666666	159.52	159.26	159.04	159.15333333333334	158.75333333333333	158.25333333333333	157.84	157.72666666666666	157.25333333333333	156.50666666666666	155.92666666666668	155.38666666666666	154.75333333333333	153.68666666666667	152.5	150.8	148.66	145.55333333333334	139.59333333333333	126.54	0.0
0.0	126.84666666666666	139.83333333333334	145.38	149.08	151.5	152.74	154.31333333333333	154.85333333333332	155.59333333333333	156.22	156.96666666666667	157.09333333333333	157.83333333333334	158.18666666666667	158.5	158.39333333333335	158.62666666666667	159.08666666666667	159.46666666666667	159.37333333333333	159.62	159.85333333333332	159.9	159.76	160.01333333333332	159.98	160.29333333333332	160.22666666666666	160.37333333333333	160.4	160.58666666666667	160.61333333333334	160.51333333333332	160.92	160.83333333333334	160.5	160.6	160.42	160.25333333333333	160.28	160.48666666666668	160.41333333333333	160.46666666666667	160.82	160.43333333333334	160.08	159.94666666666666	159.98666666666668	159.97333333333333	159.94	159.92	159.31333333333333	159.26	159.23333333333332	159.18	158.87333333333333	158.4	158.53333333333333	157.88666666666666	157.28666666666666	156.87333333333333	156.3	155.74	154.70666666666668	154.03333333333333	152.7	151.0	148.78666666666666	145.36666666666667	139.48	126.68	0.0
0.0	126.54666666666667	139.70666666666668	145.76666666666668	148.92	151.08	152.36	153.56666666666666	154.77333333333334	155.33333333333334	155.68	156.7	157.10666666666665	157.22	157.75333333333333	157.94666666666666	158.42	158.62	159.32666666666665	159.24666666666667	159.22666666666666	159.33333333333334	159.51333333333332	159.82	159.94666666666666	159.74666666666667	160.15333333333334	159.80666666666667	159.82666666666665	160.03333333333333	160.14	160.18666666666667	160.3	160.51333333333332	160.00666666666666	160.28	160.04	160.14	160.22666666666666	160.41333333333333	160.22666666666666	160.26	160.22666666666666	160.03333333333333	159.96666666666667	159.94	159.79333333333332	160.06666666666666	159.78	159.68666666666667	159.58	159.46	159.54	158.96666666666667	158.56	158.65333333333334	158.24666666666667	157.84666666666666	157.59333333333333	157.4	156.86666666666667	156.76	156.06666666666666	155.43333333333334	154.88	153.94666666666666	152.4	150.83333333333334	148.74	145.13333333333333	139.66	127.06	0.0
0.0	126.8	139.81333333333333	145.19333333333333	148.81333333333333	151.06666666666666	152.36	153.83333333333334	154.7	155.30666666666667	155.6	156.56	156.86666666666667	157.43333333333334	157.90666666666667	158.21333333333334	158.65333333333334	158.85333333333332	158.68666666666667	159.08666666666667	159.2	159.43333333333334	159.40666666666667	159.56666666666666	159.80666666666667	160.06666666666666	159.87333333333333	160.13333333333333	160.4	160.43333333333334	160.52666666666667	160.71333333333334	160.74666666666667	160.61333333333334	160.78666666666666	160.58	160.68666666666667	160.62	160.42	160.77333333333334	160.90666666666667	160.58666666666667	160.44666666666666	160.35333333333332	160.22	160.22	160.60666666666665	160.16	160.07333333333332	159.88	159.43333333333334	159.40666666666667	159.37333333333333	159.14666666666668	159.12666666666667	159.1	158.76	158.34	158.19333333333333	157.77333333333334	157.52666666666667	157.06	156.56	155.75333333333333	154.92	154.26	153.04666666666665	151.44666666666666	149.45333333333335	145.49333333333334	139.86	127.03333333333333	0.0
0.0	126.95333333333333	139.09333333333333	144.84	148.27333333333334	150.36666666666667	151.88666666666666	153.42	154.16666666666666	154.94666666666666	156.29333333333332	156.30666666666667	156.97333333333333	157.76	157.76666666666668	157.72	158.12666666666667	158.24	158.26666666666668	158.37333333333333	158.56	158.92666666666668	158.58666666666667	158.92	159.12666666666667	159.47333333333333	159.44	159.08	159.52	159.59333333333333	159.55333333333334	159.69333333333333	159.62	159.78666666666666	159.92666666666668	160.07333333333332	160.21333333333334	160.29333333333332	160.02666666666667	159.92666666666668	159.94666666666666	159.52666666666667	159.55333333333334	159.45333333333335	159.40666666666667	159.43333333333334	159.37333333333333	159.20666666666668	158.94	159.02	158.82	158.64	158.37333333333333	158.08666666666667	157.90666666666667	157.79333333333332	157.50666666666666	157.68666666666667	157.12	156.85333333333332	156.52	155.84	155.34	154.96666666666667	153.96666666666667	153.31333333333333	151.99333333333334	150.78	148.33333333333334	145.06666666666666	139.26	126.49333333333334	0.0
0.0	127.17333333333333	139.94	145.42	148.48	150.9	152.45333333333335	153.82666666666665	154.7	155.82666666666665	156.38	156.92666666666668	157.34	157.59333333333333	157.66	158.48	158.36666666666667	158.50666666666666	159.02666666666667	159.3	159.30666666666667	159.39333333333335	159.62666666666667	159.86	160.11333333333334	160.14	159.93333333333334	159.99333333333334	160.17333333333335	160.15333333333334	160.49333333333334	160.52	160.56666666666666	160.63333333333333	160.78	160.62	160.79333333333332	160.42	160.63333333333333	160.68666666666667	160.24666666666667	160.61333333333334	160.44666666666666	160.68	160.71333333333334	160.55333333333334	160.7	160.87333333333333	160.56666666666666	160.34	160.09333333333333	159.82666666666665	160.08666666666667	159.71333333333334	159.60666666666665	159.34	158.94	158.69333333333333	158.62666666666667	158.08666666666667	157.66666666666666	156.82666666666665	156.32	155.49333333333334	154.76	153.92666666666668	153.14666666666668	151.11333333333334	149.00666666666666	145.46	140.04666666666665	127.47333333333333	0.0
0.0	127.08	139.52666666666667	145.41333333333333	149.16	151.04	152.58666666666667	153.7	154.50666666666666	155.38666666666666	156.26	156.80666666666667	157.13333333333333	157.68666666666667	157.72666666666666	158.0	158.36666666666667	158.52	159.00666666666666	159.16666666666666	159.32	159.06666666666666	159.17333333333335	159.45333333333335	159.21333333333334	159.6	159.68	159.98666666666668	160.04666666666665	160.32	160.64	160.49333333333334	160.14666666666668	160.27333333333334	160.32666666666665	160.4	160.35333333333332	160.38	160.30666666666667	160.49333333333334	160.00666666666666	160.07333333333332	159.76	159.95333333333335	159.76	160.20666666666668	160.12666666666667	159.95333333333335	159.47333333333333	159.61333333333334	159.71333333333334	159.13333333333333	159.06	158.84	158.60666666666665	158.83333333333334	158.47333333333333	158.14666666666668	157.67333333333335	157.74666666666667	157.22666666666666	156.34666666666666	156.19333333333333	155.67333333333335	154.80666666666667	153.80666666666667	152.33333333333334	150.87333333333333	148.80666666666667	145.42	139.64	127.12666666666667	0.0
0.0	127.19333333333333	139.84666666666666	145.43333333333334	148.57333333333332	150.88666666666666	153.04	154.02666666666667	155.08	155.94	155.90666666666667	156.36	157.06	157.31333333333333	157.48	157.96	158.50666666666666	158.8	158.73333333333332	158.92666666666668	159.12	159.56	159.62	159.42	159.64666666666668	160.06	160.14666666666668	160.48666666666668	160.55333333333334	160.82666666666665	160.49333333333334	160.58	160.44666666666666	160.44666666666666	160.81333333333333	160.55333333333334	160.42666666666668	160.38666666666666	160.14	160.18666666666667	160.3	160.08666666666667	160.05333333333334	160.04	160.14666666666668	160.00666666666666	159.69333333333333	159.46666666666667	159.50666666666666	159.43333333333334	159.35333333333332	159.2	158.82666666666665	158.76	158.74	158.46	158.4	157.95333333333335	157.70666666666668	157.43333333333334	157.2	157.05333333333334	156.31333333333333	155.57333333333332	154.99333333333334	153.9	152.52	151.09333333333333	148.62666666666667	145.46	139.79333333333332	127.24	0.0
0.0	127.3	140.14	146.02666666666667	148.77333333333334	151.35333333333332	153.01333333333332	153.98	154.70666666666668	155.63333333333333	156.29333333333332	157.02	157.18666666666667	157.44	157.92	157.84666666666666	158.24	158.62666666666667	158.94	158.77333333333334	158.97333333333333	159.13333333333333	159.56666666666666	159.72666666666666	159.82666666666665	160.15333333333334	159.48666666666668	160.06	159.94	160.50666666666666	160.26666666666668	160.61333333333334	160.37333333333333	160.09333333333333	160.37333333333333	160.49333333333334	160.47333333333333	160.35333333333332	160.48	160.56	160.56666666666666	160.62	160.63333333333333	160.79333333333332	160.58	160.15333333333334	160.13333333333333	159.85333333333332	159.92666666666668	159.58	159.43333333333334	159.03333333333333	159.28666666666666	159.33333333333334	159.32	158.39333333333335	158.35333333333332	158.25333333333333	158.12666666666667	157.64666666666668	156.98	156.79333333333332	156.18666666666667	155.76666666666668	154.58	153.38	152.08666666666667	150.57333333333332	148.7	145.49333333333334	139.95333333333335	127.26666666666667	0.0
0.0	126.60666666666667	139.66666666666666	145.43333333333334	148.67333333333335	150.94	152.62666666666667	153.71333333333334	154.78	155.62	156.07333333333332	156.48666666666668	156.55333333333334	157.17333333333335	157.72	158.34666666666666	158.7	158.52666666666667	159.24	159.08	159.23333333333332	159.50666666666666	159.74666666666667	159.99333333333334	160.06666666666666	160.11333333333334	160.18666666666667	160.24666666666667	159.83333333333334	160.21333333333334	160.31333333333333	160.26	160.28666666666666	160.58666666666667	160.74666666666667	160.74	160.80666666666667	160.49333333333334	160.81333333333333	160.61333333333334	160.41333333333333	160.8	160.49333333333334	160.32666666666665	160.16	160.18	160.25333333333333	160.38666666666666	160.18666666666667	159.86666666666667	159.68	159.60666666666665	159.7	159.14666666666668	158.86	158.92666666666668	158.36	158.03333333333333	157.86666666666667	157.49333333333334	157.36	156.56	156.26666666666668	155.7	154.69333333333333	153.79333333333332	153.01333333333332	151.16666666666666	148.81333333333333	145.52666666666667	139.48	126.91333333333333	0.0
0.0	127.24	139.44666666666666	145.24666666666667	148.54666666666665	150.65333333333334	152.36	153.66	154.75333333333333	155.35333333333332	155.8	156.49333333333334	156.9	157.18	157.52	158.05333333333334	158.44666666666666	158.55333333333334	158.69333333333333	158.85333333333332	159.10666666666665	159.3	159.34	159.68	159.64	159.84666666666666	159.78	159.74	160.08666666666667	159.99333333333334	160.12	160.46	160.47333333333333	160.29333333333332	160.27333333333334	160.24666666666667	160.73333333333332	160.61333333333334	160.38	159.89333333333335	159.96	160.10666666666665	160.02	159.85333333333332	159.73333333333332	159.68	159.94666666666666	159.64666666666668	159.4	159.14666666666668	159.14	158.96	158.84666666666666	158.56	158.52666666666667	158.06	158.20666666666668	157.89333333333335	157.48	157.07333333333332	156.75333333333333	156.38	155.78	155.55333333333334	154.85333333333332	153.78	152.72666666666666	150.84	148.64	145.30666666666667	139.67333333333335	127.14	0.0
0.0	126.77333333333333	139.04	144.99333333333334	148.62	150.79333333333332	152.36666666666667	153.42	154.10666666666665	154.84	155.65333333333334	156.08666666666667	156.44	156.82	157.23333333333332	157.72	158.28666666666666	158.24	158.86	158.60666666666665	158.85333333333332	158.99333333333334	159.14666666666668	159.03333333333333	159.33333333333334	159.39333333333335	159.69333333333333	159.88666666666666	159.8	159.65333333333334	159.76666666666668	159.96	160.04	159.87333333333333	159.83333333333334	160.05333333333334	159.83333333333334	160.02	160.16666666666666	160.09333333333333	160.28	159.80666666666667	159.84	159.86	160.16666666666666	159.64666666666668	159.4	159.55333333333334	159.51333333333332	159.38	159.16	158.8	158.62666666666667	158.49333333333334	158.26666666666668	158.14	158.12666666666667	157.6	157.39333333333335	157.12666666666667	156.82666666666665	156.3	155.76	155.22	154.18	153.24	152.06666666666666	150.56	148.3	144.66666666666666	139.19333333333333	126.74666666666667	0.0
0.0	126.86666666666666	139.22	145.12	148.77333333333334	150.76	152.38	153.52666666666667	154.45333333333335	155.60666666666665	156.28666666666666	156.60666666666665	156.91333333333333	157.44666666666666	158.04666666666665	158.32666666666665	158.58666666666667	158.78	158.56666666666666	158.89333333333335	158.88	159.19333333333333	159.46666666666667	159.88	160.28	160.44	160.42666666666668	159.91333333333333	160.06	160.12	160.06666666666666	160.09333333333333	160.46666666666667	160.29333333333332	160.33333333333334	160.44	160.36666666666667	160.49333333333334	160.54666666666665	160.35333333333332	160.67333333333335	160.68666666666667	160.8	160.9	160.2	160.10666666666665	160.03333333333333	160.02666666666667	159.8	160.04	159.82	159.84	159.16	159.18	159.22	158.96666666666667	158.66666666666666	158.13333333333333	157.94666666666666	157.44666666666666	157.17333333333335	156.56666666666666	155.96666666666667	155.38	154.4	154.06666666666666	152.54666666666665	151.04	148.92	145.18666666666667	139.86	127.11333333333333	0.0
0.0	126.68	139.12666666666667	145.24666666666667	148.52	151.06	152.50666666666666	153.98666666666668	154.72	155.33333333333334	155.76	156.71333333333334	157.15333333333334	157.78	157.78	157.98	158.53333333333333	158.78666666666666	158.76666666666668	159.2	159.20666666666668	159.72	159.74666666666667	160.03333333333333	160.03333333333333	159.99333333333334	160.12666666666667	160.20666666666668	160.46	160.54666666666665	160.48	160.40666666666667	160.39333333333335	160.50666666666666	160.56666666666666	160.47333333333333	160.26666666666668	160.4	160.75333333333333	160.7	160.94666666666666	160.54666666666665	160.16	160.50666666666666	160.32666666666665	160.32666666666665	159.88	160.07333333333332	159.72666666666666	159.47333333333333	159.37333333333333	159.81333333333333	159.09333333333333	158.52666666666667	158.71333333333334	158.44	158.26	158.39333333333335	158.00666666666666	157.55333333333334	156.90666666666667	156.50666666666666	156.25333333333333	155.63333333333333	154.96666666666667	154.1	152.8	151.02666666666667	148.64666666666668	145.3	139.55333333333334	126.16666666666667	0.0
0.0	126.55333333333333	139.6	145.06666666666666	149.01333333333332	151.16666666666666	152.51333333333332	153.77333333333334	155.12666666666667	155.61333333333334	156.06	157.05333333333334	157.31333333333333	157.84	158.19333333333333	158.75333333333333	158.65333333333334	159.0	159.22	159.16666666666666	159.54666666666665	159.7	160.06666666666666	160.19333333333333	159.85333333333332	160.05333333333334	160.18666666666667	160.35333333333332	160.3	160.34666666666666	160.42666666666668	160.55333333333334	160.56666666666666	160.51333333333332	160.48666666666668	160.29333333333332	160.34	159.96	160.16666666666666	160.14666666666668	160.47333333333333	160.02	160.06	160.31333333333333	160.02666666666667	160.24	160.26666666666668	160.37333333333333	160.22666666666666	160.10666666666665	159.85333333333332	159.68666666666667	159.78	159.66666666666666	159.69333333333333	159.47333333333333	159.03333333333333	158.59333333333333	158.53333333333333	158.3	157.25333333333333	157.12666666666667	156.52	155.74	154.86666666666667	154.12	153.07333333333332	151.41333333333333	149.15333333333334	145.46666666666667	139.10666666666665	126.68	0.0
0.0	127.11333333333333	139.86	145.32666666666665	148.87333333333333	151.13333333333333	153.06666666666666	154.0	155.12666666666667	155.8	156.4	156.80666666666667	157.05333333333334	157.5	158.07333333333332	158.37333333333333	158.37333333333333	158.67333333333335	158.86	159.00666666666666	159.31333333333333	159.66	159.66666666666666	159.72666666666666	159.80666666666667	159.96666666666667	159.75333333333333	159.74	159.98666666666668	160.02666666666667	160.44	160.16	160.02	160.30666666666667	160.05333333333334	160.03333333333333	160.02	159.94666666666666	159.82666666666665	160.0	160.18	160.17333333333335	159.88666666666666	160.09333333333333	159.93333333333334	159.74666666666667	159.78	159.84	159.85333333333332	159.76	159.91333333333333	159.51333333333332	159.13333333333333	159.12666666666667	158.86666666666667	158.66666666666666	157.92	157.96666666666667	157.62	157.29333333333332	157.02	156.66666666666666	156.05333333333334	155.17333333333335	154.07333333333332	153.62	152.22	150.93333333333334	148.76	145.38	139.48666666666668	126.99333333333334	0.0
0.0	126.96666666666667	139.68	145.74	149.16666666666666	150.96666666666667	153.12	154.12	154.82666666666665	155.57333333333332	156.0	156.6	156.88	157.26666666666668	157.67333333333335	157.72666666666666	158.20666666666668	158.38666666666666	158.77333333333334	159.14	159.52	159.48666666666668	159.79333333333332	159.86666666666667	159.94	160.09333333333333	160.02666666666667	160.04	160.55333333333334	160.62	160.88	160.66666666666666	160.56	160.62	160.46	160.44666666666666	160.67333333333335	160.61333333333334	160.26	160.42	160.21333333333334	160.55333333333334	160.22	160.15333333333334	160.51333333333332	160.54	160.21333333333334	160.23333333333332	160.22	159.74	160.00666666666666	159.48666666666668	158.92666666666668	158.51333333333332	158.49333333333334	158.2	158.30666666666667	157.82666666666665	157.4	157.02	156.90666666666667	156.56	156.04	155.36666666666667	154.33333333333334	153.58666666666667	152.46	150.63333333333333	148.62	145.26	139.27333333333334	127.02666666666667	0.0
0.0	126.48	139.53333333333333	145.25333333333333	148.99333333333334	151.38	152.56666666666666	153.95333333333335	154.80666666666667	155.86	156.34	156.98	157.24	157.76666666666668	157.86	157.88666666666666	158.3	158.71333333333334	159.02	159.56666666666666	159.36666666666667	159.71333333333334	159.96	159.76	159.80666666666667	160.01333333333332	160.24666666666667	160.01333333333332	160.12666666666667	159.79333333333332	159.92666666666668	160.08666666666667	159.99333333333334	160.26	160.18666666666667	160.21333333333334	160.44666666666666	160.64	160.96	160.68666666666667	160.6	160.81333333333333	160.60666666666665	160.54666666666665	160.3	160.80666666666667	160.52666666666667	160.3	160.32	160.02	159.87333333333333	159.92666666666668	159.83333333333334	159.74	159.56	159.28	159.03333333333333	158.32666666666665	157.96	157.60666666666665	157.38	156.99333333333334	156.47333333333333	155.86666666666667	155.39333333333335	154.03333333333333	153.18	151.46666666666667	149.07333333333332	145.32666666666665	139.38666666666666	127.2	0.0
0.0	127.02	139.85333333333332	145.99333333333334	149.13333333333333	151.11333333333334	153.02666666666667	154.40666666666667	155.13333333333333	156.06	156.5	157.13333333333333	157.43333333333334	157.86666666666667	158.09333333333333	158.23333333333332	158.64	158.85333333333332	159.22	159.10666666666665	159.18	159.38666666666666	159.72	159.64	159.82	160.20666666666668	160.1	160.0	160.26666666666668	159.75333333333333	160.0	159.9	159.9	159.78	159.78	160.11333333333334	160.07333333333332	160.00666666666666	160.21333333333334	160.48	160.18666666666667	159.76	159.97333333333333	159.70666666666668	159.70666666666668	159.90666666666667	159.61333333333334	159.73333333333332	159.64666666666668	159.72	159.35333333333332	159.0	158.81333333333333	158.66666666666666	158.61333333333334	158.51333333333332	158.22	158.02666666666667	157.61333333333334	157.44666666666666	157.26	156.68	156.36	155.56666666666666	154.62666666666667	154.02	152.72	151.22666666666666	149.44666666666666	146.27333333333334	140.18666666666667	126.9	0.0
0.0	126.79333333333334	139.64	144.91333333333333	148.56	150.71333333333334	152.54666666666665	154.12	154.99333333333334	156.05333333333334	156.20666666666668	156.5	157.24	157.77333333333334	157.96666666666667	158.23333333333332	158.52666666666667	158.8	159.08666666666667	159.44666666666666	159.42	159.80666666666667	159.56666666666666	159.68	159.92	159.88666666666666	160.23333333333332	160.26666666666668	160.28	160.3	160.25333333333333	160.15333333333334	160.34666666666666	160.18	160.38666666666666	160.33333333333334	160.68666666666667	160.43333333333334	160.27333333333334	160.34	160.52	160.28	160.34	160.16	160.1	160.28	160.19333333333333	159.73333333333332	159.51333333333332	160.06	159.93333333333334	159.65333333333334	159.57333333333332	159.18666666666667	159.03333333333333	158.52666666666667	158.32	158.13333333333333	157.66666666666666	157.54	157.13333333333333	156.52666666666667	156.13333333333333	155.56666666666666	154.51333333333332	153.92	152.60666666666665	151.0	149.08	145.56	139.85333333333332	127.02666666666667	0.0
0.0	126.59333333333333	139.43333333333334	145.22	148.76	151.28666666666666	152.93333333333334	154.12666666666667	155.30666666666667	156.12666666666667	156.80666666666667	157.41333333333333	157.57333333333332	157.79333333333332	158.62666666666667	158.88666666666666	159.14	159.11333333333334	159.49333333333334	159.56666666666666	159.64666666666668	160.28666666666666	159.92666666666668	160.28666666666666	160.80666666666667	160.96	160.71333333333334	160.68666666666667	160.44666666666666	160.42	160.89333333333335	160.68666666666667	160.95333333333335	160.85333333333332	160.52666666666667	160.74666666666667	160.86	160.94	160.92	160.90666666666667	160.61333333333334	160.65333333333334	160.54	160.39333333333335	160.72666666666666	160.68	160.30666666666667	159.88666666666666	160.20666666666668	160.14	160.16	159.88	159.75333333333333	159.58666666666667	159.26666666666668	159.0	158.78666666666666	158.3	157.99333333333334	157.74	157.06666666666666	156.79333333333332	156.52	155.74	155.19333333333333	154.29333333333332	152.69333333333333	151.38	149.26666666666668	145.61333333333334	139.47333333333333	127.10666666666667	0.0
0.0	126.92666666666666	139.57333333333332	145.52	148.58	151.06	152.62666666666667	153.54	154.88	155.41333333333333	156.09333333333333	156.78666666666666	157.22666666666666	157.65333333333334	157.76	158.15333333333334	158.52666666666667	158.88666666666666	158.93333333333334	159.18666666666667	159.43333333333334	159.24666666666667	159.82666666666665	159.94666666666666	160.00666666666666	160.13333333333333	160.20666666666668	160.37333333333333	160.60666666666665	161.04	161.14	161.01333333333332	160.88666666666666	160.66	160.68666666666667	160.71333333333334	161.14	160.96666666666667	160.59333333333333	160.63333333333333	160.76666666666668	160.82	160.44666666666666	160.25333333333333	160.38666666666666	160.35333333333332	160.2	159.97333333333333	160.06	160.0	159.78	159.84	159.3	159.24666666666667	158.91333333333333	158.31333333333333	158.08666666666667	157.66	157.51333333333332	157.31333333333333	156.90666666666667	156.12666666666667	155.86666666666667	155.78666666666666	155.04	153.88666666666666	152.84	151.35333333333332	148.90666666666667	145.59333333333333	139.89333333333335	127.34	0.0
0.0	126.59333333333333	139.66666666666666	145.45333333333335	148.88666666666666	151.26666666666668	152.46	153.87333333333333	154.45333333333335	155.5	156.1	156.72	157.18666666666667	157.63333333333333	157.93333333333334	158.28	158.52666666666667	158.75333333333333	158.68	158.78666666666666	159.2	159.40666666666667	159.42666666666668	159.74	159.78	159.93333333333334	160.20666666666668	160.4	160.46666666666667	160.06	160.39333333333335	160.25333333333333	160.23333333333332	160.42666666666668	160.42666666666668	160.42666666666668	160.54666666666665	160.88	160.64	160.50666666666666	160.83333333333334	160.71333333333334	160.50666666666666	160.42666666666668	160.08	160.32666666666665	160.11333333333334	159.98666666666668	159.77333333333334	159.72	159.54666666666665	159.53333333333333	159.45333333333335	159.36	158.92	158.55333333333334	158.51333333333332	158.24666666666667	157.88	157.48	157.01333333333332	156.66	155.58	155.2	154.33333333333334	153.68666666666667	153.03333333333333	150.9	148.88	145.25333333333333	139.32666666666665	126.94666666666667	0.0
0.0	126.73333333333333	139.48	145.14	148.84666666666666	150.76	152.5	153.54666666666665	154.78	155.46666666666667	156.30666666666667	156.48	157.04666666666665	157.4	157.67333333333335	158.18	158.56666666666666	158.64	158.99333333333334	159.00666666666666	159.28666666666666	159.5	159.46666666666667	159.54666666666665	159.56666666666666	159.85333333333332	160.16	160.06666666666666	160.17333333333335	160.22666666666666	160.38666666666666	160.38666666666666	160.14666666666668	160.67333333333335	160.89333333333335	160.74666666666667	160.18666666666667	160.25333333333333	160.57333333333332	160.50666666666666	160.38	160.40666666666667	160.04666666666665	159.79333333333332	159.87333333333333	159.77333333333334	159.58666666666667	159.3	159.38666666666666	159.29333333333332	159.39333333333335	159.09333333333333	158.88	158.66666666666666	158.89333333333335	158.68	158.48666666666668	157.86	157.62666666666667	157.37333333333333	156.87333333333333	156.59333333333333	155.99333333333334	155.29333333333332	155.20666666666668	154.09333333333333	152.66666666666666	151.16666666666666	148.68666666666667	145.7	139.44	127.04	0.0
0.0	126.97333333333333	139.74666666666667	145.82	148.67333333333335	151.16666666666666	152.75333333333333	153.98	155.26	155.7	156.24	156.86666666666667	157.74666666666667	158.02666666666667	158.68666666666667	158.77333333333334	159.02666666666667	159.32	159.43333333333334	159.46	159.39333333333335	159.5	159.39333333333335	159.42666666666668	159.77333333333334	160.24	159.9	160.1	160.36	160.31333333333333	160.32666666666665	160.07333333333332	160.09333333333333	160.03333333333333	160.33333333333334	160.19333333333333	160.12	160.24	160.60666666666665	160.36	160.38666666666666	160.26	160.53333333333333	160.19333333333333	160.10666666666665	160.09333333333333	159.79333333333332	159.66	159.44	159.94666666666666	159.94666666666666	159.27333333333334	159.41333333333333	158.96666666666667	158.98666666666668	158.65333333333334	158.62666666666667	158.42666666666668	158.05333333333334	157.82	157.40666666666667	156.89333333333335	156.27333333333334	155.72666666666666	154.67333333333335	153.9	152.46666666666667	150.98	148.72	145.22	139.47333333333333	127.14666666666666	0.0
0.0	126.60666666666667	139.60666666666665	145.46666666666667	148.76	150.98666666666668	152.74666666666667	153.96666666666667	154.78666666666666	156.0	156.29333333333332	157.0	157.3	157.35333333333332	157.82666666666665	158.32	158.42666666666668	158.79333333333332	158.86	158.71333333333334	158.61333333333334	159.01333333333332	159.17333333333335	159.64666666666668	159.56	159.46666666666667	159.64	159.99333333333334	160.00666666666666	159.76666666666668	159.96666666666667	160.05333333333334	160.11333333333334	160.35333333333332	160.31333333333333	160.04	160.52	160.16666666666666	160.36666666666667	160.36666666666667	160.08	160.24666666666667	160.34	160.46	160.38666666666666	160.27333333333334	160.24666666666667	159.99333333333334	160.08	159.83333333333334	160.08666666666667	159.59333333333333	159.55333333333334	159.15333333333334	158.86	158.65333333333334	158.69333333333333	158.22	157.58	157.52	156.72	156.42666666666668	156.04666666666665	155.57333333333332	154.28	153.94666666666666	152.56666666666666	150.84	148.9	145.53333333333333	139.74666666666667	127.20666666666666	0.0
0.0	126.98	139.79333333333332	145.58666666666667	149.20666666666668	150.87333333333333	152.48666666666668	153.74666666666667	154.43333333333334	155.38666666666666	155.9	156.48666666666668	157.18	157.4	157.81333333333333	158.26	158.32666666666665	158.69333333333333	158.77333333333334	158.83333333333334	159.12	158.88	159.27333333333334	159.4	159.74	159.94	159.68	159.68666666666667	159.88666666666666	159.96	160.46666666666667	160.48	160.15333333333334	160.18	160.44	160.28666666666666	160.39333333333335	160.33333333333334	160.18666666666667	160.06	159.83333333333334	159.63333333333333	159.58	159.44	159.70666666666668	159.55333333333334	159.64666666666668	159.40666666666667	159.48666666666668	159.52	159.23333333333332	159.16	158.98	158.96666666666667	158.56666666666666	158.46	158.12666666666667	158.12666666666667	157.97333333333333	157.5	156.98	156.38666666666666	156.14666666666668	155.34666666666666	154.77333333333334	153.74	152.52	151.04666666666665	148.63333333333333	145.88666666666666	139.50666666666666	126.75333333333333	0.0
0.0	127.08	139.51333333333332	145.58	148.96	151.36666666666667	152.91333333333333	153.92666666666668	155.36	155.74	156.42	156.81333333333333	157.22666666666666	157.59333333333333	158.12666666666667	158.4	158.71333333333334	159.35333333333332	159.15333333333334	159.66	160.0	159.6	160.07333333333332	159.86666666666667	160.32666666666665	160.35333333333332	160.37333333333333	160.82	160.59333333333333	160.75333333333333	160.60666666666665	161.16	161.19333333333333	160.99333333333334	160.88666666666666	160.54	160.62666666666667	160.82	160.93333333333334	160.7	161.01333333333332	160.61333333333334	160.83333333333334	160.86666666666667	160.76	160.60666666666665	160.76666666666668	160.29333333333332	159.96	159.92666666666668	159.62	159.63333333333333	159.49333333333334	159.40666666666667	158.8	158.52666666666667	158.32666666666665	158.16	157.93333333333334	157.48	157.18666666666667	156.78	156.28666666666666	155.82	155.02	154.01333333333332	152.56	151.54	149.04666666666665	145.56666666666666	139.35333333333332	126.83333333333333	0.0
0.0	126.99333333333334	139.46666666666667	145.16666666666666	148.98	151.11333333333334	152.20666666666668	153.6	154.00666666666666	155.43333333333334	156.16666666666666	156.65333333333334	157.06	157.66666666666666	158.18	158.18666666666667	158.67333333333335	158.96	159.00666666666666	159.02	159.36	159.46	159.64	159.7	159.46	159.46666666666667	159.58	160.16	160.24666666666667	160.19333333333333	160.08666666666667	160.09333333333333	160.22666666666666	160.44666666666666	160.36666666666667	160.81333333333333	160.67333333333335	160.73333333333332	160.42666666666668	160.70666666666668	160.48	160.37333333333333	160.3	160.23333333333332	160.12666666666667	160.34666666666666	160.10666666666665	160.16666666666666	159.64	159.70666666666668	159.65333333333334	159.53333333333333	159.44	159.64	159.33333333333334	159.09333333333333	158.88	158.58666666666667	157.86	157.68	157.14	156.62666666666667	156.09333333333333	155.4	154.5	153.51333333333332	152.28	150.74	148.62666666666667	145.46666666666667	139.30666666666667	126.97333333333333	0.0
0.0	126.83333333333333	139.73333333333332	145.68	148.91333333333333	151.31333333333333	152.93333333333334	154.06	154.90666666666667	155.52666666666667	155.9	156.44666666666666	156.88	157.74666666666667	157.86	158.35333333333332	158.58	159.02	158.64666666666668	158.92	159.01333333333332	159.22	159.41333333333333	159.28666666666666	159.75333333333333	160.00666666666666	159.84	159.86666666666667	160.04666666666665	160.2	160.5	160.34	160.73333333333332	160.75333333333333	160.96	161.15333333333334	160.83333333333334	160.52666666666667	160.81333333333333	160.97333333333333	160.72	160.76666666666668	160.58666666666667	160.66666666666666	160.35333333333332	160.53333333333333	160.38666666666666	160.16666666666666	159.88	159.96	159.62	159.53333333333333	159.0	159.19333333333333	158.98	158.72	158.52	158.39333333333335	158.27333333333334	157.68	157.46	156.82666666666665	156.22666666666666	155.73333333333332	154.66	154.13333333333333	152.54666666666665	151.25333333333333	148.91333333333333	145.44666666666666	139.56666666666666	127.21333333333334	0.0
0.0	126.7	139.50666666666666	145.5	149.02	151.28	152.7	153.87333333333333	154.91333333333333	155.77333333333334	156.46	157.03333333333333	157.36	157.89333333333335	158.37333333333333	158.54666666666665	158.79333333333332	159.46	159.26	159.58666666666667	159.78666666666666	159.64666666666668	160.03333333333333	159.92	160.02	160.11333333333334	160.22666666666666	160.34666666666666	160.65333333333334	160.76	160.86666666666667	160.85333333333332	160.60666666666665	160.98	160.82	160.82666666666665	160.63333333333333	160.93333333333334	160.94	160.94666666666666	161.06666666666666	160.63333333333333	160.55333333333334	160.32666666666665	160.38	160.18666666666667	159.96	159.9	159.84	160.08	159.82666666666665	159.65333333333334	159.45333333333335	159.2	159.54	158.90666666666667	158.85333333333332	158.58	158.36	157.96	157.31333333333333	156.66	156.03333333333333	155.82	155.1	153.82	152.45333333333335	150.78666666666666	148.77333333333334	145.69333333333333	139.62	126.75333333333333	0.0
0.0	126.71333333333334	139.59333333333333	145.16	148.4	150.80666666666667	152.21333333333334	153.64	154.42	155.08	155.77333333333334	156.37333333333333	156.74666666666667	157.81333333333333	157.82666666666665	158.24666666666667	158.33333333333334	158.7	158.76666666666668	159.30666666666667	159.37333333333333	159.14666666666668	159.72	159.82	159.64666666666668	159.55333333333334	159.86	159.68	159.56666666666666	160.02	160.10666666666665	160.06666666666666	160.08	160.37333333333333	160.09333333333333	159.88	160.25333333333333	160.29333333333332	160.04666666666665	160.50666666666666	160.06666666666666	159.8	159.94666666666666	159.85333333333332	159.54666666666665	159.50666666666666	159.55333333333334	159.62	159.36666666666667	159.36666666666667	159.5	159.35333333333332	159.40666666666667	159.21333333333334	158.86666666666667	158.67333333333335	158.23333333333332	157.94	158.16666666666666	157.56	156.82666666666665	156.61333333333334	155.97333333333333	155.38666666666666	154.21333333333334	153.56	152.26666666666668	151.00666666666666	148.62666666666667	145.33333333333334	139.58	126.93333333333334	0.0
0.0	127.2	140.05333333333334	145.52	148.76666666666668	151.12666666666667	152.94666666666666	154.06	154.98	155.78666666666666	156.40666666666667	156.85333333333332	157.24	157.87333333333333	158.24666666666667	158.26666666666668	158.58666666666667	158.70666666666668	159.25333333333333	159.26	159.31333333333333	159.69333333333333	159.48666666666668	159.76	159.9	159.81333333333333	160.29333333333332	160.22666666666666	160.12666666666667	160.07333333333332	160.59333333333333	160.28	160.62	160.58666666666667	160.84	160.52	160.74	160.48	160.71333333333334	160.8	160.81333333333333	160.64	160.58666666666667	160.72666666666666	160.52666666666667	160.71333333333334	160.53333333333333	160.39333333333335	160.47333333333333	160.15333333333334	160.31333333333333	159.94	159.39333333333335	159.24666666666667	158.85333333333332	159.14	158.68	158.4	158.09333333333333	157.78666666666666	157.32666666666665	157.07333333333332	156.54	155.75333333333333	155.06666666666666	154.31333333333333	153.04666666666665	151.29333333333332	148.7	145.72666666666666	139.79333333333332	126.97333333333333	0.0
0.0	126.93333333333334	139.53333333333333	145.55333333333334	148.54	150.88666666666666	152.64666666666668	153.85333333333332	154.76	155.36666666666667	155.90666666666667	156.84666666666666	157.18	157.58	158.12	158.68	158.72666666666666	159.38	159.05333333333334	159.38	159.41333333333333	159.72	159.92	160.02	160.72	160.36	160.30666666666667	160.68	160.61333333333334	160.62	160.87333333333333	160.64	160.68666666666667	160.26666666666668	160.56666666666666	160.47333333333333	160.55333333333334	160.42666666666668	160.61333333333334	160.52	160.47333333333333	160.27333333333334	160.52	160.6	160.3	160.34	160.16666666666666	160.09333333333333	159.84	159.85333333333332	159.81333333333333	159.74	159.26666666666668	159.15333333333334	159.15333333333334	158.96	158.51333333333332	158.32	157.85333333333332	157.52	157.37333333333333	157.00666666666666	156.11333333333334	155.76666666666668	155.05333333333334	154.26	152.93333333333334	151.68666666666667	148.99333333333334	145.82666666666665	139.61333333333334	126.84	0.0
0.0	127.32	139.41333333333333	145.66	149.29333333333332	151.60666666666665	152.99333333333334	154.12666666666667	155.29333333333332	156.24666666666667	156.73333333333332	157.28	157.82	158.02	158.56	158.69333333333333	158.97333333333333	159.02666666666667	159.52	159.69333333333333	159.74	159.91333333333333	160.11333333333334	160.35333333333332	160.73333333333332	160.72	160.57333333333332	160.48	160.75333333333333	160.68666666666667	161.1	160.87333333333333	160.64666666666668	161.05333333333334	161.21333333333334	161.07333333333332	160.94666666666666	161.24	161.28	161.47333333333333	161.18666666666667	161.08	161.09333333333333	160.94	160.98666666666668	160.39333333333335	160.34666666666666	160.19333333333333	160.53333333333333	160.52	160.3	160.22666666666666	160.58	160.33333333333334	160.12	159.53333333333333	159.43333333333334	158.98666666666668	158.62666666666667	158.31333333333333	157.98	157.62	156.75333333333333	155.96666666666667	155.02	154.03333333333333	152.96666666666667	151.30666666666667	149.28	145.76666666666668	140.08	127.60666666666667	0.0
0.0	127.28	139.83333333333334	145.74666666666667	149.18	151.35333333333332	152.79333333333332	154.04	155.15333333333334	155.82	156.68666666666667	157.06666666666666	157.73333333333332	157.82	158.46	158.54	158.92	158.89333333333335	159.36	159.23333333333332	159.86	160.04	159.54	159.84	160.18	159.94	160.06	160.26	160.44666666666666	160.63333333333333	160.51333333333332	160.48666666666668	160.54666666666665	160.44666666666666	160.82666666666665	160.46	160.46666666666667	160.54666666666665	160.4	160.40666666666667	160.54	160.56666666666666	160.28666666666666	160.31333333333333	160.16666666666666	160.16666666666666	160.16	159.96	159.94	159.79333333333332	159.63333333333333	159.35333333333332	159.22666666666666	159.48	159.19333333333333	159.16	159.14666666666668	158.84	158.6	158.23333333333332	157.84666666666666	157.18	156.39333333333335	155.84	154.68666666666667	153.86	152.79333333333332	151.11333333333334	148.40666666666667	145.53333333333333	139.26	126.8	0.0
0.0	126.6	139.3	144.67333333333335	148.41333333333333	150.73333333333332	152.58	153.56666666666666	154.60666666666665	155.39333333333335	155.98666666666668	156.47333333333333	156.72666666666666	157.24	157.64	158.17333333333335	158.21333333333334	158.59333333333333	158.78	159.14666666666668	159.34666666666666	159.5	159.33333333333334	159.76	160.00666666666666	159.84666666666666	160.05333333333334	159.68	159.98	160.22666666666666	160.46	160.32666666666665	159.94	159.88666666666666	160.19333333333333	160.28666666666666	160.28	160.32666666666665	160.35333333333332	160.28	160.48666666666668	160.1	160.4	160.37333333333333	160.19333333333333	160.06666666666666	159.68666666666667	160.01333333333332	159.69333333333333	159.51333333333332	159.46	158.91333333333333	159.04666666666665	159.08666666666667	158.93333333333334	158.96666666666667	158.74	158.28	158.12666666666667	157.58666666666667	156.84	156.56666666666666	155.92666666666668	155.14666666666668	154.49333333333334	153.68	152.44666666666666	150.90666666666667	148.79333333333332	145.35333333333332	139.34666666666666	127.08666666666667	0.0
0.0	127.31333333333333	139.68	145.82666666666665	149.04	151.12666666666667	152.70666666666668	153.73333333333332	155.1	155.90666666666667	156.62	157.13333333333333	157.46	157.83333333333334	158.23333333333332	158.64666666666668	158.62	158.70666666666668	158.86666666666667	159.13333333333333	159.5	159.54	159.58	160.10666666666665	159.59333333333333	160.08	160.12666666666667	160.38	160.28	160.10666666666665	160.40666666666667	160.69333333333333	160.4	160.46666666666667	160.8	160.46	160.78666666666666	160.42	160.22	160.66	160.32666666666665	160.28666666666666	160.09333333333333	160.00666666666666	159.89333333333335	159.9	159.72666666666666	159.88666666666666	159.91333333333333	159.84	159.4	159.4	159.06666666666666	159.37333333333333	158.99333333333334	159.1	159.0	159.0	158.54666666666665	157.58	157.10666666666665	156.8	156.07333333333332	155.36	154.64	153.53333333333333	152.74666666666667	151.38666666666666	148.89333333333335	145.59333333333333	139.58666666666667	126.95333333333333	0.0
0.0	127.23333333333333	140.04666666666665	145.76666666666668	149.04	151.27333333333334	152.88	153.69333333333333	154.46	155.26666666666668	156.06	156.65333333333334	157.14666666666668	157.58666666666667	158.31333333333333	158.54666666666665	158.76	158.57333333333332	158.87333333333333	158.93333333333334	159.72	159.50666666666666	159.90666666666667	160.10666666666665	160.04	160.23333333333332	160.18	160.24	160.12	160.46	160.50666666666666	160.35333333333332	159.93333333333334	160.04	160.26666666666668	160.42	160.34666666666666	160.29333333333332	160.64666666666668	160.16666666666666	160.0	160.06666666666666	159.68	159.76	160.02	159.67333333333335	159.74666666666667	159.62	159.42	159.58666666666667	159.64	159.6	159.42666666666668	159.02	158.94666666666666	158.93333333333334	158.78666666666666	158.45333333333335	157.98	157.59333333333333	157.04	156.66666666666666	156.15333333333334	155.95333333333335	154.92	154.08	152.92666666666668	150.95333333333335	149.29333333333332	145.50666666666666	140.11333333333334	127.16	0.0
0.0	127.12	139.4	145.46666666666667	148.78666666666666	150.94666666666666	152.51333333333332	153.74666666666667	154.64666666666668	155.78666666666666	156.38	156.79333333333332	157.18666666666667	157.62	158.00666666666666	158.38666666666666	158.04666666666665	158.68666666666667	158.98	158.95333333333335	159.0	159.39333333333335	159.72	159.70666666666668	159.80666666666667	159.78	159.98	159.92666666666668	160.36	159.88	160.16	160.07333333333332	160.41333333333333	160.39333333333335	160.66	160.48666666666668	160.55333333333334	160.48	160.79333333333332	160.41333333333333	160.59333333333333	160.64	160.38	160.46666666666667	160.16666666666666	160.46666666666667	159.98	160.01333333333332	160.02666666666667	159.80666666666667	159.84	159.54666666666665	159.37333333333333	159.68666666666667	159.19333333333333	159.32666666666665	159.15333333333334	158.79333333333332	158.21333333333334	157.92	157.15333333333334	156.38	156.08	155.5	154.51333333333332	153.74666666666667	152.57333333333332	150.9	148.48666666666668	145.52	139.77333333333334	127.49333333333334	0.0
0.0	127.08	139.42666666666668	145.22	149.07333333333332	150.78666666666666	152.85333333333332	153.67333333333335	154.9	155.58	156.00666666666666	156.64666666666668	156.9	157.84	157.92	158.45333333333335	158.42666666666668	158.96666666666667	158.91333333333333	159.1	159.38	159.75333333333333	159.76666666666668	159.79333333333332	160.22	160.36	160.21333333333334	160.73333333333332	160.36	160.38666666666666	160.30666666666667	160.2	160.0	160.31333333333333	160.37333333333333	160.21333333333334	160.26666666666668	160.42666666666668	160.35333333333332	160.18666666666667	160.3	160.30666666666667	160.30666666666667	160.20666666666668	160.38666666666666	160.46	160.42	160.42666666666668	160.34666666666666	160.39333333333335	160.1	159.95333333333335	159.93333333333334	159.84	159.50666666666666	159.28666666666666	158.46666666666667	158.48	158.09333333333333	157.48	156.95333333333335	156.74	156.43333333333334	155.6	154.96	154.33333333333334	153.00666666666666	151.21333333333334	148.82	145.74	139.77333333333334	126.77333333333333	0.0
0.0	126.98	139.7	145.55333333333334	148.95333333333335	151.44	152.76666666666668	154.20666666666668	155.02666666666667	155.34666666666666	156.14	156.88	157.35333333333332	157.82	158.13333333333333	158.63333333333333	158.74	159.16	159.28	159.64	159.66666666666666	160.44	160.32	160.02	160.25333333333333	160.38	160.23333333333332	160.64666666666668	160.19333333333333	160.69333333333333	160.84	160.85333333333332	160.42	160.68666666666667	161.04666666666665	160.66	160.96	160.70666666666668	160.96666666666667	161.02666666666667	160.82666666666665	160.86	160.74666666666667	160.67333333333335	160.66	160.42666666666668	160.47333333333333	160.20666666666668	159.82	159.68	159.73333333333332	159.56666666666666	159.56	159.11333333333334	159.17333333333335	159.05333333333334	158.7	158.29333333333332	157.8	157.6	157.48666666666668	156.92	156.36666666666667	156.04	154.82666666666665	153.77333333333334	152.75333333333333	150.9	148.99333333333334	145.61333333333334	139.58666666666667	126.66666666666667	0.0
0.0	126.93333333333334	139.93333333333334	145.6	148.63333333333333	151.16	152.34	154.0	154.94666666666666	155.54666666666665	156.06	156.63333333333333	156.92666666666668	157.72	158.06666666666666	158.30666666666667	158.54	158.72	158.95333333333335	159.38666666666666	159.35333333333332	159.49333333333334	159.58666666666667	159.96666666666667	159.84	160.18666666666667	160.26	160.54	160.68666666666667	160.70666666666668	160.61333333333334	160.16666666666666	160.38	160.3	160.14	159.97333333333333	159.88666666666666	160.34666666666666	160.45333333333335	160.03333333333333	160.47333333333333	160.44666666666666	160.31333333333333	160.33333333333334	160.13333333333333	160.21333333333334	160.13333333333333	160.28666666666666	160.02	160.00666666666666	160.27333333333334	159.57333333333332	159.71333333333334	159.38	159.15333333333334	158.68666666666667	158.54666666666665	158.50666666666666	158.06666666666666	157.74	157.21333333333334	156.54666666666665	156.34	155.13333333333333	154.80666666666667	154.08666666666667	152.7	150.86666666666667	148.74	145.96	139.44666666666666	127.13333333333334	0.0
0.0	126.88	139.44	145.49333333333334	148.8	150.66	152.47333333333333	153.41333333333333	154.50666666666666	155.32	155.94666666666666	156.19333333333333	156.75333333333333	157.32666666666665	157.64	157.84666666666666	158.4	158.36666666666667	158.57333333333332	158.9	158.92666666666668	159.03333333333333	159.28	159.24666666666667	159.42666666666668	159.83333333333334	159.80666666666667	159.92666666666668	159.87333333333333	160.32	160.24	159.96666666666667	160.08	160.37333333333333	160.55333333333334	160.34	160.54666666666665	160.4	160.54666666666665	160.26	160.69333333333333	160.07333333333332	160.44666666666666	160.14666666666668	159.98666666666668	160.12666666666667	159.87333333333333	160.16666666666666	159.67333333333335	159.44	159.52	159.37333333333333	159.09333333333333	159.23333333333332	159.07333333333332	158.48666666666668	158.28666666666666	158.00666666666666	157.66	157.04666666666665	156.80666666666667	156.23333333333332	155.95333333333335	155.76	155.04666666666665	153.86666666666667	152.72	151.28666666666666	148.84666666666666	145.44	139.77333333333334	126.60666666666667	0.0
0.0	127.36666666666666	139.92	145.77333333333334	149.02	151.36666666666667	153.18666666666667	154.42666666666668	155.33333333333334	156.05333333333334	156.74	157.31333333333333	157.66	157.72	158.11333333333334	158.88	158.88	159.20666666666668	159.35333333333332	159.60666666666665	159.96666666666667	160.19333333333333	160.18666666666667	160.17333333333335	160.36666666666667	160.54666666666665	160.66	160.62666666666667	160.66	160.76666666666668	161.10666666666665	160.99333333333334	161.10666666666665	161.04666666666665	161.09333333333333	160.94666666666666	161.04	161.30666666666667	161.3	161.22	160.98666666666668	160.87333333333333	160.8	160.83333333333334	161.1	160.84	160.70666666666668	160.40666666666667	160.48666666666668	160.40666666666667	160.38	160.25333333333333	160.12	159.81333333333333	159.71333333333334	159.48666666666668	159.02666666666667	159.01333333333332	158.31333333333333	158.10666666666665	157.74666666666667	157.35333333333332	156.54	155.95333333333335	155.14666666666668	154.18666666666667	153.22	151.17333333333335	149.0	145.94	139.58666666666667	126.76666666666667	0.0
0.0	126.74	139.48	145.29333333333332	148.80666666666667	151.14666666666668	152.95333333333335	154.05333333333334	155.0	155.83333333333334	156.04	156.82	157.02666666666667	157.73333333333332	158.04666666666665	157.98666666666668	158.45333333333335	158.67333333333335	158.88	158.99333333333334	159.19333333333333	159.59333333333333	159.66666666666666	159.97333333333333	160.23333333333332	159.94666666666666	160.27333333333334	160.10666666666665	160.32666666666665	160.12	159.91333333333333	160.25333333333333	160.23333333333332	160.34666666666666	160.26	160.26	160.54666666666665	160.32666666666665	160.32666666666665	160.19333333333333	160.20666666666668	160.06	160.24	160.54666666666665	160.38666666666666	160.06	159.94666666666666	159.82	159.62	159.24666666666667	159.29333333333332	159.04666666666665	158.82666666666665	159.02666666666667	158.98	158.88666666666666	158.46	158.22666666666666	158.35333333333332	157.98666666666668	157.91333333333333	157.35333333333332	156.77333333333334	156.01333333333332	155.33333333333334	154.55333333333334	153.1	151.35333333333332	149.59333333333333	145.76666666666668	139.80666666666667	126.95333333333333	0.0
0.0	126.58666666666667	139.39333333333335	145.49333333333334	148.66	150.65333333333334	152.56	153.74	154.56	155.64666666666668	156.26666666666668	156.76	157.34	157.47333333333333	158.18	158.38666666666666	158.58666666666667	158.86	159.34	159.33333333333334	159.37333333333333	159.11333333333334	159.48	159.77333333333334	159.75333333333333	159.73333333333332	160.17333333333335	160.19333333333333	160.24666666666667	160.22666666666666	160.16666666666666	160.38	160.32666666666665	160.4	160.08666666666667	160.19333333333333	160.36666666666667	160.47333333333333	160.62	160.62	160.49333333333334	160.22666666666666	160.19333333333333	160.47333333333333	160.49333333333334	160.70666666666668	160.38666666666666	160.46	160.44666666666666	159.9	159.85333333333332	159.68666666666667	159.59333333333333	159.45333333333335	159.21333333333334	158.98666666666668	158.46	158.22	157.90666666666667	157.68	157.08666666666667	156.61333333333334	155.91333333333333	155.40666666666667	154.4	153.90666666666667	152.43333333333334	150.58	148.67333333333335	145.03333333333333	139.29333333333332	126.92	0.0
0.0	126.63333333333334	139.26666666666668	145.48666666666668	148.98666666666668	151.34	152.98	154.05333333333334	154.87333333333333	155.44666666666666	156.22666666666666	156.58666666666667	156.88	157.17333333333335	157.52	157.77333333333334	158.11333333333334	158.5	158.9	159.22	159.13333333333333	159.46	159.24666666666667	159.64	159.53333333333333	159.78666666666666	160.1	160.08	160.18	160.05333333333334	160.15333333333334	160.06666666666666	160.42666666666668	160.33333333333334	160.50666666666666	160.35333333333332	160.35333333333332	160.04666666666665	160.45333333333335	160.63333333333333	160.46666666666667	160.58	160.44	160.34666666666666	160.52	160.25333333333333	160.26	160.02	160.0	159.94666666666666	159.70666666666668	159.6	159.60666666666665	159.20666666666668	158.82666666666665	158.90666666666667	159.02	158.56666666666666	158.38	158.00666666666666	157.61333333333334	156.79333333333332	156.21333333333334	155.71333333333334	154.99333333333334	153.98	152.53333333333333	150.79333333333332	148.85333333333332	145.42	139.24	126.54666666666667	0.0
0.0	127.01333333333334	139.54	145.44666666666666	148.70666666666668	150.87333333333333	152.34	153.74	154.78666666666666	155.46	156.13333333333333	156.62	157.24666666666667	157.56666666666666	158.02666666666667	158.39333333333335	158.77333333333334	158.69333333333333	159.00666666666666	159.22	159.46666666666667	159.38	159.11333333333334	159.26	159.5	159.65333333333334	160.15333333333334	160.12666666666667	160.1	159.99333333333334	159.98	160.71333333333334	160.49333333333334	160.74666666666667	160.64	160.56	160.72	160.63333333333333	160.92666666666668	160.50666666666666	160.45333333333335	160.42666666666668	160.14666666666668	160.18666666666667	160.0	159.96	160.22666666666666	160.07333333333332	160.25333333333333	160.19333333333333	160.24	159.71333333333334	159.8	159.56	159.34666666666666	159.17333333333335	158.94	158.39333333333335	158.21333333333334	157.92666666666668	157.40666666666667	156.89333333333335	156.43333333333334	155.62	155.04666666666665	153.70666666666668	152.36666666666667	150.90666666666667	148.95333333333335	145.20666666666668	139.7	126.93333333333334	0.0
0.0	126.58666666666667	139.28666666666666	145.12	148.82666666666665	150.91333333333333	152.55333333333334	153.86666666666667	154.87333333333333	155.78	156.77333333333334	157.14666666666668	157.78	158.24666666666667	158.32666666666665	159.06	159.12	159.28666666666666	159.38666666666666	159.54	159.77333333333334	159.97333333333333	159.66	159.82666666666665	160.22	160.32666666666665	160.24666666666667	160.06	160.34666666666666	160.54666666666665	160.61333333333334	160.64666666666668	160.60666666666665	160.66	160.74666666666667	160.93333333333334	160.56	160.66666666666666	160.47333333333333	160.71333333333334	160.26	160.30666666666667	160.44666666666666	160.67333333333335	160.31333333333333	160.08666666666667	160.10666666666665	160.25333333333333	160.06	160.21333333333334	159.77333333333334	159.66666666666666	159.44	159.07333333333332	159.0	158.76666666666668	158.68	158.32666666666665	157.98666666666668	157.76666666666668	157.08666666666667	156.86666666666667	156.65333333333334	156.22	154.98	154.23333333333332	152.92666666666668	151.6	149.22666666666666	145.84666666666666	139.66	126.92	0.0
0.0	126.84	139.28666666666666	145.18	148.5	151.04	152.54666666666665	154.1	155.02	155.71333333333334	156.22	156.57333333333332	156.9	157.14666666666668	157.88666666666666	158.31333333333333	158.66	158.87333333333333	159.09333333333333	159.44666666666666	159.68666666666667	159.66	160.0	160.02666666666667	160.14	159.78	159.94666666666666	160.48666666666668	160.32666666666665	160.24666666666667	160.18666666666667	160.38	160.32	160.30666666666667	159.97333333333333	160.05333333333334	159.92666666666668	160.16666666666666	160.4	159.76666666666668	160.11333333333334	159.91333333333333	159.77333333333334	159.79333333333332	160.08	159.97333333333333	159.88666666666666	159.71333333333334	159.83333333333334	159.9	159.74	159.31333333333333	159.41333333333333	159.03333333333333	158.52	158.7	158.36	157.96	157.74	157.42666666666668	157.14666666666668	156.5	155.90666666666667	155.48666666666668	154.7	153.64666666666668	152.19333333333333	150.92666666666668	148.32	145.32	139.18666666666667	126.93333333333334	0.0
0.0	127.23333333333333	140.11333333333334	145.32	148.65333333333334	151.22666666666666	153.04666666666665	153.83333333333334	154.68	155.27333333333334	155.95333333333335	156.64666666666668	157.24666666666667	157.82	158.19333333333333	158.62	158.77333333333334	158.96	159.10666666666665	159.44666666666666	159.42	159.3	159.5	159.66666666666666	159.81333333333333	160.04666666666665	160.28	160.17333333333335	160.26666666666668	160.30666666666667	159.92	159.95333333333335	159.99333333333334	160.22	160.33333333333334	160.32666666666665	160.28	160.42	160.52666666666667	160.42	160.53333333333333	160.54	160.74666666666667	160.72	160.63333333333333	160.16666666666666	160.04666666666665	159.86	160.27333333333334	160.16	159.71333333333334	159.46666666666667	159.06666666666666	159.08666666666667	158.79333333333332	158.40666666666667	158.24666666666667	158.16	157.74666666666667	157.34	157.05333333333334	156.7	156.05333333333334	155.34	154.53333333333333	153.77333333333334	152.62	150.98	148.98666666666668	145.6	139.72666666666666	127.01333333333334	0.0
0.0	126.44	139.65333333333334	145.73333333333332	148.84	151.09333333333333	152.61333333333334	153.61333333333334	154.65333333333334	155.34	156.03333333333333	156.51333333333332	157.06	157.35333333333332	157.64	158.22	158.27333333333334	158.85333333333332	158.52666666666667	158.85333333333332	158.76666666666668	159.06666666666666	159.05333333333334	159.41333333333333	159.54666666666665	159.79333333333332	160.07333333333332	160.06	160.24	160.3	160.01333333333332	160.1	160.28	160.36666666666667	160.42666666666668	160.72	160.68666666666667	160.62666666666667	160.76666666666668	160.52	160.73333333333332	160.28666666666666	160.44	160.72	160.89333333333335	160.86	160.62666666666667	160.52666666666667	160.40666666666667	160.23333333333332	159.92	159.52	158.9	158.78	158.72	158.74	158.16	157.98666666666668	157.52	157.32	156.89333333333335	156.47333333333333	155.85333333333332	155.26	154.57333333333332	153.62666666666667	152.37333333333333	150.83333333333334	148.52666666666667	145.22	139.32666666666665	127.04	0.0
0.0	127.12	139.79333333333332	145.71333333333334	149.17333333333335	151.76666666666668	153.40666666666667	154.51333333333332	154.96	155.87333333333333	156.32	157.12666666666667	157.54666666666665	157.66	157.84	157.96666666666667	158.34	158.46666666666667	158.56	158.96	159.58	159.5	160.04666666666665	159.94666666666666	160.3	160.52666666666667	160.24666666666667	160.6	160.31333333333333	160.54	160.71333333333334	160.68	160.65333333333334	160.77333333333334	160.69333333333333	160.74666666666667	160.66666666666666	160.71333333333334	160.61333333333334	160.88	160.64666666666668	160.92666666666668	160.48	160.68666666666667	160.54	160.71333333333334	160.53333333333333	160.48	160.34666666666666	160.42666666666668	160.16666666666666	159.76	159.80666666666667	159.26	159.16666666666666	158.64	158.34666666666666	158.16666666666666	157.92	157.5	157.12	156.88666666666666	156.45333333333335	155.89333333333335	154.68	154.18	152.78666666666666	151.2	149.28666666666666	145.62666666666667	139.3	127.03333333333333	0.0
0.0	126.52666666666667	139.50666666666666	145.54666666666665	148.71333333333334	150.82	152.52	153.50666666666666	155.02666666666667	155.28	155.98	156.35333333333332	157.12666666666667	157.66	158.02	158.2	158.81333333333333	158.98	158.95333333333335	159.36	159.19333333333333	159.62666666666667	160.07333333333332	159.86666666666667	160.04	160.22	160.19333333333333	160.26	160.26666666666668	160.28666666666666	160.18666666666667	160.12	160.09333333333333	160.0	160.24666666666667	160.23333333333332	160.22	160.01333333333332	159.79333333333332	160.18	159.93333333333334	160.28	160.28	160.22666666666666	160.16	160.02666666666667	159.70666666666668	159.66	159.41333333333333	159.58	159.32666666666665	159.14666666666668	158.82666666666665	158.93333333333334	158.54666666666665	158.12666666666667	158.30666666666667	157.91333333333333	157.85333333333332	157.48	157.20666666666668	157.12	156.84666666666666	155.90666666666667	154.69333333333333	154.24666666666667	153.0	151.38666666666666	148.80666666666667	145.14666666666668	139.73333333333332	127.03333333333333	0.0
0.0	126.74666666666667	139.7	145.74666666666667	148.84	150.90666666666667	152.72666666666666	153.75333333333333	154.48666666666668	155.44666666666666	156.17333333333335	156.45333333333335	157.04666666666665	157.36666666666667	157.83333333333334	157.96	158.10666666666665	158.40666666666667	158.78	159.1	159.14	159.37333333333333	159.7	159.38666666666666	159.51333333333332	159.68	159.63333333333333	159.93333333333334	160.00666666666666	160.18666666666667	160.15333333333334	159.96	160.06	160.01333333333332	160.52	160.09333333333333	160.0	160.38	160.03333333333333	160.55333333333334	160.18666666666667	160.36	160.13333333333333	160.12	160.16666666666666	160.02666666666667	160.05333333333334	159.97333333333333	159.8	159.66	159.82	159.81333333333333	159.38	159.27333333333334	158.87333333333333	158.84	158.40666666666667	158.48666666666668	157.90666666666667	157.46666666666667	157.21333333333334	156.51333333333332	156.19333333333333	155.57333333333332	154.64	153.96666666666667	152.48666666666668	151.26666666666668	148.65333333333334	145.40666666666667	139.65333333333334	126.81333333333333	0.0
0.0	126.96666666666667	139.5	145.10666666666665	148.56	151.35333333333332	152.58666666666667	153.73333333333332	154.96	155.62666666666667	156.47333333333333	156.78	157.65333333333334	157.69333333333333	158.18666666666667	158.31333333333333	158.72666666666666	158.78	159.18666666666667	159.21333333333334	159.14	159.46666666666667	159.9	159.74	159.81333333333333	160.04666666666665	160.28	159.94	160.17333333333335	160.26666666666668	159.92	160.36666666666667	160.16	160.0	160.43333333333334	159.96	160.05333333333334	159.95333333333335	159.96	160.30666666666667	160.26666666666668	159.72	159.6	159.67333333333335	159.87333333333333	159.98666666666668	159.72666666666666	159.6	159.52666666666667	159.78666666666666	159.63333333333333	159.78	159.50666666666666	159.17333333333335	159.24	158.68666666666667	158.35333333333332	158.03333333333333	157.82	157.18666666666667	156.87333333333333	156.47333333333333	156.19333333333333	155.63333333333333	154.78	153.77333333333334	152.73333333333332	151.32	149.23333333333332	145.53333333333333	139.31333333333333	126.58	0.0
0.0	126.67333333333333	139.41333333333333	145.1	148.17333333333335	150.70666666666668	151.82666666666665	153.15333333333334	154.25333333333333	155.10666666666665	155.61333333333334	156.23333333333332	156.42666666666668	156.62	157.50666666666666	157.36	157.85333333333332	157.98666666666668	158.35333333333332	158.55333333333334	158.12	158.71333333333334	158.92	159.14666666666668	159.51333333333332	159.37333333333333	159.48	159.26666666666668	159.34666666666666	159.48666666666668	159.72	159.49333333333334	159.82666666666665	159.63333333333333	159.78666666666666	159.8	160.00666666666666	159.86	159.43333333333334	159.57333333333332	159.62	159.76666666666668	159.61333333333334	159.47333333333333	159.44	159.57333333333332	159.58666666666667	159.45333333333335	159.12	158.96	158.93333333333334	158.99333333333334	158.54666666666665	158.53333333333333	158.3	158.10666666666665	157.86	157.22666666666666	157.56666666666666	156.8	156.28666666666666	156.08	155.78	154.94	154.21333333333334	153.73333333333332	152.68666666666667	150.99333333333334	148.6	145.17333333333335	139.48666666666668	126.35333333333334	0.0
0.0	126.7	139.83333333333334	145.51333333333332	148.77333333333334	151.02666666666667	152.64	154.32	154.92	155.88	156.17333333333335	157.12	157.47333333333333	158.08666666666667	158.46	158.61333333333334	159.22	159.68666666666667	159.49333333333334	159.46	159.65333333333334	159.74	159.9	160.19333333333333	160.44666666666666	160.16666666666666	160.10666666666665	160.44	160.6	160.17333333333335	160.68666666666667	160.78666666666666	160.67333333333335	160.43333333333334	160.72666666666666	160.64666666666668	160.74	160.64	160.64666666666668	160.45333333333335	160.5	160.54	160.72	160.45333333333335	160.79333333333332	160.17333333333335	160.38666666666666	160.64	160.32	159.90666666666667	160.18666666666667	159.91333333333333	159.72666666666666	159.8	159.40666666666667	158.99333333333334	158.62666666666667	158.39333333333335	158.39333333333335	157.92666666666668	157.52	156.8	156.27333333333334	155.59333333333333	154.85333333333332	154.63333333333333	152.85333333333332	151.49333333333334	149.28666666666666	145.28	139.41333333333333	127.20666666666666	0.0
0.0	126.99333333333334	140.11333333333334	145.83333333333334	149.27333333333334	151.24666666666667	152.86666666666667	153.98666666666668	155.0	155.9	156.44666666666666	157.24	157.63333333333333	157.86	158.47333333333333	158.84	159.12	159.18	159.08	159.16	159.58666666666667	159.86666666666667	160.02	159.92666666666668	160.24666666666667	159.88666666666666	160.32666666666665	160.69333333333333	160.90666666666667	160.95333333333335	160.80666666666667	160.68	160.46	160.66	160.55333333333334	160.83333333333334	160.72666666666666	160.86666666666667	160.74	160.87333333333333	161.07333333333332	160.96	161.02	161.06666666666666	160.66	160.4	160.51333333333332	160.04	159.99333333333334	159.99333333333334	160.42	160.38	160.08666666666667	160.06	159.8	159.50666666666666	159.48666666666668	159.26666666666668	158.92666666666668	158.68	158.08	156.98	156.44	155.66666666666666	154.98666666666668	153.79333333333332	152.78666666666666	150.96666666666667	148.86666666666667	145.41333333333333	139.62	126.71333333333334	0.0
0.0	126.81333333333333	139.57333333333332	145.17333333333335	148.9	151.68	152.68	154.11333333333334	155.16666666666666	156.05333333333334	156.63333333333333	157.14	157.55333333333334	158.26666666666668	158.33333333333334	158.94	159.34666666666666	159.5	159.70666666666668	159.64666666666668	160.11333333333334	159.98	160.23333333333332	160.03333333333333	159.99333333333334	160.24666666666667	160.81333333333333	160.40666666666667	160.89333333333335	160.64	160.31333333333333	160.70666666666668	160.62	160.73333333333332	160.7	160.54	160.50666666666666	160.62666666666667	160.72	160.64	160.72	160.80666666666667	160.40666666666667	160.90666666666667	160.64	160.35333333333332	160.24	160.28	160.29333333333332	160.2	160.14666666666668	160.04	159.91333333333333	159.56666666666666	159.22	159.0	158.68666666666667	158.56	158.14	158.09333333333333	157.69333333333333	157.10666666666665	156.51333333333332	155.86666666666667	155.07333333333332	153.94666666666666	152.68666666666667	151.25333333333333	148.75333333333333	145.33333333333334	139.6	126.75333333333333	0.0
0.0	127.24666666666667	139.44666666666666	145.43333333333334	148.91333333333333	151.26666666666668	152.88666666666666	153.99333333333334	154.66666666666666	155.81333333333333	155.96666666666667	156.70666666666668	157.17333333333335	157.62	158.11333333333334	158.18666666666667	158.45333333333335	158.82666666666665	159.18666666666667	159.54666666666665	159.6	159.46	159.60666666666665	159.47333333333333	159.87333333333333	159.96666666666667	160.0	160.11333333333334	160.16	160.11333333333334	160.15333333333334	160.27333333333334	160.62666666666667	160.32666666666665	160.81333333333333	160.48666666666668	160.62666666666667	160.49333333333334	160.38666666666666	160.38	160.44666666666666	160.39333333333335	160.13333333333333	160.16	160.11333333333334	160.11333333333334	160.02	159.99333333333334	159.63333333333333	159.66	159.52	158.95333333333335	159.19333333333333	158.93333333333334	158.78	158.66666666666666	158.2	157.84	157.94666666666666	157.90666666666667	157.06666666666666	156.92	156.39333333333335	155.72666666666666	154.76666666666668	154.27333333333334	152.59333333333333	151.15333333333334	148.95333333333335	145.43333333333334	139.58666666666667	126.71333333333334	0.0
0.0	127.0	139.40666666666667	145.32666666666665	148.4	150.70666666666668	152.25333333333333	153.48	154.57333333333332	155.36666666666667	156.06666666666666	156.55333333333334	157.21333333333334	157.19333333333333	157.48666666666668	157.62	157.98	158.23333333333332	158.42666666666668	158.86666666666667	159.03333333333333	159.28	159.22	159.27333333333334	159.25333333333333	159.66	159.54	159.9	159.47333333333333	159.70666666666668	159.9	159.78666666666666	160.09333333333333	160.16666666666666	160.04666666666665	159.73333333333332	160.04666666666665	160.06666666666666	160.13333333333333	160.25333333333333	159.99333333333334	160.13333333333333	159.93333333333334	159.99333333333334	160.24	160.11333333333334	160.12666666666667	160.06	159.9	159.40666666666667	159.02666666666667	159.25333333333333	158.8	158.9	158.72	158.52	158.35333333333332	158.25333333333333	157.61333333333334	157.20666666666668	156.76	156.35333333333332	155.89333333333335	155.23333333333332	154.31333333333333	153.78	152.59333333333333	151.18	148.76	145.18	139.34666666666666	126.60666666666667	0.0
0.0	126.54666666666667	139.52666666666667	145.5	148.62	151.08	152.72666666666666	153.86	154.82	155.24	155.94666666666666	156.53333333333333	156.96666666666667	157.38	157.98	158.06666666666666	158.21333333333334	158.72666666666666	158.87333333333333	158.96666666666667	159.29333333333332	159.40666666666667	159.68666666666667	159.7	159.91333333333333	159.61333333333334	160.1	159.94666666666666	160.08666666666667	160.14666666666668	159.81333333333333	160.18	160.15333333333334	160.24666666666667	160.32666666666665	160.36666666666667	160.50666666666666	160.96666666666667	160.58	160.46666666666667	160.36666666666667	160.66	160.41333333333333	160.63333333333333	160.28666666666666	160.18666666666667	159.58	159.61333333333334	159.41333333333333	159.26	159.06	159.02666666666667	159.23333333333332	158.92666666666668	159.24666666666667	158.95333333333335	158.67333333333335	158.32666666666665	157.46	157.3	157.19333333333333	156.25333333333333	155.92666666666668	155.46	154.59333333333333	153.61333333333334	152.79333333333332	150.97333333333333	148.96666666666667	145.46666666666667	139.64	126.66	0.0
0.0	127.12666666666667	139.67333333333335	145.35333333333332	149.12666666666667	151.07333333333332	152.78666666666666	154.26666666666668	155.09333333333333	155.7	156.29333333333332	156.69333333333333	157.30666666666667	157.72666666666666	157.78666666666666	158.45333333333335	158.91333333333333	158.90666666666667	159.3	159.60666666666665	159.56666666666666	159.66	159.45333333333335	159.62666666666667	159.86666666666667	159.72	159.82666666666665	160.12	160.03333333333333	160.21333333333334	160.36	160.19333333333333	160.42	160.91333333333333	160.78666666666666	160.62	160.94	160.74666666666667	160.8	161.1	160.71333333333334	160.86	160.34	160.48666666666668	160.48666666666668	160.27333333333334	159.93333333333334	160.02	159.88	159.37333333333333	159.1	158.94666666666666	159.16666666666666	159.29333333333332	159.30666666666667	158.70666666666668	158.50666666666666	158.34	158.06666666666666	157.32	157.0	157.06	156.14	155.74	154.88	154.03333333333333	152.78	150.78666666666666	148.69333333333333	145.36666666666667	139.56666666666666	126.77333333333333	0.0
0.0	126.81333333333333	139.72	145.26666666666668	148.78666666666666	151.30666666666667	152.54666666666665	153.71333333333334	154.92666666666668	155.56	156.16	157.12	157.16	157.82	158.04	158.45333333333335	158.84	158.75333333333333	159.16666666666666	159.37333333333333	159.66	159.70666666666668	159.82666666666665	159.74666666666667	159.89333333333335	160.32666666666665	160.62666666666667	160.58666666666667	160.64666666666668	160.46666666666667	160.58	160.78666666666666	160.85333333333332	160.42	160.55333333333334	160.34	160.25333333333333	160.17333333333335	160.24	160.42	160.20666666666668	160.24	160.22666666666666	160.18	160.13333333333333	160.26666666666668	160.25333333333333	160.16	160.12666666666667	159.87333333333333	159.88	159.67333333333335	159.24666666666667	159.11333333333334	158.98666666666668	158.97333333333333	158.50666666666666	158.33333333333334	157.83333333333334	157.56	157.26	157.06	156.58666666666667	156.04666666666665	155.32666666666665	154.32666666666665	153.07333333333332	151.06666666666666	148.70666666666668	145.06	139.16	126.62	0.0
0.0	126.74	139.80666666666667	145.5	149.46	151.28	153.42	154.58	155.78	156.53333333333333	156.84	157.44666666666666	157.90666666666667	158.2	158.3	158.76666666666668	159.44	159.38	159.54	159.56	160.07333333333332	159.92	160.32666666666665	160.18	160.28	160.28	160.57333333333332	160.63333333333333	160.86	160.90666666666667	161.00666666666666	161.10666666666665	161.31333333333333	161.02	160.88	161.06666666666666	161.07333333333332	161.08666666666667	161.22	161.02666666666667	161.08	161.18	160.96	160.72666666666666	160.8	160.83333333333334	160.75333333333333	160.40666666666667	160.32	160.38	160.28666666666666	160.4	160.19333333333333	159.82666666666665	159.22666666666666	159.02	159.09333333333333	158.64666666666668	158.08	157.62666666666667	157.29333333333332	157.04	156.73333333333332	156.12	155.40666666666667	154.38	153.32666666666665	151.32666666666665	149.16	146.26	139.67333333333335	126.58666666666667	0.0
0.0	126.74666666666667	139.57333333333332	145.06666666666666	148.58666666666667	151.24	152.56	153.90666666666667	154.65333333333334	155.64666666666668	155.97333333333333	156.70666666666668	157.14	157.71333333333334	157.82	158.30666666666667	158.2	158.18	158.44	158.94	158.83333333333334	158.64666666666668	158.96666666666667	159.36	159.26	159.54666666666665	159.66	159.47333333333333	159.65333333333334	159.64	160.0	159.94666666666666	160.13333333333333	159.84666666666666	159.74	159.70666666666668	160.04	160.04	160.05333333333334	159.62666666666667	159.84666666666666	159.46	159.57333333333332	159.6	159.68666666666667	159.45333333333335	159.52	159.07333333333332	159.12	159.24	159.39333333333335	158.96	159.00666666666666	158.64666666666668	158.47333333333333	158.67333333333335	158.30666666666667	157.9	157.79333333333332	157.26666666666668	157.07333333333332	156.54	156.08	155.26666666666668	154.72	153.68	152.2	150.56666666666666	148.42	145.03333333333333	139.32	126.68666666666667	0.0
0.0	126.86666666666666	139.48666666666668	145.35333333333332	149.27333333333334	151.32	153.31333333333333	154.40666666666667	154.92666666666668	155.89333333333335	156.46666666666667	156.95333333333335	157.54	157.92666666666668	158.17333333333335	158.56	158.72666666666666	158.98	159.21333333333334	159.42666666666668	159.64666666666668	159.58	159.86666666666667	160.18666666666667	160.47333333333333	160.17333333333335	160.21333333333334	160.43333333333334	160.16666666666666	160.30666666666667	160.49333333333334	160.38	160.69333333333333	160.82666666666665	160.86666666666667	160.71333333333334	160.5	160.67333333333335	160.37333333333333	160.54	160.5	160.56666666666666	160.83333333333334	160.49333333333334	160.29333333333332	160.36666666666667	160.68666666666667	160.48	160.01333333333332	160.10666666666665	160.1	159.94666666666666	159.81333333333333	159.29333333333332	159.29333333333332	159.22	158.89333333333335	158.22666666666666	158.37333333333333	157.83333333333334	157.96	157.4	156.92666666666668	156.09333333333333	155.46	154.46666666666667	153.38	151.12666666666667	148.81333333333333	145.39333333333335	139.40666666666667	126.94	0.0
0.0	127.01333333333334	139.82	145.48666666666668	148.89333333333335	150.78	152.38666666666666	153.83333333333334	154.75333333333333	155.34	155.92666666666668	156.32666666666665	156.98	157.86666666666667	158.40666666666667	158.44666666666666	158.59333333333333	158.85333333333332	159.14666666666668	159.24	159.63333333333333	160.28666666666666	160.1	160.08	160.19333333333333	160.0	160.06666666666666	160.52	160.3	160.72666666666666	160.76	160.82	160.75333333333333	160.86	161.15333333333334	161.02666666666667	161.22	161.09333333333333	160.80666666666667	160.82666666666665	160.49333333333334	160.74666666666667	160.42666666666668	160.53333333333333	160.62666666666667	160.74	160.26666666666668	160.04	160.03333333333333	159.73333333333332	159.32	159.43333333333334	159.47333333333333	158.91333333333333	158.62	158.64666666666668	158.59333333333333	158.08666666666667	157.66666666666666	157.30666666666667	157.02	156.46	156.00666666666666	155.16	154.50666666666666	153.34	152.51333333333332	151.0	148.90666666666667	145.39333333333335	139.41333333333333	126.59333333333333	0.0
0.0	126.96	139.6	145.56	148.68	151.14	152.42666666666668	153.74666666666667	154.63333333333333	155.6	156.00666666666666	156.10666666666665	156.96666666666667	157.28	157.84	158.13333333333333	158.16	158.56666666666666	158.66	158.80666666666667	158.98	159.28666666666666	159.16666666666666	159.37333333333333	159.9	159.84666666666666	160.00666666666666	159.66	160.08666666666667	159.98	160.16	160.42666666666668	160.24666666666667	159.71333333333334	160.17333333333335	160.37333333333333	160.34666666666666	160.14	160.22	160.08666666666667	160.09333333333333	160.14666666666668	159.9	159.83333333333334	159.94666666666666	159.8	160.03333333333333	159.85333333333332	159.40666666666667	159.52666666666667	159.26666666666668	159.38666666666666	159.22666666666666	158.99333333333334	158.93333333333334	158.55333333333334	158.48	157.76666666666668	157.78666666666666	157.43333333333334	157.02	156.60666666666665	155.94	155.52	154.74	154.13333333333333	152.5	151.08	148.91333333333333	145.52666666666667	139.65333333333334	127.3	0.0
0.0	126.62	139.06	145.36666666666667	148.95333333333335	151.16666666666666	152.78666666666666	153.85333333333332	154.8	156.12	156.72666666666666	157.39333333333335	157.54666666666665	158.13333333333333	158.06666666666666	158.36666666666667	158.78666666666666	159.75333333333333	159.84	160.06666666666666	159.86	160.08	160.36	160.43333333333334	160.51333333333332	160.69333333333333	161.04	160.86	161.04	160.96	160.92	160.81333333333333	161.0	161.00666666666666	161.18	161.4	161.08	161.2	161.14	161.22	161.11333333333334	161.04666666666665	161.02	161.10666666666665	161.04	160.60666666666665	160.80666666666667	160.42	160.43333333333334	160.26	160.16666666666666	160.19333333333333	159.62	159.40666666666667	158.96	159.17333333333335	159.24666666666667	158.49333333333334	158.42	157.9	157.5	157.22666666666666	156.32	156.19333333333333	155.32666666666665	154.26666666666668	153.18666666666667	151.66666666666666	149.21333333333334	145.75333333333333	139.7	126.69333333333333	0.0
0.0	126.94666666666667	139.48666666666668	145.24666666666667	148.47333333333333	150.68	152.58	153.84	154.45333333333335	155.18666666666667	155.80666666666667	156.44	156.65333333333334	157.38	157.68	157.64666666666668	158.05333333333334	158.46666666666667	158.8	158.88666666666666	159.13333333333333	159.39333333333335	159.44666666666666	159.56666666666666	159.69333333333333	159.88	160.04	159.86	159.89333333333335	159.96666666666667	160.02	160.09333333333333	160.04	160.13333333333333	160.44666666666666	160.26666666666668	160.32666666666665	160.44	160.40666666666667	160.18666666666667	160.27333333333334	160.09333333333333	160.34666666666666	160.33333333333334	160.12	159.84	159.96666666666667	159.79333333333332	159.83333333333334	159.71333333333334	159.44	159.88	159.44	158.98	158.91333333333333	158.7	158.08666666666667	157.94666666666666	157.98666666666668	157.44	157.36	156.72	156.24666666666667	155.56	155.14	153.85333333333332	152.43333333333334	150.81333333333333	148.34	145.06	139.61333333333334	127.08666666666667	0.0
0.0	126.71333333333334	139.29333333333332	145.20666666666668	148.62666666666667	151.02	152.64	154.06	155.16666666666666	155.76666666666668	156.68666666666667	157.08666666666667	157.57333333333332	157.64666666666668	157.83333333333334	158.36	158.89333333333335	158.78666666666666	158.99333333333334	159.07333333333332	159.31333333333333	159.35333333333332	159.74	159.67333333333335	159.85333333333332	160.28	160.32	160.22	160.60666666666665	160.75333333333333	160.39333333333335	160.56666666666666	160.19333333333333	160.60666666666665	160.53333333333333	160.56666666666666	159.91333333333333	160.53333333333333	160.26	160.56666666666666	160.51333333333332	160.58	160.32666666666665	160.32666666666665	160.46666666666667	159.77333333333334	160.0	159.87333333333333	159.78	159.7	159.70666666666668	159.44	159.60666666666665	159.13333333333333	159.04	158.48666666666668	158.44	158.15333333333334	157.86	157.59333333333333	156.99333333333334	156.56666666666666	155.91333333333333	155.19333333333333	154.71333333333334	153.84666666666666	152.43333333333334	150.66	148.83333333333334	145.37333333333333	139.52	126.65333333333334	0.0
0.0	126.92	139.69333333333333	145.61333333333334	149.05333333333334	151.4	152.67333333333335	153.86666666666667	154.99333333333334	155.98	156.61333333333334	157.3	157.73333333333332	158.09333333333333	158.34666666666666	158.66666666666666	159.06	159.29333333333332	159.22	159.52666666666667	159.78	159.98666666666668	160.24666666666667	160.73333333333332	160.4	160.35333333333332	160.68666666666667	160.79333333333332	161.31333333333333	160.91333333333333	160.97333333333333	161.03333333333333	161.12666666666667	160.96	161.19333333333333	161.28	161.09333333333333	161.14666666666668	160.86666666666667	160.89333333333335	160.73333333333332	160.64666666666668	160.69333333333333	160.74666666666667	160.74666666666667	160.32	160.25333333333333	160.49333333333334	160.57333333333332	159.92666666666668	159.98	159.54666666666665	159.43333333333334	159.4	159.08	158.90666666666667	158.90666666666667	158.60666666666665	157.92	157.7	157.32666666666665	156.95333333333335	156.26666666666668	155.72	155.04	153.86	152.78	150.78	148.78	145.31333333333333	139.81333333333333	126.95333333333333	0.0
0.0	126.77333333333333	139.74666666666667	145.58666666666667	148.80666666666667	150.87333333333333	152.39333333333335	153.52666666666667	154.65333333333334	155.52	156.26	156.88	157.58	157.93333333333334	158.18666666666667	158.48	159.06666666666666	158.99333333333334	159.02	159.36	159.64	159.62666666666667	159.83333333333334	160.12	160.17333333333335	160.28	160.68	160.54	160.66	160.88	161.05333333333334	160.94	160.81333333333333	161.19333333333333	160.56666666666666	160.56666666666666	160.76666666666668	161.00666666666666	161.28666666666666	161.18666666666667	160.79333333333332	160.80666666666667	161.2	160.97333333333333	160.89333333333335	160.58666666666667	160.83333333333334	160.39333333333335	160.57333333333332	160.58	160.38666666666666	159.76	159.54666666666665	159.45333333333335	159.34666666666666	159.10666666666665	159.01333333333332	158.84	158.12	157.94666666666666	157.52666666666667	157.11333333333334	156.51333333333332	155.6	155.13333333333333	153.89333333333335	152.87333333333333	151.08666666666667	148.94666666666666	145.34666666666666	139.47333333333333	126.58666666666667	0.0
0.0	126.96	139.66	145.24	148.71333333333334	150.97333333333333	152.76	153.7	154.81333333333333	155.6	156.28666666666666	156.9	157.22666666666666	157.97333333333333	158.43333333333334	158.80666666666667	158.63333333333333	158.74	159.00666666666666	159.37333333333333	159.64666666666668	159.50666666666666	159.59333333333333	159.72	159.82666666666665	160.05333333333334	160.13333333333333	159.88	160.55333333333334	160.83333333333334	160.69333333333333	160.76	160.83333333333334	160.74	160.78666666666666	160.48	160.17333333333335	160.32	160.84666666666666	160.86	160.72666666666666	160.88	160.25333333333333	160.59333333333333	160.48666666666668	160.26666666666668	160.04	159.96	159.92666666666668	159.84666666666666	159.98	159.82666666666665	159.62666666666667	159.19333333333333	159.11333333333334	159.18	158.22666666666666	158.61333333333334	158.27333333333334	157.85333333333332	157.46666666666667	157.24	156.67333333333335	155.70666666666668	154.90666666666667	153.78	152.89333333333335	151.12666666666667	148.85333333333332	145.7	139.5	126.87333333333333	0.0
0.0	126.68666666666667	139.29333333333332	145.41333333333333	148.51333333333332	151.14	152.75333333333333	153.48666666666668	154.87333333333333	155.35333333333332	156.36	157.16666666666666	157.5	157.75333333333333	157.84	158.58	158.84	158.92666666666668	159.54	159.92	159.83333333333334	160.02	160.30666666666667	160.28	160.24	160.36666666666667	160.49333333333334	160.44666666666666	160.87333333333333	160.76	161.0	160.96	160.7	161.02	160.77333333333334	160.98	161.00666666666666	161.08	160.53333333333333	160.56666666666666	160.69333333333333	160.82666666666665	160.78666666666666	160.82	160.4	160.39333333333335	160.13333333333333	159.96666666666667	160.06	159.28	159.58	159.62666666666667	159.31333333333333	159.19333333333333	159.02666666666667	158.92	158.49333333333334	158.49333333333334	157.89333333333335	157.62	157.51333333333332	157.05333333333334	156.36	155.62	154.89333333333335	154.13333333333333	152.70666666666668	151.3	148.79333333333332	145.52666666666667	139.7	126.81333333333333	0.0
0.0	126.06	138.96666666666667	145.16	148.59333333333333	151.18	152.86	153.65333333333334	154.62666666666667	155.30666666666667	156.17333333333335	156.58666666666667	156.69333333333333	157.46	157.87333333333333	157.88	158.36666666666667	158.52666666666667	158.4	158.94	159.51333333333332	159.08	159.34666666666666	159.72	159.82	159.82	159.88	160.01333333333332	159.95333333333335	159.74666666666667	160.09333333333333	160.13333333333333	160.4	160.35333333333332	160.67333333333335	160.73333333333332	160.36666666666667	160.42	160.60666666666665	160.67333333333335	160.33333333333334	160.40666666666667	160.32	160.54666666666665	160.04	159.99333333333334	159.71333333333334	159.76	159.72	159.32	159.42	159.42	159.25333333333333	158.88666666666666	159.02666666666667	158.76666666666668	158.50666666666666	158.16666666666666	157.76666666666668	157.54	157.1	157.03333333333333	156.33333333333334	155.66666666666666	155.02	154.1	152.84666666666666	150.78	148.76666666666668	145.28	139.59333333333333	126.64	0.0
0.0	126.69333333333333	139.95333333333335	145.30666666666667	148.58666666666667	150.82	152.32666666666665	153.78666666666666	154.42666666666668	155.52	156.0	156.45333333333335	156.98666666666668	157.27333333333334	157.91333333333333	157.99333333333334	158.66	158.52666666666667	158.90666666666667	159.05333333333334	159.06666666666666	159.5	159.58666666666667	160.04	160.05333333333334	160.06666666666666	159.92	160.09333333333333	160.07333333333332	160.03333333333333	160.18666666666667	160.23333333333332	160.16666666666666	160.2	160.3	160.21333333333334	160.44666666666666	160.24	160.12666666666667	160.37333333333333	160.5	160.58666666666667	160.36666666666667	160.25333333333333	160.20666666666668	160.08	159.62666666666667	159.55333333333334	159.27333333333334	159.43333333333334	159.04666666666665	159.2	158.97333333333333	158.80666666666667	158.54666666666665	158.2	158.13333333333333	157.8	157.43333333333334	156.93333333333334	156.58666666666667	156.26	155.72666666666666	154.86	154.05333333333334	153.02666666666667	152.00666666666666	150.46666666666667	148.40666666666667	145.10666666666665	139.4	126.70666666666666	0.0
0.0	126.92666666666666	139.62666666666667	145.27333333333334	148.62	150.94666666666666	152.76	154.07333333333332	154.68666666666667	155.61333333333334	156.17333333333335	156.51333333333332	156.99333333333334	157.42666666666668	157.83333333333334	158.16666666666666	158.34	158.43333333333334	158.54666666666665	158.76	159.14666666666668	159.22666666666666	159.43333333333334	159.49333333333334	159.67333333333335	159.68666666666667	159.97333333333333	159.98666666666668	160.12666666666667	160.74	160.02	160.30666666666667	160.14666666666668	160.1	160.04666666666665	159.96666666666667	159.90666666666667	160.11333333333334	160.26	160.38	160.06666666666666	160.14	159.87333333333333	160.28	160.29333333333332	160.00666666666666	160.22	160.31333333333333	160.03333333333333	159.78666666666666	159.6	159.32666666666665	159.18	159.01333333333332	158.67333333333335	158.69333333333333	158.56666666666666	158.0	157.5	157.18666666666667	157.0	156.24666666666667	156.12666666666667	155.44666666666666	154.67333333333335	153.68	152.12	151.06666666666666	148.64666666666668	145.32	139.28666666666666	126.64	0.0
0.0	127.44666666666667	140.04666666666665	145.56	149.24666666666667	151.34666666666666	153.17333333333335	154.6	155.32	156.25333333333333	156.86	157.30666666666667	158.05333333333334	158.58666666666667	158.74666666666667	159.10666666666665	159.29333333333332	159.34	159.54666666666665	159.82666666666665	160.02	160.10666666666665	160.12	160.54	160.45333333333335	160.73333333333332	160.86666666666667	161.23333333333332	160.95333333333335	160.98666666666668	161.05333333333334	161.25333333333333	161.52	161.20666666666668	161.40666666666667	161.35333333333332	161.16666666666666	160.89333333333335	160.90666666666667	161.12666666666667	160.91333333333333	161.14	161.06666666666666	160.88	160.95333333333335	160.72	160.45333333333335	160.45333333333335	160.10666666666665	160.09333333333333	159.99333333333334	159.89333333333335	159.73333333333332	159.21333333333334	158.86	158.94	158.7	158.32666666666665	157.91333333333333	157.28	157.05333333333334	156.50666666666666	155.92666666666668	155.82	154.76	153.98666666666668	152.64	151.04666666666665	148.61333333333334	145.24	139.73333333333332	127.2	0.0
0.0	126.42	139.54	145.61333333333334	149.27333333333334	151.48	153.02666666666667	154.38666666666666	154.78666666666666	155.66	156.61333333333334	157.12	157.66	157.75333333333333	158.30666666666667	158.94666666666666	159.07333333333332	159.30666666666667	159.32666666666665	159.44666666666666	159.87333333333333	160.0	159.89333333333335	160.29333333333332	159.96666666666667	160.04666666666665	160.12666666666667	160.17333333333335	160.08	160.14	160.14666666666668	160.24	160.4	160.27333333333334	160.39333333333335	160.2	160.40666666666667	160.24666666666667	160.37333333333333	160.76666666666668	160.74	160.74	160.48666666666668	160.42666666666668	160.23333333333332	160.01333333333332	160.03333333333333	160.26666666666668	160.5	160.12666666666667	160.3	160.09333333333333	159.74666666666667	159.21333333333334	159.28666666666666	159.06666666666666	158.81333333333333	158.4	158.16666666666666	157.86	157.62666666666667	156.92666666666668	156.46	155.78	154.75333333333333	153.80666666666667	152.99333333333334	151.32	149.26666666666668	145.39333333333335	139.48	126.28	0.0
0.0	126.7	139.72	145.74	149.17333333333335	151.21333333333334	152.97333333333333	154.01333333333332	155.06666666666666	155.92	156.54	156.86666666666667	157.61333333333334	157.49333333333334	157.85333333333332	158.14	158.50666666666666	158.76666666666668	158.80666666666667	158.7	159.34	159.21333333333334	159.61333333333334	159.74	159.6	159.71333333333334	159.84666666666666	159.69333333333333	160.06	160.02666666666667	160.34666666666666	160.42666666666668	160.59333333333333	160.38666666666666	160.47333333333333	160.31333333333333	160.04	160.08	159.99333333333334	160.08666666666667	160.18666666666667	160.44	160.14666666666668	159.86666666666667	159.89333333333335	159.97333333333333	159.78	160.06	159.93333333333334	159.75333333333333	159.74	159.42666666666668	158.90666666666667	158.62666666666667	158.9	158.54	158.04	157.93333333333334	157.81333333333333	157.13333333333333	157.0	156.41333333333333	155.78666666666666	155.39333333333335	154.62666666666667	153.93333333333334	152.98666666666668	151.32666666666665	148.94	145.52666666666667	139.72666666666666	126.76	0.0
0.0	126.8	139.26	145.40666666666667	148.71333333333334	151.04666666666665	152.48666666666668	154.08	154.96	155.78666666666666	156.06	156.58666666666667	157.19333333333333	157.41333333333333	157.92	157.83333333333334	158.78	158.93333333333334	159.02	159.30666666666667	159.93333333333334	160.24	160.03333333333333	160.44	160.33333333333334	160.76666666666668	160.88666666666666	160.68666666666667	160.51333333333332	160.81333333333333	160.59333333333333	160.50666666666666	161.14666666666668	160.93333333333334	160.64	160.70666666666668	160.64666666666668	160.82	160.62666666666667	160.9	161.0	160.46666666666667	160.89333333333335	160.84	160.53333333333333	160.78	160.25333333333333	160.42	160.22666666666666	160.26	159.73333333333332	159.6	159.31333333333333	159.39333333333335	159.64666666666668	159.04666666666665	158.63333333333333	158.37333333333333	158.32	157.91333333333333	157.34666666666666	156.85333333333332	156.14666666666668	155.23333333333332	154.52666666666667	153.42666666666668	152.42666666666668	150.87333333333333	148.18	144.84666666666666	139.18	126.1	0.0
0.0	127.44	139.74666666666667	145.48666666666668	149.07333333333332	151.37333333333333	153.07333333333332	154.0	155.08	155.88666666666666	156.84666666666666	156.92	157.44666666666666	157.40666666666667	157.92666666666668	158.32	158.60666666666665	159.25333333333333	158.83333333333334	159.45333333333335	159.44666666666666	159.91333333333333	160.16	160.16	160.02	160.36666666666667	160.28666666666666	160.08666666666667	160.48666666666668	160.42	160.54666666666665	160.42666666666668	160.64666666666668	160.72	160.74	160.82	160.58	160.40666666666667	160.28666666666666	160.26666666666668	160.44	160.14	160.31333333333333	160.5	159.82	160.15333333333334	160.10666666666665	159.84666666666666	159.92666666666668	159.66666666666666	159.78	159.65333333333334	159.43333333333334	159.06666666666666	159.03333333333333	158.88	158.48666666666668	158.59333333333333	157.88	157.74	157.12	156.77333333333334	156.18666666666667	155.52	154.88666666666666	153.70666666666668	152.58	151.1	148.46	145.52	139.75333333333333	127.03333333333333	0.0
0.0	126.42666666666666	139.61333333333334	145.64666666666668	148.76	151.46666666666667	153.0	154.24	155.05333333333334	155.89333333333335	156.65333333333334	157.07333333333332	157.88	158.31333333333333	158.62	159.12	159.33333333333334	159.6	159.64	159.48	160.02666666666667	160.38666666666666	160.58	160.28666666666666	160.62666666666667	160.33333333333334	160.71333333333334	160.77333333333334	160.96	161.04666666666665	160.9	160.90666666666667	161.09333333333333	161.16666666666666	160.87333333333333	161.14	161.08	161.05333333333334	161.19333333333333	161.01333333333332	160.59333333333333	160.65333333333334	160.58	160.6	160.32666666666665	160.14666666666668	160.26	160.2	160.3	160.26	160.05333333333334	159.78666666666666	159.79333333333332	159.92	159.64666666666668	159.29333333333332	159.13333333333333	158.87333333333333	158.17333333333335	157.78	157.28666666666666	156.54666666666665	156.11333333333334	155.84	155.05333333333334	153.84666666666666	152.88	151.04	149.16666666666666	145.40666666666667	139.45333333333335	126.53333333333333	0.0
0.0	126.69333333333333	139.22	144.94666666666666	148.58666666666667	150.83333333333334	152.67333333333335	153.60666666666665	154.29333333333332	155.04666666666665	155.79333333333332	156.32666666666665	156.54666666666665	157.14	157.48	157.85333333333332	157.91333333333333	158.14	158.26	158.43333333333334	158.87333333333333	158.65333333333334	158.94	159.10666666666665	158.95333333333335	159.54666666666665	159.55333333333334	159.41333333333333	159.45333333333335	159.23333333333332	159.71333333333334	159.68	159.86	159.58	159.85333333333332	159.88	159.74666666666667	159.68666666666667	159.6	159.61333333333334	159.58666666666667	159.64666666666668	159.47333333333333	159.64	159.28	159.42	159.44666666666666	159.48	159.38666666666666	159.44666666666666	159.34666666666666	159.44	159.34666666666666	159.38666666666666	158.94	158.52	158.12666666666667	158.15333333333334	157.92	157.61333333333334	156.90666666666667	156.54666666666665	155.91333333333333	155.23333333333332	154.43333333333334	153.61333333333334	152.56	150.56	148.60666666666665	144.87333333333333	139.21333333333334	126.74	0.0
0.0	126.48666666666666	139.88	145.74666666666667	149.22666666666666	151.58666666666667	153.08	154.03333333333333	155.09333333333333	156.05333333333334	156.78	157.48	157.98666666666668	158.00666666666666	158.72	158.92	158.80666666666667	159.26	159.32	159.64	159.76666666666668	159.74666666666667	159.90666666666667	160.18	160.3	160.38	160.45333333333335	160.80666666666667	160.58	160.63333333333333	160.81333333333333	160.86	161.24	161.41333333333333	161.44	161.22	161.12666666666667	161.36	161.32	161.37333333333333	161.61333333333334	161.67333333333335	161.29333333333332	161.04666666666665	161.36	161.32	161.02	160.76	160.61333333333334	160.39333333333335	160.35333333333332	160.17333333333335	159.98	159.50666666666666	159.84666666666666	159.49333333333334	158.78666666666666	158.51333333333332	158.4	158.04666666666665	157.25333333333333	157.01333333333332	156.24	155.70666666666668	155.04	154.24	152.92	151.44666666666666	149.03333333333333	145.49333333333334	139.60666666666665	127.17333333333333	0.0
0.0	126.81333333333333	139.44666666666666	145.56666666666666	149.18666666666667	151.3	152.8	154.08	154.96666666666667	155.89333333333335	156.31333333333333	157.30666666666667	157.58666666666667	157.94666666666666	158.58	158.96666666666667	158.86666666666667	159.36666666666667	159.80666666666667	159.66	159.68	160.06666666666666	159.92666666666668	160.2	160.31333333333333	160.18	159.99333333333334	159.98666666666668	160.2	160.3	160.54	160.33333333333334	160.52	160.42666666666668	160.66666666666666	160.59333333333333	160.62666666666667	160.42666666666668	160.38666666666666	160.32666666666665	160.32	160.31333333333333	159.97333333333333	160.05333333333334	160.22666666666666	160.15333333333334	160.19333333333333	160.46	160.16666666666666	160.1	160.28666666666666	159.94666666666666	159.82666666666665	159.38666666666666	159.44666666666666	159.34	159.47333333333333	158.90666666666667	158.10666666666665	157.96666666666667	157.52666666666667	157.11333333333334	156.3	155.72	155.05333333333334	154.08666666666667	153.09333333333333	151.30666666666667	149.02666666666667	145.82666666666665	139.61333333333334	127.00666666666666	0.0
0.0	126.91333333333333	139.41333333333333	145.58	148.93333333333334	150.92666666666668	152.65333333333334	154.3	155.10666666666665	155.63333333333333	156.6	157.05333333333334	157.41333333333333	157.68666666666667	157.97333333333333	158.67333333333335	158.91333333333333	158.92666666666668	159.34	159.49333333333334	159.4	159.87333333333333	160.10666666666665	160.03333333333333	160.37333333333333	160.40666666666667	160.36666666666667	160.72	160.99333333333334	160.90666666666667	160.98	161.09333333333333	160.93333333333334	160.97333333333333	161.10666666666665	161.14	161.04	160.94666666666666	160.60666666666665	160.77333333333334	160.83333333333334	160.93333333333334	160.7	160.38666666666666	160.49333333333334	160.62666666666667	160.30666666666667	160.48	160.17333333333335	160.21333333333334	160.04666666666665	159.9	159.62	159.34	159.28	158.85333333333332	159.04666666666665	158.74666666666667	158.28	157.80666666666667	157.86	157.18666666666667	156.34666666666666	155.95333333333335	155.07333333333332	153.89333333333335	152.62	150.92	148.58666666666667	145.18	139.4	126.67333333333333	0.0
