0.0	132.54	141.56666666666666	144.28	145.28666666666666	145.90666666666667	145.83333333333334	146.01333333333332	146.06666666666666	146.19333333333333	146.13333333333333	146.14666666666668	146.26666666666668	146.22	146.14666666666668	146.2	146.16666666666666	146.22	146.13333333333333	146.07333333333332	146.25333333333333	146.15333333333334	146.32666666666665	146.20666666666668	146.08	146.16666666666666	146.02	146.04666666666665	146.08	146.01333333333332	146.05333333333334	146.09333333333333	146.28666666666666	146.19333333333333	146.12	146.06	146.12	146.38	146.27333333333334	146.0	146.04666666666665	146.16	146.23333333333332	146.24666666666667	146.16666666666666	146.26666666666668	146.09333333333333	145.98666666666668	146.2	146.18	146.14	146.16666666666666	146.20666666666668	145.98	146.11333333333334	146.2	145.9	146.13333333333333	146.1	146.24666666666667	146.23333333333332	146.04666666666665	146.14666666666668	146.18	146.27333333333334	146.17333333333335	146.21333333333334	145.82	145.40666666666667	144.18666666666667	141.59333333333333	132.12	0.0
0.0	132.41333333333333	141.80666666666667	144.37333333333333	145.60666666666665	145.86666666666667	146.25333333333333	146.07333333333332	146.23333333333332	146.10666666666665	146.15333333333334	146.35333333333332	146.28	146.30666666666667	146.40666666666667	146.16666666666666	146.32666666666665	146.45333333333335	146.5	146.14	146.23333333333332	146.32	146.32	146.41333333333333	146.24666666666667	146.29333333333332	146.46666666666667	146.27333333333334	146.41333333333333	146.17333333333335	146.14	146.18666666666667	146.19333333333333	146.30666666666667	146.1	146.32	146.12666666666667	146.13333333333333	146.25333333333333	146.34	146.38	146.37333333333333	146.26666666666668	146.14666666666668	146.23333333333332	146.24666666666667	146.24666666666667	146.46	146.39333333333335	146.47333333333333	146.22666666666666	146.22666666666666	146.26	146.19333333333333	146.10666666666665	146.31333333333333	146.29333333333332	146.37333333333333	146.28666666666666	146.28	146.46	146.34666666666666	146.36666666666667	146.16666666666666	146.22666666666666	146.07333333333332	146.10666666666665	146.00666666666666	145.7	144.52666666666667	141.92	132.52666666666667	0.0
0.0	132.42	141.52666666666667	144.45333333333335	145.44	145.95333333333335	145.96	146.06666666666666	146.38	146.26	146.17333333333335	146.19333333333333	146.0	146.3	146.36	146.39333333333335	146.34	146.3	146.46666666666667	146.3	146.18666666666667	146.32666666666665	146.45333333333335	146.20666666666668	146.30666666666667	146.19333333333333	146.30666666666667	146.46	146.24666666666667	146.27333333333334	146.35333333333332	146.36	146.16	146.42666666666668	146.21333333333334	146.27333333333334	146.13333333333333	146.14	146.14	146.12666666666667	146.24666666666667	146.06	146.2	146.12	146.24666666666667	146.12	146.18	146.18666666666667	146.17333333333335	146.33333333333334	146.14	146.17333333333335	146.28	146.01333333333332	146.36	146.2	146.16	146.2	146.12	146.02	146.07333333333332	146.02	146.16666666666666	146.16666666666666	146.00666666666666	145.97333333333333	146.10666666666665	146.06666666666666	145.64666666666668	144.48666666666668	141.60666666666665	132.46666666666667	0.0
0.0	132.9	141.62666666666667	144.17333333333335	145.23333333333332	145.7	146.07333333333332	146.01333333333332	145.88666666666666	146.1	146.10666666666665	145.96	146.0	145.99333333333334	145.99333333333334	146.02	146.01333333333332	146.08666666666667	145.98	146.05333333333334	146.0	145.89333333333335	146.10666666666665	146.24666666666667	146.05333333333334	146.12	146.10666666666665	146.06	146.02	146.15333333333334	146.16	146.12666666666667	146.02	146.13333333333333	146.14666666666668	146.39333333333335	146.09333333333333	145.92666666666668	146.14666666666668	146.17333333333335	146.17333333333335	146.08666666666667	146.11333333333334	146.12	146.15333333333334	146.06666666666666	146.12666666666667	146.1	146.09333333333333	146.28	146.0	146.22	146.1	145.95333333333335	145.94666666666666	146.01333333333332	146.06666666666666	146.12	146.24666666666667	146.23333333333332	146.06666666666666	146.12	146.12	146.08666666666667	146.06666666666666	145.88666666666666	145.98	145.62	145.28666666666666	144.33333333333334	141.68666666666667	132.57333333333332	0.0
0.0	132.76666666666668	141.66	144.33333333333334	145.38	145.67333333333335	145.97333333333333	146.2	146.16666666666666	146.14	146.19333333333333	146.22	146.3	146.22666666666666	146.30666666666667	146.06666666666666	145.92666666666668	146.05333333333334	146.1	146.09333333333333	146.10666666666665	146.07333333333332	146.37333333333333	146.09333333333333	146.22666666666666	146.10666666666665	146.23333333333332	146.06	146.32666666666665	146.10666666666665	146.14	146.02666666666667	145.92	146.0	146.21333333333334	146.11333333333334	146.26666666666668	146.07333333333332	146.00666666666666	146.16	146.1	146.23333333333332	146.3	146.18	146.06666666666666	146.06	145.97333333333333	146.10666666666665	146.21333333333334	146.13333333333333	146.07333333333332	146.31333333333333	146.2	146.12666666666667	145.97333333333333	146.15333333333334	146.06	146.04666666666665	146.09333333333333	146.18	146.09333333333333	146.04	146.08	146.02	146.22666666666666	146.18666666666667	146.02666666666667	145.89333333333335	145.52666666666667	144.62666666666667	141.72	132.66	0.0
0.0	132.27333333333334	141.55333333333334	144.60666666666665	145.44	145.95333333333335	146.0	146.41333333333333	146.32	146.22	146.38	146.29333333333332	146.32666666666665	146.4	146.25333333333333	146.22666666666666	146.30666666666667	146.32	146.24	146.20666666666668	146.25333333333333	146.24	146.28	146.26666666666668	146.45333333333335	146.18666666666667	146.38	146.18666666666667	146.20666666666668	146.49333333333334	146.32	146.38666666666666	146.22666666666666	146.26666666666668	146.1	146.38	146.34666666666666	146.28666666666666	146.24666666666667	146.09333333333333	146.27333333333334	146.29333333333332	146.34	146.32666666666665	146.42666666666668	146.12	146.26666666666668	146.45333333333335	146.42666666666668	146.42666666666668	146.32	146.24666666666667	146.33333333333334	146.26666666666668	146.3	146.3	146.44	146.06	146.20666666666668	146.21333333333334	146.35333333333332	146.29333333333332	146.14666666666668	146.34666666666666	146.34	146.30666666666667	146.16	145.96	145.58666666666667	144.52666666666667	141.74666666666667	132.57333333333332	0.0
0.0	132.74666666666667	141.74666666666667	144.55333333333334	145.55333333333334	145.89333333333335	146.04	146.13333333333333	146.24666666666667	146.16	146.29333333333332	146.26	146.22666666666666	146.28666666666666	146.24	146.24	146.35333333333332	146.49333333333334	146.47333333333333	146.3	146.27333333333334	146.31333333333333	146.13333333333333	146.28	146.17333333333335	146.39333333333335	146.04	146.14	146.27333333333334	146.39333333333335	146.27333333333334	146.32666666666665	146.14666666666668	146.18666666666667	146.08666666666667	146.29333333333332	146.54	146.3	146.33333333333334	146.22666666666666	146.3	146.49333333333334	146.3	146.32666666666665	146.20666666666668	146.30666666666667	146.29333333333332	146.26666666666668	146.31333333333333	146.20666666666668	146.19333333333333	146.27333333333334	146.18666666666667	146.26666666666668	146.09333333333333	146.20666666666668	146.10666666666665	146.18666666666667	146.18	146.42666666666668	146.23333333333332	146.16	146.32666666666665	146.26666666666668	146.1	146.12	146.02	145.84	145.49333333333334	144.52666666666667	141.70666666666668	132.46	0.0
0.0	132.02	141.81333333333333	144.58	145.42	145.64	145.78666666666666	145.92	145.85333333333332	146.10666666666665	145.91333333333333	145.97333333333333	146.04	145.97333333333333	145.95333333333335	146.00666666666666	146.16	146.07333333333332	146.09333333333333	145.85333333333332	145.92	145.94666666666666	146.16666666666666	146.08666666666667	146.02666666666667	146.00666666666666	145.91333333333333	146.08666666666667	146.01333333333332	145.93333333333334	146.2	145.94666666666666	145.94666666666666	145.92666666666668	146.08666666666667	146.03333333333333	146.26	146.26	145.92666666666668	145.94666666666666	146.18	146.06666666666666	146.24666666666667	146.21333333333334	146.05333333333334	146.1	146.24	145.88	146.06666666666666	146.05333333333334	146.10666666666665	146.06	145.87333333333333	145.96666666666667	146.03333333333333	146.01333333333332	146.15333333333334	146.0	146.05333333333334	146.0	145.97333333333333	146.05333333333334	146.28666666666666	146.16666666666666	145.96666666666667	145.93333333333334	145.87333333333333	145.76666666666668	145.28666666666666	144.36	141.57333333333332	132.7	0.0
0.0	132.73333333333332	141.80666666666667	144.52	145.58666666666667	145.84	145.8	146.07333333333332	146.06666666666666	146.02666666666667	146.06	146.1	146.3	146.2	146.28666666666666	146.04	145.92666666666668	145.98	145.99333333333334	146.2	146.18666666666667	146.12666666666667	146.28	146.26	146.06	146.33333333333334	146.22	146.11333333333334	146.28	145.98666666666668	146.19333333333333	146.26	146.10666666666665	146.24666666666667	146.18	146.21333333333334	146.39333333333335	146.15333333333334	146.18666666666667	146.29333333333332	146.41333333333333	146.00666666666666	146.2	146.26	146.20666666666668	145.99333333333334	146.21333333333334	146.21333333333334	146.2	146.22	146.28	146.24	146.18	146.01333333333332	145.92666666666668	146.11333333333334	146.22666666666666	146.16	146.16666666666666	146.24666666666667	146.30666666666667	146.2	146.22	146.30666666666667	146.1	146.04666666666665	146.13333333333333	145.74	145.34	144.19333333333333	141.76666666666668	132.72	0.0
0.0	132.57333333333332	141.78666666666666	144.36666666666667	145.32	145.96	145.98	146.00666666666666	146.17333333333335	146.26	146.35333333333332	146.14666666666668	146.20666666666668	145.98	146.17333333333335	146.18	146.14666666666668	146.29333333333332	146.20666666666668	146.4	146.36666666666667	146.29333333333332	146.29333333333332	146.24666666666667	146.2	146.22666666666666	146.27333333333334	145.99333333333334	146.27333333333334	146.10666666666665	146.10666666666665	146.26666666666668	146.12	146.05333333333334	146.08	146.26	146.19333333333333	146.28	146.31333333333333	146.39333333333335	146.2	146.44666666666666	146.26666666666668	146.28666666666666	146.26	146.27333333333334	146.30666666666667	146.26	146.12	146.21333333333334	146.05333333333334	146.34	146.22	146.28666666666666	146.46666666666667	146.37333333333333	146.22666666666666	146.30666666666667	146.15333333333334	146.24	146.29333333333332	146.17333333333335	146.04666666666665	146.09333333333333	146.16666666666666	145.95333333333335	145.96666666666667	145.71333333333334	145.34666666666666	144.40666666666667	141.64666666666668	132.62666666666667	0.0
0.0	132.49333333333334	141.86666666666667	144.61333333333334	145.56	145.81333333333333	146.06666666666666	146.32666666666665	146.19333333333333	146.28666666666666	146.12666666666667	146.35333333333332	146.12666666666667	146.26666666666668	146.28	146.32	146.31333333333333	146.25333333333333	146.0	145.9	146.26666666666668	146.28666666666666	146.15333333333334	146.24	146.45333333333335	146.47333333333333	146.12	146.34666666666666	146.36	146.47333333333333	146.44	146.47333333333333	146.26	146.38666666666666	146.19333333333333	146.34666666666666	146.47333333333333	146.33333333333334	146.27333333333334	146.37333333333333	146.34666666666666	146.31333333333333	146.33333333333334	146.04	146.07333333333332	146.26666666666668	146.49333333333334	146.54666666666665	146.24666666666667	146.12666666666667	146.32	146.25333333333333	146.21333333333334	146.29333333333332	146.13333333333333	146.08	146.22666666666666	146.14	146.24	146.19333333333333	146.34666666666666	146.33333333333334	146.22666666666666	146.32666666666665	146.11333333333334	146.16666666666666	146.19333333333333	145.9	145.74	144.64	141.89333333333335	132.74	0.0
0.0	132.36666666666667	141.66666666666666	144.50666666666666	145.25333333333333	145.67333333333335	145.96	146.10666666666665	146.04666666666665	146.16666666666666	146.09333333333333	146.28	146.13333333333333	146.10666666666665	146.26	146.26	146.14666666666668	146.12	146.24666666666667	145.91333333333333	146.10666666666665	146.04	146.29333333333332	146.16666666666666	146.11333333333334	146.11333333333334	146.11333333333334	146.01333333333332	146.24	146.1	145.94	146.12666666666667	146.06666666666666	146.0	146.20666666666668	146.09333333333333	146.18	146.0	146.20666666666668	145.99333333333334	146.16	146.14	146.09333333333333	146.04666666666665	146.10666666666665	146.14	146.01333333333332	146.13333333333333	146.08	146.24	146.26	146.10666666666665	146.07333333333332	146.05333333333334	146.12	146.15333333333334	146.02666666666667	146.23333333333332	146.18	146.32	146.22666666666666	146.22	146.14666666666668	146.25333333333333	146.11333333333334	146.00666666666666	145.94666666666666	145.80666666666667	145.23333333333332	144.41333333333333	141.49333333333334	132.34666666666666	0.0
0.0	132.48666666666668	141.8	144.64	145.57333333333332	145.99333333333334	146.07333333333332	146.34666666666666	146.30666666666667	146.29333333333332	146.36666666666667	146.42666666666668	146.28666666666666	146.33333333333334	146.32	146.36666666666667	146.35333333333332	146.42	146.21333333333334	146.21333333333334	146.08	146.10666666666665	146.18666666666667	146.28	146.38	146.27333333333334	146.25333333333333	146.30666666666667	146.34666666666666	146.3	146.62666666666667	146.34	146.33333333333334	146.52666666666667	146.32	146.27333333333334	146.28	146.24666666666667	146.44	146.26666666666668	146.36666666666667	146.14	146.20666666666668	146.32666666666665	146.25333333333333	146.15333333333334	146.10666666666665	146.28	146.28666666666666	146.42666666666668	146.24	146.37333333333333	146.34	146.26666666666668	146.15333333333334	146.23333333333332	146.44666666666666	146.2	146.4	146.22	146.36	146.40666666666667	146.26	146.21333333333334	146.22	146.20666666666668	146.08	146.01333333333332	145.14666666666668	144.14666666666668	141.68	132.84666666666666	0.0
0.0	132.63333333333333	141.90666666666667	144.54	145.24	145.6	146.07333333333332	146.08	146.06666666666666	146.10666666666665	146.16	146.11333333333334	146.06666666666666	146.36	146.05333333333334	146.04666666666665	146.32	146.04666666666665	146.11333333333334	146.14666666666668	146.07333333333332	146.19333333333333	146.06	146.14	146.16	146.03333333333333	145.9	145.89333333333335	146.00666666666666	146.16666666666666	146.09333333333333	146.14666666666668	146.13333333333333	145.97333333333333	145.95333333333335	146.05333333333334	146.04	146.14666666666668	146.12666666666667	146.09333333333333	145.95333333333335	146.1	145.99333333333334	145.96666666666667	145.98	146.05333333333334	145.98	145.98666666666668	146.16	146.06	146.38666666666666	146.24666666666667	146.13333333333333	146.04666666666665	146.07333333333332	146.04666666666665	146.14	146.12666666666667	146.11333333333334	146.05333333333334	146.06666666666666	146.1	146.16	146.06	145.82666666666665	145.97333333333333	145.74666666666667	145.73333333333332	145.29333333333332	144.52	141.66666666666666	132.3	0.0
0.0	132.40666666666667	141.70666666666668	144.28666666666666	145.42666666666668	145.86666666666667	145.97333333333333	146.13333333333333	145.96666666666667	146.26	146.09333333333333	145.92666666666668	146.02666666666667	146.16	146.12666666666667	146.06666666666666	146.12666666666667	146.2	146.08666666666667	146.23333333333332	146.14	146.13333333333333	146.30666666666667	146.19333333333333	146.10666666666665	146.27333333333334	146.25333333333333	146.5	146.23333333333332	146.32	146.18	146.29333333333332	146.23333333333332	146.05333333333334	146.02	146.30666666666667	146.34	146.34	146.16	146.15333333333334	145.98666666666668	146.04	145.93333333333334	146.21333333333334	146.20666666666668	146.03333333333333	146.08	146.04666666666665	146.13333333333333	146.12	146.08666666666667	146.14666666666668	146.38	146.22666666666666	146.38	146.08	146.13333333333333	146.02	146.19333333333333	146.2	146.12666666666667	146.05333333333334	146.05333333333334	146.21333333333334	146.18	146.18	145.96666666666667	145.82	145.39333333333335	144.41333333333333	141.66666666666666	132.46666666666667	0.0
0.0	132.50666666666666	141.62	144.48	145.08	145.72	145.88	146.0	146.26666666666668	145.99333333333334	146.00666666666666	146.21333333333334	146.24666666666667	146.10666666666665	146.24666666666667	146.18666666666667	146.18	146.02	146.12	146.13333333333333	146.19333333333333	146.2	146.28666666666666	146.16666666666666	146.24	146.42666666666668	146.18	146.12	146.15333333333334	146.14666666666668	146.26	146.3	146.08	146.25333333333333	146.23333333333332	146.26666666666668	146.30666666666667	146.27333333333334	146.22	146.16666666666666	146.08666666666667	146.16	146.34666666666666	146.09333333333333	146.21333333333334	146.24666666666667	146.37333333333333	146.13333333333333	146.21333333333334	146.20666666666668	145.98666666666668	146.04	145.94666666666666	145.88666666666666	146.08	146.06666666666666	146.26666666666668	146.22	146.27333333333334	146.12	145.96666666666667	146.01333333333332	146.07333333333332	146.31333333333333	146.11333333333334	145.98666666666668	145.89333333333335	145.54666666666665	145.42666666666668	144.21333333333334	141.72666666666666	132.55333333333334	0.0
0.0	132.52666666666667	141.72666666666666	144.62666666666667	145.32666666666665	145.72	145.97333333333333	145.96666666666667	146.08	146.15333333333334	146.24	146.25333333333333	146.26	146.10666666666665	146.31333333333333	146.50666666666666	146.32	146.26	146.24666666666667	146.07333333333332	146.10666666666665	146.16	146.23333333333332	146.04	146.22666666666666	146.16	146.20666666666668	146.31333333333333	146.16666666666666	146.08	146.18	146.15333333333334	146.08666666666667	146.09333333333333	146.18	146.13333333333333	146.32	146.22666666666666	146.1	146.24666666666667	146.19333333333333	146.27333333333334	146.31333333333333	146.25333333333333	145.95333333333335	146.00666666666666	146.23333333333332	146.28666666666666	146.24666666666667	146.31333333333333	146.2	146.26666666666668	146.14	146.24	146.04666666666665	146.20666666666668	146.32	146.18	146.24666666666667	146.10666666666665	146.06	146.12	146.02666666666667	146.02666666666667	146.09333333333333	146.18666666666667	146.02	145.71333333333334	145.58666666666667	144.58	141.84	132.76666666666668	0.0
0.0	132.29333333333332	141.65333333333334	144.42666666666668	145.53333333333333	145.86666666666667	146.08666666666667	146.20666666666668	146.08	146.24	146.17333333333335	146.01333333333332	146.17333333333335	146.20666666666668	146.16666666666666	146.16	146.20666666666668	146.30666666666667	146.49333333333334	146.28666666666666	146.25333333333333	146.37333333333333	146.33333333333334	146.1	146.18666666666667	146.12666666666667	146.3	146.33333333333334	146.14	146.16	146.00666666666666	146.22666666666666	146.13333333333333	146.36666666666667	146.33333333333334	146.16666666666666	146.28	146.38	146.38666666666666	146.59333333333333	146.38	146.24666666666667	146.25333333333333	146.22	146.28666666666666	146.23333333333332	146.19333333333333	146.32	146.08	146.28	146.21333333333334	146.54	146.26	146.18666666666667	146.23333333333332	146.3	146.24666666666667	146.33333333333334	146.14	146.26	146.41333333333333	146.15333333333334	146.26666666666668	146.30666666666667	146.33333333333334	146.25333333333333	146.35333333333332	145.96666666666667	145.64	144.36666666666667	141.64666666666668	132.94666666666666	0.0
0.0	132.86	141.88	144.54	145.29333333333332	145.68666666666667	145.9	146.04	146.24666666666667	146.04	146.18666666666667	145.98666666666668	146.04	146.04666666666665	146.08666666666667	146.29333333333332	146.20666666666668	146.29333333333332	146.12	146.34666666666666	146.24666666666667	146.12666666666667	146.07333333333332	146.22	146.15333333333334	146.24666666666667	146.16666666666666	146.24	146.22666666666666	146.18	146.21333333333334	146.18	146.05333333333334	146.29333333333332	146.14	146.16666666666666	146.13333333333333	146.05333333333334	146.02	146.09333333333333	146.15333333333334	146.35333333333332	146.13333333333333	146.14666666666668	146.11333333333334	146.07333333333332	146.15333333333334	146.02	146.14	146.22666666666666	146.12666666666667	146.09333333333333	146.09333333333333	146.18666666666667	146.2	146.21333333333334	146.39333333333335	146.36	146.18666666666667	146.18	146.22	146.08	145.92666666666668	146.00666666666666	146.11333333333334	146.04	146.00666666666666	145.89333333333335	145.57333333333332	144.51333333333332	141.71333333333334	132.68	0.0
0.0	132.52666666666667	142.11333333333334	144.44	145.72	145.95333333333335	146.26	146.28	146.4	146.4	146.48666666666668	146.50666666666666	146.5	146.40666666666667	146.49333333333334	146.46666666666667	146.58666666666667	146.58666666666667	146.52	146.43333333333334	146.41333333333333	146.33333333333334	146.46666666666667	146.35333333333332	146.48666666666668	146.61333333333334	146.62	146.52	146.52666666666667	146.48	146.41333333333333	146.48	146.50666666666666	146.42	146.55333333333334	146.40666666666667	146.45333333333335	146.68	146.38666666666666	146.50666666666666	146.38	146.45333333333335	146.45333333333335	146.38666666666666	146.36	146.52666666666667	146.48666666666668	146.44	146.43333333333334	146.4	146.42	146.44	146.22666666666666	146.43333333333334	146.37333333333333	146.45333333333335	146.42	146.40666666666667	146.36666666666667	146.49333333333334	146.38666666666666	146.32666666666665	146.41333333333333	146.12666666666667	146.26	146.24	146.23333333333332	146.16	145.74	144.58666666666667	141.68	132.32666666666665	0.0
0.0	132.92666666666668	141.84	144.28	145.60666666666665	145.92666666666668	146.02	146.12666666666667	146.24	146.24	146.18	146.21333333333334	146.31333333333333	146.27333333333334	146.28	146.16	146.23333333333332	146.32666666666665	146.29333333333332	146.33333333333334	146.31333333333333	146.30666666666667	146.43333333333334	146.18666666666667	146.08	146.0	146.01333333333332	146.09333333333333	146.14	146.00666666666666	146.1	146.03333333333333	146.02	146.10666666666665	146.23333333333332	146.29333333333332	146.36	146.17333333333335	146.3	146.37333333333333	146.3	146.26666666666668	146.3	146.23333333333332	146.33333333333334	146.23333333333332	146.39333333333335	146.23333333333332	146.06	146.20666666666668	146.34	146.30666666666667	146.25333333333333	146.0	146.22666666666666	146.07333333333332	146.16666666666666	146.17333333333335	146.19333333333333	146.26	146.21333333333334	146.12	146.14666666666668	146.17333333333335	146.00666666666666	145.98	146.16	146.09333333333333	145.41333333333333	144.46666666666667	141.87333333333333	132.63333333333333	0.0
0.0	132.78666666666666	141.74666666666667	144.24666666666667	145.35333333333332	145.88	145.91333333333333	146.00666666666666	146.21333333333334	146.13333333333333	146.21333333333334	146.28	146.29333333333332	146.21333333333334	146.52	146.3	146.37333333333333	146.16666666666666	146.27333333333334	146.27333333333334	146.28	146.21333333333334	146.17333333333335	146.3	146.36	146.41333333333333	146.34	146.38	146.08666666666667	146.36666666666667	146.44666666666666	146.28	146.30666666666667	146.46666666666667	146.29333333333332	146.35333333333332	146.26	146.35333333333332	146.32	146.23333333333332	146.44666666666666	146.20666666666668	146.3	146.26666666666668	146.28666666666666	146.39333333333335	146.23333333333332	146.44	146.21333333333334	146.28666666666666	146.24666666666667	146.19333333333333	146.21333333333334	146.32	146.22	146.38666666666666	146.30666666666667	146.48	146.30666666666667	146.30666666666667	146.31333333333333	146.28666666666666	146.26	146.24666666666667	146.32	146.23333333333332	146.17333333333335	146.06	145.38666666666666	144.36	141.95333333333335	132.98	0.0
0.0	132.88	141.46666666666667	144.12666666666667	145.24	145.74666666666667	145.67333333333335	145.8	145.81333333333333	145.92	146.07333333333332	145.91333333333333	146.14666666666668	146.03333333333333	146.24666666666667	146.0	146.05333333333334	146.06	146.04666666666665	145.86666666666667	146.08	145.98	146.10666666666665	145.99333333333334	146.22666666666666	146.02666666666667	146.05333333333334	145.98	145.97333333333333	146.07333333333332	146.12666666666667	146.08666666666667	145.97333333333333	146.03333333333333	146.08	146.22666666666666	146.02666666666667	146.16	146.06	146.04666666666665	145.93333333333334	146.09333333333333	146.02666666666667	146.18	146.34666666666666	146.02666666666667	145.98666666666668	145.94666666666666	145.92666666666668	145.99333333333334	146.14666666666668	146.00666666666666	146.08666666666667	146.02	146.11333333333334	145.92666666666668	145.96	146.18	146.08	146.02666666666667	146.22666666666666	146.10666666666665	146.14	146.05333333333334	146.02	146.12666666666667	145.76	145.60666666666665	145.35333333333332	144.35333333333332	141.84	132.62666666666667	0.0
0.0	132.47333333333333	141.48	144.55333333333334	145.29333333333332	145.83333333333334	146.09333333333333	146.14	146.14666666666668	146.22	146.06	146.25333333333333	146.01333333333332	146.13333333333333	146.30666666666667	146.22	146.08	146.14	146.08	146.22	146.26	146.24	146.28	146.35333333333332	146.35333333333332	146.26666666666668	146.23333333333332	146.14666666666668	146.09333333333333	146.09333333333333	146.39333333333335	146.16	146.16	146.19333333333333	146.21333333333334	146.1	146.32	146.36666666666667	146.12	146.05333333333334	146.1	146.16666666666666	146.26	146.3	146.23333333333332	146.24666666666667	146.16666666666666	146.22	146.05333333333334	146.06	146.17333333333335	146.32666666666665	146.22	146.32666666666665	146.38	146.22	146.24666666666667	146.20666666666668	146.22	146.26666666666668	146.26	146.10666666666665	146.12	146.06666666666666	145.99333333333334	146.09333333333333	146.03333333333333	145.70666666666668	145.16	144.56	141.68666666666667	132.66	0.0
0.0	132.67333333333335	142.00666666666666	144.37333333333333	145.48	145.73333333333332	146.1	146.26666666666668	146.17333333333335	146.16666666666666	146.5	146.46666666666667	146.17333333333335	146.22	146.35333333333332	146.24666666666667	146.34666666666666	146.23333333333332	146.37333333333333	146.18	146.0	146.14666666666668	146.06	145.94666666666666	146.18666666666667	146.12	146.26	146.21333333333334	146.21333333333334	146.24666666666667	146.16	146.19333333333333	146.08666666666667	146.01333333333332	146.09333333333333	146.20666666666668	146.15333333333334	146.34666666666666	146.30666666666667	146.26	146.2	146.16666666666666	146.18	146.09333333333333	146.07333333333332	146.26	146.20666666666668	146.21333333333334	146.30666666666667	146.12	145.98	146.14666666666668	146.24666666666667	146.14	146.11333333333334	146.27333333333334	146.18	146.06666666666666	146.28666666666666	146.08666666666667	146.0	146.14	146.12	146.16666666666666	146.06	146.07333333333332	146.18	145.97333333333333	145.41333333333333	144.41333333333333	141.71333333333334	132.79333333333332	0.0
0.0	132.45333333333335	141.56666666666666	144.28666666666666	145.14	145.77333333333334	145.96	146.08666666666667	145.96666666666667	146.15333333333334	146.03333333333333	146.20666666666668	146.18666666666667	146.08666666666667	146.30666666666667	146.14666666666668	146.16666666666666	146.1	146.15333333333334	146.22	146.02666666666667	146.18666666666667	146.21333333333334	146.13333333333333	146.12	146.16	146.06666666666666	146.22666666666666	146.13333333333333	146.11333333333334	146.21333333333334	146.03333333333333	146.12666666666667	146.07333333333332	146.08	146.12	145.95333333333335	145.94666666666666	146.02666666666667	146.13333333333333	146.12666666666667	146.17333333333335	146.09333333333333	146.08	146.06	146.18	146.12	145.92666666666668	146.05333333333334	146.07333333333332	146.03333333333333	146.02666666666667	146.21333333333334	145.98666666666668	146.00666666666666	145.96	146.00666666666666	146.15333333333334	146.16	146.28	146.08666666666667	146.14	146.09333333333333	146.02	145.99333333333334	146.09333333333333	146.02666666666667	145.88	145.44	144.27333333333334	141.77333333333334	132.52666666666667	0.0
0.0	132.7	141.77333333333334	144.56	145.65333333333334	146.11333333333334	146.07333333333332	146.02666666666667	146.16	146.37333333333333	146.3	146.35333333333332	146.43333333333334	146.38666666666666	146.27333333333334	146.27333333333334	146.25333333333333	146.35333333333332	146.34666666666666	146.38666666666666	146.45333333333335	146.33333333333334	146.46666666666667	146.42666666666668	146.31333333333333	146.45333333333335	146.36666666666667	146.25333333333333	146.32	146.36666666666667	146.39333333333335	146.42666666666668	146.26	146.29333333333332	146.28666666666666	146.37333333333333	146.30666666666667	146.22	146.26666666666668	146.28	146.22666666666666	146.33333333333334	146.17333333333335	146.15333333333334	146.38666666666666	146.43333333333334	146.42	146.42666666666668	146.44666666666666	146.42666666666668	146.44	146.34	146.12666666666667	146.41333333333333	146.29333333333332	146.36666666666667	146.3	146.4	146.28666666666666	146.37333333333333	146.24666666666667	146.30666666666667	146.27333333333334	146.22666666666666	146.17333333333335	146.2	145.94	146.02	145.42	144.79333333333332	141.77333333333334	132.65333333333334	0.0
0.0	132.94666666666666	141.91333333333333	144.63333333333333	145.79333333333332	145.94	146.13333333333333	146.10666666666665	146.39333333333335	146.58	146.52666666666667	146.23333333333332	146.40666666666667	146.49333333333334	146.36666666666667	146.48666666666668	146.25333333333333	146.34	146.44666666666666	146.56666666666666	146.53333333333333	146.37333333333333	146.44666666666666	146.38666666666666	146.3	146.39333333333335	146.46	146.46	146.34	146.47333333333333	146.36	146.4	146.36	146.36	146.34666666666666	146.35333333333332	146.59333333333333	146.43333333333334	146.26666666666668	146.32666666666665	146.36	146.46666666666667	146.6	146.51333333333332	146.3	146.33333333333334	146.38	146.32666666666665	146.56666666666666	146.42	146.24666666666667	146.37333333333333	146.44666666666666	146.38666666666666	146.38666666666666	146.37333333333333	146.45333333333335	146.56	146.48	146.44666666666666	146.38666666666666	146.56666666666666	146.52666666666667	146.19333333333333	146.38666666666666	146.42	146.21333333333334	146.19333333333333	145.5	144.4	141.62666666666667	132.58666666666667	0.0
0.0	132.82666666666665	141.92	144.24666666666667	145.26	145.67333333333335	145.83333333333334	145.8	145.94	145.96	145.89333333333335	146.08666666666667	146.14	146.30666666666667	146.18	146.28666666666666	146.16666666666666	146.15333333333334	146.21333333333334	146.18	146.21333333333334	146.06666666666666	146.16666666666666	146.29333333333332	146.18666666666667	146.22	146.18	146.11333333333334	146.08666666666667	146.15333333333334	146.05333333333334	146.06666666666666	145.99333333333334	145.88	145.86	145.96666666666667	146.12	146.04666666666665	146.06666666666666	146.08666666666667	146.01333333333332	145.94666666666666	146.04	146.14666666666668	146.09333333333333	146.1	146.26666666666668	146.14	146.18666666666667	146.02	146.18	146.23333333333332	146.1	145.93333333333334	146.06	146.13333333333333	146.11333333333334	145.88666666666666	146.1	146.39333333333335	146.33333333333334	146.09333333333333	145.99333333333334	146.08666666666667	146.08666666666667	145.99333333333334	146.02	145.86666666666667	145.38	144.3	141.54	132.52	0.0
0.0	132.62	141.87333333333333	144.53333333333333	145.42	145.72	145.86666666666667	146.09333333333333	146.28	146.34666666666666	146.42	146.19333333333333	145.96666666666667	146.12666666666667	146.13333333333333	146.36666666666667	146.24	146.1	146.14666666666668	146.09333333333333	146.2	146.08	146.0	146.03333333333333	146.05333333333334	146.18666666666667	146.22666666666666	145.9	146.06666666666666	146.2	146.04	146.31333333333333	146.16666666666666	146.19333333333333	146.23333333333332	146.26	146.24666666666667	146.26	146.06666666666666	146.06	145.98	146.15333333333334	146.16	145.99333333333334	146.06	146.18666666666667	146.16	146.05333333333334	146.27333333333334	146.02	146.02666666666667	146.24	146.16	146.11333333333334	146.36666666666667	146.09333333333333	146.20666666666668	146.02	146.05333333333334	146.03333333333333	146.1	146.12666666666667	146.1	146.08666666666667	146.21333333333334	146.06666666666666	145.98	145.72666666666666	145.48	144.27333333333334	141.78	132.67333333333335	0.0
0.0	133.10666666666665	141.68666666666667	144.05333333333334	145.14	145.58666666666667	145.69333333333333	145.84666666666666	145.88	145.75333333333333	145.80666666666667	145.90666666666667	145.93333333333334	145.95333333333335	146.0	145.89333333333335	146.02	145.76666666666668	145.81333333333333	146.05333333333334	145.90666666666667	145.88	145.79333333333332	145.74666666666667	145.86	146.04	145.91333333333333	145.82	145.70666666666668	145.8	145.93333333333334	145.89333333333335	145.9	145.70666666666668	145.82	145.65333333333334	146.06	145.91333333333333	145.77333333333334	145.72666666666666	145.88	146.03333333333333	146.00666666666666	145.96	145.94	145.90666666666667	145.92666666666668	145.98666666666668	145.80666666666667	145.96666666666667	145.94	145.80666666666667	146.04	145.84	146.02	146.0	145.90666666666667	145.87333333333333	145.76666666666668	145.84666666666666	145.88	145.72	145.95333333333335	145.88	146.03333333333333	145.96666666666667	145.90666666666667	145.56	144.93333333333334	144.24	141.42	133.26666666666668	0.0
0.0	132.68	141.75333333333333	144.54	145.57333333333332	145.84666666666666	146.04	146.13333333333333	146.18	146.16	146.16	146.17333333333335	146.17333333333335	146.44	146.21333333333334	146.08	146.35333333333332	146.26	146.08	146.10666666666665	146.06666666666666	146.03333333333333	146.04666666666665	146.05333333333334	146.07333333333332	146.1	146.25333333333333	146.16666666666666	146.25333333333333	146.41333333333333	146.3	146.16666666666666	146.33333333333334	146.26666666666668	146.04666666666665	146.10666666666665	146.32666666666665	146.3	146.22666666666666	146.33333333333334	146.32	146.34666666666666	146.23333333333332	146.03333333333333	146.18	146.25333333333333	146.30666666666667	146.09333333333333	145.91333333333333	146.06666666666666	146.02666666666667	146.15333333333334	146.1	146.2	146.21333333333334	146.16666666666666	146.08666666666667	146.23333333333332	146.34666666666666	146.40666666666667	146.31333333333333	146.28	146.16	146.26	146.06666666666666	146.34666666666666	146.1	145.92	145.38	144.21333333333334	141.7	132.78666666666666	0.0
0.0	132.64666666666668	141.94	144.2	145.31333333333333	145.76666666666668	145.95333333333335	146.10666666666665	146.18	146.18	146.23333333333332	146.14	146.15333333333334	146.11333333333334	146.2	146.11333333333334	146.06666666666666	146.07333333333332	146.03333333333333	145.97333333333333	146.01333333333332	145.97333333333333	146.1	146.12666666666667	146.18666666666667	146.23333333333332	146.26666666666668	146.30666666666667	146.20666666666668	146.31333333333333	146.11333333333334	146.08666666666667	146.12	146.08666666666667	146.08666666666667	145.94	146.12	146.12666666666667	145.96	146.2	146.17333333333335	146.02666666666667	146.20666666666668	146.16	146.25333333333333	146.22	146.18	146.06	146.08666666666667	146.06	146.03333333333333	146.16	145.98666666666668	145.99333333333334	146.25333333333333	146.30666666666667	146.06666666666666	146.08666666666667	146.04666666666665	145.98	146.04666666666665	146.02	145.97333333333333	146.04666666666665	146.16	146.10666666666665	145.96666666666667	145.72	145.39333333333335	144.58	141.69333333333333	132.54666666666665	0.0
0.0	132.81333333333333	141.67333333333335	144.56666666666666	145.53333333333333	145.82666666666665	146.03333333333333	146.21333333333334	146.3	146.22666666666666	146.32666666666665	146.36	146.19333333333333	146.23333333333332	146.21333333333334	146.29333333333332	146.26666666666668	146.36	146.21333333333334	146.31333333333333	146.34666666666666	146.3	146.28	146.26	146.32666666666665	146.36666666666667	146.20666666666668	146.24666666666667	146.28666666666666	146.29333333333332	146.08	146.49333333333334	146.18	146.22666666666666	146.2	146.24	146.18666666666667	146.34	146.24	146.17333333333335	146.46	146.28	146.32666666666665	146.41333333333333	146.32	146.28	146.52	146.21333333333334	146.06	146.03333333333333	146.39333333333335	146.18666666666667	146.22	146.36666666666667	146.32666666666665	146.2	146.54	146.26	146.19333333333333	146.41333333333333	146.18	146.21333333333334	146.42	146.32	146.40666666666667	146.16666666666666	146.14	145.90666666666667	145.51333333333332	144.49333333333334	141.72	132.6	0.0
0.0	132.50666666666666	141.54666666666665	144.39333333333335	145.44	145.79333333333332	145.86666666666667	146.19333333333333	146.07333333333332	145.92666666666668	146.12666666666667	146.14666666666668	146.1	146.15333333333334	146.44666666666666	146.1	146.21333333333334	146.18	146.04	146.10666666666665	146.18666666666667	146.32	146.22666666666666	146.06666666666666	146.24666666666667	146.18	145.99333333333334	146.16666666666666	146.28	146.16666666666666	146.26	146.28666666666666	146.32	146.21333333333334	145.97333333333333	146.16666666666666	146.14	146.31333333333333	146.22	146.33333333333334	146.11333333333334	146.18	146.16666666666666	146.24666666666667	146.14	146.14666666666668	146.18	146.22666666666666	146.15333333333334	146.11333333333334	146.23333333333332	146.23333333333332	146.23333333333332	146.45333333333335	146.36	146.22	146.27333333333334	146.27333333333334	146.14	146.26	146.34	146.38666666666666	146.36	145.95333333333335	145.98	146.1	146.16	145.69333333333333	145.58	144.68	141.52	132.24666666666667	0.0
0.0	132.50666666666666	141.84666666666666	144.35333333333332	145.17333333333335	145.76666666666668	145.89333333333335	145.94	146.19333333333333	146.18666666666667	146.08666666666667	146.10666666666665	146.10666666666665	146.16666666666666	146.18	146.01333333333332	146.10666666666665	146.22	145.92666666666668	146.1	146.19333333333333	146.14	146.17333333333335	146.02	146.11333333333334	146.06666666666666	146.10666666666665	146.08666666666667	146.17333333333335	146.02666666666667	145.95333333333335	146.11333333333334	146.13333333333333	146.16	146.10666666666665	146.06	145.96666666666667	145.90666666666667	146.04666666666665	146.18	146.18	146.24666666666667	146.13333333333333	145.95333333333335	146.02666666666667	146.14	146.3	146.11333333333334	146.09333333333333	145.92	146.0	146.12666666666667	146.12	146.16	146.18	146.22666666666666	146.14666666666668	146.15333333333334	146.02	146.04	146.04	146.15333333333334	146.14	146.10666666666665	145.98	145.91333333333333	145.73333333333332	145.44	144.94666666666666	144.04	141.68666666666667	132.44666666666666	0.0
0.0	132.50666666666666	141.58666666666667	144.44666666666666	145.3	145.79333333333332	145.92	146.35333333333332	146.14	145.91333333333333	146.04	146.02666666666667	145.98	146.00666666666666	146.0	146.09333333333333	146.04666666666665	146.22	146.2	145.94666666666666	145.92	145.96	146.13333333333333	146.02	146.08666666666667	146.20666666666668	146.06	146.07333333333332	146.06666666666666	145.98	145.90666666666667	146.08666666666667	146.14666666666668	145.94666666666666	146.00666666666666	146.03333333333333	145.96666666666667	146.09333333333333	146.12	146.25333333333333	146.20666666666668	146.08666666666667	146.06	145.86	145.95333333333335	146.09333333333333	146.16	146.06666666666666	146.02	145.97333333333333	146.11333333333334	146.19333333333333	146.33333333333334	146.18666666666667	146.26666666666668	146.08666666666667	146.05333333333334	146.02	146.18	146.16666666666666	146.12	146.24	146.12	146.08666666666667	146.22	146.22	145.92666666666668	145.7	145.1	144.19333333333333	141.33333333333334	132.31333333333333	0.0
0.0	132.38	141.61333333333334	144.20666666666668	145.41333333333333	145.81333333333333	145.91333333333333	146.10666666666665	146.08	146.12	146.19333333333333	146.34666666666666	146.03333333333333	146.09333333333333	146.2	146.18666666666667	146.26666666666668	146.26666666666668	146.16666666666666	146.26666666666668	146.21333333333334	146.25333333333333	146.22	146.12	146.12	145.96666666666667	146.29333333333332	145.96666666666667	146.13333333333333	146.15333333333334	146.12	146.21333333333334	146.22666666666666	146.19333333333333	146.26666666666668	146.11333333333334	146.11333333333334	146.21333333333334	146.02666666666667	145.96666666666667	145.96666666666667	146.08666666666667	146.08	146.14	146.05333333333334	146.12	146.07333333333332	146.04666666666665	146.14	146.08	146.12666666666667	146.11333333333334	146.16666666666666	146.20666666666668	146.24666666666667	146.07333333333332	146.08666666666667	145.97333333333333	146.06666666666666	146.22666666666666	146.28	146.03333333333333	146.02666666666667	146.12	146.06	146.09333333333333	146.00666666666666	145.65333333333334	145.35333333333332	144.31333333333333	141.58666666666667	132.37333333333333	0.0
0.0	132.34666666666666	141.6	144.31333333333333	145.18666666666667	145.56	145.96	146.02	145.90666666666667	145.95333333333335	146.17333333333335	146.08666666666667	145.96	146.02	145.9	146.21333333333334	146.25333333333333	146.18	146.10666666666665	146.18666666666667	146.30666666666667	146.17333333333335	146.12666666666667	146.00666666666666	145.91333333333333	146.11333333333334	146.01333333333332	145.96666666666667	145.99333333333334	146.10666666666665	146.04666666666665	146.2	146.07333333333332	146.05333333333334	146.25333333333333	146.12666666666667	146.13333333333333	146.21333333333334	146.09333333333333	146.42	146.25333333333333	146.20666666666668	146.01333333333332	146.04	146.15333333333334	146.00666666666666	146.03333333333333	145.98666666666668	145.92666666666668	146.2	146.14	146.16666666666666	146.12	146.04	146.11333333333334	146.14666666666668	146.18	146.06666666666666	146.2	146.12666666666667	145.93333333333334	145.94	146.08666666666667	146.01333333333332	146.0	145.92	145.94	145.8	145.35333333333332	144.44	141.85333333333332	132.44	0.0
0.0	132.14666666666668	141.65333333333334	144.08666666666667	145.33333333333334	145.76666666666668	145.84666666666666	146.04	146.28	146.19333333333333	146.31333333333333	146.11333333333334	146.11333333333334	146.38	146.24	146.11333333333334	146.00666666666666	145.96666666666667	146.03333333333333	146.18	146.16	146.15333333333334	146.06	146.02	146.11333333333334	146.07333333333332	145.96666666666667	146.24666666666667	146.11333333333334	146.03333333333333	146.16666666666666	146.08	146.06	146.23333333333332	145.99333333333334	146.04666666666665	146.11333333333334	146.02	145.86666666666667	146.06	146.08666666666667	146.15333333333334	146.09333333333333	146.02666666666667	146.08	146.32666666666665	146.08	146.09333333333333	146.1	146.10666666666665	145.94666666666666	146.02	146.03333333333333	146.08	146.16	146.12666666666667	146.26	146.08666666666667	146.02	146.24666666666667	146.07333333333332	145.98666666666668	146.09333333333333	145.84666666666666	145.89333333333335	146.08	145.82666666666665	145.64666666666668	145.34666666666666	144.29333333333332	141.7	132.89333333333335	0.0
0.0	132.35333333333332	141.66666666666666	144.18666666666667	145.21333333333334	145.52666666666667	145.78	145.71333333333334	145.87333333333333	145.9	146.0	145.92666666666668	145.96	145.86	146.09333333333333	145.97333333333333	145.91333333333333	145.80666666666667	146.06666666666666	145.8	145.82666666666665	145.87333333333333	145.95333333333335	145.90666666666667	145.79333333333332	145.78666666666666	145.93333333333334	145.74666666666667	146.02	146.04666666666665	145.84	146.01333333333332	145.96	146.08	145.91333333333333	145.94666666666666	145.94666666666666	145.99333333333334	146.0	145.93333333333334	145.96666666666667	145.92666666666668	145.74	145.81333333333333	145.94	146.22666666666666	146.16	146.21333333333334	145.9	145.93333333333334	146.00666666666666	145.90666666666667	145.9	146.06666666666666	145.91333333333333	145.89333333333335	146.17333333333335	145.98666666666668	145.92	145.92666666666668	146.01333333333332	146.04666666666665	145.83333333333334	145.98666666666668	146.02666666666667	145.99333333333334	145.88	145.55333333333334	145.44	144.31333333333333	142.07333333333332	133.16666666666666	0.0
0.0	132.66666666666666	141.66666666666666	144.53333333333333	145.33333333333334	145.71333333333334	145.77333333333334	146.14666666666668	146.13333333333333	146.08	146.12	146.02666666666667	146.05333333333334	146.14666666666668	146.23333333333332	146.08666666666667	146.05333333333334	146.21333333333334	146.13333333333333	146.34666666666666	146.24666666666667	146.08	146.12	146.06666666666666	146.04666666666665	146.24	146.06666666666666	146.24	146.19333333333333	146.03333333333333	146.0	146.11333333333334	145.92666666666668	146.1	146.06	146.20666666666668	146.08666666666667	146.20666666666668	146.16	146.18	146.18666666666667	146.29333333333332	146.06	146.08	146.10666666666665	146.05333333333334	146.15333333333334	146.18666666666667	146.26666666666668	146.10666666666665	146.33333333333334	146.12	146.2	146.06	145.97333333333333	146.13333333333333	146.03333333333333	146.04666666666665	146.2	145.94	146.25333333333333	146.16666666666666	146.02666666666667	146.1	145.97333333333333	146.23333333333332	146.02666666666667	145.88666666666666	145.33333333333334	144.36	141.74	132.46	0.0
0.0	132.45333333333335	141.66	144.79333333333332	145.63333333333333	145.82	146.14	146.23333333333332	146.17333333333335	146.12	146.22666666666666	146.12	146.19333333333333	146.30666666666667	146.26	146.32	146.18666666666667	146.46	146.36666666666667	146.26	146.37333333333333	146.44	146.32666666666665	146.32	146.36666666666667	146.24666666666667	146.26666666666668	146.24	146.28666666666666	146.09333333333333	146.21333333333334	146.22	145.98666666666668	146.28	146.36666666666667	146.22666666666666	146.31333333333333	146.33333333333334	146.2	146.32666666666665	146.28666666666666	146.26	146.16666666666666	146.15333333333334	146.15333333333334	146.26666666666668	146.21333333333334	146.24666666666667	146.24666666666667	146.29333333333332	146.15333333333334	146.24666666666667	146.25333333333333	146.23333333333332	146.3	146.21333333333334	146.12	146.1	146.14	146.14	146.19333333333333	146.06	146.26	146.03333333333333	146.27333333333334	146.16666666666666	146.16	145.78666666666666	145.37333333333333	144.37333333333333	141.96	132.95333333333335	0.0
0.0	132.76	141.62	144.22666666666666	144.99333333333334	145.52	145.74	145.83333333333334	146.02	146.07333333333332	146.18666666666667	146.11333333333334	146.29333333333332	146.18	146.06666666666666	145.9	145.91333333333333	145.85333333333332	146.04	146.05333333333334	145.92	145.87333333333333	145.88	146.00666666666666	145.98666666666668	146.12666666666667	146.33333333333334	146.13333333333333	146.08666666666667	146.11333333333334	145.99333333333334	146.0	146.00666666666666	146.11333333333334	145.96666666666667	145.97333333333333	145.80666666666667	146.12	145.98666666666668	145.96	145.98	146.00666666666666	146.03333333333333	145.96666666666667	145.88	145.87333333333333	145.89333333333335	145.94666666666666	145.94666666666666	146.10666666666665	146.01333333333332	145.96	145.82	145.86	145.97333333333333	146.17333333333335	146.12666666666667	146.08666666666667	145.97333333333333	146.09333333333333	146.08666666666667	146.12	146.12666666666667	145.92666666666668	146.03333333333333	145.89333333333335	145.84666666666666	145.66666666666666	145.42666666666668	144.36666666666667	141.46	132.52	0.0
0.0	132.56666666666666	141.70666666666668	144.56666666666666	145.65333333333334	146.17333333333335	146.32	146.36666666666667	146.47333333333333	146.47333333333333	146.41333333333333	146.39333333333335	146.44	146.34	146.54	146.33333333333334	146.22	146.45333333333335	146.46666666666667	146.48666666666668	146.45333333333335	146.51333333333332	146.39333333333335	146.36666666666667	146.42666666666668	146.37333333333333	146.37333333333333	146.40666666666667	146.42	146.45333333333335	146.42	146.16	146.38	146.45333333333335	146.42666666666668	146.38	146.34	146.30666666666667	146.28	146.51333333333332	146.59333333333333	146.60666666666665	146.53333333333333	146.16666666666666	146.39333333333335	146.32	146.43333333333334	146.38	146.37333333333333	146.19333333333333	146.24666666666667	146.40666666666667	146.30666666666667	146.36666666666667	146.44666666666666	146.37333333333333	146.44666666666666	146.34	146.41333333333333	146.19333333333333	146.25333333333333	146.32666666666665	146.28	146.38666666666666	146.32	146.26	146.10666666666665	146.04666666666665	145.41333333333333	144.56	141.96	132.56666666666666	0.0
0.0	132.63333333333333	141.58666666666667	144.52666666666667	145.64666666666668	145.91333333333333	146.16	146.37333333333333	146.15333333333334	146.26	146.18666666666667	146.21333333333334	146.26666666666668	146.18666666666667	146.33333333333334	146.32	146.36	146.23333333333332	146.27333333333334	146.38	146.34666666666666	146.28666666666666	146.26666666666668	146.26	146.11333333333334	146.32	146.22666666666666	146.27333333333334	146.26	146.29333333333332	146.28666666666666	146.20666666666668	146.38666666666666	146.22	146.25333333333333	146.34666666666666	146.32666666666665	146.22	146.32666666666665	146.47333333333333	146.11333333333334	146.3	146.42666666666668	146.37333333333333	146.39333333333335	146.36	146.37333333333333	146.34666666666666	146.32666666666665	146.44666666666666	146.28	146.28	146.25333333333333	146.26	146.25333333333333	146.38666666666666	146.16	146.14666666666668	146.23333333333332	146.36	146.52	146.64666666666668	146.4	146.15333333333334	146.25333333333333	146.28	146.27333333333334	145.99333333333334	145.54666666666665	144.50666666666666	141.66	132.73333333333332	0.0
0.0	132.6	141.62666666666667	144.35333333333332	145.5	145.96	146.02	146.0	146.08666666666667	146.15333333333334	146.20666666666668	146.12666666666667	146.2	146.28	146.06666666666666	146.26666666666668	146.26	146.15333333333334	146.20666666666668	146.32666666666665	146.23333333333332	146.16666666666666	146.16	146.27333333333334	146.26	146.26666666666668	146.35333333333332	146.27333333333334	146.22	146.15333333333334	146.27333333333334	146.26	146.19333333333333	146.09333333333333	146.23333333333332	146.31333333333333	146.10666666666665	146.13333333333333	146.36666666666667	146.3	146.10666666666665	146.08	146.29333333333332	146.49333333333334	146.24	146.28	146.27333333333334	146.36666666666667	146.34666666666666	146.23333333333332	146.24	146.28	146.32	146.33333333333334	146.2	146.17333333333335	146.16666666666666	146.36	146.31333333333333	146.08	146.28666666666666	146.14666666666668	146.18	146.12	146.02666666666667	146.14	145.91333333333333	145.73333333333332	145.43333333333334	144.48	141.62666666666667	132.58	0.0
0.0	132.83333333333334	141.86666666666667	144.78666666666666	145.52	145.8	146.22	146.35333333333332	146.30666666666667	146.25333333333333	146.26666666666668	146.39333333333335	146.26	146.36666666666667	146.21333333333334	146.24666666666667	146.16666666666666	146.26666666666668	146.42	146.23333333333332	146.30666666666667	146.32666666666665	146.43333333333334	146.18666666666667	146.16666666666666	146.28	146.32666666666665	146.33333333333334	146.54666666666665	146.36	146.21333333333334	146.05333333333334	146.28	146.14	146.3	146.24	146.18666666666667	146.28	146.2	146.32666666666665	146.38	146.32	146.24	146.33333333333334	146.19333333333333	146.28666666666666	146.53333333333333	146.30666666666667	146.33333333333334	146.47333333333333	146.4	146.53333333333333	146.48	146.41333333333333	146.28	146.43333333333334	146.29333333333332	146.23333333333332	146.23333333333332	146.12666666666667	146.33333333333334	146.25333333333333	146.5	146.37333333333333	146.43333333333334	146.22666666666666	146.05333333333334	145.99333333333334	145.37333333333333	144.50666666666666	141.74666666666667	133.03333333333333	0.0
0.0	132.94	141.85333333333332	144.6	145.6	145.82	145.92	146.02	146.44666666666666	146.24666666666667	146.24	146.25333333333333	146.33333333333334	146.10666666666665	146.17333333333335	146.22	146.28	146.44	146.34	146.22666666666666	146.09333333333333	146.06666666666666	146.25333333333333	146.26666666666668	146.33333333333334	146.22666666666666	146.28	146.27333333333334	146.40666666666667	146.58	146.38666666666666	146.42	146.33333333333334	146.27333333333334	146.32666666666665	146.2	146.48666666666668	146.41333333333333	146.32666666666665	146.24	146.18666666666667	146.19333333333333	146.48	146.38	146.18666666666667	146.44	146.14	146.20666666666668	146.25333333333333	146.29333333333332	146.24	146.39333333333335	146.35333333333332	146.24	146.25333333333333	146.24	146.24	146.20666666666668	146.26666666666668	146.3	146.46	146.25333333333333	146.33333333333334	146.36666666666667	146.34	146.48	146.22666666666666	146.06	145.66	144.48	141.86666666666667	132.79333333333332	0.0
0.0	132.64	141.73333333333332	144.29333333333332	145.39333333333335	146.13333333333333	146.29333333333332	146.4	146.36666666666667	146.34	146.20666666666668	146.34666666666666	146.23333333333332	146.38666666666666	146.19333333333333	146.36	146.25333333333333	146.26	146.34666666666666	146.33333333333334	146.40666666666667	146.54	146.28	146.38	146.30666666666667	146.40666666666667	146.35333333333332	146.28666666666666	146.11333333333334	146.18666666666667	146.34666666666666	146.24666666666667	146.23333333333332	146.37333333333333	146.46	146.27333333333334	146.36666666666667	146.33333333333334	146.34666666666666	146.27333333333334	146.38	146.4	146.37333333333333	146.28666666666666	146.26	146.48666666666668	146.38	146.16666666666666	146.28666666666666	146.30666666666667	146.32666666666665	146.32666666666665	146.37333333333333	146.43333333333334	146.34	146.39333333333335	146.41333333333333	146.38	146.40666666666667	146.45333333333335	146.28666666666666	146.27333333333334	146.19333333333333	146.21333333333334	146.07333333333332	146.2	146.23333333333332	146.00666666666666	145.7	144.70666666666668	141.84666666666666	132.67333333333335	0.0
0.0	132.58	141.92	144.21333333333334	145.31333333333333	145.89333333333335	146.14666666666668	146.01333333333332	146.04	146.25333333333333	146.38	146.16	146.30666666666667	146.17333333333335	146.37333333333333	146.4	146.12666666666667	146.14	146.16	146.22	146.21333333333334	146.12	146.3	146.25333333333333	146.28	146.18	146.34	146.32	146.3	146.33333333333334	146.19333333333333	146.29333333333332	146.40666666666667	146.30666666666667	146.31333333333333	146.44	146.47333333333333	146.28	146.26	146.13333333333333	146.14666666666668	146.2	146.24	146.15333333333334	146.12	146.18666666666667	146.22666666666666	146.16	146.3	146.39333333333335	146.23333333333332	146.25333333333333	146.23333333333332	146.11333333333334	146.1	146.27333333333334	146.28	146.25333333333333	146.20666666666668	146.35333333333332	146.28	146.24	146.13333333333333	146.22	146.21333333333334	146.09333333333333	145.83333333333334	145.93333333333334	145.44666666666666	144.37333333333333	141.86666666666667	132.63333333333333	0.0
0.0	132.46	141.68	144.42	145.46	145.81333333333333	146.08666666666667	146.15333333333334	146.26666666666668	146.14666666666668	146.30666666666667	146.08	146.14	146.06666666666666	146.19333333333333	146.36666666666667	146.27333333333334	146.11333333333334	146.13333333333333	146.08666666666667	146.18666666666667	146.14	146.16	146.06	146.02	146.25333333333333	146.26	146.20666666666668	146.11333333333334	146.39333333333335	146.22	146.34666666666666	146.02	146.22666666666666	146.05333333333334	146.16666666666666	146.05333333333334	146.34666666666666	146.16	146.16	146.30666666666667	146.34	146.24	146.26	146.30666666666667	146.35333333333332	146.16	146.22666666666666	146.23333333333332	146.18	146.26	146.3	146.06666666666666	146.19333333333333	146.31333333333333	146.26	146.36666666666667	146.13333333333333	146.21333333333334	146.12	146.15333333333334	146.10666666666665	146.05333333333334	146.21333333333334	146.12666666666667	145.98666666666668	145.86	145.86666666666667	145.34	144.38	142.0	132.65333333333334	0.0
0.0	132.84666666666666	141.71333333333334	144.38	145.38	146.01333333333332	146.32	146.21333333333334	146.38	146.32666666666665	146.40666666666667	146.33333333333334	146.32666666666665	146.32666666666665	146.24	146.38666666666666	146.29333333333332	146.38666666666666	146.45333333333335	146.34666666666666	146.25333333333333	146.27333333333334	146.19333333333333	146.14	146.38666666666666	146.24666666666667	146.19333333333333	146.24	146.32666666666665	146.49333333333334	146.34	146.35333333333332	146.28666666666666	146.37333333333333	146.28666666666666	146.22666666666666	146.41333333333333	146.26666666666668	146.29333333333332	146.42666666666668	146.35333333333332	146.38666666666666	146.33333333333334	146.22	146.44	146.36	146.43333333333334	146.32666666666665	146.44	146.4	146.27333333333334	146.29333333333332	146.38	146.37333333333333	146.32666666666665	146.20666666666668	146.31333333333333	146.14666666666668	146.24666666666667	146.22	146.27333333333334	146.24	146.42	146.18	146.20666666666668	146.26	146.23333333333332	146.03333333333333	145.44666666666666	144.32	141.74	132.44	0.0
0.0	132.73333333333332	141.41333333333333	144.36	145.4	145.76	146.0	146.05333333333334	145.94666666666666	145.91333333333333	146.02	145.98666666666668	146.03333333333333	146.08666666666667	145.98	146.00666666666666	146.02	146.02666666666667	145.97333333333333	146.09333333333333	145.89333333333335	146.02666666666667	146.15333333333334	146.0	146.1	145.84666666666666	145.89333333333335	146.11333333333334	146.05333333333334	146.02666666666667	146.12	146.08666666666667	145.95333333333335	146.02666666666667	146.00666666666666	145.89333333333335	146.05333333333334	146.00666666666666	146.25333333333333	146.17333333333335	145.98	145.92	145.99333333333334	146.01333333333332	146.12	146.04666666666665	145.94666666666666	145.94666666666666	145.90666666666667	146.06666666666666	145.99333333333334	145.9	146.23333333333332	146.08	146.04	146.04	145.94	146.00666666666666	146.14	146.02666666666667	146.06	146.17333333333335	146.01333333333332	145.97333333333333	145.92666666666668	146.04	145.74666666666667	145.7	145.23333333333332	144.20666666666668	141.34	132.36666666666667	0.0
0.0	132.82666666666665	141.95333333333335	144.36666666666667	145.68	146.1	146.23333333333332	146.34666666666666	146.20666666666668	146.25333333333333	146.22	146.32666666666665	146.26666666666668	146.37333333333333	146.25333333333333	146.39333333333335	146.36666666666667	146.44	146.4	146.3	146.35333333333332	146.20666666666668	146.35333333333332	146.5	146.42666666666668	146.22	146.32666666666665	146.28666666666666	146.27333333333334	146.5	146.40666666666667	146.4	146.3	146.04666666666665	146.43333333333334	146.51333333333332	146.32	146.29333333333332	146.28666666666666	146.34666666666666	146.32666666666665	146.34666666666666	146.34	146.3	146.20666666666668	146.41333333333333	146.40666666666667	146.28	146.32666666666665	146.38666666666666	146.50666666666666	146.39333333333335	146.41333333333333	146.42	146.3	146.31333333333333	146.32666666666665	146.40666666666667	146.52	146.36666666666667	146.23333333333332	146.33333333333334	146.12	146.31333333333333	146.16666666666666	146.09333333333333	145.98666666666668	146.25333333333333	145.58666666666667	144.71333333333334	141.76666666666668	132.45333333333335	0.0
0.0	132.16666666666666	141.81333333333333	144.37333333333333	145.31333333333333	145.75333333333333	145.78	145.92666666666668	145.96	146.05333333333334	145.9	146.24	146.03333333333333	145.96666666666667	146.33333333333334	146.14666666666668	146.42666666666668	146.17333333333335	146.08666666666667	146.01333333333332	146.14666666666668	146.25333333333333	146.22	146.37333333333333	146.22666666666666	146.16666666666666	146.14666666666668	146.18	145.94	146.04	146.14	146.16	145.96666666666667	145.88666666666666	146.03333333333333	146.18666666666667	146.18666666666667	146.05333333333334	146.08	146.04	145.92666666666668	146.18666666666667	146.08	146.06666666666666	146.02666666666667	146.02	146.07333333333332	146.00666666666666	146.05333333333334	146.25333333333333	146.14	146.06666666666666	146.15333333333334	146.11333333333334	146.26	146.06666666666666	146.20666666666668	146.33333333333334	146.35333333333332	146.23333333333332	146.18666666666667	146.14666666666668	146.18666666666667	146.12	146.09333333333333	146.16	145.9	145.82666666666665	145.58	144.52	141.63333333333333	132.71333333333334	0.0
0.0	132.6	141.84	144.60666666666665	145.46666666666667	145.90666666666667	146.08666666666667	146.14	146.28666666666666	146.26666666666668	146.23333333333332	146.16	146.31333333333333	146.19333333333333	146.26666666666668	146.22666666666666	146.31333333333333	146.24666666666667	146.35333333333332	146.11333333333334	146.22	146.28666666666666	146.26	146.51333333333332	146.35333333333332	146.36666666666667	146.30666666666667	146.33333333333334	146.21333333333334	146.32	146.32	146.29333333333332	146.52666666666667	146.37333333333333	146.25333333333333	146.35333333333332	146.42666666666668	146.37333333333333	146.17333333333335	146.17333333333335	146.44666666666666	146.36	146.46666666666667	146.17333333333335	146.45333333333335	146.36	146.20666666666668	146.29333333333332	146.27333333333334	146.37333333333333	146.24666666666667	146.36666666666667	146.22	146.28	146.32	146.41333333333333	146.29333333333332	146.08	146.26	146.4	146.26666666666668	146.29333333333332	146.31333333333333	146.20666666666668	146.38666666666666	146.26	146.09333333333333	145.96666666666667	145.41333333333333	144.44	142.03333333333333	132.94	0.0
0.0	132.84	141.79333333333332	144.43333333333334	145.63333333333333	145.99333333333334	146.41333333333333	146.36	146.43333333333334	146.37333333333333	146.38666666666666	146.33333333333334	146.28666666666666	146.29333333333332	146.46	146.33333333333334	146.40666666666667	146.50666666666666	146.42666666666668	146.38666666666666	146.34	146.38	146.40666666666667	146.59333333333333	146.54	146.42666666666668	146.59333333333333	146.34666666666666	146.27333333333334	146.58	146.38666666666666	146.41333333333333	146.56666666666666	146.62	146.54666666666665	146.56666666666666	146.60666666666665	146.32666666666665	146.30666666666667	146.46	146.49333333333334	146.28666666666666	146.41333333333333	146.45333333333335	146.4	146.43333333333334	146.35333333333332	146.28	146.33333333333334	146.42666666666668	146.36	146.44666666666666	146.65333333333334	146.43333333333334	146.25333333333333	146.38	146.38666666666666	146.38	146.48666666666668	146.42666666666668	146.45333333333335	146.35333333333332	146.23333333333332	146.30666666666667	146.42	146.29333333333332	146.32	146.08666666666667	145.70666666666668	144.68666666666667	141.8	132.64666666666668	0.0
0.0	132.43333333333334	141.76	144.38	145.12666666666667	145.74666666666667	145.88666666666666	146.02666666666667	146.1	145.90666666666667	146.15333333333334	146.21333333333334	146.17333333333335	146.12	145.97333333333333	146.12666666666667	145.94666666666666	146.16	146.08	146.16666666666666	146.16	146.2	146.13333333333333	146.16666666666666	146.22666666666666	146.04	146.15333333333334	146.04	146.10666666666665	146.14	146.03333333333333	145.83333333333334	146.21333333333334	145.98666666666668	146.02	145.96	146.06666666666666	146.21333333333334	145.98666666666668	146.03333333333333	145.99333333333334	146.2	146.02	146.08	146.22666666666666	146.08	146.04666666666665	146.12666666666667	145.96666666666667	146.06	146.0	146.06	145.97333333333333	146.16	146.0	145.98	146.06	146.02666666666667	146.22	146.2	146.26666666666668	145.97333333333333	146.11333333333334	146.1	146.10666666666665	145.93333333333334	145.79333333333332	145.82	145.24666666666667	144.13333333333333	141.71333333333334	132.47333333333333	0.0
0.0	132.76	141.43333333333334	144.30666666666667	145.2	145.75333333333333	145.98	145.9	146.06	146.13333333333333	146.14666666666668	146.16666666666666	146.15333333333334	146.28666666666666	146.21333333333334	146.09333333333333	146.16666666666666	146.12	146.15333333333334	146.11333333333334	146.14	146.19333333333333	146.22	146.31333333333333	146.25333333333333	146.10666666666665	146.16666666666666	146.1	146.1	145.90666666666667	146.22666666666666	146.26	146.26666666666668	146.08	146.24666666666667	146.32	146.24	146.15333333333334	146.30666666666667	146.23333333333332	146.13333333333333	146.04	146.08666666666667	146.3	146.03333333333333	146.16	146.14666666666668	146.21333333333334	146.18666666666667	146.18666666666667	146.24	146.03333333333333	145.98	146.05333333333334	146.07333333333332	146.04	146.14666666666668	146.19333333333333	146.24666666666667	146.17333333333335	146.14666666666668	146.24	146.16	146.03333333333333	146.14	146.06666666666666	146.22	145.84	145.46666666666667	144.38666666666666	141.27333333333334	132.59333333333333	0.0
0.0	132.74666666666667	141.92	144.43333333333334	145.45333333333335	145.83333333333334	146.04666666666665	146.14	146.15333333333334	146.2	146.23333333333332	146.12666666666667	146.22	146.28	146.23333333333332	146.42666666666668	146.43333333333334	146.07333333333332	146.19333333333333	146.18666666666667	146.13333333333333	146.06666666666666	146.20666666666668	146.36	146.25333333333333	146.18666666666667	146.22666666666666	146.23333333333332	146.26	146.46666666666667	146.34666666666666	146.3	146.25333333333333	146.3	146.09333333333333	146.04666666666665	145.95333333333335	146.01333333333332	146.30666666666667	146.26666666666668	146.28	146.25333333333333	146.19333333333333	146.19333333333333	146.14666666666668	146.18666666666667	146.40666666666667	146.35333333333332	146.38	146.16	146.21333333333334	146.15333333333334	146.25333333333333	146.10666666666665	146.12	146.3	146.24666666666667	146.35333333333332	146.26	146.41333333333333	146.26	146.28	146.38666666666666	146.15333333333334	146.22	146.32	146.17333333333335	145.92	145.47333333333333	144.32666666666665	141.55333333333334	132.37333333333333	0.0
0.0	133.34	141.82	144.39333333333335	145.58666666666667	146.18	146.41333333333333	146.46666666666667	146.52	146.49333333333334	146.44666666666666	146.53333333333333	146.25333333333333	146.4	146.76	146.56	146.58	146.58666666666667	146.57333333333332	146.62666666666667	146.43333333333334	146.52	146.58	146.60666666666665	146.51333333333332	146.54	146.54	146.42	146.5	146.57333333333332	146.57333333333332	146.31333333333333	146.64	146.57333333333332	146.46	146.37333333333333	146.64	146.46666666666667	146.68	146.54666666666665	146.49333333333334	146.74	146.44	146.59333333333333	146.38	146.50666666666666	146.44666666666666	146.4	146.63333333333333	146.66666666666666	146.53333333333333	146.54	146.50666666666666	146.76	146.6	146.66666666666666	146.43333333333334	146.58	146.58	146.64666666666668	146.72666666666666	146.54	146.6	146.36666666666667	146.44666666666666	146.52666666666667	146.48666666666668	146.28666666666666	145.68666666666667	144.96666666666667	141.90666666666667	132.67333333333335	0.0
0.0	132.80666666666667	141.68666666666667	144.36	145.38666666666666	145.93333333333334	146.26	146.23333333333332	146.27333333333334	146.18	146.28	146.10666666666665	146.36666666666667	146.15333333333334	146.37333333333333	146.34666666666666	146.36666666666667	146.25333333333333	146.4	146.22666666666666	146.32	146.32666666666665	146.36666666666667	146.14666666666668	146.22	146.09333333333333	146.18666666666667	146.28	146.33333333333334	146.35333333333332	146.37333333333333	146.28	146.16	146.19333333333333	146.14	146.32666666666665	146.04	146.20666666666668	146.20666666666668	146.33333333333334	146.43333333333334	146.46	146.26666666666668	146.18	146.23333333333332	146.23333333333332	146.22666666666666	146.28	146.32666666666665	146.42	146.38666666666666	146.36666666666667	146.34666666666666	146.24666666666667	146.29333333333332	146.22	146.36666666666667	146.56	146.26666666666668	146.3	146.36	146.16	146.28	146.31333333333333	146.3	146.24666666666667	146.16666666666666	145.94	145.48666666666668	144.69333333333333	141.60666666666665	132.40666666666667	0.0
0.0	132.50666666666666	141.77333333333334	144.4	145.26	145.95333333333335	145.98666666666668	146.28	146.19333333333333	146.24666666666667	146.29333333333332	146.30666666666667	146.51333333333332	146.31333333333333	146.38666666666666	146.28666666666666	146.35333333333332	146.18	146.30666666666667	146.28	146.24666666666667	146.18	146.21333333333334	146.28	146.10666666666665	146.17333333333335	146.44666666666666	146.18	146.23333333333332	146.21333333333334	146.04	146.20666666666668	146.17333333333335	146.36	146.43333333333334	146.32	146.46	146.49333333333334	146.21333333333334	146.23333333333332	146.33333333333334	146.18666666666667	146.12666666666667	146.27333333333334	146.22	146.29333333333332	146.36666666666667	146.38666666666666	146.34	146.27333333333334	146.26	146.14	146.15333333333334	146.12	146.12	146.36666666666667	146.38	146.32666666666665	146.21333333333334	146.27333333333334	146.14	146.04666666666665	146.08	146.25333333333333	146.12	146.12666666666667	146.16666666666666	145.81333333333333	145.65333333333334	144.48	141.93333333333334	133.05333333333334	0.0
0.0	132.67333333333335	141.76	144.56666666666666	145.40666666666667	145.91333333333333	146.18666666666667	146.38666666666666	146.26666666666668	146.29333333333332	146.24	146.36	146.44	146.50666666666666	146.3	146.52	146.54666666666665	146.36666666666667	146.38666666666666	146.34666666666666	146.35333333333332	146.26666666666668	146.34666666666666	146.30666666666667	146.44	146.36666666666667	146.63333333333333	146.22666666666666	146.34666666666666	146.4	146.4	146.37333333333333	146.48	146.33333333333334	146.32	146.38666666666666	146.26666666666668	146.35333333333332	146.24666666666667	146.39333333333335	146.45333333333335	146.42666666666668	146.40666666666667	146.36	146.42	146.5	146.63333333333333	146.48666666666668	146.31333333333333	146.56666666666666	146.43333333333334	146.39333333333335	146.25333333333333	146.44666666666666	146.50666666666666	146.31333333333333	146.24666666666667	146.42666666666668	146.38666666666666	146.59333333333333	146.44666666666666	146.40666666666667	146.46	146.28666666666666	146.2	146.34666666666666	146.29333333333332	145.79333333333332	145.54	144.73333333333332	141.96	132.98	0.0
0.0	132.38666666666666	141.42	144.32	145.39333333333335	145.82666666666665	146.06666666666666	146.09333333333333	146.2	146.26	146.24	146.04	146.22	146.38	146.25333333333333	146.21333333333334	146.14666666666668	146.12666666666667	146.28666666666666	146.30666666666667	146.24666666666667	146.24666666666667	145.96	146.1	146.07333333333332	146.18666666666667	146.18	146.17333333333335	146.20666666666668	146.16666666666666	146.21333333333334	146.3	146.26666666666668	146.26	146.16	146.04	146.25333333333333	146.16666666666666	146.19333333333333	146.24	146.27333333333334	146.22	146.16666666666666	146.15333333333334	146.24666666666667	146.28666666666666	146.21333333333334	146.2	146.12666666666667	146.4	146.14	146.23333333333332	146.28666666666666	146.22666666666666	146.24	146.44666666666666	146.24666666666667	146.22	146.0	145.98	146.09333333333333	146.06	146.29333333333332	146.18666666666667	146.26666666666668	146.08	146.08666666666667	145.70666666666668	145.49333333333334	144.24666666666667	141.73333333333332	132.57333333333332	0.0
0.0	132.62	142.06	144.72	145.64666666666668	145.85333333333332	146.32	146.36666666666667	146.36	146.36666666666667	146.15333333333334	146.43333333333334	146.56	146.52666666666667	146.30666666666667	146.38666666666666	146.48666666666668	146.49333333333334	146.45333333333335	146.34666666666666	146.36666666666667	146.45333333333335	146.43333333333334	146.4	146.36	146.49333333333334	146.38666666666666	146.52	146.34666666666666	146.44	146.40666666666667	146.42	146.70666666666668	146.54	146.36	146.53333333333333	146.52	146.4	146.44	146.53333333333333	146.56666666666666	146.44666666666666	146.42	146.16	146.38	146.40666666666667	146.36	146.36666666666667	146.29333333333332	146.42666666666668	146.44666666666666	146.42	146.68666666666667	146.32666666666665	146.3	146.46666666666667	146.46	146.32	146.38666666666666	146.35333333333332	146.42	146.42666666666668	146.34666666666666	146.40666666666667	146.27333333333334	146.28666666666666	146.26666666666668	146.04666666666665	145.58	144.84	142.14	132.86	0.0
0.0	132.73333333333332	141.66	144.50666666666666	145.30666666666667	145.85333333333332	145.96	146.17333333333335	146.06	146.06666666666666	146.12	146.11333333333334	146.08	146.07333333333332	146.25333333333333	146.19333333333333	146.07333333333332	146.23333333333332	146.07333333333332	146.22	146.15333333333334	146.14	146.32666666666665	146.12666666666667	146.19333333333333	146.2	146.17333333333335	146.11333333333334	146.10666666666665	146.45333333333335	146.30666666666667	146.23333333333332	146.04	146.17333333333335	146.25333333333333	146.27333333333334	146.01333333333332	145.96	146.06	146.13333333333333	146.26666666666668	146.06666666666666	146.20666666666668	146.04666666666665	146.30666666666667	146.26	146.1	146.21333333333334	146.04666666666665	146.07333333333332	146.22	146.02	146.00666666666666	146.02666666666667	146.11333333333334	146.31333333333333	146.37333333333333	146.20666666666668	146.2	146.22666666666666	146.13333333333333	146.14666666666668	146.1	146.2	146.19333333333333	146.0	145.94	145.72666666666666	145.31333333333333	144.31333333333333	141.64666666666668	132.14666666666668	0.0
0.0	132.99333333333334	141.86666666666667	144.33333333333334	145.4	145.85333333333332	146.08	145.98666666666668	146.14	146.21333333333334	146.19333333333333	146.2	146.14	146.3	146.19333333333333	146.16	146.36666666666667	146.18	146.23333333333332	146.36666666666667	146.23333333333332	146.02	146.16	146.25333333333333	146.00666666666666	146.14	146.01333333333332	146.32666666666665	146.26	146.51333333333332	146.25333333333333	146.36666666666667	146.26	146.10666666666665	146.14666666666668	146.17333333333335	146.29333333333332	146.3	146.45333333333335	146.46666666666667	146.16	146.34	146.39333333333335	146.32666666666665	146.23333333333332	146.16666666666666	146.22666666666666	146.22666666666666	146.24	146.20666666666668	146.18	146.40666666666667	146.25333333333333	146.04	146.26666666666668	146.32	146.25333333333333	146.34666666666666	146.22666666666666	146.12	146.26	146.14	146.26	146.17333333333335	146.17333333333335	146.25333333333333	145.97333333333333	145.94	145.43333333333334	144.6	141.86666666666667	132.72	0.0
0.0	132.92666666666668	142.04	144.43333333333334	145.20666666666668	145.83333333333334	146.26	146.06	146.25333333333333	146.28666666666666	146.18	146.21333333333334	146.23333333333332	146.32	146.16	146.14	146.25333333333333	146.5	146.31333333333333	146.23333333333332	146.22666666666666	146.17333333333335	146.26666666666668	146.27333333333334	146.31333333333333	146.36666666666667	146.36	146.24	146.3	146.33333333333334	146.24	146.38	146.22666666666666	146.22666666666666	146.27333333333334	146.21333333333334	146.43333333333334	146.36666666666667	146.23333333333332	146.19333333333333	146.32666666666665	146.3	146.19333333333333	146.23333333333332	146.12666666666667	146.22	146.31333333333333	146.26	146.35333333333332	146.54	146.18666666666667	146.33333333333334	146.41333333333333	146.3	146.20666666666668	146.36	146.48	146.38666666666666	146.18666666666667	146.19333333333333	146.2	146.24666666666667	146.36	146.34	146.21333333333334	146.22666666666666	146.15333333333334	145.84666666666666	145.48666666666668	144.42666666666668	141.79333333333332	132.51333333333332	0.0
0.0	132.81333333333333	141.84	144.24666666666667	145.43333333333334	145.99333333333334	146.15333333333334	146.25333333333333	146.40666666666667	146.20666666666668	146.21333333333334	146.26666666666668	146.22666666666666	146.16	146.13333333333333	146.25333333333333	146.33333333333334	146.3	146.25333333333333	146.35333333333332	146.26666666666668	146.23333333333332	146.3	146.06	146.17333333333335	146.28	146.45333333333335	146.34	146.19333333333333	146.16	146.33333333333334	146.32666666666665	146.41333333333333	146.38	146.35333333333332	146.29333333333332	146.08666666666667	146.25333333333333	146.36	146.22	146.19333333333333	146.31333333333333	146.27333333333334	146.32	146.42666666666668	146.38	146.43333333333334	146.2	146.36	146.16	146.18666666666667	146.16666666666666	146.25333333333333	146.07333333333332	146.28666666666666	146.2	146.3	146.34666666666666	146.24666666666667	146.32	146.27333333333334	146.35333333333332	146.38	146.34666666666666	146.26666666666668	146.24666666666667	145.98666666666668	146.04666666666665	145.59333333333333	144.51333333333332	141.72	132.6	0.0
0.0	132.58	141.58666666666667	144.44666666666666	145.4	145.67333333333335	146.04666666666665	146.08666666666667	146.05333333333334	146.30666666666667	146.32	146.46	146.10666666666665	146.28	146.34666666666666	146.26666666666668	146.38	146.22	146.10666666666665	146.12666666666667	146.02	146.10666666666665	146.22666666666666	146.18	146.23333333333332	146.32	146.32666666666665	146.32	146.12	146.37333333333333	146.18666666666667	146.16	146.20666666666668	146.16666666666666	146.12	146.16666666666666	146.33333333333334	146.26666666666668	146.34666666666666	146.14666666666668	146.10666666666665	146.15333333333334	146.38666666666666	146.06666666666666	146.16	146.20666666666668	146.26	146.14666666666668	146.19333333333333	146.16666666666666	146.29333333333332	146.11333333333334	146.15333333333334	146.23333333333332	146.27333333333334	146.10666666666665	146.12666666666667	146.23333333333332	146.12666666666667	146.1	146.14	146.46	146.16	146.24666666666667	146.33333333333334	146.12	146.2	145.76	145.26666666666668	144.24	141.58	132.23333333333332	0.0
0.0	132.42666666666668	141.40666666666667	144.30666666666667	145.0	145.72	145.88666666666666	146.08666666666667	145.93333333333334	146.02	145.78666666666666	146.1	146.04666666666665	146.02	145.99333333333334	146.04666666666665	146.10666666666665	145.96	146.12666666666667	146.27333333333334	146.20666666666668	146.16666666666666	146.15333333333334	146.12666666666667	146.16666666666666	146.20666666666668	146.19333333333333	146.23333333333332	145.84	146.24	146.08	146.03333333333333	146.08	146.36666666666667	146.22	146.05333333333334	146.08	146.18666666666667	146.06	146.11333333333334	146.06666666666666	146.14	145.98	146.11333333333334	146.08666666666667	146.23333333333332	146.22	146.26666666666668	146.24	146.28666666666666	145.94666666666666	145.98	146.07333333333332	146.08666666666667	146.0	146.21333333333334	146.18	146.06	146.13333333333333	146.18	146.06666666666666	146.19333333333333	146.0	146.04666666666665	145.92	145.89333333333335	145.77333333333334	145.8	145.29333333333332	144.38	141.41333333333333	132.64666666666668	0.0
0.0	132.82666666666665	141.64666666666668	144.46666666666667	145.31333333333333	145.82	146.03333333333333	146.06	146.06666666666666	146.06	146.19333333333333	146.16666666666666	146.34	146.34666666666666	146.18	146.31333333333333	146.21333333333334	146.42666666666668	146.16666666666666	146.26	146.28666666666666	146.29333333333332	146.26666666666668	146.19333333333333	146.29333333333332	146.12666666666667	146.04666666666665	146.29333333333332	146.18	146.1	146.20666666666668	146.27333333333334	146.27333333333334	146.09333333333333	146.16666666666666	146.17333333333335	146.24	146.07333333333332	146.08666666666667	146.14666666666668	146.36	146.17333333333335	146.21333333333334	146.04666666666665	146.25333333333333	146.14666666666668	146.14666666666668	146.06666666666666	146.02666666666667	146.01333333333332	146.29333333333332	146.46666666666667	146.27333333333334	146.24666666666667	146.08	146.12666666666667	146.09333333333333	146.10666666666665	146.2	146.40666666666667	146.23333333333332	146.22666666666666	146.2	146.25333333333333	146.17333333333335	145.95333333333335	146.02666666666667	145.9	145.54666666666665	144.37333333333333	141.73333333333332	132.69333333333333	0.0
0.0	132.58666666666667	141.84666666666666	144.32666666666665	145.38	145.82	146.01333333333332	146.24	146.26	146.17333333333335	146.13333333333333	146.28	146.26	146.22	146.17333333333335	146.08	146.07333333333332	146.14666666666668	146.04	146.27333333333334	146.15333333333334	146.15333333333334	146.21333333333334	146.14	146.06	146.07333333333332	146.32666666666665	146.16666666666666	146.16666666666666	146.09333333333333	146.18	146.20666666666668	146.25333333333333	146.25333333333333	146.35333333333332	146.1	146.24	146.18	146.14666666666668	146.30666666666667	146.17333333333335	146.18666666666667	146.00666666666666	146.02	146.11333333333334	146.16666666666666	146.22666666666666	146.22666666666666	146.34666666666666	146.32	146.30666666666667	146.1	146.24	146.14666666666668	146.14	145.96666666666667	146.18	146.12666666666667	146.18	146.26	146.32	146.24666666666667	146.18666666666667	145.99333333333334	146.16666666666666	146.08	146.04666666666665	145.7	145.46666666666667	144.41333333333333	141.56666666666666	132.64	0.0
0.0	132.51333333333332	141.75333333333333	144.33333333333334	145.52	145.88	145.94666666666666	146.1	146.18666666666667	146.31333333333333	146.22666666666666	146.20666666666668	146.27333333333334	146.26666666666668	146.33333333333334	146.26	146.33333333333334	146.22666666666666	146.20666666666668	146.24666666666667	146.07333333333332	146.21333333333334	146.25333333333333	146.06	146.05333333333334	146.27333333333334	146.38666666666666	146.12	146.22	146.21333333333334	146.26666666666668	146.46	146.33333333333334	146.14666666666668	146.21333333333334	146.29333333333332	146.24	146.28	146.32666666666665	146.36	146.34	146.30666666666667	146.25333333333333	146.25333333333333	146.26666666666668	146.34	146.24666666666667	146.14666666666668	146.28666666666666	146.21333333333334	146.11333333333334	146.38666666666666	146.25333333333333	146.20666666666668	146.23333333333332	146.12666666666667	146.37333333333333	146.2	146.18	146.27333333333334	146.1	146.27333333333334	146.12	146.20666666666668	146.3	146.21333333333334	145.89333333333335	145.95333333333335	145.65333333333334	144.5	141.82666666666665	132.68	0.0
0.0	132.94666666666666	141.68	144.48	145.39333333333335	145.9	145.94666666666666	146.06666666666666	146.02	146.10666666666665	146.24666666666667	146.25333333333333	146.19333333333333	146.32666666666665	146.15333333333334	146.38	146.42666666666668	146.26666666666668	146.40666666666667	146.16666666666666	146.08666666666667	146.09333333333333	146.08	146.19333333333333	146.26	146.36	146.34	146.25333333333333	146.22666666666666	146.14666666666668	146.17333333333335	146.14666666666668	146.27333333333334	146.27333333333334	146.27333333333334	146.29333333333332	146.2	146.10666666666665	146.29333333333332	146.24	146.17333333333335	146.2	146.16666666666666	146.24	146.18	146.34	146.14	146.09333333333333	146.50666666666666	146.10666666666665	146.08666666666667	146.12666666666667	146.05333333333334	146.10666666666665	146.34	146.17333333333335	146.14666666666668	146.20666666666668	146.16	146.20666666666668	146.23333333333332	146.3	146.06666666666666	146.18666666666667	146.28	146.28666666666666	146.22666666666666	145.78	145.39333333333335	144.36	141.59333333333333	132.24	0.0
0.0	132.44	141.58666666666667	144.36	145.6	145.74666666666667	146.00666666666666	146.02	146.09333333333333	146.23333333333332	146.13333333333333	146.32666666666665	146.14666666666668	146.25333333333333	146.14666666666668	146.01333333333332	146.14666666666668	146.14	145.93333333333334	146.12	146.18666666666667	146.04666666666665	145.95333333333335	145.98666666666668	146.26	146.13333333333333	146.3	146.06	146.31333333333333	146.3	146.26666666666668	146.26	146.16666666666666	146.11333333333334	146.23333333333332	146.16666666666666	146.22666666666666	146.12	146.24666666666667	146.20666666666668	146.36	146.22666666666666	146.23333333333332	146.21333333333334	146.11333333333334	146.11333333333334	146.31333333333333	146.05333333333334	146.21333333333334	146.18	146.22	146.24	146.1	146.24	146.21333333333334	146.33333333333334	146.03333333333333	145.99333333333334	145.98	146.04	146.02666666666667	146.0	146.14666666666668	146.12	146.06	146.15333333333334	146.03333333333333	145.82	145.28	144.54666666666665	141.78	132.84	0.0
0.0	132.21333333333334	141.74666666666667	144.36666666666667	145.50666666666666	145.84	146.24	146.18	145.99333333333334	145.93333333333334	146.05333333333334	146.25333333333333	146.13333333333333	146.13333333333333	146.07333333333332	145.94	146.02666666666667	146.18	146.12666666666667	146.18	146.07333333333332	146.22666666666666	145.99333333333334	146.01333333333332	146.09333333333333	146.03333333333333	145.97333333333333	146.04	146.0	145.97333333333333	146.18	146.1	145.99333333333334	146.02666666666667	146.06	146.22666666666666	146.10666666666665	146.12	146.03333333333333	146.06666666666666	146.14	146.02	145.97333333333333	145.92666666666668	146.04666666666665	146.02666666666667	145.94666666666666	146.23333333333332	146.19333333333333	146.17333333333335	146.18666666666667	146.08	146.11333333333334	146.16666666666666	146.08	146.02	145.98666666666668	146.11333333333334	146.27333333333334	146.06666666666666	146.02666666666667	146.08666666666667	146.07333333333332	146.01333333333332	145.93333333333334	146.08666666666667	145.98666666666668	145.52	145.36	144.28666666666666	141.53333333333333	132.46666666666667	0.0
0.0	132.68666666666667	142.02666666666667	144.26	145.76	146.22666666666666	146.23333333333332	146.40666666666667	146.41333333333333	146.28	146.46666666666667	146.3	146.34666666666666	146.44666666666666	146.52666666666667	146.45333333333335	146.37333333333333	146.44	146.36666666666667	146.34	146.33333333333334	146.32	146.26	146.49333333333334	146.52666666666667	146.58666666666667	146.47333333333333	146.36	146.34666666666666	146.54666666666665	146.46666666666667	146.41333333333333	146.54	146.48	146.62666666666667	146.38666666666666	146.44	146.31333333333333	146.20666666666668	146.33333333333334	146.58	146.50666666666666	146.53333333333333	146.43333333333334	146.44	146.54	146.36	146.32666666666665	146.34666666666666	146.26666666666668	146.38666666666666	146.25333333333333	146.26666666666668	146.26666666666668	146.46	146.49333333333334	146.53333333333333	146.45333333333335	146.34	146.39333333333335	146.55333333333334	146.55333333333334	146.51333333333332	146.36666666666667	146.43333333333334	146.16666666666666	146.19333333333333	146.09333333333333	145.59333333333333	144.36666666666667	141.88	132.84	0.0
0.0	132.16666666666666	141.72666666666666	144.37333333333333	145.31333333333333	145.59333333333333	145.86666666666667	145.94666666666666	145.88666666666666	145.86666666666667	145.96666666666667	146.08	145.90666666666667	145.92666666666668	145.97333333333333	146.06666666666666	146.09333333333333	145.94	145.91333333333333	145.90666666666667	146.08	145.87333333333333	145.85333333333332	145.86666666666667	145.74	145.98666666666668	146.17333333333335	146.06	146.05333333333334	145.96666666666667	146.02666666666667	146.11333333333334	146.13333333333333	146.06666666666666	146.0	145.97333333333333	145.82	145.84666666666666	145.96666666666667	146.07333333333332	146.03333333333333	145.94666666666666	145.92666666666668	145.96666666666667	146.05333333333334	146.02	146.01333333333332	146.02	145.91333333333333	146.00666666666666	145.94666666666666	146.00666666666666	145.98666666666668	145.97333333333333	145.86	145.95333333333335	146.05333333333334	146.06	146.10666666666665	146.06666666666666	146.13333333333333	145.74	145.7	145.75333333333333	145.86666666666667	145.84	145.86	145.57333333333332	145.12	144.22666666666666	141.85333333333332	132.5	0.0
0.0	131.92	141.36666666666667	144.35333333333332	145.27333333333334	145.86666666666667	146.04	145.97333333333333	145.96666666666667	145.84	146.00666666666666	146.01333333333332	146.01333333333332	146.18	146.10666666666665	146.01333333333332	145.97333333333333	145.98	145.98666666666668	145.96	145.88666666666666	145.98666666666668	146.02	145.95333333333335	146.22	146.18	146.01333333333332	146.12666666666667	146.16	146.14	146.12666666666667	146.16666666666666	146.14666666666668	146.15333333333334	146.10666666666665	146.11333333333334	146.02666666666667	146.26	146.09333333333333	146.11333333333334	146.27333333333334	146.18666666666667	146.04	146.32	146.11333333333334	145.96	145.95333333333335	146.00666666666666	145.9	146.05333333333334	145.95333333333335	146.04	146.16666666666666	145.90666666666667	145.95333333333335	146.06	145.92666666666668	145.94	146.04	146.10666666666665	145.94666666666666	146.0	145.98	146.03333333333333	145.94	146.17333333333335	145.88666666666666	145.54666666666665	145.18666666666667	144.19333333333333	141.70666666666668	132.61333333333334	0.0
0.0	132.56	141.85333333333332	144.53333333333333	145.55333333333334	145.84666666666666	145.87333333333333	146.10666666666665	146.06	146.16	145.95333333333335	146.18666666666667	146.16	146.06	146.14666666666668	146.21333333333334	146.24	146.44	146.38666666666666	146.22666666666666	146.15333333333334	146.07333333333332	146.09333333333333	146.11333333333334	146.2	146.08666666666667	146.07333333333332	146.09333333333333	146.02	146.12	146.22666666666666	146.11333333333334	146.22666666666666	146.06	146.14	146.15333333333334	146.28666666666666	146.28	146.22	146.17333333333335	146.07333333333332	146.16666666666666	146.22666666666666	146.28666666666666	146.18	146.18	146.15333333333334	146.28	146.24	146.28	146.15333333333334	146.16	146.32666666666665	146.26666666666668	146.16	145.98666666666668	146.39333333333335	146.38666666666666	146.22	146.08666666666667	146.08666666666667	146.19333333333333	146.00666666666666	146.08666666666667	146.07333333333332	145.96666666666667	145.98	145.74	145.36	144.43333333333334	141.60666666666665	132.62	0.0
0.0	132.88	142.12666666666667	144.64	145.46666666666667	146.02666666666667	146.00666666666666	146.11333333333334	146.24666666666667	146.44666666666666	146.37333333333333	146.3	146.38666666666666	146.16	146.14666666666668	146.17333333333335	146.14	146.16666666666666	146.29333333333332	146.26	146.16	146.06666666666666	146.19333333333333	146.27333333333334	146.14	146.05333333333334	146.16666666666666	146.09333333333333	146.28	146.10666666666665	146.10666666666665	146.21333333333334	146.34	145.98666666666668	146.07333333333332	146.25333333333333	146.13333333333333	146.32666666666665	146.30666666666667	146.26666666666668	146.34666666666666	146.20666666666668	146.28666666666666	146.33333333333334	146.35333333333332	146.42666666666668	146.36666666666667	146.38	146.27333333333334	146.12666666666667	146.30666666666667	146.28666666666666	146.22	146.24	146.19333333333333	146.18	146.18666666666667	146.3	146.20666666666668	146.06666666666666	146.33333333333334	146.26666666666668	146.02	146.3	146.16666666666666	146.27333333333334	145.82666666666665	145.91333333333333	145.66	144.72	141.69333333333333	132.75333333333333	0.0
0.0	132.08666666666667	141.76	144.34666666666666	145.24666666666667	145.74666666666667	146.05333333333334	146.06	146.00666666666666	146.12	146.06	145.96666666666667	145.91333333333333	145.93333333333334	145.98666666666668	146.06	146.2	146.04666666666665	146.18666666666667	145.94666666666666	145.96666666666667	146.04666666666665	145.9	146.07333333333332	146.24	145.99333333333334	146.1	146.04666666666665	146.18666666666667	146.14666666666668	146.02666666666667	146.05333333333334	146.05333333333334	146.18666666666667	146.11333333333334	146.17333333333335	146.00666666666666	146.24	146.13333333333333	146.03333333333333	146.22666666666666	146.02	146.02666666666667	146.07333333333332	146.07333333333332	145.96666666666667	146.08666666666667	146.1	145.92	145.97333333333333	146.04666666666665	146.02666666666667	146.14	146.14	146.22666666666666	146.24	146.13333333333333	146.26	146.16	146.11333333333334	146.12	146.1	146.01333333333332	146.11333333333334	145.88666666666666	145.96	145.74666666666667	145.54666666666665	145.27333333333334	144.1	141.46	132.34666666666666	0.0
0.0	133.0	141.93333333333334	144.46666666666667	145.58666666666667	146.02666666666667	146.26	146.47333333333333	146.45333333333335	146.39333333333335	146.28666666666666	146.33333333333334	146.37333333333333	146.45333333333335	146.37333333333333	146.49333333333334	146.50666666666666	146.43333333333334	146.47333333333333	146.39333333333335	146.18666666666667	146.40666666666667	146.25333333333333	146.29333333333332	146.24	146.34666666666666	146.46	146.44666666666666	146.42	146.29333333333332	146.39333333333335	146.38666666666666	146.44	146.33333333333334	146.39333333333335	146.43333333333334	146.64666666666668	146.46666666666667	146.36	146.4	146.41333333333333	146.53333333333333	146.35333333333332	146.45333333333335	146.43333333333334	146.37333333333333	146.30666666666667	146.46666666666667	146.22	146.29333333333332	146.14	146.29333333333332	146.35333333333332	146.38666666666666	146.5	146.54	146.4	146.27333333333334	146.44666666666666	146.51333333333332	146.46666666666667	146.28666666666666	146.54666666666665	146.38666666666666	146.38	146.34	146.34	145.86666666666667	145.48	144.83333333333334	141.64666666666668	132.34666666666666	0.0
0.0	132.86	141.88	144.64666666666668	145.42666666666668	145.82666666666665	146.09333333333333	146.08	146.17333333333335	146.24666666666667	146.15333333333334	146.25333333333333	146.25333333333333	146.2	146.38666666666666	146.33333333333334	146.36666666666667	146.17333333333335	146.10666666666665	146.22666666666666	146.18666666666667	146.22	146.27333333333334	146.19333333333333	146.1	146.16666666666666	146.29333333333332	146.25333333333333	146.11333333333334	146.22	146.25333333333333	146.24666666666667	146.32	146.26	146.4	146.41333333333333	146.38666666666666	146.32	146.28666666666666	146.28	146.27333333333334	146.39333333333335	146.36	146.28	146.22666666666666	146.31333333333333	146.34	146.35333333333332	146.36666666666667	146.24	146.28666666666666	146.22666666666666	146.18666666666667	146.19333333333333	146.18	146.38666666666666	146.38	146.29333333333332	146.32	146.35333333333332	146.36666666666667	146.13333333333333	146.30666666666667	146.25333333333333	146.28	146.25333333333333	145.94	145.82666666666665	145.48	144.56666666666666	141.91333333333333	132.81333333333333	0.0
0.0	132.40666666666667	141.84666666666666	144.64666666666668	145.48666666666668	146.04	146.15333333333334	146.07333333333332	146.45333333333335	146.47333333333333	146.14666666666668	146.14	146.24666666666667	146.15333333333334	146.26	146.34666666666666	146.08666666666667	146.23333333333332	146.32666666666665	146.37333333333333	146.54	146.38666666666666	146.33333333333334	146.39333333333335	146.5	146.48666666666668	146.58666666666667	146.48666666666668	146.23333333333332	146.3	146.34666666666666	146.2	146.12	146.26666666666668	146.32666666666665	146.22666666666666	146.41333333333333	146.32666666666665	146.18	146.28666666666666	146.38666666666666	146.30666666666667	146.41333333333333	146.32	146.3	146.30666666666667	146.46666666666667	146.43333333333334	146.35333333333332	146.36	146.33333333333334	146.46666666666667	146.52666666666667	146.54	146.24	146.38	146.40666666666667	146.34666666666666	146.30666666666667	146.37333333333333	146.40666666666667	146.1	146.26666666666668	146.25333333333333	146.18666666666667	146.26	146.26	146.08	145.49333333333334	144.68	141.67333333333335	132.65333333333334	0.0
0.0	132.73333333333332	141.81333333333333	144.46666666666667	145.46666666666667	145.80666666666667	146.16	145.92	145.85333333333332	145.96	146.17333333333335	145.96666666666667	145.84	146.23333333333332	146.18666666666667	146.26	146.12666666666667	146.1	146.03333333333333	146.11333333333334	146.01333333333332	146.22	146.17333333333335	146.19333333333333	146.18	146.25333333333333	146.23333333333332	145.91333333333333	146.0	145.98	145.94	146.10666666666665	146.01333333333332	145.98666666666668	146.05333333333334	146.09333333333333	146.14	146.16	146.07333333333332	146.09333333333333	146.28	146.28666666666666	146.03333333333333	146.18	146.12666666666667	146.04666666666665	146.02666666666667	146.08	145.93333333333334	146.21333333333334	146.1	146.01333333333332	146.02	146.0	146.03333333333333	146.06666666666666	146.06	146.2	146.02666666666667	146.04	146.22666666666666	146.04666666666665	145.94	146.17333333333335	146.13333333333333	146.18	146.01333333333332	145.71333333333334	145.39333333333335	144.24666666666667	141.91333333333333	132.55333333333334	0.0
0.0	132.82	141.77333333333334	144.33333333333334	145.52666666666667	145.78	146.08	146.14666666666668	145.99333333333334	146.05333333333334	145.94666666666666	146.06	146.15333333333334	146.25333333333333	146.24666666666667	146.14666666666668	146.18	146.19333333333333	146.18	146.14666666666668	146.15333333333334	146.13333333333333	146.1	146.16666666666666	146.25333333333333	146.28	146.09333333333333	146.06	146.24666666666667	146.27333333333334	146.33333333333334	146.1	146.26	146.08	146.2	146.05333333333334	146.34	146.40666666666667	146.11333333333334	146.30666666666667	146.21333333333334	146.13333333333333	146.1	146.36666666666667	146.08666666666667	146.19333333333333	146.25333333333333	146.08666666666667	146.10666666666665	146.09333333333333	146.12	146.18666666666667	146.3	146.21333333333334	146.16	146.13333333333333	146.26	146.18666666666667	146.06666666666666	146.08	146.28	146.08	146.15333333333334	146.16666666666666	146.26666666666668	146.23333333333332	145.96666666666667	145.87333333333333	145.36	144.57333333333332	141.82666666666665	132.63333333333333	0.0
0.0	132.72	141.74666666666667	144.69333333333333	145.60666666666665	145.9	146.19333333333333	146.45333333333335	146.36	146.22666666666666	146.15333333333334	146.4	146.28	146.3	146.24666666666667	146.29333333333332	146.32666666666665	146.32666666666665	146.25333333333333	146.29333333333332	146.27333333333334	146.33333333333334	146.38666666666666	146.3	146.36666666666667	146.28	146.38666666666666	146.44666666666666	146.45333333333335	146.31333333333333	146.43333333333334	146.18666666666667	146.48666666666668	146.32666666666665	146.38666666666666	146.29333333333332	146.16666666666666	146.22666666666666	146.31333333333333	146.16	146.12666666666667	146.46666666666667	146.24	146.26666666666668	146.26	146.22	146.22	146.24	146.51333333333332	146.16666666666666	146.21333333333334	146.19333333333333	146.22	146.16666666666666	146.16666666666666	146.06666666666666	146.29333333333332	146.34	146.3	146.22666666666666	146.24666666666667	146.18	146.24	146.1	146.35333333333332	146.14666666666668	146.14666666666668	145.8	145.48	144.47333333333333	141.74666666666667	132.37333333333333	0.0
0.0	132.6	141.82	144.28	145.22666666666666	145.60666666666665	146.03333333333333	145.92	146.02666666666667	146.02	146.2	146.25333333333333	146.08	146.04666666666665	146.14	146.16666666666666	146.2	146.18666666666667	146.17333333333335	146.32666666666665	146.2	145.94666666666666	146.10666666666665	146.15333333333334	146.01333333333332	145.99333333333334	146.20666666666668	146.18	146.08666666666667	146.13333333333333	146.18	146.32666666666665	146.09333333333333	146.09333333333333	146.06666666666666	146.1	146.29333333333332	146.11333333333334	146.11333333333334	146.14	146.02666666666667	146.24	146.24	146.12666666666667	146.15333333333334	146.00666666666666	146.06666666666666	145.93333333333334	146.2	146.06	146.07333333333332	146.22	146.01333333333332	145.96666666666667	146.15333333333334	146.15333333333334	146.14666666666668	146.25333333333333	146.28	146.41333333333333	146.30666666666667	146.26	146.29333333333332	146.12666666666667	145.92666666666668	146.23333333333332	145.96	145.65333333333334	145.28	144.30666666666667	141.69333333333333	132.58666666666667	0.0
0.0	132.86666666666667	141.76666666666668	144.4	145.13333333333333	145.67333333333335	146.08666666666667	145.94666666666666	145.88	146.16	146.26	145.96	146.0	146.12666666666667	146.09333333333333	146.23333333333332	146.06666666666666	146.00666666666666	146.04	146.12666666666667	146.14666666666668	146.2	146.26	146.28666666666666	146.10666666666665	146.02	146.15333333333334	146.12	146.20666666666668	146.0	146.08666666666667	146.08	146.05333333333334	145.93333333333334	145.94666666666666	146.12666666666667	146.10666666666665	145.99333333333334	145.93333333333334	146.06	146.13333333333333	146.14666666666668	146.12666666666667	146.0	146.14666666666668	146.10666666666665	145.99333333333334	146.01333333333332	145.91333333333333	146.0	146.12	146.17333333333335	146.02	146.18	146.04666666666665	146.08	146.06	145.97333333333333	146.12	145.88666666666666	146.06	146.00666666666666	146.26666666666668	146.12	146.25333333333333	146.20666666666668	146.01333333333332	145.72666666666666	145.26	144.30666666666667	141.66	132.70666666666668	0.0
0.0	132.48	141.62666666666667	144.58666666666667	145.46666666666667	145.92666666666668	145.98	146.2	146.16666666666666	146.14	146.08	146.15333333333334	146.12666666666667	146.25333333333333	146.06666666666666	146.21333333333334	146.16666666666666	146.16666666666666	146.07333333333332	146.28666666666666	146.18666666666667	146.30666666666667	146.36	146.19333333333333	146.23333333333332	146.26666666666668	146.26	146.07333333333332	145.96666666666667	145.94666666666666	146.08666666666667	146.14666666666668	146.20666666666668	146.2	146.41333333333333	146.16666666666666	146.37333333333333	146.16	146.37333333333333	146.3	146.11333333333334	146.18666666666667	146.3	146.16	146.03333333333333	146.02	146.14666666666668	146.00666666666666	146.16	146.17333333333335	146.14	146.16666666666666	146.17333333333335	146.07333333333332	146.21333333333334	146.21333333333334	146.30666666666667	146.17333333333335	146.26	146.15333333333334	146.32666666666665	146.30666666666667	146.14666666666668	146.20666666666668	146.12666666666667	146.02666666666667	145.74666666666667	145.66666666666666	145.34	144.56	141.28	132.36	0.0
0.0	132.54666666666665	141.68	144.3	145.37333333333333	145.94	146.02	145.93333333333334	146.24	146.27333333333334	146.10666666666665	146.23333333333332	146.23333333333332	146.38	146.30666666666667	146.18	146.22	146.24666666666667	146.36666666666667	146.45333333333335	146.15333333333334	146.34666666666666	146.48666666666668	146.27333333333334	146.4	146.35333333333332	146.31333333333333	146.30666666666667	146.30666666666667	146.34	146.19333333333333	146.18666666666667	146.21333333333334	146.29333333333332	146.27333333333334	146.23333333333332	146.28666666666666	146.22666666666666	146.37333333333333	146.33333333333334	146.18	146.24	146.16666666666666	146.31333333333333	146.3	146.28666666666666	146.22666666666666	146.22666666666666	146.14666666666668	146.2	146.04	146.23333333333332	146.12	146.3	146.22	146.14	146.13333333333333	146.19333333333333	146.24	146.16	146.26	146.44666666666666	146.16	146.35333333333332	146.26666666666668	146.3	146.09333333333333	145.82	145.34666666666666	144.54666666666665	142.07333333333332	132.47333333333333	0.0
0.0	132.84666666666666	142.01333333333332	144.45333333333335	145.44	145.69333333333333	145.80666666666667	146.04	146.06666666666666	146.19333333333333	146.22	146.12	146.13333333333333	146.15333333333334	146.16	146.30666666666667	146.17333333333335	146.20666666666668	146.33333333333334	146.38	146.21333333333334	146.34666666666666	146.14666666666668	146.12666666666667	146.38666666666666	146.46	146.14666666666668	146.16666666666666	145.99333333333334	146.10666666666665	146.12666666666667	146.28	146.1	146.12	146.15333333333334	146.20666666666668	146.10666666666665	146.11333333333334	146.08	145.94666666666666	146.15333333333334	146.10666666666665	146.32	146.27333333333334	146.45333333333335	146.20666666666668	146.13333333333333	146.01333333333332	146.22666666666666	146.22	146.18666666666667	146.18666666666667	146.14666666666668	146.17333333333335	146.18	146.28666666666666	146.07333333333332	146.02	146.20666666666668	146.10666666666665	146.18	146.33333333333334	146.02666666666667	146.09333333333333	146.16	145.96	145.92	145.91333333333333	145.45333333333335	144.34666666666666	141.74666666666667	132.58	0.0
0.0	132.31333333333333	141.84666666666666	144.37333333333333	145.43333333333334	145.76	146.0	146.06	146.18666666666667	146.0	146.22	146.16666666666666	146.24666666666667	146.18	146.26	146.2	146.22666666666666	146.25333333333333	146.28666666666666	146.17333333333335	146.26666666666668	146.31333333333333	146.26	146.28666666666666	146.01333333333332	146.26	146.20666666666668	146.22	146.3	146.01333333333332	146.07333333333332	146.04666666666665	146.1	146.02	146.15333333333334	146.11333333333334	146.27333333333334	146.15333333333334	146.21333333333334	146.14666666666668	146.21333333333334	146.25333333333333	146.08	146.26	146.17333333333335	145.96666666666667	146.00666666666666	146.27333333333334	146.24	146.05333333333334	146.06666666666666	146.32666666666665	146.24666666666667	145.98	146.15333333333334	146.34666666666666	146.22666666666666	146.02666666666667	146.20666666666668	146.26	146.10666666666665	146.22666666666666	146.0	145.86666666666667	146.08	146.11333333333334	146.02666666666667	145.80666666666667	145.61333333333334	144.68	141.92	132.8	0.0
0.0	132.27333333333334	141.66666666666666	144.54666666666665	145.60666666666665	146.08	146.24	146.40666666666667	146.28666666666666	146.43333333333334	146.16666666666666	146.19333333333333	146.38666666666666	146.45333333333335	146.36666666666667	146.29333333333332	146.38666666666666	146.22	146.18	146.23333333333332	146.31333333333333	146.24	146.22	146.28666666666666	146.24	146.17333333333335	146.12	146.12666666666667	146.43333333333334	146.21333333333334	146.33333333333334	146.47333333333333	146.18	146.21333333333334	146.38666666666666	146.46	146.42	146.4	146.28666666666666	146.26666666666668	146.3	146.30666666666667	146.51333333333332	146.40666666666667	146.34	146.1	146.40666666666667	146.2	146.22	146.18	146.29333333333332	146.26666666666668	146.20666666666668	146.48	146.09333333333333	146.02	146.31333333333333	146.38666666666666	146.29333333333332	146.41333333333333	146.43333333333334	146.43333333333334	146.36666666666667	146.23333333333332	146.27333333333334	146.39333333333335	146.23333333333332	146.08666666666667	145.53333333333333	144.48	142.02	132.84	0.0
0.0	132.50666666666666	141.75333333333333	144.24666666666667	145.38666666666666	145.76666666666668	145.99333333333334	146.01333333333332	146.08666666666667	146.04666666666665	146.16	146.24	146.27333333333334	146.33333333333334	146.28	146.31333333333333	146.12666666666667	146.07333333333332	146.09333333333333	146.04666666666665	145.96666666666667	146.15333333333334	146.3	146.20666666666668	146.26	146.35333333333332	146.25333333333333	146.12666666666667	146.15333333333334	146.09333333333333	146.06	145.98	146.08	146.06	146.13333333333333	146.06666666666666	146.29333333333332	146.24	146.32	146.22666666666666	146.20666666666668	146.14666666666668	146.18666666666667	146.13333333333333	146.35333333333332	146.1	146.14666666666668	146.01333333333332	146.18666666666667	146.12666666666667	146.22666666666666	146.05333333333334	146.21333333333334	146.19333333333333	146.06	146.06666666666666	146.17333333333335	146.26	146.23333333333332	146.19333333333333	146.2	146.22666666666666	146.17333333333335	146.09333333333333	145.96666666666667	146.06	146.08666666666667	145.86	145.5	144.23333333333332	141.36666666666667	132.65333333333334	0.0
0.0	132.68	141.66666666666666	144.47333333333333	145.32666666666665	145.64666666666668	146.06	146.07333333333332	146.09333333333333	146.13333333333333	146.15333333333334	146.21333333333334	146.17333333333335	146.01333333333332	146.15333333333334	146.19333333333333	146.16	146.40666666666667	146.21333333333334	146.24666666666667	146.23333333333332	146.25333333333333	145.98	146.08	146.22666666666666	146.10666666666665	146.18666666666667	146.18666666666667	146.25333333333333	146.35333333333332	145.99333333333334	146.16666666666666	146.08666666666667	146.1	146.18	146.21333333333334	146.12	146.16	146.24	146.18666666666667	146.06666666666666	146.18	146.27333333333334	146.12	146.20666666666668	146.18666666666667	146.12666666666667	146.31333333333333	146.11333333333334	146.09333333333333	146.1	146.06666666666666	146.12666666666667	146.22666666666666	146.23333333333332	146.2	146.16	146.32	146.15333333333334	146.16	146.0	146.12	146.05333333333334	146.1	145.95333333333335	146.22666666666666	145.9	145.76	145.33333333333334	144.40666666666667	141.77333333333334	132.64	0.0
0.0	132.40666666666667	141.75333333333333	144.78	145.68	146.11333333333334	146.12666666666667	145.98666666666668	146.22666666666666	145.98666666666668	146.32	146.3	146.35333333333332	146.26666666666668	146.24666666666667	146.32666666666665	146.3	146.3	146.41333333333333	146.18666666666667	146.3	146.36	146.27333333333334	146.48	146.40666666666667	146.40666666666667	146.24	146.51333333333332	146.52666666666667	146.26	146.30666666666667	146.20666666666668	146.28	146.30666666666667	146.22	146.13333333333333	146.19333333333333	146.28666666666666	146.26	146.53333333333333	146.52	146.48666666666668	146.28	146.36	146.38	146.16666666666666	146.42	146.42666666666668	146.28666666666666	146.23333333333332	146.32666666666665	146.41333333333333	146.47333333333333	146.40666666666667	146.33333333333334	146.28666666666666	146.16666666666666	146.3	146.2	146.18	146.46666666666667	146.35333333333332	146.36	146.25333333333333	146.28666666666666	146.27333333333334	146.30666666666667	145.80666666666667	145.48	144.53333333333333	141.65333333333334	132.37333333333333	0.0
0.0	132.78	141.78666666666666	144.54	145.11333333333334	145.62666666666667	146.02666666666667	145.98	145.96	146.16	146.14	146.14666666666668	145.96	146.13333333333333	145.98	146.1	146.05333333333334	145.94	146.19333333333333	146.28666666666666	146.07333333333332	146.10666666666665	146.00666666666666	146.06	146.00666666666666	146.20666666666668	146.08	145.99333333333334	146.01333333333332	146.01333333333332	145.99333333333334	146.11333333333334	146.13333333333333	145.89333333333335	146.03333333333333	145.95333333333335	146.03333333333333	145.86	145.94	145.96	145.95333333333335	145.97333333333333	145.84666666666666	146.0	145.84666666666666	145.86666666666667	145.96	146.04666666666665	146.01333333333332	145.91333333333333	145.82666666666665	146.16	145.88	145.92666666666668	146.07333333333332	146.09333333333333	146.10666666666665	145.94666666666666	145.92666666666668	145.98666666666668	146.08	145.99333333333334	146.07333333333332	146.06666666666666	145.97333333333333	146.03333333333333	145.84	145.56	145.22666666666666	144.48	141.39333333333335	132.71333333333334	0.0
0.0	132.53333333333333	141.63333333333333	144.33333333333334	145.33333333333334	145.66	145.98	146.13333333333333	146.06666666666666	146.06666666666666	146.00666666666666	145.98	146.04	145.89333333333335	146.00666666666666	146.08666666666667	145.97333333333333	145.96666666666667	145.96	146.12666666666667	145.94	146.05333333333334	146.13333333333333	146.02	146.05333333333334	146.06	146.17333333333335	146.12	146.00666666666666	146.06666666666666	146.05333333333334	145.96666666666667	146.03333333333333	146.12	145.92666666666668	145.9	146.2	146.04	146.07333333333332	146.06	146.04666666666665	146.12	146.31333333333333	146.18666666666667	146.01333333333332	146.10666666666665	146.11333333333334	146.14666666666668	146.06	146.0	146.13333333333333	146.23333333333332	146.14666666666668	146.07333333333332	146.20666666666668	146.06	146.14	146.14666666666668	146.17333333333335	146.12666666666667	146.09333333333333	146.14666666666668	146.06	146.04666666666665	145.87333333333333	145.95333333333335	145.76	145.80666666666667	145.23333333333332	144.32	141.88	132.74666666666667	0.0
0.0	132.64666666666668	141.82	144.33333333333334	145.40666666666667	145.97333333333333	146.12	146.13333333333333	146.3	146.11333333333334	146.09333333333333	145.99333333333334	146.26	146.12666666666667	146.23333333333332	146.45333333333335	146.25333333333333	146.27333333333334	146.22	146.23333333333332	146.24	146.28	146.19333333333333	146.18	146.16666666666666	146.15333333333334	146.19333333333333	146.16	146.3	146.19333333333333	146.27333333333334	146.24	146.18	146.14	146.07333333333332	146.06	146.0	146.22	146.20666666666668	146.18	146.28	146.29333333333332	146.17333333333335	146.11333333333334	146.20666666666668	146.02	146.12	146.32666666666665	146.25333333333333	146.12666666666667	146.28	146.28	146.3	146.28	146.32	146.34	146.11333333333334	146.19333333333333	146.31333333333333	146.10666666666665	146.20666666666668	146.26	146.28666666666666	146.28	145.97333333333333	146.03333333333333	145.88	146.08	145.62666666666667	144.43333333333334	141.40666666666667	132.70666666666668	0.0
0.0	132.51333333333332	141.65333333333334	144.14	145.01333333333332	145.68	145.78	145.9	146.04	145.82	145.89333333333335	146.04	146.13333333333333	146.00666666666666	146.14666666666668	146.01333333333332	146.12666666666667	146.09333333333333	146.04	145.94666666666666	146.09333333333333	146.14	145.95333333333335	146.19333333333333	146.02666666666667	145.98	146.02666666666667	146.18666666666667	146.16	146.15333333333334	145.87333333333333	146.22	146.23333333333332	146.00666666666666	145.91333333333333	145.78	145.95333333333335	145.86666666666667	145.92	145.98	146.09333333333333	146.24	145.82	145.95333333333335	145.99333333333334	145.83333333333334	146.10666666666665	146.1	146.15333333333334	146.06	145.96666666666667	146.04666666666665	145.93333333333334	145.96666666666667	146.04	146.20666666666668	145.96666666666667	146.18	145.90666666666667	145.93333333333334	145.95333333333335	146.08666666666667	146.06666666666666	146.07333333333332	145.84666666666666	145.94	145.78666666666666	145.58666666666667	145.13333333333333	144.19333333333333	141.59333333333333	132.43333333333334	0.0
0.0	132.72666666666666	141.21333333333334	144.34	144.94	145.51333333333332	145.69333333333333	145.99333333333334	146.06666666666666	146.16	146.1	146.16	146.05333333333334	146.08666666666667	146.02	145.9	146.18666666666667	146.06	146.22	146.17333333333335	146.16666666666666	145.99333333333334	145.81333333333333	145.88	146.0	145.88	146.06666666666666	145.99333333333334	146.11333333333334	146.08	145.96666666666667	146.00666666666666	146.06	146.06	146.04	145.95333333333335	146.00666666666666	146.20666666666668	146.21333333333334	146.13333333333333	146.16	146.22	146.17333333333335	146.20666666666668	146.05333333333334	146.17333333333335	146.05333333333334	146.07333333333332	146.07333333333332	145.98	146.05333333333334	146.12	145.96	146.06666666666666	146.01333333333332	145.98666666666668	146.06	146.1	146.13333333333333	146.15333333333334	145.95333333333335	146.1	146.19333333333333	146.2	146.18	145.96	145.73333333333332	145.64	145.11333333333334	144.24666666666667	141.57333333333332	132.49333333333334	0.0
0.0	132.62666666666667	141.72	144.52	145.58	146.09333333333333	146.2	146.24666666666667	146.15333333333334	146.23333333333332	146.1	146.00666666666666	146.15333333333334	146.13333333333333	146.26666666666668	146.16666666666666	146.2	146.1	146.15333333333334	146.22666666666666	146.21333333333334	146.41333333333333	146.14	146.11333333333334	146.34666666666666	146.39333333333335	146.30666666666667	146.22666666666666	146.28666666666666	146.18666666666667	146.19333333333333	146.3	146.46666666666667	146.16666666666666	146.15333333333334	146.09333333333333	146.14	146.18666666666667	146.24	146.39333333333335	146.34	146.05333333333334	146.14666666666668	146.18	146.26	146.19333333333333	146.26	146.16	146.05333333333334	146.13333333333333	146.06	146.14666666666668	146.16	146.08	146.27333333333334	146.16666666666666	146.22	146.31333333333333	146.23333333333332	146.15333333333334	146.14	146.22	146.13333333333333	146.16	146.15333333333334	146.09333333333333	146.18	145.63333333333333	145.36	144.38666666666666	141.64666666666668	132.70666666666668	0.0
0.0	132.66666666666666	141.84666666666666	144.76	145.71333333333334	146.23333333333332	146.25333333333333	146.29333333333332	146.19333333333333	146.36666666666667	146.24666666666667	146.21333333333334	146.26666666666668	146.3	146.31333333333333	146.24666666666667	146.47333333333333	146.31333333333333	146.34666666666666	146.4	146.30666666666667	146.24	146.28666666666666	146.43333333333334	146.54	146.38	146.34	146.42666666666668	146.28	146.32666666666665	146.34666666666666	146.3	146.40666666666667	146.45333333333335	146.34666666666666	146.42666666666668	146.36666666666667	146.22	146.45333333333335	146.3	146.35333333333332	146.26666666666668	146.28	146.31333333333333	146.22	146.22666666666666	146.52666666666667	146.58666666666667	146.6	146.34	146.39333333333335	146.28666666666666	146.44666666666666	146.14	146.2	146.20666666666668	146.34	146.51333333333332	146.44666666666666	146.43333333333334	146.28666666666666	146.48	146.33333333333334	146.27333333333334	146.26	146.26	146.19333333333333	145.98	145.66	144.68666666666667	141.9	132.70666666666668	0.0
0.0	132.38	141.82666666666665	144.18	145.40666666666667	145.74666666666667	145.95333333333335	146.00666666666666	146.13333333333333	146.06666666666666	146.14	145.99333333333334	146.09333333333333	146.12	146.3	146.09333333333333	146.16666666666666	146.16666666666666	146.12	146.19333333333333	146.18666666666667	146.19333333333333	146.14	146.26	146.31333333333333	146.16666666666666	146.2	146.23333333333332	146.32	146.1	146.22	146.26	146.34666666666666	146.08666666666667	146.31333333333333	146.11333333333334	146.01333333333332	146.20666666666668	146.22666666666666	146.16	146.11333333333334	145.92666666666668	145.95333333333335	146.12666666666667	146.18	146.02	146.12	146.32	146.04	146.09333333333333	146.01333333333332	145.98	146.05333333333334	146.08666666666667	146.08666666666667	146.03333333333333	146.06	146.10666666666665	146.06	146.13333333333333	146.19333333333333	146.28	146.20666666666668	146.15333333333334	146.09333333333333	145.84	146.01333333333332	145.84666666666666	145.49333333333334	144.74666666666667	141.75333333333333	132.68666666666667	0.0
0.0	132.65333333333334	141.7	144.39333333333335	145.2	145.68666666666667	146.06666666666666	146.14	145.94666666666666	146.04666666666665	146.04	146.12666666666667	146.15333333333334	146.04	146.03333333333333	146.01333333333332	146.10666666666665	146.15333333333334	145.98	145.91333333333333	146.09333333333333	145.98666666666668	146.05333333333334	145.87333333333333	146.01333333333332	145.90666666666667	146.1	146.04666666666665	146.19333333333333	145.98	146.04	146.04	146.09333333333333	146.07333333333332	146.15333333333334	145.99333333333334	146.11333333333334	146.13333333333333	146.17333333333335	146.16666666666666	146.27333333333334	146.0	146.11333333333334	146.0	146.03333333333333	145.96	146.13333333333333	146.2	146.02	146.18	146.12	146.10666666666665	146.16	145.94666666666666	146.09333333333333	146.04666666666665	145.99333333333334	146.02666666666667	146.02	146.04	146.1	146.06666666666666	146.13333333333333	146.14666666666668	146.11333333333334	146.02	146.02666666666667	145.74	145.25333333333333	144.38	141.8	132.61333333333334	0.0
0.0	133.24666666666667	141.85333333333332	144.38666666666666	145.60666666666665	145.97333333333333	146.11333333333334	146.08	146.12666666666667	146.19333333333333	146.28	145.99333333333334	146.27333333333334	146.34	146.32	146.24666666666667	146.10666666666665	146.15333333333334	146.18666666666667	146.06	146.03333333333333	146.12666666666667	146.20666666666668	146.23333333333332	146.36666666666667	146.36666666666667	146.31333333333333	146.41333333333333	146.38666666666666	146.16666666666666	146.04	146.19333333333333	146.26	146.44666666666666	146.44	146.3	146.18666666666667	146.38	146.36666666666667	146.16666666666666	146.26	146.32	146.37333333333333	146.22	146.32666666666665	146.11333333333334	146.16666666666666	146.26	146.28	146.34666666666666	146.5	146.31333333333333	146.21333333333334	146.19333333333333	146.2	146.39333333333335	146.29333333333332	146.28666666666666	146.31333333333333	146.24666666666667	146.34666666666666	146.25333333333333	146.26666666666668	146.15333333333334	146.19333333333333	146.03333333333333	145.93333333333334	145.83333333333334	145.36666666666667	144.32666666666665	141.71333333333334	132.54666666666665	0.0
0.0	132.59333333333333	141.59333333333333	144.22	145.14	145.68	145.87333333333333	145.75333333333333	145.81333333333333	146.05333333333334	145.73333333333332	145.91333333333333	145.86666666666667	145.91333333333333	146.12666666666667	145.98666666666668	145.85333333333332	146.02666666666667	145.9	145.95333333333335	146.01333333333332	146.08666666666667	146.08	146.26	146.18	146.06	146.16666666666666	146.08666666666667	146.06666666666666	145.98666666666668	146.04	146.08	145.88666666666666	146.12666666666667	146.14666666666668	146.10666666666665	146.05333333333334	145.89333333333335	145.82666666666665	145.93333333333334	146.09333333333333	146.02	146.01333333333332	146.05333333333334	146.22666666666666	146.24666666666667	146.09333333333333	146.24	145.99333333333334	146.08666666666667	145.76	145.89333333333335	145.98	145.94666666666666	145.96	145.96666666666667	145.96	146.08	145.86666666666667	146.02666666666667	145.95333333333335	145.97333333333333	145.9	146.09333333333333	145.96	145.68	145.83333333333334	145.70666666666668	145.31333333333333	144.48666666666668	141.74	132.95333333333335	0.0
0.0	132.44666666666666	141.54666666666665	144.48666666666668	145.56666666666666	145.88	146.08	146.28	146.17333333333335	146.2	146.51333333333332	146.51333333333332	146.31333333333333	146.28	146.24	146.30666666666667	146.34	146.22	146.26	146.25333333333333	146.31333333333333	146.06	146.22666666666666	146.12666666666667	146.38666666666666	146.4	146.35333333333332	146.45333333333335	146.38666666666666	146.34	146.29333333333332	146.35333333333332	146.26	146.34	146.24	146.48	146.44666666666666	146.47333333333333	146.48	146.34	146.28	146.35333333333332	146.39333333333335	146.36	146.12	146.38	146.32666666666665	146.29333333333332	146.39333333333335	146.41333333333333	146.34666666666666	146.46	146.28666666666666	146.26	146.22666666666666	146.36666666666667	146.35333333333332	146.24	146.42	146.19333333333333	146.40666666666667	146.28666666666666	146.21333333333334	146.30666666666667	146.17333333333335	146.27333333333334	146.02	145.92666666666668	145.58666666666667	144.4	141.36666666666667	132.20666666666668	0.0
0.0	132.56666666666666	141.86666666666667	144.43333333333334	145.36666666666667	145.87333333333333	146.10666666666665	146.07333333333332	146.2	146.17333333333335	146.16	146.1	146.04	146.19333333333333	146.28	146.13333333333333	146.08	146.12	146.22	146.36666666666667	146.37333333333333	146.30666666666667	146.12	146.13333333333333	146.05333333333334	146.12	146.2	146.00666666666666	146.28	146.08666666666667	146.10666666666665	146.2	146.16	146.16	146.12666666666667	146.18666666666667	146.36666666666667	146.28	146.21333333333334	146.14666666666668	146.23333333333332	146.19333333333333	146.16666666666666	146.05333333333334	146.14666666666668	146.2	146.24666666666667	146.14666666666668	146.14	146.10666666666665	146.05333333333334	146.14666666666668	146.32	146.22	146.17333333333335	146.32666666666665	146.15333333333334	146.25333333333333	146.32666666666665	146.18	146.20666666666668	146.17333333333335	145.92	146.11333333333334	146.10666666666665	146.02	145.98666666666668	145.87333333333333	145.43333333333334	144.26666666666668	141.72666666666666	132.58666666666667	0.0
0.0	132.62	141.82	144.30666666666667	145.54666666666665	145.83333333333334	146.08666666666667	146.02	146.22	145.99333333333334	146.07333333333332	146.18	146.16666666666666	146.24	146.07333333333332	146.17333333333335	146.16	146.14	146.14666666666668	146.15333333333334	146.16	146.05333333333334	146.12666666666667	146.11333333333334	146.13333333333333	146.24666666666667	146.12	146.11333333333334	146.13333333333333	146.2	145.98666666666668	146.16666666666666	146.22666666666666	146.17333333333335	146.23333333333332	146.09333333333333	146.04666666666665	146.32666666666665	146.13333333333333	146.18666666666667	146.24666666666667	146.10666666666665	146.22	146.28666666666666	146.2	146.13333333333333	146.18	146.13333333333333	146.08	146.14666666666668	146.05333333333334	145.96666666666667	146.15333333333334	146.16666666666666	146.19333333333333	146.10666666666665	145.95333333333335	146.15333333333334	146.24666666666667	146.34	146.18666666666667	146.26666666666668	146.26666666666668	145.99333333333334	145.96666666666667	145.95333333333335	145.89333333333335	145.69333333333333	145.44666666666666	144.3	141.74	132.49333333333334	0.0
0.0	132.40666666666667	142.06666666666666	144.26	145.22666666666666	145.63333333333333	146.03333333333333	146.10666666666665	146.16	146.10666666666665	146.08	146.08666666666667	145.97333333333333	146.13333333333333	146.14	146.28	146.2	146.04666666666665	146.10666666666665	146.17333333333335	146.18	146.17333333333335	146.30666666666667	146.08666666666667	145.96	145.97333333333333	146.14	145.94666666666666	146.04666666666665	146.16666666666666	146.22666666666666	145.97333333333333	146.2	146.18666666666667	146.07333333333332	146.15333333333334	146.19333333333333	146.41333333333333	146.14666666666668	146.07333333333332	146.22	146.28	146.22666666666666	146.24666666666667	146.28	146.06	145.98	145.96666666666667	146.13333333333333	146.12666666666667	146.13333333333333	146.16666666666666	146.15333333333334	146.24	146.29333333333332	146.22	146.30666666666667	146.27333333333334	146.28	146.26666666666668	146.15333333333334	146.23333333333332	146.38	146.07333333333332	146.23333333333332	146.1	145.88	145.73333333333332	145.27333333333334	144.38	141.66	132.13333333333333	0.0
0.0	132.98666666666668	141.62666666666667	144.25333333333333	145.33333333333334	145.66666666666666	145.97333333333333	146.08	146.12	146.07333333333332	146.0	146.14	146.10666666666665	146.17333333333335	146.08666666666667	146.42666666666668	146.08666666666667	146.08	146.26	146.11333333333334	145.97333333333333	146.1	146.06	146.22	146.28666666666666	146.1	146.15333333333334	146.34666666666666	146.04	145.98666666666668	146.04	146.06	146.03333333333333	146.15333333333334	146.22	146.21333333333334	146.06	145.89333333333335	146.04	146.16666666666666	146.01333333333332	146.02666666666667	146.14666666666668	146.04	145.9	145.95333333333335	146.04666666666665	146.10666666666665	146.02	146.20666666666668	145.88	146.2	145.93333333333334	145.88666666666666	146.02666666666667	146.12	145.96666666666667	146.10666666666665	146.13333333333333	146.2	146.27333333333334	146.16666666666666	146.21333333333334	146.06	145.84666666666666	145.9	145.84666666666666	145.72666666666666	145.17333333333335	144.4	141.81333333333333	132.57333333333332	0.0
0.0	132.76	141.95333333333335	144.41333333333333	145.41333333333333	145.82666666666665	146.09333333333333	146.19333333333333	146.26666666666668	146.16666666666666	146.26	146.34	146.28666666666666	146.07333333333332	146.26	146.23333333333332	146.3	146.41333333333333	146.34	146.34	146.35333333333332	146.4	146.22	146.45333333333335	146.32	146.26	146.28	146.24	146.44666666666666	146.36666666666667	146.32	146.29333333333332	146.26666666666668	146.37333333333333	146.28	146.02	146.29333333333332	146.35333333333332	146.36	146.32	146.48666666666668	146.41333333333333	146.39333333333335	146.22	146.26666666666668	146.22	146.28	146.22666666666666	146.36666666666667	146.39333333333335	146.35333333333332	146.20666666666668	146.11333333333334	146.27333333333334	146.29333333333332	146.18666666666667	146.2	146.21333333333334	146.38666666666666	146.23333333333332	146.15333333333334	146.38666666666666	146.22	146.36	146.30666666666667	146.00666666666666	145.97333333333333	146.05333333333334	145.41333333333333	144.42666666666668	141.67333333333335	132.42666666666668	0.0
0.0	132.86	142.0	144.52	145.32666666666665	145.74	145.71333333333334	146.06666666666666	146.05333333333334	145.96666666666667	146.08666666666667	146.10666666666665	146.18666666666667	146.1	146.2	146.00666666666666	145.96666666666667	146.04	145.92	146.18	146.08	146.11333333333334	146.10666666666665	146.12	146.14	146.22	146.13333333333333	146.2	146.05333333333334	145.88666666666666	145.98	146.04666666666665	146.28666666666666	146.26666666666668	146.30666666666667	146.25333333333333	146.31333333333333	146.21333333333334	146.12666666666667	146.15333333333334	146.19333333333333	146.12666666666667	146.22666666666666	146.13333333333333	145.88666666666666	146.01333333333332	146.09333333333333	146.03333333333333	146.04666666666665	146.00666666666666	146.08666666666667	145.98	145.92	146.06	146.26	146.09333333333333	146.17333333333335	146.04666666666665	146.07333333333332	146.14	146.06666666666666	145.98	145.95333333333335	146.14	146.08666666666667	146.08	145.88666666666666	145.72666666666666	145.15333333333334	144.46	141.32666666666665	132.77333333333334	0.0
0.0	132.56666666666666	141.46	144.32	145.46666666666667	145.72666666666666	146.05333333333334	146.2	146.48	146.3	146.14	146.04	146.12	146.23333333333332	146.22	146.14	146.22666666666666	146.33333333333334	146.32	146.29333333333332	146.17333333333335	146.33333333333334	146.04	146.38666666666666	146.20666666666668	146.30666666666667	146.3	146.20666666666668	146.18666666666667	146.24	146.13333333333333	146.22	146.21333333333334	146.23333333333332	146.20666666666668	146.22	146.28	146.46	146.38666666666666	146.26	146.28	146.14	146.16666666666666	146.08	146.20666666666668	146.43333333333334	146.28	146.34	146.21333333333334	146.14	146.1	146.19333333333333	146.28666666666666	146.14	146.12666666666667	146.15333333333334	146.20666666666668	146.08	146.07333333333332	146.2	146.3	146.29333333333332	146.11333333333334	146.10666666666665	145.97333333333333	146.06	146.02666666666667	145.98	145.35333333333332	144.46666666666667	141.72	132.68	0.0
0.0	132.63333333333333	141.71333333333334	144.42666666666668	145.35333333333332	145.82666666666665	146.03333333333333	146.16666666666666	145.96	146.13333333333333	146.06666666666666	145.96666666666667	146.14	146.06666666666666	146.11333333333334	146.10666666666665	146.16	146.06	146.05333333333334	146.13333333333333	146.08666666666667	146.15333333333334	146.04666666666665	146.0	146.16	146.18666666666667	146.08	146.11333333333334	146.13333333333333	146.02	146.07333333333332	146.08	146.20666666666668	146.06666666666666	146.00666666666666	146.1	146.24	146.05333333333334	146.07333333333332	146.1	146.02666666666667	145.87333333333333	145.94666666666666	146.15333333333334	146.19333333333333	146.34	146.03333333333333	146.27333333333334	146.21333333333334	146.12	146.17333333333335	146.32666666666665	146.10666666666665	146.13333333333333	146.16666666666666	146.01333333333332	146.0	146.16666666666666	146.07333333333332	145.98	146.11333333333334	145.92	146.03333333333333	145.87333333333333	145.90666666666667	145.8	145.76666666666668	145.56	145.17333333333335	144.23333333333332	141.54	132.6	0.0
0.0	132.8	141.67333333333335	144.44666666666666	145.40666666666667	145.73333333333332	146.02	146.27333333333334	146.3	146.36666666666667	146.20666666666668	146.2	146.18	146.06	146.12	146.30666666666667	146.18666666666667	146.3	146.33333333333334	146.27333333333334	146.24666666666667	146.18	146.19333333333333	146.15333333333334	146.19333333333333	146.15333333333334	146.22666666666666	146.38	146.33333333333334	146.08666666666667	146.10666666666665	146.22666666666666	146.18	146.19333333333333	146.32	146.28666666666666	146.24	146.18	146.22666666666666	146.18	146.26666666666668	145.95333333333335	146.16	146.28666666666666	146.29333333333332	146.08	146.28	146.24666666666667	146.30666666666667	146.32666666666665	146.22	146.26	146.23333333333332	146.13333333333333	146.29333333333332	146.16666666666666	146.34	146.28666666666666	146.22666666666666	146.26	146.12666666666667	146.34666666666666	146.22	146.40666666666667	146.29333333333332	146.06666666666666	146.16666666666666	145.93333333333334	145.56	144.56	141.95333333333335	132.42666666666668	0.0
0.0	132.41333333333333	141.66666666666666	144.35333333333332	145.37333333333333	145.76666666666668	146.02666666666667	146.11333333333334	146.03333333333333	145.95333333333335	146.06	146.02666666666667	146.12	146.1	145.79333333333332	145.94666666666666	145.92	145.9	146.02666666666667	145.84666666666666	146.0	145.98	145.98	146.0	145.87333333333333	145.94666666666666	145.99333333333334	145.89333333333335	145.92666666666668	145.84666666666666	146.1	145.99333333333334	145.87333333333333	146.02	145.84	145.92666666666668	145.78666666666666	146.09333333333333	146.10666666666665	145.96	146.00666666666666	146.04666666666665	145.87333333333333	145.86666666666667	145.79333333333332	145.96	145.84	145.96	146.02	146.10666666666665	146.0	145.93333333333334	145.78666666666666	145.96666666666667	146.11333333333334	145.94666666666666	146.00666666666666	145.92666666666668	145.91333333333333	146.0	146.11333333333334	145.85333333333332	145.87333333333333	145.78	145.70666666666668	145.66	145.80666666666667	145.54	145.16	144.41333333333333	141.62666666666667	132.60666666666665	0.0
0.0	133.12	142.02	144.51333333333332	145.45333333333335	146.02666666666667	146.15333333333334	146.26	146.31333333333333	146.14666666666668	146.19333333333333	146.21333333333334	146.11333333333334	146.17333333333335	146.24	146.31333333333333	146.31333333333333	146.16	146.25333333333333	146.26666666666668	146.36666666666667	146.16	146.24666666666667	146.36	146.30666666666667	146.23333333333332	146.38666666666666	146.16666666666666	146.26	146.14	146.42	146.20666666666668	146.26	146.22	146.11333333333334	146.14666666666668	146.32666666666665	146.44666666666666	146.48	146.38666666666666	146.31333333333333	146.22666666666666	146.03333333333333	146.26666666666668	146.22	146.08666666666667	146.18	146.18	146.12666666666667	146.27333333333334	146.15333333333334	146.16	146.27333333333334	146.18666666666667	146.11333333333334	146.08666666666667	146.26666666666668	146.16	146.47333333333333	146.09333333333333	146.20666666666668	146.1	146.10666666666665	146.3	146.33333333333334	146.1	146.04	145.8	145.42	144.4	141.73333333333332	132.56	0.0
0.0	132.31333333333333	141.98	144.48666666666668	145.26	145.76666666666668	145.86	146.04	146.05333333333334	146.02666666666667	146.14	146.05333333333334	146.15333333333334	145.99333333333334	146.04	145.87333333333333	146.26	146.22	146.18	146.04666666666665	145.96666666666667	146.05333333333334	146.14666666666668	146.08	146.04	146.23333333333332	146.06666666666666	146.16666666666666	146.07333333333332	146.11333333333334	146.06666666666666	146.19333333333333	146.17333333333335	146.05333333333334	146.1	146.08	146.25333333333333	146.22	146.23333333333332	146.05333333333334	145.99333333333334	146.07333333333332	146.11333333333334	146.18	146.10666666666665	146.17333333333335	146.26666666666668	146.19333333333333	146.0	146.19333333333333	146.09333333333333	146.04	145.94	146.21333333333334	146.02	146.13333333333333	146.04	146.18	146.3	146.13333333333333	146.07333333333332	146.14666666666668	146.08666666666667	145.98666666666668	146.02	145.99333333333334	145.96	145.88	145.5	144.5	141.76	132.45333333333335	0.0
0.0	132.80666666666667	141.88	144.55333333333334	145.42666666666668	145.77333333333334	146.12	146.37333333333333	146.26666666666668	146.26	146.2	146.11333333333334	146.4	146.27333333333334	146.48	146.4	146.53333333333333	146.37333333333333	146.4	146.33333333333334	146.24666666666667	146.41333333333333	146.40666666666667	146.36666666666667	146.22	146.17333333333335	146.18	146.34	146.22666666666666	146.30666666666667	146.28	146.34666666666666	146.32666666666665	146.25333333333333	146.51333333333332	146.46666666666667	146.35333333333332	146.12666666666667	146.18	146.24666666666667	146.32	146.31333333333333	146.42666666666668	146.16666666666666	146.30666666666667	146.36666666666667	146.32666666666665	146.33333333333334	146.36666666666667	146.49333333333334	146.34666666666666	146.26666666666668	146.29333333333332	146.2	146.26666666666668	146.36	146.38666666666666	146.24	146.27333333333334	146.4	146.26	146.24	146.28666666666666	146.12	146.27333333333334	146.18666666666667	145.95333333333335	145.86	145.40666666666667	144.49333333333334	141.86666666666667	132.63333333333333	0.0
0.0	132.46666666666667	141.3	144.30666666666667	145.28	145.68666666666667	145.78666666666666	145.94	145.95333333333335	145.96666666666667	146.07333333333332	146.06666666666666	146.09333333333333	145.89333333333335	145.99333333333334	145.98	146.11333333333334	146.06666666666666	145.98	146.03333333333333	146.07333333333332	145.97333333333333	146.1	146.0	145.97333333333333	145.86	145.97333333333333	146.00666666666666	146.02666666666667	145.97333333333333	145.98	145.86666666666667	146.18	145.93333333333334	145.98666666666668	146.02666666666667	146.14	145.92	145.92	145.95333333333335	145.86666666666667	145.84666666666666	146.06666666666666	145.98666666666668	146.0	145.96666666666667	145.92	146.12	145.96	146.02	145.91333333333333	145.94	145.96666666666667	146.05333333333334	146.05333333333334	145.83333333333334	146.11333333333334	145.92666666666668	145.86	145.88	145.94	145.95333333333335	145.96666666666667	146.08666666666667	145.75333333333333	145.83333333333334	145.67333333333335	145.61333333333334	145.38666666666666	144.56666666666666	142.02	133.0	0.0
0.0	132.21333333333334	141.75333333333333	144.44	145.5	145.82666666666665	146.04666666666665	146.12666666666667	146.13333333333333	146.16666666666666	146.33333333333334	146.23333333333332	146.21333333333334	146.26	146.39333333333335	146.26	146.51333333333332	146.37333333333333	146.39333333333335	146.27333333333334	146.11333333333334	146.34666666666666	146.30666666666667	146.33333333333334	146.30666666666667	146.23333333333332	146.25333333333333	146.25333333333333	146.16666666666666	146.16666666666666	146.22	146.32	146.24666666666667	146.26666666666668	146.28666666666666	146.18666666666667	146.12	146.22666666666666	146.26	146.22666666666666	146.18	146.18666666666667	146.13333333333333	146.26	146.29333333333332	146.39333333333335	146.10666666666665	146.20666666666668	146.17333333333335	146.21333333333334	146.13333333333333	146.34	146.26666666666668	146.32	146.28666666666666	146.18	146.32	146.18	146.30666666666667	146.18	146.2	146.12	146.38	146.1	146.27333333333334	146.11333333333334	146.08666666666667	146.04	145.61333333333334	144.64	141.85333333333332	132.45333333333335	0.0
0.0	132.41333333333333	141.93333333333334	144.67333333333335	145.6	145.91333333333333	146.08666666666667	146.23333333333332	146.24666666666667	146.16666666666666	146.24666666666667	146.32	146.12666666666667	146.12	146.28	146.16	146.52	146.34666666666666	146.28	146.26	146.34	146.45333333333335	146.36	146.28666666666666	146.41333333333333	146.22	146.4	146.44	146.40666666666667	146.46666666666667	146.36666666666667	146.12666666666667	146.28	146.24666666666667	146.42666666666668	146.27333333333334	146.38	146.22	146.39333333333335	146.34	146.27333333333334	146.45333333333335	146.24	146.31333333333333	146.29333333333332	146.33333333333334	146.2	146.24	146.32	146.26	146.30666666666667	146.26	146.31333333333333	146.37333333333333	146.18	146.28666666666666	146.19333333333333	146.34	146.3	146.38	146.28666666666666	146.41333333333333	146.38666666666666	146.32	146.28666666666666	146.04	146.17333333333335	145.97333333333333	145.59333333333333	144.57333333333332	141.67333333333335	132.5	0.0
0.0	132.54666666666665	141.93333333333334	144.75333333333333	145.54	145.81333333333333	145.89333333333335	145.98	145.89333333333335	146.13333333333333	146.11333333333334	146.2	146.18666666666667	146.2	146.18666666666667	146.09333333333333	146.07333333333332	146.23333333333332	146.16	146.0	146.09333333333333	146.24666666666667	146.2	146.16	146.14	146.13333333333333	146.38666666666666	146.24666666666667	146.16666666666666	146.11333333333334	146.18666666666667	146.3	146.32	146.22666666666666	146.20666666666668	146.21333333333334	146.14	146.23333333333332	146.31333333333333	146.23333333333332	146.24666666666667	146.29333333333332	146.30666666666667	146.28666666666666	146.16	146.18666666666667	146.14	146.25333333333333	146.3	146.40666666666667	146.22	146.12	146.22666666666666	146.22	146.23333333333332	146.16	146.12	146.19333333333333	146.10666666666665	146.26	146.26	146.42666666666668	146.22	146.33333333333334	146.25333333333333	146.0	146.04	145.84666666666666	145.57333333333332	144.48	142.08666666666667	132.63333333333333	0.0
0.0	132.85333333333332	141.78	144.51333333333332	145.32	145.74666666666667	145.93333333333334	146.04	146.11333333333334	146.07333333333332	146.19333333333333	146.22666666666666	146.04	146.10666666666665	146.12666666666667	146.22	146.3	146.04	146.08	146.23333333333332	146.20666666666668	146.24666666666667	145.97333333333333	146.08666666666667	145.92666666666668	146.00666666666666	146.14	146.13333333333333	146.09333333333333	146.09333333333333	146.25333333333333	146.16	146.10666666666665	146.15333333333334	146.06666666666666	146.1	146.12	146.16666666666666	146.16	146.05333333333334	146.07333333333332	146.0	146.0	146.24	146.26666666666668	146.27333333333334	146.05333333333334	146.21333333333334	146.13333333333333	146.23333333333332	146.08666666666667	146.20666666666668	146.30666666666667	146.38	146.11333333333334	146.26666666666668	146.17333333333335	146.28666666666666	146.34	146.46666666666667	146.24	146.16666666666666	146.17333333333335	146.22666666666666	146.10666666666665	146.04666666666665	146.08	145.81333333333333	145.43333333333334	144.32666666666665	141.79333333333332	132.77333333333334	0.0
0.0	132.68	141.76666666666668	144.31333333333333	145.57333333333332	145.77333333333334	145.97333333333333	145.84	146.14	146.18	146.25333333333333	146.01333333333332	145.93333333333334	145.88666666666666	145.92	146.14	145.95333333333335	146.0	145.96666666666667	146.05333333333334	146.2	146.05333333333334	145.94	146.15333333333334	146.02	146.04666666666665	146.02	146.04	146.05333333333334	145.98666666666668	146.08666666666667	146.07333333333332	146.23333333333332	146.07333333333332	145.98666666666668	146.13333333333333	146.21333333333334	146.18	146.16	146.19333333333333	146.00666666666666	146.10666666666665	146.35333333333332	146.12666666666667	146.18666666666667	146.09333333333333	146.14	146.05333333333334	146.25333333333333	146.05333333333334	146.18666666666667	146.1	146.08	145.95333333333335	146.11333333333334	146.02666666666667	145.92666666666668	146.12	146.14666666666668	146.15333333333334	146.07333333333332	146.11333333333334	146.05333333333334	146.12666666666667	146.32	146.0	145.94666666666666	145.78	145.20666666666668	144.33333333333334	141.49333333333334	132.44666666666666	0.0
0.0	132.61333333333334	141.88666666666666	144.51333333333332	145.4	145.86666666666667	146.24666666666667	146.30666666666667	146.37333333333333	146.27333333333334	146.34	146.19333333333333	146.16	146.16	146.35333333333332	146.24666666666667	146.26666666666668	146.14666666666668	146.32	146.23333333333332	146.19333333333333	146.14	146.24	146.13333333333333	146.10666666666665	146.28	146.27333333333334	146.26666666666668	146.34666666666666	146.41333333333333	146.37333333333333	146.37333333333333	146.3	146.31333333333333	146.27333333333334	146.26	146.36	146.19333333333333	146.22	146.46	146.30666666666667	146.38666666666666	146.38	146.35333333333332	146.19333333333333	146.16	146.32	146.20666666666668	146.41333333333333	146.27333333333334	146.18666666666667	146.32	146.22666666666666	146.23333333333332	146.25333333333333	146.11333333333334	146.17333333333335	146.24666666666667	146.27333333333334	146.34	146.21333333333334	146.38666666666666	146.38666666666666	146.42666666666668	146.38666666666666	146.18	146.14666666666668	146.04666666666665	145.53333333333333	144.6	141.68	132.54	0.0
0.0	132.58666666666667	141.61333333333334	144.68666666666667	145.52	145.78666666666666	146.12666666666667	146.23333333333332	146.21333333333334	146.37333333333333	146.23333333333332	146.47333333333333	146.28	146.37333333333333	146.40666666666667	146.21333333333334	146.37333333333333	146.36	146.4	146.55333333333334	146.37333333333333	146.45333333333335	146.28666666666666	146.25333333333333	146.5	146.35333333333332	146.34	146.26	146.18666666666667	146.26666666666668	146.15333333333334	146.27333333333334	146.44	146.44	146.28666666666666	146.38666666666666	146.51333333333332	146.4	146.39333333333335	146.35333333333332	146.29333333333332	146.22666666666666	146.28666666666666	146.38666666666666	146.16	146.42666666666668	146.31333333333333	146.28	146.42666666666668	146.24666666666667	146.48666666666668	146.46	146.38	146.37333333333333	146.34666666666666	146.34	146.42666666666668	146.26	146.4	146.46	146.32666666666665	146.32666666666665	146.38	146.55333333333334	146.43333333333334	146.14666666666668	146.04	145.98666666666668	145.54	144.55333333333334	141.88	132.43333333333334	0.0
0.0	132.58666666666667	141.85333333333332	144.18	145.36666666666667	145.69333333333333	145.84	145.89333333333335	145.97333333333333	145.91333333333333	146.06	146.18666666666667	146.17333333333335	146.07333333333332	146.30666666666667	146.31333333333333	146.21333333333334	146.15333333333334	146.23333333333332	146.04	146.27333333333334	146.39333333333335	146.04666666666665	146.13333333333333	146.22666666666666	146.17333333333335	146.12666666666667	146.21333333333334	146.16666666666666	146.01333333333332	146.2	146.1	146.08	146.17333333333335	146.20666666666668	146.19333333333333	146.18	146.22666666666666	146.3	146.14	146.06	146.12	146.02666666666667	146.14	146.1	145.96	146.18666666666667	146.25333333333333	146.2	146.13333333333333	146.09333333333333	146.01333333333332	146.1	146.16	146.26666666666668	146.14	146.13333333333333	146.06666666666666	146.12	146.23333333333332	146.18	146.16	146.22	146.02666666666667	146.00666666666666	145.98666666666668	146.02	145.90666666666667	145.43333333333334	144.45333333333335	141.8	132.59333333333333	0.0
0.0	132.93333333333334	141.86	144.68666666666667	145.46	146.07333333333332	145.88666666666666	146.08666666666667	146.04666666666665	146.14	146.24	146.11333333333334	146.07333333333332	146.05333333333334	146.04666666666665	146.0	146.02666666666667	146.14	146.24666666666667	145.96666666666667	146.23333333333332	146.1	146.06666666666666	146.09333333333333	146.1	146.41333333333333	146.28	146.26666666666668	146.39333333333335	146.20666666666668	146.15333333333334	146.18666666666667	146.32	146.22666666666666	146.24666666666667	146.22	146.27333333333334	146.04	145.93333333333334	146.17333333333335	146.09333333333333	146.12666666666667	146.24	146.11333333333334	146.26666666666668	146.20666666666668	146.2	146.01333333333332	146.17333333333335	146.20666666666668	146.04666666666665	146.00666666666666	146.25333333333333	146.35333333333332	146.14	146.02666666666667	146.16666666666666	146.14	146.16666666666666	146.16666666666666	146.14666666666668	146.16	146.13333333333333	146.16666666666666	146.29333333333332	146.05333333333334	145.88	145.82666666666665	145.38666666666666	144.36666666666667	141.8	132.42	0.0
0.0	132.24	141.62666666666667	144.28	145.42666666666668	145.92	145.96666666666667	145.94	146.16666666666666	146.20666666666668	146.24	146.02	146.08	146.06	146.14	146.14666666666668	146.12666666666667	146.03333333333333	146.33333333333334	146.14666666666668	146.14666666666668	146.17333333333335	146.13333333333333	146.18666666666667	146.14666666666668	146.18666666666667	146.24	146.29333333333332	146.16666666666666	146.44	146.26666666666668	146.25333333333333	146.32	146.31333333333333	146.21333333333334	146.23333333333332	146.26666666666668	146.34	146.42	146.46	146.40666666666667	146.28	146.27333333333334	146.10666666666665	146.24	146.20666666666668	146.22	146.27333333333334	146.27333333333334	146.3	146.14666666666668	146.26	146.18666666666667	146.21333333333334	146.18666666666667	146.13333333333333	146.11333333333334	146.25333333333333	146.35333333333332	146.16666666666666	146.22666666666666	146.14666666666668	146.15333333333334	146.26666666666668	146.17333333333335	146.08	146.0	145.72	145.38	144.54666666666665	141.86	132.42666666666668	0.0
0.0	132.44	141.56666666666666	144.1	145.41333333333333	145.72	146.04666666666665	146.17333333333335	146.22	146.2	146.06	146.16	146.46	146.36666666666667	146.33333333333334	146.08	146.25333333333333	146.18666666666667	146.06	146.06666666666666	146.18	146.19333333333333	146.14666666666668	146.10666666666665	146.21333333333334	146.17333333333335	146.27333333333334	146.23333333333332	146.10666666666665	146.24666666666667	146.22	146.24	146.24666666666667	146.16666666666666	146.34666666666666	146.16666666666666	146.32666666666665	146.32666666666665	146.12	146.10666666666665	146.27333333333334	146.18666666666667	146.17333333333335	146.2	146.17333333333335	146.21333333333334	146.26666666666668	146.29333333333332	146.22	146.20666666666668	146.28	146.18666666666667	146.17333333333335	146.14	146.22	146.28666666666666	146.18666666666667	146.34666666666666	146.18666666666667	146.28	146.4	146.36	146.12	146.04	146.17333333333335	146.18	146.12	145.82	145.41333333333333	144.34	141.82	132.54666666666665	0.0
0.0	132.48666666666668	141.62666666666667	144.34666666666666	145.38	145.90666666666667	146.10666666666665	146.13333333333333	146.08666666666667	146.10666666666665	146.14666666666668	146.0	146.11333333333334	146.17333333333335	146.19333333333333	146.18666666666667	146.17333333333335	146.24	146.24666666666667	146.16	146.1	146.28666666666666	146.12	146.06666666666666	146.19333333333333	146.18	146.16666666666666	146.13333333333333	146.12666666666667	146.13333333333333	146.28	146.12666666666667	146.20666666666668	146.17333333333335	146.22	146.05333333333334	146.01333333333332	146.3	146.02	146.25333333333333	146.18	146.21333333333334	146.26666666666668	146.32666666666665	146.15333333333334	146.18	146.22	146.28666666666666	146.05333333333334	146.14	145.96	145.98666666666668	146.16666666666666	146.16666666666666	146.16666666666666	146.24	146.13333333333333	146.15333333333334	146.15333333333334	146.12666666666667	146.30666666666667	146.18	146.20666666666668	145.99333333333334	146.16	146.04666666666665	146.04666666666665	145.94666666666666	145.29333333333332	144.44666666666666	141.82666666666665	132.68	0.0
0.0	132.74	141.56	144.58	145.48	145.8	146.12	146.0	146.18	146.2	146.22666666666666	146.28666666666666	146.32666666666665	146.31333333333333	146.14	146.21333333333334	146.22	146.28666666666666	146.14666666666668	146.14	146.22	146.18	146.3	146.43333333333334	146.43333333333334	146.33333333333334	146.22	146.34666666666666	146.34	146.34	146.40666666666667	146.25333333333333	146.20666666666668	146.20666666666668	146.24	146.35333333333332	146.36	146.3	146.35333333333332	146.28666666666666	146.12666666666667	146.36666666666667	146.33333333333334	146.36	146.36666666666667	146.45333333333335	146.28666666666666	146.09333333333333	146.12	146.12	146.26	146.28	146.32666666666665	146.2	146.28	146.28	146.33333333333334	146.27333333333334	146.23333333333332	146.44	146.21333333333334	146.16	146.51333333333332	146.38666666666666	146.27333333333334	146.17333333333335	146.20666666666668	145.88	145.40666666666667	144.5	141.92666666666668	132.48666666666668	0.0
0.0	132.48666666666668	141.45333333333335	144.06666666666666	145.19333333333333	145.73333333333332	146.14666666666668	146.24	146.13333333333333	146.27333333333334	146.14666666666668	146.06	146.04666666666665	145.99333333333334	145.97333333333333	146.06	146.14666666666668	146.01333333333332	145.99333333333334	146.15333333333334	146.16666666666666	146.20666666666668	146.25333333333333	146.2	146.18	146.30666666666667	146.26666666666668	146.16666666666666	146.16	145.93333333333334	146.15333333333334	146.18	146.14666666666668	146.1	146.02	146.24666666666667	146.14666666666668	146.07333333333332	146.03333333333333	146.19333333333333	146.12666666666667	146.15333333333334	146.18666666666667	146.34666666666666	146.18	145.92	146.22666666666666	146.14	145.92666666666668	146.06	145.84	146.14	146.1	146.04666666666665	146.16	146.25333333333333	146.35333333333332	146.08666666666667	146.16	146.23333333333332	146.29333333333332	146.01333333333332	146.28666666666666	146.24666666666667	146.03333333333333	146.02666666666667	146.04	145.72	145.33333333333334	144.12666666666667	141.46666666666667	132.68	0.0
0.0	132.57333333333332	141.96666666666667	144.62	145.55333333333334	146.0	146.21333333333334	146.29333333333332	146.32666666666665	146.38	146.32	146.41333333333333	146.42666666666668	146.39333333333335	146.38	146.34666666666666	146.26	146.26666666666668	146.6	146.44	146.54666666666665	146.37333333333333	146.25333333333333	146.28	146.28	146.3	146.28666666666666	146.46	146.33333333333334	146.44666666666666	146.54666666666665	146.41333333333333	146.43333333333334	146.28666666666666	146.54	146.37333333333333	146.32	146.31333333333333	146.38666666666666	146.25333333333333	146.14666666666668	146.34	146.36	146.38	146.45333333333335	146.32	146.4	146.14666666666668	146.29333333333332	146.42666666666668	146.44666666666666	146.38	146.52	146.43333333333334	146.40666666666667	146.22666666666666	146.3	146.36	146.44666666666666	146.5	146.32666666666665	146.22	146.34	146.28	146.22666666666666	146.28	146.24666666666667	146.04	145.56	144.63333333333333	141.83333333333334	132.84666666666666	0.0
0.0	132.86	141.99333333333334	144.59333333333333	145.82666666666665	146.06	146.35333333333332	146.26	146.32666666666665	146.36666666666667	146.32666666666665	146.36666666666667	146.36	146.47333333333333	146.33333333333334	146.48	146.37333333333333	146.45333333333335	146.44666666666666	146.34666666666666	146.3	146.50666666666666	146.44666666666666	146.48666666666668	146.58666666666667	146.43333333333334	146.3	146.28666666666666	146.33333333333334	146.32666666666665	146.48666666666668	146.46666666666667	146.08	146.46666666666667	146.47333333333333	146.5	146.30666666666667	146.34666666666666	146.34	146.40666666666667	146.48666666666668	146.44	146.5	146.45333333333335	146.35333333333332	146.60666666666665	146.44666666666666	146.52	146.50666666666666	146.36	146.49333333333334	146.34	146.40666666666667	146.56	146.38666666666666	146.33333333333334	146.4	146.41333333333333	146.45333333333335	146.42666666666668	146.42666666666668	146.61333333333334	146.46	146.44	146.43333333333334	146.52	146.14	146.09333333333333	145.63333333333333	144.70666666666668	142.04666666666665	132.63333333333333	0.0
0.0	132.64666666666668	141.61333333333334	144.49333333333334	145.63333333333333	145.78666666666666	146.11333333333334	146.31333333333333	146.27333333333334	146.32	146.21333333333334	146.24666666666667	146.34666666666666	146.34	146.26	146.45333333333335	146.45333333333335	146.04666666666665	146.15333333333334	146.33333333333334	146.19333333333333	146.14	146.12	146.11333333333334	146.14666666666668	146.02	146.15333333333334	146.16666666666666	146.29333333333332	146.26	146.18666666666667	146.15333333333334	146.42666666666668	146.28666666666666	146.17333333333335	146.25333333333333	146.34	146.27333333333334	146.13333333333333	146.21333333333334	146.32	146.39333333333335	146.22666666666666	146.26666666666668	146.17333333333335	146.32666666666665	146.18666666666667	146.39333333333335	146.48	146.25333333333333	146.24	146.21333333333334	146.22	146.23333333333332	146.30666666666667	146.36666666666667	146.17333333333335	146.24	146.28666666666666	146.23333333333332	146.1	146.12	145.94666666666666	146.08	146.02666666666667	146.1	145.97333333333333	145.74	145.51333333333332	144.42666666666668	141.82	132.65333333333334	0.0
0.0	132.61333333333334	141.83333333333334	144.55333333333334	145.36666666666667	145.7	146.10666666666665	146.04	146.1	146.12	146.07333333333332	146.24	146.32	146.36	146.22	146.28	146.20666666666668	146.28	146.32666666666665	146.16	146.19333333333333	146.24666666666667	146.03333333333333	146.17333333333335	146.23333333333332	146.14666666666668	146.06	146.0	146.23333333333332	146.01333333333332	146.25333333333333	146.25333333333333	146.19333333333333	146.00666666666666	146.22666666666666	146.22	146.19333333333333	146.13333333333333	146.28666666666666	146.24666666666667	146.08	146.1	146.24	146.18666666666667	145.98666666666668	146.12666666666667	146.12	145.97333333333333	146.04666666666665	146.04	146.10666666666665	146.08	146.00666666666666	146.26	146.21333333333334	146.16666666666666	146.18666666666667	146.20666666666668	146.31333333333333	146.42	146.32	146.32	146.12	146.12	146.03333333333333	146.14666666666668	146.08	145.84	145.38	144.14666666666668	141.89333333333335	132.89333333333335	0.0
0.0	133.04666666666665	141.92666666666668	144.46	145.28666666666666	145.74	145.78666666666666	146.02	146.21333333333334	146.02666666666667	146.07333333333332	146.05333333333334	146.09333333333333	146.1	145.95333333333335	146.12	146.16666666666666	145.93333333333334	146.13333333333333	146.09333333333333	146.30666666666667	146.3	146.28666666666666	146.26666666666668	146.12666666666667	146.08	146.23333333333332	146.32666666666665	146.25333333333333	146.07333333333332	146.09333333333333	146.28	146.18666666666667	146.23333333333332	146.06	146.09333333333333	146.17333333333335	146.18666666666667	146.05333333333334	146.24666666666667	146.05333333333334	146.27333333333334	146.16666666666666	146.06	146.12666666666667	146.10666666666665	146.13333333333333	146.17333333333335	146.20666666666668	146.02	146.07333333333332	146.22	146.08	146.22666666666666	146.08666666666667	146.12	146.04	146.20666666666668	146.21333333333334	146.24666666666667	146.30666666666667	146.06666666666666	145.86666666666667	145.96	146.0	145.98666666666668	145.96666666666667	145.81333333333333	145.45333333333335	144.24	141.73333333333332	132.65333333333334	0.0
0.0	132.42	141.62	144.47333333333333	145.32	145.84666666666666	145.91333333333333	146.14666666666668	146.17333333333335	146.07333333333332	146.28666666666666	146.18666666666667	146.32	146.17333333333335	146.02	146.32	146.09333333333333	146.26	146.24666666666667	146.17333333333335	146.2	146.18666666666667	146.1	146.22666666666666	146.06	146.29333333333332	146.07333333333332	146.23333333333332	146.26666666666668	146.18	146.34666666666666	146.16666666666666	146.21333333333334	146.21333333333334	146.08	146.12	146.11333333333334	146.07333333333332	146.05333333333334	146.34666666666666	146.3	146.24	146.2	146.14666666666668	146.14666666666668	146.14666666666668	146.19333333333333	146.24666666666667	146.01333333333332	146.07333333333332	146.32666666666665	146.15333333333334	146.2	146.16	146.17333333333335	146.05333333333334	146.22	146.28	146.08	146.17333333333335	146.18666666666667	146.13333333333333	146.25333333333333	146.08	146.22666666666666	146.03333333333333	146.17333333333335	145.91333333333333	145.61333333333334	144.5	141.64666666666668	132.53333333333333	0.0
0.0	132.76666666666668	141.9	144.59333333333333	145.57333333333332	145.9	146.12666666666667	146.07333333333332	145.99333333333334	146.2	146.26	146.18	146.3	146.21333333333334	146.08	146.16666666666666	146.12666666666667	146.21333333333334	146.26	146.38666666666666	146.36	146.32	146.18666666666667	146.16666666666666	146.27333333333334	146.46666666666667	146.32666666666665	146.18666666666667	146.26666666666668	146.15333333333334	146.08666666666667	146.14	146.16	146.34666666666666	146.12	146.05333333333334	146.21333333333334	146.39333333333335	146.32	146.34666666666666	146.33333333333334	146.25333333333333	146.33333333333334	146.36666666666667	146.36	146.41333333333333	146.35333333333332	146.57333333333332	146.55333333333334	146.26	146.12666666666667	146.18666666666667	146.32	146.25333333333333	146.39333333333335	146.40666666666667	146.08	146.01333333333332	146.18	146.24	146.08	146.3	146.22666666666666	146.18666666666667	146.18	146.28	146.12666666666667	145.92666666666668	145.51333333333332	144.5	141.71333333333334	132.30666666666667	0.0
0.0	132.89333333333335	141.56	144.15333333333334	145.19333333333333	145.83333333333334	145.98666666666668	145.96	146.23333333333332	146.09333333333333	146.10666666666665	146.33333333333334	146.28	146.34666666666666	146.18666666666667	146.32666666666665	146.26	146.23333333333332	146.34666666666666	146.24	146.28666666666666	146.24666666666667	146.29333333333332	146.22666666666666	146.14666666666668	146.36	146.07333333333332	146.12	146.05333333333334	146.14	146.20666666666668	146.31333333333333	146.26	146.16666666666666	146.3	146.14666666666668	146.04	146.14666666666668	146.14	146.24666666666667	146.12	146.23333333333332	146.16	146.03333333333333	146.08666666666667	146.16666666666666	146.23333333333332	146.26	146.24	146.38666666666666	146.19333333333333	146.23333333333332	146.31333333333333	146.16666666666666	146.08666666666667	146.33333333333334	146.33333333333334	146.24	146.32666666666665	146.06666666666666	146.21333333333334	146.23333333333332	146.12	146.14	146.23333333333332	146.18666666666667	146.06	145.80666666666667	145.42666666666668	144.5	141.68666666666667	132.98	0.0
0.0	133.10666666666665	142.03333333333333	144.66666666666666	145.46	145.78	146.16666666666666	146.27333333333334	146.19333333333333	146.29333333333332	146.32	146.48666666666668	146.21333333333334	146.36666666666667	146.14666666666668	146.36666666666667	146.28666666666666	146.22	146.16	146.16	146.16	146.19333333333333	146.18666666666667	146.3	146.08666666666667	145.96666666666667	146.2	146.25333333333333	146.0	146.14666666666668	146.26666666666668	146.06	146.40666666666667	146.14666666666668	146.26	146.2	146.39333333333335	146.3	146.06666666666666	146.11333333333334	146.30666666666667	146.18	146.22666666666666	146.3	146.12666666666667	146.34666666666666	146.46666666666667	146.25333333333333	146.12666666666667	146.14	146.38	146.4	146.3	146.22666666666666	146.17333333333335	146.26666666666668	146.35333333333332	146.16666666666666	146.29333333333332	146.20666666666668	146.26666666666668	146.05333333333334	146.46666666666667	146.40666666666667	146.22666666666666	146.17333333333335	146.09333333333333	145.98666666666668	145.55333333333334	144.46666666666667	141.56	132.80666666666667	0.0
0.0	132.59333333333333	141.59333333333333	144.42	145.4	145.76	145.84	146.17333333333335	146.09333333333333	145.98666666666668	146.18666666666667	146.28	145.99333333333334	146.01333333333332	146.13333333333333	146.29333333333332	146.06	146.05333333333334	146.18666666666667	146.05333333333334	146.16	146.06666666666666	146.08	146.14666666666668	146.21333333333334	146.16666666666666	146.22666666666666	146.01333333333332	146.04666666666665	146.00666666666666	146.03333333333333	145.97333333333333	146.08666666666667	146.06	146.02	146.08	145.82666666666665	146.0	146.2	145.97333333333333	146.26666666666668	146.32666666666665	146.18	146.22	146.18666666666667	146.04666666666665	146.14666666666668	146.0	146.04	146.11333333333334	145.84666666666666	146.01333333333332	146.24666666666667	145.96	146.00666666666666	146.12	146.18666666666667	146.21333333333334	146.32666666666665	146.16	146.24666666666667	146.10666666666665	146.02666666666667	146.26	146.06	146.01333333333332	146.01333333333332	145.60666666666665	145.48666666666668	144.46666666666667	141.53333333333333	132.78	0.0
0.0	132.82	141.73333333333332	144.44666666666666	145.49333333333334	145.96666666666667	146.03333333333333	146.12666666666667	146.10666666666665	146.26	146.32666666666665	146.32666666666665	146.20666666666668	146.18	146.14666666666668	146.26666666666668	146.29333333333332	146.22	146.27333333333334	146.43333333333334	146.26666666666668	146.22666666666666	146.09333333333333	146.20666666666668	146.12	146.24	146.16666666666666	146.06666666666666	146.22666666666666	146.30666666666667	146.31333333333333	146.54	146.08666666666667	146.25333333333333	146.28	146.27333333333334	146.24	146.16	146.2	145.99333333333334	146.28666666666666	146.18666666666667	146.06	146.16666666666666	145.99333333333334	146.08	146.12	146.17333333333335	146.04666666666665	146.18666666666667	146.10666666666665	146.2	146.04	146.18666666666667	146.21333333333334	146.15333333333334	146.15333333333334	146.14666666666668	146.17333333333335	146.16	146.12	146.07333333333332	146.15333333333334	146.2	146.14666666666668	146.18	146.16	145.88	145.34	144.53333333333333	141.84	132.2	0.0
0.0	132.74666666666667	141.7	144.23333333333332	145.26666666666668	145.75333333333333	145.92666666666668	146.06666666666666	146.28666666666666	146.25333333333333	146.32	146.24	145.95333333333335	146.04	146.12666666666667	146.13333333333333	146.16	146.34	146.03333333333333	146.10666666666665	146.01333333333332	146.12666666666667	146.08666666666667	146.15333333333334	146.14	146.27333333333334	146.38	146.28	146.17333333333335	146.12666666666667	146.26	146.18666666666667	146.09333333333333	146.26666666666668	146.22	146.14	146.07333333333332	146.28666666666666	146.23333333333332	146.25333333333333	146.29333333333332	146.5	146.25333333333333	146.11333333333334	146.21333333333334	146.14666666666668	146.1	146.07333333333332	146.23333333333332	146.20666666666668	146.28	146.22666666666666	146.12666666666667	146.22666666666666	146.21333333333334	146.1	146.22	146.09333333333333	146.18666666666667	146.16666666666666	146.04666666666665	146.19333333333333	146.12	146.10666666666665	146.09333333333333	146.08	145.76	145.82	145.48	144.44666666666666	141.73333333333332	132.66666666666666	0.0
0.0	133.12	142.00666666666666	144.56666666666666	145.42666666666668	146.00666666666666	146.18666666666667	146.18	146.16666666666666	146.12666666666667	146.39333333333335	146.16666666666666	146.34666666666666	146.27333333333334	146.26	146.39333333333335	146.19333333333333	146.37333333333333	146.47333333333333	146.25333333333333	146.38666666666666	146.15333333333334	146.24	146.33333333333334	146.14666666666668	146.21333333333334	146.30666666666667	146.23333333333332	146.3	146.38	146.41333333333333	146.40666666666667	146.34	146.23333333333332	146.22666666666666	146.12	146.48	146.30666666666667	146.28666666666666	146.39333333333335	146.21333333333334	146.54	146.33333333333334	146.32666666666665	146.25333333333333	146.33333333333334	146.24	146.33333333333334	146.16666666666666	146.24	146.22666666666666	146.16	146.26666666666668	146.38	146.34666666666666	146.24666666666667	146.37333333333333	146.29333333333332	146.42	146.27333333333334	146.45333333333335	146.28	146.28	146.28666666666666	146.24	146.2	146.13333333333333	145.74666666666667	145.38666666666666	144.34	141.72	132.66	0.0
0.0	132.54666666666665	141.44666666666666	144.34666666666666	145.49333333333334	146.06666666666666	146.16666666666666	146.11333333333334	146.16666666666666	146.22666666666666	146.28666666666666	146.31333333333333	146.18	146.41333333333333	146.40666666666667	146.13333333333333	146.48666666666668	146.17333333333335	146.33333333333334	146.16	146.24666666666667	146.18666666666667	146.14	146.2	146.14	146.18666666666667	146.22	146.21333333333334	146.19333333333333	146.34	146.26	146.05333333333334	146.01333333333332	146.19333333333333	146.16	146.19333333333333	146.29333333333332	146.24666666666667	146.42	146.18	146.08666666666667	146.22	146.07333333333332	146.26	146.05333333333334	146.12666666666667	146.0	146.24666666666667	146.3	146.18666666666667	146.21333333333334	146.1	146.23333333333332	146.33333333333334	146.26666666666668	146.17333333333335	146.26	146.30666666666667	146.11333333333334	146.18	146.31333333333333	146.23333333333332	146.33333333333334	146.3	146.07333333333332	146.12	146.19333333333333	146.01333333333332	145.69333333333333	144.45333333333335	141.80666666666667	132.90666666666667	0.0
0.0	132.47333333333333	141.97333333333333	144.62	145.42	145.87333333333333	146.16666666666666	146.17333333333335	146.24666666666667	146.36	146.22666666666666	146.19333333333333	146.10666666666665	146.34	146.12666666666667	146.18	146.22	146.22	146.34666666666666	146.33333333333334	146.43333333333334	146.36	146.31333333333333	146.2	146.10666666666665	146.07333333333332	146.14666666666668	146.27333333333334	146.25333333333333	146.24666666666667	146.26	146.20666666666668	146.17333333333335	146.18666666666667	146.12	146.16	146.4	146.36	146.32	146.22666666666666	146.23333333333332	146.08	146.2	146.16	146.21333333333334	146.35333333333332	146.26	146.28666666666666	146.42	146.31333333333333	146.30666666666667	146.42	146.35333333333332	146.12	146.16	146.16	146.2	146.19333333333333	146.32666666666665	146.38	146.36	146.39333333333335	146.27333333333334	146.18	146.22666666666666	146.29333333333332	146.14	145.74	145.32	144.42666666666668	141.71333333333334	133.04	0.0
0.0	132.46	141.42	144.26	145.58666666666667	145.73333333333332	145.96	146.1	146.18666666666667	146.26666666666668	146.24	146.19333333333333	146.01333333333332	146.15333333333334	146.2	146.37333333333333	146.28	146.14	146.23333333333332	146.16666666666666	146.24	145.99333333333334	146.20666666666668	146.23333333333332	146.20666666666668	146.01333333333332	146.18	146.4	146.44666666666666	146.24	146.31333333333333	146.23333333333332	146.33333333333334	146.18666666666667	146.35333333333332	146.4	146.1	146.31333333333333	146.17333333333335	146.18666666666667	146.28	146.20666666666668	146.30666666666667	146.38666666666666	146.35333333333332	146.24	146.07333333333332	146.16	146.18	146.04666666666665	146.26	146.35333333333332	146.32666666666665	146.48666666666668	146.24666666666667	146.14	146.06	146.37333333333333	146.3	146.2	146.18666666666667	146.19333333333333	146.17333333333335	146.12	146.1	146.27333333333334	145.88666666666666	145.79333333333332	145.5	144.54666666666665	141.68	132.50666666666666	0.0
0.0	132.76666666666668	141.42	144.38666666666666	145.38666666666666	145.84	145.88	146.16666666666666	146.05333333333334	146.11333333333334	145.94	145.92666666666668	145.89333333333335	146.15333333333334	146.06	146.12	146.15333333333334	146.09333333333333	146.04666666666665	145.92	146.10666666666665	145.95333333333335	146.14666666666668	146.15333333333334	146.02	146.12666666666667	146.12666666666667	146.10666666666665	146.19333333333333	145.93333333333334	146.01333333333332	146.03333333333333	145.98666666666668	146.12	146.05333333333334	146.14	146.03333333333333	146.08	146.23333333333332	146.18666666666667	145.96	146.01333333333332	146.10666666666665	146.19333333333333	146.06666666666666	146.09333333333333	146.02	146.04666666666665	146.22	146.02	146.14666666666668	146.03333333333333	146.15333333333334	146.00666666666666	146.04666666666665	146.07333333333332	146.06666666666666	146.14	146.02	146.12	146.03333333333333	145.96666666666667	145.99333333333334	146.04	145.98666666666668	145.95333333333335	145.98666666666668	145.77333333333334	145.28666666666666	144.14666666666668	141.55333333333334	132.64	0.0
0.0	132.34	141.66666666666666	144.47333333333333	145.43333333333334	145.70666666666668	145.88	146.00666666666666	146.02666666666667	145.76	145.99333333333334	146.1	145.97333333333333	145.99333333333334	146.1	146.14	146.02	146.30666666666667	146.16666666666666	146.0	146.12666666666667	145.88666666666666	145.91333333333333	146.03333333333333	145.98666666666668	146.05333333333334	146.03333333333333	145.96666666666667	146.0	146.00666666666666	146.1	146.07333333333332	146.12	146.18	145.97333333333333	146.11333333333334	146.15333333333334	146.19333333333333	146.23333333333332	146.30666666666667	146.08666666666667	146.32666666666665	146.02	146.05333333333334	146.14	146.02666666666667	145.97333333333333	146.08	146.20666666666668	146.3	146.34666666666666	146.06	146.12666666666667	146.05333333333334	146.05333333333334	146.13333333333333	146.24	146.21333333333334	146.08666666666667	146.06666666666666	146.05333333333334	146.06	145.95333333333335	146.04	145.94666666666666	146.18	145.99333333333334	145.56	145.23333333333332	144.43333333333334	141.52	132.94	0.0
0.0	132.92	141.65333333333334	144.41333333333333	145.27333333333334	145.74666666666667	145.96	146.11333333333334	145.93333333333334	146.06666666666666	146.10666666666665	146.3	146.20666666666668	146.16666666666666	146.05333333333334	146.17333333333335	146.04	146.06666666666666	146.06666666666666	146.16	146.05333333333334	146.16666666666666	146.18666666666667	146.07333333333332	146.15333333333334	146.27333333333334	146.3	146.09333333333333	146.07333333333332	146.22	145.99333333333334	146.1	146.06666666666666	146.22	146.12666666666667	146.23333333333332	146.07333333333332	145.94666666666666	146.17333333333335	145.99333333333334	146.14666666666668	146.16666666666666	146.18	146.03333333333333	146.15333333333334	146.13333333333333	146.23333333333332	146.12	146.12	146.18	146.25333333333333	146.27333333333334	146.31333333333333	146.23333333333332	146.18	146.04	146.17333333333335	146.02	146.18	146.17333333333335	146.15333333333334	146.04	146.18	146.03333333333333	146.16666666666666	145.98666666666668	145.76	145.62666666666667	145.3	144.16666666666666	141.73333333333332	132.63333333333333	0.0
0.0	132.33333333333334	141.54666666666665	144.23333333333332	145.26666666666668	145.75333333333333	145.90666666666667	146.07333333333332	146.05333333333334	146.26	146.02	146.00666666666666	146.13333333333333	146.19333333333333	146.06	146.1	146.15333333333334	146.08	146.22666666666666	146.02666666666667	146.22	146.13333333333333	146.04	146.13333333333333	146.06666666666666	146.04666666666665	146.2	146.29333333333332	146.0	145.95333333333335	146.19333333333333	146.14	146.1	146.24666666666667	146.16	146.14	146.13333333333333	146.01333333333332	146.08	145.96666666666667	146.16	146.11333333333334	146.06666666666666	146.1	146.08666666666667	146.11333333333334	146.24666666666667	146.18	146.04666666666665	145.97333333333333	146.09333333333333	146.26	146.14	146.22	146.40666666666667	146.28	146.29333333333332	146.26	146.11333333333334	146.08	146.02	146.15333333333334	146.08666666666667	146.19333333333333	146.27333333333334	146.1	145.83333333333334	145.78666666666666	145.20666666666668	144.32	141.60666666666665	132.78666666666666	0.0
0.0	132.72666666666666	141.68666666666667	144.43333333333334	145.53333333333333	145.94	146.15333333333334	146.24666666666667	146.21333333333334	146.46	146.34666666666666	146.1	146.16666666666666	146.3	146.28	146.22	146.04666666666665	146.37333333333333	146.32	146.28	146.29333333333332	146.36	146.24	146.47333333333333	146.43333333333334	146.38	146.4	146.22666666666666	146.36666666666667	146.29333333333332	146.32	146.38	146.37333333333333	146.33333333333334	146.46666666666667	146.31333333333333	146.38666666666666	146.34	146.26	146.11333333333334	146.42	146.13333333333333	146.22666666666666	146.34	146.36666666666667	146.41333333333333	146.39333333333335	146.34	146.2	146.28	146.39333333333335	146.26666666666668	146.24666666666667	146.17333333333335	146.06	146.28666666666666	146.18666666666667	146.3	146.33333333333334	146.19333333333333	146.30666666666667	146.16666666666666	146.26	146.16666666666666	146.17333333333335	146.35333333333332	146.13333333333333	145.81333333333333	145.50666666666666	144.58666666666667	141.88666666666666	132.71333333333334	0.0
0.0	132.56666666666666	141.50666666666666	144.09333333333333	145.42	145.80666666666667	146.06	146.1	146.29333333333332	146.2	146.26	146.20666666666668	146.08	146.20666666666668	146.12666666666667	146.13333333333333	146.13333333333333	146.23333333333332	146.24	146.32666666666665	146.28	146.16	146.14666666666668	146.33333333333334	146.12	146.28	146.16666666666666	146.33333333333334	146.26666666666668	146.12666666666667	146.2	146.19333333333333	146.18666666666667	146.19333333333333	146.15333333333334	146.43333333333334	146.13333333333333	146.16	146.18666666666667	146.19333333333333	146.10666666666665	146.15333333333334	146.3	146.3	146.32666666666665	146.22	146.25333333333333	146.26	146.24	146.38	146.34666666666666	146.30666666666667	146.42666666666668	146.50666666666666	146.27333333333334	146.27333333333334	146.23333333333332	146.38666666666666	146.35333333333332	146.28	146.2	146.33333333333334	146.18	146.19333333333333	146.28666666666666	146.05333333333334	145.94	145.76666666666668	145.20666666666668	144.26	141.89333333333335	132.78666666666666	0.0
0.0	132.56666666666666	141.71333333333334	144.43333333333334	145.48	145.86	146.1	146.36	146.50666666666666	146.34	146.31333333333333	146.34	146.34666666666666	146.26666666666668	146.39333333333335	146.36666666666667	146.37333333333333	146.46666666666667	146.40666666666667	146.34666666666666	146.38666666666666	146.25333333333333	146.21333333333334	146.31333333333333	146.27333333333334	146.38666666666666	146.36666666666667	146.3	146.29333333333332	146.19333333333333	146.22	146.31333333333333	146.36	146.42	146.53333333333333	146.38	146.30666666666667	146.39333333333335	146.44666666666666	146.32	146.20666666666668	146.19333333333333	146.23333333333332	146.26666666666668	146.18	146.24666666666667	146.1	146.36666666666667	146.45333333333335	146.24666666666667	146.22	146.32	146.25333333333333	146.24	146.29333333333332	146.31333333333333	146.4	146.11333333333334	146.33333333333334	146.17333333333335	146.46666666666667	146.44	146.20666666666668	146.2	146.37333333333333	146.29333333333332	146.17333333333335	145.83333333333334	145.64	144.5	141.96	132.79333333333332	0.0
0.0	132.94	141.87333333333333	144.46	145.62666666666667	145.98	146.05333333333334	146.04666666666665	146.04666666666665	146.08666666666667	146.21333333333334	146.37333333333333	146.27333333333334	146.36666666666667	146.23333333333332	146.40666666666667	146.38666666666666	146.42666666666668	146.32666666666665	146.31333333333333	146.2	146.18	146.06666666666666	146.31333333333333	146.1	146.02	146.01333333333332	146.32666666666665	146.18666666666667	146.07333333333332	146.27333333333334	146.26	146.04666666666665	146.35333333333332	146.16	146.02	146.08666666666667	146.25333333333333	146.31333333333333	146.40666666666667	146.35333333333332	146.16	146.21333333333334	146.16	146.22	146.35333333333332	146.07333333333332	146.34	146.19333333333333	146.13333333333333	146.03333333333333	146.19333333333333	146.29333333333332	146.09333333333333	146.21333333333334	146.04	146.22	146.20666666666668	146.33333333333334	146.20666666666668	146.07333333333332	146.22666666666666	146.11333333333334	146.36	146.17333333333335	146.20666666666668	146.00666666666666	145.67333333333335	145.54	144.42666666666668	141.74	133.08	0.0
0.0	132.06666666666666	141.62	144.37333333333333	145.42666666666668	145.84	145.97333333333333	146.05333333333334	145.91333333333333	146.01333333333332	146.11333333333334	146.15333333333334	146.18666666666667	146.12	146.02	146.02	146.07333333333332	145.82666666666665	145.92666666666668	145.97333333333333	146.1	146.01333333333332	145.95333333333335	146.15333333333334	146.21333333333334	146.28	146.06	146.06	146.12	146.05333333333334	146.2	146.15333333333334	146.08666666666667	146.2	146.1	146.02666666666667	146.10666666666665	146.05333333333334	146.16666666666666	146.24666666666667	146.22	146.04	146.02666666666667	146.08666666666667	146.09333333333333	146.08	145.80666666666667	146.05333333333334	146.12	146.13333333333333	146.01333333333332	146.10666666666665	146.31333333333333	146.10666666666665	145.85333333333332	145.95333333333335	146.05333333333334	145.94	146.09333333333333	146.02	146.13333333333333	145.92666666666668	145.79333333333332	145.89333333333335	145.82666666666665	146.0	146.12666666666667	145.58	145.3	144.44666666666666	142.08666666666667	132.94	0.0
0.0	132.66666666666666	142.05333333333334	144.35333333333332	145.31333333333333	145.70666666666668	145.84666666666666	146.0	146.16666666666666	146.06	146.23333333333332	146.31333333333333	146.39333333333335	146.16	146.27333333333334	146.24666666666667	146.19333333333333	146.26	146.3	146.29333333333332	146.26	146.37333333333333	146.3	146.01333333333332	146.16	146.18666666666667	146.32	146.20666666666668	146.21333333333334	146.14666666666668	146.13333333333333	146.20666666666668	146.15333333333334	146.02666666666667	146.1	146.1	146.12	146.02666666666667	145.99333333333334	146.17333333333335	146.18666666666667	146.22666666666666	146.23333333333332	146.17333333333335	146.14666666666668	146.34	146.23333333333332	146.26666666666668	146.13333333333333	146.23333333333332	146.42	146.16	146.14666666666668	146.32	146.16666666666666	146.08666666666667	146.17333333333335	146.18666666666667	146.24	146.13333333333333	146.2	146.08666666666667	146.22	146.27333333333334	145.95333333333335	145.97333333333333	146.04666666666665	145.80666666666667	145.23333333333332	144.25333333333333	141.98	132.60666666666665	0.0
0.0	132.57333333333332	141.71333333333334	144.57333333333332	145.63333333333333	145.87333333333333	146.07333333333332	146.2	146.2	146.36	146.22666666666666	146.24666666666667	146.06666666666666	146.38	146.31333333333333	146.22	146.38	146.32666666666665	146.4	146.37333333333333	146.22666666666666	146.39333333333335	146.31333333333333	146.22	146.31333333333333	146.55333333333334	146.43333333333334	146.37333333333333	146.37333333333333	146.47333333333333	146.56	146.42666666666668	146.09333333333333	146.28	146.29333333333332	146.0	146.24666666666667	146.27333333333334	146.36	146.28	146.34	146.26	146.35333333333332	146.04666666666665	146.27333333333334	146.23333333333332	146.34	146.2	146.23333333333332	146.28	146.29333333333332	146.42	146.1	146.52666666666667	146.14	146.25333333333333	146.23333333333332	146.42666666666668	146.18666666666667	146.3	146.21333333333334	146.24	146.35333333333332	146.17333333333335	146.31333333333333	146.24	146.2	145.86666666666667	145.6	144.56666666666666	141.85333333333332	132.67333333333335	0.0
0.0	132.52	141.98	144.32666666666665	145.44	145.86	146.20666666666668	146.13333333333333	146.20666666666668	146.16	146.21333333333334	146.34	146.5	146.08666666666667	146.08	146.17333333333335	146.08666666666667	146.22666666666666	146.06666666666666	146.10666666666665	146.30666666666667	146.34	146.23333333333332	146.10666666666665	146.32	146.38	146.38	146.16666666666666	146.17333333333335	146.42	146.22666666666666	146.26666666666668	146.39333333333335	146.21333333333334	146.38666666666666	146.32	146.10666666666665	146.09333333333333	146.18666666666667	146.28666666666666	146.38666666666666	146.28666666666666	146.19333333333333	146.32666666666665	146.26666666666668	146.04	146.14666666666668	146.32	146.12666666666667	146.09333333333333	146.10666666666665	146.25333333333333	146.36	146.07333333333332	146.11333333333334	146.23333333333332	146.22	146.08	146.29333333333332	146.24	146.33333333333334	146.32	146.21333333333334	146.21333333333334	146.13333333333333	146.12	146.06	145.91333333333333	145.54	144.56666666666666	141.95333333333335	133.09333333333333	0.0
0.0	133.18666666666667	141.99333333333334	144.72	145.36666666666667	146.01333333333332	146.18666666666667	146.12	146.34	146.23333333333332	146.28666666666666	146.32	146.27333333333334	146.20666666666668	146.36666666666667	146.16666666666666	146.13333333333333	146.29333333333332	146.20666666666668	146.23333333333332	146.29333333333332	146.34	146.3	146.32666666666665	146.16	146.26666666666668	146.16	146.20666666666668	146.24	146.3	146.32	146.20666666666668	146.23333333333332	146.21333333333334	146.22	146.12	146.26	146.12	146.04666666666665	146.13333333333333	146.31333333333333	146.22666666666666	146.27333333333334	146.2	146.25333333333333	146.18666666666667	146.12	146.29333333333332	146.29333333333332	146.26666666666668	146.12666666666667	146.23333333333332	146.26666666666668	146.24	146.06666666666666	146.32666666666665	146.36666666666667	146.22666666666666	146.33333333333334	146.34666666666666	146.26	146.47333333333333	146.31333333333333	146.18666666666667	146.32	146.16	145.85333333333332	145.76666666666668	145.31333333333333	144.5	141.88666666666666	132.60666666666665	0.0
0.0	132.27333333333334	141.56	144.39333333333335	145.49333333333334	145.89333333333335	146.08666666666667	145.98666666666668	145.96666666666667	146.1	146.13333333333333	146.31333333333333	146.11333333333334	146.2	146.20666666666668	146.20666666666668	146.16666666666666	146.13333333333333	146.22666666666666	146.2	146.40666666666667	146.06666666666666	146.17333333333335	146.06666666666666	146.19333333333333	146.02666666666667	146.06666666666666	146.08666666666667	145.93333333333334	146.15333333333334	146.22	146.2	146.19333333333333	146.02666666666667	146.10666666666665	146.12666666666667	146.22	146.18	146.4	146.35333333333332	146.25333333333333	146.28	146.21333333333334	145.95333333333335	146.12	146.14666666666668	146.18666666666667	146.16	146.3	146.15333333333334	146.16	146.18	146.22666666666666	146.18	146.2	146.08	145.89333333333335	146.0	146.12666666666667	146.04	146.04666666666665	146.12666666666667	146.26666666666668	146.03333333333333	145.94	146.03333333333333	145.97333333333333	145.76666666666668	145.45333333333335	144.49333333333334	141.62	132.42	0.0
0.0	132.36	141.74	144.18	145.20666666666668	145.58	145.65333333333334	145.92666666666668	146.03333333333333	146.1	146.14666666666668	145.94	145.96666666666667	146.08666666666667	145.94	145.95333333333335	145.98666666666668	145.98666666666668	145.91333333333333	146.04666666666665	145.76	145.85333333333332	145.90666666666667	146.15333333333334	145.97333333333333	145.98	145.94666666666666	145.95333333333335	145.82	145.81333333333333	145.91333333333333	145.91333333333333	145.99333333333334	145.84666666666666	145.82	146.01333333333332	145.97333333333333	145.89333333333335	145.82	145.89333333333335	146.06666666666666	145.96	145.89333333333335	145.88666666666666	145.92	145.94666666666666	145.83333333333334	145.74	145.81333333333333	145.70666666666668	145.97333333333333	145.83333333333334	146.0	146.0	145.94	145.94	145.96	145.92666666666668	145.9	145.65333333333334	145.98	145.90666666666667	145.94	145.80666666666667	145.76	145.7	145.64	145.6	145.13333333333333	144.14666666666668	141.60666666666665	132.5	0.0
0.0	132.80666666666667	141.78666666666666	144.23333333333332	145.35333333333332	145.76666666666668	145.84	146.13333333333333	146.03333333333333	146.22	146.21333333333334	146.18	146.09333333333333	146.18666666666667	146.07333333333332	146.06666666666666	146.04	145.98	146.04	146.09333333333333	145.96	146.2	146.22666666666666	146.16	146.08666666666667	146.25333333333333	146.22666666666666	146.12666666666667	146.20666666666668	146.11333333333334	146.08	146.14	146.15333333333334	146.16666666666666	145.98666666666668	146.11333333333334	146.38	146.13333333333333	146.06666666666666	146.04666666666665	146.27333333333334	146.03333333333333	146.32	146.07333333333332	146.14	146.25333333333333	146.2	146.04	146.06666666666666	146.04	146.02666666666667	146.11333333333334	146.18666666666667	146.27333333333334	146.2	146.29333333333332	146.18666666666667	146.07333333333332	146.07333333333332	145.97333333333333	145.82666666666665	146.14666666666668	146.15333333333334	146.06666666666666	145.9	145.94666666666666	146.03333333333333	145.74	145.34	144.37333333333333	141.73333333333332	132.84666666666666	0.0
0.0	132.44666666666666	141.73333333333332	144.36666666666667	145.28	145.58666666666667	145.95333333333335	145.85333333333332	146.08	145.84	145.99333333333334	146.04666666666665	145.9	146.01333333333332	145.82	146.15333333333334	146.14666666666668	146.10666666666665	145.88	146.04666666666665	145.93333333333334	146.08	146.12	145.98666666666668	146.11333333333334	146.13333333333333	146.14	145.92	145.88666666666666	146.14	145.98666666666668	146.06	146.00666666666666	146.00666666666666	146.24	146.04	146.27333333333334	146.07333333333332	146.08	146.10666666666665	146.14666666666668	145.83333333333334	145.93333333333334	146.0	146.06666666666666	146.14666666666668	146.13333333333333	146.25333333333333	146.04666666666665	146.04666666666665	146.12666666666667	146.05333333333334	146.23333333333332	146.12	146.01333333333332	145.84	146.02	146.0	146.26	146.13333333333333	146.16666666666666	146.10666666666665	145.95333333333335	146.08666666666667	146.11333333333334	145.95333333333335	145.92666666666668	145.70666666666668	145.31333333333333	144.18666666666667	141.72	132.5	0.0
0.0	132.44666666666666	141.95333333333335	144.61333333333334	145.66	145.95333333333335	146.06666666666666	146.18	146.26	146.13333333333333	146.20666666666668	146.24666666666667	146.12666666666667	146.06	146.07333333333332	146.12	146.34	146.27333333333334	146.14	146.18666666666667	146.05333333333334	146.04666666666665	146.26666666666668	146.02	146.38	146.20666666666668	146.15333333333334	146.31333333333333	146.18	146.28	146.08666666666667	146.14666666666668	146.18666666666667	146.08	146.31333333333333	146.18666666666667	146.31333333333333	146.08666666666667	146.15333333333334	146.1	146.16666666666666	146.32666666666665	146.28666666666666	146.28	146.25333333333333	146.32	146.14666666666668	146.12	146.14666666666668	146.1	146.11333333333334	146.23333333333332	146.2	146.06666666666666	146.16	146.23333333333332	146.16	146.16666666666666	146.11333333333334	146.44	146.43333333333334	146.12	146.15333333333334	146.10666666666665	146.12	146.00666666666666	145.92666666666668	145.81333333333333	145.36	144.26666666666668	141.42	132.74	0.0
0.0	132.41333333333333	141.52	144.3	145.31333333333333	145.73333333333332	145.96	146.26666666666668	146.24666666666667	146.04666666666665	146.08	146.25333333333333	146.18666666666667	146.1	146.17333333333335	146.12	145.94	146.06666666666666	146.08	145.98	146.14666666666668	146.15333333333334	146.06666666666666	146.03333333333333	146.08666666666667	146.2	145.88666666666666	146.06666666666666	146.04666666666665	146.1	146.11333333333334	146.08666666666667	145.95333333333335	146.13333333333333	146.14666666666668	146.14666666666668	146.22666666666666	146.32666666666665	146.18	146.30666666666667	146.23333333333332	146.36666666666667	146.24	146.4	146.31333333333333	146.28666666666666	146.02666666666667	146.18	146.21333333333334	146.04666666666665	146.1	145.93333333333334	146.10666666666665	146.22666666666666	146.23333333333332	146.18666666666667	146.08666666666667	146.04666666666665	146.34666666666666	146.11333333333334	145.94	146.02	146.14	146.11333333333334	145.94666666666666	146.12666666666667	146.08666666666667	145.68666666666667	145.56666666666666	144.75333333333333	141.75333333333333	132.49333333333334	0.0
0.0	132.71333333333334	141.84	144.28666666666666	145.46666666666667	145.77333333333334	146.02	146.05333333333334	146.13333333333333	146.02666666666667	146.15333333333334	146.25333333333333	146.06666666666666	146.01333333333332	146.23333333333332	146.11333333333334	146.06	146.11333333333334	146.11333333333334	146.21333333333334	146.28	146.1	146.16666666666666	146.16666666666666	146.22	146.25333333333333	146.03333333333333	146.31333333333333	146.46666666666667	146.28	146.24	146.18	146.19333333333333	146.23333333333332	146.12	146.0	146.10666666666665	146.10666666666665	146.14	146.26	146.14	146.05333333333334	146.19333333333333	146.18	146.3	146.02	146.24	146.06	146.09333333333333	146.30666666666667	146.32	146.15333333333334	146.21333333333334	145.98666666666668	145.94	146.08	146.06	146.26	146.17333333333335	146.13333333333333	146.03333333333333	146.15333333333334	146.17333333333335	146.16666666666666	146.2	145.96666666666667	146.04	145.93333333333334	145.40666666666667	144.52	142.06666666666666	132.62666666666667	0.0
0.0	132.16666666666666	141.6	144.51333333333332	145.41333333333333	145.8	145.94	146.24666666666667	146.22666666666666	146.18666666666667	146.26666666666668	146.19333333333333	146.16666666666666	145.97333333333333	146.14	146.22	146.2	146.28	146.01333333333332	146.05333333333334	146.23333333333332	146.17333333333335	146.26	146.14666666666668	146.14	146.20666666666668	146.12666666666667	146.25333333333333	146.25333333333333	146.24	146.24	146.1	146.27333333333334	146.23333333333332	146.30666666666667	146.21333333333334	146.2	146.14	146.13333333333333	146.08666666666667	146.19333333333333	146.01333333333332	146.18	146.3	146.29333333333332	146.16	146.19333333333333	146.20666666666668	146.14666666666668	146.19333333333333	146.36666666666667	146.03333333333333	146.16666666666666	146.27333333333334	146.43333333333334	146.31333333333333	146.25333333333333	146.11333333333334	146.16666666666666	146.18666666666667	146.36	146.21333333333334	146.05333333333334	146.17333333333335	145.98666666666668	146.2	146.16666666666666	145.85333333333332	145.50666666666666	144.30666666666667	141.60666666666665	132.02666666666667	0.0
0.0	132.51333333333332	141.45333333333335	144.11333333333334	145.0	145.50666666666666	145.86	146.11333333333334	145.98666666666668	145.98666666666668	146.06666666666666	146.09333333333333	145.98666666666668	145.94	145.92666666666668	145.82666666666665	146.12666666666667	146.07333333333332	146.26666666666668	146.10666666666665	146.20666666666668	145.90666666666667	146.01333333333332	145.96666666666667	145.88666666666666	145.88	145.86	146.08666666666667	146.16	146.25333333333333	146.24	145.96666666666667	146.24	146.10666666666665	146.04	146.04	146.27333333333334	146.10666666666665	146.15333333333334	146.12666666666667	146.08666666666667	145.96	146.02666666666667	145.97333333333333	145.97333333333333	146.02666666666667	145.96	146.12666666666667	145.93333333333334	146.0	145.99333333333334	145.84	146.0	146.04666666666665	146.06666666666666	146.09333333333333	145.94	146.13333333333333	146.10666666666665	146.05333333333334	145.99333333333334	145.95333333333335	146.03333333333333	145.94666666666666	146.09333333333333	145.98	145.85333333333332	145.63333333333333	145.24	144.25333333333333	141.75333333333333	132.96	0.0
0.0	132.83333333333334	141.7	144.40666666666667	145.42	146.17333333333335	146.26666666666668	146.3	146.2	146.21333333333334	146.32	146.4	146.37333333333333	146.49333333333334	146.25333333333333	146.39333333333335	146.47333333333333	146.27333333333334	146.22666666666666	146.36	146.31333333333333	146.45333333333335	146.43333333333334	146.52	146.54666666666665	146.4	146.34	146.38	146.56	146.51333333333332	146.41333333333333	146.22666666666666	146.28	146.24666666666667	146.36	146.26	146.42666666666668	146.43333333333334	146.54	146.57333333333332	146.69333333333333	146.37333333333333	146.24666666666667	146.45333333333335	146.40666666666667	146.28666666666666	146.44666666666666	146.26	146.24666666666667	146.25333333333333	146.26666666666668	146.38	146.34666666666666	146.42666666666668	146.4	146.34666666666666	146.27333333333334	146.24	146.17333333333335	146.52	146.56666666666666	146.49333333333334	146.4	146.34666666666666	146.17333333333335	146.35333333333332	146.19333333333333	145.8	145.57333333333332	144.59333333333333	141.76666666666668	132.32	0.0
0.0	132.34	141.58666666666667	144.22666666666666	145.18666666666667	145.66	145.79333333333332	145.82666666666665	146.06	145.9	146.02	145.94	146.24	146.18	145.94666666666666	146.19333333333333	146.07333333333332	145.92	146.22	146.23333333333332	146.21333333333334	146.00666666666666	146.16	146.18666666666667	146.1	146.01333333333332	146.06	146.04	146.04	145.97333333333333	146.14	146.00666666666666	146.00666666666666	146.06	146.08	145.98666666666668	146.01333333333332	146.22	145.96	145.92666666666668	146.08	146.1	146.22666666666666	145.92666666666668	146.24	146.31333333333333	145.96666666666667	146.16666666666666	146.16666666666666	146.22	146.09333333333333	146.2	146.13333333333333	146.26666666666668	146.03333333333333	145.82666666666665	146.0	146.14	146.28	146.13333333333333	146.19333333333333	146.18666666666667	145.93333333333334	145.95333333333335	146.09333333333333	146.08	145.84666666666666	145.72666666666666	145.19333333333333	144.59333333333333	141.7	133.12666666666667	0.0
0.0	133.06	141.89333333333335	144.26666666666668	145.29333333333332	145.61333333333334	145.74666666666667	145.87333333333333	145.83333333333334	146.09333333333333	145.89333333333335	146.1	146.18666666666667	146.06	146.04	146.06666666666666	145.92666666666668	146.04666666666665	145.86666666666667	145.96	146.05333333333334	145.95333333333335	145.87333333333333	145.9	145.90666666666667	145.98666666666668	146.06	146.08666666666667	146.10666666666665	145.92	146.00666666666666	145.88666666666666	145.75333333333333	145.89333333333335	145.95333333333335	146.06	146.12	146.02	145.84666666666666	145.88666666666666	145.97333333333333	145.92	145.83333333333334	145.83333333333334	145.82	145.88	145.92666666666668	145.97333333333333	145.82666666666665	145.92	146.07333333333332	146.15333333333334	145.98666666666668	145.82666666666665	145.9	145.94	146.05333333333334	146.07333333333332	146.05333333333334	146.06666666666666	145.94	146.01333333333332	145.83333333333334	146.08	146.02	146.02	145.87333333333333	145.78666666666666	145.38	144.21333333333334	141.6	132.45333333333335	0.0
0.0	132.77333333333334	141.83333333333334	144.55333333333334	145.62666666666667	145.87333333333333	146.07333333333332	146.2	146.29333333333332	146.25333333333333	146.17333333333335	146.18	146.36	146.32666666666665	146.32666666666665	146.28	146.19333333333333	146.15333333333334	146.23333333333332	146.21333333333334	146.14	146.38	146.34	146.23333333333332	146.41333333333333	146.15333333333334	146.06666666666666	146.02666666666667	146.34	146.27333333333334	146.43333333333334	146.48	146.48666666666668	146.64	146.52666666666667	146.23333333333332	146.14	146.27333333333334	146.35333333333332	146.26	146.22666666666666	146.23333333333332	146.34	146.4	146.28666666666666	146.34666666666666	146.30666666666667	146.08666666666667	146.19333333333333	146.27333333333334	146.26	146.38666666666666	146.39333333333335	146.32	146.34	146.35333333333332	146.26666666666668	146.24666666666667	146.34	146.40666666666667	146.31333333333333	146.20666666666668	146.28666666666666	146.26666666666668	146.22666666666666	146.24	146.04	145.84666666666666	145.54666666666665	144.6	141.44666666666666	132.36	0.0
0.0	132.57333333333332	141.57333333333332	144.18666666666667	145.25333333333333	145.76666666666668	146.03333333333333	146.12666666666667	146.22666666666666	146.04	146.07333333333332	146.05333333333334	146.01333333333332	146.18	146.30666666666667	146.34666666666666	146.23333333333332	146.31333333333333	146.56	146.36	146.30666666666667	146.28666666666666	146.25333333333333	146.42666666666668	146.22666666666666	146.15333333333334	146.28	146.36666666666667	146.22666666666666	146.34666666666666	146.14666666666668	146.11333333333334	146.21333333333334	146.21333333333334	146.37333333333333	146.22666666666666	146.32666666666665	146.30666666666667	146.36	146.16	146.46	146.3	146.24666666666667	146.14666666666668	146.40666666666667	146.12666666666667	146.27333333333334	146.24	146.15333333333334	146.32666666666665	146.31333333333333	146.39333333333335	146.38666666666666	146.34	146.36	146.26	146.21333333333334	146.30666666666667	146.26666666666668	146.38666666666666	146.19333333333333	146.28666666666666	146.10666666666665	146.28666666666666	146.17333333333335	146.25333333333333	146.07333333333332	146.07333333333332	145.56666666666666	144.39333333333335	142.0	132.7	0.0
0.0	132.64666666666668	141.73333333333332	144.57333333333332	145.4	145.82	146.22	146.20666666666668	146.22	146.39333333333335	146.37333333333333	146.16	146.27333333333334	146.22	146.19333333333333	146.13333333333333	146.37333333333333	146.32	146.40666666666667	146.17333333333335	146.27333333333334	146.24666666666667	146.20666666666668	146.13333333333333	146.16	146.15333333333334	146.06666666666666	146.35333333333332	146.29333333333332	146.30666666666667	146.27333333333334	146.28666666666666	146.28	146.20666666666668	146.44	146.26	146.34666666666666	146.3	146.43333333333334	146.20666666666668	146.15333333333334	146.17333333333335	146.03333333333333	146.08	146.34	146.23333333333332	146.26666666666668	146.26666666666668	146.14666666666668	146.23333333333332	146.34	145.96	146.28	146.29333333333332	146.19333333333333	146.57333333333332	146.24	146.38	146.36	146.34	146.09333333333333	146.24666666666667	146.16666666666666	146.07333333333332	146.14666666666668	146.12	145.99333333333334	145.96	145.52	144.59333333333333	141.77333333333334	132.48666666666668	0.0
0.0	133.1	141.94666666666666	144.78	145.5	145.87333333333333	146.11333333333334	146.20666666666668	146.30666666666667	146.12	146.15333333333334	145.99333333333334	146.18666666666667	146.28	146.17333333333335	146.17333333333335	146.12666666666667	146.18666666666667	146.22666666666666	146.24666666666667	146.17333333333335	146.21333333333334	146.15333333333334	146.32	146.28	146.39333333333335	146.17333333333335	146.27333333333334	146.19333333333333	146.30666666666667	146.38666666666666	146.05333333333334	146.16666666666666	146.27333333333334	146.34	146.26	146.25333333333333	146.29333333333332	146.22	146.25333333333333	146.22	146.22666666666666	146.18	146.22666666666666	146.32666666666665	146.19333333333333	146.23333333333332	146.34	146.27333333333334	146.15333333333334	146.16	146.17333333333335	146.14666666666668	146.11333333333334	145.98	146.07333333333332	146.15333333333334	146.14	146.24666666666667	146.38	146.47333333333333	146.34	146.36	146.33333333333334	146.13333333333333	146.37333333333333	146.24666666666667	146.01333333333332	145.51333333333332	144.37333333333333	142.0	132.69333333333333	0.0
0.0	132.56	141.70666666666668	144.44666666666666	145.24666666666667	145.7	145.91333333333333	145.96666666666667	146.15333333333334	146.03333333333333	146.08666666666667	146.02666666666667	146.14	146.06	146.11333333333334	146.05333333333334	146.16666666666666	146.08	146.10666666666665	146.16	145.98	146.1	146.03333333333333	146.14666666666668	146.18	146.0	146.13333333333333	145.99333333333334	145.90666666666667	145.96	145.98	145.92	145.99333333333334	145.96	146.16	145.92666666666668	145.99333333333334	145.98	145.93333333333334	146.05333333333334	145.96666666666667	145.90666666666667	145.86	145.88	146.10666666666665	145.95333333333335	146.02	146.02666666666667	146.15333333333334	146.22	145.99333333333334	146.04666666666665	146.02	145.90666666666667	145.94	145.9	146.08	146.03333333333333	146.01333333333332	146.1	146.1	146.03333333333333	146.08	146.15333333333334	146.03333333333333	145.91333333333333	145.84666666666666	145.73333333333332	145.14666666666668	144.24666666666667	141.50666666666666	132.65333333333334	0.0
0.0	132.93333333333334	142.02666666666667	144.17333333333335	145.38666666666666	145.62666666666667	146.00666666666666	145.95333333333335	146.16666666666666	146.01333333333332	146.16	146.15333333333334	146.26666666666668	146.17333333333335	146.05333333333334	146.15333333333334	146.21333333333334	146.3	146.34666666666666	146.25333333333333	146.21333333333334	146.29333333333332	146.32666666666665	146.14666666666668	146.07333333333332	145.93333333333334	146.12666666666667	146.18666666666667	146.19333333333333	146.10666666666665	146.16	146.14	146.13333333333333	146.16	146.08	146.15333333333334	146.38	146.30666666666667	146.08	146.14	146.22666666666666	145.96666666666667	146.07333333333332	146.1	146.04666666666665	146.2	146.10666666666665	146.15333333333334	146.03333333333333	146.18666666666667	146.07333333333332	146.26666666666668	146.26666666666668	146.29333333333332	146.20666666666668	146.00666666666666	146.25333333333333	146.32666666666665	146.36666666666667	146.36	146.15333333333334	146.26	146.12	146.12	146.14666666666668	146.13333333333333	145.92	145.73333333333332	145.55333333333334	144.56	141.67333333333335	132.53333333333333	0.0
0.0	132.26666666666668	141.98666666666668	144.54	145.30666666666667	145.74666666666667	145.74666666666667	146.13333333333333	146.02	146.12	146.14666666666668	146.18666666666667	146.28666666666666	146.16	146.22666666666666	146.16666666666666	146.05333333333334	146.11333333333334	146.27333333333334	146.25333333333333	146.22666666666666	146.32	146.26	146.08666666666667	146.20666666666668	146.10666666666665	146.07333333333332	146.08	146.1	146.1	146.04666666666665	146.24	146.14	146.12666666666667	146.12666666666667	146.10666666666665	146.12	145.86666666666667	146.11333333333334	146.06	145.99333333333334	146.02	145.90666666666667	146.12	146.16666666666666	146.16666666666666	146.02666666666667	145.94666666666666	146.08666666666667	146.16	145.91333333333333	146.10666666666665	146.15333333333334	146.21333333333334	146.23333333333332	146.22666666666666	146.13333333333333	146.14	146.22	146.00666666666666	146.09333333333333	146.01333333333332	146.13333333333333	146.00666666666666	146.04666666666665	145.84	145.98	145.72666666666666	145.18666666666667	144.22666666666666	141.30666666666667	132.46	0.0
0.0	132.59333333333333	141.27333333333334	144.13333333333333	145.19333333333333	145.54666666666665	145.73333333333332	145.86	145.92	146.0	146.06666666666666	146.18	146.18	145.86666666666667	145.96666666666667	145.95333333333335	146.04	146.04	146.22	145.96666666666667	145.97333333333333	146.05333333333334	146.09333333333333	146.24	146.22	146.05333333333334	145.9	145.92666666666668	146.04666666666665	146.18666666666667	145.97333333333333	146.0	145.98666666666668	145.96	145.99333333333334	145.92666666666668	145.94	145.97333333333333	146.12	146.04	146.09333333333333	146.06666666666666	146.07333333333332	146.07333333333332	146.02666666666667	145.93333333333334	145.81333333333333	145.86	145.88666666666666	146.02666666666667	145.95333333333335	146.10666666666665	146.12	146.00666666666666	145.92666666666668	146.03333333333333	145.95333333333335	145.95333333333335	145.92666666666668	145.98	146.04666666666665	145.99333333333334	146.09333333333333	145.97333333333333	145.96	145.89333333333335	145.76666666666668	145.73333333333332	145.24	144.56	141.60666666666665	132.84	0.0
0.0	132.69333333333333	141.87333333333333	144.41333333333333	145.62	146.14	146.33333333333334	146.34666666666666	146.22666666666666	146.46	146.26666666666668	146.36	146.34666666666666	146.5	146.48666666666668	146.32	146.22666666666666	146.44666666666666	146.24	146.34666666666666	146.34666666666666	146.44666666666666	146.34	146.32	146.33333333333334	146.5	146.47333333333333	146.47333333333333	146.48	146.36666666666667	146.45333333333335	146.34	146.44666666666666	146.38	146.27333333333334	146.41333333333333	146.13333333333333	146.18666666666667	146.31333333333333	146.32666666666665	146.46	146.25333333333333	146.38666666666666	146.42	146.41333333333333	146.52666666666667	146.46	146.48666666666668	146.43333333333334	146.4	146.28	146.38666666666666	146.28666666666666	146.48	146.42666666666668	146.42	146.40666666666667	146.55333333333334	146.28666666666666	146.30666666666667	146.26666666666668	146.38666666666666	146.36666666666667	146.34666666666666	146.38	146.24666666666667	146.42	146.10666666666665	145.60666666666665	144.82666666666665	142.0	132.90666666666667	0.0
0.0	132.6	141.74666666666667	144.4	145.34	145.78	145.99333333333334	146.06666666666666	146.18	146.34	146.19333333333333	146.30666666666667	146.06666666666666	145.95333333333335	146.12666666666667	146.30666666666667	146.06666666666666	146.05333333333334	146.2	146.0	146.20666666666668	146.03333333333333	145.94666666666666	146.09333333333333	145.94666666666666	145.93333333333334	146.00666666666666	146.01333333333332	145.92666666666668	145.95333333333335	145.98	146.04666666666665	146.24666666666667	146.04666666666665	145.86666666666667	145.94666666666666	145.95333333333335	145.99333333333334	146.01333333333332	146.10666666666665	146.04666666666665	146.12	146.07333333333332	146.08	146.14	146.22	146.05333333333334	146.06	146.08	146.07333333333332	146.06	145.94	146.0	146.14666666666668	146.20666666666668	145.96	145.96666666666667	146.0	146.08666666666667	146.20666666666668	145.86	146.0	146.00666666666666	145.96666666666667	145.91333333333333	146.16666666666666	145.78666666666666	145.82	145.37333333333333	144.46666666666667	141.80666666666667	132.75333333333333	0.0
