0.0	139.89333333333335	143.04	143.22	143.2	143.24666666666667	143.25333333333333	143.22666666666666	143.22	143.21333333333334	143.19333333333333	143.22666666666666	143.21333333333334	143.21333333333334	143.25333333333333	143.23333333333332	143.25333333333333	143.30666666666667	143.26666666666668	143.24	143.2	143.24	143.22	143.23333333333332	143.24	143.25333333333333	143.22	143.22666666666666	143.19333333333333	143.2	143.22666666666666	143.20666666666668	143.21333333333334	143.20666666666668	143.20666666666668	143.31333333333333	143.22	143.27333333333334	143.22	143.22	143.26	143.26666666666668	143.23333333333332	143.20666666666668	143.21333333333334	143.22	143.21333333333334	143.24666666666667	143.26666666666668	143.25333333333333	143.3	143.21333333333334	143.24666666666667	143.18666666666667	143.23333333333332	143.26666666666668	143.22666666666666	143.21333333333334	143.24666666666667	143.25333333333333	143.21333333333334	143.24666666666667	143.2	143.26	143.24666666666667	143.26	143.26666666666668	143.23333333333332	143.22666666666666	143.17333333333335	142.84666666666666	139.74	0.0
0.0	139.84666666666666	142.81333333333333	143.12	143.15333333333334	143.16666666666666	143.16666666666666	143.2	143.18666666666667	143.18	143.16666666666666	143.23333333333332	143.2	143.20666666666668	143.22	143.18666666666667	143.18	143.2	143.21333333333334	143.22666666666666	143.22666666666666	143.19333333333333	143.25333333333333	143.21333333333334	143.13333333333333	143.17333333333335	143.19333333333333	143.18	143.22666666666666	143.16	143.20666666666668	143.19333333333333	143.14666666666668	143.17333333333335	143.16666666666666	143.23333333333332	143.17333333333335	143.18666666666667	143.20666666666668	143.17333333333335	143.19333333333333	143.18666666666667	143.18	143.16	143.17333333333335	143.15333333333334	143.18	143.16	143.18666666666667	143.22	143.22	143.17333333333335	143.16666666666666	143.21333333333334	143.16	143.21333333333334	143.18	143.17333333333335	143.20666666666668	143.16666666666666	143.19333333333333	143.17333333333335	143.2	143.18	143.2	143.20666666666668	143.14666666666668	143.18	143.19333333333333	143.16666666666666	142.94	139.88666666666666	0.0
0.0	140.1	142.94	143.15333333333334	143.16	143.19333333333333	143.21333333333334	143.18	143.2	143.2	143.25333333333333	143.14	143.18666666666667	143.20666666666668	143.19333333333333	143.18666666666667	143.16	143.16666666666666	143.22	143.19333333333333	143.18	143.16	143.26	143.20666666666668	143.14666666666668	143.16666666666666	143.20666666666668	143.20666666666668	143.18666666666667	143.16666666666666	143.22666666666666	143.18	143.22666666666666	143.22666666666666	143.22	143.20666666666668	143.17333333333335	143.20666666666668	143.19333333333333	143.15333333333334	143.2	143.18666666666667	143.18	143.18666666666667	143.21333333333334	143.2	143.18	143.20666666666668	143.16666666666666	143.21333333333334	143.18	143.15333333333334	143.16666666666666	143.19333333333333	143.16	143.17333333333335	143.17333333333335	143.21333333333334	143.22666666666666	143.2	143.14666666666668	143.16	143.20666666666668	143.18666666666667	143.18666666666667	143.22	143.21333333333334	143.19333333333333	143.19333333333333	143.16666666666666	142.88	139.92666666666668	0.0
0.0	140.1	142.92	143.18	143.18666666666667	143.18	143.22666666666666	143.23333333333332	143.19333333333333	143.22	143.16666666666666	143.18666666666667	143.18	143.14666666666668	143.14	143.17333333333335	143.22666666666666	143.18	143.22	143.20666666666668	143.23333333333332	143.19333333333333	143.18666666666667	143.17333333333335	143.2	143.18666666666667	143.22	143.17333333333335	143.19333333333333	143.18	143.18666666666667	143.23333333333332	143.17333333333335	143.24666666666667	143.16	143.21333333333334	143.22666666666666	143.20666666666668	143.16666666666666	143.19333333333333	143.22666666666666	143.16666666666666	143.22666666666666	143.14	143.15333333333334	143.18	143.2	143.18666666666667	143.18	143.18	143.2	143.22	143.20666666666668	143.22	143.18	143.22	143.17333333333335	143.25333333333333	143.18	143.16	143.2	143.24	143.19333333333333	143.21333333333334	143.18	143.21333333333334	143.19333333333333	143.27333333333334	143.24666666666667	143.16	142.88666666666666	139.9	0.0
0.0	139.96666666666667	142.90666666666667	143.19333333333333	143.19333333333333	143.18	143.16666666666666	143.15333333333334	143.20666666666668	143.20666666666668	143.16666666666666	143.16666666666666	143.18666666666667	143.26	143.16666666666666	143.18666666666667	143.17333333333335	143.18	143.16	143.22	143.16666666666666	143.14	143.23333333333332	143.18	143.19333333333333	143.18	143.14666666666668	143.22666666666666	143.17333333333335	143.19333333333333	143.18	143.18666666666667	143.21333333333334	143.17333333333335	143.15333333333334	143.20666666666668	143.14666666666668	143.19333333333333	143.18	143.19333333333333	143.2	143.20666666666668	143.19333333333333	143.14	143.15333333333334	143.18666666666667	143.17333333333335	143.21333333333334	143.16666666666666	143.16	143.17333333333335	143.19333333333333	143.23333333333332	143.22	143.14666666666668	143.22	143.16	143.18	143.16	143.19333333333333	143.18666666666667	143.19333333333333	143.14666666666668	143.14666666666668	143.22	143.18	143.17333333333335	143.2	143.16	143.18	142.9	140.03333333333333	0.0
0.0	139.9	142.91333333333333	143.17333333333335	143.23333333333332	143.20666666666668	143.18	143.16	143.16	143.19333333333333	143.18666666666667	143.22	143.16	143.17333333333335	143.18666666666667	143.18666666666667	143.18	143.18666666666667	143.21333333333334	143.2	143.18	143.18	143.19333333333333	143.18666666666667	143.23333333333332	143.15333333333334	143.15333333333334	143.23333333333332	143.23333333333332	143.2	143.20666666666668	143.20666666666668	143.18666666666667	143.22666666666666	143.24666666666667	143.19333333333333	143.22	143.2	143.2	143.20666666666668	143.19333333333333	143.19333333333333	143.16666666666666	143.18666666666667	143.18666666666667	143.20666666666668	143.18	143.2	143.24666666666667	143.21333333333334	143.19333333333333	143.2	143.2	143.22666666666666	143.20666666666668	143.23333333333332	143.22	143.20666666666668	143.17333333333335	143.16666666666666	143.14666666666668	143.20666666666668	143.2	143.22	143.23333333333332	143.19333333333333	143.22	143.17333333333335	143.20666666666668	143.21333333333334	142.92	139.94666666666666	0.0
0.0	139.88	142.94666666666666	143.16666666666666	143.16	143.17333333333335	143.18	143.16666666666666	143.14666666666668	143.16666666666666	143.17333333333335	143.17333333333335	143.16666666666666	143.14666666666668	143.17333333333335	143.15333333333334	143.16	143.17333333333335	143.11333333333334	143.14	143.15333333333334	143.15333333333334	143.14666666666668	143.13333333333333	143.14666666666668	143.12666666666667	143.17333333333335	143.2	143.15333333333334	143.23333333333332	143.16	143.15333333333334	143.18	143.10666666666665	143.19333333333333	143.15333333333334	143.16666666666666	143.2	143.14666666666668	143.11333333333334	143.17333333333335	143.16	143.15333333333334	143.18	143.18	143.14666666666668	143.15333333333334	143.17333333333335	143.14	143.18	143.14	143.12666666666667	143.13333333333333	143.2	143.17333333333335	143.22	143.12666666666667	143.2	143.15333333333334	143.22666666666666	143.13333333333333	143.14	143.19333333333333	143.14	143.16	143.12	143.17333333333335	143.22666666666666	143.18666666666667	143.12	142.80666666666667	139.85333333333332	0.0
0.0	139.68	142.8	143.14666666666668	143.18666666666667	143.15333333333334	143.20666666666668	143.17333333333335	143.19333333333333	143.19333333333333	143.19333333333333	143.2	143.18	143.18666666666667	143.18666666666667	143.18666666666667	143.16	143.21333333333334	143.16	143.18	143.18	143.17333333333335	143.16666666666666	143.2	143.16666666666666	143.14666666666668	143.16	143.16	143.18666666666667	143.17333333333335	143.19333333333333	143.2	143.21333333333334	143.18	143.18	143.19333333333333	143.19333333333333	143.14	143.19333333333333	143.18666666666667	143.17333333333335	143.24666666666667	143.15333333333334	143.16666666666666	143.18666666666667	143.22666666666666	143.18666666666667	143.17333333333335	143.18666666666667	143.20666666666668	143.18666666666667	143.22666666666666	143.16666666666666	143.2	143.18	143.18666666666667	143.16	143.14666666666668	143.2	143.18	143.17333333333335	143.14	143.13333333333333	143.14666666666668	143.19333333333333	143.21333333333334	143.23333333333332	143.13333333333333	143.14666666666668	143.13333333333333	142.9	139.77333333333334	0.0
0.0	140.17333333333335	142.96	143.17333333333335	143.18666666666667	143.19333333333333	143.22666666666666	143.18666666666667	143.21333333333334	143.16666666666666	143.16666666666666	143.23333333333332	143.21333333333334	143.21333333333334	143.24	143.18666666666667	143.15333333333334	143.2	143.22666666666666	143.21333333333334	143.17333333333335	143.2	143.24	143.2	143.22666666666666	143.22666666666666	143.20666666666668	143.21333333333334	143.26	143.21333333333334	143.21333333333334	143.25333333333333	143.20666666666668	143.24666666666667	143.24	143.24	143.26	143.22666666666666	143.22666666666666	143.21333333333334	143.2	143.28666666666666	143.19333333333333	143.2	143.2	143.2	143.24	143.18666666666667	143.22	143.2	143.19333333333333	143.18666666666667	143.2	143.19333333333333	143.18666666666667	143.24	143.23333333333332	143.20666666666668	143.22666666666666	143.24	143.18666666666667	143.19333333333333	143.21333333333334	143.20666666666668	143.22	143.24	143.24666666666667	143.23333333333332	143.23333333333332	143.17333333333335	142.90666666666667	139.92666666666668	0.0
0.0	139.67333333333335	142.84	143.16666666666666	143.24	143.18	143.24	143.22666666666666	143.25333333333333	143.18666666666667	143.17333333333335	143.22	143.21333333333334	143.21333333333334	143.21333333333334	143.22666666666666	143.21333333333334	143.20666666666668	143.22666666666666	143.26666666666668	143.19333333333333	143.23333333333332	143.24666666666667	143.18	143.22666666666666	143.24666666666667	143.23333333333332	143.19333333333333	143.26666666666668	143.24	143.22	143.20666666666668	143.19333333333333	143.19333333333333	143.2	143.21333333333334	143.18	143.24666666666667	143.20666666666668	143.24666666666667	143.20666666666668	143.2	143.22	143.21333333333334	143.23333333333332	143.17333333333335	143.18	143.24666666666667	143.21333333333334	143.19333333333333	143.22	143.24	143.19333333333333	143.18666666666667	143.2	143.26	143.26	143.19333333333333	143.24666666666667	143.18666666666667	143.24	143.21333333333334	143.2	143.2	143.21333333333334	143.18666666666667	143.25333333333333	143.24666666666667	143.25333333333333	143.15333333333334	142.89333333333335	139.80666666666667	0.0
0.0	139.76	143.04666666666665	143.22666666666666	143.23333333333332	143.26	143.21333333333334	143.26	143.24666666666667	143.22666666666666	143.19333333333333	143.24666666666667	143.22	143.24	143.26	143.24666666666667	143.28	143.28666666666666	143.25333333333333	143.25333333333333	143.24	143.28666666666666	143.23333333333332	143.22	143.23333333333332	143.24666666666667	143.26	143.21333333333334	143.23333333333332	143.27333333333334	143.24	143.28	143.20666666666668	143.22	143.22666666666666	143.26666666666668	143.23333333333332	143.24	143.24666666666667	143.20666666666668	143.24	143.22666666666666	143.22666666666666	143.24666666666667	143.22	143.23333333333332	143.3	143.21333333333334	143.24	143.26	143.28	143.24666666666667	143.24	143.22666666666666	143.23333333333332	143.22	143.21333333333334	143.24	143.25333333333333	143.26	143.22666666666666	143.24666666666667	143.24	143.26666666666668	143.25333333333333	143.25333333333333	143.22666666666666	143.26	143.22666666666666	143.16666666666666	142.94	139.95333333333335	0.0
0.0	139.72	142.92	143.1	143.18666666666667	143.25333333333333	143.19333333333333	143.17333333333335	143.24	143.2	143.18666666666667	143.25333333333333	143.18	143.22666666666666	143.19333333333333	143.23333333333332	143.17333333333335	143.16666666666666	143.18	143.16666666666666	143.18	143.16666666666666	143.16666666666666	143.18666666666667	143.16666666666666	143.12666666666667	143.19333333333333	143.20666666666668	143.16666666666666	143.2	143.16	143.19333333333333	143.22666666666666	143.18666666666667	143.2	143.2	143.16	143.21333333333334	143.16666666666666	143.17333333333335	143.12666666666667	143.18666666666667	143.2	143.18666666666667	143.16	143.18666666666667	143.16666666666666	143.16	143.17333333333335	143.20666666666668	143.17333333333335	143.18	143.18	143.16666666666666	143.14666666666668	143.15333333333334	143.14666666666668	143.17333333333335	143.16666666666666	143.2	143.2	143.18	143.14666666666668	143.16666666666666	143.18	143.13333333333333	143.19333333333333	143.18666666666667	143.18	143.17333333333335	142.91333333333333	139.70666666666668	0.0
0.0	139.99333333333334	142.84666666666666	143.14666666666668	143.18666666666667	143.2	143.21333333333334	143.18666666666667	143.16	143.24	143.22666666666666	143.22	143.20666666666668	143.21333333333334	143.2	143.21333333333334	143.16	143.2	143.21333333333334	143.19333333333333	143.19333333333333	143.17333333333335	143.19333333333333	143.21333333333334	143.18666666666667	143.24	143.24	143.24666666666667	143.22666666666666	143.2	143.19333333333333	143.23333333333332	143.18	143.22	143.27333333333334	143.20666666666668	143.24	143.18666666666667	143.22666666666666	143.20666666666668	143.16666666666666	143.24	143.24666666666667	143.2	143.2	143.24	143.19333333333333	143.23333333333332	143.17333333333335	143.23333333333332	143.23333333333332	143.18666666666667	143.17333333333335	143.22	143.23333333333332	143.22	143.21333333333334	143.18666666666667	143.19333333333333	143.2	143.21333333333334	143.25333333333333	143.23333333333332	143.21333333333334	143.16666666666666	143.19333333333333	143.20666666666668	143.24	143.17333333333335	143.18	142.94	139.97333333333333	0.0
0.0	139.78	142.86666666666667	143.14666666666668	143.16	143.14	143.14	143.13333333333333	143.17333333333335	143.22666666666666	143.18666666666667	143.18	143.14666666666668	143.18	143.16666666666666	143.2	143.16666666666666	143.2	143.17333333333335	143.18	143.19333333333333	143.14666666666668	143.16666666666666	143.16666666666666	143.14666666666668	143.16	143.22	143.2	143.19333333333333	143.13333333333333	143.22666666666666	143.19333333333333	143.15333333333334	143.15333333333334	143.18666666666667	143.17333333333335	143.14	143.14666666666668	143.15333333333334	143.12	143.19333333333333	143.16	143.16	143.18666666666667	143.18666666666667	143.2	143.14	143.14	143.17333333333335	143.16	143.2	143.2	143.18	143.19333333333333	143.2	143.14666666666668	143.14	143.10666666666665	143.14666666666668	143.18666666666667	143.14666666666668	143.24	143.19333333333333	143.14	143.13333333333333	143.17333333333335	143.18666666666667	143.17333333333335	143.20666666666668	143.14	142.94	139.94	0.0
0.0	139.89333333333335	143.02	143.21333333333334	143.18666666666667	143.20666666666668	143.23333333333332	143.21333333333334	143.2	143.19333333333333	143.16666666666666	143.17333333333335	143.16	143.19333333333333	143.20666666666668	143.18	143.19333333333333	143.20666666666668	143.25333333333333	143.22666666666666	143.22666666666666	143.2	143.2	143.19333333333333	143.23333333333332	143.2	143.17333333333335	143.15333333333334	143.18666666666667	143.20666666666668	143.21333333333334	143.24666666666667	143.18	143.18666666666667	143.17333333333335	143.14666666666668	143.15333333333334	143.19333333333333	143.18666666666667	143.20666666666668	143.22	143.2	143.21333333333334	143.2	143.18666666666667	143.20666666666668	143.18	143.16666666666666	143.22	143.18	143.21333333333334	143.21333333333334	143.19333333333333	143.21333333333334	143.2	143.18666666666667	143.17333333333335	143.2	143.18666666666667	143.16666666666666	143.22	143.18666666666667	143.20666666666668	143.20666666666668	143.18666666666667	143.23333333333332	143.18666666666667	143.16666666666666	143.19333333333333	143.18666666666667	142.88666666666666	139.66	0.0
0.0	139.79333333333332	142.88	143.18	143.17333333333335	143.17333333333335	143.21333333333334	143.18	143.20666666666668	143.21333333333334	143.22	143.2	143.21333333333334	143.18666666666667	143.15333333333334	143.19333333333333	143.20666666666668	143.2	143.18	143.21333333333334	143.19333333333333	143.18	143.19333333333333	143.19333333333333	143.23333333333332	143.2	143.20666666666668	143.22666666666666	143.22666666666666	143.23333333333332	143.24	143.22	143.19333333333333	143.20666666666668	143.24	143.19333333333333	143.22666666666666	143.18666666666667	143.22	143.20666666666668	143.22666666666666	143.22	143.24666666666667	143.22666666666666	143.21333333333334	143.18666666666667	143.17333333333335	143.17333333333335	143.18	143.20666666666668	143.2	143.2	143.18	143.21333333333334	143.18666666666667	143.19333333333333	143.22666666666666	143.26	143.20666666666668	143.22	143.22666666666666	143.23333333333332	143.2	143.23333333333332	143.18	143.19333333333333	143.22666666666666	143.21333333333334	143.18	143.14666666666668	142.98	139.90666666666667	0.0
0.0	140.28666666666666	142.84666666666666	143.17333333333335	143.21333333333334	143.2	143.13333333333333	143.18666666666667	143.15333333333334	143.14	143.16	143.16	143.14	143.19333333333333	143.17333333333335	143.22666666666666	143.16	143.13333333333333	143.2	143.15333333333334	143.13333333333333	143.16666666666666	143.14666666666668	143.18	143.16666666666666	143.2	143.15333333333334	143.18	143.18666666666667	143.16	143.14	143.18	143.17333333333335	143.19333333333333	143.18	143.21333333333334	143.22	143.17333333333335	143.20666666666668	143.15333333333334	143.21333333333334	143.19333333333333	143.13333333333333	143.21333333333334	143.23333333333332	143.14	143.14666666666668	143.12	143.12	143.16	143.18666666666667	143.18666666666667	143.14	143.18	143.23333333333332	143.20666666666668	143.16666666666666	143.22666666666666	143.16	143.14	143.14666666666668	143.17333333333335	143.19333333333333	143.12666666666667	143.2	143.19333333333333	143.20666666666668	143.16666666666666	143.19333333333333	143.17333333333335	142.95333333333335	139.92666666666668	0.0
0.0	139.75333333333333	142.80666666666667	143.19333333333333	143.16666666666666	143.14666666666668	143.2	143.24666666666667	143.24666666666667	143.17333333333335	143.19333333333333	143.18666666666667	143.14666666666668	143.2	143.20666666666668	143.2	143.24	143.22	143.20666666666668	143.20666666666668	143.24666666666667	143.22666666666666	143.24666666666667	143.25333333333333	143.19333333333333	143.19333333333333	143.16666666666666	143.20666666666668	143.21333333333334	143.18666666666667	143.20666666666668	143.18	143.18666666666667	143.20666666666668	143.19333333333333	143.18666666666667	143.19333333333333	143.22666666666666	143.20666666666668	143.16	143.21333333333334	143.17333333333335	143.3	143.20666666666668	143.19333333333333	143.19333333333333	143.22	143.18	143.15333333333334	143.20666666666668	143.23333333333332	143.19333333333333	143.24666666666667	143.22	143.18666666666667	143.18	143.22	143.2	143.18666666666667	143.16666666666666	143.26	143.26	143.22666666666666	143.18	143.19333333333333	143.18666666666667	143.23333333333332	143.20666666666668	143.14666666666668	143.2	142.84	140.16	0.0
0.0	139.89333333333335	142.88	143.16666666666666	143.20666666666668	143.26666666666668	143.18666666666667	143.18	143.16	143.2	143.19333333333333	143.20666666666668	143.22666666666666	143.19333333333333	143.22666666666666	143.26666666666668	143.21333333333334	143.2	143.15333333333334	143.22	143.21333333333334	143.2	143.24	143.22	143.23333333333332	143.19333333333333	143.17333333333335	143.22	143.22	143.2	143.25333333333333	143.18666666666667	143.3	143.19333333333333	143.24	143.19333333333333	143.23333333333332	143.22	143.21333333333334	143.22	143.20666666666668	143.22666666666666	143.24	143.22666666666666	143.25333333333333	143.22	143.19333333333333	143.18666666666667	143.19333333333333	143.23333333333332	143.20666666666668	143.22666666666666	143.26	143.24	143.2	143.18666666666667	143.22	143.22666666666666	143.22666666666666	143.26	143.22	143.18	143.20666666666668	143.25333333333333	143.23333333333332	143.24	143.2	143.26	143.22	143.16666666666666	143.0	139.66666666666666	0.0
0.0	139.99333333333334	142.96	143.17333333333335	143.23333333333332	143.24	143.20666666666668	143.26	143.26	143.22666666666666	143.24666666666667	143.24666666666667	143.22	143.18	143.24666666666667	143.20666666666668	143.26666666666668	143.27333333333334	143.25333333333333	143.26666666666668	143.22	143.28666666666666	143.22666666666666	143.22666666666666	143.19333333333333	143.26	143.22666666666666	143.3	143.25333333333333	143.24666666666667	143.21333333333334	143.22	143.25333333333333	143.26666666666668	143.24	143.26	143.23333333333332	143.25333333333333	143.26666666666668	143.2	143.22666666666666	143.24666666666667	143.24	143.23333333333332	143.2	143.24	143.24666666666667	143.2	143.20666666666668	143.22666666666666	143.22	143.26	143.26	143.24666666666667	143.24	143.24	143.28666666666666	143.25333333333333	143.22	143.24666666666667	143.21333333333334	143.25333333333333	143.18	143.24	143.24	143.24	143.24	143.2	143.19333333333333	143.27333333333334	142.92	139.8	0.0
0.0	139.90666666666667	142.91333333333333	143.20666666666668	143.22666666666666	143.21333333333334	143.22	143.2	143.23333333333332	143.17333333333335	143.21333333333334	143.24666666666667	143.18666666666667	143.23333333333332	143.2	143.24666666666667	143.22	143.23333333333332	143.22666666666666	143.20666666666668	143.18	143.18	143.22	143.17333333333335	143.16	143.17333333333335	143.19333333333333	143.18	143.21333333333334	143.18	143.16	143.29333333333332	143.20666666666668	143.29333333333332	143.18666666666667	143.20666666666668	143.22666666666666	143.22666666666666	143.20666666666668	143.18666666666667	143.22666666666666	143.20666666666668	143.22	143.18	143.23333333333332	143.21333333333334	143.19333333333333	143.18	143.16666666666666	143.17333333333335	143.19333333333333	143.18666666666667	143.23333333333332	143.22	143.14666666666668	143.18	143.2	143.18666666666667	143.26666666666668	143.21333333333334	143.16666666666666	143.18666666666667	143.20666666666668	143.21333333333334	143.19333333333333	143.18666666666667	143.2	143.19333333333333	143.17333333333335	143.17333333333335	142.89333333333335	139.84	0.0
0.0	139.78	142.85333333333332	143.18666666666667	143.18	143.24666666666667	143.20666666666668	143.2	143.19333333333333	143.18	143.22666666666666	143.18666666666667	143.23333333333332	143.2	143.20666666666668	143.17333333333335	143.18666666666667	143.16	143.20666666666668	143.20666666666668	143.21333333333334	143.20666666666668	143.22	143.21333333333334	143.23333333333332	143.25333333333333	143.22	143.26	143.2	143.17333333333335	143.21333333333334	143.18666666666667	143.18666666666667	143.2	143.22	143.20666666666668	143.22666666666666	143.21333333333334	143.22	143.20666666666668	143.21333333333334	143.2	143.18	143.22666666666666	143.19333333333333	143.18666666666667	143.22	143.19333333333333	143.22	143.22	143.24	143.19333333333333	143.20666666666668	143.2	143.19333333333333	143.23333333333332	143.16666666666666	143.22666666666666	143.18	143.2	143.2	143.18	143.20666666666668	143.15333333333334	143.16666666666666	143.14666666666668	143.16666666666666	143.21333333333334	143.2	143.2	142.91333333333333	139.96	0.0
0.0	139.76666666666668	142.86	143.20666666666668	143.28666666666666	143.22666666666666	143.16	143.21333333333334	143.23333333333332	143.24666666666667	143.18	143.22	143.24	143.22666666666666	143.2	143.24666666666667	143.26666666666668	143.22666666666666	143.19333333333333	143.21333333333334	143.20666666666668	143.21333333333334	143.18	143.18	143.23333333333332	143.22666666666666	143.18666666666667	143.2	143.2	143.22666666666666	143.21333333333334	143.20666666666668	143.23333333333332	143.18	143.25333333333333	143.21333333333334	143.18666666666667	143.16	143.2	143.22	143.2	143.24	143.20666666666668	143.19333333333333	143.23333333333332	143.19333333333333	143.19333333333333	143.22666666666666	143.20666666666668	143.19333333333333	143.23333333333332	143.24666666666667	143.19333333333333	143.2	143.16666666666666	143.24666666666667	143.21333333333334	143.19333333333333	143.23333333333332	143.25333333333333	143.19333333333333	143.22666666666666	143.24	143.20666666666668	143.21333333333334	143.17333333333335	143.19333333333333	143.23333333333332	143.24	143.17333333333335	143.0	139.98666666666668	0.0
0.0	140.06666666666666	142.95333333333335	143.16	143.16666666666666	143.16666666666666	143.16666666666666	143.20666666666668	143.15333333333334	143.20666666666668	143.2	143.22666666666666	143.19333333333333	143.21333333333334	143.19333333333333	143.18	143.16	143.11333333333334	143.2	143.2	143.16666666666666	143.21333333333334	143.18	143.16666666666666	143.16666666666666	143.17333333333335	143.21333333333334	143.15333333333334	143.13333333333333	143.15333333333334	143.16666666666666	143.18666666666667	143.18	143.16666666666666	143.22666666666666	143.16666666666666	143.24	143.21333333333334	143.14	143.18666666666667	143.16	143.13333333333333	143.16666666666666	143.16666666666666	143.21333333333334	143.2	143.15333333333334	143.17333333333335	143.17333333333335	143.18666666666667	143.16666666666666	143.20666666666668	143.18666666666667	143.18666666666667	143.16666666666666	143.18	143.16666666666666	143.18	143.17333333333335	143.18666666666667	143.18	143.19333333333333	143.18	143.19333333333333	143.17333333333335	143.12	143.15333333333334	143.14666666666668	143.14666666666668	143.14666666666668	142.82	139.9	0.0
0.0	140.04	142.88666666666666	143.17333333333335	143.26	143.18	143.22666666666666	143.23333333333332	143.21333333333334	143.25333333333333	143.24666666666667	143.19333333333333	143.16666666666666	143.17333333333335	143.23333333333332	143.25333333333333	143.24	143.22666666666666	143.15333333333334	143.23333333333332	143.25333333333333	143.16	143.15333333333334	143.20666666666668	143.23333333333332	143.19333333333333	143.19333333333333	143.22	143.20666666666668	143.24	143.26	143.20666666666668	143.19333333333333	143.18666666666667	143.20666666666668	143.18666666666667	143.17333333333335	143.17333333333335	143.23333333333332	143.18666666666667	143.2	143.26	143.21333333333334	143.18666666666667	143.26	143.19333333333333	143.14666666666668	143.15333333333334	143.16666666666666	143.18	143.21333333333334	143.18	143.18666666666667	143.23333333333332	143.22	143.2	143.22666666666666	143.19333333333333	143.2	143.21333333333334	143.19333333333333	143.23333333333332	143.17333333333335	143.20666666666668	143.18666666666667	143.22	143.21333333333334	143.22	143.24666666666667	143.16	142.91333333333333	140.07333333333332	0.0
0.0	139.92666666666668	142.97333333333333	143.15333333333334	143.20666666666668	143.15333333333334	143.22	143.19333333333333	143.18	143.19333333333333	143.14666666666668	143.21333333333334	143.18666666666667	143.16666666666666	143.18666666666667	143.20666666666668	143.16666666666666	143.17333333333335	143.16666666666666	143.17333333333335	143.17333333333335	143.15333333333334	143.16	143.18	143.23333333333332	143.18	143.18	143.20666666666668	143.17333333333335	143.18	143.2	143.16666666666666	143.2	143.19333333333333	143.22	143.2	143.2	143.18	143.22	143.16	143.18	143.18666666666667	143.16	143.18	143.18666666666667	143.17333333333335	143.19333333333333	143.18	143.18	143.14666666666668	143.21333333333334	143.16666666666666	143.16666666666666	143.24	143.2	143.19333333333333	143.18666666666667	143.2	143.2	143.18	143.16	143.21333333333334	143.2	143.16666666666666	143.20666666666668	143.25333333333333	143.15333333333334	143.19333333333333	143.23333333333332	143.14666666666668	142.93333333333334	139.82	0.0
0.0	139.99333333333334	142.84666666666666	143.08	143.17333333333335	143.13333333333333	143.12666666666667	143.16	143.16	143.13333333333333	143.12	143.16666666666666	143.14	143.12666666666667	143.14666666666668	143.13333333333333	143.15333333333334	143.2	143.16666666666666	143.12666666666667	143.16	143.18	143.15333333333334	143.18666666666667	143.18	143.16666666666666	143.16	143.11333333333334	143.10666666666665	143.10666666666665	143.21333333333334	143.16	143.16	143.13333333333333	143.1	143.17333333333335	143.22	143.18666666666667	143.16666666666666	143.14666666666668	143.18	143.21333333333334	143.14	143.14666666666668	143.19333333333333	143.14	143.13333333333333	143.14666666666668	143.12	143.15333333333334	143.16	143.16666666666666	143.12666666666667	143.14666666666668	143.18666666666667	143.14666666666668	143.18	143.15333333333334	143.17333333333335	143.2	143.18	143.14666666666668	143.16	143.16666666666666	143.14	143.13333333333333	143.10666666666665	143.13333333333333	143.18	143.14	142.86666666666667	139.96	0.0
0.0	139.87333333333333	142.99333333333334	143.19333333333333	143.24	143.26	143.28666666666666	143.25333333333333	143.28	143.24	143.24	143.26	143.25333333333333	143.24666666666667	143.24	143.3	143.26666666666668	143.27333333333334	143.24	143.33333333333334	143.26	143.22666666666666	143.26	143.26666666666668	143.27333333333334	143.20666666666668	143.24666666666667	143.25333333333333	143.26	143.30666666666667	143.22	143.25333333333333	143.24666666666667	143.28	143.27333333333334	143.26	143.24	143.24666666666667	143.29333333333332	143.27333333333334	143.23333333333332	143.20666666666668	143.26	143.30666666666667	143.31333333333333	143.26666666666668	143.28	143.26	143.26	143.28666666666666	143.25333333333333	143.29333333333332	143.24	143.22	143.24	143.28	143.23333333333332	143.26	143.20666666666668	143.24666666666667	143.22	143.26666666666668	143.24666666666667	143.24	143.26	143.26666666666668	143.24	143.23333333333332	143.25333333333333	143.24666666666667	142.90666666666667	140.04666666666665	0.0
0.0	139.94	142.86666666666667	143.2	143.14666666666668	143.20666666666668	143.22	143.20666666666668	143.18666666666667	143.21333333333334	143.19333333333333	143.21333333333334	143.20666666666668	143.21333333333334	143.18666666666667	143.2	143.22	143.23333333333332	143.2	143.18	143.16	143.21333333333334	143.16666666666666	143.20666666666668	143.2	143.16666666666666	143.20666666666668	143.14666666666668	143.24666666666667	143.21333333333334	143.18666666666667	143.22666666666666	143.18666666666667	143.22666666666666	143.22	143.21333333333334	143.22666666666666	143.22666666666666	143.17333333333335	143.22666666666666	143.22666666666666	143.20666666666668	143.24	143.24	143.18	143.16666666666666	143.18	143.18	143.20666666666668	143.24	143.18666666666667	143.23333333333332	143.20666666666668	143.23333333333332	143.23333333333332	143.20666666666668	143.21333333333334	143.18666666666667	143.19333333333333	143.19333333333333	143.20666666666668	143.21333333333334	143.17333333333335	143.22666666666666	143.25333333333333	143.18	143.19333333333333	143.23333333333332	143.17333333333335	143.18666666666667	142.82	139.95333333333335	0.0
0.0	139.78666666666666	142.89333333333335	143.18666666666667	143.18	143.18666666666667	143.18666666666667	143.17333333333335	143.15333333333334	143.16	143.16666666666666	143.18	143.17333333333335	143.19333333333333	143.17333333333335	143.2	143.17333333333335	143.21333333333334	143.19333333333333	143.24	143.18	143.23333333333332	143.17333333333335	143.16	143.16666666666666	143.19333333333333	143.21333333333334	143.2	143.2	143.18666666666667	143.16666666666666	143.14666666666668	143.18	143.23333333333332	143.19333333333333	143.15333333333334	143.22	143.18	143.18666666666667	143.17333333333335	143.16666666666666	143.15333333333334	143.16666666666666	143.17333333333335	143.18	143.18666666666667	143.20666666666668	143.20666666666668	143.2	143.16666666666666	143.16	143.15333333333334	143.17333333333335	143.14666666666668	143.18666666666667	143.22	143.18666666666667	143.21333333333334	143.15333333333334	143.15333333333334	143.2	143.23333333333332	143.21333333333334	143.21333333333334	143.19333333333333	143.18666666666667	143.20666666666668	143.18	143.23333333333332	143.11333333333334	142.94	139.82	0.0
0.0	139.90666666666667	142.83333333333334	143.22	143.21333333333334	143.26666666666668	143.22666666666666	143.22	143.24	143.26666666666668	143.24	143.21333333333334	143.20666666666668	143.22666666666666	143.22	143.20666666666668	143.22666666666666	143.17333333333335	143.24666666666667	143.18666666666667	143.26	143.22666666666666	143.22	143.24	143.21333333333334	143.26666666666668	143.21333333333334	143.24	143.19333333333333	143.26	143.26666666666668	143.26	143.18666666666667	143.21333333333334	143.22	143.19333333333333	143.21333333333334	143.2	143.22	143.22666666666666	143.16	143.18666666666667	143.16666666666666	143.21333333333334	143.24666666666667	143.2	143.18666666666667	143.26	143.2	143.19333333333333	143.24666666666667	143.24666666666667	143.22	143.21333333333334	143.21333333333334	143.2	143.20666666666668	143.17333333333335	143.20666666666668	143.23333333333332	143.22	143.20666666666668	143.22	143.2	143.18666666666667	143.16	143.2	143.25333333333333	143.18666666666667	143.19333333333333	142.90666666666667	139.96	0.0
0.0	139.78666666666666	142.88666666666666	143.18666666666667	143.21333333333334	143.26	143.26	143.2	143.22666666666666	143.24666666666667	143.16666666666666	143.22	143.18666666666667	143.24	143.20666666666668	143.21333333333334	143.22	143.26	143.20666666666668	143.24	143.19333333333333	143.18666666666667	143.23333333333332	143.2	143.20666666666668	143.22666666666666	143.26666666666668	143.22	143.24	143.23333333333332	143.23333333333332	143.26666666666668	143.24666666666667	143.22666666666666	143.18666666666667	143.18	143.18666666666667	143.22	143.20666666666668	143.20666666666668	143.22	143.26	143.25333333333333	143.24	143.2	143.23333333333332	143.19333333333333	143.22	143.17333333333335	143.19333333333333	143.2	143.23333333333332	143.21333333333334	143.18666666666667	143.17333333333335	143.25333333333333	143.21333333333334	143.23333333333332	143.25333333333333	143.2	143.15333333333334	143.18	143.2	143.19333333333333	143.23333333333332	143.26	143.23333333333332	143.23333333333332	143.2	143.18666666666667	142.96	139.87333333333333	0.0
0.0	139.61333333333334	142.84	143.12	143.18	143.15333333333334	143.17333333333335	143.13333333333333	143.16666666666666	143.16	143.16666666666666	143.19333333333333	143.2	143.14666666666668	143.18	143.18	143.16666666666666	143.18666666666667	143.13333333333333	143.18	143.18666666666667	143.21333333333334	143.16666666666666	143.2	143.21333333333334	143.17333333333335	143.18	143.17333333333335	143.17333333333335	143.13333333333333	143.12	143.21333333333334	143.16	143.16666666666666	143.18666666666667	143.14666666666668	143.17333333333335	143.14	143.11333333333334	143.20666666666668	143.2	143.16666666666666	143.16666666666666	143.16666666666666	143.16666666666666	143.16	143.16666666666666	143.19333333333333	143.12	143.15333333333334	143.18666666666667	143.21333333333334	143.17333333333335	143.19333333333333	143.16666666666666	143.2	143.14666666666668	143.2	143.15333333333334	143.18	143.2	143.2	143.16666666666666	143.16666666666666	143.18666666666667	143.18	143.18	143.16	143.15333333333334	143.18	142.78666666666666	139.92666666666668	0.0
0.0	139.86666666666667	142.88	143.2	143.21333333333334	143.23333333333332	143.22	143.24	143.22	143.24666666666667	143.2	143.25333333333333	143.19333333333333	143.24666666666667	143.21333333333334	143.2	143.21333333333334	143.22666666666666	143.21333333333334	143.25333333333333	143.2	143.23333333333332	143.22666666666666	143.28	143.18666666666667	143.21333333333334	143.20666666666668	143.22666666666666	143.18	143.22666666666666	143.18666666666667	143.22666666666666	143.19333333333333	143.27333333333334	143.23333333333332	143.26	143.25333333333333	143.24666666666667	143.22	143.21333333333334	143.24	143.24	143.18666666666667	143.26	143.21333333333334	143.20666666666668	143.16666666666666	143.2	143.18	143.29333333333332	143.20666666666668	143.2	143.20666666666668	143.27333333333334	143.24	143.21333333333334	143.16666666666666	143.24	143.21333333333334	143.19333333333333	143.22	143.23333333333332	143.23333333333332	143.20666666666668	143.21333333333334	143.22666666666666	143.2	143.22	143.19333333333333	143.21333333333334	143.00666666666666	140.04	0.0
0.0	139.76	142.92	143.17333333333335	143.16666666666666	143.17333333333335	143.18666666666667	143.14	143.15333333333334	143.19333333333333	143.20666666666668	143.24	143.17333333333335	143.2	143.15333333333334	143.24	143.19333333333333	143.20666666666668	143.20666666666668	143.2	143.14	143.18666666666667	143.16666666666666	143.23333333333332	143.2	143.18	143.2	143.2	143.19333333333333	143.20666666666668	143.20666666666668	143.2	143.14	143.16666666666666	143.18	143.16666666666666	143.16	143.2	143.24666666666667	143.17333333333335	143.13333333333333	143.14	143.16666666666666	143.18	143.19333333333333	143.20666666666668	143.17333333333335	143.14	143.14666666666668	143.17333333333335	143.20666666666668	143.16666666666666	143.17333333333335	143.18666666666667	143.16	143.17333333333335	143.16	143.18666666666667	143.14666666666668	143.15333333333334	143.22666666666666	143.21333333333334	143.19333333333333	143.17333333333335	143.20666666666668	143.19333333333333	143.16	143.19333333333333	143.12	143.16666666666666	142.97333333333333	139.8	0.0
0.0	139.92	142.91333333333333	143.18666666666667	143.18	143.18	143.18666666666667	143.2	143.16666666666666	143.19333333333333	143.15333333333334	143.20666666666668	143.2	143.24666666666667	143.24	143.18666666666667	143.21333333333334	143.16666666666666	143.27333333333334	143.20666666666668	143.17333333333335	143.18	143.19333333333333	143.2	143.23333333333332	143.18666666666667	143.25333333333333	143.16	143.15333333333334	143.20666666666668	143.16666666666666	143.2	143.23333333333332	143.18	143.17333333333335	143.18	143.21333333333334	143.2	143.19333333333333	143.2	143.22666666666666	143.23333333333332	143.18666666666667	143.22	143.22	143.22	143.17333333333335	143.20666666666668	143.2	143.20666666666668	143.17333333333335	143.25333333333333	143.24666666666667	143.22	143.19333333333333	143.18666666666667	143.19333333333333	143.25333333333333	143.19333333333333	143.25333333333333	143.20666666666668	143.17333333333335	143.23333333333332	143.20666666666668	143.15333333333334	143.22	143.22	143.16	143.2	143.13333333333333	142.9	139.88	0.0
0.0	139.88666666666666	142.92666666666668	143.16666666666666	143.20666666666668	143.21333333333334	143.18	143.18666666666667	143.23333333333332	143.24	143.22666666666666	143.25333333333333	143.19333333333333	143.24	143.21333333333334	143.2	143.2	143.18666666666667	143.19333333333333	143.23333333333332	143.20666666666668	143.20666666666668	143.24	143.2	143.16	143.18666666666667	143.17333333333335	143.20666666666668	143.18	143.19333333333333	143.17333333333335	143.2	143.19333333333333	143.22	143.16666666666666	143.19333333333333	143.21333333333334	143.26	143.18666666666667	143.22666666666666	143.22666666666666	143.22666666666666	143.21333333333334	143.20666666666668	143.22666666666666	143.19333333333333	143.2	143.24666666666667	143.22666666666666	143.2	143.22666666666666	143.22	143.2	143.24	143.22	143.24666666666667	143.22	143.18666666666667	143.17333333333335	143.18666666666667	143.24	143.22666666666666	143.22666666666666	143.21333333333334	143.25333333333333	143.22	143.18	143.22	143.20666666666668	143.13333333333333	142.96	139.95333333333335	0.0
0.0	139.9	142.95333333333335	143.19333333333333	143.19333333333333	143.20666666666668	143.21333333333334	143.22666666666666	143.20666666666668	143.22	143.22	143.20666666666668	143.22666666666666	143.20666666666668	143.20666666666668	143.2	143.22666666666666	143.24666666666667	143.2	143.2	143.22666666666666	143.26	143.20666666666668	143.22	143.24	143.18	143.19333333333333	143.2	143.21333333333334	143.24	143.23333333333332	143.23333333333332	143.22666666666666	143.22	143.26	143.2	143.24	143.24666666666667	143.22666666666666	143.24666666666667	143.18666666666667	143.21333333333334	143.17333333333335	143.22	143.2	143.24666666666667	143.21333333333334	143.23333333333332	143.24	143.25333333333333	143.22	143.22666666666666	143.23333333333332	143.2	143.24	143.26	143.22666666666666	143.24	143.22666666666666	143.22	143.24	143.24666666666667	143.21333333333334	143.18	143.25333333333333	143.24	143.21333333333334	143.26666666666668	143.26	143.16666666666666	142.93333333333334	139.92	0.0
0.0	139.72666666666666	142.85333333333332	143.16	143.16	143.22666666666666	143.20666666666668	143.22	143.18666666666667	143.21333333333334	143.2	143.22666666666666	143.22	143.23333333333332	143.2	143.2	143.19333333333333	143.17333333333335	143.16666666666666	143.21333333333334	143.20666666666668	143.17333333333335	143.18666666666667	143.12666666666667	143.13333333333333	143.2	143.18	143.18	143.22	143.14666666666668	143.18666666666667	143.18666666666667	143.17333333333335	143.2	143.2	143.21333333333334	143.16666666666666	143.19333333333333	143.18	143.17333333333335	143.22	143.22666666666666	143.18666666666667	143.23333333333332	143.16666666666666	143.19333333333333	143.22666666666666	143.19333333333333	143.18666666666667	143.20666666666668	143.18	143.18	143.2	143.15333333333334	143.19333333333333	143.22666666666666	143.15333333333334	143.17333333333335	143.21333333333334	143.17333333333335	143.20666666666668	143.24	143.17333333333335	143.23333333333332	143.22666666666666	143.19333333333333	143.22	143.22	143.21333333333334	143.14	142.88	139.83333333333334	0.0
0.0	139.72666666666666	142.79333333333332	143.16666666666666	143.14666666666668	143.16666666666666	143.14666666666668	143.18	143.16666666666666	143.17333333333335	143.18666666666667	143.13333333333333	143.09333333333333	143.21333333333334	143.15333333333334	143.15333333333334	143.14666666666668	143.14666666666668	143.16	143.17333333333335	143.14666666666668	143.16666666666666	143.14	143.19333333333333	143.11333333333334	143.14666666666668	143.16666666666666	143.15333333333334	143.14666666666668	143.16666666666666	143.16666666666666	143.14666666666668	143.13333333333333	143.24666666666667	143.18	143.12666666666667	143.11333333333334	143.16	143.13333333333333	143.21333333333334	143.16	143.11333333333334	143.11333333333334	143.14666666666668	143.12666666666667	143.16	143.18	143.12666666666667	143.14666666666668	143.1	143.16	143.19333333333333	143.16666666666666	143.10666666666665	143.15333333333334	143.14666666666668	143.18666666666667	143.14	143.16	143.15333333333334	143.16666666666666	143.14	143.14	143.15333333333334	143.11333333333334	143.16	143.12	143.12666666666667	143.14	143.09333333333333	142.89333333333335	139.79333333333332	0.0
0.0	139.84666666666666	142.88666666666666	143.23333333333332	143.2	143.21333333333334	143.15333333333334	143.21333333333334	143.18666666666667	143.22	143.21333333333334	143.17333333333335	143.20666666666668	143.18	143.22666666666666	143.19333333333333	143.16	143.2	143.19333333333333	143.18	143.24666666666667	143.15333333333334	143.22	143.16	143.17333333333335	143.18	143.18	143.23333333333332	143.2	143.18666666666667	143.22666666666666	143.18	143.19333333333333	143.23333333333332	143.18666666666667	143.22666666666666	143.2	143.2	143.18	143.16	143.16	143.17333333333335	143.16666666666666	143.25333333333333	143.2	143.22	143.18	143.24	143.21333333333334	143.19333333333333	143.17333333333335	143.19333333333333	143.19333333333333	143.19333333333333	143.18666666666667	143.2	143.20666666666668	143.23333333333332	143.18	143.18666666666667	143.18666666666667	143.21333333333334	143.26666666666668	143.22	143.24	143.17333333333335	143.22666666666666	143.2	143.18666666666667	143.16666666666666	142.84	139.8	0.0
0.0	139.80666666666667	142.86666666666667	143.2	143.23333333333332	143.24	143.23333333333332	143.2	143.18666666666667	143.24	143.22666666666666	143.20666666666668	143.23333333333332	143.22666666666666	143.19333333333333	143.19333333333333	143.17333333333335	143.2	143.20666666666668	143.22	143.20666666666668	143.24666666666667	143.20666666666668	143.18	143.23333333333332	143.24	143.26	143.24666666666667	143.21333333333334	143.26	143.20666666666668	143.22666666666666	143.22	143.3	143.22666666666666	143.26	143.28666666666666	143.22666666666666	143.23333333333332	143.20666666666668	143.26	143.16666666666666	143.21333333333334	143.20666666666668	143.18666666666667	143.23333333333332	143.19333333333333	143.21333333333334	143.16666666666666	143.2	143.19333333333333	143.24666666666667	143.22666666666666	143.22	143.2	143.21333333333334	143.26	143.19333333333333	143.20666666666668	143.24666666666667	143.18	143.22	143.24	143.22666666666666	143.18666666666667	143.20666666666668	143.23333333333332	143.18666666666667	143.20666666666668	143.17333333333335	142.98666666666668	139.98	0.0
0.0	139.99333333333334	142.90666666666667	143.19333333333333	143.2	143.16	143.23333333333332	143.23333333333332	143.20666666666668	143.14666666666668	143.22	143.19333333333333	143.16666666666666	143.22666666666666	143.17333333333335	143.18	143.16666666666666	143.18	143.17333333333335	143.2	143.22666666666666	143.19333333333333	143.16666666666666	143.17333333333335	143.15333333333334	143.15333333333334	143.17333333333335	143.17333333333335	143.22666666666666	143.18	143.24	143.2	143.18666666666667	143.16666666666666	143.22666666666666	143.19333333333333	143.16666666666666	143.22	143.19333333333333	143.18666666666667	143.17333333333335	143.18	143.17333333333335	143.15333333333334	143.18	143.16	143.21333333333334	143.19333333333333	143.21333333333334	143.16	143.24	143.18	143.18666666666667	143.15333333333334	143.19333333333333	143.18	143.17333333333335	143.22666666666666	143.18	143.13333333333333	143.20666666666668	143.19333333333333	143.18	143.14	143.16666666666666	143.24666666666667	143.17333333333335	143.20666666666668	143.18	143.12666666666667	142.79333333333332	139.9	0.0
0.0	139.82666666666665	142.94666666666666	143.16	143.22	143.22	143.20666666666668	143.21333333333334	143.27333333333334	143.21333333333334	143.17333333333335	143.21333333333334	143.25333333333333	143.2	143.20666666666668	143.22666666666666	143.22	143.24	143.2	143.24	143.23333333333332	143.21333333333334	143.20666666666668	143.18666666666667	143.21333333333334	143.24	143.18	143.20666666666668	143.2	143.24666666666667	143.23333333333332	143.21333333333334	143.21333333333334	143.21333333333334	143.22666666666666	143.23333333333332	143.2	143.21333333333334	143.20666666666668	143.17333333333335	143.18666666666667	143.24	143.24666666666667	143.19333333333333	143.27333333333334	143.22	143.24666666666667	143.21333333333334	143.20666666666668	143.24	143.21333333333334	143.21333333333334	143.23333333333332	143.25333333333333	143.23333333333332	143.18	143.21333333333334	143.20666666666668	143.18666666666667	143.24	143.20666666666668	143.18666666666667	143.17333333333335	143.24	143.28	143.26666666666668	143.21333333333334	143.19333333333333	143.27333333333334	143.22	142.94666666666666	139.95333333333335	0.0
0.0	140.02666666666667	142.9	143.18	143.23333333333332	143.16666666666666	143.21333333333334	143.26666666666668	143.24666666666667	143.20666666666668	143.22666666666666	143.16666666666666	143.2	143.18666666666667	143.26	143.20666666666668	143.20666666666668	143.21333333333334	143.24	143.2	143.23333333333332	143.2	143.22666666666666	143.24	143.28	143.16	143.23333333333332	143.24	143.20666666666668	143.17333333333335	143.25333333333333	143.22666666666666	143.16	143.22	143.22666666666666	143.21333333333334	143.19333333333333	143.18	143.26666666666668	143.16666666666666	143.2	143.22	143.22666666666666	143.20666666666668	143.22	143.24	143.18666666666667	143.22666666666666	143.21333333333334	143.23333333333332	143.18666666666667	143.21333333333334	143.18666666666667	143.20666666666668	143.19333333333333	143.20666666666668	143.2	143.22	143.19333333333333	143.21333333333334	143.21333333333334	143.21333333333334	143.18	143.2	143.25333333333333	143.2	143.22666666666666	143.21333333333334	143.21333333333334	143.14666666666668	142.91333333333333	139.96666666666667	0.0
0.0	140.12666666666667	142.92666666666668	143.24666666666667	143.2	143.2	143.18666666666667	143.25333333333333	143.24	143.18	143.23333333333332	143.23333333333332	143.24666666666667	143.2	143.24	143.18666666666667	143.22666666666666	143.21333333333334	143.24	143.22	143.24	143.17333333333335	143.22	143.24666666666667	143.23333333333332	143.18	143.23333333333332	143.21333333333334	143.20666666666668	143.22	143.2	143.22666666666666	143.18666666666667	143.20666666666668	143.22	143.2	143.22	143.20666666666668	143.2	143.25333333333333	143.25333333333333	143.2	143.16666666666666	143.26666666666668	143.22666666666666	143.18666666666667	143.24	143.25333333333333	143.24	143.22	143.22666666666666	143.19333333333333	143.24666666666667	143.2	143.19333333333333	143.22666666666666	143.21333333333334	143.22666666666666	143.24	143.19333333333333	143.21333333333334	143.22	143.19333333333333	143.21333333333334	143.20666666666668	143.2	143.22	143.20666666666668	143.2	143.17333333333335	142.9	139.9	0.0
0.0	139.73333333333332	142.86	143.17333333333335	143.19333333333333	143.16666666666666	143.21333333333334	143.21333333333334	143.18	143.2	143.17333333333335	143.2	143.19333333333333	143.15333333333334	143.20666666666668	143.14666666666668	143.19333333333333	143.18	143.2	143.12	143.18666666666667	143.19333333333333	143.16	143.17333333333335	143.20666666666668	143.22	143.22666666666666	143.2	143.24	143.17333333333335	143.16666666666666	143.18	143.19333333333333	143.2	143.21333333333334	143.16	143.13333333333333	143.20666666666668	143.17333333333335	143.16	143.13333333333333	143.14	143.20666666666668	143.15333333333334	143.24	143.18	143.25333333333333	143.16666666666666	143.24	143.19333333333333	143.15333333333334	143.18666666666667	143.17333333333335	143.18666666666667	143.18666666666667	143.20666666666668	143.2	143.18	143.17333333333335	143.18	143.20666666666668	143.18	143.17333333333335	143.17333333333335	143.21333333333334	143.22	143.2	143.24	143.18	143.12666666666667	142.86	139.92	0.0
0.0	139.84666666666666	142.87333333333333	143.08666666666667	143.18666666666667	143.17333333333335	143.18	143.14666666666668	143.16	143.18	143.18666666666667	143.16666666666666	143.17333333333335	143.14	143.23333333333332	143.15333333333334	143.10666666666665	143.15333333333334	143.19333333333333	143.15333333333334	143.16	143.15333333333334	143.18	143.16666666666666	143.13333333333333	143.20666666666668	143.14666666666668	143.18	143.18	143.17333333333335	143.16	143.12	143.18666666666667	143.17333333333335	143.2	143.15333333333334	143.12666666666667	143.2	143.17333333333335	143.14666666666668	143.13333333333333	143.14	143.18	143.18	143.17333333333335	143.19333333333333	143.17333333333335	143.17333333333335	143.18666666666667	143.16	143.16666666666666	143.16	143.16666666666666	143.16666666666666	143.10666666666665	143.19333333333333	143.16666666666666	143.15333333333334	143.18	143.13333333333333	143.16	143.18	143.16	143.18666666666667	143.2	143.22	143.18666666666667	143.13333333333333	143.15333333333334	143.10666666666665	142.85333333333332	139.81333333333333	0.0
0.0	139.9	142.98	143.14	143.17333333333335	143.13333333333333	143.15333333333334	143.14	143.21333333333334	143.14666666666668	143.23333333333332	143.16	143.15333333333334	143.19333333333333	143.19333333333333	143.20666666666668	143.22	143.19333333333333	143.18	143.17333333333335	143.20666666666668	143.20666666666668	143.14	143.16	143.17333333333335	143.19333333333333	143.19333333333333	143.16	143.16666666666666	143.16	143.20666666666668	143.23333333333332	143.16666666666666	143.16666666666666	143.17333333333335	143.2	143.18666666666667	143.22	143.15333333333334	143.14	143.13333333333333	143.17333333333335	143.16666666666666	143.12666666666667	143.14	143.14666666666668	143.17333333333335	143.15333333333334	143.14666666666668	143.12	143.13333333333333	143.18666666666667	143.18	143.17333333333335	143.24	143.17333333333335	143.19333333333333	143.16666666666666	143.15333333333334	143.16666666666666	143.17333333333335	143.16	143.18	143.13333333333333	143.15333333333334	143.15333333333334	143.19333333333333	143.14	143.19333333333333	143.18	142.94666666666666	139.88666666666666	0.0
0.0	140.00666666666666	142.90666666666667	143.18666666666667	143.19333333333333	143.18	143.19333333333333	143.16666666666666	143.18666666666667	143.19333333333333	143.18666666666667	143.24666666666667	143.18666666666667	143.15333333333334	143.20666666666668	143.19333333333333	143.2	143.18	143.16666666666666	143.2	143.21333333333334	143.22666666666666	143.19333333333333	143.16666666666666	143.17333333333335	143.2	143.24	143.18	143.17333333333335	143.24	143.16666666666666	143.22666666666666	143.19333333333333	143.16	143.21333333333334	143.24666666666667	143.16	143.16666666666666	143.18	143.14	143.2	143.2	143.18	143.14	143.21333333333334	143.21333333333334	143.18	143.26	143.2	143.27333333333334	143.17333333333335	143.18666666666667	143.17333333333335	143.19333333333333	143.19333333333333	143.17333333333335	143.16	143.18666666666667	143.18666666666667	143.16666666666666	143.15333333333334	143.19333333333333	143.23333333333332	143.18666666666667	143.18666666666667	143.19333333333333	143.18	143.16666666666666	143.2	143.18666666666667	142.91333333333333	139.73333333333332	0.0
0.0	139.79333333333332	142.91333333333333	143.21333333333334	143.22666666666666	143.22	143.22	143.23333333333332	143.21333333333334	143.25333333333333	143.20666666666668	143.21333333333334	143.21333333333334	143.24666666666667	143.24666666666667	143.19333333333333	143.24	143.25333333333333	143.24666666666667	143.21333333333334	143.22666666666666	143.23333333333332	143.22	143.2	143.22	143.19333333333333	143.19333333333333	143.28	143.24666666666667	143.21333333333334	143.22	143.24	143.23333333333332	143.25333333333333	143.24	143.23333333333332	143.21333333333334	143.25333333333333	143.22666666666666	143.21333333333334	143.23333333333332	143.18	143.22666666666666	143.20666666666668	143.24	143.22666666666666	143.18666666666667	143.24	143.23333333333332	143.19333333333333	143.22	143.27333333333334	143.22	143.24	143.22	143.20666666666668	143.22	143.20666666666668	143.23333333333332	143.21333333333334	143.21333333333334	143.22666666666666	143.24666666666667	143.22	143.21333333333334	143.17333333333335	143.22666666666666	143.20666666666668	143.20666666666668	143.20666666666668	142.96	139.98666666666668	0.0
0.0	139.56666666666666	142.95333333333335	143.16666666666666	143.20666666666668	143.12666666666667	143.21333333333334	143.17333333333335	143.21333333333334	143.18666666666667	143.18	143.19333333333333	143.18666666666667	143.19333333333333	143.16666666666666	143.14666666666668	143.16	143.22666666666666	143.18	143.22	143.16666666666666	143.19333333333333	143.22	143.22	143.16666666666666	143.18	143.13333333333333	143.17333333333335	143.16	143.16666666666666	143.18666666666667	143.16	143.14	143.14	143.24	143.14666666666668	143.20666666666668	143.19333333333333	143.19333333333333	143.16666666666666	143.15333333333334	143.17333333333335	143.19333333333333	143.18666666666667	143.18	143.19333333333333	143.20666666666668	143.14666666666668	143.21333333333334	143.17333333333335	143.23333333333332	143.2	143.22	143.19333333333333	143.16	143.19333333333333	143.16666666666666	143.2	143.2	143.18	143.10666666666665	143.16	143.18	143.2	143.16666666666666	143.18	143.17333333333335	143.17333333333335	143.14666666666668	143.11333333333334	142.91333333333333	139.94	0.0
0.0	139.93333333333334	142.88666666666666	143.20666666666668	143.18	143.21333333333334	143.22666666666666	143.21333333333334	143.2	143.15333333333334	143.22	143.16666666666666	143.14666666666668	143.2	143.16	143.16	143.22	143.20666666666668	143.19333333333333	143.16666666666666	143.23333333333332	143.18	143.16666666666666	143.19333333333333	143.19333333333333	143.17333333333335	143.15333333333334	143.19333333333333	143.20666666666668	143.21333333333334	143.2	143.16666666666666	143.19333333333333	143.2	143.2	143.16666666666666	143.23333333333332	143.2	143.21333333333334	143.17333333333335	143.16666666666666	143.2	143.17333333333335	143.22	143.24	143.16666666666666	143.22666666666666	143.23333333333332	143.17333333333335	143.16	143.18	143.2	143.16666666666666	143.17333333333335	143.17333333333335	143.26	143.26	143.14666666666668	143.16666666666666	143.22	143.21333333333334	143.17333333333335	143.16666666666666	143.19333333333333	143.20666666666668	143.22	143.22	143.18666666666667	143.14666666666668	143.12666666666667	142.9	139.90666666666667	0.0
0.0	139.68	142.84	143.12666666666667	143.13333333333333	143.16666666666666	143.24666666666667	143.18666666666667	143.16	143.18	143.14666666666668	143.13333333333333	143.18	143.19333333333333	143.16666666666666	143.2	143.16666666666666	143.2	143.15333333333334	143.13333333333333	143.18666666666667	143.16	143.16666666666666	143.18	143.18	143.16	143.19333333333333	143.12666666666667	143.17333333333335	143.20666666666668	143.14666666666668	143.21333333333334	143.14666666666668	143.16666666666666	143.21333333333334	143.16	143.13333333333333	143.18	143.17333333333335	143.14666666666668	143.21333333333334	143.14666666666668	143.18	143.17333333333335	143.20666666666668	143.15333333333334	143.17333333333335	143.16666666666666	143.16666666666666	143.14	143.16666666666666	143.13333333333333	143.15333333333334	143.2	143.12666666666667	143.12666666666667	143.21333333333334	143.19333333333333	143.17333333333335	143.16	143.18666666666667	143.18666666666667	143.16	143.15333333333334	143.16666666666666	143.15333333333334	143.16	143.16	143.19333333333333	143.12666666666667	142.82666666666665	140.03333333333333	0.0
0.0	139.94	142.89333333333335	143.2	143.19333333333333	143.20666666666668	143.22	143.22666666666666	143.24666666666667	143.24666666666667	143.22	143.20666666666668	143.23333333333332	143.20666666666668	143.18666666666667	143.24	143.22	143.17333333333335	143.22666666666666	143.22	143.20666666666668	143.20666666666668	143.19333333333333	143.24	143.16	143.20666666666668	143.17333333333335	143.20666666666668	143.21333333333334	143.2	143.18666666666667	143.16666666666666	143.19333333333333	143.23333333333332	143.21333333333334	143.20666666666668	143.22	143.28	143.21333333333334	143.22666666666666	143.23333333333332	143.22666666666666	143.22666666666666	143.26	143.18666666666667	143.20666666666668	143.19333333333333	143.25333333333333	143.18	143.23333333333332	143.22666666666666	143.2	143.2	143.24666666666667	143.16	143.18	143.18	143.2	143.20666666666668	143.2	143.24	143.24666666666667	143.18666666666667	143.24666666666667	143.24	143.2	143.18666666666667	143.22	143.2	143.16	142.96	140.23333333333332	0.0
0.0	140.19333333333333	142.86666666666667	143.17333333333335	143.14666666666668	143.17333333333335	143.2	143.16666666666666	143.18666666666667	143.20666666666668	143.16	143.20666666666668	143.19333333333333	143.14666666666668	143.20666666666668	143.2	143.2	143.16666666666666	143.12666666666667	143.14	143.17333333333335	143.16666666666666	143.21333333333334	143.19333333333333	143.19333333333333	143.17333333333335	143.2	143.21333333333334	143.21333333333334	143.16666666666666	143.14666666666668	143.18666666666667	143.23333333333332	143.14666666666668	143.14	143.19333333333333	143.24666666666667	143.2	143.16	143.16	143.16666666666666	143.18666666666667	143.18666666666667	143.19333333333333	143.15333333333334	143.18	143.22666666666666	143.18	143.21333333333334	143.2	143.17333333333335	143.15333333333334	143.14666666666668	143.16	143.23333333333332	143.16666666666666	143.2	143.23333333333332	143.24	143.2	143.22	143.22	143.21333333333334	143.16666666666666	143.16666666666666	143.17333333333335	143.20666666666668	143.16666666666666	143.18666666666667	143.14	142.89333333333335	140.02666666666667	0.0
0.0	139.96666666666667	142.94	143.13333333333333	143.16	143.14666666666668	143.16	143.19333333333333	143.16666666666666	143.14	143.12666666666667	143.15333333333334	143.19333333333333	143.18	143.17333333333335	143.14	143.11333333333334	143.18	143.15333333333334	143.17333333333335	143.11333333333334	143.18666666666667	143.14666666666668	143.18	143.19333333333333	143.12666666666667	143.16	143.14	143.17333333333335	143.14666666666668	143.18	143.16	143.12666666666667	143.17333333333335	143.17333333333335	143.14666666666668	143.14666666666668	143.2	143.16	143.12	143.17333333333335	143.13333333333333	143.17333333333335	143.16666666666666	143.20666666666668	143.15333333333334	143.18666666666667	143.14	143.12	143.14	143.14666666666668	143.17333333333335	143.16	143.14666666666668	143.14	143.18	143.10666666666665	143.12666666666667	143.16	143.21333333333334	143.19333333333333	143.16	143.14666666666668	143.13333333333333	143.14	143.15333333333334	143.16666666666666	143.12	143.12666666666667	143.14	142.94	139.98	0.0
0.0	140.19333333333333	143.00666666666666	143.19333333333333	143.20666666666668	143.18666666666667	143.18	143.22	143.23333333333332	143.20666666666668	143.19333333333333	143.24	143.19333333333333	143.20666666666668	143.20666666666668	143.20666666666668	143.20666666666668	143.22	143.19333333333333	143.22666666666666	143.19333333333333	143.19333333333333	143.16	143.14666666666668	143.27333333333334	143.23333333333332	143.18666666666667	143.19333333333333	143.2	143.17333333333335	143.23333333333332	143.22666666666666	143.2	143.26	143.16	143.21333333333334	143.20666666666668	143.17333333333335	143.19333333333333	143.19333333333333	143.22	143.19333333333333	143.24	143.16666666666666	143.18666666666667	143.25333333333333	143.19333333333333	143.21333333333334	143.21333333333334	143.14666666666668	143.16	143.22	143.16	143.22	143.22666666666666	143.2	143.18	143.2	143.22	143.19333333333333	143.19333333333333	143.2	143.19333333333333	143.22	143.18666666666667	143.21333333333334	143.18	143.22	143.19333333333333	143.17333333333335	142.84	139.8	0.0
0.0	139.74666666666667	142.86666666666667	143.14	143.17333333333335	143.19333333333333	143.20666666666668	143.18666666666667	143.14666666666668	143.17333333333335	143.16	143.13333333333333	143.16666666666666	143.16	143.13333333333333	143.16666666666666	143.20666666666668	143.14666666666668	143.15333333333334	143.23333333333332	143.12666666666667	143.18	143.14	143.17333333333335	143.13333333333333	143.12	143.15333333333334	143.14	143.15333333333334	143.20666666666668	143.14666666666668	143.15333333333334	143.17333333333335	143.16	143.16666666666666	143.18	143.18666666666667	143.22666666666666	143.14666666666668	143.16	143.16	143.17333333333335	143.16666666666666	143.16	143.18666666666667	143.15333333333334	143.14666666666668	143.16666666666666	143.14	143.14666666666668	143.15333333333334	143.11333333333334	143.14	143.2	143.19333333333333	143.16666666666666	143.16	143.14	143.14666666666668	143.19333333333333	143.16	143.14	143.20666666666668	143.14666666666668	143.20666666666668	143.18666666666667	143.16	143.16	143.18	143.14666666666668	142.85333333333332	139.94	0.0
0.0	139.64666666666668	142.96	143.14	143.24666666666667	143.2	143.2	143.19333333333333	143.20666666666668	143.19333333333333	143.17333333333335	143.19333333333333	143.17333333333335	143.18666666666667	143.19333333333333	143.2	143.18666666666667	143.2	143.2	143.18	143.19333333333333	143.22	143.22666666666666	143.19333333333333	143.16666666666666	143.19333333333333	143.2	143.17333333333335	143.21333333333334	143.16666666666666	143.16666666666666	143.19333333333333	143.20666666666668	143.18	143.2	143.16	143.20666666666668	143.18	143.2	143.18	143.20666666666668	143.18666666666667	143.18666666666667	143.18666666666667	143.19333333333333	143.17333333333335	143.16666666666666	143.16666666666666	143.18	143.19333333333333	143.25333333333333	143.19333333333333	143.18666666666667	143.20666666666668	143.18666666666667	143.18	143.16	143.17333333333335	143.21333333333334	143.16666666666666	143.16666666666666	143.22	143.22	143.22	143.20666666666668	143.25333333333333	143.22666666666666	143.22666666666666	143.18666666666667	143.16	142.87333333333333	139.76666666666668	0.0
0.0	139.66666666666666	142.87333333333333	143.14666666666668	143.16666666666666	143.2	143.20666666666668	143.18	143.16666666666666	143.2	143.2	143.22	143.18	143.22	143.19333333333333	143.20666666666668	143.18	143.18	143.18666666666667	143.16666666666666	143.16	143.19333333333333	143.18	143.18	143.16666666666666	143.17333333333335	143.19333333333333	143.14	143.16666666666666	143.18666666666667	143.24666666666667	143.25333333333333	143.18666666666667	143.20666666666668	143.18666666666667	143.17333333333335	143.18	143.25333333333333	143.22666666666666	143.22	143.2	143.22666666666666	143.19333333333333	143.18	143.25333333333333	143.22666666666666	143.2	143.19333333333333	143.18	143.18666666666667	143.15333333333334	143.19333333333333	143.19333333333333	143.17333333333335	143.21333333333334	143.20666666666668	143.21333333333334	143.19333333333333	143.18666666666667	143.25333333333333	143.19333333333333	143.24	143.21333333333334	143.2	143.19333333333333	143.16666666666666	143.18	143.19333333333333	143.2	143.17333333333335	142.90666666666667	139.78	0.0
0.0	139.94	142.94666666666666	143.14666666666668	143.15333333333334	143.1	143.18666666666667	143.12666666666667	143.15333333333334	143.20666666666668	143.19333333333333	143.14666666666668	143.15333333333334	143.18666666666667	143.15333333333334	143.13333333333333	143.14	143.14	143.16666666666666	143.16666666666666	143.17333333333335	143.20666666666668	143.17333333333335	143.14666666666668	143.18	143.20666666666668	143.16	143.14666666666668	143.14666666666668	143.14666666666668	143.15333333333334	143.18	143.17333333333335	143.18	143.12	143.10666666666665	143.15333333333334	143.18	143.15333333333334	143.16666666666666	143.21333333333334	143.13333333333333	143.20666666666668	143.14666666666668	143.15333333333334	143.2	143.14666666666668	143.12666666666667	143.2	143.14	143.16666666666666	143.16666666666666	143.13333333333333	143.19333333333333	143.19333333333333	143.14	143.17333333333335	143.17333333333335	143.21333333333334	143.16	143.1	143.14	143.16	143.16666666666666	143.13333333333333	143.18	143.16	143.16666666666666	143.12	143.12666666666667	142.94	139.76666666666668	0.0
0.0	139.88666666666666	142.94	143.17333333333335	143.22	143.21333333333334	143.17333333333335	143.21333333333334	143.21333333333334	143.22	143.24	143.23333333333332	143.20666666666668	143.2	143.18	143.17333333333335	143.19333333333333	143.22666666666666	143.22666666666666	143.23333333333332	143.27333333333334	143.23333333333332	143.19333333333333	143.20666666666668	143.21333333333334	143.21333333333334	143.22	143.26666666666668	143.26666666666668	143.23333333333332	143.22666666666666	143.18	143.2	143.16666666666666	143.22	143.24666666666667	143.17333333333335	143.22	143.20666666666668	143.23333333333332	143.25333333333333	143.16	143.2	143.24666666666667	143.20666666666668	143.22666666666666	143.23333333333332	143.20666666666668	143.19333333333333	143.22	143.22	143.21333333333334	143.21333333333334	143.23333333333332	143.22	143.2	143.2	143.22666666666666	143.23333333333332	143.16	143.22	143.20666666666668	143.2	143.22666666666666	143.21333333333334	143.22666666666666	143.2	143.28666666666666	143.24	143.22	142.97333333333333	139.94	0.0
0.0	139.85333333333332	142.90666666666667	143.19333333333333	143.18	143.17333333333335	143.15333333333334	143.17333333333335	143.22666666666666	143.21333333333334	143.22	143.22666666666666	143.20666666666668	143.16	143.27333333333334	143.20666666666668	143.17333333333335	143.17333333333335	143.17333333333335	143.17333333333335	143.19333333333333	143.18	143.20666666666668	143.19333333333333	143.18	143.16666666666666	143.21333333333334	143.18	143.20666666666668	143.19333333333333	143.20666666666668	143.22	143.20666666666668	143.19333333333333	143.22	143.19333333333333	143.16666666666666	143.19333333333333	143.23333333333332	143.23333333333332	143.18666666666667	143.18666666666667	143.16666666666666	143.20666666666668	143.24	143.19333333333333	143.2	143.19333333333333	143.19333333333333	143.19333333333333	143.2	143.22666666666666	143.2	143.18	143.21333333333334	143.17333333333335	143.19333333333333	143.18	143.22666666666666	143.18	143.2	143.20666666666668	143.19333333333333	143.23333333333332	143.20666666666668	143.24	143.2	143.17333333333335	143.16	143.24	142.92666666666668	139.92666666666668	0.0
0.0	139.80666666666667	142.87333333333333	143.19333333333333	143.20666666666668	143.15333333333334	143.21333333333334	143.20666666666668	143.18666666666667	143.2	143.18666666666667	143.23333333333332	143.2	143.22	143.23333333333332	143.22	143.17333333333335	143.23333333333332	143.2	143.24666666666667	143.21333333333334	143.20666666666668	143.22666666666666	143.22	143.19333333333333	143.18	143.22666666666666	143.2	143.18666666666667	143.21333333333334	143.21333333333334	143.2	143.18666666666667	143.18	143.24	143.21333333333334	143.20666666666668	143.22666666666666	143.20666666666668	143.23333333333332	143.20666666666668	143.24	143.22	143.21333333333334	143.22	143.2	143.24	143.22	143.19333333333333	143.19333333333333	143.2	143.2	143.2	143.20666666666668	143.20666666666668	143.22666666666666	143.26	143.18666666666667	143.18	143.28666666666666	143.27333333333334	143.23333333333332	143.22	143.21333333333334	143.23333333333332	143.23333333333332	143.24666666666667	143.2	143.21333333333334	143.2	143.01333333333332	140.22666666666666	0.0
0.0	139.97333333333333	142.98	143.1	143.12	143.14666666666668	143.15333333333334	143.10666666666665	143.12	143.13333333333333	143.14	143.14666666666668	143.1	143.12	143.2	143.21333333333334	143.13333333333333	143.14	143.10666666666665	143.10666666666665	143.16666666666666	143.09333333333333	143.14	143.20666666666668	143.15333333333334	143.18	143.14666666666668	143.11333333333334	143.13333333333333	143.10666666666665	143.17333333333335	143.14666666666668	143.14666666666668	143.13333333333333	143.12666666666667	143.08	143.11333333333334	143.16666666666666	143.14666666666668	143.16	143.1	143.14	143.14666666666668	143.13333333333333	143.15333333333334	143.11333333333334	143.14	143.19333333333333	143.14	143.13333333333333	143.16	143.14	143.13333333333333	143.15333333333334	143.12666666666667	143.11333333333334	143.11333333333334	143.16	143.18666666666667	143.12	143.12	143.16666666666666	143.15333333333334	143.17333333333335	143.14	143.12	143.13333333333333	143.10666666666665	143.09333333333333	143.09333333333333	142.92666666666668	140.01333333333332	0.0
0.0	139.82	142.96	143.20666666666668	143.19333333333333	143.18666666666667	143.19333333333333	143.19333333333333	143.19333333333333	143.20666666666668	143.26	143.28	143.23333333333332	143.20666666666668	143.2	143.23333333333332	143.21333333333334	143.16666666666666	143.21333333333334	143.21333333333334	143.23333333333332	143.23333333333332	143.2	143.22	143.21333333333334	143.2	143.21333333333334	143.19333333333333	143.22	143.22	143.20666666666668	143.24	143.24	143.28	143.2	143.16666666666666	143.2	143.20666666666668	143.21333333333334	143.17333333333335	143.20666666666668	143.24	143.20666666666668	143.20666666666668	143.20666666666668	143.18	143.23333333333332	143.21333333333334	143.21333333333334	143.22666666666666	143.2	143.26	143.23333333333332	143.25333333333333	143.27333333333334	143.25333333333333	143.22666666666666	143.22666666666666	143.2	143.26	143.21333333333334	143.22	143.24	143.19333333333333	143.22	143.21333333333334	143.22	143.22666666666666	143.20666666666668	143.16	142.90666666666667	140.30666666666667	0.0
0.0	139.64666666666668	142.84666666666666	143.17333333333335	143.15333333333334	143.2	143.14666666666668	143.24	143.25333333333333	143.16	143.18	143.2	143.2	143.20666666666668	143.16	143.17333333333335	143.21333333333334	143.17333333333335	143.2	143.2	143.18666666666667	143.16	143.26	143.16	143.18	143.17333333333335	143.21333333333334	143.18666666666667	143.18	143.18666666666667	143.26	143.18666666666667	143.26	143.17333333333335	143.18	143.21333333333334	143.16666666666666	143.16	143.18	143.16666666666666	143.21333333333334	143.2	143.22666666666666	143.16666666666666	143.16	143.2	143.17333333333335	143.18666666666667	143.16666666666666	143.16666666666666	143.14	143.24	143.15333333333334	143.20666666666668	143.20666666666668	143.19333333333333	143.17333333333335	143.22666666666666	143.22666666666666	143.19333333333333	143.16	143.18	143.17333333333335	143.13333333333333	143.17333333333335	143.18666666666667	143.18666666666667	143.23333333333332	143.2	143.14	142.90666666666667	139.83333333333334	0.0
0.0	139.86	142.89333333333335	143.14666666666668	143.16	143.16666666666666	143.14	143.16	143.20666666666668	143.22	143.16	143.14	143.14	143.18	143.17333333333335	143.14666666666668	143.20666666666668	143.19333333333333	143.18666666666667	143.17333333333335	143.20666666666668	143.17333333333335	143.16666666666666	143.16666666666666	143.16666666666666	143.20666666666668	143.18	143.15333333333334	143.16666666666666	143.16666666666666	143.18666666666667	143.21333333333334	143.18	143.14666666666668	143.14666666666668	143.15333333333334	143.16666666666666	143.2	143.19333333333333	143.18	143.17333333333335	143.14	143.15333333333334	143.2	143.12666666666667	143.17333333333335	143.16	143.16666666666666	143.2	143.14	143.14	143.2	143.16	143.15333333333334	143.18666666666667	143.18666666666667	143.16666666666666	143.2	143.18	143.15333333333334	143.18	143.16	143.18	143.19333333333333	143.16	143.14	143.14666666666668	143.12666666666667	143.19333333333333	143.12	142.89333333333335	139.98666666666668	0.0
0.0	140.19333333333333	142.94666666666666	143.16666666666666	143.22666666666666	143.21333333333334	143.21333333333334	143.22	143.17333333333335	143.16666666666666	143.22666666666666	143.21333333333334	143.16666666666666	143.2	143.22666666666666	143.2	143.22	143.2	143.2	143.18	143.16	143.18666666666667	143.2	143.21333333333334	143.18666666666667	143.2	143.23333333333332	143.19333333333333	143.22666666666666	143.2	143.19333333333333	143.18666666666667	143.18	143.22666666666666	143.17333333333335	143.18666666666667	143.18666666666667	143.24666666666667	143.28	143.18	143.22666666666666	143.22666666666666	143.18	143.22666666666666	143.21333333333334	143.18666666666667	143.22	143.2	143.16666666666666	143.22666666666666	143.17333333333335	143.22	143.20666666666668	143.19333333333333	143.18	143.22666666666666	143.18	143.21333333333334	143.26666666666668	143.24666666666667	143.22	143.19333333333333	143.17333333333335	143.23333333333332	143.20666666666668	143.19333333333333	143.18	143.20666666666668	143.19333333333333	143.2	142.98666666666668	139.83333333333334	0.0
0.0	139.99333333333334	142.92666666666668	143.14666666666668	143.20666666666668	143.14666666666668	143.16	143.16	143.24666666666667	143.24	143.16666666666666	143.18666666666667	143.16	143.16666666666666	143.14	143.18666666666667	143.19333333333333	143.18666666666667	143.14666666666668	143.18666666666667	143.2	143.19333333333333	143.18666666666667	143.17333333333335	143.14	143.12	143.17333333333335	143.17333333333335	143.20666666666668	143.24	143.17333333333335	143.16666666666666	143.19333333333333	143.22	143.18666666666667	143.18666666666667	143.2	143.16666666666666	143.13333333333333	143.20666666666668	143.18666666666667	143.28	143.18666666666667	143.16666666666666	143.19333333333333	143.18666666666667	143.16	143.12666666666667	143.14	143.2	143.16	143.16666666666666	143.17333333333335	143.17333333333335	143.16666666666666	143.17333333333335	143.13333333333333	143.13333333333333	143.16	143.18	143.14	143.14666666666668	143.19333333333333	143.14	143.15333333333334	143.18	143.18666666666667	143.19333333333333	143.16666666666666	143.14	142.96	139.84	0.0
0.0	139.86	142.84	143.22	143.20666666666668	143.24666666666667	143.24666666666667	143.19333333333333	143.24	143.24666666666667	143.26	143.24666666666667	143.24	143.28	143.26666666666668	143.26666666666668	143.19333333333333	143.22	143.2	143.27333333333334	143.24	143.22666666666666	143.24	143.22666666666666	143.23333333333332	143.24666666666667	143.22666666666666	143.22666666666666	143.21333333333334	143.27333333333334	143.27333333333334	143.20666666666668	143.24	143.2	143.21333333333334	143.2	143.25333333333333	143.20666666666668	143.24	143.21333333333334	143.20666666666668	143.29333333333332	143.24	143.27333333333334	143.24	143.25333333333333	143.33333333333334	143.3	143.25333333333333	143.24	143.29333333333332	143.24666666666667	143.26	143.22666666666666	143.28	143.24666666666667	143.28	143.24666666666667	143.23333333333332	143.23333333333332	143.24	143.22	143.27333333333334	143.26	143.17333333333335	143.22666666666666	143.25333333333333	143.21333333333334	143.2	143.25333333333333	142.89333333333335	139.88666666666666	0.0
0.0	140.06	142.92	143.16666666666666	143.22	143.21333333333334	143.23333333333332	143.22666666666666	143.2	143.19333333333333	143.22666666666666	143.24666666666667	143.19333333333333	143.25333333333333	143.23333333333332	143.24	143.20666666666668	143.19333333333333	143.20666666666668	143.16666666666666	143.21333333333334	143.20666666666668	143.21333333333334	143.20666666666668	143.18666666666667	143.18	143.20666666666668	143.24666666666667	143.19333333333333	143.2	143.2	143.24666666666667	143.19333333333333	143.2	143.23333333333332	143.21333333333334	143.25333333333333	143.18	143.19333333333333	143.21333333333334	143.19333333333333	143.24666666666667	143.23333333333332	143.23333333333332	143.18666666666667	143.17333333333335	143.22666666666666	143.21333333333334	143.21333333333334	143.20666666666668	143.22666666666666	143.27333333333334	143.25333333333333	143.2	143.23333333333332	143.26666666666668	143.26666666666668	143.24	143.21333333333334	143.21333333333334	143.2	143.19333333333333	143.22	143.21333333333334	143.21333333333334	143.17333333333335	143.24666666666667	143.22666666666666	143.19333333333333	143.18	142.81333333333333	139.97333333333333	0.0
0.0	139.66666666666666	142.86666666666667	143.15333333333334	143.17333333333335	143.18	143.17333333333335	143.16	143.18666666666667	143.15333333333334	143.14	143.16666666666666	143.15333333333334	143.15333333333334	143.21333333333334	143.21333333333334	143.21333333333334	143.12	143.18	143.14	143.14666666666668	143.12	143.18666666666667	143.18	143.19333333333333	143.20666666666668	143.25333333333333	143.15333333333334	143.12666666666667	143.16	143.15333333333334	143.20666666666668	143.16	143.24666666666667	143.18666666666667	143.18666666666667	143.18666666666667	143.15333333333334	143.18	143.14666666666668	143.15333333333334	143.18	143.19333333333333	143.18	143.19333333333333	143.18	143.2	143.14666666666668	143.22	143.14666666666668	143.16666666666666	143.16666666666666	143.16666666666666	143.18	143.16	143.2	143.16666666666666	143.13333333333333	143.18666666666667	143.16	143.19333333333333	143.16	143.18666666666667	143.14	143.14	143.16	143.16666666666666	143.19333333333333	143.21333333333334	143.16666666666666	142.89333333333335	139.88666666666666	0.0
0.0	140.06	143.00666666666666	143.18	143.23333333333332	143.20666666666668	143.24666666666667	143.20666666666668	143.19333333333333	143.23333333333332	143.24666666666667	143.24	143.22666666666666	143.25333333333333	143.25333333333333	143.27333333333334	143.24666666666667	143.24	143.24666666666667	143.24	143.24666666666667	143.24666666666667	143.26	143.25333333333333	143.21333333333334	143.24	143.26666666666668	143.26666666666668	143.20666666666668	143.22666666666666	143.28666666666666	143.20666666666668	143.21333333333334	143.24666666666667	143.19333333333333	143.21333333333334	143.28	143.24666666666667	143.24666666666667	143.27333333333334	143.20666666666668	143.24	143.2	143.26666666666668	143.24	143.28666666666666	143.27333333333334	143.23333333333332	143.24666666666667	143.26666666666668	143.25333333333333	143.24666666666667	143.22666666666666	143.24666666666667	143.24666666666667	143.27333333333334	143.23333333333332	143.23333333333332	143.21333333333334	143.2	143.26666666666668	143.29333333333332	143.22	143.25333333333333	143.26	143.26666666666668	143.25333333333333	143.2	143.22666666666666	143.19333333333333	142.9	139.97333333333333	0.0
0.0	139.81333333333333	142.9	143.16666666666666	143.25333333333333	143.20666666666668	143.2	143.18666666666667	143.18666666666667	143.24666666666667	143.18	143.24	143.23333333333332	143.17333333333335	143.22666666666666	143.14	143.19333333333333	143.18	143.20666666666668	143.18	143.15333333333334	143.18	143.22666666666666	143.14	143.17333333333335	143.2	143.20666666666668	143.19333333333333	143.23333333333332	143.2	143.14	143.21333333333334	143.20666666666668	143.21333333333334	143.20666666666668	143.23333333333332	143.18	143.19333333333333	143.2	143.18	143.25333333333333	143.20666666666668	143.2	143.22	143.18	143.18	143.19333333333333	143.15333333333334	143.18666666666667	143.20666666666668	143.26	143.20666666666668	143.23333333333332	143.19333333333333	143.22666666666666	143.22666666666666	143.2	143.14	143.17333333333335	143.20666666666668	143.14666666666668	143.16666666666666	143.2	143.15333333333334	143.18666666666667	143.18666666666667	143.19333333333333	143.21333333333334	143.17333333333335	143.16	142.92	140.03333333333333	0.0
0.0	139.86	142.99333333333334	143.24666666666667	143.20666666666668	143.19333333333333	143.20666666666668	143.24	143.18	143.24	143.23333333333332	143.24666666666667	143.23333333333332	143.2	143.22	143.21333333333334	143.16666666666666	143.22	143.2	143.24	143.2	143.20666666666668	143.2	143.22666666666666	143.2	143.21333333333334	143.25333333333333	143.18666666666667	143.23333333333332	143.21333333333334	143.20666666666668	143.24	143.18666666666667	143.21333333333334	143.18666666666667	143.20666666666668	143.18666666666667	143.22	143.17333333333335	143.24	143.17333333333335	143.2	143.21333333333334	143.16	143.2	143.2	143.20666666666668	143.23333333333332	143.19333333333333	143.20666666666668	143.2	143.24	143.20666666666668	143.19333333333333	143.18	143.18666666666667	143.22666666666666	143.26666666666668	143.26666666666668	143.26	143.22	143.24666666666667	143.21333333333334	143.17333333333335	143.26666666666668	143.22666666666666	143.21333333333334	143.25333333333333	143.17333333333335	143.14	142.96666666666667	140.04	0.0
0.0	140.07333333333332	142.88666666666666	143.14	143.27333333333334	143.20666666666668	143.17333333333335	143.18	143.18	143.18666666666667	143.21333333333334	143.21333333333334	143.19333333333333	143.21333333333334	143.16	143.20666666666668	143.26	143.18	143.22666666666666	143.18666666666667	143.16	143.18	143.22666666666666	143.25333333333333	143.18666666666667	143.18666666666667	143.26666666666668	143.20666666666668	143.24	143.16	143.16666666666666	143.18666666666667	143.22	143.2	143.17333333333335	143.21333333333334	143.17333333333335	143.14	143.2	143.17333333333335	143.23333333333332	143.19333333333333	143.17333333333335	143.18666666666667	143.2	143.23333333333332	143.21333333333334	143.20666666666668	143.18	143.19333333333333	143.18	143.2	143.19333333333333	143.17333333333335	143.16666666666666	143.24666666666667	143.18	143.14	143.21333333333334	143.20666666666668	143.19333333333333	143.17333333333335	143.22	143.19333333333333	143.19333333333333	143.16666666666666	143.17333333333335	143.2	143.22	143.12	142.82666666666665	139.74	0.0
0.0	139.83333333333334	143.04	143.15333333333334	143.19333333333333	143.21333333333334	143.23333333333332	143.21333333333334	143.2	143.2	143.24	143.2	143.22	143.17333333333335	143.23333333333332	143.14666666666668	143.18666666666667	143.22666666666666	143.20666666666668	143.25333333333333	143.23333333333332	143.24	143.19333333333333	143.16	143.17333333333335	143.18	143.18666666666667	143.24	143.2	143.18666666666667	143.18	143.19333333333333	143.22666666666666	143.24666666666667	143.20666666666668	143.2	143.2	143.16	143.21333333333334	143.20666666666668	143.2	143.21333333333334	143.22666666666666	143.23333333333332	143.27333333333334	143.20666666666668	143.21333333333334	143.20666666666668	143.21333333333334	143.18	143.19333333333333	143.20666666666668	143.21333333333334	143.23333333333332	143.2	143.2	143.22666666666666	143.16666666666666	143.19333333333333	143.2	143.20666666666668	143.26	143.21333333333334	143.18666666666667	143.2	143.19333333333333	143.18	143.22666666666666	143.23333333333332	143.16666666666666	143.01333333333332	140.07333333333332	0.0
0.0	139.92666666666668	142.95333333333335	143.14666666666668	143.19333333333333	143.17333333333335	143.23333333333332	143.18666666666667	143.24666666666667	143.22666666666666	143.28666666666666	143.19333333333333	143.18666666666667	143.20666666666668	143.2	143.17333333333335	143.2	143.20666666666668	143.23333333333332	143.19333333333333	143.2	143.18666666666667	143.20666666666668	143.24	143.22	143.26666666666668	143.21333333333334	143.19333333333333	143.20666666666668	143.2	143.20666666666668	143.21333333333334	143.2	143.17333333333335	143.18	143.25333333333333	143.21333333333334	143.20666666666668	143.24666666666667	143.21333333333334	143.22666666666666	143.19333333333333	143.19333333333333	143.26666666666668	143.20666666666668	143.22666666666666	143.20666666666668	143.2	143.17333333333335	143.2	143.2	143.20666666666668	143.22	143.17333333333335	143.18	143.22	143.21333333333334	143.22666666666666	143.20666666666668	143.24	143.23333333333332	143.19333333333333	143.21333333333334	143.2	143.19333333333333	143.17333333333335	143.18666666666667	143.20666666666668	143.19333333333333	143.18	142.95333333333335	139.75333333333333	0.0
0.0	139.78666666666666	143.00666666666666	143.18666666666667	143.24	143.21333333333334	143.24666666666667	143.2	143.26	143.20666666666668	143.20666666666668	143.27333333333334	143.24	143.28666666666666	143.26	143.20666666666668	143.25333333333333	143.22	143.21333333333334	143.21333333333334	143.23333333333332	143.27333333333334	143.2	143.26	143.30666666666667	143.21333333333334	143.26666666666668	143.23333333333332	143.24666666666667	143.22666666666666	143.22666666666666	143.21333333333334	143.21333333333334	143.24	143.26	143.25333333333333	143.28	143.24666666666667	143.22666666666666	143.30666666666667	143.24	143.26	143.24	143.20666666666668	143.23333333333332	143.26666666666668	143.26666666666668	143.28666666666666	143.26666666666668	143.26666666666668	143.23333333333332	143.20666666666668	143.22	143.26	143.22	143.25333333333333	143.29333333333332	143.22666666666666	143.25333333333333	143.22666666666666	143.23333333333332	143.24	143.24666666666667	143.19333333333333	143.24666666666667	143.21333333333334	143.23333333333332	143.24	143.25333333333333	143.18	142.92666666666668	139.92666666666668	0.0
0.0	140.04666666666665	142.90666666666667	143.18666666666667	143.16666666666666	143.18	143.22	143.26	143.2	143.2	143.24	143.2	143.2	143.21333333333334	143.16666666666666	143.20666666666668	143.23333333333332	143.29333333333332	143.17333333333335	143.17333333333335	143.22666666666666	143.20666666666668	143.22	143.21333333333334	143.2	143.18666666666667	143.22	143.24666666666667	143.23333333333332	143.2	143.20666666666668	143.23333333333332	143.2	143.28666666666666	143.21333333333334	143.23333333333332	143.2	143.23333333333332	143.16	143.16	143.22	143.18	143.18666666666667	143.21333333333334	143.21333333333334	143.22666666666666	143.19333333333333	143.19333333333333	143.23333333333332	143.22666666666666	143.18666666666667	143.22	143.19333333333333	143.22	143.19333333333333	143.20666666666668	143.2	143.22	143.22	143.18666666666667	143.20666666666668	143.21333333333334	143.24666666666667	143.19333333333333	143.18666666666667	143.2	143.22666666666666	143.24	143.20666666666668	143.22	142.92666666666668	139.64	0.0
0.0	139.86666666666667	142.8	143.1	143.12666666666667	143.12666666666667	143.15333333333334	143.17333333333335	143.19333333333333	143.16	143.14	143.17333333333335	143.15333333333334	143.16666666666666	143.10666666666665	143.14666666666668	143.11333333333334	143.16	143.14666666666668	143.18666666666667	143.12	143.10666666666665	143.12	143.13333333333333	143.17333333333335	143.12	143.13333333333333	143.15333333333334	143.18666666666667	143.16	143.16	143.16666666666666	143.16666666666666	143.18666666666667	143.16666666666666	143.14	143.14666666666668	143.18	143.17333333333335	143.14	143.14666666666668	143.18	143.16	143.16	143.10666666666665	143.18	143.16	143.22	143.18666666666667	143.15333333333334	143.15333333333334	143.18	143.16	143.16	143.13333333333333	143.10666666666665	143.16	143.16666666666666	143.13333333333333	143.14666666666668	143.14	143.17333333333335	143.18	143.18	143.10666666666665	143.18	143.14	143.16	143.12666666666667	143.1	142.83333333333334	139.92666666666668	0.0
0.0	139.96666666666667	142.83333333333334	143.11333333333334	143.14666666666668	143.16	143.16666666666666	143.14666666666668	143.17333333333335	143.2	143.18	143.2	143.19333333333333	143.19333333333333	143.18666666666667	143.19333333333333	143.18	143.19333333333333	143.14666666666668	143.23333333333332	143.19333333333333	143.16666666666666	143.18666666666667	143.16666666666666	143.17333333333335	143.17333333333335	143.2	143.25333333333333	143.20666666666668	143.15333333333334	143.18666666666667	143.18	143.22	143.16666666666666	143.16666666666666	143.26	143.22666666666666	143.17333333333335	143.20666666666668	143.20666666666668	143.20666666666668	143.17333333333335	143.17333333333335	143.18	143.21333333333334	143.15333333333334	143.22	143.24	143.21333333333334	143.16666666666666	143.22	143.20666666666668	143.19333333333333	143.18	143.18	143.18666666666667	143.20666666666668	143.2	143.17333333333335	143.2	143.16	143.18	143.24	143.2	143.18666666666667	143.2	143.20666666666668	143.16666666666666	143.16	143.17333333333335	142.88	139.68666666666667	0.0
0.0	139.98666666666668	142.84666666666666	143.15333333333334	143.16	143.14	143.20666666666668	143.19333333333333	143.20666666666668	143.19333333333333	143.20666666666668	143.18666666666667	143.16	143.18666666666667	143.12666666666667	143.18	143.16	143.2	143.15333333333334	143.15333333333334	143.20666666666668	143.16	143.18	143.17333333333335	143.15333333333334	143.17333333333335	143.16	143.16666666666666	143.13333333333333	143.16666666666666	143.17333333333335	143.23333333333332	143.22	143.18666666666667	143.19333333333333	143.12666666666667	143.16666666666666	143.2	143.16	143.15333333333334	143.17333333333335	143.18	143.14666666666668	143.16666666666666	143.16	143.18	143.18	143.24	143.17333333333335	143.21333333333334	143.20666666666668	143.20666666666668	143.18	143.18	143.17333333333335	143.17333333333335	143.15333333333334	143.15333333333334	143.17333333333335	143.18666666666667	143.20666666666668	143.2	143.15333333333334	143.18	143.17333333333335	143.2	143.16666666666666	143.18	143.14666666666668	143.16666666666666	142.86	139.90666666666667	0.0
0.0	139.93333333333334	142.84666666666666	143.12	143.15333333333334	143.21333333333334	143.21333333333334	143.21333333333334	143.18666666666667	143.20666666666668	143.18666666666667	143.21333333333334	143.22666666666666	143.17333333333335	143.16666666666666	143.18	143.20666666666668	143.20666666666668	143.18	143.18666666666667	143.23333333333332	143.18	143.21333333333334	143.18	143.19333333333333	143.22	143.16666666666666	143.16666666666666	143.2	143.18666666666667	143.16666666666666	143.2	143.16	143.2	143.21333333333334	143.18	143.17333333333335	143.18666666666667	143.2	143.16	143.16666666666666	143.20666666666668	143.23333333333332	143.13333333333333	143.2	143.23333333333332	143.18	143.2	143.17333333333335	143.18666666666667	143.20666666666668	143.2	143.18666666666667	143.20666666666668	143.14666666666668	143.21333333333334	143.17333333333335	143.15333333333334	143.17333333333335	143.14	143.18666666666667	143.15333333333334	143.12	143.15333333333334	143.14	143.2	143.22666666666666	143.15333333333334	143.24	143.14666666666668	142.92	139.99333333333334	0.0
0.0	139.86	142.84	143.16	143.2	143.12666666666667	143.18	143.21333333333334	143.15333333333334	143.17333333333335	143.16	143.2	143.15333333333334	143.16	143.18666666666667	143.15333333333334	143.2	143.17333333333335	143.21333333333334	143.22666666666666	143.16666666666666	143.17333333333335	143.18666666666667	143.21333333333334	143.18666666666667	143.15333333333334	143.16666666666666	143.18666666666667	143.21333333333334	143.17333333333335	143.22666666666666	143.14	143.20666666666668	143.17333333333335	143.22	143.17333333333335	143.20666666666668	143.15333333333334	143.18666666666667	143.16666666666666	143.17333333333335	143.16	143.17333333333335	143.14666666666668	143.19333333333333	143.18666666666667	143.19333333333333	143.18666666666667	143.14666666666668	143.14666666666668	143.15333333333334	143.13333333333333	143.16	143.16	143.20666666666668	143.16	143.17333333333335	143.15333333333334	143.16666666666666	143.20666666666668	143.18	143.20666666666668	143.19333333333333	143.19333333333333	143.22	143.16	143.16666666666666	143.15333333333334	143.17333333333335	143.14	142.86	139.84	0.0
0.0	139.56666666666666	142.77333333333334	143.15333333333334	143.17333333333335	143.18666666666667	143.21333333333334	143.26	143.22	143.24666666666667	143.18666666666667	143.2	143.2	143.16666666666666	143.19333333333333	143.20666666666668	143.18	143.19333333333333	143.21333333333334	143.24	143.17333333333335	143.24	143.18	143.24	143.20666666666668	143.23333333333332	143.2	143.22666666666666	143.18	143.2	143.19333333333333	143.2	143.24666666666667	143.17333333333335	143.18666666666667	143.17333333333335	143.19333333333333	143.21333333333334	143.22666666666666	143.23333333333332	143.18666666666667	143.2	143.22	143.19333333333333	143.24	143.2	143.18	143.18	143.16	143.19333333333333	143.2	143.2	143.20666666666668	143.20666666666668	143.16666666666666	143.18666666666667	143.18	143.19333333333333	143.19333333333333	143.18666666666667	143.16666666666666	143.22666666666666	143.2	143.21333333333334	143.22666666666666	143.24	143.20666666666668	143.20666666666668	143.22	143.11333333333334	142.90666666666667	139.94666666666666	0.0
0.0	139.75333333333333	142.83333333333334	143.1	143.12666666666667	143.16	143.2	143.16666666666666	143.14666666666668	143.14666666666668	143.16	143.14666666666668	143.15333333333334	143.17333333333335	143.13333333333333	143.17333333333335	143.17333333333335	143.16	143.14666666666668	143.12666666666667	143.14	143.18	143.15333333333334	143.15333333333334	143.17333333333335	143.14	143.13333333333333	143.15333333333334	143.18	143.16	143.16	143.14666666666668	143.18666666666667	143.16666666666666	143.16666666666666	143.14666666666668	143.15333333333334	143.21333333333334	143.18666666666667	143.16666666666666	143.14666666666668	143.15333333333334	143.15333333333334	143.1	143.2	143.16	143.10666666666665	143.16666666666666	143.15333333333334	143.15333333333334	143.14	143.16666666666666	143.15333333333334	143.18	143.12666666666667	143.18	143.17333333333335	143.14	143.12	143.13333333333333	143.13333333333333	143.14666666666668	143.14	143.17333333333335	143.18	143.11333333333334	143.14	143.14666666666668	143.16666666666666	143.11333333333334	142.85333333333332	139.92666666666668	0.0
0.0	140.06	142.93333333333334	143.19333333333333	143.16666666666666	143.17333333333335	143.2	143.17333333333335	143.20666666666668	143.24	143.15333333333334	143.17333333333335	143.18	143.18	143.16	143.18	143.16666666666666	143.16	143.19333333333333	143.16666666666666	143.12	143.18666666666667	143.16	143.17333333333335	143.18	143.2	143.2	143.2	143.23333333333332	143.2	143.18666666666667	143.20666666666668	143.20666666666668	143.18	143.17333333333335	143.2	143.14	143.18	143.16666666666666	143.15333333333334	143.2	143.14	143.18	143.2	143.18666666666667	143.22	143.26	143.2	143.16666666666666	143.22666666666666	143.16666666666666	143.19333333333333	143.24	143.18666666666667	143.16	143.16666666666666	143.16	143.20666666666668	143.21333333333334	143.2	143.16	143.16	143.2	143.17333333333335	143.18	143.18	143.18	143.18666666666667	143.17333333333335	143.12	142.97333333333333	139.90666666666667	0.0
0.0	140.04666666666665	143.00666666666666	143.25333333333333	143.22	143.23333333333332	143.22	143.25333333333333	143.21333333333334	143.2	143.22666666666666	143.20666666666668	143.23333333333332	143.22666666666666	143.26	143.2	143.24666666666667	143.26	143.3	143.27333333333334	143.24666666666667	143.23333333333332	143.24	143.20666666666668	143.22666666666666	143.19333333333333	143.23333333333332	143.22666666666666	143.22666666666666	143.22666666666666	143.21333333333334	143.22	143.22666666666666	143.24	143.20666666666668	143.26666666666668	143.20666666666668	143.21333333333334	143.21333333333334	143.24666666666667	143.19333333333333	143.17333333333335	143.21333333333334	143.21333333333334	143.21333333333334	143.21333333333334	143.25333333333333	143.24	143.28666666666666	143.2	143.22	143.20666666666668	143.21333333333334	143.18666666666667	143.26	143.22	143.2	143.23333333333332	143.28	143.24	143.2	143.22666666666666	143.25333333333333	143.24666666666667	143.19333333333333	143.21333333333334	143.18	143.27333333333334	143.18	143.16	142.94	140.05333333333334	0.0
0.0	140.02666666666667	142.90666666666667	143.16	143.18666666666667	143.22666666666666	143.2	143.19333333333333	143.21333333333334	143.18	143.19333333333333	143.22666666666666	143.16666666666666	143.16666666666666	143.2	143.18666666666667	143.22	143.22	143.24666666666667	143.2	143.24666666666667	143.18	143.18666666666667	143.26	143.18	143.20666666666668	143.18666666666667	143.20666666666668	143.18	143.18	143.20666666666668	143.17333333333335	143.20666666666668	143.2	143.17333333333335	143.2	143.2	143.21333333333334	143.23333333333332	143.18666666666667	143.2	143.22	143.18	143.18	143.18	143.22666666666666	143.20666666666668	143.21333333333334	143.18666666666667	143.23333333333332	143.20666666666668	143.18666666666667	143.21333333333334	143.17333333333335	143.2	143.16	143.20666666666668	143.18	143.16	143.21333333333334	143.22	143.20666666666668	143.18666666666667	143.20666666666668	143.19333333333333	143.20666666666668	143.21333333333334	143.19333333333333	143.25333333333333	143.20666666666668	142.92	139.92	0.0
0.0	139.95333333333335	143.00666666666666	143.15333333333334	143.24	143.24	143.21333333333334	143.21333333333334	143.14666666666668	143.14	143.19333333333333	143.20666666666668	143.2	143.20666666666668	143.19333333333333	143.18666666666667	143.21333333333334	143.22666666666666	143.20666666666668	143.21333333333334	143.23333333333332	143.16666666666666	143.20666666666668	143.18	143.28666666666666	143.2	143.26	143.20666666666668	143.18	143.22	143.18666666666667	143.24666666666667	143.23333333333332	143.21333333333334	143.18	143.2	143.18666666666667	143.2	143.22	143.22	143.19333333333333	143.22666666666666	143.24	143.22666666666666	143.20666666666668	143.20666666666668	143.17333333333335	143.20666666666668	143.22666666666666	143.19333333333333	143.21333333333334	143.18666666666667	143.17333333333335	143.18666666666667	143.17333333333335	143.18	143.21333333333334	143.18666666666667	143.27333333333334	143.21333333333334	143.2	143.21333333333334	143.21333333333334	143.16	143.16666666666666	143.18666666666667	143.2	143.18	143.18666666666667	143.14666666666668	142.84	139.96	0.0
0.0	139.84	142.79333333333332	143.14666666666668	143.14	143.24	143.18	143.19333333333333	143.15333333333334	143.19333333333333	143.16666666666666	143.14	143.16666666666666	143.19333333333333	143.17333333333335	143.16	143.23333333333332	143.16666666666666	143.17333333333335	143.12666666666667	143.19333333333333	143.18	143.2	143.18	143.18	143.16	143.14666666666668	143.13333333333333	143.15333333333334	143.16	143.16666666666666	143.18	143.21333333333334	143.19333333333333	143.24	143.2	143.19333333333333	143.16666666666666	143.2	143.18	143.16	143.18666666666667	143.24666666666667	143.19333333333333	143.13333333333333	143.15333333333334	143.19333333333333	143.24	143.16	143.14666666666668	143.22	143.16666666666666	143.15333333333334	143.13333333333333	143.18	143.19333333333333	143.21333333333334	143.15333333333334	143.18	143.16666666666666	143.18666666666667	143.18	143.19333333333333	143.18666666666667	143.18	143.18	143.24	143.18666666666667	143.16666666666666	143.13333333333333	142.87333333333333	139.91333333333333	0.0
0.0	139.91333333333333	142.96666666666667	143.21333333333334	143.22666666666666	143.25333333333333	143.22	143.25333333333333	143.3	143.24666666666667	143.30666666666667	143.22	143.24666666666667	143.26	143.26666666666668	143.20666666666668	143.20666666666668	143.21333333333334	143.22	143.26666666666668	143.21333333333334	143.22	143.22	143.26666666666668	143.18	143.20666666666668	143.22	143.21333333333334	143.22	143.24	143.26	143.22666666666666	143.22	143.26	143.31333333333333	143.23333333333332	143.22666666666666	143.22	143.27333333333334	143.21333333333334	143.22666666666666	143.24666666666667	143.20666666666668	143.24666666666667	143.18666666666667	143.2	143.26	143.24	143.25333333333333	143.28	143.23333333333332	143.24666666666667	143.18	143.24666666666667	143.21333333333334	143.24666666666667	143.19333333333333	143.22	143.18	143.24	143.22666666666666	143.29333333333332	143.23333333333332	143.30666666666667	143.28	143.17333333333335	143.22	143.2	143.22	143.16	143.05333333333334	139.80666666666667	0.0
0.0	139.62	142.81333333333333	143.18666666666667	143.22666666666666	143.24	143.25333333333333	143.25333333333333	143.21333333333334	143.19333333333333	143.21333333333334	143.19333333333333	143.21333333333334	143.23333333333332	143.28	143.22	143.22666666666666	143.19333333333333	143.23333333333332	143.25333333333333	143.27333333333334	143.24666666666667	143.21333333333334	143.26	143.20666666666668	143.26666666666668	143.19333333333333	143.22666666666666	143.29333333333332	143.23333333333332	143.25333333333333	143.19333333333333	143.22	143.22666666666666	143.23333333333332	143.27333333333334	143.21333333333334	143.24666666666667	143.21333333333334	143.16666666666666	143.21333333333334	143.22666666666666	143.22666666666666	143.2	143.22666666666666	143.24	143.24	143.25333333333333	143.24	143.23333333333332	143.26	143.22	143.20666666666668	143.18666666666667	143.28	143.24666666666667	143.22666666666666	143.20666666666668	143.25333333333333	143.27333333333334	143.24666666666667	143.27333333333334	143.25333333333333	143.22	143.24666666666667	143.2	143.24666666666667	143.2	143.27333333333334	143.21333333333334	142.94	139.89333333333335	0.0
0.0	139.97333333333333	142.9	143.08666666666667	143.13333333333333	143.13333333333333	143.14666666666668	143.18	143.16666666666666	143.10666666666665	143.13333333333333	143.18666666666667	143.11333333333334	143.14666666666668	143.11333333333334	143.14	143.17333333333335	143.17333333333335	143.14	143.11333333333334	143.13333333333333	143.17333333333335	143.19333333333333	143.16	143.13333333333333	143.1	143.13333333333333	143.14	143.16	143.12666666666667	143.15333333333334	143.12666666666667	143.17333333333335	143.15333333333334	143.10666666666665	143.14666666666668	143.16	143.14	143.12	143.18666666666667	143.12666666666667	143.16666666666666	143.16	143.13333333333333	143.14666666666668	143.17333333333335	143.12666666666667	143.12666666666667	143.11333333333334	143.12666666666667	143.12	143.14	143.17333333333335	143.16666666666666	143.18666666666667	143.15333333333334	143.17333333333335	143.14666666666668	143.18666666666667	143.14	143.13333333333333	143.10666666666665	143.15333333333334	143.14666666666668	143.15333333333334	143.10666666666665	143.14	143.16666666666666	143.16666666666666	143.11333333333334	142.88	139.97333333333333	0.0
0.0	139.62666666666667	142.82	143.16	143.21333333333334	143.21333333333334	143.2	143.16	143.18666666666667	143.20666666666668	143.24666666666667	143.18	143.25333333333333	143.17333333333335	143.22666666666666	143.20666666666668	143.20666666666668	143.22	143.25333333333333	143.20666666666668	143.24	143.18	143.20666666666668	143.19333333333333	143.19333333333333	143.22	143.14	143.18	143.21333333333334	143.18666666666667	143.19333333333333	143.2	143.18	143.16	143.18	143.22	143.19333333333333	143.18666666666667	143.18	143.15333333333334	143.21333333333334	143.2	143.17333333333335	143.22	143.2	143.24	143.17333333333335	143.22	143.19333333333333	143.17333333333335	143.14	143.18666666666667	143.21333333333334	143.18666666666667	143.21333333333334	143.20666666666668	143.21333333333334	143.2	143.19333333333333	143.21333333333334	143.2	143.17333333333335	143.2	143.18	143.19333333333333	143.19333333333333	143.21333333333334	143.18	143.18	143.18666666666667	142.88	139.95333333333335	0.0
0.0	139.56666666666666	142.82666666666665	143.12666666666667	143.17333333333335	143.2	143.18666666666667	143.13333333333333	143.12666666666667	143.16	143.14	143.14	143.16	143.15333333333334	143.18	143.14	143.18	143.21333333333334	143.16666666666666	143.19333333333333	143.20666666666668	143.14	143.18	143.18	143.12666666666667	143.20666666666668	143.15333333333334	143.16666666666666	143.12666666666667	143.20666666666668	143.18	143.21333333333334	143.17333333333335	143.15333333333334	143.20666666666668	143.18	143.10666666666665	143.16666666666666	143.16	143.17333333333335	143.16666666666666	143.15333333333334	143.13333333333333	143.17333333333335	143.19333333333333	143.19333333333333	143.16666666666666	143.14	143.14666666666668	143.16666666666666	143.15333333333334	143.16	143.2	143.2	143.19333333333333	143.17333333333335	143.18666666666667	143.18666666666667	143.14666666666668	143.18	143.15333333333334	143.18	143.16666666666666	143.16	143.16	143.16666666666666	143.2	143.14	143.15333333333334	143.12	142.86666666666667	140.02666666666667	0.0
0.0	139.98666666666668	142.92	143.17333333333335	143.22666666666666	143.21333333333334	143.2	143.18666666666667	143.22	143.19333333333333	143.22666666666666	143.18	143.2	143.22	143.19333333333333	143.16	143.20666666666668	143.22	143.17333333333335	143.16	143.22	143.25333333333333	143.16	143.16	143.20666666666668	143.18666666666667	143.21333333333334	143.18	143.19333333333333	143.22	143.18	143.16666666666666	143.22	143.22	143.18	143.21333333333334	143.23333333333332	143.18666666666667	143.23333333333332	143.15333333333334	143.18666666666667	143.18	143.18666666666667	143.16666666666666	143.15333333333334	143.18666666666667	143.18	143.18666666666667	143.2	143.22	143.18	143.15333333333334	143.20666666666668	143.20666666666668	143.14666666666668	143.22	143.20666666666668	143.23333333333332	143.17333333333335	143.16	143.18666666666667	143.14666666666668	143.19333333333333	143.22	143.23333333333332	143.22666666666666	143.17333333333335	143.17333333333335	143.18666666666667	143.16666666666666	142.86666666666667	139.68	0.0
0.0	139.78666666666666	142.84666666666666	143.20666666666668	143.2	143.18	143.23333333333332	143.22	143.22666666666666	143.14666666666668	143.19333333333333	143.18666666666667	143.16666666666666	143.25333333333333	143.19333333333333	143.17333333333335	143.16666666666666	143.16	143.2	143.2	143.19333333333333	143.22	143.2	143.22	143.24	143.19333333333333	143.21333333333334	143.20666666666668	143.16666666666666	143.21333333333334	143.23333333333332	143.24	143.2	143.16666666666666	143.20666666666668	143.18	143.21333333333334	143.16	143.19333333333333	143.25333333333333	143.2	143.16	143.22666666666666	143.20666666666668	143.23333333333332	143.15333333333334	143.22	143.20666666666668	143.18666666666667	143.21333333333334	143.22666666666666	143.19333333333333	143.17333333333335	143.16666666666666	143.18666666666667	143.18666666666667	143.18666666666667	143.2	143.16	143.19333333333333	143.18666666666667	143.14666666666668	143.23333333333332	143.20666666666668	143.2	143.14666666666668	143.16666666666666	143.20666666666668	143.18666666666667	143.23333333333332	142.92	139.93333333333334	0.0
0.0	139.86666666666667	142.80666666666667	143.16	143.18666666666667	143.20666666666668	143.16	143.18666666666667	143.19333333333333	143.22666666666666	143.19333333333333	143.18	143.21333333333334	143.18666666666667	143.2	143.26	143.20666666666668	143.14666666666668	143.16	143.2	143.2	143.2	143.22666666666666	143.19333333333333	143.22	143.14666666666668	143.2	143.18666666666667	143.16	143.19333333333333	143.16	143.15333333333334	143.2	143.18666666666667	143.15333333333334	143.18	143.16666666666666	143.15333333333334	143.2	143.18666666666667	143.17333333333335	143.21333333333334	143.17333333333335	143.2	143.20666666666668	143.16666666666666	143.2	143.18	143.19333333333333	143.16	143.22	143.17333333333335	143.22	143.15333333333334	143.17333333333335	143.22666666666666	143.16666666666666	143.17333333333335	143.18	143.15333333333334	143.21333333333334	143.2	143.20666666666668	143.21333333333334	143.17333333333335	143.18	143.16666666666666	143.18666666666667	143.20666666666668	143.17333333333335	142.94666666666666	139.84666666666666	0.0
0.0	139.84666666666666	142.95333333333335	143.22	143.23333333333332	143.22666666666666	143.24666666666667	143.2	143.22	143.18	143.22666666666666	143.24	143.23333333333332	143.23333333333332	143.23333333333332	143.22666666666666	143.24666666666667	143.24	143.24	143.22	143.24	143.22666666666666	143.22666666666666	143.18666666666667	143.19333333333333	143.23333333333332	143.2	143.20666666666668	143.2	143.26	143.20666666666668	143.19333333333333	143.17333333333335	143.23333333333332	143.24	143.22666666666666	143.22666666666666	143.19333333333333	143.23333333333332	143.22666666666666	143.2	143.18	143.2	143.18	143.23333333333332	143.17333333333335	143.22666666666666	143.18666666666667	143.2	143.22	143.18	143.19333333333333	143.24666666666667	143.19333333333333	143.2	143.22666666666666	143.22	143.22	143.20666666666668	143.16	143.22	143.18	143.18666666666667	143.20666666666668	143.22666666666666	143.20666666666668	143.26666666666668	143.20666666666668	143.22666666666666	143.18666666666667	142.92666666666668	139.59333333333333	0.0
0.0	139.92666666666668	142.82	143.12666666666667	143.16666666666666	143.16	143.13333333333333	143.13333333333333	143.16	143.12	143.13333333333333	143.18	143.12666666666667	143.18	143.1	143.10666666666665	143.17333333333335	143.20666666666668	143.18	143.15333333333334	143.12666666666667	143.22666666666666	143.20666666666668	143.16666666666666	143.16	143.16666666666666	143.14666666666668	143.16666666666666	143.21333333333334	143.17333333333335	143.13333333333333	143.17333333333335	143.15333333333334	143.18	143.18	143.16666666666666	143.14	143.14	143.16666666666666	143.18666666666667	143.17333333333335	143.16666666666666	143.13333333333333	143.19333333333333	143.14666666666668	143.16666666666666	143.20666666666668	143.18	143.17333333333335	143.16666666666666	143.18666666666667	143.22	143.18666666666667	143.18	143.21333333333334	143.16	143.13333333333333	143.16	143.12666666666667	143.2	143.14	143.16	143.14666666666668	143.15333333333334	143.16666666666666	143.12	143.10666666666665	143.12	143.14666666666668	143.08	142.79333333333332	139.80666666666667	0.0
0.0	139.86666666666667	142.83333333333334	143.10666666666665	143.17333333333335	143.19333333333333	143.16	143.17333333333335	143.17333333333335	143.20666666666668	143.13333333333333	143.18	143.16666666666666	143.18	143.17333333333335	143.15333333333334	143.16666666666666	143.14666666666668	143.16666666666666	143.18	143.17333333333335	143.14666666666668	143.19333333333333	143.15333333333334	143.16	143.15333333333334	143.12666666666667	143.22	143.18	143.15333333333334	143.21333333333334	143.18	143.2	143.15333333333334	143.20666666666668	143.18	143.14666666666668	143.2	143.2	143.20666666666668	143.19333333333333	143.21333333333334	143.18666666666667	143.18666666666667	143.20666666666668	143.18666666666667	143.16	143.20666666666668	143.18666666666667	143.16666666666666	143.22666666666666	143.19333333333333	143.19333333333333	143.17333333333335	143.18666666666667	143.20666666666668	143.17333333333335	143.14666666666668	143.16	143.16	143.25333333333333	143.18	143.16	143.19333333333333	143.23333333333332	143.16	143.15333333333334	143.19333333333333	143.16666666666666	143.16666666666666	142.92666666666668	139.56	0.0
0.0	139.86666666666667	142.9	143.16	143.16666666666666	143.16	143.16666666666666	143.14666666666668	143.16	143.14666666666668	143.16	143.18666666666667	143.18	143.18	143.19333333333333	143.22666666666666	143.22666666666666	143.19333333333333	143.24666666666667	143.20666666666668	143.19333333333333	143.15333333333334	143.12666666666667	143.17333333333335	143.17333333333335	143.17333333333335	143.18	143.21333333333334	143.16	143.18	143.18	143.18666666666667	143.18666666666667	143.20666666666668	143.22666666666666	143.2	143.22	143.16666666666666	143.18	143.18666666666667	143.18666666666667	143.20666666666668	143.2	143.18666666666667	143.2	143.2	143.2	143.19333333333333	143.2	143.18	143.18	143.25333333333333	143.18666666666667	143.18666666666667	143.14	143.22	143.16666666666666	143.25333333333333	143.22666666666666	143.23333333333332	143.26	143.2	143.2	143.19333333333333	143.17333333333335	143.18666666666667	143.22666666666666	143.17333333333335	143.24666666666667	143.14666666666668	142.9	139.74	0.0
0.0	139.96666666666667	142.92	143.17333333333335	143.20666666666668	143.16	143.15333333333334	143.16	143.14	143.18	143.16666666666666	143.2	143.21333333333334	143.16666666666666	143.2	143.12	143.15333333333334	143.18666666666667	143.16666666666666	143.17333333333335	143.18	143.14	143.18666666666667	143.16	143.17333333333335	143.14666666666668	143.13333333333333	143.13333333333333	143.2	143.17333333333335	143.15333333333334	143.17333333333335	143.12	143.15333333333334	143.17333333333335	143.14	143.18	143.15333333333334	143.16	143.17333333333335	143.18666666666667	143.18	143.16	143.15333333333334	143.22	143.2	143.21333333333334	143.18666666666667	143.15333333333334	143.18666666666667	143.19333333333333	143.18666666666667	143.18	143.21333333333334	143.14666666666668	143.18	143.15333333333334	143.19333333333333	143.13333333333333	143.16666666666666	143.15333333333334	143.15333333333334	143.16	143.22	143.18	143.16	143.18666666666667	143.12666666666667	143.21333333333334	143.10666666666665	142.80666666666667	139.78666666666666	0.0
0.0	140.02	142.95333333333335	143.15333333333334	143.18	143.20666666666668	143.21333333333334	143.19333333333333	143.24	143.25333333333333	143.19333333333333	143.24666666666667	143.26666666666668	143.26666666666668	143.18666666666667	143.2	143.22	143.2	143.26	143.22	143.18666666666667	143.25333333333333	143.20666666666668	143.22666666666666	143.2	143.16	143.21333333333334	143.2	143.24	143.23333333333332	143.19333333333333	143.21333333333334	143.18	143.20666666666668	143.23333333333332	143.26	143.20666666666668	143.19333333333333	143.18666666666667	143.19333333333333	143.21333333333334	143.21333333333334	143.20666666666668	143.22666666666666	143.15333333333334	143.20666666666668	143.18666666666667	143.2	143.17333333333335	143.23333333333332	143.22	143.20666666666668	143.17333333333335	143.23333333333332	143.25333333333333	143.22	143.22666666666666	143.24666666666667	143.19333333333333	143.24	143.20666666666668	143.26	143.21333333333334	143.15333333333334	143.22	143.2	143.20666666666668	143.20666666666668	143.23333333333332	143.2	142.9	140.08	0.0
0.0	139.75333333333333	142.93333333333334	143.17333333333335	143.2	143.18	143.2	143.20666666666668	143.2	143.22666666666666	143.19333333333333	143.17333333333335	143.19333333333333	143.17333333333335	143.19333333333333	143.17333333333335	143.2	143.25333333333333	143.17333333333335	143.17333333333335	143.22	143.18666666666667	143.18666666666667	143.27333333333334	143.18	143.18666666666667	143.18666666666667	143.18666666666667	143.2	143.18666666666667	143.18666666666667	143.19333333333333	143.19333333333333	143.2	143.18666666666667	143.22	143.24	143.24	143.18	143.21333333333334	143.16	143.22	143.16666666666666	143.18666666666667	143.18	143.18	143.18666666666667	143.22666666666666	143.21333333333334	143.22666666666666	143.20666666666668	143.2	143.21333333333334	143.2	143.18666666666667	143.26	143.18	143.2	143.19333333333333	143.18	143.20666666666668	143.18666666666667	143.20666666666668	143.19333333333333	143.2	143.27333333333334	143.18666666666667	143.17333333333335	143.19333333333333	143.17333333333335	142.86	139.96	0.0
0.0	139.87333333333333	142.89333333333335	143.2	143.24666666666667	143.2	143.21333333333334	143.21333333333334	143.18	143.24666666666667	143.23333333333332	143.18666666666667	143.19333333333333	143.21333333333334	143.2	143.18	143.21333333333334	143.21333333333334	143.18	143.24666666666667	143.24666666666667	143.24	143.22	143.22	143.22	143.23333333333332	143.22666666666666	143.20666666666668	143.24	143.18666666666667	143.21333333333334	143.19333333333333	143.2	143.24666666666667	143.26	143.24666666666667	143.25333333333333	143.23333333333332	143.24666666666667	143.24	143.22666666666666	143.19333333333333	143.19333333333333	143.18	143.20666666666668	143.18	143.17333333333335	143.21333333333334	143.22666666666666	143.25333333333333	143.24	143.26666666666668	143.23333333333332	143.23333333333332	143.23333333333332	143.20666666666668	143.19333333333333	143.18666666666667	143.22666666666666	143.17333333333335	143.24666666666667	143.27333333333334	143.24666666666667	143.26666666666668	143.22	143.2	143.21333333333334	143.21333333333334	143.18	143.16666666666666	142.95333333333335	139.97333333333333	0.0
0.0	140.12666666666667	142.9	143.09333333333333	143.16666666666666	143.18	143.19333333333333	143.2	143.16666666666666	143.16	143.18666666666667	143.17333333333335	143.16	143.16666666666666	143.16	143.20666666666668	143.20666666666668	143.16	143.15333333333334	143.2	143.22666666666666	143.17333333333335	143.19333333333333	143.21333333333334	143.15333333333334	143.18	143.21333333333334	143.17333333333335	143.17333333333335	143.20666666666668	143.16	143.22	143.16666666666666	143.20666666666668	143.14666666666668	143.16	143.16	143.2	143.24	143.22	143.17333333333335	143.17333333333335	143.14666666666668	143.20666666666668	143.15333333333334	143.19333333333333	143.18666666666667	143.16666666666666	143.2	143.18666666666667	143.14	143.18666666666667	143.14666666666668	143.17333333333335	143.18	143.19333333333333	143.14666666666668	143.21333333333334	143.16	143.20666666666668	143.19333333333333	143.18	143.22666666666666	143.18666666666667	143.20666666666668	143.18666666666667	143.21333333333334	143.18	143.17333333333335	143.19333333333333	142.86	139.98666666666668	0.0
0.0	139.6	142.85333333333332	143.12666666666667	143.19333333333333	143.18666666666667	143.19333333333333	143.16	143.17333333333335	143.2	143.18666666666667	143.16666666666666	143.19333333333333	143.16666666666666	143.16	143.20666666666668	143.16	143.18666666666667	143.16	143.15333333333334	143.18	143.16	143.16666666666666	143.18666666666667	143.20666666666668	143.16	143.18	143.17333333333335	143.10666666666665	143.14	143.26	143.15333333333334	143.17333333333335	143.16	143.14666666666668	143.17333333333335	143.18666666666667	143.18666666666667	143.18	143.17333333333335	143.15333333333334	143.19333333333333	143.18666666666667	143.16	143.17333333333335	143.19333333333333	143.11333333333334	143.18	143.16	143.16	143.16	143.21333333333334	143.16666666666666	143.19333333333333	143.15333333333334	143.20666666666668	143.19333333333333	143.18	143.22	143.23333333333332	143.15333333333334	143.14666666666668	143.13333333333333	143.2	143.16666666666666	143.17333333333335	143.22	143.15333333333334	143.18	143.21333333333334	142.9	139.83333333333334	0.0
0.0	139.64666666666668	142.99333333333334	143.16	143.16666666666666	143.21333333333334	143.19333333333333	143.20666666666668	143.26666666666668	143.15333333333334	143.22	143.17333333333335	143.17333333333335	143.18	143.14	143.15333333333334	143.18666666666667	143.16666666666666	143.25333333333333	143.14666666666668	143.14666666666668	143.14666666666668	143.18666666666667	143.18666666666667	143.22666666666666	143.19333333333333	143.22666666666666	143.17333333333335	143.19333333333333	143.21333333333334	143.22	143.14666666666668	143.16666666666666	143.22666666666666	143.18666666666667	143.20666666666668	143.15333333333334	143.18666666666667	143.21333333333334	143.16666666666666	143.17333333333335	143.18666666666667	143.20666666666668	143.2	143.18666666666667	143.20666666666668	143.2	143.22666666666666	143.17333333333335	143.18	143.14	143.18666666666667	143.15333333333334	143.22666666666666	143.22666666666666	143.15333333333334	143.17333333333335	143.16	143.2	143.18	143.16666666666666	143.22666666666666	143.16666666666666	143.17333333333335	143.15333333333334	143.20666666666668	143.16666666666666	143.21333333333334	143.21333333333334	143.20666666666668	142.92	139.82666666666665	0.0
0.0	139.91333333333333	142.90666666666667	143.09333333333333	143.16	143.14666666666668	143.15333333333334	143.16	143.14	143.18	143.16	143.12	143.14666666666668	143.16666666666666	143.14666666666668	143.12	143.16666666666666	143.19333333333333	143.17333333333335	143.13333333333333	143.14	143.19333333333333	143.15333333333334	143.18	143.18	143.18	143.11333333333334	143.17333333333335	143.16666666666666	143.19333333333333	143.15333333333334	143.18	143.17333333333335	143.14666666666668	143.18	143.16666666666666	143.14666666666668	143.12	143.18	143.16	143.14666666666668	143.14	143.13333333333333	143.18	143.18	143.17333333333335	143.21333333333334	143.17333333333335	143.22	143.17333333333335	143.17333333333335	143.14666666666668	143.16666666666666	143.12	143.09333333333333	143.14666666666668	143.19333333333333	143.13333333333333	143.12666666666667	143.14666666666668	143.14	143.14666666666668	143.16	143.15333333333334	143.20666666666668	143.16	143.18	143.16666666666666	143.18	143.12	142.8	139.85333333333332	0.0
0.0	139.88	142.88666666666666	143.17333333333335	143.23333333333332	143.2	143.19333333333333	143.18666666666667	143.24	143.18	143.20666666666668	143.16	143.20666666666668	143.19333333333333	143.21333333333334	143.18	143.17333333333335	143.17333333333335	143.22	143.19333333333333	143.22	143.15333333333334	143.2	143.2	143.18666666666667	143.12	143.20666666666668	143.16666666666666	143.19333333333333	143.2	143.18666666666667	143.16666666666666	143.20666666666668	143.23333333333332	143.21333333333334	143.19333333333333	143.18666666666667	143.18	143.18666666666667	143.26	143.20666666666668	143.16666666666666	143.18666666666667	143.22666666666666	143.18	143.20666666666668	143.21333333333334	143.19333333333333	143.17333333333335	143.18	143.16	143.19333333333333	143.20666666666668	143.23333333333332	143.18666666666667	143.18	143.17333333333335	143.18666666666667	143.19333333333333	143.19333333333333	143.24	143.14666666666668	143.16	143.25333333333333	143.18	143.16	143.18	143.2	143.19333333333333	143.17333333333335	142.92	139.72666666666666	0.0
0.0	140.08	142.85333333333332	143.16	143.24666666666667	143.24	143.26	143.22	143.17333333333335	143.22	143.22	143.2	143.18666666666667	143.21333333333334	143.2	143.20666666666668	143.26666666666668	143.16	143.21333333333334	143.18666666666667	143.2	143.2	143.2	143.20666666666668	143.23333333333332	143.22	143.17333333333335	143.20666666666668	143.20666666666668	143.16666666666666	143.22	143.22666666666666	143.22	143.17333333333335	143.24	143.23333333333332	143.18666666666667	143.15333333333334	143.18	143.21333333333334	143.22666666666666	143.22666666666666	143.26666666666668	143.20666666666668	143.16666666666666	143.18666666666667	143.19333333333333	143.19333333333333	143.18	143.2	143.23333333333332	143.2	143.20666666666668	143.20666666666668	143.23333333333332	143.23333333333332	143.22666666666666	143.22666666666666	143.22666666666666	143.18	143.20666666666668	143.19333333333333	143.24666666666667	143.22	143.20666666666668	143.17333333333335	143.16666666666666	143.16	143.2	143.14666666666668	142.93333333333334	140.07333333333332	0.0
0.0	139.91333333333333	142.86	143.13333333333333	143.16	143.2	143.2	143.19333333333333	143.18666666666667	143.17333333333335	143.20666666666668	143.23333333333332	143.22666666666666	143.14	143.22	143.16666666666666	143.22	143.16	143.20666666666668	143.23333333333332	143.18	143.19333333333333	143.19333333333333	143.2	143.23333333333332	143.20666666666668	143.21333333333334	143.22666666666666	143.2	143.17333333333335	143.22	143.18666666666667	143.14666666666668	143.15333333333334	143.17333333333335	143.20666666666668	143.23333333333332	143.16	143.2	143.21333333333334	143.15333333333334	143.21333333333334	143.20666666666668	143.20666666666668	143.22666666666666	143.23333333333332	143.17333333333335	143.2	143.15333333333334	143.15333333333334	143.17333333333335	143.18	143.18	143.21333333333334	143.2	143.22	143.23333333333332	143.20666666666668	143.22666666666666	143.2	143.2	143.20666666666668	143.18666666666667	143.18666666666667	143.19333333333333	143.23333333333332	143.20666666666668	143.15333333333334	143.21333333333334	143.17333333333335	142.91333333333333	140.05333333333334	0.0
0.0	139.96	142.90666666666667	143.14666666666668	143.18666666666667	143.16	143.20666666666668	143.16666666666666	143.18666666666667	143.21333333333334	143.18	143.16	143.22	143.24	143.16	143.20666666666668	143.16666666666666	143.18666666666667	143.18	143.25333333333333	143.23333333333332	143.20666666666668	143.15333333333334	143.17333333333335	143.16666666666666	143.17333333333335	143.19333333333333	143.16666666666666	143.15333333333334	143.19333333333333	143.19333333333333	143.14666666666668	143.16	143.21333333333334	143.18666666666667	143.15333333333334	143.19333333333333	143.18	143.19333333333333	143.17333333333335	143.18	143.16	143.16666666666666	143.17333333333335	143.14	143.15333333333334	143.21333333333334	143.21333333333334	143.21333333333334	143.24666666666667	143.15333333333334	143.16	143.18666666666667	143.16666666666666	143.16666666666666	143.24	143.20666666666668	143.14666666666668	143.21333333333334	143.15333333333334	143.16666666666666	143.20666666666668	143.16666666666666	143.18666666666667	143.20666666666668	143.18666666666667	143.2	143.14666666666668	143.2	143.13333333333333	142.92666666666668	139.72	0.0
0.0	140.02	142.92	143.14666666666668	143.18	143.14666666666668	143.18	143.18	143.12666666666667	143.22666666666666	143.20666666666668	143.14666666666668	143.14666666666668	143.19333333333333	143.19333333333333	143.19333333333333	143.13333333333333	143.19333333333333	143.2	143.13333333333333	143.12	143.16666666666666	143.14	143.19333333333333	143.14666666666668	143.10666666666665	143.16666666666666	143.19333333333333	143.14666666666668	143.15333333333334	143.18666666666667	143.16	143.19333333333333	143.12	143.19333333333333	143.17333333333335	143.2	143.19333333333333	143.21333333333334	143.14666666666668	143.21333333333334	143.15333333333334	143.14666666666668	143.13333333333333	143.14666666666668	143.17333333333335	143.19333333333333	143.11333333333334	143.22	143.19333333333333	143.14666666666668	143.14666666666668	143.19333333333333	143.16	143.20666666666668	143.2	143.2	143.16666666666666	143.18	143.16	143.14666666666668	143.24666666666667	143.17333333333335	143.18666666666667	143.18	143.20666666666668	143.16666666666666	143.20666666666668	143.17333333333335	143.1	142.91333333333333	140.10666666666665	0.0
0.0	140.08666666666667	142.84666666666666	143.12666666666667	143.18666666666667	143.21333333333334	143.20666666666668	143.2	143.18666666666667	143.18666666666667	143.2	143.17333333333335	143.22	143.18666666666667	143.15333333333334	143.20666666666668	143.16666666666666	143.26	143.17333333333335	143.18	143.24666666666667	143.19333333333333	143.18666666666667	143.19333333333333	143.2	143.21333333333334	143.21333333333334	143.27333333333334	143.18666666666667	143.24666666666667	143.18666666666667	143.16666666666666	143.17333333333335	143.27333333333334	143.28666666666666	143.24	143.2	143.22666666666666	143.23333333333332	143.20666666666668	143.2	143.2	143.19333333333333	143.18666666666667	143.25333333333333	143.22	143.19333333333333	143.16666666666666	143.20666666666668	143.24	143.22666666666666	143.18	143.16	143.2	143.17333333333335	143.20666666666668	143.16666666666666	143.2	143.28666666666666	143.28	143.24	143.19333333333333	143.22	143.21333333333334	143.22	143.18666666666667	143.24666666666667	143.21333333333334	143.22	143.14	142.95333333333335	139.98666666666668	0.0
0.0	140.12666666666667	142.93333333333334	143.15333333333334	143.19333333333333	143.19333333333333	143.16666666666666	143.21333333333334	143.28	143.18666666666667	143.20666666666668	143.18666666666667	143.24	143.21333333333334	143.19333333333333	143.21333333333334	143.2	143.26	143.2	143.18	143.22	143.20666666666668	143.20666666666668	143.21333333333334	143.2	143.25333333333333	143.20666666666668	143.16	143.21333333333334	143.18666666666667	143.24666666666667	143.22	143.17333333333335	143.23333333333332	143.18666666666667	143.24666666666667	143.22	143.22666666666666	143.20666666666668	143.20666666666668	143.26666666666668	143.24	143.23333333333332	143.24666666666667	143.22	143.22	143.22666666666666	143.21333333333334	143.19333333333333	143.22666666666666	143.22	143.24666666666667	143.2	143.21333333333334	143.2	143.18666666666667	143.2	143.22	143.2	143.19333333333333	143.22	143.25333333333333	143.23333333333332	143.18666666666667	143.21333333333334	143.22666666666666	143.18666666666667	143.22666666666666	143.17333333333335	143.18	143.01333333333332	140.02666666666667	0.0
0.0	140.08666666666667	142.80666666666667	143.16666666666666	143.16	143.11333333333334	143.18666666666667	143.16666666666666	143.1	143.20666666666668	143.12	143.15333333333334	143.16	143.15333333333334	143.14666666666668	143.15333333333334	143.1	143.12666666666667	143.12	143.17333333333335	143.15333333333334	143.15333333333334	143.18	143.14666666666668	143.16	143.16666666666666	143.14666666666668	143.14	143.21333333333334	143.14666666666668	143.14666666666668	143.14666666666668	143.17333333333335	143.18666666666667	143.12	143.2	143.15333333333334	143.14	143.18	143.14	143.20666666666668	143.12666666666667	143.15333333333334	143.20666666666668	143.17333333333335	143.16666666666666	143.10666666666665	143.16666666666666	143.12666666666667	143.16	143.12666666666667	143.19333333333333	143.14666666666668	143.15333333333334	143.16666666666666	143.18	143.16	143.16666666666666	143.13333333333333	143.15333333333334	143.18	143.14	143.13333333333333	143.18666666666667	143.17333333333335	143.16	143.19333333333333	143.15333333333334	143.13333333333333	143.15333333333334	142.8	139.83333333333334	0.0
0.0	139.95333333333335	142.96666666666667	143.16	143.16	143.16	143.2	143.18666666666667	143.20666666666668	143.14666666666668	143.14	143.18	143.18	143.17333333333335	143.16666666666666	143.16	143.15333333333334	143.18	143.2	143.17333333333335	143.16	143.19333333333333	143.18	143.20666666666668	143.18666666666667	143.2	143.18	143.19333333333333	143.16666666666666	143.16666666666666	143.20666666666668	143.18	143.19333333333333	143.23333333333332	143.23333333333332	143.18666666666667	143.15333333333334	143.16666666666666	143.20666666666668	143.17333333333335	143.18666666666667	143.21333333333334	143.20666666666668	143.2	143.2	143.16	143.13333333333333	143.19333333333333	143.19333333333333	143.21333333333334	143.18	143.19333333333333	143.18666666666667	143.2	143.2	143.17333333333335	143.15333333333334	143.14	143.16666666666666	143.18666666666667	143.17333333333335	143.14	143.18666666666667	143.17333333333335	143.17333333333335	143.16666666666666	143.20666666666668	143.20666666666668	143.19333333333333	143.12	142.90666666666667	139.76666666666668	0.0
0.0	139.90666666666667	142.86	143.16	143.21333333333334	143.24	143.18	143.17333333333335	143.2	143.17333333333335	143.18666666666667	143.17333333333335	143.21333333333334	143.19333333333333	143.18	143.2	143.18666666666667	143.22666666666666	143.18666666666667	143.22666666666666	143.21333333333334	143.20666666666668	143.17333333333335	143.17333333333335	143.18666666666667	143.22666666666666	143.22	143.21333333333334	143.2	143.2	143.18	143.21333333333334	143.19333333333333	143.20666666666668	143.22	143.22	143.24666666666667	143.2	143.2	143.16666666666666	143.15333333333334	143.20666666666668	143.24	143.18666666666667	143.20666666666668	143.23333333333332	143.17333333333335	143.18	143.23333333333332	143.16666666666666	143.20666666666668	143.20666666666668	143.22	143.18	143.19333333333333	143.24666666666667	143.24	143.19333333333333	143.22666666666666	143.19333333333333	143.22666666666666	143.22	143.24666666666667	143.18666666666667	143.18666666666667	143.22	143.17333333333335	143.18	143.24	143.18666666666667	142.91333333333333	139.89333333333335	0.0
0.0	139.95333333333335	142.89333333333335	143.16666666666666	143.14666666666668	143.24	143.2	143.23333333333332	143.24	143.22	143.22666666666666	143.18666666666667	143.21333333333334	143.18666666666667	143.2	143.19333333333333	143.23333333333332	143.23333333333332	143.2	143.20666666666668	143.19333333333333	143.19333333333333	143.25333333333333	143.2	143.18	143.17333333333335	143.23333333333332	143.22	143.17333333333335	143.21333333333334	143.19333333333333	143.22	143.22666666666666	143.20666666666668	143.2	143.18666666666667	143.18666666666667	143.23333333333332	143.18	143.16	143.22666666666666	143.17333333333335	143.2	143.20666666666668	143.24666666666667	143.2	143.18	143.19333333333333	143.24	143.19333333333333	143.26666666666668	143.17333333333335	143.20666666666668	143.17333333333335	143.18	143.20666666666668	143.19333333333333	143.20666666666668	143.21333333333334	143.20666666666668	143.23333333333332	143.17333333333335	143.23333333333332	143.18	143.18	143.18666666666667	143.22666666666666	143.28666666666666	143.22	143.23333333333332	142.9	139.96	0.0
0.0	139.98666666666668	142.94666666666666	143.18	143.22666666666666	143.24	143.16666666666666	143.19333333333333	143.20666666666668	143.17333333333335	143.19333333333333	143.17333333333335	143.22	143.20666666666668	143.18666666666667	143.18666666666667	143.21333333333334	143.17333333333335	143.22	143.22	143.22666666666666	143.21333333333334	143.18666666666667	143.18	143.2	143.2	143.16666666666666	143.21333333333334	143.18666666666667	143.22666666666666	143.2	143.16	143.20666666666668	143.16666666666666	143.18666666666667	143.21333333333334	143.2	143.23333333333332	143.21333333333334	143.16666666666666	143.19333333333333	143.24666666666667	143.24	143.15333333333334	143.18666666666667	143.17333333333335	143.22	143.19333333333333	143.16	143.16666666666666	143.18666666666667	143.22666666666666	143.17333333333335	143.2	143.19333333333333	143.18666666666667	143.21333333333334	143.20666666666668	143.20666666666668	143.22	143.26	143.19333333333333	143.16	143.16	143.18666666666667	143.20666666666668	143.19333333333333	143.18	143.18	143.16	142.83333333333334	139.85333333333332	0.0
0.0	139.88	142.88	143.14	143.17333333333335	143.2	143.16666666666666	143.12666666666667	143.15333333333334	143.20666666666668	143.2	143.14	143.16	143.16666666666666	143.16	143.16	143.16	143.14666666666668	143.18666666666667	143.15333333333334	143.16666666666666	143.19333333333333	143.20666666666668	143.18666666666667	143.15333333333334	143.16	143.18	143.16666666666666	143.16	143.16666666666666	143.15333333333334	143.18666666666667	143.14666666666668	143.14	143.19333333333333	143.17333333333335	143.19333333333333	143.19333333333333	143.16666666666666	143.19333333333333	143.16666666666666	143.14666666666668	143.12666666666667	143.16666666666666	143.16666666666666	143.16	143.18	143.2	143.18666666666667	143.17333333333335	143.16	143.2	143.18666666666667	143.2	143.19333333333333	143.16	143.14	143.16	143.14666666666668	143.22666666666666	143.18666666666667	143.14666666666668	143.15333333333334	143.13333333333333	143.18666666666667	143.16666666666666	143.18666666666667	143.18666666666667	143.22666666666666	143.11333333333334	143.0	139.84	0.0
0.0	139.84666666666666	142.84	143.11333333333334	143.2	143.17333333333335	143.18666666666667	143.16	143.15333333333334	143.15333333333334	143.22666666666666	143.2	143.16	143.17333333333335	143.15333333333334	143.20666666666668	143.19333333333333	143.14666666666668	143.12666666666667	143.16	143.17333333333335	143.18	143.18	143.2	143.15333333333334	143.16666666666666	143.14666666666668	143.18666666666667	143.21333333333334	143.22	143.18666666666667	143.16666666666666	143.24	143.16666666666666	143.16666666666666	143.16666666666666	143.18666666666667	143.21333333333334	143.17333333333335	143.17333333333335	143.14	143.19333333333333	143.19333333333333	143.20666666666668	143.21333333333334	143.19333333333333	143.14666666666668	143.2	143.15333333333334	143.15333333333334	143.14666666666668	143.17333333333335	143.23333333333332	143.20666666666668	143.17333333333335	143.18666666666667	143.16666666666666	143.17333333333335	143.2	143.20666666666668	143.25333333333333	143.21333333333334	143.2	143.18666666666667	143.17333333333335	143.18666666666667	143.19333333333333	143.13333333333333	143.23333333333332	143.18666666666667	142.90666666666667	140.14	0.0
0.0	139.80666666666667	142.91333333333333	143.15333333333334	143.2	143.20666666666668	143.19333333333333	143.19333333333333	143.19333333333333	143.15333333333334	143.20666666666668	143.17333333333335	143.22	143.2	143.18666666666667	143.19333333333333	143.16666666666666	143.18666666666667	143.15333333333334	143.21333333333334	143.16666666666666	143.18	143.24666666666667	143.21333333333334	143.23333333333332	143.24666666666667	143.18666666666667	143.18666666666667	143.20666666666668	143.19333333333333	143.19333333333333	143.22666666666666	143.22666666666666	143.24666666666667	143.17333333333335	143.2	143.22	143.18	143.18	143.27333333333334	143.21333333333334	143.2	143.22	143.18666666666667	143.17333333333335	143.24	143.22666666666666	143.19333333333333	143.22	143.19333333333333	143.18	143.2	143.19333333333333	143.18666666666667	143.21333333333334	143.15333333333334	143.18	143.18666666666667	143.20666666666668	143.22666666666666	143.17333333333335	143.21333333333334	143.26	143.22666666666666	143.19333333333333	143.20666666666668	143.20666666666668	143.18	143.2	143.15333333333334	142.88666666666666	139.65333333333334	0.0
0.0	139.82	142.84666666666666	143.2	143.22	143.22	143.18	143.18666666666667	143.21333333333334	143.18	143.16	143.25333333333333	143.18666666666667	143.16666666666666	143.24	143.17333333333335	143.18666666666667	143.17333333333335	143.14	143.16666666666666	143.18666666666667	143.20666666666668	143.21333333333334	143.22	143.16666666666666	143.21333333333334	143.20666666666668	143.16666666666666	143.18666666666667	143.2	143.19333333333333	143.16	143.17333333333335	143.17333333333335	143.24	143.2	143.16	143.21333333333334	143.15333333333334	143.16666666666666	143.16	143.16666666666666	143.2	143.23333333333332	143.22666666666666	143.2	143.17333333333335	143.14	143.17333333333335	143.18666666666667	143.20666666666668	143.15333333333334	143.19333333333333	143.17333333333335	143.20666666666668	143.18666666666667	143.22	143.17333333333335	143.20666666666668	143.2	143.2	143.22666666666666	143.22	143.18	143.20666666666668	143.24	143.17333333333335	143.2	143.23333333333332	143.18666666666667	142.84666666666666	139.70666666666668	0.0
0.0	139.78666666666666	142.89333333333335	143.20666666666668	143.23333333333332	143.2	143.19333333333333	143.18666666666667	143.21333333333334	143.2	143.19333333333333	143.22666666666666	143.21333333333334	143.17333333333335	143.15333333333334	143.23333333333332	143.18666666666667	143.23333333333332	143.26666666666668	143.19333333333333	143.21333333333334	143.17333333333335	143.22	143.22	143.21333333333334	143.21333333333334	143.22	143.2	143.2	143.23333333333332	143.21333333333334	143.16666666666666	143.22	143.18666666666667	143.18666666666667	143.20666666666668	143.18666666666667	143.21333333333334	143.22666666666666	143.20666666666668	143.16666666666666	143.2	143.14666666666668	143.17333333333335	143.19333333333333	143.20666666666668	143.22	143.22666666666666	143.16	143.18	143.18666666666667	143.2	143.19333333333333	143.23333333333332	143.22	143.22666666666666	143.21333333333334	143.14	143.18666666666667	143.21333333333334	143.2	143.16666666666666	143.19333333333333	143.18666666666667	143.18	143.20666666666668	143.20666666666668	143.18666666666667	143.19333333333333	143.19333333333333	142.80666666666667	139.93333333333334	0.0
0.0	139.76	142.95333333333335	143.20666666666668	143.18	143.16	143.16666666666666	143.19333333333333	143.14666666666668	143.15333333333334	143.2	143.18666666666667	143.16666666666666	143.20666666666668	143.20666666666668	143.18	143.16666666666666	143.15333333333334	143.17333333333335	143.16666666666666	143.12666666666667	143.16666666666666	143.19333333333333	143.19333333333333	143.11333333333334	143.12666666666667	143.17333333333335	143.20666666666668	143.17333333333335	143.16	143.18	143.18666666666667	143.14666666666668	143.19333333333333	143.21333333333334	143.16666666666666	143.14	143.12666666666667	143.22	143.18666666666667	143.19333333333333	143.16	143.18	143.21333333333334	143.20666666666668	143.16	143.15333333333334	143.16	143.15333333333334	143.16	143.17333333333335	143.16666666666666	143.17333333333335	143.15333333333334	143.16666666666666	143.15333333333334	143.2	143.18666666666667	143.18666666666667	143.16	143.19333333333333	143.17333333333335	143.15333333333334	143.14666666666668	143.13333333333333	143.17333333333335	143.19333333333333	143.18666666666667	143.14	143.14	142.9	139.82666666666665	0.0
0.0	139.88666666666666	142.98	143.22	143.21333333333334	143.25333333333333	143.26666666666668	143.22666666666666	143.25333333333333	143.22666666666666	143.22	143.24	143.25333333333333	143.25333333333333	143.21333333333334	143.21333333333334	143.24666666666667	143.20666666666668	143.2	143.24666666666667	143.24666666666667	143.26	143.21333333333334	143.22	143.22666666666666	143.22	143.2	143.16666666666666	143.24	143.28666666666666	143.26666666666668	143.28666666666666	143.2	143.21333333333334	143.25333333333333	143.22666666666666	143.26	143.24	143.2	143.20666666666668	143.22666666666666	143.22	143.24	143.24	143.22	143.23333333333332	143.22666666666666	143.24	143.21333333333334	143.26	143.18666666666667	143.24666666666667	143.21333333333334	143.25333333333333	143.19333333333333	143.20666666666668	143.22666666666666	143.22666666666666	143.20666666666668	143.18	143.21333333333334	143.18666666666667	143.19333333333333	143.22666666666666	143.23333333333332	143.17333333333335	143.24	143.21333333333334	143.22666666666666	143.23333333333332	142.94666666666666	139.79333333333332	0.0
0.0	139.96666666666667	142.97333333333333	143.12	143.11333333333334	143.2	143.21333333333334	143.15333333333334	143.22	143.19333333333333	143.13333333333333	143.18	143.16	143.18	143.24	143.21333333333334	143.15333333333334	143.14666666666668	143.17333333333335	143.17333333333335	143.16	143.21333333333334	143.18666666666667	143.12666666666667	143.18666666666667	143.14	143.16666666666666	143.18666666666667	143.18	143.15333333333334	143.2	143.14666666666668	143.21333333333334	143.16666666666666	143.15333333333334	143.18666666666667	143.17333333333335	143.17333333333335	143.14666666666668	143.19333333333333	143.18	143.17333333333335	143.2	143.15333333333334	143.19333333333333	143.16666666666666	143.18	143.13333333333333	143.16666666666666	143.14666666666668	143.19333333333333	143.15333333333334	143.14666666666668	143.12	143.13333333333333	143.17333333333335	143.14666666666668	143.14	143.16666666666666	143.13333333333333	143.15333333333334	143.14	143.16	143.18666666666667	143.22	143.17333333333335	143.14	143.15333333333334	143.22	143.16	142.87333333333333	139.73333333333332	0.0
0.0	139.69333333333333	142.91333333333333	143.14666666666668	143.18	143.24666666666667	143.22	143.23333333333332	143.24	143.23333333333332	143.21333333333334	143.2	143.24666666666667	143.20666666666668	143.22666666666666	143.24666666666667	143.27333333333334	143.25333333333333	143.16	143.25333333333333	143.21333333333334	143.22666666666666	143.2	143.21333333333334	143.25333333333333	143.22666666666666	143.18666666666667	143.27333333333334	143.23333333333332	143.22666666666666	143.23333333333332	143.25333333333333	143.20666666666668	143.21333333333334	143.23333333333332	143.22	143.21333333333334	143.23333333333332	143.22	143.27333333333334	143.27333333333334	143.19333333333333	143.23333333333332	143.24666666666667	143.25333333333333	143.22	143.26666666666668	143.2	143.2	143.2	143.26	143.24666666666667	143.24	143.23333333333332	143.22666666666666	143.20666666666668	143.22666666666666	143.24	143.20666666666668	143.21333333333334	143.25333333333333	143.21333333333334	143.22666666666666	143.23333333333332	143.24666666666667	143.21333333333334	143.26	143.22666666666666	143.24666666666667	143.18666666666667	142.99333333333334	139.98	0.0
0.0	139.88	142.94666666666666	143.12	143.17333333333335	143.18	143.18666666666667	143.2	143.18	143.18666666666667	143.16666666666666	143.14666666666668	143.17333333333335	143.2	143.16666666666666	143.17333333333335	143.18	143.16666666666666	143.16	143.21333333333334	143.2	143.16	143.17333333333335	143.19333333333333	143.22	143.22	143.21333333333334	143.18666666666667	143.2	143.2	143.16	143.18666666666667	143.17333333333335	143.18666666666667	143.19333333333333	143.17333333333335	143.14666666666668	143.18	143.18666666666667	143.2	143.18	143.12666666666667	143.16666666666666	143.23333333333332	143.14	143.16666666666666	143.18	143.18	143.27333333333334	143.2	143.18666666666667	143.18	143.18	143.18	143.12666666666667	143.16666666666666	143.16666666666666	143.20666666666668	143.14666666666668	143.2	143.23333333333332	143.24	143.2	143.17333333333335	143.16	143.18666666666667	143.17333333333335	143.22	143.18	143.09333333333333	142.88666666666666	140.02	0.0
0.0	139.86	143.02	143.22	143.22	143.22666666666666	143.24666666666667	143.22	143.25333333333333	143.24	143.22666666666666	143.22	143.23333333333332	143.23333333333332	143.20666666666668	143.22	143.30666666666667	143.18666666666667	143.22	143.17333333333335	143.29333333333332	143.26	143.25333333333333	143.23333333333332	143.24666666666667	143.2	143.22666666666666	143.24666666666667	143.2	143.22	143.22	143.24	143.21333333333334	143.24	143.22	143.20666666666668	143.2	143.24	143.24666666666667	143.22	143.23333333333332	143.18666666666667	143.2	143.20666666666668	143.20666666666668	143.20666666666668	143.23333333333332	143.23333333333332	143.23333333333332	143.24666666666667	143.24666666666667	143.25333333333333	143.18	143.18	143.23333333333332	143.23333333333332	143.21333333333334	143.26	143.21333333333334	143.23333333333332	143.21333333333334	143.20666666666668	143.28	143.28	143.24	143.21333333333334	143.20666666666668	143.20666666666668	143.23333333333332	143.15333333333334	142.98	139.94	0.0
0.0	139.95333333333335	142.84666666666666	143.12	143.15333333333334	143.15333333333334	143.14666666666668	143.14666666666668	143.16	143.14666666666668	143.21333333333334	143.14	143.10666666666665	143.11333333333334	143.17333333333335	143.12666666666667	143.12	143.12	143.14666666666668	143.15333333333334	143.12	143.16	143.16666666666666	143.11333333333334	143.16	143.12666666666667	143.10666666666665	143.16666666666666	143.13333333333333	143.13333333333333	143.12	143.16	143.14	143.12666666666667	143.12666666666667	143.12	143.09333333333333	143.09333333333333	143.14666666666668	143.18	143.11333333333334	143.16	143.14666666666668	143.11333333333334	143.16666666666666	143.17333333333335	143.14666666666668	143.16	143.11333333333334	143.11333333333334	143.12	143.13333333333333	143.14666666666668	143.17333333333335	143.16	143.11333333333334	143.16666666666666	143.12	143.12666666666667	143.18	143.14	143.15333333333334	143.09333333333333	143.14666666666668	143.18	143.18	143.11333333333334	143.17333333333335	143.12666666666667	143.08666666666667	142.88666666666666	139.85333333333332	0.0
0.0	139.94	142.94	143.13333333333333	143.19333333333333	143.12666666666667	143.18666666666667	143.12666666666667	143.13333333333333	143.16	143.17333333333335	143.15333333333334	143.1	143.14666666666668	143.18	143.14	143.13333333333333	143.17333333333335	143.14	143.19333333333333	143.13333333333333	143.14	143.2	143.14666666666668	143.18	143.19333333333333	143.16	143.12666666666667	143.14666666666668	143.18	143.14666666666668	143.14	143.13333333333333	143.17333333333335	143.14666666666668	143.14666666666668	143.12666666666667	143.16	143.16	143.18	143.16666666666666	143.13333333333333	143.2	143.16666666666666	143.18666666666667	143.14666666666668	143.11333333333334	143.21333333333334	143.16666666666666	143.12666666666667	143.15333333333334	143.17333333333335	143.13333333333333	143.14666666666668	143.15333333333334	143.17333333333335	143.18666666666667	143.22	143.12	143.17333333333335	143.11333333333334	143.19333333333333	143.17333333333335	143.16	143.14	143.16666666666666	143.15333333333334	143.19333333333333	143.15333333333334	143.14	142.88666666666666	139.59333333333333	0.0
0.0	140.01333333333332	142.82666666666665	143.18666666666667	143.23333333333332	143.18666666666667	143.14666666666668	143.18	143.17333333333335	143.2	143.22666666666666	143.20666666666668	143.16666666666666	143.15333333333334	143.18666666666667	143.18666666666667	143.18666666666667	143.21333333333334	143.24	143.17333333333335	143.19333333333333	143.15333333333334	143.16666666666666	143.18666666666667	143.20666666666668	143.19333333333333	143.2	143.19333333333333	143.15333333333334	143.19333333333333	143.2	143.2	143.19333333333333	143.2	143.17333333333335	143.16666666666666	143.14666666666668	143.18	143.17333333333335	143.19333333333333	143.16666666666666	143.14666666666668	143.22666666666666	143.17333333333335	143.22	143.19333333333333	143.20666666666668	143.16	143.2	143.16666666666666	143.20666666666668	143.20666666666668	143.18	143.16	143.18666666666667	143.17333333333335	143.14666666666668	143.14666666666668	143.19333333333333	143.19333333333333	143.15333333333334	143.17333333333335	143.14666666666668	143.17333333333335	143.18666666666667	143.19333333333333	143.19333333333333	143.20666666666668	143.19333333333333	143.15333333333334	142.9	139.96666666666667	0.0
0.0	139.87333333333333	142.94	143.18666666666667	143.2	143.16666666666666	143.21333333333334	143.21333333333334	143.18666666666667	143.21333333333334	143.24666666666667	143.2	143.24	143.19333333333333	143.18666666666667	143.17333333333335	143.2	143.22666666666666	143.18	143.19333333333333	143.16	143.20666666666668	143.18666666666667	143.19333333333333	143.18666666666667	143.24666666666667	143.22666666666666	143.18666666666667	143.16666666666666	143.18666666666667	143.20666666666668	143.22	143.18666666666667	143.2	143.19333333333333	143.22	143.18	143.18666666666667	143.2	143.24	143.19333333333333	143.20666666666668	143.21333333333334	143.18666666666667	143.22	143.19333333333333	143.18	143.22	143.18666666666667	143.24666666666667	143.19333333333333	143.2	143.22	143.18666666666667	143.2	143.19333333333333	143.18666666666667	143.19333333333333	143.22	143.16666666666666	143.19333333333333	143.14	143.2	143.15333333333334	143.26	143.17333333333335	143.24	143.21333333333334	143.22	143.17333333333335	142.96	139.84666666666666	0.0
0.0	139.46666666666667	143.04666666666665	143.22	143.22666666666666	143.25333333333333	143.24	143.26666666666668	143.24	143.25333333333333	143.3	143.24	143.26	143.28666666666666	143.29333333333332	143.26	143.29333333333332	143.29333333333332	143.26	143.24	143.23333333333332	143.24	143.23333333333332	143.28666666666666	143.24	143.24	143.28666666666666	143.27333333333334	143.23333333333332	143.22666666666666	143.28666666666666	143.24666666666667	143.26	143.25333333333333	143.31333333333333	143.3	143.26666666666668	143.22666666666666	143.22	143.24	143.23333333333332	143.25333333333333	143.24	143.28666666666666	143.25333333333333	143.23333333333332	143.27333333333334	143.28	143.26666666666668	143.24666666666667	143.28666666666666	143.26666666666668	143.28666666666666	143.26	143.24666666666667	143.26666666666668	143.26	143.28	143.25333333333333	143.25333333333333	143.30666666666667	143.24666666666667	143.25333333333333	143.24666666666667	143.26666666666668	143.25333333333333	143.29333333333332	143.24	143.29333333333332	143.27333333333334	142.95333333333335	139.94666666666666	0.0
0.0	139.78	142.84666666666666	143.12	143.15333333333334	143.20666666666668	143.22666666666666	143.23333333333332	143.18666666666667	143.17333333333335	143.16	143.16	143.12666666666667	143.18	143.13333333333333	143.20666666666668	143.14	143.17333333333335	143.18666666666667	143.2	143.18	143.12666666666667	143.16666666666666	143.20666666666668	143.19333333333333	143.20666666666668	143.16666666666666	143.17333333333335	143.18666666666667	143.17333333333335	143.16666666666666	143.17333333333335	143.16	143.13333333333333	143.16	143.21333333333334	143.16	143.12666666666667	143.17333333333335	143.18666666666667	143.14	143.18666666666667	143.12	143.18666666666667	143.22666666666666	143.15333333333334	143.14	143.17333333333335	143.22666666666666	143.18	143.16666666666666	143.17333333333335	143.16	143.14666666666668	143.16	143.16	143.21333333333334	143.12666666666667	143.17333333333335	143.19333333333333	143.16	143.17333333333335	143.16666666666666	143.16	143.14	143.16	143.12666666666667	143.15333333333334	143.14666666666668	143.11333333333334	142.85333333333332	139.88	0.0
0.0	139.67333333333335	142.9	143.13333333333333	143.23333333333332	143.2	143.22	143.22	143.22666666666666	143.16	143.15333333333334	143.17333333333335	143.16	143.17333333333335	143.18	143.19333333333333	143.20666666666668	143.17333333333335	143.22666666666666	143.17333333333335	143.17333333333335	143.18666666666667	143.24	143.18666666666667	143.17333333333335	143.21333333333334	143.23333333333332	143.16	143.18666666666667	143.16666666666666	143.20666666666668	143.24666666666667	143.18	143.18	143.2	143.19333333333333	143.19333333333333	143.18	143.19333333333333	143.24	143.20666666666668	143.16666666666666	143.18	143.17333333333335	143.18666666666667	143.20666666666668	143.2	143.16	143.18666666666667	143.20666666666668	143.19333333333333	143.2	143.17333333333335	143.22	143.19333333333333	143.19333333333333	143.24	143.18	143.2	143.19333333333333	143.21333333333334	143.20666666666668	143.18666666666667	143.16666666666666	143.19333333333333	143.20666666666668	143.17333333333335	143.15333333333334	143.14666666666668	143.21333333333334	142.9	139.88666666666666	0.0
0.0	140.07333333333332	142.85333333333332	143.15333333333334	143.15333333333334	143.14	143.12666666666667	143.12	143.12	143.2	143.11333333333334	143.1	143.19333333333333	143.13333333333333	143.14666666666668	143.16	143.12	143.15333333333334	143.12666666666667	143.17333333333335	143.15333333333334	143.15333333333334	143.16	143.16	143.14	143.12666666666667	143.15333333333334	143.14666666666668	143.20666666666668	143.15333333333334	143.16	143.11333333333334	143.1	143.16666666666666	143.15333333333334	143.15333333333334	143.16666666666666	143.18666666666667	143.17333333333335	143.15333333333334	143.16	143.17333333333335	143.2	143.14666666666668	143.15333333333334	143.13333333333333	143.14666666666668	143.18	143.10666666666665	143.15333333333334	143.13333333333333	143.10666666666665	143.15333333333334	143.21333333333334	143.15333333333334	143.14666666666668	143.14666666666668	143.19333333333333	143.17333333333335	143.12666666666667	143.14666666666668	143.17333333333335	143.2	143.11333333333334	143.14	143.18	143.18	143.14	143.15333333333334	143.15333333333334	142.84666666666666	139.76	0.0
0.0	139.94666666666666	142.73333333333332	143.16	143.21333333333334	143.20666666666668	143.19333333333333	143.22	143.22	143.21333333333334	143.21333333333334	143.2	143.22	143.18	143.16	143.16	143.16666666666666	143.21333333333334	143.21333333333334	143.18	143.21333333333334	143.21333333333334	143.14	143.20666666666668	143.24	143.24666666666667	143.20666666666668	143.22666666666666	143.18	143.18	143.16666666666666	143.22666666666666	143.18666666666667	143.22	143.21333333333334	143.15333333333334	143.16666666666666	143.2	143.2	143.19333333333333	143.16666666666666	143.19333333333333	143.2	143.16666666666666	143.16666666666666	143.20666666666668	143.14666666666668	143.14666666666668	143.19333333333333	143.18	143.19333333333333	143.18666666666667	143.22	143.2	143.16666666666666	143.2	143.18	143.16666666666666	143.18	143.19333333333333	143.22666666666666	143.2	143.20666666666668	143.22666666666666	143.22	143.18	143.18666666666667	143.18	143.20666666666668	143.14666666666668	142.86	139.88666666666666	0.0
0.0	139.86666666666667	142.83333333333334	143.12666666666667	143.2	143.18	143.21333333333334	143.21333333333334	143.2	143.18666666666667	143.20666666666668	143.16666666666666	143.18	143.21333333333334	143.19333333333333	143.18	143.12666666666667	143.18666666666667	143.16	143.16	143.19333333333333	143.17333333333335	143.18	143.16	143.19333333333333	143.2	143.16666666666666	143.22	143.17333333333335	143.14	143.2	143.22666666666666	143.14	143.16	143.18	143.17333333333335	143.19333333333333	143.22666666666666	143.22666666666666	143.24	143.16	143.20666666666668	143.20666666666668	143.17333333333335	143.14	143.18666666666667	143.15333333333334	143.22666666666666	143.17333333333335	143.19333333333333	143.18666666666667	143.22	143.21333333333334	143.18666666666667	143.15333333333334	143.14666666666668	143.22	143.16666666666666	143.21333333333334	143.18666666666667	143.18	143.18666666666667	143.13333333333333	143.2	143.18666666666667	143.15333333333334	143.18666666666667	143.18666666666667	143.16666666666666	143.17333333333335	142.90666666666667	139.74666666666667	0.0
0.0	139.98	142.8	143.18666666666667	143.16666666666666	143.17333333333335	143.14666666666668	143.18666666666667	143.19333333333333	143.16666666666666	143.17333333333335	143.16666666666666	143.2	143.16	143.18666666666667	143.19333333333333	143.15333333333334	143.15333333333334	143.15333333333334	143.26	143.20666666666668	143.13333333333333	143.18	143.23333333333332	143.18666666666667	143.19333333333333	143.16	143.13333333333333	143.17333333333335	143.16666666666666	143.14	143.18	143.2	143.22	143.18	143.16666666666666	143.16	143.19333333333333	143.18666666666667	143.13333333333333	143.14666666666668	143.22	143.18666666666667	143.16666666666666	143.16	143.13333333333333	143.15333333333334	143.20666666666668	143.16666666666666	143.17333333333335	143.15333333333334	143.16	143.17333333333335	143.19333333333333	143.20666666666668	143.16	143.16	143.14666666666668	143.20666666666668	143.16	143.16	143.17333333333335	143.13333333333333	143.15333333333334	143.11333333333334	143.14	143.16666666666666	143.17333333333335	143.18	143.1	142.80666666666667	139.99333333333334	0.0
0.0	139.81333333333333	142.86	143.18	143.18666666666667	143.17333333333335	143.18	143.18666666666667	143.19333333333333	143.19333333333333	143.18666666666667	143.22	143.19333333333333	143.15333333333334	143.18	143.18666666666667	143.18666666666667	143.16666666666666	143.18666666666667	143.14666666666668	143.24	143.20666666666668	143.23333333333332	143.16666666666666	143.18666666666667	143.19333333333333	143.21333333333334	143.2	143.16	143.19333333333333	143.2	143.22	143.17333333333335	143.18666666666667	143.14666666666668	143.18	143.22	143.18	143.21333333333334	143.19333333333333	143.22	143.22666666666666	143.21333333333334	143.22	143.23333333333332	143.19333333333333	143.20666666666668	143.2	143.16666666666666	143.26	143.22666666666666	143.17333333333335	143.21333333333334	143.17333333333335	143.22666666666666	143.22666666666666	143.18	143.17333333333335	143.18	143.2	143.17333333333335	143.17333333333335	143.21333333333334	143.20666666666668	143.14666666666668	143.18	143.13333333333333	143.18666666666667	143.18	143.14666666666668	142.88666666666666	139.93333333333334	0.0
0.0	139.8	142.93333333333334	143.13333333333333	143.12666666666667	143.22	143.21333333333334	143.18666666666667	143.16666666666666	143.12666666666667	143.16666666666666	143.2	143.19333333333333	143.18	143.19333333333333	143.14666666666668	143.17333333333335	143.17333333333335	143.19333333333333	143.22	143.19333333333333	143.17333333333335	143.2	143.19333333333333	143.14666666666668	143.12666666666667	143.12	143.2	143.2	143.18	143.18666666666667	143.16666666666666	143.14	143.19333333333333	143.18666666666667	143.16666666666666	143.22	143.17333333333335	143.19333333333333	143.13333333333333	143.18	143.17333333333335	143.22	143.17333333333335	143.15333333333334	143.19333333333333	143.20666666666668	143.15333333333334	143.18	143.14666666666668	143.21333333333334	143.18	143.20666666666668	143.26666666666668	143.22	143.14	143.19333333333333	143.2	143.22	143.22	143.19333333333333	143.20666666666668	143.19333333333333	143.16666666666666	143.16	143.18	143.19333333333333	143.15333333333334	143.14	143.22	142.86	139.88	0.0
0.0	140.11333333333334	142.93333333333334	143.12666666666667	143.18	143.18	143.18	143.16	143.16666666666666	143.13333333333333	143.16	143.20666666666668	143.14666666666668	143.16	143.16666666666666	143.18666666666667	143.2	143.21333333333334	143.20666666666668	143.15333333333334	143.22	143.16666666666666	143.18	143.2	143.20666666666668	143.18666666666667	143.22666666666666	143.15333333333334	143.16666666666666	143.24	143.22	143.17333333333335	143.14	143.24666666666667	143.15333333333334	143.21333333333334	143.15333333333334	143.16	143.17333333333335	143.15333333333334	143.16	143.2	143.23333333333332	143.16666666666666	143.20666666666668	143.20666666666668	143.16666666666666	143.17333333333335	143.24666666666667	143.21333333333334	143.21333333333334	143.19333333333333	143.16666666666666	143.2	143.17333333333335	143.14666666666668	143.18	143.2	143.22666666666666	143.17333333333335	143.21333333333334	143.2	143.17333333333335	143.18	143.21333333333334	143.15333333333334	143.13333333333333	143.15333333333334	143.2	143.18666666666667	142.85333333333332	139.88	0.0
0.0	139.74666666666667	142.76	143.08666666666667	143.14666666666668	143.13333333333333	143.16	143.16666666666666	143.16	143.14	143.18	143.16	143.17333333333335	143.16	143.15333333333334	143.14	143.18	143.20666666666668	143.13333333333333	143.17333333333335	143.17333333333335	143.18666666666667	143.19333333333333	143.15333333333334	143.17333333333335	143.14	143.16666666666666	143.16	143.11333333333334	143.17333333333335	143.16	143.19333333333333	143.19333333333333	143.19333333333333	143.14666666666668	143.17333333333335	143.2	143.14666666666668	143.2	143.15333333333334	143.17333333333335	143.18	143.14666666666668	143.15333333333334	143.16666666666666	143.16666666666666	143.16	143.21333333333334	143.16666666666666	143.17333333333335	143.18	143.16666666666666	143.15333333333334	143.15333333333334	143.18666666666667	143.16	143.2	143.18666666666667	143.14	143.16	143.21333333333334	143.16	143.24	143.2	143.22666666666666	143.16	143.14666666666668	143.13333333333333	143.17333333333335	143.12	142.84666666666666	139.97333333333333	0.0
0.0	139.84	142.90666666666667	143.14666666666668	143.22666666666666	143.16	143.22666666666666	143.22	143.22	143.24	143.14666666666668	143.18	143.22	143.16	143.20666666666668	143.25333333333333	143.25333333333333	143.22666666666666	143.20666666666668	143.2	143.18	143.22666666666666	143.18666666666667	143.24	143.20666666666668	143.22666666666666	143.25333333333333	143.23333333333332	143.28	143.23333333333332	143.25333333333333	143.2	143.24666666666667	143.22666666666666	143.16666666666666	143.2	143.21333333333334	143.24666666666667	143.19333333333333	143.23333333333332	143.20666666666668	143.21333333333334	143.24	143.22	143.20666666666668	143.2	143.20666666666668	143.19333333333333	143.19333333333333	143.21333333333334	143.20666666666668	143.24	143.22666666666666	143.18666666666667	143.19333333333333	143.20666666666668	143.18666666666667	143.21333333333334	143.16666666666666	143.18	143.22	143.20666666666668	143.22	143.20666666666668	143.24	143.17333333333335	143.18	143.20666666666668	143.21333333333334	143.15333333333334	142.92666666666668	139.76	0.0
0.0	140.13333333333333	142.87333333333333	143.12666666666667	143.22	143.18	143.17333333333335	143.18	143.2	143.18	143.22	143.16666666666666	143.19333333333333	143.16	143.18	143.18	143.19333333333333	143.18	143.17333333333335	143.17333333333335	143.16666666666666	143.16	143.16666666666666	143.17333333333335	143.16666666666666	143.17333333333335	143.22666666666666	143.2	143.20666666666668	143.20666666666668	143.16666666666666	143.15333333333334	143.17333333333335	143.22	143.18	143.11333333333334	143.14666666666668	143.14	143.14666666666668	143.16	143.18666666666667	143.22	143.24	143.18	143.22	143.23333333333332	143.16	143.18	143.16	143.21333333333334	143.2	143.18666666666667	143.2	143.18666666666667	143.16666666666666	143.15333333333334	143.21333333333334	143.16666666666666	143.17333333333335	143.19333333333333	143.21333333333334	143.13333333333333	143.2	143.18666666666667	143.24666666666667	143.19333333333333	143.16	143.14666666666668	143.18	143.14666666666668	142.86666666666667	139.92666666666668	0.0
0.0	140.01333333333332	142.95333333333335	143.16	143.19333333333333	143.16666666666666	143.18666666666667	143.20666666666668	143.24	143.21333333333334	143.19333333333333	143.22	143.20666666666668	143.2	143.22	143.18666666666667	143.17333333333335	143.19333333333333	143.18666666666667	143.21333333333334	143.18666666666667	143.22	143.18666666666667	143.26666666666668	143.17333333333335	143.19333333333333	143.17333333333335	143.24	143.2	143.19333333333333	143.18666666666667	143.2	143.17333333333335	143.2	143.20666666666668	143.22666666666666	143.24666666666667	143.17333333333335	143.18	143.19333333333333	143.2	143.19333333333333	143.21333333333334	143.18666666666667	143.20666666666668	143.22666666666666	143.16666666666666	143.2	143.18666666666667	143.2	143.2	143.2	143.18666666666667	143.20666666666668	143.18666666666667	143.16	143.2	143.22	143.20666666666668	143.24	143.2	143.18666666666667	143.18666666666667	143.17333333333335	143.19333333333333	143.20666666666668	143.18	143.22	143.22	143.12666666666667	142.87333333333333	139.9	0.0
0.0	139.82666666666665	142.89333333333335	143.14666666666668	143.18	143.20666666666668	143.16	143.28	143.18	143.18	143.18	143.16666666666666	143.2	143.15333333333334	143.13333333333333	143.13333333333333	143.18	143.18	143.16	143.14	143.16666666666666	143.22	143.16	143.19333333333333	143.15333333333334	143.12666666666667	143.16666666666666	143.17333333333335	143.17333333333335	143.18	143.13333333333333	143.20666666666668	143.12	143.13333333333333	143.17333333333335	143.15333333333334	143.18666666666667	143.16	143.20666666666668	143.18	143.14666666666668	143.18666666666667	143.18	143.2	143.16	143.13333333333333	143.21333333333334	143.24666666666667	143.18	143.16	143.14666666666668	143.17333333333335	143.18666666666667	143.2	143.20666666666668	143.16	143.14	143.22	143.17333333333335	143.18666666666667	143.18	143.19333333333333	143.15333333333334	143.17333333333335	143.12666666666667	143.18	143.10666666666665	143.17333333333335	143.2	143.15333333333334	142.83333333333334	140.06	0.0
0.0	139.81333333333333	142.84666666666666	143.14666666666668	143.25333333333333	143.20666666666668	143.23333333333332	143.21333333333334	143.23333333333332	143.21333333333334	143.24	143.19333333333333	143.21333333333334	143.16666666666666	143.16666666666666	143.21333333333334	143.24666666666667	143.22	143.26	143.22	143.19333333333333	143.24	143.26666666666668	143.22	143.18666666666667	143.17333333333335	143.2	143.16666666666666	143.20666666666668	143.24666666666667	143.18666666666667	143.2	143.17333333333335	143.22	143.18	143.17333333333335	143.20666666666668	143.20666666666668	143.22666666666666	143.23333333333332	143.26	143.24666666666667	143.20666666666668	143.20666666666668	143.17333333333335	143.22	143.16666666666666	143.22	143.22	143.20666666666668	143.21333333333334	143.17333333333335	143.25333333333333	143.19333333333333	143.23333333333332	143.21333333333334	143.20666666666668	143.21333333333334	143.20666666666668	143.23333333333332	143.22	143.22	143.20666666666668	143.22666666666666	143.22666666666666	143.23333333333332	143.25333333333333	143.19333333333333	143.18	143.17333333333335	142.94	139.9	0.0
0.0	139.73333333333332	142.86	143.11333333333334	143.16666666666666	143.15333333333334	143.18666666666667	143.18	143.12666666666667	143.14666666666668	143.14666666666668	143.14	143.21333333333334	143.18	143.13333333333333	143.16666666666666	143.17333333333335	143.18	143.16666666666666	143.12666666666667	143.15333333333334	143.16666666666666	143.18	143.15333333333334	143.12	143.16666666666666	143.13333333333333	143.12666666666667	143.13333333333333	143.14666666666668	143.22	143.13333333333333	143.12666666666667	143.16666666666666	143.14	143.18	143.18666666666667	143.2	143.17333333333335	143.22666666666666	143.18	143.13333333333333	143.10666666666665	143.15333333333334	143.15333333333334	143.16666666666666	143.18	143.18	143.16	143.14666666666668	143.16666666666666	143.14666666666668	143.16	143.14	143.15333333333334	143.18	143.16666666666666	143.13333333333333	143.14666666666668	143.14666666666668	143.14666666666668	143.16666666666666	143.21333333333334	143.18666666666667	143.12	143.14	143.15333333333334	143.13333333333333	143.19333333333333	143.17333333333335	142.91333333333333	139.76	0.0
0.0	139.85333333333332	142.78	143.13333333333333	143.18666666666667	143.2	143.18666666666667	143.14	143.16	143.16666666666666	143.19333333333333	143.17333333333335	143.16666666666666	143.16	143.18666666666667	143.18	143.16	143.19333333333333	143.15333333333334	143.14666666666668	143.14	143.18666666666667	143.16666666666666	143.18	143.18666666666667	143.2	143.16	143.18666666666667	143.15333333333334	143.17333333333335	143.13333333333333	143.18666666666667	143.18666666666667	143.16666666666666	143.17333333333335	143.16	143.15333333333334	143.18666666666667	143.16	143.17333333333335	143.16666666666666	143.2	143.17333333333335	143.18	143.16666666666666	143.21333333333334	143.15333333333334	143.16	143.14	143.2	143.14	143.21333333333334	143.16666666666666	143.18	143.21333333333334	143.18666666666667	143.23333333333332	143.19333333333333	143.16666666666666	143.16666666666666	143.18	143.14666666666668	143.19333333333333	143.22666666666666	143.14	143.18666666666667	143.18	143.16	143.22666666666666	143.18666666666667	142.84666666666666	139.91333333333333	0.0
0.0	139.84	142.94	143.2	143.23333333333332	143.23333333333332	143.27333333333334	143.25333333333333	143.23333333333332	143.28666666666666	143.21333333333334	143.20666666666668	143.23333333333332	143.21333333333334	143.22	143.26	143.29333333333332	143.22666666666666	143.26666666666668	143.23333333333332	143.30666666666667	143.22	143.24	143.22666666666666	143.22	143.23333333333332	143.23333333333332	143.23333333333332	143.24	143.26	143.24	143.22666666666666	143.21333333333334	143.24	143.26	143.22666666666666	143.22666666666666	143.20666666666668	143.19333333333333	143.2	143.24	143.19333333333333	143.24666666666667	143.23333333333332	143.29333333333332	143.27333333333334	143.26666666666668	143.25333333333333	143.21333333333334	143.26	143.22666666666666	143.22666666666666	143.24	143.26666666666668	143.21333333333334	143.24	143.26666666666668	143.23333333333332	143.23333333333332	143.21333333333334	143.2	143.22666666666666	143.22666666666666	143.21333333333334	143.22	143.23333333333332	143.26	143.24	143.22666666666666	143.23333333333332	142.92	139.89333333333335	0.0
0.0	140.11333333333334	142.90666666666667	143.19333333333333	143.15333333333334	143.11333333333334	143.22666666666666	143.18666666666667	143.16666666666666	143.16	143.16	143.18	143.22	143.17333333333335	143.15333333333334	143.12	143.14	143.17333333333335	143.19333333333333	143.17333333333335	143.13333333333333	143.14	143.2	143.12	143.14	143.14666666666668	143.13333333333333	143.16	143.16	143.18666666666667	143.14666666666668	143.18	143.13333333333333	143.18	143.18666666666667	143.14666666666668	143.18666666666667	143.16666666666666	143.14666666666668	143.11333333333334	143.16	143.18666666666667	143.2	143.16666666666666	143.18666666666667	143.14666666666668	143.14666666666668	143.14	143.15333333333334	143.22666666666666	143.17333333333335	143.12666666666667	143.15333333333334	143.16666666666666	143.1	143.14	143.14	143.14	143.16666666666666	143.18666666666667	143.18666666666667	143.14	143.25333333333333	143.14	143.16	143.14	143.14	143.16	143.14666666666668	143.11333333333334	142.85333333333332	139.94	0.0
0.0	139.69333333333333	142.88666666666666	143.14	143.16666666666666	143.16	143.18666666666667	143.18	143.14666666666668	143.19333333333333	143.15333333333334	143.16666666666666	143.14	143.13333333333333	143.2	143.16	143.21333333333334	143.18666666666667	143.18666666666667	143.2	143.12	143.16666666666666	143.13333333333333	143.16666666666666	143.17333333333335	143.16	143.18	143.16666666666666	143.16	143.16666666666666	143.16	143.21333333333334	143.22	143.18	143.13333333333333	143.14	143.14666666666668	143.14	143.21333333333334	143.18	143.16	143.20666666666668	143.16	143.22	143.18	143.17333333333335	143.14	143.15333333333334	143.14666666666668	143.14	143.16666666666666	143.15333333333334	143.18666666666667	143.2	143.20666666666668	143.18	143.15333333333334	143.13333333333333	143.18666666666667	143.16	143.18	143.20666666666668	143.15333333333334	143.16	143.18666666666667	143.15333333333334	143.15333333333334	143.20666666666668	143.12666666666667	143.14	142.91333333333333	139.89333333333335	0.0
0.0	140.12666666666667	142.91333333333333	143.18	143.28	143.22666666666666	143.22	143.20666666666668	143.19333333333333	143.22666666666666	143.21333333333334	143.16666666666666	143.24666666666667	143.21333333333334	143.26	143.22666666666666	143.18	143.22666666666666	143.2	143.19333333333333	143.17333333333335	143.22666666666666	143.21333333333334	143.20666666666668	143.23333333333332	143.20666666666668	143.27333333333334	143.25333333333333	143.22666666666666	143.26	143.20666666666668	143.22666666666666	143.21333333333334	143.26	143.24666666666667	143.27333333333334	143.21333333333334	143.22666666666666	143.23333333333332	143.22	143.22666666666666	143.24666666666667	143.18666666666667	143.21333333333334	143.22	143.16666666666666	143.22666666666666	143.16666666666666	143.2	143.22	143.22666666666666	143.21333333333334	143.18666666666667	143.20666666666668	143.22666666666666	143.22666666666666	143.26	143.22666666666666	143.21333333333334	143.26666666666668	143.22	143.2	143.2	143.18666666666667	143.28	143.25333333333333	143.16666666666666	143.23333333333332	143.24	143.2	143.03333333333333	139.92666666666668	0.0
0.0	140.11333333333334	142.91333333333333	143.18666666666667	143.17333333333335	143.19333333333333	143.22	143.19333333333333	143.19333333333333	143.20666666666668	143.23333333333332	143.28666666666666	143.19333333333333	143.2	143.18	143.20666666666668	143.18666666666667	143.21333333333334	143.2	143.24	143.23333333333332	143.24	143.2	143.22	143.2	143.22	143.22	143.3	143.22	143.19333333333333	143.22	143.24666666666667	143.23333333333332	143.22	143.24	143.22666666666666	143.22666666666666	143.21333333333334	143.22	143.22	143.21333333333334	143.22	143.14666666666668	143.18	143.23333333333332	143.19333333333333	143.20666666666668	143.22666666666666	143.18666666666667	143.17333333333335	143.18666666666667	143.2	143.24	143.2	143.21333333333334	143.2	143.22666666666666	143.18	143.2	143.22	143.20666666666668	143.21333333333334	143.18666666666667	143.20666666666668	143.22666666666666	143.19333333333333	143.18666666666667	143.18666666666667	143.23333333333332	143.17333333333335	143.02	139.98666666666668	0.0
0.0	139.85333333333332	142.92	143.14666666666668	143.17333333333335	143.16666666666666	143.18	143.18	143.15333333333334	143.16666666666666	143.18	143.19333333333333	143.15333333333334	143.16666666666666	143.14	143.18	143.18666666666667	143.16	143.18666666666667	143.18666666666667	143.15333333333334	143.18	143.16	143.18666666666667	143.13333333333333	143.14	143.16	143.14666666666668	143.16	143.18	143.15333333333334	143.16666666666666	143.14	143.19333333333333	143.20666666666668	143.14666666666668	143.18666666666667	143.14	143.2	143.20666666666668	143.14	143.13333333333333	143.21333333333334	143.18	143.18666666666667	143.13333333333333	143.14	143.16	143.18666666666667	143.14666666666668	143.14666666666668	143.16	143.16	143.15333333333334	143.14666666666668	143.13333333333333	143.20666666666668	143.2	143.2	143.19333333333333	143.19333333333333	143.16666666666666	143.17333333333335	143.19333333333333	143.2	143.16666666666666	143.18	143.18666666666667	143.18	143.13333333333333	142.92	139.85333333333332	0.0
0.0	140.02666666666667	142.94	143.21333333333334	143.18	143.16	143.16	143.20666666666668	143.18	143.15333333333334	143.17333333333335	143.18	143.14	143.15333333333334	143.20666666666668	143.18666666666667	143.18	143.16	143.16	143.13333333333333	143.2	143.14666666666668	143.15333333333334	143.15333333333334	143.18	143.2	143.17333333333335	143.14666666666668	143.18666666666667	143.18666666666667	143.12666666666667	143.12666666666667	143.14666666666668	143.15333333333334	143.18	143.17333333333335	143.16	143.16	143.14	143.17333333333335	143.17333333333335	143.20666666666668	143.13333333333333	143.20666666666668	143.18666666666667	143.2	143.17333333333335	143.22666666666666	143.22666666666666	143.20666666666668	143.20666666666668	143.15333333333334	143.15333333333334	143.15333333333334	143.21333333333334	143.18	143.16	143.16	143.16	143.15333333333334	143.18666666666667	143.20666666666668	143.18666666666667	143.18666666666667	143.18	143.14666666666668	143.14	143.16	143.14	143.12666666666667	142.9	140.06666666666666	0.0
0.0	139.89333333333335	142.8	143.15333333333334	143.16	143.18666666666667	143.17333333333335	143.13333333333333	143.15333333333334	143.2	143.19333333333333	143.22666666666666	143.14666666666668	143.15333333333334	143.18666666666667	143.18666666666667	143.16	143.16	143.16	143.16	143.14666666666668	143.16	143.18666666666667	143.12666666666667	143.17333333333335	143.18666666666667	143.14	143.17333333333335	143.16666666666666	143.13333333333333	143.12666666666667	143.14	143.18666666666667	143.16666666666666	143.16666666666666	143.16666666666666	143.14666666666668	143.11333333333334	143.13333333333333	143.10666666666665	143.15333333333334	143.21333333333334	143.22	143.14	143.12	143.19333333333333	143.14	143.10666666666665	143.16	143.15333333333334	143.19333333333333	143.14	143.16666666666666	143.17333333333335	143.19333333333333	143.12666666666667	143.24	143.16	143.18	143.12	143.15333333333334	143.15333333333334	143.12666666666667	143.17333333333335	143.18666666666667	143.13333333333333	143.19333333333333	143.14666666666668	143.15333333333334	143.16	142.89333333333335	140.01333333333332	0.0
0.0	139.82666666666665	142.87333333333333	143.17333333333335	143.2	143.21333333333334	143.22666666666666	143.21333333333334	143.26	143.18	143.30666666666667	143.24	143.23333333333332	143.27333333333334	143.23333333333332	143.22	143.26666666666668	143.27333333333334	143.23333333333332	143.25333333333333	143.27333333333334	143.21333333333334	143.26666666666668	143.24666666666667	143.22666666666666	143.22	143.24	143.24666666666667	143.26	143.21333333333334	143.24666666666667	143.21333333333334	143.19333333333333	143.18666666666667	143.26	143.24666666666667	143.21333333333334	143.2	143.31333333333333	143.28666666666666	143.26666666666668	143.24666666666667	143.22666666666666	143.17333333333335	143.22	143.27333333333334	143.25333333333333	143.24	143.21333333333334	143.22	143.22	143.26666666666668	143.22666666666666	143.27333333333334	143.20666666666668	143.20666666666668	143.16666666666666	143.2	143.23333333333332	143.29333333333332	143.21333333333334	143.23333333333332	143.26	143.22666666666666	143.21333333333334	143.24666666666667	143.18666666666667	143.2	143.22666666666666	143.2	142.90666666666667	139.72666666666666	0.0
0.0	139.89333333333335	142.83333333333334	143.18666666666667	143.18	143.18	143.23333333333332	143.19333333333333	143.22	143.16	143.16666666666666	143.16666666666666	143.23333333333332	143.22	143.21333333333334	143.2	143.18666666666667	143.22666666666666	143.18666666666667	143.13333333333333	143.17333333333335	143.16666666666666	143.19333333333333	143.2	143.19333333333333	143.18	143.16	143.14	143.20666666666668	143.18	143.2	143.16666666666666	143.17333333333335	143.17333333333335	143.18666666666667	143.22666666666666	143.18	143.18	143.18	143.2	143.20666666666668	143.19333333333333	143.22666666666666	143.24666666666667	143.2	143.18	143.22666666666666	143.20666666666668	143.22666666666666	143.20666666666668	143.18666666666667	143.22	143.16666666666666	143.17333333333335	143.20666666666668	143.2	143.17333333333335	143.16666666666666	143.18666666666667	143.17333333333335	143.22666666666666	143.25333333333333	143.18666666666667	143.14666666666668	143.14666666666668	143.19333333333333	143.19333333333333	143.22	143.21333333333334	143.16666666666666	142.92666666666668	139.83333333333334	0.0
0.0	139.76	142.81333333333333	143.14666666666668	143.13333333333333	143.24	143.19333333333333	143.18666666666667	143.18	143.18	143.16666666666666	143.20666666666668	143.19333333333333	143.22	143.14666666666668	143.22666666666666	143.18	143.16	143.16666666666666	143.16	143.23333333333332	143.16	143.15333333333334	143.18666666666667	143.14666666666668	143.18	143.17333333333335	143.18	143.16	143.16666666666666	143.16	143.16666666666666	143.16	143.16666666666666	143.15333333333334	143.22666666666666	143.14666666666668	143.19333333333333	143.21333333333334	143.21333333333334	143.22	143.18	143.20666666666668	143.19333333333333	143.14666666666668	143.22	143.18666666666667	143.15333333333334	143.15333333333334	143.15333333333334	143.19333333333333	143.20666666666668	143.16	143.17333333333335	143.18666666666667	143.22	143.19333333333333	143.23333333333332	143.19333333333333	143.18666666666667	143.16	143.21333333333334	143.15333333333334	143.16666666666666	143.19333333333333	143.2	143.15333333333334	143.17333333333335	143.20666666666668	143.15333333333334	142.83333333333334	139.74	0.0
0.0	139.96666666666667	142.86666666666667	143.12	143.16	143.22	143.26	143.21333333333334	143.19333333333333	143.22666666666666	143.22666666666666	143.20666666666668	143.2	143.18	143.22666666666666	143.21333333333334	143.22	143.20666666666668	143.20666666666668	143.18666666666667	143.18666666666667	143.2	143.22666666666666	143.16666666666666	143.2	143.22	143.19333333333333	143.15333333333334	143.20666666666668	143.21333333333334	143.21333333333334	143.20666666666668	143.15333333333334	143.20666666666668	143.16666666666666	143.18	143.2	143.24	143.22	143.25333333333333	143.20666666666668	143.20666666666668	143.21333333333334	143.18	143.20666666666668	143.23333333333332	143.16666666666666	143.2	143.17333333333335	143.22	143.22666666666666	143.2	143.16666666666666	143.22666666666666	143.18	143.18	143.19333333333333	143.17333333333335	143.2	143.21333333333334	143.18	143.22	143.21333333333334	143.23333333333332	143.16	143.2	143.16	143.24	143.23333333333332	143.18	142.86	139.98	0.0
0.0	139.86	142.88666666666666	143.14666666666668	143.20666666666668	143.21333333333334	143.22666666666666	143.2	143.17333333333335	143.18	143.22	143.22666666666666	143.24	143.23333333333332	143.21333333333334	143.22666666666666	143.22	143.2	143.17333333333335	143.2	143.22	143.22	143.19333333333333	143.18666666666667	143.16666666666666	143.22666666666666	143.21333333333334	143.18666666666667	143.24666666666667	143.22	143.22	143.16666666666666	143.21333333333334	143.24	143.18666666666667	143.20666666666668	143.2	143.14666666666668	143.16666666666666	143.22666666666666	143.19333333333333	143.18	143.23333333333332	143.23333333333332	143.22	143.19333333333333	143.23333333333332	143.15333333333334	143.18	143.19333333333333	143.24	143.22	143.15333333333334	143.20666666666668	143.23333333333332	143.17333333333335	143.18666666666667	143.17333333333335	143.15333333333334	143.19333333333333	143.25333333333333	143.2	143.13333333333333	143.17333333333335	143.22666666666666	143.23333333333332	143.21333333333334	143.16666666666666	143.18666666666667	143.18	142.96666666666667	139.86	0.0
0.0	139.91333333333333	142.85333333333332	143.2	143.21333333333334	143.2	143.2	143.23333333333332	143.19333333333333	143.19333333333333	143.20666666666668	143.17333333333335	143.17333333333335	143.16	143.18666666666667	143.16666666666666	143.16666666666666	143.13333333333333	143.24	143.22	143.24	143.20666666666668	143.21333333333334	143.18666666666667	143.21333333333334	143.19333333333333	143.18666666666667	143.2	143.16	143.25333333333333	143.20666666666668	143.14666666666668	143.17333333333335	143.2	143.16666666666666	143.23333333333332	143.17333333333335	143.19333333333333	143.24	143.19333333333333	143.18	143.2	143.18666666666667	143.2	143.20666666666668	143.16	143.2	143.22	143.22	143.21333333333334	143.22666666666666	143.18666666666667	143.23333333333332	143.18	143.23333333333332	143.24666666666667	143.18666666666667	143.23333333333332	143.26666666666668	143.21333333333334	143.22666666666666	143.18666666666667	143.23333333333332	143.21333333333334	143.22666666666666	143.20666666666668	143.18666666666667	143.2	143.20666666666668	143.16	143.03333333333333	139.94	0.0
0.0	139.92	142.9	143.15333333333334	143.20666666666668	143.2	143.18666666666667	143.19333333333333	143.26	143.21333333333334	143.21333333333334	143.18	143.18	143.16666666666666	143.24	143.21333333333334	143.17333333333335	143.22	143.22	143.18	143.19333333333333	143.21333333333334	143.20666666666668	143.16666666666666	143.2	143.21333333333334	143.16666666666666	143.16666666666666	143.21333333333334	143.2	143.17333333333335	143.18666666666667	143.2	143.18	143.17333333333335	143.20666666666668	143.19333333333333	143.18	143.20666666666668	143.16	143.18666666666667	143.24666666666667	143.23333333333332	143.22666666666666	143.19333333333333	143.23333333333332	143.17333333333335	143.20666666666668	143.18	143.22666666666666	143.22666666666666	143.16666666666666	143.21333333333334	143.22666666666666	143.18	143.24	143.14	143.22666666666666	143.22	143.16	143.21333333333334	143.18666666666667	143.15333333333334	143.18666666666667	143.2	143.18666666666667	143.19333333333333	143.24666666666667	143.18	143.13333333333333	142.93333333333334	139.70666666666668	0.0
0.0	140.06	142.96666666666667	143.16	143.15333333333334	143.17333333333335	143.16	143.19333333333333	143.21333333333334	143.18666666666667	143.20666666666668	143.16666666666666	143.22666666666666	143.18	143.16666666666666	143.18666666666667	143.15333333333334	143.18	143.20666666666668	143.18666666666667	143.22	143.17333333333335	143.18	143.13333333333333	143.16	143.19333333333333	143.18	143.14666666666668	143.18666666666667	143.23333333333332	143.18666666666667	143.18666666666667	143.12666666666667	143.17333333333335	143.16666666666666	143.14	143.19333333333333	143.19333333333333	143.22666666666666	143.2	143.18666666666667	143.16	143.18666666666667	143.14	143.18666666666667	143.24	143.16	143.14666666666668	143.16	143.15333333333334	143.18666666666667	143.17333333333335	143.14	143.15333333333334	143.16	143.18666666666667	143.16	143.2	143.2	143.2	143.15333333333334	143.16666666666666	143.16666666666666	143.16666666666666	143.17333333333335	143.17333333333335	143.22	143.24666666666667	143.22	143.16666666666666	142.92666666666668	139.90666666666667	0.0
0.0	139.97333333333333	142.91333333333333	143.22	143.22	143.23333333333332	143.24666666666667	143.24	143.24	143.20666666666668	143.21333333333334	143.22666666666666	143.22666666666666	143.20666666666668	143.24666666666667	143.21333333333334	143.22666666666666	143.26666666666668	143.26	143.24	143.22666666666666	143.22	143.19333333333333	143.23333333333332	143.26	143.23333333333332	143.19333333333333	143.20666666666668	143.20666666666668	143.22	143.23333333333332	143.22666666666666	143.24666666666667	143.25333333333333	143.3	143.26666666666668	143.18666666666667	143.23333333333332	143.19333333333333	143.24666666666667	143.28666666666666	143.22	143.17333333333335	143.25333333333333	143.26666666666668	143.26666666666668	143.24666666666667	143.22	143.23333333333332	143.22666666666666	143.26666666666668	143.27333333333334	143.26666666666668	143.24	143.26	143.25333333333333	143.22666666666666	143.23333333333332	143.22	143.23333333333332	143.22666666666666	143.23333333333332	143.24	143.22666666666666	143.26	143.22666666666666	143.23333333333332	143.26666666666668	143.20666666666668	143.22	142.90666666666667	139.96	0.0
0.0	139.93333333333334	142.93333333333334	143.15333333333334	143.18666666666667	143.2	143.18666666666667	143.19333333333333	143.22666666666666	143.18	143.17333333333335	143.16	143.17333333333335	143.18	143.18	143.18666666666667	143.22666666666666	143.18666666666667	143.22666666666666	143.20666666666668	143.19333333333333	143.19333333333333	143.15333333333334	143.21333333333334	143.21333333333334	143.23333333333332	143.22	143.2	143.20666666666668	143.18	143.18666666666667	143.16	143.18666666666667	143.18666666666667	143.19333333333333	143.19333333333333	143.14666666666668	143.2	143.15333333333334	143.15333333333334	143.2	143.24	143.18666666666667	143.21333333333334	143.18	143.16666666666666	143.18666666666667	143.16666666666666	143.18666666666667	143.14	143.19333333333333	143.20666666666668	143.17333333333335	143.2	143.2	143.16666666666666	143.15333333333334	143.21333333333334	143.15333333333334	143.16	143.18666666666667	143.21333333333334	143.24666666666667	143.19333333333333	143.14666666666668	143.20666666666668	143.18666666666667	143.16666666666666	143.16666666666666	143.17333333333335	142.84	139.69333333333333	0.0
0.0	139.69333333333333	142.98666666666668	143.18666666666667	143.20666666666668	143.16666666666666	143.16666666666666	143.26666666666668	143.26	143.27333333333334	143.24	143.22666666666666	143.18666666666667	143.23333333333332	143.22666666666666	143.20666666666668	143.22666666666666	143.18666666666667	143.2	143.17333333333335	143.21333333333334	143.16	143.22	143.20666666666668	143.18	143.22	143.24666666666667	143.22	143.18666666666667	143.24	143.22666666666666	143.23333333333332	143.26666666666668	143.22	143.22666666666666	143.18	143.18666666666667	143.26	143.22	143.22	143.22666666666666	143.2	143.19333333333333	143.24666666666667	143.16	143.24666666666667	143.23333333333332	143.18666666666667	143.24	143.19333333333333	143.26666666666668	143.21333333333334	143.22	143.25333333333333	143.18666666666667	143.18666666666667	143.26	143.24666666666667	143.17333333333335	143.21333333333334	143.24	143.2	143.2	143.26	143.18666666666667	143.16666666666666	143.22	143.2	143.18666666666667	143.16	142.80666666666667	140.04666666666665	0.0
0.0	140.01333333333332	142.94666666666666	143.22	143.18666666666667	143.17333333333335	143.17333333333335	143.17333333333335	143.19333333333333	143.15333333333334	143.20666666666668	143.2	143.16666666666666	143.2	143.19333333333333	143.24	143.22	143.16666666666666	143.18666666666667	143.18	143.18	143.2	143.23333333333332	143.20666666666668	143.18	143.2	143.15333333333334	143.18666666666667	143.21333333333334	143.2	143.16666666666666	143.21333333333334	143.20666666666668	143.22666666666666	143.16666666666666	143.19333333333333	143.19333333333333	143.23333333333332	143.22	143.18666666666667	143.17333333333335	143.24666666666667	143.24	143.18666666666667	143.17333333333335	143.19333333333333	143.18	143.16	143.2	143.15333333333334	143.14666666666668	143.15333333333334	143.2	143.22	143.24666666666667	143.26	143.16666666666666	143.21333333333334	143.23333333333332	143.19333333333333	143.23333333333332	143.17333333333335	143.16	143.22	143.17333333333335	143.24	143.16	143.14666666666668	143.24666666666667	143.16	142.93333333333334	140.16666666666666	0.0
0.0	140.02	142.92	143.14	143.20666666666668	143.17333333333335	143.18666666666667	143.18	143.18666666666667	143.15333333333334	143.17333333333335	143.15333333333334	143.12666666666667	143.22	143.12	143.2	143.12666666666667	143.2	143.18	143.18666666666667	143.23333333333332	143.18666666666667	143.2	143.16666666666666	143.2	143.19333333333333	143.14	143.18666666666667	143.14	143.16666666666666	143.18	143.2	143.13333333333333	143.14666666666668	143.12666666666667	143.16	143.19333333333333	143.2	143.18666666666667	143.16666666666666	143.2	143.18	143.16	143.2	143.16	143.14	143.15333333333334	143.14666666666668	143.16666666666666	143.19333333333333	143.11333333333334	143.16	143.17333333333335	143.18	143.15333333333334	143.17333333333335	143.18	143.14	143.16	143.15333333333334	143.2	143.26	143.18666666666667	143.18666666666667	143.2	143.16666666666666	143.2	143.16	143.16666666666666	143.16666666666666	142.85333333333332	139.76666666666668	0.0
0.0	139.78	142.97333333333333	143.17333333333335	143.20666666666668	143.22	143.22666666666666	143.19333333333333	143.15333333333334	143.19333333333333	143.18	143.17333333333335	143.16666666666666	143.16666666666666	143.15333333333334	143.16666666666666	143.20666666666668	143.20666666666668	143.20666666666668	143.18666666666667	143.19333333333333	143.2	143.17333333333335	143.19333333333333	143.16	143.18666666666667	143.16666666666666	143.18666666666667	143.2	143.16666666666666	143.17333333333335	143.17333333333335	143.18666666666667	143.23333333333332	143.22	143.20666666666668	143.18666666666667	143.19333333333333	143.20666666666668	143.18	143.16666666666666	143.24666666666667	143.2	143.25333333333333	143.19333333333333	143.20666666666668	143.19333333333333	143.18	143.23333333333332	143.17333333333335	143.18666666666667	143.19333333333333	143.16666666666666	143.25333333333333	143.21333333333334	143.20666666666668	143.18666666666667	143.19333333333333	143.22666666666666	143.21333333333334	143.18666666666667	143.24	143.20666666666668	143.18	143.18	143.16	143.17333333333335	143.17333333333335	143.2	143.15333333333334	142.83333333333334	139.80666666666667	0.0
0.0	140.06666666666666	143.05333333333334	143.2	143.25333333333333	143.24666666666667	143.24	143.24	143.22666666666666	143.26	143.2	143.23333333333332	143.26666666666668	143.28	143.24666666666667	143.29333333333332	143.26666666666668	143.26	143.23333333333332	143.24	143.26666666666668	143.24	143.24	143.25333333333333	143.22	143.27333333333334	143.24	143.26	143.24	143.26	143.22	143.27333333333334	143.25333333333333	143.26	143.24666666666667	143.24666666666667	143.27333333333334	143.24	143.24	143.22666666666666	143.24666666666667	143.24666666666667	143.20666666666668	143.23333333333332	143.27333333333334	143.30666666666667	143.24	143.27333333333334	143.26666666666668	143.30666666666667	143.25333333333333	143.22666666666666	143.24	143.24	143.28	143.32	143.26	143.26666666666668	143.22666666666666	143.27333333333334	143.24666666666667	143.28	143.25333333333333	143.25333333333333	143.28	143.25333333333333	143.28666666666666	143.26	143.20666666666668	143.20666666666668	142.96666666666667	140.05333333333334	0.0
0.0	139.78666666666666	142.92666666666668	143.10666666666665	143.15333333333334	143.2	143.18666666666667	143.16666666666666	143.15333333333334	143.14	143.15333333333334	143.14	143.15333333333334	143.14	143.16	143.13333333333333	143.18666666666667	143.16666666666666	143.12666666666667	143.14666666666668	143.18	143.14666666666668	143.13333333333333	143.17333333333335	143.18666666666667	143.16	143.15333333333334	143.16	143.18666666666667	143.16666666666666	143.12666666666667	143.12666666666667	143.18	143.17333333333335	143.15333333333334	143.13333333333333	143.1	143.15333333333334	143.12	143.20666666666668	143.15333333333334	143.15333333333334	143.12	143.15333333333334	143.18	143.13333333333333	143.17333333333335	143.18	143.14	143.18666666666667	143.17333333333335	143.09333333333333	143.17333333333335	143.14	143.14	143.18666666666667	143.18666666666667	143.15333333333334	143.14	143.15333333333334	143.12	143.14666666666668	143.15333333333334	143.16	143.16	143.17333333333335	143.16666666666666	143.17333333333335	143.18	143.1	142.82666666666665	139.8	0.0
0.0	139.84	142.86	143.15333333333334	143.18666666666667	143.23333333333332	143.23333333333332	143.24	143.22	143.20666666666668	143.18	143.21333333333334	143.20666666666668	143.20666666666668	143.22666666666666	143.21333333333334	143.2	143.22	143.20666666666668	143.23333333333332	143.24666666666667	143.19333333333333	143.2	143.16666666666666	143.20666666666668	143.28	143.22	143.21333333333334	143.22	143.24666666666667	143.22	143.23333333333332	143.20666666666668	143.20666666666668	143.21333333333334	143.2	143.19333333333333	143.20666666666668	143.22	143.22	143.22666666666666	143.22666666666666	143.23333333333332	143.21333333333334	143.21333333333334	143.24666666666667	143.22666666666666	143.26666666666668	143.24666666666667	143.28	143.16666666666666	143.22	143.18666666666667	143.24	143.20666666666668	143.19333333333333	143.20666666666668	143.24666666666667	143.22	143.25333333333333	143.20666666666668	143.22666666666666	143.20666666666668	143.2	143.18666666666667	143.21333333333334	143.20666666666668	143.21333333333334	143.20666666666668	143.2	142.83333333333334	139.74666666666667	0.0
0.0	140.12666666666667	142.9	143.12	143.16666666666666	143.17333333333335	143.15333333333334	143.12	143.13333333333333	143.11333333333334	143.13333333333333	143.25333333333333	143.13333333333333	143.13333333333333	143.15333333333334	143.12	143.12	143.10666666666665	143.11333333333334	143.13333333333333	143.16666666666666	143.11333333333334	143.16666666666666	143.15333333333334	143.18	143.13333333333333	143.16	143.1	143.10666666666665	143.12	143.17333333333335	143.16666666666666	143.16	143.16	143.16	143.2	143.14	143.16	143.11333333333334	143.12666666666667	143.16	143.17333333333335	143.15333333333334	143.12	143.15333333333334	143.16	143.15333333333334	143.10666666666665	143.14666666666668	143.12666666666667	143.13333333333333	143.08666666666667	143.14	143.11333333333334	143.12666666666667	143.2	143.12	143.09333333333333	143.13333333333333	143.15333333333334	143.18	143.17333333333335	143.14666666666668	143.16666666666666	143.17333333333335	143.17333333333335	143.12666666666667	143.12	143.15333333333334	143.14	142.87333333333333	139.77333333333334	0.0
0.0	139.87333333333333	142.8	143.18666666666667	143.23333333333332	143.20666666666668	143.22666666666666	143.18	143.18	143.22666666666666	143.17333333333335	143.18666666666667	143.2	143.18666666666667	143.18	143.15333333333334	143.27333333333334	143.20666666666668	143.20666666666668	143.20666666666668	143.17333333333335	143.24	143.22	143.23333333333332	143.18666666666667	143.17333333333335	143.24	143.17333333333335	143.24666666666667	143.16666666666666	143.21333333333334	143.22	143.19333333333333	143.23333333333332	143.18666666666667	143.18	143.17333333333335	143.20666666666668	143.17333333333335	143.16	143.20666666666668	143.24	143.2	143.2	143.19333333333333	143.20666666666668	143.18666666666667	143.18	143.19333333333333	143.22666666666666	143.2	143.19333333333333	143.19333333333333	143.21333333333334	143.22666666666666	143.22	143.2	143.22	143.16666666666666	143.22666666666666	143.24	143.24	143.24	143.2	143.23333333333332	143.17333333333335	143.21333333333334	143.2	143.17333333333335	143.16	142.92666666666668	140.06666666666666	0.0
0.0	139.96	142.94	143.08666666666667	143.11333333333334	143.18666666666667	143.10666666666665	143.12	143.16666666666666	143.2	143.21333333333334	143.13333333333333	143.16666666666666	143.12666666666667	143.11333333333334	143.14	143.12666666666667	143.18	143.12666666666667	143.13333333333333	143.12666666666667	143.11333333333334	143.14	143.17333333333335	143.15333333333334	143.12666666666667	143.14666666666668	143.15333333333334	143.15333333333334	143.16666666666666	143.13333333333333	143.1	143.11333333333334	143.14	143.2	143.15333333333334	143.13333333333333	143.19333333333333	143.15333333333334	143.16666666666666	143.14	143.15333333333334	143.13333333333333	143.14	143.14	143.19333333333333	143.14	143.10666666666665	143.17333333333335	143.16	143.15333333333334	143.16666666666666	143.14666666666668	143.16	143.18	143.11333333333334	143.13333333333333	143.14	143.17333333333335	143.14666666666668	143.13333333333333	143.14666666666668	143.14666666666668	143.18	143.15333333333334	143.18666666666667	143.13333333333333	143.12666666666667	143.16	143.13333333333333	142.88666666666666	139.86666666666667	0.0
0.0	139.88666666666666	142.87333333333333	143.08666666666667	143.09333333333333	143.16	143.18666666666667	143.14	143.14	143.16666666666666	143.14666666666668	143.11333333333334	143.16666666666666	143.12666666666667	143.11333333333334	143.12666666666667	143.18666666666667	143.17333333333335	143.16666666666666	143.18	143.15333333333334	143.14	143.16	143.19333333333333	143.15333333333334	143.18666666666667	143.16	143.14	143.16666666666666	143.11333333333334	143.16	143.14666666666668	143.16	143.13333333333333	143.12666666666667	143.16666666666666	143.16	143.17333333333335	143.19333333333333	143.17333333333335	143.14666666666668	143.14	143.16	143.14666666666668	143.16666666666666	143.14	143.15333333333334	143.12	143.17333333333335	143.19333333333333	143.14	143.15333333333334	143.15333333333334	143.13333333333333	143.16666666666666	143.14	143.16	143.12666666666667	143.18666666666667	143.16666666666666	143.16666666666666	143.15333333333334	143.12666666666667	143.13333333333333	143.18	143.10666666666665	143.16666666666666	143.16	143.10666666666665	143.12666666666667	142.81333333333333	139.83333333333334	0.0
0.0	139.72666666666666	142.99333333333334	143.2	143.22	143.21333333333334	143.18	143.18666666666667	143.18	143.19333333333333	143.2	143.26	143.20666666666668	143.18	143.23333333333332	143.25333333333333	143.24666666666667	143.18666666666667	143.22666666666666	143.21333333333334	143.17333333333335	143.24	143.24666666666667	143.2	143.22666666666666	143.24	143.20666666666668	143.20666666666668	143.19333333333333	143.18	143.18666666666667	143.25333333333333	143.18	143.20666666666668	143.22666666666666	143.24	143.20666666666668	143.18666666666667	143.27333333333334	143.22	143.20666666666668	143.2	143.16666666666666	143.22666666666666	143.23333333333332	143.23333333333332	143.26666666666668	143.15333333333334	143.16	143.21333333333334	143.16	143.19333333333333	143.22666666666666	143.24	143.23333333333332	143.19333333333333	143.24	143.22666666666666	143.24666666666667	143.18666666666667	143.22666666666666	143.2	143.23333333333332	143.22666666666666	143.16666666666666	143.19333333333333	143.21333333333334	143.20666666666668	143.21333333333334	143.2	142.88	139.79333333333332	0.0
0.0	139.98	142.95333333333335	143.15333333333334	143.12	143.16	143.18666666666667	143.19333333333333	143.11333333333334	143.13333333333333	143.17333333333335	143.16	143.14666666666668	143.14666666666668	143.16	143.15333333333334	143.15333333333334	143.16	143.14	143.14	143.15333333333334	143.14	143.17333333333335	143.20666666666668	143.16666666666666	143.14	143.17333333333335	143.18666666666667	143.16666666666666	143.19333333333333	143.17333333333335	143.18	143.16	143.18	143.15333333333334	143.18666666666667	143.15333333333334	143.17333333333335	143.22	143.13333333333333	143.16666666666666	143.14	143.2	143.12666666666667	143.14	143.22	143.16	143.12	143.16	143.13333333333333	143.14666666666668	143.18	143.20666666666668	143.14	143.16	143.15333333333334	143.17333333333335	143.16	143.15333333333334	143.17333333333335	143.22	143.2	143.2	143.16	143.18	143.16	143.12666666666667	143.16666666666666	143.2	143.15333333333334	142.82666666666665	139.92666666666668	0.0
0.0	140.16	142.92	143.14666666666668	143.18666666666667	143.19333333333333	143.22	143.17333333333335	143.24	143.18	143.16	143.20666666666668	143.24666666666667	143.23333333333332	143.22666666666666	143.21333333333334	143.21333333333334	143.19333333333333	143.20666666666668	143.23333333333332	143.18666666666667	143.22	143.21333333333334	143.20666666666668	143.18666666666667	143.20666666666668	143.16	143.17333333333335	143.2	143.20666666666668	143.13333333333333	143.16666666666666	143.18	143.19333333333333	143.22666666666666	143.19333333333333	143.21333333333334	143.2	143.16	143.18	143.17333333333335	143.22	143.16666666666666	143.18666666666667	143.22666666666666	143.14666666666668	143.18666666666667	143.2	143.21333333333334	143.22666666666666	143.16666666666666	143.2	143.19333333333333	143.22	143.19333333333333	143.13333333333333	143.20666666666668	143.19333333333333	143.20666666666668	143.2	143.16666666666666	143.15333333333334	143.2	143.20666666666668	143.24	143.18666666666667	143.22666666666666	143.18	143.18	143.20666666666668	142.92	139.72	0.0
0.0	140.0	142.88	143.19333333333333	143.20666666666668	143.18666666666667	143.22666666666666	143.22666666666666	143.2	143.21333333333334	143.19333333333333	143.26666666666668	143.18666666666667	143.17333333333335	143.20666666666668	143.2	143.22	143.23333333333332	143.16	143.18666666666667	143.20666666666668	143.22	143.21333333333334	143.22	143.20666666666668	143.22	143.22	143.23333333333332	143.2	143.27333333333334	143.18666666666667	143.22666666666666	143.24	143.24	143.2	143.19333333333333	143.27333333333334	143.22666666666666	143.20666666666668	143.23333333333332	143.26666666666668	143.20666666666668	143.20666666666668	143.21333333333334	143.16666666666666	143.18666666666667	143.14666666666668	143.18	143.22	143.22	143.26	143.22	143.23333333333332	143.20666666666668	143.22666666666666	143.22	143.22	143.23333333333332	143.22666666666666	143.22666666666666	143.18	143.24	143.22	143.22666666666666	143.22	143.15333333333334	143.21333333333334	143.18	143.2	143.19333333333333	142.95333333333335	139.94	0.0
