0.0	136.31333333333333	142.55333333333334	143.71333333333334	143.96666666666667	143.88666666666666	143.93333333333334	144.08	143.98666666666668	144.01333333333332	144.01333333333332	144.1	144.02666666666667	144.06	143.99333333333334	144.04	143.88666666666666	143.98666666666668	144.08	144.08666666666667	144.02	143.94666666666666	144.14	144.02666666666667	143.96666666666667	144.20666666666668	144.04666666666665	144.05333333333334	144.00666666666666	144.01333333333332	144.04666666666665	144.02666666666667	144.08666666666667	143.95333333333335	144.00666666666666	144.02	143.94	144.00666666666666	144.06666666666666	144.1	144.0	143.94	143.95333333333335	143.96	144.08666666666667	144.02666666666667	144.02666666666667	144.0	143.96	143.91333333333333	143.92666666666668	143.94666666666666	143.96666666666667	143.92	143.97333333333333	143.90666666666667	144.02666666666667	144.0	143.98	143.9	144.14	143.96666666666667	144.04	144.03333333333333	144.03333333333333	143.98666666666668	144.01333333333332	144.01333333333332	143.8	143.62666666666667	142.39333333333335	136.60666666666665	0.0
0.0	136.76666666666668	142.5	143.58	143.96	144.00666666666666	144.07333333333332	144.12666666666667	144.12	144.12	143.99333333333334	144.08	144.07333333333332	144.19333333333333	144.11333333333334	144.16	144.21333333333334	144.10666666666665	144.05333333333334	144.08666666666667	144.1	144.12666666666667	144.10666666666665	144.08666666666667	144.09333333333333	144.02666666666667	144.08	144.08	144.01333333333332	144.08	144.05333333333334	144.00666666666666	144.06	144.10666666666665	144.15333333333334	144.08	144.01333333333332	144.01333333333332	143.97333333333333	144.16	143.97333333333333	144.14666666666668	144.09333333333333	144.12666666666667	144.0	144.00666666666666	144.00666666666666	144.06	144.03333333333333	144.06666666666666	144.16	144.06	144.04	144.18666666666667	143.96666666666667	143.94	144.05333333333334	144.04	144.05333333333334	144.04666666666665	144.06	144.00666666666666	143.98666666666668	144.1	144.04666666666665	144.08666666666667	144.0	144.04666666666665	143.96666666666667	143.70666666666668	142.40666666666667	136.74666666666667	0.0
0.0	136.28	142.42666666666668	143.72	143.90666666666667	143.98666666666668	144.05333333333334	143.94	144.00666666666666	144.04	143.94666666666666	144.01333333333332	144.01333333333332	143.96	144.02666666666667	144.03333333333333	144.03333333333333	144.11333333333334	144.02666666666667	143.92666666666668	144.12	144.06666666666666	144.08	143.99333333333334	144.00666666666666	144.06	144.12666666666667	143.94666666666666	144.08	143.98666666666668	144.11333333333334	144.01333333333332	144.02	144.04	143.94666666666666	143.96	143.96666666666667	144.05333333333334	144.06666666666666	144.04666666666665	144.14666666666668	143.97333333333333	144.11333333333334	144.16	144.13333333333333	144.00666666666666	143.96	143.99333333333334	144.08666666666667	144.00666666666666	144.08	144.1	144.02666666666667	144.03333333333333	144.05333333333334	144.02666666666667	144.14	144.04	144.05333333333334	143.96666666666667	144.0	144.12666666666667	143.96	144.04666666666665	143.98666666666668	144.02666666666667	144.20666666666668	144.05333333333334	143.82	143.58	142.35333333333332	136.48	0.0
0.0	136.60666666666665	142.74666666666667	143.7	143.9	143.91333333333333	143.87333333333333	144.00666666666666	143.93333333333334	143.88666666666666	143.98	143.95333333333335	143.96	143.98	144.0	144.02	143.94	144.0	143.96666666666667	143.93333333333334	144.0	144.07333333333332	143.98	144.02666666666667	143.92	144.00666666666666	143.95333333333335	143.9	143.96	143.95333333333335	143.94666666666666	143.94666666666666	144.01333333333332	144.02666666666667	143.98	143.93333333333334	143.94666666666666	143.92666666666668	143.96	143.95333333333335	143.94	143.96	143.92666666666668	143.94666666666666	144.08	143.99333333333334	143.97333333333333	144.08	143.98666666666668	143.95333333333335	144.04	143.99333333333334	143.84666666666666	144.02666666666667	143.93333333333334	143.96	143.93333333333334	143.98666666666668	143.88666666666666	143.92	144.02666666666667	144.0	143.91333333333333	144.02	144.01333333333332	144.04666666666665	143.91333333333333	143.96666666666667	143.82666666666665	143.66	142.39333333333335	136.25333333333333	0.0
0.0	136.68	142.62666666666667	143.61333333333334	143.86666666666667	143.98	144.00666666666666	143.96666666666667	143.96666666666667	144.07333333333332	144.06666666666666	144.08	144.00666666666666	143.94666666666666	144.06666666666666	144.13333333333333	143.98666666666668	143.98	144.06	144.06	143.99333333333334	144.07333333333332	143.88666666666666	143.98666666666668	143.97333333333333	143.94666666666666	143.94666666666666	143.94	144.01333333333332	143.93333333333334	143.96	144.03333333333333	144.07333333333332	144.07333333333332	144.02666666666667	144.09333333333333	144.04666666666665	143.95333333333335	143.96666666666667	144.03333333333333	144.09333333333333	143.96666666666667	144.1	144.08	144.08666666666667	143.98	143.92	144.08	143.98	144.1	144.05333333333334	144.01333333333332	144.0	144.01333333333332	144.07333333333332	143.96666666666667	143.96	144.10666666666665	144.00666666666666	144.03333333333333	144.02	143.94666666666666	143.97333333333333	144.06666666666666	144.00666666666666	144.04666666666665	144.05333333333334	143.94	143.95333333333335	143.72666666666666	142.6	136.32666666666665	0.0
0.0	136.37333333333333	142.52	143.62	143.89333333333335	144.02666666666667	144.05333333333334	144.02666666666667	144.05333333333334	143.97333333333333	144.06666666666666	144.01333333333332	143.99333333333334	144.08	143.99333333333334	144.00666666666666	144.09333333333333	144.00666666666666	143.98	144.10666666666665	144.04666666666665	144.02	144.02	143.92666666666668	143.93333333333334	143.98	144.09333333333333	143.9	143.91333333333333	144.04666666666665	144.12	144.03333333333333	143.96	144.00666666666666	144.09333333333333	143.95333333333335	144.06666666666666	144.09333333333333	144.09333333333333	144.07333333333332	143.98666666666668	144.0	143.92666666666668	144.02	144.02666666666667	143.94666666666666	144.01333333333332	144.04666666666665	144.04666666666665	143.99333333333334	143.97333333333333	144.04666666666665	144.06	144.09333333333333	144.07333333333332	144.07333333333332	143.98	144.04	144.07333333333332	144.1	143.98666666666668	144.06666666666666	144.03333333333333	143.94666666666666	144.06	144.12	143.98	143.98	143.93333333333334	143.66666666666666	142.69333333333333	136.61333333333334	0.0
0.0	136.43333333333334	142.44	143.8	143.82	144.01333333333332	144.19333333333333	144.07333333333332	144.05333333333334	144.04666666666665	144.03333333333333	144.12	144.13333333333333	144.06666666666666	144.07333333333332	144.07333333333332	144.07333333333332	144.08666666666667	144.06	144.08	144.11333333333334	144.11333333333334	144.17333333333335	144.14666666666668	144.12666666666667	144.16666666666666	144.12666666666667	144.07333333333332	144.07333333333332	144.06	144.12666666666667	144.08666666666667	144.15333333333334	144.06666666666666	144.12	144.09333333333333	144.06666666666666	144.06	143.94666666666666	144.0	144.04666666666665	144.07333333333332	144.11333333333334	144.16	144.05333333333334	144.06	144.10666666666665	144.21333333333334	144.06666666666666	144.09333333333333	144.02666666666667	143.93333333333334	144.2	144.03333333333333	144.03333333333333	144.16	144.24666666666667	144.10666666666665	144.05333333333334	144.16	144.02	144.15333333333334	144.18	144.12666666666667	144.18666666666667	144.11333333333334	144.11333333333334	143.96	144.08666666666667	143.69333333333333	142.42	136.38	0.0
0.0	136.44666666666666	142.39333333333335	143.57333333333332	143.76	143.85333333333332	143.96666666666667	143.97333333333333	143.98666666666668	143.91333333333333	144.13333333333333	144.07333333333332	144.06666666666666	144.01333333333332	143.92666666666668	143.92666666666668	143.98666666666668	143.93333333333334	143.96	143.90666666666667	144.02	144.00666666666666	143.89333333333335	143.91333333333333	143.91333333333333	143.94666666666666	143.89333333333335	143.94	143.91333333333333	143.93333333333334	143.9	143.96	144.05333333333334	143.86	143.95333333333335	143.98666666666668	143.92	144.01333333333332	143.95333333333335	143.94	144.06	143.92	143.97333333333333	144.04666666666665	143.92666666666668	144.07333333333332	143.9	143.89333333333335	143.93333333333334	143.94666666666666	144.00666666666666	144.04666666666665	143.97333333333333	143.94666666666666	143.99333333333334	144.09333333333333	143.99333333333334	144.01333333333332	144.02666666666667	144.02	143.92666666666668	144.0	143.96666666666667	143.90666666666667	143.9	144.07333333333332	143.9	143.94	143.86	143.53333333333333	142.55333333333334	136.26	0.0
0.0	136.56666666666666	142.62	143.54	143.95333333333335	143.93333333333334	144.00666666666666	143.96666666666667	143.92666666666668	143.85333333333332	143.86666666666667	143.94	143.90666666666667	143.90666666666667	143.88	143.81333333333333	143.88666666666666	143.9	143.94666666666666	144.02666666666667	143.78	143.83333333333334	143.83333333333334	143.88	143.85333333333332	143.84666666666666	143.95333333333335	143.85333333333332	143.95333333333335	143.92666666666668	143.88	143.94	144.02666666666667	143.88	143.9	143.92	143.92666666666668	143.91333333333333	143.92666666666668	143.89333333333335	143.97333333333333	144.02	143.89333333333335	143.86666666666667	144.0	143.92666666666668	143.90666666666667	143.89333333333335	143.92	143.91333333333333	144.03333333333333	143.97333333333333	143.93333333333334	143.94666666666666	143.82	143.98	143.86	143.90666666666667	143.82	143.8	143.94666666666666	144.01333333333332	143.92666666666668	143.90666666666667	143.8	143.83333333333334	143.82	143.94666666666666	143.74	143.50666666666666	142.52	136.68666666666667	0.0
0.0	136.56666666666666	142.42	143.57333333333332	143.86	143.99333333333334	144.01333333333332	143.94666666666666	143.97333333333333	143.88666666666666	143.95333333333335	143.98	144.02	143.97333333333333	144.0	143.94666666666666	143.98	143.92	143.92	144.02	143.94666666666666	143.93333333333334	143.88666666666666	143.94666666666666	143.96666666666667	143.94	143.99333333333334	143.97333333333333	143.94	144.04	144.02666666666667	144.03333333333333	144.0	144.0	143.88	143.96666666666667	144.03333333333333	143.95333333333335	144.02666666666667	143.88	143.91333333333333	143.97333333333333	143.99333333333334	144.03333333333333	143.90666666666667	143.88	143.98	143.89333333333335	143.92	143.91333333333333	143.89333333333335	143.92666666666668	143.94	143.96	143.94666666666666	143.98	143.88	143.97333333333333	144.01333333333332	143.92	143.85333333333332	144.00666666666666	143.96666666666667	143.98	143.98666666666668	143.94	143.96	143.96666666666667	143.88	143.59333333333333	142.66	136.68666666666667	0.0
0.0	136.72666666666666	142.38	143.52666666666667	143.9	144.03333333333333	144.08666666666667	144.04666666666665	144.02666666666667	144.02	144.18666666666667	144.02666666666667	144.00666666666666	143.98	143.99333333333334	144.00666666666666	143.99333333333334	143.90666666666667	143.97333333333333	143.99333333333334	144.12	144.00666666666666	144.0	144.06666666666666	143.99333333333334	143.97333333333333	144.04	144.09333333333333	144.06666666666666	144.00666666666666	143.94666666666666	143.97333333333333	144.06	143.98666666666668	144.0	144.01333333333332	143.97333333333333	144.02666666666667	144.00666666666666	144.04666666666665	144.06	144.12	144.17333333333335	143.96	144.06	143.97333333333333	143.99333333333334	144.14	144.09333333333333	144.08666666666667	144.03333333333333	144.04666666666665	144.03333333333333	143.89333333333335	144.05333333333334	144.02	144.14	144.01333333333332	144.0	144.02666666666667	144.10666666666665	144.02666666666667	144.12	144.01333333333332	144.12666666666667	144.10666666666665	144.16	143.94	143.87333333333333	143.72	142.5	136.94	0.0
0.0	136.5	142.56	143.58	143.88666666666666	143.97333333333333	143.96666666666667	143.96	143.92666666666668	143.93333333333334	144.08	143.98666666666668	144.04666666666665	144.02	144.00666666666666	143.92	143.98	144.16	144.12666666666667	144.12	144.11333333333334	144.0	143.98666666666668	144.13333333333333	144.06666666666666	143.97333333333333	144.12	144.05333333333334	144.11333333333334	143.98666666666668	144.02666666666667	143.98666666666668	144.06666666666666	143.94666666666666	144.01333333333332	143.99333333333334	144.12	144.12666666666667	144.26	144.11333333333334	144.09333333333333	143.93333333333334	144.03333333333333	144.02	144.00666666666666	144.06666666666666	144.0	143.98666666666668	144.02666666666667	144.03333333333333	144.02666666666667	144.08666666666667	144.04	144.04666666666665	144.01333333333332	143.94666666666666	143.98	143.92666666666668	143.99333333333334	144.08	144.04	144.07333333333332	143.99333333333334	144.02666666666667	144.06	143.98666666666668	144.11333333333334	143.90666666666667	143.86	143.67333333333335	142.42666666666668	136.44666666666666	0.0
0.0	136.11333333333334	142.60666666666665	143.67333333333335	143.97333333333333	143.89333333333335	144.12	144.03333333333333	144.07333333333332	144.01333333333332	144.03333333333333	143.97333333333333	144.09333333333333	144.12666666666667	143.98	143.94666666666666	144.06666666666666	144.11333333333334	144.02666666666667	144.04	144.07333333333332	143.96	143.96666666666667	144.06	144.05333333333334	144.15333333333334	144.00666666666666	143.92666666666668	143.94	144.04666666666665	144.04	144.02666666666667	143.98	144.04	144.01333333333332	143.99333333333334	143.94	144.09333333333333	143.98	143.93333333333334	144.0	144.05333333333334	144.12666666666667	143.92666666666668	143.99333333333334	144.04	143.96666666666667	144.03333333333333	144.07333333333332	143.98666666666668	143.88666666666666	143.97333333333333	143.98	143.89333333333335	143.98	143.96666666666667	144.01333333333332	144.01333333333332	144.01333333333332	143.97333333333333	143.93333333333334	144.03333333333333	144.04666666666665	143.97333333333333	143.94666666666666	143.96	143.96	143.98	143.93333333333334	143.54	142.31333333333333	136.10666666666665	0.0
0.0	136.27333333333334	142.42666666666668	143.51333333333332	143.89333333333335	143.84666666666666	143.97333333333333	143.96	143.94666666666666	143.95333333333335	143.94	143.96	143.92666666666668	143.9	143.98	143.92	143.91333333333333	143.98666666666668	143.95333333333335	143.84666666666666	143.98666666666668	143.92666666666668	144.08666666666667	143.97333333333333	144.02	143.96666666666667	143.98	143.98666666666668	143.86666666666667	143.89333333333335	143.97333333333333	143.94666666666666	143.92	144.00666666666666	143.97333333333333	144.01333333333332	143.85333333333332	143.86	143.88666666666666	143.92	143.96	144.01333333333332	143.9	143.95333333333335	143.95333333333335	143.91333333333333	144.04	144.01333333333332	144.00666666666666	143.91333333333333	143.94666666666666	143.95333333333335	143.94	143.93333333333334	143.96666666666667	143.94	143.98666666666668	144.05333333333334	143.86	143.91333333333333	143.96	143.97333333333333	143.94666666666666	144.02	143.92666666666668	143.86666666666667	143.98666666666668	143.98	143.85333333333332	143.64	142.65333333333334	136.34	0.0
0.0	136.48666666666668	142.38666666666666	143.57333333333332	143.80666666666667	143.93333333333334	143.97333333333333	143.96666666666667	143.93333333333334	143.90666666666667	143.95333333333335	143.92	143.91333333333333	143.96	143.97333333333333	143.91333333333333	143.98	143.95333333333335	143.9	143.94666666666666	144.01333333333332	144.0	144.04666666666665	143.91333333333333	143.94666666666666	143.9	144.02666666666667	144.02666666666667	143.98	144.01333333333332	143.92666666666668	143.90666666666667	143.98	144.06	143.94	143.88	143.93333333333334	143.98	144.00666666666666	144.02	143.96666666666667	143.85333333333332	143.92666666666668	143.92	143.96666666666667	143.94	144.01333333333332	143.93333333333334	143.93333333333334	143.92666666666668	143.97333333333333	143.92	143.97333333333333	143.96	143.88666666666666	143.88	143.92	143.88	143.98	143.98	143.95333333333335	143.96666666666667	143.93333333333334	144.06	143.96666666666667	143.90666666666667	143.89333333333335	143.83333333333334	143.77333333333334	143.64	142.38666666666666	136.41333333333333	0.0
0.0	136.34	142.78666666666666	143.86	144.06	144.19333333333333	144.17333333333335	144.21333333333334	144.19333333333333	144.12666666666667	144.14666666666668	144.10666666666665	144.10666666666665	144.17333333333335	144.1	144.16	144.17333333333335	144.20666666666668	144.14666666666668	144.21333333333334	144.18666666666667	144.2	144.26666666666668	144.12	144.12	144.24	144.11333333333334	144.2	144.11333333333334	144.13333333333333	144.16666666666666	144.19333333333333	144.2	144.14	144.21333333333334	144.1	144.14666666666668	144.10666666666665	144.16	144.16	144.12	144.13333333333333	144.14	144.02	144.08666666666667	144.12666666666667	144.14666666666668	144.15333333333334	144.22	144.01333333333332	144.16	144.13333333333333	144.06666666666666	144.18666666666667	144.2	144.06666666666666	144.12666666666667	144.14	144.08666666666667	144.12666666666667	144.16	144.20666666666668	144.16666666666666	144.18	144.02	144.06	144.09333333333333	144.1	144.04666666666665	143.70666666666668	142.64	136.56666666666666	0.0
0.0	136.48	142.43333333333334	143.52	143.88666666666666	143.94666666666666	144.01333333333332	143.95333333333335	144.09333333333333	144.07333333333332	143.94666666666666	144.01333333333332	143.98666666666668	144.06666666666666	144.02	143.98666666666668	143.96666666666667	143.88666666666666	143.94666666666666	144.01333333333332	143.96	143.97333333333333	143.96	143.97333333333333	143.99333333333334	143.93333333333334	143.96	144.04	143.96	143.96666666666667	144.07333333333332	144.06	144.00666666666666	143.99333333333334	143.96666666666667	144.00666666666666	143.96666666666667	143.99333333333334	143.94	143.95333333333335	143.94666666666666	144.04	143.91333333333333	143.92666666666668	144.00666666666666	143.96	144.02	144.04666666666665	143.99333333333334	144.04666666666665	144.00666666666666	144.00666666666666	143.99333333333334	143.93333333333334	143.89333333333335	143.86	143.96666666666667	143.99333333333334	143.98666666666668	143.97333333333333	143.89333333333335	144.02666666666667	144.0	144.02666666666667	143.88666666666666	143.95333333333335	144.03333333333333	143.91333333333333	143.74666666666667	143.66	142.56	136.36	0.0
0.0	135.86666666666667	142.49333333333334	143.66	143.97333333333333	143.9	143.96	143.91333333333333	143.96	143.99333333333334	144.02	144.09333333333333	144.00666666666666	143.91333333333333	143.98666666666668	143.91333333333333	144.08	144.0	144.02	144.04666666666665	144.06666666666666	144.00666666666666	143.98	144.02666666666667	144.02666666666667	144.05333333333334	144.07333333333332	143.96	144.03333333333333	143.93333333333334	144.1	144.02	144.17333333333335	144.08	144.04	144.0	143.97333333333333	144.0	143.94666666666666	143.99333333333334	144.03333333333333	144.01333333333332	143.99333333333334	143.94	144.08666666666667	144.10666666666665	144.01333333333332	144.04	144.02666666666667	143.96	143.93333333333334	144.05333333333334	144.03333333333333	144.04666666666665	143.92666666666668	143.97333333333333	144.02666666666667	144.0	143.98666666666668	144.02666666666667	144.01333333333332	143.96666666666667	144.15333333333334	144.09333333333333	143.99333333333334	143.99333333333334	143.98666666666668	143.90666666666667	143.89333333333335	143.6	142.70666666666668	136.72666666666666	0.0
0.0	136.62666666666667	142.52	143.70666666666668	143.78	143.91333333333333	143.96	143.98	144.05333333333334	143.97333333333333	143.94666666666666	144.00666666666666	143.90666666666667	144.03333333333333	143.94	144.00666666666666	143.94	144.02666666666667	144.08666666666667	143.96	143.96	143.98666666666668	143.96666666666667	143.81333333333333	143.92666666666668	144.06	143.98666666666668	143.95333333333335	143.92666666666668	143.89333333333335	144.02	144.07333333333332	143.99333333333334	144.01333333333332	143.95333333333335	143.98666666666668	144.07333333333332	143.96666666666667	143.98	143.96666666666667	143.92	144.08666666666667	143.94	144.04666666666665	144.01333333333332	144.03333333333333	143.91333333333333	143.95333333333335	144.09333333333333	144.08	143.94666666666666	144.01333333333332	143.98666666666668	143.97333333333333	143.90666666666667	144.04	143.96666666666667	144.12	144.0	144.0	144.05333333333334	143.9	143.92	144.04	143.96666666666667	144.00666666666666	143.88666666666666	143.97333333333333	143.78666666666666	143.6	142.45333333333335	136.55333333333334	0.0
0.0	136.66	142.64	143.72	143.94	144.02	143.98666666666668	144.06666666666666	143.96666666666667	144.01333333333332	144.06	144.10666666666665	144.07333333333332	144.18	144.12	144.12666666666667	144.15333333333334	144.07333333333332	144.04	143.98666666666668	144.06	144.11333333333334	144.02	144.03333333333333	144.08	144.06666666666666	144.03333333333333	144.12	144.11333333333334	144.14666666666668	144.08	144.05333333333334	144.11333333333334	144.00666666666666	144.07333333333332	144.01333333333332	144.13333333333333	144.09333333333333	143.94	143.98666666666668	144.03333333333333	144.06	144.04	144.02	144.05333333333334	144.18	144.11333333333334	144.1	144.1	143.92666666666668	144.08	143.99333333333334	144.03333333333333	144.03333333333333	144.04	144.15333333333334	144.09333333333333	144.09333333333333	144.17333333333335	144.16	144.16666666666666	144.0	144.12666666666667	144.14	144.1	144.13333333333333	144.09333333333333	143.98	143.94	143.69333333333333	142.52	136.28	0.0
0.0	136.68	142.59333333333333	143.6	144.07333333333332	143.99333333333334	144.00666666666666	144.12666666666667	143.98666666666668	144.07333333333332	144.02	144.01333333333332	143.94666666666666	143.98666666666668	143.96666666666667	143.92666666666668	144.08	144.12	144.00666666666666	143.96	144.04666666666665	144.08	144.02	143.97333333333333	144.13333333333333	144.02	144.01333333333332	144.04	144.02	144.02	144.07333333333332	144.08666666666667	144.11333333333334	144.01333333333332	144.00666666666666	144.00666666666666	144.11333333333334	144.12666666666667	144.16666666666666	144.04666666666665	144.03333333333333	144.07333333333332	144.04	144.03333333333333	144.04	144.07333333333332	143.92666666666668	144.07333333333332	144.09333333333333	144.03333333333333	143.95333333333335	144.0	144.15333333333334	143.97333333333333	143.92	144.11333333333334	144.11333333333334	143.98666666666668	144.01333333333332	144.06	144.0	144.06666666666666	144.2	144.12666666666667	144.06	144.01333333333332	144.04	144.02	143.97333333333333	143.58666666666667	142.41333333333333	136.60666666666665	0.0
0.0	136.18666666666667	142.55333333333334	143.76	143.89333333333335	143.96	143.98666666666668	144.0	144.02	144.04666666666665	144.02	143.94	143.97333333333333	143.98666666666668	143.92666666666668	143.88666666666666	143.94666666666666	144.02666666666667	144.02666666666667	144.01333333333332	143.95333333333335	143.94666666666666	144.0	144.07333333333332	143.92	143.88	143.90666666666667	143.97333333333333	143.95333333333335	143.96	144.04	144.03333333333333	144.00666666666666	144.0	143.99333333333334	143.98666666666668	143.98	143.97333333333333	144.00666666666666	143.94666666666666	143.92	144.02	143.99333333333334	144.09333333333333	144.05333333333334	144.01333333333332	144.02666666666667	144.00666666666666	144.02666666666667	144.08666666666667	143.94666666666666	143.94	144.12666666666667	144.11333333333334	144.07333333333332	144.00666666666666	144.06666666666666	143.86666666666667	144.04	144.08666666666667	144.14	143.98666666666668	143.92	143.91333333333333	143.92666666666668	144.0	144.00666666666666	143.97333333333333	143.89333333333335	143.74666666666667	142.45333333333335	136.50666666666666	0.0
0.0	136.52	142.54666666666665	143.55333333333334	143.77333333333334	143.87333333333333	143.89333333333335	143.91333333333333	143.93333333333334	143.9	143.94666666666666	143.91333333333333	143.93333333333334	143.91333333333333	143.86	143.88	143.98666666666668	143.95333333333335	143.95333333333335	144.00666666666666	144.0	143.94666666666666	144.01333333333332	144.06	143.94666666666666	143.89333333333335	143.98666666666668	143.98	143.95333333333335	144.0	143.97333333333333	143.97333333333333	143.98	143.89333333333335	143.97333333333333	143.94666666666666	144.02	143.95333333333335	143.94	143.92	143.96	143.98666666666668	143.95333333333335	144.05333333333334	144.03333333333333	143.96	144.00666666666666	143.97333333333333	143.94666666666666	143.99333333333334	143.9	143.91333333333333	143.92666666666668	144.02	143.98666666666668	143.92	143.94	143.95333333333335	143.99333333333334	143.92666666666668	143.98	143.92666666666668	144.0	143.87333333333333	143.92666666666668	144.00666666666666	143.81333333333333	143.87333333333333	143.80666666666667	143.53333333333333	142.49333333333334	136.27333333333334	0.0
0.0	136.40666666666667	142.47333333333333	143.6	143.88666666666666	144.08666666666667	144.12	144.01333333333332	143.92666666666668	143.89333333333335	143.94	144.0	143.9	143.91333333333333	143.94	143.93333333333334	143.99333333333334	143.94	144.03333333333333	143.9	143.93333333333334	144.01333333333332	143.90666666666667	143.80666666666667	143.89333333333335	144.02	143.94	143.89333333333335	143.95333333333335	144.05333333333334	143.96	143.95333333333335	143.96666666666667	144.00666666666666	144.02666666666667	143.90666666666667	143.86	143.98666666666668	143.9	143.91333333333333	143.84666666666666	143.84	143.91333333333333	143.90666666666667	144.02	144.0	143.92	143.88666666666666	143.96	143.9	143.94	143.98666666666668	143.89333333333335	143.91333333333333	144.02	143.93333333333334	143.87333333333333	143.84	143.9	143.90666666666667	144.00666666666666	143.9	143.96666666666667	143.96	143.92	143.86	144.04666666666665	143.88666666666666	143.88	143.65333333333334	142.38	136.32666666666665	0.0
0.0	136.44666666666666	142.62666666666667	143.66	143.8	144.01333333333332	144.08666666666667	143.86	143.98666666666668	144.06666666666666	143.93333333333334	143.92666666666668	143.94666666666666	143.98666666666668	143.92	143.95333333333335	143.98666666666668	143.99333333333334	143.99333333333334	144.0	143.94	143.94666666666666	143.9	144.04	143.98666666666668	143.97333333333333	144.02	144.02666666666667	143.93333333333334	143.97333333333333	143.99333333333334	143.98	143.94666666666666	143.96	144.11333333333334	144.0	144.12666666666667	144.04666666666665	144.04666666666665	144.13333333333333	144.05333333333334	144.00666666666666	144.04666666666665	144.08666666666667	144.08	144.04666666666665	144.00666666666666	144.02	143.96	144.04666666666665	144.0	143.92	143.98666666666668	143.96	144.00666666666666	144.04666666666665	143.98	143.99333333333334	143.98	143.98666666666668	143.94	143.86	143.92	143.90666666666667	144.02	143.98666666666668	143.9	143.91333333333333	143.88666666666666	143.64666666666668	142.63333333333333	136.34	0.0
0.0	136.22666666666666	142.44666666666666	143.68	143.84666666666666	144.01333333333332	143.98	143.91333333333333	143.99333333333334	144.02666666666667	143.94666666666666	144.02	143.93333333333334	144.02	143.98	144.02	143.92666666666668	143.96666666666667	144.0	143.96666666666667	144.04666666666665	143.98	143.98666666666668	144.0	144.0	143.97333333333333	143.96666666666667	144.11333333333334	143.98666666666668	144.08	143.95333333333335	143.94	144.08	144.00666666666666	144.02666666666667	143.97333333333333	143.94	143.92	143.99333333333334	144.00666666666666	143.95333333333335	144.02666666666667	144.02	144.13333333333333	144.06666666666666	143.96	144.02666666666667	144.10666666666665	143.96666666666667	143.96666666666667	144.09333333333333	144.16	144.03333333333333	144.04	144.04	144.04	144.05333333333334	144.02	144.06666666666666	143.98	143.98	143.98	143.95333333333335	144.04666666666665	144.02	144.02666666666667	143.98	143.91333333333333	143.85333333333332	143.50666666666666	142.52666666666667	136.32666666666665	0.0
0.0	136.80666666666667	142.58	143.56666666666666	143.76666666666668	143.94666666666666	143.95333333333335	143.86	143.92666666666668	143.96666666666667	143.95333333333335	143.96	143.84666666666666	143.90666666666667	143.97333333333333	143.91333333333333	143.98	143.85333333333332	144.04	144.00666666666666	143.93333333333334	144.0	143.98	143.86666666666667	143.96666666666667	143.96666666666667	143.96	143.91333333333333	143.96666666666667	143.99333333333334	143.93333333333334	143.86666666666667	144.02	144.04	143.93333333333334	144.02	144.00666666666666	144.00666666666666	144.04666666666665	144.02	143.89333333333335	144.02	144.06	143.94666666666666	143.98666666666668	143.86	143.9	143.87333333333333	143.94666666666666	143.98	143.95333333333335	143.88666666666666	143.97333333333333	144.05333333333334	143.96	143.94	143.96666666666667	144.04666666666665	143.91333333333333	143.99333333333334	144.01333333333332	144.01333333333332	143.92666666666668	143.9	143.95333333333335	143.92	143.96	143.96666666666667	143.88	143.55333333333334	142.48666666666668	136.82	0.0
0.0	136.08	142.60666666666665	143.69333333333333	143.93333333333334	144.00666666666666	144.03333333333333	143.98666666666668	144.02	144.04	143.98666666666668	144.12	144.04666666666665	144.08666666666667	144.06666666666666	144.04	144.04	144.0	144.02666666666667	143.9	143.98666666666668	144.05333333333334	143.96	143.92666666666668	144.02666666666667	143.92666666666668	143.98	144.08	143.92666666666668	144.01333333333332	144.04666666666665	144.02	143.96666666666667	144.02	144.01333333333332	143.94	144.02	143.98666666666668	143.96666666666667	144.03333333333333	144.01333333333332	144.00666666666666	144.06	144.06666666666666	144.01333333333332	143.86	143.99333333333334	143.99333333333334	143.97333333333333	143.98666666666668	144.05333333333334	144.03333333333333	144.06	144.07333333333332	143.97333333333333	144.00666666666666	143.94	144.06	144.05333333333334	143.98	144.04666666666665	143.97333333333333	143.94666666666666	143.99333333333334	144.04	143.92666666666668	143.98	143.99333333333334	144.01333333333332	143.66	142.45333333333335	136.36666666666667	0.0
0.0	136.35333333333332	142.51333333333332	143.74666666666667	143.92	143.93333333333334	143.96666666666667	144.13333333333333	143.99333333333334	143.97333333333333	143.9	143.94	143.94	143.91333333333333	143.89333333333335	143.98	143.91333333333333	143.98	143.94666666666666	143.98	144.02	143.94666666666666	143.98	144.1	143.96666666666667	143.98	143.88	144.04666666666665	143.94	143.96	143.94666666666666	143.97333333333333	143.94	143.91333333333333	143.92666666666668	143.95333333333335	144.02666666666667	144.06	144.15333333333334	143.90666666666667	144.0	144.02666666666667	144.0	143.9	143.97333333333333	144.04	144.02	143.93333333333334	144.02	144.06	144.06	144.02	144.1	143.94	143.95333333333335	143.97333333333333	143.96666666666667	143.95333333333335	143.93333333333334	143.94666666666666	143.96	143.96666666666667	144.02	143.97333333333333	143.9	143.92	143.95333333333335	144.01333333333332	143.95333333333335	143.53333333333333	142.42	136.17333333333335	0.0
0.0	136.24	142.48	143.50666666666666	143.80666666666667	143.79333333333332	143.95333333333335	143.92666666666668	143.91333333333333	143.96666666666667	143.88	143.86666666666667	143.84666666666666	144.0	144.08	143.93333333333334	143.94	143.99333333333334	143.91333333333333	143.89333333333335	143.91333333333333	143.92666666666668	143.96	143.93333333333334	143.94666666666666	143.91333333333333	143.78666666666666	143.94666666666666	143.91333333333333	143.85333333333332	143.94	143.96	143.89333333333335	143.94666666666666	143.86	143.90666666666667	143.84	143.87333333333333	143.93333333333334	143.97333333333333	143.92666666666668	143.94	143.91333333333333	143.89333333333335	143.94	143.96666666666667	143.92	144.04	143.89333333333335	143.96666666666667	143.93333333333334	143.96	143.9	143.94666666666666	143.99333333333334	143.93333333333334	143.9	144.02	144.06	143.89333333333335	143.98	143.87333333333333	143.97333333333333	143.95333333333335	143.91333333333333	143.95333333333335	144.02	143.90666666666667	143.98	143.66666666666666	142.7	136.30666666666667	0.0
0.0	136.41333333333333	142.60666666666665	143.65333333333334	143.88	143.99333333333334	144.02	143.97333333333333	144.05333333333334	143.89333333333335	143.98666666666668	143.94	143.99333333333334	143.96	143.95333333333335	143.95333333333335	144.08	144.0	143.99333333333334	144.0	144.02	143.88666666666666	143.95333333333335	144.0	143.9	143.88666666666666	143.90666666666667	143.94	144.01333333333332	143.98666666666668	144.03333333333333	143.94666666666666	143.94	144.00666666666666	143.99333333333334	144.02	144.08	144.00666666666666	144.11333333333334	143.94666666666666	144.01333333333332	143.9	144.14	144.07333333333332	143.97333333333333	144.06	144.05333333333334	143.96	143.99333333333334	144.05333333333334	144.0	144.09333333333333	143.99333333333334	143.96	143.91333333333333	143.9	143.94666666666666	143.97333333333333	143.93333333333334	144.02	143.96666666666667	144.0	144.04666666666665	144.08666666666667	143.91333333333333	144.04	143.92666666666668	143.95333333333335	143.82666666666665	143.6	142.51333333333332	136.61333333333334	0.0
0.0	136.18666666666667	142.51333333333332	143.48	143.95333333333335	143.96666666666667	144.06	144.00666666666666	144.01333333333332	144.02666666666667	144.00666666666666	143.99333333333334	144.09333333333333	143.99333333333334	143.91333333333333	144.02	144.07333333333332	144.05333333333334	144.05333333333334	143.94	144.02666666666667	144.01333333333332	143.99333333333334	144.04	144.10666666666665	143.96	144.01333333333332	143.95333333333335	144.02	144.02666666666667	143.89333333333335	143.96	144.04	144.08	144.01333333333332	143.98666666666668	144.16	144.12666666666667	143.96	144.00666666666666	144.08	143.98666666666668	144.03333333333333	144.00666666666666	143.93333333333334	144.04666666666665	144.0	144.05333333333334	143.97333333333333	143.99333333333334	144.02	144.02	143.94666666666666	144.01333333333332	143.94666666666666	144.02666666666667	143.98	144.08	144.0	144.0	144.00666666666666	144.06666666666666	143.98666666666668	144.06666666666666	144.10666666666665	144.03333333333333	144.08	144.05333333333334	143.97333333333333	143.68	142.61333333333334	136.46666666666667	0.0
0.0	136.61333333333334	142.50666666666666	143.67333333333335	143.79333333333332	143.85333333333332	143.92666666666668	143.82	143.83333333333334	143.85333333333332	143.92666666666668	143.86	143.89333333333335	143.96666666666667	143.75333333333333	143.84666666666666	143.88	143.88	144.01333333333332	143.93333333333334	143.95333333333335	143.93333333333334	143.96	143.92666666666668	144.0	143.99333333333334	144.02	143.93333333333334	143.84	143.90666666666667	143.87333333333333	143.85333333333332	143.93333333333334	143.89333333333335	143.93333333333334	143.93333333333334	143.97333333333333	143.85333333333332	143.88666666666666	144.04	143.87333333333333	143.83333333333334	143.87333333333333	143.89333333333335	143.96	143.96	143.9	143.94	143.89333333333335	143.98666666666668	143.94	143.95333333333335	143.88	143.96666666666667	143.92	143.86666666666667	143.91333333333333	143.9	144.03333333333333	143.9	143.86666666666667	143.94666666666666	143.90666666666667	143.90666666666667	143.88	143.95333333333335	143.9	143.9	143.82666666666665	143.63333333333333	142.55333333333334	136.44	0.0
0.0	136.46	142.52666666666667	143.68	144.01333333333332	144.06666666666666	144.06	144.04	144.08666666666667	144.04	144.02	144.08	144.12	144.0	143.98666666666668	144.00666666666666	143.96666666666667	144.1	144.12666666666667	143.98666666666668	144.03333333333333	143.98666666666668	144.06	144.15333333333334	144.04	144.03333333333333	144.04666666666665	144.06666666666666	144.02	143.96666666666667	144.03333333333333	143.96	144.02	144.06	144.0	144.05333333333334	144.06666666666666	144.06666666666666	144.04	143.97333333333333	144.04	144.04	144.14	144.14666666666668	144.18	144.14	144.03333333333333	144.03333333333333	144.01333333333332	144.0	144.04666666666665	144.09333333333333	143.97333333333333	144.00666666666666	143.96	144.06666666666666	144.07333333333332	144.14	144.02	143.96666666666667	144.09333333333333	144.01333333333332	144.08	144.02	144.08	143.98666666666668	143.97333333333333	143.80666666666667	144.04666666666665	143.7	142.58666666666667	136.18	0.0
0.0	136.48666666666668	142.48	143.56	143.89333333333335	143.9	143.99333333333334	143.90666666666667	143.93333333333334	143.98	143.94	143.90666666666667	143.94	143.90666666666667	144.05333333333334	143.98666666666668	143.96666666666667	144.0	144.01333333333332	143.96666666666667	143.88	143.89333333333335	143.98	143.92666666666668	143.97333333333333	143.92666666666668	143.95333333333335	143.96666666666667	143.99333333333334	144.00666666666666	143.90666666666667	144.0	143.86	143.88	143.92	144.03333333333333	143.97333333333333	143.99333333333334	144.02	144.02	143.92	144.00666666666666	144.10666666666665	143.98666666666668	143.97333333333333	143.86666666666667	143.96	144.05333333333334	143.94	143.98	144.02	143.97333333333333	144.03333333333333	144.00666666666666	144.01333333333332	143.98666666666668	144.1	143.90666666666667	143.96666666666667	143.98666666666668	144.03333333333333	143.96	144.05333333333334	143.99333333333334	143.91333333333333	143.93333333333334	143.93333333333334	143.86	143.75333333333333	143.69333333333333	142.55333333333334	136.78666666666666	0.0
0.0	136.59333333333333	142.56666666666666	143.55333333333334	143.81333333333333	143.82666666666665	143.88666666666666	143.95333333333335	143.93333333333334	143.93333333333334	143.9	143.86666666666667	143.90666666666667	143.83333333333334	143.86	143.90666666666667	143.96666666666667	143.88666666666666	143.86666666666667	143.94666666666666	144.02	143.92666666666668	143.98666666666668	143.88666666666666	143.93333333333334	143.88	143.94	143.96666666666667	143.95333333333335	143.96	144.04666666666665	143.94666666666666	143.87333333333333	143.84	143.76	143.93333333333334	143.98	143.84666666666666	144.0	143.92	143.99333333333334	143.92666666666668	143.85333333333332	143.93333333333334	143.92	143.94666666666666	143.97333333333333	144.03333333333333	143.88	143.79333333333332	143.88	143.94	143.99333333333334	143.95333333333335	143.84	143.96	143.88	143.88	143.86666666666667	143.86	143.98	143.99333333333334	143.83333333333334	144.08	144.0	143.91333333333333	143.86	143.86	143.77333333333334	143.49333333333334	142.36666666666667	136.64666666666668	0.0
0.0	136.44666666666666	142.34	143.54666666666665	143.91333333333333	143.88666666666666	144.08666666666667	144.06666666666666	144.02666666666667	143.91333333333333	143.98	144.02	143.96666666666667	144.02666666666667	143.89333333333335	144.02	143.92	143.93333333333334	144.04666666666665	144.00666666666666	143.93333333333334	143.98	143.96666666666667	144.01333333333332	143.90666666666667	143.97333333333333	143.99333333333334	144.01333333333332	144.16	144.05333333333334	144.04	144.02666666666667	143.89333333333335	144.15333333333334	144.04	143.97333333333333	143.94666666666666	143.88666666666666	143.91333333333333	143.97333333333333	143.92666666666668	143.99333333333334	143.91333333333333	144.06	143.96666666666667	143.93333333333334	144.04	144.02	143.99333333333334	144.02666666666667	144.0	143.92	144.0	144.00666666666666	143.98666666666668	143.90666666666667	144.02666666666667	143.97333333333333	143.94	143.94	143.94	144.02	143.95333333333335	144.0	143.94666666666666	144.0	143.94666666666666	143.98666666666668	143.87333333333333	143.57333333333332	142.36666666666667	136.42666666666668	0.0
0.0	136.66	142.71333333333334	143.78666666666666	143.94666666666666	144.0	144.08	144.04666666666665	143.95333333333335	143.95333333333335	143.96666666666667	144.05333333333334	144.02	144.04666666666665	144.10666666666665	143.94	144.01333333333332	144.07333333333332	143.94	143.97333333333333	143.96666666666667	144.03333333333333	144.02666666666667	143.86666666666667	144.1	144.11333333333334	144.02666666666667	144.08666666666667	143.97333333333333	144.0	144.0	143.91333333333333	143.99333333333334	143.98	144.0	144.05333333333334	144.0	144.1	144.07333333333332	143.95333333333335	143.93333333333334	143.94666666666666	143.96666666666667	143.85333333333332	144.04666666666665	144.1	144.02666666666667	144.05333333333334	144.02666666666667	144.02	144.15333333333334	143.91333333333333	143.97333333333333	144.05333333333334	144.06666666666666	144.0	143.93333333333334	143.98666666666668	143.94666666666666	144.03333333333333	144.06666666666666	143.94	144.04	143.97333333333333	144.04666666666665	143.90666666666667	143.99333333333334	143.94	143.92666666666668	143.62	142.65333333333334	136.34	0.0
0.0	136.48666666666668	142.59333333333333	143.66666666666666	143.95333333333335	144.02666666666667	143.99333333333334	143.94666666666666	144.1	144.00666666666666	144.08666666666667	143.99333333333334	144.20666666666668	144.0	143.98	143.98666666666668	144.06666666666666	144.11333333333334	144.01333333333332	144.13333333333333	144.06	143.97333333333333	143.88666666666666	143.94	143.99333333333334	144.02666666666667	143.96666666666667	144.02	143.96666666666667	144.08	143.99333333333334	144.03333333333333	144.00666666666666	143.96666666666667	143.91333333333333	143.94	144.1	144.00666666666666	143.98666666666668	143.97333333333333	143.89333333333335	143.94666666666666	144.13333333333333	144.00666666666666	144.03333333333333	143.95333333333335	144.02666666666667	143.96	143.98	144.13333333333333	143.90666666666667	143.96666666666667	143.96	144.01333333333332	144.04666666666665	144.02	144.08	143.98666666666668	144.09333333333333	143.98666666666668	143.95333333333335	143.92	143.92666666666668	143.91333333333333	144.04666666666665	144.00666666666666	144.02	143.94666666666666	143.92	143.62	142.63333333333333	136.4	0.0
0.0	136.60666666666665	142.50666666666666	143.66666666666666	143.8	143.94	144.01333333333332	143.96	144.03333333333333	143.98666666666668	144.04	144.00666666666666	143.90666666666667	144.00666666666666	144.0	144.00666666666666	143.92	143.94666666666666	143.90666666666667	143.92666666666668	144.03333333333333	143.95333333333335	143.93333333333334	143.94	144.02	143.94666666666666	143.83333333333334	143.90666666666667	144.02	143.94	143.99333333333334	143.94666666666666	144.02	144.00666666666666	143.88	143.94	143.98666666666668	144.0	143.90666666666667	143.99333333333334	144.04	144.0	143.91333333333333	144.09333333333333	144.03333333333333	143.95333333333335	143.98666666666668	143.99333333333334	144.01333333333332	144.06666666666666	144.02	143.98	144.04666666666665	143.97333333333333	144.05333333333334	143.92666666666668	144.00666666666666	143.84666666666666	144.0	143.91333333333333	144.01333333333332	143.96	143.94	143.91333333333333	143.93333333333334	143.96	144.00666666666666	144.0	143.76	143.61333333333334	142.42	136.55333333333334	0.0
0.0	136.4	142.69333333333333	143.82666666666665	143.99333333333334	144.12666666666667	144.08	144.08	144.02666666666667	144.06666666666666	144.10666666666665	144.09333333333333	144.04	144.08666666666667	144.0	143.97333333333333	144.02666666666667	144.05333333333334	144.07333333333332	144.17333333333335	144.12666666666667	144.12	144.16666666666666	144.20666666666668	144.23333333333332	144.07333333333332	144.12666666666667	144.06	144.12666666666667	144.08666666666667	144.06	144.13333333333333	144.12	144.18666666666667	144.16666666666666	144.04	144.16	144.1	144.12	144.06666666666666	144.14666666666668	144.06	144.06666666666666	144.12	144.03333333333333	144.00666666666666	144.05333333333334	144.14666666666668	144.14666666666668	144.15333333333334	144.08	144.06666666666666	144.04666666666665	144.05333333333334	144.17333333333335	144.16666666666666	144.08666666666667	144.04	144.05333333333334	144.06666666666666	143.98666666666668	144.09333333333333	144.04666666666665	144.11333333333334	144.0	143.99333333333334	143.96	143.94	143.99333333333334	143.81333333333333	142.52666666666667	136.51333333333332	0.0
0.0	136.67333333333335	142.42	143.56	143.8	143.92	143.97333333333333	143.98666666666668	143.96	143.96	143.98666666666668	143.96666666666667	144.10666666666665	143.96666666666667	143.90666666666667	143.99333333333334	144.0	144.06	144.09333333333333	144.00666666666666	143.96666666666667	144.0	143.88	144.0	144.0	143.95333333333335	144.06666666666666	144.04	144.02	143.96	143.90666666666667	143.90666666666667	143.96	144.00666666666666	143.97333333333333	144.12	143.92	144.04	143.99333333333334	144.0	143.96666666666667	144.07333333333332	144.00666666666666	144.06666666666666	144.01333333333332	143.94666666666666	143.93333333333334	144.04666666666665	143.99333333333334	143.98666666666668	144.14	144.10666666666665	144.03333333333333	143.98666666666668	143.92666666666668	143.97333333333333	143.87333333333333	143.94	143.90666666666667	143.94	144.06	143.95333333333335	143.96666666666667	143.98666666666668	144.06666666666666	144.03333333333333	144.02	143.96	143.91333333333333	143.6	142.33333333333334	136.37333333333333	0.0
0.0	136.41333333333333	142.40666666666667	143.62	143.82666666666665	143.98	143.92666666666668	143.92	143.91333333333333	143.95333333333335	143.94	144.00666666666666	143.96	144.03333333333333	143.99333333333334	143.95333333333335	143.94	143.92666666666668	143.88666666666666	143.96666666666667	144.07333333333332	143.94	144.04	143.95333333333335	143.9	143.98	143.9	143.92	144.01333333333332	143.98	143.96	143.91333333333333	143.94	143.96	144.0	144.01333333333332	144.03333333333333	144.12	143.95333333333335	143.94	144.0	143.93333333333334	143.96	143.90666666666667	143.92666666666668	143.96	143.99333333333334	144.01333333333332	143.91333333333333	143.88666666666666	143.87333333333333	144.00666666666666	144.02666666666667	143.90666666666667	143.86	143.94666666666666	143.98666666666668	144.05333333333334	144.02	143.97333333333333	143.95333333333335	143.95333333333335	143.91333333333333	144.06	143.91333333333333	143.98	143.94	143.90666666666667	143.83333333333334	143.62	142.38	136.39333333333335	0.0
0.0	136.78666666666666	142.56666666666666	143.68666666666667	143.92666666666668	144.09333333333333	144.04	144.03333333333333	144.09333333333333	144.12	144.04	143.97333333333333	144.05333333333334	144.0	144.04	144.16666666666666	144.01333333333332	144.07333333333332	144.07333333333332	144.02666666666667	144.01333333333332	144.06	144.08666666666667	144.0	144.02	144.07333333333332	144.04	144.05333333333334	144.00666666666666	144.04	144.07333333333332	144.05333333333334	144.02	144.08666666666667	144.0	144.0	144.07333333333332	144.02	144.03333333333333	144.00666666666666	144.05333333333334	144.02	144.03333333333333	144.11333333333334	144.15333333333334	144.04	144.06666666666666	144.0	143.93333333333334	144.04666666666665	144.02666666666667	144.08	143.98666666666668	143.94	144.1	143.98	144.10666666666665	144.11333333333334	143.96666666666667	143.99333333333334	144.03333333333333	144.08666666666667	143.98666666666668	143.90666666666667	143.99333333333334	144.05333333333334	144.00666666666666	144.03333333333333	143.96	143.6	142.51333333333332	136.43333333333334	0.0
0.0	136.46	142.78	143.68666666666667	143.82	143.92666666666668	144.07333333333332	144.09333333333333	144.07333333333332	144.19333333333333	144.08666666666667	144.04666666666665	144.12666666666667	144.00666666666666	144.02	143.94666666666666	143.94	143.92	144.07333333333332	144.04666666666665	144.09333333333333	144.06	144.08	144.12	144.11333333333334	144.03333333333333	144.02	144.02666666666667	144.03333333333333	144.08666666666667	144.0	144.06666666666666	144.08	144.13333333333333	143.96	143.96666666666667	144.08	144.06666666666666	144.01333333333332	144.05333333333334	144.02666666666667	144.03333333333333	144.04	144.0	144.02	144.07333333333332	144.01333333333332	143.98	143.97333333333333	144.2	144.0	143.99333333333334	144.05333333333334	144.07333333333332	144.04666666666665	144.10666666666665	143.98666666666668	144.06	144.1	144.15333333333334	144.08	144.02666666666667	144.01333333333332	144.18666666666667	144.14	144.09333333333333	143.98666666666668	144.12666666666667	143.94666666666666	143.75333333333333	142.76	136.44666666666666	0.0
0.0	136.24666666666667	142.53333333333333	143.68	143.93333333333334	144.06	144.01333333333332	143.99333333333334	143.96	143.96666666666667	143.91333333333333	143.87333333333333	144.04	144.02	143.92666666666668	144.00666666666666	144.07333333333332	144.02666666666667	143.95333333333335	143.99333333333334	143.98666666666668	144.06	143.99333333333334	143.96	143.93333333333334	143.98	144.01333333333332	144.00666666666666	144.03333333333333	144.0	144.02666666666667	144.06666666666666	144.08	144.02	144.05333333333334	144.05333333333334	144.03333333333333	144.08666666666667	144.03333333333333	143.96	144.00666666666666	144.05333333333334	144.01333333333332	144.00666666666666	144.00666666666666	143.95333333333335	144.07333333333332	144.03333333333333	144.12666666666667	144.04666666666665	143.89333333333335	143.97333333333333	143.99333333333334	144.11333333333334	143.97333333333333	143.94666666666666	144.00666666666666	144.2	144.06	144.06	143.98	143.98	144.04	144.03333333333333	143.98	143.91333333333333	144.08	144.06	143.96	143.79333333333332	142.68	136.53333333333333	0.0
0.0	136.51333333333332	142.68666666666667	143.72666666666666	144.02	144.09333333333333	144.20666666666668	144.11333333333334	144.14666666666668	144.09333333333333	144.14666666666668	144.12	144.18	144.06	144.14666666666668	144.09333333333333	144.15333333333334	144.16	144.20666666666668	144.02666666666667	144.02666666666667	144.24	144.12666666666667	144.06	144.12	144.13333333333333	144.16	144.12666666666667	144.18666666666667	144.07333333333332	144.07333333333332	144.1	144.17333333333335	144.12666666666667	144.11333333333334	144.10666666666665	144.23333333333332	144.13333333333333	144.16666666666666	144.19333333333333	144.14666666666668	144.14666666666668	144.17333333333335	144.16	144.12	144.25333333333333	144.18	144.16666666666666	144.14	144.18	144.15333333333334	144.18666666666667	144.25333333333333	144.14666666666668	144.16	144.24	144.18	144.2	144.11333333333334	144.07333333333332	144.17333333333335	144.1	144.18666666666667	144.06666666666666	144.04666666666665	144.13333333333333	144.08	144.15333333333334	144.16666666666666	143.82	142.53333333333333	136.49333333333334	0.0
0.0	136.22	142.43333333333334	143.74	143.96	144.00666666666666	144.07333333333332	144.09333333333333	144.06	143.88	144.0	144.09333333333333	144.04	143.97333333333333	143.98666666666668	143.98	144.0	144.03333333333333	143.99333333333334	143.97333333333333	143.94666666666666	144.16	143.98	144.05333333333334	143.9	144.04666666666665	144.06666666666666	144.00666666666666	143.99333333333334	144.06	144.01333333333332	144.0	144.02	144.05333333333334	143.94	143.90666666666667	143.93333333333334	144.09333333333333	144.00666666666666	144.0	144.02	143.95333333333335	143.89333333333335	143.95333333333335	144.05333333333334	144.01333333333332	144.08666666666667	144.03333333333333	144.04	143.93333333333334	143.98	143.92	143.97333333333333	144.08666666666667	144.01333333333332	144.1	143.96	143.93333333333334	144.04666666666665	144.08666666666667	143.97333333333333	143.96666666666667	143.88666666666666	144.0	144.08	143.92	144.08	144.07333333333332	144.00666666666666	143.61333333333334	142.6	136.86666666666667	0.0
0.0	136.20666666666668	142.55333333333334	143.66666666666666	143.96	144.04	144.07333333333332	143.98	144.02666666666667	143.92666666666668	144.02	144.04	143.96666666666667	143.94666666666666	144.06	144.02	143.94	144.1	143.99333333333334	144.13333333333333	144.02	143.96	143.98666666666668	144.08666666666667	144.12	144.18	144.00666666666666	144.1	144.08	144.20666666666668	144.10666666666665	144.12	144.16666666666666	143.99333333333334	143.98	144.02	144.13333333333333	144.15333333333334	144.0	143.98	144.18666666666667	144.05333333333334	143.96666666666667	143.96	144.07333333333332	144.10666666666665	144.01333333333332	144.01333333333332	144.08666666666667	144.0	143.96666666666667	144.05333333333334	144.08666666666667	144.14	144.02666666666667	143.94666666666666	144.04	144.02	144.1	144.13333333333333	144.02666666666667	144.0	144.1	143.96	143.99333333333334	144.02	143.98666666666668	144.10666666666665	143.94666666666666	143.82	142.62666666666667	136.4	0.0
0.0	135.98666666666668	142.25333333333333	143.66666666666666	144.03333333333333	144.00666666666666	144.01333333333332	144.16	144.12	144.06666666666666	144.1	143.97333333333333	144.08666666666667	144.08	144.03333333333333	144.06	144.04	144.0	143.97333333333333	144.06666666666666	144.06	144.04666666666665	143.98	144.08666666666667	144.04666666666665	144.06666666666666	144.04	144.02666666666667	144.09333333333333	144.02666666666667	144.08666666666667	143.96	143.97333333333333	144.03333333333333	143.95333333333335	144.04666666666665	144.09333333333333	144.08666666666667	143.99333333333334	144.06666666666666	144.10666666666665	144.00666666666666	144.08666666666667	143.95333333333335	144.0	144.05333333333334	143.96666666666667	143.97333333333333	143.96	143.90666666666667	144.01333333333332	144.17333333333335	143.99333333333334	144.02666666666667	144.06	143.92	143.98666666666668	143.98	144.02666666666667	144.18	144.06	144.02	144.04666666666665	143.97333333333333	144.09333333333333	144.06	144.00666666666666	143.92	144.01333333333332	143.79333333333332	142.56666666666666	136.41333333333333	0.0
0.0	136.16666666666666	142.48	143.57333333333332	143.84	143.97333333333333	144.06666666666666	144.06	143.96666666666667	143.96666666666667	144.02666666666667	143.9	143.96	144.0	143.97333333333333	143.94	144.03333333333333	144.00666666666666	143.98	143.97333333333333	143.99333333333334	144.07333333333332	143.96666666666667	143.97333333333333	143.94666666666666	144.02666666666667	144.01333333333332	144.00666666666666	144.04666666666665	144.03333333333333	144.11333333333334	144.11333333333334	143.95333333333335	144.04	144.0	144.03333333333333	144.01333333333332	144.00666666666666	144.00666666666666	144.02666666666667	143.98	144.04	144.12	143.95333333333335	144.02666666666667	143.99333333333334	144.07333333333332	144.05333333333334	143.98666666666668	143.98666666666668	144.02	143.93333333333334	143.96666666666667	143.99333333333334	144.12666666666667	143.99333333333334	143.96666666666667	144.03333333333333	144.05333333333334	144.12666666666667	144.01333333333332	144.02666666666667	144.06666666666666	143.98	143.94	143.92666666666668	143.99333333333334	143.93333333333334	143.95333333333335	143.55333333333334	142.34	136.55333333333334	0.0
0.0	136.74666666666667	142.46666666666667	143.54666666666665	143.88	144.03333333333333	143.90666666666667	144.07333333333332	143.92	143.94666666666666	143.92666666666668	143.92	143.94666666666666	143.94666666666666	143.96666666666667	143.94	144.00666666666666	143.91333333333333	143.92	143.98666666666668	143.96	143.89333333333335	143.96666666666667	144.01333333333332	144.02666666666667	143.91333333333333	144.07333333333332	143.98	143.99333333333334	143.99333333333334	143.97333333333333	143.89333333333335	143.94	143.94	143.93333333333334	144.02	143.99333333333334	143.92666666666668	143.94	143.90666666666667	143.98	144.01333333333332	143.92	143.90666666666667	143.84	143.94	143.98	143.97333333333333	143.93333333333334	143.94666666666666	143.96	143.92	143.99333333333334	143.94	143.98666666666668	144.00666666666666	143.95333333333335	144.05333333333334	144.01333333333332	144.03333333333333	143.84	144.07333333333332	144.02	144.12	143.94	144.1	143.98	144.05333333333334	143.92666666666668	143.62	142.46	136.22	0.0
0.0	136.31333333333333	142.37333333333333	143.52	143.86	143.79333333333332	143.87333333333333	143.94666666666666	143.9	143.97333333333333	144.02	143.96	144.02666666666667	143.95333333333335	143.98	144.02	143.93333333333334	143.96666666666667	143.96	143.94666666666666	143.93333333333334	143.9	143.99333333333334	144.0	143.94666666666666	143.9	143.92666666666668	143.94	143.87333333333333	143.88	143.82	143.92666666666668	143.92	143.99333333333334	144.02	144.0	143.99333333333334	143.89333333333335	143.86666666666667	143.94666666666666	144.00666666666666	143.81333333333333	143.95333333333335	143.98	143.91333333333333	143.86666666666667	143.88	143.9	143.9	143.93333333333334	143.94	143.92	144.07333333333332	143.96666666666667	143.93333333333334	143.93333333333334	143.95333333333335	143.94	144.01333333333332	143.96	143.89333333333335	143.88	143.84666666666666	143.89333333333335	143.94	143.9	143.96666666666667	143.90666666666667	143.82666666666665	143.57333333333332	142.48666666666668	136.34	0.0
0.0	136.39333333333335	142.46	143.54	143.84	143.99333333333334	143.88666666666666	143.92666666666668	144.00666666666666	143.89333333333335	144.04666666666665	144.08666666666667	143.99333333333334	143.94666666666666	143.96666666666667	144.02666666666667	144.05333333333334	143.90666666666667	143.88	143.8	144.0	143.96666666666667	143.89333333333335	143.97333333333333	144.04666666666665	144.02666666666667	144.04666666666665	144.04	143.94	143.87333333333333	144.03333333333333	143.98	144.05333333333334	143.93333333333334	144.03333333333333	143.96	144.01333333333332	144.02666666666667	144.14666666666668	144.01333333333332	144.00666666666666	144.04	144.02	143.91333333333333	143.90666666666667	144.04666666666665	143.97333333333333	143.94666666666666	143.95333333333335	144.10666666666665	144.13333333333333	144.00666666666666	144.00666666666666	143.92	144.02	143.89333333333335	143.99333333333334	144.12	144.1	143.95333333333335	144.04	144.02	144.04	143.94666666666666	143.94666666666666	144.0	143.96	143.95333333333335	143.93333333333334	143.55333333333334	142.47333333333333	136.34	0.0
0.0	136.24666666666667	142.58666666666667	143.72666666666666	143.86666666666667	144.1	144.02	143.97333333333333	143.98666666666668	143.89333333333335	144.04666666666665	144.0	144.04	143.99333333333334	144.14	143.91333333333333	143.84666666666666	143.96666666666667	143.96666666666667	144.06666666666666	144.04666666666665	143.96	144.05333333333334	144.02	143.94	143.98666666666668	143.93333333333334	143.94666666666666	143.94666666666666	144.06666666666666	143.91333333333333	143.95333333333335	143.89333333333335	144.02	143.94	143.9	143.93333333333334	143.92666666666668	143.96	143.96	143.93333333333334	143.96	143.94666666666666	143.98	143.98666666666668	143.97333333333333	143.88666666666666	143.96	143.86666666666667	143.92666666666668	144.10666666666665	144.02666666666667	143.87333333333333	143.98666666666668	143.99333333333334	143.95333333333335	143.85333333333332	144.0	143.86666666666667	143.9	143.94666666666666	143.88	144.07333333333332	143.98666666666668	144.04666666666665	143.92666666666668	143.95333333333335	143.95333333333335	143.85333333333332	143.61333333333334	142.53333333333333	136.50666666666666	0.0
0.0	136.14	142.42666666666668	143.44	143.68	143.82	143.89333333333335	143.92666666666668	143.94666666666666	143.88	143.86666666666667	143.88666666666666	143.9	143.95333333333335	143.91333333333333	143.9	143.88	143.96	143.99333333333334	143.98	143.94666666666666	143.87333333333333	143.80666666666667	143.94666666666666	143.91333333333333	143.78666666666666	143.98	143.89333333333335	143.86	143.86666666666667	143.86	143.85333333333332	143.98666666666668	143.91333333333333	143.93333333333334	143.76666666666668	143.82666666666665	143.84	143.87333333333333	143.89333333333335	143.88666666666666	143.9	143.89333333333335	143.81333333333333	143.92666666666668	143.86666666666667	143.79333333333332	143.88666666666666	143.99333333333334	143.86666666666667	143.82	143.74666666666667	143.81333333333333	143.89333333333335	143.92	143.84	143.87333333333333	143.88666666666666	143.88666666666666	143.94666666666666	143.88	143.86	143.86666666666667	143.91333333333333	143.91333333333333	143.9	143.88666666666666	143.86666666666667	143.83333333333334	143.52	142.57333333333332	136.59333333333333	0.0
0.0	136.38	142.52666666666667	143.56	143.82666666666665	143.98	143.92666666666668	143.83333333333334	143.91333333333333	143.88	143.86666666666667	143.94666666666666	143.92	143.93333333333334	143.98	143.90666666666667	143.91333333333333	143.88	144.01333333333332	143.92	143.99333333333334	143.86	143.94	143.83333333333334	143.90666666666667	143.88	143.94666666666666	143.92666666666668	143.90666666666667	143.86666666666667	143.89333333333335	143.88	143.89333333333335	143.86666666666667	143.76666666666668	143.86	143.89333333333335	143.87333333333333	143.92	143.97333333333333	143.92	143.96666666666667	143.92	143.83333333333334	143.85333333333332	143.94666666666666	143.86666666666667	143.98666666666668	144.02	143.88666666666666	143.97333333333333	143.97333333333333	143.87333333333333	143.89333333333335	143.84666666666666	143.92	143.88666666666666	143.85333333333332	143.99333333333334	143.96	143.86	143.88666666666666	143.90666666666667	143.98666666666668	143.91333333333333	143.91333333333333	144.0	143.87333333333333	143.78666666666666	143.6	142.46	136.16	0.0
0.0	136.23333333333332	142.45333333333335	143.58	143.86666666666667	144.02666666666667	143.96	144.02	144.07333333333332	144.12666666666667	144.04666666666665	144.02666666666667	144.11333333333334	144.16	144.16	144.10666666666665	144.17333333333335	143.98	144.02666666666667	144.01333333333332	144.08	144.00666666666666	144.1	144.02	144.06666666666666	143.98666666666668	144.1	144.09333333333333	143.92	144.06666666666666	144.06	144.08	144.02	144.04666666666665	143.94666666666666	144.06666666666666	143.99333333333334	144.03333333333333	144.05333333333334	144.04	144.04666666666665	144.06	143.97333333333333	143.98666666666668	144.10666666666665	144.09333333333333	144.12	144.06	144.01333333333332	144.0	144.08	144.12	143.96	143.99333333333334	144.02	143.98666666666668	144.00666666666666	144.03333333333333	144.02666666666667	143.97333333333333	143.99333333333334	144.06	144.05333333333334	144.0	144.00666666666666	144.0	144.01333333333332	144.01333333333332	143.97333333333333	143.74	142.62	136.84	0.0
0.0	136.58	142.61333333333334	143.73333333333332	144.02	144.14666666666668	144.04666666666665	144.04	144.06	144.02666666666667	144.06666666666666	144.05333333333334	144.11333333333334	144.05333333333334	144.02	144.10666666666665	144.12666666666667	144.13333333333333	144.14	144.06666666666666	144.05333333333334	144.14666666666668	144.14	144.09333333333333	144.05333333333334	144.06	144.08	144.11333333333334	144.04666666666665	144.1	144.10666666666665	144.12666666666667	144.26666666666668	144.1	144.14	144.14666666666668	144.1	144.06666666666666	144.06666666666666	144.18	144.11333333333334	144.14	144.16	144.24666666666667	144.19333333333333	144.12	144.08666666666667	144.06	144.18666666666667	144.20666666666668	144.04	144.07333333333332	144.14	144.21333333333334	144.14	144.12	144.01333333333332	144.04666666666665	144.17333333333335	144.16	144.14666666666668	144.09333333333333	144.32666666666665	144.15333333333334	144.16	144.12666666666667	144.12	144.08666666666667	144.02666666666667	143.73333333333332	142.62666666666667	136.56666666666666	0.0
0.0	136.6	142.50666666666666	143.7	143.94666666666666	143.96666666666667	144.02	144.11333333333334	144.10666666666665	144.12	144.03333333333333	144.01333333333332	144.14	144.06	144.06	144.05333333333334	144.07333333333332	144.01333333333332	143.99333333333334	143.98666666666668	144.02666666666667	144.05333333333334	144.08666666666667	144.0	144.06666666666666	143.95333333333335	144.04666666666665	143.94666666666666	144.08	144.00666666666666	144.05333333333334	144.08666666666667	144.1	144.1	144.12	144.07333333333332	144.18	144.16	144.09333333333333	143.92	144.04666666666665	144.02	143.98	143.97333333333333	144.11333333333334	144.04	143.99333333333334	144.08	144.01333333333332	144.05333333333334	143.98666666666668	144.02	144.08666666666667	144.03333333333333	144.04666666666665	144.03333333333333	144.05333333333334	144.06666666666666	144.04	144.09333333333333	143.96666666666667	143.99333333333334	144.08666666666667	144.05333333333334	144.03333333333333	144.15333333333334	144.01333333333332	144.00666666666666	143.92666666666668	143.64666666666668	142.50666666666666	136.32	0.0
0.0	136.54	142.66666666666666	143.64	143.87333333333333	144.00666666666666	144.04	143.94666666666666	144.04	143.95333333333335	143.96	144.02	143.94666666666666	143.89333333333335	143.96666666666667	143.99333333333334	143.99333333333334	144.00666666666666	144.02666666666667	144.02666666666667	143.90666666666667	144.00666666666666	143.95333333333335	144.0	144.04	143.99333333333334	144.08666666666667	144.0	144.0	144.04	144.05333333333334	143.96666666666667	144.01333333333332	143.98	143.97333333333333	143.96666666666667	144.08	143.97333333333333	143.98666666666668	143.95333333333335	144.05333333333334	144.01333333333332	143.98666666666668	143.93333333333334	144.08666666666667	143.93333333333334	143.91333333333333	143.98	144.06	143.90666666666667	143.96	143.96666666666667	143.98	144.04666666666665	143.91333333333333	144.00666666666666	144.00666666666666	144.06666666666666	144.08666666666667	144.04	144.08666666666667	144.04666666666665	144.0	143.98666666666668	144.03333333333333	143.97333333333333	144.0	143.96666666666667	143.96666666666667	143.71333333333334	142.6	136.24666666666667	0.0
0.0	136.44	142.49333333333334	143.66666666666666	143.88666666666666	144.03333333333333	143.95333333333335	144.14666666666668	143.92	143.96666666666667	144.01333333333332	144.10666666666665	143.89333333333335	144.02666666666667	143.98	144.03333333333333	144.12	143.99333333333334	144.0	143.94666666666666	144.11333333333334	144.06	144.04666666666665	144.05333333333334	144.03333333333333	143.90666666666667	143.99333333333334	144.14	144.06	144.0	143.96666666666667	144.01333333333332	144.10666666666665	144.05333333333334	144.09333333333333	144.06	143.96666666666667	143.98666666666668	144.08	143.96666666666667	143.98	144.03333333333333	143.92	143.92	143.98	143.98	143.96	144.04666666666665	144.09333333333333	143.97333333333333	143.99333333333334	144.01333333333332	144.06	144.10666666666665	144.06	143.99333333333334	143.91333333333333	144.03333333333333	144.03333333333333	143.98666666666668	144.04666666666665	143.98	143.99333333333334	143.95333333333335	144.02	143.98	143.96	143.98	143.96666666666667	143.64	142.52	136.50666666666666	0.0
0.0	136.40666666666667	142.37333333333333	143.72666666666666	144.02666666666667	144.09333333333333	144.02666666666667	143.98	143.98	143.92	144.08	144.04666666666665	144.0	144.0	144.02	144.09333333333333	144.04666666666665	144.12666666666667	144.10666666666665	143.96666666666667	144.12	144.00666666666666	144.04666666666665	144.10666666666665	144.02666666666667	144.06	143.98	143.98666666666668	144.22	144.12	144.08	143.96666666666667	144.14666666666668	144.04666666666665	143.92	144.01333333333332	143.98	144.03333333333333	144.04666666666665	144.11333333333334	143.99333333333334	144.07333333333332	144.08	144.1	144.02666666666667	144.06	143.96666666666667	143.98	144.0	144.0	144.07333333333332	144.06666666666666	144.12666666666667	144.13333333333333	144.12666666666667	144.05333333333334	144.19333333333333	143.99333333333334	144.04	143.99333333333334	143.94	143.96	144.02666666666667	143.99333333333334	143.99333333333334	144.02	144.09333333333333	143.99333333333334	143.84666666666666	143.68666666666667	142.54666666666665	136.36666666666667	0.0
0.0	136.22666666666666	142.51333333333332	143.58666666666667	143.84	143.84	143.98666666666668	143.99333333333334	143.95333333333335	143.9	143.94	143.94	143.86	143.89333333333335	143.92	143.97333333333333	143.86666666666667	143.93333333333334	143.86666666666667	143.97333333333333	143.92666666666668	143.92666666666668	143.90666666666667	143.92	144.05333333333334	143.94666666666666	143.91333333333333	143.94666666666666	143.91333333333333	143.98	143.94666666666666	143.96	143.95333333333335	143.9	143.96	143.92	143.96	143.96	143.92	144.0	143.96	143.94	143.94	143.94	143.94666666666666	143.9	143.88	143.91333333333333	143.88	143.88666666666666	143.96	143.94666666666666	144.02	143.90666666666667	143.93333333333334	143.95333333333335	143.89333333333335	143.94666666666666	143.88	144.0	143.99333333333334	143.90666666666667	143.92666666666668	143.99333333333334	144.03333333333333	143.98	143.91333333333333	143.9	143.82	143.41333333333333	142.36	136.14	0.0
0.0	136.35333333333332	142.56666666666666	143.54	144.02666666666667	143.92	144.01333333333332	143.99333333333334	143.96666666666667	144.00666666666666	144.04	143.98	144.09333333333333	144.05333333333334	144.02666666666667	144.09333333333333	144.08	144.06666666666666	144.07333333333332	144.08666666666667	144.04	144.03333333333333	144.0	143.96	144.09333333333333	144.05333333333334	144.16666666666666	144.11333333333334	144.06	144.04666666666665	143.96666666666667	144.03333333333333	144.0	144.02	144.02666666666667	144.05333333333334	143.98666666666668	144.0	143.97333333333333	143.98	144.01333333333332	144.05333333333334	144.02	144.01333333333332	143.98	144.00666666666666	144.06666666666666	144.04666666666665	143.98666666666668	144.08	144.05333333333334	144.00666666666666	144.07333333333332	144.04	144.14	144.01333333333332	144.00666666666666	144.01333333333332	143.95333333333335	144.0	144.00666666666666	144.09333333333333	143.99333333333334	143.97333333333333	144.03333333333333	144.08	144.1	144.04	144.06666666666666	143.48666666666668	142.46	136.21333333333334	0.0
0.0	136.36	142.6	143.55333333333334	143.93333333333334	144.08	144.02666666666667	143.98	144.00666666666666	144.0	144.12666666666667	143.85333333333332	143.94	144.03333333333333	144.02666666666667	143.99333333333334	144.01333333333332	144.03333333333333	144.03333333333333	144.08	143.95333333333335	143.9	143.96	143.98	144.04666666666665	143.96666666666667	144.08	144.04	144.01333333333332	143.96666666666667	144.00666666666666	144.02	143.96	143.97333333333333	144.01333333333332	144.06666666666666	143.95333333333335	144.02	144.03333333333333	143.9	143.98	143.93333333333334	143.90666666666667	144.01333333333332	143.98	143.95333333333335	143.90666666666667	143.96	144.0	144.04666666666665	143.95333333333335	144.03333333333333	144.00666666666666	144.01333333333332	143.90666666666667	143.96	143.95333333333335	143.92	144.04	143.96	144.00666666666666	144.00666666666666	143.93333333333334	144.00666666666666	143.96666666666667	144.02666666666667	144.08	143.96666666666667	143.92	143.62	142.3	136.56666666666666	0.0
0.0	136.47333333333333	142.36666666666667	143.7	143.86666666666667	143.84	143.86	144.08	143.94666666666666	144.1	143.95333333333335	143.97333333333333	143.84666666666666	143.9	143.93333333333334	143.97333333333333	143.88	143.96666666666667	144.01333333333332	143.85333333333332	143.94	143.87333333333333	143.91333333333333	143.91333333333333	143.96666666666667	143.98666666666668	143.92666666666668	144.00666666666666	143.9	143.88	144.06	143.86666666666667	143.94666666666666	143.9	143.94666666666666	143.94	143.9	143.90666666666667	143.94	144.00666666666666	144.04666666666665	143.94	143.93333333333334	143.9	143.98	143.95333333333335	143.90666666666667	143.92666666666668	144.01333333333332	143.97333333333333	143.96666666666667	143.9	143.98666666666668	143.92666666666668	144.0	143.88666666666666	144.00666666666666	144.02	143.9	143.89333333333335	143.86666666666667	143.96666666666667	143.94	144.06666666666666	143.88	143.88666666666666	144.02666666666667	143.90666666666667	143.78666666666666	143.52	142.48	136.47333333333333	0.0
0.0	136.43333333333334	142.46	143.73333333333332	143.94	143.99333333333334	144.00666666666666	143.96666666666667	144.01333333333332	144.02	143.97333333333333	143.98	143.94666666666666	143.92666666666668	144.08	143.98	143.96	143.90666666666667	143.94	144.12666666666667	144.06666666666666	144.07333333333332	143.96666666666667	144.02	143.96	144.01333333333332	143.98	143.94	144.12666666666667	143.94666666666666	143.86666666666667	143.98	143.94	143.94	144.04	144.05333333333334	143.94	143.99333333333334	144.16	144.01333333333332	143.98	144.06666666666666	144.01333333333332	143.98666666666668	144.1	144.01333333333332	143.98	143.98666666666668	143.96	144.06	144.04	144.13333333333333	144.04666666666665	144.00666666666666	143.88	144.00666666666666	144.04	144.06	143.95333333333335	144.06666666666666	143.92666666666668	144.08	144.13333333333333	144.1	144.10666666666665	143.95333333333335	143.96666666666667	143.96666666666667	143.84	143.66	142.48666666666668	136.8	0.0
0.0	136.7	142.55333333333334	143.57333333333332	143.81333333333333	143.91333333333333	143.84666666666666	143.94	143.93333333333334	143.87333333333333	143.97333333333333	143.96666666666667	143.97333333333333	143.96	143.91333333333333	143.92666666666668	144.0	144.02666666666667	144.09333333333333	144.06	144.04666666666665	143.92666666666668	143.91333333333333	143.86666666666667	144.05333333333334	143.94	143.90666666666667	144.12666666666667	143.88666666666666	143.86666666666667	143.88666666666666	143.88	144.01333333333332	144.06	143.88666666666666	143.96	143.96	144.08	143.97333333333333	144.02	143.88666666666666	143.95333333333335	144.02	143.93333333333334	143.94666666666666	144.02666666666667	143.9	143.98	143.99333333333334	143.99333333333334	144.04	143.91333333333333	143.98666666666668	143.93333333333334	143.86666666666667	143.88666666666666	143.99333333333334	143.86	143.93333333333334	143.95333333333335	143.98	143.94666666666666	143.94666666666666	143.94	143.99333333333334	144.02	143.98666666666668	144.01333333333332	143.81333333333333	143.64	142.54	136.56	0.0
0.0	136.03333333333333	142.4	143.65333333333334	143.96666666666667	143.96666666666667	144.1	143.96	144.12	144.03333333333333	143.92666666666668	144.06	144.00666666666666	144.06	143.87333333333333	144.04666666666665	143.98	143.97333333333333	144.05333333333334	144.02666666666667	143.98	144.02666666666667	143.98	144.05333333333334	144.0	143.97333333333333	144.12	143.98	144.0	143.95333333333335	144.04	144.02666666666667	144.01333333333332	143.96666666666667	144.07333333333332	144.04666666666665	143.98666666666668	144.08	143.98666666666668	143.95333333333335	144.12	144.11333333333334	143.92666666666668	144.0	144.04666666666665	144.02666666666667	144.11333333333334	144.02	144.12	143.98666666666668	144.02666666666667	144.18	144.08	143.97333333333333	144.06666666666666	144.10666666666665	144.10666666666665	144.06	144.03333333333333	144.02	144.0	143.98666666666668	143.96666666666667	143.98666666666668	144.04	144.04666666666665	143.99333333333334	144.06666666666666	143.84	143.54666666666665	142.51333333333332	136.54	0.0
0.0	136.40666666666667	142.44	143.54	143.81333333333333	143.90666666666667	143.94	143.87333333333333	143.92	143.99333333333334	143.96	143.95333333333335	143.85333333333332	143.92	143.95333333333335	143.92	143.93333333333334	143.89333333333335	143.88	143.88666666666666	143.96	143.89333333333335	143.90666666666667	144.06	143.97333333333333	144.00666666666666	143.96666666666667	144.0	144.01333333333332	143.9	143.94666666666666	143.9	143.89333333333335	143.92	143.98	143.98666666666668	143.90666666666667	144.04	143.95333333333335	143.90666666666667	143.94666666666666	144.0	143.78666666666666	143.97333333333333	143.98	143.86	144.06666666666666	143.98	144.01333333333332	144.00666666666666	143.96666666666667	143.91333333333333	144.02	143.89333333333335	143.97333333333333	143.86	143.96	143.98666666666668	143.92666666666668	143.96666666666667	143.93333333333334	144.0	143.98666666666668	144.04666666666665	143.93333333333334	143.94	143.93333333333334	143.96	143.80666666666667	143.56666666666666	142.5	136.46666666666667	0.0
0.0	136.36666666666667	142.38666666666666	143.6	143.83333333333334	143.9	144.02666666666667	143.86	143.9	144.08666666666667	143.98	144.00666666666666	144.00666666666666	143.94666666666666	144.0	143.93333333333334	143.92	144.02666666666667	143.89333333333335	143.94666666666666	143.94	143.92	143.94666666666666	143.87333333333333	143.93333333333334	144.01333333333332	143.89333333333335	143.94	143.95333333333335	143.91333333333333	143.92	143.97333333333333	143.96666666666667	143.89333333333335	143.97333333333333	143.98	143.98	143.93333333333334	143.90666666666667	143.81333333333333	143.99333333333334	143.89333333333335	144.03333333333333	143.99333333333334	143.91333333333333	143.96666666666667	143.90666666666667	143.84666666666666	143.86	143.96	143.90666666666667	143.88	143.98	143.86	143.96	144.0	143.94666666666666	143.94	144.01333333333332	144.04	143.96	143.9	143.84666666666666	143.92	143.96666666666667	143.93333333333334	143.88	143.97333333333333	143.86666666666667	143.52666666666667	142.34666666666666	136.50666666666666	0.0
0.0	136.17333333333335	142.50666666666666	143.6	144.0	144.05333333333334	143.92	143.94	143.93333333333334	144.02666666666667	144.05333333333334	143.94666666666666	144.00666666666666	143.92	144.0	144.02	144.02	144.01333333333332	143.94	143.83333333333334	144.01333333333332	143.9	143.86666666666667	143.9	144.08666666666667	144.05333333333334	143.97333333333333	143.98666666666668	144.02	143.93333333333334	143.96666666666667	144.07333333333332	144.01333333333332	144.01333333333332	144.01333333333332	143.94	143.92666666666668	143.92666666666668	144.01333333333332	143.89333333333335	143.96666666666667	144.01333333333332	143.92	144.00666666666666	144.09333333333333	144.04	144.01333333333332	143.96666666666667	143.92	143.95333333333335	144.07333333333332	143.90666666666667	143.95333333333335	143.91333333333333	143.96666666666667	144.06666666666666	144.08666666666667	144.07333333333332	143.95333333333335	143.94	144.05333333333334	143.92666666666668	143.92666666666668	143.98	144.02666666666667	144.02666666666667	144.04	143.96666666666667	143.85333333333332	143.76	142.58	136.71333333333334	0.0
0.0	136.36666666666667	142.41333333333333	143.62	143.82666666666665	143.97333333333333	143.96666666666667	143.89333333333335	143.9	143.9	143.92	143.93333333333334	143.91333333333333	143.88666666666666	144.03333333333333	143.96666666666667	143.96666666666667	144.03333333333333	143.92666666666668	143.94	143.98	143.96666666666667	143.81333333333333	143.96666666666667	144.0	143.92666666666668	143.88	143.97333333333333	143.98	143.96	143.88666666666666	143.98666666666668	143.98666666666668	143.98	143.99333333333334	143.92666666666668	143.95333333333335	143.87333333333333	144.04666666666665	143.9	144.02	143.86666666666667	143.99333333333334	144.0	144.05333333333334	143.99333333333334	143.92666666666668	143.96	143.98	143.94	144.08666666666667	143.96	144.03333333333333	143.92666666666668	143.94666666666666	143.90666666666667	144.03333333333333	143.96	143.94	143.83333333333334	144.0	144.00666666666666	144.04666666666665	143.96	143.98	143.98666666666668	143.99333333333334	143.94	143.87333333333333	143.6	142.54666666666665	136.34666666666666	0.0
0.0	136.69333333333333	142.46	143.64666666666668	143.88	143.99333333333334	143.82666666666665	143.96666666666667	143.95333333333335	143.88666666666666	143.87333333333333	143.94666666666666	144.05333333333334	143.92	143.98	144.03333333333333	144.05333333333334	143.88	143.94	143.98666666666668	143.97333333333333	143.91333333333333	144.0	143.98666666666668	144.0	144.02666666666667	144.02666666666667	143.98666666666668	144.06	143.94666666666666	143.97333333333333	143.94	143.92666666666668	143.96	143.92	143.9	143.88666666666666	143.92	143.89333333333335	143.89333333333335	143.94666666666666	143.95333333333335	143.98	143.96	143.95333333333335	144.05333333333334	144.00666666666666	143.95333333333335	143.99333333333334	143.97333333333333	143.88	143.99333333333334	143.9	143.92	143.87333333333333	143.85333333333332	143.96	144.0	143.94	143.86666666666667	144.01333333333332	143.94666666666666	143.8	143.88	143.88	143.95333333333335	143.86666666666667	143.9	143.88	143.52666666666667	142.46666666666667	136.70666666666668	0.0
0.0	136.5	142.66	143.78	143.84	143.92	143.96666666666667	143.96666666666667	143.96	143.92	143.99333333333334	143.91333333333333	144.08	143.96666666666667	143.94	143.94666666666666	144.02	143.98	144.03333333333333	144.05333333333334	143.94	144.06	143.92666666666668	143.85333333333332	143.95333333333335	143.99333333333334	144.0	143.97333333333333	143.96	143.96666666666667	143.90666666666667	144.01333333333332	143.99333333333334	144.05333333333334	143.98666666666668	143.90666666666667	143.94666666666666	143.98	144.03333333333333	143.94666666666666	144.03333333333333	144.06	144.0	143.96	143.95333333333335	143.99333333333334	144.09333333333333	143.92	143.98666666666668	144.03333333333333	144.01333333333332	143.92666666666668	143.98	144.08	143.92666666666668	143.96666666666667	143.96	144.02	144.04	144.0	143.97333333333333	143.94666666666666	143.94	143.99333333333334	143.98666666666668	144.0	144.06	143.88	143.84666666666666	143.68	142.6	136.64666666666668	0.0
0.0	136.5	142.52666666666667	143.74	144.05333333333334	144.06	144.05333333333334	144.08666666666667	144.11333333333334	144.03333333333333	144.04666666666665	144.04666666666665	144.04666666666665	144.04	144.12666666666667	144.07333333333332	144.25333333333333	144.06666666666666	144.12666666666667	144.06666666666666	144.12666666666667	144.17333333333335	144.18	144.10666666666665	144.22	144.06666666666666	144.02	144.01333333333332	144.02666666666667	143.97333333333333	144.02666666666667	144.07333333333332	144.08	144.02666666666667	144.09333333333333	144.08	144.12666666666667	144.08666666666667	144.12666666666667	143.98666666666668	144.10666666666665	144.11333333333334	144.10666666666665	144.05333333333334	144.01333333333332	144.04666666666665	144.01333333333332	144.05333333333334	144.10666666666665	144.04666666666665	144.08666666666667	144.06666666666666	144.10666666666665	144.16	144.07333333333332	144.08666666666667	144.1	144.06	144.07333333333332	144.02	144.04666666666665	144.18666666666667	144.12	144.11333333333334	144.06666666666666	144.1	144.17333333333335	144.04666666666665	143.98666666666668	143.66	142.56	136.5	0.0
0.0	136.54666666666665	142.55333333333334	143.78	144.06666666666666	144.12	144.17333333333335	144.05333333333334	144.06666666666666	144.15333333333334	144.18	144.16666666666666	144.16	144.15333333333334	144.17333333333335	144.11333333333334	144.16	143.98666666666668	144.02	144.13333333333333	144.07333333333332	144.14666666666668	144.1	144.06666666666666	144.09333333333333	144.12	144.22666666666666	144.12	143.98666666666668	144.06	144.04666666666665	144.11333333333334	144.08	144.02666666666667	144.01333333333332	144.0	144.05333333333334	144.11333333333334	144.06	144.07333333333332	144.04	144.08666666666667	144.22666666666666	144.06	144.02	144.1	144.06666666666666	144.07333333333332	144.01333333333332	144.04666666666665	144.01333333333332	144.02	144.08666666666667	144.10666666666665	144.10666666666665	144.13333333333333	144.07333333333332	144.14	144.12	144.07333333333332	144.09333333333333	144.04	144.05333333333334	144.02666666666667	143.97333333333333	144.13333333333333	143.94	144.00666666666666	143.97333333333333	143.67333333333335	142.58	136.64666666666668	0.0
0.0	136.16666666666666	142.52666666666667	143.78	144.03333333333333	144.04	144.07333333333332	144.04	144.12666666666667	144.07333333333332	144.1	144.16666666666666	144.1	144.15333333333334	144.04	144.15333333333334	144.14	144.14	144.08666666666667	144.08	144.08	144.02666666666667	144.02	144.07333333333332	144.06	144.14666666666668	144.12	144.1	144.08	144.02666666666667	144.07333333333332	144.15333333333334	144.02666666666667	144.11333333333334	144.14	144.10666666666665	144.16	144.08	144.12666666666667	144.14666666666668	144.06666666666666	144.14	144.12	144.13333333333333	144.1	144.08666666666667	144.08	144.08	144.09333333333333	144.16	144.07333333333332	144.08666666666667	144.06	144.04666666666665	144.06	144.12	144.17333333333335	144.04666666666665	144.2	144.16666666666666	144.12	144.12666666666667	144.17333333333335	144.14	144.13333333333333	144.02	144.12	144.10666666666665	144.02	143.73333333333332	142.67333333333335	136.36666666666667	0.0
0.0	136.34	142.72666666666666	143.74	143.93333333333334	144.07333333333332	143.98666666666668	143.96666666666667	144.07333333333332	143.95333333333335	144.00666666666666	143.98666666666668	144.07333333333332	144.02666666666667	144.06666666666666	144.02666666666667	144.05333333333334	144.09333333333333	144.01333333333332	143.98666666666668	144.08666666666667	144.04	143.98666666666668	144.1	144.03333333333333	144.11333333333334	144.03333333333333	144.13333333333333	144.04666666666665	144.12	144.02666666666667	144.06666666666666	144.04	144.03333333333333	144.05333333333334	144.06666666666666	144.07333333333332	144.06666666666666	143.94	144.06666666666666	144.12	144.12666666666667	144.11333333333334	143.94	143.92666666666668	143.97333333333333	143.93333333333334	144.06666666666666	143.97333333333333	143.98666666666668	144.1	144.08	144.04666666666665	143.99333333333334	143.96	144.02666666666667	143.93333333333334	143.94666666666666	144.08666666666667	144.05333333333334	144.08666666666667	144.03333333333333	144.09333333333333	144.06	144.05333333333334	144.0	144.10666666666665	144.08666666666667	143.96	143.63333333333333	142.40666666666667	136.17333333333335	0.0
0.0	136.25333333333333	142.33333333333334	143.48	143.84666666666666	143.98	144.07333333333332	143.95333333333335	143.96	143.99333333333334	143.96666666666667	144.01333333333332	144.0	143.96666666666667	143.98666666666668	143.96666666666667	144.02666666666667	144.02	144.08666666666667	144.06666666666666	144.1	144.06666666666666	144.07333333333332	143.94	143.98666666666668	144.04666666666665	143.94	144.02	143.98666666666668	143.97333333333333	144.0	144.0	143.96	144.0	144.0	143.99333333333334	143.97333333333333	144.00666666666666	143.99333333333334	143.92666666666668	143.94	143.93333333333334	143.99333333333334	143.94	143.91333333333333	143.97333333333333	143.92666666666668	143.99333333333334	144.08	143.9	143.93333333333334	143.97333333333333	143.87333333333333	143.88	144.02	144.02	143.95333333333335	143.94666666666666	144.03333333333333	144.13333333333333	144.02666666666667	143.94666666666666	144.0	143.92	144.01333333333332	143.96666666666667	143.95333333333335	143.93333333333334	143.88666666666666	143.72	142.51333333333332	136.75333333333333	0.0
0.0	136.94	142.57333333333332	143.63333333333333	143.92666666666668	143.96	143.95333333333335	143.98	143.92	144.04666666666665	144.08	144.05333333333334	144.07333333333332	144.03333333333333	144.08666666666667	144.00666666666666	144.04666666666665	143.93333333333334	144.0	143.99333333333334	144.02	143.97333333333333	143.91333333333333	143.97333333333333	143.97333333333333	143.96	144.04666666666665	143.94	144.04666666666665	144.01333333333332	143.83333333333334	143.97333333333333	143.99333333333334	143.92666666666668	143.94666666666666	144.08	144.02	144.04666666666665	144.02	143.93333333333334	143.96666666666667	144.06	143.98666666666668	143.98666666666668	143.98666666666668	144.08	144.00666666666666	143.92666666666668	143.94	144.04	143.88666666666666	144.01333333333332	144.1	144.06666666666666	143.92666666666668	144.02	143.98	144.04666666666665	144.01333333333332	144.0	144.05333333333334	144.02666666666667	144.0	144.05333333333334	144.06	144.00666666666666	144.06	144.06	143.91333333333333	143.75333333333333	142.53333333333333	136.7	0.0
0.0	136.26666666666668	142.46	143.54666666666665	143.89333333333335	143.86666666666667	143.95333333333335	143.96	143.97333333333333	143.91333333333333	143.9	143.91333333333333	143.92	143.96666666666667	143.92	143.92	144.00666666666666	143.95333333333335	143.91333333333333	143.92	144.01333333333332	143.93333333333334	143.98666666666668	143.97333333333333	143.97333333333333	143.92666666666668	143.98	143.94666666666666	143.96	143.93333333333334	143.91333333333333	143.89333333333335	143.93333333333334	143.98	143.90666666666667	143.90666666666667	143.96666666666667	143.95333333333335	144.00666666666666	143.84666666666666	143.82	143.86666666666667	144.04666666666665	143.9	143.84	143.85333333333332	143.88666666666666	143.84	143.84666666666666	143.96	143.92666666666668	143.99333333333334	143.93333333333334	143.90666666666667	143.89333333333335	143.88666666666666	143.96666666666667	143.86666666666667	143.85333333333332	144.00666666666666	143.9	143.83333333333334	143.88	143.87333333333333	143.97333333333333	143.94	143.84	143.90666666666667	143.84	143.60666666666665	142.44666666666666	136.34	0.0
0.0	136.10666666666665	142.58	143.55333333333334	143.64	143.68666666666667	143.74666666666667	143.89333333333335	143.92	143.94	143.86	143.83333333333334	143.86	143.80666666666667	143.92666666666668	143.82666666666665	143.89333333333335	143.86666666666667	143.86	143.78666666666666	143.98	143.9	143.87333333333333	143.95333333333335	143.86666666666667	143.88	143.78666666666666	143.98	143.87333333333333	143.95333333333335	143.91333333333333	143.84	143.80666666666667	143.7	143.82	143.84	143.89333333333335	143.84	143.8	143.73333333333332	143.82666666666665	143.92	143.74666666666667	143.94	143.92666666666668	143.81333333333333	143.88	143.94	143.91333333333333	143.89333333333335	143.86	143.86666666666667	143.86	143.77333333333334	143.85333333333332	143.82666666666665	143.80666666666667	143.86	143.88	143.98666666666668	143.88	143.73333333333332	143.77333333333334	143.84666666666666	143.97333333333333	143.8	143.82	143.88	143.80666666666667	143.46	142.54666666666665	136.48	0.0
0.0	136.19333333333333	142.35333333333332	143.60666666666665	143.84	143.86666666666667	143.85333333333332	143.97333333333333	143.83333333333334	143.78	143.91333333333333	143.83333333333334	143.76	143.88666666666666	143.84	143.84666666666666	143.88	143.94	143.91333333333333	143.90666666666667	143.9	143.81333333333333	143.92	143.89333333333335	143.88666666666666	143.92	143.78666666666666	143.86666666666667	143.95333333333335	143.92	143.89333333333335	143.89333333333335	143.98	144.00666666666666	143.94666666666666	143.91333333333333	144.02	143.86	143.90666666666667	143.92666666666668	143.86	143.81333333333333	143.9	143.89333333333335	143.82	143.89333333333335	143.95333333333335	143.89333333333335	143.85333333333332	143.93333333333334	143.99333333333334	144.06	143.93333333333334	143.82666666666665	143.81333333333333	143.84666666666666	143.92	143.98	143.90666666666667	143.84666666666666	143.88666666666666	143.82666666666665	143.91333333333333	144.00666666666666	143.93333333333334	143.92666666666668	143.89333333333335	143.90666666666667	143.77333333333334	143.48666666666668	142.49333333333334	136.44666666666666	0.0
0.0	136.37333333333333	142.62666666666667	143.81333333333333	143.80666666666667	143.9	144.03333333333333	144.03333333333333	143.98666666666668	143.99333333333334	144.04666666666665	144.02666666666667	144.01333333333332	144.02	143.94666666666666	144.0	144.06666666666666	144.09333333333333	143.99333333333334	143.98	144.03333333333333	144.08666666666667	144.07333333333332	143.99333333333334	144.02	143.96	144.01333333333332	144.00666666666666	144.08666666666667	143.96666666666667	144.1	144.1	144.08	144.05333333333334	144.03333333333333	144.14666666666668	144.04	144.08666666666667	143.98	144.0	144.10666666666665	144.06666666666666	144.05333333333334	143.97333333333333	143.96666666666667	144.01333333333332	144.10666666666665	144.08666666666667	143.97333333333333	144.12666666666667	144.12666666666667	144.04666666666665	143.98666666666668	144.0	144.02666666666667	144.02	144.04	143.94	144.04	144.12666666666667	143.99333333333334	144.04	144.09333333333333	144.06666666666666	144.02	144.06	143.95333333333335	143.95333333333335	143.94666666666666	143.72666666666666	142.61333333333334	136.72	0.0
0.0	136.56666666666666	142.5	143.57333333333332	143.84	143.88	143.86	143.87333333333333	143.83333333333334	143.93333333333334	143.81333333333333	143.97333333333333	144.06666666666666	143.97333333333333	143.93333333333334	144.01333333333332	143.95333333333335	143.95333333333335	143.88666666666666	143.94666666666666	143.93333333333334	143.97333333333333	143.96666666666667	143.96666666666667	143.90666666666667	144.00666666666666	143.85333333333332	143.94	143.92	143.91333333333333	143.91333333333333	143.92666666666668	143.88	143.86666666666667	143.95333333333335	143.92666666666668	143.95333333333335	144.0	143.93333333333334	144.02	144.02	144.08	143.82666666666665	143.90666666666667	143.98666666666668	143.97333333333333	144.01333333333332	143.96666666666667	143.98666666666668	143.95333333333335	144.02666666666667	143.94666666666666	143.95333333333335	143.88666666666666	143.85333333333332	143.86	143.86	143.9	143.96	143.89333333333335	143.88	143.88666666666666	143.90666666666667	143.96666666666667	143.92666666666668	143.96666666666667	143.81333333333333	143.97333333333333	143.92666666666668	143.68	142.38	136.56	0.0
0.0	136.58666666666667	142.60666666666665	143.70666666666668	143.82	143.86666666666667	143.99333333333334	144.00666666666666	143.96	144.05333333333334	144.08666666666667	144.08666666666667	144.04	144.02	143.92	144.02666666666667	143.93333333333334	144.07333333333332	144.06	144.02666666666667	144.01333333333332	143.98	143.94666666666666	144.10666666666665	143.93333333333334	144.00666666666666	144.02666666666667	144.04666666666665	144.05333333333334	144.04	143.99333333333334	144.00666666666666	144.02	144.04	144.02666666666667	143.90666666666667	143.9	143.98666666666668	143.88666666666666	143.98	143.96666666666667	143.96666666666667	144.02666666666667	143.86666666666667	144.08	144.05333333333334	144.0	143.97333333333333	143.94	144.00666666666666	143.98	144.06	143.90666666666667	144.02666666666667	144.05333333333334	144.01333333333332	144.09333333333333	143.96666666666667	144.04666666666665	143.96	143.94666666666666	143.95333333333335	143.94666666666666	144.01333333333332	143.94	143.93333333333334	144.04666666666665	144.01333333333332	143.92	143.68666666666667	142.45333333333335	136.28666666666666	0.0
0.0	136.63333333333333	142.45333333333335	143.54	143.78666666666666	143.92666666666668	143.98	143.96	143.9	144.00666666666666	144.01333333333332	143.88666666666666	143.93333333333334	144.0	144.07333333333332	143.95333333333335	143.98666666666668	144.01333333333332	143.9	143.95333333333335	144.06	143.96	143.96	144.0	144.00666666666666	143.92	144.02	143.96	143.99333333333334	143.95333333333335	144.09333333333333	143.98	143.99333333333334	144.08	144.02666666666667	144.01333333333332	144.01333333333332	143.98	144.0	143.94	144.02	144.06	143.98	144.08666666666667	143.88	144.06666666666666	144.04666666666665	143.99333333333334	144.04	144.06666666666666	143.98	144.04	143.93333333333334	143.96666666666667	144.04	144.03333333333333	144.01333333333332	144.02	144.04	144.00666666666666	143.98666666666668	144.08666666666667	144.11333333333334	144.04	144.00666666666666	144.00666666666666	143.96	143.9	143.97333333333333	143.64666666666668	142.52	136.44	0.0
0.0	136.76	142.64666666666668	143.75333333333333	143.99333333333334	144.0	144.02666666666667	144.09333333333333	144.06	144.06	144.02	144.06666666666666	144.08666666666667	144.14	144.1	144.1	144.04	144.08	144.11333333333334	144.02666666666667	144.10666666666665	144.14666666666668	144.16666666666666	144.16666666666666	144.06666666666666	143.99333333333334	144.10666666666665	144.02	144.0	144.07333333333332	144.10666666666665	144.09333333333333	144.12	144.08	144.16666666666666	144.14	144.09333333333333	144.01333333333332	144.07333333333332	144.08	144.04666666666665	144.02	144.01333333333332	144.08	143.99333333333334	144.01333333333332	144.02666666666667	144.08	143.97333333333333	143.99333333333334	144.06	144.15333333333334	144.08666666666667	144.02666666666667	144.12666666666667	144.02666666666667	144.08	144.08666666666667	144.06	143.98666666666668	144.02666666666667	144.07333333333332	144.05333333333334	144.07333333333332	144.06	144.13333333333333	144.03333333333333	144.05333333333334	143.88666666666666	143.82666666666665	142.83333333333334	136.64	0.0
0.0	136.60666666666665	142.5	143.8	144.02	144.07333333333332	144.08	144.1	144.10666666666665	143.99333333333334	144.08666666666667	144.23333333333332	144.13333333333333	144.06666666666666	144.15333333333334	144.08	144.07333333333332	144.02	144.18	144.10666666666665	144.22666666666666	144.22666666666666	144.14666666666668	144.22	144.05333333333334	144.06	144.08	144.14666666666668	144.05333333333334	144.14666666666668	144.20666666666668	144.12	144.06666666666666	144.05333333333334	144.15333333333334	144.18	144.10666666666665	144.04666666666665	144.05333333333334	144.17333333333335	144.02	144.12	144.07333333333332	144.05333333333334	144.0	144.10666666666665	144.12	144.14666666666668	144.16666666666666	144.11333333333334	144.10666666666665	143.97333333333333	144.19333333333333	144.04666666666665	144.11333333333334	144.16	144.09333333333333	144.03333333333333	144.13333333333333	144.17333333333335	144.08666666666667	144.22	144.02666666666667	144.04666666666665	144.04666666666665	144.04666666666665	144.10666666666665	144.00666666666666	143.90666666666667	143.6	142.64666666666668	136.5	0.0
0.0	136.30666666666667	142.52666666666667	143.69333333333333	143.97333333333333	144.11333333333334	144.16	144.06	144.18666666666667	144.05333333333334	143.97333333333333	144.06	144.1	144.04666666666665	144.1	144.1	144.08666666666667	144.10666666666665	144.12	144.06	144.02	144.06	144.06	144.09333333333333	144.08	144.03333333333333	144.07333333333332	144.07333333333332	144.10666666666665	144.01333333333332	143.94666666666666	143.96	144.06666666666666	144.05333333333334	144.03333333333333	144.10666666666665	144.03333333333333	143.98666666666668	144.16	144.12666666666667	144.07333333333332	144.13333333333333	144.0	144.06	144.06	144.06666666666666	144.08666666666667	144.14666666666668	144.07333333333332	144.17333333333335	144.07333333333332	144.16666666666666	144.02	144.19333333333333	144.19333333333333	144.06666666666666	144.05333333333334	144.04666666666665	144.09333333333333	143.99333333333334	144.06666666666666	144.08	144.04	144.0	144.1	144.06666666666666	144.09333333333333	144.04	143.88	143.77333333333334	142.87333333333333	136.63333333333333	0.0
0.0	136.32	142.8	143.63333333333333	143.84666666666666	144.01333333333332	143.98	144.06666666666666	144.02	144.03333333333333	144.0	144.04666666666665	144.0	144.1	144.04	144.04	144.03333333333333	143.99333333333334	144.10666666666665	144.04666666666665	144.01333333333332	144.05333333333334	143.89333333333335	143.86666666666667	144.08	144.07333333333332	144.05333333333334	144.06	144.06666666666666	143.96	144.0	143.96	144.00666666666666	144.05333333333334	144.02	144.02666666666667	144.14	144.06666666666666	144.06	144.06	144.01333333333332	144.09333333333333	144.16	144.06666666666666	143.99333333333334	144.0	143.98666666666668	144.04	144.1	144.08666666666667	144.12666666666667	144.14	144.01333333333332	144.03333333333333	144.09333333333333	144.12666666666667	144.0	144.04666666666665	144.02666666666667	144.07333333333332	144.06666666666666	144.02	144.05333333333334	144.13333333333333	144.01333333333332	144.02666666666667	144.01333333333332	143.98	144.13333333333333	143.72	142.57333333333332	136.04666666666665	0.0
0.0	136.98	142.62	143.67333333333335	144.01333333333332	143.97333333333333	144.07333333333332	144.08666666666667	143.98	144.08	143.97333333333333	144.02	144.04666666666665	144.06666666666666	144.02666666666667	144.06666666666666	144.09333333333333	143.99333333333334	143.96	143.97333333333333	144.03333333333333	144.08	144.18666666666667	144.04666666666665	144.06	144.12	144.00666666666666	144.04666666666665	144.12	143.97333333333333	144.0	144.10666666666665	144.12666666666667	144.1	143.97333333333333	144.09333333333333	144.0	143.98666666666668	144.10666666666665	144.02666666666667	144.11333333333334	144.04666666666665	144.1	144.07333333333332	144.05333333333334	144.08666666666667	144.12666666666667	144.1	144.10666666666665	144.13333333333333	144.13333333333333	144.1	144.15333333333334	144.12	144.05333333333334	143.96	144.14666666666668	144.1	144.08	144.06666666666666	144.02	144.05333333333334	143.99333333333334	144.06	143.90666666666667	143.98	144.17333333333335	144.14666666666668	143.89333333333335	143.65333333333334	142.58666666666667	136.82	0.0
0.0	136.20666666666668	142.4	143.71333333333334	143.96666666666667	144.05333333333334	143.98	144.02666666666667	144.1	143.98	144.08	144.11333333333334	144.0	144.04666666666665	144.16	144.04	144.04666666666665	144.05333333333334	144.00666666666666	144.03333333333333	144.0	143.96	144.01333333333332	144.04666666666665	143.94666666666666	144.03333333333333	144.0	143.98666666666668	144.05333333333334	144.06	144.07333333333332	144.18666666666667	144.08	143.98666666666668	143.98	144.08	144.11333333333334	143.95333333333335	144.00666666666666	144.04666666666665	144.03333333333333	144.01333333333332	144.07333333333332	144.15333333333334	144.02666666666667	144.06	144.02	143.98666666666668	144.04	143.98666666666668	144.04666666666665	144.03333333333333	143.99333333333334	143.98666666666668	144.1	144.04666666666665	143.95333333333335	144.04	144.1	144.09333333333333	144.01333333333332	144.02	144.03333333333333	144.04	144.08	143.99333333333334	144.05333333333334	143.92666666666668	143.88	143.64	142.47333333333333	136.34	0.0
0.0	136.28	142.36	143.59333333333333	143.86666666666667	143.93333333333334	144.04	144.14	144.08	144.08	144.08	144.06	144.12	144.03333333333333	144.04	144.0	144.06	144.01333333333332	144.12	144.0	144.00666666666666	144.07333333333332	143.9	143.94666666666666	144.06666666666666	144.1	144.12666666666667	144.03333333333333	144.01333333333332	144.08666666666667	143.98666666666668	144.04	144.00666666666666	143.97333333333333	144.08	144.08666666666667	144.07333333333332	144.04	143.99333333333334	143.99333333333334	144.0	143.98	143.97333333333333	144.1	144.0	143.98666666666668	144.0	144.0	144.04	144.1	144.12666666666667	144.06666666666666	143.97333333333333	143.99333333333334	144.05333333333334	143.98666666666668	144.01333333333332	143.99333333333334	144.04	144.03333333333333	144.02666666666667	144.0	143.96	143.98666666666668	144.01333333333332	144.06	144.07333333333332	143.97333333333333	143.87333333333333	143.69333333333333	142.35333333333332	136.14666666666668	0.0
0.0	136.48	142.32666666666665	143.60666666666665	143.81333333333333	143.98	143.96666666666667	143.97333333333333	144.1	144.05333333333334	143.96666666666667	143.92	143.96666666666667	143.9	143.96666666666667	144.0	143.89333333333335	143.91333333333333	143.96666666666667	144.07333333333332	143.96666666666667	144.02	143.97333333333333	143.84666666666666	144.00666666666666	143.90666666666667	144.04	143.98	144.10666666666665	143.97333333333333	143.93333333333334	143.94666666666666	143.93333333333334	143.98666666666668	144.12666666666667	143.93333333333334	144.04	144.02666666666667	143.96	143.91333333333333	144.10666666666665	144.02	144.07333333333332	143.93333333333334	144.0	143.92666666666668	143.97333333333333	143.85333333333332	143.92	144.09333333333333	144.05333333333334	144.13333333333333	144.01333333333332	143.96666666666667	143.96666666666667	143.94	143.96	143.96	144.07333333333332	144.02	144.01333333333332	143.92	143.86	143.92	143.95333333333335	144.05333333333334	144.04	143.94666666666666	143.93333333333334	143.64	142.48666666666668	136.75333333333333	0.0
0.0	136.53333333333333	142.54	143.59333333333333	143.91333333333333	143.98	143.96	144.07333333333332	144.00666666666666	144.02666666666667	144.06666666666666	144.03333333333333	143.92	144.02	144.0	143.96	143.97333333333333	144.02	144.05333333333334	144.04666666666665	143.94666666666666	143.99333333333334	144.0	143.96	144.02	144.02666666666667	143.98	144.05333333333334	144.04666666666665	144.08	144.02	143.99333333333334	144.0	143.95333333333335	144.06	144.0	144.01333333333332	144.12666666666667	144.02	143.98666666666668	144.07333333333332	143.92	143.96	144.0	143.94	143.96666666666667	143.98	144.10666666666665	143.95333333333335	144.1	143.99333333333334	144.05333333333334	144.06666666666666	144.02666666666667	144.05333333333334	144.1	143.94666666666666	144.01333333333332	144.12666666666667	144.05333333333334	144.06666666666666	144.07333333333332	143.97333333333333	143.96	144.02666666666667	144.19333333333333	144.08	143.94666666666666	143.97333333333333	143.83333333333334	142.56666666666666	136.36	0.0
0.0	136.58	142.54	143.59333333333333	143.9	144.05333333333334	143.99333333333334	144.1	144.12666666666667	144.08666666666667	144.04666666666665	144.01333333333332	144.03333333333333	143.96	144.00666666666666	144.12	144.02666666666667	144.00666666666666	144.04	143.98666666666668	144.07333333333332	144.11333333333334	143.97333333333333	144.03333333333333	144.08666666666667	143.92	144.0	144.06	144.05333333333334	144.00666666666666	144.09333333333333	144.10666666666665	143.94666666666666	144.04666666666665	144.17333333333335	144.02666666666667	144.12666666666667	144.04	144.02	144.05333333333334	144.04666666666665	144.07333333333332	143.96	144.06666666666666	144.00666666666666	143.89333333333335	144.04	143.99333333333334	144.06666666666666	144.05333333333334	143.95333333333335	144.04	143.94666666666666	143.97333333333333	144.01333333333332	143.97333333333333	144.09333333333333	144.04666666666665	144.0	144.10666666666665	144.03333333333333	143.97333333333333	144.1	143.98666666666668	143.96	143.97333333333333	143.99333333333334	144.05333333333334	143.92666666666668	143.65333333333334	142.57333333333332	136.4	0.0
0.0	136.55333333333334	142.33333333333334	143.54	143.98	143.85333333333332	143.86666666666667	143.96666666666667	144.04666666666665	143.99333333333334	144.1	144.04	143.93333333333334	143.99333333333334	143.92	143.92	143.93333333333334	144.0	144.0	143.98	143.98666666666668	143.92666666666668	143.94666666666666	143.97333333333333	144.02	143.90666666666667	143.97333333333333	143.90666666666667	143.93333333333334	143.87333333333333	143.95333333333335	143.98	143.94666666666666	143.88	143.93333333333334	143.86	143.88666666666666	143.95333333333335	143.95333333333335	143.95333333333335	143.89333333333335	143.92	143.86666666666667	144.00666666666666	143.98666666666668	144.00666666666666	144.00666666666666	144.03333333333333	143.84	143.84	143.9	144.03333333333333	144.04666666666665	143.97333333333333	144.06	144.01333333333332	143.9	144.04	143.94	143.92666666666668	143.86666666666667	144.08	143.88666666666666	144.02	143.92666666666668	143.97333333333333	144.04	143.90666666666667	143.8	143.73333333333332	142.44666666666666	136.46666666666667	0.0
0.0	136.70666666666668	142.43333333333334	143.58	143.76666666666668	144.08	144.01333333333332	143.94	144.02666666666667	143.95333333333335	143.97333333333333	144.1	143.96666666666667	144.01333333333332	144.02666666666667	144.08	143.97333333333333	143.88666666666666	143.97333333333333	144.03333333333333	143.92	144.03333333333333	144.0	144.06	144.04	144.14	144.14666666666668	144.08	144.04	144.08666666666667	143.96	143.98666666666668	144.02	144.06	144.0	144.07333333333332	144.02	144.0	143.96	143.98666666666668	144.08	143.91333333333333	143.97333333333333	144.01333333333332	143.96	143.99333333333334	144.01333333333332	144.02666666666667	144.06666666666666	144.1	144.06666666666666	144.0	144.1	144.00666666666666	144.11333333333334	144.02	143.99333333333334	144.01333333333332	144.01333333333332	144.00666666666666	144.04666666666665	144.07333333333332	143.94	143.97333333333333	144.06	144.08	144.03333333333333	144.02666666666667	143.94	143.53333333333333	142.48	136.31333333333333	0.0
0.0	136.40666666666667	142.42666666666668	143.52666666666667	143.87333333333333	143.93333333333334	144.04666666666665	143.95333333333335	144.06	143.96	144.04	143.96	144.07333333333332	144.12666666666667	144.0	143.98	144.04	144.04666666666665	144.03333333333333	144.02666666666667	144.08666666666667	143.93333333333334	144.1	144.04666666666665	143.95333333333335	143.95333333333335	144.00666666666666	143.90666666666667	143.99333333333334	143.94666666666666	144.00666666666666	144.02666666666667	143.98	143.92	144.0	143.93333333333334	143.98	144.03333333333333	143.94666666666666	144.01333333333332	143.96	144.04666666666665	143.98	144.08	143.92	144.00666666666666	144.0	144.01333333333332	144.13333333333333	143.96	143.94	143.94666666666666	143.99333333333334	143.91333333333333	143.99333333333334	144.10666666666665	143.92666666666668	144.06666666666666	144.02666666666667	143.98	144.00666666666666	143.98666666666668	143.94666666666666	143.92	143.96	143.93333333333334	144.00666666666666	143.88666666666666	143.91333333333333	143.72	142.6	136.32	0.0
0.0	136.16	142.57333333333332	143.74666666666667	143.92	144.06666666666666	144.10666666666665	144.12666666666667	144.13333333333333	144.04	144.22666666666666	144.09333333333333	144.13333333333333	144.12	144.02666666666667	144.12	144.08	144.09333333333333	144.17333333333335	144.09333333333333	144.07333333333332	144.05333333333334	144.1	144.10666666666665	143.99333333333334	144.1	144.14666666666668	144.07333333333332	144.04666666666665	144.08	144.11333333333334	144.1	143.97333333333333	144.0	143.99333333333334	144.05333333333334	144.06	144.06666666666666	144.12	144.06666666666666	144.1	144.04	144.09333333333333	144.10666666666665	144.07333333333332	144.15333333333334	144.06	144.01333333333332	144.11333333333334	143.99333333333334	144.08	144.04	144.04666666666665	144.02666666666667	144.14666666666668	144.03333333333333	144.11333333333334	144.21333333333334	144.16	144.24666666666667	144.11333333333334	144.1	144.05333333333334	144.11333333333334	144.08	144.05333333333334	144.04	144.02666666666667	143.94666666666666	143.8	142.48666666666668	136.24	0.0
0.0	136.56	142.44666666666666	143.61333333333334	143.86	144.03333333333333	143.96666666666667	144.02666666666667	144.07333333333332	143.90666666666667	143.96666666666667	143.98	144.1	144.01333333333332	143.98666666666668	144.07333333333332	143.96	144.04	144.12	144.06	144.05333333333334	143.96	144.09333333333333	144.1	144.05333333333334	143.99333333333334	143.98666666666668	143.96	143.96666666666667	144.06666666666666	144.02	144.02666666666667	143.97333333333333	144.00666666666666	144.06666666666666	144.05333333333334	144.06	144.06	144.04666666666665	144.05333333333334	144.04666666666665	144.02	144.02666666666667	144.1	144.12	144.06666666666666	144.08	144.04	143.94666666666666	144.03333333333333	144.01333333333332	144.06	144.04666666666665	143.98666666666668	144.1	144.04	144.07333333333332	143.99333333333334	144.14666666666668	144.09333333333333	144.16666666666666	144.16666666666666	143.94666666666666	143.94	143.94	143.98	144.05333333333334	144.08	143.97333333333333	143.64	142.51333333333332	136.58	0.0
0.0	136.55333333333334	142.85333333333332	143.81333333333333	144.11333333333334	144.01333333333332	144.10666666666665	144.12	144.18	144.12666666666667	144.17333333333335	144.06666666666666	144.12666666666667	144.12	144.12666666666667	144.02	144.10666666666665	144.09333333333333	144.16	144.28	144.13333333333333	144.08666666666667	144.15333333333334	144.15333333333334	144.2	144.12	144.21333333333334	144.16666666666666	144.15333333333334	144.12	144.12	144.22	144.10666666666665	144.1	144.14	144.13333333333333	144.16666666666666	144.18	144.08666666666667	144.14	144.15333333333334	144.14	144.22666666666666	144.05333333333334	144.08	144.26666666666668	144.22	144.10666666666665	144.18666666666667	144.16666666666666	144.12666666666667	144.17333333333335	144.10666666666665	144.13333333333333	144.18666666666667	144.19333333333333	144.14	144.19333333333333	144.2	144.12	144.04666666666665	144.17333333333335	144.16666666666666	144.12	144.14	144.08	144.10666666666665	144.2	144.08	143.66	142.66666666666666	136.53333333333333	0.0
0.0	136.46	142.51333333333332	143.66666666666666	143.88666666666666	143.99333333333334	143.87333333333333	143.89333333333335	143.96	143.99333333333334	143.97333333333333	143.92666666666668	143.94666666666666	143.96666666666667	143.92	144.13333333333333	143.98	143.95333333333335	144.08	143.94666666666666	144.0	143.91333333333333	144.03333333333333	144.03333333333333	144.01333333333332	143.94666666666666	143.96666666666667	144.02666666666667	143.96	143.98666666666668	143.98	144.01333333333332	144.03333333333333	144.04	143.94666666666666	144.0	143.92666666666668	144.02	144.06666666666666	144.08666666666667	144.04666666666665	144.00666666666666	144.02666666666667	144.0	144.01333333333332	143.95333333333335	143.96666666666667	144.04	144.0	143.92	143.91333333333333	143.96666666666667	143.92	144.05333333333334	143.97333333333333	144.06	144.08666666666667	144.09333333333333	143.81333333333333	143.98	144.03333333333333	143.99333333333334	144.12	144.07333333333332	143.99333333333334	144.10666666666665	143.94	144.03333333333333	143.85333333333332	143.62666666666667	142.53333333333333	136.35333333333332	0.0
0.0	136.29333333333332	142.4	143.57333333333332	143.85333333333332	143.99333333333334	144.02666666666667	143.99333333333334	143.96666666666667	144.01333333333332	143.93333333333334	143.98666666666668	143.96	143.92	143.98666666666668	143.88666666666666	143.89333333333335	143.91333333333333	143.88666666666666	143.90666666666667	143.95333333333335	143.99333333333334	143.94666666666666	143.92	143.98	143.88666666666666	143.98666666666668	143.91333333333333	143.90666666666667	143.90666666666667	143.88	143.98	143.98	144.00666666666666	144.12666666666667	143.96666666666667	144.05333333333334	143.92	143.95333333333335	143.90666666666667	143.91333333333333	143.87333333333333	143.98	143.97333333333333	143.98666666666668	143.98666666666668	144.09333333333333	143.93333333333334	143.92666666666668	143.96	143.97333333333333	144.02	144.02666666666667	143.98	143.96	144.02666666666667	143.92	143.98666666666668	143.98	143.97333333333333	143.99333333333334	144.04	143.91333333333333	143.96	143.94	143.90666666666667	143.94666666666666	144.0	143.92666666666668	143.46	142.51333333333332	136.23333333333332	0.0
0.0	136.35333333333332	142.72	143.64666666666668	143.86666666666667	143.98666666666668	144.06	143.97333333333333	144.03333333333333	144.0	143.94666666666666	144.00666666666666	143.99333333333334	143.93333333333334	143.96666666666667	144.0	143.90666666666667	143.88666666666666	143.93333333333334	144.04666666666665	144.15333333333334	144.02	143.93333333333334	143.94666666666666	143.93333333333334	144.01333333333332	143.91333333333333	143.96666666666667	143.96	144.05333333333334	143.98666666666668	143.97333333333333	143.95333333333335	144.05333333333334	144.04666666666665	143.94666666666666	143.96	144.00666666666666	144.08	144.0	143.98666666666668	144.00666666666666	143.92	143.88666666666666	144.06	143.86666666666667	144.02666666666667	143.97333333333333	143.94666666666666	143.99333333333334	144.05333333333334	144.08	143.92	143.92	144.02666666666667	144.03333333333333	144.03333333333333	144.02666666666667	144.04666666666665	144.08	143.94666666666666	144.06	144.00666666666666	144.0	144.02666666666667	143.93333333333334	144.04	144.06	143.79333333333332	143.56	142.36666666666667	136.39333333333335	0.0
0.0	136.18666666666667	142.57333333333332	143.74666666666667	143.99333333333334	144.12	144.12666666666667	144.16	144.03333333333333	144.06666666666666	144.14666666666668	144.10666666666665	144.14	144.13333333333333	144.07333333333332	144.22	144.13333333333333	144.13333333333333	144.18	144.24666666666667	143.99333333333334	144.08	144.13333333333333	144.22	144.16	144.14666666666668	144.14	144.07333333333332	144.10666666666665	144.16666666666666	144.26	144.08666666666667	144.09333333333333	144.16	144.08666666666667	144.12666666666667	144.15333333333334	144.10666666666665	144.28666666666666	144.18	144.09333333333333	144.02666666666667	144.1	144.1	144.08	144.12	144.05333333333334	144.06	144.08	144.19333333333333	144.13333333333333	144.02	144.18	144.2	144.07333333333332	144.13333333333333	144.04	144.07333333333332	143.97333333333333	144.12666666666667	144.03333333333333	144.08	144.04	144.12	144.20666666666668	143.96666666666667	144.02	144.17333333333335	143.94666666666666	143.67333333333335	142.47333333333333	136.28666666666666	0.0
0.0	136.64666666666668	142.52	143.64	143.91333333333333	144.07333333333332	143.99333333333334	144.24	144.08666666666667	143.93333333333334	143.98666666666668	144.12	143.95333333333335	143.92	144.06666666666666	144.08	144.04666666666665	144.00666666666666	144.08666666666667	144.06	143.99333333333334	144.04666666666665	144.06666666666666	144.06	143.99333333333334	143.98666666666668	143.97333333333333	144.01333333333332	143.95333333333335	143.97333333333333	143.93333333333334	143.91333333333333	144.07333333333332	144.04666666666665	143.94666666666666	144.10666666666665	144.12	143.99333333333334	143.94	144.03333333333333	144.06666666666666	143.94666666666666	144.06666666666666	144.07333333333332	144.05333333333334	144.00666666666666	143.94666666666666	143.94	143.98666666666668	144.07333333333332	143.95333333333335	144.05333333333334	143.88	144.00666666666666	144.00666666666666	143.91333333333333	143.98666666666668	144.04666666666665	143.97333333333333	143.95333333333335	143.93333333333334	144.02	144.03333333333333	143.99333333333334	143.99333333333334	144.05333333333334	143.91333333333333	143.98	143.96	143.68	142.52666666666667	136.68	0.0
0.0	136.63333333333333	142.65333333333334	143.74666666666667	144.02666666666667	143.96	144.06666666666666	144.12	144.09333333333333	144.08	144.15333333333334	144.15333333333334	144.13333333333333	144.12	144.08	144.06666666666666	143.99333333333334	144.07333333333332	144.12	144.22	144.18	144.12666666666667	144.12666666666667	144.06666666666666	144.20666666666668	144.1	143.92666666666668	144.14	144.14	144.14666666666668	144.1	143.92666666666668	144.20666666666668	144.06	144.12666666666667	144.02666666666667	144.14	144.10666666666665	144.21333333333334	144.08	144.14	144.13333333333333	144.16666666666666	144.12666666666667	144.15333333333334	144.08666666666667	144.16	144.04	144.06	144.16666666666666	144.06	144.07333333333332	144.09333333333333	144.15333333333334	144.06	144.09333333333333	144.15333333333334	144.10666666666665	144.13333333333333	144.21333333333334	144.2	144.12666666666667	144.04	144.12666666666667	144.14	144.03333333333333	144.12666666666667	144.06	144.0	143.72666666666666	142.72	136.51333333333332	0.0
0.0	136.18666666666667	142.52666666666667	143.62666666666667	143.93333333333334	143.88666666666666	143.96	144.01333333333332	144.09333333333333	143.98666666666668	143.97333333333333	144.08	144.03333333333333	144.14666666666668	143.98666666666668	143.96666666666667	144.08	144.07333333333332	144.07333333333332	144.15333333333334	144.03333333333333	144.06	143.92666666666668	144.01333333333332	144.01333333333332	144.02	144.06666666666666	144.02	143.97333333333333	143.96666666666667	144.0	144.01333333333332	143.95333333333335	143.94	143.92	144.02666666666667	143.98	144.08666666666667	143.96	143.96666666666667	144.12666666666667	143.98666666666668	144.04	143.94666666666666	143.96	144.04	144.09333333333333	144.00666666666666	144.17333333333335	144.04	143.96666666666667	144.0	144.02	143.98	143.91333333333333	144.00666666666666	144.01333333333332	144.02666666666667	144.09333333333333	144.08666666666667	144.17333333333335	144.04	144.02666666666667	143.97333333333333	144.04	144.1	143.99333333333334	144.0	143.78	143.74666666666667	142.66666666666666	136.40666666666667	0.0
0.0	136.37333333333333	142.59333333333333	143.71333333333334	144.01333333333332	144.00666666666666	144.16666666666666	144.12	144.05333333333334	144.18	144.10666666666665	144.02666666666667	144.28	144.12	144.08	144.04	144.1	144.11333333333334	144.02666666666667	144.06666666666666	144.11333333333334	144.00666666666666	144.19333333333333	144.20666666666668	144.18666666666667	144.15333333333334	144.04	144.06666666666666	144.06666666666666	144.12	144.09333333333333	144.08666666666667	144.00666666666666	144.2	144.11333333333334	144.21333333333334	144.12	144.06	144.04666666666665	144.08	144.08	144.07333333333332	144.12666666666667	144.08666666666667	144.12666666666667	144.12	144.08666666666667	144.12	144.20666666666668	144.08	144.14	144.06666666666666	144.14666666666668	144.22	144.1	144.06	144.00666666666666	144.03333333333333	144.13333333333333	144.12666666666667	144.06	144.06	144.00666666666666	144.11333333333334	144.16666666666666	144.18	144.12	144.06	143.99333333333334	143.75333333333333	142.60666666666665	136.66666666666666	0.0
0.0	136.65333333333334	142.40666666666667	143.67333333333335	143.77333333333334	144.08	143.95333333333335	144.07333333333332	144.05333333333334	144.02	143.91333333333333	144.02	143.97333333333333	144.02666666666667	144.06	144.01333333333332	143.96	143.97333333333333	144.04	144.00666666666666	144.04	144.0	143.90666666666667	144.03333333333333	143.96	143.94	143.96666666666667	144.13333333333333	144.16666666666666	144.08666666666667	143.92	143.98666666666668	144.06	144.0	143.98666666666668	144.08	144.06666666666666	143.99333333333334	144.04666666666665	143.94	143.98	144.01333333333332	143.88666666666666	143.90666666666667	144.12	144.10666666666665	144.10666666666665	144.08	144.08	143.99333333333334	144.02666666666667	144.12	144.09333333333333	143.92666666666668	143.96666666666667	143.99333333333334	144.06666666666666	144.06	144.07333333333332	144.03333333333333	143.96	144.02666666666667	143.96	143.96666666666667	143.94666666666666	143.96666666666667	143.98	143.94	143.92	143.7	142.51333333333332	136.39333333333335	0.0
0.0	136.5	142.80666666666667	143.66	143.96666666666667	144.04666666666665	144.00666666666666	144.00666666666666	144.01333333333332	144.02666666666667	143.96	144.04	143.98666666666668	143.98666666666668	144.08	144.0	143.91333333333333	143.97333333333333	144.03333333333333	144.03333333333333	144.14666666666668	144.03333333333333	144.04666666666665	144.10666666666665	143.92666666666668	144.04	144.0	144.03333333333333	144.03333333333333	144.15333333333334	144.06	144.08	144.04	144.06	143.96666666666667	144.11333333333334	144.06	144.09333333333333	143.96	144.07333333333332	144.04	143.94	143.98666666666668	144.02666666666667	144.06	143.96666666666667	144.0	143.9	143.97333333333333	144.02666666666667	144.01333333333332	143.89333333333335	144.07333333333332	144.06666666666666	143.92666666666668	144.10666666666665	144.02666666666667	144.01333333333332	143.98666666666668	144.04666666666665	144.02666666666667	143.98666666666668	144.04	143.92666666666668	143.94	143.94666666666666	144.01333333333332	143.97333333333333	143.9	143.66	142.38666666666666	136.29333333333332	0.0
0.0	136.61333333333334	142.51333333333332	143.66	143.89333333333335	143.96	143.97333333333333	143.98	144.04666666666665	144.06666666666666	144.04666666666665	144.08	144.00666666666666	143.95333333333335	143.94666666666666	143.97333333333333	144.0	143.97333333333333	143.90666666666667	143.95333333333335	143.82	144.04	144.02	143.97333333333333	143.98	143.94	143.99333333333334	143.95333333333335	143.95333333333335	143.95333333333335	144.01333333333332	144.03333333333333	143.92666666666668	143.98666666666668	143.96	144.01333333333332	144.00666666666666	144.09333333333333	143.96	143.98	144.02666666666667	144.02666666666667	143.99333333333334	144.02666666666667	144.01333333333332	143.94666666666666	143.99333333333334	143.96666666666667	144.04	144.02666666666667	144.16666666666666	143.98666666666668	144.03333333333333	144.04666666666665	144.04	143.99333333333334	143.95333333333335	143.98	143.95333333333335	143.99333333333334	144.08666666666667	144.03333333333333	143.96	144.06	144.0	144.04	143.98	143.97333333333333	143.94	143.60666666666665	142.36666666666667	136.52666666666667	0.0
0.0	136.64666666666668	142.74	143.80666666666667	143.95333333333335	144.06666666666666	144.12	144.05333333333334	144.15333333333334	144.07333333333332	144.09333333333333	144.12666666666667	144.04	144.22	144.05333333333334	144.19333333333333	144.13333333333333	144.06	144.11333333333334	144.09333333333333	144.21333333333334	144.27333333333334	144.19333333333333	144.08666666666667	144.16	144.10666666666665	144.16	144.14	144.1	144.09333333333333	144.16666666666666	144.11333333333334	144.13333333333333	144.14666666666668	144.08	144.14	144.1	144.13333333333333	144.05333333333334	144.06666666666666	144.16666666666666	144.13333333333333	144.14	144.11333333333334	144.12	144.12666666666667	144.16	144.12	144.15333333333334	144.16666666666666	144.21333333333334	144.06666666666666	144.06666666666666	144.16666666666666	144.08666666666667	144.2	144.18	144.17333333333335	144.04666666666665	144.04	144.10666666666665	144.09333333333333	144.04666666666665	144.14666666666668	144.16	144.06	144.13333333333333	143.98	144.02666666666667	143.78	142.68666666666667	136.64666666666668	0.0
0.0	136.19333333333333	142.46	143.64	143.98	143.94666666666666	144.04666666666665	144.06	143.94666666666666	143.96666666666667	143.92	144.03333333333333	144.05333333333334	143.98	143.97333333333333	144.1	144.05333333333334	143.99333333333334	144.04	144.10666666666665	143.98666666666668	144.11333333333334	144.08666666666667	144.03333333333333	143.96666666666667	144.04	143.93333333333334	144.07333333333332	144.16	144.10666666666665	143.97333333333333	144.02	144.07333333333332	143.84666666666666	143.95333333333335	144.04	144.08666666666667	144.03333333333333	144.00666666666666	143.92	144.02666666666667	144.1	143.97333333333333	144.01333333333332	144.08666666666667	144.00666666666666	144.02666666666667	144.14	144.04666666666665	143.96666666666667	143.94666666666666	144.08	143.99333333333334	144.04666666666665	144.06666666666666	144.04	143.94666666666666	144.06	144.05333333333334	144.08	143.98	144.02666666666667	144.06	143.94666666666666	144.02	144.04666666666665	144.10666666666665	144.08	143.96	143.70666666666668	142.56666666666666	136.42666666666668	0.0
0.0	136.44666666666666	142.57333333333332	143.61333333333334	143.95333333333335	144.12666666666667	144.06	144.22	143.99333333333334	144.15333333333334	143.98	144.02	144.14	144.16666666666666	144.1	144.08	144.08	144.19333333333333	144.10666666666665	144.09333333333333	144.19333333333333	144.10666666666665	144.04666666666665	144.15333333333334	144.1	144.08	144.00666666666666	144.1	144.17333333333335	144.16	144.18666666666667	144.16666666666666	144.1	144.10666666666665	144.10666666666665	144.09333333333333	144.09333333333333	144.15333333333334	144.04	143.97333333333333	144.09333333333333	144.15333333333334	144.16666666666666	144.16	144.12	144.06666666666666	144.17333333333335	144.1	144.09333333333333	144.14666666666668	144.05333333333334	144.10666666666665	144.08666666666667	144.06666666666666	144.1	144.08	144.06666666666666	143.99333333333334	144.13333333333333	144.16666666666666	144.08	144.11333333333334	144.05333333333334	144.07333333333332	144.14666666666668	144.18	144.09333333333333	144.12666666666667	143.96	143.71333333333334	142.42666666666668	136.44	0.0
0.0	136.12666666666667	142.66	143.75333333333333	144.00666666666666	143.96666666666667	144.06	144.14	144.03333333333333	144.09333333333333	144.08666666666667	144.08	143.99333333333334	143.94666666666666	144.03333333333333	144.1	144.01333333333332	144.0	144.03333333333333	143.96666666666667	143.98	144.01333333333332	144.02666666666667	144.12666666666667	144.04	144.02666666666667	144.09333333333333	143.96666666666667	144.06	144.06666666666666	143.91333333333333	144.12666666666667	144.02666666666667	143.98666666666668	143.98	144.05333333333334	144.09333333333333	143.98666666666668	144.02666666666667	144.00666666666666	144.12	144.14666666666668	144.06	144.02	144.12	144.00666666666666	144.10666666666665	144.01333333333332	144.08666666666667	144.11333333333334	144.02666666666667	143.96666666666667	143.96	144.04	144.1	144.00666666666666	144.02	144.06	144.05333333333334	144.01333333333332	143.96666666666667	144.02666666666667	144.07333333333332	144.02	144.00666666666666	143.95333333333335	143.94	144.02	143.87333333333333	143.82	142.61333333333334	136.4	0.0
0.0	136.26	142.42666666666668	143.5	143.81333333333333	144.04666666666665	143.94666666666666	143.93333333333334	143.98666666666668	143.90666666666667	143.86	144.03333333333333	144.0	144.02	143.91333333333333	144.0	144.04666666666665	143.98666666666668	143.94	144.06666666666666	143.88666666666666	143.92666666666668	144.03333333333333	144.02666666666667	143.93333333333334	143.99333333333334	143.97333333333333	144.1	143.97333333333333	143.90666666666667	143.92	143.96	143.94666666666666	143.92666666666668	143.97333333333333	144.06	143.95333333333335	144.01333333333332	144.00666666666666	144.10666666666665	143.97333333333333	143.97333333333333	143.96666666666667	144.00666666666666	143.96666666666667	143.92666666666668	143.99333333333334	143.93333333333334	144.02666666666667	143.97333333333333	144.0	144.03333333333333	144.13333333333333	144.12	143.98666666666668	143.94666666666666	144.02666666666667	143.96666666666667	143.99333333333334	143.93333333333334	144.04666666666665	144.01333333333332	143.96666666666667	143.96666666666667	143.92666666666668	143.94	143.96	144.0	143.98	143.61333333333334	142.48666666666668	136.7	0.0
0.0	136.36666666666667	142.41333333333333	143.56	143.85333333333332	143.89333333333335	143.99333333333334	144.03333333333333	143.98	143.95333333333335	144.04	144.05333333333334	144.02666666666667	144.04	143.96	143.96666666666667	144.07333333333332	144.04	143.98666666666668	143.96666666666667	144.02	143.93333333333334	143.95333333333335	143.85333333333332	143.84	143.85333333333332	143.97333333333333	143.87333333333333	143.88666666666666	143.96	144.02	143.96	143.98666666666668	143.90666666666667	144.02	143.99333333333334	143.97333333333333	144.06666666666666	143.95333333333335	144.07333333333332	143.95333333333335	143.92	144.02	144.06666666666666	143.92	144.06	144.08666666666667	143.99333333333334	144.04	144.01333333333332	143.97333333333333	143.87333333333333	143.93333333333334	143.95333333333335	144.02666666666667	143.92	143.98666666666668	144.0	143.95333333333335	143.89333333333335	143.99333333333334	143.91333333333333	144.02666666666667	143.97333333333333	143.95333333333335	143.96666666666667	144.09333333333333	144.01333333333332	143.85333333333332	143.66666666666666	142.52666666666667	136.54	0.0
0.0	136.64	142.57333333333332	143.64	143.84	143.90666666666667	144.00666666666666	144.0	144.08	143.87333333333333	143.92	143.91333333333333	143.94666666666666	144.04	144.0	143.94666666666666	143.95333333333335	143.88666666666666	143.92	144.03333333333333	143.94666666666666	143.89333333333335	143.93333333333334	143.82666666666665	143.93333333333334	143.92666666666668	144.0	144.02666666666667	143.92666666666668	143.94666666666666	144.00666666666666	143.98666666666668	144.03333333333333	143.94	143.89333333333335	143.92666666666668	144.02	143.99333333333334	144.0	144.00666666666666	143.96666666666667	143.97333333333333	144.02666666666667	144.0	143.9	143.94666666666666	143.98	143.96666666666667	143.92666666666668	143.86666666666667	143.90666666666667	143.96666666666667	143.95333333333335	143.91333333333333	144.00666666666666	144.12666666666667	143.94666666666666	143.96	144.05333333333334	143.99333333333334	144.07333333333332	143.94666666666666	143.86	144.03333333333333	143.95333333333335	143.9	143.86666666666667	143.98666666666668	143.92	143.66	142.46	136.35333333333332	0.0
0.0	136.60666666666665	142.4	143.56666666666666	143.90666666666667	143.98666666666668	143.94	143.87333333333333	144.04666666666665	143.86	143.9	143.97333333333333	143.93333333333334	143.90666666666667	144.02666666666667	144.0	143.98	143.88666666666666	143.94	144.0	143.92666666666668	143.96	144.00666666666666	143.85333333333332	143.92666666666668	143.94	143.86666666666667	143.92	143.90666666666667	143.89333333333335	143.94	144.04	143.99333333333334	143.92	143.90666666666667	143.96	143.81333333333333	143.84	143.88666666666666	143.96	143.89333333333335	143.9	143.94	144.00666666666666	143.98666666666668	143.95333333333335	143.87333333333333	143.84666666666666	144.0	143.98	144.00666666666666	143.93333333333334	143.99333333333334	143.96	143.92666666666668	143.94666666666666	143.92	143.89333333333335	144.01333333333332	143.98666666666668	144.04666666666665	144.01333333333332	143.86	143.92	143.96	143.97333333333333	143.99333333333334	143.85333333333332	143.80666666666667	143.46	142.48666666666668	136.22666666666666	0.0
0.0	136.7	142.61333333333334	143.82666666666665	144.0	143.97333333333333	144.02	144.02666666666667	144.1	144.06	144.09333333333333	144.10666666666665	144.03333333333333	143.97333333333333	144.03333333333333	144.00666666666666	144.08666666666667	144.04	144.0	144.08666666666667	144.17333333333335	144.08	144.06666666666666	144.10666666666665	143.99333333333334	144.08	143.94666666666666	144.04	144.05333333333334	144.06	144.09333333333333	144.03333333333333	144.06	144.06666666666666	144.12	144.03333333333333	144.04	144.08666666666667	143.99333333333334	144.09333333333333	144.14	144.06	144.18	144.09333333333333	144.02666666666667	143.93333333333334	143.99333333333334	144.01333333333332	144.08666666666667	144.16	144.1	144.16	144.05333333333334	144.09333333333333	144.11333333333334	144.08666666666667	144.04666666666665	144.15333333333334	144.02666666666667	144.14666666666668	144.06	144.1	143.94666666666666	144.07333333333332	144.03333333333333	144.09333333333333	143.92666666666668	144.05333333333334	144.02	143.74	142.44666666666666	136.34666666666666	0.0
0.0	136.36666666666667	142.48666666666668	143.86666666666667	144.12666666666667	144.12666666666667	144.04666666666665	144.14	144.05333333333334	144.12666666666667	144.24666666666667	144.05333333333334	144.11333333333334	144.14666666666668	144.06666666666666	144.10666666666665	144.04	144.08	144.17333333333335	144.13333333333333	144.18666666666667	144.11333333333334	144.06666666666666	144.08	144.06666666666666	144.17333333333335	144.04666666666665	144.13333333333333	144.16	144.12666666666667	144.11333333333334	144.06	144.12666666666667	144.16	144.09333333333333	144.00666666666666	144.22	144.04666666666665	144.17333333333335	144.13333333333333	144.02	144.16666666666666	144.06	143.98666666666668	144.10666666666665	144.14	144.12	144.18	144.08	143.99333333333334	144.04	144.2	144.08	144.04666666666665	144.04666666666665	144.13333333333333	144.16666666666666	144.08	144.15333333333334	144.08666666666667	144.16666666666666	144.1	144.15333333333334	144.11333333333334	144.08666666666667	144.13333333333333	144.1	144.10666666666665	143.88	143.74666666666667	142.63333333333333	136.61333333333334	0.0
0.0	136.6	142.59333333333333	143.68666666666667	144.12	144.04	144.05333333333334	144.06	144.10666666666665	144.08	144.16666666666666	144.13333333333333	144.1	143.99333333333334	144.00666666666666	144.09333333333333	144.07333333333332	144.10666666666665	144.04666666666665	144.03333333333333	144.03333333333333	144.03333333333333	143.96	144.1	144.16666666666666	144.06666666666666	144.17333333333335	144.14666666666668	144.12666666666667	144.10666666666665	144.09333333333333	144.07333333333332	144.14	144.0	144.06	144.04666666666665	144.06	144.05333333333334	144.04	144.12	144.06666666666666	144.06	144.06666666666666	144.09333333333333	144.03333333333333	144.08666666666667	144.08	144.07333333333332	144.08	144.06	144.04666666666665	144.02666666666667	144.21333333333334	144.14	144.10666666666665	144.08	144.11333333333334	144.13333333333333	144.08	144.08	144.14666666666668	144.1	144.14	144.01333333333332	144.08	144.06666666666666	144.14	144.0	143.92	143.72666666666666	142.47333333333333	136.18666666666667	0.0
0.0	136.47333333333333	142.50666666666666	143.82666666666665	143.90666666666667	144.00666666666666	144.1	143.98	144.07333333333332	144.07333333333332	144.06666666666666	143.97333333333333	144.06666666666666	143.99333333333334	144.07333333333332	144.06666666666666	143.93333333333334	144.10666666666665	143.98	144.02666666666667	143.98	144.08	144.04	144.07333333333332	143.92	143.94666666666666	143.98	144.01333333333332	144.1	143.94	144.07333333333332	143.98666666666668	144.04666666666665	144.09333333333333	144.03333333333333	144.04	144.08	144.00666666666666	144.12	144.09333333333333	144.14	144.05333333333334	144.13333333333333	144.04	144.01333333333332	144.04666666666665	143.99333333333334	144.06	144.0	144.06666666666666	143.98	144.06	143.97333333333333	143.95333333333335	143.98	144.09333333333333	143.98	143.98	143.96666666666667	144.00666666666666	144.01333333333332	143.98	144.06666666666666	143.95333333333335	143.98666666666668	143.92666666666668	143.96	143.93333333333334	143.87333333333333	143.68666666666667	142.49333333333334	136.44	0.0
0.0	136.38	142.35333333333332	143.7	143.93333333333334	144.02	144.06666666666666	143.95333333333335	144.01333333333332	144.06	144.12666666666667	144.10666666666665	143.99333333333334	143.98666666666668	144.05333333333334	143.98666666666668	143.98	143.92666666666668	144.02666666666667	143.93333333333334	143.86666666666667	144.06666666666666	143.96666666666667	144.10666666666665	143.96	144.02	143.96	143.97333333333333	144.1	143.99333333333334	143.96666666666667	144.05333333333334	144.04666666666665	144.0	144.02666666666667	143.98	144.08	144.0	144.08	144.06	143.99333333333334	143.92	144.02	144.00666666666666	144.05333333333334	143.99333333333334	143.95333333333335	144.05333333333334	143.98666666666668	143.92666666666668	144.0	143.97333333333333	143.96666666666667	144.07333333333332	144.14666666666668	144.00666666666666	144.10666666666665	144.0	144.01333333333332	144.06	143.88666666666666	143.96666666666667	144.06	143.9	143.97333333333333	144.05333333333334	144.04	143.9	143.88666666666666	143.59333333333333	142.24666666666667	136.11333333333334	0.0
0.0	136.8	142.52	143.65333333333334	143.99333333333334	144.05333333333334	144.07333333333332	143.99333333333334	144.00666666666666	144.07333333333332	144.16	144.09333333333333	144.15333333333334	144.03333333333333	144.02	143.96666666666667	144.04666666666665	144.09333333333333	144.12	144.06	144.07333333333332	144.1	144.07333333333332	144.06	144.13333333333333	144.13333333333333	144.13333333333333	144.10666666666665	144.0	144.06666666666666	144.03333333333333	144.06	144.16	144.13333333333333	144.11333333333334	144.00666666666666	144.12666666666667	144.13333333333333	144.11333333333334	144.16666666666666	144.06666666666666	144.04666666666665	144.04	144.08666666666667	144.02666666666667	144.02666666666667	144.06	144.02666666666667	144.17333333333335	144.09333333333333	144.02	144.01333333333332	143.97333333333333	144.1	144.09333333333333	144.08	144.10666666666665	144.04666666666665	144.04	144.12	144.01333333333332	144.03333333333333	144.04	144.12666666666667	144.08666666666667	144.03333333333333	143.94666666666666	144.02	143.92666666666668	143.65333333333334	142.54666666666665	136.41333333333333	0.0
0.0	136.22	142.55333333333334	143.74666666666667	143.85333333333332	143.98666666666668	144.13333333333333	144.02666666666667	143.94	144.08666666666667	144.08	143.97333333333333	144.13333333333333	144.10666666666665	144.07333333333332	144.12	144.1	144.05333333333334	144.04666666666665	144.02	144.02666666666667	144.04	144.04666666666665	144.06666666666666	144.02	144.04	144.12666666666667	144.08666666666667	144.08	144.04666666666665	144.02	143.98666666666668	143.98666666666668	144.06	144.03333333333333	144.04666666666665	144.02	144.00666666666666	144.04	143.98666666666668	144.06666666666666	143.96666666666667	144.02666666666667	144.06	144.05333333333334	143.98666666666668	144.08666666666667	144.13333333333333	144.09333333333333	144.04	144.14	144.02666666666667	144.06	144.14	144.14666666666668	144.1	144.08	144.04	144.03333333333333	143.96	144.08	144.13333333333333	144.07333333333332	143.94	144.15333333333334	143.96666666666667	144.05333333333334	143.99333333333334	143.96	143.66	142.64666666666668	136.5	0.0
0.0	136.36	142.64	143.72666666666666	143.92	143.96	144.06	144.17333333333335	144.02	144.04666666666665	144.06	143.98	144.02	144.05333333333334	143.96	144.06	144.07333333333332	143.94	144.04	143.97333333333333	144.04666666666665	144.06	144.06666666666666	144.04666666666665	144.14	144.12666666666667	143.95333333333335	144.04	144.04666666666665	144.08	144.15333333333334	144.00666666666666	143.96666666666667	144.07333333333332	144.1	143.96666666666667	144.11333333333334	144.05333333333334	144.10666666666665	144.07333333333332	144.07333333333332	144.17333333333335	144.08	144.06666666666666	144.15333333333334	144.18	144.03333333333333	144.06666666666666	144.02	144.04666666666665	144.08	144.05333333333334	143.92666666666668	144.02	144.11333333333334	144.04	144.00666666666666	144.12	144.06	144.03333333333333	144.04	144.02	144.06666666666666	144.10666666666665	144.03333333333333	144.02	144.04666666666665	143.93333333333334	143.92	143.6	142.52	136.12	0.0
0.0	136.82	142.72	143.67333333333335	143.94	144.01333333333332	144.01333333333332	144.06	144.06	144.1	143.96	144.0	144.05333333333334	144.06	144.09333333333333	144.00666666666666	143.98	144.10666666666665	144.06	144.02666666666667	144.09333333333333	144.05333333333334	144.04	144.03333333333333	144.1	144.06666666666666	144.12666666666667	143.94666666666666	143.99333333333334	144.05333333333334	144.08	144.14	144.12	144.08666666666667	144.05333333333334	144.12	144.06	144.01333333333332	144.14666666666668	144.04	143.99333333333334	144.04666666666665	144.07333333333332	144.21333333333334	144.03333333333333	144.05333333333334	144.12	144.18666666666667	144.09333333333333	144.09333333333333	144.05333333333334	144.01333333333332	144.0	144.08	144.02	144.11333333333334	144.03333333333333	143.99333333333334	144.08666666666667	144.19333333333333	144.07333333333332	144.06	144.02	144.12666666666667	144.04666666666665	143.98666666666668	144.11333333333334	143.98666666666668	143.91333333333333	143.72666666666666	142.56	136.86666666666667	0.0
0.0	136.15333333333334	142.51333333333332	143.69333333333333	143.96666666666667	144.06	143.99333333333334	144.11333333333334	143.97333333333333	144.04666666666665	143.92	144.05333333333334	144.04666666666665	144.12	144.11333333333334	144.08	144.06	144.01333333333332	143.98	144.04666666666665	144.1	144.10666666666665	144.14	143.99333333333334	144.11333333333334	143.97333333333333	144.04	144.12	144.02666666666667	144.05333333333334	144.04666666666665	144.02666666666667	144.11333333333334	144.01333333333332	144.04	144.1	144.03333333333333	144.02	144.14	144.05333333333334	144.07333333333332	144.02	144.07333333333332	144.01333333333332	144.03333333333333	144.0	144.0	144.07333333333332	144.08	143.96666666666667	144.08666666666667	144.06666666666666	144.08	144.23333333333332	144.06666666666666	144.03333333333333	144.00666666666666	144.08666666666667	143.98666666666668	144.09333333333333	144.10666666666665	144.06666666666666	144.00666666666666	144.05333333333334	144.05333333333334	144.06	143.98666666666668	144.1	143.91333333333333	143.85333333333332	142.6	136.35333333333332	0.0
0.0	136.42666666666668	142.50666666666666	143.65333333333334	144.02666666666667	144.0	144.06666666666666	144.09333333333333	144.12666666666667	144.16666666666666	144.17333333333335	144.15333333333334	144.11333333333334	144.11333333333334	144.04666666666665	144.07333333333332	144.10666666666665	143.99333333333334	144.11333333333334	144.07333333333332	144.03333333333333	144.12666666666667	144.10666666666665	144.1	144.15333333333334	144.05333333333334	144.00666666666666	144.02666666666667	144.06	144.11333333333334	144.08666666666667	144.08666666666667	143.91333333333333	144.01333333333332	144.06	144.14	144.01333333333332	144.15333333333334	144.06666666666666	144.10666666666665	144.16	144.12	144.08	144.08666666666667	144.04	144.14666666666668	144.05333333333334	144.17333333333335	144.23333333333332	144.24	144.1	143.99333333333334	144.12666666666667	144.12	144.08666666666667	144.14666666666668	144.18666666666667	144.04	143.96666666666667	144.14	144.22666666666666	144.07333333333332	144.06666666666666	144.14666666666668	144.06	144.21333333333334	144.10666666666665	144.14666666666668	143.94	143.61333333333334	142.48666666666668	136.48666666666668	0.0
0.0	136.42666666666668	142.86	143.78666666666666	143.97333333333333	144.07333333333332	144.02	143.94	144.02	143.93333333333334	144.12	144.11333333333334	144.06666666666666	143.96	144.00666666666666	144.13333333333333	144.08	144.06	144.03333333333333	144.06666666666666	144.04666666666665	144.09333333333333	144.02666666666667	144.08	144.01333333333332	144.02666666666667	144.10666666666665	144.00666666666666	144.03333333333333	144.04	143.95333333333335	143.98666666666668	144.00666666666666	144.06666666666666	143.99333333333334	144.09333333333333	144.07333333333332	144.05333333333334	144.01333333333332	143.97333333333333	144.01333333333332	143.96666666666667	144.02	144.14	144.08	144.03333333333333	144.10666666666665	144.07333333333332	143.98666666666668	144.01333333333332	144.02666666666667	144.11333333333334	143.98666666666668	143.98	144.07333333333332	144.02	144.05333333333334	144.09333333333333	144.06666666666666	144.01333333333332	144.06	143.96	144.09333333333333	144.04	143.97333333333333	144.06	144.05333333333334	144.02666666666667	143.9	143.7	142.66666666666666	136.17333333333335	0.0
0.0	136.32	142.46	143.6	143.95333333333335	143.94666666666666	143.90666666666667	144.1	144.02	143.97333333333333	144.02666666666667	144.04666666666665	144.00666666666666	144.04	144.03333333333333	144.03333333333333	143.96666666666667	143.96666666666667	143.9	143.98	144.08666666666667	143.98	144.05333333333334	144.04	143.91333333333333	144.04666666666665	144.13333333333333	144.10666666666665	143.96	143.98666666666668	144.04666666666665	143.97333333333333	144.04666666666665	144.08	143.98666666666668	144.04	144.0	144.06666666666666	144.06666666666666	143.97333333333333	144.01333333333332	144.00666666666666	143.95333333333335	143.91333333333333	144.07333333333332	144.10666666666665	144.05333333333334	144.06666666666666	143.96666666666667	144.05333333333334	144.02	143.97333333333333	144.07333333333332	144.04	144.03333333333333	144.12	144.06	144.06	144.12	143.92666666666668	143.93333333333334	143.94	144.07333333333332	144.17333333333335	144.10666666666665	144.11333333333334	143.93333333333334	144.00666666666666	143.87333333333333	143.74	142.48666666666668	136.42666666666668	0.0
0.0	136.64	142.64666666666668	143.72	143.87333333333333	143.96	144.0	143.93333333333334	143.98	144.0	143.84666666666666	143.88	143.88	143.86	143.93333333333334	143.98	143.9	143.91333333333333	144.04666666666665	144.05333333333334	143.91333333333333	144.02	143.86666666666667	144.00666666666666	143.97333333333333	143.92	144.0	143.91333333333333	143.86	143.94666666666666	143.97333333333333	143.97333333333333	144.02	143.95333333333335	143.98666666666668	143.88666666666666	143.81333333333333	144.02	143.86666666666667	143.91333333333333	143.85333333333332	143.99333333333334	143.91333333333333	143.88	144.02666666666667	143.95333333333335	143.93333333333334	143.9	143.92	144.0	143.85333333333332	143.97333333333333	143.99333333333334	143.93333333333334	143.98	143.94	143.92	143.89333333333335	144.03333333333333	144.0	143.94666666666666	143.92666666666668	143.92	143.94	144.04	144.04666666666665	143.88666666666666	144.02666666666667	143.86	143.52	142.64666666666668	136.38666666666666	0.0
0.0	136.44666666666666	142.66666666666666	143.6	143.86	143.91333333333333	143.87333333333333	143.9	143.96666666666667	143.92	143.89333333333335	143.85333333333332	143.9	143.9	143.98666666666668	143.79333333333332	143.92666666666668	143.96	143.95333333333335	143.91333333333333	143.91333333333333	143.84666666666666	143.95333333333335	143.96	143.96666666666667	143.91333333333333	143.99333333333334	144.0	143.86666666666667	144.02	143.89333333333335	143.98	143.95333333333335	143.86666666666667	143.92	143.85333333333332	143.82666666666665	143.86666666666667	143.86666666666667	143.82	143.98	143.90666666666667	143.96666666666667	143.95333333333335	143.9	143.92666666666668	143.94666666666666	143.77333333333334	143.85333333333332	143.94	143.84	143.88666666666666	143.93333333333334	143.90666666666667	143.96666666666667	143.87333333333333	143.92666666666668	143.92666666666668	143.90666666666667	143.90666666666667	143.89333333333335	143.96	143.91333333333333	143.96	143.93333333333334	143.86	143.88666666666666	143.88	143.78	143.49333333333334	142.50666666666666	136.66	0.0
0.0	135.67333333333335	142.48	143.78	144.04	144.05333333333334	144.1	144.21333333333334	144.1	144.16666666666666	144.00666666666666	144.08666666666667	144.14666666666668	144.16	144.10666666666665	144.16	144.06	144.18	144.23333333333332	144.21333333333334	144.1	144.25333333333333	144.24	144.15333333333334	144.13333333333333	144.12	144.28666666666666	144.24	144.14666666666668	144.14666666666668	144.11333333333334	144.08666666666667	144.09333333333333	144.1	144.19333333333333	144.1	144.16666666666666	144.18	144.05333333333334	144.1	144.06666666666666	144.26	144.14666666666668	144.09333333333333	144.16	144.12666666666667	144.1	144.06666666666666	144.17333333333335	144.15333333333334	143.98666666666668	144.16	144.12	144.12	144.16666666666666	144.11333333333334	144.08	144.14	144.06666666666666	144.13333333333333	144.18666666666667	144.21333333333334	144.2	144.09333333333333	144.13333333333333	144.11333333333334	144.16	144.16666666666666	144.08	143.81333333333333	142.62666666666667	136.18666666666667	0.0
0.0	136.67333333333335	142.65333333333334	143.59333333333333	143.78666666666666	143.86	143.84	143.92666666666668	143.91333333333333	143.92666666666668	143.91333333333333	144.01333333333332	144.03333333333333	143.96	143.9	143.90666666666667	143.9	143.90666666666667	143.89333333333335	143.89333333333335	143.92	143.99333333333334	143.99333333333334	143.83333333333334	143.88	144.07333333333332	144.03333333333333	143.9	143.89333333333335	143.97333333333333	143.9	143.96666666666667	143.95333333333335	143.9	143.96	143.96	143.86	144.02666666666667	143.98	143.88666666666666	143.96	143.96	144.10666666666665	143.88666666666666	143.82666666666665	143.92666666666668	143.9	143.9	143.92666666666668	143.95333333333335	143.86666666666667	143.94666666666666	143.84666666666666	143.86666666666667	143.83333333333334	143.95333333333335	143.9	144.02666666666667	143.82	143.94	143.88	143.92666666666668	143.97333333333333	144.04666666666665	144.01333333333332	144.03333333333333	143.94666666666666	143.86666666666667	143.87333333333333	143.68	142.28	136.40666666666667	0.0
0.0	136.61333333333334	142.66666666666666	143.78666666666666	144.08	144.02666666666667	144.0	144.02	143.94	144.02	143.98	143.95333333333335	144.06	143.96666666666667	144.04666666666665	144.13333333333333	144.00666666666666	144.04666666666665	143.98	144.02	144.02	144.03333333333333	144.1	143.92	144.0	144.10666666666665	144.12666666666667	144.04	144.14666666666668	144.01333333333332	144.18	144.08	144.04666666666665	144.09333333333333	144.0	143.94	143.90666666666667	144.0	144.04666666666665	143.95333333333335	144.07333333333332	144.01333333333332	143.97333333333333	144.02	144.01333333333332	144.02666666666667	144.05333333333334	144.04	143.96	144.02666666666667	144.06	144.0	144.04	144.1	144.04	144.08666666666667	144.02	143.95333333333335	144.04666666666665	143.92666666666668	143.98666666666668	144.02666666666667	143.88666666666666	143.94666666666666	143.97333333333333	144.06	144.0	144.03333333333333	143.93333333333334	143.7	142.64	136.86	0.0
0.0	136.17333333333335	142.48666666666668	143.66	143.97333333333333	144.02	144.06666666666666	144.1	144.13333333333333	144.02	144.04666666666665	144.02	144.09333333333333	144.13333333333333	144.12666666666667	144.08666666666667	144.11333333333334	144.09333333333333	144.09333333333333	144.14	144.11333333333334	144.07333333333332	144.02666666666667	143.95333333333335	144.08	144.08666666666667	144.06666666666666	144.09333333333333	144.12	144.04666666666665	144.04	144.16	144.03333333333333	144.08666666666667	144.06	144.02666666666667	144.06	144.08666666666667	144.04	144.04666666666665	144.04666666666665	144.00666666666666	144.04	143.96	144.12	144.02	144.1	144.09333333333333	144.09333333333333	144.10666666666665	143.98	144.14	144.19333333333333	144.11333333333334	144.04	144.04	144.09333333333333	144.02666666666667	144.02666666666667	144.08	144.08	144.06	144.06	144.08666666666667	144.11333333333334	144.08	144.06666666666666	144.08666666666667	144.08666666666667	143.80666666666667	142.50666666666666	136.38666666666666	0.0
0.0	136.73333333333332	142.67333333333335	143.67333333333335	143.95333333333335	143.94	144.00666666666666	143.98	143.9	143.99333333333334	144.01333333333332	144.00666666666666	144.01333333333332	144.0	143.9	143.96666666666667	143.94	143.97333333333333	144.04666666666665	144.03333333333333	143.89333333333335	143.93333333333334	144.12666666666667	143.99333333333334	144.0	144.01333333333332	143.97333333333333	144.02	143.96666666666667	144.05333333333334	143.96	143.86666666666667	143.92	144.03333333333333	144.11333333333334	143.97333333333333	144.02666666666667	144.06666666666666	143.95333333333335	143.98	143.98666666666668	143.98	144.00666666666666	143.92666666666668	143.99333333333334	143.95333333333335	144.01333333333332	143.89333333333335	143.95333333333335	143.9	143.96	144.08	143.92666666666668	143.92666666666668	143.96666666666667	144.02	143.97333333333333	143.94	144.02	144.0	143.92	143.99333333333334	143.96666666666667	144.03333333333333	144.14	143.96666666666667	144.09333333333333	143.98	143.9	143.54	142.45333333333335	137.02666666666667	0.0
0.0	136.47333333333333	142.50666666666666	143.77333333333334	144.01333333333332	143.97333333333333	144.14666666666668	144.16	144.10666666666665	144.06666666666666	144.23333333333332	144.08	144.10666666666665	144.10666666666665	144.2	144.14666666666668	144.11333333333334	144.00666666666666	144.08666666666667	144.1	144.06666666666666	144.14	144.17333333333335	144.29333333333332	144.16	144.07333333333332	144.18	144.12	144.12	144.16	144.03333333333333	144.14666666666668	144.11333333333334	144.05333333333334	144.04	144.06666666666666	144.09333333333333	144.20666666666668	144.08	144.11333333333334	144.11333333333334	144.16	144.11333333333334	144.14666666666668	144.14	144.12	144.06666666666666	144.04	144.16	144.06	144.10666666666665	144.01333333333332	144.10666666666665	144.22	144.10666666666665	144.18666666666667	144.06	144.03333333333333	144.11333333333334	144.14666666666668	144.14666666666668	144.06	144.2	144.01333333333332	144.06666666666666	144.13333333333333	144.04	144.02	144.08	143.66	142.73333333333332	136.66666666666666	0.0
0.0	136.43333333333334	142.5	143.62	143.83333333333334	143.85333333333332	144.03333333333333	143.98	143.88666666666666	143.88	143.92	143.92	143.94	143.92666666666668	144.02	143.90666666666667	143.91333333333333	144.00666666666666	143.92	143.94	143.96666666666667	143.90666666666667	143.99333333333334	143.92666666666668	144.01333333333332	143.93333333333334	143.95333333333335	143.93333333333334	144.05333333333334	143.94666666666666	143.94666666666666	143.87333333333333	143.95333333333335	143.96	143.82666666666665	143.89333333333335	143.88666666666666	143.95333333333335	143.94	143.94	143.91333333333333	143.88666666666666	143.93333333333334	144.00666666666666	143.93333333333334	143.94	143.88666666666666	143.91333333333333	143.96	144.1	144.08666666666667	143.94666666666666	143.92	143.96	143.98666666666668	144.02666666666667	143.87333333333333	143.93333333333334	143.98	143.9	143.88666666666666	143.94	143.94666666666666	143.92666666666668	143.85333333333332	144.01333333333332	143.96	143.84666666666666	143.79333333333332	143.60666666666665	142.35333333333332	136.53333333333333	0.0
0.0	136.45333333333335	142.36	143.62	143.98	144.03333333333333	144.05333333333334	144.07333333333332	144.01333333333332	143.98666666666668	144.08	144.07333333333332	144.08666666666667	143.99333333333334	144.0	144.06	144.05333333333334	143.93333333333334	144.02666666666667	143.99333333333334	144.01333333333332	144.12	144.01333333333332	144.05333333333334	144.0	144.1	144.04666666666665	144.06	144.10666666666665	144.16666666666666	143.98	144.08666666666667	143.95333333333335	144.11333333333334	143.94666666666666	144.01333333333332	144.06	144.06666666666666	144.08	143.98666666666668	143.99333333333334	143.93333333333334	144.04666666666665	144.02	143.99333333333334	144.03333333333333	144.04666666666665	144.00666666666666	144.14	144.04666666666665	144.08	143.96666666666667	144.11333333333334	144.06666666666666	144.04	144.07333333333332	144.08666666666667	144.04666666666665	143.96666666666667	143.96	144.02666666666667	144.02	143.96	144.1	144.02	144.10666666666665	144.02666666666667	144.01333333333332	143.94666666666666	143.66666666666666	142.70666666666668	136.43333333333334	0.0
0.0	136.63333333333333	142.64	143.65333333333334	143.99333333333334	144.16	144.06	144.10666666666665	144.00666666666666	144.01333333333332	144.10666666666665	144.06	144.11333333333334	143.99333333333334	144.08	144.03333333333333	144.02666666666667	144.00666666666666	144.07333333333332	144.06666666666666	143.98	144.0	144.1	144.1	144.18666666666667	144.06666666666666	144.1	144.05333333333334	144.02666666666667	143.99333333333334	144.05333333333334	143.98666666666668	143.96	144.08	144.07333333333332	144.12666666666667	144.04	143.93333333333334	144.0	144.12666666666667	144.04666666666665	144.02	143.97333333333333	144.06	144.02	144.00666666666666	144.04666666666665	144.02666666666667	144.00666666666666	144.08666666666667	143.96	144.07333333333332	144.08	144.01333333333332	143.99333333333334	144.03333333333333	144.03333333333333	143.94666666666666	143.97333333333333	143.96666666666667	144.00666666666666	143.97333333333333	144.12	144.0	143.91333333333333	143.97333333333333	144.04666666666665	144.06	144.06666666666666	143.7	142.60666666666665	136.49333333333334	0.0
0.0	136.39333333333335	142.62	143.56	143.86666666666667	143.92666666666668	144.13333333333333	144.18	144.07333333333332	144.06	144.12	144.12	144.04	144.08666666666667	144.0	144.12	143.91333333333333	144.07333333333332	144.03333333333333	143.97333333333333	143.95333333333335	144.02	144.06	144.01333333333332	144.02666666666667	144.05333333333334	144.13333333333333	144.09333333333333	144.03333333333333	144.05333333333334	143.98666666666668	144.0	144.04666666666665	144.0	144.19333333333333	144.01333333333332	144.15333333333334	144.03333333333333	144.06666666666666	144.18	144.08	144.08666666666667	144.0	144.0	144.09333333333333	144.13333333333333	144.03333333333333	144.03333333333333	144.04666666666665	144.05333333333334	144.12666666666667	144.12	144.11333333333334	144.0	144.08666666666667	144.09333333333333	143.96666666666667	144.02	143.91333333333333	144.04666666666665	144.14666666666668	144.07333333333332	144.06666666666666	144.13333333333333	144.16	143.94	144.06666666666666	143.92	143.88666666666666	143.83333333333334	142.56	136.36666666666667	0.0
0.0	136.61333333333334	142.69333333333333	143.71333333333334	143.90666666666667	144.02666666666667	144.08	144.00666666666666	143.99333333333334	143.95333333333335	143.93333333333334	144.0	143.99333333333334	144.05333333333334	144.04666666666665	144.02666666666667	144.02666666666667	144.0	144.03333333333333	144.06	144.08	144.02	143.96	144.0	144.07333333333332	144.08666666666667	144.02666666666667	144.02	144.10666666666665	144.02666666666667	144.05333333333334	143.94666666666666	143.96666666666667	144.03333333333333	144.04666666666665	144.05333333333334	143.99333333333334	144.13333333333333	144.01333333333332	143.99333333333334	144.06666666666666	144.11333333333334	143.93333333333334	144.05333333333334	144.02666666666667	144.01333333333332	144.04	144.08	143.99333333333334	143.97333333333333	143.97333333333333	143.98666666666668	144.04666666666665	144.08	144.04666666666665	144.06	144.0	143.97333333333333	144.12	144.08	144.14666666666668	144.0	144.0	143.94666666666666	144.03333333333333	144.11333333333334	144.14	144.08666666666667	143.88	143.68	142.56	136.57333333333332	0.0
0.0	136.34666666666666	142.66	143.62666666666667	143.92	144.06666666666666	143.86666666666667	143.96	143.90666666666667	143.91333333333333	143.94	143.90666666666667	143.93333333333334	143.97333333333333	144.04	143.96	144.07333333333332	144.0	144.07333333333332	143.93333333333334	143.92	143.96	144.11333333333334	143.95333333333335	143.92	144.02	144.0	144.07333333333332	143.98	144.0	144.00666666666666	144.01333333333332	143.95333333333335	143.99333333333334	144.08	144.02	144.00666666666666	143.89333333333335	143.94666666666666	143.98	144.01333333333332	143.96666666666667	144.00666666666666	144.02666666666667	144.01333333333332	143.91333333333333	144.01333333333332	143.97333333333333	143.9	144.00666666666666	144.08666666666667	144.02	143.91333333333333	143.98	143.98666666666668	144.00666666666666	143.99333333333334	144.04666666666665	143.98	144.08	143.91333333333333	144.00666666666666	143.94	144.00666666666666	144.06	144.1	144.00666666666666	143.98	143.94666666666666	143.51333333333332	142.41333333333333	136.26666666666668	0.0
0.0	136.46	142.4	143.50666666666666	143.82	143.84666666666666	143.94	143.89333333333335	143.91333333333333	143.9	143.88	144.03333333333333	143.90666666666667	143.88	143.85333333333332	143.95333333333335	143.9	143.98	143.92666666666668	143.88	143.88	143.98666666666668	143.96666666666667	143.94	144.02	143.89333333333335	143.78	143.96	143.84666666666666	143.96666666666667	143.85333333333332	143.88666666666666	143.90666666666667	143.86	143.85333333333332	143.94	143.89333333333335	143.84666666666666	144.06	143.94	143.91333333333333	143.99333333333334	144.01333333333332	143.92	143.87333333333333	143.86	143.97333333333333	143.88	143.88666666666666	143.98666666666668	143.99333333333334	143.94666666666666	144.07333333333332	143.92666666666668	143.95333333333335	143.86666666666667	143.98	144.04666666666665	143.96	143.97333333333333	143.98	143.90666666666667	143.95333333333335	143.87333333333333	143.86666666666667	143.87333333333333	143.98	143.95333333333335	143.8	143.59333333333333	142.44	136.42	0.0
0.0	136.62666666666667	142.40666666666667	143.5	143.82	143.86	143.94	144.04	143.88	143.92666666666668	144.09333333333333	143.87333333333333	143.88	143.86	143.93333333333334	143.92	143.98666666666668	143.95333333333335	143.85333333333332	143.9	144.03333333333333	143.95333333333335	144.06	143.84	143.93333333333334	143.93333333333334	143.89333333333335	143.86666666666667	143.93333333333334	144.1	143.94	144.11333333333334	143.85333333333332	143.96	143.84666666666666	143.82666666666665	143.87333333333333	143.94666666666666	143.92666666666668	143.88	143.93333333333334	143.86666666666667	143.96666666666667	143.91333333333333	143.91333333333333	143.92	143.99333333333334	143.91333333333333	143.94	143.85333333333332	143.94	143.96666666666667	144.04	143.98666666666668	143.76	143.94	143.85333333333332	143.90666666666667	143.85333333333332	143.98	143.97333333333333	143.86666666666667	143.94	143.84666666666666	144.02666666666667	143.87333333333333	143.83333333333334	143.79333333333332	143.73333333333332	143.63333333333333	142.34	136.48666666666668	0.0
0.0	136.60666666666665	142.54666666666665	143.65333333333334	143.9	144.04666666666665	144.00666666666666	143.96	143.98666666666668	144.12666666666667	143.96	144.08	143.96	143.98666666666668	144.03333333333333	144.18	144.04	144.02	144.02666666666667	144.03333333333333	144.03333333333333	144.07333333333332	143.98666666666668	144.09333333333333	143.98666666666668	144.10666666666665	143.97333333333333	144.01333333333332	144.15333333333334	144.08	144.04666666666665	144.02	144.04	143.97333333333333	144.04666666666665	144.03333333333333	144.02	144.01333333333332	144.08666666666667	144.00666666666666	143.96666666666667	144.06	144.02	144.06	144.08	144.06666666666666	144.10666666666665	144.02	144.0	144.06666666666666	143.97333333333333	144.00666666666666	144.05333333333334	144.04666666666665	144.12	143.92	143.99333333333334	143.98	143.95333333333335	143.94666666666666	143.98666666666668	144.08	144.07333333333332	144.08	144.00666666666666	144.04	144.11333333333334	143.95333333333335	143.91333333333333	143.75333333333333	142.36	136.19333333333333	0.0
0.0	136.62	142.52	143.6	143.94	144.04	143.92666666666668	143.98666666666668	144.03333333333333	144.10666666666665	144.15333333333334	143.93333333333334	143.98	143.95333333333335	143.90666666666667	144.04666666666665	143.90666666666667	143.91333333333333	144.12	144.04	144.0	144.1	144.0	143.97333333333333	144.06666666666666	144.1	144.01333333333332	143.96666666666667	143.96666666666667	144.00666666666666	143.99333333333334	144.07333333333332	144.13333333333333	144.11333333333334	144.00666666666666	144.02666666666667	144.02	144.09333333333333	144.04	144.09333333333333	144.05333333333334	143.89333333333335	143.92666666666668	143.92666666666668	143.99333333333334	143.92666666666668	143.98	144.06	144.03333333333333	144.03333333333333	144.08666666666667	144.04	144.06666666666666	143.98	144.01333333333332	143.94666666666666	144.00666666666666	144.12666666666667	144.02	144.06666666666666	143.98666666666668	144.04666666666665	144.02666666666667	143.98	143.84	144.01333333333332	144.02	143.95333333333335	143.84	143.61333333333334	142.32666666666665	136.38	0.0
0.0	136.09333333333333	142.28666666666666	143.62666666666667	143.9	143.95333333333335	144.04	144.04	144.12666666666667	144.08666666666667	144.02666666666667	143.98	144.01333333333332	144.02	144.05333333333334	144.04	144.00666666666666	144.08	144.02666666666667	143.96666666666667	143.97333333333333	143.98666666666668	144.09333333333333	143.9	144.02	143.95333333333335	144.16666666666666	144.11333333333334	144.02666666666667	143.95333333333335	144.0	144.11333333333334	144.12	144.16666666666666	144.05333333333334	144.14	144.03333333333333	144.13333333333333	144.09333333333333	144.08666666666667	144.10666666666665	144.08666666666667	143.99333333333334	144.02666666666667	144.11333333333334	144.17333333333335	143.98666666666668	144.0	144.03333333333333	144.04	143.96666666666667	144.12666666666667	144.00666666666666	144.08	143.96666666666667	144.06666666666666	144.10666666666665	144.06666666666666	144.08	144.05333333333334	144.02	143.88666666666666	143.96666666666667	144.01333333333332	144.02	143.94	143.96	144.01333333333332	143.94666666666666	143.66666666666666	142.33333333333334	136.35333333333332	0.0
0.0	136.74	142.61333333333334	143.74666666666667	143.9	144.02666666666667	143.97333333333333	144.08666666666667	144.0	143.99333333333334	144.06666666666666	143.99333333333334	144.08	143.99333333333334	143.93333333333334	143.95333333333335	144.09333333333333	144.03333333333333	144.06	144.01333333333332	144.04	144.04666666666665	143.97333333333333	144.02666666666667	144.09333333333333	144.06	144.01333333333332	143.94	144.03333333333333	144.00666666666666	144.08666666666667	144.07333333333332	144.11333333333334	143.88666666666666	144.08666666666667	143.99333333333334	144.02666666666667	144.04666666666665	144.05333333333334	144.01333333333332	143.96666666666667	144.04666666666665	143.96666666666667	144.06666666666666	144.06666666666666	143.96666666666667	143.94	143.91333333333333	144.01333333333332	144.04	144.01333333333332	144.12666666666667	144.06666666666666	144.02666666666667	143.97333333333333	144.08	144.05333333333334	144.12	144.02666666666667	144.04	144.02666666666667	144.13333333333333	144.08	143.98	143.92	144.02	143.99333333333334	144.14	143.92666666666668	143.60666666666665	142.31333333333333	136.46	0.0
0.0	136.34666666666666	142.6	143.74666666666667	144.03333333333333	144.07333333333332	144.11333333333334	144.08666666666667	144.06666666666666	144.01333333333332	144.10666666666665	144.08	144.17333333333335	144.10666666666665	144.02	144.1	144.13333333333333	144.07333333333332	144.12	144.03333333333333	143.96	143.89333333333335	144.11333333333334	144.14666666666668	144.10666666666665	144.06666666666666	144.16	144.1	144.08666666666667	144.08	144.14	144.05333333333334	144.08666666666667	144.14666666666668	144.08	143.98	144.04	144.02666666666667	143.95333333333335	144.08666666666667	144.04	144.05333333333334	144.12	144.06	144.02666666666667	144.11333333333334	144.14666666666668	144.24666666666667	144.13333333333333	144.07333333333332	144.04	144.14	144.04666666666665	144.00666666666666	144.09333333333333	144.07333333333332	144.13333333333333	144.12	144.15333333333334	144.06666666666666	144.14666666666668	144.04666666666665	144.1	144.06666666666666	144.07333333333332	144.04666666666665	144.12	143.99333333333334	143.99333333333334	143.74	142.51333333333332	136.05333333333334	0.0
0.0	136.6	142.6	143.71333333333334	143.78	143.9	144.03333333333333	144.04666666666665	143.99333333333334	143.89333333333335	144.00666666666666	144.00666666666666	144.02666666666667	144.03333333333333	144.08	143.94666666666666	144.04	144.0	144.00666666666666	144.0	143.93333333333334	143.97333333333333	143.98	143.97333333333333	143.99333333333334	144.04	143.98666666666668	144.06	144.00666666666666	144.01333333333332	144.0	144.02666666666667	143.95333333333335	143.92666666666668	144.01333333333332	143.98666666666668	143.86	143.97333333333333	144.11333333333334	144.0	143.93333333333334	144.04666666666665	143.96	143.92	144.07333333333332	143.88	143.92666666666668	143.92	144.00666666666666	144.08	143.99333333333334	144.04	143.95333333333335	144.01333333333332	144.10666666666665	143.96666666666667	144.06	143.99333333333334	144.06	144.2	143.94666666666666	144.03333333333333	143.97333333333333	144.00666666666666	144.01333333333332	144.02666666666667	143.97333333333333	144.02	143.94	143.62666666666667	142.36	136.53333333333333	0.0
0.0	136.7	142.6	143.59333333333333	143.84	144.0	144.04666666666665	143.92666666666668	144.0	144.02	144.04666666666665	144.12	144.09333333333333	144.20666666666668	144.07333333333332	144.08	144.12	144.10666666666665	144.16	144.04666666666665	144.00666666666666	144.07333333333332	144.02	143.98	143.94	144.01333333333332	144.02	144.01333333333332	144.06666666666666	144.09333333333333	144.07333333333332	144.12	144.06666666666666	144.08	144.03333333333333	143.96666666666667	144.03333333333333	144.10666666666665	143.97333333333333	143.98666666666668	144.02666666666667	144.11333333333334	144.08666666666667	144.09333333333333	144.12	144.08	144.03333333333333	144.14666666666668	144.05333333333334	144.0	144.02	144.02	143.92666666666668	143.98	144.06	143.98666666666668	144.14666666666668	144.00666666666666	143.98666666666668	143.98666666666668	144.00666666666666	144.01333333333332	144.00666666666666	143.93333333333334	144.00666666666666	143.99333333333334	144.03333333333333	143.96666666666667	143.80666666666667	143.62	142.4	136.26666666666668	0.0
0.0	136.14	142.46666666666667	143.68666666666667	143.98666666666668	144.05333333333334	144.14666666666668	144.07333333333332	144.03333333333333	144.09333333333333	144.10666666666665	144.08	143.98666666666668	144.01333333333332	143.99333333333334	144.18	144.02	143.97333333333333	144.01333333333332	144.02666666666667	143.95333333333335	144.08666666666667	144.16	144.06666666666666	144.08666666666667	144.08	144.12	144.11333333333334	144.08666666666667	143.93333333333334	144.03333333333333	144.0	144.08666666666667	144.06	144.05333333333334	144.05333333333334	144.1	144.02666666666667	144.06	144.01333333333332	143.93333333333334	144.02	144.04666666666665	144.10666666666665	144.03333333333333	144.09333333333333	144.00666666666666	144.03333333333333	144.06666666666666	144.09333333333333	144.11333333333334	144.22666666666666	144.12	144.1	144.02666666666667	144.0	144.0	144.17333333333335	144.03333333333333	143.99333333333334	144.00666666666666	144.08	144.12	144.06666666666666	144.02666666666667	143.95333333333335	143.98	143.88666666666666	143.94666666666666	143.74666666666667	142.46	136.36666666666667	0.0
0.0	136.78666666666666	142.44666666666666	143.54	143.92	144.08666666666667	144.02	144.00666666666666	143.96666666666667	143.99333333333334	143.96666666666667	144.02	144.02666666666667	144.07333333333332	144.04666666666665	143.98666666666668	143.93333333333334	144.01333333333332	143.98	144.04666666666665	144.10666666666665	143.97333333333333	144.04666666666665	143.94	143.96666666666667	144.01333333333332	144.06	144.04	144.06	144.18666666666667	144.08	143.96666666666667	144.03333333333333	144.09333333333333	143.96	143.94	144.12666666666667	144.0	144.06	143.94666666666666	144.11333333333334	144.08	143.92	144.10666666666665	143.94666666666666	144.10666666666665	144.07333333333332	144.02666666666667	143.94666666666666	143.97333333333333	143.97333333333333	144.07333333333332	144.05333333333334	143.99333333333334	144.05333333333334	144.01333333333332	143.98	144.05333333333334	144.18	144.00666666666666	143.92666666666668	143.88	143.98666666666668	144.02666666666667	144.04	144.08	144.12	143.93333333333334	143.96	143.67333333333335	142.32666666666665	136.59333333333333	0.0
0.0	136.70666666666668	142.44	143.62	143.96	143.98666666666668	143.96	143.98	143.89333333333335	143.85333333333332	143.96	143.98	143.87333333333333	143.78666666666666	143.93333333333334	144.00666666666666	144.02	143.96666666666667	143.88666666666666	144.01333333333332	143.97333333333333	143.91333333333333	144.05333333333334	143.89333333333335	143.96	143.91333333333333	143.98	143.90666666666667	143.94	144.0	144.00666666666666	143.95333333333335	144.13333333333333	144.03333333333333	143.85333333333332	143.86666666666667	143.94	143.95333333333335	143.96666666666667	143.91333333333333	143.92666666666668	143.96	143.95333333333335	143.92	143.94666666666666	143.96	143.94	143.94666666666666	143.88	143.81333333333333	143.91333333333333	143.88666666666666	143.9	144.00666666666666	144.0	143.92666666666668	143.92666666666668	143.89333333333335	143.90666666666667	143.94666666666666	143.96666666666667	143.90666666666667	144.04666666666665	143.95333333333335	143.92	143.96666666666667	144.02	143.88666666666666	143.8	143.59333333333333	142.34666666666666	136.64	0.0
0.0	136.24666666666667	142.58666666666667	143.57333333333332	143.87333333333333	143.82666666666665	143.96666666666667	144.06666666666666	143.95333333333335	144.08666666666667	143.98666666666668	143.98666666666668	144.09333333333333	143.94	143.91333333333333	144.02	143.96666666666667	143.98	143.99333333333334	144.04	144.06	144.03333333333333	143.97333333333333	143.98666666666668	143.96	143.98666666666668	143.93333333333334	143.98666666666668	144.02	144.04	143.94666666666666	144.01333333333332	143.99333333333334	144.03333333333333	143.98666666666668	144.08666666666667	144.05333333333334	143.99333333333334	143.97333333333333	143.99333333333334	143.99333333333334	144.04	143.98666666666668	143.89333333333335	143.98	144.08	144.06	143.99333333333334	143.98	143.95333333333335	143.97333333333333	144.01333333333332	144.02	144.06	144.04666666666665	144.06	144.05333333333334	144.04	144.04	144.04	143.99333333333334	144.00666666666666	143.98666666666668	143.96	144.09333333333333	143.97333333333333	143.97333333333333	144.04666666666665	143.88	143.57333333333332	142.57333333333332	136.58666666666667	0.0
0.0	136.19333333333333	142.42	143.61333333333334	144.00666666666666	144.06666666666666	144.04666666666665	144.07333333333332	143.99333333333334	143.91333333333333	143.96666666666667	143.99333333333334	144.0	143.98666666666668	144.0	143.92	144.0	143.87333333333333	144.00666666666666	144.07333333333332	143.94	144.08666666666667	144.02666666666667	144.03333333333333	143.95333333333335	143.92666666666668	144.09333333333333	143.98666666666668	144.0	143.98666666666668	144.00666666666666	144.04	144.14666666666668	143.99333333333334	144.06	143.98666666666668	143.96	144.01333333333332	143.96	143.94	143.94666666666666	143.95333333333335	144.0	143.88666666666666	143.98	144.04666666666665	143.91333333333333	144.02	143.96666666666667	144.07333333333332	144.05333333333334	144.08	143.92666666666668	144.00666666666666	143.86	144.0	144.04666666666665	143.98	143.95333333333335	143.95333333333335	143.9	143.96	143.9	143.98	144.08	144.06666666666666	143.81333333333333	144.03333333333333	143.92	143.74666666666667	142.51333333333332	136.56666666666666	0.0
0.0	136.3	142.35333333333332	143.61333333333334	143.86	143.82	143.94	143.86	144.08666666666667	143.91333333333333	143.92	143.93333333333334	143.9	144.02	143.92666666666668	143.92666666666668	144.00666666666666	143.88666666666666	143.98	144.08	143.94	143.93333333333334	143.97333333333333	143.93333333333334	143.88666666666666	143.88666666666666	144.0	144.0	143.95333333333335	143.87333333333333	143.88	143.99333333333334	143.93333333333334	143.83333333333334	144.04666666666665	143.98666666666668	143.88	143.94666666666666	143.93333333333334	143.93333333333334	143.98666666666668	143.87333333333333	143.98666666666668	143.98666666666668	143.94	143.86	144.01333333333332	144.06666666666666	144.04	143.92	143.95333333333335	144.04666666666665	143.97333333333333	143.97333333333333	143.95333333333335	143.96	144.1	143.92666666666668	144.04	143.98666666666668	143.98666666666668	143.95333333333335	143.96	143.99333333333334	143.98	143.92	143.92666666666668	143.89333333333335	143.98	143.62	142.43333333333334	136.4	0.0
0.0	136.36666666666667	142.24	143.46666666666667	143.77333333333334	143.77333333333334	143.86	144.0	143.89333333333335	143.96	143.99333333333334	143.80666666666667	143.82666666666665	143.94	143.83333333333334	143.97333333333333	144.04666666666665	144.02666666666667	143.93333333333334	144.04666666666665	143.96666666666667	143.79333333333332	143.92666666666668	143.80666666666667	143.95333333333335	143.99333333333334	143.93333333333334	143.94	143.92666666666668	143.94666666666666	143.98666666666668	143.83333333333334	143.86	143.96666666666667	143.83333333333334	143.96	143.93333333333334	143.92	144.0	143.96	143.88	143.85333333333332	143.92	143.9	143.9	143.94	143.88	143.84666666666666	143.90666666666667	143.93333333333334	143.84666666666666	143.92	143.88666666666666	143.96666666666667	143.88666666666666	143.92666666666668	143.90666666666667	143.94	143.94	143.9	143.92666666666668	143.99333333333334	143.90666666666667	143.88666666666666	143.9	144.01333333333332	143.94666666666666	143.96	143.78	143.6	142.19333333333333	136.36	0.0
0.0	136.23333333333332	142.48	143.5	143.78666666666666	143.96	143.83333333333334	143.94666666666666	143.82666666666665	143.88	143.85333333333332	143.97333333333333	143.8	143.92	143.85333333333332	143.88	143.89333333333335	143.92666666666668	143.86666666666667	143.86666666666667	143.82666666666665	143.88	143.84666666666666	143.9	143.90666666666667	143.9	143.86666666666667	143.85333333333332	143.85333333333332	143.96	143.86	143.86	143.86	143.86	143.88666666666666	143.90666666666667	143.92666666666668	143.95333333333335	143.93333333333334	143.82666666666665	143.9	143.86666666666667	143.76666666666668	143.84666666666666	144.0	143.88666666666666	143.91333333333333	143.84	143.75333333333333	143.91333333333333	143.84	143.89333333333335	143.9	143.82666666666665	143.91333333333333	143.83333333333334	143.87333333333333	143.89333333333335	143.81333333333333	143.96	144.02666666666667	143.92	143.84	143.89333333333335	143.84	143.88666666666666	143.95333333333335	143.88	143.76666666666668	143.40666666666667	142.18666666666667	136.26	0.0
0.0	136.34666666666666	142.56	143.67333333333335	143.96	144.04	144.03333333333333	144.10666666666665	144.15333333333334	144.09333333333333	144.12666666666667	144.11333333333334	144.08666666666667	144.01333333333332	144.08	144.04666666666665	144.01333333333332	144.0	144.2	144.02	144.08	144.01333333333332	144.18666666666667	144.11333333333334	144.06	144.07333333333332	144.12	143.99333333333334	143.96666666666667	144.06	144.01333333333332	144.03333333333333	144.14666666666668	143.98	144.10666666666665	144.15333333333334	144.08	144.02666666666667	144.08	144.01333333333332	144.06666666666666	144.01333333333332	144.08	143.99333333333334	144.08	144.1	144.10666666666665	144.0	144.02666666666667	144.01333333333332	144.14	144.08666666666667	144.04	144.11333333333334	144.07333333333332	144.15333333333334	144.07333333333332	144.09333333333333	144.09333333333333	144.16	144.08666666666667	144.03333333333333	144.04	144.11333333333334	144.06	143.99333333333334	144.05333333333334	144.1	143.93333333333334	143.62666666666667	142.52	136.72	0.0
0.0	136.38	142.49333333333334	143.8	143.98	144.07333333333332	144.02	144.08666666666667	144.08666666666667	144.09333333333333	144.12	144.05333333333334	144.03333333333333	144.02	144.05333333333334	144.11333333333334	144.06	144.12666666666667	144.15333333333334	144.04666666666665	144.05333333333334	144.12	144.05333333333334	144.08666666666667	144.06666666666666	144.03333333333333	144.06	144.00666666666666	144.01333333333332	144.15333333333334	144.01333333333332	144.14	143.99333333333334	144.07333333333332	144.10666666666665	144.14	144.12	144.0	144.12	144.13333333333333	144.08666666666667	144.08666666666667	144.06	144.05333333333334	144.02666666666667	144.05333333333334	144.0	144.08666666666667	144.17333333333335	144.05333333333334	144.04	144.17333333333335	144.08	144.11333333333334	144.16	144.04666666666665	144.09333333333333	144.07333333333332	144.04666666666665	144.02	144.1	144.11333333333334	144.07333333333332	144.14	144.05333333333334	144.10666666666665	144.07333333333332	144.03333333333333	144.00666666666666	143.74	142.48666666666668	136.10666666666665	0.0
0.0	136.36	142.29333333333332	143.74666666666667	144.06	144.1	144.08666666666667	144.03333333333333	144.10666666666665	143.98	144.16	144.16	144.13333333333333	144.09333333333333	144.14666666666668	144.05333333333334	144.08	144.06	144.00666666666666	144.07333333333332	144.04	144.1	144.08666666666667	144.0	143.99333333333334	144.11333333333334	144.08	144.14666666666668	144.02666666666667	144.02	144.06	144.06666666666666	144.1	144.03333333333333	144.07333333333332	144.07333333333332	144.12	144.02666666666667	143.99333333333334	144.14666666666668	144.08666666666667	144.18	144.12	144.02	144.03333333333333	144.09333333333333	144.04	143.96	144.14666666666668	144.15333333333334	144.22	144.18	144.12666666666667	144.08	144.12666666666667	144.10666666666665	144.08666666666667	144.17333333333335	144.04666666666665	144.08	144.06	144.11333333333334	143.94666666666666	144.03333333333333	144.10666666666665	144.02666666666667	144.02	143.98666666666668	143.94666666666666	143.66666666666666	142.55333333333334	136.82	0.0
0.0	137.02666666666667	142.79333333333332	143.9	143.97333333333333	144.17333333333335	144.19333333333333	144.18666666666667	144.17333333333335	144.26	144.23333333333332	144.26	144.24	144.14	144.15333333333334	144.22666666666666	144.28	144.10666666666665	144.15333333333334	144.32	144.16	144.22	144.22	144.2	144.22666666666666	144.20666666666668	144.12	144.14666666666668	144.22	144.22	144.2	144.18	144.07333333333332	144.15333333333334	144.24666666666667	144.22666666666666	144.22666666666666	144.32666666666665	144.28	144.21333333333334	144.11333333333334	144.15333333333334	144.17333333333335	144.17333333333335	144.31333333333333	144.18666666666667	144.11333333333334	144.22	144.28	144.1	144.12666666666667	144.19333333333333	144.1	144.20666666666668	144.14666666666668	144.16	144.11333333333334	144.12666666666667	144.21333333333334	144.13333333333333	144.17333333333335	144.23333333333332	144.13333333333333	144.06	144.2	144.21333333333334	144.2	144.12666666666667	144.04666666666665	143.84666666666666	142.69333333333333	136.58	0.0
0.0	136.81333333333333	142.4	143.71333333333334	143.84666666666666	143.93333333333334	144.02666666666667	143.91333333333333	143.88	143.8	143.92	144.0	144.02	144.04666666666665	143.88666666666666	144.01333333333332	143.95333333333335	144.09333333333333	143.96666666666667	143.99333333333334	143.95333333333335	144.02666666666667	144.0	144.06	143.87333333333333	143.92	144.02	143.97333333333333	144.00666666666666	144.11333333333334	143.96666666666667	143.87333333333333	144.12	143.94	143.99333333333334	143.92	143.92	143.96666666666667	143.95333333333335	144.02	143.99333333333334	143.99333333333334	144.02666666666667	144.00666666666666	143.98666666666668	143.94666666666666	143.92666666666668	143.98	143.96666666666667	143.96666666666667	143.86	143.96666666666667	143.96	143.95333333333335	143.94666666666666	143.92	143.94	143.96	143.92	144.02666666666667	144.03333333333333	143.96666666666667	143.96	143.99333333333334	143.91333333333333	144.07333333333332	143.88666666666666	144.0	143.85333333333332	143.59333333333333	142.45333333333335	136.3	0.0
0.0	136.49333333333334	142.56	143.64666666666668	143.96666666666667	144.07333333333332	143.99333333333334	144.06666666666666	143.95333333333335	144.00666666666666	143.94666666666666	143.97333333333333	143.97333333333333	144.01333333333332	144.04	144.04666666666665	144.02	144.00666666666666	144.00666666666666	144.04666666666665	144.1	144.04666666666665	143.9	143.90666666666667	144.05333333333334	144.02666666666667	143.98666666666668	143.97333333333333	143.89333333333335	144.05333333333334	144.03333333333333	144.05333333333334	144.08666666666667	144.08	144.08	144.03333333333333	143.97333333333333	144.04666666666665	144.12	144.12	144.06666666666666	144.01333333333332	143.97333333333333	144.10666666666665	144.03333333333333	144.10666666666665	144.0	144.02	144.00666666666666	144.07333333333332	144.12666666666667	144.10666666666665	144.10666666666665	144.09333333333333	144.0	144.13333333333333	144.11333333333334	144.00666666666666	144.11333333333334	144.06	143.96	144.10666666666665	143.96666666666667	144.07333333333332	144.06	143.93333333333334	144.04666666666665	143.88666666666666	143.84666666666666	143.58	142.31333333333333	136.52666666666667	0.0
0.0	136.52	142.58666666666667	143.71333333333334	143.94	144.00666666666666	144.02	144.02	144.03333333333333	144.15333333333334	144.07333333333332	144.00666666666666	143.99333333333334	144.03333333333333	144.03333333333333	144.01333333333332	144.02666666666667	144.11333333333334	144.13333333333333	143.93333333333334	144.01333333333332	144.00666666666666	143.98666666666668	144.02666666666667	144.07333333333332	144.12666666666667	144.05333333333334	144.12	144.01333333333332	144.00666666666666	144.04666666666665	144.09333333333333	144.21333333333334	144.08	144.11333333333334	144.09333333333333	143.98666666666668	144.04	144.06	144.04	144.10666666666665	144.08666666666667	144.04666666666665	144.06666666666666	144.17333333333335	144.13333333333333	143.98	144.06	144.1	144.06	143.99333333333334	144.05333333333334	143.94	143.96	144.00666666666666	144.07333333333332	144.09333333333333	143.98666666666668	144.06666666666666	144.08666666666667	144.06666666666666	144.09333333333333	144.04	143.96	144.09333333333333	144.14	144.03333333333333	144.05333333333334	144.09333333333333	143.75333333333333	142.54	136.36	0.0
0.0	136.55333333333334	142.44	143.50666666666666	143.92666666666668	143.92666666666668	143.96	143.93333333333334	143.99333333333334	144.01333333333332	143.98	143.97333333333333	143.96	144.01333333333332	144.03333333333333	144.1	143.99333333333334	143.96	143.93333333333334	143.95333333333335	143.93333333333334	143.99333333333334	144.00666666666666	144.00666666666666	143.99333333333334	143.98	144.03333333333333	143.95333333333335	143.94	144.00666666666666	143.92666666666668	144.01333333333332	143.99333333333334	143.99333333333334	143.94	143.93333333333334	144.08	144.02666666666667	143.89333333333335	144.08	144.03333333333333	144.03333333333333	144.01333333333332	144.02666666666667	144.06666666666666	143.98	143.88	144.0	143.95333333333335	144.01333333333332	143.90666666666667	143.93333333333334	144.00666666666666	144.04666666666665	143.95333333333335	143.96	143.90666666666667	144.01333333333332	144.01333333333332	144.01333333333332	144.04666666666665	143.96	144.02	143.90666666666667	143.95333333333335	143.94	144.02666666666667	143.94	143.91333333333333	143.62666666666667	142.7	136.58	0.0
0.0	136.17333333333335	142.66666666666666	143.8	143.97333333333333	144.02	143.96666666666667	144.04666666666665	144.17333333333335	144.06666666666666	144.00666666666666	144.04	144.04666666666665	144.08	144.10666666666665	144.08666666666667	144.13333333333333	144.01333333333332	144.07333333333332	144.07333333333332	144.06666666666666	144.18	144.0	144.01333333333332	144.04	143.99333333333334	144.06	143.96666666666667	144.02666666666667	144.08	144.07333333333332	144.02	143.92666666666668	144.04	144.06	143.96666666666667	144.0	144.02666666666667	143.97333333333333	144.04	143.96666666666667	144.15333333333334	144.02	144.07333333333332	144.02666666666667	143.96666666666667	143.98666666666668	144.18	144.07333333333332	143.98666666666668	144.04	144.03333333333333	144.14	144.04	144.08666666666667	144.04	144.00666666666666	143.94	143.98666666666668	144.03333333333333	143.94666666666666	143.98666666666668	143.95333333333335	143.98666666666668	143.97333333333333	143.98666666666668	144.0	144.02	143.94	143.56666666666666	142.66	136.3	0.0
0.0	136.66666666666666	142.57333333333332	143.68	143.74666666666667	143.90666666666667	143.96	143.98666666666668	144.02	143.88666666666666	143.91333333333333	143.97333333333333	144.02	144.01333333333332	143.93333333333334	144.00666666666666	143.98	144.04	143.93333333333334	143.86	143.82666666666665	144.08666666666667	143.98	143.91333333333333	143.97333333333333	144.01333333333332	144.03333333333333	143.90666666666667	144.02	143.92	143.99333333333334	143.92666666666668	143.98	144.04666666666665	143.98	144.00666666666666	143.98	144.1	144.01333333333332	143.96	143.96	143.95333333333335	144.0	144.06	143.94666666666666	144.0	143.96666666666667	144.02	143.92666666666668	144.14666666666668	143.94	144.02666666666667	143.96	143.95333333333335	144.00666666666666	144.02	143.96666666666667	144.03333333333333	143.96	143.9	143.91333333333333	143.98	143.96666666666667	143.99333333333334	144.00666666666666	143.94	143.94666666666666	144.01333333333332	143.75333333333333	143.56666666666666	142.54	136.28	0.0
0.0	136.4	142.47333333333333	143.66666666666666	143.92	143.94	143.95333333333335	143.98	144.04	144.06	143.91333333333333	143.93333333333334	143.95333333333335	143.85333333333332	143.92666666666668	143.90666666666667	144.01333333333332	144.02	143.96	144.03333333333333	143.97333333333333	144.02666666666667	144.00666666666666	144.03333333333333	144.08666666666667	143.91333333333333	143.99333333333334	144.03333333333333	144.14	143.96666666666667	143.88666666666666	144.08666666666667	144.10666666666665	144.02	143.96	144.05333333333334	143.96666666666667	143.92	144.05333333333334	143.87333333333333	144.02666666666667	143.97333333333333	143.99333333333334	144.06666666666666	144.02	143.92	144.04	144.0	144.04	144.04	143.95333333333335	144.06	143.96666666666667	144.09333333333333	144.00666666666666	143.97333333333333	144.06666666666666	144.0	144.02666666666667	143.98	143.97333333333333	144.07333333333332	143.96666666666667	144.08	144.0	143.99333333333334	143.94666666666666	143.96666666666667	143.94	143.74666666666667	142.57333333333332	136.4	0.0
0.0	136.33333333333334	142.49333333333334	143.60666666666665	143.94666666666666	144.02	144.02	144.00666666666666	144.04666666666665	143.98666666666668	143.97333333333333	143.97333333333333	143.97333333333333	143.98	144.10666666666665	143.98666666666668	143.88666666666666	143.91333333333333	144.06	143.90666666666667	143.97333333333333	144.03333333333333	143.86	143.88	143.97333333333333	143.96666666666667	143.89333333333335	144.04	143.94666666666666	143.94666666666666	144.0	144.04666666666665	144.02666666666667	144.02	143.96666666666667	144.02666666666667	143.98666666666668	143.94666666666666	144.02666666666667	143.98	143.94	143.94	143.95333333333335	143.98	143.92666666666668	143.98	144.0	143.97333333333333	143.97333333333333	143.95333333333335	143.97333333333333	144.0	144.07333333333332	144.08	143.94	143.95333333333335	143.93333333333334	143.97333333333333	143.89333333333335	143.97333333333333	143.96666666666667	143.96666666666667	143.94666666666666	143.88	143.93333333333334	143.97333333333333	143.97333333333333	143.91333333333333	143.97333333333333	143.54666666666665	142.59333333333333	136.38666666666666	0.0
0.0	136.5	142.57333333333332	143.72	143.91333333333333	144.03333333333333	144.0	143.98666666666668	144.0	143.89333333333335	144.08666666666667	144.08	144.01333333333332	143.95333333333335	144.10666666666665	143.95333333333335	143.98666666666668	144.0	144.08	144.1	144.05333333333334	144.05333333333334	144.04	144.0	143.92666666666668	144.02	144.00666666666666	143.98666666666668	144.01333333333332	144.07333333333332	143.99333333333334	144.07333333333332	143.98666666666668	144.07333333333332	143.98	144.02	144.00666666666666	144.12666666666667	144.05333333333334	143.95333333333335	143.97333333333333	143.97333333333333	144.10666666666665	144.09333333333333	144.05333333333334	143.96	144.02666666666667	144.11333333333334	144.12666666666667	144.12	143.96	144.10666666666665	144.02	144.13333333333333	144.09333333333333	144.05333333333334	144.07333333333332	144.02666666666667	143.90666666666667	143.98666666666668	144.06666666666666	144.04	144.0	144.00666666666666	144.08	144.02	144.03333333333333	144.02666666666667	144.04	143.74	142.60666666666665	136.51333333333332	0.0
0.0	136.48	142.54	143.61333333333334	143.80666666666667	143.94666666666666	143.87333333333333	143.99333333333334	143.96	143.85333333333332	143.98	143.88	143.88666666666666	143.95333333333335	143.90666666666667	143.95333333333335	143.85333333333332	143.84666666666666	143.96	144.02	143.98666666666668	143.98666666666668	143.96666666666667	144.0	143.93333333333334	143.93333333333334	144.0	144.04	143.88666666666666	143.89333333333335	144.01333333333332	143.93333333333334	143.90666666666667	143.88666666666666	144.02666666666667	143.94666666666666	143.98666666666668	143.87333333333333	143.98	143.94	143.88666666666666	143.94666666666666	143.91333333333333	143.92666666666668	143.95333333333335	143.95333333333335	143.90666666666667	143.99333333333334	143.80666666666667	143.98666666666668	144.02	144.0	143.90666666666667	143.94	143.88666666666666	143.96	144.01333333333332	144.01333333333332	143.88666666666666	144.01333333333332	143.96666666666667	143.97333333333333	143.96	143.94	143.92	143.94	143.91333333333333	143.98	143.83333333333334	143.60666666666665	142.59333333333333	136.54	0.0
0.0	136.52666666666667	142.58666666666667	143.74666666666667	143.81333333333333	143.85333333333332	143.9	143.96666666666667	143.88666666666666	144.06666666666666	143.88666666666666	143.86	143.91333333333333	143.98	144.05333333333334	144.04666666666665	144.02	143.87333333333333	144.06666666666666	144.10666666666665	143.93333333333334	143.92666666666668	144.02	143.96666666666667	143.96666666666667	143.99333333333334	143.98	143.90666666666667	143.99333333333334	143.96	143.97333333333333	143.94666666666666	143.89333333333335	143.98	143.89333333333335	143.98	143.93333333333334	144.04666666666665	143.93333333333334	143.96	143.96666666666667	143.9	144.04666666666665	143.92666666666668	144.07333333333332	143.99333333333334	143.99333333333334	144.02666666666667	144.00666666666666	143.97333333333333	144.10666666666665	143.97333333333333	143.96	143.96666666666667	143.88	143.92666666666668	143.94	143.95333333333335	143.99333333333334	144.07333333333332	143.98666666666668	143.92	144.00666666666666	144.02	143.95333333333335	143.94	143.96666666666667	143.98	143.94	143.76	142.56666666666666	136.28	0.0
0.0	136.46666666666667	142.68666666666667	143.66666666666666	143.79333333333332	144.03333333333333	143.94	144.06	143.98	144.02666666666667	144.01333333333332	143.96	144.05333333333334	144.02	144.03333333333333	144.09333333333333	144.08666666666667	144.02666666666667	143.96	144.01333333333332	144.06	144.14666666666668	143.92	143.91333333333333	143.93333333333334	144.02	144.0	143.99333333333334	143.95333333333335	144.09333333333333	143.97333333333333	143.95333333333335	144.03333333333333	144.02666666666667	143.92666666666668	144.02666666666667	144.08666666666667	144.05333333333334	144.05333333333334	144.16666666666666	143.96666666666667	144.08	144.08666666666667	144.05333333333334	144.00666666666666	144.07333333333332	144.12	143.98666666666668	144.04666666666665	144.08	144.00666666666666	144.02	144.05333333333334	144.1	143.99333333333334	143.96	144.04	144.04666666666665	144.03333333333333	143.99333333333334	143.92	144.00666666666666	144.00666666666666	143.99333333333334	143.96	144.02	144.07333333333332	144.17333333333335	143.86	143.68	142.57333333333332	136.32666666666665	0.0
0.0	136.28666666666666	142.36	143.68	143.92666666666668	143.92	144.0	144.05333333333334	144.03333333333333	144.04	144.06	143.96666666666667	144.12666666666667	144.02	143.98666666666668	144.02	143.98	143.92	143.97333333333333	143.92666666666668	144.01333333333332	144.02	144.05333333333334	144.07333333333332	143.98	144.01333333333332	144.12	144.08	144.00666666666666	143.95333333333335	143.94	143.92	144.08	144.04666666666665	143.98666666666668	143.94	143.97333333333333	143.90666666666667	144.1	144.13333333333333	143.98666666666668	144.06666666666666	144.02	144.06	144.08	143.99333333333334	144.06	144.13333333333333	144.02666666666667	144.04666666666665	144.04	144.08666666666667	144.02666666666667	144.14666666666668	144.04666666666665	144.0	144.06	144.02	144.08	144.06666666666666	144.04	144.05333333333334	143.99333333333334	144.05333333333334	144.03333333333333	143.99333333333334	143.98	143.94666666666666	143.96666666666667	143.79333333333332	142.48	136.43333333333334	0.0
0.0	136.86666666666667	142.86	143.86666666666667	144.02	144.09333333333333	144.04666666666665	144.16	144.02	144.12	144.04666666666665	144.15333333333334	144.03333333333333	144.12666666666667	144.1	144.12	143.99333333333334	144.02666666666667	144.02666666666667	144.05333333333334	144.08666666666667	144.08	144.13333333333333	144.14	144.10666666666665	144.12	144.16	144.02666666666667	144.1	144.05333333333334	144.00666666666666	144.14	144.07333333333332	144.08	144.04	144.12666666666667	144.04666666666665	144.05333333333334	144.08666666666667	144.08	144.00666666666666	144.2	144.14	144.03333333333333	144.1	144.13333333333333	144.05333333333334	144.03333333333333	144.08666666666667	144.08	143.96666666666667	144.01333333333332	144.04	144.07333333333332	144.1	144.07333333333332	144.02	143.94666666666666	144.04	144.07333333333332	144.06	144.05333333333334	144.18	144.06666666666666	144.02	144.09333333333333	144.08	144.04	144.13333333333333	143.72666666666666	142.46666666666667	136.78666666666666	0.0
0.0	136.43333333333334	142.59333333333333	143.61333333333334	144.0	143.92	143.94	144.04666666666665	144.01333333333332	144.04	143.99333333333334	144.08	144.06666666666666	144.09333333333333	143.99333333333334	144.05333333333334	144.03333333333333	143.94	143.92	144.12666666666667	143.98	143.95333333333335	144.04	144.00666666666666	143.91333333333333	143.94666666666666	143.99333333333334	143.97333333333333	144.02	144.00666666666666	143.98	143.95333333333335	144.04666666666665	143.90666666666667	143.98	144.19333333333333	144.06	144.06666666666666	144.04666666666665	144.04	143.91333333333333	144.01333333333332	143.98666666666668	144.00666666666666	143.91333333333333	143.96666666666667	144.06666666666666	143.95333333333335	143.95333333333335	144.06	144.02	144.00666666666666	144.04	143.97333333333333	144.02666666666667	143.88666666666666	144.04	143.99333333333334	143.94	144.06	143.99333333333334	144.1	144.00666666666666	144.06666666666666	144.06	144.00666666666666	143.99333333333334	143.95333333333335	143.79333333333332	143.62	142.55333333333334	136.41333333333333	0.0
0.0	136.33333333333334	142.36	143.56	143.88666666666666	143.84	143.94666666666666	144.01333333333332	144.02666666666667	144.09333333333333	143.96	143.96666666666667	143.88666666666666	144.06666666666666	144.00666666666666	143.9	143.88	143.96666666666667	143.93333333333334	143.98666666666668	143.94666666666666	143.92666666666668	144.01333333333332	143.92666666666668	143.95333333333335	143.99333333333334	144.0	143.84	143.90666666666667	143.87333333333333	144.00666666666666	143.92	144.06	143.99333333333334	143.94666666666666	143.96666666666667	144.04666666666665	143.96666666666667	143.97333333333333	143.98666666666668	144.08	143.91333333333333	143.99333333333334	143.97333333333333	143.95333333333335	144.01333333333332	144.08666666666667	144.02	143.94666666666666	144.02	143.97333333333333	143.91333333333333	143.98	143.88666666666666	143.96	143.87333333333333	144.06	143.96	144.04666666666665	143.92666666666668	143.84666666666666	143.90666666666667	143.95333333333335	143.94666666666666	143.95333333333335	143.94666666666666	143.88	143.87333333333333	143.86	143.6	142.46666666666667	136.36666666666667	0.0
0.0	136.34	142.38	143.56	143.94	144.00666666666666	144.1	144.05333333333334	144.0	144.02666666666667	144.12666666666667	143.93333333333334	143.89333333333335	144.00666666666666	144.03333333333333	144.05333333333334	144.11333333333334	144.05333333333334	144.07333333333332	144.02666666666667	144.02	144.02	143.96666666666667	144.00666666666666	143.97333333333333	143.98	144.01333333333332	144.04	144.04666666666665	144.08	144.04666666666665	144.07333333333332	144.06666666666666	144.13333333333333	143.94	144.04666666666665	144.11333333333334	144.05333333333334	144.05333333333334	144.14	144.06	144.03333333333333	143.98	144.12	144.04666666666665	144.02	144.16	143.96666666666667	143.94666666666666	144.07333333333332	144.06666666666666	143.97333333333333	144.02	143.99333333333334	144.12	143.98	143.99333333333334	143.96666666666667	144.00666666666666	144.00666666666666	144.06666666666666	144.01333333333332	144.0	144.06	143.97333333333333	144.04	144.08	144.00666666666666	143.82666666666665	143.64666666666668	142.61333333333334	136.24666666666667	0.0
0.0	136.25333333333333	142.57333333333332	143.62	143.86666666666667	143.92666666666668	144.01333333333332	143.93333333333334	144.08666666666667	144.01333333333332	144.06	144.10666666666665	144.1	144.04666666666665	144.13333333333333	143.99333333333334	144.14666666666668	144.03333333333333	144.14	144.02	143.96666666666667	143.97333333333333	144.22	144.08	144.03333333333333	144.08666666666667	144.08	143.96666666666667	144.0	144.02	144.03333333333333	144.02666666666667	144.01333333333332	144.02666666666667	144.1	144.0	143.96666666666667	144.05333333333334	143.92	144.10666666666665	144.06666666666666	144.05333333333334	144.06	143.96666666666667	144.07333333333332	144.12	144.07333333333332	144.07333333333332	144.06	143.92666666666668	144.01333333333332	144.04666666666665	144.03333333333333	144.01333333333332	143.97333333333333	143.92666666666668	143.96666666666667	144.09333333333333	143.9	143.85333333333332	144.06	143.98	144.04666666666665	144.05333333333334	143.98	144.12	144.03333333333333	144.02	143.92	143.57333333333332	142.36	136.48666666666668	0.0
0.0	136.0	142.46666666666667	143.65333333333334	143.90666666666667	144.0	144.04666666666665	144.09333333333333	143.94666666666666	143.95333333333335	144.15333333333334	144.04	143.9	144.02666666666667	144.00666666666666	144.06	144.04666666666665	144.02	144.02666666666667	143.92666666666668	144.04	144.1	144.06	143.95333333333335	144.04666666666665	144.15333333333334	144.08	143.93333333333334	143.96666666666667	143.99333333333334	143.96	144.01333333333332	143.96666666666667	144.0	144.05333333333334	144.11333333333334	144.07333333333332	144.01333333333332	144.04666666666665	144.10666666666665	144.04	143.9	144.01333333333332	143.98666666666668	143.95333333333335	144.01333333333332	144.01333333333332	144.03333333333333	144.05333333333334	144.15333333333334	144.08	144.15333333333334	144.02	144.03333333333333	143.97333333333333	144.12	144.12666666666667	143.96666666666667	144.09333333333333	144.09333333333333	143.97333333333333	143.96	143.96	143.97333333333333	143.98	144.04	143.95333333333335	144.02	143.88666666666666	143.64	142.52	136.14	0.0
0.0	136.05333333333334	142.59333333333333	143.54	143.81333333333333	143.84666666666666	143.88666666666666	143.92666666666668	143.91333333333333	143.87333333333333	143.82	143.86	143.9	143.96	143.90666666666667	143.90666666666667	143.86	143.88	143.93333333333334	143.98	143.94	143.91333333333333	143.94666666666666	143.97333333333333	143.88666666666666	143.87333333333333	143.81333333333333	143.8	144.00666666666666	143.85333333333332	143.98	143.95333333333335	143.97333333333333	143.94666666666666	143.89333333333335	143.91333333333333	143.84666666666666	143.89333333333335	143.84666666666666	143.94666666666666	143.90666666666667	143.98	143.88	143.84666666666666	143.90666666666667	143.83333333333334	143.90666666666667	143.9	143.94666666666666	143.99333333333334	143.92	143.84	143.91333333333333	143.86	143.95333333333335	143.86	143.92	143.94666666666666	143.90666666666667	143.94	143.91333333333333	144.02666666666667	143.94	143.9	143.9	143.87333333333333	143.97333333333333	144.00666666666666	143.84	143.58	142.50666666666666	136.42	0.0
