0.0	135.26666666666668	142.28666666666666	143.68666666666667	144.15333333333334	144.32	144.3	144.36	144.38666666666666	144.34666666666666	144.5	144.42	144.32	144.35333333333332	144.40666666666667	144.36	144.40666666666667	144.33333333333334	144.49333333333334	144.36666666666667	144.36666666666667	144.35333333333332	144.38666666666666	144.43333333333334	144.4	144.41333333333333	144.43333333333334	144.37333333333333	144.36666666666667	144.26666666666668	144.34666666666666	144.21333333333334	144.45333333333335	144.44	144.42666666666668	144.34	144.31333333333333	144.32666666666665	144.41333333333333	144.36666666666667	144.36	144.33333333333334	144.39333333333335	144.3	144.22666666666666	144.44	144.52666666666667	144.42666666666668	144.28	144.43333333333334	144.45333333333335	144.46666666666667	144.5	144.50666666666666	144.49333333333334	144.31333333333333	144.48	144.46	144.44	144.47333333333333	144.37333333333333	144.37333333333333	144.28	144.3	144.36	144.34	144.37333333333333	144.27333333333334	144.2	143.72666666666666	142.32666666666665	135.55333333333334	0.0
0.0	135.59333333333333	142.34666666666666	144.02	144.26666666666668	144.47333333333333	144.53333333333333	144.52	144.53333333333333	144.44	144.62	144.54666666666665	144.46666666666667	144.54666666666665	144.40666666666667	144.48	144.38	144.48666666666668	144.46666666666667	144.58	144.67333333333335	144.50666666666666	144.52666666666667	144.51333333333332	144.57333333333332	144.46666666666667	144.52666666666667	144.51333333333332	144.52	144.41333333333333	144.57333333333332	144.55333333333334	144.54	144.39333333333335	144.63333333333333	144.52666666666667	144.40666666666667	144.58666666666667	144.58666666666667	144.52666666666667	144.56666666666666	144.60666666666665	144.53333333333333	144.58	144.61333333333334	144.58	144.45333333333335	144.46	144.52	144.46666666666667	144.38666666666666	144.42	144.42666666666668	144.52	144.53333333333333	144.43333333333334	144.46666666666667	144.5	144.66666666666666	144.59333333333333	144.48	144.40666666666667	144.48666666666668	144.47333333333333	144.56666666666666	144.61333333333334	144.52	144.33333333333334	144.32666666666665	143.82666666666665	142.18	134.98	0.0
0.0	135.16	142.32666666666665	143.84	144.26666666666668	144.44	144.47333333333333	144.40666666666667	144.52	144.46666666666667	144.52	144.57333333333332	144.59333333333333	144.44666666666666	144.54666666666665	144.52666666666667	144.48	144.58	144.57333333333332	144.47333333333333	144.55333333333334	144.53333333333333	144.49333333333334	144.42666666666668	144.46	144.59333333333333	144.45333333333335	144.66	144.56	144.50666666666666	144.55333333333334	144.56	144.46666666666667	144.42	144.49333333333334	144.48666666666668	144.48666666666668	144.44666666666666	144.56666666666666	144.52	144.55333333333334	144.4	144.44666666666666	144.55333333333334	144.58666666666667	144.60666666666665	144.57333333333332	144.50666666666666	144.54666666666665	144.5	144.52666666666667	144.54666666666665	144.61333333333334	144.5	144.68	144.63333333333333	144.57333333333332	144.54666666666665	144.61333333333334	144.58	144.42	144.48666666666668	144.41333333333333	144.41333333333333	144.6	144.66666666666666	144.51333333333332	144.36666666666667	144.25333333333333	143.74666666666667	142.18	135.22666666666666	0.0
0.0	135.12666666666667	142.24666666666667	143.87333333333333	144.23333333333332	144.47333333333333	144.48	144.56666666666666	144.66	144.66	144.5	144.5	144.32	144.46666666666667	144.56666666666666	144.57333333333332	144.47333333333333	144.35333333333332	144.50666666666666	144.50666666666666	144.48	144.5	144.53333333333333	144.54	144.66666666666666	144.58	144.58666666666667	144.6	144.49333333333334	144.59333333333333	144.32	144.54	144.54	144.66	144.52666666666667	144.56666666666666	144.57333333333332	144.47333333333333	144.48	144.41333333333333	144.56	144.41333333333333	144.42666666666668	144.59333333333333	144.52666666666667	144.68	144.48666666666668	144.44666666666666	144.53333333333333	144.47333333333333	144.67333333333335	144.58666666666667	144.61333333333334	144.45333333333335	144.44	144.54	144.56666666666666	144.54666666666665	144.56666666666666	144.54	144.57333333333332	144.48	144.43333333333334	144.66666666666666	144.50666666666666	144.49333333333334	144.47333333333333	144.43333333333334	144.36666666666667	143.92666666666668	142.39333333333335	135.09333333333333	0.0
0.0	135.23333333333332	142.08666666666667	143.88666666666666	144.42	144.52	144.5	144.49333333333334	144.53333333333333	144.45333333333335	144.5	144.5	144.53333333333333	144.59333333333333	144.51333333333332	144.39333333333335	144.52	144.6	144.6	144.50666666666666	144.58666666666667	144.59333333333333	144.51333333333332	144.48666666666668	144.46	144.52	144.38	144.57333333333332	144.56666666666666	144.54	144.50666666666666	144.58666666666667	144.46666666666667	144.58	144.54	144.65333333333334	144.58666666666667	144.56666666666666	144.53333333333333	144.56	144.50666666666666	144.46	144.57333333333332	144.46666666666667	144.51333333333332	144.46	144.5	144.51333333333332	144.45333333333335	144.40666666666667	144.52	144.39333333333335	144.62	144.49333333333334	144.50666666666666	144.58666666666667	144.62	144.54	144.63333333333333	144.56666666666666	144.54	144.45333333333335	144.58	144.40666666666667	144.46666666666667	144.54	144.48	144.49333333333334	144.36	143.91333333333333	142.5	135.82	0.0
0.0	135.13333333333333	142.26666666666668	143.98	144.28	144.47333333333333	144.62	144.55333333333334	144.51333333333332	144.59333333333333	144.66	144.54	144.54	144.6	144.64	144.56666666666666	144.55333333333334	144.83333333333334	144.55333333333334	144.62	144.61333333333334	144.58	144.62666666666667	144.68	144.60666666666665	144.62666666666667	144.61333333333334	144.72666666666666	144.59333333333333	144.56666666666666	144.57333333333332	144.5	144.68666666666667	144.56	144.56	144.61333333333334	144.58	144.59333333333333	144.59333333333333	144.55333333333334	144.58666666666667	144.65333333333334	144.54	144.58666666666667	144.64	144.52666666666667	144.59333333333333	144.57333333333332	144.52666666666667	144.61333333333334	144.59333333333333	144.66	144.46666666666667	144.70666666666668	144.59333333333333	144.58666666666667	144.60666666666665	144.59333333333333	144.59333333333333	144.69333333333333	144.53333333333333	144.63333333333333	144.62	144.58	144.54	144.61333333333334	144.46	144.42666666666668	144.27333333333334	143.91333333333333	142.42666666666668	135.32	0.0
0.0	135.16	142.36	143.74666666666667	144.26666666666668	144.40666666666667	144.43333333333334	144.43333333333334	144.48	144.44666666666666	144.43333333333334	144.45333333333335	144.47333333333333	144.35333333333332	144.45333333333335	144.46	144.4	144.64	144.5	144.46	144.50666666666666	144.44666666666666	144.48	144.49333333333334	144.43333333333334	144.42	144.45333333333335	144.38666666666666	144.48666666666668	144.35333333333332	144.38666666666666	144.34	144.35333333333332	144.43333333333334	144.37333333333333	144.36666666666667	144.52	144.39333333333335	144.44666666666666	144.54	144.43333333333334	144.48666666666668	144.52	144.36	144.34666666666666	144.4	144.56666666666666	144.35333333333332	144.43333333333334	144.44666666666666	144.50666666666666	144.41333333333333	144.56	144.38666666666666	144.46	144.55333333333334	144.49333333333334	144.45333333333335	144.40666666666667	144.51333333333332	144.48	144.54	144.42	144.48666666666668	144.34	144.46666666666667	144.51333333333332	144.34666666666666	144.13333333333333	143.88	142.21333333333334	135.39333333333335	0.0
0.0	134.94	142.39333333333335	143.86	144.42	144.50666666666666	144.61333333333334	144.64666666666668	144.59333333333333	144.61333333333334	144.60666666666665	144.55333333333334	144.68	144.53333333333333	144.53333333333333	144.6	144.71333333333334	144.62666666666667	144.64666666666668	144.58	144.64666666666668	144.64666666666668	144.66	144.52666666666667	144.63333333333333	144.68	144.64	144.62	144.72666666666666	144.6	144.56666666666666	144.60666666666665	144.53333333333333	144.57333333333332	144.58	144.56666666666666	144.56	144.54666666666665	144.54666666666665	144.66666666666666	144.56	144.58	144.54666666666665	144.58	144.78666666666666	144.6	144.72	144.6	144.63333333333333	144.59333333333333	144.62666666666667	144.64	144.72	144.58	144.67333333333335	144.64666666666668	144.62	144.66	144.62666666666667	144.58	144.54666666666665	144.49333333333334	144.62	144.51333333333332	144.66	144.58666666666667	144.60666666666665	144.71333333333334	144.43333333333334	144.01333333333332	142.15333333333334	135.47333333333333	0.0
0.0	134.93333333333334	142.16666666666666	144.01333333333332	144.37333333333333	144.36666666666667	144.63333333333333	144.62666666666667	144.66	144.58666666666667	144.63333333333333	144.61333333333334	144.60666666666665	144.64	144.66666666666666	144.64666666666668	144.56	144.64	144.78	144.68666666666667	144.71333333333334	144.53333333333333	144.65333333333334	144.66	144.65333333333334	144.72	144.58666666666667	144.70666666666668	144.58666666666667	144.61333333333334	144.66	144.64666666666668	144.63333333333333	144.67333333333335	144.66	144.56666666666666	144.69333333333333	144.65333333333334	144.68666666666667	144.58666666666667	144.55333333333334	144.62666666666667	144.52666666666667	144.62	144.76	144.68666666666667	144.60666666666665	144.48666666666668	144.57333333333332	144.6	144.66666666666666	144.7	144.64666666666668	144.65333333333334	144.55333333333334	144.56666666666666	144.62	144.64666666666668	144.67333333333335	144.67333333333335	144.56666666666666	144.64666666666668	144.52666666666667	144.58	144.50666666666666	144.56666666666666	144.58	144.45333333333335	144.5	143.9	142.5	135.56666666666666	0.0
0.0	135.05333333333334	142.43333333333334	144.06	144.35333333333332	144.59333333333333	144.53333333333333	144.48	144.6	144.49333333333334	144.66	144.72666666666666	144.45333333333335	144.54666666666665	144.55333333333334	144.48	144.60666666666665	144.57333333333332	144.58666666666667	144.66	144.72	144.55333333333334	144.45333333333335	144.5	144.60666666666665	144.67333333333335	144.58666666666667	144.55333333333334	144.60666666666665	144.54	144.58666666666667	144.49333333333334	144.59333333333333	144.48666666666668	144.54	144.58666666666667	144.61333333333334	144.39333333333335	144.53333333333333	144.56	144.65333333333334	144.61333333333334	144.45333333333335	144.58	144.63333333333333	144.53333333333333	144.62	144.65333333333334	144.58666666666667	144.6	144.52666666666667	144.68666666666667	144.48	144.48666666666668	144.62	144.4	144.52666666666667	144.68	144.68666666666667	144.54666666666665	144.54666666666665	144.53333333333333	144.48666666666668	144.58666666666667	144.46666666666667	144.61333333333334	144.54	144.45333333333335	144.43333333333334	143.80666666666667	142.37333333333333	134.78666666666666	0.0
0.0	135.32666666666665	142.17333333333335	143.77333333333334	144.11333333333334	144.35333333333332	144.30666666666667	144.32	144.24666666666667	144.26666666666668	144.28	144.38666666666666	144.40666666666667	144.38666666666666	144.34666666666666	144.33333333333334	144.37333333333333	144.4	144.25333333333333	144.27333333333334	144.28	144.32666666666665	144.37333333333333	144.16666666666666	144.26666666666668	144.40666666666667	144.36666666666667	144.38666666666666	144.26	144.37333333333333	144.37333333333333	144.41333333333333	144.48666666666668	144.42666666666668	144.26	144.30666666666667	144.30666666666667	144.4	144.32666666666665	144.40666666666667	144.18	144.30666666666667	144.36	144.31333333333333	144.36	144.5	144.46	144.34666666666666	144.2	144.29333333333332	144.36	144.38	144.28666666666666	144.34666666666666	144.25333333333333	144.21333333333334	144.20666666666668	144.19333333333333	144.4	144.45333333333335	144.42666666666668	144.32	144.42666666666668	144.32666666666665	144.34	144.23333333333332	144.3	144.15333333333334	144.14	143.62666666666667	142.08	135.08666666666667	0.0
0.0	135.09333333333333	142.46	143.86666666666667	144.24666666666667	144.42666666666668	144.54	144.55333333333334	144.54	144.7	144.52	144.46	144.47333333333333	144.50666666666666	144.68666666666667	144.48666666666668	144.52	144.54	144.45333333333335	144.68	144.61333333333334	144.52	144.54666666666665	144.6	144.62666666666667	144.55333333333334	144.52666666666667	144.52	144.58666666666667	144.50666666666666	144.52	144.6	144.69333333333333	144.63333333333333	144.53333333333333	144.55333333333334	144.50666666666666	144.54666666666665	144.49333333333334	144.68666666666667	144.62666666666667	144.6	144.52	144.51333333333332	144.57333333333332	144.47333333333333	144.52666666666667	144.58666666666667	144.45333333333335	144.48666666666668	144.57333333333332	144.48	144.6	144.63333333333333	144.52666666666667	144.55333333333334	144.50666666666666	144.54	144.6	144.5	144.53333333333333	144.51333333333332	144.66	144.61333333333334	144.53333333333333	144.57333333333332	144.62	144.49333333333334	144.38666666666666	143.98	142.36666666666667	135.30666666666667	0.0
0.0	135.34	142.44	143.89333333333335	144.37333333333333	144.42666666666668	144.54	144.52666666666667	144.58666666666667	144.52666666666667	144.5	144.42666666666668	144.56	144.54666666666665	144.56	144.64	144.58	144.48666666666668	144.62666666666667	144.58666666666667	144.62666666666667	144.54666666666665	144.5	144.60666666666665	144.58	144.45333333333335	144.58	144.64	144.59333333333333	144.56	144.47333333333333	144.61333333333334	144.56	144.6	144.58666666666667	144.42666666666668	144.61333333333334	144.59333333333333	144.5	144.74666666666667	144.54666666666665	144.54666666666665	144.51333333333332	144.49333333333334	144.48666666666668	144.56666666666666	144.48666666666668	144.51333333333332	144.57333333333332	144.54666666666665	144.58	144.65333333333334	144.57333333333332	144.5	144.48666666666668	144.48	144.48666666666668	144.5	144.46	144.54666666666665	144.53333333333333	144.5	144.4	144.52666666666667	144.52	144.56666666666666	144.60666666666665	144.62666666666667	144.31333333333333	143.88	142.24666666666667	135.08666666666667	0.0
0.0	135.36	142.44666666666666	143.72666666666666	144.24	144.46	144.37333333333333	144.44666666666666	144.46666666666667	144.5	144.52	144.54666666666665	144.52	144.52666666666667	144.54666666666665	144.52	144.48	144.52	144.41333333333333	144.48666666666668	144.5	144.46666666666667	144.43333333333334	144.42666666666668	144.46666666666667	144.42	144.73333333333332	144.52666666666667	144.37333333333333	144.38666666666666	144.51333333333332	144.48	144.47333333333333	144.54666666666665	144.59333333333333	144.44666666666666	144.58	144.46	144.38666666666666	144.46	144.46666666666667	144.62	144.57333333333332	144.48	144.46666666666667	144.47333333333333	144.39333333333335	144.33333333333334	144.47333333333333	144.56666666666666	144.50666666666666	144.61333333333334	144.48666666666668	144.49333333333334	144.49333333333334	144.40666666666667	144.42666666666668	144.57333333333332	144.62666666666667	144.53333333333333	144.58	144.48666666666668	144.46	144.5	144.5	144.44666666666666	144.48	144.40666666666667	144.24666666666667	143.96	142.31333333333333	135.29333333333332	0.0
0.0	135.43333333333334	142.26666666666668	143.96	144.28666666666666	144.38666666666666	144.52666666666667	144.53333333333333	144.46	144.47333333333333	144.38666666666666	144.43333333333334	144.47333333333333	144.3	144.32666666666665	144.44	144.39333333333335	144.46666666666667	144.48666666666668	144.46	144.46666666666667	144.52666666666667	144.43333333333334	144.34666666666666	144.26	144.4	144.42666666666668	144.38	144.4	144.33333333333334	144.31333333333333	144.44666666666666	144.52	144.48	144.46666666666667	144.44666666666666	144.42666666666668	144.38666666666666	144.4	144.5	144.48	144.48666666666668	144.50666666666666	144.56	144.48	144.45333333333335	144.52666666666667	144.48	144.50666666666666	144.50666666666666	144.48	144.48	144.51333333333332	144.52	144.56666666666666	144.54	144.6	144.48666666666668	144.44	144.47333333333333	144.47333333333333	144.35333333333332	144.34666666666666	144.40666666666667	144.44	144.30666666666667	144.49333333333334	144.38	144.3	143.79333333333332	142.38666666666666	135.33333333333334	0.0
0.0	135.07333333333332	142.16	143.76	144.24666666666667	144.3	144.48	144.52	144.51333333333332	144.52666666666667	144.4	144.43333333333334	144.52	144.38	144.5	144.47333333333333	144.46	144.48666666666668	144.52666666666667	144.54	144.4	144.56	144.55333333333334	144.48	144.42	144.40666666666667	144.35333333333332	144.54	144.47333333333333	144.4	144.39333333333335	144.39333333333335	144.48	144.45333333333335	144.54	144.38666666666666	144.47333333333333	144.51333333333332	144.66	144.54666666666665	144.52666666666667	144.48666666666668	144.36666666666667	144.48	144.45333333333335	144.47333333333333	144.44	144.42	144.40666666666667	144.44666666666666	144.34666666666666	144.43333333333334	144.41333333333333	144.38666666666666	144.48	144.50666666666666	144.4	144.48666666666668	144.48	144.48666666666668	144.6	144.51333333333332	144.50666666666666	144.43333333333334	144.39333333333335	144.42666666666668	144.35333333333332	144.39333333333335	144.18	143.76666666666668	142.42666666666668	135.2	0.0
0.0	135.17333333333335	142.46666666666667	143.80666666666667	144.38	144.44666666666666	144.42666666666668	144.54	144.48666666666668	144.54666666666665	144.58666666666667	144.48666666666668	144.3	144.42	144.53333333333333	144.55333333333334	144.4	144.5	144.36666666666667	144.47333333333333	144.49333333333334	144.62	144.42666666666668	144.59333333333333	144.49333333333334	144.45333333333335	144.49333333333334	144.44666666666666	144.53333333333333	144.54666666666665	144.48666666666668	144.57333333333332	144.58666666666667	144.54666666666665	144.61333333333334	144.54	144.57333333333332	144.46666666666667	144.52	144.53333333333333	144.57333333333332	144.54666666666665	144.56666666666666	144.38	144.44	144.55333333333334	144.63333333333333	144.54666666666665	144.51333333333332	144.46	144.51333333333332	144.50666666666666	144.56666666666666	144.64	144.54666666666665	144.52	144.58	144.62666666666667	144.59333333333333	144.56	144.63333333333333	144.55333333333334	144.48	144.55333333333334	144.5	144.58	144.50666666666666	144.6	144.50666666666666	143.93333333333334	142.22666666666666	135.16666666666666	0.0
0.0	135.42	142.47333333333333	144.00666666666666	144.46	144.50666666666666	144.49333333333334	144.64	144.52	144.44666666666666	144.4	144.41333333333333	144.52	144.52	144.44666666666666	144.42	144.56666666666666	144.57333333333332	144.58666666666667	144.60666666666665	144.48666666666668	144.65333333333334	144.56666666666666	144.53333333333333	144.56	144.46666666666667	144.46	144.52	144.52666666666667	144.49333333333334	144.56666666666666	144.51333333333332	144.44	144.54666666666665	144.63333333333333	144.56666666666666	144.54666666666665	144.56	144.50666666666666	144.54	144.46	144.62	144.59333333333333	144.62	144.62666666666667	144.45333333333335	144.6	144.55333333333334	144.56	144.57333333333332	144.5	144.51333333333332	144.69333333333333	144.42666666666668	144.43333333333334	144.53333333333333	144.41333333333333	144.6	144.53333333333333	144.66	144.49333333333334	144.51333333333332	144.39333333333335	144.55333333333334	144.6	144.74666666666667	144.6	144.50666666666666	144.39333333333335	143.97333333333333	142.20666666666668	135.13333333333333	0.0
0.0	134.96	142.08666666666667	143.76	144.20666666666668	144.32	144.56666666666666	144.63333333333333	144.50666666666666	144.52666666666667	144.4	144.59333333333333	144.47333333333333	144.56	144.54	144.40666666666667	144.56	144.48666666666668	144.54	144.5	144.64666666666668	144.81333333333333	144.5	144.47333333333333	144.43333333333334	144.41333333333333	144.54	144.50666666666666	144.47333333333333	144.47333333333333	144.5	144.49333333333334	144.47333333333333	144.48666666666668	144.44666666666666	144.5	144.60666666666665	144.56	144.55333333333334	144.54	144.5	144.56	144.41333333333333	144.47333333333333	144.58	144.46	144.41333333333333	144.56	144.66	144.54666666666665	144.59333333333333	144.49333333333334	144.54	144.42666666666668	144.57333333333332	144.37333333333333	144.46	144.48	144.44666666666666	144.56	144.53333333333333	144.58	144.54666666666665	144.4	144.45333333333335	144.58	144.5	144.49333333333334	144.37333333333333	143.77333333333334	142.03333333333333	134.92666666666668	0.0
0.0	134.87333333333333	142.34	143.81333333333333	144.23333333333332	144.44666666666666	144.50666666666666	144.36666666666667	144.44666666666666	144.56666666666666	144.43333333333334	144.49333333333334	144.43333333333334	144.56666666666666	144.44	144.48666666666668	144.41333333333333	144.41333333333333	144.44666666666666	144.46666666666667	144.46	144.45333333333335	144.44	144.50666666666666	144.54666666666665	144.43333333333334	144.54	144.41333333333333	144.41333333333333	144.52	144.49333333333334	144.40666666666667	144.46	144.56	144.45333333333335	144.38666666666666	144.28666666666666	144.39333333333335	144.49333333333334	144.45333333333335	144.38666666666666	144.46	144.48666666666668	144.44666666666666	144.38	144.48	144.48666666666668	144.38666666666666	144.45333333333335	144.38666666666666	144.61333333333334	144.42666666666668	144.35333333333332	144.42	144.38666666666666	144.43333333333334	144.44	144.50666666666666	144.48666666666668	144.41333333333333	144.38	144.42	144.44	144.36666666666667	144.5	144.56	144.50666666666666	144.50666666666666	144.26666666666668	143.94666666666666	142.42	135.02666666666667	0.0
0.0	135.0	142.33333333333334	143.94666666666666	144.24	144.34	144.43333333333334	144.41333333333333	144.58666666666667	144.59333333333333	144.50666666666666	144.42666666666668	144.48	144.47333333333333	144.48	144.56666666666666	144.4	144.43333333333334	144.46	144.5	144.44666666666666	144.28666666666666	144.56	144.47333333333333	144.44666666666666	144.44666666666666	144.54	144.62	144.42	144.37333333333333	144.59333333333333	144.54	144.47333333333333	144.44666666666666	144.44	144.52666666666667	144.42666666666668	144.37333333333333	144.44	144.45333333333335	144.38	144.44	144.32666666666665	144.43333333333334	144.46	144.46666666666667	144.35333333333332	144.48	144.46	144.52666666666667	144.42	144.44	144.48	144.4	144.44	144.49333333333334	144.45333333333335	144.48	144.6	144.54666666666665	144.48666666666668	144.44666666666666	144.59333333333333	144.58666666666667	144.43333333333334	144.46666666666667	144.48666666666668	144.32	144.31333333333333	143.97333333333333	142.38666666666666	135.26	0.0
0.0	135.24	142.41333333333333	144.0	144.23333333333332	144.33333333333334	144.38666666666666	144.52666666666667	144.38666666666666	144.38666666666666	144.48	144.30666666666667	144.36	144.38666666666666	144.42	144.51333333333332	144.42666666666668	144.38	144.53333333333333	144.44	144.42	144.45333333333335	144.4	144.27333333333334	144.43333333333334	144.36	144.56	144.35333333333332	144.54	144.51333333333332	144.41333333333333	144.42	144.52	144.36	144.46666666666667	144.43333333333334	144.51333333333332	144.43333333333334	144.38	144.48	144.34666666666666	144.41333333333333	144.54	144.66	144.43333333333334	144.42666666666668	144.37333333333333	144.51333333333332	144.36666666666667	144.42	144.48666666666668	144.4	144.42	144.44	144.30666666666667	144.36666666666667	144.4	144.42666666666668	144.50666666666666	144.51333333333332	144.40666666666667	144.44	144.4	144.62666666666667	144.54	144.48666666666668	144.54666666666665	144.37333333333333	144.28666666666666	143.91333333333333	142.22	135.1	0.0
0.0	135.7	142.50666666666666	143.95333333333335	144.20666666666668	144.56	144.47333333333333	144.39333333333335	144.47333333333333	144.50666666666666	144.42666666666668	144.46666666666667	144.48	144.46	144.36	144.44666666666666	144.57333333333332	144.59333333333333	144.52	144.51333333333332	144.42	144.40666666666667	144.52666666666667	144.56	144.54666666666665	144.48666666666668	144.46	144.56666666666666	144.6	144.44	144.53333333333333	144.49333333333334	144.44	144.44	144.41333333333333	144.52	144.54	144.58	144.48	144.5	144.54666666666665	144.55333333333334	144.32666666666665	144.51333333333332	144.56666666666666	144.46666666666667	144.48	144.54666666666665	144.54666666666665	144.51333333333332	144.5	144.42666666666668	144.58666666666667	144.46	144.36666666666667	144.36666666666667	144.36666666666667	144.41333333333333	144.62666666666667	144.40666666666667	144.43333333333334	144.42666666666668	144.56	144.53333333333333	144.44666666666666	144.52	144.5	144.36	144.37333333333333	143.72	142.23333333333332	135.61333333333334	0.0
0.0	135.34666666666666	142.22	143.9	144.42666666666668	144.34666666666666	144.58	144.49333333333334	144.40666666666667	144.42666666666668	144.44666666666666	144.51333333333332	144.53333333333333	144.53333333333333	144.55333333333334	144.46666666666667	144.50666666666666	144.50666666666666	144.60666666666665	144.45333333333335	144.56666666666666	144.44666666666666	144.46	144.52	144.53333333333333	144.54	144.51333333333332	144.55333333333334	144.48	144.62666666666667	144.7	144.50666666666666	144.55333333333334	144.54666666666665	144.54666666666665	144.6	144.46	144.62	144.58	144.46	144.44666666666666	144.47333333333333	144.69333333333333	144.67333333333335	144.60666666666665	144.66	144.6	144.5	144.59333333333333	144.47333333333333	144.56	144.42	144.60666666666665	144.53333333333333	144.46666666666667	144.51333333333332	144.48666666666668	144.54	144.56	144.63333333333333	144.54	144.56	144.50666666666666	144.56666666666666	144.47333333333333	144.47333333333333	144.51333333333332	144.6	144.43333333333334	144.14	142.37333333333333	135.52	0.0
0.0	135.22666666666666	142.50666666666666	143.88	144.30666666666667	144.41333333333333	144.56	144.66666666666666	144.6	144.55333333333334	144.49333333333334	144.58666666666667	144.61333333333334	144.51333333333332	144.52666666666667	144.55333333333334	144.56666666666666	144.55333333333334	144.54	144.6	144.61333333333334	144.57333333333332	144.59333333333333	144.52	144.52666666666667	144.58666666666667	144.53333333333333	144.44666666666666	144.56	144.59333333333333	144.45333333333335	144.43333333333334	144.58666666666667	144.66666666666666	144.62666666666667	144.59333333333333	144.58	144.54	144.58666666666667	144.7	144.58	144.61333333333334	144.59333333333333	144.61333333333334	144.62	144.54	144.61333333333334	144.64666666666668	144.54666666666665	144.54666666666665	144.62	144.62666666666667	144.61333333333334	144.73333333333332	144.70666666666668	144.7	144.60666666666665	144.61333333333334	144.6	144.66	144.60666666666665	144.57333333333332	144.44	144.52666666666667	144.59333333333333	144.52	144.53333333333333	144.44	144.5	144.10666666666665	142.60666666666665	135.14	0.0
0.0	135.16666666666666	142.25333333333333	143.97333333333333	144.36	144.38666666666666	144.42666666666668	144.38666666666666	144.48666666666668	144.51333333333332	144.5	144.47333333333333	144.57333333333332	144.47333333333333	144.48	144.48666666666668	144.56	144.42666666666668	144.49333333333334	144.39333333333335	144.4	144.54	144.49333333333334	144.51333333333332	144.48	144.39333333333335	144.48666666666668	144.54	144.58	144.61333333333334	144.56	144.50666666666666	144.52666666666667	144.6	144.58666666666667	144.52	144.42666666666668	144.53333333333333	144.55333333333334	144.58	144.52666666666667	144.48666666666668	144.50666666666666	144.4	144.42666666666668	144.52666666666667	144.52	144.48666666666668	144.53333333333333	144.51333333333332	144.48666666666668	144.57333333333332	144.58	144.36	144.43333333333334	144.53333333333333	144.59333333333333	144.54666666666665	144.54666666666665	144.57333333333332	144.52666666666667	144.52666666666667	144.42666666666668	144.57333333333332	144.48666666666668	144.54	144.52	144.52	144.27333333333334	143.89333333333335	142.5	135.50666666666666	0.0
0.0	135.22	142.30666666666667	143.84666666666666	144.29333333333332	144.37333333333333	144.52	144.55333333333334	144.43333333333334	144.36	144.34666666666666	144.51333333333332	144.55333333333334	144.50666666666666	144.54	144.34	144.46	144.50666666666666	144.53333333333333	144.46666666666667	144.48	144.6	144.53333333333333	144.46666666666667	144.57333333333332	144.52	144.44666666666666	144.47333333333333	144.4	144.44	144.47333333333333	144.44	144.51333333333332	144.51333333333332	144.5	144.48666666666668	144.39333333333335	144.5	144.60666666666665	144.56	144.58	144.57333333333332	144.6	144.50666666666666	144.51333333333332	144.46	144.47333333333333	144.52	144.53333333333333	144.45333333333335	144.46	144.53333333333333	144.47333333333333	144.36	144.39333333333335	144.37333333333333	144.56666666666666	144.53333333333333	144.50666666666666	144.48666666666668	144.49333333333334	144.44666666666666	144.50666666666666	144.40666666666667	144.54	144.56666666666666	144.39333333333335	144.42	144.18	143.87333333333333	142.15333333333334	135.47333333333333	0.0
0.0	135.34	142.33333333333334	143.97333333333333	144.48	144.47333333333333	144.55333333333334	144.52	144.62	144.57333333333332	144.64666666666668	144.56	144.60666666666665	144.52666666666667	144.47333333333333	144.68666666666667	144.57333333333332	144.61333333333334	144.46666666666667	144.70666666666668	144.64	144.53333333333333	144.62666666666667	144.52	144.52	144.51333333333332	144.47333333333333	144.56	144.58	144.54666666666665	144.56666666666666	144.52666666666667	144.70666666666668	144.57333333333332	144.6	144.54	144.59333333333333	144.62	144.51333333333332	144.4	144.56	144.42	144.54	144.56	144.54666666666665	144.53333333333333	144.57333333333332	144.46666666666667	144.42	144.54	144.54666666666665	144.56666666666666	144.46	144.48	144.55333333333334	144.54666666666665	144.58666666666667	144.6	144.56	144.63333333333333	144.68	144.64666666666668	144.50666666666666	144.52666666666667	144.59333333333333	144.49333333333334	144.46	144.58666666666667	144.42666666666668	144.12666666666667	142.52	135.13333333333333	0.0
0.0	134.86666666666667	142.31333333333333	143.91333333333333	144.4	144.49333333333334	144.49333333333334	144.49333333333334	144.53333333333333	144.39333333333335	144.46	144.5	144.38666666666666	144.41333333333333	144.65333333333334	144.60666666666665	144.48666666666668	144.63333333333333	144.57333333333332	144.5	144.44666666666666	144.6	144.48	144.56	144.50666666666666	144.70666666666668	144.54666666666665	144.45333333333335	144.48666666666668	144.52	144.44666666666666	144.38	144.63333333333333	144.59333333333333	144.58666666666667	144.52666666666667	144.52666666666667	144.58	144.58666666666667	144.58	144.60666666666665	144.56	144.42666666666668	144.52666666666667	144.56	144.58	144.53333333333333	144.62666666666667	144.48666666666668	144.55333333333334	144.49333333333334	144.44	144.46666666666667	144.51333333333332	144.40666666666667	144.58	144.40666666666667	144.57333333333332	144.43333333333334	144.56	144.48	144.36	144.42	144.57333333333332	144.60666666666665	144.55333333333334	144.3	144.40666666666667	144.28666666666666	143.84	142.34	135.11333333333334	0.0
0.0	135.0	142.41333333333333	143.91333333333333	144.28	144.40666666666667	144.39333333333335	144.54666666666665	144.56666666666666	144.70666666666668	144.52666666666667	144.48666666666668	144.64666666666668	144.53333333333333	144.54666666666665	144.58	144.49333333333334	144.59333333333333	144.4	144.42666666666668	144.53333333333333	144.48	144.46666666666667	144.63333333333333	144.56666666666666	144.53333333333333	144.55333333333334	144.67333333333335	144.66	144.64	144.41333333333333	144.45333333333335	144.58	144.64666666666668	144.52666666666667	144.43333333333334	144.43333333333334	144.42666666666668	144.47333333333333	144.55333333333334	144.53333333333333	144.59333333333333	144.5	144.64666666666668	144.55333333333334	144.48666666666668	144.51333333333332	144.53333333333333	144.40666666666667	144.48	144.47333333333333	144.52666666666667	144.5	144.50666666666666	144.56666666666666	144.56666666666666	144.47333333333333	144.45333333333335	144.58666666666667	144.56	144.54666666666665	144.61333333333334	144.60666666666665	144.54	144.58	144.62666666666667	144.51333333333332	144.66	144.56	143.8	142.34	135.4	0.0
0.0	135.51333333333332	142.47333333333333	143.98666666666668	144.42	144.52	144.58	144.6	144.65333333333334	144.68	144.65333333333334	144.63333333333333	144.63333333333333	144.52	144.64	144.66	144.60666666666665	144.61333333333334	144.62	144.54666666666665	144.56	144.64	144.68666666666667	144.90666666666667	144.52	144.71333333333334	144.58666666666667	144.57333333333332	144.64666666666668	144.63333333333333	144.71333333333334	144.58666666666667	144.57333333333332	144.62	144.60666666666665	144.59333333333333	144.58	144.65333333333334	144.55333333333334	144.65333333333334	144.58	144.69333333333333	144.56	144.53333333333333	144.72666666666666	144.64	144.67333333333335	144.64666666666668	144.76	144.70666666666668	144.61333333333334	144.66	144.42	144.62	144.58	144.71333333333334	144.50666666666666	144.62	144.56	144.54	144.75333333333333	144.62	144.57333333333332	144.65333333333334	144.68	144.55333333333334	144.5	144.52	144.24	143.77333333333334	142.30666666666667	135.01333333333332	0.0
0.0	135.51333333333332	142.54	143.69333333333333	144.29333333333332	144.49333333333334	144.46666666666667	144.51333333333332	144.67333333333335	144.51333333333332	144.48	144.6	144.66666666666666	144.58	144.62	144.68666666666667	144.66666666666666	144.78	144.73333333333332	144.67333333333335	144.6	144.60666666666665	144.58666666666667	144.63333333333333	144.68	144.78666666666666	144.52666666666667	144.68666666666667	144.56	144.56666666666666	144.60666666666665	144.52	144.57333333333332	144.60666666666665	144.56	144.58	144.56666666666666	144.48	144.48666666666668	144.47333333333333	144.60666666666665	144.58666666666667	144.69333333333333	144.6	144.62666666666667	144.53333333333333	144.58	144.64666666666668	144.67333333333335	144.59333333333333	144.45333333333335	144.58	144.71333333333334	144.69333333333333	144.63333333333333	144.49333333333334	144.58666666666667	144.62666666666667	144.51333333333332	144.71333333333334	144.58	144.59333333333333	144.64666666666668	144.58666666666667	144.68666666666667	144.66	144.54666666666665	144.48	144.38666666666666	143.96666666666667	142.44	135.14666666666668	0.0
0.0	135.16	142.40666666666667	143.86666666666667	144.34	144.4	144.52	144.44666666666666	144.44	144.48	144.43333333333334	144.55333333333334	144.49333333333334	144.61333333333334	144.54666666666665	144.58	144.44666666666666	144.48666666666668	144.57333333333332	144.66666666666666	144.54666666666665	144.52	144.42	144.57333333333332	144.6	144.63333333333333	144.62666666666667	144.55333333333334	144.68	144.53333333333333	144.54	144.56	144.54666666666665	144.57333333333332	144.48666666666668	144.56666666666666	144.64	144.59333333333333	144.57333333333332	144.48	144.46	144.48666666666668	144.62	144.56	144.5	144.42666666666668	144.62	144.51333333333332	144.50666666666666	144.48666666666668	144.40666666666667	144.59333333333333	144.46666666666667	144.57333333333332	144.48666666666668	144.55333333333334	144.67333333333335	144.56	144.44666666666666	144.64	144.51333333333332	144.51333333333332	144.48666666666668	144.5	144.34666666666666	144.44	144.46	144.33333333333334	144.23333333333332	143.77333333333334	142.36666666666667	135.29333333333332	0.0
0.0	135.16666666666666	142.23333333333332	143.72666666666666	144.25333333333333	144.29333333333332	144.5	144.51333333333332	144.54	144.44	144.46	144.54666666666665	144.4	144.40666666666667	144.42666666666668	144.44666666666666	144.49333333333334	144.34	144.38	144.48	144.5	144.43333333333334	144.38	144.37333333333333	144.44	144.5	144.48666666666668	144.44666666666666	144.55333333333334	144.52	144.37333333333333	144.52666666666667	144.42666666666668	144.33333333333334	144.37333333333333	144.40666666666667	144.42	144.54666666666665	144.36	144.48666666666668	144.41333333333333	144.50666666666666	144.52	144.35333333333332	144.36666666666667	144.47333333333333	144.43333333333334	144.49333333333334	144.46	144.29333333333332	144.46666666666667	144.36666666666667	144.38	144.42	144.55333333333334	144.4	144.42666666666668	144.36	144.39333333333335	144.35333333333332	144.54	144.55333333333334	144.65333333333334	144.42666666666668	144.48666666666668	144.48	144.45333333333335	144.4	144.32666666666665	143.90666666666667	142.24	134.99333333333334	0.0
0.0	135.4	142.27333333333334	143.80666666666667	144.16666666666666	144.35333333333332	144.5	144.5	144.5	144.27333333333334	144.42666666666668	144.4	144.44	144.44	144.46	144.52	144.46666666666667	144.54666666666665	144.39333333333335	144.61333333333334	144.52	144.54666666666665	144.37333333333333	144.36	144.42	144.35333333333332	144.54666666666665	144.35333333333332	144.40666666666667	144.46	144.44	144.50666666666666	144.49333333333334	144.52	144.45333333333335	144.49333333333334	144.41333333333333	144.39333333333335	144.37333333333333	144.35333333333332	144.36666666666667	144.51333333333332	144.58	144.36666666666667	144.38	144.42666666666668	144.36	144.39333333333335	144.38666666666666	144.46666666666667	144.38	144.44666666666666	144.48	144.49333333333334	144.39333333333335	144.36666666666667	144.57333333333332	144.39333333333335	144.56666666666666	144.50666666666666	144.48	144.56	144.58666666666667	144.56666666666666	144.47333333333333	144.44	144.34	144.26666666666668	144.22666666666666	143.82	142.20666666666668	135.19333333333333	0.0
0.0	135.16666666666666	142.26666666666668	143.94666666666666	144.30666666666667	144.36666666666667	144.45333333333335	144.56	144.52666666666667	144.56	144.60666666666665	144.58	144.44	144.55333333333334	144.49333333333334	144.62666666666667	144.52	144.56666666666666	144.7	144.52	144.6	144.54	144.46	144.66	144.78666666666666	144.58666666666667	144.63333333333333	144.55333333333334	144.6	144.65333333333334	144.51333333333332	144.62	144.51333333333332	144.54666666666665	144.68	144.6	144.64666666666668	144.60666666666665	144.74	144.78666666666666	144.61333333333334	144.64	144.58	144.63333333333333	144.68666666666667	144.61333333333334	144.64	144.51333333333332	144.64666666666668	144.50666666666666	144.56	144.68	144.50666666666666	144.52666666666667	144.57333333333332	144.51333333333332	144.58666666666667	144.57333333333332	144.56666666666666	144.56666666666666	144.67333333333335	144.74	144.52666666666667	144.58666666666667	144.58	144.54666666666665	144.56666666666666	144.55333333333334	144.38	143.98666666666668	142.34666666666666	135.50666666666666	0.0
0.0	135.26	142.39333333333335	143.95333333333335	144.30666666666667	144.38666666666666	144.45333333333335	144.42666666666668	144.51333333333332	144.6	144.56666666666666	144.47333333333333	144.38666666666666	144.43333333333334	144.52666666666667	144.50666666666666	144.44666666666666	144.54	144.46	144.56	144.45333333333335	144.51333333333332	144.43333333333334	144.4	144.4	144.69333333333333	144.47333333333333	144.38666666666666	144.46	144.43333333333334	144.37333333333333	144.46666666666667	144.48666666666668	144.36	144.48666666666668	144.34666666666666	144.53333333333333	144.34666666666666	144.46666666666667	144.39333333333335	144.42666666666668	144.42	144.47333333333333	144.44	144.42	144.44666666666666	144.39333333333335	144.43333333333334	144.51333333333332	144.46666666666667	144.54	144.48666666666668	144.52	144.58666666666667	144.46	144.48666666666668	144.30666666666667	144.4	144.37333333333333	144.30666666666667	144.42666666666668	144.44	144.35333333333332	144.46	144.51333333333332	144.56666666666666	144.34	144.5	144.39333333333335	143.87333333333333	142.34	135.34	0.0
0.0	135.15333333333334	142.22666666666666	143.98666666666668	144.24	144.42666666666668	144.66	144.60666666666665	144.60666666666665	144.58666666666667	144.60666666666665	144.46666666666667	144.56	144.58666666666667	144.48	144.50666666666666	144.48666666666668	144.48666666666668	144.65333333333334	144.62	144.60666666666665	144.64666666666668	144.54666666666665	144.51333333333332	144.36666666666667	144.51333333333332	144.46666666666667	144.48666666666668	144.58666666666667	144.42666666666668	144.60666666666665	144.56666666666666	144.56666666666666	144.53333333333333	144.46	144.53333333333333	144.49333333333334	144.61333333333334	144.33333333333334	144.65333333333334	144.59333333333333	144.54	144.52666666666667	144.64666666666668	144.64	144.64	144.63333333333333	144.58	144.60666666666665	144.56666666666666	144.51333333333332	144.44666666666666	144.53333333333333	144.46666666666667	144.58	144.52666666666667	144.60666666666665	144.63333333333333	144.56	144.61333333333334	144.51333333333332	144.67333333333335	144.58666666666667	144.58	144.54666666666665	144.58666666666667	144.5	144.46666666666667	144.46	144.05333333333334	142.48666666666668	135.62	0.0
0.0	135.06	142.26666666666668	143.88666666666666	144.43333333333334	144.44	144.59333333333333	144.53333333333333	144.53333333333333	144.36666666666667	144.47333333333333	144.5	144.47333333333333	144.52	144.43333333333334	144.45333333333335	144.50666666666666	144.53333333333333	144.48	144.42	144.32	144.38666666666666	144.46	144.57333333333332	144.60666666666665	144.46	144.54666666666665	144.33333333333334	144.38666666666666	144.6	144.5	144.53333333333333	144.44	144.41333333333333	144.58	144.40666666666667	144.42666666666668	144.35333333333332	144.45333333333335	144.39333333333335	144.4	144.51333333333332	144.39333333333335	144.56666666666666	144.56666666666666	144.43333333333334	144.48666666666668	144.45333333333335	144.46666666666667	144.5	144.5	144.50666666666666	144.52666666666667	144.52	144.31333333333333	144.41333333333333	144.45333333333335	144.46666666666667	144.44	144.46	144.39333333333335	144.43333333333334	144.60666666666665	144.44666666666666	144.42	144.4	144.54	144.49333333333334	144.3	143.84	142.24	135.24	0.0
0.0	135.18666666666667	142.44666666666666	143.76666666666668	144.36	144.53333333333333	144.42	144.56	144.72	144.62666666666667	144.61333333333334	144.57333333333332	144.59333333333333	144.46666666666667	144.56	144.68	144.62	144.56	144.62666666666667	144.52	144.50666666666666	144.62	144.60666666666665	144.64	144.64666666666668	144.60666666666665	144.48666666666668	144.64666666666668	144.54666666666665	144.52	144.59333333333333	144.57333333333332	144.5	144.45333333333335	144.44	144.48666666666668	144.4	144.56666666666666	144.56	144.46666666666667	144.55333333333334	144.65333333333334	144.58	144.6	144.56666666666666	144.46666666666667	144.61333333333334	144.54	144.57333333333332	144.54	144.58666666666667	144.52	144.52	144.47333333333333	144.64666666666668	144.44666666666666	144.52	144.52666666666667	144.38666666666666	144.63333333333333	144.58666666666667	144.53333333333333	144.54	144.62	144.64	144.55333333333334	144.50666666666666	144.5	144.27333333333334	143.91333333333333	142.1	135.34	0.0
0.0	134.84	142.15333333333334	143.70666666666668	144.15333333333334	144.37333333333333	144.39333333333335	144.54666666666665	144.5	144.47333333333333	144.45333333333335	144.44	144.4	144.38666666666666	144.45333333333335	144.60666666666665	144.56666666666666	144.39333333333335	144.44666666666666	144.48	144.48	144.62	144.48	144.48666666666668	144.58	144.59333333333333	144.54666666666665	144.48666666666668	144.55333333333334	144.52666666666667	144.47333333333333	144.54	144.50666666666666	144.55333333333334	144.59333333333333	144.60666666666665	144.50666666666666	144.53333333333333	144.55333333333334	144.53333333333333	144.5	144.63333333333333	144.54666666666665	144.49333333333334	144.52	144.42666666666668	144.41333333333333	144.51333333333332	144.51333333333332	144.48	144.44666666666666	144.49333333333334	144.57333333333332	144.54666666666665	144.44666666666666	144.46666666666667	144.63333333333333	144.58	144.64666666666668	144.59333333333333	144.51333333333332	144.47333333333333	144.52666666666667	144.49333333333334	144.47333333333333	144.50666666666666	144.53333333333333	144.46666666666667	144.26	143.76666666666668	142.3	135.42666666666668	0.0
0.0	135.32666666666665	142.37333333333333	144.0	144.34666666666666	144.54	144.5	144.66666666666666	144.64	144.52666666666667	144.55333333333334	144.61333333333334	144.48666666666668	144.49333333333334	144.53333333333333	144.54666666666665	144.42	144.46666666666667	144.49333333333334	144.5	144.61333333333334	144.79333333333332	144.68	144.58	144.58666666666667	144.61333333333334	144.64666666666668	144.58	144.51333333333332	144.56	144.64	144.65333333333334	144.68666666666667	144.52666666666667	144.46	144.58666666666667	144.62666666666667	144.56	144.47333333333333	144.48666666666668	144.58	144.55333333333334	144.6	144.5	144.67333333333335	144.52	144.65333333333334	144.56	144.59333333333333	144.55333333333334	144.58666666666667	144.67333333333335	144.66	144.60666666666665	144.60666666666665	144.56666666666666	144.6	144.45333333333335	144.55333333333334	144.58	144.58	144.64	144.57333333333332	144.60666666666665	144.48666666666668	144.61333333333334	144.65333333333334	144.40666666666667	144.37333333333333	144.02666666666667	142.41333333333333	135.38	0.0
0.0	135.66	142.55333333333334	143.98666666666668	144.39333333333335	144.48	144.54666666666665	144.46	144.6	144.59333333333333	144.73333333333332	144.58	144.57333333333332	144.52666666666667	144.64666666666668	144.58	144.68	144.56666666666666	144.62666666666667	144.57333333333332	144.66666666666666	144.44	144.69333333333333	144.56	144.59333333333333	144.52	144.62666666666667	144.60666666666665	144.59333333333333	144.58	144.62666666666667	144.6	144.58	144.54666666666665	144.55333333333334	144.64666666666668	144.7	144.54	144.61333333333334	144.66666666666666	144.67333333333335	144.68666666666667	144.72	144.59333333333333	144.52	144.54666666666665	144.62	144.58	144.68	144.58666666666667	144.58666666666667	144.48666666666668	144.58666666666667	144.65333333333334	144.6	144.57333333333332	144.56	144.50666666666666	144.70666666666668	144.56666666666666	144.62666666666667	144.64666666666668	144.59333333333333	144.51333333333332	144.56666666666666	144.54	144.57333333333332	144.52666666666667	144.31333333333333	143.94	142.70666666666668	135.49333333333334	0.0
0.0	135.23333333333332	142.35333333333332	143.88	144.22666666666666	144.36666666666667	144.48	144.45333333333335	144.39333333333335	144.51333333333332	144.36666666666667	144.52666666666667	144.4	144.38666666666666	144.48666666666668	144.36666666666667	144.45333333333335	144.39333333333335	144.45333333333335	144.41333333333333	144.54	144.32666666666665	144.48	144.50666666666666	144.52666666666667	144.48666666666668	144.47333333333333	144.48	144.40666666666667	144.42666666666668	144.6	144.63333333333333	144.52	144.55333333333334	144.47333333333333	144.52666666666667	144.58666666666667	144.43333333333334	144.47333333333333	144.54666666666665	144.46666666666667	144.42	144.41333333333333	144.54666666666665	144.49333333333334	144.54666666666665	144.44666666666666	144.47333333333333	144.48666666666668	144.58	144.41333333333333	144.44666666666666	144.47333333333333	144.43333333333334	144.45333333333335	144.49333333333334	144.47333333333333	144.46666666666667	144.50666666666666	144.37333333333333	144.39333333333335	144.52666666666667	144.42666666666668	144.46	144.45333333333335	144.28666666666666	144.46	144.5	144.28	143.91333333333333	142.30666666666667	135.38666666666666	0.0
0.0	135.11333333333334	142.45333333333335	143.86	144.39333333333335	144.51333333333332	144.57333333333332	144.51333333333332	144.53333333333333	144.64666666666668	144.62666666666667	144.55333333333334	144.56666666666666	144.68	144.55333333333334	144.52	144.51333333333332	144.56	144.55333333333334	144.58	144.73333333333332	144.66	144.62	144.65333333333334	144.69333333333333	144.65333333333334	144.64666666666668	144.58	144.58666666666667	144.56	144.58666666666667	144.58666666666667	144.58666666666667	144.51333333333332	144.59333333333333	144.76666666666668	144.62	144.58666666666667	144.58666666666667	144.50666666666666	144.67333333333335	144.59333333333333	144.62	144.58666666666667	144.58	144.62666666666667	144.60666666666665	144.64666666666668	144.53333333333333	144.65333333333334	144.61333333333334	144.62	144.49333333333334	144.7	144.61333333333334	144.53333333333333	144.70666666666668	144.52666666666667	144.54	144.64	144.60666666666665	144.62	144.68	144.69333333333333	144.44	144.66	144.64	144.61333333333334	144.46666666666667	143.92666666666668	142.29333333333332	135.18666666666667	0.0
0.0	135.09333333333333	142.54	143.94	144.38666666666666	144.55333333333334	144.52	144.42	144.69333333333333	144.54	144.58	144.43333333333334	144.51333333333332	144.54	144.55333333333334	144.49333333333334	144.57333333333332	144.5	144.66	144.61333333333334	144.72	144.58666666666667	144.5	144.58	144.61333333333334	144.58	144.56666666666666	144.68	144.56666666666666	144.61333333333334	144.62	144.6	144.66	144.63333333333333	144.68666666666667	144.62666666666667	144.55333333333334	144.46	144.52666666666667	144.52666666666667	144.46666666666667	144.49333333333334	144.6	144.54666666666665	144.5	144.57333333333332	144.57333333333332	144.54666666666665	144.58	144.45333333333335	144.61333333333334	144.74	144.46666666666667	144.6	144.56666666666666	144.59333333333333	144.51333333333332	144.57333333333332	144.55333333333334	144.66666666666666	144.56	144.48	144.51333333333332	144.52	144.57333333333332	144.56	144.51333333333332	144.4	144.12666666666667	143.92666666666668	142.38666666666666	135.44666666666666	0.0
0.0	135.64	142.22666666666666	143.91333333333333	144.25333333333333	144.34666666666666	144.42666666666668	144.50666666666666	144.38666666666666	144.5	144.44666666666666	144.34	144.3	144.43333333333334	144.40666666666667	144.36	144.38666666666666	144.48666666666668	144.30666666666667	144.43333333333334	144.48666666666668	144.38	144.43333333333334	144.3	144.28	144.21333333333334	144.44666666666666	144.46	144.39333333333335	144.36	144.3	144.34	144.34666666666666	144.33333333333334	144.31333333333333	144.31333333333333	144.33333333333334	144.38666666666666	144.42666666666668	144.50666666666666	144.36666666666667	144.4	144.31333333333333	144.58666666666667	144.23333333333332	144.34	144.40666666666667	144.28666666666666	144.38666666666666	144.26	144.43333333333334	144.45333333333335	144.40666666666667	144.38666666666666	144.3	144.42666666666668	144.26666666666668	144.34666666666666	144.39333333333335	144.29333333333332	144.38	144.33333333333334	144.43333333333334	144.3	144.38666666666666	144.31333333333333	144.46666666666667	144.42	144.15333333333334	143.85333333333332	142.01333333333332	134.79333333333332	0.0
0.0	135.25333333333333	142.25333333333333	143.75333333333333	144.27333333333334	144.52666666666667	144.53333333333333	144.56	144.49333333333334	144.54	144.46666666666667	144.60666666666665	144.50666666666666	144.59333333333333	144.52	144.50666666666666	144.53333333333333	144.55333333333334	144.43333333333334	144.46666666666667	144.56666666666666	144.52666666666667	144.42	144.54666666666665	144.60666666666665	144.61333333333334	144.48666666666668	144.5	144.42	144.54	144.5	144.53333333333333	144.50666666666666	144.49333333333334	144.56	144.53333333333333	144.36666666666667	144.44666666666666	144.47333333333333	144.41333333333333	144.52666666666667	144.48	144.50666666666666	144.48666666666668	144.50666666666666	144.65333333333334	144.5	144.47333333333333	144.54666666666665	144.52	144.57333333333332	144.48	144.48666666666668	144.42	144.58	144.58	144.49333333333334	144.38666666666666	144.38666666666666	144.45333333333335	144.55333333333334	144.52	144.59333333333333	144.56	144.56	144.48	144.61333333333334	144.37333333333333	144.14	143.85333333333332	142.5	135.40666666666667	0.0
0.0	135.60666666666665	142.19333333333333	143.78	144.23333333333332	144.28666666666666	144.43333333333334	144.34666666666666	144.40666666666667	144.46666666666667	144.52	144.52	144.44666666666666	144.42666666666668	144.48666666666668	144.38666666666666	144.46	144.50666666666666	144.49333333333334	144.31333333333333	144.43333333333334	144.46666666666667	144.36666666666667	144.51333333333332	144.72	144.45333333333335	144.52666666666667	144.49333333333334	144.50666666666666	144.54	144.45333333333335	144.29333333333332	144.54666666666665	144.6	144.44666666666666	144.5	144.48	144.46	144.46	144.34	144.43333333333334	144.40666666666667	144.4	144.41333333333333	144.44666666666666	144.41333333333333	144.44666666666666	144.5	144.38666666666666	144.50666666666666	144.28	144.45333333333335	144.46666666666667	144.52	144.46	144.4	144.48	144.41333333333333	144.45333333333335	144.40666666666667	144.48	144.46666666666667	144.49333333333334	144.32666666666665	144.4	144.44666666666666	144.4	144.34	144.26666666666668	143.89333333333335	142.51333333333332	135.36	0.0
0.0	135.68666666666667	142.37333333333333	143.80666666666667	144.22666666666666	144.38666666666666	144.44	144.44	144.5	144.31333333333333	144.30666666666667	144.44666666666666	144.38	144.42	144.17333333333335	144.51333333333332	144.41333333333333	144.38666666666666	144.48	144.40666666666667	144.37333333333333	144.46	144.45333333333335	144.33333333333334	144.37333333333333	144.36666666666667	144.5	144.35333333333332	144.34666666666666	144.49333333333334	144.43333333333334	144.4	144.38666666666666	144.44666666666666	144.36	144.46	144.36666666666667	144.37333333333333	144.26	144.32	144.42666666666668	144.34	144.32	144.37333333333333	144.46666666666667	144.49333333333334	144.52	144.34	144.42666666666668	144.41333333333333	144.46	144.42	144.34666666666666	144.39333333333335	144.51333333333332	144.43333333333334	144.51333333333332	144.33333333333334	144.45333333333335	144.40666666666667	144.44	144.34	144.4	144.46	144.5	144.47333333333333	144.36	144.34	144.3	143.78666666666666	142.04	135.31333333333333	0.0
0.0	135.32666666666665	142.37333333333333	143.93333333333334	144.40666666666667	144.36666666666667	144.59333333333333	144.57333333333332	144.54666666666665	144.62666666666667	144.58666666666667	144.56	144.55333333333334	144.54666666666665	144.48666666666668	144.46666666666667	144.55333333333334	144.58	144.40666666666667	144.52	144.50666666666666	144.55333333333334	144.66	144.55333333333334	144.5	144.55333333333334	144.42	144.50666666666666	144.53333333333333	144.48666666666668	144.45333333333335	144.51333333333332	144.52666666666667	144.52666666666667	144.63333333333333	144.55333333333334	144.64666666666668	144.50666666666666	144.42666666666668	144.47333333333333	144.51333333333332	144.41333333333333	144.52	144.56	144.54	144.6	144.47333333333333	144.53333333333333	144.58666666666667	144.58	144.48666666666668	144.46	144.59333333333333	144.54666666666665	144.58	144.60666666666665	144.66	144.54	144.50666666666666	144.52	144.54666666666665	144.56	144.53333333333333	144.5	144.56666666666666	144.47333333333333	144.56	144.38666666666666	144.3	143.90666666666667	142.29333333333332	135.06666666666666	0.0
0.0	135.09333333333333	142.35333333333332	143.73333333333332	144.35333333333332	144.37333333333333	144.51333333333332	144.5	144.5	144.48	144.40666666666667	144.5	144.57333333333332	144.57333333333332	144.57333333333332	144.44	144.58	144.48666666666668	144.53333333333333	144.58	144.41333333333333	144.43333333333334	144.48	144.53333333333333	144.55333333333334	144.42	144.56	144.48666666666668	144.52666666666667	144.46	144.56	144.46666666666667	144.51333333333332	144.66666666666666	144.57333333333332	144.42666666666668	144.46666666666667	144.44666666666666	144.46666666666667	144.42	144.51333333333332	144.54666666666665	144.57333333333332	144.44666666666666	144.50666666666666	144.43333333333334	144.44	144.48666666666668	144.46	144.44666666666666	144.44666666666666	144.44666666666666	144.42666666666668	144.56	144.46666666666667	144.53333333333333	144.67333333333335	144.47333333333333	144.48666666666668	144.51333333333332	144.56	144.54666666666665	144.53333333333333	144.37333333333333	144.46	144.52666666666667	144.48666666666668	144.38	144.24666666666667	143.7	142.04	135.26	0.0
0.0	135.26	142.34	143.86666666666667	144.43333333333334	144.54666666666665	144.48666666666668	144.70666666666668	144.64	144.51333333333332	144.48666666666668	144.45333333333335	144.56666666666666	144.56666666666666	144.53333333333333	144.62	144.61333333333334	144.53333333333333	144.66666666666666	144.58	144.56666666666666	144.52	144.55333333333334	144.66666666666666	144.62	144.65333333333334	144.74666666666667	144.58	144.68666666666667	144.58	144.48666666666668	144.62666666666667	144.63333333333333	144.54666666666665	144.59333333333333	144.62	144.64	144.60666666666665	144.58666666666667	144.54	144.53333333333333	144.51333333333332	144.54666666666665	144.6	144.57333333333332	144.51333333333332	144.48666666666668	144.51333333333332	144.60666666666665	144.54666666666665	144.56	144.63333333333333	144.56666666666666	144.56666666666666	144.48666666666668	144.59333333333333	144.61333333333334	144.66	144.58666666666667	144.54	144.58	144.52666666666667	144.5	144.62	144.67333333333335	144.66	144.48666666666668	144.60666666666665	144.28666666666666	143.96	142.50666666666666	135.66	0.0
0.0	134.95333333333335	142.23333333333332	143.85333333333332	144.25333333333333	144.47333333333333	144.52	144.36666666666667	144.39333333333335	144.46	144.42	144.46	144.54666666666665	144.6	144.56	144.48666666666668	144.44	144.46	144.41333333333333	144.42666666666668	144.42	144.55333333333334	144.40666666666667	144.44	144.48	144.40666666666667	144.46	144.48666666666668	144.38	144.48666666666668	144.47333333333333	144.41333333333333	144.43333333333334	144.44666666666666	144.38	144.34666666666666	144.38666666666666	144.38	144.31333333333333	144.43333333333334	144.46	144.50666666666666	144.4	144.41333333333333	144.42	144.54	144.45333333333335	144.45333333333335	144.42	144.43333333333334	144.47333333333333	144.47333333333333	144.52666666666667	144.47333333333333	144.42	144.39333333333335	144.58666666666667	144.52666666666667	144.46	144.34666666666666	144.44	144.45333333333335	144.46666666666667	144.48666666666668	144.44666666666666	144.36	144.35333333333332	144.44666666666666	144.24	143.83333333333334	142.16666666666666	135.05333333333334	0.0
0.0	135.20666666666668	142.14666666666668	143.67333333333335	144.25333333333333	144.37333333333333	144.25333333333333	144.41333333333333	144.46666666666667	144.45333333333335	144.39333333333335	144.41333333333333	144.51333333333332	144.26666666666668	144.40666666666667	144.44666666666666	144.45333333333335	144.52666666666667	144.47333333333333	144.53333333333333	144.36666666666667	144.38	144.47333333333333	144.54	144.50666666666666	144.48	144.5	144.52	144.38666666666666	144.3	144.44	144.43333333333334	144.39333333333335	144.37333333333333	144.38	144.50666666666666	144.46	144.48	144.37333333333333	144.48	144.48666666666668	144.66	144.47333333333333	144.57333333333332	144.48	144.58666666666667	144.48	144.52	144.36	144.36666666666667	144.43333333333334	144.36	144.5	144.54	144.4	144.46	144.38666666666666	144.44	144.42	144.43333333333334	144.44	144.44	144.38	144.43333333333334	144.36666666666667	144.48	144.41333333333333	144.34	144.20666666666668	143.7	142.07333333333332	135.12666666666667	0.0
0.0	135.26	142.26	143.84	144.11333333333334	144.39333333333335	144.24666666666667	144.24	144.40666666666667	144.44	144.25333333333333	144.34	144.35333333333332	144.31333333333333	144.28	144.30666666666667	144.34	144.32666666666665	144.27333333333334	144.37333333333333	144.36666666666667	144.19333333333333	144.35333333333332	144.30666666666667	144.26666666666668	144.20666666666668	144.36	144.42666666666668	144.36	144.34	144.32666666666665	144.24666666666667	144.42666666666668	144.21333333333334	144.46666666666667	144.44666666666666	144.36666666666667	144.37333333333333	144.35333333333332	144.38666666666666	144.28	144.39333333333335	144.42	144.51333333333332	144.25333333333333	144.39333333333335	144.38	144.43333333333334	144.42666666666668	144.28	144.40666666666667	144.34	144.29333333333332	144.37333333333333	144.31333333333333	144.41333333333333	144.43333333333334	144.46	144.42	144.36666666666667	144.27333333333334	144.4	144.44	144.42	144.36	144.28666666666666	144.27333333333334	144.17333333333335	144.18	143.87333333333333	142.19333333333333	135.24666666666667	0.0
0.0	135.46	142.36	143.94666666666666	144.30666666666667	144.42666666666668	144.54	144.65333333333334	144.51333333333332	144.62666666666667	144.53333333333333	144.57333333333332	144.45333333333335	144.55333333333334	144.50666666666666	144.52666666666667	144.48666666666668	144.48	144.47333333333333	144.59333333333333	144.5	144.56	144.69333333333333	144.52666666666667	144.55333333333334	144.47333333333333	144.56666666666666	144.66666666666666	144.58	144.54666666666665	144.52	144.54	144.62666666666667	144.51333333333332	144.54	144.64	144.48	144.52666666666667	144.5	144.40666666666667	144.50666666666666	144.42666666666668	144.48666666666668	144.44666666666666	144.46	144.68	144.49333333333334	144.43333333333334	144.47333333333333	144.63333333333333	144.65333333333334	144.57333333333332	144.56	144.50666666666666	144.55333333333334	144.44666666666666	144.5	144.53333333333333	144.43333333333334	144.39333333333335	144.52666666666667	144.53333333333333	144.47333333333333	144.45333333333335	144.57333333333332	144.58	144.58	144.52666666666667	144.28666666666666	143.86	142.47333333333333	135.14666666666668	0.0
0.0	135.18666666666667	142.28666666666666	143.89333333333335	144.45333333333335	144.39333333333335	144.46666666666667	144.38666666666666	144.48	144.44666666666666	144.44	144.46	144.38666666666666	144.52666666666667	144.5	144.54666666666665	144.44666666666666	144.32	144.38666666666666	144.32	144.46	144.42666666666668	144.5	144.42666666666668	144.34666666666666	144.35333333333332	144.32	144.29333333333332	144.44	144.47333333333333	144.38	144.4	144.39333333333335	144.34666666666666	144.38666666666666	144.52	144.61333333333334	144.56666666666666	144.55333333333334	144.58	144.49333333333334	144.42	144.40666666666667	144.44	144.35333333333332	144.32666666666665	144.48	144.38	144.46	144.21333333333334	144.21333333333334	144.45333333333335	144.32666666666665	144.35333333333332	144.29333333333332	144.42666666666668	144.47333333333333	144.44666666666666	144.42	144.34666666666666	144.34666666666666	144.48	144.41333333333333	144.40666666666667	144.36666666666667	144.44666666666666	144.34	144.34666666666666	144.26	143.80666666666667	142.18666666666667	135.22	0.0
0.0	135.38	142.42	143.76	144.29333333333332	144.34666666666666	144.29333333333332	144.3	144.24666666666667	144.48666666666668	144.41333333333333	144.32666666666665	144.45333333333335	144.32	144.46	144.36666666666667	144.44666666666666	144.26	144.46666666666667	144.32666666666665	144.32666666666665	144.46	144.4	144.38666666666666	144.34666666666666	144.30666666666667	144.42666666666668	144.35333333333332	144.33333333333334	144.47333333333333	144.46666666666667	144.42	144.37333333333333	144.42	144.48666666666668	144.39333333333335	144.58666666666667	144.44	144.48	144.41333333333333	144.54	144.46	144.27333333333334	144.42	144.41333333333333	144.40666666666667	144.48666666666668	144.46	144.48	144.47333333333333	144.4	144.55333333333334	144.48	144.35333333333332	144.49333333333334	144.38666666666666	144.38666666666666	144.52666666666667	144.46	144.4	144.36666666666667	144.53333333333333	144.38	144.29333333333332	144.52	144.44	144.30666666666667	144.44	144.21333333333334	143.72666666666666	142.30666666666667	135.02666666666667	0.0
0.0	134.92666666666668	142.44	144.01333333333332	144.40666666666667	144.56	144.68	144.70666666666668	144.62666666666667	144.67333333333335	144.64666666666668	144.62	144.68	144.74	144.7	144.63333333333333	144.82	144.72666666666666	144.67333333333335	144.74666666666667	144.64666666666668	144.73333333333332	144.78666666666666	144.70666666666668	144.77333333333334	144.63333333333333	144.61333333333334	144.77333333333334	144.7	144.72666666666666	144.82666666666665	144.55333333333334	144.62666666666667	144.68	144.54666666666665	144.58	144.71333333333334	144.73333333333332	144.74666666666667	144.66	144.68	144.62666666666667	144.78	144.72666666666666	144.76	144.65333333333334	144.70666666666668	144.62666666666667	144.54666666666665	144.49333333333334	144.64666666666668	144.74666666666667	144.7	144.68666666666667	144.7	144.59333333333333	144.77333333333334	144.62666666666667	144.6	144.72666666666666	144.61333333333334	144.56666666666666	144.72666666666666	144.76	144.58666666666667	144.71333333333334	144.57333333333332	144.55333333333334	144.51333333333332	144.00666666666666	142.46	135.61333333333334	0.0
0.0	135.16	142.2	143.76666666666668	144.28666666666666	144.44	144.42	144.32666666666665	144.4	144.36	144.28666666666666	144.44666666666666	144.46	144.46666666666667	144.44666666666666	144.40666666666667	144.38	144.54	144.46666666666667	144.51333333333332	144.5	144.49333333333334	144.50666666666666	144.36666666666667	144.58	144.40666666666667	144.4	144.39333333333335	144.34666666666666	144.35333333333332	144.46666666666667	144.5	144.40666666666667	144.39333333333335	144.45333333333335	144.48	144.4	144.41333333333333	144.46	144.60666666666665	144.53333333333333	144.45333333333335	144.47333333333333	144.42666666666668	144.34	144.44	144.55333333333334	144.56666666666666	144.46666666666667	144.44	144.52	144.48666666666668	144.46666666666667	144.52	144.38	144.51333333333332	144.52	144.42666666666668	144.36	144.38666666666666	144.45333333333335	144.48	144.3	144.38666666666666	144.36666666666667	144.27333333333334	144.41333333333333	144.56	144.35333333333332	143.86666666666667	142.4	135.34	0.0
0.0	135.52	142.26666666666668	143.76666666666668	144.18	144.34	144.43333333333334	144.25333333333333	144.38	144.51333333333332	144.5	144.35333333333332	144.43333333333334	144.34	144.43333333333334	144.27333333333334	144.41333333333333	144.37333333333333	144.46	144.32666666666665	144.40666666666667	144.46666666666667	144.44	144.48	144.32	144.44666666666666	144.34666666666666	144.28666666666666	144.33333333333334	144.34	144.36666666666667	144.28	144.49333333333334	144.36	144.31333333333333	144.28666666666666	144.4	144.46666666666667	144.47333333333333	144.4	144.48	144.41333333333333	144.38666666666666	144.34	144.3	144.40666666666667	144.34	144.37333333333333	144.49333333333334	144.46666666666667	144.44666666666666	144.28	144.33333333333334	144.41333333333333	144.34666666666666	144.3	144.34	144.34666666666666	144.34666666666666	144.3	144.31333333333333	144.36	144.41333333333333	144.3	144.26	144.30666666666667	144.32666666666665	144.25333333333333	144.12	143.74	142.24666666666667	135.00666666666666	0.0
0.0	135.21333333333334	142.29333333333332	143.94	144.25333333333333	144.44	144.48	144.45333333333335	144.41333333333333	144.46	144.3	144.36666666666667	144.40666666666667	144.4	144.46	144.53333333333333	144.30666666666667	144.4	144.42	144.48	144.52666666666667	144.37333333333333	144.40666666666667	144.36666666666667	144.59333333333333	144.50666666666666	144.60666666666665	144.52	144.42666666666668	144.53333333333333	144.32666666666665	144.50666666666666	144.32	144.48666666666668	144.4	144.47333333333333	144.47333333333333	144.46	144.41333333333333	144.42	144.48666666666668	144.42666666666668	144.44666666666666	144.31333333333333	144.36	144.42	144.52	144.51333333333332	144.5	144.4	144.53333333333333	144.56666666666666	144.53333333333333	144.31333333333333	144.42	144.43333333333334	144.43333333333334	144.52	144.53333333333333	144.50666666666666	144.42	144.36	144.41333333333333	144.46666666666667	144.46	144.41333333333333	144.40666666666667	144.34666666666666	144.23333333333332	143.68666666666667	142.17333333333335	135.10666666666665	0.0
0.0	135.16	142.24666666666667	144.04	144.33333333333334	144.49333333333334	144.56	144.38	144.56	144.48	144.46666666666667	144.5	144.5	144.50666666666666	144.40666666666667	144.55333333333334	144.56666666666666	144.40666666666667	144.62	144.47333333333333	144.44666666666666	144.54666666666665	144.56	144.44666666666666	144.50666666666666	144.6	144.45333333333335	144.43333333333334	144.34	144.42666666666668	144.53333333333333	144.45333333333335	144.51333333333332	144.4	144.42666666666668	144.48666666666668	144.53333333333333	144.52	144.54666666666665	144.46666666666667	144.42666666666668	144.48666666666668	144.47333333333333	144.53333333333333	144.55333333333334	144.42	144.41333333333333	144.54666666666665	144.46666666666667	144.42	144.49333333333334	144.45333333333335	144.43333333333334	144.31333333333333	144.41333333333333	144.44666666666666	144.48666666666668	144.47333333333333	144.54	144.5	144.52	144.52	144.46	144.59333333333333	144.45333333333335	144.38666666666666	144.52666666666667	144.45333333333335	144.33333333333334	143.85333333333332	142.42666666666668	135.25333333333333	0.0
0.0	135.26	142.24	143.84666666666666	144.28666666666666	144.35333333333332	144.38	144.57333333333332	144.41333333333333	144.43333333333334	144.39333333333335	144.43333333333334	144.30666666666667	144.41333333333333	144.45333333333335	144.45333333333335	144.37333333333333	144.42666666666668	144.36	144.58	144.38	144.45333333333335	144.41333333333333	144.38	144.55333333333334	144.46	144.45333333333335	144.48666666666668	144.43333333333334	144.36666666666667	144.46666666666667	144.37333333333333	144.37333333333333	144.44666666666666	144.46666666666667	144.38666666666666	144.44	144.44666666666666	144.53333333333333	144.50666666666666	144.47333333333333	144.39333333333335	144.49333333333334	144.44666666666666	144.44	144.39333333333335	144.35333333333332	144.38666666666666	144.47333333333333	144.45333333333335	144.43333333333334	144.36666666666667	144.60666666666665	144.48	144.34	144.46666666666667	144.44666666666666	144.6	144.55333333333334	144.49333333333334	144.50666666666666	144.4	144.34	144.34	144.36	144.41333333333333	144.46666666666667	144.38	144.16	143.77333333333334	142.09333333333333	135.14666666666668	0.0
0.0	135.4	142.32	143.86	144.39333333333335	144.4	144.43333333333334	144.48	144.53333333333333	144.51333333333332	144.59333333333333	144.42666666666668	144.42	144.45333333333335	144.49333333333334	144.5	144.56	144.62	144.56666666666666	144.49333333333334	144.54	144.79333333333332	144.54	144.53333333333333	144.52	144.52666666666667	144.49333333333334	144.47333333333333	144.45333333333335	144.54666666666665	144.58	144.52666666666667	144.50666666666666	144.48	144.46666666666667	144.47333333333333	144.45333333333335	144.49333333333334	144.35333333333332	144.52666666666667	144.56666666666666	144.55333333333334	144.34666666666666	144.36666666666667	144.36	144.5	144.56666666666666	144.52	144.5	144.46666666666667	144.49333333333334	144.46666666666667	144.44666666666666	144.49333333333334	144.46666666666667	144.42	144.56666666666666	144.50666666666666	144.52666666666667	144.46666666666667	144.54	144.58666666666667	144.54666666666665	144.40666666666667	144.54666666666665	144.50666666666666	144.49333333333334	144.49333333333334	144.36666666666667	143.7	142.26666666666668	135.38	0.0
0.0	134.98666666666668	142.25333333333333	143.86	144.22666666666666	144.41333333333333	144.41333333333333	144.41333333333333	144.35333333333332	144.28	144.35333333333332	144.38666666666666	144.34	144.44666666666666	144.38	144.34666666666666	144.42666666666668	144.43333333333334	144.36	144.41333333333333	144.32666666666665	144.32	144.36666666666667	144.38	144.40666666666667	144.52	144.42666666666668	144.48	144.38	144.46666666666667	144.41333333333333	144.43333333333334	144.39333333333335	144.40666666666667	144.48666666666668	144.52	144.40666666666667	144.37333333333333	144.35333333333332	144.44666666666666	144.37333333333333	144.28666666666666	144.41333333333333	144.44	144.4	144.48666666666668	144.43333333333334	144.52	144.39333333333335	144.51333333333332	144.48666666666668	144.40666666666667	144.52	144.38	144.38	144.32	144.41333333333333	144.6	144.45333333333335	144.48666666666668	144.56666666666666	144.49333333333334	144.39333333333335	144.41333333333333	144.36666666666667	144.33333333333334	144.30666666666667	144.3	144.28	143.70666666666668	141.98	135.15333333333334	0.0
0.0	135.23333333333332	142.43333333333334	144.16	144.54	144.57333333333332	144.56666666666666	144.56	144.58	144.69333333333333	144.54666666666665	144.57333333333332	144.65333333333334	144.62	144.61333333333334	144.61333333333334	144.71333333333334	144.58	144.74	144.78	144.78	144.76666666666668	144.78666666666666	144.61333333333334	144.71333333333334	144.51333333333332	144.6	144.55333333333334	144.66666666666666	144.58666666666667	144.63333333333333	144.62666666666667	144.56666666666666	144.52666666666667	144.62666666666667	144.52666666666667	144.72	144.64666666666668	144.62	144.58	144.60666666666665	144.65333333333334	144.68666666666667	144.55333333333334	144.56666666666666	144.6	144.51333333333332	144.58666666666667	144.68666666666667	144.6	144.66666666666666	144.68666666666667	144.50666666666666	144.6	144.64666666666668	144.56	144.66	144.69333333333333	144.64666666666668	144.51333333333332	144.65333333333334	144.70666666666668	144.62666666666667	144.68	144.55333333333334	144.62666666666667	144.54	144.54	144.52	143.84	142.28	135.26666666666668	0.0
0.0	135.18	142.29333333333332	143.94	144.34	144.53333333333333	144.54	144.52	144.50666666666666	144.44666666666666	144.38666666666666	144.43333333333334	144.57333333333332	144.45333333333335	144.63333333333333	144.58666666666667	144.64	144.61333333333334	144.44666666666666	144.52	144.58	144.54	144.52666666666667	144.5	144.48	144.46	144.43333333333334	144.5	144.46	144.50666666666666	144.56666666666666	144.63333333333333	144.55333333333334	144.45333333333335	144.48	144.51333333333332	144.56666666666666	144.66	144.47333333333333	144.52	144.61333333333334	144.6	144.53333333333333	144.62	144.48666666666668	144.50666666666666	144.37333333333333	144.52	144.64666666666668	144.43333333333334	144.66	144.37333333333333	144.35333333333332	144.48	144.57333333333332	144.7	144.61333333333334	144.52	144.48666666666668	144.35333333333332	144.47333333333333	144.44666666666666	144.48666666666668	144.56666666666666	144.46	144.52	144.58	144.54666666666665	144.27333333333334	143.94666666666666	142.27333333333334	135.36	0.0
0.0	135.14666666666668	142.15333333333334	143.95333333333335	144.18	144.41333333333333	144.58	144.46666666666667	144.51333333333332	144.45333333333335	144.4	144.48	144.55333333333334	144.48	144.55333333333334	144.42	144.5	144.54	144.54	144.58	144.46666666666667	144.39333333333335	144.43333333333334	144.46666666666667	144.44	144.45333333333335	144.52666666666667	144.58666666666667	144.45333333333335	144.44666666666666	144.48	144.46	144.44666666666666	144.48666666666668	144.35333333333332	144.41333333333333	144.42666666666668	144.30666666666667	144.4	144.41333333333333	144.36666666666667	144.43333333333334	144.44	144.44	144.46	144.34	144.38666666666666	144.34666666666666	144.44	144.37333333333333	144.35333333333332	144.50666666666666	144.47333333333333	144.51333333333332	144.48666666666668	144.52	144.47333333333333	144.49333333333334	144.4	144.31333333333333	144.33333333333334	144.34666666666666	144.52	144.53333333333333	144.46	144.42666666666668	144.41333333333333	144.32666666666665	144.20666666666668	143.7	142.30666666666667	134.84	0.0
0.0	135.14666666666668	142.41333333333333	143.98	144.34666666666666	144.39333333333335	144.44	144.46666666666667	144.44	144.47333333333333	144.48666666666668	144.41333333333333	144.42	144.59333333333333	144.51333333333332	144.44666666666666	144.52	144.5	144.4	144.5	144.36666666666667	144.40666666666667	144.39333333333335	144.48666666666668	144.52666666666667	144.47333333333333	144.35333333333332	144.52	144.39333333333335	144.48666666666668	144.5	144.42666666666668	144.56666666666666	144.43333333333334	144.46666666666667	144.62666666666667	144.51333333333332	144.42666666666668	144.40666666666667	144.50666666666666	144.44666666666666	144.47333333333333	144.64666666666668	144.48666666666668	144.44	144.46	144.48	144.44	144.5	144.51333333333332	144.6	144.47333333333333	144.50666666666666	144.37333333333333	144.54666666666665	144.42666666666668	144.39333333333335	144.60666666666665	144.43333333333334	144.43333333333334	144.5	144.56666666666666	144.43333333333334	144.63333333333333	144.51333333333332	144.51333333333332	144.36	144.44666666666666	144.3	143.78	142.21333333333334	135.26666666666668	0.0
0.0	134.98666666666668	142.2	143.86	144.46	144.48	144.63333333333333	144.48	144.62666666666667	144.52	144.62	144.6	144.48	144.53333333333333	144.53333333333333	144.60666666666665	144.7	144.62	144.64	144.54666666666665	144.6	144.64	144.51333333333332	144.38666666666666	144.48666666666668	144.56666666666666	144.5	144.46	144.55333333333334	144.48	144.33333333333334	144.54	144.49333333333334	144.58666666666667	144.46	144.65333333333334	144.54666666666665	144.50666666666666	144.55333333333334	144.67333333333335	144.60666666666665	144.48	144.40666666666667	144.46666666666667	144.36666666666667	144.48666666666668	144.42666666666668	144.65333333333334	144.61333333333334	144.54666666666665	144.3	144.46	144.56666666666666	144.52666666666667	144.54666666666665	144.48666666666668	144.59333333333333	144.60666666666665	144.42	144.44	144.43333333333334	144.55333333333334	144.59333333333333	144.43333333333334	144.49333333333334	144.58666666666667	144.47333333333333	144.44666666666666	144.41333333333333	143.95333333333335	142.38666666666666	135.04666666666665	0.0
0.0	135.28666666666666	142.30666666666667	143.77333333333334	144.3	144.41333333333333	144.58	144.68	144.59333333333333	144.56666666666666	144.43333333333334	144.48	144.50666666666666	144.50666666666666	144.61333333333334	144.54	144.64666666666668	144.57333333333332	144.47333333333333	144.43333333333334	144.47333333333333	144.50666666666666	144.60666666666665	144.57333333333332	144.62666666666667	144.56666666666666	144.52	144.44666666666666	144.66	144.6	144.48	144.5	144.49333333333334	144.55333333333334	144.58666666666667	144.6	144.55333333333334	144.61333333333334	144.56	144.53333333333333	144.45333333333335	144.6	144.38666666666666	144.50666666666666	144.47333333333333	144.55333333333334	144.47333333333333	144.58666666666667	144.52	144.62	144.47333333333333	144.66	144.50666666666666	144.52	144.58	144.66	144.48	144.63333333333333	144.60666666666665	144.54666666666665	144.64	144.59333333333333	144.5	144.55333333333334	144.70666666666668	144.54666666666665	144.74	144.49333333333334	144.4	144.12666666666667	142.16666666666666	135.00666666666666	0.0
0.0	135.38	142.32	143.88666666666666	144.38666666666666	144.44666666666666	144.56	144.54666666666665	144.56	144.42666666666668	144.49333333333334	144.54666666666665	144.66	144.66	144.67333333333335	144.69333333333333	144.58	144.63333333333333	144.5	144.64	144.5	144.48	144.5	144.4	144.61333333333334	144.6	144.63333333333333	144.48	144.61333333333334	144.54666666666665	144.70666666666668	144.47333333333333	144.65333333333334	144.51333333333332	144.59333333333333	144.68666666666667	144.72666666666666	144.68	144.56	144.6	144.57333333333332	144.63333333333333	144.62666666666667	144.7	144.52666666666667	144.54666666666665	144.62666666666667	144.67333333333335	144.66	144.62	144.56	144.52666666666667	144.56666666666666	144.51333333333332	144.70666666666668	144.54	144.6	144.58666666666667	144.66666666666666	144.63333333333333	144.51333333333332	144.48	144.55333333333334	144.62666666666667	144.57333333333332	144.51333333333332	144.54666666666665	144.57333333333332	144.3	144.04666666666665	142.30666666666667	135.01333333333332	0.0
0.0	135.16	142.5	144.07333333333332	144.51333333333332	144.51333333333332	144.57333333333332	144.58666666666667	144.58	144.63333333333333	144.58	144.57333333333332	144.64666666666668	144.64666666666668	144.60666666666665	144.54666666666665	144.69333333333333	144.64666666666668	144.54	144.6	144.62	144.59333333333333	144.60666666666665	144.57333333333332	144.57333333333332	144.64666666666668	144.54666666666665	144.62666666666667	144.65333333333334	144.58666666666667	144.61333333333334	144.66	144.62666666666667	144.62666666666667	144.61333333333334	144.60666666666665	144.50666666666666	144.43333333333334	144.56	144.58666666666667	144.50666666666666	144.6	144.52	144.53333333333333	144.49333333333334	144.60666666666665	144.52666666666667	144.5	144.5	144.52666666666667	144.63333333333333	144.5	144.56666666666666	144.53333333333333	144.67333333333335	144.64666666666668	144.73333333333332	144.54	144.58	144.61333333333334	144.64	144.6	144.64666666666668	144.67333333333335	144.59333333333333	144.63333333333333	144.58666666666667	144.53333333333333	144.37333333333333	143.88666666666666	142.38666666666666	135.44666666666666	0.0
0.0	134.98666666666668	142.14666666666668	143.86666666666667	144.26	144.38	144.54	144.44666666666666	144.43333333333334	144.53333333333333	144.40666666666667	144.41333333333333	144.40666666666667	144.39333333333335	144.39333333333335	144.58666666666667	144.48666666666668	144.56	144.45333333333335	144.4	144.48666666666668	144.60666666666665	144.44666666666666	144.49333333333334	144.42	144.54666666666665	144.44	144.40666666666667	144.44666666666666	144.52	144.41333333333333	144.5	144.54	144.56	144.48	144.44	144.42	144.34	144.54	144.42666666666668	144.36666666666667	144.36666666666667	144.42	144.29333333333332	144.28666666666666	144.38666666666666	144.38666666666666	144.44	144.42666666666668	144.37333333333333	144.50666666666666	144.5	144.54666666666665	144.49333333333334	144.52666666666667	144.44666666666666	144.41333333333333	144.48666666666668	144.44666666666666	144.52666666666667	144.36666666666667	144.46666666666667	144.52	144.48666666666668	144.56	144.50666666666666	144.42666666666668	144.37333333333333	144.32666666666665	143.84666666666666	142.16666666666666	134.72	0.0
0.0	135.25333333333333	142.14666666666668	143.76	144.28	144.35333333333332	144.31333333333333	144.41333333333333	144.44	144.44666666666666	144.6	144.46666666666667	144.38	144.39333333333335	144.34666666666666	144.49333333333334	144.34	144.39333333333335	144.33333333333334	144.47333333333333	144.48	144.4	144.36666666666667	144.4	144.38	144.41333333333333	144.46666666666667	144.50666666666666	144.50666666666666	144.30666666666667	144.26	144.47333333333333	144.54	144.32666666666665	144.5	144.43333333333334	144.35333333333332	144.5	144.34666666666666	144.35333333333332	144.35333333333332	144.28666666666666	144.38	144.46666666666667	144.40666666666667	144.44	144.47333333333333	144.44666666666666	144.56	144.46666666666667	144.40666666666667	144.25333333333333	144.48	144.48666666666668	144.41333333333333	144.39333333333335	144.48	144.47333333333333	144.51333333333332	144.54	144.5	144.44666666666666	144.38	144.42666666666668	144.46666666666667	144.41333333333333	144.54666666666665	144.46	144.33333333333334	143.69333333333333	142.14	134.8	0.0
0.0	135.28666666666666	142.48666666666668	143.93333333333334	144.36666666666667	144.48666666666668	144.43333333333334	144.50666666666666	144.5	144.5	144.61333333333334	144.43333333333334	144.38	144.42666666666668	144.41333333333333	144.42666666666668	144.37333333333333	144.52	144.57333333333332	144.5	144.46666666666667	144.38	144.52	144.40666666666667	144.42666666666668	144.48666666666668	144.49333333333334	144.55333333333334	144.5	144.43333333333334	144.64666666666668	144.55333333333334	144.64666666666668	144.55333333333334	144.5	144.49333333333334	144.49333333333334	144.48	144.49333333333334	144.46	144.42666666666668	144.54666666666665	144.50666666666666	144.48	144.46	144.54	144.50666666666666	144.6	144.52666666666667	144.54666666666665	144.55333333333334	144.53333333333333	144.60666666666665	144.53333333333333	144.74	144.62	144.50666666666666	144.5	144.55333333333334	144.42666666666668	144.44666666666666	144.45333333333335	144.45333333333335	144.5	144.51333333333332	144.46	144.39333333333335	144.41333333333333	144.25333333333333	143.84666666666666	142.29333333333332	135.45333333333335	0.0
0.0	134.98666666666668	142.28666666666666	143.78666666666666	144.18666666666667	144.38666666666666	144.40666666666667	144.43333333333334	144.54	144.45333333333335	144.58	144.38	144.40666666666667	144.28	144.42	144.5	144.43333333333334	144.44	144.3	144.46	144.30666666666667	144.57333333333332	144.58	144.46	144.42666666666668	144.46666666666667	144.43333333333334	144.36666666666667	144.44666666666666	144.48666666666668	144.37333333333333	144.36	144.46666666666667	144.35333333333332	144.46	144.42666666666668	144.28	144.38666666666666	144.34	144.32666666666665	144.35333333333332	144.42666666666668	144.46	144.44666666666666	144.44666666666666	144.45333333333335	144.42	144.37333333333333	144.5	144.39333333333335	144.42666666666668	144.56	144.48	144.42666666666668	144.50666666666666	144.4	144.44	144.44	144.48666666666668	144.53333333333333	144.48	144.42666666666668	144.44	144.47333333333333	144.66	144.49333333333334	144.35333333333332	144.47333333333333	144.30666666666667	143.93333333333334	142.34666666666666	135.12666666666667	0.0
0.0	135.28	142.19333333333333	143.83333333333334	144.34	144.41333333333333	144.42666666666668	144.61333333333334	144.49333333333334	144.52666666666667	144.42666666666668	144.35333333333332	144.41333333333333	144.46	144.51333333333332	144.43333333333334	144.54666666666665	144.55333333333334	144.54666666666665	144.5	144.43333333333334	144.54666666666665	144.5	144.47333333333333	144.43333333333334	144.47333333333333	144.46666666666667	144.42666666666668	144.49333333333334	144.52666666666667	144.53333333333333	144.52	144.56	144.44	144.46	144.54666666666665	144.42666666666668	144.70666666666668	144.44	144.61333333333334	144.68	144.56	144.38666666666666	144.53333333333333	144.41333333333333	144.43333333333334	144.44666666666666	144.33333333333334	144.37333333333333	144.49333333333334	144.52666666666667	144.52	144.47333333333333	144.58666666666667	144.51333333333332	144.53333333333333	144.60666666666665	144.5	144.48666666666668	144.42666666666668	144.55333333333334	144.41333333333333	144.51333333333332	144.36666666666667	144.46	144.42666666666668	144.36666666666667	144.43333333333334	144.4	143.78	142.03333333333333	134.55333333333334	0.0
0.0	135.22	142.34	143.94	144.34	144.40666666666667	144.44666666666666	144.46666666666667	144.52666666666667	144.45333333333335	144.56666666666666	144.45333333333335	144.49333333333334	144.50666666666666	144.58	144.57333333333332	144.56666666666666	144.56	144.65333333333334	144.58666666666667	144.52666666666667	144.60666666666665	144.65333333333334	144.58	144.56	144.54666666666665	144.64666666666668	144.64	144.49333333333334	144.46666666666667	144.62	144.64	144.64	144.60666666666665	144.48666666666668	144.53333333333333	144.56666666666666	144.69333333333333	144.74	144.51333333333332	144.61333333333334	144.56	144.63333333333333	144.72	144.61333333333334	144.47333333333333	144.56	144.71333333333334	144.63333333333333	144.54666666666665	144.51333333333332	144.59333333333333	144.69333333333333	144.60666666666665	144.62666666666667	144.52666666666667	144.54666666666665	144.52666666666667	144.55333333333334	144.61333333333334	144.40666666666667	144.62666666666667	144.61333333333334	144.50666666666666	144.66	144.72	144.54666666666665	144.49333333333334	144.29333333333332	143.98	142.22	135.42666666666668	0.0
0.0	135.26666666666668	142.45333333333335	144.17333333333335	144.4	144.39333333333335	144.54666666666665	144.51333333333332	144.56666666666666	144.45333333333335	144.61333333333334	144.54666666666665	144.48666666666668	144.6	144.61333333333334	144.60666666666665	144.64666666666668	144.66666666666666	144.56666666666666	144.58	144.63333333333333	144.71333333333334	144.67333333333335	144.66	144.58	144.63333333333333	144.52666666666667	144.56	144.52666666666667	144.58666666666667	144.68666666666667	144.62666666666667	144.56	144.54666666666665	144.53333333333333	144.54	144.53333333333333	144.63333333333333	144.62	144.55333333333334	144.59333333333333	144.56	144.62666666666667	144.58	144.62	144.49333333333334	144.68666666666667	144.66666666666666	144.5	144.69333333333333	144.53333333333333	144.60666666666665	144.7	144.73333333333332	144.68666666666667	144.52	144.48666666666668	144.56	144.54666666666665	144.56666666666666	144.56666666666666	144.63333333333333	144.60666666666665	144.63333333333333	144.49333333333334	144.62666666666667	144.43333333333334	144.46	144.34666666666666	143.89333333333335	142.16	135.3	0.0
0.0	135.24	142.28666666666666	143.62666666666667	144.40666666666667	144.52666666666667	144.44666666666666	144.49333333333334	144.50666666666666	144.43333333333334	144.54666666666665	144.4	144.43333333333334	144.5	144.54	144.42	144.38666666666666	144.34	144.4	144.54666666666665	144.42666666666668	144.6	144.59333333333333	144.38	144.53333333333333	144.40666666666667	144.56	144.39333333333335	144.44666666666666	144.5	144.4	144.30666666666667	144.38	144.48	144.39333333333335	144.50666666666666	144.40666666666667	144.43333333333334	144.46666666666667	144.54	144.47333333333333	144.45333333333335	144.53333333333333	144.46666666666667	144.36666666666667	144.42666666666668	144.4	144.5	144.43333333333334	144.48	144.4	144.51333333333332	144.50666666666666	144.54	144.48666666666668	144.45333333333335	144.40666666666667	144.47333333333333	144.42	144.57333333333332	144.53333333333333	144.51333333333332	144.5	144.45333333333335	144.42666666666668	144.49333333333334	144.39333333333335	144.34666666666666	144.19333333333333	143.82	142.10666666666665	135.44666666666666	0.0
0.0	135.39333333333335	142.30666666666667	143.93333333333334	144.34	144.44666666666666	144.43333333333334	144.54	144.44	144.64666666666668	144.66	144.59333333333333	144.56666666666666	144.38	144.51333333333332	144.49333333333334	144.40666666666667	144.44	144.39333333333335	144.45333333333335	144.5	144.38666666666666	144.54666666666665	144.42	144.51333333333332	144.44666666666666	144.37333333333333	144.34	144.43333333333334	144.54	144.43333333333334	144.46666666666667	144.38	144.47333333333333	144.44	144.34	144.42666666666668	144.52666666666667	144.48	144.5	144.28	144.38	144.38	144.40666666666667	144.36666666666667	144.48666666666668	144.37333333333333	144.56666666666666	144.48666666666668	144.46666666666667	144.57333333333332	144.47333333333333	144.46666666666667	144.37333333333333	144.53333333333333	144.57333333333332	144.42666666666668	144.4	144.43333333333334	144.48666666666668	144.54	144.53333333333333	144.53333333333333	144.62666666666667	144.46	144.49333333333334	144.42666666666668	144.49333333333334	144.25333333333333	143.81333333333333	142.27333333333334	135.04	0.0
0.0	135.03333333333333	142.46	143.92	144.43333333333334	144.54	144.43333333333334	144.56666666666666	144.60666666666665	144.72666666666666	144.48	144.40666666666667	144.46666666666667	144.57333333333332	144.54	144.5	144.66	144.58666666666667	144.48666666666668	144.63333333333333	144.65333333333334	144.56	144.59333333333333	144.63333333333333	144.58666666666667	144.50666666666666	144.4	144.48666666666668	144.62	144.58666666666667	144.55333333333334	144.56666666666666	144.53333333333333	144.58	144.51333333333332	144.64666666666668	144.61333333333334	144.68	144.52666666666667	144.64	144.69333333333333	144.52	144.64666666666668	144.67333333333335	144.51333333333332	144.61333333333334	144.54666666666665	144.7	144.63333333333333	144.58666666666667	144.47333333333333	144.58	144.55333333333334	144.7	144.68666666666667	144.62666666666667	144.68	144.62	144.44	144.6	144.58	144.6	144.56	144.58	144.58666666666667	144.63333333333333	144.56	144.50666666666666	144.25333333333333	143.90666666666667	142.2	134.92	0.0
0.0	135.22666666666666	142.49333333333334	144.05333333333334	144.32	144.44666666666666	144.44	144.43333333333334	144.46	144.39333333333335	144.59333333333333	144.37333333333333	144.4	144.49333333333334	144.42666666666668	144.53333333333333	144.44666666666666	144.53333333333333	144.46	144.52666666666667	144.50666666666666	144.54	144.52	144.48	144.52666666666667	144.41333333333333	144.63333333333333	144.46666666666667	144.52	144.52	144.5	144.47333333333333	144.49333333333334	144.32666666666665	144.49333333333334	144.44666666666666	144.44	144.48	144.44666666666666	144.52	144.46	144.47333333333333	144.40666666666667	144.35333333333332	144.48666666666668	144.48666666666668	144.53333333333333	144.59333333333333	144.39333333333335	144.36	144.44666666666666	144.48	144.5	144.51333333333332	144.37333333333333	144.34	144.49333333333334	144.49333333333334	144.52	144.47333333333333	144.34666666666666	144.51333333333332	144.46666666666667	144.39333333333335	144.53333333333333	144.44	144.31333333333333	144.25333333333333	144.25333333333333	143.94	142.34	135.47333333333333	0.0
0.0	135.54666666666665	142.23333333333332	143.77333333333334	144.36	144.24666666666667	144.36	144.54	144.5	144.52	144.44666666666666	144.54	144.65333333333334	144.41333333333333	144.49333333333334	144.36	144.46666666666667	144.60666666666665	144.53333333333333	144.49333333333334	144.33333333333334	144.63333333333333	144.5	144.49333333333334	144.41333333333333	144.56666666666666	144.38666666666666	144.38666666666666	144.41333333333333	144.45333333333335	144.54	144.47333333333333	144.5	144.46666666666667	144.39333333333335	144.54666666666665	144.51333333333332	144.47333333333333	144.36666666666667	144.41333333333333	144.42666666666668	144.45333333333335	144.51333333333332	144.42	144.46666666666667	144.48	144.54	144.35333333333332	144.46	144.48666666666668	144.44666666666666	144.46	144.54666666666665	144.52666666666667	144.39333333333335	144.56	144.53333333333333	144.36	144.44666666666666	144.45333333333335	144.54	144.58666666666667	144.48	144.47333333333333	144.44666666666666	144.36	144.38	144.33333333333334	144.28666666666666	143.77333333333334	142.29333333333332	135.00666666666666	0.0
0.0	134.78666666666666	142.11333333333334	143.9	144.32	144.46	144.38666666666666	144.54666666666665	144.48	144.57333333333332	144.54	144.46	144.44	144.48666666666668	144.49333333333334	144.44	144.49333333333334	144.46666666666667	144.48	144.33333333333334	144.52	144.44666666666666	144.5	144.58666666666667	144.61333333333334	144.48666666666668	144.4	144.52666666666667	144.46666666666667	144.56666666666666	144.55333333333334	144.56	144.57333333333332	144.43333333333334	144.54666666666665	144.47333333333333	144.42	144.5	144.42666666666668	144.53333333333333	144.48666666666668	144.47333333333333	144.49333333333334	144.46666666666667	144.40666666666667	144.34	144.51333333333332	144.46	144.49333333333334	144.49333333333334	144.49333333333334	144.49333333333334	144.65333333333334	144.64	144.35333333333332	144.51333333333332	144.4	144.57333333333332	144.52666666666667	144.58666666666667	144.51333333333332	144.36	144.58666666666667	144.51333333333332	144.42666666666668	144.36666666666667	144.5	144.48666666666668	144.34666666666666	143.9	142.24	135.15333333333334	0.0
0.0	135.30666666666667	142.26	143.88666666666666	144.3	144.44666666666666	144.42	144.44666666666666	144.51333333333332	144.52	144.60666666666665	144.54	144.40666666666667	144.5	144.54	144.52	144.48666666666668	144.66666666666666	144.54666666666665	144.50666666666666	144.5	144.55333333333334	144.45333333333335	144.61333333333334	144.65333333333334	144.57333333333332	144.6	144.55333333333334	144.60666666666665	144.46	144.54666666666665	144.48666666666668	144.43333333333334	144.40666666666667	144.43333333333334	144.54666666666665	144.44	144.4	144.47333333333333	144.54	144.67333333333335	144.46666666666667	144.51333333333332	144.46	144.50666666666666	144.54666666666665	144.39333333333335	144.43333333333334	144.58	144.5	144.52666666666667	144.59333333333333	144.6	144.43333333333334	144.50666666666666	144.64666666666668	144.57333333333332	144.70666666666668	144.48666666666668	144.62666666666667	144.57333333333332	144.52	144.42666666666668	144.44	144.44	144.54666666666665	144.46	144.48666666666668	144.32	143.85333333333332	142.40666666666667	135.15333333333334	0.0
0.0	134.98666666666668	142.48666666666668	143.92666666666668	144.22666666666666	144.31333333333333	144.4	144.47333333333333	144.6	144.52	144.52666666666667	144.51333333333332	144.59333333333333	144.55333333333334	144.54	144.66666666666666	144.6	144.53333333333333	144.49333333333334	144.56	144.56666666666666	144.45333333333335	144.56	144.42666666666668	144.62	144.46666666666667	144.6	144.48666666666668	144.55333333333334	144.68	144.56666666666666	144.60666666666665	144.52666666666667	144.55333333333334	144.66	144.57333333333332	144.49333333333334	144.56666666666666	144.54666666666665	144.56	144.54666666666665	144.53333333333333	144.50666666666666	144.52666666666667	144.62666666666667	144.52666666666667	144.48666666666668	144.44	144.48	144.54666666666665	144.42	144.48	144.42	144.67333333333335	144.52	144.56666666666666	144.46666666666667	144.48	144.62666666666667	144.43333333333334	144.41333333333333	144.4	144.48	144.47333333333333	144.53333333333333	144.52	144.49333333333334	144.43333333333334	144.29333333333332	143.80666666666667	142.38666666666666	135.19333333333333	0.0
0.0	135.29333333333332	142.52	144.16	144.51333333333332	144.55333333333334	144.5	144.59333333333333	144.66666666666666	144.61333333333334	144.69333333333333	144.54666666666665	144.66666666666666	144.74	144.62	144.62666666666667	144.63333333333333	144.58666666666667	144.73333333333332	144.82	144.58	144.57333333333332	144.56	144.68666666666667	144.63333333333333	144.55333333333334	144.63333333333333	144.60666666666665	144.57333333333332	144.61333333333334	144.55333333333334	144.44	144.57333333333332	144.61333333333334	144.6	144.69333333333333	144.64	144.6	144.78666666666666	144.60666666666665	144.58	144.60666666666665	144.56666666666666	144.63333333333333	144.60666666666665	144.62	144.64666666666668	144.69333333333333	144.52666666666667	144.59333333333333	144.72	144.54	144.62666666666667	144.6	144.58666666666667	144.62666666666667	144.62	144.61333333333334	144.58	144.66	144.70666666666668	144.68666666666667	144.70666666666668	144.59333333333333	144.57333333333332	144.72666666666666	144.56	144.56666666666666	144.40666666666667	143.84666666666666	142.32666666666665	135.58	0.0
0.0	134.94	142.28	143.97333333333333	144.34	144.46	144.50666666666666	144.54	144.67333333333335	144.56	144.55333333333334	144.68	144.54666666666665	144.60666666666665	144.48	144.54	144.48	144.50666666666666	144.52666666666667	144.62666666666667	144.64	144.64	144.51333333333332	144.47333333333333	144.48	144.51333333333332	144.52	144.53333333333333	144.48666666666668	144.6	144.59333333333333	144.56	144.64	144.49333333333334	144.41333333333333	144.42	144.54	144.58	144.50666666666666	144.56	144.56	144.48666666666668	144.6	144.53333333333333	144.50666666666666	144.51333333333332	144.60666666666665	144.61333333333334	144.5	144.52	144.55333333333334	144.52666666666667	144.49333333333334	144.56666666666666	144.52666666666667	144.44666666666666	144.56	144.55333333333334	144.54666666666665	144.56666666666666	144.59333333333333	144.43333333333334	144.50666666666666	144.54666666666665	144.39333333333335	144.46666666666667	144.52	144.50666666666666	144.38666666666666	143.88666666666666	142.18	134.90666666666667	0.0
0.0	135.05333333333334	142.12	143.94	144.14	144.35333333333332	144.45333333333335	144.53333333333333	144.47333333333333	144.42	144.42666666666668	144.48	144.46666666666667	144.38666666666666	144.50666666666666	144.51333333333332	144.55333333333334	144.58	144.5	144.47333333333333	144.52666666666667	144.51333333333332	144.45333333333335	144.50666666666666	144.48	144.48666666666668	144.49333333333334	144.65333333333334	144.48666666666668	144.44	144.34666666666666	144.44	144.55333333333334	144.55333333333334	144.50666666666666	144.40666666666667	144.37333333333333	144.5	144.37333333333333	144.48666666666668	144.39333333333335	144.51333333333332	144.52666666666667	144.42	144.58	144.52	144.64666666666668	144.40666666666667	144.55333333333334	144.55333333333334	144.46666666666667	144.42	144.46666666666667	144.47333333333333	144.57333333333332	144.46	144.48	144.46666666666667	144.47333333333333	144.52	144.40666666666667	144.38666666666666	144.50666666666666	144.50666666666666	144.56666666666666	144.50666666666666	144.58	144.48	144.23333333333332	143.86	142.27333333333334	134.86666666666667	0.0
0.0	135.16	142.20666666666668	144.01333333333332	144.38666666666666	144.40666666666667	144.46666666666667	144.51333333333332	144.53333333333333	144.49333333333334	144.46666666666667	144.53333333333333	144.50666666666666	144.41333333333333	144.52666666666667	144.46666666666667	144.50666666666666	144.66666666666666	144.49333333333334	144.60666666666665	144.5	144.56666666666666	144.49333333333334	144.52666666666667	144.56666666666666	144.52	144.66666666666666	144.58	144.57333333333332	144.44666666666666	144.51333333333332	144.47333333333333	144.68666666666667	144.56666666666666	144.48666666666668	144.42666666666668	144.48666666666668	144.51333333333332	144.46666666666667	144.44666666666666	144.49333333333334	144.42	144.52666666666667	144.6	144.57333333333332	144.51333333333332	144.52666666666667	144.5	144.52	144.46666666666667	144.50666666666666	144.52	144.53333333333333	144.52	144.62666666666667	144.54	144.50666666666666	144.4	144.62	144.53333333333333	144.46	144.56	144.6	144.58666666666667	144.65333333333334	144.64666666666668	144.43333333333334	144.49333333333334	144.22666666666666	143.90666666666667	142.24666666666667	135.14666666666668	0.0
0.0	135.4	142.37333333333333	143.60666666666665	144.25333333333333	144.36	144.38	144.39333333333335	144.29333333333332	144.46666666666667	144.43333333333334	144.52	144.44	144.4	144.36	144.37333333333333	144.24	144.34	144.26666666666668	144.3	144.38666666666666	144.4	144.48666666666668	144.40666666666667	144.26	144.44	144.27333333333334	144.37333333333333	144.46	144.36666666666667	144.36	144.52	144.37333333333333	144.38666666666666	144.43333333333334	144.34	144.37333333333333	144.48	144.39333333333335	144.29333333333332	144.33333333333334	144.26	144.34	144.22	144.25333333333333	144.40666666666667	144.26	144.36	144.38666666666666	144.38	144.30666666666667	144.42	144.42666666666668	144.32	144.34666666666666	144.30666666666667	144.34666666666666	144.4	144.31333333333333	144.37333333333333	144.29333333333332	144.39333333333335	144.28666666666666	144.39333333333335	144.43333333333334	144.41333333333333	144.40666666666667	144.40666666666667	144.16	143.79333333333332	142.32666666666665	134.83333333333334	0.0
0.0	135.23333333333332	142.54	143.98	144.36	144.45333333333335	144.58	144.66	144.68666666666667	144.62666666666667	144.52666666666667	144.74666666666667	144.49333333333334	144.62666666666667	144.58	144.54	144.58666666666667	144.70666666666668	144.64666666666668	144.63333333333333	144.69333333333333	144.57333333333332	144.65333333333334	144.59333333333333	144.57333333333332	144.65333333333334	144.64666666666668	144.56666666666666	144.52	144.65333333333334	144.72666666666666	144.67333333333335	144.7	144.54	144.70666666666668	144.57333333333332	144.62666666666667	144.49333333333334	144.56666666666666	144.56666666666666	144.72666666666666	144.67333333333335	144.58666666666667	144.61333333333334	144.53333333333333	144.57333333333332	144.61333333333334	144.64	144.66	144.54666666666665	144.62	144.72666666666666	144.58666666666667	144.44	144.58666666666667	144.58	144.68666666666667	144.62666666666667	144.58666666666667	144.61333333333334	144.54666666666665	144.53333333333333	144.56666666666666	144.67333333333335	144.79333333333332	144.52	144.56	144.67333333333335	144.28	144.05333333333334	142.37333333333333	135.08	0.0
0.0	135.42	142.19333333333333	143.86	144.22	144.37333333333333	144.37333333333333	144.33333333333334	144.37333333333333	144.45333333333335	144.47333333333333	144.43333333333334	144.54666666666665	144.56666666666666	144.44	144.41333333333333	144.46666666666667	144.50666666666666	144.55333333333334	144.44	144.5	144.38666666666666	144.46	144.42666666666668	144.54	144.45333333333335	144.48666666666668	144.58666666666667	144.41333333333333	144.42666666666668	144.47333333333333	144.4	144.62666666666667	144.6	144.50666666666666	144.48666666666668	144.51333333333332	144.52666666666667	144.46666666666667	144.52	144.52	144.46666666666667	144.44666666666666	144.45333333333335	144.52	144.43333333333334	144.4	144.48	144.33333333333334	144.59333333333333	144.61333333333334	144.52666666666667	144.40666666666667	144.5	144.46	144.46666666666667	144.5	144.5	144.42666666666668	144.49333333333334	144.49333333333334	144.49333333333334	144.48	144.44666666666666	144.44666666666666	144.53333333333333	144.55333333333334	144.38	144.30666666666667	143.96	142.28	135.13333333333333	0.0
0.0	135.28666666666666	142.5	143.78	144.16666666666666	144.28666666666666	144.36	144.40666666666667	144.4	144.53333333333333	144.53333333333333	144.46	144.42	144.47333333333333	144.4	144.47333333333333	144.58666666666667	144.37333333333333	144.32	144.46666666666667	144.59333333333333	144.47333333333333	144.58666666666667	144.46	144.49333333333334	144.42666666666668	144.47333333333333	144.44666666666666	144.52	144.46	144.42666666666668	144.58666666666667	144.42666666666668	144.46666666666667	144.47333333333333	144.53333333333333	144.44	144.5	144.44666666666666	144.43333333333334	144.38	144.41333333333333	144.43333333333334	144.40666666666667	144.48	144.39333333333335	144.58666666666667	144.47333333333333	144.52666666666667	144.40666666666667	144.5	144.44666666666666	144.38666666666666	144.42666666666668	144.32	144.36	144.44666666666666	144.44	144.51333333333332	144.55333333333334	144.52666666666667	144.59333333333333	144.50666666666666	144.59333333333333	144.34666666666666	144.42666666666668	144.41333333333333	144.45333333333335	144.43333333333334	143.98666666666668	142.29333333333332	135.01333333333332	0.0
0.0	135.11333333333334	142.47333333333333	143.90666666666667	144.26666666666668	144.36666666666667	144.52	144.52666666666667	144.44	144.50666666666666	144.46666666666667	144.53333333333333	144.48	144.48	144.42	144.52	144.42666666666668	144.52	144.46	144.37333333333333	144.42666666666668	144.25333333333333	144.45333333333335	144.38666666666666	144.58	144.52666666666667	144.54	144.41333333333333	144.40666666666667	144.38	144.42666666666668	144.36666666666667	144.45333333333335	144.46666666666667	144.54	144.53333333333333	144.48	144.44	144.4	144.42666666666668	144.46	144.46666666666667	144.41333333333333	144.50666666666666	144.58666666666667	144.52666666666667	144.5	144.5	144.38666666666666	144.41333333333333	144.54	144.44666666666666	144.46	144.40666666666667	144.4	144.44666666666666	144.38666666666666	144.53333333333333	144.43333333333334	144.49333333333334	144.45333333333335	144.48666666666668	144.47333333333333	144.62666666666667	144.46	144.42	144.44666666666666	144.47333333333333	144.35333333333332	143.96666666666667	142.34	134.81333333333333	0.0
0.0	135.34	142.30666666666667	144.09333333333333	144.54	144.64666666666668	144.59333333333333	144.56666666666666	144.69333333333333	144.71333333333334	144.58	144.56666666666666	144.62666666666667	144.58666666666667	144.66	144.52666666666667	144.67333333333335	144.78666666666666	144.62	144.68666666666667	144.75333333333333	144.64	144.59333333333333	144.57333333333332	144.75333333333333	144.6	144.7	144.61333333333334	144.63333333333333	144.56	144.59333333333333	144.69333333333333	144.66	144.70666666666668	144.59333333333333	144.52666666666667	144.59333333333333	144.66666666666666	144.60666666666665	144.65333333333334	144.79333333333332	144.69333333333333	144.66666666666666	144.71333333333334	144.59333333333333	144.54666666666665	144.6	144.69333333333333	144.73333333333332	144.70666666666668	144.54	144.64666666666668	144.60666666666665	144.63333333333333	144.55333333333334	144.64666666666668	144.7	144.64666666666668	144.68666666666667	144.67333333333335	144.71333333333334	144.68	144.68	144.6	144.61333333333334	144.6	144.58	144.6	144.56	144.04	142.45333333333335	135.11333333333334	0.0
0.0	135.12	142.18	143.91333333333333	144.38	144.51333333333332	144.66	144.61333333333334	144.58	144.59333333333333	144.42666666666668	144.60666666666665	144.6	144.61333333333334	144.46	144.50666666666666	144.47333333333333	144.60666666666665	144.64666666666668	144.56666666666666	144.52666666666667	144.54	144.38666666666666	144.48666666666668	144.68666666666667	144.6	144.66	144.62666666666667	144.56666666666666	144.58	144.7	144.56666666666666	144.43333333333334	144.42	144.49333333333334	144.57333333333332	144.45333333333335	144.53333333333333	144.52	144.42	144.61333333333334	144.59333333333333	144.52	144.66	144.64666666666668	144.63333333333333	144.48666666666668	144.50666666666666	144.53333333333333	144.56	144.48666666666668	144.46666666666667	144.43333333333334	144.54	144.40666666666667	144.52	144.52	144.48666666666668	144.56666666666666	144.34666666666666	144.50666666666666	144.50666666666666	144.54666666666665	144.5	144.46	144.48	144.33333333333334	144.44666666666666	144.36	143.91333333333333	142.29333333333332	135.28666666666666	0.0
0.0	135.10666666666665	142.24666666666667	143.90666666666667	144.31333333333333	144.48	144.54	144.62666666666667	144.61333333333334	144.66666666666666	144.57333333333332	144.51333333333332	144.48	144.53333333333333	144.54666666666665	144.56666666666666	144.57333333333332	144.64666666666668	144.7	144.66666666666666	144.77333333333334	144.55333333333334	144.59333333333333	144.62666666666667	144.67333333333335	144.58666666666667	144.65333333333334	144.5	144.54	144.58666666666667	144.52	144.42666666666668	144.63333333333333	144.62	144.6	144.63333333333333	144.6	144.75333333333333	144.52666666666667	144.54	144.72666666666666	144.58666666666667	144.69333333333333	144.45333333333335	144.70666666666668	144.62666666666667	144.72	144.52666666666667	144.63333333333333	144.56	144.52	144.52666666666667	144.5	144.70666666666668	144.56666666666666	144.6	144.54	144.38666666666666	144.62666666666667	144.66666666666666	144.53333333333333	144.6	144.73333333333332	144.58666666666667	144.56666666666666	144.45333333333335	144.50666666666666	144.38666666666666	144.35333333333332	143.87333333333333	142.19333333333333	135.24	0.0
0.0	135.33333333333334	142.44	144.03333333333333	144.35333333333332	144.36666666666667	144.42666666666668	144.49333333333334	144.57333333333332	144.56666666666666	144.61333333333334	144.42666666666668	144.46	144.57333333333332	144.51333333333332	144.45333333333335	144.43333333333334	144.43333333333334	144.41333333333333	144.54	144.49333333333334	144.46666666666667	144.62666666666667	144.52	144.49333333333334	144.42	144.58666666666667	144.67333333333335	144.49333333333334	144.52666666666667	144.49333333333334	144.45333333333335	144.42	144.64666666666668	144.58666666666667	144.6	144.64666666666668	144.58	144.5	144.5	144.52	144.52666666666667	144.57333333333332	144.59333333333333	144.46	144.55333333333334	144.55333333333334	144.49333333333334	144.61333333333334	144.65333333333334	144.46	144.36	144.57333333333332	144.8	144.65333333333334	144.64666666666668	144.48	144.67333333333335	144.6	144.54666666666665	144.46	144.49333333333334	144.54666666666665	144.54666666666665	144.51333333333332	144.62	144.58666666666667	144.51333333333332	144.27333333333334	143.82	142.19333333333333	134.98	0.0
0.0	135.18	142.26	143.88666666666666	144.19333333333333	144.45333333333335	144.34	144.4	144.28	144.28666666666666	144.32666666666665	144.39333333333335	144.36666666666667	144.23333333333332	144.41333333333333	144.39333333333335	144.36666666666667	144.42	144.48666666666668	144.44666666666666	144.36	144.43333333333334	144.49333333333334	144.36	144.42666666666668	144.46	144.4	144.43333333333334	144.39333333333335	144.30666666666667	144.3	144.42666666666668	144.50666666666666	144.46666666666667	144.4	144.4	144.4	144.36666666666667	144.43333333333334	144.38666666666666	144.45333333333335	144.31333333333333	144.30666666666667	144.28	144.35333333333332	144.47333333333333	144.51333333333332	144.58	144.43333333333334	144.36666666666667	144.36666666666667	144.24666666666667	144.4	144.43333333333334	144.45333333333335	144.42	144.49333333333334	144.38	144.37333333333333	144.33333333333334	144.39333333333335	144.3	144.39333333333335	144.43333333333334	144.41333333333333	144.38	144.41333333333333	144.34666666666666	144.26666666666668	143.8	142.24666666666667	135.38	0.0
0.0	135.18	142.42	143.94	144.33333333333334	144.38666666666666	144.44666666666666	144.4	144.58666666666667	144.56666666666666	144.60666666666665	144.6	144.54	144.53333333333333	144.52	144.64	144.71333333333334	144.46	144.55333333333334	144.6	144.56	144.6	144.49333333333334	144.60666666666665	144.60666666666665	144.57333333333332	144.64666666666668	144.54	144.45333333333335	144.56	144.62666666666667	144.5	144.54666666666665	144.62666666666667	144.56666666666666	144.48666666666668	144.58	144.56	144.60666666666665	144.49333333333334	144.42	144.42666666666668	144.58	144.54	144.59333333333333	144.48	144.59333333333333	144.52	144.53333333333333	144.62666666666667	144.56	144.55333333333334	144.5	144.52666666666667	144.56	144.48666666666668	144.55333333333334	144.56666666666666	144.58	144.60666666666665	144.58	144.57333333333332	144.52	144.62	144.55333333333334	144.58	144.46666666666667	144.5	144.44666666666666	143.88666666666666	142.45333333333335	134.92	0.0
0.0	134.88666666666666	142.12666666666667	143.86	144.4	144.36	144.46	144.56666666666666	144.39333333333335	144.51333333333332	144.46	144.5	144.58	144.44666666666666	144.38	144.44666666666666	144.52	144.6	144.36666666666667	144.52	144.31333333333333	144.40666666666667	144.58666666666667	144.52666666666667	144.48	144.66666666666666	144.4	144.44	144.57333333333332	144.44666666666666	144.53333333333333	144.45333333333335	144.39333333333335	144.38666666666666	144.38666666666666	144.44666666666666	144.53333333333333	144.61333333333334	144.49333333333334	144.53333333333333	144.44	144.46666666666667	144.59333333333333	144.40666666666667	144.47333333333333	144.56666666666666	144.51333333333332	144.45333333333335	144.48	144.49333333333334	144.4	144.41333333333333	144.48	144.42666666666668	144.46	144.47333333333333	144.51333333333332	144.40666666666667	144.38	144.41333333333333	144.44	144.37333333333333	144.32	144.29333333333332	144.39333333333335	144.42	144.4	144.54666666666665	144.22	143.92	142.34666666666666	135.62666666666667	0.0
0.0	134.67333333333335	142.13333333333333	143.87333333333333	144.28	144.38	144.39333333333335	144.39333333333335	144.59333333333333	144.54	144.40666666666667	144.42	144.35333333333332	144.3	144.34666666666666	144.40666666666667	144.4	144.29333333333332	144.41333333333333	144.40666666666667	144.46	144.54666666666665	144.5	144.36666666666667	144.47333333333333	144.48666666666668	144.49333333333334	144.36666666666667	144.35333333333332	144.4	144.41333333333333	144.37333333333333	144.31333333333333	144.49333333333334	144.39333333333335	144.37333333333333	144.36666666666667	144.52	144.33333333333334	144.46666666666667	144.43333333333334	144.41333333333333	144.38666666666666	144.36666666666667	144.32666666666665	144.35333333333332	144.42666666666668	144.52666666666667	144.26	144.3	144.48666666666668	144.47333333333333	144.57333333333332	144.38666666666666	144.4	144.47333333333333	144.54	144.42	144.49333333333334	144.50666666666666	144.37333333333333	144.37333333333333	144.4	144.49333333333334	144.41333333333333	144.43333333333334	144.40666666666667	144.38	144.06	143.76	142.26	135.08	0.0
0.0	135.55333333333334	142.24	143.97333333333333	144.25333333333333	144.37333333333333	144.33333333333334	144.52666666666667	144.58	144.56666666666666	144.58666666666667	144.6	144.74	144.55333333333334	144.62666666666667	144.54666666666665	144.54	144.44666666666666	144.62	144.39333333333335	144.58666666666667	144.50666666666666	144.62	144.6	144.52	144.56	144.48666666666668	144.5	144.52666666666667	144.56	144.58666666666667	144.55333333333334	144.54666666666665	144.58666666666667	144.55333333333334	144.46666666666667	144.60666666666665	144.59333333333333	144.56	144.48	144.71333333333334	144.52666666666667	144.5	144.47333333333333	144.46	144.56	144.56	144.52	144.44	144.52	144.5	144.46666666666667	144.5	144.66	144.55333333333334	144.54	144.63333333333333	144.72	144.68666666666667	144.56666666666666	144.50666666666666	144.49333333333334	144.68	144.62666666666667	144.68	144.52666666666667	144.56666666666666	144.52666666666667	144.32	143.88	142.47333333333333	135.22666666666666	0.0
0.0	135.16	142.28666666666666	143.94666666666666	144.48666666666668	144.48666666666668	144.61333333333334	144.56666666666666	144.60666666666665	144.66	144.68666666666667	144.64666666666668	144.65333333333334	144.64666666666668	144.69333333333333	144.50666666666666	144.66	144.65333333333334	144.67333333333335	144.56	144.58	144.58666666666667	144.6	144.53333333333333	144.63333333333333	144.68	144.64	144.76	144.52666666666667	144.61333333333334	144.54666666666665	144.58	144.54	144.65333333333334	144.66	144.51333333333332	144.68	144.54666666666665	144.74666666666667	144.63333333333333	144.68	144.46666666666667	144.55333333333334	144.57333333333332	144.42	144.58	144.68	144.53333333333333	144.56666666666666	144.66666666666666	144.72666666666666	144.6	144.65333333333334	144.69333333333333	144.74	144.54666666666665	144.6	144.62	144.56666666666666	144.53333333333333	144.53333333333333	144.55333333333334	144.61333333333334	144.46666666666667	144.52666666666667	144.62	144.54	144.46666666666667	144.4	143.92666666666668	142.66666666666666	135.36666666666667	0.0
0.0	134.96666666666667	142.35333333333332	143.92666666666668	144.37333333333333	144.62	144.63333333333333	144.62	144.69333333333333	144.58666666666667	144.47333333333333	144.58	144.48666666666668	144.72666666666666	144.56	144.66	144.70666666666668	144.68666666666667	144.52	144.45333333333335	144.52	144.66666666666666	144.48	144.52	144.46666666666667	144.58666666666667	144.62	144.60666666666665	144.66	144.58666666666667	144.46666666666667	144.59333333333333	144.66	144.65333333333334	144.64	144.73333333333332	144.56	144.46	144.43333333333334	144.55333333333334	144.46	144.52	144.66666666666666	144.66	144.63333333333333	144.54666666666665	144.48	144.57333333333332	144.64	144.5	144.62666666666667	144.61333333333334	144.67333333333335	144.74	144.62666666666667	144.63333333333333	144.57333333333332	144.64666666666668	144.66666666666666	144.58666666666667	144.57333333333332	144.65333333333334	144.52666666666667	144.59333333333333	144.64666666666668	144.6	144.5	144.46	144.40666666666667	144.02666666666667	142.38	135.73333333333332	0.0
0.0	135.36	142.22666666666666	143.82	144.34666666666666	144.62666666666667	144.63333333333333	144.7	144.64666666666668	144.64	144.62	144.63333333333333	144.62	144.57333333333332	144.57333333333332	144.63333333333333	144.65333333333334	144.56666666666666	144.56	144.66	144.68	144.54666666666665	144.45333333333335	144.61333333333334	144.65333333333334	144.72666666666666	144.76	144.57333333333332	144.52666666666667	144.54	144.54666666666665	144.52666666666667	144.62	144.44666666666666	144.64	144.55333333333334	144.61333333333334	144.69333333333333	144.40666666666667	144.58666666666667	144.55333333333334	144.5	144.51333333333332	144.64	144.65333333333334	144.61333333333334	144.65333333333334	144.53333333333333	144.62666666666667	144.54666666666665	144.62666666666667	144.57333333333332	144.76	144.6	144.66666666666666	144.68	144.64	144.66	144.60666666666665	144.64666666666668	144.66666666666666	144.73333333333332	144.60666666666665	144.54666666666665	144.53333333333333	144.49333333333334	144.52666666666667	144.57333333333332	144.42	144.06	142.25333333333333	135.26666666666668	0.0
0.0	135.08666666666667	142.48666666666668	143.91333333333333	144.33333333333334	144.46666666666667	144.61333333333334	144.58	144.55333333333334	144.56	144.45333333333335	144.5	144.5	144.44	144.45333333333335	144.46666666666667	144.66666666666666	144.52	144.48666666666668	144.43333333333334	144.49333333333334	144.39333333333335	144.62666666666667	144.47333333333333	144.42	144.46666666666667	144.50666666666666	144.59333333333333	144.68	144.51333333333332	144.58666666666667	144.51333333333332	144.63333333333333	144.52666666666667	144.39333333333335	144.55333333333334	144.52666666666667	144.47333333333333	144.49333333333334	144.56666666666666	144.46	144.63333333333333	144.54666666666665	144.47333333333333	144.42	144.49333333333334	144.51333333333332	144.72666666666666	144.68666666666667	144.62666666666667	144.54	144.58666666666667	144.46666666666667	144.54666666666665	144.56	144.45333333333335	144.5	144.54666666666665	144.53333333333333	144.62666666666667	144.5	144.56	144.60666666666665	144.58666666666667	144.6	144.61333333333334	144.52	144.53333333333333	144.24666666666667	143.80666666666667	142.16666666666666	134.92	0.0
0.0	135.36666666666667	142.44666666666666	143.98	144.33333333333334	144.48	144.60666666666665	144.63333333333333	144.60666666666665	144.61333333333334	144.52666666666667	144.6	144.51333333333332	144.52666666666667	144.60666666666665	144.61333333333334	144.72666666666666	144.56	144.56	144.58	144.58666666666667	144.5	144.46666666666667	144.58	144.59333333333333	144.55333333333334	144.46	144.72666666666666	144.6	144.59333333333333	144.52666666666667	144.46666666666667	144.5	144.58666666666667	144.56666666666666	144.5	144.74	144.54	144.62666666666667	144.46	144.62666666666667	144.56	144.56	144.64	144.8	144.57333333333332	144.65333333333334	144.55333333333334	144.62	144.54666666666665	144.56666666666666	144.56666666666666	144.62666666666667	144.60666666666665	144.55333333333334	144.6	144.50666666666666	144.52	144.6	144.61333333333334	144.56666666666666	144.67333333333335	144.52	144.50666666666666	144.56666666666666	144.69333333333333	144.60666666666665	144.51333333333332	144.4	143.89333333333335	142.16666666666666	134.96666666666667	0.0
0.0	134.81333333333333	142.2	144.09333333333333	144.48	144.49333333333334	144.47333333333333	144.58	144.55333333333334	144.46666666666667	144.59333333333333	144.60666666666665	144.41333333333333	144.60666666666665	144.52	144.46	144.43333333333334	144.58	144.58666666666667	144.47333333333333	144.52	144.52	144.48	144.6	144.54	144.58	144.55333333333334	144.56	144.53333333333333	144.42	144.49333333333334	144.61333333333334	144.54666666666665	144.60666666666665	144.58	144.50666666666666	144.48	144.56666666666666	144.51333333333332	144.53333333333333	144.58666666666667	144.5	144.42666666666668	144.44	144.55333333333334	144.53333333333333	144.62666666666667	144.65333333333334	144.54666666666665	144.54	144.48666666666668	144.63333333333333	144.64	144.63333333333333	144.54	144.62	144.52666666666667	144.54666666666665	144.48	144.46	144.53333333333333	144.48	144.53333333333333	144.56666666666666	144.54666666666665	144.43333333333334	144.54	144.33333333333334	144.28666666666666	143.92666666666668	142.34666666666666	135.44	0.0
0.0	134.98666666666668	142.16	143.92	144.50666666666666	144.57333333333332	144.61333333333334	144.52666666666667	144.47333333333333	144.65333333333334	144.72666666666666	144.54	144.65333333333334	144.5	144.57333333333332	144.56666666666666	144.34	144.54666666666665	144.58666666666667	144.68666666666667	144.71333333333334	144.52	144.53333333333333	144.6	144.52666666666667	144.66666666666666	144.52	144.70666666666668	144.58666666666667	144.61333333333334	144.52	144.54	144.65333333333334	144.68666666666667	144.59333333333333	144.53333333333333	144.54666666666665	144.62666666666667	144.52	144.54666666666665	144.53333333333333	144.63333333333333	144.55333333333334	144.43333333333334	144.46	144.52	144.46	144.43333333333334	144.5	144.52	144.62666666666667	144.60666666666665	144.65333333333334	144.59333333333333	144.48666666666668	144.72	144.53333333333333	144.5	144.45333333333335	144.48666666666668	144.67333333333335	144.54666666666665	144.56666666666666	144.56666666666666	144.52	144.46666666666667	144.43333333333334	144.4	144.28666666666666	143.99333333333334	142.4	135.54666666666665	0.0
0.0	135.74	142.42	143.9	144.29333333333332	144.38	144.34666666666666	144.46666666666667	144.36	144.46	144.43333333333334	144.44666666666666	144.47333333333333	144.62666666666667	144.42666666666668	144.52666666666667	144.45333333333335	144.50666666666666	144.46	144.46	144.38666666666666	144.43333333333334	144.5	144.50666666666666	144.41333333333333	144.45333333333335	144.41333333333333	144.42666666666668	144.55333333333334	144.44	144.56666666666666	144.5	144.64666666666668	144.56666666666666	144.54666666666665	144.44666666666666	144.54666666666665	144.55333333333334	144.44	144.48666666666668	144.49333333333334	144.54	144.54666666666665	144.37333333333333	144.48	144.44	144.39333333333335	144.58666666666667	144.41333333333333	144.45333333333335	144.5	144.53333333333333	144.49333333333334	144.47333333333333	144.5	144.50666666666666	144.46666666666667	144.56666666666666	144.45333333333335	144.39333333333335	144.26	144.51333333333332	144.64	144.49333333333334	144.43333333333334	144.54	144.5	144.36	144.19333333333333	143.76	142.39333333333335	135.23333333333332	0.0
0.0	135.52	142.50666666666666	143.85333333333332	144.32666666666665	144.43333333333334	144.44666666666666	144.46666666666667	144.50666666666666	144.48	144.44666666666666	144.44666666666666	144.43333333333334	144.6	144.59333333333333	144.42666666666668	144.41333333333333	144.37333333333333	144.46666666666667	144.54	144.5	144.58	144.61333333333334	144.59333333333333	144.63333333333333	144.42	144.52666666666667	144.56666666666666	144.62666666666667	144.66666666666666	144.51333333333332	144.58	144.65333333333334	144.58666666666667	144.5	144.48666666666668	144.59333333333333	144.71333333333334	144.54666666666665	144.6	144.59333333333333	144.48666666666668	144.5	144.55333333333334	144.61333333333334	144.54	144.58666666666667	144.46	144.64	144.46	144.49333333333334	144.34	144.53333333333333	144.45333333333335	144.52	144.63333333333333	144.56	144.56	144.50666666666666	144.52	144.51333333333332	144.4	144.50666666666666	144.43333333333334	144.51333333333332	144.38666666666666	144.44666666666666	144.41333333333333	144.36666666666667	143.87333333333333	142.27333333333334	135.3	0.0
0.0	135.19333333333333	142.58666666666667	143.93333333333334	144.45333333333335	144.42	144.62666666666667	144.56	144.78666666666666	144.66666666666666	144.62	144.55333333333334	144.67333333333335	144.64666666666668	144.57333333333332	144.48	144.58	144.56666666666666	144.50666666666666	144.64666666666668	144.6	144.6	144.58666666666667	144.48666666666668	144.5	144.58	144.48666666666668	144.61333333333334	144.76	144.70666666666668	144.61333333333334	144.62	144.63333333333333	144.67333333333335	144.60666666666665	144.66666666666666	144.6	144.60666666666665	144.63333333333333	144.60666666666665	144.66	144.66666666666666	144.58	144.7	144.73333333333332	144.62	144.58666666666667	144.4	144.56	144.64	144.61333333333334	144.63333333333333	144.75333333333333	144.56666666666666	144.64666666666668	144.66666666666666	144.52666666666667	144.64	144.55333333333334	144.56	144.57333333333332	144.68	144.60666666666665	144.67333333333335	144.62	144.51333333333332	144.49333333333334	144.49333333333334	144.37333333333333	143.98666666666668	142.64666666666668	135.32666666666665	0.0
0.0	135.12	142.34666666666666	143.98	144.32	144.48	144.41333333333333	144.56666666666666	144.63333333333333	144.55333333333334	144.44666666666666	144.53333333333333	144.53333333333333	144.62	144.5	144.50666666666666	144.49333333333334	144.54666666666665	144.67333333333335	144.51333333333332	144.52666666666667	144.6	144.64	144.51333333333332	144.66666666666666	144.50666666666666	144.39333333333335	144.55333333333334	144.52	144.54	144.57333333333332	144.64	144.46666666666667	144.50666666666666	144.52666666666667	144.43333333333334	144.56	144.59333333333333	144.71333333333334	144.62	144.62	144.52666666666667	144.54	144.53333333333333	144.44666666666666	144.59333333333333	144.57333333333332	144.5	144.42666666666668	144.56666666666666	144.48666666666668	144.48666666666668	144.57333333333332	144.58	144.63333333333333	144.62666666666667	144.55333333333334	144.51333333333332	144.62	144.60666666666665	144.43333333333334	144.54	144.56	144.53333333333333	144.44666666666666	144.54	144.43333333333334	144.56	144.32666666666665	143.92	142.11333333333334	135.11333333333334	0.0
0.0	135.14	142.50666666666666	143.89333333333335	144.18666666666667	144.50666666666666	144.67333333333335	144.64	144.45333333333335	144.59333333333333	144.60666666666665	144.58	144.45333333333335	144.46666666666667	144.64666666666668	144.49333333333334	144.46666666666667	144.45333333333335	144.52	144.52	144.5	144.56	144.38	144.42	144.48	144.57333333333332	144.40666666666667	144.54	144.52666666666667	144.50666666666666	144.51333333333332	144.62	144.64	144.67333333333335	144.56	144.47333333333333	144.48	144.56	144.4	144.51333333333332	144.61333333333334	144.50666666666666	144.44	144.44	144.52	144.56	144.51333333333332	144.5	144.54666666666665	144.46666666666667	144.44	144.43333333333334	144.60666666666665	144.38666666666666	144.54666666666665	144.38	144.38666666666666	144.46666666666667	144.48	144.5	144.39333333333335	144.52	144.35333333333332	144.46	144.56	144.51333333333332	144.61333333333334	144.48666666666668	144.25333333333333	143.8	142.4	135.5	0.0
0.0	135.17333333333335	142.4	143.84666666666666	144.24	144.54666666666665	144.55333333333334	144.50666666666666	144.5	144.46	144.58	144.54	144.65333333333334	144.64	144.58	144.5	144.66	144.60666666666665	144.60666666666665	144.53333333333333	144.46666666666667	144.39333333333335	144.44	144.48	144.45333333333335	144.44666666666666	144.56	144.46	144.5	144.62666666666667	144.50666666666666	144.37333333333333	144.51333333333332	144.54	144.45333333333335	144.51333333333332	144.58	144.44666666666666	144.44	144.56	144.68	144.61333333333334	144.62	144.55333333333334	144.36	144.53333333333333	144.47333333333333	144.53333333333333	144.65333333333334	144.52666666666667	144.48666666666668	144.52666666666667	144.64666666666668	144.74	144.5	144.58666666666667	144.58	144.45333333333335	144.58666666666667	144.6	144.51333333333332	144.50666666666666	144.70666666666668	144.44666666666666	144.46666666666667	144.54666666666665	144.50666666666666	144.54666666666665	144.43333333333334	143.98666666666668	142.2	135.36	0.0
0.0	134.95333333333335	142.25333333333333	143.72666666666666	144.3	144.30666666666667	144.43333333333334	144.61333333333334	144.36666666666667	144.38666666666666	144.52	144.42666666666668	144.36666666666667	144.38	144.47333333333333	144.46	144.39333333333335	144.30666666666667	144.44	144.52666666666667	144.48	144.45333333333335	144.43333333333334	144.52666666666667	144.6	144.53333333333333	144.46666666666667	144.42666666666668	144.46666666666667	144.57333333333332	144.41333333333333	144.40666666666667	144.40666666666667	144.35333333333332	144.56	144.46	144.42	144.48	144.50666666666666	144.37333333333333	144.45333333333335	144.54	144.46	144.48	144.47333333333333	144.48666666666668	144.33333333333334	144.45333333333335	144.52666666666667	144.52666666666667	144.56666666666666	144.45333333333335	144.32666666666665	144.40666666666667	144.4	144.56666666666666	144.4	144.48	144.38666666666666	144.42	144.37333333333333	144.50666666666666	144.54	144.44	144.47333333333333	144.49333333333334	144.55333333333334	144.52666666666667	144.27333333333334	143.64666666666668	142.42	135.12	0.0
0.0	135.39333333333335	142.32	143.76666666666668	144.25333333333333	144.44666666666666	144.52	144.48	144.50666666666666	144.48666666666668	144.47333333333333	144.53333333333333	144.46666666666667	144.46666666666667	144.46666666666667	144.49333333333334	144.48666666666668	144.59333333333333	144.54666666666665	144.40666666666667	144.54	144.42666666666668	144.48	144.52	144.47333333333333	144.42666666666668	144.46666666666667	144.54	144.58666666666667	144.56	144.54	144.54	144.5	144.41333333333333	144.48666666666668	144.41333333333333	144.43333333333334	144.53333333333333	144.51333333333332	144.54666666666665	144.57333333333332	144.5	144.36	144.58	144.54666666666665	144.48	144.43333333333334	144.61333333333334	144.48	144.52666666666667	144.44666666666666	144.65333333333334	144.6	144.46666666666667	144.40666666666667	144.58666666666667	144.58	144.49333333333334	144.47333333333333	144.52	144.4	144.49333333333334	144.46666666666667	144.43333333333334	144.46666666666667	144.50666666666666	144.50666666666666	144.52666666666667	144.34666666666666	143.90666666666667	142.14	135.18	0.0
0.0	135.15333333333334	142.22	143.84666666666666	144.18666666666667	144.42666666666668	144.47333333333333	144.52	144.41333333333333	144.5	144.49333333333334	144.30666666666667	144.36	144.50666666666666	144.5	144.45333333333335	144.42666666666668	144.46	144.49333333333334	144.5	144.54	144.47333333333333	144.44666666666666	144.45333333333335	144.38666666666666	144.5	144.46	144.41333333333333	144.44	144.45333333333335	144.46	144.38666666666666	144.54666666666665	144.53333333333333	144.42666666666668	144.36	144.50666666666666	144.49333333333334	144.53333333333333	144.42666666666668	144.47333333333333	144.44	144.35333333333332	144.39333333333335	144.51333333333332	144.52666666666667	144.44666666666666	144.46	144.41333333333333	144.5	144.35333333333332	144.44	144.44666666666666	144.45333333333335	144.55333333333334	144.45333333333335	144.61333333333334	144.69333333333333	144.48	144.47333333333333	144.48666666666668	144.56	144.52	144.48	144.44666666666666	144.54	144.48666666666668	144.36666666666667	144.19333333333333	143.72666666666666	142.14	135.24666666666667	0.0
0.0	135.12666666666667	142.29333333333332	143.82	144.36666666666667	144.45333333333335	144.57333333333332	144.46666666666667	144.52	144.44666666666666	144.54666666666665	144.52666666666667	144.46666666666667	144.46666666666667	144.52	144.44666666666666	144.54	144.44666666666666	144.37333333333333	144.52	144.43333333333334	144.56666666666666	144.46	144.51333333333332	144.50666666666666	144.46666666666667	144.50666666666666	144.38	144.45333333333335	144.40666666666667	144.38	144.46	144.55333333333334	144.50666666666666	144.39333333333335	144.40666666666667	144.54666666666665	144.53333333333333	144.46	144.49333333333334	144.43333333333334	144.44666666666666	144.49333333333334	144.5	144.49333333333334	144.38666666666666	144.45333333333335	144.54	144.62	144.45333333333335	144.48	144.50666666666666	144.58666666666667	144.44666666666666	144.56	144.43333333333334	144.5	144.44	144.44666666666666	144.56666666666666	144.54666666666665	144.34	144.48	144.44	144.49333333333334	144.4	144.38	144.39333333333335	144.28	143.82666666666665	142.20666666666668	135.5	0.0
0.0	134.89333333333335	142.31333333333333	143.80666666666667	144.18	144.4	144.54666666666665	144.56	144.52666666666667	144.56666666666666	144.53333333333333	144.53333333333333	144.49333333333334	144.5	144.54	144.63333333333333	144.46	144.63333333333333	144.43333333333334	144.44666666666666	144.38	144.48	144.57333333333332	144.44666666666666	144.38	144.33333333333334	144.49333333333334	144.55333333333334	144.63333333333333	144.46666666666667	144.36666666666667	144.52666666666667	144.56	144.55333333333334	144.5	144.48666666666668	144.48666666666668	144.44	144.54666666666665	144.58	144.52	144.46	144.46	144.45333333333335	144.48666666666668	144.5	144.43333333333334	144.41333333333333	144.47333333333333	144.57333333333332	144.44666666666666	144.46	144.35333333333332	144.52666666666667	144.51333333333332	144.52666666666667	144.46666666666667	144.54666666666665	144.51333333333332	144.46	144.39333333333335	144.58666666666667	144.48	144.49333333333334	144.64666666666668	144.56666666666666	144.42	144.4	144.39333333333335	143.90666666666667	142.14666666666668	135.08666666666667	0.0
0.0	135.48	142.24666666666667	143.74666666666667	144.24	144.33333333333334	144.66666666666666	144.52	144.48666666666668	144.54	144.48	144.64	144.56	144.62	144.54666666666665	144.49333333333334	144.52666666666667	144.42	144.56	144.46	144.57333333333332	144.43333333333334	144.51333333333332	144.48	144.51333333333332	144.50666666666666	144.54666666666665	144.55333333333334	144.48	144.44	144.41333333333333	144.48	144.60666666666665	144.47333333333333	144.52666666666667	144.58	144.57333333333332	144.50666666666666	144.54666666666665	144.52666666666667	144.45333333333335	144.55333333333334	144.42	144.51333333333332	144.50666666666666	144.52666666666667	144.45333333333335	144.51333333333332	144.50666666666666	144.44	144.59333333333333	144.5	144.36666666666667	144.49333333333334	144.42666666666668	144.49333333333334	144.48666666666668	144.54	144.57333333333332	144.64666666666668	144.50666666666666	144.46666666666667	144.4	144.52666666666667	144.5	144.53333333333333	144.48666666666668	144.40666666666667	144.39333333333335	143.95333333333335	142.34666666666666	135.44	0.0
0.0	135.20666666666668	142.61333333333334	144.04666666666665	144.4	144.59333333333333	144.60666666666665	144.72	144.65333333333334	144.63333333333333	144.66666666666666	144.74666666666667	144.58666666666667	144.70666666666668	144.60666666666665	144.67333333333335	144.78	144.65333333333334	144.53333333333333	144.56	144.56	144.58	144.62	144.63333333333333	144.46	144.5	144.6	144.5	144.62	144.61333333333334	144.49333333333334	144.64666666666668	144.61333333333334	144.60666666666665	144.66666666666666	144.57333333333332	144.63333333333333	144.7	144.6	144.58	144.66666666666666	144.52	144.64666666666668	144.66666666666666	144.6	144.62	144.56	144.58	144.62666666666667	144.65333333333334	144.60666666666665	144.76	144.63333333333333	144.63333333333333	144.77333333333334	144.60666666666665	144.72666666666666	144.59333333333333	144.64666666666668	144.46666666666667	144.56666666666666	144.59333333333333	144.77333333333334	144.57333333333332	144.65333333333334	144.61333333333334	144.64666666666668	144.40666666666667	144.46666666666667	143.95333333333335	142.38	134.78666666666666	0.0
0.0	135.23333333333332	142.19333333333333	143.87333333333333	144.35333333333332	144.47333333333333	144.52	144.58	144.55333333333334	144.52	144.42666666666668	144.60666666666665	144.52	144.47333333333333	144.47333333333333	144.58	144.45333333333335	144.54666666666665	144.62	144.48666666666668	144.67333333333335	144.56	144.49333333333334	144.58	144.54	144.61333333333334	144.6	144.47333333333333	144.69333333333333	144.57333333333332	144.54	144.56	144.72666666666666	144.63333333333333	144.69333333333333	144.52666666666667	144.54666666666665	144.51333333333332	144.55333333333334	144.62	144.46	144.51333333333332	144.5	144.48666666666668	144.44666666666666	144.49333333333334	144.50666666666666	144.62	144.56666666666666	144.62666666666667	144.54666666666665	144.58666666666667	144.63333333333333	144.59333333333333	144.52666666666667	144.56	144.53333333333333	144.42666666666668	144.54666666666665	144.44666666666666	144.58	144.52666666666667	144.56666666666666	144.52	144.62	144.56666666666666	144.67333333333335	144.47333333333333	144.24666666666667	144.05333333333334	142.44	135.30666666666667	0.0
0.0	135.06666666666666	142.33333333333334	143.87333333333333	144.21333333333334	144.39333333333335	144.32666666666665	144.22	144.35333333333332	144.34	144.38	144.51333333333332	144.51333333333332	144.26	144.37333333333333	144.55333333333334	144.48666666666668	144.41333333333333	144.40666666666667	144.46666666666667	144.42666666666668	144.47333333333333	144.38666666666666	144.4	144.52666666666667	144.38666666666666	144.37333333333333	144.49333333333334	144.34	144.43333333333334	144.54666666666665	144.35333333333332	144.36666666666667	144.42666666666668	144.18666666666667	144.36	144.34666666666666	144.46	144.46666666666667	144.35333333333332	144.26666666666668	144.43333333333334	144.44666666666666	144.58	144.46666666666667	144.4	144.48	144.46666666666667	144.52	144.51333333333332	144.34666666666666	144.39333333333335	144.37333333333333	144.48666666666668	144.46	144.46	144.55333333333334	144.48666666666668	144.37333333333333	144.42666666666668	144.39333333333335	144.38	144.26666666666668	144.35333333333332	144.32666666666665	144.42	144.36	144.36666666666667	144.15333333333334	143.74666666666667	142.18666666666667	135.24	0.0
0.0	135.04666666666665	142.26	143.82	144.38666666666666	144.60666666666665	144.43333333333334	144.62	144.60666666666665	144.58666666666667	144.47333333333333	144.47333333333333	144.47333333333333	144.50666666666666	144.61333333333334	144.46	144.45333333333335	144.36666666666667	144.36666666666667	144.46666666666667	144.51333333333332	144.51333333333332	144.54	144.46666666666667	144.54	144.61333333333334	144.50666666666666	144.54	144.56666666666666	144.54	144.59333333333333	144.54	144.44	144.54	144.56666666666666	144.54666666666665	144.55333333333334	144.62	144.52	144.51333333333332	144.53333333333333	144.58666666666667	144.54666666666665	144.44	144.60666666666665	144.62	144.63333333333333	144.65333333333334	144.60666666666665	144.56	144.40666666666667	144.52666666666667	144.49333333333334	144.53333333333333	144.50666666666666	144.5	144.58	144.52666666666667	144.46666666666667	144.6	144.58666666666667	144.59333333333333	144.6	144.60666666666665	144.54666666666665	144.48	144.48666666666668	144.50666666666666	144.32666666666665	143.74	142.04	135.29333333333332	0.0
0.0	135.5	142.4	143.85333333333332	144.34	144.60666666666665	144.58666666666667	144.54	144.62666666666667	144.58666666666667	144.65333333333334	144.52	144.54	144.74	144.60666666666665	144.60666666666665	144.66	144.55333333333334	144.54	144.62666666666667	144.48	144.49333333333334	144.58	144.42	144.64666666666668	144.58	144.56	144.64	144.62	144.58666666666667	144.58	144.54	144.62	144.45333333333335	144.57333333333332	144.43333333333334	144.54666666666665	144.46	144.5	144.64	144.68666666666667	144.52	144.67333333333335	144.58	144.68666666666667	144.70666666666668	144.78	144.52666666666667	144.55333333333334	144.48666666666668	144.62666666666667	144.54	144.67333333333335	144.54666666666665	144.46	144.61333333333334	144.61333333333334	144.44666666666666	144.58666666666667	144.48666666666668	144.58666666666667	144.46	144.54	144.70666666666668	144.62666666666667	144.67333333333335	144.55333333333334	144.59333333333333	144.35333333333332	143.80666666666667	142.22666666666666	135.14	0.0
0.0	135.27333333333334	142.24666666666667	143.9	144.12666666666667	144.5	144.51333333333332	144.38	144.54	144.54666666666665	144.39333333333335	144.62666666666667	144.57333333333332	144.4	144.46	144.56	144.45333333333335	144.54	144.50666666666666	144.62666666666667	144.42	144.44	144.42666666666668	144.54666666666665	144.50666666666666	144.35333333333332	144.59333333333333	144.48666666666668	144.48666666666668	144.52666666666667	144.54	144.46	144.4	144.45333333333335	144.57333333333332	144.46	144.48666666666668	144.56	144.47333333333333	144.53333333333333	144.46666666666667	144.40666666666667	144.49333333333334	144.54	144.40666666666667	144.54	144.57333333333332	144.56	144.52666666666667	144.49333333333334	144.5	144.56	144.43333333333334	144.51333333333332	144.54	144.36666666666667	144.44	144.5	144.58	144.35333333333332	144.42666666666668	144.49333333333334	144.54666666666665	144.44666666666666	144.45333333333335	144.47333333333333	144.59333333333333	144.5	144.41333333333333	143.86666666666667	142.36	135.35333333333332	0.0
0.0	135.48666666666668	142.31333333333333	143.9	144.28666666666666	144.48666666666668	144.49333333333334	144.56	144.44	144.6	144.48	144.54	144.58	144.51333333333332	144.58	144.56666666666666	144.56	144.52666666666667	144.62	144.54	144.63333333333333	144.57333333333332	144.58	144.57333333333332	144.54666666666665	144.5	144.58	144.55333333333334	144.60666666666665	144.52666666666667	144.56666666666666	144.61333333333334	144.60666666666665	144.63333333333333	144.47333333333333	144.64666666666668	144.58	144.62666666666667	144.58666666666667	144.53333333333333	144.62666666666667	144.61333333333334	144.55333333333334	144.63333333333333	144.59333333333333	144.58	144.5	144.53333333333333	144.4	144.47333333333333	144.58666666666667	144.56	144.5	144.54	144.70666666666668	144.55333333333334	144.58	144.66666666666666	144.50666666666666	144.49333333333334	144.54	144.51333333333332	144.51333333333332	144.6	144.57333333333332	144.56666666666666	144.46666666666667	144.48	144.27333333333334	144.07333333333332	142.32666666666665	135.43333333333334	0.0
0.0	135.34666666666666	142.53333333333333	143.88	144.2	144.36	144.52	144.52	144.60666666666665	144.49333333333334	144.43333333333334	144.50666666666666	144.44	144.36666666666667	144.46	144.39333333333335	144.49333333333334	144.41333333333333	144.46666666666667	144.45333333333335	144.5	144.46666666666667	144.42666666666668	144.39333333333335	144.34	144.52	144.51333333333332	144.4	144.54	144.45333333333335	144.51333333333332	144.64666666666668	144.59333333333333	144.39333333333335	144.51333333333332	144.52666666666667	144.44666666666666	144.59333333333333	144.47333333333333	144.48	144.43333333333334	144.54	144.54	144.65333333333334	144.38666666666666	144.42	144.43333333333334	144.55333333333334	144.52	144.46	144.48666666666668	144.37333333333333	144.5	144.38	144.42	144.34666666666666	144.54	144.40666666666667	144.46666666666667	144.5	144.41333333333333	144.50666666666666	144.47333333333333	144.61333333333334	144.49333333333334	144.4	144.46666666666667	144.34	144.20666666666668	143.82	142.30666666666667	135.16666666666666	0.0
0.0	135.24	142.14666666666668	143.9	144.20666666666668	144.25333333333333	144.36666666666667	144.26666666666668	144.26666666666668	144.32	144.4	144.37333333333333	144.41333333333333	144.4	144.36	144.41333333333333	144.46666666666667	144.45333333333335	144.32666666666665	144.38666666666666	144.43333333333334	144.46	144.33333333333334	144.32666666666665	144.38666666666666	144.44	144.41333333333333	144.52	144.31333333333333	144.41333333333333	144.34	144.46666666666667	144.35333333333332	144.45333333333335	144.38666666666666	144.34666666666666	144.36666666666667	144.60666666666665	144.46666666666667	144.40666666666667	144.39333333333335	144.41333333333333	144.38	144.37333333333333	144.41333333333333	144.34666666666666	144.32	144.38666666666666	144.38	144.38666666666666	144.44666666666666	144.48	144.44666666666666	144.21333333333334	144.24	144.34666666666666	144.45333333333335	144.4	144.32666666666665	144.48666666666668	144.39333333333335	144.35333333333332	144.33333333333334	144.29333333333332	144.50666666666666	144.48666666666668	144.56	144.4	144.25333333333333	143.64666666666668	142.34666666666666	135.30666666666667	0.0
0.0	135.2	142.11333333333334	143.7	144.16666666666666	144.33333333333334	144.40666666666667	144.36	144.44	144.27333333333334	144.34	144.32666666666665	144.36	144.34666666666666	144.38666666666666	144.38	144.39333333333335	144.38666666666666	144.39333333333335	144.39333333333335	144.30666666666667	144.39333333333335	144.30666666666667	144.27333333333334	144.32666666666665	144.26	144.32	144.35333333333332	144.35333333333332	144.37333333333333	144.50666666666666	144.48	144.30666666666667	144.32666666666665	144.43333333333334	144.38	144.41333333333333	144.4	144.46666666666667	144.38666666666666	144.40666666666667	144.30666666666667	144.36666666666667	144.56666666666666	144.39333333333335	144.26	144.3	144.3	144.30666666666667	144.38	144.26	144.30666666666667	144.35333333333332	144.19333333333333	144.42	144.21333333333334	144.31333333333333	144.4	144.38	144.36666666666667	144.40666666666667	144.36666666666667	144.42666666666668	144.38	144.22666666666666	144.24	144.43333333333334	144.33333333333334	144.02666666666667	143.62	142.11333333333334	135.29333333333332	0.0
0.0	135.0	142.32666666666665	143.95333333333335	144.40666666666667	144.36666666666667	144.49333333333334	144.74	144.61333333333334	144.65333333333334	144.5	144.58	144.54	144.51333333333332	144.46666666666667	144.58666666666667	144.56	144.58	144.68	144.57333333333332	144.6	144.48	144.62666666666667	144.56	144.61333333333334	144.66	144.55333333333334	144.52	144.63333333333333	144.6	144.56666666666666	144.65333333333334	144.71333333333334	144.62	144.53333333333333	144.56666666666666	144.56666666666666	144.47333333333333	144.52666666666667	144.67333333333335	144.68	144.67333333333335	144.54	144.56	144.64666666666668	144.68666666666667	144.48	144.54666666666665	144.40666666666667	144.72666666666666	144.6	144.67333333333335	144.63333333333333	144.53333333333333	144.68666666666667	144.53333333333333	144.72666666666666	144.61333333333334	144.62	144.50666666666666	144.54	144.48666666666668	144.58	144.6	144.67333333333335	144.53333333333333	144.58666666666667	144.57333333333332	144.4	143.98666666666668	142.26666666666668	135.10666666666665	0.0
0.0	135.28	142.34666666666666	143.86	144.25333333333333	144.26	144.61333333333334	144.46666666666667	144.38666666666666	144.58666666666667	144.39333333333335	144.58	144.43333333333334	144.42666666666668	144.48	144.54	144.59333333333333	144.44	144.65333333333334	144.45333333333335	144.38	144.37333333333333	144.44	144.5	144.50666666666666	144.52	144.49333333333334	144.54666666666665	144.45333333333335	144.49333333333334	144.53333333333333	144.48	144.45333333333335	144.61333333333334	144.46666666666667	144.52	144.50666666666666	144.37333333333333	144.52	144.38666666666666	144.48	144.40666666666667	144.49333333333334	144.40666666666667	144.48666666666668	144.58666666666667	144.38666666666666	144.48	144.55333333333334	144.52	144.48666666666668	144.70666666666668	144.66	144.43333333333334	144.48	144.54666666666665	144.44	144.47333333333333	144.36666666666667	144.37333333333333	144.51333333333332	144.52666666666667	144.48666666666668	144.46	144.5	144.40666666666667	144.43333333333334	144.42	144.38666666666666	143.8	142.42	135.1	0.0
0.0	135.44	142.3	143.89333333333335	144.33333333333334	144.78	144.63333333333333	144.72666666666666	144.54666666666665	144.50666666666666	144.55333333333334	144.52666666666667	144.58	144.62666666666667	144.61333333333334	144.56	144.62666666666667	144.59333333333333	144.62	144.52666666666667	144.60666666666665	144.66	144.63333333333333	144.58	144.61333333333334	144.62	144.61333333333334	144.51333333333332	144.50666666666666	144.52666666666667	144.48	144.54666666666665	144.46	144.51333333333332	144.57333333333332	144.64666666666668	144.62	144.61333333333334	144.6	144.62	144.49333333333334	144.5	144.61333333333334	144.54666666666665	144.50666666666666	144.52666666666667	144.54	144.64666666666668	144.68666666666667	144.61333333333334	144.70666666666668	144.64	144.52666666666667	144.64666666666668	144.58666666666667	144.55333333333334	144.54666666666665	144.56666666666666	144.64	144.6	144.78	144.69333333333333	144.62666666666667	144.54666666666665	144.66	144.55333333333334	144.46	144.49333333333334	144.39333333333335	143.96	142.28	135.38666666666666	0.0
0.0	134.98666666666668	142.28666666666666	144.06666666666666	144.52	144.6	144.69333333333333	144.61333333333334	144.63333333333333	144.6	144.62666666666667	144.68	144.67333333333335	144.58	144.65333333333334	144.64666666666668	144.53333333333333	144.54666666666665	144.58	144.64	144.62	144.63333333333333	144.41333333333333	144.63333333333333	144.62666666666667	144.58	144.50666666666666	144.62	144.58	144.55333333333334	144.62	144.64	144.60666666666665	144.51333333333332	144.46666666666667	144.62	144.51333333333332	144.62666666666667	144.53333333333333	144.6	144.56	144.56	144.62666666666667	144.61333333333334	144.64	144.66	144.72666666666666	144.65333333333334	144.68666666666667	144.58666666666667	144.56	144.57333333333332	144.66666666666666	144.66666666666666	144.58	144.64666666666668	144.58666666666667	144.54	144.56	144.61333333333334	144.56666666666666	144.68	144.57333333333332	144.58	144.56666666666666	144.58666666666667	144.51333333333332	144.54666666666665	144.42666666666668	143.88666666666666	142.28666666666666	135.42	0.0
0.0	135.33333333333334	142.44	143.98666666666668	144.22	144.36	144.39333333333335	144.41333333333333	144.5	144.41333333333333	144.53333333333333	144.42666666666668	144.54	144.61333333333334	144.50666666666666	144.42	144.45333333333335	144.52666666666667	144.54	144.38	144.44666666666666	144.49333333333334	144.62	144.43333333333334	144.36	144.52666666666667	144.50666666666666	144.4	144.42	144.44	144.59333333333333	144.48666666666668	144.48666666666668	144.47333333333333	144.51333333333332	144.45333333333335	144.36666666666667	144.58	144.44	144.51333333333332	144.62666666666667	144.48	144.49333333333334	144.44	144.45333333333335	144.4	144.44666666666666	144.50666666666666	144.58	144.52666666666667	144.4	144.46666666666667	144.56666666666666	144.52	144.64666666666668	144.66666666666666	144.69333333333333	144.54	144.61333333333334	144.46666666666667	144.54	144.58	144.48666666666668	144.54666666666665	144.40666666666667	144.52	144.45333333333335	144.36666666666667	144.3	143.9	142.15333333333334	135.30666666666667	0.0
0.0	135.16	142.40666666666667	144.0	144.51333333333332	144.52	144.54	144.54	144.60666666666665	144.46666666666667	144.52666666666667	144.69333333333333	144.57333333333332	144.58	144.65333333333334	144.62	144.58	144.7	144.64	144.70666666666668	144.54666666666665	144.60666666666665	144.64666666666668	144.50666666666666	144.55333333333334	144.63333333333333	144.50666666666666	144.62	144.58666666666667	144.55333333333334	144.56666666666666	144.62666666666667	144.68666666666667	144.54666666666665	144.65333333333334	144.54	144.58666666666667	144.54666666666665	144.74666666666667	144.54666666666665	144.53333333333333	144.52666666666667	144.45333333333335	144.45333333333335	144.64666666666668	144.68666666666667	144.68666666666667	144.67333333333335	144.56666666666666	144.60666666666665	144.60666666666665	144.57333333333332	144.56666666666666	144.48666666666668	144.5	144.66666666666666	144.68666666666667	144.50666666666666	144.64	144.52666666666667	144.62666666666667	144.68	144.43333333333334	144.61333333333334	144.57333333333332	144.6	144.67333333333335	144.68	144.43333333333334	143.99333333333334	142.2	135.62666666666667	0.0
0.0	134.8	142.00666666666666	143.65333333333334	144.31333333333333	144.36666666666667	144.51333333333332	144.44666666666666	144.39333333333335	144.38666666666666	144.39333333333335	144.38666666666666	144.46666666666667	144.41333333333333	144.36	144.41333333333333	144.34666666666666	144.33333333333334	144.41333333333333	144.46	144.48	144.44	144.40666666666667	144.30666666666667	144.40666666666667	144.37333333333333	144.34666666666666	144.31333333333333	144.40666666666667	144.42666666666668	144.42666666666668	144.37333333333333	144.61333333333334	144.42666666666668	144.30666666666667	144.49333333333334	144.37333333333333	144.38	144.64	144.52666666666667	144.49333333333334	144.48	144.44	144.42	144.43333333333334	144.5	144.53333333333333	144.5	144.42666666666668	144.41333333333333	144.49333333333334	144.51333333333332	144.42666666666668	144.30666666666667	144.4	144.36	144.43333333333334	144.36666666666667	144.45333333333335	144.35333333333332	144.43333333333334	144.46666666666667	144.44666666666666	144.41333333333333	144.44666666666666	144.46	144.43333333333334	144.26	144.21333333333334	143.86	142.16	135.14	0.0
0.0	135.06666666666666	142.10666666666665	143.82	144.23333333333332	144.41333333333333	144.44666666666666	144.35333333333332	144.49333333333334	144.51333333333332	144.55333333333334	144.42666666666668	144.45333333333335	144.38666666666666	144.36666666666667	144.41333333333333	144.46	144.33333333333334	144.49333333333334	144.49333333333334	144.45333333333335	144.44666666666666	144.36	144.5	144.45333333333335	144.54	144.51333333333332	144.46666666666667	144.46	144.44666666666666	144.47333333333333	144.50666666666666	144.39333333333335	144.36	144.39333333333335	144.67333333333335	144.50666666666666	144.5	144.45333333333335	144.34	144.36666666666667	144.46	144.39333333333335	144.55333333333334	144.34	144.44	144.34	144.44666666666666	144.39333333333335	144.52	144.50666666666666	144.4	144.46666666666667	144.44666666666666	144.56	144.54666666666665	144.55333333333334	144.43333333333334	144.39333333333335	144.47333333333333	144.41333333333333	144.54	144.50666666666666	144.54	144.55333333333334	144.44	144.57333333333332	144.38666666666666	144.19333333333333	143.96666666666667	142.24	135.32666666666665	0.0
0.0	134.92666666666668	142.26666666666668	143.78	144.42	144.58	144.66666666666666	144.64666666666668	144.45333333333335	144.48	144.60666666666665	144.63333333333333	144.60666666666665	144.50666666666666	144.52666666666667	144.71333333333334	144.62666666666667	144.6	144.62666666666667	144.68	144.57333333333332	144.54	144.54666666666665	144.72666666666666	144.55333333333334	144.52666666666667	144.56	144.76	144.53333333333333	144.64666666666668	144.73333333333332	144.54	144.64666666666668	144.68666666666667	144.68	144.72	144.56	144.64	144.60666666666665	144.58666666666667	144.53333333333333	144.54	144.65333333333334	144.63333333333333	144.62666666666667	144.51333333333332	144.71333333333334	144.57333333333332	144.74	144.68666666666667	144.57333333333332	144.57333333333332	144.64666666666668	144.62666666666667	144.54666666666665	144.54	144.59333333333333	144.52	144.74	144.78666666666666	144.69333333333333	144.66666666666666	144.65333333333334	144.52666666666667	144.58	144.64	144.50666666666666	144.4	144.41333333333333	143.89333333333335	142.18666666666667	135.24	0.0
0.0	135.04666666666665	142.28666666666666	143.64666666666668	144.03333333333333	144.33333333333334	144.56666666666666	144.52666666666667	144.56	144.49333333333334	144.53333333333333	144.58	144.52	144.41333333333333	144.52666666666667	144.6	144.5	144.63333333333333	144.56	144.5	144.58	144.55333333333334	144.53333333333333	144.46	144.59333333333333	144.52666666666667	144.48666666666668	144.52	144.36666666666667	144.65333333333334	144.34666666666666	144.41333333333333	144.35333333333332	144.52	144.49333333333334	144.47333333333333	144.50666666666666	144.53333333333333	144.43333333333334	144.56666666666666	144.44	144.45333333333335	144.50666666666666	144.54	144.5	144.48	144.52666666666667	144.8	144.56	144.54	144.56	144.65333333333334	144.60666666666665	144.66	144.42666666666668	144.56	144.38666666666666	144.56	144.44666666666666	144.49333333333334	144.42666666666668	144.58	144.58	144.52666666666667	144.54	144.38666666666666	144.56	144.42666666666668	144.37333333333333	143.92	142.42	135.25333333333333	0.0
0.0	135.12666666666667	142.34666666666666	143.89333333333335	144.26	144.61333333333334	144.44	144.5	144.44	144.5	144.56	144.56	144.46666666666667	144.53333333333333	144.53333333333333	144.50666666666666	144.49333333333334	144.46	144.38	144.38	144.58666666666667	144.52	144.48666666666668	144.41333333333333	144.44	144.56666666666666	144.62666666666667	144.49333333333334	144.36666666666667	144.53333333333333	144.52	144.56666666666666	144.54	144.57333333333332	144.53333333333333	144.56	144.44	144.47333333333333	144.42666666666668	144.62	144.54666666666665	144.43333333333334	144.54666666666665	144.47333333333333	144.59333333333333	144.52666666666667	144.53333333333333	144.45333333333335	144.44	144.44666666666666	144.45333333333335	144.57333333333332	144.66666666666666	144.43333333333334	144.46666666666667	144.48	144.53333333333333	144.44666666666666	144.46	144.54	144.51333333333332	144.66666666666666	144.45333333333335	144.61333333333334	144.52	144.47333333333333	144.49333333333334	144.42666666666668	144.27333333333334	143.90666666666667	142.47333333333333	135.31333333333333	0.0
0.0	135.21333333333334	142.24666666666667	144.01333333333332	144.35333333333332	144.34666666666666	144.38666666666666	144.38666666666666	144.39333333333335	144.41333333333333	144.56666666666666	144.46666666666667	144.57333333333332	144.45333333333335	144.40666666666667	144.42	144.45333333333335	144.43333333333334	144.32	144.47333333333333	144.34666666666666	144.43333333333334	144.37333333333333	144.49333333333334	144.47333333333333	144.56666666666666	144.48	144.51333333333332	144.46666666666667	144.57333333333332	144.53333333333333	144.36	144.47333333333333	144.40666666666667	144.42666666666668	144.42666666666668	144.49333333333334	144.56	144.66	144.45333333333335	144.54	144.45333333333335	144.41333333333333	144.37333333333333	144.43333333333334	144.43333333333334	144.62666666666667	144.51333333333332	144.46	144.47333333333333	144.44	144.51333333333332	144.36666666666667	144.44666666666666	144.44	144.48	144.36	144.44	144.42666666666668	144.49333333333334	144.54666666666665	144.51333333333332	144.40666666666667	144.44666666666666	144.46	144.44666666666666	144.4	144.42666666666668	144.26	143.90666666666667	142.43333333333334	135.2	0.0
0.0	134.83333333333334	142.19333333333333	143.74	144.14	144.4	144.4	144.32666666666665	144.44666666666666	144.39333333333335	144.52666666666667	144.39333333333335	144.40666666666667	144.33333333333334	144.44666666666666	144.46	144.5	144.46	144.46666666666667	144.36	144.42	144.4	144.43333333333334	144.42666666666668	144.41333333333333	144.51333333333332	144.49333333333334	144.44666666666666	144.45333333333335	144.49333333333334	144.47333333333333	144.43333333333334	144.48666666666668	144.43333333333334	144.35333333333332	144.48666666666668	144.45333333333335	144.42666666666668	144.46666666666667	144.36	144.54666666666665	144.52666666666667	144.46	144.44666666666666	144.35333333333332	144.54	144.48	144.37333333333333	144.45333333333335	144.41333333333333	144.5	144.56666666666666	144.35333333333332	144.41333333333333	144.38666666666666	144.47333333333333	144.36666666666667	144.46666666666667	144.52666666666667	144.35333333333332	144.45333333333335	144.35333333333332	144.40666666666667	144.48666666666668	144.45333333333335	144.49333333333334	144.46666666666667	144.35333333333332	144.38666666666666	143.8	142.32666666666665	135.01333333333332	0.0
0.0	135.26666666666668	142.37333333333333	143.72	144.31333333333333	144.40666666666667	144.56	144.52666666666667	144.48666666666668	144.56	144.44	144.40666666666667	144.54666666666665	144.48666666666668	144.56666666666666	144.56	144.64666666666668	144.54666666666665	144.62	144.53333333333333	144.4	144.57333333333332	144.40666666666667	144.54	144.52	144.49333333333334	144.38666666666666	144.48666666666668	144.49333333333334	144.46666666666667	144.4	144.64	144.52666666666667	144.55333333333334	144.52	144.48	144.48666666666668	144.52	144.44666666666666	144.4	144.56	144.44666666666666	144.36666666666667	144.63333333333333	144.44666666666666	144.59333333333333	144.51333333333332	144.49333333333334	144.52	144.54666666666665	144.46666666666667	144.48666666666668	144.6	144.59333333333333	144.48666666666668	144.48666666666668	144.49333333333334	144.52	144.51333333333332	144.5	144.42666666666668	144.34666666666666	144.56666666666666	144.58	144.49333333333334	144.52	144.46	144.39333333333335	144.31333333333333	143.90666666666667	142.18666666666667	134.98666666666668	0.0
0.0	135.18	142.26666666666668	143.76	144.17333333333335	144.27333333333334	144.41333333333333	144.37333333333333	144.36666666666667	144.38	144.34666666666666	144.40666666666667	144.47333333333333	144.44666666666666	144.56	144.30666666666667	144.47333333333333	144.39333333333335	144.30666666666667	144.32	144.36	144.49333333333334	144.42	144.35333333333332	144.44666666666666	144.44	144.28	144.24666666666667	144.28	144.38666666666666	144.45333333333335	144.43333333333334	144.42	144.36666666666667	144.32666666666665	144.28666666666666	144.32	144.42	144.45333333333335	144.44	144.34	144.4	144.44666666666666	144.41333333333333	144.30666666666667	144.40666666666667	144.44666666666666	144.44666666666666	144.42	144.45333333333335	144.55333333333334	144.5	144.36666666666667	144.3	144.29333333333332	144.34666666666666	144.34	144.35333333333332	144.37333333333333	144.48	144.44	144.41333333333333	144.39333333333335	144.46666666666667	144.31333333333333	144.20666666666668	144.34666666666666	144.32	144.18666666666667	143.82666666666665	142.16	135.24	0.0
0.0	135.4	142.45333333333335	144.04666666666665	144.48	144.61333333333334	144.77333333333334	144.76	144.58	144.61333333333334	144.72	144.71333333333334	144.8	144.61333333333334	144.62666666666667	144.61333333333334	144.66	144.61333333333334	144.68666666666667	144.74666666666667	144.72	144.72666666666666	144.63333333333333	144.60666666666665	144.61333333333334	144.7	144.68666666666667	144.6	144.68	144.67333333333335	144.54666666666665	144.64666666666668	144.77333333333334	144.57333333333332	144.52666666666667	144.71333333333334	144.74666666666667	144.61333333333334	144.73333333333332	144.62666666666667	144.73333333333332	144.74666666666667	144.68666666666667	144.72	144.70666666666668	144.65333333333334	144.78	144.58666666666667	144.67333333333335	144.6	144.74666666666667	144.64	144.69333333333333	144.6	144.70666666666668	144.59333333333333	144.68666666666667	144.6	144.78666666666666	144.68666666666667	144.72	144.70666666666668	144.76	144.82	144.67333333333335	144.66	144.64666666666668	144.52666666666667	144.38	143.99333333333334	142.47333333333333	135.64	0.0
0.0	135.44666666666666	142.39333333333335	143.86666666666667	144.33333333333334	144.55333333333334	144.54666666666665	144.58	144.61333333333334	144.44666666666666	144.57333333333332	144.49333333333334	144.38	144.40666666666667	144.48	144.44	144.40666666666667	144.38666666666666	144.38	144.54666666666665	144.59333333333333	144.58	144.48666666666668	144.52	144.48666666666668	144.51333333333332	144.68	144.59333333333333	144.54666666666665	144.66666666666666	144.70666666666668	144.62666666666667	144.48	144.58	144.5	144.44	144.60666666666665	144.60666666666665	144.56666666666666	144.64	144.54	144.46	144.47333333333333	144.51333333333332	144.54	144.48666666666668	144.54	144.58666666666667	144.45333333333335	144.54666666666665	144.54666666666665	144.61333333333334	144.44666666666666	144.48666666666668	144.43333333333334	144.55333333333334	144.48	144.50666666666666	144.62666666666667	144.6	144.49333333333334	144.56666666666666	144.42666666666668	144.49333333333334	144.56666666666666	144.62	144.50666666666666	144.48666666666668	144.36	143.98	142.24	135.55333333333334	0.0
0.0	135.34666666666666	142.08	143.88666666666666	144.31333333333333	144.42	144.49333333333334	144.38	144.44666666666666	144.35333333333332	144.5	144.53333333333333	144.50666666666666	144.45333333333335	144.58666666666667	144.48666666666668	144.44	144.46666666666667	144.41333333333333	144.43333333333334	144.52	144.28666666666666	144.27333333333334	144.44666666666666	144.43333333333334	144.45333333333335	144.45333333333335	144.43333333333334	144.46	144.46	144.47333333333333	144.48	144.5	144.34	144.49333333333334	144.49333333333334	144.34666666666666	144.44	144.46	144.40666666666667	144.52	144.42666666666668	144.49333333333334	144.48	144.46666666666667	144.35333333333332	144.35333333333332	144.52	144.53333333333333	144.43333333333334	144.43333333333334	144.4	144.39333333333335	144.36666666666667	144.44	144.38666666666666	144.46666666666667	144.30666666666667	144.42666666666668	144.51333333333332	144.32	144.40666666666667	144.48	144.50666666666666	144.42	144.43333333333334	144.42666666666668	144.53333333333333	144.28	143.88666666666666	142.3	135.14	0.0
0.0	134.83333333333334	142.16666666666666	143.89333333333335	144.44	144.47333333333333	144.48666666666668	144.53333333333333	144.46666666666667	144.51333333333332	144.56	144.42	144.44	144.50666666666666	144.53333333333333	144.58666666666667	144.56666666666666	144.53333333333333	144.54666666666665	144.47333333333333	144.52666666666667	144.52666666666667	144.46	144.46666666666667	144.50666666666666	144.52	144.49333333333334	144.46	144.53333333333333	144.66	144.58666666666667	144.46	144.57333333333332	144.5	144.58	144.66666666666666	144.52666666666667	144.48	144.65333333333334	144.54	144.66666666666666	144.57333333333332	144.5	144.48	144.57333333333332	144.53333333333333	144.48	144.40666666666667	144.46	144.51333333333332	144.66666666666666	144.56	144.6	144.6	144.51333333333332	144.68666666666667	144.61333333333334	144.65333333333334	144.50666666666666	144.52	144.62	144.62666666666667	144.48	144.64	144.51333333333332	144.53333333333333	144.42666666666668	144.44	144.33333333333334	143.9	142.42	134.85333333333332	0.0
0.0	134.96	142.50666666666666	143.92666666666668	144.28	144.46	144.50666666666666	144.5	144.61333333333334	144.50666666666666	144.39333333333335	144.45333333333335	144.44	144.43333333333334	144.58666666666667	144.52666666666667	144.48	144.48666666666668	144.45333333333335	144.44666666666666	144.45333333333335	144.52666666666667	144.46	144.44666666666666	144.43333333333334	144.49333333333334	144.42666666666668	144.61333333333334	144.38666666666666	144.52666666666667	144.46	144.59333333333333	144.51333333333332	144.50666666666666	144.42666666666668	144.54	144.44	144.36	144.41333333333333	144.46	144.35333333333332	144.48	144.42666666666668	144.55333333333334	144.38666666666666	144.5	144.37333333333333	144.47333333333333	144.40666666666667	144.46	144.4	144.48	144.41333333333333	144.48666666666668	144.52	144.46	144.46	144.37333333333333	144.52	144.41333333333333	144.60666666666665	144.41333333333333	144.46666666666667	144.42	144.59333333333333	144.59333333333333	144.52	144.33333333333334	144.36	143.97333333333333	142.22666666666666	135.20666666666668	0.0
0.0	135.34666666666666	142.42	144.04666666666665	144.32666666666665	144.46	144.38666666666666	144.48	144.53333333333333	144.47333333333333	144.64666666666668	144.50666666666666	144.55333333333334	144.64	144.52	144.47333333333333	144.43333333333334	144.47333333333333	144.44	144.55333333333334	144.44	144.51333333333332	144.6	144.4	144.51333333333332	144.52666666666667	144.47333333333333	144.55333333333334	144.65333333333334	144.46666666666667	144.40666666666667	144.47333333333333	144.51333333333332	144.38666666666666	144.59333333333333	144.42	144.52666666666667	144.58666666666667	144.37333333333333	144.42666666666668	144.50666666666666	144.61333333333334	144.48	144.47333333333333	144.52666666666667	144.51333333333332	144.58666666666667	144.53333333333333	144.51333333333332	144.37333333333333	144.48666666666668	144.46666666666667	144.49333333333334	144.42666666666668	144.62666666666667	144.38	144.38666666666666	144.45333333333335	144.46666666666667	144.57333333333332	144.42	144.48666666666668	144.34666666666666	144.48	144.54	144.47333333333333	144.46666666666667	144.53333333333333	144.24666666666667	143.81333333333333	142.15333333333334	135.2	0.0
0.0	135.21333333333334	142.12666666666667	143.78666666666666	144.28	144.46	144.50666666666666	144.52666666666667	144.62	144.34666666666666	144.59333333333333	144.51333333333332	144.51333333333332	144.58666666666667	144.55333333333334	144.44666666666666	144.58666666666667	144.54666666666665	144.51333333333332	144.50666666666666	144.50666666666666	144.56666666666666	144.64666666666668	144.47333333333333	144.54666666666665	144.56666666666666	144.44	144.42666666666668	144.56	144.56	144.48666666666668	144.56	144.44666666666666	144.62	144.44666666666666	144.4	144.44666666666666	144.40666666666667	144.53333333333333	144.49333333333334	144.43333333333334	144.46666666666667	144.58	144.50666666666666	144.48	144.56666666666666	144.44666666666666	144.63333333333333	144.54	144.62	144.61333333333334	144.55333333333334	144.60666666666665	144.59333333333333	144.46	144.54666666666665	144.55333333333334	144.66	144.54666666666665	144.58	144.52666666666667	144.55333333333334	144.62666666666667	144.60666666666665	144.59333333333333	144.54	144.44	144.44	144.27333333333334	143.97333333333333	142.40666666666667	135.32	0.0
0.0	135.50666666666666	142.3	143.87333333333333	144.27333333333334	144.36666666666667	144.55333333333334	144.74	144.52	144.66	144.68666666666667	144.68	144.60666666666665	144.58	144.63333333333333	144.71333333333334	144.65333333333334	144.64	144.57333333333332	144.54	144.5	144.66	144.55333333333334	144.64	144.68666666666667	144.59333333333333	144.44666666666666	144.51333333333332	144.52666666666667	144.68	144.57333333333332	144.52	144.50666666666666	144.57333333333332	144.79333333333332	144.54666666666665	144.62	144.67333333333335	144.65333333333334	144.48	144.57333333333332	144.55333333333334	144.58	144.57333333333332	144.62666666666667	144.54	144.68666666666667	144.5	144.43333333333334	144.53333333333333	144.63333333333333	144.58666666666667	144.59333333333333	144.61333333333334	144.64	144.48	144.48	144.5	144.58	144.56	144.56	144.58	144.50666666666666	144.54666666666665	144.68	144.64	144.52	144.60666666666665	144.34	143.97333333333333	142.44	135.26	0.0
0.0	135.17333333333335	142.36666666666667	143.88	144.35333333333332	144.46	144.34666666666666	144.4	144.48	144.56	144.66	144.43333333333334	144.52	144.58	144.56666666666666	144.50666666666666	144.46666666666667	144.45333333333335	144.61333333333334	144.55333333333334	144.54	144.49333333333334	144.40666666666667	144.44	144.62	144.5	144.56	144.56666666666666	144.46	144.41333333333333	144.31333333333333	144.38	144.41333333333333	144.60666666666665	144.52666666666667	144.52	144.56666666666666	144.45333333333335	144.56666666666666	144.64666666666668	144.53333333333333	144.49333333333334	144.42666666666668	144.44	144.50666666666666	144.48666666666668	144.6	144.54	144.45333333333335	144.5	144.39333333333335	144.4	144.49333333333334	144.48	144.5	144.46	144.47333333333333	144.41333333333333	144.4	144.53333333333333	144.52666666666667	144.48	144.54	144.51333333333332	144.55333333333334	144.51333333333332	144.60666666666665	144.58666666666667	144.36666666666667	143.9	142.28	135.22666666666666	0.0
0.0	135.38	142.35333333333332	143.83333333333334	144.46	144.36	144.4	144.5	144.5	144.53333333333333	144.58666666666667	144.46	144.47333333333333	144.44	144.51333333333332	144.61333333333334	144.65333333333334	144.50666666666666	144.42666666666668	144.53333333333333	144.47333333333333	144.50666666666666	144.48666666666668	144.56666666666666	144.63333333333333	144.52	144.46666666666667	144.52	144.54666666666665	144.58666666666667	144.57333333333332	144.52666666666667	144.38666666666666	144.53333333333333	144.46	144.5	144.50666666666666	144.41333333333333	144.48666666666668	144.38666666666666	144.44666666666666	144.54666666666665	144.47333333333333	144.71333333333334	144.51333333333332	144.44666666666666	144.48	144.52666666666667	144.5	144.55333333333334	144.55333333333334	144.44	144.54	144.52666666666667	144.63333333333333	144.46666666666667	144.43333333333334	144.46	144.51333333333332	144.42666666666668	144.36666666666667	144.45333333333335	144.4	144.42666666666668	144.42666666666668	144.46666666666667	144.57333333333332	144.44666666666666	144.2	143.5	142.10666666666665	135.28666666666666	0.0
0.0	135.30666666666667	142.22666666666666	143.73333333333332	144.34666666666666	144.48	144.57333333333332	144.44666666666666	144.47333333333333	144.5	144.62	144.59333333333333	144.54	144.59333333333333	144.66666666666666	144.67333333333335	144.73333333333332	144.58	144.65333333333334	144.46666666666667	144.66666666666666	144.42	144.44666666666666	144.5	144.46	144.51333333333332	144.62666666666667	144.50666666666666	144.5	144.53333333333333	144.60666666666665	144.58	144.47333333333333	144.54666666666665	144.53333333333333	144.5	144.59333333333333	144.52	144.50666666666666	144.41333333333333	144.46666666666667	144.46666666666667	144.50666666666666	144.54	144.52	144.66	144.50666666666666	144.48666666666668	144.62666666666667	144.52	144.59333333333333	144.62666666666667	144.49333333333334	144.52	144.50666666666666	144.46666666666667	144.57333333333332	144.59333333333333	144.47333333333333	144.40666666666667	144.51333333333332	144.49333333333334	144.58666666666667	144.66666666666666	144.48	144.57333333333332	144.56666666666666	144.47333333333333	144.38	143.90666666666667	142.01333333333332	135.10666666666665	0.0
0.0	134.72	142.16	143.8	144.26	144.36	144.33333333333334	144.51333333333332	144.51333333333332	144.49333333333334	144.5	144.41333333333333	144.36666666666667	144.36	144.49333333333334	144.43333333333334	144.36666666666667	144.46	144.32	144.42	144.40666666666667	144.50666666666666	144.39333333333335	144.42	144.52666666666667	144.57333333333332	144.40666666666667	144.45333333333335	144.31333333333333	144.48666666666668	144.44	144.44666666666666	144.40666666666667	144.51333333333332	144.41333333333333	144.47333333333333	144.45333333333335	144.42	144.42	144.40666666666667	144.46	144.43333333333334	144.45333333333335	144.38	144.34666666666666	144.42	144.36	144.34666666666666	144.46666666666667	144.51333333333332	144.53333333333333	144.4	144.36666666666667	144.32	144.28666666666666	144.38666666666666	144.48666666666668	144.58666666666667	144.56	144.57333333333332	144.58666666666667	144.45333333333335	144.5	144.42666666666668	144.52666666666667	144.32666666666665	144.50666666666666	144.34	144.21333333333334	143.94	142.42	135.50666666666666	0.0
0.0	135.32666666666665	142.23333333333332	143.84	144.14	144.32	144.34666666666666	144.38666666666666	144.44666666666666	144.40666666666667	144.6	144.33333333333334	144.31333333333333	144.39333333333335	144.44666666666666	144.28666666666666	144.44	144.32	144.47333333333333	144.43333333333334	144.44	144.4	144.39333333333335	144.36666666666667	144.32	144.30666666666667	144.46666666666667	144.36666666666667	144.38666666666666	144.44666666666666	144.38	144.35333333333332	144.48	144.27333333333334	144.26	144.37333333333333	144.28	144.43333333333334	144.44	144.44	144.35333333333332	144.35333333333332	144.37333333333333	144.19333333333333	144.32666666666665	144.32	144.32	144.36666666666667	144.3	144.28666666666666	144.46666666666667	144.46666666666667	144.34666666666666	144.3	144.37333333333333	144.38	144.28	144.28	144.43333333333334	144.23333333333332	144.42	144.19333333333333	144.22	144.28	144.36	144.20666666666668	144.29333333333332	144.31333333333333	144.2	143.76666666666668	142.46	135.34	0.0
0.0	134.86	141.94666666666666	143.74666666666667	144.21333333333334	144.41333333333333	144.46	144.51333333333332	144.53333333333333	144.44666666666666	144.54666666666665	144.58	144.55333333333334	144.54666666666665	144.46	144.46	144.45333333333335	144.40666666666667	144.33333333333334	144.38	144.36	144.56	144.52	144.40666666666667	144.47333333333333	144.43333333333334	144.37333333333333	144.47333333333333	144.38	144.42	144.42666666666668	144.40666666666667	144.4	144.33333333333334	144.62	144.52666666666667	144.54666666666665	144.46666666666667	144.5	144.47333333333333	144.46	144.46	144.5	144.47333333333333	144.45333333333335	144.46	144.38666666666666	144.58666666666667	144.48666666666668	144.34666666666666	144.42666666666668	144.40666666666667	144.38	144.44	144.58666666666667	144.52666666666667	144.54	144.50666666666666	144.44666666666666	144.49333333333334	144.5	144.39333333333335	144.52666666666667	144.56666666666666	144.49333333333334	144.36	144.33333333333334	144.29333333333332	144.11333333333334	143.78666666666666	142.33333333333334	135.57333333333332	0.0
0.0	134.98666666666668	142.24	144.04666666666665	144.4	144.50666666666666	144.47333333333333	144.60666666666665	144.52666666666667	144.60666666666665	144.60666666666665	144.57333333333332	144.54666666666665	144.52	144.58	144.52666666666667	144.57333333333332	144.66666666666666	144.55333333333334	144.6	144.58666666666667	144.66	144.58666666666667	144.56666666666666	144.52666666666667	144.57333333333332	144.53333333333333	144.60666666666665	144.57333333333332	144.65333333333334	144.62666666666667	144.48	144.58	144.64666666666668	144.60666666666665	144.6	144.58	144.59333333333333	144.51333333333332	144.54666666666665	144.64666666666668	144.54666666666665	144.52	144.46	144.54666666666665	144.47333333333333	144.6	144.52	144.57333333333332	144.46666666666667	144.58	144.50666666666666	144.40666666666667	144.52	144.58666666666667	144.49333333333334	144.49333333333334	144.54666666666665	144.65333333333334	144.62	144.50666666666666	144.56666666666666	144.62	144.59333333333333	144.49333333333334	144.58666666666667	144.50666666666666	144.54	144.42	143.90666666666667	142.38	135.18666666666667	0.0
0.0	135.41333333333333	142.28	143.86	144.36	144.44666666666666	144.42	144.5	144.50666666666666	144.62666666666667	144.5	144.48	144.54666666666665	144.59333333333333	144.74666666666667	144.50666666666666	144.38	144.35333333333332	144.62	144.48	144.44666666666666	144.58	144.44666666666666	144.45333333333335	144.50666666666666	144.66666666666666	144.51333333333332	144.44	144.54	144.52	144.46	144.52666666666667	144.61333333333334	144.48	144.42666666666668	144.43333333333334	144.46666666666667	144.5	144.47333333333333	144.42	144.44666666666666	144.58666666666667	144.7	144.56666666666666	144.59333333333333	144.66	144.62666666666667	144.54666666666665	144.48	144.59333333333333	144.57333333333332	144.56	144.47333333333333	144.54	144.49333333333334	144.54666666666665	144.52666666666667	144.62666666666667	144.6	144.53333333333333	144.51333333333332	144.56666666666666	144.56666666666666	144.63333333333333	144.53333333333333	144.50666666666666	144.56	144.59333333333333	144.36666666666667	143.82666666666665	142.25333333333333	135.27333333333334	0.0
0.0	134.98	142.05333333333334	143.66666666666666	144.3	144.54	144.46666666666667	144.37333333333333	144.50666666666666	144.44666666666666	144.45333333333335	144.46	144.44666666666666	144.5	144.53333333333333	144.56	144.56666666666666	144.58666666666667	144.54	144.42	144.39333333333335	144.45333333333335	144.46	144.48666666666668	144.50666666666666	144.38	144.41333333333333	144.36	144.52666666666667	144.54666666666665	144.30666666666667	144.37333333333333	144.54	144.54666666666665	144.3	144.37333333333333	144.5	144.50666666666666	144.44	144.42	144.48	144.5	144.47333333333333	144.54	144.48666666666668	144.54	144.33333333333334	144.4	144.35333333333332	144.47333333333333	144.53333333333333	144.44666666666666	144.5	144.54666666666665	144.41333333333333	144.40666666666667	144.36	144.40666666666667	144.48	144.54666666666665	144.56666666666666	144.48	144.42666666666668	144.44	144.37333333333333	144.43333333333334	144.31333333333333	144.44666666666666	144.18666666666667	143.8	142.18	135.26666666666668	0.0
0.0	135.0	142.28666666666666	143.92	144.48	144.5	144.49333333333334	144.49333333333334	144.61333333333334	144.68	144.56	144.76666666666668	144.48666666666668	144.58666666666667	144.69333333333333	144.58666666666667	144.62	144.64666666666668	144.54	144.61333333333334	144.66666666666666	144.62	144.59333333333333	144.6	144.59333333333333	144.59333333333333	144.52	144.58	144.67333333333335	144.64	144.67333333333335	144.57333333333332	144.62666666666667	144.61333333333334	144.54	144.6	144.59333333333333	144.63333333333333	144.68	144.62	144.59333333333333	144.58666666666667	144.62	144.62	144.58	144.54666666666665	144.58	144.66666666666666	144.50666666666666	144.59333333333333	144.53333333333333	144.49333333333334	144.74666666666667	144.7	144.7	144.54	144.58666666666667	144.58	144.54	144.59333333333333	144.68666666666667	144.66666666666666	144.8	144.71333333333334	144.67333333333335	144.66666666666666	144.56666666666666	144.54	144.40666666666667	143.98	142.42	135.36	0.0
0.0	135.10666666666665	142.39333333333335	143.89333333333335	144.47333333333333	144.48666666666668	144.51333333333332	144.66	144.65333333333334	144.56666666666666	144.50666666666666	144.60666666666665	144.56	144.49333333333334	144.59333333333333	144.46	144.57333333333332	144.57333333333332	144.63333333333333	144.66	144.63333333333333	144.56666666666666	144.68	144.57333333333332	144.58	144.55333333333334	144.5	144.50666666666666	144.51333333333332	144.48666666666668	144.54666666666665	144.59333333333333	144.63333333333333	144.56666666666666	144.54	144.60666666666665	144.56666666666666	144.49333333333334	144.60666666666665	144.62	144.61333333333334	144.56	144.68666666666667	144.61333333333334	144.56	144.57333333333332	144.59333333333333	144.65333333333334	144.53333333333333	144.58666666666667	144.58666666666667	144.68666666666667	144.62	144.66	144.58666666666667	144.60666666666665	144.64666666666668	144.61333333333334	144.54	144.64666666666668	144.49333333333334	144.6	144.52666666666667	144.56	144.47333333333333	144.51333333333332	144.56666666666666	144.46	144.38	144.04	142.4	135.4	0.0
0.0	135.26666666666668	142.37333333333333	143.94666666666666	144.45333333333335	144.46666666666667	144.45333333333335	144.40666666666667	144.50666666666666	144.56	144.42	144.64666666666668	144.66666666666666	144.62666666666667	144.52666666666667	144.65333333333334	144.56	144.52	144.58	144.54666666666665	144.58	144.48	144.51333333333332	144.54	144.66666666666666	144.48666666666668	144.56	144.56666666666666	144.61333333333334	144.58666666666667	144.49333333333334	144.53333333333333	144.6	144.55333333333334	144.58666666666667	144.62	144.48	144.57333333333332	144.53333333333333	144.5	144.57333333333332	144.52666666666667	144.59333333333333	144.52666666666667	144.66	144.56666666666666	144.70666666666668	144.76	144.56	144.63333333333333	144.49333333333334	144.6	144.64	144.47333333333333	144.42	144.56666666666666	144.51333333333332	144.52666666666667	144.50666666666666	144.5	144.45333333333335	144.5	144.59333333333333	144.60666666666665	144.65333333333334	144.60666666666665	144.64	144.59333333333333	144.37333333333333	143.72	142.14	135.08666666666667	0.0
0.0	135.22	142.19333333333333	143.78666666666666	144.34666666666666	144.44	144.54666666666665	144.59333333333333	144.65333333333334	144.53333333333333	144.48666666666668	144.56666666666666	144.53333333333333	144.65333333333334	144.72	144.56666666666666	144.42	144.54	144.47333333333333	144.47333333333333	144.47333333333333	144.59333333333333	144.50666666666666	144.56666666666666	144.53333333333333	144.45333333333335	144.45333333333335	144.42	144.36	144.43333333333334	144.48666666666668	144.48	144.51333333333332	144.62666666666667	144.54	144.62	144.65333333333334	144.52	144.52666666666667	144.48	144.50666666666666	144.58	144.54666666666665	144.52666666666667	144.48	144.44666666666666	144.56	144.42666666666668	144.54	144.50666666666666	144.54	144.45333333333335	144.54	144.52666666666667	144.53333333333333	144.53333333333333	144.60666666666665	144.46	144.42	144.46666666666667	144.58	144.46	144.6	144.50666666666666	144.58	144.53333333333333	144.68666666666667	144.49333333333334	144.22666666666666	143.82666666666665	142.32	135.36666666666667	0.0
0.0	135.24	142.06666666666666	143.84666666666666	144.32666666666665	144.36	144.54666666666665	144.72	144.64	144.7	144.65333333333334	144.5	144.50666666666666	144.50666666666666	144.58	144.7	144.46	144.46666666666667	144.57333333333332	144.60666666666665	144.50666666666666	144.64666666666668	144.60666666666665	144.59333333333333	144.6	144.50666666666666	144.56	144.63333333333333	144.74	144.58	144.61333333333334	144.50666666666666	144.60666666666665	144.50666666666666	144.62	144.70666666666668	144.62666666666667	144.53333333333333	144.57333333333332	144.54	144.68666666666667	144.7	144.61333333333334	144.64666666666668	144.59333333333333	144.47333333333333	144.51333333333332	144.55333333333334	144.58666666666667	144.56	144.62666666666667	144.66666666666666	144.63333333333333	144.63333333333333	144.57333333333332	144.6	144.61333333333334	144.61333333333334	144.6	144.56666666666666	144.72666666666666	144.60666666666665	144.61333333333334	144.52	144.63333333333333	144.72666666666666	144.56666666666666	144.55333333333334	144.41333333333333	144.04	142.50666666666666	135.36	0.0
0.0	135.26	142.43333333333334	143.86	144.34	144.48	144.53333333333333	144.54666666666665	144.53333333333333	144.60666666666665	144.67333333333335	144.56666666666666	144.62666666666667	144.64666666666668	144.65333333333334	144.6	144.58666666666667	144.62	144.7	144.55333333333334	144.60666666666665	144.74	144.66	144.46	144.66666666666666	144.63333333333333	144.67333333333335	144.52	144.65333333333334	144.65333333333334	144.6	144.72	144.78666666666666	144.64666666666668	144.78666666666666	144.69333333333333	144.75333333333333	144.73333333333332	144.53333333333333	144.57333333333332	144.51333333333332	144.62	144.82666666666665	144.61333333333334	144.52	144.71333333333334	144.53333333333333	144.60666666666665	144.66	144.58666666666667	144.62	144.74	144.58666666666667	144.7	144.72	144.56666666666666	144.65333333333334	144.71333333333334	144.54666666666665	144.64	144.68	144.58	144.5	144.58	144.56666666666666	144.60666666666665	144.72	144.51333333333332	144.35333333333332	144.08	142.54666666666665	135.31333333333333	0.0
0.0	135.06666666666666	142.27333333333334	143.86666666666667	144.12	144.35333333333332	144.40666666666667	144.32666666666665	144.32	144.44	144.56	144.39333333333335	144.45333333333335	144.46	144.36666666666667	144.38	144.41333333333333	144.49333333333334	144.45333333333335	144.46	144.44666666666666	144.49333333333334	144.51333333333332	144.43333333333334	144.49333333333334	144.39333333333335	144.48666666666668	144.32666666666665	144.46666666666667	144.48666666666668	144.27333333333334	144.41333333333333	144.38666666666666	144.42	144.43333333333334	144.44	144.40666666666667	144.45333333333335	144.4	144.36	144.45333333333335	144.44666666666666	144.49333333333334	144.38	144.43333333333334	144.31333333333333	144.35333333333332	144.44	144.34666666666666	144.46666666666667	144.42666666666668	144.36666666666667	144.42666666666668	144.36	144.46	144.30666666666667	144.42	144.27333333333334	144.24	144.48	144.33333333333334	144.48666666666668	144.46666666666667	144.36	144.36666666666667	144.36	144.36666666666667	144.41333333333333	144.25333333333333	143.80666666666667	142.31333333333333	135.26	0.0
0.0	135.23333333333332	142.44666666666666	143.95333333333335	144.26666666666668	144.49333333333334	144.66	144.5	144.43333333333334	144.52666666666667	144.45333333333335	144.54	144.6	144.73333333333332	144.56	144.59333333333333	144.58	144.55333333333334	144.53333333333333	144.64	144.55333333333334	144.63333333333333	144.58666666666667	144.64	144.52666666666667	144.59333333333333	144.66	144.58666666666667	144.44	144.48666666666668	144.7	144.50666666666666	144.45333333333335	144.47333333333333	144.6	144.58	144.56	144.54666666666665	144.54	144.69333333333333	144.57333333333332	144.58	144.63333333333333	144.52	144.55333333333334	144.63333333333333	144.56	144.46666666666667	144.6	144.56	144.51333333333332	144.49333333333334	144.51333333333332	144.58666666666667	144.66	144.52666666666667	144.62	144.54666666666665	144.45333333333335	144.56666666666666	144.55333333333334	144.5	144.5	144.58666666666667	144.58	144.53333333333333	144.50666666666666	144.48	144.34666666666666	143.87333333333333	142.33333333333334	135.38666666666666	0.0
0.0	135.45333333333335	142.44666666666666	144.02666666666667	144.52	144.56666666666666	144.5	144.60666666666665	144.62	144.61333333333334	144.78666666666666	144.59333333333333	144.65333333333334	144.74	144.66	144.66	144.66666666666666	144.69333333333333	144.60666666666665	144.59333333333333	144.58666666666667	144.66	144.62	144.62666666666667	144.59333333333333	144.56666666666666	144.56666666666666	144.65333333333334	144.68666666666667	144.66666666666666	144.61333333333334	144.69333333333333	144.68	144.77333333333334	144.61333333333334	144.71333333333334	144.6	144.56	144.5	144.59333333333333	144.60666666666665	144.55333333333334	144.57333333333332	144.6	144.68	144.60666666666665	144.65333333333334	144.58666666666667	144.51333333333332	144.44	144.60666666666665	144.73333333333332	144.66	144.66666666666666	144.49333333333334	144.68	144.74666666666667	144.62	144.82	144.64	144.65333333333334	144.68	144.64666666666668	144.57333333333332	144.67333333333335	144.61333333333334	144.7	144.60666666666665	144.50666666666666	144.02666666666667	142.56666666666666	135.44666666666666	0.0
0.0	135.13333333333333	142.32	144.09333333333333	144.44666666666666	144.52	144.64666666666668	144.6	144.74	144.74666666666667	144.76	144.8	144.68	144.56666666666666	144.72	144.50666666666666	144.7	144.64	144.66666666666666	144.66666666666666	144.75333333333333	144.54	144.66	144.49333333333334	144.68666666666667	144.72666666666666	144.76666666666668	144.54666666666665	144.59333333333333	144.68666666666667	144.59333333333333	144.52666666666667	144.54666666666665	144.49333333333334	144.68	144.65333333333334	144.64	144.68	144.59333333333333	144.72666666666666	144.68	144.70666666666668	144.68	144.58666666666667	144.56666666666666	144.58	144.54	144.69333333333333	144.52666666666667	144.48666666666668	144.43333333333334	144.56666666666666	144.52666666666667	144.50666666666666	144.6	144.6	144.56	144.52666666666667	144.55333333333334	144.51333333333332	144.70666666666668	144.78666666666666	144.66666666666666	144.76666666666668	144.64666666666668	144.56666666666666	144.72666666666666	144.59333333333333	144.24	143.97333333333333	142.63333333333333	135.18666666666667	0.0
0.0	135.39333333333335	142.42	143.72666666666666	144.13333333333333	144.47333333333333	144.43333333333334	144.46666666666667	144.43333333333334	144.58	144.44666666666666	144.53333333333333	144.39333333333335	144.45333333333335	144.56	144.59333333333333	144.52666666666667	144.45333333333335	144.52	144.65333333333334	144.42666666666668	144.47333333333333	144.53333333333333	144.55333333333334	144.46	144.50666666666666	144.51333333333332	144.55333333333334	144.55333333333334	144.47333333333333	144.52	144.56666666666666	144.5	144.47333333333333	144.49333333333334	144.6	144.51333333333332	144.44666666666666	144.39333333333335	144.50666666666666	144.54	144.71333333333334	144.55333333333334	144.58666666666667	144.58	144.53333333333333	144.37333333333333	144.49333333333334	144.45333333333335	144.61333333333334	144.57333333333332	144.53333333333333	144.62	144.59333333333333	144.66666666666666	144.52	144.53333333333333	144.51333333333332	144.46666666666667	144.48666666666668	144.51333333333332	144.56	144.54666666666665	144.48666666666668	144.42	144.46	144.52666666666667	144.38	144.35333333333332	143.74	142.22	135.36666666666667	0.0
0.0	134.56	142.34666666666666	143.83333333333334	144.38666666666666	144.61333333333334	144.58	144.54666666666665	144.51333333333332	144.59333333333333	144.5	144.56666666666666	144.49333333333334	144.49333333333334	144.48	144.59333333333333	144.61333333333334	144.48666666666668	144.58	144.6	144.59333333333333	144.67333333333335	144.64666666666668	144.74	144.68666666666667	144.58666666666667	144.61333333333334	144.68	144.51333333333332	144.62666666666667	144.54	144.66	144.54	144.52666666666667	144.65333333333334	144.7	144.65333333333334	144.64666666666668	144.64666666666668	144.6	144.54	144.59333333333333	144.62	144.58	144.56	144.54666666666665	144.6	144.62	144.5	144.51333333333332	144.60666666666665	144.52666666666667	144.47333333333333	144.62666666666667	144.60666666666665	144.60666666666665	144.60666666666665	144.51333333333332	144.40666666666667	144.44	144.43333333333334	144.50666666666666	144.54666666666665	144.62666666666667	144.62	144.49333333333334	144.44	144.36	144.39333333333335	144.01333333333332	142.43333333333334	135.28	0.0
0.0	135.06	142.24666666666667	143.72666666666666	144.18	144.38666666666666	144.46	144.56666666666666	144.43333333333334	144.47333333333333	144.48666666666668	144.57333333333332	144.45333333333335	144.39333333333335	144.47333333333333	144.47333333333333	144.50666666666666	144.54666666666665	144.4	144.48666666666668	144.42666666666668	144.47333333333333	144.42	144.51333333333332	144.49333333333334	144.44	144.36	144.49333333333334	144.56	144.5	144.53333333333333	144.6	144.36	144.46	144.5	144.53333333333333	144.48	144.57333333333332	144.54666666666665	144.48	144.62666666666667	144.5	144.6	144.5	144.51333333333332	144.57333333333332	144.46	144.41333333333333	144.53333333333333	144.44	144.47333333333333	144.42666666666668	144.48666666666668	144.46666666666667	144.35333333333332	144.46	144.54	144.58	144.56666666666666	144.6	144.56666666666666	144.49333333333334	144.41333333333333	144.34	144.42	144.46666666666667	144.46666666666667	144.26666666666668	144.26	143.82666666666665	142.32666666666665	135.37333333333333	0.0
0.0	135.28	142.48666666666668	143.9	144.28	144.55333333333334	144.67333333333335	144.51333333333332	144.50666666666666	144.53333333333333	144.6	144.50666666666666	144.6	144.52	144.46	144.55333333333334	144.58	144.62	144.46	144.50666666666666	144.49333333333334	144.55333333333334	144.68	144.68666666666667	144.56666666666666	144.58666666666667	144.58666666666667	144.52	144.52	144.76666666666668	144.51333333333332	144.56	144.61333333333334	144.5	144.50666666666666	144.60666666666665	144.53333333333333	144.52666666666667	144.52666666666667	144.52	144.57333333333332	144.46666666666667	144.51333333333332	144.56666666666666	144.50666666666666	144.45333333333335	144.53333333333333	144.59333333333333	144.55333333333334	144.4	144.59333333333333	144.68666666666667	144.63333333333333	144.56666666666666	144.58	144.42	144.57333333333332	144.53333333333333	144.54666666666665	144.66	144.52	144.42666666666668	144.62	144.52666666666667	144.64	144.6	144.45333333333335	144.32	144.4	143.94	142.34666666666666	135.48	0.0
0.0	135.46	142.34666666666666	143.74666666666667	144.28	144.27333333333334	144.25333333333333	144.35333333333332	144.38	144.36	144.38666666666666	144.36	144.38666666666666	144.44	144.32	144.37333333333333	144.43333333333334	144.46	144.4	144.46	144.46	144.40666666666667	144.45333333333335	144.4	144.48666666666668	144.38	144.42	144.44666666666666	144.36666666666667	144.47333333333333	144.50666666666666	144.42	144.38	144.38	144.47333333333333	144.57333333333332	144.44	144.47333333333333	144.47333333333333	144.50666666666666	144.41333333333333	144.42	144.34666666666666	144.38	144.5	144.4	144.41333333333333	144.37333333333333	144.35333333333332	144.50666666666666	144.44666666666666	144.36	144.37333333333333	144.35333333333332	144.34666666666666	144.37333333333333	144.54	144.46666666666667	144.48	144.44	144.24666666666667	144.43333333333334	144.49333333333334	144.46	144.38	144.45333333333335	144.34	144.31333333333333	144.24	143.84	142.33333333333334	135.38	0.0
0.0	135.28666666666666	142.6	144.00666666666666	144.38666666666666	144.61333333333334	144.64666666666668	144.75333333333333	144.66666666666666	144.75333333333333	144.68	144.6	144.62	144.67333333333335	144.53333333333333	144.74666666666667	144.72666666666666	144.57333333333332	144.54666666666665	144.62	144.68	144.65333333333334	144.76	144.70666666666668	144.62	144.64	144.74666666666667	144.74666666666667	144.82	144.66666666666666	144.57333333333332	144.66666666666666	144.74	144.72666666666666	144.7	144.68	144.72666666666666	144.66666666666666	144.62666666666667	144.66666666666666	144.8	144.62666666666667	144.60666666666665	144.56666666666666	144.72666666666666	144.64	144.58666666666667	144.54	144.65333333333334	144.69333333333333	144.72666666666666	144.52666666666667	144.72666666666666	144.53333333333333	144.6	144.75333333333333	144.74666666666667	144.73333333333332	144.58	144.75333333333333	144.73333333333332	144.54	144.58	144.74	144.7	144.6	144.59333333333333	144.59333333333333	144.46	144.03333333333333	142.46	135.20666666666668	0.0
0.0	135.18666666666667	142.48	144.03333333333333	144.48	144.46666666666667	144.48	144.53333333333333	144.43333333333334	144.49333333333334	144.53333333333333	144.56	144.58	144.74666666666667	144.74	144.64	144.48	144.66666666666666	144.66	144.59333333333333	144.54	144.60666666666665	144.65333333333334	144.52	144.49333333333334	144.66	144.48666666666668	144.52	144.48666666666668	144.57333333333332	144.56	144.52666666666667	144.54666666666665	144.48666666666668	144.6	144.48	144.50666666666666	144.45333333333335	144.54666666666665	144.6	144.58666666666667	144.7	144.56	144.52	144.6	144.52666666666667	144.50666666666666	144.61333333333334	144.52666666666667	144.49333333333334	144.46666666666667	144.55333333333334	144.52	144.54	144.52	144.45333333333335	144.47333333333333	144.56	144.64	144.57333333333332	144.62666666666667	144.60666666666665	144.52	144.51333333333332	144.54	144.44666666666666	144.50666666666666	144.5	144.26666666666668	143.86	142.44666666666666	135.28	0.0
0.0	135.44	142.54	144.04666666666665	144.36	144.42666666666668	144.53333333333333	144.50666666666666	144.52	144.62	144.45333333333335	144.49333333333334	144.51333333333332	144.47333333333333	144.56666666666666	144.65333333333334	144.54666666666665	144.53333333333333	144.52666666666667	144.65333333333334	144.74666666666667	144.55333333333334	144.54666666666665	144.66666666666666	144.57333333333332	144.6	144.51333333333332	144.62666666666667	144.62	144.62	144.6	144.54666666666665	144.60666666666665	144.63333333333333	144.62666666666667	144.57333333333332	144.6	144.47333333333333	144.52	144.49333333333334	144.32666666666665	144.48666666666668	144.52	144.52666666666667	144.55333333333334	144.57333333333332	144.58666666666667	144.52666666666667	144.43333333333334	144.60666666666665	144.58666666666667	144.59333333333333	144.57333333333332	144.70666666666668	144.71333333333334	144.5	144.44666666666666	144.59333333333333	144.62666666666667	144.59333333333333	144.58	144.57333333333332	144.51333333333332	144.66	144.54	144.60666666666665	144.69333333333333	144.60666666666665	144.36666666666667	143.98	142.3	135.52	0.0
0.0	135.29333333333332	142.17333333333335	144.02666666666667	144.38	144.54	144.72	144.74	144.61333333333334	144.68666666666667	144.62	144.68666666666667	144.61333333333334	144.55333333333334	144.66666666666666	144.70666666666668	144.78666666666666	144.59333333333333	144.57333333333332	144.71333333333334	144.67333333333335	144.81333333333333	144.57333333333332	144.82	144.69333333333333	144.81333333333333	144.68666666666667	144.64	144.71333333333334	144.64666666666668	144.64	144.64666666666668	144.62	144.76	144.6	144.69333333333333	144.77333333333334	144.72	144.79333333333332	144.54666666666665	144.54	144.68	144.58	144.68	144.69333333333333	144.67333333333335	144.65333333333334	144.78	144.64	144.64666666666668	144.64666666666668	144.82	144.85333333333332	144.77333333333334	144.68	144.71333333333334	144.69333333333333	144.73333333333332	144.72	144.57333333333332	144.64666666666668	144.56666666666666	144.59333333333333	144.68	144.74	144.64	144.66666666666666	144.42666666666668	144.43333333333334	143.98666666666668	142.58	135.38	0.0
0.0	135.44666666666666	142.48666666666668	144.04	144.64	144.58666666666667	144.58	144.6	144.46	144.72	144.64	144.64666666666668	144.67333333333335	144.67333333333335	144.60666666666665	144.68666666666667	144.66	144.66	144.73333333333332	144.64	144.64	144.76	144.63333333333333	144.49333333333334	144.64	144.73333333333332	144.75333333333333	144.78	144.64666666666668	144.68	144.77333333333334	144.72	144.66	144.56	144.80666666666667	144.59333333333333	144.60666666666665	144.81333333333333	144.64	144.68	144.71333333333334	144.60666666666665	144.62	144.61333333333334	144.54	144.63333333333333	144.56666666666666	144.71333333333334	144.68	144.60666666666665	144.56666666666666	144.60666666666665	144.56	144.55333333333334	144.53333333333333	144.66	144.57333333333332	144.66	144.75333333333333	144.82	144.68666666666667	144.66666666666666	144.59333333333333	144.68	144.64666666666668	144.69333333333333	144.61333333333334	144.48	144.42	144.09333333333333	142.56	135.15333333333334	0.0
0.0	135.32666666666665	142.37333333333333	143.71333333333334	144.23333333333332	144.41333333333333	144.42	144.60666666666665	144.74666666666667	144.74666666666667	144.72	144.62	144.58	144.64	144.64666666666668	144.54666666666665	144.48	144.66	144.56666666666666	144.80666666666667	144.70666666666668	144.57333333333332	144.6	144.49333333333334	144.53333333333333	144.74	144.62	144.58	144.59333333333333	144.54	144.58	144.57333333333332	144.57333333333332	144.52666666666667	144.67333333333335	144.62	144.53333333333333	144.56666666666666	144.62666666666667	144.62	144.67333333333335	144.65333333333334	144.50666666666666	144.48	144.58666666666667	144.68666666666667	144.58	144.42	144.56	144.62666666666667	144.52	144.67333333333335	144.54666666666665	144.59333333333333	144.64666666666668	144.55333333333334	144.62666666666667	144.44666666666666	144.52666666666667	144.71333333333334	144.52	144.52	144.58	144.50666666666666	144.55333333333334	144.55333333333334	144.52666666666667	144.42666666666668	144.36666666666667	143.93333333333334	142.5	135.18	0.0
0.0	135.38	142.51333333333332	143.92	144.54	144.48666666666668	144.53333333333333	144.43333333333334	144.42666666666668	144.54666666666665	144.48666666666668	144.48	144.44	144.42	144.40666666666667	144.43333333333334	144.59333333333333	144.56	144.52666666666667	144.53333333333333	144.65333333333334	144.58	144.62666666666667	144.55333333333334	144.58	144.55333333333334	144.48666666666668	144.60666666666665	144.53333333333333	144.45333333333335	144.52	144.56	144.40666666666667	144.66	144.58666666666667	144.53333333333333	144.56	144.62	144.58	144.61333333333334	144.54	144.44666666666666	144.52666666666667	144.36666666666667	144.57333333333332	144.62666666666667	144.47333333333333	144.48	144.51333333333332	144.62666666666667	144.51333333333332	144.56666666666666	144.44666666666666	144.38666666666666	144.56	144.46	144.48	144.43333333333334	144.56666666666666	144.44	144.57333333333332	144.40666666666667	144.50666666666666	144.5	144.41333333333333	144.51333333333332	144.58	144.30666666666667	144.06666666666666	143.8	142.28	135.13333333333333	0.0
0.0	135.24	142.28	144.0	144.37333333333333	144.47333333333333	144.5	144.58	144.45333333333335	144.45333333333335	144.72	144.54666666666665	144.5	144.49333333333334	144.44666666666666	144.39333333333335	144.50666666666666	144.59333333333333	144.43333333333334	144.41333333333333	144.49333333333334	144.67333333333335	144.62666666666667	144.52	144.56	144.60666666666665	144.42	144.58666666666667	144.48	144.55333333333334	144.58666666666667	144.6	144.65333333333334	144.52	144.55333333333334	144.56	144.46666666666667	144.46666666666667	144.4	144.49333333333334	144.54666666666665	144.50666666666666	144.49333333333334	144.46	144.53333333333333	144.68	144.47333333333333	144.46666666666667	144.52	144.57333333333332	144.57333333333332	144.62666666666667	144.64666666666668	144.62666666666667	144.68666666666667	144.49333333333334	144.59333333333333	144.52	144.58	144.56	144.42	144.44	144.58	144.51333333333332	144.51333333333332	144.58666666666667	144.35333333333332	144.39333333333335	144.24666666666667	143.78666666666666	142.24666666666667	135.36	0.0
